coin,address,n_in,total_in,total_in_usd,n_out,total_out,total_out_usd,first_active,last_active
BTC,1PwLHDxEKz8vfEqZZi78fuuvNfMcKBG3Tw,18,0.00749422,642.58,18,0.00749422,641.71,2024-11-19,2025-04-13
BTC,1Ki82Q1sAqGn2sxzRxN2cEzxKjqYb9guvF,3,0.00126184,124.8,3,0.00126184,125.82,2025-01-15,2025-02-21
BTC,1QCLRix1zBMoKVJMwncLRTWpv33emZx3j4,95,0.1144483,10007.17,95,0.1144483,10002.9,2024-10-05,2025-05-13
BTC,1LmFEV1A1PC3UYhPPVpscnqYFsmDuaCZAA,11,0.00368505,329.15,11,0.00368505,324.25,2024-12-11,2025-04-03
BTC,1PYXNKPTinsYwF9p1QEAXcfNkbmNd1mJbp,6,0.00423824,405.66,6,0.00423824,401.91,2024-11-27,2025-03-19
BTC,16o1ddUFuxzNfX7uWnDauzbEmytndSw1bs,1,0.0008408,80.44,1,0.0008408,82.65,2025-02-19,2025-02-21
BTC,1Mx5wznuwKnDSJ5VDMwoZVNZJmkdEdtGXX,122,0.02284858,1942.65,122,0.02284858,1943.55,2024-10-07,2025-03-04
BTC,1K1JNADhiCGwYjVmQ3SyXBFephKX2JBQfy,1,0.00048491,46.86,1,0.00048491,47.67,2025-02-20,2025-02-21
BTC,18uxsR6jKqRB42G2hWufouBTqQsEd8kxe2,70,0.03144937,2680.14,70,0.03144937,2690.25,2024-10-05,2025-05-13
BTC,1FSvXEf5Zvac4jaToxgJn9LG99pzo71CVU,5,0.00138845,140.88,5,0.00138845,141.61,2025-01-24,2025-02-21
BTC,13WyrmhkmaEXtjESTrzHr3nodhwrVsfsBp,35,0.010437,948.4,35,0.010437,946.78,2024-11-23,2025-05-10
BTC,1KhKBNzBxr9QVaFcdbaZZZi5ji95pS5XdB,1,8.141e-05,8.0,1,8.141e-05,8.0,2025-02-21,2025-02-21
BTC,13AtLtphpHavpHknhZSYVnYYyRwtK82nBt,1,0.00076166,74.87,1,0.00076166,74.87,2025-02-21,2025-02-21
BTC,16Zupbmmp4jDejFtBQ41ztP6srHy9ePUx5,30,0.01094432,1010.09,30,0.01094432,1006.46,2024-10-06,2025-04-29
BTC,1NZggBvNt7mn2GdD28EYgYKKj86CCw7XAc,12,0.00515914,419.69,12,0.00515914,420.93,2024-10-04,2025-02-21
BTC,17SJiNsYup7EijEsBh95yKpbizP6A5wHxW,21,0.01120329,922.88,21,0.01120329,914.59,2024-10-09,2025-03-11
BTC,1H6YumLQGaCy6RnZY5tN3mnM1oyUerioQt,6,0.00264288,261.59,6,0.00264288,252.96,2025-01-23,2025-03-14
BTC,1HUPrYEqhcY8UYnoU6yUjbfatNcrVJ76bo,20,0.01050265,983.76,20,0.01050265,974.51,2025-01-23,2025-03-19
BTC,1H3XuEj68JAZJ4TzZ9gZnnypdysxJp344P,21,0.0077025,667.58,21,0.0077025,664.63,2024-10-23,2025-05-13
BTC,1A6P5BAa94WPGfhQPwwoQyPfJnnTub7Zsm,6,0.00467134,442.18,6,0.00467134,447.8,2025-01-08,2025-03-21
BTC,1GYA94MCTwTEFiUNRtXia7ZDNdTrvYFxwn,10,0.00227759,211.78,10,0.00227759,211.74,2024-12-06,2025-04-20
BTC,18HWNfFCvqfBxP2Nj5AgFGQqGgSz47iziH,1,0.00093838,92.25,1,0.00093838,92.25,2025-02-21,2025-02-21
BTC,1Kr3bKPpJjpDNUxHtisVLE25qoA1f6iNtt,22,0.01406099,1270.62,22,0.01406099,1270.59,2024-11-05,2025-04-20
BTC,1FC5t7uBB3oYuKKLreqSAAFM7GTBzXRiKr,5,0.00127888,124.04,5,0.00127888,124.18,2024-12-28,2025-04-29
BTC,1L8u5LisLwJanupibUstXUxfZxB378dTc9,27,0.04332233,4136.28,27,0.04332233,4153.97,2024-11-18,2025-05-10
BTC,18crftZBjDfe1HddkNLdGeNBvWJoxWMgMw,1,0.00033619,35.15,1,0.00033619,35.15,2025-01-19,2025-01-19
BTC,14ZKCpEeoYR7qLbKabuu19yjnPEQbPhnZB,1,6.222e-05,6.48,1,6.222e-05,6.51,2025-01-18,2025-01-19
BTC,1Li2bjVMyfSq2fxWoP7o8kkeWY6Y5bxWzy,1,8.605e-05,9.0,1,8.605e-05,9.0,2025-01-19,2025-01-19
BTC,12HHhDdmbfZZgZydQS1SuTzruWZ5wJH8TP,1,0.000712,74.44,1,0.000712,74.44,2025-01-19,2025-01-19
BTC,13YUYbE9rVwULNrkhaJcND3o4rxyaW7wbY,1,0.00046649,48.77,1,0.00046649,48.77,2025-01-19,2025-01-19
BTC,1NYF1iMuyhwANwAaz9jbd3Zjcbfy9AkV6b,22,0.01328321,1270.06,22,0.01328321,1271.14,2024-11-29,2025-05-13
BTC,12HfoXwwbpomzj28GE2GHx7VefxuJwEdXJ,1,0.00033709,35.08,1,0.00033709,35.24,2025-01-18,2025-01-19
BTC,1Ck3UD7meGEeguFVcHC57N3ccoixWHoJCu,1,9.909e-05,10.36,1,9.909e-05,10.36,2025-01-19,2025-01-19
BTC,1GbFu6uVwKgxahHcopfewfyZxfMyxnjYPk,18,0.01965782,1894.45,18,0.01965782,1881.99,2025-01-02,2025-04-20
BTC,13a38P7FondifPwi5bWZwAd8TfrwDZf1hB,1,0.00011439,11.96,1,0.00011439,11.96,2025-01-19,2025-01-19
BTC,1BmXPsBxUpNapFfcQ1KM4jpocUM4TJstE3,1,0.00013197,13.8,1,0.00013197,13.8,2025-01-19,2025-01-19
BTC,1DB9wpvLzVMqK3ZYH2JXGjUC1PF41p1adY,27,0.02465347,2450.83,27,0.02465347,2476.88,2024-12-22,2025-02-14
BTC,17SbbRDPabPmk1TkMUJmpnTgvKiF9ne7ef,1,0.00036493,38.16,1,0.00036493,38.16,2025-01-19,2025-01-19
BTC,1BbhfrmxirBoqYutGEZh6mzsgYVUbGC4rD,1,0.00038774,40.54,1,0.00038774,40.54,2025-01-19,2025-01-19
BTC,19K81QExwFJYkf75thcsZw8298h7x3eq42,1,0.00011804,12.34,1,0.00011804,12.34,2025-01-19,2025-01-19
BTC,1K6XyCQniX5buNzq1XHDiJz2p6Jkrb5nMy,7,0.00324742,296.11,7,0.00324742,296.26,2024-10-24,2025-05-01
BTC,175YT78twJ6zfsdttupAnhXCp8d9zj1svc,7,0.00161136,155.73,7,0.00161136,156.86,2025-01-12,2025-04-29
BTC,1Fpx2Wgf4MGJrEbvB3SWocgde7chqHpuNu,1,0.00024956,26.09,1,0.00024956,26.09,2025-01-19,2025-01-19
BTC,1J67CfM3aETXwujDMjVv53Ktn3Pb5EZbpV,9,0.00219092,208.84,9,0.00219092,208.7,2024-12-28,2025-03-03
BTC,1BErziemeFvWg5TStK4x66WDBHSzUjGhhm,3,0.00090401,90.71,3,0.00090401,90.98,2025-01-18,2025-05-01
BTC,1Dco8jmnjXcic2o2n3uPQYQWe3PS4GKoE2,2,0.00341638,353.28,2,0.00341638,356.79,2025-01-17,2025-01-19
BTC,1NmDLGtaaD1DEvxc5EjKzzDMq5s1iVm4YT,3,0.00266921,272.99,3,0.00266921,273.75,2025-01-19,2025-02-03
BTC,1ChDnYkVg3Y1VqeP8QRF311ujYiusyfrJB,21,0.00671045,664.55,21,0.00671045,673.37,2025-01-02,2025-02-14
BTC,1PpEL7zc5RD7Fsqub17i7BZXuFwiTsWURE,1,0.0005783,60.19,1,0.0005783,60.46,2025-01-18,2025-01-19
BTC,1GNKH1G3JNUYVvfHKyPRet8jbkUTvtAAsX,1,0.00015228,15.92,1,0.00015228,15.92,2025-01-19,2025-01-19
BTC,1Cy6SJa6dgrM7xSCnmNa5vjWYPy72ND8un,23,0.00428098,404.42,23,0.00428098,405.07,2024-11-12,2025-04-13
BTC,1QDHVMsGjUzxkukstgYP7J4BQEvS4MazJ7,10,0.00081,77.76,10,0.00081,78.31,2025-01-08,2025-01-22
BTC,18bewNdMyko5xX1wGcEekXcaRqVHaMcsPK,1,0.00020579,21.52,1,0.00020579,21.52,2025-01-19,2025-01-19
BTC,17uEcv3z81rpxV3n7zXTpCvDyPn1T5HM1x,1,0.00024778,25.91,1,0.00024778,25.91,2025-01-19,2025-01-19
BTC,1MXu4ZFhw7n2aJBwE9Qbs31A1m5FMXi11y,17,0.01274016,1146.69,17,0.01274016,1141.27,2025-01-13,2025-04-10
BTC,1CF5edaSwRUSF1CCcEUp7cTzDk5fh22hNk,1,0.00034242,35.8,1,0.00034242,35.8,2025-01-19,2025-01-19
BTC,1NVZ6j71Nqtxv74GtTeYsqgrvWVg7syY5B,1,0.0004319,45.16,1,0.0004319,45.16,2025-01-19,2025-01-19
BTC,12qCRyiMs9tYjKbhpFwDCgn5MYXhxQYoYj,1,0.00086254,90.18,1,0.00086254,90.18,2025-01-19,2025-01-19
BTC,1Lz74EQLforxXCqksfM1aHE4MGcL4yDhT3,6,0.00223895,195.99,6,0.00223895,197.64,2024-10-11,2025-01-25
BTC,12f54ENs6PVf9p8a9rvTnWtJsNGSSck4Zv,1,0.00043236,45.21,1,0.00043236,45.21,2025-01-19,2025-01-19
BTC,13zyKVvF1AR24sNMS3uajyRWbsXkU2a9m9,1,0.00011673,12.2,1,0.00011673,12.2,2025-01-19,2025-01-19
BTC,1Ag95gvZvk9LGBnnQvAsoyif7mguguoGQV,1,0.00066835,69.88,1,0.00066835,69.88,2025-01-19,2025-01-19
BTC,1N6JRWgaMpGveFSpT9aobwBz2WDAbFyNvE,4,0.00159498,163.49,4,0.00159498,163.85,2025-01-19,2025-02-03
BTC,1QJrBt4rGCgSpNA7xw7VVNJJGLbCQF9Rke,1,0.00010797,11.29,1,0.00010797,11.29,2025-01-19,2025-01-19
BTC,1JSrhTwVBrHn8UXqeHJsxsNVQeJWXsxbZ5,2,0.00048919,48.75,2,0.00048919,48.62,2024-12-10,2025-01-19
BTC,13y8xjhdFsT2PYMrthPv2BVj82soSh5eZf,1,0.00018154,18.98,1,0.00018154,18.98,2025-01-19,2025-01-19
BTC,1AZCmxbKM1nyXG8i2SH3yWSLNxNTETBdUF,1,0.00011745,12.28,1,0.00011745,12.28,2025-01-19,2025-01-19
BTC,1AfvaptHwKoaTJLSwVEteNqSzRkiagHka1,1,0.00030004,31.37,1,0.00030004,31.37,2025-01-19,2025-01-19
BTC,1EALKN2D5SgkKMYKooexMTtp9o2Vid8hNF,1,0.00052548,54.94,1,0.00052548,54.94,2025-01-19,2025-01-19
BTC,18nxUA2ukP83xggtEifVS1d4Fh14APGDps,7,0.00457883,447.94,7,0.00457883,448.44,2025-01-10,2025-04-05
BTC,13NaUTqi2jga1BqMPnq78tW8wk1MQqSxCi,10,0.0037559,357.45,10,0.0037559,361.24,2024-10-10,2025-01-19
BTC,187A23Q3vv9ft5JQ77X3sA8mKC1uV5YE2G,1,0.00038908,40.68,1,0.00038908,40.68,2025-01-19,2025-01-19
BTC,1Hmvwd6VaSnqVeiKWkqCkMuyXWqcH9KNcf,1,0.00015477,16.11,1,0.00015477,16.18,2025-01-18,2025-01-19
BTC,12unxyNzPwv2t24RVDJSj14yCnB9tjnTQ9,20,0.0173906,1456.76,20,0.0173906,1466.12,2024-10-10,2025-04-25
BTC,1MX4n1NAWTWXFM5A1gAoHBy8gU3RbpnfL8,3,0.000799,75.56,3,0.000799,75.53,2025-01-12,2025-01-14
BTC,1DyG5yYWfEG5Vqy6hiad9DFea567s1aooG,6,0.00159575,118.76,6,0.00159575,118.57,2024-10-09,2025-01-22
BTC,1FvU7NWsc33kTfxKkNXmBKUr7SpqwihYj8,15,0.01644293,1484.55,15,0.01644293,1489.22,2025-01-01,2025-04-07
BTC,1Pff84qF1Ljp5LRN4dYHR4HCeMxWg3JR6T,1,8.42e-05,7.96,1,8.42e-05,7.96,2025-01-14,2025-01-14
BTC,1LhVnmttPkZXiJNL7fubCf2c7dBSj8jr23,1,0.00060358,57.1,1,0.00060358,57.06,2025-01-12,2025-01-14
BTC,1JZ26wxYkCkD9a4CyTPeXA1icAbareom1S,1,0.00122867,116.15,1,0.00122867,116.15,2025-01-14,2025-01-14
BTC,17DtAEkTqyUg6kg8R894eVfUHRnEFMyJjk,1,0.00052803,49.95,1,0.00052803,49.92,2025-01-12,2025-01-14
BTC,1PQLhqjo74xQZdCgiiAnYNoiKDzinbu89F,1,0.00059641,56.39,1,0.00059641,56.38,2025-01-13,2025-01-14
BTC,13Buu39e9uMbwPVHtfRTisn6rjcNnzZWao,1,0.00147333,139.3,1,0.00147333,139.28,2025-01-13,2025-01-14
BTC,19Ag24JoL5MGiqGGTuFLCT7FeZLTPxs9hF,3,0.00249639,236.01,3,0.00249639,236.0,2025-01-13,2025-01-14
BTC,1AvGm2w2VkgFWmGJ4FMso7tf2d2iNXTPkk,28,0.01481847,1384.82,28,0.01481847,1388.41,2024-10-06,2025-03-04
BTC,1P61jbsdnYThxpV7Y5MBbah4ieyMf34zLV,1,0.00023956,22.66,1,0.00023956,22.65,2025-01-12,2025-01-14
BTC,1HhyBp498PU84hceqSS3CErx38J9wvZNSg,8,0.00357568,287.75,8,0.00357568,289.43,2024-10-20,2025-01-22
BTC,15C1Wvw6fVQexBejLfFnyiBhfJTuwKPvzd,1,0.00067032,63.38,1,0.00067032,63.37,2025-01-13,2025-01-14
BTC,1Bce5DvPLyL5S7pF2mBgkVuVZp3g8L6KsB,1,0.00024341,23.01,1,0.00024341,23.01,2025-01-13,2025-01-14
BTC,1H5qoYqiNgn6beWYZWF2SUTDY2MUnF3idc,9,0.00324673,283.38,9,0.00324673,286.37,2024-10-19,2025-04-22
BTC,1MiNfP8ADAbDVUeTK58PDC2CenrJmPGJnA,7,0.00860603,837.27,7,0.00860603,852.74,2024-12-24,2025-02-11
BTC,16LKWFqoDrNsuNipSqucnsjYfUSpEmXoT2,2,0.00071854,67.93,2,0.00071854,67.93,2025-01-13,2025-01-14
BTC,15kWEPLHzQVc4U2cmyYB8WtT1VjpfHdnbj,1,0.0002904,27.45,1,0.0002904,27.45,2025-01-14,2025-01-14
BTC,1D3w5NyVbBPssZY2P5rRNKg8w8Wn2pf9p5,2,0.00015898,15.03,2,0.00015898,15.03,2025-01-14,2025-01-14
BTC,1Kdq6ZPH8ja4cT44tddu6jJNB6XfTkM1Fv,1,0.00056687,53.59,1,0.00056687,53.59,2025-01-13,2025-01-14
BTC,1CnbFUhkZgy8wPDZro3dWyBTrcmJvvWc5u,1,0.00047815,45.21,1,0.00047815,45.2,2025-01-13,2025-01-14
BTC,1KpAan5p5jcDx7DWgZpBqneL4igGL8mMfy,1,0.00024352,23.02,1,0.00024352,23.02,2025-01-14,2025-01-14
BTC,1JZs6gsukwGEddHrdjdocn9qGN3V4H8y2R,1,0.00060892,57.6,1,0.00060892,57.56,2025-01-12,2025-01-14
BTC,1Cgna8MhvWpHu2NnZjSTPMh2DnA62fZUF2,15,0.00742867,734.34,15,0.00742867,737.6,2024-11-25,2025-02-14
BTC,167QUUJMd74tvK5CRufneGw2QSCDKexBj9,1,0.00074158,70.11,1,0.00074158,70.11,2025-01-14,2025-01-14
BTC,1BJckVL2ipomcJUwjTQgEvxV6L2okTj1yr,1,0.00033231,31.42,1,0.00033231,31.42,2025-01-14,2025-01-14
BTC,1FV4wtgbApFGc8PBEjLDas8zrKDc6LUJAw,1,0.00024013,22.7,1,0.00024013,22.7,2025-01-13,2025-01-14
BTC,13h85zTYvhD598ejHhCWXeN3MiJs5SFqJx,1,0.00011988,11.33,1,0.00011988,11.33,2025-01-14,2025-01-14
BTC,1NAoxhjp2MvSuLHX4wnWon1V45re8ijqdc,1,0.00105326,99.57,1,0.00105326,99.57,2025-01-14,2025-01-14
BTC,1JBrKpkqXpbmSinm1TB66FVMAXza7NtMKY,1,2.51e-05,2.37,1,2.51e-05,2.37,2025-01-14,2025-01-14
BTC,1DBLiL4j6L1yqJPCH29A3zfMC2mmfp3cyN,1,0.00086283,81.62,1,0.00086283,81.57,2025-01-12,2025-01-14
BTC,1G6kk5fq8ZkBXuP2B1RbiBVrWUTszS82VA,6,0.00308993,267.57,6,0.00308993,270.65,2024-10-30,2025-01-14
BTC,1Eb7VD4YRVgfze5C7uPUa49fHrJHDfnJh9,1,0.00023865,22.56,1,0.00023865,22.56,2025-01-13,2025-01-14
BTC,15kQ2VHUvc9TwpSsCZViMZSqWMo6VuovvQ,1,0.00012038,11.38,1,0.00012038,11.38,2025-01-14,2025-01-14
BTC,15jAfh3WkGjyTnf6Y3kWZweEHDHumpqAkD,3,0.00166659,159.06,3,0.00166659,159.31,2025-01-12,2025-05-03
BTC,1K877ibARib8D5Ydc1xPQ6w4v4dA2GXm5F,1,0.00141986,134.24,1,0.00141986,134.23,2025-01-13,2025-01-14
BTC,1DSPkEzKojynnB3X86xpJMKAf8uyuA5MBD,1,0.00023477,22.19,1,0.00023477,22.19,2025-01-14,2025-01-14
BTC,1DhThPGPmWfKe1usNzd9SfWyYZeREG9vPM,2,0.00034764,34.39,2,0.00034764,32.9,2025-01-07,2025-01-14
BTC,1Msaqs8hdhZs6UmQybkaF538u37yMTMsHc,1,8.938e-05,8.45,1,8.938e-05,8.45,2025-01-13,2025-01-14
BTC,12swgV888DLZaSaLkiC1XsRbMLnC4CqKuu,1,0.00060488,57.22,1,0.00060488,57.18,2025-01-12,2025-01-14
BTC,1Du37ZLSRa2HBWhT5oDKcp8kUaRPEwmBoA,1,0.00030553,28.89,1,0.00030553,28.88,2025-01-13,2025-01-14
BTC,14YQPHBgsqLckyKuPavkHMS6iNFMDHdA7A,1,0.00077033,72.83,1,0.00077033,72.82,2025-01-13,2025-01-14
BTC,1LJE3uAZvzxysQ95YU8oqKLQ3DMVXXzDU7,1,7.667e-05,7.25,1,7.667e-05,7.25,2025-01-14,2025-01-14
BTC,1EJbf3C7cq4j7PqfgLpjtAUSyzSHnq9EGY,5,0.031354,3129.03,5,0.031354,3083.86,2025-01-07,2025-02-26
BTC,1EpHQStq9q3L52Ne84NukRArRAKaCz1maf,1,0.00040438,38.25,1,0.00040438,38.23,2025-01-12,2025-01-14
BTC,1BGBddKtztDEnBquC7iYW3eB4MfNP6AAH1,1,0.00080559,76.16,1,0.00080559,76.16,2025-01-13,2025-01-14
BTC,165S3Q6ctHACVCoJBLfRCZcihHGjGhRmZV,2,0.00070009,66.21,2,0.00070009,66.18,2025-01-12,2025-01-14
BTC,1P597aktqtSDPPkZ2yPtmcxEMmeXQG4oiw,1,0.00070977,67.11,1,0.00070977,67.1,2025-01-13,2025-01-14
BTC,18EdQ3mWbuyQEX6yKqDyGojPoUCXiaJnPG,1,0.00033053,31.25,1,0.00033053,31.25,2025-01-14,2025-01-14
BTC,15zSfojPHWiQsYRLLrr5vHB7JkukWxRmYr,1,0.00023869,22.58,1,0.00023869,22.56,2025-01-12,2025-01-14
BTC,1JL2iqTv65Tra1atYfyonh7Nj5Uk1DiADa,10,0.00983309,942.04,10,0.00983309,942.41,2024-12-12,2025-03-17
BTC,15wtsV5CuvGxJG5zMnwijV1NkXqdKxK4Ze,3,0.00119,117.59,3,0.00119,116.44,2025-01-13,2025-02-03
BTC,1BPMoHsB1arJuU7fZuAn2yVarVE2guvQUv,1,0.00021041,19.89,1,0.00021041,19.89,2025-01-13,2025-01-14
BTC,1GtKWT9qQL6wfXTBQvuyLYodivQz16TjaL,1,0.00018755,17.73,1,0.00018755,17.73,2025-01-14,2025-01-14
BTC,1MwqViNY54vLna7dQDp4QeBgos7qqDAos,60,0.05033976,4775.79,60,0.05033976,4792.13,2024-10-21,2025-03-21
BTC,1PdqsuWRReGNmhTCn8BkGGiTVzi8R94rtU,1,0.00017928,16.95,1,0.00017928,16.95,2025-01-13,2025-01-14
BTC,122MXazdWZx1UDVsAoH4ZMDKYbmkLmpzKu,1,0.00036561,34.56,1,0.00036561,34.56,2025-01-14,2025-01-14
BTC,1NfjqdpmokpVQXpp1A6R4xvMpHq1PoFvsq,5,0.00132644,131.48,5,0.00132644,134.07,2025-01-13,2025-01-18
BTC,1KReoyeBFbChRxBhLDZZ1iWtVfuvhHLUpj,13,0.00506977,461.64,13,0.00506977,462.27,2024-10-26,2025-01-14
BTC,1FEGDiTy1epqHCVAGbJJkpi95SU5RJDp8i,1,0.00098747,93.36,1,0.00098747,93.35,2025-01-13,2025-01-14
BTC,19FTTTcxK6wrzXKWUtSTCVzbfS9zhg3oNd,1,0.00138018,130.48,1,0.00138018,130.48,2025-01-14,2025-01-14
BTC,1Dr6jNNkDMiTZme1g2LSuCDhoxseXDqVh7,1,0.00083157,78.62,1,0.00083157,78.61,2025-01-13,2025-01-14
BTC,1MoLscACfRqPGyCgyGehLoM664nU5V1zed,1,8.436e-05,7.98,1,8.436e-05,7.98,2025-01-14,2025-01-14
BTC,1K6dt5CKjf4Pap6iyq4vA3gd2hs49RBwVM,9,0.00275028,251.59,9,0.00275028,249.64,2024-10-25,2025-03-01
BTC,193oax9HpW8xVY3UKVJLFs59B519cvXYku,1,0.00118458,112.06,1,0.00118458,111.99,2025-01-12,2025-01-14
BTC,1Ex2yw8tvG3xkB8iPTGQVpJTaC6htA3aR5,1,0.0001567,14.81,1,0.0001567,14.81,2025-01-14,2025-01-14
BTC,1G3y6nNswPYEBBnnf7owvbfi9ZfJCxfM9g,1,0.00021485,20.31,1,0.00021485,20.31,2025-01-13,2025-01-14
BTC,1AkWsJAPXu4xvc4hUxQ9EcRfEanjtwveeG,1,0.00060885,57.56,1,0.00060885,57.56,2025-01-13,2025-01-14
BTC,14dUxTab7ZHYstF2uTqhJEGTbk7Qr7ULTx,6,0.00136149,122.07,6,0.00136149,125.0,2025-01-14,2025-05-03
BTC,1GmLkE8JgKCn4NN1N4iaC5rQQBGebDGVQ3,16,0.00224215,214.46,16,0.00224215,215.38,2024-11-22,2025-04-06
BTC,1Jj8FEriDGQ65epxoo89PasWDwpKorNEBL,1,0.00014095,13.33,1,0.00014095,13.32,2025-01-13,2025-01-14
BTC,1NpgEpWjS7PyQe6dVeDXUSGj5sShcJmdJB,2,0.00028833,27.26,2,0.00028833,27.26,2025-01-13,2025-01-14
BTC,1PqT3fmfyHk7RL4166D1FpRo67v5cGAMfW,1,0.00040252,38.06,1,0.00040252,38.05,2025-01-13,2025-01-14
BTC,1DNNTMnkFhGkbsqRF9wjngwUS4RgkQc6zp,38,0.01044619,827.5,38,0.01044619,830.43,2024-10-22,2025-03-30
BTC,1JHfHGsomhgp9YZBwZw2arsyyyvY3Wr9S7,1,0.00021169,20.01,1,0.00021169,20.01,2025-01-14,2025-01-14
BTC,1Lsyw3aHwhp7tWKUmFa1nWMU5o5tnxm3Rv,2,0.00064857,63.23,2,0.00064857,62.23,2024-12-18,2025-01-14
BTC,14y7GcJc4YFK1SrRDfJ7DgJdC17Qq38Hbr,3,0.00063972,52.53,3,0.00063972,52.52,2024-10-10,2025-02-18
BTC,1DwroHUXG1CENusd2NcFt93pSdws2krqfz,10,0.00355062,341.79,10,0.00355062,343.02,2025-01-08,2025-01-22
BTC,15V5K8vigPqgkP8gKHqd5FBTbTMAZL9Nj2,1,0.00052788,49.9,1,0.00052788,49.9,2025-01-14,2025-01-14
BTC,1HY5PuqLCqtVa3sHvEh3cEMdDoyJKgBF5P,2,0.00154494,144.07,2,0.00154494,146.24,2025-01-10,2025-01-14
BTC,1HR8WNjwpKEUbTcxUNZfsm7ZrHRkXAgAC2,1,0.00037488,35.44,1,0.00037488,35.44,2025-01-14,2025-01-14
BTC,1FhPubNuQ2bVsAShkqoz37xexQGHmr5Jay,1,0.0015107,142.91,1,0.0015107,142.82,2025-01-12,2025-01-14
BTC,13uVtr5b8eC9iR5FSRVJeuGrG1gKufTshP,3,0.00107368,102.25,3,0.00107368,102.25,2025-01-14,2025-02-18
BTC,18S7CpZJ45aXAs8aYDYLitWM2z8w3a6UB7,2,0.00113076,101.91,2,0.00113076,97.33,2025-01-13,2025-03-11
BTC,1EdVbYkWU92Egy5Rj3L6C2Rj77iDkeiLvy,27,0.0145045,1284.18,27,0.0145045,1279.38,2024-10-23,2025-04-20
BTC,19bJyzKKNfj7gKFBwvCcfKhwpBE4y2soQc,2,0.00031284,29.57,2,0.00031284,29.57,2025-01-14,2025-01-14
BTC,15WbXXPBFDdv8roVfpJjsUF4neSu6GmzAg,4,0.00072503,65.89,4,0.00072503,66.08,2024-11-18,2025-03-15
BTC,1NjtASwtLJoAbWDPmqaFpZjdAeBpo1tGV3,1,0.00022752,21.51,1,0.00022752,21.51,2025-01-14,2025-01-14
BTC,1MUTy1VK5QPrfiNxuk7yiagt9NDu9xiCVy,1,0.00048105,45.48,1,0.00048105,45.48,2025-01-13,2025-01-14
BTC,1NvmwJmF5JXHx3NkmypAx1TVqX1P27MMUx,3,0.00101983,72.46,3,0.00101983,72.46,2024-11-03,2025-01-14
BTC,1LXgBgnT8YnaEyq8UvqLQck4JDohFxcoHb,1,0.00023896,22.59,1,0.00023896,22.59,2025-01-13,2025-01-14
BTC,1C626SK3GbHpqfvjbNGz5Kc39F3waYe8Ac,1,0.00020797,19.66,1,0.00020797,19.66,2025-01-13,2025-01-14
BTC,17ec8XbCttTA1BKZmzwjd9L6VxejJTTKRH,2,0.00035179,33.26,2,0.00035179,33.26,2025-01-13,2025-01-14
BTC,17fPVFnJNP8TxU4r2HPLa5LNtwXq3ooVDX,1,0.0003185,30.11,1,0.0003185,30.11,2025-01-13,2025-01-14
BTC,179ECWPZGAxyb1TaApe1HUDfMeWsSD58Q1,1,0.00049055,46.38,1,0.00049055,46.37,2025-01-13,2025-01-14
BTC,16qtmx26kYUKFXtEYGFxwZB1HGtqdfLJi9,1,0.00024842,23.49,1,0.00024842,23.48,2025-01-13,2025-01-14
BTC,1PUECouxDT9gbnnM41HyinH8LNhaoM1wXV,1,0.00021661,20.48,1,0.00021661,20.48,2025-01-13,2025-01-14
BTC,14tT4QpDA7KC8XqQaskr3Gy8u88ByCxyRm,2,0.00077181,67.99,2,0.00077181,67.99,2025-01-14,2025-03-22
BTC,1AyeyKYhfyDNVe8Q28eFW5cNrFDGNP5FkY,1,0.00027992,26.47,1,0.00027992,26.46,2025-01-13,2025-01-14
BTC,1KRUSvixxsNJDssX6uhwXTHBzJQ8moto6o,1,0.000527,49.82,1,0.000527,49.82,2025-01-14,2025-01-14
BTC,15GDfpeLaMUyio7VTNkfJNuukNVtDGVafE,1,0.00100217,94.81,1,0.00100217,94.74,2025-01-12,2025-01-14
BTC,1Cd8Bk6bYM2ntYdaHFLFieKHYvQ5LBfCS,1,0.00097591,92.27,1,0.00097591,92.26,2025-01-13,2025-01-14
BTC,1MC6UZwGP6HmzGFMjPBFfX3WPhWGzMM8nR,2,0.0005255,53.19,2,0.0005255,52.46,2025-01-14,2025-01-27
BTC,17Y9rkGaCR5UpWmsR8LESPk9ZZ5Ubk7ona,1,0.00073857,69.83,1,0.00073857,69.82,2025-01-13,2025-01-14
BTC,1EzzG1bDwHX8DzoPumkRz1hvPhryDjWXna,63,0.21485482,18214.25,63,0.21485482,18341.7,2024-10-06,2025-04-20
BTC,1NQJUtTMFUYsrjdLo7qMrhfo826LXymvWs,1,9.765e-05,9.55,1,9.765e-05,9.5,2024-12-21,2024-12-22
BTC,1HPbZV8CZ5nkPnMKMmPRvJQWyrs4XBQKfN,4,0.00190127,181.21,4,0.00190127,181.19,2024-11-15,2024-12-22
BTC,1MfkEW2pbhvwSXkMKKsxAMuyvRvPz1sVSU,3,0.000811,79.7,3,0.000811,79.61,2024-12-21,2025-02-18
BTC,1JJ5ZnYPSJ5HwTMvEB9Q4U579T4SyeWE2A,9,0.00592465,600.63,9,0.00592465,593.6,2024-12-16,2024-12-26
BTC,1EtGB96UtosvNwEzGCcA79ijo7nRnfZT9p,2,0.00191211,188.96,2,0.00191211,186.03,2024-12-19,2024-12-22
BTC,199KWbR6TXXrj9HRexwPz6Dh9Z5ssSBLZ3,1,0.000269,26.17,1,0.000269,26.17,2024-12-22,2024-12-22
BTC,1BEaU2TXGVJvwNZMCNT1eUGviKyMDSzXyL,1,0.0004626,45.09,1,0.0004626,45.01,2024-12-20,2024-12-22
BTC,1FDyBaW3Ku7R4bEzX9GD3XsPHXwFgLzEQZ,22,0.00684618,538.93,22,0.00684618,534.15,2024-10-05,2025-04-13
BTC,1CsaXZFp9kZrLUVcfiSsrm4SWxtHqwSTtW,23,0.01016682,934.93,23,0.01016682,943.97,2024-10-30,2025-01-29
BTC,1HFKjdpkKouJRoovHGxpBMeq8QV8xUXJ13,1,0.00016657,16.21,1,0.00016657,16.21,2024-12-22,2024-12-22
BTC,1CUZRq9DTSFYCkjgr83arnXJsSNZCdBsiR,1,0.00046446,46.54,1,0.00046446,45.19,2024-12-19,2024-12-22
BTC,185trVs8pcrDCAM4h1oYeH2fKCJUhfuqbS,1,0.00082614,80.8,1,0.00082614,80.38,2024-12-21,2024-12-22
BTC,16TFwW7guyemaQLMfHvCBzRRkqwWNHo3xJ,1,0.00010727,10.75,1,0.00010727,10.44,2024-12-19,2024-12-22
BTC,112gT1bP8CKpJYsnbR8bycdfkrQjDFjLSy,1,0.00023047,22.42,1,0.00023047,22.42,2024-12-22,2024-12-22
BTC,15DXmCJow4VA16ABzfzifH4fwQ8qrtKiHx,3,0.00148667,146.37,3,0.00148667,146.93,2024-12-21,2024-12-26
BTC,1EnSmAX3apytD5G8adh76iVGHJdwVTujyx,3,0.00079652,78.47,3,0.00079652,78.12,2024-12-12,2024-12-22
BTC,1EX91R8jvqNd1SYRz5Abj8MBJSjU4Qu76j,3,0.0007514,73.43,3,0.0007514,73.11,2024-12-20,2024-12-22
BTC,1EvP3P34DxUXN9ddQopRSv8Q3LEYU1pi3r,3,0.00209244,199.65,3,0.00209244,199.6,2024-12-22,2025-01-12
BTC,1C64dz9TkgeH9ZeA6wSogee2TkM98KAzne,2,0.00061814,60.37,2,0.00061814,60.14,2024-12-20,2024-12-22
BTC,1DnM7x8pH48RgwsmgKK43BpLXSjAtpDyZ9,1,0.00057475,56.21,1,0.00057475,55.92,2024-12-21,2024-12-22
BTC,1NomWFx18RmiJQBbRQEQuAXDmD3ozM25ef,5,0.00358636,355.67,5,0.00358636,350.13,2024-12-17,2024-12-31
BTC,1KBpdZpyd1WvcxvhQoUmxVTqPtMJV6S7zm,2,0.00083635,81.63,2,0.00083635,81.37,2024-12-20,2024-12-22
BTC,16oDRLNsJurNx3wRmiMcgFNqfSqqtGQfxU,1,0.00022911,22.33,1,0.00022911,22.29,2024-12-20,2024-12-22
BTC,18jnRKxhwNjquLretVQHmNpWMwnXmAQ8ii,1,0.00013235,12.9,1,0.00013235,12.88,2024-12-20,2024-12-22
BTC,1NtMczZeimVsxkXoakykrYRTetX5aSQqy3,2,0.00031074,31.14,2,0.00031074,30.23,2024-12-19,2024-12-22
BTC,1C8zwif35DkfQJr1qn5NJPYGUcybYjWADf,1,0.00014716,14.75,1,0.00014716,14.32,2024-12-19,2024-12-22
BTC,18Z9LUBGeq8Kp8d4UzuCf8nTKKumuJhkUb,5,0.00394758,382.52,5,0.00394758,379.94,2024-11-17,2025-01-27
BTC,1C64QNmvFVbddu1tJZJRWFbKSUkZ4sDW44,1,0.00098642,96.48,1,0.00098642,95.97,2024-12-21,2024-12-22
BTC,1AwfXKEsBXaEcP1eBQ21wGZQFm55Cnq7Rt,3,0.00098653,86.73,3,0.00098653,85.34,2024-12-21,2025-03-17
BTC,19FzyP1ASGQwqFB62pav11vFKJ11cC7R1g,11,0.00314725,309.26,11,0.00314725,308.07,2024-12-16,2025-01-05
BTC,12WYgcjs42iMtBtgcHGHYh2f31RMBJU1vK,1,0.0001643,16.07,1,0.0001643,15.99,2024-12-21,2024-12-22
BTC,1CATs3MJxk78cAyiVp8891tVLvJYWJfz2B,1,0.00070134,68.59,1,0.00070134,68.23,2024-12-21,2024-12-22
BTC,1JFXgWmNpUZS4Sz3JgTcvRUS6EZnmWBtHJ,1,0.00019207,18.79,1,0.00019207,18.69,2024-12-21,2024-12-22
BTC,1MUMNuBxraaNkF3PPtQtEgakczN4mQU6rm,1,0.00063931,62.53,1,0.00063931,62.2,2024-12-21,2024-12-22
BTC,1A6P418fHLhjbRSb616z9N7DPdj5n5eQ9b,1,0.00018352,17.89,1,0.00018352,17.86,2024-12-20,2024-12-22
BTC,1PPXuvYE5HDCCg1X6xRVf2ocLyvFUyekdB,1,0.00068552,66.81,1,0.00068552,66.7,2024-12-20,2024-12-22
BTC,1cmhYkrG67q9YRmQTSJ5UzfXrMVXYYHSa,1,7.636e-05,7.65,1,7.636e-05,7.43,2024-12-19,2024-12-22
BTC,1BeH2FScZtdmgWBbnkvcm1KSiLgVinmWUk,1,0.00102777,100.52,1,0.00102777,99.99,2024-12-21,2024-12-22
BTC,1CwPBkiKFQ7vy4vSsjqmA9WASMU4isK6dh,2,0.00122923,120.59,2,0.00122923,120.41,2024-12-14,2024-12-22
BTC,1EYtHYRk9zBXiTKzT6RHXhpiLcrLNC3n9b,4,0.00044332,42.96,4,0.00044332,42.69,2024-12-20,2024-12-28
BTC,19yLE5MK4QgWjPSPeW9K7nLDUnvg4ttc4F,1,0.00026102,25.53,1,0.00026102,25.4,2024-12-21,2024-12-22
BTC,1JUDqeZ49JiL8kRfRuVMNMULPujwS1GjWW,1,0.00090031,87.75,1,0.00090031,87.59,2024-12-20,2024-12-22
BTC,1EsHSQkjUDXWHLRrCp4GPpjzNcqUtbuodW,3,0.00223763,218.42,3,0.00223763,217.7,2024-12-20,2024-12-22
BTC,13scmdhYCEosECbZ9h4jAxYeuGjTgtAKdN,1,0.00089173,86.91,1,0.00089173,86.76,2024-12-20,2024-12-22
BTC,144nS7uZyCG4mnoK7BqS5A38N5jhoFQWah,18,0.00621162,574.49,18,0.00621162,573.08,2024-10-21,2025-04-05
BTC,1BBDxKXecni7Sb7bxorSXobTBafsv7P8pW,1,0.00022992,22.41,1,0.00022992,22.37,2024-12-20,2024-12-22
BTC,1HvzMHRT4dYA4SsFtqjdYyWQt1763tbSzf,7,0.00773209,775.08,7,0.00773209,767.9,2024-12-08,2024-12-22
BTC,1PeaHzdNTtZpTEpKHYhWHBbjqPFax6M3iL,1,0.00022611,22.11,1,0.00022611,22.0,2024-12-21,2024-12-22
BTC,1KGjJ6nRhUDyrFW8h6Sy9qGwZKGPMUgwx4,3,0.0012192,122.12,3,0.0012192,120.03,2024-12-17,2025-01-06
BTC,1JWS2PPnSavgx7EojfHrJqU5kuSUAZjE4z,1,0.0003446,34.53,1,0.0003446,33.53,2024-12-19,2024-12-22
BTC,1KTUMEt9ijqH863cbDpDYwVxfUrnHNWhtH,1,0.00055,55.11,1,0.00055,53.51,2024-12-19,2024-12-22
BTC,1BzCBZrHeS9bFWHR35aRj6jMSDMxHsEwjJ,1,0.00033638,32.9,1,0.00033638,32.73,2024-12-21,2024-12-22
BTC,1G3Px9iVGp8CGMmxbG6a1f29Uva3dJ2EhG,1,0.00039357,38.29,1,0.00039357,38.29,2024-12-22,2024-12-22
BTC,19JQxAe6dui92s1d6b6JASRoATxhYuWn1c,6,0.0022704,223.58,6,0.0022704,223.71,2024-12-02,2024-12-23
BTC,1APVDXX44hGFXtbrgwv2w95qYSjZFV5qmh,1,0.00048303,48.4,1,0.00048303,46.99,2024-12-19,2024-12-22
BTC,16DhenCqR5HbhYN4XPsDDNx3SCWp9S1Q8z,1,0.0009645,94.0,1,0.0009645,93.84,2024-12-20,2024-12-22
BTC,1LEwff9ujBHEnYUoXdkUDe3XoHeffGS6M3,1,0.00016486,16.04,1,0.00016486,16.04,2024-12-22,2024-12-22
BTC,1J43txUHT4YscH82mw9H972ZALuiCEiuzx,1,0.00136727,137.01,1,0.00136727,133.02,2024-12-19,2024-12-22
BTC,19pGm6tAb1eUYeaf6NP4j6gj6MzpGWzrWL,7,0.00207545,203.74,7,0.00207545,206.98,2024-12-03,2025-01-18
BTC,1J2UdKAY4woCzYTe5bG8YiuPMbEYvMGePn,1,0.00046572,45.55,1,0.00046572,45.31,2024-12-21,2024-12-22
BTC,14ywxiB9SVUqqpniuK9Y19ML15a6jV6WRM,1,0.00016512,16.06,1,0.00016512,16.06,2024-12-22,2024-12-22
BTC,1HyYUGL5Pbdmk4avZTtztxTEyVFkT4NRpZ,1,0.00050739,50.84,1,0.00050739,49.36,2024-12-19,2024-12-22
BTC,13nXD3aQfQwozpVAtPFFNZfTFPpNnwUwW7,3,0.00040529,37.55,3,0.00040529,37.3,2024-12-20,2025-03-30
BTC,1EgVXwkRSadrRuV8TPHGZ5ifNXB5hFBBpy,8,0.00200748,190.76,8,0.00200748,191.64,2024-12-22,2025-01-05
BTC,1LwFyUF16YuPetzebe7dBmJNphRpxFUo67,13,0.00492959,376.0,13,0.00492959,376.26,2024-10-08,2024-12-22
BTC,1DXk425gzf5ySeFdBtGnLHgbGb2CN44SyC,6,0.00158673,132.07,6,0.00158673,134.48,2024-10-15,2025-05-10
BTC,15xD4KTh7pD7EeNMRWkhQPEWMPuXPdGvD4,2,0.00043474,42.89,2,0.00043474,41.61,2024-12-21,2024-12-28
BTC,1NJKctCqgutrkwjFz3b6LDvHhfUnQQfoP6,1,0.00022972,22.39,1,0.00022972,22.35,2024-12-20,2024-12-22
BTC,1GiWSaV14aC4ZMmwJiqYGXwp6tTktKfLcm,17,0.00749488,718.52,17,0.00749488,725.43,2024-11-20,2025-05-10
BTC,1DxCbAaMmUTSnJ8Vjnqhub5MECkck3pWei,1,0.00010964,10.69,1,0.00010964,10.67,2024-12-20,2024-12-22
BTC,1KHeopAEbrgFa4MEE6Kh9mCKXKVity2D3r,1,0.00026673,26.09,1,0.00026673,25.95,2024-12-21,2024-12-22
BTC,13LUSTNVpaUdwxY4pWYkK7GaBMqjAWLSz5,2,0.0020532,209.45,2,0.0020532,208.93,2024-12-21,2025-01-22
BTC,15eajLnyPCkRhyg7T2MbHDLybwkd4mNpU1,10,0.00547686,545.68,10,0.00547686,541.52,2024-11-22,2025-01-07
BTC,1MHBT6H6tbvZnRgoqr2FnbygzmVW5uBQaP,3,0.0015238,144.01,3,0.0015238,140.12,2024-12-20,2025-03-11
BTC,1H2jGmKy2BwHfUpKzv3uM2yPwbHWXrJdWs,2,0.00074094,71.59,2,0.00074094,72.68,2024-12-20,2024-12-26
BTC,1BAaSGUWJNuwwMrcMB6iP9e7ks39eA2LgM,1,0.00087901,88.08,1,0.00087901,85.52,2024-12-19,2024-12-22
BTC,12sBSmLxbMBySExmM4g4srf5KzgU1Y4jVB,2,0.00068288,65.49,2,0.00068288,67.32,2024-12-20,2024-12-26
BTC,18XZAFG3TetoTvwCtGW5ZHTzHmQZc7mYYX,1,0.00026964,26.23,1,0.00026964,26.23,2024-12-22,2024-12-22
BTC,184xsP1tMBpmmqqzEzxw2KmhKQ98PpCsF9,1,0.00053735,53.84,1,0.00053735,52.28,2024-12-19,2024-12-22
BTC,1HUSPf99hQu6Y3jND9b4VsSDLpV8igQ18G,2,0.00147185,144.85,2,0.00147185,143.4,2024-12-22,2025-02-03
BTC,1LHaPg2pccdjUdYkdhyyx3HqJ6rM27z4KC,6,0.00140894,128.22,6,0.00140894,124.4,2024-12-18,2025-04-02
BTC,16PnvZEb39SyECsxe5DTBvZXUJNu6voy2R,1,0.00015383,15.05,1,0.00015383,14.97,2024-12-21,2024-12-22
BTC,16XTa1QPKMNQ7nWSpNKv5wAbFF88aUpnDU,2,0.00029478,28.7,2,0.00029478,28.28,2024-12-21,2025-01-11
BTC,1HefrWyS85iXEeQYeP6rMc1H5EkoDsFefd,1,0.00033371,33.44,1,0.00033371,32.47,2024-12-19,2024-12-22
BTC,19gy4ejcqRus8rA2K69zGwkdwKekWhgs7q,6,0.00192096,174.11,6,0.00192096,174.92,2024-10-19,2024-12-22
BTC,1QEY9x3FNYqsDHhEodwV8ND1JjsbaXMgwy,1,0.00146336,142.62,1,0.00146336,142.37,2024-12-20,2024-12-22
BTC,1Po2vX1PqXb1Un277j9cj1iosjVEqRDiJa,1,0.00046858,45.59,1,0.00046858,45.59,2024-12-22,2024-12-22
BTC,1CJdiWNzSagRK1i2Yo6LhxQYG94ukZe4Hf,1,0.00057344,55.89,1,0.00057344,55.79,2024-12-20,2024-12-22
BTC,1JnSNQU8pucQDniRQitwPXzprcA5gCjsnA,1,0.00013356,13.02,1,0.00013356,12.99,2024-12-20,2024-12-22
BTC,1B5i4D7hGn8WTBYAzCUKNXEKEk8pNECDiY,56,0.26605599,20594.5,56,0.26605599,20690.93,2024-10-04,2025-04-29
BTC,1NwDSfRs9QZSGiTT4mxtSQq7AERCRdcL8V,1,0.00041138,40.02,1,0.00041138,40.02,2024-12-22,2024-12-22
BTC,1m7HteVRQNgYa4P6PxjKHXSyFvp4bfnu8,2,0.00185995,188.72,2,0.00185995,186.2,2024-12-21,2025-01-23
BTC,1FAh31oeNAydpF5SaMkeo7oEQG4oCupoBC,1,0.00035427,35.5,1,0.00035427,34.47,2024-12-19,2024-12-22
BTC,17drwRc3ZVkUS3ck1QWnDQJm3spRRN3GfK,3,0.00112547,109.69,3,0.00112547,109.5,2024-12-20,2024-12-22
BTC,1Bhkjk7CgJ3nwr6horAzp3AJHRrexSK5S2,1,0.00031491,30.8,1,0.00031491,30.64,2024-12-21,2024-12-22
BTC,1Q9qo6B1Z2pjBt8PBorMVtfMGt2tBNz9TX,1,0.00025261,24.62,1,0.00025261,24.58,2024-12-20,2024-12-22
BTC,1ELQZorx2DYa9GgNK7ezWNA4hGx34p6Lxm,1,0.00054323,53.13,1,0.00054323,52.85,2024-12-21,2024-12-22
BTC,1DkjssKZzaa9sK4VAxpEkBp8yjMxV4MdAX,1,8.117e-05,7.91,1,8.117e-05,7.9,2024-12-20,2024-12-22
BTC,1AbECbB3yGp2oW4xuvwiduwLyz1MPLcPSt,9,0.00120711,107.05,9,0.00120711,107.38,2024-10-29,2025-04-20
BTC,14JrKrTbin4yizs3NDcf9oMs7Gaichc499,1,0.00034055,34.12,1,0.00034055,33.13,2024-12-19,2024-12-22
BTC,18DL8o78UENZb8HpydVf3Do3mrwnJbjCwd,3,0.00488782,460.43,3,0.00488782,459.61,2024-11-17,2024-12-22
BTC,1DFBuhaatfCw2XK3m3rgw4972idb3tYTCi,1,0.00016521,16.16,1,0.00016521,16.07,2024-12-21,2024-12-22
BTC,15EHDTwiNRmo3Yc1VdCQHwwhZM5G4Xn3n4,2,0.00071646,69.49,2,0.00071646,69.16,2024-12-21,2025-01-11
BTC,1Dvp9AAGuHLWv4pRUpncBREsKwYRVDLLQK,2,0.00067101,65.52,2,0.00067101,65.28,2024-12-20,2024-12-22
BTC,18a4MYP2Ld88npznv4NMVzE8Xd2mRs9T3w,2,0.00025524,24.83,2,0.00025524,24.83,2024-12-22,2024-12-22
BTC,166xCSiGLsCyYDdvdtM8tHz386a336SAnS,1,0.0003168,30.98,1,0.0003168,30.82,2024-12-21,2024-12-22
BTC,14MBXw9P9Ft4tcc5yRDtYkytMz6LjhW28P,1,0.00021632,21.16,1,0.00021632,21.05,2024-12-21,2024-12-22
BTC,1GBgv8YLToJBVgyuneueJXv9Zoe6Fg3kAn,1,0.00016527,16.11,1,0.00016527,16.08,2024-12-20,2024-12-22
BTC,15EFwhiYLZxs57ygBiGiEddACqNWKzvF46,3,0.00279977,190.6,3,0.00279977,190.39,2024-10-08,2024-12-22
BTC,1EyaPWdQfmRWyBJT7R7P8gJv5MCKczWUU6,1,0.00069647,67.88,1,0.00069647,67.76,2024-12-20,2024-12-22
BTC,1JE4E7YDcMgc4hjuPqceK89SdRvSqgnrAQ,1,5.917e-05,5.77,1,5.917e-05,5.76,2024-12-20,2024-12-22
BTC,1CvbXF5L6F9pgpJs3Ygxf8H4KRA4JJPJze,1,0.00041528,40.62,1,0.00041528,40.4,2024-12-21,2024-12-22
BTC,124dfsDJHdPRwhqvKnS2ChFb5c6zhkwhHd,1,0.00039782,38.77,1,0.00039782,38.7,2024-12-20,2024-12-22
BTC,1J5NuR1mbhMVdcAzGcXVcHfYSotAzfwyhA,1,0.00046199,46.29,1,0.00046199,44.95,2024-12-19,2024-12-22
BTC,1B5S9w22Hd3ANbjZsVjgPs8AYzuvH1GFuv,2,0.00061412,61.14,2,0.00061412,61.14,2024-12-22,2025-05-13
BTC,1HFnyRgawYCdqp9nuaqfUdFy5ZDMXeaUJm,1,0.00075706,75.86,1,0.00075706,73.66,2024-12-19,2024-12-22
BTC,1D5hz9UhsGMzKcj5Ed3dXVcofSigpnSaB3,1,0.00103141,100.88,1,0.00103141,100.35,2024-12-21,2024-12-22
BTC,17bSvquE6tfwPGVoRq5y2SivHLWDvFNt6C,1,0.00020594,20.64,1,0.00020594,20.04,2024-12-19,2024-12-22
BTC,1As5ftiyN4dhyQGwrMcr6SkfcAkwGiecos,5,0.00496,342.7,5,0.00496,346.43,2024-10-06,2024-12-22
BTC,15Cu53Z5k32b2WKbnb7WUsxR62xzjboVqU,1,0.00013804,13.83,1,0.00013804,13.43,2024-12-19,2024-12-22
BTC,13ESCtJozXj6U4aYCXb6hqrdKrYZqqyJYC,1,0.00036119,35.14,1,0.00036119,35.14,2024-12-22,2024-12-22
BTC,1BDig4rBku36CPadTRzfwV2zLu1NZK3h5v,3,0.00053558,53.88,3,0.00053558,53.67,2024-12-12,2025-01-18
BTC,19kHbqVs9kJ372HnZhjPjfMERYzmjAd5bV,1,0.00026808,26.13,1,0.00026808,26.08,2024-12-20,2024-12-22
BTC,1tfdbdbbGTV5d8SmEoKRg9XAubkwdYpNo,8,0.00343112,323.96,8,0.00343112,330.29,2024-11-18,2024-12-05
BTC,1E4y3C5cxRimuS3KENGkhGNphQov4YzSFw,3,0.0006653,60.84,3,0.0006653,61.39,2024-11-17,2024-11-22
BTC,18YguBvbzx86xJ7YLnHTgDwXL4mMMrEjpk,1,0.00032904,29.57,1,0.00032904,29.77,2024-11-18,2024-11-19
BTC,1GyJWokCW4HaQM7ieBY7zW51fqSEhfXXZw,8,0.00307555,247.88,8,0.00307555,248.49,2024-10-27,2024-11-19
BTC,1MTmGzwrKxnhQgdmHKnaU7DbKBzrYuqVcS,1,0.00036813,33.3,1,0.00036813,33.3,2024-11-19,2024-11-19
BTC,1EfapcKpRtg2iAuFeaic6MqHeqgitmMtPd,20,0.00769197,589.76,20,0.00769197,596.12,2024-10-13,2024-11-29
BTC,1HeHJZHkUsKHZqnYVuiwqScx6mrzukwtFs,3,0.001698,159.15,3,0.001698,163.69,2024-11-18,2024-12-05
BTC,1MfwGrUc1qFAVLZpT1aY3rR6T1Lx5atzSw,2,0.00037395,33.6,2,0.00037395,33.83,2024-11-18,2024-11-19
BTC,1PK8X5MBfmgAeFrtQsEVoNN2bd8ieNShki,14,0.00551259,499.89,14,0.00551259,500.08,2024-11-10,2024-12-01
BTC,19mgbrBW2BpC6XfLLZ9ck4LsVgFo4aaQTD,1,0.00019751,17.89,1,0.00019751,17.87,2024-11-17,2024-11-19
BTC,19azmXoLWUobTn4X9UW4iJBaThq1vc1j5x,46,0.02542453,2028.47,46,0.02542453,2039.2,2024-10-21,2024-11-28
BTC,13pS7Uwa1SpBUANGVFdZeUZgwzi5X4rcHB,3,0.00349895,335.41,3,0.00349895,335.3,2024-11-17,2024-12-19
BTC,1Ec73qqasaeH9H43TXHyv1mTEHyYLoMbN4,4,0.0008107,60.84,4,0.0008107,60.81,2024-10-07,2024-11-19
BTC,1N39HKYNktp94q51EnDTjJNUWmf6cN1YCW,2,0.000337,30.49,2,0.000337,30.49,2024-11-19,2024-11-19
BTC,12ay1FzwDHKaabR7yLgcnuaRLRoyhPy6Yi,2,0.00115984,104.94,2,0.00115984,103.01,2024-11-14,2024-11-19
BTC,1ERKezRuc5kG2q3KsgWadAveeBAyVMa7S2,1,0.00057894,52.02,1,0.00057894,52.37,2024-11-18,2024-11-19
BTC,1ECcRHtx4BVLqV99rYcxsB97mLagAdGbCE,1,0.00102099,91.74,1,0.00102099,92.36,2024-11-18,2024-11-19
BTC,18A2BA7TDxckvxdkgGvdeyMrejJwknWdMb,17,0.00583658,427.12,17,0.00583658,429.82,2024-10-13,2024-11-21
BTC,19ZYdJ5SEjSUkUQR9iPx49cwCRJv7AMxTG,8,0.00465122,362.57,8,0.00465122,364.25,2024-10-06,2024-12-11
BTC,1LnQwrWBAFDcb41t9JNDbgyzTRkJUd9pnr,21,0.00659448,505.08,21,0.00659448,506.45,2024-10-21,2024-12-07
BTC,1BMWCLmcvFwkDC7rZWgu2Pvszh8MXPbyiq,5,0.00049594,46.64,5,0.00049594,46.68,2024-11-19,2024-11-25
BTC,1CxLngwhxyzqbydduWwZuiTNtCpancmvh8,14,0.03996,3552.7,14,0.03996,3562.32,2024-10-10,2025-05-10
BTC,1JzcxXRxbg6hjTjrvNozmPQcQSuEaL4hXd,26,0.00592296,476.55,26,0.00592296,476.76,2024-10-15,2024-12-07
BTC,136UC2XeeeiEabvxFZWqaJAndA86Xz2hHk,1,9.322e-05,8.44,1,9.322e-05,8.43,2024-11-17,2024-11-19
BTC,1PqhXwe5cz7fxbXMsSpfxnqhSHXuoEFhu,5,0.00167414,141.58,5,0.00167414,143.57,2024-10-24,2024-11-28
BTC,15eR1W8SnhxTkbBzsdVtqfHRRWN8jMiQY9,16,0.00618754,479.99,16,0.00618754,485.6,2024-10-09,2024-12-05
BTC,1Rhre5KT8gkZYkMmkQbLiarQazbP2warv,4,0.00173474,155.59,4,0.00173474,158.38,2024-11-13,2024-11-21
BTC,19v4WvkhdkjenuTCmo1QXm3gt89r2y7VUF,2,0.00149217,111.95,2,0.00149217,112.24,2024-10-20,2024-11-19
BTC,17ifLQGkmdiwkEnUwhHzZYMgK5zrEJumiv,1,0.0004902,44.05,1,0.0004902,44.35,2024-11-18,2024-11-19
BTC,1JHGMPzGAWHiwf4aWXysdCDfeFonqKy7wb,3,0.00673254,621.99,3,0.00673254,619.4,2024-11-17,2025-03-19
BTC,1Bpxudg7gZMXmRw6kPTxySiRvfRf4texic,1,0.00026148,23.65,1,0.00026148,23.65,2024-11-19,2024-11-19
BTC,1HLMZtzyUm4kRH2kNo8knkdQMpxZwaanGT,2,0.00054983,49.79,2,0.00054983,49.74,2024-11-17,2024-11-19
BTC,1C2Ayz3N5CiE1xekwFgsTyT5ocDurM8S1o,1,0.00232793,209.18,1,0.00232793,210.59,2024-11-18,2024-11-19
BTC,15CigPZxDfRtRCncyghSVHAbVyRtkJDie6,1,0.00172763,156.29,1,0.00172763,156.29,2024-11-19,2024-11-19
BTC,1BW8j52DGGpcAsLe1PthrdPjmu5ftgtWb9,25,0.01751951,1428.03,25,0.01751951,1435.25,2024-10-05,2024-12-03
BTC,1Mo5tUiUpv2z1HaqzMYzHyDkzcSX4CrkzJ,14,0.0035927,256.45,14,0.0035927,255.39,2024-10-21,2024-11-19
BTC,1LrYWXUfJkXozrQBUVUtAk2b1tBKtXMJ8a,2,0.00027285,24.68,2,0.00027285,24.68,2024-11-19,2024-11-19
BTC,1wnAe1GS1UPrugf6J8BcTxSnPQj2MebPP,21,0.0165636,1483.44,21,0.0165636,1497.41,2024-11-05,2024-12-07
BTC,1HqCDgGQPVTJsVLKrrFTXQtg9YszKth9kQ,24,0.00511803,386.13,24,0.00511803,387.65,2024-10-04,2024-12-03
BTC,1M9KsEiJpg2ZetvfpwvAZC2cxpLQGtkGjh,10,0.00669332,577.02,10,0.00669332,570.8,2024-10-15,2025-02-03
BTC,1McgEsyqBVNLi54Xx2RQA9Rs1U6T4vxcwJ,2,0.00050951,42.02,2,0.00050951,42.21,2024-11-09,2024-11-19
BTC,1JDEckJxupxdjazUWcrBPnTUCGbpoASTCt,1,0.00038,34.42,1,0.00038,34.38,2024-11-17,2024-11-19
BTC,1AiHw6rAodZyJ1fvUbYuwqeYJvwzxZVwXd,1,0.00171618,155.47,1,0.00171618,155.25,2024-11-17,2024-11-19
BTC,1Q2KBKRuRAkEwHfd6aVKK2VkmNAeJseBdn,7,0.00948815,911.31,7,0.00948815,911.47,2024-11-17,2025-05-06
BTC,15xiJwHR7Fa8JKJECyyXv77JXaX2k1pzzT,1,0.00021902,19.68,1,0.00021902,19.81,2024-11-18,2024-11-19
BTC,13HtoqU1RnLk27Za9Q9uNwKTWu7KJbAiYh,24,0.00781251,664.54,24,0.00781251,663.19,2024-10-22,2025-05-10
BTC,19SZR9wKhxNP5o9Bhpr4ZtM7n7bxUGKZqp,27,0.01582157,1409.06,27,0.01582157,1412.91,2024-10-14,2025-04-29
BTC,1CD6GmXffvR5TZgfxRU1cZvH49jLhaqekK,5,0.00208,187.33,5,0.00208,188.12,2024-11-08,2024-12-01
BTC,1Gi9qUiXHpdRAtBLQUdtcxyWCwAtEmpTdk,4,0.00103692,87.83,4,0.00103692,89.15,2024-10-23,2024-11-19
BTC,1Q93P4nzZAXnMmfVfWLZtpJUh5ghK3FbRY,2,0.00067061,48.54,2,0.00067061,48.66,2024-10-24,2024-11-19
BTC,1BfXBAtY1tLFBcNiyhWdvcWBA297D3mUEA,1,0.0004732,42.81,1,0.0004732,42.81,2024-11-19,2024-11-19
BTC,1BZcBZrpXg6zMU2HRGHGjU7FyCfNp8mKzv,1,0.001121,101.55,1,0.001121,101.41,2024-11-17,2024-11-19
BTC,1KaLs9Qh9kVxjNhbyA5VBo3jx1ea8ArkiX,3,0.00091028,80.36,3,0.00091028,82.28,2024-11-13,2024-11-19
BTC,1E5gFEwqhNzvEDZ4qFLk3mrpPmuCpwrjV1,3,0.00250758,233.57,3,0.00250758,234.84,2024-11-13,2024-11-23
BTC,1DVsLQL76DRUyuhS6hco3ysena22vsveuK,5,0.00325869,293.79,5,0.00325869,294.9,2024-11-16,2024-11-19
BTC,1MZJJLfeg75pqtN3cCZoY9p7Q8JNgkGSsU,4,0.00194388,184.3,4,0.00194388,183.64,2024-11-17,2024-12-05
BTC,1CjbNHGE7J2piCRr3rD5ubqSgKz7oWZViq,1,0.00025533,23.13,1,0.00025533,23.1,2024-11-17,2024-11-19
BTC,16z3s332a83sgd5QcC5fK8UayPdRruThcN,1,0.00011431,10.27,1,0.00011431,10.34,2024-11-18,2024-11-19
BTC,1PDasn5oRCvqWmzzVgEoizydApMBbZnjxm,1,0.00038662,34.98,1,0.00038662,34.98,2024-11-19,2024-11-19
BTC,1MStVy4N1VGK9wr5YT9uk7TQFjkuc4k9z,11,0.01421847,1275.58,11,0.01421847,1281.25,2024-10-19,2025-03-23
BTC,1Pc2Tueci6UovqumNogLrg25Q94v98wDW4,1,0.00031277,28.33,1,0.00031277,28.29,2024-11-17,2024-11-19
BTC,12WnPnGGx7ZeTLcM9q8AxJ1dHPNxQw2eS5,1,0.0012,108.71,1,0.0012,108.56,2024-11-17,2024-11-19
BTC,19oAzjfSvh2KZvFf2QfTrFuDrUUeUdEyH,7,0.00205261,172.07,7,0.00205261,172.22,2024-10-29,2024-12-23
BTC,1PecdTXjApj8E5e7Ar1hS3Eo9b8GzP4MAK,6,0.0031346,271.75,6,0.0031346,273.37,2024-11-11,2024-11-19
BTC,184DauWGHaXnWLUeTJr8vzSTGeTWc7q4Ev,5,0.0017703,160.41,5,0.0017703,160.92,2024-11-08,2024-12-05
BTC,1B2An9fuzMpnTmknUooRRiPejwC7sWuM9W,1,0.00022117,20.04,1,0.00022117,20.01,2024-11-17,2024-11-19
BTC,17VCuBFsfLrFBzSBb19TUpFWuLcDup1Bwg,1,0.00041574,37.36,1,0.00041574,37.61,2024-11-18,2024-11-19
BTC,1FuDvkkpQqksJ6DkGxsYEfQWuAwm3988x,4,0.00336524,328.61,4,0.00336524,329.08,2024-11-18,2024-12-15
BTC,13iEAiMjV4srdZGyJQ99zLkoy9pXajfeAc,1,0.00034569,31.06,1,0.00034569,31.27,2024-11-18,2024-11-19
BTC,1FG7rZ2sqPNmkt3ktwqG3jvc168yktcYSL,3,0.00088495,68.01,3,0.00088495,67.16,2024-10-21,2024-11-19
BTC,1G5RkE9ivcHnt6etWGGTRVAKoU2vBUr2N6,2,0.00260055,235.44,2,0.00260055,239.64,2024-11-17,2024-11-21
BTC,14Prs2abBNVHnQjSQ47RhbddDyGo4ysmTB,1,0.0004467,40.47,1,0.0004467,40.41,2024-11-17,2024-11-19
BTC,13YNY1gCG3QKr7JkWg7NXe1ooj82MHUyoW,4,0.00126105,101.9,4,0.00126105,101.86,2024-11-06,2024-11-23
BTC,1LnF5SQDmidoNgRFJwPEi9yHxDovt1GSsB,20,0.01496112,1241.12,20,0.01496112,1242.2,2024-10-31,2024-11-28
BTC,197hvVP8subibkkfiTitsrF2StdiAUqPwZ,1,6.436e-05,5.83,1,6.436e-05,5.82,2024-11-17,2024-11-19
BTC,1EKdrNMEYAZsAdXuBiaN6xXNn2zU6KX7X2,6,0.0021869,207.78,6,0.0021869,208.57,2024-11-18,2024-12-05
BTC,1H3VJE8GgVymHJw4zpB6TqWNiUjX5gN9mr,2,0.00188181,129.1,2,0.00188181,133.89,2024-10-14,2024-11-19
BTC,1Hsypn8xCCKdEwTD7rqCqLBTF9ezwJcU9y,10,0.00517914,422.94,10,0.00517914,428.03,2024-10-05,2025-01-16
BTC,1FZ1eYuPUXfCio6Es5HAjgCtk76egv5xU4,2,0.00219675,198.81,2,0.00219675,198.88,2024-11-16,2024-11-19
BTC,1F4xK4k2ZXK6jiFRBRe9NiiHZwGNnGT8Kx,5,0.00348135,315.66,5,0.00348135,326.05,2024-11-19,2025-04-13
BTC,1D7FgxTYTitMjxM6GUntPyDZw5v6qJqXCE,13,0.00263965,208.16,13,0.00263965,208.16,2024-10-30,2024-12-03
BTC,1MAEhHAMjGgfdd9aiFeLNoGCLUuYodnMBk,8,0.00839564,769.13,8,0.00839564,760.93,2024-11-13,2024-12-19
BTC,17faABUPBXAKyQtreSxZgYEqNe541LVs9V,1,0.0001,8.99,1,0.0001,9.05,2024-11-18,2024-11-19
BTC,19g2zoKKqxFYxdQxdonhkjVYakyPNDJzvw,5,0.00262002,227.52,5,0.00262002,230.45,2024-11-09,2024-11-28
BTC,17oD8jBQVKnWk1wNRQUDFy3KU7dDq1rAfp,3,0.00154633,141.48,3,0.00154633,143.25,2024-11-17,2024-11-21
BTC,1FeRpA2fhWhbL3xKvuzrWiVLXuejGpidGu,1,0.0003,27.14,1,0.0003,27.14,2024-11-19,2024-11-19
BTC,191SUz6KNuXtr8MKQ29UZojNGGYJa3hhUR,2,0.00143518,109.06,2,0.00143518,109.41,2024-10-26,2024-11-19
BTC,1Bzt1qkGPCEMKdKhVZTHegv4StzSiVhGo1,1,0.00014249,12.8,1,0.00014249,12.89,2024-11-18,2024-11-19
BTC,1Ffn8BiPdJqxtrdZEUa8G8T41Wmr4RGL8E,1,0.00021034,18.9,1,0.00021034,19.03,2024-11-18,2024-11-19
BTC,13u6ueDJUv4wPC7zjgyAgt1pNqzQqPCtJW,5,0.00105536,100.72,5,0.00105536,101.98,2024-11-16,2025-02-14
BTC,1EehEA1GEuAVDTE7gJ3LRTgs2GbA1q6ip1,5,0.00302225,281.63,5,0.00302225,287.17,2024-11-17,2024-11-23
BTC,1Jk1UsVCRVE56j26HCQseVAa34wvzAyPhv,1,0.00017553,15.88,1,0.00017553,15.88,2024-11-19,2024-11-19
BTC,19e2iyrKQV2WfE74djUeTZeF2CihH1FyZG,1,0.00071798,64.51,1,0.00071798,64.95,2024-11-18,2024-11-19
BTC,1CdThPF4Af5MQBnjX5QW9gm6KZz3DKBhUw,37,0.05269369,4186.06,37,0.05269369,4205.29,2024-10-11,2025-02-26
BTC,1KBaDughSrbLXswHLFVA3fgF1o8WCNZv1K,7,0.0025207,210.15,7,0.0025207,209.97,2024-10-14,2025-04-20
BTC,1AwoWmLVn7nYUzPr1GS8KPQEx8FQ1KMR12,2,0.00099286,80.78,2,0.00099286,80.77,2024-10-20,2024-11-19
BTC,14jFCibRR9K6LyJXLRoFYcKLFnxquh8Kcm,1,5.424e-05,4.87,1,5.424e-05,4.91,2024-11-18,2024-11-19
BTC,12QRwuHh1p11bbnN3dR8HT9jDCcA83e25H,1,7.637e-05,6.86,1,7.637e-05,6.91,2024-11-18,2024-11-19
BTC,156ZKLLBp4v8jEum57B3QG23DdaV7iYn6Y,13,0.01020722,961.1,13,0.01020722,975.54,2024-11-13,2024-12-05
BTC,19YMaJ3h4yHjD6Z6F8Cee7SF1KYNz7Dgpo,3,0.00048329,40.0,3,0.00048329,40.82,2024-11-04,2024-11-19
BTC,1Ft7h9nPjaoCSVmRFHJd8e8yb9NnwhSdsF,1,0.00026395,23.88,1,0.00026395,23.88,2024-11-19,2024-11-19
BTC,1DoQFbdjfRHtpweixcQ4fbLa1BdJ7nXzcB,7,0.00120034,111.04,7,0.00120034,114.27,2024-11-18,2024-11-25
BTC,1FZUGPHUqmQgJLxHg5ExrnxBpiMf1qfqmq,14,0.02915853,2513.12,14,0.02915853,2519.11,2024-10-18,2025-03-19
BTC,17VpZziCNuFgvmyh2CBGZRiHoJd72JqcqY,13,0.01138752,964.5,13,0.01138752,968.29,2024-11-01,2024-11-21
BTC,15Loqnno3WTimTU9FrRZyFLGDeAgnrX69K,3,0.00520005,411.63,3,0.00520005,412.41,2024-10-27,2024-11-19
BTC,1HKubRGzc4dpMVBTsBmV5vDVbZxsfB56q9,1,0.00099558,89.46,1,0.00099558,90.06,2024-11-18,2024-11-19
BTC,1LkMirTBTcqPBH7hBFoV1R5NfvYt2xArvd,2,0.00096266,87.49,2,0.00096266,87.16,2024-11-16,2024-11-19
BTC,1D8FkjVCpCzui89N9sv9dfpR5xwM1PP7je,7,0.00550695,461.64,7,0.00550695,465.31,2024-10-07,2025-02-18
BTC,1Q1HepYVFUd1e6KZDi7DG2YV9fEEYq8B5H,1,0.00033253,20.89,1,0.00033253,20.89,2024-10-07,2024-10-07
BTC,1GKaGq8oce2YQAVZBUyMiTyry4Qh52G3sa,1,0.001569,98.56,1,0.001569,98.56,2024-10-07,2024-10-07
BTC,1LXckd5PV5cat1uRY8eowum1pVKdqLP6tY,1,0.00013434,8.44,1,0.00013434,8.44,2024-10-07,2024-10-07
BTC,1KFCMkQx5xd3j5Ftzwz8Lm5Sj2rrvZCeo7,1,0.00056276,35.35,1,0.00056276,35.35,2024-10-07,2024-10-07
BTC,1GJTLeHc6hbWm3wm4gm2bUDPD8bC4sGrdh,16,0.02346472,1466.63,16,0.02346472,1463.75,2024-10-07,2024-10-15
BTC,1NJ8sTSPocCPby2hpQbBGH5XiMq9Z16Wkj,2,0.00473374,292.08,2,0.00473374,298.31,2024-10-07,2024-10-13
BTC,168pofRAj7us1ow8e51LjVgiEVb4ZjwUY2,18,0.00924821,623.29,18,0.00924821,625.32,2024-10-05,2024-12-03
BTC,18cYjq7YcvhRd9i8MANk2GHmisVZ3A1sNT,2,0.00275236,172.65,2,0.00275236,172.65,2024-10-05,2024-10-07
BTC,19ugKykSKkb3wYanyZBBVQKAeAEMsSb18e,4,0.00929851,639.5,4,0.00929851,634.5,2024-10-07,2025-03-17
BTC,1JPSXPwxwkyx9nwDmnXxo3LRzqw2wGt5KB,17,0.04360501,2841.24,17,0.04360501,2839.7,2024-10-05,2024-11-02
BTC,14o48U54Po5JFsJbC2KrxAV7g8RNu5wTKQ,2,0.00143656,92.8,2,0.00143656,92.82,2024-10-07,2024-10-26
BTC,1CfojvzDZECfF3UB6AvjG8Zx2rZjAZQSZo,1,0.00051825,32.56,1,0.00051825,32.56,2024-10-07,2024-10-07
BTC,13s339J6kE8nTuhFSr1y7J8CKv1jaHz1Jv,3,0.00186462,116.43,3,0.00186462,115.75,2024-10-07,2024-10-10
BTC,1Awxp4ZxcTuXj86j3xwFVnHJQz297qYQAc,1,0.00050076,31.46,1,0.00050076,31.46,2024-10-07,2024-10-07
BTC,13uJT5Qc8YUUmt8gZ45M1KP82ZD22rUd46,1,0.00025794,16.2,1,0.00025794,16.2,2024-10-07,2024-10-07
BTC,1ADP5ja8WCKdvoYct5V9wsWYPzi5e8oA9u,1,0.0012716,79.88,1,0.0012716,79.88,2024-10-07,2024-10-07
BTC,17oBMK5wCnrhX8W4JnRjf2NLoKeXVRBc6i,25,0.01240861,861.14,25,0.01240861,866.42,2024-10-05,2025-03-22
BTC,1F3jycdNVpxDGs7EVwKjadMZDpszCWFy8o,1,0.0014758,92.71,1,0.0014758,92.71,2024-10-07,2024-10-07
BTC,1CuwQQcjosk6fnfdL5TmdDCAKAR9ZE5GEJ,1,0.00071611,44.99,1,0.00071611,44.99,2024-10-07,2024-10-07
BTC,1DSfnZi9Q2LPoPyzr9hRvc1G1SSbcZc4xC,1,0.00078688,49.43,1,0.00078688,49.43,2024-10-07,2024-10-07
BTC,14mRCJcUymZYgL3GuxNxjsskGMpi2FX2BJ,2,0.00152675,95.58,2,0.00152675,95.91,2024-10-06,2024-10-07
BTC,1ksFRC2tPhbFRftwgw8uK9sa6cxjQdyFw,7,0.00467442,305.01,7,0.00467442,304.18,2024-10-05,2024-10-23
BTC,14fQp8vmWbHJrchxMxDmuX4CDkJeNb3CNL,1,0.00050176,31.52,1,0.00050176,31.52,2024-10-07,2024-10-07
BTC,1bDBjFQjgJamt63ELtdD82rk2ApjLUA6Q,1,0.00020332,12.77,1,0.00020332,12.77,2024-10-07,2024-10-07
BTC,1JBVKr6hRzPm6Bnh7WpveSu1ygL6z5RhbX,1,0.00224494,141.03,1,0.00224494,141.03,2024-10-07,2024-10-07
BTC,1Er87dGdUje7SqhbWpQrCC3HK2qr1VzmNe,1,0.00086693,54.46,1,0.00086693,54.46,2024-10-07,2024-10-07
BTC,1KQ5ZWLUJKbNv4zyk3D6SWqVo1TVhuKzV1,10,0.00729326,461.97,10,0.00729326,463.72,2024-10-05,2024-10-15
BTC,1GHk8zipSN6sTz9umNtFS9nr3hmptYjmXH,4,0.00332308,207.99,4,0.00332308,206.63,2024-10-07,2024-10-10
BTC,16UrdfgmuTq6WBB7bEViWDdeagwG5jRZxB,1,0.00018066,11.35,1,0.00018066,11.35,2024-10-07,2024-10-07
BTC,1Fpq9owDpCnsNSZDhwi8Qk1Ep8yZt3A47b,1,0.003107,195.18,1,0.003107,195.18,2024-10-07,2024-10-07
BTC,1NZD6Q9MdrXu9mt7atibmVuE6bB2N2MKdQ,3,0.00248956,155.79,3,0.00248956,154.4,2024-10-07,2024-10-10
BTC,1HUXboopRoxzmMXkno9FFtiuJ7XEJaPTza,3,0.00445885,285.87,3,0.00445885,284.72,2024-10-07,2024-10-15
BTC,19ajzjtP2aFfsxWhmKL3dA8K8kUjDCZ32q,1,0.00077311,48.57,1,0.00077311,48.57,2024-10-07,2024-10-07
BTC,16A8nd6sTtmtWQGriZZxC5uvTXzWq72fnK,2,0.00324624,214.45,2,0.00324624,214.45,2024-10-07,2024-10-20
BTC,17fu34GnRMrX8YgjiiGPEkZ9K7g3wjRnM2,6,0.00358304,241.66,6,0.00358304,241.76,2024-10-07,2024-12-03
BTC,13YUMwG8mWNRmLHc7MSrsijUNk82i9v9qS,1,0.00027849,17.49,1,0.00027849,17.49,2024-10-07,2024-10-07
BTC,1NTaXhYweqzcgB4fiYWCcz5erSSXX24pMd,2,0.00097491,61.0,2,0.00097491,61.0,2024-10-05,2024-10-07
BTC,14c8W1gR4eGQmUfJbzDUJuPhZNJbGymMyC,3,0.00097876,72.46,3,0.00097876,72.47,2024-10-07,2024-11-11
BTC,1PhXC8va1AAyquPSfboNxN8YPFbiX7Eezr,1,0.00067,42.09,1,0.00067,42.09,2024-10-07,2024-10-07
BTC,1C3ND7wr1oaDY6J18WWxbabzKvDvqtzpCf,1,0.00035217,22.12,1,0.00035217,22.12,2024-10-07,2024-10-07
BTC,1FJVbD6zphrHbc4eiu5Z8vkHR6i64vEZ2V,1,0.00050249,31.57,1,0.00050249,31.57,2024-10-07,2024-10-07
BTC,13n74wt3mV79FmXFL34EcxveQw79UZuQUb,3,0.00787267,492.58,3,0.00787267,487.43,2024-10-07,2024-10-10
BTC,1DJRGJzuEeQXGersrSorMST1fGud4aQPB6,1,0.00021635,13.59,1,0.00021635,13.59,2024-10-07,2024-10-07
BTC,16VcG4FTv3cp29Rqq9A1TpDbV1wYqYxjHM,5,0.00165607,101.57,5,0.00165607,104.17,2024-10-06,2024-10-13
BTC,12Mspyw56aoyL1hE1LFFRLRorna98SCBME,1,0.00020244,12.72,1,0.00020244,12.72,2024-10-07,2024-10-07
BTC,1xseqYXE6HQfXpUBjnYrWHF1YNviptLft,1,0.00231546,145.46,1,0.00231546,145.46,2024-10-07,2024-10-07
BTC,12XbGRHgDhdMUdVtFmfGQ5UG3FZLHEZ1sA,4,0.00437998,361.95,4,0.00437998,371.5,2024-10-07,2024-11-28
BTC,14BirnfHow5CjJufuDxyRBZfNwBcypRJQS,2,0.00203352,125.27,2,0.00203352,126.87,2024-10-04,2024-10-07
BTC,1FiWmXtpYfvnYPsm2BbrkPRyWymjbxhLa7,1,0.00030475,19.14,1,0.00030475,19.14,2024-10-07,2024-10-07
BTC,186XQVs9TPp7tQXFcty8AF5GjeQNxSkcMk,3,0.00085077,58.03,3,0.00085077,58.91,2024-10-06,2025-03-19
BTC,1Ci9hS8AuA8ATdZ2vZ827qXJtBB59TsFQi,3,0.00513548,317.55,3,0.00513548,319.98,2024-10-05,2024-10-10
BTC,1MJyLzYtXEYAYYvXoqxr9e4TfTWkjNPKJd,1,0.00056735,35.21,1,0.00056735,35.64,2024-10-06,2024-10-07
BTC,1DYUv6jqtCXQRaiGJri1d3aLsxZQbNgHQA,1,0.00161616,101.53,1,0.00161616,101.53,2024-10-07,2024-10-07
BTC,1EYHVUKvb7QyfWnytgczrFp2zsXzerCXQ9,1,0.00096792,60.07,1,0.00096792,60.8,2024-10-06,2024-10-07
BTC,1Pf8ZfUsXw8NSqNHgMFV4YaCANFToUCjb,1,0.00021288,13.21,1,0.00021288,13.37,2024-10-06,2024-10-07
BTC,1K4BhBCJkvFrXV4C5kbpPtJZ9T5vrdM7Eg,2,0.00077196,48.28,2,0.00077196,47.78,2024-10-07,2024-10-10
BTC,1Lj4vAVLDa9LaUsC38UG1NuM8CgtHgbnAc,1,0.00039121,24.28,1,0.00039121,24.58,2024-10-06,2024-10-07
BTC,15kDSgeSgW721K93KAKAqyQmLGWb1NBqcm,1,0.00030586,18.98,1,0.00030586,19.21,2024-10-06,2024-10-07
BTC,1H8D93Y5SY3FuxN9BsJxUwF6urVMGt9y1q,1,0.00191329,118.73,1,0.00191329,120.19,2024-10-06,2024-10-07
BTC,18wCLcrHxvvAamWWbndbLnzEm1WHdrDjuM,1,0.00020702,13.0,1,0.00020702,13.0,2024-10-07,2024-10-07
BTC,1PipRUy9y6G8cKZuKrzjLvEtNva8P7JrZq,1,0.00071871,44.6,1,0.00071871,45.15,2024-10-06,2024-10-07
BTC,13Em32gdXH9smDdrDoZ8cuG8jJVNaYQzk7,2,0.00075686,46.98,2,0.00075686,47.23,2024-10-05,2024-10-07
BTC,14CgKDuTqHDj88osGF2M5wiUiDMcaBUwNw,4,0.00123488,76.9,4,0.00123488,77.46,2024-10-06,2024-10-19
BTC,1FkCrkC3b3Dd5g2em7W8pPXzynGxWa4zeU,2,0.00073921,45.88,2,0.00073921,46.17,2024-10-05,2024-10-07
BTC,1G2ajjVzPTfizGQKqMcY2FhhNwHVvi8L4r,1,0.00198048,122.9,1,0.00198048,124.41,2024-10-06,2024-10-07
BTC,1Fujs1GYa2ZeF3L4FuYP8eNWzEst2aucY2,4,0.00434352,286.04,4,0.00434352,295.29,2024-10-07,2025-01-05
BTC,1LPnHJcoXDmqRJeV8zQrYsGhYQxknDNCYH,2,0.00056294,35.21,2,0.00056294,35.36,2024-10-06,2024-10-07
BTC,1HvWxNq4nHZestWKJcznc4DnkVraZKWGhz,1,0.00033709,20.92,1,0.00033709,21.18,2024-10-06,2024-10-07
BTC,1BdQpau8gmrUmij28cvRW8Sm4HoidJNXeo,1,0.00057048,35.4,1,0.00057048,35.84,2024-10-06,2024-10-07
BTC,1LJU44VSdR13PztvtRDMp6jzxfCQG3xyUT,1,0.00386171,239.65,1,0.00386171,242.59,2024-10-06,2024-10-07
BTC,13cvRWbGwTxs5SpBtS595vyrPuJSSuXNJ1,1,0.00039943,24.79,1,0.00039943,25.09,2024-10-06,2024-10-07
BTC,1DRxsRQq6fa1nhyKAAg4XKKq3vgcyRkF4Z,3,0.00259515,161.88,3,0.00259515,162.44,2024-10-06,2024-10-07
BTC,19hkN9WUCeevF4BHsujvyqAfYM2GNuibBS,13,0.009831,606.13,13,0.009831,614.65,2024-10-04,2024-10-19
BTC,1tktnmewK1F2Nhbo5qLsTkEJ7frZSv1QL,1,0.00025886,16.06,1,0.00025886,16.26,2024-10-06,2024-10-07
BTC,1Dr9yUWiNqnza7A9VVzYiwy9anDqKbsKmR,1,0.00152289,94.51,1,0.00152289,95.67,2024-10-06,2024-10-07
BTC,1JqTBEYWkPvNzGDfQBYuVbDo8Fmstg7Smm,11,0.00617467,444.28,11,0.00617467,451.15,2024-10-06,2024-11-28
BTC,16qX7ZaSaFyBCrzHANGdfPFEG8h7HRRokB,10,0.00522962,455.2,10,0.00522962,457.94,2024-10-06,2025-04-29
BTC,1DuNTFAhdz3yGrMCwBXJHZXFme86PvwunV,1,0.00037,23.24,1,0.00037,23.24,2024-10-07,2024-10-07
BTC,12149zPiqTTU3hRAuaJGiZjDki4DpHNfBr,2,0.00178306,110.66,2,0.00178306,111.89,2024-10-05,2024-10-07
BTC,112cHhGmoEiTT7t1dMwtEtWTZb4FW27Bqj,20,0.02081837,1396.2,20,0.02081837,1395.59,2024-10-05,2024-11-23
BTC,1Cx9viA5PqqRHXhxhQvLJQQoivdacjqm5M,1,0.00040077,24.87,1,0.00040077,25.18,2024-10-06,2024-10-07
BTC,19NF917Tmvbio7vvW5cr5rgVJkqpkcG63s,4,0.00439226,271.51,4,0.00439226,269.64,2024-10-06,2024-10-13
BTC,1M3anrZgnvzwi8VP6RyTxWMdeBDxLRQvXt,1,0.00230992,143.35,1,0.00230992,145.11,2024-10-06,2024-10-07
BTC,1PXnnGsHNp8ndAcRGzLW56r1futmx1SX9k,1,0.00028791,17.87,1,0.00028791,18.09,2024-10-06,2024-10-07
BTC,1P7C76yRTmurNqnYZkJ5UQQmBSQ2b5ai99,1,0.00027272,16.92,1,0.00027272,17.13,2024-10-06,2024-10-07
BTC,1MXWHsAsz2LMirTCxJj2uREVwwmzmWDyC4,1,0.00089816,55.74,1,0.00089816,56.42,2024-10-06,2024-10-07
BTC,1CxuYJ3UUuZxmtjyvVQ1k9QVzYRfAqMxk,4,0.00135975,89.91,4,0.00135975,91.4,2024-10-06,2025-01-02
BTC,13f7qbRDzFXLY7cf2WFLrSXwxda4BUf5qv,3,0.00100808,63.06,3,0.00100808,63.8,2024-10-05,2024-10-15
BTC,14mRt7VwGXHxeV38qhVs9GYtXmY6BNCg3V,1,0.00146681,91.03,1,0.00146681,92.14,2024-10-06,2024-10-07
BTC,1NTqvxK7PFJufHcRnmgkMHZ1BsutYcnaRc,1,0.00087814,55.16,1,0.00087814,55.16,2024-10-07,2024-10-07
BTC,12wmaZqy7DGcXBaKGaKtndhL9T8A3CR9nE,5,0.00305517,244.75,5,0.00305517,249.06,2024-10-06,2025-04-10
BTC,1PCg17BeDPJPwBw1QyneZD1ubAmnBfSCtT,1,0.00158253,98.21,1,0.00158253,99.41,2024-10-06,2024-10-07
BTC,13FfxZEGH62sh2gQuVFx6ywqRQsYGCENUU,1,0.00089427,55.5,1,0.00089427,56.18,2024-10-06,2024-10-07
BTC,1NMG91BN3mswsHEF5VZkSLnAoRwPZJxYs8,38,0.02369527,1771.87,38,0.02369527,1788.38,2024-10-06,2025-04-20
BTC,1ABEkCYErxP1WNGGAVn5QNro7enysscpKQ,1,0.00018804,11.67,1,0.00018804,11.81,2024-10-06,2024-10-07
BTC,1Ati9PBoYifB6tmrpiQSEak9HqYeSiqYNZ,2,0.00162326,99.31,2,0.00162326,102.36,2024-10-06,2024-10-13
BTC,1DcngkpCN7x4QqfugksdPexQZU8dKed36k,1,0.00029447,18.27,1,0.00029447,18.5,2024-10-06,2024-10-07
BTC,1MZqwbUk62g5Zv5JfpNAXisywjpYKVeH3t,7,0.00380147,241.82,7,0.00380147,242.84,2024-10-06,2024-10-20
BTC,1NhpWRkEQXg3iawGdNNtNbzVBXYGFKfY4U,1,0.00028841,17.9,1,0.00028841,18.12,2024-10-06,2024-10-07
BTC,12WzzocoZ84MzEqatjAZkErrYbkS3hhhVe,14,0.01884995,1209.86,14,0.01884995,1211.55,2024-10-06,2024-12-05
BTC,1Ke2U9uihfhC8xD95JD7e2KxxoDKG7yhcA,2,0.00079222,49.57,2,0.00079222,49.9,2024-10-06,2024-10-13
BTC,1NzBpVwPVHqxmF6aHLaHY3RmgFHHkWq6XB,6,0.03706792,2332.81,6,0.03706792,2328.67,2024-10-05,2024-10-19
BTC,1uCHdjjsW1sz5rpSHRJ6ExhFnRpM6x9Sf,19,0.01455716,1100.42,19,0.01455716,1107.0,2024-10-05,2024-11-21
BTC,1862oYa8zuBnG9pE4HzbvyesKTvZE1n71d,1,0.00018008,11.18,1,0.00018008,11.31,2024-10-06,2024-10-07
BTC,122PsytgtNjNV9jmgHMYBJfzBXzRkwqnGZ,1,0.00063917,39.67,1,0.00063917,40.15,2024-10-06,2024-10-07
BTC,1BaGqMkaebD5angykqPdGhMQ1AS4aY8zM9,1,0.000803,49.83,1,0.000803,50.44,2024-10-06,2024-10-07
BTC,1PuXZLWkpMcLfY29UnqU5mUEhjFWAc5aPB,3,0.00211575,130.7,3,0.00211575,132.79,2024-10-06,2024-10-13
BTC,17S7cTxXWD74PXbhTp1ydiRc3kjkv5hQKo,7,0.00425526,288.36,7,0.00425526,286.46,2024-10-06,2024-11-02
BTC,1MrQE2abvNN5k9LRq7eJcH87QURmVK8Ebo,2,0.00136109,85.19,2,0.00136109,84.88,2024-10-06,2024-10-09
BTC,1AsxMVZwQeYiMHjxgMH2VMLtC9VNS6dgoV,7,0.00294205,187.83,7,0.00294205,191.65,2024-10-04,2024-11-06
BTC,1MLM5gqJUPU9tpyo4ytXyoEnce51rUeLGM,1,0.00167059,101.49,1,0.00167059,103.72,2024-10-04,2024-10-05
BTC,1HjTxUq3jCu3HkVMz8wCAwvuFhrjAjKGiJ,1,0.00287215,178.32,1,0.00287215,178.32,2024-10-05,2024-10-05
BTC,16fVG35oCKEjyJBkXQG7iQwc6bJFU3FpyJ,2,0.00065976,41.16,2,0.00065976,41.66,2024-10-05,2024-10-15
BTC,1AbS1LTPpwWeHpSrcriDfkoYxHNWwqP1dD,1,0.00063451,39.39,1,0.00063451,39.39,2024-10-05,2024-10-05
BTC,1JV7Ks49fwcwXjHg5ojQsEp4cKMiRiQhiq,1,0.00024593,15.27,1,0.00024593,15.27,2024-10-05,2024-10-05
BTC,1KCd4x1E9sUdpoBmqpgxXuCLzMdSuxyvwP,1,0.00049483,30.72,1,0.00049483,30.72,2024-10-05,2024-10-05
BTC,15WvjMVunTYBziUf4SNPPX3jrnuawR6Qec,8,0.00546532,372.35,8,0.00546532,378.86,2024-10-05,2025-01-27
BTC,13nGvmQwRuC7e6s1EYqfZBD4jPyR1ag25C,3,0.00801265,514.95,3,0.00801265,522.38,2024-10-05,2024-10-19
BTC,1K8oLqiffSv7LC7fWFg8EFwx3Q8jkUbqpv,3,0.00563018,344.31,3,0.00563018,349.56,2024-10-04,2024-10-05
BTC,1MxoEURcJv4ciKWLHbXKHQ4j5qwn56bZT3,1,0.00029439,17.88,1,0.00029439,18.28,2024-10-04,2024-10-05
BTC,1DTqdeNpWmCTGY195nxcahqj3HjGwz2Bs1,2,0.00048354,30.03,2,0.00048354,29.79,2024-10-05,2024-10-10
BTC,1AAtLYJzNyJyyrmi82wbBsegXCT9ovM1qE,12,0.005016,350.08,12,0.005016,351.72,2024-10-05,2024-11-17
BTC,1JTG77frY9G1HAznGfghYHBn6LFxKJv8qH,3,0.00379823,286.62,3,0.00379823,285.34,2024-10-05,2025-02-24
BTC,19kQMxmSG1LgLo2wuacrxaPKR9yKRKobTQ,1,0.00027044,16.43,1,0.00027044,16.79,2024-10-04,2024-10-05
BTC,15UbNu14fta11QRnVUKDkSmfsBkQ6FQZvc,1,0.00225647,140.1,1,0.00225647,140.1,2024-10-05,2024-10-05
BTC,1MtiVDfvgYJMLxYRcQKYFWPmFrNzUi7bSA,2,0.00280055,173.87,2,0.00280055,173.87,2024-10-05,2024-10-05
BTC,1Aww5ukB559qEFMyNUSWZYFvdkiak6tEdm,11,0.00274477,215.19,11,0.00274477,217.41,2024-10-05,2024-12-02
BTC,179X6HRRQWTGZay3nZqx9R2oQeMtinctdE,5,0.00177525,127.38,5,0.00177525,127.57,2024-10-05,2024-11-14
BTC,1DHhjydHL1hnmnSVShv4iWDaS1PLhwbtHN,1,0.00028711,17.83,1,0.00028711,17.83,2024-10-05,2024-10-05
BTC,1Ajq98SnMzXq93Gzb8ywjBAats4jx9Nwda,1,0.0007,43.46,1,0.0007,43.46,2024-10-05,2024-10-05
BTC,1SyXmeuLXYPoRer8jT83m8btZLaZYkuDj,2,0.00078979,49.03,2,0.00078979,49.03,2024-10-05,2024-10-06
BTC,1KVonGLjirbMv6gMhc9Kq1serX4vFZfV96,1,0.00054618,33.91,1,0.00054618,33.91,2024-10-05,2024-10-05
BTC,13hxZQEA6EFLmeN6DSEvLpxznnmrqo9uzs,1,0.00039526,24.01,1,0.00039526,24.54,2024-10-04,2024-10-05
BTC,1GwYzqAeZXntRmtjKnMYRuUDrEBCestbJz,1,0.00037624,23.36,1,0.00037624,23.36,2024-10-05,2024-10-05
BTC,1AHbZZP7uXDCfYHi1cpbD4EQsg64b5WdRD,4,0.01218799,1009.83,4,0.01218799,1009.83,2024-10-05,2025-01-05
BTC,1JiHzpMAvDVbWA4h6aQ5x5U6LAV7JygfLn,2,0.00129617,88.44,2,0.00129617,88.32,2024-10-05,2024-11-17
BTC,1G2hkJSUZHL5xKEYbnoUT6x1vH6BsCEH1N,3,0.00382724,247.55,3,0.00382724,249.16,2024-10-04,2024-10-19
BTC,1HdZmDTvY8JHTBUuydw42Sexa6UumypydD,1,0.00060126,37.33,1,0.00060126,37.33,2024-10-05,2024-10-05
BTC,1PpyY5cZXtY6eNbCHKmK9YejorC6PZ8JW2,13,0.00888022,595.63,13,0.00888022,601.56,2024-10-04,2024-11-07
BTC,18JLPTdHeVYBpg35Zht6xXGuQovuR87Gtq,1,0.00150797,91.61,1,0.00150797,93.62,2024-10-04,2024-10-05
BTC,13yGxaBeBoV5wZnQLDZKgbrepysSz83bvt,2,0.00147644,90.79,2,0.00147644,91.64,2024-10-04,2024-10-06
BTC,1FYMgVMkowCietA87AMrERUCvjtcVYKp4G,1,0.00055964,34.75,1,0.00055964,34.75,2024-10-05,2024-10-05
BTC,1G1Wrx1ofesEboW9EZpZmTwbi8MT5B6LX,1,0.00182858,111.09,1,0.00182858,113.53,2024-10-04,2024-10-05
BTC,1APoK2j5kCVLBvMtj9P5grfTmTdS5ofvE9,1,0.0008426,52.31,1,0.0008426,52.31,2024-10-05,2024-10-05
BTC,1XojXmnSo2HnVihq4f5meJrkcDhnyBqot,1,0.004091,253.99,1,0.004091,253.99,2024-10-05,2024-10-05
BTC,1HnedweyE3VQpCPAR6KpjURq1MWnvZxJJ4,1,0.00056955,34.6,1,0.00056955,35.36,2024-10-04,2024-10-05
BTC,1DxdrBqT7jYg7QjfAaSRhjnWqSVuGYvE6q,1,0.00045818,28.45,1,0.00045818,28.45,2024-10-05,2024-10-05
BTC,1ApfGF6fPsNz9ToY9dKLPNX66jJgcPD5QE,1,0.00084988,51.63,1,0.00084988,52.77,2024-10-04,2024-10-05
BTC,1MJR3UEGAKqWHx9wb4Sw7uFdEoCLQk9Ada,1,0.00036628,22.74,1,0.00036628,22.74,2024-10-05,2024-10-05
BTC,1QAhaM6SbNCtPPp4rjGYtMgKXY2HFWVjkH,1,0.00186635,115.87,1,0.00186635,115.87,2024-10-05,2024-10-05
BTC,1NADUH7EdGaLnkRCijxb3VTm53bUmy41Xy,1,0.00058964,35.82,1,0.00058964,36.61,2024-10-04,2024-10-05
BTC,1N9nzJ49e4TxMMWxbx7oWTZubwK8xbktTV,1,0.00112094,69.59,1,0.00112094,69.59,2024-10-05,2024-10-05
BTC,12czni2us1cdG3CbNDmjj4ekK39PPcACw7,1,0.002,121.51,1,0.002,124.17,2024-10-04,2024-10-05
BTC,19LNQEJp1B6m3cFNsZ5brmr6Ci2x7ZscdL,1,0.0004811,29.23,1,0.0004811,29.87,2024-10-04,2024-10-05
BTC,1LKJW4FyXEuk5Kky428h6beJ3hkevk3cHD,1,0.00074632,45.34,1,0.00074632,46.34,2024-10-04,2024-10-05
BTC,19cQT3S7St5NpTL7HoaaGqbj5rvBgj8sVi,4,0.00403959,265.08,4,0.00403959,265.03,2024-10-05,2024-11-06
BTC,177E78Zhg8hBEurbeQ6vktSphSBEea6SH7,8,0.00472522,324.96,8,0.00472522,323.33,2024-10-05,2025-01-07
BTC,16ZKHQPyJn5f95RDZpPAVAiwVB68GRAnaF,1,0.0015,93.13,1,0.0015,93.13,2024-10-05,2024-10-05
BTC,1MtkLf8v82qcf4mysTWVdWTQYdrVc3C9P5,3,0.00096717,61.82,3,0.00096717,61.96,2024-10-05,2024-10-19
BTC,14RrCgmt5TXLs8q3H7CBu3QnZ4BiXRgmf8,1,0.00176756,109.74,1,0.00176756,109.74,2024-10-05,2024-10-05
BTC,1E75aw8JjTBaNLDzhyHL9zBDWzACU6wifN,1,0.00057576,35.75,1,0.00057576,35.75,2024-10-05,2024-10-05
BTC,17JBrcWZEmV6VEMq9h3iSTHVkminxV1UC,2,0.00067845,43.45,2,0.00067845,43.45,2024-10-05,2024-11-06
BTC,1BTPRvPjLQHxACb6gdt5gc8FjLcKyKthhY,5,0.00640284,488.12,5,0.00640284,486.0,2024-10-05,2025-04-02
BTC,1NGb1kMHR5H14X7188zAoxpphuJ8QvFSZy,1,0.00018348,11.15,1,0.00018348,11.39,2024-10-04,2024-10-05
BTC,1JeHHtN65HysKochUB1BMd4Y6dztF3XPhp,15,0.02447216,2098.84,15,0.02447216,2111.7,2024-10-04,2025-04-20
BTC,1MRTitwmDFh9Mnshwp5q8J9N1zp6KaUkrA,1,0.00048195,29.92,1,0.00048195,29.92,2024-10-05,2024-10-05
BTC,141ifMTVynxTciKGfMLc3RDVdfZ26nhPZt,5,0.0050447,312.04,5,0.0050447,307.48,2024-10-04,2024-10-10
BTC,1PmMjfLdfX3RnzEhBW8HgwhmRenSsRHQpB,1,0.00013918,8.64,1,0.00013918,8.64,2024-10-05,2024-10-05
BTC,16jDwjfvzFRm8ypFqe8abAeujZ66216uyf,2,0.00450912,350.74,2,0.00450912,356.5,2024-10-05,2024-12-05
BTC,15sSAPgACpmGRwSVBb2zaGMBSZ72bRNYZB,23,0.01029398,702.45,23,0.01029398,700.99,2024-10-05,2024-11-10
BTC,15B3nRpx1P742tgubjuDPEia3up4GrZJHV,1,0.00042103,26.14,1,0.00042103,26.14,2024-10-05,2024-10-05
BTC,1GgejQww7Mb68w9DJaBHjGJ2SCJV2vHrVv,1,0.00089627,54.45,1,0.00089627,55.65,2024-10-04,2024-10-05
BTC,1JSeE6aR1qv4RGohhzPyuJGyU79LzAeCLD,1,0.00160474,97.49,1,0.00160474,99.63,2024-10-04,2024-10-05
BTC,1DWA4RktYC8G5P8gPRVp6YAQYAe9DqFoxa,4,0.00192362,119.55,4,0.00192362,118.8,2024-10-05,2024-10-10
BTC,1HpqT4QCv8bqgd5mPhmexuBdJnHF5Ld6YQ,1,0.00041999,26.08,1,0.00041999,26.08,2024-10-05,2024-10-05
BTC,1Li54LxpjYwkfwdfEJrEn15a76y3Yq9CHa,1,0.00032527,20.19,1,0.00032527,20.19,2024-10-05,2024-10-05
BTC,18XdkoGEWUZ8fp1233shwiGH6WHY47pQ9B,1,0.00075792,47.06,1,0.00075792,47.06,2024-10-05,2024-10-05
BTC,1AMjesLzqYEwmACnG5q63YF827XT91N2F2,11,0.01560793,1041.03,11,0.01560793,1049.23,2024-10-05,2024-11-06
BTC,1PZXfPQFviDLVdtWeSCwSo77jeLj2wizSg,1,0.00098707,61.28,1,0.00098707,61.28,2024-10-05,2024-10-05
BTC,1KtYnUg9tSGpRjxgUaQReKw2yABCpAWsLD,3,0.0019881,125.66,3,0.0019881,124.95,2024-10-05,2024-10-23
BTC,17novSqPZKnKiZaD51qbPN7TRtsCvRC2uR,2,0.00202826,125.97,2,0.00202826,125.08,2024-10-05,2024-10-10
BTC,18WWGrUvHEnXUbs7itGAYmgQs57pkee5jN,1,0.0018855,117.01,1,0.0018855,117.01,2024-10-06,2024-10-06
BTC,1BKC6J7srkmFbCSQSpcrEnb7rWQP8EnWJp,4,0.00199654,126.11,4,0.00199654,128.25,2024-10-06,2024-10-16
BTC,1FLzxygdTeR28c4hT6a13w4SdevhNBYvCR,2,0.00138565,85.05,2,0.00138565,85.05,2024-10-06,2024-10-10
BTC,1LuHUxyVndcheF1LAwuCsi3NmzWjJGuE35,4,0.00524129,344.54,4,0.00524129,351.88,2024-10-06,2024-12-07
BTC,1D922R9f4apJraLyPBjQqpHm3Gn2xMG11e,1,0.00065454,40.62,1,0.00065454,40.62,2024-10-06,2024-10-06
BTC,12ZcYgPxT1QCxkpWeuxX4RcH2JA4q7u2uM,2,0.00080404,49.97,2,0.00080404,49.94,2024-10-05,2024-10-09
BTC,17SJ6EyNXgLVMPtGc1FJqcisq6qAPdkdXC,1,0.00041979,26.05,1,0.00041979,26.05,2024-10-06,2024-10-06
BTC,1EVGNtkre36pH3fQPuKKJ8VXqzP3x9Nr2a,2,0.00133631,83.02,2,0.00133631,82.98,2024-10-06,2024-10-09
BTC,19rn6hm3JKQpepeWEY9rwmaivZrUcr1jrG,1,0.00032259,20.03,1,0.00032259,20.02,2024-10-05,2024-10-06
BTC,1FZVXqNgJQYt4Q95SxDKeWeTYm5KyKWx1U,1,0.00053731,33.36,1,0.00053731,33.34,2024-10-05,2024-10-06
BTC,16voNdHNLi8VT1KnYqTgYGGbc3vmWajrW3,3,0.00153808,95.49,3,0.00153808,95.42,2024-10-05,2024-10-10
BTC,1KgSz2DUodTw4y7xWiHyEV4xNx9e7jQguk,2,0.00035626,22.12,2,0.00035626,22.11,2024-10-05,2024-10-06
BTC,1HZr3NEvmnekbhre3XEj1hCmro2rZ9ixVh,1,0.00025137,15.6,1,0.00025137,15.6,2024-10-06,2024-10-06
BTC,1Ky2mx2iEt22rVGtME62N1m8YTrS63Y6k3,2,0.00143278,106.89,2,0.00143278,109.13,2024-10-06,2024-11-22
BTC,1NzY9ynQ3Bko6PpCJZBZqWTZRE97MBsSBT,1,0.00039,24.21,1,0.00039,24.2,2024-10-05,2024-10-06
BTC,12PQAm8m32AyEB93rkb9kTjEELPrU7Prtk,1,0.00048138,29.87,1,0.00048138,29.87,2024-10-06,2024-10-06
BTC,17cLmkEQTPaJvh95okveNZgfU6AjxabXkb,1,0.00057572,35.74,1,0.00057572,35.73,2024-10-05,2024-10-06
BTC,1McphChw5cwx3hGuLo45FtArpD4qrvYdQ6,1,0.00035624,22.12,1,0.00035624,22.11,2024-10-05,2024-10-06
BTC,16NrqYP6yFpBdHRQ8oLAZspmbMNKBWqk16,1,0.001613,100.14,1,0.001613,100.1,2024-10-05,2024-10-06
BTC,1PxsC1c7yauNQDpJRrodR2P4tmMhBUQ13H,4,0.00153691,98.44,4,0.00153691,99.24,2024-10-05,2024-10-19
BTC,1AD9z62iSM2UMWcDpao2iGySdJa9ruXWyB,2,0.00094627,92.45,2,0.00094627,94.03,2024-12-04,2024-12-07
BTC,1Mu8yUtBCMX3J2z3gPPCJM95upP8YgZr9n,1,0.00049508,48.81,1,0.00049508,49.38,2024-12-05,2024-12-07
BTC,1NppMseQHc3wWR8QZwxMo9ft5iqtbEtpjp,1,0.00055245,54.46,1,0.00055245,55.1,2024-12-05,2024-12-07
BTC,1GfLvZLCgLn4ecSaMqQBTmtFkLUsG4nkWB,2,0.00071024,67.91,2,0.00071024,68.89,2024-12-06,2024-12-28
BTC,14Nq12iMPm7pjQgagfxUvas53zZ61t2AVd,3,0.00069078,67.5,3,0.00069078,68.65,2024-12-03,2024-12-07
BTC,16rqfEaU5irHuUx5hsRH3bfCbozwCxHpeb,4,0.00072113,65.51,4,0.00072113,64.81,2024-10-21,2024-12-19
BTC,1HGHtTVbznkKAps2BLvzhar9iCtFVCqC9o,4,0.00883415,828.75,4,0.00883415,828.39,2024-10-07,2025-02-06
BTC,1DGQW7tDyFb2FkyQMGiaCS2vPCxg2TMhzd,1,0.00050384,48.85,1,0.00050384,50.25,2024-12-06,2024-12-07
BTC,1QBUWX8s5EpNGXogWhh81hb6Wcbb4zwkWX,42,0.0420388,3212.85,42,0.0420388,3246.36,2024-10-14,2024-12-07
BTC,1Ern3sDbKZMRMVd28VqFLih3xw1E9KdNKs,1,0.00043738,43.12,1,0.00043738,43.62,2024-12-05,2024-12-07
BTC,1Eb8gj9v6zvJjxhkPmbfxYmTz248wLxh9a,8,0.00137141,131.73,8,0.00137141,133.09,2024-11-12,2024-12-15
BTC,1Q9E3E31btRVbW2WRzH91ytMrbNUWpaCmS,6,0.00109885,83.59,6,0.00109885,82.85,2024-10-28,2025-03-30
BTC,1BpTSsdYciJtkUiUxQXETwhAJmdjzvtvxX,1,0.00054418,52.76,1,0.00054418,54.28,2024-12-06,2024-12-07
BTC,1NBDxzmf25gnL3mKG7TTmzXkpauWDgnynB,1,0.00045347,43.96,1,0.00045347,45.23,2024-12-06,2024-12-07
BTC,1NEDSC8FDGt7SEsiJpV3p5x94sgVd1DFTi,6,0.0009448,94.35,6,0.0009448,95.41,2024-12-05,2024-12-15
BTC,1vWYLUa2DgyTQ1c8ptfPwrLbXfAWWUkrm,1,0.00024763,24.01,1,0.00024763,24.7,2024-12-06,2024-12-07
BTC,15fA1pu969sXnZQsa6xSzGA9jvSb63pSDt,2,0.0004223,41.03,2,0.0004223,41.87,2024-12-03,2024-12-07
BTC,1JRLDXjmR1Pz3pJwm2D7mnk9ajcNE7za9M,1,0.00029445,28.55,1,0.00029445,29.37,2024-12-06,2024-12-07
BTC,1842HGGLt5Hn6jeA1JbtzzQGUG4wCHMVVt,1,0.00013233,13.05,1,0.00013233,13.2,2024-12-05,2024-12-07
BTC,17BagZn6X4wnzkA1m61S86DCYCDArjLq4w,1,0.00034651,33.59,1,0.00034651,34.56,2024-12-06,2024-12-07
BTC,14d6J4HjhvBKt2JFuh42tfSUYUmJuChZDQ,1,0.00036179,35.07,1,0.00036179,36.09,2024-12-06,2024-12-07
BTC,16Gbc5TsnARn8TmvbPyAc4j9WgABLHifVM,1,0.00020214,19.6,1,0.00020214,20.16,2024-12-06,2024-12-07
BTC,1DkQ2aXEshSFbza8PphQsG8wQHT6jAYvxQ,1,0.00094337,93.0,1,0.00094337,94.09,2024-12-05,2024-12-07
BTC,128of9tHbNn83EHDwV4bk7wTPJmUamgJSz,3,0.0028261,285.67,3,0.0028261,282.01,2024-12-05,2024-12-26
BTC,1EjFKs8NJqyzKa1iNGiFBsA7SMyUGaerjk,2,0.0005224,48.95,2,0.0005224,50.79,2024-11-27,2024-12-07
BTC,1215mkSxyzXxZMZMkfb3v3ApPHcc1JehgQ,1,6.481e-05,6.28,1,6.481e-05,6.46,2024-12-06,2024-12-07
BTC,13cabQC5EQezvx7jSbsgfKrT6hFU1pZnPN,1,0.00015884,15.4,1,0.00015884,15.84,2024-12-06,2024-12-07
BTC,14y8rhpcQkX52kxG8dSZ6wZyui8tKWswkZ,1,0.00051497,50.77,1,0.00051497,51.36,2024-12-05,2024-12-07
BTC,1DvK7VYfPCyZULXLAyQTYaRpGmuXkirbmg,17,0.01533937,1400.38,17,0.01533937,1398.58,2024-11-20,2025-04-02
BTC,1GC8TnosQvGG8FsqML45XEYPGcMZYcHr6g,1,0.00043455,42.13,1,0.00043455,43.34,2024-12-06,2024-12-07
BTC,1GB32ra7gGcXTQirzYWJRoEvftEJ6rzsk2,1,0.00066373,64.35,1,0.00066373,66.2,2024-12-06,2024-12-07
BTC,13xsdkhRQkmPFyWrSqnypCtWr8mKe5zf8J,1,0.00021572,21.27,1,0.00021572,21.52,2024-12-05,2024-12-07
BTC,1FAVqC8kWNbi3EBxgpMy5329c25vtYtkWq,2,0.00030535,30.1,2,0.00030535,30.25,2024-12-05,2024-12-07
BTC,14BdgEvriVncjpU7Pn4Wx4smKYNV2FgmYh,1,0.00020483,19.86,1,0.00020483,20.43,2024-12-06,2024-12-07
BTC,1Jg67bnVVS6DR8S88AvDwMzBC9iyjUTsJR,1,0.00074347,73.3,1,0.00074347,74.15,2024-12-05,2024-12-07
BTC,1GbSxxrxRwF4Axn2cf33HAP7Ru2bZiVuCf,1,0.00030133,29.21,1,0.00030133,30.05,2024-12-06,2024-12-07
BTC,1Pe5St4ZzGwQQHQsoy1n7spi4AYSnC8EDr,3,0.00051763,50.06,3,0.00051763,50.63,2024-12-06,2025-02-18
BTC,13s456V5fCMoFoeazG4FXvyWGwPEVX9jCK,1,0.0002688,26.5,1,0.0002688,26.81,2024-12-05,2024-12-07
BTC,1FaqvZrLJNTAJi7ey9LsKbfBXheoeYC29V,1,0.00053847,52.2,1,0.00053847,53.71,2024-12-06,2024-12-07
BTC,13Z7ywTLEeYSmzpDjDiaAhnKyjcDzLUDTD,1,0.00030767,29.83,1,0.00030767,30.69,2024-12-06,2024-12-07
BTC,1BVNHGcr47M5o4GLNoyFLoHUkhkQW9EVVb,9,0.00484171,400.94,9,0.00484171,409.2,2024-10-29,2025-03-19
BTC,17k6sgnLjFbsKufh17Hryyfzho84vSQWTC,1,0.000209,20.26,1,0.000209,20.85,2024-12-06,2024-12-07
BTC,1FaDUGXXmkAPBJ8yfMHPjin4x54GpAmSbE,1,0.00049153,47.65,1,0.00049153,49.03,2024-12-06,2024-12-07
BTC,1CTqGo2xw4rGzJRbZiSr7mVPTogVkZH67g,1,0.00019878,19.27,1,0.00019878,19.83,2024-12-06,2024-12-07
BTC,1KhRSuFXMLmqZV47iBNbx9yCiUmchA5gaM,2,0.0008229,80.78,2,0.0008229,81.37,2024-11-24,2024-12-07
BTC,1MifyDGQRR1EJDdfNB68gFX6HmJFM8KYtB,9,0.00445142,434.65,9,0.00445142,429.97,2024-11-20,2025-02-06
BTC,1JL1PcMTE4E9uvGYryXqFHrigtfKuw5Myk,1,0.00025725,24.94,1,0.00025725,25.66,2024-12-06,2024-12-07
BTC,16snnPWSaTpGNb2E8PmM3cvUxVyHLzo2Nf,7,0.00213633,174.75,7,0.00213633,173.87,2024-10-31,2024-12-07
BTC,1GPHrAWcd6kQorbEuNGrvSq7gn9QaP29nY,4,0.00180244,163.21,4,0.00180244,165.59,2024-10-11,2024-12-07
BTC,1EwktiCd7cejAPYrTmobDebvj6bhm9XXz5,3,0.0026087,257.18,3,0.0026087,258.32,2024-12-05,2024-12-07
BTC,155aP2WLDUMjS7TSCsTrJvAaqU8a2HzYt2,23,0.02591595,2447.07,23,0.02591595,2452.42,2024-11-04,2025-04-20
BTC,163xc66VSDAngAVfP7hMTx92JWpU4PyPHQ,5,0.00248356,191.0,5,0.00248356,192.83,2024-10-13,2024-12-07
BTC,15tDuqbD89NUf3bsRU3zMLDz1H96GCD5ju,7,0.00572237,438.15,7,0.00572237,442.32,2024-10-15,2024-12-07
BTC,12uWqqr312Z7uCof3FKkybpBPJ9Hu9cCYz,6,0.00991567,950.42,6,0.00991567,960.28,2024-11-16,2024-12-10
BTC,1G5dFCyU3LJd7gXkXQWuyNiqGymSwPCYhx,1,0.00010442,10.12,1,0.00010442,10.41,2024-12-06,2024-12-07
BTC,1QD4miD45qN7R1PJaPpgAYqbQ8NYSu7Vkp,1,0.00068103,66.02,1,0.00068103,67.93,2024-12-06,2024-12-07
BTC,18peJxJ3Sr8wKR6kd8xtaNdBP94qb3o5jz,14,0.00714317,650.12,14,0.00714317,656.94,2024-11-08,2025-01-25
BTC,14NCwYDU1GTAZRUvQwKRzwiVZz3ooWu3Nw,1,0.00021852,21.18,1,0.00021852,21.8,2024-12-06,2024-12-07
BTC,12EcjtoQ1WYC6JyFSLrPoE1BS9ma8azs3s,1,0.00109714,109.43,1,0.00109714,109.43,2024-12-07,2024-12-07
BTC,1A96W3UmMcareqFC4zrVZLgMmMV18xdQAU,25,0.00777298,690.51,25,0.00777298,690.37,2024-10-23,2025-04-22
BTC,14KGXFwrZQGjH84EKsZ2j4wBNaoXyau4FR,1,0.00106882,103.62,1,0.00106882,106.61,2024-12-06,2024-12-07
BTC,1Mru7KNkxTqS17qd4AUsQBUMSVX3YLhPoc,1,0.00010049,10.02,1,0.00010049,10.02,2024-12-07,2024-12-07
BTC,1CRGnjnT2LfKYybvLiBUdRtDtB6W3ETGQP,1,6.851e-05,6.75,1,6.851e-05,6.83,2024-12-05,2024-12-07
BTC,1918ynF8RkHMmnKdtvBUoSCsKtJypheXd6,1,0.0004896,48.83,1,0.0004896,48.83,2024-12-07,2024-12-07
BTC,16DymJN1oYTcfZxcUMQzzmAEgbACP2coBz,3,0.00070126,68.27,3,0.00070126,69.17,2024-12-02,2024-12-07
BTC,1MoGqMgsfmcugmFTWTFTbeWKoVSWp3GzeS,8,0.01065817,1078.29,8,0.01065817,1082.05,2024-11-26,2025-01-31
BTC,1GwLq62WdjqaBpXeaSPc1p3WQuRVsbo4XF,14,0.04468139,4055.07,14,0.04468139,4100.57,2024-10-09,2025-02-18
BTC,1N76zRzkDqSSbHwyncmuAeTT8j9Z6mHN8n,1,0.00012053,11.68,1,0.00012053,12.02,2024-12-06,2024-12-07
BTC,1AjcmsgHnprNJkAFgYMBMtMSA5hgV42hbF,1,0.00015125,14.66,1,0.00015125,15.09,2024-12-06,2024-12-07
BTC,1KBb5aLNYho5Ya4WWcHbVSYD1zUAHHUTZv,1,0.00030863,29.92,1,0.00030863,30.78,2024-12-06,2024-12-07
BTC,18EJpCTHEcTkxwoP2A1SJyeB1FcYTryoXv,1,0.00057088,55.34,1,0.00057088,56.94,2024-12-06,2024-12-07
BTC,1Cy1bQaWpahKTy4r8mWysxuHKsvp2vj8Rn,4,0.00241391,212.4,4,0.00241391,213.01,2024-10-08,2024-12-13
BTC,12bLKimxL2Gf3Jjj6ZrqNWUug93cxAxnnK,18,0.00525274,462.58,18,0.00525274,461.4,2025-02-12,2025-05-11
BTC,1LSWEFG3fVy67CpAwBCU8tSQ1mBc2FrzHK,12,0.00511596,465.26,12,0.00511596,467.94,2024-11-28,2025-04-29
BTC,1AAdTfYa5c3JWhgUVkaACDrAeJKyx9zvjN,1,0.0003583,34.04,1,0.0003583,34.04,2025-04-29,2025-04-29
BTC,13BTK6GfgYQG5xSm6B7xAKFWbFQGv7FFJY,28,0.01816952,1524.7,28,0.01816952,1535.24,2024-10-17,2025-05-10
BTC,18MwC7wBj3Ch6nSCPeYisaYKTF6N5bDBGM,7,0.0053065,486.21,7,0.0053065,483.69,2025-01-11,2025-04-29
BTC,19bTzkNjUmthLAaHAz9c9647dr2VYNxSRx,2,0.00111481,99.09,2,0.00111481,100.19,2025-04-12,2025-04-29
BTC,15cmB3WTGFo8EewKS4fJuZ6gYQA8bKJYjW,1,8.299e-05,7.88,1,8.299e-05,7.88,2025-04-29,2025-04-29
BTC,16NZcY1S19hjhzxCBKdKVbbeK9eW9CeKWp,2,0.00268677,248.26,2,0.00268677,248.23,2025-03-26,2025-04-29
BTC,12nK8U2PYh7z2vrDazN3P4YFV3sUe3YkCD,1,0.0008376,79.26,1,0.0008376,79.58,2025-04-27,2025-04-29
BTC,1LCM2S2U4QCgY2mYB8ZqC4Mhn9zmCUZCoU,6,0.00470202,384.2,6,0.00470202,383.47,2024-10-09,2025-04-29
BTC,19fTgkeEYDeq3wb9pQmmjRBiM8fz6GmEjq,15,0.01029354,889.62,15,0.01029354,890.75,2024-10-18,2025-05-13
BTC,1Gp4AURk8Fq1zxkEv2xU38fku6gZcuKsgR,1,0.00020754,17.66,1,0.00020754,18.16,2025-04-20,2025-04-22
BTC,1MwFRhSdTuU4DsGMRQTQ9RV6hV8A2jVgGW,17,0.00732633,608.72,17,0.00732633,615.19,2024-10-11,2025-05-13
BTC,1Ff7hKdibCnF5SKbzRbgVLkkK6mCPwpcXk,6,0.00302319,304.18,6,0.00302319,302.06,2025-01-25,2025-05-13
BTC,1LP2uooVZMwFZrN416AVW3VtUrtpSERS8Z,3,0.00376622,295.7,3,0.00376622,296.16,2024-10-25,2025-04-22
BTC,1EzzgCekWQApqrJJDj6pEpJGqeaf3AcR9q,1,5.711e-05,4.86,1,5.711e-05,5.0,2025-04-21,2025-04-22
BTC,1KmzGgrt7ncVALqgR78v1tpxUgMjKa8D8L,3,0.0027745,240.83,3,0.0027745,244.16,2025-01-15,2025-04-20
BTC,1CwLuYWXdrgywe5vVWSTy8fTkZToe4FYRz,1,0.00014789,12.49,1,0.00014789,12.58,2025-04-19,2025-04-20
BTC,1FAWhjYQXP2NoYimGQEu3ZUftwwYADBxbJ,8,0.00670505,636.13,8,0.00670505,642.32,2024-11-26,2025-04-25
BTC,14XZJNRiPPHMayfPPX4kbynqwRg4DSfmj2,7,0.00387925,309.35,7,0.00387925,310.09,2024-10-14,2025-04-20
BTC,12oSoTMx6L13psJJgqqHfFUH1d7fSxGU4R,2,0.00095583,84.99,2,0.00095583,85.52,2024-12-10,2025-04-20
BTC,1HqvWkFqpb7ZFzQvNQA6CuxtPAKK4pYbp9,2,0.00227111,191.63,2,0.00227111,193.44,2025-04-12,2025-04-20
BTC,18vKU7Mr7MLA1Bqub39owML3wuPJgajoUC,5,0.00234589,214.65,5,0.00234589,209.42,2024-11-21,2025-04-20
BTC,1PsteHpDgHskC5LiV7UkgLNeW2QAyreVgo,27,0.02340293,2063.56,27,0.02340293,2058.28,2024-10-10,2025-04-25
BTC,1HoWrhzLbnAmB7ZsDCdZff4KGKzZmi6RSe,3,0.00105971,101.18,3,0.00105971,100.95,2025-01-24,2025-04-20
BTC,1LZMTKJCEtKQBiaj7AHSMuTygpp98yxhGa,9,0.00735034,661.59,9,0.00735034,656.85,2025-02-06,2025-04-13
BTC,1MeosWqGrMAqRwEUAGnD37HJRz1ZiZem3r,12,0.0035117,322.69,12,0.0035117,327.88,2024-12-11,2025-04-13
BTC,1KNewhmZaHoBX1eYrER9pXQTqXsMEjyc8j,10,0.0027117,236.42,10,0.0027117,235.17,2024-10-20,2025-03-11
BTC,1EDQAYiLYHQecicQUujVebVdFBuryV79bi,19,0.00299966,280.7,19,0.00299966,275.69,2025-01-25,2025-05-07
BTC,1D3i39uBUBrFeS22shd8jJu5hoMMor4mz8,8,0.00268979,230.99,8,0.00268979,229.66,2024-10-08,2025-03-30
BTC,1BwZyCU84XBQZkQFnUEqDWfzbvgmZD6oan,3,0.00148586,141.69,3,0.00148586,137.69,2025-01-22,2025-03-11
BTC,1FB3TnMmq1AMadPdK91JB7kt33YrYcoK1L,5,0.00690602,563.94,5,0.00690602,529.47,2024-10-09,2025-04-25
BTC,15ay4iQHQ9hxueBZnsSKdDxnR8XxXL9NhX,5,0.00325561,258.7,5,0.00325561,256.48,2024-11-02,2025-05-03
BTC,1MnP39Pcsd4F1kkqwKBRqW9D8Ri9LmSmzF,4,0.00409629,354.57,4,0.00409629,336.88,2025-02-24,2025-03-30
BTC,1BHDdewugTY7z9m1zHu55gtDxGYWcbJwPp,1,0.00013939,12.02,1,0.00013939,10.96,2025-03-09,2025-03-11
BTC,12NPjS6a3jRQWaJNx7qVDKVydmdDqns65v,6,0.00151739,137.39,6,0.00151739,136.56,2024-10-26,2025-02-26
BTC,1JZwmZ1KNBXGqZDzhxvt58LD2RofjxxwE6,3,0.0007755,74.62,3,0.0007755,74.75,2024-12-27,2025-02-11
BTC,1ER49LXE59MgkJDJGfQtZ4wrBC7dAM3qrU,2,0.00083949,81.43,2,0.00083949,81.34,2024-12-10,2025-02-11
BTC,1Nb6szBsQtGDE5XYTLg1DU2gc5bW355Sgy,2,0.00097225,94.4,2,0.00097225,95.18,2024-12-19,2025-02-11
BTC,1Ws3XS9fj72rX5xxdVz6f2yKgxrcTbjEk,6,0.0019501,152.17,6,0.0019501,152.5,2024-10-27,2025-02-18
BTC,1Fy2yxpe9xkRzfrVMkZpttDLkgt32ydoKn,3,0.00035684,36.15,3,0.00035684,36.23,2025-01-24,2025-02-11
BTC,1AFbhtx6oCykUu9ZGanSxJo6kxCCZUdv8i,8,0.00273922,249.72,8,0.00273922,249.25,2024-10-20,2025-03-03
BTC,17Xzbpzu2eRs4Fw8cYaqcStUB2QZiK3o2x,1,9.244e-05,8.92,1,9.244e-05,9.01,2025-02-10,2025-02-11
BTC,1BQkPdXxdpjgEXkRu96qh6xuxRfjzsHSRa,8,0.00315439,308.4,8,0.00315439,307.05,2024-12-30,2025-02-14
BTC,17sgrxPJXhCJAz4obmXBWHYx1c7wPrgfRr,2,0.00109189,107.09,2,0.00109189,108.33,2024-12-07,2025-02-11
BTC,141pVGfRnSn665Gjs7rgf8qRhF6yAWr3uB,4,0.00151809,146.1,4,0.00151809,146.84,2024-11-29,2025-02-15
BTC,1PwEtD7cGAG9hcTQB9TW3w5bNhQZbFtN9z,4,0.00056542,55.06,4,0.00056542,54.6,2025-02-08,2025-02-18
BTC,1H9oXMKfqh8kD7jnGtHc5bTBmRqAgHPqzP,1,0.00297097,286.59,1,0.00297097,289.46,2025-02-10,2025-02-11
BTC,177UxUBpicqomTVGu5AgAq392VfGADXute,11,0.00171433,163.71,11,0.00171433,164.36,2025-01-30,2025-03-06
BTC,1MubyABRbC8GexLnPatnDfLwtWdDRiaWwm,2,0.0011078,113.41,2,0.0011078,114.5,2025-01-30,2025-02-11
BTC,13R2su8j3wVjEtU6752tCMF83b5S4fNvr6,1,0.0001192,11.5,1,0.0001192,11.61,2025-02-09,2025-02-11
BTC,1TZ6fXwypwoMAPYbzLGgaUztNvVwnM5ev,5,0.01089739,1042.63,5,0.01089739,1020.82,2025-01-07,2025-03-06
BTC,16w9SiJEsg7jD4exLi8CjMt5KJXRnMdaPn,2,0.0005,48.62,2,0.0005,48.5,2025-02-07,2025-02-14
BTC,1LfUXDjRySooiRnrCjmKrDo2ArS5x5yStA,4,0.00317366,306.14,4,0.00317366,304.99,2025-01-17,2025-03-30
BTC,158WK2qcngrjvwBVrzaPp65tKtJSYVpbFN,8,0.00932187,880.07,8,0.00932187,874.87,2024-10-21,2025-02-18
BTC,1CcoNCsFjeZfaZ5a4NaeJQM478EKRshbQy,2,0.00129912,128.8,2,0.00129912,129.56,2025-01-23,2025-02-11
BTC,1PBUgFGDzyhx24pgppbPMWQ8jRtFMrDzKY,1,0.00017791,17.16,1,0.00017791,17.33,2025-02-10,2025-02-11
BTC,1GEyP14W6TiCuzrSaR1bBSvqDoTwz5AohU,1,6.459e-05,6.23,1,6.459e-05,6.29,2025-02-10,2025-02-11
BTC,1JXEqAUQdtQ5XjMDsJKVoFV34F5RPQUubq,12,0.00234788,203.16,12,0.00234788,202.51,2024-10-21,2025-03-01
BTC,1DcnhvCQZmN9nkXFcp7iJa6aiFWEuuB4F5,3,0.00146471,106.07,3,0.00146471,110.69,2024-11-06,2024-11-07
BTC,1BmnoGTgPwqNeJSWEb8pNn5VjcXM6xQEpf,2,0.00045281,34.28,2,0.00045281,34.28,2024-11-07,2024-11-08
BTC,1Jae1X23214ymCahhD9PDXQRmMGDoPUHDq,1,0.00030032,20.83,1,0.00030032,22.7,2024-11-06,2024-11-07
BTC,1LKp9Xaqfeoi1ZgyWsZ5WPrizCbhxDozWS,1,0.00033542,25.35,1,0.00033542,25.35,2024-11-07,2024-11-07
BTC,19Sn4kBhTvdSPg27HFMaoU8UMNv9bGEtaB,1,0.00104957,79.32,1,0.00104957,79.32,2024-11-07,2024-11-07
BTC,1F4wQzdwMMNQY7JoGiRdbsu8pM6rYXtVAT,1,0.00026473,18.36,1,0.00026473,20.01,2024-11-06,2024-11-07
BTC,1BufvHBKSnNZm97yy2xEgcRVffGZe6MtJa,1,0.00034546,23.97,1,0.00034546,26.11,2024-11-06,2024-11-07
BTC,1CmDLq4RyHh2jLNhkBSqJgs1964qnT26ez,8,0.00383337,290.89,8,0.00383337,292.83,2024-10-26,2024-11-15
BTC,1QL3bCzLUUkqrHMcMS42r3H1d1btXgA5jU,12,0.0381,2925.26,12,0.0381,2940.56,2024-10-24,2025-02-18
BTC,136VPSFXdvmRDuzbsH1b7QGuT3oH2r2mQE,5,0.00300349,209.67,5,0.00300349,216.41,2024-10-08,2024-12-05
BTC,1EzptYzAfXQTqkrJxvN1X6PN94Eby1RJTu,2,0.00164983,119.16,2,0.00164983,119.16,2024-11-05,2024-11-07
BTC,1FU7XZNj6sFdA7jZFDyxKq4qy3ifs73YCN,1,0.00047384,35.81,1,0.00047384,35.81,2024-11-07,2024-11-07
BTC,1PnX5G3Bq38JZRWc5XcaSZ4wFNB2cfJzeb,1,0.00011293,7.83,1,0.00011293,8.53,2024-11-06,2024-11-07
BTC,1F19KmFiVuTn18qndMcZsy1LffHptj9syQ,1,0.00019782,13.72,1,0.00019782,14.95,2024-11-06,2024-11-07
BTC,1N6wSaF3svi8Cynmt9W8mKst3UiKek7hEp,1,0.00021679,16.38,1,0.00021679,16.38,2024-11-07,2024-11-07
BTC,1HwcEwoqwH5ZNnkMmwPoCsLrodNT6pPKTk,2,0.00027901,19.36,2,0.00027901,21.09,2024-11-06,2024-11-07
BTC,128kdfKGxQCKBZUg4F8hwg7gkQdW9vCLcD,1,0.00066527,50.28,1,0.00066527,50.28,2024-11-07,2024-11-07
BTC,1Mrs2ZUVHyk8pZWRbGSKv5VtvdtCGpoaeS,2,0.00097908,79.94,2,0.00097908,79.94,2024-11-07,2024-11-12
BTC,1HWAADKSUKZu4pk3K5zRdq7mBAtWFoaGEy,1,0.00124556,86.41,1,0.00124556,94.13,2024-11-06,2024-11-07
BTC,1CYjnZ4NDvjZgH7tgRnSYa3hrd6YgLZuQ8,5,0.0025759,205.49,5,0.0025759,214.6,2024-11-06,2024-11-22
BTC,1NNv3nFtHw4queqXYuP2zseCs3ZWfmEZfH,2,0.00034809,25.63,2,0.00034809,26.53,2024-11-06,2024-11-10
BTC,1Ht97Ga1D8Du7rb4V844CQTSZA4rXbC8Qo,6,0.00531654,400.0,6,0.00531654,412.02,2024-10-31,2024-11-25
BTC,1GPmAgp9SCw9fJyvNZMB31PXosiQHW1a9u,17,0.00760713,576.36,17,0.00760713,581.68,2024-10-08,2024-12-05
BTC,1CdnHQDJXn6E1Stmxhhtyre2bdzzAFoQd8,1,0.00368255,278.3,1,0.00368255,278.3,2024-11-07,2024-11-07
BTC,1KTJDWNkzJr8d4Qjygz3TDCWoAusRvvw1t,1,0.00030104,22.75,1,0.00030104,22.75,2024-11-07,2024-11-07
BTC,19DJNwmjcRt28jbRmXhEfFmLys7YKxZdcE,1,0.00093449,70.62,1,0.00093449,70.62,2024-11-07,2024-11-07
BTC,1PKrzNxjcfkfyHuuABMfJa6RBxSc6adMro,2,0.00284272,236.11,2,0.00284272,244.3,2024-11-06,2024-11-29
BTC,13oTW9X15ew1r7QQaZYLeqreycWNUauznp,1,0.00115346,87.17,1,0.00115346,87.17,2024-11-07,2024-11-07
BTC,1L2T7HWLNQmYnrPNng14ZgMUSSFYmAPNm5,2,0.00081553,59.08,2,0.00081553,59.08,2024-11-06,2024-11-07
BTC,1DMJrqhfESZcbZ48bbe1FwcKZ538k4awT2,1,0.00079507,55.16,1,0.00079507,60.09,2024-11-06,2024-11-07
BTC,1DxeHpvDs2MYtNJ1HUAJqDsJdhJhQEDfHk,3,0.00098535,79.83,3,0.00098535,79.06,2024-11-07,2024-11-15
BTC,1DDDdjR5RLf5gk2Rzo83ZEFv8Bk2RovPTn,1,0.00021569,16.3,1,0.00021569,16.3,2024-11-07,2024-11-07
BTC,19Be5fa7FTMWg7T43hHeyydPLc22XYHQNP,3,0.00040751,33.95,3,0.00040751,33.95,2024-11-07,2024-11-15
BTC,1Ms7ZiPQy8CR4cr4tLiNr7uZt21kT83gex,1,0.00060326,45.59,1,0.00060326,45.59,2024-11-07,2024-11-07
BTC,14sGc3EJy5yRswoM2XKq5qUygmwPf3yCfa,1,0.00079837,55.38,1,0.00079837,60.33,2024-11-06,2024-11-07
BTC,1LfdTi8i8j22mriThFRvgqMLiFSgkek8iZ,1,0.00067905,47.11,1,0.00067905,51.32,2024-11-06,2024-11-07
BTC,12rpbMUHJ3wSfrCth2xyiAa3KRDg1EbFo3,10,0.01302479,1043.44,10,0.01302479,1045.77,2024-10-24,2024-12-05
BTC,1GT1iSqPEzQAi1R3UxBtdYLY1oeyWmPYpG,15,0.00942873,650.61,15,0.00942873,645.44,2024-10-19,2024-11-07
BTC,1Bkg6w15tQrfAtdoKcdZVLyMCYYMBh8T4g,36,0.01628496,1136.01,36,0.01628496,1144.77,2024-10-15,2024-11-29
BTC,1M9DgtW7rka4ULyTV9YRSUSKE89DVkTH7Y,1,0.00039022,27.07,1,0.00039022,27.07,2024-11-03,2024-11-03
BTC,123tuVDn1zrm4QcEFjgsZnAT9foXfbxMxc,3,0.00105896,102.19,3,0.00105896,103.73,2024-11-02,2025-01-22
BTC,1PUV8oW5tuBMVnJtc1JbJwoyQBM6w7msDd,9,0.00208011,155.18,9,0.00208011,154.74,2024-10-15,2024-12-03
BTC,13PSPw6jjVnxetBYXPumixSLeNiGJFkTSM,2,0.00061246,42.53,2,0.00061246,42.49,2024-11-02,2024-11-03
BTC,19ack2RYNf6Kthair4CwtvK1i8ypjwybzZ,2,0.00074212,51.52,2,0.00074212,51.52,2024-11-02,2024-11-03
BTC,1MDap5bpC5ceBRNujE5kH35imHoDm6fWhm,1,0.00043297,30.04,1,0.00043297,30.04,2024-11-03,2024-11-03
BTC,16xErEnkBdtsR5Y1E4jDewvxuDo3Wjoo53,10,0.00499943,353.5,10,0.00499943,359.55,2024-10-07,2024-11-21
BTC,13dFVxV4KWmXvzJXSAFHfHxy6Hn12opfML,22,0.02633226,1639.72,22,0.02633226,1667.49,2024-10-09,2024-11-03
BTC,1AE2qG7HJikaURfksnrYjjN9hMp9MWkhmT,16,0.01603497,1106.37,16,0.01603497,1104.71,2024-10-26,2024-11-04
BTC,1NfvXFdbXJRpmaMNJ94bt8Cr8B1uKSjWFo,2,0.00074858,51.71,2,0.00074858,51.71,2024-11-03,2024-11-04
BTC,1bgth6Fvx8HVbrgPYSznBUoqXzehhWvTj,15,0.00840643,641.59,15,0.00840643,641.84,2024-10-17,2024-12-01
BTC,1KcezZmiKeSdun63BgzQSkgWzmGtH8VjmP,6,0.00149818,111.79,6,0.00149818,109.65,2024-10-25,2024-11-15
BTC,19SdRYCmAjDGRkCmBLnpn6xWR81BfUjrBz,18,0.02077327,1463.2,18,0.02077327,1476.85,2024-10-13,2024-11-25
BTC,1Hc6hGKbE1VdqHiaLxNJssNCrbcLiKdZxm,3,0.00107955,75.3,3,0.00107955,75.14,2024-10-30,2024-11-05
BTC,1GAFNHEmgAVBtGLPmCakAiVvMQ6XpF2fMy,1,0.00062435,43.31,1,0.00062435,43.31,2024-11-03,2024-11-03
BTC,1NgHLvQBqERKWHJU4GSzxLL2Mh32XGyQE,4,0.00115942,80.05,4,0.00115942,80.13,2024-10-08,2024-11-08
BTC,1MyhiU4NzjASiDR1ZiJLWzYA7waiTtbRJA,8,0.00498174,373.17,8,0.00498174,376.27,2024-11-01,2024-11-21
BTC,13rjs1TH4iQKGDCW2ewDcteWHoUmGPnEPf,4,0.00144261,98.45,4,0.00144261,99.6,2024-10-27,2024-11-06
BTC,16voKVSnLhJEswHmFHkr7ycyqC2gtnvNuU,2,0.0012415,86.21,2,0.0012415,86.21,2024-11-02,2024-11-03
BTC,18wsupYMeffX7ZsgmcNCfaDfsZTURTBUch,4,0.00150944,112.73,4,0.00150944,113.26,2024-10-22,2024-11-28
BTC,198cM898eBaGM1PAtYQ4cV6zuZRPVMEhrz,6,0.00608119,404.24,6,0.00608119,410.48,2024-10-14,2024-11-06
BTC,1666C4LSrKf7eFoKuBSdqwtDHy8HcwQFGr,1,0.00030973,21.52,1,0.00030973,21.49,2024-11-02,2024-11-03
BTC,126nb2sR2N7DQyVVzbY1iofhPcbNx2WRkU,1,0.00138651,96.19,1,0.00138651,96.19,2024-11-03,2024-11-03
BTC,1DbpSpUvMQotvJs4h1jcgkhY6PsPLvcjji,1,0.00064896,45.02,1,0.00064896,45.02,2024-11-03,2024-11-03
BTC,1E7MyUQPEac3R85JhSEhcQRkQB9ihf7oGZ,1,0.00073203,50.78,1,0.00073203,50.78,2024-11-03,2024-11-03
BTC,18wSfN7TYgnMDnsXUWYcG9QwEz6kXN7qPz,1,0.00190207,131.96,1,0.00190207,131.96,2024-11-03,2024-11-03
BTC,1JJzYQGhyUm7oBiHyELeJ21BqVPmvNtaQ3,7,0.00508316,330.51,7,0.00508316,326.77,2024-10-09,2024-11-04
BTC,1HAZwXHwDXJkZFuFi4ueoWS9SCFUPjUANk,1,0.00055517,38.51,1,0.00055517,38.51,2024-11-03,2024-11-03
BTC,148y627ixmyNZfZj96g95KhBk8pcUaBw8w,1,0.00023699,16.44,1,0.00023699,16.44,2024-11-03,2024-11-03
BTC,1EcQ7wbx1Wq8U7bbtJqbGD6vs2wTfvs2zp,5,0.00230213,193.25,5,0.00230213,197.25,2024-11-03,2024-11-28
BTC,13ARUpYejsB2MDNRGYDru61Sk1qfFcXmQJ,4,0.00113622,77.83,4,0.00113622,77.53,2024-10-25,2024-11-02
BTC,1iJTcUekqdxvjr1vbVSPp4n2ActRD9dsL,1,0.00024215,17.52,1,0.00024215,16.83,2024-10-31,2024-11-02
BTC,1PyE8YLQwYXmzQ5GobtaqLknUmgcCFcTv7,12,0.00744187,506.47,12,0.00744187,505.76,2024-10-14,2024-11-05
BTC,1LwAbXHrXvnQ8wjWxShwU8My8rUnVZ9k9o,1,0.00025341,17.81,1,0.00025341,17.61,2024-11-01,2024-11-02
BTC,1PGTSVb6gFS5GUSUvedfFK6jDR8gUxvPGe,2,0.0001613,11.21,2,0.0001613,11.21,2024-11-02,2024-11-02
BTC,1DiSmhNoNpxak912G8J1z6jhJc4kT9PuER,4,0.00100517,71.07,4,0.00100517,69.86,2024-10-31,2024-11-02
BTC,1LDf8bmAhBxPdBG1iXDVVvbdKmWyoJ29Tm,3,0.00082313,57.74,3,0.00082313,57.16,2024-10-31,2024-11-06
BTC,19uKrDY24Mu3U32iJby5P1Qs7p7DFrHopW,1,0.0005685,41.13,1,0.0005685,39.51,2024-10-31,2024-11-02
BTC,1GYyMiTg4so5Maesvom78mLtXi4pKPQMqf,1,0.00050064,35.19,1,0.00050064,34.79,2024-11-01,2024-11-02
BTC,14QQiUvD4z1kdSVU5SC8jEP5umZxGZT4se,1,0.00011641,8.09,1,0.00011641,8.09,2024-11-02,2024-11-02
BTC,1HxDfvagdonaonWiHg82HE2m3jS5QvWFAY,3,0.00261755,189.25,3,0.00261755,188.47,2024-10-30,2024-11-02
BTC,1C3rkuSdzXkW5SCDHizMeJf5BThLAbxg9S,1,0.00134042,94.22,1,0.00134042,93.15,2024-11-01,2024-11-02
BTC,1FbiX5FotSZWSqneBKjSwvAorD3DPrUsL8,10,0.0031459,234.59,10,0.0031459,237.67,2024-10-19,2024-11-25
BTC,1My2bc3x5h1Ld2v5EP4C7sPZEKyYZbCNSb,1,0.00027651,20.0,1,0.00027651,19.22,2024-10-31,2024-11-02
BTC,1JHCVpJnEeFb1jJAcJfeUhb5fr1y4aNhtL,3,0.0012025,86.3,3,0.0012025,87.43,2024-10-13,2024-12-01
BTC,17f64HkW1RH5E84V3PLzXWoWWfCQMXXCvC,1,0.00064799,45.55,1,0.00064799,45.03,2024-11-01,2024-11-02
BTC,1EbHAVq7i8x4GKadEBZyZA9hTem3RVEHjT,2,0.0019681,142.38,2,0.0019681,136.78,2024-10-31,2024-11-02
BTC,1NR1jF2fs4p5UBUqocDz2rftHVP9mRycpv,1,0.00063615,44.72,1,0.00063615,44.21,2024-11-01,2024-11-02
BTC,1DJPU5wyGdJgkusonXCmh1PoXC26qM6u7d,1,0.00086187,60.58,1,0.00086187,59.9,2024-11-01,2024-11-02
BTC,14pVmEoFajcZCHgpwmzeRTxfP4jxMzqGV9,1,0.00029915,21.64,1,0.00029915,20.79,2024-10-31,2024-11-02
BTC,1HQqEmcTBmbwTh84q8VLPYBuPGYeMSa9hJ,1,0.00131852,92.68,1,0.00131852,91.63,2024-11-01,2024-11-02
BTC,1HqqQSMvqRLeBR55Zzn7kSEvLcYYVBaPJZ,1,0.00014732,10.36,1,0.00014732,10.24,2024-11-01,2024-11-02
BTC,19XdcoZAc8uacnX9Tt21QidWRwj5vEf4zA,1,0.00043888,31.75,1,0.00043888,30.5,2024-10-31,2024-11-02
BTC,16YRbz1NkKsY6oshhC8U6LusHUpBBZ6pCS,1,0.00064552,46.7,1,0.00064552,44.86,2024-10-31,2024-11-02
BTC,1rgJ3Dshoh3XVWSPXPDwnagksfULYCAbS,1,0.00018151,13.13,1,0.00018151,12.61,2024-10-31,2024-11-02
BTC,1JqLHnHtbMhBSvVtGrbTYnLBZffXxCF8bT,1,0.00041197,29.8,1,0.00041197,28.63,2024-10-31,2024-11-02
BTC,1GYMoVN9f1RmGhZ6ACyNHQ8TkAkG7oFdPb,4,0.00090057,81.8,4,0.00090057,82.3,2024-11-01,2024-12-02
BTC,1DTd9hG5twS17xL2nRksEhyzPHUzgLrRr8,2,0.00108062,82.1,2,0.00108062,79.89,2024-10-31,2025-04-02
BTC,16WJv2dVMqKBE9JwNEMptJe6ew1fJbdcaG,3,0.00172216,117.14,3,0.00172216,117.14,2024-10-26,2024-11-02
BTC,1J9HctAYpwKjD1nY3n35dEWu3Gz53dB7Sm,2,0.00105069,73.8,2,0.00105069,72.26,2024-10-28,2024-11-02
BTC,1K9dCmriaHbdawWU7DXLNrmPwfnEjT6HRw,1,0.00106705,77.2,1,0.00106705,74.16,2024-10-31,2024-11-02
BTC,12MzbVGmCstQ9qDrDMix2csBHtn1gJ4cGt,1,0.00028503,20.04,1,0.00028503,19.81,2024-11-01,2024-11-02
BTC,1Ns9cpEDEkqTiuQrd3NGbh9FQj8fBPJr9s,1,0.00045581,32.98,1,0.00045581,31.68,2024-10-31,2024-11-02
BTC,1E5oQ7azkaW2bgvekBKVQtSmjThEHBfcHH,1,0.00028003,19.68,1,0.00028003,19.46,2024-11-01,2024-11-02
BTC,1GhCpBmWP1xSFLAnp675w9o3fXyM8LmnRw,4,0.0017876,125.07,4,0.0017876,124.18,2024-10-24,2024-11-02
BTC,1JAjuFVNNzwmoJBd2g3peCRoXJBccnx55g,1,0.00033161,23.31,1,0.00033161,23.05,2024-11-01,2024-11-02
BTC,19aW9YejGF3wNbtJEj6SjTSZ4Fib5WAcup,8,0.01738138,1297.67,8,0.01738138,1287.75,2024-10-25,2025-03-24
BTC,1CqwxoTui6g6snXam9SrytNprzJC9diZxS,1,0.00088182,61.98,1,0.00088182,61.28,2024-11-01,2024-11-02
BTC,1NGsLow6jG6z9mQg4krbm1BXqayR8i35CT,1,0.00268489,188.73,1,0.00268489,186.59,2024-11-01,2024-11-02
BTC,13NJB6mnUrDqQF3ru3AGPpVpRVGugbd7xg,2,0.00045631,33.01,2,0.00045631,31.71,2024-10-31,2024-11-02
BTC,1MbUVFyaGV7yjJz57DWBYRhVh9UCBi1Zbr,4,0.00230036,161.79,4,0.00230036,157.49,2024-10-21,2024-11-02
BTC,1PuVL4twfa6DPw4bShko7QawowzJ2ax1Da,4,0.00164631,114.78,4,0.00164631,112.05,2024-10-23,2024-11-02
BTC,1L4XJuiGbykZmh5FqcWPdx9L18D5Tad2Q5,1,0.00090115,63.34,1,0.00090115,62.63,2024-11-01,2024-11-02
BTC,1E6d2xegNZjcEgSDnfQ871v9tRU5MTZXHR,5,0.0031285,212.56,5,0.0031285,210.54,2024-10-10,2024-11-02
BTC,1KgD34TXktyVXiFPbz6HHhQDoVUuxHL9Rb,2,0.0021872,154.54,2,0.0021872,151.17,2024-10-17,2024-11-02
BTC,1HBAHR5d4AHV4VmEFYsnne4bqzuvpbex4r,1,0.00016172,11.7,1,0.00016172,11.24,2024-10-31,2024-11-02
BTC,1AYmUCfzLXqDX6QyEF2PVEfweZjPbzb8vR,1,0.00023279,16.36,1,0.00023279,16.18,2024-11-01,2024-11-02
BTC,16TArWHtMabMVCj6T47hjuNEgYoyigjsHE,1,0.00024703,17.36,1,0.00024703,17.17,2024-11-01,2024-11-02
BTC,1FU4YgLiLk7kQnvtPmGfFjS6ybQ2JSvyvv,1,0.00069045,49.95,1,0.00069045,47.98,2024-10-31,2024-11-02
BTC,115hQCSPCYUbY9s8WL4u9EL4JJXp1dc7Ni,1,0.00025433,17.88,1,0.00025433,17.67,2024-11-01,2024-11-02
BTC,19DaJDcW2okzajBMwGy6tPvzdNzBvjdsA9,1,0.00079065,57.2,1,0.00079065,54.95,2024-10-31,2024-11-02
BTC,1PMRuQVzvq9hGfZpTQ1tj7rY8PSLiadGRy,1,0.00041453,29.99,1,0.00041453,28.81,2024-10-31,2024-11-02
BTC,1DchtAz4HBtSBdVsr8JGEY9cvZyVqJR1Fg,1,0.00090805,63.83,1,0.00090805,63.11,2024-11-01,2024-11-02
BTC,12jv376B1awSCygWESCsw7Q8gLoWgf6CjV,2,0.00201181,158.54,2,0.00201181,159.31,2024-11-01,2024-12-05
BTC,1E5QaEzxeRZQYDeTYtG6LT4JVmQJSgHxRi,7,0.00384524,256.5,7,0.00384524,259.01,2024-10-11,2024-11-02
BTC,15pwUMCKikxZuHGCdY1LTddGeqpYWysgwd,1,0.00022962,16.14,1,0.00022962,15.96,2024-11-01,2024-11-02
BTC,18qXsZr6XnZ5bxMmxAKQU7nHvk2bQk83x5,1,0.00053,38.34,1,0.00053,36.83,2024-10-31,2024-11-02
BTC,1CYeLY6Bmq6DV5uPeGASi2KajiYkjx1AuQ,1,0.00024541,17.25,1,0.00024541,17.06,2024-11-01,2024-11-02
BTC,1Av5zx8EA1gLhZzuReSziQuvi33nHjeAjH,2,0.00050869,35.43,2,0.00050869,34.85,2024-10-31,2024-11-05
BTC,19sYqfDVrgmKoyLzhkbCsGsNhdEYoP73Tn,1,0.00081088,58.66,1,0.00081088,56.35,2024-10-31,2024-11-02
BTC,1KRoakQcF8ytmaQXVDGPQ7Kq8TbXLithEG,5,0.00370923,285.91,5,0.00370923,287.08,2024-10-19,2024-11-28
BTC,13a2CB5vmLNxsVBPGsMssmiA8RHqcaA4Zn,1,0.00027328,19.77,1,0.00027328,18.99,2024-10-31,2024-11-02
BTC,14gmxsbc6sEKcD7D7Mjn8Hk8jLnLPve9CW,1,0.00011648,8.19,1,0.00011648,8.09,2024-11-01,2024-11-02
BTC,1BdKJqaU6w7PeVXCJL6p6E4kqK6JtdJiac,1,0.00092549,65.05,1,0.00092549,64.32,2024-11-01,2024-11-02
BTC,19EKujiLSPjTz1L93ixHpQ3uMUJSqiSvam,1,0.0007188,50.53,1,0.0007188,49.95,2024-11-01,2024-11-02
BTC,1ML2p3onPcb4NwtCrnG3JCGABvGT6hpFTR,14,0.00337873,259.48,14,0.00337873,258.5,2024-10-19,2024-12-02
BTC,1Hi39ZcGQ1E55cauok1YhHYZgm33FUvdPv,1,0.00032745,23.02,1,0.00032745,22.76,2024-11-01,2024-11-02
BTC,1JDDor8quKWUqCDaPH1QZMEneZk2g2jtRr,1,8.426e-05,5.92,1,8.426e-05,5.86,2024-11-01,2024-11-02
BTC,1HmV2CiuoQDnZ67wePoBk19DegfwetkRqc,1,0.00011631,8.41,1,0.00011631,8.08,2024-10-31,2024-11-02
BTC,1HfhokKxD1eZrHKNZRckyvvuVUzW6Xj8bi,7,0.00394465,312.16,7,0.00394465,312.36,2024-10-16,2024-12-18
BTC,1AAJLg2fCszYGFFmVjNviEmyZJgoANBUbC,11,0.00326935,263.26,11,0.00326935,264.12,2024-10-08,2025-03-30
BTC,18NbzU6eTed3ZLFmYGi5z3T5NAUJW3tEM8,1,0.00036117,25.39,1,0.00036117,25.1,2024-11-01,2024-11-02
BTC,1BDegdRzBeWpQiFuyFFWUb2WakJG9PMsgs,1,0.00017057,11.99,1,0.00017057,11.85,2024-11-01,2024-11-02
BTC,1Gm5KgrVPrN6GQn8hqriGKbNbQTbAEYuJZ,2,0.00209573,145.46,2,0.00209573,143.17,2024-10-25,2024-11-02
BTC,1BevcY6NeMK6TvFkm7Tg94Cfwtdt231Mgr,1,0.0004,28.12,1,0.0004,27.8,2024-11-01,2024-11-02
BTC,1Dak9hhY6cntoc1ytNQ7LmFFr76djgUBMJ,2,0.00059743,43.32,2,0.00059743,43.04,2024-11-01,2024-11-10
BTC,12efHzLHBG51UTJnLGdSBkNiurmbuiCbUj,2,0.00289426,199.92,2,0.00289426,198.85,2024-10-28,2024-11-02
BTC,1NXmTZ2vwcBRYWpkzvwvypzg3iKsUFVzYp,1,8.683e-05,6.1,1,8.683e-05,6.03,2024-11-01,2024-11-02
BTC,1FkE4ZgRvxod7kYKvb8zJ5ZYJmfYNuyj9D,1,7.676e-05,5.4,1,7.676e-05,5.33,2024-11-01,2024-11-02
BTC,1NhXQJVmcNUZW2Bw451AoX3d7pHQmbLynb,1,0.00031,22.43,1,0.00031,21.54,2024-10-31,2024-11-02
BTC,1D9s1BT1zfMGByUhSMWn7FMo9CPm1MU7CZ,1,0.00175422,123.31,1,0.00175422,121.91,2024-11-01,2024-11-02
BTC,1GxdzFJyAw6r91wuuDbYA1n9yeXNduaX4d,4,0.00191588,140.11,4,0.00191588,140.06,2024-10-30,2024-11-21
BTC,1HYwxeN7DBhUj4PiWobF2kGLPP2c2TY18N,3,0.0005233,40.68,3,0.0005233,40.49,2024-10-30,2025-03-01
BTC,1PVqe1xqJhcDU2thAyKJqfFpEBjaq7iBuM,1,0.00156923,114.14,1,0.00156923,113.53,2024-10-30,2024-10-31
BTC,1CwemT1daZjRAVkSkxRg9knLf51mN8gi4Z,1,0.00060877,44.28,1,0.00060877,44.04,2024-10-30,2024-10-31
BTC,169XqNzQPpsK1ekAvPcxW5D1GJ9EXSveMT,1,0.00062635,43.82,1,0.00062635,45.31,2024-10-29,2024-10-31
BTC,1MYzkv4aWaVWfsuJ71QEPhfy3iAnAM2tiv,5,0.00066127,52.9,5,0.00066127,53.78,2024-10-13,2024-12-13
BTC,1BZjcU9yYWEPspyeeYDLaXrwBamchb61eZ,7,0.01501085,1045.32,7,0.01501085,1041.7,2024-10-10,2024-11-25
BTC,1FX89Vm16Wjh7PMDykwAcXSoxeQqMNt3WR,1,0.0012952,94.21,1,0.0012952,93.7,2024-10-30,2024-10-31
BTC,1EKUzKWxxYAqB3nb9F4eMXGxyMuD9zTuEY,5,0.00191694,130.36,5,0.00191694,132.04,2024-10-14,2024-10-31
BTC,15oTwVHizA7b5JTNidTKW7CKbov1vSxp4Y,8,0.00267604,185.26,8,0.00267604,184.61,2024-10-08,2025-02-06
BTC,1RHVsRNJ7VKVaGWrJn8v8L5njYj2vCBCv,5,0.00378881,270.59,5,0.00378881,272.54,2024-10-11,2025-03-08
BTC,1FoBtJXEDZfAZYPuGYNBt6BPvmMeAyymQv,2,0.00122,86.29,2,0.00122,86.01,2024-10-28,2024-10-31
BTC,16AiVFoxsRzTwYfqjeTnTVx7F59xDWvzux,2,0.0030429,212.36,2,0.0030429,211.79,2024-10-24,2024-10-31
BTC,1AAq8BbL8mtbEytKfmU2YCcDtPTRey4bgL,4,0.00162022,111.44,4,0.00162022,111.39,2024-10-19,2024-10-31
BTC,1KQzg6j8aCqVWJFeLWyfg8fB3FVX5WXF7n,3,0.00088116,60.02,3,0.00088116,60.32,2024-10-17,2024-10-31
BTC,14XrHrpVAiYmNrYXsAuyaqz6saq3pKfyJS,1,0.00069534,50.58,1,0.00069534,50.3,2024-10-30,2024-10-31
BTC,12NYJP3WZqsGQvzqr5pmHyuop7nHPcTdF2,1,0.00101569,73.88,1,0.00101569,73.48,2024-10-30,2024-10-31
BTC,1K6yKDXw2L4gHpCMGZkHCBacCoWq4KhE5c,1,0.00060422,43.95,1,0.00060422,43.71,2024-10-30,2024-10-31
BTC,15CTd4kNZee69bh8s3TjCD2ivsciUNtiWz,1,0.00033573,24.42,1,0.00033573,24.29,2024-10-30,2024-10-31
BTC,16V427cMSdUU47bD7JVtidhvMjNXAtE6m3,2,0.00210635,146.81,2,0.00210635,146.43,2024-10-24,2024-10-31
BTC,1BM6Nhyta3dtA8LAWaazkx3vePz1bok3MM,10,0.00525002,411.36,10,0.00525002,410.11,2024-10-28,2024-12-01
BTC,1CT83aFHP4hL1Vfdc3eoYdwMJ2ToTDFDXY,1,0.00040176,29.22,1,0.00040176,29.07,2024-10-30,2024-10-31
BTC,12F8wrMbYnJfveAsXarQmoWk4xbjcwq7zH,1,0.00069617,50.64,1,0.00069617,50.36,2024-10-30,2024-10-31
BTC,1DJkgb9nDY4U7zUdToiwD7wFvAdZ1NuUJy,1,0.00024754,18.01,1,0.00024754,17.91,2024-10-30,2024-10-31
BTC,13RwwgxKLPi4HuJDyaCX6DNWqdJxhfvHj8,2,0.00141826,101.15,2,0.00141826,100.88,2024-10-29,2024-10-31
BTC,1GtwsX4bvwssbbP3jMdXEp3MZi5mQAxR68,1,0.00040098,28.05,1,0.00040098,29.01,2024-10-29,2024-10-31
BTC,1HQT59xCfkYuGHNasib5phcnokdgiAtj1H,2,0.00100892,90.4,2,0.00100892,90.24,2024-10-30,2024-12-15
BTC,1NHRZZZUDutpNut8LPkEwcqJjiPRWwYRP3,1,0.00062518,45.23,1,0.00062518,45.23,2024-10-31,2024-10-31
BTC,1CZwZ6cUnHFgMy4xPT6ww2v6WbgbqGv3YN,1,0.00029278,21.3,1,0.00029278,21.18,2024-10-30,2024-10-31
BTC,19Foog4eL3EFi89G35YWe7zG5F6sUfK8Bo,1,0.00181882,127.25,1,0.00181882,131.58,2024-10-29,2024-10-31
BTC,16YEVXrAJwmH2rHFnJFXtsNtF8BVdF4P2d,2,0.00025342,17.96,2,0.00025342,18.33,2024-10-29,2024-10-31
BTC,1HmA3Th6rQQHvP1SVnTJEHKp9LzB6iVmfx,1,0.00105744,76.91,1,0.00105744,76.5,2024-10-30,2024-10-31
BTC,1BN8wb1UJRkieCc3d1PyRN6HF82hATDdPM,1,0.00029028,21.11,1,0.00029028,21.0,2024-10-30,2024-10-31
BTC,15iEppw5V6CwmcdtAr8tn7hEEGv5xzUZQ2,1,0.00029136,21.19,1,0.00029136,21.08,2024-10-30,2024-10-31
BTC,1FUojvLuPf12QFDNW727FzQrdJpMcsE5hD,1,0.00063627,44.51,1,0.00063627,46.03,2024-10-29,2024-10-31
BTC,1ES6XTT23h4PnLH8uRtPtQgdf19Lkq9S5c,1,0.00263007,191.3,1,0.00263007,190.27,2024-10-30,2024-10-31
BTC,1KXSWRt8KQx5ftYaQNbR4fgJ8hguBMVpb1,4,0.00066966,47.72,4,0.00066966,47.7,2024-10-24,2024-11-10
BTC,14wz33HfiV95WwJimcZ5Ww2jPfomPeVC7p,1,0.00234164,163.83,1,0.00234164,169.41,2024-10-29,2024-10-31
BTC,1Nfurbqp5xKphguRg1YDU9g3Zt1VPRsoA2,1,0.00026177,19.04,1,0.00026177,18.94,2024-10-30,2024-10-31
BTC,1K9EEmZoyLimMqScs8oNhERRkigo8iCrHV,1,0.00096884,70.47,1,0.00096884,70.09,2024-10-30,2024-10-31
BTC,1GJhENPsHAQ9S2HUaKGxcnGTGABe9pWXJM,12,0.00511404,352.72,12,0.00511404,355.81,2024-10-09,2024-11-21
BTC,12ZyJYSFkpj97dQVmFvoQXPGvaJVRNC34q,10,0.00920638,763.84,10,0.00920638,761.57,2024-10-25,2025-01-27
BTC,1Q6SwDPUbL19HbSGNzhGvRAbQDycaG5hYv,1,0.00023896,17.38,1,0.00023896,17.29,2024-10-30,2024-10-31
BTC,15PYSkojBaBanTT4ACmrfMgfsDsJHUDBUP,3,0.00527442,370.93,3,0.00527442,370.37,2024-10-23,2024-11-10
BTC,132NvFRWdFw9ogzdA9sA65MAZE5pfWZopj,2,0.000862,64.67,2,0.000862,64.53,2024-10-30,2024-11-10
BTC,15qaJZ4rfDjHe2eMCLv74tC8xprKnrp9dt,1,0.00045681,31.07,1,0.00045681,31.07,2024-10-28,2024-10-28
BTC,15y9BBRHoUvN6jDzKEXu84B2MYHfznWia5,1,0.00075522,51.37,1,0.00075522,51.37,2024-10-28,2024-10-28
BTC,19chF7VTDXWDb3RLqgsGWMRFW7ahwQ19mq,1,0.00142844,97.16,1,0.00142844,97.16,2024-10-28,2024-10-28
BTC,1LbWQeAkHcu8qUyTLr9MbZWAUPbQQJCf4B,4,0.00134548,113.87,4,0.00134548,112.93,2024-10-28,2025-01-11
BTC,14gryVR7xJ3gYcRxsyTBkDkbePZKyvreHu,1,0.00073816,50.21,1,0.00073816,50.21,2024-10-28,2024-10-28
BTC,1CGThkhfNukPjAYxVfwBDCET7kDP9sJjRS,1,0.00022131,14.85,1,0.00022131,15.05,2024-10-27,2024-10-28
BTC,15ZyBZBskGgQBcDxztad6SQ3wMH1b5pXgD,1,0.00081361,55.34,1,0.00081361,55.34,2024-10-28,2024-10-28
BTC,15yaR4Djd89FFVEiR6KY63AvYGfGFMwWiw,2,0.00130221,89.41,2,0.00130221,89.41,2024-10-28,2024-11-02
BTC,12tx8AjQnFSN71o8u3einv5tFauNMxFAie,1,0.0005834,39.68,1,0.0005834,39.68,2024-10-28,2024-10-28
BTC,1GgJqi5t7osyd48u95SGfFmqXWBNHWGV4z,11,0.00215031,165.43,11,0.00215031,164.84,2024-10-26,2025-05-13
BTC,1Auvpm5v4k1ntPD7vQyea2S4xdyB5J3p3R,1,0.00101564,69.09,1,0.00101564,69.09,2024-10-28,2024-10-28
BTC,1Ppw75xqxYeB9DURWheNF5pBFFLnEk4Dva,1,0.00065024,44.23,1,0.00065024,44.23,2024-10-28,2024-10-28
BTC,1sXHxDPc35WEH8GdPZRutQTftxgmtT93x,1,0.00152043,103.42,1,0.00152043,103.42,2024-10-28,2024-10-28
BTC,1HeyWxYUBziUNhicYJQt98j371gc6iYzAT,1,0.00045167,30.72,1,0.00045167,30.72,2024-10-28,2024-10-28
BTC,1JSonkFSSTwUM8T1pjK81KmnDTA5nayNeh,2,0.0022,151.16,2,0.0022,148.75,2024-10-21,2024-10-28
BTC,1Kbccv5f4EdbrWpUm3VeiQZEv69fN1xcnh,1,0.00024754,16.84,1,0.00024754,16.84,2024-10-28,2024-10-28
BTC,1PJ1MtMqGZHKvLkazGFMxKmqHX1EbmLELW,1,0.00051996,35.37,1,0.00051996,35.37,2024-10-28,2024-10-28
BTC,1DCHEUFEFkzShFewngk67aQ19FTzey3cGQ,8,0.00648295,417.24,8,0.00648295,417.18,2024-10-09,2024-10-28
BTC,1PiCd23e8xSrN1ngWcHFwnx6HKviNvnLXg,1,0.00070385,47.88,1,0.00070385,47.88,2024-10-28,2024-10-28
BTC,19zEYy9Zw8C33dXpDD6hgAUMws41LEuBVQ,1,0.00165521,112.59,1,0.00165521,112.59,2024-10-28,2024-10-28
BTC,1N8oWXxuA2nis5dhRXffRGSrWmiHjGmMWq,2,0.00275701,176.14,2,0.00275701,176.14,2024-10-10,2024-10-28
BTC,1EtC1Q48GNvenqPXnH64Z1cV2es6rWpe7m,1,0.00073106,49.73,1,0.00073106,49.73,2024-10-28,2024-10-28
BTC,14ni38RnB18t73Smkt9up6Sj5V9MYM8p6s,4,0.0010239,74.18,4,0.0010239,76.05,2024-10-11,2024-11-22
BTC,12kPrwvWpDA7rQKHFJ3EBtNyjzZEojn5gP,2,0.00042309,28.46,2,0.00042309,28.46,2024-10-26,2024-10-28
BTC,12c9NnLYr1B63hoe7f1BenQLALyz7yeXi5,2,0.001,67.76,2,0.001,67.76,2024-10-26,2024-10-28
BTC,15YVv1LrGfaeuiY7ZWJqhJUFLr9wjSUHoE,2,0.00047266,31.97,2,0.00047266,31.97,2024-10-23,2024-10-28
BTC,1CMFoDS2qgSdCyUhB5qJ1cZ36KnCh4HQH5,1,7.512e-05,5.11,1,7.512e-05,5.11,2024-10-28,2024-10-28
BTC,1LrJGhVpeU9oUBQ2skfu1F4MfPPojCb9za,9,0.03440545,2740.94,9,0.03440545,2713.58,2024-10-09,2025-05-10
BTC,1LGeKWpXyqs5qNhGqbMGp6ho3BaTHToHh6,1,0.00065332,44.44,1,0.00065332,44.44,2024-10-28,2024-10-28
BTC,1KoUjcMxt1PdujysNpEXmnhZzyTt6U7FNt,2,0.00123079,83.2,2,0.00123079,82.98,2024-10-25,2024-10-28
BTC,1PntwZJkG5SRCwjFpABodEV4ewV5WykL74,1,0.00205964,140.1,1,0.00205964,140.1,2024-10-28,2024-10-28
BTC,15FUzgErZW3acNs4zLeTEUoCFdNmfhnXZg,4,0.00075386,61.8,4,0.00075386,62.32,2024-10-28,2024-11-23
BTC,1JnawdxFWH4u5L2T5QQzytxw6tVDgm3d4t,2,0.00117274,79.28,2,0.00117274,79.28,2024-10-26,2024-10-28
BTC,1921YDYkGk3AdzwsbBHYydByJASghfadZ2,1,0.00080368,54.67,1,0.00080368,54.67,2024-10-28,2024-10-28
BTC,1E8k2rUPvXDxAnaD6eUyoC3T3qmymtCK8w,1,0.00065224,44.37,1,0.00065224,44.37,2024-10-28,2024-10-28
BTC,18wvyRF5BePiEqPf6ijgzLc8M79Uyzexg2,4,0.0014622,136.05,4,0.0014622,137.38,2024-10-28,2024-12-09
BTC,1MD95SqqCJis2voNJRhkjq87jzpZnFfXBn,2,0.00030272,20.39,2,0.00030272,20.39,2024-10-27,2024-10-28
BTC,1DRHAViHbb5KnS9BDBqB55Qp55QhznKRYA,3,0.00073818,50.65,3,0.00073818,49.95,2024-10-21,2024-10-28
BTC,15qrhzKRC9UZhXChG17PzxZvBbBQZNZ86R,2,0.00032094,21.59,2,0.00032094,21.59,2024-10-27,2024-10-28
BTC,1GMx8Mbd9RxyztHLeXo8129eQgphJrWQMK,1,0.00030293,20.61,1,0.00030293,20.61,2024-10-28,2024-10-28
BTC,1CX1DSdJcXyYEDyxdR9Ri8zzthFTK3T8e7,2,0.00072881,49.64,2,0.00072881,49.07,2024-10-25,2024-10-28
BTC,1FTZemEVCpos6Cwp5ZYqo9aiDPh3ohX92r,4,0.00240673,192.67,4,0.00240673,194.12,2024-10-09,2024-11-25
BTC,1F594zyS7onWcTGZRctyxAhVRoejhotnR,1,0.00040377,28.01,1,0.00040377,28.01,2024-11-06,2024-11-06
BTC,1HxngGqgc7vGBNDfshJKL3snQiB6MjmYse,1,0.00116191,80.6,1,0.00116191,80.6,2024-11-06,2024-11-06
BTC,1MNgHgesUbBbrYK8MdZxp2EUVMt4Zm9ZeV,1,0.00061412,42.6,1,0.00061412,42.6,2024-11-06,2024-11-06
BTC,1DSefzBosMsUVvEK1LLkdxsqqTgv71mhMR,5,0.0011694,87.17,5,0.0011694,88.65,2024-10-18,2024-11-28
BTC,1MrAXYymYGQXeFjgYYKo9wRM6o33aAEim,1,0.00048459,33.62,1,0.00048459,33.62,2024-11-06,2024-11-06
BTC,1AKwKruES1dyq6xGPejhUTod1SX8nepqfg,2,0.00059601,50.03,2,0.00059601,49.71,2024-11-06,2024-12-01
BTC,1C1Mo2ppp1GBzgBSztGAupYHUy8TW4dwWx,2,0.00512307,355.4,2,0.00512307,355.4,2024-11-06,2024-11-06
BTC,1MZVsqEmnonDPuLmVxFUDQSEWBwp2Ubdz9,4,0.00196345,154.86,4,0.00196345,154.69,2024-11-05,2024-12-03
BTC,1C6ymk2yeMyUBFsbYsHPFeKMXwV9zMXtYs,1,0.00016395,11.37,1,0.00016395,11.37,2024-11-06,2024-11-06
BTC,1JAeU1Lj8Tg1AvijGpMNrv2qKYdpv8BugQ,1,0.00132039,89.59,1,0.00132039,91.6,2024-11-05,2024-11-06
BTC,18vkkE3fBDEgFnFx7DfuF7gZ8skLkBrxtk,15,0.00662406,577.87,15,0.00662406,578.67,2024-10-27,2025-04-10
BTC,19H9N3hBouUxdVeiU9WjzSWrLdAkWoXpb9,10,0.0258189,2028.14,10,0.0258189,2018.93,2024-10-10,2025-04-07
BTC,1RnRFwJeBjqCYe42XbQtoVUUPWJkSZBG4,1,0.00076627,51.99,1,0.00076627,53.16,2024-11-05,2024-11-06
BTC,1M2r57oCuv1HbHTDczF2GMTYXasajEe2Vj,2,0.00027588,17.44,2,0.00027588,18.23,2024-10-13,2024-10-15
BTC,13fnP5QDZAYDdDULRJYoo62Lkr8GJdbmZW,4,0.00716963,464.52,4,0.00716963,475.89,2024-10-13,2024-10-16
BTC,1GeZ1n9F64TQqEf9NtNq7peeAGjgXBFaTU,1,0.00098296,61.8,1,0.00098296,64.96,2024-10-14,2024-10-15
BTC,17GG4iHn2eoZzeXWJZLx67Tr2qrrnF9yD1,2,0.00664296,417.64,2,0.00664296,438.99,2024-10-14,2024-10-15
BTC,16VvA69oouobZefDYooZDw1Ggz7QX9p5Nv,3,0.00321266,202.67,3,0.00321266,212.31,2024-10-13,2024-10-15
BTC,1KRuuiQHzxHdYqfghwFanRLK2Ju6ppsJsg,1,0.0005836,36.89,1,0.0005836,38.57,2024-10-13,2024-10-15
BTC,1PZuVWMY5SU3dDtiDHAnmBrdsGgbiPJbEp,1,0.00079003,49.93,1,0.00079003,52.21,2024-10-13,2024-10-15
BTC,14kD2rbqEbjWPcHjpLnLMuhuf1EJwm83RE,1,0.00020517,12.9,1,0.00020517,13.56,2024-10-14,2024-10-15
BTC,15ne68yaaaGzTDcyz9GX1Y7BNmHFRro8s8,1,0.00064078,40.5,1,0.00064078,42.35,2024-10-13,2024-10-15
BTC,1N82jBBCYEUv6swSuHP1n9LEW57rqhtLBw,1,0.00055033,34.6,1,0.00055033,36.37,2024-10-14,2024-10-15
BTC,1KLEeJrdC9bYi1D4yGXunDnD1ngHVcknnv,1,0.00094424,59.68,1,0.00094424,62.4,2024-10-13,2024-10-15
BTC,199uyTSWK7sUpvbz2B31vh1sbEm92achZG,8,0.00161234,105.32,8,0.00161234,106.71,2024-10-12,2024-10-27
BTC,18LSHkjYxibXtcfwKk6XAu2bubgtv4sFsE,12,0.00505438,409.28,12,0.00505438,413.37,2024-10-10,2025-01-28
BTC,14pqPrBgUAQNtha1eaNxk3afL2YRvLDf6n,1,0.00030425,19.13,1,0.00030425,20.11,2024-10-14,2024-10-15
BTC,1NATyjX6y7J5GYpEhQsstRUzQboheXy9fx,2,0.00083839,51.77,2,0.00083839,54.1,2024-10-11,2024-10-15
BTC,1MZUf6gidm15cSmh4Ab4UzntCtjPVUNuFf,3,0.00349241,229.41,3,0.00349241,234.62,2024-10-14,2024-10-20
BTC,1G8u5LzCL8NqKNxcVeXNJ31zogg5yUEXqL,1,0.00154464,97.11,1,0.00154464,102.08,2024-10-14,2024-10-15
BTC,1A1t8cxEfgQotrL81vvrCUgFnTt39ZXUrH,2,0.00286764,189.44,2,0.00286764,194.02,2024-10-14,2024-10-19
BTC,1AZyxapsx3Ud88kADzZBPiNGDZhgzufAj8,1,0.00038019,23.9,1,0.00038019,25.12,2024-10-14,2024-10-15
BTC,1eS2swU26n7jvD8tg6aRB9w6QPQXAAYPp,6,0.00220518,189.54,6,0.00220518,193.65,2024-10-14,2024-12-05
BTC,1535oSvaPf8t1vbtJFQeiprgboUfbXH6PW,1,0.00058931,37.05,1,0.00058931,38.94,2024-10-14,2024-10-15
BTC,16BWF8F6EoyoGXiUWodPqEEq6dMxsh3roo,1,0.00141822,89.16,1,0.00141822,93.72,2024-10-14,2024-10-15
BTC,19zVHrv8pfaCD8cDVvZ1Uo6MezHsXkZgg9,1,0.00102144,64.56,1,0.00102144,67.5,2024-10-13,2024-10-15
BTC,124uVUWC9YcwWv4i8DSBSnvn2FpJsArdQN,1,0.00027029,16.99,1,0.00027029,17.86,2024-10-14,2024-10-15
BTC,19eNJmRDURhYnSjz7xwaSeg4pU5Wy7d8at,1,0.00078246,49.19,1,0.00078246,51.71,2024-10-14,2024-10-15
BTC,15gcb2Xr7CtLEu5bTULykcoAWwYSDejsY6,1,0.00184179,115.79,1,0.00184179,121.71,2024-10-14,2024-10-15
BTC,1DrWTYPYSs3fN4dWwZyd8cX7AQ3eCNerUp,6,0.00134051,91.88,6,0.00134051,94.98,2024-10-11,2024-11-28
BTC,17VP5WnLx2xgZjFVRKxFryjQj1qw6dhzZy,16,0.01279004,821.07,16,0.01279004,828.66,2024-10-09,2024-10-19
BTC,1HpGn3TAgGBw5yHQnX183papk6eCPpzTJ1,5,0.00229764,154.22,5,0.00229764,156.89,2024-10-14,2025-04-07
BTC,1ABTfhQHH1hjBCY9MMy6NEM99fnwasFiEg,1,0.0004,25.28,1,0.0004,26.43,2024-10-13,2024-10-15
BTC,16krKUhh4TNgzVeLDKbj5pGvPUx8FAryA3,8,0.01996145,1295.17,8,0.01996145,1319.49,2024-10-11,2024-10-23
BTC,12EbHvdTiiwuj69U29zTPJCbQbVCH8Wsqe,2,0.0002658,20.76,2,0.0002658,21.67,2024-10-13,2024-11-28
BTC,1MxVAzEDcbXBJXDHKGZM7eNsTwZvSur5Cw,4,0.00325044,216.6,4,0.00325044,218.26,2024-10-13,2024-10-23
BTC,17gEjWTDFeHvBcgjM8peqXnxfqwkrCGXKA,1,0.00026007,16.44,1,0.00026007,17.19,2024-10-13,2024-10-15
BTC,1KXDfKv5T5K9kDmUsNhBgXQpKMBhmnUPsS,1,0.00037438,23.54,1,0.00037438,24.74,2024-10-14,2024-10-15
BTC,1HDmsJWCru953CBwd2EnPzkA2U2aKjC3bH,1,0.00088272,55.79,1,0.00088272,58.33,2024-10-13,2024-10-15
BTC,1mQ2xmh4WzpSAyTLGb9isUH48eQCeb3Yk,1,0.00039159,24.75,1,0.00039159,25.88,2024-10-13,2024-10-15
BTC,1B748jatPsgfeLhWczHEmDUXcUHnHemSSj,1,0.00047466,29.84,1,0.00047466,31.37,2024-10-14,2024-10-15
BTC,1DtXLrzSreSLXLBauxqCvgyrx1unxGAnaW,3,0.00159209,104.24,3,0.00159209,106.9,2024-10-13,2024-10-20
BTC,1Ls3QkgfTp8yFUaPGvkAuVgHrkvyPX5qEp,1,0.00018696,11.75,1,0.00018696,12.36,2024-10-14,2024-10-15
BTC,1LvzxDYCNm9raHDBHVJTRf7yopKK5sQ2VT,1,0.00035597,22.38,1,0.00035597,23.52,2024-10-14,2024-10-15
BTC,1GQMEu4pLJcUYBqWcNNEeGoFTY3GUxrAmR,1,0.00042097,26.61,1,0.00042097,27.82,2024-10-13,2024-10-15
BTC,115mhh4iY814XEW5fcUQZikKidmVFfX6xo,1,0.00033845,21.39,1,0.00033845,22.37,2024-10-13,2024-10-15
BTC,1F3Yy8e4Vc633wL6zt1vdu4LUt15vMCefQ,1,0.00021256,13.44,1,0.00021256,14.05,2024-10-13,2024-10-15
BTC,1PuN3JHCijH1ynQB1t4qi41q7pnYMS8X8i,9,0.01227173,765.74,9,0.01227173,787.83,2024-10-11,2024-10-15
BTC,1QimPS7UrT6bcBvW4N2uFMQtGKuUL3gTt,1,0.0009621,60.81,1,0.0009621,63.58,2024-10-13,2024-10-15
BTC,17Z8UCpYoX4ZUetQKCaoM5P6vzEeXxjYx2,3,0.00106122,76.26,3,0.00106122,79.13,2024-10-13,2024-11-22
BTC,1JRE1cqsN9ZVPowkCS8MrEtyQqy6nv52wn,1,0.00087314,55.19,1,0.00087314,57.7,2024-10-13,2024-10-15
BTC,1Lsyfs21y4jdm9WebcDeCiZXRuu2R9Asys,3,0.00114818,71.01,3,0.00114818,72.17,2024-10-08,2024-10-15
BTC,1L6iYjyXwCC45bgsMNkq4KfYHVGvgFBXrG,1,0.00081651,51.33,1,0.00081651,53.96,2024-10-14,2024-10-15
BTC,17DxRhATCYGA89vhS1rvZwBX3TkZUzcHTk,10,0.01913286,1372.56,10,0.01913286,1384.8,2024-10-10,2025-05-11
BTC,16qQhzgg2j5gXTqBTyqDs42oiZniQghwQX,1,0.0005567,35.0,1,0.0005567,36.79,2024-10-14,2024-10-15
BTC,1MWZW5iSE88pr2Zd1RKbzSMoRCDnXQ9EbK,1,0.00031408,19.75,1,0.00031408,20.76,2024-10-14,2024-10-15
BTC,1CrYLqQA3VFNMPDSTSYFjsNTaQz91ZSesN,1,0.00070752,44.48,1,0.00070752,46.76,2024-10-14,2024-10-15
BTC,1A2TZobRPLde4DA4YLUHSAxGhrgUAS4t2K,2,0.00649971,409.2,2,0.00649971,421.09,2024-10-09,2024-10-15
BTC,1YYpPpHBtEzJZgZf84pf4AkWFk7sXpBzv,1,0.00066583,42.08,1,0.00066583,44.0,2024-10-13,2024-10-15
BTC,13GMmzWX6ZuaiyDevrmg1GeG5vgp3t7ymE,1,0.00095423,59.99,1,0.00095423,63.06,2024-10-14,2024-10-15
BTC,1rein7r3Q1kdaLifgKTaYCW7qYzGs6omC,1,0.00059205,37.22,1,0.00059205,39.13,2024-10-14,2024-10-15
BTC,14R43RdhN8Rmq76Enku1jUJp2wZuQsTiuz,1,0.00047367,29.78,1,0.00047367,31.3,2024-10-14,2024-10-15
BTC,1KzPLAiP3tP5rMWhbdiBhypn4mp17NueQs,2,0.00102121,81.59,2,0.00102121,83.19,2024-10-13,2024-12-13
BTC,1NW9FjZaR7fhokvrJHfqCFcjjLNNyzNG2x,1,0.00163357,102.7,1,0.00163357,107.95,2024-10-14,2024-10-15
BTC,1DvVKTM3gpKaTQguRsF7BZDQPNxiRa4QkX,2,0.00073245,46.03,2,0.00073245,47.26,2024-10-12,2024-10-15
BTC,1GJgmZXATrj3Drh3iF8nmVLMQeaYaDfxpH,1,8.285e-05,5.24,1,8.285e-05,5.48,2024-10-13,2024-10-15
BTC,1LDkA3qTZo2UBbmxge3zzEMDLhogdXCFoN,1,0.00026551,16.69,1,0.00026551,17.55,2024-10-14,2024-10-15
BTC,1MnVNC9Fon9tBN3uG4nnndTYpYg1ZmyZfY,1,0.0002663,16.74,1,0.0002663,17.6,2024-10-14,2024-10-15
BTC,1HJUM4THdecreipYnYLw29pNxvVcxMesU6,1,0.00028286,17.88,1,0.00028286,18.69,2024-10-13,2024-10-15
BTC,1HqQ4ysEQ4DfvdG6esWN7W8HbStjs9LjJS,3,0.00065004,39.67,3,0.00065004,41.09,2024-10-11,2024-10-13
BTC,14y8F4tMRs9RbMJaM3AS8KmGFqJQHvsJhD,1,0.0006634,40.02,1,0.0006634,41.93,2024-10-11,2024-10-13
BTC,13vVQRPmgGSLsk6PCJLvQiCc79Z4LKJe8e,1,0.00037176,22.43,1,0.00037176,23.5,2024-10-11,2024-10-13
BTC,1LZMbro2ZfHXfZChL9bCaV2SZkDVgqPpUJ,1,0.00175599,106.48,1,0.00175599,110.99,2024-10-10,2024-10-13
BTC,1NaJDcA5u12jXqyTsPhZEDYrdDt4hrr37B,1,0.00135863,81.96,1,0.00135863,85.87,2024-10-11,2024-10-13
BTC,1HKq27Rko5s3HUaWdYHQUWjSGEAoCrwDWB,1,0.00090397,54.53,1,0.00090397,57.14,2024-10-11,2024-10-13
BTC,12eXwgf4e5pnzuNrfSXhmj9mic4QPKX9rF,1,0.00021707,13.1,1,0.00021707,13.72,2024-10-11,2024-10-13
BTC,13yB9CrxX9thgYRFxKbMMcm1K7iMf81PBs,1,0.00024731,14.92,1,0.00024731,15.63,2024-10-11,2024-10-13
BTC,1BR6CzcZ6Gb1KeJejtv4YiUQDqix5cqQBM,1,0.0024328,146.76,1,0.0024328,153.77,2024-10-11,2024-10-13
BTC,1E88qvGaDNxfh6x7d827h6NgXkc8jAC7XK,3,0.00139309,90.13,3,0.00139309,93.33,2024-10-11,2024-11-10
BTC,1J6azb9bQUKa9KJnqnu3iZXcdQDWQ7JkSy,3,0.00302415,184.24,3,0.00302415,191.15,2024-10-10,2024-10-13
BTC,1APdq8d2M9CHsSgPfXpKfg9nFcCfQ9kGS7,1,0.00190462,114.9,1,0.00190462,120.38,2024-10-11,2024-10-13
BTC,1M1NS7BeVK4sjj71WBKYm34Vgzkymwu8tc,1,0.00073763,44.5,1,0.00073763,46.62,2024-10-11,2024-10-13
BTC,1GNLNpgLvzxeozyu9qcRuTryHbAXdB1pzy,3,0.0095857,580.19,3,0.0095857,600.11,2024-10-10,2024-10-13
BTC,1HsDF3HZZ71auFbqbq4fmJwr12qk6P9yX1,1,0.00121972,73.96,1,0.00121972,77.09,2024-10-10,2024-10-13
BTC,1HAYYkm12VXvL81KCQgUaFeNhkMmhcbt9M,1,0.0009546,57.59,1,0.0009546,60.34,2024-10-11,2024-10-13
BTC,13UAwrGr9Z3svSkffM2PfgJHVssprnPihS,1,0.00042242,25.48,1,0.00042242,26.7,2024-10-11,2024-10-13
BTC,15KkHmffXLr8iJVzoqzHBygtvEpLuRG4jY,1,0.00043653,26.33,1,0.00043653,27.59,2024-10-11,2024-10-13
BTC,1Jigs562DBscbMuS3zYgYeL6kemZq9WggY,1,0.00112292,68.09,1,0.00112292,70.98,2024-10-10,2024-10-13
BTC,1B5YnSph67X3zgFDyNQDf4HuTAnQeKGLB6,1,0.00049327,29.76,1,0.00049327,31.18,2024-10-11,2024-10-13
BTC,13AibYPgn7Z663dvKuBi6QbXLdZ8LYvJX9,1,0.00188695,113.83,1,0.00188695,119.27,2024-10-11,2024-10-13
BTC,1LeVWKq2dfZPe7cBVAW9tdmZrzY7kKckWA,2,0.00089645,54.22,2,0.00089645,55.52,2024-10-10,2024-10-13
BTC,14exPnipVXqaNGaeqnjwHUAF2QP2e2WDbX,10,0.00385338,251.94,10,0.00385338,253.38,2024-10-09,2024-10-26
BTC,1AvBHNQYUGETEfD4Wph5MGc7jWJpf3UPN5,5,0.00501234,355.41,5,0.00501234,361.52,2024-10-10,2024-11-21
BTC,14brNupzdTwicu6YkpoA9WzrkVYme1XXLA,4,0.00421906,325.22,4,0.00421906,329.65,2024-10-11,2025-01-11
BTC,1H1ag2hwnvKrtLDouFcSXwYG4PxJZef3R4,1,0.00106856,64.46,1,0.00106856,67.54,2024-10-11,2024-10-13
BTC,1NYQCvzn1Z3ctpXrcjcomGnEQhGhhe4TkC,1,0.00047117,28.42,1,0.00047117,29.78,2024-10-11,2024-10-13
BTC,1HrQ9CSU2ED8jLsz54vMVdyL82kYsAb6wj,2,0.00045276,28.03,2,0.00045276,28.22,2024-10-08,2024-10-13
BTC,1MpCGgrGLwUm2UXSvg3y2bhfMYkCGSZLNP,3,0.00112137,68.76,3,0.00112137,68.9,2024-10-09,2024-10-13
BTC,13UD4vaKsdEHmwBtfaPiCAoqJzJwbiYusS,1,0.00468299,283.96,1,0.00468299,295.99,2024-10-10,2024-10-13
BTC,1qXcFsNfSxLVf9TRAtk5oswyP7WkXAb9g,1,0.00061812,37.29,1,0.00061812,39.07,2024-10-11,2024-10-13
BTC,12wXAiRjg397DUrYJVaWU8LrTqojcUKvW7,1,0.00085277,51.71,1,0.00085277,53.9,2024-10-10,2024-10-13
BTC,19ThM21HHDazqLHbbh433aSGAwv6wsRzBA,1,0.00032986,19.9,1,0.00032986,20.85,2024-10-11,2024-10-13
BTC,15FJ87iecybbwvosE3qfVurnBpyZSzwZ4k,2,0.00176921,109.66,2,0.00176921,110.26,2024-10-08,2024-10-13
BTC,1N4PvcHoEyV9o9L5WSPEDWtaCwDm4aJJfd,1,0.00039695,24.7,1,0.00039695,24.67,2024-10-08,2024-10-09
BTC,1NGwQemMx91WiJeSkEovvUergiShmrmQuC,1,0.0004,24.89,1,0.0004,24.86,2024-10-08,2024-10-09
BTC,146irhmFyx7AfYW1x9FwyEK89DHxzDQhwj,3,0.00209309,130.73,3,0.00209309,128.76,2024-10-07,2024-10-10
BTC,13N3ZNd5qUk6pzvJAY9huMCjwk6UTvgu5L,1,0.00025403,15.81,1,0.00025403,15.79,2024-10-08,2024-10-09
BTC,1MByfEYPprUY2Dmko59ecD2ArQcz4wXG7G,3,0.00437573,287.28,3,0.00437573,288.31,2024-10-08,2024-10-19
BTC,146mLrS8XXg6cHx3WQnwBoX2TmgxusZekx,1,0.00033887,21.09,1,0.00033887,21.06,2024-10-08,2024-10-09
BTC,171QphKSo9QFtXuHvHbPLdtZbVa7NTGuY6,1,0.00088674,55.18,1,0.00088674,55.12,2024-10-08,2024-10-09
BTC,1N33b7dC9qJ5GUgMc52nQFXWjWUgymYP82,2,0.00087668,54.52,2,0.00087668,53.8,2024-10-08,2024-10-10
BTC,1QJVgoqDbq2x9kBAMcVNjqcQszPvJqSGCD,1,0.001445,89.91,1,0.001445,89.82,2024-10-08,2024-10-09
BTC,1HmoKb9tQfmUZDBoUDonVEz5zBZ2d6jPDq,1,0.00037416,23.28,1,0.00037416,23.26,2024-10-08,2024-10-09
BTC,1DqjDfpJ586ReNKd8QtQbFovoeWLomw6cF,1,0.00153605,96.49,1,0.00153605,95.48,2024-10-07,2024-10-09
BTC,1Gk7HHgMiHmsqLyJd3SrihsYvdY6RqwDzV,2,0.00086506,53.83,2,0.00086506,53.77,2024-10-08,2024-10-09
BTC,1MNQBPS7sdUsuop7WrZKiM86mmVa44E68S,1,0.00088277,54.93,1,0.00088277,54.87,2024-10-08,2024-10-09
BTC,1EG32aUevYnwq8uFJiVAmucyXZ5mGobWHA,1,0.00151629,94.35,1,0.00151629,94.25,2024-10-08,2024-10-09
BTC,1L475hZm2GaKD5t2AfjcuTdAEr5wZcvGuT,2,0.00069738,43.61,2,0.00069738,43.35,2024-10-07,2024-10-09
BTC,184QVXuQ73pt1HNSZanDN6aep4b1uurqjH,1,0.00060215,37.47,1,0.00060215,37.43,2024-10-08,2024-10-09
BTC,1HdNLCUsD8mL4DDGip5KiSckZ9B5sQ3C2j,3,0.00052056,34.25,3,0.00052056,33.77,2024-10-08,2024-10-26
BTC,13ksxLnk7FFgtGR2ws36baAxoyrHhE3YUu,1,0.0008998,55.99,1,0.0008998,55.93,2024-10-08,2024-10-09
BTC,1E53kxJRKsccir4ejvzhfXKR9jwC6Hwou2,1,0.00032016,19.92,1,0.00032016,19.9,2024-10-08,2024-10-09
BTC,1C135rKkHYDL2phoMKnZxPTmZQaKSguJVA,2,0.00051632,32.11,2,0.00051632,31.67,2024-10-08,2024-10-10
BTC,1KLNBcTe9yHNwiDdY5KAjsqpLMHYdpkw9m,1,0.00080251,49.94,1,0.00080251,49.88,2024-10-08,2024-10-09
BTC,19ugmNTeZhRQp76NDjGsparUgc74wacU8K,1,0.00171109,106.47,1,0.00171109,106.36,2024-10-08,2024-10-09
BTC,14B5FuJVXogxMNnZTvmYPXS5vWVDfLtyPH,2,0.00239883,173.3,2,0.00239883,174.78,2024-10-08,2024-11-21
BTC,1BUbWiey5Tfc1ycv884FVfw7ufgPgHrT5w,1,0.00035294,21.96,1,0.00035294,21.94,2024-10-08,2024-10-09
BTC,17Ag1gdAvPDJiUU5qo8EhEFWv2NTrdeTYa,5,0.00211902,131.31,5,0.00211902,129.32,2024-10-09,2024-10-10
BTC,1L4ZuknEcWz9xKLrYoG1QK8RhzrdruJeZj,1,0.0002428,15.11,1,0.0002428,15.09,2024-10-08,2024-10-09
BTC,12SaGrvnNY4o9UcxH4bsuwHbDhANyeZt1j,1,0.00072459,45.09,1,0.00072459,45.04,2024-10-08,2024-10-09
BTC,1Cs7wSnmVHSwacqNMXDv4uzqA7uxjVJ3Vc,1,0.00223388,138.86,1,0.00223388,138.86,2024-10-09,2024-10-09
BTC,1JkjmQRkxYHXkY1jd7SJ38ekzySVXGfqq5,2,0.00244647,153.16,2,0.00244647,153.07,2024-10-08,2024-10-13
BTC,19Nx2yZXQaWxsue2aY84WdHjJ4LyMCZB3y,1,0.00015623,9.72,1,0.00015623,9.71,2024-10-08,2024-10-09
BTC,131Zsv3DPsH8DZNs96pS4TjPJJyKiPfnqU,1,0.00080126,50.34,1,0.00080126,49.81,2024-10-07,2024-10-09
BTC,15NsPHNn3kSkLQw5mCiUCdTtZBuomDwmZp,1,0.00073287,45.6,1,0.00073287,45.56,2024-10-08,2024-10-09
BTC,1MFEktZiVmPBmNHjUPZvw6BJK59qX94PjM,1,0.00054149,33.69,1,0.00054149,33.66,2024-10-08,2024-10-09
BTC,17f8DXwo6MNuKEXb3E9XysS4iAZ5ws4DaF,1,0.00072974,45.36,1,0.00072974,45.36,2024-10-09,2024-10-09
BTC,13PkUDQuZixZj5rJyWfSqw7vH69oCjtAma,1,0.00232696,144.79,1,0.00232696,144.64,2024-10-08,2024-10-09
BTC,1kWLnuqZhYggWKcDEzh2gNHfCXEHSMSWw,1,0.00017005,10.58,1,0.00017005,10.57,2024-10-08,2024-10-09
BTC,1BUVJeYkRQY1haCAQJKVUb1tXuX5ERV59K,1,0.00049505,30.8,1,0.00049505,30.77,2024-10-08,2024-10-09
BTC,17epzQrKf83JvD8qPdYwYNDXr6sQ9NXjsQ,2,0.00208228,129.57,2,0.00208228,129.44,2024-10-08,2024-10-09
BTC,16zZH6Qg4bpq3LvZKARhikf4bd1Hk3bPMJ,1,0.00222016,138.15,1,0.00222016,138.01,2024-10-08,2024-10-09
BTC,1A3LWsQZtKuw7batHF6iBJoRPDdg33RNRx,1,0.00191627,119.24,1,0.00191627,119.12,2024-10-08,2024-10-09
BTC,12cNAZTDhY3AXq5c2vQNZUGeACRuq9kJeM,1,0.00056767,35.32,1,0.00056767,35.29,2024-10-08,2024-10-09
BTC,1HqdoWUuDU1JFZumrnZgHgjfYzaDmz7R1a,1,0.00034778,21.64,1,0.00034778,21.62,2024-10-08,2024-10-09
BTC,1122KXw5yo78h97u3mWBmaNcaifhSpNU71,1,0.00034526,21.69,1,0.00034526,21.46,2024-10-07,2024-10-09
BTC,1FnFrjHkgUNvt1S3pmk7jKSsbqJTYGXSp5,5,0.00516107,339.61,5,0.00516107,335.87,2024-10-08,2024-10-26
BTC,18bDQgk499fhpsub86dWUUR362oW8eNa1x,1,0.000435,27.33,1,0.000435,27.04,2024-10-07,2024-10-09
BTC,1PBjXxPfQuwMqBP9nXXE7y6q7A1H6CrxQ1,3,0.00541203,341.56,3,0.00541203,335.2,2024-10-08,2024-10-26
BTC,1LKKvSRoC3dMyH9HLx1iaiLQxAbTvLUVQr,1,0.0004085,25.66,1,0.0004085,25.39,2024-10-07,2024-10-09
BTC,1M8s2BJdaBGrW9M3MN2TN1iNxTQk7AvoKf,2,0.00109965,70.49,2,0.00109965,70.27,2024-10-07,2024-10-19
BTC,1MjiBNT3H4eNr8wwEjDRwj6rwC9M9ubTmz,1,0.0012658,78.76,1,0.0012658,78.68,2024-10-08,2024-10-09
BTC,1AfFZciJYya5wMQh7SN79ZWembZM9YvyNU,1,0.00151475,94.25,1,0.00151475,94.16,2024-10-08,2024-10-09
BTC,1DuLo582iPDRfprXSk93rDNVTNx1Wc68KD,1,0.00076759,47.76,1,0.00076759,47.71,2024-10-08,2024-10-09
BTC,15jugcrFXkAKGjunHWDi7HwDCxUEmEEu1V,1,0.00111,69.07,1,0.00111,69.0,2024-10-08,2024-10-09
BTC,19easGyY8rA5GfbbfhDG6ev5x2XJd6W3yN,1,0.00149083,92.77,1,0.00149083,92.67,2024-10-08,2024-10-09
BTC,13K76v3BLQfmh8KNnp1u6QC2MjDFvTcsRE,3,0.00282687,173.86,3,0.00282687,174.98,2024-10-08,2024-10-12
BTC,15EXp7qa3urLFiJuAdscyCtPwcGkhYmAP3,1,0.00048056,29.9,1,0.00048056,29.87,2024-10-08,2024-10-09
BTC,1BUpx8SPjR5nJQeUTWTienDXf62bD7Kf6b,1,0.00026071,16.22,1,0.00026071,16.21,2024-10-08,2024-10-09
BTC,1Moa5TA2raeZc6vJZUg6RrgZuy4ssQ3hCr,1,0.00067668,42.06,1,0.00067668,42.06,2024-10-09,2024-10-09
BTC,1C2e7pzk68PbZgLsw9izQaUt3GZGRrhbwa,1,0.00017634,10.97,1,0.00017634,10.96,2024-10-08,2024-10-09
BTC,1B3CWq69SrdfVxP81ZrSgKvRH7RcbhdqrN,1,8.863e-05,5.51,1,8.863e-05,5.51,2024-10-08,2024-10-09
BTC,191qiYMeEDXCx4jGvvPQVbziwBANQMt6HN,4,0.00095826,78.91,4,0.00095826,80.01,2024-10-08,2025-04-07
BTC,1A52RbAS55F6gdt9zF4Dwg11C9HLDzUEE7,1,0.00017949,11.17,1,0.00017949,11.16,2024-10-08,2024-10-09
BTC,18v9voF4F5GLutR8D6Ue1DFvSXCTGho2KL,6,0.00497136,433.96,6,0.00497136,436.46,2024-11-09,2025-05-01
BTC,17e2w5P95N4g2xmMJi18wnrFAESAALGA1K,3,0.00077671,69.2,3,0.00077671,70.99,2025-01-22,2025-04-10
BTC,1Dt3uKKXNE2immv262BvS1vdcDLYF3YW2n,15,0.0052042,464.62,15,0.0052042,457.92,2025-02-02,2025-05-13
BTC,16mCgjJhLkKyDQXCA1cd8tUWLPdVxymAwj,6,0.00209996,194.98,6,0.00209996,195.18,2024-12-10,2025-03-23
BTC,19Cfx6jzLnoGqCbbnmYs5KBEsJydynxdLM,4,0.00359364,330.56,4,0.00359364,331.75,2025-01-21,2025-03-22
BTC,1MCSvCRHnqdBhym9ithXDDkbKSFAD5p9xB,1,7.7e-05,6.98,1,7.7e-05,6.98,2025-03-06,2025-03-06
BTC,17cBn8Xx8b1uz5YkhwnqpmttT4EyAFFcgR,3,0.00576366,563.5,3,0.00576366,568.02,2025-01-27,2025-03-06
BTC,1FedwHXhakWecFxNTr4axHxRNKgsmWKHPk,8,0.00737381,628.55,8,0.00737381,639.72,2024-10-22,2025-04-02
BTC,1A5krCEbjM2914uy8FMRxFT8LnUL4rri9Y,3,0.00014129,11.6,3,0.00014129,12.07,2024-11-11,2025-03-06
BTC,16CqakKNBBZKcCuHGpPCimUQisrs6g3kzY,4,0.00202019,177.7,4,0.00202019,178.29,2024-10-23,2025-03-06
BTC,1LmYhqwKqmTG1VcwXr1oRtHAEFn3nV6zJE,3,0.00274,255.71,3,0.00274,260.55,2025-01-30,2025-03-06
BTC,1KQwCAw5iWE9NwME5RPxvMy4rmBpqcT1dn,6,0.00255395,253.77,6,0.00255395,251.83,2025-01-30,2025-02-18
BTC,1MD5Ffi85ngFtFQZoiUhNbsA8MZ4KqHUvu,7,0.00148997,136.8,7,0.00148997,136.27,2025-01-05,2025-03-15
BTC,193MzE5q2JGtFZzDpF3RGsTS6AVAXZmMVA,2,0.0007914,74.13,2,0.0007914,73.2,2025-02-16,2025-03-04
BTC,1P9sMeAQBz5tGMb6rYjFn81Tdx7jE7Dg2C,3,0.0036677,363.18,3,0.0036677,363.53,2024-12-23,2025-02-18
BTC,14hnfi7iqnpJAKG6YcEijMFH49CiEpvB6V,1,0.0003763,36.72,1,0.0003763,36.04,2025-02-16,2025-02-18
BTC,1LrhvBznR8PpQnZVEsrsmCWE8wSobEDtvb,1,0.00013561,13.23,1,0.00013561,12.99,2025-02-16,2025-02-18
BTC,1Chw6XUzxE63ee3GKU67zHPawqkpuQj89Q,1,0.00201795,196.89,1,0.00201795,193.28,2025-02-16,2025-02-18
BTC,1G4rRWShk1ewSkr8aVAKrH5JEisEh82YdE,4,0.00081134,80.69,4,0.00081134,81.33,2024-12-07,2025-02-18
BTC,12y2UCRu5rFTy22zntLYWWrRfaJhj9x9Wj,10,0.00169239,158.66,10,0.00169239,159.93,2024-11-27,2025-04-25
BTC,15GsKH3B7FYXB8bwnP1pYGfonQDpQjacJy,6,0.0041764,336.43,6,0.0041764,336.99,2024-10-17,2025-02-18
BTC,1DFrLupgT1XJFreSzK23zov79kBfSSqd1x,1,0.00010508,10.1,1,0.00010508,10.06,2025-02-17,2025-02-18
BTC,14KDkZ9JC5mfgq7p4Q8pRtTkfN7i3NgQXb,1,0.00012984,12.67,1,0.00012984,12.44,2025-02-16,2025-02-18
BTC,1PkJTqv1cD7kdFQw6wXNtvEDMSyLhnqD63,4,0.00205496,204.57,4,0.00205496,202.39,2025-01-30,2025-02-18
BTC,19padieuWgEVhnEM7bSkhm991B4wnQ1UmR,2,0.00039502,37.97,2,0.00039502,37.84,2025-02-17,2025-02-18
BTC,1AviUC2eT4asDmUfoYWZNGC18TJXeEzQ1h,4,0.00273206,263.54,4,0.00273206,263.1,2025-01-04,2025-02-19
BTC,14xyCbMCHq9x7ZHQnoHGry9oqi37ufDCs5,3,0.00475755,332.98,3,0.00475755,330.45,2024-10-10,2025-02-18
BTC,15hrAJ7ZDrkinxp1Zy9xoZpqXk8y3Q22Bo,9,0.00234116,157.73,9,0.00234116,157.72,2024-10-16,2024-10-27
BTC,1KPhdYraGfvRb3or7PjDkGvfRV5uE4nMR6,1,0.00037757,25.84,1,0.00037757,25.84,2024-10-19,2024-10-19
BTC,1H4bcRWf91dPzXiSEyP8rsP6TpNUTXcCcX,1,0.00054381,37.21,1,0.00054381,37.21,2024-10-19,2024-10-19
BTC,1QCNDFuuXsJgGbWLcqnX57ZLDU45ahMaFz,2,0.00044429,30.29,2,0.00044429,30.4,2024-10-17,2024-10-19
BTC,1DpxiCtztyezna6ybK18fvoVRGsH4GaBhN,3,0.00173191,132.25,3,0.00173191,132.46,2024-10-12,2025-02-01
BTC,1GgGFGD5evcDcF2nwQ6bWGzomWY3ySuYqg,1,0.00021682,14.84,1,0.00021682,14.84,2024-10-19,2024-10-19
BTC,1Ji2MMf97zCRR57Uvwq2cQnDpGiWboKnaF,1,0.00041687,28.53,1,0.00041687,28.53,2024-10-19,2024-10-19
BTC,1Eg4M4KUsH3NaKSrd2q7jsgNFQbXbZWZi1,1,0.00023507,16.09,1,0.00023507,16.09,2024-10-19,2024-10-19
BTC,1Fnq791rHzXJTp1PJhNvu2kb4tByQ2t1sD,1,0.0002338,16.0,1,0.0002338,16.0,2024-10-19,2024-10-19
BTC,152zeafk57DPfVJBf55n5byQF2BUJpG661,1,0.00149165,102.07,1,0.00149165,102.07,2024-10-19,2024-10-19
BTC,1Ytrt8pDE2e55HeqL6VqUtvHc97ChNeRM,6,0.00548445,373.68,6,0.00548445,373.06,2024-10-16,2024-10-23
BTC,12sn8rMXRhEfHuENYnexCC6EohBMdcCyB3,1,0.00090656,62.03,1,0.00090656,62.03,2024-10-19,2024-10-19
BTC,1NLduvz49LKqNMhB6ZG2hc4dyvAqzgEkRw,2,0.00075553,51.7,2,0.00075553,51.7,2024-10-19,2024-10-19
BTC,1FGRRFAq3ECBBst5FYox5zt5toZFYp23bQ,1,0.0008781,60.09,1,0.0008781,60.09,2024-10-19,2024-10-19
BTC,16nZDhC5XCPiYWMAnvSCifzPcBDbZA9fFH,3,0.0022,154.61,3,0.0022,153.92,2024-10-12,2024-11-15
BTC,1DLmGpUhrUd1GRTpt5CCHNiqVBhw1Cffjt,2,0.00360062,283.6,2,0.00360062,287.92,2024-10-19,2024-11-28
BTC,14EopEj9BVHUQdsaLq369Zad1SUdeuAhbu,3,0.00915386,617.45,3,0.00915386,617.45,2024-10-15,2024-10-19
BTC,16fFy2YfcQahQfRzXKf6nGMtwVP8zdwoXz,1,0.00057889,39.61,1,0.00057889,39.61,2024-10-19,2024-10-19
BTC,1Jex8W4AbkCKFqdtbzEu4t4BEDGSLUEAHj,2,0.00107383,67.31,2,0.00107383,66.49,2024-10-09,2024-10-13
BTC,1Bswhbz7ecSSFjRzBGYtnknZ3NtqYKas1a,3,0.00081858,50.46,3,0.00081858,50.6,2024-10-10,2024-10-13
BTC,1M5Sp23mh11ZwwKWuGBrPx9LJDC2dj4nw3,8,0.00180184,122.95,8,0.00180184,123.17,2024-10-10,2025-05-07
BTC,1HfdnQHUiaHBxs7ZycTgLxMTq51u6W2Y6j,1,0.00058252,36.21,1,0.00058252,35.32,2024-10-09,2024-10-10
BTC,1DSi5FGtYQweRpHhFZwAee4PMetE8czfTZ,2,0.00066459,42.77,2,0.00066459,42.47,2024-10-10,2024-10-23
BTC,1PBAbpGnVzUGEY9aprPjzLv8gHAiLx7yiu,2,0.00200572,128.67,2,0.00200572,127.17,2024-10-09,2024-10-15
BTC,18XR2qohwZuWYBehFk8rzqc7xD3CdF7yQ4,2,0.00192169,125.88,2,0.00192169,124.47,2024-10-09,2024-10-20
BTC,131MQ3jHhZKZVdoWu1VttDF7MTrT7gquT1,1,0.00025821,16.05,1,0.00025821,15.66,2024-10-09,2024-10-10
BTC,1CNBwDB1Cv1jAEFRiLysPCTsqpi2kLKap9,5,0.00350485,251.91,5,0.00350485,251.98,2024-10-09,2024-11-17
BTC,1BF8EM3oEURiWsTHaCEDvK3Mv6eU5pzNUD,1,0.00109251,67.91,1,0.00109251,66.25,2024-10-09,2024-10-10
BTC,1JfYkS23oFA9FCddb3mXEzybKHCrpkVzxC,1,0.00050997,31.7,1,0.00050997,30.92,2024-10-09,2024-10-10
BTC,18rGGbw1M4GUWzPj8CcyDiTwbvKcpm9no7,2,0.00069009,51.72,2,0.00069009,51.28,2024-10-09,2024-12-01
BTC,1GtMHqMyNr7qqDxsw72JXpMf3kWa1Ko57d,1,0.00065823,39.91,1,0.00065823,39.91,2024-10-10,2024-10-10
BTC,1DPaKFFpUBfzUeE2mHrtLaVJJFkQnkEvwH,4,0.00734062,486.71,4,0.00734062,487.02,2024-10-10,2024-11-10
BTC,15GkvDYM6KrqD2cP6kkFz1Vndubw7bHZ5c,1,0.00022128,13.75,1,0.00022128,13.42,2024-10-09,2024-10-10
BTC,1P3jdEMbpsSjHMdxTfcbTaSwM13yT3XVB1,4,0.00341007,209.28,4,0.00341007,209.28,2024-10-10,2024-10-20
BTC,158y82o8njk2mueMAdN78Y48ozodk7cjnd,1,0.00053565,32.48,1,0.00053565,32.48,2024-10-10,2024-10-10
BTC,19ULtKjz7PU9uH5avLZqBF8zt7S7EvuhLK,1,0.00026232,15.91,1,0.00026232,15.91,2024-10-10,2024-10-10
BTC,1Chesbn9stWudE82JgB4MqynbNYVBqfZZt,5,0.00206559,134.02,5,0.00206559,132.91,2024-10-09,2024-10-27
BTC,13nSgGKJJCY1SydXKZh1sih5RVeGLfu7C2,2,0.0005956,37.02,2,0.0005956,36.11,2024-10-09,2024-10-10
BTC,1BgbJ8LBtiMadwy4DwqHJNkqkX9NTdvKqR,1,0.00123943,77.04,1,0.00123943,75.15,2024-10-09,2024-10-10
BTC,1FF5f2reuz1MmRN2cxcEqTnDtGFfqsyir8,1,0.00310319,192.9,1,0.00310319,188.17,2024-10-09,2024-10-10
BTC,1BrGhgMF7TtBrxPnT77tBbxpHpRuj51JiJ,1,0.00033446,20.79,1,0.00033446,20.28,2024-10-09,2024-10-10
BTC,1H4ZSmvouHgaisqTP9cES3EB38CW5iDbu5,2,0.00200251,161.59,2,0.00200251,159.98,2024-10-09,2024-11-29
BTC,1Cp9PxjZUPA4xU6yXU4Bq9TE531L48YRUa,1,0.00050805,30.81,1,0.00050805,30.81,2024-10-10,2024-10-10
BTC,1uHnEyfbhc5qPyoVy3yDX8vmvg7xYgHpZ,1,0.00157957,98.19,1,0.00157957,95.78,2024-10-09,2024-10-10
BTC,1F5S187DyfdJecgqwg16NtZuhivt9HBsAn,2,0.00036535,22.56,2,0.00036535,22.7,2024-10-10,2024-10-13
BTC,12fnBLrhfDUQ6Ubf5fdutqbBXoTfbkTsB4,1,0.00147124,91.45,1,0.00147124,89.21,2024-10-09,2024-10-10
BTC,1EA5ycrr6GcqotDkjGiVKAzdXS6HKWmZsd,1,0.00162035,98.25,1,0.00162035,98.25,2024-10-10,2024-10-10
BTC,1MhnqFntbGVWiJ3a4PR8tPyZtE8vfHGCuy,1,0.00043334,26.28,1,0.00043334,26.28,2024-10-10,2024-10-10
BTC,13PWUNVERXwCYwMiqGw1hYj4DwHvsgdS5Q,1,0.00093189,56.51,1,0.00093189,56.51,2024-10-10,2024-10-10
BTC,1HHyBXDKLdeCdtzstEZjk1tatbrZJJSkpK,1,0.00050572,31.44,1,0.00050572,30.66,2024-10-09,2024-10-10
BTC,1KLtzGSWsBHHBhkZM4a9T24DGS7j98Tw4R,10,0.00190895,128.94,10,0.00190895,128.8,2024-10-09,2024-11-23
BTC,18BdycNgN5jVpdfYNVyqM7cG9FUTKfo4Aj,3,0.00174098,108.89,3,0.00174098,109.28,2024-10-10,2024-10-19
BTC,17fnnnX2jFJ2GXFQpSEELK8u7DwQYnGmos,1,0.0002049,12.74,1,0.0002049,12.42,2024-10-09,2024-10-10
BTC,14hg5mbA4cpJUVcLxrfs7WCRm3FYfoPEEF,1,0.0001882,11.7,1,0.0001882,11.41,2024-10-09,2024-10-10
BTC,1ARtmfMuT1zCbQShy5WFcsyJi55QTA7yCV,1,0.00160466,99.75,1,0.00160466,97.3,2024-10-09,2024-10-10
BTC,1CZ7puaQNSfgHTHt7yA2x2nxR3295vhDoo,1,0.00128775,80.05,1,0.00128775,78.08,2024-10-09,2024-10-10
BTC,15iprC7aaYYhKS9h919JAkcn2ZC8aTyMFf,2,0.00099035,60.05,2,0.00099035,60.05,2024-10-10,2024-10-10
BTC,1HiqVXXFBCWZ2ks626e18Ms2n53Nen6DxM,1,0.00223766,139.09,1,0.00223766,135.68,2024-10-09,2024-10-10
BTC,1DgUnGY9DbebDzhMvoFDZDzKP6hu9jTyKJ,1,0.00033732,20.45,1,0.00033732,20.45,2024-10-10,2024-10-10
BTC,1KVQTmN5g1j3K4NDH7ZHG1TtXBMSswQ8mC,1,0.000245,14.86,1,0.000245,14.86,2024-10-10,2024-10-10
BTC,1JbBx2MqPS8thYtU2mi3bTU9JngJGadow7,2,0.00323714,198.74,2,0.00323714,196.29,2024-10-09,2024-10-10
BTC,1P3HY9RWWfEwoArXcw4HYTnMdesrCeYuTY,1,0.00029213,18.16,1,0.00029213,17.71,2024-10-09,2024-10-10
BTC,1EPHDjRromD4uWgpdWSbahudDwCg842KBz,1,0.00032137,19.98,1,0.00032137,19.49,2024-10-09,2024-10-10
BTC,1FhbWbTmusL4FzHtmR63LWq5hLk46LuQdw,1,0.00058952,36.64,1,0.00058952,35.75,2024-10-09,2024-10-10
BTC,19eu2jFESw1sKcp9vMVRcu9zAM7VnCaqLs,1,0.00048966,29.69,1,0.00048966,29.69,2024-10-10,2024-10-10
BTC,1C9oCDbLyvpMwrD2iRfUiEX72Lx6CeLxbg,1,0.0004167,25.9,1,0.0004167,25.27,2024-10-09,2024-10-10
BTC,13MTCa4D8rUH2SCt87ec6MopznUokaXS49,2,0.00038778,24.59,2,0.00038778,24.07,2024-10-09,2024-10-24
BTC,1MY8GEmfqGRqEULmreJ3TrRsyvo382rsJn,3,0.00273347,169.56,3,0.00273347,171.38,2024-10-10,2024-10-15
BTC,1Q6jrzP3YVsoX78j6wcgwAdcj15xM6UW1W,1,0.00121659,73.77,1,0.00121659,73.77,2024-10-10,2024-10-10
BTC,1JJLWTZ9qfr9rzVqYXc5qAbxqdowLXJMfb,1,0.0008664,52.54,1,0.0008664,52.54,2024-10-10,2024-10-10
BTC,17JHpcfvMPHMpRwT8zyx399x4A3WjHLJ8W,1,0.00032462,20.18,1,0.00032462,19.68,2024-10-09,2024-10-10
BTC,1LWKYJJzSztsFyxAKrUuiGvhUt28FU12d3,1,0.00049343,29.92,1,0.00049343,29.92,2024-10-10,2024-10-10
BTC,1DpDe17Q2pcPj48AodHeedCBK1mYmyRujG,1,0.0001325,8.24,1,0.0001325,8.03,2024-10-09,2024-10-10
BTC,1CNU5Prnn78CFTvLLe3SoQimzoyZDV5jy,7,0.00450366,404.39,7,0.00450366,404.5,2024-10-10,2025-01-05
BTC,1G5L6ojpLjiv4eGUiMH68M1VLu85MBYw58,1,0.00070928,44.09,1,0.00070928,43.01,2024-10-09,2024-10-10
BTC,12ewoGpx4whwESfp2gpYwrdLeSXiCujDCA,5,0.00106693,74.92,5,0.00106693,74.63,2024-10-10,2025-02-03
BTC,1MU5tLkx4ZUjEySVe2Ab62gVi8BjQ3T8tb,1,0.00196243,121.99,1,0.00196243,118.99,2024-10-09,2024-10-10
BTC,1JVPLsXJLJCBb658DGAjK2mgTWqo8mt9Z,1,0.00115302,69.91,1,0.00115302,69.91,2024-10-10,2024-10-10
BTC,1ETFM9q7kBLCvyjJ6CpkuN4NVng6z6dGDN,1,0.001648,102.44,1,0.001648,99.93,2024-10-09,2024-10-10
BTC,1GGc8gWxZWX7oSQZDex8VhDyt2xtqNHu41,1,0.00160579,99.82,1,0.00160579,97.37,2024-10-09,2024-10-10
BTC,15Dz5fb86ComeFVVDvHUgSy6KnejedUtQa,2,0.00017824,11.83,2,0.00017824,11.7,2024-10-09,2024-10-29
BTC,1PBTYu4y25z8x45qh2xPxLf99xYgQp4mbu,1,0.00049386,30.7,1,0.00049386,29.95,2024-10-09,2024-10-10
BTC,12LKMdZQgk2Gj9F6BAawqbmAUFsdGyVa22,1,0.00026084,16.21,1,0.00026084,15.82,2024-10-09,2024-10-10
BTC,1Df21KRH37SuCfr6d375ThukqXqczixEuy,4,0.00150137,97.55,4,0.00150137,95.65,2024-10-09,2024-10-26
BTC,1P8KHsTkCARXzkfJ67hfqceiXBQ8QazeU3,1,0.00056563,35.16,1,0.00056563,34.3,2024-10-09,2024-10-10
BTC,1E1wFjJiDRMqvtrZVAsaZEwppVr9JxLgNJ,1,0.00024761,15.39,1,0.00024761,15.01,2024-10-09,2024-10-10
BTC,1DMqH5QNsZHLeDfLtEa5eoaRKd8gpHH9Fc,1,0.0004152,25.81,1,0.0004152,25.18,2024-10-09,2024-10-10
BTC,13NQ3HfdQ5M6rEaoA7cvyWRfpBEdgbSNQi,6,0.00172832,169.68,6,0.00172832,168.1,2024-11-14,2025-01-29
BTC,1HjxkdmDaGBHagKbyJfUUspWHW95U2ghUS,1,0.00083742,80.26,1,0.00083742,80.26,2024-12-03,2024-12-03
BTC,17doCi5raLRXrmZoYjuypxeTw9Dz3UiLC7,8,0.00221123,212.89,8,0.00221123,213.37,2024-11-29,2024-12-05
BTC,1KWCR9V4PR2HkP75rjQ1xbKQvXfionJ4FS,1,0.00021625,20.73,1,0.00021625,20.73,2024-12-03,2024-12-03
BTC,1Adb6MnaqasPZPYNWYC7TRwTVMpfK8Wj5y,1,0.00016385,15.92,1,0.00016385,15.7,2024-12-02,2024-12-03
BTC,16m9NaS5mwd8H4hk2Cpb5Ten1QfRFXH7SZ,2,0.00113745,90.26,2,0.00113745,90.93,2024-10-18,2024-12-03
BTC,1Pda5JyvvDqhkSGPQJvHndvDUrYTEh3MEc,1,0.00057091,55.48,1,0.00057091,54.72,2024-12-02,2024-12-03
BTC,19BZNR3uh1KY9mUH59o2HJixoey5M8YkuQ,7,0.00094677,91.71,7,0.00094677,92.14,2024-11-23,2024-12-03
BTC,19YYMHiGcbAjJsYfQNonMsvCeDxh9cp8tY,3,0.00053464,52.72,3,0.00053464,51.93,2024-12-02,2025-01-11
BTC,1A8w65qV8FFZVu2cARenR3RL78zT4MyA8u,1,0.00017552,16.82,1,0.00017552,16.82,2024-12-03,2024-12-03
BTC,15ArmTAAWkkpTy1eqmfNXUbubjNC4aTWbp,4,0.00101048,71.5,4,0.00101048,71.04,2024-10-21,2024-12-03
BTC,1KDygP8rfdv2vXnqVsxsSZnD2Q286Cvr69,2,0.00114347,108.16,2,0.00114347,109.6,2024-11-27,2024-12-03
BTC,198FgSpGvMwtcM8iAYQkSCekdEJMwpkv2p,1,0.00055638,54.07,1,0.00055638,53.32,2024-12-02,2024-12-03
BTC,1FEUCAZvvJ63Gvv9GN9ESTh74RsxPHPyWF,2,0.00047508,44.24,2,0.00047508,44.51,2024-11-15,2024-12-03
BTC,1PLV3KLGymQdp2zUtZHL15kwRW2d3h4v9U,1,0.00011625,11.3,1,0.00011625,11.14,2024-12-02,2024-12-03
BTC,1bnpyDC5T68GHAuky8CQ8HikzX2vk4WSg,1,0.00052185,50.01,1,0.00052185,50.01,2024-12-03,2024-12-03
BTC,17MDkoo73DSBcd5obQxwjaS2Px42E6zubr,1,0.0005204,49.88,1,0.0005204,49.88,2024-12-03,2024-12-03
BTC,12ygdciBwncKE5oKL6cSeZEnduajANQnrU,6,0.00349095,335.32,6,0.00349095,336.57,2024-11-29,2024-12-05
BTC,1FqvPVsdQj8Qi1ZXxcWHbDLL4xTEZXkzRP,1,0.00024545,23.52,1,0.00024545,23.52,2024-12-03,2024-12-03
BTC,18bAJkN7PgmaRHdnZaLW9jhU4N8L8fwrbc,1,0.00043948,42.71,1,0.00043948,42.12,2024-12-02,2024-12-03
BTC,148iQ4w7fRWiRx43PPskZVrgcYthokGYJM,1,0.00028952,27.75,1,0.00028952,27.75,2024-12-03,2024-12-03
BTC,13pg7bjZhagU76HitFzneQQQkRFkZbHA2K,2,0.00149009,141.35,2,0.00149009,140.41,2024-12-02,2024-12-31
BTC,1AshR3cYpyaxPbmzmqRWhgLT2EM7o2tgb6,12,0.00448612,430.94,12,0.00448612,435.78,2024-11-25,2024-12-05
BTC,1MHqu5iHfinEPBBo32B3ArMuHuf234qHxY,11,0.00435174,425.72,11,0.00435174,431.74,2024-11-30,2024-12-26
BTC,1JSUpDho3DDkrpBHnBgFDKpHUC7WSL95fW,2,0.0028493,270.41,2,0.0028493,273.11,2024-11-26,2024-12-03
BTC,1GcpxWmhf2P5UC9KZ4qLYnR3DDJayV6iM7,1,0.00032603,31.69,1,0.00032603,31.25,2024-12-02,2024-12-03
BTC,1FdSFCWijsB7M8Usk17d51oMaZZ8Rybu4z,1,0.00047302,45.97,1,0.00047302,45.33,2024-12-02,2024-12-03
BTC,1NY1tUa5mpA1WCVTbzUkGvyaRa7qg9qrTC,1,0.00083403,79.93,1,0.00083403,79.93,2024-12-03,2024-12-03
BTC,1LHFvkFBgJX1g8LsqbgVyaJptfGc7KH1A1,1,0.00031261,30.38,1,0.00031261,29.96,2024-12-02,2024-12-03
BTC,1L8iY1rGRdYgxKKyMBsSZMxXJyQTQgVkaQ,1,0.00027525,26.38,1,0.00027525,26.38,2024-12-03,2024-12-03
BTC,1D7cdFCBQd3LBgGdvyngdjU1t2tHpS5Wnt,6,0.00239589,231.61,6,0.00239589,233.52,2024-11-22,2024-12-05
BTC,1J9dpLjinDrcTiY5Hu6bGetDzTtfRddYKV,1,0.00047204,45.24,1,0.00047204,45.24,2024-12-03,2024-12-03
BTC,1AfeeVVjVabQnjpFuvwZRUZjpZXNhJGetK,1,0.0004704,45.72,1,0.0004704,45.08,2024-12-02,2024-12-03
BTC,19EhTNkAQiwSWx1XcErJ5wDGUYgWMyzFDw,1,0.00052354,50.18,1,0.00052354,50.18,2024-12-03,2024-12-03
BTC,1bSVZMdH58tRy3qdeJXbnTuJDGUJMKUZc,2,0.00047846,45.98,2,0.00047846,45.98,2024-12-01,2024-12-03
BTC,1NYsSy5PAURSu3qqRtmhS3KiC85fde6Pe7,1,0.00011717,11.39,1,0.00011717,11.23,2024-12-02,2024-12-03
BTC,13VxPytuFSd13Bd9WMDEPkCXYx9VqA1yZU,1,0.00049003,45.07,1,0.00049003,46.98,2024-11-27,2024-11-28
BTC,1MCpV2qQdLghayA5HBXV9TkytR8Q4ssXSX,1,0.0001395,12.97,1,0.0001395,13.37,2024-11-26,2024-11-28
BTC,1Kyxro3J9CD3uur62ZCF57JP5Q28pfpLLL,2,0.00048099,41.91,2,0.00048099,43.19,2024-11-10,2024-11-28
BTC,1LX1UuCUvMrWVifN6edCQi26DQNuEfhfxN,1,0.00010958,10.19,1,0.00010958,10.5,2024-11-26,2024-11-28
BTC,133bGoZ7kGC1JQEGWu7TgNE1SpMsexLNae,3,0.00072496,72.36,3,0.00072496,71.21,2024-11-26,2024-12-19
BTC,13DJwgG2kEy6V7msGW2VzVpSxFryqj3mok,3,0.00234833,217.18,3,0.00234833,225.12,2024-11-26,2024-11-28
BTC,1LxBV3aCzokhRJxC6o5cYPS5vGn8zKppEL,3,0.00349393,316.61,3,0.00349393,326.71,2024-11-11,2024-11-28
BTC,1PkjEnP2qCKShhmuDzxwGdjJuMH8G4aoeJ,1,0.00051534,47.39,1,0.00051534,49.4,2024-11-27,2024-11-28
BTC,1qTasQGUfrowHc2ogQbQJCyrBvG6vLHGB,1,0.00011396,10.48,1,0.00011396,10.92,2024-11-27,2024-11-28
BTC,1arT5vbZ2P2Y6hSJo3aek24i8qGaWZbex,1,0.00021626,20.11,1,0.00021626,20.73,2024-11-26,2024-11-28
BTC,11UsrhLgqAJg9dU3t7HYzuXo2YU2a5T7A,1,0.00023397,22.91,1,0.00023397,22.43,2024-11-25,2024-11-28
BTC,1CsPR7aNfNSZQxz6b9zZMQNsizsKe9oVGR,2,0.00032147,29.56,2,0.00032147,30.82,2024-11-27,2024-11-28
BTC,1Ms2HaxB5Tpx5EiEQDs1mbMdqSkjSfB397,1,0.00069153,67.7,1,0.00069153,66.29,2024-11-25,2024-11-28
BTC,13iCKBbTEhLNFuFeX3NezVqo4MPdiUH3T9,1,0.00028701,28.1,1,0.00028701,27.51,2024-11-25,2024-11-28
BTC,19u6ixMtgrsJ68UoJRCik2Wf9TKdqec5zA,1,0.0001715,15.77,1,0.0001715,16.44,2024-11-27,2024-11-28
BTC,1A625Hbq9NwA7V8SZyYFNoZHm8hth2nDSx,1,0.00057202,52.61,1,0.00057202,54.84,2024-11-27,2024-11-28
BTC,1DffQc1eKYc8pxK64oehutL9zyuC4dtrZp,1,0.00022252,20.7,1,0.00022252,21.33,2024-11-26,2024-11-28
BTC,12VQGy8iXHCix6cH6AP495huB928gd172D,1,0.00014039,12.91,1,0.00014039,13.46,2024-11-27,2024-11-28
BTC,1AQ2ja9BeQMtgFwBfjGatutDEjFKQAkznX,2,0.00034479,31.94,2,0.00034479,33.05,2024-11-26,2024-11-28
BTC,1MCzKD5tccLDETHT642Qq6GqM8d7nVmFz1,1,0.00054007,49.67,1,0.00054007,51.77,2024-11-27,2024-11-28
BTC,1CSYeK8YzU67Krrbo3kng3AFhRnRy2yZaF,1,0.00062286,57.28,1,0.00062286,59.71,2024-11-27,2024-11-28
BTC,19kyRiR7ESCRRKTSvxbUfLzad3eU7RUf8u,1,0.00054158,50.37,1,0.00054158,51.92,2024-11-26,2024-11-28
BTC,1LDMct9m2XfyjCD7czLNqqJoZyP1Vibpq3,4,0.00034262,31.52,4,0.00034262,32.84,2024-11-26,2024-11-28
BTC,15yDoTFFPcWJLuHb6P9fYysV1zuYKscKq6,2,0.00060008,57.44,2,0.00060008,57.75,2024-11-28,2024-12-01
BTC,1L3joota3QE8D1i7bQYUVz1hom5GEgHBm9,4,0.0006437,54.46,4,0.0006437,54.94,2024-11-06,2025-01-31
BTC,1JjfNSavTzigGabR78LbqpybVJjmqfSsGJ,1,0.00020006,18.61,1,0.00020006,19.18,2024-11-26,2024-11-28
BTC,1D3WMPM5L4YrVrbGMPjxrLfrLeLHMRJAYq,1,0.00012266,11.28,1,0.00012266,11.76,2024-11-27,2024-11-28
BTC,1CgbgXWjeyYvXNW5qauGrBv3Y8xKagYhPj,4,0.00129384,121.91,4,0.00129384,125.61,2024-11-26,2024-12-05
BTC,1KxEUKgpDrbXXbTXcuWMRK92mjaQN4ZqrV,1,0.00077952,71.69,1,0.00077952,74.73,2024-11-27,2024-11-28
BTC,17EvoUMs1VjKt3Gkbv7Nj9m6CyQFq7UNK6,1,0.00010386,9.55,1,0.00010386,9.96,2024-11-27,2024-11-28
BTC,1KLS33b3H4G3mdC7gDVvUrQFDw6yTKdYcd,1,0.0006,55.18,1,0.0006,57.52,2024-11-27,2024-11-28
BTC,1DU1p1t2DpNQxcbgDAHgpkhFYuUve9QSGE,1,0.00039718,36.53,1,0.00039718,38.07,2024-11-27,2024-11-28
BTC,1HyVMEtJokY276xpfPXFj17MD6LKkSUoE1,2,0.0010638,98.94,2,0.0010638,101.98,2024-11-26,2024-11-28
BTC,1JzDie9kBtJydy4qCnoHmfX4CqBfF6LcC6,2,0.00073305,67.73,2,0.00073305,70.27,2024-11-26,2024-11-28
BTC,144BTeELrYTbPt9ivTxn311RvwRUqE8KGz,2,0.00124356,102.55,2,0.00124356,105.45,2024-10-20,2024-11-28
BTC,1EaiRmoUtp2qqA4z2PQyjL8PfhiJH5WGa3,1,0.00025695,23.63,1,0.00025695,24.63,2024-11-27,2024-11-28
BTC,13RumrhNvcobWo83jhBHj5TLdvCPhg468E,1,0.00029493,28.27,1,0.00029493,28.27,2024-11-28,2024-11-28
BTC,15opHUh2j1stX2KLD2mcXRenk75cCY5w8p,1,0.00055801,51.9,1,0.00055801,53.49,2024-11-26,2024-11-28
BTC,1FKtVRGQA9rePnL4yKQuurfyHn6rjULe2u,7,0.00453779,438.26,7,0.00453779,441.43,2024-11-22,2024-12-01
BTC,1LDHgjCuRzzJpGRyoaX6otgCsxJcd82ewu,2,0.00171061,161.45,2,0.00171061,165.46,2024-11-24,2024-11-28
BTC,1LyEfRfApM5iSAhK4d64BkT4cYAey13yh9,2,0.00114428,109.57,2,0.00114428,111.0,2024-11-25,2024-11-28
BTC,1KsW7wAC8SeoSPJmWb4SWFyBJvj4nVroXi,4,0.00145109,137.48,4,0.00145109,136.49,2024-11-14,2024-12-23
BTC,16Un7UiEP7XEkcPb59jhek8BHpMSrpPTxm,1,0.00050506,46.45,1,0.00050506,48.42,2024-11-27,2024-11-28
BTC,1LyvLE2azWFV95gu2q3T9Dhja2RvrLs1ZV,2,0.00025787,24.68,2,0.00025787,25.08,2024-11-23,2024-11-28
BTC,1JBTqCFNZffnPZK7NtvaFYYG87Y748sBGY,3,0.0002717,26.11,3,0.0002717,26.67,2024-11-22,2024-12-05
BTC,1NCaaCBrhGAzbVxoDxhC1JH1obWP2DKZwP,5,0.00209828,196.05,5,0.00209828,200.52,2024-11-20,2024-12-05
BTC,19eHBL4vZh5HAjTZ74ZMaJWKjJjNANuV26,7,0.00209246,203.28,7,0.00209246,206.93,2024-11-25,2025-02-14
BTC,1AVNjkqq9EfbwG7SrpRa5eBNuqU5aJvvxE,1,0.000636,59.15,1,0.000636,60.97,2024-11-26,2024-11-28
BTC,1B7oC4Zs8nhSpDPd8SKhfse7zds6W7gEho,2,0.00044744,41.86,2,0.00044744,42.93,2024-11-26,2024-12-01
BTC,1MfGqRbHGDZ6bAqSJsMf5rNCFm9dXirFw,1,0.00108161,103.69,1,0.00108161,103.69,2024-11-28,2024-11-28
BTC,1PhULuxxg5GLRvtcFf5B2BwaS4N6QjWaD1,1,0.00017454,16.23,1,0.00017454,16.73,2024-11-26,2024-11-28
BTC,1KWpWZb59ExnB23CFqSy8Vd3JVkT1JL7te,3,0.00106133,99.7,3,0.00106133,103.22,2024-11-27,2024-12-05
BTC,1AdRtJ4vuC6gP85J31PYHKcQ7w8vmBaAQ6,2,0.00022534,20.96,2,0.00022534,21.6,2024-11-26,2024-11-28
BTC,1DjMjf1vsDYPhKroJRjCHYp4Z7XJa4hQtu,1,0.00042575,41.68,1,0.00042575,40.81,2024-11-25,2024-11-28
BTC,1DrjBSK7sa3ybx4QsgoWuhDoh3dkgQdU2q,1,0.00068361,63.58,1,0.00068361,65.53,2024-11-26,2024-11-28
BTC,13Pt1BM9W5APEjLMeoKyCJADVjXL9Cy9NR,1,0.00035225,32.39,1,0.00035225,33.77,2024-11-27,2024-11-28
BTC,17jZ1b9858xxA6YhAKywtKU3o9bvfbkVqe,11,0.00672071,632.12,11,0.00672071,651.72,2024-10-19,2025-05-10
BTC,183CC1sfAFqS7n6Tdu7NhhAXkFcXoG73UH,1,0.00032643,30.36,1,0.00032643,31.29,2024-11-26,2024-11-28
BTC,1LD5cT4SbWokQfGoxcDYkUddenPrzA84xG,1,0.00048664,44.75,1,0.00048664,46.65,2024-11-27,2024-11-28
BTC,1JZvXyxFANXTRXZvQvaKeFThK11jMzCoXK,1,0.00017289,16.08,1,0.00017289,16.57,2024-11-26,2024-11-28
BTC,14iYEqt6KYhBnsHB3RvhG55Z16Zzeg6g7v,1,0.00065907,61.3,1,0.00065907,63.18,2024-11-26,2024-11-28
BTC,1KrUcxEtb1tdmGUqVznaptPXGaog54yst7,2,0.00018031,16.77,2,0.00018031,17.29,2024-11-26,2024-11-28
BTC,1Af1zVarH8nHeAxru297Ggn9bXeZwk1si8,1,0.0012,111.61,1,0.0012,115.04,2024-11-26,2024-11-28
BTC,1NvR9qxuJY7jLGD5QguDA3PQ9vt57rKZzy,1,0.00049759,46.28,1,0.00049759,47.7,2024-11-26,2024-11-28
BTC,1H72Lv3iZf7DMA54zLYUrSkW3BVN2j2t5S,3,0.00079303,75.7,3,0.00079303,77.29,2024-11-22,2024-11-28
BTC,1Jw4Js8sTLyLxUSKiSCFmVrJBx8VSK3fDN,1,0.00016337,15.2,1,0.00016337,15.66,2024-11-26,2024-11-28
BTC,1EdVhtoywLAE3EXJxueco4xowAB3UXh2z5,1,0.00054656,50.26,1,0.00054656,52.39,2024-11-27,2024-11-28
BTC,13zRyqbYSJ5b2b5LLqKUBLyJygqCfnnkm4,8,0.00275632,222.57,8,0.00275632,223.63,2024-10-25,2025-02-14
BTC,1yfNfBGz9k1o6jy2q331TBqy4BBcEvbaY,11,0.01306137,1197.36,11,0.01306137,1213.82,2024-10-11,2025-05-13
BTC,15uKb6HcBotVp2qNefsS6yUog43GnSKw1p,1,0.00059644,54.85,1,0.00059644,57.18,2024-11-27,2024-11-28
BTC,1Ats7RdfySqLwwo8upE7xumSgEvBZHp3aE,2,0.00195586,146.0,2,0.00195586,149.32,2024-10-17,2024-11-28
BTC,1BRBEVrZiHyt4Es6xdKyPMtWLpqWhfkGD4,1,0.00036577,33.64,1,0.00036577,35.06,2024-11-27,2024-11-28
BTC,1Mvwtp7SEtrNCgYiUpgJhHBYUvGaqnavNp,2,0.00085157,71.14,2,0.00085157,72.05,2024-11-11,2024-11-28
BTC,16B4h7jE1PCc5UfzV25E9TVygarnFXHS1r,4,0.00099592,78.74,4,0.00099592,79.78,2024-11-04,2024-11-28
BTC,1HYCThJfHcu1QzVBPgNASrZ2vi3v7NNxrB,1,0.00022562,20.75,1,0.00022562,21.63,2024-11-27,2024-11-28
BTC,12ZpjBzET1kk2sqyWQfnduWShapUzA9DS2,1,6.865e-05,6.31,1,6.865e-05,6.58,2024-11-27,2024-11-28
BTC,1EFy6ranFRazLQ2RRVoSFJDQbPfFVEtwRP,1,0.00037488,34.87,1,0.00037488,35.94,2024-11-26,2024-11-28
BTC,1BmT43ntfsNajPDhQd9Gq1rXU2AVJgkabC,1,0.00026979,25.86,1,0.00026979,25.86,2024-11-28,2024-11-28
BTC,1D8JG7EDgcxuAsif86ez2j93F9UXnRy1C1,5,0.00099078,78.35,5,0.00099078,78.62,2024-10-17,2024-11-29
BTC,16cxveQ1RMsSQz4uUoJKPt86svHX68VCYZ,1,0.00032701,30.42,1,0.00032701,31.35,2024-11-26,2024-11-28
BTC,1LAUixx4rF3Txr2FfBgbEexH4Csxp3ZLvv,1,0.00015133,14.08,1,0.00015133,14.51,2024-11-26,2024-11-28
BTC,1MnfyLUz5eLggXootwvXofbYnh8V2bfED1,2,0.00165588,147.81,2,0.00165588,149.97,2024-11-12,2024-11-21
BTC,1vVhFxxdE2m3EoXkoGCkm8mxsEf9ZUtZ3,7,0.00074616,68.38,7,0.00074616,70.35,2024-11-19,2024-11-21
BTC,1Dox1EzwvqFWhBXx4PMHXKGWUWDUQNUfTo,1,0.0007504,69.27,1,0.0007504,70.75,2024-11-20,2024-11-21
BTC,1JAH4mRTAcR1Dqq6S5Cqu2GoXvxN915Fzz,3,0.00195295,180.89,3,0.00195295,178.37,2024-11-14,2024-11-21
BTC,1AXRER1zXXXBKzuxCHegFgg5rmvN1mZP7m,2,0.00023514,21.9,2,0.00023514,22.17,2024-11-20,2024-11-21
BTC,1EVHcYnZMkpcEcSVSkHWMv7tu7JPqCxQLv,1,0.00024757,23.34,1,0.00024757,23.34,2024-11-21,2024-11-21
BTC,1Lf4gcn1a2kk7ScK1Y9acB2WYA3xgFCyQ2,1,0.00027239,25.14,1,0.00027239,25.68,2024-11-20,2024-11-21
BTC,12Y8oZyPfaeKpDhhdHrCCa4iHj5gg7hXrF,2,0.00020072,18.82,2,0.00020072,18.93,2024-11-20,2024-11-21
BTC,1LZwLoD4g9xcLCeoWbW2gNcuSjCe6FtX6d,1,0.0013597,123.0,1,0.0013597,128.2,2024-11-19,2024-11-21
BTC,1GeffPyqAdbsT991RYrp6Cr6m1VcMvPPsM,1,0.00028647,25.92,1,0.00028647,27.01,2024-11-19,2024-11-21
BTC,1DLeDwFjCuUNGzyV2DZztwHAiQ8nqzVCFQ,1,0.00028008,26.41,1,0.00028008,26.41,2024-11-21,2024-11-21
BTC,1FaPgDybxHFQL6Tmu2o8VKC8g5oKHBvU1g,3,0.00059616,56.21,3,0.00059616,57.77,2024-11-21,2024-11-22
BTC,1ALNxoNXtxS3Yq5RVM1gTg2Xjg1tATDGny,1,0.00011602,10.71,1,0.00011602,10.94,2024-11-20,2024-11-21
BTC,14hT1fGUJG38BGt4pRBsNs5SGWyfWLQLtv,1,0.00014587,13.47,1,0.00014587,13.75,2024-11-20,2024-11-21
BTC,1CEWhB2y1d8E7mmw4Qa13JDwJ4Mi76VuCX,1,0.00010627,9.61,1,0.00010627,10.02,2024-11-19,2024-11-21
BTC,1Ld61C1C32vusCw4soTahaW5ntnSG2Ton4,2,0.00072239,60.37,2,0.00072239,61.16,2024-11-07,2024-11-21
BTC,1PByfapLiTZ9dE7tstJANG18jQ8ShXoV6H,6,0.00247107,202.17,6,0.00247107,201.4,2024-11-08,2024-11-21
BTC,1DCGiAXBnhVGYLZSRRLRug8jSU6NEeLpk8,1,0.00025489,23.06,1,0.00025489,24.03,2024-11-19,2024-11-21
BTC,1M5w96ps6CC8t7o95gUewXfu92oo62pe6h,1,0.00011856,10.94,1,0.00011856,11.18,2024-11-20,2024-11-21
BTC,14qkrfXTjKrAUyBhU3W6XNL8y94WKLRQWv,1,0.00052954,47.9,1,0.00052954,49.93,2024-11-19,2024-11-21
BTC,1KdYCWhowij3M672AWS7prDwWeesic6y9K,1,0.00119869,108.44,1,0.00119869,113.02,2024-11-19,2024-11-21
BTC,12mQ9tchu9hA5pr4iJSoP3dk898U3hxDCF,1,0.00131137,121.05,1,0.00131137,123.64,2024-11-20,2024-11-21
BTC,14PueMP98HtWpJjatwmsmn2WTAKhth6ANE,1,0.00113875,105.12,1,0.00113875,107.37,2024-11-20,2024-11-21
BTC,1DT2epofNj9HKh8GV4iNzC1DcCc4zC5wC9,1,0.00012062,10.91,1,0.00012062,11.37,2024-11-19,2024-11-21
BTC,19gpKDNu24vS3Jf7imqMYxqJwanZsoqkyq,4,0.00467928,440.26,4,0.00467928,450.42,2024-11-20,2024-11-23
BTC,1DuwrHBAEz4utz3iDjhxYEaFHQjAuWQbtw,2,0.00183637,154.04,2,0.00183637,156.44,2024-10-23,2024-11-21
BTC,1JN7a7ZJYVbVVZipNuEhYgjjX9LTDmfwCY,1,0.00057767,52.26,1,0.00057767,54.47,2024-11-19,2024-11-21
BTC,13yLx2xVfwTUSiqKthjDDxvz1cMpxVcGU4,1,0.00023474,21.67,1,0.00023474,22.13,2024-11-20,2024-11-21
BTC,1GmiyqWzoUNyvN9n8TJ69GmBdWqeuKuqFu,1,0.00039323,35.57,1,0.00039323,37.08,2024-11-19,2024-11-21
BTC,1Ag7uqEtetj1C54hiNYXVzbMKNwYTZRJx2,2,0.00131444,121.78,2,0.00131444,124.83,2024-11-20,2024-11-22
BTC,1JCGzijGbopuo2YiH2xgu4C8oHvN8ZajBu,3,0.00249774,237.87,3,0.00249774,240.09,2024-11-20,2024-12-01
BTC,1FNKonyBsgiyR3DS9jFrLM9KrLamKVjE8z,1,0.000532,48.13,1,0.000532,50.16,2024-11-19,2024-11-21
BTC,1Mm6GULUMs1ru7U51kRme6ZMA2e7NWWYsG,1,0.00053117,49.03,1,0.00053117,50.08,2024-11-20,2024-11-21
BTC,1Livn6tLckScEuG8N3RPEJVx3HGZJP9s8N,1,0.00101428,93.63,1,0.00101428,95.63,2024-11-20,2024-11-21
BTC,1QBNLFeXEcEW5S72EB1WmeXoZ3a7DL9wQ1,1,0.00064304,58.17,1,0.00064304,60.63,2024-11-19,2024-11-21
BTC,1NYCmDhEYiehBr91AFjs7JCzyq4Fhf9bPT,3,0.00227565,162.98,3,0.00227565,161.66,2024-10-24,2024-11-21
BTC,134xtNGZQGHSkF4aLgsS5DfPDoonRTKWYF,1,0.0002518,22.78,1,0.0002518,23.74,2024-11-19,2024-11-21
BTC,14pDtUKxHc3XWBQARonvUarpjE8BxP9pZp,1,0.00014079,12.74,1,0.00014079,13.27,2024-11-19,2024-11-21
BTC,1qKVMr91skYrvBwEYi6D1bioFTTEt2qMB,1,0.00011779,10.87,1,0.00011779,11.11,2024-11-20,2024-11-21
BTC,1Cho4Ne7KWC9UywPbfYnqT3eaut6TzVKhL,7,0.00230242,187.49,7,0.00230242,190.03,2024-10-15,2024-11-25
BTC,184hYmJq2LUA4JGTFkZb5DrR7Yyq3SBDPj,2,0.00207645,197.41,2,0.00207645,200.28,2024-11-21,2024-12-05
BTC,1Q1ydWRSmByr7CMaUJutyghvbG8LURc4Ho,1,0.0001,9.43,1,0.0001,9.43,2024-11-21,2024-11-21
BTC,1HCi1q3erGnnc3t9u3it7i9dw9mipgGKxu,1,0.00059895,54.18,1,0.00059895,56.47,2024-11-19,2024-11-21
BTC,1MYxCZ8dBgueyjCnHyc4vbFKegBUPY6Jst,1,7.463e-05,6.75,1,7.463e-05,7.04,2024-11-19,2024-11-21
BTC,19GSmeF4vhhnFZKBm8iBNTPXjr83dzag3d,1,0.00037749,34.85,1,0.00037749,35.59,2024-11-20,2024-11-21
BTC,1JtATkd5T3xbS9fiHhVTAUR3Enbq3MGgMv,1,0.00285643,263.68,1,0.00285643,269.32,2024-11-20,2024-11-21
BTC,1CU186F9y2qJmMwfrzMZZqp9Y8HgVRRK5A,3,0.00125328,119.01,3,0.00125328,121.55,2024-11-20,2024-11-23
BTC,1ML225tTZMiS6BhWRgCN6dGZg1xxJ7kpUB,1,0.00048771,45.98,1,0.00048771,45.98,2024-11-21,2024-11-21
BTC,1FD9QSGvDyD7wwo1HmSoztNFqCTVtNanP3,1,0.0001586,14.64,1,0.0001586,14.95,2024-11-20,2024-11-21
BTC,1Pkw6hLxqdPqT5AJuNGJZceNGhpLRAVHVW,1,0.00059714,56.3,1,0.00059714,56.3,2024-11-21,2024-11-21
BTC,1PA5X4xuQAbR55Y6fFcXX3QZ58TBRF5RTx,1,0.00048405,43.79,1,0.00048405,45.64,2024-11-19,2024-11-21
BTC,1DvZ6SUx4hWK7UpT2EAi6aS3K4hpbgS5u1,4,0.00145148,110.93,4,0.00145148,111.7,2024-11-04,2024-11-21
BTC,1Ao3tQkcMzkEJH2w2omz5NX7y7gAht843P,1,0.00055926,52.73,1,0.00055926,52.73,2024-11-21,2024-11-21
BTC,1Kycqe8agJb2MGmRno4pCVUt3jiQhyETpP,1,0.00058306,53.82,1,0.00058306,54.97,2024-11-20,2024-11-21
BTC,1LDSpgfxiyhNic4ptWjpKkieR3WrN7VEkh,1,0.0004261,39.33,1,0.0004261,40.18,2024-11-20,2024-11-21
BTC,1LYbb1cNYpAFW62zGBoeHqceEkqUzUxSoZ,1,0.00023422,21.62,1,0.00023422,22.08,2024-11-20,2024-11-21
BTC,19SBUcqacVH6WJQx7mp3SsMfpVoDTujeTB,2,0.00247277,217.65,2,0.00247277,217.65,2024-11-12,2024-11-15
BTC,1Kwe3uFunMFHezA5v5wtWeg5ckGZhsZJyq,5,0.00250772,204.08,5,0.00250772,207.92,2024-10-17,2025-05-10
BTC,16Re5onMRN6tToJbEnTwNWYrdHtrP2A82V,1,0.00077852,67.98,1,0.00077852,67.98,2024-11-15,2024-11-15
BTC,1GKoJaoV3ztn8dFLSZiu9uzEvEJDGs1f3r,2,0.00079759,74.12,2,0.00079759,74.12,2024-11-15,2024-12-02
BTC,1EjmG3i2wQDLeLwyoNtEA3noucgrrtX25f,1,0.00072683,63.47,1,0.00072683,63.47,2024-11-15,2024-11-15
BTC,15tUE9357eeL4fNXYBSbPuEekbt5FZ3VX8,3,0.00135078,110.21,3,0.00135078,110.27,2024-11-09,2024-11-15
BTC,1Ayu5md9DcEsx39nQrdFGHJhVUa3nGqc34,1,0.0005099,44.53,1,0.0005099,44.53,2024-11-15,2024-11-15
BTC,19G722899ZC58VqPpbBUk84wpa4cD2t3ic,2,0.00059778,54.7,2,0.00059778,54.98,2024-11-15,2024-12-15
BTC,1781SqLnqQKtzJkupv6vfV2FaVT7EpPQp2,2,0.00128535,117.22,2,0.00128535,116.97,2024-11-15,2025-01-29
BTC,1HKdFDZ6py1TiYFtHY8cMjVMBikMGFLuaG,1,0.0004238,37.01,1,0.0004238,37.01,2024-11-15,2024-11-15
BTC,173iWPmpKVYEdWeTynHChUKi5o8jy5WMMJ,1,0.0001918,16.75,1,0.0001918,16.75,2024-11-15,2024-11-15
BTC,1Pmd93k7ABdWQ7fsy44rER7t1RmHpjsjft,1,0.00027334,23.87,1,0.00027334,23.87,2024-11-15,2024-11-15
BTC,1MVK5MdriC4nYmKN3Qiez3BwXNi923cf4f,3,0.0019882,162.89,3,0.0019882,168.09,2024-11-09,2024-11-15
BTC,17nn13DBb1L8KhqrrdxHRTqFkBXEUWdrtX,2,0.00037041,32.35,2,0.00037041,33.32,2024-11-15,2024-11-17
BTC,17Ct2vtUR4LDbC7nduFW7iVaKGaD1iX3Jb,1,0.00206304,180.16,1,0.00206304,180.16,2024-11-15,2024-11-15
BTC,1B7AWYxZvBZPihUSkz61NvNiPbrmEwzwSG,7,0.00226952,189.41,7,0.00226952,188.25,2024-11-10,2024-11-17
BTC,1HSN8AqyNEX3EWXiU1rqn7PnHxeMe4sS6P,1,0.00025818,22.55,1,0.00025818,22.55,2024-11-15,2024-11-15
BTC,17ScYNR2TGAaqaERMgH1acp12gZAAvuQ3h,1,0.00049796,45.33,1,0.00049796,45.11,2024-11-16,2024-11-17
BTC,1JvMJn9avFHdovRVdB66ZYiG27yXNTk5i1,1,0.00053063,46.34,1,0.00053063,48.07,2024-11-15,2024-11-17
BTC,1NwMKbSH2APDzBmcRha4ZrvPCRGaiw4UAA,2,0.00040667,37.02,2,0.00040667,36.84,2024-11-16,2024-11-17
BTC,1NTUKwV3hxSy6CX2BvvE3GrSjRVyQQjF5z,6,0.00176075,143.24,6,0.00176075,144.98,2024-10-22,2024-12-05
BTC,1NiKfNjQZf4FRfbSSgRXW2CKD7qhDZoGkL,2,0.00103394,84.06,2,0.00103394,85.53,2024-11-10,2024-11-17
BTC,14ox9HR1fhdYECKEms8ifvLnQRriXqgFVF,1,0.00037446,32.7,1,0.00037446,33.92,2024-11-15,2024-11-17
BTC,1L2RRsZwJW1CPNWNhiGDisCBizSGKUkVyt,2,0.0007,61.13,2,0.0007,63.41,2024-11-15,2024-11-17
BTC,1NUViYWkKxQJVzz3f74ihJjEJ4NnQrKoAE,1,0.00043315,37.83,1,0.00043315,39.24,2024-11-15,2024-11-17
BTC,1NCYvtnd3WDfoiUPQu7cuZXUT2dyFyPXuB,7,0.0019,167.89,7,0.0019,170.51,2024-11-12,2024-11-17
BTC,1486nDgRGRGiJUVkFtybNp15ZvQGeReMYm,1,0.00099576,86.96,1,0.00099576,90.2,2024-11-15,2024-11-17
BTC,1GgGirM9ZrWzh3Kk4mNv1edh3BA8UnPNzs,1,0.00039335,35.81,1,0.00039335,35.63,2024-11-16,2024-11-17
BTC,12g2W7HTLPZKhE22w7exWHL6VLqS5yW1qf,1,0.00016857,15.35,1,0.00016857,15.27,2024-11-16,2024-11-17
BTC,1EBsX6BH3CzTD5CvHXWrgaEyMKY3QAy3U5,1,0.00017402,15.2,1,0.00017402,15.76,2024-11-15,2024-11-17
BTC,1Bb1mYW6auNByMoGPm2N9SLw6NpQgpUgJQ,1,0.00012771,11.63,1,0.00012771,11.57,2024-11-16,2024-11-17
BTC,1GW7p37PX7fjZxbLAQS8Dh2JsnuzzPMoeA,1,0.00055255,50.3,1,0.00055255,50.05,2024-11-16,2024-11-17
BTC,1QBgHEWYaeVSthroPkmetXUWqBqRNCz6SC,1,8.697e-05,7.59,1,8.697e-05,7.88,2024-11-15,2024-11-17
BTC,14ptJATPsjHZ5otQedn5EzH6P8E8ijXayB,5,0.00766031,706.33,5,0.00766031,712.07,2024-11-16,2025-03-17
BTC,1QBocz5uYhuttqBrQpuK6askTAtwfMUK1X,2,0.00051827,46.96,2,0.00051827,45.85,2024-11-14,2024-11-17
BTC,1G47ortJF2HiKoVEA9b2VWGkkNV7aecoE8,1,0.00010942,9.96,1,0.00010942,9.91,2024-11-16,2024-11-17
BTC,1CJRyv9SsyZjXsi3kVesV5CFa8CM8Ztw4U,3,0.00111611,94.71,3,0.00111611,96.03,2024-10-24,2024-12-05
BTC,19K2bogfJrBioXY7yPpaNGLmwJUiZr2jcx,2,0.00049442,43.18,2,0.00049442,44.79,2024-11-15,2024-11-17
BTC,13YCeiTzuvp4sC3ckf14L69ijQa83732u6,1,7.009e-05,6.38,1,7.009e-05,6.35,2024-11-16,2024-11-17
BTC,187K1H5LZCRiY87CooJAfZGhfsKpRJeTdB,1,0.00097016,84.72,1,0.00097016,87.88,2024-11-15,2024-11-17
BTC,1Ec4KQEppC41qzdNBdVVa5UTE5hjybNhxr,1,0.00066412,57.99,1,0.00066412,60.16,2024-11-15,2024-11-17
BTC,15BFrmRVDTRYKgpEsAjEiqkMJL2Aq4DjUL,1,0.00044177,40.22,1,0.00044177,40.02,2024-11-16,2024-11-17
BTC,1M5KLrdUrL1ib9CDAQeMXE5AwBYCDhjrLh,1,0.00021966,20.0,1,0.00021966,19.9,2024-11-16,2024-11-17
BTC,1KoMDZGwyHe5pov11vxYkHx3qzqDwr3XM,1,0.0001375,12.52,1,0.0001375,12.46,2024-11-16,2024-11-17
BTC,16FcbqDVAJjcSj8R1CPi7Sx1FGTVqRpTqf,1,0.00050042,43.7,1,0.00050042,45.33,2024-11-15,2024-11-17
BTC,12ukmo4NnRRwpp1VbsBveQKnmHnutsthcn,3,0.00165991,124.94,3,0.00165991,126.4,2024-10-16,2024-11-22
BTC,124Pqz2qdDNqS7P5Rp51w1o9bJ1nzYqkZw,1,0.00062307,56.72,1,0.00062307,56.44,2024-11-16,2024-11-17
BTC,1FfZJkHUbVxFe6QtPyfdoJGT2j5HTegkEP,1,0.00099748,87.11,1,0.00099748,90.36,2024-11-15,2024-11-17
BTC,1685nFUwRbCUoU2Y8kXPjhiHnMB3nrau4M,1,0.00133411,116.5,1,0.00133411,120.85,2024-11-15,2024-11-17
BTC,1LtkuWDu7KrwZZdoiPja2mSvKY1jgt8Wow,1,0.00054546,47.63,1,0.00054546,49.41,2024-11-15,2024-11-17
BTC,17qnzbry6kTUJo27s48CmL9BLkMh9u4znH,1,0.00109846,100.0,1,0.00109846,99.51,2024-11-16,2024-11-17
BTC,1Kzj7Fv6xzuzpG36z4ASRtuonR6FKPrMPS,1,0.00071003,62.0,1,0.00071003,64.32,2024-11-15,2024-11-17
BTC,1CLt4ugU16tsv8DY8bQw4MHKwMprWtTgn4,1,0.00020915,19.04,1,0.00020915,18.95,2024-11-16,2024-11-17
BTC,1Jpjvph5sHjHmLQray4U4xHA6Sw6JnWcoy,4,0.00083576,79.66,4,0.00083576,79.71,2024-11-16,2025-01-02
BTC,13zWQFYovPXcc3PQT6VBq2LTLf23ZBcAPk,1,0.0002049,18.65,1,0.0002049,18.56,2024-11-16,2024-11-17
BTC,1PgSLJds1ir7AQXBTcFGi2mynDkM3mwJgw,1,0.00026688,24.29,1,0.00026688,24.18,2024-11-16,2024-11-17
BTC,12LZqax4ESHwJ2zS6UpLRnZzXv5DFcVApe,2,0.00084257,74.11,2,0.00084257,76.15,2024-11-13,2024-11-14
BTC,1LzkPpGz2o4uxAjFN6GuQVe55Zh9Te9W3N,1,0.0005132,45.14,1,0.0005132,46.38,2024-11-13,2024-11-14
BTC,1F7vzGm5Buzt3qwgZpxumv9jnkDr46HZ5v,1,0.0005572,49.01,1,0.0005572,50.36,2024-11-13,2024-11-14
BTC,1B2X7WNTz5R2kNWdsu3jpA978EuxbsrXpb,1,0.00018534,16.3,1,0.00018534,16.75,2024-11-13,2024-11-14
BTC,19YBJMt3Txc7obqh3vAZnNFLgBZHgJtVM7,1,0.00021661,19.05,1,0.00021661,19.58,2024-11-13,2024-11-14
BTC,18fSwpHYPWWxfc2EJVFh3gGnaLe6pdvbc,1,0.00019423,17.08,1,0.00019423,17.55,2024-11-13,2024-11-14
BTC,1PLEEw1JmhFHsyHhnKqLsK7nvXEJJXJ6ga,1,0.00051103,44.95,1,0.00051103,46.18,2024-11-13,2024-11-14
BTC,181HBxsKXbskkqGsHrFBRm6FG11y8g1c8Y,1,0.00020222,17.79,1,0.00020222,18.28,2024-11-13,2024-11-14
BTC,1GzGUeUrSVMNitQTpMTvxykzYvzoVqFEFr,1,0.00116278,102.27,1,0.00116278,105.09,2024-11-13,2024-11-14
BTC,13btH4KmLenGM29EE6TQTjJVrv19asvMQW,1,0.00022679,19.95,1,0.00022679,20.5,2024-11-13,2024-11-14
BTC,1JBGJjZfUKNmWnq3tfRAirSZTHTMFvc8Da,1,0.00046166,40.6,1,0.00046166,41.72,2024-11-13,2024-11-14
BTC,1dLG73Xq8BLwE6H611WjVDiTt67isG59q,1,6.822e-05,6.0,1,6.822e-05,6.17,2024-11-13,2024-11-14
BTC,1NQSqaxkAdj37yVszZ5Ja57hG87hsbM5vV,1,0.00014685,13.02,1,0.00014685,13.27,2024-11-12,2024-11-14
BTC,1CQwFhcDrobQynxg8mUEdiZSLKJHFKZs1b,2,0.00179841,158.9,2,0.00179841,160.25,2024-11-12,2024-11-15
BTC,1PYzUGFK1pykhQMgEENdsGQP7MhKCd418g,2,0.00040196,35.49,2,0.00040196,36.33,2024-11-12,2024-11-14
BTC,1K6vNFVBsmfcNuFbTQMJXUVCmAqc539V4m,1,8.86e-05,7.85,1,8.86e-05,8.01,2024-11-12,2024-11-14
BTC,13vos2V1BUT7ZE9BYRfKXMcH3weMB7qG33,2,0.00064887,57.07,2,0.00064887,58.46,2024-11-13,2024-11-15
BTC,1LHtDNxEgWrvvkzAkQ1AeoFBm15cx6Z9AQ,2,0.00083456,74.72,2,0.00083456,73.77,2024-11-13,2024-11-15
BTC,1DJUoHmhMKsS3vH3p9rJXGPhAz9397hFx8,1,0.000392,30.06,1,0.000392,31.51,2024-11-10,2024-11-11
BTC,1CPiYDDTtagnFbivtwszPNEJnAL7gGMYdN,5,0.00416585,287.78,5,0.00416585,286.09,2024-10-17,2024-11-11
BTC,19xUiysfTiSiNjhTbgTUNjvdjceXnwtCXb,1,0.00027466,22.07,1,0.00027466,22.07,2024-11-11,2024-11-11
BTC,1CLCTuafaY2jqgAQXXZLuyQyUJLtPJAGjR,1,0.00031412,25.25,1,0.00031412,25.25,2024-11-11,2024-11-11
BTC,185j6bcYGhW4AbwrGXeJRhaGB9SFs5tYWb,1,0.00101975,81.96,1,0.00101975,81.96,2024-11-11,2024-11-11
BTC,1K4NLAYQWX6K1zSWxAPJgPDAmkogbT7j4y,1,0.0004982,40.04,1,0.0004982,40.04,2024-11-11,2024-11-11
BTC,12kb46QD2ocmT2PPi6Vbw1swDw4ry1LrQn,1,0.00039441,31.7,1,0.00039441,31.7,2024-11-11,2024-11-11
BTC,19HLLGGEqzeffPhEqtxyP1D9wL6ne3SjdU,1,0.00017026,13.68,1,0.00017026,13.68,2024-11-11,2024-11-11
BTC,1AksFL2x4BTpvLCL1PNm811bPj93EJ8GD7,1,0.0001973,15.13,1,0.0001973,15.86,2024-11-10,2024-11-11
BTC,14YR3NpZSYNNUMVdAQsGkMuc4CKXaURyaC,1,0.00061812,49.68,1,0.00061812,49.68,2024-11-11,2024-11-11
BTC,1AxqxpxEWFYuSyn8p9G9TQfUURuGBFktdb,1,0.00091913,73.87,1,0.00091913,73.87,2024-11-11,2024-11-11
BTC,1P5o4wMJsCvRS1gtczhcLubpMpBWge2Qe5,2,0.00067039,53.88,2,0.00067039,56.37,2024-11-11,2024-11-12
BTC,15MYmkQf7Au6pdqpzxW9yhMThKyPEtEGhU,1,0.00027024,20.72,1,0.00027024,21.72,2024-11-10,2024-11-11
BTC,14KetAyMBS6mW86hTARd6FaEmNgUkT8fxi,1,0.00143133,109.75,1,0.00143133,115.04,2024-11-10,2024-11-11
BTC,1LST4nY7ufKH1Td9h85Dq438S1yGcQr7j1,1,0.00032548,24.96,1,0.00032548,26.16,2024-11-10,2024-11-11
BTC,1HmVACQ7ygaQUQ97ix2xN9th5WWYAjk3sw,1,0.00014027,10.76,1,0.00014027,11.27,2024-11-10,2024-11-11
BTC,1KZ1P6XJSGLFQXPNJDYN7vm4UVqinjA86a,1,0.00085209,68.48,1,0.00085209,68.48,2024-11-11,2024-11-11
BTC,17dhkXWbz6mtoyymH326R8guc6v6uBnVmA,4,0.00122342,88.55,4,0.00122342,88.99,2024-10-18,2024-11-11
BTC,1P5xrcWEPKArGnto95sP9M7Vk5HMiermao,1,9.886e-05,7.95,1,9.886e-05,7.95,2024-11-11,2024-11-11
BTC,1ErCMa8R28S7hjo3oPKesWSxyyM6Y7X69B,3,0.00073,56.55,3,0.00073,56.59,2024-11-09,2024-11-11
BTC,14CYKHWyQMumy4wciEhjz7swHdpsUyVgGm,3,0.00186597,142.11,3,0.00186597,144.97,2024-11-07,2024-11-11
BTC,1JCq7A5ikrwzsTja4LAyxNF8XKo6veenkj,1,0.0014,107.35,1,0.0014,112.52,2024-11-10,2024-11-11
BTC,1AoqTnAarXfyFNrJFdYifrcx8bEXXHHjYd,1,0.00226232,181.82,1,0.00226232,181.82,2024-11-11,2024-11-11
BTC,19RRpamroe47zxnGQgzCW1okM1CvE6spxA,1,0.00026061,19.98,1,0.00026061,20.95,2024-11-10,2024-11-11
BTC,1kS8mGks64JwHca7AK1UsDU8vkZvshKbj,1,0.00027417,22.04,1,0.00027417,22.04,2024-11-11,2024-11-11
BTC,1Nuck6rzsgaPz1n2bsJWrqQ6SzY7kxPnXy,1,0.00086967,54.39,1,0.00086967,54.97,2024-10-12,2024-10-13
BTC,1MEbigpESGQ2b7YhSi3ZAfYvuCLdaH7CwA,1,0.00039699,25.09,1,0.00039699,25.09,2024-10-13,2024-10-13
BTC,19D8krjSqsas3nEDHCy2rhAcJpTgLieshk,2,0.00069872,46.76,2,0.00069872,47.11,2024-10-12,2024-11-10
BTC,1FqVQn3az1GhpMeqMQ455Zb6mLhfH6w1AY,1,0.00071134,44.49,1,0.00071134,44.96,2024-10-12,2024-10-13
BTC,1MTvJTwdn8fcsRgbMvLYjgkbzMt8Q14ETD,1,0.00022752,14.38,1,0.00022752,14.38,2024-10-13,2024-10-13
BTC,1MetsWvN9snz9QHvXU87959YBMUPEozi1Q,1,0.0009459,59.79,1,0.0009459,59.79,2024-10-13,2024-10-13
BTC,1KSniw3n4nFwbr65eDqMKTeaUTBymtDDxJ,1,0.00021091,13.33,1,0.00021091,13.33,2024-10-13,2024-10-13
BTC,1PS3mu1Kx54K6s8G8SLpioQK8ncw9RT2M6,1,0.00165015,104.3,1,0.00165015,104.3,2024-10-13,2024-10-13
BTC,1JP8M2Fu7dAC1ZyxsJTdCUqbQDcsbca28o,1,0.00070648,44.65,1,0.00070648,44.65,2024-10-13,2024-10-13
BTC,12KEqUYw289hxvykJFa21nePcmHxfhC7GZ,1,0.00027702,17.32,1,0.00027702,17.51,2024-10-12,2024-10-13
BTC,1QCJeAzdmnvDttbFebNjgDcbtjPvxGC4Az,4,0.00079741,49.87,4,0.00079741,50.4,2024-10-12,2024-10-13
BTC,1NDG3ChE2PTJGtWDho1ZRUMTYJhtMbcV4m,1,0.00078673,49.73,1,0.00078673,49.73,2024-10-13,2024-10-13
BTC,1HfUXviE8wVYeDyaF7UBUfkmyqSXUM3vMQ,1,0.00065023,40.67,1,0.00065023,41.1,2024-10-12,2024-10-13
BTC,1FW5Lz4zZzTD4MZd6YNpZ4WfGRX44FCriF,3,0.00152408,96.33,3,0.00152408,96.33,2024-10-13,2024-10-13
BTC,1Q27M1DbPNDCStByVvyaRZ91Q995HEWJZC,2,0.00047502,29.71,2,0.00047502,29.77,2024-10-12,2024-10-13
BTC,1Aoo3bZ9tTA89WeNt8ScM88h2Qb4qHcty6,2,0.01045802,748.94,2,0.01045802,754.24,2024-10-12,2025-01-16
BTC,13phRHhHwQZxnByxqKECP3QAPF4j5RyjXP,1,0.00024706,15.62,1,0.00024706,15.62,2024-10-13,2024-10-13
BTC,1K6B3FMJB4tKiKiGfzn4nyiY1jyXmEfxc6,1,0.00150576,95.17,1,0.00150576,95.17,2024-10-13,2024-10-13
BTC,1N8bLuFTB1qLfixRrLAv5WUqvq2zHzbgZh,1,0.00104557,65.39,1,0.00104557,66.09,2024-10-12,2024-10-13
BTC,19ZuEBnYpctL9HNbajrgKMbE8rJiWEow7S,3,0.00141599,91.05,3,0.00141599,91.53,2024-10-12,2024-10-20
BTC,1NDAwPkTKocKVZ4WejXdo3cfTSE9R4TQeC,1,0.00080569,50.39,1,0.00080569,50.92,2024-10-12,2024-10-13
BTC,15JanJEuAK2KqGUCFJre6xmae7uQNbbshA,9,0.0080751,574.27,9,0.0080751,575.35,2024-10-13,2024-11-23
BTC,161Zvx6ojTkL5MqCU9EwmnEZZJi7HGFwox,2,0.00111058,69.46,2,0.00111058,70.2,2024-10-12,2024-10-13
BTC,1K3S6HKBesVxuH2pbWro7ghkGwpsFBrCof,1,0.00135478,85.63,1,0.00135478,85.63,2024-10-13,2024-10-13
BTC,19LFLyoGmmoi71MQw92trnDzAC9xsHfxjm,1,0.0002694,16.85,1,0.0002694,17.03,2024-10-12,2024-10-13
BTC,15ruuQRh8mGrFKTw4QUfkBbpUpSxQvoUaM,1,0.00079125,50.01,1,0.00079125,50.01,2024-10-13,2024-10-13
BTC,17PwR6xJZBsE9oVvVXrHLzNXR5DRN3uQ63,1,0.00027957,17.67,1,0.00027957,17.67,2024-10-13,2024-10-13
BTC,13FzwZfe5FCqmDRdagLTFu5PjN4B6hWdNA,9,0.01216892,1044.54,9,0.01216892,1035.87,2024-10-13,2025-04-13
BTC,13wRQL7Ty4GgQWDwUAngY6Bn4azeYyW4bG,2,0.00483271,303.65,2,0.00483271,305.46,2024-10-12,2024-10-13
BTC,1QF6CZvfebzoKs8Ze94WNYvguEaPR3ThsZ,3,0.00067508,42.8,3,0.00067508,43.14,2024-10-12,2024-10-15
BTC,15oTE38L7jckhThhyqxhk7wv2xCmjpya3V,1,0.00039962,24.99,1,0.00039962,25.26,2024-10-12,2024-10-13
BTC,193oLiCKJuihZYWvWAzRJpiKtFbVKPXmHo,1,0.00025861,16.17,1,0.00025861,16.35,2024-10-12,2024-10-13
BTC,1GzBqWk2yoGrhiLSAy3RCfBFsGHzyXu7o3,2,0.00019576,12.24,2,0.00019576,12.37,2024-10-12,2024-10-13
BTC,1GEze4mVELm2mS71gayGe62FpEh2XdPyEx,1,0.00010618,6.64,1,0.00010618,6.71,2024-10-12,2024-10-13
BTC,15wSF9S8UA73aRR11KhevNx9wTisovzzNx,1,0.00039194,24.77,1,0.00039194,24.77,2024-10-13,2024-10-13
BTC,1MGufzSvtqQh1PQNhjErPhDdmntz7GhkMi,1,0.00037,23.39,1,0.00037,23.39,2024-10-13,2024-10-13
BTC,1MY8r2k5M5ZdkU97kGqh4mXrYTJrpBRy1y,1,0.00025152,15.9,1,0.00025152,15.9,2024-10-13,2024-10-13
BTC,12h42nPtKxh5pqfcfEn1Lsk7tyWhgS6JBq,3,0.00190654,127.45,3,0.00190654,127.82,2024-10-12,2024-11-04
BTC,176k9o9VerKZXdqffXSv5Ct98EyLX71cB7,1,0.00057201,36.15,1,0.00057201,36.15,2024-10-13,2024-10-13
BTC,1HiMJP8usCSh4aHBNpyj6RA3xc8u8KtYMh,1,0.00031863,20.14,1,0.00031863,20.14,2024-10-13,2024-10-13
BTC,1KNrLdkneDZQgs7b2huVtZj7uw3zQKF5SQ,1,0.00037426,23.41,1,0.00037426,23.66,2024-10-12,2024-10-13
BTC,12hzwF9JTSS3zW3pbfP7n7C6th4t7qxPxa,5,0.0027186,176.98,5,0.0027186,176.15,2024-10-13,2024-10-26
BTC,1PFNL1g3Hrjz514B1RznjPPKPRxmVg879H,1,0.00026152,16.36,1,0.00026152,16.53,2024-10-12,2024-10-13
BTC,1PDpZshE4WKLfRiWxtfJebp7Pp9yr31ba8,1,0.00736217,460.43,1,0.00736217,465.34,2024-10-12,2024-10-13
BTC,18UcyiZiyRnhrgT2Gzdq4TNWjPUvYXWQR6,1,0.00085928,53.74,1,0.00085928,54.31,2024-10-12,2024-10-13
BTC,12uuz54mA5gksdMbySqxitasswaU55QHKu,1,0.00070444,44.52,1,0.00070444,44.52,2024-10-13,2024-10-13
BTC,133s4ytq7X93jASgFcB38K2Z3yJwvQm46k,1,0.00160412,100.32,1,0.00160412,101.39,2024-10-12,2024-10-13
BTC,1KUhATdiuLh56ZE23SS4xrz7KvviGJLFac,1,0.0003955,24.73,1,0.0003955,25.0,2024-10-12,2024-10-13
BTC,1Gef9PEHqRPC4BnEXZLPaiYKjRXagryLeV,1,0.00012998,8.13,1,0.00012998,8.22,2024-10-12,2024-10-13
BTC,1NBKdkS5gpfgUPP3QhvkN9uBMiLCfNiMQz,1,0.0002387,15.09,1,0.0002387,15.09,2024-10-13,2024-10-13
BTC,1DAwDZfTXoN7fEgESdFxabpRDDbypv2jCo,1,0.00011587,7.72,1,0.00011587,7.73,2024-10-24,2024-10-26
BTC,1DbyijP6hsEEJ2f5njFhg9p7fm2qM8VASJ,9,0.00772583,522.34,9,0.00772583,521.4,2024-10-20,2024-10-29
BTC,1C8HRC7n5A2nrowgCpBW913xmJTVgM5HSD,1,0.00054748,37.34,1,0.00054748,36.52,2024-10-25,2024-10-26
BTC,17TVLb7DqRMugJke5DSdiJM7vapeLErW7U,1,0.00038385,26.18,1,0.00038385,25.6,2024-10-25,2024-10-26
BTC,1D46ybuf65f9drLB8XENKhTvnbHeT7aNEk,1,0.00194877,129.92,1,0.00194877,129.98,2024-10-24,2024-10-26
BTC,1JQ8yr6NrMhZGCCoKDnWGCWksJd6yW2nHH,1,0.00088563,60.4,1,0.00088563,59.07,2024-10-25,2024-10-26
BTC,1F38ijxQWQiyZJDfsywJJnFEeGvJ9eJYs6,1,0.00056854,37.92,1,0.00056854,37.92,2024-10-26,2024-10-26
BTC,1CAmY3CF6dvhcdoTjNERTSiJ1coXHvm1SM,1,0.0007306,48.73,1,0.0007306,48.73,2024-10-26,2024-10-26
BTC,15CudjQmd8HDdkP6J6cLvZCGCfxq8XjvbC,1,0.00076128,50.75,1,0.00076128,50.78,2024-10-24,2024-10-26
BTC,14WAFv9DuzYR7fsAyWrphLpcXmwcn2xahS,1,0.00052203,35.6,1,0.00052203,34.82,2024-10-25,2024-10-26
BTC,1MgzqJAkQJwTnJcGUmaAW3jUPj9pUFF7Ed,3,0.00076931,52.47,3,0.00076931,51.31,2024-10-25,2024-10-26
BTC,1Pn2a5eG3LTFfJmp8mrDL7qhKg87kLwmpt,1,0.00095459,65.1,1,0.00095459,63.67,2024-10-25,2024-10-26
BTC,18irBWgN8v2vLUozKLA389vPnD7ro7g56P,1,0.00096667,65.93,1,0.00096667,64.48,2024-10-25,2024-10-26
BTC,1MAJT43duakZRuieTBy5zrJuWwhAbbCKFW,1,0.000437,29.13,1,0.000437,29.15,2024-10-24,2024-10-26
BTC,1G1r1cdXLkJ1hgFziAh4nbrakGxFgidTX8,2,0.00039789,26.53,2,0.00039789,26.54,2024-10-24,2024-10-26
BTC,1JkXTStthkfgCJqgxnas1uKADF4G59qjA8,1,0.00154716,103.19,1,0.00154716,103.19,2024-10-26,2024-10-26
BTC,1F2uPbU7AHPhXQN8svowbRBgTbUNsqsKJW,2,0.00079751,53.17,2,0.00079751,53.19,2024-10-24,2024-10-26
BTC,1AkKJTkgk462adrcc3asKBR1FdzjegUPNh,1,0.00013422,8.95,1,0.00013422,8.95,2024-10-26,2024-10-26
BTC,1E5bwteYmp9fs4gbRhej7BYdKCgpRuQZJB,1,0.00061039,41.63,1,0.00061039,40.71,2024-10-25,2024-10-26
BTC,1HdUiznc2bAjFcTdVMAuh1GVG4Yeiznnoi,1,0.00124498,83.04,1,0.00124498,83.04,2024-10-26,2024-10-26
BTC,1Lio97FpqrRqyYfJf98oina1qxqZHNX5t3,1,0.00016442,11.21,1,0.00016442,10.97,2024-10-25,2024-10-26
BTC,1BAyQqYEpxs3yrqFTtEJnVaPmdu8wbTVsj,1,0.00014134,9.64,1,0.00014134,9.43,2024-10-25,2024-10-26
BTC,1JjParey5Y5Hr7LqbgC97buGKwzF8Ge6ip,2,0.00154715,121.27,2,0.00154715,122.96,2024-10-26,2024-12-05
BTC,12sRz6rRFwi1vJuhsnAfidhhLAw1ucpkNg,1,0.00028554,19.47,1,0.00028554,19.05,2024-10-25,2024-10-26
BTC,1qNCwDvm8asAGciuzn5TVCSgyd6c8ZRdm,1,0.00077825,51.88,1,0.00077825,51.91,2024-10-24,2024-10-26
BTC,1H4maCDQvGYUDJuKb4cZVL1uwfPyzTrAnX,1,0.0006351,42.34,1,0.0006351,42.36,2024-10-24,2024-10-26
BTC,1DLNjFdTNYbMnVBkw7BHbZqn2vyr6TwteM,1,0.00147271,98.23,1,0.00147271,98.23,2024-10-26,2024-10-26
BTC,1mNNnMHDJwXTEAdKsLwXGR4PWQNk4UQ1U,7,0.00351602,236.34,7,0.00351602,234.96,2024-10-20,2024-10-26
BTC,14LfBNHjYKX1XUyaNaejUMD5uwVmYeebyT,1,0.00031354,20.91,1,0.00031354,20.91,2024-10-26,2024-10-26
BTC,1LFwVbuGFZouWcd34cqUPV4TbtRh41ZmvD,2,0.00095831,63.89,2,0.00095831,63.92,2024-10-24,2024-10-26
BTC,1EVVgceQM5Hk8WmPXNLvrPZAbsNDMXCdwg,1,0.00138741,94.62,1,0.00138741,92.54,2024-10-25,2024-10-26
BTC,14jA4KWy498nWDFJruBYRAVgrxFqjdJ44g,2,0.0004314,29.14,2,0.0004314,28.77,2024-10-24,2024-10-26
BTC,1PRpHDcLnw5oP1BeeepTghEnzmbGN5b2xD,1,0.00063612,42.41,1,0.00063612,42.43,2024-10-24,2024-10-26
BTC,1JYB149hPmavpGBfXatwDDC4eVEJa4YXyZ,6,0.00454853,311.41,6,0.00454853,305.74,2024-10-20,2024-10-26
BTC,1FsYensTtJp1Uh6ziSxePeLQfnM5grgjzc,1,0.00045908,31.31,1,0.00045908,30.62,2024-10-25,2024-10-26
BTC,1LJDNLN4encYtkEfBQHPQXNxrcTYHicJ6E,1,0.00063218,42.15,1,0.00063218,42.17,2024-10-24,2024-10-26
BTC,1GE6QT4yURWZnAELN3gaN9Y6bGcAjg3aEP,1,0.00037079,25.29,1,0.00037079,24.73,2024-10-25,2024-10-26
BTC,1F8aaKKtZK2nsiVg46ZunVmVvmjdvuwtRW,1,0.00151709,103.46,1,0.00151709,101.19,2024-10-25,2024-10-26
BTC,1JCcwXWzZqjCTqGasAgFjUTMcgpTreJE7A,1,0.00043095,28.73,1,0.00043095,28.74,2024-10-24,2024-10-26
BTC,17rhaqhfnXnrzLEg8UC4UU51SHKnrSEzgn,1,0.00179539,119.7,1,0.00179539,119.75,2024-10-24,2024-10-26
BTC,19oCH9gZwtwYNkxNiYoCdFeZ66ivMhSfLW,1,5.91e-05,3.94,1,5.91e-05,3.94,2024-10-24,2024-10-26
BTC,182MeLYb4ub7TQA9HJoCv8GiCtEqb5ZzC4,2,0.00142458,96.58,2,0.00142458,95.56,2024-10-23,2024-10-26
BTC,1888TnGLrKeTWBnNskB8opKrzs7shhSdEC,1,0.00029553,20.15,1,0.00029553,19.71,2024-10-25,2024-10-26
BTC,1Cu8ARzZPzmyn8ReJepfsn5vA7KTASQYMc,1,0.00017811,12.15,1,0.00017811,11.88,2024-10-25,2024-10-26
BTC,1TKeRwsN5fxrjUDPRKDVtiwiwUyrKPyxx,1,0.00073304,48.87,1,0.00073304,48.89,2024-10-24,2024-10-26
BTC,18tqBqwq6D6PXJWyt5bjpZL3FcbNdVPkv7,1,0.00024352,16.24,1,0.00024352,16.24,2024-10-26,2024-10-26
BTC,1AAksGVmueMst3dVFxW7MtJDJnoqjjFPgd,8,0.01214608,824.85,8,0.01214608,827.31,2024-10-16,2024-10-26
BTC,1KbCoV34JgbzVabrjFxVQsDpLCuiCoH19B,1,0.00017591,12.0,1,0.00017591,11.73,2024-10-25,2024-10-26
BTC,19fKLgpXRbeiVErqUmMv8Kt2E1vZUmecyB,2,0.00184654,122.41,2,0.00184654,122.43,2024-10-15,2024-10-26
BTC,1F86P6sP2HyxGon4XeK4qF6GCHvEupTMvP,1,0.00026368,17.58,1,0.00026368,17.59,2024-10-24,2024-10-26
BTC,1158VbF4MaxPvZVX7BStkYWuYy8ykRFzj6,1,0.00038987,26.0,1,0.00038987,26.0,2024-10-26,2024-10-26
BTC,19tinbyZnXd3oBXs5bkcEpSH6YSey4gzba,1,0.00072433,48.29,1,0.00072433,48.31,2024-10-24,2024-10-26
BTC,1L3PJy6Whtiy9xhF3dSfzsNvrhYqcGgq92,1,0.00139923,95.43,1,0.00139923,93.33,2024-10-25,2024-10-26
BTC,1FCTcyvn8wCcJY4zv8PgcZNGGSYpq7u2c,1,0.00048187,32.86,1,0.00048187,32.14,2024-10-25,2024-10-26
BTC,1QCYPCo5vwVfuHVoUJ7gdvrNRNWH3aNnL8,1,0.00022146,15.1,1,0.00022146,14.77,2024-10-25,2024-10-26
BTC,14yBAF6WhwBgJdwRvnoEbUqhBa2J93zs7i,1,0.00062909,41.94,1,0.00062909,41.96,2024-10-24,2024-10-26
BTC,1PUurK1uyQ18T7Q1pbSnzgbKPnhntZb8kQ,1,0.00068105,45.42,1,0.00068105,45.42,2024-10-26,2024-10-26
BTC,1C4X1o2iLepaw2jrSwJWKmeagWsZfHkjtc,1,0.00101187,69.01,1,0.00101187,67.49,2024-10-25,2024-10-26
BTC,1AFYGjVMSsm6vYiQmnqfi3MzL7vnpWNxnP,1,0.0002418,16.49,1,0.0002418,16.13,2024-10-25,2024-10-26
BTC,186d8d3svHPMMKvuyf6ZDw2nYr3T9kYEk8,1,0.00161307,107.54,1,0.00161307,107.59,2024-10-24,2024-10-26
BTC,1MoDEKvkqRobqFDE6n8h4dw1gAy3RiVwJ8,5,0.00089852,59.72,5,0.00089852,59.88,2024-10-15,2024-10-26
BTC,181XotR7aXp339QySL7pQECTkywQeo7kH3,1,0.00017951,11.97,1,0.00017951,11.97,2024-10-24,2024-10-26
BTC,164L356pjCkMRPhJaQopypSQWxYzpPHwsE,1,0.00018792,12.82,1,0.00018792,12.53,2024-10-25,2024-10-26
BTC,1DNAjXgyLkYvsbJz3x3uPBJ3R9YusNiJbz,1,0.00035678,24.33,1,0.00035678,23.8,2024-10-25,2024-10-26
BTC,1JsxXF7KamNPtgVK9nh42TE9vVyvabmqpf,1,0.00024061,16.04,1,0.00024061,16.05,2024-10-24,2024-10-26
BTC,1MsZCgGrBsaWQRguwitzijxGex3oT5rMCp,1,0.00064131,42.76,1,0.00064131,42.77,2024-10-24,2024-10-26
BTC,1AKA3WjnPUu2XEJ73rfFLkuDk9hmjAstNi,1,0.00048368,32.99,1,0.00048368,32.26,2024-10-25,2024-10-26
BTC,12enQ71KE1nwoT17BMi2wqD7V1mXyNA7r6,1,0.00028342,18.9,1,0.00028342,18.9,2024-10-24,2024-10-26
BTC,1AE6j6bdWRybg8PD4ucAX7Q5LhAESJznTS,1,0.00039219,26.75,1,0.00039219,26.16,2024-10-25,2024-10-26
BTC,16c7pzBTfJppZuvvDL8uKo2mqLKYQw2xfD,2,0.00067614,45.97,2,0.00067614,45.37,2024-10-21,2024-10-26
BTC,1346255h8Fv7qQz4TPo9Di1YzqmtHKqzk2,1,0.0008,54.56,1,0.0008,53.36,2024-10-25,2024-10-26
BTC,1D2KdkuPxAGZbZWJDV7Xk661kSF5yTHhit,2,0.00085297,63.47,2,0.00085297,63.47,2024-10-24,2025-05-01
BTC,17Vnz3xzDeyPrNV7LwRrPF9Pq9Yvvu5rFa,1,8.161e-05,5.57,1,8.161e-05,5.44,2024-10-25,2024-10-26
BTC,15jdXvr7CysoDXk8vUmqCFDFYCCZsAjhvS,3,0.00139759,94.03,3,0.00139759,93.9,2024-10-18,2024-10-24
BTC,19mniiJJZy35yCMBiz3cQnX7qTd5AYXkJ7,4,0.0011045,86.2,4,0.0011045,87.81,2024-10-18,2025-01-07
BTC,113BTnoiNKZHTy3GeEUKjpBGbPzBFEDba6,1,0.00110929,74.79,1,0.00110929,73.95,2024-10-23,2024-10-24
BTC,1BCJhf4HRhDT3vtygey7n1v7mjEpTmbgxY,1,0.00033258,22.17,1,0.00033258,22.17,2024-10-24,2024-10-24
BTC,15XpYx7ArdaYbiEFGZjBw3HNBrU9K4Z3im,2,0.00197782,135.56,2,0.00197782,132.9,2024-10-21,2024-10-24
BTC,1D1je1XVnHgDba2Pcj661P7Q7U8924QHqJ,1,0.00229982,153.33,1,0.00229982,153.33,2024-10-24,2024-10-24
BTC,1MgTVyooyVaxfeQnq2n63FkuThcWbSEZ5N,1,0.00030493,20.56,1,0.00030493,20.33,2024-10-23,2024-10-24
BTC,1Cu4LJQmpKQmUbpV2M2kPBJTWymYGDK9f3,2,0.00047821,32.18,2,0.00047821,31.96,2024-10-23,2024-10-27
BTC,1G9bQhtnsFUwsrc3U4wJsxgVCbUTG1RdaE,1,0.00112113,75.59,1,0.00112113,74.74,2024-10-23,2024-10-24
BTC,1N8oXF1EmMBJci3nzzhdJ2QL7ToRvk2ng4,1,0.00065499,44.16,1,0.00065499,43.67,2024-10-23,2024-10-24
BTC,1Jqb83CX2JgfxoJUxhJjsHRhZyd874u5h5,2,0.0010767,74.41,2,0.0010767,74.14,2024-10-23,2024-10-29
BTC,1LR6w1ovqm6PEKMZq1BqqTqaZwYwTNrod3,1,0.00082335,55.52,1,0.00082335,54.89,2024-10-23,2024-10-24
BTC,1FsyMYTSdGtC4ZyaYSbubpJTUVdcHdrMtF,1,0.00242262,163.35,1,0.00242262,161.51,2024-10-23,2024-10-24
BTC,1HFn8YFiTQbk6mKXAZHChs2iEpPuiksMBQ,2,0.00137976,118.82,2,0.00137976,117.2,2024-10-24,2025-02-01
BTC,1363KicukuVZnGLXYDumRvxuE9CTbJR3it,1,0.00122433,82.55,1,0.00122433,81.62,2024-10-23,2024-10-24
BTC,1NAFbTe9fedgu61NEiyoFMsDekNzJAwWa6,1,0.00145,97.77,1,0.00145,96.67,2024-10-23,2024-10-24
BTC,1HNQkRurayQnnJo4xHVLkBpH66TSX6LpGM,1,0.00142733,96.24,1,0.00142733,95.16,2024-10-23,2024-10-24
BTC,1QG7vE6eeYE18Tfkf69YxvKnHFEkG6aEnG,1,0.00015047,10.15,1,0.00015047,10.03,2024-10-23,2024-10-24
BTC,1HPzCBdPHEVPfVfHM7pTpqbt7cbk9wZYt4,1,0.00041189,27.77,1,0.00041189,27.46,2024-10-23,2024-10-24
BTC,1Q3Dqhq72pbaBwA5xdLqMdsxbTnehLQL95,1,0.00141136,95.16,1,0.00141136,94.09,2024-10-23,2024-10-24
BTC,15keTS69V427CVwtm4DMRRYS1S4EhibU8G,1,0.00015391,10.26,1,0.00015391,10.26,2024-10-24,2024-10-24
BTC,16mW1DM87dbERsuxNvD7NuQHu2gb1nw3S1,1,0.00023,15.51,1,0.00023,15.33,2024-10-23,2024-10-24
BTC,1VXHikvEfrzPYd4GHEk4iMZTiy7uTrxrv,2,0.00053198,35.87,2,0.00053198,35.47,2024-10-23,2024-10-24
BTC,1BPJooNr2jwWk7A9oMGfqZz27bDSYRaPXp,1,0.00018179,12.26,1,0.00018179,12.12,2024-10-23,2024-10-24
BTC,1DA7EXmGg7V4QgQhdwFEzwatBwGQiR2cDN,1,0.00139602,94.13,1,0.00139602,93.07,2024-10-23,2024-10-24
BTC,1A2qhZ7d4DfF4EMszgRMqEE7JSuamPBF4c,1,0.0003167,21.11,1,0.0003167,21.11,2024-10-24,2024-10-24
BTC,1NxzaBqPfVmLaHkH35gqes4hoy6NuKtqME,1,0.00051976,34.65,1,0.00051976,34.65,2024-10-24,2024-10-24
BTC,15mhwAcxmhXyTcGJ9L5B6ukguQb4eq2e7n,1,0.0006034,40.68,1,0.0006034,40.23,2024-10-23,2024-10-24
BTC,19b32HV81SrM5qHQCATrR19nBjLnKgMamc,1,0.00062161,41.91,1,0.00062161,41.44,2024-10-23,2024-10-24
BTC,19vP2NM8mHf7bRw7J4frZiKoD8DizR3C4o,1,0.00158731,107.03,1,0.00158731,105.82,2024-10-23,2024-10-24
BTC,1Fks9gExZdPHj6eKRW9qvPEqNtQek2CDFd,4,0.0067912,458.23,4,0.0067912,460.82,2024-10-17,2024-11-04
BTC,1EXVUi8vpcXokdvS89XaXsgJdURyvnEg29,1,0.00050184,33.84,1,0.00050184,33.46,2024-10-23,2024-10-24
BTC,18wRQGEXin4RpMnpVf9dqCVp8xEdmGnZd3,4,0.00104399,69.36,4,0.00104399,69.67,2024-10-15,2024-10-24
BTC,1MvNC1QYqzxjWV1PiEJNwzNYZyrJNAdXLu,1,0.00153834,105.19,1,0.00153834,103.72,2024-10-20,2024-10-23
BTC,1AYa25wc7J7xfqTz9EdLrnZY9vfVo1mZNh,3,0.00107181,75.46,3,0.00107181,74.09,2024-10-21,2024-11-10
BTC,16B3poPCCWdtsZuyzX7r7qpycyWRPCUTAz,2,0.00235318,160.91,2,0.00235318,158.67,2024-10-20,2024-10-23
BTC,13DWnvk2yBY8TuKzd9tzdY7gE78MuD21Zk,1,0.00011689,8.07,1,0.00011689,7.88,2024-10-21,2024-10-23
BTC,14z4oGXo5d6VTPiqRgmrBihQN9SDYBEDKd,2,0.00094427,64.79,2,0.00094427,63.67,2024-10-20,2024-10-23
BTC,1MRVAyuKMVRHk3whF8DoTNBNfqbsaZqevf,7,0.01404,1164.12,7,0.01404,1158.52,2024-10-21,2025-03-24
BTC,1nmBTAr43PHViA4912XWLgQXCsU1hXj9d,1,0.00033729,23.28,1,0.00033729,22.74,2024-10-21,2024-10-23
BTC,1G25JQCHtRDs9Eb4bQmq4q9r6D3s13BJMQ,1,0.00222226,153.41,1,0.00222226,149.84,2024-10-21,2024-10-23
BTC,1KKRnfDXkFCVq2AFwPL36K91gksXLMpfCG,1,0.00046305,31.66,1,0.00046305,31.22,2024-10-20,2024-10-23
BTC,14haXcpE2Zsz5vx8oTUoWRYQ1k26pQ2mga,1,0.00058252,39.83,1,0.00058252,39.28,2024-10-20,2024-10-23
BTC,1DEyoA5B5wHxbHWYiP34G7pqfUTTMsece,1,0.00074528,50.96,1,0.00074528,50.25,2024-10-20,2024-10-23
BTC,1e9JjNa6SAT5ATw7GBD9JRjfpGh76JuTz,1,0.00045747,31.58,1,0.00045747,30.85,2024-10-21,2024-10-23
BTC,1PtjPB5Q2rPfdiJsEiWatBz7R1dHScWWrd,1,0.0003757,25.69,1,0.0003757,25.33,2024-10-20,2024-10-23
BTC,1Bj6bfFhqYn1igeikMU2LFSX5Qkxg54uoD,1,0.00016413,11.22,1,0.00016413,11.07,2024-10-20,2024-10-23
BTC,1JHc7EcwRcqYLP6Y7w4SSqa3FHhf9ujLKV,2,0.00527849,447.66,2,0.00527849,443.9,2024-10-21,2025-01-05
BTC,1HQYZBxCUHYcnSmZwv2ouPPdx39QdA3isN,1,0.00010262,7.08,1,0.00010262,6.92,2024-10-21,2024-10-23
BTC,1LuoWyPaUWkVoYXbCHD6qDa7oAwT1z3K4F,2,0.00105515,87.64,2,0.00105515,87.49,2024-10-20,2025-01-31
BTC,175KaSdnzEEhaC4sv2AiBdoLtqAT9ZHsMV,1,0.00139694,96.43,1,0.00139694,94.19,2024-10-21,2024-10-23
BTC,1HXpEE57LLV7aeNDMVzVcKvUi4u5AcBMfx,1,0.00078981,54.01,1,0.00078981,53.25,2024-10-20,2024-10-23
BTC,1B9tZQGbpgANmW5ZEi3gqezDtRZD62LpND,1,0.00059435,41.03,1,0.00059435,40.07,2024-10-21,2024-10-23
BTC,1GTgyDDLvgfa75peufdEuRsDgJxCSZQbpj,1,0.00145755,99.66,1,0.00145755,98.28,2024-10-20,2024-10-23
BTC,1NyYCFCoMJrAKxiPhRWSVXVs69CUwUZa87,1,0.00038023,26.25,1,0.00038023,25.64,2024-10-21,2024-10-23
BTC,1i23RxhxrAtqhEQke8iahPATJiEFXx7oV,1,0.00140246,96.81,1,0.00140246,94.56,2024-10-21,2024-10-23
BTC,1HC7pjYLr3QYEZSB4y47MNEbuuBnLvouZX,1,0.0044,303.74,1,0.0044,296.67,2024-10-21,2024-10-23
BTC,1DubfUwgvJtKT3ZugUGL3rVkBuLEsUYYph,1,0.00081394,56.19,1,0.00081394,54.88,2024-10-21,2024-10-23
BTC,1ARjzCHWdv2RrpxdKUSJA1sLmFHDRWRs1P,2,0.00277112,187.69,2,0.00277112,188.22,2024-10-16,2024-10-23
BTC,1BmRcbGu5MNjFYmQSXnjrf5jSa9KseLsHU,1,0.00026444,18.25,1,0.00026444,17.83,2024-10-21,2024-10-23
BTC,1Cqgazu9aWAeabr3Ak6yGUjCBCpdD7txMe,2,0.00078811,53.37,2,0.00078811,53.0,2024-10-16,2024-10-23
BTC,1C6XaZYFevrPBc1xSNxZBJpzzoiVwkZ7bz,3,0.00195145,134.23,3,0.00195145,131.58,2024-10-21,2024-10-23
BTC,129Z5cEr2u1UyTWVaKKwQXkKPXs5YK6EGt,1,0.00108835,74.42,1,0.00108835,73.38,2024-10-20,2024-10-23
BTC,1NPfcuocEVgqnzXZyS2EwsEGPCMwYR2wPG,1,0.00211736,146.17,1,0.00211736,142.77,2024-10-21,2024-10-23
BTC,1AewmbXvVCKaD2t18yX1LpqfJtWq5dUNYF,2,0.00066657,45.85,2,0.00066657,44.94,2024-10-21,2024-10-23
BTC,1GPkDi1BZjo95PMGUGWpaC7DABEpZSHzGP,3,0.0012308,84.16,3,0.0012308,83.54,2024-10-20,2024-10-23
BTC,149BjFA6i2daih3VLCnDMHGwYF7pKJdc7L,5,0.00122597,104.66,5,0.00122597,103.95,2024-10-21,2024-12-01
BTC,18Nakb8aLCAV6XcFCrprsbc5pHNErykF3T,2,0.0012582,85.55,2,0.0012582,85.65,2024-10-18,2024-10-23
BTC,1DXcMJZfmsQD7VRjfajFgnRXS3keYRDtso,1,0.00199669,136.53,1,0.00199669,134.63,2024-10-20,2024-10-23
BTC,1E43KLAEmCAAacpcjpz1z2v1svju9qEifQ,1,0.00036397,24.89,1,0.00036397,24.54,2024-10-20,2024-10-23
BTC,1JwtsXGTHCBzcWw1UPrAuWbf7dgeot1Tfr,1,0.0005716,39.08,1,0.0005716,38.54,2024-10-20,2024-10-23
BTC,1DmCV5ECJBfvw4N7yH7FvHNHGSTopCjQcr,1,0.0006372,43.99,1,0.0006372,42.96,2024-10-21,2024-10-23
BTC,1LbHGEp5vDuYHNVDTTGApuK6A9NiGCxDkt,1,0.00100318,69.25,1,0.00100318,67.64,2024-10-21,2024-10-23
BTC,1JEJPWuuiUZaceNqoXRSZbXY6VDjJyuaX,1,0.00065942,45.52,1,0.00065942,44.46,2024-10-21,2024-10-23
BTC,12nL9vdt1occQcDr7zgKAbJ18ztYptrq8A,1,0.00029221,19.98,1,0.00029221,19.7,2024-10-20,2024-10-23
BTC,16D86LD8sYAkRTkfJrMn42kAfESYsrAAy9,3,0.00077637,65.19,3,0.00077637,64.64,2024-10-20,2025-03-08
BTC,1HYJg5a3Nqir9YjdNTCBLPedQqhbRBVtQ4,2,0.00046167,31.57,2,0.00046167,31.13,2024-10-20,2024-10-23
BTC,1Ar11M51M6rBmEy3H4b1AXRAHp1pA9txMj,3,0.00148815,94.67,3,0.00148815,96.4,2024-10-11,2024-10-23
BTC,15sFPUNxLbgqYgCGDiNdNcXUCq3B18tgWK,1,0.00133438,92.11,1,0.00133438,89.97,2024-10-21,2024-10-23
BTC,1NeCF4sWzgR3W7dyJGDaKokcuP8aPaWynL,2,0.00062249,42.5,2,0.00062249,42.3,2024-10-17,2024-10-23
BTC,1Dm2Mp7zYi8TCLLM64tR1RWTMGwq5ofXcc,1,0.00060736,41.53,1,0.00060736,40.95,2024-10-20,2024-10-23
BTC,169gs3xUHSSCUk4ZQrHpJw8tWotJPhWhR5,1,0.00117069,80.82,1,0.00117069,78.93,2024-10-21,2024-10-23
BTC,1D7uKuWNJ9Nqs4U46c8nyqYWwhLMkTByaA,1,0.00037498,25.64,1,0.00037498,25.28,2024-10-20,2024-10-23
BTC,1LZPrJ3RYE6NEGCY2VqygRZZYg38Njg9sT,1,0.00135552,93.57,1,0.00135552,91.4,2024-10-21,2024-10-23
BTC,1HqXmHfr5auHap5VrMUs4Pm7WXmR5a13Ve,1,0.00050125,34.27,1,0.00050125,33.8,2024-10-20,2024-10-23
BTC,1C4pvPTnvum4eGQydrKnRrZyyX9t1BNKGr,1,0.00071659,49.0,1,0.00071659,48.32,2024-10-20,2024-10-23
BTC,121aQp1tS29NYFeszAaCLSbVjUrJgBWauM,1,0.00026314,18.17,1,0.00026314,17.74,2024-10-21,2024-10-23
BTC,1MUwqF5sxfywjLjb47ANhfs7dnSFYFBDM,1,0.00378378,258.73,1,0.00378378,255.13,2024-10-20,2024-10-23
BTC,12yFjQNgdVEucgoNPjbqwd14pUQ7x6fK5f,1,0.00211129,144.37,1,0.00211129,142.36,2024-10-20,2024-10-23
BTC,1JuQjD15GrRQYVkEJ9RF1MCZCQxFSLMyas,1,0.0013645,93.3,1,0.0013645,92.0,2024-10-20,2024-10-23
BTC,15nKHAgDxRvU7cB7uBVi7egBVweJJE662v,1,0.00080212,54.85,1,0.00080212,54.08,2024-10-20,2024-10-23
BTC,1LYrJ3FAmcnPRq8BcgmK4xS2ee9cJbBtHq,1,0.00067044,45.17,1,0.00067044,45.21,2024-10-22,2024-10-23
BTC,1QJ1tQD55UexU57eAK7sxthnXqKPEU8uGX,1,0.00079416,54.82,1,0.00079416,53.55,2024-10-21,2024-10-23
BTC,13P3b9ogv4CjVvqYWqfypRXQRgsQzXoZRE,1,0.00057811,39.91,1,0.00057811,38.98,2024-10-21,2024-10-23
BTC,17WnkV92yGid8bN1wVWYG7Rmeg2B7EX7vL,1,0.00058301,40.25,1,0.00058301,39.31,2024-10-21,2024-10-23
BTC,12n2UcM3FVr4JdUoXzjNAALQdYD74XZwF2,1,0.00081284,56.11,1,0.00081284,54.81,2024-10-21,2024-10-23
BTC,18eHvRwMjQZBCK8d6rAggFc4gKWPjciUtE,2,0.00077445,52.56,2,0.00077445,52.22,2024-10-20,2024-10-23
BTC,1JPqRwCNWJvVVwL3twFebx5uNVV3nGy7tn,1,0.005,345.16,1,0.005,337.13,2024-10-21,2024-10-23
BTC,19cJxYhfaFdrRtXJPAjCVxE1mK3uuZbXng,1,0.00060366,41.67,1,0.00060366,40.7,2024-10-21,2024-10-23
BTC,1BUQ75X7PMtuCkC5xLPP7fe7LMJA1CXGvt,1,0.002304,157.54,1,0.002304,155.35,2024-10-20,2024-10-23
BTC,1Mvcm2tdn3L42ZLPMmzVCbEoYxYFp44JXf,3,0.00210489,161.69,3,0.00210489,161.77,2024-11-05,2024-11-12
BTC,16vnwNeKnVPctkNhe44LTvhj7LnTgfWbNW,1,0.0002565,17.4,1,0.0002565,17.4,2024-11-05,2024-11-05
BTC,1BYmiPYDzomwve4U4VwR5AkmrJwSEvgQdo,2,0.00066471,44.69,2,0.00066471,44.83,2024-10-26,2024-11-05
BTC,1Bqrhmc9EFJn96cBxD3mE2gPtGcMpwCyog,1,0.00024125,16.59,1,0.00024125,16.37,2024-11-04,2024-11-05
BTC,12YJbEhZifYz4c6nBg1gNska9oU2ufhs7i,1,0.0001916,13.0,1,0.0001916,13.0,2024-11-05,2024-11-05
BTC,18bCz78ZcsxgA9kPHfWVrF4r2HLqf1yamy,1,0.00016171,11.12,1,0.00016171,10.97,2024-11-04,2024-11-05
BTC,16XUEdNSKCra2cvku8uqV9x8jWH7e95SZN,1,0.00023281,15.8,1,0.00023281,15.8,2024-11-05,2024-11-05
BTC,1LGzCYKG4PCcv4Dy9AJseMjaMp6x5H32a8,2,0.00076143,51.66,2,0.00076143,51.66,2024-11-05,2024-11-05
BTC,1JFjkCdcE4YJ8ySf3WXaY5W7qdNiEUnBd1,1,0.00031938,21.97,1,0.00031938,21.67,2024-11-04,2024-11-05
BTC,141Z5oibYPd4HqgQbBKZeDvotU5ZqrPV3J,1,0.00029746,20.46,1,0.00029746,20.18,2024-11-04,2024-11-05
BTC,1QKagbNN1WTsgrpcYdcR7CApsh6fA7uQSg,1,0.00164499,111.61,1,0.00164499,111.61,2024-11-05,2024-11-05
BTC,13WVZxu5NXTsscTjQWSfsync3tm1h5vhEb,1,0.0001905,13.1,1,0.0001905,12.93,2024-11-04,2024-11-05
BTC,1DAHj6PR9Ryaasf53DK6KFYrUHxEtPLvAv,1,0.00028287,19.19,1,0.00028287,19.19,2024-11-05,2024-11-05
BTC,18ZSe7a3EMvgKVhfq7J8vPUBVRXseSGsuL,1,0.00083167,56.43,1,0.00083167,56.43,2024-11-05,2024-11-05
BTC,19BfK7pEFQhQ753gzqdoxp6x2HRuxehLqi,1,0.00035587,24.15,1,0.00035587,24.15,2024-11-05,2024-11-05
BTC,1AL8so5sR4cEbS9XSGfxJTM8trn3Zq6XYt,3,0.0041284,308.65,3,0.0041284,309.93,2024-10-16,2025-01-05
BTC,14y7eyV6333zfkVKsJA1KhKakzHap6wzWJ,1,0.00031189,21.45,1,0.00031189,21.16,2024-11-04,2024-11-05
BTC,1DsJ8RGaajdzgP3gDPjsnT2HykcbrmEJ3U,1,0.00024017,16.52,1,0.00024017,16.3,2024-11-04,2024-11-05
BTC,1P3E2qH9mHqgxcox9exMNio5dmxDqGXbUP,1,0.00045221,31.1,1,0.00045221,30.68,2024-11-04,2024-11-05
BTC,1mjvPjNemfuoafsNpsYCXArNjsHNjBHFQ,1,0.00077119,52.33,1,0.00077119,52.33,2024-11-05,2024-11-05
BTC,18hFib2crei5btkEH1XMHGoArqCo8M2pGK,1,0.00026871,18.48,1,0.00026871,18.23,2024-11-04,2024-11-05
BTC,17urfQvd8LDNH7aRzZSsHTvC7Pkfh3Zoo8,1,0.0022466,154.51,1,0.0022466,152.43,2024-11-04,2024-11-05
BTC,1JrLMfwYeYLz2STR6dYDGRaKxsY6w1dTT1,1,0.00015638,10.61,1,0.00015638,10.61,2024-11-05,2024-11-05
BTC,1E8R2j9hTzCtJt5vmVswoxbkTf1dhD3kVe,2,0.00533064,470.34,2,0.00533064,470.34,2024-11-05,2024-11-29
BTC,19eECrrE3dbL56RwuXdNfFzDvMmAncNx6W,1,0.00065493,44.44,1,0.00065493,44.44,2024-11-05,2024-11-05
BTC,1JobNmvk6r1Gx7XXyuFRqVxizTRZz1uWwU,1,0.00137193,93.09,1,0.00137193,93.09,2024-11-05,2024-11-05
BTC,1EoW6GtqrRvmZmcTy2fQtKRekgovq2qmUS,1,0.00059852,41.16,1,0.00059852,40.61,2024-11-04,2024-11-05
BTC,13Cki7ANQ87X5aVKKSwsLmYWhSwubncEsu,1,0.00186606,126.61,1,0.00186606,126.61,2024-11-05,2024-11-05
BTC,1JceZKwZLkADsJsp8Pe8bd5hYzQNmyi9fz,1,0.00019965,13.55,1,0.00019965,13.55,2024-11-05,2024-11-05
BTC,16ambXoLfUvnnzCqxvaQSSRfzXUTZzgczo,2,0.00096825,70.59,2,0.00096825,70.42,2024-11-05,2024-12-01
BTC,1KHiCqmfK1FVXjBbv4BDBWbSRZT13dTSx3,1,0.00057513,39.02,1,0.00057513,39.02,2024-11-05,2024-11-05
BTC,1MhU8TSB6wuAEqULF9BaKUFK6UnMDTDaN4,1,0.00140312,96.5,1,0.00140312,95.2,2024-11-04,2024-11-05
BTC,1HyR1zxzfifDQLVikHMfxDQ5mmdJhPFZ5R,1,0.00203788,140.16,1,0.00203788,138.27,2024-11-04,2024-11-05
BTC,1QE8XUNNzw3kBRpaTe2PC573YQoRpQjkKG,1,0.00036036,24.45,1,0.00036036,24.45,2024-11-05,2024-11-05
BTC,1NEBMPQzGvnUt72vB7yVpu9rGecKm81LHF,2,0.00036677,27.82,2,0.00036677,28.12,2024-11-08,2024-11-10
BTC,1Q8MNXH6pqhfAmcaEKbW1TYT4CyEQM68JR,1,0.00501167,383.44,1,0.00501167,384.28,2024-11-09,2024-11-10
BTC,17rFmFDrRVPGw8ZRM6z2z64oaNkfHAXeJ8,1,0.00015034,11.4,1,0.00015034,11.53,2024-11-08,2024-11-10
BTC,14CJhHDdXU1ZnKXPDorbRVv1AcKrZ86w7A,4,0.00043222,38.72,4,0.00043222,38.89,2024-11-09,2025-01-11
BTC,15xyXR73WmXCdS1ELVareRMVg8V77B4CU8,3,0.00065669,49.03,3,0.00065669,49.25,2024-10-18,2024-11-10
BTC,1FT7RwSwMRTpAshupbs1xRFZT6z14yx3t,3,0.00133053,87.17,3,0.00133053,88.14,2024-10-11,2024-11-10
BTC,1Az7yd75uGrjDrhdZUwTkkmmvGDMy1ARYA,2,0.00156329,118.79,2,0.00156329,119.16,2024-11-07,2024-11-10
BTC,1QCPELNWfGJYcv34sJChrwwRNAzsKjbPBN,1,0.00038857,29.73,1,0.00038857,29.79,2024-11-09,2024-11-10
BTC,15YXCKWRKen2skzJKB617BKV1yx7a9SCPF,1,0.00036152,27.42,1,0.00036152,27.72,2024-11-08,2024-11-10
BTC,17PM9hanfv18QdGXBdoUqobJfAFQyCaim3,1,0.00096702,73.36,1,0.00096702,74.15,2024-11-08,2024-11-10
BTC,15VCLG6To9cPDtvpR8tPoDgF7N81XxYmTg,1,0.00036736,27.87,1,0.00036736,28.17,2024-11-08,2024-11-10
BTC,1DnGs6fjJi5YREf3P4emDmeWog3ag1yPsa,1,0.00036206,27.47,1,0.00036206,27.76,2024-11-08,2024-11-10
BTC,1AiVQaKoEUtNwrFY4VuFgDkb9kj7WjLjna,1,8.605e-05,6.58,1,8.605e-05,6.6,2024-11-09,2024-11-10
BTC,1CYbcaCj1fp3PMrEAn85xPtscML2gLgha9,1,0.00026207,19.88,1,0.00026207,20.09,2024-11-08,2024-11-10
BTC,1CZJFzbdL3sAX53mYTi3VTj15aYvREcjKL,1,0.00201585,152.92,1,0.00201585,154.57,2024-11-08,2024-11-10
BTC,14TVNHdXw2CN4ENVbn3yDeZjb9SrxAYJcD,1,0.00048798,37.34,1,0.00048798,37.42,2024-11-09,2024-11-10
BTC,1FJ3vQsVeVvjemSsju8xSMy2y1HadcPjgz,1,0.00046317,35.44,1,0.00046317,35.51,2024-11-09,2024-11-10
BTC,15XstQ6rGrU8pNiYmxAa38cBbx1NjBYGBD,1,0.00384388,291.59,1,0.00384388,294.74,2024-11-08,2024-11-10
BTC,1LAhKZYUzjp6p6UP3g7L1mHAVBWjoAkRju,1,0.0005205,39.48,1,0.0005205,39.91,2024-11-08,2024-11-10
BTC,1GFezGDq7VbH72LE7uAnqnrzHxvEVNUijE,2,0.00106472,80.77,2,0.00106472,81.32,2024-11-08,2024-11-10
BTC,1LGC3XKEU2rXYNgAqbEnGwsYtC3hpLaW6E,1,0.0004693,35.91,1,0.0004693,35.98,2024-11-09,2024-11-10
BTC,18CppkXynhkADsDx1NwKdkxALoyi722atr,1,0.00045247,34.32,1,0.00045247,34.69,2024-11-08,2024-11-10
BTC,1Ccr2nEj5QivG4Lq7e53dNZZf7716WUR8b,1,0.00025293,19.19,1,0.00025293,19.39,2024-11-08,2024-11-10
BTC,1EasKgSWm3kcTze4jRJ1DyZZqCL6TU9PNE,1,8.514e-05,6.46,1,8.514e-05,6.53,2024-11-08,2024-11-10
BTC,14yXRQGwDFs5qoFUR9tjBM3WgfWbAq3Zpa,1,0.00059396,45.06,1,0.00059396,45.54,2024-11-08,2024-11-10
BTC,1LSrbRdYpCow4f1ajyr3vYVkN697bXMYY3,1,0.000612,46.43,1,0.000612,46.93,2024-11-08,2024-11-10
BTC,13yoBAJFmWt5sdNjKHUMKQdQuYNpn8Qhez,1,0.00034959,26.52,1,0.00034959,26.81,2024-11-08,2024-11-10
BTC,13FNy3EkoMoxKogArtheVcejFqFJTHDsoT,1,0.00038537,29.48,1,0.00038537,29.55,2024-11-09,2024-11-10
BTC,13z7Ho5cGv99HqwqK15s5tVBS6EUeQA74A,1,0.00059214,45.3,1,0.00059214,45.4,2024-11-09,2024-11-10
BTC,1HE4Yq9Q55S1UAC3FWUZ9fbvSXWyj5CLQs,1,0.00028954,22.15,1,0.00028954,22.2,2024-11-09,2024-11-10
BTC,1ExZj3Lw2TpkCbFfmtCrxgMpVjz8NAij6Y,1,0.00036978,28.05,1,0.00036978,28.35,2024-11-08,2024-11-10
BTC,15Ukte6iEKvwztJijmLWqeK14jXTiViB8M,1,0.0002595,17.41,1,0.0002595,17.41,2024-10-27,2024-10-27
BTC,1E74sAY7Mh1DXE2qwmiL5aXEUPkrVJ4x4B,1,0.00147756,99.13,1,0.00147756,99.13,2024-10-27,2024-10-27
BTC,1H3AoHD8pN1dMv6Fo5Ka8EMcDFnjLa3UNz,2,0.00122132,91.06,2,0.00122132,91.06,2024-10-27,2024-12-01
BTC,18oXRCnQUxiWQ226dceEkJBZDZR8JeQZhT,1,0.00125076,83.42,1,0.00125076,83.92,2024-10-26,2024-10-27
BTC,12wvKcDNnxs6wPoeYvX9guD4dUE9UXXCun,1,0.00010442,6.96,1,0.00010442,7.01,2024-10-26,2024-10-27
BTC,1A1Lp7WD5cqfNR6z9iZtzAyoxshzqfqjCV,1,0.00013711,9.2,1,0.00013711,9.2,2024-10-27,2024-10-27
BTC,17H78mPqkU3nkZX3EoW2EcPetEsBPv8ZVc,3,0.00069472,58.72,3,0.00069472,58.3,2024-10-27,2024-12-01
BTC,1EHL1ppQrZJvB5Qc8PNkZgd4J2WfQwk9zk,1,0.00088865,59.62,1,0.00088865,59.62,2024-10-27,2024-10-27
BTC,1D2T1BKE1rxGxHMZhqX1gJ7br9wPVF17Es,1,0.0008,53.67,1,0.0008,53.67,2024-10-27,2024-10-27
BTC,1Pk4s27sEurebmLAwMDQoyNpLysEUEm4B1,1,0.00135064,90.62,1,0.00135064,90.62,2024-10-27,2024-10-27
BTC,16eSZaUZVLBAEJkRu9vPV2PURaTFKYV994,1,0.00035354,23.72,1,0.00035354,23.72,2024-10-27,2024-10-27
BTC,19Y7yHQqi5DB6vZ1rRzTAMSW9iW9equsFh,1,0.00067341,45.18,1,0.00067341,45.18,2024-10-27,2024-10-27
BTC,1FNcsiYcbjKLgCdH3gpuBAiRTWtVYFSNwP,1,0.00024385,16.26,1,0.00024385,16.36,2024-10-26,2024-10-27
BTC,19tVyLLC2RLZD9ydb8mzi7jrcZtbEf1iat,1,0.00038611,25.91,1,0.00038611,25.91,2024-10-27,2024-10-27
BTC,1KjnFUySHz9My7dgpTSDuoYrpKryuYkpWd,1,0.00052861,35.47,1,0.00052861,35.47,2024-10-27,2024-10-27
BTC,1aB1GXjpCpMfZo91iDYfitXiSgVUSv9iy,1,0.00038845,26.06,1,0.00038845,26.06,2024-10-27,2024-10-27
BTC,15ZTWBinXUCwjZjx4Hn4a1q1Jw12DL6jQa,1,0.00024343,16.33,1,0.00024343,16.33,2024-10-27,2024-10-27
BTC,1KgQTtp2RFF7tgkNMtqdqSGZg1JExqEkCx,1,0.0003912,26.09,1,0.0003912,26.25,2024-10-26,2024-10-27
BTC,1xK1cFKh5tcJwax3wRKE9SqVinTaJQQPN,1,0.00038924,26.12,1,0.00038924,26.12,2024-10-27,2024-10-27
BTC,1J5c9A4sjgQPYFH5tHWJ5ZBbmDAVA72orU,1,0.00014893,9.93,1,0.00014893,9.99,2024-10-26,2024-10-27
BTC,13WP9wdGG3rQ6h2QHqXanA2uGMwzMPFrj3,1,0.00068032,45.64,1,0.00068032,45.64,2024-10-27,2024-10-27
BTC,15NSR9WxmwLfvExzVa1s5wasJ45gHUoEis,1,0.00065074,43.66,1,0.00065074,43.66,2024-10-27,2024-10-27
BTC,1FXpRbtwjgADdxo7Y7ufumZPr2cnhNGhn6,1,0.00046644,31.29,1,0.00046644,31.29,2024-10-27,2024-10-27
BTC,1A4kScH1mRMNwEafsmhC7yqeZymdEzjnAL,1,0.00098586,66.14,1,0.00098586,66.14,2024-10-27,2024-10-27
BTC,1MRiQEhDyXTZGpPDDoE1V5TMu8XMQCRzvb,1,0.00058696,39.38,1,0.00058696,39.38,2024-10-27,2024-10-27
BTC,1FV9SUpjDnfHfRqKgoiaWtzVdo4REBNkvz,7,0.00171979,121.23,7,0.00171979,122.01,2024-10-15,2024-12-11
BTC,17zBJKXd9PxxMuoKiMaonzsZnWUU3TA1As,1,0.00028311,27.14,1,0.00028311,27.91,2024-12-04,2024-12-05
BTC,19knWqEwMXuLHtoHyASqwC1TUgq8AmUqGw,5,0.00620501,586.39,5,0.00620501,589.08,2024-11-21,2025-03-30
BTC,13d9ZtHSS5b34g9bR93Fx3y2XEpPp9qoCV,1,0.0001601,15.35,1,0.0001601,15.78,2024-12-04,2024-12-05
BTC,1N9fysJocjXF76ivneMG31ERdQ2FiTH4mc,1,0.00038343,36.75,1,0.00038343,37.8,2024-12-04,2024-12-05
BTC,13Kc7Uc19UT45vYgunpY9Mb5cbWzv6MJ7r,2,0.00099701,95.48,2,0.00099701,97.52,2024-11-29,2024-12-05
BTC,1HqSCnR95McT4Jga6m4x78fN8qgmjUs5yP,1,0.00046886,44.94,1,0.00046886,46.22,2024-12-03,2024-12-05
BTC,1KfFYigs4HATC7tc6yWKHT4AyABKu1pKhE,1,0.0003515,33.69,1,0.0003515,34.65,2024-12-03,2024-12-05
BTC,1DshF94q7b4bVF44g8oJ611Cr1YyxuVStB,1,0.00026813,25.7,1,0.00026813,26.43,2024-12-04,2024-12-05
BTC,17CHZJDL9B3QdHv7AM7kcYaqQZSLypKtT1,1,0.00056507,54.16,1,0.00056507,55.71,2024-12-03,2024-12-05
BTC,15bm1pBAWjiwfc8cRNoLCFZPXBnxv1vAMj,2,0.00020154,20.51,2,0.00020154,20.75,2024-12-03,2024-12-18
BTC,1M6LSCbCtwTpEZsoqFyxfuGEQFoKYxtwGG,1,0.00021762,20.86,1,0.00021762,21.45,2024-12-04,2024-12-05
BTC,1LkE78EdrUq3x4bdJPqVPPvXJ4C1q5xH9v,1,0.00040292,38.62,1,0.00040292,39.72,2024-12-04,2024-12-05
BTC,1Ym3fC38ZUF7p9CD7bZUhHZfMLQky3n4q,1,0.00097314,93.27,1,0.00097314,95.94,2024-12-03,2024-12-05
BTC,1HpyofHKZm6qYviBNLHSGtJWByAJ7VoyqC,1,0.00056888,54.53,1,0.00056888,56.08,2024-12-04,2024-12-05
BTC,1Q3CjhVYKYbjfWbvM9mzcACyaW5eq4QmEJ,1,0.00047048,45.09,1,0.00047048,46.38,2024-12-03,2024-12-05
BTC,19RGMVsjtEekhjPQUYtdB7ijTemdxvo3A,1,0.00020701,19.84,1,0.00020701,20.41,2024-12-04,2024-12-05
BTC,1rB9hkT2DcAvpUna8qvU1dcjMRgXiRAfe,1,0.0012303,117.92,1,0.0012303,121.29,2024-12-04,2024-12-05
BTC,1DGpd13FrK7LMNkeqQwyn65X9rCx8RWHuW,1,0.00052191,50.02,1,0.00052191,51.45,2024-12-03,2024-12-05
BTC,18qbdNmkrjxXdjZczcrgxV2bcPjYGaNoNQ,1,0.00068355,65.52,1,0.00068355,67.39,2024-12-04,2024-12-05
BTC,1BkKkMpWEejWh4jYSc4WFDG7AsnfBMf9e5,1,0.0001068,10.24,1,0.0001068,10.53,2024-12-03,2024-12-05
BTC,18htdcsWUdfKfYez62sQ1aH7Y5jFnvLFfe,1,0.00017713,16.98,1,0.00017713,17.46,2024-12-04,2024-12-05
BTC,1FWoLAor4Mc5UMurBWbyLuqCur3ErDFceU,1,6.299e-05,6.04,1,6.299e-05,6.21,2024-12-04,2024-12-05
BTC,13tG65AEwgGR5SWwEmRcf75kKc5wAJNsLB,1,0.00033049,31.68,1,0.00033049,32.58,2024-12-04,2024-12-05
BTC,17CpFSus7aMG2WrCWYRH6z31XqjrWE8WJo,2,0.00366079,350.92,2,0.00366079,352.62,2024-11-28,2024-12-05
BTC,1HqUUdvZvqnFcNqegEVUjcCe1ByQk3BHFo,1,0.00036138,34.64,1,0.00036138,35.63,2024-12-04,2024-12-05
BTC,15Cmak5pJ79WhqXnUZTD6gawerBh1M8jkZ,2,0.00068283,66.28,2,0.00068283,66.2,2024-11-30,2024-12-05
BTC,1NJiybQJPVCJmSdpCdGTj9P4vLKAu65hPV,1,0.00047123,45.16,1,0.00047123,46.46,2024-12-03,2024-12-05
BTC,1FzkseKAwAj1DKZEXshVXqDrbk8ABHuL7t,1,0.00025546,24.49,1,0.00025546,25.19,2024-12-04,2024-12-05
BTC,16MupxEPBF7GqALUXs5jhyEpfbLx4pRqL3,1,0.00047352,45.38,1,0.00047352,46.68,2024-12-03,2024-12-05
BTC,1PP1bKCnk2rsxuUb6BRvSFFkEJVyxHbAAW,1,0.00070271,67.35,1,0.00070271,69.28,2024-12-03,2024-12-05
BTC,16AvQKknnRv7R8wEgQYG3XjNuBKHtXQB96,1,0.00025781,25.13,1,0.00025781,24.85,2024-11-30,2024-12-01
BTC,1K5npV7uioPAHWqS2oHk8kCkWYPHnjuEhh,1,0.00051363,49.13,1,0.00051363,49.52,2024-11-29,2024-12-01
BTC,1MKn1rSTKbPfxQJp41c7smWg2fC5grCUAy,1,0.00038332,37.36,1,0.00038332,36.96,2024-11-30,2024-12-01
BTC,1AUuYA9gKNAzVrQ6hRkJHVUau7yhGveP9o,1,0.00024752,24.12,1,0.00024752,23.86,2024-11-30,2024-12-01
BTC,1DuXMJeBX4VxTTAX67KAwpVhETzFgAKGtS,1,1.025e-05,1.0,1,1.025e-05,0.99,2024-11-30,2024-12-01
BTC,19DPfFE8rTgSuuBN9hmb22uUtQtiNJGYD6,2,0.00034753,33.72,2,0.00034753,33.5,2024-11-29,2024-12-01
BTC,15mFS1UoUR7fG2wEiBDDhjPMFUQegV8fex,1,0.00043601,42.03,1,0.00043601,42.03,2024-12-01,2024-12-01
BTC,1JLBKmjV6pNvr7hXv5pdWjzFrUaiajXCGJ,1,0.0001762,17.17,1,0.0001762,16.99,2024-11-30,2024-12-01
BTC,1G96MYxKmef1hz5zv3SYyMfoVWPNvGMWzX,2,0.0003849,36.85,2,0.0003849,36.98,2024-11-28,2024-12-01
BTC,15kz5rayULtAmnRWPmBix2dWLFaGtxMB63,1,0.00024121,23.07,1,0.00024121,23.25,2024-11-29,2024-12-01
BTC,1BT1FyyNyR294DaFuR2tZr6CeDRJZcmqQv,1,0.00046974,45.78,1,0.00046974,45.29,2024-11-30,2024-12-01
BTC,1PkGXPrkejC8tUiNKxmqgMPyEqxJQz6KUd,1,0.00019881,19.17,1,0.00019881,19.17,2024-12-01,2024-12-01
BTC,145PMDQPKxtHEojPpYy1CMYrVkfb62S81Q,1,0.00031807,31.0,1,0.00031807,30.66,2024-11-30,2024-12-01
BTC,1smsa9tyc9yVbrJXiC5odhLHB8RAXtVpp,4,0.00034725,30.09,4,0.00034725,30.09,2024-10-29,2024-12-01
BTC,1BtgQgakKRA2CjSJx8LZ5UKufoFUvSpS3j,1,0.00028541,27.52,1,0.00028541,27.52,2024-12-01,2024-12-01
BTC,1MnyY9ctN4w8xrGPxdZZbDoTsKApp7Xgsr,3,0.00275895,260.03,3,0.00275895,263.13,2024-11-12,2024-12-01
BTC,1M3kVWC9SsAh8cC2Ht9D9DFPzUGtR9wruY,1,6.207e-05,6.05,1,6.207e-05,5.98,2024-11-30,2024-12-01
BTC,1HePxpKGm7jQ2FdMnUvycDkHqVBQrMvjGc,1,0.00041402,40.35,1,0.00041402,39.91,2024-11-30,2024-12-01
BTC,1EEP7KgQEGLLtySx8hZkfMnRkhkxPJ9aDR,3,0.00094482,91.24,3,0.00094482,91.24,2024-12-01,2024-12-11
BTC,1Dj7eVDNnZ9uKceJPvEvD3SzmEmL2CcuB9,2,0.00033544,33.02,2,0.00033544,32.73,2024-11-30,2025-02-01
BTC,1EeMCuCjMJpTN1Qyp2naufB5yfHcJNRN9k,1,0.00027706,26.5,1,0.00027706,26.71,2024-11-29,2024-12-01
BTC,1Dt2AwopvCArTjPwqJjYEqmeJNnHKcP9dq,1,0.00020621,19.72,1,0.00020621,19.88,2024-11-29,2024-12-01
BTC,1EAAfhunZkfFFCck4KM8P6z1Br76z5rsrx,1,0.00044434,42.5,1,0.00044434,42.84,2024-11-29,2024-12-01
BTC,1KRGycCcEK1z4pJ5uJe7a7dZWyQSbipBqA,1,0.000464,45.22,1,0.000464,44.73,2024-11-30,2024-12-01
BTC,1BpMZXTESzeDHFHUuZcPocEbB6mqxV5uPV,1,0.00051264,49.03,1,0.00051264,49.42,2024-11-29,2024-12-01
BTC,13UPGTtArSHEqJZs8FNPV6jsRwERJW2Gjj,1,0.00025041,24.4,1,0.00025041,24.14,2024-11-30,2024-12-01
BTC,12nZQkP4LrFQAB8HaqpbqyPpR91W98cKoL,1,0.0002159,21.04,1,0.0002159,20.81,2024-11-30,2024-12-01
BTC,1MXmwVUb4p18ckACPdh6MUvifGYKoBhc8R,3,0.00084525,81.89,3,0.00084525,82.13,2024-11-24,2024-12-01
BTC,1G8vc1F2E7MzBqzHzQddjPc5FsVi4UNCpR,1,0.00013236,12.66,1,0.00013236,12.76,2024-11-29,2024-12-01
BTC,1QGKzCPDr5XwiPQ87kHBtJT6oZLgHu9DNJ,1,0.00036442,34.85,1,0.00036442,35.13,2024-11-29,2024-12-01
BTC,1GR3KTbhc17RxCkKePvB2PL5FRJFb5vTaN,1,0.00038318,37.34,1,0.00038318,36.94,2024-11-30,2024-12-01
BTC,1FxchefALki3BgXPijGZV4eeydLDrpv5DJ,2,0.00047705,45.63,2,0.00047705,45.99,2024-11-29,2024-12-01
BTC,1F3iZtG3kmJ6RfGfdH7yME1jBaqDRJVY2J,1,0.0006941,66.39,1,0.0006941,66.92,2024-11-29,2024-12-01
BTC,1PzWU9yD5AS8pTRxLJ5Qaa4LJwQUugbD24,1,0.00036717,35.12,1,0.00036717,35.4,2024-11-29,2024-12-01
BTC,14eZfEVk9pX6pH7VQD9EVJ5go4vbEc7y3J,1,0.00036298,34.72,1,0.00036298,34.99,2024-11-29,2024-12-01
BTC,1PKrw4YLaHJH1k8G1sZts2KKmU5T9FY74w,1,0.00095091,92.68,1,0.00095091,91.68,2024-11-30,2024-12-01
BTC,1AMUy5q6x8xXskm2ZDCBdDnogAqkUQbp6x,1,0.00028688,27.96,1,0.00028688,27.66,2024-11-30,2024-12-01
BTC,1CEbNHKswUNNQTRnaUjYQyoRbFiidXsKoZ,1,0.00048022,45.93,1,0.00048022,46.3,2024-11-29,2024-12-01
BTC,1Q2r6BGuZBgseHXtQSHcT2W1JtiUWsfu8k,1,0.00020555,20.03,1,0.00020555,19.82,2024-11-30,2024-12-01
BTC,1Ap1jJjhbVKKo9spSn4XRpE49Tv9XdpDXc,10,0.00427571,409.16,10,0.00427571,415.34,2024-11-29,2025-05-10
BTC,1KV48z9jUKDv6qsRdGpXAGXpVGy6Kxy5HF,1,0.00084767,81.07,1,0.00084767,81.72,2024-11-29,2024-12-01
BTC,1HUoF5Y8rKYCUWDaiMs4sfzKUy3Ur1nYsN,1,0.00025908,24.98,1,0.00025908,24.98,2024-12-01,2024-12-01
BTC,1FLPNHTE4KDt3o33wBRtgezZUTaHLsD9AY,2,0.00035214,34.5,2,0.00035214,34.29,2024-11-30,2024-12-05
BTC,15hWNp3WheA9Pc6jCixVKnzk5ydhV6Grtg,1,1.028e-05,1.0,1,1.028e-05,0.99,2024-11-30,2024-12-01
BTC,1HtjJU4H6SKD6VnprFHpL8bL6byJcd8Ktg,2,0.00088771,86.13,2,0.00088771,86.13,2024-11-25,2024-12-01
BTC,147wk1Vk2zPQc7nkE7UCQBzsFA8DxyK5Vz,5,0.004012,350.33,5,0.004012,350.98,2024-11-29,2025-04-10
BTC,1MGo2yaiALkn4f8X9TJkyPVw8ZbMcG9qAd,1,0.00032347,30.94,1,0.00032347,31.19,2024-11-29,2024-12-01
BTC,1GNxX75WUYfinGzt56XjzXHHBMME3QQjNJ,1,1.025e-05,1.0,1,1.025e-05,0.99,2024-11-30,2024-12-01
BTC,12Wo34VFHofyD4TgJKSF2PVx84KD2X2JVP,8,0.000736,75.97,8,0.000736,76.66,2025-01-21,2025-01-31
BTC,18VKgatgRamm2WwAvAurfU3x9eUTiZs9MR,1,0.00043404,45.52,1,0.00043404,44.54,2025-01-25,2025-01-27
BTC,1VX1FTxiuxD5gxvBWZotadJ9Kujxg4ysR,2,0.00114501,119.94,2,0.00114501,117.5,2025-01-26,2025-01-27
BTC,1LGMbfer3tGfKD5MM3jgAX4N8aGu2HWzCw,1,0.00033999,35.61,1,0.00033999,34.89,2025-01-26,2025-01-27
BTC,1JeVFdTi8TFHgv8hmNYrvjRSCPW8HG6TfE,1,0.00024761,25.94,1,0.00024761,25.41,2025-01-26,2025-01-27
BTC,1NqBXaE3QaVxMeuLgqMW53TYRGzZaMfoiE,1,6.66e-05,6.98,1,6.66e-05,6.83,2025-01-26,2025-01-27
BTC,1JiDvTGfbpAAPy4kZajojBHFBGz1Ur8wvf,1,0.00023103,23.71,1,0.00023103,23.71,2025-01-27,2025-01-27
BTC,1D6yPxZEbJ4ydy9fewQfmf9DpFFJdSLmzG,1,6.257e-05,6.55,1,6.257e-05,6.42,2025-01-26,2025-01-27
BTC,1CKnciG4Xtxo1P1UjFVjK9iDcCLH4TxLCL,2,0.00222077,232.62,2,0.00222077,227.9,2025-01-26,2025-01-27
BTC,1D4GCo34rSLSF2Gv13U8SUdPNhspTfuAd,1,0.0002848,29.83,1,0.0002848,29.23,2025-01-26,2025-01-27
BTC,1K5VaQgGuqAex1MAju9KYKq89Lh3FcDkW1,1,0.00043008,45.05,1,0.00043008,44.13,2025-01-26,2025-01-27
BTC,1CuLEQbCbeybyouVpDo3jxFQMjfFQWctoK,1,0.00061969,64.99,1,0.00061969,63.59,2025-01-25,2025-01-27
BTC,13aGSi9QpzF3WCw7J5dy7U1CjVwDMwgxGS,1,0.00015526,16.26,1,0.00015526,15.93,2025-01-26,2025-01-27
BTC,17FvHeEiVHMit6K7XTEPPqJ9tbwzLvZBgU,4,0.00079561,80.44,4,0.00079561,79.3,2025-01-07,2025-01-27
BTC,1PCcHZQU5CzH8JELCXoJUJQkSaK2H2WwNs,1,0.00020122,21.1,1,0.00020122,20.65,2025-01-25,2025-01-27
BTC,1Fnb2v4wSLt1D2MYGd5kw3CaQgpUByYJTn,5,0.00185968,193.52,5,0.00185968,193.51,2025-01-23,2025-01-31
BTC,1CiNauECZYGycqbmAznEj3jDewWUJUVEB9,1,0.0005295,55.53,1,0.0005295,54.34,2025-01-25,2025-01-27
BTC,14BN4SwNAgLtLUqs1P5aMpVpUAZDrr1Lz5,1,0.00043391,45.5,1,0.00043391,44.53,2025-01-25,2025-01-27
BTC,1BGvx4moFsgeqyoWypC4w9enAUM7EsqpcA,1,0.00016624,17.06,1,0.00016624,17.06,2025-01-27,2025-01-27
BTC,1ERrHg1aCmNbxMcrwqTuxpRi8ZT7ZH4HKU,1,0.00119244,125.05,1,0.00119244,122.37,2025-01-25,2025-01-27
BTC,1ARziGLYz6H2tV97Co16yzBmsky99wb6gC,3,0.00068699,70.15,3,0.00068699,68.37,2024-12-17,2025-01-27
BTC,1NCH9fKKtEohVgtoWGFNQbv5HLczXpDd9U,8,0.00526101,532.07,8,0.00526101,530.56,2025-01-23,2025-02-05
BTC,1Q8ixBqDWZEKrSuoAoF2RzwK9Z2NNtf5s2,1,0.0003335,34.93,1,0.0003335,34.22,2025-01-26,2025-01-27
BTC,1Gg9G1LH1i2rdabMTcHHHP4L5jc7LzFtdy,1,0.00054035,56.67,1,0.00054035,55.45,2025-01-25,2025-01-27
BTC,1Myyzw8f8Rr1d8YkSaXWksEBY5efTjnddj,4,0.00124781,127.18,4,0.00124781,125.96,2025-01-26,2025-02-15
BTC,17bonGp7oMpw9AdE83d4FZUkUcrMwkTAoJ,1,0.00016181,16.95,1,0.00016181,16.6,2025-01-26,2025-01-27
BTC,1JCsgTDD7fcTqJdZ2TFpGMLzFuuV1FST9D,2,0.00035695,37.4,2,0.00035695,36.63,2025-01-25,2025-01-27
BTC,15WMuR3Tq2AZ3PXUUpgqLArtet5CfwjP8h,1,0.00122495,128.31,1,0.00122495,125.7,2025-01-26,2025-01-27
BTC,1HmSTZGcErKkYHCGNtBEAniyodprM9AbU1,1,0.00071093,74.47,1,0.00071093,72.96,2025-01-26,2025-01-27
BTC,1DfjMmVdL7K6e6G4aR82iguYPqJ12CC7qi,6,0.0009155,94.72,6,0.0009155,95.56,2025-01-18,2025-01-27
BTC,1A8KeG9XDjKqL5HFaRUJUJgQ6HEPcXy7Lu,1,0.00015641,16.38,1,0.00015641,16.05,2025-01-26,2025-01-27
BTC,1JE7iLLVhS829gLPghi9qmXunsx6ri59QK,2,0.00072283,74.77,2,0.00072283,74.18,2025-01-26,2025-01-27
BTC,1CFcewNreHDYZfPVETteXA1gi51j9oUDCu,3,0.00181007,179.2,3,0.00181007,178.96,2025-01-11,2025-01-28
BTC,12bFqfi3xWHMX6gFYxfzqNfwASd4LvuyMU,2,0.0002515,25.77,2,0.0002515,25.11,2025-01-25,2025-02-03
BTC,1Pn6yEaSD1pis2iWX2qVU3qBtGmBGM8EjT,1,0.00014944,15.65,1,0.00014944,15.34,2025-01-26,2025-01-27
BTC,1D5g2QJ6spA5shDiQFP5FdNjhhR86ppPKp,1,0.00015254,16.0,1,0.00015254,15.65,2025-01-25,2025-01-27
BTC,1HiMNwT1x8wC1iwAGcakqw9F5kHw3C2c1X,1,6.214e-05,6.51,1,6.214e-05,6.38,2025-01-26,2025-01-27
BTC,1AbaMHyiA6acggaUFN8YisUFpVRkrZTTBn,1,0.00038685,40.57,1,0.00038685,39.7,2025-01-25,2025-01-27
BTC,1GCBU6xC3QDnjGfGZ2Qu4U6ezHYwiEvJQt,1,0.00017391,18.22,1,0.00017391,17.85,2025-01-26,2025-01-27
BTC,12tumEgCPNMSG1EKEL4NAStVyc4EFzaiiJ,11,0.00474064,462.51,11,0.00474064,461.44,2025-01-17,2025-05-13
BTC,1RKj14SGL53axPqLizw3dZLnwJAPisNbL,1,5.709e-05,5.99,1,5.709e-05,5.86,2025-01-25,2025-01-27
BTC,15dFJuv4mCqopzxvGN67fLgQKsPMgpSLBV,2,0.00142497,148.82,2,0.00142497,147.43,2025-01-24,2025-01-27
BTC,184TiJzipSnk5E2emsaWmBFj8fLvdKo2Ko,1,0.00044919,46.1,1,0.00044919,46.1,2025-01-27,2025-01-27
BTC,18iKbKTTsQRnWasbGi9X58A98Uuztpcs2N,1,0.00015627,16.37,1,0.00015627,16.04,2025-01-26,2025-01-27
BTC,16YBpeUj7P4WK4zFeEnQWWBRnkaFjsDGz8,1,0.00061786,64.8,1,0.00061786,63.4,2025-01-25,2025-01-27
BTC,1AdDszqjJH8NTsaghvRMY2d74oVZqX5wE8,1,0.00019231,20.14,1,0.00019231,19.73,2025-01-26,2025-01-27
BTC,1AtWEy6yGbao3Wz8zvxayFoEMJkjuahv4H,1,0.00030992,32.46,1,0.00030992,31.8,2025-01-26,2025-01-27
BTC,1Afs3oUXaTsJDQ4TyntDAdLwtgmBf3shov,1,0.00097717,100.28,1,0.00097717,100.28,2025-01-27,2025-01-27
BTC,1626myD1BT6ZFo7fuCuhZ952G2QvUpeYSq,4,0.00171124,168.08,4,0.00171124,167.5,2024-12-10,2025-01-27
BTC,1PWqrsyKgnrN1UxmpT9kA2gDhT7RRbcnt5,1,0.00047636,49.9,1,0.00047636,48.88,2025-01-26,2025-01-27
BTC,19WYpHZaz9EmmEBd9SeKGYc9MhLDFzz3LP,1,0.00036775,24.79,1,0.00036775,25.16,2024-10-18,2024-10-19
BTC,1Q4ehNYuHNiv7wLp6swQmm8WREMX79gMXn,1,0.00235919,158.24,1,0.00235919,161.43,2024-10-16,2024-10-19
BTC,1A9r2vuE3kAsD9R5bgk5iNdwe4xPKEGJuZ,2,0.00095482,64.35,2,0.00095482,64.86,2024-10-18,2024-10-23
BTC,1KHmWd7PksaCtW1ycCMhXpfjqQvHgABZRr,1,0.00111872,75.04,1,0.00111872,76.55,2024-10-16,2024-10-19
BTC,1LSchQieu13XY1jA3aTDPHaDQ1Fm3iYWJf,3,0.00112519,94.89,3,0.00112519,93.67,2024-10-17,2025-02-03
BTC,1DQLCdNvL9tcB84gnn9ZmfBBr51fJERhHR,1,0.00136118,91.3,1,0.00136118,93.14,2024-10-16,2024-10-19
BTC,17j3rqwp8ZHYXq3ekfBpSA6vSCrtt3SVEw,1,0.00045401,30.7,1,0.00045401,31.07,2024-10-17,2024-10-19
BTC,17XQcT5CBRFJzDazxqQSQtLXG1HDM1YU7o,1,0.00029283,19.74,1,0.00029283,20.04,2024-10-18,2024-10-19
BTC,1LikeibFTMRCbMXqGzpvvnLHT8oZypK3VY,1,0.00026522,17.79,1,0.00026522,18.15,2024-10-16,2024-10-19
BTC,1PEgod67egNcqYs1bQcgdJkXSMsBqhK3US,1,0.00025737,17.35,1,0.00025737,17.61,2024-10-18,2024-10-19
BTC,1Cyv12W6AKM4igJyiSYJT6uzVtQaHE2Kzs,1,0.00023748,16.06,1,0.00023748,16.25,2024-10-17,2024-10-19
BTC,161osYtidYRgqAjXkNdFVKEa4ohoAMtTnK,1,0.00026153,17.68,1,0.00026153,17.9,2024-10-17,2024-10-19
BTC,1BVcfbUtMgxVKK8zA4J63BFiJWfcpqxfiG,4,0.00217955,188.67,4,0.00217955,187.37,2024-10-18,2024-12-19
BTC,1ChSnv5pgnP6KWaBQMF1NP5EjqSJXdDoeU,1,0.00038128,25.78,1,0.00038128,26.09,2024-10-17,2024-10-19
BTC,1NVHStba4tu4kGDAZHmvrLYzi2anSyaPo9,1,0.00147847,99.68,1,0.00147847,101.17,2024-10-18,2024-10-19
BTC,18J7nC5wKcbe522mVPheoUmmQ1xR4PpC8K,3,0.00069366,46.63,3,0.00069366,47.47,2024-10-16,2024-10-19
BTC,1P7vr1txSF9hAUgmw7GMGzJvLsyEMgAmTx,3,0.00251713,172.01,3,0.00251713,172.13,2024-10-18,2024-10-20
BTC,14D4EakXYidbXq44WKdDnPqA4KQWQjocYy,2,0.0022289,150.57,2,0.0022289,152.52,2024-10-17,2024-10-19
BTC,197vjWFQmFHKGVFtrYyj3xDTGbhBkyh9bC,2,0.00103749,70.21,2,0.00103749,70.99,2024-10-18,2024-10-19
BTC,1FmAPLPuaL3k7NoijYVzMUE9znx8ejsvUD,2,0.00046775,31.54,2,0.00046775,32.01,2024-10-18,2024-10-19
BTC,1ADHTUCwqZDrbwWQKunUTkgbjShP354bjW,1,0.00021873,14.75,1,0.00021873,14.97,2024-10-18,2024-10-19
BTC,1PoE5ufFvqGd5zQGb2DVGctVWzAGqQptJm,1,0.00040339,27.28,1,0.00040339,27.6,2024-10-17,2024-10-19
BTC,1MvWDWN9jwVUU4c4Dkv71PShoq25t1qwG2,1,0.00037277,25.21,1,0.00037277,25.51,2024-10-17,2024-10-19
BTC,15E187GdHxzXb556ukqXzQ9ACmykU9gT7i,1,9.926e-05,6.71,1,9.926e-05,6.79,2024-10-17,2024-10-19
BTC,1KpbDg4Nci9w1yioqU4Dh2fB9KAvT19r7n,1,0.00036414,24.62,1,0.00036414,24.92,2024-10-17,2024-10-19
BTC,189Cz2iCxvY2GNLHBb3jNR4SiMyiergJfG,1,0.00291077,196.25,1,0.00291077,199.18,2024-10-18,2024-10-19
BTC,1MW23sPSWDwApZJwXuHnXyXaL4D8rdBEND,3,0.00279913,182.08,3,0.00279913,185.14,2024-10-11,2024-10-19
BTC,13k5d3FraMxXPGY4ceDbmCJMHa6TtmEZ4n,1,0.00026842,18.15,1,0.00026842,18.37,2024-10-17,2024-10-19
BTC,1PU41KQhVNYzQ6ATtd8svJXRUgMZHEhSJo,1,0.00030941,20.92,1,0.00030941,21.17,2024-10-17,2024-10-19
BTC,1LD1A2sBNaTHVHRHs5v8vobpK8YXH8FFYq,1,0.00136715,91.7,1,0.00136715,93.55,2024-10-16,2024-10-19
BTC,1LPQKWfLg8hfkmzw8AU1bv3L9TvYN6K1wZ,1,0.00261924,177.11,1,0.00261924,179.23,2024-10-17,2024-10-19
BTC,13YCe9nNufpYFNhW5nz8z8ByMbDi8EqCdc,1,0.00059322,40.11,1,0.00059322,40.59,2024-10-17,2024-10-19
BTC,16LTPPmLXSHZk6MDXLDKdtM5zFYBX7Zqua,3,0.00305577,232.82,3,0.00305577,233.7,2024-10-18,2024-12-11
BTC,1DntRcK2GQnNvHDz2LZ9WCjCNcjZYvzFPv,2,0.0006123,47.28,2,0.0006123,47.55,2024-10-18,2024-12-11
BTC,1BSqkuQX9QjW1kQEXnJj1MS3W8S8MqbM7e,3,0.00287413,195.53,3,0.00287413,196.6,2024-10-17,2024-10-20
BTC,1Q8U97xuZ6LkhJLiAj4w4kh3wJyX6yts3S,1,0.00234321,157.98,1,0.00234321,160.34,2024-10-18,2024-10-19
BTC,1QKxz4TvLBssEmGqqvN7v1fq3rBpvNHYW2,1,0.00057116,38.62,1,0.00057116,39.08,2024-10-17,2024-10-19
BTC,1GH1i42YNXn6fvajXnhCsr3ki1vRGMhc9e,1,0.00059546,40.15,1,0.00059546,40.75,2024-10-18,2024-10-19
BTC,18G3bJx7wDgMXr1pSoFkf11PVSsPQ14gh6,2,0.00209849,149.53,2,0.00209849,151.02,2024-10-16,2024-11-08
BTC,1E1h1XL5XhMUyHQKoWSZAoY5CYZW9UKDWR,2,0.00113158,78.68,2,0.00113158,79.45,2024-10-17,2024-11-08
BTC,17UfnBwCHfpSMRydACd3itpy6GRK8NqpFw,1,0.00037785,25.48,1,0.00037785,25.86,2024-10-18,2024-10-19
BTC,1LmVYG4aTyXM4zaf8Bgs9ATWNMrvZtCaBu,3,0.00156543,105.37,3,0.00156543,105.91,2024-10-16,2024-10-19
BTC,1D1SwhE3e7jk4o9JxE21Ua7CqTGaHrhrVw,1,0.0011124,75.0,1,0.0011124,76.12,2024-10-18,2024-10-19
BTC,13WjpQGb5jjMz1wVCptj8DcMuFX4NdgQWf,1,0.0010913,73.58,1,0.0010913,74.68,2024-10-18,2024-10-19
BTC,1Q3xiB3jw3mwUkoJp4xfMw8gmi7oZxqVgr,1,0.00017873,12.09,1,0.00017873,12.23,2024-10-17,2024-10-19
BTC,18G2iDcxERFdgvgB5jiVW6MKRia4FEgeWF,3,0.00163432,103.05,3,0.00163432,105.48,2024-10-11,2024-10-19
BTC,19DLMuRDDbwgVjHGbwpeuEpBFATKiiMmzU,1,0.00024969,16.88,1,0.00024969,17.09,2024-10-17,2024-10-19
BTC,16Xa8Fyg6HXQEgVwS5juAL1rNwNn2oS5PG,1,0.00053438,36.13,1,0.00053438,36.57,2024-10-17,2024-10-19
BTC,1M6U9ZNSeL61D4nxPiph4Zzk1KLDb9usc1,1,0.00038352,25.86,1,0.00038352,26.24,2024-10-18,2024-10-19
BTC,1nAZySiVFBJX8nDn9n3cGEXyWELTxELTC,1,0.00059332,40.12,1,0.00059332,40.6,2024-10-17,2024-10-19
BTC,13Dmck8vNKuegRDKicMABTxZL2SJEVtSsG,2,0.00056977,39.26,2,0.00056977,39.54,2024-10-16,2024-10-29
BTC,1D5Qf5oDj1YSDAh2pWPckbUukodbfqVspK,1,0.00023642,15.99,1,0.00023642,16.18,2024-10-17,2024-10-19
BTC,1HkSSVRM3YDddiLL3rdmpBNyrA2wzNXShG,1,0.0004807,32.5,1,0.0004807,32.89,2024-10-17,2024-10-19
BTC,1MtpF3gX5tjNS7C67nZXLmTUx3twJNpt9H,1,0.00022099,14.82,1,0.00022099,15.12,2024-10-16,2024-10-19
BTC,1NNvBqQNoksZY5RBp9B5HSBBSf4GdJqyGB,1,0.0008406,56.67,1,0.0008406,57.52,2024-10-18,2024-10-19
BTC,1Nm9ZAKVqwDN3NxWG3ajHf973WuBADA5By,1,0.00061978,41.57,1,0.00061978,42.41,2024-10-16,2024-10-19
BTC,1GmHGKyeGUHYPKYj6stFTVKsRuBQTXaoR5,1,0.00068745,46.49,1,0.00068745,47.04,2024-10-17,2024-10-19
BTC,17W9UvRTm6zipc8VJMb6XNLR3tSirVtYGt,1,0.00059696,40.37,1,0.00059696,40.85,2024-10-17,2024-10-19
BTC,12Y3GqGneaBarqR3aHNoZSkXoVamP7wdbE,1,0.00110228,74.32,1,0.00110228,75.43,2024-10-18,2024-10-19
BTC,14Hv7F1Z1aZ6kPN3uL7pL3CytbuSyumrEt,1,0.00030686,20.75,1,0.00030686,21.0,2024-10-17,2024-10-19
BTC,166cz4AdFcEpmpCCo95WugU2h3JkUx1PZY,1,0.00059483,40.22,1,0.00059483,40.7,2024-10-17,2024-10-19
BTC,1EWJo5MNAA4C7UNJ5WymtYy9uEXUp7B1Ca,1,0.00061258,41.42,1,0.00061258,41.92,2024-10-17,2024-10-19
BTC,1FTwLUiL8k5PW4VyTmf43ZjyqpFremLuPr,2,0.00083646,56.56,2,0.00083646,57.24,2024-10-17,2024-10-19
BTC,1FG75LnD7rDDhE2QZm4jHryXH7aTxCYeER,1,0.00160349,108.43,1,0.00160349,109.72,2024-10-17,2024-10-19
BTC,1NtRB7WDED2iTBNzugUn6kJAHN5JVK83ZX,1,0.00033481,22.57,1,0.00033481,22.91,2024-10-18,2024-10-19
BTC,154TSNryL6dSJNENy1TsHDC4yLxuLZkNd4,1,0.00041714,27.98,1,0.00041714,28.54,2024-10-16,2024-10-19
BTC,1ByjvcaH3gTaXZ8g2ieuXqQnP9tngiEwrF,1,0.00054354,36.65,1,0.00054354,37.19,2024-10-18,2024-10-19
BTC,1LxkYHj2ZEAqyc2zTa46yZW5d87nzgQRst,1,0.00037387,25.21,1,0.00037387,25.58,2024-10-18,2024-10-19
BTC,1GrEo6XtNtsrdHDNVB7bQveLhA3gHsVgXD,1,0.00016046,10.82,1,0.00016046,10.98,2024-10-18,2024-10-19
BTC,1LwngKGFUNvwnL47dBB9ygymSVK3rTcTz,2,0.00118,80.01,2,0.00118,80.72,2024-10-18,2024-10-20
BTC,13QiP454bTa2wzTafAyUhRRy8oFhmxseor,1,0.0003814,25.71,1,0.0003814,26.1,2024-10-18,2024-10-19
BTC,18GWW2xdPzJmZf25ho4V3zPqSr7xDEybss,1,0.00014938,10.1,1,0.00014938,10.22,2024-10-17,2024-10-19
BTC,1MamCw2LdX5TcV9JXr1vL4E3siDj3n2Vof,2,0.00451351,299.53,2,0.00451351,300.19,2024-10-15,2024-10-19
BTC,1EU5bjCSrwnSw4NGF2KPXjD9Sk8f7K9dns,1,0.00011779,7.9,1,0.00011779,8.06,2024-10-16,2024-10-19
BTC,1DTjc6iEQMBGgx86TXXToeiCjsXjYkDioU,1,0.00066041,44.3,1,0.00066041,45.19,2024-10-16,2024-10-19
BTC,1HDokBikNfQvYbNVRDS4ULVm1f4Qop694c,1,0.00080022,53.67,1,0.00080022,54.76,2024-10-16,2024-10-19
BTC,14Vrvtdb8HuttWhk8dogdNwgo2NJsr7PfG,1,0.00011778,7.9,1,0.00011778,8.06,2024-10-16,2024-10-19
BTC,1AKkNqQWanq42TjZUa3gAzXQM7iLSbejED,1,0.00191103,128.85,1,0.00191103,130.77,2024-10-18,2024-10-19
BTC,1QL4w3guHoPbCsgFukZEZd5uNP4jELQDq8,1,0.00070909,47.95,1,0.00070909,48.52,2024-10-17,2024-10-19
BTC,1HpHj1XMiDJC6VLbTUf9upX6GXegMJCHxG,1,0.00038475,25.81,1,0.00038475,26.33,2024-10-16,2024-10-19
BTC,1AYBfFnAvtbmuFBfHzaLKkUMyzVE4a6JYV,1,5e-05,3.38,1,5e-05,3.42,2024-10-17,2024-10-19
BTC,1DDJeuC2kPdvP9ocaX75Bx8i6LNi4qnJ6S,1,0.00030689,20.69,1,0.00030689,21.0,2024-10-18,2024-10-19
BTC,1PZqQQEEYkjMvKhTkrCaGNdqaiEhEkvEGQ,1,0.00034264,23.17,1,0.00034264,23.45,2024-10-17,2024-10-19
BTC,175fJ7nJe7PZivDyb6FFFnXM7tobNJqZza,1,0.0006654,44.86,1,0.0006654,45.53,2024-10-18,2024-10-19
BTC,12NLhvERYySZmsQ7bidtjHFCuXeyKxtUHo,1,0.00429555,290.47,1,0.00429555,293.94,2024-10-17,2024-10-19
BTC,18L2C2tD9ywXcSr2pUQDGXHG8akZcKjjpN,1,0.00016955,11.43,1,0.00016955,11.6,2024-10-18,2024-10-19
BTC,1KXmdZic66N6Pq9smAxBoS72f9VddqnXoW,1,0.00079833,53.55,1,0.00079833,54.63,2024-10-16,2024-10-19
BTC,1F54fjQy6vygtvNE3vKrizD6Lx7RE76rCS,1,0.00039823,26.85,1,0.00039823,27.25,2024-10-18,2024-10-19
BTC,1GG4J3CWoCx1uaCuxxSrRmBPEsFdGVPBBm,1,0.00051562,34.58,1,0.00051562,35.28,2024-10-16,2024-10-19
BTC,1Pi13YGD94bKXZbq2A5ZjUUU4z71bUrRTH,1,0.0015984,108.08,1,0.0015984,109.38,2024-10-17,2024-10-19
BTC,14tG4g2Z9h4SPSUs5DfttTjhJry44KS3TD,2,0.00266071,207.43,2,0.00266071,209.04,2024-10-18,2025-04-25
BTC,1ARMrFJhf99rubyAZh6XVgJwSXekm77Sge,1,0.00268194,180.82,1,0.00268194,183.52,2024-10-18,2024-10-19
BTC,12JCFdZc88gyPBTNqxGzJFUTMk7z7LKhK9,1,0.00182699,123.18,1,0.00182699,125.02,2024-10-18,2024-10-19
BTC,15DexqErTRQRwbNiJE295iPUKFoDzBB5GB,1,0.00079407,53.26,1,0.00079407,54.34,2024-10-16,2024-10-19
BTC,1N442se75D4tjZqR1co2rDb5FHLu8WKLu4,1,0.00052209,35.02,1,0.00052209,35.73,2024-10-16,2024-10-19
BTC,16m1GJdhwqjMHQBD98SYsLfhfBi5oVog8f,2,0.00231016,156.68,2,0.00231016,158.03,2024-10-18,2024-10-20
BTC,15xWaqwYyi2cPPKNRcYrzCmDrgnFepgaAc,1,0.00021508,14.5,1,0.00021508,14.72,2024-10-18,2024-10-19
BTC,14WfbPXT41Fz5v12jgAh8wV4NHFQLBDcrP,1,0.00046947,31.65,1,0.00046947,32.12,2024-10-18,2024-10-19
BTC,18hZD2yZC2rRpBWgyJkRkZeqwP57teBqjV,1,0.00150965,102.08,1,0.00150965,103.3,2024-10-17,2024-10-19
BTC,1ATWJUUVen8SkxHyTJZkSLMcy85RaSiUgV,2,0.00052719,35.82,2,0.00052719,35.82,2024-10-16,2024-10-29
BTC,1CJSZz9U81Ai31dk1MS9s3eskdPw2AbNWi,1,0.00127873,89.46,1,0.00127873,89.46,2024-10-29,2024-10-29
BTC,1JMqMCTorKjQLQCfY2SQtbSBebjB9V4mvz,1,0.00063488,44.42,1,0.00063488,44.42,2024-10-29,2024-10-29
BTC,1VRCw9Su7fd4ZXjLRG5gQEcnuRAB3aAoy,1,0.00069134,48.37,1,0.00069134,48.37,2024-10-29,2024-10-29
BTC,1EFcLNnq4NXVMWrJL6ukhLpSZ9Q9GeoyYe,1,0.000223,15.6,1,0.000223,15.6,2024-10-29,2024-10-29
BTC,1FTFqSmsFnDoPzHQ7roUgqZ4J6ABUM4nQq,1,0.00129469,90.58,1,0.00129469,90.58,2024-10-29,2024-10-29
BTC,14koK2XSHPqFT373wXmxoHfAN4c7f2aP8b,1,0.00048469,33.91,1,0.00048469,33.91,2024-10-29,2024-10-29
BTC,16ff1gwDPAUHQqsGYYBzV6eaUY6N7MAwEB,1,0.00027619,19.32,1,0.00027619,19.32,2024-10-29,2024-10-29
BTC,18g44DqrH1BK7xejm582CCsX3q4EVJhAJc,1,0.00069132,48.37,1,0.00069132,48.37,2024-10-29,2024-10-29
BTC,12sDBczsMYeWWYCRBQpeTtTA73i4kJsUhA,2,0.0006105,42.51,2,0.0006105,42.51,2024-10-29,2024-11-02
BTC,1ArNTFK8jPRFyA7QR4tZSDBC9BnfbGxvYL,1,0.00069349,48.52,1,0.00069349,48.52,2024-10-29,2024-10-29
BTC,1BkdPRXxKKSoq32vdn8sxRz2Ywvk4pXWST,1,0.00011,7.7,1,0.00011,7.7,2024-10-29,2024-10-29
BTC,165t3rs45G9DnuK6WCKNeUMaDNGPPPhRw4,1,0.00070189,49.11,1,0.00070189,49.11,2024-10-29,2024-10-29
BTC,1LZdet4xDFHuw8aeN8UhuWkKx5FUkoRPby,1,0.00036003,25.19,1,0.00036003,25.19,2024-10-29,2024-10-29
BTC,1CFDnyEyFDm6PkqG5UBptuF27VAkE5E6aU,1,0.000366,25.61,1,0.000366,25.61,2024-10-29,2024-10-29
BTC,1KRVt4R3ZXv4YbN5SG4Mc8RhSvzT625jgD,1,0.00076732,53.68,1,0.00076732,53.68,2024-10-29,2024-10-29
BTC,17QfPVfhcjgasiWVr7gJWddD7kovz27P5B,1,0.003,209.89,1,0.003,209.89,2024-10-29,2024-10-29
BTC,1NJqRrTv1W4izivsXxUgeMdxGVpT4UFDA7,1,0.0002918,20.41,1,0.0002918,20.41,2024-10-29,2024-10-29
BTC,1FdvRWA7FAcx5pw6xSsgfWFKGJDQGodDoK,2,0.00059504,41.63,2,0.00059504,41.63,2024-10-29,2024-10-29
BTC,1JHWsjNccYw7hoKL6FBcRiucTEhzo2t2tG,1,0.00049351,34.53,1,0.00049351,34.53,2024-10-29,2024-10-29
BTC,13dSK4E8dZwWxo8r3pb1rs6GdTzgQV6vUV,1,0.00182707,127.83,1,0.00182707,127.83,2024-10-29,2024-10-29
BTC,18yZAJusaS2Q7H3ZAzTNpcgsdb5kH6Sw8P,1,0.00037286,26.09,1,0.00037286,26.09,2024-10-29,2024-10-29
BTC,1N4nU5L7gtxuPFMM2JULLfjHAZYqjZQFBY,1,0.00063356,44.33,1,0.00063356,44.33,2024-10-29,2024-10-29
BTC,1EdF2WEizydeqPwJUxxU9pnC1gnK8PLAVe,1,0.00223232,156.18,1,0.00223232,156.18,2024-10-29,2024-10-29
BTC,142FLaKzX8cezw8cY43uQqzQMSbapYkBTv,1,0.00129959,90.92,1,0.00129959,90.92,2024-10-29,2024-10-29
BTC,16sEG3bVX21YwtJwuxvtt3pQwmtpQNiu5p,1,7.212e-05,5.05,1,7.212e-05,5.05,2024-10-29,2024-10-29
BTC,1KSxLw9oi3qXDYomYZgJZUqZ7bFAs8qJKa,1,0.00029396,20.57,1,0.00029396,20.57,2024-10-29,2024-10-29
BTC,1N4jotfcBfLNXafMBJdxenSLDufxHLbM26,1,0.00044981,31.47,1,0.00044981,31.47,2024-10-29,2024-10-29
BTC,1EV2qHhYyA2UVtkqnhrHBg1CYemKp7zP7B,1,0.00011621,11.2,1,0.00011621,11.29,2024-12-01,2024-12-02
BTC,1Ch65eKiFvmNngndmWbPVvpYvZmk2ccsN9,1,0.00091897,88.6,1,0.00091897,89.31,2024-12-01,2024-12-02
BTC,1FMdD4sdDaweNn2CKMub4HAG3CEwUSQE71,1,0.003,289.22,1,0.003,291.56,2024-12-01,2024-12-02
BTC,1DxXgjQPGzSgLwr8UgtLBh5dxA3ViPPekc,1,0.00036982,35.94,1,0.00036982,35.94,2024-12-02,2024-12-02
BTC,1Bqeynq3x9Kf2gheKWw6WisdD7Qn3nANLC,4,0.00103782,101.94,4,0.00103782,101.7,2024-11-23,2024-12-05
BTC,17kzxvShAgvcam3re6mmWEndCVqA3Za4iv,1,0.00015934,15.49,1,0.00015934,15.49,2024-12-02,2024-12-02
BTC,1DGKzpP3eZWZLYWG2Z2RmtNaud4jSrh5eB,1,0.00032547,31.63,1,0.00032547,31.63,2024-12-02,2024-12-02
BTC,16tCKSJgNZEGXjizXPgaE8AFYbu1dgQkMC,1,0.00015819,15.37,1,0.00015819,15.37,2024-12-02,2024-12-02
BTC,12hS7CzhPwiwUZikeH7vCrXxmTY5pzzVYi,1,0.00020917,20.33,1,0.00020917,20.33,2024-12-02,2024-12-02
BTC,19uVXjUueMht7dEmJeEm6XkKgNBV6ZQ6y1,1,0.00096392,92.93,1,0.00096392,93.68,2024-12-01,2024-12-02
BTC,1146gNPKwDJTgLkgYZpxXLhPLjPJGzT5M9,1,0.00057207,55.6,1,0.00057207,55.6,2024-12-02,2024-12-02
BTC,12nYtWfwsBMxAYaYZ9VopMozzThMXUr1xs,1,0.00025674,24.75,1,0.00025674,24.95,2024-12-01,2024-12-02
BTC,1D5qhGwuTKa6qEN3NGNP8ekyY6YhCy96sg,1,0.00025972,25.24,1,0.00025972,25.24,2024-12-02,2024-12-02
BTC,1QCjELgBDhcTg5kRVhyr1mU5tCMEYrH3yL,1,0.00020652,20.07,1,0.00020652,20.07,2024-12-02,2024-12-02
BTC,1FSRMuxSS7Q2hgsVayafcqV6LmLGSC8YeW,1,0.00030268,29.42,1,0.00030268,29.42,2024-12-02,2024-12-02
BTC,1LZD7ei342cugiBfLiLt2FNnaXJSNXgU6T,1,0.00011318,11.0,1,0.00011318,11.0,2024-12-02,2024-12-02
BTC,1AcEaMDvupHs4mfKFAoS3qoZs9mu5teng,1,0.00063185,60.92,1,0.00063185,61.41,2024-12-01,2024-12-02
BTC,1EFMBYdwVcmnh24MsBNN6sHwDVUX3hKACF,1,6.219e-05,6.04,1,6.219e-05,6.04,2024-12-02,2024-12-02
BTC,17E9GwrDH5pYDHjiHiwdmrSqnFnsJLXYiV,3,0.00087854,85.31,3,0.00087854,86.02,2024-11-24,2024-12-05
BTC,1JQkGjVSWPoJTGYvtCVNFKSARjEngmb1r7,1,0.00030928,29.82,1,0.00030928,30.06,2024-12-01,2024-12-02
BTC,12bqfXXhbJWSpGCJPvLN4XyS9LMm2izh4q,1,0.00048198,46.47,1,0.00048198,46.84,2024-12-01,2024-12-02
BTC,1JLRtinQ2YorQK3yX8ZTKtTEJrrc6u73zZ,2,0.0008814,86.09,2,0.0008814,86.29,2024-11-24,2024-11-25
BTC,13U2wCnyWXqmfYWSkXv65rcg7g3Q8k1bSP,1,8.523e-05,8.43,1,8.523e-05,8.34,2024-11-23,2024-11-25
BTC,1KKByaeb6RCPMgQgWtLSKDHwQnFGJbPDpr,1,0.00032348,31.99,1,0.00032348,31.67,2024-11-23,2024-11-25
BTC,1FTEmeUj9RUuCTAhbcHTDb2f21L7kmLExL,1,0.0014,138.45,1,0.0014,137.06,2024-11-23,2024-11-25
BTC,18RbePSU3V9xK3ptFXiDCUMhrWTuLA6vBc,1,0.00030844,30.13,1,0.00030844,30.2,2024-11-24,2024-11-25
BTC,1NqrthAAv7nw8XMNfo97m8Hai15Yt68oor,2,0.00050954,49.77,2,0.00050954,49.88,2024-11-24,2024-11-25
BTC,1KJLS5Uu2sRDgVDipKATYam4eP7GwHNSSH,2,0.00041779,40.81,2,0.00041779,40.9,2024-11-24,2024-11-25
BTC,1TYT7kBgLN3voMSm3KEkroAhPNmWWWPCt,1,0.000284,27.74,1,0.000284,27.8,2024-11-24,2024-11-25
BTC,15xoBrpdFHvFgB5HNme6rwVsvyH7335GbX,1,0.00026442,26.15,1,0.00026442,25.89,2024-11-23,2024-11-25
BTC,1CoVL6ELLb6mQ9HgqKorewaNhb33XU3mdG,1,0.00111185,108.85,1,0.00111185,108.85,2024-11-25,2024-11-25
BTC,1C35LZM4LUTEDDhYGn9xRpCBkxfL7WaUZ2,1,0.00107943,105.43,1,0.00107943,105.68,2024-11-24,2024-11-25
BTC,1Aja2KbKEC3RgzPSBCGZBkpJ3W9TKbhFL9,1,0.00011368,11.1,1,0.00011368,11.13,2024-11-24,2024-11-25
BTC,1Gtcy9GGG1EgXMgMYsrve2g7zoWMv5Q3Zw,1,0.00021393,20.9,1,0.00021393,20.94,2024-11-24,2024-11-25
BTC,146CQX16pUdSDm4iuQJWewGvxQUfpzdX12,2,0.00194065,191.03,2,0.00194065,191.51,2024-11-22,2024-11-25
BTC,12UfJhvD2BxVg1xXJyLGTzBgHC8PJJUVQ8,1,0.00016333,15.95,1,0.00016333,15.99,2024-11-24,2024-11-25
BTC,15vDRRr3b2DdtTdsbvPvtXo9q7tghUVwPk,2,0.00307,295.61,2,0.00307,295.04,2024-11-24,2024-12-31
BTC,1E7jqeDG38CsTTUsLR92kKQcBezsfeUfqV,1,0.00024,23.44,1,0.00024,23.5,2024-11-24,2024-11-25
BTC,1MJvGgZkymNpSBwEkbRnmbHBfjcj6ozNXm,1,0.0002676,26.46,1,0.0002676,26.2,2024-11-23,2024-11-25
BTC,17SbSHCv1NgLxMq6HjsuNRncER7Jcyh4K,1,0.00049767,48.72,1,0.00049767,48.72,2024-11-25,2024-11-25
BTC,1Q6cS4kcZEvNXBW5VmoWANACFgekhRwk5f,1,0.00081356,80.45,1,0.00081356,79.65,2024-11-23,2024-11-25
BTC,16krzyQWLL62yLNdvE6ZW3Jvn86MkkfUAH,1,0.00028003,27.69,1,0.00028003,27.41,2024-11-23,2024-11-25
BTC,1FQKybY3mgF4Cx6T1rn6cWcE8sjLe3DHB4,1,0.00038141,37.25,1,0.00038141,37.34,2024-11-24,2024-11-25
BTC,1NagBCc2BEuvwaVU6W4SezSMdKVRmha5NA,1,0.00049965,49.41,1,0.00049965,48.92,2024-11-23,2024-11-25
BTC,133hpD6bhGoSVrjV8kjnXnComAetgbKWBz,1,0.00026847,26.22,1,0.00026847,26.28,2024-11-24,2024-11-25
BTC,13p9Mi5pCLpQTisfnw3UPePs12zw3wzEcH,1,0.00016479,16.1,1,0.00016479,16.13,2024-11-24,2024-11-25
BTC,1JuumQLASBxBHwefRoP1ZWPoaYfZxtyJvD,1,0.00083125,81.19,1,0.00083125,81.38,2024-11-24,2024-11-25
BTC,1Br5bY3DziL8fcQWgnnNbUxjPPJLZxCxzX,1,0.000619,60.46,1,0.000619,60.6,2024-11-24,2024-11-25
BTC,1Bg1Y6sXAtvRNHuVegjQEihgSA87Qbx4m4,1,0.00031112,30.77,1,0.00031112,30.46,2024-11-23,2024-11-25
BTC,1m78bkjWc6eQL7HhV2RvxFLq7h7ECshzg,1,0.00030984,30.26,1,0.00030984,30.33,2024-11-24,2024-11-25
BTC,198jAV6K6drjGMa3Cr82NPDWrrfGbNTN9Y,1,0.00014389,14.23,1,0.00014389,14.09,2024-11-23,2024-11-25
BTC,14MSWNnDjuZiJsxmdYxgvLvB5Jd8r5YfoS,1,0.0006952,68.75,1,0.0006952,68.06,2024-11-23,2024-11-25
BTC,1LKL1ireK4MLp8UVTgR3zXBa7oNTF5rR9i,2,1.916e-05,1.87,2,1.916e-05,1.88,2024-11-24,2024-11-25
BTC,1HD8FHd8PLgNGn8PbuLk12UxwWWi4z3Css,2,0.00049324,48.18,2,0.00049324,48.29,2024-11-24,2024-11-25
BTC,1QFB8RBH1odTPpUn8fNJt3awAefQCKXVdS,1,0.00011112,10.85,1,0.00011112,10.88,2024-11-24,2024-11-25
BTC,185gk1imJYfvbTPoVhVm3n9RpRijWrz2RP,2,0.00053704,53.11,2,0.00053704,52.58,2024-11-23,2024-11-25
BTC,1LHcq6DBWtU94zFV94zHb9PWtkEJyFc5NA,1,0.00017304,16.9,1,0.00017304,16.94,2024-11-24,2024-11-25
BTC,1HjmwfgVwzFHHj1fvAJ6cKW96gbVQEpAvh,1,0.00048749,48.21,1,0.00048749,47.73,2024-11-23,2024-11-25
BTC,1Gm6uQxRajzT8XfPJrPTjQxcsDinRzrgYW,2,0.00085632,84.46,2,0.00085632,84.22,2024-11-22,2024-11-25
BTC,1LPbbXAvojUMAFWP3NXqX4UEpJ2DVcCrxx,1,0.00046368,45.39,1,0.00046368,45.39,2024-11-25,2024-11-25
BTC,1MuVMo8GdDRzvqKAEEiyxrxc2SjQmCppA9,1,0.00096306,94.28,1,0.00096306,94.28,2024-11-25,2024-11-25
BTC,1Ge7gdc3CpGNB8tziiBAsxUwC7oJw7kkEP,1,5.108e-05,5.05,1,5.108e-05,5.0,2024-11-23,2024-11-25
BTC,1HdmAJGgazximuwD9hg1xB2CRFWFEFmjDP,2,0.00095854,94.59,2,0.00095854,94.19,2024-11-22,2024-11-25
BTC,12zJdMG8RijqSzZF1b9angoow7yBfbPgNr,1,0.00075185,73.43,1,0.00075185,73.61,2024-11-24,2024-11-25
BTC,1ADGcbephqAEH4FZ6WyL7eaXwmHz5QRzf9,3,0.00111201,100.47,3,0.00111201,96.68,2024-11-25,2025-03-30
BTC,1ACqKLg7kpYSvjbq8ULmBeJE2Kr5sAyVPu,1,0.00076573,75.72,1,0.00076573,74.97,2024-11-23,2024-11-25
BTC,1JCp3txRWTfZhoVfQgbNaEzFBA2BdujWL,1,0.00021652,21.15,1,0.00021652,21.2,2024-11-24,2024-11-25
BTC,18zgYQBkgR8LuwSqSmwN9fAj2HpDhQfA4f,1,0.00031132,30.79,1,0.00031132,30.48,2024-11-23,2024-11-25
BTC,1MF2DnErYECWEcL1vynBXemsk8MEzJKnsK,1,0.00028035,27.72,1,0.00028035,27.45,2024-11-23,2024-11-25
BTC,1HFayLoFXB3doiqi9qMEMgKXfS7D6mD8Ue,1,0.00046872,46.08,1,0.00046872,46.35,2024-11-22,2024-11-23
BTC,1B2ADvFPsFCvgL98W6Q1ALZ454zqU9EqaV,1,7.472e-05,7.35,1,7.472e-05,7.39,2024-11-22,2024-11-23
BTC,1H4bz42hjZL8MtXLbdfr3QfG7PWg5ZumbK,1,0.00045855,45.08,1,0.00045855,45.35,2024-11-22,2024-11-23
BTC,17MpQEkbG3Jva5svHXHeTCgLjkRftF8fpu,1,0.00273016,268.42,1,0.00273016,269.99,2024-11-22,2024-11-23
BTC,1NhVav5PumGgiMkQyKZDMCqLMJWkvFVNuF,1,0.00013146,13.0,1,0.00013146,13.0,2024-11-23,2024-11-23
BTC,17vwJGmhSa6CDuF1B9JTU5FHZA86DXf9AW,2,0.0003595,34.89,2,0.0003595,34.95,2024-11-22,2024-11-29
BTC,177Jj3CQHJhJSBgY7WSHQSmgrgHK4v4k7V,1,0.00026521,26.07,1,0.00026521,26.23,2024-11-22,2024-11-23
BTC,1HdHBbomD1FDNawdZkDnPyonVvhXNHxu4M,1,0.00035399,34.8,1,0.00035399,35.01,2024-11-22,2024-11-23
BTC,1KwwHJGqGb46dv1M6C9Jrfyqr55HzLtnAH,4,0.00044334,43.59,4,0.00044334,43.84,2024-11-22,2024-11-23
BTC,1Dk2muxW6uTB6C4fH3cauBWfaHg22KJktc,3,0.00141161,141.2,3,0.00141161,140.27,2024-11-23,2024-12-15
BTC,1LNWUH9b8kGWSz6ra3GkYqZh9bcNfquwDJ,1,0.00089386,87.88,1,0.00089386,88.4,2024-11-22,2024-11-23
BTC,14tNrgBcC4df5KexoBWAShRdDg7xPK5cqn,2,0.00214703,172.79,2,0.00214703,173.23,2024-10-19,2024-11-23
BTC,1QK29ySZJgxyMBCnKM8s545ZkVNJQKcZGc,1,0.00063621,62.92,1,0.00063621,62.92,2024-11-23,2024-11-23
BTC,1CJjE6YhVgiksBrk4TFKbicPFVzzXMNgFR,2,0.00062427,56.04,2,0.00062427,56.31,2024-10-15,2024-11-23
BTC,1HLYwNEvjPfG468bwXTC4UxhxuZJBk9Xp,1,0.0003429,33.71,1,0.0003429,33.91,2024-11-22,2024-11-23
BTC,1GRN1yy79jRQqifeq6X5F4kSLk3UDDTK18,1,0.00022134,21.76,1,0.00022134,21.89,2024-11-22,2024-11-23
BTC,1LH4WYPPoCofy2hybkPNWsmb5BwQUgBPQW,2,0.00130308,125.66,2,0.00130308,128.51,2024-11-21,2024-11-23
BTC,18ihBjCSaSeWewMGCcpsmRXAWL1CcTizh5,1,0.00271274,266.71,1,0.00271274,268.27,2024-11-22,2024-11-23
BTC,13jEkiF2xBcCmQKbcVf13gx5e3FdrTTrPv,1,0.00017856,17.66,1,0.00017856,17.66,2024-11-23,2024-11-23
BTC,13YMuufoiramYetz3hbYehRgMaxGWqFe9m,2,0.00024592,24.23,2,0.00024592,24.23,2024-11-23,2024-11-25
BTC,1Gp4yArfo3Cr5m8DpHBWSLKmyidtN4QrLB,1,0.00159801,157.11,1,0.00159801,158.03,2024-11-22,2024-11-23
BTC,149e3LDsw5R7s8rBE7aVygPCFZNixFaKiM,1,0.00033177,32.62,1,0.00033177,32.81,2024-11-22,2024-11-23
BTC,1Le7kQZ6Cwz2PrXpnJuscU7aAWkbFVL3Pv,1,0.00016198,15.93,1,0.00016198,16.02,2024-11-22,2024-11-23
BTC,17HYRZG6ut6s2wRovNsN6Lf1tG27ptZG4K,1,0.00022246,21.87,1,0.00022246,22.0,2024-11-22,2024-11-23
BTC,12mnJvKgeRHuK9HLFpQbUQkJfjsUXvhaUR,1,0.00027674,27.21,1,0.00027674,27.37,2024-11-22,2024-11-23
BTC,18ja3uhRPoZAeogUKBP3KUecEmDkQPm7Ca,1,0.00030402,30.07,1,0.00030402,30.07,2024-11-23,2024-11-23
BTC,1HnaD8B9McyJmRtzo4nFz2rjU3Qps1v5TQ,5,0.00157169,146.57,5,0.00157169,149.57,2025-01-24,2025-04-13
BTC,12ExQ4shFVYdLAsGPMPzjT2b7hvjZcCUvX,5,0.00258428,236.93,5,0.00258428,235.96,2025-01-27,2025-04-13
BTC,16JGT3nMC6a5hDuL6s3c4EFhHLu263qTjo,2,0.0013655,118.61,2,0.0013655,119.53,2024-12-18,2025-04-13
BTC,1DfaWd4oBf8y5dwhmppR4XNEDZUbt1BDo2,4,0.00357359,356.43,4,0.00357359,346.73,2024-12-12,2025-04-13
BTC,1HAyn64o9orPHSqScqgVBVWTvwDiLxEeDA,2,0.00106621,87.25,2,0.00106621,90.49,2025-02-28,2025-04-13
BTC,1NaE7NNYPFpWdtxbeFJvfj2te26tbECfkR,3,0.00433,389.35,3,0.00433,385.21,2025-01-04,2025-03-14
BTC,1HcTpAn9zKQuNiL7TA9sz9DahJW6Q1AEHM,1,0.00098061,81.32,1,0.00098061,79.54,2025-03-12,2025-03-14
BTC,1CKbUjihqqL192pL2kUwBssSD5nrUS5n8k,3,0.00133848,121.6,3,0.00133848,121.55,2024-12-31,2025-03-14
BTC,1EmdaJtr2ioDGpxmj7DWynwS94QHrRhS6S,2,0.00169855,151.06,2,0.00169855,146.45,2025-03-03,2025-03-04
BTC,1GSAb2TUUw17Gjq3jstUA6ho3p8JQ7LWtD,6,0.00158732,143.05,6,0.00158732,140.66,2025-02-06,2025-04-02
BTC,1KdmQAEnFfyE6T7d5s3KnGmsNEct9y3ifn,5,0.00126525,115.21,5,0.00126525,115.14,2024-11-12,2025-05-10
BTC,16quCByXo78fUZxcGwobJc8KbsAERWXb6N,2,0.00267833,232.26,2,0.00267833,226.23,2025-03-04,2025-03-30
BTC,14jrHsbyNhfHHQuKbNqfHHCEbpbyQ6EjAG,2,0.00184498,193.21,2,0.00184498,188.98,2025-01-31,2025-02-01
BTC,17ReadYFdEmVKuhiBb7njCEBPt9CN4U78H,1,0.0009368,95.96,1,0.0009368,95.96,2025-02-01,2025-02-01
BTC,1FADHMt8sR25Qc5ig8djq77k6scc6iuYJt,1,0.00031663,32.43,1,0.00031663,32.43,2025-02-01,2025-02-01
BTC,1AhaVcvTw99dN51x9rcnFAREFmp8NVCjAR,2,0.00019273,20.05,2,0.00019273,19.74,2025-01-31,2025-02-01
BTC,1ChZhWqAzqWtzTA4KwstKxtZGAAvCUdVQA,1,0.0005049,51.72,1,0.0005049,51.72,2025-02-01,2025-02-01
BTC,1fpxvoFEgTwsmACKs2BgB9c7JhQb5DL4a,2,0.0025847,241.6,2,0.0025847,241.6,2025-02-01,2025-04-10
BTC,1K5XB9p8QZ7uRNYiDxb3pwbQYejNbXBacC,1,0.00091728,93.96,1,0.00091728,93.96,2025-02-01,2025-02-01
BTC,13wnoEep5cQdGysZiNosEsfPagpyooMdAz,4,0.0004,41.01,4,0.0004,41.23,2025-01-23,2025-02-06
BTC,1E5Jk2zdVXPVzdmthd5jzcg1JieR3sNScS,2,0.0008205,85.93,2,0.0008205,84.04,2025-01-31,2025-02-01
BTC,1FH8sjTkqim4KiFwW5fCoxgbxFLV1KEW82,1,0.00034897,36.55,1,0.00034897,35.74,2025-01-31,2025-02-01
BTC,1H8QzEiHq93k4RNiKHVScC7wDDhiEWeZpu,1,0.00020284,21.24,1,0.00020284,20.78,2025-01-31,2025-02-01
BTC,1DNn1UYuU8MiPiVZZXgUVnoemyp7kBEdk5,1,0.00019149,20.05,1,0.00019149,19.61,2025-01-31,2025-02-01
BTC,1HqwsepKKXSf4bK67MVV5G1FeVtCfGSmm3,4,0.00332813,319.44,4,0.00332813,321.31,2025-01-10,2025-02-05
BTC,169yE3Uon2MfjMQieLVdriyE4e2ivq7DTF,4,0.0005,51.21,4,0.0005,51.21,2025-02-01,2025-02-01
BTC,1LL7ik3rp74yrwX2reSKrYkJ9LGsXYmEzJ,3,0.00047979,49.75,3,0.00047979,49.14,2025-01-31,2025-02-01
BTC,1HxvNW6r5u2DGs5jGhgzjKmcZfzxVef8gR,1,0.00094205,96.49,1,0.00094205,96.49,2025-02-01,2025-02-01
BTC,17m1QZ7P33taJy7TMeHojdVc9B4bKrFPNo,1,0.00043246,45.29,1,0.00043246,44.3,2025-01-31,2025-02-01
BTC,1CKQyC5y63n1BbxUr5154pstXwGb6vz7Ro,1,0.00015845,16.59,1,0.00015845,16.23,2025-01-31,2025-02-01
BTC,15EqehdDUhyzQeNqNmdosoVKKwm2exT2iD,1,0.00043668,45.73,1,0.00043668,44.73,2025-01-31,2025-02-01
BTC,1B5nAvqFhGrnSZbd1wStCoNj4uWg2PfJdB,1,0.00055494,58.11,1,0.00055494,56.84,2025-01-31,2025-02-01
BTC,1LbRBtoRf5yhGsuat8q24N7j2FCbRCRdG1,1,0.00045147,46.24,1,0.00045147,46.24,2025-02-01,2025-02-01
BTC,1NiRcGr7Ka6mucKZRv2VRt1WF3xXyk5eu3,1,0.00021543,22.56,1,0.00021543,22.07,2025-01-31,2025-02-01
BTC,1LN7ngZg6QZuWKPC1qqTydoR1BjhHw1i8U,1,0.00013899,14.56,1,0.00013899,14.24,2025-01-31,2025-02-01
BTC,14fqLWMprNV65HxZrapBY8R2x4mC6hdRgF,1,0.0008754,91.67,1,0.0008754,89.67,2025-01-31,2025-02-01
BTC,1LCmkJxcWGDD5kKmd3LLiSJjGsuG6DhVLV,1,0.00052934,55.43,1,0.00052934,54.22,2025-01-31,2025-02-01
BTC,1G9CVuFCeAExEiRHNXtRHy78kiiXq8HAZS,3,0.00084574,87.87,3,0.00084574,86.63,2025-01-31,2025-02-01
BTC,1G85bXzWeQLRpAPdJEic7zb7yeJjEGXNff,3,0.00082513,84.26,3,0.00082513,83.65,2025-01-30,2025-02-15
BTC,1Mcpps2bCDFHdaoWftdsoiJtDCzUAv35DH,2,0.00026696,27.96,2,0.00026696,27.34,2025-01-31,2025-02-01
BTC,1HVNHMvwrGJQXLZbStXJNT97y1Uid25RUi,1,0.00033653,34.47,1,0.00033653,34.47,2025-02-01,2025-02-01
BTC,1ET1eCryR5BkcgJxxeU7AUxD2JAjudP2tz,1,0.000559,58.54,1,0.000559,57.26,2025-01-31,2025-02-01
BTC,1CbjCaogstHmYfcuNqrMwihWxXerRsxy1x,3,0.00307,299.68,3,0.00307,300.06,2024-12-10,2025-02-01
BTC,12G8cAW1rJguA6STeQCkMiebFbpD7YnPzB,1,0.00053905,56.45,1,0.00053905,55.21,2025-01-31,2025-02-01
BTC,13iv9RvTzwvANpQj4mGWdDMeQ5PBUAoz9V,1,0.00079702,81.64,1,0.00079702,81.64,2025-02-01,2025-02-01
BTC,19QaqL3LQMmp5FtsmFv1xXTeaTXKzoD3Rp,1,0.00035403,36.26,1,0.00035403,36.26,2025-02-01,2025-02-01
BTC,1JsnX7VGzFW1Au86hjb1QweKELVBhT2NZN,1,0.00029244,30.63,1,0.00029244,29.95,2025-01-31,2025-02-01
BTC,14SyW2FG1mGZNEwLQRdgL2Gq3mL5BLGcgL,1,0.00044978,46.07,1,0.00044978,46.07,2025-02-01,2025-02-01
BTC,1NQys5sUSo3RCZw2bzZLWypVXCJ6sDyPrK,1,0.00097661,100.03,1,0.00097661,100.03,2025-02-01,2025-02-01
BTC,16Z1Rd1KAwNBRKL5t8CsE3Mmrv7V3qfjjo,1,0.00015403,15.78,1,0.00015403,15.78,2025-02-01,2025-02-01
BTC,1EioSojnZQwxLUXVoweNcucLNCecg5JpdY,1,0.00024403,25.0,1,0.00024403,25.0,2025-02-01,2025-02-01
BTC,1C5PMh6e4ZfWH8zqVq9TMjEmtsGjwXM4L4,1,0.00030137,30.87,1,0.00030137,30.87,2025-02-01,2025-02-01
BTC,17kMDgfG86t9w1K8JwckkLkWjSguHeFnjM,1,0.00068207,71.43,1,0.00068207,69.86,2025-01-31,2025-02-01
BTC,1P6sX5y8yF1zETj66LybAFWHkbf84SGoUg,1,0.00043674,45.74,1,0.00043674,44.74,2025-01-31,2025-02-01
BTC,1ACAAQCfqLhEjV2N7rbq6oHeYG5WLSKHrZ,1,0.00135273,141.66,1,0.00135273,138.56,2025-01-31,2025-02-01
BTC,197h8Q4mvCNvxzfQye4YzZCgEL38n1PWkD,1,0.0005531,56.65,1,0.0005531,56.65,2025-02-01,2025-02-01
BTC,1MkKntsVZ2CTA4ManRTbrPenD8QxqZaEJx,1,0.00045933,48.1,1,0.00045933,47.05,2025-01-31,2025-02-01
BTC,1EHeW87FVyE7vBepDV9tCGeMmRzTnpREvv,1,0.000481,50.37,1,0.000481,49.27,2025-01-31,2025-02-01
BTC,1LCnceZrSj3iAPGgCiwPyEfyxKtado74H1,1,0.00015946,16.7,1,0.00015946,16.33,2025-01-31,2025-02-01
BTC,1PA56sKiKW96tkxQ9WDLgsF1CVPmMuSbEb,1,0.00033009,33.81,1,0.00033009,33.81,2025-02-01,2025-02-01
BTC,13cfvigYHQC9Dx1wBBs7DPw3DqmcMYZnP6,1,0.00036651,37.54,1,0.00036651,37.54,2025-02-01,2025-02-01
BTC,1GbmSXKebGbmsoNwZcseSb31822TaqzZGZ,1,0.00050743,53.14,1,0.00050743,51.98,2025-01-31,2025-02-01
BTC,12zxnqgpuA7czDw6u3siYdUaRmQ3swDf4q,6,0.00279576,279.97,6,0.00279576,282.41,2025-01-20,2025-02-24
BTC,1F8N2yt1SynDNAneGBex6hxs46XzYYD7JE,2,0.00030362,31.55,2,0.00030362,31.1,2025-01-31,2025-02-01
BTC,16iFJ3rgkpUfh4RJMfSxamQENiy3ve5x6c,1,6.414e-05,6.57,1,6.414e-05,6.57,2025-02-01,2025-02-01
BTC,1LcZQMkmEonizpFqQGcNqPg9GG8kBvbhTb,4,0.00097,95.64,4,0.00097,94.75,2025-01-08,2025-02-07
BTC,1CvsW4SL4vbSZrMG9wkjksm5ba5XPErcQx,1,0.00041931,42.95,1,0.00041931,42.95,2025-02-01,2025-02-01
BTC,1DtfgefLiQgsDLMAkitPp1eLNRM9Xzaqbv,1,0.00023125,23.69,1,0.00023125,23.69,2025-02-01,2025-02-01
BTC,1DyBXnbKo5QrhcWPedJ6jHVNBMsguz84SE,1,0.00045,46.09,1,0.00045,46.09,2025-02-01,2025-02-01
BTC,18JQWwqcM9VX24kx8Jr7jxLYECtnix9cgJ,1,0.00012691,13.29,1,0.00012691,13.0,2025-01-31,2025-02-01
BTC,18EtkpLNxgqFLwQX743Xa3pbQE1ytRSFbC,2,0.00197567,204.01,2,0.00197567,202.72,2025-02-01,2025-05-13
BTC,19sRwdvGgXSoCuAgWCQGmXSLCMFVrY2c8N,1,0.00021284,21.8,1,0.00021284,21.8,2025-02-01,2025-02-01
BTC,1CywNF6fZzAkvz5XCPqVmFQ8yKVSGoTvE,5,0.00157132,143.01,5,0.00157132,145.74,2025-01-31,2025-03-03
BTC,1659TZ1txGXHQW3vS4vUq8JKNcu3jntqt2,1,0.00020335,21.3,1,0.00020335,20.83,2025-01-31,2025-02-01
BTC,1GZgor8KNYi6qXd6iLX1s4D8iRYMLBrwHJ,1,0.00024814,25.99,1,0.00024814,25.42,2025-01-31,2025-02-01
BTC,14Uv9c7AqCN37EbfjxE99V7ihkcMZqh7Sj,1,0.00035008,35.86,1,0.00035008,35.86,2025-02-01,2025-02-01
BTC,1PXgGSh6REofu6wKEwVWApKpdBghdcnHw5,1,0.00044436,45.52,1,0.00044436,45.52,2025-02-01,2025-02-01
BTC,1NfjCtWq7pL1Jzw6qwnxhnuBauJFLptLKZ,1,0.00010448,10.7,1,0.00010448,10.7,2025-02-01,2025-02-01
BTC,1PFprPwPNKXrAfwvMJqQYmmatusQFR2mLo,1,0.0004785,50.11,1,0.0004785,49.01,2025-01-31,2025-02-01
BTC,1JwVaQMuvAQrMPuegxG55PPSdFmvg6RBim,1,0.00027188,27.85,1,0.00027188,27.85,2025-02-01,2025-02-01
BTC,1GMaiFZZ5hg79en4wL7DQRbDvBEFXsYKTT,1,0.00058679,44.34,1,0.00058679,44.51,2024-11-07,2024-11-08
BTC,19F1bR1jrQci3kZYVqi3Kvm1zSTsqbpycw,1,0.00032698,24.71,1,0.00032698,24.8,2024-11-07,2024-11-08
BTC,19uRA5up4Yk29JHjA86J6wZH34CAZroVpL,1,0.00045392,34.3,1,0.00045392,34.43,2024-11-07,2024-11-08
BTC,1GN1jR4D861JVF4Y4faCqLiSezij13Hzv,1,0.00021378,16.16,1,0.00021378,16.22,2024-11-07,2024-11-08
BTC,1E1Xge5PRndYaDDwNbAV66dP8xeYLKDE2V,1,0.000683,51.62,1,0.000683,51.81,2024-11-07,2024-11-08
BTC,1Dao5ejn5nkPcXNsZKRgqFvdfK5ixjVFq3,2,0.00036178,27.56,2,0.00036178,27.56,2024-11-08,2024-11-10
BTC,1Di2zDmt8FdeZ7xFbJY9wUWQNUHymcNuUR,1,0.00149762,113.61,1,0.00149762,113.61,2024-11-08,2024-11-08
BTC,1CVmYg32fhs3o39QB4JDBQgd3mAxJkVc2g,1,0.00039526,29.87,1,0.00039526,29.98,2024-11-07,2024-11-08
BTC,1BfBnFYkgzSwpHRLYyHFkVLAp33sb1QoVw,1,0.00046,34.76,1,0.00046,34.89,2024-11-07,2024-11-08
BTC,14xRMuRjFZ1FXXc5RUNjhmAKLfBjBpdwhK,1,0.00023782,18.04,1,0.00023782,18.04,2024-11-08,2024-11-08
BTC,15DrBBvV4teXTfYMhhDM8v3ekTCjkgLMUC,1,0.00066801,50.48,1,0.00066801,50.67,2024-11-07,2024-11-08
BTC,16Xe76JR9R57pCd9wKokHZ1zwzfHJ3BEvp,1,0.00054134,40.91,1,0.00054134,41.06,2024-11-07,2024-11-08
BTC,179PMpbwJZMfAknKVmVUKx5E3184E2aNU4,2,0.00194737,149.58,2,0.00194737,154.17,2024-11-07,2024-11-12
BTC,1Pfg38HxTaDfZYN5UvsSLLazpFVP3vu5YT,2,0.00147316,121.5,2,0.00147316,119.63,2024-11-07,2024-11-15
BTC,1CrVoEe36JR9pnEnLtjC9kkvz1j7sVcG68,1,0.00026177,19.78,1,0.00026177,19.86,2024-11-07,2024-11-08
BTC,12XbujA2nyqMR6jnH6MvCBaH6nZdkBRoBZ,1,0.00021423,16.25,1,0.00021423,16.25,2024-11-08,2024-11-08
BTC,1DtdgRj4kkjhkjR8n97GPp3FYHaUbFX8BF,1,0.00028834,21.79,1,0.00028834,21.87,2024-11-07,2024-11-08
BTC,1JuvCT3dBd72JBPwCxyxp3n8Y2Sd2LPyLP,2,0.00128633,106.06,2,0.00128633,106.23,2024-11-07,2024-11-12
BTC,19jsoPbMmv1ciQQZGM74SPN1ksfykQ2XXR,1,0.00026328,19.97,1,0.00026328,19.97,2024-11-08,2024-11-08
BTC,14aS2XyWUkZixJcDtyumSUBphtTxW2oWMJ,1,0.00043281,32.71,1,0.00043281,32.83,2024-11-07,2024-11-08
BTC,177GJbpr5sy9DyGDWgHgHRsXHZaE7t5YTd,1,0.00040368,30.62,1,0.00040368,30.62,2024-11-08,2024-11-08
BTC,13sr1BnxqQ8MoMc1FpzakcsWjaxNYsjGZK,1,0.00026699,20.25,1,0.00026699,20.25,2024-11-08,2024-11-08
BTC,1MKtL8e66iqCBFKh29pQK9oTKKYzh1LfTM,1,0.00023312,17.62,1,0.00023312,17.68,2024-11-07,2024-11-08
BTC,1A7FT9Qxuvr3qKMdqgXRkKJHiE41MUrSVD,1,0.00018159,13.72,1,0.00018159,13.78,2024-11-07,2024-11-08
BTC,17fTHJuz6kqyWuU2wduJo6VgkRuo1pgbpy,2,0.00093439,73.31,2,0.00093439,73.31,2024-11-02,2024-12-15
BTC,1E3o5GprwX9L73JSHT23ZeZ2o42sxUBtuK,1,0.0006973,48.46,1,0.0006973,48.46,2024-11-02,2024-11-02
BTC,1HVimAHXc34NYvVDTDew41jhBknKPwZA6h,1,0.00071916,49.98,1,0.00071916,49.98,2024-11-02,2024-11-02
BTC,1C5s8FrQApWGYgBAmqLDyJFMZqtmJDsroN,1,0.00551758,383.45,1,0.00551758,383.45,2024-11-02,2024-11-02
BTC,1777BaSMsJC7nETVen21FzR6eief4Kda4m,1,0.00143804,99.94,1,0.00143804,99.94,2024-11-02,2024-11-02
BTC,13kstNJbaXmHMxwDdFm88NntiRMvPjSdvv,1,0.00043089,29.95,1,0.00043089,29.95,2024-11-02,2024-11-02
BTC,1NXNf3Wb6PsBECgK9KQAoDgkpBkaPJkAuX,1,0.0006504,45.2,1,0.0006504,45.2,2024-11-02,2024-11-02
BTC,1FEizA3RMcCYmnRXxjL5nsvvy7K9vCr2Jv,1,0.00025627,17.81,1,0.00025627,17.81,2024-11-02,2024-11-02
BTC,1LnMAPb3qXjvmTmiWMkU7sMdui5EFtgWcN,1,0.00081999,56.99,1,0.00081999,56.99,2024-11-02,2024-11-02
BTC,14LBV4arGucRzGRfUkKJ2whUY5htcddwr1,1,0.00051551,35.83,1,0.00051551,35.83,2024-11-02,2024-11-02
BTC,1N1j2VzAfP74aM6eTa4qYmPwLGdcG9a6L,1,0.00048133,46.68,1,0.00048133,47.28,2025-01-03,2025-01-05
BTC,1NBzK3MkSn3CHUFZitdEVfnJCmGqBKzBAi,1,0.00014215,13.79,1,0.00014215,13.96,2025-01-03,2025-01-05
BTC,1KWGtSUaH9kXkbSMdYNXWmGSHb3BJQvbx,1,0.00021488,21.11,1,0.00021488,21.11,2025-01-05,2025-01-05
BTC,1C67FLGFzbuVXsZnokDJCwbbnARNxtioLE,1,0.00023085,22.66,1,0.00023085,22.67,2025-01-04,2025-01-05
BTC,13qDxCm5uLe2rpw5SbbgvdxSRx9NBx2xKP,2,0.00026157,25.68,2,0.00026157,25.69,2025-01-04,2025-01-05
BTC,18gYbpJrasafSo9ASRzbkAdCeSscnwCjhR,2,0.00020482,20.11,2,0.00020482,20.12,2025-01-04,2025-01-05
BTC,1DBnDfX6DJcCXo7JRZDnGJdhKPT5hbUz6W,1,0.0003742,36.74,1,0.0003742,36.75,2025-01-04,2025-01-05
BTC,1ByBi6qUU1hfk2GPuz9gZNjc1U3iW1vd1o,2,0.00048562,46.57,2,0.00048562,46.54,2025-01-04,2025-01-12
BTC,147gvQHZp356KB4NaaRnUzKh7RikgMjuk4,1,0.00031405,30.46,1,0.00031405,30.85,2025-01-03,2025-01-05
BTC,13f81GUoj5h1vtTgZcZYVE96U97hbLWp3p,1,0.00046961,45.55,1,0.00046961,46.13,2025-01-03,2025-01-05
BTC,148zTwYttQ3tGQdPnAKxcDxkeRLyDnxrC7,11,0.00407764,394.78,11,0.00407764,396.7,2024-12-14,2025-01-07
BTC,12YPY3SVV8J3N6j9eBirLywSaGjZ7z5EWr,1,0.00045617,44.24,1,0.00045617,44.81,2025-01-03,2025-01-05
BTC,1PuVwqJFYA9AQ5VTnffRvdd45EWxsJfN25,1,0.00089939,88.3,1,0.00089939,88.34,2025-01-04,2025-01-05
BTC,1DUe953ZjsXgKEd9qX26eoctq5nLhxTGfX,1,0.00025551,25.1,1,0.00025551,25.1,2025-01-05,2025-01-05
BTC,1Giy7LfAwfHp79iqqyydi5XKDXcJHYsMDA,1,0.00026523,26.04,1,0.00026523,26.05,2025-01-04,2025-01-05
BTC,1MATtGForq1QxFXpiy8y93gH77Lc6MCHZu,1,0.00102077,100.21,1,0.00102077,100.26,2025-01-04,2025-01-05
BTC,1BMUyHYLJYaVR8BwsFyKW441S9FUaBxtjy,3,0.00207356,197.85,3,0.00207356,198.73,2025-01-02,2025-01-05
BTC,12d3L7cHhREHW533RoK2HySA3Jf54Qjzj9,3,0.00067964,65.52,3,0.00067964,66.75,2025-01-02,2025-01-05
BTC,1G83FUowDBEjbEvB4iBfoHPdZiWUfx4dF3,1,0.00058362,56.6,1,0.00058362,57.32,2025-01-03,2025-01-05
BTC,12ry1V64SboASh8BPhM39JASKqDrn7VCJX,3,0.00058562,57.52,3,0.00058562,57.55,2025-01-05,2025-01-06
BTC,14htBAXeERG6iGx1WTbZzLPs5bU4EZcLcP,1,0.00026333,25.54,1,0.00026333,25.86,2025-01-03,2025-01-05
BTC,19kYwbV1cRFFxEyuY7f81jmHFYCX9wGfE7,1,0.00010232,10.05,1,0.00010232,10.05,2025-01-04,2025-01-05
BTC,17rH9U1hP4Us9axfFfRvFY8CXs3UafZBUk,1,0.00012439,12.06,1,0.00012439,12.22,2025-01-03,2025-01-05
BTC,1EDQHA3mdAFPtLPzt9akGp4ETsmV6TTyQF,1,0.00036242,35.58,1,0.00036242,35.6,2025-01-04,2025-01-05
BTC,1JQTXVBFgMjtSmSA8wpmeVs3eusvCvXCHR,2,0.00020758,20.27,2,0.00020758,20.39,2025-01-03,2025-01-05
BTC,1FtihHxETMQx22F657ep5W6ENJNEA7pwm3,1,0.00060999,59.91,1,0.00060999,59.91,2025-01-05,2025-01-05
BTC,1K9u3Mw25TS3bM4JE7wMsXfmYH1iBeXSDp,1,0.0002314,22.72,1,0.0002314,22.73,2025-01-04,2025-01-05
BTC,1FjSjABUd8kptYH4roxyfxDdWAaZ9fPqhx,1,0.00018409,18.07,1,0.00018409,18.08,2025-01-04,2025-01-05
BTC,199jnY9WMFJwAthm7PgwQd23U2dbxaaAAp,1,0.00041244,40.49,1,0.00041244,40.51,2025-01-04,2025-01-05
BTC,1Fwkq17RwJMJbyFRjss82awFZrZKjRht8f,1,0.00046097,45.26,1,0.00046097,45.28,2025-01-04,2025-01-05
BTC,174eitx3JAkxmbkFMm2b3YiZ6tXkDdg73p,1,0.00021749,21.09,1,0.00021749,21.36,2025-01-03,2025-01-05
BTC,1MUiQ3APPBedDNsJStKporCco84ScSCLHX,4,0.00092433,90.46,4,0.00092433,91.23,2025-01-03,2025-01-07
BTC,15gKGKzbMHDrYp5rR28P5YEAaFSKKtQTJp,1,0.00045755,44.38,1,0.00045755,44.94,2025-01-03,2025-01-05
BTC,1Jm3Az8UffvKpwSPFRyZWDz4Qkta6b6bY1,1,0.00021428,20.78,1,0.00021428,21.05,2025-01-03,2025-01-05
BTC,1PWuLrab1kmfVZXavpJdyRxGYZbwrspeb,1,0.00026466,25.67,1,0.00026466,26.0,2025-01-03,2025-01-05
BTC,1LToVzKX6yd4JKcviioMW2pd5kacjsW7Qz,1,0.00067331,65.3,1,0.00067331,66.13,2025-01-03,2025-01-05
BTC,1JwEKmykgoFHdTqbFveggq35rfYpR9T5Xh,1,0.00019291,18.94,1,0.00019291,18.95,2025-01-04,2025-01-05
BTC,18qMyZonLVNekSmd1hnyg6aat8VKqA8Xov,1,0.00050558,49.03,1,0.00050558,49.66,2025-01-03,2025-01-05
BTC,1LuRHsNnxQBWJuam5s1BhXKgyyg8sGHALm,3,0.0077,766.64,3,0.0077,772.7,2025-01-03,2025-01-18
BTC,1MW8WCgM9Yni4YtvJXU1f34XR7r6SoQcgD,1,0.00046249,45.43,1,0.00046249,45.43,2025-01-05,2025-01-05
BTC,1EuPLwNsYDx5csNyifL1a7MbH2Ryuksvc6,4,0.00166195,158.59,4,0.00166195,164.51,2025-01-02,2025-05-10
BTC,197ywPhDdd8xrSqVx535jkQ98pqgd91Fim,1,0.00023103,22.69,1,0.00023103,22.69,2025-01-05,2025-01-05
BTC,1LdF6TT1qACWQeoF5kpLodS7UnYQnE2Cxy,1,0.00025902,25.12,1,0.00025902,25.44,2025-01-03,2025-01-05
BTC,1NfLHPUQggpTzJitog6HWkQ5mYdNQhpcEa,1,0.00398122,386.12,1,0.00398122,391.04,2025-01-03,2025-01-05
BTC,14sk38w3gmfwnrcQcnnpvq4mvJkM1TtqaK,1,0.00102116,99.04,1,0.00102116,100.3,2025-01-03,2025-01-05
BTC,1BAS4xxamfFp8xD98QtQRH5R3sYP8mGgR4,2,0.0016143,154.12,2,0.0016143,154.85,2025-01-02,2025-01-05
BTC,1KyCTdGiuF2ASkKFt8QPsMa65nvBvE9sJ2,1,0.00026478,26.01,1,0.00026478,26.01,2025-01-05,2025-01-05
BTC,18Cqbf8WaMSu8M7UFEG3SgiUoGPWSvbyPV,1,0.00036171,35.08,1,0.00036171,35.53,2025-01-03,2025-01-05
BTC,1JF3MZeiVEFriAKkNNxaezX4RuFa33rVk2,1,0.00025831,25.05,1,0.00025831,25.37,2025-01-03,2025-01-05
BTC,1ELgNUQjH2aytHMWSiV5wvxU7brzaxCMD2,3,0.00554791,488.69,3,0.00554791,490.2,2024-11-10,2025-01-06
BTC,14PMapRrh6ms24qMYXVSDQi98wTrECvtk9,1,0.00013454,13.05,1,0.00013454,13.21,2025-01-03,2025-01-05
BTC,1NHLAKPmTzQpk3RGmH7aqmDc8EuqSTZaVX,1,0.00159658,154.84,1,0.00159658,156.82,2025-01-03,2025-01-05
BTC,1LNx9zvAeJhQMVXCt5sHYEaSwuNZdvPUXc,2,0.00053092,51.89,2,0.00053092,51.62,2025-01-05,2025-02-14
BTC,1PY5i52Fjtu8STAo21hrYfoGdQRZvt78p7,1,0.00050868,49.96,1,0.00050868,49.96,2025-01-05,2025-01-05
BTC,12PBzkK7TAE9mkmXaVp3XvejwEh8kLY7Kb,1,0.00037888,37.2,1,0.00037888,37.21,2025-01-04,2025-01-05
BTC,1PzFUSAQddGr3x4MmiFtWHpp9oZivn1SC7,2,0.00029846,29.08,2,0.00029846,29.31,2025-01-03,2025-01-05
BTC,1GB9PTifsWiu4q41kvqiKmDJYD9YiYSzQS,1,0.00018641,18.3,1,0.00018641,18.31,2025-01-04,2025-01-05
BTC,19ozd9mjqesdX32RDQUsHaCMmvM1NHr9gj,2,0.00057655,56.6,2,0.00057655,56.63,2025-01-04,2025-01-05
BTC,1BzrNuUDYKwKffKy9ucibAboKgB9XtPtnp,1,0.00109544,106.24,1,0.00109544,107.59,2025-01-03,2025-01-05
BTC,1JTTSdf7NYx2WrDisu6qU8k6FRv6oqzSky,1,0.00095609,92.73,1,0.00095609,93.91,2025-01-03,2025-01-05
BTC,1NStFTTunwXV9Y1ubXCmcZxNL7Hswb4Zn5,1,0.00028591,27.73,1,0.00028591,28.08,2025-01-03,2025-01-05
BTC,1QCXDau7LGKRow8Nf32VPVsk4sBGouTBb4,1,0.00016568,16.07,1,0.00016568,16.27,2025-01-03,2025-01-05
BTC,1CBSBz3TyXrbFzwctycXm5P8bX3pnDcPLP,1,0.00096548,94.79,1,0.00096548,94.83,2025-01-04,2025-01-05
BTC,175v6qq8aV1feV8YvX7xoCm9JbwKDLqzwN,1,0.00025091,23.73,1,0.00025091,24.64,2025-01-02,2025-01-05
BTC,1GUJWQPPDofiEJvJW6KRK6PA7Rkv82ZR1f,1,0.00026836,26.03,1,0.00026836,26.36,2025-01-03,2025-01-05
BTC,19YnExizaU9eZjgvbgH7vBNUwAhnc15WmE,1,0.00016516,16.02,1,0.00016516,16.22,2025-01-03,2025-01-05
BTC,19jWPeFYw5oGSujiaQzrivqirwzF43t9SE,1,0.00016333,16.03,1,0.00016333,16.04,2025-01-04,2025-01-05
BTC,1N4sSRzy1cX3kERXN7BKB9eqYMPQLVR75g,1,0.00035646,34.57,1,0.00035646,35.01,2025-01-03,2025-01-05
BTC,1PSAKKpihWmCYBVxWrK5qDr47c7Jk2XKMq,1,0.00016451,15.95,1,0.00016451,16.16,2025-01-03,2025-01-05
BTC,1Gkx2nmSrYGNKA3P73EvqrnFN4rLChyhgg,1,0.00019803,19.21,1,0.00019803,19.45,2025-01-03,2025-01-05
BTC,1DkanJTc9dVy1emte4tBs4XSefMiD6ZAE9,1,0.000981,95.14,1,0.000981,96.35,2025-01-03,2025-01-05
BTC,136DamB3jrL8D59dfHpPoqynhimTNKQHg8,3,0.00210039,201.74,3,0.00210039,199.38,2024-12-31,2025-01-11
BTC,1K7fwWPpkCnsguuBNZdnRQf5aSJGixiM1q,1,0.00064808,62.85,1,0.00064808,63.65,2025-01-03,2025-01-05
BTC,129FYhtDLTseo1vkKW7khqdh5k1chgbgPk,1,0.00102487,99.4,1,0.00102487,100.66,2025-01-03,2025-01-05
BTC,1FTbrki64YnJVQwappsHZCcubyf5RvPp5Y,1,0.00028048,27.55,1,0.00028048,27.55,2025-01-05,2025-01-05
BTC,1Gr7qvQLJJHrMyXTPEJ6BjxFo1aQbGRFVU,1,0.00014813,14.55,1,0.00014813,14.55,2025-01-05,2025-01-05
BTC,1BJd168KvwYuszeLaGvBXfdawVLVP3oki9,2,0.0028,273.94,2,0.0028,273.98,2025-01-04,2025-02-03
BTC,1Gu7sb7PihCZh2oo3KWSGPeFzAUTsn1R8y,2,0.00053464,52.51,2,0.00053464,52.51,2025-01-05,2025-01-05
BTC,147ZvyWGPei8vxRCbkPFMuxLuGf8KeVE6s,1,0.00122863,120.62,1,0.00122863,120.68,2025-01-04,2025-01-05
BTC,1Akv75SuofjALR9327tCbCgpTtRFeBbwgV,2,0.0017,162.02,2,0.0017,163.11,2025-01-01,2025-01-05
BTC,1B6dSi4sTUyJsPZAMqN4AX4kJN1zuXBU3u,1,0.00012245,8.09,1,0.00012245,8.09,2024-10-15,2024-10-15
BTC,1KxpzL32K7AkTJFwFMzCgoSZhLorXVxTwd,1,0.0006675,41.97,1,0.0006675,44.11,2024-10-14,2024-10-15
BTC,14o1xpMu2ZL1HHF637Wpe1Auix2EKhmoKq,2,0.00089205,70.94,2,0.00089205,70.42,2024-10-14,2024-11-15
BTC,16M29RDaCbiM5H669UtcvYBfPuUeregtLD,1,0.00055924,35.16,1,0.00055924,36.96,2024-10-14,2024-10-15
BTC,1AcCws31B4S9HhFUNSaSdMECir1nTy9fSs,1,0.00079602,52.6,1,0.00079602,52.6,2024-10-15,2024-10-15
BTC,12Ufm3yaU9agLXSNKRhZTTsQrMJo6vEeaV,1,0.00039364,26.01,1,0.00039364,26.01,2024-10-15,2024-10-15
BTC,17BjxaE9You5pDM5fG8QdCvBdfr6koMynL,1,0.00046218,29.06,1,0.00046218,30.54,2024-10-14,2024-10-15
BTC,1CWp8mwgjeCcrrDiXqscGspsLGCq96347j,1,0.00105587,69.78,1,0.00105587,69.78,2024-10-15,2024-10-15
BTC,1McGREwn71ZBRDUBGpqgWFCZLesqcZoDKy,1,0.00094875,59.65,1,0.00094875,62.7,2024-10-14,2024-10-15
BTC,1nfPz8PYMY5otAs21iGJsLNziiCNSX7kj,1,0.0007611,50.3,1,0.0007611,50.3,2024-10-15,2024-10-15
BTC,1Ms1cEFqHcWKzL1rp1E3SojTUSaTxfiTEQ,1,0.00030511,20.16,1,0.00030511,20.16,2024-10-15,2024-10-15
BTC,1B15kjqmLe58YnjNAz9LRANNkaLy4SHidh,1,0.00032012,21.15,1,0.00032012,21.15,2024-10-15,2024-10-15
BTC,12r1RXfEj1sCGYuGQ5rpsyPFwRXDJEmJkk,3,0.00464514,382.71,3,0.00464514,374.19,2024-10-15,2025-03-19
BTC,14KJFqHx77Ut3phz4J83JmjMDiLmMoqVco,1,0.00098826,65.31,1,0.00098826,65.31,2024-10-15,2024-10-15
BTC,1GszkqRraxSpYfFnFbRTB6wohk5kypod39,1,0.00046167,29.03,1,0.00046167,30.51,2024-10-14,2024-10-15
BTC,18TtMWnJZWpy68BpiZmKAeoqqoCCep2ayN,1,0.00030238,19.98,1,0.00030238,19.98,2024-10-15,2024-10-15
BTC,1GExk5dUnf2BTcVjRLkEg4oT8NRXFqu4kX,1,0.0029788,187.28,1,0.0029788,196.85,2024-10-14,2024-10-15
BTC,1C7uatGtfrY81EMFGmWHoDQRJ2tCJPUVbN,1,0.00141576,93.56,1,0.00141576,93.56,2024-10-15,2024-10-15
BTC,1MJfDsnu3wduuEWJXB9wLUydXyqxH1ZJuN,1,0.00053027,35.04,1,0.00053027,35.04,2024-10-15,2024-10-15
BTC,1E6ibWDkzBfEBexB2gKLN4Z5NBtHEfmhMh,1,0.00054552,36.05,1,0.00054552,36.05,2024-10-15,2024-10-15
BTC,1CF24HwCezSWRJiaayWcEHJe5p2L7WzsDj,1,0.00081097,53.59,1,0.00081097,53.59,2024-10-15,2024-10-15
BTC,1P8FivV4vE3zX1HzuqD44ip2thDUpmhaLY,1,0.00037237,24.61,1,0.00037237,24.61,2024-10-15,2024-10-15
BTC,1JgvkxD2eHDeLusPY5T93XVWPfx4DWs8pn,1,0.00214837,141.97,1,0.00214837,141.97,2024-10-15,2024-10-15
BTC,1ABpWyLYJisGXcKhsj81c2ajy29UcBz8qh,1,0.00095506,63.11,1,0.00095506,63.11,2024-10-15,2024-10-15
BTC,1JJiq4BSaEAdECApCfsYGnNUez5Uc38aKx,1,0.00084272,55.69,1,0.00084272,55.69,2024-10-15,2024-10-15
BTC,1FZGw4B8GvENAxkeykjUxYALRHW1qA7PK4,3,0.00210134,138.86,3,0.00210134,138.86,2024-10-15,2024-10-15
BTC,1A7WHgiz9U3GCigfcXCkD9DPDouyozezT2,1,0.00025718,17.0,1,0.00025718,17.0,2024-10-15,2024-10-15
BTC,1BzARghbXpN19RJbT8Da825mZMSYX2QvhY,1,0.00150416,99.4,1,0.00150416,99.4,2024-10-15,2024-10-15
BTC,12i3A2cFccuNVFxG7mhiPy1ceTRi4RtpTH,1,0.001512,99.92,1,0.001512,99.92,2024-10-15,2024-10-15
BTC,155JsieDWg54huWqHapXsV2TJWSUcfwXCf,1,0.002216,146.44,1,0.002216,146.44,2024-10-15,2024-10-15
BTC,1Dd2UfnkEkC6ibLP9LZL7TWc5wE6ce7UAy,3,0.00203181,149.22,3,0.00203181,148.11,2024-10-15,2025-04-10
BTC,13tCQ3b6K9kAucmiKnw9JCGMEvASxNwajV,1,0.00015491,10.24,1,0.00015491,10.24,2024-10-15,2024-10-15
BTC,1Bdy8kLbScoduTa9FwzJFNCwc7ZCpd2nCw,2,0.00066631,50.92,2,0.00066631,52.24,2024-10-15,2025-05-10
BTC,1JdzPAz3ruhFKhtrnX5XvZsWbGoFv5Ajm,1,0.00024135,15.95,1,0.00024135,15.95,2024-10-15,2024-10-15
BTC,15pUj1LrhR4AknF4h8si1LLXfpzoY2HPc5,1,0.00082443,54.48,1,0.00082443,54.48,2024-10-15,2024-10-15
BTC,15i2Wx3gmpL5VfwHBF73eGS2X6ZBmCESRb,1,0.00062456,41.27,1,0.00062456,41.27,2024-10-15,2024-10-15
BTC,16CSmjXyR5VfvdRUbCuakWkAmFxVbW5eff,1,0.00070139,46.35,1,0.00070139,46.35,2024-10-15,2024-10-15
BTC,14KNWUCcVRgSDVNqWPWPRyaiE6T7mT37je,3,0.00104428,100.84,3,0.00104428,104.95,2025-01-15,2025-01-16
BTC,1BUKBWbjzeirJSoJkWqTRL9nctTXsoePfi,1,8.394e-05,8.11,1,8.394e-05,8.44,2025-01-15,2025-01-16
BTC,19QBscgWfYjsQuMTCZhi7oGCw6YSQQWJh9,1,0.00046828,45.22,1,0.00046828,47.06,2025-01-15,2025-01-16
BTC,1GiCDLexJAsN6wWuPodTgcVNiwUyXLGSCw,1,0.00024917,25.04,1,0.00024917,25.04,2025-01-16,2025-01-16
BTC,1P26hGADjM7x8RrViSzAUCxtsMAyZt49KC,5,0.000385,38.16,5,0.000385,39.4,2025-01-15,2025-01-18
BTC,154Q4PAUyRHUUxY19E3wfLLvXfEd9jn9md,1,0.00045736,44.16,1,0.00045736,45.96,2025-01-15,2025-01-16
BTC,18JcLGWttVC7vsBznecazR3zsnTHB4gBee,1,0.00107951,102.05,1,0.00107951,108.49,2025-01-14,2025-01-16
BTC,14GMfCgr4yJGXKU53o8vUKrk8pKGEbZLLu,2,0.00061809,59.47,2,0.00061809,62.12,2025-01-14,2025-01-16
BTC,1Haxq5e9P2DvWiJh1e3oBwmJnDJrku1DWp,1,0.00031014,29.95,1,0.00031014,31.17,2025-01-15,2025-01-16
BTC,1BWsPtRVzohF7oHi14RceewwKshThUgkNB,1,0.0009198,92.44,1,0.0009198,92.44,2025-01-16,2025-01-16
BTC,1KyDLVgH5oErMKFdHQgofWv4TpUurjVKR5,1,0.00032988,31.85,1,0.00032988,33.15,2025-01-15,2025-01-16
BTC,1FV1J7YisT55VvrQ5UtX22RJACsYhZMSSq,1,0.00051078,49.32,1,0.00051078,51.33,2025-01-15,2025-01-16
BTC,1ANz4E68qUxEhaL2TbmPsu99VhWW9sk6SM,1,0.00045687,44.12,1,0.00045687,45.91,2025-01-15,2025-01-16
BTC,1JtXrQxGYoVfnWUkEz9jYDUhtZC7Hsq6yy,1,0.00075212,72.63,1,0.00075212,75.59,2025-01-15,2025-01-16
BTC,1PvUST6Us2q7DXtcj2kS8XgsPo7vxfhGgw,1,0.00034869,33.67,1,0.00034869,35.04,2025-01-15,2025-01-16
BTC,1LDukfb82boXysVi5io9CCFexjBExiZdeN,1,0.00070543,68.12,1,0.00070543,70.89,2025-01-15,2025-01-16
BTC,1N5bFRuQorzmtxogEKQEv6Q65knYw8MU7Y,1,0.00097478,92.15,1,0.00097478,97.96,2025-01-14,2025-01-16
BTC,1A8zH4d92fvAwqw2vUvX5Gtxy7k9yqn68L,4,0.002789,272.64,4,0.002789,275.18,2024-12-08,2025-01-16
BTC,125TwqzbTkxMPvJR4gqVdKQA7Pjrd8KA2G,1,0.00233419,234.58,1,0.00233419,234.58,2025-01-16,2025-01-16
BTC,1zyjmhSgwFX3ViFxjHujh7jDZWVwhAcy3,1,0.00042708,41.24,1,0.00042708,42.92,2025-01-15,2025-01-16
BTC,1NsTCz821yT2mQyLPNcyVAKfamy5emJeVJ,1,0.00111662,107.82,1,0.00111662,112.22,2025-01-15,2025-01-16
BTC,1K9Ph4HmsTu5FH3LCwah7A4nYqRrL5muQE,1,0.00065383,63.13,1,0.00065383,65.71,2025-01-15,2025-01-16
BTC,12mmwQ9SovFZbmMwf4UoQVwZF6wit1fLtF,1,0.00082569,79.73,1,0.00082569,82.98,2025-01-15,2025-01-16
BTC,1HwRMFR7E43FkqtDdWYBPdPiYBa6fUp7sD,1,0.00143446,138.51,1,0.00143446,144.16,2025-01-15,2025-01-16
BTC,1LwFzY9ZA26nB24PAVjTGPoWryTLXnHStk,1,0.00036004,34.77,1,0.00036004,36.18,2025-01-15,2025-01-16
BTC,1BCuPvQcwP18MGTvjc5E3XJDJDrruRgRYa,1,0.00027874,26.92,1,0.00027874,28.01,2025-01-15,2025-01-16
BTC,12rkgTgyKVqNuEN7oamPftrDu7Gw9YHtZn,1,6.122e-05,6.15,1,6.122e-05,6.15,2025-01-16,2025-01-16
BTC,1DqmvuYFbgpXMzyyMb4UpWZPF8KsED2ysE,1,0.00087,87.43,1,0.00087,87.43,2025-01-16,2025-01-16
BTC,16QKgsgSmGjHsCdozsLZCWNLwt4oWSFASn,1,0.0004561,44.04,1,0.0004561,45.84,2025-01-15,2025-01-16
BTC,1sAH5W68kUeqvtcgg45n66ZEWLN8ohJzV,1,0.00032833,33.0,1,0.00032833,33.0,2025-01-16,2025-01-16
BTC,1EDcWhGzjeZXMg9PeiBHQZUo4KGda8GAW3,1,0.00042901,40.56,1,0.00042901,43.11,2025-01-14,2025-01-16
BTC,13ohYPCrizZAcaDZfspKnwEbfv4CXEbCtr,1,8.554e-05,8.6,1,8.554e-05,8.6,2025-01-16,2025-01-16
BTC,1H6sEgsgkMRnjAY1GXnbR547N9h3kVRJ86,1,0.00015067,15.14,1,0.00015067,15.14,2025-01-16,2025-01-16
BTC,173vYU5CBg8n2XQGbYZZutuMZ4Sp2nEVYb,1,0.00021577,20.83,1,0.00021577,21.68,2025-01-15,2025-01-16
BTC,12mexTGc1JeAPZ7J9dudMdkNZjutx7XxYd,2,0.0005211,52.37,2,0.0005211,52.37,2025-01-16,2025-01-16
BTC,15D4tWwZckZhxb2WJyh7mqwaEc7DtpGHk7,1,0.00012642,12.7,1,0.00012642,12.7,2025-01-16,2025-01-16
BTC,1D8Qn2XB2VM28AyPqGMGcnD74Qx6FEyMa4,3,0.0014778,144.67,3,0.0014778,146.7,2025-01-11,2025-01-18
BTC,1Cv5Yhq5EUqyhrce1DRBeNGJwnidJYxLSC,1,0.00016188,15.63,1,0.00016188,16.27,2025-01-15,2025-01-16
BTC,1KUq3kXYBKoWkjundrcdF4mwkDwD9RrVK6,1,0.00023255,22.46,1,0.00023255,23.37,2025-01-15,2025-01-16
BTC,1GEZMX9tNiH1SwNHEqQw31tjFAQiVzsCj6,1,0.00019988,19.3,1,0.00019988,20.09,2025-01-15,2025-01-16
BTC,1GScvAP7s55LgvKsaffbVNuYductQhVjC6,1,0.00072045,72.4,1,0.00072045,72.4,2025-01-16,2025-01-16
BTC,1KsmXDYq53RqwFpBSRdZaweoYNihZsMAf2,1,0.00016221,15.66,1,0.00016221,16.3,2025-01-15,2025-01-16
BTC,158Q7kmfvsqByajBeWCL64bp7LsqAF6UYQ,1,0.00041452,40.03,1,0.00041452,41.66,2025-01-15,2025-01-16
BTC,18nmcLjCtZdUcaNxbYhEJhJWjGgW4PLjhM,3,0.00107802,101.12,3,0.00107802,101.31,2025-01-15,2025-05-03
BTC,1MiqBgYAGadVB4djqcShVG3FPsfx3qA3cn,2,0.00036963,34.96,2,0.00036963,34.96,2025-01-02,2025-01-02
BTC,1LRzuxbkAinjjknSpvJ7KUejtzpqHSrCAd,2,0.00066462,62.19,2,0.00066462,62.87,2025-01-01,2025-01-02
BTC,1BcfV9RxKPvJwv9jYqggAipYwEckKMpees,3,0.00035319,33.41,3,0.00035319,33.41,2025-01-02,2025-01-02
BTC,1HGLJ9U4i8xJp9E1DAa6EVFoHKakL1BV3e,2,0.00053906,50.5,2,0.00053906,50.4,2024-12-30,2025-01-02
BTC,12JzhUNxYHyU7wa4tL2SBMQhhPwu1dGaCQ,1,0.00015327,14.5,1,0.00015327,14.5,2025-01-02,2025-01-02
BTC,16DZt8PhwWe5EjFWUeBPN78dsTrTMc1GCR,3,0.00097973,94.25,3,0.00097973,94.01,2025-01-01,2025-02-19
BTC,1NG11YSBY4JoAREwWZMSL5qgcEDhpbuAis,3,0.00056007,52.18,3,0.00056007,52.98,2024-12-31,2025-01-02
BTC,1DP9tLcGK8tSvDorda3Ao26B1nuoHEXu16,1,0.00020465,19.15,1,0.00020465,19.36,2025-01-01,2025-01-02
BTC,1Lnu3mpHyrui4udPzR4FVa2YHX3BPDMA5Z,1,0.00017084,16.16,1,0.00017084,16.16,2025-01-02,2025-01-02
BTC,1LvmeiFodt7xQZf1jSMo5H4DyD2tT95BVG,1,6.707e-05,6.34,1,6.707e-05,6.34,2025-01-02,2025-01-02
BTC,1QArMbWidMb3CqTbwX5ajjwnB1BKShySnF,2,0.00120699,114.17,2,0.00120699,114.17,2025-01-02,2025-01-02
BTC,1GdWvRerhaKVspc74PDiKNcMu1HBDrN6yt,1,0.00125817,119.01,1,0.00125817,119.01,2025-01-02,2025-01-02
BTC,1KaUWmBJ5ajrmyQGZCu8J8EA1f29M7jo3S,1,0.00048473,45.36,1,0.00048473,45.85,2025-01-01,2025-01-02
BTC,1BDDkqDd2w5vYHvguntDq7eKQoNfsMoav8,2,0.00032541,30.78,2,0.00032541,30.78,2025-01-02,2025-01-02
BTC,1CVY8E2kqkESDfdFxhDcnwdwL4DhyovoDz,1,0.00025967,24.56,1,0.00025967,24.56,2025-01-02,2025-01-02
BTC,1XAdn9EH65WMFkoL21hoYJFt8YES77Czw,1,0.00028221,26.69,1,0.00028221,26.69,2025-01-02,2025-01-02
BTC,1BfrSFsH1Upum3ASUUWGfN9iRMAC7TxqUt,1,0.00026434,25.0,1,0.00026434,25.0,2025-01-02,2025-01-02
BTC,167PZyWtuzbTW6n8UZwvGbWUZTgU29BWXs,1,0.00048066,45.47,1,0.00048066,45.47,2025-01-02,2025-01-02
BTC,1GQXThdDbxtvAYhTqasmQrHrp7sgBep1TT,1,0.00155,145.04,1,0.00155,146.62,2025-01-01,2025-01-02
BTC,16AxpMPT5iWqNKgpg6ue1yijho5iiBfeNh,1,0.00045335,42.88,1,0.00045335,42.88,2025-01-02,2025-01-02
BTC,19bUKx5rhXbnPJ6rvMTn9WaeeTZqVoWWwr,1,0.00027561,25.79,1,0.00027561,26.07,2025-01-01,2025-01-02
BTC,1NQQgj2pPdjQKmEGWRFHqRBojNe1upMaCw,1,7.478e-05,7.07,1,7.478e-05,7.07,2025-01-02,2025-01-02
BTC,1A88Gxme36WowpWMUJ9WWGEzpP4gmwKBPb,2,0.000269,25.11,2,0.000269,25.11,2024-12-31,2025-01-02
BTC,1ADsRK4fLeBvRNJW6xMMdLgN4o696gGMKB,1,0.00027496,26.01,1,0.00027496,26.01,2025-01-02,2025-01-02
BTC,1AAfMrUmT4jMjgYCh3yH3cZvWJULaLSUs2,1,0.00023927,22.63,1,0.00023927,22.63,2025-01-02,2025-01-02
BTC,1Kcmz81wYtKV5At5s45HW3tzY35qdYCb5R,1,0.00037894,35.84,1,0.00037894,35.84,2025-01-02,2025-01-02
BTC,15QTzePxJPcrYeYkEc2GfPNwf7RPMNQSUz,1,0.00023416,21.91,1,0.00023416,22.15,2025-01-01,2025-01-02
BTC,1J2tKyUQeaXXTgtXM8kkvBh6f8GL2JJ96r,1,0.00026711,25.0,1,0.00026711,25.27,2025-01-01,2025-01-02
BTC,17eMMKC7Ghuvua2J92XoVvVkd2BD9E3kXi,1,0.00038088,35.64,1,0.00038088,36.03,2025-01-01,2025-01-02
BTC,199mEDCiegkMwjC6g6zeBDzLiCMaETGJJk,2,0.00078829,77.13,2,0.00078829,74.4,2024-12-26,2025-01-02
BTC,16kFXayyY4pzBa3o8Dn3RUbjYstj6C5jwD,1,0.00162864,152.4,1,0.00162864,154.06,2025-01-01,2025-01-02
BTC,1ogiwrRq46v6VqedpkmqruPJQP8LGcPhT,3,0.00064437,63.41,3,0.00064437,62.45,2025-01-01,2025-01-11
BTC,1PfSvrdQjXbrYL2FRLzqDGuCxgpiEVK6bj,1,0.00014044,13.28,1,0.00014044,13.28,2025-01-02,2025-01-02
BTC,1NCtrTtfDFSXeEbtE8XPfmBJBppmmkJiUT,1,0.00048589,45.47,1,0.00048589,45.96,2025-01-01,2025-01-02
BTC,1Mq5GM98YJ3nxYzTKdRFMxdeapz9AqL8jQ,1,0.000267,24.98,1,0.000267,25.26,2025-01-01,2025-01-02
BTC,1Q18EbBpkQBt5JMF7T2C4FL45SNyehg7cC,1,0.00018818,17.61,1,0.00018818,17.8,2025-01-01,2025-01-02
BTC,1Q5h9uB27BpkTBWCmqhoR6t31GgnHRoV7K,1,0.00048056,45.46,1,0.00048056,45.46,2025-01-02,2025-01-02
BTC,1JGZYaaMkkAhrzDunnVYyAKdHfFL9gUraq,3,0.00160692,149.88,3,0.00160692,150.89,2024-12-31,2025-01-02
BTC,1JE27kf4kwLSdNSnPu5Djp7AtvPFPPqaj6,1,0.00021442,19.9,1,0.00021442,20.28,2024-12-31,2025-01-02
BTC,14hYSBqv9a3dcWCCyQE5fS8H6mGCFw8gGb,1,0.00014115,13.35,1,0.00014115,13.35,2025-01-02,2025-01-02
BTC,1DDrNDqDWnLkSE3KGkvWeCWhaK2ZYDjiGA,1,0.00020821,19.69,1,0.00020821,19.69,2025-01-02,2025-01-02
BTC,1EqdadriXM1zDF4JdU3DNRs2p6w2xnWg9e,1,0.00027384,25.41,1,0.00027384,25.9,2024-12-31,2025-01-02
BTC,15xoeqQdBuPyA2oXq7nP92N9tREQZsKdPu,1,0.00027438,25.95,1,0.00027438,25.95,2025-01-02,2025-01-02
BTC,14P5PxP1SFx3KyiT7VMb7S7H9Ym7DxhpPV,1,0.00096773,91.54,1,0.00096773,91.54,2025-01-02,2025-01-02
BTC,1Jf86XgP1wVCGe9moUerqSBwrX5LPNjKjk,1,0.00019068,18.04,1,0.00019068,18.04,2025-01-02,2025-01-02
BTC,13bTP7DZjc73QDph5zPEpemaWD2dByUaX4,1,0.001,93.58,1,0.001,94.59,2025-01-01,2025-01-02
BTC,16fDTA2c2zxgNJF8qPVjXhd7SbD41ofCYB,1,0.00017526,16.58,1,0.00017526,16.58,2025-01-02,2025-01-02
BTC,1KFdydnSB5j9gN6aH5nYUTN6gCbNHHJm9X,1,0.00037988,35.55,1,0.00037988,35.93,2025-01-01,2025-01-02
BTC,1JGp9nmhKj1kQj6P5SMuZJixwNfJxsazwo,1,0.00020013,18.93,1,0.00020013,18.93,2025-01-02,2025-01-02
BTC,1M2jmJuxLeFSupcMpkdVP3VSuQ52mXYHwj,1,0.00102943,97.38,1,0.00102943,97.38,2025-01-02,2025-01-02
BTC,16rK6SuHqTTo6YmyntotD2PDi2ZMFxE4Rr,1,0.00017213,16.28,1,0.00017213,16.28,2025-01-02,2025-01-02
BTC,1Ds9QSL5XvZaNGNsJ7trbNfZedEEZunhUQ,9,0.0025355,235.27,9,0.0025355,235.27,2024-12-31,2024-12-31
BTC,1DmUBHS9SY6VDCAf146WqFRZUPP9M4cHAy,1,0.00023294,21.61,1,0.00023294,21.61,2024-12-31,2024-12-31
BTC,1DUBgPfH5LgX5kMULCWgoYbHqW4QAAmAWX,1,0.00057277,53.15,1,0.00057277,53.15,2024-12-31,2024-12-31
BTC,13fKmTP72BirwMoqFqEYRR1RL2KWDLxMBE,1,0.00063887,59.89,1,0.00063887,59.28,2024-12-30,2024-12-31
BTC,1Lk2Zz5EikvURWNqyEZvXPbEh5r9j1nm4u,6,0.00212693,209.07,6,0.00212693,209.56,2024-12-07,2025-02-05
BTC,1FRJVrhMRarskn9vFDUKEtsmBJd68RhMqK,1,0.00042265,39.22,1,0.00042265,39.22,2024-12-31,2024-12-31
BTC,19Jf9CYpxS5Hhb75NZNdLL7XAezoKtG2KM,1,0.00026394,24.49,1,0.00026394,24.49,2024-12-31,2024-12-31
BTC,14cr29fXUpKNwt4tBdeEyyCBy6xkanY4hd,1,0.00070273,65.21,1,0.00070273,65.21,2024-12-31,2024-12-31
BTC,1CshtZ8HhpxBdERZH34y17dq8bPmbrEAgh,1,0.00025,23.43,1,0.00025,23.2,2024-12-30,2024-12-31
BTC,1Fix6kKpHPonp78EwojmyYzNhnbuyCUYVG,1,0.00048056,45.05,1,0.00048056,44.59,2024-12-30,2024-12-31
BTC,1JxH8sNSWnwqPahUWiihDJrv6DMjSUpN3N,1,0.00027873,26.13,1,0.00027873,25.86,2024-12-30,2024-12-31
BTC,1NwMJegXsFBCJtArMAh1PpK1hqeYkT5oA6,1,0.00013008,12.19,1,0.00013008,12.07,2024-12-30,2024-12-31
BTC,1Gz6hk2w9v6osWkLoypH6i9ckPtq6TULyg,1,0.00049312,45.76,1,0.00049312,45.76,2024-12-31,2024-12-31
BTC,1ETULMokTRPNGNZCSq4QpzEUsJcY5qT9bt,1,0.00018898,17.54,1,0.00018898,17.54,2024-12-31,2024-12-31
BTC,12K5Y312DDuhtjaVyzgvj2NiEQ21mQpcXa,1,0.00013099,12.28,1,0.00013099,12.15,2024-12-30,2024-12-31
BTC,1goW3rM1NxFMDratfZRKXJRc5KqmanrLW,2,0.00110295,103.39,2,0.00110295,102.34,2024-12-30,2024-12-31
BTC,16j2cooSeVq78KfRoYFCCvYTXiBLSKc7H5,1,0.00151101,144.0,1,0.00151101,140.21,2024-12-29,2024-12-31
BTC,1HoTeDnissC2yQ83mkgbkeY7CqRYNDuxXp,1,0.00053496,50.98,1,0.00053496,49.64,2024-12-29,2024-12-31
BTC,1KvKWw38hUtEcMdRDhPvoq1AFYEBKuwpSG,1,9.363e-05,8.78,1,9.363e-05,8.69,2024-12-30,2024-12-31
BTC,1HPnhLL8g3ZAWadHHK79g48TfibsoN5RvA,1,0.00020164,18.9,1,0.00020164,18.71,2024-12-30,2024-12-31
BTC,1LCw5NMuQL3r4X3C7NLtP8MpBgTX9XJcKL,1,4.48e-05,4.16,1,4.48e-05,4.16,2024-12-31,2024-12-31
BTC,177MKGWySVZFQon7no6WxttttXpMqmdC2p,1,0.00062036,57.56,1,0.00062036,57.56,2024-12-31,2024-12-31
BTC,1Dc927C3SoxG8Bxm1yy5SeKmEAZ1cr4zYE,2,0.00047461,44.04,2,0.00047461,44.04,2024-12-31,2024-12-31
BTC,13ae3zwvriEAofE4iKauDjYpY31CS8Vr33,1,0.00016262,15.24,1,0.00016262,15.09,2024-12-30,2024-12-31
BTC,1CdLBDt3WbRajb66HBTcY7bG825RhsfXua,1,0.00149,138.26,1,0.00149,138.26,2024-12-31,2024-12-31
BTC,17wFnK15sUgVTyBD95RVhEdmMJsPEuTu3t,1,0.00035268,32.73,1,0.00035268,32.73,2024-12-31,2024-12-31
BTC,1KRuRXiRqT9ro9cbPKuZhAxLPHLXdWHmct,1,0.00015476,14.51,1,0.00015476,14.36,2024-12-30,2024-12-31
BTC,1NTHSHcuJUoT1e9AKCnXog4gvxdksZ6u2M,2,0.00026237,24.35,2,0.00026237,24.35,2024-12-31,2024-12-31
BTC,1GMcyKBroDcZSHZcVJnBCbEn18z5pfiL27,2,0.00093141,88.53,2,0.00093141,88.53,2024-12-31,2025-02-14
BTC,1PQZfbX2dv6RR8ko1Gk7aFAQuz6PMaV2pC,1,0.00099431,92.26,1,0.00099431,92.26,2024-12-31,2024-12-31
BTC,1NwvGm63wynRH3GCmY26YykTndWhLy9KeX,2,0.00164831,156.02,2,0.00164831,154.49,2024-12-27,2024-12-31
BTC,1BYhS8BvmiT7UyrWun5QvM2S25EY83LtPd,1,0.00047988,44.98,1,0.00047988,44.53,2024-12-30,2024-12-31
BTC,1KWaHWNC2kvQMnPjER7yDjUcFo36jGTv31,1,1.064e-05,0.99,1,1.064e-05,0.99,2024-12-31,2024-12-31
BTC,1Gw6FgK1eaPK4kTN6Mw5GELfPrZsnB9P8i,1,0.00100292,94.01,1,0.00100292,93.06,2024-12-30,2024-12-31
BTC,1LbRTAUpv4jbSBUidxqEpKmDrzMNrj1ZRu,1,0.00166321,155.91,1,0.00166321,154.33,2024-12-30,2024-12-31
BTC,1JTevauAh595LPK4cxbHM8GsyGcy97GCiS,1,0.00047558,44.13,1,0.00047558,44.13,2024-12-31,2024-12-31
BTC,1Mk24r8WKLbXmoZy9ZX5grqw7muzUtBo4F,6,0.00547709,523.82,6,0.00547709,521.51,2024-12-24,2024-12-31
BTC,1Ce6NXwEfS3hHnUtQg1GkWUgxCP44VYU6o,1,0.00164914,153.03,1,0.00164914,153.03,2024-12-31,2024-12-31
BTC,1LrB5AUNRfMuFWdrS13w31MeRbm8gaJF9a,1,0.00031345,29.09,1,0.00031345,29.09,2024-12-31,2024-12-31
BTC,1Q7zVL6H7a6DsgBf8DAZakhF1mz75TSMKC,1,0.00026392,24.49,1,0.00026392,24.49,2024-12-31,2024-12-31
BTC,177hPZL8W8M1WpGKkvWUL1pfmvzC4wBjXu,2,0.00096023,93.67,2,0.00096023,93.66,2024-12-16,2024-12-31
BTC,16Ybdbb65wzfjBnJavd53JrbLyzeKi3VfC,1,0.00048584,45.08,1,0.00048584,45.08,2024-12-31,2024-12-31
BTC,1BAY6ZFmFJaadC9csd9hUUbdcbfXwim1UK,1,0.00042175,39.14,1,0.00042175,39.14,2024-12-31,2024-12-31
BTC,1PWgg4ACihsPCNJMXwhXMmM5wwsGudvMYo,1,0.00018497,17.16,1,0.00018497,17.16,2024-12-31,2024-12-31
BTC,12Rx2rf8QQkcn8L25NP6b5F7fRHBzBeXQ6,1,0.00015645,14.52,1,0.00015645,14.52,2024-12-31,2024-12-31
BTC,16fchLuf6sYe81mAJLxKUUqT4T5ZEa7sz6,1,0.00072039,66.85,1,0.00072039,66.85,2024-12-31,2024-12-31
BTC,19cBdA9oSspBmoXgtCUME6eG7eDiCMV5m6,1,0.00102429,95.05,1,0.00102429,95.05,2024-12-31,2024-12-31
BTC,18CPhHpC8vMKphRDEevzTaAoamHNDntcoz,1,0.00012318,11.43,1,0.00012318,11.43,2024-12-31,2024-12-31
BTC,1NoPQAj2G4eUdc82egbug9ABMUnyDQzy5m,1,0.00022355,20.96,1,0.00022355,20.74,2024-12-30,2024-12-31
BTC,1GcHmVubeBH9DVaDbMDnThTytgJXeVWdVu,1,0.00027391,25.68,1,0.00027391,25.42,2024-12-30,2024-12-31
BTC,1FLTdoC8UrWuRwMLGUrMg6qAD6a2doyjng,1,0.00092,86.24,1,0.00092,85.37,2024-12-30,2024-12-31
BTC,19XgaHCe3o8zHa61hzEY3ZFqxqdVi1R9AD,1,9.909e-05,9.19,1,9.909e-05,9.19,2024-12-31,2024-12-31
BTC,13jYTx3TcP6dQszeD5qmNcTeLYsHz94moB,1,0.00037546,35.78,1,0.00037546,34.84,2024-12-29,2024-12-31
BTC,1CFW6Mwa5Cw53GK4JeujmBTL6t7Y17eP5y,1,0.00107111,99.39,1,0.00107111,99.39,2024-12-31,2024-12-31
BTC,1KYv3fMz3ECW4fLHEyhCM8oGR4iFKb4Lme,1,0.00053342,50.0,1,0.00053342,49.5,2024-12-30,2024-12-31
BTC,155dqCHxpdvMF2kvuo2m1pN8ESCdKYt4H1,1,0.00016315,15.14,1,0.00016315,15.14,2024-12-31,2024-12-31
BTC,12P8iHz1qg9SRsieDcg7b2RRnbCMHVhHL1,1,0.00027687,25.95,1,0.00027687,25.69,2024-12-30,2024-12-31
BTC,19N7VfM5SA17Mbbn4ESEfr3ZVaGmon7LpJ,1,0.00017405,16.59,1,0.00017405,16.15,2024-12-29,2024-12-31
BTC,1Fa5K9cYYrBq2tt9i9uVesCtvDMQ1T93zC,1,0.00024,22.27,1,0.00024,22.27,2024-12-31,2024-12-31
BTC,1CjQ1sRVxzKzpmN4QnujQo7Bf2za7PjRBF,1,9.431e-05,8.84,1,9.431e-05,8.75,2024-12-30,2024-12-31
BTC,1NiBDZSjbdnowkbzQUgYUUzyBg64kMiJKV,1,0.00025961,24.34,1,0.00025961,24.09,2024-12-30,2024-12-31
BTC,164srtEXus9LeVJD64VQ3uSdhVykrgLxCv,1,0.00018301,17.16,1,0.00018301,16.98,2024-12-30,2024-12-31
BTC,15PgwcKz3ba7DwAeiRGdb11UUUrpTBDNtP,1,0.00074967,71.44,1,0.00074967,69.56,2024-12-29,2024-12-31
BTC,13TX8sZfH9JHEbsQ9yXatRE2AEvaN1pDrS,1,0.00059849,56.1,1,0.00059849,55.54,2024-12-30,2024-12-31
BTC,1Fq5rDFv6hPJSfNJJ83aUg5CDMCtg4EivC,1,0.0009021,83.71,1,0.0009021,83.71,2024-12-31,2024-12-31
BTC,1Miwhi3BBzRZKDNKeKMhJpiFSrdg4kjfrP,1,5.298e-05,4.97,1,5.298e-05,4.92,2024-12-30,2024-12-31
BTC,12JVrC52TMWchnw28CZHZ8Z5kgVRrcPZJw,1,0.0002298,22.01,1,0.0002298,21.67,2024-12-27,2024-12-28
BTC,1Q9BNtvLHcZvWJjwRXdUWT7QpA2XTChVKT,1,0.00037838,35.68,1,0.00037838,35.68,2024-12-28,2024-12-28
BTC,18p7fcpdAu6vjrKAkqxoay5WL4yYrgEDSL,1,0.00024051,23.91,1,0.00024051,22.68,2024-12-26,2024-12-28
BTC,13sBYMD9oK5Re3THDpNTi9bfbEe46voJAv,1,0.00017186,16.46,1,0.00017186,16.21,2024-12-27,2024-12-28
BTC,19YHvc2ndNRE1EJY6wNVVvmdr3meHanTYK,2,0.00293311,277.22,2,0.00293311,277.03,2024-12-28,2025-01-12
BTC,158FQ3uKgczRvxGysYYgh4L7zWfeFJsTG6,3,0.00258744,251.53,3,0.00258744,243.99,2024-12-26,2024-12-28
BTC,136q9Hhnced6rKRa3Hcpuq3ZiAfcxGDAy8,4,0.00152893,145.06,4,0.00152893,146.79,2024-12-28,2025-05-10
BTC,1FW4xVUqqMRU4YWT1SMHeioSbFYgo25mti,3,0.0006562,65.25,3,0.0006562,61.88,2024-12-26,2024-12-28
BTC,19eJfxuEwm3kUr2bejoBiuyTadsctSrajM,3,0.00035484,33.98,3,0.00035484,33.46,2024-12-26,2024-12-28
BTC,13i6XtDVuE9Fhj2BW5xcLV2M4xfTyGEtQH,1,0.00019309,18.21,1,0.00019309,18.21,2024-12-28,2024-12-28
BTC,14j1RLYkDvhBgotTx5sTDwE7DmcbGjsCPq,4,0.00237489,236.12,4,0.00237489,233.17,2024-12-18,2025-01-18
BTC,1HtYU9g8JPgSak72cmsvDLoJVKA5njaBNp,1,0.00114079,109.28,1,0.00114079,107.58,2024-12-27,2024-12-28
BTC,1BcEAs49n7ZPAruCf1B5f8FrBo6hULAVXG,1,0.00038031,37.81,1,0.00038031,35.86,2024-12-26,2024-12-28
BTC,1BcuQHfm3Jw8meFhHDjNs9ptj7U1R4ye1G,1,0.00014092,13.5,1,0.00014092,13.29,2024-12-27,2024-12-28
BTC,14sxuqysi4TM1xLCH1Q2pc2oX7133o79Gs,1,0.00031617,30.29,1,0.00031617,29.81,2024-12-27,2024-12-28
BTC,1bz478z8PT2Bmdb679qjBtAmTX9YJ2AzW,1,0.000193,18.2,1,0.000193,18.2,2024-12-28,2024-12-28
BTC,172DTAq4LvCqVPeaJT9uccQxatmxsEt1Mb,1,0.00053353,51.11,1,0.00053353,50.31,2024-12-27,2024-12-28
BTC,18YXNDoFQTCrEKRsv4bMBZR5hb4u4nT8Wt,1,0.00042121,40.35,1,0.00042121,39.72,2024-12-27,2024-12-28
BTC,153VVKvp6MyRzvUQRYGSE2ywmayZ565a4J,1,6.647e-05,6.27,1,6.647e-05,6.27,2024-12-28,2024-12-28
BTC,1DnbjBa4WADX3taqBsJp5XuhjuprGBQxtu,1,0.00015206,14.34,1,0.00015206,14.34,2024-12-28,2024-12-28
BTC,1Ai5LpjKRB3LRSAyrBbcGH7bxiLpXviCoW,2,0.00054243,53.64,2,0.00054243,52.12,2024-12-26,2025-01-06
BTC,1LamnoCBzK3muD3DYe5SndizsjWu84WMDc,1,0.00047893,45.16,1,0.00047893,45.16,2024-12-28,2024-12-28
BTC,1DFnqSVJ71q6aAtmNB8TUXmk1sckU11C5h,1,0.00046709,44.74,1,0.00046709,44.05,2024-12-27,2024-12-28
BTC,1zh55rfQPnJqTuQQsWS4zTcPT76RuiFMz,1,0.00013924,13.34,1,0.00013924,13.13,2024-12-27,2024-12-28
BTC,1Brs7GYqm54UqmEnVfv5CB83eox1otBPJV,1,0.00062353,58.8,1,0.00062353,58.8,2024-12-28,2024-12-28
BTC,1Hg3w8SNQPw9oGTKs1y8EkZEJzss7ktk61,1,0.00027559,26.4,1,0.00027559,25.99,2024-12-27,2024-12-28
BTC,1DDnS6MnMTtP8bKU4r3CiJLWjGXFixKXcq,2,0.00084446,80.11,2,0.00084446,80.11,2024-12-28,2024-12-29
BTC,1Msvi8QCLgQY41Bt2mNuYnV4aSBPvZKTa6,1,0.00057709,55.28,1,0.00057709,54.42,2024-12-27,2024-12-28
BTC,13D1R3QdZbYTuQrjGonxECGTxWzKPPTGk1,6,0.000788,76.79,6,0.000788,76.92,2024-12-19,2024-12-29
BTC,152aTPtCWjEJegnnMuPmfjTftNwKWds9so,1,0.00076838,73.6,1,0.00076838,72.46,2024-12-27,2024-12-28
BTC,12hMhLgmbssp9zzHwkKKyGvwJCqVVEY88z,1,0.00058342,55.89,1,0.00058342,55.02,2024-12-27,2024-12-28
BTC,186Rs8oozNGxJKkK6qKkNqhMB445ed32bx,1,0.00030603,29.32,1,0.00030603,28.86,2024-12-27,2024-12-28
BTC,1Nv5PXRcZR19PxxsEp2CWuG9zUQHg9jTNv,1,0.00022085,21.96,1,0.00022085,20.83,2024-12-26,2024-12-28
BTC,15d18nuHTBEiQQtj5BNQGU6qdb8K2gMLos,2,0.0005523,54.26,2,0.0005523,52.08,2024-12-26,2024-12-28
BTC,1MY26U6Ec4abw4rJDAJyPK4oPLF4EJYRoZ,2,0.00040092,39.77,2,0.00040092,39.53,2024-12-14,2024-12-28
BTC,131Fk9DBqv6d56UvGbqwUi3Ey7rpVAbUEN,1,0.00013936,13.35,1,0.00013936,13.14,2024-12-27,2024-12-28
BTC,19RUe1yxQjjAPguzFrfvUbW3CjjRjg2g1j,1,0.0002229,21.02,1,0.0002229,21.02,2024-12-28,2024-12-28
BTC,1B4KQyL69kibutxdB5r2qoSjgR8CzySpd,1,0.00047614,45.61,1,0.00047614,44.9,2024-12-27,2024-12-28
BTC,1Ea89x8SAnsyNR3rx9o7tPW6Zz1GWxC6Aw,1,0.00183023,181.98,1,0.00183023,172.59,2024-12-26,2024-12-28
BTC,1PLkXXBe6urQicbPmSpzDnXmeeXUbrQVHd,1,0.00021705,21.58,1,0.00021705,20.47,2024-12-26,2024-12-28
BTC,14WNKcHem2AhHJK9aZFggnMEowrfQvTTn9,1,0.0009843,97.87,1,0.0009843,92.82,2024-12-26,2024-12-28
BTC,1PTWxfuUtPeFCX7sLtRzetjhXnB8ovnxU6,1,0.00013567,13.0,1,0.00013567,12.79,2024-12-27,2024-12-28
BTC,1A1sMmcgiknMDKrfAcbt6ZyGsWgH4yYAaY,1,0.00049129,47.06,1,0.00049129,46.33,2024-12-27,2024-12-28
BTC,12sN7CyhBWos9sM7wBCYx6tnP3tB3FWKxx,1,0.00056767,54.38,1,0.00056767,53.53,2024-12-27,2024-12-28
BTC,1EJScYbSntAL9yAjNhMi2Vv8qxJYgNkHNs,1,0.00025086,24.03,1,0.00025086,23.66,2024-12-27,2024-12-28
BTC,19SyQ9beo5bZvBibpj4T4QfceAvywT7zc7,1,0.00053282,51.04,1,0.00053282,50.24,2024-12-27,2024-12-28
BTC,1Fs1saLkVXcGSV3bMTdHPRjdjq1JXePj3V,1,0.00029438,27.76,1,0.00029438,27.76,2024-12-28,2024-12-28
BTC,17t1G9FQkZRf1i2D57p8VURif7DGk3zAe2,1,0.00019,18.2,1,0.00019,17.92,2024-12-27,2024-12-28
BTC,1BdciEjbunLSpWunnPUYvhrEqPhtfaYdFY,1,0.00073587,69.39,1,0.00073587,69.39,2024-12-28,2024-12-28
BTC,15fahXTawArN4XdTTNYKDfjY4ZJspbXw4n,1,0.0009009,86.3,1,0.0009009,84.95,2024-12-27,2024-12-28
BTC,1LPr4js8xNS94d4EbWVhBnXJJGgVWMHiAF,2,0.00015291,14.42,2,0.00015291,14.42,2024-12-28,2024-12-28
BTC,12Zfn1qSQne6f8WZV8Qpo1tDbNpyr179zm,2,0.00098108,93.62,2,0.00098108,92.73,2024-12-27,2025-01-11
BTC,1J7e1S6gkdDrkcQY718P7bFjberXu3KNxT,1,0.00032095,31.91,1,0.00032095,30.27,2024-12-26,2024-12-28
BTC,1DDP5vJcki7YmBspP4LBPbLqBkDCKDTK9K,1,0.00037582,36.0,1,0.00037582,35.44,2024-12-27,2024-12-28
BTC,16LXAgzjfmBA4KqHbWUYE52bkZam8CyLUQ,1,0.00014736,13.9,1,0.00014736,13.9,2024-12-28,2024-12-28
BTC,1GC5B5Pwq7cKotL4YHcHrgA9t4pp8M4oj1,3,0.00108894,105.42,3,0.00108894,104.13,2024-12-28,2025-02-24
BTC,1tCSVZfsqsMnZ14z8W5ypgTX34LCecfpc,1,0.00029807,28.11,1,0.00029807,28.11,2024-12-28,2024-12-28
BTC,1JfAsoTPXgQNT3CJWS2dx1EcQnnpF3U9Jp,1,0.0009,86.21,1,0.0009,84.87,2024-12-27,2024-12-28
BTC,15KLchMC76YsDasY5U7hww1FtpmDeBs1AF,1,0.00015661,15.0,1,0.00015661,14.77,2024-12-27,2024-12-28
BTC,12oUpG4s22V9yRbhWKzXeYANaj7kPXnii1,1,0.0004798,45.24,1,0.0004798,45.24,2024-12-28,2024-12-28
BTC,1DYDsXmUmct3bDux5EFAPkdpxuM2LuykYn,1,0.00018239,17.2,1,0.00018239,17.2,2024-12-28,2024-12-28
BTC,1KEGdkuqavb9F1m1RbHBUCLVrM8F7zCZw9,1,0.00026935,25.8,1,0.00026935,25.4,2024-12-27,2024-12-28
BTC,13PqbFRDH2zYRCKesq1u2sUwX9R7BEZM7f,2,0.00102637,105.65,2,0.00102637,106.34,2024-12-27,2025-01-25
BTC,1NDABp11wpg9TXNAmTXVUcPWaMqMKpoKGt,1,0.0004,37.72,1,0.0004,37.72,2024-12-28,2024-12-28
BTC,14Wsxe2VzQkqUCq5q4KxmVdgZsdRm4wjtq,3,0.00235,216.07,3,0.00235,214.46,2024-12-29,2025-03-30
BTC,15sPo1WkZdh2V5i3ei3CmsV9qZdFNtSnAM,1,0.00026009,25.02,1,0.00026009,25.04,2025-02-22,2025-02-24
BTC,1E9nh3JRC2R5TKaQQLA5Cb32uDZAzicJvd,6,0.00104584,96.82,6,0.00104584,97.89,2024-12-15,2025-04-02
BTC,1LivzrjeRT9Q2VsNdaGguGMWNwanGutBgV,2,0.00074107,72.04,2,0.00074107,71.95,2025-02-03,2025-02-24
BTC,17hx5zug9xLgrT6RV7ZZyAHpCxoehsqVB7,1,0.0003812,38.98,1,0.0003812,40.46,2025-01-21,2025-01-22
BTC,13sU4ZBp83bdLTE5j4csX3AeFGDSaHtsH8,2,0.00048232,49.32,2,0.00048232,51.2,2025-01-21,2025-01-22
BTC,1LAPuwbyq7tVLDWbfk7KU93Fv5morWvhyb,2,0.00017296,17.53,2,0.00017296,18.36,2025-01-20,2025-01-22
BTC,13Dk7573yhMmpJJmkMxgb2KtQvf2k39wCi,1,0.00091577,93.65,1,0.00091577,97.2,2025-01-21,2025-01-22
BTC,1Q4zRkpRGS1pB5ApL6u27xg3ndvM12HFXh,1,0.00041186,42.12,1,0.00041186,43.72,2025-01-21,2025-01-22
BTC,19vSqMLK2Mhnmhr1LsWbnVb34mq5D9ijeR,1,0.00024595,26.11,1,0.00024595,26.11,2025-01-22,2025-01-22
BTC,18ZKqnJfjnzhwMdy2Lg4jHKRUEeLozbQoa,1,0.00021213,21.5,1,0.00021213,22.52,2025-01-20,2025-01-22
BTC,1Jjtf6k17fxGnSPutxVPgWjmto8MGH1Yxg,1,0.00018066,18.47,1,0.00018066,19.18,2025-01-21,2025-01-22
BTC,1Chq38ft9BLQ7arC381EBo85pkGX8KS4wY,1,0.00046278,46.89,1,0.00046278,49.12,2025-01-20,2025-01-22
BTC,1C62embkqnBGBQPNfhePtGFP9iRXDwdbqE,4,0.00186723,194.95,4,0.00186723,197.32,2025-01-18,2025-01-22
BTC,1GovJ3NktiSeuRPdymfeF8rV3mgSU5qYTq,1,0.00012246,12.41,1,0.00012246,13.0,2025-01-20,2025-01-22
BTC,1D2PjzWV1a7UVyc2LASfKVH2ZPGDqGZKdd,1,0.00089831,95.35,1,0.00089831,95.35,2025-01-22,2025-01-22
BTC,1hFt6Rp9RfZXwMFJTeWc457RhSZuQtAPD,1,0.00038652,41.03,1,0.00038652,41.03,2025-01-22,2025-01-22
BTC,1EwEZimrguWJJePkCkqppspCui4jgEGG9K,2,0.00057969,61.53,2,0.00057969,61.53,2025-01-22,2025-01-22
BTC,1FbzZgJqnci8Dv2AxcYfsnm1KBRAkNyNfJ,1,0.00042494,43.45,1,0.00042494,45.1,2025-01-21,2025-01-22
BTC,1GEKxQ8BrzcDbLREAXGP2T8hFkbnpR82Bs,1,0.00015655,16.01,1,0.00015655,16.62,2025-01-21,2025-01-22
BTC,14arni2AtFz758i1F6hhwRRvBLgxUt16DH,1,0.00042546,43.51,1,0.00042546,45.16,2025-01-21,2025-01-22
BTC,1HFxP8ANiAmTM3YJJeo8bcSZJs4LqdzwpE,1,0.0001544,15.65,1,0.0001544,16.39,2025-01-20,2025-01-22
BTC,1E3a4qFUwLDBBotu9yvamvGCEjBpagNrg1,1,0.00044253,44.84,1,0.00044253,46.97,2025-01-20,2025-01-22
BTC,1CDAgJNk27ynerbWzRz9ietipG173Wp3uA,1,0.0005516,55.89,1,0.0005516,58.55,2025-01-20,2025-01-22
BTC,16UPYmtoUBB2giSGx1zaXy9DszCEJxmEJH,3,0.00032836,33.27,3,0.00032836,34.85,2025-01-20,2025-01-22
BTC,1Fi6p8vsFSg59MYyb9i6613kSXKQ8Q4eXE,2,0.00018424,18.73,2,0.00018424,19.56,2025-01-20,2025-01-22
BTC,1HbJNN6zp5dKpi2yFBkDweSHhiUf8MLvaH,4,0.00172894,177.56,4,0.00172894,183.52,2025-01-20,2025-01-22
BTC,1GZZF4UdTDq4CggTVwiswcLxrUzdg42XRi,2,0.00074754,75.75,2,0.00074754,79.35,2025-01-20,2025-01-22
BTC,1MUtswdKzNo2bseMZDGP4JFdzuzS73ftzX,1,0.00048812,49.92,1,0.00048812,51.81,2025-01-21,2025-01-22
BTC,181TL2ytU82HTPQUqHfMjfV7bhaxQ7DLWt,1,0.00033586,34.35,1,0.00033586,35.65,2025-01-21,2025-01-22
BTC,1MdcHSbU6qJCJJ5iUaZy2Q2fvDQCm5dYEY,2,0.000504,52.14,2,0.000504,53.5,2025-01-21,2025-01-22
BTC,1NdGeHAVznHBi1stmbm7kFWxvmT56bwZ4m,1,1.935e-05,1.96,1,1.935e-05,2.05,2025-01-20,2025-01-22
BTC,1LjeoEVb2bQmaMEBDUXBRBpYFqMnbopfcP,1,0.00024893,25.46,1,0.00024893,26.42,2025-01-21,2025-01-22
BTC,1K9Ex5jFtrirkdtTqJCBxqki3tfsnDBMcC,1,0.00076565,78.3,1,0.00076565,81.27,2025-01-21,2025-01-22
BTC,1JcqniXNJ3NCSxRYfeiBXFrHcdo14Gna3q,1,0.00035302,35.77,1,0.00035302,37.47,2025-01-20,2025-01-22
BTC,1DbM9TPrrhVmBPCxWXLqxUJxhYqkgdEjpQ,1,0.0004429,47.01,1,0.0004429,47.01,2025-01-22,2025-01-22
BTC,13edHjhC9jw8sxcu9yE3Juk8LLaV8MnEYP,1,0.0004801,48.65,1,0.0004801,50.96,2025-01-20,2025-01-22
BTC,17iC5x9ztd71NkAKMtYLLwixpU2u9cPiDT,1,0.00038037,40.37,1,0.00038037,40.37,2025-01-22,2025-01-22
BTC,16rjGcbRQXkayvwCdvdPbS9gTnioHwEtzz,2,0.00026424,27.02,2,0.00026424,28.05,2025-01-21,2025-01-22
BTC,1L9Zoau6MN3BgGd4fZLajBxkDEiYnTCHPS,1,0.00028197,28.83,1,0.00028197,29.93,2025-01-21,2025-01-22
BTC,1DdveosNKbuz5bKFrXEigDNmT5E3JH5Nxj,1,0.00074395,75.39,1,0.00074395,78.97,2025-01-20,2025-01-22
BTC,1Ezr7L3oPoQb8E2yHYV6QfqhMSnUMrznVp,3,0.00038744,40.33,3,0.00038744,40.02,2025-01-22,2025-01-29
BTC,17BKVGUKU9MfjfiHXK2NMzYA78nppuBSvK,1,0.00097105,98.4,1,0.00097105,103.07,2025-01-20,2025-01-22
BTC,18Q4uqHDEG5rT3kbi3MpjfwRiXLftJfhNc,1,0.00020941,21.9,1,0.00020941,22.23,2025-01-19,2025-01-22
BTC,1LCxwLvpoML85LynosQh45LjqrmHB9KyqL,1,0.00022409,22.92,1,0.00022409,23.79,2025-01-21,2025-01-22
BTC,17Zxi9yQU9KUnm9bC6vTZm9FeUBUt98wGG,1,0.0004153,44.08,1,0.0004153,44.08,2025-01-22,2025-01-22
BTC,1P6uSmRBNTzdDK2SVBEyRSjEvHpv4Be1BS,1,0.0011,115.01,1,0.0011,116.76,2025-01-19,2025-01-22
BTC,1H6Sw8xZWQvaPA9qEBRAGi9ZjEspzgZjKx,1,0.00035326,36.12,1,0.00035326,37.5,2025-01-21,2025-01-22
BTC,1LN2k1BzWjp2AwjEo1Jhtz6ou2h1mCNG5j,1,0.00022431,22.94,1,0.00022431,23.81,2025-01-21,2025-01-22
BTC,12PGb85LoRzrZwMM3Mo3Pq1u1VFG66nhHC,1,0.0001214,12.41,1,0.0001214,12.89,2025-01-21,2025-01-22
BTC,1CeWiwHJTi6f4KJPgun3zdqLk7TGBe5Wyf,1,0.00028388,29.03,1,0.00028388,30.13,2025-01-21,2025-01-22
BTC,1PrYSGgTiPUCXeVytayTrvY3iZkQr3a5Ne,1,0.00077454,79.2,1,0.00077454,82.21,2025-01-21,2025-01-22
BTC,18ibGvcJg3fXG1KeCC6faGkQa23JHJwi4P,1,0.00018991,19.42,1,0.00018991,20.16,2025-01-21,2025-01-22
BTC,1CjPnBXtm28poXRhT2k3xuyGP71naYWaXX,1,6.985e-05,7.41,1,6.985e-05,7.41,2025-01-22,2025-01-22
BTC,1F8PLtA9T47yTmRHNPXEQheFGGKWrQXbwE,1,0.00013212,13.51,1,0.00013212,14.02,2025-01-21,2025-01-22
BTC,173xiJdgRYpyETGKoVvXdTa71SkVinu4XT,1,7.836e-05,8.19,1,7.836e-05,8.32,2025-01-19,2025-01-22
BTC,1GzZgJqwumPTixUqQwNjPXnkRH9LYne9st,2,0.00102705,73.67,2,0.00102705,76.41,2024-10-11,2025-01-22
BTC,1MYJ9oQExChQgcsNNLFUmD7kRtKusqjhFi,3,0.0016,159.68,3,0.0016,163.82,2025-01-16,2025-02-14
BTC,1F7VasNEQ7xzteVggrh381EqqREtyNRXBi,1,0.00032507,32.94,1,0.00032507,34.5,2025-01-20,2025-01-22
BTC,1BNWf47aMznSqMRynB9SmdT5Baoo2cpZqr,1,0.00065791,69.83,1,0.00065791,69.83,2025-01-22,2025-01-22
BTC,1L5Lsj5HdkH123s4qXib1mEzooRgXaas4n,4,0.00053444,54.59,4,0.00053444,55.58,2025-01-21,2025-01-29
BTC,18GC2Qyzm9W9dwvCPgGqGe26szxSgVa6Vt,1,0.0001986,20.31,1,0.0001986,21.08,2025-01-21,2025-01-22
BTC,1K1qLBwAV22VhYxGRNAndVfeR7HHxFsyk7,2,0.00133337,135.88,2,0.00133337,141.53,2025-01-20,2025-01-22
BTC,1GNoCgpQwBCTTQEahusNCZEk7tKgkMsUfc,1,0.0007,74.3,1,0.0007,74.3,2025-01-22,2025-01-22
BTC,1LwcxAhjznK8hcxwkifxcG9fB8ofq2Pub4,1,0.00024298,24.85,1,0.00024298,25.79,2025-01-21,2025-01-22
BTC,19crt2FYddZGqVi7rT2tsDCNCqd7f9Uo1K,1,0.00032701,34.19,1,0.00032701,34.71,2025-01-19,2025-01-22
BTC,1Hu3MjLKKBmk6Erm1jGAuzdZV8GsyxFbY6,3,0.000284,27.97,3,0.000284,28.43,2025-01-21,2025-05-03
BTC,1F9XD27RDmEiKbc1TX3yBhNTik3Cg2AZJU,1,0.00036,36.81,1,0.00036,38.21,2025-01-21,2025-01-22
BTC,1AMWGUbEX6gPMjmLavBnVSceG1iwWFgWK4,1,0.00072825,73.79,1,0.00072825,77.3,2025-01-20,2025-01-22
BTC,1MXiak6KqdRjxkCPittutKtE6Y9C3K1neT,1,0.00033999,36.09,1,0.00033999,36.09,2025-01-22,2025-01-22
BTC,1AgWb9rUPwzViqLGAC3zYMYD281EvMg9s3,1,0.00025053,25.39,1,0.00025053,26.59,2025-01-20,2025-01-22
BTC,1DQfGJN3E6oUGWJsFXG7wAiizMKduDVCyH,1,0.00075534,80.17,1,0.00075534,80.17,2025-01-22,2025-01-22
BTC,19cwJ81J6aiTchvoTet4hYL6cagLWrMmcZ,3,0.00427821,373.46,3,0.00427821,368.5,2025-03-21,2025-05-01
BTC,1B4a8totnV6PHirLSK8oSeBiGCSDwie4DL,3,0.0024857,211.41,3,0.0024857,206.62,2025-03-17,2025-04-02
BTC,1M5kN3TdaZZEStGoYqt2pyUCmpyTCwWaK,1,0.00022689,19.53,1,0.00022689,18.75,2025-03-24,2025-03-30
BTC,1JHrbursif6oeyECjuoix44Ku14jsjb6f8,2,0.00072678,60.39,2,0.00072678,60.05,2025-03-25,2025-04-10
BTC,1Bge8oX1qVBThJZgycrX8hsDDdec13e1Gt,1,0.00124234,106.92,1,0.00124234,117.12,2025-03-02,2025-03-03
BTC,1BpNZMT8JDZ3eqb974WTpXKsdPU6SxWB1o,1,0.00022815,21.51,1,0.00022815,21.51,2025-03-03,2025-03-03
BTC,1DLztEtQvrZssYNRLPviZZYgzkfbQARZEk,2,0.00068348,65.37,2,0.00068348,64.94,2024-11-12,2024-12-13
BTC,18yne5ag3r2vzg3oCo22Jrrzw62Nakt2xr,2,0.0003143,25.96,2,0.0003143,25.96,2024-11-10,2024-11-12
BTC,1Krt4U4JHMXXukVuLNro3Tyb9WxjoExuGj,1,0.00032065,25.77,1,0.00032065,28.42,2024-11-11,2024-11-12
BTC,1QH9Y6xycZRX6WNdLjrDPBvXSXmT24puC7,1,0.00019853,15.96,1,0.00019853,17.6,2024-11-11,2024-11-12
BTC,1P8Pq6VykjCduEMfeKAWRcew4Ppmn21Hdk,1,0.00020283,17.98,1,0.00020283,17.98,2024-11-12,2024-11-12
BTC,1L2iAv8Y84KkQMBG9J9xpPTXC8fAeo3S9Z,1,0.00066905,53.77,1,0.00066905,59.31,2024-11-11,2024-11-12
BTC,1DUp7YUCPBUuGT3tv1RTAZ3ViHGQtBzqVc,1,0.00565,500.86,1,0.00565,500.86,2024-11-12,2024-11-12
BTC,1HWdYrnyDLVKSzUkDUur1t6Jvhzk1JZsai,2,0.00023234,16.94,2,0.00023234,16.94,2024-10-23,2024-11-12
BTC,1PPw3eiL6qRiEtBge7vy8ZNvV7ijVr1DxR,1,0.00023011,18.49,1,0.00023011,20.4,2024-11-11,2024-11-12
BTC,1EkB6tS7dcaNzaWUQum4oTB7PnECUB1g88,1,0.00017059,13.71,1,0.00017059,15.12,2024-11-11,2024-11-12
BTC,19KtA8HQmgBRRVBvbte5xVSSBLHjz5PxqH,1,0.00011552,9.28,1,0.00011552,10.24,2024-11-11,2024-11-12
BTC,19cKZ6weaoMCCi9CkoEqFQCnHQosoGdEHk,1,8.813e-05,7.81,1,8.813e-05,7.81,2024-11-12,2024-11-12
BTC,1FaVwxthf1XT4Jg8dBiu91Kb2k59dPRf9h,1,0.00017752,14.27,1,0.00017752,15.74,2024-11-11,2024-11-12
BTC,1K8xVNBDpjwTbRfXtiqoAij51rAXjoL26M,1,0.00038889,31.26,1,0.00038889,34.47,2024-11-11,2024-11-12
BTC,13aEfgebZ9KPqbpfsTVD9GyTpuATg7FocU,3,0.00193609,183.34,3,0.00193609,189.09,2024-11-11,2025-02-26
BTC,1HBGXDaDDsRYkXqCck9onxcQqUEQrLCiv9,1,0.00017763,14.28,1,0.00017763,15.75,2024-11-11,2024-11-12
BTC,1Hirz9GbSCqAC2cwWDhbft77v5d5ySWq9v,1,0.00043615,38.66,1,0.00043615,38.66,2024-11-12,2024-11-12
BTC,15977Mo6eRGkLwwU7wF2LYBUcrU6QpkPoL,1,0.00012068,9.7,1,0.00012068,10.7,2024-11-11,2024-11-12
BTC,1teyoYuE14UpAkACYazCnfkimwE9iWQK3,1,0.00054901,48.67,1,0.00054901,48.67,2024-11-12,2024-11-12
BTC,14mdopyXQ2pBbpWVc1ReKxFwG1emoLxirH,1,0.00045383,36.47,1,0.00045383,40.23,2024-11-11,2024-11-12
BTC,1MxAG65u9AcCSvxG7hSCZb7aGfD1PRbQr5,1,0.000463,37.21,1,0.000463,41.04,2024-11-11,2024-11-12
BTC,14Hs66aLW4R1LyGYgMW2fuE7D4tq3U4Goq,1,0.00094113,83.43,1,0.00094113,83.43,2024-11-12,2024-11-12
BTC,1JddfU197PdaqjVTjji3dC7kkmJdY6rT5g,1,0.0002634,23.35,1,0.0002634,23.35,2024-11-12,2024-11-12
BTC,1LJJWs7dmmdujMudDvhLyDdfMAqqvRGLhA,1,0.00015577,13.81,1,0.00015577,13.81,2024-11-12,2024-11-12
BTC,14uG3YUPjo1GbzmSfZwxaQzNcN3eUB27Ho,1,0.00080809,64.95,1,0.00080809,71.64,2024-11-11,2024-11-12
BTC,1Pd5BHM5BN4oB2ATPx8NUw6WuwQjzPBbbH,1,0.00021048,16.92,1,0.00021048,18.66,2024-11-11,2024-11-12
BTC,16fW4Wu3TEYSp1j1w4nbZrwGw3cK8qTu4g,1,0.00153634,123.48,1,0.00153634,136.19,2024-11-11,2024-11-12
BTC,1N1WKLTvXwbWroQ4E2tBu8tGhoDcjiWiRH,1,0.00032607,28.91,1,0.00032607,28.91,2024-11-12,2024-11-12
BTC,1Fnv4iSajrCz3Xpf6KXEvCStB9KpMTJN4M,1,0.00028264,22.72,1,0.00028264,25.06,2024-11-11,2024-11-12
BTC,1NbY3vB6YcDDwkGDxxDHSF4ChQ2Qw1DAmg,1,0.00022477,19.93,1,0.00022477,19.93,2024-11-12,2024-11-12
BTC,155JrUFbUd8pkXuCLMupeJ58Ro9TnxjPma,1,0.00038025,39.59,1,0.00038025,39.09,2025-05-12,2025-05-13
BTC,1Hdy8yrB6P2AdrNH59BmBUXBpoXHYkmSuM,2,0.00064894,67.36,2,0.00064894,67.36,2025-01-31,2025-05-13
BTC,19HtZcpmXDnq2zT86SjVpDvHnrzo81CGkV,2,0.00021618,20.68,2,0.00021618,20.68,2024-11-29,2024-11-29
BTC,151PyizPe6NvFBAzhfKKChbKVT8ZhvZTKw,1,0.00022416,21.49,1,0.00022416,21.44,2024-11-28,2024-11-29
BTC,12589NXuiHirB6Gkc2htStxcEF5wvN1SLd,1,0.00036805,35.2,1,0.00036805,35.2,2024-11-29,2024-11-29
BTC,18sbYFHTvpn3srZcEGvksKATukTNAZ6NTA,1,0.00016641,15.95,1,0.00016641,15.92,2024-11-28,2024-11-29
BTC,132vebbSVeL3ofTXLZ4QrCQPjeG1ok7r64,2,0.000659,62.53,2,0.000659,62.9,2024-11-29,2024-12-29
BTC,1AumQ7nATg7bdSZRoLuo1DxqKqjEKApxYd,2,0.00046849,44.86,2,0.00046849,44.81,2024-11-28,2024-11-29
BTC,1LUk5jPSBuaUKbSmR31eh5dgJgJT997RUZ,1,0.00047322,45.36,1,0.00047322,45.26,2024-11-28,2024-11-29
BTC,13FWwrRY8ELkaAedsCZsRSFyQG12PFbDJM,2,0.00070486,67.57,2,0.00070486,67.42,2024-11-28,2024-11-29
BTC,1ABbx2edWQAfPW4CtqWTdSsCUFrxzNfyY1,1,0.00042103,40.36,1,0.00042103,40.27,2024-11-28,2024-11-29
BTC,1MQCZNRhgXG6wW7qWsFJ5GWsPLoWBypFRs,1,0.0011094,106.35,1,0.0011094,106.11,2024-11-28,2024-11-29
BTC,18QsWhv3LFJgqMxXdsnzDcF6mQmkyoZP68,1,0.00047244,45.29,1,0.00047244,45.19,2024-11-28,2024-11-29
BTC,1FMcF6xvscT6G6okvsuyzHVkq6HgZ8hr6B,1,0.00016671,15.94,1,0.00016671,15.94,2024-11-29,2024-11-29
BTC,1EZzXgZAZoyZYKrytThNXsRGM9SCSmPBjA,1,0.0004,38.26,1,0.0004,38.26,2024-11-29,2024-11-29
BTC,1LjgzTKRBrS9Scxb4oXQTtpZTCAno9MBfU,1,0.00052579,50.4,1,0.00052579,50.29,2024-11-28,2024-11-29
BTC,12Ku3oEVJnMkxZy1ExEs5skqug7foczdyh,1,0.00026963,25.85,1,0.00026963,25.79,2024-11-28,2024-11-29
BTC,1HV9BD42W3bEchAzQenQ73zcHNqTvfqh2K,1,0.00061581,59.03,1,0.00061581,58.9,2024-11-28,2024-11-29
BTC,19hrsDjDydU4Us67s6N33QSzR7rbv8V9WN,1,0.00017597,16.83,1,0.00017597,16.83,2024-11-29,2024-11-29
BTC,1JGqFBJQ4xUcVHrBpwm2b85sRj8dxZLtX7,1,0.00047031,45.09,1,0.00047031,44.98,2024-11-28,2024-11-29
BTC,174qqwqMn2dw56v9bQk1PARPFoUJRW1NQB,1,0.00085,81.3,1,0.00085,81.3,2024-11-29,2024-11-29
BTC,1GbqdTgt9iqZq7TTxTom6SXTMfL8ehMJ5v,7,0.0008024,81.19,7,0.0008024,81.5,2024-11-28,2024-12-18
BTC,181v6Kw7Mh1imnckQxEQBT5fxFaZVYbKSG,4,0.0009397,93.71,4,0.0009397,92.88,2024-11-28,2024-12-13
BTC,1JnxFMTsZSNKprEQDnzqyNHeMZrg6LKXfU,1,0.00093843,89.96,1,0.00093843,89.76,2024-11-28,2024-11-29
BTC,1GssBN1EaLgXZ8DvJtyRAsj1go62qpVnf7,1,0.00057449,55.07,1,0.00057449,54.95,2024-11-28,2024-11-29
BTC,1JifVcCqPvnzJoZhAXvMPwDVbS96bZRU2n,1,0.00115164,110.4,1,0.00115164,110.15,2024-11-28,2024-11-29
BTC,1PgqCMJFhEZJacN7Aa8YijjguofcA6QiVq,2,0.00262508,251.65,2,0.00262508,251.07,2024-11-28,2024-11-29
BTC,19QtvFf57RcutiX7NuMwB1H3S2p7KBKm7T,1,0.00023965,22.97,1,0.00023965,22.92,2024-11-28,2024-11-29
BTC,1HSsh8kFFvin3xacNT47wWgyKhyYmXW8HY,1,0.00137545,92.26,1,0.00137545,92.26,2024-10-16,2024-10-16
BTC,1AsGhfct7BphreyvDBAwqvKZSY831erDkm,1,0.00062792,42.12,1,0.00062792,42.12,2024-10-16,2024-10-16
BTC,16CgtVZb7gwc33qjcDVosBHrVg4pzKpkQk,1,0.00409347,274.57,1,0.00409347,274.57,2024-10-16,2024-10-16
BTC,1E475a27a2SoswsmKh4PMpRbKVw98eWjHA,1,0.00059994,40.24,1,0.00059994,40.24,2024-10-16,2024-10-16
BTC,14QbAA9YZtAyXr2ERFy6W9u45a5LZCTEim,1,0.00067411,44.55,1,0.00067411,45.22,2024-10-15,2024-10-16
BTC,12YRLMdgXor2xiezHg2Df7JnSJjpe5z8qW,1,0.0014053,92.87,1,0.0014053,94.26,2024-10-15,2024-10-16
BTC,1DyEodTkBApUAdWHiHLcgwjeWxqLRQd8jk,1,0.00016344,10.96,1,0.00016344,10.96,2024-10-16,2024-10-16
BTC,1BFq1HdLheKCYXWDggWBhwto7c6GacSJpN,1,0.00082055,55.04,1,0.00082055,55.04,2024-10-16,2024-10-16
BTC,1PNfL9Ds4GoPCq8g8Ag3t7NeUiNCcGkM85,1,0.00051921,34.83,1,0.00051921,34.83,2024-10-16,2024-10-16
BTC,1Ng67W1xKzx9JedUSR67rSvXWvjaJZaQEd,1,0.00088648,59.46,1,0.00088648,59.46,2024-10-16,2024-10-16
BTC,1GA8NnqMc2dEU6D6t7RGz31zcFciwsVMGY,2,0.00167446,117.78,2,0.00167446,117.87,2024-10-16,2024-11-10
BTC,1C6r7VFXeEr4EXpyzg2FKtYYZP2gU59uc,1,0.00081068,54.38,1,0.00081068,54.38,2024-10-16,2024-10-16
BTC,1HGm6i3dfZHVZ8UPA4t5KhRzFkMWAyrE8D,1,0.00094513,63.39,1,0.00094513,63.39,2024-10-16,2024-10-16
BTC,1MAKRiqC35fY9JaDKYqs5NvUyRujYEoUqC,1,0.00031125,20.88,1,0.00031125,20.88,2024-10-16,2024-10-16
BTC,1L5aYSj6bJjkPwRqmPPirrUgcTyP2Fj921,1,0.00061304,41.12,1,0.00061304,41.12,2024-10-16,2024-10-16
BTC,1EbF9466nd2nwUST8D55RmFouq1xSx5pc6,1,0.000444,29.78,1,0.000444,29.78,2024-10-16,2024-10-16
BTC,1Pt8WtEU7UzCqziAVz8RbKxofQcPFbU3ps,2,0.00307548,195.58,2,0.00307548,199.09,2024-10-11,2024-10-16
BTC,1PckUfEnYZniNPiHFHuXVRFXZXqGK3j3cX,1,0.00114141,76.56,1,0.00114141,76.56,2024-10-16,2024-10-16
BTC,1Bn4Gvfdakf4VHfEp1keGvCtpvWLW67cXS,1,0.0002538,25.95,1,0.0002538,25.95,2025-01-07,2025-01-07
BTC,14EKD2CBS4dFaPpGi2cqXWSBUdHCvABbAC,1,7.059e-05,7.22,1,7.059e-05,7.22,2025-01-07,2025-01-07
BTC,1A1pJpbnVabHsAnReqEcXDfW6kVgekTKyZ,1,0.00030013,29.52,1,0.00030013,30.68,2025-01-06,2025-01-07
BTC,18ryzMKPR8CycXSoH5oP59An6AjwatfxXq,1,0.00026,26.58,1,0.00026,26.58,2025-01-07,2025-01-07
BTC,1Ey9t2waeiBR8p9k23xteFLGwJYkfWbHo7,7,0.00184448,174.16,7,0.00184448,174.94,2025-01-07,2025-01-11
BTC,15kbD6zudbT1EBpC5Ujv87zNH9yzgYwr9m,1,5.054e-05,4.97,1,5.054e-05,5.17,2025-01-06,2025-01-07
BTC,1AZgLpbnGRLnaSza62wX5W1FWaLQxqGz2q,1,0.00111914,114.42,1,0.00111914,114.42,2025-01-07,2025-01-07
BTC,18BExitqxqjcjZxPQewQwFSnomKrGvX5Ja,1,0.00012048,12.32,1,0.00012048,12.32,2025-01-07,2025-01-07
BTC,18mDuX9shnknMQ28mkJcdRNGPtT41hNBzr,1,0.00104903,103.19,1,0.00104903,107.25,2025-01-06,2025-01-07
BTC,1PEsrrgEGSz2BpX4kjR7bE6wufr5bPr7je,2,0.00062732,62.93,2,0.00062732,64.13,2025-01-06,2025-01-07
BTC,1GD4iLSHxpcWi2tAfvUqoj2g9CVhqNoUFP,3,0.00118806,116.4,3,0.00118806,119.39,2025-01-06,2025-01-18
BTC,18BDyC6k3Nwt91cvnFKqe1vdqVrqMCs6Ls,1,0.00012552,12.35,1,0.00012552,12.83,2025-01-06,2025-01-07
BTC,12aL6VXNwiatQ8dT9x8TLpFcAmwTAN5DST,1,0.00044469,45.46,1,0.00044469,45.46,2025-01-07,2025-01-07
BTC,1M2hBksQhM67KPiZ8144vxWrjo9poZp4TT,1,0.00030958,30.45,1,0.00030958,31.65,2025-01-06,2025-01-07
BTC,1HjPQhdi5sbsrn1NDVNFG5zcRLr8yX8KWN,3,0.00128578,125.88,3,0.00128578,126.2,2024-12-23,2025-02-03
BTC,1DTZQAjT3gngJRcKZJSp63zTQcaz5gg6oo,1,0.00027789,27.33,1,0.00027789,28.41,2025-01-06,2025-01-07
BTC,12CPbrQWbv9XJ2YcYsevMub229MYigMQw3,1,7.132e-05,7.02,1,7.132e-05,7.29,2025-01-06,2025-01-07
BTC,15gK6dssEwgvhJ3cukcTuKsM23grjm2GQG,1,9.303e-05,9.51,1,9.303e-05,9.51,2025-01-07,2025-01-07
BTC,18xxt7oDquN8DJrJ3ifu3EoRqJaAkwpvMF,1,0.00039575,38.93,1,0.00039575,40.46,2025-01-06,2025-01-07
BTC,14Gd7Lbe818Kok58iwVqmEZbMe8f63ZM4C,3,0.00123909,123.02,3,0.00123909,126.68,2025-01-06,2025-01-07
BTC,16u7bKdDYsBMMHR8ovXd8Fy2Ppcn6u2Acq,1,0.00036907,37.73,1,0.00036907,37.73,2025-01-07,2025-01-07
BTC,16kLgehipJV6B3mL6Zr6xXHsxLmPMxoux,1,0.00011493,11.3,1,0.00011493,11.75,2025-01-06,2025-01-07
BTC,192RK96GDZFTEsZx4LuCbYL5dubv64zEXc,1,0.00020914,21.38,1,0.00020914,21.38,2025-01-07,2025-01-07
BTC,1JM7L6BHvqMCzzs7XtNGaM4u1NHMVsGmmr,1,0.00013379,13.16,1,0.00013379,13.68,2025-01-06,2025-01-07
BTC,13ZummXDRZXrAR6YSaVgd8cbTA3YWmYsNN,1,0.00022055,21.69,1,0.00022055,22.55,2025-01-06,2025-01-07
BTC,13aDLDi2P4Sksbk1ZTx8bypVkrWbMmEJbC,1,0.00017633,17.34,1,0.00017633,18.03,2025-01-06,2025-01-07
BTC,12uJsbAvWMXvtRj21MQE9uMTnxSQYweKgZ,2,0.00143606,146.82,2,0.00143606,146.82,2025-01-07,2025-01-07
BTC,1JrT5n51iUApL3a296QKWuHCDHuFG2jFoc,1,0.00015882,16.24,1,0.00015882,16.24,2025-01-07,2025-01-07
BTC,1L7iQK4QgqWwPaUW4kQxAtHw8yq7i6RKSy,1,0.0002943,30.09,1,0.0002943,30.09,2025-01-07,2025-01-07
BTC,16dSJCTwesJLo4VrhjMarhyvTBzUenzvLi,1,0.00024693,25.25,1,0.00024693,25.25,2025-01-07,2025-01-07
BTC,16NVjPSec1QuEn9gfMvmiKEnmiuZ2LjVS,1,7.182e-05,7.34,1,7.182e-05,7.34,2025-01-07,2025-01-07
BTC,1GNojAR4qgHiry9MaeCAXJ8k39sofJbCNh,1,7.203e-05,7.09,1,7.203e-05,7.36,2025-01-06,2025-01-07
BTC,1BtwSpHZgPvsovoNWdGGPzU9oe3Hob4CU9,1,0.00041304,40.63,1,0.00041304,42.23,2025-01-06,2025-01-07
BTC,1JnoFxoD9RANaTYavWGFRg6SFBktvT2Sd1,1,2.01e-05,1.98,1,2.01e-05,2.05,2025-01-06,2025-01-07
BTC,1LhF6vZrxYrnxZHeBEWvYJJfmJQbkNH5k9,1,0.00091828,93.88,1,0.00091828,93.88,2025-01-07,2025-01-07
BTC,1PX1QZ9sCRdcjRpLA4gzwWUaZSPFvM9Kru,1,9.708e-05,9.93,1,9.708e-05,9.93,2025-01-07,2025-01-07
BTC,15XNNQojUXifKwvZV8pr4ASBYerkSuapJo,2,0.002035,197.59,2,0.002035,204.3,2024-12-04,2025-01-07
BTC,13KNkZ3SKiEheaJjX3Dbv5NZ5pyEz7esno,1,0.0004588,45.13,1,0.0004588,46.91,2025-01-06,2025-01-07
BTC,1Pwd58XDcaY4shHNVqzi4bAXKsfttYLTjg,1,0.00014312,14.08,1,0.00014312,14.63,2025-01-06,2025-01-07
BTC,1dGqqZsZxsxAYM3PbbEnU9nVGvDs4WRqc,1,0.00013104,12.89,1,0.00013104,13.4,2025-01-06,2025-01-07
BTC,148BgUZ2E89WjpKhH4DBnaaWgnxNFt61aQ,1,0.00023922,23.53,1,0.00023922,24.46,2025-01-06,2025-01-07
BTC,1CbRu9PjXQvYtNFqBoxY9Rop25YVeqZh2V,1,0.00022173,22.67,1,0.00022173,22.67,2025-01-07,2025-01-07
BTC,1sbB852J3HT3GoP7PfBsrz4pggWnTnxKu,1,0.00020493,20.16,1,0.00020493,20.95,2025-01-06,2025-01-07
BTC,1MDrHAhjt2WC7C1WcHVcasBdNnb4dsKh2f,1,0.0009119,89.7,1,0.0009119,93.23,2025-01-06,2025-01-07
BTC,1AaqR8FdHmfJgJfXEtqELRfXuPBwBi4dGi,1,0.00014507,14.27,1,0.00014507,14.83,2025-01-06,2025-01-07
BTC,1AtbYLHvYNozJ7CGaMqG5zXRhmkAcqvAg6,1,0.00035307,34.73,1,0.00035307,36.1,2025-01-06,2025-01-07
BTC,15cRjNLp9V9WrJvitMSCEqE3R6AZyarez3,1,0.0002576,24.29,1,0.0002576,25.33,2024-11-21,2024-11-22
BTC,18ypwKoQjDcWA8HVjNX7C2MMABksuHnbR8,1,0.00010217,9.63,1,0.00010217,10.05,2024-11-21,2024-11-22
BTC,1AMgeeWzrfjWxTeMkbFGc9AjjskZWpqccT,1,0.00070377,66.36,1,0.00070377,69.19,2024-11-21,2024-11-22
BTC,1959m8fus2easH9ChBD1NMTXqpdjRM54qc,1,8.02e-05,7.56,1,8.02e-05,7.89,2024-11-21,2024-11-22
BTC,18MiULqjPL4LbpVYjT1ptg5psiLc3ZuKMS,1,0.00056467,53.24,1,0.00056467,55.52,2024-11-21,2024-11-22
BTC,14dZw9pom5ux9wNZnqQvnWcAytw9AxpysW,1,0.000311,30.58,1,0.000311,30.58,2024-11-22,2024-11-22
BTC,1FZQsR7DZ7pVrN4WgcbEY5FTUUhuHtHJ3Z,1,0.00117187,110.49,1,0.00117187,115.21,2024-11-21,2024-11-22
BTC,1KKVrCTaU936uhkDY4opHiRZKNhepwWGz,1,0.0002972,28.02,1,0.0002972,29.22,2024-11-21,2024-11-22
BTC,1XMnqtrmWE91AEwUHx2YcFBVK9WppNuSv,4,0.0014264,138.27,4,0.0014264,137.96,2024-11-21,2025-03-24
BTC,1H7CL2k5rfAf3EvUPbekMqheNnmeMDQ7LT,1,0.00021214,20.86,1,0.00021214,20.86,2024-11-22,2024-11-22
BTC,13KuJxAaVMcnnwWMsJRTpCJ9XeSgtXnqsA,1,0.00017626,16.62,1,0.00017626,17.33,2024-11-21,2024-11-22
BTC,17LvkuNMscKNfCZAgYgpES62mRPzJBiNuz,1,0.00022168,20.9,1,0.00022168,21.79,2024-11-21,2024-11-22
BTC,1Pybvh6N416mov74NEdPY2vsjHpXiCRk7Z,1,0.00018079,17.05,1,0.00018079,17.77,2024-11-21,2024-11-22
BTC,1GdifHoMLL3p6C8qwe4CJjZWy3Bk6ouGQr,1,0.00096261,90.76,1,0.00096261,94.64,2024-11-21,2024-11-22
BTC,1Ea32H35A8jwhxRXu81MMpzz6HD7qMSYLn,1,0.00014305,14.06,1,0.00014305,14.06,2024-11-22,2024-11-22
BTC,1KWBYncN5te6DE1FbA26uvnrr6dwGCqPQL,1,0.00112144,105.74,1,0.00112144,110.26,2024-11-21,2024-11-22
BTC,1BCyJhnKaGDZMbMdgCWyRgNAiVX49sbvhY,1,0.00025511,24.05,1,0.00025511,25.08,2024-11-21,2024-11-22
BTC,1ECGDycLPxnWpuRhyweos5u916aVKT43DG,1,0.00031261,30.73,1,0.00031261,30.73,2024-11-22,2024-11-22
BTC,1LgM367G5vrgV4GwcFmwAnfyH1i6vBxsuJ,1,0.00038061,26.03,1,0.00038061,26.03,2024-10-20,2024-10-20
BTC,1BsH2yn5wcMs1YjDN79YFMzVEDFSHk5fsP,1,0.0002495,17.06,1,0.0002495,17.06,2024-10-20,2024-10-20
BTC,19KB6vcq8QdeUS34pPE3sErcFnqxGBRQ45,1,0.00137578,94.14,1,0.00137578,94.07,2024-10-19,2024-10-20
BTC,18mnbyG7ixwKMbXZfRGn2x6qPrrZkbCzHP,1,0.00032061,21.92,1,0.00032061,21.92,2024-10-20,2024-10-20
BTC,19ZkZPmzjhunfvpSMryaCDt3rRwdL8GEX1,2,0.00071732,54.84,2,0.00071732,54.77,2024-10-20,2025-01-11
BTC,17fD6dX1MkpaLdzJdqEV6hJGCjCXt4VjF3,2,0.00046936,32.1,2,0.00046936,32.09,2024-10-19,2024-10-20
BTC,19cizWpsUqb7CV3vVcL3gqMWbyKhbWLpBt,1,0.00019467,13.32,1,0.00019467,13.31,2024-10-19,2024-10-20
BTC,1BtTKbHmDRf2XoQ1cRaaFFWCx2NZBE6ZTj,1,0.00032733,22.38,1,0.00032733,22.38,2024-10-20,2024-10-20
BTC,1EdhtFo3U9ihk6fsWNdzST57yo9awhuXy8,1,0.00058681,40.12,1,0.00058681,40.12,2024-10-20,2024-10-20
BTC,12ToXDmDd2sFMF5vSe3GQVD2unmefmPdiD,1,0.00040761,27.87,1,0.00040761,27.87,2024-10-20,2024-10-20
BTC,1HTVGTr5oxLPPTz1mmx9T9a9Pxo3X7y612,1,0.00033193,22.71,1,0.00033193,22.7,2024-10-19,2024-10-20
BTC,19oYYrfvNJZiaZCnhTC7GLer3sUNms3eU6,1,0.00030771,21.06,1,0.00030771,21.04,2024-10-19,2024-10-20
BTC,12q3eWdnW3vqSsMDXkH1UxeoSfsknZX7TV,1,0.000652,44.58,1,0.000652,44.58,2024-10-20,2024-10-20
BTC,19iHXVdFEPpTCXtLCjxTDruAoYDpejz8zH,1,0.00101958,69.77,1,0.00101958,69.72,2024-10-19,2024-10-20
BTC,1PZDxauGkbSLSfhDVRuPMEwZz6npQKZw74,1,0.00044043,30.14,1,0.00044043,30.12,2024-10-19,2024-10-20
BTC,1FgbtvRcBmRwyQSVWePpv5nznY8vTqGLrN,1,0.0003237,22.13,1,0.0003237,22.13,2024-10-20,2024-10-20
BTC,12P2u8PyFxio2Q53DaF5sgczZ9anxhPWTC,1,0.00010397,7.11,1,0.00010397,7.11,2024-10-19,2024-10-20
BTC,1EHCgp8PDuiZtPAwZTcLMwCREXM2wftwi9,2,0.00161202,122.4,2,0.00161202,122.34,2024-10-19,2024-12-15
BTC,1FsM3fQe6h1EsmcVWkzsdpM5vrdZR62wc8,1,0.00073316,50.13,1,0.00073316,50.13,2024-10-20,2024-10-20
BTC,1JsM8TCuUTKhkNYuZNgrBznqB7ymCTiyqP,1,0.00059393,40.64,1,0.00059393,40.61,2024-10-19,2024-10-20
BTC,1DibbQX5QshUrWn8p4U6sGbvpAsWwVQvbV,1,0.00025028,17.13,1,0.00025028,17.11,2024-10-19,2024-10-20
BTC,13zca5k38HKbAVDt3Ym4jmbq73Tk48YRrD,2,0.00060088,41.09,2,0.00060088,41.09,2024-10-20,2024-10-20
BTC,13RapA8tmFNXQPNxWHii5T5yGQARkaTebv,1,0.0052,355.83,1,0.0052,355.57,2024-10-19,2024-10-20
BTC,19X3p2MhT3kzQWsZwHStfXDEUHptVs93QY,1,0.00049725,34.0,1,0.00049725,34.0,2024-10-20,2024-10-20
BTC,1BpYLDeHK75JHs53HMHhepvixmkWJxuz4n,2,0.00151027,102.45,2,0.00151027,102.49,2024-10-20,2024-10-23
BTC,1MgkJEqEEpuNes8odtnfxESSQar395aBcc,1,0.00052328,35.81,1,0.00052328,35.78,2024-10-19,2024-10-20
BTC,1PBWikQK3vnLNvjnKSAWkgbZmkvgDU874K,1,0.00046432,31.75,1,0.00046432,31.75,2024-10-20,2024-10-20
BTC,17qUeVqmMY1giLkM2pr6dpXRSfYZcK2fC3,1,0.00102096,69.86,1,0.00102096,69.81,2024-10-19,2024-10-20
BTC,1E7mG6T35TbdviAuuYAyhApzo6Uuetgiy1,2,0.00021,20.98,2,0.00021,21.62,2025-05-07,2025-05-10
BTC,1Lq2u9KeT75BhNCXNvxWhw7nFr6KZGtRX1,1,0.00020259,19.1,1,0.00020259,19.19,2025-05-05,2025-05-06
BTC,12irGpWHLRXzMk96ZAjfALtyc1FKKXBHZf,1,0.00094918,92.33,1,0.00094918,91.68,2024-12-10,2024-12-11
BTC,156c6JoyYGNS5t6encDWwTVZYSVmN63irj,1,0.0003355,32.64,1,0.0003355,32.41,2024-12-10,2024-12-11
BTC,1KBoGHiuDn9CbkaDnoRycY6kH1Wc9nkW7a,1,0.00097107,94.46,1,0.00097107,93.8,2024-12-10,2024-12-11
BTC,1BrutSw6H2KEEtwSi96jc5TazFa7nDzb9F,2,0.00022695,22.08,2,0.00022695,21.92,2024-12-10,2024-12-11
BTC,1NyKKwPsJzEKgcMz8fT4Me8pEQ9rvaY27H,1,0.00056979,55.43,1,0.00056979,55.04,2024-12-10,2024-12-11
BTC,1DzR8zynMm7iKjoWmB5DmMg6LJcSGsJunh,12,0.00165,165.15,12,0.00165,165.39,2024-12-08,2024-12-18
BTC,18EUHKHTr2ysXD365C7x6pD4kT1D2GD1qD,1,0.00035484,34.52,1,0.00035484,34.28,2024-12-10,2024-12-11
BTC,18rMoiz7ywWWZcNA6SsjJAxJKfdu4RDNsB,3,0.00343865,333.02,3,0.00343865,336.56,2024-11-25,2024-12-26
BTC,1FiE17vgUrXmNTmgMHqAcTb5NiLJ43wbsz,1,0.00106181,103.29,1,0.00106181,102.56,2024-12-10,2024-12-11
BTC,16n9uqihv8v3LXupArJoVKsywHNandepF4,1,0.00026558,25.83,1,0.00026558,25.65,2024-12-10,2024-12-11
BTC,1DA8Sn1ViGSq3JvqZFUbeHgS66EDRGj2ZK,1,0.0003664,35.64,1,0.0003664,35.39,2024-12-10,2024-12-11
BTC,1LVCwjdbZJsgBjWU6BczYc16AoimAi7fY2,1,0.00073043,71.05,1,0.00073043,70.55,2024-12-10,2024-12-11
BTC,12mYWhAa1CkjMucn7qJSepyfASRU31Vdjv,1,0.00020477,19.92,1,0.00020477,19.78,2024-12-10,2024-12-11
BTC,1PDTZrYkUUfsjsPRCwDeaFWsscHXwzM9gv,1,0.00056863,54.93,1,0.00056863,54.93,2024-12-11,2024-12-11
BTC,1ELGoSJ3eAmm4g26zkcAcHbYRLUuhSNRB,1,0.00020781,20.07,1,0.00020781,20.07,2024-12-11,2024-12-11
BTC,1QJr9z4TV9FU3Qm5iNegm4Yn5CAdWzw2sz,1,0.00041583,40.17,1,0.00041583,40.17,2024-12-11,2024-12-11
BTC,1Ew8MaxtFUYT1SZFbTkoAtxQc4Fb1AMy8f,2,0.00157928,151.49,2,0.00157928,150.75,2024-12-10,2025-01-11
BTC,1GPPtnZNgg6ki2DHuydxZzDfbVZ8qkatCv,1,0.00036876,35.87,1,0.00036876,35.62,2024-12-10,2024-12-11
BTC,1MWeLJLcjuJdVAR7VoTf1dppczqV2FCAuM,1,0.00020351,19.8,1,0.00020351,19.66,2024-12-10,2024-12-11
BTC,15RaR8Bv662Tb3xWLXoKfvNTYFvV3QfcWZ,1,0.00021524,20.94,1,0.00021524,20.79,2024-12-10,2024-12-11
BTC,17opoC3YXDgwvBiTu4t7Uf1cRhhStrDE8S,1,0.00021967,21.37,1,0.00021967,21.22,2024-12-10,2024-12-11
BTC,14aVCNfY8tZ6mwLUTxZHXPgEKJT9CJ5G3y,1,0.00113033,109.18,1,0.00113033,109.18,2024-12-11,2024-12-11
BTC,1FVTuNSmc8vJpSs6bQKrcrfHATdhj3yyi4,1,0.00046374,44.79,1,0.00046374,44.79,2024-12-11,2024-12-11
BTC,1D3XEZzs2uUCh7qQJrtcMoFY2pz1Ve6G4M,1,0.00025883,25.18,1,0.00025883,25.0,2024-12-10,2024-12-11
BTC,1HMPsJ9WU2gncHUoNXBHoidjwUNJT2ioLb,1,0.0002168,20.94,1,0.0002168,20.94,2024-12-11,2024-12-11
BTC,12JXvdDQezTeMErxzwxWhb95dMBCpxzRbf,2,0.00194184,188.28,2,0.00194184,190.62,2024-12-10,2024-12-13
BTC,18yerTDb7DXWq3YJ8tXr2kEWwjCXebwRxw,1,0.00036617,35.62,1,0.00036617,35.37,2024-12-10,2024-12-11
BTC,173XNdNRg5YjTmKGyyU1TGQybvbqXnu6P3,1,0.00016475,15.91,1,0.00016475,15.91,2024-12-11,2024-12-11
BTC,13gbgYK3DDWNJrygKg6BHhqpPstdm6xRAZ,1,0.0002169,21.1,1,0.0002169,20.95,2024-12-10,2024-12-11
BTC,121SXfdvzUrtAwKzJbQhyin1FMAQs64H9r,1,0.00106081,103.19,1,0.00106081,102.47,2024-12-10,2024-12-11
BTC,1KEr9MdtD9pGiGaD2rM8ezuS3uGiRbG9mL,1,9.019e-05,8.71,1,9.019e-05,8.71,2024-12-11,2024-12-11
BTC,1kG7TsKJ9sNpHjxpPPLQ4YtWHyHStMoSX,1,0.00044076,42.88,1,0.00044076,42.57,2024-12-10,2024-12-11
BTC,1LkKEFe7B41auitUYHTz5EbqMvBN5ByxgR,1,0.00021659,21.07,1,0.00021659,20.92,2024-12-10,2024-12-11
BTC,15JVwqECDSnArwGR8sViutpgfQtyaGrfE9,1,0.00056699,55.15,1,0.00056699,54.77,2024-12-10,2024-12-11
BTC,13ZAG2WTM22mvsHWPo9S9XTBFVkPZV6tfy,1,0.00056777,55.23,1,0.00056777,54.84,2024-12-10,2024-12-11
BTC,17no8K74qgiGQyduRwV3GeKbsJavJVNUPN,1,0.00047384,46.09,1,0.00047384,45.77,2024-12-10,2024-12-11
BTC,1D3Rk2EnFxYYg7doDqEED6E1RUxigFRWh6,2,0.00215659,194.2,2,0.00215659,193.13,2024-12-10,2025-03-01
BTC,1JfhgWRknkH525fYarfnTvZGw8u46ZmbLR,1,0.0008332,56.14,1,0.0008332,56.18,2024-10-22,2024-10-23
BTC,1BmYV9bznbuKcJXwA1YeZ4vpg8RateyHZQ,2,0.00052549,35.41,2,0.00052549,35.43,2024-10-22,2024-10-23
BTC,1Kt7KmYwWMuh6f9ATMCBgmXFDRwggnbE13,1,0.0006408,43.18,1,0.0006408,43.21,2024-10-22,2024-10-23
BTC,1EhSC4Dc6MECLau3TmSnkR5ndmCv7xegue,2,0.00019399,13.08,2,0.00019399,13.08,2024-10-22,2024-10-23
BTC,16j88n2prE5NcRb13ZKZ7iH13SfD38CsY5,1,0.0010009,67.44,1,0.0010009,67.49,2024-10-22,2024-10-23
BTC,1Tez3DvyuN2BBcFs6Fg1Q8Tixc36jk25X,1,0.0005202,35.05,1,0.0005202,35.08,2024-10-22,2024-10-23
BTC,1HMMWrAfht51w2wLf5147vY4EuGCdiLx3o,1,0.00152328,102.71,1,0.00152328,102.71,2024-10-23,2024-10-23
BTC,1GGEfrCjdw6RKEKvPsmp7URyTLF9sGDgoD,1,0.00074738,50.36,1,0.00074738,50.39,2024-10-22,2024-10-23
BTC,18hoL9JjtGSmy8TByYSaGP7fV6JxcMjyeh,1,0.00080239,54.06,1,0.00080239,54.1,2024-10-22,2024-10-23
BTC,12MRnVBjWNPXNH5fLyUyyim36TjrToKijt,1,0.00199367,134.43,1,0.00199367,134.43,2024-10-23,2024-10-23
BTC,1GGZcLMCvAmyS7EgoymVGmotfcFytjpDUo,1,0.00057237,38.56,1,0.00057237,38.59,2024-10-22,2024-10-23
BTC,1M9ZgvdyAWx2cSxS8biX6PrzLsZURF9f7n,1,0.0007427,50.08,1,0.0007427,50.08,2024-10-23,2024-10-23
BTC,14fbMGJWLf7L3MN1gwuz2QfC3d9EqTpBJD,1,0.00030562,20.59,1,0.00030562,20.61,2024-10-22,2024-10-23
BTC,1HzPveqF7iX3DWmLW198czoJEismzBkbXf,2,0.00133683,90.08,2,0.00133683,90.14,2024-10-22,2024-10-23
BTC,1Pm78NHyrnQct1b9VnN15LGdzoC3buXFA3,1,0.00144769,97.61,1,0.00144769,97.61,2024-10-23,2024-10-23
BTC,1M8Zu57RKi3vHKqR47SMxj9NCaLgYPW743,2,0.00133515,89.96,2,0.00133515,90.02,2024-10-22,2024-10-23
BTC,1BFGeY43UQ4aun11cV2GMiroNGtA1dW2vK,1,0.0002884,19.43,1,0.0002884,19.45,2024-10-22,2024-10-23
BTC,1PpsgM5WJHBEQacd86cfU57BVSK4ieP1bv,1,0.00014831,9.99,1,0.00014831,10.0,2024-10-22,2024-10-23
BTC,19JM72GyyxL1F6MyH9DmvKjPpwR7ShSzZh,1,0.00014801,9.97,1,0.00014801,9.98,2024-10-22,2024-10-23
BTC,14bpi8sFy4jcqBYvYoeFYHU9DSEi52Ftju,1,0.0005983,40.31,1,0.0005983,40.34,2024-10-22,2024-10-23
BTC,1Lng2iyYMkQAYCoFjjvt7U8JSwmokuqi1P,1,0.00039358,26.52,1,0.00039358,26.54,2024-10-22,2024-10-23
BTC,1JBcavSqRA5F8rQkRWQfZvzMUDUgU6Ab8r,1,0.00045275,30.53,1,0.00045275,30.53,2024-10-23,2024-10-23
BTC,1Cv4jePU5SJKnb6DVhKdMeeDQxgpRmRKRu,1,0.00154036,103.79,1,0.00154036,103.86,2024-10-22,2024-10-23
BTC,12BspQqY1EJY74e9tzT8datGtp4c68gjhv,1,0.00074264,50.04,1,0.00074264,50.07,2024-10-22,2024-10-23
BTC,1DhEbhKnt77MKsrqveEXzPpXrtaqYpLchn,1,0.00052177,35.16,1,0.00052177,35.18,2024-10-22,2024-10-23
BTC,14Mf7QvVfYGGRNCNVwHZ8eH1XWZTU766x9,1,0.00080057,53.94,1,0.00080057,53.98,2024-10-22,2024-10-23
BTC,1EcNWfkoSFg8xK9nLVEXsKDWRVsyuQX25,1,0.00027559,18.57,1,0.00027559,18.58,2024-10-22,2024-10-23
BTC,1Ew4GdDbPz7pr1vDFgdC2pSVTbqQXmR4yd,1,0.00049733,33.51,1,0.00049733,33.53,2024-10-22,2024-10-23
BTC,1LF5nV45UicP1N29iUJ6HCYpstioc3GRBJ,1,0.00020115,20.38,1,0.00020115,20.38,2025-01-29,2025-01-29
BTC,114oHfpYJUF51X4ZT45R8pdEZsSQ1Egr76,3,0.00113566,98.06,3,0.00113566,99.32,2025-01-28,2025-03-21
BTC,1EWqf6kC32V7aYdx8zLrxZbV9DP1zo9osC,2,0.00065209,64.98,2,0.00065209,64.98,2025-01-29,2025-02-15
BTC,1MpY8eyi9SytkeWtgrZXE6x33cn16kKTco,1,0.00043174,43.75,1,0.00043174,43.75,2025-01-29,2025-01-29
BTC,1LKkikvyQGoz26G9jK1u3GjPDQ15azVq26,1,0.00065566,66.44,1,0.00065566,66.44,2025-01-29,2025-01-29
BTC,16FTXev1fCxjoxwsTFvbQ5kPeFonyehNVb,2,0.00040457,41.3,2,0.00040457,41.0,2025-01-28,2025-01-29
BTC,1D6S47m85sYDwPtAtpynGWSG447KApzZPg,1,0.00031697,32.12,1,0.00031697,32.12,2025-01-29,2025-01-29
BTC,1EMXrhbG4EUeobxt7pD6ekc646U2etUDrr,3,0.00058444,59.44,3,0.00058444,59.22,2025-01-28,2025-01-29
BTC,1Q4UB1kYM3vW9fg6c7ZFSZZo3RaodeWSet,1,0.0002074,21.17,1,0.0002074,21.02,2025-01-28,2025-01-29
BTC,146Xt4hci9yUi1EABqjYxfJg46NCwqTvZT,2,0.00049821,51.23,2,0.00049821,51.54,2025-01-29,2025-01-31
BTC,1JPnHW1W2ry5A3rJ7Zr1bhTDyN9GmEBUX8,1,0.0004432,44.91,1,0.0004432,44.91,2025-01-29,2025-01-29
BTC,1FRwujccmbTWPpFMHE1peobhYz8Uve9Hsd,2,0.0017306,176.66,2,0.0017306,175.37,2025-01-28,2025-01-29
BTC,1CtpwjBGtHuJkAtP3CAXpFxQvGEbY3quNs,1,0.00039943,40.48,1,0.00039943,40.48,2025-01-29,2025-01-29
BTC,125fkgCrqoYZFJmKWYPyZ4qhCWxwT3Je4H,1,0.00019617,19.88,1,0.00019617,19.88,2025-01-29,2025-01-29
BTC,1EC4fGwrLToaVFeJYv3ffkwtUeG3h3hyPC,1,0.00016361,16.58,1,0.00016361,16.58,2025-01-29,2025-01-29
BTC,1H4vc7vKvdGDE9JUi2WUfyySn6XBx4oeho,1,0.00067334,68.23,1,0.00067334,68.23,2025-01-29,2025-01-29
BTC,15fABSHmwK3sUqNXxBYUayaKQzxvGuV6AP,3,0.00410389,415.87,3,0.00410389,422.32,2025-01-29,2025-01-31
BTC,12mo639kVj69zv7aGVzuTnBowHLAHKghhs,1,0.00044381,44.97,1,0.00044381,44.97,2025-01-29,2025-01-29
BTC,1JBULg3RJAL3tUq5nsToMKBpGPxsSavnGa,1,0.00034937,35.4,1,0.00034937,35.4,2025-01-29,2025-01-29
BTC,1JxFhpNTR8NSkiqM7gCWWPDYMtAjPZMnSJ,1,0.00060248,61.5,1,0.00060248,61.05,2025-01-28,2025-01-29
BTC,1EHhTPeMzJ6CUXzdJyYDpnhU3m6pyLJVCz,1,0.00031332,31.75,1,0.00031332,31.75,2025-01-29,2025-01-29
BTC,124rght66LT1ER89nTs2duBsso3Qd6dpaZ,1,0.00025417,25.95,1,0.00025417,25.76,2025-01-28,2025-01-29
BTC,184SXojVgxD8j8K17HougamycX8uLejKjX,1,0.00121801,123.43,1,0.00121801,123.43,2025-01-29,2025-01-29
BTC,1L3CxBxxCgYubWx1VcMeEmmFbmrG6uLKjR,1,0.00045643,46.59,1,0.00045643,46.25,2025-01-28,2025-01-29
BTC,1KuHpPqdVjBP2nYPLBJasm6sfzENukkAH1,1,0.00110952,112.43,1,0.00110952,112.43,2025-01-29,2025-01-29
BTC,17ANEN9DramJunf8CpdiWCemVCsXAKgPXL,1,0.00048689,49.34,1,0.00048689,49.34,2025-01-29,2025-01-29
BTC,16guPArBFixGTh3yDYKTkn64f7s1w5GXh3,1,0.00020549,20.98,1,0.00020549,20.82,2025-01-28,2025-01-29
BTC,12DHc6qhmx28HLxVgaTKXe8WTf2XgPx2Yw,1,0.00012013,12.26,1,0.00012013,12.17,2025-01-28,2025-01-29
BTC,17XsEC8fQzHr6eJrYe1SBp1Gxog91MD6oZ,1,0.00020787,21.06,1,0.00020787,21.06,2025-01-29,2025-01-29
BTC,1KDhE2sUr34AX9duNjFgzz5NdAziHvMmDT,1,0.00099042,101.1,1,0.00099042,100.36,2025-01-28,2025-01-29
BTC,1A8HsGacpbMbdj3zgdmdr16jgNgVoFYeeK,1,0.00067381,68.28,1,0.00067381,68.28,2025-01-29,2025-01-29
BTC,1B1YRYBH6CSrd6yVSbxs7knkJs6VKFXX5i,1,0.00019491,19.9,1,0.00019491,19.75,2025-01-28,2025-01-29
BTC,1Nu5z3S8Wbsqwn5b67GFRZksGzsCFSHT5J,1,0.00092428,93.66,1,0.00092428,93.66,2025-01-29,2025-01-29
BTC,14fZGpbjVkjg5mDX3N3dQgo1ddS8qogEpX,1,0.00049063,49.72,1,0.00049063,49.72,2025-01-29,2025-01-29
BTC,1D3Pje1KxjNwwyPwPZzmmA9xQtkWxg4shG,1,0.00048119,49.12,1,0.00048119,48.76,2025-01-28,2025-01-29
BTC,1HgzYv1iCCPCJgNA4KHRMiSY8Tj6jKZ6wG,1,0.00010869,11.01,1,0.00010869,11.01,2025-01-29,2025-01-29
BTC,1NBGHGLCrsEPFxzwWJiMcJQW1jut33LRYT,1,0.000196,19.86,1,0.000196,19.86,2025-01-29,2025-01-29
BTC,19E3y5rPEt1sEYEPqF972Kx8JYCiNqhbpr,1,0.00056103,57.27,1,0.00056103,56.85,2025-01-28,2025-01-29
BTC,1H3CSNpoKm7FP18yAnNpSvAyXVqHAgT5Qg,1,0.00035151,35.62,1,0.00035151,35.62,2025-01-29,2025-01-29
BTC,18HH4ZtcvrgZC2VxaoM47dJqdE6er53LHG,1,0.00023383,23.7,1,0.00023383,23.7,2025-01-29,2025-01-29
BTC,1LKyxCYotfMeG7pZ7heLwLHS2341zGyBj1,1,0.00041239,41.79,1,0.00041239,41.79,2025-01-29,2025-01-29
BTC,1FgyE2PdprLfFffukAnNa6HKCsEattuhto,1,0.000513,52.37,1,0.000513,51.99,2025-01-28,2025-01-29
BTC,1LEPekuX8WdG2oM7iyR7bdhnoJSwFa8Lfh,2,0.00070106,71.04,2,0.00070106,71.04,2025-01-29,2025-01-29
BTC,19QbWcjWLzkqWY9nWSNKaKcQYmBJSytGwd,1,0.00030201,30.83,1,0.00030201,30.6,2025-01-28,2025-01-29
BTC,1co1mDmnJeGVPwEo59ZeMRxpZCMHA5NY3,1,0.0013604,137.86,1,0.0013604,137.86,2025-01-29,2025-01-29
BTC,1Mr77M4bqmvzx7mJ1CF8rz3KxAQ9Pho8S2,1,0.00032451,32.88,1,0.00032451,32.88,2025-01-29,2025-01-29
BTC,1DyauVLTmN1eV6hTdPKo31M97LHkuzmAR8,1,0.00011061,11.21,1,0.00011061,11.21,2025-01-29,2025-01-29
BTC,1MTNaaDPw9uPYKYcQckwVmpEWMMgYK97UL,1,0.0002779,28.37,1,0.0002779,28.16,2025-01-28,2025-01-29
BTC,1Pz5QyDAnj2i6Q7vJuUGBefRa7t4vjWk6Z,1,0.00085837,53.68,1,0.00085837,53.68,2024-10-12,2024-10-12
BTC,1A2uWCu82ecVvdgCg4i2pEQbPBrchhJMSz,1,0.0001917,11.99,1,0.0001917,11.99,2024-10-12,2024-10-12
BTC,1G5c1wQXjKcsuQx7CC7CrofMGCLBrCiSm3,1,0.00024455,14.75,1,0.00024455,15.29,2024-10-11,2024-10-12
BTC,15DyrqHYJA9iWMviuhutDqPXgAzjoscXEw,1,0.00035055,21.15,1,0.00035055,21.92,2024-10-11,2024-10-12
BTC,19GYhDoXFbdDTjD3k81pz2Y2E1b4voakU4,1,0.00071046,44.43,1,0.00071046,44.43,2024-10-12,2024-10-12
BTC,1KoahTbRbKsd6tepr7XHxYrsHjLDHZ1RNp,1,0.000318,19.18,1,0.000318,19.89,2024-10-11,2024-10-12
BTC,18Hk2NuZUAa6UjnDNSJT2uWGXN7VQYdavc,1,0.00030701,18.52,1,0.00030701,19.2,2024-10-11,2024-10-12
BTC,1AFEswo1uoT638vzNTihKbA3djYdxxZMoZ,1,0.00071499,44.72,1,0.00071499,44.72,2024-10-12,2024-10-12
BTC,1HQzwZUYcz3WWVCszbU3YRYMrbUR3WqofS,1,0.00145771,91.17,1,0.00145771,91.17,2024-10-12,2024-10-12
BTC,1PtA2zNgTwE3wyAEEa6vojVYMyyc9HataF,1,0.00159014,95.93,1,0.00159014,99.45,2024-10-11,2024-10-12
BTC,1CVUUYdsPfm4xVuRGjkwcBuYoArSKXK3HU,1,0.001592,96.04,1,0.001592,99.56,2024-10-11,2024-10-12
BTC,1GyDJm5sewfS32EFdGYEBprSrXczQBLRUH,1,0.00071755,44.88,1,0.00071755,44.88,2024-10-12,2024-10-12
BTC,17WxYS9HN311b8V9pPd21XWXPa1K7mKujH,1,0.0012075,75.52,1,0.0012075,75.52,2024-10-12,2024-10-12
BTC,1EEoiArEQ6fzPK2SWpxUB8qDxs6og5egqD,1,0.00053478,32.26,1,0.00053478,33.45,2024-10-11,2024-10-12
BTC,1BY9zJfqq2k29qrRv7tJ83PXUuiJG576yQ,1,0.00030706,18.52,1,0.00030706,19.2,2024-10-11,2024-10-12
BTC,1PHNgiSousFngtiKFw5g2ukVvtkydx8u6u,1,0.00134851,81.35,1,0.00134851,84.34,2024-10-11,2024-10-12
BTC,1KzYJAFAoBoL51g43eXWz5tgMV8R2s2L9J,1,0.00035917,21.67,1,0.00035917,22.46,2024-10-11,2024-10-12
BTC,1MrtYGq3Jjw5DS9Q7Dm8CapzZ7MdkE6V5j,1,0.00026657,16.08,1,0.00026657,16.67,2024-10-11,2024-10-12
BTC,149uwKNDz4y3WioEvEcNVid2xHaYo9HGoe,1,0.00092396,55.74,1,0.00092396,57.78,2024-10-11,2024-10-12
BTC,1CmpbSdtdChJE1CdH4KJmijFzU54F19SgX,1,0.00042669,25.74,1,0.00042669,26.69,2024-10-11,2024-10-12
BTC,1Ltidm729Khhdo8Vyhq6KDDzvwWm3EhdTX,1,0.0002087,12.59,1,0.0002087,13.05,2024-10-11,2024-10-12
BTC,1KfbPrDRz4u6gZMC9JPChFECLbT42XWTpg,1,0.0008178,49.33,1,0.0008178,51.15,2024-10-11,2024-10-12
BTC,1KxcJ8aVqpN9Rr4As8tfvHTkYeW7WxxRjh,1,0.0002114,12.75,1,0.0002114,13.22,2024-10-11,2024-10-12
BTC,1FSVWwdjm3mnb35UFZTrj9XjTPvUbZ5Gfn,1,0.00036072,29.8,1,0.00036072,29.8,2025-04-10,2025-04-10
BTC,1LvAegkUwz3C18G4MomqoDPGpVRnXex2cy,2,0.00127336,120.98,2,0.00127336,120.98,2025-02-03,2025-04-10
BTC,1CJgGNwB3VrUkWsqpMMAq4B8U9kpQwoMe6,1,0.00013226,10.94,1,0.00013226,10.94,2025-03-19,2025-03-19
BTC,17SHT5U1dqmjrJXTdm8w1sYRrJ62cBRwAY,4,0.00204398,194.35,4,0.00204398,193.6,2025-01-27,2025-03-19
BTC,1NJJpwBgvtWZQV84H6abgrESYSLzzSHsUG,4,0.00078818,66.66,4,0.00078818,65.07,2025-03-16,2025-04-03
BTC,1Dj4DcyX26XHBfVb6JnMuC3H3289PHirf2,3,0.00084874,80.68,3,0.00084874,80.09,2025-01-28,2025-03-17
BTC,16rF3ci1z26oqXCFWkQYL1kdS2z6qmuxDq,1,0.0002461,20.32,1,0.0002461,20.32,2025-03-17,2025-03-17
BTC,19U6bZbzjAp7eYKEDjGkjKp5UTPtAjuqs1,1,0.00034012,29.28,1,0.00034012,29.28,2025-03-24,2025-03-24
BTC,1FD3EmLU37QGShbmnVWCpGJXD99kE9XSkw,1,5.008e-05,5.14,1,5.008e-05,5.11,2025-01-27,2025-01-28
BTC,15ynvznxDbTxUEDnbChnwdYFBLPnuXY3NJ,1,0.00044141,45.06,1,0.00044141,45.06,2025-01-28,2025-01-28
BTC,1JUZaxierUvvoWZ6vfj5XWJnAnaHcM4Tnc,1,0.00017498,17.86,1,0.00017498,17.86,2025-01-28,2025-01-28
BTC,1GNMLxKDWnCkTg6gtgdM1FNrhsY1DF2H62,1,0.00010399,10.67,1,0.00010399,10.62,2025-01-27,2025-01-28
BTC,1LWEfdF4BKc58uD93JQCky24eNRmbnsnSt,2,0.00439414,449.8,2,0.00439414,448.57,2025-01-27,2025-01-28
BTC,14nJK1mAkBygkWge2aG5dSwrDahgkqmPTG,1,0.00044635,45.56,1,0.00044635,45.56,2025-01-28,2025-01-28
BTC,1EUVPYrhUXwaTdfCKoN51HuGjffBjqqbX4,1,0.00053785,55.19,1,0.00053785,54.91,2025-01-27,2025-01-28
BTC,1CosVpE4vc2iJVH19rhQB6AAjsbMvM8LVp,3,0.00047864,48.86,3,0.00047864,48.86,2025-01-28,2025-01-28
BTC,19yPhQyGffk8j5fmgP6ysz6Mg23oTCb5tH,1,0.00050331,51.65,1,0.00050331,51.38,2025-01-27,2025-01-28
BTC,1GfpB8djfZuS8R8LgAyTDH6G77gNL8eVLA,1,0.00019637,20.05,1,0.00019637,20.05,2025-01-28,2025-01-28
BTC,1PSaDNPKrdWyLMgqKgPFEnAQhfjJigCraw,2,0.00038488,39.5,2,0.00038488,39.29,2025-01-27,2025-01-28
BTC,1FyjsXbK5GKNNZyaAgDKB6PSv9XsB3rkJH,1,0.00111507,113.83,1,0.00111507,113.83,2025-01-28,2025-01-28
BTC,1FmzshUG3s58B63tnaXW5L7av2enyFYBPA,2,0.00028644,29.39,2,0.00028644,29.24,2025-01-27,2025-01-28
BTC,1Ng5kQnAFeYAWXbhxmE8sEWQBRciRHdydw,1,0.00011106,11.4,1,0.00011106,11.34,2025-01-27,2025-01-28
BTC,1i6JNZdiALLfrgT3YL9ZqmPrHHyrAT6DK,1,0.00013686,13.97,1,0.00013686,13.97,2025-01-28,2025-01-28
BTC,152NGHcGrH2vtPnbPow5WGfhPREYAihExV,1,0.00012776,13.04,1,0.00012776,13.04,2025-01-28,2025-01-28
BTC,1LzXHakMQATQfykKCtgKSwAa2fQHQFF2ss,1,0.00051554,52.9,1,0.00051554,52.63,2025-01-27,2025-01-28
BTC,1ErczTT6ruEzepaFMjfiUfUNUkCLCmhkiH,1,6.414e-05,6.55,1,6.414e-05,6.55,2025-01-28,2025-01-28
BTC,12qaqJLbjr9g5JnznQodnhNXG72u4sECaY,1,0.0004571,46.91,1,0.0004571,46.66,2025-01-27,2025-01-28
BTC,15fEfEYPXjVRm1KgMr2Pb8mmt5kQXakTS1,1,0.00014218,14.51,1,0.00014218,14.51,2025-01-28,2025-01-28
BTC,17shiPVPYkhM5fQPo7oLQUGT3W8gmyoX85,1,0.00013835,14.2,1,0.00013835,14.12,2025-01-27,2025-01-28
BTC,183LNjEbcyUMJNh2LynnyhMbA1ajG87VUg,1,0.0006991,71.74,1,0.0006991,71.37,2025-01-27,2025-01-28
BTC,1N9pteh5BzUZWSwQ2sSsqiZbuKD6N6jHe1,1,0.00017496,17.95,1,0.00017496,17.86,2025-01-27,2025-01-28
BTC,16DRzgbJKKrwdbVKNyHh5GLyh7ayrzfQ93,1,0.00029662,30.44,1,0.00029662,30.28,2025-01-27,2025-01-28
BTC,13mDiUoXhZEsm6bEpMDC17ZDTPAQ43ASuf,2,0.00050073,51.69,2,0.00050073,51.85,2025-01-27,2025-01-31
BTC,1EqyK3bvpV3XXWcFoXCRenGZQ57bK6zvnN,1,0.00034261,34.97,1,0.00034261,34.97,2025-01-28,2025-01-28
BTC,1JGeFNSwv3KEmu88baRtxR1ExHt1AS99rV,1,0.0002027,17.6,1,0.0002027,17.07,2025-03-20,2025-03-21
BTC,12nUGKt7BA3k9Sm3SD1i1zMwXkB3TH4cEd,1,0.00026516,26.04,1,0.00026516,26.08,2025-01-05,2025-01-06
BTC,1Fv8tAmTLZ9qmDpPecbjA3WyXY7MafFMu6,1,0.00013046,12.81,1,0.00013046,12.83,2025-01-05,2025-01-06
BTC,1BZRZMd1M7yT8o1pBHhcAZgBt9wxsjxFgg,1,0.00033625,33.07,1,0.00033625,33.07,2025-01-06,2025-01-06
BTC,1KteE7yxLkdABtFNmM2GyBTbGevEP4auT5,1,0.00158655,155.83,1,0.00158655,156.06,2025-01-05,2025-01-06
BTC,1Cfy3RNoXLFMqhZJxAa83VLtU2pcEzYaz8,1,0.0008658,85.16,1,0.0008658,85.16,2025-01-06,2025-01-06
BTC,1FWozJu1mF5Jh6XDpm8rvrGCCJoQ6ok9A9,1,0.00014373,14.14,1,0.00014373,14.14,2025-01-06,2025-01-06
BTC,1E5XRY8XGGgRczQhU7zhARPwc9LfaE5JZk,1,0.00051586,50.74,1,0.00051586,50.74,2025-01-06,2025-01-06
BTC,1A9yUoqMaR1eujynT61hiDq1oaP6kTKbG6,2,0.00068259,67.04,2,0.00068259,67.14,2025-01-05,2025-01-06
BTC,13DPKyWVNz5Q2bw9nAHbn3Vo8TfTYUTyfb,1,0.00042155,41.4,1,0.00042155,41.47,2025-01-05,2025-01-06
BTC,1FVJ7wvbbH3HV5qPZYqNy1FWRGMWFeSXWy,1,0.00046175,45.35,1,0.00046175,45.42,2025-01-05,2025-01-06
BTC,18ub1RV3LNvdCDUsb18pnLC8gVmfCz4zR6,1,0.001486,145.96,1,0.001486,146.17,2025-01-05,2025-01-06
BTC,18efdeCMY1QsWJjSE5wgXfNrzCUT26j8b8,1,0.00021558,21.17,1,0.00021558,21.21,2025-01-05,2025-01-06
BTC,13wXceqDk8bdgdEbpx1EQ6NRyrenw2eA1M,1,0.00101011,99.36,1,0.00101011,99.36,2025-01-06,2025-01-06
BTC,13kNvrnCWRWhHve7oGapJPx7YcJXiqZ9K4,2,0.00035569,34.97,2,0.00035569,34.99,2025-01-05,2025-01-06
BTC,1DmtTviNhSCEuv8cTUt1pB8RDcTKVokwn6,1,0.00010664,10.49,1,0.00010664,10.49,2025-01-06,2025-01-06
BTC,1DDHngc9VJY3Bo6GD1ZztvtVdfCLDKQSiu,1,0.00041181,40.45,1,0.00041181,40.51,2025-01-05,2025-01-06
BTC,1F78wLCc81ZCFhLPfq1wuc5ThZ8hVP7qp6,1,0.00011343,11.14,1,0.00011343,11.16,2025-01-05,2025-01-06
BTC,1KhFdf9zUNtP7iaPuR42BGRyVDphdPDWzR,1,0.00057,55.99,1,0.00057,56.07,2025-01-05,2025-01-06
BTC,14ZsSpuJDzizEemWQSbR2qhqjAMYwA1EbU,1,0.00021611,21.23,1,0.00021611,21.26,2025-01-05,2025-01-06
BTC,19MfovoganBW98NZQMwkjshD5Y1TnszEsv,1,0.00095736,94.03,1,0.00095736,94.17,2025-01-05,2025-01-06
BTC,1Hso5s5D7wG4fTTBNd2wCgKAEbzR8xgKh2,1,0.00018,17.71,1,0.00018,17.71,2025-01-06,2025-01-06
BTC,1Mks7x9tzPqwdjFdwngVvWnuUq2gygkPGS,1,0.00240731,236.45,1,0.00240731,236.79,2025-01-05,2025-01-06
BTC,1AtjS14AQGmZMfLnG4EeQ8Mic3QAwf2PLq,1,0.00055585,54.68,1,0.00055585,54.68,2025-01-06,2025-01-06
BTC,1CPeEkHMqvbL8nQufDKS76KgLyGjsxA8Lt,1,0.00045681,44.87,1,0.00045681,44.93,2025-01-05,2025-01-06
BTC,1Jb2SThrvF5YfkZHjBjgoyLyAKNND6xmAN,1,0.00041215,40.48,1,0.00041215,40.54,2025-01-05,2025-01-06
BTC,1JJDa3v7p91Yst28U9pJTZefwJeb6yqnu5,1,0.00095763,94.2,1,0.00095763,94.2,2025-01-06,2025-01-06
BTC,1Q3mgStHxbALoKtxfuCK7CT6Z8ASryDQtw,1,0.00031402,30.84,1,0.00031402,30.89,2025-01-05,2025-01-06
BTC,1159RhhEDN1eb61mUKuHNe5QWmLvHRh887,1,0.00015475,15.2,1,0.00015475,15.22,2025-01-05,2025-01-06
BTC,1Lpwvn3JsHtFYYVyoprAcPWMk1xVtNr4UJ,1,0.00058153,57.2,1,0.00058153,57.2,2025-01-06,2025-01-06
BTC,1bMkHjagop2QxfMVwt4zroK7sVdcN8Bke,1,0.00039766,30.49,1,0.00039766,30.49,2024-11-10,2024-11-10
BTC,16CQbZYnmskPwox8fAujqvAyM58jKTPWCV,1,0.00028917,22.17,1,0.00028917,22.17,2024-11-10,2024-11-10
BTC,1EdRcfttWYjfXh6P3syUphMVkWxkzXhS5Z,1,0.00022311,17.11,1,0.00022311,17.11,2024-11-10,2024-11-10
BTC,19z2ehtptEU8mfwNTdxLhYno6fQyjQmeNc,1,0.00032541,24.95,1,0.00032541,24.95,2024-11-10,2024-11-10
BTC,1NP215T8wXZggvYRB2TpACaTzzKfocEt4h,1,0.00025143,19.28,1,0.00025143,19.28,2024-11-10,2024-11-10
BTC,1HQyDdzbJ1dqnQn8J4YxRB8ETgGkTjy4eh,1,0.00123699,94.85,1,0.00123699,94.85,2024-11-10,2024-11-10
BTC,1Fg8uGErM5gzooyV9mKgE6o471mf9yPdJi,1,0.00023138,17.74,1,0.00023138,17.74,2024-11-10,2024-11-10
BTC,1EhfXjYZf2xrRJ3DvhsTJUavud4ZW5RsbX,1,0.00022651,17.37,1,0.00022651,17.37,2024-11-10,2024-11-10
BTC,18k7EbKiPdMsJrZC56yctiKQC5Uhno2z4m,1,0.00016201,12.42,1,0.00016201,12.42,2024-11-10,2024-11-10
BTC,1A4jGCpwV8wX2iGDhAKCt929PoT27SkycB,1,0.00032531,24.94,1,0.00032531,24.94,2024-11-10,2024-11-10
BTC,1NV2EM5y3ttsa5P9KdobmJ8xK6HDme45ML,1,2.532e-05,1.94,1,2.532e-05,1.94,2024-11-10,2024-11-10
BTC,1Ps8DxnCoobfLF9cipDmowXWGsqB9Hxkop,1,0.00061002,46.77,1,0.00061002,46.77,2024-11-10,2024-11-10
BTC,1EDNNmDeCwVJoBLK6rrQyHtf4yFyJUHiuV,1,0.00047395,36.34,1,0.00047395,36.34,2024-11-10,2024-11-10
BTC,1L9Pqya9ijuu38R4srSMoPLCd2YVft5XA6,1,7.584e-05,5.82,1,7.584e-05,5.82,2024-11-10,2024-11-10
BTC,1GevrqvqJavTA9pEmkTz9mn4H9t7oVaYJs,1,0.00062526,47.94,1,0.00062526,47.94,2024-11-10,2024-11-10
BTC,18mWGiZcfUXEMu3mfcRL1wE5CKmoPVrTQr,1,0.00073862,56.64,1,0.00073862,56.64,2024-11-10,2024-11-10
BTC,1B79zZDMmZe82JfHbBpYL6MzVYJgt9u4Dv,1,0.00085504,65.56,1,0.00085504,65.56,2024-11-10,2024-11-10
BTC,1BEuoBmXSBUTqigVcyWa8zVwbJ6ywVkUpy,1,0.00061283,46.99,1,0.00061283,46.99,2024-11-10,2024-11-10
BTC,19pDCgYSbgXR7NcQyCvkjBq98tHcyPNt3y,1,0.00048994,37.57,1,0.00048994,37.57,2024-11-10,2024-11-10
BTC,1QCf81sLLz2pKqMsLvUMnJeoqABVWBfhWU,1,0.00026014,25.65,1,0.00026014,25.65,2024-12-05,2024-12-05
BTC,1AhqoFjXayA2nKRB9fQZ3WUUStsqq2keq3,1,0.00045622,43.73,1,0.00045622,44.98,2024-12-04,2024-12-05
BTC,14Uz3HLiuwWrLMmjpq7zPLrrSyLes54DiN,2,0.00034505,33.07,2,0.00034505,34.02,2024-12-04,2024-12-05
BTC,1Ac4fx7AUM1hAM9HyP6yX8EiXiwMxcXrZP,1,0.00015,14.79,1,0.00015,14.79,2024-12-05,2024-12-05
BTC,12K7MiDFxhZZDZCURojV3Ne9qN8f5uRn5J,1,0.00037216,36.69,1,0.00037216,36.69,2024-12-05,2024-12-05
BTC,1MGCfHZVTvt6xiqitqHPcaKFBuQFHAaE3e,1,0.00067389,66.44,1,0.00067389,66.44,2024-12-05,2024-12-05
BTC,1jBoRKXWQh2J8WDPE42pmetoYUvznxdJ7,1,0.00026093,25.72,1,0.00026093,25.72,2024-12-05,2024-12-05
BTC,16QPvngJAQUzRLcnBp7y3htekrgvhozEqJ,1,0.00035215,34.72,1,0.00035215,34.72,2024-12-05,2024-12-05
BTC,129m552QP5NnWMMPpb6Ko6w9DD49gZcX2d,5,0.00348728,344.3,5,0.00348728,345.22,2024-12-05,2025-01-11
BTC,1EM5iAGA48QFTKqkkduKEWQmnRqzMkApy2,1,0.00021409,20.52,1,0.00021409,21.11,2024-12-04,2024-12-05
BTC,18z552m9P6Vk4EEhNE3cEJc8eddhTb9yTn,1,0.00029031,28.62,1,0.00029031,28.62,2024-12-05,2024-12-05
BTC,13FL84US45RCqFiCddtUhUYoD92DfXdHcY,2,0.00032804,31.44,2,0.00032804,32.34,2024-12-04,2024-12-05
BTC,19rXenhpCa8ar4TCUKbFzpMfMDtd51N6CF,1,0.00021801,20.9,1,0.00021801,21.49,2024-12-04,2024-12-05
BTC,1CxwiN5hkXeZ1GmE2GrXX79TBxthhrjXmD,1,0.00025995,24.92,1,0.00025995,25.63,2024-12-04,2024-12-05
BTC,16QzqnMkUeqfSmmuBmVzVDPDiFKE4WYFry,2,0.00040495,39.92,2,0.00040495,39.92,2024-12-05,2024-12-05
BTC,1LQGcDkeySKcGdbMib98i173nXVnJMWDKb,1,0.00018465,17.7,1,0.00018465,18.2,2024-12-04,2024-12-05
BTC,1KWGNh4goFQwH12ohtRxPi94d5Xt7HFyki,1,7.753e-05,7.64,1,7.753e-05,7.64,2024-12-05,2024-12-05
BTC,1Np94LRVJPdyf2wwmCufF66QaJmvKzTNR7,1,0.00047086,48.93,1,0.00047086,49.38,2025-01-24,2025-01-25
BTC,1DcV2hz33ZstGuDKSTjSPEorQUc4moRy8U,1,0.00070307,73.06,1,0.00070307,73.73,2025-01-24,2025-01-25
BTC,1FWXid1Dck5TgxMfNmtyddHCfz51Ju8Gpq,1,0.0002381,24.97,1,0.0002381,24.97,2025-01-25,2025-01-25
BTC,1NPxhwx2GxzEvbTNwRsvjRSiGrh9fijY1,1,0.00090463,94.0,1,0.00090463,94.87,2025-01-24,2025-01-25
BTC,1HKTSRbDFhUU6CfDCCPjzrfbmf2P2fAVpD,2,0.0005436,56.49,2,0.0005436,57.01,2025-01-24,2025-01-25
BTC,1JkfyYq8KTPL94Yqf7bPs69bnqvyTzaNhH,1,0.00035261,36.57,1,0.00035261,36.98,2025-01-23,2025-01-25
BTC,19WikwPgY6oCXeRmcXNXL78w1cjmXKDLGV,1,0.00034314,35.59,1,0.00034314,35.99,2025-01-23,2025-01-25
BTC,1C8zsp1KdmQPc3cJkScSpEMF4iMU6M3wj6,1,0.00017101,17.73,1,0.00017101,17.93,2025-01-23,2025-01-25
BTC,1Au3UfB294HGbTb722mYdAjPXm8tC2KCVS,1,0.00090861,95.29,1,0.00090861,95.29,2025-01-25,2025-01-25
BTC,1KSEvzQhaLNnysfUkMeoW4GFSWBhbQfMrc,1,0.00024797,25.77,1,0.00024797,26.0,2025-01-24,2025-01-25
BTC,13gs35JRkSDDN9VCXJstUxmp9LxmvQ1jwR,1,0.00030246,31.43,1,0.00030246,31.72,2025-01-24,2025-01-25
BTC,19xUUCc2dGQgWVW3AmwQSKQ5GstZUCry3S,1,8.118e-05,8.44,1,8.118e-05,8.51,2025-01-24,2025-01-25
BTC,1Kgmdeh5m1pK7H9Qs6MeEfUi3MFikL4Lpn,1,0.00089241,92.73,1,0.00089241,93.59,2025-01-24,2025-01-25
BTC,1JaktSVWo1KNKkgzXi7LJCKrJu6k1ukisk,2,0.00052106,53.39,2,0.00052106,54.49,2025-01-17,2025-01-25
BTC,16Xqer81xtbZ61Ccu5TygEskrA3g8Tibmf,1,0.00026175,27.2,1,0.00026175,27.45,2025-01-24,2025-01-25
BTC,1HaSXqSJo2656G7d1gFCxJD871MsN2HocB,1,0.00035281,36.66,1,0.00035281,37.0,2025-01-24,2025-01-25
BTC,1Kokq5mN4cRJYbyHSGKvn13m74so19VhUZ,1,0.00095151,98.87,1,0.00095151,99.79,2025-01-24,2025-01-25
BTC,1Dz76ro1e8N3V1w2j6i5yQvGk6EaG6sMHq,1,0.00015392,16.14,1,0.00015392,16.14,2025-01-25,2025-01-25
BTC,19mPmzXik76N3EjGK8vzEc2EKBGN4UxoDL,1,0.00033348,34.65,1,0.00033348,34.97,2025-01-24,2025-01-25
BTC,1BHbD4tK7b2SPbWjvmNfedJesuc3wvtDCY,1,0.00130967,136.09,1,0.00130967,137.35,2025-01-24,2025-01-25
BTC,1BY5UjHTk4M7YjL7vf8di5TrFyAW6b5xKr,1,0.0002,20.78,1,0.0002,20.97,2025-01-24,2025-01-25
BTC,1J2KKsLaanYJg4ZsS7up1AERbENZxJWA9v,1,0.00052651,55.22,1,0.00052651,55.22,2025-01-25,2025-01-25
BTC,1FHnxkeyUT7WSfifX3doPLLG4BpGDrbFT4,1,0.00012385,12.87,1,0.00012385,12.99,2025-01-24,2025-01-25
BTC,1NQS8xE9RfyJZtYDTBTtrvMWKU3pwgAjf3,1,0.00013961,14.51,1,0.00013961,14.64,2025-01-24,2025-01-25
BTC,1HENLPjZqMNvio7rvYj7hRPduhiukuapdv,1,0.00090114,93.64,1,0.00090114,94.5,2025-01-24,2025-01-25
BTC,1Mp5XqXUGk9QfgrAyGovkiNRv8gQtLpNcr,1,0.00011507,11.93,1,0.00011507,12.07,2025-01-23,2025-01-25
BTC,1JmdhjxNsbKN1SAonboLLjTMSMdaWKLbQK,1,0.00018049,18.75,1,0.00018049,18.93,2025-01-24,2025-01-25
BTC,1MiY85oGZh74ceQE3hFSf63w4xD3ayWexX,1,0.00019218,19.97,1,0.00019218,20.15,2025-01-24,2025-01-25
BTC,1GBMYBqtUYWQv5wnmJg7BdYedEHZQgikzR,1,0.00188958,196.35,1,0.00188958,198.16,2025-01-24,2025-01-25
BTC,1JiWhnkSB8mDTjc5GBuzQQ2oBGMBHeJe2c,1,0.00019006,19.75,1,0.00019006,19.93,2025-01-24,2025-01-25
BTC,1Cr8bvrFp189ASr2tf4zUxgXHU3y35Zpse,1,0.0001909,20.02,1,0.0001909,20.02,2025-01-25,2025-01-25
BTC,1NNobAKqdzKnPMdCFLzZMmgApmFV6nmvDw,1,0.00034218,35.49,1,0.00034218,35.88,2025-01-23,2025-01-25
BTC,1JGx4azT7j4a7G4i6iDUHaznQnujbiy8tC,1,7.7e-05,7.99,1,7.7e-05,8.08,2025-01-23,2025-01-25
BTC,1CRPEjnH7dfZNQsRe3n3554Dq7MYEYgk7g,1,0.00056736,58.95,1,0.00056736,59.5,2025-01-24,2025-01-25
BTC,12myQyz9MzXuQ8MR7Sf84r57sDm34ovgHQ,1,0.00028704,29.83,1,0.00028704,30.1,2025-01-24,2025-01-25
BTC,1LxYTK8U5YBqkp3mVfVhKpr46T9mPU6atk,1,0.00015626,16.24,1,0.00015626,16.39,2025-01-24,2025-01-25
BTC,1BVM6dZRkPBmmntakRiG6TN7PmQh7CbABX,1,7.724e-05,8.1,1,7.724e-05,8.1,2025-01-25,2025-01-25
BTC,15ppZWw2RREJrBWwdTjhhCAhGauNt5csXp,1,0.00032649,33.86,1,0.00032649,34.24,2025-01-23,2025-01-25
BTC,12cKUiaKQR3BWh814y4k5EpKKZ86iFQm89,1,0.00011039,11.45,1,0.00011039,11.58,2025-01-23,2025-01-25
BTC,1B8dfnfgAxQSLVTZ8ynPMiYpMajMhgfnds,1,0.0001072,11.24,1,0.0001072,11.24,2025-01-25,2025-01-25
BTC,169oirrbcnxXCpovJu6Kzn6zpn5Y6BeEXs,1,0.00034862,36.23,1,0.00034862,36.56,2025-01-24,2025-01-25
BTC,1AE57QbJnXVN7HRhBwfsWnFYgixiZRg2Tq,1,0.00024416,25.37,1,0.00024416,25.61,2025-01-24,2025-01-25
BTC,19UvrRTLTVVo3Eiz9VWf6bxiy5hZqNW4Eq,1,0.00028647,30.04,1,0.00028647,30.04,2025-01-25,2025-01-25
BTC,19UbnjcsQ6Mjb6SvmgAsdJiMY4GQCvnjR1,4,0.0077979,766.59,4,0.0077979,769.04,2025-01-24,2025-05-04
BTC,17jTV2mxpYgtvrhZurFaPeBP6Q88No7fK4,1,0.00036,37.41,1,0.00036,37.75,2025-01-24,2025-01-25
BTC,1KK6tz8TMDGbdnxHM17VoZp5A5yDJZNVBV,1,0.0004059,42.57,1,0.0004059,42.57,2025-01-25,2025-01-25
BTC,1AQBFEmKsoBxvnrBDjD49zDQRnDR7Nc1UT,1,0.00015911,16.53,1,0.00015911,16.69,2025-01-24,2025-01-25
BTC,1D7a17hwZTPCWeLiwh4QeMdLFnYtVi58kf,1,0.00018071,18.78,1,0.00018071,18.95,2025-01-24,2025-01-25
BTC,18ShoUKsUNmkQicbaEX3xTeT5YMsz1xfF3,1,0.00034627,35.98,1,0.00034627,36.31,2025-01-24,2025-01-25
BTC,1CCsPp6zw9pYZWEVBvTb3oKNNcYUkfNgLR,1,0.00023133,23.99,1,0.00023133,23.99,2025-01-23,2025-01-23
BTC,1FYLqSteYyFdLtzUZAY11g1mGwfJPDGNXZ,1,0.00013365,13.86,1,0.00013365,13.86,2025-01-23,2025-01-23
BTC,1MG87zehr5cqXG2wxUMR2QC3MXNesw1YYN,1,0.00045335,47.02,1,0.00045335,47.02,2025-01-23,2025-01-23
BTC,1MQ7grJHYthu9En8vxWAwPXe6AkE77UQBx,1,0.00089504,92.82,1,0.00089504,92.82,2025-01-23,2025-01-23
BTC,14DMgFUDASyHkTgHdL6yJvSNep82bWvLPv,1,0.00068311,72.51,1,0.00068311,70.84,2025-01-22,2025-01-23
BTC,12BzZMVmX1qowm55pSU3cUP5t5vU7eChKj,1,0.00027981,29.02,1,0.00027981,29.02,2025-01-23,2025-01-23
BTC,1DFVEooXjrohVbNSv3mR9a1kchgGCW2q9o,1,0.00017105,17.74,1,0.00017105,17.74,2025-01-23,2025-01-23
BTC,1FpHUngs1vDRCuZetERYXYh1p6rA4mnvFG,1,0.00057695,61.24,1,0.00057695,59.83,2025-01-22,2025-01-23
BTC,1Fwnvj6Mnf7mrVUboT23LYVRRqP4T7mcTJ,1,0.00020302,21.05,1,0.00020302,21.05,2025-01-23,2025-01-23
BTC,17MBY1ukvdagPWb5Y6Y4XnnzFNwmBQURoA,1,0.00013751,14.26,1,0.00013751,14.26,2025-01-23,2025-01-23
BTC,12kYVUpRy97p6iZRX4XHJynDJwxvjaSAJZ,1,0.00033977,35.24,1,0.00033977,35.24,2025-01-23,2025-01-23
BTC,1GW84HyeNz6URq6y12nNVBybThkph4dX4n,1,0.00090648,94.01,1,0.00090648,94.01,2025-01-23,2025-01-23
BTC,1JquQUmNgJMZKvJACLcFUsiX6sLxapAicE,1,0.00025489,26.43,1,0.00025489,26.43,2025-01-23,2025-01-23
BTC,17NVDza6thR3EXpv4Drew6Fq6WRKz12hQX,1,0.00088877,92.17,1,0.00088877,92.17,2025-01-23,2025-01-23
BTC,1FMYbPqPdu4XJpNXFG8x9At37vibJtThUW,1,0.00020024,20.77,1,0.00020024,20.77,2025-01-23,2025-01-23
BTC,1JWHn8ABW8nMZGhprSmJAvkgLnR2U949Uu,1,0.00084252,87.37,1,0.00084252,87.37,2025-01-23,2025-01-23
BTC,1Dv791MGBmVGW66Z5GV76FWJ5YSpx8PkWc,2,0.00057522,59.74,2,0.00057522,59.74,2025-01-18,2025-01-23
BTC,18oVGsRSi5pK8yvCrZZdAgyhDCviG6wDfn,1,0.00022294,23.66,1,0.00022294,23.12,2025-01-22,2025-01-23
BTC,1KyGVSATHz1J8FpJXgzuj77xR6iQrNTL7C,1,0.00020474,21.23,1,0.00020474,21.23,2025-01-23,2025-01-23
BTC,12Jwy98nJvLrzzzmCjH52fkUfWhUmLekfr,2,0.00085867,89.05,2,0.00085867,89.05,2025-01-23,2025-01-23
BTC,1JEjgLqkeSn2YTYyfpAgbANY5S1w7gc27v,2,0.00072838,75.54,2,0.00072838,75.54,2025-01-23,2025-01-23
BTC,1Pnni7X183V9kWjXqeqKzfVdLP9etUCpqZ,1,0.00024477,25.38,1,0.00024477,25.38,2025-01-23,2025-01-23
BTC,1B3C77uZUJKLetvxmoW9iWazrf6bonZjTx,1,0.00032584,33.79,1,0.00032584,33.79,2025-01-23,2025-01-23
BTC,1Kmm3zDQVVuJ1W9sKybd4EoL7qToVTAyT4,1,0.00026277,27.25,1,0.00026277,27.25,2025-01-23,2025-01-23
BTC,12Vuc1bpTrsPUrGf9gAf24asxgnLwCsH1h,1,0.00034159,35.43,1,0.00034159,35.43,2025-01-23,2025-01-23
BTC,19GDcQQuhYqDEaJYA15e7PoQ4Xruevsusd,1,0.00020329,21.08,1,0.00020329,21.08,2025-01-23,2025-01-23
BTC,14fyf2SuvDbjgnHwGX4V7CxtSm4xsjiPeM,1,0.00138184,143.31,1,0.00138184,143.31,2025-01-23,2025-01-23
BTC,1HoLVYC9yS4f9QA7GdTxNMQawhPp4T8ebu,1,0.00027899,28.93,1,0.00027899,28.93,2025-01-23,2025-01-23
BTC,12JT8LwW4meqMPvtEJ2B8UKnmnPzCPMwCP,1,0.00018325,19.45,1,0.00018325,19.0,2025-01-22,2025-01-23
BTC,1B3RVV7PrgqpuPtGwFXQrU7LTfmSEe7RU5,1,0.00023199,24.06,1,0.00023199,24.06,2025-01-23,2025-01-23
BTC,1D4wy8u3z85KrJT9vYkFKHcqS52RuVbxNd,1,6.424e-05,6.66,1,6.424e-05,6.66,2025-01-23,2025-01-23
BTC,1Pc9Y8rhDs7TAhszCV4nWEB6ZC71FbTBRj,1,0.000206,21.36,1,0.000206,21.36,2025-01-23,2025-01-23
BTC,1AvoWJPXr5xcdFhNnwmQdzdPHgWEcNgUKW,1,0.00015562,16.14,1,0.00015562,16.14,2025-01-23,2025-01-23
BTC,1CMtW7hC1hP23RyRghQCidhhA6hpfQ1kKN,1,0.00043084,44.68,1,0.00043084,44.68,2025-01-23,2025-01-23
BTC,1NHqSjGYUmFZysQhVWrmxVyKdjRP3WLuKF,2,0.00153168,152.27,2,0.00153168,152.27,2025-01-11,2025-01-23
BTC,15Pn2Kwt8CGcLpA2Zm6DADR9ptyaDsFMw6,1,0.00072744,75.44,1,0.00072744,75.44,2025-01-23,2025-01-23
BTC,1QH6PmGM6HHicejnsL4bAzutnomsEJFZMG,1,0.00068152,72.34,1,0.00068152,70.68,2025-01-22,2025-01-23
BTC,1H3N6pQ7Eq1eHxmn6Geh3WDRQ5v4ncYu1Y,1,0.00012747,13.22,1,0.00012747,13.22,2025-01-23,2025-01-23
BTC,1Dg7KLU6hQc3aXQPZ3QWrRFUGbyPknBFTP,2,0.0002027,21.02,2,0.0002027,21.02,2025-01-23,2025-01-23
BTC,16PtKWuEiwWEgpU5La8HDvytW4TvtQvY4F,1,0.00043007,44.6,1,0.00043007,44.6,2025-01-23,2025-01-23
BTC,1BzwEZj8B8krfxyn9nQPtvBg5gTwgV61h8,1,0.00043024,44.62,1,0.00043024,44.62,2025-01-23,2025-01-23
BTC,1NZLjSryP7YLV8D6n2efkR1dqF6HXCWHpX,1,0.00015902,16.49,1,0.00015902,16.49,2025-01-23,2025-01-23
BTC,1KzokN67iW7FPVZBdrDdPqwxRRR3EhR8za,1,0.00066094,64.62,1,0.00066094,63.86,2025-02-05,2025-02-06
BTC,1PgHNiZNLaMxLe4NjDVRRKwHQu65SccFy8,5,0.00146157,150.87,5,0.00146157,149.31,2024-12-12,2024-12-19
BTC,1Q13euAmyZDgG79Aj6R4YSv8uLu81BpZu7,1,5.91e-05,6.17,1,5.91e-05,6.27,2024-12-16,2024-12-18
BTC,1AnrgEJckb1TPexCEPycfmvNpqQeoWcNub,1,0.00011481,11.99,1,0.00011481,12.19,2024-12-16,2024-12-18
BTC,1LmmLxm2vZrfFdnk4TT66ctkW3PXb3wzaF,1,0.00037594,39.27,1,0.00037594,39.9,2024-12-16,2024-12-18
BTC,17xxt19xvxTrajzuieySwUvwCAap5UZVGt,1,0.00020193,21.09,1,0.00020193,21.43,2024-12-16,2024-12-18
BTC,1PpEpiWxM56shEr7GDh9tFa4Dv8Rx4astD,1,0.0002,20.28,1,0.0002,21.23,2024-12-15,2024-12-18
BTC,18ceD3NCetmco1HmxLAXtiajqFidyNkJfM,1,6.686e-05,6.98,1,6.686e-05,7.1,2024-12-16,2024-12-18
BTC,1Jsx1tZ3uFor64GcfKqJ2Tg7brWDY6nRu5,3,0.00062157,63.36,3,0.00062157,64.9,2024-12-14,2024-12-18
BTC,1BuHcJsgk33VMg2jMZ22hoY2Vd1ysjNHbo,1,0.00039201,39.76,1,0.00039201,41.61,2024-12-15,2024-12-18
BTC,13KKMhxtPecQsGyeL4z8ZRwE7iL7SicA47,1,0.00024304,24.65,1,0.00024304,25.79,2024-12-15,2024-12-18
BTC,18bfMVeRtE2ARbkMKT4zSmDr4eiTwyUzZr,1,0.00012008,12.74,1,0.00012008,12.74,2024-12-17,2024-12-18
BTC,1L8zrQwtU7QjsZsKFuxRpPzxAbYMi5Va2d,4,0.00105514,109.84,4,0.00105514,109.88,2024-12-14,2024-12-18
BTC,1NzPhHbdNHbHy1B5D6vh7wzW3ztCTXTaL2,1,0.00012319,12.87,1,0.00012319,13.07,2024-12-16,2024-12-18
BTC,1EkwknqzU9oCqcCw2FLjdQDfopQJEm8uGQ,1,0.0004551,46.16,1,0.0004551,48.3,2024-12-15,2024-12-18
BTC,1C7gTtDb3nLUZnnT4nh8iQ6AceDTYxWMmr,1,0.00010604,11.08,1,0.00010604,11.25,2024-12-16,2024-12-18
BTC,1LAgm3kHNomyDU2p3NV6MkYRfRbyX2zTBg,1,0.00028659,29.94,1,0.00028659,30.42,2024-12-16,2024-12-18
BTC,1BbYdCeydFx6Gx6BPh2CLesD3Y3gEo1gtG,1,0.00041316,43.82,1,0.00041316,43.85,2024-12-17,2024-12-18
BTC,17w79uoPnikvTaHWxwhYNVqRLKYoUityqx,1,7.883e-05,8.23,1,7.883e-05,8.37,2024-12-16,2024-12-18
BTC,1AwEriHwnc1c3sKyFquusPE1bi5ARs2H6Z,1,0.00033274,34.76,1,0.00033274,35.31,2024-12-16,2024-12-18
BTC,1Cx8QG5DrA1cAdqUPccbpdDX51uumoN6z3,1,0.00014963,15.87,1,0.00014963,15.88,2024-12-17,2024-12-18
BTC,1PDFK12jP1uVgdy6JHgs5m2AnjPJrCpAXi,2,0.000598,61.07,2,0.000598,61.52,2024-12-16,2024-12-19
BTC,1D1jWxd8btQDkzWU2yKX41oJSuiK4am1sf,2,0.00039585,40.78,2,0.00039585,41.13,2024-12-15,2024-12-18
BTC,1EP349bv1hiSiFUYS1qRLkwE97kJF5dZ7C,1,5.995e-05,6.36,1,5.995e-05,6.36,2024-12-17,2024-12-18
BTC,12158rWmh1L2Af7RHJVr6nqyQ3TZVvg5qk,1,0.0002002,20.91,1,0.0002002,21.25,2024-12-16,2024-12-18
BTC,1BptLaEr6TFtWeHqfho6MjNgP271TZmfvQ,1,0.00135789,141.85,1,0.00135789,144.12,2024-12-16,2024-12-18
BTC,179HK7MYPmVrKTnpexvRcPy2VBNdtc2d6K,1,0.00022298,23.29,1,0.00022298,23.67,2024-12-16,2024-12-18
BTC,15k1CynnGTdsLTzzYHhXpPcLFqMzx82G22,1,0.00110724,115.67,1,0.00110724,117.52,2024-12-16,2024-12-18
BTC,1EUAQshdG4wez23bk6Zp6HT5xPujAPZw14,1,0.00013288,14.09,1,0.00013288,14.1,2024-12-17,2024-12-18
BTC,1TEWm2uSUJ26xNptrg3z7ukwLWuxQQbPz,1,5.823e-05,6.18,1,5.823e-05,6.18,2024-12-17,2024-12-18
BTC,197vKqDrfVV3At916rgZZypCwKhN4hNH5b,1,0.00031696,32.15,1,0.00031696,33.64,2024-12-15,2024-12-18
BTC,1GuZXSQraZxxDhdcNbZjVi9w1Wnso2cfJ3,1,6.014e-05,6.38,1,6.014e-05,6.38,2024-12-17,2024-12-18
BTC,1MABVm33Ldi47nhs5XoR1R5XPfKjxhGT5C,1,0.00024201,25.67,1,0.00024201,25.69,2024-12-17,2024-12-18
BTC,1QBs3LXfWMa9nup2f6BAfJMKSAoi95ELmU,1,0.00088622,92.58,1,0.00088622,94.06,2024-12-16,2024-12-18
BTC,1HWvzwzCKY22c69dFLEt2cRcFAfFCX3ZGU,1,0.00051411,53.71,1,0.00051411,54.56,2024-12-16,2024-12-18
BTC,12B81itnmD7oS3Yv9pNvowgPNqKcWBF48Y,3,0.00032048,32.5,3,0.00032048,33.19,2024-12-15,2024-12-18
BTC,127iaQPbAHyF8QatdNg9iR8B4c4jjyjyFd,1,0.0001307,13.65,1,0.0001307,13.87,2024-12-16,2024-12-18
BTC,12SBbcpKWnFoJBVQe5Gf7KtxjHrLyPpNvS,2,0.00034139,35.94,2,0.00034139,35.19,2024-12-16,2024-12-19
BTC,17gc8P3QUkfKpZoQHuVAi3byZQ7vqja9T8,1,0.00037567,39.84,1,0.00037567,39.87,2024-12-17,2024-12-18
BTC,1GzcsA4zXxE6hgoNhKcjd93pi1t67WFTct,3,0.00100797,102.43,3,0.00100797,102.46,2024-11-25,2024-12-18
BTC,1A5AV71EGPN3YadPvwWJYPcsMx8hL79Akm,1,0.00019883,20.77,1,0.00019883,21.1,2024-12-16,2024-12-18
BTC,1DyW5GzRbuBtgwjknAyNegK7nZMEJLjdij,1,0.00010338,10.8,1,0.00010338,10.97,2024-12-16,2024-12-18
BTC,18m4SK3ayCtXNZ4ck7GkCbfugg7XYpfACo,2,0.00067899,70.41,2,0.00067899,70.08,2024-12-15,2024-12-19
BTC,16yfjBQL9YL99owFLcaPGv8usjbzfPV6ee,1,0.00017258,18.3,1,0.00017258,18.32,2024-12-17,2024-12-18
BTC,1K4m3njJ7thYwwyuSgKqPtnVznDuvYhYr,1,0.00152837,159.66,1,0.00152837,162.21,2024-12-16,2024-12-18
BTC,12wLsJCWk6wGPiseNGVedARvdexpGqSZiq,1,0.00048382,49.07,1,0.00048382,51.35,2024-12-15,2024-12-18
BTC,1MjiPghMu2Ptq1QJ8Vsc3ueqbpVMwicDvX,1,0.00181227,189.32,1,0.00181227,192.34,2024-12-16,2024-12-18
BTC,1DAygxFakTHdnSpJrsJrZ4C5aV8mFrUnH4,3,0.00123707,125.47,3,0.00123707,127.54,2024-12-14,2024-12-18
BTC,1HT4opHdrTco2VkMtC3fw48MBgujbEheLu,1,0.00028162,29.42,1,0.00028162,29.89,2024-12-16,2024-12-18
BTC,1Q4LrViSyT2PpGyGi4iBh91R4nFDVQ9ihE,1,0.00021852,21.39,1,0.00021852,21.39,2024-11-25,2024-11-25
BTC,18bc8ZLbVnnGy6J5VLSTKiCk1K6erBzyrZ,1,0.00016974,16.62,1,0.00016974,16.62,2024-11-25,2024-11-25
BTC,183vBi8Doh1x4Z7ZdBLgg3hYHhLBn4omDJ,1,0.00082604,80.87,1,0.00082604,80.87,2024-11-25,2024-11-25
BTC,1F8Lk8cHPyEUSZs7QfXWveuC3dkbR1EwjF,1,0.00027246,26.67,1,0.00027246,26.67,2024-11-25,2024-11-25
BTC,1Lp3rLS6zAGKmGUxLz89QCw7eR8HcQjVZK,1,0.0002703,26.46,1,0.0002703,26.46,2024-11-25,2024-11-25
BTC,1EENn8ysNsCpceYrmCKfTtknwbEHg3o7j1,1,0.00047377,46.38,1,0.00047377,46.38,2024-11-25,2024-11-25
BTC,1J5b77nSVLiCKdPUQkMHhwqQ5Q4DZBTAh3,2,0.00137269,134.39,2,0.00137269,134.39,2024-11-25,2024-11-25
BTC,13gfbZTnkccRoYAMuzRGJqdiJWpizBZKah,1,6e-05,5.87,1,6e-05,5.87,2024-11-25,2024-11-25
BTC,13Wd9CzVexTJQWdkNkzfyw966dUQDQwJxq,1,0.0002695,26.38,1,0.0002695,26.38,2024-11-25,2024-11-25
BTC,1LfjRvycaPGhiWg1vLrW7L4X5nHhLtuNX8,1,0.00104481,102.29,1,0.00104481,102.29,2024-11-25,2024-11-25
BTC,135oXNAicecXAjgG4bC9hhLBeo8SStD8Wr,1,0.00067612,66.19,1,0.00067612,66.19,2024-11-25,2024-11-25
BTC,15mwNZg1SyErrnqZURV4fSLjCtNNhCsiCu,1,0.00053622,52.5,1,0.00053622,52.5,2024-11-25,2024-11-25
BTC,12fHYEUPGpQLLRRMSuTME9X7aqKqwwPweL,1,0.00048114,47.1,1,0.00048114,47.1,2024-11-25,2024-11-25
BTC,1JF9cZW6tXfHBpCLCsWvHZsqR1SgnUd4fB,1,5.081e-05,4.97,1,5.081e-05,4.97,2024-11-25,2024-11-25
BTC,17XnpTvAKQzz3r6UsQN85CTZjEf9oVvcMv,1,0.00046733,47.26,1,0.00046733,46.74,2024-12-12,2024-12-13
BTC,1A2JhXtL1rNLyNmwqvCtB6Hkv9zZqFSQsb,2,0.00298153,299.84,2,0.00298153,300.27,2024-12-12,2024-12-15
BTC,15QCW5UqDNKrE7SdC2k1bcC1637zXR7Bzn,1,0.00024889,25.17,1,0.00024889,24.89,2024-12-12,2024-12-13
BTC,172YN4GXc6CubCaUg41ux3WqY5LSv6twim,1,0.00099404,100.52,1,0.00099404,99.41,2024-12-12,2024-12-13
BTC,1PKiHV36vUxspoJMmiidY3fS9vLTz51xsU,1,0.00024652,24.93,1,0.00024652,24.65,2024-12-12,2024-12-13
BTC,16prSkMG37DKSZ2UoaeVMvxnyxAMWnS6Cj,1,0.00011967,11.97,1,0.00011967,11.97,2024-12-13,2024-12-13
BTC,1FuhrvKG338CLwJ9wjV7FKEotaGX45hMZL,1,0.00028511,28.83,1,0.00028511,28.51,2024-12-12,2024-12-13
BTC,18jJsWDrRK9o8E4ds2WbfctAsyUeYXTxgt,1,0.00068502,66.17,1,0.00068502,68.5,2024-12-11,2024-12-13
BTC,18jwkeNBPDAQAMnWMuHPUsKqxJPAGeHwqT,1,0.00014638,14.8,1,0.00014638,14.64,2024-12-12,2024-12-13
BTC,1DP7RQZBMmsSRiQMAkEYH5USpBwFSeCobr,3,0.00081981,79.19,3,0.00081981,81.98,2024-12-11,2024-12-13
BTC,1AzsjpkDSpLc4EQfofEsKUmQTxZRoLduy7,2,0.00108807,106.97,2,0.00108807,108.81,2024-12-11,2024-12-13
BTC,1FjdhtNbZWzbbxekg9eqdPxqMYcw6y6hzL,1,0.00017641,17.84,1,0.00017641,17.64,2024-12-12,2024-12-13
BTC,18MtyxUniF7oW73APPckF8MFYVDJwyxtu7,1,0.00025389,24.52,1,0.00025389,25.39,2024-12-11,2024-12-13
BTC,1DUQMLE1wS5y4BmvV84gNbTQKQbD8Wt4ww,1,0.00018938,18.94,1,0.00018938,18.94,2024-12-13,2024-12-13
BTC,12sgtXYaqQaGxeNTBZfpCGUeGRetCcrzkj,1,0.00093649,94.7,1,0.00093649,93.65,2024-12-12,2024-12-13
BTC,1KJoLNQ9xR536J5Rvc93S61hSxD8NbZ5mg,3,0.0007224,72.55,3,0.0007224,72.24,2024-12-12,2024-12-13
BTC,1Ku2Z33NwSh2Ap3jGrsWm1mn3aKmBL53Tx,2,0.00083871,84.81,2,0.00083871,83.87,2024-12-12,2024-12-13
BTC,16kjvFJNu7CKSnAhiNZUWKML8ST3BofFrL,1,0.00091864,92.9,1,0.00091864,91.87,2024-12-12,2024-12-13
BTC,15gtRRZRo8DmXSVU1BRDFrs1f9znBTWJCh,1,0.00023477,23.48,1,0.00023477,23.48,2024-12-13,2024-12-13
BTC,1CYgv9azkkm1tUShKWUkjCTx756Fx1MvXR,1,0.00049153,49.71,1,0.00049153,49.16,2024-12-12,2024-12-13
BTC,13WYjgnBkgguQ1M9sSGH11QmxR6Rke52Bo,2,0.001385,136.98,2,0.001385,138.51,2024-12-11,2024-12-13
BTC,19kMKFwnN44gBHuMU3MX1nkcKGQmWU22Jn,2,0.00053944,52.11,2,0.00053944,53.95,2024-12-11,2024-12-13
BTC,1NJJvFknyffTEV9cG1Cvrt2NE52SUghv1v,1,0.00027995,28.0,1,0.00027995,28.0,2024-12-13,2024-12-13
BTC,1BiX1bkohdJcczPEpiEqWvLYLLK715xPQX,1,0.00062193,62.89,1,0.00062193,62.2,2024-12-12,2024-12-13
BTC,17pa4XkZJH9qjSh4Cd3ou13kG4WhvKBm3D,1,0.00013561,13.56,1,0.00013561,13.56,2024-12-13,2024-12-13
BTC,1LxrN4CipQdrkp54XZ8RNE8Tt9WRbvN5tY,1,0.00049449,50.01,1,0.00049449,49.45,2024-12-12,2024-12-13
BTC,13p8JvyX3u3KuBwKT5qBpvXN23gwAM2Amj,1,0.0005403,54.64,1,0.0005403,54.03,2024-12-12,2024-12-13
BTC,1KUD517NUmUubFKNpEmdQ4yH36joUbC3Go,1,0.00037062,37.06,1,0.00037062,37.06,2024-12-13,2024-12-13
BTC,1BvooFUREfTB9XAnzwefxWXz9kKN1Au1kd,1,0.00100043,100.05,1,0.00100043,100.05,2024-12-13,2024-12-13
BTC,18phTvQrBVXAfHW6rxqY7zpZKgqzPinS6j,1,0.00026943,26.94,1,0.00026943,26.94,2024-12-13,2024-12-13
BTC,1Lsg7UnQLVR2umvyKFXoRMcnGzCzBrvz58,1,0.00105654,105.66,1,0.00105654,105.66,2024-12-13,2024-12-13
BTC,1141mjYxyVrwrDBZTFuYyxPxoBx4gZKD6N,1,6.847e-05,6.92,1,6.847e-05,6.85,2024-12-12,2024-12-13
BTC,1G4D5MsR4KYHTp8NMfRXMFijuGx15URq42,1,0.00029807,30.14,1,0.00029807,29.81,2024-12-12,2024-12-13
BTC,1CTU6HRbePjx18CkKTvpdmws24R6egWAci,1,0.00074133,74.97,1,0.00074133,74.14,2024-12-12,2024-12-13
BTC,14dTBdtbMapJNJsURCz9AxaDG9M4AHeT5U,1,0.00099465,96.08,1,0.00099465,99.47,2024-12-11,2024-12-13
BTC,1CPVUL4P24Ve7fiM7f1aK7iGkNLuLbwY9z,1,0.00033919,34.3,1,0.00033919,33.92,2024-12-12,2024-12-13
BTC,1DaUSjKX4GVrEmQWZ6Yq7t8UjbJiX57mNy,1,0.00020747,20.75,1,0.00020747,20.75,2024-12-13,2024-12-13
BTC,17k6HmEmKhoNmmTuc1uv7Mev3HnFTr7KhS,1,0.00024792,25.07,1,0.00024792,24.79,2024-12-12,2024-12-13
BTC,1AisReky8uYsDB5KosyhYu4D99rAbDCcrq,1,0.00021953,22.2,1,0.00021953,21.95,2024-12-12,2024-12-13
BTC,1KQRMpa5mzLcaK7G6mq9DG31jc7gv21d9x,1,0.00012905,12.47,1,0.00012905,12.91,2024-12-11,2024-12-13
BTC,1MPwm8gJarkj9ecAmzvwSrRnFrAnqJe1pX,1,0.00103424,104.59,1,0.00103424,103.43,2024-12-12,2024-12-13
BTC,1HyF7yPYPQKM1DQE8hBEpPVSMJDSch5Snj,1,0.000295,28.49,1,0.000295,29.5,2024-12-11,2024-12-13
BTC,1CmZbBdx7yYw57h884S8mhhY7UvzgefmnZ,1,0.00018034,18.24,1,0.00018034,18.03,2024-12-12,2024-12-13
BTC,14KPYNaX3HAseWmNk7TnNPwcmHQHm7pyGW,1,0.00060676,58.61,1,0.00060676,60.68,2024-12-11,2024-12-13
BTC,18tQfhrywyUihxsBgawqYTxMBq6Db4jp85,1,0.00154309,149.05,1,0.00154309,154.32,2024-12-11,2024-12-13
BTC,1GzQxX7WUYZBzkaE7CBhHai6WDufb5Jedf,2,0.00131139,137.5,2,0.00131139,131.35,2024-12-13,2024-12-19
BTC,1FjcWQvR9UtQfkSY1itc4gjAoMW4cVfk8k,1,4.825e-05,4.88,1,4.825e-05,4.83,2024-12-12,2024-12-13
BTC,1EYK58JHbinZnfpr6aHq6daqtdJKXRw2Hm,1,0.00022358,21.6,1,0.00022358,22.36,2024-12-11,2024-12-13
BTC,1GwkvFNBYiC8s5qt9LTv3LHp9FjWSZpbPr,1,0.00013387,13.54,1,0.00013387,13.39,2024-12-12,2024-12-13
BTC,1G2uahwXk6Cenm3iodWnH1CauXPoHzo3Eg,1,0.00070134,70.92,1,0.00070134,70.14,2024-12-12,2024-12-13
BTC,1CQ8RNMqX68bHqJAmgweiBWjhfbhU83Fp,1,0.00018979,19.19,1,0.00018979,18.98,2024-12-12,2024-12-13
BTC,12FLm48rvpCrVecGM79ufdQY7RJJLbNQfT,1,0.00027747,28.06,1,0.00027747,27.75,2024-12-12,2024-12-13
BTC,18DS9txDiePikridEF516KDrBtYNzLMqLz,1,0.00025697,25.99,1,0.00025697,25.7,2024-12-12,2024-12-13
BTC,1JAcr2JfRe9ueF1akykydo8mvCMsHrUfXK,1,0.00022609,21.84,1,0.00022609,22.61,2024-12-11,2024-12-13
BTC,1QJbtjZSvAQ6o28dUYemA521bt1cqFZK4L,1,0.00014114,14.11,1,0.00014114,14.11,2024-12-13,2024-12-13
BTC,16FttCTpuqsEh3Kj1UuGxVsA4CMiGoFnoM,1,0.00010922,11.04,1,0.00010922,10.92,2024-12-12,2024-12-13
BTC,13XSmLSmbFvKL4vUqngRzxrwMCzEemt9vb,1,0.00183278,183.29,1,0.00183278,183.29,2024-12-13,2024-12-13
BTC,131ZxRTcPGeKxg4gWGLfZ7Bn896KPcMJWh,1,0.00076252,52.44,1,0.00076252,52.44,2024-11-04,2024-11-04
BTC,15hnaRvrpkizyHugmv1MjeShGpMY4xdKdm,1,0.00012424,8.54,1,0.00012424,8.54,2024-11-04,2024-11-04
BTC,17iE64Z3DeFaReQx5TECagaow4jKsdCmck,1,0.00014499,9.97,1,0.00014499,9.97,2024-11-04,2024-11-04
BTC,1CfgUDowPxcE73yd5ZCECJ2CLLLHJPqp6P,1,0.00040401,27.79,1,0.00040401,27.79,2024-11-04,2024-11-04
BTC,1FcXPreqbHhazcune8kgaUipdFytGJhxDg,1,0.00066049,45.82,1,0.00066049,45.43,2024-11-03,2024-11-04
BTC,1HtY98am785oPcb9xwYuvyf7NKBSTBjuNV,1,0.00012455,8.57,1,0.00012455,8.57,2024-11-04,2024-11-04
BTC,1hhiGLq5fxhaTBD8SNSXMaDqYzJknv6Nr,1,0.00056897,39.13,1,0.00056897,39.13,2024-11-04,2024-11-04
BTC,1Df3sRdRtWc5Fowfh4ENz95WvKYwfQGNJo,2,0.00032008,22.03,2,0.00032008,22.01,2024-11-03,2024-11-04
BTC,1JnEctT4T6abSMTxP9u9A8sbDdHXRd1gb,1,0.00203035,139.64,1,0.00203035,139.64,2024-11-04,2024-11-04
BTC,1AqF1fhkh14amSFJG5LRxiK4VHVpV2mm5b,1,0.00039838,27.4,1,0.00039838,27.4,2024-11-04,2024-11-04
BTC,179uf15KwpTrXqwx6bc2NXVauRKuPYZ4aq,1,0.00052217,36.23,1,0.00052217,35.91,2024-11-03,2024-11-04
BTC,1BTTicXGHcpvRTxSAkpkcRbSypnrR2jiJi,1,0.00058148,55.69,1,0.00058148,55.63,2025-02-18,2025-02-19
BTC,1TSNjGUezEgo1jDLnfWo1zYqkDVYP1FqY,1,0.00020859,19.96,1,0.00020859,19.96,2025-02-19,2025-02-19
BTC,1GEiu73HxBYfaj9HrPt5zDh5oPFfyRCZRp,1,0.00057845,55.34,1,0.00057845,55.34,2025-02-19,2025-02-19
BTC,17mSksj8R61sx8Sc56iHA2syMakPMuoF1T,1,8e-05,7.66,1,8e-05,7.65,2025-02-18,2025-02-19
BTC,1GLnkvcwti7oL88hFZ6k7EGLf1gwk1CbFH,2,0.00122256,114.94,2,0.00122256,116.35,2025-01-10,2025-02-19
BTC,18EPjnAGHW4o3p1HGKq4AZvwdeiwPTtwRw,2,0.00061278,60.06,2,0.00061278,60.03,2025-01-18,2025-02-07
BTC,1FdXnURA6DgW4dGGFx2UjNDvcn6ZZrjp4P,1,0.00036872,35.62,1,0.00036872,35.6,2025-02-06,2025-02-07
BTC,1BqrzLG7REzQ2KtodtFikQpiN58GxyjWji,1,0.00025448,25.81,1,0.00025448,25.81,2024-12-14,2024-12-15
BTC,14idKe8vFX2mbqNPoN3EjQZUrAFGxQR6HU,2,0.00165625,166.63,2,0.00165625,167.98,2024-12-13,2024-12-15
BTC,1BpipLz8XtsNkYvhBv6vg8pXbpMQaRXK92,1,0.00015735,15.74,1,0.00015735,15.96,2024-12-13,2024-12-15
BTC,1G92vqY2tJqajdfgGuj8DaMUcHLC4Se7HS,1,0.00039043,39.6,1,0.00039043,39.6,2024-12-14,2024-12-15
BTC,1DCLdgEwiHguNrH6fog3q3MQLDtksAecyL,1,0.00194401,194.41,1,0.00194401,197.16,2024-12-13,2024-12-15
BTC,1HUc8XhxootcDTfNKsqje5gAcArCZT8eqU,1,0.00013101,13.29,1,0.00013101,13.29,2024-12-15,2024-12-15
BTC,1AaPK2hSQifgRL5RZCC6RYjoVQ8mRKNVjf,3,0.00042323,42.93,3,0.00042323,42.92,2024-12-14,2024-12-15
BTC,1F6SUzVqT87S8Mxh6azeHGtcc4aSxGGkUB,1,0.00026482,26.86,1,0.00026482,26.86,2024-12-14,2024-12-15
BTC,1BLdQbweg2sJDEVjAAtve1tfpLy8MYdZLf,1,0.00043157,43.77,1,0.00043157,43.77,2024-12-15,2024-12-15
BTC,1371RFeC7fpJhBE7vbyv6yNU2Lsxfxzon2,1,0.00054123,54.13,1,0.00054123,54.89,2024-12-13,2024-12-15
BTC,136nQisynkxmWkVPRMmKFqxpdcQf6hqUHV,1,0.00053953,53.96,1,0.00053953,54.72,2024-12-13,2024-12-15
BTC,12AuSCvmvUbmZoRG9AXeWPzhkQAW6qbjhV,1,0.00017832,18.09,1,0.00017832,18.09,2024-12-14,2024-12-15
BTC,1BBDs1fSktp8jNPgy5q1b6a2yYtfKFkFJG,1,0.00032067,32.52,1,0.00032067,32.52,2024-12-15,2024-12-15
BTC,1AxnQkRfraD1t9Vg5KiTtiUJjar78kqSUv,2,0.0005345,54.21,2,0.0005345,54.21,2024-12-14,2024-12-15
BTC,19BiWAR3qVSfWDRUXxuULECp4pU1UMBxCz,1,0.00034774,34.78,1,0.00034774,35.27,2024-12-13,2024-12-15
BTC,1AjXbgSXDGVubjqSL22rYP9C6wQXNLemtz,1,0.0002458,24.93,1,0.0002458,24.93,2024-12-14,2024-12-15
BTC,1J3E3eaAzkgm58RgN836jJWQMNdok818Th,1,0.00012891,12.89,1,0.00012891,13.07,2024-12-13,2024-12-15
BTC,1HR5seJaNgvsC4yEwpizZpPKAe9RXLpX77,1,0.00038824,39.38,1,0.00038824,39.38,2024-12-14,2024-12-15
BTC,1CYWF4Q5CncRXe4EoAZJtUprcL7pV9Q7wF,1,0.00037951,38.49,1,0.00037951,38.49,2024-12-15,2024-12-15
BTC,1DPExH891KLtbGG8WUDtFgMFxXdJSbpjAd,1,0.00034641,35.13,1,0.00034641,35.13,2024-12-14,2024-12-15
BTC,1CJRcFLZWQvLjULwTUE1rtP7W6XqANcrVb,1,0.00021688,22.0,1,0.00021688,22.0,2024-12-15,2024-12-15
BTC,19cUsREv6qsbegCeFG8j4LAFLhrPnEV3pH,1,0.00102512,103.97,1,0.00102512,103.97,2024-12-15,2024-12-15
BTC,13sxeqRtRAocqGg3Y7Qq5JdFezECYx2BuE,1,0.00014866,15.08,1,0.00014866,15.08,2024-12-14,2024-12-15
BTC,1K6UDMPf3dDzDUT7jvHiYUwhXzP2ctAbL4,1,0.0003587,36.38,1,0.0003587,36.38,2024-12-14,2024-12-15
BTC,1AsWs8pX6AMSXkRDaRug8dA6jn4SfUqmDo,1,0.00115867,115.87,1,0.00115867,117.51,2024-12-13,2024-12-15
BTC,13HZbs3WiuahGaC4DyHdzqPyHyJsowhjfc,1,0.00094036,94.04,1,0.00094036,95.37,2024-12-13,2024-12-15
BTC,1wcT7dJ4qJgWxWnjgebgdt9xDJXNTdP8B,1,0.00021137,21.44,1,0.00021137,21.44,2024-12-15,2024-12-15
BTC,1EoWn6kChQo4LBCxz1x5YRQEb3THXPjNBP,1,0.00024615,24.62,1,0.00024615,24.96,2024-12-13,2024-12-15
BTC,1Gv5VYUrKs7ELisE5oho5m2X82XvQCcrUz,1,0.0002804,28.44,1,0.0002804,28.44,2024-12-14,2024-12-15
BTC,1Dxj4MuxiqXefirUdPL15T2dTxcZBX5vPD,1,0.00018398,18.4,1,0.00018398,18.66,2024-12-13,2024-12-15
BTC,1AJkAQ4UKcAPW4isqJoyeJLnHbSRPSxKdf,1,0.00034692,35.18,1,0.00034692,35.18,2024-12-15,2024-12-15
BTC,12DeJH5yxPhEC7JVj6yQVyGD9TgPv3Yf44,1,0.00023248,23.58,1,0.00023248,23.58,2024-12-15,2024-12-15
BTC,1AYQeLScV2EvFSKgZbxZvzR4aSpZEt9X5J,1,0.00043986,44.61,1,0.00043986,44.61,2024-12-15,2024-12-15
BTC,1PnDgzHHxY8M6aH45mZMemtAA3P1BQ7pCn,1,0.00013818,13.82,1,0.00013818,14.01,2024-12-13,2024-12-15
BTC,115oyz9StPnVJAq5vhNaJPwLzBo66bVbAR,1,0.00150972,153.12,1,0.00150972,153.12,2024-12-14,2024-12-15
BTC,1QL3vyjpL5askYn1JRiWKnq5mtr7AQKqX7,1,0.00018477,18.74,1,0.00018477,18.74,2024-12-15,2024-12-15
BTC,1Pkw2Q88xUyhEBpFxD7WwaazrocLSyn6vK,1,0.00027084,27.09,1,0.00027084,27.47,2024-12-13,2024-12-15
BTC,14SQJnyomxSRVvHJgwWMe9hvqJG35XnbGz,1,0.00014835,15.05,1,0.00014835,15.05,2024-12-14,2024-12-15
BTC,1BLRPFxP5wfFkHepFfgdQrwJTX6fge3ezd,1,0.00015892,16.12,1,0.00015892,16.12,2024-12-14,2024-12-15
BTC,1Ev1c91U9atGsZJmA9K31rRP5nW6RxYDvK,1,0.00055864,56.66,1,0.00055864,56.66,2024-12-14,2024-12-15
BTC,1L6xa6BQrc9cJuVuvfvdCg44rD3zgNe4Tt,1,0.00021126,21.43,1,0.00021126,21.43,2024-12-15,2024-12-15
BTC,1LikR54wFmgGMjKEiDRJwQGTkRWujytMps,2,0.00012784,12.97,2,0.00012784,12.97,2024-12-14,2024-12-15
BTC,144HxZSmKhPLXxBQwFp5sQtPstuQswBK4y,1,0.00043533,43.53,1,0.00043533,44.15,2024-12-13,2024-12-15
BTC,1BxfyuLfAvX9Ho4SqaF2KavoKw3tApjQcp,1,0.0006,60.85,1,0.0006,60.85,2024-12-14,2024-12-15
BTC,1DdRdmvCgnQAwk8bJjdwc7FYq4PvRnN54M,2,0.0002634,26.72,2,0.0002634,26.71,2024-12-14,2024-12-15
BTC,17Dqh6uKJ3yWNkVtsw88evtGMHeFyTJwjo,1,0.00025602,25.97,1,0.00025602,25.97,2024-12-14,2024-12-15
BTC,1Bh5egU15WtZjgs1pgMPeRkSPBUwAF5dct,1,0.00033052,33.05,1,0.00033052,33.52,2024-12-13,2024-12-15
BTC,13nZQA1uRAj973mNsTPpc7TcLMpXa3VDfu,1,0.00034514,34.52,1,0.00034514,35.0,2024-12-13,2024-12-15
BTC,1HqvWSE6mDA31bZ6AoyQBF4pGvxaYGmhTy,1,0.00050566,51.28,1,0.00050566,51.28,2024-12-15,2024-12-15
BTC,19BVmgPGz34Ut2PqsutohpF8SrMrhp4N9v,1,0.00019567,19.84,1,0.00019567,19.84,2024-12-15,2024-12-15
BTC,1PQk8PF3eUZx2tirfysibkoXUiv1Fp1TVQ,1,0.00015684,15.91,1,0.00015684,15.91,2024-12-15,2024-12-15
BTC,1FhsDhFzE4bRZcq3emxZ2zwSVr4im3t56G,1,0.00025856,25.86,1,0.00025856,26.22,2024-12-13,2024-12-15
BTC,18wytMYACK4oXcR2FYDRCeyvPTSgF8yhR2,3,0.00135038,134.87,3,0.00135038,136.68,2024-12-07,2024-12-15
BTC,19EHAEKmaLWvYxjs71oQH3F49viydRcbWC,2,0.00022881,23.21,2,0.00022881,23.21,2024-12-15,2024-12-15
BTC,1197rpfAW7Twx7mpotiQywHiT6PCsLw8e,1,0.00031311,31.76,1,0.00031311,31.76,2024-12-14,2024-12-15
BTC,17r56AbiKMMuHz6N9rHuAKRA6ofGAjYLKC,1,0.00025893,25.89,1,0.00025893,26.26,2024-12-13,2024-12-15
BTC,1KgFwriK3XQF9dp4UaMbp57BvL9nViuTcc,1,0.0004928,49.98,1,0.0004928,49.98,2024-12-14,2024-12-15
BTC,17TRyHfsuAH2vyq5gveoSHdFkPL5yyVFv1,2,0.00030501,30.93,2,0.00030501,30.93,2024-12-15,2024-12-15
BTC,1PJbTqMQnrpV9Z4z4keedXVnQYcD5L8NFK,1,0.00015777,15.78,1,0.00015777,16.0,2024-12-13,2024-12-15
BTC,17ukgBD2JooWNeQdTXs9ui6dWSxADafK5o,1,0.00243107,243.12,1,0.00243107,246.56,2024-12-13,2024-12-15
BTC,12RuoHZRoHNMQ8pVzHTDfzRCZ4GcsJrqvJ,1,9.97e-05,10.11,1,9.97e-05,10.11,2024-12-14,2024-12-15
BTC,1FpBH35bVpFTBeSEHobJ6Dz4damqgER74i,1,0.00054034,54.8,1,0.00054034,54.8,2024-12-14,2024-12-15
BTC,129xJKb6jDSZYRvbMwvs3H3gGezMsyBT37,1,0.00020934,21.23,1,0.00020934,21.23,2024-12-15,2024-12-15
BTC,1Kx7hmycxg5mCBup6Z8bmnwyF6pMNMvuUy,1,0.00045421,46.07,1,0.00045421,46.07,2024-12-14,2024-12-15
BTC,1AWtZ9VcyeL9y8BdqBJcNnQbwoSGV95P47,1,0.00037587,37.59,1,0.00037587,38.12,2024-12-13,2024-12-15
BTC,1pF7e65Ck58Ry2vUtuooXTCrmW57Gax5p,1,0.0004427,44.27,1,0.0004427,44.9,2024-12-13,2024-12-15
BTC,18M2bS4K7EEwuHuzx9BoC6z2oj8UEPCnuR,1,0.00098578,98.58,1,0.00098578,99.98,2024-12-13,2024-12-15
BTC,17K5GtSboZ8XaMorYjHRnV22WszQ7GadYb,1,0.00286349,286.36,1,0.00286349,290.42,2024-12-13,2024-12-15
BTC,1C6vQRECczhFyWwUC9cYf9Yh34DtNRNVvh,1,0.00015697,15.92,1,0.00015697,15.92,2024-12-15,2024-12-15
BTC,1F6T5AN6sfgvr8t8syy4VsAEzdT5YWEatv,1,0.00025324,25.33,1,0.00025324,25.68,2024-12-13,2024-12-15
BTC,1MATxVDcXEdhMSHizCfJf64EsRLZrQ7QQS,1,0.00019689,19.97,1,0.00019689,19.97,2024-12-14,2024-12-15
BTC,1CPrjhXvEoZ36Ei7exqmuRWXXKmxdYbUhc,1,0.00026711,27.09,1,0.00026711,27.09,2024-12-15,2024-12-15
BTC,1AXiZDS145u6KJvnvSZ8TmsNEie686wXfX,1,0.00015935,14.02,1,0.00015935,13.92,2024-11-13,2024-11-15
BTC,13oF3YXFNYSU2y2xhHMS8vsD7n4PqjZ331,1,6.471e-05,5.69,1,6.471e-05,5.65,2024-11-13,2024-11-15
BTC,19iKR1WdD4t9HumGRv3EYt2GiApy5mWRNF,1,0.00028415,25.68,1,0.00028415,24.81,2024-11-14,2024-11-15
BTC,1FVXsNMxaVCfVZDhwnyLjzcAnTmVKLgkAW,1,0.00034067,30.79,1,0.00034067,29.75,2024-11-14,2024-11-15
BTC,1FGPpBnGoL2gc1iiB6vn9UbcHCuKyhgdd5,1,0.00043971,39.74,1,0.00043971,38.4,2024-11-14,2024-11-15
BTC,1AAQSyCwttHTHhx5wxfQk2FWKXghhzjC8F,1,0.00084302,76.19,1,0.00084302,73.62,2024-11-14,2024-11-15
BTC,17mA2KGPV83xacccZwnUxZ9h8h4H9zMAM2,1,0.00067536,61.04,1,0.00067536,58.98,2024-11-14,2024-11-15
BTC,13vHzjGZPTs9dbPevy1gdvvpDnBoRV861g,1,0.00085608,75.29,1,0.00085608,74.76,2024-11-13,2024-11-15
BTC,1JK5X8vU8DVTEia15N2Vh353ikAoS32oai,1,0.00041605,36.59,1,0.00041605,36.33,2024-11-13,2024-11-15
BTC,1NG9r25ikAoBDbtmywNsGk9cuCPtQCLe1A,1,0.00025449,23.0,1,0.00025449,22.22,2024-11-14,2024-11-15
BTC,1LXW2uBShy76M27pvXeGb9eLfUcSB9UjL3,1,6.373e-05,5.61,1,6.373e-05,5.57,2024-11-13,2024-11-15
BTC,1KxN1M1aC6FBuy2fUJ9QbjQEid6KvbLr29,1,0.00084825,76.66,1,0.00084825,74.07,2024-11-14,2024-11-15
BTC,1PTYXiw4bpWFmNc15GbRjz2YmybTnPionp,1,0.00046267,40.69,1,0.00046267,40.4,2024-11-13,2024-11-15
BTC,1NPNTa6jUZxxC33he5T1zk6XV3GS5Xbj6U,1,0.00013948,12.61,1,0.00013948,12.18,2024-11-14,2024-11-15
BTC,14CoWqQvbFfPQRRVjgFo7eDJB8iUoqh2EL,1,0.00043483,39.3,1,0.00043483,37.97,2024-11-14,2024-11-15
BTC,1FYtx2W9kYgsP9arz2GwZJH3Gx5maWKjC1,1,0.0004166,37.65,1,0.0004166,36.38,2024-11-14,2024-11-15
BTC,1Hvh81uJbynsRjEesFvh2Bh5P6rG2rrKPi,1,0.00018347,16.58,1,0.00018347,16.02,2024-11-14,2024-11-15
BTC,1XsVTWefqeDf78t3BDkjk91iH6NR2q4Hv,1,0.00028533,25.79,1,0.00028533,24.92,2024-11-14,2024-11-15
BTC,1GAZHVsPDPkV4aibMsXR2o79K1CJNKnXpi,2,0.00011427,11.28,2,0.00011427,11.16,2025-02-02,2025-02-03
BTC,18dbSWfQE57cU3mkiAd8LRpQ8bhDgaAbQK,1,0.00064108,65.67,1,0.00064108,62.63,2025-02-01,2025-02-03
BTC,15GpAYZXW4K5s6UKZ6qbmJ4unhagjcxXtB,1,0.00023043,23.6,1,0.00023043,22.51,2025-02-01,2025-02-03
BTC,1PtvSkDSKHpYpxJ5b7nCXMpJYNRyUmragF,1,0.00048982,47.86,1,0.00048982,47.86,2025-02-03,2025-02-03
BTC,1BxsKkemsP3PPUrvF2piqac46T7sHoXq5c,2,0.00055914,55.6,2,0.00055914,54.63,2025-02-02,2025-02-03
BTC,1JdRF33m9EKX2nzBhT2AE1NXAcgzbwL3dQ,1,0.00018279,17.86,1,0.00018279,17.86,2025-02-03,2025-02-03
BTC,17F1JW67qPu9pQqTP9d1PwxTzev5c2Hm4a,1,0.00016976,16.59,1,0.00016976,16.59,2025-02-03,2025-02-03
BTC,18HryLEhCsVpbFAok7nxa2nAK1oievk5ed,1,0.0004757,46.48,1,0.0004757,46.48,2025-02-03,2025-02-03
BTC,1Emw96uCQBjCcwbYBec4jR9kTkFJso9iqr,1,0.00037698,37.94,1,0.00037698,36.83,2025-02-02,2025-02-03
BTC,187iTePwZrQZ4Kwbx1jUQ2mTZJ9nFyY63X,1,0.00184601,180.36,1,0.00184601,180.36,2025-02-03,2025-02-03
BTC,1KTigePxw1ToDAkmmRuErigjk2RqDyRa8i,1,0.00039644,38.73,1,0.00039644,38.73,2025-02-03,2025-02-03
BTC,1HV2CE4t8VEoZQjhFkEDSM6VNFSfsBw2BL,1,0.000478,46.7,1,0.000478,46.7,2025-02-03,2025-02-03
BTC,19XfwsR9XJsky79EZ6Fspyuu52eJSTZLmA,1,0.000241,24.25,1,0.000241,23.55,2025-02-02,2025-02-03
BTC,1MZu9HFmsm93JekNVB34bsAKirHbXmZbLx,1,0.00084001,82.07,1,0.00084001,82.07,2025-02-03,2025-02-03
BTC,165HdZ9swjN4hVFigc8me4Nf9KaC3SK1Qf,1,0.00010635,10.39,1,0.00010635,10.39,2025-02-03,2025-02-03
BTC,1L5uqcpDrwFinNLVVWVd1KjW4E6FU16D98,1,9.666e-05,9.73,1,9.666e-05,9.44,2025-02-02,2025-02-03
BTC,13YyzncXNBXhecBnTmprxMp359rHXfxxVT,1,0.0001514,15.24,1,0.0001514,14.79,2025-02-02,2025-02-03
BTC,1AcvH38wpMXjNQw2UxKwUqkhn6it88xJgz,1,2.547e-05,2.56,1,2.547e-05,2.49,2025-02-02,2025-02-03
BTC,1NMExAZ8ervMNLJRwsAUXBRKeag82DSaiY,1,0.00021663,21.8,1,0.00021663,21.16,2025-02-02,2025-02-03
BTC,1DeNxDN9eZH2LVtN8NcTX7Y2SDvE39RvE3,1,0.001,97.7,1,0.001,97.7,2025-02-03,2025-02-03
BTC,1Et6XTomefScJy8BZWh8jkZTuTKBFWZGEL,1,0.00038358,37.48,1,0.00038358,37.48,2025-02-03,2025-02-03
BTC,18Km6UaBtFWZQPaq1snWnZtyTWgdwJeTjH,1,0.000545,55.82,1,0.000545,53.25,2025-02-01,2025-02-03
BTC,1CecsKkDqL1pnYDk3hjbordA6iNukRdwcv,1,0.00016589,16.69,1,0.00016589,16.21,2025-02-02,2025-02-03
BTC,17cFQyEPh3FGDy5wm7pr3Q3oZRLyhPDQy5,1,0.00040847,41.11,1,0.00040847,39.91,2025-02-02,2025-02-03
BTC,19VpQQfycbkHSVFPcM9GzitUVg8QYjXTEY,1,7.396e-05,7.44,1,7.396e-05,7.23,2025-02-02,2025-02-03
BTC,1LaYYTf6fxj8heYD5TVoHwFZH4uDyq4YWr,1,0.00018683,19.14,1,0.00018683,18.25,2025-02-01,2025-02-03
BTC,1BmPVEaXEFSKK4y385cWxiCWijVXRZ28uq,1,0.0002738,26.75,1,0.0002738,26.75,2025-02-03,2025-02-03
BTC,1JPWNW6YiMd5JgUid9LEWGii4nmXvpCaMq,1,0.00051016,51.34,1,0.00051016,49.84,2025-02-02,2025-02-03
BTC,1HamS9Sn5gPQTLSnu8uaXvep43iVUVyAZb,1,0.00025888,26.52,1,0.00025888,25.29,2025-02-01,2025-02-03
BTC,14afBViJEeSBn9A1hMbmrNxTsiC3fdaqtn,1,0.00094363,94.96,1,0.00094363,92.19,2025-02-02,2025-02-03
BTC,1FyLkyjxYMzXEqtVugaTA5rUFSbEVkXMWw,1,0.001,97.7,1,0.001,97.7,2025-02-03,2025-02-03
BTC,15iDtW9vdLmMvPiM6eZeC4gcQxSoJdRVnT,1,0.00022142,21.63,1,0.00022142,21.63,2025-02-03,2025-02-03
BTC,1KQ4PYXJK5t4aTSiRVB1d7crWYCqeQsw8q,1,0.00060681,61.07,1,0.00060681,59.29,2025-02-02,2025-02-03
BTC,12MmsN8TZUYe5wzCAknMuQGrGZoiScQtey,1,0.00079163,77.34,1,0.00079163,77.34,2025-02-03,2025-02-03
BTC,1JMWEiTPCZ3h5Y6XFhqRbLDyLH4B97XzoY,1,0.00020322,20.45,1,0.00020322,19.85,2025-02-02,2025-02-03
BTC,1HnBHzncpo9qM4aRgx3PLzhRZtyz2nBEcm,1,0.00022323,22.46,1,0.00022323,21.81,2025-02-02,2025-02-03
BTC,139vwaf4JBYabVBnFw4s4jVrkktgsATTXX,1,0.00071364,70.41,1,0.00071364,70.96,2024-12-25,2024-12-26
BTC,1Jk9ut9Bb9prhppBWRdbjDn7AzHWJw8SQ5,1,0.0001708,16.85,1,0.0001708,16.98,2024-12-25,2024-12-26
BTC,1NAzfURHSCKNsQQccfdZpt8WzqVFEq6Po1,1,0.00037583,35.66,1,0.00037583,37.37,2024-12-24,2024-12-26
BTC,1Cxt9ejpjQxn6PQt4E6ziUj7u2mdSNz2HJ,1,0.00014344,14.26,1,0.00014344,14.26,2024-12-26,2024-12-26
BTC,1DWdKQfgCzvSRLKnxpSpNYCVDYBmQ2xuQ3,1,0.00022306,21.16,1,0.00022306,22.18,2024-12-24,2024-12-26
BTC,12AsHd87rfEJgh5KmE4n1h8Dq2eFjj7rZk,1,0.00194119,191.52,1,0.00194119,193.01,2024-12-25,2024-12-26
BTC,15CdKXp6dT5JsmRnKpmyczpoRAmpqmBKJt,3,0.00089877,86.57,3,0.00089877,89.36,2024-12-23,2024-12-26
BTC,1299f8zHiVVi5bb8fVbKwqaRQTy7aN5AXF,1,0.00100399,95.26,1,0.00100399,99.83,2024-12-24,2024-12-26
BTC,1FU1SEJYFZqD5JVonUe5oaT6hnqEGw7T7r,1,0.00012665,12.06,1,0.00012665,12.59,2024-12-23,2024-12-26
BTC,1KDxuxMzBJ8MGELWd7P252CY4uLfewATqC,1,0.00120817,114.63,1,0.00120817,120.13,2024-12-24,2024-12-26
BTC,1FwZvwiMu3EE9pRmqPpVDczAMyCzbJ7Hjp,1,0.00015841,15.03,1,0.00015841,15.75,2024-12-24,2024-12-26
BTC,161jfk4SN7Y9L3FY1y9xMLD2ZKZT8eFutd,1,0.00085259,81.15,1,0.00085259,84.77,2024-12-23,2024-12-26
BTC,1C3b7QYntk1dWuDk7vE7PBuBGTzCD7ZTks,1,0.00030984,29.4,1,0.00030984,30.81,2024-12-24,2024-12-26
BTC,1JckgcAVZWPrZPWk1vsKYCpwAXdbtQirGK,1,0.00024502,24.17,1,0.00024502,24.36,2024-12-25,2024-12-26
BTC,18HcZQWWNQJCphEk978fCYWBvPr3z17ZYM,1,0.00029168,29.0,1,0.00029168,29.0,2024-12-26,2024-12-26
BTC,1LsLnHTfsAySAvRXbsqUesXSz29R1ujCRH,1,0.00033073,31.48,1,0.00033073,32.88,2024-12-23,2024-12-26
BTC,17uify56KkMTPBhxHVoPJAJBoCZx9CkQ1S,1,0.00030545,30.37,1,0.00030545,30.37,2024-12-26,2024-12-26
BTC,1GA3QPcMfrFHJbD1js3jwCswPxpqVXgMKL,1,0.00075764,74.75,1,0.00075764,75.33,2024-12-25,2024-12-26
BTC,1M6f5PyxhhH8nuL48BVro3tLrany1G4HyP,1,0.00041141,39.04,1,0.00041141,40.91,2024-12-24,2024-12-26
BTC,1KUQFcvRmUu6jkkmASwc1zxMpW18wkTfTg,1,0.00028533,27.16,1,0.00028533,28.37,2024-12-23,2024-12-26
BTC,1MMdPBrd1k2RVNggw6p4xQCjpGvoMQ6fPJ,2,0.00053958,51.93,2,0.00053958,53.65,2024-12-24,2024-12-26
BTC,18ZFLTpKHTAVNC2hqsVZswniYcvPPjg28k,1,9.583e-05,9.45,1,9.583e-05,9.53,2024-12-25,2024-12-26
BTC,1MuEGvBRY2ZorX9rusKcnQ1TGv7EvNKYBz,1,0.00049326,46.8,1,0.00049326,49.04,2024-12-24,2024-12-26
BTC,12FG637iQXs4jQUEgB2hUDxbU4cQV3ZUqN,1,0.00017348,16.51,1,0.00017348,17.25,2024-12-23,2024-12-26
BTC,159rKt9Z4JQ2jzYjsnRHCJdN2gtvbQ6tgM,1,0.00025824,24.5,1,0.00025824,25.68,2024-12-24,2024-12-26
BTC,1Ga3b4DYMoEM1JdCjLwh4wNU1wPEajDvxc,1,0.00046156,45.54,1,0.00046156,45.89,2024-12-25,2024-12-26
BTC,1JSapzN3xwMDpqVnUpQ9Tzya5MfB68ib9i,1,0.00045295,42.98,1,0.00045295,45.04,2024-12-24,2024-12-26
BTC,1DtM4V7UZQdRHoAd3B861KaA1DpYgkigWt,2,0.00286485,272.44,2,0.00286485,276.22,2024-12-23,2024-12-26
BTC,151UkGPHNpPXtN6Qf2Twq4owsc945UUbGm,1,0.00010113,10.06,1,0.00010113,10.06,2024-12-26,2024-12-26
BTC,12kNSSmBz2TCkTbZvHp711GxXMxbFTubAf,2,0.00112355,106.91,2,0.00112355,111.71,2024-12-23,2024-12-26
BTC,1G6SdwkWHbSHbqkEjqKpDgWrMzwvnoKz9h,1,0.00193711,192.61,1,0.00193711,192.61,2024-12-26,2024-12-26
BTC,1JpdDcSLKqDkxEa5v4Anr7ea2RmiuYPZVD,2,0.00024588,24.26,2,0.00024588,24.45,2024-12-25,2024-12-26
BTC,1Mp8D9uLzF9WgpmagGYLh4iKSvF7mZtHCu,1,0.00046952,46.32,1,0.00046952,46.68,2024-12-25,2024-12-26
BTC,1Buq7PAmipNHk1QtJ3dsakEDUUK5bDDYy4,1,0.00032687,31.01,1,0.00032687,32.5,2024-12-24,2024-12-26
BTC,13wEqFA7Vq4bfExrLFPiwJKQ4Uy7KmfSPy,1,9.498e-05,9.04,1,9.498e-05,9.44,2024-12-23,2024-12-26
BTC,1PUS35ncnnyB6Bthy9xQnkqqLjFYeP8AZy,1,0.00096988,95.69,1,0.00096988,96.43,2024-12-25,2024-12-26
BTC,1CofNTRa1vLLNPeAf91LqBvD9A7FFkNEtL,1,0.00059213,56.36,1,0.00059213,58.88,2024-12-23,2024-12-26
BTC,1LjzZDmcAdqmJ78nuhv5moSax1tbnaW4t,1,0.00011535,11.38,1,0.00011535,11.47,2024-12-25,2024-12-26
BTC,1BdKZFpFvVWMETuAmVD8qvcoCPAMxZM66v,1,0.00068301,67.39,1,0.00068301,67.91,2024-12-25,2024-12-26
BTC,1NWGV5Mo69mzA9xLSNXRPzNkGaiEbGUjcX,1,0.00034284,32.63,1,0.00034284,34.09,2024-12-23,2024-12-26
BTC,19vnvPyqAk6qtpP5ajpJ1Z1S1LqCvwXrY7,1,0.00078203,74.2,1,0.00078203,77.76,2024-12-24,2024-12-26
BTC,1LrHHApHJRFfGfkadXSoAx3tZbMkLHhU7e,1,0.00059638,59.3,1,0.00059638,59.3,2024-12-26,2024-12-26
BTC,1KFxVbLKY17xd6PniqbyPTDUMuJV7k1JCs,1,0.0002046,20.19,1,0.0002046,20.34,2024-12-25,2024-12-26
BTC,1u1XZ5zSEsngCR19DJ4twbPWMzSZiWoHt,1,0.00065819,62.45,1,0.00065819,65.44,2024-12-24,2024-12-26
BTC,1G9Jbnq5kXe81Lv5WAz3WMcfzkLSLNoC48,1,0.00100935,96.08,1,0.00100935,100.36,2024-12-23,2024-12-26
BTC,16VQ5cchjCWmnGLERQbteZmAauGz6rYPmA,1,0.00016281,16.06,1,0.00016281,16.19,2024-12-25,2024-12-26
BTC,1EvDzp1BkRNz1rUZgGwus8qHNtarwJvEjL,1,0.00202425,192.06,1,0.00202425,201.27,2024-12-24,2024-12-26
BTC,1QG6uNXaiPZm5v1XbwDmC58GVdbyqBQ7Qb,1,0.00022281,22.15,1,0.00022281,22.15,2024-12-26,2024-12-26
BTC,18dvprMBNEt72NNeb6TqQfDcbrxzSmp3C4,1,0.00011555,10.96,1,0.00011555,11.49,2024-12-24,2024-12-26
BTC,14bpjgpbELsh9jVWT5tLSwWjWPwRJSbSD2,1,0.00022483,21.4,1,0.00022483,22.35,2024-12-23,2024-12-26
BTC,1sDEEHYvFxD4tzrT9fB2gYz5xyzHkRzPu,1,0.00024179,23.02,1,0.00024179,24.04,2024-12-23,2024-12-26
BTC,17HV9GGn4visKGTpCnJV2swh3CCrQgqgAy,1,0.00016394,16.17,1,0.00016394,16.3,2024-12-25,2024-12-26
BTC,19smctyHo6nE4SXtBzr8uy4659UzWd2kYb,1,0.00011048,10.52,1,0.00011048,10.98,2024-12-23,2024-12-26
BTC,1FYJAfcKCVW2qw5QbMmubx39SQuTkqTvdx,3,0.00169263,161.21,3,0.00169263,162.23,2024-12-24,2024-12-29
BTC,1Gbx8dUtEUr392r2g3FyH6kQVz7CURWqLE,1,0.00016564,16.34,1,0.00016564,16.47,2024-12-25,2024-12-26
BTC,19RmdM2whB4AKBeyXTezYafNh5RAkQWoaj,1,0.00024756,23.49,1,0.00024756,24.61,2024-12-24,2024-12-26
BTC,1HwoPbnfuAVyXUfer7PdpJdzxDak62rnWr,1,0.00069983,66.4,1,0.00069983,69.58,2024-12-24,2024-12-26
BTC,14bjf25LN2JCBcwYBDgo2adxVXFEZkeToV,1,0.00036223,34.37,1,0.00036223,36.02,2024-12-24,2024-12-26
BTC,15R96EWj6jS1PGCLzCKZUJBUqxxTmMbThy,1,0.00014887,14.13,1,0.00014887,14.8,2024-12-24,2024-12-26
BTC,16gFaoB9aX2kfYAmz9J7TP7cXKiJ2HR7hE,1,0.00048169,45.7,1,0.00048169,47.89,2024-12-24,2024-12-26
BTC,1JSSXayjTv9kTqZzwA8PsJj9TLv92ciknR,2,0.00019463,19.2,2,0.00019463,19.35,2024-12-25,2024-12-26
BTC,12xEiGLz1RCXNiCWisjpbhALAVhvrhhDrn,1,8.138e-05,7.72,1,8.138e-05,8.09,2024-12-24,2024-12-26
BTC,12DNpLxMKDCGRNSsJsaJ1egNQ9cvXLn7jP,1,0.00042546,40.37,1,0.00042546,42.3,2024-12-24,2024-12-26
BTC,1E7m2opq1d7kCKghtggh84gnMnRRw251BC,1,0.00016509,16.41,1,0.00016509,16.41,2024-12-26,2024-12-26
BTC,1AVeujQoMrVQka2Q3EC1b8e68uht6LCFtT,1,0.00014529,14.33,1,0.00014529,14.45,2024-12-25,2024-12-26
BTC,19TXxhhqA5kSVjKLp5LCbgjWCt1qSA7LFm,1,0.00095508,90.62,1,0.00095508,94.96,2024-12-24,2024-12-26
BTC,191DGpFafKb2V9oUW4BLgNHmCv2cd9PpUt,1,0.00011749,11.18,1,0.00011749,11.68,2024-12-23,2024-12-26
BTC,1NabcahwYa3NpmcSWdjSgcdY9kexWvkSbe,1,0.00031062,30.88,1,0.00031062,30.88,2024-12-26,2024-12-26
BTC,16ok9p9XRJgf5ANdyPcofD4kLVTAAsryvj,1,0.00087351,82.88,1,0.00087351,86.85,2024-12-24,2024-12-26
BTC,13NpEZGtTPb1N2N9t4TUZFdTq1Gxxisqx2,1,0.00045879,45.27,1,0.00045879,45.62,2024-12-25,2024-12-26
BTC,1CozJTK7csskufFb6NE3JCfu9sCY1oshTd,1,0.00026555,25.2,1,0.00026555,26.4,2024-12-24,2024-12-26
BTC,1A7tjp1K6M9bnCfo8GSJbFmSKbUWKhJ9Mn,1,0.00016088,15.31,1,0.00016088,16.0,2024-12-23,2024-12-26
BTC,1HzzDmKepPmXncei2cqX5sU4MC6pD3ZK8T,1,0.00057,47.03,1,0.00057,47.03,2025-04-03,2025-04-03
BTC,1CFwsTYf9sYgWiErChqpS1YR9irLh2WwrZ,1,0.00066308,54.71,1,0.00066308,54.71,2025-04-03,2025-04-03
BTC,1NjBXCS63ZP8RwhKsrDSaDPoF9k1WrJUoF,1,0.00034327,32.71,1,0.00034327,32.71,2024-12-29,2024-12-29
BTC,18GZzYCn6f2mnPXpDruijmnKmDFtCMhLS4,1,0.00058939,56.17,1,0.00058939,56.17,2024-12-29,2024-12-29
BTC,1KKdP4EiLNGGr18713FRuh3swYTveZGR3X,1,0.00098818,93.18,1,0.00098818,94.17,2024-12-28,2024-12-29
BTC,1M3Sm1cEeET4ghRyYjUxDyXm1MwPQ6YR6E,1,0.00022561,21.5,1,0.00022561,21.5,2024-12-29,2024-12-29
BTC,18a2fxX8mLHaWjwu7KJfSjLiW3SCj8zZcT,1,0.00087605,83.49,1,0.00087605,83.49,2024-12-29,2024-12-29
BTC,1G2AhkFFaD2skoEG7PJfE9BTzV6DJ7WVtD,1,0.00014648,13.96,1,0.00014648,13.96,2024-12-29,2024-12-29
BTC,15v1gC8shrpfpwWkzERWo2LWs6xPmWqJ9F,2,0.00100137,95.43,2,0.00100137,95.43,2024-12-29,2024-12-29
BTC,1L4mzEgUZL7FYUHyWxwZo4hXhutZDQuUfj,1,0.00096991,92.43,1,0.00096991,92.43,2024-12-29,2024-12-29
BTC,1CEwHyV5Y5GipwjPPGGmGHhchEbo2dBfwF,1,0.00105762,100.79,1,0.00105762,100.79,2024-12-29,2024-12-29
BTC,12PbBNhEtHzBf86vrjhS8TdNU4XjBXaspK,1,9.966e-05,9.5,1,9.966e-05,9.5,2024-12-29,2024-12-29
BTC,18UF7vgnyif26NjLm8P8Tw1f5se27U6ZiP,1,0.00010532,10.04,1,0.00010532,10.04,2024-12-29,2024-12-29
BTC,1MpxYcxsqyiGvBk843ewxFr2CYngJwws2p,1,0.00048589,46.31,1,0.00048589,46.31,2024-12-29,2024-12-29
BTC,18BTdMXTGS6qqeyDqSd8X18LwuHZthSV48,1,0.00027715,26.41,1,0.00027715,26.41,2024-12-29,2024-12-29
BTC,1GX9UeCoX2woJeCSEqHHMxhGXinDANRENk,1,0.00052989,50.5,1,0.00052989,50.5,2024-12-29,2024-12-29
BTC,1NQyKhM2rjCtzyTJq3FjAj3ofkfdkXrTQ1,1,5.289e-05,5.04,1,5.289e-05,5.04,2024-12-29,2024-12-29
BTC,12ZBXUPyuqPaXYUxTvHWcVEPGT6usNYMYB,1,0.00012856,12.25,1,0.00012856,12.25,2024-12-29,2024-12-29
BTC,1N9AGjEwr7H7H4yh49aPBVFt9q5Eh4RvEM,1,0.00053257,50.75,1,0.00053257,50.75,2024-12-29,2024-12-29
BTC,13oSaCQM8tjQ2n521gdM7g7vf3zUn6gFvB,1,0.00080397,76.62,1,0.00080397,76.62,2024-12-29,2024-12-29
BTC,1JgiBDKL9a8LiWy6tq9YpEd7Aj1aDZ9nkh,1,0.00021045,20.06,1,0.00021045,20.06,2024-12-29,2024-12-29
BTC,1YJapTqzAosukSdyeZrjShJhPSpPupumj,1,0.00161,153.43,1,0.00161,153.43,2024-12-29,2024-12-29
BTC,16UeZny5ipvuR4i25YgfhKm7Fg5BT1VGRS,1,0.00064272,61.25,1,0.00064272,61.25,2024-12-29,2024-12-29
BTC,1K5i5NDSDNweqZJz2c82PVxKf51tGhPPbf,1,0.00059076,56.3,1,0.00059076,56.3,2024-12-29,2024-12-29
BTC,18dndaSyApg76VyKm6wTsoMvztxyejvCWw,1,0.00083432,79.51,1,0.00083432,79.51,2024-12-29,2024-12-29
BTC,1M14vDxFcfGjWGkVPVGizRvQgF9TDYY2JT,1,0.00022567,21.51,1,0.00022567,21.51,2024-12-29,2024-12-29
BTC,13AxyHfVCHfGLbuR6MYxmbcWHnJXJqU66t,1,0.00047863,45.13,1,0.00047863,45.61,2024-12-28,2024-12-29
BTC,14GUL7sWEy3sSovCSsTca1qYQB7zwxR9qw,1,0.00066165,63.06,1,0.00066165,63.06,2024-12-29,2024-12-29
BTC,17MaafBbNfNSGipVESChJbSZr7q5ttftR8,2,0.00029218,27.68,2,0.00029218,27.68,2025-01-11,2025-01-11
BTC,1Dar38pduUv2b4wYBq4XWTXBh8TPWE7XBS,2,0.00034358,32.55,2,0.00034358,32.55,2025-01-11,2025-01-11
BTC,17cF71ypkftD4JGCqDxNvDzCWxngX8yVHW,1,0.00121362,114.96,1,0.00121362,114.96,2025-01-11,2025-01-11
BTC,1CuJNiSjgt9tegwEpnT9wC7zcXUQES6Daa,1,0.00099762,96.72,1,0.00099762,94.5,2025-01-08,2025-01-11
BTC,1HcEanMRoPqhmGgaZ9PvmCJPKyBMWrxxh,1,0.00038101,35.26,1,0.00038101,36.09,2025-01-10,2025-01-11
BTC,18rHi3oVBAjC6NMQUTGgonnzBFHuV684UU,1,0.00048205,45.82,1,0.00048205,45.66,2025-01-09,2025-01-11
BTC,19gMeawxTkdzDu4BguNo5FCpMUsaoC36Lm,3,0.00081543,77.52,3,0.00081543,77.24,2025-01-09,2025-01-11
BTC,19JpyAuiZgJxETRfgc51Dy1rer1WnF3PV4,2,0.00042286,41.0,2,0.00042286,40.06,2025-01-08,2025-01-11
BTC,1Kj8bJNMRX6xpMDBsnJHJe1ZfEXCmyTrq9,2,0.00040322,38.2,2,0.00040322,38.2,2025-01-11,2025-01-11
BTC,1MWJpXxUxxxMxZCrMWezUBcQTn9n93ZHAv,2,0.00020301,18.79,2,0.00020301,19.23,2025-01-10,2025-01-11
BTC,1FKxuPcaVDKfj6HJWbZGYcwWAj6BNr4ofg,1,0.0004723,44.74,1,0.0004723,44.74,2025-01-11,2025-01-11
BTC,19TyMYURTJG2FjhehioqMreQyustn5EQFf,1,0.00054697,53.03,1,0.00054697,51.81,2025-01-08,2025-01-11
BTC,1MYjbrtV1xSRc2MBQSpS2F3GMpZ35eM6Xv,1,0.00053993,49.97,1,0.00053993,51.15,2025-01-10,2025-01-11
BTC,13SuxhRTXc2v6Qb2iKAvfKasjHDysMDmbq,3,0.00035902,34.5,3,0.00035902,34.01,2025-01-08,2025-01-11
BTC,1BjacfrFjcxohApJKiGSBTsZMsULGim88R,1,0.00038401,36.5,1,0.00038401,36.38,2025-01-09,2025-01-11
BTC,1KY8VBR1v32vzrUWzqRTRdFaMYrtMtMDBT,1,0.0006008,55.61,1,0.0006008,56.91,2025-01-10,2025-01-11
BTC,1JkNS7xL1YvcqNYCaaLzT8X4AhJvQb6Cdx,1,0.00050188,47.71,1,0.00050188,47.54,2025-01-09,2025-01-11
BTC,1CuG2okxZKrFFXb9QuySGYhbSpgRCingiq,1,0.0011629,110.16,1,0.0011629,110.16,2025-01-11,2025-01-11
BTC,1Nmgdz5hUy6kkfvB6Si6cV5rbFW3SV3YLf,1,0.00013408,12.75,1,0.00013408,12.7,2025-01-09,2025-01-11
BTC,1PRtXCnEcwiBDpd3RuixZ7BdiCh4gfD6E4,1,0.00010395,10.08,1,0.00010395,9.85,2025-01-08,2025-01-11
BTC,1EknjybKgzHD7MZd9kchGhM4Y1Qt89fkfq,1,0.00014556,14.11,1,0.00014556,13.79,2025-01-08,2025-01-11
BTC,18gp99gir2TAFiUbbGeGH1sVudMTkcy6Kh,3,0.00119989,114.74,3,0.00119989,113.66,2025-01-08,2025-01-11
BTC,13LUgqv3qxSPzrNLAumnyCGGgzgXWS2DKi,1,0.00033976,32.94,1,0.00033976,32.18,2025-01-08,2025-01-11
BTC,1EEepLrBjyDNwPZ1YPGaHjfHt47wRQ4mDD,1,0.00027791,26.94,1,0.00027791,26.33,2025-01-08,2025-01-11
BTC,1Fe5MgNaEXCdF5ftUWND7gb9Aw57Bo6VwQ,2,0.00053419,52.18,2,0.00053419,50.6,2025-01-07,2025-01-11
BTC,14WRZf8N9tJscwDPvEH9Wfd9ccxJEsE2HF,1,0.0003797,35.97,1,0.0003797,35.97,2025-01-11,2025-01-11
BTC,14QX38wcHL1Aw8b3XcuRuLcaqfHhfCaZSA,1,0.00086006,79.6,1,0.00086006,81.47,2025-01-10,2025-01-11
BTC,19Loxgjh7bzxpmboSNLLAyQxS1SRMAPBYc,3,0.00272087,260.5,3,0.00272087,257.74,2025-01-08,2025-01-11
BTC,1E4VcYtN2FQsiUG6GMW3fRNTedh5DaRsKw,1,8.611e-05,7.97,1,8.611e-05,8.16,2025-01-10,2025-01-11
BTC,19eAwd4YLesu1z41KiSEy7Hs5GuKiLHYU7,2,0.00011536,10.68,2,0.00011536,10.93,2025-01-10,2025-01-11
BTC,1Q294a2LHZ3NapN7x77NS8LBDt1k2ZYanF,1,0.00012856,12.18,1,0.00012856,12.18,2025-01-11,2025-01-11
BTC,1DReDM9Df9WGj1dLphjU6hUS3LwVuMEe23,1,0.00106778,103.53,1,0.00106778,101.15,2025-01-08,2025-01-11
BTC,18kWHZfyWaWuMk6bsENvbfbGKRVWLY9CfR,1,0.0003165,29.29,1,0.0003165,29.98,2025-01-10,2025-01-11
BTC,1HJ2CpAwXXutb8oLmFJh1Q63ocwL7LdGfx,1,0.0001164,11.9,1,0.0001164,11.03,2025-01-07,2025-01-11
BTC,1Lnv1qw3PuH5da7xmVd1yZMyJmocaDjVmn,3,0.00071805,69.62,3,0.00071805,68.02,2025-01-08,2025-01-11
BTC,16qyoHxY2pxyrUJPmCvHNiEUzQkmSuFesv,1,0.00037483,34.69,1,0.00037483,35.51,2025-01-10,2025-01-11
BTC,17nKuqDDk6qaANYfSFv8etzJeCDBYH1u4h,2,0.00061785,57.18,2,0.00061785,58.53,2025-01-10,2025-01-11
BTC,1MRVanmCD7rKx8vWZxpkZUzsTHhubLMpKT,1,0.00039359,37.41,1,0.00039359,37.28,2025-01-09,2025-01-11
BTC,1QFG3fFkavfv3CCKcq43hD11xxEFHBVTzZ,1,0.00023441,22.28,1,0.00023441,22.2,2025-01-09,2025-01-11
BTC,1Dk6pv91aJmhavBSMQkEPn4B1VMJLWhHBU,2,0.00044017,41.85,2,0.00044017,41.7,2025-01-08,2025-01-11
BTC,1KgDWZFa4x2xdF8u3BB4r1HUJ3fvjHB1wF,1,0.00041956,40.68,1,0.00041956,39.74,2025-01-08,2025-01-11
BTC,19NqFjb1examQoWCrMFRsmtphUFdFy18J6,1,0.00020157,18.66,1,0.00020157,19.09,2025-01-10,2025-01-11
BTC,1HYdMC6iP4vhFGSbeqmxw2VAc2oLAMtPMT,1,0.00070279,66.81,1,0.00070279,66.57,2025-01-09,2025-01-11
BTC,1HkcourBrnrns4X3p1QzkrRbtJWFbt21CU,1,0.00094509,89.52,1,0.00094509,89.52,2025-01-11,2025-01-11
BTC,1Bk3MXWh5Xs7uJsRKfHSYZ9W4pyuXiT7tu,1,0.00047737,44.18,1,0.00047737,45.22,2025-01-10,2025-01-11
BTC,1Q6oKgfhR5WWNMunzmxW682hHCcxY4kqwa,1,0.00027554,25.5,1,0.00027554,26.1,2025-01-10,2025-01-11
BTC,1GVgm73qvRKmKU52EKmgYudAkxKdT8MvZf,1,0.00047673,46.22,1,0.00047673,45.16,2025-01-08,2025-01-11
BTC,1Hz9BNHGJfPRp2EVAfveETB2rqGRr2FxW2,2,0.00169986,162.16,2,0.00169986,161.02,2025-01-08,2025-01-11
BTC,1DJN32kpEpK5LvjJg17jnvcAcegGAdgQvh,1,0.00042044,39.97,1,0.00042044,39.83,2025-01-09,2025-01-11
BTC,13Yb9W5ZrkCyncxfqc5xsmVLvhZ1KikSGw,1,0.00102354,96.96,1,0.00102354,96.96,2025-01-11,2025-01-11
BTC,1qqSLnSP9f6EuDoBP6yUeySmxpsZ7rNZV,1,0.00100591,93.1,1,0.00100591,95.29,2025-01-10,2025-01-11
BTC,1EV2JZ83xZ3ptdb237TzAQ35bBptfzv7fS,1,0.00097494,90.23,1,0.00097494,92.35,2025-01-10,2025-01-11
BTC,1JjNimC9YeDpC1ANtrZiBaNajcGjGFqxuz,1,0.00011741,10.87,1,0.00011741,11.12,2025-01-10,2025-01-11
BTC,1GDFTAPy8nsirgxxz97E13AUyBgrbPqfK7,1,0.0004871,45.08,1,0.0004871,46.14,2025-01-10,2025-01-11
BTC,172eD3au1cyzEYchS57sZrjAiHLSSxTpRh,4,0.00088095,82.84,4,0.00088095,83.45,2025-01-09,2025-01-11
BTC,1CRJWmbXsBTmifoamvvf3xQNXboAX1TBcv,1,0.00062926,59.82,1,0.00062926,59.61,2025-01-09,2025-01-11
BTC,1CkAM5mpq54DqpJ5BNDyzxq1ziQmokqrEn,1,0.0001212,11.75,1,0.0001212,11.48,2025-01-08,2025-01-11
BTC,1LMeJZn5ryXk5y2rXSF1MCSDTk3StzveTd,1,0.00098724,100.93,1,0.00098724,93.52,2025-01-07,2025-01-11
BTC,13KwAGpewVPRUC7bmqSicM7nws1WEFWpU8,1,0.00013471,13.06,1,0.00013471,12.76,2025-01-08,2025-01-11
BTC,1PtVYMNgTUNP2fTRMre8ovavi4ZrdYhN1E,1,0.00074963,71.26,1,0.00074963,71.01,2025-01-09,2025-01-11
BTC,15p8M86LPWGirvyghePycmSoV2sWtnr1cf,1,0.00017462,16.6,1,0.00017462,16.54,2025-01-09,2025-01-11
BTC,1Bcgp5UK5rjrXH266Hz4wPfYggQtWcg68G,2,0.00019155,18.57,2,0.00019155,18.14,2025-01-08,2025-01-11
BTC,1KrB92SnSi9W6CjvGfPhswtT7oKG8XxGJW,1,0.00039523,37.57,1,0.00039523,37.44,2025-01-09,2025-01-11
BTC,1QC5htPZ7SmdiWorZ6TdNDXbbVN9JZnM9a,1,0.00028689,26.55,1,0.00028689,27.18,2025-01-10,2025-01-11
BTC,15HMjZ4P4U1f9K3G9aiyWikswBU9HYMzCc,2,0.00032153,31.17,2,0.00032153,30.46,2025-01-08,2025-01-11
BTC,19CaUVRwKfvHJdht6zSQBtMPzJzpfNz1cd,1,5.148e-05,4.88,1,5.148e-05,4.88,2025-01-11,2025-01-11
BTC,1DnX1JoUprxPHExctmnHiFmUy8vVy3kK6w,2,0.00022749,22.54,2,0.00022749,22.15,2024-12-18,2025-01-11
BTC,1t9Az7HeQ7uybjgb8bRMCqKsKC9AZWGva,1,0.00058089,55.22,1,0.00058089,55.03,2025-01-09,2025-01-11
BTC,16kXS2iPQ6voH8fgQ4A1F3B1PZkqV9hYev,1,0.00017408,16.55,1,0.00017408,16.49,2025-01-09,2025-01-11
BTC,1C1becQwNNjTaA58gPHBobkKKKbb79udi,1,0.00048687,45.06,1,0.00048687,46.12,2025-01-10,2025-01-11
BTC,18gymaaiu1uKEuWFRYLRNGxrBqt4evGHtN,1,0.00023087,22.38,1,0.00023087,21.87,2025-01-08,2025-01-11
BTC,1BzsnqWGE2ZiX5TzW2BYAebfLbJrQ9eBCF,1,5.899e-05,5.46,1,5.899e-05,5.59,2025-01-10,2025-01-11
BTC,12vyBDLD9yZTBywhkB1DvPbeujYZsMurc1,1,0.00014029,13.6,1,0.00014029,13.29,2025-01-08,2025-01-11
BTC,1GFdw3Xjv3GPymHa6FzreGEwk1R5EJ3Yza,1,0.00025322,23.44,1,0.00025322,23.99,2025-01-10,2025-01-11
BTC,1B4WSDseCoSN65QKZhcinjPWQRV7NCQURY,1,8.574e-05,7.94,1,8.574e-05,8.12,2025-01-10,2025-01-11
BTC,136956DAgpKjcjgeHfv7YL61B1Lj3xDCke,2,0.00043684,41.38,2,0.00043684,41.37,2025-01-11,2025-01-12
BTC,162eLGcfTVPfPijv1UpLm72LGXWPnM4K8e,1,0.00167564,158.73,1,0.00167564,158.73,2025-01-11,2025-01-11
BTC,14Nv2HJMYqXEqwh7Q9qSTx8KS1JzAmxfRH,1,0.00099498,96.47,1,0.00099498,94.25,2025-01-08,2025-01-11
BTC,1E4eMMzHVa8cGxGHFFoE8QD46NsoRCqVvu,1,0.00021201,20.15,1,0.00021201,20.08,2025-01-09,2025-01-11
BTC,1FCosCfAyTwL5chEMRadonPFFVVL2UcZ6G,1,0.00063106,61.18,1,0.00063106,59.78,2025-01-08,2025-01-11
BTC,1LbpJ7VWej41swtLFUwLpdADZJsPKpLATg,1,0.00024527,22.7,1,0.00024527,23.23,2025-01-10,2025-01-11
BTC,1KbJ9QaTF2HA9gh47Fg72U61fQTACeNySP,1,0.00079612,75.68,1,0.00079612,75.41,2025-01-09,2025-01-11
BTC,1EBQ1UM6BSSaVzLY5nqHQcsYo9MsuS3YHv,1,0.00018884,17.48,1,0.00018884,17.89,2025-01-10,2025-01-11
BTC,194cHDWwQgfacfeSYdzQcUShJs79K3GUVq,1,0.00101151,96.15,1,0.00101151,95.82,2025-01-09,2025-01-11
BTC,12BJrxTy252WT9LMxGfFUsP5sPfQz4H2Bi,1,0.00250841,243.2,1,0.00250841,237.61,2025-01-08,2025-01-11
BTC,1PGGQuTSeidR2FGCDA86kcChMyLfcHUFBX,1,0.00010464,9.95,1,0.00010464,9.91,2025-01-09,2025-01-11
BTC,15u5cAjEJ6GGFH7yAdfaBpE3j4qc6D5LT9,1,0.00121313,115.32,1,0.00121313,114.92,2025-01-09,2025-01-11
BTC,1D5rqfCCajUac23qfzohQgYS3K51nLU2QX,1,0.00116,107.36,1,0.00116,109.88,2025-01-10,2025-01-11
BTC,1L5ZDahgZX4C4CFwnmzDkxHmiiB8FRjHdA,2,0.00070993,67.25,2,0.00070993,67.22,2025-01-11,2025-01-12
BTC,17xMDRg6A3pXRnZvXFmVCteZFrf9VXvU4,1,0.00028711,29.35,1,0.00028711,27.2,2025-01-07,2025-01-11
BTC,1GvLEEakDBssCKAqVCfDb9AaTd8HBvEJDh,1,0.00027886,26.51,1,0.00027886,26.42,2025-01-09,2025-01-11
BTC,1Jv3JWjn7KPRdDbzQCcuXUA1QPXdvnhEnd,1,0.00016955,16.12,1,0.00016955,16.06,2025-01-09,2025-01-11
BTC,12zdiBdhFAjmrdKzkhMfP1Hyu8J6jaBHbX,2,0.00063023,59.24,2,0.00063023,59.7,2025-01-08,2025-01-11
BTC,16ojJY8PfphPWX9th3nGJHCXJRKjonEEZs,1,0.00021614,20.55,1,0.00021614,20.47,2025-01-09,2025-01-11
BTC,1Jp4FFBuC9cuFFhtVWbagBiaeo12yThL5s,1,0.000222,21.1,1,0.000222,21.03,2025-01-09,2025-01-11
BTC,1EvEhcA15LdCZfDVUSgi2NShxe4hFHUHMH,1,0.00049066,46.64,1,0.00049066,46.48,2025-01-09,2025-01-11
BTC,1FvMFm1ZJcU5rmbkJ23z9HhR7oT8CvUKeD,1,0.00011654,11.3,1,0.00011654,11.04,2025-01-08,2025-01-11
BTC,1KTP9DaBq5iRzi8BG5j3ZGAh8SKJ2ZH5FG,1,0.00110608,107.24,1,0.00110608,104.77,2025-01-08,2025-01-11
BTC,15ywaF7kfuYrHY8uVysJSrfdZPPL5LyA8q,1,0.00018001,17.11,1,0.00018001,17.05,2025-01-09,2025-01-11
BTC,18Tjd5DbAtcpCVF35fdzArgnLrX7DJvFXs,1,0.0001694,16.05,1,0.0001694,16.05,2025-01-11,2025-01-11
BTC,18PtwFmJNAozkpAZes5bWze2HPJEPyKoYC,1,0.00022545,21.43,1,0.00022545,21.36,2025-01-09,2025-01-11
BTC,1A6aDoPToGDtPNYVuJVYQzYZedCJ8LbKHN,1,0.00026723,24.73,1,0.00026723,25.31,2025-01-10,2025-01-11
BTC,1FMmGuEi7fkZmLsDJ3DmpMiUg4ijSgsN8q,1,0.00018852,18.28,1,0.00018852,17.86,2025-01-08,2025-01-11
BTC,13NkGYtSBZGn2RkdnWp9zfV9UHMPVUNtaY,1,0.00066837,64.8,1,0.00066837,63.31,2025-01-08,2025-01-11
BTC,1NwuF56Fmo9PvXC8uDMJM7ScoPHM3w9KpF,1,0.00015754,14.98,1,0.00015754,14.92,2025-01-09,2025-01-11
BTC,15K6CY4KX5j1Xsvzy2G9RzgAVSgcnE43XM,1,0.0001467,15.0,1,0.0001467,13.9,2025-01-07,2025-01-11
BTC,1HjKU8xvkdvpPTKZ6msd8MLFWfbjdzWAJp,1,5.706e-05,5.42,1,5.706e-05,5.41,2025-01-09,2025-01-11
BTC,17fruSGh8sNN7E1nHgmjzG5nLPw2wcLjE9,1,0.00026716,25.9,1,0.00026716,25.31,2025-01-08,2025-01-11
BTC,1NzUPyBt5sPW1Q9xhfULSiP4HqhqH7xwmN,1,0.00015174,14.04,1,0.00015174,14.37,2025-01-10,2025-01-11
BTC,12upA6rQzSmC7amhv9N1EYFZZuNd1jzArc,1,5.567e-05,5.27,1,5.567e-05,5.27,2025-01-11,2025-01-11
BTC,1Mw2nQapXN9dB4NxwJGE5bM5C4sWzuqFTA,1,0.0005605,54.34,1,0.0005605,53.09,2025-01-08,2025-01-11
BTC,13scBTCtdRh3vbktJsVAvfpAjmJpWgrkbY,1,0.00021865,20.24,1,0.00021865,20.71,2025-01-10,2025-01-11
BTC,1K2DAZT8aa6oGCv3DZTijjiatApHmoUa7C,1,0.00016865,15.98,1,0.00016865,15.98,2025-01-11,2025-01-11
BTC,1ERxFkbragVgbdy4TwoWLmKAgFauLFRdoF,1,0.00031773,30.81,1,0.00031773,30.1,2025-01-08,2025-01-11
BTC,1KYbNEPVW6WKh1pkcc994iziKGPmgdD3pF,1,0.00052431,53.6,1,0.00052431,49.67,2025-01-07,2025-01-11
BTC,17egMA9SFVkb7HpAiRm5VhC4smbASLPH3e,1,0.00033753,32.09,1,0.00033753,31.97,2025-01-09,2025-01-11
BTC,1BwFPWwExcVmanGttv725bUki7xNFcPLaQ,1,0.00021282,19.7,1,0.00021282,20.16,2025-01-10,2025-01-11
BTC,1CHEntzrWUprgH1sTdMSg4JqCmKNo4xVHB,1,0.00095005,87.93,1,0.00095005,89.99,2025-01-10,2025-01-11
BTC,1BAWje6CWzSkB4oK9nWY58CHHqDpw2zJ5U,1,0.00032881,31.15,1,0.00032881,31.15,2025-01-11,2025-01-11
BTC,19gNQRanm17oiw5LM1izaquBWSSjozewXC,1,0.00052311,50.72,1,0.00052311,49.55,2025-01-08,2025-01-11
BTC,1C3Spm8JR99FgVLoqDuME6xrHx3zCquAH7,1,0.00093497,86.53,1,0.00093497,88.57,2025-01-10,2025-01-11
BTC,13Q4APRcCJcyeEsbbKYWxRxATQSZoGtFmu,1,0.00026258,24.3,1,0.00026258,24.87,2025-01-10,2025-01-11
BTC,1FnV6thB4AUiZHPDLLhaDhjLDPSUMCxfJA,1,8.736e-05,8.09,1,8.736e-05,8.28,2025-01-10,2025-01-11
BTC,1NfWaL3521wo2wMgEmY8xFUTKJRVHutHJr,1,0.00130729,124.27,1,0.00130729,123.83,2025-01-09,2025-01-11
BTC,17ZcfQ3KiQz626qhEfVpGLoKAFDY2mKT2J,1,9.806e-05,9.32,1,9.806e-05,9.29,2025-01-09,2025-01-11
BTC,1JemiDWvQggvhFFXAj4kNVCtfBzUDLspN1,1,0.00061623,57.03,1,0.00061623,58.37,2025-01-10,2025-01-11
BTC,1KQR8nbg1ZGHKZ6A9on8dXPsFUQU5CwKYe,2,0.00131302,129.32,2,0.00131302,127.73,2024-12-09,2024-12-10
BTC,18RowYDBZ4Nbv4TgP67Cs1XsCeA6Kdcj6b,2,0.00193927,196.08,2,0.00193927,188.65,2024-12-09,2024-12-10
BTC,1ZzD8MR6LbyWyidFWXGqhNukWmkLPNrng,1,0.00036572,36.98,1,0.00036572,35.58,2024-12-09,2024-12-10
BTC,1GamdCqxpnmHDrckrnaE8LvH1HHTBmySDk,1,0.00051544,52.12,1,0.00051544,50.14,2024-12-09,2024-12-10
BTC,19dq3m3q9uCKieDmpnCsrusXtyX9BJr4zv,1,0.00056595,57.22,1,0.00056595,55.05,2024-12-09,2024-12-10
BTC,1K2EsGZ7rXNHpFv5nciwRZTvzcDT2bDN6r,1,0.00046425,46.94,1,0.00046425,45.16,2024-12-09,2024-12-10
BTC,1PAUVjE98KFcqBBxkQMyCvPZyiangV6ZAp,1,0.00013493,13.13,1,0.00013493,13.13,2024-12-10,2024-12-10
BTC,1M3N1sjdP2RnFsDGcX6j2t12ta63gyYNsH,2,0.0002147,21.71,2,0.0002147,20.89,2024-12-09,2024-12-10
BTC,1FCty97WHwKCtpVo4p2pHiL9vRiYveMXaa,1,0.00011518,11.2,1,0.00011518,11.2,2024-12-10,2024-12-10
BTC,18gcf4vtr1XXadejsLQsqHAQxSioLFvQJn,1,0.00026586,25.86,1,0.00026586,25.86,2024-12-10,2024-12-10
BTC,1Kpg3PQCGL3oqeNCwhXRzdqbsp6FoYgz8S,1,0.0024,242.66,1,0.0024,233.46,2024-12-09,2024-12-10
BTC,1CSigkuP1tfHesVoHzBXskEEuLuSJzWA6r,1,0.0002581,25.11,1,0.0002581,25.11,2024-12-10,2024-12-10
BTC,1h25BX7yTVU8q8wM4YHc4Kz2Tc8vyshHe,1,0.00103649,100.83,1,0.00103649,100.83,2024-12-10,2024-12-10
BTC,14RgkzpcxtQv5U1cnmd8wsTwSAY9iMigkx,1,0.00095172,96.23,1,0.00095172,92.58,2024-12-09,2024-12-10
BTC,19DiQ9G9wshFtfztkcAmVvxvS9YrHhwHdD,1,0.00024048,23.39,1,0.00024048,23.39,2024-12-10,2024-12-10
BTC,16CNCMiKFtUrborbFtdd7bSxEwb81E1ms5,1,0.00026489,25.77,1,0.00026489,25.77,2024-12-10,2024-12-10
BTC,1Abf8R7vNXTyiYmrPSgnp6UpToYprAzY2P,1,0.00056804,55.26,1,0.00056804,55.26,2024-12-10,2024-12-10
BTC,19EyPfX3fqUzgxQSWXWb1GqPtHuPSjsGbW,1,0.00025632,25.92,1,0.00025632,24.93,2024-12-09,2024-12-10
BTC,1G7ryJ377TBpCY9mynETRWq5nWuQ3CQccK,1,0.0025232,255.12,1,0.0025232,245.45,2024-12-09,2024-12-10
BTC,1xMESriVYxCVgPCkzNmJMuBjz5g1jjZRk,1,0.00051675,52.25,1,0.00051675,50.27,2024-12-09,2024-12-10
BTC,1B1BNe6toGRUWFsDHLJusnZVvnZqQPRkby,1,5.976e-05,5.81,1,5.976e-05,5.81,2024-12-10,2024-12-10
BTC,1K94gCaAivTs2SV4zHV3Vfxy45BwW1b2hi,1,0.00049748,48.39,1,0.00049748,48.39,2024-12-10,2024-12-10
BTC,1LZABfKtEQFEXPDHAaKu1FbN8C7asPKMFq,2,0.00060166,61.3,2,0.00060166,58.8,2024-12-09,2024-12-19
BTC,15RZapaGstBZxbvn1FizMQMQsEjjRpMzS5,1,0.00082045,82.96,1,0.00082045,79.81,2024-12-09,2024-12-10
BTC,15grYArDtrr3bqFCNwvWGa6upM6qAudnP3,1,7.311e-05,7.39,1,7.311e-05,7.11,2024-12-09,2024-12-10
BTC,1FUfZc21YdNaWkyJvAyc6qeYbdF4HyRust,1,0.0004,40.44,1,0.0004,38.91,2024-12-09,2024-12-10
BTC,1Cf4K6uFu7MRKXHiZvVjV5k4fESHtpUmVd,1,0.00103225,104.37,1,0.00103225,100.41,2024-12-09,2024-12-10
BTC,14Pbw1J5Vy14xymGBQVFptj7sQrtkCQk7g,1,0.00022236,22.48,1,0.00022236,21.63,2024-12-09,2024-12-10
BTC,1KLpw523tx4YiCTVWxCGAt61khE8ugrG8k,1,0.00071136,69.2,1,0.00071136,69.2,2024-12-10,2024-12-10
BTC,12iSFShbn2Fq2SDnVmR1TBr7WtVBgghpdo,1,0.00018226,17.73,1,0.00018226,17.73,2024-12-10,2024-12-10
BTC,16BEFriZs9PJ3J78ZJm4yByfT3ziDdZ2B3,1,0.00046633,47.15,1,0.00046633,45.36,2024-12-09,2024-12-10
BTC,17zF6z1xSAuhDw7MCHqk6GXbNiM2vm2U4E,1,0.00054605,53.13,1,0.00054605,51.98,2024-12-22,2024-12-23
BTC,18nzrXnbbroUrecVuToVqi5BvjqUErq7tW,1,8.367e-05,7.96,1,8.367e-05,7.96,2024-12-23,2024-12-23
BTC,1A2of4bbvLqMPyVtgn5To5kNTzw5fqQpxS,1,0.00119625,116.39,1,0.00119625,113.87,2024-12-22,2024-12-23
BTC,1CQXDg8LztuW7gakkj3BgYefctbRWVUZE,1,0.00017012,16.55,1,0.00017012,16.19,2024-12-22,2024-12-23
BTC,1F8re4zwPFq4HhfAFbYhocGo9VjVDUFv2U,2,0.0009621,92.59,2,0.0009621,91.58,2024-12-22,2024-12-23
BTC,15iZXzaPem98SWTvoZXpWk1etK9pcXiGEa,1,0.00074522,72.5,1,0.00074522,70.93,2024-12-22,2024-12-23
BTC,1HRgysNcKt4zXN5kXRsSt4vThY1UJsuHPN,1,0.0001693,16.47,1,0.0001693,16.12,2024-12-22,2024-12-23
BTC,1Go4fKwhmFpYVTztVy5S5qkwMEkxeJZuUE,1,0.00135633,131.96,1,0.00135633,129.1,2024-12-22,2024-12-23
BTC,1HGpcdMvnwn1b3Ytq28bPNLZMzUFYjbdq4,1,0.00018994,18.08,1,0.00018994,18.08,2024-12-23,2024-12-23
BTC,1LEojJXu9iCpAaT8PTaSHX3XbHXvuzPg5v,1,0.00116755,113.59,1,0.00116755,111.13,2024-12-22,2024-12-23
BTC,16C6GyRSGauj1vnjQ12aZuS8zfQKhp4FUN,1,0.00022314,21.71,1,0.00022314,21.24,2024-12-22,2024-12-23
BTC,1PWFzy34mpU8vhynWVZXPM4Pp4PwyhncXo,1,0.00047293,45.02,1,0.00047293,45.02,2024-12-23,2024-12-23
BTC,1EYFfN6GtkTT8DDLGPKetiUm986TU58erX,1,0.00120119,116.87,1,0.00120119,114.34,2024-12-22,2024-12-23
BTC,1BXsqzcDEEQYe4RtqaLurBHKFhbGUwXboi,1,0.00025252,24.57,1,0.00025252,24.04,2024-12-22,2024-12-23
BTC,1BkVbnQjPdhs1hoX1AjJAJAooaBB17WEod,1,0.00109891,104.6,1,0.00109891,104.6,2024-12-23,2024-12-23
BTC,14mTGSHoazmv8tKNZZxrN7CBY1NNo8gTW7,1,0.00278306,270.77,1,0.00278306,264.91,2024-12-22,2024-12-23
BTC,1HU7u2BSd2WQQkiCeRqSSb6eG1CDpv75HZ,1,7e-05,6.81,1,7e-05,6.66,2024-12-22,2024-12-23
BTC,1P4Jw9PFBZ9ya3DAoV52LRzyuvCiabq75X,1,0.00152363,148.24,1,0.00152363,145.03,2024-12-22,2024-12-23
BTC,12PQKrXPzKdStx8Mcx6Jm3xEgyb6wuR5sk,1,0.00027488,26.74,1,0.00027488,26.16,2024-12-22,2024-12-23
BTC,1LeEYCr5awW3bV63SHForJ2tecaymGrH5L,2,0.00064627,61.52,2,0.00064627,61.52,2024-12-23,2024-12-23
BTC,1G1NQC65KSh7sTxYmYW3yY4ubAdsW7b6k7,1,0.00049598,48.25,1,0.00049598,47.21,2024-12-22,2024-12-23
BTC,1Ct9pjxCDDhB71T3Ea74iGVKyXMgpz5w3h,1,0.00021947,20.89,1,0.00021947,20.89,2024-12-23,2024-12-23
BTC,1HLrrmjFUadMDPFkvHocqrJnXXRieU9GMX,1,0.00047745,45.45,1,0.00047745,45.45,2024-12-23,2024-12-23
BTC,1Bsba9Ap3DyA5XymGzzj11zvvpb2U5LcWP,1,0.0010608,103.21,1,0.0010608,100.97,2024-12-22,2024-12-23
BTC,1CFKwrHSNsrYra3g1cor9zsXZ1t7jx8gwq,1,0.00047649,45.36,1,0.00047649,45.36,2024-12-23,2024-12-23
BTC,13rWHfRVCbB55Um5RT7XCurcYB2SSHeSFk,1,0.00017318,16.38,1,0.00017318,16.38,2025-01-12,2025-01-12
BTC,1FFM4ePcKReg34sTBNthZ5TNd4ZeQ5Zjqf,1,0.0003775,35.76,1,0.0003775,35.71,2025-01-11,2025-01-12
BTC,16Prp4CCBsdNu3RMHwdCYbdies63PCFa4N,1,0.00024126,22.82,1,0.00024126,22.82,2025-01-12,2025-01-12
BTC,1LSEdHfvrVKBEmGYooN5612BoXtBPwibE9,1,0.00015305,14.5,1,0.00015305,14.48,2025-01-11,2025-01-12
BTC,1BV4AmL1W6tGn5Rewk33j77dJA8Sqf8q1T,2,0.00022464,21.25,2,0.00022464,21.25,2025-01-12,2025-01-12
BTC,14z1hCnQpGQA9Jcx4C7WdboYwJ7tCAMJVP,1,0.00089309,84.6,1,0.00089309,84.49,2025-01-11,2025-01-12
BTC,1QAYrsTjPA9QfGkZRzbeTjUyWq3hhi44XF,1,0.00014164,13.42,1,0.00014164,13.4,2025-01-11,2025-01-12
BTC,1FTWnv9EXspqYyP5QH95NGTD1s2ttzrpLS,1,0.00030717,29.1,1,0.00030717,29.06,2025-01-11,2025-01-12
BTC,1zqeuyVqHxTBFtqiQgqf78fabJRFNVeZY,1,0.00025003,23.65,1,0.00025003,23.65,2025-01-12,2025-01-12
BTC,1EN2sagjw7LPNC5as2qRfMf4zz1Me71p9s,1,0.0004819,45.59,1,0.0004819,45.59,2025-01-12,2025-01-12
BTC,1JTuk8z5ZPrARKdgb7nGsa6iDcJusBmPmo,2,0.0004484,42.48,2,0.0004484,42.42,2025-01-11,2025-01-12
BTC,1Kb8FFBBiVu5SctJvYfkN6Cj7WqaretNzG,1,5.31e-05,5.03,1,5.31e-05,5.02,2025-01-11,2025-01-12
BTC,18XiLZEEXGbyF1r9o6quYQeiKcao21yta2,1,0.00058439,55.36,1,0.00058439,55.28,2025-01-11,2025-01-12
BTC,14pCDsyBQtsK5muNa6aJzTfbpCzoRxkfZg,1,0.00099817,94.55,1,0.00099817,94.43,2025-01-11,2025-01-12
BTC,1PFb8zc7xPKSp6RPsxQKXyVo4UZzESvw6D,1,0.00036675,34.69,1,0.00036675,34.69,2025-01-12,2025-01-12
BTC,1FyWFeK8dCi8w2vspNZyd68mFAmz7udntW,1,0.00015551,14.71,1,0.00015551,14.71,2025-01-12,2025-01-12
BTC,1NEvEsUjVtvfzi59NiC91csVR37tRLoGCp,1,0.00012058,11.42,1,0.00012058,11.41,2025-01-11,2025-01-12
BTC,18qTiGRmSH8WUq88Y2MFfCk5W96Zb1Fpze,1,0.00023058,21.81,1,0.00023058,21.81,2025-01-12,2025-01-12
BTC,1LEVTbVLcjQKQSEVY3i3zMNpX8cqmUzz7X,1,0.00036787,34.85,1,0.00036787,34.8,2025-01-11,2025-01-12
BTC,1JNwBMxciCwseRXjV2SU4QkXdc8ChBd68c,1,0.00013817,13.09,1,0.00013817,13.07,2025-01-11,2025-01-12
BTC,16396azJhcrKdX9VjVvbrVBaqdRJokeN3P,1,0.00018284,17.3,1,0.00018284,17.3,2025-01-12,2025-01-12
BTC,17EJoPESuAP4TRdW7oMSUjKHRMHFD7YWmT,2,0.00168213,167.51,2,0.00168213,172.6,2025-01-12,2025-01-18
BTC,1J9WTaoy8JX5P4eBTCfmfU3ddUuSxRbysU,1,0.00046833,44.3,1,0.00046833,44.3,2025-01-12,2025-01-12
BTC,1NL7ZhBWu2Eu76tkGxCfmZAWaj48YkPqQ3,1,0.00022307,21.1,1,0.00022307,21.1,2025-01-12,2025-01-12
BTC,19Wwma8u1FTnCknQRHpp68JRqTZTPiZfnR,1,0.00042573,45.15,1,0.00042573,42.66,2024-12-17,2024-12-19
BTC,14AUMz9zQsFRjq1rvhqDVAoKxdqFphawW7,1,0.00041757,44.32,1,0.00041757,41.84,2024-12-18,2024-12-19
BTC,19m9DKoT6oPz6tD99568uv9VQsT4Cv5vJm,1,0.00025498,27.06,1,0.00025498,25.55,2024-12-18,2024-12-19
BTC,1BPBWSdjwLGrybtsQNXncj4vywTbE2ignb,1,0.00014909,15.81,1,0.00014909,14.94,2024-12-17,2024-12-19
BTC,12CtW8VVdyRYPhesYdkUDfbRNvUKLPEuGx,1,0.00015328,16.27,1,0.00015328,15.36,2024-12-18,2024-12-19
BTC,1FjwubtKEHt4miv3ggrYfT2keh2wdZ2TdF,1,0.00021763,21.81,1,0.00021763,21.81,2024-12-19,2024-12-19
BTC,179c3M9w7Ha5nbkMXgB6cYVKZW6iy5QceM,1,0.00033336,35.36,1,0.00033336,33.4,2024-12-17,2024-12-19
BTC,1MTopuUg34Ft86RoNNnEJLqsibed73opuN,1,0.00016339,16.37,1,0.00016339,16.37,2024-12-19,2024-12-19
BTC,1EJB4v5xkxR4uU4Xraqc94M9uAGJkfK1hW,1,0.00041358,43.89,1,0.00041358,41.44,2024-12-18,2024-12-19
BTC,157sPNrLKzCG16fNpdRuUuZpjK8Qsw6p1k,1,0.0004756,50.48,1,0.0004756,47.66,2024-12-18,2024-12-19
BTC,12T37nsc1BaFpj4fP5rEJ8hLtvgkV3jJKQ,4,0.00062003,62.13,4,0.00062003,62.13,2024-12-19,2024-12-19
BTC,1LNAR7sTDvYEQ1KsdThG3BVgPg5yXgJAeZ,1,5.623e-05,5.96,1,5.623e-05,5.63,2024-12-17,2024-12-19
BTC,128NkJfr1kkvvAzPw6CLkXDSgnLyeCc8re,2,0.00015199,16.13,2,0.00015199,15.23,2024-12-18,2024-12-19
BTC,16KJwGPeowSqjiyiXQJmCjTCP5iGTjqZyV,1,0.00019757,20.97,1,0.00019757,19.8,2024-12-18,2024-12-19
BTC,1GcESVPwwpszMUNhrdLkhvXYbWn4tfFCvA,2,0.00029867,31.68,2,0.00029867,29.93,2024-12-17,2024-12-19
BTC,17PChTP4xB16BwGxmAY6x2Fu2KofRjL8GZ,3,0.0010039,103.26,3,0.0010039,100.59,2024-12-18,2024-12-19
BTC,15S21X5wFgb4cLZwZNFtoQB4BxzvtPuSvz,1,0.00025783,27.36,1,0.00025783,25.84,2024-12-18,2024-12-19
BTC,1PN67pMvfVda1RSaBtbV6LkyLdqGC7YwPs,1,0.00036809,39.07,1,0.00036809,36.88,2024-12-18,2024-12-19
BTC,1HSXkxVvUJ1pmWmoRmog8XU3a7EBsJMn8r,1,0.00012801,13.59,1,0.00012801,12.83,2024-12-18,2024-12-19
BTC,16bhryTUd4urjSQQuoQTFBG32LfqbQDCyM,1,0.00021587,21.63,1,0.00021587,21.63,2024-12-19,2024-12-19
BTC,1B2VkhTkzxZxTmX6ygNAqXTvkUkMarGEpL,1,0.00019422,19.46,1,0.00019422,19.46,2024-12-19,2024-12-19
BTC,1FHaySwdVDFo3H98EsbDr21dhD2Z4fKHbv,1,0.00043415,46.08,1,0.00043415,43.5,2024-12-18,2024-12-19
BTC,12KRpV67tu3H8p8PeqUSrpTrw9zpcts7jb,1,0.00025605,25.66,1,0.00025605,25.66,2024-12-19,2024-12-19
BTC,174aXn32v9j3VtFCRnB26mHFGvVYzzJatF,1,0.00035613,37.8,1,0.00035613,35.69,2024-12-18,2024-12-19
BTC,1CTdg1TjxEDqKHqab722F7ntBeQtLffS7h,1,0.00016103,17.08,1,0.00016103,16.14,2024-12-17,2024-12-19
BTC,18SLP9h5Mi2qKAQXB5Ee6bKznEkB8EzQVk,1,0.00140907,141.19,1,0.00140907,141.19,2024-12-19,2024-12-19
BTC,1D3bTJNkPN2jAaMbiC2PswgGQHWK79su8W,1,0.00042828,45.45,1,0.00042828,42.92,2024-12-18,2024-12-19
BTC,17qEkHgKNcgL7rdBJYX6PtqX6HP5Buqn8U,1,0.00015029,15.94,1,0.00015029,15.06,2024-12-17,2024-12-19
BTC,1Cd59FTFBn6WVPikKQWFhxYTsqmUJXxg5m,1,0.00020512,20.55,1,0.00020512,20.55,2024-12-19,2024-12-19
BTC,1KX5LR12it1RzwYb8Rr1b2g82Ew53qWj9z,1,0.00132107,140.11,1,0.00132107,132.38,2024-12-17,2024-12-19
BTC,1PRnNpG5MYaxhPax9z5AvCjyMCY5X1ke6K,1,0.00058225,61.75,1,0.00058225,58.34,2024-12-17,2024-12-19
BTC,16VkkPeWSfx6KUbJwFmdCWWyWnW3M6ktXH,1,0.00015391,16.34,1,0.00015391,15.42,2024-12-18,2024-12-19
BTC,124gNRmV7NM4vw8qr5qjgHTyXLuURTgvon,1,0.00094519,100.32,1,0.00094519,94.71,2024-12-18,2024-12-19
BTC,1KUiQfmpCDp6RQ8mLwXbdoBQegSVCcryDZ,1,0.000248,26.32,1,0.000248,24.85,2024-12-18,2024-12-19
BTC,199n6idUSWWd1dX9DXpNtx2WpXpEz5URF1,1,0.0001092,11.59,1,0.0001092,10.94,2024-12-18,2024-12-19
BTC,1FG92WTeexuhd58G91DEu4sRqYaugZjf1D,1,0.00019441,20.62,1,0.00019441,19.48,2024-12-17,2024-12-19
BTC,18SsqFXbs9Cr7Ce6PfqBCHXBdh38DosKW4,1,0.00016575,17.59,1,0.00016575,16.61,2024-12-18,2024-12-19
BTC,1JmyqTqkLs1e97hhmcAxLByf8SLAobwEHB,1,0.00014646,15.54,1,0.00014646,14.68,2024-12-18,2024-12-19
BTC,115NiPxWNBheWhUQfRHQ37e7U3oqxqoZhG,1,0.00032708,32.77,1,0.00032708,32.77,2024-12-19,2024-12-19
BTC,18kv89XU8vdtiKYetBqd9Zo5XXXB8iVykB,1,0.00015742,15.77,1,0.00015742,15.77,2024-12-19,2024-12-19
BTC,1DpG8zyzEoZjvsgSeoQCBqk3sobKYiM9WM,1,7.306e-05,7.75,1,7.306e-05,7.32,2024-12-17,2024-12-19
BTC,1ETA4S6xsniLhis8gDAJTdhQsHp4BH6ZZE,1,6.355e-05,6.37,1,6.355e-05,6.37,2024-12-19,2024-12-19
BTC,1MbRTqWY71nUiNm6p9W5TMfM2GiQ5Hhvs9,1,0.00021049,22.34,1,0.00021049,21.09,2024-12-18,2024-12-19
BTC,16WFDu6NEUdu49dye7DG7q5YFtPsScmS7w,1,0.00090143,95.67,1,0.00090143,90.33,2024-12-18,2024-12-19
BTC,1E9wmdo6DSPa1ELabjdVS5y4U71bQU8uQs,1,0.00207399,220.12,1,0.00207399,207.82,2024-12-18,2024-12-19
BTC,1G6rgT5vxdKa6TaadjpAd9QXR5pX6DAkdZ,1,0.0001529,16.23,1,0.0001529,15.32,2024-12-18,2024-12-19
BTC,1pzJrr6Dy4YX6eiA9H797R77A5H7iG3DE,1,0.00024832,24.88,1,0.00024832,24.88,2024-12-19,2024-12-19
BTC,1NUZMPiQsTibbTDTrkDUiQT5dQD4uk1J1v,1,0.00026913,26.97,1,0.00026913,26.97,2024-12-19,2024-12-19
BTC,1DGR2YGDUd97DDcxSmFZfBiz5Dgtr75zoT,1,0.00102857,109.17,1,0.00102857,103.07,2024-12-18,2024-12-19
BTC,18F68x7r8q1zrsQyPE5TvFd2LEjzVozRNx,1,0.00012071,12.8,1,0.00012071,12.1,2024-12-17,2024-12-19
BTC,1PTowAjUrEaH7AuCA193WoBnK7TexiY7Eh,1,0.00075084,79.63,1,0.00075084,75.24,2024-12-17,2024-12-19
BTC,19cj6fX3QaJpNyUZ7cQG8BdzdsDE6jHCxa,1,0.00059367,59.49,1,0.00059367,59.49,2024-12-19,2024-12-19
BTC,1H7D353CgWBtHsdToZNNZRyuwkg8HZnS7N,1,0.00094235,94.08,1,0.00094235,95.28,2024-12-08,2024-12-09
BTC,1KLYQy6wUM164rfF82PR6hwAdrXKaVmRyQ,3,0.00040029,39.95,3,0.00040029,40.47,2024-12-07,2024-12-09
BTC,16Hu2xsM2N8aRiXUjDjy1nxLLPpd1hgsT9,1,0.00054829,54.74,1,0.00054829,55.44,2024-12-08,2024-12-09
BTC,1HiTnGg8BnpmvGkuf1SyoxDBi2psS5wtXk,5,0.00169992,170.88,5,0.00169992,171.88,2024-12-08,2024-12-09
BTC,1Hk9i1xj7Krcc4aNvyp4z5aDZ5nZRUpmij,1,0.00057363,58.0,1,0.00057363,58.0,2024-12-09,2024-12-09
BTC,1G6wn8YmNn6TnzCdhZyBHwwKttcXRwhb1W,1,0.00093673,93.52,1,0.00093673,94.71,2024-12-08,2024-12-09
BTC,1EVxJeCfNrkJuVWDshwH73xUBsfgHcXGWZ,2,0.00032436,32.37,2,0.00032436,32.8,2024-12-07,2024-12-09
BTC,1KKP7iKCkV98vUa9dgpwhSbYfeRwK4bZGG,2,0.00079256,79.12,2,0.00079256,80.14,2024-12-08,2024-12-09
BTC,136GmnGVuKE7MrKa3R2nHpDLsRFyfCH2tp,2,0.0008548,85.3,2,0.0008548,86.43,2024-12-07,2024-12-09
BTC,1EA4uKXfkmDsi3ihnCgpYP5Vidb2Q5teaM,2,0.00050994,50.91,2,0.00050994,51.56,2024-12-08,2024-12-09
BTC,1KiKxSRFG1QGn8y9nqkFyZNqkwBC5F397q,1,0.00019583,19.53,1,0.00019583,19.8,2024-12-07,2024-12-09
BTC,1GPGXg4pBDKbQZqfb2rZzTkaQzEMUFGqyw,1,0.00083169,82.95,1,0.00083169,84.09,2024-12-07,2024-12-09
BTC,18vjRv5dCpreQuMMse8QTjVhUagSgY2UuU,1,0.00013035,13.0,1,0.00013035,13.18,2024-12-07,2024-12-09
BTC,1B4db71N535C5vjbdDyQQXLGdTY4k3yUfT,1,0.00015896,16.07,1,0.00015896,16.07,2024-12-09,2024-12-09
BTC,1KQZ3K4GHKbcRDi9S54WY7VN7prWzxvsFT,1,0.00027145,27.45,1,0.00027145,27.45,2024-12-09,2024-12-09
BTC,17RRiTGuEDEdyT7jUZqH4XPww2skq9Nokw,1,0.00017936,17.91,1,0.00017936,18.14,2024-12-08,2024-12-09
BTC,1LTvBKURY5Kkaagf5GmENdziDPjVWnXByX,1,0.00090042,89.81,1,0.00090042,91.04,2024-12-07,2024-12-09
BTC,12nmh5q4o8azmfxEy9qez6YFUQLwdcHgpp,5,0.00091055,91.19,5,0.00091055,92.07,2024-12-07,2024-12-09
BTC,1LfRnYdqEyScPZU3sNGQzXoHVN7hQqRD3S,1,0.00017288,17.24,1,0.00017288,17.48,2024-12-07,2024-12-09
BTC,1Dv2M5uq227HdjBdc6NQ75SURUrP1H7EBx,1,0.00109534,109.25,1,0.00109534,110.75,2024-12-07,2024-12-09
BTC,127de7dxbq66yzQBQEei8bgg2gCJYPcJrk,1,0.00029081,29.03,1,0.00029081,29.4,2024-12-08,2024-12-09
BTC,1BntDUPkut2vhmMzPiJvEw7waEY2bWhcZg,1,0.00020127,20.07,1,0.00020127,20.35,2024-12-07,2024-12-09
BTC,1MHciXDUT9GTG6s1HjYoEva326EEhGNxdo,1,0.0003925,39.18,1,0.0003925,39.69,2024-12-08,2024-12-09
BTC,17YwstuW6dUteS9bjvx99CMj1wQTu49hhc,1,0.00015045,15.01,1,0.00015045,15.21,2024-12-07,2024-12-09
BTC,13TEv1YjSKNWbViYi8PauuCP4JjTPYNxXh,1,0.00017929,17.88,1,0.00017929,18.13,2024-12-07,2024-12-09
BTC,12cPrynh2sCQz3bmJnHfbcT3ZfaVcrEt5r,1,0.00066532,66.36,1,0.00066532,67.27,2024-12-07,2024-12-09
BTC,1HP86HQTYHqUVKuvSwki7RZ78ghT7CwdZw,1,0.00015879,15.85,1,0.00015879,16.06,2024-12-08,2024-12-09
BTC,12LosoqNzcSZfkYCKJvM9YbH8JgQVXgyNd,1,9.131e-05,9.12,1,9.131e-05,9.23,2024-12-08,2024-12-09
BTC,13ts9FruTaj5hBDHNSr4919w6FS94SATLX,2,0.00025039,25.0,2,0.00025039,25.32,2024-12-08,2024-12-09
BTC,17BvH14SFsGHG3vhUBpBP6NhFgDBNeiiPZ,1,0.00022277,22.24,1,0.00022277,22.52,2024-12-08,2024-12-09
BTC,1KjpqdfaHeXSzDj8JHJGvcADMDV2kiTmPP,1,8.804e-05,8.78,1,8.804e-05,8.9,2024-12-07,2024-12-09
BTC,14xvLfFHTSPN8Rd3XxXKFqMs7h6NqPD7Rq,3,0.00068939,68.76,3,0.00068939,69.7,2024-12-07,2024-12-09
BTC,1LjG6RNHBj3YSxJxHz9p4xnNZNuziTtRJ3,1,0.00050742,50.61,1,0.00050742,51.31,2024-12-07,2024-12-09
BTC,1BpjyZmFrb9sUvEkzjxqKESYm2D1b36ioL,1,0.00025448,25.41,1,0.00025448,25.73,2024-12-08,2024-12-09
BTC,1EyZVbApd8HYytHP1dGoE2iUXtQv384BLU,1,0.00026393,26.35,1,0.00026393,26.69,2024-12-08,2024-12-09
BTC,1KimT1zao4RE6cLtgjKtbdjbSEWuMrRRTM,1,0.00030173,30.09,1,0.00030173,30.51,2024-12-07,2024-12-09
BTC,1PpRMaP8aBzPMD4S3tzzrgWKoWnsYUzdCZ,1,0.00055014,54.87,1,0.00055014,55.62,2024-12-07,2024-12-09
BTC,1DLF7xpdCcTswCSjfajpsXF3xmQmT7bMg6,1,0.000505,51.06,1,0.000505,51.06,2024-12-09,2024-12-09
BTC,1NRKWdo2GaJmjjGZozy2zMuePFhZKAJbKG,1,0.00084773,84.63,1,0.00084773,85.71,2024-12-08,2024-12-09
BTC,1JYHfU9nDbNSSQPiQj2RAzUKDu6xqxQZgB,1,0.00030065,29.99,1,0.00030065,30.4,2024-12-07,2024-12-09
BTC,1Cwdfchs6CJB4AMW1LNDYnMPU3qKBdfiRu,1,0.00048374,48.91,1,0.00048374,48.91,2024-12-09,2024-12-09
BTC,1AVABNo1PUGAZNfjT7KUpFBHwMFRzVGcym,1,0.00040069,40.0,1,0.00040069,40.51,2024-12-08,2024-12-09
BTC,1PVXXSoq6ukWKxm8CYhpmp8FsRtkK8n4MJ,1,0.00016018,15.99,1,0.00016018,16.2,2024-12-08,2024-12-09
BTC,1E1pN3S5G8UnNLWkSgPNcYUU6L8dJm7P6R,1,0.00013296,13.27,1,0.00013296,13.44,2024-12-08,2024-12-09
BTC,1PoCg4WRaboRPUa7ejiE5QnWhK9gv9j6kM,1,0.00030479,30.43,1,0.00030479,30.82,2024-12-08,2024-12-09
BTC,1427gaFqrZFixGKeDkN6ZDndJmn5GCVPJV,1,0.00025481,25.41,1,0.00025481,25.76,2024-12-07,2024-12-09
BTC,14DZquRnErE7BZmeNy2Pza5yqc4LuKhs9p,1,0.0001172,11.69,1,0.0001172,11.85,2024-12-07,2024-12-09
BTC,13YgGd2yvJ5LbtM1ALyKQgJU5YYf4oVUUn,1,0.00111695,111.41,1,0.00111695,112.93,2024-12-07,2024-12-09
BTC,1MmW24Wh7pEW742AZHCWPSCZSEDu2hQheu,1,0.00127391,128.8,1,0.00127391,128.8,2024-12-09,2024-12-09
BTC,1P4Ji9pQWWsSoJ5fLrr9t8nGuoRtpTPCWi,1,0.00016904,16.88,1,0.00016904,17.09,2024-12-08,2024-12-09
BTC,1EybunVrZtUkjrxG9v2yM3FAh2xgNA9yRZ,1,0.0002306,23.02,1,0.0002306,23.32,2024-12-08,2024-12-09
BTC,17ZmbeYz3YeCm66gc7TBvtATP2RWspshGv,2,0.00179276,178.9,2,0.00179276,181.27,2024-12-07,2024-12-09
BTC,1Hv2oPGS1rucGbafJtWU9gmHun6ogzAbsS,1,0.0003512,35.06,1,0.0003512,35.51,2024-12-08,2024-12-09
BTC,138fxFEyBJYMUmjai2JRKjJhBNLPPKZVnU,1,0.00019958,19.92,1,0.00019958,20.18,2024-12-08,2024-12-09
BTC,1LxTp3fZSqbAFcZkFopnHyKqWfTs7Wiaut,1,0.00020763,20.73,1,0.00020763,20.99,2024-12-08,2024-12-09
BTC,1C9wUghB9E5B7NC5viYa5JSPpQSBmSYTK,1,0.00050078,49.99,1,0.00050078,50.63,2024-12-08,2024-12-09
BTC,15BUTMsFCZszMzi6tNstUv4RYmZLu53tLM,1,0.00057096,56.95,1,0.00057096,57.73,2024-12-07,2024-12-09
BTC,19Hru1pQNRaY8eJwSFVJuTvutm8y3vJmT5,1,0.00020793,20.76,1,0.00020793,21.02,2024-12-08,2024-12-09
BTC,1Ev9WnW2W7CyMKcNNQpZWV5Xn1zgxbMkV4,1,0.00015067,15.04,1,0.00015067,15.23,2024-12-08,2024-12-09
BTC,186RZRmKhhbSjHRG9DLq7633nhfU32ih9o,1,0.00057839,57.69,1,0.00057839,58.48,2024-12-07,2024-12-09
BTC,1HoMVugrdFVuXEuRedvw497G9xs3J9pCRi,1,0.00052663,52.53,1,0.00052663,53.25,2024-12-07,2024-12-09
BTC,1mMFdneipUxCtBXfjPaNR9EJD6Tu9LYZL,1,0.00019992,19.96,1,0.00019992,20.21,2024-12-08,2024-12-09
BTC,13T3t9spuUYu4BXVhQ4nFdL2e1wQkHEgiP,1,0.0008359,83.37,1,0.0008359,84.52,2024-12-07,2024-12-09
BTC,1Gg54VqHVLKgb3jdhZTqSV1tm3PEHaBBPa,1,0.00017499,17.45,1,0.00017499,17.69,2024-12-07,2024-12-09
BTC,1FSSFnfiSzf9oQQbgFU487ETCAkwGNFoUZ,1,0.00016923,16.88,1,0.00016923,17.11,2024-12-07,2024-12-09
BTC,1P4mDmYjPE7JLqEzZMqKmqnW6qNp7nv5WL,1,0.00035775,34.29,1,0.00035775,34.29,2025-05-04,2025-05-04
BTC,1Gyb9sPvcWGtewWEiPpetQyvsZePoasF4r,1,0.00015377,15.38,1,0.00015377,16.0,2025-01-17,2025-01-18
BTC,15Bs2gEgnMUksbicj8nVpvwZ3eA9xJ9nHW,1,0.00027861,27.86,1,0.00027861,29.0,2025-01-17,2025-01-18
BTC,1AG9r2Z2GJdmGupyygpxoYpVL35p99jGHM,1,0.00026975,28.07,1,0.00026975,28.07,2025-01-18,2025-01-18
BTC,1D5JhqAjYueFrxMszhTpQuNjJY7vAoNntN,1,0.0001647,17.14,1,0.0001647,17.14,2025-01-18,2025-01-18
BTC,17vBAFshUyxZqXwHKmckSZ7WAKWUoVNHS1,1,0.00054008,54.28,1,0.00054008,56.21,2025-01-16,2025-01-18
BTC,1PzR6MVxph8bkAtGfYQU1R5jmp9R41oxEF,1,0.00011009,11.01,1,0.00011009,11.46,2025-01-17,2025-01-18
BTC,14MyR7Cn6LyXMLyzu4j5yuZ38gctpJnshr,1,0.00011742,12.22,1,0.00011742,12.22,2025-01-18,2025-01-18
BTC,1NyNo1uXUwz4dqg8eRgxLHK2ZYjv8L4xsQ,1,0.00019201,19.2,1,0.00019201,19.98,2025-01-17,2025-01-18
BTC,1BnzxkB7m1j4ybNSJdEZvNHFE9NiVdUdZG,1,0.00011132,11.59,1,0.00011132,11.59,2025-01-18,2025-01-18
BTC,191ekeSzvQzSbd98MTckZJFns1c2QwMwgJ,1,0.00090852,94.56,1,0.00090852,94.56,2025-01-18,2025-01-18
BTC,1KsdGN16VVvCjWd9XZETnnAhtwPvqkHWcU,1,0.00145,150.91,1,0.00145,150.91,2025-01-18,2025-01-18
BTC,1HgMbNninYe5yoygDMBANKVSekZLx6JGdF,1,7.607e-05,7.61,1,7.607e-05,7.92,2025-01-17,2025-01-18
BTC,12wTm9zcEXCDBpxJUQRzWSKCwv1L8Z4ckk,1,0.00034057,34.05,1,0.00034057,35.45,2025-01-17,2025-01-18
BTC,17Qx8gxhCuyvBuxNLdMXPpJP6vuXEuAvD7,1,0.00012534,13.05,1,0.00012534,13.05,2025-01-18,2025-01-18
BTC,1D3QeXaW65RigoB5hUrZUgfXLtzhWNW8Vi,2,0.00078928,79.05,2,0.00078928,82.15,2025-01-16,2025-01-18
BTC,1J5K5uWzyqw26CaP5TfQFJy5LUvirT7f7R,1,0.00011363,11.36,1,0.00011363,11.83,2025-01-17,2025-01-18
BTC,1LEZbKUvCqsmHswdZzTsd7kPWguzsQHtS3,1,0.00014107,14.11,1,0.00014107,14.68,2025-01-17,2025-01-18
BTC,1KkNbZ5RcXBSLxy3qChbGb1oYWDSceVaSJ,2,0.00090604,91.05,2,0.00090604,94.3,2025-01-16,2025-01-18
BTC,15KGeCvcG89eCHfvF8sFVdbmjAFa65kLes,1,0.0004524,45.47,1,0.0004524,47.08,2025-01-16,2025-01-18
BTC,19BfUZ42kczk8amaMnrNFUE7Z3hu9bU24Q,1,5.008e-05,5.01,1,5.008e-05,5.21,2025-01-17,2025-01-18
BTC,1PYDku85XQFaw6RAFjExLrWG2ujckmserR,1,0.00015455,15.53,1,0.00015455,16.09,2025-01-16,2025-01-18
BTC,16Mj4E8XqT1BMdmewPh9u4YxjN9r2foYFT,1,6.474e-05,6.51,1,6.474e-05,6.74,2025-01-16,2025-01-18
BTC,19djpjRAxc6xB74RC8yCE8QYccd8jUPQcS,1,0.00081816,81.81,1,0.00081816,85.15,2025-01-17,2025-01-18
BTC,1oRLiMy6EJJKv8oZAGkuTKTojunkkPkyE,1,0.00182167,182.14,1,0.00182167,189.59,2025-01-17,2025-01-18
BTC,1B8V2JX9kShEW8N2iQM2fbj7nGsN7zaYmp,1,0.00138002,137.98,1,0.00138002,143.63,2025-01-17,2025-01-18
BTC,1DGnDx6iJeyav49LdpNq23vKhmv1rtWTuL,1,0.00018277,18.37,1,0.00018277,19.02,2025-01-16,2025-01-18
BTC,197Um8CAysbzErsHU8asJheUTFQtgEapMB,1,0.00024343,25.34,1,0.00024343,25.34,2025-01-18,2025-01-18
BTC,15W7tvAThdZ9RJFfhxfhEmvyCcQCbkeqcw,1,0.00013641,13.64,1,0.00013641,14.2,2025-01-17,2025-01-18
BTC,1PEzHkvESWaimFQABvDWwZN5R7wNBuGGRJ,1,0.00052671,54.82,1,0.00052671,54.82,2025-01-18,2025-01-18
BTC,1CAXTW2Bz8mFgGsKy8ZBJUWzUcqcaiUhvx,1,0.00137332,142.93,1,0.00137332,142.93,2025-01-18,2025-01-18
BTC,12gG2uACvu21wiXbPitri791jweMk43cD9,1,0.00068973,68.96,1,0.00068973,71.79,2025-01-17,2025-01-18
BTC,13VBY217dWbjgLom6d9FPbKxSX86cuxKRL,1,0.00036997,38.51,1,0.00036997,38.51,2025-01-18,2025-01-18
BTC,19ntKP85knZFcT2BUcsKtMa57mL6TmJVEb,1,0.00022292,23.2,1,0.00022292,23.2,2025-01-18,2025-01-18
BTC,1PPiLWD8b143Mwq6DGmjQGZfBc8EtZcuKs,1,0.00025348,25.34,1,0.00025348,26.38,2025-01-17,2025-01-18
BTC,1Mss6wsWg6grSBRscLHTQ1Cq48BYavntyU,1,0.00036116,36.3,1,0.00036116,37.59,2025-01-16,2025-01-18
BTC,1AY6j5BHnfeQ5yuPcEHjzXKN1yNrEjH4Y8,1,0.00025477,25.47,1,0.00025477,26.52,2025-01-17,2025-01-18
BTC,1GmumGN8L2pSo6XWSzpTwP4A7xENZnEn7f,1,0.0001629,16.37,1,0.0001629,16.95,2025-01-16,2025-01-18
BTC,1Efj2jn3t48AftLpSivgumn6km3ii1VZ83,1,0.0003611,36.11,1,0.0003611,37.58,2025-01-17,2025-01-18
BTC,1CLUe42pStoHdVgW25aSPyibxbEQGgUMFd,3,0.00080299,82.57,3,0.00080299,83.57,2025-01-16,2025-01-18
BTC,1HBSZfpUj5pXnRjYTifk1y5CxbEPUhpohy,1,0.00020429,20.53,1,0.00020429,21.26,2025-01-16,2025-01-18
BTC,1C6BANDeSKLxSEjVYBB6a23nJDfqQgowoJ,1,0.00024305,24.43,1,0.00024305,25.3,2025-01-16,2025-01-18
BTC,1H2GRDF8HJbdtpRkBoKCkm5v4SCCpnxbzL,1,0.00032,32.0,1,0.00032,33.3,2025-01-17,2025-01-18
BTC,18rjjvdh1Bd9ABGwDZza96B9FWGoXwvmoo,1,0.00042894,44.64,1,0.00042894,44.64,2025-01-18,2025-01-18
BTC,15kofbaJrfGqJzHUFfiGw8frExXm6a1n9r,1,0.00088213,91.81,1,0.00088213,91.81,2025-01-18,2025-01-18
BTC,1LsYM4DLoMrKti24282D9wNedGynHsFxE9,1,0.00116815,116.8,1,0.00116815,121.58,2025-01-17,2025-01-18
BTC,1928b5fNsWV1KxeShPWuSP5jLxUJu9UzjA,1,0.00183647,183.62,1,0.00183647,191.14,2025-01-17,2025-01-18
BTC,1395DQfc9DBP73rThPJBdJ7gJuF1ATdV38,1,0.00040477,40.68,1,0.00040477,42.13,2025-01-16,2025-01-18
BTC,1GARuYuURZRzirHjtpcyj4KAt2djKRKXQv,1,0.000533,55.47,1,0.000533,55.47,2025-01-18,2025-01-18
BTC,1FXeH32GScr9pBGPUzFSMXRsief22UM7UJ,1,0.00020707,20.7,1,0.00020707,21.55,2025-01-17,2025-01-18
BTC,1FDMAfp5umhkFTaSXdgrFBTXbomdA1Z4Zx,1,0.00094885,94.87,1,0.00094885,98.75,2025-01-17,2025-01-18
BTC,15X9iirXaf1a7ExPXdPj54Gipq2wSuyLzi,1,0.00016602,16.6,1,0.00016602,17.28,2025-01-17,2025-01-18
BTC,1MJnWWCLGyQ7ktM9K46Fe6LwqagCt3gHhH,1,0.00022095,22.2,1,0.00022095,23.0,2025-01-16,2025-01-18
BTC,169TadyTZoGxDm6ngcyPosTMoT5tcXZuZ8,1,0.0004354,45.32,1,0.0004354,45.32,2025-01-18,2025-01-18
BTC,1DaWwBSWR1joH5uVmwTLzn5PpmWS6JfQtM,1,0.00031798,31.79,1,0.00031798,33.09,2025-01-17,2025-01-18
BTC,1QHKHniDJ8EA2YVXFzQJxHCcGQ6u4ZVxEF,1,0.00029504,30.71,1,0.00029504,30.71,2025-01-18,2025-01-18
BTC,1HTGyhBRJC6CRfAVRxqXvz8fPKSzr1CtmX,1,8.218e-05,8.55,1,8.218e-05,8.55,2025-01-18,2025-01-18
BTC,162i76aVbVKSiaaLdpRR5PCao1hnxaGUhp,1,0.00051649,53.75,1,0.00051649,53.75,2025-01-18,2025-01-18
BTC,1QAnsjGMyGMzhCJiJwN1thY8XU1HKQT5vF,1,0.00027029,28.13,1,0.00027029,28.13,2025-01-18,2025-01-18
BTC,1FeuJufeQ5kUXzoXEnX4XmmqAsPYVg32X9,1,0.00040239,40.44,1,0.00040239,41.88,2025-01-16,2025-01-18
BTC,1FuZjBZaVZf78CPiXWhbmuw9C1G8vPnwur,1,0.00089959,89.95,1,0.00089959,93.63,2025-01-17,2025-01-18
BTC,1Af9CVETLdmYVmzyD8Z9t9wNhjgT3fKnQc,1,9.876e-05,9.93,1,9.876e-05,10.28,2025-01-16,2025-01-18
BTC,1PVsgGbNnwyZNVr2fpdN8dRbUjY7HACbE7,1,0.00024926,24.92,1,0.00024926,25.94,2025-01-17,2025-01-18
BTC,1J83BEHjtdoQezqcXUjch6rUZc4Nuh85kz,1,0.00111869,111.85,1,0.00111869,116.43,2025-01-17,2025-01-18
BTC,177MazK7Z86zG8HPnF6Z1buqUiXExV9Q39,1,0.00030984,31.14,1,0.00030984,32.25,2025-01-16,2025-01-18
BTC,1L1exvV3n2M1yseiFrrdABjztShydt71C8,1,0.00027566,28.69,1,0.00027566,28.69,2025-01-18,2025-01-18
BTC,1JKeid72uSXQtShprFmCVm7VeUKKo7Lnmw,1,0.00013666,13.66,1,0.00013666,14.22,2025-01-17,2025-01-18
BTC,1DHKCybwXshg2wKqA8hJYqECmECvxorUg7,1,0.00052967,53.23,1,0.00052967,55.13,2025-01-16,2025-01-18
BTC,1768EFxUDrfwgeHUj9t5y6YhyZbsW9KrUQ,1,0.00022582,22.69,1,0.00022582,23.5,2025-01-16,2025-01-18
BTC,1M8ud45271kYDDvwjAUNJ6XKUKUSGKSSp7,1,0.00130765,130.75,1,0.00130765,136.1,2025-01-17,2025-01-18
BTC,1CTm1dG8Ki53b77s1orWPKpzhzUUnd2ihR,1,0.00034606,34.78,1,0.00034606,36.02,2025-01-16,2025-01-18
BTC,1MCafVUUpjud156zMRbJxLKZ2yo87UGZMA,1,0.00010355,10.35,1,0.00010355,10.78,2025-01-17,2025-01-18
BTC,16AfnExMe82bV8sEaC7qJfZ4oosdsimwih,1,0.00059887,60.18,1,0.00059887,62.33,2025-01-16,2025-01-18
BTC,16a42A8Spq4AgVaQgJaqFxr7YNTnknfxpn,1,0.0004948,49.73,1,0.0004948,51.5,2025-01-16,2025-01-18
BTC,1EmPwNNBUTyjWb9Fe82yRB64jtS1dBcBDd,1,0.00010928,11.37,1,0.00010928,11.37,2025-01-18,2025-01-18
BTC,1HAMhuhbCg6zvLEFY9wcN7n5hyKZATnzKh,1,0.00034324,34.32,1,0.00034324,35.72,2025-01-17,2025-01-18
BTC,123WAFgqaDyMPwbnavg4XbWKmYnLfi6Cq9,1,0.00035125,36.56,1,0.00035125,36.56,2025-01-18,2025-01-18
BTC,12KCJW85fx3fHJPPfir6cqjUd1Zxcw2waK,1,0.00021112,21.11,1,0.00021112,21.97,2025-01-17,2025-01-18
BTC,19a1hZBtZ1B1FzJX9poxFWPgTLmyo8RnAS,1,0.00022725,22.72,1,0.00022725,23.65,2025-01-17,2025-01-18
BTC,17nDkjSV4Rwh8FHbkENjak6HK4SsHAqgEw,1,0.00020933,21.04,1,0.00020933,21.79,2025-01-16,2025-01-18
BTC,14Zvn9QB9maBNZjAfugfc5HQpM2aZQ83HR,1,0.00028722,28.72,1,0.00028722,29.89,2025-01-17,2025-01-18
BTC,1PtKPcfoq3BrSAKZdPaSF1wP4y1Dpph6dv,1,0.00085783,88.99,1,0.00085783,89.83,2025-01-30,2025-01-31
BTC,1Q4eWraLntv8DsGoUnZ4545zWrzqENEEV1,1,0.00024798,25.72,1,0.00024798,25.97,2025-01-30,2025-01-31
BTC,1JPdxCSCmhPPkJSFj33oTwh1knvJ3Upa4m,3,0.00038535,39.97,3,0.00038535,40.35,2025-01-30,2025-01-31
BTC,1DLPaczudLYpYAH3WpzRrrtUntqi8uB1Qo,1,0.00181329,188.1,1,0.00181329,189.89,2025-01-30,2025-01-31
BTC,1Fuc1XT1YD8TM3XYshQxdZqAnizkWB2nKn,2,0.00021906,22.35,2,0.00021906,22.94,2025-01-29,2025-01-31
BTC,1MiBidB37ReWJYUUfnz22FNAmpHX8vdBQa,1,0.00028187,29.24,1,0.00028187,29.52,2025-01-30,2025-01-31
BTC,17x9oGzMP5pW3dVetz7iv98kQbBoiAteUT,1,0.00012986,13.47,1,0.00012986,13.6,2025-01-30,2025-01-31
BTC,1HFwvYzRpyqV21sE3bacGQPoWXG8MZVFJu,1,0.00010466,10.86,1,0.00010466,10.96,2025-01-30,2025-01-31
BTC,12dKYT2UQ6ABrXVFu3qnjmbuDFFHGiqpoV,1,0.00043682,45.31,1,0.00043682,45.75,2025-01-30,2025-01-31
BTC,13rqoruxTvDMeUDgsZeXQRDAeWzvdFi1cX,1,0.00047569,49.34,1,0.00047569,49.82,2025-01-30,2025-01-31
BTC,171oPEbQD95YGsdyEUWQmz3cjXBc6tmGin,1,0.00046,47.72,1,0.00046,48.17,2025-01-30,2025-01-31
BTC,1AL6XZkf5XMdgfdrnYrh4tSGeJDRs7LwCn,1,0.0004765,49.43,1,0.0004765,49.9,2025-01-30,2025-01-31
BTC,1Sz8zn7r1rnkqANnLepv68ydxbaQqthpo,1,0.00092172,93.4,1,0.00092172,96.53,2025-01-29,2025-01-31
BTC,1DKRXfWmBVdWQKRLhGTaBNoQhTpBvCC1EU,1,0.00029378,30.47,1,0.00029378,30.77,2025-01-30,2025-01-31
BTC,1ENSxcEHig8xGVr7m3GJSKJ2VqAgueADo6,1,0.00023928,24.82,1,0.00023928,25.06,2025-01-30,2025-01-31
BTC,16gcmpnx5aaPpSRchEdELoLVYcF678vzhe,1,0.00117102,121.47,1,0.00117102,122.63,2025-01-30,2025-01-31
BTC,1Q4QZ78VV9nyrBd2ms2WFx125QaHkUYku2,1,0.00038005,39.42,1,0.00038005,39.8,2025-01-30,2025-01-31
BTC,1xAghBZEaabLhCQTuZLjNZD15nuL6k7Bd,1,0.00029822,30.94,1,0.00029822,31.23,2025-01-30,2025-01-31
BTC,19HhGLXKfg779xU5zUg5kt9hamjpR3wTfW,1,0.00027816,28.19,1,0.00027816,29.13,2025-01-29,2025-01-31
BTC,12EKtfDRw4vT8KHcVpNP9yFZrarv9eZav3,3,0.00183395,190.24,3,0.00183395,192.06,2025-01-30,2025-01-31
BTC,1CieUPJmTRVfCd5rJuwvuXAfWCAnZ1ktTP,1,9.082e-05,9.2,1,9.082e-05,9.51,2025-01-29,2025-01-31
BTC,1NVGqE91GZjNxKrSAUh8tpY8zAWgqxabwF,1,0.00020088,20.84,1,0.00020088,21.04,2025-01-30,2025-01-31
BTC,15k6oAsMceRUyT9CRk5NLs82jg4YCVbEJU,1,0.0002661,27.6,1,0.0002661,27.87,2025-01-30,2025-01-31
BTC,17gDFJdBJgb9MpqqXJwcRss4ZtLczkWjeZ,1,0.0005013,50.8,1,0.0005013,52.5,2025-01-29,2025-01-31
BTC,1F4JcnXq1Jv9b7TCEXivzJq9FVefLTUsLq,1,0.00030345,31.78,1,0.00030345,31.78,2025-01-31,2025-01-31
BTC,1CPCo1pWChBivMBmwtNhRwtkm1gc3sVR9m,1,0.00030878,32.34,1,0.00030878,32.34,2025-01-31,2025-01-31
BTC,1FKbRCgMTrj6LyBSmcBKtztNuisBdxEV8Y,1,0.00023842,24.73,1,0.00023842,24.97,2025-01-30,2025-01-31
BTC,1JZ2vhfBPx4j1NfySfFSrQyYKceEtUPRGk,1,0.00023812,24.7,1,0.00023812,24.94,2025-01-30,2025-01-31
BTC,1BuKSYRBEAqfqYpEvbfeasbSptFYLYMQXT,1,0.00012908,13.39,1,0.00012908,13.52,2025-01-30,2025-01-31
BTC,1JFYy34tUx8CfdedJYE1eU4yWJc5dEzDU6,1,0.00090847,94.24,1,0.00090847,95.14,2025-01-30,2025-01-31
BTC,12dVdeWv7jaJayXKEXmfRzKgj9XJZGBdZX,1,0.00124794,129.45,1,0.00124794,130.69,2025-01-30,2025-01-31
BTC,1DeQRkajkGugh7gbnPPxqnNNsKsKyZysUG,1,0.00010791,11.19,1,0.00010791,11.3,2025-01-30,2025-01-31
BTC,19swLaQa59XufjYqabbuQzvE2DwFmt9E7p,1,0.00051998,52.69,1,0.00051998,54.45,2025-01-29,2025-01-31
BTC,139sbCne8qDtTUYiaoi2QZDyEf1ev6bE22,1,0.00053862,54.58,1,0.00053862,56.41,2025-01-29,2025-01-31
BTC,1Q96cKJfdRmfNaT8shkE5sBqH5VMhR6zBL,1,0.00054101,56.12,1,0.00054101,56.66,2025-01-30,2025-01-31
BTC,1LBwQmsFZAJQey6b12yGGxqJyvLTndU9bR,1,0.00089648,93.88,1,0.00089648,93.88,2025-01-31,2025-01-31
BTC,12AABj53ShidyDWrpAG3nESK9QNX689UYF,1,0.00057752,59.91,1,0.00057752,60.48,2025-01-30,2025-01-31
BTC,14eFpbxsHeYxZZ8k3KBKQkL81BWm65S46k,1,0.00056917,59.04,1,0.00056917,59.61,2025-01-30,2025-01-31
BTC,15M2JVop2PqJvF4mPELhHQgnaSkpnH5YwW,1,0.00120545,125.05,1,0.00120545,126.24,2025-01-30,2025-01-31
BTC,1DvYoyaNFR2zDybWiiJFJEAahbKyUp1Jaw,1,0.00112335,94.34,1,0.00112335,94.34,2025-03-15,2025-03-15
BTC,16EsWCFW7cMkpgY2nLt2rCYk1tzmQx8bVe,1,0.00096645,94.23,1,0.00096645,94.23,2025-02-15,2025-02-15
BTC,13n3ZvDmM6NsHJR4qArDqHSHn1GZCfFhwn,1,0.00015337,14.95,1,0.00015337,14.95,2025-02-15,2025-02-15
BTC,137HawVice3HyzCenmPjZc7UusCrAFJUyE,1,6.745e-05,6.58,1,6.745e-05,6.58,2025-02-15,2025-02-15
BTC,1EjKCkGmUUpSNtno4bnhKqsgvo6gxt4Kyw,1,0.00017627,17.03,1,0.00017627,17.19,2025-02-14,2025-02-15
BTC,1JkTq4SiVnNE4UZY9Nx3sdbeFf8H4NEktX,1,0.00072309,70.45,1,0.00072309,69.86,2025-02-11,2025-02-14
BTC,18jTZ8aJG8MaWeJxX9boM6kMtHHzY7pSeN,1,0.0003,28.98,1,0.0003,28.98,2025-02-14,2025-02-14
BTC,19borZA1fL8it7APfg2mhYpkKWQbdqcLpf,2,0.00247059,239.47,2,0.00247059,238.68,2025-02-12,2025-02-14
BTC,19p71HDBBUkGMfbML54pX9q211zuEHxQpy,1,0.00023652,22.65,1,0.00023652,22.85,2025-02-12,2025-02-14
BTC,1NuM3eP667nyknvMsmyKbckGEmzD9GMZ8P,1,0.00021754,20.84,1,0.00021754,21.02,2025-02-12,2025-02-14
BTC,1BuKD7UhSz2knAQkHTihkJxiFhRN5odpip,1,0.00030881,29.83,1,0.00030881,29.83,2025-02-14,2025-02-14
BTC,1Nnj9yLPqduEijAc3PQ5npjbTFK47CHr9j,1,0.00074498,71.97,1,0.00074498,71.97,2025-02-14,2025-02-14
BTC,1GA4AFvSs1w8QP6dLTFS9kY6fz3K85i8Zy,2,0.00035176,34.19,2,0.00035176,33.98,2025-02-13,2025-02-14
BTC,16RQFuK6yRL39KRBUouLiigwyd9f8QUik2,1,0.00021676,20.94,1,0.00021676,20.94,2025-02-14,2025-02-14
BTC,1BbVh9pYsgUCy7bVSSxdbxWzpduURuF5FK,1,0.0002869,27.95,1,0.0002869,27.72,2025-02-11,2025-02-14
BTC,13JjVnS63ictv6zb6N5165JnBaLTdsUy75,1,0.00031707,22.0,1,0.00031707,22.0,2024-11-06,2024-11-06
BTC,1F7xTJPjTyBpoDxaLXtPoZJfvNP2U9UQnF,1,0.00370302,256.89,1,0.00370302,256.89,2024-11-06,2024-11-06
BTC,1PB75gqZQsxBVpXfkRnkt3pBSjYt4zfc17,1,5.042e-05,3.5,1,5.042e-05,3.5,2024-11-06,2024-11-06
BTC,1DgxSEKQHYwTPMMnYRfuKQ8gCDeL5CmRpH,1,0.00026919,18.67,1,0.00026919,18.67,2024-11-06,2024-11-06
BTC,1DpBwq8hXFMd5pHCF5dZuwagGYdA5ECH93,1,0.00020824,20.35,1,0.00020824,20.36,2025-02-03,2025-02-05
BTC,16JseAyEbypYGUF26DUAndeWo62Uu2pLSY,1,0.00035253,35.72,1,0.00035253,34.46,2025-02-04,2025-02-05
BTC,1NEokAmEwK45urRPDyVP7buwZAVyQkJgMZ,1,0.0004256,43.13,1,0.0004256,41.61,2025-02-04,2025-02-05
BTC,165KZFBxKbwZWTHJaKsisQDh4CCf2DrnRH,1,0.00064262,65.12,1,0.00064262,62.82,2025-02-04,2025-02-05
BTC,15VW6D8SpByyzN3kdCceguk3gUqMpLCcwz,1,0.00057881,58.65,1,0.00057881,56.59,2025-02-04,2025-02-05
BTC,19QM3VxySdy4xeVyKUrEg9MC6ytepPQXVK,1,0.00049235,48.1,1,0.00049235,48.13,2025-02-03,2025-02-05
BTC,1F9BiXk8MkihBTVAzKmi5NGWzH3A8hHm8Z,1,0.00046872,45.82,1,0.00046872,45.82,2025-02-05,2025-02-05
BTC,16wkrFjHQgGRBKgnP34BSJXMJjqQsWkiUW,1,0.00021023,21.3,1,0.00021023,20.55,2025-02-04,2025-02-05
BTC,16dBHDVicM7JRtwoPVz4oxFtTcSr2afuxz,1,0.00025712,26.05,1,0.00025712,25.14,2025-02-04,2025-02-05
BTC,1FJJg7Hi5RFYsCAondmtbyQJkpLvfkBT7n,1,0.00053005,51.79,1,0.00053005,51.82,2025-02-03,2025-02-05
BTC,1BDhEVAJC5SfukQmYrpqBrzhKZ97wc3iZJ,1,0.00019661,19.21,1,0.00019661,19.22,2025-02-03,2025-02-05
BTC,18iMySZLtJ7nRfYiehsp1qWMmL9C1znrU9,1,0.00023726,24.04,1,0.00023726,23.2,2025-02-04,2025-02-05
BTC,1NmgREbRnp8as4uH7Q7ygJFpxNFPo36G44,1,0.00060861,59.5,1,0.00060861,59.5,2025-02-05,2025-02-05
BTC,1Hmw9DZp9A5bwXigMhebatuWSHxTQguUQ1,1,0.00022921,23.23,1,0.00022921,22.41,2025-02-04,2025-02-05
BTC,1KFdpmLMnwzfEaW7K9i8HjrcTc4NfG5NW3,1,0.00029045,29.43,1,0.00029045,28.4,2025-02-04,2025-02-05
BTC,1BHGv415dV3J95bRC6SH6bqezwjsxy3WTu,3,0.00069134,69.34,3,0.00069134,67.59,2025-02-03,2025-02-05
BTC,1D91QPGv6KjKuz5Uuwb64ex9uAmNxxZCfe,1,0.00060726,61.53,1,0.00060726,59.37,2025-02-04,2025-02-05
BTC,13p26NGXhArZ4YJ4jpsDj8VM1vio6RCR2L,1,0.00012316,12.03,1,0.00012316,12.04,2025-02-03,2025-02-05
BTC,1MB5ivmpgBKTsk64jyrFg3oB3mtiMDAEiZ,1,0.00016355,16.57,1,0.00016355,15.99,2025-02-04,2025-02-05
BTC,1NneapGQBanQyUXR6dcYQn453jWAHftRqC,1,0.00021733,21.23,1,0.00021733,21.25,2025-02-03,2025-02-05
BTC,1PvjBhbRDNY1BggptGKQNauKyUmQ41cA3T,1,0.00020812,21.09,1,0.00020812,20.35,2025-02-04,2025-02-05
BTC,1CBBjXk7REdWaPdz6zRfBKW9CGPEpbQzhX,1,0.000992,100.52,1,0.000992,96.98,2025-02-04,2025-02-05
LTC,LaBA2RnqRBsTT9nKGiFcSqamhWS2aqVDqR,34,44.94717098,4019.77,34,44.94717098,4017.98,2024-10-09,2025-04-06
LTC,LVL8MSrsaCW89uULFk4sAgHpxf59VpK8Fz,9,6.21765156,529.62,9,6.21765156,529.69,2024-10-06,2024-12-31
LTC,LbeWrtVFZgCfS6PXFZpXSwKfskpbXgvshE,32,11.81802776,1182.5,32,11.81802776,1193.98,2024-10-12,2025-04-02
LTC,LfFJdf2QezkaZ37p3jZqqkyt8mvKywagFT,5,0.79905296,65.2,5,0.79905296,62.56,2024-10-20,2024-12-11
LTC,Lc6jyhBfkbLY9rSc6pWpoF67WqZ83gNUJX,27,18.4164,1514.46,27,18.4164,1495.43,2024-10-08,2025-03-03
LTC,LbrguytjcnerFmX2RT1d9k4vwnWBpbDf4X,35,8.02514523,615.67,35,8.02514523,626.38,2024-10-23,2024-11-21
LTC,LiR4izQcMYxxS82qSRuTCVGNjEjxrcZUvZ,30,13.52840117,1210.36,30,13.52840117,1203.89,2024-10-10,2025-04-09
LTC,Lexg32iWfAsL3HdeJv8q3rP24RJaHs85Ux,1,0.52521351,45.8,1,0.52521351,45.8,2024-11-18,2024-11-18
LTC,LaHTfQN1JZzZtpnddpZ5Hzhjxri2LPDbU1,6,1.3623,141.55,6,1.3623,136.89,2024-11-12,2025-03-03
LTC,LcPMAbc6yQ6Df16J4MAG6A2YE4iVB65gTR,1,0.16500925,15.75,1,0.16500925,14.39,2024-11-17,2024-11-18
LTC,LRQz2DyCaBxUhTR3cawcqmdufMYQqPqHcM,24,3.762389,346.12,24,3.762389,345.2,2024-10-29,2025-02-18
LTC,LdT3SepL3EbeHsFqQRneS2chtumHwnqjBx,30,6.69516386,519.58,30,6.69516386,529.77,2024-10-05,2025-04-24
LTC,LVcmvokpTSc36z21moWJLtgmTGFUiNWXVj,7,1.18150633,108.72,7,1.18150633,111.64,2024-11-12,2024-12-31
LTC,LWYtGsXYfRWJpyFuXLr2JE8ZuTSLxXJvFv,9,11.53382342,1006.61,9,11.53382342,1028.57,2024-11-05,2025-05-13
LTC,LZaqfgR44LsNMV6JY92V8ENMoMiXY6BFqH,2,0.751742,63.05,2,0.751742,63.05,2024-11-15,2024-11-18
LTC,LNaNDt6yopUFBRos5k3YEAYTiXtACTvsUx,2,0.27195851,25.71,2,0.27195851,23.58,2024-11-11,2024-11-18
LTC,LSmoDKkAMmfHho7gCyXJr1KPLrKGdvXXNM,2,0.50767944,46.17,2,0.50767944,44.27,2024-11-17,2024-11-18
LTC,LWri2yMnLQLqSxBrYG44aXrP6x5eVYYrBy,27,6.06570068,603.42,27,6.06570068,603.63,2024-11-17,2025-04-02
LTC,LcmK1d6s3p8D3iDVoLFS7DppFWCo7eAGUb,5,2.70339697,273.44,5,2.70339697,279.29,2024-11-18,2025-03-12
LTC,LZPygF9ispGjGyUHgCcJtaaE29e9wS3oEx,3,1.24893899,114.7,3,1.24893899,112.82,2024-11-17,2024-11-28
LTC,LKFXWPuhxmJ2nNgozPLfGYWvy3ntUDQzbW,1,0.32041029,30.58,1,0.32041029,27.94,2024-11-17,2024-11-18
LTC,LbrJ2UkKQ3LR3Zxf3Ayn67nS24h6iJ7Y3L,2,1.00547619,87.68,2,1.00547619,88.89,2024-11-18,2024-11-19
LTC,LiFy1EM5WCeuXWLSUFsbtp6VYLNz5yqEfi,8,11.2260681,942.85,8,11.2260681,944.5,2024-10-12,2025-04-30
LTC,LT859pX8oETQRKrnpPYa9zJSfZw1fDRm5L,1,1.10399304,96.27,1,1.10399304,96.27,2024-11-18,2024-11-18
LTC,LanxNNNbifFo7BXH68uJKF9uhCyjCPDZ9j,22,22.42275,2055.86,22,22.42275,2060.72,2024-10-17,2025-04-21
LTC,LRzvCBy8hocXBrBbCWpuysMAqbNKZwwTgm,4,0.96263433,78.87,4,0.96263433,76.56,2024-11-09,2024-11-18
LTC,LMZvXq9wNMYr5NNBYJCC6jARjqboQMV8Pz,11,1.91985456,193.93,11,1.91985456,189.18,2024-10-25,2025-01-22
LTC,LdfG7RbwXJZpvHL6R77ssC43YWk3bR66G4,30,4.81237248,427.53,30,4.81237248,432.17,2024-10-05,2025-05-13
LTC,LiE2xu2JKPZuW6V5f4XDZgW8hZPD1Vmuid,30,67.01959636,5454.72,30,67.01959636,5475.05,2024-10-05,2025-05-11
LTC,LaWTKKTEJKd4B1aX9HFBAG1tBvwXqbEDQ6,40,10.20250236,871.98,40,10.20250236,880.32,2024-10-07,2024-12-21
LTC,LPLpDpYUh6TiXGhTfuYBecMaFgss41ojoC,36,32.33637284,3018.17,36,32.33637284,2982.11,2024-10-18,2025-02-03
LTC,LQrYT86GG2kzKbwaQoLGEWUhJdHm2YFA1s,2,3.556561,261.73,2,3.556561,261.73,2024-11-05,2024-11-18
LTC,LNwaKMHvtnvY1fTbtrdre5yB8W7gP6a7Qn,1,0.22967,21.92,1,0.22967,20.03,2024-11-17,2024-11-18
LTC,LKu27TWR2PT6xhRfuPCWRb5bQw848Pouij,130,16.4580666,1618.27,130,16.4580666,1649.87,2024-10-07,2025-05-10
LTC,LRZhmf53czJYRJpFR4qr4UxaMXWQPzBVEo,24,5.23830604,482.62,24,5.23830604,481.26,2024-10-14,2025-03-30
LTC,LWc7PnsvTDrodvNUvUhDUuZf9hXAEqEvKB,10,7.6778412,600.64,10,7.6778412,606.86,2024-10-09,2025-02-17
LTC,LQK26cdyhaJeQ8QiXEFbQWRVYpp3hyj6yL,4,1.4296162,167.79,4,1.4296162,166.34,2024-11-17,2024-12-12
LTC,LQtXxdfTqyEgzS7xCn4yhfjPXwvEdk7sDx,5,2.2777686,166.24,5,2.2777686,167.62,2024-10-29,2024-11-18
LTC,LWgqRi6J6sgGto9zkNnozBSC4HDdk6VdVG,1,0.28461991,24.82,1,0.28461991,24.82,2024-11-18,2024-11-18
LTC,LVNH5NAp1DA1Han69mqKCfEmutrvAzM3Rc,1,0.56370309,53.8,1,0.56370309,49.15,2024-11-17,2024-11-18
LTC,LQi2xCJppiyJSr8dUJ8TXDaUArWkN1m197,3,2.2922,199.97,3,2.2922,195.37,2024-11-17,2024-11-21
LTC,LYgPVCvpEtiGqEJtjPksHnjaDisVPfdrWD,9,1.90389895,177.04,9,1.90389895,168.2,2024-11-06,2025-01-20
LTC,LU4T3oU6dbekuLExHt7HjZmvD74iXUNmMJ,57,10.35948338,837.95,57,10.35948338,836.96,2024-10-12,2025-03-22
LTC,LVZ6C1XwdTe7PZxpR3nYpskBhFNFTdGwXb,1,0.19307054,18.43,1,0.19307054,16.84,2024-11-17,2024-11-18
LTC,LaNrM94JbX7yw31L9ZKwfMXttjLrmG62xP,1,0.61839859,59.02,1,0.61839859,53.92,2024-11-17,2024-11-18
LTC,LYQJuLhfozqUgc2Wr1hPcP8CZr2TrmmuoK,4,1.99181584,182.02,4,1.99181584,183.51,2024-11-18,2024-11-29
LTC,LdKJ6p8He5WukhCEpwdcEVFocDpMBm2V9a,37,30.53412672,2546.96,37,30.53412672,2550.09,2024-10-14,2025-03-14
LTC,LWqFmupoV4BM4BbLt9Usqu2fkcj8HrHvJA,1,0.06932934,6.05,1,0.06932934,6.05,2024-11-18,2024-11-18
LTC,LKazzkWUc3hK5zW4MxghHmrbNAp2kHA4h4,17,7.52907024,631.94,17,7.52907024,630.24,2024-10-14,2025-01-11
LTC,LbsGghHHEKx26Ymf9GY6uM84nqPUnRa53n,2,0.14022493,13.38,2,0.14022493,12.23,2024-11-17,2024-11-18
LTC,LSk9FHZMnj1dHFeaZbJEy4Arcpr7cJqR8c,1,1.35549344,129.37,1,1.35549344,118.2,2024-11-17,2024-11-18
LTC,LXkaSgyKRumybQVGEWbX6GrYse9nT5ibUs,7,1.24936151,100.18,7,1.24936151,106.18,2024-11-12,2024-11-18
LTC,LUmnQ6G2mw6sd252FJHj8Bn1grmAcUEW7w,2,0.84416509,71.68,2,0.84416509,74.79,2024-11-18,2024-11-22
LTC,LL8PwVfJbP476sWvU4fui5QFizC5yPntQY,1,0.21506106,18.75,1,0.21506106,18.75,2024-11-18,2024-11-18
LTC,LQjassWmBZkn7bgi2AsJwUeEe5LYt4huHX,15,2.77493542,248.72,15,2.77493542,250.8,2024-10-14,2025-01-18
LTC,LciNifDnMdf3a3Xk8trXHRiXJ1L1GQ49tB,1,1.098,104.79,1,1.098,95.75,2024-11-17,2024-11-18
LTC,LduwmtxQdjUiDCPPsVsPr8HXmseS78XK6a,36,6.49383076,729.55,36,6.49383076,734.28,2024-10-10,2025-02-15
LTC,LKwBJ7o7RkBb3aZuxaJCyqsRLktgnt657q,9,1.22738719,118.8,9,1.22738719,116.08,2024-11-17,2025-05-06
LTC,LYRSveDahVc8J61MvvEPm1Dc9rjWd7aqx1,2,1.48768243,120.29,2,1.48768243,117.7,2024-10-21,2024-11-18
LTC,LaDFRi4on4njAGWoBQFHnvEYDroNcCPcPe,19,22.58553004,1527.09,19,22.58553004,1518.58,2024-10-06,2024-11-18
LTC,Ldd95WFcfdf4t34ZZw4E1P1HQVCBgjp6c7,20,3.33348708,299.21,20,3.33348708,300.97,2024-10-26,2025-04-07
LTC,LKiBtLocSLrgi95KY8SszDyDSRVTJUDPRR,3,0.5984395,46.8,3,0.5984395,48.56,2024-11-10,2024-11-18
LTC,LNVDAZsu2sP9xXmupVhHae2znxfMnCh2xL,6,5.51588379,478.43,6,5.51588379,480.04,2024-11-07,2025-02-01
LTC,Le6TT17XfHTGdKmhURpK686V7p2JvAWd4K,8,3.17251157,244.99,8,3.17251157,244.35,2024-11-03,2024-11-20
LTC,LTomT36zkfbPsTFkvSkv2sFszSESbRN2DF,1,0.3089944,29.49,1,0.3089944,26.94,2024-11-17,2024-11-18
LTC,LSY83xMwMsd8XK5iBwRfwLhZiSDh4sJ2vZ,5,2.56088647,201.28,5,2.56088647,193.14,2024-10-20,2024-11-18
LTC,LL1pmDaQndewWYgnENboZALZNwzQuLsMzU,43,18.51966147,1490.82,43,18.51966147,1500.62,2024-10-08,2025-04-13
LTC,LVXv2SNQbSbpDPcqCd3NkkjCzQoQ9hMZYn,37,47.51034733,4358.15,37,47.51034733,4386.8,2024-10-06,2025-05-06
LTC,Lc6ZYfV4XxxHKzEqvhN2dBXsnF8fxSbDho,9,1.212885,124.71,9,1.212885,125.77,2024-11-17,2024-12-19
LTC,Lati5KZymmZUDzu2A8dB8fu8zSeRJxxHUv,1,0.16974849,16.2,1,0.16974849,14.8,2024-11-17,2024-11-18
LTC,LfBiamxG5zEp4b2L3Qdf8zqBmshqrrPxN4,2,0.863,77.23,2,0.863,78.86,2024-11-16,2024-11-18
LTC,LWHEFvNPz3PBw9gQjDvGSfwWBrg3pppJBs,27,15.15238403,1289.4,27,15.15238403,1295.7,2024-10-05,2025-02-15
LTC,LU7cGUvm4QrsMibqEAr83WbJK1cTeEpJ1r,26,9.80753556,704.3,26,9.80753556,701.82,2024-10-04,2025-01-20
LTC,Lej8B9JJpmrXPMXHcTL5RyqPetpwGLzAKV,5,1.26312138,86.89,5,1.26312138,89.35,2024-10-04,2024-11-18
LTC,LcpT6JVEx7Tsw6kcKeAzvv3YMwFXMMxvhL,13,12.35606,1184.56,13,12.35606,1197.71,2024-11-17,2025-04-27
LTC,LUxFbEcAnCoBy9XuuU4yAzWFdDJr2kqKW8,5,1.44977648,109.98,5,1.44977648,106.94,2024-10-09,2024-11-18
LTC,LWEi2NDcyjTW4oGAW6MLj39bUicjjqe4na,10,13.88574089,1586.58,10,13.88574089,1596.61,2024-11-17,2025-03-21
LTC,LfDonbFdAaxxD2bJn3TfoEuc3ppYzmXAGs,5,1.65987466,140.3,5,1.65987466,140.61,2024-10-16,2024-12-09
LTC,LWcnqVLvBJyaY5WZJaJYY3i99EtCzUCSzK,21,6.97481447,675.27,21,6.97481447,673.29,2024-10-05,2025-02-28
LTC,LRTeYtQ9gQPrzEu7cT5LLcihmWNReQtS7h,3,0.77534026,66.39,3,0.77534026,70.91,2024-11-16,2024-11-20
LTC,LNHiXKiEbpjXbZLWy3dkcAqfAietY1f6ju,4,1.94048738,158.47,4,1.94048738,156.56,2024-10-10,2024-11-28
LTC,LeJvMapYEBsDm4VhV6eJPr7dkSKGQyMGC3,1,0.4193656,40.02,1,0.4193656,36.57,2024-11-17,2024-11-18
LTC,Le1Ss7Wpxnhk21LXWKZGGcggru4RC665x7,8,1.93863442,157.96,8,1.93863442,161.66,2024-10-16,2024-12-03
LTC,LSHmtuQ6W1zrPdpNSuDB9LCxP2TwRsmXAD,7,1.63213651,112.67,7,1.63213651,115.96,2024-10-14,2024-11-17
LTC,Le2sAw75xfr3933xZLbus65DQbaVBcGdmu,21,8.69399632,783.04,21,8.69399632,789.78,2024-11-16,2025-04-24
LTC,LNJj33LQkiCdz6KPheewHNAin2hccAAJb3,1,0.16324534,13.67,1,0.16324534,15.58,2024-11-16,2024-11-17
LTC,LQFUEiX1zuMjrpJ2aCxDnKPhyU2ZmDVUSr,1,0.28761493,24.08,1,0.28761493,27.45,2024-11-16,2024-11-17
LTC,LKj4sFSSXKN3U5PnUD1xkCbyt7v1TjnpJx,1,0.28110966,23.53,1,0.28110966,26.83,2024-11-16,2024-11-17
LTC,LayZSCfx7CY6vDCbghmQG5JMBLxecJafpa,15,4.51907344,463.4,15,4.51907344,478.46,2024-11-12,2025-02-18
LTC,LaLbHaLvTxLHCV9u74KxxmTwfQYZDPnBRB,2,1.08005342,90.41,2,1.08005342,103.08,2024-11-16,2024-11-17
LTC,LfeLiPqxeh4V4C35zcPGwtZzmHJ4ktCo2J,1,0.5831601,48.03,1,0.5831601,55.66,2024-11-15,2024-11-17
LTC,LM6B9xpSUCpWzTe3dKJmQ5n2edaW5K2DbE,1,0.14229814,11.72,1,0.14229814,13.58,2024-11-15,2024-11-17
LTC,LV9rAykxUgWbvFqbSb5Dvp6AzcPmTjt4kE,12,4.61916464,355.82,12,4.61916464,361.06,2024-10-26,2024-12-19
LTC,LgowShkpyu2ycUj9cjif8hAiufR5eDypzY,13,6.78097208,535.59,13,6.78097208,549.11,2024-10-19,2024-12-19
LTC,LYzEaDmpFRnTVKRio5HKjcACp2jzZVYeeW,4,1.09926851,93.93,4,1.09926851,96.31,2024-11-11,2024-12-13
LTC,LTufqaxWrEtdtYrosXVbcaAwUoAU4yoS8y,15,3.74581511,280.96,15,3.74581511,290.08,2024-10-09,2024-11-25
LTC,LM8dALvVbcPfmETFiRoPNSJzNKmaBkfQGX,9,1.75814256,142.59,9,1.75814256,145.24,2024-10-07,2025-03-06
LTC,LZmaivk81v4fKiHy3NpYVX6Qp6JF5EvMAZ,1,1.67445932,140.17,1,1.67445932,159.81,2024-11-16,2024-11-17
LTC,LQ7W2AHH93ajsZHAxMi57N8Pk4MTooFWj9,111,45.22570653,4358.16,111,45.22570653,4401.83,2024-10-12,2025-05-13
LTC,LQ2fNjGd1YMhr24LYsbaUH8Mji6wp6cGmg,45,10.00495345,847.57,45,10.00495345,853.12,2024-10-23,2025-02-25
LTC,LTnksv9XKMtJsVQ65Q5rNzNQ1JdwnWUB15,2,0.70629507,59.12,2,0.70629507,67.41,2024-11-16,2024-11-17
LTC,LQ3heRFy7kb8vMkR2kRLaXwPPzqEBSJtWe,1,0.7,58.6,1,0.7,66.81,2024-11-16,2024-11-17
LTC,LZdeNR4DyEfDesW7Sh4mCvRiMRjdMyAcWP,8,6.7142476,608.61,8,6.7142476,625.38,2024-10-10,2025-05-04
LTC,LUoPS6WUNeV4snNm2gQ8YUCktQDcQa2fKo,1,0.21371445,17.89,1,0.21371445,20.4,2024-11-16,2024-11-17
LTC,LNDJmUK5nWTuM9DsHp6dBocN1heaxZZKw1,1,0.20661777,17.02,1,0.20661777,19.72,2024-11-15,2024-11-17
LTC,LcoWQ6LgCdE7znL8R8Hq8Rtc4d93xfaqEN,1,0.28881245,23.79,1,0.28881245,27.56,2024-11-15,2024-11-17
LTC,LgahD1UxxeSCdpFoYLa9uqMCzp6zD7ackS,1,0.32853854,27.5,1,0.32853854,31.36,2024-11-16,2024-11-17
LTC,LMYSctt4kxWCz7kLDAEVjE2PLfKgNuKZXC,1,1.08984765,91.23,1,1.08984765,104.02,2024-11-16,2024-11-17
LTC,LLjuZpuChxFDVyRLt4BgYqhqYG2Jtvt8gP,3,0.79816772,68.33,3,0.79816772,77.61,2024-11-15,2024-12-01
LTC,LbMk3Hj2Q8TJcfNW2zk6mQ19KJ4VvpedEe,8,20.45746217,1867.69,8,20.45746217,1909.06,2024-10-17,2025-02-03
LTC,LUt3UK64pT2okcEdUy7kTnTq5171L6fW58,33,5.44995423,570.9,33,5.44995423,571.29,2024-11-12,2025-01-01
LTC,LfKWdzafcPFSVeHYZcW4WJfESydaA9AaXj,2,0.24196662,19.56,2,0.24196662,22.0,2024-11-14,2024-11-17
LTC,LaYvcExtwAX1QB2if39vdxmYBGh6M8zhNa,16,8.45638727,650.55,16,8.45638727,661.13,2024-10-10,2025-01-14
LTC,LQV3ymWY9qKA5oWYACQ2w6FZjjf1TEg4r6,1,0.17043517,14.27,1,0.17043517,16.27,2024-11-16,2024-11-17
LTC,Lda45vhmyqsXbrsHKgJwioMamiDfpYHo6N,39,11.85560889,1265.8,39,11.85560889,1305.81,2024-11-16,2024-12-19
LTC,LYPYJy2fYt5gZa6YD7gKWfPY5T6jPfKP8M,3,1.04880815,71.79,3,1.04880815,73.65,2024-11-04,2024-11-17
LTC,LSmdAxP5DtgS1jKS4TVzqPCJwNRa5CY7wN,45,8.1966272,677.36,45,8.1966272,683.5,2024-10-14,2025-04-16
LTC,LW6eiccVhULx1sZG1rrDwULxFV8MNk2fih,1,0.20585138,17.23,1,0.20585138,19.65,2024-11-16,2024-11-17
LTC,LKstpbhV2qzaTj8aJfiEwBrMgZrXYjGSYa,1,0.17881907,14.97,1,0.17881907,17.07,2024-11-16,2024-11-17
LTC,LXWoChyssLCHPJEJ5hmjes8fAKczQTS3YJ,1,0.31846737,26.66,1,0.31846737,30.39,2024-11-16,2024-11-17
LTC,LVx3WwPJFFiimTZX3UoRfdba8eUytdUVt2,1,0.21096422,17.66,1,0.21096422,20.13,2024-11-16,2024-11-17
LTC,LKRParax3y73vpfqgjD8HfSbfKJZWSuvJa,4,0.98426322,76.56,4,0.98426322,79.95,2024-10-15,2024-11-19
LTC,LVgkKhPEv5Yr5H41ejq3mGfzEVqqgtZa3o,16,11.17080589,865.7,16,11.17080589,876.56,2024-10-22,2025-01-05
LTC,LSBDSXDyXBawuVtAzAp5StsWbFSuc4pLUm,1,0.21782489,18.23,1,0.21782489,20.79,2024-11-16,2024-11-17
LTC,LiPfUDP1jkVzSsb1ZfAKwfuXeZreK8ydPA,3,0.45681417,41.69,3,0.45681417,43.14,2024-11-04,2024-12-07
LTC,LZBKLgrHRieHozPdoBDXA5tU98in7EHwKi,1,0.13939322,11.67,1,0.13939322,13.3,2024-11-16,2024-11-17
LTC,LWL4f1ubsrSLGYE6Q7ozrxExiq6uabJtBp,13,4.15753844,325.78,13,4.15753844,332.95,2024-10-30,2025-02-03
LTC,LMHieWA4DNdwFQRytaNY7FdrdJZY71y4Co,17,3.03110216,236.83,17,3.03110216,238.41,2024-10-20,2025-04-25
LTC,LegKiRr8tS6rx4PhKuhNonnN5a5gmb1hNN,1,0.59289252,49.63,1,0.59289252,56.59,2024-11-16,2024-11-17
LTC,LT6yCWz5SvWKjDiG64cmT22abZv3UTi2nu,37,76.806,5964.97,37,76.806,6001.71,2024-10-14,2024-12-15
LTC,LRDfwy9eYmQwYKxDFULrJAvC1mzSVVnVNj,26,9.92051067,901.09,26,9.92051067,912.23,2024-10-12,2025-05-03
LTC,LURV45j2T2n9WeQWPaXgsryHMp63swfkbB,1,0.45813241,37.74,1,0.45813241,43.72,2024-11-15,2024-11-17
LTC,LbDm615PvpNFH5eeo12218SpGYMjRg5Rm8,1,0.19183029,16.06,1,0.19183029,18.31,2024-11-16,2024-11-17
LTC,LYucp8VHS74V2J97jh4eEhBucHw3v2BcJD,5,2.54735877,203.32,5,2.54735877,210.99,2024-10-08,2025-01-18
LTC,Ld9MGtKy9ukzDEYGYeJQwTpKUWncfRf2YS,1,0.3332768,27.45,1,0.3332768,31.81,2024-11-15,2024-11-17
LTC,La8qzYnXcTkbfJMXuz21jCo3K9pKyxLCpa,25,22.99264295,2302.36,25,22.99264295,2290.93,2024-11-13,2025-04-27
LTC,LhnYSLdqSHLmL9dry3QWN7XAKbqGEFTn6T,31,15.70809646,1171.91,31,15.70809646,1180.56,2024-10-04,2025-04-06
LTC,LhJBd5sU3GmtJPUmfgjYxp6pKkGFY8eNXG,5,2.54248293,211.48,5,2.54248293,222.74,2024-11-10,2024-12-01
LTC,LiCixPiij6y7K9P65Q82FZGKAmBqdxnKTZ,9,1.80643316,197.58,9,1.80643316,194.49,2024-11-15,2025-01-29
LTC,LRKqAB3eitkVoRtn9f5Kp3oeLWk4bdY7bU,1,0.10428853,9.95,1,0.10428853,9.95,2024-11-17,2024-11-17
LTC,LXMLPFduntmM2cj9sA1mdXoaGRvLYS7avN,8,10.05169456,811.79,8,10.05169456,824.98,2024-11-09,2024-11-17
LTC,LU31Gkr5g9fH3VN5YhcgsMNPoxHcfxAjtV,4,0.53656766,52.53,4,0.53656766,51.93,2024-10-21,2025-02-12
LTC,LLnxpAYPmVVvie4LgjtEFoKuozdgk4HZwA,6,1.19267398,87.15,6,1.19267398,90.69,2024-11-05,2024-11-17
LTC,LetiqB3kS4yHshomMpTXRG1cyFcwkPbkf6,10,19.21550881,1801.4,10,19.21550881,1836.86,2024-10-05,2025-02-22
LTC,LMLemE6zEW9EnnaMtJ2GSd8TJmscWpJ2HY,1,0.84830065,69.87,1,0.84830065,80.96,2024-11-15,2024-11-17
LTC,LMWvuJJWKVUbpAVLo3BsDdbhFx1GMypqCw,2,0.60126748,59.08,2,0.60126748,59.95,2024-11-16,2024-12-10
LTC,Lc38pfAyfd5K3i8ZnJCaTasxfXC3t2yMuk,1,0.81020326,66.74,1,0.81020326,77.33,2024-11-15,2024-11-17
LTC,LSQYGUAsdS5ecW4BWijc9ZowpBnLcnHiAf,10,5.54616178,421.71,10,5.54616178,426.55,2024-10-04,2025-01-14
LTC,LUnGJiXmirDgpj1X7UopPxU4m35hq4us11,1,0.22787801,18.77,1,0.22787801,21.75,2024-11-15,2024-11-17
LTC,LgB6FcaFCMEHmpN3kyGTHdqSc8z7cVvyqc,18,4.17723217,396.0,18,4.17723217,399.3,2024-11-07,2025-03-15
LTC,LdMEtrsD2A2D4Xkzf5WzSJWz51xxdwUVfx,1,0.2019,16.63,1,0.2019,19.27,2024-11-15,2024-11-17
LTC,Lc9p2D3MakCPDotvcEzW1xEeitcymJD6Wp,9,6.89047414,490.2,9,6.89047414,485.91,2024-10-09,2024-11-21
LTC,LXWWCGtSu12D7CajXPTjQm61raF6R6xrHv,1,1.83445386,151.1,1,1.83445386,175.08,2024-11-15,2024-11-17
LTC,LSmUqWTE2EVK4TwTCzBJ9hqo5W4waR5beg,5,18.66987096,1450.46,5,18.66987096,1489.79,2024-10-23,2024-12-28
LTC,LcKz8M52LcbMYjnLMQTykHgy2d7XgKY5bN,31,5.59908749,623.54,31,5.59908749,622.04,2024-11-16,2025-02-14
LTC,LfUmQcSU4nY2adsGYcEgbqxeHpqQY5oFWJ,2,0.48745196,31.47,2,0.48745196,31.78,2024-10-11,2024-10-14
LTC,LR4iGr3YsVJ5ZP3UPpsgmcmLVekv7Msr5q,1,0.13584945,8.74,1,0.13584945,8.91,2024-10-11,2024-10-12
LTC,LWNQgCSwoSTMp8fqZ54mCPVJf3aycxfKhM,7,48.73639822,3215.61,7,48.73639822,3230.19,2024-10-04,2024-10-16
LTC,LZGpLB9bqsPoVQU8uSKA4ygvT5gwjvmZ4A,1,0.38424905,24.71,1,0.38424905,25.2,2024-10-11,2024-10-12
LTC,LaqYeSWhcLUXEivZozVGL3jP9tbTSPvz43,15,10.605297,925.38,15,10.605297,926.26,2024-10-11,2025-05-03
LTC,Li7gPLL1Z4QkzroMpd1zNqhJFLALpRbtkA,8,1.54670909,120.27,8,1.54670909,119.27,2024-10-09,2025-03-06
LTC,LRZVK4ZFKTkrysBCvWnqXHMCt1NkDwVdyG,2,1.55326419,101.74,2,1.55326419,101.74,2024-10-12,2024-11-06
LTC,LLTwotxhAJECtTRNbPi4phYa64HndnG1pe,35,24.811209,2449.36,35,24.811209,2419.91,2024-10-08,2024-12-23
LTC,LatzTnpeGZ3pRiGHa9Bv83EXKRL55im7i2,1,3.8958368,250.58,1,3.8958368,255.53,2024-10-11,2024-10-12
LTC,Ld3eLiGoRiG4GK2aHr2y7rnsE9gDXJ9qXf,43,22.66939528,1964.61,43,22.66939528,1957.56,2024-10-07,2025-04-27
LTC,LdKhGQdqzxfWaP8KjXHzT17SUwP9jw2nxm,1,0.03810303,2.45,1,0.03810303,2.5,2024-10-11,2024-10-12
LTC,LLinKCWspapjFRaetWkYsPfWHuqKxovqih,6,1.31964218,85.99,6,1.31964218,86.92,2024-10-08,2024-10-18
LTC,LKVQxfMuBPhz5vpZe7RynJEMbb15S7hmnu,36,13.771715,1260.56,36,13.771715,1269.05,2024-10-06,2025-03-04
LTC,LZSyNk6C3yQiTGAEWnRPXPNnakX5biXAma,6,3.8488816,253.6,6,3.8488816,254.42,2024-10-05,2024-10-16
LTC,LfeBP4ymMzvez6tbKbkqTArXgQDicUGXX7,30,9.42879088,812.61,30,9.42879088,807.07,2024-10-11,2025-03-30
LTC,LbgxyNaLS3awpLNmXC7fA1kPCvWLzWYsL7,2,0.365839,24.0,2,0.365839,24.0,2024-10-12,2024-10-12
LTC,Lc1tbUJbh7GPL7ZQFCE9zGLG7yZiYtbZSf,7,2.63522115,208.26,7,2.63522115,213.8,2024-10-11,2025-01-18
LTC,LgC5xD46WQ4hj9DKajbrS2iQ9LhDZnNqwY,3,5.97003588,397.73,3,5.97003588,397.73,2024-10-12,2024-10-24
LTC,LXMT1PdoEzYpADGwDc2GmTXa4Yg5nroGtq,1,1.52706746,100.16,1,1.52706746,100.16,2024-10-12,2024-10-12
LTC,LiAxUTYrfdx7QDZ6g3pD6cCnCKMTdeePAu,1,0.56876437,37.31,1,0.56876437,37.31,2024-10-12,2024-10-12
LTC,LQGxU8AiU9Un1WAB36dfZTqXuDxbqQ6sc8,1,0.1999,12.86,1,0.1999,13.11,2024-10-11,2024-10-12
LTC,LaLkcUNtbdG9b88hAPDXrAepmp3T9MTBtZ,1,0.44265316,28.47,1,0.44265316,29.03,2024-10-11,2024-10-12
LTC,LaRh4xZC5jHudErL1U6Tzws9wJscThaJcB,13,24.8267,2339.16,13,24.8267,2360.85,2024-10-05,2025-04-30
LTC,LTLHvRQRhZmZBQ22yNX8C5UpPm7TDmChu6,1,0.98987412,64.93,1,0.98987412,64.93,2024-10-12,2024-10-12
LTC,LdYbRPoSLmJBHqUbKxHzj8WDqUq33j3mWM,3,0.540159,39.23,3,0.540159,38.97,2024-10-11,2024-12-23
LTC,LTT5B5p73rQwmw7SUMSLi763duipiu64DW,11,2.64062474,268.63,11,2.64062474,268.11,2024-10-11,2024-12-16
LTC,LM9vYwgNLEQEGCPPWotiYSyy6MFdCddXgw,14,6.76212823,448.9,14,6.76212823,451.33,2024-10-05,2024-11-09
LTC,LYQvsGzEhAm9ReDCxmVtywQx4Pg52VtfJr,3,0.73632955,49.79,3,0.73632955,49.46,2024-10-09,2024-10-22
LTC,LZ9rqTRjjJVV9PwKCi9H23E6Y96N8UGkJz,2,0.39555145,25.44,2,0.39555145,25.94,2024-10-11,2024-10-12
LTC,LbJheTUi7cPTwxoZdYPWexyBb83pybPc67,3,2.59008418,169.31,3,2.59008418,171.47,2024-10-12,2024-10-15
LTC,LRszKcL8opmkLEVpSSuYZnJLkTHMor6LoF,33,37.30245368,2562.94,33,37.30245368,2560.97,2024-10-08,2024-11-20
LTC,LR1Mn4FfcuaswG51Vf7d2Bef1Xc8uSMSVj,34,43.67730221,3579.18,34,43.67730221,3605.04,2024-10-08,2025-05-05
LTC,LcjgMzNtQabs453gPkMyzEmJ4sY4c9pmzs,1,0.13551962,8.72,1,0.13551962,8.89,2024-10-11,2024-10-12
LTC,LZA8xuSx7sC2ndcMxYaEcyEtmHfhLXv5uM,2,1.00136041,81.47,2,1.00136041,82.35,2024-10-11,2025-02-11
LTC,LUu9uym2CWiqk1dNLq1qnBEijo7xtEo4YU,56,25.10978326,2365.42,56,25.10978326,2361.09,2024-10-09,2025-04-30
LTC,LRnVYpPkQXKkvEf9EBjfXkUVsQweE7xGLL,12,41.73824395,2785.99,12,41.73824395,2811.2,2024-10-04,2024-10-20
LTC,LQEiRqKBbokVn4GKiGDoGPqZGLWNjC21Ay,1,0.75787479,48.75,1,0.75787479,49.71,2024-10-11,2024-10-12
LTC,LWWbmi6RHWAH2cWNcW5vGSCrPX1DZmARgm,2,1.55363665,100.02,2,1.55363665,101.57,2024-10-10,2024-10-12
LTC,LQfZ3jXVvNYLK9yF9qWUykuLJrmSvHKBpt,2,2.5698,176.72,2,2.5698,178.27,2024-10-11,2024-10-18
LTC,LaHtLXwVLPCgVKRXXc13JdxqSxTVmyxo8q,1,0.3199,20.58,1,0.3199,20.98,2024-10-11,2024-10-12
LTC,Lbi8kMgHCmn6JR2GWj9F7hPSHXc1aTG2jc,10,3.77308177,245.18,10,3.77308177,247.19,2024-10-08,2024-10-18
LTC,LXiSRnqmc5JdroX6LSHBTWWVQ9crz2fab5,4,1.10903323,73.11,4,1.10903323,72.45,2024-10-09,2024-10-14
LTC,LLw5vzSVL8VwvdG5VRh16YWunkngTK7mFn,14,5.76432547,398.93,14,5.76432547,402.35,2024-10-10,2024-11-13
LTC,LKkvWNFhhmiFHKqhKS3mp5HavtH4ez2Cmn,11,4.65034938,339.31,11,4.65034938,341.39,2024-10-11,2024-11-22
LTC,LVVs1EFoHiHYjwUh4c5ZQvm7bymUEkjS3u,1,0.42733834,27.49,1,0.42733834,28.03,2024-10-11,2024-10-12
LTC,LUxCVvar98BdMfThzmA7u9nA1jeZawJqMG,13,19.9806241,1358.44,13,19.9806241,1362.34,2024-10-07,2024-11-02
LTC,Lcneu3kB7DJTxSzDjNfaAzSPu4Ke82vPxE,11,5.35352378,394.71,11,5.35352378,393.15,2024-10-04,2025-02-03
LTC,Lhcn7PVQUTQtfd1o5jFFtezKxPvxDrBXNv,6,3.012316,204.62,6,3.012316,207.03,2024-10-11,2024-10-28
LTC,Lfgk5GkUrdqp9JtpSQTbLY1SqCt96zvnsm,2,1.03129793,105.66,2,1.03129793,108.16,2024-10-11,2024-12-16
LTC,LMbYaohG5xbex23KSqeZNaFMjY3VferRKr,5,3.33391287,239.79,5,3.33391287,240.3,2024-10-11,2024-12-11
LTC,Lcv21zaRR7Jt3gy2HH4jYKmGsY4zKH1QvH,3,5.16769061,396.91,3,5.16769061,393.05,2024-10-11,2024-11-19
LTC,LZmy7ZzYrANrMzP9GkRCjXrVUVp9AqpnBq,5,6.06408013,436.76,5,6.06408013,443.52,2024-10-08,2025-01-06
LTC,LRrsQjd4uDMn4Jh7Wd1kV2P9agioBpWuxS,4,1.82731042,121.04,4,1.82731042,125.93,2024-10-11,2024-11-07
LTC,LeNYymwRLpyQUmSZt829S7YjifSXtGbrEu,1,0.1824124,11.73,1,0.1824124,11.96,2024-10-11,2024-10-12
LTC,Lg4eEyrF9WogkpHE3Xr73mmM33kqc32cYW,1,0.23709867,15.25,1,0.23709867,15.55,2024-10-11,2024-10-12
LTC,Lbavmgh6pSZSpyM6yf96GJmzC1EjFUgLPU,1,0.45858337,29.5,1,0.45858337,30.08,2024-10-11,2024-10-12
LTC,LNnbBwsd7kyDMZNQh9EkjRpwKfDnaVtpBm,1,0.2299,14.79,1,0.2299,15.08,2024-10-11,2024-10-12
LTC,LWpspJAWfWtkF1yXhAzswz2Qd7CzFbQwJb,7,1.25261123,134.43,7,1.25261123,138.16,2024-10-05,2025-02-26
LTC,LWUc3nzrzxYUSHPVpr81C6kTQkerTSnGW9,1,0.31841324,20.2,1,0.31841324,20.68,2024-10-04,2024-10-05
LTC,Lfc1nCUqReBcbBUusT54hfAuxUC4UkeVbi,5,3.26420658,246.63,5,3.26420658,245.3,2024-10-05,2025-02-22
LTC,Li7VhsMD24u2XZnUkvPWiy9vTTZYdRVscd,21,5.99338304,507.93,21,5.99338304,509.79,2024-10-05,2025-04-12
LTC,LZUMQDuunLkc6EmDR7bm6629W4XdBG7QeA,36,7.97639205,618.32,36,7.97639205,625.48,2024-10-05,2025-01-18
LTC,LUZWcb3YcA9YBTWMcmZSJDRWa9vZmRmMyC,1,0.48911446,31.77,1,0.48911446,31.77,2024-10-05,2024-10-05
LTC,LSdsnHSuLASCSceqeY2KvzjiwhDxnJJc4V,1,0.30319109,19.69,1,0.30319109,19.69,2024-10-05,2024-10-05
LTC,LSskDgvnaFXwfVePkzXTiysmQYpRptQKhX,7,4.26726766,289.89,7,4.26726766,287.27,2024-10-05,2024-10-30
LTC,LaTNmkoPQirGDyuebxV8sqbcauqGBhqfeK,1,1.79993928,116.91,1,1.79993928,116.91,2024-10-05,2024-10-05
LTC,LS2oZBgxnjZWvrim2zMpmNwEUT4FhcFHXa,2,1.09136681,72.98,2,1.09136681,72.19,2024-10-05,2024-10-26
LTC,LYLaagyb1AecWyeQagcSPfYcs1mE5RMZku,2,0.37413793,24.5,2,0.37413793,24.5,2024-10-05,2024-10-06
LTC,LgZugqN4mHJX3QRCjeNJ8NZ4db1iELzGGZ,1,0.30252609,19.65,1,0.30252609,19.65,2024-10-05,2024-10-05
LTC,LUFVdnbwmi78hUDiacaUiVpmGN8ZEdWsa9,14,2.38595141,170.22,14,2.38595141,168.83,2024-10-05,2024-12-01
LTC,LUMGx3Ux5Y9R8XKypBdvSKke7eErssBDgc,2,0.42162378,27.38,2,0.42162378,27.38,2024-10-05,2024-10-05
LTC,LYJGTFJAvkL5LWbrQsLxPoJNX7jJDqEHeK,2,1.27277488,84.71,2,1.27277488,84.71,2024-10-05,2024-10-15
LTC,LMGdDt4xFP21Ako4r9HXjTWw7Fc7VWLETm,11,2.63437594,225.38,11,2.63437594,231.36,2024-10-05,2025-02-11
LTC,LRC5HUN83fAyhjv2AKGKKnAhmKRRFxJHkX,4,3.6709764,243.53,4,3.6709764,246.1,2024-10-05,2024-10-19
LTC,LU35v4r3UgroPxbN9xX56Q7xei9dsyeRKZ,1,0.20535135,13.34,1,0.20535135,13.34,2024-10-05,2024-10-05
LTC,LfAKvruw9wsA78Xxr4uLhy1zAE6EXSnKDP,1,2.29377417,145.54,1,2.29377417,148.98,2024-10-04,2024-10-05
LTC,LWFE4L6zYaqjW9JUXwLdCD1stpFjnTycq8,1,0.91235286,57.89,1,0.91235286,59.26,2024-10-04,2024-10-05
LTC,LSMFt61UP4grRdKywEhNa29bQMCQMaJ7oT,1,0.952221,61.85,1,0.952221,61.85,2024-10-05,2024-10-05
LTC,LhYUM8YwmrsT5r8x53cJNXSwTXzB2VNAFM,1,0.29989435,19.03,1,0.29989435,19.48,2024-10-04,2024-10-05
LTC,LcyWJm6grnojTHyJqQVfRNmmd6fFxaTptw,2,2.24515145,144.85,2,2.24515145,145.82,2024-10-04,2024-10-05
LTC,LZsJkyY1cgtg4ne5haHTNYV3BRvE9KuTgF,48,16.95821233,1537.39,48,16.95821233,1531.39,2024-10-04,2025-05-08
LTC,LWUtiSSPwFHFbH5cTcXCxJVaqfXjPiFXzH,1,0.6499,41.24,1,0.6499,42.21,2024-10-04,2024-10-05
LTC,LeGqUTmMNCgb5Whocq5z9qx9HEzVk7S9Cj,18,10.54156328,845.72,18,10.54156328,849.04,2024-10-05,2025-03-19
LTC,LTbHxPezF7dCVsEmdfgUZ2f1Ekpxx3TaiR,3,0.2498309,20.63,3,0.2498309,20.58,2024-10-04,2024-12-17
LTC,LbKkoSSBf8xCoB94mu7F39t7GFBVCLGiKV,1,0.18811245,12.22,1,0.18811245,12.22,2024-10-05,2024-10-05
LTC,LUAGCKDqVgGm9r8K8s14P43hCoVnvwG3jU,2,0.53834565,35.27,2,0.53834565,34.82,2024-10-05,2024-10-10
LTC,LWs9ZopJZWfmRQ2Drf7E5MeUfUEkDGAY9g,3,4.89776076,321.27,3,4.89776076,321.27,2024-10-05,2024-10-07
LTC,LdmaSqPZQ5Bzn5cLNtFHSSooHETWne2Dpu,3,3.349324,217.11,3,3.349324,219.31,2024-10-05,2024-10-09
LTC,LSdySVdkXm9rZa32x2yNRxWqpoaZEkWVXk,10,4.50902878,340.79,10,4.50902878,339.66,2024-10-04,2025-04-08
LTC,LPXFtiUwonsetFZDs3SxgtZqynTt4Uq3YC,1,0.4149504,26.33,1,0.4149504,26.95,2024-10-04,2024-10-05
LTC,Lei8R3GGKp7CY27QpA7ao4rXKRGZTvLwPF,1,2.5462764,161.56,1,2.5462764,165.38,2024-10-04,2024-10-05
LTC,LKxK9VSeKLrmgXcpq6D53nhvqftF4xLWxT,1,3.5958634,228.16,1,3.5958634,233.55,2024-10-04,2024-10-05
LTC,LXyzqunxVhpk1e9MMsVxaSDgF8vUFAstEZ,3,0.79198734,52.7,3,0.79198734,52.82,2024-10-05,2024-11-02
LTC,LSDtvzPuqrv19AvFDs4ixDstC7MAvu6QQb,1,0.62,40.27,1,0.62,40.27,2024-10-05,2024-10-05
LTC,LhwX8nMEd8YwpvPG2FVjkjjdFL1rru9Pjd,3,5.38705498,351.73,3,5.38705498,355.81,2024-10-05,2024-10-07
LTC,LV7tjrU9Y133rFnPAAvpgcv8CyF8HfEGtG,1,0.37758986,24.52,1,0.37758986,24.52,2024-10-05,2024-10-05
LTC,LM8tPZXJjFY6GbeV7nLK6BkT41osRvKwSK,11,1.94276292,202.66,11,1.94276292,202.11,2024-10-05,2024-12-12
LTC,LTsXPSWxi3txcBJP6ffFzkqqJfuc7aMs2S,1,0.2005141,12.72,1,0.2005141,13.02,2024-10-04,2024-10-05
LTC,LLoh2wfrZYhQzzguxjjxS5MV8dLsvskqeD,11,10.0804555,664.92,11,10.0804555,667.56,2024-10-05,2024-10-09
LTC,LMqFiZyiUTz3Rg8Bho2kqxQqvkxD2Sbwjc,4,8.02732646,631.26,4,8.02732646,641.11,2024-10-05,2025-04-10
LTC,LVZrzFXNHEvdzAntqR4XikxE8vNFgHn228,1,0.27460503,17.42,1,0.27460503,17.84,2024-10-04,2024-10-05
LTC,Lgpt4TVxNySHBBPvFjmKy4hFFiU3GGpEJY,1,0.15102055,9.81,1,0.15102055,9.81,2024-10-05,2024-10-05
LTC,LgWqTcqVwCuAdmPddEVrFdUzS2Ua4rV9Vq,3,4.89332846,321.11,3,4.89332846,319.72,2024-10-05,2024-10-14
LTC,LYe6UKL1jhm22wXJ3GvGK8swWrphkUi7U2,2,0.79333753,54.48,2,0.79333753,55.79,2024-10-04,2024-10-20
LTC,LXgRHX6ooCkXLachXgTNEQEoQiHo43bV2j,2,1.02405112,74.87,2,1.02405112,74.87,2024-10-05,2024-11-13
LTC,LRGexAiEQWeeY6TdQkRndpAbiZ7DNkAYKG,5,3.41673072,243.61,5,3.41673072,242.63,2024-10-05,2024-12-02
LTC,LXAaPSyAyh4gckYmWGy3WVkXeEyBJp7YSN,2,1.2060952,77.48,2,1.2060952,78.87,2024-10-04,2024-10-09
LTC,LZAr2yGAbmFJLed1xrPVMNqqJy3PcJygKz,2,2.97120876,192.98,2,2.97120876,195.0,2024-10-05,2024-10-06
LTC,LfJmo2y6SqSNU3yqS4CJbTh9oqX5yYHivV,12,6.81668322,560.33,12,6.81668322,560.47,2024-10-04,2025-03-01
LTC,LLVAuHj88ersTfNTsmFtjvgba1NqRbqjaP,1,0.76025099,49.38,1,0.76025099,49.38,2024-10-05,2024-10-05
LTC,LWLsSQZsyNhyAKaMBNSE1ame188z9Rr9Zw,7,10.71516318,721.9,7,10.71516318,723.29,2024-10-05,2024-10-22
LTC,LYfjJmJzpdY3XD2cKngvEQGt7ZLxBuzUMc,2,1.28058057,84.04,2,1.28058057,84.51,2024-10-05,2024-10-07
LTC,LPMri5kHfBL293q4KDoGmfR521AtXjLCGA,1,0.35460993,22.5,1,0.35460993,23.03,2024-10-04,2024-10-05
LTC,LemmtxHgHP21txyyxWFg45KQAKX7JKARkc,1,0.9375993,59.49,1,0.9375993,60.9,2024-10-04,2024-10-05
LTC,LgFKyxNiftCBgnJ3LA8taUYrkDmiMqjzDw,1,0.12328721,7.82,1,0.12328721,8.01,2024-10-04,2024-10-05
LTC,LdDApb5U1cATb5pzboFJJrx1ZspU8SVaoG,1,3.02242552,196.31,1,3.02242552,196.31,2024-10-05,2024-10-05
LTC,Li8HwLWaVmMeuaUtBtm2PtEkRaBbNsuhay,1,1.35984323,88.32,1,1.35984323,88.32,2024-10-05,2024-10-05
LTC,LLSv5juy19q3DPTwJab8ijY64HfSJqUJoa,19,3.50433248,275.27,19,3.50433248,274.15,2024-10-05,2025-03-08
LTC,LRBt4Ci4jCP4SeJ55QrdQZS8YxiTdAp2LB,12,3.64706562,277.11,12,3.64706562,276.15,2024-10-05,2025-03-14
LTC,LgSEu5FeFPvjMTwZbXQns6tKFFuAJhErpG,22,5.75326053,559.4,22,5.75326053,559.75,2024-10-04,2025-04-24
LTC,LRMxiNZB8AC2TeaeRKLotNFeDwdTxB5zUn,20,7.98663748,582.69,20,7.98663748,583.26,2024-10-08,2025-02-01
LTC,LawvP1YwPGvAfRdyr4YCeeGBtBsRtgJ1ia,17,4.27828327,316.49,17,4.27828327,317.48,2024-10-08,2024-11-28
LTC,LfQMNYuctu9a1ce7XK4nSK6Q2a5gSkzZ4A,1,0.53917784,34.92,1,0.53917784,35.42,2024-10-08,2024-10-09
LTC,LcLGV2XUWUmXUenvwgoEJsdvZ7jFqzVvVz,4,0.89536182,58.33,4,0.89536182,58.35,2024-10-08,2024-10-13
LTC,LTV8tUYNqCrhTumFBvgTuea6sbWmmHfKcA,1,0.47313075,30.64,1,0.47313075,31.08,2024-10-08,2024-10-09
LTC,LcDK6AwTxK8QhWbwG6XsF5pkWCFpvj3zKA,2,0.35650853,23.6,2,0.35650853,23.72,2024-10-07,2024-10-09
LTC,LPisbDT5QHHvBjEjLSx7Hw3PpicofcNr7P,4,0.47780165,33.59,4,0.47780165,33.68,2024-10-08,2024-10-19
LTC,LguX2j7oM34jbDggaf6vEsHMJgVgvwoXtZ,1,0.12334777,7.99,1,0.12334777,8.1,2024-10-08,2024-10-09
LTC,LQ4W42VE9NFSXXNQmU8u9MLtueaqUvjFSC,6,2.98604677,195.72,6,2.98604677,196.11,2024-10-07,2024-10-15
LTC,LMCo9mFw54T93zDv9KsybA5HR98Ry7PqX8,3,0.72596816,48.66,3,0.72596816,48.44,2024-10-07,2024-10-09
LTC,LcsYhwWoKPvwSFNdeS4T4iEWB5nfoVEwrh,1,0.45857536,29.7,1,0.45857536,30.12,2024-10-08,2024-10-09
LTC,LYoyPw74XuHeqkaMtyvaiHvgxMQ583eEQV,2,1.95095621,125.92,2,1.95095621,126.81,2024-10-08,2024-10-11
LTC,LehbPeu2xKX4gBooQKCo9u1jmT93qHHv3x,2,0.824328,55.46,2,0.824328,55.89,2024-10-08,2025-04-07
LTC,LPAJf6itm273Ba5gAsEETpkCfReP5sq21e,2,0.55160517,35.69,2,0.55160517,35.98,2024-10-08,2024-10-10
LTC,LStqAyQmD6Ejm8CZde8hAn3jc4PZqRb7eY,5,3.483667,236.71,5,3.483667,237.04,2024-10-06,2024-11-06
LTC,LPcoebKvKjPcJ643gEFhURQDJ5LoW2Fz6d,1,0.3874047,25.09,1,0.3874047,25.45,2024-10-08,2024-10-09
LTC,LeijD66QFwmchpumBPGqhMV59ZcDzgeaWb,7,7.5268451,573.63,7,7.5268451,565.89,2024-10-08,2025-03-11
LTC,LMcxAHH1rhcyQirb8BJk1gssbMRGAzUTEa,1,0.10950739,7.09,1,0.10950739,7.19,2024-10-08,2024-10-09
LTC,LPx3diqGFUzNpWjuHdJ3BC6iyvQ3npj7mu,9,7.13178539,481.42,9,7.13178539,483.1,2024-10-06,2025-04-02
LTC,LRUZf7bf5UeYFTPBwFXqfUEJpUdG682DZY,2,1.70049012,109.71,2,1.70049012,110.39,2024-10-08,2024-10-11
LTC,LewkWkd5wHZtPxfLLvKkFpJygRkitzNHVD,10,2.47326935,173.62,10,2.47326935,174.1,2024-10-08,2024-11-07
LTC,LNf9W1dwW1xH3gUUqxFrDFWP9KUVfgzSwT,1,0.29218645,18.92,1,0.29218645,19.19,2024-10-08,2024-10-09
LTC,LY369ti87wE3na7s3cKEGuGuEe5PrkbkhJ,2,0.45827781,30.41,2,0.45827781,30.1,2024-10-07,2024-10-09
LTC,LLE5h1iCYH2Kkaz2vbnngRq1kWCvY1SFT1,2,0.38565139,31.8,2,0.38565139,31.26,2024-10-08,2025-01-14
LTC,LUXCuQjv8B5ZPSVThzfCoKgAPjKbcdddDe,3,2.00799798,132.2,3,2.00799798,131.16,2024-10-06,2024-10-10
LTC,LSutfBdGhB8kVgiRCy1MRtC9YVzvNg6Rha,6,2.02973176,171.58,6,2.02973176,171.78,2024-10-07,2024-12-13
LTC,Ldf1qaEA4aV2Mnf9gurn1rTQE14rRbigWm,2,3.5975728,236.32,2,3.5975728,234.06,2024-10-09,2024-10-10
LTC,LP82xgcVzHoCShU3B41NxbDFQFrQiqMXiX,4,2.36195723,161.26,4,2.36195723,161.17,2024-10-08,2025-03-22
LTC,Li3ZeGPyUJ932bVMN1s1VoaZHsBiN6FdWu,2,0.96136699,62.22,2,0.96136699,62.88,2024-10-08,2024-10-10
LTC,LKGXLARWwQ7Wcts3YMw2ycmjwmstYwX2E4,7,5.33745595,477.58,7,5.33745595,471.52,2024-10-08,2025-05-02
LTC,LQWVNGbdK6LbBTFytQ6gANDUGpjnehm73y,2,1.24901674,85.1,2,1.24901674,87.82,2024-10-08,2024-10-30
LTC,LNUE1NSwssBKybcaSf2C4mhqHkVLGoizco,1,0.16773407,10.86,1,0.16773407,11.02,2024-10-08,2024-10-09
LTC,LXeHBa2c4S9y26qnf96a9jUryLEmGT6S6K,1,0.76913,49.82,1,0.76913,50.52,2024-10-08,2024-10-09
LTC,LUUKtBZUPqjmhtFt47gK1vaeFhJWi9cAxQ,2,0.18672636,14.85,2,0.18672636,14.8,2024-10-08,2024-11-29
LTC,LQNNdamtZuSU9VwJv5SJRVWW3kPTgsjYqr,9,1.59304064,109.09,9,1.59304064,108.86,2024-10-08,2024-11-08
LTC,LS6KdpyDFsbnuVjiFBjor7ztqgfQUXUpWS,6,5.66830399,556.27,6,5.66830399,554.01,2024-10-07,2025-03-03
LTC,LM2tvvGiARgJYVTr35TQp5jjmcFnoiEVbB,1,0.08386567,5.43,1,0.08386567,5.51,2024-10-08,2024-10-09
LTC,LZuCVU31s8etkwgjZD8fKygftuQfrhjuin,1,0.4800838,31.1,1,0.4800838,31.54,2024-10-08,2024-10-09
LTC,LbXtYoaw5oHdRZmFaNGuFi7cxrpnXirKuA,39,7.88659562,669.95,39,7.88659562,667.82,2024-10-05,2025-05-02
LTC,LRXVzsB2dRar4J5RCn9u4631HhKDgHvFPB,2,0.7912454,51.75,2,0.7912454,52.18,2024-10-06,2024-10-09
LTC,LamZBzgicWYffU169vDvBCC7s8H3WCR9SL,1,0.71089233,46.04,1,0.71089233,46.7,2024-10-08,2024-10-09
LTC,LPiiRftEtJH6qgRE4NHDbSfWAfsxq1FRws,2,1.69242839,149.82,2,1.69242839,149.64,2024-10-08,2024-12-04
LTC,LXvWXLgxJ417UTPPY74umopTFAM6aEmuUk,2,1.2365862,81.13,2,1.2365862,81.85,2024-10-07,2024-10-09
LTC,LXuX4NoGBL8VmSTQDHWHijuxvUNw4UZ6ME,12,1.57297766,104.75,12,1.57297766,104.95,2024-10-06,2024-10-17
LTC,LaGewzdxMJQrDFTxmFj9dki66GRmzYudsj,1,0.40069739,25.95,1,0.40069739,26.32,2024-10-08,2024-10-09
LTC,LUEEuqvLX2X4FVPRh1YrMmY9vfhhawK3J5,1,0.32665634,21.16,1,0.32665634,21.46,2024-10-08,2024-10-09
LTC,LZDwrLCjvJ2BGgpN3VVQphsrDmbd6aaobc,1,0.62163282,40.26,1,0.62163282,40.84,2024-10-08,2024-10-09
LTC,LLoQvy34MUwTxzsztpK2JSzkpysBbTTykj,4,8.14981963,570.11,4,8.14981963,579.7,2024-10-08,2025-02-24
LTC,LWaEEnFXW575n25DGR3JWfudkH2F5yz8um,2,2.40548115,157.18,2,2.40548115,158.56,2024-10-06,2024-10-09
LTC,LbpKfUhi5AU2yq8UvevGUA58LH2bMj4xKf,3,1.39750384,93.05,3,1.39750384,93.3,2024-10-07,2024-10-09
LTC,LYN98mcbvzvZwmKvcfh5xAmwtiFGWeN5AF,3,1.78203742,115.8,3,1.78203742,116.61,2024-10-08,2024-10-10
LTC,LXyfhKWwEAD1aY3EvgjDExeQ7PS2W7KDk7,6,2.5944,179.15,6,2.5944,178.48,2024-10-08,2024-11-10
LTC,LgEmNFibxvtEe2bvSk9diPahZ1ZAimB3zT,1,0.433466,28.08,1,0.433466,28.47,2024-10-08,2024-10-09
LTC,Le3m4DbHuL54rqmqNuz3pjdbNC3JuhaPED,15,15.1634,1281.94,15,15.1634,1271.8,2024-10-08,2025-05-03
LTC,LVH42m9JqkSPCRELqxTZBSNUAAmaAgwdfD,5,2.73387199,224.68,5,2.73387199,232.5,2024-10-08,2025-01-06
LTC,LhgcbL91tNyBWjgbQwwFCn9dSDRBFzyPTL,1,0.9999,64.76,1,0.9999,65.68,2024-10-08,2024-10-09
LTC,LTqXVZdkeUMNJWaCJ8ki4rAJ3NVKgceQbj,11,14.06857074,913.03,11,14.06857074,910.06,2024-10-08,2024-10-14
LTC,LPkxmcgUixdk5oJ41t5PDDWNPw6gPQYxzW,13,3.07603916,211.83,13,3.07603916,214.56,2024-10-08,2024-11-22
LTC,LSX8oxz66fU7L6gGPWKQikYnKeCYkirwRn,3,0.96269081,70.49,3,0.96269081,70.98,2024-10-05,2024-12-23
LTC,LU9Qmja3cjV3w4vw1xLA32MHiKFL3XYuPU,2,2.0648,140.1,2,2.0648,141.07,2024-10-08,2024-10-28
LTC,LXS3yBKMXLAiZoCDdNvzRg2LCTnfU3KbQ7,2,0.60754,39.75,2,0.60754,40.15,2024-10-07,2024-10-09
LTC,LLemZB4TmaUUydPmL3bdAzx6GFDWtA2QWd,3,1.14746432,76.72,3,1.14746432,77.8,2024-10-08,2024-10-20
LTC,LgCXarZrdxAK8pSfn4GeN718iYazrEhmDC,2,1.27881898,111.26,2,1.27881898,118.89,2024-10-08,2024-12-03
LTC,LfWUbWuYfsdfJfuwcRsBA3jfjkHvxfpVcX,9,1.82492186,160.38,9,1.82492186,162.33,2024-10-08,2025-02-20
LTC,LQX829izdMg5BekbjSyw6SYothPwP28AHx,2,1.48047468,95.73,2,1.48047468,96.06,2024-10-08,2024-10-11
LTC,La3yhk32NvHsVx9jP8NnbCAJbpE9V4g7PL,1,3.07290466,199.03,1,3.07290466,201.86,2024-10-08,2024-10-09
LTC,LUxy3Zp8dUNmYa45yV7ke65esdgPRgg3BT,1,0.75782478,49.08,1,0.75782478,49.78,2024-10-08,2024-10-09
LTC,LfMQbdbJBYD69WfcMTVMCokBMT3jbzPLjU,1,0.9999,64.76,1,0.9999,65.68,2024-10-08,2024-10-09
LTC,LcomsLZWPFHfxWLuHJx1JopAiCq3FLZPsZ,19,20.37935927,2021.13,19,20.37935927,2023.88,2025-02-15,2025-04-19
LTC,Lc3YGuSS49XpgG5r8AFNnh7RutTHyNCyhM,7,1.8185962,205.77,7,1.8185962,209.79,2024-12-23,2025-03-01
LTC,LKxm4c3P1T9vixYYfgjxbjWSGbQDqgfmYg,13,4.25622069,480.31,13,4.25622069,475.21,2025-01-03,2025-03-15
LTC,LTULFrzmiMg39GFkBb7cBKdeQgcpEDZf3n,20,3.07935601,287.0,20,3.07935601,289.3,2024-10-15,2025-04-30
LTC,LQws9ZBbTMXpC7mubkQm1xQWdwK3uKvAfh,23,5.36821057,455.94,23,5.36821057,461.58,2024-10-05,2025-03-08
LTC,LcmCgEFzFVHc7GtBr9zuuMr3xsE4Csgmf3,70,10.18984265,1003.14,70,10.18984265,1001.89,2024-10-06,2025-05-02
LTC,LTkmmbcR5y4w9X2YrsUBbCtDZQ3JeJsu2Y,1,0.08351702,10.59,1,0.08351702,10.69,2025-02-28,2025-03-01
LTC,LY65BXtx3SRpYDp63hkR9g1T9pzu392RCz,46,4.5530605,461.63,46,4.5530605,464.42,2025-01-10,2025-04-13
LTC,LTYx54YjZdTnQDGxBUKjEA9Yk6w2yMMEro,60,7.09787878,793.68,60,7.09787878,793.34,2025-01-18,2025-04-21
LTC,LSLuJDhNpwzmmi5NozHFfsoTcUa5UJJLo1,2,0.06993524,8.71,2,0.06993524,8.94,2025-03-01,2025-03-03
LTC,LN659VN69mZDmXys929T1W5wGo7MbKGuxb,33,13.30599922,1410.23,33,13.30599922,1411.58,2024-10-21,2025-04-25
LTC,LSRN2xJJRPXDHMd7MtchM3tt2viFE7TpWH,1,0.08976416,11.49,1,0.08976416,11.49,2025-03-01,2025-03-01
LTC,LZVr3C8jQnnf8Eey7CckF3nhVTMJyicKLS,31,43.36756498,4610.63,31,43.36756498,4510.2,2024-11-23,2025-04-06
LTC,LgSZQNQKApxvthQNgCmvkXi9ME6vM44adu,1,0.0580383,7.43,1,0.0580383,7.43,2025-03-01,2025-03-01
LTC,LcD6Mok3gkDoodEYMRp7FVseduAhduutZ6,5,1.80480841,184.92,5,1.80480841,185.04,2025-03-01,2025-03-28
LTC,LTnkqBvPXPAKaD39eLy5sjprBzrQkSiVEM,1,0.20274006,25.96,1,0.20274006,25.96,2025-03-01,2025-03-01
LTC,LZRMu9fgs3qPKZZLPjDLjL3b8rDY46am8P,5,4.61952449,529.7,5,4.61952449,521.55,2025-02-21,2025-04-07
LTC,LKSTsbQTtMZNGuud6gXAQZaMRxEjjAjAJu,47,15.48633049,1535.16,47,15.48633049,1529.64,2024-10-21,2025-05-10
LTC,LXbXffXZdBSACWJZAVb3gGyUKGLCbxSxTd,6,0.4911171,57.4,6,0.4911171,58.14,2025-02-25,2025-03-15
LTC,LYg8o1ttr9meV8vu8mcb1K8aciDjrVyzZZ,1,0.23131645,29.34,1,0.23131645,29.62,2025-02-28,2025-03-01
LTC,LXueVVHEtAqC7APkTHgNdcwYtPYb5xRYmW,3,2.15716009,176.97,3,2.15716009,179.49,2024-10-14,2025-03-01
LTC,LchB3B33yVnV7RCwC7HUM3dcU85811uJ8e,4,0.41075246,46.39,4,0.41075246,46.68,2025-02-28,2025-03-15
LTC,LMFmFAPJkLgiGHtQ4X5sXZTFKdoPpsgMko,2,0.225,28.54,2,0.225,28.81,2025-02-28,2025-03-01
LTC,LVRB3QwJtzmzsXk24SirFLXmRiTyAEpyws,19,11.01364864,1167.02,19,11.01364864,1167.17,2024-12-04,2025-03-21
LTC,Lcvhhu2WE3EM6BfGK27yAKiBAPmrKsQkdo,1,0.39108878,50.07,1,0.39108878,50.07,2025-03-01,2025-03-01
LTC,LcnzKcFNfVymRudTakZGbaf6bgE583cMWi,2,0.50328885,63.87,2,0.50328885,64.41,2025-03-01,2025-03-03
LTC,LeAqQmMqd2PLa952ddQbxkeQLCFQ5QAgVv,10,11.75997923,1321.58,10,11.75997923,1317.93,2025-02-01,2025-03-28
LTC,LTSFXgakfozNq9RhegvYMRzk3XowNR4kok,2,0.15153351,19.22,2,0.15153351,19.4,2025-02-28,2025-03-01
LTC,LR3DEUqzzwrdJwCKNHApkWuqvwyE6VZvzv,4,0.64893313,74.4,4,0.64893313,74.58,2025-03-01,2025-04-05
LTC,LR8BmDWoeeto6qnbnywjtmKDuCn236ayce,2,2.26300807,205.37,2,2.26300807,205.91,2025-02-28,2025-04-03
LTC,LdnMQYGvM2w7mx8XByWzpXztdkkjh4pu5D,26,17.414,1685.87,26,17.414,1703.14,2024-11-14,2025-04-28
LTC,LU6fSpT6G5RcuM5p2h2QBzMAzJDTjGDVpw,2,1.51684933,148.39,2,1.51684933,148.39,2024-10-06,2025-03-01
LTC,LTstaUqeWaFdd5mN7S1CJBxoMpLhc4eLQR,16,3.99087612,390.37,16,3.99087612,390.29,2025-01-30,2025-04-10
LTC,LS8eU9YKJGQ9YaB7eQBaSp3RWLJXWGsVMe,1,0.04689773,6.0,1,0.04689773,6.0,2025-03-01,2025-03-01
LTC,LMfavVVzpEe6PXAun5wBdG5kjG1jGT1Y3E,4,0.63564586,62.92,4,0.63564586,65.26,2025-03-01,2025-05-13
LTC,LQkpQTajSsYw1unkWFajQEMLMyoTDrp3wu,13,4.45470891,459.6,13,4.45470891,461.02,2024-12-05,2025-04-06
LTC,LaXyuuXVv8uQ54huvRKfcW7Kx1BYBNZ5GL,2,0.25724722,31.74,2,0.25724722,31.81,2025-02-18,2025-03-01
LTC,LLV45CH9hYCZ7yeCWSGVKw5XTNpvCyLoMt,3,0.55641962,53.41,3,0.55641962,53.64,2025-03-01,2025-04-24
LTC,LTacu7BwwHTEfKNKdXVkYfW83HUX5vbqrn,3,0.47282255,60.23,3,0.47282255,60.5,2025-03-01,2025-03-03
LTC,LKezpKaHMpJtpGP8PXzA2ViC6ypVFxj3AU,1,0.27355341,34.7,1,0.27355341,35.02,2025-02-28,2025-03-01
LTC,LPVVbuQq3AjCDuJEH14TnncWkGa1A1HuAN,1,0.08595386,11.0,1,0.08595386,11.0,2025-03-01,2025-03-01
LTC,LV94mw9fH7E1wJsGh3Qn6AvLH89tXmYh4Z,9,1.78974701,186.8,9,1.78974701,185.7,2025-03-01,2025-04-06
LTC,LM9mYkc6LHHJ1evufPwj2XFMtQzbjdRDwi,58,10.0421347,1045.03,58,10.0421347,1041.46,2024-12-16,2025-05-13
LTC,LLrWNnc7rjkds229icbMNmnRq8x16ST7nH,33,8.97403897,883.88,33,8.97403897,878.21,2024-11-25,2025-05-08
LTC,LcEy6eA5dt6hec1Y15d9i8BwrkoNLTFv88,1,0.15555831,19.92,1,0.15555831,19.92,2025-03-01,2025-03-01
LTC,LckkY36KAMfBKD5M8dctYypEQqf2SVwNEa,6,0.6684,80.99,6,0.6684,80.99,2025-02-20,2025-03-09
LTC,Lctgqfc1dYH3pW8yoQWyE9UykP9zfihcsn,14,1.96384858,192.25,14,1.96384858,195.41,2025-02-26,2025-04-19
LTC,LcTptQuEQg1cAaQgBBFSKfbzN7XYVZhDRN,15,9.03907836,1015.78,15,9.03907836,1003.79,2025-01-30,2025-03-04
LTC,LQGuuEmk8Ajayt3YXTXA4bcs5zqZk5AUbz,1,0.05065371,6.49,1,0.05065371,6.49,2025-03-01,2025-03-01
LTC,Leg3dNnGeek3B6NV9WMsBM8rXqgqoP8GNU,1,0.177722,22.55,1,0.177722,22.75,2025-02-28,2025-03-01
LTC,LLk3UaFdMhhPzG5DfupjKhA2cj38aN7wfB,4,1.08361148,121.28,4,1.08361148,123.13,2025-01-27,2025-05-13
LTC,Lh24m854QuELSyeiipvZ8aJNRv9FwhyKTw,90,13.86970764,1436.44,90,13.86970764,1434.64,2024-12-13,2025-05-13
LTC,LUTzhPGQkycASEFQjPZgFCXY4qsUadz746,32,3.91569942,377.91,32,3.91569942,377.23,2025-02-03,2025-05-13
LTC,LMX9AiJ7exJG7u6wNtUR44vriFZ31J8kG6,2,0.52667407,62.35,2,0.52667407,63.71,2025-01-05,2025-03-01
LTC,LSDbptghJLTUtLXmnZKUANdG99fB7FU6fk,1,0.81,103.7,1,0.81,103.7,2025-03-01,2025-03-01
LTC,LN8aomGtZrrr1HH7a5boSoXLm7jhvL3Pjp,1,0.10817704,13.85,1,0.10817704,13.85,2025-03-01,2025-03-01
LTC,LUrs3feScETFrQM6U4mXrch5bLPfGinyN1,4,0.871395,71.03,4,0.871395,70.74,2024-10-09,2025-03-24
LTC,LToASZqX2M8ySXV5mbdpQAkc8P2RNbtMwo,5,1.13696688,128.41,5,1.13696688,123.33,2025-02-28,2025-03-24
LTC,LNsipNjPcsErgcnf2qBo5pHnR51WrjgpFR,1,0.05757857,7.3,1,0.05757857,7.37,2025-02-28,2025-03-01
LTC,LNiMxEVQCFSFCkDXfif1L19Shj5177rojw,1,0.09054325,11.59,1,0.09054325,11.59,2025-03-01,2025-03-01
LTC,LhDZofmKBoY6cecr2AYjLsXpSq5UF4rt2Q,39,16.18893523,1593.59,39,16.18893523,1573.14,2024-12-01,2025-05-13
LTC,LLhY6e6AVvs28zoNtw9ymZbkRvNY4Uv1dd,1,0.72508144,92.83,1,0.72508144,92.83,2025-03-01,2025-03-01
LTC,LXX1WBfjHgDn7D378vszL9jBiY5oxiFkhP,1,0.186338,23.64,1,0.186338,23.86,2025-02-28,2025-03-01
LTC,LhjW1KKWiV26faCNvXrCDUwVvSUbjj3hmB,1,0.39711,50.38,1,0.39711,50.84,2025-02-28,2025-03-01
LTC,LNGDCzCFnZ1tV1b26KLxbue3oj8XHVV16v,1,0.39699987,50.83,1,0.39699987,50.83,2025-03-01,2025-03-01
LTC,LKjHK4K1VRGR4wHqmcosTGBdRGZsgQQXng,7,1.75313735,175.23,7,1.75313735,172.58,2025-02-27,2025-04-02
LTC,LUQRjChvPpesAzVDvVijigonUZDJf62iXT,9,2.75222813,288.97,9,2.75222813,288.75,2025-02-18,2025-05-04
LTC,LPrGYH8xfcYd1DLGZ9zvYeFgTQaKdfrVG6,6,1.07843559,117.03,6,1.07843559,116.67,2024-10-09,2025-02-28
LTC,LaVuDc7196MMUPxHUMuriD2sTTcfLXTqP5,1,0.23117824,28.82,1,0.23117824,29.33,2025-02-27,2025-02-28
LTC,LUcPoLpJzLcNPcsFSNv3KvmfDTrbbYBcUZ,53,12.023016,1072.82,53,12.023016,1070.11,2024-10-13,2025-05-08
LTC,LZNYzvZySgLf9npdNAcyp8WbhmU9gwyqXS,2,0.15884398,19.8,2,0.15884398,20.15,2025-02-27,2025-02-28
LTC,LW4Mvibq9u9bomPvfdHxqfShHU1Sj17fvt,1,0.1102232,12.63,1,0.1102232,13.98,2025-02-26,2025-02-28
LTC,LgBzegFmmMt32kgwMzakfqQ99GKQjrkey7,2,0.14352435,16.44,2,0.14352435,18.21,2025-02-26,2025-02-28
LTC,Leix8VQBH9ZZXZSePk9SJiN1rukdquh14K,16,6.40428911,733.37,16,6.40428911,730.71,2025-02-12,2025-03-30
LTC,Lhu2htpReXzVw5iZBHCbNPLNB4NdSEn8NS,13,1.63482853,152.79,13,1.63482853,153.26,2025-01-20,2025-04-30
LTC,LN2wudorbGkUjSxLiUYQLTTPC3vDPHfGfC,1,0.46276871,58.71,1,0.46276871,58.71,2025-02-28,2025-02-28
LTC,LRuLpKe69GsJkbYqLDXVJF65PaCgD59HfV,1,0.32774549,40.86,1,0.32774549,41.58,2025-02-27,2025-02-28
LTC,Lg6AkBDvidHBXi8qGvYeo2JTU5Ah83GjB7,1,0.40440753,50.42,1,0.40440753,51.3,2025-02-27,2025-02-28
LTC,LUEA621CSuomR4SdofXuLitDWdZf67diSb,34,11.20918974,1016.29,34,11.20918974,1021.19,2024-12-31,2025-04-03
LTC,LSXgJorb7mMpKdUKRrPL6mfdjpGCQkZRCm,2,0.46136959,55.93,2,0.46136959,56.96,2025-01-24,2025-02-28
LTC,LVxR2iNpDCA7ndqPPR8gmDFsRFrjLPiiNt,3,1.586,168.71,3,1.586,168.83,2025-02-27,2025-03-17
LTC,LQfHJh7UkqR2MQR1nAGNwECVRp3Tmd5nrw,7,0.38719949,46.34,7,0.38719949,46.54,2025-02-20,2025-03-08
LTC,LUYLepVCfF8pjUmLujUzjLUHSfE2tRcgxR,6,0.94287793,98.46,6,0.94287793,98.56,2024-12-23,2025-02-28
LTC,LVWsq2YFxqFLA3MPzG6WCyYiHrguZP5PDA,2,0.1194206,14.86,2,0.1194206,15.23,2025-02-27,2025-03-03
LTC,LPqKZseUcqZ8zmr1KmchDhkvsCDm9ukUgp,4,9.3522023,961.99,4,9.3522023,959.7,2025-01-24,2025-04-24
LTC,LQjyET5fPkWF4565vfQV7dL2QUdmQVWygZ,6,2.408478,233.49,6,2.408478,233.66,2024-10-06,2025-03-06
LTC,LhwJuU4SQJ2sGdYL2EdQG8M4EyDpwX8TkC,1,0.94033337,117.24,1,0.94033337,119.29,2025-02-27,2025-02-28
LTC,LgFEHS5RHSRtZFwv4UVhZTFXRAXxyc5CfY,1,0.1499,19.02,1,0.1499,19.02,2025-02-28,2025-02-28
LTC,Lg563a8RfWrz9oDYa5oBr1dMicLvxv6Nfm,3,1.27735566,138.51,3,1.27735566,142.23,2025-01-05,2025-03-22
LTC,LLtatTkH6gGNQ612yKYkqyoMn7eedFCTnn,1,0.19899454,24.81,1,0.19899454,25.24,2025-02-27,2025-02-28
LTC,LSU82SLWT1FWULxogYHg3MxyjZAd4y54Ho,3,0.31640361,38.33,3,0.31640361,38.59,2025-02-21,2025-03-04
LTC,LRaZ7oVu1p4tt4KtCDohDdd8vo6AeuQ2RS,2,0.21232491,27.41,2,0.21232491,27.17,2025-02-20,2025-02-28
LTC,LWpBLDF8njXcDjBsMFaeQEZpxSoMBrqYJf,30,11.8840045,1189.55,30,11.8840045,1183.26,2025-02-18,2025-04-19
LTC,LRdDiUagGdL1kHKo7MqqvySxcByDq1aNb3,1,0.24015242,30.47,1,0.24015242,30.47,2025-02-28,2025-02-28
LTC,Lg5bb1hr89ePtNoTJ3mLGCd1MrARay944u,1,0.09115627,11.37,1,0.09115627,11.56,2025-02-27,2025-02-28
LTC,LReS4CuU8St936kKCy1XW3HwFCqi2mrA1E,5,7.354,857.58,5,7.354,855.0,2025-02-06,2025-03-04
LTC,LXJNX84GUHJKNr2UBf2DWkpXR6xGpsUcNP,13,9.6411711,1063.5,13,9.6411711,1075.46,2025-02-12,2025-05-02
LTC,LPEkV4fM7otvtKvCvC2Kt1DSLhh2gFpnwe,1,0.38003201,47.38,1,0.38003201,48.21,2025-02-27,2025-02-28
LTC,LYBPiZYrTyaCvwvbGk4HXL6jzYFmjBSKVV,1,1.01269292,128.47,1,1.01269292,128.47,2025-02-28,2025-02-28
LTC,LcNLuGeZnzPVKYq37jGgevc3gxqiPg5ZQK,67,9.54283907,1029.22,67,9.54283907,1024.25,2024-12-19,2025-03-25
LTC,LTmtakTtHvSMbzmwq8KfRtHVkqg4EvAtqK,50,25.525893,2316.21,50,25.525893,2317.29,2025-01-23,2025-05-13
LTC,LN9aTWQpjC5faWFTPKZFhpNHDuKVEBgGkG,1,0.07598702,9.47,1,0.07598702,9.64,2025-02-27,2025-02-28
LTC,LbPkGyW9gHEXUoW5w51fARpSkwqdxizwug,7,2.47327539,272.43,7,2.47327539,273.25,2025-02-27,2025-03-27
LTC,Ley7r4DjW5bbQVwmRzENL4t97D3TGhZvmv,2,0.4352747,48.46,2,0.4352747,48.67,2024-12-30,2025-02-28
LTC,Lhu62BgAn2AyLkDMwhQehTGG8po9Pdo2kY,2,0.60061861,53.68,2,0.60061861,58.16,2025-02-26,2025-05-08
LTC,LYNrJzp4WcbPboRoiVrC9B2amDXz8NtvCY,26,13.01912714,1137.8,26,13.01912714,1130.7,2024-10-19,2025-04-02
LTC,Lg5Sv67zV5fLHSp3osfXfDPjEE2vYbpao7,1,0.8,99.74,1,0.8,101.49,2025-02-27,2025-02-28
LTC,LSWeqqT9fvxYYMKMDJqMmUJMHBZqUNnXoX,23,11.12076164,1271.25,23,11.12076164,1269.56,2025-02-02,2025-05-13
LTC,Lbk5fk7LqnodzbV6kY1G22LbiQyxENN6uj,2,1.27457388,143.43,2,1.27457388,143.43,2025-02-28,2025-04-25
LTC,LTHQfcXX2j1WYdoweiYA727XAi7UAkpJTM,4,0.69196325,83.69,4,0.69196325,86.4,2025-02-21,2025-02-28
LTC,LR6pUgm5txtHwpCUscSJGpRYeJWXDDyUXH,7,4.72825061,525.07,7,4.72825061,530.72,2025-01-24,2025-03-11
LTC,Lfi4Q6d1TjVo4VBgjjTerUQEnMyPxCUnZF,52,25.02196085,2194.95,52,25.02196085,2171.8,2024-10-17,2026-09-06
LTC,LdnHLagJTG7EzBX1DLpr68rq3oQNdQDZLF,1,0.19510678,24.33,1,0.19510678,24.75,2025-02-27,2025-02-28
LTC,LhQxvvc5XkGM2cm9Cge3d2WMVEmoFu9YXE,18,18.42486265,1965.97,18,18.42486265,1951.25,2025-01-06,2025-05-11
LTC,LVNDi8T1yKnPd5DyyD7qzaF2VuR2ALUJtZ,1,0.0939714,11.92,1,0.0939714,11.92,2025-02-28,2025-02-28
LTC,LLnAC7qCGsxcWZ6dNQYzfuJ3mXUUi8fmSv,15,1.6665707,164.92,15,1.6665707,167.44,2024-12-01,2025-05-11
LTC,LboY1VfmcA7qwvtMNxxifjamFXGq3tmJpe,8,2.33447065,226.08,8,2.33447065,224.59,2025-01-02,2025-04-07
LTC,LaACa7A94caAQwsLgUfcyiY64cA6m4iCU2,1,0.24724115,30.83,1,0.24724115,31.37,2025-02-27,2025-02-28
LTC,LdCGb6jNjPCbvYUp2aLLkXuamgRU3WDZHD,1,0.1189768,14.83,1,0.1189768,15.09,2025-02-27,2025-02-28
LTC,La7sMFLvqx6voSqHJM9RZY45GPR5vbUQGH,55,10.00134217,912.96,55,10.00134217,923.8,2024-10-14,2025-05-08
LTC,LV41oe1A4CDmTmQmfNZwuWY88mTi6PHmma,21,2.79735617,283.67,21,2.79735617,282.37,2025-01-23,2025-04-10
LTC,LNzMYsFAWjmQt2DnBRYLM1LGRpKvdc3h8s,7,1.31327637,159.33,7,1.31327637,156.84,2025-01-26,2025-02-01
LTC,LfqWFya2bXsvZKiLq1X34nPr6m3FHBsoBF,12,4.12775461,449.11,12,4.12775461,445.74,2025-01-30,2025-04-25
LTC,LLDS7UsCuXL8ZtRmgUx4GvAUVaxLLhn2Xm,14,6.45432706,578.0,14,6.45432706,578.37,2025-01-31,2025-04-15
LTC,LffdQM81Ju6YPHLW3xAZXNm4qiLx1g7reE,10,1.88822859,224.82,10,1.88822859,223.8,2025-01-17,2025-03-25
LTC,LUCvMZUFxXKuvDgVrgoxHpgfXVREA56rGP,2,0.78976717,81.62,2,0.78976717,81.12,2025-01-08,2025-02-01
LTC,LeLWHF6TfKvqG7GsHwkaMurabUgshwP9rk,3,0.6035009,62.73,3,0.6035009,63.03,2025-01-30,2025-03-24
LTC,LbvpPjYwtvw9Q15ZQMKtUMgjuAa8NNNXTQ,1,0.19965353,25.57,1,0.19965353,25.57,2025-02-01,2025-02-01
LTC,LSKDJy99AyL8AaBWbFSdZkGAjwcQBKorhF,5,1.32327245,119.09,5,1.32327245,123.5,2025-01-30,2025-05-10
LTC,LKPexKdesxTHK1UDE1PsigBXRAqPgBiSck,5,1.37678879,157.46,5,1.37678879,161.16,2025-01-29,2025-02-01
LTC,Li5CDfvYktjd6sfCpyDXNNoZfB7hJiSE2u,3,1.46109453,142.87,3,1.46109453,146.32,2024-10-20,2025-02-06
LTC,LNbCzCXVcqF5J2c339AXJGc175rSANsqbv,23,45.38599351,5215.65,23,45.38599351,5177.42,2025-01-11,2025-02-22
LTC,LV5J6N53KgfaHuMg851G4rZYLEqMjKHU3Z,1,0.122777,15.73,1,0.122777,15.73,2025-02-01,2025-02-01
LTC,LU9p13M9rT3uX4XnWwXux973cKSpN54piN,36,5.03470304,545.09,36,5.03470304,542.94,2024-10-07,2025-05-13
LTC,LZoZN1nAYcTkRszz2FGTYQZkiCmkyAR1PL,2,0.5392711,66.55,2,0.5392711,65.81,2025-01-29,2025-02-01
LTC,Lfxi3trX3BUjei7K9EetX6PRY7ZUxdC2SS,1,0.01569366,2.01,1,0.01569366,2.01,2025-02-01,2025-02-01
LTC,LVpJ6LZVxNMyf7mXuPPKJt4JbTFZU5KXV4,1,0.11419435,14.86,1,0.11419435,14.63,2025-01-31,2025-02-01
LTC,LiYeVYjTE4kRkWTrnmYZ3uuWKkKENGnNbj,2,0.25081414,32.13,2,0.25081414,32.13,2025-02-01,2025-02-01
LTC,LSGrMxvtt46uLcVbMPKXT9RGsjiwLeJDoL,6,2.0278631,203.98,6,2.0278631,214.22,2024-10-09,2025-02-01
LTC,LN9M7qyhLsHfH7EESinRU3VV26Fk1SZuZg,23,3.441867,359.84,23,3.441867,356.31,2024-11-28,2025-04-19
LTC,LMv1m9smQci8Z2KLXCvgJpuMEohzQ9oQxj,11,1.876302,214.11,11,1.876302,211.25,2025-01-12,2025-02-01
LTC,LMAxgHVXPyyFLAdft53sACKq4qYBcr46dQ,15,4.10234967,403.32,15,4.10234967,414.51,2024-11-14,2025-02-01
LTC,LfJdHK1zuJvS4T14T8X2aySooPvBMLsRgT,1,0.04609711,5.34,1,0.04609711,5.9,2025-01-30,2025-02-01
LTC,Lg9BixAyX9DvJnip97upD2ct1i7n6u6wKM,4,2.7336,281.93,4,2.7336,290.04,2025-01-15,2025-04-05
LTC,LVizFuWXBgvusy9EzNZoZQdVmPREjuuw7K,10,1.30163209,125.14,10,1.30163209,125.81,2024-10-14,2025-02-24
LTC,Lc1EQcjmdTBuoZgA28CXDuv5ATMn5CQMHz,22,3.15970341,377.0,22,3.15970341,382.09,2025-01-17,2025-02-16
LTC,Lf5z9QqmtALQQXcuABX52FVxduekz3iciz,1,2.03497631,260.66,1,2.03497631,260.66,2025-02-01,2025-02-01
LTC,LX38r7d3ickWPErrbpNLMewgX7ZtN88hE3,3,1.4295128,175.97,3,1.4295128,172.06,2025-01-22,2025-02-17
LTC,LS3Ri2NRexGVG8rjYHsw7X3QBQURKUZKwW,3,1.54542772,161.04,3,1.54542772,165.89,2025-01-17,2025-05-06
LTC,Lc65MYJZDJ4EU1q3W5wUQkGG5Q6csiCorj,8,1.90823548,211.23,8,1.90823548,213.18,2025-01-30,2025-02-05
LTC,LQ5qTMVv8u98Xv4hyaH83LTVzMZ4bRNVf6,1,0.18409435,23.96,1,0.18409435,23.58,2025-01-31,2025-02-01
LTC,LQW9bxyb8uqwuNKR12o2MsTF84Nk1KUSDb,4,3.4142486,398.0,4,3.4142486,407.92,2025-01-24,2025-02-01
LTC,Li6e2uzmhkxLffw47EAR2EkjqDCdwKkUDf,1,0.15899435,20.37,1,0.15899435,20.37,2025-02-01,2025-02-01
LTC,LR53mxCSga6v6qXH8fctusm7uBexkNa4CC,6,2.78418167,331.33,6,2.78418167,338.32,2025-01-25,2025-02-19
LTC,LY1sMohLWZ2SnXrabCDSKRex7b2ZpUytqw,22,7.87093216,713.35,22,7.87093216,715.37,2025-01-12,2025-04-19
LTC,LVoYQWomzPgvLWcaU6EVcsHcHhBkLeXe9f,20,13.02656185,1449.96,20,13.02656185,1452.11,2024-12-07,2025-02-01
LTC,LWXAL6B349zQHN7JCZxh78zLg9SJTKazyR,3,2.92457057,330.43,3,2.92457057,327.38,2024-12-18,2025-02-01
LTC,LZuxUzeBwZ71dt2aYTWyMhVz9mw5nm6skR,13,5.11532304,550.37,13,5.11532304,557.43,2024-12-20,2025-03-14
LTC,LRkaeu5S25kqbTd4ZK2eeP99Wwh49psGhV,2,0.46565672,59.65,2,0.46565672,59.65,2025-02-01,2025-02-01
LTC,LWdA2s8oSBKFW4Uh9Pfz1VGy7RQ1i3pHQG,3,0.59532955,65.68,3,0.59532955,65.19,2024-12-28,2025-02-01
LTC,LgXbiugFNUGyTcXwp43JH5whyyhkheGvPM,12,1.68317307,193.97,12,1.68317307,193.12,2025-01-27,2025-02-07
LTC,LeXYrRo4DXQ1RVTZQEYKE43GqcoZkhHcMf,5,1.1427312,128.71,5,1.1427312,128.15,2025-02-01,2025-02-14
LTC,LYCmwrvsyR9JY5TzpU9fuHg2CgTeb6rrbm,1,0.13423502,15.56,1,0.13423502,17.19,2025-01-30,2025-02-01
LTC,LiYYdSjmpZyUa1kLpximkWvR7HgA58Las4,1,0.16,20.49,1,0.16,20.49,2025-02-01,2025-02-01
LTC,LRGeGLqRA8Zn8kZdp1Zm6B8omxAFN9U3xG,11,3.01978087,274.11,11,3.01978087,275.42,2024-10-25,2025-03-14
LTC,LaQ3ydJuw1ZuHfdpvvwNPUFQGdp2rRQt3N,6,5.62303158,610.8,6,5.62303158,614.33,2025-01-22,2025-05-02
LTC,LPuN3MBg5NaZkrwKrrWU99mSZv1moJXss1,1,0.3671059,47.78,1,0.3671059,47.02,2025-01-31,2025-02-01
LTC,LXNBesf6ToDJjMeYdhtUh2EqTRjgDbaxf4,46,31.8560867,2970.29,46,31.8560867,2965.95,2024-12-24,2025-04-24
LTC,LNMEq3ryc1wtdDeh2supHFrjVyBrF7nRBD,3,1.0019808,95.03,3,1.0019808,95.03,2025-02-01,2025-03-24
LTC,LZVAkSXanFcVPJ5UfQuCgW1yfcTsnThfne,1,0.08139435,9.43,1,0.08139435,10.43,2025-01-30,2025-02-01
LTC,LL7Chqzeh6LubBjHfJYPQ9qwTknmxA1LM1,3,0.29328477,33.29,3,0.29328477,32.14,2025-02-01,2025-02-17
LTC,LUnNX12xzXHi5WHeorzazZiAjrbK7oT5MA,2,1.60354742,206.96,2,1.60354742,189.39,2025-01-31,2025-02-03
LTC,LPu9Xt8KMcLMaeSGfQvK2BZEqvgmyAXjve,16,3.81020428,402.99,16,3.81020428,404.94,2025-01-25,2025-03-27
LTC,LZWdCoYqfuF7bVqUCXECFQayPA4x1zX2ui,2,1.09418316,111.82,2,1.09418316,111.82,2025-02-01,2025-04-25
LTC,Ldf7WYZURDQttjaqCUac7AM9qaX9Ugpww8,1,0.16719435,21.76,1,0.16719435,21.42,2025-01-31,2025-02-01
LTC,LRUoAkLUiudN9Xu42C9qCCt6RWFFe97bYK,10,6.11086635,629.83,10,6.11086635,627.98,2025-01-25,2025-04-25
LTC,LPSpLgPprpu7KZJJrPW6v37D63awUYuRm3,13,6.06332543,706.67,13,6.06332543,701.68,2025-01-04,2025-02-12
LTC,LXycwyVgSTQF7g6zfMPB4J1AhNYwGeCkkS,7,1.08919124,124.52,7,1.08919124,126.32,2025-01-22,2025-02-05
LTC,Lg7UTtPtmb1cSorE5xob8yQ9EMmrWHAkfH,37,7.13043761,779.2,37,7.13043761,765.74,2024-12-02,2025-04-22
LTC,LWMZZfy9vZc1S5B1qwGJouuQPj25HefSFa,22,15.26529135,1724.94,22,15.26529135,1704.72,2024-12-03,2025-02-05
LTC,Lg8mBhmCGq8rwzfzERfCc7gpFjuR4sxfwm,1,0.09876122,12.65,1,0.09876122,12.65,2025-02-01,2025-02-01
LTC,LPLQvEmHE6VUh4MVnBELckhBZSU1Dv7Biy,11,7.39596747,701.22,11,7.39596747,692.25,2025-01-31,2025-04-19
LTC,LLBsBmrrWyhTYbdWAxZvshMM9Jnaa2PdPK,1,0.09912314,12.9,1,0.09912314,12.7,2025-01-31,2025-02-01
LTC,LSLnQwnfxSwEB61WGptRApcLskooEcUcef,18,3.99303668,437.08,18,3.99303668,436.49,2024-12-02,2025-04-30
LTC,LdNuuofXjUPwDGhcfYKqpyuErmksbUtZpB,29,11.23780922,1118.26,29,11.23780922,1139.19,2024-10-26,2025-03-19
LTC,LhEP2LSxoZZ3ehEF6pZR2p3UbuHL7CJyXm,1,0.6969,90.7,1,0.6969,89.27,2025-01-31,2025-02-01
LTC,LUW52tcfJ46rR97ZYPd6HQwgaNFVcPAMWt,1,0.2092871,27.24,1,0.2092871,26.81,2025-01-31,2025-02-01
LTC,Lcw8CWT5ZbFWLdKof598w2RLge94FwwU9L,6,3.9715447,465.46,6,3.9715447,464.54,2025-01-25,2025-02-10
LTC,LLkFqPGRZmWf3MwyAjZWns4QRi65Nh7SB1,2,0.06693463,7.98,2,0.06693463,7.45,2025-02-01,2025-02-03
LTC,La5myj9GAqQSi16iqaxcwXFhAje1Ythnhf,1,0.21259795,27.67,1,0.21259795,27.23,2025-01-31,2025-02-01
LTC,LdxTp6xtyFHSHYiGnKrBEmLvehikGSnRcW,1,0.39,50.76,1,0.39,49.96,2025-01-31,2025-02-01
LTC,LRmUHbvpZDppdFXmsQf62KRZ1nwk1xMrCR,1,0.2499,32.52,1,0.2499,32.01,2025-01-31,2025-02-01
LTC,LMPSvKHdnB5f2F9CcqGUiiQfUtfXnVoTt9,14,13.2,1422.35,14,13.2,1424.08,2024-11-11,2025-04-16
LTC,La4W3mpobVPLUyWDF3CgA8u8rwARxre36n,2,0.2874475,36.96,2,0.2874475,36.96,2025-02-01,2025-02-19
LTC,LSz9vr7CGXT9Da1BmE5WTS1NwSFmDiWQqk,26,4.75673518,455.95,26,4.75673518,461.56,2024-10-20,2025-04-10
LTC,LPLrQpD5foSiQTM6g1x6sYGHHGcjTNRjdK,2,0.58794879,67.11,2,0.58794879,63.22,2025-01-31,2025-02-05
LTC,LZYNPXB45yq99T79fsHFPZXdf5r23Yey95,1,0.15229435,19.51,1,0.15229435,19.51,2025-02-01,2025-02-01
LTC,LYcJ7XMixDkZw2wXV6knjzJE2cLnk4gE5t,1,0.28411333,36.98,1,0.28411333,36.39,2025-01-31,2025-02-01
LTC,LLzZFMC24qsrMTwwXq8ZFCDLixj72wTQTR,12,6.39836965,682.56,12,6.39836965,683.88,2025-01-27,2025-05-13
LTC,LX4iURPgN7uQUwUc6zGJRRRvMFvVLheWHB,11,22.75249228,1975.28,11,22.75249228,1971.35,2024-10-23,2025-04-24
LTC,LLjhjmJhxMbXdEkteVdoP1z2epLVXPV3qj,1,0.14465924,18.83,1,0.14465924,18.53,2025-01-31,2025-02-01
LTC,LgY5bxQoRC1ifhsd8vrmdyksfnAKZp1kmT,49,5.53910993,548.47,49,5.53910993,550.5,2024-12-23,2025-05-06
LTC,LUSFTBdjMjQtGZXrdcmPeF57M2C4H3CCvV,4,1.02866708,120.51,4,1.02866708,118.69,2025-01-26,2025-02-09
LTC,LZchakHkSbTsM24oCAjQtz3eAgjGxXKVef,10,0.85722448,92.72,10,0.85722448,90.35,2024-10-20,2025-03-11
LTC,LXVs6hTU1A3P6FJd5rGUbvaJwhHasYh6wQ,12,2.74014507,269.97,12,2.74014507,269.77,2025-01-30,2025-03-25
LTC,LcGUtzG6djeL3Yy7EbBpR8xusUsYrsah5H,10,1.44765681,169.78,10,1.44765681,170.76,2025-01-17,2025-02-16
LTC,LNNTsVAhGcuy31WYoeARFu2McCPXruVtV8,1,0.17904024,23.3,1,0.17904024,22.93,2025-01-31,2025-02-01
LTC,LQfy2TK5tKFZoUKrxbzZ2NeMCLpjVBvwcM,16,11.13263228,1224.49,16,11.13263228,1225.3,2024-10-18,2025-01-23
LTC,LMrpXX3mRTndRVYVsDpYjGgCGudD3hsRBq,16,4.49787682,489.33,16,4.49787682,483.57,2024-12-30,2025-01-17
LTC,LUqc32ZahiRsnqB1crK4vxVbC9VXry6ZSg,3,3.94495645,444.93,3,3.94495645,442.2,2025-01-04,2025-01-07
LTC,LcYrZGTZ8HfDZhemGcMQCwYPpt9KU6UbSt,10,7.00178723,702.16,10,7.00178723,710.08,2024-11-06,2025-04-27
LTC,Lgutri1WAY6qEXoboZnyBLEcujSBYfpbop,31,6.654445,704.85,31,6.654445,703.94,2024-12-21,2025-04-29
LTC,Lf7M7sbjYoxi4KR8FoAMKTo9BsVme4JoHf,1,0.26516606,27.88,1,0.26516606,29.49,2025-01-03,2025-01-05
LTC,LQqVrHCXNyGf9XZ1NguvCQAJZpKeQWRc8v,19,22.4985222,2059.6,19,22.4985222,2072.16,2025-01-04,2025-05-06
LTC,LQ8WRixEfLBuCRAfEaUCVQJhBNHzr1PtpZ,34,5.00584685,530.86,34,5.00584685,533.1,2024-12-16,2025-04-09
LTC,LWTHZ39P3EZs7K8RW3Tzkb5ozxHHhy7cEH,1,0.1569,16.5,1,0.1569,17.45,2025-01-03,2025-01-05
LTC,LMVqorM2CbwTSSLuDvAhG48voEcmHaQ11J,4,3.20262195,343.96,4,3.20262195,344.6,2024-12-10,2025-01-05
LTC,LQCqedpkwGNVn8oBB3YRpSDB2kRfWHMAQj,29,6.36173899,652.36,29,6.36173899,649.03,2024-11-29,2025-05-13
LTC,LMkoLueGfj1hKqk9pRL2w6pdbSNVLLLVhR,10,4.09288859,463.56,10,4.09288859,440.27,2025-01-05,2025-02-21
LTC,LWsckUEFbKqmsDGBo83WxMDiQ269ZrV2vg,11,2.24092421,222.32,11,2.24092421,221.78,2024-10-13,2025-04-21
LTC,LNuNG71ASHVuKAuP3vG1FajUkAsrTySGYD,2,0.635913,66.72,2,0.635913,69.0,2025-01-03,2025-01-13
LTC,LYr5GHytH1Ka9RXniTd81rwy1BuMX1Eo6y,6,3.40758214,368.21,6,3.40758214,383.22,2025-01-03,2025-01-06
LTC,LSE6SGzp5ZQoHKoFzEUDJwGiJeSqeh7Zpj,24,17.62580142,1892.64,24,17.62580142,1903.59,2024-12-19,2025-01-12
LTC,LM2nCXHYHbikUed9qb3NZYUQPhdwH8QUeg,1,0.13417736,15.12,1,0.13417736,14.92,2025-01-04,2025-01-05
LTC,LW7UTSCiEwCxghKiD2MA3wf4aKUb5rBA2R,3,2.04760561,215.29,3,2.04760561,227.73,2025-01-03,2025-01-05
LTC,LRSJtwMHoKFvMqPPqCBWsWpbpuMy2d5JQ1,3,2.46789963,257.54,3,2.46789963,268.25,2025-01-01,2025-01-05
LTC,LgZ332JzCEsppYv3ZSmtpFNamnnpdL7AUW,19,4.46151244,440.3,19,4.46151244,435.0,2024-10-19,2025-03-08
LTC,LhTDC7YMd3QF9epEpyqPxYdDi6BJimUtu6,9,2.18214616,231.48,9,2.18214616,230.76,2024-12-27,2025-01-05
LTC,LYBduSNdugMLVac6RYHhrFD7qedmcRKaqY,6,1.5905834,177.55,6,1.5905834,177.72,2024-12-14,2025-02-05
LTC,LMEniX6JtAMbgaFYsqkytH4BenCVDz3yPj,1,0.8929717,93.89,1,0.8929717,99.32,2025-01-03,2025-01-05
LTC,LXrJFCQnUuhkcGfB6Bm54dsyJLKKgfRV6a,1,0.24663841,27.43,1,0.24663841,27.43,2025-01-05,2025-01-05
LTC,LVHQBkXpcKCegep1rnRwJPPkMDzJCDiQVH,3,2.18179877,229.54,3,2.18179877,232.98,2025-01-02,2025-01-05
LTC,LV8rJN4WWnNYvQwbkqnuSKgjnihbNh8Xm1,28,2.7798,292.17,28,2.7798,292.54,2024-10-29,2025-01-13
LTC,LaJQqZQoL4qHwzP53X4nqLw4PMCGzSnYpH,1,0.14663944,16.53,1,0.14663944,16.31,2025-01-04,2025-01-05
LTC,LQd5ZFia8BeLoWRQrHsvpnfAizSqUsv2Gp,1,0.08869363,9.86,1,0.08869363,9.86,2025-01-05,2025-01-05
LTC,LgFUxuNiTLfFcoXGLMbFU37D4Wvwz8nLGz,1,0.15880721,16.7,1,0.15880721,17.66,2025-01-03,2025-01-05
LTC,LeqUo9a52qa5rd2NFCYKV5qg98ro2bgrgM,10,4.0667748,424.52,10,4.0667748,428.11,2024-12-29,2025-01-12
LTC,LSSYMv3j5kp8kLNWtc1uP74ZmuZCxSVcKR,1,1.76406521,185.47,1,1.76406521,196.2,2025-01-03,2025-01-05
LTC,LNUyQjB8SnRQKccoYuZfn1qwT1UA5n2tMz,31,16.74936539,1745.22,31,16.74936539,1737.63,2024-12-19,2025-01-17
LTC,LdtRktUyM2mCNozfyK1EC43UWFnB5aSD5Z,4,1.55113516,163.39,4,1.55113516,164.72,2024-12-19,2025-01-15
LTC,LcNfWfL3rjmaDBhE8Wmf5zzTTSkqHeBLAm,1,0.31184027,32.79,1,0.31184027,34.68,2025-01-03,2025-01-05
LTC,LUYEVJfrpf1RaxMx4AMJNDrFGfz7jLbBJQ,1,1.55647961,163.65,1,1.55647961,173.11,2025-01-03,2025-01-05
LTC,LSJxEtnpu2kjFpPD3rxNYbBPqNJ7J4GM4L,1,0.11229431,12.66,1,0.11229431,12.49,2025-01-04,2025-01-05
LTC,LVv858iRBnpL8dNssuAYaRPtEZrJ3V2bQg,41,17.76725116,1775.92,41,17.76725116,1786.61,2024-10-06,2025-05-13
LTC,LcGTufhQgENwRNkXKZMjCPnBmwb7HfW7cp,2,0.52631152,56.44,2,0.52631152,55.61,2024-12-27,2025-01-05
LTC,Lf4LzPK8igF3kN1sDVPTvZaMPvL37viyMD,1,0.21386346,22.49,1,0.21386346,23.79,2025-01-03,2025-01-05
LTC,LKfewbrXwVZpcGU7nH38SAr1KPZvutUJRu,2,0.41066034,42.01,2,0.41066034,43.64,2025-01-03,2025-03-27
LTC,LU8vLQP6ESBkg6kUihP4gfWnhzmuZbK2WP,5,2.90605859,267.35,5,2.90605859,266.4,2024-10-07,2025-01-11
LTC,LXwfQ1xU9uyjbXZULLQ99rudKFbBktear5,2,0.28407598,29.87,2,0.28407598,31.59,2025-01-03,2025-01-05
LTC,LPXzu8HVMuKEquLQkG9aZs7iDDyJcALMR2,1,0.64895214,68.23,1,0.64895214,72.18,2025-01-03,2025-01-05
LTC,LXbFHjVmw1jfGFdCRi1hXo8GeUyttKYQ1p,4,0.83683824,98.54,4,0.83683824,93.3,2024-12-17,2025-01-05
LTC,LNMQdqKtNd1Y1fyed2qQUuU51iSS7qQZ9E,2,0.50791009,55.3,2,0.50791009,56.49,2025-01-03,2025-01-05
LTC,LfVwYjojn8xMZRrLddEoEGhqNzUbCyP3Ek,3,2.2115142,208.47,3,2.2115142,212.44,2025-01-04,2025-05-02
LTC,LUfo4zudvqPMRC91U1n8tcpwDwkirDS4Lo,2,0.35953333,36.69,2,0.35953333,37.97,2024-12-30,2025-01-05
LTC,LdpHtZE2fcxA6xPDTuf16Q7Z2SnJwcS7ky,20,3.95408575,427.02,20,3.95408575,421.03,2024-12-05,2025-04-25
LTC,LaZknRtjDGKvqfiwN2jkBFMfYmcQBgiLpp,6,5.78442424,548.21,6,5.78442424,546.02,2024-10-21,2025-01-27
LTC,LTwbPFrnUXkNXKxr63NbdD8AZLwLoofTGH,7,7.00113204,686.05,7,7.00113204,692.54,2024-11-19,2025-01-05
LTC,LQf5CUAxNMfRqC6mSej3metk6onQxEutwU,1,0.11672061,13.16,1,0.11672061,12.98,2025-01-04,2025-01-05
LTC,LSdFZE26RX8PGNWqFb9ZQQSJ2i2HV9fE39,2,0.72384278,81.59,2,0.72384278,80.51,2025-01-04,2025-01-05
LTC,LgHtHPLaB1qnJjeVeb4bNuUcdjDasYZX4S,1,0.21531126,22.64,1,0.21531126,23.95,2025-01-03,2025-01-05
LTC,LdFTcwQT5uURcDKtNZfu5arBZXzAydtLg2,2,0.38399327,41.8,2,0.38399327,41.44,2025-01-04,2025-01-15
LTC,LVvZaGCXoMavpVXbqj3VLbZ8PsFAPdsi3c,26,8.87130236,862.38,26,8.87130236,862.61,2024-10-15,2025-03-04
LTC,LRPBN1VpdYhLxfFzRa6drUv7HDMsjpcoXw,1,0.30969595,34.44,1,0.30969595,34.44,2025-01-05,2025-01-05
LTC,LfEzSSh7nFh5qBRwCk9w4M7abC3Fc2cSvx,1,0.10800594,12.01,1,0.10800594,12.01,2025-01-05,2025-01-05
LTC,LVeZ2hMRDaH5YxgNvj4XKnZazaWvLp8hrP,4,0.16577818,18.98,4,0.16577818,18.98,2025-01-05,2025-01-20
LTC,LTUCqwyaBS1uLJxvKYZKyZziRcPY8Di72u,1,0.22052392,24.86,1,0.22052392,24.53,2025-01-04,2025-01-05
LTC,LRrzDWqfD3afYCY8eEWPfoZcdFFZzriZ8F,3,2.02178757,218.87,3,2.02178757,224.29,2024-12-31,2025-01-07
LTC,LTzXFRNhTukCMJMXBgD73sRXpmk8z9SJY9,11,1.76228592,154.92,11,1.76228592,156.6,2024-10-31,2025-01-18
LTC,LeEAgSBzn415f3y6jRxQCJsFjoeB8hziTe,5,3.35049917,357.5,5,3.35049917,355.03,2024-12-31,2025-03-17
LTC,LfoSZppnKwsnzrcE4LFPBBbSrxTBUdjYrV,28,5.10434085,500.06,28,5.10434085,504.1,2025-01-04,2025-05-11
LTC,LUnwLbgkWtxrLuhAdbd3nLLMTNunDfLxuJ,1,0.2006446,21.1,1,0.2006446,22.32,2025-01-03,2025-01-05
LTC,LTV9wfGmwupYSL8jYSGmaEBXC2GUsVL67X,1,0.4899,55.22,1,0.4899,54.49,2025-01-04,2025-01-05
LTC,LKjBAFt51wWwLiJrz66VEKrfXB6qmWY33n,1,0.98575703,97.11,1,0.98575703,97.98,2024-12-30,2024-12-31
LTC,LYNaDtZkDrb44JRbpFcPcEWgeSMbv8V8o1,4,0.43615364,40.81,4,0.43615364,41.93,2024-11-22,2024-12-31
LTC,LLjpwXm2y4YvRVv1r8zRojGHnRdpQEuuFV,48,6.36821224,726.93,48,6.36821224,721.48,2024-10-22,2025-03-28
LTC,LUNjHZXDvwvkzJAf9bMkNfAwVija1d8Rsa,2,1.24894958,124.15,2,1.24894958,124.15,2024-12-31,2024-12-31
LTC,LfarnbjYX4ZMkxjcALPBy9DU7yTMRYWz6m,9,3.65154946,382.28,9,3.65154946,382.65,2024-12-27,2025-04-06
LTC,LfTkKoRGBgT91AjimBYgtWB2V9mQdr2cpR,1,0.57859742,57.0,1,0.57859742,57.51,2024-12-30,2024-12-31
LTC,LPZfYHLmbka9h1ykvcEFBBhkrTytacJjqX,3,0.712986,71.61,3,0.712986,71.78,2024-12-30,2025-01-01
LTC,LU9HhPzf6wnDNETeAXPPL5QShARXTDJakN,2,0.73455679,73.47,2,0.73455679,73.68,2024-12-29,2024-12-31
LTC,LMX8JDnnkpuHgFcHEkSRCQzv8T4yDa7gsu,3,0.45738317,47.57,3,0.45738317,47.57,2024-12-29,2025-01-24
LTC,LRWNUkkvR9BHaAieMb8bcZ9VvCJzHH1rgK,25,3.51550201,373.37,25,3.51550201,371.12,2024-11-04,2025-03-21
LTC,Lcykt1HCsxmQmMjb2Ue4wojkgckcGu6Ad7,1,0.29341634,28.9,1,0.29341634,29.17,2024-12-30,2024-12-31
LTC,LNDj6MP5FU6P4mhyKRkFMTaKLTbGeqKoyi,2,1.43853401,148.82,2,1.43853401,148.82,2024-12-31,2025-01-02
LTC,LdbuNgFyppukjsnmXhMyyzNGhSgCiLq9GD,2,0.95635185,95.06,2,0.95635185,95.06,2024-12-31,2024-12-31
LTC,LYi3LEB2FosFNsZFcdVP174wkTfzN8sHXj,8,2.29604354,206.49,8,2.29604354,204.65,2024-11-13,2024-12-31
LTC,LbgdzP3DNLx8Zx7rLK7trLjQBEbMX4wSgq,15,2.17999887,231.55,15,2.17999887,230.62,2024-12-31,2025-01-22
LTC,LZrgaDWvJLctohiiZQ4BdSDaYphGUsYm3M,1,0.0199,1.98,1,0.0199,1.98,2024-12-31,2024-12-31
LTC,LQPQxAQa2wATwdStpRpusMBT6rVJDbUcTm,5,1.45204395,137.35,5,1.45204395,135.48,2024-12-31,2025-03-24
LTC,La7vNKXDL4XtabzoXUiBMS5Fw5Y5AN4gVW,6,0.84657104,92.07,6,0.84657104,92.55,2024-12-30,2025-02-19
LTC,LKLJ6JzWyRgY5dK2qCc7amsJUHhCsJf7vK,4,1.46919016,146.04,4,1.46919016,148.05,2024-12-31,2025-01-01
LTC,LMCQzDhuMAW59y25La6GSdKTDXQUWnMQmH,4,0.80950611,83.99,4,0.80950611,84.13,2024-12-29,2025-01-24
LTC,LRw9ipFRjxK6hoanpDSXCPRhfPTwbkDGPB,4,1.32033935,124.79,4,1.32033935,127.05,2024-11-14,2025-01-01
LTC,LbC65Ax5rCTiyWiResHFDzYCzVsDh5gEco,4,3.19961367,315.98,4,3.19961367,318.04,2024-12-30,2024-12-31
LTC,LTYxkeadPqU6UcoZhrQmtMZQMfaKTyoyL2,5,0.61344669,61.51,5,0.61344669,61.63,2024-12-29,2024-12-31
LTC,LatEyvteD6DYUe3RfL7Qe8NCUsZi3BKeWF,2,1.34120879,132.12,2,1.34120879,133.32,2024-12-30,2024-12-31
LTC,LcuCyAT78mfknwtYHbA4FWH34hy1dQ2G4V,4,4.69597313,409.97,4,4.69597313,407.03,2024-10-21,2025-04-19
LTC,LKQkkKRjt3bJSshjc5koFi2WiDCuGNh4cX,5,0.78770324,82.76,5,0.78770324,83.78,2024-12-22,2025-01-25
LTC,LTeQBXau7jzM61nF4znkwWq2zb5JCcz9dU,1,0.60520476,59.62,1,0.60520476,60.16,2024-12-30,2024-12-31
LTC,LTrmKLgWsb3qKdBkTVrgM7Q9t3WoBnc2kV,1,0.19377029,19.26,1,0.19377029,19.26,2024-12-31,2024-12-31
LTC,LdBej8MNvzmq5myokQDLmbgQP1Wiq4XALz,19,6.1488013,578.93,19,6.1488013,574.46,2024-10-11,2025-01-23
LTC,LKoJamAFSpP9tKVJbwAupp8KQW5KG4QAUj,2,0.24134761,23.99,2,0.24134761,23.99,2024-12-31,2024-12-31
LTC,LchLwuKfJH69ZarhEL9Hb1Ws43nhQoziEB,1,0.29390627,29.21,1,0.29390627,29.21,2024-12-31,2024-12-31
LTC,LX9yGFDHjUYja9X7W3P9q37LD1NiDWB9sx,22,16.92441118,1790.45,22,16.92441118,1791.53,2024-11-22,2025-03-25
LTC,LQtmnCrmtwV69oXAVkkpfnDycte2kBd8Z1,2,0.75519899,78.24,2,0.75519899,78.77,2024-12-25,2024-12-31
LTC,LZKEWzgR3H23GjbMdEm641iiPcoWQAkEzR,1,2.00675254,202.18,1,2.00675254,199.47,2024-12-29,2024-12-31
LTC,LdVoLCArh5vYWJ91JrnA4UQs7w7y22Htek,5,1.4989558,152.16,5,1.4989558,152.24,2024-12-28,2025-01-07
LTC,LN8N5MVr8KiojtPVdyNDU5VjRvKSKQSWHC,11,3.203884,287.77,11,3.203884,291.07,2024-11-14,2025-04-15
LTC,LhdjRexZG5WPMpqVWGrLbx3gjhvN2EwLyS,2,0.239,23.76,2,0.239,23.76,2024-12-31,2024-12-31
LTC,LeYcLYNsHmW4f63ivNGWFwfngg4o1ych3K,8,4.49271228,516.65,8,4.49271228,509.33,2024-12-03,2024-12-31
LTC,LU6g5nnJQ2PuwAwifcEnDUthpzz9CogEqT,3,0.36278318,35.74,3,0.36278318,36.06,2024-12-30,2024-12-31
LTC,LfkyP4saW5HHs1PZSuSkBh2FFzApxi7qS5,1,0.15843646,15.61,1,0.15843646,15.75,2024-12-30,2024-12-31
LTC,LZ2iEP7xvZyd9exCusiAwHXksngL1YLd6F,4,1.22717274,129.07,4,1.22717274,128.91,2024-12-27,2025-02-12
LTC,LdWJQf1LbERJft5jLEib3Ad8meaSV7Ameg,7,0.46024577,46.15,7,0.46024577,44.1,2024-10-27,2025-03-23
LTC,LKQyf6FKhjGRTfUny3orQfT12JiPnWwegC,1,1.438,141.66,1,1.438,142.94,2024-12-30,2024-12-31
LTC,LMLUgLZXsDwwyrEAW3vtrrPzL5JaUPAhex,2,0.96039494,95.46,2,0.96039494,95.46,2024-12-31,2024-12-31
LTC,LLjUEjooF74RBASA493TdaxMJn48o5mh6F,2,2.15741823,218.15,2,2.15741823,218.15,2024-12-31,2025-01-01
LTC,Lc2MQnUBoQy4XRSrE2BBjwvkaK3LYedNXP,1,0.16973,16.72,1,0.16973,16.87,2024-12-30,2024-12-31
LTC,LQ3kunyMv5cM2YdZfXyFJCtU5disaezU3s,4,1.73672495,174.67,4,1.73672495,175.65,2024-12-20,2025-01-09
LTC,LfAfA2jnQ1S91p6e3azXxYHXZUBsmJV6rP,1,0.37366647,36.81,1,0.37366647,37.14,2024-12-30,2024-12-31
LTC,LdxX2H29qvHKBUn8u4tM5QQe87xiKi3gg6,1,0.56298038,56.72,1,0.56298038,55.96,2024-12-29,2024-12-31
LTC,LNx2rvR4y8igF4xMiY6jXRaY5iJWh7rJzz,4,1.14160312,117.66,4,1.14160312,116.91,2024-12-04,2025-03-14
LTC,LgJyDZQr542JcoLYdvdXbmGvYtJVWyULca,20,2.49980517,223.19,20,2.49980517,223.11,2024-10-07,2025-04-30
LTC,LWyrfopz5K44tt4fXQxZwLvkjCa6sVut4A,1,0.3529904,34.77,1,0.3529904,35.09,2024-12-30,2024-12-31
LTC,LcopSRe2qhhVhdPvVXLcD5Z413qVtbMX34,3,0.6573,68.94,3,0.6573,68.74,2024-12-31,2025-01-12
LTC,LLhJTuXWTk4YswQW4g9A4NAJDciqach9Nf,2,0.48731224,47.69,2,0.48731224,47.48,2024-11-28,2024-12-31
LTC,LR5FPe3ZaUYeMZkLBaHKeQsHKZvJPmLgbC,1,0.20431991,20.31,1,0.20431991,20.31,2024-12-31,2024-12-31
LTC,LexuyeEoVqEVkx2b5gTwpRpQi9NJu9x9y5,1,1.00742431,100.14,1,1.00742431,100.14,2024-12-31,2024-12-31
LTC,LbcpzPbxqcMeP4edkgQ28ufbp1bw2gx2p8,9,1.48959051,166.13,9,1.48959051,166.13,2024-12-27,2025-02-24
LTC,LPUcrTj6E7oSLAPr6GT41EdZP7mNqeAkqB,3,0.29437452,29.61,3,0.29437452,29.97,2024-12-31,2025-02-06
LTC,LRttRNuTMASXwfohppazTzyH8MFEBGbPqQ,2,1.36520771,137.22,2,1.36520771,138.07,2024-12-30,2025-01-02
LTC,LUaUzbeB8PmhQF3TxiL8hP2EzKfKmtB243,1,0.27936491,27.52,1,0.27936491,27.77,2024-12-30,2024-12-31
LTC,LgAfR6h3BSRw3H3tGbSVmygeSSHUDHUsYQ,1,0.2297573,15.21,1,0.2297573,14.89,2024-10-13,2024-10-14
LTC,LdLQCDkqdaZPd9DGhYSkiNzgnwLpQvnf5J,10,4.70646976,402.98,10,4.70646976,404.83,2024-10-14,2025-05-08
LTC,LhD5zdg2PYHq3n8CF3Fcnjb5D7YEh35Aqs,43,9.07504279,808.92,43,9.07504279,798.75,2024-10-07,2026-09-06
LTC,LXP4CDecZghuKZrNa3KW2hDgvBB49LxJe7,11,38.833071,2615.33,11,38.833071,2626.42,2024-10-14,2024-10-19
LTC,LfrVssLxNm85SDbwDmP9rMP7KqSJeRQ2qt,9,6.26241866,411.91,9,6.26241866,412.61,2024-10-06,2024-10-16
LTC,LL9xAJpKdXdt7BXJTDhS2s6bUoXZA9JLss,1,1.30218578,84.38,1,1.30218578,84.38,2024-10-14,2024-10-14
LTC,LZXLgrakMSCmEXwy4LwqvayWddvMzAs2p8,2,0.37495854,24.51,2,0.37495854,24.3,2024-10-13,2024-10-14
LTC,LgwMsWym8pr23JCFngVxfPc9P9eLL87NY3,1,0.24626372,16.3,1,0.24626372,15.96,2024-10-13,2024-10-14
LTC,LfRBKQyPgp6PspCHdNxSzCzNtsFoLZMCvQ,4,1.32389758,94.0,4,1.32389758,93.4,2024-10-13,2025-04-15
LTC,LaexnTFn3KJhrcjuQ1G2L6NnfkM8hECKnc,5,1.1183399,74.58,5,1.1183399,74.21,2024-10-06,2024-10-14
LTC,LSUu4P1rn2dKnY1wbXQoBsXN9NEMcEmNA5,1,0.554324,36.69,1,0.554324,35.92,2024-10-13,2024-10-14
LTC,LbcjHzsYMKGceQh499PnMd7wCUmkQsb6Mv,2,2.36102023,156.37,2,2.36102023,154.33,2024-10-06,2024-10-14
LTC,Lg9Dyv8kPLdb2KC7CD177xkpdqcBq4W383,2,1.171331,78.07,2,1.171331,78.07,2024-10-14,2024-10-27
LTC,LVQt4CJd22A93Fr8RbSpUy6Rn9FSXzoDqF,1,0.33753418,22.34,1,0.33753418,21.87,2024-10-13,2024-10-14
LTC,Lg2qHCmK7Eb3zUJvASmtTEKJfWxrUTtU3z,1,0.27549981,18.24,1,0.27549981,17.85,2024-10-13,2024-10-14
LTC,LdJxWdmnWCCdAxDfL631jEKeDPYxA4x5pP,1,0.21688099,14.36,1,0.21688099,14.05,2024-10-13,2024-10-14
LTC,LXZyNWCRDAa5nN6zt8fSfUv8ZRDKsH9W4b,6,6.0373552,447.5,6,6.0373552,443.97,2024-10-14,2025-01-22
LTC,LMxeMSjMBH6PWygVdpJu2HnNwBraLQF414,1,0.24326203,15.76,1,0.24326203,15.76,2024-10-14,2024-10-14
LTC,LdgPRotKBNFw9niJtMmkiJ2fjactTC13Tq,5,1.83453014,127.27,5,1.83453014,125.76,2024-10-13,2024-11-06
LTC,LaJJ9SgkKLVmCsKJSGVZKLZAkQocMfgbzv,1,0.64250794,42.53,1,0.64250794,41.63,2024-10-13,2024-10-14
LTC,LZ8Rvg1EaPRyySN1SphoNjxQdRKjUQ3ZHd,2,0.24235331,15.7,2,0.24235331,15.7,2024-10-14,2024-10-14
LTC,La41oPRKvnRFwE79ZJKQxhRZdUfy65kbFb,10,5.47967951,465.86,10,5.47967951,460.29,2024-10-14,2025-04-12
LTC,LTFaaUHkwWTAAHhRdka82nhu79DQMX8HXF,3,0.71812574,47.29,3,0.71812574,46.43,2024-10-09,2024-10-14
LTC,LfUWgWq8L3PL9tVit7dXd6chfMDAHXZuGT,5,6.81403656,495.77,5,6.81403656,502.01,2024-10-13,2024-11-15
LTC,LVzChHdyMeeZGmx9SpJWYrs11v9DixLxfg,1,1.157875,76.64,1,1.157875,75.03,2024-10-13,2024-10-14
LTC,Lg6k4ZN9mBrc4TAKg9FNPULbZbqF1uYBfp,5,1.49679256,110.5,5,1.49679256,110.29,2024-10-09,2025-04-30
LTC,LbJG8KHPKqezVv8KXws1bmk1WTue2H2PYK,4,1.06975794,70.81,4,1.06975794,70.38,2024-10-13,2024-10-14
LTC,LeJyr1nFNejEHTVkiZBZF6Ur8rRv9a1mf3,1,0.35260931,23.34,1,0.35260931,22.85,2024-10-13,2024-10-14
LTC,LUKdzpHqFGWf7QhYqfmP6nWVTEQaFiuSRW,5,1.01994263,82.82,5,1.01994263,85.66,2024-10-13,2024-12-11
LTC,LfUNcjGzVeqE7FXULw5BnxQRBGdyRwMW3o,1,16.07473065,1063.99,1,16.07473065,1041.64,2024-10-13,2024-10-14
LTC,LVPLXSyzx1NzxCFt7YaVXLGagxb32CTqeF,7,3.22478181,302.56,7,3.22478181,303.95,2024-10-14,2025-02-24
LTC,LTLEE8U4sxVSvxTuXV7uL1iuGK96p6pvF6,2,0.28903543,19.21,2,0.28903543,18.96,2024-10-13,2024-10-15
LTC,LRHVEwM4npuEvj4YihHYEWFDP2Jx7f1fPG,1,1.52425051,102.17,1,1.52425051,102.17,2024-10-07,2024-10-07
LTC,LbYfrF3N8k5mDqm6ocQvd32uiaLqoRQcaz,1,1.1499628,77.08,1,1.1499628,77.08,2024-10-07,2024-10-07
LTC,LRLdeuYN7sPZtpm1dPFo8wFDN7Y5KGPept,1,0.50142069,33.61,1,0.50142069,33.61,2024-10-07,2024-10-07
LTC,LPhf3SxznzQaBQDXAxAQG4WdU5Yfmv6ZAw,2,0.34317438,29.38,2,0.34317438,29.38,2024-10-07,2025-02-19
LTC,LWuR3wVGLYn2SJUuqJ9cNDMJM8pqxCUpmp,2,0.88956405,71.21,2,0.88956405,69.29,2024-10-07,2024-11-21
LTC,LToBqMDxjb76dojt3vuLfw9u2mW6kWJdUL,2,0.33689395,22.58,2,0.33689395,22.58,2024-10-07,2024-10-07
LTC,LfHFi36wuqZE2wVGinQAV54G8WVH6WMtbh,4,4.58968219,303.67,4,4.58968219,303.66,2024-10-07,2024-10-13
LTC,Lfeb93Y2Cjq7WneWEbs6kDuUnWgn33bu2k,1,0.25662704,17.2,1,0.25662704,17.2,2024-10-07,2024-10-07
LTC,Lghx96hjLqqW1jwW9zwM4gM6AuD1QAxoF6,1,0.21348476,14.31,1,0.21348476,14.31,2024-10-07,2024-10-07
LTC,LeKwcod8YEWmPVx4NnWrWhD9PxKRZ8Qt5f,1,0.44193843,29.62,1,0.44193843,29.62,2024-10-07,2024-10-07
LTC,LMPGNkppA8taqovquzMbCEBtni91Y5P9zv,1,0.76109293,51.02,1,0.76109293,51.02,2024-10-07,2024-10-07
LTC,LYDoZ7im9aj3ow9dL1U1EeGjwXnhYbBnPj,3,1.63821838,128.81,3,1.63821838,128.34,2024-10-07,2024-12-11
LTC,LUN36zG8AtE54fgD3pdbNbf3xCuFUKUz5Z,1,0.03023077,2.03,1,0.03023077,2.03,2024-10-07,2024-10-07
LTC,LcXCiPTKfctWjv5XP1psfxLdQK5F8i3Ta2,1,0.062,4.16,1,0.062,4.16,2024-10-07,2024-10-07
LTC,LgGTwyMHCFWSQaf1jen5YYYjoaWKSWwSxb,1,0.44454664,29.8,1,0.44454664,29.8,2024-10-07,2024-10-07
LTC,LPJF2KWtNfh7PCoAyFNyf5cdn5yFsXhqzk,1,0.84965004,56.95,1,0.84965004,56.95,2024-10-07,2024-10-07
LTC,La1ZAcjB3DzwWPReSmbiRUG5SrnF3Uyfpm,1,0.33348492,22.35,1,0.33348492,22.35,2024-10-07,2024-10-07
LTC,LKHuH8MA4kALn6j6vbBNBvZEKcS6sdgjLM,3,1.0097,66.16,3,1.0097,65.68,2024-10-07,2024-10-11
LTC,LNSYrPbm9BkGLFX9VvkQj6yxyqupUiFqgR,1,0.41931996,28.11,1,0.41931996,28.11,2024-10-07,2024-10-07
LTC,LfwVd9LMHM5k4YoCeZ4e4UveBKtiwBBcAe,1,0.80792065,54.15,1,0.80792065,54.15,2024-10-07,2024-10-07
LTC,LU7HVo5u2wVzNbBvXwWj31g5RK6NSGPt4t,1,0.46866892,31.41,1,0.46866892,31.41,2024-10-07,2024-10-07
LTC,LVqdPqUjV5TYYX61mFwTkiCr6a4qBaepoe,1,0.38476849,25.79,1,0.38476849,25.79,2024-10-07,2024-10-07
LTC,LYWPZWymevgYkUEuTgJbctDhx6aoBSdh55,8,3.81929502,279.2,8,3.81929502,288.99,2024-10-07,2025-02-11
LTC,LbPhnVv4C4EV7nH1PsMoCRivxHFPojrGxB,2,0.45659301,29.85,2,0.45659301,29.85,2024-10-07,2024-10-10
LTC,LUScuy9GbTeTeRpcWk16EfqHS43QqiBGiX,7,8.00151202,750.24,7,8.00151202,756.57,2024-10-07,2025-02-05
LTC,Ldt757VgyUHUCDMk9qEWhMWgFMtiHVprRK,4,6.0996,399.5,4,6.0996,400.24,2024-10-05,2024-10-10
LTC,Lb6oVGoLvBM6KuMUbhrVCp867c5ShU2cMG,1,1.139759,76.4,1,1.139759,76.4,2024-10-07,2024-10-07
LTC,LRJVhBSqyP1zqJbXe5F9JMTSMi744z2Dsw,1,0.18304197,12.27,1,0.18304197,12.27,2024-10-07,2024-10-07
LTC,Lc4cFTkJR8hYjtJ6TcVkof8FVH6gTpgDQr,6,2.64087153,251.11,6,2.64087153,253.83,2024-10-07,2025-02-09
LTC,LdKVyrSaGmCSxoV3CdETT1HLC6RvwhFe89,7,48.78512486,4312.1,7,48.78512486,4312.1,2024-10-07,2025-02-14
LTC,LX6gbWfGWpBqZLZ2DtCtBkMQNcrepSPdZq,1,0.19100726,12.8,1,0.19100726,12.8,2024-10-07,2024-10-07
LTC,LdTPed37T786oJd8exZ73RariUJAyzZHG9,2,0.50144666,33.4,2,0.50144666,33.4,2024-10-06,2024-10-07
LTC,LS4JWRByoEd1xmWERZXqXsYPUeWi7Q4zZY,2,0.79728973,54.97,2,0.79728973,56.32,2024-10-07,2024-10-18
LTC,LPb1yqHZujbtSrWLdgsbwAehxVpMYfaREY,1,0.03259226,2.18,1,0.03259226,2.18,2024-10-07,2024-10-07
LTC,LS31CKZVV69WfGjr28jQ5HzfpjLVi7vJz6,2,5.25923094,361.84,2,5.25923094,361.84,2024-10-07,2024-10-29
LTC,LfyhJ2tFtvGLMHsqbUArayp3nG13oY6H2P,1,0.1537709,10.31,1,0.1537709,10.31,2024-10-07,2024-10-07
LTC,LL4iHEnq3u1uPb9piN1qQbQp3pm6agSWx3,1,0.27955186,18.74,1,0.27955186,18.74,2024-10-07,2024-10-07
LTC,LddChT89vuzB6pwfS2NkNgM5fUzxmbFmCY,2,1.45682044,122.03,2,1.45682044,122.25,2024-10-07,2025-03-08
LTC,LXdaVEiWE9QcJAc3nFYxiPHDA8Q5GX8G6p,1,0.21996218,14.74,1,0.21996218,14.74,2024-10-07,2024-10-07
LTC,LSNCAWcfyWtuKKFbq5oZbqRDJPMc33tNje,11,7.86402885,681.7,11,7.86402885,688.39,2024-10-07,2025-05-06
LTC,Lg95DWTyawrKFMkLf75NEFPd8656RiVPor,1,0.11015665,7.38,1,0.11015665,7.38,2024-10-07,2024-10-07
LTC,LVGMF7JFa39mHpD6uMa6S1zisY5zvz9ck6,2,0.20472058,19.19,2,0.20472058,18.9,2024-10-07,2024-12-01
LTC,LRh3tBQyPhrewksSmcqFZKtFi3SLNMJKyP,30,40.585591,2965.68,30,40.585591,2952.07,2024-10-06,2025-05-13
LTC,LRKyagAVZdhZMReJK5WSz9oJzX2eYb7R4S,3,0.85622606,66.55,3,0.85622606,66.59,2024-10-07,2024-12-22
LTC,LLBMGfCFEvd1fj3FpmbMWNn3MGn4ueb3Fp,1,0.0594142,3.94,1,0.0594142,3.98,2024-10-06,2024-10-07
LTC,LZcUbgQBsbzktwac78ZWmkCGcgJJu5oHF5,2,0.2934328,19.45,2,0.2934328,19.67,2024-10-06,2024-10-07
LTC,LLDPhzaKHWRWySvhgNLSPXcDvkF5NxnWUB,2,0.26740313,17.73,2,0.26740313,17.92,2024-10-06,2024-10-07
LTC,LT8bMyasRX4Lq9obBwFGvMssU5QF5yJ9nC,8,2.73813935,181.02,8,2.73813935,179.56,2024-10-06,2024-10-10
LTC,LhdKNjapFPuQW599aSBYPXPzwhwYDXkgUq,2,1.446,95.54,2,1.446,96.54,2024-10-06,2024-10-13
LTC,LXSrruoSBvh9pWu82GQ5WrkLYD9jdLjXJC,18,12.86292841,906.36,18,12.86292841,899.23,2024-10-06,2024-12-27
LTC,LZMt1wg9jDVE1mZ4GNFh2gPN9sXvz9oFxt,1,0.25153872,16.68,1,0.25153872,16.86,2024-10-06,2024-10-07
LTC,LaAuwehv4Jax92u4P4xeEL6Rid1nsZspvF,1,2.93222436,194.41,1,2.93222436,196.55,2024-10-06,2024-10-07
LTC,LdC6wW4tZxuYgthbfEuZw4Bv8p6SotGtwV,2,0.26636042,17.54,2,0.26636042,17.84,2024-10-06,2024-10-15
LTC,LY38oheVmfC5K3Yz5jJoBJYvj5hSnTcVEi,1,1.04243049,69.11,1,1.04243049,69.87,2024-10-06,2024-10-07
LTC,LMqNN6Z1VZohSx2rfvWMHX8qdKujAyiQYw,1,1.03626869,68.7,1,1.03626869,69.46,2024-10-06,2024-10-07
LTC,LW6ZR4W66YRYB15BD46be48JtdRALwe2hk,2,0.2229915,17.29,2,0.2229915,17.38,2024-10-06,2024-11-26
LTC,LMjKvJvYzEm81vXWKdqyVULG17N7zSszjZ,2,2.13861653,170.04,2,2.13861653,170.04,2025-04-06,2025-04-10
LTC,LaaWH4pjuzcRiRgnEainnGQ1evAzd1Vb8E,2,4.7396664,392.96,2,4.7396664,392.96,2025-04-04,2025-04-06
LTC,LfZxC4LH895KUB7u8bA6ShkWHqDFUnhDub,3,0.27818712,23.86,3,0.27818712,23.86,2025-03-23,2025-04-06
LTC,LSPpPMcBctzo5zZM9sPGgFGX4E5PbemvhK,1,0.20502381,17.31,1,0.20502381,16.95,2025-04-05,2025-04-06
LTC,LL1QZW9qi6E3ATQBLqgzeMAqhnyc7Jqkcb,7,21.38091894,1813.67,7,21.38091894,1811.43,2025-04-03,2025-05-03
LTC,LhEpRRo6Yc9GFgAE6Na7VcZ6wzKYWoSknY,13,2.53122329,209.04,13,2.53122329,209.08,2025-03-27,2025-05-13
LTC,LdhLMAM2jmBghAMTgh2T2qXsqvqb6dUFg2,1,0.0419,3.46,1,0.0419,3.46,2025-04-06,2025-04-06
LTC,LgKcHW22Tf6dcuxKsqN7aorGSmkwiPnEEz,9,1.22016619,106.92,9,1.22016619,107.08,2025-03-23,2025-04-06
LTC,LYnJNdTaESAKG2cn61gQJHDj5v5jSACfqM,18,11.1864,1098.32,18,11.1864,1095.35,2025-02-19,2025-04-27
LTC,LcZ6Makp5wseTG8QG8bQ39pzi5Hoow3MrT,2,1.00806215,83.35,2,1.00806215,78.85,2025-04-06,2025-04-07
LTC,LWbXfHfh4Pz7egwmDQ2wikbGtwvnaUgEvA,1,0.21301709,17.61,1,0.21301709,17.61,2025-04-06,2025-04-06
LTC,LNfisTmqvpDQ6tAXzdFYCSWkFoqfoGbh4q,3,0.8171427,77.73,3,0.8171427,77.73,2025-01-29,2025-04-06
LTC,LW5e54cTjDbx33hFBQ9FDwCpNRXCSnKNRv,4,0.75139097,63.85,4,0.75139097,63.03,2025-03-31,2025-04-06
LTC,LSeLRBrHEKwVY6RQtu8i2fpH3yceodrsRw,13,16.32225838,1254.04,13,16.32225838,1260.88,2025-04-03,2025-04-13
LTC,Les5WECEc8J6sjHbDK2Awfzw2LSSf4WoJu,1,0.26442303,21.86,1,0.26442303,21.86,2025-04-06,2025-04-06
LTC,LWAtRWd7vAPuL234enLGR4Vk3kzwpr6Qvf,21,68.88576155,6602.05,21,68.88576155,6579.79,2024-12-28,2025-04-07
LTC,LNE35QLEqtN1h8ncHwU6siw16hoZKnhnJE,2,0.37845076,31.95,2,0.37845076,31.29,2025-04-05,2025-04-06
LTC,LWiPs9nLzJmWdGyj8s9Nb9E5b8xd1XKQnf,3,0.62530335,52.78,3,0.62530335,52.4,2025-04-05,2025-04-06
LTC,Lc9mMZh3NSRZBnaTTW3eXDx3tgvWnfJgd6,1,0.1199,9.91,1,0.1199,9.91,2025-04-06,2025-04-06
LTC,LhEraFAFbzWC1MjpGNFSUZY1ufeHcoHk6J,10,2.45898697,198.27,10,2.45898697,194.72,2024-10-20,2025-04-22
LTC,Lfx9DCACe2YkVqBY7r1wVKJ29BYG65QGjH,1,0.68115488,56.32,1,0.68115488,56.32,2025-04-06,2025-04-06
LTC,LQWhhs9BRBTSSJtm9XTGDgCiqWuCXZ9PG1,3,1.17083,95.15,3,1.17083,94.63,2025-04-05,2025-04-13
LTC,LY3XXFB1TaPp3RwctJKim1PHFwApNyPnrR,4,2.30049374,198.73,4,2.30049374,197.58,2025-04-02,2025-05-11
LTC,LRQrb1uDjcxWAFPbepUbyoDKBbprDpSLCz,1,0.11797231,9.96,1,0.11797231,9.75,2025-04-05,2025-04-06
LTC,LPwvnDVTx8ArsP1jnrnVSvysefPa1wU8Hu,1,0.20255143,16.75,1,0.20255143,16.75,2025-04-06,2025-04-06
LTC,LSGPpsoMj18TEXNmGxYXZT8umWaBpYWz97,4,4.12196417,458.06,4,4.12196417,458.06,2025-02-03,2025-04-06
LTC,LZejMRuZnsaEP3SseoX9WSfugXDAY8ThAb,1,0.15912021,13.43,1,0.15912021,13.16,2025-04-05,2025-04-06
LTC,LgdHNK9ir7pndzSZNSmHPFjMvW23zhTJMd,4,4.50826818,357.95,4,4.50826818,357.95,2025-04-02,2025-04-08
LTC,LSTTvS9E6awC214UvpBiCJU3jcUrnzfmSY,11,1.85866514,191.29,11,1.85866514,192.82,2025-02-15,2025-05-11
LTC,LcHBkKosENZ1gjwAdJRN5FVMWs9TqoSpMb,3,2.64595301,206.06,3,2.64595301,207.89,2025-04-05,2025-04-19
LTC,LanGCBmD9mZGu1ZNnRhHY3ZnQG6zQd68vC,1,0.23179198,19.16,1,0.23179198,19.16,2025-04-06,2025-04-06
LTC,LKqLMdHHCUh6qpWSNg26VaiK5JjWWYCasH,2,2.25249132,175.53,2,2.25249132,178.4,2025-04-06,2025-04-12
LTC,LaUT174K2KsqpCZE9d71Z47Z6D5czztpUU,1,0.41748898,34.52,1,0.41748898,34.52,2025-04-06,2025-04-06
LTC,LRaptsFA3Qrgm48ztfNEgwDwHjPhW8GNEx,15,5.37474367,451.85,15,5.37474367,448.87,2025-03-06,2025-04-29
LTC,LhbDAaomb5twuoZiC2bufzauFqvEREtwZX,1,0.15670594,12.96,1,0.15670594,12.96,2025-04-06,2025-04-06
LTC,LaQyHL1kaRkuVj8hzmTdrTCeKFame8TkQ2,4,1.08476335,91.56,4,1.08476335,91.56,2025-03-23,2025-04-08
LTC,LiWpFFjWAQXULKvyK5oqfHE1LCBuybXQBC,1,1.5,126.61,1,1.5,124.02,2025-04-05,2025-04-06
LTC,LKjnbk4CPcSGDXKyjFQD3kzvZeLskpMcQY,39,8.58296522,775.94,39,8.58296522,761.36,2024-10-13,2025-04-21
LTC,LSJcHwnfXh5dMUTT5HY2UeNJvU5aZPZqfR,20,4.55318473,411.86,20,4.55318473,407.06,2025-03-05,2025-04-12
LTC,LWaY7v7VnrZFipmoaAcjQ5fpnPjUfzsrkg,10,0.96755291,90.28,10,0.96755291,90.0,2025-01-13,2025-05-11
LTC,LKrh5gi77NwqL7U4Ztk8NySyS4awRz3tRj,9,13.382381,1217.83,9,13.382381,1216.66,2024-10-18,2025-04-19
LTC,LPSNsuoRaELqfEbdxSZH227JW93ptdpAeX,1,0.19538136,16.15,1,0.19538136,16.15,2025-04-06,2025-04-06
LTC,LecEqhnao9EjWsfVXNFkc6sBfpfQBQXSqC,1,0.74604524,62.97,1,0.74604524,61.68,2025-04-05,2025-04-06
LTC,LPDXZdd8VatkDSfsZhFiFjMwo2Zgo6iUfT,15,2.59002201,272.34,15,2.59002201,272.87,2025-03-02,2025-04-15
LTC,LP6hFoqxaL2UkU6CrbQjHnoax9bAr4Tpao,3,3.1897,281.4,3,3.1897,279.63,2025-03-22,2025-04-02
LTC,Le2yRJLUf4N71zXyBeErAgQnVfyAgzE6GR,1,0.204695,17.63,1,0.204695,17.29,2025-03-31,2025-04-02
LTC,LVNK8GvKPKxPCGW1Y77MRPQnpUxDDb782R,5,0.51235517,44.71,5,0.51235517,44.28,2025-03-25,2025-04-03
LTC,LNn9fYAcLTZPkdeTyGkkzchgdxEdZfrfee,14,1.0535635,92.31,14,1.0535635,91.91,2025-03-25,2025-05-13
LTC,LQvTDF78h2DNG2DhKYSqvbRKWxoj3hHjBe,5,0.95096,104.57,5,0.95096,103.88,2024-12-07,2025-04-02
LTC,LQBZzevahMS27jG53twzpiKnn7D743fDpd,21,16.17882227,1429.85,21,16.17882227,1431.0,2024-10-15,2025-05-13
LTC,LRxmV9ZdhJRkLYRu2NjFUmF7LKyEr3PHGb,1,0.12572786,10.83,1,0.12572786,10.62,2025-03-31,2025-04-02
LTC,LMm2Mu9hLYef7q5dDRAv8RD7iGsBuXacfb,1,0.12711131,10.55,1,0.12711131,10.74,2025-04-01,2025-04-02
LTC,LUfoNebaVZ8em3HKwcUSny6MmGGRoUSDEj,1,0.12527664,10.79,1,0.12527664,10.58,2025-03-31,2025-04-02
LTC,LcarCQRYDgcUcArRRKS3QtWXsGhdEj2z5D,16,10.07242035,1014.59,16,10.07242035,988.01,2024-11-11,2025-04-13
LTC,LiGxRyhrQejmASosQPxtWxiKo8GuPo3iss,3,0.9228756,76.58,3,0.9228756,77.96,2025-04-01,2025-04-02
LTC,LckFoqzyRqbFyP7S6vPW8HG6tfiuEydJY2,2,1.59823811,143.58,2,1.59823811,142.67,2025-03-26,2025-04-02
LTC,LLPG81y7NyPKGkie3vEVEpHv8npbajEUYx,2,0.21998803,18.53,2,0.21998803,18.21,2025-03-31,2025-04-08
LTC,LebiuHTymVftaRdM9mq6yu2LLJj6B2JWek,14,5.71890537,464.42,14,5.71890537,468.75,2025-03-20,2025-04-27
LTC,LZeh3eDt9N9NYoTUgW7ry9yTZGnH1C5JjR,2,1.25306699,98.66,2,1.25306699,100.25,2025-04-01,2025-04-19
LTC,LUazdnieAm1SNDWGyxWBVhEiXQXzUzHrmR,1,0.19305019,16.62,1,0.19305019,16.31,2025-03-31,2025-04-02
LTC,LgzHhDtXXrhk942CU2zfdro57bT7iERzPR,12,2.15759783,204.65,12,2.15759783,204.8,2024-12-03,2025-04-25
LTC,LU4nDGybxNfcFAHFhyjEHZWX4ntxjis53F,2,0.25410233,21.88,2,0.25410233,21.47,2025-03-31,2025-04-02
LTC,LdmnF5PGf8JurptiUTaxL7vqNjL5yDUtjF,1,0.17813469,15.34,1,0.17813469,15.05,2025-03-31,2025-04-02
LTC,LgAH7J6bEjv1W7Qu67BeC51EKNBDn24k6z,1,0.11680878,10.06,1,0.11680878,9.87,2025-03-31,2025-04-02
LTC,LKxuMRTd9ZXGvMzmcgtLoPMn7h1chEiiCK,1,0.12923691,10.72,1,0.12923691,10.92,2025-04-01,2025-04-02
LTC,Lc5ytEqHcmvSacWYUzSunS42SQfvEoeE4J,20,9.42515615,900.51,20,9.42515615,900.43,2024-10-18,2025-05-11
LTC,Ldd5GeCtJHAhZmkSr5jbZW1J6u9CG4KhT3,4,0.8442595,74.99,4,0.8442595,74.34,2025-03-27,2025-04-02
LTC,LUP2J1x1jrCGXMCThoNLfBbr3hfri3YuUx,1,1.5,124.47,1,1.5,126.72,2025-04-01,2025-04-02
LTC,LgFcAGTigz5qJtWx2hCq3rLTpvu4onU5F3,22,11.85351014,1045.11,22,11.85351014,1047.71,2024-10-15,2025-04-21
LTC,LYVjP8quyLx1MATufYJjXUKsUNZXjB6ECb,2,0.92442328,76.18,2,0.92442328,77.03,2025-04-01,2025-04-03
LTC,LUPeX1sAKqgJTYu1ETXXox2LJ6wZoMqg78,1,0.11322646,9.75,1,0.11322646,9.57,2025-03-31,2025-04-02
LTC,LWxT482MbeUaizfTPSG8aqfgLHTf33RAqu,1,0.39011703,33.59,1,0.39011703,32.96,2025-03-31,2025-04-02
LTC,LQamx9q5FJ4ZQ218uYGAQ2TB7MdAwn6XvX,2,0.56094498,49.08,2,0.56094498,49.62,2025-03-27,2025-04-02
LTC,LZSAiDRUHxYc8Kz8cHxikkcUiXKBswxA9f,11,3.51153259,307.96,11,3.51153259,302.34,2024-12-18,2025-04-24
LTC,Lhj6GbHvW4FLsXsjZvb2UNQDxTHkTYSb2L,14,4.19039124,434.87,14,4.19039124,417.33,2024-12-02,2025-04-24
LTC,LPp1DQGtsGeXeP49E2LFDKK7zbrbnVDSEm,1,1.303595,111.41,1,1.303595,110.13,2025-03-30,2025-04-02
LTC,Lhko78GDn8QSNpBzv9Z6b5fFHrHho4B1xx,5,0.572323,47.95,5,0.572323,47.93,2025-04-01,2025-04-05
LTC,LYkyihgbu4rY2Z1wmT3CE8Wxfuq9vKwZuw,3,3.4717055,327.06,3,3.4717055,329.31,2024-12-01,2025-04-02
LTC,LiNFziZstGSFwaHJq2iiZu3eunSRsrKDMB,5,2.9907688,251.1,5,2.9907688,251.04,2025-01-08,2025-04-13
LTC,LKTgimRfGsx1u3FcDhBmGymbYgYuTdBBbD,1,0.61175574,50.76,1,0.61175574,51.68,2025-04-01,2025-04-02
LTC,LSZbPzjTBXxjcaWKR247XJmZqTTT2N5Ztv,1,0.34231119,28.4,1,0.34231119,28.92,2025-04-01,2025-04-02
LTC,LgStBUyZ5ffVN3vyZN9zEDQER7rQFoijSi,4,4.91492226,415.67,4,4.91492226,415.21,2025-03-31,2025-04-02
LTC,LVLiG7TdKryLfctJqqgNRoUHLqD5STVNNn,1,0.17908309,15.42,1,0.17908309,15.13,2025-03-31,2025-04-02
LTC,LcoooMM9NBHuddd6ZadHVMSMxYGyNG9XQP,1,0.11375615,9.8,1,0.11375615,9.61,2025-03-31,2025-04-02
LTC,LTqETqiUerPN4oRjJRuiwYiS9q1Krseihw,6,1.50844583,142.85,6,1.50844583,141.98,2025-01-28,2025-04-27
LTC,LcsBq2XwDdTDSyy3S4gKHZBovaNPuLEnPs,1,0.4572025,39.37,1,0.4572025,38.62,2025-03-31,2025-04-02
LTC,LV3J1WKHZxd7bvbFrgipgLcUjotw1UwXGX,1,0.0359,3.09,1,0.0359,3.03,2025-03-31,2025-04-02
LTC,LTBC9xmWKqYMFB7rndacLFB92e26TGhxxv,1,0.27760671,23.04,1,0.27760671,23.45,2025-04-01,2025-04-02
LTC,LVCHQaiEAFN99pNuKtopmRv8ioHt7TMV5q,6,0.71163612,72.9,6,0.71163612,72.71,2024-12-06,2025-04-03
LTC,LLocUBWihCNqPUsW3dRVzPwuf1vdQmAMNV,17,13.89439,1061.44,17,13.89439,1060.92,2024-10-06,2025-04-24
LTC,LNkiP9BoDxNvEQ247bkoDPEvSRASrBE4oy,9,4.3539136,399.46,9,4.3539136,392.1,2025-03-10,2025-05-08
LTC,LNHvVg5J7y3GKJofXiLb9bDBTtYaqFp1YB,5,1.41196402,117.54,5,1.41196402,118.61,2025-04-01,2025-04-13
LTC,LQnWmgBQQ5opQD2RGD3gz6wAYwaGLBTKCj,1,0.14675075,12.64,1,0.14675075,12.4,2025-03-31,2025-04-02
LTC,LPyxrphYg8GmowteosRDNc6z5vAMTxsrHK,3,2.57579377,206.59,3,2.57579377,204.8,2025-03-31,2025-04-15
LTC,LN28pApVEdcqPNwchs9cnsHTTrGeuJPcry,1,0.28486762,23.64,1,0.28486762,24.07,2025-04-01,2025-04-02
LTC,LS1jY1tJFJ7eez7Qap7Mea9bHKqKXkL9ng,1,0.15366537,12.75,1,0.15366537,12.98,2025-04-01,2025-04-02
LTC,LVE1CF2pugDDZFyXaVFMNZLKBxGWDi2gpp,1,0.1525527,13.14,1,0.1525527,12.89,2025-03-31,2025-04-02
LTC,LRXpp71FK5eAPCHRQ25kjVsTtTAkhZsW5c,9,3.35535949,284.77,9,3.35535949,284.1,2025-03-18,2025-05-08
LTC,LPNezAURod5vTsgBX45XzTvkkJjGdPgovX,2,1.01663338,100.81,2,1.01663338,100.09,2025-02-03,2025-04-02
LTC,LSEj7TrthQbQSHE5rmhsvzJKXBvkzjx2FH,3,2.00353848,156.04,3,2.00353848,157.25,2025-03-30,2025-04-19
LTC,LMoPbZZTXAQ9cVkyXVnM48hXsLZYpSv4Ps,4,3.06902411,298.74,4,3.06902411,300.91,2025-01-09,2025-04-02
LTC,LhhGwFupKieDDyxoDESot6XjsCtrGS1m5n,5,4.00464854,323.07,5,4.00464854,324.99,2025-04-01,2025-05-05
LTC,LgwHqi98RFkY8woGgimJkVdV42tbsAsN5B,1,0.1,8.3,1,0.1,8.45,2025-04-01,2025-04-02
LTC,LXW7Jqyc6iCNcczx7P2N6eoQmmEvkhwrKx,1,0.18479879,15.33,1,0.18479879,15.61,2025-04-01,2025-04-02
LTC,LVvu8YkHZupTBburM6bFzpV6D1gLMZzSDi,21,3.58701614,376.57,21,3.58701614,376.6,2024-11-01,2025-04-02
LTC,LYwvyEMsz7rBNapLsUzgqMkdi2vrfYxtpZ,2,0.53987108,41.36,2,0.53987108,43.05,2025-03-31,2025-04-10
LTC,LfS73U1ZcbFifccT3C4XFUKyfRJeksTjaR,18,16.2135529,1347.24,18,16.2135529,1342.55,2025-03-12,2025-05-03
LTC,LXFqG2zQ1Dd6ggn4pTZ1tZZ8o8vm7GQd6Z,22,4.07968863,365.68,22,4.07968863,366.34,2024-12-04,2025-04-19
LTC,LeyxGxNjds1PFDVX9755KLTAMXAk3T1NbE,22,6.12538124,584.38,22,6.12538124,581.14,2024-12-10,2025-05-13
LTC,LRxkByNm6AD8rMSeupzzJ5yqd5s1UtCCfU,2,0.60498165,51.11,2,0.60498165,51.11,2025-04-02,2025-04-02
LTC,Ld1TasrHo3wwPcLyjCVN4HjH98huk1RWb2,7,2.26377389,200.92,7,2.26377389,199.71,2025-03-25,2025-04-04
LTC,LY9qgX1pPmKsrMGGYmgHijq5wCBaiCCFvB,1,0.72447763,60.12,1,0.72447763,61.2,2025-04-01,2025-04-02
LTC,LaCc7qS3xLtddnp6FPmt7rad2CJfBzE1Qg,26,19.47003432,1570.9,26,19.47003432,1575.3,2025-03-11,2025-05-06
LTC,Lcrk7bt6wGwDdz9L5ULLwmGchrN7QeTEm3,1,0.31351946,27.0,1,0.31351946,26.49,2025-03-31,2025-04-02
LTC,LNtvhZgF9hXkP1xSQbz9dRA3uqt2KjycEv,2,1.5126185,128.92,2,1.5126185,128.92,2025-03-30,2025-04-02
LTC,LMKi1XviCKetfzGspNBSnetx6owTbzhNuV,1,1.173725,101.07,1,1.173725,99.16,2025-03-31,2025-04-02
LTC,LeZwpPNH4ZBjQ5uLkiAeAwTatncmYiLXaE,1,0.06004563,5.17,1,0.06004563,5.07,2025-03-31,2025-04-02
LTC,LQdUzinKpVboL15W45UyTDxorq6FrfDsAM,1,0.3588479,30.9,1,0.3588479,30.32,2025-03-31,2025-04-02
LTC,LWwJbGP5nC4UL6t5MqR5JRKxu3EtxEmAtw,5,1.0703024,83.66,5,1.0703024,84.07,2025-04-01,2025-04-25
LTC,LSpMnKp18yEpjGLMWVuSe8MEtxDTzNtQQF,1,0.08141515,7.01,1,0.08141515,6.88,2025-03-31,2025-04-02
LTC,LMbqdFrgq62Z27oodWBBi8N7iqUtYG7miR,1,0.2525145,23.43,1,0.2525145,23.43,2025-03-28,2025-03-28
LTC,LPF9kjhZ3n9e5AbWGev5kePQSgcyxAmr9j,4,2.754073,233.5,4,2.754073,232.85,2025-03-26,2025-04-19
LTC,LajZ2wvQnPHYEwjgKb6sEQ7tbAgjZdj7oR,8,5.76639185,519.48,8,5.76639185,507.76,2025-03-24,2025-03-30
LTC,LdfFSW4QVXTct9vXb7k99pm1rNJCGBBf7z,26,3.51592836,298.72,26,3.51592836,300.27,2025-03-03,2025-04-29
LTC,LQZLa1zPvWf1uBYiWQT9hzLcXe9suhZV1H,12,8.08530012,612.85,12,8.08530012,613.82,2024-10-11,2025-04-10
LTC,LffMvF82xr7vhVZQH2rg4GcQdP9szHDiQp,5,1.3634676,120.81,5,1.3634676,120.04,2025-03-13,2025-03-30
LTC,LfHFbAnqhRjwjzCjscN3Zvpq7VEkew3z7x,1,0.1899,17.55,1,0.1899,17.62,2025-03-27,2025-03-28
LTC,LMpHvaxxQRtUwmz9PaTY7un1oCAzwFrZRs,1,0.34327255,31.73,1,0.34327255,31.85,2025-03-27,2025-03-28
LTC,LhEif3YUuGai7ZmE5tPEcymVNPgQSso2Md,1,0.15601268,14.48,1,0.15601268,14.48,2025-03-28,2025-03-28
LTC,LcAB5JBfxMVTJqdH8vPJDLq3ujrMzJDXGu,10,8.68517774,823.44,10,8.68517774,826.47,2024-10-12,2025-03-28
LTC,LKrz9jEbKiyyEjhqXanSLSFo3bK3x62hA7,19,4.49868715,433.74,19,4.49868715,438.14,2024-12-23,2025-05-13
LTC,LXUNXvxVzQ3e5Df6zXbc4ZQenLGV28a1z4,8,15.94387251,1268.88,8,15.94387251,1251.31,2024-10-12,2025-03-28
LTC,LKVci4eqNQdsjpnLf63UjSP8YWorxwmfP7,1,0.53386401,49.34,1,0.53386401,49.54,2025-03-27,2025-03-28
LTC,LdgWZQKTQgaJcv3JgHk56kPBaUVME4oqAJ,2,0.61513532,57.01,2,0.61513532,57.08,2025-03-27,2025-03-28
LTC,LTg6dB7sSKzMeKCSY7rPfALPL88CyiU31v,1,0.26306094,24.41,1,0.26306094,24.41,2025-03-28,2025-03-28
LTC,LVMpcae2pgDL3dFyH6A7MqrYoCnkoPyeF5,11,1.86709102,196.08,11,1.86709102,190.84,2024-12-26,2025-04-30
LTC,LeMeDnZoAQSr1Y3noahV1eLuDpPsAnJnvo,1,0.15050241,13.91,1,0.15050241,13.97,2025-03-27,2025-03-28
LTC,LM4dNEpKLjD8fLoRH9NRobcbwsks3u5KEb,1,0.07789874,7.23,1,0.07789874,7.23,2025-03-28,2025-03-28
LTC,LdhhBos2AXafiabdJW3agaEvFNRG6GL6gg,1,0.51174037,47.3,1,0.51174037,47.48,2025-03-27,2025-03-28
LTC,LKpGNFZhaiRwCoDRry51RDchNHfYLSr4Tb,1,0.04633529,4.28,1,0.04633529,4.3,2025-03-27,2025-03-28
LTC,LgZR2czT8j8PVno8DH8AR83sRpMhwKNVfD,2,1.53457376,142.3,2,1.53457376,142.39,2025-03-27,2025-03-28
LTC,LUayWN3d2vwFEwzput49XpzJ6JKuD2NJ7c,21,2.51860674,232.13,21,2.51860674,227.5,2025-02-23,2025-04-19
LTC,LSmJVs1uXyPwwHLX2NQ2guaEM7Hj1cgJJo,1,0.265466,24.63,1,0.265466,24.63,2025-03-28,2025-03-28
LTC,LKwWCPBaC86TJFx5iKqmtYKvtuNQ9HgMZt,3,1.64599434,144.64,3,1.64599434,142.83,2025-03-26,2025-04-16
LTC,LVeaTwAc2xo8gqjeeC2c4zBY7id5g8b1h4,2,1.2265541,103.97,2,1.2265541,104.13,2025-03-28,2025-04-08
LTC,LRbeBuvrwXtX1ZwnW2aqUzVwyVMWrrbtXi,32,14.89756506,1357.07,32,14.89756506,1352.39,2024-10-11,2025-04-22
LTC,LUgAgMVgLpPEEgkkQoZmvcmQgQNFvFcxga,1,0.02620302,2.43,1,0.02620302,2.43,2025-03-28,2025-03-28
LTC,LYXTmk7M7BepTdkEHaZAUuX8FvPLXBWCVp,1,0.12738581,11.77,1,0.12738581,11.82,2025-03-27,2025-03-28
LTC,LX2Ta47TQnFANuMUS48b3udmb3tv3tKz4G,5,0.60914224,56.46,5,0.60914224,56.79,2025-02-13,2025-04-21
LTC,LLt9WFXnPHH1kLnruFZVe1gJ3DWyuodQMD,1,0.176,16.33,1,0.176,16.33,2025-03-28,2025-03-28
LTC,LUJdNzmtL62QN5qjej7tdBtv9gEkFjTuhm,6,2.83356383,210.7,6,2.83356383,212.05,2025-03-28,2025-04-16
LTC,LdSwy9an34HgK17Cv6FZJYuuLSvZRD4RB1,1,0.1289,11.96,1,0.1289,11.96,2025-03-28,2025-03-28
LTC,LTM43rDfpcr5FWfL9TbLVWetKhCrZAeSmp,2,0.3742887,34.2,2,0.3742887,34.27,2025-03-12,2025-03-28
LTC,LaRwqknjPLHkYLjdKaEWMCdK6VQV6bexbE,1,0.15490718,14.32,1,0.15490718,14.37,2025-03-27,2025-03-28
LTC,LawvEXY1j9QejL25FbidSm473UvMUYEGRU,18,5.66082169,576.47,18,5.66082169,577.66,2025-02-07,2025-04-25
LTC,LUcfkTK3Z8qVRtDKxqvugDPL8RGd3c6xTT,1,0.176,16.33,1,0.176,16.33,2025-03-28,2025-03-28
LTC,LWL52TNpZDJnTLp6h3Pw8Yf99rT2FLpLDW,3,0.94513136,83.93,3,0.94513136,84.24,2025-03-27,2025-04-05
LTC,LQ2x5ovD2CzEBzYj1h7tmS9JEMiDsS9xg6,1,0.15828829,14.63,1,0.15828829,14.69,2025-03-27,2025-03-28
LTC,LMb1Tefg2ec4BCG6GY6FPB4Y1R8Yyt6o9S,1,0.21349947,19.73,1,0.21349947,19.81,2025-03-27,2025-03-28
LTC,LcTQdhC61V5FHLY97Q8xfjdfG25BfYf7Gw,12,1.88794426,188.55,12,1.88794426,190.16,2025-01-15,2025-04-13
LTC,LXZAPHtME3SRMWWwNeWuYeTt9ae35PK5Ho,4,2.33148511,231.43,4,2.33148511,228.94,2025-03-04,2025-03-28
LTC,LWseS6keyF7NpPTGjmTQgRY6bJ8z1LwKFa,3,0.78265372,71.59,3,0.78265372,71.79,2024-11-19,2025-03-28
LTC,LehNgqd5vh8vQ5p4P9scSKSSQDnNfpzR8i,1,0.05890073,5.44,1,0.05890073,5.47,2025-03-27,2025-03-28
LTC,LRZHYtY5rqWNtUEAtutsAcpp2S9EQTLcdx,1,1.260638,116.97,1,1.260638,116.97,2025-03-28,2025-03-28
LTC,LRwgNhgWQkbtwp3mwVEHQ8Mb5HT5miMVUf,5,1.38359646,105.92,5,1.38359646,110.57,2025-03-27,2025-04-21
LTC,Lfhgh7HtrGVSyDu4jTq51MMka9pThAzGBm,2,1.31165903,119.91,2,1.31165903,119.81,2025-03-27,2025-03-30
LTC,LfuVyHPL6KeTjp3sduV5dTxStsrxV5g4wA,1,0.12442535,11.55,1,0.12442535,11.55,2025-03-28,2025-03-28
LTC,LM1US2nmVDAiuxD3zvJELBPyBRFmMykze4,4,0.75974902,67.08,4,0.75974902,66.74,2025-03-28,2025-05-08
LTC,LbmYVWs9KgDamZa8Per1khcykFLxPubPbF,1,0.22827085,21.18,1,0.22827085,21.18,2025-03-28,2025-03-28
LTC,LWzyQPB7vVi4WM2UyoAMbRQ2gFM8uYSz9X,1,0.11910055,11.01,1,0.11910055,11.05,2025-03-27,2025-03-28
LTC,LKH7cq9sPxuH1W1ehMmMDY94TtbZ7QY2EP,1,0.681269,63.21,1,0.681269,63.21,2025-03-28,2025-03-28
LTC,LTtxecLdUCcHbvCVYGYhyubweTxqMmExJU,1,0.22506499,20.26,1,0.22506499,21.0,2025-03-19,2025-03-21
LTC,LWJtUcYvr8NX4wgjHeogCdgMKCzQermb6k,6,5.64087376,592.31,6,5.64087376,592.87,2025-03-04,2025-03-25
LTC,LLsyADUWrypyEwoqPqqTmSuumy5gqBzLjH,5,0.550895,51.1,5,0.550895,51.19,2025-03-18,2025-03-21
LTC,LbiR3TufBQpzV163BcyC8ty8ivn76Qy85a,4,2.04900808,188.96,4,2.04900808,186.32,2025-03-15,2025-03-24
LTC,LUwfEKmYCr5o5j3Me38hgu8Sb8JaapsqEr,4,1.56480008,133.33,4,1.56480008,133.45,2025-03-20,2025-04-19
LTC,Lc8N5jvBXwyHSxbV9kJxrYXgt8dyWPG5vk,1,0.0629791,5.93,1,0.0629791,5.88,2025-03-20,2025-03-21
LTC,LVBB6dFqUbeVG1zL6Mr8wQAwqDWYaivybK,11,3.29409553,303.68,11,3.29409553,307.72,2024-10-17,2025-03-21
LTC,LgNdjX2zxVqnEioj2dLvBjqYw9QRDeas7s,3,0.72685442,71.92,3,0.72685442,72.92,2024-11-26,2025-03-21
LTC,LWgqoYtAyfsaQv91N52johB9mK72cYNNMH,5,1.89172235,175.31,5,1.89172235,174.28,2025-03-18,2025-03-21
LTC,LXr9x7gZfB58WhsvLDfhHfR7z76mSmJpb2,1,0.40642723,38.24,1,0.40642723,37.92,2025-03-20,2025-03-21
LTC,LcuZMS3rbJZFJGZFieFYrfee75qagUK1ee,4,0.718907,67.58,4,0.718907,67.12,2025-03-20,2025-03-27
LTC,LTQxZubSL6e6v6hWbz5tChaLfB2oe7dbDX,2,1.31163923,120.86,2,1.31163923,120.38,2025-03-21,2025-03-30
LTC,LQsPV2JbBZ62mFKkT9HVUfM1DWVPiBjhWJ,1,0.99,93.15,1,0.99,92.36,2025-03-20,2025-03-21
LTC,LN79XsRrkcJkAwxfJhYKCbQE8BrUnKrhbj,3,0.39164037,36.76,3,0.39164037,36.54,2025-03-20,2025-03-21
LTC,LVVmEWJYhnom5Rz7SvsKLwMgcjU8fUPhwL,2,0.18759139,17.5,2,0.18759139,17.5,2025-03-21,2025-03-21
LTC,LhHQym2aEfzEUbry1aTojkCQeykG12g7eU,1,0.43977153,41.03,1,0.43977153,41.03,2025-03-21,2025-03-21
LTC,LZp5r74YSfRcnwjvPxMVYzCSav8pXphVDQ,11,2.20948032,232.93,11,2.20948032,229.46,2025-02-05,2025-03-25
LTC,LLGPM8AYR8xLTzxdps6yFA8YSgeQguvhN5,1,0.3567156,33.28,1,0.3567156,33.28,2025-03-21,2025-03-21
LTC,LeesVNt23yiFGBw4YUi7ZVSW66tchPpdE3,3,0.6017,74.3,3,0.6017,74.45,2024-12-08,2025-03-21
LTC,LSgDx5dAPEu6tFacBaZkjkLeSZx3KyYzvk,2,0.21624511,20.35,2,0.21624511,20.17,2025-03-20,2025-03-21
LTC,LRRZX8h4zJa4ZrD36TPVaMCQC8roh6sETM,1,0.2531716,23.62,1,0.2531716,23.62,2025-03-21,2025-03-21
LTC,LVTtBgwRDHXH6dMCbHWmXWh5wJnx46NKmp,16,9.8659285,778.95,16,9.8659285,788.24,2025-03-19,2025-05-08
LTC,LVDoRnVQdGsLqmocGJsrgpJrtsmf548nSB,1,0.1199,11.19,1,0.1199,11.19,2025-03-21,2025-03-21
LTC,LMZpbvheDsoz1UTL8k8kawaBg66y5i5Swt,1,0.29099435,27.15,1,0.29099435,27.15,2025-03-21,2025-03-21
LTC,LRVBhsfmRrRsyNhzeU9pfbBozxGmHgx1vZ,1,1.0863,102.21,1,1.0863,101.34,2025-03-20,2025-03-21
LTC,LSrMvmaPnxRHKAVeM9eaV8t1GZzFWu6Bkb,1,0.12592533,11.75,1,0.12592533,11.75,2025-03-21,2025-03-21
LTC,LVqNRtYoRyVNCVqA8NJvMDjV8fpWqPBqhe,1,0.14796824,13.92,1,0.14796824,13.8,2025-03-20,2025-03-21
LTC,LW1C3qG1Fr4233s1utq29J8EcVqcYMk8Hc,1,0.31638379,29.52,1,0.31638379,29.52,2025-03-21,2025-03-21
LTC,LZA7q76Lk8VWewXYqWgyEHpLyyXKfURVfz,1,0.18330419,17.25,1,0.18330419,17.1,2025-03-20,2025-03-21
LTC,LNSD1nqRFiwZYjuzJrmbw8UH5YUsn1dL5B,5,1.63064776,169.89,5,1.63064776,164.53,2025-01-07,2025-03-21
LTC,LbnSdz5jnG9A97Avd4GDDDh9z3Cys8NsGJ,1,0.31662703,29.54,1,0.31662703,29.54,2025-03-21,2025-03-21
LTC,LZHoSkhnkk9M35DKKuHczU2a4hTwtPpdex,22,12.34030849,1189.0,22,12.34030849,1186.61,2024-10-17,2025-04-02
LTC,LRREomwkRanCApGHZyLCmMbjNok1kCpKVe,1,0.02250559,2.12,1,0.02250559,2.1,2025-03-20,2025-03-21
LTC,LNusrKJVqFmT6s5e4Jk8hSppz6Qb4LFjJq,5,0.38020509,39.57,5,0.38020509,39.57,2025-03-03,2025-03-21
LTC,LdfRfPAzTZXBYDAh8wNw9vWZnJhNSMqvY9,1,0.5362622,50.03,1,0.5362622,50.03,2025-03-21,2025-03-21
LTC,LMLpsVoZAQo2WLxSubxRuobbnuJsS23Td3,4,0.45846345,39.35,4,0.45846345,39.26,2025-03-20,2025-04-22
LTC,LeTbzMAJSmP8zBCYAnToZ4pR2ajyvSNokn,3,0.7725297,70.95,3,0.7725297,71.05,2025-03-18,2025-03-27
LTC,LNnHJj7xtfdV2n51TRgus38yiULaGuX1QL,1,0.7204259,67.21,1,0.7204259,67.21,2025-03-21,2025-03-21
LTC,LNV64B8xZyy3DsSXgcrxwZqpayD5C4F2fC,1,0.15901502,14.96,1,0.15901502,14.83,2025-03-20,2025-03-21
LTC,LKwwSu9Vs7Nq4ygNv27b6PaGf7hHj2DqcT,19,2.836684,281.3,19,2.836684,278.78,2025-02-21,2025-05-04
LTC,LaWpgVHBotduHz8jvn9Hrfv9b7xyx2aDhP,1,0.3259,30.66,1,0.3259,30.4,2025-03-20,2025-03-21
LTC,LMnEzhDQVhCZwh4cAsVcNmKPowN5p6uo3L,1,0.43836202,41.25,1,0.43836202,40.89,2025-03-20,2025-03-21
LTC,LYE6dWfnyu1jtGEh1mJiEPMYkz1tnTnEVd,1,1.1901025,111.02,1,1.1901025,111.02,2025-03-21,2025-03-21
LTC,LVodteExVG8XHuRP7R58FMqqULYCQcseG7,1,0.71867344,67.62,1,0.71867344,67.05,2025-03-20,2025-03-21
LTC,LPSPSo4NK6ygK8Fb9NjzcK2BVMVXXV7aNL,1,0.10878295,10.24,1,0.10878295,10.15,2025-03-20,2025-03-21
LTC,LRgTK37JSH2uhA1gXnXWzP8BnxYgt1ZFB7,6,2.15248004,208.81,6,2.15248004,211.89,2025-02-20,2025-05-10
LTC,LfoYeyckdp372i6WzXB76nSSUhDWuu5y4a,1,0.48569141,45.31,1,0.48569141,45.31,2025-03-21,2025-03-21
LTC,LRAqQ7BbnnJdqJo3WMus4EQKUQw9dUn291,5,1.73442101,156.87,5,1.73442101,156.87,2025-03-21,2025-04-25
LTC,LN5z6jotj6FBxJKEqCaNmqN7d9AQjF9mxm,4,1.62503218,131.45,4,1.62503218,132.23,2025-03-20,2025-05-05
LTC,LQoe2e2b19yRsLxcrcLnrtnHS1RQSATbhB,1,0.5114,46.04,1,0.5114,47.71,2025-03-19,2025-03-21
LTC,LR3k62XV5bHshBA8UauWEsHmmecBcWHNNT,1,0.63225402,59.49,1,0.63225402,58.98,2025-03-20,2025-03-21
LTC,LQgmC54tb5knvB47cc3VPVZYkLn6tBUVBs,4,2.24400612,214.39,4,2.24400612,214.68,2024-10-16,2025-04-30
LTC,LPkdts25nTKTaofE2HRq6AR4U3oBRieNG5,1,0.44917399,42.26,1,0.44917399,41.9,2025-03-20,2025-03-21
LTC,LcSZKYxg6GbJKtyDPDUVq4czDYsv94rvPT,3,0.84301718,72.28,3,0.84301718,72.01,2025-03-21,2025-04-27
LTC,Lf32b1gq9FXPgChAT9D7zW6YmkvEKBBLok,4,0.21416896,19.42,4,0.21416896,19.42,2025-03-19,2025-03-21
LTC,LT6CUwCskKVD83jdQ2rLMhqJa37EwT4GP9,7,1.80615778,155.72,7,1.80615778,157.49,2025-03-20,2025-05-02
LTC,LgK4d4Kg2eMknuRBqXyTrzU8cdHpF2BYKq,8,3.9974,417.01,8,3.9974,410.49,2025-02-06,2025-04-29
LTC,LWFmKYDTMXSG7PRRV2C7Wxp2wiMHu4VpZc,1,0.096474,9.0,1,0.096474,9.0,2025-03-21,2025-03-21
LTC,LQqqJDxSgDuQ3RwWCdpZXW8H7wuk8FTahv,5,4.60722205,459.8,5,4.60722205,463.8,2024-12-23,2024-12-24
LTC,LQsNSuqgfz2RceUomf3NJ1UeRHNhC7juir,6,6.28852225,622.55,6,6.28852225,628.57,2024-11-22,2025-02-16
LTC,LgF6T6YbdeHFo7JSBwPBvf7kDPYAACS7nX,1,0.1999,19.95,1,0.1999,19.95,2024-12-23,2024-12-23
LTC,LWTHb9ozhsjgGJJKWTEyvDNVQtuiwkzB6y,1,0.30827766,31.31,1,0.30827766,30.77,2024-12-22,2024-12-23
LTC,LbZjgr61bqu3R3YRW9fsFrdhuBYvYDLHA6,5,0.69289106,70.39,5,0.69289106,67.78,2024-12-22,2025-05-08
LTC,LcBdACsnMn9Tsx2arV7XyrkAdrNhL4f2L7,5,1.78481186,158.52,5,1.78481186,156.63,2024-10-22,2024-12-23
LTC,LgBUM6ZiP2iThQe8v33JNvP3yXbFgAoPsv,2,0.29463408,29.4,2,0.29463408,30.41,2024-12-23,2024-12-24
LTC,LQ9UZUq1sTUdJfD2jf4ccJckh6aZ8njonT,1,0.19462551,19.42,1,0.19462551,19.42,2024-12-23,2024-12-23
LTC,LRmCiQwD3z4oByoHjQiJVK4p16sJnqLZqj,2,0.18276359,19.68,2,0.18276359,19.68,2024-12-13,2024-12-23
LTC,LbYxivNPc1UhGLWDsaXm9TW1MDFZMsjwKo,1,0.396401,39.56,1,0.396401,39.56,2024-12-23,2024-12-23
LTC,LQfdRcLmfsuL3m2RQzt6BJNHHkeHnNro1q,5,1.18807744,126.47,5,1.18807744,126.39,2024-12-14,2025-01-13
LTC,LX6KdW6qe5gNeJnHDENSoGQNjTdbFiu9E2,15,5.82464631,582.55,15,5.82464631,578.6,2024-10-29,2025-01-18
LTC,LToZtLcpdcS84Ct1nxoWPFdidm3HXmavxR,2,0.3473672,34.83,2,0.3473672,34.83,2024-12-23,2024-12-28
LTC,LPvwRweDB1gVjxi3DqCkCqNoJ44SqcLXoY,12,6.5864723,672.42,12,6.5864723,669.79,2024-12-06,2025-05-13
LTC,LTd1tY4mrJVkFHYUZXcjjoEVDjFWS11f8G,2,0.70782273,74.15,2,0.70782273,75.01,2024-12-22,2024-12-26
LTC,Les27NLwBNPEr2XCJ3d1qWLQGGRH41djzm,1,0.26907258,27.33,1,0.26907258,26.85,2024-12-22,2024-12-23
LTC,LYXnSeUFkjpgjSLGfsc3pqZQSRrhr9397U,2,1.4158985,146.14,2,1.4158985,142.48,2024-12-23,2024-12-27
LTC,LeVq1VpRf3vAH5td1gJQzQhbit23511Edq,1,0.46686422,47.42,1,0.46686422,46.59,2024-12-22,2024-12-23
LTC,LYYAZPGv2deMN4qFhc3dsQ5TxY8i1favv7,1,0.39566509,40.19,1,0.39566509,39.49,2024-12-22,2024-12-23
LTC,LUo2CYDbUmzPapfDpgprtCTHU9LjRuefz2,4,1.27058226,128.24,4,1.27058226,128.65,2024-12-20,2024-12-23
LTC,LSjKThjhgmCih53KdmfbK7bXyk5mHogi7L,4,4.08899945,451.8,4,4.08899945,419.68,2024-12-18,2024-12-27
LTC,LcXP2w7jLnVJbDXoxRShzAQmsapih672Ej,1,0.11976048,12.16,1,0.11976048,11.95,2024-12-22,2024-12-23
LTC,LiNgBD8YFm3mzjoLTgkqU73x2NZDnoFap7,3,2.56471618,260.21,3,2.56471618,258.47,2024-12-21,2024-12-23
LTC,LWanod4MPxkeX1xtTCTnmPNWmcDCNB5EVC,1,0.09751733,9.73,1,0.09751733,9.73,2024-12-23,2024-12-23
LTC,LRt8UBHcUR1byvPVoMjRayVsW8aG7CNg9Q,1,0.42890732,53.87,1,0.42890732,46.46,2024-12-18,2024-12-19
LTC,LQ2dXxZB42uTUb5UsuN2ZZbNECssNzDCGL,2,1.1372647,134.2,2,1.1372647,125.23,2024-12-17,2024-12-19
LTC,LM7fb2zzxcfYWzTnxN17ra1cmg3wYPhvjN,13,8.01465703,880.3,13,8.01465703,850.54,2024-12-12,2024-12-21
LTC,LiTW6ihUT9TJM21LuZYrTKVHrG3z9dsEQU,3,2.35751516,291.19,3,2.35751516,255.37,2024-12-17,2024-12-19
LTC,LNHrgZz2hybykGtM44pEbNeXLdiN74rm8C,1,0.08549555,10.74,1,0.08549555,9.26,2024-12-18,2024-12-19
LTC,LVJcYZ5N8AcmZ2BDgGz32v3VWVtE6LzYi9,1,1.66921335,209.65,1,1.66921335,180.81,2024-12-18,2024-12-19
LTC,LU7H548JEvxLV4HZc7tvTUmM9KHFURay2a,2,1.67587749,193.78,2,1.67587749,182.24,2024-12-11,2024-12-19
LTC,LhxeJsaxRNqTAUBrwEn4daSSkpgBjnqpWA,45,6.46554319,730.07,45,6.46554319,729.2,2024-11-22,2024-12-19
LTC,LWXCUUWBo2mEbZhc3gsr76SdMsH6mhc3sB,13,10.2028606,1136.53,13,10.2028606,1125.34,2024-12-13,2025-01-20
LTC,LReDDxvALL7Zqc6shV7zqQgyKT6v7qWUDE,9,7.30236804,673.26,9,7.30236804,674.68,2024-11-09,2025-05-02
LTC,LWfFu2SzHPDCfgCUEBKTUawvSGTxrqHejE,1,0.4599391,49.82,1,0.4599391,49.82,2024-12-19,2024-12-19
LTC,LiSm3k19qR8FgXt528g7PotXyLj4L3EKHM,1,0.14284491,16.86,1,0.14284491,15.47,2024-12-17,2024-12-19
LTC,LXwVPC4Ho4MrizvRf6mwCnns3E8pQYzcuQ,2,5.82669649,635.51,2,5.82669649,608.3,2024-12-17,2025-01-13
LTC,LgunpQfHWsu8rkZ3k3ezn1Z54nmUgmrTbo,2,0.25152549,29.68,2,0.25152549,27.25,2024-12-17,2024-12-19
LTC,LQaRArEdLqZxd2Cd88FEFcyLAVAHNyPWsj,5,1.47327857,125.17,5,1.47327857,119.5,2024-10-09,2025-01-08
LTC,LZTKXBSNgHehX5Du1XiQbVnEHAwSvdJzse,10,1.278625,134.1,10,1.278625,128.66,2024-12-18,2025-03-19
LTC,LULB4toszydAUGsdjfJKPxmWYLvNgJcZhL,1,0.32303224,34.99,1,0.32303224,34.99,2024-12-19,2024-12-19
LTC,Lazk7XPofAgLSYu3fxZRFxXqHMNVRXRw9X,1,0.1579,18.63,1,0.1579,17.1,2024-12-17,2024-12-19
LTC,LN3ets82nATjhn8i18jbfMTAQMjMHfoDQS,1,0.18706961,22.07,1,0.18706961,20.26,2024-12-17,2024-12-19
LTC,Ld7Ev71rSmDyctoTVFL1nosBcsc9wmmzpx,1,0.1199,15.06,1,0.1199,12.99,2024-12-18,2024-12-19
LTC,Lh6uoWp4oqrFPa2CDg546D7QEQtxvzQ7iV,3,2.51622434,309.72,3,2.51622434,299.53,2024-12-13,2024-12-19
LTC,LghseDKH1Pk5cuhCYhuu6HVMHzowAqh74Z,1,0.19734828,24.79,1,0.19734828,21.38,2024-12-18,2024-12-19
LTC,LXDmfyZCAzegYyrWM1dJmLvTNTuj6imRGs,3,0.75078798,90.05,3,0.75078798,83.09,2024-12-14,2024-12-24
LTC,LTY2PhaK8gcHtkzyPtE5a84ZPXBgT33uaM,2,1.9037775,216.19,2,1.9037775,190.01,2024-11-02,2024-12-19
LTC,LVXbNYxpyvGDbZzrM2xAphCUrbScdFjVMv,2,2.09823638,245.23,2,2.09823638,227.28,2024-12-18,2024-12-19
LTC,Li8iptP9EV4G7GJRkxhGXM1USiZpP4FjAn,1,0.21991,27.62,1,0.21991,23.82,2024-12-18,2024-12-19
LTC,LPaoR7kkGhnGE1QABN9nQahiyHyg746sMs,1,0.12661009,14.94,1,0.12661009,13.71,2024-12-17,2024-12-19
LTC,LcrzR8DqqycYNfdAMncJrz7GDhrjCLzaiP,4,1.0041934,109.09,4,1.0041934,107.43,2024-12-17,2025-03-22
LTC,Lawd5sgjxRbHJw9XtVur7JhCMCS6ysqNpN,1,0.47532604,59.7,1,0.47532604,51.49,2024-12-18,2024-12-19
LTC,LUgxSfdZCiEwMEFS6SGPnnnKpZzp41o436,9,15.26149634,1678.16,9,15.26149634,1630.97,2024-12-10,2025-05-03
LTC,LS4b2ZpSKyEtk84t6TSdFsSbnAqJthK8Dn,2,0.13680206,17.06,2,0.13680206,14.82,2024-12-17,2024-12-19
LTC,LaVpb4yfBU8wFRvSgpNGQVoEy2PtvXDxeT,1,0.78347894,92.45,1,0.78347894,84.87,2024-12-17,2024-12-19
LTC,LPU92nhKhXPmP5aJcgutLPR7Ub6NjJkR1o,1,0.21452782,26.94,1,0.21452782,23.24,2024-12-18,2024-12-19
LTC,LbdPiLXWgeXGCxkCn4DETvw4Rrsj6uaRbA,1,0.45967615,49.79,1,0.45967615,49.79,2024-12-19,2024-12-19
LTC,LMm29DrfSYF6BBCoFnrNKGW7aejmtBLyF9,1,0.15083971,16.34,1,0.15083971,16.34,2024-12-19,2024-12-19
LTC,LLPaYbipN3NmBLkUJLY5Y3CuvNecoo2eck,8,0.58520242,66.3,8,0.58520242,64.04,2024-12-06,2025-05-11
LTC,LPoUr9rVgtQtswxX3YeSSMzvtQ7mdoZ33s,2,0.36836051,43.33,2,0.36836051,39.12,2024-12-18,2024-12-21
LTC,LMt6oyU2L1Z1AEsduLAMfafFJtcCiLsXKt,1,0.27678,29.98,1,0.27678,29.98,2024-12-19,2024-12-19
LTC,LKNPCn41Mc1UTBRasNLkFYp4TtAoarckUh,3,3.42230501,370.7,3,3.42230501,354.2,2024-12-19,2024-12-21
LTC,Lbh5J9rrWqn1XJDpsTtk85ukbGUx2hqgZq,3,1.71111379,152.53,3,1.71111379,144.48,2024-10-09,2024-12-21
LTC,LYdPV3T9sxXVAr6AcTosdSyRnWa2s7cBzX,1,0.08502218,10.68,1,0.08502218,9.21,2024-12-18,2024-12-19
LTC,LWPw5UiNTevHi5Bc4XRpgkVQqEwMuogiMy,2,0.20825,24.57,2,0.20825,22.56,2024-12-17,2024-12-19
LTC,LSMMZ2FEbFaM9fW8aDeb3X6hMmQP2dkxut,34,6.86057073,687.64,34,6.86057073,697.14,2024-10-06,2025-03-17
LTC,LcnBdcYPeXMz6Nj7icXVF8gXDCUqDuCfHz,1,1.04030742,130.66,1,1.04030742,112.69,2024-12-18,2024-12-19
LTC,LL5TNQbH9KUNSe4e6rFr56JB5yXWLZu3tH,2,0.32219209,37.22,2,0.32219209,35.16,2024-12-18,2024-12-26
LTC,LarMgKJpqB7QRnysny41JogpcnPmauwtEK,1,0.12101672,15.2,1,0.12101672,13.11,2024-12-18,2024-12-19
LTC,LWHsNHrb3LRbe4n1Gb9UBTTAPXvv7KGhKH,5,2.68870713,302.63,5,2.68870713,280.62,2024-10-28,2024-12-19
LTC,LUztRj6HxuMkRJRi47ae3bYdFoVgbUhwrg,1,0.21668,27.22,1,0.21668,23.47,2024-12-18,2024-12-19
LTC,LhaBo9xEezCufi8d6oCuKsfnSuwb3FimRd,1,0.1567286,19.69,1,0.1567286,16.98,2024-12-18,2024-12-19
LTC,LcaDtYdgyDuVEpW8MMJDhZtrY9Fyh4rbJ4,7,4.83721591,388.2,7,4.83721591,388.57,2024-10-28,2024-12-19
LTC,LMLEGWD1wZHYjbgksp6uzDscSFSRu9mfei,2,0.55,68.0,2,0.55,60.95,2024-12-17,2024-12-19
LTC,LcRiUN6VKCkj2finyNnyS7j8RnvVmHLoMi,1,0.21389251,25.24,1,0.21389251,23.17,2024-12-17,2024-12-19
LTC,LVem1D2EZrLWbrPLfrnDGyoSvWjWeWNvn2,2,0.30829435,31.85,2,0.30829435,31.51,2024-11-30,2024-12-22
LTC,LLnxsGdQSB43FEUMTsphktYTR5iANBnjB6,4,2.120477,204.86,4,2.120477,225.43,2024-11-22,2024-12-02
LTC,LdkQPGBfjuH1a8RnX4mkqzu63cgku5zWr3,1,0.24290861,25.45,1,0.24290861,24.96,2024-11-30,2024-12-01
LTC,Lf2qvND6t2PE75VpY5DfUMX25RLLuFceWo,1,0.25421979,24.29,1,0.25421979,26.12,2024-11-29,2024-12-01
LTC,LaCVteX8LH86doUrBAbRN9iCjBUZLjDjLD,9,0.9269628,94.0,9,0.9269628,103.03,2024-10-27,2025-01-18
LTC,LLUr48JG4pDpCQzzpgfDo7Kj5wWckhJs1e,8,3.61316107,369.96,8,3.61316107,390.01,2024-10-18,2025-03-08
LTC,LiVfurVmJhKEjcgdrRyVDMiVcw8Zsk3dD4,1,0.19522491,20.45,1,0.19522491,20.06,2024-11-30,2024-12-01
LTC,LTCGTVF7Rj6oK2865SCdzvA592Hbm9HaeC,23,4.35751154,326.21,23,4.35751154,329.24,2024-10-22,2024-12-01
LTC,LVHEGffbHUfYynTqLq9EDahY9csTuJvbvQ,2,0.98804857,101.73,2,0.98804857,101.52,2024-11-29,2024-12-01
LTC,LNXWwhc8nZvpeF5RiHpbBjitpNiT3kyd1q,1,0.14167545,14.84,1,0.14167545,14.56,2024-11-30,2024-12-01
LTC,LZy8cUZesXCF4HbncFHg11bmDWxgyExXTy,9,1.7766722,143.26,9,1.7766722,138.32,2024-10-25,2024-12-14
LTC,LTiQv2sQug2ZFeRX84Wsw8NnU2BwtVEArh,2,0.81647564,83.89,2,0.81647564,93.74,2024-12-01,2024-12-02
LTC,LdLewwZyfZWSwgUL9xTZcnePQErZBLHFKq,15,18.5088066,1872.0,15,18.5088066,1925.73,2024-11-19,2024-12-21
LTC,Lg1tX9ZPc1yfMiicq6eUxdaTFgx9YfQnDa,3,2.28894581,239.79,3,2.28894581,235.19,2024-11-30,2024-12-01
LTC,LSpu9zi58aTztZxfYaJDQZmR3wwt3DiV2Q,6,1.51319258,116.86,6,1.51319258,119.05,2024-10-10,2024-12-01
LTC,LSrYgcuWs3SebZWzRkoUboffZK9HYYDUKB,12,3.929975,390.36,12,3.929975,389.39,2024-10-22,2025-04-24
LTC,LKV2K1S37HACG49yNwGotWP9xJmrLG1PJr,2,1.111778,100.06,2,1.111778,100.7,2024-11-22,2024-12-01
LTC,LgTuzwtvw3Ty2kC4qTepAeSXJpH1jX7K5H,1,0.26917229,28.2,1,0.26917229,27.66,2024-11-30,2024-12-01
LTC,LT3x9wjf8UfJ7Y8AAS6Fc7w7NXSWeaHfqX,4,2.5015603,257.04,4,2.5015603,257.04,2024-12-01,2024-12-01
LTC,LYrFdLMbWpbqkwpHkSR2PK2Zi5St1fCQbx,1,0.67786384,71.01,1,0.67786384,69.65,2024-11-30,2024-12-01
LTC,LbqRa11UEtbvK3GPFN75paYBuPtsiK7D6C,2,0.74804723,79.82,2,0.74804723,79.82,2024-11-30,2024-12-03
LTC,LRta1Y3o5eUHoTQif4XCdUpnnijtNUz7qL,2,0.34783285,32.39,2,0.34783285,33.23,2024-11-21,2024-12-01
LTC,LYtrhKEJ9dzgre35p5Qu9CqsRgBj4jKDS6,6,0.91906507,85.13,6,0.91906507,86.11,2024-10-20,2024-12-07
LTC,LefRjKoASpF7oV548D3UJEueQnTHACAb3j,1,0.57464707,59.04,1,0.57464707,59.04,2024-12-01,2024-12-01
LTC,LfjXB2y4cKtNJcj7r2WEZRFaBSF5Nj5RjH,11,2.43766864,235.26,11,2.43766864,249.02,2024-11-22,2024-12-09
LTC,LVGTyd4raYZV7gEF2a6nxqP7FKPuEoVur5,1,0.09182302,9.62,1,0.09182302,9.43,2024-11-30,2024-12-01
LTC,LNw8RFkaoP9s2ZamcDyBYzJTd5x4vfNRi3,7,1.6843,191.07,7,1.6843,193.29,2024-11-29,2025-03-19
LTC,LeBtzGTZmY5Dgboj2LRzoq6aZGBDTosYuM,1,0.9063656,94.95,1,0.9063656,93.13,2024-11-30,2024-12-01
LTC,LMzBaB5ZGri1ZHtjtAM3kHEuhU2S34rGcj,1,0.15033826,14.36,1,0.15033826,15.45,2024-11-29,2024-12-01
LTC,LWSquhAkJpEceJG9WReUqycK9DsKCPbCCP,6,2.19914,174.98,6,2.19914,176.92,2024-10-29,2024-12-05
LTC,LbS1Rak6QpC8zfqsmUwzasMXziQYwzWW7Y,13,2.59322447,270.63,13,2.59322447,275.36,2024-10-26,2025-05-10
LTC,LLhT8VFCmdGUenn2dVj4bNKk7pv3pbx4F1,2,0.41789682,38.43,2,0.41789682,37.91,2024-10-16,2024-12-01
LTC,La8jLQAYaRXpW7CmFowwfZ1gn83YLps148,6,3.65820067,371.45,6,3.65820067,376.91,2024-11-25,2024-12-04
LTC,LadfGcS1G2tXAs9utcNro1TEsXkdxXyTX2,6,0.93165467,88.49,6,0.93165467,88.83,2024-11-20,2024-12-22
LTC,LdBMaY9Lpb8sUVJWHU9ntgnoC1HuqkH1a2,1,0.6068288,57.98,1,0.6068288,62.35,2024-11-29,2024-12-01
LTC,LPK2Q2RXnqRkknvJVxMuhdg8PW4BNkxbbM,5,2.63315787,227.75,5,2.63315787,223.76,2024-10-20,2024-12-07
LTC,Lgkj2yK13kt1U3dC6ULTPS5w7unZQdHoxA,19,1.95325215,184.28,19,1.95325215,184.79,2024-10-26,2025-01-17
LTC,LTQUHWL7YJ81b1B6g5AJSeBLcxEnsHm7NW,1,0.0954,9.99,1,0.0954,9.8,2024-11-30,2024-12-01
LTC,LVrtp2N2Ej1APsKgHWZ9t9vE4nV69xNYdh,20,6.80574925,717.68,20,6.80574925,725.89,2024-11-22,2025-01-01
LTC,LZQtb3sQND7pMhrSEwSGvHWfvJ1R6wL42G,1,0.499,47.67,1,0.499,51.27,2024-11-29,2024-12-01
LTC,LNtGVsJXP86aUAwznzDNZvxovMDJKGgeUK,1,0.14485452,13.84,1,0.14485452,14.88,2024-11-29,2024-12-01
LTC,LiS3QAaxc7LP3kL7anbwANXCubchCQq5Cy,2,0.34562119,33.62,2,0.34562119,32.94,2024-11-30,2025-03-30
LTC,LbMZnKH6tBeAFijAWbf1UBBvmUqq765tH5,1,0.5743043,60.16,1,0.5743043,59.01,2024-11-30,2024-12-01
LTC,LaCRUuyWBWbSZUBox2LLCpLEhwjyewqa3f,3,0.96436678,96.87,3,0.96436678,102.49,2024-11-26,2024-12-03
LTC,LdoiHiz7yWDjchSsCTVj2LKHowwrWBkGfK,2,0.2598,27.05,2,0.2598,27.85,2024-11-29,2024-12-10
LTC,LRwewYLdG9VB7YaTCtWazbxqt5YnWQyBAg,1,0.30389378,31.84,1,0.30389378,31.23,2024-11-30,2024-12-01
LTC,LZ9YEPA6QbGH7Xr5Z7pBJbasXtKG51B6RB,1,0.00964227,0.92,1,0.00964227,0.99,2024-11-29,2024-12-01
LTC,LWRqWDap9WUJhWc4sgKCmoHiM71QKLj4nf,1,0.95118419,90.88,1,0.95118419,97.73,2024-11-29,2024-12-01
LTC,LbLDsT5r2ncWt8g3KPuQX2sx4DXzC54URG,12,8.58093807,962.83,12,8.58093807,960.8,2024-11-30,2024-12-28
LTC,LcTgkMTJEKoSFsLjBS2sF6WA7E2mRBYVhR,1,0.28780042,27.5,1,0.28780042,29.57,2024-11-29,2024-12-01
LTC,LSzcDoFoYSoGga79TdTvNnLXQ8hmdGNvRa,4,0.70620833,67.97,4,0.70620833,67.46,2024-11-21,2024-12-24
LTC,LMode9rYLJbUPvakYkHpGhfFRfaK3BPCh7,4,3.78044893,301.99,4,3.78044893,308.23,2024-11-08,2024-12-01
LTC,LX1252PwaDrYhPoqPiNTBXKrUpL598r3dS,11,1.62950426,169.92,11,1.62950426,176.88,2024-11-27,2025-01-18
LTC,LPc7MGDDVBqmj6iK6vLCuUFeknYeRHB8NC,1,0.14460742,15.15,1,0.14460742,14.86,2024-11-30,2024-12-01
LTC,LL627v9nRNUn9uyqXYcdaeuLZJtZ68xF4D,5,0.58621938,56.68,5,0.58621938,57.11,2024-11-28,2024-12-01
LTC,LbMQhBpUDUbFuZPTDnJV4KYHDnNZCXdCr5,3,1.36751482,132.83,3,1.36751482,136.13,2024-11-15,2025-02-03
LTC,LbGuQjjyb4RA7ryR5rKhdaQfPNEbT7pTew,1,0.25144054,26.34,1,0.25144054,25.84,2024-11-30,2024-12-01
LTC,LcQGGwpGRgByHuoBN6if8b7K3KXAJRbtoW,1,0.32358978,28.05,1,0.32358978,26.99,2024-11-20,2024-11-21
LTC,LWeVd1MKaDdTSPAyBWf5iqgTiamLHm3VUV,8,5.08543373,472.54,8,5.08543373,447.57,2024-10-25,2025-03-11
LTC,LXxPPqt5UTyR9KmGs96L3ohBxKFheRCWNu,1,0.24833428,21.52,1,0.24833428,20.71,2024-11-20,2024-11-21
LTC,LV7vDFNmrmzhKwFNaNKeVj1YsdS5G4T1Vj,1,1.0999,91.74,1,1.0999,91.74,2024-11-21,2024-11-21
LTC,LPtbNykQQJpbmsMJ7pqdaAGwhcjBp2oyh3,2,1.26575983,109.7,2,1.26575983,105.58,2024-11-20,2024-11-21
LTC,LWvJxCf55ouB6UAn983v2rXeG5FSpPam1E,2,0.85611077,66.93,2,0.85611077,66.93,2024-11-10,2024-11-21
LTC,LVd6cy46qTAQsixSrUCMSUeSYrjoibdyzb,3,2.09475616,188.45,3,2.09475616,188.45,2024-11-21,2024-11-25
LTC,Lf1QSanyfaWxSQjzYtQTbSaYTrzHUiFgvJ,1,0.21293116,18.45,1,0.21293116,17.76,2024-11-20,2024-11-21
LTC,Lc3UUTUpW5SBvsKVGoqnmgdRFUYMAA7Zza,11,4.02852283,415.86,11,4.02852283,418.38,2024-10-23,2025-02-20
LTC,LQrWnz598n4JWFSLkvyVbgqvWhKXCMqcXJ,2,2.04637278,170.69,2,2.04637278,170.69,2024-11-21,2024-11-21
LTC,LahLWgNVHUv9g9fHpjmDJ8JguH63uzK7FX,11,2.15010543,208.11,11,2.15010543,212.53,2024-11-15,2024-12-14
LTC,Lgao7yi756RdML2AuyRKMYyo2yupELQzLT,3,0.46102248,39.41,3,0.46102248,39.41,2024-11-19,2024-11-21
LTC,LiCgfXaw4fWHrBDCxeuFANErnLcSWFhdTE,1,1.10540229,92.2,1,1.10540229,92.2,2024-11-21,2024-11-21
LTC,LWgfj7Ek3FLipB9W4WUdiuKE18PieebrEp,1,0.1817732,15.16,1,0.1817732,15.16,2024-11-21,2024-11-21
LTC,LM2k99BaFr2TRra8vFBFEiszvtjtYHqdjf,5,3.39957702,265.5,5,3.39957702,263.54,2024-10-25,2024-12-29
LTC,LKVJCmr82TMZyNiyMtkbsDyWK3QJ2aDvzZ,3,0.690811,62.52,3,0.690811,62.52,2024-11-21,2024-11-28
LTC,LVt3uH6cBtEfUMRYhoBa1vyUyJUu84zdMA,1,0.26936577,22.47,1,0.26936577,22.47,2024-11-21,2024-11-21
LTC,LQYjFSnhoFdCp2HWKcS2ETJArL9LJ7RCSM,5,4.26220408,357.02,5,4.26220408,358.32,2024-11-14,2024-11-21
LTC,LfXSYt89yJnoZvDpbdcSqAV5hGGuiBy1f7,5,1.199724,106.13,5,1.199724,104.31,2024-11-19,2024-11-21
LTC,LeSF9sWUNLN3t1BJu4VKsUG4QxJG4XpNda,1,0.74061067,64.19,1,0.74061067,61.77,2024-11-20,2024-11-21
LTC,LhrA7LRVkzSn41TR1Q2kysSWEJjMKPBpvD,1,0.00647115,0.56,1,0.00647115,0.54,2024-11-20,2024-11-21
LTC,LiZ7gyJ9UiH7m3cNZvj3ewJEW8n4VBqoGq,1,0.21637991,18.75,1,0.21637991,18.05,2024-11-20,2024-11-21
LTC,LZhadeYQVmvY2VHHc251Goqidh5gyPen4T,2,1.05117393,91.11,2,1.05117393,89.58,2024-11-20,2024-11-21
LTC,Le3pKHgqsx15AN3g9fuBP7Aa1nSYpkbkXh,1,0.28180922,18.43,1,0.28180922,20.01,2024-11-06,2024-11-07
LTC,LM3cbAsmX7AnJPqLcQRME98fVfPQWeAGf9,3,3.39650693,241.15,3,3.39650693,242.39,2024-11-07,2024-11-08
LTC,LgmExuh17Xqigkh7rods8cZjyLiwB7bGVL,1,0.54532265,38.72,1,0.54532265,38.72,2024-11-07,2024-11-07
LTC,LV87xSx7cUavmbadRQoFAv6ixqUX1RiZCL,1,0.45629299,32.4,1,0.45629299,32.4,2024-11-07,2024-11-07
LTC,LXiYJAfKS95HXEbn6mhWGGUnLREFY3Fgks,1,0.45465605,32.28,1,0.45465605,32.28,2024-11-07,2024-11-07
LTC,LL67f2a7bvtw3nfK1yRWfqJQ3CczG7dSyF,1,0.23154423,15.14,1,0.23154423,16.44,2024-11-06,2024-11-07
LTC,LhTBQjjyR4KHJ3SDrM4uALMnXvtCqVtjQB,1,1.54273494,100.89,1,1.54273494,109.53,2024-11-06,2024-11-07
LTC,LZDHMSriHJs3Wa1Eo1DTqXVwYYyQ82Urtv,5,0.88084028,58.98,5,0.88084028,60.31,2024-10-27,2024-11-07
LTC,LckLapYxpZ9AZbK4JRLn6VDurbJg5effYL,22,3.5341,301.82,22,3.5341,300.24,2024-10-15,2025-04-10
LTC,LWhb9kFNr4zePo2axoZYPv2jcZS3dYqETw,2,0.79273115,66.54,2,0.79273115,66.54,2024-11-07,2024-11-25
LTC,LYBBnQeMYyE344YU133qMXXAGwaQExzRk5,2,1.80283784,137.93,2,1.80283784,142.82,2024-11-07,2024-11-22
LTC,LZFX9g5nQYv38gbSwTJjmujnYUqg89gcxj,6,5.15940348,413.11,6,5.15940348,425.28,2024-10-15,2024-12-21
LTC,LRBXoRtyqyuHd5XFzVc7ZvkozWdzAUY5UA,8,13.38969569,1045.43,8,13.38969569,1047.42,2024-10-10,2025-01-12
LTC,LXUJpkMMGEyNPZk2b41srxou7E4mDz9Q1c,7,9.71361186,747.32,7,9.71361186,748.24,2024-11-07,2024-11-23
LTC,LMFqnRGgtzr1xBu9e235dgbVgscdhhKZr5,5,8.70564961,595.84,5,8.70564961,608.02,2024-11-04,2024-11-14
LTC,LNVszmtUNBjiQMZ6DpkRurrgndW6xghLU6,18,4.04883,317.66,18,4.04883,319.92,2024-10-22,2025-05-03
LTC,Lfy7FQ1GavEahKcjvBewdfp8dJeEeEGvfK,24,16.49293836,1177.93,24,16.49293836,1186.58,2024-10-16,2024-11-28
LTC,LZ5RNBDUey3yAe1CPQNMyF1YWnqHVchQNE,1,0.28559055,20.28,1,0.28559055,20.28,2024-11-07,2024-11-07
LTC,LiKsvqHzVYymHryn1gTDTyiu8RKoDq7qq4,1,0.2168476,14.18,1,0.2168476,15.4,2024-11-06,2024-11-07
LTC,LbpNvje59kpxxowCAATVgo5EPRt6zYMtVF,4,0.92434923,64.98,4,0.92434923,64.98,2024-10-15,2024-11-13
LTC,LgbW9qWWmoGHWguKviQtcLQsdfGDVDFq7F,3,3.05723948,214.88,3,3.05723948,213.71,2024-10-24,2024-11-09
LTC,LWEHUS9dGquNYTT4a1wHf8RUmrYdZ1m2Wj,2,1.53575977,105.13,2,1.53575977,109.04,2024-11-06,2024-11-07
LTC,LYN2eXAZMST1YW1En2ouCM2iXm3c9Cn7Me,49,65.98551636,4632.42,49,65.98551636,4620.65,2024-10-16,2024-11-10
LTC,LKwBw8MkxS3B7YotF9rDdLTBzCPFk6BwE5,8,5.16293249,442.33,8,5.16293249,451.59,2024-10-29,2025-01-09
LTC,LTjL2JRE8ytvTmr58bjW5CzpXDih3xiZMN,8,4.942511,346.25,8,4.942511,346.86,2024-11-01,2024-11-09
LTC,LYdtoCQr3qF99X7nszq2XJvQi8rRdEJYGx,3,2.25697825,174.47,3,2.25697825,174.86,2024-10-18,2025-01-22
LTC,LP58E4xLdiKWUkkWJt17fL8UHk3SRayF19,3,1.4197,129.59,3,1.4197,126.94,2024-11-07,2025-03-19
LTC,LTGLtjLTu1gf1WeGKsCEmW3WsbAtocFKA3,2,0.46808027,35.77,2,0.46808027,35.77,2024-11-07,2024-11-11
LTC,LiWzrnHhoYCXkwZvBNdxL4ag5h68hqcuSs,1,1.25120233,81.83,1,1.25120233,88.84,2024-11-06,2024-11-07
LTC,LSDsSerZGZjnk1XzMFfmZSVf8uXaogRiE6,1,0.23777378,15.55,1,0.23777378,16.88,2024-11-06,2024-11-07
LTC,LXawoe54mvUED4zTiT7R6XDAsEiLr4YUyw,5,1.00746914,70.52,5,1.00746914,71.56,2024-10-26,2024-11-15
LTC,LRq6M5T9JNh26syyXhKhdfPUBjWR5fC242,1,0.39981038,26.15,1,0.39981038,26.15,2024-11-06,2024-11-06
LTC,LeCmMSTyYZDMrjvpnYbLMDVGBdAbFpi3pe,1,0.7598,49.81,1,0.7598,49.69,2024-11-05,2024-11-06
LTC,LV8VeNYyZa8LRrcWehHxCpKJ2f2gCTSPAu,2,1.39517476,92.22,2,1.39517476,91.35,2024-11-04,2024-11-06
LTC,Lc6pBPRF4nX4cyh9rjhnN3zToLkLUvKftK,4,2.501096,212.21,4,2.501096,216.32,2024-11-06,2024-11-28
LTC,LYTWqiHtTyrr63xzpFKqJEMQDSzFGgJtoW,2,0.67044094,43.85,2,0.67044094,43.85,2024-11-06,2024-11-06
LTC,LNLU8Qxmp2m8omPbL2yABcuKXnJpUpwGUi,2,1.91395458,125.17,2,1.91395458,125.17,2024-11-06,2024-11-06
LTC,LUoBmsEMrMb12qWRiLyveiT5TZCvWso4FW,1,0.42433281,27.75,1,0.42433281,27.75,2024-11-06,2024-11-06
LTC,LQHfPVtmXjo61N8RMFjhfiZUePHDkzpnJf,2,1.43184246,97.35,2,1.43184246,97.35,2024-11-06,2025-04-07
LTC,LQWxebbCGajTcZmrb9zeXgjJuob7SLAcWh,2,0.59864081,63.12,2,0.59864081,64.15,2024-11-06,2024-12-05
LTC,Lc5taXqh8FuJeAbwQcCj6VM6GctCGjyfUH,1,0.36969435,24.24,1,0.36969435,24.18,2024-11-05,2024-11-06
LTC,LXrRsP3mK7joSkoYjz4UBDs7u7szFJfESD,1,0.331,21.7,1,0.331,21.65,2024-11-05,2024-11-06
LTC,LXM9P6ChURZskhJDLUmTphHfpUDZ7YAJWo,1,0.3049185,19.94,1,0.3049185,19.94,2024-11-06,2024-11-06
LTC,Lg9SMqgY6RQhNYbAMhVtgKpPVWAvB9iiiq,4,1.67410756,124.08,4,1.67410756,124.65,2024-11-05,2024-11-19
LTC,LT6yRCbJgeE4XXCneqjDr7UWjeKU9sn54C,10,3.40932573,267.69,10,3.40932573,264.85,2024-10-19,2024-12-05
LTC,Lam9cUUe7zqRExSJFiJBLRYGHtYEK3YMTD,2,1.84964816,126.33,2,1.84964816,126.33,2024-11-02,2024-11-06
LTC,LarBxnn1xiKoJv38spzkR3t1VcEZGS2sRY,1,0.41389047,27.07,1,0.41389047,27.07,2024-11-06,2024-11-06
LTC,LSW9wL1VWv22SoVQCuSaMq9JcFGrezU4bs,1,0.27023868,17.72,1,0.27023868,17.67,2024-11-05,2024-11-06
LTC,LfoCtEF8oRdCjbwggQvdebgYqfMTGtJ7yy,1,1.94013386,126.88,1,1.94013386,126.88,2024-11-06,2024-11-06
LTC,LdCpunCSdTFvYCNrjVSUsP5Dj86T2NGP5V,1,0.2804,18.34,1,0.2804,18.34,2024-11-06,2024-11-06
LTC,LY59SoqNiGhbVmUNNTmp3boJnnfrL1n4vo,1,1.09690883,71.74,1,1.09690883,71.74,2024-11-06,2024-11-06
LTC,LZB5TrxNJKz925v9MJbCcEZQf2qiigZHHY,1,0.16552431,10.85,1,0.16552431,10.83,2024-11-05,2024-11-06
LTC,LZCPDVqQusJ9iHtKUa1TGjaV4LBH2twuAx,3,0.56438114,47.25,3,0.56438114,46.91,2024-11-06,2024-11-29
LTC,LiM3EXtvZn3wyAaBuTPH2KXnKrTPr5i2aB,2,0.51738036,38.51,2,0.51738036,38.51,2024-11-06,2025-01-02
LTC,LVVVjMFCdytJLu6VLXwAJ4VWTKMEGvjTMN,2,0.29033502,19.03,2,0.29033502,19.03,2024-11-05,2024-11-05
LTC,LaSEdnvgd5fxfCtgbS5mZw89vwz7FmQ6iW,13,2.76473391,250.53,13,2.76473391,245.62,2024-11-04,2025-02-22
LTC,LRSuss9MUjjqMcRe8VBgrZPYzvo1cSCNUo,2,2.88453022,194.64,2,2.88453022,194.64,2024-10-22,2024-11-05
LTC,LZU4qQqdMgNoHHnz3CDJFF1akCU5aV5pzD,1,0.15235774,9.99,1,0.15235774,9.99,2024-11-05,2024-11-05
LTC,LW5DrQV5iY8jmak99fJRf7rby5qY5HZJjt,1,0.48971298,32.11,1,0.48971298,32.11,2024-11-05,2024-11-05
LTC,Li4cYnrsZcyzfT9TD6Af9MCfXtm7mA885p,2,0.99395988,65.16,2,0.99395988,65.16,2024-11-05,2024-11-05
LTC,LcGaXhNh2koia5muNzjby28bkfZRMywDiB,4,0.67832329,46.24,4,0.67832329,46.01,2024-10-28,2024-11-05
LTC,LhgkPf9XQjpYjqW2pwmMQLcuusq8dJG2D1,3,1.77695958,116.5,3,1.77695958,116.5,2024-11-05,2024-11-05
LTC,LUFg7ckQ9JCnzVEudcdGng4ohHHrKqM1wF,2,3.71936919,282.96,2,3.71936919,280.85,2024-11-05,2024-11-29
LTC,LTcAVp4xx1YzuFn7UP5uc6ww4TmWKseDg9,16,3.97038648,290.23,16,3.97038648,288.47,2024-10-15,2024-12-04
LTC,LWHccQt5QUuKGzsMFvrJ2QaTTemALFdXcC,1,0.21600125,14.16,1,0.21600125,14.16,2024-11-05,2024-11-05
LTC,LLFrN5aaT5xF7Vy5v9rVsJaN4QjULmhn25,2,0.359,24.18,2,0.359,24.18,2024-11-03,2024-11-05
LTC,LZoUJ4FgQcV1K29NzofGKQ4ad1bWeaS6Ra,1,0.7091331,46.49,1,0.7091331,46.49,2024-11-05,2024-11-05
LTC,LcJmLL6C1acgehRknk1jwNLAXfpUzW9e1G,6,2.58074243,198.28,6,2.58074243,202.35,2024-11-05,2024-11-25
LTC,LggSJBfigCk4ZsKTfsqfva9XNv8mGhvVbk,3,3.5216735,236.06,3,3.5216735,236.06,2024-11-03,2024-11-05
LTC,LQwUx9B97P8m1ButjNPwX8o1bE8DhusQrc,1,1.50375213,100.53,1,1.50375213,98.59,2024-11-04,2024-11-05
LTC,LfRJRSXiKqVzQRi3jipMoDLiCJuq9GM3hN,3,0.99733365,68.14,3,0.99733365,68.5,2024-10-29,2024-11-05
LTC,LdiJbeaG4sTAe9KPHPRsdyaDnNtp7dvpen,4,6.82926668,473.21,4,6.82926668,471.06,2024-10-31,2024-11-05
LTC,LMQMpBFaEjrZKTz9gzm7qbs5WGyv9xW97z,1,3.51585909,235.04,1,3.51585909,230.5,2024-11-04,2024-11-05
LTC,LL23BSz9WHojsxruBsjkTnXpZnWjg28mpV,5,2.92123934,204.15,5,2.92123934,205.67,2024-10-15,2024-11-05
LTC,LXgj2Lok8cq3eL6Gj443ER16CWFwS6H2tp,2,1.04674639,75.43,2,1.04674639,75.43,2024-10-30,2024-11-05
LTC,LbWPbUYRgMA5wEnU1RF2bxmSxwwfbn7mqR,5,1.54423183,104.57,5,1.54423183,104.57,2024-10-15,2024-11-09
LTC,LcqUwzmACdrDM6TzfzWTzywdPQECmBjVMM,1,0.19547084,12.82,1,0.19547084,12.82,2024-11-05,2024-11-05
LTC,LXrdFbggRXtv7RvbK5ssZegdfikXwYogYt,1,1.0,65.56,1,1.0,65.56,2024-11-05,2024-11-05
LTC,LMf1Wc4Rj3AJWuKLbagTubZh5SHLv3DsFs,1,0.40584646,26.61,1,0.40584646,26.61,2024-11-05,2024-11-05
LTC,LNNCwzXoKcXDew84f7Pp4Hc8g58tpVF42S,2,2.7102,187.9,2,2.7102,190.45,2024-11-01,2024-11-02
LTC,LUuhYA1GcbnY1JHK8tEZ4uvxM8afvDEqzx,6,10.08550063,701.95,6,10.08550063,701.95,2024-11-01,2024-11-04
LTC,Li6ABpTvTPNEN2jwvNweXSVPYu7XBpSJtj,1,0.68088618,47.21,1,0.68088618,47.85,2024-11-01,2024-11-02
LTC,LMhYT1ff37q15jE1NMfXxYb1o7AiSJNLhQ,2,2.16170305,155.12,2,2.16170305,151.9,2024-10-31,2024-11-02
LTC,LW3qTs6KQqCmcsriocAcDFpbB7Gq51Bau4,2,2.90172837,219.66,2,2.90172837,219.66,2024-11-02,2024-11-19
LTC,Lf5XadpHtUtTv3oYdChbGeNSAfxMbauYB6,4,2.55762771,226.03,4,2.55762771,232.06,2024-11-01,2024-12-22
LTC,LKTdBhNBEZ7gAhRtZYbLGeHsYJKBFHtWXG,2,2.07444453,143.82,2,2.07444453,145.77,2024-11-01,2024-11-02
LTC,LVasXR9def2RviFApvKSaG5GeAy8knQKu5,4,1.94724,139.5,4,1.94724,138.24,2024-10-28,2024-11-02
LTC,LZaVWWRHYZ5TXJHNmeNwN1d767SqUGJErW,10,3.18388703,230.94,10,3.18388703,229.12,2024-10-28,2024-11-12
LTC,LU7qkuHBrZuKa7Mbev46RRehoXJvgNLc9Z,1,1.4999,107.63,1,1.4999,105.4,2024-10-31,2024-11-02
LTC,LbqF7VFkudLXEJfubYJtKeKsv7GNTXFeA6,1,0.1998544,14.34,1,0.1998544,14.04,2024-10-31,2024-11-02
LTC,LUaPkhf7SFJxcB5sZR112V3Qthb2EjZvKT,1,0.28045805,19.44,1,0.28045805,19.71,2024-11-01,2024-11-02
LTC,LWYVUFhE8xUdmtMoHoW6Fir4tCAh632XF7,4,5.37261309,380.56,4,5.37261309,381.66,2024-10-29,2024-11-09
LTC,LaM8bXsshuRRqUUsHvBCuruXiL2nuRD2ou,7,5.91740464,443.99,7,5.91740464,448.69,2024-10-29,2025-04-24
LTC,LKQ4BMNEXSY9gZ6cwfJGDcvch3yEn613Z4,1,0.16096559,11.16,1,0.16096559,11.31,2024-11-01,2024-11-02
LTC,Lg16FUx45NAccS9ABdXDU2jkbrGAKtbT5r,2,0.44409994,31.03,2,0.44409994,30.93,2024-11-01,2024-11-03
LTC,LcQdnHojZkrsxWyvzPaLpPzz737J3xQL6c,1,0.28172752,19.53,1,0.28172752,19.8,2024-11-01,2024-11-02
LTC,LQWFWUcfzQVqVXWMMsb5nZkPHpuU3PC7b5,2,1.6838541,123.6,2,1.6838541,122.95,2024-10-30,2024-11-02
LTC,LTtaRV9BpduxySv4wHVAwD4WWxFbM5Q4TB,1,1.23458205,88.59,1,1.23458205,86.75,2024-10-31,2024-11-02
LTC,LZfaWxSWekeHwQppwubTeEv1aG33b34qbi,1,0.22774563,15.79,1,0.22774563,16.0,2024-11-01,2024-11-02
LTC,LZuUeZuJe763mUMVmPNhF95NL58ZBLE5N4,1,0.29175994,20.94,1,0.29175994,20.5,2024-10-31,2024-11-02
LTC,LVphfLy2ukBK1tT3ManaSRi1AdtaBEWiun,5,6.3114639,437.12,5,6.3114639,439.82,2024-10-27,2024-11-02
LTC,LYQrrikzEMct7coU2muaxGwUCgBU4TGi9V,1,0.07034857,5.05,1,0.07034857,4.94,2024-10-31,2024-11-02
LTC,LVWnag6nATNVvHBZuMPrbd5yndzQRCpXpS,1,0.36739927,26.36,1,0.36739927,25.82,2024-10-31,2024-11-02
LTC,LQxNqKrgXifPAiVT2pcd3aEcfpMHMnxJhS,5,1.49981769,139.91,5,1.49981769,139.86,2024-10-29,2024-12-04
LTC,LPc3Ue7tB3LyfQUJLxKsuTQ6kYFiBYVhqX,11,3.9429808,353.34,11,3.9429808,344.16,2024-10-15,2025-03-25
LTC,Lg2Btt2gjCVfw6DduGR4LiMTgQXTBdbvF9,1,0.31252512,22.43,1,0.31252512,21.96,2024-10-31,2024-11-02
LTC,Ld3wntdXpWDqroAkY7iGMsqVEGJqDw8xce,1,0.04277987,3.07,1,0.04277987,3.01,2024-10-31,2024-11-02
LTC,LRjgLtRHK94fsLdXtE4eRPeD5Z8K5ztXAo,6,3.63161536,266.01,6,3.63161536,256.38,2024-10-21,2024-11-02
LTC,LbopbnikeVoA7sRRtHwWZF5dWaNowbRijK,3,2.67571559,186.84,3,2.67571559,188.02,2024-11-01,2024-11-02
LTC,LL8En4iqRiSBc5iuTL7WCFQSWyd7dHcgsZ,2,0.40638782,28.15,2,0.40638782,28.35,2024-11-01,2024-11-03
LTC,Lh2q2bNyNCnikWUdM9u38E6DMU1dDrXd4V,13,7.8509056,583.61,13,7.8509056,588.66,2024-10-26,2024-11-23
LTC,LLNBQXfwE4pe8W1AYLYP9PrmE2RgvPjuPi,1,0.28304954,20.31,1,0.28304954,19.89,2024-10-31,2024-11-02
LTC,LNYPuY9acgTqTVWfTU41HqY9jkpytbYCBk,3,0.89460899,85.65,3,0.89460899,87.95,2024-11-01,2025-02-26
LTC,LSQkJLJ4bjDTCLMN6d88pJUw6TFF1vHUFR,3,0.54060169,38.42,3,0.54060169,37.83,2024-10-31,2024-11-03
LTC,LTbmYLMDkKwRECCYA4hbh6gHruiFHVPXSJ,1,0.29769286,20.64,1,0.29769286,20.92,2024-11-01,2024-11-02
LTC,LWovLSxpi8rhRRbE4DKChwp6B3eFSA9mFn,3,0.994,69.1,3,0.994,71.2,2024-10-27,2024-11-02
LTC,LaYTftZejuLAy5javj9sxaP4P7F8WMsR4i,1,0.71499918,49.57,1,0.71499918,50.24,2024-11-01,2024-11-02
LTC,LczNcaw78aVo9b7V4oGriAJ8jgh4NqViV8,1,0.36689194,26.33,1,0.36689194,25.78,2024-10-31,2024-11-02
LTC,LLrKbCvNSQ4PshPKtMY6HECpTc8rdJJqMs,2,1.31111048,89.15,2,1.31111048,88.04,2024-10-10,2024-11-02
LTC,LhQYuh9NKjJn1g1ddwLNLBuGWudP5n7vTS,1,0.31613729,21.92,1,0.31613729,22.21,2024-11-01,2024-11-02
LTC,LYSnvPbZeKfRVi6YtJN6WxbYsPBhfoPXLR,1,1.09423371,75.86,1,1.09423371,76.89,2024-11-01,2024-11-02
LTC,LXSyWXBZP2LVZ3vCzKuQtUsZTbMZ6xb7jk,2,0.72568246,59.07,2,0.72568246,58.34,2024-10-31,2025-01-09
LTC,LKFSkdZ9iPvFXz4vRn3YNL8jjoogy4SaU1,1,0.22689962,16.28,1,0.22689962,15.94,2024-10-31,2024-11-02
LTC,LKMg1dsoAKRxeVJG8RuSn31YQG2XBV9pQ2,4,6.42481669,452.48,4,6.42481669,448.97,2024-10-09,2024-11-02
LTC,LTa17ynoYDXugApiEqAoGhZutHBeiL1Djc,1,0.14388489,10.33,1,0.14388489,10.11,2024-10-31,2024-11-02
LTC,LgE5agc18oddmX95EbNsNH9JgxC53VWhXi,4,1.28016439,127.03,4,1.28016439,127.03,2024-10-26,2024-12-14
LTC,LVzYJBcU19TrmQRduW6QAS3c597f4gP8Fv,2,0.41119042,28.3,2,0.41119042,28.3,2024-10-26,2024-10-26
LTC,LU8t2BTEbn9z9VwHtWvdkaqSiezF5uL17D,11,12.99966308,1078.92,11,12.99966308,1092.36,2024-10-26,2025-05-13
LTC,LXJmvnJgedPGm14AyPPtVSXgNwLamfJ3jW,1,0.17275712,11.89,1,0.17275712,11.89,2024-10-26,2024-10-26
LTC,LN1KrfeQ8kFLzUPKJgfJpzyfgnZUwH6RL9,1,0.49505331,34.07,1,0.49505331,34.07,2024-10-26,2024-10-26
LTC,LWB8csKfN8unxsjYTDcF8sNW1YvBdSARx8,6,4.31116934,298.76,6,4.31116934,298.76,2024-10-24,2024-11-04
LTC,LKNK2b4DT6v2DC4gwjN1krX4rJ8xXrX1Qs,1,0.33517581,23.07,1,0.33517581,23.07,2024-10-26,2024-10-26
LTC,LU1Bd6K14pQGFH8iSHWLfny4mMY5byU9r2,1,0.26561256,18.28,1,0.26561256,18.28,2024-10-26,2024-10-26
LTC,LhvBKaS6KXffujBEkowjXdejK5XjTdLTRF,9,1.28237751,90.93,9,1.28237751,90.98,2024-10-24,2024-11-09
LTC,LewPEXejnpLpqnC9ocqCSn6F7MJ8GnT2SH,1,0.9,64.06,1,0.9,61.95,2024-10-25,2024-10-26
LTC,LYfPkEFJm75q3w9wwg5tkS6dzgxS8BCK3J,2,3.1208,218.84,2,3.1208,218.84,2024-10-26,2024-11-02
LTC,LM1htsUdgXiEFh8LkPiHuGLezRJuUMzSKk,1,0.52520255,36.15,1,0.52520255,36.15,2024-10-26,2024-10-26
LTC,LLv6kiCuMLAhvuf721XDC1AQTzEt65PYXx,4,1.89312805,134.18,4,1.89312805,138.28,2024-10-25,2024-10-30
LTC,LZwdnn7AG6YwWURSCNBn9ihFsK7iz5icmM,2,1.82639475,124.49,2,1.82639475,124.49,2024-10-26,2024-11-04
LTC,LXgs1PZArnDEwwwVPyubwpfCWBhHcUKHP6,1,0.1419,9.77,1,0.1419,9.77,2024-10-26,2024-10-26
LTC,LR66LQn8s6UQMyZsYN3JLUZzshvUWZxo16,5,9.7556774,702.57,5,9.7556774,690.27,2024-10-23,2024-10-31
LTC,LNHB35dCy3hAdRETG6a1mRHGbtVKiF9SVN,1,0.05663335,4.03,1,0.05663335,3.9,2024-10-25,2024-10-26
LTC,LMn8dSQMG8FAfhhodQc2fZyQstrCnVGbg9,4,4.33904,314.8,4,4.33904,313.67,2024-10-16,2024-10-26
LTC,LNtPQk6HqdVYhcvcHtkFEWyUvc25KFgFWA,2,2.34371683,166.83,2,2.34371683,161.32,2024-10-25,2024-10-26
LTC,Lfu9zKC3kh7ywtApdY4uWVitrk4W8icq7Q,3,1.55260226,136.19,3,1.55260226,135.04,2024-10-25,2025-05-13
LTC,LUBVcXHhZXAQLQeRtMpbWkKH3AwLs1GTDe,4,1.0796,74.09,4,1.0796,74.09,2024-10-11,2024-10-26
LTC,LLt1sAL39fuVC9sLpVkVNu5n4HPJp7Gxhv,2,1.94493813,138.44,2,1.94493813,133.87,2024-10-25,2024-10-26
LTC,LKf9z4vD3xrP1jrhaLNy1fPNrspYhzJdKD,1,0.85164441,60.62,1,0.85164441,58.62,2024-10-25,2024-10-26
LTC,LaYXT6XXhTvwaKzaYE2FMDNR8HXC8mQMGW,3,1.12404215,78.01,3,1.12404215,77.2,2024-10-25,2024-10-27
LTC,Lg4HrfvD9P8Ps3deAmBftfSNmZtuuU9jKN,1,0.21790125,15.0,1,0.21790125,15.0,2024-10-26,2024-10-26
LTC,LPWoMffHhPhpX8scnF5jHGNaCRiqTeXf2H,1,0.21185915,14.84,1,0.21185915,14.58,2024-10-24,2024-10-26
LTC,LcbCcafAG2njKqTmpxgXDwE7E8d7cErwhg,1,1.4,99.65,1,1.4,96.36,2024-10-25,2024-10-26
LTC,LMZ4jWpRuwp7vBmPAYjSbj4ZiwBA4KES1Q,1,0.92082909,63.38,1,0.92082909,63.38,2024-10-26,2024-10-26
LTC,LMQznS6jv2bqSfFE5oUPdNjKh9FV2Wt6HT,2,1.11670703,78.7,2,1.11670703,77.72,2024-10-24,2024-10-26
LTC,LcZ4FKKZRkZ8t2HE5BpXKT1eeuNgp1bwwc,1,1.6704162,118.9,1,1.6704162,114.97,2024-10-25,2024-10-26
LTC,LaAGn35QvriBBZkwqkPuReNMHBAwYTRn5i,1,0.30864996,21.24,1,0.30864996,21.24,2024-10-26,2024-10-26
LTC,LewsTA1LjcthHUaj7v7ypnW6bLU8Pa7uVC,1,0.2689,19.14,1,0.2689,18.51,2024-10-25,2024-10-26
LTC,LMUHtAZHHNoFxwxTLx5W8RQp6Kfr3CuNnb,1,0.16413642,11.3,1,0.16413642,11.3,2024-10-26,2024-10-26
LTC,LZCEVDFK4WLMXrRCeWCfH3FMZGeBqhjcJk,1,0.36348385,25.87,1,0.36348385,25.02,2024-10-25,2024-10-26
LTC,LLyXwwX6jmd7n2QxCajGgpTckgdbUAA8oh,6,5.85598982,450.89,6,5.85598982,447.83,2024-10-23,2025-01-27
LTC,LRTbmTnfESUfBLRmWur5m3AmA2ar9CAUMA,9,4.87834973,343.15,9,4.87834973,339.44,2024-10-14,2024-10-26
LTC,LYarQCFfb6BipbKUJVVUT16c46DrubGQry,5,1.53958603,119.29,5,1.53958603,117.22,2024-10-22,2024-12-27
LTC,LTKbW9h2ghUbEToag7p9Thh6JF5keoWfrv,4,5.06,362.55,4,5.06,351.56,2024-10-20,2024-10-26
LTC,LdwtdEzk176t4ybVJUWGwABAJeuGKYS6dy,1,2.79257444,198.78,1,2.79257444,192.21,2024-10-25,2024-10-26
LTC,LLeeB18msi4vrwqn4HuqX4sTqdoxXnyLao,1,0.9319,66.33,1,0.9319,64.14,2024-10-25,2024-10-26
LTC,LZB7N3iwNmgtHpEsCLvWEryrnXyg6sAoPk,1,0.42,29.9,1,0.42,28.91,2024-10-25,2024-10-26
LTC,LLsLahdP7NXMEm1mGd5x7zV3huUhYj9QNN,4,1.05889772,87.48,4,1.05889772,85.98,2024-10-25,2025-05-13
LTC,LPcQwAsKjWcWJ8w5iLgK3ZvTfE223xvYTz,1,0.97457203,68.27,1,0.97457203,67.08,2024-10-24,2024-10-26
LTC,LdWAQp65MMwcUr9SEyvMHeSawokjQtgN7K,10,4.7416401,369.98,10,4.7416401,371.82,2024-10-26,2025-04-22
LTC,LaJeiAubT52ABW2uszDsGVpbp8C4AzRgzn,3,1.01454102,73.04,3,1.01454102,74.95,2024-10-23,2024-11-15
LTC,LTDburQATC6kXhU48iVifGy4HFE6WfhnjK,16,4.23644647,303.87,16,4.23644647,299.62,2024-10-17,2024-10-26
LTC,LY9UAi3Z4VairN92q2WFXWdT78UXutRk1e,1,0.25433168,18.1,1,0.25433168,17.51,2024-10-25,2024-10-26
LTC,LQPyrTjRwxzD3A2n5WpboAuaAgiiNxt8vt,7,2.34117953,168.47,7,2.34117953,169.79,2024-10-16,2024-11-15
LTC,LaMoKAxz5WSZjryJP7WGh5ps8i2khjQiXu,1,0.34874056,24.43,1,0.34874056,24.43,2024-10-24,2024-10-24
LTC,LZhZgpauHqzML8pmwbCJutnfVHxmVWDP12,2,1.02926949,72.09,2,1.02926949,72.1,2024-10-23,2024-10-24
LTC,LX14heBuzZkD9BJbwWe9caSfFkiLTn53Ce,1,0.14061731,9.85,1,0.14061731,9.85,2024-10-24,2024-10-24
LTC,LSUUj19Lrx9tQXdroqafvdEnjbCFsDTv1a,2,0.43722855,30.63,2,0.43722855,30.63,2024-10-24,2024-10-24
LTC,LgizMKP6GHoPdVeAWZSaDdipAuaAEuMf3m,1,0.16968851,11.89,1,0.16968851,11.89,2024-10-24,2024-10-24
LTC,LNyk1xuVUBPDVRRZ7Bjha9WtA7Ci2G436t,1,0.50797862,35.58,1,0.50797862,35.58,2024-10-24,2024-10-24
LTC,LZXVHMwmaKsPjhmLidZg1pN5kLPa82gufR,5,3.38358344,237.74,5,3.38358344,237.76,2024-10-23,2024-10-28
LTC,LSxK8JEFSm9vw25q6PfX61VzpUf7MXC2ap,4,0.998,70.44,4,0.998,70.44,2024-10-24,2024-10-28
LTC,LKknUQUWSimsC9mnZCp1dKmUCZtPwVqUFL,4,1.94055115,131.86,4,1.94055115,131.86,2024-10-11,2024-10-24
LTC,LZu1FvnafemMLGgGtqw7WnhhEr6yYM64hA,1,0.07106843,4.98,1,0.07106843,4.98,2024-10-24,2024-10-24
LTC,LXUjhov7PXLkxDhXSjTUGyqjKczXsg4QVW,1,0.69605568,48.76,1,0.69605568,48.76,2024-10-24,2024-10-24
LTC,Lc7oSKma8WsujVJYdAebjnMiK3tBDgqnxm,1,0.46434594,32.53,1,0.46434594,32.53,2024-10-24,2024-10-24
LTC,LTWZbYyKeM1toEJC3cAaHQ8aW9GxWbT5UL,3,3.62747405,254.09,3,3.62747405,254.1,2024-10-23,2024-10-24
LTC,LSiwa8gPEk78n2cSWSjkZ19RmThap7WxHV,2,0.31763591,22.25,2,0.31763591,22.25,2024-10-24,2024-10-24
LTC,LgXFoeT7LSwT41zHJAf7XhBF6AEgcpzghj,11,8.5646786,606.91,11,8.5646786,613.55,2024-10-12,2024-11-02
LTC,Lgd3vejHXGn5sqcprtmrDddQsAenYfyZ7g,1,0.98577665,69.05,1,0.98577665,69.05,2024-10-24,2024-10-24
LTC,LL4enyMtj156v5pecHB3cjibdverkANbfU,2,0.81835682,57.33,2,0.81835682,57.33,2024-10-24,2024-10-24
LTC,LTNQPT7KuWdLZ59sfzpob5yByX1kHTeJpk,6,1.25607824,89.69,6,1.25607824,89.71,2024-10-22,2025-01-22
LTC,LbN5rty25d8GvLsoDQ7ZYsAoJE3YqLns5d,4,7.02994247,645.13,4,7.02994247,647.06,2024-10-24,2024-12-05
LTC,LZUuiaTGtJQN2aUwdhdqT6TLkoZDtbSPhY,1,0.13683627,9.59,1,0.13683627,9.59,2024-10-24,2024-10-24
LTC,LQA6dH8mKj1WvMmEft7ypfFtiqUQ6C5DLF,1,0.2295402,16.07,1,0.2295402,16.08,2024-10-23,2024-10-24
LTC,LiG1phuRcecGQgeuBQSdhJUAt2HA1b3Lsc,1,0.45074334,31.57,1,0.45074334,31.57,2024-10-23,2024-10-24
LTC,LYzzEHtsmUWHVpxSEGALSehFetEpcrCkZ3,1,0.1904943,13.34,1,0.1904943,13.34,2024-10-23,2024-10-24
LTC,LghhBDJcePAebNyr6dB6ULYbe1UVgXhATh,1,0.2838,19.87,1,0.2838,19.88,2024-10-23,2024-10-24
LTC,LLqtzfYLAiMbLTtZayEcq8vAmMdzyjhXRy,9,9.47917626,914.32,9,9.47917626,912.88,2024-10-23,2025-04-24
LTC,LSnirE1qME1d4BobTxZfXtzNwXGAEzHwL9,1,0.1544,10.81,1,0.1544,10.82,2024-10-23,2024-10-24
LTC,LVhMbbjxiLBCvr4Up9swMLeZKmr1c1PVSN,1,0.157943,11.06,1,0.157943,11.06,2024-10-23,2024-10-24
LTC,LLLh6vfF9awdC7QF2pzLXeK7RTMvqMCKpH,2,1.04007404,73.14,2,1.04007404,73.15,2024-10-22,2024-10-24
LTC,LXEMS3GVyZHkTrRUFRAPVYLm9tFpS8qWRq,1,0.68578645,48.03,1,0.68578645,48.04,2024-10-23,2024-10-24
LTC,LguFTiw6joRrpfEdjmzHoTsqJGDx8LpLSV,1,0.41038017,28.74,1,0.41038017,28.75,2024-10-23,2024-10-24
LTC,LecmNmiCGx8JXGK9eqGsQdPuGC5KbaG1GP,1,0.0755,5.29,1,0.0755,5.29,2024-10-23,2024-10-24
LTC,LdrHSmSQ7hGm1YZTUYZTxdoXxC7BsBRdsF,1,0.19242324,13.48,1,0.19242324,13.48,2024-10-23,2024-10-24
LTC,LPTHHkrrL2Nhd9TbCxuecjarjhWXgNh6Np,1,0.20026291,14.02,1,0.20026291,14.03,2024-10-23,2024-10-24
LTC,LQZ1EZBWQtVm9jgUr8FnTf12stGkLU58HS,1,1.05365,73.79,1,1.05365,73.81,2024-10-23,2024-10-24
LTC,LQPuWvsb11yKjvjLDpPuv3gY8eEuT5YWa6,1,0.23048782,16.14,1,0.23048782,16.15,2024-10-23,2024-10-24
LTC,LKjJJz8qNjeVXtYszuNhCwCoqKCCqBWGEx,3,2.59706083,180.72,3,2.59706083,183.4,2024-10-23,2024-10-29
LTC,LTLgfhxj27BSyRhHurGSeDzarWT4yPuC6A,1,0.31475886,22.05,1,0.31475886,22.05,2024-10-24,2024-10-24
LTC,LYdDehAeH8FKDPy44zyG23Bhy2ydxmw41t,3,2.7442813,192.18,3,2.7442813,192.21,2024-10-23,2024-10-24
LTC,LPVVPiDpPLFvurCUSuu28WSoJqznEymHk5,1,0.499,34.95,1,0.499,34.95,2024-10-24,2024-10-24
LTC,LY4tWaX38uKLZ2kEqnpVvBaVq2n1ivSNKv,1,0.16098654,11.27,1,0.16098654,11.28,2024-10-23,2024-10-24
LTC,LfkEwC3P8L4qXjQZq1bSC4USeuW2P8bRnp,3,0.4801,34.5,3,0.4801,33.9,2024-10-16,2024-10-24
LTC,LXFGstz42pPKc7CEwjkjV9hCuMSjzd6UoB,2,1.66,119.01,2,1.66,119.34,2024-10-18,2024-10-24
LTC,LYNTw46TfHxTu97BC61swjRH4FnbGcL3eg,3,3.52361231,284.35,3,3.52361231,284.37,2024-10-23,2025-05-08
LTC,LQPbVrn7AAuPPWFsuu6sK2xqaKiDpd41GS,1,0.2342122,16.41,1,0.2342122,16.41,2024-10-24,2024-10-24
LTC,LSxzympW2pUZv7Z7xymJw5rw3kTQUUMj8T,1,0.45473489,31.85,1,0.45473489,31.85,2024-10-24,2024-10-24
LTC,LSYjeVrr5vQ4f4JZnVbeeeM6soZ8f7zmQh,3,0.60080299,42.58,3,0.60080299,42.43,2024-10-16,2024-10-17
LTC,LLYJgq5T6PKJrS2zNREexV6KEfBtLYd5vD,1,0.4999,35.43,1,0.4999,35.43,2024-10-16,2024-10-16
LTC,LYGKJqUmWM15RAwP9fFTyRqygz3CC8pg8F,3,0.46,32.6,3,0.46,32.6,2024-10-16,2024-10-16
LTC,Lb8FQh2scgtHHaCHjJ9e5nhobadf6yw8uZ,1,0.45074319,31.94,1,0.45074319,31.94,2024-10-16,2024-10-16
LTC,LND2iNMjUwuU4KBPmSyuQHEnnTpjof7vSR,1,0.27776236,19.69,1,0.27776236,19.69,2024-10-16,2024-10-16
LTC,LYc8MkddnmEseAEJQ25LCK5ethfiTP3U5L,4,6.00810143,402.11,4,6.00810143,403.34,2024-10-12,2024-10-23
LTC,LT1RJW8iUdZEcbiuRAfF9wHTrb6NfNGXLZ,1,1.11047835,78.7,1,1.11047835,78.7,2024-10-16,2024-10-16
LTC,LbVhVDvg9m9N8VinKe2n54Gsq7RWdhad9B,8,9.71015572,675.55,8,9.71015572,682.4,2024-10-15,2024-10-18
LTC,LVB3pnAqrLpfTM9kcaom7hjBsW4i8c15jQ,2,0.42070299,36.23,2,0.42070299,36.23,2024-10-16,2025-01-09
LTC,LY2Vj5Ufof5bbNRzCQiR3bnc8LAJahPdkt,1,1.5999,113.38,1,1.5999,113.38,2024-10-16,2024-10-16
LTC,LRTtDZyE8hVYdFtz2qmoivYSjYedXFM4x2,2,4.7,330.96,2,4.7,338.27,2024-10-16,2024-10-18
LTC,LTe4Np2qJyos7j2TircT2yKLLeuGV7kd9R,3,0.70138468,55.6,3,0.70138468,55.6,2024-10-06,2025-02-24
LTC,Lbk2KGTwTX7X1c6ccwaeXcrvAkiR9DTxjS,1,0.21880609,15.51,1,0.21880609,15.51,2024-10-16,2024-10-16
LTC,LgXT6pjuKZ3qCUbaRLqfeY1q2ZES56hBC3,1,0.2099,14.88,1,0.2099,14.88,2024-10-16,2024-10-16
LTC,LcbqSZ27Xi3mGbMZr44Mfk2GEy2cgq1aSq,10,1.64148773,138.44,10,1.64148773,139.1,2024-10-06,2025-01-15
LTC,LPkUeJFTQPMejkFhUgyxquRDY3aKBC7ZYe,4,0.94112586,62.9,4,0.94112586,62.9,2024-10-15,2024-10-15
LTC,LUHumFNf9VHbkt58wv2jP9R3z4EJsWSdMw,1,0.7493,50.08,1,0.7493,50.08,2024-10-15,2024-10-15
LTC,LKRHwaSKLCRXCzVYdqXSuuiRdBha967Mfm,9,23.407668,1602.13,9,23.407668,1602.13,2024-10-14,2024-10-17
LTC,LKsvnsyctCTRztkWz5heSepnAn6W31q6sM,1,0.7137589,47.71,1,0.7137589,47.71,2024-10-15,2024-10-15
LTC,LgbwuktMrFMHxfEMm9ZiYGMJdGMEj7cwFb,1,0.9518,63.62,1,0.9518,63.62,2024-10-15,2024-10-15
LTC,LdxechfWbu7aWqiULAiUaeeD4aw47p44B2,1,0.79406697,51.46,1,0.79406697,53.08,2024-10-14,2024-10-15
LTC,LhirYGPpLx6nte25y38VRp7sdmJmrPoqjC,1,1.76912213,118.25,1,1.76912213,118.25,2024-10-15,2024-10-15
LTC,LS3iEGRdksuNUCbcJGKANvZE6kuiQcC1S3,1,0.20537352,13.31,1,0.20537352,13.73,2024-10-14,2024-10-15
LTC,LeS7Raf1NHoufnMdJh5cWnB1QBj6wRguie,2,0.73249432,69.46,2,0.73249432,63.19,2024-10-15,2025-01-20
LTC,LXUq1eMTWbjHhabVMG31YQNp3bkTPUeVQY,1,0.22946845,15.34,1,0.22946845,15.34,2024-10-15,2024-10-15
LTC,LXTjKGfwghSwJ6jh3Q4bVCcvMZM6GhUJR1,3,2.19231,145.39,3,2.19231,144.57,2024-10-09,2024-10-16
LTC,LbnRrCrunCZVoSu5FgZJCUfjUUb1ohFwfx,1,0.41581685,27.32,1,0.41581685,26.86,2024-10-09,2024-10-10
LTC,LhWkCXqZhkjVJJwdFkBkSrL2VGkuheMmB4,1,0.85447763,56.13,1,0.85447763,55.19,2024-10-09,2024-10-10
LTC,LhBEaUdu4hUuuNpCoYpW6CsDePSeMubTj4,1,0.13835106,9.09,1,0.13835106,8.94,2024-10-09,2024-10-10
LTC,LYAAQeDbpXZtC1u7QEGWxmALchVAVYWacx,1,0.217,14.02,1,0.217,14.02,2024-10-10,2024-10-10
LTC,Lf9oxKWnqLZ1ASwgghQraLzArrfbPStijV,1,0.07603974,5.0,1,0.07603974,4.91,2024-10-09,2024-10-10
LTC,LcL1GqWr5wDXhgm8vejC96nXTFeJujbKf7,1,0.36968576,24.28,1,0.36968576,23.88,2024-10-09,2024-10-10
LTC,Lg8moZ85p3jnxT5dDffviBc3NWQ5Q5VpKc,1,1.68593803,108.89,1,1.68593803,108.89,2024-10-10,2024-10-10
LTC,LeweYK76wqLpa9qq4u9nBRs3jDii6dy3xW,1,1.60383985,105.36,1,1.60383985,103.59,2024-10-09,2024-10-10
LTC,LTPYoo7KcCMsZNq3Ww9fMwJcaoFkhs2fod,1,2.2199,145.83,1,2.2199,143.38,2024-10-09,2024-10-10
LTC,LLhKEnJKk2V8QMRVbWGqU9fp6216qDo22j,1,0.09181853,5.93,1,0.09181853,5.93,2024-10-10,2024-10-10
LTC,LfPthuPt9Yj6KHCJd7cTEryhZnuEK1zuEm,1,1.28081437,84.14,1,1.28081437,82.73,2024-10-09,2024-10-10
LTC,LSJyDeqPX4kv4SW1mGoSRtcAnFKzYzwp2G,7,4.59584004,337.53,7,4.59584004,339.35,2024-10-09,2025-02-17
LTC,Lgt7sLQwLnHzS2xB2WisD2MjwykRZRCGy5,1,0.1849,12.15,1,0.1849,11.94,2024-10-09,2024-10-10
LTC,LcdqAxSZpM2MCCUNSCtdR55m5WBb2AYGzh,2,0.62044021,42.83,2,0.62044021,42.95,2024-10-09,2024-10-20
LTC,LWUhFEm43AZGhrqMDZvfsBjS8g4CSR27n2,1,0.43902354,28.84,1,0.43902354,28.36,2024-10-09,2024-10-10
LTC,LVV5cjRteBXUFS8e2bKfXT7L5E9dD621YZ,2,0.45879146,30.14,2,0.45879146,29.63,2024-10-09,2024-10-10
LTC,LSRmPWZ9LDCRn15DDU4UNb2Yo5E1L8vvYW,1,0.38948356,25.59,1,0.38948356,25.16,2024-10-09,2024-10-10
LTC,LVGj5M6fUX7buK7zDBmpAQ1ExZ8AbvDgaF,1,0.31721251,20.84,1,0.31721251,20.49,2024-10-09,2024-10-10
LTC,LcmYFPSj5W3D72C1rmbYrozgV7MTjfwVHC,2,0.24578078,16.15,2,0.24578078,15.87,2024-10-09,2024-10-10
LTC,LRgjWm8yPdKqsQpimNzjKgxS4uyb9vrgWb,1,0.59290255,38.3,1,0.59290255,38.3,2024-10-10,2024-10-10
LTC,LTqKP2KYUwQPK3gQdeTximUyciByk5JZAD,1,0.8883706,58.36,1,0.8883706,57.38,2024-10-09,2024-10-10
LTC,LNxE7uKcCwZToE67o1C4gR62LpT6LbNizo,2,5.19109762,352.82,2,5.19109762,347.82,2024-10-09,2024-10-17
LTC,LSxNVEbgGdqdsUnxZE4ZmroxvuNCPcfcUV,3,0.67949247,44.64,3,0.67949247,43.89,2024-10-09,2024-10-10
LTC,LfWEsB4oq66rzDvDsogiobRcgswT6VyZ1T,5,1.01251657,68.9,5,1.01251657,68.28,2024-10-09,2024-10-19
LTC,LT1fVq5KptuezgrdsX2MNViEbmaRLwFN8E,2,0.951068,62.48,2,0.951068,61.43,2024-10-09,2024-10-10
LTC,LYcGBqQaMqZE1WDuZMWBMvUNY7VGdKf17x,1,0.24672963,15.94,1,0.24672963,15.94,2024-10-10,2024-10-10
LTC,LMbwK6UjgdsLCsdTuqCoKd2YVUK2HXmDgD,4,1.39053182,93.75,4,1.39053182,93.67,2024-10-06,2024-10-23
LTC,LRAYDXprc47XB6A3pQQ7jhjxHp7cRnntXX,2,0.562237,36.72,2,0.562237,36.27,2024-10-09,2024-10-11
LTC,LPRRyCDhTbeE3D7DGRJcMsWxh5k1cfrc5o,2,0.15330749,12.18,2,0.15330749,12.49,2024-10-10,2025-03-15
LTC,LYLzBtYczd87RBUxD6bA9hYLm22RhS2FSA,1,8.92916124,586.56,1,8.92916124,576.73,2024-10-09,2024-10-10
LTC,LZgPFQWoRcdczWDpQ8ZTENNMq1Spf1Rrj1,2,4.30153256,310.89,2,4.30153256,308.33,2024-10-09,2024-11-12
LTC,LWZCSHrk93eFqCjiiBRWi53YRx5rg4sJiN,3,2.71818882,182.3,3,2.71818882,182.07,2024-10-09,2024-10-20
LTC,Lg8LVesLxLDa4Gh66y9WJpw736ow6ToL1g,1,0.4993506,32.25,1,0.4993506,32.25,2024-10-10,2024-10-10
LTC,LVy4UHgQZvCSQjQuxmmBSAiKYAE8kHv3JE,3,2.716823,178.28,3,2.716823,178.46,2024-10-09,2024-10-13
LTC,LPiL69ntCXdiHqDeNUpqeXjeFENHirUaHP,3,0.57814389,37.24,3,0.57814389,37.24,2024-10-10,2024-10-11
LTC,LUN91buyV6WCg415GgoHUD3tMXz4jPApyg,6,1.25764908,108.03,6,1.25764908,110.95,2024-10-09,2025-03-11
LTC,LQZxRyfAqAHjqFT2S6xPPz9yHLWEVkQPCr,4,1.359319,97.96,4,1.359319,97.87,2024-10-09,2024-11-12
LTC,LYGRn2kG3pU9Ys6M57WjoWUXjHqGGMLZnq,6,1.98611171,176.88,6,1.98611171,176.21,2024-10-09,2025-02-05
LTC,LVZsJowb6wdXr3y72yDLatF9yXtaeNxQNj,1,0.7676757,50.43,1,0.7676757,49.58,2024-10-09,2024-10-10
LTC,LVNz4TmjDJq3ZRjN6FgpYxLUPw5e78PdLx,1,0.6699,44.01,1,0.6699,43.27,2024-10-09,2024-10-10
LTC,LdeKia2YCou5F284j453XM5r53mR4TGbzp,1,0.14828595,20.32,1,0.14828595,17.14,2025-01-18,2025-01-20
LTC,LYe2DL7iybFYV6eypedULWYFXVrVwui4nD,3,1.58308977,187.79,3,1.58308977,180.32,2025-01-13,2025-01-25
LTC,LQ7y3ZRU6RVkdrceXhbbzEhhJ1AWvXhACq,3,1.04003851,126.01,3,1.04003851,121.96,2025-01-19,2025-01-22
LTC,LgKrT5zLzdmY7LnXTm4TvQtRc2QEUppmf2,7,3.91186914,443.49,7,3.91186914,436.18,2025-01-18,2025-04-19
LTC,LUNs1hkBWj6PQVBRujUEb4yVoD9NKAWqwe,6,0.54153974,69.03,6,0.54153974,64.07,2024-12-05,2025-01-20
LTC,LQas3zTK8Dp7jYj4HGoo7kZAtdXu8envXu,1,0.21163557,26.54,1,0.21163557,24.46,2025-01-19,2025-01-20
LTC,LXPZr3JmxBAQFKTuASqYJbjKHRULCzdcFs,1,0.08931801,11.2,1,0.08931801,10.32,2025-01-19,2025-01-20
LTC,Lcdxyj63YkQYdoihjd5tVXv1wNA2V9J4Tn,4,0.30063624,37.01,4,0.30063624,36.38,2025-01-18,2025-02-03
LTC,LSu9XH2aptHemFM9ecy4sYCiFvVrqsLgcd,3,0.45763734,51.48,3,0.45763734,53.6,2025-01-15,2025-01-22
LTC,Lashi6yp8eaFip1i5SaQZ4jAMmQoaxbvdp,2,0.30878497,34.78,2,0.30878497,33.5,2025-01-19,2025-02-06
LTC,LQXrEtMwQYR7W97qfbYiDmJh5hWwwDEiEn,10,1.5321,169.84,10,1.5321,168.95,2025-01-08,2025-04-30
LTC,LPb6QM4QSw6Y9zojAXwkrKxEXXVzdDuPpW,3,0.52515639,68.14,3,0.52515639,60.69,2025-01-18,2025-01-20
LTC,LZRG4shKWpazxtboQzzgbLR6CVM1jyYhkf,42,10.12174693,1130.4,42,10.12174693,1124.99,2025-01-10,2025-01-29
LTC,LZdXJPLGSTmurGat4aLYMTKamvi5Cf1fnk,2,0.51013458,69.91,2,0.51013458,63.16,2025-01-18,2025-01-20
LTC,LM9Ze3xRCtNGkC4uEkz1eXnYxZPTdxWGZy,2,1.22072,154.92,2,1.22072,143.44,2025-01-18,2025-01-22
LTC,LPoFraH6YrYwW8633pb6iZh3yKBLF4qMLi,3,1.89749506,215.31,3,1.89749506,214.12,2025-01-15,2025-01-22
LTC,LhpPQLXXqXF15LZNw8Y2F33WDwJXNkAoo2,2,0.2898,38.2,2,0.2898,36.06,2025-01-17,2025-01-20
LTC,LYfK4jDxwKR7SSsnQAiLEVM9xvM7SoGSJB,1,0.08239208,9.52,1,0.08239208,9.52,2025-01-20,2025-01-20
LTC,LaghRj6jjPWQ7D6XqrCa9Cdo3bHjntwgPY,3,1.93895546,201.99,3,1.93895546,194.07,2025-01-19,2025-04-27
LTC,LKxTVyaXDM61UepSzwLe2jsSuLY9KYbNrj,5,0.87882257,111.04,5,0.87882257,102.39,2025-01-18,2025-01-22
LTC,LawGTPbu39htZLn6yNauLjYcLdh7gqdxKV,1,0.17056973,23.37,1,0.17056973,19.71,2025-01-18,2025-01-20
LTC,LgV51RD1xkKJzjbF9Hv3H7BYWypxaF6Acf,6,1.84177705,199.73,6,1.84177705,199.07,2025-01-09,2025-01-20
LTC,LTmiaphvhyHbFC5isxDwfvq91Jg5XpF9Ws,1,0.42795651,49.45,1,0.42795651,49.45,2025-01-20,2025-01-20
LTC,LMoaHwmEekysHM2bZTc5EeV4wJVLiKnbTz,1,0.52989873,61.24,1,0.52989873,61.24,2025-01-20,2025-01-20
LTC,LeUNGgjwmV746Dtpcar7Rrj49TWTKicTFh,1,0.21787168,27.32,1,0.21787168,25.18,2025-01-19,2025-01-20
LTC,LTjXyjN9nLxz6hWGFPmdfWhU3pwUqzQAHQ,7,1.50435795,175.48,7,1.50435795,162.84,2025-01-07,2025-03-24
LTC,LPx7MsQikRJrz4VxGGzGJAxs1KTNqEiA1T,3,1.72927988,189.95,3,1.72927988,186.6,2025-01-19,2025-02-07
LTC,LKwnvpg4GNaompw8cSVRPbK7ikQfw3tq4s,1,0.96755787,132.59,1,0.96755787,111.81,2025-01-18,2025-01-20
LTC,LXFMa7AWsod2bmmj1FTxY9wDtt1T5cKLzH,1,0.1999,27.39,1,0.1999,23.1,2025-01-18,2025-01-20
LTC,LLpGf1ds5UfUXFiNd8xKFboYNByBKWeKxU,1,0.12054097,15.12,1,0.12054097,13.93,2025-01-19,2025-01-20
LTC,Lcwy31Copnijeb4yNi6BKNTDfQHfr17uN7,6,1.0811,125.8,6,1.0811,128.75,2025-01-15,2025-02-22
LTC,LKZFtW3ci3frt7gmUa9xwpWsz7bCr5o7jp,1,0.1199,16.43,1,0.1199,13.86,2025-01-18,2025-01-20
LTC,LcEzS3Ef3gVGbj1Qzpnbc6At2tR5zwRZwt,7,1.253285,139.42,7,1.253285,140.01,2024-12-10,2025-01-20
LTC,LgSUgKfVvKJrfLdJKM8B3WX3SMewjwcUTh,1,0.3424073,46.92,1,0.3424073,39.57,2025-01-18,2025-01-20
LTC,LVmamGmAPMTNcSSFPL3JR56jzAsy4VHBnX,1,0.17357845,23.79,1,0.17357845,20.06,2025-01-18,2025-01-20
LTC,LZfmQ6o7J6RhAPTgtACaUBxUvJaTYxWxsE,5,0.83666414,102.33,5,0.83666414,102.71,2025-01-17,2025-01-25
LTC,LhARrFHAeSvkds1nv6iSYY8PBeqA8WUszZ,2,0.13748348,17.86,2,0.13748348,15.37,2025-01-18,2025-03-24
LTC,LYfmiM47rRygBfqCUimf51SgTphUxKBEYn,1,0.08088495,11.08,1,0.08088495,9.35,2025-01-18,2025-01-20
LTC,LdkAVtc4fYfsZp4kEt7XPBLTS38YxeJHBh,1,0.07198567,9.03,1,0.07198567,8.32,2025-01-19,2025-01-20
LTC,LaVDbWZp9PYw2vFyxAaLmuH14nH1h3a9BJ,10,15.161,1652.12,10,15.161,1652.07,2024-11-22,2025-03-09
LTC,LY5gEGeyfet1wFGft251Qe5m6w1kHRheRF,7,0.28240354,32.72,7,0.28240354,32.76,2025-01-13,2025-01-20
LTC,LWqsbz5KDVLrkm6LZQFDVDtnUQficJKqNj,3,2.28576864,258.87,3,2.28576864,238.9,2025-01-07,2025-01-20
LTC,LZZrbNW7B1XnAbRaVkfHzF8kEbj7Fhx8TC,1,0.19407008,26.6,1,0.19407008,22.43,2025-01-18,2025-01-20
LTC,LWCNm2yZceKSdMGLFTaQAHqXzMuvoLPoYf,1,0.7222323,90.58,1,0.7222323,83.46,2025-01-19,2025-01-20
LTC,LNNmEddf5gkyee9ZLHY4WK5CyNgbbTcuy8,2,0.48943621,57.32,2,0.48943621,57.32,2025-01-20,2025-01-25
LTC,LXr8m4ALhMuw8VzXSNKXRAsTS2ZHf4tBDJ,1,0.3148,39.48,1,0.3148,36.38,2025-01-19,2025-01-20
LTC,LeiNHLsf7sV3RGefoU4P7V96SyhiX23CYw,2,0.67914632,81.05,2,0.67914632,79.97,2025-01-19,2025-01-22
LTC,LYmu9299G8oAU3o6tBqiPW4umJ48sizrA2,9,1.2928029,134.26,9,1.2928029,136.57,2024-12-28,2025-05-02
LTC,LRjVoDTSEXESR8oLf73tHZ1QTLk3pLKPrF,1,0.18030019,22.61,1,0.18030019,20.84,2025-01-19,2025-01-20
LTC,Ld7m7AVo3RiewtR6mtSExcVG72b8vjX8uD,1,0.1414,16.34,1,0.1414,16.34,2025-01-20,2025-01-20
LTC,LNZ2m9HuP68cvxp96JU2nkPqQ7N4i427u3,3,0.51442469,65.84,3,0.51442469,60.22,2025-01-18,2025-01-22
LTC,LhYUWMYU2qynWiWD7NyztkM96rrSf8Cgvh,6,0.9889279,96.55,6,0.9889279,95.79,2024-11-10,2025-03-06
LTC,LTcqS18EYKhuh216kGkFXwpjRLxkpNxNmx,2,0.301498,38.7,2,0.301498,35.34,2025-01-18,2025-01-22
LTC,LUR2pLhyk5eZJnqf8wd5hkKDSL9sUs7vxA,1,0.08185648,10.27,1,0.08185648,9.46,2025-01-19,2025-01-20
LTC,LKv7JNgDGoyp8ABFT4fvytppqquDsHioBf,1,0.09551942,13.09,1,0.09551942,11.04,2025-01-18,2025-01-20
LTC,LKq6BpKRK2SUs1mTvth8KRYuX5JTYSQFYx,1,0.84463728,87.23,1,0.84463728,87.23,2025-01-01,2025-01-01
LTC,LS4t7VBEpBsEfFsgKm5rBRDefvCgkL3VrS,1,0.86911249,86.39,1,0.86911249,89.76,2024-12-31,2025-01-01
LTC,La8x94f2mYNJ3yUH3D4EevvrMnSuhWdsTn,1,0.4994777,51.59,1,0.4994777,51.59,2025-01-01,2025-01-01
LTC,LUEr9ydRmhMrmEkcvJGNGo4SKFPH4QvPUJ,3,0.7158973,73.94,3,0.7158973,73.94,2025-01-01,2025-01-01
LTC,LdxsfZfRVZTRwhLu8tQ7TrbsrCWanmczjd,1,0.02384585,2.46,1,0.02384585,2.46,2025-01-01,2025-01-01
LTC,LRgyKAk3cbu1Z3gueDhEpQ3pqoaPbGxgRH,1,0.11835737,12.22,1,0.11835737,12.22,2025-01-01,2025-01-01
LTC,LMbhawv8UKRqBXAayACVbPsUDijo44dX2i,4,5.51873414,581.45,4,5.51873414,581.45,2025-01-01,2025-03-14
LTC,Laz7G4j3HoLbAX8yNxTsxByGiCpCWFDtQZ,1,0.19204766,19.83,1,0.19204766,19.83,2025-01-01,2025-01-01
LTC,LMuZCezXq2ffF1vzHhJJNimAvbD6CQcUmw,1,0.12251435,12.65,1,0.12251435,12.65,2025-01-01,2025-01-01
LTC,LPCTMoba3p6zwMpxfr2Sn8ucRPzT3FCUGq,4,3.39532944,350.67,4,3.39532944,350.67,2025-01-01,2025-01-01
LTC,LgKgT7eSS5QXPXnWQkajQa5WhtTxcuvYiU,2,1.49228591,156.0,2,1.49228591,156.0,2025-01-01,2025-01-02
LTC,LdUhoqW75wvLEADW2ACcq8RZDqZCRvLMPk,1,0.07202112,7.44,1,0.07202112,7.44,2025-01-01,2025-01-01
LTC,LLYgpE1Ewz7K5m2jQok9x5or2tJEQmfNDd,1,0.2286196,23.61,1,0.2286196,23.61,2025-01-01,2025-01-01
LTC,LTCC1o7q3DqzThqmA3NfHxfxBUcxMHdD4V,1,0.2214926,22.88,1,0.2214926,22.88,2025-01-01,2025-01-01
LTC,LfFdme2CmewwYVYXNMw4pQd8qWwj5bk2tk,4,0.30634739,31.52,4,0.30634739,31.61,2024-12-19,2024-12-26
LTC,LMdJsgPGKw9B5vb1xZqi16oKmBQWGB7FFz,2,0.06058783,7.02,2,0.06058783,6.91,2024-12-16,2024-12-21
LTC,LNmWjdvKS12ShYE81QKKbx5x7ukLQoxhdt,1,0.29164697,31.59,1,0.29164697,29.56,2024-12-19,2024-12-21
LTC,LX7KRMfyXbJ2RdR1ahfinxGunNi86gWY3X,11,8.53978974,952.76,11,8.53978974,965.34,2024-11-21,2025-03-11
LTC,LeuHRuiZ4JmrebDAc1smvRdGKgFvV8buQP,1,0.1937956,19.26,1,0.1937956,19.65,2024-12-20,2024-12-21
LTC,Lg8pjyv9z7aCwSFdNFyMKcxBnGawCmFCqY,4,3.54294097,362.85,4,3.54294097,359.15,2024-12-19,2024-12-21
LTC,LaQ8eRFxdKzmZMLLRVP2QeC3xrzTqLvajR,5,1.53019051,156.98,5,1.53019051,158.16,2024-12-14,2024-12-22
LTC,Ldjz4XzZVaevQ8ZAAvTAM7ywNfQ4EGS2e3,5,1.49494636,158.66,5,1.49494636,159.82,2024-12-02,2025-03-19
LTC,LR1UV48vKpfYnBtzt146ntTe7NRQCQSv7v,1,0.32327768,35.02,1,0.32327768,32.77,2024-12-19,2024-12-21
LTC,LMdX6mLiLTnZFG6c4xcujHeA1nZfRDBVD4,1,0.299,29.71,1,0.299,30.31,2024-12-20,2024-12-21
LTC,LU4Dg3uCLCdgh54dT6ZiBA2biHwz6mJ7XJ,1,1.1513894,124.72,1,1.1513894,116.72,2024-12-19,2024-12-21
LTC,LWCyVs818K3GRRReykAeWDjxnL9xCYCFWU,2,1.540693,153.08,2,1.540693,156.18,2024-12-20,2024-12-21
LTC,LLmQjaPAspKeyQA8MoYmu94Q3ewjTyMmaU,2,1.17529223,116.78,2,1.17529223,119.14,2024-12-20,2024-12-21
LTC,LWmNvKQxu99f6HizH859ptvoJNMgLcPWRs,5,4.108,393.02,5,4.108,383.43,2024-12-19,2025-03-19
LTC,Ldrn5U1ZJguZf5ahiFpBMVV3ztHefnvuTV,4,5.915477,652.92,4,5.915477,644.76,2024-12-12,2025-05-10
LTC,LgsxbbtnzSAmxmGbETxwUpa7s3seXXZcn6,2,1.97360952,196.1,2,1.97360952,200.06,2024-12-20,2024-12-21
LTC,Lfqkrx3ukignNyFy8wgys6Ubp38hKxv71z,1,0.111788,11.11,1,0.111788,11.33,2024-12-20,2024-12-21
LTC,LPLDUKBnzjnVKf4XZoA3uureCFStPVsRoC,1,0.16986922,16.88,1,0.16986922,17.22,2024-12-20,2024-12-21
LTC,LNAgRv3chVBQBUS87SZkpmzoWrRAYtY3Jo,3,0.3647,37.07,3,0.3647,37.18,2024-12-20,2025-01-02
LTC,LhK9KpgcyN1NtZSQdf61XHNky4WmZLg1GC,4,0.57958096,58.14,4,0.57958096,59.57,2024-12-21,2025-04-22
LTC,LZN4668GgTKsoccTouGzxGsoXSwQKXexLD,1,0.59975252,64.97,1,0.59975252,60.8,2024-12-19,2024-12-21
LTC,LKTQ9j22BZ8MDnyxWiA515iPUbAt3E8JRx,1,0.2306115,22.91,1,0.2306115,23.38,2024-12-20,2024-12-21
LTC,LMtMZWw7wSmMWiJyK93yP5UyGiZHfHQQsF,1,0.47476506,47.17,1,0.47476506,48.13,2024-12-20,2024-12-21
LTC,LVKz6YTu7XbBAovHuuB5EYVmenfgSRYD9Q,2,0.12176741,12.1,2,0.12176741,12.34,2024-12-20,2024-12-21
LTC,LcLmSwoHApMCsv5ge6uksVVzbbjMhz7t8V,1,0.30449945,32.98,1,0.30449945,30.87,2024-12-19,2024-12-21
LTC,LMVmkPeEk6oV44tHbBRFQeTr4vxuPMR9SY,19,5.62636,550.45,19,5.62636,540.82,2024-11-04,2025-04-03
LTC,LQpmruQ2voZimBFRiRW9ewD5MCT5kGGf7W,1,0.19507999,19.38,1,0.19507999,19.78,2024-12-20,2024-12-21
LTC,LQo2By97BhfrKTUHYRJVoXYvgEkRR8SbY1,1,0.40006215,43.33,1,0.40006215,40.55,2024-12-19,2024-12-21
LTC,LSGKKqG2C64vpUy265sdEXyVwA7BizbWRs,1,0.44927156,48.67,1,0.44927156,45.54,2024-12-19,2024-12-21
LTC,LPvdvHrC94433grpG737StvkgxFgWWJU9k,1,0.24315038,24.16,1,0.24315038,24.65,2024-12-20,2024-12-21
LTC,LaqoMRUpjan5wPsUCkmJ3WknDfbXMXhsh9,1,0.16101749,16.0,1,0.16101749,16.32,2024-12-20,2024-12-21
LTC,LQTtNtUDqnpvDkncYkfTedh6TFBqNgbtcH,1,1.13591692,112.86,1,1.13591692,115.15,2024-12-20,2024-12-21
LTC,LRsAMeC1tRWFF71bNdESQLvgiBLXtQdwoT,1,0.19193263,20.79,1,0.19193263,19.46,2024-12-19,2024-12-21
LTC,LWA6eCS94dp5bBZE3vf1X5vjhmEUvBGA7K,1,0.16462971,17.83,1,0.16462971,16.69,2024-12-19,2024-12-21
LTC,LZJSEYTV9tawQYJ4fJJygYKscGwb8CXJto,1,0.15617689,16.92,1,0.15617689,15.83,2024-12-19,2024-12-21
LTC,LaZZiCAGKawCbKdedDTQidqiCz2WUX1VZU,1,1.33480163,132.63,1,1.33480163,135.31,2024-12-20,2024-12-21
LTC,Ldv6kBWUmLq2pJYauTDG9pezP7QRuBcxQ8,1,0.11823685,12.81,1,0.11823685,11.99,2024-12-19,2024-12-21
LTC,LYC9MSKzsAnLjQnHCTyHbDHKPtw3h56JLW,1,0.16734416,18.13,1,0.16734416,16.96,2024-12-19,2024-12-21
LTC,LhdH3CxHCHZy81eiutnLGc2XZgJBkSMcGp,1,0.652,70.62,1,0.652,66.09,2024-12-19,2024-12-21
LTC,LKo6Vq7EWS3Rdh2nqm2nx6AixJ88DhxkT7,1,0.22415684,22.27,1,0.22415684,22.72,2024-12-20,2024-12-21
LTC,LPEvKSoeJwTE35B68LuJFYZBCcZVCxjU7J,1,0.2699,26.82,1,0.2699,27.36,2024-12-20,2024-12-21
LTC,LNWZ21gf6nC9zc2g6QJrn55TLoEzgiLwN8,2,0.82853831,78.85,2,0.82853831,78.85,2024-11-20,2024-12-21
LTC,LLJxHBAu4zEcxtcovjgm5WibHTNuZc6w3w,1,0.06076949,6.04,1,0.06076949,6.16,2024-12-20,2024-12-21
LTC,LKq52wzYDNg4YfigEVgZp1wtbjzyb3r58G,1,0.23584032,25.55,1,0.23584032,23.91,2024-12-19,2024-12-21
LTC,LfiwkC3QvjiXY8tcWM6RiKj6VjQupjSsXg,1,2.39277581,237.75,1,2.39277581,242.56,2024-12-20,2024-12-21
LTC,LLV5ffAKNZa6Ux6gARQFn6jyErp9xn11Qa,10,6.01203951,600.68,10,6.01203951,596.88,2024-12-14,2025-05-10
LTC,LWjxKZ7VtvBDJhrDLAwXyejo9DN4VTcaTP,5,0.655611,75.43,5,0.655611,74.09,2024-11-24,2025-01-09
LTC,LNvH8esLg5gyRXPExzaKxezHbkpeB3uKbX,2,1.10646043,111.34,2,1.10646043,112.29,2024-12-20,2024-12-22
LTC,LfZDqfxK8kRsUkNcPeLT4tJyG8wN9HvCQu,1,0.14945161,16.19,1,0.14945161,15.15,2024-12-19,2024-12-21
LTC,LYrwnorAgkbsL4py7qtzdt5efg7SYrP32z,1,0.19756977,19.63,1,0.19756977,20.03,2024-12-20,2024-12-21
LTC,LPf4Qq93rFRaEswncHGRpqgUhViEnJeXg5,7,2.24545778,239.68,7,2.24545778,240.5,2024-12-20,2025-03-14
LTC,LKmfnzUbk7e74brVA43ypNwYXZhyyGNoav,1,0.95560074,94.95,1,0.95560074,96.87,2024-12-20,2024-12-21
LTC,LUXYrKVJdMPQjeZSGocrwXQNivsfKF9VUz,1,0.3583136,35.6,1,0.3583136,36.32,2024-12-20,2024-12-21
LTC,LU6o9r8B1fTSuwKQosqYxenyoXDgjBUjt9,17,19.82941536,1907.14,17,19.82941536,1909.3,2024-12-10,2025-05-10
LTC,LLaJKjcfsGC7VVvRBUFuyPiFZoLXsLvqtG,6,4.82499484,365.23,6,4.82499484,397.43,2024-11-13,2024-11-15
LTC,LdzRbMQXbZPKfTEaZFhRxZwgsfKVHrbNhr,2,1.71979056,130.75,2,1.71979056,136.93,2024-11-13,2024-11-15
LTC,LbjpZLE6UYrHSkkPWEA9H5VKHFqAPkRwcL,4,0.38450673,31.28,4,0.38450673,32.26,2024-10-29,2025-01-07
LTC,LeatRG3NqCeDYBFCzzh6whUn5PV3xtVXk8,1,1.63460363,123.25,1,1.63460363,134.64,2024-11-14,2024-11-15
LTC,Lcwr95kEXacXH434tekabV9tUJyMXsw2eJ,2,0.24965186,24.53,2,0.24965186,25.63,2024-11-14,2024-12-07
LTC,LWPdRfbBcCoYwphDiye5dFdF3h25aFvirE,4,0.3706,27.91,4,0.3706,28.27,2024-11-10,2024-11-15
LTC,LTikJX1bSuAB15MDDTw7X4yhxYSfsASmDn,5,2.70503389,232.12,5,2.70503389,241.75,2024-11-03,2025-02-19
LTC,Lg5yUprk4VRahs5GaPHeFepvQxJADoWqnU,1,0.76436851,57.63,1,0.76436851,62.96,2024-11-14,2024-11-15
LTC,LiTq3Po7n7J6354xciC5kniZRkX2mawc5u,1,0.19039049,14.36,1,0.19039049,15.68,2024-11-14,2024-11-15
LTC,LZ5fgXN6a19sM1WQkmnrkejWJniabYkvaS,1,0.94335869,77.7,1,0.94335869,77.7,2024-11-15,2024-11-15
LTC,LX8UsztyopA879qGMkcHKVWJsNdySxZr1p,1,0.11282437,8.51,1,0.11282437,9.29,2024-11-14,2024-11-15
LTC,LUAjq5b9ubMTNtv6hwLBui3vLM414bRhA8,2,0.4398,33.16,2,0.4398,36.23,2024-11-14,2024-11-15
LTC,LMEbeGykQanm8PxJwGtyWw417Js7fRfmHU,1,0.52718601,39.75,1,0.52718601,43.42,2024-11-14,2024-11-15
LTC,LfPA9MEjEv6ZrJv4u4yzaziEBCi5ZFhwRq,1,0.2654656,20.02,1,0.2654656,21.87,2024-11-14,2024-11-15
LTC,LU2CGEbKFT44b9hhV3LBJ4VTUgVP1pHsCQ,1,0.2599,19.6,1,0.2599,21.41,2024-11-14,2024-11-15
LTC,LVGQMSwPe1wibwKQSTHqz6j5W6V4YLWsFV,1,1.1999,90.47,1,1.1999,98.84,2024-11-14,2024-11-15
LTC,Lbe9RUSB9rEryNVyGfWwdfZBp5rmtPuCLk,1,0.12714108,9.59,1,0.12714108,10.47,2024-11-14,2024-11-15
LTC,LR4q91bn93WiAv65RzowPnYBNYjvvtP6Hv,3,1.05463345,76.55,3,1.05463345,79.24,2024-10-18,2024-11-15
LTC,LL6ziqjUhoCbzkvHZuwzXWmJM4f45gF9nD,1,0.15734251,11.86,1,0.15734251,12.96,2024-11-14,2024-11-15
LTC,LLVuT9nfXBy3MAstZhzKGYULDo32Aop6ge,1,0.28077297,21.17,1,0.28077297,23.13,2024-11-14,2024-11-15
LTC,LVEc29npvf1TmXE28KVsha39QhzWUNrPUV,1,0.17257485,13.01,1,0.17257485,14.21,2024-11-14,2024-11-15
LTC,LVeP1CjxroNDw89hLbzSrQs5x8heqMYRjy,2,1.16125167,110.57,2,1.16125167,115.87,2024-11-13,2024-12-07
LTC,LYd76SJLuXwTWRLuhM3FLCwLgQfnWqk9mJ,4,6.03302395,476.64,4,6.03302395,480.77,2024-11-10,2025-04-03
LTC,LYGh58Mkduc9zFuCDnH6QFkNWgtVqMSyDm,1,1.1999,90.47,1,1.1999,98.84,2024-11-14,2024-11-15
LTC,LRaUD9XJjogT1njdFUj1K317cmg7uipFij,1,0.1625888,13.39,1,0.1625888,13.39,2024-11-15,2024-11-15
LTC,LQvjbF2DSMCvd9z9dP1q6JGD8B28fUKWnM,3,0.28706707,21.99,3,0.28706707,22.11,2024-11-13,2024-11-15
LTC,LdoXtesyHY2NwTz21gJvhf6SXjPAEjEL4g,1,0.01063868,0.8,1,0.01063868,0.88,2024-11-14,2024-11-15
LTC,Lanu877kLzWsGpUDrohieP81wutrryXhNA,1,2.87725409,216.94,1,2.87725409,237.0,2024-11-14,2024-11-15
LTC,LL2w2EG9nErRVcrRJznom8ZBNTMzjBLSW7,1,0.77521249,58.45,1,0.77521249,63.85,2024-11-14,2024-11-15
LTC,LYKZFYefknKdmUk8yK3SFN7ce76Qoj85Ux,4,7.42714267,569.84,4,7.42714267,583.09,2024-11-11,2024-11-15
LTC,LhHqPzPsBzyR4NwDv3WmjhQ4i5Zc73NvXx,1,0.13633325,10.28,1,0.13633325,11.23,2024-11-14,2024-11-15
LTC,LRVUPcmRV7R3c1gzy6spZpsjHsbnsPZvbV,1,0.75278806,56.76,1,0.75278806,62.01,2024-11-14,2024-11-15
LTC,LXmtbiUCnvZSe75F3n3TCMZaT23EgJ2Djw,1,0.60632982,49.94,1,0.60632982,49.94,2024-11-15,2024-11-15
LTC,LhX8GpneJL9yjCKPELYjuFQzWbYhPHPrPe,1,0.33061244,24.07,1,0.33061244,24.07,2024-11-09,2024-11-09
LTC,LNDPGDq6sQ7i7iiKUuFn8KUhCh2H6kJaJp,2,0.4384,31.91,2,0.4384,32.0,2024-10-18,2024-11-09
LTC,LNkPQGzL2u2fS7ejPVP6bSA8ZGr5BMU45Z,1,0.43145532,31.41,1,0.43145532,31.41,2024-11-09,2024-11-09
LTC,LTi9ZNxRe4GkU8tMo2BekBxyztvZspr2ir,1,0.16548256,12.05,1,0.16548256,12.05,2024-11-09,2024-11-09
LTC,Lh5tgXaob1MrPKfjWquPT7pb6q8JJihH8B,2,0.69501474,50.59,2,0.69501474,50.59,2024-11-09,2024-11-09
LTC,LRN39jvEW4JtDrdj2mr8RZAivViFcmU7Co,1,0.6799,48.59,1,0.6799,49.49,2024-11-08,2024-11-09
LTC,LVqaweu6wSHEP6i8aznH292ExmSMm2Ldvk,4,1.12905664,82.6,4,1.12905664,83.0,2024-11-07,2024-11-11
LTC,LM7wK96ozXHqbuyzuVxjzDZxghCnm1GN8H,1,0.346318,24.75,1,0.346318,25.21,2024-11-08,2024-11-09
LTC,LWMwBzNnYzwMj4U5MB49Tc7Viyu86aNL9R,1,0.19554968,14.23,1,0.19554968,14.23,2024-11-09,2024-11-09
LTC,LdCTDdpqRQnvW8RaLu3tBnr7hh6AiUi8ME,5,6.62643949,489.84,5,6.62643949,497.16,2024-10-28,2025-04-28
LTC,LLzy8PFF9fMkoYNGHCvQk7KShHJJxN7Rxm,4,4.63502875,336.93,4,4.63502875,338.47,2024-11-08,2024-11-10
LTC,LPofexgMRwWYXNHFud3VyrieDqtQgEwt1f,1,0.13221865,9.45,1,0.13221865,9.62,2024-11-08,2024-11-09
LTC,LbBc6ecFWc1Ew57sojCqBNb4FEE8kaSGBn,1,0.38644017,28.13,1,0.38644017,28.13,2024-11-09,2024-11-09
LTC,Lg9tKTeTZNiBjiDGfyFpyWrSiZedQ8Uz1S,4,1.55155995,116.16,4,1.55155995,116.16,2024-11-09,2024-11-11
LTC,LWzWzx1zp65cTZwKxjqp9HvRk5KAmwNiGX,1,0.47655765,34.69,1,0.47655765,34.69,2024-11-09,2024-11-09
LTC,LdXjC7exsWxtwAuWSQ9VCqATvB7d8qrLRE,1,0.39680231,28.88,1,0.39680231,28.88,2024-11-09,2024-11-09
LTC,LXRpz2ntxpDFxcq1a4ueSGtKrgh6Yb5a9c,1,0.3299,23.57,1,0.3299,24.01,2024-11-08,2024-11-09
LTC,LPij6xt4GTiCWVQgp2t9PTEYPxGnN7EKZ1,1,0.233676,17.01,1,0.233676,17.01,2024-11-09,2024-11-09
LTC,LRD1mrsd6LzH6o4Rwi9vxYXMWP72wKCpXu,1,0.35613846,25.92,1,0.35613846,25.92,2024-11-09,2024-11-09
LTC,LVZuNUNHSFvAW9F9faxVcNwaMg72YxBo5x,2,1.95681404,137.51,2,1.95681404,136.26,2024-11-02,2024-11-03
LTC,LU35EpkZRhfgKh9Vv8kKBSS1eM82E1X7g7,1,0.17887446,12.57,1,0.17887446,12.38,2024-11-02,2024-11-03
LTC,LdZwjLRmZ37p4x5mRRTQztwhJT5Yyj5v9g,4,9.26293713,654.63,4,9.26293713,639.41,2024-11-03,2024-11-25
LTC,LR9vXDjXWtLqwwgB7uMPnLRwp2zXM5RmMG,4,2.90667613,199.74,4,2.90667613,198.66,2024-10-11,2024-11-03
LTC,LL3NYc7X6QuJJbSX1gjh2TEB1ist6b8PQM,3,0.34786561,24.55,3,0.34786561,24.64,2024-10-29,2024-11-03
LTC,LPvQEQcvqM1Rxs5wD8GQ4keZQxrSEojTem,1,2.53023056,175.09,1,2.53023056,175.09,2024-11-03,2024-11-03
LTC,Lbk7DBsBL2STemiBTJ3PrktBfykwGXvsqp,2,1.0528814,70.11,2,1.0528814,70.57,2024-10-12,2024-11-03
LTC,LLBMof2Rgi3T6ijzwvC6qrkr3d5X9w9U62,1,0.37793262,26.56,1,0.37793262,26.15,2024-11-02,2024-11-03
LTC,LT6eHkeQe8oTidLAxHUSnEq5ygxn5gX6Et,4,0.69908745,49.12,4,0.69908745,48.82,2024-11-02,2024-11-03
LTC,LKwVs1LSn2WKMQ1bZQSAiiPLnu5J4A8UVL,1,0.46631724,32.27,1,0.46631724,32.27,2024-11-03,2024-11-03
LTC,LTujwziU6ff5xApWkwJnABKCJPECCHeKCY,1,0.39511994,27.34,1,0.39511994,27.34,2024-11-03,2024-11-03
LTC,LRRGwBRw67GYQyojMVq2uTJ43pLvzqyHfy,1,0.07502605,5.19,1,0.07502605,5.19,2024-11-03,2024-11-03
LTC,Lf1Dq5mdMgdgp6zddtJXqCag5Z4sMoPm88,2,0.5839922,41.04,2,0.5839922,40.77,2024-11-02,2024-11-03
LTC,LgsDmRo26qkUo53Xzaf5vu4oxi7eizWFWC,1,0.4439,30.72,1,0.4439,30.72,2024-11-03,2024-11-03
LTC,LcE6Wx4SzdnAGyesq4Q9dzh8DnsGwrJWtR,2,1.15828177,85.7,2,1.15828177,85.7,2024-10-30,2024-10-30
LTC,LdTzeZPyZLNyWwQoUwibJQymnPfYz8UVqM,1,0.2030379,14.38,1,0.2030379,15.02,2024-10-29,2024-10-30
LTC,LiZBCfiZh8D79ppTtnnxZwUgq3ga71ZfQM,4,0.80599808,57.21,4,0.80599808,58.22,2024-10-28,2024-10-30
LTC,LTLLFHHK6y7AXGtqFzqnAj7RJk293kqpza,7,1.0069,73.5,7,1.0069,74.27,2024-10-29,2025-05-11
LTC,LWvMwM2LxfyJ7TkJe8aCgRxWNnXkht6z6J,3,1.0039397,80.69,3,1.0039397,84.13,2024-10-29,2025-02-24
LTC,LfN6jz7HZSTfoEzYDog2PEwix9WUZZUcxr,1,0.55803571,41.29,1,0.55803571,41.29,2024-10-30,2024-10-30
LTC,Li5mXpf2FDuzweeBnJRfn1yt5mWhtviE2W,1,0.1095091,7.75,1,0.1095091,8.1,2024-10-29,2024-10-30
LTC,LfPpuUwsMmoSXpJrjVyvvZGomhT51LB4WV,1,0.48162928,34.1,1,0.48162928,35.64,2024-10-29,2024-10-30
LTC,LeYDrrfZvMZN2Qnpkhu7TjUQ9R1nfZNARH,2,0.21105657,14.94,2,0.21105657,15.62,2024-10-29,2024-10-30
LTC,LSNFYNTYCKwvWfzsnabZQLLNhgryrop4Ca,3,0.98271748,72.31,3,0.98271748,72.31,2024-10-30,2024-11-15
LTC,LLyxCjgCGLekEtfr3r34n98ydh8gFsMpq9,1,0.2056484,14.56,1,0.2056484,15.22,2024-10-29,2024-10-30
LTC,LfyTvfya3792ikviG8umTXV1dxfAR7s6Kc,5,1.91015552,136.41,5,1.91015552,136.41,2024-10-30,2024-11-02
LTC,LQaLekbvFQVVkmGa2yyJ14kHN1JUXSXFhC,2,1.5098,109.69,2,1.5098,109.69,2024-10-30,2025-04-07
LTC,LcKHF7E3E9kwiich8wDLX1CZw1yLHAPtRY,2,1.37018283,99.36,2,1.37018283,99.36,2024-10-28,2024-10-30
LTC,LVgv2ymQcqpM1T7JTFjdvm3P5Vwpbwip7S,2,0.380419,26.94,2,0.380419,28.15,2024-10-29,2024-10-30
LTC,LKzfwcBMpXmQwsu7XHtbYo96EZkcxM3hzB,1,0.33965458,25.13,1,0.33965458,25.13,2024-10-30,2024-10-30
LTC,LTsV7huyCyKrLN3WsKUr7Lbr7wHg8eWaQQ,3,2.07689416,178.79,3,2.07689416,184.8,2024-10-29,2024-12-03
LTC,LVWQ81xKg2Y4pMC2JNowHaajjcjRE4nMR5,1,0.2389613,16.92,1,0.2389613,17.68,2024-10-29,2024-10-30
LTC,LYKVVk5Zp5ZjJhN7mKFCcoNo8n26Vu5ntn,1,0.10937686,8.09,1,0.10937686,8.09,2024-10-30,2024-10-30
LTC,LNy6ReEndcwp9byWDPcsK2eN5rL19VgrSL,1,0.59187843,41.91,1,0.59187843,43.79,2024-10-29,2024-10-30
LTC,LLAxbvj5LcqEH5gBKJ7RxZrLQQUoDqAMXw,1,0.42252177,29.92,1,0.42252177,31.26,2024-10-29,2024-10-30
LTC,LNmhnqutoHEmgwtKGGc2ekKAX7wDF4XBbJ,7,1.58992693,118.73,7,1.58992693,120.66,2024-10-12,2024-12-05
LTC,LhCHiqBq1upNCJcVcMsirgJRPLzcsBcRmJ,3,1.66047075,128.3,3,1.66047075,131.8,2024-10-30,2025-04-10
LTC,LaUteftpZx6AZbWkcpei7yNy1eJSprboyn,2,0.36376229,26.06,2,0.36376229,26.91,2024-10-29,2024-10-30
LTC,LR8WXUwQSHGkyfbhh5qq5XEHbVN4qgNWGD,1,0.9373,66.37,1,0.9373,69.35,2024-10-29,2024-10-30
LTC,LXBjmWYzbUHmb68MA45uirP85z6vK5VgMF,1,0.189,13.98,1,0.189,13.98,2024-10-30,2024-10-30
LTC,LWh8J1CxjsYcionmFPmVK73hNnJpoHyMik,2,1.98232591,140.59,2,1.98232591,140.59,2024-10-28,2024-10-29
LTC,LMDcKuQj9VbEyDsNRpamgyDddXvk5dN2Rm,1,0.70029188,49.79,1,0.70029188,49.59,2024-10-28,2024-10-29
LTC,LWdFpFFikht1grQGyyH27xfrHDdKU8xHEx,1,0.19893593,14.09,1,0.19893593,14.09,2024-10-29,2024-10-29
LTC,LefD4PBY5Ss1dGj7C97EzpizKzf4sZrgRB,1,1.33797769,94.74,1,1.33797769,94.74,2024-10-29,2024-10-29
LTC,LMMPrux2xoxj8MPXV5cUV6nFCxhmbairfM,1,1.707191,121.38,1,1.707191,120.89,2024-10-28,2024-10-29
LTC,LKHpRRAtx1aav266tCeopsCFafgfyjqXmD,1,0.3048,21.58,1,0.3048,21.58,2024-10-29,2024-10-29
LTC,LfUQHnrRQ36AJtbWhG17cRNudnbabupmph,3,1.81047793,132.51,3,1.81047793,128.16,2024-10-20,2024-10-29
LTC,LTYkPF4zWcx44ZxLeMjWewvADwwd4HnWB2,1,0.23769679,16.9,1,0.23769679,16.83,2024-10-28,2024-10-29
LTC,LV8UjFcZ2ibm7bjPjrjfaf2Yvdfysrr5Dj,3,0.4486,31.65,3,0.4486,31.65,2024-10-29,2024-11-02
LTC,LWHntXTa7fms5iJzvVHouthDb3pv7DeY9e,1,0.23995615,17.06,1,0.23995615,16.99,2024-10-28,2024-10-29
LTC,Lf565aJmcvGCcFjUSYaSJUqQmXgcWqu2zg,1,0.30753374,21.78,1,0.30753374,21.78,2024-10-29,2024-10-29
LTC,LZToFPYF5vBeu1bDceDdxuDecjcfpiWFW1,1,0.24735468,17.52,1,0.24735468,17.52,2024-10-29,2024-10-29
LTC,LhspYvomBNtzHoLo3Rj4jUJF13MornLqAX,3,0.51715855,35.52,3,0.51715855,35.51,2024-10-27,2024-10-29
LTC,LhxYzJonAvqgk6osv78exWApLRmzmJjNsv,2,2.19,188.34,2,2.19,189.56,2024-10-28,2025-01-25
LTC,LdWwZMZpLpXY6dJzsyKjtVUxA2zoWm44mA,1,0.93033794,65.88,1,0.93033794,65.88,2024-10-29,2024-10-29
LTC,LVm991SsRVFs2rngTsTYurVb5KBwn3cxba,1,0.43886493,31.08,1,0.43886493,31.08,2024-10-29,2024-10-29
LTC,LeucbArNkAYDzCKnMzeV96y4VFsCFUH3um,3,0.411956,32.65,3,0.411956,33.32,2024-10-19,2025-04-27
LTC,LXSYNXNEyJFzc4hcaHcAq8Q6zDiwFRSa4p,2,1.12523153,77.69,2,1.12523153,76.17,2024-10-13,2024-10-22
LTC,LcsSCu2xjr4iXnAHPdp9SYBTytbBvzCR4e,1,0.34987961,26.0,1,0.34987961,24.76,2024-10-21,2024-10-22
LTC,LZjE59wYXyr6fmsGaLuSaNri7osEU6Rdp9,2,0.53232387,39.56,2,0.53232387,37.67,2024-10-21,2024-10-22
LTC,LfHpss48APuP2CWc9KxZ4qmpXvTAQYNBkn,1,0.49027352,36.43,1,0.49027352,34.7,2024-10-21,2024-10-22
LTC,LcbJ5J5NA1aenRWAcU6GxbUnDTgb4fCgLW,1,0.25181958,18.71,1,0.25181958,17.82,2024-10-21,2024-10-22
LTC,Lb3Jqny1EbvafNYJNR9EFAPKzBXTY41mYt,2,0.93785101,78.06,2,0.93785101,75.04,2024-10-20,2024-12-07
LTC,LUCEYyE1Y7xHnNzqbDrrsd245kKekfRXUB,2,0.42677234,31.71,2,0.42677234,30.2,2024-10-21,2024-10-22
LTC,LQ28imuywnbTDvknyhoChNBV6v1EmPCqqF,1,0.29800665,22.14,1,0.29800665,21.09,2024-10-21,2024-10-22
LTC,LWGDWRrtVvThWkC6g46jyiCTVWKv3PH1cy,1,0.16123041,12.08,1,0.16123041,11.41,2024-10-20,2024-10-22
LTC,LZLX36cv6SLf7z1RV5p74rVbUsm94iEvbM,1,0.16470784,12.24,1,0.16470784,11.66,2024-10-21,2024-10-22
LTC,LbhbYdfPKNSqihMmZG4oRbmp7Kw4UcQY3P,1,0.06962446,5.17,1,0.06962446,4.93,2024-10-21,2024-10-22
LTC,LSBrWE4rF566B5Q5UgpkPeXQWXL2JKnvYB,1,0.668231,50.05,1,0.668231,47.29,2024-10-20,2024-10-22
LTC,LTPQJXWp5sFkVGuXPnVoVHAHRVicAsYaqY,1,1.3499,101.11,1,1.3499,95.53,2024-10-20,2024-10-22
LTC,LbhezpYmFsU7fQFdRak3ziq1G8rRkezu87,1,1.32857,99.51,1,1.32857,94.02,2024-10-20,2024-10-22
LTC,Lgr7NYE3kzcvd2yhbHA5F7fmc5DKtXsrwd,2,0.4798,35.82,2,0.4798,35.11,2024-10-20,2024-10-22
LTC,LRpVaDTtHMqbbEeUh7MceXi2jsJWGh2tR3,1,0.39690558,29.73,1,0.39690558,28.09,2024-10-20,2024-10-22
LTC,LZmR4gaHz6AaZoZuA2bpndTwLxuMt4wzvJ,2,4.28407941,303.55,2,4.28407941,294.74,2024-10-15,2024-10-22
LTC,Lddm9ZWmr36bUWhmdTrgaQgvNzT75NRUn2,1,0.071,5.28,1,0.071,5.02,2024-10-21,2024-10-22
LTC,LReoBFFp7vr7xte5ArXGGwEoKtLURNi8Wv,1,0.29689936,22.06,1,0.29689936,21.01,2024-10-21,2024-10-22
LTC,LYffQ9MJ3K8apCzsTi3GVNVAGJhTu64tuf,1,0.43347613,32.47,1,0.43347613,30.68,2024-10-20,2024-10-22
LTC,LUeS9n5X85znH5C8xwhigug9TC8ndpDQVb,2,0.611712,50.08,2,0.611712,48.94,2024-10-21,2025-03-17
LTC,LQ2fse7z6dzumDYWrBjjaDw3C15veMYZnS,2,0.5018,37.29,2,0.5018,35.51,2024-10-21,2024-10-22
LTC,LiW6oY5uCE7ngmgrzgJueywXBGz2VQidma,2,2.61805618,195.36,2,2.61805618,185.28,2024-10-20,2024-10-22
LTC,LZnqBfcvwgwADzVeJkAtqWrgCHcDuR5geW,2,0.04641738,3.45,2,0.04641738,3.28,2024-10-21,2024-10-22
LTC,LZ654wuhk3WJUBcqLuBGibcc4N31Egs6aB,1,0.22259712,16.54,1,0.22259712,15.75,2024-10-21,2024-10-22
LTC,LXYhVtJuczU6Z2HQABVoH4kFqecTVajY9k,1,0.577157,42.89,1,0.577157,40.85,2024-10-21,2024-10-22
LTC,LhwFDAmAqvjprWkqUWxp98EpPKXVP2jQa7,1,1.3727,102.01,1,1.3727,97.15,2024-10-21,2024-10-22
LTC,LWkK8dmdVT8m8LB6ttP5nxtZ4kVk4EhSEw,1,0.35626,26.47,1,0.35626,25.21,2024-10-21,2024-10-22
LTC,LdwHpMGqGXm72Y5FTe7eaFSCXrM1Yr55vE,4,1.80949187,132.38,4,1.80949187,129.88,2024-10-15,2024-11-23
LTC,LdKJp6yzjpvm91ouYj8Vhb2SwmiVe5NP2x,1,1.66156965,124.45,1,1.66156965,117.59,2024-10-20,2024-10-22
LTC,LUyBkTLJN7qUSJwrkRpk2VuVy31Z6Ywyc5,1,0.14100394,10.48,1,0.14100394,9.98,2024-10-21,2024-10-22
LTC,LUZLkT4frfMwdcp24Z7jiY2H6ru5PcM6tG,1,0.28238616,20.98,1,0.28238616,19.98,2024-10-21,2024-10-22
LTC,LX2YcJtSFfJpkBTzfoNTCYACCmq6GgqxAh,4,17.9042545,1800.19,4,17.9042545,1788.79,2024-10-21,2025-02-09
LTC,LQMmR9MLNvUY8rriCXpgDRVkjqbk8UEGvP,2,1.4581558,110.21,2,1.4581558,106.63,2024-10-20,2024-11-11
LTC,LVdeKKSHBQMnfUjiNtc1z4S96Eixwe7N2J,1,1.5,112.35,1,1.5,106.16,2024-10-20,2024-10-22
LTC,LNrPhN7pPHfjR9gHHck1tJG6k4Ue7LxWX8,3,1.36060717,97.85,3,1.36060717,97.85,2024-10-17,2024-10-22
LTC,LTncvdG4kXaEQEgDtrgyiNFQCJvbjRGPLg,2,2.35151309,176.13,2,2.35151309,171.19,2024-10-20,2024-10-22
LTC,Lg9uRt79BdKLZCnUtFFL8T59RxWqTKiLUa,1,0.29826658,22.16,1,0.29826658,21.11,2024-10-21,2024-10-22
LTC,LYEmqVbHowiXH2158CpK13KuC5A1U1Sd2d,1,0.27613,20.52,1,0.27613,19.54,2024-10-21,2024-10-22
LTC,LXzr8UwtEiF36mxyGggqVbmQGVfkv5Lrj3,1,0.4429476,32.92,1,0.4429476,31.35,2024-10-21,2024-10-22
LTC,LN8cazKjer5EdADoetJXp94eWJ3HfQR4sW,1,1.323,99.09,1,1.323,93.63,2024-10-20,2024-10-22
LTC,LYjbZKSBtMF7FXFCg5uSJMq287wqDNJJsS,1,0.17820736,13.35,1,0.17820736,12.61,2024-10-20,2024-10-22
LTC,LMKnJfArduqiBTZQqFHKq2Yq3QYbx3esgH,2,0.74,52.37,2,0.74,52.37,2024-10-22,2024-10-22
LTC,LfBuS5S96AbGNJhi2WiWqoLWJgu4HXApWE,2,0.51478783,36.95,2,0.51478783,37.1,2024-10-17,2024-10-22
LTC,LMRJmAo8ks5FMrNVZT9hMFcpfi4mP83gyQ,1,0.36353,27.01,1,0.36353,25.73,2024-10-21,2024-10-22
LTC,LYQWGsCZEcCB7uiC7fajigaUg5v7XBWVTM,1,0.68929227,51.22,1,0.68929227,48.78,2024-10-21,2024-10-22
LTC,LStHF6dC3sHdZTfnGavkqZvUzLuEGyUDka,1,0.50984331,38.19,1,0.50984331,36.08,2024-10-20,2024-10-22
LTC,LX5Aau5niX1Y9Htq7cp56mDtCB51sNRz4n,1,0.293397,21.8,1,0.293397,20.76,2024-10-21,2024-10-22
LTC,LYfCZFR6yR8ZE4Qr5Pk2Krw6yWWR8zM3ao,2,1.5,109.67,2,1.5,112.35,2024-10-19,2024-10-20
LTC,LeznyvqWFdXcCAJ6FXCRCsbk8sTfPZNSvf,6,4.96545892,349.4,6,4.96545892,352.07,2024-10-16,2024-10-23
LTC,LZCD3fVyvyVnd5WtZZXZ3BFd57671uqVHj,2,0.56590216,40.94,2,0.56590216,41.75,2024-10-17,2024-10-20
LTC,LQKLhof8qTrJc3pi76SXCMpZigaxBXDDb3,1,0.42159179,30.82,1,0.42159179,31.58,2024-10-19,2024-10-20
LTC,LS6akyw2s2nwRJrn1jeFiyQD6VB6dXBptU,1,1.340725,98.02,1,1.340725,100.42,2024-10-19,2024-10-20
LTC,Lc4utaxHCJssjZQxUe4ELPhNva5qfK6ePK,1,0.17093402,12.5,1,0.17093402,12.8,2024-10-19,2024-10-20
LTC,LMA2oQ5iGY7gppu7JjXpTyXB9fc4bNkywj,2,0.68963135,59.15,2,0.68963135,59.81,2024-10-19,2024-12-11
LTC,LL1BeHWDRqUAg55P8sFNWReqyqcVWWGpPw,5,0.81642623,59.57,5,0.81642623,59.75,2024-10-20,2024-12-26
LTC,LLjc9ciezJcucw8xU6zC4n4VCywwhKpXtN,1,0.27108925,19.82,1,0.27108925,20.3,2024-10-19,2024-10-20
LTC,Lgt6JT8J3Sk9pd2sNTjieyJK9Xg6jPHH7y,1,0.22510604,16.86,1,0.22510604,16.86,2024-10-20,2024-10-20
LTC,Le5UgzJFJ836EKVuRs6rqDiccRZx5dJMLb,1,0.2499,18.72,1,0.2499,18.72,2024-10-20,2024-10-20
LTC,Le5WzrCcDALrmNevDCXdCufDi4WZMdAEKQ,1,0.2608,19.07,1,0.2608,19.53,2024-10-19,2024-10-20
LTC,LWKtafd4LGWmnNtP8fqegSVMdWAXQ4PNcb,4,0.41769528,32.23,4,0.41769528,32.99,2024-10-17,2024-11-25
LTC,LMGu34zm1MGECmGbPSoL3NLhNdsE53ZtZ9,1,0.53232965,39.87,1,0.53232965,39.87,2024-10-20,2024-10-20
LTC,LRq8kDB2LWtk6tWn3qyNnUBSekcsKmHUUW,1,0.1844,13.48,1,0.1844,13.81,2024-10-19,2024-10-20
LTC,LgraGtH1m3DTpHNKSN67PXmRPgbuWe2iHg,11,3.75168095,389.24,11,3.75168095,392.79,2024-10-19,2025-02-20
LTC,LRYpto49cDyHGetVJPDcX594Hor8XMG9ou,1,1.4999,109.66,1,1.4999,112.34,2024-10-19,2024-10-20
LTC,LN4ZMjMnz9jBwGUHW6vhW8SY3MaTSKo983,1,0.75209018,53.3,1,0.75209018,53.3,2024-10-16,2024-10-16
LTC,LcNCULxzq271FWGUnre2L14dshqTHzYnF2,4,1.60349685,110.27,4,1.60349685,110.27,2024-10-15,2024-10-16
LTC,Lc4SfGL1WwYGzfkBaPpBcYvg4qfqEZwzBB,1,1.09197816,77.39,1,1.09197816,77.39,2024-10-16,2024-10-16
LTC,LiS6mQ7y9ayirUVzLTXRDVsrVwbGxHZ6VL,1,0.31876791,22.59,1,0.31876791,22.59,2024-10-16,2024-10-16
LTC,LS1e1DyfqqDTWZ1QxcsKUja5oriuchVjas,1,2.10224172,148.99,1,2.10224172,148.99,2024-10-16,2024-10-16
LTC,LhtFGmSP3ymCKS6mRqgu2V353hzzhKfbr9,1,0.6150104,43.59,1,0.6150104,43.59,2024-10-16,2024-10-16
LTC,Lhq7wvLCix59hdzKZ1E5sbWQJxu7ea43Wq,1,0.24826324,16.59,1,0.24826324,17.59,2024-10-15,2024-10-16
LTC,LXuhX4ZobVxF6jAA4xLap2VViRPYPYrp9H,2,1.9,128.62,2,1.9,128.62,2024-10-16,2024-11-04
LTC,LgZW1EKFTVMPmgA33iPagDmzzv9dGKmgme,1,0.56140351,39.79,1,0.56140351,39.79,2024-10-16,2024-10-16
LTC,LYhr9ShK7d89UYo1CEk5deh7vM2MDbNjn4,1,0.2818891,18.84,1,0.2818891,19.98,2024-10-15,2024-10-16
LTC,LMiMEEZTAgL2isqwpz5W69TxbwZG6i9DBk,1,0.12973478,9.19,1,0.12973478,9.19,2024-10-16,2024-10-16
LTC,LRwdkYwsoVdnDmvFvi5k8w5fLrUupuyq83,1,0.1662493,11.78,1,0.1662493,11.78,2024-10-16,2024-10-16
LTC,LLi35537BPFALHpKuw4N1K9xx4FvB3Cwet,1,0.53892422,38.19,1,0.53892422,38.19,2024-10-16,2024-10-16
LTC,LezEC7cgB3FaaKhTx7ddGZhhr65dViCR6C,1,0.2899,20.55,1,0.2899,20.55,2024-10-16,2024-10-16
LTC,LSEyYP38FktpoR3BGm37ULzRUuERSGM4bG,1,0.0699,4.95,1,0.0699,4.95,2024-10-16,2024-10-16
LTC,LW6sPXUWHBfPMPkfv73j3z81D7zDZJ223T,1,0.18175487,12.88,1,0.18175487,12.88,2024-10-16,2024-10-16
LTC,LZ1ZeUJrcuKAWpg9GbuThAFGnAfAK13Vvs,1,0.31048669,22.0,1,0.31048669,22.0,2024-10-16,2024-10-16
LTC,LLtZd2wiV5nfscpT31dPR8F2Zmy8HqmdJ4,1,0.03794693,2.54,1,0.03794693,2.69,2024-10-15,2024-10-16
LTC,LUVsarAVYK8fCP2NHko6tYFSnWZuTpwzXe,3,1.78583365,126.43,3,1.78583365,126.54,2024-10-16,2024-10-19
LTC,LcAaz2y5JNYKEkAHDPMRnKH4CxZsw5yaXW,1,0.11067513,7.84,1,0.11067513,7.84,2024-10-16,2024-10-16
LTC,LLDYgZnZU1EEf4C2pg7UP7aSwmzCtYhJ2g,1,0.11207445,7.94,1,0.11207445,7.94,2024-10-16,2024-10-16
LTC,LZxSZrxc4kfhqtdwv6WMQoCpTiBFK5ttNU,1,0.20733836,14.69,1,0.20733836,14.69,2024-10-16,2024-10-16
LTC,Lb5hTWPVKBM78xka3bUTuFMtqstu5bXSd8,3,0.6589812,44.78,3,0.6589812,44.78,2024-10-14,2024-10-16
LTC,LQCc7V2HejKe1Uw1GEAJdTochb7xPxtnDk,1,0.43775499,28.98,1,0.43775499,28.98,2024-10-13,2024-10-13
LTC,LQ5bfa8ARq6xTT4EmdqLo3Mjza5a3uVCWM,1,1.49062485,98.66,1,1.49062485,98.66,2024-10-13,2024-10-13
LTC,LammRMKtafNTf8SXJysw3aZU5vwZzXLMt7,2,0.2571,16.88,2,0.2571,17.02,2024-10-12,2024-10-13
LTC,Lc6p8hyfu8jqW1UMDsUnvQEaZU573eRnWQ,1,0.31846229,20.89,1,0.31846229,21.08,2024-10-12,2024-10-13
LTC,LgMxegrRagFp3TYQjMFXMRYQHC3mN1z5co,1,0.18316488,12.12,1,0.18316488,12.12,2024-10-13,2024-10-13
LTC,LR5oKMg5kyXno8a7rWz1YtZNenvnnpN1SY,3,0.97706396,63.22,3,0.97706396,63.39,2024-10-11,2024-10-13
LTC,LaaBzd4QDHtJ3vrafiXPeCbZaEMNeWpMfR,1,0.2265952,14.86,1,0.2265952,15.0,2024-10-12,2024-10-13
LTC,LVrj5dMsV1SnVGc5oc83vvQNLWQ7NmWHyW,1,0.18724935,12.28,1,0.18724935,12.39,2024-10-12,2024-10-13
LTC,Lb8u8DMtEzvPfPKnc1Nn7aZSvFtk2Xowxx,1,1.80711843,119.61,1,1.80711843,119.61,2024-10-13,2024-10-13
LTC,LWGHLyDRctrXxzx9h9hDjgQ2w11TJ45L8M,1,0.7682,50.85,1,0.7682,50.85,2024-10-13,2024-10-13
LTC,LYtQXjyME1hDY1SR9xCyXr38FKt4cx5GiU,1,0.58665661,38.83,1,0.58665661,38.83,2024-10-13,2024-10-13
LTC,LgWmzhEcJognjAHNC6nzESeEp1UxG8Ky82,1,0.32336764,21.21,1,0.32336764,21.4,2024-10-12,2024-10-13
LTC,LME2Tk5PuE9BYVtEVRm6zLbbiigAeXn49f,1,0.24611354,16.29,1,0.24611354,16.29,2024-10-13,2024-10-13
LTC,LTcKdogTuRa7eUvYgPCBmhTcXXVySZ8Wo7,1,1.51011779,99.05,1,1.51011779,99.95,2024-10-12,2024-10-13
LTC,Lf9oMtibx9ctQij9Y9F9W1Lgh6NquoSEMQ,2,0.70969728,46.55,2,0.70969728,46.97,2024-10-12,2024-10-13
LTC,LfZmwgvzojF4SZU6cXqbkKHa2Hm4KWcmxz,1,2.042842,135.22,1,2.042842,135.22,2024-10-13,2024-10-13
LTC,LWnovUsaPWok7T2Bdum9SjVwFSarSJeetD,1,4.5123007,295.96,1,4.5123007,298.67,2024-10-12,2024-10-13
LTC,LYph2u2YhNigzdAMkLSoTFtLEuqfjh4qAN,1,1.12588786,74.52,1,1.12588786,74.52,2024-10-13,2024-10-13
LTC,LZG4NyZiggmNsvEvmizM1TJo8h6Uc62FCW,1,1.5132542,100.16,1,1.5132542,100.16,2024-10-13,2024-10-13
LTC,LZEXVFHezG8PMxJ7A4cxPTkxLH56Vq6ni5,1,0.3541435,23.23,1,0.3541435,23.44,2024-10-12,2024-10-13
LTC,LVpcq31CLZkkbDo6C5vvpxemgHYQZ854bF,1,0.98244553,65.03,1,0.98244553,65.03,2024-10-13,2024-10-13
LTC,LLWrMsMWA78of8uoUfaQrPhDk6eEEr1kRj,1,0.16530413,10.94,1,0.16530413,10.94,2024-10-13,2024-10-13
LTC,LYAWdxkCmXUBCXCDwYtgXkSPLQvodAyoR3,3,6.0797,433.9,3,6.0797,435.86,2024-10-12,2024-11-11
LTC,LLL42sy6hWYrdaXiTSRY7kPThu4i6wjbGH,1,0.19795575,12.98,1,0.19795575,13.1,2024-10-12,2024-10-13
LTC,LLcbQmARhZF433YR1xJJnt7Pu1Up7wpryK,1,0.33301708,21.84,1,0.33301708,22.04,2024-10-12,2024-10-13
LTC,LWY5oHUxZ9wwxK19nYAgvs3sPA2eBDBKPV,1,0.0980054,6.49,1,0.0980054,6.49,2024-10-13,2024-10-13
LTC,LaS4UZo7J1mC997UjotUnNUDf34vf9WFhW,1,0.2659,17.44,1,0.2659,17.6,2024-10-12,2024-10-13
LTC,LNFAnisiY6w98AoBomf1NhHoyRcYSGVPoV,1,0.4564,29.36,1,0.4564,29.36,2024-10-11,2024-10-11
LTC,Lfax1cC3EzF69adkrYjSQU7YpuWA7XF3r6,5,0.37460811,32.81,5,0.37460811,32.74,2024-10-11,2025-02-21
LTC,LQqmYXhysWrAMznhboQjmUTG9Zm5ZAJDEK,1,0.428471,27.56,1,0.428471,27.56,2024-10-11,2024-10-11
LTC,LYCibNFf5SJi9UwM4N8Ty5trRnWzxuj5oD,1,1.83730706,118.18,1,1.83730706,118.18,2024-10-11,2024-10-11
LTC,LQa5zC4Ne4AphREz5xsp2XuYFWuUV6uUj3,2,1.71584982,110.6,2,1.71584982,110.6,2024-10-10,2024-10-11
LTC,LfFpof8mcJ3RBnz3vSKQ45JXyXdgrdXWCD,1,0.24394672,15.69,1,0.24394672,15.69,2024-10-11,2024-10-11
LTC,LcyaykZWu8njxudc8qTNBgnQQNr4SKk4yP,1,1.537361,98.88,1,1.537361,98.88,2024-10-11,2024-10-11
LTC,LhVKUmFZKkKXSMVzSnX2ovzUhwZWQjF58b,1,0.54929565,35.33,1,0.54929565,35.33,2024-10-11,2024-10-11
LTC,LebLDEGtkPjNBySgopPK7pzKRmScWNqaN8,1,0.32022231,21.23,1,0.32022231,21.23,2024-10-06,2024-10-06
LTC,LZEtTJ8K8V1mtnTnRM1c5UW35pQGRboHuz,1,0.05887019,3.9,1,0.05887019,3.9,2024-10-06,2024-10-06
LTC,LdEZ8zGuiMnN77ZL6hbikzWKoUQrf9idAx,1,1.04160375,69.06,1,1.04160375,69.06,2024-10-06,2024-10-06
LTC,LQJ9SkB9HRhaMhPGyVE8NTw4i61Jamsjgn,1,0.11727581,7.78,1,0.11727581,7.78,2024-10-06,2024-10-06
LTC,LXUFb3Tf6ppXA9NchUGhAL6agSiUeVdep3,1,0.444455,29.47,1,0.444455,29.47,2024-10-06,2024-10-06
LTC,Lf28FNPAC9CuFki2QdEKgFEXCFCLYVh8Kc,1,0.28120853,18.64,1,0.28120853,18.64,2024-10-06,2024-10-06
LTC,LKz3tucKpVpSeGdFbrcHievYcBNyAYqxVE,1,0.58754099,38.95,1,0.58754099,38.95,2024-10-06,2024-10-06
LTC,LUs6hxMhED3HmP1t3BFtPTutfRMnahet18,1,0.51933988,34.43,1,0.51933988,34.43,2024-10-06,2024-10-06
LTC,LaHozdVfqN8kMubkvoGX8QaBspV7mRPQzS,2,1.506158,99.15,2,1.506158,99.86,2024-10-05,2024-10-06
LTC,LTciqJzDTXySawnPNjvTJuejXJ93EayQLf,1,0.06599151,4.38,1,0.06599151,4.38,2024-10-06,2024-10-06
LTC,LewZRo6rNiC4HWMjXLbSpiRNUvQ1jH3Rkk,1,7.43273375,492.79,1,7.43273375,492.79,2024-10-06,2024-10-06
LTC,LQVqF5VuEPt5EYpqiKopMN9wGzzPa9cvAA,1,0.16942712,11.23,1,0.16942712,11.23,2024-10-06,2024-10-06
LTC,LLbpL6M51mfCpyuJLur5rGPDw2w6rXPPHG,1,0.29810702,19.76,1,0.29810702,19.76,2024-10-06,2024-10-06
LTC,LLw1wx2PhscjkwFwRiDRTFmYiyyBK6U49g,1,0.215,19.69,1,0.215,19.25,2025-05-07,2025-05-08
LTC,LatUFKgCMqPmpR1WA6mD6jqYDEm9i2Cypz,1,0.16887226,15.47,1,0.16887226,15.12,2025-05-07,2025-05-08
LTC,Lfkjz7kRfS9R4eyQcVL5anPtLKvD3ifZsp,1,0.10548434,9.44,1,0.10548434,9.44,2025-05-08,2025-05-08
LTC,LVapQALacEFKgRgGw1C7Vnn2bfHyCr4p7y,2,0.48480685,42.64,2,0.48480685,43.4,2025-05-06,2025-05-08
LTC,LLbUp4QJMBVSqKXQVZbpNeP3nHMZJCdDyJ,4,1.354589,118.04,4,1.354589,121.24,2025-05-06,2025-05-10
LTC,LL8wiecurdmULC3AxC1aL2U15L1zda5zrV,10,2.41472385,207.28,10,2.41472385,210.69,2025-04-18,2025-05-13
LTC,LTV7uazmxgvPuHK25c8S6fyn2Ls7Pbcs4D,4,0.53582813,48.17,4,0.53582813,47.99,2025-05-02,2025-05-13
LTC,LbP6bUnZuBVXC1cSqHwhBDqwYjx5qHgYGy,1,0.70270625,58.5,1,0.70270625,62.91,2025-05-06,2025-05-08
LTC,LV8FvYJfn3FqHaHzytv4BfD7ysoiTFCQYp,2,0.59310471,54.8,2,0.59310471,56.54,2025-05-08,2025-05-10
LTC,LSzDdd2gsPhUGs8qVUue6y1BphxcnqDkK3,11,1.73775138,154.09,11,1.73775138,154.15,2025-05-03,2025-05-10
LTC,LLemZMA7uuquG29iF6cPsSU1aG4aVBx3uR,1,0.30210019,27.04,1,0.30210019,27.04,2025-05-08,2025-05-08
LTC,LesSnfjpxhGgN6ZxC2HAS33Ezecj8v7xFh,9,1.9542,169.35,9,1.9542,171.95,2025-05-01,2025-05-08
LTC,LiN5C5m1dgWqUMSNSyNbeVmZtMJMp6Kysx,1,0.64100915,58.72,1,0.64100915,57.38,2025-05-07,2025-05-08
LTC,LZMKwm8wHxZQyMJ4RXxHbJFkMAca9pMkrH,1,0.2447542,22.42,1,0.2447542,21.91,2025-05-07,2025-05-08
LTC,Li3Zq78JCo3KLWk3oZ2mwEbSTubKLxtoG2,5,0.8395,78.04,5,0.8395,78.04,2025-02-05,2025-05-08
LTC,LND3GvmPmvrX13hdscib949gK1XxGmL9MY,1,0.21523567,19.72,1,0.21523567,19.27,2025-05-07,2025-05-08
LTC,LW7uFS6tMzbJC55HQRxUw9gLoxpjXru3AQ,1,0.159659,14.62,1,0.159659,14.29,2025-05-07,2025-05-08
LTC,LNAMBvajoFC3Uq9A6pa2Cy3NhdqQ1wSG6Y,1,0.38182513,31.79,1,0.38182513,34.18,2025-05-06,2025-05-08
LTC,LZ3wKUPcr61rhgJKyg7Cyijh1APvVzfP9a,12,9.90789915,905.34,12,9.90789915,905.2,2025-02-21,2025-05-08
LTC,LeaddLHBTdsC8rdVmbehH4eqJXdrvc3nWW,6,1.90534616,171.0,6,1.90534616,172.65,2025-05-06,2025-05-10
LTC,LUffWBXQtcyv3mW5LKwZSgCzaqfB6G5CXT,1,0.4101242,34.14,1,0.4101242,36.71,2025-05-06,2025-05-08
LTC,LNKwrAYJNP9C5jfhyNrVrEsMSF62eW1Rtb,2,0.76927626,68.2,2,0.76927626,66.7,2025-05-05,2025-05-08
LTC,LQtetCidcoGEr3bQ1FUDCFN2fQnTHLVpsC,1,0.16635282,15.24,1,0.16635282,14.89,2025-05-07,2025-05-08
LTC,LPqrf4qE5uFBuJYt43XaQdFiYe9a8RgG3v,3,2.73856757,248.51,3,2.73856757,251.9,2025-05-08,2025-05-10
LTC,LdDzHxPjjmiFTrg185Ho7XjD2S24ghfqcL,1,0.1003904,9.2,1,0.1003904,8.99,2025-05-07,2025-05-08
LTC,LYUWzaWoD2xhhN9jFRbRGQ5vd7jU4yQyMG,27,9.6187707,834.07,27,9.6187707,814.71,2024-12-25,2026-09-06
LTC,LYEsuwzSJehpUKs9DHsk6ZWWDurWi7GnVf,1,0.17012589,15.58,1,0.17012589,15.23,2025-05-07,2025-05-08
LTC,LYY9K538aVhNiekHxHMeJx2kuzHuNobZN5,4,0.9809058,81.26,4,0.9809058,82.12,2025-04-15,2025-05-10
LTC,LddJg6b6y9rg5371aGnguTgjSgb4WUhBz4,1,0.14443114,13.23,1,0.14443114,12.93,2025-05-07,2025-05-08
LTC,LYsMynjNnkTiEQZHPiQd83uQxKqDV3xe1i,1,0.5903356,52.85,1,0.5903356,52.85,2025-05-08,2025-05-08
LTC,LPT63K7t4WEdt9LzmR7oJoqXsrF4HkoCxg,3,0.4297,39.07,3,0.4297,39.68,2025-05-08,2025-05-10
LTC,LUUPURNtRis68uuk6XhvQWvsybXSpcbTzx,1,0.33403852,30.6,1,0.33403852,29.9,2025-05-07,2025-05-08
LTC,LdfTtVi763z4XQ4ZBDRYaJd2pDYGi4SeXi,3,1.02361969,87.6,3,1.02361969,90.25,2025-04-12,2025-05-10
LTC,LMsS9wf8u6idGHzunEZXXpZ9Yv1tQ1RfgV,13,10.49886354,906.74,13,10.49886354,905.21,2025-04-25,2025-05-08
LTC,LcXLs5na7ppDhKtNpyx9SgX9vXE1Ft6Bve,1,0.17568159,16.09,1,0.17568159,15.73,2025-05-07,2025-05-08
LTC,LPE4CXzyntotviGrcyidQBWcd2SyWSABNe,5,1.04301232,87.16,5,1.04301232,89.54,2025-04-18,2025-05-10
LTC,LULnbANYDpSguHhaQ3xGBeEDKh6e9Wcnaw,1,0.09050061,7.53,1,0.09050061,8.1,2025-05-06,2025-05-08
LTC,LXxZrQxqSXLT7YXGFxyvZZJvHkK2vFkRJv,1,0.54418807,45.3,1,0.54418807,48.72,2025-05-06,2025-05-08
LTC,La3nz9N7pPg9ksmhBVwuU1ScGHDSra7u4d,3,3.05657692,267.11,3,3.05657692,263.43,2025-04-28,2025-05-08
LTC,LfE3LwZKmM3W3xAtFd5nNnq4ocAuybrECr,3,0.4139581,40.79,3,0.4139581,41.9,2025-05-03,2025-05-13
LTC,LgZuAMRqfKg3sUvwtfVuQGRVmG47AcV4uf,1,0.107792,9.65,1,0.107792,9.65,2025-05-08,2025-05-08
LTC,LM4oPZfAmnMVj4Pmm3CcVuvZQafYeJbQjc,2,0.1197599,10.72,2,0.1197599,10.72,2025-05-08,2025-05-08
LTC,LWvrT5eh44Frs5EV949q96Dj3JjVKx3qg9,1,0.164,14.68,1,0.164,14.68,2025-05-08,2025-05-08
LTC,LNW89uWVkdYTmzBDf7o7uh4X9RfwXbq6by,9,3.58699804,386.73,9,3.58699804,385.41,2024-11-18,2025-05-08
LTC,LMgioFC5oBANMPpfvt8uPVo5GotdFazde8,1,0.108865,9.97,1,0.108865,9.75,2025-05-07,2025-05-08
LTC,Le8PwrM6DMFZbbpXzsB9NFvaCe5Qc9Zxpe,1,0.3999,33.29,1,0.3999,35.8,2025-05-06,2025-05-08
LTC,LQF83nzct5jhjSdQK2XAj8jEvMEnYTZs8S,4,2.23668593,191.63,4,2.23668593,188.62,2025-04-15,2025-05-08
LTC,LUBPAboF533HcdZV177TogxJXRLKwGDkYf,1,0.49491328,41.2,1,0.49491328,44.3,2025-05-06,2025-05-08
LTC,LYGJV44uhsLY5bFFVfznsocxXfwtLyHrzX,7,2.69830792,272.32,7,2.69830792,273.28,2025-02-03,2025-05-13
LTC,LNUFLuNFZFgkjf7kbmBURDSQnYZ7QE1Hat,1,0.11343894,10.39,1,0.11343894,10.16,2025-05-07,2025-05-08
LTC,Lbg6exP4EXdo1J1gzF9CVUEKkcaMcFDQxe,1,0.32651284,29.91,1,0.32651284,29.23,2025-05-07,2025-05-08
LTC,LYAvniYzakddtZR28TKCWbCykoJAS53z3t,1,1.29268555,118.41,1,1.29268555,115.72,2025-05-07,2025-05-08
LTC,LUvTt3zRwSyH8zHeZDyZYNkQTNoKyrx8G5,7,3.83209385,335.58,7,3.83209385,341.35,2025-04-23,2025-05-10
LTC,LfvjYSQ7QzSYgw7VTTzEx4gwBsRP2T5pRF,1,0.12568364,11.51,1,0.12568364,11.25,2025-05-07,2025-05-08
LTC,LTEy2rzsHfN58EoCRNeK1PqSKCxjVfVYmH,4,0.52324897,45.91,4,0.52324897,45.71,2025-04-26,2025-05-08
LTC,LcGatcP6RewWWAn6YSvcGRmgRACASr84qG,2,2.5,202.31,2,2.5,203.81,2025-04-11,2025-05-08
LTC,LT6sMcN2TGpSbXkmyh53voB23CsJUiEVZG,6,0.75145702,68.83,6,0.75145702,69.14,2025-03-17,2025-05-13
LTC,LSH1QZQNjVnLuUMG7cPdSbhcbrfc8xkWP2,7,1.68784561,180.02,7,1.68784561,179.72,2025-02-25,2025-04-24
LTC,LKmSzY15HoMvKQLuajNCYGRtPdYfYxJqSR,3,0.99735742,84.06,3,0.99735742,83.94,2025-04-21,2025-05-02
LTC,LMf5ZJeHp9j6C7a8hVbqYN3jNtk4qrnnRi,1,0.68601198,57.28,1,0.68601198,57.12,2025-04-23,2025-04-24
LTC,Lfudv7hbzeHd9JLDHkcZM2UXKEdrGEJJ4Q,1,0.13481602,11.26,1,0.13481602,11.23,2025-04-23,2025-04-24
LTC,LSRLWH2AqpPZjdcZwmmNkvTra6SnHdYi2r,7,0.80825651,67.49,7,0.80825651,67.3,2025-04-23,2025-04-24
LTC,Lh2jM6ya4peWUrNXT3DwyzcQSH74CxWVgB,1,0.5099,42.46,1,0.5099,42.46,2025-04-24,2025-04-24
LTC,LRoBWpahgTahmJhruCMAAh5GRVCx9Vcoqs,2,0.38,31.69,2,0.38,31.64,2025-04-23,2025-04-24
LTC,LajHFbAkP2nK5GN5CapxK8HUJAj3PcuXjR,6,2.03169862,191.87,6,2.03169862,192.59,2025-02-07,2025-04-30
LTC,LhHSBeDUsRnaUDagHXqxiYLEfNeQi4sV1Y,2,0.34821213,28.06,2,0.34821213,28.02,2025-04-21,2025-04-24
LTC,LKdXAixPmMMkq39kYE8dTtfRZJbdZJ5xvC,1,0.15734688,13.1,1,0.15734688,13.1,2025-04-24,2025-04-24
LTC,Lcp6JqXkgQdEhyjqL51x76Efgyk4nfzs9Z,4,3.50549139,301.06,4,3.50549139,300.9,2025-04-22,2025-05-03
LTC,LZMEYGjMhZBFqtJQBZjWVyhkGfVEAtCenj,3,2.5584,204.11,3,2.5584,207.52,2025-04-12,2025-05-05
LTC,LcgyAVZt6AwMEjttg3mpYUJApWPkwVPgoV,5,1.30958536,110.34,5,1.30958536,110.22,2025-04-23,2025-05-06
LTC,LRFouAG9ts3EWHokhzczma34DX9mHch9D1,2,0.70452394,58.83,2,0.70452394,58.67,2025-04-23,2025-04-24
LTC,LhNgcDS8XGwaoUZVGmR1a8JyVB43qcn626,1,0.10723222,8.38,1,0.10723222,8.93,2025-04-22,2025-04-24
LTC,LQZrxv3fdqcNv93jYRw6asgj7TMdvbVCcv,2,0.1350719,11.3,2,0.1350719,11.22,2025-04-02,2025-04-24
LTC,La5ZsqSPzhPQPBdZk7CM7BUCNViJg4BQRu,1,0.22248509,18.58,1,0.22248509,18.53,2025-04-23,2025-04-24
LTC,LarAcRCPNsUBRys7U8pnC9kVLBvpB3Y185,1,1.79118789,149.15,1,1.79118789,149.15,2025-04-24,2025-04-24
LTC,LQcE6SxZBNeyCggwF8BBUeJ97rjyU7FsxB,1,0.13214832,11.0,1,0.13214832,11.0,2025-04-24,2025-04-24
LTC,LKoSpzRiFnZfbPXMJAUC6jKLzhsKgJ6Jbt,5,0.97576175,79.19,5,0.97576175,79.06,2025-04-21,2025-04-24
LTC,LcNw3arPJKYsferSNLQUwfeTrcQxa8FHED,1,0.14064873,11.74,1,0.14064873,11.71,2025-04-23,2025-04-24
LTC,LejfRopdLarXy7t55CGXBbpYboWSAywBtk,2,2.30396405,205.44,2,2.30396405,205.27,2025-03-07,2025-04-24
LTC,LLyKKHudpGpman3CCEmZpnuLzXmW3jR1jB,1,0.88609747,73.99,1,0.88609747,73.79,2025-04-23,2025-04-24
LTC,LYFBcaSgPZFPeHLN72PqAUxrKQijxccdRE,1,0.2174701,18.16,1,0.2174701,18.11,2025-04-23,2025-04-24
LTC,LRJRVCP5Eq15mo3Wa1oyggX6P1qFHMzeRn,1,0.4349,36.21,1,0.4349,36.21,2025-04-24,2025-04-24
LTC,LbeRkfKA9H1gCaiUejESwEJWAu6QqRuYHK,1,0.13581285,11.34,1,0.13581285,11.31,2025-04-23,2025-04-24
LTC,LLmAe1B1AxrwwMGxDWUfUFvo7opizYb4bH,2,0.3598,31.06,2,0.3598,30.57,2025-04-24,2025-04-28
LTC,LN55Jk1qdgVAYRj7TJDkUEvyMwvEUatHhL,4,0.73147231,59.32,4,0.73147231,59.29,2025-04-21,2025-04-25
LTC,LbScKeALS5GSygDyr8RR2S6UnWfmWNpCqr,8,3.57988774,346.87,8,3.57988774,350.61,2025-01-14,2025-04-24
LTC,LcUokenvEUr3zoFAZLTKFifC498fpY1YxB,3,0.27619392,23.95,3,0.27619392,23.93,2025-04-23,2025-05-02
LTC,LYu2UosdtStToujDCo6c5XPkeMkGt3dYua,1,0.18260393,15.21,1,0.18260393,15.21,2025-04-24,2025-04-24
LTC,LKN9MVMccDikdwKRLLQQCHT8qvA6GE1vkR,1,0.3717578,30.96,1,0.3717578,30.96,2025-04-24,2025-04-24
LTC,LYPZQAeVTurzJ3gYWmsW9hsgLpDMBayb7N,1,0.36875165,30.79,1,0.36875165,30.71,2025-04-23,2025-04-24
LTC,LSZkNjLzGRaWBPCf7bPUCzAzqZZFFVu9Eu,6,2.1121742,163.99,6,2.1121742,165.09,2025-04-09,2025-04-25
LTC,LhLqUvkbS1Nmhh5jYtKAwVqEdZWp9ndSyN,3,0.6873252,54.02,3,0.6873252,54.3,2025-04-12,2025-04-24
LTC,LcPWiijsHegNYdErvLfyxJZGfCQD6ThTfd,2,0.87028528,72.67,2,0.87028528,72.47,2025-04-23,2025-04-24
LTC,LbCWnvTZAZg5YnBzNeNnntZ1SD2qT1kqZP,1,0.15701988,13.08,1,0.15701988,13.08,2025-04-24,2025-04-24
LTC,LebXJioCsFQD6iPauA392JQJr4SLSu4URp,2,1.36736372,113.86,2,1.36736372,113.86,2025-04-24,2025-04-24
LTC,LfWUv7fhv1sMwgRdBnsJTF7CzLQSkLH7Lo,5,2.77081583,241.12,5,2.77081583,240.36,2025-04-18,2025-05-13
LTC,LL3YSPpuTba9DMjBmHFsqRk7XrF3Y1r4QS,1,0.02354048,1.97,1,0.02354048,1.96,2025-04-23,2025-04-24
LTC,LRqLNigPBCroRR4aLFW3HzZ7dvs7eV5fgu,1,1.2999,108.54,1,1.2999,108.24,2025-04-23,2025-04-24
LTC,LTNYgwVXgetVTv7mDdtVHpfN8tf7XUZ25c,1,0.53626536,44.65,1,0.53626536,44.65,2025-04-24,2025-04-24
LTC,LPHydx5NZDt6cSiedgRtbjuVd3Xn7aSGQg,2,0.3647446,28.11,2,0.3647446,29.03,2025-04-10,2025-04-24
LTC,LWLMQUiVYpMx21y31E4UaxwTsiif7wL8SP,2,1.91382765,154.92,2,1.91382765,154.64,2025-04-12,2025-04-24
LTC,LT9K2XeyVJSL8jE37Vt1cKYQbvy2doJYUC,1,0.5983629,49.83,1,0.5983629,49.83,2025-04-24,2025-04-24
LTC,LSVTBJsgo2oXMjx58Zz85vfrA7RiSKhak9,1,0.59508335,49.55,1,0.59508335,49.55,2025-04-24,2025-04-24
LTC,LUivfWB1v9MKb3z42Nch1NRUqBHvojXadE,1,0.28366712,23.69,1,0.28366712,23.62,2025-04-23,2025-04-24
LTC,Lh7Zf8DggPQ5HudLiTAL34QAtT4ZLTjbNQ,1,0.30040855,25.08,1,0.30040855,25.02,2025-04-23,2025-04-24
LTC,LZx9S1eWqyPkeci5R97KrWkzuHBRndy5Yo,1,0.47562425,39.71,1,0.47562425,39.61,2025-04-23,2025-04-24
LTC,LaXdXgtoxvfKEYUckroHTLg5zVjFQQEpLk,1,0.14846271,12.36,1,0.14846271,12.36,2025-04-24,2025-04-24
LTC,Lc84TY2a7rk99C7Xki3KGakoXu9vveoMA1,4,1.406268,114.55,4,1.406268,113.54,2025-04-14,2025-05-04
LTC,Lf6Fi8Ki5nW7i22yjaFSQGEx8KcL2cGxED,1,0.31610652,26.32,1,0.31610652,26.32,2025-04-24,2025-04-24
LTC,LWg3q42SkJ6vAChu4ZfQJ1FkkX1JnCbWPX,1,0.36280082,30.29,1,0.36280082,30.21,2025-04-23,2025-04-24
LTC,LeFWd3mru3xpMNnsC2ZudAE3BgB1XW4yQt,1,0.183,15.24,1,0.183,15.24,2025-04-24,2025-04-24
LTC,LWg2RaWmHVdY9pK4pow6UeHGxnzb1xzwFi,1,0.41497426,34.65,1,0.41497426,34.55,2025-04-23,2025-04-24
LTC,LUoBSWH5RLHXaTUzWFrSydMTWtEX3wHJum,1,0.58808376,49.1,1,0.58808376,48.97,2025-04-23,2025-04-24
LTC,LYCmo9vNZY593137nBnpxUcGVM6ofceywy,1,0.17973847,14.97,1,0.17973847,14.97,2025-04-24,2025-04-24
LTC,LNNaDFUuk39wSxWA4rVQsFK23jZjz3HMsJ,1,0.21642743,18.02,1,0.21642743,18.02,2025-04-24,2025-04-24
LTC,LTNhuW3XZRT2PEM7NVCaWTUL3mg38pTeTj,3,0.47899393,43.95,3,0.47899393,42.95,2025-03-16,2025-04-24
LTC,LSXzvi7ZoZnGArjMHfhnezJQCPYVutbNpF,1,1.21226563,101.22,1,1.21226563,100.95,2025-04-23,2025-04-24
LTC,LQ11EuDuwDDcayj6RPqP1u4c12g8tZMDTv,3,0.88847023,75.27,3,0.88847023,75.27,2025-04-24,2025-04-30
LTC,LbeqAWeSarEYy6Mk8WVTuS3qFrxm4Tgvue,3,1.69741357,138.91,3,1.69741357,138.78,2025-04-22,2025-04-24
LTC,LcciQh6nz6r9wQHoSeVrox4twN8xCfP3vy,1,0.0596546,4.66,1,0.0596546,4.97,2025-04-22,2025-04-24
LTC,LRysyv4kwdHFPLmDDKtDfaD2ZUC5TSPgZP,1,0.17353262,14.49,1,0.17353262,14.45,2025-04-23,2025-04-24
LTC,LUjGNUNoGFPmLmqybtoRdnHeoub5o4hnqd,1,0.1199,9.98,1,0.1199,9.98,2025-04-24,2025-04-24
LTC,LZTrwxKctrNmo5ACjMpHvFWUnbMos16Qru,1,0.11330616,9.46,1,0.11330616,9.44,2025-04-23,2025-04-24
LTC,LeaXHVYfYk4wzBcVxtqFpyNTGzit7noPvK,1,0.38242,31.84,1,0.38242,31.84,2025-04-24,2025-04-24
LTC,LLUFPVU5tBubhSW1HyX5Ee4rnVPk9QmGeX,5,1.64992188,150.76,5,1.64992188,148.72,2025-03-04,2025-04-24
LTC,LYVUDX44QHWBMJhVRLWix9oCuMzBs61pSc,1,0.3999,31.25,1,0.3999,33.3,2025-04-22,2025-04-24
LTC,LfQDj2VHa4o1RCwSLe8paoNsAeZKkiscfJ,12,14.367558,1082.02,12,14.367558,1107.31,2024-10-17,2025-04-24
LTC,LU7RdF12nDv3jAbpKQNVEjKQj1eG2pEGVm,1,0.19594928,16.32,1,0.19594928,16.32,2025-04-24,2025-04-24
LTC,LXJ957Kidzz3kgGehshP7DhMg1GiPkCvah,3,1.26576446,99.98,3,1.26576446,100.23,2025-04-16,2025-04-24
LTC,LXfcSFCSy1LtcohXfL2GdwNPzVDZBKu1kx,2,0.49923548,38.94,2,0.49923548,39.24,2025-04-18,2025-04-24
LTC,LSLXNNpZVrX1YWq1a69NkaqDCoRdpwB6yR,1,0.20422055,17.01,1,0.20422055,17.01,2025-04-24,2025-04-24
LTC,LKtXwpbPzeF8AnJcVPuWjpe7uCaKkGdmxq,1,0.0899,7.02,1,0.0899,7.49,2025-04-22,2025-04-24
LTC,Lao6MK6wnRGpF61XUWKPLdXEk7tnEtBbzc,2,0.87850662,75.67,2,0.87850662,76.23,2025-04-24,2025-05-13
LTC,LVeMhhFu5jA3xjYArPQaYfDSpUS71eAksC,1,0.1663825,13.89,1,0.1663825,13.85,2025-04-23,2025-04-24
LTC,LeXqZ3xQXkkZNWsurxAKJJGTYsaSuRuqwb,2,3.0735,232.48,2,3.0735,231.37,2025-04-15,2025-04-16
LTC,LhA3nHWz2Dzaim4992fMFQ4Zj3oMY2X93H,14,1.80760282,164.64,14,1.80760282,163.76,2025-03-07,2025-05-06
LTC,LNmRsg5F3G57vacRLdk35vJkQ5MLGhBdMR,13,3.96720018,318.5,13,3.96720018,318.86,2025-03-02,2025-05-10
LTC,LYmYT5gWpiHfP15SbtpwE3XpNRq4fbCQeB,2,0.25495578,19.68,2,0.25495578,19.19,2025-04-15,2025-04-16
LTC,LdM9VJgVaYJxB5tAdMEEjGiKHDMnNjkYo7,3,4.8711621,371.83,3,4.8711621,370.81,2025-04-14,2025-04-19
LTC,LUFmPoSCCGbbZMBUiKwpGCnxukq3vpu4uy,1,1.0,77.19,1,1.0,75.28,2025-04-15,2025-04-16
LTC,Lgj9EzoHtza5B9Gp8YXLdeqyNcpGGPY5bb,3,1.40624286,110.34,3,1.40624286,110.81,2025-03-14,2025-04-19
LTC,LQr17tFwrWLfZ5yptkEgA8FU2afP6sLDbF,8,8.42597365,681.55,8,8.42597365,681.36,2025-04-12,2025-05-13
LTC,LLoHDoQSYJhpd6opypztu7VNgxNvFdEWAc,1,0.47732127,35.93,1,0.47732127,35.93,2025-04-16,2025-04-16
LTC,LcAKNxkWDsjLsf2oe1HX1N5KTzGvoaoPzC,5,2.31724167,197.56,5,2.31724167,197.1,2024-10-19,2025-04-16
LTC,Lck8orK9vQJtBDrcbUD5RU1FeTY4Sti2QU,2,0.44886206,34.65,2,0.44886206,33.79,2025-04-15,2025-04-16
LTC,LLXqnEZigk4VjGa5q6Numq21uQRDNQNHki,1,0.20938372,16.16,1,0.20938372,15.76,2025-04-15,2025-04-16
LTC,LPTbnMfDBx2k85c471uMtapsDJtrZP16oB,1,0.71089795,53.52,1,0.71089795,53.52,2025-04-16,2025-04-16
LTC,LSFgYHmbBGCxrNSzyNML35TCNCnjFEL4sb,3,0.25228581,19.25,3,0.25228581,19.08,2025-04-15,2025-04-19
LTC,LKtY1yTyEPQuSnuswcTHPuQqyBdpVZqufq,1,0.22110242,17.07,1,0.22110242,16.64,2025-04-15,2025-04-16
LTC,LTa4jHaXLCSXJetGBqEFWfimh65CJx6bLJ,3,1.94419646,147.69,3,1.94419646,148.97,2025-04-15,2025-04-21
LTC,LVCJG9bZxqdqmuRZT9D4kSChELFwVQKKrt,6,1.5596641,149.58,6,1.5596641,147.7,2025-02-21,2025-05-06
LTC,LhUxzwVn8TiV1RTnuStmZxiSmEmegxHGts,1,0.32903704,24.77,1,0.32903704,24.77,2025-04-16,2025-04-16
LTC,LL67UPoBmKjyxNe5AkJ9tvW76EmDUESKnf,1,0.47376425,36.57,1,0.47376425,35.66,2025-04-15,2025-04-16
LTC,LMnowm4n665KwpGvHB1SrW4nndwwmpwUsE,4,2.60094097,183.43,4,2.60094097,182.67,2024-10-27,2025-04-16
LTC,LSy68Z4MmZ2AvXhjwErjVePmZD3KvJUq3N,2,0.64,49.19,2,0.64,49.19,2025-04-16,2025-04-21
LTC,LcZRuJN8GtE6JmS4CuGAyyvEH99B2enjPW,1,0.40741495,31.45,1,0.40741495,30.67,2025-04-15,2025-04-16
LTC,LXjzWvNeZGgwhJ4k3BBVzMaN8s2UZCZRh9,4,6.88030646,534.39,4,6.88030646,526.59,2025-04-13,2025-04-16
LTC,LNTdwM8QGmSbH5KNTDxw1ZYYFx87V3j6vR,1,0.18791367,14.51,1,0.18791367,14.15,2025-04-15,2025-04-16
LTC,LYWhgQ6mcrMv3KBk1jamvKfgUk45Thejr3,2,0.09619267,7.43,2,0.09619267,7.24,2025-04-15,2025-04-16
LTC,LKEo4pc1rAsJ2WE45q1ULkE4s6xVp2A9SW,1,0.16928096,13.07,1,0.16928096,12.74,2025-04-15,2025-04-16
LTC,Lc2KP8QY3DSNFYEyAczNQxMH8qysSYh3cA,1,0.66140124,51.05,1,0.66140124,49.79,2025-04-15,2025-04-16
LTC,LLF1aooiiMF7SDvB1EyMH7FfBiBH9QcbgV,1,0.15597947,12.04,1,0.15597947,11.74,2025-04-15,2025-04-16
LTC,LLq3wYMa3AtQUBu5zCkQ8esx3bmUcSNDve,1,0.23177875,17.89,1,0.23177875,17.45,2025-04-15,2025-04-16
LTC,LX3StPVrKuv6eMUL2xRrQFSUVrAs4ZkkN3,1,0.1549,11.96,1,0.1549,11.66,2025-04-15,2025-04-16
LTC,LKZzTydtkvwQfeFtb9Fv6qNUurU9hNzTZw,1,0.191312,14.77,1,0.191312,14.4,2025-04-15,2025-04-16
LTC,LdpaZUSZftYbNUVPCtHfCHr2bYMxeRTBAj,4,2.45076504,190.01,4,2.45076504,189.3,2025-04-15,2025-05-06
LTC,LRtN94ys6Vc2B77fZwtJLgLXCaWsHPpTWY,1,0.66037577,49.71,1,0.66037577,49.71,2025-04-16,2025-04-16
LTC,LWBo4e9tJQpe2EQrsh13VowNMXYKxvTXeH,9,5.08652013,477.16,9,5.08652013,465.34,2025-02-21,2025-05-05
LTC,LUVx1QWmPFXyeJCjxDhKHqYjNvgtz85kFw,1,0.08556174,6.6,1,0.08556174,6.44,2025-04-15,2025-04-16
LTC,LMNR51AVx9Fy1GGsPUw2EzALnz8VLH5eKr,1,1.2831597,99.05,1,1.2831597,96.6,2025-04-15,2025-04-16
LTC,LM8JzNUmjNqGXF2jYT9diaUWF9m6ctdoNB,17,3.27439037,267.09,17,3.27439037,268.26,2025-03-07,2025-05-10
LTC,Li82njCbFHmWBctp56DXGzNniEPEZaBJzv,1,0.09828165,6.8,1,0.09828165,6.8,2025-04-09,2025-04-09
LTC,LS3G2oHf1vP1jHdX8WascTtuyXLi4WFTVS,1,0.21259742,14.7,1,0.21259742,14.7,2025-04-09,2025-04-09
LTC,LS1df8ipEX7qpwwCPHR8UQb6BnLbV4uj1G,2,0.41418809,28.65,2,0.41418809,30.0,2025-04-09,2025-04-10
LTC,LX3ifC1ofTJ1yTY6mD6y9vBbC4kcWJ5L9m,2,0.59710155,50.38,2,0.59710155,48.08,2025-02-02,2025-04-09
LTC,LUQXqodi3u6JZF5Ughzxn7tAfuoV9KT7Mb,2,1.1444591,81.25,2,1.1444591,79.93,2025-04-08,2025-04-09
LTC,LLEW71k8bQGzKWUS2NhAdPVQ9hHpg7yLGb,2,1.06348025,75.5,2,1.06348025,74.28,2025-04-08,2025-04-09
LTC,LgcY6PCkHgL5GejKm345Wva4GiWjhYdSV1,1,1.5,103.74,1,1.5,103.74,2025-04-09,2025-04-09
LTC,LMpkoBVtvym9WhgkpxR8Qrrn2dnpv759iQ,5,0.4725,34.42,5,0.4725,35.05,2025-04-09,2025-04-15
LTC,LTV2MtkVUvv6YReLHYmk4U2fWqTfxMsWSQ,1,0.15243136,10.82,1,0.15243136,10.54,2025-04-08,2025-04-09
LTC,LSy2JoQdBgvxUoNXoCSPGYPmWW4XCBiw6v,1,0.32984267,22.81,1,0.32984267,22.81,2025-04-09,2025-04-09
LTC,LNhULh6VsCmb6cju6wadvEgVEt9TEGDHHe,17,6.15926368,581.61,17,6.15926368,576.68,2025-02-03,2025-04-12
LTC,LKxT5PG7BhbPHEmfqGqV2e43KUk2Xs7ty9,3,0.08957287,6.36,3,0.08957287,6.33,2025-04-08,2025-04-09
LTC,LRULv3NWkQqbX6NGyh3bqCV72zVaLEpJgS,1,0.3094197,21.4,1,0.3094197,21.4,2025-04-09,2025-04-09
LTC,LVTagRpa38sVAoZw8UyFPbGaKezfcFgGVK,5,0.53418884,49.63,5,0.53418884,49.72,2025-03-05,2025-05-04
LTC,LesZzAdTgMR1kRH2Nse2NJcvj5Z8ApEuKZ,1,0.14322988,9.91,1,0.14322988,9.91,2025-04-09,2025-04-09
LTC,LMvkEbiGTc3mwBmaMbaVncZdapi8h7XNyc,8,1.8292626,159.86,8,1.8292626,159.58,2025-03-12,2025-05-13
LTC,LVnpjcJRKyfeuNvXZzsyu53wo71843dfkL,2,0.4078,30.48,2,0.4078,30.48,2025-03-17,2025-04-09
LTC,LMZGvCVkKUmzyX1Kc1C8Ydq5DUJurysuNf,3,1.2502281,105.55,3,1.2502281,105.55,2025-03-14,2025-04-08
LTC,Lfpe13r5n3jEkY6mjRULrtfvaLLJrfqFhG,1,0.2913797,20.58,1,0.2913797,20.69,2025-04-07,2025-04-08
LTC,LddwQQgp3Btkxmru1apgenhKMEhDYfVm65,1,0.44625285,31.68,1,0.44625285,31.68,2025-04-08,2025-04-08
LTC,LXwjAec8hng4qB1i37noHvK1hBZPw2fh9w,1,0.49321824,35.01,1,0.49321824,35.01,2025-04-08,2025-04-08
LTC,LMEKr5YUoFSZqxSWxk8eapQV85o7PJJDjE,1,0.68619693,48.71,1,0.68619693,48.71,2025-04-08,2025-04-08
LTC,LgvhxaWdHG6W4S4oaYrzniLqDnpwjYvo4h,1,1.43933261,102.18,1,1.43933261,102.18,2025-04-08,2025-04-08
LTC,LZxX1hYZ3Tu6JHpsVZF1vjxDdkB7gf725X,1,0.52664244,37.39,1,0.52664244,37.39,2025-04-08,2025-04-08
LTC,LYKha5N3xrHvpoUhTCG5kN9hNrFksCVgNJ,1,0.2714,19.17,1,0.2714,19.27,2025-04-07,2025-04-08
LTC,LUDKKK8s9oaDHQZgZR1nebHzu8gyp7T775,2,0.22217536,15.69,2,0.22217536,15.77,2025-04-07,2025-04-08
LTC,LhWxN7PiSvu26wNR6tf6MBxM8ELqsG3ohZ,5,0.63058611,51.8,5,0.63058611,51.41,2025-03-07,2025-04-08
LTC,LMEy3324UTrujH797NNSwdpBrWaBD7KvRa,6,4.08970723,370.62,6,4.08970723,369.09,2025-02-25,2025-04-19
LTC,LLiRDVMZ4zFPLwehPG4vG1EKYSUeXxq7BY,1,0.59358645,42.14,1,0.59358645,42.14,2025-04-08,2025-04-08
LTC,LSr4M6xXazBSMgLXWA7tPoK5pCzkzYMAzU,1,0.25106092,17.82,1,0.25106092,17.82,2025-04-08,2025-04-08
LTC,LcdTfMCiPNE911s5yT3nSWqBvZxRi6VYQH,1,0.464,32.94,1,0.464,32.94,2025-04-08,2025-04-08
LTC,LKd2D4viUaFBWFtgJ7hji4Fzg6W3NwE8zA,7,6.53362798,726.67,7,6.53362798,717.86,2025-01-22,2025-04-08
LTC,LfkCCPkDqzNdiHoZ4DqApWBst46tQJmyjq,1,0.8355951,59.32,1,0.8355951,59.32,2025-04-08,2025-04-08
LTC,LR9Lw5hX7V46HBRwDutAKsZiPZ37kTnfYV,1,0.35614152,25.28,1,0.35614152,25.28,2025-04-08,2025-04-08
LTC,LMPsaoYk7HuCvyCfuhS7MfXhNadsU4isWL,1,0.27220237,19.32,1,0.27220237,19.32,2025-04-08,2025-04-08
LTC,LKtvLEyrQLrKt7Lw9Y5XVA37QC5VpyNfig,1,0.363536,25.81,1,0.363536,25.81,2025-04-08,2025-04-08
LTC,LN8CWqbc8ifTBYKZGxKH9CkZdSzeZUsxj5,2,0.2942984,27.37,2,0.2942984,23.39,2025-03-09,2025-04-07
LTC,LRHu3YhQsFxLUsWUwADT3j2wi1E8LMr8jC,2,0.36394541,25.71,2,0.36394541,25.71,2025-04-07,2025-04-07
LTC,LeNkfrYk7AaZZiuWWY8N4D6vosqFZR8BxT,1,0.08672427,6.13,1,0.08672427,6.13,2025-04-07,2025-04-07
LTC,LWkedBDEaS9r99PiXy7XCDEL9fB63vMyq8,2,2.04153009,147.82,2,2.04153009,147.82,2025-04-07,2025-04-12
LTC,LLn7m7KocLiwDKouA15czk3P5f3oVFjEH1,15,11.49105488,1106.19,15,11.49105488,1051.25,2025-02-21,2025-04-29
LTC,LeWEYLw7LRuEGw4rxJu8T9pkvcQX6A9v87,1,0.27383945,19.34,1,0.27383945,19.34,2025-04-07,2025-04-07
LTC,La7ChaiXCW4TFmm3QKsqCHytDo8Fe8Cpj5,2,2.39237697,192.08,2,2.39237697,176.03,2025-04-06,2025-04-13
LTC,LeoNVty5KX3mnk6FhGMgP7Ba15MeEG42sN,1,0.28312575,23.41,1,0.28312575,20.0,2025-04-06,2025-04-07
LTC,LZPBmv3qFr7Z8DVuZyhEz1ystCJgQ6PNnH,1,0.23680383,16.73,1,0.23680383,16.73,2025-04-07,2025-04-07
LTC,LScECZFSXgeRJqqPjf3Qysb6qSPhR9iW7h,6,2.63029496,207.99,6,2.63029496,211.05,2025-03-30,2025-05-13
LTC,LLNoGwR7dyArDomhqmTb7PPMb5jMQfXeS4,3,0.69350748,52.47,3,0.69350748,48.98,2025-04-06,2025-04-07
LTC,LZUTq8zpUavMAaHom3npEhmZsQo6c2TTMy,1,0.61510792,43.45,1,0.61510792,43.45,2025-04-07,2025-04-07
LTC,LSyNddNptNQqT6AT4LoxmM1LoPn58A4gFx,1,0.44195225,31.22,1,0.44195225,31.22,2025-04-07,2025-04-07
LTC,LWkzWEdZqKWrxbfoUJrHLoaDKUoPsaTCs5,1,0.33419703,23.6,1,0.33419703,23.6,2025-04-07,2025-04-07
LTC,LevRi25tud3vj2HhGd6cdPsNZAh6y3XNsK,3,4.74934449,382.9,3,4.74934449,397.21,2024-12-08,2025-04-10
LTC,LX4q6ha6AHNv8StMJErvZmUKGtaZhyffyb,3,0.98635343,88.4,3,0.98635343,88.4,2025-03-04,2025-04-07
LTC,Lhb4GqtrynZGKnQ8ufMm4audPZqMaKg46F,3,0.59001881,44.72,3,0.59001881,45.07,2025-04-07,2025-04-21
LTC,LRWUSAwBDR2ADyDyTZRLEJELzK7GHbBzwd,1,0.8428,69.68,1,0.8428,59.53,2025-04-06,2025-04-07
LTC,Le73DSNpt8bGMoeT2PA2wXnHby9rTCcSmx,3,0.6542887,53.74,3,0.6542887,49.56,2025-03-28,2025-04-07
LTC,LaFK99K7W1Q3f58vxV8iB2HvRv9VeM7Q2Y,1,0.54615075,38.57,1,0.54615075,38.57,2025-04-07,2025-04-07
LTC,LMobLEt6wnHcA5wEA4MSVs9tn2b4VqfYfH,1,0.39148975,34.2,1,0.39148975,33.46,2025-03-29,2025-03-30
LTC,LZXr7aA6v5kpQyKjEvimFSxSRrPQeXiWQA,1,0.11460833,10.01,1,0.11460833,9.79,2025-03-29,2025-03-30
LTC,LbWwkUfk7NA3fyeo5uerhkBtE1e4cdwTrg,1,0.10117581,8.65,1,0.10117581,8.65,2025-03-30,2025-03-30
LTC,LcM4yJkaf8JWkNMBRaGsv63227GTAfP9BN,1,0.66852387,57.13,1,0.66852387,57.13,2025-03-30,2025-03-30
LTC,LUf8AMfwkcgohyYvwY6Yq6jxk9teCSW2z3,4,0.52616585,48.41,4,0.52616585,47.15,2025-03-22,2025-05-02
LTC,LbEhj4rfmjtndPYRuotYQLWnsZV4Czpz45,1,0.81348995,69.52,1,0.81348995,69.52,2025-03-30,2025-03-30
LTC,LTVHTZyTfH6zrDLqawterrNSGzf1ukbmpf,1,0.2399,20.5,1,0.2399,20.5,2025-03-30,2025-03-30
LTC,Lgr8hxB69eEvz5BFmrWTAiiHRZyYjU9ZwB,3,2.76345678,231.57,3,2.76345678,223.25,2024-10-18,2025-04-13
LTC,LQuJ9T81gQbLK65uoc2wn24U8yw5QFJYbN,1,0.18796125,16.42,1,0.18796125,16.06,2025-03-29,2025-03-30
LTC,LTNXsXqJBHiMee8Xvo3ZVPo8zM9NP87eM1,1,0.34706417,30.32,1,0.34706417,29.66,2025-03-29,2025-03-30
LTC,LVMzn85qqdamPWx51zLGTiX8Bc3jmdaTzb,1,0.21711128,18.55,1,0.21711128,18.55,2025-03-30,2025-03-30
LTC,LdwXnx1h6MZP4RPaCq6981NNPsP6ysvEfv,1,0.26514859,23.16,1,0.26514859,22.66,2025-03-29,2025-03-30
LTC,LdecDjKQqoFDe3wv48fVFuWcwaZHMZzze2,5,0.79988377,90.72,5,0.79988377,91.01,2025-01-21,2025-03-30
LTC,LVXzwQbZJjuu5mZA3xRrfKwbabeCk5j2vK,4,0.6796,57.57,4,0.6796,57.57,2025-03-30,2025-04-05
LTC,LPLjobTdso2yJS4by1CduTPcAuN2z3sonn,5,0.95005124,81.59,5,0.95005124,82.12,2025-03-29,2025-05-02
LTC,LLND8akt3s6nqAEeVHQUxfTEHkDRBh7z3r,2,1.91405145,163.57,2,1.91405145,163.57,2025-03-30,2025-03-30
LTC,LayLmrbB83ByHWzPMAJMgqDwWQPCmbjhzt,1,0.06444269,5.63,1,0.06444269,5.51,2025-03-29,2025-03-30
LTC,LcG34w8pvbKoj8ZQgWJZHiEChG2DSsADMt,2,0.2173197,18.58,2,0.2173197,18.97,2025-03-30,2025-05-02
LTC,LeheQC6r2bN6YrHGu5pF89JrLyQkXFMsDw,1,0.221678,19.37,1,0.221678,18.94,2025-03-29,2025-03-30
LTC,LZQ8nAGQhx95RbNr3gdMtykBx3mLe9ev54,1,0.4999,42.72,1,0.4999,42.72,2025-03-30,2025-03-30
LTC,Lc5p5ymi5ZZfHtW56BNT1SExRoW7Shs1H6,1,0.05901794,5.16,1,0.05901794,5.04,2025-03-29,2025-03-30
LTC,LNcng6H5ob3gzWJoYAiGxyzjKr1XVdmsQx,1,0.266633,22.79,1,0.266633,22.79,2025-03-30,2025-03-30
LTC,LKnqNCmiZSMf8YotZ6243CNB2phwBsDhr6,1,0.11081445,9.68,1,0.11081445,9.47,2025-03-29,2025-03-30
LTC,LgBY3Qv37KeiA9DJTRhVjmXqMSJ3CKdR8Y,1,0.56891649,49.7,1,0.56891649,48.62,2025-03-29,2025-03-30
LTC,LShvcCTkjgkUw7Ko6vjGUvBUgZLwScaGEL,1,0.03896029,3.4,1,0.03896029,3.33,2025-03-29,2025-03-30
LTC,LQ5kX2Zej4wH84yDiEnEUPDfgScFon28ir,1,0.14922732,13.04,1,0.14922732,12.75,2025-03-29,2025-03-30
LTC,LeB3uMAvRwrWurGwJQcwtSU9KPavN9Ckz3,2,1.13001506,104.4,2,1.13001506,103.7,2025-02-09,2025-03-30
LTC,LQcZArbDy3w1w6s69A4o7fKZr7ahSvH7Vo,3,3.25237931,242.08,3,3.25237931,242.08,2024-10-14,2025-03-30
LTC,LbA4H4jXgRy96jT67ZPiuJ4yjyE8Z7sKu4,1,0.13411834,11.72,1,0.13411834,11.46,2025-03-29,2025-03-30
LTC,LUUnBHssRECqWqktiWB55aZ2HwQkJ4WdBv,1,0.22027709,18.82,1,0.22027709,18.82,2025-03-30,2025-03-30
LTC,LPboKAZfxTktaPu3Q3ceC1jGTzPXBh71ae,1,0.3471655,29.67,1,0.3471655,29.67,2025-03-30,2025-03-30
LTC,LSjh47dxzpZtVS99DjoS2gtJUr8DjqKmab,1,0.19685847,17.2,1,0.19685847,16.82,2025-03-29,2025-03-30
LTC,LeaRRhVQUWEemkEFH7CFrdE18kDAVj2uBx,2,0.42639657,34.02,2,0.42639657,34.02,2025-03-30,2025-04-12
LTC,LPWeYMjKPd7nSiG9hvTuhZajG6nf7hzxDu,2,1.35831901,128.26,2,1.35831901,128.26,2025-03-09,2025-03-11
LTC,LZJds6J1zYuWf3t3EERdeaJ8X2NiKT6t5F,1,0.12515212,11.84,1,0.12515212,10.95,2025-03-10,2025-03-11
LTC,LhaK7qqVMwV2WJKY4vc9nWcBgg1HGPSwPo,1,1.2,104.99,1,1.2,104.99,2025-03-11,2025-03-11
LTC,LUEbcifxAakfqDHWqTsTvWgb6tDSqms8SQ,1,0.18814391,19.25,1,0.18814391,16.46,2025-03-09,2025-03-11
LTC,LPRZonTtPDgtmiY24iVs3gbULCxEDppJPz,3,0.23697941,24.5,3,0.23697941,23.13,2025-03-06,2025-03-11
LTC,LUX59dBU4fJtnS8BMD6NNgULoD9LjgcFMd,7,2.39731713,228.53,7,2.39731713,218.74,2025-02-22,2025-03-15
LTC,Lad9JaAS1RDHYS53vt1J6rSXLgKaG5vowH,8,1.14071445,126.03,8,1.14071445,122.09,2024-12-14,2025-03-11
LTC,LdvtYMQ9Axj9Hvmtv1qip4YwvmNeMGztgg,3,0.24288762,24.81,3,0.24288762,24.81,2025-03-08,2025-03-11
LTC,LZjKxFbwPdx8TCPaJvuYbcHzGt8giDxSjs,1,0.19775671,17.3,1,0.19775671,17.3,2025-03-11,2025-03-11
LTC,LS7DkDuz42SAni2xh8hSeLDT93NBco8cQm,1,0.54055999,55.32,1,0.54055999,47.29,2025-03-09,2025-03-11
LTC,Ld4rNQ7bpZiTLPPyFzFnh3kYqYWQz2V7Yh,1,0.0529,5.01,1,0.0529,4.63,2025-03-10,2025-03-11
LTC,LfdSC9W8puktKKM5LPkLfQb3K3vA265u9V,1,0.2399,22.7,1,0.2399,20.99,2025-03-10,2025-03-11
LTC,LPAJzdvWNhyRuXKgTpDj1gXANEqRVH2NJY,3,0.737619,68.67,3,0.737619,67.81,2025-03-08,2025-03-19
LTC,LWMG7dXaowfnYMBcEDBYBUrSiyfXxmxjEg,3,1.3123686,146.17,3,1.3123686,145.32,2025-02-23,2025-03-11
LTC,LTzEMkWxYqZ8uhrSFKnesvsUZNiQ9gYu2n,1,0.1199,11.35,1,0.1199,10.49,2025-03-10,2025-03-11
LTC,LPZe7aJSSR6geq9c7jeYFMCKFkiRLbUfKn,1,2.59176424,245.26,1,2.59176424,226.75,2025-03-10,2025-03-11
LTC,LZyGUte6cNZNeneP9nBUs89R7ZsH7vp17W,1,0.40548231,38.37,1,0.40548231,35.48,2025-03-10,2025-03-11
LTC,Lajt4oJ4GVmCaAnm5gEqHQR17tYSDs8s2B,2,0.34558579,36.15,2,0.34558579,32.56,2025-03-04,2025-03-11
LTC,LPhwGiPhKkQVJaXWrY67fFgJ3AsEKsWnML,2,0.29615894,26.56,2,0.29615894,26.56,2025-03-11,2025-03-12
LTC,LgdV6AGHYwKHbx4YhdDWizzmRiLsFTYNsC,1,0.35943325,34.01,1,0.35943325,31.45,2025-03-10,2025-03-11
LTC,LVBwQ1H3XckjDBt3xXvKAkcN8LudegE7iG,6,1.3194,127.83,6,1.3194,126.29,2025-03-06,2025-03-15
LTC,LPDsXa8AJiV4fJWpCRz4SexuwPdCkxDj7u,2,1.6005699,152.8,2,1.6005699,142.77,2025-03-09,2025-03-12
LTC,LddeYntJCDjBLiiXawrz51V5bdaXnZL2z1,1,0.811762,76.82,1,0.811762,71.02,2025-03-10,2025-03-11
LTC,LNpn95knTWnWG3tjvBeT3z9yJLSLWT2uu2,2,0.22685908,21.47,2,0.22685908,22.07,2025-01-14,2025-03-11
LTC,LhMS49YMbA4gUb92Ev8WNKpdnih3d4zhzj,3,0.3715955,34.36,3,0.3715955,33.15,2025-03-10,2025-03-22
LTC,LLr26XWMwvppQvLWiLvi5CRdq8ypakAU5e,1,0.24682738,23.36,1,0.24682738,21.59,2025-03-10,2025-03-11
LTC,LX7rHc3sp2KnqSD9hCd45T2YHuLJheeKVQ,1,1.13,98.86,1,1.13,98.86,2025-03-11,2025-03-11
LTC,LXJpZtJmJ5aVLo7MfU4xbgSJbsCpgn7aqA,1,0.1079,10.21,1,0.1079,9.44,2025-03-10,2025-03-11
LTC,LdbCpnwjBUe3WJBGdNKU7b9MRKmYv9eqbC,1,1.33290247,116.62,1,1.33290247,116.62,2025-03-11,2025-03-11
LTC,LeUmJxXXmJCMJmD285e4j3sv3Lw2mvFhZq,1,0.43887596,38.4,1,0.43887596,38.4,2025-03-11,2025-03-11
LTC,LdrNEcf6TfdT98awhiwaop6CSZPMzBtv13,1,0.0899,7.87,1,0.0899,7.87,2025-03-11,2025-03-11
LTC,LY817DfqDGwRD1SdN11jzEn4cfwALp4ixG,2,0.46911132,43.53,2,0.46911132,42.05,2025-03-10,2025-03-15
LTC,LcFa5b4ZEWSoHSgUwQa6rPvQfayvdrVUXk,1,1.39750701,143.02,1,1.39750701,122.27,2025-03-09,2025-03-11
LTC,LUYxEJqhAf2zQ94YS9vt64a3za6wqFWwju,2,0.7279742,75.27,2,0.7279742,75.27,2025-03-03,2025-03-11
LTC,LgWfHNaRhAbkRr6UEFHLiLtoBDtqL8VNrg,1,0.80169299,75.86,1,0.80169299,70.14,2025-03-10,2025-03-11
LTC,LSBRqbRfbn6wGA1ybdfWS1njn2rKX7pkTd,4,0.40941118,40.39,4,0.40941118,39.05,2025-02-18,2025-03-14
LTC,LhMYxg5vKa8Ch7dqYoJk5bVCoHfu44DKkB,1,0.0639,6.05,1,0.0639,5.59,2025-03-10,2025-03-11
LTC,LhM3xzvDZvDGYm9YRbC5xeFKKcDcun4SYL,1,0.11218185,9.81,1,0.11218185,9.81,2025-03-11,2025-03-11
LTC,LKfGq73UiaekMzW3dcnyTEh4Y3UnVYwevx,1,0.19999291,18.93,1,0.19999291,17.5,2025-03-10,2025-03-11
LTC,LQEkWNnpTFGMdnm2RgEQUhxoi4fngZLVXM,4,1.21150636,102.87,4,1.21150636,101.04,2025-03-09,2025-04-21
LTC,LWfcmjwkhx4AQnJYFTcvrq8xkB1gWqJqyC,2,0.73405938,63.19,2,0.73405938,63.19,2025-03-11,2025-05-06
LTC,LKnHToiMf5UhZasYHmeZ6ZK47MnbuLsozD,2,0.60743083,60.82,2,0.60743083,61.57,2025-03-02,2025-03-11
LTC,LTFNnWYQAY2rFvuqqQBi2x71J8mcNCMY8T,7,7.02730151,748.46,7,7.02730151,736.16,2025-01-22,2025-03-11
LTC,LQYNbrfzMSpeJUmqdiNtd2PugQwjFoCBHY,30,17.19243138,1997.37,30,17.19243138,1980.65,2024-12-11,2025-03-11
LTC,Lb9YHxUdpmoyEm76Cvt4ykoBKpCYzEfHSJ,5,0.36706233,35.78,5,0.36706233,35.56,2025-03-06,2025-03-11
LTC,LZKYqjYhmGPwUUrzHmSmLP4aizszrKty5s,2,0.3949652,40.67,2,0.3949652,38.37,2025-03-07,2025-03-11
LTC,LKwi16nCCoe9BuJRCU6EPbPjxUgPqWaU5q,1,0.73347371,64.17,1,0.73347371,64.17,2025-03-11,2025-03-11
LTC,Lb5VzG3GNPhhbXb4xCTMZkiftN4pXJYM6T,7,1.27070074,144.47,7,1.27070074,149.18,2024-12-02,2025-03-11
LTC,LXD1AkMaaR3jzDnzkRL8BHnpNGwT3jFgvj,1,0.0119,1.13,1,0.0119,1.04,2025-03-10,2025-03-11
LTC,LKzBTLsSFNgTYFND9oB3fjHaFWYvUyxUqv,1,0.253563,22.18,1,0.253563,22.18,2025-03-11,2025-03-11
LTC,LYgDiCinpupi9f8Wye36vzMai7x6VdSj2w,1,1.048,91.69,1,1.048,91.69,2025-03-11,2025-03-11
LTC,Ld3QYT2sfvsy5MvJW86z4vD39aVv6dVGhu,1,0.54847113,51.9,1,0.54847113,47.99,2025-03-10,2025-03-11
LTC,LYNMmhn7EBviNkiyQ8YfUxyYB576RWZmw5,3,0.44,40.79,3,0.44,40.79,2025-03-08,2025-03-19
LTC,LSEn8pK3WJCdGsct1EXX6fBbYtewk2sfGy,2,0.41999435,37.75,2,0.41999435,37.91,2025-03-11,2025-03-23
LTC,LfB9vaDZ62cQ6iffBQGGu3DBMb5Df9F6US,3,1.25505561,122.27,3,1.25505561,119.0,2025-02-26,2025-03-22
LTC,LMbp7S35tP14HTkafpM6JTcxEM8Y9qxRjv,3,3.46466608,294.9,3,3.46466608,294.9,2025-03-11,2025-04-25
LTC,LTGCW6syMDJe6pMqDDoeivxaSHinvQhESw,2,1.44446708,127.04,2,1.44446708,127.04,2025-03-11,2025-03-14
LTC,LPRMXbBkH34oEYsDDXN9SH1WYTpJvrpUCi,1,0.18290143,17.31,1,0.18290143,16.0,2025-03-10,2025-03-11
LTC,LVGkfSE5AXRakWNKXXh9Qb6rKZJHGj8YE4,1,0.55160906,56.45,1,0.55160906,48.26,2025-03-09,2025-03-11
LTC,LLxnEMdKmkafggvWhZtCeQLvzbKoV4ynoo,1,0.4772269,41.75,1,0.4772269,41.75,2025-03-11,2025-03-11
LTC,LMY2DJBC3Cv6pSivJYnVvTNRy6Gyc1hpHX,1,0.0199,1.88,1,0.0199,1.74,2025-03-10,2025-03-11
LTC,LTsLYk56JwE3B5tcYzUke8uSmaX9CqD9TM,7,2.35194321,188.46,7,2.35194321,191.01,2025-03-08,2025-04-12
LTC,LLoTGGxh1eggMW1nX7DE6Lbo6aQ2ykRGfW,1,0.62365249,59.02,1,0.62365249,54.56,2025-03-10,2025-03-11
LTC,LPkMYDa46jseLQZgKSrypk74c6BVHNJbU2,2,0.53514398,53.09,2,0.53514398,50.75,2025-03-06,2025-03-11
LTC,LcH4Xjd7LxJXrquamG2JAoSozT8pvBFgt4,4,6.50085253,675.0,4,6.50085253,671.88,2025-03-06,2025-03-09
LTC,Lgj8eCt2QAvjHWAbzL2Hoq8rxmjsBfmwdL,1,0.59805767,61.21,1,0.59805767,61.21,2025-03-09,2025-03-09
LTC,LY8TrzkcyVdysJF8ttxjoMeatWQi9cv3uN,2,0.38218998,36.51,2,0.38218998,35.46,2025-03-08,2025-03-14
LTC,LSR24oNnsNkYAhSDAePY91kDRmCUoDEKmZ,1,0.06859412,7.02,1,0.06859412,7.02,2025-03-09,2025-03-09
LTC,LdMPmnmJuCrXE4b96po4wPJ8TFjatKstdh,2,0.2923,29.24,2,0.2923,29.24,2025-01-14,2025-03-09
LTC,LaicUkiSuF1C9DRxyrukiKVuCPmvkez5Yq,1,0.09193966,9.54,1,0.09193966,9.41,2025-03-08,2025-03-09
LTC,LfEAfLUgsExbuoHM4pxgaPEUbuDJBhZpAn,9,7.9451511,885.44,9,7.9451511,878.14,2025-02-02,2025-03-24
LTC,LVT4Hc74CtNH1CCEiEsn6QVFqRXCsxbija,1,0.11818226,12.09,1,0.11818226,12.09,2025-03-09,2025-03-09
LTC,LXbh2oGe8Q6QoqkfLQXBX6wPUqJRbbyu3H,1,0.192707,19.99,1,0.192707,19.72,2025-03-08,2025-03-09
LTC,LXumYUtXFtSLuqaZp5UMXv8qHerhyHjXZV,1,0.06700215,6.95,1,0.06700215,6.86,2025-03-08,2025-03-09
LTC,LQbCiQhfhw6Pn9yB5MP3U2oP883Bdsqu4Q,1,0.20143383,20.89,1,0.20143383,20.61,2025-03-08,2025-03-09
LTC,LcNspjh3znHpKDWDWEFzUXMGfbsRg89rsw,3,0.49821761,47.35,3,0.49821761,47.95,2025-02-09,2025-04-10
LTC,LfCs7Bqqo6naCamAGWooMYvgCMZMRWi16g,1,0.13592981,14.1,1,0.13592981,14.1,2025-03-08,2025-03-08
LTC,LfBXX7G2KJDCAbNYAnNHTwwSQymsPugPBe,1,0.47974889,49.75,1,0.47974889,49.75,2025-03-08,2025-03-08
LTC,LWJQBKy6oCMReGuUtLE68d2KbDE4oBrAYw,1,0.21507441,22.31,1,0.21507441,22.31,2025-03-08,2025-03-08
LTC,LcaPw7DZwX3Ld8AFccw5K8Vpwgj9fWUpET,1,0.40754034,42.27,1,0.40754034,42.27,2025-03-08,2025-03-08
LTC,LVVxbEjxfWcDNy9cMNrMLiE5JnZohxoAPJ,4,0.12554038,13.02,4,0.12554038,13.09,2025-03-05,2025-03-08
LTC,LVLpWeD2d6D9PkxKdC2Mbo7JsV2HWM3Tm1,1,0.10004497,10.38,1,0.10004497,10.38,2025-03-08,2025-03-08
LTC,LTTv6vjjfQdw9DjEErnZXiCCaqpn87T5hV,1,0.25854738,26.81,1,0.25854738,26.81,2025-03-08,2025-03-08
LTC,LfHa5sgdg1xhMCqJk8Zb245rA3DG4cMyDD,3,0.3042431,31.49,3,0.3042431,31.55,2025-03-07,2025-03-08
LTC,La9PCLWmqmJdW6r28rjooYf1QRZAVe3R9B,2,1.1096907,127.23,2,1.1096907,127.23,2025-02-22,2025-03-08
LTC,LbVVcpqfU9h54pLsPp17uG9eMvWWCLPqgx,1,0.28612149,29.67,1,0.28612149,29.67,2025-03-08,2025-03-08
LTC,LViTb8KvHT4sJ9W7guC1TsAa6YeG2EJHWa,1,0.13031883,13.52,1,0.13031883,13.52,2025-03-08,2025-03-08
LTC,LPL1VWrUgdbw463xea3ZmNQXyyxEYvQg4e,1,0.095804,9.94,1,0.095804,9.94,2025-03-08,2025-03-08
LTC,LV3PWaNHnHkXShejkDZwXjmzX9bdnL9nAo,16,3.67432685,396.66,16,3.67432685,402.83,2024-10-18,2025-03-08
LTC,LXTt1NguJNPvgH5CbY5BfNjHzKrKj9jjj8,2,0.73617837,78.12,2,0.73617837,78.12,2025-03-04,2025-03-08
LTC,LNWhmV9KGUCUsV4aumjR2qRX6vFjNAcdXA,2,0.556703,40.78,2,0.556703,40.78,2024-11-04,2025-03-08
LTC,LgQEiRVcLhRDs3xkQRS1EgCLVrJ7Vd4Q11,6,0.66564803,72.69,6,0.66564803,72.49,2025-02-12,2025-04-29
LTC,LhT29gqY2ndKdBUXFFoBNoryWZfBCmyKUN,2,0.99905418,97.26,2,0.99905418,97.26,2025-03-08,2025-03-12
LTC,LZP41KY5oMnBeevvvQCaDYyZsnRBH1ESvn,1,0.2375095,24.63,1,0.2375095,24.63,2025-03-08,2025-03-08
LTC,LPx1JT5stctWgSUPPEu1nRW9NTPhXQuH8b,2,0.73537766,76.18,2,0.73537766,76.27,2025-03-07,2025-03-08
LTC,LKjEaFgLvt9eU3BWPQLn3FDLXhiBVLWxM8,1,0.94700928,97.91,1,0.94700928,98.21,2025-03-07,2025-03-08
LTC,LZKAWd3oGn5dqP4VK4uQXn8au2bHTA8PbQ,3,0.98355257,89.6,3,0.98355257,88.97,2024-10-17,2025-03-08
LTC,LT4ms7sS1rMvSqKyKSPuenvKKUGKfv1sUU,3,0.70012397,74.38,3,0.70012397,74.62,2025-03-04,2025-03-08
LTC,LLtiJN7pTnA7sQz3wb1FG88kTys8TdGPn5,1,0.18687379,19.32,1,0.18687379,19.38,2025-03-07,2025-03-08
LTC,LTBVA4Y4fV91dpRNkZYfQcnbuGP8mEtxN6,4,1.76805255,167.26,4,1.76805255,167.75,2025-03-02,2025-03-15
LTC,Leackapnx4m62BL1A3cV66b4s9yu5dtKPK,1,0.58927967,60.93,1,0.58927967,61.11,2025-03-07,2025-03-08
LTC,LdTHcyZcu95yGdH83ZnACsrzHp26HLG4d8,1,0.18204198,18.82,1,0.18204198,18.88,2025-03-07,2025-03-08
LTC,Ldv7qVBo66dAsj1aytYNKVqgUYaYtxXqA1,1,0.43266661,44.73,1,0.43266661,44.87,2025-03-07,2025-03-08
LTC,LL2Mh6Lhfc7X16BtJaDhoF8efWKLbqorLq,1,0.99999981,103.39,1,0.99999981,103.71,2025-03-07,2025-03-08
LTC,LNAbKgAVFW2fHmofAWtzS3h37avWuoE2Eu,6,4.82169534,445.97,6,4.82169534,443.65,2025-03-08,2025-05-13
LTC,LVmG7Ta9z8onivJLjKDgd3kbU7mLXGnfvx,9,1.40329925,143.03,9,1.40329925,145.46,2024-11-23,2025-03-23
LTC,Lb3HJ6XUEmDsyJPXVHfoeiGmja1AtE5Nin,6,0.97166848,94.6,6,0.97166848,93.93,2025-03-05,2025-03-27
LTC,LVRhAtjHzcR3PQ6mnYRHTMQhBc2n6mzfPE,1,0.57242299,59.18,1,0.57242299,59.37,2025-03-07,2025-03-08
LTC,LYrskrdsBF6whUAuez4EmNVw8V8x4wSYca,2,2.83222654,299.13,2,2.83222654,294.72,2025-03-04,2025-03-08
LTC,LWjoxx5uvhunk4JXPHSZ3KU2tkYQwUteUb,1,0.58371437,61.13,1,0.58371437,60.54,2025-03-06,2025-03-08
LTC,LPp975Mo9GDbbGKw26ZZUZvvzwbXEaNDHr,1,0.996,102.98,1,0.996,103.3,2025-03-07,2025-03-08
LTC,LgseSxDdMRuyUpyHHhJnawqHs1m4g71gdN,2,0.96283054,99.55,2,0.96283054,99.86,2025-03-07,2025-03-08
LTC,LVZBT6b15XUK6v3eY1zzXz3WokdhSaAYur,1,0.1599454,16.54,1,0.1599454,16.59,2025-03-07,2025-03-08
LTC,LLNFd9yUrGmPrDonXxvs1AVNTuxkxLZ4d5,1,0.65840934,68.07,1,0.65840934,68.28,2025-03-07,2025-03-08
LTC,LThZCc2FxXFb9nfHknHRVPXpyWEv6JaJNz,1,0.11,11.37,1,0.11,11.41,2025-03-07,2025-03-08
LTC,LUcu2vUp7UQgBuH34QPfsNn2GX9xMVHniz,1,0.7499,77.53,1,0.7499,77.77,2025-03-07,2025-03-08
LTC,LKYMd5srK9XoDLvGPsWTWWAa2xvGyeYqiJ,2,0.14168508,14.65,2,0.14168508,14.69,2025-03-07,2025-03-08
LTC,LcPDXDGpc4zUVBhN1aSwQXd2uXPY7bNiZK,1,0.33313592,34.44,1,0.33313592,34.55,2025-03-07,2025-03-08
LTC,LgRWruz6k7nSkQk2XPEAd12utNEwW1XJLS,2,1.60729966,177.94,2,1.60729966,178.13,2025-01-28,2025-03-08
LTC,LV4SUsaSBRhm9yfSZxBBGU5i4d8xmAc7pu,4,0.49836215,53.86,4,0.49836215,53.4,2025-03-04,2025-03-08
LTC,Lc9VzPeX1HZ3CyczexY8mTwm7vfNqAo2Pi,2,0.447352,50.55,2,0.447352,50.22,2025-02-21,2025-03-08
LTC,LZ6ZbTepdMJv9qqJLe9gUrMV1MNwvTbaQb,1,0.19111922,19.76,1,0.19111922,19.82,2025-03-07,2025-03-08
LTC,LSKunAteFCBASrRVr2TEHSzLyfZ3JtPsuF,2,0.63555889,63.09,2,0.63555889,62.6,2025-03-06,2025-05-06
LTC,Lew8ex734zBxTaiftsD2WXefMMKLQruqbW,1,0.21114908,26.25,1,0.21114908,27.0,2025-03-02,2025-03-03
LTC,LRmVCz98V8JekeLecYkVYT1STCzYFdAhMS,1,0.52299685,66.89,1,0.52299685,66.89,2025-03-03,2025-03-03
LTC,LMSciCJacZWBiBTzCGeTZ4vxT2913vPK8J,1,0.05745155,7.14,1,0.05745155,7.35,2025-03-02,2025-03-03
LTC,Lfat8jmQciz9tvW7Jm9nhxpZJG9PJZf9Mn,4,0.62329459,78.86,4,0.62329459,79.56,2025-02-19,2025-03-03
LTC,LNZUN248VKWJg2biV8oysMkGZw22ETU6fm,1,0.15881839,19.74,1,0.15881839,20.31,2025-03-02,2025-03-03
LTC,Lcp4vomeewM2xqE1RxUh2SzAQ5dKosAZti,5,2.68772387,294.06,5,2.68772387,295.38,2025-03-02,2025-03-19
LTC,LLYGnGknydyoT17aP7AJrdvKd6AMEjzTcv,2,0.26240711,33.56,2,0.26240711,33.56,2025-03-03,2025-03-03
LTC,Le8344zRGVa1ju7A5mtNHfMSmKsfQ8hDJM,8,0.84892124,102.68,8,0.84892124,102.4,2025-02-11,2025-03-06
LTC,LTJ9Mjm7jTq7r57yFp6BxCChCR5M5BKw4Q,1,0.24393613,30.32,1,0.24393613,31.2,2025-03-02,2025-03-03
LTC,LThMjzg3Wd2zfrEARfgsGfb6U2woimVEmp,1,0.10465303,13.01,1,0.10465303,13.38,2025-03-02,2025-03-03
LTC,LLTcpbvreangsJxXaFGfZPMNJuE9pccGNk,1,0.13943016,17.33,1,0.13943016,17.83,2025-03-02,2025-03-03
LTC,LechDDxJUvniCuxjCJN8fGW9WLpXXByuqc,13,5.66872243,705.94,13,5.66872243,710.91,2025-02-19,2025-03-03
LTC,LTzuS3RKaUc4m1riBj9cNuuhybVhtWyB7e,4,2.98955926,335.16,4,2.98955926,329.79,2025-03-03,2025-03-24
LTC,LXhD4PEEzdHPmnB3dLhjxVwCDg6dG8qpsY,1,0.35322022,45.22,1,0.35322022,45.17,2025-03-01,2025-03-03
LTC,Lfprhzv4Y2FAShjG1XtRvQHSTiga8jE5AS,1,0.07019693,8.98,1,0.07019693,8.98,2025-03-03,2025-03-03
LTC,LhKUYZi8EJcyFJdanC8UtUY4jmSqM2oxXi,3,1.15,145.97,3,1.15,148.35,2025-02-23,2025-03-03
LTC,LPe3pEUKwHf4Bu8gHvCy6puxi7Z4JBTFSw,2,0.30900951,38.41,2,0.30900951,39.52,2025-03-02,2025-03-03
LTC,LPMmuzg4HCjVFXkMg5gzcQb5ntXM74nujV,6,1.04337843,107.03,6,1.04337843,108.88,2025-01-14,2025-03-23
LTC,LRLi5D4i9Afzei1quBaiydiw4vAJT6r2Gu,19,1.62989587,194.0,19,1.62989587,192.08,2025-02-15,2025-03-25
LTC,LS8vDYhajx4FoY3bR4cZ1DMmFJxUHkmbae,1,0.31222756,39.93,1,0.31222756,39.93,2025-03-03,2025-03-03
LTC,LPXawtPp2fakjLDoHPKnkPpR3xMt7r7wyK,1,0.17818775,22.79,1,0.17818775,22.79,2025-03-03,2025-03-03
LTC,La8qJ3CUzayPwGFPL5q6YNWW3asPtkYynL,1,0.1981,25.34,1,0.1981,25.34,2025-03-03,2025-03-03
LTC,Ld8nYYtTnLUUG323rV92np22ZY66sMFzHY,2,0.2222889,27.63,2,0.2222889,28.43,2025-03-02,2025-03-03
LTC,LfwhXqBTgG7RiWhHExJoRs58fRvsyoioxC,1,0.124,15.41,1,0.124,15.86,2025-03-02,2025-03-03
LTC,LiY2H4ooUshboF4Bgp8JvT6dhqL56YVN85,6,1.4082194,144.57,6,1.4082194,145.84,2025-02-24,2025-04-30
LTC,LPs2AZ6o1yNF3fJf1Ftfzw66g78Xejmo6M,1,0.18964831,24.25,1,0.18964831,24.25,2025-03-03,2025-03-03
LTC,LKwweoFGQpaBca9vwRJqcZQqVWYe9kY7V3,2,0.65073955,75.44,2,0.65073955,75.9,2025-01-13,2025-03-03
LTC,LMbTQghjxGJeFajwSsAG1Nnx5pBjNu6Lt9,1,0.75768384,94.19,1,0.75768384,96.9,2025-03-02,2025-03-03
LTC,LhrnfNdJm2Qdnd6TW6etorfRAtfgBq5m2e,1,0.27459395,35.12,1,0.27459395,35.12,2025-03-03,2025-03-03
LTC,LeYAcoV8GKPbPgxiHGH6MB8ww8GK7zVcmd,1,0.78762054,100.73,1,0.78762054,100.73,2025-03-03,2025-03-03
LTC,Lc3RdQJcZhtxh9TLDaafwFGQZpUFzYWZba,3,0.70397889,79.79,3,0.70397889,80.24,2025-02-08,2025-03-03
LTC,LQKURXwgTmvoU1cRof6L72G9hdCtkhqYop,1,0.25981499,32.3,1,0.25981499,33.23,2025-03-02,2025-03-03
LTC,LdBCvZ4jQjr7uuGsMewvmucTGz2BRYgyqp,2,0.2145172,25.33,2,0.2145172,25.42,2025-03-03,2025-03-06
LTC,LeEuT7cYU6ATmeREoPwys5cR4gZB68KEkH,1,0.14833413,18.44,1,0.14833413,18.97,2025-03-02,2025-03-03
LTC,LQDQebHxnhnwHG3kmN6wZ9USWGp4dvgfme,1,0.23987979,29.82,1,0.23987979,30.68,2025-03-02,2025-03-03
LTC,LNXFtG8qk7uKDEyTRXhauzWKtdc1c8X2Xq,1,0.03561862,4.43,1,0.03561862,4.56,2025-03-02,2025-03-03
LTC,La2MtfX1vyXkdnFJXpXkf2cVLL5UDqjzaW,1,0.05769934,7.17,1,0.05769934,7.38,2025-03-02,2025-03-03
LTC,LhFBVsM9ac5CMGAipxdxNLViGe2qopL6VG,1,0.1209984,15.23,1,0.1209984,15.71,2025-02-23,2025-02-24
LTC,LdxJJRXXJa2AMfcN4JANTgfrXLT8Z3ap4a,1,0.39146901,49.29,1,0.39146901,50.84,2025-02-23,2025-02-24
LTC,LN5gmzwEG2YzWgTrg4hgz8dPNcL2Qmc25K,1,0.15519886,19.54,1,0.15519886,20.15,2025-02-23,2025-02-24
LTC,LgSBWpoFCSBJDZo4zNTjrCMiCnqucDxRAW,2,0.72300566,79.56,2,0.72300566,80.55,2025-02-07,2025-02-24
LTC,LL14TwVLSykvL9ud2FM9H9mQBBjrugMmLE,3,0.20540107,26.93,3,0.20540107,27.27,2025-02-20,2025-02-24
LTC,LKcdDdwRF29hEr4ePLB6pC7o2n1QDR1pJK,5,1.91953263,245.68,5,1.91953263,247.26,2025-02-19,2025-02-24
LTC,LTsmN1KfMh7NeazxtknxG4dPPA7i3qMVYK,3,0.67190604,86.16,3,0.67190604,87.56,2025-02-16,2025-02-24
LTC,LaTgdMPVjTMwT6Ewu47rP6qqK1yXSHhmGa,1,0.08897137,11.2,1,0.08897137,11.55,2025-02-23,2025-02-24
LTC,LYpMC8ykw2EJLqsU4Vxwirayy7G96pXrXg,6,0.75587096,81.91,6,0.75587096,83.0,2025-01-28,2025-03-22
LTC,Lgqm9BBa8jiiXEEVesFzWTTmT6z5kwXDMp,1,0.16649489,20.96,1,0.16649489,21.62,2025-02-23,2025-02-24
LTC,LewZ7dt6SsKy8QfjKUXQSJALNPucvSBo36,1,0.1878962,23.66,1,0.1878962,24.4,2025-02-23,2025-02-24
LTC,LSicEipE3UTNBUuDtuM9c2MXpXecrFZJZ3,2,0.92146996,118.05,2,0.92146996,120.06,2025-02-21,2025-02-24
LTC,LLU3wc5vRuzoLMJqB1kCpGDCh5MnRKaJTd,8,1.96600973,215.1,8,1.96600973,218.76,2025-01-12,2025-02-24
LTC,LbiXGUWJHTbZsE1grzjAw1BFMKh9DGGLM4,1,0.2668776,33.6,1,0.2668776,34.66,2025-02-23,2025-02-24
LTC,LKZypf7dm1RsqPGEF8ecpNUytZqFZnSzoY,2,0.18735781,23.81,2,0.18735781,24.16,2025-02-22,2025-02-24
LTC,LgYLjKxCqvYVL8vH3nTche8JhLbACBJBs8,4,1.4462253,168.71,4,1.4462253,170.76,2025-01-11,2025-03-17
LTC,LKtQbvokjjueKCCXESMHK7oZNjyCANpV5k,1,0.96914079,122.02,1,0.96914079,125.85,2025-02-23,2025-02-24
LTC,LdLQqycXFkmsG3JiUioHCrEkL7z62mfyX3,2,0.14754182,15.11,2,0.14754182,15.05,2025-02-22,2025-04-28
LTC,Lg7AzxvFdsk6t6LUXcm4tzQjoZ4B4L2txU,4,1.48529342,181.35,4,1.48529342,182.2,2025-02-13,2025-03-27
LTC,LNgWvyvuUBWbDNgt8B8HM7bdF2kZdCSid5,1,0.10090795,13.61,1,0.10090795,13.61,2025-02-20,2025-02-20
LTC,LKTzGM8BK3sBZXm63ZTD5WGz41hQRrKurC,1,0.16894332,22.79,1,0.16894332,22.79,2025-02-20,2025-02-20
LTC,LNjsPYtguxxvugNnXxUbuQhGqJe1r2kAb7,1,0.2,25.95,1,0.2,26.98,2025-02-19,2025-02-20
LTC,LPY89NcaKLGqGrCi3HrBu9oiZ1pMx1rPVc,1,0.21673614,29.23,1,0.21673614,29.23,2025-02-20,2025-02-20
LTC,LQPRdYbMzSn19LQcJb4gWyqnM7J9fmdKai,1,0.09836956,12.76,1,0.09836956,13.27,2025-02-19,2025-02-20
LTC,LL5vtnVcvcqQHiLsYhn5AxhAwA9Cr1Bpr5,2,0.27989435,37.0,2,0.27989435,37.0,2025-02-20,2025-02-24
LTC,Le7k5xxenjzn43SaXJFveNe8auMxhpTnwc,6,0.793435,103.59,6,0.793435,103.9,2025-02-18,2025-02-20
LTC,LX64JK7Y7eWnQvDnZ4VraCbpV4oxVXSRb4,1,0.1186604,16.0,1,0.1186604,16.0,2025-02-20,2025-02-20
LTC,Lgx6FwaEwMhe6TGYCYapd5Vez4gKbW3hLB,5,0.6395,79.47,5,0.6395,79.47,2025-02-18,2025-02-20
LTC,LexwD7sBAPQhG2irYSNrowa8mbYY27NEzB,8,1.49993424,174.6,8,1.49993424,174.93,2025-01-29,2025-03-04
LTC,LMUy2DxzvigFAU8C619HobHa5VhuTQZwu1,1,0.11881078,16.03,1,0.11881078,16.03,2025-02-20,2025-02-20
LTC,LUwgoxJsk6AosCYUEd3SaCsWZKMDVvqBBh,1,0.1,12.98,1,0.1,13.49,2025-02-19,2025-02-20
LTC,LQPWMWAixQWMJ6Uh7omxEWP3SxsLDNDJgC,3,0.90603138,112.79,3,0.90603138,117.1,2025-02-13,2025-02-20
LTC,LdXURiCxH9g2ZVuHKtg53GpZ4qcBs6Vyh6,2,0.40592067,43.61,2,0.40592067,42.73,2025-02-20,2025-03-14
LTC,LUkw8AHG94xRYprComufgwMh6HGD86twaB,1,0.14281315,19.26,1,0.14281315,19.26,2025-02-20,2025-02-20
LTC,LRzJ26BFtbU7K9KprKKHGvXpzfYsT2udT4,1,0.03121056,4.21,1,0.03121056,4.21,2025-02-20,2025-02-20
LTC,LSuQmNQV1qGDTrkw5m5Y1dRuazFJHPC8mP,1,0.15349761,20.7,1,0.15349761,20.7,2025-02-20,2025-02-20
LTC,Lbhi9bK1DokSJPxVnB9aBgYjZhiAX69KNe,1,0.3714996,50.11,1,0.3714996,50.11,2025-02-20,2025-02-20
LTC,LfNBLPzL6o9Y1ydAm9A6c2YEZThy9dpcuN,1,0.96330484,129.93,1,0.96330484,129.93,2025-02-20,2025-02-20
LTC,LhTz49hmw8qEsCxgwpeUbnHgcqHWP9HBhM,1,0.08133711,10.97,1,0.08133711,10.97,2025-02-20,2025-02-20
LTC,LUtJsiz7xt2ZZi7E4Yg832YA1UA2DqggVQ,1,0.05,6.49,1,0.05,6.74,2025-02-19,2025-02-20
LTC,LeV1iFr9t8NSACjucu14QQuj7rdTpuopWA,1,0.28431224,38.35,1,0.28431224,38.35,2025-02-20,2025-02-20
LTC,Lc78vaN5s5Weg9mc8qoEBjcQ5qgzs15sCL,1,0.35257444,45.75,1,0.35257444,47.56,2025-02-19,2025-02-20
LTC,LQzS641A7Cw7D7xPJzMdNmFkprX4B7h6SB,1,0.0724574,9.77,1,0.0724574,9.77,2025-02-20,2025-02-20
LTC,LT1q7XuNRobarPYpAbgZjQe53wb81Ve7sw,3,0.39047523,49.21,3,0.39047523,46.23,2025-02-20,2025-03-06
LTC,LXjsJFUX55o65JFkW6ReurasXy977xcB72,10,0.91010471,103.52,10,0.91010471,104.52,2025-02-17,2025-05-13
LTC,LhPuACeuGjAxHk2jkEQbuMte9JK8nc1DmX,4,0.91572272,112.27,4,0.91572272,112.27,2025-02-15,2025-02-25
LTC,LSBNxAtagA1AVY7iytPKBrBFqhjhBo2Y8n,1,0.49819804,60.93,1,0.49819804,60.93,2025-02-18,2025-02-18
LTC,LZ7vPPE7RHmBPRr3LtNYxWDrjYbDZ5R9JS,2,1.34520696,143.85,2,1.34520696,139.74,2025-01-13,2025-02-18
LTC,LUfVhUWcMHPLVo5NMsmhJa7KP9aR96qN3p,2,0.17822003,22.23,2,0.17822003,22.23,2025-02-18,2025-02-19
LTC,LRyUSUuLf4MHWzM9oa3ANGEpBTjh2Rt48n,5,0.34888434,39.75,5,0.34888434,39.04,2024-12-15,2025-02-18
LTC,Ld1rXRzkyEjnxFMosMDpVCKUcrQPyscUww,1,0.1078666,13.19,1,0.1078666,13.19,2025-02-18,2025-02-18
LTC,LdCHirMJ4VFfY1xsvSuWCeqdEKTbN9TcYg,1,0.10565591,12.92,1,0.10565591,12.92,2025-02-18,2025-02-18
LTC,LSTW31KCW3TZQaGEAosLnnyBWQ32efpE9A,3,0.69789216,81.09,3,0.69789216,83.18,2024-12-16,2025-02-18
LTC,LUM3WXRmCwRyrCk44cTvYNqWZWZ9woQS6X,1,0.33800111,41.34,1,0.33800111,41.34,2025-02-18,2025-02-18
LTC,LMCzsfyCoYsg1V3rs2KNhhtsGXEFUQsQ9K,4,0.63619138,78.29,4,0.63619138,78.65,2025-01-16,2025-02-21
LTC,LNNHz18WKzKh8yFJW665Yx9WJF2SMPmjsL,1,0.98,123.21,1,0.98,119.86,2025-02-17,2025-02-18
LTC,LLiBVL8M9MuPzsyd6vVUYaqzwmh2hZTZeS,1,0.5040672,61.65,1,0.5040672,61.65,2025-02-18,2025-02-18
LTC,LdGvFwQx8eJLHJFdbTPKaPt8kSSiAwHMZW,2,0.29324661,36.24,2,0.29324661,37.23,2025-02-17,2025-02-19
LTC,LPmQFpoWpEaGdHYWWD5EUyg2EGj7yfLVoz,1,1.00540114,122.97,1,1.00540114,122.97,2025-02-18,2025-02-18
LTC,Lfd1jPuMRSmTTitvbLZErGxzCizfx6kSjP,1,0.10288674,12.93,1,0.10288674,12.58,2025-02-17,2025-02-18
LTC,LcnvREhNxjV3zoo7sVa5Gs954HshcM3MYk,1,0.23278078,28.47,1,0.23278078,28.47,2025-02-18,2025-02-18
LTC,LY4dEMuERPYaL2VStoYCSBekHuj2MnLbgo,1,0.10225119,12.86,1,0.10225119,12.51,2025-02-17,2025-02-18
LTC,LTPCjLnCWjbd8osnVvBiYfFTJ71y4RiBgv,2,11.27531332,1433.68,2,11.27531332,1433.68,2025-02-18,2025-02-19
LTC,LdbZvKf4w79FWuiRmzCZ3sARGBetdbVXHd,6,1.47154011,173.52,6,1.47154011,171.76,2025-01-23,2025-01-27
LTC,LbfJnrfF1Nue5sGQBPq8eePK5Wt71RyzpX,3,0.68342798,78.15,3,0.68342798,77.17,2025-01-14,2025-01-27
LTC,LMcJ6a2BeToRPTEQv9WpE7C19cK8WkLC8Y,13,2.17324032,224.31,13,2.17324032,224.13,2024-11-13,2025-02-17
LTC,LRw52UjGZgCMcHMxheuGc5PNPi8vgbnPu5,4,2.02370995,246.08,4,2.02370995,238.91,2025-01-26,2025-02-24
LTC,LebwEbp6DB5FhyaEVjCognRZidtEnX6k4c,1,0.25465799,30.23,1,0.25465799,29.81,2025-01-25,2025-01-27
LTC,LLHp2hfS5hmC7qctH8tsh6bVafUeM3J3jA,1,0.08890204,11.02,1,0.08890204,10.41,2025-01-26,2025-01-27
LTC,LYdp6Fd1LLMAm912hcLrhyfWMoSWtjgQYG,1,0.1808,21.46,1,0.1808,21.17,2025-01-25,2025-01-27
LTC,LXfndN3igEeGY7qq7zipVmnbZJtQtDYqnU,4,2.60094275,265.52,4,2.60094275,262.78,2025-01-23,2025-03-25
LTC,LaX2rt9fiy6DbJKZ7yKX2BSYBXwDsEaoB3,6,4.27891361,485.2,6,4.27891361,481.42,2024-12-01,2025-01-27
LTC,LRJt4bYzfChJ2h9dsRiVc4AQtaJMfoP3FN,1,0.2659,31.13,1,0.2659,31.13,2025-01-27,2025-01-27
LTC,LUKCZefHfzLVdJ3msYZasepV4DX3yVQFYx,4,1.00592848,122.62,4,1.00592848,117.76,2025-01-25,2025-01-27
LTC,LKrXv5bua3MFbsZJu5NW5TdgegXKbvtE39,1,0.24480595,30.34,1,0.24480595,28.66,2025-01-26,2025-01-27
LTC,LKHDJhYwiqk8wasMwRh7hub65RUpcrHRJp,1,0.50299802,58.89,1,0.50299802,58.89,2025-01-27,2025-01-27
LTC,LcyuY6zxu9xKpQEBa4ZXr51a54wjGCjeAT,2,0.27090432,32.11,2,0.27090432,31.59,2025-01-24,2025-01-27
LTC,LWigrTVLFsMeeuLJ5vpzeQw2qrU5asjq5g,1,0.07217872,8.57,1,0.07217872,8.45,2025-01-25,2025-01-27
LTC,LUiuxEocUnxNtL5TQm8L11hnQcXBacu5Ei,1,0.39416642,46.79,1,0.39416642,46.15,2025-01-25,2025-01-27
LTC,LXxRDeGkd1VT14Ygp3GsauUUKy4kSDaFDW,1,0.17804955,21.14,1,0.17804955,20.84,2025-01-25,2025-01-27
LTC,LaHX6k7sKq15AXQjNme5tPZAPovoX2XXZP,1,0.15322903,18.99,1,0.15322903,17.94,2025-01-26,2025-01-27
LTC,LKEGMB4vEgmK7dC8EgewiYBR3LA9FahitS,7,1.04401484,114.54,7,1.04401484,111.82,2024-12-05,2025-05-06
LTC,LQ1aUjUg5TB7ecATXbjKe1tDFbzntay84A,1,0.11577308,14.35,1,0.11577308,13.55,2025-01-26,2025-01-27
LTC,LRHC6r7jzDteBQomVhkyVDR3VLm9bztYuN,3,0.92235249,119.79,3,0.92235249,118.14,2025-01-26,2025-02-22
LTC,LQ5dQnr9n7D63iepm6EZcT5jmxgcPciXYJ,5,0.8028684,104.77,5,0.8028684,102.93,2024-12-04,2025-01-27
LTC,LbcauSq3fnjA1Tq9RM57KNacq312jX1V1H,1,0.43,53.29,1,0.43,50.34,2025-01-26,2025-01-27
LTC,LdjeGviWE1HTVYiC3ikHWnCeJB4ih3vqjH,5,0.620614,73.17,5,0.620614,71.61,2025-01-23,2025-01-29
LTC,LNjecJiZ7VmHy21H7LAUz535xnz4rj74zr,2,0.16462188,20.45,2,0.16462188,19.67,2025-01-26,2025-02-15
LTC,LeUSmFp1uFS1tUG2qaR7DcPGC7Viw4YEBB,1,0.15582475,18.5,1,0.15582475,18.24,2025-01-25,2025-01-27
LTC,LgVKqu6sWsP8EtEXi4uiYSw3jRXArKz6mn,1,0.3275602,38.35,1,0.3275602,38.35,2025-01-27,2025-01-27
LTC,LZQ4rqYF4XNPGRfTcaMzhN554uvxJDC2NV,7,4.35434595,461.23,7,4.35434595,460.49,2025-01-11,2025-05-04
LTC,LhUZXDqSMRqJMA2fc8ADtQzDVHQnahU1hZ,8,3.42489243,353.84,8,3.42489243,353.04,2024-12-10,2025-04-30
LTC,LVcPmnontW3ew4SAe2cq8L6BFVYR4WBD5f,1,0.09280999,11.02,1,0.09280999,10.87,2025-01-25,2025-01-27
LTC,LSkvtC87LNU84yBnNv2Nq8dJmwXW4hF7Ga,1,0.17635198,20.65,1,0.17635198,20.65,2025-01-27,2025-01-27
LTC,LNcGpuNryAALJYWhiwz21AJQyzvQxLapnd,1,0.31383114,38.89,1,0.31383114,36.74,2025-01-26,2025-01-27
LTC,LXLCo4tRmfaqRwBQ3wnujoERoTgRZsjpMd,1,0.16392099,20.31,1,0.16392099,19.19,2025-01-26,2025-01-27
LTC,Lah5rAAjxxH3PiQUcQM4uQDLXskESxQast,1,0.0989,12.26,1,0.0989,11.58,2025-01-26,2025-01-27
LTC,LMob1BgCCFcCLHeav1AgLLPSAYZuEmzNP9,2,1.3,157.35,2,1.3,151.87,2025-01-24,2025-01-27
LTC,LgsWBsktTuFpsLRh41LaSyGcouM6LjkAok,1,0.05547231,6.59,1,0.05547231,6.49,2025-01-25,2025-01-27
LTC,LiFrj4GZariBnZWZcarssQvABCuQAFJ5io,1,0.38019902,45.08,1,0.38019902,45.29,2025-01-21,2025-01-22
LTC,LPrup72i9pZAygc1ACvwxgJjm9p3Hd6jyJ,7,6.87717932,740.03,7,6.87717932,764.18,2025-01-07,2025-01-22
LTC,LaXagks5NxFrX9PWieFi5P1SxZCMvTpT8p,1,0.08164598,9.68,1,0.08164598,9.72,2025-01-21,2025-01-22
LTC,LPag8AKC7TYyNpByQtj3g3dvqB3EudbjxP,5,3.57601671,422.75,5,3.57601671,436.72,2025-01-17,2025-01-24
LTC,Leq19VT645nJdWMLFDZQbAukNoP7wiH6ia,2,0.65722968,82.39,2,0.65722968,82.39,2025-01-18,2025-01-22
LTC,LRDuhahV1cRJtyZ2LteHhcoYzJAWuHKxZv,1,0.09966111,11.87,1,0.09966111,11.87,2025-01-22,2025-01-22
LTC,LQ691TxRwVg9dtCzQS1aJ1Gxzj97nxYKXK,2,1.8617228,229.33,2,1.8617228,232.39,2025-01-20,2025-02-19
LTC,LWhKuih4cp3iPr3sEvECsfQK7GNXYHp5DJ,1,0.0839,9.95,1,0.0839,9.99,2025-01-21,2025-01-22
LTC,LhMZsiRxb4FQZubt9GPWvn8o25ziyS1sf2,4,1.1908103,125.35,4,1.1908103,126.71,2025-01-10,2025-01-22
LTC,LYS4fzUi7UvomseHwgwyWxiGbRtoBWVmMB,3,1.02060803,107.66,3,1.02060803,107.28,2024-12-27,2025-01-22
LTC,LcnHZHEK2QR9cW7PLnHw2T4VXPT8j6Kr21,3,1.418381,173.04,3,1.418381,170.74,2024-12-14,2025-01-22
LTC,LX34WEcBDtxFRtWTCu4St7J8xhRKRmWuci,1,0.335564,39.79,1,0.335564,39.97,2025-01-21,2025-01-22
LTC,LaxwSEZsfEZ84a5M6JstCBS3MAqxMCNaWu,8,1.50017912,171.79,8,1.50017912,173.38,2025-01-22,2025-02-12
LTC,LTjw94cpDihQ9TMgZZ7Y7edVN8Jzxxoob2,4,1.27657646,136.75,4,1.27657646,136.75,2024-12-27,2025-02-07
LTC,LXsfL2DYJ5mFn2rkke23SV6p8fYP2yVhCX,1,0.24860783,29.48,1,0.24860783,29.61,2025-01-21,2025-01-22
LTC,LUghFMDGWeWnzEAr8wgggFmck3Fyi75Rox,1,0.0449,5.19,1,0.0449,5.35,2025-01-20,2025-01-22
LTC,LaeykFBxGJ251Add94RN7Cju5NDLhpcjb9,2,0.52637689,62.49,2,0.52637689,62.49,2025-01-15,2025-01-22
LTC,LPx4f2dDKNg6qye3rEsynFiCKUVHqJhjEv,3,0.98151297,106.71,3,0.98151297,114.99,2025-01-15,2025-01-23
LTC,LW2S2sJBeuTFAXAuZcSrfmRDBKmGdAi8t1,1,0.33205001,39.55,1,0.33205001,39.55,2025-01-22,2025-01-22
LTC,LMJWz5Nk8y55D5gtbwdH2YnhLPyfnwvuny,1,0.45430484,54.11,1,0.45430484,54.11,2025-01-22,2025-01-22
LTC,LceMqxoskLoErqCTrgRZeA1j2TnNvq1u3b,4,0.55520563,66.0,4,0.55520563,62.15,2024-12-09,2025-01-23
LTC,LUaeBBdDc8KmXaqjc88ijCfx6sCRhKyJhT,1,0.21383054,25.47,1,0.21383054,25.47,2025-01-22,2025-01-22
LTC,LXyeMTYxJtD1bVQfH8r7mYUUFnrrbW4Qyc,3,0.83659826,94.99,3,0.83659826,95.77,2025-01-14,2025-01-22
LTC,Li7moLbwTVCYs1CPUfYxnqTGwNYZbdcsjd,7,8.45853319,966.25,7,8.45853319,966.91,2024-12-24,2025-02-25
LTC,LgWuYnp1VA2wDKEaGmQXBfJXLjXBmRwUn6,3,0.98385312,116.09,3,0.98385312,117.05,2025-01-21,2025-01-25
LTC,LRVWDxh5WJQnpFgbyobFotjsMyFSJWwCrB,1,0.22298878,26.56,1,0.22298878,26.56,2025-01-22,2025-01-22
LTC,LgRypXfRn7VpGAPiFM58ksKSiSd6y8BQhK,1,0.10838521,12.85,1,0.10838521,12.91,2025-01-21,2025-01-22
LTC,LdhS3SRheea7oYVvAfFcCsfUEkhwDR5acn,1,0.07535652,8.71,1,0.07535652,8.98,2025-01-20,2025-01-22
LTC,LNCVEyVhqnsUroZTFk6KP54QTuMHhZsMKE,1,0.28399803,33.68,1,0.28399803,33.83,2025-01-21,2025-01-22
LTC,LN3o3WXkUnKoUhUoaMwN4LGQUf1H7Nwonx,1,0.19413195,22.43,1,0.19413195,23.12,2025-01-20,2025-01-22
LTC,LSPSHB3f3b92SmRAYw4ZMdQ2Dbybizvm92,3,3.58091013,425.39,3,3.58091013,425.39,2025-01-22,2025-01-25
LTC,LdaBWVDoR3EPEw7XwSuyHPyWHyMiopRvob,1,0.25076189,29.87,1,0.25076189,29.87,2025-01-22,2025-01-22
LTC,LT1xs5rHnHXKABY3BegpXhs9KR3JWTR7To,2,0.41206316,49.54,2,0.41206316,50.26,2025-01-22,2025-02-14
LTC,LSJNMNupi96TMjwDaY9MNsxWPD3ZbWEDGx,1,0.12284172,14.2,1,0.12284172,14.63,2025-01-20,2025-01-22
LTC,LUAZdWEjLR36tuADcQYL8t7yHvqC5JUTdP,5,1.12336142,125.32,5,1.12336142,130.92,2025-01-11,2025-01-22
LTC,LYdygC838smmJSUvygFNbHGV7x9NU5kxFJ,7,0.98858834,113.64,7,0.98858834,114.78,2025-01-14,2025-01-22
LTC,LV712CL7gFR5Z1gttcZro9s4zAyTvSvsPv,1,0.62807226,74.48,1,0.62807226,74.81,2025-01-21,2025-01-22
LTC,LWKJnwYNdcTMpEtDjSgT5vdYXCp6s7nAsT,1,0.13831671,16.4,1,0.13831671,16.47,2025-01-21,2025-01-22
LTC,LejagL2GrSeZnvy9KkLwjin1TNr1NdiGHA,2,0.60995996,72.33,2,0.60995996,72.65,2025-01-21,2025-01-22
LTC,LZJDWiHtDfziJu3gogZRVbDc9o93AgF73z,2,0.09829792,10.88,2,0.09829792,11.42,2025-01-22,2025-01-30
LTC,LWoERmSXve8MmASw7QVkxXMgAVYXyDZfWy,1,0.10027963,11.59,1,0.10027963,11.94,2025-01-20,2025-01-22
LTC,LMCvwgKfQmn7EpWj3qWKgzKE3goGCjyvU3,1,0.05676981,6.73,1,0.05676981,6.76,2025-01-21,2025-01-22
LTC,LgWwGizz45DdQiEikjuQ2ET8aS4VkVbcr9,1,0.08768872,10.13,1,0.08768872,10.44,2025-01-20,2025-01-22
LTC,LbSEGs4Ug5qCyoeHHFRbHL53t5jz7beid5,1,0.11014543,12.88,1,0.11014543,12.88,2025-01-16,2025-01-16
LTC,LKpKCRbZZg4cvXqVy7cNMrVyyT9iVEaYym,1,0.48898686,50.1,1,0.48898686,57.19,2025-01-15,2025-01-16
LTC,LVfN1kER9Z6JCGF9cqQ7odGwwcvV5Xz7Yc,1,0.59587475,61.05,1,0.59587475,69.69,2025-01-15,2025-01-16
LTC,LTXfdoo6VPxA1Dw1FFkRAHmhFkEK1d1xhF,1,0.2150053,25.15,1,0.2150053,25.15,2025-01-16,2025-01-16
LTC,LbkVz5epCepneZVeAiq7yZuvraWAdPwh1X,4,1.01735163,102.94,4,1.01735163,114.41,2025-01-14,2025-01-16
LTC,LTGoRy41aYmSRCoApVjDcLEHfoXFc67rfK,3,1.26250028,127.34,3,1.26250028,129.07,2025-01-13,2025-01-16
LTC,LUQNR3f3Xo2oSLFSoFn9LPASDSGsnSvdnt,3,1.08158359,120.41,3,1.08158359,120.61,2025-01-06,2025-01-16
LTC,LhzpzWedVThYPw5arkrhr3hFCzFdvJyf5W,2,3.83777233,303.08,2,3.83777233,308.76,2025-01-16,2025-04-19
LTC,Ld2WUePW4BFCNkwsFEfLCAudmQQ37gG1up,1,0.599,61.37,1,0.599,70.06,2025-01-15,2025-01-16
LTC,LWVwZordksbzHjDVewHDwdKYNMPydLrPNj,1,1.28404249,150.18,1,1.28404249,150.18,2025-01-16,2025-01-16
LTC,LXHYWf6aKNd8xiiro6VExWx79tLxr3hooz,1,0.0495681,5.8,1,0.0495681,5.8,2025-01-16,2025-01-16
LTC,LPZrdVUHV2SWGqKNMXmey81szfqoAWGMxy,2,0.9828,100.69,2,0.9828,107.83,2025-01-15,2025-01-16
LTC,Ld6n3SAZZA8b8a7qKHhVsWjKv26CxBBjwn,4,3.09255179,366.51,4,3.09255179,371.88,2025-01-16,2025-01-17
LTC,LhRwExBVESf6A9njRKvz4o1uzG7ehirGJx,2,0.54613731,58.06,2,0.54613731,58.06,2025-01-16,2025-02-05
LTC,LXKkqhyPUowP2TzgwXF4TVrHxvP9mPtJeC,1,0.24599155,25.2,1,0.24599155,28.77,2025-01-15,2025-01-16
LTC,LdEFzvswx9f34MSVn9pRG2tqpi69MNGFqi,1,0.40481739,41.47,1,0.40481739,47.35,2025-01-15,2025-01-16
LTC,LNDTqZoQD8RhTm6FBJBASzFRrhYrAcLDdW,1,0.90663531,106.04,1,0.90663531,106.04,2025-01-16,2025-01-16
LTC,LW2SvnvoMXwcsrNKmkoPw8HoTwcgu995Ap,1,0.10743907,12.57,1,0.10743907,12.57,2025-01-16,2025-01-16
LTC,LLa4sDQiazczZtepLd1hoynde7L7kcyzkY,1,0.20901457,21.41,1,0.20901457,24.45,2025-01-15,2025-01-16
LTC,LNRDZMa851tP9rp1K82a6h7DocQdY9Qsvm,1,0.26612896,27.26,1,0.26612896,31.13,2025-01-15,2025-01-16
LTC,LL98Cro1W8aEyTkeezp8xJUjSm7qGGVQTz,2,0.08340536,8.49,2,0.08340536,9.57,2025-01-14,2025-01-16
LTC,LW4nkqL9wCgMYALu4t7mdyKmQQn1Ba4uct,5,0.50905042,60.72,5,0.50905042,60.72,2025-01-15,2025-01-18
LTC,LKfxzEWBWG4GC2bhvY1eQEu3nuWA1E3B9b,1,0.93588523,109.46,1,0.93588523,109.46,2025-01-16,2025-01-16
LTC,LN7RBcp1Y5n4Fce6duoEPup2EHnT74cUgi,1,0.29982453,30.72,1,0.29982453,35.07,2025-01-15,2025-01-16
LTC,LcPFwuq6vgfx1YmP5i99fiRhZC3cMuyxJg,3,1.79561532,184.82,3,1.79561532,185.83,2025-01-10,2025-01-11
LTC,LhVkBottTTwhTHZTNbjPH19tQYB6KdMRcv,1,0.09475708,9.69,1,0.09475708,9.85,2025-01-10,2025-01-11
LTC,LZWoViEaxY2URrFtRPUtxTohtQqwegX3Dc,1,0.03349147,3.42,1,0.03349147,3.48,2025-01-10,2025-01-11
LTC,LVmK6C8DbJaGW3vuin1VCVeQiYrxtYHsxz,2,0.15573002,15.24,2,0.15573002,15.05,2025-01-11,2025-03-27
LTC,LdzVYQWZcaibNiwnqFXaJwHUZ6fJUG69jy,2,2.023,178.4,2,2.023,178.73,2024-10-18,2025-01-11
LTC,LP9Yq5nW4sasRyqYEojyfMcNcvEut2ZznR,1,1.32912893,135.88,1,1.32912893,138.15,2025-01-10,2025-01-11
LTC,LXzLMEW2VqGDPeUbx8YNaPKvuwhHCW6fMz,1,0.78851,80.61,1,0.78851,81.96,2025-01-10,2025-01-11
LTC,LgGDkdhTV2nZg8UtCCtDKhXJFPPCTEM9q1,1,1.1887667,121.53,1,1.1887667,123.56,2025-01-10,2025-01-11
LTC,LiDQHr6JFgdPpfauhNF2JPBmimk5W59isf,9,2.22143175,236.31,9,2.22143175,239.06,2025-01-10,2025-01-18
LTC,LQ8so2RzetNCDJZVeb96Z7KZHk64qNpZCr,1,0.0499,5.19,1,0.0499,5.19,2025-01-11,2025-01-11
LTC,LSN79eCRb6R7yp52xZLB7qypnxt1N3S17N,1,0.45,46.77,1,0.45,46.77,2025-01-11,2025-01-11
LTC,LeJ37q5e4hzveNfuvNYHCRB9ZWsKFwfWQk,4,2.21094245,229.47,4,2.21094245,228.27,2025-01-11,2025-01-13
LTC,LW89bR4ew2C9vhdSzzyrLsFdYD5P1vRkYF,1,1.17605298,122.24,1,1.17605298,122.24,2025-01-11,2025-01-11
LTC,LRTmNaXNU32zYhVkAf8A9i9f2e6reeiyZh,1,0.4799,49.06,1,0.4799,49.88,2025-01-10,2025-01-11
LTC,LLrrmu4WsKCiT6eNsnizmVGbytrjPGV5X7,1,0.12347044,12.62,1,0.12347044,12.83,2025-01-10,2025-01-11
LTC,LNufZXkrVuy596b5eWSsqopWi8ief146zc,1,0.1649,16.86,1,0.1649,17.14,2025-01-10,2025-01-11
LTC,LRNv3G82YSQKUyvrDFZWaZxY2ZPCGzzS9w,1,0.58274807,60.57,1,0.58274807,60.57,2025-01-11,2025-01-11
LTC,LSu3BzUJ1iHccvptaA1DWiGerYn2oBBUN2,1,0.10515498,10.93,1,0.10515498,10.93,2025-01-11,2025-01-11
LTC,LcxhbTL5Fku5N451MmxkfzUDoHuKxDEbgy,1,0.51586164,52.74,1,0.51586164,53.62,2025-01-10,2025-01-11
LTC,LchifMQy9AFNL6iQfYVMy21kW5tHSYziiy,13,1.43009206,140.98,13,1.43009206,144.17,2024-11-19,2025-03-15
LTC,LMDuKXNSDmfKMg2WBcTUw1LfstbHVoRcj5,5,3.50422317,374.57,5,3.50422317,371.31,2025-01-11,2025-02-17
LTC,LgwjTDYch6ixaKSQ36dWfdpriJoWcpFaYC,1,0.6899,70.53,1,0.6899,71.71,2025-01-10,2025-01-11
LTC,LhKoKaTP4QRNzX2vbeTa81skXLY3cSYUde,1,0.1499,15.58,1,0.1499,15.58,2025-01-11,2025-01-11
LTC,LeNsBuym3U5LyLPXRDAZpyFP1ACJoiRkFM,2,1.38326097,140.86,2,1.38326097,142.59,2025-01-09,2025-01-11
LTC,LVRV6AvAWunPZkAfwnVhbghc95tEPdj9RK,1,0.38146545,39.0,1,0.38146545,39.65,2025-01-10,2025-01-11
LTC,LTxkLJykV6pMsj6MyRwmfPMsvzwwWpYHqj,1,0.12460061,12.95,1,0.12460061,12.95,2025-01-11,2025-01-11
LTC,LVRxU4bjg6eDAwrp5BzRwNJGPAE97ebigo,1,0.27047512,27.65,1,0.27047512,28.11,2025-01-10,2025-01-11
LTC,LdWvmdbity7C7zgiQoKFpxkJ3YZv27RMxM,1,0.39218477,40.76,1,0.39218477,40.76,2025-01-11,2025-01-11
LTC,LLHHyZs6mjb7ak7BvFnSLb2X52xqJr4RS7,1,0.28254215,29.37,1,0.28254215,29.37,2025-01-11,2025-01-11
LTC,LZXgyLz6VTRwvfqiCxG8JMm4srn8DVYiAb,1,0.09616092,9.99,1,0.09616092,9.99,2025-01-11,2025-01-11
LTC,Lh5zYg2usieA6quKvLDTAbV8RjVCV4ZhEL,1,0.14315859,14.88,1,0.14315859,14.88,2025-01-11,2025-01-11
LTC,LdyCWHR3wY7sxXr9fwkwT6He5huYSi9sTZ,1,0.09501135,9.71,1,0.09501135,9.88,2025-01-10,2025-01-11
LTC,LWp1LbD2S1aEio6LzVu6pXGWAXi39SLmaW,2,2.9338,293.79,2,2.9338,288.72,2024-11-24,2025-01-09
LTC,LPLjWfYgDs37ii3Keh3D5prFJgf3VmHcx9,2,0.20959,21.53,2,0.20959,21.26,2025-01-08,2025-01-09
LTC,LZSijCBGPxNJpMWpDQqY6pxFEQawRvHdQt,1,0.1299,13.34,1,0.1299,13.18,2025-01-08,2025-01-09
LTC,LXSKoQ8mtRCZHzfqkWWrjhECfq4nMezgRg,4,2.51930698,256.42,4,2.51930698,256.42,2025-01-09,2025-01-10
LTC,LRcdzimfsRDUEPUNXHzE89nn6wMNnqEFSz,5,1.75906066,183.61,5,1.75906066,184.21,2025-01-09,2025-01-17
LTC,LQ9jbLcYB89aXuCLqjJQjwsZ2JwGXPWRZJ,3,0.54220112,55.36,3,0.54220112,55.37,2025-01-08,2025-01-10
LTC,LU1QTQj67c5eaBXrU99Rhu3vcy4s8bHUmb,3,1.51025218,153.32,3,1.51025218,152.69,2025-01-08,2025-04-27
LTC,Ld4T2WptbZn92QHHEyEt3syZRFHQX8vM7p,1,0.1099,11.29,1,0.1099,11.15,2025-01-08,2025-01-09
LTC,LdJQGPEZ4yfa7jSKPc6mS18ijjiqYEu7ph,2,0.39274879,44.84,2,0.39274879,44.19,2025-01-06,2025-01-09
LTC,LaZeUkcvKxDGRfbhqVHtJanbz9ETTn6qof,1,0.3295734,33.85,1,0.3295734,33.43,2025-01-08,2025-01-09
LTC,LTknMcX4kLimfXHoeAtwehP3irGMMtR2x3,1,0.24189491,24.85,1,0.24189491,24.54,2025-01-08,2025-01-09
LTC,LWyi9DGw89GJW7F8ZtYpKMD4TKCPffE3rV,2,0.46018,49.72,2,0.46018,50.19,2025-01-09,2025-01-25
LTC,LPG5qtwKapqV7jo3ig5FHyDJ9ty9usbbLb,1,0.04,4.06,1,0.04,4.06,2025-01-09,2025-01-09
LTC,LbfDAQYPbjBqjcdrpbLZkLekj73duwPLec,9,2.42201815,268.61,9,2.42201815,266.11,2025-01-08,2025-01-28
LTC,LaTgRXgvNL3tcr61SkNE748GwMR78hk2Vs,1,0.09628964,9.89,1,0.09628964,9.77,2025-01-08,2025-01-09
LTC,LeEnzKXQUuQQoFXDELfuggzaozKjjQMbLP,1,0.12716198,13.06,1,0.12716198,12.9,2025-01-08,2025-01-09
LTC,LWBdpdFuf1DzU7RWLCEZu8b6yyuVmyH4hD,3,0.34178431,38.3,3,0.34178431,38.3,2025-01-09,2025-02-16
LTC,LMprCVTqyUu2L8EyBH4ZKDyDBxzGLLyy1d,6,5.79793755,605.09,6,5.79793755,596.07,2025-01-07,2025-01-15
LTC,LTnt4JhDPktJijGZ5CDYRo3qzhcHktXE4u,1,0.3499,35.49,1,0.3499,35.49,2025-01-09,2025-01-09
LTC,LTBxk5w3L6qQ1EvB92PDtPiXHjY2cTh6jp,2,0.57141406,50.28,2,0.57141406,51.07,2024-11-11,2025-01-09
LTC,LQxCfok59bAnTqzX3GSCTUuj6BGCe6scoF,1,0.12707722,12.89,1,0.12707722,12.89,2025-01-09,2025-01-09
LTC,LdMtu4iMkbceBJB18FfkJJG1niNHhu4qPa,2,1.43386402,147.27,2,1.43386402,145.9,2025-01-08,2025-01-09
LTC,LYWDzcbRvi3sNkEFXzog2QHNqHUQ9smvAg,1,0.2039,20.94,1,0.2039,20.68,2025-01-08,2025-01-09
LTC,LQJrna8Z4ZTbUKkGc4nHkEbF5ioC829vFV,2,1.98146311,203.05,2,1.98146311,200.14,2024-12-27,2025-01-09
LTC,LbWaG4c8aigmFdNB7hnUreN3PkCCRkvDFX,1,0.11986349,12.16,1,0.11986349,12.16,2025-01-09,2025-01-09
LTC,LRoqZLt2gE3ABg2PoYSdmSCteQNZW4dnF1,2,0.26807401,31.16,2,0.26807401,31.02,2025-01-08,2025-02-17
LTC,LcDRh5GTFsfrRQM9ocDwZLy4UFxkn79ZvT,1,0.0891,10.31,1,0.0891,10.31,2025-01-06,2025-01-06
LTC,LWSC5Y7EKKvd9b7KMa2b1mHN5WsWcDEoKt,4,1.31233666,150.26,4,1.31233666,144.48,2025-01-05,2025-01-08
LTC,LTfJn1SBSqsSZzbZptXxS66VtsrqbVe49T,2,0.35354159,39.32,2,0.35354159,40.91,2025-01-05,2025-01-06
LTC,LPrfjuobMxPN4GtF3oCMyK74oeUBjZvKxs,1,0.51741798,59.88,1,0.51741798,59.88,2025-01-06,2025-01-06
LTC,Lhbya9ANxuMz5t4vUGeDm8vvJCETUWfc2C,1,0.01,1.11,1,0.01,1.16,2025-01-05,2025-01-06
LTC,LTw442nVC4ZoY9RjjhP7eWY98AHQM2TCmb,1,0.1192442,13.26,1,0.1192442,13.8,2025-01-05,2025-01-06
LTC,LgaTTpg9r2Mdhhd7cQaaY4tLHoQkivT3sG,1,0.10668563,11.87,1,0.10668563,12.35,2025-01-05,2025-01-06
LTC,LcZfQr1udZXcQHxzSrXBDgy4MzrbkSuhGT,1,0.17178158,19.88,1,0.17178158,19.88,2025-01-06,2025-01-06
LTC,LaHU9i3jx3JkX83ResX3RJDc2wP9pzQrtp,5,0.79730909,80.9,5,0.79730909,82.18,2025-01-05,2025-01-15
LTC,LUaPaE4bNhk9E3W1nMi9Fsu4HRy4ST2J7M,1,0.78889724,91.29,1,0.78889724,91.29,2025-01-06,2025-01-06
LTC,LgDzziu3fPvjm3UQoNhgSfnYYKUrzuSQa7,1,0.7347383,81.72,1,0.7347383,85.02,2025-01-05,2025-01-06
LTC,LTkFW5jUwF59xUS1rJuC3fEkFh3GwiZ1Fr,1,0.17378003,20.11,1,0.17378003,20.11,2025-01-06,2025-01-06
LTC,LetjZptpeuiTKJBeGhArJiu7MyHg89WiQ8,3,0.66651639,72.79,3,0.66651639,75.35,2024-12-24,2025-01-06
LTC,LUkydUvPamdNuRB31cSKFdFrP6s3gJQaMN,3,0.95102723,100.12,3,0.95102723,98.77,2025-01-06,2025-01-14
LTC,LWxCGj4F6TZCHqfB7KgykMJELAydE1ZWMU,1,0.46072175,48.48,1,0.46072175,48.48,2025-01-02,2025-01-02
LTC,LZ75iHgSsubHcw1phM9yj8oJyeohJZMVTs,1,0.19863942,20.9,1,0.19863942,20.9,2025-01-02,2025-01-02
LTC,LZUfpLcp6BbDyQrbrbZPCC1BpBVPW8Sr3c,1,0.10667028,11.22,1,0.10667028,11.22,2025-01-02,2025-01-02
LTC,Lduo7hjG41vY2hbpgqb2MhUJwnz5xusTQv,1,0.9044093,95.17,1,0.9044093,95.17,2025-01-02,2025-01-02
LTC,LXuD5dohgnPYUKFLPCA7zBkdjkn5aQ4Si2,1,0.16018977,16.86,1,0.16018977,16.86,2025-01-02,2025-01-02
LTC,LhBzaVdurzjgZDp1gZ5MdwcoamWHAVmUmp,1,0.24965,26.27,1,0.24965,26.27,2025-01-02,2025-01-02
LTC,Lh71w2RbwRScwyXVSboqqB2vuaDdmGDyYF,1,1.11387391,117.21,1,1.11387391,117.21,2025-01-02,2025-01-02
LTC,La6YvFRAmNmTLpSgy1MqyzuWAsJ5Ezegtt,1,0.13598391,14.31,1,0.13598391,14.31,2025-01-02,2025-01-02
LTC,LTdcXD9ZR4PMbz9L3phxSXJviLp7uW7EhN,1,0.15283947,15.79,1,0.15283947,16.08,2025-01-01,2025-01-02
LTC,LeqU42nc3fJEJAGpM7GzGjaqx7DUsV7QEi,4,3.85217974,405.36,4,3.85217974,405.36,2025-01-02,2025-01-02
LTC,LfCSfqi82vqww2d2GLnAhz2SLyyJn6AZoQ,1,0.60612367,63.78,1,0.60612367,63.78,2025-01-02,2025-01-02
LTC,LWnnda5PFD9coQekJtuJT4cEpgFWRGyJtA,1,0.11588883,12.19,1,0.11588883,12.19,2025-01-02,2025-01-02
LTC,LZpsXiDogmd4tu2bofCLSNgyJWrCU284Et,3,1.05449186,102.05,3,1.05449186,102.05,2024-11-13,2025-01-02
LTC,LXfkdKXnFehJsTYiCELGbG9Mb7brf8qiLg,2,1.78659538,188.0,2,1.78659538,188.0,2025-01-02,2025-01-02
LTC,LRnRqXgFkNsY8j6GEtK4oEgmLpv9upZQxk,1,0.08584734,9.03,1,0.08584734,9.03,2025-01-02,2025-01-02
LTC,LRM1SHoT6ZG3z7PePcEhu3sXh5bfDWdDBP,2,0.21681456,22.52,2,0.21681456,22.63,2024-11-26,2025-01-02
LTC,LfgCzfcMLTGeDPgJTQ6uA5iZw5EBv3SmES,1,0.1136393,11.96,1,0.1136393,11.96,2025-01-02,2025-01-02
LTC,LYCtXk7dBnFCL6P6VzpcJVv6owtBExi2Uh,1,0.89406593,94.08,1,0.89406593,94.08,2025-01-02,2025-01-02
LTC,LMkUsnqAmAVgpQYJCNdyGCrwLLcWPtTC8d,1,0.14054012,14.79,1,0.14054012,14.79,2025-01-02,2025-01-02
LTC,LNahpFw5rLMYpSGLhP65eRgqjQfWdWMJrr,1,0.24850574,26.15,1,0.24850574,26.15,2025-01-02,2025-01-02
LTC,LbNp6L4eGhBNo8RpoV8jq4YJzrNwP5T9jH,1,0.18200336,19.15,1,0.18200336,19.15,2025-01-02,2025-01-02
LTC,LbhmRkAgrSzMBcC4jPy9R7owjjvLZRnoaA,1,0.12246244,12.65,1,0.12246244,12.89,2025-01-01,2025-01-02
LTC,Lg4fELxt6ZiVT6QZhLcAGVf2N1kHPhSm8T,1,0.14738645,14.94,1,0.14738645,14.97,2024-12-21,2024-12-22
LTC,LefLTDN9G3PCnBV5MucMiSXzFZVj6dHvos,1,0.2449,24.87,1,0.2449,24.87,2024-12-22,2024-12-22
LTC,LiDmX4jiZ4UWS1t1JFFpAtnNHZKx6g7AuP,1,0.2439,24.77,1,0.2439,24.77,2024-12-22,2024-12-22
LTC,LWV1mtiQhhuwPdSpuHCR8d4fBLtj8ZkYnA,1,0.40191013,40.82,1,0.40191013,40.82,2024-12-22,2024-12-22
LTC,LMANPftEcKcxJjVn44DUYL3J4a4s5yS9oS,2,1.01656528,105.93,2,1.01656528,105.93,2024-12-22,2024-12-24
LTC,LPFjbeBbM8PDB5Pyw7vCMjmJR7MjxTkgMh,1,0.0999,10.15,1,0.0999,10.15,2024-12-22,2024-12-22
LTC,LiM9Jz5kNsnUpFebTq8G2NDkYuRnvNY6xd,1,0.16659016,16.92,1,0.16659016,16.92,2024-12-22,2024-12-22
LTC,LKEVnR4bdsDG3aqkmQqNwvUF6ZmwJseDoo,1,0.2,20.27,1,0.2,20.31,2024-12-21,2024-12-22
LTC,LgTdji1eS536qUTPvCHH5kjA4DnsQrL4DC,2,0.75679764,76.97,2,0.75679764,76.58,2024-12-21,2024-12-28
LTC,LhAc3B3tbfvfLBWiFxJPwSeFX8GXw4YAc5,1,0.14708462,14.91,1,0.14708462,14.94,2024-12-21,2024-12-22
LTC,LUnjBzMC8fJrRh85RpTxWAoe8vQW1Cf9SF,1,0.0899,9.13,1,0.0899,9.13,2024-12-22,2024-12-22
LTC,LTe94XAFwmX1NUV29cAQFr6fLM8KX5tVnb,4,4.03634772,409.16,4,4.03634772,409.97,2024-12-21,2024-12-22
LTC,LgrxCkDqRUnuMgPtZsD9qk6WZAYEsA52oB,1,0.37852814,38.45,1,0.37852814,38.45,2024-12-22,2024-12-22
LTC,LZSrzZ1wo2PvLaaw6nYYbhwV3asJeVAdLd,1,0.4849,49.15,1,0.4849,49.25,2024-12-21,2024-12-22
LTC,LYDq2JVqN7krx3sc4VgG8qJ7J9KLpiUyTT,1,0.58,58.79,1,0.58,58.91,2024-12-21,2024-12-22
LTC,LfyURyuZrEBnoXfnYXS7XFLhjEvaUmpQTh,1,0.13326502,13.51,1,0.13326502,13.54,2024-12-21,2024-12-22
LTC,LN5TxFjVt1Emxtyj139mTwChQnC7ZTiQ6Q,2,1.15141579,120.28,2,1.15141579,120.42,2024-12-21,2024-12-26
LTC,LheX3o8toxHms1m1nNoYRfNoJysotcbwrZ,1,0.73210848,74.21,1,0.73210848,74.36,2024-12-21,2024-12-22
LTC,LbmgrnRHKURS468G7GL1abWoKqn7ZvAWaA,1,0.09879955,10.02,1,0.09879955,10.04,2024-12-21,2024-12-22
LTC,LS8fCptZ4kKuqq6jSDAX11tMx1Gqc4MuFA,3,0.95933285,108.02,3,0.95933285,110.3,2024-12-12,2024-12-22
LTC,LRkyrFUUmVgGXYLMWMPQxBpmuRxmLiSkTj,2,0.93242133,122.05,2,0.93242133,122.05,2024-12-04,2024-12-04
LTC,LSJjea9vRFvA2yi9fyX2PCn8gKQZX2C1Kz,5,2.30311899,281.84,5,2.30311899,282.36,2024-12-03,2024-12-13
LTC,LZMqK8LuTsLD27qmRQxPx6MD3tabetyEGw,1,0.7599,99.47,1,0.7599,99.47,2024-12-04,2024-12-04
LTC,LKmmzkdbNCfPSLMWiU6dGoXYqkqR9WEkWM,1,0.26986096,35.87,1,0.26986096,35.32,2024-12-03,2024-12-04
LTC,LhPRPT1mdfGYtGPibcRAs1dtP2wUvXusJ2,1,0.15169043,20.16,1,0.15169043,19.86,2024-12-03,2024-12-04
LTC,LL56BfnkUzioyumBwkKK9XMLQ47PMShpGj,1,0.18703749,24.86,1,0.18703749,24.48,2024-12-03,2024-12-04
LTC,Ldz25prnPmTFvMTQ6WbUe28v4YzzS12RMi,1,0.44962039,58.86,1,0.44962039,58.86,2024-12-04,2024-12-04
LTC,LbXNk2m4mpXWbW32fi4Wshh5PdNcaunWSE,5,4.12482651,379.89,5,4.12482651,394.88,2024-11-07,2024-12-04
LTC,LYjwDryaca8aEmKfpggXPQzMb4ZxRmA1WL,1,0.4999,65.44,1,0.4999,65.44,2024-12-04,2024-12-04
LTC,Lgan51GB2FNKcXjMn4gM5bov6iNbVMzdmG,2,1.26,166.89,2,1.26,168.46,2024-12-04,2024-12-07
LTC,LejvAWkCdxchfx1SmM5caGuVZ7nJBcw8hV,3,1.27713165,167.18,3,1.27713165,168.56,2024-12-04,2024-12-05
LTC,LZpRRWRDBRPUMpRpcSEFqozoyrsjhP3p2S,1,0.55977904,74.41,1,0.55977904,73.28,2024-12-03,2024-12-04
LTC,Le1u2NWkQBUWRFnaeA4aQZQb9RuHVTcrXg,1,1.05421331,138.0,1,1.05421331,138.0,2024-12-04,2024-12-04
LTC,LPtXsKnMJa8E3xdehkURGXJNimd6NV6dHg,1,0.7799,103.67,1,0.7799,102.09,2024-12-03,2024-12-04
LTC,LZPNpwggHBJgnP51zkikKx3ejzuc3iDVwB,2,0.30783705,40.76,2,0.30783705,40.76,2024-12-04,2024-12-05
LTC,LaFccitw1LbkPEEDutqk9brX2CWjh3tXXp,2,0.20307085,27.18,2,0.20307085,24.68,2024-12-03,2024-12-10
LTC,Ler6aDbzW9QKhBbMwEprchYcNvCpHGjJWs,7,6.4506867,715.67,7,6.4506867,735.55,2024-11-28,2025-01-29
LTC,LXMM7gVaxPgW3DkWvkoFSYVTiAQVAuxQrN,2,0.71354718,87.73,2,0.71354718,85.69,2024-12-04,2024-12-27
LTC,LQ4AMrgdDekJi6J3BxbqkTkZVRMD8VgndC,1,0.04417206,5.87,1,0.04417206,5.78,2024-12-03,2024-12-04
LTC,LUc1CvW8xFJi2n8ngASAA3knrFqTva4sez,4,1.97778343,261.53,4,1.97778343,261.53,2024-12-03,2024-12-04
LTC,LQ3y7cXm7CoB4uhwkcdbvJARi2krYeqifC,3,0.30177955,31.87,3,0.30177955,31.87,2024-12-04,2025-03-06
LTC,LRKyM69iRwp1fayZ8aB6MX5W3jCvUiN6Kr,1,0.11643325,15.24,1,0.11643325,15.24,2024-12-04,2024-12-04
LTC,LhyX4ZHPnxASrEYBfXX31MukKWoMpTEopP,1,0.23567972,18.86,1,0.23567972,18.86,2024-11-12,2024-11-12
LTC,LQXrpYybuys1AonwJQB53nFv9yCGXtv6n4,1,0.38124488,30.51,1,0.38124488,30.51,2024-11-12,2024-11-12
LTC,LXbNNdUPbS42h9BtuuswgRr2cMsmkNXWyn,1,0.314895,25.2,1,0.314895,25.2,2024-11-12,2024-11-12
LTC,LNjG5QWFR1mnsd6XWxyen5CZzk6G8CBmdL,2,0.29725088,22.95,2,0.29725088,22.95,2024-11-11,2024-11-12
LTC,LhCxuhWy2Bnr5NLDMakFfiS38wJrP2gCdr,2,0.32823937,25.83,2,0.32823937,25.83,2024-11-12,2024-11-13
LTC,Le7t3AAZqcTaFYvThFWsh76XVh5yAQxN3i,1,0.30303096,24.25,1,0.30303096,24.25,2024-11-12,2024-11-12
LTC,Le6ttqY37LjTUoXSJRYVz8h2GVJGgdnxwj,2,0.4768,38.16,2,0.4768,37.63,2024-11-12,2024-11-13
LTC,LTjBb3Ynj3S8MobnBS3rwRTbWVXg33jtAc,1,0.47270515,37.84,1,0.47270515,37.84,2024-11-12,2024-11-12
LTC,LZyWTZunJApUQnyvkSiGSSiZsZE5HTPFaj,1,0.30663232,24.54,1,0.30663232,24.54,2024-11-12,2024-11-12
LTC,LYXvCFoqimPXET3fMcE5uQoP6YowqgSLkf,3,2.62476169,203.47,3,2.62476169,203.47,2024-11-12,2024-11-13
LTC,LcCbSBBCNi9WRskY6XhtG9twnLfux3FJNK,2,1.72310525,123.21,2,1.72310525,126.06,2024-11-04,2024-11-12
LTC,LV2zDP7yhS4wDmzcjtBrK7j4URTVwD4SM3,1,0.30749435,24.61,1,0.30749435,24.61,2024-11-12,2024-11-12
LTC,LdmWek5hgMD5n7SvAjpR6m8kyRXnFowUaz,1,0.16442625,13.16,1,0.16442625,13.16,2024-11-12,2024-11-12
LTC,LfLvgvw66M4KGBXM693uYBkX2Zs37EBXpe,1,0.19811019,15.86,1,0.19811019,15.86,2024-11-12,2024-11-12
LTC,LNPF3gFU111z3wa2mpRxqd3CL8NXRy2s4n,2,1.43664369,110.02,2,1.43664369,114.99,2024-11-11,2024-11-12
LTC,LaeRWRvS41geornDTUiGSWWAWAZPFc3BFK,1,0.65041081,52.06,1,0.65041081,52.06,2024-11-12,2024-11-12
LTC,Lf85BSvj1pWW7ZBmJwvhccRkSNk1XB8cmE,1,0.944,75.56,1,0.944,75.56,2024-11-12,2024-11-12
LTC,LWx3T6wD56igW7LqwHDrJoMfyALTXPz9GU,1,0.54025388,43.24,1,0.54025388,43.24,2024-11-12,2024-11-12
LTC,LRaE4HSHsYYYYh4kt6HoboP9gYYTiQmzBB,1,0.3099,24.8,1,0.3099,24.8,2024-11-12,2024-11-12
LTC,Lc1WKoqLChPDwbLkjScW6QDFhxdkCN8oYf,1,0.18666121,14.94,1,0.18666121,14.94,2024-11-12,2024-11-12
LTC,LVoaWjvhGS278Yvpcy5CP7wmswBx9dDuuV,2,0.48041646,37.61,2,0.48041646,38.45,2024-11-11,2024-11-12
LTC,LPKnF85brDdm2ap9kKb5jg3U3JP5iBwXzU,1,0.84530033,64.73,1,0.84530033,67.66,2024-11-11,2024-11-12
LTC,LTTiKu2GFtdovj15H1GokDjbfmMzh8wXVd,1,0.13900821,11.13,1,0.13900821,11.13,2024-11-12,2024-11-12
LTC,LPawtuo6z3PRT86VgcBJzFuKdG5qbeL7aW,1,0.18970472,14.53,1,0.18970472,15.18,2024-11-11,2024-11-12
LTC,LVryzaNH7ADfxygoUagQaQrXHCN3sUM2iV,1,0.44587783,31.55,1,0.44587783,31.55,2024-10-22,2024-10-22
LTC,Lfd8ro71bCkE9RFPRZLs8ok9UBXsaqrvMr,1,0.26952887,19.07,1,0.26952887,19.07,2024-10-22,2024-10-22
LTC,LTapAqvmWUfF93kPuNXXPrz7rgi81exgTx,1,0.39695,28.09,1,0.39695,28.09,2024-10-22,2024-10-22
LTC,LfdUPHuw8UbsKe6p6N28e36aZgcNb9nwzo,1,0.35604061,25.2,1,0.35604061,25.2,2024-10-22,2024-10-22
LTC,Lds1QK997WWDoAT2TvmA11ZgmZB2XD2et8,1,0.32807791,23.22,1,0.32807791,23.22,2024-10-22,2024-10-22
LTC,LTfVyo6TfAuu8WDJAHJJn66RnHMAXTiyxK,1,0.6999,49.53,1,0.6999,49.53,2024-10-22,2024-10-22
LTC,LaAp1Z3qQtCJjpPpZH4BumUt9NMmGdczKa,1,0.81012052,57.33,1,0.81012052,57.33,2024-10-22,2024-10-22
LTC,LXRhBm6PRj6pY6wq3ktNE71428U6gn1gUV,1,0.6053756,42.84,1,0.6053756,42.84,2024-10-22,2024-10-22
LTC,LUtGi5k1DTMNMovnkqgparCBxE1NJa771Q,1,0.22763613,16.11,1,0.22763613,16.11,2024-10-22,2024-10-22
LTC,LUy6B4Sc2jmemyuZpdWt6mS93eUSYPHuLQ,1,0.44719263,31.65,1,0.44719263,31.65,2024-10-22,2024-10-22
LTC,LfsgUxYGiRLbTQzJXoYSHvsdF6vc5zeM7x,1,0.4468632,31.62,1,0.4468632,31.62,2024-10-22,2024-10-22
LTC,Lgu3d36PZ6KcshPgxxKH841Fan8tavjhpD,4,2.04682982,152.09,4,2.04682982,153.6,2024-10-18,2024-11-25
LTC,Lc3Cz9igThRKSCSGAhe4rQ5h99cNJzE9JF,2,0.71968152,50.61,2,0.71968152,51.88,2024-10-17,2024-10-22
LTC,LeHXfYDr6UXe87xLUYzYodtoUNsdBxGyCs,3,1.90914992,129.85,3,1.90914992,132.32,2024-10-05,2024-10-22
LTC,Li6e4Kxm6J9NY3D73wpJyKGpcifWqv6rzT,1,0.53645438,37.96,1,0.53645438,37.96,2024-10-22,2024-10-22
LTC,LUHx6XAv1f8zze3XDDGGE4HKahnhKVKMq8,1,0.1574465,11.14,1,0.1574465,11.14,2024-10-22,2024-10-22
LTC,LR5YGaXmqbtPuhpqLNUkWWTJt7xHZVzy24,1,1.9813855,140.22,1,1.9813855,140.22,2024-10-22,2024-10-22
LTC,LduiVzuCL5Wpvb4b8gjVpT44Ld6i9Xz5SB,3,0.82061165,59.92,3,0.82061165,59.99,2024-10-18,2024-10-19
LTC,LKWLNvNsYyF83MQrKaD5Db7gyVmSknhrEg,1,0.35061414,25.63,1,0.35061414,25.63,2024-10-19,2024-10-19
LTC,LaHV6XhZaiCpebNqys6oQxKXDFAxXuqZns,1,0.579871,42.39,1,0.579871,42.39,2024-10-19,2024-10-19
LTC,LgUcetiT6PtnNtW9igNmtbw7KB8WCfjpAj,1,1.1173172,81.69,1,1.1173172,81.69,2024-10-19,2024-10-19
LTC,LRMDjJXVwMf8HFS6EYWEYpYVD6iT9ySppz,3,3.24960225,237.58,3,3.24960225,237.58,2024-10-19,2024-10-19
LTC,LXGVU5TecDmG67XSzgBd11tBSyJ66WRJBP,2,0.26598432,19.45,2,0.26598432,19.45,2024-10-19,2024-10-19
LTC,LL5RT9pCNofnuD57xJW4GPgftcF5s5pyp8,1,0.17944483,13.12,1,0.17944483,13.12,2024-10-19,2024-10-19
LTC,LWasi58yFHMwgZquJEmYqRXfgDBVx2xZNq,1,0.403496,29.5,1,0.403496,29.5,2024-10-19,2024-10-19
LTC,LcRgiwwn4xYoViEq8iQTBUZgdzNJwCX8qM,1,0.29270931,21.4,1,0.29270931,21.4,2024-10-19,2024-10-19
LTC,LgjUqsT98PShvNR7WcxoLjzrMt7UMuC2xf,1,0.618715,40.19,1,0.618715,41.02,2024-10-05,2024-10-06
LTC,LhS3MPVqE5xjQT1t5kAHfWECzu9fhHHi59,1,0.28571102,18.56,1,0.28571102,18.94,2024-10-05,2024-10-06
LTC,LQdYGfjvD9FuzVEZk4Hzqs6Lpv934XjUCu,1,0.20370876,13.23,1,0.20370876,13.51,2024-10-05,2024-10-06
LTC,LPaZh7svdWZAryM4cNk9oTrhpXxsKDGFx3,2,0.70314554,50.36,2,0.70314554,51.55,2024-10-06,2025-04-12
LTC,LcDj1QJE5ivt6KLovByVV1qs8f9NDpvqvz,1,0.749914,48.71,1,0.749914,49.72,2024-10-05,2024-10-06
LTC,LVd9V9iSojHb3mHBedcPGmwFev4EibC4gm,1,0.24738224,16.07,1,0.24738224,16.4,2024-10-05,2024-10-06
LTC,LYwQ7h56w2QFkgqHcq7WqUzqCADmjbxJZB,1,0.2359872,15.33,1,0.2359872,15.65,2024-10-05,2024-10-06
LTC,LNDRPxL5yzmNevkGkXYpZbC4vvFpvcQCC8,2,0.42181612,27.4,2,0.42181612,27.97,2024-10-05,2024-10-06
LTC,LWkY3pTn1oiMU92EMggLnWBe2sxhCKA4kx,2,1.58630253,105.08,2,1.58630253,107.09,2024-10-05,2025-04-29
LTC,LiEKK5oZEEhSeKcz8xyfTFVBNm348YZNah,1,0.1899,12.33,1,0.1899,12.59,2024-10-05,2024-10-06
LTC,LhiR86L8pWRK71HifYSL171sckkdNS3aKY,1,2.115782,137.42,1,2.115782,140.28,2024-10-05,2024-10-06
LTC,LKVyASSUH5W3UqYo8ZisKPp3SbFQHdmVVh,1,0.25858011,17.14,1,0.25858011,17.14,2024-10-06,2024-10-06
LTC,Lbzte4XWThZJEtd11M3gdEro3ZBJKts7Ae,1,0.3136057,20.37,1,0.3136057,20.79,2024-10-05,2024-10-06
LTC,LSekATuxT4EqGpPRKdeLTeAB2hmVdJzWdf,1,0.09928211,6.45,1,0.09928211,6.58,2024-10-05,2024-10-06
LTC,LbZR8A4jvJGeP4qSU8om2YTXaTEwTyswG2,1,0.45636273,29.64,1,0.45636273,30.26,2024-10-05,2024-10-06
LTC,Lc7HjkikCzRALE2FY3v7KA1BScDUmJxLRz,1,1.03849943,67.45,1,1.03849943,68.85,2024-10-05,2024-10-06
LTC,LhwhChycgV4QshRPSLXhJwBWkUZdpz5cKL,1,0.80053992,58.27,1,0.80053992,58.53,2024-10-18,2024-10-19
LTC,LaJp7ftzC3XBmkunwFKjsStsZuYVuq9DCP,1,0.34208797,24.9,1,0.34208797,25.01,2024-10-18,2024-10-19
LTC,LfNdmuyXhimy3nriWC1pQKNRCRDK5tCNg5,1,0.23412399,17.04,1,0.23412399,17.12,2024-10-18,2024-10-19
LTC,LNpHs6qTmPxSsJpekqsrswhpeTFiF8tsSu,2,2.13162986,152.24,2,2.13162986,155.5,2024-10-17,2024-10-19
LTC,LR2cwXmWsWrbT11SKSctF4oPh7Lwy3rx7S,1,0.56328619,41.0,1,0.56328619,41.18,2024-10-18,2024-10-19
LTC,LTWuGph1AogSbF5XbKmKubcznpeaDPEKWk,1,0.11412926,8.31,1,0.11412926,8.34,2024-10-18,2024-10-19
LTC,LTxw1jfSiBfFMYCda3efNqadKZ3AzWWiQK,1,0.20725389,15.09,1,0.20725389,15.15,2024-10-18,2024-10-19
LTC,LdNNGcveBpqaBEKni7PUhA3PpEWqC5A85T,1,0.5653594,41.15,1,0.5653594,41.33,2024-10-18,2024-10-19
LTC,LZPmcyEmuKm36RMLHZukSc524F7Ee9sm73,1,1.16793704,85.01,1,1.16793704,85.39,2024-10-18,2024-10-19
LTC,LcCqYXg9ieugLvdtfLCk1KnmdgesEzn9fA,1,0.31914488,23.23,1,0.31914488,23.33,2024-10-18,2024-10-19
LTC,LKPbYbquu9PzT9UcF9gk6PWnxfUXBZn3oE,3,3.19857038,227.43,3,3.19857038,233.21,2024-10-17,2024-10-19
LTC,LXYYmX4UKQaFM5qrUaupWwJfcrrEoQV3n6,1,0.55379681,40.31,1,0.55379681,40.49,2024-10-18,2024-10-19
LTC,LUcWmz7WywZhissX5PpeczUP7Sasppq56S,1,0.54941764,39.99,1,0.54941764,40.17,2024-10-18,2024-10-19
LTC,LXKmMjPiEp6DYiHs5rSPjPQms7dxKkBF8c,2,1.04929174,74.82,2,1.04929174,76.53,2024-10-17,2024-10-19
LTC,LbcfVGp32djVqy3RVNxViPTUfG7S2dwJk4,1,0.09989999,7.27,1,0.09989999,7.3,2024-10-18,2024-10-19
LTC,LLyhoRWZqPTc6ycpTrsvWCQU3XFiFkckyu,1,0.31180688,22.7,1,0.31180688,22.8,2024-10-18,2024-10-19
LTC,LYttrhF55KzpWeZ8B7Rwje31JrvoYgFB81,1,1.07221972,78.05,1,1.07221972,78.39,2024-10-18,2024-10-19
LTC,LdJ7g9ixVicYkZUJ9q4wVdnzE1j857eKdX,4,1.28837603,96.2,4,1.28837603,97.27,2024-10-17,2024-11-13
LTC,LgoG22UEMQAkEHsafEF3LgvfpHvp8ZjUxK,2,0.20667029,14.48,2,0.20667029,15.04,2024-10-17,2024-10-18
LTC,LUTrf3WQ7oUcgcmwhTUAiUh4pd7f9StMg1,1,0.47855144,33.54,1,0.47855144,34.83,2024-10-17,2024-10-18
LTC,LgyKyGv14taiaA374kjgDogmXMxtmHY35R,1,0.34451059,24.14,1,0.34451059,25.08,2024-10-17,2024-10-18
LTC,LYctntoD1c8dK8goxcs32LPqoArTUij2aH,3,1.77628714,161.17,3,1.77628714,167.99,2024-10-17,2025-01-18
LTC,LQ5rEXofiCa6zEejc7JzDLGGw82G9KrzBR,1,0.68202964,47.8,1,0.68202964,49.64,2024-10-17,2024-10-18
LTC,LNWCqNvHJusKv32htfMN4nXBY9BHR4nHZ9,2,0.54340442,38.08,2,0.54340442,39.55,2024-10-17,2024-10-18
LTC,LcyJkS2ofyWKfjVrx3JTeKiaj5Ur6sTt2Q,1,0.3499,24.52,1,0.3499,25.47,2024-10-17,2024-10-18
LTC,LZjy8A3dAjt69Qnm55Pwfvrf4axqEF6f5b,1,1.39423445,97.71,1,1.39423445,101.49,2024-10-17,2024-10-18
LTC,LhbXUbf964QdCVLt4TnEa9ie64vYvtytdT,1,0.6249904,43.8,1,0.6249904,45.49,2024-10-17,2024-10-18
LTC,LQn7yNtnCeVPzvngsgs6ce16vVvM9veBV5,2,4.016779,275.76,2,4.016779,281.85,2024-10-15,2024-10-18
LTC,LTEH3r8zstsD3CrVWzwWmWXALL8jAirx2Z,1,0.770129,53.97,1,0.770129,56.06,2024-10-17,2024-10-18
LTC,LNYqtgVW38xRTGbQbejpmHYUsPvHvoatYM,2,0.09906513,6.94,2,0.09906513,7.21,2024-10-17,2024-10-18
LTC,LfysRrMQDZRwFoWw9LGXjTCtsTStCDG9GJ,1,0.42403167,29.72,1,0.42403167,30.87,2024-10-17,2024-10-18
LTC,Lfcdb4ETQvpgys6AXfcoXZvLcS13mLaPpV,1,0.31269151,20.2,1,0.31269151,20.11,2024-10-10,2024-10-11
LTC,LX6QMRWbF2WR4CEg8bv4uktk5uaC5cuYEr,1,0.2399,15.43,1,0.2399,15.43,2024-10-11,2024-10-11
LTC,LgdyCASHe5mLs2U5rRScoma99h6vRUUPYB,2,2.41973179,230.52,2,2.41973179,232.58,2024-10-10,2024-12-07
LTC,LVGEKV6ifCGswGjv1t8w2zmPBGWPyHjpLf,1,0.2138,13.81,1,0.2138,13.75,2024-10-10,2024-10-11
LTC,LKxqhqsRsWyJWUwpfH8sMFD4PgNzvyh2uk,1,0.51938,33.55,1,0.51938,33.41,2024-10-10,2024-10-11
LTC,LS7jVCwExCEd2FKq1Ukwh5AwdRMimqFY2g,1,0.29595947,19.04,1,0.29595947,19.04,2024-10-11,2024-10-11
LTC,LbK3ZuhR6zHzmn1ebAxUo59BLujCKQFfkj,2,1.87371434,121.02,2,1.87371434,120.52,2024-10-10,2024-10-11
LTC,LiLHDdnXQfobP4T8uh6oBqmciLKb6Qkbqt,1,0.34658512,22.39,1,0.34658512,22.29,2024-10-10,2024-10-11
LTC,Lhqq2cJgpvn7Ge5HdH7WZh8x31RPi9wVQ5,1,2.8099,181.49,1,2.8099,180.73,2024-10-10,2024-10-11
LTC,LPKo9C59ohUtLHifFfEtDHosZdPtT1LqAX,1,0.14061401,9.08,1,0.14061401,9.04,2024-10-10,2024-10-11
LTC,LKJAxM3JHh4kfNEoJejJLNCwtnrA6UTo3C,2,0.12934618,12.74,2,0.12934618,11.94,2024-10-10,2025-02-05
LTC,LKi4Wve1Ank8bULqD5tfH6BrtwjRsGC3GS,1,0.24615092,15.83,1,0.24615092,15.83,2024-10-11,2024-10-11
LTC,LiM693hsQd1b8KHzr4zr9XsXjAkvNxFXXU,1,2.19,140.86,1,2.19,140.86,2024-10-11,2024-10-11
LTC,Lgko6mEEKUfSFun6H3cPqiXRQyiJZderNW,1,0.17066338,11.02,1,0.17066338,10.98,2024-10-10,2024-10-11
LTC,LQdvU3JKo8pdaCFigRDpMX2MXKZEpP6D9t,1,0.23211957,14.99,1,0.23211957,14.93,2024-10-10,2024-10-11
LTC,LP3S2xcK4yjjBGNLBUssg3MhgYY4yBUKnT,1,0.388511,25.09,1,0.388511,24.99,2024-10-10,2024-10-11
LTC,LcCBixAgmgTZk4XepjMskrnQ93hLiddd5f,1,0.591012,38.17,1,0.591012,38.01,2024-10-10,2024-10-11
LTC,LSrq6g794tNLGZQfPGNwzgz5gk1wbanfFy,1,0.34403671,22.22,1,0.34403671,22.13,2024-10-10,2024-10-11
LTC,LW5pRZZDyoXSfFzmQBUy8yfyRgWE7SWdJZ,1,0.32346142,20.81,1,0.32346142,20.81,2024-10-11,2024-10-11
LTC,LgsWDHTmVXdKnrTrpt3QJrW3wM6bTuyv4D,4,4.89649265,316.26,4,4.89649265,316.26,2024-10-10,2024-10-10
LTC,LQvNxTNJbWFXXJYcxxjLYY3EdSPhLdu99u,1,0.32541168,21.02,1,0.32541168,21.02,2024-10-10,2024-10-10
LTC,LP24ancJxJzyMRKrXvteZZxvXYBw8qBNzn,2,0.42939017,27.73,2,0.42939017,27.73,2024-10-10,2024-10-10
LTC,Lhy3mxqVv1ic4wXzrRfqQwp2TYBcdLGEQo,1,1.31147628,84.71,1,1.31147628,84.71,2024-10-10,2024-10-10
LTC,LcHCz7kMwsQsxXbiNtSW3V9NPmjYnSk6Ty,1,3.0239,195.31,1,3.0239,195.31,2024-10-10,2024-10-10
LTC,LNzhEjaMbcsE7JG6UZhD39y9KCrexLuYka,1,0.35727808,23.08,1,0.35727808,23.08,2024-10-10,2024-10-10
LTC,LTU7D6n5EKmregmUyCMN9fkd8tPY4Mtp9A,1,0.32209128,20.8,1,0.32209128,20.8,2024-10-10,2024-10-10
LTC,LU1EByJ7SKipGd7ExdGSKpdq7d3abMQf1k,1,0.53375889,34.48,1,0.53375889,34.48,2024-10-10,2024-10-10
LTC,LLTmbzMB3BHyCAitoptt6ywfCp7cUeGrxN,1,0.38318047,24.75,1,0.38318047,24.75,2024-10-10,2024-10-10
LTC,LKcwsP2svmzBg2W8Uz7993SzPPwnjMRz5V,1,1.552,100.24,1,1.552,100.24,2024-10-10,2024-10-10
LTC,LYkH2AXhtoeu3VQCTAmD6iWFf3ZqDPZamv,1,0.37165481,24.01,1,0.37165481,24.01,2024-10-10,2024-10-10
LTC,LSMMrLZdZuwEwsmbpuvuziBThmbXbgrrns,1,0.3299,21.31,1,0.3299,21.31,2024-10-10,2024-10-10
LTC,LPnKNyHmEqjnwBm1K2d7K3wnPGU87ZEVCL,2,0.90427416,90.3,2,0.90427416,91.27,2025-01-13,2025-01-15
LTC,Li6ozJwaGikNRiWqj6Fyypqjj5vEpSdhch,2,1.4947484,147.05,2,1.4947484,147.05,2025-01-14,2025-01-14
LTC,LVt7kpmqCJk6apf2jfA1nE5gVXEpfHRTbV,1,0.1799,17.7,1,0.1799,17.7,2025-01-14,2025-01-14
LTC,LhHSRcPxhN5wYhvaCRMPTSfX8qcmRKDH5P,2,0.15899563,16.19,2,0.15899563,15.76,2024-12-29,2025-01-14
LTC,LgToZbVjnFXtP4HQ5RteyP6e6PWjRB1kEq,3,0.35788711,36.97,3,0.35788711,36.32,2025-01-11,2025-01-14
LTC,LNqPq4tNY2RXGXzM9Fw2YzigebiEeBPRRD,1,1.8016698,184.4,1,1.8016698,177.25,2025-01-13,2025-01-14
LTC,LfAJQjnqBKNMvo9V59n7imM4jYWsjPsvk7,9,1.17583946,136.4,9,1.17583946,137.6,2024-12-12,2025-01-18
LTC,LRk6V9q5RqpQRKpavdu74ngehocLY92uZV,2,1.38355768,141.61,2,1.38355768,136.11,2025-01-13,2025-01-14
LTC,LXKDBxRAdn6LjoyXQbHQCewiXRM7zBKS4u,3,2.59715033,255.51,3,2.59715033,258.99,2025-01-14,2025-01-15
LTC,LYYis6gDsBdVjnuuPgJeeTPteWRumPJjj4,8,0.97841714,101.47,8,0.97841714,99.61,2025-01-11,2025-01-14
LTC,LSurLytdZAAhvVsUSzYUE9XmB4WsxdYyf4,2,1.51659383,152.75,2,1.51659383,149.2,2025-01-13,2025-01-14
LTC,LQ7QeLEJ9cNi8eyGq2pMLs8Z8GrS3xgtPv,1,0.44901217,44.17,1,0.44901217,44.17,2025-01-14,2025-01-14
LTC,LMBHU3dfzFuR6XNXtV6a1mVviweZnk1YLy,1,0.04161731,4.26,1,0.04161731,4.09,2025-01-13,2025-01-14
LTC,LNEG39DHy6fMFzfuxyXFPPHE8GuhgAoLZq,1,0.587312,60.11,1,0.587312,57.78,2025-01-13,2025-01-14
LTC,LKru2fniNnDinh5F1qiAVjkNyqcvFpiFWt,1,0.38880984,38.25,1,0.38880984,38.25,2025-01-14,2025-01-14
LTC,LgN21yoAmUWeT4Zb579sz7TvzwJxY85aJX,3,0.41876349,41.2,3,0.41876349,41.2,2025-01-14,2025-01-14
LTC,LXLhSqTNgSUSViXPaVanH4ZUCZ4nnrYYX4,1,0.54966126,56.26,1,0.54966126,54.08,2025-01-13,2025-01-14
LTC,LRXqoaV67P6qPqQDeT67ZbxqHXeDsyKPVK,2,0.22415582,25.43,2,0.22415582,22.98,2025-01-07,2025-01-14
LTC,LW49fYtBrTTa53fZrzAaMx3KYaqHenk8mL,2,0.56927116,70.97,2,0.56927116,70.27,2024-12-06,2025-01-14
LTC,LMsDJv4xeH91CNrDpC1Jh67DM2fLoPquCw,3,0.68,70.6,3,0.68,67.49,2025-01-13,2025-02-05
LTC,LRhn6CobXc222itoTRHfPCUBpZmdRhAcET,1,0.24660777,24.26,1,0.24660777,24.26,2025-01-14,2025-01-14
LTC,LV3vPPHzscXmkhkp48LCvxMf9KjuvivpXm,1,0.11657769,11.92,1,0.11657769,11.73,2024-12-27,2024-12-28
LTC,LazJSoR2KhsarnjbyrWYs51URgp9tHTnF3,1,0.99331253,99.91,1,0.99331253,99.91,2024-12-28,2024-12-28
LTC,LMbnijtiScPQhVhJFD9EWrKTV9YZCcRNhV,7,6.28060144,631.8,7,6.28060144,631.98,2024-12-28,2024-12-29
LTC,LTY7xge2spQ5BU5j6xHfguyM1Xep5sKf7B,1,1.0904571,111.49,1,1.0904571,109.68,2024-12-27,2024-12-28
LTC,LgUGHoCxxGvs52gp1cbNSYszuUHogScsqL,2,0.36244682,36.45,2,0.36244682,36.45,2024-12-28,2024-12-28
LTC,LfxtVHoDfBibASSZUvJu3zBizVTj837GBW,1,0.20404618,20.86,1,0.20404618,20.52,2024-12-27,2024-12-28
LTC,LZHudd6VW5iJG5nJiTYb1mEBGG8meBW1En,1,1.18061813,120.71,1,1.18061813,118.75,2024-12-27,2024-12-28
LTC,LWqDiGzweEaRj3ixQng3tavS6tb737c2Mg,1,0.75399504,75.84,1,0.75399504,75.84,2024-12-28,2024-12-28
LTC,Le9WkyASoPzUnfLPVEpFreVmyRFE59btwQ,1,0.29783976,30.45,1,0.29783976,29.96,2024-12-27,2024-12-28
LTC,LYnPx3AjTjYPQUq1qbrLPWrLYH2uGj4CT1,1,0.29912201,30.09,1,0.29912201,30.09,2024-12-28,2024-12-28
LTC,LQyeQXcnjQKwZPWQZmj6pP954cktrJLMFB,1,1.1096607,111.61,1,1.1096607,111.61,2024-12-28,2024-12-28
LTC,LYphX1q2yWguzP44zrC8UR5uD7TkKTiQLh,1,1.08176192,108.8,1,1.08176192,108.8,2024-12-28,2024-12-28
LTC,LR7xFd2qvH6qStnRnSy2dQYWJkV3QMwcSx,1,1.10570864,113.05,1,1.10570864,111.21,2024-12-27,2024-12-28
LTC,LafiFnKvmTQ3RJqL1EqFo5CHsuEXDG7vnU,1,0.46996933,48.05,1,0.46996933,47.27,2024-12-27,2024-12-28
LTC,Lf8qdZgiTJzN7kKxdWuF2HxwSphcwYKSZk,1,0.05884365,6.02,1,0.05884365,5.92,2024-12-27,2024-12-28
LTC,LcSrkAWUBg92wsucqYwvBaMKqh4LYU8qB6,1,1.09688847,110.33,1,1.09688847,110.33,2024-12-28,2024-12-28
LTC,Lerc2mUAjk1y64rmDD3fChBjdeD6HKFT5D,1,0.21705377,21.83,1,0.21705377,21.83,2024-12-28,2024-12-28
LTC,LPKXLNiWzuB9vTyERzDk7fwSHhaFMrAt8P,1,0.29739112,30.41,1,0.29739112,29.91,2024-12-27,2024-12-28
LTC,LXksN9yVPDSgo3cLjWwAAK3XRoEPraktbU,1,0.85158858,87.07,1,0.85158858,85.65,2024-12-27,2024-12-28
LTC,LgaNvA2vMC59bmejHxW7WxwtLMUS6LaKAw,5,0.49480329,55.28,5,0.49480329,53.81,2024-12-16,2025-02-25
LTC,LRmsmUy45rXgB7w43SyDQfTHzbfuM4cRwM,2,0.20768182,22.96,2,0.20768182,23.3,2024-12-15,2024-12-28
LTC,LYJ7A6TcokRrSpdXRojbnTbNvKb1efVvXE,1,0.15613166,15.96,1,0.15613166,15.7,2024-12-27,2024-12-28
LTC,LZKXwujCCt5Kmo9YKf9bAiMXnWALxstWrA,1,0.03900325,3.92,1,0.03900325,3.92,2024-12-28,2024-12-28
LTC,LQnsX7r9w2spgajVGzTqda31jCT9kQUQ2A,2,2.20544629,223.75,2,2.20544629,221.82,2024-12-27,2024-12-28
LTC,LRXF96MLwdVUqR4H87ZhonCzMpv8PoAyFR,8,4.10134299,436.77,8,4.10134299,428.67,2024-12-25,2024-12-28
LTC,LgyBFBGFUSS7tU6hpuXYDmwUgHqoG1HZ36,1,1.19441618,120.13,1,1.19441618,120.13,2024-12-28,2024-12-28
LTC,LahS6tWLWf8wvPN8PCpBoCK5cQgz8G76qY,1,0.49797509,50.09,1,0.49797509,50.09,2024-12-28,2024-12-28
LTC,LXVnkhH4whprSDM9CkqYkMhsQDfkMgTXaY,1,1.0861879,109.25,1,1.0861879,109.25,2024-12-28,2024-12-28
LTC,LcRQwudVsUiBqj9oMeJYG9YuwyhkmSSpwM,1,0.23255209,23.78,1,0.23255209,23.39,2024-12-27,2024-12-28
LTC,LPbDW1r7bgkEiv3tporZ1m7Jg7nUoXyprF,1,0.59197361,60.52,1,0.59197361,59.54,2024-12-27,2024-12-28
LTC,LNt83Vhc3URBLhtJv2oj6gizqJaVLL9TKe,1,0.158741,15.44,1,0.158741,15.17,2024-11-28,2024-11-29
LTC,LStYtnEPUQ4dV1fSAaUkc1P3GDaA7GvmKF,9,1.41604984,154.06,9,1.41604984,158.0,2024-11-26,2025-02-16
LTC,LatYdMrfxxkVei5XfHdDnmgnKt1RRVUdTh,1,1.0309,100.26,1,1.0309,98.49,2024-11-28,2024-11-29
LTC,LQCsH8Ujn1DmN1STsLTps6eqF35meEw7tZ,3,2.335362,239.15,3,2.335362,243.02,2024-11-27,2024-12-13
LTC,LbcwZTJZr9hiVb5dtPdYKdTWAkVvaJVksz,1,0.46910779,45.62,1,0.46910779,44.82,2024-11-28,2024-11-29
LTC,LVT58inJcNBiz16JN2q6q7WfJS6RwLqsHF,4,0.19154,18.08,4,0.19154,18.08,2024-11-22,2024-11-29
LTC,LevjH5xr8HjNvbXWzhw9uUiiNRbTaDdWJd,1,0.2181956,21.22,1,0.2181956,20.85,2024-11-28,2024-11-29
LTC,LapUg9Q7HBZCEC94fTBsnkvw2caphY7GvL,1,0.51167328,48.89,1,0.51167328,48.89,2024-11-29,2024-11-29
LTC,LR5ruv35ntaVZfviSKiXuJnfiYtqDY8WbR,3,0.33657476,32.66,3,0.33657476,32.18,2024-11-27,2024-11-29
LTC,LLtkWjMpw9rXFUrqzUV167P2vPqi9szukc,1,0.235,22.85,1,0.235,22.45,2024-11-28,2024-11-29
LTC,LKwxcK1cT7GgTw93U8xs8CD5idfp3VTWwr,1,0.12133103,11.8,1,0.12133103,11.59,2024-11-28,2024-11-29
LTC,LWbcKtJKnDMyDFMXYZNQECEmh5fLP4koJQ,1,0.44928762,42.92,1,0.44928762,42.92,2024-11-29,2024-11-29
LTC,LdFUzpc1o3FmsV51Ug31q1bm7iTW8RihoR,1,0.31653783,30.78,1,0.31653783,30.24,2024-11-28,2024-11-29
LTC,LN2qrDBDuoGMjUivw153pmzv9XXbaEPFjF,2,0.3195,33.22,2,0.3195,32.54,2024-11-28,2024-12-17
LTC,LPW1JWHTEDjqRaNLzmhHdd4kyJN7YYVZ3s,2,1.89571503,186.43,2,1.89571503,182.39,2024-11-24,2024-11-29
LTC,LRexhq6arzKP62PdG6Kfv5XRcbCzHfJHPW,2,0.59776382,49.65,2,0.59776382,49.68,2024-11-28,2025-04-19
LTC,LRZEgZz3TqtfoUzqtmY1T3QLf8Eo7ciYnN,2,0.3082241,32.11,2,0.3082241,32.35,2024-11-29,2024-12-13
LTC,LPWNdQR34G85nbFqrmQ6o3eWquLqUA7vMK,1,0.57357726,55.78,1,0.57357726,54.8,2024-11-28,2024-11-29
LTC,LdSuoSr9MEWXL2bepFcpcL1iVr27aPdRTh,6,3.04408361,342.77,6,3.04408361,343.86,2024-11-26,2024-12-13
LTC,LZ4MXcTtpSDu2Qj2yNMKszYQ8toAkVPyfH,1,0.44962695,43.73,1,0.44962695,42.96,2024-11-28,2024-11-29
LTC,LYLjDJCezau9JYay3WiwJiYwZ1iTwyfQ7s,1,0.37544378,36.51,1,0.37544378,35.87,2024-11-28,2024-11-29
LTC,LRL8MaDdDbnbkRYAWuVtZMrYYCCausX1tA,2,0.1998,19.43,2,0.1998,19.09,2024-11-28,2024-11-29
LTC,LhU1fveWGkNa5ViZaiBmfEXfkGRmF9vhQ7,1,0.1565573,15.23,1,0.1565573,14.96,2024-11-28,2024-11-29
LTC,LfEvy9pouTzzZnjMy9wAgAy5VJTWv3iJ6v,2,0.80826053,77.79,2,0.80826053,77.22,2024-11-28,2024-11-29
LTC,LX7VeyYXuZwx6xmyT4HmeUYdBbqVXu3vrh,3,0.53349605,55.36,3,0.53349605,55.09,2024-11-23,2024-12-14
LTC,Lf5tDZkekCtDH7nCAKUHPdTA2ZdvxPspTc,1,0.36607859,35.6,1,0.36607859,34.98,2024-11-28,2024-11-29
LTC,LPmJFXoK5yzSVPKPo83g3tKVzLDpiEYQHv,1,0.32306577,31.42,1,0.32306577,30.87,2024-11-28,2024-11-29
LTC,LfgdrPJNTMyafRbUFjkzn3oWpTQSt55JSG,5,5.33804232,514.07,5,5.33804232,539.42,2024-11-22,2024-12-03
LTC,Li8itNMoNAHk2qoEMAHHB2mz2PATqLLCM7,2,0.92978251,88.84,2,0.92978251,89.44,2024-11-27,2024-11-29
LTC,LemYvCJkpyb8Fhyq742bEmJKQREqgkbNSJ,1,0.0332766,3.18,1,0.0332766,3.18,2024-11-29,2024-11-29
LTC,LZbsCsyT2td9cHeDaLfNEnoB6bXZkLYbW4,4,0.50647758,47.82,4,0.50647758,48.97,2024-11-25,2024-11-29
LTC,LdGMFRmYgZX18NDyZFc7y1XAGStHmEajsk,1,0.69011449,67.11,1,0.69011449,65.93,2024-11-28,2024-11-29
LTC,LL6wrkJ1g27DaZunDZUUTwocqGXY4y7Yms,1,0.33074099,32.16,1,0.33074099,31.6,2024-11-28,2024-11-29
LTC,LfEXm97SgzJ5A8aok63kmn1o9FVijxpKQR,1,0.2836929,27.59,1,0.2836929,27.1,2024-11-28,2024-11-29
LTC,LVM8WTzhE4kjX4f7rxdaer7eY5Ps5CJfHq,1,0.19118817,18.59,1,0.19118817,18.27,2024-11-28,2024-11-29
LTC,Lf6fC7t3v6mWz6JA2k75yo5yNvNDwVYRih,1,0.17180721,17.09,1,0.17180721,16.65,2024-11-24,2024-11-25
LTC,LSgg6RXVESEj9J7uRa1NpoSiGkCAt9ntCZ,1,1.0999,109.44,1,1.0999,106.6,2024-11-24,2024-11-25
LTC,Lcvu2HpLMLA8rakwaHVWemRcCPTq9j8CGw,1,0.16587276,15.29,1,0.16587276,16.08,2024-11-23,2024-11-25
LTC,LV32Jz9MQAfVzTHS8WRM4UqXy4R9Ppfxh9,1,0.17466413,17.38,1,0.17466413,16.93,2024-11-24,2024-11-25
LTC,LPLvQFycje2DL7PeKCFYDnJ6yg6gg73ZyG,4,0.567069,51.58,4,0.567069,53.92,2024-11-21,2024-11-28
LTC,LX2A2aG72QvkRtcRkgXn1xcaK1vMJB8Nj7,2,3.54119916,306.18,2,3.54119916,302.12,2024-11-24,2025-04-10
LTC,LPrZui9Nj5iRbFVwACwcTU2byiTGgaFTxG,1,0.10721257,9.88,1,0.10721257,10.39,2024-11-23,2024-11-25
LTC,LXAfhhyCA1UUNrMxh7i1rukua9xgFG23M7,2,3.55850149,446.27,2,3.55850149,443.43,2024-11-24,2025-01-18
LTC,LXypQbjgKREwiQbWLyZ1Nu113cW7XhTukj,1,0.49196635,48.95,1,0.49196635,47.68,2024-11-24,2024-11-25
LTC,LXRRuPLudST7XWNoSLuk8hEKPCVH3fsHRZ,2,0.32185621,29.23,2,0.32185621,29.96,2024-11-22,2024-11-25
LTC,LKkBj3xfvybseK84s9RG8jAeSHofYjxhoC,1,0.26182276,26.05,1,0.26182276,25.38,2024-11-24,2024-11-25
LTC,LWLRF7FDFvUjGRBoLt5r8uAL7rZfTPYRWh,1,0.0117,1.08,1,0.0117,1.13,2024-11-23,2024-11-25
LTC,LggBuF3DXow2pVm7qVxgVo1Lf76szg19Ft,1,0.50379452,50.13,1,0.50379452,48.83,2024-11-24,2024-11-25
LTC,LMAbsnBYbUVy4aJ5dG2EMXncWjD7Nn4MAo,6,0.73483079,69.91,6,0.73483079,70.76,2024-11-24,2024-11-28
LTC,LZD7Znsci3Konzji98D5rXaej4d7gBb3Fw,1,0.09209988,9.16,1,0.09209988,8.93,2024-11-24,2024-11-25
LTC,LNwJjPyPQY4hTzVSXBQdT9iaYSLgufWhR8,1,0.13690195,13.62,1,0.13690195,13.27,2024-11-24,2024-11-25
LTC,LPf42murzZXAxCdEvHsAsdPv4yHehpJdvq,1,0.4975845,49.51,1,0.4975845,48.23,2024-11-24,2024-11-25
LTC,LYAdW434Q5RegcjR9XEraurAqeJmCLn6d8,1,1.91046329,185.16,1,1.91046329,185.16,2024-11-25,2024-11-25
LTC,LLTzFVAMuRmyx7666ZmufeRWNkwbHxLrPi,3,1.90718835,215.77,3,1.90718835,213.54,2024-11-25,2024-12-27
LTC,LWko1bzuEQpGA5c1wnf5EC5m8SiU2a1ZxC,3,0.40456237,38.27,3,0.40456237,39.21,2024-11-23,2024-11-25
LTC,LhAf9hRprUuSLYsw7EeqziBVj3sc1UetWU,1,0.1754386,17.0,1,0.1754386,17.0,2024-11-25,2024-11-25
LTC,LfBuHwPHetmxUauntMxdnCnU1C7p7AcJZV,1,0.3103433,30.88,1,0.3103433,30.08,2024-11-24,2024-11-25
LTC,LNLS6Ty3e7ffgFi975ytH1h8yueeKZ3rwB,1,0.16899708,15.58,1,0.16899708,16.38,2024-11-23,2024-11-25
LTC,LasJL14wKmr6ZLTqB9onTaAtbDWpAKb3Uf,1,0.19876434,19.26,1,0.19876434,19.26,2024-11-25,2024-11-25
LTC,LNEzobL3RygY6EWWqS4MNAKaCaAk8xwJp3,2,0.1070818,8.42,2,0.1070818,8.63,2024-11-07,2024-11-25
LTC,LiJ91m7kw9aXnPscPKGr9ZXrpDTQwXCAUe,1,0.0499,4.97,1,0.0499,4.84,2024-11-24,2024-11-25
LTC,LMQ8fGYh9MxkjaCb3QYuvXonNL3JfiVCwJ,1,0.35414417,32.65,1,0.35414417,34.32,2024-11-23,2024-11-25
LTC,LRVMcLP8TLxssXU514dR9TQeewZrHKxrfn,1,0.48193427,44.43,1,0.48193427,46.71,2024-11-23,2024-11-25
LTC,LKfabRCftuCzYhyyht7nEpCUZC1nRBEC2C,1,0.1163,11.57,1,0.1163,11.27,2024-11-24,2024-11-25
LTC,LY4kngm3f19baPommtrsutv452YnQkATPH,3,1.7997,165.78,3,1.7997,164.65,2024-11-19,2024-11-25
LTC,LadJjXn2AZFBQtcZZ6bfZT5rTVtFkhMUWi,1,0.291608,29.01,1,0.291608,28.26,2024-11-24,2024-11-25
LTC,LKVmYThjmL16UBP5mu5bN9VMXnwrTtLcwY,1,0.9708686,89.51,1,0.9708686,94.1,2024-11-23,2024-11-25
LTC,LUBWHmLEigZBgpnC5oYhN7uoxy1SkNSefn,1,0.20419771,20.32,1,0.20419771,19.79,2024-11-24,2024-11-25
LTC,LPn3zhMYzVnZsQ5MJ3VZn78svvbBjz2JhL,1,0.5083867,50.58,1,0.5083867,49.27,2024-11-24,2024-11-25
LTC,LT8S1HY53yyFzMm3cSXVvdSLkeY3ukjgLp,1,0.53011674,52.75,1,0.53011674,51.38,2024-11-24,2024-11-25
LTC,LYZaziBLxizfu3qPmL8be66rXujtyRfoJn,2,1.07346358,106.42,2,1.07346358,109.3,2024-11-23,2024-12-11
LTC,LN38bc156S594tMf8KbSRmTeGkhuxQbEqZ,1,0.246,24.48,1,0.246,23.84,2024-11-24,2024-11-25
LTC,LWK4bRoWR4PopzogrXP6fBcGFzvjRai7XH,1,0.17191834,15.85,1,0.17191834,16.66,2024-11-23,2024-11-25
LTC,LcZZusXSZoi9gChjMk5kLqQGGXfx58aCPb,1,0.13402886,8.69,1,0.13402886,8.69,2024-10-14,2024-10-14
LTC,LiAWLXSYRYHwvYTP4djaPHcivqsaQmDA54,1,0.44888718,29.09,1,0.44888718,29.09,2024-10-14,2024-10-14
LTC,LakMcKaYrVJpbum4LYSTJZ61W6YUkKPgjt,2,0.78285113,50.73,2,0.78285113,50.73,2024-10-14,2024-10-14
LTC,LbQEJj3CVoV3BmK87D9tWzvYB6hrXCnmV4,1,0.57844781,37.48,1,0.57844781,37.48,2024-10-14,2024-10-14
LTC,LWq65CS3PS4q29bYoBTmrcRmpmPdxnhqAj,1,0.13394834,8.68,1,0.13394834,8.68,2024-10-14,2024-10-14
LTC,LMPBQUrZANip2Di3EuyJJPDXNALVJWSzan,2,0.57455287,37.23,2,0.57455287,37.23,2024-10-14,2024-10-14
LTC,LRW1jALSq8jKsaKGW6BbMXsNuStDXBu9jJ,1,0.31502293,20.41,1,0.31502293,20.41,2024-10-14,2024-10-14
LTC,LW1MENbbrZmAP9t1tPzuaL8PBzVp34Kvsx,1,0.31597266,20.48,1,0.31597266,20.48,2024-10-14,2024-10-14
LTC,LQKnUQcfB7g6BzmsYkou36kT4ySVtuAW4K,1,1.49443324,96.84,1,1.49443324,96.84,2024-10-14,2024-10-14
LTC,LWLmmSiVpj8faaYHcbyxKt4GSHt71kVyjB,1,0.41996595,27.21,1,0.41996595,27.21,2024-10-14,2024-10-14
LTC,LcpjX26knbPK7NqfPbwscWJbp9LCi3auqd,1,1.15234959,74.67,1,1.15234959,74.67,2024-10-14,2024-10-14
LTC,LdiV8spbnvV7REci8V3TxYji5umVRJEGwP,1,0.81639663,52.9,1,0.81639663,52.9,2024-10-14,2024-10-14
LTC,Le1FWvyXcDvtWsvkrbgLr8FeNfiauaTSij,1,0.27497928,17.82,1,0.27497928,17.82,2024-10-14,2024-10-14
LTC,LV1j3LZnru31PU2QnzCTZYyxhtXbibMa9S,1,0.22804166,14.78,1,0.22804166,14.78,2024-10-14,2024-10-14
LTC,LNjAyM4jxxQFa9LzGStVf8UWC4tSruxr7F,1,0.88402229,63.17,1,0.88402229,63.17,2024-11-08,2024-11-08
LTC,LMwDFsy34X2aY1sTwrULUD2DqGXUn1GY8b,1,0.2509056,17.93,1,0.2509056,17.93,2024-11-08,2024-11-08
LTC,LUMLm2t1Tr9i6Ufhggta3kZptwg7LNQf24,1,1.57875763,112.09,1,1.57875763,112.82,2024-11-07,2024-11-08
LTC,LaB5PegwZP4KGmGiVr8mN77pV2mJsxeLht,3,2.68751836,191.67,3,2.68751836,192.05,2024-11-07,2024-11-08
LTC,LR3fgjvZFvC8MWbZBH4PcfNa6t7qYq7fxC,1,0.37197702,26.58,1,0.37197702,26.58,2024-11-08,2024-11-08
LTC,LZg76spV8PKqT3NGDvtUQhdB7MtVC5NZiL,1,0.78017419,55.39,1,0.78017419,55.75,2024-11-07,2024-11-08
LTC,LdrTTchHQpjc5w8aqtEd7Q2egb3hoVX4bA,2,2.73458633,194.16,2,2.73458633,195.41,2024-11-07,2024-11-08
LTC,LbRma6Mfrnj2jLc9bop2w7UZUWqaC2sKmy,1,0.43838223,31.13,1,0.43838223,31.33,2024-11-07,2024-11-08
LTC,Lf7axSrEAFNjzN3zguZhBFuEkfDpM9pDQj,1,0.2504856,17.78,1,0.2504856,17.9,2024-11-07,2024-11-08
LTC,LegmBdvGW3EqzQD9eUsPed4ctfkcEu1m86,1,0.11632888,8.26,1,0.11632888,8.31,2024-11-07,2024-11-08
LTC,Lhu5ZuQ1i9XhyXoZ3aArSQWsg3N5nWbWLx,1,0.05600427,4.0,1,0.05600427,4.0,2024-11-08,2024-11-08
LTC,LPjZoUDpGhU3GDWC7h175yMSNkLHGL7W7f,1,0.76492878,54.31,1,0.76492878,54.66,2024-11-07,2024-11-08
LTC,LTjr2xeLXvVQMngmyQmJnQoYb74DJoCuHV,2,2.10755542,156.78,2,2.10755542,157.16,2024-11-07,2024-11-11
LTC,LeuJqt7Lmqj6JwdUAHFtBCFJ89GPqofg3B,1,0.20863815,14.81,1,0.20863815,14.91,2024-11-07,2024-11-08
LTC,Lfu6vaKwY3XDBzseExYeU9arZnrxB7CDxy,1,0.44,31.44,1,0.44,31.44,2024-11-08,2024-11-08
LTC,LPmVB3bCfm1zCoxKmBKaWaz8fzYq4H6XTR,1,0.335417,23.97,1,0.335417,23.97,2024-11-08,2024-11-08
LTC,LQS5YMRkZVGjZdY7rks2sdjTgXhbGg3fQS,1,0.26982036,19.28,1,0.26982036,19.28,2024-11-08,2024-11-08
LTC,Lg8d5qbDKs8xwNfBx1qvK4DEpC1o4vUC3W,1,0.17947056,12.0,1,0.17947056,12.0,2024-11-04,2024-11-04
LTC,LiDkivD4sqdJcsHkxD2MQUaLNE6dGXAFRq,3,1.3910464,115.63,3,1.3910464,115.63,2024-10-23,2025-01-28
LTC,LeAapjb9P592arZa47dq6MQaKBsM2mNckk,1,0.63082006,42.17,1,0.63082006,42.17,2024-11-04,2024-11-04
LTC,LbukuT8ESNMnoxdCHrwUskbDTtWddrn8QF,1,0.29987368,20.05,1,0.29987368,20.05,2024-11-04,2024-11-04
LTC,LKY3sj79iQ7Ez7RRWjP8ii8NBEMpggmzBk,2,2.77594902,200.73,2,2.77594902,200.73,2024-11-04,2024-11-15
LTC,LhyqCCNVMg39jzz6Ki3U1zWHAKLA8PjwKy,1,0.208519,13.94,1,0.208519,13.94,2024-11-04,2024-11-04
LTC,Lerc5JtTnECmefxKQGpPvmGVHo63ER7AU2,1,1.0013701,71.2,1,1.0013701,71.2,2024-10-28,2024-10-28
LTC,LekBuZaPGXYAAAkw1WXoy5DVPowoQ1Y3QW,1,0.77942334,55.42,1,0.77942334,55.42,2024-10-28,2024-10-28
LTC,LhJzEi3iX4mGjf6zMeHV2XMZA1Yr3thgUm,1,0.96950069,66.38,1,0.96950069,68.93,2024-10-27,2024-10-28
LTC,LW9ikKgACpqpuf6xQJoJcfQgsXWDxdNjUT,1,0.2333,16.59,1,0.2333,16.59,2024-10-28,2024-10-28
LTC,LLuERhn2gF3Hw1TqwLRTnEKuEUaTRbnpp8,1,1.08711145,74.43,1,1.08711145,77.29,2024-10-27,2024-10-28
LTC,La8x9nyLNSNdKwX28CcrYoyVSHR45g1era,1,0.2299,15.74,1,0.2299,16.35,2024-10-27,2024-10-28
LTC,LV12d9NgH3ZrbwvYNujmrL5iKC8RYmaZam,2,0.49927665,40.17,2,0.49927665,40.17,2024-10-28,2024-11-25
LTC,LZGA79R13q8Nrw6d1G4wWGJjcgXKpYSrkZ,1,0.2777,19.01,1,0.2777,19.74,2024-10-27,2024-10-28
LTC,LTo3GGcZwoThAPzdEPCJ82iUwmkG4k53MU,1,1.83903129,130.76,1,1.83903129,130.76,2024-10-28,2024-10-28
LTC,LYM2MKDfByL5b9whYb1uR73mG9k2CBPe92,1,0.24015439,17.07,1,0.24015439,17.07,2024-10-28,2024-10-28
LTC,LLK3tdJttesjCFPWzx4sJzvzcSBeHjaPas,1,0.2548331,18.12,1,0.2548331,18.12,2024-10-28,2024-10-28
LTC,LP6hE52RrFfmFpPF1tbSPzHxnLAVz3Q31Z,1,0.70711356,50.28,1,0.70711356,50.28,2024-10-28,2024-10-28
LTC,LegXdA1eBewTFzu4Yq1wiPiKZcseQEWkzV,1,0.55508312,39.47,1,0.55508312,39.47,2024-10-28,2024-10-28
LTC,LQtNSLMS5qRtLDjn2BTYg4d467NowLkHCq,2,3.36004701,230.06,2,3.36004701,234.47,2024-10-27,2024-10-28
LTC,LTJyq7T7aXy2BruTPCiaPfdmShrXCxjqMp,1,0.15,10.66,1,0.15,10.66,2024-10-28,2024-10-28
LTC,LNr3WbmMZ6K52ahemeQU4uQ6cxfEb8oSyW,1,0.781118,55.54,1,0.781118,55.54,2024-10-28,2024-10-28
LTC,Lb4bJgosD583YXFXHJzNHvzBYS3mAaKUg6,1,0.20598802,14.1,1,0.20598802,14.65,2024-10-27,2024-10-28
LTC,LMJL2ccC3vr9284k27LFUyrNvU2AxL6x34,2,2.43467396,173.11,2,2.43467396,173.11,2024-10-28,2024-10-28
LTC,LebKp9nky1GNT4ZHpmhw9n7WUXjJ6Wf6xv,1,1.04403537,74.23,1,1.04403537,74.23,2024-10-28,2024-10-28
LTC,LRQP9QLBsTxnT4Eov6jgnWptvBRiSRgG4i,2,0.8812,85.18,2,0.8812,85.18,2025-02-12,2025-04-30
LTC,LZ4SPoHMfwQy5pkbmPkauhJr8FS4XP7J23,3,0.76316908,64.7,3,0.76316908,64.66,2025-04-29,2025-05-06
LTC,LbcZ3tzrw9P22ap7Q2dxvARsk3yBDNo6Hf,4,9.3038396,716.87,4,9.3038396,716.83,2025-04-12,2025-04-30
LTC,LaoRCmf2dvK29436NeZoRhoaZz5vE5Vcia,3,2.4653399,220.92,3,2.4653399,217.03,2025-03-13,2025-04-30
LTC,LRqrnF5yatKuK7nm43pg1VSnhL1NfgTbyN,1,0.34618553,29.62,1,0.34618553,29.62,2025-04-30,2025-04-30
LTC,LTZq3xxLyQXVKVZMip9PkGKNBxBJNad5EZ,1,0.31468531,26.96,1,0.31468531,26.92,2025-04-29,2025-04-30
LTC,LTTu8CX3SDpgVayD9xfmdQhJ5qx2vygAX9,2,1.67737414,133.26,2,1.67737414,133.98,2025-04-16,2025-04-30
LTC,LanLbrutKxgNwX84WB1vg4oKCi2VVxxSBC,1,0.03595758,3.08,1,0.03595758,3.08,2025-04-30,2025-04-30
LTC,LVyXM5nrG8XL4wPBTzdQ9gfHXNVmu7PADy,7,3.0971527,269.97,7,3.0971527,272.54,2025-04-27,2025-05-10
LTC,LQSZ1JkVo4eZsvbwNxQ4PSgq51Jse5kwNu,1,0.27189084,23.26,1,0.27189084,23.26,2025-04-30,2025-04-30
LTC,Lddd34H8Wf9nFBg4WMNxqGm9NNYfVCWAkd,9,2.63004922,250.52,9,2.63004922,251.9,2024-12-05,2025-05-11
LTC,LKJRwxLtAzpRTT5iHYyUtMUPjAZnTxVmon,1,0.58758855,50.27,1,0.58758855,50.27,2025-04-30,2025-04-30
LTC,La71xH66pVjf4t9EaxyeJvwGzB9hyi5pev,2,0.09342,7.99,2,0.09342,7.99,2025-04-30,2025-04-30
LTC,LSe1oVz31iHZ3R8zMBUv875mYRCNGyqA59,1,0.23483185,20.12,1,0.23483185,20.09,2025-04-29,2025-04-30
LTC,LbfTYsKuWKx5ZcLNxBCw5ig7YgJp57nv4K,2,0.55804654,47.67,2,0.55804654,47.39,2025-04-30,2025-05-06
LTC,LdvQGwVHbzrcX8e789rNQYEw4bJxiNEsgL,1,0.801,68.62,1,0.801,68.53,2025-04-29,2025-04-30
LTC,LTBRQgdVtfHxd2EF6buA5MwsjNoSw5qHZi,1,0.64958884,55.65,1,0.64958884,55.58,2025-04-29,2025-04-30
LTC,LbWAHybJYaXAvssxUx74F1YssENheufCrY,1,0.58399201,49.97,1,0.58399201,49.97,2025-04-30,2025-04-30
LTC,LSvETjpjFVZxfhnwirKHez5ABj24d9HxcU,1,0.40191261,34.39,1,0.40191261,34.39,2025-04-30,2025-04-30
LTC,LdzXwHg2CnbwCW4JmRHqWGNoCW2NCxYQic,1,0.3247883,27.82,1,0.3247883,27.79,2025-04-29,2025-04-30
LTC,LaiVGvScVFV2zECGUr4A34BvY9x7RQFrru,1,0.71349398,61.05,1,0.71349398,61.05,2025-04-30,2025-04-30
LTC,LYvWxuknbxr6tyqV1RPnh6udUoySEsMxuj,1,0.30181615,25.82,1,0.30181615,25.82,2025-04-30,2025-04-30
LTC,LVc4LNG6TYyx9UFiSPVn2kWFKuVPEiGkn6,1,0.24856267,21.29,1,0.24856267,21.27,2025-04-29,2025-04-30
LTC,Le42zhuHjYDRFPmVNeYieKggKkCfd2zox2,1,0.184,15.74,1,0.184,15.74,2025-04-30,2025-04-30
LTC,LNd2uwJe58uHfVLjDJeGAmG9kQqXF5WtoC,1,0.5999,51.39,1,0.5999,51.33,2025-04-29,2025-04-30
LTC,LTVaMwpT595GczoahiyipKPaa2Uaef3KFv,1,0.31627035,27.09,1,0.31627035,27.06,2025-04-29,2025-04-30
LTC,LhaxoS4cvJz2TP54YxmegaAVEtJrZxYLqo,1,0.44441029,34.73,1,0.44441029,34.73,2025-04-22,2025-04-22
LTC,LaFMgBu2MVh6bNqZAscAfrNzNwkUofMEWp,1,0.31507513,24.62,1,0.31507513,24.62,2025-04-22,2025-04-22
LTC,LUr8XoPWjTCV1pQrpQoUEZMdg3wFJYUE1K,1,0.14028352,10.96,1,0.14028352,10.96,2025-04-22,2025-04-22
LTC,LdGtNTyWuVh71QKyV2cufFxLkK43JzgiSj,4,3.92751006,310.46,4,3.92751006,312.32,2025-04-16,2025-04-28
LTC,LQSGz1vfUrJjG8WefjHG3wRKn9vc1o7Bs6,1,0.07759327,6.06,1,0.07759327,6.06,2025-04-22,2025-04-22
LTC,LgzsiCwV7ebtZcr1qEwzRYiRkU4KveVTig,1,0.12663753,9.9,1,0.12663753,9.9,2025-04-22,2025-04-22
LTC,LLrrS9ZLe3Va94eUzYZfuiqa6xViQm9XVe,1,0.11197159,8.75,1,0.11197159,8.75,2025-04-22,2025-04-22
LTC,LSdjDcNWsibdE44VAGSbyodc9wC883wkD5,8,4.37638542,440.68,8,4.37638542,444.29,2024-12-13,2025-04-22
LTC,LU7JvS4CZXb17D8zxosajG9fvTr49vL7N8,2,0.61342712,50.38,2,0.61342712,50.61,2025-04-22,2025-04-27
LTC,Lav2zkWXirLaaa7xiWVMMEv4hokW1GweDt,1,0.17196486,13.44,1,0.17196486,13.44,2025-04-22,2025-04-22
LTC,LNRuPMPTe3HLGKrZPDYZPYfaeTqgWygtte,1,0.20146026,15.74,1,0.20146026,15.74,2025-04-22,2025-04-22
LTC,LNPMJBii5QNa1c7RDhUJ9KAFMtUSizN8L3,1,3.36527259,262.96,1,3.36527259,262.96,2025-04-22,2025-04-22
LTC,LMx5sQwDcd2qoihMgyGVbpUeb9BWn3fTXx,1,0.13802387,10.79,1,0.13802387,10.79,2025-04-22,2025-04-22
LTC,LbFte8MXLNnHswUKtXQY67s8uKvmc4FNJG,3,0.29144796,24.18,3,0.29144796,24.18,2025-04-12,2025-05-10
LTC,LWbXeJeLZJpKXTdxnmo5q1He8dwMKTLb2R,4,0.39584188,30.18,4,0.39584188,30.63,2025-04-18,2025-04-22
LTC,LYk3h7jP3yAsMBMW7V36J384DswcqDpQjR,1,0.71572343,55.93,1,0.71572343,55.93,2025-04-22,2025-04-22
LTC,Lgp4hRosBNYMpDva164aepTqqcomB2EdwG,1,1.04009966,81.27,1,1.04009966,81.27,2025-04-22,2025-04-22
LTC,LQzmTJGyaWZwK4SfRXB82iQASNzMEDsiYS,2,0.2817512,22.77,2,0.2817512,22.77,2025-04-22,2025-04-25
LTC,LTLTMtpscBANSpwvzPWyuG7XA2xjRsuhUG,1,0.22930246,17.92,1,0.22930246,17.92,2025-04-22,2025-04-22
LTC,LUpFXodTJWXmhKr2Fy3UfKUg3w5RKM4WV9,1,0.16826804,13.15,1,0.16826804,13.15,2025-04-22,2025-04-22
LTC,LQnoKS5gBxJtW5Zc4wKTuSZgBGsg7SbDVf,4,1.53825818,121.25,4,1.53825818,121.92,2025-04-20,2025-04-25
LTC,LNXzwPssYs62Cob1MVefGJbkGCvmdyfUSp,1,0.58210732,45.49,1,0.58210732,45.49,2025-04-22,2025-04-22
LTC,LL9LAWP5K7nxeNz1befV9E224jr9HQjjaw,3,1.82116943,141.88,3,1.82116943,141.88,2025-04-21,2025-04-22
LTC,LYrSGnA7h8wXrWxcvFNBXRMFbXNyrof7av,1,0.1473846,19.12,1,0.1473846,19.12,2025-02-19,2025-02-19
LTC,LMV7D3YqHRHvrfj1V75yRPuP1HDVGFUFWW,4,0.74601037,88.66,4,0.74601037,89.62,2024-12-10,2025-02-19
LTC,Lezu6MLEQfRN9BNJ9tSUouQMNpho7qYurs,9,5.98113752,605.48,9,5.98113752,609.87,2025-02-07,2025-03-14
LTC,LfwJy4n4AJajuTHf4nLB62AKSEKxaY2PwX,1,0.00773933,0.95,1,0.00773933,1.0,2025-02-18,2025-02-19
LTC,Law326Ggmp7AZUg97QJNva1yeKWcbsRCuo,1,0.11995911,15.56,1,0.11995911,15.56,2025-02-19,2025-02-19
LTC,LQLW8wAM5eFmUDDXE1hoHi17fywoReX26S,2,0.20847065,27.05,2,0.20847065,27.05,2025-02-19,2025-02-19
LTC,LSFMYBvidn3Zp3VSvVkc42ihc4JtyMmpYu,5,0.31961776,39.33,5,0.31961776,39.96,2025-01-25,2025-02-19
LTC,LcZtdnWKSXf9QNnFvKrYHvKLWfB8V8gP5c,1,0.1150541,14.93,1,0.1150541,14.93,2025-02-19,2025-02-19
LTC,Lfye9uipTVsTPKFaNek3Vd37gNTLFxrAsg,1,0.61755037,80.13,1,0.61755037,80.13,2025-02-19,2025-02-19
LTC,LhdZ7ZRCZ3ZkFnGNcu7aU7q1Cg9LEniaGp,1,0.3642503,47.26,1,0.3642503,47.26,2025-02-19,2025-02-19
LTC,LcrY3YRXRq8Yu9zFqEgjWSvFDscCAEzzFc,1,0.10574549,12.93,1,0.10574549,13.72,2025-02-18,2025-02-19
LTC,LWgRgjjKGc7hRPZaTeEwKdbe1XoJTrKrRP,1,0.96570847,118.12,1,0.96570847,125.3,2025-02-18,2025-02-19
LTC,LcMsVFCacWWPfJuWRgBvfLMGC7JacsMCAW,1,0.40956165,53.14,1,0.40956165,53.14,2025-02-19,2025-02-19
LTC,LXdDnW1CtFE3gxn5RYCX2tNtMYQ6u1XBGw,1,0.1062926,13.79,1,0.1062926,13.79,2025-02-19,2025-02-19
LTC,LeNqpsMrQBHki32WpbBSy8UCJMVWBMLuQA,1,0.42424676,55.05,1,0.42424676,55.05,2025-02-19,2025-02-19
LTC,LTFCxtSPPHqBmiPLtvU7YD1vrfHv5dedTG,1,0.41135012,53.37,1,0.41135012,53.37,2025-02-19,2025-02-19
LTC,LTG79ZKg4kJg6C2C9hUaSkBX4R58xVotaF,4,0.776,90.78,4,0.776,90.37,2025-01-12,2025-02-19
LTC,Le85QXRvGMinJKjdrNypjwv6DJDmzr2yiN,2,0.66476415,87.84,2,0.66476415,86.58,2025-02-19,2025-02-21
LTC,LVdCHbSpWHZzy77ZvnnwQCqs6mm73VYrGV,3,0.97877771,102.74,3,0.97877771,102.74,2025-01-24,2025-05-02
LTC,LhCiavimRXmjW4RA3WaBA5pUrtbYwK73vE,1,0.0760977,9.87,1,0.0760977,9.87,2025-02-19,2025-02-19
LTC,Le4YBmXFssg42Rr4dL5mznEArTu9vnyJFY,1,1.15776255,150.22,1,1.15776255,150.22,2025-02-19,2025-02-19
LTC,LdpgwZyWk8nq4h4qLb3zBKDEgz2gmZFiv8,1,0.226673,29.41,1,0.226673,29.41,2025-02-19,2025-02-19
LTC,LMoXsyvG3KQtpckbxLRcXqoAMJAfXFX7Ea,3,0.866353,100.23,3,0.866353,100.23,2025-01-13,2025-02-19
LTC,LXm2RPTHp6GoPym4D634QWxjv1uEKGamff,3,0.94353287,100.17,3,0.94353287,100.17,2025-02-17,2025-03-22
LTC,LXe6vHvmz938g75xeitrASzhHy4QkCRQdM,1,0.213686,27.73,1,0.213686,27.73,2025-02-19,2025-02-19
LTC,LTmH6fES6hgjoZmBezp5rehAD6vLHuW6Jv,3,0.3251821,32.76,3,0.3251821,32.76,2024-12-29,2024-12-29
LTC,Ld9YbtssSG7Hz2n6QA7YJgsvr7nbgzwbEn,1,0.19750425,19.9,1,0.19750425,19.9,2024-12-29,2024-12-29
LTC,LaofRZ956NQ8ckSYaTEsXmA8oGjzqNSYdZ,1,0.29286117,29.51,1,0.29286117,29.51,2024-12-29,2024-12-29
LTC,LeUGsvC7PdhL4dTrhZLt3Jf1WUbBHp1d2D,1,0.84129671,84.76,1,0.84129671,84.76,2024-12-29,2024-12-29
LTC,LfshhKZQDuWeKV7nqJkcAhixiA11NYd7Lz,2,2.13097038,214.7,2,2.13097038,214.7,2024-12-29,2024-12-29
LTC,LWedvBRgZaXWhLd1s5BjPndvu28xdseXUV,1,0.29374264,29.59,1,0.29374264,29.59,2024-12-29,2024-12-29
LTC,LZQcNEAr57rRt6nfvJPCttrneScLzLfkqC,1,0.11908911,12.0,1,0.11908911,12.0,2024-12-29,2024-12-29
LTC,LhQmCeG8Nh2otEdagqBeimcMiJsg5C58St,1,0.34897259,35.16,1,0.34897259,35.16,2024-12-29,2024-12-29
LTC,LdUHDj6NW2TMbXtDp7HrmBw4bh4hHqeL72,2,2.24734999,229.42,2,2.24734999,230.95,2024-12-24,2024-12-29
LTC,LT53iZH4LzjU7iwUHjhuHxoSvERhvMwRfo,1,0.13676798,13.78,1,0.13676798,13.78,2024-12-29,2024-12-29
LTC,LUvujxtyLh2YUNeiJidMPnzGtktcv97rBA,1,0.10099005,10.17,1,0.10099005,10.17,2024-12-29,2024-12-29
LTC,LVhB65Gg9SesrUVK8X17J6gCJhfJwnNEz6,1,0.04939593,4.98,1,0.04939593,4.98,2024-12-29,2024-12-29
LTC,LeYDHnJbfF5Wyazy5dTDQvKyFFVyJb1ds1,1,0.9423396,94.94,1,0.9423396,94.94,2024-12-29,2024-12-29
LTC,LMqQi5qTi9hDU8SRBD2yGF7JUh2hZ3pKNk,1,0.1281,12.91,1,0.1281,12.91,2024-12-29,2024-12-29
LTC,LPk3u16bdx5AbvmiB5afn1EQj1hVxqooa3,1,0.19754783,19.9,1,0.19754783,19.9,2024-12-29,2024-12-29
LTC,LPkhDKu49zdJpg7xiaGnSGzJsYhWSrS9KT,2,0.397402,43.67,2,0.397402,43.67,2024-12-15,2024-12-29
LTC,LgWqLJ2LUpskDB5V22eTsewkGuoLD6otm9,1,0.29338774,29.56,1,0.29338774,29.56,2024-12-29,2024-12-29
LTC,Lf9kosDLyHyEKFYiPbDZ7zbGVCTENP3AGN,1,1.14882161,115.74,1,1.14882161,115.74,2024-12-29,2024-12-29
LTC,LLmB2uaVU1A23DQYYmxsNYRQzCv5BvnEfk,1,1.19000798,119.89,1,1.19000798,119.89,2024-12-29,2024-12-29
LTC,LRjc9vduCY38Nr6Yvxiy7M1c961t3vhqS2,1,1.10719254,111.55,1,1.10719254,111.55,2024-12-29,2024-12-29
LTC,LT3ShovgHwouHzUehmqzw6erEqaWicN7hB,2,0.31237694,31.55,2,0.31237694,31.65,2024-12-29,2025-01-10
LTC,LdJDMGViSSJUswasxcJXPcpjq1b98dHV2h,1,0.59606072,60.05,1,0.59606072,60.05,2024-12-29,2024-12-29
LTC,LTfX7NtfVwssXwqWJw9TxqwFz1WRCXoMfD,1,0.09090645,12.08,1,0.09090645,12.08,2024-12-03,2024-12-03
LTC,LR6RH6GS8cFTFXTwqeLQyLTHJnBuNxhxD5,1,0.08964013,10.72,1,0.08964013,11.92,2024-12-02,2024-12-03
LTC,LNm18Qk8zcYASZeWnZs8uWadWX8GSPWYt5,7,3.76284604,415.01,7,3.76284604,470.41,2024-12-01,2024-12-03
LTC,LafyCkK2kH6ekPjWstBtduQxR2HMdvtMRo,1,0.09088492,12.08,1,0.09088492,12.08,2024-12-03,2024-12-03
LTC,LaTmQsHqKXzUjmWeaJ8HM3yH5skctxS925,1,0.27827827,33.27,1,0.27827827,36.99,2024-12-02,2024-12-03
LTC,LTDDwRbyYqGi45maK4nm52K547MRet22ke,1,0.24227723,32.21,1,0.24227723,32.21,2024-12-03,2024-12-03
LTC,LNMNUrSgkqKe2YLaxD4oX8DVbqW9kvdrJg,1,0.7599,101.01,1,0.7599,101.01,2024-12-03,2024-12-03
LTC,LVcguXf1LvhkTXHtB4JAoE4RpcHaQEU6iM,1,0.3655518,43.71,1,0.3655518,48.59,2024-12-02,2024-12-03
LTC,LVkpc4h3ytaBPKn3s9J1Uemh2UAG6BrL1Y,1,0.23536032,31.29,1,0.23536032,31.29,2024-12-03,2024-12-03
LTC,LLvB3Kq1PE189BUyxPg3Le2ShnpH8grss8,1,0.07584933,10.08,1,0.07584933,10.08,2024-12-03,2024-12-03
LTC,LhP3xGKiogjheHzwa6fSYSW315KT7Vwmss,1,0.05995965,7.97,1,0.05995965,7.97,2024-12-03,2024-12-03
LTC,LRPEg5qf5nhJ5RBrNcTZLikjRM11YUHGS5,1,0.5359904,71.25,1,0.5359904,71.25,2024-12-03,2024-12-03
LTC,LLmUaLMpPLs8VigXdzQ4LD6z2FmLVkEa3b,1,0.181718,24.16,1,0.181718,24.16,2024-12-03,2024-12-03
LTC,LaGZFw92ean7vXRFaTsGEM2e5Qc8Kmkvej,11,6.01435931,680.47,11,6.01435931,697.13,2024-11-26,2025-03-06
LTC,Ld8xUrW5zFhGJ8zU6A2UxqZwBayXMLZH8b,1,0.17126904,20.48,1,0.17126904,22.77,2024-12-02,2024-12-03
LTC,LgbKE7mMFbj42ibNF22ERdbssNMnAZKEJH,1,0.2599,31.08,1,0.2599,34.55,2024-12-02,2024-12-03
LTC,LTynCoR6jJpfHJrkW5EKSNAV9U5XNypU4p,1,0.2199,18.34,1,0.2199,19.68,2024-11-21,2024-11-22
LTC,LSt8xEKWq2SuQ7hq31XH29nJSrQo8fqATw,1,0.22469923,18.74,1,0.22469923,20.11,2024-11-21,2024-11-22
LTC,LMLPb7X3pwzV7DzTFUKaJFhudtDPyGSuNE,1,0.39321616,32.8,1,0.39321616,35.2,2024-11-21,2024-11-22
LTC,LaSyZjrmfxDVuTuH2ruUJ9GPoGEt7Foa6q,1,0.149784,12.49,1,0.149784,13.41,2024-11-21,2024-11-22
LTC,LgqB2NPkX5CkwTsQrLPrvhWVK8yVC1mWyH,1,0.34197744,28.52,1,0.34197744,30.61,2024-11-21,2024-11-22
LTC,LKnWe3YtWyt13KyQPzhSk7y9hakZzS6o2n,1,0.15,12.51,1,0.15,13.43,2024-11-21,2024-11-22
LTC,LZAxjWnLrXy67ouQ5LjM5ci2bCVJtxMEF9,2,1.3437068,119.88,2,1.3437068,124.55,2024-11-21,2024-11-25
LTC,LWG4H8kqkzD1EGkTtdpLKpgrtYbCWT44Yn,1,0.5699,47.54,1,0.5699,51.01,2024-11-21,2024-11-22
LTC,LfiAV6nYdbVRzXHyCaFtzpM387TPHLY4X6,1,0.38265283,31.92,1,0.38265283,34.25,2024-11-21,2024-11-22
LTC,LYGa2ax3o7oyzHXYMNPyDiaCuGXbj5dmLi,1,4.1946756,349.88,1,4.1946756,375.47,2024-11-21,2024-11-22
LTC,LTiruLZtX5xt7tqGei91WeBtTY9NEgDXsF,6,7.20629275,627.06,6,7.20629275,621.34,2024-11-15,2024-11-22
LTC,LgLSbpwF78WbFrCAmPKFPiyNdR1fAZaLL6,1,0.18836064,15.71,1,0.18836064,16.86,2024-11-21,2024-11-22
LTC,LLhz645jfvL4kUfQQTfReTdGuBVXTxrKte,6,0.6744,76.56,6,0.6744,71.05,2025-02-01,2025-02-09
LTC,LRwNUuaQFD55m7ogNLXL3A78vKQPgj5Q7n,1,0.20146712,23.78,1,0.20146712,21.99,2025-02-02,2025-02-03
LTC,LYdG1dkaA2mP1wuuRhKJMXu5Paw4z7xGtm,1,0.19848737,21.66,1,0.19848737,21.66,2025-02-03,2025-02-03
LTC,Lat6tmGXsCpqahbozqSbwomQa8az33u1pe,1,0.185559,21.91,1,0.185559,20.25,2025-02-02,2025-02-03
LTC,LbYYbMFcoQmvTF2UaYwVrgsnUo2Rf4cmUx,1,0.30351,35.83,1,0.30351,33.12,2025-02-02,2025-02-03
LTC,LiQtfSj2xoQoeJ8iDxVo3WyTgqM5QWpYda,6,0.81913382,67.37,6,0.81913382,68.06,2025-02-03,2025-04-27
LTC,LScgsA8YHvkM79cXbxJJsZSAoDwugfvX4e,3,1.08628875,128.24,3,1.08628875,118.55,2025-02-02,2025-02-03
LTC,LN2wX2QPkhoDLmSaXwhpcjoE2NwAd3jJuD,1,0.13981981,17.91,1,0.13981981,15.26,2025-02-01,2025-02-03
LTC,LLuwfA3o3XPkg3g5RA3nnd1WhbABWgr8UE,1,0.20225673,25.91,1,0.20225673,22.07,2025-02-01,2025-02-03
LTC,LiUSzfMHBra6W9nWXHP8NYqT3coDqMTCzL,1,0.20359435,22.22,1,0.20359435,22.22,2025-02-03,2025-02-03
LTC,LKZikzQTQ24njqnudcxB9Z4wpTdCNu4jBe,1,0.52392662,61.85,1,0.52392662,57.18,2025-02-02,2025-02-03
LTC,LQBScCQHQjJYsquweexgfQ7CraEY7GVhyq,1,0.19589376,21.38,1,0.19589376,21.38,2025-02-03,2025-02-03
LTC,LRTqBW2aAf17QUFAn9AxSHhtUNn1Ka5sKm,3,1.05259382,120.42,3,1.05259382,116.47,2025-01-24,2025-02-03
LTC,LdMjtiUgd44yXb7DZ6pRamixvtLcK9Uh2x,3,0.73661117,80.44,3,0.73661117,77.55,2025-01-27,2025-03-27
LTC,LWNdPp39iCQca2o7KMy6UJ6EJdhofEnzBv,2,0.2464815,29.1,2,0.2464815,26.9,2025-02-02,2025-02-03
LTC,LWXvHpugdZ5QeWwETsx7Qf5NK4LRXZHqxR,1,0.15461178,18.25,1,0.15461178,16.87,2025-02-02,2025-02-03
LTC,LZagcX2tpBCaYwYK9zYUzGTBqK5peqJzTg,1,0.175579,20.73,1,0.175579,19.16,2025-02-02,2025-02-03
LTC,LbMHb2gwDFR1qjoQv9PUzXSHifbv8jeSsm,3,0.2080671,21.68,3,0.2080671,21.82,2025-01-11,2025-02-03
LTC,LTVWHFGSkeoeb1Lq8HpkMGSVw4y88xMFYG,1,0.1507348,17.79,1,0.1507348,16.45,2025-02-02,2025-02-03
LTC,LaRhdcEyEwcZShdErJW97SwAH4v8hk6gvF,1,0.17133502,18.7,1,0.17133502,18.7,2025-02-03,2025-02-03
LTC,LezxUTwnrKysGWzQyEbrfWxNz4Q8Paosjm,1,0.1031446,12.18,1,0.1031446,11.26,2025-02-02,2025-02-03
LTC,LX4Cr2AsTGNDbYfP3guVb5eiTveH74M3rW,1,0.1105211,12.06,1,0.1105211,12.06,2025-02-03,2025-02-03
LTC,LRCP4jL893TDgJuw85kwaVAZRY8FS1ELUQ,1,0.17121187,18.68,1,0.17121187,18.68,2025-02-03,2025-02-03
LTC,LXVQwP5xeF8T9ECe5K5zDSnBRNXGkpDiuQ,1,0.174725,20.63,1,0.174725,19.07,2025-02-02,2025-02-03
LTC,LYqmD3Gi3GiWwh6KDMxcBgycT3eMWEme5b,1,0.39401037,51.54,1,0.39401037,50.47,2025-02-21,2025-02-22
LTC,LS8W1Hy5gngiPwLdHW8sMa2bxsNy2xCVbw,1,0.391508,51.22,1,0.391508,50.15,2025-02-21,2025-02-22
LTC,LMztQk2hdd4J5rDAZbjpFQnHMZG5SLAdV4,1,0.31474302,40.32,1,0.31474302,40.32,2025-02-22,2025-02-22
LTC,LW9K4ZHj8i398Jta6di71JYJMHDnCw3YDS,1,0.04840109,6.33,1,0.04840109,6.2,2025-02-21,2025-02-22
LTC,LbFMf7JdP5J8ofRWbD4VZST8kk6de83Lgx,2,2.61483097,342.94,2,2.61483097,346.16,2024-12-05,2025-02-22
LTC,LXyCHfRKbHNrC8v1UrqtiTuoKziFPRqxJP,1,0.72514591,94.86,1,0.72514591,92.89,2025-02-21,2025-02-22
LTC,LW9WLFntE1vEGCiRCCKmf1YXXMB4L2nBpR,1,0.32767019,41.97,1,0.32767019,41.97,2025-02-22,2025-02-22
LTC,LiZ8qvLp4tgBUYKZUJknWZoaTaoVAPWZ7y,2,0.0822,10.53,2,0.0822,10.53,2025-02-22,2025-02-22
LTC,LQDsJxFdvWVHXC8Kp9xzdAvZe3KTBeNLpf,3,1.67172382,201.35,3,1.67172382,202.09,2025-01-28,2025-02-22
LTC,LRV3WjHUGBUdBX9JZvgFUqexB3foaphCST,1,0.2869264,36.76,1,0.2869264,36.76,2025-02-22,2025-02-22
LTC,LiR5G88hASYWGmszrK6WLhmmsNfrH5kugQ,1,0.1579,20.66,1,0.1579,20.23,2025-02-21,2025-02-22
LTC,Le3xQ7cgcrPRJDSoutPnsYwbvnS2pyv5uZ,3,0.30326269,37.75,3,0.30326269,37.75,2024-12-15,2025-02-22
LTC,LXT8ntdPFmwy2CDKXWkYN72yFSGWtDVZ2n,1,0.73108781,93.65,1,0.73108781,93.65,2025-02-22,2025-02-22
LTC,LTbA6JMoNQJVLCafJ2fN86EnLnSAVgzhAx,3,0.28931652,34.9,3,0.28931652,34.57,2025-02-21,2025-02-26
LTC,LSMMn3jc4MhuREX9qDFyTDX9NuTJL4kJev,1,0.44945,58.8,1,0.44945,57.57,2025-02-21,2025-02-22
LTC,LQKufFTaJJgAmGGb25MzAaj8eJAieQpjio,3,0.57023378,60.59,3,0.57023378,60.02,2025-01-12,2025-02-22
LTC,LhpWRmJuqtRJpdzLQngPuQxFLoKh6C7bg8,1,0.22692236,29.69,1,0.22692236,29.07,2025-02-21,2025-02-22
LTC,Ld87hYX9gs4Pz99x9Y4XEpg9kvkkyeSrKx,1,0.19122152,24.5,1,0.19122152,24.5,2025-02-22,2025-02-22
LTC,Lhkae2hyE5zjfm7vFXv7fQ5oyb49zsDG8a,2,0.4767346,54.97,2,0.4767346,54.82,2025-02-08,2025-02-22
LTC,LYBSRhR4KmHyWhsNW2T5gZtEKy6kGPXTrd,1,0.72285524,92.6,1,0.72285524,92.6,2025-02-22,2025-02-22
LTC,LS6LPkZq5S44gWxW7e8LhPBTFqJn3aQB5o,7,3.25834038,322.34,7,3.25834038,321.07,2025-01-23,2025-03-19
LTC,LRR5Rak5vgzGr7VykxuUDgRd46XgQjnssH,1,0.29720626,38.07,1,0.29720626,38.07,2025-02-22,2025-02-22
LTC,LQYFRyCK9CA9cZ2exjsoRLRYgt3u4xVSYj,1,0.66408215,85.07,1,0.66408215,85.07,2025-02-22,2025-02-22
LTC,LXzpBWfKe8kYBLcQveVgcn7pnsKh2Mf4nQ,1,0.0809,10.36,1,0.0809,10.36,2025-02-22,2025-02-22
LTC,LMoeZF2NMsghiUU6wa1K5ABp8u4mhBV7jE,1,0.09660186,12.37,1,0.09660186,12.37,2025-02-22,2025-02-22
LTC,LLDBknmTPLjuu3snfQJ4an6KTAQi4w6Ntc,3,1.96724926,211.88,3,1.96724926,211.88,2025-02-22,2025-03-23
LTC,LdmtMgahMFjxLgnF193nF1ckE5kTYotb4z,1,0.27164784,34.8,1,0.27164784,34.8,2025-02-22,2025-02-22
LTC,LRgn9DK5A6uonr6HSBT7beFWbpmKrRPWce,1,0.15469399,19.82,1,0.15469399,19.82,2025-02-22,2025-02-22
LTC,LVH6Zswk7jUDqnnKmPtqEgdBUJ4oJcJ5kC,2,0.18101385,16.17,2,0.18101385,16.17,2025-02-22,2025-04-21
LTC,LN4F3jaBD6Fak36ruTJvvTdLiy1hNNscvR,1,0.07130879,9.13,1,0.07130879,9.13,2025-02-22,2025-02-22
LTC,LKtRAgVhkrnqBSXK5MLU5WktEUv83xLG4M,1,0.14463942,18.92,1,0.14463942,18.53,2025-02-21,2025-02-22
LTC,LbJTcgHaY9RYTuk7KJqLDTXmPjrse33iZj,1,0.11557608,15.12,1,0.11557608,14.81,2025-02-21,2025-02-22
LTC,LceNYQLx1TkLfR8Du2UCDuH4niycsduj6f,2,0.50454453,64.33,2,0.50454453,63.67,2025-01-17,2025-02-22
LTC,LhvrH9AcRxXW12BZ5yuUWSxtgPMXxWwhfi,1,1.92485371,251.81,1,1.92485371,246.57,2025-02-21,2025-02-22
LTC,Lb6UJLkLgLbmWs96hVh2CsjfBA91qHt8bk,1,0.23231105,29.76,1,0.23231105,29.76,2025-02-22,2025-02-22
LTC,LMGSrn68mms5YNtEVHAhCSCyB6iLiBmYcV,1,0.23,30.09,1,0.23,29.46,2025-02-21,2025-02-22
LTC,LP8GaphZyvh4LdYSMGCNwFFCA3nhZw4uwD,1,0.51965848,61.32,1,0.51965848,61.32,2024-12-17,2024-12-17
LTC,Lgyry7JfHbfYnewc3ANwWrEUpcbW34X4om,3,2.0735669,248.24,3,2.0735669,244.68,2024-12-16,2024-12-17
LTC,LRNmvGmc4MUhW6yGg2pSz1kM36gPHA7WxF,1,0.0199,2.41,1,0.0199,2.35,2024-12-16,2024-12-17
LTC,LYj9V4XH5dNbFqCYajbRKYkdHy3JUeVPmS,1,0.1049,12.38,1,0.1049,12.38,2024-12-17,2024-12-17
LTC,Lhq5aHdGfdrboqYh9774c18VqqTMt5v1Vz,2,1.133665,131.11,2,1.133665,129.01,2024-12-10,2024-12-17
LTC,LbfJY7W6EVLJ6oNsz7pmiTYSUz5JWoj87K,2,0.67398,87.28,2,0.67398,76.43,2024-12-09,2024-12-17
LTC,LRA2Gccvm9cpDgeyQq8Y2RL3ufSD59EjUN,1,0.09955202,12.06,1,0.09955202,11.75,2024-12-16,2024-12-17
LTC,LgxqF2VHpbekE3v8YgKyf7PZM3Zeg4i1at,1,0.51381061,62.24,1,0.51381061,60.63,2024-12-16,2024-12-17
LTC,LVJ9DyCKKE6zrd9fRKSTQTUrnLN7TjTmKh,1,0.2293591,27.78,1,0.2293591,27.06,2024-12-16,2024-12-17
LTC,LNNemtFAAZ3Tj7ToZJTStKMRrPCcUvzoBd,1,0.25813968,31.27,1,0.25813968,30.46,2024-12-16,2024-12-17
LTC,LQWh2xqCcf9x9ip74srWH4f2CQqXorcxNf,3,1.28443739,151.56,3,1.28443739,151.56,2024-12-17,2024-12-17
LTC,Laog5cPcEA22fSR8bXdGikEBeRGgtNiqdz,1,0.60635093,71.55,1,0.60635093,71.55,2024-12-17,2024-12-17
LTC,LUKu25Rk1vVP52awyoNMczQHVyR5a54KB2,1,0.87369422,105.83,1,0.87369422,103.1,2024-12-16,2024-12-17
LTC,LTGguXknDnpbceGiUbfm1F3Tx8hXz5oUrX,1,0.1643362,19.39,1,0.1643362,19.39,2024-12-17,2024-12-17
LTC,LXGrZDfCg3YQCwyHEUwGu7ufmGHvYtkTvr,1,0.45241006,53.38,1,0.45241006,53.38,2024-12-17,2024-12-17
LTC,LfjpLJbbgcJd4PR4gxVLpAFvLo4R5HXdgW,2,0.36236614,44.34,2,0.36236614,45.33,2024-12-16,2025-01-18
LTC,Lc8ijVaYdRuXKo1B3dnveoJtghN7Hw8JxK,1,0.29274673,35.46,1,0.29274673,34.54,2024-12-16,2024-12-17
LTC,LhQacGkoTF6xV61fpSSNZG41VUYjJVzfRv,1,0.2099,16.8,1,0.2099,16.1,2024-11-12,2024-11-13
LTC,LZsxEEYXtJcQE9mz94DjACE2fpY99koSVK,1,0.11724677,9.38,1,0.11724677,8.99,2024-11-12,2024-11-13
LTC,LMB48J2VSHwcPozbqS3gNeEzhjYKEBMqm1,2,0.15755406,17.23,2,0.15755406,16.99,2024-11-12,2024-12-07
LTC,LSpvnxam2hhuDyKGEE5W6gSRQe8ogwiYsi,1,0.0799,6.4,1,0.0799,6.13,2024-11-12,2024-11-13
LTC,LRUuEs9mrqoW4HXbMwha6uFQnbaYeDe6CH,1,0.1399,10.73,1,0.1399,10.73,2024-11-13,2024-11-13
LTC,LaA58DdH22Buis3zPt5Vu1ioZToRNkThcL,1,0.2969756,22.78,1,0.2969756,22.78,2024-11-13,2024-11-13
LTC,LXktYYPGjp7zQBxoHoPjnpVGdiSTg82MEV,1,0.17135257,13.14,1,0.17135257,13.14,2024-11-13,2024-11-13
LTC,LZ5a4fWWLxLRxj2kswC1QRvfBg8CSX6szd,1,0.2499,20.0,1,0.2499,19.16,2024-11-12,2024-11-13
LTC,LQ13GwYbNVAAdLj16Xg97KSPqXvofNAX48,1,0.44175567,33.88,1,0.44175567,33.88,2024-11-13,2024-11-13
LTC,Le2bngbQBec7EePhcju9H8KagEbaDyxMx1,1,0.32021934,24.56,1,0.32021934,24.56,2024-11-13,2024-11-13
LTC,LPDmeHpLkJoUWvwmbBgNGNBgDCTPVsAHbe,1,0.15365671,11.78,1,0.15365671,11.78,2024-11-13,2024-11-13
LTC,LatsK3h2iDe259phhArYBisB6B96PZAV6i,1,0.2249,17.25,1,0.2249,17.25,2024-11-13,2024-11-13
LTC,LdYcfCXnGdpiBvpDvA3UA86n2Hy7Li6MYJ,1,0.21839254,17.48,1,0.21839254,16.75,2024-11-12,2024-11-13
LTC,LQeayZHELeUKPjfqPVpoQW6Bt6rbTD9Tzs,1,0.55019191,42.19,1,0.55019191,42.19,2024-11-13,2024-11-13
LTC,LemC9RcJUYQgFNW6wteWAV6bTpzaAgHWKq,1,0.408,31.29,1,0.408,31.29,2024-11-13,2024-11-13
LTC,LLz1qFJJRJ33nBsRFGXzRWn6UrSms9iurd,1,0.08982154,6.89,1,0.08982154,6.89,2024-11-13,2024-11-13
LTC,LTjreCiKzz7uJAXL1ofxQfcJhmHXpNCsAV,1,0.0199,1.59,1,0.0199,1.53,2024-11-12,2024-11-13
LTC,LNEpzCmSfMpf3ZMNjGx6J1bTQtNe7i1CoH,1,0.0139,1.07,1,0.0139,1.07,2024-11-13,2024-11-13
LTC,LLY1EsmrNMW9Gc44UxQ1yqhPF8XoJ2Kwnj,1,0.2199,17.6,1,0.2199,16.86,2024-11-12,2024-11-13
LTC,LM2JuV7YxvDPMqxreVWte3n4Brt9X2mknZ,1,0.4095346,31.41,1,0.4095346,31.41,2024-11-13,2024-11-13
LTC,LKG9bWKAqkcFHqb9DzLtXP3nJfHEQ9WTbe,1,0.24578572,18.85,1,0.24578572,18.85,2024-11-13,2024-11-13
LTC,LdXtnuGDbpevvhicbVeDCcMefvgZTHyWKn,1,0.729,91.05,1,0.729,91.05,2025-02-15,2025-02-15
LTC,LdSmSGJh19Q7PCbQiroq1XNyAFjkg14SUq,1,0.06717384,8.39,1,0.06717384,8.39,2025-02-15,2025-02-15
LTC,LL2kjB3kM7jERW6Ln9NwYaAfAJTfwSQA8L,3,0.39615385,50.18,3,0.39615385,50.18,2025-02-15,2025-02-16
LTC,LfBhXrCBQAtVy2C2DDnWhaBdNXkFjaangc,1,0.07730207,9.79,1,0.07730207,9.66,2025-02-14,2025-02-15
LTC,LaYjFGB33smdCgaxNAYfkT7fM5CLbixchf,1,0.07506181,9.38,1,0.07506181,9.38,2025-02-15,2025-02-15
LTC,LX2PQbdFQh4n5L7bN4Fo3ZdC82DdsXFwvR,1,0.09821698,12.27,1,0.09821698,12.27,2025-02-15,2025-02-15
LTC,LLjRVRRQQzEn92oJTHCDRU7Bsff9deTXuU,1,0.113786,14.21,1,0.113786,14.21,2025-02-15,2025-02-15
LTC,LSaHEBtBh7Jf7dqztrPnYPkCmomJj6Gf6L,1,0.1069435,13.36,1,0.1069435,13.36,2025-02-15,2025-02-15
LTC,LQWAEnjvMNLWQkc7diS9YBUU1C7RJwEqVM,1,0.12526571,15.65,1,0.12526571,15.65,2025-02-15,2025-02-15
LTC,LU2giRjn1YCboPvq5TthDjs9oGkzpgrDWi,1,0.09941526,12.42,1,0.09941526,12.42,2025-02-15,2025-02-15
LTC,LYxddz1yXRg1yRPDoUdGo1aNr7aizoMVEb,1,0.20999722,26.23,1,0.20999722,26.23,2025-02-15,2025-02-15
LTC,LSBddrRYkDRJS9Qz6GH6rpUztT6RqJefwG,5,0.8095,100.83,5,0.8095,100.56,2025-02-11,2025-02-17
LTC,LS5QeGKH6eCkWqnUmTSavQbrjGbKERN7S7,1,0.46920416,58.6,1,0.46920416,58.6,2025-02-15,2025-02-15
LTC,LNEpefbUK7z9jJgqopA16dbDbepEwRWbcn,2,3.028,380.83,2,3.028,380.83,2025-02-14,2025-02-15
LTC,LSyzZRxkHqvG3iy2fE2JgraXSWkWRbAJhX,1,0.10118282,12.64,1,0.10118282,12.64,2025-02-15,2025-02-15
LTC,LPEyEX2AxSAtqsqiDDkH7ANybi3JpfQfKb,2,0.4932,64.95,2,0.4932,64.7,2025-02-14,2025-02-16
LTC,LaFF63Dvw3bSLUw76FZ7BLBAR5wxqz1Tny,1,0.5,63.31,1,0.5,62.45,2025-02-14,2025-02-15
LTC,LPLY1raLAvvHP7VYiAVrWJzrhBfA7bTtr9,1,0.1199,16.43,1,0.1199,16.43,2025-01-18,2025-01-18
LTC,LZgGyd6EN2XP9rDDzAj51rMYJrWWwH7od4,1,0.16063083,22.01,1,0.16063083,22.01,2025-01-18,2025-01-18
LTC,LeNJdvJV5X9X1DyA6LGLEkNmgjEXQaaLvP,5,0.65949,74.26,5,0.65949,74.02,2024-12-26,2025-02-06
LTC,LWSCUbQofgGMcxymzVdaGeb71qH1EvNndj,1,0.48150032,65.98,1,0.48150032,65.98,2025-01-18,2025-01-18
LTC,LNDKABK7XfQMvzvkyoXQaBHgJ3FZCg7en6,6,6.41,673.16,6,6.41,673.58,2025-01-18,2025-05-03
LTC,LebQtRZydCjbrg3rLjF1nunABfm6ZQ931X,1,0.12187892,15.17,1,0.12187892,16.7,2025-01-17,2025-01-18
LTC,LN5xZh57Ttsx1qL2AVDNYCKCxWPYm6a8Zm,1,0.21986176,27.36,1,0.21986176,30.13,2025-01-17,2025-01-18
LTC,LZCNMSVdWTz2xGs1LEATwBcEmKbcuYYTKQ,2,1.87221847,206.14,2,1.87221847,216.76,2025-01-14,2025-01-18
LTC,LeZcRNe2Ch1UhqvPy4RbgQj5sbutbFH6GG,1,0.11938071,14.86,1,0.11938071,16.36,2025-01-17,2025-01-18
LTC,LesJUkB1j9ZmymrcVwEULkhqRvTHBJpGb4,3,2.2583305,281.03,3,2.2583305,309.48,2025-01-17,2025-01-18
LTC,LMiizmPy9XxG3pyczYqsYE8on2edSzd8Qf,1,0.1607415,22.03,1,0.1607415,22.03,2025-01-18,2025-01-18
LTC,Lggr49wYUATZjhk6w4FTEKJHMPosV3S5Bw,1,0.04685143,6.42,1,0.04685143,6.42,2025-01-18,2025-01-18
LTC,LW5LFeEmYGVvA7V4s4MYyaWhMFuWUwKX4M,2,0.38869771,47.25,2,0.38869771,51.39,2025-01-16,2025-01-18
LTC,LUQnZCh3H1NRrSamrPM6LQoCKAWivLoxWk,1,0.09501147,13.02,1,0.09501147,13.02,2025-01-18,2025-01-18
LTC,Le9BzyeTdJnmkREqpvqyAzucTYus9YrKBL,1,0.44119763,60.46,1,0.44119763,60.46,2025-01-18,2025-01-18
LTC,LYdAWxYatwHEPnGkUrS2CVoU6rQQCSYHAP,2,0.3398,40.0,2,0.3398,40.0,2025-01-15,2025-01-18
LTC,LVmSxQfeUZ6ZuidyqpUzFqbsFPg34X7x7G,1,0.08170591,10.17,1,0.08170591,11.2,2025-01-17,2025-01-18
LTC,Le5zRuCwVzoWx9MT8CsrWKAYTpuZ2VfQPk,1,0.32079609,43.96,1,0.32079609,43.96,2025-01-18,2025-01-18
LTC,LUEQZK8YFxQNv37SYfBiCWjqwBG3Skmph7,1,0.33695579,46.18,1,0.33695579,46.18,2025-01-18,2025-01-18
LTC,Lcr6q2v5okEsbnauHCRGvQnULqGiNngHn8,1,0.16079,20.01,1,0.16079,22.03,2025-01-17,2025-01-18
LTC,Li2KRTPw7YnavoGfpskXcM6xYzqrMdcu1n,1,0.41907157,57.43,1,0.41907157,57.43,2025-01-18,2025-01-18
LTC,LYrxhWyn8hxjQWn3BX8DjT2yaUyNxJtKcg,1,0.36426282,45.33,1,0.36426282,49.92,2025-01-17,2025-01-18
LTC,LTWQFzVyke8C2e8WfxRfFh99sx9rQASWg3,1,0.12253268,16.79,1,0.12253268,16.79,2025-01-18,2025-01-18
LTC,Lhk4nCUaFrjtT4JnHvzYvxifgTkErQ7hv1,1,0.48735416,60.65,1,0.48735416,66.79,2025-01-17,2025-01-18
LTC,LMAyMNttoxDDUNnuDgwJn8HkyzcLMddXCH,1,0.09669741,12.03,1,0.09669741,13.25,2025-01-17,2025-01-18
LTC,Le3yKUBkK9X6XEJJJ7qcvpif9DELZbNtUf,1,0.073826,9.19,1,0.073826,10.12,2025-01-17,2025-01-18
LTC,Lf15E63YhzKaMGan3GmFuSLzX2QxmGQ8wW,1,0.50914943,63.36,1,0.50914943,69.77,2025-01-17,2025-01-18
LTC,LVrBZK3XfaU7f5kH8dXh4cTGBX5SJ2JJjS,2,0.56880828,59.76,2,0.56880828,58.67,2025-01-11,2025-02-05
LTC,LPstb6Gpu2b9iyAJ81Q2Lit2Nxx5cQvWda,1,0.1299,13.56,1,0.1299,13.56,2025-01-12,2025-01-12
LTC,LXdVBvhnhXC34Wvmg8ZsZtFceNFydvnG5C,1,0.11456817,11.96,1,0.11456817,11.96,2025-01-12,2025-01-12
LTC,LdLV7YsBJCHi74cq7icxcZTjWLGaFyM73P,3,0.88,91.47,3,0.88,91.87,2025-01-11,2025-01-12
LTC,La1SsK4gVUhfJi9LWtvmgy3oN764o6UYCs,1,0.08573105,8.91,1,0.08573105,8.95,2025-01-11,2025-01-12
LTC,LVKHoo19Px4CawXyqYswhr6DUwzeYL3cxx,1,0.01914443,2.0,1,0.01914443,2.0,2025-01-12,2025-01-12
LTC,LVGXKxmSdUQRojGYBVkKmuC9971u2XcNHg,6,9.06153826,983.03,6,9.06153826,972.97,2025-01-07,2025-02-16
LTC,LZfYXG75YSs245Rk3YcGncmDkkPBgQ82jR,1,0.17508604,18.2,1,0.17508604,18.28,2025-01-11,2025-01-12
LTC,LcfEgostLewJ6mfpsL96SrzaV7vfJarZqX,7,0.73449012,75.89,7,0.73449012,75.89,2025-01-12,2025-01-13
LTC,LWjcTbnj5HhwDnaECuwVecZuePQ4YG44hK,1,0.28411327,29.66,1,0.28411327,29.66,2025-01-12,2025-01-12
LTC,LPepHyhRQd5b2bhmEAfx2CmGhNTnnRo8nU,1,0.32485402,33.91,1,0.32485402,33.91,2025-01-12,2025-01-12
LTC,LdwPGgwy51nn3wE2uTZAqtoRCLRGNnXJ9J,1,0.478421,49.95,1,0.478421,49.95,2025-01-12,2025-01-12
LTC,LV1i8ustX6JTuoeTTRdVJpF2SvP95JBGKn,2,0.79515569,89.28,2,0.79515569,81.9,2025-01-07,2025-01-12
LTC,LMRRdWZzFyruiGpUhboo6QQtoGCkRUMyjv,1,0.22099969,22.97,1,0.22099969,23.07,2025-01-11,2025-01-12
LTC,LTjSprRrjBVLt9nd5bERthMAFfwmWC56U7,1,0.18935423,19.77,1,0.18935423,19.77,2025-01-12,2025-01-12
LTC,LZRjfG6GbKWHhaLWdnynZreaRuALi6uUGy,2,1.52245837,140.02,2,1.52245837,140.02,2025-01-12,2025-03-17
LTC,LQgjLKfhZwhD6VviBHMkB6xvfjrPLT9NeB,1,0.16741097,17.48,1,0.16741097,17.48,2025-01-12,2025-01-12
LTC,Lfz53gksQ212Um12sxErQBpvfSeLjrr82r,1,0.24085884,25.03,1,0.24085884,25.15,2025-01-11,2025-01-12
LTC,LMmK5hKDWYkTU4jJX9DXzMjbAqsEkp4qe2,1,0.26918668,27.98,1,0.26918668,28.1,2025-01-11,2025-01-12
LTC,LexNr32Y26gzqiTP2Bd3Jg7g4P88bzBjdd,1,0.96898375,100.72,1,0.96898375,101.16,2025-01-11,2025-01-12
LTC,LcKpR34VTKZqxhS71kYF5FstqH9k5ctBNQ,1,0.0299,3.11,1,0.0299,3.12,2025-01-11,2025-01-12
LTC,LgWF1oL7UytpyWAzFHgJWCTMFC6HzQLh4Q,1,0.28715726,29.85,1,0.28715726,29.98,2025-01-11,2025-01-12
LTC,LLdr3JHk2fxvCJH16GtKZeERhFh7unH96Q,1,0.14567655,15.14,1,0.14567655,15.21,2025-01-11,2025-01-12
LTC,LLHMEPKomD8AXMsR4fifMfLVNNMGqJWHHi,1,0.28858237,30.0,1,0.28858237,30.13,2025-01-11,2025-01-12
LTC,LgxhQYZuKwxqptEJ5H9WTRaB9pQcuLFUYn,7,2.07533946,224.16,7,2.07533946,219.09,2024-11-27,2025-01-08
LTC,LLCfpi4FUKvZHrRtK2yceJkmb6hDgGFeZt,1,1.62876535,185.68,1,1.62876535,185.68,2025-01-07,2025-01-07
LTC,LQWTGG9zohYJPFtozZcas9AH9Rr8jBqv7f,2,0.59285692,66.86,2,0.59285692,66.11,2025-01-06,2025-02-09
LTC,LT6KFbEsQDeJMgC64LFzCdV93S13EkkvAd,1,0.11563264,13.38,1,0.11563264,13.18,2025-01-06,2025-01-07
LTC,LiUMYVb3eFtcpxHdC6UrzjGPjfgVG1rwUc,1,0.4369,50.56,1,0.4369,49.81,2025-01-06,2025-01-07
LTC,LXV9XAyWtEEMNVBBw5CJAHyxDMUnbeVmYa,1,0.3,34.72,1,0.3,34.2,2025-01-06,2025-01-07
LTC,LhSVyuiehZQbtRVxiHaKiSkj1xHkJL1cu8,3,1.87164886,206.95,3,1.87164886,202.92,2025-01-07,2025-01-08
LTC,LdLtTofhAAnhz7F79Lvy7Fdm892W2g5thL,1,0.07496529,8.55,1,0.07496529,8.55,2025-01-07,2025-01-07
LTC,LM428wE2Dvq25M9MombDCreU2v4kt9LP6B,4,3.32779779,351.13,4,3.32779779,351.13,2025-01-07,2025-01-15
LTC,LKakP8TKbfS8MruKmLw8E6Vi8HbAfLcJ2a,2,0.3662644,41.75,2,0.3662644,41.75,2025-01-07,2025-01-07
LTC,LX45Zta3NAuejsc7fJgM1hbiTkXDr9RJKA,3,6.19236162,647.65,3,6.19236162,647.65,2025-01-07,2025-05-02
LTC,LUWfD3W98p3DGZqu7A9u41VzX2C9gyK2B4,1,0.26659511,30.85,1,0.26659511,30.39,2025-01-06,2025-01-07
LTC,LN1qeXKPTcRMfXp8ABYAu3gMLLPM1184vv,1,0.17044493,19.43,1,0.17044493,19.43,2025-01-07,2025-01-07
LTC,LWGV8LgjAoZcmJG9eqwGrbFBYR2z7XW7R9,1,0.1058808,12.07,1,0.1058808,12.07,2025-01-07,2025-01-07
LTC,LSZjHjJXVnvJX8a7gSyqsKzs4hzqGMq7dU,1,0.88321,102.21,1,0.88321,100.69,2025-01-06,2025-01-07
LTC,LSvDmHftcJyxLA3q2F3wqrueK6a9hFBZgu,2,0.42769283,51.59,2,0.42769283,51.21,2025-01-06,2025-02-17
LTC,Lh5bfaqMmmnvzb3on4qUXqeNC9os2Asrzf,1,0.08608295,9.96,1,0.08608295,9.81,2025-01-06,2025-01-07
LTC,LZemsMS2aaLVEFwxPQA3qUYvSAgKHTqyTi,2,0.73243293,84.76,2,0.73243293,83.5,2025-01-06,2025-01-07
LTC,LKhcTXmQ5Pw2LWZr6koA3yEtWwbGFKX21Z,2,1.056248,123.0,2,1.056248,121.01,2025-01-06,2025-01-28
LTC,LWqMzvA442EMXzgAfPNZz4qX1NWsRaLn3B,1,0.17466369,20.21,1,0.17466369,19.91,2025-01-06,2025-01-07
LTC,LQBjNt7x579WtptVAWvYNHRe9ni1cXJLfY,1,0.32425189,37.52,1,0.32425189,36.96,2025-01-06,2025-01-07
LTC,LRpDjQnC2YnLWTbsC1MBeWrCXXaD9XWmm9,1,0.26094742,30.2,1,0.26094742,29.75,2025-01-06,2025-01-07
LTC,LWKTAts5UGei7Gr521jzuDXfFGXhBz8qba,1,0.53239233,60.69,1,0.53239233,60.69,2025-01-07,2025-01-07
LTC,LbAPYULgfZkVznAYMXAveEXGP3HHQ8Sudm,1,0.2179,25.22,1,0.2179,24.84,2025-01-06,2025-01-07
LTC,LTa4jtieoMUsrWzg9CRQ46ehB2GaUm6sPk,2,1.59950489,163.53,2,1.59950489,163.53,2024-12-27,2024-12-27
LTC,LRk5jzzBg5f5rYjUMWXHv3FfTFPTPf8Qvp,1,0.56691931,62.26,1,0.56691931,57.96,2024-12-26,2024-12-27
LTC,LgnDP6Q58rconjmR1zgFhKb9VLcmDqsDHv,1,0.1931353,19.75,1,0.1931353,19.75,2024-12-27,2024-12-27
LTC,LQBjwkhbWqHkhAcAvy8cfR2TgU8GSxK3f4,2,0.23247207,23.77,2,0.23247207,23.77,2024-12-27,2024-12-27
LTC,LRBKZz9C39cLxuRjXPjFvuNXFAupkNjNRq,1,1.0,102.24,1,1.0,102.24,2024-12-27,2024-12-27
LTC,LguAQxVDDpFD6hBQqhHDyjsntcQiKe3Gdg,3,4.016483,430.01,3,4.016483,410.65,2024-12-26,2024-12-27
LTC,LUTdArsX7oC93ZgAJZQbQpYrGLVoVvCBBP,1,0.43066741,47.3,1,0.43066741,44.03,2024-12-26,2024-12-27
LTC,LNW8rjEzjmiYLpwdCmAMnh7icVQyoFecDi,1,0.19439573,19.88,1,0.19439573,19.88,2024-12-27,2024-12-27
LTC,LgWRFVjuS3ZKxF9wUQ5wmZ5gTo4eKkJbjx,1,1.12295244,123.32,1,1.12295244,114.81,2024-12-26,2024-12-27
LTC,LUZjSAe5BLvYXxunnRnDbTFg586Sds6rtC,1,0.14826613,16.28,1,0.14826613,15.16,2024-12-26,2024-12-27
LTC,LZrwaSQDRQrb49T9zKQbAkFfDPGeBn22rA,2,0.49369746,53.84,2,0.49369746,52.4,2024-12-25,2024-12-27
LTC,LLV2wWk7Jj2tjg4mbeG9DXR4GRtdqsFVcm,2,1.78510721,196.04,2,1.78510721,188.71,2024-12-26,2024-12-27
LTC,LVT7t73YrgUC5fcuZz9wjQmvFiWJpATCj7,1,0.2009,22.06,1,0.2009,20.54,2024-12-26,2024-12-27
LTC,LRqhXacWaZk3i23ABtStykuF3N8Cc9EVmq,1,0.09765815,10.72,1,0.09765815,9.98,2024-12-26,2024-12-27
LTC,LZF5QhgqFZkEueVtiJDtvFezDmJFU8a2V3,1,0.53082593,58.3,1,0.53082593,54.27,2024-12-26,2024-12-27
LTC,LUow5fFLfh7maaYjWCfH8hbthyvztpZsM6,4,1.37211714,115.58,4,1.37211714,119.9,2024-10-17,2024-12-27
LTC,LYAQ2k2K3M58y81YFUQcyb9sUHmp1VECr6,1,0.13153494,14.45,1,0.13153494,13.45,2024-12-26,2024-12-27
LTC,LYWFcZ1Lox9ZnQc8uBJEQ6MJLJgogc97X3,1,0.09797591,10.02,1,0.09797591,10.02,2024-12-27,2024-12-27
LTC,LXW5w8EaWU2D6Cqv8VBL9TQTPV7hbpEePt,1,0.81131474,82.95,1,0.81131474,82.95,2024-12-27,2024-12-27
LTC,LemfUke6FrUWeQTDiZ7DMgLFbnoUbXi53x,6,0.44256482,59.91,6,0.44256482,60.05,2024-12-06,2024-12-09
LTC,LRFLR3VyPB8Y26Xhw1Fz8xKnpgs1bPE7JR,1,0.1559,21.03,1,0.1559,21.03,2024-12-09,2024-12-09
LTC,LXsfCkcYKkf8AUy34iq5N1UNydxPnriprW,1,0.37383177,50.01,1,0.37383177,50.43,2024-12-08,2024-12-09
LTC,LKqavppPEoRjHgKKW7SFw8643JX7dbpwNZ,6,1.38941839,184.69,6,1.38941839,175.99,2024-12-06,2024-12-15
LTC,LZeLXe4DBcNVqp77ZAHDBf2yBd9AbsyfL3,3,0.73501,62.03,3,0.73501,63.62,2024-12-08,2025-04-12
LTC,LbiERN5ZCxGgLKKEreFnesUFdm7QV3xifA,3,0.49377352,61.34,3,0.49377352,61.17,2024-12-07,2024-12-15
LTC,LU9FKT9Ty9nm3AD11uwYK8GmBfwwcQRGKT,1,0.13196094,17.8,1,0.13196094,17.8,2024-12-09,2024-12-09
LTC,LadUkVa92JAtqxcumoYizT8FAzNWxGoZYp,1,0.7549,101.0,1,0.7549,101.84,2024-12-08,2024-12-09
LTC,LPsyPzwdAK5b7D4CjHR6WgqJEj71RiHstV,1,0.69569206,93.86,1,0.69569206,93.86,2024-12-09,2024-12-09
LTC,LTXKKFrmoy9h3pUmmrrvfrFgbVp2d7Xz2b,2,0.71928982,96.87,2,0.71928982,97.37,2024-12-06,2024-12-09
LTC,LKqH9h49wJdj7p7WH7sMPTcyhVMs7WF7AK,1,0.13986588,18.87,1,0.13986588,18.87,2024-12-09,2024-12-09
LTC,LbGiQwfpqvhraMzUZNpHmRkcBxWngai6vE,4,0.40426627,47.74,4,0.40426627,48.39,2024-12-08,2025-01-15
LTC,LLbq7UHApJDg6djf2c3XTTNpdcdyLHEkYe,1,0.204695,27.39,1,0.204695,27.62,2024-12-08,2024-12-09
LTC,LVrktpHWm8Z4GwstrbZMscAdxYaAEW6Ys6,1,0.16293671,22.15,1,0.16293671,21.98,2024-12-07,2024-12-09
LTC,LV7u6PhordqqivnSHFVnhJjm1vuJsUrVRh,1,0.36943769,50.22,1,0.36943769,49.84,2024-12-07,2024-12-09
LTC,LXH4Ly6JDQzkBZdtPMRU6SXyRrfWfgxWa8,3,1.72287393,231.27,3,1.72287393,232.43,2024-12-08,2024-12-09
LTC,Lex6srwmLeVNLNSd42LFjsimpenTe4fwgM,1,0.14573883,19.81,1,0.14573883,19.66,2024-12-07,2024-12-09
LTC,LKQ2zh5mvP1L7UJv37Jzvvf8qyAZsotohe,1,0.32264555,43.17,1,0.32264555,43.53,2024-12-08,2024-12-09
LTC,LdWS4e9vkZkNkWmCdQtmngzUyXqj1bVAuZ,1,0.07890247,10.56,1,0.07890247,10.64,2024-12-08,2024-12-09
LTC,LXZUCTmkzUSr1RSofkAeiPpdsyHKjw1eAH,1,0.05447963,7.29,1,0.05447963,7.35,2024-12-08,2024-12-09
LTC,LRpdvgbNcEonFp4FbbEZRqjVavqv9nqyPN,1,0.17419894,23.68,1,0.17419894,23.5,2024-12-07,2024-12-09
LTC,LYRgVefLekLsUXMPKinTc5JoZ4UHyj2Zti,1,0.27489397,36.78,1,0.27489397,37.09,2024-12-08,2024-12-09
LTC,LRuchVoERHJpDbGCDQwdvidUj9Dj4rscrY,2,0.87848999,119.42,2,0.87848999,118.78,2024-12-07,2024-12-09
LTC,LceFnQqvjGJLwtBYQkZQAydhakJnLEsdDz,1,0.1374,18.38,1,0.1374,18.54,2024-12-08,2024-12-09
LTC,LXfeox2r9VKUjR23Kv1NUcB96q9jL93dtx,1,0.44371785,60.32,1,0.44371785,59.86,2024-12-07,2024-12-09
LTC,LYonChymHUoa8pUzy9X4YoiMTMSpgXMZTQ,1,0.14342312,19.19,1,0.14342312,19.35,2024-12-08,2024-12-09
LTC,LVhF9Fvfz5v3e8f5GvhxZeyQNi74C1ZdAB,1,0.10473897,14.24,1,0.10473897,14.13,2024-12-07,2024-12-09
LTC,LhfndEE6iyBMpFXBnxeibhBdNMY3SVxhMA,1,0.31130877,42.32,1,0.31130877,42.0,2024-12-07,2024-12-09
LTC,LU3BhKhxq5bErrhfzF2ksJa8eBW4E6Wv2U,1,0.30123039,40.95,1,0.30123039,40.64,2024-12-07,2024-12-09
LTC,LSDAfv4eis6L9m8RqgYzJt2UXbCxSsi7cn,1,0.11960886,16.26,1,0.11960886,16.14,2024-12-07,2024-12-09
LTC,LLUkn1uavJ4Y9VqWjcV7Ep5GV9bdmqob8C,1,0.1999,26.97,1,0.1999,26.97,2024-12-09,2024-12-09
LTC,La4nQETiZVYVaxARZC5ym9BvkN5f7tAQtv,1,0.0854,11.43,1,0.0854,11.52,2024-12-08,2024-12-09
LTC,LRXx7953Ay1UZGrRDdYhZ2U11VGXncpVXi,2,0.45025537,55.86,2,0.45025537,56.02,2024-12-02,2024-12-09
LTC,LiHaGhCVXiwBb6rsTp9LfoEgU8FRktsWZi,1,0.11062115,15.04,1,0.11062115,14.92,2024-12-07,2024-12-09
LTC,LTzPbeuSzCyR8MRJ5tgP4Y6PAGHGiK1pP4,1,0.61704102,83.88,1,0.61704102,83.25,2024-12-07,2024-12-09
LTC,LST47LMaMEXoQTaxNvdYoB9pMCpLWpfsNL,1,0.20549435,27.72,1,0.20549435,27.72,2024-12-09,2024-12-09
LTC,LN48UCq6Tw1TBMxgekvmPgSXGRArZEhFm9,1,0.16387564,22.28,1,0.16387564,22.11,2024-12-07,2024-12-09
LTC,LKcqHrfaBKTpsWhbVfep2Ecndg2CyfUyTh,2,0.67227574,61.6,2,0.67227574,61.38,2024-10-23,2024-12-09
LTC,Lhfs1SsNnyn3WtwG1KjEmmkhmxohM5YfNe,1,0.06718067,9.13,1,0.06718067,9.06,2024-12-07,2024-12-09
LTC,LcUekpnGN9dUPUqRX15ava6j8V18GZh124,1,0.1943258,26.0,1,0.1943258,26.22,2024-12-08,2024-12-09
LTC,LXntvEgRjEhEqrA4DUGHUnysR63F6sC2Um,1,0.37532108,51.02,1,0.37532108,50.63,2024-12-07,2024-12-09
LTC,LY3d1GrmxzdoUvPykgU5BqmYvJ2XURAkom,1,0.13844277,18.52,1,0.13844277,18.68,2024-12-08,2024-12-09
LTC,LYJNrEiJxDBcEPgcSNWzxBEG8mPY5DAE3K,1,0.7263,98.73,1,0.7263,97.99,2024-12-07,2024-12-09
LTC,LaBefTE648BscjMyfJkpAfzvJ2XGBQ4Jn5,1,0.1399,18.87,1,0.1399,18.87,2024-12-09,2024-12-09
LTC,LaxcSi4d8V6jRqk7zEyB3j464fxr8Q1pZF,1,0.14022851,19.06,1,0.14022851,18.92,2024-12-07,2024-12-09
LTC,LWdyiWDQhzzsrDh3sJ5f8bvPB1MvmPqCay,1,0.28248573,37.79,1,0.28248573,38.11,2024-12-08,2024-12-09
LTC,LPkyCPtcKyHg5aUh2M4bKNuBdEkCn8FUDD,2,0.934118,125.88,2,0.934118,126.54,2024-12-04,2024-12-07
LTC,Lh6wFtqJvAMcXGjUJwhym6a6FEfTBKCtTL,1,0.13248456,17.99,1,0.13248456,18.01,2024-12-06,2024-12-07
LTC,LUvgM7YUvnsHa1t23S4JwjTPdCcRjZQjCz,1,0.20074865,26.84,1,0.20074865,27.29,2024-12-05,2024-12-07
LTC,LetKkXztTeLFG1fiho6eBBqUEpc7HqoEba,1,0.20502048,27.41,1,0.20502048,27.87,2024-12-05,2024-12-07
LTC,LLReFcGndbWDccCqmse6k7YmMDNfmuVoz7,2,0.17723474,23.69,2,0.17723474,24.09,2024-12-05,2024-12-07
LTC,LKGdDDNTecYRoMHQ9yvUFNDoUHoywPcwzt,1,0.21472483,29.19,1,0.21472483,29.19,2024-12-07,2024-12-07
LTC,LTLJGJBfpvS15Zk7AoMiks9cKN9DkRtgkW,2,1.87941646,237.13,2,1.87941646,248.01,2024-12-01,2024-12-07
LTC,LUkfm41B656q89bcTmExUjX3hLcNZVjJBi,1,0.076385,10.38,1,0.076385,10.38,2024-12-07,2024-12-07
LTC,LbzvyqjqWXPUcCmDWCRh2rJ5tEeWXMovx5,3,1.68080966,226.64,3,1.68080966,228.49,2024-12-05,2024-12-07
LTC,LPQ1qq4iKEfXhCdFMCikdhJU8w8VXkvjZc,1,0.217,29.47,1,0.217,29.5,2024-12-06,2024-12-07
LTC,Li3R3FDvozojTG3P5NzZFhqf9iSHxTvfjT,1,0.19994708,26.73,1,0.19994708,27.18,2024-12-05,2024-12-07
LTC,LWrgKQuzTiAGmmwSMqWsN8Z3YwwR56Q7nM,2,0.29920248,40.46,2,0.29920248,40.67,2024-12-05,2024-12-07
LTC,Ld5kFz3nj31jYiSPZStmrphdR7kpYdzCVG,2,0.6749,88.03,2,0.6749,89.01,2024-12-05,2024-12-14
LTC,LXoCTmb7o3QBWQckPH2291EeckudfRefT2,1,0.10347044,13.83,1,0.10347044,14.07,2024-12-05,2024-12-07
LTC,LKrqu1BELv45JF1pqdZ3YZtFKzmcyEnjnv,1,0.7999,108.74,1,0.7999,108.74,2024-12-07,2024-12-07
LTC,LXMWzUZbm6FvYRkeUZSkwca9YafvctJWNA,1,0.4979,66.56,1,0.4979,67.68,2024-12-05,2024-12-07
LTC,LiQcdeCpLeTc63ti35eXoPbqpuHZR2B2Tr,1,0.16,21.73,1,0.16,21.75,2024-12-06,2024-12-07
LTC,LZDybDnhKpbSZ4GWye2Zx7641WvmxfsWMM,1,0.2088763,28.36,1,0.2088763,28.39,2024-12-06,2024-12-07
LTC,LVZKd6xy2fBUFEQhGw5BSFdK2ZzwNNmdWV,1,0.17533328,23.44,1,0.17533328,23.83,2024-12-05,2024-12-07
LTC,LhyX1SFnR4FwuGH5TcehkMxnjQuCozMG6u,1,0.543356,72.64,1,0.543356,73.86,2024-12-05,2024-12-07
LTC,LcpG7kEFCQ8zq8Y7iyNvKZks4wtPAfQT8S,1,0.31541427,42.83,1,0.31541427,42.88,2024-12-06,2024-12-07
LTC,LX9vmWGCMqdAKg2dWZWMnRp1NtLGW6JeXk,1,0.20060776,27.24,1,0.20060776,27.27,2024-12-06,2024-12-07
LTC,LSzSqJvk5TiGrocw5rwch7Rcctg6u9cSFx,1,0.1413,18.89,1,0.1413,19.21,2024-12-05,2024-12-07
LTC,LKNeo91fjruNkj1Gwzorh3DYHvoGE4bsmx,1,0.3569,48.46,1,0.3569,48.52,2024-12-06,2024-12-07
LTC,LU4XVfwfxKbWscu9AbxU1TGczi4cYTdkQw,1,0.10859737,14.75,1,0.10859737,14.76,2024-12-06,2024-12-07
LTC,LUBtJWsyTM1g6pci9zJHYeHo5S87QewgZE,1,0.3,40.74,1,0.3,40.78,2024-12-06,2024-12-07
LTC,LenTPYtmAUdYzWrK8nZDbAwdp1Hj9FdUAc,1,0.15339632,20.83,1,0.15339632,20.85,2024-12-06,2024-12-07
LTC,LcUZcBGNau1EipBwBzY4srgFJBjFXMhH8G,1,0.3,40.74,1,0.3,40.78,2024-12-06,2024-12-07
LTC,LgYvVdya7Z2QgoBVCmcWHAh5uPhdxPvS7N,1,0.15288402,20.76,1,0.15288402,20.78,2024-12-06,2024-12-07
LTC,LQRQMJdCN4c7vpB7vzogczhjhCzS4brqiv,2,1.19906665,145.87,2,1.19906665,145.52,2024-12-06,2024-12-11
LTC,LcT6UsxV9BiG3Dosvd4kdDH3TrQT4D87WD,2,1.47788161,197.58,2,1.47788161,199.39,2024-12-05,2024-12-07
LTC,LZSKw9udZGDai6U2QCojpzryVVdMeVJYLH,1,0.02210433,3.0,1,0.02210433,3.0,2024-12-06,2024-12-07
LTC,LKWpE8Ps47SVLxmxRhqnEP3gbg7sTNoyWt,1,0.22503127,30.56,1,0.22503127,30.59,2024-12-06,2024-12-07
LTC,LNHeBCGZnredEkMQ9ppys3F1gmNV1YfzGZ,1,0.208736,14.98,1,0.208736,14.98,2024-10-31,2024-10-31
LTC,LUTAbCpf4r7yNT9dGZdfSYMVjZbNctUsSU,2,3.34420543,279.16,2,3.34420543,275.69,2024-10-30,2025-03-19
LTC,Lgd1NRZsimPMhnfK1tRGYFtPs2AtnunRqz,1,0.6999,51.79,1,0.6999,50.22,2024-10-30,2024-10-31
LTC,LNXuQRjmWENWy4ys5nMDumLQoT1X3NMzKj,5,0.69009427,88.13,5,0.69009427,89.09,2025-02-13,2025-02-16
LTC,LZqBAhpjxxbHGYEDK6WhSRj7deKzZvEvHH,1,0.30211841,37.73,1,0.30211841,37.73,2025-02-15,2025-02-15
LTC,LUgKEFUWdPEJMPnQ4zksZVhB5KjLNJUtPp,1,0.85340159,106.59,1,0.85340159,106.59,2025-02-15,2025-02-15
LTC,LcUtdKy8Uz8kjmGyKoAAameHRhQhYdVsNh,12,3.36923211,370.33,12,3.36923211,374.82,2025-02-05,2025-02-15
LTC,LPemLSTJbaWKksZFx2ZQVF4kN3PpPEzXQj,1,0.20996368,24.44,1,0.20996368,24.44,2025-01-24,2025-01-24
LTC,LhgpP2jEUR2G8jzTiQnu7KHDeAFoNQcmtn,1,0.08,9.31,1,0.08,9.31,2025-01-24,2025-01-24
LTC,LeLCycxmT3vysFGP6968GeeRoipSjNpjB1,1,0.12535629,14.46,1,0.12535629,14.59,2025-01-23,2025-01-24
LTC,LWDwec4MgeHbR6RH1MFEgDqy2UxQyDKxtt,1,0.37436837,43.58,1,0.37436837,43.58,2025-01-24,2025-01-24
LTC,LYMWb8rRd2WHrZEwQ4RUrWdwd9tki5kjFU,1,0.51756958,59.72,1,0.51756958,60.26,2025-01-23,2025-01-24
LTC,LNGcu3KoxZEqj44fcY6GY7YAyn7Q14tV7b,1,0.2878346,33.51,1,0.2878346,33.51,2025-01-24,2025-01-24
LTC,LTf6a9Scs8s5QcYM1YPAFFs3Xh975A6RW8,1,0.42982015,49.59,1,0.42982015,50.04,2025-01-23,2025-01-24
LTC,LRk7onAB33V59bEVi2H7SHvmq33iQ5u8QK,1,0.1836023,19.89,1,0.1836023,20.16,2024-12-25,2024-12-26
LTC,LLrbSvN7Wrsug3QYKiTNyqYmbAf6Xz8kDn,1,0.25390935,27.51,1,0.25390935,27.88,2024-12-25,2024-12-26
LTC,LWCXZ88gSrc75cf6mL76HbutJj4KFXiT9S,3,0.26773247,29.09,3,0.26773247,29.4,2024-12-25,2024-12-26
LTC,LMi9TZ8CG5vPJ7cHnzsFmsRfzTqZFxqncR,1,0.2701428,29.67,1,0.2701428,29.67,2024-12-26,2024-12-26
LTC,LKnEgz8w12BmbZEYtc58NQKgZPnHdh53rw,1,0.1513652,16.4,1,0.1513652,16.62,2024-12-25,2024-12-26
LTC,LdWMVPdi2i4NTq1epk43GAs8MdshqrLDbu,2,0.22047568,23.89,2,0.22047568,24.21,2024-12-25,2024-12-26
LTC,LczWqCF3YqUfVWXJxA7pv294qGQUTBBLzH,1,1.25208219,137.5,1,1.25208219,137.5,2024-12-26,2024-12-26
LTC,LWGsrHkXdNSpDxPLiYBQudJUmUjVpoo14s,1,0.19331645,20.64,1,0.19331645,21.23,2024-12-24,2024-12-26
LTC,LXQcfeXjnr3iuFg3rcHA7zdC3TQjzQUpo3,1,0.3012965,32.17,1,0.3012965,33.09,2024-12-24,2024-12-26
LTC,LRiqBcC8YgVpti7Wubhza4CRy9fvxjdY86,2,0.42015532,45.07,2,0.42015532,45.27,2024-12-24,2024-12-26
LTC,LWzNH1agC2sQz3hkpHQDRvSfrSXthKqDjr,1,0.11509221,12.29,1,0.11509221,12.64,2024-12-24,2024-12-26
LTC,LbzB3tUh8DTDh3Y11isdd6Pit2Dih5cDFo,1,0.40426924,43.8,1,0.40426924,44.4,2024-12-25,2024-12-26
LTC,LMpDSx4HVE68HtkATNG9z2HADVyaC2Wn2Q,1,0.18421521,20.23,1,0.18421521,20.23,2024-12-26,2024-12-26
LTC,LMgjzC1AEray4uSS7s5YuhmDXYtyHg6LSh,7,5.74005314,617.23,7,5.74005314,621.64,2024-12-24,2024-12-26
LTC,LhtPGBiBXS6sWpzn4n32JsFDd4CoY2WZWf,2,0.75013503,69.68,2,0.75013503,70.23,2024-12-25,2025-04-21
LTC,LXyKrn6NzTrtocHKy6tksHwivTXc47MoAT,1,0.9989,106.64,1,0.9989,109.7,2024-12-24,2024-12-26
LTC,LiQWmQhh3oMoQVgh5W8v7Cj7vGbkCgMYrS,2,0.15142297,16.41,2,0.15142297,16.63,2024-12-25,2024-12-26
LTC,LWyMZwc6T35M8J5cwxeRGDcykW4WQ1P57q,4,0.70499584,76.38,4,0.70499584,77.42,2024-12-25,2024-12-26
LTC,LN4WXcQUoZtSFzHvrK7iZXFaTJtA4zP74F,1,0.25703974,27.85,1,0.25703974,28.23,2024-12-25,2024-12-26
LTC,LgLnQipRQMT2cnBZ97bHLe3qxNK9aKhjmJ,1,0.75048115,82.42,1,0.75048115,82.42,2024-12-26,2024-12-26
LTC,LR5fHh1HAKMt7BaBWtvjCZ9RDLKamDWS7q,1,2.034863,220.46,1,2.034863,223.47,2024-12-25,2024-12-26
LTC,LNWaBMKBVSHMhnPiHbWWEsUWuDueWeL2BD,2,0.40409748,43.14,2,0.40409748,44.38,2024-12-24,2024-12-26
LTC,Lhra5X1fWy6KENgq859XEvWfGx9FQHwkaH,1,1.1386418,125.05,1,1.1386418,125.05,2024-12-26,2024-12-26
LTC,LT3eNqAsCv79984oZwrfcFDuW2mfYwohfS,1,0.65376938,71.8,1,0.65376938,71.8,2024-12-26,2024-12-26
LTC,LdRrUcrYnv94hXe18vaoY2uUHMvAGy7tzh,1,0.95773036,105.18,1,0.95773036,105.18,2024-12-26,2024-12-26
LTC,LXsKtwXZfyfSb4Hz9dXSHULbanhaaYMMqP,1,0.54703418,59.27,1,0.54703418,60.08,2024-12-25,2024-12-26
LTC,LY8VukFjhUAxJcsfeZf6H3RUkLYj5zM6JM,1,0.47564536,52.24,1,0.47564536,52.24,2024-12-26,2024-12-26
LTC,LZWaqcZNi5CKiNf2AE6btrW5eKWsLLfEVd,1,0.83286176,91.46,1,0.83286176,91.46,2024-12-26,2024-12-26
LTC,LbhMNwHkt7LAMzacUfzcFsuDGs2jGLRGUR,1,0.1799,16.7,1,0.1799,17.5,2024-11-27,2024-11-28
LTC,LXf95r1wHga6nXmYJwUvMPWsaYHEzq6mba,1,0.20627986,19.15,1,0.20627986,20.06,2024-11-27,2024-11-28
LTC,LWyCNxmzJm7svoFGLyZpwfLEsoG2ELkKcY,1,0.87770187,81.47,1,0.87770187,85.36,2024-11-27,2024-11-28
LTC,LLTAFcXFPACWn18VDGdBvstexM8aQZ8dDo,1,0.2174956,20.19,1,0.2174956,21.15,2024-11-27,2024-11-28
LTC,LhCuyrUXmaZyagzux9tCbmC6mHb4xVm94q,2,0.34869823,32.16,2,0.34869823,33.91,2024-11-26,2024-11-28
LTC,LTYc4TMEqtYYhoBCH8XqtH4H2JS6fiaD1S,1,0.2603703,24.17,1,0.2603703,25.32,2024-11-27,2024-11-28
LTC,LLFW3BTUyBHtCjsjKyKcARhSLWngV76ZFg,1,2.0953187,194.49,1,2.0953187,203.77,2024-11-27,2024-11-28
LTC,LcrWEFB1fEsURcz4icfPL2eUJMARnLcRU7,1,0.22749342,21.12,1,0.22749342,22.12,2024-11-27,2024-11-28
LTC,Le3yNMsAG9NkFQVK46WL1K6mmoydg6fUGj,1,0.26954195,25.02,1,0.26954195,26.21,2024-11-27,2024-11-28
LTC,LdJo5MvDU2iMN5uQJNQKnfrvMBf2a8qcz5,6,0.9017192,89.7,6,0.9017192,89.86,2024-11-25,2025-05-13
LTC,LV4V1ErgmRgKqv9n8YmdksAG7NoGvvjZWh,1,0.31464979,29.21,1,0.31464979,30.6,2024-11-27,2024-11-28
LTC,LVriqJxMUwZWr6BJHnktaMDiCc7KHVC41t,1,0.17952756,16.56,1,0.17952756,17.46,2024-11-26,2024-11-28
LTC,LKnaZvK8MGfNzK6GrqDGTSeAwtpWbY41FC,3,0.70087372,64.21,3,0.70087372,65.89,2024-11-22,2024-11-28
LTC,LRrWAxQkavbWcmqaG9SeACvQ4iChgbp83h,1,0.40423662,37.52,1,0.40423662,39.31,2024-11-27,2024-11-28
LTC,LMceGhkqSpksDBHFRJ79yWbGT1NLxnfHmU,3,2.59320961,240.7,3,2.59320961,252.19,2024-11-27,2024-11-28
LTC,LKJZcdqgc1tFBzkYG6wCK5ZHpdwhKSNG7D,2,0.986,91.32,2,0.986,95.89,2024-11-26,2024-11-28
LTC,LeVKEeK1vEMhncMevDYjeSgX8GfRSQujF6,2,0.43001381,39.49,2,0.43001381,39.99,2024-11-27,2025-03-24
LTC,LLPjUXCwzQtLFRBDnnayTUckhaBECpw7Fe,1,0.26649435,24.58,1,0.26649435,25.92,2024-11-26,2024-11-28
LTC,LL1njWrutTSPiCQCknE1zoxaX72i4eCqBG,1,0.51807161,48.09,1,0.51807161,50.38,2024-11-27,2024-11-28
LTC,Lhp5v1Ydgkuv4aPP8dGkBJU4BgnmReGem8,4,0.57364599,50.59,4,0.57364599,51.99,2024-11-26,2025-05-06
LTC,LgMcyXMn89zu7JbxdH8zsGi6StjpuLCd5t,2,0.6405743,59.46,2,0.6405743,62.3,2024-11-27,2024-11-28
LTC,LWxVkjsoYcZY3D9MUoNjaneDyupm9ukovW,1,0.2217096,20.58,1,0.2217096,21.56,2024-11-27,2024-11-28
LTC,LRZXhoe8mcuBhh5UYLQpRCAaA1Rksykmas,1,0.12914057,11.99,1,0.12914057,12.56,2024-11-27,2024-11-28
LTC,LYRbJbwwxFMSZNz79ZoRv8kmyQYJRaV5s7,1,0.140759,12.98,1,0.140759,13.69,2024-11-26,2024-11-28
LTC,LNqPav1TB9dkr1hV18TwyXfCb5nAm5x2CU,2,0.19714639,18.18,2,0.19714639,19.17,2024-11-26,2024-11-28
LTC,LLwttFuByhLWwLDZVrMeFgCJ6dqrP2XAvv,1,0.90093478,83.62,1,0.90093478,87.62,2024-11-27,2024-11-28
LTC,LbQ5VRgUYTSVLZywd3gRQqsnRd2xrGTPhj,1,0.32043336,31.16,1,0.32043336,31.16,2024-11-28,2024-11-28
LTC,LexxeNKXti5bCpaoM3fjuL5G6HYXHKABqg,1,0.2447,22.57,1,0.2447,23.8,2024-11-26,2024-11-28
LTC,LYV4RrFartSTCAramvwxNC36npedqxYnfE,1,0.2129,19.64,1,0.2129,20.7,2024-11-26,2024-11-28
LTC,LNUL9hR7NAFfZr48qpKo33Qtib1W7pppuX,2,1.31959801,121.71,2,1.31959801,125.26,2024-11-26,2024-11-28
LTC,LhXF72fJbtAHwwpbmSaMsf78PSZEAGGVE6,1,0.0869,8.01,1,0.0869,8.45,2024-11-26,2024-11-28
LTC,LVrJnWer8gbLw7Xx2ReT8Ms6rfuXigjSqq,1,0.53829719,49.65,1,0.53829719,52.35,2024-11-26,2024-11-28
LTC,LZqaPDJ9hZxadaKND5Bzg9bTbVA7v4kMWT,1,0.16728979,15.53,1,0.16728979,16.27,2024-11-27,2024-11-28
LTC,LZ1rKyN9kRxTZPhNXJkerWt37UKbtXoepB,1,1.0,92.82,1,1.0,97.25,2024-11-27,2024-11-28
LTC,LPwnxeggoZ1Es6NVKzxe16NuxNjaXWwvjt,1,1.4127775,130.3,1,1.4127775,137.39,2024-11-26,2024-11-28
LTC,LNKtUd2f57qjvmMTq8iHvr5faZiBU6EpYr,1,0.98629568,91.55,1,0.98629568,95.92,2024-11-27,2024-11-28
LTC,LdBvjYE5LVWuTsL1s56c7FS8LqHj4H2mCp,2,0.44065263,33.96,2,0.44065263,33.96,2024-10-15,2024-11-20
LTC,LNpPcxy2hh8GgJ869L98pHdhfHFRBbzkGM,1,1.47562055,127.89,1,1.47562055,127.89,2024-11-20,2024-11-20
LTC,LdhRC8BjUWMRH1rzybJew899sJozKUhXka,1,0.11542002,10.0,1,0.11542002,10.0,2024-11-20,2024-11-20
LTC,LfdecnV4bbSvJWeB8VaUk9g3gBpHDhfPES,1,0.25449197,22.7,1,0.25449197,22.06,2024-11-19,2024-11-20
LTC,LgCB9y6cd6VpudP38EVKzCGUoCs1xuY8Kd,2,1.27957134,114.15,2,1.27957134,110.9,2024-11-19,2024-11-20
LTC,LSKhQWp5QvESKaWgAnBNZfr3VMtgSjmnvz,1,0.46585936,41.56,1,0.46585936,40.38,2024-11-19,2024-11-20
LTC,LV5h5665fe9rG6vX6HarexhzhrE4tfSLiU,1,0.25186033,22.47,1,0.25186033,21.83,2024-11-19,2024-11-20
LTC,LcFSmaXN1aKzyzxc2hYBz7ztgHCADRJmbf,1,0.57525671,51.32,1,0.57525671,49.86,2024-11-19,2024-11-20
LTC,LcLyuvdWMKbj3KDKqzpw9zeRGdjFUjfxwu,1,0.5999,53.52,1,0.5999,51.99,2024-11-19,2024-11-20
LTC,LU8kSnF3ZcMHeRpoZszPwvFLeDcAMJ1r7Q,1,0.5806585,50.33,1,0.5806585,50.33,2024-11-20,2024-11-20
LTC,LY22utRsPQrhH2D9A7diSRMW7UPmr3LvHr,1,1.0599,91.86,1,1.0599,91.86,2024-11-20,2024-11-20
LTC,LbQkNsauG8qFX4rKuvfRqGXumwU3sT79Wi,2,0.27576636,26.0,2,0.27576636,26.14,2024-11-20,2025-03-06
LTC,LhrPgSYvd76uxJYEsLMurha15Qq9xo2rCw,1,0.3538458,31.57,1,0.3538458,30.67,2024-11-19,2024-11-20
LTC,LcNgtrkJyTULa7XYUDPun8j3novmGG2m4h,1,0.32070192,28.61,1,0.32070192,27.8,2024-11-19,2024-11-20
LTC,LLuHrmZ8QLbzxahb3xhrvjwzRaKRFH3EV7,1,0.17295303,14.99,1,0.17295303,14.99,2024-11-20,2024-11-20
LTC,LMrM9VdRVYGYWt8whqH49AZEnTi5eEN7q3,1,0.14353329,12.8,1,0.14353329,12.44,2024-11-19,2024-11-20
LTC,La23AQsUdhDKDJbk9LxEkA7afVYdiMJhYt,1,2.5748756,212.09,1,2.5748756,212.09,2024-11-15,2024-11-15
LTC,LhxXvV7gNamxbLbSE13S29iRRzDRfQ6nVq,1,0.31452713,25.91,1,0.31452713,25.91,2024-11-15,2024-11-15
LTC,LLK1LzXNFVLyJbTGykvMsUKnH1mkSGsHMr,1,0.70111529,57.75,1,0.70111529,57.75,2024-11-15,2024-11-15
LTC,LhnvMoCETeansshEoft815i9wHEDFEC5Lj,1,0.1669,13.75,1,0.1669,13.75,2024-11-15,2024-11-15
LTC,LS8G8Gq4UJTQkefZC1LRCXqV3DjZHQnu5f,1,0.31991,26.35,1,0.31991,26.35,2024-11-15,2024-11-15
LTC,LiZH4BUQViRHgSthkPLZJaeBz1bZpdU7Dc,1,0.5999,49.41,1,0.5999,49.41,2024-11-15,2024-11-15
LTC,LVX7NUzG2PH4oTCy2pciKJQUyMBsyTer95,1,0.26288761,20.13,1,0.26288761,20.13,2024-11-11,2024-11-11
LTC,LZafiKhQ96jZxUmeBUyuTeAQgdaHMVwyo9,1,0.10941812,8.38,1,0.10941812,8.38,2024-11-11,2024-11-11
LTC,LZAAtehKuXagXcrXhgpLWPRCXZhDx9g4Bg,1,0.17602765,13.02,1,0.17602765,13.48,2024-11-10,2024-11-11
LTC,LbhRVodGYzNKTipy9D8cNzhHAsR9F5dgMG,1,2.54392896,194.81,1,2.54392896,194.81,2024-11-11,2024-11-11
LTC,LVwdsx63H2fBF9Fgrfv8EdHyD9QiosaAet,2,0.63201802,59.84,2,0.63201802,59.84,2024-11-11,2024-12-24
LTC,LNyFxruY1Xit9C7i3BrK5nb6N9rf1foTHb,1,1.8999,140.55,1,1.8999,145.49,2024-11-10,2024-11-11
LTC,LYBbQ6BNdSTgMWis3VZxq5ftFmqNfy977k,2,1.54670333,114.43,2,1.54670333,116.39,2024-11-10,2024-11-11
LTC,LgeKA9xsvYKzLVG9kDx69edTCabKtz6x62,1,1.58305678,121.23,1,1.58305678,121.23,2024-11-11,2024-11-11
LTC,LUViP8qc13sNPaqEJzqybbqXkqzk2H5gFX,1,0.19564,14.98,1,0.19564,14.98,2024-11-11,2024-11-11
LTC,LhjFX324tTaYW58DCHHAACHbPk8DGo2nGc,1,0.37977312,29.08,1,0.37977312,29.08,2024-11-11,2024-11-11
LTC,LRmrwdxSJ97tyhf876N7mu1iwgqsSewQUH,1,0.13528808,10.36,1,0.13528808,10.36,2024-11-11,2024-11-11
LTC,LZpFx3pnRpPPuMR1mn8HCPcmCRCrQ5X8Hs,1,0.541,41.43,1,0.541,41.43,2024-11-11,2024-11-11
LTC,LPEsB2sKg52PKPEDsk2LTzwd5e6kzLcjPP,1,0.90463111,69.28,1,0.90463111,69.28,2024-11-11,2024-11-11
LTC,LVvmuQr4Q8HuZvxFmFRvefiWHG3WVmVcZ4,1,1.08937152,83.42,1,1.08937152,83.42,2024-11-11,2024-11-11
LTC,LMKbLrW2UQCupYCH4HWA8UecFjRJn2S2K9,1,0.17857483,13.68,1,0.17857483,13.68,2024-11-11,2024-11-11
LTC,LevXDBsxysdzFGSiNyYyqV47paV3PBZ6a9,1,1.07955073,82.67,1,1.07955073,82.67,2024-11-11,2024-11-11
LTC,LUGQxYTnPxsBtqzizDqZHtPwqPuxg6CrTK,1,0.23152236,17.73,1,0.23152236,17.73,2024-11-11,2024-11-11
LTC,LfnNh4dbpWWhCBYYN6v3XEAkQsW9qYCJ6x,1,0.11489777,8.05,1,0.11489777,8.05,2024-10-23,2024-10-23
LTC,LNnn5VGDvfsvGMHKP5FxW2eTq4NyNj1aEG,1,0.8068356,56.5,1,0.8068356,56.5,2024-10-23,2024-10-23
LTC,LctwDpvfJ7bQqLCwymNPWW6qgKV4KYjSnF,1,0.34542323,24.19,1,0.34542323,24.19,2024-10-23,2024-10-23
LTC,LX6QApjXt2pM9w1DcofaRsd2YQcAo597gk,1,0.29539578,20.69,1,0.29539578,20.69,2024-10-23,2024-10-23
LTC,Lh4hp5XUzgEDAkzCcqZMg27GbmFD8tHX8M,2,0.34904843,24.44,2,0.34904843,24.44,2024-10-23,2024-10-23
LTC,LNQqyGuhpQ3587aPbF55BYRkR66iPnk63f,1,0.27699852,19.4,1,0.27699852,19.4,2024-10-23,2024-10-23
LTC,Lh7eTxBtyNaDNUF58NmHdJeTpUxZp9KrtP,1,0.39329934,27.54,1,0.39329934,27.54,2024-10-23,2024-10-23
LTC,LctAuRmGGL7ZzBbveBtQAAxQXWk58qr5k5,1,0.24649726,17.26,1,0.24649726,17.26,2024-10-23,2024-10-23
LTC,LRehGzvDq3EeCoHbqFtijnUJWgRCe7J1zZ,1,0.16247499,11.5,1,0.16247499,11.38,2024-10-22,2024-10-23
LTC,LZWEMRQrJiYyZASvFVDUAc19RQE7BKhTeu,1,0.12892022,15.41,1,0.12892022,15.41,2024-12-02,2024-12-02
LTC,LgzbqtLaPMUX7RExYYu2yrjJQrzxogDCHm,1,0.71889075,85.96,1,0.71889075,85.96,2024-12-02,2024-12-02
LTC,LPAqy1xJjJtt9oSm67qrgWJUf1LNpGfHu7,1,0.61040124,72.99,1,0.61040124,72.99,2024-12-02,2024-12-02
LTC,LREH5xjGCydrvq5arx9ecN7EpBzKtfA5HC,1,0.09652238,9.92,1,0.09652238,11.54,2024-12-01,2024-12-02
LTC,LRjSYefWXSshgy5YtKFZfRwKUdNZqpj8qY,2,0.19046654,20.9,2,0.19046654,22.77,2024-12-01,2024-12-02
LTC,LKzyn11KeUzuMsvRb4yqxCqiBQ8nNFVUXR,1,0.22822758,23.45,1,0.22822758,27.29,2024-12-01,2024-12-02
LTC,LP5eG33GBEEUpzfiqCT7DabSgk6MEXADu9,1,0.09104453,9.35,1,0.09104453,10.89,2024-12-01,2024-12-02
LTC,LU5f28nV7mNZzuuTKaJNq2wEpyDy3PPF2W,3,0.68147485,68.01,3,0.68147485,70.0,2024-12-02,2025-05-02
LTC,LTSqWqvM9PuCGQfw2zHdT3pqKz5NBrKnim,1,0.17007873,17.48,1,0.17007873,20.34,2024-12-01,2024-12-02
LTC,LbQ2RyizTvN3qzprrLadvqnH3xe3gyMVg3,1,0.2572385,26.43,1,0.2572385,30.76,2024-12-01,2024-12-02
LTC,LP1zmG4Z9PYRQ2YCgmHdH7GsTYCX3PeKec,1,0.49692511,59.42,1,0.49692511,59.42,2024-12-02,2024-12-02
LTC,LQEJxX1Ma5UkG3sP8dtzaqafrUqYArzoSM,2,0.05778614,6.61,2,0.05778614,7.25,2024-12-01,2024-12-05
LTC,LTAYgfMvxxyJTosDgqf4yioSZ5rDR8CDrK,1,0.26060275,26.78,1,0.26060275,31.16,2024-12-01,2024-12-02
LTC,LXdaMvtaC5fW7XvGNjeSXoMdhyBDJtthaL,1,0.11659661,13.94,1,0.11659661,13.94,2024-12-02,2024-12-02
LTC,LY7p9WHPePbUcE4c6rS3wZHi7sAu91AfjV,1,0.08062818,9.64,1,0.08062818,9.64,2024-12-02,2024-12-02
LTC,LR9GChcL98ra1fStDT1c2AafLDJX6VGEJR,1,0.269,27.64,1,0.269,32.16,2024-12-01,2024-12-02
LTC,LbFmLbaa5r9BZT86V7T17TN7dm23x5gFbW,1,0.13981907,14.37,1,0.13981907,16.72,2024-12-01,2024-12-02
LTC,LNxswGa35vEUbi8hdCbJp2SNCwW8du2zdN,1,0.41326831,42.46,1,0.41326831,49.41,2024-12-01,2024-12-02
LTC,LdzYYv3tTXzC1vWmTM1d8VQTm82eLxwKqw,1,0.3057,31.41,1,0.3057,36.55,2024-12-01,2024-12-02
LTC,LQv4qjjGzVRcKG3SViVKosAxrNVCi3wAa2,1,0.10149047,10.43,1,0.10149047,12.14,2024-12-01,2024-12-02
LTC,LQ7ATGb2PhASprrNXNnayQMPNDdcnAtR1U,1,0.2299,20.58,1,0.2299,20.58,2024-11-22,2024-11-22
LTC,LXvYDmLtMZ8A5Udwvyd9Yjtx1fEb9p1yM3,1,0.2199978,19.69,1,0.2199978,19.69,2024-11-22,2024-11-22
LTC,LQLKzxpu7x6yfV3UmmAZUyobWmy42TmNgx,1,0.30921458,27.68,1,0.30921458,27.68,2024-11-22,2024-11-22
LTC,LQju1akME8ssMKrdVpfBasuyTewB8cfBP9,1,0.17630252,15.78,1,0.17630252,15.78,2024-11-22,2024-11-22
LTC,LQpPEdW3bfuvs7WB1nSzeasp1Qkmrb5GpN,1,0.2799,25.05,1,0.2799,25.05,2024-11-22,2024-11-22
LTC,Lfq2PEKb5Uf17ZXL75guBnCW3nqzmqEGbx,1,0.55029666,49.26,1,0.55029666,49.26,2024-11-22,2024-11-22
LTC,LW8pbkuSFLgwEz1NcR3bfUDNyKHkW8m5gi,1,0.2313065,20.7,1,0.2313065,20.7,2024-11-22,2024-11-22
LTC,LaUFa9R3P7NvcCMwTmBAyUyUDCLuYQkLUc,1,0.84587806,75.71,1,0.84587806,75.71,2024-11-22,2024-11-22
LTC,Lbmfag9QDMuJFnKLeh8CGFff4PHkgfpxq5,3,0.4661848,41.59,3,0.4661848,41.59,2024-11-19,2024-11-19
LTC,LSJ2BayaQahFn4ugYGXFnqikWKq5zKK8BE,1,0.23046119,20.1,1,0.23046119,20.56,2024-11-18,2024-11-19
LTC,LWgANxb9CVoyVKwZSYgTmpNxBy4j3SEK9P,1,1.35318201,118.0,1,1.35318201,120.72,2024-11-18,2024-11-19
LTC,LWLXALCoL5tapVcgwy3VbYQvggkis34VxW,1,0.90151172,80.42,1,0.90151172,80.42,2024-11-19,2024-11-19
LTC,LL4WW9Rs57QMMG6kVKquSXHR6tQTBipHBS,1,0.22497188,20.07,1,0.22497188,20.07,2024-11-19,2024-11-19
LTC,LQPVLAhUqHbwQ8UD5wnD4bvW85epCeFB2J,1,1.115,99.47,1,1.115,99.47,2024-11-19,2024-11-19
LTC,LcuK67L7WGtsG2dYz3k4CYMJpH8ry3MVmb,1,0.27696004,24.71,1,0.27696004,24.71,2024-11-19,2024-11-19
LTC,LdYzpZykB3g4heMKxth4sMHdqrXTvLwmGV,2,0.54151239,48.37,2,0.54151239,48.95,2024-11-19,2024-11-23
LTC,LS1P8nj6c5aHCKzVbCcxKQQV8MNSx9Jo26,1,0.21274257,14.72,1,0.21274257,14.22,2024-11-03,2024-11-04
LTC,Ldf9wGWXfDX8WSKYB4MsDiQEvu292GfHfs,1,0.14852851,9.93,1,0.14852851,9.93,2024-11-04,2024-11-04
LTC,LemkTSGKb9kRLQ5YcQ23DUq58Z1EFL8JqW,1,0.19349647,12.94,1,0.19349647,12.94,2024-11-04,2024-11-04
LTC,LQzCF5EjVdLgq5Her6kuz8eQFnk4zVwwJ3,1,0.20104983,13.44,1,0.20104983,13.44,2024-11-04,2024-11-04
LTC,LSFsQVknHKeGmmuQjxFsTBXeVn6PrbJC4C,1,0.14265766,9.77,1,0.14265766,9.77,2024-10-27,2024-10-27
LTC,LLnt29HCwg4SFi4hvg8k1DWzcPjae1hLbE,2,0.53664232,37.16,2,0.53664232,37.16,2024-10-27,2024-11-02
LTC,LTFCaw7nUEKwDtVEq82X2VjsF98Rq18iq2,1,0.59886284,41.0,1,0.59886284,41.0,2024-10-27,2024-10-27
LTC,LSpFw8WvJxUVW6cWCjqdPPKAjk3xNmnPHV,1,0.16982734,11.63,1,0.16982734,11.63,2024-10-27,2024-10-27
LTC,LPR4Gfs9eh3kRcd1s7icXEvkrSTHP6NWCB,2,1.00930734,69.11,2,1.00930734,69.11,2024-10-27,2024-10-27
LTC,La1FsijGaFTyuZoA4KTvRg1A5y6ZeYjdMB,1,0.35062017,24.01,1,0.35062017,24.01,2024-10-27,2024-10-27
LTC,LdoadCySAQuN53iKWFi2QBJGNWxrGEiNav,1,0.40850608,28.12,1,0.40850608,27.97,2024-10-26,2024-10-27
LTC,LWtKXNz3gmwd2hC6BKPvFeJMxgpnrPeHui,1,0.46423878,31.95,1,0.46423878,31.79,2024-10-26,2024-10-27
LTC,LZzWHSmmKG7pnXZyS6gfqYPEUshPMAYzhG,1,0.19600161,13.42,1,0.19600161,13.42,2024-10-27,2024-10-27
LTC,LaYyAA49NRMGGggj9YJ7XSpFHGsH4Zt4vT,1,0.14614845,10.06,1,0.14614845,10.01,2024-10-26,2024-10-27
LTC,LcPciaaQMHFy18Q1DjmBoVBKuFb2QZ7iEY,1,3.09745303,212.08,1,3.09745303,212.08,2024-10-27,2024-10-27
LTC,LTCB3RYBGKND36695TQ2HqwthSRwbfdySm,1,0.25944503,17.76,1,0.25944503,17.76,2024-10-27,2024-10-27
LTC,LNS73YpGxY5haxpvM3U1JcmuatKS7q7UZ2,1,0.87133192,59.66,1,0.87133192,59.66,2024-10-27,2024-10-27
LTC,LiLH9JemKab3CZoWoNXUjCzSgHVqgHfQc8,1,0.28915063,19.8,1,0.28915063,19.8,2024-10-27,2024-10-27
LTC,LMXYRCurmGwfUFyjsbagR29y9uBx1S1Y2b,1,0.24401654,16.71,1,0.24401654,16.71,2024-10-27,2024-10-27
LTC,LM9fPqdxmjADM3xmW3xSd87XxBY3jVafz4,1,0.36664299,25.1,1,0.36664299,25.1,2024-10-27,2024-10-27
LTC,LeiK8WVtiBsUPg3eJwiczUYHtY6pK5V9Zs,1,0.20356,13.94,1,0.20356,13.94,2024-10-27,2024-10-27
LTC,LNWKiA9vpjX3DE99ssEhM2pjnuhuRQDYE3,2,0.63501496,57.17,2,0.63501496,57.17,2025-03-19,2025-03-19
LTC,LWdCjUWK3KurrqjvTNJTeSMqRXjnngMZ7L,1,0.06666904,6.0,1,0.06666904,6.0,2025-03-19,2025-03-19
LTC,LPH7hX1Q8EdBTbx6EjpAVhS6P2M2YfCiAn,1,0.53810594,48.45,1,0.53810594,48.45,2025-03-19,2025-03-19
LTC,LRgm3S7hoMcdR4NvjoX1QmoHwPbwU1wZ8c,3,0.38387087,34.86,3,0.38387087,34.56,2025-03-17,2025-03-19
LTC,LY2JYLM4Q2u81wiDhgbpD2ZbpmGgqo1iMJ,1,0.2529,23.34,1,0.2529,22.77,2025-03-18,2025-03-19
LTC,LLFE3GTEbWVYYQQnb62XXb8mKKegA3Q6jN,1,0.23178213,21.39,1,0.23178213,20.87,2025-03-18,2025-03-19
LTC,LNnaG674xf9EL9AbKgCFZemaJSBj82Y5rY,1,0.09,8.31,1,0.09,8.1,2025-03-18,2025-03-19
LTC,LRZVHqMLZQSJZ5fdCV6mKMFtj8mVXETmSL,1,0.0621366,5.74,1,0.0621366,5.59,2025-03-18,2025-03-19
LTC,LN4ACprEsHj9GdPTReLrkULA9mY4ok4Pnt,5,0.67098026,56.68,5,0.67098026,56.51,2024-11-10,2025-03-19
LTC,LUp8xTWZsvwJ2d6EGcYqduGqZiE4uibQcV,1,0.33429908,30.1,1,0.33429908,30.1,2025-03-19,2025-03-19
LTC,LQ9u1X7EGvQc1qdxpSriKiteR6hqNF9Aft,1,0.3306097,29.83,1,0.3306097,29.76,2025-03-17,2025-03-19
LTC,LM6aWAXiXohkKyLRsMhFwDeaAbT3XnJ93d,1,0.38064156,35.13,1,0.38064156,34.27,2025-03-18,2025-03-19
LTC,LeHubgc9mNHUEvzW66fFNfJEsLV7QBpGmX,1,0.39481105,36.44,1,0.39481105,35.54,2025-03-18,2025-03-19
LTC,LMu2epyVgHkRzbpPb1Wt9eCRoJd9YmrKzt,3,0.65762297,60.27,3,0.65762297,59.13,2025-03-13,2025-03-19
LTC,LgFHyPgWK2FyF9DH7nud1k5s5G9bJWJKQm,1,0.26742437,24.08,1,0.26742437,24.08,2025-03-19,2025-03-19
LTC,LSFHk1zEJ52N2NkenqkYjPuXCwaBBkp6HJ,1,0.2879682,25.98,1,0.2879682,25.93,2025-03-17,2025-03-19
LTC,LVL5gobrLeKZAsFP1kCbcQC7YW8g4x2g3B,1,0.66694881,61.56,1,0.66694881,60.05,2025-03-18,2025-03-19
LTC,LcaziEaBGULToqZHijadKeaP6QguqT37A4,2,0.96186208,88.47,2,0.96186208,86.66,2025-03-15,2025-03-19
LTC,LVLUXiWPovtESBjsGJ1ANCMt96yzUEeV6E,1,0.4199056,37.8,1,0.4199056,37.8,2025-03-19,2025-03-19
LTC,LQGaeVzddFtg7R2RfpbufrL7fzCyTKEANM,1,0.4199454,38.76,1,0.4199454,37.81,2025-03-18,2025-03-19
LTC,LSyxScLh5F3rbHN1pZkUXXcEhoDp223nST,2,0.94746623,87.03,2,0.94746623,85.9,2025-03-18,2025-03-23
LTC,LPVf4cbBBS6iZEws5C53dZaW2h8KX3tHRN,2,0.23403303,22.38,2,0.23403303,22.21,2025-01-29,2025-03-19
LTC,Le18jRgjJfQvTuc7mszyT5UF8DoGrUiHHp,1,0.2079778,18.72,1,0.2079778,18.72,2025-03-19,2025-03-19
LTC,LQoqrbLvBdX3arNV1ABxBCThuNQjXZHAVn,1,0.31439988,28.37,1,0.31439988,28.31,2025-03-17,2025-03-19
LTC,LR9fwcfbhtRzNVTJt55sa9Tf26M8G8Z7Ym,2,0.77984128,71.67,2,0.77984128,70.27,2025-03-15,2025-03-19
LTC,LZJiFMjbqR3SFusos1Hu9JgqLFRm3vsjFw,1,0.56926037,51.25,1,0.56926037,51.25,2025-03-19,2025-03-19
LTC,LPjm273V1jdXYonJNy4A1d4McyB1yw6UTE,8,1.97274535,170.63,8,1.97274535,172.07,2025-03-16,2025-04-13
LTC,LfwP2krVrpbY8cir8tGR2sP3vH7k7vWBvs,2,0.75457977,68.99,2,0.75457977,68.52,2025-03-19,2025-03-27
LTC,LfDHKMe2s8ChfgtgdN6aCTSbW7AVpKsNmr,1,0.5454345,49.11,1,0.5454345,49.11,2025-03-19,2025-03-19
LTC,LT52A7Nredm7DyYwP5zxy3dmqxXrYXPdu2,1,0.0849,7.64,1,0.0849,7.64,2025-03-19,2025-03-19
LTC,LgFjTaydtKPnn5143UMJi88YNtc2tVo3J8,1,0.99,91.38,1,0.99,89.13,2025-03-18,2025-03-19
LTC,Ldgoi1e39sFAdjJqrpw16XSYgX5sLA3MNr,1,0.1499,13.5,1,0.1499,13.5,2025-03-19,2025-03-19
LTC,LPJ1wDM1osE4bqysoYsFFEXbE849DnRWPJ,5,0.98104409,83.19,5,0.98104409,83.27,2025-03-05,2025-05-03
LTC,LYBTzDpDTU5SVaMMx6bwG2CWURLU8cUnU8,1,0.087,7.83,1,0.087,7.83,2025-03-19,2025-03-19
LTC,LVDizALW2fr6pyeqhoeW8on4C2Qi2UwWj9,1,0.38523466,34.76,1,0.38523466,34.68,2025-03-17,2025-03-19
LTC,LVHeuycg5rMJcStHTasGDmKmcXLQgR8SCn,1,0.54545372,50.35,1,0.54545372,49.11,2025-03-18,2025-03-19
LTC,LbouHxfTiUXm5MxVFNLSv8J2a6ZWMNjrKG,3,0.38151139,34.66,3,0.38151139,34.66,2025-02-05,2025-03-19
LTC,LguY7Epnq7TaaMVQ1pk2YkHowSaQs5Zucv,1,0.56066584,50.48,1,0.56066584,50.48,2025-03-19,2025-03-19
LTC,LTwLvp3fceCu9FxAjFSb6ttXvRf2fiiDJn,3,1.9887,190.11,3,1.9887,188.98,2025-03-04,2025-03-19
LTC,LTdkinqP22FE3vfCKCoaWftafZnsZR5NSz,3,0.484743,47.17,3,0.484743,49.46,2025-05-09,2025-05-13
LTC,Lgp11M8vQP4X4vhBjTTWCu5jpHuvgcaymk,1,0.14757243,14.78,1,0.14757243,15.32,2025-05-12,2025-05-13
LTC,LcT1MstfhtpJdEhV5ufwyzCrJEo1ugjSzP,1,0.199,19.93,1,0.199,20.66,2025-05-12,2025-05-13
LTC,LSR7obfUc3P53p9dfbq5UD5MgpEys4oRUz,1,0.1799,18.01,1,0.1799,18.68,2025-05-12,2025-05-13
LTC,Lfh6NmaTXSpuH5ARrkt7CWMnKoWuSi915B,1,0.30904196,30.94,1,0.30904196,32.09,2025-05-12,2025-05-13
LTC,LZZDb3z9GzZd8SXvZokoUg3Hb8ddy5Udf8,2,0.7228908,72.38,2,0.7228908,75.06,2025-05-12,2025-05-13
LTC,Lc4mqYXoT1p9aySEuGJjJooXZEofiRRjhe,1,0.3199,32.03,1,0.3199,33.22,2025-05-12,2025-05-13
LTC,LPqZvkLqyUHhcC16GeZczh3LBHwYFUicji,2,0.51173328,45.04,2,0.51173328,45.58,2025-05-06,2025-05-13
LTC,LWk4Eqm1VarT8KmTUqYD8m74K3gpxbyiqa,2,0.87726292,86.5,2,0.87726292,89.21,2025-05-09,2025-05-13
LTC,LZicz2gsdwmkKaRXRbhvSySJD1UQUFdzq8,1,0.17204122,18.11,1,0.17204122,17.86,2025-05-11,2025-05-13
LTC,LatTmhgmKkionLnepgF5FbbkyfhcQFZsPT,4,0.84787453,75.47,4,0.84787453,75.55,2025-04-25,2025-05-13
LTC,LZRvQxNRyZLYCqi1YW7HZorVbP4p7okKTt,1,0.49814499,49.88,1,0.49814499,51.73,2025-05-12,2025-05-13
LTC,LVe1B49bZAPpyEwHjeC3AyVY5G4qpYDLfJ,1,0.11776251,11.79,1,0.11776251,12.23,2025-05-12,2025-05-13
LTC,LKwECXqos6ZZQ2JdJom2y5KW1zFrKHJYQW,4,0.52952145,50.97,4,0.52952145,51.98,2025-01-15,2025-05-13
LTC,LgNTJoxjF4fCGLsKr1LdaALDcJRiPghmwZ,1,0.34029098,34.07,1,0.34029098,35.34,2025-05-12,2025-05-13
LTC,LQ59M4vB2xZWrntZ6FVqeWDGPtbqCKhBt9,1,0.14157561,14.18,1,0.14157561,14.7,2025-05-12,2025-05-13
LTC,LTNHp2igT6eebY5qopZLGxBXB1vvPZvMFX,1,0.08988349,9.46,1,0.08988349,9.33,2025-05-11,2025-05-13
LTC,LcjGg7P5miT1D7uyE9D6GssXNPxJTvcQQd,3,1.32492638,121.47,3,1.32492638,123.14,2025-02-09,2025-05-13
LTC,LZ7evqH5J2HRTSHFXcVd8QP4RukBMcVfmJ,2,0.10642506,10.76,2,0.10642506,11.08,2025-05-11,2025-05-13
LTC,LcehLWCn7SBeh66nCnsMkKPnspTYMYFTEo,1,0.46710571,46.77,1,0.46710571,48.5,2025-05-12,2025-05-13
LTC,LXpJD3b6BbzdcGh1pkDF93RVQASTVRsbao,1,0.01910177,1.91,1,0.01910177,1.98,2025-05-12,2025-05-13
LTC,Le1waEJJ4ZGEUpuKr94K1JPeNmibxEEzUc,1,0.2493,24.96,1,0.2493,25.89,2025-05-12,2025-05-13
LTC,LdtqjxSegrhHjL3zpRpT2fmjTEUUvNZuFk,7,0.63288215,58.69,7,0.63288215,59.4,2025-05-04,2025-05-13
LTC,LNGrxkbhDdctr9qyPPSCu1ptGaCR2y5hiy,1,0.33498284,33.54,1,0.33498284,34.78,2025-05-12,2025-05-13
LTC,LZ1m7sZ6RsGXzVLdnMbxcBeP9A9YKavoii,1,0.31837235,33.51,1,0.31837235,33.51,2025-05-11,2025-05-11
LTC,LLxomVFJQkfcKWq6rvec1MSXD7sEzEaMyj,1,0.2955589,31.11,1,0.2955589,31.11,2025-05-11,2025-05-11
LTC,LScsArdCJKDLy1DHqJ4Ki7FYtiSZGcVAMe,1,0.28460829,29.96,1,0.28460829,29.96,2025-05-11,2025-05-11
LTC,LMsJWcjDBi7423DnFQ95t86dxT8Eh4WFNE,1,0.35920973,37.81,1,0.35920973,37.81,2025-05-11,2025-05-11
LTC,LPsRdXD9eW3zBjUwm4d8RTtULcbSkmSdiD,2,0.86189595,79.56,2,0.86189595,80.21,2025-04-20,2025-05-11
LTC,LMdA2Stm9sFSdAuagCobH47pbxFrUYvuus,1,0.37258203,39.22,1,0.37258203,39.22,2025-05-11,2025-05-11
LTC,LUCHx7zLmL7fRLzKmwHmheMi12mDr1uFpU,2,1.0398908,89.67,2,1.0398908,92.82,2025-04-19,2025-05-11
LTC,LVyco31eVrSHvbtxQHZiJRVdKpUqR6TWFP,1,0.20131552,21.19,1,0.20131552,21.19,2025-05-11,2025-05-11
LTC,LUgYRKt36vtcVs17fb79wqHd24dBsCovXr,1,0.11995825,12.06,1,0.11995825,12.63,2025-05-10,2025-05-11
LTC,LT2KgDGrR5t9kqAmuygN6HcV1nMZ8gF9CF,5,2.53796434,241.58,5,2.53796434,241.58,2025-03-23,2025-05-11
LTC,Lftqdt614RQTfH9VKKa7GbxT2KNUzYjjAK,3,0.1986849,17.87,3,0.1986849,17.87,2025-05-05,2025-05-11
LTC,LceUGihpmzNU5otkbgm3hqBEqAeCD66j78,1,0.28473824,28.62,1,0.28473824,29.97,2025-05-10,2025-05-11
LTC,LTXgjSQD5T8sGLfYyGF2ibHZ7Z1Vtppke5,1,0.24335435,25.62,1,0.24335435,25.62,2025-05-11,2025-05-11
LTC,LZn5eitvBg7KKeKPG9dqXkywXPt99rgcxj,1,0.21911157,23.06,1,0.21911157,23.06,2025-05-11,2025-05-11
LTC,LacDcuCvRg3yDPrznqYC5oLapSq7T2Cjj1,1,0.50977578,51.24,1,0.50977578,53.66,2025-05-10,2025-05-11
LTC,LKdjnfn22roaFxx6n7JBdjPy73wdk3cc5d,1,0.04798004,5.05,1,0.04798004,5.05,2025-05-11,2025-05-11
LTC,LYqNcSYRKDTY6KoHVzxskftgorW6i5hHKv,1,0.10273985,10.81,1,0.10273985,10.81,2025-05-11,2025-05-11
LTC,LdJZ3KP1WarVgT27gdV5QQ6z5fYKBjanZ2,1,0.40023368,40.23,1,0.40023368,42.13,2025-05-10,2025-05-11
LTC,LdJA1j3RqC6TWhNMqKEyWsQVqBjwHZbATp,2,0.37458845,38.66,2,0.37458845,38.66,2025-05-10,2025-05-11
LTC,LKcCs3drRWcJZbJV1HJNNrmQ3XMJTrRt8E,1,0.27994732,29.47,1,0.27994732,29.47,2025-05-11,2025-05-11
LTC,LUf6zhu7i38frg34a1MT6zDkkHw2gR2LAn,1,0.1305,13.74,1,0.1305,13.74,2025-05-11,2025-05-11
LTC,LNXsBQZ3yXbHvrVea74U8ADXBSaf6xLEUG,1,0.06134184,6.46,1,0.06134184,6.46,2025-05-11,2025-05-11
LTC,LTVJe6PFK8zYgoKj7xczxj3NisARpjiQfq,1,0.19829466,20.87,1,0.19829466,20.87,2025-05-11,2025-05-11
LTC,LeyNbu9SnR3w129FRaMtKtUmKzWjwSWXwT,3,2.19692398,204.73,3,2.19692398,205.54,2025-04-12,2025-05-11
LTC,LZHfwZgKhrCMaDz1mqBVwd2yZUdpKPXHZH,1,1.0,105.26,1,1.0,105.26,2025-05-11,2025-05-11
LTC,LZqw629GomDrGsLZh1D9HTW4FNhr7r2HX7,1,0.22680345,21.54,1,0.22680345,22.8,2025-05-09,2025-05-10
LTC,LZMPRtmwBBNdTHbo6r8C6D7h4uX6qQzx3G,3,1.35570287,120.6,3,1.35570287,120.6,2025-05-06,2025-05-10
LTC,LXhUi9xkpBf5aKWfNz2Co4EBBj8d6VqQ1T,5,4.04607458,326.98,5,4.04607458,327.86,2025-04-13,2025-05-10
LTC,LRfRC1mgeQfkyijSUvEykB6RfRKkZmMnfN,1,0.5828638,58.59,1,0.5828638,58.59,2025-05-10,2025-05-10
LTC,LLm4WLrGNHLJZwQwPXXmV3DmZGM4wJ8djW,1,0.29846093,30.0,1,0.29846093,30.0,2025-05-10,2025-05-10
LTC,LdYVmBM13girZx9HF9YJqiuARdb2m3PUja,1,0.1259,12.66,1,0.1259,12.66,2025-05-10,2025-05-10
LTC,La16QiwPkGMintmrdGBD3Lscgy4cYBUpWm,2,0.38682305,36.74,2,0.38682305,38.88,2025-05-09,2025-05-10
LTC,LP1uby3g5sbcBpFNWQYRGHifYCtfnmfv2n,1,0.25106711,23.85,1,0.25106711,25.24,2025-05-09,2025-05-10
LTC,LgQXbbQFAFqgjd9aQQi4u4SDHCYAYJuRUf,2,1.32809294,132.8,2,1.32809294,136.0,2025-05-09,2025-05-13
LTC,LbBHFmQZyTpVg9H6Luyxd5uqi8BgGE7R7f,1,0.11514707,10.94,1,0.11514707,11.57,2025-05-09,2025-05-10
LTC,LZTVDBPqCqUAdY3reuVDWhqDQjn3oEzKje,1,0.22940321,21.79,1,0.22940321,23.06,2025-05-09,2025-05-10
LTC,LKi28LzwGJ8xHAnk1zp3prPqxV4XwXRmk4,1,0.8,71.62,1,0.8,80.42,2025-05-08,2025-05-10
LTC,LMot4ZXuTEwchrQ4NYthi66b7uYTnJzBvn,1,1.09860716,104.35,1,1.09860716,110.43,2025-05-09,2025-05-10
LTC,LfqPWySgkyePQou71vZzd9AXwceuH24EqW,1,0.12552019,11.24,1,0.12552019,12.62,2025-05-08,2025-05-10
LTC,LQJZHkezmZFZv9vBbJE5jNkNveCUCF7W1W,1,0.05261333,4.71,1,0.05261333,5.29,2025-05-08,2025-05-10
LTC,LSHikwG2CP5YJLyzhPPL56zKSKT1A7rnbH,1,0.31616923,30.03,1,0.31616923,31.78,2025-05-09,2025-05-10
LTC,LQeY2sQVZXNmiKUeNptx1AZ1D45QhAofBR,5,2.52643505,221.24,5,2.52643505,224.01,2025-04-29,2025-05-10
LTC,LY9qsMMpuPommdrvnfVfx9nTLDRGqf9nMQ,1,0.08500691,7.61,1,0.08500691,8.54,2025-05-08,2025-05-10
LTC,LfNKWmrecZjzRNG2Dc6S9gjM8YTbCUjBrb,1,0.153,14.53,1,0.153,15.38,2025-05-09,2025-05-10
LTC,LP5WTVSJ4h5R1cCMBWfUjBsbwomHPmNycJ,1,0.3228,30.66,1,0.3228,32.45,2025-05-09,2025-05-10
LTC,LenZCPZBSPkRrET1ytPeSDwo1JTMAmjrp3,1,0.12970045,12.32,1,0.12970045,13.04,2025-05-09,2025-05-10
LTC,LUihMGFuDYX9hDEbyZJwxrzi6ooKjzgUF8,1,0.31372775,29.8,1,0.31372775,31.54,2025-05-09,2025-05-10
LTC,LiTFFwToRvRmepFuHZ5y23WVXVqj7uhRpt,1,0.31449837,29.87,1,0.31449837,31.61,2025-05-09,2025-05-10
LTC,LUDsRQ3QjS229AUaiHJjWg4G1WmBYSptfC,1,0.31017465,29.46,1,0.31017465,31.18,2025-05-09,2025-05-10
LTC,LdrQ85NiDrvE7ZRnoZ4m13NhYyZNEY4fXu,1,0.24422688,24.55,1,0.24422688,24.55,2025-05-10,2025-05-10
LTC,LWHn1FJkwheWhfoJNmBWc3rZ5gND5biyZY,1,0.13700074,13.01,1,0.13700074,13.77,2025-05-09,2025-05-10
LTC,LKL789XR5zWknXJW6wDHjkqsM7zvxAF6dd,1,0.10498694,9.97,1,0.10498694,10.55,2025-05-09,2025-05-10
LTC,LUVtWakGnSee5fTjU9XdmWCR1X6Fivc6KL,4,1.24515529,108.52,4,1.24515529,111.8,2025-04-28,2025-05-10
LTC,LLB17EgSgfSP3s8sUWjsA56VZqDCFwSRVP,1,0.2007352,19.07,1,0.2007352,20.18,2025-05-09,2025-05-10
LTC,LVLbNJoW68pL6YZNaLsowhL6sD7K8L9XFL,1,0.23,19.85,1,0.23,20.02,2025-04-26,2025-04-27
LTC,LLE9R959jJyttemMw4hwioqnJSEFhwewsh,1,0.1263722,10.9,1,0.1263722,11.0,2025-04-26,2025-04-27
LTC,Lbj5EgqMa3SNW1fXKDpm3EmFmc3GMHBdQd,3,0.28897689,25.11,3,0.28897689,25.16,2025-04-26,2025-04-27
LTC,LTnLJ2nP4sUQesEDb8MMPP6oC7CcZaR6kV,2,1.25512116,108.84,2,1.25512116,109.27,2025-04-26,2025-04-27
LTC,LedcpVZ11XZrkhGq3fFbP8EkYyvwsJDrN7,1,0.10428736,9.08,1,0.10428736,9.08,2025-04-27,2025-04-27
LTC,LfViiS6Pci4ZEdMWvagYtvdMWYZkfqSRAh,2,0.10040896,8.66,2,0.10040896,8.74,2025-04-26,2025-04-27
LTC,LW9hnmvQGToNPdNm2AkzYadHBoojLab9Zc,1,0.17168269,14.81,1,0.17168269,14.95,2025-04-26,2025-04-27
LTC,Lez8NMf4SGt7Fkm176oCQtcvtBEYJHZ8wS,1,0.581318,50.61,1,0.581318,50.61,2025-04-27,2025-04-27
LTC,LfwSCuYB8LQcrq4LcuTjJ1p5JdFmk6yMQR,1,2.05773867,177.56,1,2.05773867,179.15,2025-04-26,2025-04-27
LTC,LL1FJqmaadi2QudCTv77Pj2jb1KXPjxmmx,1,0.69410865,59.89,1,0.69410865,60.43,2025-04-26,2025-04-27
LTC,LUdRjJTpig44YYrtBYeoWMFZ3ugJnNbjiT,1,0.14887835,12.85,1,0.14887835,12.96,2025-04-26,2025-04-27
LTC,LVb7cepNwANyujzpg2SNodoVbT6YjZXMBE,1,0.27,23.51,1,0.27,23.51,2025-04-27,2025-04-27
LTC,LdZfU5jvwWAFeTbdczjbhRLycfDmvjhcAS,2,0.09919445,8.64,2,0.09919445,8.64,2025-04-27,2025-04-27
LTC,LY1zqLScsP37YumD5x3dJn3vA6kypWNHTD,1,0.43947227,37.92,1,0.43947227,38.26,2025-04-26,2025-04-27
LTC,LYsLKrankSo5h2D9UfLssmPP3Hcpqx1u8f,10,2.01229953,173.04,10,2.01229953,173.04,2025-04-27,2025-04-29
LTC,LQLfQHYZaqo5sbrPbGxRTd3kSxDdw1Yw4b,1,0.49790796,41.97,1,0.49790796,43.35,2025-04-25,2025-04-27
LTC,Lba4D5bY5DhviRAv7vBwxckMtC6KLdRBDz,1,0.2899,25.02,1,0.2899,25.24,2025-04-26,2025-04-27
LTC,LfdjZsow19aMwi8gCSzH5FPmuDvTKf2qiy,1,0.0899,7.58,1,0.0899,7.83,2025-04-25,2025-04-27
LTC,LaQSkkCw3qxEDjpoT51iKe8RLrCUDTq22C,1,0.1896,16.36,1,0.1896,16.51,2025-04-26,2025-04-27
LTC,LfivGZZNYZELZaWozdDB3AbN2wyMk3Hk2J,2,0.88377359,76.33,2,0.88377359,76.33,2025-04-27,2025-04-29
LTC,LYw1jhCS7gL2fAdhReTXzdp2iMBYkyJt11,1,0.13651092,11.78,1,0.13651092,11.88,2025-04-26,2025-04-27
LTC,LV32XnTNYyaafLYTSEQae6xqRBXYnSCFKB,1,0.14128655,12.19,1,0.14128655,12.3,2025-04-26,2025-04-27
LTC,LU6Wn6gnsXy8dPAJ4BkHFnZ9px4FEYJRaH,1,0.04601497,3.97,1,0.04601497,4.01,2025-04-26,2025-04-27
LTC,LLVTTw7vjfJ14qGYkxrveRbPMZZXxQ3YN8,1,0.30988534,26.74,1,0.30988534,26.98,2025-04-26,2025-04-27
LTC,LP8ZR5NqtmijJoqFAfiGgbaDaqtpz2TADP,1,0.9054142,76.33,1,0.9054142,78.83,2025-04-25,2025-04-27
LTC,LZoQnxGvhirgwWQezJzUZ4RsYmiCLTfxDU,1,0.10115103,8.81,1,0.10115103,8.81,2025-04-27,2025-04-27
LTC,LKZcTirtkXpXQkkvoAjrT2MKMNzj1yzjpP,1,0.40980437,35.68,1,0.40980437,35.68,2025-04-27,2025-04-27
LTC,LKvZJ2RjfaULmZbCJXNV234zt4vr9aEroW,1,0.08555778,7.38,1,0.08555778,7.45,2025-04-26,2025-04-27
LTC,LRZVcNq7s9MWK7sxJ6upTXMeozj5fFR3i9,1,1.55642023,134.3,1,1.55642023,135.5,2025-04-26,2025-04-27
LTC,LWxQaEDroEZq9iFEvzDWWEjow1FE2pDDiF,1,0.0119,1.0,1,0.0119,1.04,2025-04-25,2025-04-27
LTC,LZyqYJu9AHX3JSJQuxXsQ5EH5LvSPzgqSv,2,0.2440136,16.88,2,0.2440136,18.55,2025-04-09,2025-04-10
LTC,LYVu531C7cQdDqy7UY7uAp1oYXm3huKq3u,1,0.20399311,15.51,1,0.20399311,15.51,2025-04-10,2025-04-10
LTC,LQDJfdnbvSKKUixAwYzWH2qHNGtKPhXzQv,2,0.70116121,50.31,2,0.70116121,53.37,2025-04-09,2025-04-12
LTC,LLLAh4aagTV2aHrTxcuNapzTiZ53h3AGMt,1,0.25137199,17.38,1,0.25137199,19.11,2025-04-09,2025-04-10
LTC,LVFAHPDCW5UXmkX9VY4rTwUTmVNS8AnPJY,3,0.40983913,31.19,3,0.40983913,31.19,2025-04-10,2025-04-12
LTC,LevKvn6mBgS4HU3eP11HpnxLn5GbvVyNE7,1,0.42609467,29.47,1,0.42609467,32.4,2025-04-09,2025-04-10
LTC,LVtG3sg7FZ5EGnKKKavdtTZmMwssJnXWDu,1,0.07744461,5.36,1,0.07744461,5.89,2025-04-09,2025-04-10
LTC,LZeqsEknfZeNUyvfkvuHvY71aU6owgG6h9,1,0.46296,35.2,1,0.46296,35.2,2025-04-10,2025-04-10
LTC,LRxACDvWgU2bj86tqpc5oeELmdLNUNTBLR,3,0.85708998,65.16,3,0.85708998,65.16,2025-04-10,2025-04-10
LTC,Lf8ast9xDiTTV4Q23e3P2NRyb12M72dov4,2,0.12876454,9.79,2,0.12876454,9.79,2025-04-10,2025-04-10
LTC,LUEfpN7vku5VRfsFDE7rxzFQW5oGTmKUZR,1,0.44394843,33.75,1,0.44394843,33.75,2025-04-10,2025-04-10
LTC,LguMMTXyWrVkJEuwcWZ6hUvrxtZSxwZD6d,1,0.19379634,14.73,1,0.19379634,14.73,2025-04-10,2025-04-10
LTC,LdUM9m18qfya8rVzqtQxqPRPoXczdY3u6M,1,0.21415964,16.28,1,0.21415964,16.28,2025-04-10,2025-04-10
LTC,LZRn57pb4pWB7M93ix6ibt1cFWtTuwAn7z,3,0.53679608,40.3,3,0.53679608,42.82,2025-03-14,2025-04-12
LTC,LQVgh7htu96rPfrKh8B3k538PXBFSivQpr,2,0.4933821,37.27,2,0.4933821,37.5,2025-04-10,2025-04-19
LTC,LeWKQk2QqT4n15pzytArm6FWfNiJ1VTQob,1,0.07360588,5.6,1,0.07360588,5.6,2025-04-10,2025-04-10
LTC,LeEJ6DobnzDwaTe286UswwHESKL4q1Axvz,1,0.3299,22.82,1,0.3299,25.08,2025-04-09,2025-04-10
LTC,LQFHNbAzp1Yx74CLMCHryKPoU9pS3Q8buz,1,0.05529896,3.82,1,0.05529896,4.2,2025-04-09,2025-04-10
LTC,LKgD5MH7VNAbFRF9CyHoWGPPCSzp8sGGHC,3,1.32666129,103.58,3,1.32666129,104.32,2025-04-03,2025-04-21
LTC,LLNBVmuUpPFFcEDMsbWt3jkUAZ9rbTyvB3,1,0.66517639,50.57,1,0.66517639,50.57,2025-04-10,2025-04-10
LTC,LSEMfV2EvPskUmNqQoAghgcRnfLZT1k3Cg,1,0.38811236,29.51,1,0.38811236,29.51,2025-04-10,2025-04-10
LTC,LL7Hc4jEFyVoPqqjFovrhcA9uwsAzBbS62,3,0.39662913,29.88,3,0.39662913,30.18,2025-04-10,2025-04-12
LTC,LX7vMRwgGx99L5ZCS6txT7996PBkC58Gp7,1,0.213,14.73,1,0.213,16.19,2025-04-09,2025-04-10
LTC,LP7urNfEj7YABPGV7N6WUZMLPM53e6WwqF,1,0.294551,22.39,1,0.294551,22.39,2025-04-10,2025-04-10
LTC,LLJpJVoanaMiP91aTPA8GwQWRR6ACjneQM,1,0.37993054,26.28,1,0.37993054,28.89,2025-04-09,2025-04-10
LTC,LPYYJcS9322vHz826vyPrDAVCCYRi1vwQd,1,0.212,16.12,1,0.212,16.12,2025-04-10,2025-04-10
LTC,LfGAjYtCqTzdMXSG7T8MLUSXRLDFALwE4D,2,0.7193919,56.19,2,0.7193919,56.46,2025-04-09,2025-04-13
LTC,LegefpYL1gnaeMzMV54D5amk1Y25tgukXM,2,1.18317854,98.25,2,1.18317854,98.25,2025-03-04,2025-04-10
LTC,LLNK3xTgC7JbNvTkyiYgZ1Gq1MwXZjpLMB,1,0.56637784,43.06,1,0.56637784,43.06,2025-04-10,2025-04-10
LTC,LUFgG68WdveY9pUZk1vPB3jH16gLCV9z2x,2,1.42724442,108.51,2,1.42724442,108.51,2025-04-10,2025-04-10
LTC,LVsPndTLnzbX49GGfguLSmUpV1BMxe3Udo,1,0.2549,17.63,1,0.2549,19.38,2025-04-09,2025-04-10
LTC,LVDVe6h1V7T8yRCzK2Dmwazpo8rZdXk8jv,1,0.67148335,51.05,1,0.67148335,51.05,2025-04-10,2025-04-10
LTC,LVHdrzCdzfDYD6CVwtPS4ePYsSsGvALLHZ,1,0.6699,50.93,1,0.6699,50.93,2025-04-10,2025-04-10
LTC,LbnBqfuGfQmLr6RSVmKo4nksdwMPGDviaX,3,0.8079664,62.8,3,0.8079664,64.58,2025-04-02,2025-04-12
LTC,LSuYvn4Q1mWyafuia9cbonaz94wsLfjR1B,1,0.01331682,1.01,1,0.01331682,1.01,2025-04-10,2025-04-10
LTC,Lam28XXpSh8Yz4zXcM6LpK23ffjCuW21nM,1,0.10834133,8.24,1,0.10834133,8.24,2025-04-10,2025-04-10
LTC,LapHMRJHNrEmqR7wNjE5H9LxDJFJsmd7HE,1,0.16490705,17.26,1,0.16490705,17.26,2025-02-09,2025-02-09
LTC,La9AijaEocwSQKncAa9jHq4Zb8HfZVJVaW,1,0.14239435,14.48,1,0.14239435,14.91,2025-02-07,2025-02-09
LTC,LYPddSKZtNts8bAFNuVFZSsjjW6x3AZkeg,1,0.069361,7.15,1,0.069361,7.26,2025-02-08,2025-02-09
LTC,LhF5L9VdqcAkQ8gJf3r4T4LCR2guX2fbeJ,1,0.05,5.16,1,0.05,5.23,2025-02-08,2025-02-09
LTC,LKxPfsppzVoKaUP1RLoHzvYNY2JRwUqgfN,1,0.23747222,24.86,1,0.23747222,24.86,2025-02-09,2025-02-09
LTC,LYBMoqxEs1TX5BYeGiVMkrAUtEnu8nRdzK,1,0.9005,94.27,1,0.9005,94.27,2025-02-09,2025-02-09
LTC,LWmrJoG8iCrTsWjeuhscQKoVKrSHFPeoeY,1,0.096884,10.14,1,0.096884,10.14,2025-02-09,2025-02-09
LTC,LWnmxKB1HGgLHH5cwKsChs3GM2qRD1677J,1,0.41099081,42.38,1,0.41099081,43.03,2025-02-08,2025-02-09
LTC,LcFtfynCN46eQ5SQD1yWURMDeZ9VuhqFRh,1,0.339919,35.05,1,0.339919,35.59,2025-02-08,2025-02-09
LTC,LV2GLB4HtyHVRvcyJSxWN8ve4NB5XwMwd3,5,0.39124221,46.14,5,0.39124221,45.16,2024-12-09,2025-02-11
LTC,LdJs7LsCWZKdZfeCXaRRU1jbQPYpkRiQ3t,5,1.12852639,128.39,5,1.12852639,129.34,2025-01-24,2025-02-16
LTC,LMsZuLdmngR84VSnZ8bhU75mkD7xh1ywEx,1,0.05056301,5.21,1,0.05056301,5.29,2025-02-08,2025-02-09
LTC,LYirrZ1gS48Q2DevJ3fD3UGvqA6JR3atwB,1,0.11116066,11.46,1,0.11116066,11.64,2025-02-08,2025-02-09
LTC,LfEp73e39ZmPNE7nFG5Jdr1twRHhrBHQFq,1,1.9251096,198.5,1,1.9251096,201.54,2025-02-08,2025-02-09
LTC,LUHo64npH41uxoG6nVgPiK3sxmiiNpyhZZ,1,0.17079485,17.61,1,0.17079485,17.88,2025-02-08,2025-02-09
LTC,LbMP6tTCionVFsaHiw5nYx1fYeTt1m7JL7,1,0.19679435,20.29,1,0.19679435,20.6,2025-02-08,2025-02-09
LTC,LMXNenKeaZacynTGysjSdJArtEDwHyKTxB,1,0.28650837,29.54,1,0.28650837,29.99,2025-02-08,2025-02-09
LTC,LcRKN6EjLWyMsH6qahVuxXwtmX2rFiFuVG,2,0.48689729,50.2,2,0.48689729,50.97,2025-02-08,2025-02-09
LTC,Lcew9ZqyawpxLZU2BRgZkVLWrLmXCuTkYZ,1,0.04818341,5.04,1,0.04818341,5.04,2025-02-09,2025-02-09
LTC,LUv4LQ3uMLirRVNWrKnW7DtU4auSbZHx4p,1,0.1359767,14.02,1,0.1359767,14.24,2025-02-08,2025-02-09
LTC,LgrXPD7MxGo3mRGcMfFXVjLPPysm2nC3uL,5,0.73638573,77.73,5,0.73638573,77.96,2025-02-08,2025-02-14
LTC,LhNuE8PXkqLD15bzJWJpnSD2sKsrWkQACG,4,1.56834839,165.77,4,1.56834839,166.4,2025-02-08,2025-03-15
LTC,LKEaaHADMXyTDTxLqh3UkGQdw4RWFb8Fpw,1,0.23648203,24.38,1,0.23648203,24.76,2025-02-08,2025-02-09
LTC,LW5K5okTzZY8CaBQgkFszoPzXCikpgC4hS,2,1.3645251,140.42,2,1.3645251,141.56,2025-02-06,2025-02-09
LTC,LL9p4VqeG2Ltksiy5yvN98JrPuGFUzz4RP,2,0.49867281,44.4,2,0.49867281,45.22,2025-02-08,2025-04-21
LTC,LiMHXA6YJL6Tv2Tnpr71o4uJk5hzFU6Thx,1,1.13220141,115.1,1,1.13220141,118.53,2025-02-07,2025-02-09
LTC,LRsCo9SbP6uoJrEPZBsMU5g3tGZUy3K7Wm,1,0.11478295,11.84,1,0.11478295,12.02,2025-02-08,2025-02-09
LTC,LNQHHVJwbZkrwzkHJY1n5WtnV1M6HvSEk2,1,0.190745,19.67,1,0.190745,19.97,2025-02-08,2025-02-09
LTC,LhHY5oggCWpNU3zLi3wkZEdpFoEJ1FbgqE,1,0.26743758,27.19,1,0.26743758,28.0,2025-02-07,2025-02-09
LTC,LM8jHPGM969soEQ1GJ2LMiyh1xk4JsCptc,1,0.275722,28.43,1,0.275722,28.87,2025-02-08,2025-02-09
LTC,LYeQGNH763v2VRdY5dwN9R2ZATCte836K9,1,0.07654194,8.01,1,0.07654194,8.01,2025-02-09,2025-02-09
LTC,Li8qkkcTBthP5NspdjSmBJDSRarqTCN428,1,0.41283543,43.22,1,0.41283543,43.22,2025-02-09,2025-02-09
LTC,LLUKZrhLzWGw1HRdfmhgvtPeJecTwyTyKX,1,0.19325306,19.98,1,0.19325306,19.98,2025-02-06,2025-02-06
LTC,LLYtme1YbxGj2ARzEmQuBF2vFFbSdussmi,1,0.197301,20.4,1,0.197301,20.4,2025-02-06,2025-02-06
LTC,Lg5nnUENRMgeGKehWbUnfCh173t67jzMnJ,1,0.56463538,58.37,1,0.56463538,58.37,2025-02-06,2025-02-06
LTC,Lhnk39Sz8sRWHozPHLjxkf38JwwT7yHAPw,3,0.56560373,58.9,3,0.56560373,58.04,2025-01-12,2025-02-06
LTC,Ld1qAVJhkeSwxWG8TT2DqrJUfHz2drWVfU,1,0.17359435,17.95,1,0.17359435,17.95,2025-02-06,2025-02-06
LTC,LWLu1TCU9XHwfu8Jz8GK6xcWDT2A94pRu3,1,0.22035318,22.78,1,0.22035318,22.78,2025-02-06,2025-02-06
LTC,LQkLMD6wzNmZTQYian9ttxFg6d7mLKq4mJ,1,0.40862741,41.3,1,0.40862741,42.24,2025-02-05,2025-02-06
LTC,LRyPVVGEFVGmsUpJTWpEkeKCX2AdJpPTac,2,0.34680342,35.85,2,0.34680342,35.6,2025-02-06,2025-02-07
LTC,LdPLKXt4jfktgW3Ry369LV4kWoaDHSXwL6,1,0.53162893,54.96,1,0.53162893,54.96,2025-02-06,2025-02-06
LTC,LTFhcA79qAvN1s6iYnVSngXzFWdAaHk9Fj,1,0.53638974,55.45,1,0.53638974,55.45,2025-02-06,2025-02-06
LTC,LTMPQRkNpDFeoY2M5vFrRKDFLTW1UnhAAm,5,1.2099079,128.22,5,1.2099079,124.47,2025-02-04,2025-03-27
LTC,LaB47pYjTSAwHr1hrGsiPMXhbEdgsgBTuM,1,0.23145262,20.72,1,0.23145262,21.34,2024-11-22,2024-11-23
LTC,LbuWnGuYQdE5rMSH53uLYGBXAQioUX77Nx,3,3.597099,299.56,3,3.597099,303.49,2024-11-22,2025-05-04
LTC,LZ6TzYUxt4iQNbfQrkyjjYiu66rta9jWGf,1,0.26169992,24.13,1,0.26169992,24.13,2024-11-23,2024-11-23
LTC,Lft56wfTWjX24BRmn5az53E3tWMvZyAMxM,1,0.4999,46.09,1,0.4999,46.09,2024-11-23,2024-11-23
LTC,LPsoKqewmVa4uAMsYEbHfKDZAnEVL7NtJz,1,0.77198526,71.18,1,0.77198526,71.18,2024-11-23,2024-11-23
LTC,LVfodPHv62rwqQkNctjZewejgvVTopR3fB,1,0.4854255,44.76,1,0.4854255,44.76,2024-11-23,2024-11-23
LTC,LWRRffVGZwPN18wqxiWwY6RhAN28xHJgNM,1,0.3005274,27.71,1,0.3005274,27.71,2024-11-23,2024-11-23
LTC,LUCXChHoD82iKPL6W6dHYR5vXzBcLugFmD,1,0.5,36.99,1,0.5,36.99,2024-11-10,2024-11-10
LTC,LhDu4pnWTUPUHZ7fSU8b8x4MCx4XGvJzhq,1,0.49549463,36.66,1,0.49549463,36.66,2024-11-10,2024-11-10
LTC,LYqiYeRpFfFZGtxMSvvsd4Lf3KGhBYHjdd,1,0.92599435,68.51,1,0.92599435,68.51,2024-11-10,2024-11-10
LTC,LVfEbbMziFCBu4MHYVSa2GUV1EQr6yN7tt,1,0.15401396,11.39,1,0.15401396,11.39,2024-11-10,2024-11-10
LTC,Ld83jfm3u79kFSEejCjKUbiyRNgjoFfBYh,1,1.2881681,95.3,1,1.2881681,95.3,2024-11-10,2024-11-10
LTC,LTTz3PCDqc4iPJP5u8QD9RyCTANfFmZom7,1,1.10182357,80.2,1,1.10182357,81.51,2024-11-09,2024-11-10
LTC,LSiKndvYRLWQNyJYYfEKmuxFoERUD3xuMB,1,1.37912012,100.39,1,1.37912012,102.03,2024-11-09,2024-11-10
LTC,LV2jBD383XmVcEkyW8uUMyUxcMbrmjsFJW,1,0.13342789,9.71,1,0.13342789,9.87,2024-11-09,2024-11-10
LTC,LVz1N63SwEmtSL4CbgxQ1wuCbQkGJR91vh,1,0.31737271,23.1,1,0.31737271,23.48,2024-11-09,2024-11-10
LTC,LZfavfKvEmcU26Lh6e1VAU3YejvvamdHHQ,1,0.23729813,17.56,1,0.23729813,17.56,2024-11-10,2024-11-10
LTC,LL8Ysmcy1uV5SsVuWZKhEfc89XgqS1jQst,2,0.52689612,57.85,2,0.52689612,61.8,2024-12-11,2024-12-12
LTC,LXSfeJMpmzazM3toiSPwiib4tuc3YuUAbK,1,0.15900363,18.65,1,0.15900363,18.65,2024-12-12,2024-12-12
LTC,LXd4Yx19RZLuSefQMyizPmDqf6yxioa6qr,1,0.17089495,20.05,1,0.17089495,20.05,2024-12-12,2024-12-12
LTC,LXQtdDikKFJUJxdHMJZ5nyT8UWQ2EfEL5M,1,0.30774346,36.1,1,0.30774346,36.1,2024-12-12,2024-12-12
LTC,LSYq7H5deQk6UzdyMDtPUCsQaPNJRBXPrj,1,0.1749,19.2,1,0.1749,20.52,2024-12-11,2024-12-12
LTC,LRUaUb3DdB8rA6McA5RG48oS4ndU81cKUY,1,0.62416676,73.21,1,0.62416676,73.21,2024-12-12,2024-12-12
LTC,LW1hHimNcBBdf48LEzeoshU7AcRTQaKZd4,1,0.22154711,24.32,1,0.22154711,25.99,2024-12-11,2024-12-12
LTC,LbtTJyosunYvLGJKj64f32oSAH92Rb9nEB,1,0.49318261,57.85,1,0.49318261,57.85,2024-12-12,2024-12-12
LTC,LiYpXNFX9yhRuBXc5rKvspsJi9dApRbjxE,1,0.09375666,10.29,1,0.09375666,11.0,2024-12-11,2024-12-12
LTC,LUHrV8DkaKRrc2MBaKz1xWK2wtozkDhXQi,1,0.4999,54.88,1,0.4999,58.64,2024-12-11,2024-12-12
LTC,LdkzQtX5eFLbtABiK13oyy2Jh79nXH4wHi,1,0.23982918,26.33,1,0.23982918,28.13,2024-12-11,2024-12-12
LTC,LbdasR5TujL7ydxqvdQ49Tj1ePyHneENPD,1,0.24156492,26.52,1,0.24156492,28.34,2024-12-11,2024-12-12
LTC,LcUi56DVTHJhqp2am9csNx4idjsZuqrM8n,2,1.07599042,126.21,2,1.07599042,126.21,2024-12-12,2024-12-12
LTC,LXh2scWQw52don2G14qxbLCtzPkhdZWZee,2,2.02425096,233.65,2,2.02425096,241.3,2024-12-11,2024-12-16
LTC,LRZHiQW5RCb3maEVUaFEEu788AD82KyeyG,1,0.51980875,60.97,1,0.51980875,60.97,2024-12-12,2024-12-12
LTC,LSbPnaWVWpY6iMgMiBPaTAL3Tm66pQQKNU,2,0.18916756,22.19,2,0.18916756,22.19,2024-12-12,2024-12-12
LTC,LcbHUKBknJaTFwB53QoRj5wVFWFRcqS3aF,4,2.43258868,267.5,4,2.43258868,273.64,2024-12-10,2024-12-12
LTC,LdqbVKaazHVQm2QFdf6o5oLufrxuGDAttG,1,0.15926008,18.68,1,0.15926008,18.68,2024-12-12,2024-12-12
LTC,LUmXtqqDEAyo9tMswADXwLnHtbVJgsP9Et,2,0.63480114,74.46,2,0.63480114,74.9,2024-12-12,2024-12-13
LTC,LWjBfv7h3resZAZYgf9wzotAFgX22ikS4b,1,0.37726409,41.42,1,0.37726409,44.25,2024-12-11,2024-12-12
LTC,LUHkQhCyq8uxujWhtti9hdAfEGb2t7KHqk,1,0.8566,94.05,1,0.8566,100.48,2024-12-11,2024-12-12
LTC,LNqPTRvCLCX4wDYkyR2w1prWn2si73WgxR,1,0.23771864,26.1,1,0.23771864,27.88,2024-12-11,2024-12-12
LTC,LZTgdpyNvbjCaWqyg5VwjvZ8Vy98ik29jd,1,0.04990749,5.48,1,0.04990749,5.85,2024-12-11,2024-12-12
LTC,LKQFbd8NF45TZZWjexJYgawvdGiWaC7gR5,1,0.15199172,19.9,1,0.15199172,20.32,2024-12-04,2024-12-05
LTC,LTZdzQgxfLjrWrsjwHun56mp1wZnEW1nvG,1,0.11207135,14.67,1,0.11207135,14.98,2024-12-04,2024-12-05
LTC,LXX11Zc185Q7BcL5JvwgfYxTZK7fzXXyi2,4,0.70288829,81.15,4,0.70288829,82.6,2024-12-04,2025-03-06
LTC,LVFYySZGXwxwQdfYSk5pihjSU1wydB5mAa,1,0.60162152,78.75,1,0.60162152,80.43,2024-12-04,2024-12-05
LTC,LVy5dG7sBxM3Kh4XvVEsRCCLcoAtjeDdye,2,0.26896886,35.29,2,0.26896886,35.96,2024-12-04,2024-12-05
LTC,LY3vmkJABtRfnuAjN8ognP1KnJFWkrc2Ez,1,0.1573204,20.59,1,0.1573204,21.03,2024-12-04,2024-12-05
LTC,LPQ6rq4ZWFFDg3rnY2JkwidV29PeuRk1rA,1,0.00731927,0.96,1,0.00731927,0.98,2024-12-04,2024-12-05
LTC,LeeDpX3DVvjGTh7AtZbesEbe48pPs7Z9PG,3,2.31827828,307.58,3,2.31827828,309.93,2024-12-04,2024-12-05
LTC,LhVVMbXpQsi5Wycg1Wp1gzG7qBWbDWeR9m,1,0.26538244,35.48,1,0.26538244,35.48,2024-12-05,2024-12-05
LTC,LSmu5Rgcms6eFjdYHzxwEVyWb8NyuwLN98,1,0.06218861,8.14,1,0.06218861,8.31,2024-12-04,2024-12-05
LTC,LTdXVH3tHnVSPdkp1EUDxwXxHGtfgz8Xu6,1,0.23470695,30.72,1,0.23470695,31.38,2024-12-04,2024-12-05
LTC,LTtduiucfe84ghosgkouvRqhKj9j1F67D7,1,0.15968851,20.9,1,0.15968851,21.35,2024-12-04,2024-12-05
LTC,LKeyybVrjFMEDmH51ziMPZqVkNyUaCzWya,1,0.06672029,8.73,1,0.06672029,8.92,2024-12-04,2024-12-05
LTC,LSxpi4tmMEDKtw9KUrwzqAYMJvJSwFXC9e,1,0.01345907,1.76,1,0.01345907,1.8,2024-12-04,2024-12-05
LTC,LgbuF3mx5C91M2HDkxqMV2jsCYDmCxuwuA,1,0.2269727,22.0,1,0.2269727,22.0,2024-11-25,2024-11-25
LTC,LKTUmvoNYBjgqwudnVzvb7bX7axoHWxpBP,1,0.18272942,17.71,1,0.18272942,17.71,2024-11-25,2024-11-25
LTC,LeidENUM3oQJ5JzNbkE73CByP3wUvvJwZS,1,0.43655892,42.31,1,0.43655892,42.31,2024-11-25,2024-11-25
LTC,LVb1Lqg2J8VRmT1GvriS8cZ7Ex2pc5rGde,1,0.62445832,60.52,1,0.62445832,60.52,2024-11-25,2024-11-25
LTC,LLLuMtNR4YvxNiF8ebYoy6mDABCWRLAFzp,1,0.43124369,41.8,1,0.43124369,41.8,2024-11-25,2024-11-25
LTC,LVKTHsmXm1YF9MAdMjcY5bti4NsjYRHa8r,2,0.19489052,18.89,2,0.19489052,18.89,2024-11-25,2024-11-25
LTC,LdEhAhY9ub9UjjcTTTa1v1yh1YntY2xezg,1,0.07485581,7.26,1,0.07485581,7.26,2024-11-25,2024-11-25
LTC,LYNo4gPLd6naEBW4c3SzeHHZnfU1LnJ4af,1,0.15307439,14.84,1,0.15307439,14.84,2024-11-25,2024-11-25
LTC,Lg9ibxWkZwvPVVo8p5LNiXvtkjQTU5C937,1,0.16516892,16.01,1,0.16516892,16.01,2024-11-25,2024-11-25
LTC,LWGZ81hj6Uf5xb5Y1vWRpy9au7cuSsVn6F,1,0.1717631,16.65,1,0.1717631,16.65,2024-11-25,2024-11-25
LTC,LSKA8x5vcPBYBVpBtqaHRGhYBiBXkEm3Vy,1,0.49852888,48.32,1,0.49852888,48.32,2024-11-25,2024-11-25
LTC,Lbjuu2eU7J9nGTLzBhg3M1A9mPDJo1ibD5,3,0.78158976,75.12,3,0.78158976,75.12,2024-11-25,2024-11-26
LTC,LS32Pucs6NzdrmdmuknQSsaZm9iy8HyVyx,1,0.5999,58.14,1,0.5999,58.14,2024-11-25,2024-11-25
LTC,LgZWgsBXeDQ8DHdJ3pyeRpyJf7vbjmuE4v,1,0.17020508,11.38,1,0.17020508,11.38,2024-10-15,2024-10-15
LTC,LT1LDEmUNbkBU68RYFvDkmuGomgpHvdPrH,1,0.33175903,22.17,1,0.33175903,22.17,2024-10-15,2024-10-15
LTC,LdUx9ta2B9vibCJnC7cDyDBssADjSP5h1k,1,0.287612,19.22,1,0.287612,19.22,2024-10-15,2024-10-15
LTC,LV5kJgSc1xFkLss8zxo6HxKYWrjUwYMqr8,1,0.1978793,13.23,1,0.1978793,13.23,2024-10-15,2024-10-15
LTC,LXTq6ZLjQmCds3ToERqt1zxDgiuh53aSPQ,1,0.16911578,11.3,1,0.16911578,11.3,2024-10-15,2024-10-15
LTC,LSNJqnbT3XsVniW8rRsdeC7bFgRLaMXLZf,2,0.04608271,3.08,2,0.04608271,3.08,2024-10-15,2024-10-15
LTC,LZNMUVDL4z8RR7X5n8zmiLnccuyvynBrXF,1,0.62024892,41.46,1,0.62024892,41.46,2024-10-15,2024-10-15
LTC,LNEfp2dQz4Jh4mG9RzfresyQQukagamwqp,1,0.19310063,12.91,1,0.19310063,12.91,2024-10-15,2024-10-15
LTC,LhfJzHrdej44YK5qc4YUEGh5GRChxfxTy1,1,0.62699727,41.91,1,0.62699727,41.91,2024-10-15,2024-10-15
LTC,LMKfBKQ88oFZGUnjzmfnQeWc4qSWfGvJrJ,1,0.4482,29.96,1,0.4482,29.96,2024-10-15,2024-10-15
LTC,La9fR73BvEXgJda3nsG83hWkQ8g545if65,1,0.42151526,28.17,1,0.42151526,28.17,2024-10-15,2024-10-15
LTC,LRiWacXcBKhnboLaCA3KGvRiyyPjVXjr32,1,0.11645501,7.78,1,0.11645501,7.78,2024-10-15,2024-10-15
LTC,LQijtVen67AejKaD7MqWcNwpEQL9cDeJTx,1,0.27604206,18.45,1,0.27604206,18.45,2024-10-15,2024-10-15
LTC,LdcA5REc4AqavSmYkb781H2MpxPrmMUBbU,1,0.42370577,28.32,1,0.42370577,28.32,2024-10-15,2024-10-15
LTC,LXtQNEygR9aJUAvZQDT1dgD7nRWbbhrkeX,1,0.4,26.74,1,0.4,26.74,2024-10-15,2024-10-15
LTC,LYLiEPaso8t8D4ob1hkvwixP2nyXerGsrF,1,1.4934156,99.82,1,1.4934156,99.82,2024-10-15,2024-10-15
LTC,LR8EFN24pvtvYte2Sy6NLfCMDoC8yvmvSE,1,0.86772986,58.0,1,0.86772986,58.0,2024-10-15,2024-10-15
LTC,LQz2Car7QukKjV96YZfrBAGj86KoWNDizF,1,0.65239438,48.15,1,0.65239438,49.71,2025-04-11,2025-04-12
LTC,LPiUFkrmmdtMhbRUtXsLZoPqhSmADBeexc,1,0.22265786,16.43,1,0.22265786,16.96,2025-04-11,2025-04-12
LTC,LfJPusBYWFtAnNfjsqAztRp8aWKMMtK2EK,1,0.24964571,19.02,1,0.24964571,19.02,2025-04-12,2025-04-12
LTC,LaqssnZK7VxM5tzy6RGeTpmoTUiERGk8Th,2,0.35828457,27.3,2,0.35828457,27.36,2025-04-12,2025-04-13
LTC,LdKEV4mJdeaT8PdfrRrXrwxXAcFvjJt8Qf,2,0.2075972,15.32,2,0.2075972,15.82,2025-04-11,2025-04-12
LTC,Lc1pkJnJhbQi31aTsbwh4udXP3pjTERRxc,1,0.06414945,4.89,1,0.06414945,4.89,2025-04-12,2025-04-12
LTC,LKMmT1WkSHFDgoKLvmDcuUf4h8SobQ3RYh,1,0.71600439,52.85,1,0.71600439,54.55,2025-04-11,2025-04-12
LTC,LRvD3wx4SzXmvcdtnDu1x1wssDYGnxGM3b,1,1.55925155,115.09,1,1.55925155,118.8,2025-04-11,2025-04-12
LTC,LXQsm5f3GuCkqa7DDRuECnmGEPTVUAgTLP,1,0.573431,42.32,1,0.573431,43.69,2025-04-11,2025-04-12
LTC,LRvtUBjEpdb64Vv1Gv1SUfV1F51un4oWjo,1,0.2573,19.6,1,0.2573,19.6,2025-04-12,2025-04-12
LTC,LVVxQK38TCPr18EiFqzaWEFHkB1dQYD9PH,1,0.13226687,10.08,1,0.13226687,10.08,2025-04-12,2025-04-12
LTC,LQa8f4EAg34Pyfm8puY2oixLuzYb6TQp3E,1,1.0,76.19,1,1.0,76.19,2025-04-12,2025-04-12
LTC,LMEjZMR2MnMDF4nwiFhrSPSe6AA7LzCiTz,1,0.22277677,16.44,1,0.22277677,16.97,2025-04-11,2025-04-12
LTC,LYYn9qKKxow8FYr3XCRmudaTMuvAxDNj6w,2,2.6163,199.34,2,2.6163,199.34,2025-04-12,2025-04-12
LTC,LRvaMWbAmcQMfjup4STkhLyuAbt2kWBuMY,1,0.19417352,14.33,1,0.19417352,14.79,2025-04-11,2025-04-12
LTC,LarufSpk6SWnfnL9wJtPf3VNi6SzpFSAqC,1,0.62528491,47.64,1,0.62528491,47.64,2025-04-12,2025-04-12
LTC,Lg92BiQfNeC3yctjrnQ4KNVvWaqU8nX1o8,2,0.54739044,42.34,2,0.54739044,42.69,2025-04-11,2025-04-13
LTC,LRA7MN5d5ABGUKRinW4AhJWKUxpExCX5yq,1,0.5859,44.64,1,0.5859,44.64,2025-04-12,2025-04-12
LTC,LQj1keHUhzHWySfZrgPqeMv6Ur2kDoSrKT,2,0.28498027,21.39,2,0.28498027,21.89,2025-04-11,2025-04-13
LTC,LPmUWwdv9ZezwFRT7brimmRWMaAZ3f9eQj,1,0.43570426,32.16,1,0.43570426,33.2,2025-04-11,2025-04-12
LTC,LULJHUV5tNhvmqZvBmaz4P7DddPJmtXKEU,1,0.338561,25.79,1,0.338561,25.79,2025-04-12,2025-04-12
LTC,LNa2jdVsBXG6caAMau98EzsF9DUEz3FGaH,2,1.41634103,108.73,2,1.41634103,108.41,2025-04-12,2025-04-15
LTC,LchGAM1hBtHN8swF2vZ8cytcwjGR3s6kBY,1,0.14945904,11.39,1,0.14945904,11.39,2025-04-12,2025-04-12
LTC,Lcp9vJdRa8WxHuHZTHcqXSAqMsgXEe2QVk,1,0.1111426,8.47,1,0.1111426,8.47,2025-04-12,2025-04-12
LTC,LKcxBpfPsyeJkRfQ52qf9x9LpFqv3CSgBS,1,0.53651964,40.88,1,0.53651964,40.88,2025-04-12,2025-04-12
LTC,LWAS9k21dFviqNTMiyMU1Ditwi3aRhiMD5,1,0.64468553,47.58,1,0.64468553,49.12,2025-04-11,2025-04-12
LTC,LNYGQCRm46fQQfHUBPBzaMCQPeAuYQftzK,1,0.25258237,19.24,1,0.25258237,19.24,2025-04-12,2025-04-12
LTC,LU9yeiKw4a4LGdP6gieF6rspkBAsZRc6dL,1,0.87697165,90.9,1,0.87697165,91.85,2025-03-05,2025-03-06
LTC,LRVSQo1gBhNRa4jHVFbFWjw11bLioYC7fE,1,0.08008778,8.39,1,0.08008778,8.39,2025-03-06,2025-03-06
LTC,LeAFJmZLiciGrXZoPVCaiKdDT4VbuspaXS,1,0.08926819,9.25,1,0.08926819,9.35,2025-03-05,2025-03-06
LTC,LTvAP73owXdLceTaFFjXifnQN3UB6rcoEh,1,0.6399,66.33,1,0.6399,67.02,2025-03-05,2025-03-06
LTC,LQQjb83HsobsW5ddowryy7A9FxGJAi2PN8,5,0.7352579,77.31,5,0.7352579,77.99,2025-02-26,2025-03-06
LTC,LcP6crnUtMK1k9LdWXyTZJy1eqvnh4is2V,4,1.0843047,119.17,4,1.0843047,116.07,2025-03-04,2025-03-06
LTC,LZ8RnsFySz4aTJdRQYTBwx4e1hMfoBaJWW,1,0.29049847,30.42,1,0.29049847,30.42,2025-03-06,2025-03-06
LTC,LUX2wBtCDipHWEZdFSUrganpV1L41CRfX2,4,0.82416157,88.34,4,0.82416157,86.08,2025-03-04,2025-03-12
LTC,LKGuQiDqibkgCcMqqVimxtPBZbvYFAeZoh,1,0.10273871,10.76,1,0.10273871,10.76,2025-03-06,2025-03-06
LTC,LR9iZ2CRFFL2N8S5brnMNKjK7Ft6ExmoM3,3,0.48695914,48.15,3,0.48695914,47.62,2025-03-06,2025-03-27
LTC,LLEm2Majq4ryQpcKawTBTEzRyeKteUFa8c,1,0.47591,49.33,1,0.47591,49.84,2025-03-05,2025-03-06
LTC,LYPT7yt7yBdR5p8W12Ucv1PoguR5xcpLmB,1,0.23477373,24.33,1,0.23477373,24.59,2025-03-05,2025-03-06
LTC,Lfgy3Yvt8Yk5hRsLEwUEweA6zpEC7PrQc3,1,0.13852973,14.51,1,0.13852973,14.51,2025-03-06,2025-03-06
LTC,Lc3ug3MspFyv5cuYeUWzwPXVmidWvAFSSk,1,0.08268358,8.57,1,0.08268358,8.66,2025-03-05,2025-03-06
LTC,LS6NS3TKuq3JQAzhu8DfQwKXeZwg9sPbDx,1,0.23736606,24.6,1,0.23736606,24.86,2025-03-05,2025-03-06
LTC,LiFa35BMNzhpWNxUGdFY75EGce4MxQfJfo,1,0.19252655,20.16,1,0.19252655,20.16,2025-03-06,2025-03-06
LTC,LMejHk6LVx7728mvDAahDLCCkrBfkE6GNS,2,0.1355952,14.05,2,0.1355952,14.2,2025-03-05,2025-03-06
LTC,LfTCeXCoUw9x6auFLLCfP8qVF4xusv6N67,1,0.51919992,54.38,1,0.51919992,54.38,2025-03-06,2025-03-06
LTC,Lfrh54R6ZpBAk954CG1Chkg8XRkC1HCysK,1,0.1762892,18.46,1,0.1762892,18.46,2025-03-06,2025-03-06
LTC,LZM6xZMYUWgMTwCpuxJQKi8wt1Q65YcMrt,1,0.34879372,36.53,1,0.34879372,36.53,2025-03-06,2025-03-06
LTC,LR5cek821H6K9EUsJFsfP3QNAKLZDvK825,1,0.4573376,47.4,1,0.4573376,47.9,2025-03-05,2025-03-06
LTC,LRFVuPzfrjMNo9kN5k2RriZGUDekKvXHyr,1,0.63884206,66.22,1,0.63884206,66.91,2025-03-05,2025-03-06
LTC,LWLa6kerZyv6Zz38Lr1MBBmUH3ckknf2mc,1,0.05965613,6.25,1,0.05965613,6.25,2025-03-06,2025-03-06
LTC,LPcenPgNTgMEGEoHWNnbbQX6F789ykhPQJ,2,0.13969139,12.38,2,0.13969139,12.47,2024-10-17,2025-03-06
LTC,LWqaBVh4fAmiHgwnqHxCd92jmpQ9y5Yo4B,1,0.27438512,28.74,1,0.27438512,28.74,2025-03-06,2025-03-06
LTC,LfHcxEWBq3wYHn5yVMycuTg7qbsH3Cn9Un,1,0.19765712,20.7,1,0.19765712,20.7,2025-03-06,2025-03-06
LTC,Lc92FHecsGyE6uqG6DZEKw9SA54iCb2otc,1,0.3408454,35.33,1,0.3408454,35.7,2025-03-05,2025-03-06
LTC,LP4CX2RC4d6N5bZtvjhqtf8QVfSrtHp8wU,2,0.47738314,46.14,2,0.47738314,46.38,2025-03-05,2025-03-12
LTC,LhqBWSGXa52KRV9LgxpamrAPT41qtxSJ9Q,1,0.18767754,19.66,1,0.18767754,19.66,2025-03-06,2025-03-06
LTC,LKu4JigVX6nPpPdR42EEXF6uUcszUi8y3R,1,0.6702675,70.2,1,0.6702675,70.2,2025-03-06,2025-03-06
LTC,LRfBV29AnpMF3bxRn9GZZqqWpkWQ6rLu13,1,0.45455,47.11,1,0.45455,47.61,2025-03-05,2025-03-06
LTC,LPP2xx6MZzm3rSNmCdrDJQ4m1imdk6SrGR,4,0.69113782,71.3,4,0.69113782,71.47,2025-03-04,2025-03-15
LTC,Lb5c9EUpo6aVVKvvFfQmbbyupU7LuMV7rm,1,0.03587792,3.72,1,0.03587792,3.76,2025-03-05,2025-03-06
LTC,LQTMXwCHRX7V4ky9phaS7JbKQtEn3mW8nN,1,0.28676194,31.52,1,0.28676194,30.03,2025-03-04,2025-03-06
LTC,LThFyzMLV9dwPYt6J2VDHhhf2CCyNHNZME,1,0.41269169,43.22,1,0.41269169,43.22,2025-03-06,2025-03-06
LTC,LQ2kYWae1Udk3SCTjo9ZVNko3CsQYwZ3Ze,1,0.42992553,45.03,1,0.42992553,45.03,2025-03-06,2025-03-06
LTC,LSmPZSfNEg5GVFWZXr4XEDeu6AyG26QwWG,1,0.53937235,56.49,1,0.53937235,56.49,2025-03-06,2025-03-06
LTC,LPBD8XhtoECggt558YppgELe2Hys9SDxd2,1,0.28347659,29.38,1,0.28347659,29.69,2025-03-05,2025-03-06
LTC,LcNR2uXLWPSD8NyYUDPyJ8aGgy1CKEu4yD,1,0.2828591,29.62,1,0.2828591,29.62,2025-03-06,2025-03-06
LTC,LQYfUh79wcDiGBPbn8DRQaizbaMJfXAsF1,1,0.101798,11.19,1,0.101798,11.19,2025-03-04,2025-03-04
LTC,LhufCp7VLY9Y7E3ZegCTc8aUjt1rHjLnDA,1,0.18784805,24.02,1,0.18784805,20.64,2025-03-03,2025-03-04
LTC,LNj4BJFyk1VUrahS5cz4K48kzSMPaXABPb,3,0.6597,80.77,3,0.6597,72.5,2025-03-03,2025-03-04
LTC,LhVp675iPa1WU7mMF8JjMUpEuFcDqQgSd7,1,0.106,11.65,1,0.106,11.65,2025-03-04,2025-03-04
LTC,LS2Zu4pJQGtpq3sri1xMt9fPSCRuiqZChC,1,0.147,16.16,1,0.147,16.16,2025-03-04,2025-03-04
LTC,LLJqdvJAnELBosuJGg3jK5wsk1fvKdgviB,1,0.48193181,52.96,1,0.48193181,52.96,2025-03-04,2025-03-04
LTC,LVrMgp5tjqDTRf4ixC9uXvQbUdviBNdjKq,1,0.07596593,8.35,1,0.07596593,8.35,2025-03-04,2025-03-04
LTC,Lbhbk8A7CmJWf1FmGgYF1ZzgtusPzYcjhZ,1,0.42497893,46.71,1,0.42497893,46.71,2025-03-04,2025-03-04
LTC,LXxdWZHVHnP97SyjiYYNpGx3iSmutshH5K,1,0.1927,21.18,1,0.1927,21.18,2025-03-04,2025-03-04
LTC,LfpFqbvUepRS7JDBrG6tJ8x43mmCWkQDXd,1,0.17511904,19.25,1,0.17511904,19.25,2025-03-04,2025-03-04
LTC,LXwwMo2QBxsGaTBYRBv3PMENP54uRRto71,1,0.33082013,36.36,1,0.33082013,36.36,2025-03-04,2025-03-04
LTC,Lfrnk5n1zkFcUN61TtKccPsFzexFdWUiz5,1,0.2109,26.97,1,0.2109,23.18,2025-03-03,2025-03-04
LTC,LcJLoC4oqDXLhPtP3qBsE9odHTyoR26NaY,1,0.58981788,64.82,1,0.58981788,64.82,2025-03-04,2025-03-04
LTC,LZJ2tjJdJooThWQaB4Ks5QJycPcG2bADqy,1,1.36165086,174.14,1,1.36165086,149.65,2025-03-03,2025-03-04
LTC,LaeyEa2bAeLXWMVPHkXKek7s2bG7DDGiLE,2,1.15399597,130.82,2,1.15399597,130.82,2025-02-24,2025-03-04
LTC,LQrYLXZMxotpbtmrrhhF4TEWjf4dDp2PvS,1,0.0819,9.85,1,0.0819,9.77,2025-02-11,2025-02-12
LTC,LYmigPaDQcqbnfewBujn9urKuNCC9wnuHo,4,0.5496,61.26,4,0.5496,63.25,2025-02-10,2025-02-12
LTC,Lf12uKq7BFmS47VZSpJNDBRYykMLCYkcCG,1,0.24787681,29.8,1,0.24787681,29.56,2025-02-11,2025-02-12
LTC,LhSqzZRfBajVc3ncwogPd2eoEkDmhKzanX,1,0.32046865,38.52,1,0.32046865,38.22,2025-02-11,2025-02-12
LTC,LXqsxkvQ4btf1wVPThDKM68J2LWfQVXzy4,2,0.43540161,52.18,2,0.43540161,51.93,2025-02-11,2025-02-12
LTC,Lgded57JLNsHnVktYRSQEgeELfcJaVQiPw,2,0.72634057,85.9,2,0.72634057,85.52,2025-01-30,2025-02-12
LTC,LVFXqT4RqMXatm91fLgTmB1tdfBrB1k4Us,1,0.19840156,23.66,1,0.19840156,23.66,2025-02-12,2025-02-12
LTC,LTwS8xHuCF5eZGswHRBLWAgqXUPaZ8vsA4,1,0.12410027,14.92,1,0.12410027,14.8,2025-02-11,2025-02-12
LTC,LiHiJaqk2ZutxgqurcX2nH5e4r6uqSk6ii,1,0.47773726,56.97,1,0.47773726,56.97,2025-02-12,2025-02-12
LTC,LdNzoXXUSpFUjcLVdmQBE73XDPaeCuGcSG,3,2.91719798,318.28,3,2.91719798,315.26,2025-01-29,2025-03-17
LTC,LTPdKiDueps1TUDJew2Jg7qUE6TnzHmAzf,1,0.13473148,16.07,1,0.13473148,16.07,2025-02-12,2025-02-12
LTC,Leaxnjd2mr9uFPETLceDUb3Y2vZUjQXRP4,1,0.71178539,85.56,1,0.71178539,84.89,2025-02-11,2025-02-12
LTC,LQXUfzhLYnPYgNWa2WRyaUfG9T4WsP92Br,3,1.25701674,151.64,3,1.25701674,154.48,2025-02-12,2025-02-14
LTC,LLT6aws1EmazfKyhJfHsieZot7VtcbfZXp,1,0.3326086,39.98,1,0.3326086,39.67,2025-02-11,2025-02-12
LTC,Lg8iAqBtTvHg1PKbFSQcp8Wpwf6yVbLiUv,1,0.20546512,24.7,1,0.20546512,24.5,2025-02-11,2025-02-12
LTC,LVEWpRPJJgGwUmm3CLjNLuS1MQQRMpvEfm,1,0.44259552,53.2,1,0.44259552,52.78,2025-02-11,2025-02-12
LTC,LL66vwvPrsn4wQi1GfV5SDSFYBq4cnEELh,1,0.33400133,40.15,1,0.33400133,39.83,2025-02-11,2025-02-12
LTC,Le4upNUsRRRnPKLf4M85zbqNkeCxoingKk,2,0.81663773,98.93,2,0.81663773,100.44,2025-02-11,2025-02-14
LTC,LLYLt1nCgZ1E9sBSqHDvQiwbRTYPXatkLE,1,0.51174159,61.03,1,0.51174159,61.03,2025-02-12,2025-02-12
LTC,LQaPtfaivUH2DurGU3SesWuX5pNvdtpok8,1,0.08774878,10.46,1,0.08774878,10.46,2025-02-12,2025-02-12
LTC,LL7XwkuMepNfrxnrBUkRAB5NQK7kHkRLVw,1,0.206693,24.85,1,0.206693,24.65,2025-02-11,2025-02-12
LTC,LdHdPUpCKGLJ8z87u3qBbSSAWmmFnfSeNs,1,0.76790629,91.58,1,0.76790629,91.58,2025-02-12,2025-02-12
LTC,LeooXDKpaJqBVaQi1z8AEEpFTQJA4dxr9E,1,0.23919953,24.97,1,0.23919953,24.48,2025-01-12,2025-01-13
LTC,LgmSh7W3XcwAN8udLSi5JxhFati7bLaKBL,1,1.16472119,121.6,1,1.16472119,119.21,2025-01-12,2025-01-13
LTC,LQfepM9nQWLHmsoLL4FuQSWkeS3Pincmcs,1,0.28884897,30.16,1,0.28884897,29.56,2025-01-12,2025-01-13
LTC,LM4RMsNCDxNSh42AsztKCifS19DA16nozM,1,0.09327838,9.55,1,0.09327838,9.55,2025-01-13,2025-01-13
LTC,LWPBPAid3H1wJp5gCL6b7jzpBtKdxbnU7c,1,0.32264143,33.02,1,0.32264143,33.02,2025-01-13,2025-01-13
LTC,LMQ4NfQZhpfbE4WPW1FtMuVjV2YXyvKHdv,1,0.29679146,30.38,1,0.29679146,30.38,2025-01-13,2025-01-13
LTC,LgvX5a9mNDGi8gbXcnTZP81Bj5CrzJogjE,1,0.361538,37.74,1,0.361538,37.0,2025-01-12,2025-01-13
LTC,LPRmhfDEWRQuzbRaxDuZeYgXMXNGEheZKU,1,0.09502241,9.92,1,0.09502241,9.73,2025-01-12,2025-01-13
LTC,Lf5CByinJj5Sw7hRg5rBwCw5PRKrhj5aEa,1,0.11749445,12.03,1,0.11749445,12.03,2025-01-13,2025-01-13
LTC,LWurFsYCk3fVWymSyPUmtKTVRN5dbEr815,1,0.75364927,78.68,1,0.75364927,77.14,2025-01-12,2025-01-13
LTC,LN2UmC1EKnUbJu6hCF8RozFAt86Q4Lp2iw,1,0.0799,8.18,1,0.0799,8.18,2025-01-13,2025-01-13
LTC,LNj7uDetTzxN5rVCJwLfg5amWjHBfFPoH5,1,0.1071017,11.18,1,0.1071017,10.96,2025-01-12,2025-01-13
LTC,LSRRgUGyRdQwGc9i66cp22eMBNZHiKcMKk,1,0.28035633,28.69,1,0.28035633,28.69,2025-01-13,2025-01-13
LTC,LfUkJC9jSMjyXFfmkAKG7X7ZiBKyuG62tZ,1,0.12180809,12.72,1,0.12180809,12.47,2025-01-12,2025-01-13
LTC,LSjt4pjQr5E6TDp1HTnTcbUA245c4wSVmA,1,0.09591229,10.01,1,0.09591229,9.82,2025-01-12,2025-01-13
LTC,Lesnp7RoHkYm3aL6U6mSni8x5dxEvXNfaT,1,0.07031849,7.34,1,0.07031849,7.2,2025-01-12,2025-01-13
LTC,LfphgNQFokCxeK4xdPCrSEdTuF61jbGBob,1,0.62748832,64.22,1,0.62748832,64.22,2025-01-13,2025-01-13
LTC,LfsYLx1NDddhroPEwhXaBj3yKqLugYskeo,2,0.46235577,47.41,2,0.46235577,47.41,2025-01-08,2025-01-10
LTC,LMiq8d6D4x5MTELi7fKyk76Y42pyufJ4R9,1,0.0962845,9.77,1,0.0962845,9.84,2025-01-09,2025-01-10
LTC,LNAiW1EiysaNVVJCsiYxZ1WxjaVaSG23M2,2,1.0002166,102.25,2,1.0002166,102.25,2025-01-10,2025-01-10
LTC,LRBJBvP4KW4fJm31u1u5h7DWmZPCdSYLbv,2,0.39601615,40.48,2,0.39601615,40.48,2025-01-10,2025-01-10
LTC,LNkMBUrwuNMG7EQvLe5EbYZmwGEmYFdfZu,1,0.95138879,97.26,1,0.95138879,97.26,2025-01-10,2025-01-10
LTC,Lc6ZuvUH1BhDYBFgr1apS4UrvFoKduX2M3,1,0.2856696,28.98,1,0.2856696,29.2,2025-01-09,2025-01-10
LTC,LNykxnP2nU4S6K8bjDpVs7nWLJrnsiG7Mt,2,2.46508642,252.01,2,2.46508642,252.01,2025-01-10,2025-01-10
LTC,LXTs3NXC1dZ9VdfQ6JG2MBL3S1Tm3GurTq,2,0.3130001,33.56,2,0.3130001,33.71,2025-01-09,2025-01-23
LTC,LY7jfqdwAg4wVajxr6D13kmz8hb6G98PDj,1,0.1328476,13.47,1,0.1328476,13.58,2025-01-09,2025-01-10
LTC,LZszpfmt2UDX6vSsauKSiCqJfkwBmPgQDh,1,0.20403949,20.86,1,0.20403949,20.86,2025-01-10,2025-01-10
LTC,LNmVnbKgUMcPonS15Hr8ikcgJEDTXyswaS,2,0.12812902,13.0,2,0.12812902,13.1,2025-01-09,2025-01-10
LTC,LXM5uUQFkML3Vi4s4PnuqRd9o153B88EUn,1,0.242682,24.62,1,0.242682,24.81,2025-01-09,2025-01-10
LTC,LXLyd7t9rrJkMJzgvGBowdtHWAS5hrqRbd,1,0.55136895,56.37,1,0.55136895,56.37,2025-01-10,2025-01-10
LTC,LhSnzqGHTqZSqHYbR8N1uXG44ygEm2L1TS,1,0.56254637,57.06,1,0.56254637,57.51,2025-01-09,2025-01-10
LTC,LfHDSuLcMF7gJ4cgdsCLCnnYTJv6v5DgwJ,4,0.69907183,73.35,4,0.69907183,71.58,2025-01-07,2025-01-10
LTC,LSovMFhhezHyoAw4eme2x2DnfnA1L5755g,1,1.10856441,113.33,1,1.10856441,113.33,2025-01-10,2025-01-10
LTC,LYT6avSh4SUB2ER66FHP7M6uHyX1oeJ4Pi,1,0.19699407,19.98,1,0.19699407,20.14,2025-01-09,2025-01-10
LTC,LhcgTQpCycFC8BJYSUmWqWDyLoXGoDuXoj,1,0.23737086,24.08,1,0.23737086,24.27,2025-01-09,2025-01-10
LTC,LWun7zRa4JSh5NFmCrrXqWSoSX8ogfGRdg,1,0.96369085,97.75,1,0.96369085,98.52,2025-01-09,2025-01-10
LTC,LePLEANdNtM1ch32E9VCPVVAqmSgKYJbHA,1,0.23286145,23.62,1,0.23286145,23.81,2025-01-09,2025-01-10
LTC,LbcSnJBWveW67eTGPPJvFGuLVR1YhCki3G,1,0.23549141,23.89,1,0.23549141,24.07,2025-01-09,2025-01-10
LTC,Lf3phZKbiPaWozoaLggTiBzFCGgKtCczo9,1,0.17120244,17.37,1,0.17120244,17.5,2025-01-09,2025-01-10
LTC,LaK71B84aFHrshV23n1JtGLZc7zPDFkZDU,2,0.41646604,42.24,2,0.41646604,42.58,2025-01-09,2025-01-10
LTC,LQrUJJR8SnucaSTAYvAPioxKA6gy3FHKjm,1,0.11937561,12.11,1,0.11937561,12.2,2025-01-09,2025-01-10
LTC,LaHVs4dXufYhh3G4WNFpLnBhDovu5odEH9,1,0.1649326,16.73,1,0.1649326,16.86,2025-01-09,2025-01-10
LTC,LgbsPDprb9xU7JA71s5esHEDA5Ukno3iqC,1,0.09457612,9.67,1,0.09457612,9.67,2025-01-10,2025-01-10
LTC,LPDz8kLK6eS7DDyivM89xhJhxYLSiXEMTk,1,0.15618511,15.97,1,0.15618511,15.97,2025-01-10,2025-01-10
LTC,LXiE5udNbVwWAZ6fBn5ZHL696ujAvJ8vwj,1,0.60993034,62.35,1,0.60993034,62.35,2025-01-10,2025-01-10
LTC,LSTBr5q3E45GyajHQ3gnwpfMbMq2ay9JKY,2,0.22285864,26.58,2,0.22285864,26.58,2025-02-12,2025-02-12
LTC,LTqcAtrPFbxyDXBqrBDK9NjjrtGPvZoirU,2,0.31099153,37.09,2,0.31099153,37.09,2025-02-12,2025-02-12
LTC,LWEEAh5v6ghnYTtF8kMxVVx4aws3f6bqow,1,0.10551092,12.58,1,0.10551092,12.58,2025-02-12,2025-02-12
LTC,LPKYFGW9Ny7UKBadLfBbJodpDhkMTUntyd,2,0.91577783,100.82,2,0.91577783,100.82,2025-01-15,2025-02-12
LTC,LMjEj7g8qFU2eggD3xVF3oY9F7fgjNmQXL,1,0.24032485,28.66,1,0.24032485,28.66,2025-02-12,2025-02-12
LTC,Li6fjPrpB75gkkuKm6DbGnWuDGYga3t6me,1,0.07221658,8.61,1,0.07221658,8.61,2025-02-12,2025-02-12
LTC,Lakat17DcmPGfwRk6Nh3dXjTdmyRaMX6k7,1,0.20798668,24.8,1,0.20798668,24.8,2025-02-12,2025-02-12
LTC,LRbmpJhRQMC7JWF5hEo2y3oWFs9HnTRNY2,1,0.31598203,37.68,1,0.31598203,37.68,2025-02-12,2025-02-12
LTC,LYJVb9hKnW7616bgLoTzN2Bib9SBj9x6hG,1,0.0687,8.19,1,0.0687,8.19,2025-02-12,2025-02-12
LTC,LatsFR6mMaQY8kjXWz2MtaBBLskcUoZPi2,1,0.21087565,25.15,1,0.21087565,25.15,2025-02-12,2025-02-12
LTC,LVo2bS19Wno5qs6hwPb6K3ZL9Ah5vjT2H2,1,0.082817,9.88,1,0.082817,9.88,2025-02-12,2025-02-12
LTC,LNuqu9KdnxzDt7pVrnzuG6BFsUdWg9tP1A,1,0.24387414,29.08,1,0.24387414,29.08,2025-02-12,2025-02-12
LTC,LdUPoSJDQBAgzzLUF7JJ4QLdTmN9fyCy8s,1,0.199887,23.84,1,0.199887,23.84,2025-02-12,2025-02-12
LTC,Lae1J2Pw2nmtLSbpWGBU4sweiegu5U2bWS,1,0.12536321,14.95,1,0.12536321,14.95,2025-02-12,2025-02-12
LTC,Ld5Yw4XMyntM1pE5rKBXbxvHMZf6V17fZ2,1,0.05776531,6.89,1,0.05776531,6.89,2025-02-12,2025-02-12
LTC,LTUSZVL3Ws4PCnHU5wKYzFNH3MCSxLjdAE,1,0.21099887,25.16,1,0.21099887,25.16,2025-02-12,2025-02-12
LTC,LKYd3KiYovd3nmHe938dYLntvHWzdNmFhX,1,0.21693957,22.05,1,0.21693957,22.05,2025-02-07,2025-02-07
LTC,LXD3DKPskXWb9zLxwptvCFfATqzhwyXTJ5,2,0.40112456,40.78,2,0.40112456,40.78,2025-02-07,2025-02-07
LTC,LYVJfrhzgeQocZBwsskugTNEYqeT7X8wJY,1,0.2273741,23.11,1,0.2273741,23.11,2025-02-07,2025-02-07
LTC,LYLjnc7Eved7Qo912c5MayXxnMVSBEGHRD,1,0.94732276,96.3,1,0.94732276,96.3,2025-02-07,2025-02-07
LTC,LSi6FrJbQm8PhJDXadxuuKqUnjhc2qP21K,1,0.63365976,64.42,1,0.63365976,64.42,2025-02-07,2025-02-07
LTC,LZCGFxkFF829q9wLLAtHB19b46K3G7gnVA,1,0.63465186,64.52,1,0.63465186,64.52,2025-02-07,2025-02-07
LTC,LLj67YCoxcqaHZccVi7MsGeRytZg1oNbnZ,1,0.551348,56.05,1,0.551348,56.05,2025-02-07,2025-02-07
LTC,LR1dmzPyZY2jHfZYFYHeeLL5ueiqwdK1QA,1,0.13497687,13.72,1,0.13497687,13.72,2025-02-07,2025-02-07
LTC,LgAai1zn5L1RGifJCqqqpAfHLYNGvTSsvE,3,2.72858368,272.31,3,2.72858368,291.3,2024-12-23,2024-12-24
LTC,LgcEjMqxRR5Jq7P6D5MKSFJaWMPEgWKEGo,1,0.48396382,48.3,1,0.48396382,51.67,2024-12-23,2024-12-24
LTC,LfSJJBEWFGq6p3ZV48LuuJwMxK7Pk8xYix,2,0.0268,2.86,2,0.0268,2.86,2024-12-24,2024-12-24
LTC,LZaTBYuG7kj3ZLwr9QeD8JHgrXf4onEa8J,1,0.11344109,12.11,1,0.11344109,12.11,2024-12-24,2024-12-24
LTC,LMgeyeAeapXHwKH9WTyp6AinYgfaobVo4X,1,0.56444148,60.26,1,0.56444148,60.26,2024-12-24,2024-12-24
LTC,La8aEJUMY1VCnPQ8fk46jxg6EHSKHcvCTN,1,1.30089085,138.88,1,1.30089085,138.88,2024-12-24,2024-12-24
LTC,LYJP5Nos3TS3b1hD2PPA4gAhrdtuJsFVMK,1,0.07224214,7.21,1,0.07224214,7.71,2024-12-23,2024-12-24
LTC,LQ6noWUyx7SZ9Lf6G9fgjjDRANtobcyrLX,5,1.45031987,124.92,5,1.45031987,124.87,2024-12-23,2025-05-06
LTC,LRi4CnPB69FA4H1z51RaNYysSUTNKUBBi7,1,0.07144711,7.63,1,0.07144711,7.63,2024-12-24,2024-12-24
LTC,Lei4Zky2DbEgyvtrxsrCCfR3wJM6kmUn4M,1,0.3699,39.49,1,0.3699,39.49,2024-12-24,2024-12-24
LTC,LhKoACLZAMwsVBEbBHRhgTNfbZzBF7Z9Hq,4,1.17182635,127.66,4,1.17182635,127.51,2024-12-10,2024-12-24
LTC,LemzFMyRZJw6hyRQckJ1wVLcAVTjutQmR4,2,1.6888603,173.83,2,1.6888603,180.3,2024-12-23,2024-12-24
LTC,LfDP6tJaU4rhw2u9Wcq4RigfVZV9JbyYHw,1,0.19089417,20.38,1,0.19089417,20.38,2024-12-24,2024-12-24
LTC,LhAmGgsEKU2kiq5fXLfMWZaNvk2sjK6jiu,1,0.56845819,60.69,1,0.56845819,60.69,2024-12-24,2024-12-24
LTC,LgHLtpP4XyLLuSyTFo2iiDoJzj9iK2RPmf,1,0.17972,17.94,1,0.17972,19.19,2024-12-23,2024-12-24
LTC,Lh53aXdTsykSMWUyyJVU3Ezcnta82AD5Cc,6,1.07201314,121.94,6,1.07201314,124.54,2024-12-12,2024-12-24
LTC,LWobRqxSgfGrvzWj8xphpUaVGmpxaJgRoR,1,0.33636034,33.57,1,0.33636034,35.91,2024-12-23,2024-12-24
LTC,LRyFgAkADcFMSJ7AigFaSztm9A1j5dxuxr,1,0.12808827,12.78,1,0.12808827,13.67,2024-12-23,2024-12-24
LTC,LctKAXyqvCfxBkoN1ubTo6yYf7ToBM1T7W,4,0.38694148,43.1,4,0.38694148,44.55,2024-12-13,2024-12-24
LTC,LbJFqgLs2zFRWukHh4syhuo92tCpKCxaNy,2,0.27316682,23.84,2,0.27316682,24.93,2024-12-23,2025-04-19
LTC,LcU9UnCQukYbqoBpV4BEfHysDE8JKUyM7Q,1,0.07035681,8.76,1,0.07035681,8.76,2024-12-14,2024-12-14
LTC,LUYaU96JHwEzu7rG5TY2uJ7Xhm9PY6tm2X,2,1.24027687,147.88,2,1.24027687,150.47,2024-12-13,2024-12-14
LTC,LWNKHsKtsGRLFoskSJRCWoGAdYBSbW2kaf,1,0.18485808,22.04,1,0.18485808,23.02,2024-12-13,2024-12-14
LTC,LbC1yU74xAcJCm7zTHaGrk2pLMkWGRyoX8,2,0.93644782,116.61,2,0.93644782,116.61,2024-12-14,2024-12-14
LTC,LPK7Xg4K9KC4JAiGxTVFj6iJXiCLgf5p1G,1,0.36297254,45.2,1,0.36297254,45.2,2024-12-14,2024-12-14
LTC,LbvuSM13JuVsx4i4QF5TFjvDNAsswxcYw9,2,0.21928898,25.9,2,0.21928898,26.63,2024-12-12,2024-12-14
LTC,LgaCq3HUWyfK3uvCtUZD1C3FLr13iiyGVC,1,0.04965865,6.18,1,0.04965865,6.18,2024-12-14,2024-12-14
LTC,LSpR1NtdEoYFyykFS1ETh8eedyeDjNWhcB,1,0.18555869,22.12,1,0.18555869,23.11,2024-12-13,2024-12-14
LTC,Lb7V44nJPDKxpire5bsBzJ7ZGJMNYRwyKi,1,0.35868802,42.77,1,0.35868802,44.66,2024-12-13,2024-12-14
LTC,LbEY95qVJ5BVkKSxCPda1WRNv1cVmUsUBs,1,0.06388904,7.62,1,0.06388904,7.96,2024-12-13,2024-12-14
LTC,LewWWzj4Kx8gac2q6AmNb3x7Nav7739wZD,1,0.46777584,55.77,1,0.46777584,58.25,2024-12-13,2024-12-14
LTC,LQVKAnuAT8uHVQmREmAwcQk3sFAaeDZ49T,1,0.37341086,46.5,1,0.37341086,46.5,2024-12-14,2024-12-14
LTC,LNZNhgUsBFcvVqnEdq8NRZTcKQ79rxyLu2,2,0.25252329,29.49,2,0.25252329,30.45,2024-12-10,2024-12-14
LTC,LRgV7ihcrnQ2GtmrTDKCWZ5zRAdPebNihz,1,0.0550145,6.56,1,0.0550145,6.85,2024-12-13,2024-12-14
LTC,LTdVjwhfJHTQsMFXTXHhCryBNHXMdGeHNm,2,0.6380379,75.95,2,0.6380379,78.67,2024-12-13,2024-12-15
LTC,LcWew1SZcBxGPXB3C9x3BFgxNUsam1hopY,1,0.28511084,33.99,1,0.28511084,35.5,2024-12-13,2024-12-14
LTC,LiZEZgZqHqUKLDPwBv7wUnKk7PVAtFjEUs,1,0.22540772,28.07,1,0.22540772,28.07,2024-12-14,2024-12-14
LTC,LdX37Xn785SYMzHmmBwSPk5hbgXS2u6jhD,1,0.29738473,35.46,1,0.29738473,37.03,2024-12-13,2024-12-14
LTC,LWdovPMsw1yiVmMYhvXEc3P1hdbzAKVJzd,1,0.22399435,27.89,1,0.22399435,27.89,2024-12-14,2024-12-14
LTC,LekYuf9gcemEKe8euegLb9bBoTHScEAebY,1,0.17066984,21.25,1,0.17066984,21.25,2024-12-14,2024-12-14
LTC,LT5FmCtZ35XLCQxNtxJhbaxzzYV4jCEc8W,2,0.70047714,85.37,2,0.70047714,86.22,2024-12-14,2024-12-16
LTC,LgofLxfZpHcnFVUNEJVDd8aACqVh6zW59t,1,0.677222,80.75,1,0.677222,84.33,2024-12-13,2024-12-14
LTC,LWeMD7K5Th94abPvqPLVhYaTC9FUqSWDfi,1,0.2186307,26.07,1,0.2186307,27.22,2024-12-13,2024-12-14
LTC,Ld5qQ6QHxB4SCceuDhWJZrffcRZmBQamba,1,0.28548122,34.04,1,0.28548122,35.55,2024-12-13,2024-12-14
LTC,LeJxbAC2ToQzZDuDoBEtphGaba49au49pT,1,0.06513287,8.11,1,0.06513287,8.11,2024-12-14,2024-12-14
LTC,LRDW2rcYom65NEmNiusYZEoUYsJ1jXiLDb,1,0.2499,29.8,1,0.2499,31.12,2024-12-13,2024-12-14
LTC,LPg9yYwGsD83U1C4aSct53zpvJxAaX2UKz,1,0.1399,15.36,1,0.1399,15.36,2024-12-11,2024-12-11
LTC,LXpH8GYv6NZ6g4v1EM7RbpBZypkmyp3vyF,1,0.38909883,42.72,1,0.38909883,42.72,2024-12-11,2024-12-11
LTC,LdhjYmjjaCEa9rwoEmJ2gWBegHJrfJhsZS,1,0.19047803,21.03,1,0.19047803,20.91,2024-12-10,2024-12-11
LTC,LX9BDvtRrhEuVsNtKYaVmnk8M9AFvTA4HG,2,0.297372,33.3,2,0.297372,33.29,2024-12-10,2024-12-13
LTC,LiL9bDk7VLuy9umLMYBw7CFsqqXuvLYNX5,1,0.65066524,71.85,1,0.65066524,71.44,2024-12-10,2024-12-11
LTC,LbWJ1mqeCPDwBEXYWSLbNXtx2AzyUnt9HW,1,0.09488144,10.42,1,0.09488144,10.42,2024-12-11,2024-12-11
LTC,LaSSNBmBr7bjGURbwp9DL2mNwu8jFq2UrJ,1,0.18800901,20.76,1,0.18800901,20.64,2024-12-10,2024-12-11
LTC,LLsxaxMpBbzKrYBzC2NMwgTFj5goYX44XA,1,0.23598951,26.06,1,0.23598951,25.91,2024-12-10,2024-12-11
LTC,LPNif2HsfEEeJ2TRGzo2JW1aPTaGKuSLBG,1,0.14074496,15.45,1,0.14074496,15.45,2024-12-11,2024-12-11
LTC,LVNXWFrEFGUXGikkHTK3pcmEeQoAhBfS1y,1,0.20824744,22.86,1,0.20824744,22.86,2024-12-11,2024-12-11
LTC,LaBx8Qq81PMSmA8dgcHRe4Xrsu5sSbqJLd,1,0.21032987,23.23,1,0.21032987,23.09,2024-12-10,2024-12-11
LTC,LarRY6dVQNgLGrTAXcVFP9VqmkCAvuPBsd,1,0.2719771,30.03,1,0.2719771,29.86,2024-12-10,2024-12-11
LTC,LgSxeDRNySJYUbiWmR9bUPRVxKm8QwX9VZ,1,0.12587084,13.9,1,0.12587084,13.82,2024-12-10,2024-12-11
LTC,LiPfA5uHPV4m4i3cZwSJ8361q74giHDrHW,1,0.3899,43.06,1,0.3899,42.81,2024-12-10,2024-12-11
LTC,LL2MVrDwgjGFRdJhwsnwSwZjYRtNsYtwto,1,0.11813735,12.97,1,0.11813735,12.97,2024-12-11,2024-12-11
LTC,LS7qkczd6oMYaBxP3NHBT9qr6rVjz9NuiM,1,0.5087668,56.18,1,0.5087668,55.86,2024-12-10,2024-12-11
LTC,LRhwp65qcpFmDQ2i2vQUqACQS2DL1gUHgK,1,0.92386577,102.02,1,0.92386577,101.43,2024-12-10,2024-12-11
LTC,LYkzSqKughLNr97De5TWeBR5NxSUXg6FTh,1,0.18126686,16.72,1,0.18126686,16.72,2024-11-26,2024-11-26
LTC,LKPVfKMb5cpEkmab5UgyDEHCb7FVE9iyeK,1,0.13572936,13.15,1,0.13572936,12.52,2024-11-25,2024-11-26
LTC,LXUNMh2sFz8ePwdfpbaGvWtFagR5hKTsFU,1,0.3281132,30.26,1,0.3281132,30.26,2024-11-26,2024-11-26
LTC,LhDN5DDzQo6yyb9X5Ak2KdiNnM9h6dCuFp,1,0.15011765,14.55,1,0.15011765,13.85,2024-11-25,2024-11-26
LTC,LNpsy3yEZMem4ozPQhzSuFhA8YcVkx6wE3,1,0.13550711,12.5,1,0.13550711,12.5,2024-11-26,2024-11-26
LTC,LbxkCfuy1qJ8jzGMLUix66i33eB675iDAo,2,0.32150124,38.8,2,0.32150124,39.18,2025-02-11,2025-02-14
LTC,LP3oACfXCZB5uumNap42K6hzUqm9mSkJgy,1,0.40576407,43.5,1,0.40576407,48.78,2025-02-10,2025-02-11
LTC,La79invoqjcJPKyBoLVME4GPRdyRAssfpG,1,0.85904,103.27,1,0.85904,103.27,2025-02-11,2025-02-11
LTC,LYuHg1PuAJGW4caik7Lg35SHUcrBFoR3vN,1,0.08510994,10.23,1,0.08510994,10.23,2025-02-11,2025-02-11
LTC,LTCRUEEsqx33TjuASwWwQdWSqDW2ncaVWh,1,0.05748542,6.91,1,0.05748542,6.91,2025-02-11,2025-02-11
LTC,LN1FEcUFnrwToUbyBehvurDSx71LpBT3er,1,0.24766159,26.55,1,0.24766159,29.77,2025-02-10,2025-02-11
LTC,LdgbCrFH4PL71VLQLun5itQwcqmUtQ6xgN,1,0.125,15.03,1,0.125,15.03,2025-02-11,2025-02-11
LTC,LRxhVGa34EVboYhRVhuaXhGP9xsnsr1Ukc,1,0.07929585,9.53,1,0.07929585,9.53,2025-02-11,2025-02-11
LTC,LM64qNNbVvjCuVRW47yc3h2cys9aTWcuto,1,0.37818867,40.54,1,0.37818867,45.46,2025-02-10,2025-02-11
LTC,LgGgUj3Mq379Ks79tqwokoLta3HMWKuKyh,2,0.30447461,36.6,2,0.30447461,36.6,2025-02-11,2025-02-11
LTC,LYNan396uy3AomcYMbQSPwXj3iAqcjPo8s,2,0.81361653,92.63,2,0.81361653,93.77,2025-02-10,2025-02-26
LTC,LY8wFDSyQxskSbaGRsZWX7JJYZj7TeuVP2,1,0.70174463,84.36,1,0.70174463,84.36,2025-02-11,2025-02-11
LTC,LdBPXqQiS2gKyfCuyGpJdBdjdGCVC6G3Lk,1,0.1950295,20.91,1,0.1950295,23.44,2025-02-10,2025-02-11
LTC,Le5mEBdxdK1pxDo3wFWQjB185Wankgtpe8,1,0.48770487,58.63,1,0.48770487,58.63,2025-02-11,2025-02-11
LTC,LQmGhBE4YaKjyReJPgvMMziLeW1WjJ3WZc,3,4.31566993,504.72,3,4.31566993,510.21,2025-02-10,2025-04-04
LTC,LhZViUC4M85CUJUCJioZ2bWhTRd9t1CwEB,1,0.22972662,24.63,1,0.22972662,27.62,2025-02-10,2025-02-11
LTC,LZ4hc5zmekcK1vfyJcBGfnBuDyHePQ4ivL,2,0.41489921,44.48,2,0.41489921,49.88,2025-02-10,2025-02-11
LTC,LKheWN472AUegCvksJFNT446sPcGguSDBX,1,0.52034332,55.78,1,0.52034332,62.55,2025-02-10,2025-02-11
LTC,LX7Lm1qG61nc13gtbrKPYX9GpnZen7Fpfg,1,0.0882,10.18,1,0.0882,10.18,2025-01-23,2025-01-23
LTC,LPrGwUEBGXbyvwGcKiTUCrD3zyy3b3JYc5,1,0.21563349,25.68,1,0.21563349,24.88,2025-01-22,2025-01-23
LTC,LLyqXcGCrunEXLXTjD5zutWwnbEEV1jgmU,1,0.10229957,11.8,1,0.10229957,11.8,2025-01-23,2025-01-23
LTC,LepG3NeypndDuzFaUCknEMS3hff1DMGBrH,1,0.21508736,25.62,1,0.21508736,24.82,2025-01-22,2025-01-23
LTC,LTLYsSqitVAnymPszUYbES7v1UmsP1iCWs,1,0.44,50.77,1,0.44,50.77,2025-01-23,2025-01-23
LTC,LhoAm1qxoGZ2nQoqyE5Hkz6zJuWr87TW9K,2,0.22805181,26.31,2,0.22805181,26.31,2025-01-23,2025-01-23
LTC,LPCSiQMzbirykBQhKVzURqieZWsGnq5L8p,1,0.22539805,26.01,1,0.22539805,26.01,2025-01-23,2025-01-23
LTC,LP28aoideY7SqhzS6oEh3AnNqHrcY2NdgB,1,0.21845323,25.21,1,0.21845323,25.21,2025-01-23,2025-01-23
LTC,LZMwW34BdQHcZCdawDqMLzEGhGVbeYEJpB,10,1.62317886,190.06,10,1.62317886,191.4,2025-01-23,2025-01-25
LTC,LYeQVzXkwPUb9k5Vv7oncorrsNH4AX164P,1,0.22131805,25.54,1,0.22131805,25.54,2025-01-23,2025-01-23
LTC,LLtYPRBwZPUHnqyuMk1tc1Cm7TXEzhVM5V,1,0.36476477,30.37,1,0.36476477,30.37,2025-05-06,2025-05-06
LTC,LgxUiSDVoQyfoRysTbCayBQVrnnhcAHaCn,1,0.18290482,15.23,1,0.18290482,15.23,2025-05-06,2025-05-06
LTC,LaPhZmqjKyQCTXytTuWjnmUV18wPHXVwxb,1,0.26691829,22.22,1,0.26691829,22.22,2025-05-06,2025-05-06
LTC,LRZcnDTeGZRZdNWWCFk4VsfE3W1qNk6ENz,1,0.1492,12.69,1,0.1492,12.42,2025-05-05,2025-05-06
LTC,Ld3j2BGwaq2X51iqwwskxeSVtFdNQk7oCZ,2,0.0988,8.23,2,0.0988,8.23,2025-05-06,2025-05-06
LTC,LgpER7Fb7qSaGikaECzQQ4Y55scUWJrNNB,3,1.76324261,150.94,3,1.76324261,150.94,2025-04-28,2025-05-06
LTC,LQTBWDTtkYt2uGuVyLCCL1f7KMtX1fTtRe,1,0.1749,14.56,1,0.1749,14.56,2025-05-06,2025-05-06
LTC,LfbyepjqjwoGWXQbUp955oZN7TJqucpNCU,3,1.8804,161.82,3,1.8804,160.03,2025-05-03,2025-05-06
LTC,Lf2t2oSs6oGCeySC6iW9wQMEBVLhKUiYN5,1,0.09278113,7.89,1,0.09278113,7.72,2025-05-05,2025-05-06
LTC,LUTnLhTBWi5RrfzjvRGE8wTCmimo1Q775i,1,0.1774056,14.77,1,0.1774056,14.77,2025-05-06,2025-05-06
LTC,LPAsiisYPvSELKjLqZ5DN8reYCBoCazSMs,1,0.02781697,2.32,1,0.02781697,2.32,2025-05-06,2025-05-06
LTC,LLv8V1dTKVwe4bAmpCCssxNa3ELJiLu7SG,1,0.21684714,18.05,1,0.21684714,18.05,2025-05-06,2025-05-06
LTC,Lgj2MMMiSJZMaonm88uzpJTwnZCivbh95X,1,0.33836858,28.17,1,0.33836858,28.17,2025-05-06,2025-05-06
LTC,LUnAizECgo62BBi8wXgEUbg5pz1vvuJcbU,1,0.48685911,41.41,1,0.48685911,40.53,2025-05-05,2025-05-06
LTC,Lg1LA77mg6CGPhCKDnnUkHG1JZ6Ly6aHPn,2,0.3,25.74,2,0.3,25.24,2025-05-04,2025-05-06
LTC,LaSaYsYQT4fcWQwY7vLvkzUhpxLSdpTgVs,1,0.41327431,34.41,1,0.41327431,34.41,2025-05-06,2025-05-06
LTC,LNGE2KVzYZ4dTtHB6osrEdkJF6usRDdtsf,1,0.36422809,30.98,1,0.36422809,30.32,2025-05-05,2025-05-06
LTC,LUBRHpQ52Rc9fiGEmZFXNYrgoNVYJqNff8,1,0.48838594,40.66,1,0.48838594,40.66,2025-05-06,2025-05-06
LTC,Lb4y5gtpRCP7KuuspQUYn7jUzcLDnSuJba,2,0.29403714,24.75,2,0.29403714,24.75,2025-05-05,2025-05-06
LTC,LUXxcSQ4ib3hqhiJeB5d6hLsqQP3MLGGs7,4,0.83845122,63.72,4,0.83845122,64.22,2025-04-19,2025-04-21
LTC,LQnH2EQGkS7GQDbKwW1oHraifxtkUSXoeD,2,1.38944155,110.69,2,1.38944155,110.69,2025-04-02,2025-04-19
LTC,LNdd6GiNhVRj4Q57Bid7VGjFtrZHDi3yvb,1,0.93180663,69.83,1,0.93180663,70.82,2025-04-18,2025-04-19
LTC,La86kHjf1ag2KNoVVahGcrNoVQNd21799o,2,0.09745267,7.34,2,0.09745267,7.41,2025-04-18,2025-04-19
LTC,LcjstHGPmyj5kPQ1Gx3DNGahZrWsmYfjaK,1,0.2,14.99,1,0.2,15.2,2025-04-18,2025-04-19
LTC,LNhGdSE3Hp2RrBrZ6adx8xjz1rbu1ydr4q,1,0.51893066,38.89,1,0.51893066,39.44,2025-04-18,2025-04-19
LTC,LRigvmf85VZvf18zsfNoGjsYgQUVrsrKj2,5,1.76083233,150.2,5,1.76083233,148.99,2025-03-16,2025-04-19
LTC,LQTbaAy94WcfitU4CMgWA8jScRh4ud5BFw,1,1.05988341,79.79,1,1.05988341,80.55,2025-04-16,2025-04-19
LTC,LRExhih2TwWLYkypXwuawGA4yKVXcXD5ti,1,0.3299,24.52,1,0.3299,25.07,2025-04-17,2025-04-19
LTC,LLH7YmjzFGkkcBZRLjFRhwFbzGDAie8TNJ,1,0.28,21.08,1,0.28,21.28,2025-04-16,2025-04-19
LTC,LLpQ1HHUHtuvcQMgZm9TVi8tCobELbCYYw,1,0.176256,13.21,1,0.176256,13.4,2025-04-18,2025-04-19
LTC,Lby9xQwVc6LTh6LsGTwPor7PPTpSDZRzV3,1,0.62585843,46.9,1,0.62585843,47.57,2025-04-18,2025-04-19
LTC,LSp91LWQ1X852c7SXUsJkw3wbQ5W9xoZCK,1,0.33503605,24.91,1,0.33503605,25.46,2025-04-17,2025-04-19
LTC,LY1pwfvA8Yd39dUkUsL4mmGQUuctsW7WCi,1,0.198,14.84,1,0.198,15.05,2025-04-18,2025-04-19
LTC,LRqAkR9USkXvQD1uvicpTn1bq4sCkhcasP,1,0.01342823,1.01,1,0.01342823,1.02,2025-04-16,2025-04-19
LTC,LMmzjSpqsTUkvCK8hEk3NsRmhxbHTB8RCD,1,1.0,74.94,1,1.0,76.0,2025-04-18,2025-04-19
LTC,LaPvDHytC81VTbqaBZHiYxNDqWgGDS1o4q,1,1.29360951,96.94,1,1.29360951,98.31,2025-04-18,2025-04-19
LTC,LdupB25SKtmPi4aKBXHUZ7UTSvktv2nAus,2,0.21,15.81,2,0.21,15.96,2025-04-16,2025-04-19
LTC,LSif4r9zmpdCCFM4XdHDf8DfutvGkGDkUZ,1,0.3450564,25.98,1,0.3450564,26.22,2025-04-16,2025-04-19
LTC,LMy3FHLxNiLAQA8pbZGjfWx5tAJLGk95RE,1,0.06949684,5.17,1,0.06949684,5.28,2025-04-17,2025-04-19
LTC,LgVE2YMYnSqBR7CFm8LLVfURSkku3LT4gv,1,0.05215183,3.96,1,0.05215183,3.96,2025-04-19,2025-04-19
LTC,LW3gJB265DkoRWW2bnKP7F7hm8jRA2yHvN,4,0.72874782,62.53,4,0.72874782,62.86,2025-03-23,2025-04-19
LTC,LKNameUsnmbhDnN1XDAdobwk6AYXcb7LEd,1,0.73347822,55.22,1,0.73347822,55.74,2025-04-16,2025-04-19
LTC,LTJE9SicVaiopN8N5fofxqUv9asommfNV6,1,0.17177779,12.87,1,0.17177779,13.06,2025-04-18,2025-04-19
LTC,LLoN58FCLGtD7SiS72A57NQvBut8orG8Nd,1,0.26586896,19.76,1,0.26586896,20.21,2025-04-17,2025-04-19
LTC,LVuPziF1WcTJGEqxVs1nK4jWb4Y4RjqV9q,1,0.32301537,24.32,1,0.32301537,24.55,2025-04-16,2025-04-19
LTC,LUPabNhrBbDyskKDqZWZAEQkyjhvprNhnK,5,1.26419773,95.75,5,1.26419773,97.77,2025-04-18,2025-04-21
LTC,LaJeY7TagRHS1nCXDk8UUphrzUa2BbeYK7,1,0.10493867,7.86,1,0.10493867,7.98,2025-04-18,2025-04-19
LTC,LXZnTjPWxnQdjfWaM4A8mCTFTLsMjNPms8,1,0.31086133,23.3,1,0.31086133,23.63,2025-04-18,2025-04-19
LTC,LehZXqPEDb9Dca8yrTYCEgwFCUEVateNNG,1,0.21679277,16.32,1,0.21679277,16.48,2025-04-16,2025-04-19
LTC,LXppAGcYXnSQo2oYr68amS8wgisH27VhdX,1,0.18021264,13.57,1,0.18021264,13.7,2025-04-16,2025-04-19
LTC,LLQde2sT6dzonaF1visUV2enGWk8WdHCtn,2,0.51914026,39.74,2,0.51914026,39.76,2025-04-14,2025-04-19
LTC,LM7tEbv2ekg2WsY3dvi31jYbxt6vBAYVBi,1,0.22144018,16.46,1,0.22144018,16.83,2025-04-17,2025-04-19
LTC,LN1PVJLP6WpmPGFepjef5QWpx12sMBdY8R,2,1.387995,105.49,2,1.387995,107.05,2025-04-19,2025-04-21
LTC,LSdpEvXPaFZtWDevM7qS9sGquWf8RrJTsF,1,0.38820622,28.86,1,0.38820622,29.5,2025-04-17,2025-04-19
LTC,LSdokKpV5iFn4DhfT4DqT6mxeEDwv9oAEG,3,0.2363859,17.97,3,0.2363859,18.25,2025-04-19,2025-04-21
LTC,LaJKeR4n4SvgVSNZviD2B2QSHhW7uJHp9E,1,0.26910266,20.26,1,0.26910266,20.45,2025-04-16,2025-04-19
LTC,Lb81Tw7nkhADPAvLfAHX6WSZkpCK9uUxrL,1,0.16589465,12.49,1,0.16589465,12.61,2025-04-16,2025-04-19
LTC,LUFMuMGbcUeA7GJTHk8AxWWeSVvzb1H1oe,1,0.66367954,49.34,1,0.66367954,50.44,2025-04-17,2025-04-19
LTC,Laz9e4Ni12oXkgoPc3mpLoKvzq1dUv2zgq,2,1.84568967,147.55,2,1.84568967,148.26,2025-04-16,2025-04-28
LTC,Lco97iXw3a3KSYKNhUTgP3E3sPJdbK7C7v,1,0.32755812,24.55,1,0.32755812,24.89,2025-04-18,2025-04-19
LTC,LbCPZn4DgwvKPKRfhriyWkJgjFToT35h5M,2,0.55736953,45.53,2,0.55736953,45.89,2025-04-17,2025-05-04
LTC,LhEuhrPWhCHAuAi2Av7YoUAdiDjsbYdscd,2,1.921876,149.75,2,1.921876,151.14,2025-04-05,2025-04-19
LTC,LYGj3KGghbPvkoSy2eQfHywXqHx7uAvWjj,3,0.41959317,31.56,3,0.41959317,32.26,2025-04-17,2025-04-21
LTC,LRCPMLqJQRigM34PF1BYiiXz3dJjtk8qJg,1,0.22227878,16.52,1,0.22227878,16.89,2025-04-17,2025-04-19
LTC,LSHWsTLuEuodWoqgBSnqruDrZmgZHgfkHi,2,0.88077959,78.32,2,0.88077959,78.32,2025-03-25,2025-04-19
LTC,LRE9sgT2gzWtYU25AcvXuQPZm4GrEmN67r,1,0.15755268,11.97,1,0.15755268,11.97,2025-04-19,2025-04-19
LTC,LNkbiHgBXyLJE6hPgJJbGf6Kb1fPQnv8KL,1,0.84228499,62.62,1,0.84228499,64.01,2025-04-17,2025-04-19
LTC,LSBV5PCpB3Z5eKsn7gyw1SKL4CJ2ERACx5,1,0.23336215,17.49,1,0.23336215,17.74,2025-04-18,2025-04-19
LTC,LbequPcsgf5LZM5MTXCqiW1g4SbXkUtiQZ,1,0.11500233,8.62,1,0.11500233,8.74,2025-04-18,2025-04-19
LTC,LXKTgnwUvhUEcXE7bBtHGA2RJpBwH3Tget,1,0.22746865,17.71,1,0.22746865,17.56,2025-04-14,2025-04-15
LTC,LbJzNVw4E4Fx7tR3jPJFVXCBSGkan23DH3,1,0.1829,14.24,1,0.1829,14.12,2025-04-14,2025-04-15
LTC,LUEhkbRDZ4SJa2K5o16Ri5f9wvmZNgXkxq,1,0.18330077,14.41,1,0.18330077,14.15,2025-04-13,2025-04-15
LTC,LUuFdfydVjmgqkJ77GjjZtyrTLNov1eiQh,1,0.1399,10.89,1,0.1399,10.8,2025-04-14,2025-04-15
LTC,Li8EoeUc6i7m2yyfKwvQbT6Vnsdgu1MasC,1,0.18354301,14.43,1,0.18354301,14.17,2025-04-13,2025-04-15
LTC,LNRSp31Pu3WbqTDYVRr8Q2wrCh5WdMHKoy,1,0.08501411,6.62,1,0.08501411,6.56,2025-04-14,2025-04-15
LTC,LPsv78k7VcB876PLTFCxGRPVG8xErZzv7J,1,0.1616,12.58,1,0.1616,12.47,2025-04-14,2025-04-15
LTC,LSmBjZe23BcQWYi8iiz5wsif2hQGfcnfSb,2,0.40962562,33.74,2,0.40962562,32.92,2025-03-13,2025-04-15
LTC,LMCKPt9YL8cDT7tbwzfVfEVPxYYW5AorNi,1,0.06317914,4.88,1,0.06317914,4.88,2025-04-15,2025-04-15
LTC,LiCNgbttk1rEgdeHDB9zbTPQCShS6hBG7o,1,0.20610516,16.05,1,0.20610516,15.91,2025-04-14,2025-04-15
LTC,LQnm4miiDpFkB59LSowBggBHNUdMz9RWA9,1,0.16405366,12.77,1,0.16405366,12.66,2025-04-14,2025-04-15
LTC,LLU51ZST1rc5ZvgF9tcb3yEyjWUBeMVLHC,1,0.06285244,4.89,1,0.06285244,4.85,2025-04-14,2025-04-15
LTC,LWuV1382V6oKN6yaCdpfLF6MgbvSn4ggg7,1,0.40899796,31.84,1,0.40899796,31.57,2025-04-14,2025-04-15
LTC,LVZYtgRgAbx19g6zUpxWmD7Ranmen96S5v,1,0.12043637,9.47,1,0.12043637,9.3,2025-04-13,2025-04-15
LTC,LdySpiRF3ZH9mvokPYykeivTuNPe7aA65d,3,0.0837,7.65,3,0.0837,7.65,2025-03-15,2025-03-24
LTC,Ld4cYcQvVvVqLaYdwDsMYneTe4a9yR5bPF,1,0.52515981,48.04,1,0.52515981,48.04,2025-03-24,2025-03-24
LTC,LKZUge2KeQrV3XizHeX9qGLvnnRgCQAXzb,1,0.18507939,16.93,1,0.18507939,16.93,2025-03-24,2025-03-24
LTC,LX2JoCFzTxrTRXCE2YRPAuwtMxgu6E4LAd,1,0.13134455,12.02,1,0.13134455,12.02,2025-03-24,2025-03-24
LTC,LbsG7tnizKBNmDpqvoiN5qPZ9tp37J2BQG,2,0.29303396,26.77,2,0.29303396,26.8,2025-03-15,2025-03-24
LTC,LXFACGd1QF9KRjjZ6pQKzpSFvBMwYM1tDo,1,0.51966496,47.54,1,0.51966496,47.54,2025-03-24,2025-03-24
LTC,LhWKJFM4S4BN7foffxLBqEca3A6tv3WTws,1,0.0999,9.13,1,0.0999,9.14,2025-03-23,2025-03-24
LTC,LRkhRjBqa9i9SopQPSpnGU9FnDs4Y8A6t3,1,0.15903437,14.53,1,0.15903437,14.55,2025-03-23,2025-03-24
LTC,LVxTCPykncqxCeyvBXSMWaiv6A2uSeiXnz,1,0.50143389,45.87,1,0.50143389,45.87,2025-03-24,2025-03-24
LTC,LfZtqeF6tAGP6qti58FUUWez5DKTGc9fP9,1,0.08891991,8.12,1,0.08891991,8.13,2025-03-23,2025-03-24
LTC,LYhDFWw8ewU88BAMVfT7ytEDewAwiwVD56,1,0.5499,50.3,1,0.5499,50.3,2025-03-24,2025-03-24
LTC,LLQ69zGXdSbPxZcg3kAbn7x4sDSpPAuw4f,1,0.2589335,23.69,1,0.2589335,23.69,2025-03-24,2025-03-24
LTC,LVd77VkzWmMdWfGveYU5e4zNCqWLkfEiAw,1,2.17205557,198.7,1,2.17205557,198.7,2025-03-24,2025-03-24
LTC,LbMkWVneBDaMQFTmN3ckvamCuxrc465cBd,2,0.16050191,13.74,2,0.16050191,13.75,2025-03-23,2025-04-13
LTC,LY4Uz25uVksUkjRPiR1c4e1gruqA38k4gH,1,0.18658946,17.07,1,0.18658946,17.07,2025-03-24,2025-03-24
LTC,LKghXha3rkHSUZEctwcFFDpRbPw8DKi7Jm,1,0.19620667,17.95,1,0.19620667,17.95,2025-03-24,2025-03-24
LTC,LM6YJNqXsbrKzSrJKb1oG2BXiPQaDLsHze,1,0.12466646,11.28,1,0.12466646,11.28,2025-03-12,2025-03-12
LTC,LXZM3w1m6HQwwsF97yUiwXtBi8nkEBX8Cj,2,0.09690399,8.82,2,0.09690399,8.64,2025-03-12,2025-03-14
LTC,LKUvRakEePPaiGgbGySQkdK2H8vEdPzihD,1,0.21561072,19.5,1,0.21561072,19.5,2025-03-12,2025-03-12
LTC,LScenvidURshQm2DroE7dFtNkZhe35rPdF,1,0.63016574,57.0,1,0.63016574,57.0,2025-03-12,2025-03-12
LTC,LZdtoXKDhDebqaTyv31MtgZrrg6pEESKNX,1,0.3176708,28.73,1,0.3176708,28.73,2025-03-12,2025-03-12
LTC,Le1HF5CPKEQcRc75Dv3utb2AwUmHNiapNF,2,0.46670453,42.21,2,0.46670453,41.67,2025-03-12,2025-03-14
LTC,LcfTE2bTCiXLVHXS13MQoZr1cJDX7FXjue,1,0.24435839,22.1,1,0.24435839,22.1,2025-03-12,2025-03-12
LTC,Lc1ZYoRNaTg3qrameXoLmEBvh55bhE2JEF,1,0.1129,10.21,1,0.1129,10.21,2025-03-12,2025-03-12
LTC,LaTTkSu51bpFQEXCZLmsf4TSM9cUHqtWAY,1,0.63718504,57.63,1,0.63718504,57.63,2025-03-12,2025-03-12
LTC,LcKjrKpZwZqdBECBKTQVXCPh6mVKhBsXpM,1,0.22702715,20.53,1,0.22702715,20.53,2025-03-12,2025-03-12
LTC,LLzENsB4wHyGHr4QHmy8cx2Pa2tcuCrJsX,1,0.19596051,17.72,1,0.19596051,17.72,2025-03-12,2025-03-12
LTC,LZZ5UHAyuXsqUKguAHSK1UhyatfQSF94ab,1,0.21917808,19.82,1,0.21917808,19.82,2025-03-12,2025-03-12
LTC,LQWocHhQvfyyabt5eWyooNiyZquh6mi5Sb,2,1.50087487,157.44,2,1.50087487,157.24,2025-02-25,2025-03-12
LTC,LUpx9xAqYMWhr6rCy5WVArMPwV6b7xks7T,1,0.31108888,28.14,1,0.31108888,28.14,2025-03-12,2025-03-12
LTC,LbN5RM2rjF6j2J1aEpsDqBsuyjPz4oqZpx,1,0.12876643,11.65,1,0.12876643,11.65,2025-03-12,2025-03-12
LTC,LU95QT2C5nGMPiFkC2MPJKDqpRBN9W5tA7,2,0.6791712,61.53,2,0.6791712,61.53,2025-03-12,2025-03-15
LTC,LgDQ87gGksyYRu4ph1jGAm7Ch7SJSomCXw,1,0.66548358,60.19,1,0.66548358,60.19,2025-03-12,2025-03-12
LTC,Lf3FtKsmjfbFfVA1gs6L3GAbT7Q3NGEwvo,1,0.54859617,49.62,1,0.54859617,49.62,2025-03-12,2025-03-12
LTC,LLoyypPGbc6YqzzDNigcMmB7BWiRnuM7at,1,0.2229,20.16,1,0.2229,20.16,2025-03-12,2025-03-12
LTC,LP1s99rEYQB7Bah2Xc9fCZv7jYDJNLo29G,1,0.1259,11.39,1,0.1259,11.39,2025-03-12,2025-03-12
LTC,LXx2NvUWDQ3eK1d4u1fX9M1hoT6rDqZUB2,1,0.0729,6.59,1,0.0729,6.59,2025-03-12,2025-03-12
LTC,LSiJJfH6utFEPBYuCXHX1XhBnwdHbmVxEW,1,0.16246206,21.1,1,0.16246206,21.1,2025-02-24,2025-02-24
LTC,LgxdUrxUBq4x3TWYxUwi2UEAaLnDib4rHp,2,2.41455422,315.1,2,2.41455422,315.1,2025-02-21,2025-02-24
LTC,LLeEuk7sGtPqKYt3PtfG5FbTu8Eq4rFwGw,1,0.99911472,129.75,1,0.99911472,129.75,2025-02-24,2025-02-24
LTC,LgrS5uzETaqBcCe1dcB6rajtGrN6FtdLpT,1,0.40435343,52.51,1,0.40435343,52.51,2025-02-24,2025-02-24
LTC,LMqiy9YXpGJCHTtVKAWqRbKiW7Ej4r3fTb,1,4.21725664,547.65,1,4.21725664,547.65,2025-02-24,2025-02-24
LTC,LfxqJsQjqWyEAXUfXRpw6DWXzQUaktX8xc,1,0.46212471,60.01,1,0.46212471,60.01,2025-02-24,2025-02-24
LTC,LPYNqWrrGQEYwSYG35nD5x5pbcEwUo6eSg,1,0.8242117,107.03,1,0.8242117,107.03,2025-02-24,2025-02-24
LTC,LPUtar8eKymPuHs6d2w3KxyMQXgD1XZ27e,1,0.1199,15.57,1,0.1199,15.57,2025-02-24,2025-02-24
LTC,LeNUHSiqzV91oCv1EfTHGy86Ls5a9XJuN2,1,0.16014515,20.8,1,0.16014515,20.8,2025-02-24,2025-02-24
LTC,LSgN4pomZJ7AYd2rSeVeiRkjmk1bK7gbSQ,1,0.1999,25.13,1,0.1999,25.13,2025-02-17,2025-02-17
LTC,LfyBYqXnsQW1VsHNLn1qLnhxENHwLkeJPp,1,0.10745343,13.51,1,0.10745343,13.51,2025-02-17,2025-02-17
LTC,LgNPvzYyHBLKA3LDJKyypLDav1YXk5akDM,2,0.02457031,3.09,2,0.02457031,3.09,2025-02-17,2025-02-17
LTC,LNMu979jtpQqFqpNUaPbYy8sMzQi87cW3x,1,0.48872366,61.44,1,0.48872366,61.44,2025-02-17,2025-02-17
LTC,LSKreWMtZx3iqVnwPe4LfbV1MyXw28M2zN,1,1.18801168,149.36,1,1.18801168,149.36,2025-02-17,2025-02-17
LTC,LRPobUqCTTFRAVPPpai8vBuXjpyWS21CoA,2,0.64229873,83.52,2,0.64229873,83.52,2025-02-16,2025-02-17
LTC,LRQtQZdCJpKEiF8TrFCZGFoM5MNpnEJ6Nt,1,0.48549413,61.04,1,0.48549413,61.04,2025-02-17,2025-02-17
LTC,LMEy4sun9mLNN6LFUEUwjySQy7kDG1PanZ,1,0.5499,69.13,1,0.5499,69.13,2025-02-17,2025-02-17
LTC,LSTjNca9YJwJdv14ToHHcbUum9EfFSfRJ5,1,0.43845111,58.69,1,0.43845111,55.12,2025-02-16,2025-02-17
LTC,LbxsNBjLZdYjYLjUE7ueQzeTfTG4xrpKR2,1,0.3885,48.84,1,0.3885,48.84,2025-02-17,2025-02-17
LTC,LSV4F9tZa5Ld6RLvwWAKmocEFvARScCEtt,1,0.68415278,86.01,1,0.68415278,86.01,2025-02-17,2025-02-17
LTC,LYKdCt1Ad2QtiVyg4vqedBRtmqTx4NQcVe,1,0.31441558,38.37,1,0.31441558,39.81,2025-02-13,2025-02-14
LTC,LRFCiu2vnPAvNjjuSWRhWyNqFK9CoqSqNi,1,0.04037141,4.93,1,0.04037141,5.11,2025-02-13,2025-02-14
LTC,LMpEGNgy54TQ4zvcjdPGZvRp7ezrLAgXH5,5,0.64479117,74.42,5,0.64479117,76.0,2025-01-24,2025-02-14
LTC,LWy8fTxXHtVBVfUmRX86VGsLQuuyvYmJmq,1,0.40290001,49.17,1,0.40290001,51.02,2025-02-13,2025-02-14
LTC,LKrU9RqbTLwqW42GmcpFhjoURMHrpEGRNQ,1,0.19307667,24.45,1,0.19307667,24.45,2025-02-14,2025-02-14
LTC,LRpCdMTnSDQSX7gqq7m9Rv4AuUDX6eDjMw,1,0.47684776,60.38,1,0.47684776,60.38,2025-02-14,2025-02-14
LTC,LfWxmyto6AebskALKkNgf1BkUM4shZ24ZM,1,0.20965231,26.55,1,0.20965231,26.55,2025-02-14,2025-02-14
LTC,LY6sob1fUZDfc7ANNXt7BwZCiGfWAJKMdc,1,2.3974,303.56,1,2.3974,303.56,2025-02-14,2025-02-14
LTC,LcRCybD4SLPV973yXJ6gfcHCbeiKYTatrX,1,0.74926375,91.45,1,0.74926375,94.87,2025-02-13,2025-02-14
LTC,LgFtruDaF3amEknCgT1rrFdPH7cRdBo73X,3,0.3987,44.86,3,0.3987,46.23,2025-02-09,2025-02-14
LTC,Lhsyv4Sr8WW2XM7bhDZ3ZxhB8YxwXVDqd8,1,0.08087997,9.87,1,0.08087997,10.24,2025-02-13,2025-02-14
LTC,LaCfW9ZoxkCpNoKXVWq43n2HhbnucAbh1t,1,0.96209235,121.82,1,0.96209235,121.82,2025-02-14,2025-02-14
LTC,LXfinDqGvGFE3GXkHaBhZgLQ9w81F2vDjs,1,0.31498121,38.44,1,0.31498121,39.88,2025-02-13,2025-02-14
LTC,LPoUwQNWZSeNTqxgnE6rs8ANvWUuzNUif7,1,0.18391508,23.29,1,0.18391508,23.29,2025-02-14,2025-02-14
LTC,LgHTC6rdJ8PkT5vFFgk8vHTMpVt5ZRcyvX,1,1.53876165,194.84,1,1.53876165,194.84,2025-02-14,2025-02-14
LTC,LPckGiu6kLoPoVDHMsjg62Wzp1R92ELGPi,3,0.34644591,42.28,3,0.34644591,43.87,2025-02-13,2025-02-14
LTC,LhosALqL12hPgcTJUt7qzN6tqBXgkjEcg7,1,0.48310367,58.96,1,0.48310367,61.17,2025-02-13,2025-02-14
LTC,LeodpW2KrFeb2MKkjCFP1hocQszJg8JucX,1,0.41430596,52.46,1,0.41430596,52.46,2025-02-14,2025-02-14
LTC,LhRLm4KFshgYVS4gLVMM1B4wgwYskYFMcX,1,0.330265,40.31,1,0.330265,41.82,2025-02-13,2025-02-14
LTC,LYBzisEdvsZCG4Kw9Zfv6fiu2pM2XBH8qD,1,0.32562012,41.23,1,0.32562012,41.23,2025-02-14,2025-02-14
LTC,LZhk9Aanv6j7JBWJf56aiYAWPbKX2Pyutq,1,0.41412324,52.44,1,0.41412324,52.44,2025-02-14,2025-02-14
LTC,LNvbpU6wu8Xro6goeuCQQz8Ce4xsrubwU2,1,0.06155366,7.79,1,0.06155366,7.79,2025-02-14,2025-02-14
LTC,LQyzpLTja17ELtUgLgXQKF4q1HrBQmwQBP,1,0.354545,43.27,1,0.354545,44.89,2025-02-13,2025-02-14
LTC,LQRb7jMBGV2ZyWR1TPtvRPwLEpztJGVnNg,1,0.24440453,29.83,1,0.24440453,30.95,2025-02-13,2025-02-14
LTC,LazCeh5GNpRGh7P87kvnZysNG3VkQRM2Yh,1,0.49348633,60.23,1,0.49348633,62.49,2025-02-13,2025-02-14
LTC,LiXZA5jdp9PDCPLxhMcj6tSaJA5xzKGq1D,1,0.470429,57.42,1,0.470429,59.57,2025-02-13,2025-02-14
LTC,LetRmGwkJyEVTxkbR25Tb9ZeSmQ8kgJLmX,1,0.22743683,23.81,1,0.22743683,24.38,2025-02-09,2025-02-10
LTC,LhjbtBKndaJZdGV29cstXZuYot5871TucS,1,0.19219301,20.12,1,0.19219301,20.6,2025-02-09,2025-02-10
LTC,LhG1YQpWddmRzUt3ksomp4xDNZ8L7B5HTp,1,0.41583578,43.53,1,0.41583578,44.58,2025-02-09,2025-02-10
LTC,LXDQyy3Xe16BYhH4rorCaGvDsgpHagBTA2,1,0.13688172,14.33,1,0.13688172,14.67,2025-02-09,2025-02-10
LTC,LVMaKRj9vK1hWjahfAd8AxDZdcT2EsjkNn,1,0.18787515,20.09,1,0.18787515,18.99,2025-02-04,2025-02-05
LTC,LNz8nzYRPdDkeqU33G1VX8RpBFRkfBa8N3,1,0.13322532,14.24,1,0.13322532,13.47,2025-02-04,2025-02-05
LTC,LMgSFR6CA839RvcyNmL67mZtoBUCZXa9Mm,1,0.10941451,11.7,1,0.10941451,11.06,2025-02-04,2025-02-05
LTC,LUxSbMie1CguXzjHJXzfYEpxU1zS48uvYT,1,0.18100215,19.35,1,0.18100215,18.3,2025-02-04,2025-02-05
LTC,LLaqCUHojrUXybqtrcTAvwEq6GraPdg3V1,1,0.46757552,51.03,1,0.46757552,47.26,2025-02-03,2025-02-05
LTC,Lau7uiB8xfnPboNa2Gk7zS3C598RKgk9uc,1,0.69871954,70.63,1,0.69871954,70.63,2025-02-05,2025-02-05
LTC,LKX7hcbqnvWgNGko3wA9UwQxhM5gPaVxr3,1,0.0849,9.08,1,0.0849,8.58,2025-02-04,2025-02-05
LTC,LRfHii74m8hu7pMVMrvcbVRWiHypWEB6TX,1,0.21039595,22.96,1,0.21039595,21.27,2025-02-03,2025-02-05
LTC,LPqftPdgJxVAaxX8DhJnT2X3QdVNmrLxvU,1,0.1168112,11.81,1,0.1168112,11.81,2025-02-05,2025-02-05
LTC,LZBtacu1KnQRdEHisd8PEUCuW5Zy4vAoDC,1,0.26199742,26.48,1,0.26199742,26.48,2025-02-05,2025-02-05
LTC,LdHyEyAUWnicaCKrnJuL8ggf9dJAyFT6W2,1,0.66772017,67.49,1,0.66772017,67.49,2025-02-05,2025-02-05
LTC,LahmhJENs72iPkqu8fFySp8N6mwfJiuqHf,1,0.18686503,19.98,1,0.18686503,18.89,2025-02-04,2025-02-05
LTC,LcgTu8Yy2oeBUQAVSTkaDhRtmY4Nvzxci8,1,0.10425381,11.15,1,0.10425381,10.54,2025-02-04,2025-02-05
LTC,LfHyJvdHEqVkhcRYHWVSdiEja3BCX5yYkZ,1,0.28888762,29.2,1,0.28888762,29.2,2025-02-05,2025-02-05
LTC,Lfpc28w3PzvFSLUKPYR8rcveqLY4rnhiMU,1,0.56914916,60.85,1,0.56914916,57.53,2025-02-04,2025-02-05
LTC,LSgoASRbtF6jAkXt7oB2C4UzQ3ZwtthVrx,1,0.39245118,41.96,1,0.39245118,39.67,2025-02-04,2025-02-05
LTC,LKVGo1ixkCkoanh6ViFsZPjz6ECZEeGYBD,1,0.09745931,9.85,1,0.09745931,9.85,2025-02-05,2025-02-05
LTC,LVwCWeMhhMhiEoDduJwjf87BEQg1oJy6gq,1,0.41822691,44.71,1,0.41822691,42.27,2025-02-04,2025-02-05
LTC,LhuVAZ51UnHVej6UQ5S2PdtNbnNyBNv2HB,1,0.06888206,7.52,1,0.06888206,6.96,2025-02-03,2025-02-05
LTC,LXLgBFu1Phv42m8y94i8jsN3JPs3NLiB3Q,1,0.28617149,28.93,1,0.28617149,28.93,2025-02-05,2025-02-05
LTC,LdjhdntQbWj9Gj6D7cXqZukhin9LpCxVfq,1,0.08232565,8.8,1,0.08232565,8.32,2025-02-04,2025-02-05
LTC,LMKNNRdmTHKqWwRU2hVVEnNyCKyyVWykwY,1,0.16699435,19.21,1,0.16699435,18.36,2025-01-28,2025-01-29
LTC,LS4w9BKvDrdiLBrcwv2SvsCCGGt4xMZ4YS,1,0.16289435,18.74,1,0.16289435,17.91,2025-01-28,2025-01-29
LTC,LcrESEw62wCgqcscaWZwysf5Voi1XhWm6c,4,0.43380446,50.18,4,0.43380446,48.37,2025-01-27,2025-01-29
LTC,LhnJpZY2oLz3FWKguPegRGCHnChDNQrVoe,1,0.26417631,30.39,1,0.26417631,29.04,2025-01-28,2025-01-29
LTC,LVHgt17pDY6VNY4QiHpbVkYxabdrYHqwbX,1,0.16669435,19.18,1,0.16669435,18.32,2025-01-28,2025-01-29
LTC,LLm1V1zpdm5LDfKiCtEuHydxRMfon4Lcma,2,0.29524604,33.97,2,0.29524604,32.45,2025-01-28,2025-01-29
LTC,LS7HGXiHhYagNiT8JEC49sQ8gKPw1jB5ay,1,0.11179435,12.29,1,0.11179435,12.29,2025-01-29,2025-01-29
LTC,LgpmKLeBcUQbVLmVEwtJ8HzPFezSswWJhS,1,0.08645401,9.5,1,0.08645401,9.5,2025-01-29,2025-01-29
LTC,LVDoNKi3CxfRRPgFNyohfw8n4k4YDTEdWQ,1,0.21941153,25.24,1,0.21941153,24.12,2025-01-28,2025-01-29
LTC,LZM5rjKasogQwaR2iN6ZfhdPuoWT5dFym4,1,0.13169435,14.48,1,0.13169435,14.48,2025-01-29,2025-01-29
LTC,LX9Wy9kEkPgUtCwxy3FNAbgMRFWRsEQcek,1,0.26007836,28.59,1,0.26007836,28.59,2025-01-29,2025-01-29
LTC,LQUrgivHeeWt1mQBTYoGM6fW3U482deLt8,1,0.88399528,101.7,1,0.88399528,97.17,2025-01-28,2025-01-29
LTC,LUWWPujtXLzfKvSBugi3EwFDusefP3RLDN,1,0.27193048,31.29,1,0.27193048,29.89,2025-01-28,2025-01-29
LTC,LhCyuq5Zha6Z8JtsMygMCuNLcsk3iVtyCP,1,0.1670854,19.22,1,0.1670854,18.37,2025-01-28,2025-01-29
LTC,LagjQdfeohkRcdqBhtovdqVke9yjjQobUz,1,0.16379435,18.0,1,0.16379435,18.0,2025-01-29,2025-01-29
LTC,LeFBX2eQfaWcQqPXLTuvVCW45wTnpNa2fN,1,0.19005682,20.89,1,0.19005682,20.89,2025-01-29,2025-01-29
LTC,LZkCYRXFDGJnFhzJEGKGoiyxYRkLod1bu7,1,0.15079435,17.35,1,0.15079435,16.58,2025-01-28,2025-01-29
LTC,LWxBLkPmKDmzjaVzoChCVo5L7KJ6Jz3cVw,3,1.67549746,208.5,3,1.67549746,208.5,2025-01-17,2025-01-17
LTC,LXQnq7wZViYoZZ7MgtP9UKxGB9cAhZVJpQ,1,0.16160317,18.9,1,0.16160317,20.11,2025-01-16,2025-01-17
LTC,LecxQpMkx2wN2y9wtsEmbqTKSpxWKkX1ou,1,0.7736,90.48,1,0.7736,96.27,2025-01-16,2025-01-17
LTC,LUbd5GarJDDwS9DZ2WKHDuRzSfV66EA4yJ,1,0.42680748,49.92,1,0.42680748,53.11,2025-01-16,2025-01-17
LTC,LLvQSQkpGjFMJrRsqfxShuzZwni1ZEZLfd,1,0.19003132,22.23,1,0.19003132,23.65,2025-01-16,2025-01-17
LTC,La2ZfiJPjwY921U2LwxigHFj6ttYkzai7U,1,0.72246344,89.9,1,0.72246344,89.9,2025-01-17,2025-01-17
LTC,LQgXMoCdPz3tpb8YuL95CAEqe9kv2vdNSp,1,0.48613531,60.49,1,0.48613531,60.49,2025-01-17,2025-01-17
LTC,LdVprm26aFxqpsTz1ftVyJzXoL8XAA9LBp,1,0.15932524,19.83,1,0.15932524,19.83,2025-01-17,2025-01-17
LTC,La1az8nzz1nhJW7M4e7dtN13zRtpTfU3vq,1,0.41038866,51.07,1,0.41038866,51.07,2025-01-17,2025-01-17
LTC,LRAJbYfZj5cqYDDeCRku7TX65gP1VziPNT,1,0.64653234,80.45,1,0.64653234,80.45,2025-01-17,2025-01-17
LTC,LaJRStVTPvXMG6mSJHNQwYYt6YwyNge2pY,1,0.090811,11.3,1,0.090811,11.3,2025-01-17,2025-01-17
LTC,LbhDfdnZjp7RJkAyS1u6C9FPeUj4xGAk73,1,0.18553,21.7,1,0.18553,23.09,2025-01-16,2025-01-17
LTC,LMr8unV1XycMEpdMxrH5ZWHaDzFWiqRMEE,1,0.18330721,21.44,1,0.18330721,22.81,2025-01-16,2025-01-17
LTC,LXy82x32SSrQov8ndekS5ez1D2dVvxM4hs,4,2.90436226,343.38,4,2.90436226,347.53,2024-12-15,2024-12-16
LTC,LMaCvMLdzkWuDVKqybsBYdSo3duRrGfFua,1,0.72651243,88.0,1,0.72651243,88.0,2024-12-16,2024-12-16
LTC,LhUzpxqj5jtQKoA6UnrxjuaVob968yXX4X,1,0.10873656,13.17,1,0.10873656,13.17,2024-12-16,2024-12-16
LTC,LabLygsEiULzsGkp3N2JuFJaFcvTmrUB2D,2,0.28580916,34.06,2,0.28580916,34.62,2024-12-15,2024-12-16
LTC,LgPUH8SZKbfZmi1bbE5eK45NpiKdvAw21a,1,0.12970169,15.71,1,0.12970169,15.71,2024-12-16,2024-12-16
LTC,Lg99A6o8ae88CpajLLfVDY5tNGdhu52rka,2,1.32646335,156.06,2,1.32646335,159.1,2024-12-12,2024-12-16
LTC,LgSxLjVC7VN3ZD7E2KayGDRm6Zb5n8kFSD,1,0.04931631,5.97,1,0.04931631,5.97,2024-12-16,2024-12-16
LTC,LbwpS66GZjPHWEbCkiLr4PKJeD9VSFLj8r,1,0.37861235,45.86,1,0.37861235,45.86,2024-12-16,2024-12-16
LTC,LS9KgQ6gJwopDcjE5SW3P45N8dHhvgGoFv,1,0.73164303,88.62,1,0.73164303,88.62,2024-12-16,2024-12-16
LTC,LV5YQuyGb1zuXhPgWQ5HckxmrUwN8JEQGP,1,0.22487949,26.59,1,0.22487949,27.24,2024-12-15,2024-12-16
LTC,LbhKUoWyHXXxvnx5dFM5cpuY9zYW5yqJuU,1,0.88884774,107.67,1,0.88884774,107.67,2024-12-16,2024-12-16
LTC,LW9FEj9cH9H7nxzZVqB89Y5kgQeku2o1LK,1,0.24082074,29.99,1,0.24082074,28.47,2024-12-14,2024-12-15
LTC,LhsnW6kFrWoZs5EA6LY3uX7Ssb4ACQ92v9,1,0.12076888,14.28,1,0.12076888,14.28,2024-12-15,2024-12-15
LTC,LSD63KWfMFHgYvvuxKqG9BuLp4nLA9WEVv,1,0.14752698,17.44,1,0.14752698,17.44,2024-12-15,2024-12-15
LTC,LV37737nvTeoZumaUdq6VWdbWiobDZnmS6,1,0.13344833,15.78,1,0.13344833,15.78,2024-12-15,2024-12-15
LTC,LMLFUYEkd1z2xpa9TCEiGKLY6T67WC8eYo,1,0.5305334,66.06,1,0.5305334,62.72,2024-12-14,2024-12-15
LTC,LKd5uqaYSamiiuKaYBxaPjUyAfNMyTd3xr,2,0.21868501,25.86,2,0.21868501,25.86,2024-12-15,2024-12-15
LTC,LVCRXnq6tmWtuxcRYg2sV16veRAb8JmWui,1,0.2999,35.46,1,0.2999,35.46,2024-12-15,2024-12-15
LTC,LbF78Ds3EW6B6djsTk1hMY9Lf8sgnE2csE,1,0.2999,35.46,1,0.2999,35.46,2024-12-15,2024-12-15
LTC,Lg9U2JNZAAW5vrk2ERkhFbjGYsQCEGAsYh,1,0.1799717,22.41,1,0.1799717,21.28,2024-12-14,2024-12-15
LTC,LRzhAT7EM6P8wKmh3eP3dUNwcsyKYvbDPH,2,0.37698346,39.33,2,0.37698346,39.33,2024-12-15,2025-05-04
LTC,LSghgZ8qaBFG1kjfFT7JxP1ithVb8ETsmm,1,0.0770806,9.6,1,0.0770806,9.11,2024-12-14,2024-12-15
LTC,LW77x5c855Zf3sT2tmpoaz4jb6GyJLn2xk,1,0.66449307,82.74,1,0.66449307,78.56,2024-12-14,2024-12-15
LTC,LceHBz9ZDxhNQRDWNzpUubtLdbEwd4Z3UJ,1,0.11952447,14.88,1,0.11952447,14.13,2024-12-14,2024-12-15
LTC,LhqhrLS87cZpUtkPXPGjDcSGXiC9tyXaJc,1,0.12081888,14.28,1,0.12081888,14.28,2024-12-15,2024-12-15
LTC,LMNrLUrPs1KjAcdPkyvJiqBSE7y8swyTPq,1,0.46493581,57.89,1,0.46493581,54.97,2024-12-14,2024-12-15
LTC,LgE5BvbVrdEBdsA6UxMuAaNHyadGFUMCy8,1,0.39550584,46.76,1,0.39550584,46.76,2024-12-15,2024-12-15
LTC,LXyx9PUwuEGJrKpTNREfWNFHSf66ZkLj54,1,0.1479007,17.49,1,0.1479007,17.49,2024-12-15,2024-12-15
LTC,Lefcn69zEUH87Dy7zfRSuqXDFwFe8ka4M5,4,2.91494425,345.31,4,2.91494425,347.55,2024-12-12,2024-12-13
LTC,LSrkoXHVDjpurxaSwgpqDXncrowWK2G3oc,1,0.24881253,29.67,1,0.24881253,29.67,2024-12-13,2024-12-13
LTC,LM2zHxXeHVV6eWibHEM5wTU7NeGrkkVFM3,1,0.01601957,1.88,1,0.01601957,1.91,2024-12-12,2024-12-13
LTC,LVbmbDoqqTTxiCi8SW371iHyGx1MD66io8,1,0.12769798,14.98,1,0.12769798,15.23,2024-12-12,2024-12-13
LTC,LVGMSwMnrEoEhHFCWxSVBzFTLLkXQ1F3vz,5,1.84360613,216.25,5,1.84360613,219.81,2024-12-12,2024-12-13
LTC,LaqCEAS8dziXQaaJmr3VciFL2QZx2Znyvs,1,0.2285583,26.81,1,0.2285583,27.25,2024-12-12,2024-12-13
LTC,LP75bYkpaAYEK1xMvgsQfk2tkuysQgApf1,2,0.27987,33.02,2,0.27987,33.37,2024-12-12,2024-12-13
LTC,LVokRjC4w8w563XyerhVJG7jLZqNyyWX7a,1,0.62135791,72.89,1,0.62135791,74.08,2024-12-12,2024-12-13
LTC,LSZmtp2GyAUQHuanxkApprEMdfbCgruXJW,1,0.23052266,16.16,1,0.23052266,16.16,2024-10-17,2024-10-17
LTC,Ld8oejt3usG84gEJfJWdfuuGjLbuBxhiQ5,1,1.69344656,118.68,1,1.69344656,118.68,2024-10-17,2024-10-17
LTC,LNkvXpKZXVH5yBv92LqmMjRCoiERSLmgL1,1,0.98281843,68.88,1,0.98281843,68.88,2024-10-17,2024-10-17
LTC,LWkMqG5Bia7Zw3GVVqzu6KvPdfzLM4EeQt,1,0.98456149,69.0,1,0.98456149,69.0,2024-10-17,2024-10-17
LTC,LLQctq8WVB1EFf4oLVug5m9nXSTw17APS4,1,0.19784692,13.87,1,0.19784692,13.87,2024-10-17,2024-10-17
LTC,LafFfL6EnJuLu9W8KbhhS2iyUGjuPvtcF2,1,0.44027836,30.85,1,0.44027836,30.85,2024-10-17,2024-10-17
LTC,LeyrSNNUs4nfLWYyq2nexVwH1ET3ZMQHsL,1,0.46149947,32.34,1,0.46149947,32.34,2024-10-17,2024-10-17
LTC,LcMUdUKoL9ikgvnPQf4Tt5qkTkkpt7V5SE,1,0.3472,24.61,1,0.3472,24.33,2024-10-16,2024-10-17
LTC,LeRZJBhizEGUBbGW4EQ3475y2XJeaEJv6m,1,0.22567145,15.82,1,0.22567145,15.82,2024-10-17,2024-10-17
LTC,LPsnm3saX7LEvYLhieaJEigrPJXKYp7kfu,1,0.42799824,49.13,1,0.42799824,49.03,2025-02-25,2025-02-26
LTC,LSyc6jh61Kpr4nq8287FVoeDm5AKCWT5iQ,1,0.21118432,24.19,1,0.21118432,24.19,2025-02-26,2025-02-26
LTC,LMkXpQQnRTU8aW5ebpYvAw6Nue8NWUK4CB,1,0.0962434,11.05,1,0.0962434,11.02,2025-02-25,2025-02-26
LTC,LdefhoCSiuYu4mKJdcMP7rSDp3B4acTmMh,1,0.42245793,48.49,1,0.42245793,48.39,2025-02-25,2025-02-26
LTC,LaE3APDhYmbA9xSnhzXyZj8ifkTNBoLjEN,1,0.52694906,60.36,1,0.52694906,60.36,2025-02-26,2025-02-26
LTC,Lg8hD9gniP693nzVBqjH6dggGHuVJ6Zkcc,1,0.21815741,24.99,1,0.21815741,24.99,2025-02-26,2025-02-26
LTC,LacWcbcAryv7WDWKZVoJCDoCwo8U6r8dFM,2,0.1601887,19.5,2,0.1601887,18.37,2025-02-24,2025-02-26
LTC,LYPJcwHx4pSNcZ5S7rdrNdLgQSL3FmN88i,1,0.49088767,56.23,1,0.49088767,56.23,2025-02-26,2025-02-26
LTC,LYFm5yZSv1Nkw5WEGGCDDrgGU7TMBs9ApK,1,0.47074825,54.03,1,0.47074825,53.92,2025-02-25,2025-02-26
LTC,LYZi6Y9CCX3zGZgMXrMrVFmx57SSEBxQM2,1,0.2015,23.08,1,0.2015,23.08,2025-02-26,2025-02-26
LTC,Lhop3Kf8AU57c1BratGdEUnM1QrUoG6Ddu,1,1.0,114.55,1,1.0,114.55,2025-02-26,2025-02-26
LTC,Lc734Q8yop6UVZr8SgYSwYvgVDYKLF9yB2,2,0.11522429,13.23,2,0.11522429,13.2,2025-02-25,2025-02-26
LTC,LMyctcZuizTxhSCrJSLqUnkKpr4LNsd2Kr,1,0.54552739,62.49,1,0.54552739,62.49,2025-02-26,2025-02-26
LTC,LQoptDJ2mZek4AsYYhsYKBGGHMWdfJM2QH,1,0.02466477,2.83,1,0.02466477,2.83,2025-02-25,2025-02-26
LTC,Lck2ear8xFVjwtNkwGQdbEShCQ9wV2evB1,1,0.16635475,19.09,1,0.16635475,19.06,2025-02-25,2025-02-26
LTC,Lb6vzs5jtabXJQAq8G3ffxVyNLyE3Y4zSd,1,0.1083453,12.44,1,0.1083453,12.41,2025-02-25,2025-02-26
LTC,LPF7vgkiowpZfbXf9tTTcBxgKaFyi71T3M,1,0.2836082,25.95,1,0.2836082,24.98,2025-03-13,2025-03-14
LTC,LeZgC8tvGStYnck4K344XScQVovkkGZhkK,1,0.65799435,59.52,1,0.65799435,57.96,2025-03-12,2025-03-14
LTC,LTEiELA54APsHHF3adHaRhpyNtGjtYknH9,3,1.03178871,92.14,3,1.03178871,90.89,2025-03-13,2025-03-14
LTC,LXPzs4Pop1QGt7MbPAnVn5XPf1CsjibikL,1,0.2189,19.8,1,0.2189,19.28,2025-03-12,2025-03-14
LTC,LWwz6oxauPDcPgt2KXE9XjRPVHnEtM6io9,1,0.2211,19.48,1,0.2211,19.48,2025-03-14,2025-03-14
LTC,LcEBCSn87AjJckhXMxu9oaryFDBfk1r6Xz,1,0.34505342,31.57,1,0.34505342,30.4,2025-03-13,2025-03-14
LTC,LfShDrAXfawxdmbaXcGdTQvEivWsHyKpWi,1,0.33216475,30.39,1,0.33216475,29.26,2025-03-13,2025-03-14
LTC,LSih5nswcwHit4hpXt4bvBhVbsG4bi3d6J,1,1.76785535,161.76,1,1.76785535,155.73,2025-03-13,2025-03-14
LTC,LM6bod2PKBvaFz47oDh9bSAZsWcxfMranD,1,0.47220287,43.21,1,0.47220287,41.6,2025-03-13,2025-03-14
LTC,LLmyaAfBZUvjcuttK9F2DrcWxvS7JeR54b,2,0.5557,50.85,2,0.5557,48.95,2025-03-13,2025-03-14
LTC,LPFyg41eEQyV9xkwxevpXn5jnijx9s921a,1,0.36102987,33.03,1,0.36102987,31.8,2025-03-13,2025-03-14
LTC,LLEajkavVnSiSq7CrcHMnQWFDyjzxe7LP8,1,0.29834809,26.28,1,0.29834809,26.28,2025-03-14,2025-03-14
LTC,LZv62WjhQUMkTUYZAy5GXhnAmo8piBzrmn,2,0.73058967,66.85,2,0.73058967,64.36,2025-03-13,2025-03-14
LTC,Ld1yJhLiJRNxqVdtYvBHGGJLJRVyx9PFom,1,0.0554793,4.89,1,0.0554793,4.89,2025-03-14,2025-03-14
LTC,LTzuwSA66Nz5YXdxwSJgvrpb9ioe5cR7sj,1,0.28908418,26.45,1,0.28908418,25.47,2025-03-13,2025-03-14
LTC,LVggccTbar3y83d2FQywxaL3JwqWgYpzZP,1,0.05178654,4.68,1,0.05178654,4.56,2025-03-12,2025-03-14
LTC,LNWJ4ngRr8y9gEFByb7F71mR6jRQVrwFhi,1,0.37137817,32.71,1,0.37137817,32.71,2025-03-14,2025-03-14
LTC,LhyiT8q9k84h7H4F1ZR74dGp242F3k8kBv,2,0.71235003,64.57,2,0.71235003,63.72,2025-03-12,2025-03-22
LTC,LSgxT6K4sbNg3Vnf23x5ERqzFPpKCCNn9n,1,0.2037,18.64,1,0.2037,17.94,2025-03-13,2025-03-14
LTC,LaLtLTWTqzMGY9mP2Rx1M4oDhpeMCnybAK,1,0.12932794,11.83,1,0.12932794,11.39,2025-03-13,2025-03-14
LTC,Lc3VWSk66bAei1w9evmHm3aRdou39xofKa,1,0.3359,29.59,1,0.3359,29.59,2025-03-14,2025-03-14
LTC,LeuYmd4Ejbd4gxzYNHyNtprHgrLVSKr7eT,1,0.20404593,18.67,1,0.20404593,17.97,2025-03-13,2025-03-14
LTC,LNt8Aqoee1Bit4cUaBZKiRQdpGQymitMr3,1,0.500399,45.79,1,0.500399,44.08,2025-03-13,2025-03-14
LTC,LfL1zdZjcHM82GKAAVcgVJzXEq5EMPYuPT,1,0.143756,12.66,1,0.143756,12.66,2025-03-14,2025-03-14
LTC,Lh3JS6Es3dwgmm4q3pgxw2XSAcyM8GkYYY,1,0.2199,19.37,1,0.2199,19.37,2025-03-14,2025-03-14
LTC,LfMu7K9LyMzqsYmn2zCPfkGx2WB1JvJd6f,1,0.3957072,34.86,1,0.3957072,34.86,2025-03-14,2025-03-14
LTC,LcDaXsrRqp6q1zWyB65BH5uY9MroBTkQV3,1,0.29439115,26.94,1,0.29439115,25.93,2025-03-13,2025-03-14
LTC,LexrprPmgUyicQtrNeWC8r8VMSBZafTJyB,2,0.7207423,64.72,2,0.7207423,63.49,2025-03-13,2025-03-14
LTC,LVQCiWxGLkqj5wgYX2CrDpXyXAoREi5tq1,1,0.14199079,12.99,1,0.14199079,12.51,2025-03-13,2025-03-14
LTC,LTFWn9mTqB6TJ3Rn4vHRfjSYBQfy6ECDqf,1,0.53623926,49.07,1,0.53623926,47.24,2025-03-13,2025-03-14
LTC,LfWipN2NWGJJBEJa58a26ks4ZWuhmMo47C,1,0.15890101,20.63,1,0.15890101,18.24,2025-02-24,2025-02-25
LTC,LUi6kwm5LTH92pd5a5RdXPA2QSAcgwKz4d,2,2.92206814,335.39,2,2.92206814,335.39,2025-02-25,2025-02-25
LTC,La7z4NhQ1ruji5o9yfLL1DG7Fwgv4ErT24,1,0.3589587,41.2,1,0.3589587,41.2,2025-02-25,2025-02-25
LTC,LePNTBHxhRR1AgixbsGMtFdc2YqeoeVHZ5,1,0.36712717,42.14,1,0.36712717,42.14,2025-02-25,2025-02-25
LTC,LcbdWfAbMgYDVYVRGXhLdQESuBRBqLKgYo,2,0.55820128,64.07,2,0.55820128,64.07,2025-02-25,2025-02-25
LTC,LLy3mjptFArpYnEZheWzqNL4pv6Cg6VYSi,1,0.08646948,11.23,1,0.08646948,9.92,2025-02-24,2025-02-25
LTC,LU6VRqu1LmmNNHowVjLGnfWY3GW2Y7FyHx,1,0.16196918,21.03,1,0.16196918,18.59,2025-02-24,2025-02-25
LTC,LXV7dYaLCw2rkQ5rjB2FTfVKBnP6Mog5c3,1,0.17831992,20.47,1,0.17831992,20.47,2025-02-25,2025-02-25
LTC,LXe4iEmX7ZEdpqfMmd9ZpjSTe8w86i6RwC,1,0.16864374,22.06,1,0.16864374,22.06,2025-02-21,2025-02-21
LTC,LWk42XRjAHCGbH3FPhcTdQ3AwY4xXjdGGz,1,0.15483744,20.88,1,0.15483744,20.26,2025-02-20,2025-02-21
LTC,LMw1U943oKX6WcbL3dZ4QHVAVaRtB9aLqm,1,0.41904238,54.82,1,0.41904238,54.82,2025-02-21,2025-02-21
LTC,LRw8B5iQZ9hhTj6KTqKUa5jPbExnfgyi2z,1,0.09786044,12.8,1,0.09786044,12.8,2025-02-21,2025-02-21
LTC,LKN7e9N7c6XJ8PQAdJf5RFrUtH4ZhKxyK5,1,0.35900289,46.96,1,0.35900289,46.96,2025-02-21,2025-02-21
LTC,LcqewsqUZzgbk1PU5tk2weZAUsfCzVpzhY,1,0.21472323,28.09,1,0.21472323,28.09,2025-02-21,2025-02-21
LTC,LcPN5a21Qw3wVDAHDeLEtukZZ5w8zp8njq,1,0.14313821,19.31,1,0.14313821,18.73,2025-02-20,2025-02-21
LTC,LhwGQWb3Pk5qum1Y6zLy3uB6ov3GxwTbfr,1,0.16525559,21.62,1,0.16525559,21.62,2025-02-21,2025-02-21
LTC,Lb28QDkNtcRUJPEABSX934iVxmLxe6hEFk,1,0.226,29.57,1,0.226,29.57,2025-02-21,2025-02-21
LTC,LdgDBT2vPyzicqNUg5svEfDtmVSKcDWsPP,1,0.14768771,19.32,1,0.14768771,19.32,2025-02-21,2025-02-21
LTC,LKenrfd7qZAXy2FmcEdY7ttj939iUY9PjJ,1,0.09619037,12.58,1,0.09619037,12.58,2025-02-21,2025-02-21
LTC,LTdSSkyerqhwWAdrDYUmYGaVRR4VQV7LBS,1,0.36015757,48.21,1,0.36015757,48.21,2025-02-16,2025-02-16
LTC,LRc1RPgLz8o4kTuuvDNnZT9gqrNnyLHiPw,1,0.31621901,42.33,1,0.31621901,42.33,2025-02-16,2025-02-16
LTC,LX615nNDWDhziJzrsc5kPHFGkU3wcuwFAE,1,0.92204971,123.43,1,0.92204971,123.43,2025-02-16,2025-02-16
LTC,LYwT61iMgPvPvwUk7LExCN2YSSu1NsVCMU,1,0.3044253,40.75,1,0.3044253,40.75,2025-02-16,2025-02-16
LTC,LdGghAcKNkiZ1FRRE6sYz5hta15ZP1qigo,1,0.11537574,15.44,1,0.11537574,15.44,2025-02-16,2025-02-16
LTC,LNMS6wokjk74DiU4Vtif4nPK6R79ei2ueY,1,0.2247651,30.09,1,0.2247651,30.09,2025-02-16,2025-02-16
LTC,LXMMZUwKC8xGpiAghzM33zrRproy8MF8sb,1,0.20960142,28.06,1,0.20960142,28.06,2025-02-16,2025-02-16
LTC,LabAWmtsMZEDQqYBCzdS6V44AwgcsgteQC,1,0.10292438,13.78,1,0.10292438,13.78,2025-02-16,2025-02-16
LTC,LbXNxvCtKzbiwZpXZ5ci7BP9XQwjR3uNvW,1,0.37180247,49.77,1,0.37180247,49.77,2025-02-16,2025-02-16
LTC,LhkdVhMUNVsfvKpunwEcWxwo2VVinSq69a,1,0.11654218,15.6,1,0.11654218,15.6,2025-02-16,2025-02-16
LTC,LhUt4CZhzkpx3kEdUpeFSjxzreMF96aCDd,1,0.22552158,30.19,1,0.22552158,30.19,2025-02-16,2025-02-16
LTC,LKdTXshFQBvtH2MHa6Fk1hHGM4gT2iVhHj,1,0.07077339,9.47,1,0.07077339,9.47,2025-02-16,2025-02-16
LTC,Ld7LAgnca3XFunWjT5Zd4qLS5RGhgMBDGu,1,0.327572,43.85,1,0.327572,43.85,2025-02-16,2025-02-16
LTC,LVCzZRqbiW2QeFQS6w77D5mATUWhJxdquQ,1,0.52765653,45.2,1,0.52765653,45.2,2025-04-29,2025-04-29
LTC,Lfpr9g5FU8GbrDLDQeRa4tUB47gAdGZuQK,1,0.69316081,59.38,1,0.69316081,59.38,2025-04-29,2025-04-29
LTC,LdcnEAdQrUdD44e3RyuXcPBBQQsazyxDqM,1,0.11565613,9.91,1,0.11565613,9.91,2025-04-29,2025-04-29
LTC,LZLkAJDVdADUDdyFbfNtAv9q236g94nS3U,4,10.67694053,912.03,4,10.67694053,912.03,2025-04-28,2025-04-29
LTC,La1wzQzFWdUHTuise8byVbmAAqzCN48Kkt,4,1.36638428,116.97,4,1.36638428,116.97,2025-04-28,2025-04-29
LTC,LZTLP7QHLzCggdFTRSQzM3NrEtFCTKH1Xg,1,0.37494953,32.12,1,0.37494953,32.12,2025-04-29,2025-04-29
LTC,LWZE4zacFLdFLqDgwJAZhhA3as6rwGzRU8,1,0.18483797,15.84,1,0.18483797,15.84,2025-04-29,2025-04-29
LTC,LQ29rHvRN2qjN7QMSqkPySffbhnhWtrTYx,1,0.05360527,4.76,1,0.05360527,4.76,2025-05-02,2025-05-02
LTC,LSorAkMGrJnobDtbGjuxDqWCqHq1GM3qJB,2,0.13857421,12.31,2,0.13857421,12.31,2025-05-02,2025-05-02
LTC,LZdv69zjKuWGE17hKNjMkcJRsvYs5uv342,1,0.15932673,13.31,1,0.15932673,14.16,2025-05-01,2025-05-02
LTC,LXYpqPUhiu32dweuBxqWVhDqrnyDBoEH6Q,2,0.53905415,47.89,2,0.53905415,47.89,2025-05-02,2025-05-02
LTC,LRfrG9FMCbo9NUmG8sGpvz9eKRrJGN7prH,1,0.33317054,29.6,1,0.33317054,29.6,2025-05-02,2025-05-02
LTC,LbsCofogBGRRGoyMVimQsqQCkLuEqGNVD2,1,0.25415489,21.23,1,0.25415489,22.58,2025-05-01,2025-05-02
LTC,LfPrkVFCizb2yVW8etyjpHaBPeRVyWo2eK,5,0.82600995,71.0,5,0.82600995,71.78,2025-05-01,2025-05-05
LTC,LcCHQ4BQmuHxECfTFT3GhsjNP1NWEosQ8D,1,0.5999,53.3,1,0.5999,53.3,2025-05-02,2025-05-02
LTC,LhzUmWJG1XNNaGzAkiobWZUGmAp2z962YK,3,0.49260658,42.05,3,0.49260658,43.77,2025-05-01,2025-05-02
LTC,LVLNDD6Cj7eUyn6nQ7KYQxXhYxP4a4GdS3,1,0.13373725,11.17,1,0.13373725,11.88,2025-05-01,2025-05-02
LTC,LMXpJTQxNEduaPjSfFGac6d2gv7FeNhVnQ,1,0.11854361,10.53,1,0.11854361,10.53,2025-05-02,2025-05-02
LTC,LQe67jUQSSBivkCM8cN8VL2xnRp2Lu3Kfy,1,0.07194359,6.01,1,0.07194359,6.39,2025-05-01,2025-05-02
LTC,LT7DDFmcizxQT78EW7pjHLyzBjf6MdtRbW,2,0.2428,21.57,2,0.2428,21.57,2025-05-02,2025-05-02
LTC,LNtzUWYAVuSB9n2Th73DDkTMeZnbnXgdMc,4,0.80372986,68.6,4,0.80372986,69.44,2025-04-30,2025-05-05
LTC,LV5CeGuSXfoehA3hJarf8jmpQn2a3zBUQd,1,0.29603315,24.72,1,0.29603315,26.3,2025-05-01,2025-05-02
LTC,LUzzYPiBscGJfUyNP53Ttqd1pQWRHbFHdS,1,0.20607028,17.21,1,0.20607028,18.31,2025-05-01,2025-05-02
LTC,LN21qB4CVuFX3Y9CP87Rgm6cVYpJtSfKR6,1,0.405084,34.66,1,0.405084,35.99,2025-04-30,2025-05-02
LTC,LaFkG3kQPi2jZRL4oZGEH9nKpD1JXtDXFd,1,0.19798842,16.54,1,0.19798842,17.59,2025-05-01,2025-05-02
LTC,LLJ5hp1BwraBybP5BJEV5MRd3PpnqKVpCb,1,0.32019922,28.45,1,0.32019922,28.45,2025-05-02,2025-05-02
LTC,LYJ8eddeh3CB667jPPA2ohqzZXebzRd5LN,3,0.52571393,44.61,3,0.52571393,45.7,2025-04-05,2025-05-02
LTC,LQHAD8WsxTDa41VG55S2695rb672cZLpbe,1,0.1231865,10.95,1,0.1231865,10.95,2025-05-02,2025-05-02
LTC,LXaUcCXyANMmzEgqGhM6iKhgTM38dgxfTM,1,0.46620046,38.94,1,0.46620046,41.42,2025-05-01,2025-05-02
LTC,LfHyyhZ5sno3ogD8qs3xd85kvsn5x5fFQp,2,0.3342747,28.12,2,0.3342747,29.7,2025-05-01,2025-05-02
LTC,LQit5gdW2J3sbqbDXXDGPHb4jkgEvjCEyk,2,0.37,31.48,2,0.37,32.44,2025-05-01,2025-05-04
LTC,LY4mA9b6nZJ2SHfoHzHjzGuFv419D22LF4,1,0.27500722,24.43,1,0.27500722,24.43,2025-05-02,2025-05-02
LTC,LTrWt1qHVYraJBnQNnwy72uijtQ2X2hVtf,1,0.15969081,14.19,1,0.15969081,14.19,2025-05-02,2025-05-02
LTC,LYPgugvPq5LRsNr8LFVZRLjiueWogRYDey,2,0.08333251,7.4,2,0.08333251,7.4,2025-05-02,2025-05-02
LTC,La2DAVLcLw3tiJTvVhxEhwHGDMMDBrXvqX,1,0.53780139,47.78,1,0.53780139,47.78,2025-05-02,2025-05-02
LTC,LQkzskkQKWVXXNZHEnuTUksrcPoH1KCbTH,1,0.16211985,13.54,1,0.16211985,14.4,2025-05-01,2025-05-02
LTC,LQvEUqPaJQoiMws6KjY8V79pNV2ocfpcpa,1,0.15581833,13.84,1,0.15581833,13.84,2025-05-02,2025-05-02
LTC,LSdPyjtmbuqqcFoDgR1XBcbz4b9TzD4gad,1,0.29175098,25.92,1,0.29175098,25.92,2025-05-02,2025-05-02
LTC,LRFUH8WWwDBQj41pVXkxHr5XeJP9NE3ZJP,3,1.21353668,106.03,3,1.21353668,106.03,2025-03-14,2025-05-02
LTC,LZ2TXET8kxTSARZLpRcjSYixb5Uw9tNmEb,1,0.15676035,13.93,1,0.15676035,13.93,2025-05-02,2025-05-02
LTC,LZpuay4osiHov6g4Yj7NarHGKyEknwfEZh,1,0.38579778,34.28,1,0.38579778,34.28,2025-05-02,2025-05-02
LTC,LgMw9gYDTWkveAENs1MLxXdzUPUVTZdnVJ,1,0.24394755,20.37,1,0.24394755,21.67,2025-05-01,2025-05-02
LTC,LbzYYTqSyHTfsbKb2ikUDaNVMpFqHhNg8b,1,0.06728816,5.62,1,0.06728816,5.98,2025-05-01,2025-05-02
LTC,LKokcAiRr2S2HwBMxoUr67MpZLvTc2a2v1,1,0.25502196,22.66,1,0.25502196,22.66,2025-05-02,2025-05-02
LTC,LfH4S79HMYX31aX4tDev32RjZJhYDitucP,1,0.14817603,13.17,1,0.14817603,13.17,2025-05-02,2025-05-02
LTC,LUagNYAMeuctwW5155gFmQ1p4dyb7pYkQf,1,0.52306459,44.75,1,0.52306459,46.47,2025-04-30,2025-05-02
LTC,LaiWf1pT5bpY9hhoZRuy7zJr4aTabLntu9,1,0.295,24.64,1,0.295,26.21,2025-05-01,2025-05-02
LTC,LLJCRyWtJ4VMxMmwYgStNyxwAFS8c3kwzf,1,0.07576892,6.33,1,0.07576892,6.73,2025-05-01,2025-05-02
LTC,Ld8uZdoFKtBppaCCDmFNi34KWRxYtTN8PW,1,0.16418629,13.71,1,0.16418629,14.59,2025-05-01,2025-05-02
LTC,LKuifokyJKCCpy8dRbbRG3GCyZFMCkjn5s,1,0.05348304,4.47,1,0.05348304,4.75,2025-05-01,2025-05-02
LTC,LQAv95GT212NMVCnGZmxJyG7bBJikWivES,1,0.28089239,24.96,1,0.28089239,24.96,2025-05-02,2025-05-02
LTC,LSqtHYPuXABLSqJtPSiBHtyb9J475XCq1e,1,0.13247593,11.06,1,0.13247593,11.77,2025-05-01,2025-05-02
LTC,LN372sFQbi3KWtVbp3XpQjZLseFX7NVFGa,1,0.23681985,19.78,1,0.23681985,21.04,2025-05-01,2025-05-02
LTC,LQDAjuhTwTHNFncpR4RvrV2MXwtosTBtfe,3,0.46577175,53.59,3,0.46577175,53.59,2025-01-28,2025-01-28
LTC,LNhX7kjmtLy6znHMYivBuN5NZBbiBC66ky,1,0.3023706,35.4,1,0.3023706,34.79,2025-01-27,2025-01-28
LTC,LNbA7erSgjkSwG89aGjbGVCrQvuF8UC1u2,1,0.02601669,2.99,1,0.02601669,2.99,2025-01-28,2025-01-28
LTC,LakTAVV5d8yqwq9m6inFCqwcPXsfYNrJiY,1,0.179687,21.04,1,0.179687,20.67,2025-01-27,2025-01-28
LTC,LNqCFQhQVqSbDhQqQL6EauzdTb2cK6ZA6c,1,0.17783049,20.82,1,0.17783049,20.46,2025-01-27,2025-01-28
LTC,LgLZJizgX5DC5x73yLf6pnAUSTiAfuzDwt,1,0.45131411,52.84,1,0.45131411,51.92,2025-01-27,2025-01-28
LTC,LfiKMd57SxbUym9uucP6FDfhmn2PnByqs1,2,0.357442,40.58,2,0.357442,41.27,2025-01-27,2025-01-30
LTC,LefnWmvg5T5YT8HHeYSdzZst5YS8pKydsL,1,0.26039299,30.48,1,0.26039299,29.96,2025-01-27,2025-01-28
LTC,LbUZB2RUPdoBG7iaeePCw2F9mx9Dn5JVXG,1,0.08688767,10.0,1,0.08688767,10.0,2025-01-28,2025-01-28
LTC,LX6P7sSeTiPwqLBfx2qVjeBHiYSzC424qQ,2,0.24748848,28.97,2,0.24748848,28.47,2025-01-27,2025-01-28
LTC,LhYs78pqmjKnDVTUXHnd2v1dDJNfXrMCzm,1,0.19518619,22.85,1,0.19518619,22.46,2025-01-27,2025-01-28
LTC,LZX6LCRD5T1AXUqp9oWNzY2JLcAeYvmyvJ,1,0.50739225,59.4,1,0.50739225,58.38,2025-01-27,2025-01-28
LTC,LTUyyUnQ9p3vcwEcbo96CbmC52uwoN5caV,1,0.31016117,35.68,1,0.31016117,35.68,2025-01-28,2025-01-28
LTC,LeFaivi6kLn7ha3B62US5VF8AjkXAt1BXL,1,0.07102699,8.17,1,0.07102699,8.17,2025-01-28,2025-01-28
LTC,LXmykjVjXNwiR1TUSNyTi42T7Rf9mFiGb8,1,0.36745301,43.02,1,0.36745301,42.28,2025-01-27,2025-01-28
LTC,LWw8BemC4Fzp84pgs2BDKHZp9rT9Ukd5XF,1,0.18282371,21.4,1,0.18282371,21.03,2025-01-27,2025-01-28
LTC,LchNiiB5GukxMFjTVqiXeq4vD5VZUhqvVf,1,0.17198117,20.13,1,0.17198117,19.79,2025-01-27,2025-01-28
LTC,LeNw9GPnvLwXjkNQdjt3ypZ1iCu3XVAeK9,1,0.23063751,27.0,1,0.23063751,26.53,2025-01-27,2025-01-28
LTC,LewoyTJFw9PK3V24X3q7jVPgvpKWRmFCWF,1,0.17439435,20.42,1,0.17439435,20.06,2025-01-27,2025-01-28
LTC,LP2dpxDRQNveydWDQwL7B2TJ9jXCiA5Thv,1,0.28887005,33.23,1,0.28887005,33.23,2025-01-28,2025-01-28
LTC,LTJgqNxZ7qCKP17rVKGfAYr2i1amN7MsmZ,2,0.21205721,24.77,2,0.21205721,24.71,2025-01-24,2025-01-28
LTC,LeXUyhBAHXTK5V9cvsT6Z3u1jMB9RaqqEH,1,0.15199435,17.79,1,0.15199435,17.49,2025-01-27,2025-01-28
LTC,LVGzA16oWvkYSHR2AGeUETHdG4mLZNUJrx,1,0.16749435,19.61,1,0.16749435,19.27,2025-01-27,2025-01-28
LTC,LQAMCErx7s4La9rSKqk3ZdvBCNjnn9zEv6,1,0.24226223,28.36,1,0.24226223,27.87,2025-01-27,2025-01-28
LTC,LdUnyPw5riy2mjDu3wq5SSfQh7CCTae2CQ,1,0.19885499,23.28,1,0.19885499,22.88,2025-01-27,2025-01-28
LTC,LSbeTY7A5ajhq5GX28kcPZdgdiNueXmWLf,1,0.2612,25.7,1,0.2612,26.76,2025-01-14,2025-01-15
LTC,LZJo3nJZt67pNzrKq8XomAMNFunXYoXv6M,2,1.39347709,142.76,2,1.39347709,142.76,2025-01-15,2025-01-15
LTC,LVuB2ky1ev8brormrnd2FGKuFdMNkyLHU2,2,0.44169595,43.45,2,0.44169595,45.25,2025-01-14,2025-01-15
LTC,LbXsCMdhwpRwKpwH3uxce2hq13AejZhyBg,1,0.4499,44.26,1,0.4499,46.09,2025-01-14,2025-01-15
LTC,LWey34Qijtz2io7cdPHZXDu3J5cgZGJSUt,1,0.1455186,14.32,1,0.1455186,14.91,2025-01-14,2025-01-15
LTC,LKkFXAqumN7ASeryR2gjuFh8MwAe4dqNJj,2,0.83244709,83.58,2,0.83244709,84.88,2025-01-14,2025-02-07
LTC,LKgWF1bKhTs47oLjGSWyrFf2U5ZhGzzg2S,1,0.12105927,11.91,1,0.12105927,12.4,2025-01-14,2025-01-15
LTC,LTQYDSM8pL3TTTu9mCvpq5c6ixdjrJ2T7V,1,1.492,146.78,1,1.492,152.86,2025-01-14,2025-01-15
LTC,LWbG6fPhHWoFfGuD9aGitYV9CHWKeGWZj4,1,0.11069182,10.89,1,0.11069182,11.34,2025-01-14,2025-01-15
LTC,LQiD5kgyPYmJ6oM69N5tyLFAfLZWobBZKa,1,0.248,24.4,1,0.248,25.41,2025-01-14,2025-01-15
LTC,LRQMGmxPh2BDTP27N4pUsnAYnEzXn1RWP3,1,0.2326623,23.84,1,0.2326623,23.84,2025-01-15,2025-01-15
LTC,LRPvkLihrJDXN7aJNkBQrDQbxdf7YFiUN5,1,0.30821582,30.32,1,0.30821582,31.58,2025-01-14,2025-01-15
LTC,LfyCGSaZVL1cBF9iSSW7FmhZnPnb4mNFNm,1,0.23758376,23.37,1,0.23758376,24.34,2025-01-14,2025-01-15
LTC,LMJSQx5a4EJ2jyiTHuP38TdCMccERZyuSX,1,0.13903834,10.93,1,0.13903834,10.93,2025-04-13,2025-04-13
LTC,LPWn22v5moeqPTFBmGmAJE16ZQnekKUbfw,1,0.562,44.19,1,0.562,44.19,2025-04-13,2025-04-13
LTC,LU2k9sn3ca9bqZSiHkSaR56zLe1A5EQ1Ht,1,0.15003773,11.43,1,0.15003773,11.8,2025-04-12,2025-04-13
LTC,LYdCoyfUhADwmCeGpPJAQ6yoTMF6apJNry,1,0.28722303,22.58,1,0.28722303,22.58,2025-04-13,2025-04-13
LTC,LTsM717pdMr2bM11TYkJMNfU7ZujxEkAci,1,0.40216549,31.62,1,0.40216549,31.62,2025-04-13,2025-04-13
LTC,LXpgK9P4H7D6x4jNNmV45aiVK4v1dnq1iu,1,1.05351741,82.84,1,1.05351741,82.84,2025-04-13,2025-04-13
LTC,LaPGi6aM2Guwens7gLpj7YiSbwe83fYbaE,1,0.38076639,29.94,1,0.38076639,29.94,2025-04-13,2025-04-13
LTC,LaL9LnDtwYKdrFMSDBnCLGfaWVWMnkcZxF,2,0.78127423,61.43,2,0.78127423,61.43,2025-04-13,2025-04-13
LTC,Lgrd1fL4wHGepPWB9CqqYSmxDUc53qt1k3,1,0.47021828,36.97,1,0.47021828,36.97,2025-04-13,2025-04-13
LTC,Lf5gNZPFSzUFxsbiDHHHyVC26U4Y6ZFfgK,1,0.31055109,24.42,1,0.31055109,24.42,2025-04-13,2025-04-13
LTC,LRmjiMzmFbYkNh9g5rwY3M7Noe8ecizhGX,1,1.27087406,99.93,1,1.27087406,99.93,2025-04-13,2025-04-13
LTC,LgR1Fiw4p7wTNw6MHBkSEjYdCALFAB6P33,1,0.04397188,3.46,1,0.04397188,3.46,2025-04-13,2025-04-13
LTC,LfvY9Zx2X7Bt6GTV2Bo5CEDLthqhCE4e5h,1,0.19194612,15.09,1,0.19194612,15.09,2025-04-13,2025-04-13
LTC,LVtPPxuWNwUM3aWrwH6vAXpgBt5kLtVtmv,1,0.194,14.78,1,0.194,15.25,2025-04-12,2025-04-13
LTC,LbnXB6QfkUocMurt9atnHTTh6dA9ugHd67,1,0.25097201,19.73,1,0.25097201,19.73,2025-04-13,2025-04-13
LTC,LefVPFMdBMVoH4qHRpsab35bTJzmrG4udB,1,0.05477962,5.07,1,0.05477962,4.94,2025-03-16,2025-03-17
LTC,LbgRxTqqjbdJJigYywwuxordyeMNseA691,1,0.34147671,31.58,1,0.34147671,30.81,2025-03-16,2025-03-17
LTC,LQw1RzS9urbrNAq2nGVGXfJ6MVAyJgwBnj,2,0.14808805,13.44,2,0.14808805,13.36,2025-03-16,2025-03-17
LTC,LTpdhZTKMnHkDGdXQqnkXUjc85VG8FpMEW,3,0.46504335,42.59,3,0.46504335,42.35,2025-03-15,2025-03-17
LTC,LPDh3qVv6QBcSu17RhfoHHyBTp5uL9oguz,2,0.41051329,37.96,2,0.41051329,37.04,2025-03-16,2025-03-17
LTC,LY5wP6vtL3spDCfxXk24c7bFBoej22AAaR,1,0.08431535,7.61,1,0.08431535,7.61,2025-03-17,2025-03-17
LTC,LgDmStmaDdAqCvg6Fs2nFGV8iEVBJE7pNn,1,0.08613,7.87,1,0.08613,7.77,2025-03-15,2025-03-17
LTC,LYiU7BHAYuGmx7uWfoD7XV6bteE8Lt23NK,1,0.5999,55.47,1,0.5999,54.12,2025-03-16,2025-03-17
LTC,LWf4QRPVr1zgDoMGNM5GvaFEGeTAUw56Xw,1,1.1175,103.34,1,1.1175,100.82,2025-03-16,2025-03-17
LTC,LbscjxxLHf7iM4d3fcaGiD8uNRLzkS6uL2,2,0.7514656,69.7,2,0.7514656,69.7,2025-03-17,2025-03-25
LTC,La9xDL6qDZiB12VZFPW2HUD1wAVmx3ab6M,1,0.11967957,11.07,1,0.11967957,10.8,2025-03-16,2025-03-17
LTC,La7HPRcep8iKjruKasPD5Q82FG45tbowrp,1,0.223676,20.68,1,0.223676,20.18,2025-03-16,2025-03-17
LTC,LSKcxMSm6JbgVtWX9gJ3bC5NGMtwH4gd1B,1,2.20405205,203.81,1,2.20405205,198.85,2025-03-16,2025-03-17
LTC,LUC2rRgXdgAvcRLx7TbBdb4YNXgxEnwBii,1,0.68412853,63.26,1,0.68412853,61.72,2025-03-16,2025-03-17
LTC,LaLxzxyj4qaxqLtyMhEy1pmJKXgcuiE4DP,1,1.44556257,130.42,1,1.44556257,130.42,2025-03-17,2025-03-17
LTC,LURZCy234pHggJmpcSbTM6caRGFqaZez5x,2,0.21379762,19.29,2,0.21379762,19.29,2025-03-17,2025-03-17
LTC,LPN3nrtVM6RUxSP6ckD8EWBRkuv2sQGMZW,1,0.47143923,43.59,1,0.47143923,42.53,2025-03-16,2025-03-17
LTC,Le9jecZQ52WzBDiQxBdQ8exfjPVBJq2hNW,1,0.27778917,25.69,1,0.27778917,25.06,2025-03-16,2025-03-17
LTC,LLioBK8XFmMPjFCfCuzsMqoG2LMdPR2Q26,1,0.14982049,13.52,1,0.14982049,13.52,2025-03-17,2025-03-17
LTC,LWaUva5Cxft3aaLH2qBcZHDfPULRV9kXLP,1,0.39290451,35.45,1,0.39290451,35.45,2025-03-17,2025-03-17
LTC,LcdtqGZ9iHhuyGcdUtcsV13a4U9dMntRzo,1,0.11381357,10.52,1,0.11381357,10.27,2025-03-16,2025-03-17
LTC,LWL6yZ1ACVrBSJ4XjxA37EfVpVAhJrGGud,1,1.106,102.27,1,1.106,99.78,2025-03-16,2025-03-17
LTC,LWXnEEbRr4GRbCY78C6UwpG96A6PVTfb92,1,0.45693358,41.22,1,0.45693358,41.22,2025-03-17,2025-03-17
LTC,LNuzPUZCTgF3dk6UCCykT8ndoHKNGxPN1T,1,1.9445,175.43,1,1.9445,175.43,2025-03-17,2025-03-17
LTC,LN9m7siYAirFetD4xWPSbjuHmjFVqabbn7,1,0.22977815,21.25,1,0.22977815,20.73,2025-03-16,2025-03-17
LTC,LWn4skgqytPCBRiKtfbLRRBZRPB59StWKB,1,0.05573201,5.15,1,0.05573201,5.03,2025-03-16,2025-03-17
LTC,LhoxBfC41Y7eYca1z2GxU8J8zxYTrUQZrT,1,1.1499,105.01,1,1.1499,105.01,2025-03-15,2025-03-15
LTC,LTDnxrW5bhzEEeRmYdydLCvbLK9PBSsKr4,1,0.32618555,29.79,1,0.32618555,29.79,2025-03-15,2025-03-15
LTC,LWYbGdabeZEfVV8RZd3E1349Yz4wS9YHHR,2,0.45,39.38,2,0.45,38.65,2025-03-15,2025-04-03
LTC,LMZKSuSY8bwtgkdcmvbdcyVY6VC8KwXhvP,1,0.64891349,59.26,1,0.64891349,59.26,2025-03-15,2025-03-15
LTC,LWBAfT3UdND86GBCMEz21Jg4qXcEdC8pP6,1,0.21781746,19.19,1,0.21781746,19.89,2025-03-14,2025-03-15
LTC,LLwryYt8hb9g5QYBNSeBZ2C8KCNiPsmysH,1,0.14749263,13.47,1,0.14749263,13.47,2025-03-15,2025-03-15
LTC,LXpXHcSMpZfY3TXS2qLERbDNHW8HxSMfPc,1,1.06301991,97.07,1,1.06301991,97.07,2025-03-15,2025-03-15
LTC,LZFpeQbV9YB3YiBFugKdnjEsPzxMnDMswk,1,0.1998018,18.25,1,0.1998018,18.25,2025-03-15,2025-03-15
LTC,LhPm2rdqopikaTKsMsVJcDPaFLbN4Yd8vt,1,0.2518,22.99,1,0.2518,22.99,2025-03-15,2025-03-15
LTC,LRgcii8NGpWra8gq6eBx1W3TaXA9wGqeSo,1,0.54451168,49.72,1,0.54451168,49.72,2025-03-15,2025-03-15
LTC,LMTDxgREZBLfNeRfVSijkjptuy9SygUv9j,1,0.09764112,8.6,1,0.09764112,8.92,2025-03-14,2025-03-15
LTC,LiEHX7xUJLuewQC1vbcJUfJ8BbjhbpMPWe,1,0.29897883,30.91,1,0.29897883,30.39,2025-02-06,2025-02-07
LTC,LWAKxLiwNNiMW7Gnj1EmjDUTv27BSjt9Xw,1,1.449,149.8,1,1.449,147.31,2025-02-06,2025-02-07
LTC,LcHdW2TMU2RZQSD16CJRfDYFscSkA521dK,1,0.60114424,61.11,1,0.60114424,61.11,2025-02-07,2025-02-07
LTC,LW7j2oaxemdJcFJxFWis6h5we8LeByt4Lg,1,0.13263496,13.71,1,0.13263496,13.48,2025-02-06,2025-02-07
LTC,Lev9ck5KYu8k7Nxh9qABmU18vU5Bm4vSqV,1,1.15517193,117.43,1,1.15517193,117.43,2025-02-07,2025-02-07
LTC,LNBUrxLfKuBx7ZEi8rhc8vKGX4E863yj6G,1,0.62990456,44.26,1,0.62990456,44.26,2024-11-02,2024-11-02
LTC,LMxXNwLXF5mqu78yf3HBN1MmYE3BSZsobR,1,0.99267899,69.76,1,0.99267899,69.76,2024-11-02,2024-11-02
LTC,LbVUqeaWE83WzchFSqePubxeqxZ2Fk7xqK,1,1.03597003,72.8,1,1.03597003,72.8,2024-11-02,2024-11-02
LTC,LNyg6D12SVBc2J15JxcfQe7cXcZ8phUNSP,1,0.31342386,22.02,1,0.31342386,22.02,2024-11-02,2024-11-02
LTC,LbFLUdqtxrfHCpYAN7URoywpUb5pMFjLNh,1,0.16902905,11.88,1,0.16902905,11.88,2024-11-02,2024-11-02
LTC,LWMeQaNvBmZoSd6qVXCeV9cGgfbeuq8PzV,1,0.42311939,29.73,1,0.42311939,29.73,2024-11-02,2024-11-02
LTC,LbMhwpyZ8q2w7DLMfcxxezJ5piWCtyEFkG,1,0.71989535,50.59,1,0.71989535,50.59,2024-11-02,2024-11-02
LTC,LZd5RDofPx7Tjt7VXznbpL5ejBLBzTiUWK,1,0.35471,24.93,1,0.35471,24.93,2024-11-02,2024-11-02
LTC,LTXusERzMCMFrr9QkniyonBqadcxSer6gN,1,0.19213391,13.5,1,0.19213391,13.5,2024-11-02,2024-11-02
LTC,LcWSFoSxoq8mqzHt8kN329s3zZcYBByqo4,1,0.71087715,60.05,1,0.71087715,60.05,2025-04-02,2025-04-02
LTC,LSrjP6ezYJyibQTMdZdsKQVvDyyRua8SDi,3,2.001696,163.9,3,2.001696,163.9,2025-04-02,2025-04-03
LTC,LNrP4jCjNyyysKDJyPJP3RP1zabZPuApX6,1,0.0499,4.22,1,0.0499,4.22,2025-04-02,2025-04-02
LTC,LgE7NE1GftcsvJoEQ4fPwfur9ci3WU1HwL,1,0.02505052,2.12,1,0.02505052,2.12,2025-04-02,2025-04-02
LTC,LSsgDgNe3Z2KDV7Ht9YtdtJ6Mst3ZLkQr6,1,0.0960096,8.11,1,0.0960096,8.11,2025-04-02,2025-04-02
LTC,LbcZ69rEmPFwXhVtKdS9eP59KPNCmbr2ME,1,0.2499,21.11,1,0.2499,21.11,2025-04-02,2025-04-02
LTC,LQdpMazVxGWwjkHtvr94ob8W5ADDPvoKcJ,1,0.58129408,49.11,1,0.58129408,49.11,2025-04-02,2025-04-02
LTC,LQPog5gb4yCHRsgRxquS54ZbLVML7DdiL9,4,0.95707269,80.43,4,0.95707269,80.43,2025-04-02,2025-04-03
LTC,LR8DwuNif3vzJ4gRBFKhtGp7bP9s3guj8A,1,0.29871804,25.24,1,0.29871804,25.24,2025-04-02,2025-04-02
LTC,LLe3rJwqJAcx1JHFgqhizCfdP7sPiALUPk,1,0.02589696,2.19,1,0.02589696,2.19,2025-04-02,2025-04-02
LTC,LWaY6VFcN7L7C1kMjiA2sr6VPwDWTn64UK,1,0.57856389,48.88,1,0.57856389,48.88,2025-04-02,2025-04-02
LTC,LUoKW5aW5jiWyQdFJ8pEdn9ZHoGaXJFwBE,2,0.05204778,4.71,2,0.05204778,4.65,2025-03-26,2025-04-02
LTC,La2d8bLn49rDP349jDp69e6W3ri1zrkB3o,1,0.1099,9.28,1,0.1099,9.28,2025-04-02,2025-04-02
LTC,Lb6cGQjBeqArJ1Z4BdLPnH1shcpAUprDi7,1,0.09699233,8.19,1,0.09699233,8.19,2025-04-02,2025-04-02
LTC,Lgbz8b9XoxmC6Jc4GA2xz1kN8NiX2e6Xq8,2,0.76436242,63.79,2,0.76436242,63.79,2025-04-02,2025-04-03
LTC,LN1asm8yxNtFgTzvB6ZpFkoireS4xsfTAp,1,1.17376864,99.16,1,1.17376864,99.16,2025-04-02,2025-04-02
LTC,LLhqDDc2ZyPrdXaVnLC9pnsovFRoYrvADr,1,0.26469188,20.12,1,0.26469188,20.59,2025-04-19,2025-04-21
LTC,Lgj2CyJ2noR4NWPodMR39i5ptzDACkToHD,2,0.14640125,11.4,2,0.14640125,11.61,2025-03-26,2025-04-21
LTC,Le3AFUg4Xp3XEJ3NEcBLcZ2sUcqRAaoh1Y,1,0.38410162,29.88,1,0.38410162,29.88,2025-04-21,2025-04-21
LTC,LRPS58NafRPyJDQQg65oWYoL2V9uQa7VYv,3,0.92643711,71.57,3,0.92643711,72.08,2025-04-19,2025-04-21
LTC,LTP3nH1J4DMepC6j3xY5e79VRBYuvctzxs,3,0.63497911,49.88,3,0.63497911,50.64,2025-04-20,2025-04-25
LTC,Lfe1LYYYA58eGQGRicVLRTPEBnrYTxo6bm,1,1.54271955,117.25,1,1.54271955,120.02,2025-04-19,2025-04-21
LTC,LWKHNXUHA9MDq95bGVpqYZpHfFPPE7Nw9J,1,1.1653462,88.57,1,1.1653462,90.66,2025-04-19,2025-04-21
LTC,LTUtHim27djUTHA1bHBQe874SU46PUoPVa,2,0.48957179,37.62,2,0.48957179,38.09,2025-04-20,2025-04-21
LTC,LLXzF7GjESP8VJaQC2DvwzEYoBpTKSuEuT,1,0.62375329,48.53,1,0.62375329,48.53,2025-04-21,2025-04-21
LTC,LcXHHf9Ma7W3Sk8WLQ6CbRG8FxYUpcAzc9,1,0.68937551,52.39,1,0.68937551,53.63,2025-04-19,2025-04-21
LTC,LSJ49iECMbs1skirTbAwJJELdjTPSHxLEy,1,0.9603756,73.08,1,0.9603756,74.72,2025-04-20,2025-04-21
LTC,LNLEJycfnUHNtP49GRHamHzosZcHh4DBHk,1,0.1695904,13.19,1,0.1695904,13.19,2025-04-21,2025-04-21
LTC,LXeiDSYvuGXFoYRTdysWgfFfHShykx31Gp,1,0.20240595,15.38,1,0.20240595,15.75,2025-04-19,2025-04-21
LTC,LTHKWWb1f5U4MQRivHxZt4rhxV6RnfweqZ,1,0.25041523,19.06,1,0.25041523,19.48,2025-04-20,2025-04-21
LTC,Lamvd5AD6BKfMBfEYSsVSVEPB8i6v1fuhE,3,2.26176345,180.52,3,2.26176345,181.08,2025-03-26,2025-04-21
LTC,LiX8tXAyoZL5CHoKoGLtrDcVDCFTVvSu2w,1,0.52258269,39.77,1,0.52258269,40.66,2025-04-20,2025-04-21
LTC,LPxeavkFFrmuxeVvxEKDNQ1SgcF7yFRkVv,1,0.32447273,25.24,1,0.32447273,25.24,2025-04-21,2025-04-21
LTC,LKtmFfSneLNSf21HW1ptL9zwoSNW5xKaim,1,0.21832947,16.61,1,0.21832947,16.99,2025-04-20,2025-04-21
LTC,LSkvxgst7JSPwsg318rF1RscGYyDjNdb8Y,2,0.57435555,45.5,2,0.57435555,46.22,2025-04-19,2025-05-04
LTC,LeSoWsZUY7hqCZPZQU6GYLG8sPWKxCJaFn,1,0.20207871,15.38,1,0.20207871,15.72,2025-04-20,2025-04-21
LTC,LdocjG3phgCbkHv5uVsAEzDnTUZt8ZNrEh,1,0.10496621,7.99,1,0.10496621,8.17,2025-04-20,2025-04-21
LTC,LfHj72XqXb9y1A4tcstVqeS6wrmVLrDivy,1,0.24965767,19.42,1,0.24965767,19.42,2025-04-21,2025-04-21
LTC,LcLkMbyTtN4dZtUyme9rErDQP1Rht2o847,2,1.04681978,80.72,2,1.04681978,81.44,2025-04-19,2025-04-21
LTC,Lfmrr6X3Qw14fiFdNidfz4UYs7L4RKde7y,1,0.298,23.18,1,0.298,23.18,2025-04-21,2025-04-21
LTC,LVLe87SWLnVQDSb7HoCMwG6CHYobaZ93hC,1,0.37821483,29.43,1,0.37821483,29.43,2025-04-21,2025-04-21
LTC,LRcMuktBWGgj4YG1Em72CmWa95aAjS2s1Q,1,0.5395034,41.06,1,0.5395034,41.97,2025-04-20,2025-04-21
LTC,Lch4TLSi5L8k7u2Mva1ZHdMZ67sKQFhNtq,1,6.86366847,522.33,1,6.86366847,533.99,2025-04-20,2025-04-21
LTC,LQCEDkhuw1zxXDnhcKaMfwmD2eE5KRYoaa,2,0.32675179,24.87,2,0.32675179,25.42,2025-04-20,2025-04-21
LTC,LRaoXiFKxCuYCQqrr4jpSbUiWXS5GYKyD8,1,0.2037063,15.85,1,0.2037063,15.85,2025-04-21,2025-04-21
LTC,LaDuTjSPfY8yKzJ8Nk7MTSXDXnmuDfncfV,1,0.14351749,10.91,1,0.14351749,11.17,2025-04-19,2025-04-21
LTC,LariJjYWTRz95HYTBCJ8YLoVoLoni4RPuQ,1,1.16734198,88.72,1,1.16734198,90.82,2025-04-19,2025-04-21
LTC,Ld8TPvwbEAEfeRCwU51j7stoZpWaLzuYGs,1,0.36993047,28.15,1,0.36993047,28.78,2025-04-20,2025-04-21
LTC,Lf2Eu3jZiQuhbfVkv19trQj9qCDVJq9M7r,1,0.14052764,10.68,1,0.14052764,10.93,2025-04-19,2025-04-21
LTC,LWrKA3P5GbWDAgUEw96q9N3RBBu9oMYRqD,1,0.24070911,18.32,1,0.24070911,18.73,2025-04-20,2025-04-21
LTC,LSH1ig9trEpQodV3eFYsiK4LBSUmb7skDf,1,1.3746418,104.61,1,1.3746418,106.95,2025-04-20,2025-04-21
LTC,LP7LxnQQtgzVMN3F6TprsTssnMQM2phkLU,1,0.10649003,8.99,1,0.10649003,8.99,2025-04-05,2025-04-05
LTC,LhmqT5uc96SPXvFjcoFFYBHZq6PgMxtyuZ,4,0.10830666,9.07,4,0.10830666,9.07,2025-04-04,2025-04-05
LTC,LcuK2BrbT7MWRLFU9jYctjqEPGLSZdvKbx,1,0.13347284,11.27,1,0.13347284,11.27,2025-04-05,2025-04-05
LTC,Lhg8YQTGAMxrey3J1D1rELvnkv1d6CZRYA,1,0.2033483,17.16,1,0.2033483,17.16,2025-04-05,2025-04-05
LTC,LRcHb4arBtkEVdL2Xv6LrxdvRaDACg9G5J,1,0.30660377,25.59,1,0.30660377,25.88,2025-04-04,2025-04-05
LTC,LdmKiRyb42UnKxkhMsQXfmpt3u9G1NpWKE,1,0.34245057,28.58,1,0.34245057,28.91,2025-04-04,2025-04-05
LTC,LaNhzMYJLnwdGzMixq2aYy6Lj2sASk94a6,1,0.19010974,16.05,1,0.19010974,16.05,2025-04-05,2025-04-05
LTC,LPpvJZTjPxqMqcLy7DpdLBgFa98A6HHUot,1,1.1269454,95.13,1,1.1269454,95.13,2025-04-05,2025-04-05
LTC,LfDJ8475mwSJYa55MYzm4BwaDkxhVnoe5r,1,0.60262133,50.87,1,0.60262133,50.87,2025-04-05,2025-04-05
LTC,LUZD6vTCNneLtuMWVJBwnQ4qGdBJFfQ7b6,1,0.29990008,25.31,1,0.29990008,25.31,2025-04-05,2025-04-05
LTC,LXxUzmsjwYoUA71WJkxCSRowGCAQpEVvhh,1,0.2406794,20.32,1,0.2406794,20.32,2025-04-05,2025-04-05
LTC,LMtg3By1zyH9wj1jMJ4Pre937B3P1AZimA,1,0.20548622,17.35,1,0.20548622,17.35,2025-04-05,2025-04-05
LTC,LXfMvVFVwAzxvrWVThm3rHsfW2VZ1SSFxx,2,0.36828115,35.47,2,0.36828115,35.47,2025-04-05,2025-05-13
LTC,LYFh6jHFqBUPu43UVcDLtUWoXfYX9QsfE6,1,0.64924492,54.8,1,0.64924492,54.8,2025-04-05,2025-04-05
LTC,LdycZUQNrVhVAHTchwyqPUGRBsNvkhQw7c,1,0.11151271,9.31,1,0.11151271,9.41,2025-04-04,2025-04-05
LTC,LREkkGDJx782s5xdbVmiaHbsbyJFVDs3KY,1,0.18014102,15.21,1,0.18014102,15.21,2025-04-05,2025-04-05
LTC,LP2MfQc8roUeBywbUrv9iy5w1j7JbFqwfo,1,0.35165865,30.02,1,0.35165865,30.02,2025-04-28,2025-04-28
LTC,LYB7mudj1hrobGrAhto57ByrXFVB4PwRPg,1,0.82802505,72.09,1,0.82802505,70.7,2025-04-27,2025-04-28
LTC,LPzELCipePJMM5qnn58aMprCpHf4KnBAVN,1,0.14917981,12.99,1,0.14917981,12.74,2025-04-27,2025-04-28
LTC,LRVrgi7a1B9TpH6X9eu718hZxC8hY8dybE,1,0.11656465,10.15,1,0.11656465,9.95,2025-04-27,2025-04-28
LTC,LMysJWsj1RwPEPFufjE6WeFNSXci9rZwpd,1,0.2699,23.04,1,0.2699,23.04,2025-04-28,2025-04-28
LTC,LgTYte9CCDuWgPFAG7nvEop1fzdqbntaJ3,1,0.2238,19.11,1,0.2238,19.11,2025-04-28,2025-04-28
LTC,LKU6Bo7nvP3CkJBEhURykKRRUmW2mpPXYi,1,1.13783279,97.15,1,1.13783279,97.15,2025-04-28,2025-04-28
LTC,Le3EnSBXKo3FYRvVL7cWYa7Uj49xtyyVMx,1,0.20131581,17.19,1,0.20131581,17.19,2025-04-28,2025-04-28
LTC,LiMSpQ3XZS1pu8bgfkjmk3z5seajSAMh9T,1,0.091109,7.78,1,0.091109,7.78,2025-04-28,2025-04-28
LTC,LMGqPA2ZrjZALU92nApmv7MXx41rQZ79Wt,1,0.13522376,18.24,1,0.13522376,14.93,2024-12-09,2024-12-10
LTC,LacaDpyqyGzQ4NWEUxfhAhxR2SNN1hvGa3,2,0.70078474,94.54,2,0.70078474,77.39,2024-12-09,2024-12-10
LTC,LTn1onkRNWL2atn4q9wzZb1VoSMwJwUV79,1,0.21755894,29.35,1,0.21755894,24.03,2024-12-09,2024-12-10
LTC,LWqvci8BtHqCK57jSK6H3tcAuZph9GCVaC,1,2.0999,231.89,1,2.0999,231.89,2024-12-10,2024-12-10
LTC,LQvDYDTsBo6MzkNtWLTT4AUfoVUkFDcmUt,1,0.12463764,16.81,1,0.12463764,13.76,2024-12-09,2024-12-10
LTC,LX5jsb6MK4KZD8prBj2a2jepZoMvaVwiMz,4,0.8055,108.67,4,0.8055,88.95,2024-12-09,2024-12-10
LTC,LcpBsx7arFoJoA9VNcydpWK35RdNK3EYWf,1,0.66,89.04,1,0.66,72.88,2024-12-09,2024-12-10
LTC,LQazPf996iuZx69GKh5Gd6rdcxnR2CmfVa,1,0.21335282,28.78,1,0.21335282,23.56,2024-12-09,2024-12-10
LTC,LLmXyMJVdFUUhf5DcS5FHrTy4cf4KmRUsG,1,0.1809,24.41,1,0.1809,19.98,2024-12-09,2024-12-10
LTC,LZ2rEZ6YiULXRfqQ1u2KKT56hZVceTj5f2,1,0.0849,11.45,1,0.0849,9.38,2024-12-09,2024-12-10
LTC,La9ZQuQ3UxjKY3VBdtunXsHrjYWUBF2prz,2,0.1391067,15.36,2,0.1391067,15.36,2024-12-10,2024-12-10
LTC,LcbUzn1aakQe6KYKRfwpqFKiZyEAxvQdiy,1,0.25119909,27.74,1,0.25119909,27.74,2024-12-10,2024-12-10
LTC,Lc38o63nr7jTFWQyBzKQreyNLFGPtLtZHk,1,0.53899222,59.52,1,0.53899222,59.52,2024-12-10,2024-12-10
LTC,LcBnQZ2xk9puGXDSXvNqJA8rihoTv5aWQV,1,0.1199,10.56,1,0.1199,10.56,2025-03-14,2025-03-14
LTC,LNpk7ixqaMupmfffvTxeUChiWkAUHwFB7a,1,0.29776904,26.23,1,0.29776904,26.23,2025-03-14,2025-03-14
LTC,LaJezmwmFu6rhQF8hUUfbTUS7E3CZ2JYbt,2,0.47993907,43.25,2,0.47993907,43.25,2025-03-14,2025-03-22
LTC,Li5wb34dHq1Rqgh9AiquGCEHuf3jdJfRji,1,0.54914881,48.37,1,0.54914881,48.37,2025-03-14,2025-03-14
LTC,LUL2iLYkCWDTKHVCHdEmSxapMHQZuXPKer,1,0.26945807,23.74,1,0.26945807,23.74,2025-03-14,2025-03-14
LTC,LhA5ZTxHHSo4Pz9sLEyiSEsgRvAD78mCju,1,0.06057,5.34,1,0.06057,5.34,2025-03-14,2025-03-14
LTC,Lbz6r98ncomyGjCbz4pSbq3EUgy2CHpYMu,1,0.72477103,63.85,1,0.72477103,63.85,2025-03-14,2025-03-14
LTC,LVfXLjfkXdCsNmNABnVAJQ17BVjdyxEobC,1,0.1099,9.68,1,0.1099,9.68,2025-03-14,2025-03-14
LTC,LMHgHwHi4WMwujVzjuCZEKxr5tHDeaJEjf,1,0.53001394,61.43,1,0.53001394,61.43,2025-01-30,2025-01-30
LTC,LTWCXJJAYq4o78pkSdz35CFDLacv2yXNF1,2,0.93010718,102.24,2,0.93010718,107.8,2025-01-29,2025-01-30
LTC,LRLrrT6iATKGu6JyPTYQtDp5oXgTgjUaC3,1,0.11594302,12.74,1,0.11594302,13.44,2025-01-29,2025-01-30
LTC,LPhGttyu5WkppzHqUzsRaymarehAUq1Qit,1,0.13320937,14.64,1,0.13320937,15.44,2025-01-29,2025-01-30
LTC,LNbiext94hcQGmowhW83rvanSx3zAM4K6c,1,0.24581,28.49,1,0.24581,28.49,2025-01-30,2025-01-30
LTC,Ld4E9nWSWm4yXPp7jzyEUpfHywL1GovUDJ,2,0.3478887,38.24,2,0.3478887,40.32,2025-01-29,2025-01-30
LTC,Lb5HkTY9ukLbEgnFQXqS2EsKXS3KdCifAQ,1,0.05819858,6.4,1,0.05819858,6.75,2025-01-29,2025-01-30
LTC,LiWz5Cw5PxQzZpnu7MSwY4Gghjjydkm5gn,1,0.1979296,22.94,1,0.1979296,22.94,2025-01-30,2025-01-30
LTC,LZK5soj6FRixu1FxkFJVFDi5CatKdEX2AW,1,0.26248997,28.85,1,0.26248997,30.42,2025-01-29,2025-01-30
LTC,LSXPAt1t8tx4x7muf9KLfiVY1oLw5rZcKx,1,0.1734622,19.07,1,0.1734622,20.1,2025-01-29,2025-01-30
LTC,LKqprk5iMrPZkKLetWSMPrqQivs1aYLp8M,1,0.0178444,1.96,1,0.0178444,2.07,2025-01-29,2025-01-30
LTC,LdfiAnYTU9kKtw52G8BcZNmT4Ww7XiBSxZ,1,0.16186079,13.2,1,0.16186079,13.2,2025-04-03,2025-04-03
LTC,Lf7W289pioW13D4N78TRzVNQzTtgbRBaBL,1,3.87377908,315.83,1,3.87377908,315.83,2025-04-03,2025-04-03
LTC,LMbekzwr4v1BmnjBmEe9mAekrqyAbFpQQU,1,0.48020633,39.15,1,0.48020633,39.15,2025-04-03,2025-04-03
LTC,LS8CquNEgawXdXPyGpdRQMnqaHn6saGzJo,1,0.36383664,29.66,1,0.36383664,29.66,2025-04-03,2025-04-03
LTC,LdVH6kDNey9Znb4ycTSb2KfXTaUjWeMBxb,1,0.6,50.69,1,0.6,48.92,2025-04-02,2025-04-03
LTC,LiKVNeZ1TX2kddq78JuUFMR25zRnB9wqZ8,1,0.11608253,9.81,1,0.11608253,9.46,2025-04-02,2025-04-03
LTC,LQzZE4TCrwQZtHxVCGWMWY6ZLnpLqwGq3a,1,0.2256,19.06,1,0.2256,18.39,2025-04-02,2025-04-03
LTC,LRbVSpwPLmciVc2vUycvAfc9UNu8Dq93jP,1,0.1156,9.42,1,0.1156,9.42,2025-04-03,2025-04-03
LTC,LXgnt2homoBuZYL9xcaWh4Tj9kSRs1AEFV,1,0.1999,16.89,1,0.1999,16.3,2025-04-02,2025-04-03
LTC,La91iz6QNuZzhksaqqEPEAU6VEknFLDker,1,0.1913,15.6,1,0.1913,15.6,2025-04-03,2025-04-03
LTC,LVARPQCs9RLFB39rMhwRxHhr6CpAseArym,1,0.12164742,9.92,1,0.12164742,9.92,2025-04-03,2025-04-03
LTC,LYbZAvHptmAyZ348z1U6eJAx96QAb6HvvS,1,0.08751531,7.14,1,0.08751531,7.14,2025-04-03,2025-04-03
LTC,LTKy8HRufhntbkK8aYSdwp8Y2mnqNxdfqD,1,0.94329784,76.91,1,0.94329784,76.91,2025-04-03,2025-04-03
LTC,LedH6Zzy92YRTzUu4W7Poo9YWgwJG1yimM,1,0.5859454,47.77,1,0.5859454,47.77,2025-04-03,2025-04-03
LTC,LfkKFT1fuCz6rf5Hm5uWV7yoXwvxxnaAap,1,0.177,14.95,1,0.177,14.43,2025-04-02,2025-04-03
LTC,LPWEWkMME3caEsM5qWRf4C9JaDQ788fqJX,1,0.24248702,19.77,1,0.24248702,19.77,2025-04-03,2025-04-03
LTC,LcmePzSUCZi233dT66BM2FqtZPLoMN9ETs,1,0.364535,29.72,1,0.364535,29.72,2025-04-03,2025-04-03
LTC,LPR9hqCA3XgUEAKufC4VEhanb83pHcyFnB,1,0.08403439,6.85,1,0.08403439,6.85,2025-04-03,2025-04-03
LTC,LPzUYo7ny8HsrRVoYyrWs1vPS5QJgWEyzP,1,0.13087627,15.54,1,0.13087627,15.54,2025-01-25,2025-01-25
LTC,LRjvSANWmvM9ZLrUT5q4zYxfjq4QmzGSBg,1,0.00824104,0.96,1,0.00824104,0.98,2025-01-24,2025-01-25
LTC,LSwEBFFR9yWXXHSvQhM1FGD7D75YpGPC9X,1,0.22233985,25.88,1,0.22233985,26.39,2025-01-24,2025-01-25
LTC,LcFSHxKkEpDyytq1oUvRxXREjdqvDZdgmK,1,0.23416882,27.26,1,0.23416882,27.8,2025-01-24,2025-01-25
LTC,Li8SPKpWBKPpLXj5PzLftqxJUNXi7eyMwC,1,0.57712487,68.51,1,0.57712487,68.51,2025-01-25,2025-01-25
LTC,LZ3C9NJcMFf463TPiUcma8Mp4Xm2JMziER,1,0.205997,23.98,1,0.205997,24.45,2025-01-24,2025-01-25
LTC,LSTWXBsC1NGuDGUSiCiDP1iSBaJkTFZGjJ,1,0.20068969,23.82,1,0.20068969,23.82,2025-01-25,2025-01-25
LTC,LKFpqVUiQ2jwkGZjkaByUcfgvRcaXH9V8C,1,0.74175083,86.35,1,0.74175083,88.05,2025-01-24,2025-01-25
LTC,LeGj6HGnpj48sYPaEKtQgy1CPHk2dBiyUF,1,0.30811943,35.87,1,0.30811943,36.58,2025-01-24,2025-01-25
LTC,LQHEsqa3Q7hWdKnRVLWT3vYHvZHQixqvNk,1,0.33199074,39.41,1,0.33199074,39.41,2025-01-25,2025-01-25
LTC,LLgSYnzq3vRigDyQJgiez1sJL3tPs4xdTK,1,0.16675699,19.8,1,0.16675699,19.8,2025-01-25,2025-01-25
LTC,LbMuRcz4BEEDuRdt4McQmnCKGGHCeBQuAi,1,0.116667,13.58,1,0.116667,13.85,2025-01-24,2025-01-25
LTC,LggQVpS3oHdZVmhDGomJRgUG7j68gvTvmR,1,0.41299489,49.03,1,0.41299489,49.03,2025-01-25,2025-01-25
LTC,LgRRBGSCxsnfVN38esn6sX4FpHWvTTF7qb,1,0.21458488,24.98,1,0.21458488,25.47,2025-01-24,2025-01-25
LTC,LXcibrQ5hVYDWubgxHHrN5onB2migYSKoY,1,0.48220657,56.14,1,0.48220657,57.24,2025-01-24,2025-01-25
LTC,LZxC2jv38xybxehCkmjX6gcFXw9HjPSz7f,1,0.08219,9.57,1,0.08219,9.76,2025-01-24,2025-01-25
LTC,LfcRT7dE7bT4Mkc1PL2jPt8pyJg6WoaogL,1,0.09917495,11.55,1,0.09917495,11.77,2025-01-24,2025-01-25
LTC,LKGc6JZ5E4QMG3xyKaJBFPFuTu5BVzH66j,1,0.21316844,24.82,1,0.21316844,25.31,2025-01-24,2025-01-25
LTC,LZJ2zDfijo32CtYJutn4e7Go4ThJKHCJjZ,1,0.16495526,19.58,1,0.16495526,19.58,2025-01-25,2025-01-25
LTC,LTst62GEiVDeJHcWrS3qAU81G6mBDKiT8F,1,0.02423544,2.82,1,0.02423544,2.88,2025-01-24,2025-01-25
LTC,LQyvDECy859859rv7YypFwxkttaCTTAC6u,1,0.19971607,17.29,1,0.19971607,17.29,2025-05-04,2025-05-04
LTC,LgSVEpwpTFBEdktKyETYQMgae5G8BCP9qQ,1,0.20175805,17.75,1,0.20175805,17.46,2025-05-03,2025-05-04
LTC,Lc8QWeinNSE47QJC1f4FeN4yyFLJg8M9eP,1,0.15025092,13.0,1,0.15025092,13.0,2025-05-04,2025-05-04
LTC,LhM12CuPgGUrFjaD4T5Pbq8CoypDtjTHip,1,0.69035463,59.75,1,0.69035463,59.75,2025-05-04,2025-05-04
LTC,LeBhtqSP8yAh7YNCunKDnrQYgtxFVoqbnC,3,0.44622725,39.79,3,0.44622725,39.79,2025-05-04,2025-05-13
LTC,LXoa3T5hkwzHy1NQky44CUwWATU8ynZyNC,2,0.5652,49.48,2,0.5652,48.92,2025-05-03,2025-05-04
LTC,LSjr2Q8epy3nXk3FoS8NRYDEuNV4jRhJ9L,1,0.16,13.85,1,0.16,13.85,2025-05-04,2025-05-04
LTC,LWwv8942MfoV3YjAcJ1ftGyL9yLaVWmPTC,1,0.19053469,16.49,1,0.19053469,16.49,2025-05-04,2025-05-04
LTC,LbJz11g71TDj8wSwR3kaSDaPboujVSWaMt,1,0.0769,6.66,1,0.0769,6.66,2025-05-04,2025-05-04
LTC,LZus2AdpR6Qooj7tWSQxqPP1q6dxxnXMtn,1,0.28962154,25.07,1,0.28962154,25.07,2025-05-04,2025-05-04
LTC,LWvJ3dUcyYEP3WNByP2XL2xGccaDMLGGFr,1,0.15450775,13.37,1,0.15450775,13.37,2025-05-04,2025-05-04
LTC,LNKyVDiC5jswBpBdA3VQMgxN8QAiutdk97,1,0.33557826,29.04,1,0.33557826,29.04,2025-05-04,2025-05-04
LTC,LYzq5m4uE5bB3xtok3fEoYSxhsRBq18yAW,1,0.2814869,24.36,1,0.2814869,24.36,2025-05-04,2025-05-04
LTC,LezeoNmazCCExnQdcncmsVaZCbdRuaxZVk,2,0.12635053,10.91,2,0.12635053,10.91,2025-05-04,2025-05-05
LTC,LYd4BtJnz5phPpvN1rWowrf3Cdnu5dnznj,1,1.72860847,152.05,1,1.72860847,149.61,2025-05-03,2025-05-04
LTC,LRdg8w9BqogDB8y9B97k1LUbDRPM4yyiz4,1,0.83044982,71.88,1,0.83044982,71.88,2025-05-04,2025-05-04
LTC,LNaeDYmhfF431ZvmuUnEHRcCVgePitj44y,1,0.29205607,25.28,1,0.29205607,25.28,2025-05-04,2025-05-04
LTC,LQQeEfHxJrUGhDNYucb42HobN9S72VM2Mr,1,0.1599,13.84,1,0.1599,13.84,2025-05-04,2025-05-04
LTC,LbPAPB13Lta6YHRqeggwrpUyRTEB8HUEkS,2,1.62121022,141.77,2,1.62121022,140.32,2025-05-03,2025-05-04
LTC,LM4LV4re7VSV9P9Mu3GPTSPRWAZMgDbg84,1,0.3149,27.25,1,0.3149,27.25,2025-05-04,2025-05-04
LTC,LMcpQZQNETo78nDGRMRRMyuAeZgKxv63PS,1,0.2517158,21.79,1,0.2517158,21.79,2025-05-04,2025-05-04
LTC,LamCiPsqYcQsUdMpnynw8vuL6xJgAvVcEo,3,0.29717362,26.19,3,0.29717362,26.07,2025-05-02,2025-05-04
LTC,LVxFFr541KgZvGDMeGuujhP65gxngLdCQf,1,0.1629,14.1,1,0.1629,14.1,2025-05-04,2025-05-04
LTC,Lgw21qd5WFzLKWxca5TUYavRVzh2HubjDP,1,0.08898191,7.7,1,0.08898191,7.7,2025-05-04,2025-05-04
LTC,LakcVsWWhqjw7GbNmxBeg9gjakSy1ThSAB,1,0.1320309,11.43,1,0.1320309,11.43,2025-05-04,2025-05-04
LTC,LViWfLMucXhwEosx6dhArEWeshBbFtKk2v,1,0.23524178,20.36,1,0.23524178,20.36,2025-05-04,2025-05-04
LTC,LTsnGg5Y9s7w4XW6e9CcpipMpdTPRoxsMm,1,1.50054044,133.32,1,1.50054044,131.99,2025-05-02,2025-05-03
LTC,LLVn5ubj6BG95svGQzvL1AUcKfEb9a8HTH,1,0.37285111,32.8,1,0.37285111,32.8,2025-05-03,2025-05-03
LTC,LVEdi7s6uu4rXwfwRRgYGyCP1bGMXNRa8v,1,0.2175292,19.13,1,0.2175292,19.13,2025-05-03,2025-05-03
LTC,LgHHKHc8hRvaupLNmdz5siHbgPTyWWTPr9,1,0.21110373,18.57,1,0.21110373,18.57,2025-05-03,2025-05-03
LTC,LeL6ajcRkLe1J92TGtvewLhP82wmkHtuZ5,1,1.284453,112.98,1,1.284453,112.98,2025-05-03,2025-05-03
LTC,LdXirG6oahQyU1hFxaVrA3ui8vnZhfXu8o,1,0.175,15.39,1,0.175,15.39,2025-05-03,2025-05-03
LTC,LdW4eCNHpK77GohzEQcH5b7mDZ3Zue7wxq,1,0.10901584,9.59,1,0.10901584,9.59,2025-05-03,2025-05-03
LTC,LdcVuB9VRnZo8MDEKWVtHK92trUqMAZDno,1,0.28729101,25.27,1,0.28729101,25.27,2025-05-03,2025-05-03
LTC,LQkJUxQE1jCWv3x52JJWdZ99ntZyvqgAuu,1,0.16776588,14.76,1,0.16776588,14.76,2025-05-03,2025-05-03
LTC,LeQz12FoSrkKJfCc23zCuRo2zX2zFcYG7R,1,0.42142282,37.07,1,0.42142282,37.07,2025-05-03,2025-05-03
LTC,LYmesQ4VRFXmjJqpPngfqZK8fRsqmTMpWm,1,0.34826791,30.63,1,0.34826791,30.63,2025-05-03,2025-05-03
LTC,LZnkNNwtbnBn8zXJSdCAwwkRCU8Tio7aZz,1,0.25,21.99,1,0.25,21.99,2025-05-03,2025-05-03
LTC,LSPVEK9XEXh5Ck7jYXxy7TM8vHmZtpLvMN,1,0.284615,25.03,1,0.284615,25.03,2025-05-03,2025-05-03
LTC,LcnNLCEVL79Sc1TF3gouLQ7Z7kzyE5d4Nq,1,0.23002,20.23,1,0.23002,20.23,2025-05-03,2025-05-03
LTC,LWUKwCEw9ANxYUoY6JQNUXSyBRtf8MYXSB,1,0.34044077,29.95,1,0.34044077,29.95,2025-05-03,2025-05-03
LTC,LSaoHtKzpQ2j1RKHQumEqnQBqAf8j7NK9a,1,0.21032177,18.5,1,0.21032177,18.5,2025-05-03,2025-05-03
LTC,LhMziRf5Nd3YJm1zRibXrCbx4cCmnBWFFc,1,0.2252,19.81,1,0.2252,19.81,2025-05-03,2025-05-03
LTC,LeM3rh4KJpdjqhpRKmyefGxw4Pr6eaXF14,1,1.33951884,117.82,1,1.33951884,117.82,2025-05-03,2025-05-03
LTC,LNSUMJ4ZRmDFVKPARW4H1j7hzDjnDPyf6H,1,0.10249925,9.02,1,0.10249925,9.02,2025-05-03,2025-05-03
LTC,LYhoqKXFupkuSxEbBPGxKuHy8tHj6gQwpH,1,0.358844,31.56,1,0.358844,31.56,2025-05-03,2025-05-03
LTC,LKaSUfcFrZvCJJJndU1JasP1BGMnLrf4pR,1,0.42294759,37.2,1,0.42294759,37.2,2025-05-03,2025-05-03
LTC,LMrnJa9DQNQ2JLykSGtLGCqSFaHpRcY4ry,1,0.32029283,28.46,1,0.32029283,28.17,2025-05-02,2025-05-03
LTC,LLFxJf96TYG9FqVv5vvm9eXNXkFcjSrLKD,1,0.0309,2.72,1,0.0309,2.72,2025-05-03,2025-05-03
LTC,LcmYuGysA2tzWCPkP3HsFKSkyjN1tjray3,1,0.10367548,10.48,1,0.10367548,10.48,2025-02-05,2025-02-05
LTC,LY64XgLLVAVKU759VbqFZmu1vsavGhsiUb,1,0.12699502,12.84,1,0.12699502,12.84,2025-02-05,2025-02-05
LTC,LQ73MhUB5LTxNBnSw1Mmgq9BuVErfuecaw,1,0.4749,48.0,1,0.4749,48.0,2025-02-05,2025-02-05
LTC,LZs8ecaoCUY9i1hgcvnQY3syQ5J9JH25ud,1,0.21506382,21.74,1,0.21506382,21.74,2025-02-05,2025-02-05
LTC,Leav35AVkunp1Dv5J3ZaxWDSaJYMvzSgVo,1,0.096369,10.99,1,0.096369,9.9,2025-01-07,2025-01-08
LTC,LazF5URTcKmvpefv5CZvjexLsANuMv1fSa,1,0.1299,14.81,1,0.1299,13.34,2025-01-07,2025-01-08
LTC,LP9nS7oHBoWTGr99RZpuFNj4i4rcmoX2ta,1,0.48162692,49.47,1,0.48162692,49.47,2025-01-08,2025-01-08
LTC,LSWgR2jyHBLTQDQ1gJRmvwSSwqrwMdxopv,1,0.27155351,30.96,1,0.27155351,27.89,2025-01-07,2025-01-08
LTC,LQqeD97JAc4PkwzeEZGmTRgLfq2MKN9Ngr,1,0.01936464,1.99,1,0.01936464,1.99,2025-01-08,2025-01-08
LTC,LP6vkPxVWrEZ3caoAGkfW2As6bC1Sd3tqc,1,0.11708492,13.35,1,0.11708492,12.03,2025-01-07,2025-01-08
LTC,LgNq1RwFNFXAprkppG4WThRZgWetcmHmq1,1,1.57958926,162.24,1,1.57958926,162.24,2025-01-08,2025-01-08
LTC,LPwRC3G9geWGSWtjbjHXtAQai9nmjmFKjU,1,0.40560391,41.66,1,0.40560391,41.66,2025-01-08,2025-01-08
LTC,LUYExvqno6RsTk4NKFwUEW9VKhysvySwta,1,0.20322078,20.87,1,0.20322078,20.87,2025-01-08,2025-01-08
LTC,LYsYS4JKbkpaGwFs2xhZCY6jwNEV4W3jbK,1,0.58640987,66.85,1,0.58640987,60.23,2025-01-07,2025-01-08
LTC,LSEYesT8MqLxsJuEiw4ZB59dDDQASgA157,1,1.0,102.71,1,1.0,102.71,2025-01-08,2025-01-08
LTC,LdU9uwziK63gDVv4G9ADQRVGz9yWWEEszp,1,0.1099,12.53,1,0.1099,11.29,2025-01-07,2025-01-08
LTC,LfzvFJKETJWDZXD59ojCGk4f1N9EEicdEy,2,0.40308706,41.4,2,0.40308706,41.4,2025-01-08,2025-01-08
LTC,LY9Jh3EufVYZGHNnMuZ9NyShCJGps8ZGGg,2,0.24208294,27.28,2,0.24208294,24.86,2025-01-07,2025-01-08
LTC,LhbqJHkkwWkcspCUX5UR8Tn7SK37hrHMb6,1,0.1999,22.79,1,0.1999,20.53,2025-01-07,2025-01-08
LTC,LXFgDR8TFiyYWoydyxZebXMtwzsQhovaea,1,0.2459,25.26,1,0.2459,25.26,2025-01-08,2025-01-08
LTC,LRWz8AtYkJz9Qcd27qJurPNAXzBpMMd3oL,1,0.72024025,73.98,1,0.72024025,73.98,2025-01-08,2025-01-08
LTC,LcaAQA21fYYUXqjbTv6zjbhmGXoi5jBcZA,1,0.198,22.57,1,0.198,20.34,2025-01-07,2025-01-08
LTC,LiAbEym7cVst3f62zjtSrUBDPv6wVWVVyw,1,0.2005,22.86,1,0.2005,20.59,2025-01-07,2025-01-08
LTC,LKUYhVPJaeCLVdDpP1GrEXBMzo2SrYz3Yk,1,0.1799,20.51,1,0.1799,18.48,2025-01-07,2025-01-08
LTC,LeztFGssDGzJgTZv1wNZTq9UsdnHGqKVGD,1,0.28208254,28.97,1,0.28208254,28.97,2025-01-08,2025-01-08
LTC,LiGEPVWQro2jN8Z4XepomubK4ktRFjoSAf,1,0.79991885,82.16,1,0.79991885,82.16,2025-01-08,2025-01-08
LTC,LWgRH43S6UMy6bcArSki3dD9Kbp43h5WkQ,1,0.13411825,12.66,1,0.13411825,12.4,2025-03-26,2025-03-27
LTC,Laop6TxwDaJqWLSVauQNoB3GWc37cw2Z85,1,0.43800092,41.33,1,0.43800092,40.48,2025-03-26,2025-03-27
LTC,LNMDR7MJE9dfVo181XbkuMhoNg4NEbvKgG,1,0.28984034,27.35,1,0.28984034,26.79,2025-03-26,2025-03-27
LTC,LLprrFfm6oXhwXtBKf8RNwM1sxhmUrrmyA,1,0.12740223,12.02,1,0.12740223,11.77,2025-03-26,2025-03-27
LTC,LbX6DF6G6w9FWTCXeBW9fpSMDC5PpvLqC8,1,0.10895228,10.28,1,0.10895228,10.07,2025-03-26,2025-03-27
LTC,LM9GAffp3x1exXh9uL2yzgQ1XWPp1cDAZs,1,0.24699174,22.83,1,0.24699174,22.83,2025-03-27,2025-03-27
LTC,LNKtXpXwBVGqdDeWbpPPLUSEEst2cwFN64,1,0.26344533,24.86,1,0.26344533,24.35,2025-03-26,2025-03-27
LTC,LXPks1qxYSvJd7fvhtZAqvSVEtc4yexUrv,1,0.0349,3.29,1,0.0349,3.23,2025-03-26,2025-03-27
LTC,LUhRvKFj54aCmhtg15FWJhurRLA5Eg2XaS,1,0.5199,49.06,1,0.5199,48.05,2025-03-26,2025-03-27
LTC,LMcRxGsmJWQSVahoLh8N8GZf7Wz2wMtKjK,1,1.0,94.36,1,1.0,92.42,2025-03-26,2025-03-27
LTC,LUdP2kK5wbJGHBYAwiNc5LwAjUZxDCmMV6,1,0.21437305,20.23,1,0.21437305,19.81,2025-03-26,2025-03-27
LTC,LZq5G8UNcrwZfJAgk7RJ4g3HiLAjg4qNvd,1,0.38677213,36.5,1,0.38677213,35.75,2025-03-26,2025-03-27
LTC,LKzK4pJvw1CdxDKHVT7pXG3UHkJp2i3CQ2,1,0.14302362,13.5,1,0.14302362,13.22,2025-03-26,2025-03-27
LTC,LapTaRjvq4dTsgU3DbHvDsEpzFyCGHMbG7,1,1.2901076,121.73,1,1.2901076,119.23,2025-03-26,2025-03-27
LTC,Ley1Q6K8mfgXLZwYRYwSxWKwECn5e8ah8k,1,0.06223893,5.75,1,0.06223893,5.75,2025-03-27,2025-03-27
LTC,Lc7625BWs29R5FKv9mYnzWv9GF6kr2ixzX,1,0.33098197,30.06,1,0.33098197,30.06,2025-03-22,2025-03-22
LTC,LRf3qugwJMgmHdLEpJyX75Mb7X2zBywBbB,1,0.7842578,71.23,1,0.7842578,71.23,2025-03-22,2025-03-22
LTC,LejREHpi7ubxVJUDSjHmu92DvMgCcSvtj6,1,0.0813141,7.59,1,0.0813141,7.39,2025-03-21,2025-03-22
LTC,LTFvm6AXCdbzEPM4XG1wefUQMh95zBQwUK,1,0.20337897,18.47,1,0.20337897,18.47,2025-03-22,2025-03-22
LTC,LdPf14R35SmVuoeWh1H32nZJQmd7UFxCfn,1,0.33323032,30.27,1,0.33323032,30.27,2025-03-22,2025-03-22
LTC,LPQu5baham3oE6ePQdLL6jViZzvWXTmmmB,1,1.65,149.87,1,1.65,149.87,2025-03-22,2025-03-22
LTC,LSy454kEAijY1ppaCarH98cbed3ZTSUeT2,1,0.27385594,24.87,1,0.27385594,24.87,2025-03-22,2025-03-22
LTC,LL1rabSkEMige5FBGQSH4cwa7XhjKpGdPT,1,0.96181191,87.36,1,0.96181191,87.36,2025-03-22,2025-03-22
LTC,LRasZ2WaUdJxZ5TtQ2NmATzen6ydK9VUcH,1,0.42829457,38.9,1,0.42829457,38.9,2025-03-22,2025-03-22
LTC,LPirKB5cbraBLSG3UTrQfwjV8sphgkXFPm,1,0.33069293,30.04,1,0.33069293,30.04,2025-03-22,2025-03-22
LTC,LfPod5nZrnahsZ6Wxxtp9hfiFcoyYF6HKi,1,0.26234396,24.47,1,0.26234396,23.83,2025-03-21,2025-03-22
LTC,LfuB2fVNyB8UdaRU9UyLX94dEMA2giVTDX,1,0.04852274,4.13,1,0.04852274,4.13,2025-05-05,2025-05-05
LTC,LSXbwWZbmKV61CFo2uYFSL9H6cBXYdse1L,1,0.36534453,31.62,1,0.36534453,31.07,2025-05-04,2025-05-05
LTC,Lft16iMPn2NMUMwhneMyvQSe71JwVq216e,1,0.16771871,14.26,1,0.16771871,14.26,2025-05-05,2025-05-05
LTC,LZorbWVQ4FkP7sGVx6hxSyJ5bv1PFLAGBe,1,0.40867462,35.37,1,0.40867462,34.76,2025-05-04,2025-05-05
LTC,LVJVYmvWLkD4JYZ1Gx8X9irP3A4hujJeTg,2,0.1098,9.34,2,0.1098,9.34,2025-05-05,2025-05-05
LTC,LPN9JA67YW6WfL3zQ58nwxZ4q76YQUxrD1,1,0.2629904,22.37,1,0.2629904,22.37,2025-05-05,2025-05-05
LTC,Letpf8sSY4HrkafcGTPqShXGrSnH7nU24c,1,0.5558103,47.27,1,0.5558103,47.27,2025-05-05,2025-05-05
LTC,LeFHAXSeouuaWdroLDkRsSrPMBb4noJK1A,1,0.55657791,47.34,1,0.55657791,47.34,2025-05-05,2025-05-05
LTC,LV99JomexbfWMmyQ3JHnWyQe8ih9bCdyBP,1,0.23323615,19.84,1,0.23323615,19.84,2025-05-05,2025-05-05
LTC,LUHEbK9LZj1jg2oBa9nmCjkC9GcGZc3Get,1,0.80355342,68.34,1,0.80355342,68.34,2025-05-05,2025-05-05
LTC,LNdnkcxRXXAJXo4gXos1pw8X9Kc8R9evZf,1,1.12182783,95.41,1,1.12182783,95.41,2025-05-05,2025-05-05
LTC,LTP5ZZPUseUiXR4dR1b3WHyypGkpAuCUQX,1,0.0999,8.5,1,0.0999,8.5,2025-05-05,2025-05-05
LTC,LVxVTXgpSUtNUSu5W7LMkZufKmcUZTWemQ,1,0.13,11.88,1,0.13,11.88,2025-03-23,2025-03-23
LTC,LPZPWHdPqS1cmiYzDtnBBxAwcwfAXUN2zw,1,0.13946994,12.74,1,0.13946994,12.74,2025-03-23,2025-03-23
LTC,LMVBbVYnzhea9NzuFpMDjsNLE2N6gcVfEL,3,0.487989,44.55,3,0.487989,45.14,2025-03-22,2025-03-25
LTC,LUvGTXvzYvubhGdN7RBL1ELCqe5t2J9G7L,1,0.18497356,16.9,1,0.18497356,16.9,2025-03-23,2025-03-23
LTC,LNBhCoMHDwt3Ebu7Xjb2HWQFe3jQAquJdR,1,0.32709033,29.89,1,0.32709033,29.89,2025-03-23,2025-03-23
LTC,LTu9asWySMfSLEs7cq1ozBkgxhyUe49RqL,1,0.227752,20.81,1,0.227752,20.81,2025-03-23,2025-03-23
LTC,LNVZkj4PhtgmesGynstChNKMuMH3Fu9YB1,1,0.27444133,25.08,1,0.27444133,25.08,2025-03-23,2025-03-23
LTC,LU4FLmuQ3FmKvVKpsiBL7bV3mt8onRLYr3,1,0.23674561,21.63,1,0.23674561,21.63,2025-03-23,2025-03-23
LTC,LghZsLhRnfaKywUXFTCpXtzxTH5FsoW7zq,1,1.0,91.37,1,1.0,91.37,2025-03-23,2025-03-23
LTC,LYMCpSbrL9doeL6gJrcSvgoABHhxe9j2xw,2,1.05618406,97.47,2,1.05618406,97.76,2025-03-22,2025-03-25
LTC,LcnnrBcmE92pZxArMRR3hXyxJh7ECH5pEh,1,0.37780234,34.52,1,0.37780234,34.52,2025-03-23,2025-03-23
LTC,LSuEp7ttGWw9GvUBwywhS58cVcSNcUN4j6,1,0.23445079,21.42,1,0.23445079,21.42,2025-03-23,2025-03-23
LTC,LVg1jDNQP9FNAy65brauaeDr33zqpqsCtR,1,0.2032444,18.57,1,0.2032444,18.57,2025-03-23,2025-03-23
LTC,LYSrfPCiP8HpcwCNPntJsKqBP6ErgM7Ncr,1,0.10718491,9.79,1,0.10718491,9.79,2025-03-23,2025-03-23
LTC,LXdSgGDV9WwJKtRx5W4KgBPSVxb4vXjRd1,1,0.56594276,51.71,1,0.56594276,51.71,2025-03-23,2025-03-23
LTC,LdzUpRYcTJUo9DAWA4eV83rmHKj52UFKLq,2,0.8491548,77.59,2,0.8491548,77.59,2025-03-23,2025-03-23
LTC,LUi8KUd6cQwA6VdAV518a42QiYtMwbhkS1,1,0.03257095,2.98,1,0.03257095,2.98,2025-03-23,2025-03-23
LTC,LgzqxC4UxKE68oeoMjBKbArjPV4pw2YdfK,1,0.37439055,34.21,1,0.37439055,34.21,2025-03-23,2025-03-23
LTC,LU2kAGPeCQWJAK3vDUmv1z4bzXWow4ee2G,1,0.20231101,23.17,1,0.20231101,23.17,2025-02-26,2025-02-26
LTC,LeFgubdKTch2qN3j5nHb1GBEPxycSmQwam,1,0.342557,39.24,1,0.342557,39.24,2025-02-26,2025-02-26
LTC,LKS8TszkzJytoLp9WWzoeBjTkjVtLQ7h5x,1,0.67245495,77.03,1,0.67245495,77.03,2025-02-26,2025-02-26
LTC,LWWBNYvRmsaBShticNHR3cLQPz2RoSTYCt,1,0.05917659,6.78,1,0.05917659,6.78,2025-02-26,2025-02-26
LTC,LTedExDdWtRKRQvNRGjyCcSAfmAEsjPDqt,1,1.17655615,134.77,1,1.17655615,134.77,2025-02-26,2025-02-26
LTC,LXcpt9MD1wtdeCfgo8ZPkqZH7oUQPHsCqr,1,0.06338893,7.26,1,0.06338893,7.26,2025-02-26,2025-02-26
LTC,LNtk7xG2PuG8v4tFNuSEvAFnVDGymtRUpG,1,0.51346421,58.82,1,0.51346421,58.82,2025-02-26,2025-02-26
LTC,LZjgUf2aTnX16TbHMYPnESCWLjXkjQJQ3a,1,0.10103839,11.57,1,0.10103839,11.57,2025-02-26,2025-02-26
LTC,LgWiy9kArVX5K5RxC1jAWfB3rPKpBNuYbB,1,0.37802824,31.87,1,0.37802824,31.87,2025-04-25,2025-04-25
LTC,LRPdbbcKz4NSH4WDcCBVkeZ2uYingcXQ9x,1,0.0899,7.58,1,0.0899,7.58,2025-04-25,2025-04-25
LTC,LhyVC7zCB7eGjHiLj91i2yPo7AUgmBEuAR,1,0.69028992,58.19,1,0.69028992,58.19,2025-04-25,2025-04-25
LTC,Le41n52o2Qq67wU3YSP1GumZLMK5meEnZz,1,0.25401223,21.41,1,0.25401223,21.41,2025-04-25,2025-04-25
LTC,LUHbNCFq7Z3WpJjfHA81i9h6psAbUGkVqv,1,0.17392988,14.66,1,0.17392988,14.66,2025-04-25,2025-04-25
LTC,LS1XTUciStnSYndoH2MQDaDvajkfiRwNP6,2,0.60131844,54.76,2,0.60131844,54.76,2025-03-25,2025-04-25
LTC,LN3JAk3n6GaEY9xVQ1Egv2oEooGm9dyjq1,1,1.173725,98.95,1,1.173725,98.95,2025-04-25,2025-04-25
LTC,LgtTC8Me7SGYRPD136MLzEo61aczFHfnxz,1,0.2769,23.06,1,0.2769,23.34,2025-04-24,2025-04-25
LTC,LbVYV6CNyVPpZi8uyNMionziNVAwkY5pEz,1,0.11254116,9.37,1,0.11254116,9.49,2025-04-24,2025-04-25
LTC,LR4ZCEhMv9CrG25yqpw5QRj9sSNDpcwrry,1,0.36052706,30.39,1,0.36052706,30.39,2025-04-25,2025-04-25
LTC,LYN1qyRoUXUS3er1GSm4JBqxkNQNmMsAWb,1,0.06982285,5.89,1,0.06982285,5.89,2025-04-25,2025-04-25
LTC,LhnZaok8CCmp76VwdJLdPk7g85SuuycsBZ,1,0.11512,9.7,1,0.11512,9.7,2025-04-25,2025-04-25
LTC,LX4MAqvhW396Hhj36r4ZaufhCfeB7J9aHb,1,0.29638646,24.68,1,0.29638646,24.99,2025-04-24,2025-04-25
LTC,Lh3gp5JSgUEotnz4SwkLgroL4zunXWDuEC,1,0.2143408,18.07,1,0.2143408,18.07,2025-04-25,2025-04-25
LTC,LNAxxdk9oEzK64wvqpxTDQ1MQ1bViSkun7,1,0.26216826,22.1,1,0.26216826,22.1,2025-04-25,2025-04-25
LTC,LZXF3XAbgrG1ogYnrt1EbP26PmSLhHRLme,1,0.15710919,21.03,1,0.15710919,21.03,2025-02-16,2025-02-16
LTC,LeWEfwhiGeVdRRpettzd99qwjTvdmcuBNe,1,0.13194331,17.66,1,0.13194331,17.66,2025-02-16,2025-02-16
LTC,LiBSGxTMQGVBGozvtHmkF2GyqREhzdCffD,1,0.47415836,63.47,1,0.47415836,63.47,2025-02-16,2025-02-16
LTC,LZ5kA15a8efkmAYCe5ogbf27RU5ZJ7rzu9,1,0.23204164,31.06,1,0.23204164,31.06,2025-02-16,2025-02-16
LTC,LhyvhStj82fekqqHgTwrGGj5sWnEKrDQo4,1,0.34941983,46.77,1,0.34941983,46.77,2025-02-16,2025-02-16
LTC,LebVAuZanU1N8FxDm3E23fzDzabJ7Vs1xo,1,0.29174802,39.05,1,0.29174802,39.05,2025-02-16,2025-02-16
LTC,LWc5xvS9ZmHwVgXH6sw9L4V4nWNA1f1J86,1,0.11862902,15.88,1,0.11862902,15.88,2025-02-16,2025-02-16
LTC,LToF4rQ5kM1PbYrD7zgFLtmpkGUUt1ZvUw,1,0.97052534,129.91,1,0.97052534,129.91,2025-02-16,2025-02-16
LTC,LhdUgPEBT9GfrR23f2jMMTjfhzWD7CkiVN,1,0.20384969,21.17,1,0.20384969,21.17,2025-05-13,2025-05-13
LTC,LbDzstyFYRbY3uqrdCm6a5DH9mLQr7U1FT,1,0.14264223,14.81,1,0.14264223,14.81,2025-05-13,2025-05-13
LTC,LPZCxunLhsQFDjJ6EccvF1jRiAn82qyCVF,1,0.10746056,10.08,1,0.10746056,10.08,2025-03-25,2025-03-25
LTC,LQEuWb1R1XXz1Wt4Cnjs9iGvTCvHsA8Jcw,2,0.51208502,47.41,2,0.51208502,48.02,2025-03-24,2025-03-25
LTC,Lh8mEexctkKdUJ1z8L9v9U3Rizm6fV45UU,1,0.10265183,9.63,1,0.10265183,9.63,2025-03-25,2025-03-25
LTC,LboszvZFSKcMvhQKPiYAU8k3441G3tfWgz,2,0.19165202,17.97,2,0.19165202,17.97,2025-03-25,2025-03-25
LTC,Lf8vTWPmaA6NdEQr2PHbP5p1MPCd6e1srz,1,0.07842422,7.17,1,0.07842422,7.35,2025-03-24,2025-03-25
LTC,Lc4JaGUuDDro2f84C9AHmrABoSWSpjgCPd,1,0.38738353,36.32,1,0.38738353,36.32,2025-03-25,2025-03-25
LTC,LZGCg2xTMoriyM9UEuFiSUy6boYASdDfkD,1,0.07582322,7.11,1,0.07582322,7.11,2025-03-25,2025-03-25
LTC,LM18CfPd8PjrrtwaiynCE7AAF2snRdY1FK,1,0.2464,23.1,1,0.2464,23.1,2025-03-25,2025-03-25
LTC,LNoNAxqR4YWd5TLVRsmkXpvpEkywpSAJ6i,1,0.18088307,16.96,1,0.18088307,16.96,2025-03-25,2025-03-25
LTC,LZ8YNC8furtYV4xo2KDqPkM2AZgASqi3zp,1,0.31942078,29.95,1,0.31942078,29.95,2025-03-25,2025-03-25
LTC,LQm4ruqTUixPajvc9oCc1KqziGQRZwx9zS,1,0.06365817,5.97,1,0.06365817,5.97,2025-03-25,2025-03-25
LTC,LQZykJFbcuU7akm4UYGFND5g9apnzYcfxk,1,1.12923504,105.89,1,1.12923504,105.89,2025-03-25,2025-03-25
LTC,LZATHZ3k1uM8iFyMTZRf5SoGdm8MuCm6rM,1,0.969,90.86,1,0.969,90.86,2025-03-25,2025-03-25
LTC,LdTFjsFdoZWMYLjbgsU88YMPw2S5xXcDxy,1,0.322577,30.25,1,0.322577,30.25,2025-03-25,2025-03-25
LTC,Ley7Csvsy3d8SQMrikGMUfUqPxStkxVM3M,1,0.05352098,5.02,1,0.05352098,5.02,2025-03-25,2025-03-25
LTC,Lbpwx2xpfRX5VgqxpdCZs3BjGXV1TaJKaJ,1,0.64706541,60.68,1,0.64706541,60.68,2025-03-25,2025-03-25
LTC,LWCXboTwLvfpujWcf1RZ2YJMSfqJnQx8k8,1,0.0849,7.77,1,0.0849,7.96,2025-03-24,2025-03-25
LTC,La2AXEPTjYAu4Dx8aaRVcZSRpNkzv44Zmz,1,0.2353,22.06,1,0.2353,22.06,2025-03-25,2025-03-25
LTC,LLhE88GYuQnpjzsk9zr1Q3CfMzsSE6Cqzk,1,0.07522433,7.05,1,0.07522433,7.05,2025-03-25,2025-03-25
LTC,LhiyX7Rp6z2VRU8KxuKY8PudpfHWt7LmsS,2,0.2698,25.3,2,0.2698,25.3,2025-03-25,2025-03-25
LTC,LgRD6Mw8ip52y422w3UdV4a18zuWsv6p7V,1,0.14086033,13.21,1,0.14086033,13.21,2025-03-25,2025-03-25
LTC,LPqAGxJo9UVEBAAorCnTwQ42YGmwEd9ysj,1,0.16065462,14.7,1,0.16065462,15.06,2025-03-24,2025-03-25
LTC,LW8vn8u4SSHJFWQkPiPpBpAX7aK5FW3B9W,1,0.07044508,6.61,1,0.07044508,6.61,2025-03-25,2025-03-25
LTC,LiPrHur5fnkwh5dShZWBt2Etg3CdmPyNTD,1,0.20306184,18.58,1,0.20306184,19.04,2025-03-24,2025-03-25
LTC,LRu2UDJeDnZLWozb3Sm3fwzUiqWTfdGBsp,1,0.54665368,51.26,1,0.54665368,51.26,2025-03-25,2025-03-25
LTC,LgmeYHrHAQZAj1LoDD9KTb2fap3SevDPnD,1,0.23033122,21.6,1,0.23033122,21.6,2025-03-25,2025-03-25
LTC,LNh45mss5AjASVPEaJfJr1ot5MgHt3gan9,1,0.14318939,13.1,1,0.14318939,13.43,2025-03-24,2025-03-25
LTC,LUwsXZ5wRZecMBQZHGGhMDLwX2VD1qBfSj,1,0.0646134,6.06,1,0.0646134,6.06,2025-03-25,2025-03-25
LTC,LbuCT4N4jizrc6qpVyAFs6SPkz8t7E9FVF,1,0.14594279,15.15,1,0.14594279,15.15,2025-05-13,2025-05-13
LTC,LZUgkvSJCsgJfa4yTZQpJUysmSJZQvURwh,1,0.21750466,18.15,1,0.21750466,18.15,2025-04-04,2025-04-04
LTC,LKRFEGbaJS6Wk2EgKdXJiYsWCW2ic1oC3M,1,0.57089687,47.64,1,0.57089687,47.64,2025-04-04,2025-04-04
LTC,LbAAVSsivirX1188bruiozTUT7yD8MBeke,1,0.40033642,33.41,1,0.40033642,33.41,2025-04-04,2025-04-04
LTC,LKSkMnk6Hbz2pF228HeWSSxcJnAfbuFBLo,1,0.4099,34.21,1,0.4099,34.21,2025-04-04,2025-04-04
LTC,LRMGgAAGVrFYJSjT72Jm94KCiaiGzLHM9L,1,0.21482483,17.93,1,0.21482483,17.93,2025-04-04,2025-04-04
LTC,LcXNPBTbkWLA4CRRtVsyzc5XiqjxChatk9,1,0.33265565,27.76,1,0.33265565,27.76,2025-04-04,2025-04-04
LTC,LUuDAWgEcdAXudUwvWZmeWvcpgEdbV1Lmn,1,0.2499,20.37,1,0.2499,20.85,2025-04-03,2025-04-04
LTC,LUcsZv9uzCAQ5NRHhyVHQNFkMhR4PhrYPK,1,0.23880675,19.93,1,0.23880675,19.93,2025-04-04,2025-04-04
LTC,LhYo8dWXrYrkNZBBLKbkiHM7j9TnSjFUXW,1,0.16814629,14.03,1,0.16814629,14.03,2025-04-04,2025-04-04
LTC,LfeyGuLeTnUp3QoX5AErkny58HvGx668hz,1,0.71291247,59.49,1,0.71291247,59.49,2025-04-04,2025-04-04
LTC,LYrTDfm3guDeBMRLbxF6T8FpqCVmi3xY4f,1,0.1957612,16.34,1,0.1957612,16.34,2025-04-04,2025-04-04
LTC,LUboGHogee9j5RhjRhUALk8ChkhWSSZFx4,1,0.21690226,18.1,1,0.21690226,18.1,2025-04-04,2025-04-04
LTC,LNd9Hzfk88EdA4XtpjzDbSnFnTaHh1g2ug,1,0.22504229,18.78,1,0.22504229,18.78,2025-04-04,2025-04-04
LTC,Lf6TnFeEgsSKVkNc8ZVjYwtbp5uVj1vgJF,1,0.499,55.5,1,0.499,55.5,2025-01-05,2025-01-05
