date,txid,direction,counterparty,amount_btc,amount_usd,fee_btc,fee_usd
2025-05-13,00a9162067c51bd2f1bf6493ecbe2c1e2ba95ec61aae762a0b659a1a2f751844,in,bc1q66uvzdh7hv53mnafdp7ter604vk0gh4cpzg6v6;bc1qfup3xth30yz9lx8u37gz30wxkstfs0xlrs6l3z,0.0001504,15.46,0.0,0.0
2025-05-13,2584006d9eade77660b342199635361ab39dc8ac279b0b5d4b88fa254cedb1ac,in,bc1qy0ww6s9v56zkgwnf4q65el7l8axvvh5p3ytgye,0.00043212,44.42,0.0,0.0
2025-05-13,271dc1a54e73056b6bfd6b5afe10ece1efda6cf8bb1eb784b133801e365e064e,in,bc1qnvz204v3tyuqzcw9u3lrhrcv2a07jefmn24s0h;bc1qqf6m9grh9sjuwqrmyh3jnh9eesavl25tvvcc2m;bc1qrh4fpeedmncu0tygq9yt4cj7rzrhuf9nh9am2d,0.00024578,25.26,0.0,0.0
2025-05-13,27241fbc16c83295ddb13b4f0a8d8a751fc0787ce3e9dd6a358424dae265073a,in,bc1qxqd0g92y5gsy86lmu7zvrer04c4ymamqsw5mjn,0.00010661,10.96,0.0,0.0
2025-05-13,45c55b2830c17b86888a13939ad61ce7179f5c549c110ce303cbc0ef4ca45c93,in,bc1qddvz8002vm53lkhvenml6l0w5p3m7h5cspl2xf;bc1qfnkngunqz03ymggy0k55hk3w2d3ha6tqtssjsh,0.00089977,92.49,0.0,0.0
2025-05-13,48852cddc445f28dd67ea697570ae8768f2b9132afd701b272e305a7508655b0,in,bc1qhkhs9zy99yyssv86w2w8me5lawh26pfm7r220z,0.00028701,29.5,0.0,0.0
2025-05-13,4cb0658779fd0b546b5ba8fac625450ccd7101594a4a52e2b2bd093ec1fe73b4,in,bc1qxel2c3f4zjzefchhu74wasgcrrl0jnz9vhn90p,0.00064002,65.79,0.0,0.0
2025-05-13,5c3b55cb50d58b39292d21840add53020172229a57452c2047d7c7332c56ea29,in,bc1q25ptp6wrtu7v4k0rqc54qmqamq3ukef2u7nwuq,0.00034074,35.03,0.0,0.0
2025-05-13,5edfcbb736db1385071cbecae5d0e00c0472ee29ce2459802de788c848de1587,in,bc1q0ksrc0hjxq6e7e3fa8v8nz2cq5dwv75j592d9r;bc1q9trgdntp7a6yj6tlaeltrn9c9axw24699ufe0j;bc1qp2qzlcsscmna8lxe8daz7f3m5wmmedud4p9kfl,0.00061064,62.77,0.0,0.0
2025-05-13,6dcd8d84a37ef2be40ed5542324019c583aa58d55ec1f93632b41ff99c911515,in,bc1qdk2qu9zutzjq8a0dh0gggq9tt7mk8sypeskwwq;bc1qugtuut9etyw3yt5003dynmwqvkgcyaphnj3vj8,6.021e-05,6.19,0.0,0.0
2025-05-13,9c7144ff0964fb395f40cf5d2beaec8ccb2fc780032a38982beef07e0b6175a6,in,1HM93D7xiUWdUhHGQUQ9ZbjicSD2CDYxGR,0.00019397,19.94,0.0,0.0
2025-05-13,9dbd0863d2a77311c848bede0ec8a2d5fc10396f400ed3e4729e8ff2a1ea0787,in,bc1qshg3wj5q9ndz63956t6yz5yrxn8c6zhu8umgqw;bc1qxyxtufz27laz7lud9qf4dvsj6mpr8azvgwv8wh,0.00141211,145.15,0.0,0.0
2025-05-13,a5011805ff519ccb3272696af4ff0785fe4125321cbcd72dbd5d18aca16bd036,in,bc1q8wclc8mwzyy0uvvf6h2uu097r08u8w86sxk582;bc1qdrfwefmcpf46c6wrjmjfesvgtkn2j7p5yr7ghw,0.00046665,47.97,0.0,0.0
2025-05-13,b47d2478f09f2af4ecc56cdc5603ce5ce6c9d90eadfe77d3ace7f3edd2865ae5,in,bc1qe08gwhygkuyhdv6mssg7t9mpymm4yljuhd7w2a;bc1qhpsq96pua3hcp58gh2x70mtsjsp0flzl9cszth;bc1quewt5grcjnfs0nax6pmvttm643hlcmsfnulthw,0.00050896,52.32,0.0,0.0
2025-05-13,c43a725473403c65ba18f87f289623b656d44407d885750e9138d731e9fef61d,in,bc1q5n9xmqn7x4g5axweh8mnmxt8v84hgatkw5d8vw;bc1qj8uztkjpyhe2u2uhuj8cawr80hxe06puf3c6xn,0.00010848,11.15,0.0,0.0
2025-05-13,efe3bf577dea11ce1bb2ed934351552951e185826342c56d63ffadf2c07acd55,in,bc1qjwpy5fc9vfuuxj7dd9uugdr5yxzrevnfwh2ldy,0.00071573,73.57,0.0,0.0
2025-05-14,0cbdbfa7b07cd5cb3daaedf70435890e29b1d515c6d6b83dd1b86a9ef4523bd7,in,bc1qxj0td26tkm5au3eym3sj4ymeytu9grf34c44td,0.00057905,60.28,0.0,0.0
2025-05-14,0ce6601be175eb783c8812ae23cbeca178284a5ed5f9e36adeb411eb065cab67,in,bc1qfn0wrg78u4p4j2mpll7urm86793jd2qnn6zshv;bc1qmjecv95c7vks4k82a8wc8hnc92flwx0udk55u0,0.00038646,40.23,0.0,0.0
2025-05-14,16f4c481ce8d4b4c75221ed6e17005e09bf445ff6c9d54cbc30091672fa7568d,in,bc1qpp4kk7d0ffkx39vcuuc34lv72a925xtn7m958u,0.00020316,21.15,0.0,0.0
2025-05-14,18942fe26dc6ad85225792bcd98eebf3975c1fb0a2ddb3e0006b360e0a4d1b77,in,bc1qaycer2pfaeks3h0kgyq9xstauwf3l8mjy3yrld,0.00077377,80.55,0.0,0.0
2025-05-14,235ac1408c8b390ef576a09ed8fa37e13a6a7d1b2bc6b634209932067d0b2e5c,in,bc1qh0632pue2mu34pxc6zqt29hatxdkltkumrvhsx,0.0001,10.41,0.0,0.0
2025-05-14,282fcd329a5c4b94f4748c92d245650f4e6125e9ac601ad93c3841e3083368a8,in,bc1q6yzxx5cnmu3g4arayqler0n6epf2kckk7yc3j8;bc1qgak278xd24s04k47uw5cqz5psmfrt4y5a4ff00,5.801e-05,6.04,0.0,0.0
2025-05-14,5196de1b2ac434ea85fc3039f8bc92da1286d8c59968c26ccec0fe1eef10e433,in,bc1qews46rj74a7zg6d9wtgtct6k0xfd895ys7g40w;bc1qh595gw2pvty0xg7c05qushw3fxthzfcj8ghrde;bc1qve499d0vx2zzhttpecershmu79al9mlemj3hws,0.00101308,105.47,0.0,0.0
2025-05-14,51f18d198c984796cc88597add56d95d040302a00e9c7ae3ff75541f40ec5eab,in,bc1q70ckytwpzxdu6s3hk7s6zus88scsvvdtz6nt79,0.0002,20.82,0.0,0.0
2025-05-14,52460b59eee9d83a8e6fdb73efe060dd8084b22b9e1cf0714848e20acd26281f,in,bc1qk2cl2y0vnyxmq4nc4pqky7wlp82xcmfq5fk8s9,0.0002,20.82,0.0,0.0
2025-05-14,549407d9a18e861f2658fea9da8c1454e222601ecd087ea8f021c16039986b1b,in,1PugSXrLG6pNVhdwWDDQzM1vi8cjC8cvFT,0.00017167,17.87,0.0,0.0
2025-05-14,5eacf105dd7569da2b73d60458e75481449bad4c668a7086b22c07d9572a65a5,in,bc1qk80fdzts76k4h7m6kgkzmz0hwxl4yl8gsjhq6a;bc1qxtwgh9c2tswaaa9l23x5wq5x4xcnh9xxdnwcm0,0.00024173,25.16,0.0,0.0
2025-05-14,635e3c47a1786e614b81af94986bb7fde93f3b81607ce68c93b0b888bb310a90,in,bc1qd5jk8dvfdpew5wgh8s9qvpaxrzwpf9r0pw6x8d;bc1qfjkd694yve88t8yausf7j55k9va52e9vhllejj,0.00417083,434.2,0.0,0.0
2025-05-14,68efa4c86bf049f96afdb3b580308e69a6319f8a8783020eea95c8ded7a507e5,in,bc1qvsqrypsyrw48dj64lf2xra4a4w7w0rwzat4jd4;bc1qwtfld8kqfqme3p2m0vv877j4azhqdf7ngtxxk2,0.0007137,74.3,0.0,0.0
2025-05-14,819e406c835b18d27be07755e93f066b947c14da8d61849ce5a4230b1108e649,in,bc1qj5qq9py3h8svgffjsmk89y7xsvfd5h7rf73w4n,0.00027879,29.02,0.0,0.0
2025-05-14,823e3c2aa95a2d460f102f7643a5d2cdeea529a4f8d7d7f10019355620fd9fc6,in,bc1qhqy35wsuch484g2jsruf2h682nc7kkamm5hd6r,0.00024029,25.02,0.0,0.0
2025-05-14,87ccf7766b98c51903fb9f99629e933a48b70619339d6d6abe36bb0d3ee30144,in,bc1qnyhmpnye0ftmx8sv3gjk054tugk9f3najl30fn,0.00046463,48.37,0.0,0.0
2025-05-14,9c0b97c610fc6556e204811dd9b0422cfbfb16337e2468c6932b8199d9834f1f,in,bc1qppfa9yrlkqfk0ke9lq5xhaluh6hhveesslp9fn,0.00071342,74.27,0.0,0.0
2025-05-14,9d5942f025a486b4e4a83629ce70d6b64da6f6ef24fe8af96ae71671ddb1aab3,in,bc1q3r7vay77jr78u2m77uf4ndam5g5efnke62rjra;bc1qr4p93sxywuhmzk3f2key2sf7vhuypc3wwwh0sw;bc1qu8wz2r04ny2t5gf94lena5jzyqy9fdfq9xv4rm,0.00052991,55.17,0.0,0.0
2025-05-14,a1b2ee14930f36f669b021577e0f3245bbc8215bdac04efe011b4d352b20d86e,in,bc1q4c7nry4cp5hex777sh25mfr5lssjm3n9ja4t54;bc1qjx8xwu6rd6gmjgmudapsu55ftgx0gjvwjpre64;bc1qvuw2vqfmxt9ymv2pm008vpfjte4jra5w2xgkd3,0.0003381,35.2,0.0,0.0
2025-05-14,a23063576ec8a890038b3c0005fb38b005f9b165aa2e8f9b9e582907720e01ec,in,bc1q820yggqy64dq27cnhumlnpvv986ks4l0qf7w3g;bc1qctf2zauw0gck5gm5xl4y8gx9wsklu9m9yarmlv,0.00034175,35.58,0.0,0.0
2025-05-14,b12b5d819fd6a8e132bafe51ed60043d18f753c267c4bda9b35477a28245c9fb,in,bc1qm34lsc65zpw79lxes69zkqmk6ee3ewf0j77s3h,0.00397,413.29,0.0,0.0
2025-05-14,b3ee429a6035b555fe1cc414a9589118eaf5f777395548d6a9e0082bc24fdb9a,in,bc1qfa9wr2jvxw2w5cfnnd3f2a3ed84l2weu2l4cxe,6.256e-05,6.51,0.0,0.0
2025-05-14,b53bb53f8db1c9bc61f52d8aad9b6392e02adabdaee4aa7c5cd41bfd52dceff7,in,bc1qcdxc4at39uk9rjjv7hxf2f5x0p0m6k89u98rjk;bc1qkuvgnkyrs58rqlz6ngf95wsacauun32x8kt8s7,6.759e-05,7.04,0.0,0.0
2025-05-14,b8963204bbdf41f52249379d309047d4abf4b245ea1f32627cd0be3f013da0f6,in,bc1qdqz835dv5yps76k9ltxdpvkwkwwtccn2h45qme;bc1qpydw8ruff27ns9cm8tw3rul54teyaff800vusf,0.00067071,69.82,0.0,0.0
2025-05-14,befc8ba79b85b93b206ddba834909ec92862c649f1649eb46a74fa3a582381a4,in,bc1q87nvxs8p8dh2f04vdh9uemfemlju0zsnxywyx0,0.00026946,28.05,0.0,0.0
2025-05-14,c38b1ea321bab28f672db45fa9c69420cb4af4cc33e58290ac02b68ce2e0ae24,in,bc1qcxe6vwx89smyrjr3ngk0r7j8adzteerphfp59n,0.00010967,11.42,0.0,0.0
2025-05-14,c391de566d64c77984aac1354a627f67395a11d7cc94bfa107d29410d53c763e,in,bc1qt3p3qewral9suek4lx5jgyaqmr34ks52t78rug,5.307e-05,5.52,0.0,0.0
2025-05-14,c8d08e68394ea5a6503ed9ebb05ecf4a39f4aa78f554b386e9ee69354888b8ea,in,341xyRVvTu5upTj3MH1vfuMU2KbDH11roC,0.00017382,18.1,0.0,0.0
2025-05-14,ca3ea701bb2579d8729fb094dd418606f7082fa54c31460a327d85c9d0276464,in,bc1qs82n0u4v3ycxd6snyqtdceuv3m0ky23q492npn;bc1qtc37kdzv0k3ezwu37q5324cxwsf5d0snt38nf3;bc1qwszxg8rtan3l9a54mqcd9nnjmuuu0ue264j072,0.0001132,11.78,0.0,0.0
2025-05-14,ce753af7b5a50972bfd6e11391a63663f736075097d4145a1664d341ba7fd703,in,bc1qke06ehkwm8uwhyx2kv2hftsadp55a6jxl4pftd,0.00031459,32.75,0.0,0.0
2025-05-14,d21ddcc891d66e714ac196487f3a2beec21ccc36d858e448e9a1f44a8df723bf,in,bc1q7vjamel47at6lpz2lv8zdxxkv9e05qvq9m7m8f,0.00048308,50.29,0.0,0.0
2025-05-14,d2f00c4abc70fbadfbacf8475b0adfd492e4fa2ec4b3e4c6db6820af21fe5edd,in,bc1q9kczfdam0tfjvuvuxd76sglugzrlvdrj4zpd9j,0.00043691,45.48,0.0,0.0
2025-05-14,dfe17c332a97d45f31187fccfea296584b53a0104678377e9655d093e51a9e2b,in,bc1q9w45pqjjupy8nk3erl4cwtp7ncr4llwewj6zan,5.782e-05,6.02,0.0,0.0
2025-05-14,e16ae5dbba9175a6df57c7264849c24199888bac27e8781730ba2550b3c7fa6e,in,bc1q5e7h83flxuyec4szer5pfnl2xse0605rprfsjd;bc1qe9ccgvfrlg6xnx6465vtrggjgme7u0j2l9d9ef;bc1qlp0ejskqujhjc5jphymfhaef84j4fer5azh2ug,0.00060546,63.03,0.0,0.0
2025-05-14,e3d1df0a9d5df0892005d12f76e1a970ddf324665669c9bba2b0071ae339ae94,in,bc1qkga4ck43vyc8rlcfmed4p8mj20v083njyf4tzu,0.00048299,50.28,0.0,0.0
2025-05-14,ea950f60bf7d6dfa4542283a3362676569bfed5647541e9e2414fbf754a25655,in,bc1qs9ddxkscjsz3g9r2hlv4myvfpkhvxugw3jxlr7,9.164e-05,9.54,0.0,0.0
2025-05-14,ef2acea3183c2442fce5e802a925035ceea6cae197464a3ec82f117eb219f3e5,in,bc1qdfrd7lha8rfhl02pek3xj9hj4d7a3p5pegzkn09mf078l69waggsgcx4cv,0.0001353,14.09,0.0,0.0
2025-05-14,f01e97861f44a7e99801c10302ee0e241ebf7779f6ce1b8bf91dcfa37c866aa3,in,bc1qxmp8j4ptfqruzr7y9c0npwdpdqgv58fxsjzcex,0.00052129,54.27,0.0,0.0
2025-05-14,f110fe77a26826713e539f2836e9f749b18a90932c55d2322299571ec3956dea,in,bc1q6hzue5px7m99xchtmhg4qmm527l88m7x7pj2zz,0.00038056,39.62,0.0,0.0
2025-05-14,f231919e40a46524424bbc80fcbfc28f9ad8563ca0232a2b3bd6f2982b16f6b3,in,bc1qfkydqy7y9e4j6y4gu5gpwjx8tz9y2527ednmy3,0.00096865,100.84,0.0,0.0
2025-05-15,00580e9bc5acd6e7f872d1802e5c218e506b5e90fdd12a1e9723dc1e3ad1f33e,in,bc1qhn53cy5vwxnhqenr5hv0vwh0l96npj74r3sjvnvu6gg7p0hz0h3q05j3mg,0.00018793,19.45,0.0,0.0
2025-05-15,13184ab6de4a046cee6ad6f3c403b752b2e582130c67046f3fb14a13cbb724fa,in,bc1qcz4sy73gyx2ks3n88g4ma90eggkw98zk4yq86w,0.00016869,17.46,0.0,0.0
2025-05-15,1ba6a8af69d04d45e9c407e238032a048a2d6476ed826b20da7b9e6639fe6b56,in,bc1qrw65dj0qgfv9sy8tu340nmvr93zljkz97vukae,0.0001202,12.44,0.0,0.0
2025-05-15,1c528f2d608a77a00b481fb52f9f86157a0bcd04a8610bc2174a8fc487d5b09c,in,bc1q5n2ytr50uv6z3dcwet83wlgmj6agmez2dvqd9w;bc1qgyeqjjuv2ue4xgay485pce8e5e4csed048cr6z,0.00020407,21.12,0.0,0.0
2025-05-15,2a3bb41ca8d03165f5a0f3098d314166e21249c1f4b1208e9d8ff465ec520111,in,bc1q0h3uatvqscqjw3825dn2qarhly3jm0juzw3dwm,0.00019564,20.25,0.0,0.0
2025-05-15,2c447ea225aedb1854886ad93f59fd6ce2abc0f38e33ef0a063a44fd39ac6c43,in,bc1qva4qn846047dgw36h2c3kr5g5tnkd6f3dkrdnu,0.00051399,53.2,0.0,0.0
2025-05-15,2d730b36eeb5395fb47c62bee6fff5b66d26bace240d8808eb4f20e329156a40,in,bc1qmxh6cxpmkwrhjr6g0rwlj8l3sc6anycpgjgw5l,0.00011319,11.72,0.0,0.0
2025-05-15,34343b0a444bb29d77526c787e769eebb470e77c98c4b337f3efc27641880aa0,in,bc1q0e4yssjt2wzqc6vtmdmlg25l6mgnmpj5zqwfc0;bc1qzd77qtxaehyqww56ujv9np0gtt68l46v5auerz,0.00071757,74.27,0.0,0.0
2025-05-15,34f1d03cbe5a6ed0676cf36ee15afe4ce08cf6b9eb86db66c7937c3ecbc6f96d,in,bc1qt8a65w6hv5myk6lytdsqzf44u07ndf5jkj3d6f,0.000101,10.45,0.0,0.0
2025-05-15,37d3bc6eff767ed21af77eb2389ada424d20f59ce200e8ccabbbba1afa5d7386,in,bc1ptrapu5tnschq2wp8l7ng9xc426d8h8qj5tffqh2k0p6ldzm2z2askhaq95,7.315e-05,7.57,0.0,0.0
2025-05-15,3aabae5cf5232b4a7b6ff36f25c131a62bd6bdb96e6798f66d510f10f3fee4b3,in,bc1q6g7jyp94szdlctgyn5lfq2y9jwgm9cwacnkjtc;bc1qrz62jazrrdp2x5jlt4q5zmukyjkse64t30y34t,0.00015433,15.97,0.0,0.0
2025-05-15,3d3804d670eb7b1c515b6065e997fb1514c5a52f5417b085718faf7d6c7e3a2d,in,bc1q0tlvxvalsl284ytehkvhpt9yef2hryya975k3j;bc1qxplpgyfc9wuce20e9w6dx7xddkuym8rphtvrvp,0.00010958,11.34,0.0,0.0
2025-05-15,488bc6caba9d093212a6cfc3a954412c1a506c6da262b64368a11678365c4980,in,bc1qmsnu7tpvxluv43jg9zeyqsj7yhg9alr8rzckh7m5sjaqx9qd536sn5txnt;bc1qsyydzp8c2ssf7f807rcvsgu5sw59vj3zqda0fuk58k45zm7ms5ws7hd5vr,0.00033588,34.77,0.0,0.0
2025-05-15,4a51c7bf351fd090bcc03426a3fc1db8bee9901b1372fbc7120816954040d4a1,in,bc1q8w7rq9gmtupys8pta5fl2g5nth8099dmgxklc3;bc1qpa3n8a3wfgq9vcrs5jt4e573vekudd3mswe5j7,0.00025065,25.94,0.0,0.0
2025-05-15,50d18e10cedb16197989452b0b8a73af3c42d22681eff19b127cabd048771869,in,bc1q7njktn3806tmrzg80f6gtjlr96v6r0dwnzqt6a;bc1qes70yyaeecz27fua9achztd9gs7luzvfn7nz55,0.00015629,16.18,0.0,0.0
2025-05-15,512a1687d03914e7d5a6475c7afe784a41f2a346401fed4f065c0612c0b94c2d,in,bc1qn7yw0ngetn5avfpyqt4g5hczc7pkdpyvxs58zt;bc1qz33twnz3c6526rjhr4d25jv273u0s63wkhlhs4,0.00039193,40.57,0.0,0.0
2025-05-15,53de9c3bd71ab38c7405bb565e5c3951e756447d18cfe7c186337fe14ab5f0b2,in,bc1qhl4408ppzelmwgnh4tdqlvepeekswc9n0tmd0r,0.00097193,100.6,0.0,0.0
2025-05-15,53e04cd2444534437fa21df7607d6b14a9ecbd53a0ad20356472e6925fc7f8dd,in,bc1qsy9k5s6zwxfcpj94yqlz7pnpqmmx86fz7prut3;bc1qvlmsn7vg8rulh7edq0mrac3zlqu6feweg6aqxu,0.00019323,20.0,0.0,0.0
2025-05-15,5b3b027112f761e3259cd0757bdab65395bd57af7242bfd3533ea45a63fb6bb8,out,bc1ql6v0jg92uqpesmzt9njel08r2z9ws96husdt6c,0.02869638,2970.3,0.00016954,17.55
2025-05-15,5d320e9756ab806da2d73b97752b5fa46e4ca7342b9c3ff4fabcab0fd142998b,in,bc1ql3jyvqnmykv2snve2tses7xwsx088cda8krdf0;bc1qw4u62xne0v37mvnrschmws36m9cpftw9h4tam2,6.76e-05,7.0,0.0,0.0
2025-05-15,5f2591ab53303cc271ab89410e5eb7061a1f5d11bdad83eee59aab8e91cb2671,in,bc1qrfnwd2wdha3v8mhtew3tmvtjuhvhtzq36r08vc,0.00011577,11.98,0.0,0.0
2025-05-15,645650217406f2d6ac0669771d681781c3166026c44c20bdd9ade707cea168b3,in,bc1quhq960jpxhf3nxpratcjjed5ml8c8fhyjvt3ug,7.861e-05,8.14,0.0,0.0
2025-05-15,645d73273f8c7744c02e95c95fddb1b30f0bd4c25de76096c7cb87bb33ed6d67,in,31zXYerFWnffCF2kJXQYFcW5hrEnhUAsr3;323kqbnYRFyBEthag3GdZjC52nyCzEHMYM;324LDhSC8VX1YiXm33XDqf3RtVr2tyxRAG;32ZUDrcUh2fkui5azAZdtRreU3YKYjudEw;339KP6GRVe9HyN2ZgaMB9x34mrfwAjNabi;33BbQkkULBDL34gSHd8BsarVoUnMt8hxid;33qsXBShUGh34TqJ86mni5ZiJeAYWZRNUs;34PUp9oSPrF9U2EAiwfxfX7oHYaSWx9DGB;34YaWDRBLZMEzjKPf8aXTaTcgg5vGudetB;34ghhud6ZZfMFFsVXmNzf2HwsHDihNSBce;34wSPriAZfrJSiMiiqVveTBx7j3RE41k7X;355hqZwb52FFouDgjD2jKcp8Z2TCbCnCXe;35BdSVmRgRsKeJ4CKDksbXn8uxMSJQkWEY;35BnNru284e5t8BHzQfyB772o8jDM2JvK8;35LhY23X8G,0.00015,15.53,0.0,0.0
2025-05-15,6a17fd4ad2559bd05b9e99bbee23b9fcd2ce26056f5c4f8b211b483cd4f1a4ce,in,1FRLCtSd1zxdUYr1Gyb6dacZqqyUy3dZEu,0.00019285,19.96,0.0,0.0
2025-05-15,6fd21f207be3c51003e284c70e70ac7305ec79f8b8835807fbf9e121005977b2,in,bc1qp7rfdx5rljmkeal0kzad6a7hy4zpg7vdugjhvz,0.00017439,18.05,0.0,0.0
2025-05-15,7105929aa855d37e212a38d35877b806853199600d3b800627129efddcf94bfc,in,bc1qkxd8jjkwf7qpx0ncmt5nr8ra9jad4pvm2547yl,0.00018009,18.64,0.0,0.0
2025-05-15,75124d4f964c9efda4b6b791539b723e7788ca49cc7677c28d71bf689254e110,in,bc1qlq40yn2k8duvemtj9f6w2s5n4muy3yqlrsu52j,0.00076301,78.98,0.0,0.0
2025-05-15,7b7f70b81b7c795f5ff79c6c789d032436cd77f9f42d0df23cf2caafd6fe9d04,in,3F2u1EXe8S1FyjehN8zNSTKaiLEkWPvnZv,0.00019278,19.95,0.0,0.0
2025-05-15,7dfcc346bdeb17f46ddc5823e3f2532afbdd8f53b22fec3b99862ba0ace46c51,in,bc1qryhgpmfv03qjhhp2dj8nw8g4ewg08jzmgy3cyx,0.00027496,28.46,0.0,0.0
2025-05-15,841fa01f26045d1d3035f307b6d9ce4953157e4324287142122f7a24ee68d932,in,bc1q6gp4q4fptkw3u3jqqtpcd0j7m3hxykc4actag0,0.00048771,50.48,0.0,0.0
2025-05-15,91aa0d0c4797fb0d39d66917917646febfd5f47206f6f21336b6141c78d10042,in,1LLEbWV8Z7J2ZrrGwB6auUjR41Gm9LmTjg,0.000162,16.77,0.0,0.0
2025-05-15,9a67f2e181c4068064c92777749ac2323627000e4e2dd32db5cc18cf4452d3ca,in,bc1q37ageegf5xj5mvkjf69s3nz6we27ha4lyp40xt;bc1qc7ekuyyxcxa743jtm6e22t7883w0uu5jqynw58,0.00090359,93.53,0.0,0.0
2025-05-15,9c479d06179027637484354a5aba3bba6f67ba4ca26fcde4af0b62cfdaf82663,in,bc1q6k4fddw3qxpmzp8wwcmeczz842lqqc3swg2pmd;bc1qh82k8kaz7j3dw4j4gzv4a26nsvnxdlcq5h5kq5;bc1qqd7m7l8mj3mxmty2ce9ear6ww2ntuf02tzsx3c,0.00072214,74.75,0.0,0.0
2025-05-15,a57273e887fa730b74f4bbde02889d96772cc96e68322b95f216751f9ef38767,in,bc1q5vm0d0yyjaly39xwd0tczj8tsn8j3jw4fvhjq3;bc1qjtkrjw9fd6cuauhpa8rxfgv5e0peyjfkq0juss;bc1qulfszlkwjrujwj4lcfjafswfcdlxlv7w55vzxr,0.00056688,58.68,0.0,0.0
2025-05-15,a9b7dd634ed3ef187937c8a0aa25e1bcffae5448be2738cf5e0c5939fe62e908,in,bc1pq9yr6e7uz97ep8xs625snr82hn9xxzn5ug7anjzwlts2x30whres2r3465,0.00024397,25.25,0.0,0.0
2025-05-15,ab654b19f0a685bb97ff84005533e2e0c526e9f80394c86b12854b0ece8a989b,in,bc1qs8k0hpxfwxsh7l2d4n5dcztzwqf7v4yxmhjsy2,0.00028974,29.99,0.0,0.0
2025-05-15,b7e03c5e92478f997a54d32f1ba7f0d9942ab1279482041eaad136e38f16c624,in,bc1qj7qglm2qq2mrvhvh8g9zjtmdlr407prdq582wu,0.00029096,30.12,0.0,0.0
2025-05-15,b96576bc7ff2317d94b0afed867b718a5d3a68daab5e6b258c7e31c20f8d027b,in,bc1q6s8ha5fqw4h3eysju6jsq0qht73p395y5dz0ze;bc1q7mljwjw7sr6ap7mxp26jkerpdma0jg3nm9pk0w,0.00015568,16.11,0.0,0.0
2025-05-15,bdb0d858e178f76453df3fea39c1cdd25ab330e26f78f4179f9e5ea091616181,in,bc1qjlmugh4q6c3ll9gr9q39rmmpa46x9mql6ea9qa,0.00043867,45.41,0.0,0.0
2025-05-15,becba02970ca71156a8d936e8b8a05a4611308ef520b1cba5abe8c82ca8625cc,in,bc1q60zcvuwdmm27nzjfalzrfje5q5fly5jsr465j5,0.00062429,64.62,0.0,0.0
2025-05-15,c256e5253e2566940303b0bcd37376992b1ed384c35510310de4ebb8e1ad86b5,in,bc1qdwjxpj4f4rp8vkxsx4kcp834dqwe8zew5ae9vn;bc1qrrvglnfcdzs8hdtz4cncu64p44a4tt8x0vut5d,0.0026034,269.47,0.0,0.0
2025-05-15,c83584ca2a2c811ee1d922a812164defcb23aa46d8cce40092a1c3af85d5f5d3,in,bc1q28dtdlrers5z5rastzhftuxraqchpslvdgqppv;bc1qp7q0t8ne7zvtledzmdem80cmy7zg2fl6rmyz4k,0.00090189,93.35,0.0,0.0
2025-05-15,cecfaf8e4cefe266daf4e7b713459904f74659b59e7f164e814200c0530b6ac2,in,bc1q6gets55f4tkjs6jtlluh66qs9k89uz9gn44nj0;bc1qgtxz5x9k8pg65v0p6l6fv20wqlq8l9u7a50gvm,0.00057363,59.38,0.0,0.0
2025-05-15,e078ab43c24dcf2d1c171c4e1e654b7b6ebfdee7ce0d6e37a260998b4e7421e8,in,bc1qehf83zzkeec2255zaa42j83v9j6le280l0lrsz,0.00072958,75.52,0.0,0.0
2025-05-15,e08b5bc10a81bd1566090f960d0d52f250ec779fd326864ad1c7b8a6a6b62a97,in,bc1qkz5ynfmehwr98m07mp5js3uq2g2p2xdeyjpxm8;bc1qsedf2hx9qdpack492xxnq6v4qrswxtmejm5m2g,0.0004851,50.21,0.0,0.0
2025-05-15,e166d0a53b121b02953a6f02bae27962b5cd56adb5c8b2ea25dbc529241e8b7e,in,bc1qnxthmpml62gvllcm4t2tk7ct9kdst0n6yrnd2l;bc1qzjr6ffgtc474c64rwf4w9eg4retsktqjvhxlux,0.00020231,20.94,0.0,0.0
2025-05-15,e1bd352c2ef4f2e1ef04f83709116ca8d28f9117362f6ed254c645ce071cfee5,in,3Eko5hzjPuGGiAbyktQrRS3m3Gs415UKDm,0.00100116,103.63,0.0,0.0
2025-05-15,e4094b36aef1cae3d2a9a0fc2e5cbdf75606c3c219b419b4d4bf170c51c146bd,in,bc1qm34lsc65zpw79lxes69zkqmk6ee3ewf0j77s3h,0.0032746,338.95,0.0,0.0
2025-05-15,e9995a5b1e477fc2bafa678b2df00d0b13a7efaab5a520b618a1574c091e2e5e,in,bc1qrsex6nkvcvvu8v03khw5sm892r7kjr4ax8khdj,0.00086662,89.7,0.0,0.0
2025-05-15,ea6f97ba256298d383f85fb62e14bd75834561f5fa5314470247a3f98a64b4e5,in,bc1qm34lsc65zpw79lxes69zkqmk6ee3ewf0j77s3h,0.000936,96.88,0.0,0.0
2025-05-15,ed41b970ae8a286b7a3f5907d27c8d57dab82ffb3350203073fe51286727e3f2,in,bc1qgqyguzcuj3wqwanjetffcxzz6jrgfvcf8yhx8e;bc1qvcsn7lwfpeqsw6xqs82kt5wmy94q88yynw3cdw,0.00048679,50.39,0.0,0.0
2025-05-15,f06d225f6374af558c8921ff6bde6f1234a3b13df5efc7a7c6242d34738b85ef,in,bc1qdtrq2v8sqp760vx70umatw2d6me7dr3dwhmxaf,0.00019648,20.34,0.0,0.0
2025-05-15,f19a114c520b2164a6233a2d3d85aa4bd75674a6fa56d5f11ce69f537d330184,in,bc1qh8qc9h34fjm3a5um2efyqelv3pjcq7rsjhq0fy,0.00010288,10.65,0.0,0.0
2025-05-15,f52ff45aa83bf2d5e6f2ae6b61225c0402cdc893b38c6d75714fc6454f60bfcb,in,bc1q70xehkek7rqnn7r0m9zs9psaa0q9slag3u73qd,0.00023157,23.97,0.0,0.0
2025-05-15,fef80c22d248718bc57406554f17fc4479a95b54d598513dbaee69ed708b4dc0,in,bc1qf88l323cqxfnjkp9tutath79dh4zqs6rtwqs0w,0.00015925,16.48,0.0,0.0
2025-05-16,02ed1e53e1f9eaa5152c4dabd10819e4a05a42635a401b2b448b7e7b688913ff,in,bc1pzzccggx34sjrwuyxs8cd0lw4hadfws3tehwvg7ej7y492lzafe0qd72l07,0.00034603,35.91,0.0,0.0
2025-05-16,21503873405509b668a84be58cafc1b26b7dfe1634272a13a02131a12bec31cf,in,bc1qr90832425mckrl09q5ggle3zjn5ytjlctqty0c,0.00077935,80.87,0.0,0.0
2025-05-16,3f9934917aca91b1a744b8ec871d55082a7feb1155d619d32fe7db5106ab2411,in,bc1qdy9fqy7axj3uev3gnzx80y8k3wqkq9zx7q4ypt0fycjcy8svkayqwrpwjw,0.00059839,62.09,0.0,0.0
2025-05-16,429ddbac1d213aa2bbe30cef41ebaafdec84b15dcb27d09511e2756b6cc3d885,in,bc1qh6xslt9h4cenf396r4k86jynq7260m3upxgxgp,0.00051751,53.7,0.0,0.0
2025-05-16,478eb7ac8a176632a8ee360534c0cb7594c13f3ebaeeb115b32591dd45419129,in,bc1qd4jamqfdxwqp4q757p54tuz9vzqyt3cdlvca03,0.00043595,45.24,0.0,0.0
2025-05-16,4aeacebe88efc416ff9d41355ed863e24fd851854d3a2ac153dfb5ac2fb4ba82,in,bc1q97ufeu9f0wg42d6hajc7z9s036673u07vv2twk,0.00048219,50.03,0.0,0.0
2025-05-16,4c91d5a4cd3f82038339549d33306ecc664a0dd753d3076e80b83e9e5c4f724d,in,bc1qxdpns2ry43pgq9pd4lwdzqela2343v2sp67ehx,0.0003473,36.04,0.0,0.0
2025-05-16,572be6fb2339a75b59f6cc875d13076512b773e8ca24a34c18a7b51cd9a00331,in,bc1p5z0eskgw8mgal8y5s9r47uwp944ursk0w4rte7uzctn89vf43k7sw0cxg0,0.00038518,39.97,0.0,0.0
2025-05-16,5e3e862f19b60d60d051ec25e21fbf164991d95f6a011a5c35b673c19dccfa4c,out,bc1qyahr3afa9cy9qmquanpwqzzc0gd494j4jg3c4s,0.03173875,3293.33,0.00054965,57.03
2025-05-16,5ebee34613d5fb96dd506b7d87ef5334930382d5d7275603fc037c13172f2cd3,in,bc1qy7250zsaf2zd8u75tqedtu5hkzql73fx8035nk,0.00021949,22.78,0.0,0.0
2025-05-16,785a53cb2f2fb89cd2f03981a1c86ed55bb4d9455dacab0680a72de0fb6519f7,in,bc1pvgxrd2r53z0dmfp644rjft7tz50ypua4n5rdqhdft9vpe0vkvxcsavrp9m,0.00014392,14.93,0.0,0.0
2025-05-16,7a29d686495de9c6f64c76d52a0ee1c090cd29145c6056e00e7be78c5f4c1dd1,in,1M2adiJRFuZMhR6Yy54Re6dTTDCUj8oGTp,0.00050962,52.88,0.0,0.0
2025-05-16,7cd586d0afc520be70bcaf696282ce69f16365e0c6f35b98d307c8daf1617f6b,in,bc1qamgjuxaywqls56h7rg7afga3m6rgqwfkew688k,3.275e-05,3.4,0.0,0.0
2025-05-16,7ea7628f15101407c2dbb5a865ed1c282eebe8d24e755a1dad7b809d51bc21a6,in,bc1qzj0utq0aslavjdptk924k9asxnx4ku3xft59sw,0.00046458,48.21,0.0,0.0
2025-05-16,8992fd1a3b918e8e39c7e96f8ddb551a2d56972a1bcc4b1c3f03aabe52f0dfbe,in,bc1q86gdxus4zyemyle79dutmsy0jlryxutct4mz3d;bc1qr3f69pqkx6x3k34ajxy6rzkqxr9kewtxzpmlfw,0.00021176,21.97,0.0,0.0
2025-05-16,8f6bf3d183888da78e9725c40a114463e1f29b701cb471f2d86208ce4eec1661,in,1EtEjzdshdgXiWMKbpVJ2nLEuDF7mq9wvH,0.000328,34.03,0.0,0.0
2025-05-16,9c5c359edfb023043d28e5f7f99d89dbebccd671ab9ca3769b58429c822cca70,in,bc1qxerelglzup7f4ss5t68tvyye64vdqam8uz2mlg,0.00072451,75.18,0.0,0.0
2025-05-16,a29f9b99005f19cd04522e3ccb88726f05cd7fb96a3f152d55f5bcf8cd410544,in,bc1q533m7r8u9ack44jlmf7x84hyucus88xrkpap02;bc1qhxdj2mahs5glupgn2hz4zaex47mfzd0ehd7n2y,0.00052651,54.63,0.0,0.0
2025-05-16,b31de829c52c616182675f562888bf71881a6f311e339970486aac33172821bc,in,bc1q4sgh50zlq0tpjxwy8zxahmyyvpmmftclgzfrtv;bc1qxzjelw6evh3m8hz005u5pemdjetz29m0qcyhsj,0.00045096,46.79,0.0,0.0
2025-05-16,b86b1a64de0f492b8ecdf1d0bdaba56b9cf3ed54c60d95b961cd0520c3e9b9ba,in,bc1qm34lsc65zpw79lxes69zkqmk6ee3ewf0j77s3h,0.0009321,96.72,0.0,0.0
2025-05-16,ba56fe5ef3587b583ecdcf3f48eb59eff26db95649f8b047c54c515260b06343,in,bc1qpspjg0pq79e5gjmmzxvmpvhpphm6evlkvfug93,0.00058359,60.56,0.0,0.0
2025-05-16,bac5d8860383878500b91cf7af1c2b893ea7b327a5a467901d36c4f1c2f96618,in,bc1qy4t8tdzc6re9k3yzdfrajv9z6rkj9yd38nr0qq,0.00028751,29.83,0.0,0.0
2025-05-16,ccf4e3a75e5d06f0f19990ed23904e83b4b5acb1d7bc4c4580f6c00566fa6b48,in,bc1q0c0ucrp5sl43huezjqnladkwwgkmus0t5wvcpq,5.178e-05,5.37,0.0,0.0
2025-05-16,d07c3d4d21a678bfda8fa1e76a375645255c1891aa8e67ad8c98cbc8e8a5afd9,in,bc1qdefutd739lq4sqde4htltzpmellfdj2wd58ndv396fqj9lqsckwsqu3de5,0.00033381,34.64,0.0,0.0
2025-05-16,d14b735bf73898dbb8ddef321c6b14e1da9d94d9126fcd0c532ce9a1511f42e1,in,bc1q7jgqgd90v9ea30e6m0qd6g6eq6z2p8e5j8h3h6;bc1ql8hg7l4rjplsekzk8hq5gkp7hyu7z3utfetccm,0.00015204,15.78,0.0,0.0
2025-05-16,d3b88b59ed303c21cde4a14b3cb10be82a4fd0d5505a42ed70a20bf9c4a1e8be,in,bc1q4lu46kcl6uquag5fte0pd4zgea6q3svtqe3hdx;bc1qswn906fcnmsd4ucgy7st3gx6f326zc0p66ynnu,0.00052831,54.82,0.0,0.0
2025-05-16,d6f31b28794bde8969d1417afd165b91ff7f978195029cd64ab452e350806206,in,bc1p3fl2p99782mfgeap4sfmqkrvd33fm36cfmsnkl3u3ng2l9csrkrs8ar4ng;bc1qdxq08plnq0zjhwlx8uxgpwu0sps7r5r9cd44hu6cna0r9w52zudsrn3t5y,0.00033805,35.08,0.0,0.0
2025-05-16,d7a1f8e9f3a65ad91677d3a29c265e8184fc728143528710355a45ffa13528a9,in,bc1q0x5w0whkm5j48czwjp7s6da6xuflj58knflwm9,0.00043057,44.68,0.0,0.0
2025-05-16,d7e2542c927f071afe73b6dd530a802dea57040d0cd88468dff7ada3f9833f35,in,bc1qpspjg0pq79e5gjmmzxvmpvhpphm6evlkvfug93,0.00058487,60.69,0.0,0.0
2025-05-16,dc0983056e319b643605af2ab6ae2a87240e8c8f1b28e6942cd92f2d4bc258d8,in,bc1qp3a8xnx8w29pmwnejjcjyf39jm7hen9du4excs;bc1qqzwfqlfv8aaae4yd25ulyun7fkyrmfnnnlhf4q,0.00089188,92.54,0.0,0.0
2025-05-16,dc27e07c148310eba3fd4f05b3dd902656592e1a26364b040ef49606bb2139ca,in,bc1q7pzx9fq48veq938qya7das2h7qs4ch3vdp68m0;bc1qzkv6d977kgdn77hz6dcze7d8g8yywr9408f2ar,0.00024059,24.96,0.0,0.0
2025-05-16,dd69697d24172f65631fa3c16399621241d633048e09e841d07dcc72a092e8c5,in,bc1q3fprn5mxvcecd0fkdf9z6y9que05lh0p43jt6jfz3jzlae3g4qjsg0syg8,0.00010805,11.21,0.0,0.0
2025-05-16,e0bb29ab5a28e25bbcf2d5610a7a0900a1b5edb6da4c4b707dad6cf7f7e24910,in,bc1qamgjuxaywqls56h7rg7afga3m6rgqwfkew688k,1.52e-05,1.58,0.0,0.0
2025-05-16,e6e0f60b4749d993707df807ee69974afe71a55feb876c6481ea779bae7a8e1e,in,bc1qjzsepfvxtygfgkd2xvt2n5x59z76rr9s7fxz6q,0.00048064,49.87,0.0,0.0
2025-05-16,e82f7aeac91d5d9777b3fd4f6c664970f781716d2f4d24a8d2155cba162c91c6,in,bc1qpvu39fs8gajtc626wmvmfp0pjyq8acxv44wvg8,0.00022161,23.0,0.0,0.0
2025-05-16,ebbc4176a2e1490e627e336dd90cda798409849187cc4e12705afbc0709f67d0,in,bc1qck0fdnew49vgzz0ydgtjx89359l6k0dmrejyqr,0.00015567,16.15,0.0,0.0
2025-05-17,0a4af79f5922df37977870f00518ce6749116440abea3898880fc3a67c0461c6,in,bc1qm34lsc65zpw79lxes69zkqmk6ee3ewf0j77s3h,0.0002925,30.26,0.0,0.0
2025-05-17,0ac675b02bdfeb80564d408b693e74ab9b73dec70f6df616d7cf384729f92f59,in,bc1qacglh0yhknahj33pplycee449qhze6gkprja85;bc1qd43mls2ys6w2urs8wnvsyldth6tfsl20fgr94n,0.00041612,43.05,0.0,0.0
2025-05-17,0d52e6ebc7a62a6c95b2c9efca21cf91ddfdf69e78d8889470e420945be7fc5f,in,bc1qydkckyytqr0xat70c3hu4g27g2wmvr7dktadje,0.00014845,15.36,0.0,0.0
2025-05-17,15f4c539ee8331dcc0eb8eccfa6d7965f554e4cbdd1be1bea12df8cd53c16b2c,in,bc1qa5p8sg0ntm20jga4xt5y4tlkf9tyyfg8530fup;bc1qn5ny9zlfjs70vgn5qygnylw24zn8d0ymm5ky0q,0.00078539,81.26,0.0,0.0
2025-05-17,173bc0b456e2c195514ea95a76c4d1ce94e4e372f662187fc2c3daa3bf8a6c33,in,bc1qm7gme6wc2ew6kgl9u7tdxzx3fmglkrzahy8scf,0.00039176,40.53,0.0,0.0
2025-05-17,21f32587877a0924dda971c40401231016403001887febeabbdb764320ada10f,in,18L4AQanq6w6mdK1t3U5k81VhiERNJRifP,0.00038095,39.41,0.0,0.0
2025-05-17,23fbfbd0cff6a812b7fcb680929b20067f674efa0e5c973e5f5724f4166f1dfa,in,bc1qm34lsc65zpw79lxes69zkqmk6ee3ewf0j77s3h,0.00044923,46.48,0.0,0.0
2025-05-17,276519892830bf9c5a23dafccebad416635a673e246ecc71cc512a141a4cb292,in,bc1q2e7leh7jkdl6l2mtt8kcqf67ey6c0gpppcfmen,0.00217614,225.15,0.0,0.0
2025-05-17,27ee2713d395cd8672deddd9a998c7682b3b6fabf681665fb3abff47e64cdfa0,in,bc1qmxgaenekupas2k5m7nwf6nnvdmdv7k055cymlt,0.00015165,15.69,0.0,0.0
2025-05-17,31feac4e24b85ff70090d5c12462ef5023a2d16dffccb4eeef388a2a52cd67d1,in,bc1q298vgldk5swxr9l5fr33nf5s740kvvtd50p2s7;bc1q9gachrg3pjae3rs3htd64zdj5267u7njt0n332,0.00040812,42.23,0.0,0.0
2025-05-17,3da15de7296c08d8e66ee86fd365b39162bdcabb9c02ddf3cc31b2f64bbb7a31,in,38RqKnY2PugT4KampK6sqmApL6tgFBMX3j;39dSo6CbApgk514Fi7oQfRrFgLoGkeZk3M;3G7e21FgygBmWDRMykauLANpuBK8iKqXpJ;3JJ4LULa6VtcVVxZC9tsNN9JM693mcrCeE;3L2tgoiWq2uAR8gdtAn7R5DAhKRc77Jaiy;3Q8aQHqUvB4EdYABJgLjzHgEkwkGGGRuW3;bc1q4hwufeal2s594k5ja0n7faaqa7pey67qpqmdnjzu7m93w5jnjfmqunkyum;bc1ql85yfx63yjv34xyxz0gwdt6vnuvdcmzlsxw9p52w0almw0jzr2ts4n8e7f;bc1quhruqrghgcca950rvhtrg7cpd7u8k6svpzgzmrjy8xyukacl5lkq0r8l2d,0.0013173,136.29,0.0,0.0
2025-05-17,470477357195be7470b892f02b549146e46b3149af665d24d2b9315b5d60d8f6,in,bc1qrpl7fhxcf2e068ecxna8dlchv4vs6vzdrnzxa9,0.00011139,11.52,0.0,0.0
2025-05-17,69a595f9edb69816d423621b7722ccf91fa44df88a07f2fb384bab941e031342,in,bc1q2awngnvz7q2ewdxl2n3g8j92jwq9gh5aesc0yfrzmvf5cp2ut23qwftru7;bc1q5lywj2ha8gp4qn8ch4assy5xscpwz2cpp6ghmw5fwdshdh3ejpps5kgmd0,0.00016994,17.58,0.0,0.0
2025-05-17,6a674d5e20c792069217ef060459b84ad4c9771592ad8b772ba3c273448bb659,in,bc1q9yhx5uzrwr4vmgax8me6lajdqygr9js4y4s080,0.00048279,49.95,0.0,0.0
2025-05-17,79fd623574c773b3b9f501fe7440241871e2694cbe9747494da24ffd4049243d,in,bc1q9d96hfp3fqx26qnlk2w7hvxlncr7jv2mwspk2x;bc1qcfq4jx32hqd7rtta3le5wkz5myp2x8yfa3aemy,0.00052405,54.22,0.0,0.0
2025-05-17,803d1c354b9c7fa27128669edd1ad19a7a9eab71288c54caba5d003ca872407f,in,bc1qdz6leezanskzvt6ptqg48apmntly3h3leg6gtw;bc1ql2l5cc9429g0w6pdsz6u0dzc9a5et00pkjhq6g,0.00015106,15.63,0.0,0.0
2025-05-17,840e2d58f20a9d119fae5d6a7349103cdaf5a7c731c8311588ecb745ff089a12,in,bc1qcmjxm6wqyrfh7aqcurpgczf0snvjrlu3gpkmz2;bc1qxmnlxygjzyw956l2q7k8kw4qke76d5suflg357,0.00034495,35.69,0.0,0.0
2025-05-17,8976507e25fec1afcd49cc8a6f0809b4623ae70d94a919f4c354f826dacbf091,in,bc1qauqrd359epw5evgmvf89fcekpvhker8rq6cgg4;bc1qc4nh5ualc5wsexspz0md77hsraq6zdt8uc3ypv,0.00015649,16.19,0.0,0.0
2025-05-17,8b8e734c88ae2ecb041f638964725773cdd92bbaa348e26fdfffb6552801ab56,in,bc1qjzsepfvxtygfgkd2xvt2n5x59z76rr9s7fxz6q,0.00048433,50.11,0.0,0.0
2025-05-17,8feaf3b8281bfccc55a3d3ea833d694f7ffd294f68b60aedc884c31c9e9159a2,in,bc1qus54v4nyr5sf3lnq6k84etj00jdgtk5jxkjgv3,0.00017379,17.98,0.0,0.0
2025-05-17,9a79d1be6394c5ac10919874f1a1d3cd1b17d14e6954a3cdabc7369d639da1f5,in,bc1q4x0q8leatdw4g6vv2fv4wtfgakun3d5c0jp6t2,0.00010998,11.38,0.0,0.0
2025-05-17,a0c2cf20095496aaaff98996f30ace014a98970a3ad7a7d53ebb46b3d738774e,in,bc1qm34lsc65zpw79lxes69zkqmk6ee3ewf0j77s3h,0.00091,94.15,0.0,0.0
2025-05-17,a8a5a7e85e7d0f9238031323e6c24a1b33c603273a343f5678af2228a8c98db4,in,bc1qm34lsc65zpw79lxes69zkqmk6ee3ewf0j77s3h,0.00077996,80.7,0.0,0.0
2025-05-17,abb7854e783522028c4cbab86eff20aca56289019775cb404f22a092281051b6,in,bc1qazd463yjajygka0gcf56tdgt2q4amf3fwd9lfs,0.0001,10.35,0.0,0.0
2025-05-17,b1082dcebb15b539777cfb6e7db00bddbcb11514be65d9529735e80ad769accb,in,bc1qrt7rkpswpgmcag7txzf6ps9mvepwgndshqdx6d,0.00027271,28.22,0.0,0.0
2025-05-17,b302e513b4dd16a7276961f38ee649f31f819ef3365ef476d60eea1bec4d7d97,in,bc1qj7qglm2qq2mrvhvh8g9zjtmdlr407prdq582wu,8.114e-05,8.4,0.0,0.0
2025-05-17,c06dfa8684e6331baa3b7154bcb56ae667bd07e330803e91704c2284134314f3,in,bc1q65dzlu40nhyvc3z66fyz2g69sdhd9g47xmd74f;bc1qah6aflv9tq6gnx2gf9xd73d66f4x9kxfaazkcd;bc1qqmhu55zd27zdr4qspngq58vg6nxwph3dv9xcfg,0.00031,32.07,0.0,0.0
2025-05-17,c5261a50967bd15c8af04e1c8d0baaaccb5bc0af180d3a98451efaca1bf072fa,in,bc1qxm9ge2vw839auvt7cn2llv6k0zm9u5nmuyqq6h,0.00037931,39.24,0.0,0.0
2025-05-17,caf97d3ab781750c3d4c1e2b93ffc16091d40ada30c1f85d04ba757eef7116cb,in,bc1quq9rss5pqkg8svswfzvqwh5f3jkdp6dgem5skv,0.00025569,26.45,0.0,0.0
2025-05-17,e34cd875b2cbf9be11c67875c7676995a28ea4752d0e5b8670df97ee45af542c,in,bc1q6uxvmm0zlqxf3248cy3kfuawgtzqujxlgp25f2,9.796e-05,10.14,0.0,0.0
2025-05-17,e4234a1d27761afbcb8ae76679122b7d89537ddc3ee82535ec10cd8cb41777a6,in,bc1qfspsuhdz5rpmgvrse78vqs5k925nqt38enns46aqjf5e6d5w77ws826anj,0.00021216,21.95,0.0,0.0
2025-05-17,f09dc8cf041626e51e831e4eaaeffdceeb15149a15d4a0a65b40e81ca9936348,in,bc1q5s90d66n0uc6jecpa8yw7gakpys4rm4k2ttxx8;bc1qgyk9m9auz3qhtx6a9yjuthqy77n8gptp60huu0;bc1qm9resjph03jw64y24vt7y8yryca6z0fmqw9x8y,0.00280224,289.93,0.0,0.0
2025-05-17,f0bae422803ef063f5fd4ccec78d993e80ad1c30e5da343b7488a9ce39917fec,in,bc1qmwdqf9cyuvm3g872nq5f62ett2ve69pdp6hzdp,0.00040175,41.57,0.0,0.0
2025-05-17,f68c8cc9ee485902af3a34762f0ac582902cd2c2baaebbe705afeede46898a42,in,bc1qlvv2tft0wlqs56sjwjjzj3fkqz8myxr0llxuay;bc1qqlg8nuwpqkm570dpq4pnr86zexryzuf6ps5sq0,0.00017604,18.21,0.0,0.0
2025-05-18,001dcb8f459ef6774f04e3cdf9dfb210c1b5331ddb38c196bc739d6383d3e42f,in,bc1qz9zl0nngcwpv5vj3r66u2gvqsfr8mg9sv2f9t2ngmrjv6swjy7rsz63g7q,0.000379,39.09,0.0,0.0
2025-05-18,0636e4b43a5e375ad7df2570a26d64784806d99e2557d9112dc8b79272f0773a,in,bc1qchw9dx99n0pymhwl07smnp37j5t8snxukdlh8c,9.602e-05,9.9,0.0,0.0
2025-05-18,0ab94da0b819baf979794de89ae38e7a704876e62c8492a2fd4f9260cf82e54b,in,bc1qs5qsz7qf78vzfkpgzxn7j7tp77wzrffvmuyfyw,8.699e-05,8.97,0.0,0.0
2025-05-18,165b28cee2fa07930a33048b85af2b5109626c9b6bfc92da7dd6592d9894bda8,in,bc1qg2lqdmguq5hg0qer27w7u7866rsmx746w7cucz,0.00057772,59.58,0.0,0.0
2025-05-18,2312dea6b86ab71ebba671b496f8b97de8c1f0e4dfc77d39b4c972775794f47a,in,bc1q2cx79q9ucv68a9jtqnwruc7s68twkxd404587x,0.00053745,55.43,0.0,0.0
2025-05-18,3148391226adae142c4142cee5637f5245c4daac9031558c6c88bbc53b6781fc,in,bc1qch6j75kg4ekwe4h825n0dqtfredqwdzgesgx5ql7rak4vlhrfz8sa2wrq5;bc1qz8efhyg66h7t022ug4uc2tw6vhslv9zswae4xeqd8ntwnqazdt2qavcdhr,0.00157948,162.89,0.0,0.0
2025-05-18,499c86ecf3cd95d8053553805f56d6b0675585b79b2c63550769d10154d781d1,in,bc1qayqsrz25slj33qs8c8tk4j3x59vqrp2hc8ywj2,0.00144383,148.9,0.0,0.0
2025-05-18,5a3bdf42a51ced331cbf1d361de5f340c5ef908a2698620648f2cbaed2f56661,in,bc1qcd0h2zlg70tgrsucm5e98myrcxfg44svyc5uv2,0.00029435,30.36,0.0,0.0
2025-05-18,6a956eddc18c0c4b7a0ee05a99ee976a64af17c866f524a76bbddb7adef4c8de,in,bc1qtfsj77d9zkjna8n0ja6snh4re0hwqm4llfewpu;bc1qxapwm0xws6h5wcszt6mptcl5peg4y24f9j3mgc,0.00071461,73.7,0.0,0.0
2025-05-18,6b8adef64fe8b79d29f14816b41e080e203b7e531c334d17f51688c8608dff13,in,bc1q2n6ehwyp3nlm3kvvpt08k5j76z5448d3s78hsa,0.00091239,94.09,0.0,0.0
2025-05-18,70417abe22008687670f99435cfecab875ba4208bd00f96a486daea047a935bc,in,37KsYvJ5r9SsmE8PMML4scp7am5dYgcvhM,0.00030961,31.93,0.0,0.0
2025-05-18,740009d381f9994eb0ffac5ab4644c0b503041583549f8b9c1ec04b3e439bc18,out,bc1qfjkc5g3ryekcvgnmrp6e8jjm6eel0yamtmd3ff,0.03463897,3572.2,0.00022874,23.59
2025-05-18,7ab1778072a9a8d9d087c3c89d09910735c384980a53a20f1f9a6d8ef302a3b6,in,bc1q92aan9jv0pu4cshgy64fjvnusqnzdq475l5hvl;bc1qanf70m87l6a6tjzj8atvwtz4k4d7pecqr64m8z,5.812e-05,5.99,0.0,0.0
2025-05-18,7b0cc29c48923d2b0e2015be581106faa0e5a4d0eef0843a57a8fce8acb881c3,in,bc1qgvgg68s88reyvyhm5txdz6nf23mvke9pvp83hg,0.0001195,12.32,0.0,0.0
2025-05-18,7c17d039fc22f416d42e94a04802331e6441227c8408f9e8ad1158be94b2e02d,in,bc1qwdv53fg36spt4e9hxelj5v4sdrxlap24d2vn73,0.00011515,11.88,0.0,0.0
2025-05-18,7eac4a33fb1b89b56d44eb0842a82be8237bf175a0262000dfa61e2539b49410,in,bc1q3f5ux9lmepc2qf97y5e0gtuk490y8vtz996mcf;bc1qaudfh73esuusn0yd4vnqr0wkc2g7r97d07sggv;bc1ql7mnnwkw0nt9pf4pqyje7kzk5zuat4xefgj7qd;bc1qpml6nhww4y6x2vxv2kfe0eat22ug6hsg2tuvms;bc1qze0yfc29rs0wfzf40r4qs398r8fkck46kgwrlr,0.00066691,68.78,0.0,0.0
2025-05-18,7f9703c2e8db574c2ebceee1155a102b6d88d725cd2dc154a938e13142af3b7f,in,bc1qgx3dmr0st6p4hp7x2ad5ksqzlgqpw8a0377wh6;bc1qyt7l78akc3aelsnl05mmm5t085uyu5a5f867js,0.0002939,30.31,0.0,0.0
2025-05-18,8322b7bae3a3236143b054df57c63f71cc34fdcc740a16fa33cc27b8fedfae85,in,bc1q2wxx6tg7cn4fftcnp5kcc92sf8kqrytfhkqpdd;bc1q76fhmlyj649rrzjzrdrksd6fwm4eeaep0za76t,0.00017425,17.97,0.0,0.0
2025-05-18,86e1bf5911ebe50974c3dbe1dc7577ed0756e7aef3d1d0b92c8f48ecb530ce95,in,bc1qqgtyft7qv888yruvavgcne9fy6ux4umvr7tvf9,0.0002563,26.43,0.0,0.0
2025-05-18,9b0481200e945c46e43ac4f42c7a6684fa8ffebf6d2246ae9fed41e4e0dcc1de,in,bc1q9dgnk83v2qwc9ukmkusnywzj4nfyxf5saevmce;bc1q9zslunvfp0s6vxpu9ln4832m3cleg087cvmrwl,0.00022271,22.97,0.0,0.0
2025-05-18,9c11fdb21933766d120b4c73bfee53dca443d2ecb14938672ab3c28261424f50,in,bc1q6ujftkwtl7d85txz5x0u05pyee2mzzt3rlazn2,0.00014926,15.39,0.0,0.0
2025-05-18,a6c0b1af7fc1b816f3e82e1902939a951ddcf34f2bb8e93406358f3544d7060e,in,bc1q09jd2f9l5760jc4kuy6ktt738dagn64c668tpj,0.00017963,18.52,0.0,0.0
2025-05-18,aa5bd4657e4b4747495a6a6241f6ccb6de274f3abfd8b7940573f6246929dba8,in,bc1q0s6rca52mjumq8fjuz4j6ka5h9jhq57esyd40r,0.00016269,16.78,0.0,0.0
2025-05-18,aa9f001cdd68719b7a8432b6b94106a8164f634ea5e92e9f6a75eb5017aa0805,in,bc1q7keu3x50u8wepzwy64rs7s6tcqgwv32lkdzev3,0.00021904,22.59,0.0,0.0
2025-05-18,bc9cb763a1eea3f6de68e268f31c46803ea4e3fda49bbde8775ad5a6bf1adf18,in,bc1qcd0h2zlg70tgrsucm5e98myrcxfg44svyc5uv2,0.00040108,41.36,0.0,0.0
2025-05-18,bf48bbbc405fa42b3f51df05506924eb6aad30da73078c93da5202f0faba69d2,in,bc1q08fh6zd380lyd7c7fy9rgv4a9awdscapg2s4f0,0.00020351,20.99,0.0,0.0
2025-05-18,c6f1e6e238d83b686137ccc7969a7afe246f63e8f769d97bf90cbf97c20e9d72,in,bc1q8958fd68ek6qy0pm6nfqa8a3v2k2u9rvqcklju,0.00024069,24.82,0.0,0.0
2025-05-18,cc78bdc61a2c699e206bdc216783588ed71f9f9fbfcae6930f62a68ab711df28,in,bc1qz8eu6fa27rfezmksptrgv0tn9773retm34ythc,0.00028124,29.0,0.0,0.0
2025-05-18,d0b7025215f710721c31005e2800bec5b2dad8a9b1102351393b3d174bd6db84,in,bc1qm34lsc65zpw79lxes69zkqmk6ee3ewf0j77s3h,0.00155,159.85,0.0,0.0
2025-05-18,dca864227bbffddbfe00c620b5d806eca9b8aa5944880b75620660230be95f5c,in,bc1q7ajdhvk8sdclwqukgqqltt4aceuhf86s4uq34l,0.00048181,49.69,0.0,0.0
2025-05-18,dda8a9fe45c38822bd4e282f511e125d933e587432879cbf5030d93ba320edb4,in,bc1q042mrdfj24nwdh3fh8uz7qgc7jd67l44ef8k4k,0.00034805,35.89,0.0,0.0
2025-05-18,e07dca0ec02cec8bfebe0717b1da064d11c5ff3ac51e6269f03bef692f242289,in,bc1qyjv4w5v09wtzep0fayfsf47u2385x6khaeahmf,0.00019375,19.98,0.0,0.0
2025-05-18,e4c1de7b31c20c6ac83479607d1d0321803280d7b9ec9114f06120ec70c3921a,in,bc1qgvgg68s88reyvyhm5txdz6nf23mvke9pvp83hg,0.0001195,12.32,0.0,0.0
2025-05-18,f1462b13219ffc8727b4daaf2f3756a0f877d059ba98c52c829926dd8dccb0a1,in,bc1qd9xspn80tyyzwk59lsx7qc5pfjf47ml8k7u7x4;bc1qfsvzmjlcan5en8ztz45w2f2and24sjdk2dp468,0.00087108,89.83,0.0,0.0
2025-05-18,fa6a566f7b751ea7e5fb0f9fe59b063d9621eb62e0b6f0b84a4b372501daedcf,in,bc1qgvgg68s88reyvyhm5txdz6nf23mvke9pvp83hg,0.000345,35.58,0.0,0.0
2025-05-19,00d79e15d6346cab14eedb161574641afd856d77b4c0643277dd667db94e445c,in,bc1qem88d675m9tzl673lmx059ntyxtaaasxdzctu4,0.00017064,18.17,0.0,0.0
2025-05-19,027e9acffcd54d748f32ca26754c148491125e18998e4998ce40d8381f8e1410,in,bc1q4rzua7jxr00mph0hy9grcm5033pk6qklv7sls5;bc1qlwdudqa2c0d3972e56s6deuqxjyzchs0znn05q;bc1qvy65nwp65pvffadn3x6hqzujcaczyu0dxl97e3,0.00029212,31.1,0.0,0.0
2025-05-19,053b539c9191dcbc7366918a8c0c0b54802b057126c580ce1bf0dfad6cd0bcd5,in,bc1q66vxl3nreyd0y674deu4erjc273gu848wdgr3a;bc1qepfpj7fwhm3swtzm0x2zmwrg0wf9ud3s0cjspp;bc1qny7x3v60x3uhtk7ewyqp522040cua2478k9y4z,0.0005568,59.27,0.0,0.0
2025-05-19,0631a663ff29f140fa13400af99154c8a2982eb08889eb6d9e278b5d6c40499c,in,bc1qcwlm6scx3pcpfx26skw4punh2fy3gtd0q49cnf,0.00028697,30.55,0.0,0.0
2025-05-19,133fb018a245e9e359f73ab4383380132678f87d5fa95d9eab62a8422b3ffba1,in,18py6wspyhp3tuePkpRHVQLZMzPoA3GmzM,0.0002,21.29,0.0,0.0
2025-05-19,1dbb8730919c5bf0df76940b90e467aab56f1f2113379b1e5d3e444d068071f5,in,bc1qk8vcqz3xq09j6a7ptwuh8t5qzu286wemnanexl;bc1qmw3ctfm33t8d8thll3n9xtcms9n590x9wncpw5,0.00018938,20.16,0.0,0.0
2025-05-19,1ea1f9059d89d4cfe1e5d3cd9d2ea3c56cb10e966fe010688f2fb6dbeb6502d4,in,3NSa5aSknNkZzw4M8iiXRcW1sjid8quXdt,0.00029702,31.62,0.0,0.0
2025-05-19,202b4887bec7fb08dc9e7eec23d97b39bcd7e9ff5b8444c20f7e414dbe242440,in,bc1q22fspa0e53zh6hxavmenjy82d6xy95vutmn0u3,0.00055074,58.63,0.0,0.0
2025-05-19,205d560c6885cc88ba77584bfd9d761182afcbf3138dff582c0d1688b1af1750,in,3MuBUC8dhJH7kdnygWhfRLnprgsU9QH8yg,0.00015425,16.42,0.0,0.0
2025-05-19,310cb8a1b43807757ec38edfe553e161c52581277a17d7f2fe6bfa6a67428eb6,in,bc1q4tvw0cw6ll0xq06vzmkkcrn5th9xamc4m4ssj82hkpytset7mnwq9nqdwv,0.00013368,14.23,0.0,0.0
2025-05-19,3605e65069ce3d99f6ecf15de96a29799916a4ada2a267215209112c2c524b79,in,bc1q37zh49zcjcaf2cqyhxpyaawwqjepj4d25l6hjg;bc1qeev9pd3c3389gdgww7q63497sz09kk7phegfnd;bc1qge2z2mre7mpte5lnjz7gy6h5acq8vh2rtjch40;bc1qq8nw0u9skqthvdqd6acrltglh5h6ndxfty3ne3,0.00091895,97.83,0.0,0.0
2025-05-19,3f1ecd65b228ac6484adc6c98d9e0fd2da0f16e4141ddbe6c92d16119bec1e20,in,bc1qqnsz90q74kluxcjfaffr6xgwx3vncyjevewe7h,0.00041752,44.45,0.0,0.0
2025-05-19,4507757a6bf950dcb303cf4bb437f57aa00ac5f6fcaaa19ed5d826ed9d4f8ca4,in,bc1qr90832425mckrl09q5ggle3zjn5ytjlctqty0c,0.00122147,130.03,0.0,0.0
2025-05-19,4b2868ecc19c79a52475f92f94d57abffa510248b5d87055ec8f191fae92dca8,in,bc1q0s6rca52mjumq8fjuz4j6ka5h9jhq57esyd40r,0.00028184,30.0,0.0,0.0
2025-05-19,4b6a7739c3713b55c42e1145b50b771b2e602f6d04996889e5baeaf273c52488,in,bc1qyeh8w46gtjtqzauxkfaf4rulkuwnkrrsuxp00n;bc1qyekdcl7lgk6nmka3nzumam3jf63mx0ujt0uvjt,0.00061117,65.06,0.0,0.0
2025-05-19,4c99444817a4d4b63fce64f3d96fe309c47dc95bb857690a4bd446ea4c232657,in,bc1qvez8e55akhaj6al3uf3l48srmwzvwrmdvak77f,0.00030072,32.01,0.0,0.0
2025-05-19,5131bae10446415f65ecac469010716dd513ace5ad7ddad060e17c34122d5792,in,bc1qn6snjuqw73vnet44v4l3y7f3rxyk689lc9ad0f;bc1qvjsz0hmf4lexdnwaec0q5aphushtpca7dfsv0l,9.892e-05,10.53,0.0,0.0
2025-05-19,5574204ca01a200ae2b5f4f46c80983e7ac708b39fec68f1905f6655762b109e,in,bc1q8na8d8lvvw6tv0wa3ev2rnmfy7d9s2ph5yrflg;bc1quctactru84pr226qyj3rujf5z8pwqatq2jvgrg,0.00042717,45.47,0.0,0.0
2025-05-19,570ad99d5935bc900d7ffe7f37156652959af2ad598d6df3012b82cfcbda81ac,in,bc1qdu6vlex50eqxnsq2zeywmlr2eeckjj3tcd0a9z;bc1qt0mc9v80sqq5ky3c90ynhap774v5skpjdjrc39;bc1quvr394uukpc94u3pdnuuflyrn8eda33f4ujpg9,6.937e-05,7.38,0.0,0.0
2025-05-19,60916c6b1266ee5807f9abe52a48570e787353df7e8713e536d4513a0c85877b,in,bc1png7mar9xnd0vnjthf3c96gpramsd6lh2jkll4dm00j8vvzacs7gqq77fkv;bc1q2r9k9gqwe32atd2wedpzdlztuqlh0zv73d29atqldf4qtwzjrycswzsgxq,0.00036999,39.39,0.0,0.0
2025-05-19,65e3eccd3fad6fc49267575ceacec9c01d9dbda39d976d304202c2fba743cc58,in,bc1qvetsu4waftxuugjry65z2anewjdmg54n2nnagy;bc1qxcy5le47utyjrz3suuxj3n3er0wyrdtcue6zjt,0.00046073,49.05,0.0,0.0
2025-05-19,69885fb89d87b388e290b0d3538c2ac9d4916dcb301d74f88b398a2dfce112b3,in,bc1qwtukkydjsut70u084r6hprc3jmqdcrdpq366qe,0.0002436,25.93,0.0,0.0
2025-05-19,750dc5429e06835c30cfbc9115e747706a7af8fe457012690cae48f911456f63,in,bc1qcj5rrddjehw9pz0ml2t3c508gehxetvg0d6rct;bc1qgtca3kl6xe0d8hczfsfwavs7txe3kvhu693as7,0.00051877,55.23,0.0,0.0
2025-05-19,7524c05d30183cfbfcebe4fcf72dbaf4ac842e9183ec037ed2c32445d999a4a1,in,bc1q2vssqpl3cldyvey9e4zpn40zlxux7yjv8jw5w2;bc1qrge8vunvjj05gzcld480hz6h83zqg9cmev7t2z,7.229e-05,7.7,0.0,0.0
2025-05-19,75ef8185ec82c5931f196eb9e946537bc47f0d2514ae868e1296e2cf8bece035,in,bc1qm34lsc65zpw79lxes69zkqmk6ee3ewf0j77s3h,0.0001841,19.6,0.0,0.0
2025-05-19,79893438f63b0c63f0f8234203e86b2a9892edc0f6b8e0f30611bfd7f7ee074a,in,bc1qglhj5ytd7gkdhxa7vw6tls70szx3qfssn4lfx3;bc1qvwq6gtlc22nfh3e8xd63h56wm2t76qmc79rmmx,0.00015446,16.44,0.0,0.0
2025-05-19,79feb4799a5051fefcd13e6730ada2c702d351ac32f3e1e5f6e1deb1ec18f36d,in,bc1q79lsmwydl2y3pflvryf5usq4e0prsudg29yp5d;bc1qqsz2fmytj4yjhacr7m8xs4hhvv8mpv3pxsfwjs,0.00090353,96.18,0.0,0.0
2025-05-19,7b919ec5e3bbfc1e1af6eba68c44e2d1876ad0b8933a35355bf4ab6bc4c441dd,in,bc1qa2p3rsp4kd89mr0acat6rxh6tqkmcz328yh54z;bc1qhwd006xjaz0jksgtxpdaeh5s3hqtkrqjlut6kx,7.08e-05,7.54,0.0,0.0
2025-05-19,9161bfc5f4b72a10de170d0ec06d2a8f735249dc8641b09feea16fd037734920,in,bc1qw6t6xkh4yd9xm8g7duauw9c45rgsdaepjzcvyz,0.00023707,25.24,0.0,0.0
2025-05-19,99bd0287a2659749a7d7ce1d1edd1afd7082facf170bac2834968c830661236d,in,bc1q7uztsknf99gahswlhwr84r9smnycu3ysp0uhl5;bc1qqmq86e53k6n7esl4nzr33h8etux9xpshr39jrw;bc1qzm052jqrhc3zauuetecnk9ygze8tksgraqt3vc,0.00023755,25.29,0.0,0.0
2025-05-19,9ba69fa97162dca3e665af1761a8499f57c80bddc9235ede4b2d3cc6eb0f4c2d,in,bc1pqh6xxjekqac0rjkp9hnyzhfe7j3f08ls0cmk9syde78247rej44qzztjaj,0.00073728,78.49,0.0,0.0
2025-05-19,9f2ff26acf162f5774d958b845c6eb7d195666b9c45f84bde83155e3a775181e,in,bc1q5e0vywjtp5cndketcx00n33euge0lkc05wtgy5;bc1qh0jdf5tgzvaqd6cfc6yc2jkzlqu7j2tmrf89hy;bc1qh3pue4702ek9z74gvzp6pmeye6jhk7fum4muny,0.00034843,37.09,0.0,0.0
2025-05-19,a7eb655dea8e71cb03f8b8a70f46e3816a92c800cb04176e29e37fb842926f83,in,bc1q5kkqs267dj6apwxhtz0jdckpqluwjzj258q03d;bc1qlecm6u45h5y4tp74vjej6pam8fzvg2a636eeqg,0.00104402,111.14,0.0,0.0
2025-05-19,ac430974ce32f919a34ce756277f447a6b03f5c4583012dd674f3e2dbd594835,in,bc1qm34lsc65zpw79lxes69zkqmk6ee3ewf0j77s3h,0.00042868,45.63,0.0,0.0
2025-05-19,b0c7c3613113620916e0aa67ecd889b223f2b4766f67627148d8419c29bb3738,in,bc1qg0qud3tp0a8p0axmpqal96vdxzkqe2wq3vr390;bc1qyxduf93e5vetlcnxrhan0g637rq35q46tpmnc8,0.000525,55.89,0.0,0.0
2025-05-19,b843ffb6f30f61f0a6fa4ff7e42bb385fe6515ce5c361836e36c107b17b47f3a,in,bc1qpgdyqct2gepuugmna708x3kv0kf0hkq7lz4m9q,0.00023743,25.28,0.0,0.0
2025-05-19,be24bdd0adc142390e0838bca97cbced7903dc0d963f8a863bc8bb3208b3b07f,in,bc1qm34lsc65zpw79lxes69zkqmk6ee3ewf0j77s3h,0.00029934,31.87,0.0,0.0
2025-05-19,c1356ebdeb6b6a391c501e17c7a3d89762f074f0060c14583bb1420b7fe3bfa9,in,bc1qv5370tdgw8e0m752ephzumv2hd5ckhahhgt7sk,0.00014568,15.51,0.0,0.0
2025-05-19,c19e7595fd24d3dd67578cb42930eaf5d04ff638260f4221f3143e4d783c6521,in,bc1q9x70k9ar3l7357afatpgtv4tqy3t3m0lw4zm85,0.00039,41.52,0.0,0.0
2025-05-19,c2446f6d33a16ada2eb5fad5acf7e628920aa79d2192f582cdffc39f87a6f2d0,in,bc1qnmvumwa8tdprl6u3t69hu7kwzhd4jl0ldhw6nz,0.0002125,22.62,0.0,0.0
2025-05-19,c339a257fc4bcd44baff30d8ce059eee69924bbd6c0dc3fcf88b2e842b29ad77,in,bc1qpspjg0pq79e5gjmmzxvmpvhpphm6evlkvfug93,0.0004359,46.4,0.0,0.0
2025-05-19,dbb4e735b4c2cbc408d17182a27728e543428a96b123b94674fd31385f0e286f,in,bc1qpspjg0pq79e5gjmmzxvmpvhpphm6evlkvfug93,0.00025359,27.0,0.0,0.0
2025-05-19,df11780040fb57e32d25056698a201f2d30d34bbe98f957919c34cfc0583bbe6,in,bc1qsew2h75nhwhsfvuqnhslr50dgrmy5qg44q2vgm,0.00023899,25.44,0.0,0.0
2025-05-19,f8a1ca9fdbb364b6d1ded0495c909893ffd9bc7f78cc60350bd1ee00c436e856,in,bc1qm34lsc65zpw79lxes69zkqmk6ee3ewf0j77s3h,0.00015,15.97,0.0,0.0
2025-05-19,fb3ad3f5d359bef68daa1b6ff97beadbbd1ec4d6d3752b8638a3c73b3852d7f7,in,bc1qk2cl2y0vnyxmq4nc4pqky7wlp82xcmfq5fk8s9,0.00023,24.48,0.0,0.0
2025-05-20,0e630566ed0943fd5ecd2b23ce1c8f6d59a8411a375d16ba8f50b84dfd8766a6,in,bc1q5uxqxhkv2y3uv9p3nftpgcpcceyltznrey9c2c,0.00010628,11.22,0.0,0.0
2025-05-20,138d026e48e918d1c2d9521ec0e2b03de8ceb1df934bbd31f545261eb64b1788,in,bc1qms979u98xzseud0eraqnelazpvs3s9q8vqcz9y;bc1qrm3xnhh5lvxawpsu8hmk3swdyn849lyd5t65f9;bc1qwv9s04zys9xk7l75n6njzheslr2dx8exyf6xzm,0.00033193,35.04,0.0,0.0
2025-05-20,167d657a7aab2b3c5f21010c65f73402b2da799cca129359f652c95f08d7f958,in,3JFGPkGYqtg2RaRGBuSTsN1Qfa3rqGdvRh,0.00022593,23.85,0.0,0.0
2025-05-20,1be677804fd6a61aad1b0e5e2c1a2568406034638e2dceba9a1e4a0bb39683fb,in,bc1qeydf08uqfv66v9nlss9ekzwzluy3wjhkpwn34j,0.00042032,44.37,0.0,0.0
2025-05-20,229e239ebdb13bc1fc6716c249eb0a5f2d399ec8fd280252eb86d63940bcb048,in,39nXmKipzeLESNsC4mKuCS7gGP2AysqNjU,0.00012335,13.02,0.0,0.0
2025-05-20,32752f0c2bdc6d22df8ace196fe03439907b4a6236182df532fb57b3990cd848,in,bc1qc0ymfwsdv89z0pklhuuxuu0n8dj2mhlpsfjn8y,0.00023545,24.86,0.0,0.0
2025-05-20,32f36f962ae1f4395b6b2dea0ba3f6b95c7fa36dfb0fc792b0084c192428f14d,in,bc1qmef2nda94dm07yakpcqr95mhstjex8ddmpq34u,0.00017588,18.57,0.0,0.0
2025-05-20,392cbae5ea086cca75f9589a0023c9dfa2b5207b4e546ad196c99752689edc93,in,bc1qv7jzeyze6am94a90ctnf6cnd6ahu4jrfthcpdf,0.00012322,13.01,0.0,0.0
2025-05-20,40b3799e1153cf9ea7f69f49ea33145e1430a9aba7ea94518e958e890cfee35c,in,bc1qk2cl2y0vnyxmq4nc4pqky7wlp82xcmfq5fk8s9,0.0002,21.11,0.0,0.0
2025-05-20,41730af27d4501e2ed52c8e2d78b59a72ffd1c973234f479189be593ed9af1ed,in,bc1qfqx4xvzxjqy7acd8afc0a9h4azq35hxdutetvg,9.9e-05,10.45,0.0,0.0
2025-05-20,41b30a78cad858acc89f633f64c0196a3ab18c1022a572678922f56cc35fc316,in,bc1qfqx4xvzxjqy7acd8afc0a9h4azq35hxdutetvg,0.00045,47.51,0.0,0.0
2025-05-20,4fe11f5158f1dbe33251f086c8301d19a51c6c1120a214ea88bf6f6f96684f40,in,bc1qpspjg0pq79e5gjmmzxvmpvhpphm6evlkvfug93,0.00058615,61.88,0.0,0.0
2025-05-20,52549f9062407b17dbd24da18db1242f32911e7b300061a0df1a8c5203b7a43f,in,38cyDwtSYW87B3AmRTzobr3Yy2TH6QGNEb;bc1qvd0hnm0vxwgthf76wspnzy46tvfe6e8w0fnvqz,0.0007035,74.27,0.0,0.0
2025-05-20,543690cae993074892a7df547cd3db983ec57a982e22613ec0790677da2f93ba,in,3PdUL8rKa5cD5oQVBP7an9LDkBd7QHXAXV,0.00033885,35.77,0.0,0.0
2025-05-20,559e03c93c0d7cc3744bf5e8e156a42a67e394d4e20711ccf7f6eaa7a52e1b04,in,bc1qm34lsc65zpw79lxes69zkqmk6ee3ewf0j77s3h,0.00093901,99.13,0.0,0.0
2025-05-20,58c43939b69b1ef9d9164ad13c64e72b6acb8aa6d76c813c5b8688021cf300d6,in,bc1qy3wvhazjd2rtteczsxlkfl8ncusglvz20ahmas,0.00053701,56.69,0.0,0.0
2025-05-20,602306b22fbb527c1764d2c9fde02bf525548fa5d8932c33a243abb4c1096e79,in,bc1qg4v6lc6ywpwrx0qewhwu39rhsygrk96cuu5x59;bc1qz2uttmpwd024nf2m8j9lm4rnc5hp9wgw9wpp5e,0.00037466,39.55,0.0,0.0
2025-05-20,6b1154ac9d52ed26b561880ecabc7cfa3fcc33ca56e1937443be6b8e8ad90f11,in,bc1q3asn3ljx6vxcffk6pl2u3ueykrvflpxmpm3ku9,0.00020526,21.67,0.0,0.0
2025-05-20,74a269708f477c6051675952b548903570339e41a118dd935e5de5c4942737be,in,bc1qhuxpycv8stlxq3s2yhmecd9wl0dv37mqzpemp4,0.00011268,11.9,0.0,0.0
2025-05-20,765e30702e3683fd2d35103b540a45fd830c20bd865618bbb95fade1201608d8,in,bc1qq6sjepu4650sw9nr8gfxchzugk694msezzfu06,0.0002001,21.13,0.0,0.0
2025-05-20,773bf12935fa5c08b5e631f950d12c6a8b4d38197e212736d79c895213babda8,in,bc1q3l438pr24vzhsk7w8v32wleu0d2edur526djuh,0.0002264,23.9,0.0,0.0
2025-05-20,78a53469648076393fac408062e7a98c7f49a5f910d5c364fd74bf0a316c106a,in,bc1qdh4s9wgun76m7ey7uz2ls6kj0rt8nhkaqx0prh;bc1qy8900ry0l03n4c6fr2exwvuuepsufvaghyk5w9;bc1qyae80853pljug4an2j55plclam9vlj7qrxktw7,0.0001896,20.02,0.0,0.0
2025-05-20,7c6ece76b0a1963a6f09f34c8c6a8e4eaa04f624dfeaa310db1d6bbef27aa744,in,bc1qw6j5tt9ge4k2wn90sadugyf3fa3vqzmuy95fzt,0.00097626,103.07,0.0,0.0
2025-05-20,7cdf187fe737013989639798edc1ac8af1db917cf5ec16a87a5acddf2a6e9bf1,in,bc1qu64a2lym6k4zffcrvjzs7ep6nr2wh4empk53fh,0.00041643,43.96,0.0,0.0
2025-05-20,80ea7f6c965bc3d12156538a6d759b5f0a56028dc833800717e58b26c5859670,in,bc1qrlxj2uzg4ma8jzz6m629jf6tc2d4tfqy4hm9m2,0.00044567,47.05,0.0,0.0
2025-05-20,816a016be2bb571c1ebe83e1b47188c22bca85ad5134ce1cd90e25828b08d992,in,bc1q8g596um28mapmd55ujx8am6nx0k5ltx0fxx7l4;bc1qdfz79k8h0utl9kdd5lq2elsvvyyzcr5u9kuj3p;bc1qvnj880yk05gu6yz2jjlvh9kar5nzqzf8gs8m3a;bc1qylvdlyv5mxt55zu0r3ndylzue7lcr864gt6nnu,0.00019855,20.96,0.0,0.0
2025-05-20,827f35b7b0360cb14f072b8b9e5defe95b34c4f327043227462edafad01d49a1,in,bc1q8tpkfy5zqttvwmc2aqe2kp7xkks42tplcas673fpx3e9ae70hsrstlyxjd,0.00071154,75.12,0.0,0.0
2025-05-20,8a051bed39cafd877625998198b4437d5fe67c5072f44fc755454090018c1266,out,bc1qx8w85evmuppn2ta8tnn64dh55lwl35xy7p6r79,0.02453945,2590.72,0.00021986,23.21
2025-05-20,913e1c3ad5bcd7f0ffb8a469366ce8d5247c30e735b64aa0088c489eea65cc78,in,bc1p5d2ktg7llnrxj6hngkrju46dqmza7l0c4wsqueualu35welceeeqn6t5y7,0.00072158,76.18,0.0,0.0
2025-05-20,91691da95996950fad55efa1e4caf771df482156a22f13e3f9c94615db36de26,in,3AMMDuCTeV8o3uDEoTN8CHbz97PNXSvvU8,0.00016388,17.3,0.0,0.0
2025-05-20,957919e572af84c7f54983af102929bfac7ed1c64c5baa93e0ce78593eeb3e20,in,bc1qek3552suawhzhgvzltzshh3598rkpfhkvcla43;bc1qg5w9jtq04twx0s0feassvwcq2hnt4swepdyqkq,0.00014236,15.03,0.0,0.0
2025-05-20,98f7569ee1fcf4ec8e792e57bd2300baf54b63a571971e6c0ec879e3b604ad09,in,bc1qm34lsc65zpw79lxes69zkqmk6ee3ewf0j77s3h,0.00022946,24.22,0.0,0.0
2025-05-20,9dd3e3eae48b82d244f02bff9f208575c80d470a1b79514e66a784af6e9ead60,in,bc1q90zprhupt52ade2j9xv0j9xh8rhz5nevt5dsm0,0.00013411,14.16,0.0,0.0
2025-05-20,a1defb279e8058e61853794d530ee0e93fc42eaa12c88c1910223b9cc5bcaa43,in,bc1q5vh3cu7p8k5ppc70ph9k9llavfj06zkwlk6wyx;bc1qfmplgmchtx45jq2dz0c6gv3ufsyuvqqe6lp7eg,0.00037636,39.73,0.0,0.0
2025-05-20,a27c707ef7609c56a3a4cd1b6d719006c25bef686223b1a4a3896b1abced3eb5,in,bc1qeyueguwr2f8h8lzfpmxplfzxw8hpvlnq3l8gwl;bc1qk2hlwy5rxc9ewrjgu0m8urwvfhdwxsw7905ck7,0.0004938,52.13,0.0,0.0
2025-05-20,a72381a63ed080d4d7b1aad67a9512dd550bc4f0a3cd18dc8bf5dad7a50f6f39,in,bc1q55kxzqrufgtu4udy0ughuyesa6r9yksg9dkea3;bc1qqeexyprpczfdl4k4pjc6cycka90gejefycr2d8,0.00018885,19.94,0.0,0.0
2025-05-20,acbb28d569efa817dd1804f029ce12e9c24d535ddd36c14bf3850ff1c72fcc05,in,bc1qnac5sk5g7vchem4txdvmfelqed6c2ky2ng6zam,0.0008943,94.41,0.0,0.0
2025-05-20,aed865f18eb060ec54818e53f6b3f1272e71980aa57bad2f3beaefc9e15719fe,in,bc1qe8dtrfp6hp0r2wadmfcjpahvhgt60cwf6kx3h0,0.00019081,20.14,0.0,0.0
2025-05-20,af0d0a09e1bbf39a8f7da8ba21c4ce12e3f88525ff1e55e54ff8b8e1fda151d3,in,bc1q8ltyznyk4uas9rpuzu8vg6ecd4m8u5hcp9jm5k,0.00097038,102.45,0.0,0.0
2025-05-20,b4e1950e3834fce8c13c38061518869866bccb4cf5220454799fdf0bbccc8712,in,bc1q67m4c7y3rr5u5rxp4gtms3za0wnfgrzw3wxy6n,5.795e-05,6.12,0.0,0.0
2025-05-20,b911313c55fe22ad8db7e3739a96ec0adafc67b6c269bb4cedd6b3b93117e77b,in,bc1q97ufeu9f0wg42d6hajc7z9s036673u07vv2twk,0.00047607,50.26,0.0,0.0
2025-05-20,c07ed3041468fc7d23c8c829c54502ffcc1a82768226f3d04ab8ddbba0aa73aa,in,1E39xWaNtagTxi7en24cwZLnEQxCAcNdb7,0.00060673,64.05,0.0,0.0
2025-05-20,d0bb2141ae7a29eb543ff8d169b1d79557bb7e3e273984661459808653bf4b58,in,bc1q87ay9drfryhp0w88hmrl2k3hyvw0tk6adqva00,0.00042701,45.08,0.0,0.0
2025-05-20,d9b15f9f56576f25676bb8473c8fbe94ba9d95594cbc10fa3f5c2b3579ff18b0,in,bc1qgn0lul4hf2leuk5jhum8jhcz9f3e69jtgwk580,0.00045939,48.5,0.0,0.0
2025-05-20,e0251e7a8c3d38f06ac8ad8b71203e29a525154072893f67deb6f762acbe0ea7,in,bc1qlxd5lp8k5cgxpfyum05rhl4jsujzqnpx643m9x;bc1qt4f8y6u3tq42mjqevql2ryfu08n4tdsxmv5yl6,0.00015273,16.12,0.0,0.0
2025-05-20,e57463eef6c30304a27bc2a17237f92973f3da6cce9244da08720c5e6d891e1c,in,bc1q3mg4tfqa5ehmyyuu7g0k46lwlqdkl83026ur05;bc1qxevd6mmrcgpys266umrrdgrkaeus7gpkrfwrys,6.938e-05,7.32,0.0,0.0
2025-05-20,e594b85cbac35713e33dcc3cc466dd3000619ee43a78f513b5a09641f23cea12,in,bc1qtas43xfqy3qc9k5y7slvznks7ghye0nparccxy,9.405e-05,9.93,0.0,0.0
2025-05-20,e6b2cbaec67321b2d0aa494e2b83a0f6601742c865110090c318e4c994f42794,in,bc1qg63hqe6j3rxswnr0nu2jh7m9tjar9rufvnhan8;bc1qnvdufhsqhwm833rpgqszysn73hj77sfww0nc4m;bc1qsz0g3wxxj26kfv3zvn2fkr57syhpw5x3awnzwm,0.00042792,45.18,0.0,0.0
2025-05-20,eb52c69df7d40c30977947aa361f1555bb92d2cfa69bf6835714bc548f35a808,in,bc1qpgdyqct2gepuugmna708x3kv0kf0hkq7lz4m9q,0.00023613,24.93,0.0,0.0
2025-05-20,f1d81a3e94e16750841f5b4e8c339901dc17ef6d77aecaa09d7f48b401f544ec,in,bc1q006xfge3hhyff2d6dt0hawu83f0xcq4mk6c4ad,0.000147,15.52,0.0,0.0
2025-05-20,f6b45d06b2a05845036f866806b79315f4edbb5909adc70098b38e17fc5b0087,in,bc1qqn8zhx4tx0cmp9j0u4ywusaedq9gehdreltrnw,0.00033316,35.17,0.0,0.0
2025-05-20,f6ff97dfed7ba88f758bf0787685bab685a04ee5b759f27f32bb7866c7f14317,in,bc1qeva02mzvysxyuxylfuhk50dqsescnjexdjg7m0,0.00038979,41.15,0.0,0.0
2025-05-20,fa2e456424d70a42b03c4cdf79c3a34425e30e8f618096e3d2d3df156faa0880,in,bc1qddlv6lf5u79rlnctgwtum009s2eyew4gwexe78,0.00025318,26.73,0.0,0.0
2025-05-20,fd0991722b84cd933159d999004feb929064fa51d1dcf2a52708665624ce0994,in,bc1qprdf80adfz7aekh5nejjfrp3jksc8r929svpxk,0.00046265,48.84,0.0,0.0
2025-05-21,0a7a6d16f89dfef28c226846ad2136d4d19f28aac8b1573345db6f87561a30b1,in,bc1q4jpj589aj9lwn6hmudkkztjxq7m55pj9n3ltcd,7.421e-05,7.93,0.0,0.0
2025-05-21,0defb4c4cda9cd7565aa2a4c5c9d28d2c94d83eb66833ac9cb6f9885739e8702,in,bc1qcejyjefzhmfqu47s3g3q35vzkac9fn8klvlpxc;bc1qzl0kq2c0dy4qrn8v7qfw72xsjsdmy35gp9d24t,0.00025447,27.19,0.0,0.0
2025-05-21,16ba96f4ef01737c24fb2023de174850ea56befe4ff40c8829796504ed01a4bf,in,bc1q4wrwc80qx0ehp8pyvr650hqy6f060dp788yfrw;bc1qc665tkpnh622e7nxvevdcxezsevuku4ngfg35c,0.00023485,25.09,0.0,0.0
2025-05-21,204ba3d9d18986042a77d129bd84c798f3abfc2a3cf2f84d4e30cf44db20616b,in,bc1q7p7407c5m2nnkm5e095cddx7dy73jvnwl2d0xz,0.00032418,34.64,0.0,0.0
2025-05-21,2201d9adbfbcbbf4ee6656b588eb436f9bc3facf3228f12c121986be0e97bcae,in,1BrasiLb2KMbdtuhb1chAVnS2FvcNGfV9J,0.00015846,16.93,0.0,0.0
2025-05-21,2222fc45c4bddb485b8bba440647e2603a29c380b9a52be6b3c8ba81d929ca5c,in,bc1qrdj5lat4slrrnl86wq89hx4g76uskgl0sy56p0,0.00022575,24.12,0.0,0.0
2025-05-21,23a98d9b3735140ee5a9ba8b53b4cddf08851e159a15ba3399d4d1323f91d005,in,bc1q2hvepxngkf0lurcyvtqzqh2r2m4rguqtd46pvc,7.945e-05,8.49,0.0,0.0
2025-05-21,24c3e2339081f4cc358ca111b06ad851fee577143b8672ed7be12ba18a5441e0,in,bc1qm34lsc65zpw79lxes69zkqmk6ee3ewf0j77s3h,0.00076,81.21,0.0,0.0
2025-05-21,2b429d2a8ed14dc4dd8a202f55b6a92081a3bbc1bc4470401c3cde486bdd3321,in,bc1q64phcud4shusg9qx4jwlq5cml5k3dmvlke54m4;bc1qr3envfxklxjue0nsqrrxr5p6l3uaslytw57djl,0.00019046,20.35,0.0,0.0
2025-05-21,30d916cd84c48016c6d5458443523c495b05cf7c1b07b67c12950320d4b4be89,in,1BHQ2L2u13v9FYvp3CV7zasA5vk1AiSb1X,0.00138481,147.97,0.0,0.0
2025-05-21,3adb58ef56a941a7eb92c92394a7f6de5caa609dd33d40ca1793922e5d4ee432,in,bc1qvhhglc8u2tq294lydd0hgselyefqgv2nvzvu8q;bc1qycz346ggn73t6sujlqd8u86ctnx0gtfkw0qyjv,0.0003231,34.52,0.0,0.0
2025-05-21,4153916f6af63852bf5e5d8a2a147f616ca8c341d0454f4ca3c701c7d657101d,in,bc1q249yd8ym5lccuns7az8xk3lr0rampn2q5f4xjr,0.00024462,26.14,0.0,0.0
2025-05-21,48ac9b59559bfc066e812e88084046d414541f22cbf8c5c8a3664cecfca51475,in,bc1q7qt4nmc320mpn03nnyu95cjf2sen6kn25sd8x3;bc1qp2hu3aw3c0y8k78sea7cf5m2lcrnav3crpac2a,0.0002,21.37,0.0,0.0
2025-05-21,4acd99f2388c03fd200393375dd4a93b3e31176ab58fdf781b92f6a9f371830e,in,bc1qmtt676a48mmc7mk4a25p03dj0mxyz33l3gz3zs,0.00063835,68.21,0.0,0.0
2025-05-21,5042bba906ce8121ec08e62c06c4bd7baf86a249fcbada42f9e6cb8ae1f19251,in,bc1qtndylctz5mesjpkh3ajggvu5kf0z2eerdj59qc,0.00027389,29.27,0.0,0.0
2025-05-21,52f5c9870354e2b8da1dcda2f323ab33e97400d623562d842496e211696690b7,in,bc1qmytuajcxcpxfwnshke0yw2zu8r6hlgs4mye0qm,0.00045783,48.92,0.0,0.0
2025-05-21,53cbe9112dc4f4fad3279dbd0b7638ea326762d7417f14ddac496d4fd781edb2,in,bc1qz6k3u606c5hgjnrq4na6fccp6z97mkt26cxrk8795796rj4ewjcqr9flpq,0.00014454,15.44,0.0,0.0
2025-05-21,5e33fcfacaec89812f410580e80421a008166e14c4970a9703453793d585e7a9,in,bc1q5hcpwhqyr849jgl4h29k5dq3cpc5vet3f0958g;bc1qkkzn6fgl0ml2lvvpz75v0fktc6ky92ref43tvs;bc1qwzwmu2rxt5xl7znsmfx329lu8l73ac8c05xyd5,5.738e-05,6.13,0.0,0.0
2025-05-21,6a882e1e08dd294e04135b70fff818ee541658ec53333ca57abf5773c087ce31,in,bc1qxpdjjxxytfk3luqrp3um25k6sxkq4vr4gyylsh2576r8479gm4vq4kvkvd,0.00014952,15.98,0.0,0.0
2025-05-21,6cfa6ce444eb4083844b7a84e147a0499ecf53a0ce2e7a36f71574ecbc3c99f7,in,bc1q490mfmql0a86y0mqma4zqngez6d0dawajn9qx9;bc1qf00qdmf40aygz3wdh56ftfrzyzamatwhp6s5ra,0.00026614,28.44,0.0,0.0
2025-05-21,794973667de3082467a3372d33d6fe5abe0de098bb7cb1eb576b6891df20fbd4,in,bc1qeav8ejx2sg4jca679ulzcn20wywmuwwyql7dl2;bc1qj54k7pzd9zwwx36qw99760rq8d2yywqdyl74sp,0.00020512,21.92,0.0,0.0
2025-05-21,810dcba9ead596e7f5b9323a68e2712b3b1d5bfaaea0257706614dcbe88580f4,in,bc1qu6cceflf7hjfku0cacmzh5w495flrscxlm7u6z,0.000401,42.85,0.0,0.0
2025-05-21,8c94c61d74f76bc8291d8d20698498d2351cfd1edec00dcb14603f2f15845d43,in,bc1qkvg48kzkj5w3dzrypkun4l2pkqlgvjzathrf9p,0.00024174,25.83,0.0,0.0
2025-05-21,924f4f01ed6ddce82d983a59c6c8df5eea211886b1995104a54c08f482e37ae2,in,bc1qqxacp3vtqzksphp9lk0mzjhndmcm9n0axdq9ew;bc1qyt8aq5wejrw6xe86drt4r3dmaru94s6sln3va5,0.00010962,11.71,0.0,0.0
2025-05-21,9650866c7726ae47f788a5018e09a7fca4a131f3f9c4829ac98aa63f9733f796,in,bc1q0403lj4el87cls7vyt2cftt5wm4dn4wllwutlp,0.00060356,64.49,0.0,0.0
2025-05-21,96b876b6e95e0dd947fd5fe68a6e1ac7c5715927c3143cde6f1983b3bcb00b15,in,bc1qm34lsc65zpw79lxes69zkqmk6ee3ewf0j77s3h,0.00018783,20.07,0.0,0.0
2025-05-21,991a86f03a67fbf450fee324eba5d714478370e4ad7946b0f9151d39e3268f22,in,bc1qv7ee206q2pkayj53ghgh6uyg7elxu64c37c6s0,0.00017661,18.87,0.0,0.0
2025-05-21,9e26373a9e7f2d77851f8b0941bb23a506f6a83e180b78c236a5a5eafcaa2fe5,in,bc1qff57z8x9ql9jdj5jsyttrwffxpj904vzr3dk5p,6.534e-05,6.98,0.0,0.0
2025-05-21,9e2af20d20d03751661eaadc86be2762e6362e97aa593c18c157d4fb8b299101,in,bc1qmxthn96xk9j9v85sqgrh79790h5r0p4thq75vw,6.764e-05,7.23,0.0,0.0
2025-05-21,9e3c6056ee7b54e557d208ff02c8357b1700f04d4eab68fe4da083f2005d119b,in,bc1q7vjamel47at6lpz2lv8zdxxkv9e05qvq9m7m8f,0.00036882,39.41,0.0,0.0
2025-05-21,9fec59ebadfdfa021d701810f72d9dc139afb2b36fc43c69fa50aa3b881826ff,in,1CoodjyeFx4JsLz8ZcifNz7J1VyM7j1TWF,0.00036086,38.56,0.0,0.0
2025-05-21,a2edac657d6aa6f38d54d32c9186af37e29751e27fcbba02795ea741eb4228e5,in,bc1qhm2uexhkt96n9kcy3u0ur6t4fgnrqwpaq3cgf6;bc1qluflp8z9v7fesc5ezhnmckfng5z5te4xm2jk4x,0.0002803,29.95,0.0,0.0
2025-05-21,a41f877be4212676c1d5ce19136f90fd476c1374faa081d245cd8a02fd618177,in,bc1q435a3v4jm4t9hyhx4f9p4gvumk7xf2c20q5u9w;bc1q4x4sv580quul55pgvjg7u9cfrdztvcuyw9h80n,9.995e-05,10.68,0.0,0.0
2025-05-21,a591968f05e0e503f1b557d0125668d8e1507460b18ff56ceb0c503936ccb415,in,bc1qpspjg0pq79e5gjmmzxvmpvhpphm6evlkvfug93,0.00055487,59.29,0.0,0.0
2025-05-21,abb86c6c5cd0f725d32abd793bd7be60c5e0f1e385c2be7a8c7c07538e999cfc,in,bc1q5qvr8wdgysp9gdnkj4fsng7n5qzpqus7pjjqd3;bc1qkruc2prlzy7666slqd5hskqkx0n66ml6gy97w6,0.00014968,15.99,0.0,0.0
2025-05-21,aebbb834ae630e0902e4da0bd12d43961490305ae22118be995fc9afa05fbed3,in,bc1qpy7j4ck2ytthl8lcu5cm6ryjeu0nr7sk76q4zx,4.2e-05,4.49,0.0,0.0
2025-05-21,b5b7a8dcd11cc88742f5ed9f2d68c473a32fc1833b63c51bf50b11261cd153d3,in,bc1qr6f8v5yuq5grp2nvg6fu2gawarssfsqhhxp5q5,0.00024213,25.87,0.0,0.0
2025-05-21,c01bce4ae8a5ea36db7a633ad9613149cd76b4377cd4769fb3aef9fb8b5cb8ff,in,bc1q249yd8ym5lccuns7az8xk3lr0rampn2q5f4xjr,0.00031722,33.89,0.0,0.0
2025-05-21,d0aee8f12bfcfccb5a2c489215ac45e1d5050dadeacd8b4950135aa8dd890c7d,in,bc1qzecfklv4w7ffptn9l6u8htvwh9cutpf9zg8c72,6.23e-05,6.66,0.0,0.0
2025-05-21,d6c3519d2b2dc2fa548f0299ebddbdfb19ab789606b92b6b6fbf02b7c8cbe01c,in,bc1q0wu0tqp2u3rtunjl0h0rsl9pvf86acy6sep63st0lp7lgg67ykzqeq89pn,0.00011208,11.98,0.0,0.0
2025-05-21,d8e97da78716cd573463df034daf61ad87f0b451a87da99d5a6434e4269dbede,in,bc1q6ff0dpaxztw5h9vftc7lsckxv04vjwdush674t;bc1qhv7qy0huvqadtfdaykrsgdkpylv5tzgtpvjk3k,0.00023007,24.58,0.0,0.0
2025-05-21,e12ac4f4c0317fd758dac57371218386eb5387c74d281dfaa0783538fa0c0faf,in,bc1q8dyy4vge7s8s9l5hs8k47tsfcpqku6xhq7sa8n,0.00060814,64.98,0.0,0.0
2025-05-21,e607f8f69849afd7529803a44e4b1ab194ad188039f1bd8a6affdee702467848,in,bc1qdhj9yzph3v7djell38zcuzktu4ghdkav258dnk,0.00010616,11.34,0.0,0.0
2025-05-21,f1dd18278e97fda09efe3c1f1428c4e2d2ca26b87fd4ad3eb04601168ad61fe8,in,bc1qlxu8pqzpt64vpvz4fgur58jsryj8xtupnz4w2d;bc1qsvau60c38tpjsy42gdx9uxftq5ecdkps59x77g,0.00014567,15.56,0.0,0.0
2025-05-21,f25a20fbb1a08e420cf2f0b68bf5a69e3fd96cd7085e3cc641e293af4a7f731c,in,bc1qcsjl3hda5cysa99vfs232ty63vzdgas9va575r,0.00014422,15.41,0.0,0.0
2025-05-21,f9f770f27627f4a297dc343858634b70bbe9a31eba9153d9e309e7ea31603829,in,bc1q4fprs8p307x0gdg4pncres2wuwsczzm5xj247r,0.00013273,14.18,0.0,0.0
2025-05-21,fea3b020088c70698526066e299d5a2b67228d306ef428833dfa6fcb74fd10d6,in,bc1qxhj8kuwh8ugknrqqncutexfkync95eczdvkvvu,0.0001194,12.76,0.0,0.0
2025-05-22,00ecea86f62171c42428ca8512af58fcd008b88d5b90539bc65c15af9946be85,in,bc1q8mdldz4usp3esedmufvr3t6hd4tgersy947nxp;bc1qp2fr3rsz2exymphrskdh68awqjc8cnqwe66gw7,0.00090745,99.5,0.0,0.0
2025-05-22,112789fd566b6e5547dd29ca74e46a86f32215e851bcefb24474762cdf6333e6,in,bc1qyuren4r6cwt0l5vjlwjgfnsjt60mn5pd80p4tk,0.00084114,92.23,0.0,0.0
2025-05-22,16a8dd7c5547a40f40519ba2e9abc29a28891a3e20015d769dffc86a7323e50d,in,bc1qwyewqq8crfg0g6yr270mdh9csyxfcgx7spc506,3.674e-05,4.03,0.0,0.0
2025-05-22,2292b1ee94f230f106f97f650dc2ff63b7d3b427e3d14fc6c671e143a55496b3,in,3DAejw2s3yFSEVDWEen5iPfL8xNHranunN,0.001299,142.43,0.0,0.0
2025-05-22,275ceb39ac83fbc301058d5f10002702285013142c677703cd15f277a3f3c13c,in,bc1qew66xystq9mtt58g7ccx2v8qvarymhju4hf64x,0.00028658,31.42,0.0,0.0
2025-05-22,325462a3da35b6e7835f54711ca54373a7a18b7a41f09d510b5fbe0821e44fd9,in,bc1qe5vw8zrxrerymcug5v3zdxcnsuqk9h33ah66rk;bc1qn33nn5al9guvgwx4ws8gz4tvy6mjmrxamekuhr,0.00031581,34.63,0.0,0.0
2025-05-22,32f02238974094ff08ba4934d1d5db7d4410a08d14b36609489e5c2364177bd8,in,bc1q6q6czutxgtktqgs5c66tqs438u88ddawm35kqt;bc1qkvqrdqjzsc3kj5zvgpwe7vkx6plmhy49zejzld,0.00014161,15.53,0.0,0.0
2025-05-22,33097eb286bb5b7620fb994314594924542a2a4d4c0feba256e16300240fec84,in,bc1qjazeutc9vkcmk46u9jhw889fmkjh43vjryyewl,0.00035817,39.27,0.0,0.0
2025-05-22,34056afa3a08c6e07de53289f87e7d23a6709bf228a5f8ad4a49f9a99d0e73b4,in,bc1q0gx8s05q5ftkf2amyvnkudg6gy3tkwqeyxyjq7;bc1qh4glu4htwlmdmc23r9502dvvyz8gndusfh34np,7.72e-05,8.46,0.0,0.0
2025-05-22,3446bdef23f69afb177f88eb3db47fa517ab26645146a44072c881f144df8074,in,bc1qprljnrkm78s67rr82dq9fs7zqgqtpfrzelqkm3,0.00013195,14.47,0.0,0.0
2025-05-22,357b9b5ac475319164313790485116939cb796c1eb97315ece4cd51669a80d24,in,bc1q30anvggkclj9d55x8zkt2j5p4jhhpf68yy3cjd,0.00015828,17.35,0.0,0.0
2025-05-22,363ff810164c48ace55ae769b235cf583cce947d75b42beb0fa7e2ab97ff9814,in,bc1q366n33wk0z52nmrx3jr7p0av5hxx5r9m55dajdhwhry6lldwu4aqa4qnwy,0.00044066,48.32,0.0,0.0
2025-05-22,3b7d6411224dbdd92ed229a64a431aa94c32571eb0136253a16a1e96d707d64a,in,bc1qcckk3w8us07rz9hygzdhcj5qhrlk6whnct42qw;bc1qv3zn5m99crnszwtjg6ganwpv8jlfmjmv5tfywl,7.871e-05,8.63,0.0,0.0
2025-05-22,433c7682c89ddbd9bc244535befb70146fc0709b267099871d7f5e8ef671c815,in,bc1qu3846ds9a8w78sv7w5u7sah8pnhewe4xxjqnvpx6uzzkz8zdedqsntjyrf,0.00020783,22.79,0.0,0.0
2025-05-22,45afdf5c935e9f8795dca2bf6d88bb40647f9ca1e68b952567a77e774f10dbbd,in,bc1q6xrm3h6v8jflx7r6uu53qk8cq9yjt9tlu0sfks;bc1qjpfn3ve7pfvdw2v2pd3mf9ha9p2d6w35mhgn48,5.498e-05,6.03,0.0,0.0
2025-05-22,46edb2dfcfb1cf06b30d5eeb1b93fc0faa6fbe5030422234e4bd4f334af1275d,in,bc1qkqhk90at9r0nf8630mhdtdn7ppzyrrdy6cep6l;bc1qttww8s4sghtyexrg0a773qh9r6zg05wqmrh6ew,0.00018447,20.23,0.0,0.0
2025-05-22,4c26debd29bee29825a7cc984a2e3117acf95f1deb3eb50190f152e5222f4eea,in,bc1q3vfgty4lvukpv0gg8dser4umf53eymhftgsm26,7.62e-05,8.35,0.0,0.0
2025-05-22,4dceaeb986df95fd66ea3ebd71c3496ed81815ab82dec603c71d0b409ad6cf81,in,bc1qev278882k4hm7s0nnf96dd4knsn84nu94wqxe4;bc1qhvtfxlwy992wglujahgq0caph9kj29ar49ynzf,0.00062967,69.04,0.0,0.0
2025-05-22,5273c23dd764f3d42981bf9746acbc6209613f1ccc4573da88792e463541e7ca,in,bc1qe0qdf6rh3md3kmuvngcz0zk90ukg93tctjemvm;bc1qtm30llzq78zma0z9yu296c0dmrgtd5fkwf7smn,0.00021167,23.21,0.0,0.0
2025-05-22,553d98b7e78586c719a0c479324df24a7a8244dc7dba8c3253aefd31f4e1ab7a,in,bc1q3vmajstayv668u3lc36f009g3cnr7e44t28jwqr45z5g05zu85kq07qwm7,0.00014926,16.37,0.0,0.0
2025-05-22,5b1bd526a1e10450484f42eddb49da2180f5c1e5ab22665b840202383c0f0460,in,bc1pvflx6lh04dpt5gs62nxaru26vn4h7rcgl973lhjy85kjcpajr40s9whgqu,0.00054683,59.96,0.0,0.0
2025-05-22,5c50078e3b70c8066d1c3fe7e957465193a7eab66ff81751fc15fe25513baa8b,in,bc1q60pxvkcmn3fjt7g6kkmtzwhw950z6jarezjcr8;bc1qjhs2ef7hcaxl66jcl2jt6fmj7pww6khlnjvn6z;bc1qpfuf62rafqslfj863hhgqsxpyn4hml7sgufp08,0.00019734,21.64,0.0,0.0
2025-05-22,6148a15e4b62c04169f5ca9eb2acf7324483cbf3a8006b3c71b62087806a8741,in,bc1qeq9gat4dd8c8a52zf344my57mg38n7dlutvn0h;bc1qrs2gyup2nvtyy90nvqj6fl8sanlm4yeut0pr9j,0.00013955,15.3,0.0,0.0
2025-05-22,63d95fc13b5dab0918c3f0e7b57016da27fec8ad43009a58036291c993d1fba4,in,bc1qwjck8n7vvl6pl2nk8rcn6vkdh95xp0ch8detmf,0.00034981,38.35,0.0,0.0
2025-05-22,681e3eabfbeb46f4cada869b36724eb6fac3b07d9983f25f3c07f4ae91271678,in,bc1qrm24se5xd9kk8dn8557ttpuj0kcaqskcnljlpr,0.00031633,34.68,0.0,0.0
2025-05-22,6c8c078a29b9648a0c4ac5ae14d0358e62c1e65929a19f007e4390d7971e3dd4,in,bc1qjmgv6zqhj4q5hal5cd0p2yq5va0fetvkwafawa,0.00016219,17.78,0.0,0.0
2025-05-22,6d782c8b5971ea32a8deb4d5f535356947bc6158dc54403703b84fd0d7671fb0,in,bc1qwkdwh38rafvhw06vwr7wgtp35g4lh3uptm395w,0.00099482,109.08,0.0,0.0
2025-05-22,6f5088b325dc1f65297bc245c415d100ccfc83de6ad73db9914c93d6dc55cf19,in,bc1qraf8nw7eml87xj5k73aqxspm6q7w5qkjgyc3n3,4.556e-05,5.0,0.0,0.0
2025-05-22,738ead8eb25a9ac901c38a68df396c8cf25bb1bb5520c86897cde7fe13510018,in,bc1q0vtffv8cner7m4enuzp4a30agmjwukllpgvm4w,6.33e-05,6.94,0.0,0.0
2025-05-22,74248c7c7bee7f4bac888ee02f25a0b440efa90f8a9bbcacd8ec1fef3b796a1a,in,bc1qmytuajcxcpxfwnshke0yw2zu8r6hlgs4mye0qm,0.00087936,96.42,0.0,0.0
2025-05-22,7a88842d0264a544e821ddfaa7a1125c5633c6090b0bff02c22ea831c69bb2dc,in,1E39xWaNtagTxi7en24cwZLnEQxCAcNdb7,0.00085864,94.14,0.0,0.0
2025-05-22,865735b3741bdfc872ae588dcce71e4f67bfab80fca89c62c6d861e3fb54c2d0,in,bc1q4cfnhtggxf654havejx0yylz3vvgps3u7ghgx8,0.00012097,13.26,0.0,0.0
2025-05-22,872e98790feb8df62ee6805d029a17e0fa3653932ecda9705acb24ed46030a3b,in,bc1qm34lsc65zpw79lxes69zkqmk6ee3ewf0j77s3h,0.00027968,30.67,0.0,0.0
2025-05-22,8ad12b83b82641859b2270bd9059799a0111cd1fe76f7355e7ed1ef4e66251e4,in,bc1qaqvtdn4cvfhpu6f0qjc2yaswqch6fzc53prrgn,0.00010979,12.04,0.0,0.0
2025-05-22,8bf18a5bd519b72651fc1b37e195fc418f453f9b4c04ae40a02e2f5642e8ecbb,in,bc1qn6tl389avpwujkk7twsjsfguy85tqn04turwfe,0.00058769,64.44,0.0,0.0
2025-05-22,8f6e8ba4371f6fb3fb9936aca41cae323b2e2baab3835ad2a24bda4ca90d769b,in,bc1q2rcv9lvd3cucdt64xqgdcj7cnkhm629qznmdk6;bc1q73pqx3c0tx0gxyg75ejyys6xtt8y9njmm6wfdu,0.00019156,21.0,0.0,0.0
2025-05-22,9012e5148bbe603c145062f39b011b9e482b32f6d01e72f6aa4b98b9464f5e37,in,bc1qcypmhtjs4anex593rlyq9qppwh6nz5llts3vrz;bc1qp585jh7k2w234p8xfh0hy3fe0dg209w0t2vuh2;bc1qq8avhrhvkn09e8fglfy6ehtvj4vxug8wzv58ej,0.00022545,24.72,0.0,0.0
2025-05-22,96b1bd3c685f2725cfac67fb24bfc331562ba581e71e6a3b068f434115cc4cdf,in,bc1q4wdgyj98lmztql8z77p8uc50jrj9ffunjkv7gk;bc1qu8azl3wkmzf8yqua85nssyajnhpqsnmagg70rh,5.871e-05,6.44,0.0,0.0
2025-05-22,a0463fb9c480c954461bb5a41f1a910ba6ebc5b4515286bc495728d8fe97f002,in,1EtLrmcMhLPFmEMyGE4Kbc7eqqDjo4ez14;1gDKZjD6dZ8eQxrzcv1gnViMsP2UV6w5W,0.00033657,36.9,0.0,0.0
2025-05-22,a275cfa89eb71871a159e4defedf4b55ab2a2e6e7414975eec4811511a24250e,in,bc1q0wu0tqp2u3rtunjl0h0rsl9pvf86acy6sep63st0lp7lgg67ykzqeq89pn,0.00012841,14.08,0.0,0.0
2025-05-22,a3796439592be98f713f562de5d960e66c30096fe4034b8acea5996f60ca3950,in,bc1q97ufeu9f0wg42d6hajc7z9s036673u07vv2twk,0.00045082,49.43,0.0,0.0
2025-05-22,acc0801b3d89cc1ad2240b9bc136037dc98ffc9179934b6ba6d24cf21357b999,in,bc1qlez558cr24adsd26nltaaunx5e2rvs5hksyz3r,0.00031353,34.38,0.0,0.0
2025-05-22,b1cf3c55a4c6c0bda9fcadb25084fac58feaa4b2c6e43dccb8e655d85a1fed5f,in,bc1pngf4mqdwy06ex9k82dpj7h7umlf62ukxmx8emqger9sgej00p3fsugf9a8;bc1q366n33wk0z52nmrx3jr7p0av5hxx5r9m55dajdhwhry6lldwu4aqa4qnwy,0.00025161,27.59,0.0,0.0
2025-05-22,b62273ce29d855a0af84338f20fd0cd69623271bd23efd979fb3b976a17fbd1c,in,bc1q5ddq3gn2fpnfyus907mqautw86td6t5w8azy57;bc1qvd6z3r8vy4xly6aghjdscrk06ead972ufyzf6v,0.00022494,24.66,0.0,0.0
2025-05-22,bab6941e24a7d7200fdc3e2dc1c77ba327cf8873416fd1feda8006a163af31c4,in,3Cncf8zyQSrtQbgMz67VHo7CjF3zvsBByT,0.00028718,31.49,0.0,0.0
2025-05-22,c3cd05805897698f74907d4403c7195bec310125844576ad991d4352de8c6565,in,bc1qgvgg68s88reyvyhm5txdz6nf23mvke9pvp83hg,0.0001595,17.49,0.0,0.0
2025-05-22,ce6d9b25936c2001c82010cf5c54c0c833ca53446b1c89b4184d0899302c8df9,in,bc1q54qxu0k8nnernvf3vxlpx2nae728plm5ux2anq,0.00022585,24.76,0.0,0.0
2025-05-22,d1c54f77330f0a55d4b66995ae71ae033714abf3c13cdaeb9dcaf76aeb727966,in,bc1q6luav3qw26tu9g6c3hwpmz298k8nsk9y7vcq2r;bc1qsaewq69nptcn8v6ln6kdc40frjpnn0sanl2mkk,0.00085626,93.88,0.0,0.0
2025-05-22,d3b56cb8b28789741b7072dcd61278957975741bbfcbea87724c141a6eecb71c,in,bc1qmytuajcxcpxfwnshke0yw2zu8r6hlgs4mye0qm,0.00045188,49.55,0.0,0.0
2025-05-22,e505610c443538fafb98d11a16f054251a36e7727b5926aab0bcb63700a342f9,in,bc1pqlyu3ma7dkn2a5a87egmat5zc54sc390hmfwwppeca49my956lhsm8hlun,0.00028888,31.67,0.0,0.0
2025-05-22,e7f4ce66cf766f53382486d1c50d2166e342a1226829950fbe36852633257e7f,in,bc1q4hdx4y8ehgxnv9hyet06cv3u9hqk48dss4gsdz;bc1qku8uk2pxmx6ckzvmrtlr7vaqyfj8p4xvfwuy78,0.00036291,39.79,0.0,0.0
2025-05-22,e863d84878d7cb7a872884999b381d24e70f3e0d3e27f348779c3ff24c7656a2,in,bc1q62hjgep5fuq0770aemzpas5x52a3t3dqtcnkqh;bc1q6kyqzyd0etrq0xkjqlja4fuhpf8vnae8ramxqs,6.628e-05,7.27,0.0,0.0
2025-05-22,ea8a37c25463e564da7410ae4fb56ce00426c90da2219aaf4b1895b8f8df8427,in,bc1q2r47ffa37hyvxwmlhc34tsp2xztkxjtq4xnrgz,0.00017672,19.38,0.0,0.0
2025-05-22,fb0e63a8b73ebe317f703825d6d0d5cb0798b5bf1ba3bc7f71de7257f80b3982,in,bc1q20udl29j5wfjv9n3y0la8t6lpfl36ujnv63uhh60f67nc7nx93vqrxz03x;bc1q9vy32mank56t7uz7uupgqnud557rlrg5kxsa96drnur2530wz0dsyrnzwj,0.00036063,39.54,0.0,0.0
2025-05-23,00eb64e053af5ad46e0f1666984210af43ff719b840fdd165d78cbc55a580f6b,in,bc1q4enzmga8z2gmt2lcfsn5cxqp069x8pf0nt2yuf;bc1qgc2p496c9atkuc935pjucflyshmycuhw5wtmll,0.00013444,15.02,0.0,0.0
2025-05-23,0d4d2e9795501a4852a8a19720a4f9640f3d3e73912dc6d7f088a5cb4a379eb0,in,bc1q7k7gq0u2qy3vqyeuqq72n57875z4apgv884nwpc9542mm3xga43scdptg7,8.951e-05,10.0,0.0,0.0
2025-05-23,1835fe40e38e88477d745f566033449edf0060e752666c33613cbc1e772d5261,in,bc1qst49dww7dpq8pamcacnhamp23ur6y9k5u2dmz9,7.04e-05,7.86,0.0,0.0
2025-05-23,1e9656d082c4b4d24d2e5469e2bad2ddb77b6e96ad1b5d970d5fb77f044fe23f,in,bc1pcvrsvx8vkgrg36rtqx9caphg5fetdp07myxrnn4x2zdk3maq9xkqqygy0k;bc1peysp8plldqulfn34cxmqrgu5c0p29wx44mrtfqn38wq70psafrmsu28h62;bc1qvuz297rvw486xkuzx9njf922cr2ntqdur7kav8zr8cueupnpqchq0aph0p,0.00031088,34.72,0.0,0.0
2025-05-23,1fedd39de41a6bad5ced3ca67ffc031dddbf56b42f805144fd2563a5fa5a0938,in,bc1qpfw2dl386zy6d9smze2ukww8mu3mssqg7uj7a9;bc1qz2czmuz46m7e3pn74thu09gtd2lscytsxxscuv,0.00023772,26.55,0.0,0.0
2025-05-23,23eb7254f811917e2999f37e44a30ef3d266a78b5faa6962ed2e757580134a63,in,bc1q62tjqywew64mmwz9y7jzvjyl57uc7krr8fqugw;bc1qg29pwc8dxkyed4w09wglnrszlmu73vst7necu2,4.59e-05,5.13,0.0,0.0
2025-05-23,25778452c91b5230ceb5430da1d6cb616d1e3ef7ec853a4e0268e2501d903a25,in,bc1qu79c9mfqu5p357pvl0vfjtlddrxttjwzs4lx22,0.00023036,25.73,0.0,0.0
2025-05-23,2fa9d1012f605d16f50350c3c7a3b5432c8b08555d377b71472dca2b2c2e926d,in,bc1qudpq7q93cjzflzzv340fy223r5k7wjc5jf4xm2,0.00122707,137.06,0.0,0.0
2025-05-23,3bd6ae6253ede29c84ff259e57458ba91597d631f0e4f82203920cca91a98c49,in,bc1qud3tpkqfflmtrsnscmzpjr783epszrlneqfhmj;bc1qwqsjf8mcqgp9mqp8vungv4fy5f9n4kgx96kcdh,0.00049,54.73,0.0,0.0
2025-05-23,46688002184643e7fd7e2a48f99ea23320fb1584093d8616a632e2032a598eb3,in,bc1qm34lsc65zpw79lxes69zkqmk6ee3ewf0j77s3h,0.00041,45.8,0.0,0.0
2025-05-23,5c22f47a218740283998e0b083c0f2ca4ae58863bc3ef06f7655964628e1e3a7,in,bc1qcpe2e9edkckypqndptudqxqganj6njf69sf8mm,0.00014141,15.79,0.0,0.0
2025-05-23,5f32829b708f117a0a885de282cd8b493264bc894adbad770f6cb2ab92b771e8,in,bc1qr37flm4uty7ulrz7w7cghk2f2t5s9d3j7rvw55;bc1qvh0sh99dgklr60u0dlt8fqj2cwu95dlleppwe6,0.00014428,16.12,0.0,0.0
2025-05-23,60c97ae3de0d88c1b5cea1ff834aee031e6b54fea896ae3b91ca26753e50bb7f,in,bc1q5luf9uezaude56ajx5qc8eu2mddxhr9z0shqw7;bc1qgd6xqj0n5r4f9n2sn5chcyhem6dje00kj3z4qw,0.00016622,18.57,0.0,0.0
2025-05-23,6493cc5bf74453ecaf9ef9e3b280f5ff6e6795d76110c41b191926a2bab620dc,in,bc1qf3a3j92ds8rh2etyeq6avptstj8ye6f77rz8vq;bc1qtd8eelrlkayr3sxskj39ems6dxx39chyhnw3hy,0.00101476,113.34,0.0,0.0
2025-05-23,6664cc5a52fd621068813bc5b60ec0fc0506a9d9b3a03e1bc124e2eeeeffe61e,in,bc1q7zvstxg482khmn0lrd5fuhvhlp08v8m4kry30u;bc1qlz75mpua4me9w2rzwqf53e6xkj82cj750prxpq;bc1qtehtfn6xdpk7svlus8dwc087yq3nsehrg6kqjy,0.00046633,52.09,0.0,0.0
2025-05-23,74966219af9d13830b1d5d8a5b83f173b58f3114891bc5cd319ff8a0f32dd2ef,in,bc1qfgqw9q53lpjne097avuqjjtnlppqukz65s7zmdt220gytdexphcsxqhsrj,0.00068781,76.83,0.0,0.0
2025-05-23,792d25bbee9cebbfede75c377f9d9ef59bf50b368bd8d44b459f72e4ca58a6d5,in,bc1qcelx6ulxcvzcap94pkhnhh48hk0tm277y2phg8,0.00017946,20.05,0.0,0.0
2025-05-23,8192cfe437b2588a267a34a06fbe8edb9fbdf1b82c8ac3c25016c842fba43531,out,bc1qjuee45z7lfr7cezre646zqrrv8keqz0ewgz3yx,0.04526511,5055.94,0.00041818,46.71
2025-05-23,84238d2e84d723e0269225171846ff3a446c58e41e7d61d56b62a988a70c1840,in,bc1q0uxv2snlkfdt4jdse50t4gqa5ey3u9k7ec9dte,0.00059958,66.97,0.0,0.0
2025-05-23,8a4f9ff7a4776245203b917fdccd9c3d07cf24bea5788d752e6c6de4eccaf462,in,bc1qgz6x7n9pncdr5rshwm5qtenhwc4y0z9tmceemz;bc1qp4rmq9gkttgymj0nx8t7vus4vx0m9ct69gu7tg,0.00027432,30.64,0.0,0.0
2025-05-23,8fbae481dd292071dc782d266c06c26eb0b9395dbd8c5f60c99d3234fbdcf0f2,in,bc1q3tykezr569zsmljqhpmg27ywtdu3zr8xjvyhap;bc1qjsm0pl4qdss9h9rlsdlsaz09jaegdvgdnlevf4,0.00051288,57.29,0.0,0.0
2025-05-23,962d41fa544aa1b6ba6762139e914cda345eb4a49bb639115518d3cec9aa3d58,in,bc1qkkwkn9fkjvlg0g263xxxjtws0qmpem5wv6w5dx,6.428e-05,7.18,0.0,0.0
2025-05-23,9676db5bcaf4a1974e95cdf9a8fe203a868d63a7e83c892a53db5e7d738ba909,in,bc1qpu943eukydq8td85azu6dj8x97z638zmyufntq;bc1qr5fyq8c43pqhn0y7skmc38tufdf44avx9mdeaa;bc1qy0ytyqtwgr27kt4ka9d5scqe8wdu7xcpcnjjmd,0.00045056,50.33,0.0,0.0
2025-05-23,b0eae421bbd0d82bdd7d466b8b3b88334e64bc78b58f30c555a6ac7a13080435,in,bc1q69kmg34ecsaguzgye3mtmwcy9w9an5rk795frj;bc1qadl8mjepk74kf44m9fvqv95rjmu5fnajnyyqfa,0.00079096,88.35,0.0,0.0
2025-05-23,b33715608a3e359f63fb90dbc9f434e3995b3a3ac03f77687e227b9fb1cfd3af,in,bc1qvnvw2rtey5n9dn5syf39g2yetdvk7zk4fpw4sy,0.00057449,64.17,0.0,0.0
2025-05-23,ba785a7101cce477761ea98c3855bdbfdd7fb53ce0c6af2d16f82a1c0cb888b5,in,bc1qymldvs6wf7m0te4pju4hrytsamt62rcteu7u99,0.00011997,13.4,0.0,0.0
2025-05-23,bb1e53f07ef1a2736c563989b89305a899aa9f535b19fb2c649ec08075fa9349,in,bc1qehvddds04u45kx3vr5q6spvx4w6m4hcu74k9lt,9.587e-05,10.71,0.0,0.0
2025-05-23,bfac7e7e87220191d8b422de8984cc75d748e35d58185c360084f78c4690cbf8,in,bc1qm34lsc65zpw79lxes69zkqmk6ee3ewf0j77s3h,0.00054321,60.67,0.0,0.0
2025-05-23,c21550710617bf9ad3ae39ba61855944b8fba274f9f1aa9134a7ed3ff4feaaba,in,bc1qd885frf4fwj73prhv2phyafpcl2m9hh8yx24q3;bc1qpcxxux7r596t37fedekn2vqy2pvevt3aunvku2,0.00026562,29.67,0.0,0.0
2025-05-23,c41132fc7ec0c6cfa4e1aab89ccceb2b24d6c2a83065ddab30a0514978703172,in,bc1qld6jn50f9xycely8wf6aj2xqwrmtgsu23szzka,0.00010883,12.16,0.0,0.0
2025-05-23,ce35362f7389939151ba109e10b4f4087d43f52bdcd90e1dfff439a01965a047,in,bc1qwyewqq8crfg0g6yr270mdh9csyxfcgx7spc506,4.739e-05,5.29,0.0,0.0
2025-05-23,d030944a561511241c2f76a992139575000201c0eb5bdf4df8949b2d87d5712e,in,bc1q3zas8xlxgzmrmpekcl3a4g2j34ufn6u0gnw4d7;bc1qc2fl48c7hsts9ntu5dlcrnk6zrhg96302hrjz8,0.00014352,16.03,0.0,0.0
2025-05-23,d8b0c28e77287fe56ade9c49411fbc47d934c0ae61d8ee1c4af41be6adaf4b12,in,bc1qsnqyy88lh906a9v8lrgkdny9yra56nkr5rat9r,0.00010401,11.62,0.0,0.0
2025-05-23,dafc67a0206f8b6faa3af42386308c9c73fffae8dd4028647a06b0676bb6ff7f,in,bc1q6rhfw8xg9fmss9r9tu8f2rqdrmmgatcyuh2jht,0.0001192,13.31,0.0,0.0
2025-05-23,eb1f129c11df223631ee802cb1574a76a62204a4ed6d0ef970e14ea403b7fb61,in,bc1q3u37ptw9uawzgupqfvw9ah9rmp9u5eur7qakdg,0.00053479,59.73,0.0,0.0
2025-05-23,edc6933a67174e1fd3791f9269b778bfb6695192d643a9e3d67c0b7702755710,in,bc1qwregqtasaz2tfz93gtyv2s9zrx6j4duuw8twy8;bc1qzmqxqzh7q48x6lvwt3em74rwgjvauf8kmfu9fa,0.00010552,11.79,0.0,0.0
2025-05-23,f6ef411a92fa5a8ed197184e4b48f16a753f9f10c3ff9356408ea8f6f233544d,in,bc1plq8naarrhe8grfttkn66snf6z9kqrvd9p54e6qc2zqsyywn2v06qzhq0rc,0.00020205,22.57,0.0,0.0
2025-05-24,030e97e3e89a5cde098861113a3b3973cfa3c2d47fd1f5a5b3e02abe37396b83,in,bc1qwyewqq8crfg0g6yr270mdh9csyxfcgx7spc506,0.00014242,15.28,0.0,0.0
2025-05-24,034d18d4b7608b7765e108e17bc15d6a23477818c0f9ec9eaf1f7dcb8d179615,in,bc1qm34lsc65zpw79lxes69zkqmk6ee3ewf0j77s3h,0.00032504,34.88,0.0,0.0
2025-05-24,0748906d48581b5240c173e868f7363ea4b86ea4d7b29d28b900d094b8422f67,in,bc1qxf4ks7kzw2rhkwhfj9y77qg4ys3zpd9h9z06u9,0.00010186,10.93,0.0,0.0
2025-05-24,0c690bdcf64627ccb31d15ba0c2d2352c0ba4c13e8857185e29224f41b61f2af,in,bc1qwyewqq8crfg0g6yr270mdh9csyxfcgx7spc506,0.0001493,16.02,0.0,0.0
2025-05-24,0da9c2bbbb3a7710b9bc7db1e226b411bec741a10631c4fda645c84d0024c3af,in,bc1qm34lsc65zpw79lxes69zkqmk6ee3ewf0j77s3h,0.00016,17.17,0.0,0.0
2025-05-24,14566093c7f2c3db991b5af3ff48fc8ce2d39776c19e4232326d80babafc5408,in,bc1qe4prv5h4fygydkd7qw6zvhak2rdn333dl09tjd;bc1qekd5d6k2xtm84knkgymwv53rfuthzm3wnam8z6,0.00020066,21.53,0.0,0.0
2025-05-24,1ed0b7bbc2e9293db000bec855dc23825358b6a8b033f17acfe38c3df79e3521,in,bc1qm34lsc65zpw79lxes69zkqmk6ee3ewf0j77s3h,0.00016,17.17,0.0,0.0
2025-05-24,251c0a570c767934c2eb44778e45dfa9b2e512ea95149bfdb2d276b1aa63fc3d,in,bc1qjr9gwgde7t7sqmtdl0xcv47y0y6datfljhdywy,0.00023979,25.73,0.0,0.0
2025-05-24,269bbcc524a85baf0af693e40ee9949b478a1b422849cfaaca330d8bddceeea3,in,bc1qea50mgmz6umm4aejehdwfmspf7xqd5vpdmfer9,0.0003927,42.14,0.0,0.0
2025-05-24,2b6e3d7a5f4af5674e26410bb52fa6692e73fa443c4ad0ce7846be750e8776b9,in,bc1qdvpm9xqe9d94z299s5afqye9yscqep27qwfctpld0kg36lv4ru2s4w9nlj,0.00040345,43.3,0.0,0.0
2025-05-24,2beeb1b68fe8320aea816a95e399814e86e10ed3fba273059613e8386cb25f11,in,bc1qw3v4wjlh28hk6je78vruaseuaxtsn5tsmzfcm3,0.00018,19.32,0.0,0.0
2025-05-24,32541bac76536db9bbd1b204d13edd1b32fca09d50b0508dec9dc91d88236d6f,in,bc1q3d8enhzetjhlkuvzhj2v7e2f4zas4px4f0uqxg,0.0001957,21.0,0.0,0.0
2025-05-24,428691b989a69def8f526e031ff344deecfe48fe7f9064019367eb2ead1ef1a3,in,bc1pdg5lmhsyc4lx7qnfsznezf6vvsye5xsvcjhkhqvwwzepkmmt9hcshnmu7g,4.853e-05,5.21,0.0,0.0
2025-05-24,43051fff2f3f16bb35f8369340380ee47936fc6a4f14624330b651b9780ae5b4,in,bc1qpglp7pe4765dhjjzr6rwu8hcjrpgt439kuuvle,0.00012884,13.83,0.0,0.0
2025-05-24,4d7f8b69d8a2c1fac87a8985b6047365f428a6436ef6ccbbae029b88f5893e8f,in,38UXAPrke8mDK15XfRs6FFXDXPEuFBNbpH;3DvEL6PavQMsjBEGzddLaqaoS1yUw3Njyy,6.39e-05,6.86,0.0,0.0
2025-05-24,520417028f5616c392bb1f986d880b3b7b032173bca55849fde885bcabf34544,in,3LszEebJ1R4Heybq7f6hGakcJMh2YwpdqK,0.0001201,12.89,0.0,0.0
2025-05-24,5401fbcd51d8a9eb141d61c88d67eac2fa86fbfb199fad9710a92b029d0cd894,in,bc1qe7my90wj3ktypz6zyq48ajmser9ayk2r0genrn;bc1qy9j7pfqfqe6fnrh3zlggrrqe50l4rnd7p36wr3,0.000277,29.73,0.0,0.0
2025-05-24,5918d264fe248e8a23d085bd6258c08290d70fb48e0bb2fce7c58248c4ef163c,in,bc1q8w4r779fggult4dxq5fmkww3s24ndlrfy7rp44;bc1qqey2px88tzc7agjqdnv9p6la0m5vu7ssgfshr7,0.00014053,15.08,0.0,0.0
2025-05-24,6ad19d6b701cd4b5534df4ede58c321a8cfe40a665f828f3def9774a7b634831,in,bc1q4e057eu94naqnj72mlnx6lh07l7v9ljfv8equw;bc1q6mu8xug3qyapkuakn8jhvty8pfxc2vqejsnahg;bc1qz28sr86j2gcuzcqw5q7mwy34u2xs6ly9wjv4c9,0.00014521,15.58,0.0,0.0
2025-05-24,70fc3848f2a6349de1fb4123e07f44b4fb6feea0ed02ac5c271876dd948d55a3,in,bc1q0a407fwxyv9zycd3064v5mcjgejh498fsr03tp,0.00015958,17.13,0.0,0.0
2025-05-24,75aaa425be3f60b8d2cbff9134b967569b0df49e76418842b849eed13960924f,in,bc1qlvtfu6n89g2usnpcm7fualgq0upengejt6pjj2,0.00051084,54.82,0.0,0.0
2025-05-24,75f07ce6d66a0722ae307e257d0239d07b0bb5cff45a47696dd568b90ade2796,in,bc1qayz8zdfw9vs952xkfkhkc37v8ut73e0gwmrjgw,9.166e-05,9.84,0.0,0.0
2025-05-24,780450ced64e9f4495ce1b37b2dfd1e9a129f90e8d0f4726c71af5019e00c99d,in,bc1q6seql75h9w2shaug03h7vak4p8ykn8sre8e4ew;bc1qygpk4yys8jxgfrvrjnxsmtvsvwqzfp6ecqhxev,5.144e-05,5.52,0.0,0.0
2025-05-24,7cb23b9083a38727e0557d814981f1f5b055ead57168c7fc7e1d65c73fb90d36,in,bc1q3wksy7epw729m6yqdlpqq5arx86heyz65ldmkh,5.515e-05,5.92,0.0,0.0
2025-05-24,813d9e78f67236b5c03f4f6cad1ac476133298f3ad86368c1c14a75bad7b6153,in,bc1q28yams02f8nctjg9rtjxxfvlmteejcr0tmpm8s;bc1q7gh23af0vczsvgclnlk9q580ytaf5wtg0c6d00;bc1qw4gyc4myjadhfusg4rkyvkgxr29d4agvrsktcr,0.00019085,20.48,0.0,0.0
2025-05-24,851c5e5e521633ea58f049fdf0c24b023ecad1fb7782c996b23e421a21a0be25,in,bc1q5cqprdqghm2eqqxzt4xwfe70zfdsrze8h4x7sw,0.00041228,44.25,0.0,0.0
2025-05-24,8a33e64f5332d9c52978094c94c9560681cff2efc2b636cb5cfbe855ff8089c6,in,bc1qgyzap49770qd3duvm7ndt77exj7szhx38g62zp,0.00014191,15.23,0.0,0.0
2025-05-24,9392afa8e7933d36af5ad8a120636531ec737d878b0dce54b8b8db899280ef00,in,bc1qlqernvqrrd5sxhfj5znhfj7ngpaeq9394sk4vr,0.0003241,34.78,0.0,0.0
2025-05-24,a1405fb54107d43e04e34a010b4d3f9efb74a65655f160f156f65243fd260aac,in,bc1qld2ecukj8880jlqgefe44twfeyau8qjdkzvmzd,0.0002757,29.59,0.0,0.0
2025-05-24,a21b99e0721d78b344318ef3fff435eb7193ec8b45a0fb593fcf5c74b84718be,in,bc1qpemqkufneaxrqdv7zkkudzs59vahrz3yc36a2g,0.00018909,20.29,0.0,0.0
2025-05-24,a6b441eac0dc34c48f36abf1c2ab3abbfc203d507296099a2d1408f5ef0d09f5,in,bc1qjjul9v90egq7fr708nxscuqk8xu9uzcvjqvfqf;bc1qtnh4fxql6vejula7ndsy6dsk7hs8pm9t65gy0v,0.00031941,34.28,0.0,0.0
2025-05-24,b2d61cd2bcff7eee3b4f6c881ea4ac098748238ae9a356cc3d9003a1ecafc2bb,in,3DFG21KFPv1zTJVGz8Q1wmhL2tZr4mwWVx,0.00040926,43.92,0.0,0.0
2025-05-24,bd276bb6c82c2d86bc5bbc4d5b149928f6cb74a0e0f407dc350bd0bc813ffac5,in,bc1qqk67nh59nry3lk0mxatfy53ux7tjk42puty8da,0.00018554,19.91,0.0,0.0
2025-05-24,be3f6a9887b6ba81109bc0ead59342559fa15597124f9b8c9b050e49ab9059d2,in,bc1qfdyrlcw4a0kx5hdupgdjlpnxf7nsfvaatp8ju5,0.00019637,21.07,0.0,0.0
2025-05-24,bfddf25ec6bf75a4f4c91b450851a69ac650bd6c983124e285b060a86eb9d3b9,in,bc1qx2j9y8n3vz8ej2wcyj3ahcav8j4elrxm3k6zah,0.000114,12.23,0.0,0.0
2025-05-24,c47c4fe60ae0750e81f587fc12ed4abcc330a214a62e3e8cd29550b09524f454,in,bc1qh6gvxlwl39revf0vht2wyl3vml5l68grwqh5h0;bc1qrfzvyvnskgj2evmp5gc9f0naulgzp4cq7fvdfw;bc1qy3jzzyhl8c39u7cjn4lug3usgv6ggpyvxfec2d,0.00022744,24.41,0.0,0.0
2025-05-24,c7bf950fdb1c7ab06263df089400efd83f9c2311f9ba4a39fab91195dcb1a48b,in,bc1q46lpx5wy6g8wxxp5pw9g0l54rx5lkqgkjj9khj;bc1q73sea5fgjjr0fsw0mrf4tcxh9seh938p75tw4x;bc1qdv9yy96ktum9zgmkr5kd2pqcmh7e940cjakgcg,8.445e-05,9.06,0.0,0.0
2025-05-24,c9430c52ba4026e4f5772fea438dd7bc42d1192913853957dc03a0ef534f0f2b,in,bc1qlvq38ms97ec05pjuthfwlkgs9l79adgwkgh8pd,5.512e-05,5.92,0.0,0.0
2025-05-24,d8e610733f353adec2bfc21956e016953769ca1d592f7584bf8957398b96e674,in,bc1q87ngld9fp49xxz7cz4sj8txy7j8p54nmtz8n0d,0.00030306,32.52,0.0,0.0
2025-05-24,dc43adacdd9ecf3d22138ec6e26dfcb71655ff9f78f43478115845f60fffefc4,in,18serayDJuPK28rPYYUxKEcVkosdqWtfL5,0.00030728,32.98,0.0,0.0
2025-05-24,e81e5ed906150d63dd8d1a5ad9aa134d17acf478bb720cef195bde0a28111f6e,in,bc1qq904ynep5mvwpjxdlyecgeupg22dm8am6cfvgq,0.00087428,93.83,0.0,0.0
2025-05-24,e9dd22daa523c93784bb742f4fd486d7d462362c06cc18b60064b930487243d9,in,bc1qaawxgl2a9dq0fcl0t0srt3x0val30tau4z27yc,0.00019133,20.53,0.0,0.0
2025-05-24,f023a9c2f51e4596270747210e30e8b9ad4b0153e29e82da6b8cd2232d25fd2a,in,331qaVHy6GcnqYxDUMD4XggWJ9YC1Ny4Zv;3ET1DMLSzxSJXPkMEGdvamLw5JHip2LxhS,0.00027435,29.44,0.0,0.0
2025-05-24,f211bf406a1ea9690cfcb8e95c78dd2465bd1aa1392dda44b8e0da81d2f62d62,in,bc1q5py9phz6lud572wsna8qwkddg6tmqkgwr0kx95,0.00015806,16.96,0.0,0.0
2025-05-24,f755ed0f42b0505af5f9b12d27039b4b9cd9c0b120ea50d1f37359fbf04d0955,in,bc1qt25xd853rsrfm9dz50nssctd63y74xg3jap6x9,0.00091934,98.66,0.0,0.0
2025-05-24,f76c1c8d4f0cf00f72db0b9988b54238cb226ba1feefde9f2f3159f1db172f10,in,bc1qeheyfnv96va7x6xqfgrgguk47k3qt250wxelx9,0.00041703,44.75,0.0,0.0
2025-05-24,fc932e405b525d0ce743c03579661c1dc72ca62470cccb089872b73671de3a89,in,bc1qwdcr5utfcavx6s550v3paavthf2mty2fjr7ckr,6.232e-05,6.69,0.0,0.0
2025-05-24,fdb6bb4964d283b2500c8b7983c213095bc4c196a2d8d11121722c0ef6565243,in,bc1qq2z9x9u75lw7rpw69084fpvew6exgk3ct6fr63;bc1qu59cep2w9jf08ghhnzk72pzsfmgltm49cm7te3,0.00013941,14.96,0.0,0.0
2025-05-24,febc9079b239f20a4ec13bb18c28be5287b8b093ef8a67278cf8140a4ce37161,in,bc1qm70sm8ykpf6l8pdxgqwncthvt8nlg99p8wxgvy;bc1qwxq467pyjxlsgqpc7ux8q3p8fjtyhh6utw3al3;bc1qynugrs0f9nfac0al4sr4kx6ag0ccsccakdq5vv,0.00019182,20.59,0.0,0.0
2025-05-25,01b1aeded2f6032a877c2c6fa3e25d1fcd3ed801574b4168111f02724d06b446,in,1oAXGbuD5mDoezYBFKEMHTiLoyKharzWY,0.00067788,73.05,0.0,0.0
2025-05-25,0c8afc0dd34bc2c893eb0eb6d3f30324edc7f2485392956807023d9ac50026e3,in,1EWTpKeKp4hbbS3mkowAnqMRKXWDQHvYCH,0.00039789,42.88,0.0,0.0
2025-05-25,1641153372386ed6fdea0d7f4cca9afb7e70f9484c24ee21422f644332dc8ff6,in,bc1qagy373gl5t8rtmcjnfyllfjgep7k05k5pmw20h;bc1qqmlnrm4vsrllkuy3jmswkelfmt9x99f2v02m08,9.903e-05,10.67,0.0,0.0
2025-05-25,23912e354fb2b8947978e1b4287b18553a4a24151c81c21b78cb150760a8503a,in,bc1p35x524puc6xgk2wq6ychly4khrae9kfc5emptcwuuh5elyf05rtq8x4kvc,0.00049592,53.44,0.0,0.0
2025-05-25,28397330028358813ba2d8a3ca77fdabd68b24f0d6069434cc8ae3388ceb9cac,in,bc1q46vx3pf6pj97uyap0fl5cjz8zaezzpd3t526k0;bc1qdjtkcwmvc3h59sz4ftgxezg2qzxhsykegl2340,0.00014324,15.44,0.0,0.0
2025-05-25,3424cbcbbec67fac3aba847e11edfdc101976e79168e0ee9f7acdd741054a792,in,bc1qqy8v35knyqsrrq23e6vrjfw39827l65c4cpz6m;bc1qzn3fy3rvhggydcg82lpxe7g92crf68n5wqxpt9,0.00025049,26.99,0.0,0.0
2025-05-25,5e84a429069b4c0c09dffdfc18f028749c43fc3cde14550ae2df6dcc7b03fb4a,in,bc1qz8eu6fa27rfezmksptrgv0tn9773retm34ythc,0.0002316,24.96,0.0,0.0
2025-05-25,75b0a95c0535442998ef8aec51c5866bdd0b0c3ee6c483ad9a1151c646d20da0,in,bc1qfcjk24ur89zzeme4j5wu73dwzjfncqpechpzvr;bc1qmgvpjwd3k0qsrenfn899h4xeqdd7p3cdg8ujwx,0.00020169,21.73,0.0,0.0
2025-05-25,7e7cc13159e5fc4a0eea7eb0d61cde1eebc04f5a7a6b39f1e5ace67e6bb2ea76,in,bc1q380qjcxrcy6lqpgz6a7c7td40zu3x79jajz3dx;bc1q97gg9qld2p2zqjxj8zn44ep2m0e326le47ar9p,0.00014511,15.64,0.0,0.0
2025-05-25,8b99e5adab6369bfa4d659d3dba216130b2b7e30f0e5a482f8560a9d53054896,out,bc1qsp5aeq8vzy0jugak3stmj70tvmpcnvqe9egg9t,0.0208699,2248.98,0.00023762,25.61
2025-05-25,8df262d0dace07ae335b73717a27f39a3f4e0f5074a1a3a1b986dd1b32fb3ca9,in,bc1qqr8mjgy7l9hqf43cgm3z8amum53tm0zuu7gjnq,0.00022994,24.78,0.0,0.0
2025-05-25,a20fc24e17ccf61fd1c58dd26ebf2962eb408a36d8e768c405f8689279527508,in,bc1q6p9q0cpcxv0m0tjqsd33aqlrp08a5pzyzmrzdp,0.00043369,46.74,0.0,0.0
2025-05-25,af59867558628322d512211bff6f6d4236c5def491eb759efa612448e132360d,in,bc1q2mf8atae0ddn0q8lhjqm2z824j2usfnu8858qx;bc1q4326ma7nry655dhsf9jz5wngpf98s4q8jjg4s7,0.00025894,27.9,0.0,0.0
2025-05-25,b7c9a5eb9226df385572afb0555c932aa8fcf731f06b65ef4f379668dca0bef4,in,bc1qm0dfmtt7tc6g6zxljt28vw2yysmgh4fatfxk00,0.00037184,40.07,0.0,0.0
2025-05-25,d21103bc3d7a50b0800250a092ad8a4e29828de0ff4cc5d3c70e79165bab26c5,in,bc1qcvp6jr3qdg3ktqlwqqjk0z7karcehvnvuf8yg8,9.298e-05,10.02,0.0,0.0
2025-05-25,d9af72c75d95be82e08ab7de49216bdf473af5142d77ac78c6c6445400c9501c,in,bc1q4v67rlly3gy9qy3xnplvde47v7495ysaaadcxt;bc1q7np44pf3wfmuzz4ye9fpprk6t0ftpkhp9303en,0.00020555,22.15,0.0,0.0
2025-05-25,e94701197b059715e0d2d65b69cbba13f232ae2517d131c8fe977af7d3486d7c,in,bc1q2ns9yepe5mgqw6wkvwydhy09ae0wakp8vs86vy,6.505e-05,7.01,0.0,0.0
2025-05-25,eaf856429773c0544bde10e92a1a41d64509c2a342e25205787da4087512e6df,in,bc1q3tevwxzfvwluhc6g9yt8nh2sq6fqww08nur7h0;bc1qhn5h7qhe5g0qc2dazzr2kwwzmp0l3vjqyy2x7g,0.00023226,25.03,0.0,0.0
2025-05-25,f12587e4e3c92e2765bbee727bfae3b0bfe8ce725c4840047812ea21e1425d44,in,bc1q9wvjljnklycff8zat88dw5ays4m7lk0hcvzmha,0.00019718,21.25,0.0,0.0
2025-05-25,fb4889584d74a95db2c60776b5040e5a1d124aab0b5a2d4c33c1341502794fa6,in,bc1qga25u70kztsfdmf49jpd9vjvapkaf20zww24du,0.00018034,19.43,0.0,0.0
2025-05-26,0c15c8fd375285b31d6fd33c25bf13cf33219d2b5fc5f0868245515d37dea7d1,in,bc1qcpe2e9edkckypqndptudqxqganj6njf69sf8mm,0.00047455,51.73,0.0,0.0
2025-05-26,0df7470da3bcae60d43cbd162e5f6c7e7417bc3105473d213d9b5ed433845414,in,bc1qldw9xy6jd66pjqf0v77g070njdkeew95fc4g6l,0.00012668,13.81,0.0,0.0
2025-05-26,10e8c7cfa483e69a64201375efdc0b38d3aa217d95d558a12e3f756bdf6825a8,in,bc1qufprd76qlvx2chxzw2ncaj500hf3qqunp7uqft,0.00016694,18.2,0.0,0.0
2025-05-26,15d573a15c9e2307adddfd8af15a8936aa8b8d51ccf6ab39de63a58e9347ea74,in,bc1qgw9dnytd93txlvjmslflpntn4gfyssgsa5cu08;bc1qkjnfuuuh6sws7rfysefussaw855z7axky4f22p,9.137e-05,9.96,0.0,0.0
2025-05-26,170c9da9919ce1d62bd4fe7c0d759f4ca3ae426ff64ed4547925140cf495060f,in,bc1qa2psrcn83qf9pcpccdmyzqx0p0s04yrdgke6pj;bc1qafnvn3hl5hpcg5gu9su4nypwgnwvmss3yck9as,0.00036693,40.0,0.0,0.0
2025-05-26,1861b4256e2716f63cb94cdd7c443341540d240a8ddd497d1d367c666181b090,in,bc1qzgdl5esly7689x8yqqanr9s6lupzrewmtpwryk,0.00011847,12.91,0.0,0.0
2025-05-26,24a8b31bf23c02b420e4e6e03363fe86613a85216b4c08e87e96eef0f0e85d38,in,bc1pamqemg6gqx30649and6uu4vkghrc7nvt29ep4ge2whylrzrncxnq4ftgqr;bc1pmh3gx98zuurrdv550svkvpkawqx7jl6w0mf8w2kfwq538xxlsdmsv66lr5;bc1pym5matkc2gdqqtths8lpcyvkfy4uue0q6wxjap6khtue6jtvtq7q3f6v0j,0.00036493,39.78,0.0,0.0
2025-05-26,2c4956ee3d7604ac9ee8a643336fc8891274560880e2baa7dd8889d1f0873672,in,bc1qzgdl5esly7689x8yqqanr9s6lupzrewmtpwryk,0.0004418,48.16,0.0,0.0
2025-05-26,36d75f1862a194fdd3b7092bb1be7f501c5621bededb6f44288ddeb486a06253,in,bc1qufprd76qlvx2chxzw2ncaj500hf3qqunp7uqft,0.00016687,18.19,0.0,0.0
2025-05-26,4f8243132d2226a41cf1622a929e9cfe6ae247d9103b6570c0189438557a431d,in,bc1q0rf0svkmgpv59xt444f40qsy5la87ujsd8lugh;bc1qwmrqlkv2ptegpnk9esf9ejrwhyt2scmcwas9ch,8.886e-05,9.69,0.0,0.0
2025-05-26,54d32715a72a5a6c018856a25ef350bec99fee24ec287c2c63be3e99501c8361,in,bc1q0kuk7sqs574jstjtxud3gs8hrt2zchjr7dmzrx;bc1q5kw70lmlfv29zy0j0eq5whpjza6j54nca594kd,0.00014353,15.65,0.0,0.0
2025-05-26,5d5e42230e856a2d091d1ba3e99999197fd2c5f1e6746b9f4d9553115ae8d8b9,in,bc1qt6xzjgz0u8zx33wm3ect2ddkqkmtw8l0fx2f7w,0.00014243,15.53,0.0,0.0
2025-05-26,6a93d7eaa41e3858ae14a59ca4d4a5a0e768427506c4fb9cf918af4d1d616ebe,in,bc1q862hvsftu9355ee8008ye0pw5e2uj0g5yr9d53,6.583e-05,7.18,0.0,0.0
2025-05-26,762c36a1359cefc86a5e4e39ff71bd4defadefff7cf574e83543225e79558eaf,in,3BrF5AbKdEzdT4sVbpsmECv4MTGyRadaog,0.00015793,17.22,0.0,0.0
2025-05-26,788fe6ac58c0dd4c0e2dcf7f9e864821b1aac544d48224339808e5f89074cb7c,in,bc1qdcwf4nmlq0jv02cxp25qg4z4sc6m60utrn280h;bc1qqrf73z64uzxgeuemn6z22egc6vzxhkr8ty50ra,6.62e-05,7.22,0.0,0.0
2025-05-26,88d946194b5885d9af88aefc6bf5f1fbcfa07274a321e49b405feec923a1d676,in,bc1qxt0wa8lsv7vwlfvm7x2va9nv02uzu03w8lxhaj;bc1qzg8drqe7cys9d7rm9nzm335tl0ghm35gmsf99t,0.00049721,54.2,0.0,0.0
2025-05-26,8b3817b26a8012743b963b12ffe965c0a80fc872eb9cbaa3b1582a4fc5174156,in,bc1qejp7guh6v55vk6y6xduwem75z806p9g6lmj7ra;bc1qxd8uh20pwa4kud3cl3v4ttmdjdddlhgc7s0jnu,0.00021092,22.99,0.0,0.0
2025-05-26,8bc113ba4a499495666828f0bbd3973fa71c4397bc4a106d910cd74ee504ac52,in,bc1qamgjuxaywqls56h7rg7afga3m6rgqwfkew688k,0.0001921,20.94,0.0,0.0
2025-05-26,8ce5c391cca9d864d8a4c4f3837eb45039e76b2038a114c52932f9d2e78d0bbd,in,bc1qxs9q3wc2ul5jnfqvrjymmf2qj3lnnrlh08uznw,0.00045715,49.83,0.0,0.0
2025-05-26,9f5486042c2a04be5ceb5417fca22b255bee8ab4ea093289ee1dff59a23d0d3e,in,bc1qcnqthn4tmx3cf5mkdn4at4cqlq76x42wndf7rs;bc1quhhlzp46zhx92q5nmyupwn68nc66xe9dg7tapp,0.00045211,49.28,0.0,0.0
2025-05-26,a295ebe40e603d2fc962d6a51aa506adc874ee60d840f3160b0fdffe1ef6fe2a,in,bc1qm34lsc65zpw79lxes69zkqmk6ee3ewf0j77s3h,0.00150156,163.68,0.0,0.0
2025-05-26,b630ef6c0057d25edf4e10abff31d1a316c459b64bd96ccf3838f1d23236254c,in,bc1qjkfztggmpggxph4ekgju7upde0y48jvgzmhjnf,0.00058884,64.19,0.0,0.0
2025-05-26,b9e50f104ecf4f98031c0f0fd75647e5353c6e74f0c06b6473ec3a0a3741e020,in,bc1qprw4hus2rznp477adew73f2m8uwauls5w3k8wa;bc1qsvzwv4c9uh3pzn2a6xj3muc40zm39huqdhsdsw,0.00023823,25.97,0.0,0.0
2025-05-26,c355129f436c993b9fae5e7b223d31db45ad3d7f1f2ff0bfa97a486a58db0816,in,bc1pzzccggx34sjrwuyxs8cd0lw4hadfws3tehwvg7ej7y492lzafe0qd72l07,8.409e-05,9.17,0.0,0.0
2025-05-26,c943f851424a767cc1ea41acb3d8c5b3ea25793154a80980f531eb0b2459148d,in,bc1qsjy7d63zje77yxrzyzq4zp8u6jy4fnas3rx98h,0.00018858,20.56,0.0,0.0
2025-05-26,d2ec7027f4eafd7c40e07e400705e59141c3e9f7c19229ee21d03fae337c7c2e,in,bc1qcsh97rm25h4xvtvzv89fxsdqzqcngmcp9ucwum;bc1qzdkyy0xdfescmy8uafmppz6y346ltep4znnn4k,7.079e-05,7.72,0.0,0.0
2025-05-26,d4b2090d71eaf56fe95ab49300868f1b05694f6adc5ce4a8868ac10a32f001fd,in,bc1qf8lrzvmzc48fet8le84780cadlwhekwm7ptvv2snglmkc0qynxjqqn8wta,0.00040979,44.67,0.0,0.0
2025-05-26,d6fb874e23d67384a8566d99015c4e0f6bc48716dd30c11b82d5c0f3ef8f7a8c,in,bc1q6wh296ahkcgjyh37qnqcg5h043cq2d2ep0p5m5;bc1qyz940vfhr7j7c803rejzvkdk2tsy4gy62kknzt,0.00021756,23.71,0.0,0.0
2025-05-26,d8d72c3f8386d8601295eadd7166621e91620c2fff34abbfaffb2563ec00b4b1,in,bc1qchaeayskz7eyakukzk3d6wfafzqmujqqnleamd,0.00012689,13.83,0.0,0.0
2025-05-26,dc52f54855e903742fb7a6efc95a0eec3ef6bc5cf169c3a7279caf8a7ac77ea6,in,bc1qhue6gy2yaek06yp78htmplvzve5hvwmxdu32jv,0.00054691,59.62,0.0,0.0
2025-05-26,f161a03fa1a52084f75349a6a5923a679fe16b9a453824ac8c2a013110934b15,in,bc1qg6qcgwttfvzjaadw05zsjd6t9adu6h3we2nfp4;bc1qnwflc3n70nexk5uhgexc5slwnnk4s6hzje7w0z,5.496e-05,5.99,0.0,0.0
2025-05-26,f2f2e15485ace07c92d379fd5fe628d8ef06b2e8ec261eed5be1e6d15636de71,in,bc1qjur7vxa9dct36703paurkyla5dd0d3vwr4zcu8,9.389e-05,10.23,0.0,0.0
2025-05-26,f379e1317dd02422e3135fdad1c441b4a98b9881b391b9624a4b3075d8a4bb79,in,bc1qw22h4683sscuz3spnjtv2nkqg2gma7z5lpxgc9,0.00014661,15.98,0.0,0.0
2025-05-27,09a84747c14cbacb217f75c23923e8ea31259c751b6dc1a8e9af34815ddbea95,in,bc1qaf9fnegwtk8su5gy3tz0x02049c0ek3n2pltef;bc1qsll9lsjr7f0g4fv4h6dq06mmlf3hnx3mqa9d03,0.00012471,13.65,0.0,0.0
2025-05-27,21a1ee8b89d6756be8f5676bf03087c7de808d70095bf83f87713cc2e55ed038,in,1LLEbWV8Z7J2ZrrGwB6auUjR41Gm9LmTjg,0.00015464,16.92,0.0,0.0
2025-05-27,3e9ec7391e236c9c828d1cb4b52fe74d13dc4ef592b76b97a403807e20aac525,in,bc1qekuesplmckryh05tzppwjlxdld4tdylgpar3d2,9.116e-05,9.98,0.0,0.0
2025-05-27,4f130568c72109cee99d96e237fb2dda792190238fca88d0c50b3f06a2e45c26,in,bc1qc5yjs826z0ntm3f838asu7mr836dpgmt2peumv,0.00015084,16.51,0.0,0.0
2025-05-27,506c9d144db6b67bbfab327e202462de88f186bd36acfe801044f37d0d3c8f1f,in,bc1q9knt8axpf06kthpmejrn2vjuh7fvg392v0l6zd,0.00155552,170.23,0.0,0.0
2025-05-27,65ac59b3701398e33662a1ecca4813457ab81963730f8df56074add88822ade4,in,bc1q55cz3lah96yxkqu49g3jvu2egz4wenytf9cu7e;bc1q8ls4as8892qks94ynu572napjkdtet000dr6xu,0.00027477,30.07,0.0,0.0
2025-05-27,6654fafb140bc3f9006ca07dacf658c50a86826b822ecddbc19995578162a938,in,bc1q7vjamel47at6lpz2lv8zdxxkv9e05qvq9m7m8f,0.00050052,54.77,0.0,0.0
2025-05-27,6bcb5ea5c2941d834ed4ec4eb7689e76f757591864ed9f6c5b223545a1e7dc50,in,bc1qlwvkxt7zt7vquy3j3zsd4ulq27yjwlapfsgsfcm7thksrzcm4ftsk8vxgm,0.00163978,179.45,0.0,0.0
2025-05-27,6f6a40e76eddc02d8581196a7feede40a542e52c6ef3934cfdcbcbaf5b410f49,in,bc1qf6p3ladphk3xd6d68vnklky3g0kh8xt8cknwe9;bc1qt80c46p77hsp3hlyy569mmp5gfydexxw8rgn79,0.00026614,29.12,0.0,0.0
2025-05-27,70a128aeb722e3186339499b8813a7619062ab410119fb7d9c6609ab302fce9d,in,bc1qj76r8plw94xujr0tg7vcfrapdtvz0e6rv0jlj8;bc1qlfx3vevg69tqyg4ypzdx09xkuhfwfyaljs2fnm,9.519e-05,10.42,0.0,0.0
2025-05-27,81b564c53b30a52006756af6c24f05e0be81d5af8237a594706f91e6e2a81345,in,36gedjPS92MfgdKg3zbBYrpLwKf7U1bS6m;3DH42piMRtvQbAhUbKzYHRU2x7fAmHmMJg;3NiufwUuJZnUHmgSopESaeLBJkALzJMcgk;3P6TQcUXFgkyos9x6EfLyYGBNb7R41trFj;3QSgCPBefx8qvgpwJNFgs2GwijdzVSfRFQ;bc1q6et3delxh72clqq4zc9n83n99f79rvgpl4r72u0w883fxycdmgastjl60m;bc1qrjp54y4cpy7qkyumq8fgp6yqkrfvwvxz8r9fpkh2mw3axfj0ma0qxensde;bc1qsy4ec9ct965a42sv35lq4l6pvgwemgp5xr8ka06x8ptk5t2j7krsvy7dzt;bc1quhruqrghgcca950rvhtrg7cpd7u8k6svpzgzmrjy8xyukacl5lkq0r8l2d,0.00088,96.3,0.0,0.0
2025-05-27,8d37087359150d89640fb7d7f795ef1cfa0def3610fa31dc167f82dbbe507237,in,bc1pzzccggx34sjrwuyxs8cd0lw4hadfws3tehwvg7ej7y492lzafe0qd72l07,0.0001444,15.8,0.0,0.0
2025-05-27,92edb61f8b8f9bbcb832c3eed9351a59e06403f3f62ecc0328e9036fa8c05fdb,in,bc1qtd9kmvyrlenafwnqalwzpjzr0juha6xeme7c7j,0.00018355,20.09,0.0,0.0
2025-05-27,96739da927a59a8ba3ed83a0069e04312118196fbd02cf36c646d61aed900a6e,in,bc1qe4xw8fh3xdsdud7w0t7mf7ws4vt400te2rgeqj,0.00091027,99.62,0.0,0.0
2025-05-27,97f33216a888099f9738ae2833f942ff972a30a93ac832a897760478c7e786c5,in,bc1qypf6zvz2pq87pss50xlf2ntfe0gz86rs5x5tsc,0.00020046,21.94,0.0,0.0
2025-05-27,a61307110955a94cfa4b60f5ee951af2afd64b4a9f6a60ece4b31de7afebc6ee,in,bc1qh6k9w8k8fyypwakl5j2jswxrjg9jfy0ncdjx9t;bc1qw5aj5j8hjekeffqzw9q835a5eq84nqrg244r02,0.00016092,17.61,0.0,0.0
2025-05-27,a7c68679d747b2cfbde894522ecb845523a4d61d56d94a85df8b7d34d097ccd5,in,bc1q5a3ec6efvsr45tw7qgk7vw7a2leytwd6rtas8k;bc1q6w7nvlzsw36sc9mjp9ya9zqy0dacdscr09gez8;bc1qjqsy0p7p8gjrj2texhvm0dst6f3ss77p3l9xxq,0.00085301,93.35,0.0,0.0
2025-05-27,aa3c5812d29eb5715673b6c65c96374f0df48b69cf97f5e7100774476066bfcf,in,bc1q0wu0tqp2u3rtunjl0h0rsl9pvf86acy6sep63st0lp7lgg67ykzqeq89pn,0.00037699,41.26,0.0,0.0
2025-05-27,b76d19e104c89cecec683d9d69a8ffebc0d512228d3a844a058df2336c46ecae,in,bc1q5u3f5eapwka06tn4nzpxa0zm5jlv3sk7z4m0tw;bc1qtwd6rlvefxhh4yj02hprearnvm7yghvkakkyqn,0.00031729,34.72,0.0,0.0
2025-05-27,c8c7c812810b2a163167574ec000712bf17092f12012c2e3c02e05129b37369a,in,bc1qftt3x4wzasp6nkuau9auud8935mx2t4s2kj50e,0.00091791,100.45,0.0,0.0
2025-05-27,cc25afd3c72dd9fe58ba3e90ab2461b47d25b73ea9cdf494c52b7400d58e50c1,in,bc1q9kh5jgaea90c4v99jwkwp045q0a388y4xdtlan,0.00022789,24.94,0.0,0.0
2025-05-27,d06b3e6d4fb2b68904b16b0971cc621730bbae25d5b8defd5319fed5ef707b72,in,14rFs7CZmCgDc6BGfJQMQv2YPr3A1CdCcs,0.0004023,44.03,0.0,0.0
2025-05-27,d34a408e6a7510904ca8c8a590e4a97a56caef136d03956056edc01d416f3fd4,in,bc1qktmnl6vgmm8470cu6kfq97lk5arst48cvh42j9;bc1qvrdx7ckdzmze2fzj3yckue4qz7lalykas9tf5t,0.00018201,19.92,0.0,0.0
2025-05-27,d9f3e981422995d888b07e1bce816cd25a61e0e983b075c7aa9313b61770dbf2,in,bc1qkgqdz05ft3yzx7tsgu4d053k06nw57acudhtza,8.21e-05,8.98,0.0,0.0
2025-05-27,e0fcef7376fd6bf527b57d9f64383e519c93c6da662573ea6116c8e8f71a10c1,in,bc1qaumtufz8u0aq9j0hycyqsjzntwxsyymrwy8upm,0.00046468,50.85,0.0,0.0
2025-05-27,e6769c31118345882a6517ae80904333d0c483b85e380861b72e51603abd9739,in,bc1qkv33htlq9npn6dpp2rdgfjs7sa7as3rxnm296x,0.0006854,75.01,0.0,0.0
2025-05-27,e89c6b4c15ff87347ce14d124599596851a6588b0c927d9272b310b405f59caf,in,bc1q6dhjc27t0rsuq8lrcp6zc3eu3ul7natps73dwk,0.00023073,25.25,0.0,0.0
2025-05-27,f020748da9e844cb43911a8471616d99207ecdf279f6d134744a1341db8e9fe2,in,bc1qcln5f7r2yx2gmjvge8m7gqjrjmgd7gg59h95uh,0.00024183,26.46,0.0,0.0
2025-05-27,f50a9246f713082869a3d59f171178a789cec25c05f64da6fc4020f478999fbf,in,bc1qryhgpmfv03qjhhp2dj8nw8g4ewg08jzmgy3cyx,0.00028187,30.85,0.0,0.0
2025-05-27,f7843bf7b176626d1f259460c9343faabe8e929343a5622d6ec420c66765f1ee,in,bc1qxssdhalyen305qa5yg2tsp8ck2xzwvlk5dmhp6,0.00030226,33.08,0.0,0.0
2025-05-27,f8e7f9b1112e0237dbf32f1810a60cd181d39ce47d4c1eea6d59b6f7990e0f77,in,bc1q0ffzhwhk0r2rgzm2kaj96l2df2z5j20756u4f2;bc1quhc2jkzu8u6rh34n0asqsxq6hg7u4pz33hrwux,6.57e-05,7.19,0.0,0.0
2025-05-27,f9896e8b624d21cbf63744e51a674172da37531b53c81898fc8f165fd1212ab4,in,bc1qpfq4phf8df6wwyttc2w3czxcsg0yg7mc5xzknk,6.345e-05,6.94,0.0,0.0
2025-05-28,11d601dbf3713aa5938ab7b671a30f691924b05b73b1a3f64f6866b90517b091,in,bc1qdfgztr0zfgnqu4ngh8c2psprwj7ks9hntrwput,0.00058979,64.25,0.0,0.0
2025-05-28,1c94da4e07d9ba37ba205cec797b6004fb62a9dcca80096a537fb98eeb689624,in,bc1qm34lsc65zpw79lxes69zkqmk6ee3ewf0j77s3h,0.00027968,30.47,0.0,0.0
2025-05-28,20a0f0a3f0404b323223d226d5e6fd8b167ee988405e0e5773c6437cebe21080,in,bc1qf54x07ksnr93zn2yf2ymscsef6caykd52vz4st;bc1qhur43t2j6u2038y5sdkkw08cf7t832l53x6m2n,0.00028524,31.07,0.0,0.0
2025-05-28,23ca8b73633b9c9c1df7d4dc741441f4a6a1ca20abc7176fbc6ac0c832064273,in,bc1qy4sgfee0zfmwsj7eny7zcfsfh4emqt57utthpk92y993mmydmwcqprcrhz,0.00113745,123.91,0.0,0.0
2025-05-28,24709cb6fdeb5f43568d87cea186c75e814e54fc1c498e07be6fca6c2804f6da,in,bc1qtlnfmf6xhmrq3c33uh8mm02znrmyv2sy873l0w,0.00039808,43.37,0.0,0.0
2025-05-28,247c747eda36a5b607ca6f9774228a88dd36c057505c4b0b941e0dbfc0993d09,in,bc1pzzccggx34sjrwuyxs8cd0lw4hadfws3tehwvg7ej7y492lzafe0qd72l07,0.00021578,23.51,0.0,0.0
2025-05-28,28eb2342fd2017ada471deeb245eeaab6b670aa192569218d19b09318a3aa52d,in,bc1pzzccggx34sjrwuyxs8cd0lw4hadfws3tehwvg7ej7y492lzafe0qd72l07,0.00010161,11.07,0.0,0.0
2025-05-28,332340cdf78e25a138307eeb3c26601bb8b11ba309220f660d54464fa2b4cf42,in,bc1qzd9k63azwrrdd2mr3en8nmxm2u946n2xlteeeq,0.00024767,26.98,0.0,0.0
2025-05-28,3bb2aecd7eade798eae941844c76a5cb9740c690778e849e13ab4c10889555ee,in,bc1qwtflvgnh5g58duy2a0q8hg8mefvrev8azuftp5;bc1qx04zz2kkxz2fmrs2mtr46rhwtdxtq388ku02rd,0.00032313,35.2,0.0,0.0
2025-05-28,3e1bb7775b6a83d70322d1482982756c38a8d957c0a18b35b910c3dc7f71481d,in,bc1qtysfceh5dsls7zus0fppcvyfdnkpuzgcc5usk8,0.00057836,63.01,0.0,0.0
2025-05-28,4e145c884ea1ae59c51bf62830b0ebdf85c4aa55ce0286baae61f03bfa22dba7,in,bc1q5ydlq2q5spwqr0wnt6yp8wha2m905l4dh303xv,0.000176,19.17,0.0,0.0
2025-05-28,4e96ecf15184971097065aec4e73fb86b331e68c2f20363275b4f141ce26d264,in,bc1q8a7lgypylq5w5pgmrkvec9keaq23lzzs89s5vv;bc1qcghchwgw39n2afav3da4rkd0lzwlxty2u4uxxr;bc1qpsf2nkds4cclhpk7xwudcaeqtazht0j8lfg0s6,0.00010165,11.07,0.0,0.0
2025-05-28,5c4d666b35027f9a081267a315f2fd873f546f40d91b4e7a3fb5b37c017f0503,in,bc1qnt8mlnszkgstpm85eg3czu5r8hhk5r5zw9dy9q,6.96e-05,7.58,0.0,0.0
2025-05-28,5f4c70bf74fc9625c268911b7b271ff5db086457c826ade9d89d92e90ae7fdf4,in,bc1q0wu0tqp2u3rtunjl0h0rsl9pvf86acy6sep63st0lp7lgg67ykzqeq89pn,0.00020921,22.79,0.0,0.0
2025-05-28,5fd63eb4a381078cab33f96d2724c04904ccfdb0a117cae14335d3e33521700a,in,bc1qddc7njkm9dw6mq97xstn8d2xh7ts2794axt4y8,0.00034996,38.12,0.0,0.0
2025-05-28,6460413f6773ab8b24a11fe6719a6c21a8139e3c4c869ee71508a20e23279bf6,in,bc1qcevslsm8ad3tu0aqyjw4hauywl4dh08uvlvpav;bc1qgwsj3eh6n2q95sf8vr5f5gzurdjwn42qd8aqeh,0.00041743,45.47,0.0,0.0
2025-05-28,662f1804cbf03902a76bd3c17e6a41e89f912057be54c9e7534e65c1f1bf5dde,in,bc1qam462l9ugtn6angq3s6ne2zfna3udwpfc2z8s4,0.00076885,83.76,0.0,0.0
2025-05-28,6d9ed87437a806a29828b7445651caa58fd39b0e914da6d6a3a2ac20b7e4ff9d,in,1KkSjz4Q2ttzfbF3KMrKMukRWJLz4ks32E,9.29e-06,1.01,0.0,0.0
2025-05-28,6f171e99bdba7035784e9a2ff4135cbf6dbb94528233c11bafd90f763ba4d150,in,bc1qxghe54yhjvvug4tx39dmpjkhnauzm8z7jw3eax,0.00049827,54.28,0.0,0.0
2025-05-28,6f90ef37ce7b176f4a518e2a5da7a666303a7131d72f21290948b2571aba1569,in,bc1qcnp98sseq8vc3484kn0vgaqnungkggkefz978m,0.00026223,28.57,0.0,0.0
2025-05-28,7395bea2ab460365323a37b2bcdf928c2b83bece5f394d4fd09f485e20e9223f,in,bc1qk4es0zys4jy6h9y89gyq6yzjz2gz4h9jteg5ck,0.00013973,15.22,0.0,0.0
2025-05-28,80cb294ea12765ce33caf2717d2e3c5c5783de04d70676461d8e6e45c86d3058,in,bc1q9lzyne4cj7angavadt0wx20dzsqusa07grg4s4;bc1qzcm6fgcnruvjc2ffskqdcpcen5ujq9egjzw06w,0.00101627,110.71,0.0,0.0
2025-05-28,953481db40e76807de0df032896ca40087c2f01886fdd7d42de406400c6d3774,in,bc1q6x5df0ssqkxf7sus5n9x339upgjvcgazwjuanr,0.0004311,46.96,0.0,0.0
2025-05-28,95cc0de3bf0e4cf51f2592ca0cdde8abde601efb4f3b181782e20cfbe2c7e11b,in,3QW7XosrMAxK3A45irSQ5RGr4ujM2KtqF7,0.00028059,30.57,0.0,0.0
2025-05-28,97c535d168ae03a119de547e6a7af0a702d3e2cf1bcf31c8d0361f12b10c2371,out,bc1q7hwqlag9a9pejrjmm52ts9jddxq8wxhtle8ez3,0.01485626,1618.41,0.00013402,14.6
2025-05-28,aab002e24c64660c1e6ab7f4fc53b5d00dcc4d827270bf178b46cc3f2bdf281c,in,bc1qgvgg68s88reyvyhm5txdz6nf23mvke9pvp83hg,0.0001565,17.05,0.0,0.0
2025-05-28,ab8486ab25c6a8852d70d9728aacd3bc76e67528826f2c5344b1c2f4076a54a9,in,bc1quxw58wq3nfgl6dpfs4uzh630pv9yjhm9jhkdpz,0.00013978,15.23,0.0,0.0
2025-05-28,b39487b677153205636fc8491368f6b28ec533ef5f4294be94f296f3ab8f05c0,in,bc1qtd9kmvyrlenafwnqalwzpjzr0juha6xeme7c7j,0.00027926,30.42,0.0,0.0
2025-05-28,b529f87710582789a39325701a64706e7bee947577b63f2a84d37158a046c094,in,bc1qd6u2ktskskz8yr25vq7zwg9lfqcqz4dn4zc4wm;bc1qqmdap0r5udukg53jl5t04rlq4txret66mmnr9v,0.00023278,25.36,0.0,0.0
2025-05-28,b66b8997f006fe9b63f42e1f1d4afcd18569f580f75804acdda69be85aa82ed2,in,bc1q80mj9s3gydt8ga6gp2sqzyyu8tvnrd78xse0qc;bc1qsm0g0w35kdhph0crp7dx0u99uh9zsn7rn47y0r,6.455e-05,7.03,0.0,0.0
2025-05-28,ba45b4cffe82d7af064e35a750dd8c546608461c6065c2e71873b12d3bbe7a82,in,bc1qgkhnhty4lc9j38cr3t87dkhm0ptwkk9l056ymx;bc1qrkwfg2e8n5je9uas7wa9tv69p80qvff2ulq200;bc1qryagnnpgs9q3q7njdumpydq9w9t0fktw3c0kkg,0.00041258,44.95,0.0,0.0
2025-05-28,bde254e39ae54a3049184b878702626921ebe4f8d746996877d80533167b02c8,out,bc1qxcdqxknmdr2ys2lf5u67zxeew9c6k2njwl0amt,0.022753,2478.67,0.00022578,24.6
2025-05-28,c38092af7dfa64b1d90d92d47eaeae7b525381f05587fecfd09a5d40039fb979,in,bc1ql4d2xewyk3yd2y05uzcf3f2s46zu77zm3xagww;bc1qlsguv873hy7pccfjj83ashl0tdy0q37q0wu5sw,0.00031502,34.32,0.0,0.0
2025-05-28,ca703cc1d357d85e58d46a894fe17e2c9ada2c713aa63263d751947ddc14125a,in,bc1qm34lsc65zpw79lxes69zkqmk6ee3ewf0j77s3h,0.00036,39.22,0.0,0.0
2025-05-28,cc913d74fe636a50b11997e21484f39dcebcd50125aa4f364c132f53be9ec702,in,bc1ql9dy378rnyuamla89cw9dx8m0jpqvf4qh5rn9c,0.0006167,67.18,0.0,0.0
2025-05-28,d3f247638cc970d9701231a0d24e1da1e2a5afb675853547d549c2ae08342df1,in,bc1qw25xn3pcfvys92zvfm7nd0zc2acw9j7hnskejw,6.424e-05,7.0,0.0,0.0
2025-05-28,d68353e9afdc76f553450f7d240648cf93245278e7f50befde9229981f8be812,in,bc1q02xahzw50tfeccdrg4te00zknwhd55w9xlulwp,0.00010172,11.08,0.0,0.0
2025-05-28,da58f49f2f4d295b1828c3d84b4588904fce0af1e0d1f6105d42db61e60fa0cc,in,bc1qp2ar9qlrdply69ymprcr5z8jx47qsjn56qcgcw,0.00033252,36.22,0.0,0.0
2025-05-28,dc64d078c247f9325dc599699fd43a9fa296c27421cd6b77451f560daded6a9a,in,bc1ql5hwld35mtl7ssx3smus5mux6z4ywnmmd2ayp5;bc1qu4jvkyyasaaawjl64hgceu8475f28uq80pmncw;bc1qz29dxyvptjkryuemmxtfmqxfh893c544fnqzvs,0.00040209,43.8,0.0,0.0
2025-05-28,dedc13d7e9e8508deffed61154aa745e5d04e32e2d3a7d2e2da4a6f37cef54e4,in,bc1qtd9kmvyrlenafwnqalwzpjzr0juha6xeme7c7j,0.00016549,18.03,0.0,0.0
2025-05-28,df18d95b1c0d12105444814a411e5f1681dab5ff5570b22e4c2411451105c1a6,in,bc1q5jnxzw4xn3wgpexrzrrs7u8qse4rq8kyl0gz4v,0.00023037,25.1,0.0,0.0
2025-05-28,e17a04e0f0a9e9fd4b9f905f6a12d6b0f86b58805eb82ca4439711050b83ecb6,in,bc1qf2r8rmenppyuh2z4pwxul9x6dzm8u92p8s7kes;bc1qrg9alru6hm86mykgfzmr7mq3v62cnk8ngmfje6,0.00042725,46.54,0.0,0.0
2025-05-28,e32f5f54522449df45d3a3be1fd8ad72b8c33a2e21972e0c04768029cc52affb,in,bc1q882u9seu782p87dkvj94ycua5dcf9q2au0tyxc;bc1qr9fy6lr8emwnv23v9ewyymeajsmvqt7lkcrykh;bc1qxphhctpm7su9j337fxuzljajmq3ytcu8pq7re7,5.305e-05,5.78,0.0,0.0
2025-05-28,e4edab0a150c656326c8327488ada3d5d1a6f099aba42bda2a039950750a5167,in,bc1q8h9he9mvguuydafhn7uznp45tzjfrw2fvllj6q;bc1qkcd6q7eshv64xxyfgarxm0q57zh7van6a8qq3w;bc1qvwmu2qz44gddtksgz4carf7txne6dljqf4pyjd,0.00032244,35.13,0.0,0.0
2025-05-28,e5e08ff22d1594096125252a028756bdd3b2e92e8d12a0344c7558f52168a237,in,bc1q5hk70mdtelsxrgra2uh97z4yttjckemkfrgfcq;bc1qd6yr0azd5f2dc5m7v7ajh3lkrw6qxjucsj3uxp,0.00014306,15.58,0.0,0.0
2025-05-28,f2971990aa1e58355bce1881017feef7a46aceabce3b30714bbbe8c14324246d,in,13drB2urcCVKEXH3dRBCpotYo3wckwMtUw,9.29e-06,1.01,0.0,0.0
2025-05-28,f764a72bc747d56ef05a1bba13607c3e7e898a31f925e58716538ff0d84dd08b,in,bc1qwlpnjnxy4v5zh2zs6pd047s8ap20ff966euvht,0.0009735,106.05,0.0,0.0
2025-05-28,ff9e2878483b27c4692a241ae72ec0306b756207f48368743261f94c5302fd25,in,bc1q58f5zhkhc6jt69ag4v25wd8tnd6f4gry3swzn5,0.00018897,20.59,0.0,0.0
2025-05-29,015863f583525abd9a2d6ee429488a1087475c6618500c7ec0554c4c7ef171c1,in,bc1q0gkrny9essv7gsz4033gy24w5kz32r22lkthkd;bc1qg9djjh6asg3avxxvsvm6pnapxjqdhxsdkvnu3q,0.00037434,40.35,0.0,0.0
2025-05-29,0193a1fc6f252831793b21529d26d40685ad14bb86fcccfcfa8922a0c5619c94,in,bc1q0pk6ghsfhj6ndr628gk4a0d9zmdxwl6p5t977d;bc1qz3hq8xgh9p6uxzjp3ucg679tptjtdyy0asp8wk,0.00023222,25.03,0.0,0.0
2025-05-29,03e9c453f02ab06da59f286d57c8bc7172915a76fe925257a69faae9c08f6e81,in,bc1q8gum2r9fenpcxwgqpkarpjvtyrsrpgd7atkneg;bc1qz0yutfnfp9egeygtec7kxgv4mee3chmnpe7kv5,0.00019461,20.98,0.0,0.0
2025-05-29,0671f08ddfd00835aae2427b178adc4603d87ea40be069ed5dbc131fc06529f7,in,bc1q29ylu5m83x7gre2uu0yyqtkegx8uh8ct3g28g6;bc1q4t82wv46qfhkjj2lux9yvwp0lgw4qsefre40q3;bc1qhmwr9n3ytkscdspt6cn34csdk8umgxqvx0xhu4,9.158e-05,9.87,0.0,0.0
2025-05-29,082afac9af4f4ae8f339709fd811a7e25118fa7dbbfeb2829da605d756bb40dd,in,bc1qv7v4z8ehsv5wryqckhvn0wrucdz7p66yaycslv,0.00042188,45.47,0.0,0.0
2025-05-29,08f725d7934c5af1a809162a8d50dd8410c47334332f8bc10c627e91899ad163,in,bc1q26sxnyfakevfk4lrn80aznrlpdq6sm9r75cv92,0.00024512,26.42,0.0,0.0
2025-05-29,146df116c6bb9c84f12f05e07f33236a2b3e67386fc301502b12cb1805daf8e3,in,3HgyAHWoKuHz6Xk779EX5h1j6kPo2RjFCr,0.00324,349.21,0.0,0.0
2025-05-29,17df8b80fc4f99bd41e8fee6861fe9f3460f135cd11d416a43807343c5fe3e08,in,bc1qar4rccha56hq6fmv2tekzk6zlw4l8je0j8e43s;bc1qqcfmf9a4wcs709p7lrz6f5hy3ge28uns40nzs3;bc1qvq6sjvvsddy5wuw65qd7sj60ecekys538uy2mr,0.00047254,50.93,0.0,0.0
2025-05-29,1b89c0389e44ba3cd1d5a0cdca31a728f72053016d164b8c848cc7becdf3e239,in,bc1qwlpnjnxy4v5zh2zs6pd047s8ap20ff966euvht,0.0003795,40.9,0.0,0.0
2025-05-29,1e1712075bec2ac47c6c0ca182a21fb4d8b1485aef4f80e5896bef0b2145d138,in,bc1quc00y9emldm2p33smvqadhal7vyzpst04e9ejz,9.232e-05,9.95,0.0,0.0
2025-05-29,2906ae1d0c26a54a3e7772620bf78f8be64a8e5dcc760d1efd510db240723c5a,in,bc1q5gwrd98gf7rpamds5t400u7en5ape9wstlfquu,0.00077138,83.14,0.0,0.0
2025-05-29,29dfac5b1b669e232a151f1ea8f52ce210de0d36f7544b0e958a3e51e6a181bb,in,bc1qcx5xuvfyvsmmsml94m2lujneus00c7p6j2wfn8,0.00073951,79.71,0.0,0.0
2025-05-29,2a59c26a12a746b070816a12df5b3926316a540b82993ee07b72b16a93cc175d,in,bc1qx8cjkfxac59xlater2n9g6xt9862h0epkr9p6f,0.00018559,20.0,0.0,0.0
2025-05-29,2cd1db4d0a788fc9958954b09946cf1ece9a23b02f483fc2667a60921d9ea629,in,bc1qsyxstauaz7mf6n7yawfwma2mdxccyvzzv8mehe,0.00013223,14.25,0.0,0.0
2025-05-29,31632f7d2866bf3611299df6a54388a731f5ba4f5af6e029d224dd5f78378561,in,bc1q2n6ehwyp3nlm3kvvpt08k5j76z5448d3s78hsa,0.00065947,71.08,0.0,0.0
2025-05-29,31ffec81bb0993b960c58533f4b5376d0c443438c732b9f77d135f3e721b53fe,in,3JS1RsJgEBTyzDhP1pjAyTowSoYbn4doTi,0.00092,99.16,0.0,0.0
2025-05-29,3ed3ce1a4dc2f780035fae20af19d2b6819d951484298d23a3f97e065ddffd80,in,bc1qdn6qm6ws9p204ydxvmd3d93fe7x50l32z37myw;bc1qtq34rgm2nzhhhcfnugqwqppczn238zh83v8qjd;bc1quwg0q0ngtpmvzm8fwarkfx7m2t0546g9wrpvwm,9.043e-05,9.75,0.0,0.0
2025-05-29,40b99bb7bbb3aab28f9c156a301adfed75ef804ae0a79c8d2dcc25e6ecb8411f,in,bc1pn2sgq4xw4ctp8utnswnlajt2xnw8tl5zrt5ae34zqafssr8k2dls9sd75r,0.00060878,65.62,0.0,0.0
2025-05-29,44112491e91b29b8da2acbeaa4d639fc7bb02dfd3512d733b724f1db40447863,in,bc1quc00y9emldm2p33smvqadhal7vyzpst04e9ejz,7.447e-05,8.03,0.0,0.0
2025-05-29,504bce43f0d5d82a6b657c955ef83e405811da1dbd770f72b0e215df250b8310,in,bc1qxy8fjswhalalpzta2nrhs7fjcuwff2u46g56f5,0.00014545,15.68,0.0,0.0
2025-05-29,549c53ef5247a9db49e44a2d674c62ecee089b0cb8abd46b49d3e315536cd03c,in,bc1q8uvrf3x8rtw4yqj5qerec7tjwq05rjp2kxn37a3ttrpam24cn2aqyxcjvv,0.00021729,23.42,0.0,0.0
2025-05-29,5aa8f34dc46b97c796eba27b0db7a49c7ef746f55e4854cf65269deb2721af24,in,bc1qmj39t40dwp4s5hjmc8zxnrh6mamj4py28jsp4v,0.00013445,14.49,0.0,0.0
2025-05-29,5d84cb0c9f9ab793b9d3ca431bafb41a40007a3be730de74bc5cfeb6ed5219fa,in,bc1qpy7j4ck2ytthl8lcu5cm6ryjeu0nr7sk76q4zx,7.96e-05,8.58,0.0,0.0
2025-05-29,6060b9a5be1e0f27fdffe89630eadaba99250af2d01a2a33ffa6b0dc73bd6ddf,in,bc1qpas9alv4ahwkj0k4f6qn3c8ltfzkqqnkdkad9m,4.196e-05,4.52,0.0,0.0
2025-05-29,672062849d818d6031e25fcc9e7a74815bb18200ea533071ec2a4ff947cf94a3,in,bc1qs6pg2mx7g3jjwrxu5lky9xm62ggfga8kktvd4s,0.00015427,16.63,0.0,0.0
2025-05-29,69bf3a079cba0b2b3d222a36bf84cfdf7b2297eb3d8adb275126c2a12c432ee0,in,bc1q2n6ehwyp3nlm3kvvpt08k5j76z5448d3s78hsa,0.0001543,16.63,0.0,0.0
2025-05-29,69d86e4cbbdb2061849d7280dbd143eb43fc9bafd9f213cc47f3ef66fbb5f9ad,in,bc1q6dhf8nhnwr8gsvcw9n9k76y80rswna46jxun6m,0.00015393,16.59,0.0,0.0
2025-05-29,6ddda7b69fff064e380d3501e2a9c10a511d747b9b284a4bdb69ba074f513520,in,bc1qazzcmnyy24pe27jq8aw40qe6apdvfuftyld3ht;bc1qpx3as7xx0tvqjrct74grdxh3cvcsyea5vet5c5,0.00010398,11.21,0.0,0.0
2025-05-29,72df6144a203d7a97e0f4f57d483aa80b66e3eac1b5b5b54de1cfc53cf7b4eee,in,bc1qsesx4p7ttwd22djnrelr7qgx2x7r3qs3ge4z33;bc1qwmv4f7cc3dkssdvlw6nx8wzafjefqz6j95lud0,0.00014485,15.61,0.0,0.0
2025-05-29,8934aeee8205c155e0e3f1be9f246d504b8c37b85165d61e7fed5158ed4d1cc8,in,bc1qtjv9370eg8uzgmshunph0l3uzjt7hxzuvxxr0usu6784q24ne7wqufnvn9,0.00013901,14.98,0.0,0.0
2025-05-29,8fc62149a6fb3a9630874d1fbe15b0c1abe843e6fae83c4bf1faebdbe0060c98,in,bc1quatx3c09rcq874n6edgnfkhde06prnvgpkaqpu,0.00047414,51.1,0.0,0.0
2025-05-29,94b5ef530f77e21a3e9829d0c8617913979df067261a5be2fe1e919a00685167,in,bc1q47vq4y2vvq28flvqj379zjh62lv48e3svn2a5h,0.00045941,49.52,0.0,0.0
2025-05-29,984edde178970fdb25e587322247cc066991fe67e971350ead22d1befb8ead01,in,bc1qwyewqq8crfg0g6yr270mdh9csyxfcgx7spc506,0.00010751,11.59,0.0,0.0
2025-05-29,98a97a9aa4833a0ffb93816bd241d5f3d67a269393d3576273768d403ab568e6,in,bc1qn7janrzls5tsa85y7ahzdz923qdkduxgwk98xh,0.00018939,20.41,0.0,0.0
2025-05-29,99ce99428c90ab24d0b2c591903deba708d780062f9184f31883598f9d008174,in,bc1q8nk53cacvpqtfm4pmufgtphesc4pr6dudckldr;bc1qrrt2pq8agl7zkzm2djlzdws2tva8w2sn3zjtp6,0.00025954,27.97,0.0,0.0
2025-05-29,a01a6b36e21d1c7ce4a0df0abb9ee33e5885accdeb4764d1d5cac02369eb18a9,in,bc1q7d4hcwjtwyzmyla7ly5a4yg4tjvxaw04dkprnjr9j7xpzju4jc8qfyj9jf,0.00012762,13.76,0.0,0.0
2025-05-29,a8455d99f19ba715577ebda1652953e954c183069ad4a49488cf23795b88982f,out,bc1qkf79zs5w2zuzm8v59jhp8tgj2n3cqkxt4l20fr,0.02146969,2314.04,0.00017546,18.91
2025-05-29,a8456bd7cd3b931949fb5e66a9389f7de3fc7a20f57b211b985c09c4d53d77d7,in,bc1q0vfcqhj68rhj79yt83dztgaj2ck8u5xmw70cs9;bc1q3ar6xrj7273dmd7dg5n4dpyq00zc8wpzwcmqsy;bc1qh5l05gjnw5rcx6we7z3jcls2env528uflxn7j9,0.00041925,45.19,0.0,0.0
2025-05-29,a8acec15f41d068ea8c85df412c98322efbf260b5516f69a76f7139d7632785f,in,bc1q78v8x0zs3rmmh9gfaqvwv5nqn5lrpxcgh8wplh;bc1qtwmwgkfqm2gkrrd7qg6s0mvq6m9u7telj4l8nj,0.00023187,24.99,0.0,0.0
2025-05-29,aaaab070d1ee1add7136df4a9c49e6d8d73d8bc80abc19a17b94621bf66d9d48,in,bc1qaddu0zexl23enhmz0lf20avegynftl6v909325;bc1qsm7kde06w2m2s94rgd4z2wwk0sh0pxwud9q78y,0.00086377,93.1,0.0,0.0
2025-05-29,abb33fa2e49beb53b3c0ffbd3f5f049006ff4db9af0b20f52d1d36e541d33269,in,bc1qr2778e85leteyjj2c3kmgm0jsttuewwy6jc9l9,0.00020469,22.06,0.0,0.0
2025-05-29,abdcd4cc45b5451b0452beb298f2a91b6e052e93c2beb84a0e0f6bb5b0323d92,in,bc1qkle8ryz35hvewucqp9fzcqs0dfclallks5j7dy,0.00048895,52.7,0.0,0.0
2025-05-29,b3ef99e4c2fab08fc2927ab0064b39ab2a2eda191739ec597d3d738527118657,in,bc1qg064wg7xgktscs5g57uxrmgp3t06slya56wjy4,0.00022041,23.76,0.0,0.0
2025-05-29,baa4504781977f78768fcaaca53cd1b6a6451e49bf68cc6591eccc4ae944aaec,in,bc1qcpe2e9edkckypqndptudqxqganj6njf69sf8mm,0.00041622,44.86,0.0,0.0
2025-05-29,bb167190efafd18d775b54b6bfc40b4d0905b8f429d0b0a4544f3ac016312c05,in,bc1q7lc9cv5mc62sv5gg9rzzw96ut2nhh843w95dzh,0.00010681,11.51,0.0,0.0
2025-05-29,c513ea036905be4c448cceff3390e6d605a8368ecf1ed22aa862cfdf52bce98d,in,bc1q3na8pfzcc85tec0zxje3yzf74u5y343grcdf6c,0.00027678,29.83,0.0,0.0
2025-05-29,c6e9281e6374d7eac093e7b8d543b8dd91907dff68a4e8d07d077f135614c7f5,in,bc1qvq7zydftn4hupcryvslfxkx8073y0p63ne4jde,8.296e-05,8.94,0.0,0.0
2025-05-29,cca34478ab86ea8894b937f7be9203269a175d1c80310a61c07eec01513c060f,in,bc1q6ksdvxv83rgxa2wfxw8wydds2qsdshfwv9vxnn,0.00044,47.42,0.0,0.0
2025-05-29,ccb58ff86c82c187a411ae550ee2ab3eb2b7a871c9b9f029c4e424022b557126,in,bc1q46ugrvdc9lxm6hta29x3mxfwplrxyfc0k8depp;bc1qmmlg9zj7tnntsuj893ug5k0yg8g5ewfqydswqg;bc1qqnuxcgsasyqu6eyx4l0lhazmwcfv382qy70cy0,0.00023369,25.19,0.0,0.0
2025-05-29,d64e98968ae8ad584ceb51d322d3335106baa7340e63b12bf6cf72ec70485c4a,in,1MSaVhvAfksLXfCZsYwZYARdCMjdvu74ZY,0.00023515,25.34,0.0,0.0
2025-05-29,de5d9b328744f2e8299c2254df4aa6f43d6ba2e6a4c3a26e8abbbc8ce4413995,in,bc1qlu63j220mc24047ru45vnuq8j79j4teg9fpc5x;bc1qw9km25633cz2furtdyqlhhrssyxxj7qh7d9tvr,0.00023039,24.83,0.0,0.0
2025-05-29,e1f3097c4e72723e89b394621b1b6b8fd05e4eb3d00eccb165b22ba3f3a3f6b1,in,1LJBMo1F5qFiihxdiQH2Be4JeiqqpqCa8U,0.00015086,16.26,0.0,0.0
2025-05-29,e31897c2e3064d64d773c5ce5884b640c724c357a54d5c9558cc49a839b613e0,in,bc1qc2r853khlf4xse40u5dgve50nnhh4l5f8zazrr;bc1qk5vykuy85qtdwssug5fp2uvrhq7kvvyfrk0he6;bc1qvq2jf89t9ca08a0dh7csk3h9kjjx8qj7ranm3z,0.00024286,26.18,0.0,0.0
2025-05-29,e6d398e3ee2c5c1c0db6cdc45a35632ac38e7b71d6cccb1e7f3d91bef8e813ee,in,bc1qwwthuvlxgjsmkl7tytw4zh7766np6pmwxyxmse,0.0004,43.11,0.0,0.0
2025-05-29,ec318b13de1d69477e3cbb8f34e08cff16598fb8d0d2bc95c1e4d97821634731,in,bc1q2e8adu6wflycqevmtvh3uugq8lg0ps6x8jjxj8gp5npqdhtajk2shefv9s;bc1q9qw7cssjdu478wx9gr2e6r0z2fmw49ltezcm6jpnz9mzmyl645jqe3yk24,0.00059019,63.61,0.0,0.0
2025-05-29,f8fa96150e4876392bcb6c103e7e445b6f145f7cb6589f4fdac42e8b7f381703,in,bc1qv2ln70ght2epxcqwknd6h06at7v7ua8wwx37k5,0.0004169,44.93,0.0,0.0
2025-05-29,ff5e3c30cc9f993fac6acb441a328d6e8d720c979796967dfc6329a0cb52359f,in,bc1quc00y9emldm2p33smvqadhal7vyzpst04e9ejz,8.426e-05,9.08,0.0,0.0
2025-05-30,0e3706cf6dbe6740ebec3136746cf7dd33bd2bcf7546b5a88d0ff180ec1f9987,in,1EmicEG2CbBSYHG1jksfevW3hw1P6LNvD,0.00067879,71.67,0.0,0.0
2025-05-30,196f9a689c78bc1411439e3a04234bc2badb5d0711aa52b50e72c1cc609c0db5,in,bc1q4llx0h2m4sydg34tcz6xg6q946gd4qwlfnfytc,0.00025893,27.34,0.0,0.0
2025-05-30,223aa9b1f4791af2d871bceeda3c247d790cadad3e0f012abce0383da7dc084d,in,3N3DTkDbHFCDiFj25mvC7objvv5U3Sea4h,0.00047598,50.26,0.0,0.0
2025-05-30,2485bccb89e1177f3f4c1d3c0c587bf7db400a33a656a7fdb43b6370cd4f572f,in,bc1pzzccggx34sjrwuyxs8cd0lw4hadfws3tehwvg7ej7y492lzafe0qd72l07,0.00014832,15.66,0.0,0.0
2025-05-30,2dfed4d918641f22c29385ab6ac5552d12056de9bcd4da499d74c3de248682bd,in,bc1qje5yj0v53lqyxppyzgevwy086w0vuarp7eyehz,0.00021811,23.03,0.0,0.0
2025-05-30,30b526855cd5dc371a16fa522dfd6ecba38f0a5eb590bc4da9f517707082c505,in,bc1qs9g3h2p5jf7auekmy6pgfu9a9wh8c46pjn8v22,0.00240299,253.73,0.0,0.0
2025-05-30,357ed1e7984e2fcc70cb0e3564625e75dd7c6294532bae8f114fe7fb02208b51,in,bc1qnu4pswnwdqqcpgzuynuuvzza0yy3qwerlkpqty,0.00044348,46.83,0.0,0.0
2025-05-30,3780da20566a97bdaf0a87009d57776de852ab5582ba9d2e5b448d10cff39115,in,bc1q0wucsr099czx08a07xywmpp8sjemqqtxdx3ufw,0.00010377,10.96,0.0,0.0
2025-05-30,3bb9be29b90436b4169761d85a5d557663db708f48a1c6aaa08406c2b03cacd3,in,bc1qyz22v0u3cszynj0kaullc0gpvq5jvj9yrxzt5u,0.00021565,22.77,0.0,0.0
2025-05-30,40ce2d0f56c7e73e5ccd86fa4a9a042485236a85934797aa530d73f9de1c9b60,in,bc1qv2ln70ght2epxcqwknd6h06at7v7ua8wwx37k5,4.717e-05,4.98,0.0,0.0
2025-05-30,464ae502fecd28fef462636fd0adc1b47a9bbe3915999ed72625a27995ac10d9,in,bc1qee30zagwevmxqh7q8v23ekmf0evfpttjxzdx7k,0.00017009,17.96,0.0,0.0
2025-05-30,4806cce8f48387376e6d697ae16af4e95269ac678f43c1b954417605a4fa875e,in,bc1qgyjaman7974cuwmk3deuc74jjkfpp57dq48s0l;bc1qsgrpduw5g5ehxyf0l5rgx0rrdsg96q2z2fxn9c,0.0001953,20.62,0.0,0.0
2025-05-30,5c01f81c3ee6a36e760ed812e066b298e048dd717842aa4085f1691cb399e137,in,bc1pqs2plkhemmgwu23efdzk5lrvjz9j4zd0u6dw3emnfww9a0crsezqygxfwt;bc1qdtlu6ywktupv25my9l9543xr3dflymtylx7l4zeu0waecxe3tysq3e4cfu,0.00025283,26.7,0.0,0.0
2025-05-30,5d192d418952d9cd2fcaab2f58c9807cc91667f08f91c786497fe94016a55135,in,bc1q43af6lste270rnl7ycpntqf0847vtu44vd8ghl,0.00010107,10.67,0.0,0.0
2025-05-30,66400e892db19bb8388a9fd8735902399386b93380a4a4281910036cfc5a141c,in,bc1qamgjuxaywqls56h7rg7afga3m6rgqwfkew688k,0.00101807,107.5,0.0,0.0
2025-05-30,6c12b68e46a7bc6dbb4a224274eb2c2ce32bec8ef127c657a1a0002f9987c3d8,in,bc1qs6sn8ecc688m8t7ywt2dwv837gnae0g9h942lx,0.00046465,49.06,0.0,0.0
2025-05-30,6cca2d060589a3890c7cc140b45412e9aab67f783305d08fec2f2155e883b757,in,bc1qzangwqgqrktsnww3gz9t4qn37yrcg7pm5fgjq2yvu9c92gazuy6swja94c,0.00016125,17.03,0.0,0.0
2025-05-30,6d446b99aa0daa726791724e9ca5c398a9b628c4f92b3feb9bb2377173fff6e3,in,bc1q3l26m3mcmqmed6f4d7fxu44dkkqhe57p49qflw,0.00042387,44.76,0.0,0.0
2025-05-30,74be4b4ddcb73dd583f4dbf1fc10d05765c55c4c295ebd22653ada7b13f28d6f,in,bc1qw22h4683sscuz3spnjtv2nkqg2gma7z5lpxgc9,0.00019548,20.64,0.0,0.0
2025-05-30,81332469d6c9d0388340e317cd854f1f1e142f72eef8bd27ccc4e6d15d827ad3,in,bc1q7cu6ul0k2jkgk4f6g4f2n2ewm6x8ylwspaf79t;bc1qag4l989ekpxv6fs98v5976p7uheqy04nakc4y3,0.0002876,30.37,0.0,0.0
2025-05-30,85ace746f91bcc23d9cb2a03cc0df22c47d4250d821728b00f7923687b80e094,in,bc1qtsvqfta7hc7zpw6pfmuptvgy6f7as5n633nwlv;bc1qzccu5lzxkcu7j3ajrfqyxwnzt3n0xcnmrwgwj7,8.809e-05,9.3,0.0,0.0
2025-05-30,8e6af2761e349d9d9447197c9d373de87197bc75ebefd00b9efcb541796dc783,in,3Fd2NJVBMAq9HEVzBZfpQJomXmRbogipLn,0.000706,74.55,0.0,0.0
2025-05-30,964512b635c315fd2ea8e84fb8870871b6cd46d311a720725fd4072929d14f88,in,3DPAhAzQHYw8Era5ZSX964cV6wz7WLFLbJ,0.0019095,201.62,0.0,0.0
2025-05-30,98641c8117abad704d830df5967492f2e3c9345495627701edff10c75cea0e88,in,bc1qgnrl8rdayf3cezdagkxjykrd4g0yhykdcvkj2e,0.00096092,101.46,0.0,0.0
2025-05-30,a2063bb3297633ae9a52286b6c83288021f122b029a568ac1ffc53ea3c917294,in,bc1qe7873ljj7mch8csmz949pkunrwkqut0tznx5am;bc1qek54pwpw7vz2h9v2nue574l7usj03x8jst2uha;bc1qqepa3wzdz5nc5thynxmfhsy5zhe99vtvlpskt4,0.00027365,28.89,0.0,0.0
2025-05-30,ac7e04b69d12f64c1fc4895b5524003184884bfdeb295529557facd5e3c0a187,in,bc1q3tv29g9r3mmlgn48xkkac0wvtj0xpwatg8q0xh,0.00034203,36.11,0.0,0.0
2025-05-30,afc478f884bb0f77d48cb62bd728f57cc53336b6c15c2c9bd60d459ab536260b,in,bc1q8fpkqu4vt9gnw3uakm8j9glms3mk50ue64msxn;bc1qq87u8lu7df75un4888vwhvxpj23tu7f8sza689;bc1qqayhd95lguxhtjwyrcg072ey2hfhtuh4kg40e2,9.738e-05,10.28,0.0,0.0
2025-05-30,be8c1ccc759d1c6f0c2a5fbc20a3495d6d65ae246669d88741678c7c41ebf323,in,bc1phf8aam9my2qsauhzy2l4y5ur052qczhgf46dc8h95q7yzryk6r6q5mf9sr,0.00017848,18.85,0.0,0.0
2025-05-30,c7ac5c382c1e0711a5b37281608d5f9c2e72a3c92917ae7188b84563ad573847,in,bc1q2watm5xqh2j5dydnz2vtn0nzyfx3nq4klttnnj;bc1qmkp83ef54hehs8sjyzz5wlx6dde58k4hupwumn,5.91e-05,6.24,0.0,0.0
2025-05-30,c856d872f2bbb2e63fa2a9c672ce2d542374010fffe08e8cbcc61934cb57045e,in,1DiPsL7F8H7eiscxELFnLkpFPdt5v3GyzY;1FkXqhXbHajFw5S2fZVZ7A8FD5VMoWfusQ;bc1q7awyqr504zfspljmk6ctculg8m0wh9d8vryk32,0.00033038,34.88,0.0,0.0
2025-05-30,cea94287aa9b6ec72a9834481e06aa384a7afcd97120a39b2b3291503db2b6a2,in,bc1pcpk93q3ne6ftc3xwghymr6tv6a7gh3u58nvsnjx89w5trm0ks9fqkgscw9,0.00031729,33.5,0.0,0.0
2025-05-30,d663786ed2e4264990561e05ac0ae6dd86169e456e903f5b628f136a30541908,in,bc1qje5yj0v53lqyxppyzgevwy086w0vuarp7eyehz,0.00016152,17.05,0.0,0.0
2025-05-30,d7af88b3c6d3c6004243a201419f2a56ae2a801277d6a745dda3c3d3ed19a46d,in,bc1qcy5qzwjdv786hg4udgl2vjfjmlgx5aj7ug8t24,0.00014957,15.79,0.0,0.0
2025-05-30,de3a44432b7bd32f648ca4fbb47a6f7c86674736c69a1f9c157ffa666696204a,in,bc1qqd5exvt7kp4djfnttt5extzdxlw89nzxkn7dt5;bc1qtw26vftzpu7ylnl4m7kfwjz7wq06l9qthdfzjp,0.00019064,20.13,0.0,0.0
2025-05-30,e29dbd42b2dc6e7ca7ba0a4379344cbaed0127b3f3113b0baa0eebb8d4c4bb0c,in,bc1q7gh79yqy0trgrlaa40xfvse43a9rjtjr892uzf;bc1qyqgw7gevnkv4yul5esqyc9mflw42jdf788s9rz,0.0002839,29.98,0.0,0.0
2025-05-30,e8947b46e9890823b7da4ee5b972f5076b21c05d577ba1b28b363cd3d6e179ad,in,bc1q7p5ru5ecp9ap7d7vzaz89lcygq8anlt5mf3snzwy5z6d3vwe7kdqdxw5yg,0.00025151,26.56,0.0,0.0
2025-05-30,ecbe7715fdbccc0a6d882ab4c4dc23d0a254f6fe4a6d74ba9071da1b041ee8f2,in,bc1qdurvwssuu7g48xvhxncst07y8555xylrmu56we;bc1qgqdpyp3wj5uy6ryehk3253gca5rf43696xu9tq,0.00013747,14.52,0.0,0.0
2025-05-30,edf03012477eafdee68bbfa7d5eedc07cf0e7ca6541834c9b35ba081befcda58,in,bc1q4jljyex3paaa9e3ldea4dhh2084h7xmk3zy850,0.00019565,20.66,0.0,0.0
2025-05-30,fc74f5cb536236fcaa8bcad08d01b16da823f0e965617487d445a617c483bd2d,in,bc1qv68ddu62egvp3ganyg6u97thqc26eul8mvuxzf,0.00095833,101.19,0.0,0.0
2025-05-31,09ac4c91ad7f0206f01d8b5ea9ef6b4e5b7bad278dbeff5ccd67947b4cbd3ac8,in,bc1qfgl8czutwtcc0sset3ekdpch9ep0rw2m3ugxez,0.00014344,14.92,0.0,0.0
2025-05-31,139a3959b797b3ae23e29ac726cb317d825c632f37887145730af7354cd5b962,in,bc1qgkljv5unz0gp6uu25nf9dy7m23fhpjwn8y5umdvzy735zkarxp0qq356cx,0.00025725,26.75,0.0,0.0
2025-05-31,1ed2b71dae83d83b88a2c8d411b3d36115e9c220069577f09e779e18041aaac5,in,bc1qaf88m5e82g5rzcp0t0pctma8n3m9hfz9wqt2qe;bc1qakpx7hwnjazq3jdq66tjxdlncfqpvt5j4x7ras,9.568e-05,9.95,0.0,0.0
2025-05-31,1f10ba05643f5448209edd63b8e47aff9366ce867671441f091c32c0daa79dd2,in,bc1q4pkwnt593jx5krz5s084zcgr6umn6hk6sljf9tksq9hzj92r902q2fnsgj,0.00012555,13.06,0.0,0.0
2025-05-31,1f45b0cc47af3f826e213f6bbc38eebec38cf53b85733b2fdae7984ee0a1ceff,in,bc1pc8wleccjyafrezz59fk3dxnmnf8p5hpz6772t03gl4lyauyspx2q8m2n7s;bc1qaxl8mlvga8dspt0uaah9dv6d5ttuwegm9ul4vqeuvyapdr888ngsfesf8f,0.00016023,16.66,0.0,0.0
2025-05-31,20b5724b2865de3be592c127e58339665e84893e09414d64035c4d9bbfc024c1,in,bc1qzkwced5nneaj56my8kxurmkfrxyjprndlw9fzx,0.00014979,15.58,0.0,0.0
2025-05-31,24b3d10116d12b363d37e679340dba85b5936821bc41e2d1eac54c7b14f62897,in,bc1qcn9y47sgkkxy9clzlmthyag3439gmxt5awqpzd,0.00012353,12.85,0.0,0.0
2025-05-31,258bfac471d684f34a9e65d165991fbd2479ce9f432f86b50e1a2b4c8da8255b,in,bc1q8cjej2kfq4lwujr6aclqnjh80fsfxqhs0s5hcg,0.00033418,34.75,0.0,0.0
2025-05-31,40a7a852f08e4182422372b52ccbe5a801d8ebb01cd93668f96f92db20a507ed,in,bc1qaadll8zc2wlzn6txtwvh30fq3ywl850v6kyz5m,0.00022149,23.03,0.0,0.0
2025-05-31,457bcfa2d195377d48b63999c20f78bbed96a2ee90fbdb834d17a631652c5e6c,in,bc1qprdf80adfz7aekh5nejjfrp3jksc8r929svpxk,0.00019047,19.81,0.0,0.0
2025-05-31,4ccdb9a61172effe459fb569e44a922973146fb9ae22053027c5120bbe5de0d6,in,bc1qqr3upum3xv6smhc0euqfjxeg8mqzew3fkgrdzs,0.00012435,12.93,0.0,0.0
2025-05-31,56fbb60a86477d7b748426a09e184ec522fa4abe38414b8048edeba8f8ac90eb,in,bc1qn5zzw8ql2q4052qw65y5hmu5ul42v5jjdfvd95wdrlrgmqh9xzyqq0lpm0,0.00038368,39.9,0.0,0.0
2025-05-31,5f3dabe14a5c7e6f0cc1940194ad10e1579547b864a3b0821a0c2026908122c0,in,bc1qe99zmxch3y7z60wt8nj4uwm575n3tuhrt7q5y8,0.00095671,99.48,0.0,0.0
2025-05-31,629558303eb3e0030b9b976fc02409ed4801ceeb4e745350d6ea9d4aaca55472,in,bc1q9delmue89ja8k38e93ap7833wf4rfjgzqprkvz;bc1qhclyj5qwsdsyzpuppncdpvk298yc6plhhnec04,0.00047793,49.7,0.0,0.0
2025-05-31,71cb03da84118f5fc57ccbdeca3ad1231fcc0ff39c874e7c8977d50d51168168,in,bc1qwh7w4qc3y977l4g40d8zkxskttttnv4qrd80ewg3mj8tngd9klzsxc3xr6,0.00041075,42.71,0.0,0.0
2025-05-31,74936dc49ce9524b0dcea2de7b754aad8eb4edbdbf853ca41f510d109f6b6272,in,bc1qv93sw2ttq5r9da30c50kvqy5gqp8dj4cucu0t4,0.00028602,29.74,0.0,0.0
2025-05-31,803d3c8299438ff572ad8343949b28abf2945c87806cd36414fe1ceec1290f41,in,bc1qpwnypu5p52jvl5uhgxwj5hnyukldlq50vqecjm,0.0001146,11.92,0.0,0.0
2025-05-31,817a2ff09ac8aedda670fee734fbb6374a7263c305047954bd0002dd27a7df1f,in,bc1q7832qnkcs6q43cg4s7y2faufhepkch89hg3zl0;bc1qmc8qmq7r8gxdpaz74aqp3m8885qekyawv7v9w2,0.00013523,14.06,0.0,0.0
2025-05-31,9fde839da7d7643b4e5feb45b08b0b7cbd9dea7befff97cfe41d4719f6986627,in,bc1qtsghf77hen5xcttky82nxcd8u67ersvc23hjxl;bc1qu604g84yrpmj77pxjpcyus7d456qrt8cv9l62n,0.00034282,35.65,0.0,0.0
2025-05-31,a72a918b43f2e0149477d53f54ab977a525e68835569f3a8b88f3e5f7e220900,in,bc1qmn2hpantawp8v5ganrxzunc7sw74eq229pmvlh;bc1qncrfwkwa84m25yd7rw4aepqj8h4jmpaq3fapqs,0.00012134,12.62,0.0,0.0
2025-05-31,b3684fdb4e0e1f6a97a00a5dec22d51f58fb8888d9e11bf7b646201fe8b2528c,in,bc1qu8yyuj4rf3dqgtvanttmuus2npdjfldrtynspu,0.00107604,111.89,0.0,0.0
2025-05-31,b609fb7bad5f128bb97ab4533a51cb135e820d9e6c0cb31952b3dbbc3d2b1273,in,bc1qkkv8e58tgr5ukzqu2zmhjd3ax2nkc0xs9nr586;bc1qvrgch7sjezy9ty0nqnw0jdlmra7z8ha9u2gfrj,0.00042795,44.5,0.0,0.0
2025-05-31,bae43a27820bdf35c345694f8824efa151b7194b35adc9aa1a04a6def283a217,in,bc1qpy8g8wgwnjgph9ektcqvqek488jut04xjt6fhh,0.00040116,41.71,0.0,0.0
2025-05-31,bda89f68cdac7172a4e1da595bff9b232718b0870217966282397221e8b262bb,in,bc1qfy470yyw9v89hkv8utflym8jl5gkxeflkxhsky,0.00025,26.0,0.0,0.0
2025-05-31,da7611259070b9f4a3f134b71cb3d57c2c3156b9f6732c7c18dc265e9b47996f,in,bc1qtn0u86638vr6nfy93rwkmxzy9vkhdermaa42e0,0.00096335,100.17,0.0,0.0
2025-05-31,dc81ac2a58d121656ecc4f1619f7783fa3e0310746a8e5f229e575326033fbcc,in,bc1q3cy79vwrxy7pc3drh0w56yh2hpqew923hp0kr8;bc1qfkslfdfr40upp2dknlu039qmv0302xpf74r3th;bc1qg76hufs5kx7u45cjpwrese0zcy45vl8rqgh0mg,0.0003312,34.44,0.0,0.0
2025-05-31,df3fa874b77a3be329e9d69cd07eda18c3666f461dd965f29c649de52166256e,in,bc1qex9f4eppzmgmlp55nv5p4p8f3q68ztfyl8l39r,0.00430844,448.02,0.0,0.0
2025-05-31,e355c8189b7fbd311f536f91269332f6667b60e38767752129388858875c41e8,in,bc1qa3jt44jd6zckld0ahcdpacalsz3j0z7k0jv9cg;bc1qh4tafxvgmupvjuy5qfylpnmd39ect98tksjden;bc1qjjv2xe2k95g7mzkwpzlv2g85ymytvremk9892d,0.00042793,44.5,0.0,0.0
2025-05-31,ea7b82fce0c6128359295669c626d8f40790b60869a666aa7da0d49ba001f1b6,in,bc1qa5en28pr6nm2qnne7dq2zwcjzrjyd5f5j6hjca,0.00025774,26.8,0.0,0.0
2025-05-31,eb80603dad2d0efcc3f1e658c923e0fc4c91534b2084cefece988c8996f6d131,in,bc1q4evq784rxa0tgykzgracs4ynqun8n3ytnnflag,0.00095639,99.45,0.0,0.0
2025-06-01,0a8227c6695e2000188be5a6747b495f3d20a69c6afe99f2d62afda84d4cfb79,in,bc1qpktsxayawzjgh2sxmm2wfgn4jp666mmsdqmznl,0.000237,24.79,0.0,0.0
2025-06-01,0b5cd3eebccff7107a5622ca0e373155cb94658bb85deb961ddc38deb91defcd,in,bc1q4jaxt3a0jpqhvkacdlej50nqyasa8fxwh2vqe2;bc1qgpg8k879zce7tg3dnxlt2xc66g7tdfu2frxewt;bc1qyltyny75s9urs6cvwannkgpm6dys52t29eh9q9,0.00078383,81.98,0.0,0.0
2025-06-01,1be1e783ab81b7bdb50ba1ba5f65126025cc2625d2aa79ab94a8514d0ca0a06d,in,bc1q0fjqmqe830jgvdaehr69w0809kn8etd92rnd0u;bc1q4kggtu06wla4wd0p509uwe7wwlx9vnepzzgev0,0.00024408,25.53,0.0,0.0
2025-06-01,1e12b75cffa0d479bd1a6b70500812eebd6cff668aa614edc5ec4a7acde7f468,in,bc1q5qdknxm9laumvmwher6dfkzrjntj3h3mklz57e,0.00080168,83.85,0.0,0.0
2025-06-01,1fb40f90421c7ccc5949981b6a6aeef3cef6fde7f866c3dcb4a052f74bd034e2,in,bc1qx7mut8s59l4rxdylhtmrflmqvf4awfl65k4twf,0.00049879,52.17,0.0,0.0
2025-06-01,296baf50c84717e528ef6970cf2eaae7a3e850acd3a1811652a3bf0fdcc8083e,in,bc1qa57nf385gce53amuqjkzwgv3vzsgqlx5q2shlp;bc1qr9azj77v034chyvywl5nsefst7k972aeue4e88,0.00019536,20.43,0.0,0.0
2025-06-01,3225cf164afc8a97f89e0ebaaab2bcfc8a491099b153bc860a417ba109c0c2bd,in,bc1q4y3sd2pz3eelaewfgylwyjc4wwhwvfnugpfna2,0.00028503,29.81,0.0,0.0
2025-06-01,38d3396165a2bb3fa7c196776e7a948b7145f60a066ca9663c81c62610ae988e,in,bc1qf6x0g2vy2gpkhlydfeukg8ts3tn00ccl5wge2u,0.00019166,20.05,0.0,0.0
2025-06-01,3b563af7ddaaf89a925017a10e5c33e3418ccaa18f9f2e2164c2dfc2fc5dc281,in,bc1q8njtjavppne7qfh8ul0t6gk3tgynsutn09e5md;bc1qm230v34yte28cfk5q2hznhpd6ce0wddmgctqsw,0.00031366,32.81,0.0,0.0
2025-06-01,433d65684d8da1aa02b1f4093d39e530764d120598b9b9d7bb002daa279741e0,in,3DYwSdEGygdJLRwUrjD2Z44UuUMceFbEvz,0.00018632,19.49,0.0,0.0
2025-06-01,470d8caaffa91688f2a1be3b4c551168c5ba4c7c4599745d47b8277dad98d597,in,bc1q9ldkxmtxhvr39ft8jyzl72wsga8mk4cz07lzpc;bc1qdlwmq52z5jj454x787h74chllmuxmwl0jy3lk5;bc1qfyyws5yut8m7ll23p7c02qvpq574yweg2qfx0k,0.00040199,42.04,0.0,0.0
2025-06-01,54dcf781a2d9725f67ce54f7eaece395ee1087a9958e049235a48f11bc53220e,in,bc1q4jkztsvxp565d9dfp8m9t0r2pjzqav3dqhpf7w,0.0003812,39.87,0.0,0.0
2025-06-01,5b74c16ad4206d0287343aa3c13a549cc03ceaac05044d321eef7d8bfa8f1f9a,in,bc1qjt0zt4zj2ajk5z74ax5vqwhz6uwse0xlemsdm5,0.00012204,12.76,0.0,0.0
2025-06-01,5e2647d260779968756cc1bb7f0ed87016c9d3dc24579e1d9b2864d75fe6a22f,in,bc1q48h4yy03qzzy44fxekp6nzvv3dacle5yqqw7ey;bc1qmnwdam7ymtlv4t60prpsg2fh8hj2uyf6886g5v,6.444e-05,6.74,0.0,0.0
2025-06-01,5f7b89818a468463fc6722c8d1436444ebdefba43ba8cce6c7894bcd7273cc77,in,bc1qflk5d6eyke0svwftvxy54d5nm8stwvu3996ye0;bc1qtupz6hyrwqr4ethfnxul53a8ta9w47ws85f4mm,0.00131888,137.94,0.0,0.0
2025-06-01,6739beaa6e2ca280d742abe55a971d197adcd5196aca9af05909e59c5ca56782,in,bc1qh6cczhaz9plj0kjjndd6pc5sm9ws3qcan8lm84;bc1qjl4uczhsyv9mweawth3l8gct25rcszze62jv88,0.00042974,44.95,0.0,0.0
2025-06-01,6c45a8b32fbd845b4e9ae1bc62c256af5777b77ab476f0ed70c867f2833a8e31,in,3LG7XjGWpJxyzNhnpsVxMWmAC8qyNecMgx,0.00032316,33.8,0.0,0.0
2025-06-01,7497227959e90439e90093c24a033978db8e8d82232e047128da55b8bebb454f,in,bc1q0ttmtce227n85dnqr70s8qeuc4ngpknwnz6r7avlyvp52je2ra0qyqm6vn;bc1qn5lf5zek0rwr433ylsew779940p2nhclxgl5c4xfv7ndwg6uepuscq3h5a;bc1qq7j40w45lgh4g6e05auxqa36adsx6x5wyxc58kyevkdmx0q3ck3sc4h24s,0.00073927,77.32,0.0,0.0
2025-06-01,75da95ae640a55320f5a08767b8af6bc4bd1d1599917cf18a0824055caca9c4b,in,bc1q8evhxfm4mant4ezvkdwsdew5ftw92gs5049nae;bc1qvdfpfjgnppx3zpcqr6ncwet0lu659gxxjdhnxd,0.00025365,26.53,0.0,0.0
2025-06-01,7dc2aaacef9c200ed494cb7292ad1cb8a9f338e4d1bb7178187f9ffe835232b5,in,bc1q0s6rca52mjumq8fjuz4j6ka5h9jhq57esyd40r,0.00020026,20.95,0.0,0.0
2025-06-01,9ea07dd433dad79efed8c1df07d1d43062e66f0644cd5c8146cea7c2cf072f53,out,1ALghftdrNP4XKKrrUQemu9Ss99xMwqoZN;bc1qm5rgae0hcjv8etvsgwuthzvqfhcjz4vlaszqsg,0.04029084,4214.09,0.00030046,31.43
2025-06-01,a0ae5a1d629973fb4d96e2d2473c9245a0e7a3a1e88f7e9fdd402a54225252ce,in,bc1qm34lsc65zpw79lxes69zkqmk6ee3ewf0j77s3h,0.00016,16.73,0.0,0.0
2025-06-01,a45b58a7ddc4354f25aaf10debc8ac5730dc7dd53467d727d47bbe3df6c5cff4,in,3Mp75E7kxUJ8P6DWpEkLXcRL533xgK8A3N,0.00025604,26.78,0.0,0.0
2025-06-01,af360c4f2a9cd1c848c792852ebf41a00961b6cf9ec3895caa23c310db2104ad,in,bc1q9apdcdeqs95kdnxw794j0p690qglmr3cy8gsny,0.00022416,23.45,0.0,0.0
2025-06-01,b400104c41f19162bae5180ac5948e94f0d461af15d96ac8869852ab6a0997e2,in,bc1p4pk60mxztv4unhl8asfnwwtvx9nuen85nudvfz7s5pdl2qyc3l5s8u3u9q;bc1qaxl8mlvga8dspt0uaah9dv6d5ttuwegm9ul4vqeuvyapdr888ngsfesf8f,0.00021961,22.97,0.0,0.0
2025-06-01,b42a8522b65094178746ddd765d6e3ffd96957703507c05f435acb4f1153f4b3,in,3HEgmx5Dn6uiRL8ToMWVtcsdgwFxYU2xHq,0.00024285,25.4,0.0,0.0
2025-06-01,b5c3730c421bd6d7ed366aa6c23c831f68bcd6abcfea05765610dd9d9fea6e19,in,bc1q85lddd6r20p6f83cg09twr39gg9d4cm6urzr0e;bc1qp62f9nqddrg20y59fqe50wt9yztalv9v2hfdvm,0.00014649,15.32,0.0,0.0
2025-06-01,bb5fdc36ff2d69f85da4571936c8e065cbe3530243cc3f6e3a068f4234b71685,in,bc1q0eq9dzllhq0rdvh5ygvv0kmy8wlxayds0m637w,0.00016,16.73,0.0,0.0
2025-06-01,c1c248d62db6023221163894107107d2db57b24d9ed06de9db97da8a12dd1832,in,19tTBbZvTMi1Set5TwTHF942A5CUPk3ymB,8.982e-05,9.39,0.0,0.0
2025-06-01,c23c072af1317bf4641f0c25a68cb1ae4b27743328bbd1e94fd76e2d3945e005,in,bc1q8053fxya2a6t30ftsgssa0h9wdgyr9tfmel2dj,0.0002863,29.94,0.0,0.0
2025-06-01,c83d0694bfdc4b8709007a1ab5bc42d435a00c44e8c969c8e1f2e76c540d2380,in,bc1pzzccggx34sjrwuyxs8cd0lw4hadfws3tehwvg7ej7y492lzafe0qd72l07,0.00012003,12.55,0.0,0.0
2025-06-01,cd731ac9c02be4e2b8bb75fb45599f76dd7f9ab8352876d0532c54a556285dd7,in,bc1q4q7jzjxssqkzz9at4afk03mtfxnu8nh47h3g4y;bc1quq9vgah9fxe3rwwpnpjl9rw9f2nf7ee0fh8mrw,0.00019112,19.99,0.0,0.0
2025-06-01,d8b5831629e44dbc5d3aaefb3ece2d16dfd1056bb973acb5496090093a64f830,in,bc1qrallwccff50gldg9fh665rszvm79ae4tstceal,0.00051008,53.35,0.0,0.0
2025-06-01,dd511064f655c6f952cf5e3bd3b34ef5c2abd2d02783bb29e8ac64fd26c13179,in,bc1qa8l766r79xm2mfdx4pj4f3svnrtdn6f2hea3dn;bc1qsj9kgqp9wd0xtt83hw496cfc4xrew4aej8ccy4,0.00028619,29.93,0.0,0.0
2025-06-01,f4d27f955582b285daa94d6c3e2f83c01aab41dee545e9920582935b9d2c0176,in,bc1qhmlnhqzw4jqf2gwcgglzn5kjwrzn7n5c5cufl7,0.0001115,11.66,0.0,0.0
2025-06-01,feea4896054960efac50681c0fbfa73587290335b0f7e0705aab5fe57954008a,in,bc1q2z2c7ftz8wmpmkf0wgu9tzqr0q52pt6vdv04k3,0.00014053,14.7,0.0,0.0
2025-06-02,0a63bd0dd3080b70065893c0ecbd0f49c56d20b603cd2b1505740aca3ba32bab,in,bc1qdwclawv0rye86ta0rm3ep4rfwz7rrkug7hd8j5,0.00022247,23.5,0.0,0.0
2025-06-02,0ae246cd38979a8e52d815a2494662ee5df42d786f3b7c644d322f3333d2cf7c,in,bc1q074968cgwehh7rhax3ea3nu8y4sks45mvml2w9,2.88e-05,3.04,0.0,0.0
2025-06-02,0b232f0ead80fdcd2c1bfb73a9fdc47b3390589f9e79e0f5da5abf8798ce5ed1,in,bc1q7vjamel47at6lpz2lv8zdxxkv9e05qvq9m7m8f,0.00038163,40.32,0.0,0.0
2025-06-02,0bd61b5bb4359413fbd7828ffb3957e7fafc3bc2ec65f3296b20f4fdeaaa121c,in,bc1qm34lsc65zpw79lxes69zkqmk6ee3ewf0j77s3h,0.00020975,22.16,0.0,0.0
2025-06-02,0e6bf356062ae4ad8eea62cd32be12208e34f050c90a0de8af241cd586fd80e7,in,bc1qaq3xedcpwg3djp7n5mf0nwedga9pxjcxs8nxyy;bc1qkc2t7sgrha4hq6nxkxwjsj8yudfr06ghqs0zdp,0.00027421,28.97,0.0,0.0
2025-06-02,0fa612a32394d3afc6be7e46fa1136910d6aeb4b03198077131be6a739092467,in,bc1qjnl4vsv2pzfrred3rvx5sh7mfjrpqvex766gpy,6.711e-05,7.09,0.0,0.0
2025-06-02,1444628ab05d89dfa1c8ddb16e5238380a349f2b6a9cf107fd783e1de5443398,in,bc1qngn6xxf50f58t4mnfsyry4kq3csa0w7flh0mvd;bc1qpkkp2z2wav3cpnash3geqrw7fnx4w8m49lq5zf;bc1queungn86uza2cpn70ejmfnmlwydwn2l5lnzcu9,0.00036422,38.48,0.0,0.0
2025-06-02,19879ff82703ceaab226f8a63a24d89f393add34d25d1f3edbf57ae75bf66517,in,bc1q3yug0vwg0t7h408x349m03yhs8gyr2fa9zsalp;bc1q8hle3rmdf4h0m86raj36rw5u57p8v77qukxzwc,0.00028429,30.03,0.0,0.0
2025-06-02,1d56cd2709d9d1e272c8305546c4944ce58671674f9ba388d62786e697b5924f,in,bc1qw0lp759yq4aaxphtnehulvjnyxfml8nu9697cr,0.00018125,19.15,0.0,0.0
2025-06-02,20533d19ac5962e2419adb8255938d2ef05d7c4212fa05247121948f5ab9d15a,in,bc1qgfmq3sapazxtlerk8f0dqct0jlx60683yu4x8k,0.00095727,101.13,0.0,0.0
2025-06-02,2370d58c561bf426aa8a21b129b415c0acfb4559e641714ff0442a304a4fa454,in,bc1qamgjuxaywqls56h7rg7afga3m6rgqwfkew688k,0.0001783,18.84,0.0,0.0
2025-06-02,2773fce6b4a97cad179a8857267fa0b81e2941720b352f62f92e1c73f9c79ff9,in,bc1q9yjuyad4wpzeejdg8v65g0t9a874eyxx20hx5g,0.00028752,30.37,0.0,0.0
2025-06-02,286cea1db8b5d523a1a740aa2afbb4cc1ee737f3bb0af94b71d1566242c8d72d,in,bc1qtkrcm5tluy9unusyaqlzmr906uaumqz9xk4lsg;bc1qvsapxe99e569ht5kmcl7jxmsmm4znjw9uwjz4k,0.00028652,30.27,0.0,0.0
2025-06-02,2ea5d5715c31c18a9853e072a0b67bd87484e167e2a74bc5ca91941debb97af5,in,bc1qaas6rs7m99ly98agsyrrs7jqxy4hne6rqh8spe;bc1qstecc9qwv459xyzweud4ufdy6856n058rf3cu8;bc1qvu4h2ah6wlqwm2pf7htfu93p6pk683aqav6s8k,0.00098723,104.29,0.0,0.0
2025-06-02,34310feb4dd2a2bf8b49a3aed9a25c0ddda0afbbc34273cffc6b2258644307bb,in,bc1qm34lsc65zpw79lxes69zkqmk6ee3ewf0j77s3h,0.00028915,30.55,0.0,0.0
2025-06-02,34c624f839af464657ff5c8c4313f29852921ce8503925c77100904ba2d6ad16,in,bc1q8qwgd5e7dx6nmsuz6sue5whlrsk89fhxx4geyh;bc1qvyzxqgal0yf6fns2tsu5ss04h09umtwaj8t55q,0.00085348,90.16,0.0,0.0
2025-06-02,3807cbd02874a5374e6d305cbab8bde7782f67aa216dc6d38621573d5af77d58,in,1FSYyzrRbUHLAajru7JgUCcH2chciJEaJp,0.000153,16.16,0.0,0.0
2025-06-02,3a71f29748093abcd98ae1b7382eb060849348f0b9d3e4930506210c85f980ab,in,bc1qc0r975muea378l7mzz7y72l8yws3hnp0gellk7;bc1qhpq6qxvawha547dcp3tpzey70eh4r9vpacuxkk,0.00043613,46.07,0.0,0.0
2025-06-02,4a828d2ad51b845172734bc512b473c8d085d66f9d988159c1152d9cdc3a860e,in,bc1qgfapjc5tvc52dqyafew5qjvz5l6a87eywt3ujj;bc1qpjpy3qzkmcvvj39tl64cst8qdl9tqaz46nqx0t,0.00012084,12.77,0.0,0.0
2025-06-02,61c437f991e51b2f384cfdb0fcad35879d3c43fa565b587b994f3237fba5667a,in,bc1qtgapuf7vq7uzs3m7sdla6zl6umxtuz5gufed9r0ewn8xhq6xp24su99ar9;bc1qx53rsms8e0369c2ys97ay8mc7ru42qzccuh6qyegtvg3p949jzvqq69lqk,0.000148,15.64,0.0,0.0
2025-06-02,63e5606eb89d74c57259ead36ef215fdae7fcc7fd5fbbfaabbf0e38427d6a0d4,in,bc1qytnd4rc6e8a7eqzcqwknyp95xyzm9vkrg62xk0,0.000175,18.49,0.0,0.0
2025-06-02,6d28bdd29f594286bebd0f2bbc298da3331d15db421d0c1d4face9f3d9431465,in,bc1qz9de6pwdxvlq6g6ahnpmey4q7r78jgm57rzwct,0.00045434,48.0,0.0,0.0
2025-06-02,71e1916ddb0927eedbca301b18908acd5df266c153a954ffd389c662dc7c1317,in,bc1qwjsf0td9ywgwvsd4k6yhjxgvw9hkmc368dxwac,0.00017192,18.16,0.0,0.0
2025-06-02,80a88bd572aa4bee5e5e0fccc205cf67804ced49043dd9753ef66fe7b79b73c4,in,bc1qfztnvhn2ng34gem9uk72rcp7e34lfj0cqre75f;bc1qvajhtk2wn602njd8nflkh9lty2hr93rv6j78rk,5.957e-05,6.29,0.0,0.0
2025-06-02,819374cdfd732f361d352cc244ed1c676aa40390066b192d254d0030fd407830,in,bc1q5quuzrk3cssqf89vfy2ayy4q8u5ynl5uez2ak8;bc1qshcd0gakx0ea3mzm7h6dugyn7xr4v6nh5357hz,0.00090913,96.04,0.0,0.0
2025-06-02,89e408d8a4f944a036b59ab3829967542ac8225ff1b2fb6c5a9115f79acbfcd0,in,bc1qqlpa9ded64xeg2xghxuw3rd67avt3c9mf569pr,0.00019157,20.24,0.0,0.0
2025-06-02,8a10b898fa2a07441a04a67871917f971cd4ce4027e70da41bd275655a45bb2d,in,bc1q6gzw9keqaxetpa3qedsyd0duntk646na6je2ng,0.00015757,16.65,0.0,0.0
2025-06-02,915798ba453d8e80b39f6f7c4b933454369d3ebb88fd951dc79e3c0b9ba82151,in,bc1qjz7fhucgn2x3jt3l2u725s423xw2mdz3gy6j07,0.00013408,14.16,0.0,0.0
2025-06-02,9305f59726a997c58043d967873715a738e09bb0d7511781acef60bce9b42afd,in,bc1q0ecppvlkzvcg68hxjxwte5pje4jf2splt7ekn3;bc1q30gms29d7cfyetxum4usdr58un9x3mw0yv68dq;bc1qf2sxqx6kvxzv4kqnmsh2jvw5hxw5t930f8swdj,7.415e-05,7.83,0.0,0.0
2025-06-02,95cace0d3067ae6d092f1d66515f410d2fbf8be7785a19ee6475da52af290a83,in,bc1qhzxhfckttmeg8x9k5t7hjmhqyv6g3daanqxxjc,0.0001486,15.7,0.0,0.0
2025-06-02,9b1a73ed55208f97b13584b70e4c4fa87a8f5136a23b51e8d12617aa15a4b27f,in,bc1qgk5gl793a66twr9v2lz6g4ur8qvqxejndeyrgz,0.00036465,38.52,0.0,0.0
2025-06-02,9baf1bcb8c61c440e7cd56fd97937e18b15492b14a22d9c3c9d726aafbeaa79e,in,bc1qm34lsc65zpw79lxes69zkqmk6ee3ewf0j77s3h,0.00046,48.6,0.0,0.0
2025-06-02,9d4c30205a174f20e892dc0a681fcff8cace6ef14d34e3bd15310a9f71cd39cb,in,bc1qz9de6pwdxvlq6g6ahnpmey4q7r78jgm57rzwct,0.00035,36.98,0.0,0.0
2025-06-02,ad10796c7a515de44eef3c489885395a959ca8af56953170bdff962e6606b738,in,bc1q4y3sd2pz3eelaewfgylwyjc4wwhwvfnugpfna2,0.00033564,35.46,0.0,0.0
2025-06-02,b51562b89481d86ebc2aafcabd7fb9719176cc6c04ffd73e376296e8753c01f1,in,bc1qs7c4m8cevmfc06waep5jr7vpsr6httnfxwcwhg;bc1qvwx0cuj5fhngmuh3pw0q97s3epad7xdsm2y0x4,0.0010447,110.37,0.0,0.0
2025-06-02,b9105b148aa838f0204b9d4059cac7cd7f9f9babb01ba9915b521b08927d37c5,in,bc1qm34lsc65zpw79lxes69zkqmk6ee3ewf0j77s3h,0.00113291,119.68,0.0,0.0
2025-06-02,c2ba893fa4af415dbf186442ead1e0c488c0fb4463fe5485327c1f2948423f28,in,bc1qfgjjwnve80x825mxd3udyts7wns9yduvtglrw5,0.00053957,57.0,0.0,0.0
2025-06-02,c605389cf39ef0149d621401900a82c8947c8c65245d2e46e2859282731e4497,in,bc1qc8h9f94hjxqv0grkv3gvzcmd3rqjjupjrmnfqr,7.378e-05,7.79,0.0,0.0
2025-06-02,c6b7202e04c10369183b74b9d64819e7d37b0c4850b504f9a30513677cd4bd04,in,bc1q6j6223pvphh58xplhhx3gh9mk6zu2q6mm332qh;bc1qn43r678tthn078n605wn005hyu4qxrn4vee7tn,0.00023705,25.04,0.0,0.0
2025-06-02,cf4a8aa1f0b8f6d884ef40d5a7ed6b3fc2565692e5f5083adc67a623f47c0951,in,bc1q7v8ynlea0d87zgwln6meqsrghzgkj20ljhhuj3,6.426e-05,6.79,0.0,0.0
2025-06-02,d0e3c332b7aa1d5caa6c48d21e733c4687a59a01433ab4efdcaa81b78fa73be6,in,bc1q60ma77qacx2m3vdm6d2hmr9d6ceet3e475gjlu,0.00040982,43.29,0.0,0.0
2025-06-02,d394b4eeb9b399640bcd3273c9cc7be4adab8821e751bf159c58d5761c54f5f6,in,bc1qnk6c8fwskat9syezjx2vx5etptksku4wlc8gj6;bc1qtch0x6emzat9twq728pmflkgs6q030suqsrgj0,0.00037968,40.11,0.0,0.0
2025-06-02,d50217f9a7dc0ec52bec77428b169a889974b64e4d627b36809eb91c56df9ab2,in,bc1qcwkfthd27j7gw66d8pfssve6kutaz0w8xutlva,0.00047615,50.3,0.0,0.0
2025-06-02,d76c310d7655c70aca614d4d65026e22129190dde95af27dcba5b2cadc159eb6,in,bc1q2pezhjw8q68f2jazs3pfxurwlxv7pzlhezqyz7,0.0001301,13.74,0.0,0.0
2025-06-02,db28b4df52f4a748ef39ae0d515f0a2579d3e7c76c1b6b26586755e94cfcf0e2,in,bc1quh8wn7kw263wn6w87x0rjvljtk7rvhf2nl0pg9,7.342e-05,7.76,0.0,0.0
2025-06-02,e11e14dc370d7f2df3678b47d61860251921d6170faaf412d81839a286f4d90e,in,bc1q65a5u57lslq6h8qhwtnynw0wej4f64tjpvetx2;bc1qse0fpy668zey9u9svlq3vuljckn2jr2l373tx6,5.974e-05,6.31,0.0,0.0
2025-06-02,e2c721cd9c28db7a197f9f9227fa1b3906cfe672f0bc730fe449e86675e8f20f,in,bc1q06ycz03eqwugu2m4tdghhxqrfv03jkgzs7wvpmg5zmp5plklemps5tcenq,0.00064723,68.38,0.0,0.0
2025-06-02,e4628daab857acfd48a95920febf9b2e226b2795b076ed0fedfe22f109feaf77,in,bc1qa5tq3w2h8wwztjk4a9jj5dfzztqnjtqcgq8l93,0.0001425,15.05,0.0,0.0
2025-06-02,e4a313a06f975c96728397ff5c4bec4047ce3572dc4cf3401401284a4ada6139,in,bc1qmak6ejwefzj28jwej7kru88nzw6czk9geyalwy,0.00064932,68.6,0.0,0.0
2025-06-02,e5e072f33ed648f09159784bc2847d863e2a0c1904691bc2f241ce6b6402d151,in,13J1Ca3WonMtQw82itrVweo6jjgHiP1eTz,0.00018392,19.43,0.0,0.0
2025-06-02,e7bb70f9882b311ee19c49fffa6941b0b11496bd4ac5fe221e736df6135636cd,in,bc1q2fm0plfa7e6mj3msyacftst4ch8xl3jkk6x06x;bc1qzne5g3hfp2ppc2d9w6rg3avznfqh6lwjdfpvwq,8.207e-05,8.67,0.0,0.0
2025-06-02,ea2f6273b0d6f315fe4206c88f837d87ee8675113aaae37cac02a9bf6e14b051,in,bc1q4zw7edw5h6rntnt4kp7s4agxz4kd5kpwv2jr3n;bc1q8jvha7a5jr2967e4m04ewy83cprvx9cetht3k9,0.00021045,22.23,0.0,0.0
2025-06-02,eddfcb91b4e01e9fd81a0fe2dec10bae97a1eecc3401449a042b52416c65c8e8,in,bc1qr35hws365juz5rtlsjtvmulu97957kqvr3zpw3,0.00024402,25.78,0.0,0.0
2025-06-02,f139f9fcda1ea8e666a44450e323a3751d100f68195b33984cf57baa27ec470c,in,bc1qm34lsc65zpw79lxes69zkqmk6ee3ewf0j77s3h,0.00028914,30.55,0.0,0.0
2025-06-02,f1edf0e09f97f226efcf8d513f94ef646bcca49ca73de83dc1422879002fb537,in,bc1qlh2kr99q4zsj3qs42uaz7v3llfy38pa6ntkhfc;bc1qxma7xzsq5ayrpymsy23pqndkpphklr2wd4v0pd,0.00051994,54.93,0.0,0.0
2025-06-02,f745e216deb03d5bb6b3ea537bd18bdedbe83935c06c8f70b7ddbec7211708b6,in,bc1qr7at6wfg2229rz07dt50hv46a0mggz5l0vnf8q;bc1qsery3sypfju5r5rsfgu8az5hky6a95qyh423v5,0.00127015,134.18,0.0,0.0
2025-06-02,f9c72225a3f41864258bb7c9e20fb7e35d48420a77a5de34d129067fb80de32f,in,bc1qm34lsc65zpw79lxes69zkqmk6ee3ewf0j77s3h,0.00112,118.32,0.0,0.0
2025-06-03,0e5ce439823c38991b66d1fc6f86804fae709c9f441821036b57beb6746c0ca9,in,bc1q9fgxvu23ezs7thu338k0ud36sgwuk5zzpxrdg3;bc1qcezhx4g7rfma55yaxxamsn6xmltc8cu89z7cpj,0.00025343,26.83,0.0,0.0
2025-06-03,223ef8fac63e1d8c7f1229f364f41778f66bb4e3a1d0b317bf7a059d1543eb1e,in,bc1qsrynzt9mrv4u6ywd3wd97rjsud9arhuggzhyt5,0.00179548,190.07,0.0,0.0
2025-06-03,224847fcd9b4c665096f536a63dc602c54c2b58c37af6d55de2bc16287f436ca,in,bc1q5m338jlcws8ny2v7n7vkswz8t06dyv8jclq9wpe8gkrn9m9uj6uq4vh6j9,0.00040716,43.1,0.0,0.0
2025-06-03,3149df1bce85f8c9c8282039389de67f3ece6efbdb1692b1c2b3bc375fb5d045,in,bc1qpfq4phf8df6wwyttc2w3czxcsg0yg7mc5xzknk,0.00014224,15.06,0.0,0.0
2025-06-03,36cc1890d4804f5c78bff55a118e21191be0c7deb0dc35adfd1bb3927b0d281a,in,bc1qh8zh99rlw07j330rml4uup0npyrcllh6far2v4,0.00046626,49.36,0.0,0.0
2025-06-03,472ba628e2fc81bccb56340fea993912c9ee01ff9e7e893f3cd1cc5bdb74dfef,in,bc1qr35hws365juz5rtlsjtvmulu97957kqvr3zpw3,0.00025883,27.4,0.0,0.0
2025-06-03,53f7e1cc74c827b28c09cdd1f6298b951a55fe50aa268b21aca8f23099d7687d,in,3LszEebJ1R4Heybq7f6hGakcJMh2YwpdqK,0.00017507,18.53,0.0,0.0
2025-06-03,5dd5639dec41956b36f0af38a50ccacb679ffd9e86aebdca770facfacbf663a6,in,bc1q6vag4ygy09z4kpk62hg3fx2ldlaxaj38n3z3wv;bc1qjq9zp62yh2p8q2r9vvvwex9gj6q5cp7v7le7rr,6.158e-05,6.52,0.0,0.0
2025-06-03,5dfdad7fe4d65a792a6551cea7f050ba89f26456b86e43d02ebf1298b4f8a60a,in,bc1qudpq7q93cjzflzzv340fy223r5k7wjc5jf4xm2,0.001084,114.75,0.0,0.0
2025-06-03,5f76453989122ccc11310b869b8e41cc4cc43073fa1428390b7221c61b807886,in,bc1q78npffufqap7le47wxzk44v32spu02pfluegzw,0.00028502,30.17,0.0,0.0
2025-06-03,709a1f71a2adb3dca7d41c49719a317a0eecb3245dddccc187d73a28c17d089b,in,32RnuhammkMbGEguGMSkn4jBkGU4gcSqH8,0.00025363,26.85,0.0,0.0
2025-06-03,73582afc2848b4d1015e47def9a0e839b446441ea27e159f497399d59767bdad,in,bc1qh9fp0ww2xfslse5asw0r2wj07ffzezf9zuy2h3;bc1qwjrea7s3mh6800rgu30g6sspt5ajx0g99ptuk3,7.851e-05,8.31,0.0,0.0
2025-06-03,739ac2370fa19e8c8b67a225314b58bef43cc755092e8ece4ad455498d3c3017,in,bc1qat2786zafk88flwvpuzeyn7tja29kceuz9z7l2,0.00051001,53.99,0.0,0.0
2025-06-03,75c30e52089a55c6b8c51bb15f884fa3c7536ad0c3421b6b43531ebc44338a0b,in,bc1qkjgvwydlnuyh8zkv9q0wcrl3ztju4h5kymeaen8y4fdshqalz47s9e6ffa,0.00075096,79.5,0.0,0.0
2025-06-03,77b3d749ff064aa84124089085b67c1637f6adb5f2da84e5c350dba38cfe5ba4,in,bc1q8xn37cef9rmrqd958mg5j3pxrhjy2t3l6t5r9e,0.0004938,52.27,0.0,0.0
2025-06-03,7cea6fdfa5994b52d9c0f0b100aef6dfa59baebd8e34084577d96044e055dc3d,in,bc1q4ayx23rfv2umpx4qnempk5q0eh4flqdn4k8ysu,0.00015183,16.07,0.0,0.0
2025-06-03,7da3be283c71cc8278cbf4b3b52abf57e64e20cabf5c708dea211758e3c07b01,in,bc1q2talf9rwfn640g3j9wlalm7j84lcjksc22e92s;bc1qqezdfgt8dk9djccmwhwwjr0c5pxya90ytn65gp,0.00012889,13.64,0.0,0.0
2025-06-03,817c0d176b12cca9154692f4543f193f933143714164269a52f5010a714eb415,in,bc1qr6c9gra6h6f4w7u2cdfq0694nfgavpx0sej06w,5.876e-05,6.22,0.0,0.0
2025-06-03,8645f10f936d7b9c09ea8435f427c702fc499445e0500f549c00fea338e819d4,in,bc1qm34lsc65zpw79lxes69zkqmk6ee3ewf0j77s3h,0.00047,49.75,0.0,0.0
2025-06-03,8677a461c570d289e8ef62bb9be5ea16f4ebf5ed60cb94496b3b2811b67cbaf0,in,bc1qqf30yn944dzpzf2qu2wzwdffv93qdyt247cvp6j727x6re8y6seqaxhts9,0.00114912,121.64,0.0,0.0
2025-06-03,894ebb8e67a8944aa347bff6493306e406cd76f25453ca5da77efa446859e96c,in,bc1qm34lsc65zpw79lxes69zkqmk6ee3ewf0j77s3h,0.00106082,112.3,0.0,0.0
2025-06-03,8eddc81ec6be7f6184b3df4f3b77baa57f2ae7b8132ea7e6aefb890ddbfd2b68,in,bc1qa824asktmfpm8zrfhj74lkzz8ejrcc2sz584cz,0.00141698,150.0,0.0,0.0
2025-06-03,951c16a7ddc6eeae3cf81df793a7c1adbb7c935f00e19911d00cdea20cb69d83,in,bc1qlxztnpfqvqe239kft40jcq0xkht78ghvchzjtz,0.0007592,80.37,0.0,0.0
2025-06-03,9700377faa93bcdca569016ed3fec457db40c2e433c37807970468bd824c6540,in,bc1qc8khgcewlg4hyvcc6f7dpd54x6x6el8nd00mu4;bc1qvm5hulrx5kgd3effsakfwnc3xep70t2gqtnsnx,0.00019383,20.52,0.0,0.0
2025-06-03,9e8bda4fb027866550dfb7629f1eaebe33c9592b8fd562cf0d8d698100688ab2,in,3DXpJyR1evqRJRD3EPaxd6KuoznzZvkP44;3Nbsb6f7jAuxpwsQXs4hdhgSnbTvRhiGU9,0.00033133,35.07,0.0,0.0
2025-06-03,a1215483d4023e43afba983897d67191a4ca1dc66f12c9dabc765f8a99312dc0,in,bc1q50fp54qfd2jwyxyu52zghxdlvqltsczmlyauam;bc1qgxxft32l3e2d30dew6g66awj0k0dn65pdus3m4;bc1qv7jl3lpruagququr6eujcwdfdfdvrswpq70rl4,0.00031015,32.83,0.0,0.0
2025-06-03,a3cac8e159f7aa72c44bfdca0db4f38a5ae9eced9770884843daf0b3515c8870,in,bc1qv4jyfnwwgmsmajh0pjj3yh6zmted67aeg0n5a3,0.00011938,12.64,0.0,0.0
2025-06-03,a6c8a3f408e8be0c25100590c69a6f4cd2337a1fde694b4d71f265f551ea7500,in,bc1qltrw2umfvjanpu5ww9zudk6rtgf0d4mk4xqhn9,0.00023638,25.02,0.0,0.0
2025-06-03,a6dc427c5d95849ffb0dd6042061e7f5c93df8bef4331164a85bdfeb11dc3543,in,bc1q62khxnzrjuc0a68ta7myv7d7gla5zjh38lxysy;bc1qv3q8dd8gaq0tdarlwr4tnw8lnhl4ewql5a44vs,0.00020857,22.08,0.0,0.0
2025-06-03,a7214d1618f1b5ec17247dce4396b38f2accbefc1c27e1b0ecfab22d7ef6cd1a,in,3Cji7iPjbes9ZLhi4BiGRNRwcd9dtn22cD;bc1qaklcs4wdu5q28feyky6fr020nzghv4jhj2k34z77a9wz4nxc8qjq3l2sv7,0.00010716,11.34,0.0,0.0
2025-06-03,a73e9b68251f328b580692e6fd9a02e5dd6dfbb9fc3a369e7d0e00750a05ee6e,in,bc1qkcwm7xxah89kl87nyz4wxs2mad324ae83tpw97;bc1qwunhcznsvrpmzwgqnjqzz2hzhf835su8qgrvc4,0.00016017,16.96,0.0,0.0
2025-06-03,aa073a17b30a6049fc943772483aa0a2c524b4796537bcca5718c99a99aa337c,in,bc1q3gepayax76tfvc58mtyh3rz5dkj59xnfvjv8td,0.00010379,10.99,0.0,0.0
2025-06-03,ae0586a36c322b1c8ea0850aa67b09fa4083163d15939dacd84a0ff70f14431a,in,bc1q0dyq283pcw3h0yszute0rlh469qkpp73x4eccp,0.00011393,12.06,0.0,0.0
2025-06-03,b253fb06425be64d64f453cba90b1588c46e254fbbf1893b966a1242065f5aa8,in,bc1qm34lsc65zpw79lxes69zkqmk6ee3ewf0j77s3h,0.00019976,21.15,0.0,0.0
2025-06-03,b839c73125156008ef8704b2bb96beffa1cbabe2c027128770017d4f66cb2422,in,bc1q67hhrldk5rz59fe96afgpn2pxhc9vkuvm5jd9j;bc1qdvlkjsrknqc9uw0cc4kc0l50rt3jkj3e5wvq65,0.00051638,54.66,0.0,0.0
2025-06-03,b85944f8ca3a9e8df471d11ae68751cb219ebda768e9dd1344094a43737770a9,in,bc1q3az3qzp530c89wh7r99t9s5azlsd6x68sw73lw,9.489e-05,10.04,0.0,0.0
2025-06-03,bbc7b1fc6db7014797aa7db354c3b3f550248904471a14b2861cd3fe2f2a29e4,in,bc1q0xp0hl6r4skczdfzwzc3d0gwf03vrn99tklr20;bc1qurlzyrysqgcyh09gnh0x3e46n7cqx2cc9zrt7s,5.895e-05,6.24,0.0,0.0
2025-06-03,c0252b41e2bc97665b5a713f4353550982a638aadb2281a09e1fb761055d242b,in,bc1qdpx7km07nxvddkxyy4am9h03nlz98t6g5cndpl;bc1qfq00r529h4jj9tat9r9l9wjsdqjek0a3pxhux6,6.28e-05,6.65,0.0,0.0
2025-06-03,c24ecc975aa6ac8a2e5b943e3e026b0386d972f0f5a9e97108b40eb9b47636e3,in,bc1qufprd76qlvx2chxzw2ncaj500hf3qqunp7uqft,0.00048159,50.98,0.0,0.0
2025-06-03,c4aef62efd8fcab28d4cf0d33e938d008b0f0b9b6c10b63c363ed03aacf28add,in,bc1qappdrvvvfzwe3nfuqyr93tzkarus4rl83xumqa;bc1qsranzhjqwmwemrq9k42wjrv6vjwf9am7qdccml,6.126e-05,6.48,0.0,0.0
2025-06-03,c60de91b67cff4e9850fb3293f953434d59499f20210580f68752004536f5e73,in,bc1qc2jpnyxqf40rq8t2lay08k0lfdn0j0zqu9cgeh;bc1qjfadqt2e2ewpy53rm0aqddjjh5lxgcydykyawv,0.00013889,14.7,0.0,0.0
2025-06-03,c6d6511340b276cd54a22860e7c8cda231788eda9817ae47ae5985c3d42e709d,in,bc1qw0lp759yq4aaxphtnehulvjnyxfml8nu9697cr,0.0001613,17.07,0.0,0.0
2025-06-03,c9966ad5ba543394b56987c38da12e8392c98c9a18fc019843cdffb0db07f4c4,in,bc1q07twla7d7kf0nd650yleypmgla57ycrl8q30rc;bc1qen2p24s4gt38xay35dt2cq7l6mdegm7nr485gw;bc1qhf9jtdw3255ajg3m075jqy3a5trnamuzwfx7an,0.00021772,23.05,0.0,0.0
2025-06-03,ce163633783815bbbe843e0acc72d017abe69acedc7a2a7546d7e2e114e1a217,in,3H9WXKYPqq4xo3ahuQvEDcDJBgFJcxGLpJ,0.00042606,45.1,0.0,0.0
2025-06-03,ced85c966a14511361e97af99dd15e5a0f8dac4e86f1dff85ed6f97a891972f2,out,bc1q3krukhh5wphle439vymp95qdwh60nv6krvxddj,0.03242029,3431.95,0.00027018,28.6
2025-06-03,d32c1111ae998732548e91fb5a4340f551f115e5bb3c90fcb9509bcc0aca04cd,in,bc1qm34lsc65zpw79lxes69zkqmk6ee3ewf0j77s3h,0.00019976,21.15,0.0,0.0
2025-06-03,d4b1764c40ae0cb5356d017d056a1f9e7b0347d0482a9f3ec70f5bd5264d4f51,in,bc1q5f4e3np7znrjlkc35wp2avjraxtg4k8ut3hkdz;bc1q9h36qpmpneestg4en5zsvl4vvmrtpdp26y26c4,0.0002934,31.06,0.0,0.0
2025-06-03,d7eab9ee99503bdf38b525310174cb8bec5a3ff1348357c809590234dc8ffdf6,in,1EmicEG2CbBSYHG1jksfevW3hw1P6LNvD,0.00067202,71.14,0.0,0.0
2025-06-03,e2e85d55ca4a18f8b4f6730adfcf3afe0642e268aed0b5b2d277255a82008b08,in,bc1qdu9yssltvqllj6kx25cuymy9nym6az0z90ac9m,0.00028311,29.97,0.0,0.0
2025-06-03,f18a32bb7cba188aafda34f20934b82364ffb6c3a9e6ff7af681876899b7f5db,in,bc1qcxl02q6ust7xwyxparu5ajd6fy6c7n6hn2khn3;bc1qhtvsca640j5gq48hzd6l2m9na6nvpufpfy4r65,0.00053151,56.26,0.0,0.0
2025-06-03,f4f11cf74ade042be9d357f880ccb951c7921e84948464fb96a32dc5c77a4130,in,bc1qf949nk8s23kycgypmfyp22acrpjr48zztnn8qg;bc1qtxptcq5cejuhh929dljayrnscp2kqw6e8gl0c3,5.875e-05,6.22,0.0,0.0
2025-06-03,f76ac8dd3f344ba3c786a005e253a8a3e9bc890d95791f63f4989caefa665a6f,in,bc1quxhncj0d655r82p2dr4t740laxnvan98kk4pym,0.00113951,120.63,0.0,0.0
2025-06-03,fd0799aa8a77716aab2be3583d9231cb78a5667ce570a90b734f5a1ac5a37244,in,33gCyStU5syGyTuaqsiYvkF31B1X31nPtq,0.00012909,13.67,0.0,0.0
2025-06-03,fdfd2d7993e51a54173f983ac58dfd9e7d998350c0cd33cc887dacdc11bb0b17,in,bc1qqxtvn7hm46lvmeu6wzznfwvhg35e4jguw52j9u,0.00022626,23.95,0.0,0.0
2025-06-04,01001eba7a2a2a1b317a9ade0895739f9c2573f65dfe01a32bb551048e3cf5f3,in,bc1qhqtfdgdz8p3kxjln4zxx7we8h2vsh0y9djwy8r,0.00013926,14.67,0.0,0.0
2025-06-04,093993c33489428d2090a020c09c5fd9049999bbc4cc47c41146104b8e9930e4,in,bc1qje5yj0v53lqyxppyzgevwy086w0vuarp7eyehz,0.000217,22.87,0.0,0.0
2025-06-04,0a13d0ba372b7e1b5be3d67b11ab747e1fa3b0e5990642ed4f0cb7aea74a9003,in,bc1qm34lsc65zpw79lxes69zkqmk6ee3ewf0j77s3h,0.000959,101.06,0.0,0.0
2025-06-04,13296754c4569a080e450f31df6683738d7ed890f7ca90e41879f79dd112cd48,in,bc1q702y297hjapg4wjg0et0hans5t34z7du73lhrd,0.00104275,109.88,0.0,0.0
2025-06-04,1c1d97612b8647765883c5eda34129e963dcbe30c0a714c04ff8c65d8376ec1f,in,bc1qs4hyc7e3jyyjsq0p30m3vepjcajq4ppfrkch90,9.553e-05,10.07,0.0,0.0
2025-06-04,2baa77bf05310ebef3dcf76a1c1eeff54996186e7cb3085b8c4bd493ccbc53d6,in,bc1qs5d5d2ckqz7lnncqrxq9x36v7cntxtt29csvym,5.684e-05,5.99,0.0,0.0
2025-06-04,2f996cd77e366a0c0c8b5c94d1de09f10e65f3677e20d93ba7c97787f7e08ee6,in,bc1q5e0p2mxcu90qda9qldaa06uyjm6qncdme9edcx,0.00161093,169.75,0.0,0.0
2025-06-04,30fc80d280a72d19e90283a929eb903f6cab0d36c6f0c4125767320223c3b3a8,in,bc1qszj89wxe94lhzf0vjufazuempnt46hartk0lmy,0.00019572,20.62,0.0,0.0
2025-06-04,33b855447918a392775022641e58402e849bff291f2dcaa72c016ba6f5985872,in,bc1qg0493z82m6fj3xclm48qdr7ynlzltauu97pprn,0.00033171,34.95,0.0,0.0
2025-06-04,37e5fc46932874f3d5fe3bc76962f364297cc0aed04548b7834892f5bd92a7e9,out,bc1qhyqxn8u2mjnxwjfzyvzx9as2hqwn5djljsgpag,0.01748134,1842.13,0.00012218,12.87
2025-06-04,3c08f590f8e167fcb84e9f4af5599c699864969188b153e98b5b4061ff8dff20,in,bc1qu6ly03ejaf3l4zcvpw7etr0dc334w5ylgmw3xh2myu7g6x9y5jwsy26l0t,8.269e-05,8.71,0.0,0.0
2025-06-04,44207c0356461f0004beaf83ae8a4edcab6671628f1db30362dd1873aedb9efc,in,bc1qm34lsc65zpw79lxes69zkqmk6ee3ewf0j77s3h,0.00018532,19.53,0.0,0.0
2025-06-04,4e17a10e87134ca9ae935ab74712346e4127b59a7ea929e49aea20e679b6960d,in,bc1qgnrl8rdayf3cezdagkxjykrd4g0yhykdcvkj2e,0.00054976,57.93,0.0,0.0
2025-06-04,523553e16e69eeee9f90e441c4b3497e5ec61ed8fb5699e066c954db971c096e,in,bc1q30frmsuzsdmsqsgsjepym8dxpzldazmsklrs5w,0.00047488,50.04,0.0,0.0
2025-06-04,593d3f0960a73baabb49112b4c6f18a4eb026a81132b4817fb777bbabc8cb037,in,bc1qeclchah8hwmj3kl3xnvucp85meq46xz86dz893,0.00033018,34.79,0.0,0.0
2025-06-04,59db90bd8e6527780c31dfa7d55ea3fff159e8b3a367618a6335e0258f93d6bc,in,bc1qtxxkgcwrpx8z89swsc3rxqefya4g0ydp7lh95r,0.0001454,15.32,0.0,0.0
2025-06-04,6bf5e445cb923596fc384732204312ed6960b16c0922b045691c1d2bd5fbf1d3,in,bc1qhq967gm9h2lrtqg3lzhyzt8np6k2sz429g3cuk,0.0002868,30.22,0.0,0.0
2025-06-04,6ff226a4e17f34e6e9144f55aae255be1c214d29766bac74a1ec4511317c05e2,in,31iaYsA2QjycQnN781oyvfCrCbt4RidKEm,0.00044014,46.38,0.0,0.0
2025-06-04,7339e338e5915c87cdcd478e6567208918780ce9456b5e4932f1ce3c0dcd987f,out,bc1q4gqdqry053xua75ur9q3v9w75gq2u2zcz7n0eq,0.0114006,1201.36,6.594e-05,6.95
2025-06-04,7da77490e3c08341c6e106da979d5a81e5324b78b73fd5c4d6b462866a606965,in,bc1qjj0vtpqt0dhxaka697uuyejha63f5z367slr63,9.547e-05,10.06,0.0,0.0
2025-06-04,8362ae8e5c6bfb8e59948f5ffa53fd4609b86d9be67a7efb48533fa765dedd0a,in,bc1q7f5ej2g4gup2ccpxkgcfwa29k9klhg3mg2esht23szch78ye76hsepe5tg,0.00030213,31.84,0.0,0.0
2025-06-04,848a933859ccac77bc8c34aa234b53398ca139ac1a45210c2f11a3740eb778f5,in,16xorzUpS6jEwSBvkVSksXiRrzsGqPuAZZ,0.00210631,221.96,0.0,0.0
2025-06-04,84bc577d5b8ff64943b78a8a47b638b55ba099b09e4285e8586b27def62a7dbb,in,bc1ql4emmud9yytrkzlwcwkgk2fjurjnk0mmlct208,0.00088667,93.43,0.0,0.0
2025-06-04,8698f7d7400d16c1c0d95091ae0bdd0f8ddaf957d5981c925d2f7aa8ad2496af,in,bc1q8d55xwc3kmytu3q8s50jkh2d7exvc5eshxg4ck;bc1qj68ze3hy0kt92uqq3qeugzt804jkgqdyxa67k3;bc1qyqx2j80vea8gau86cs6nvyempp2ram8m32cwe6,0.00019033,20.06,0.0,0.0
2025-06-04,93516ceb647765a950c3fba0775b0af52010eca6b697b00f890a17983f2b2860,in,bc1qf3qqhlj8e9j0rk5xj02dknfllj6k2zplyeclrl;bc1qzvduerxgwt0tlt4at748me4qsphqycddprvy2m,0.00094952,100.06,0.0,0.0
2025-06-04,967f33caadd8f60706330410659a3115d630657eaea15137f128d21f87a7b0c2,in,bc1qglrc84qgyq6lr8kp0vdxe3m720j3mxphpmeewe,0.00013862,14.61,0.0,0.0
2025-06-04,976bdec40b8973f160af7e09bb595efb61219f5482aca88d898ce80fcc47a841,in,bc1qm34lsc65zpw79lxes69zkqmk6ee3ewf0j77s3h,0.00396,417.29,0.0,0.0
2025-06-04,989307ddb02c5ff3a3478eeae54684b142266568125654da7c0f445b2fa04dfa,in,bc1qcuwgpze4sfmqq460v6z2rjq2xqvp9eahhehzzg;bc1qlh6jaejmqxlxfg59cusmgxs2swdwf74d3zg9nt,0.00047684,50.25,0.0,0.0
2025-06-04,a6dc8a8017566cf86408ece44f594ecd36d6a47ed12b462e3ffb48aff1f91cae,in,bc1qdjymk7uk4j4vq4u8r7ldvpfr5mj4q0y0xws7t3;bc1qygq8mpvxe7tx74z3sqjykujlptndnmvhuykrf7,0.00033171,34.95,0.0,0.0
2025-06-04,a70afd05ffb227c4631d1d9b19bfc7fcb5bf5099e58b2767d5f60f9a7125d5e9,in,3Gzg9iRz5y7o3hspQKTVwXhVxG28s1eGde;bc1qzt5m9wygcrv5jm24x2xrvctw0cmef0xhlwvdwq5uj0pztx9zzf2q700sz7,0.0004154,43.77,0.0,0.0
2025-06-04,be9c78e6cce9ce2244f4bde96e373e3de4c95ca218bc575e369d240210fe3ea7,in,bc1qnvwwekcd0z6e0fw66urslpxpm2uu9qfrnejg26g2un8phszg3zpqrgg0q8,0.00027093,28.55,0.0,0.0
2025-06-04,c5ea2d3c689cdf28daad2a5c24e7f341478758c80785c0ace0b29b015414d5d7,in,bc1qq4kuj32kdgvahkgudwgnpfggtxwz9p3w9vxsvu;bc1qyhw73m7ugf8pxqut76v08wuym3hcday674sz4c,0.00070172,73.95,0.0,0.0
2025-06-04,d18489024349f215f63cca2f4c85e95efbec938987397bff3d7626fa42bcd200,in,bc1q0uxv2snlkfdt4jdse50t4gqa5ey3u9k7ec9dte,0.00021793,22.96,0.0,0.0
2025-06-04,d8cc7c4e4ffb3b268c28168d0253cf611bb84682c3aed607243692231780b7f9,in,bc1q3az3qzp530c89wh7r99t9s5azlsd6x68sw73lw,1.897e-05,2.0,0.0,0.0
2025-06-04,e1d865946bf808d9b773fcc1a657e62e8dd1d9d19643abccad7213ac376e136f,in,bc1qwyewqq8crfg0g6yr270mdh9csyxfcgx7spc506,8.042e-05,8.47,0.0,0.0
2025-06-04,e522e7d6db76cc3c11278654c43550f5ae82ca7f8d0244de8c73cb89f6ae2637,in,bc1q3m6rd2cad785kynpmrq4pj324vxtynuxvtvxdw;bc1qfwelj7m7rlah7n9tywl7fmzj5qkd897rn3da9u,0.00029264,30.84,0.0,0.0
2025-06-04,e5921eca0c15902b29bbfa8b645d7c09c4ae8bab52eafeb4f47fb8c2070b14f2,in,bc1quxh8hzfhsmq669835ywa0p43c3schpgv5plqkj,0.00057084,60.15,0.0,0.0
2025-06-04,e5ed8331207b302db264f112071f048a2a3b6abbdf1c41ad4f094a35f9bdbac9,in,bc1q46kwfnqtnm9zuguzfq6sxm344gljqwd50yzsc9;bc1q5sp6f57nf6459rnqdcywg70r2y6gzmdywnkhzp;bc1qxd2wyu4s5w29s4pc3gu4nquujx5w9tkamtuyq4,0.0002955,31.14,0.0,0.0
2025-06-04,e9b2a7a5ed17a10cdc76b93cfd684dde611a04bd8a095e20bac9f1d7722276f9,in,bc1qm34lsc65zpw79lxes69zkqmk6ee3ewf0j77s3h,0.00046013,48.49,0.0,0.0
2025-06-04,ed80ddbe372050918cfa16db2f5c981e4ef0efd7f88bf1258ad05c1b5e575cda,in,bc1q4y3sd2pz3eelaewfgylwyjc4wwhwvfnugpfna2,0.00037917,39.96,0.0,0.0
2025-06-04,f13be6d88a0043de37c8750717a4f5cd77d22974241567d68c4617546eb208b7,in,bc1qq2sahpcm0ccpsgcz9whh0zh3spnzc2vmxf6f5q,0.00019457,20.5,0.0,0.0
2025-06-04,f3538ecf7c8ce1d8665590eada9719ae93912d3dcaffbb65260a4dba2cdbc3c0,in,bc1qtnwmsz7gthsvewgezr4ds3yggvtg4v70ny45r9,0.0003,31.61,0.0,0.0
2025-06-04,f9ad4d7e47660a3b449187942628782c2b4ec326eb35a366939a018adccf46f8,in,bc1q0alddhnly9pp74pl2m7pwj8gmr2p0xw4yfq7dr;bc1q924t9uvh5kv26qm2ft7ljtc3yz9dvc6xxkt0cf;bc1qcuzrpdw026qnaeu03jlp4dkfwycpq2vtqwmmmm,0.00026746,28.18,0.0,0.0
2025-06-05,027b1eb794d5fec679e21a0d48a00f546f26db7de62ce16f2f8725988c9e263d,in,bc1qpqnyjdvmtrnxk3u72zphzsdrj4nxj29wp9wvhjh2e52g2t0cuf0sykx7wz,0.00016631,17.41,0.0,0.0
2025-06-05,0c11f5b0d674f0e9172656fb21668a0f751cc14d8b7d7f29cc892912bee3196b,in,bc1qpqhn4qv7c9ujt33k494vwnugql9p9fxlu3e6mm,0.00013044,13.66,0.0,0.0
2025-06-05,0c2aa31de94d192627f7ef8d6a1edfafdfdaf93c03a2a62a9cc300f1c9a79ae8,in,bc1qpgrtjrhjv5dl4at34kpvjypve4mspwsqhw8tdclu9yfkjzsu9ydsq547te,0.00038737,40.56,0.0,0.0
2025-06-05,0e02c1729119165cde273a68ae880d1bc5887ed8044c5f77079449070c0d6251,in,bc1q2ksadgcu0j58zw7c0hrtwtd2xsp85qrklfc9nx;bc1q3uh8pl0d9t3yge3stw5kyztdpnd7slmxv00s6v,0.00071292,74.64,0.0,0.0
2025-06-05,0f1e3172710fa231baddf6410bfb5fe5da0b1584e2f99210f0c8453d28f0540d,in,bc1q3ecq6g2fv3u4n3wu55r397xcxswyed8tfgmpf0,0.00025788,27.0,0.0,0.0
2025-06-05,122e1d06499e8c7982c337bfd3bed014fc7eab02e51d810db7176434f3726dbc,in,bc1qa33fr3xdy9deza9jk5028tqt2j7fjn9w87kws04rw9tnxlj5kg8qtqzwq4,0.00041156,43.09,0.0,0.0
2025-06-05,1fac0f5205cfdbbed293d8921fdbcb78dcda39a25739c458ac801817e92ddd50,in,bc1qm34lsc65zpw79lxes69zkqmk6ee3ewf0j77s3h,0.0001954,20.46,0.0,0.0
2025-06-05,25eab7737ba92ad1863296e175506368ca6aa883ca7bc2a67f397148f77fda65,in,bc1q0uxv2snlkfdt4jdse50t4gqa5ey3u9k7ec9dte,0.0003038,31.81,0.0,0.0
2025-06-05,284744eeeff2d5ac7193ff94ad76dba9f2bf134013ed49e6974e93a132e3b350,in,bc1qc3a90z6mnh0sul0tzpqu2cqk5qyygxzlygvp73;bc1qdq0ahy9e86ttfmpplzad2utrfhq9hpmm596ykm;bc1qsnlmfk5ajuanagkttderfvr3mhagmh472fnglv,0.00020241,21.19,0.0,0.0
2025-06-05,2b43c4bf7bba6908c2638f950e80af0cdfa41eaec07af2fc3ebf3b7e29411769,in,bc1q34d8w72ycgacahvl2w6m6zsg8v3tlxgjxm6vc8;bc1qpp8gdp5mfj3c43hyk28gs7y8f06aj5aj05k32n,0.00062256,65.18,0.0,0.0
2025-06-05,30267eeb097fbbf302e415b351726020e48360f9ac9f4546947b1b8bf436f0de,in,bc1qkx9gzdqxp0rgyj8nxlh3ze8k0632aqdxwt6zfl;bc1qwy7s5g4pk06s6z70whu9xd8z7sw0ykcj39ar8w,8.561e-05,8.96,0.0,0.0
2025-06-05,33f014dc3e5adb0849987f244f113e10a487a1f635567cd87b617bd663bfc50e,in,3GH9GinkFDV4TXwX1rN2Nm4GHWotbXcmya,0.00082594,86.47,0.0,0.0
2025-06-05,372e5596abb2d0bc5454870f536ecf6b8f4b0036f05390d0618afda37ea437fd,in,bc1q8ajttreqdu5fgxkdra8mjm05v5a4qvg72jxxc2,0.00028862,30.22,0.0,0.0
2025-06-05,396d8ee14d9c57c8f2e4709ef46f040bfa104696f04616348d4254e71febbcbb,in,bc1qpgtcnynjt7any75rpzscn787u28gmf7fcxrsjc;bc1qpm2ut8zazsjyjnhcpz0ys29hqtk4p2wnmry5zq,0.00023751,24.87,0.0,0.0
2025-06-05,4102d6de709a59b28df9f2acddca52d273f4cc44ddf6d41c850eeb18aaf97f87,in,bc1qjz95vwtsx4mr6gh5genehegxrvykmxmewrdml9,0.00013002,13.61,0.0,0.0
2025-06-05,410afe037aad5d3eb490ac5d1d65ee8e53953f331d67a993e3d2fd3f9f433517,in,bc1q2auu9px08g780d42zwxlt58x09g6vljsykcppjj8n3kfc8fcc00q5522d9,0.00012569,13.16,0.0,0.0
2025-06-05,43d6fb434045b9d0ee53ccb506405a034c3cb2a26ae0a14ad1624cfd06006bd5,in,bc1q4akmr05hpylhyurpezfkfmaxpd5hjdxnydf9ae,0.00189628,198.53,0.0,0.0
2025-06-05,451324d12a3c86fcda1bf01bcfd6d6f13af3574403b7e83b1d7cbafa4c9924b3,in,bc1qvaf2yv2xnw5pjzg938c6m76r03sfrzv2kp3z7u,0.00047786,50.03,0.0,0.0
2025-06-05,46f87283790d4116dad292e7d423a35776a3221696d31bff72a4a272e08970ad,in,bc1qqxw460g55da5k6vhhmmsajq8en7kh996rc3vjd,0.00012316,12.89,0.0,0.0
2025-06-05,47cd9d8735130a6bc4ba1db756f8ff89b917b175a6301e9ffe7bd5dac95c1e8c,in,bc1q3lg9cnrm0dhhzpvpwv6a6jnlpkfgtnf60dpqwv,0.000199,20.83,0.0,0.0
2025-06-05,4b276432020426ea5f599fcad0184ba88d9a3982145b0dcd80f12c503e87b6dd,in,bc1qyz22v0u3cszynj0kaullc0gpvq5jvj9yrxzt5u,0.0002451,25.66,0.0,0.0
2025-06-05,4e116f6c6fdf7521b40e03709a880586798fe48226a3c587eae40b0749804a0c,in,bc1qlh7nh883sfp42njntwyes0zllv278kh54fqx8h,0.00011165,11.69,0.0,0.0
2025-06-05,4ec05d2d92cbb3741f01aa5a6d083be37d5dce7ae3d11b8840edc1949237961f,in,bc1qm34lsc65zpw79lxes69zkqmk6ee3ewf0j77s3h,0.00016,16.75,0.0,0.0
2025-06-05,511671e13565424d00c0fe087ee4ff1aaf607380656a36f86fa1dbd86d4cc499,in,bc1qnt0dgdcg8v492pchwew064fs4fwqureryhprj8,0.00011082,11.6,0.0,0.0
2025-06-05,59d1e15442408079b0384773d7f7e6390a2a0800f7f65c875557105ee41012f1,in,bc1qand7la5u93k0fxrl75y7lnl9u0j4e80rnpzzul,0.00019875,20.81,0.0,0.0
2025-06-05,5b38a418b6ac4feb3faa60faa5e85730d8d54784fe69b942534253918a4a70b3,in,bc1qp6p5fahr3fwh2zdn0g670zvu4ny8dp4lrxlnkd,0.0002403,25.16,0.0,0.0
2025-06-05,6bb72164d2d3c7568c6680e86091f01cabb487f58b05eec6e6be0a5d24defbfd,in,bc1qwwm9r4cf88f64l9lquh87jzrc7xz2wewy7n3mf,0.00021037,22.03,0.0,0.0
2025-06-05,6e2584acf4be43ab3e7f1bd34d563ad3fd6e04af3620e102cfcb35e33a7c48fd,in,bc1q9xst2kucqwvwt8z797t0fkwulxy4k2afqe9t00,0.0007644,80.03,0.0,0.0
2025-06-05,6e7142727526ab894dddc9642bce6fb056cff6ce29f522c1b49a21ba8d887499,out,bc1qalvlezsy5jjrmlsnct06zhy4hq8m8uvf7u9mju,0.02493464,2610.58,0.00020802,21.78
2025-06-05,704090b2eb0026ef11a9e1706fad53a9be88a3e6b249ac9b480b782aa6d9560c,in,bc1qavtqtg6cuk2x84gsff44jv8529clxjs90m47fj;bc1qzh7fddpzvmxpkhmuvkw8pml97ahaxy3krn3lpm,0.00014714,15.41,0.0,0.0
2025-06-05,765222073e4d8d217ccd5f0b5ba9504c2b596122478b2c49dc6bc117f4ccbf1d,in,bc1q98malns8j98pw33m8sd874423vqryqc4slag9r,0.00010512,11.01,0.0,0.0
2025-06-05,786f95a1a0e682afdd5f2d33e7eee433654548d1e6c061911d3e3de9ec0fceec,in,bc1q5ca9vdv7w4lkvhujasrupymkhp64rptgr3apdt,0.00095403,99.88,0.0,0.0
2025-06-05,79ef432655f5f11eda0beef3ec3443efae2040979fc1335acfed2681da1c7a46,in,bc1qah2hk3ucn0jezym5cuqfcqumyl5k3u460a9xnh,0.00033145,34.7,0.0,0.0
2025-06-05,81a8d19c11e6ea764fa805cf84e787be41fb422d385aaa90dbf9e1017e335e68,in,bc1q5aklx0hpfkrlfgcsr44f6cjrvl0a4m5evs5pgj,0.00047257,49.48,0.0,0.0
2025-06-05,92fe2fde1cc4ff739a15029998af5e2eabee2337889131b6c93f13131b3e03b0,in,bc1qak58jydtnpmfr6mv8qra430w8gw5s8lshtxkgd;bc1qpez68cz00wj0a0tmzezpn39pv9kf3rgzfnn89a,0.00021051,22.04,0.0,0.0
2025-06-05,a2bac0d5fe61de20f1aaac269d3fb85833c761621d3042a8d7a7497d86818148,in,bc1quwd9y35mwyllyftezjk6gqn256unexyu6hu0cw,0.00038125,39.92,0.0,0.0
2025-06-05,a746314d5e6a831b4e2cd2faa05903dc8c2ccedcc37696f1f3fdac38f68bde91,in,bc1q55dffwx3pwzm43kxc7x6tragvv6f4x7tv3zrz5;bc1qvnxqdtqfxk7gutdvau2ngw8lcm4xx29qvjqhp4,0.00027037,28.31,0.0,0.0
2025-06-05,a8799dddefefba5e10dd8b2e8123f1065d4e7867b50b9cef5031c4fc9bdb1ff1,in,1MSaVhvAfksLXfCZsYwZYARdCMjdvu74ZY,0.00047813,50.06,0.0,0.0
2025-06-05,ae18781a4e770dee3883bf67e1c815338051a519c8f3c17021b7dbbf45d7fb34,in,bc1qdz9d8vg2f5eyywdk4ena59dj5fdasc9j0m0hjn;bc1qpdqgwg4cnfcjwcsp7vnnt2thz4apv7ndqfp294,0.000435,45.54,0.0,0.0
2025-06-05,b1dcf2a745b0fbefa05f2130a0b80b31fb871bce7a071c1ba0a75fa669513cd2,in,bc1qavhn2y9vned2el8zp0u3h3dtxmap4hq9g9pqsd,0.00040373,42.27,0.0,0.0
2025-06-05,b6d8e4ab08e9c2d7d64c3910abcf8fa48a690da378e13e6d8295e2dd0da71342,in,bc1qvdcn72w5a5mvd3qujx0sg8cg5zxv8sdu8ry0cf,0.0001334,13.97,0.0,0.0
2025-06-05,ba8e07d9dfed40350db6ca3b9c953e91695a62164ee289ea8c1351df6a5366b1,in,bc1qkclhk05h76p9mfs5r6pf3xr84gw3e5udy3rjqr;bc1qraf4x5c0fafss28xaguktgczemgsaftwhke6dy,0.00093498,97.89,0.0,0.0
2025-06-05,bed0fb63d707ea62e8390d5cc9e9836ff5f9c9d43b48522dbf1d8071be77e04e,in,bc1ql5t94xvcqeplwykqq7vsqag49hcz8c846x2g50,9.907e-05,10.37,0.0,0.0
2025-06-05,c0fcc7ca2dfbe94d545894845eeb55274011b88e8da48dabc267d2f68724e2fd,in,bc1q2rmnsnx9mmjejh4yfh8gh073mrfjcf2j94rngk,7.52e-05,7.87,0.0,0.0
2025-06-05,c44f5297478c6a7e0c08bae9661ec2e56f8dd57826738195ad86beaefb9979f3,in,bc1q7eywtlt2w5egfwc2784qzhtlwzsyq9lxty68td;bc1q7wqqdsuu56v4rxmmap88w8q5ncs8594pqu2sw5;bc1qrgvrld436k5j392309he9wuum4953ac6hjwzx3,0.00034061,35.66,0.0,0.0
2025-06-05,c6b2b1fc9c624a419added1cc990c36cc4047c4f3287fedba484f731bf9a8fda,in,bc1qw22h4683sscuz3spnjtv2nkqg2gma7z5lpxgc9,7.199e-05,7.54,0.0,0.0
2025-06-05,c7e00b053de51d066ab34c7d43210de4a0ff82416698e2e7e90f857a6d86b9f8,in,bc1plyx9fxn6d8m6l5hkdwnjfpf294ewhqz5hgehxwwcs2fy27p5nydqrnnhq2,0.00041978,43.95,0.0,0.0
2025-06-05,ca8f3867098e4a90a14be7a12d6abf0316ac48ec0ad05c1d389c26dbd2755f1a,in,bc1qytnd4rc6e8a7eqzcqwknyp95xyzm9vkrg62xk0,0.00135818,142.2,0.0,0.0
2025-06-05,cae92c0079cb9f4a0a756552a300b12584e50125c7fff027777b26c82a764c82,in,bc1pfsyhyup36jcdy7s7trpjk7txxwy99x97sh482zpsf4tknycg0a2s8kam92,0.0007963,83.37,0.0,0.0
2025-06-05,cb6905b9caa94b7ee5e521bdac9a9f6c271dadaef92483a508a9e13b567a11f4,in,bc1qd30dvh3pha68eeahxu4pupzq6lvwqdd8q2afkg,0.00012802,13.4,0.0,0.0
2025-06-05,ce7ae5b8a7770dc3fc7cb7ca44b8c4dafe9c7e82f757895cb36522d9248012c1,in,bc1quaay0h0qdwfpvh77jyh565sruthxqy975ywwc953l26s9g06dllslgl4wh,0.00093648,98.05,0.0,0.0
2025-06-05,ce9ee6f8a64606a29b8265f640fe55f4f0b4c86becac50a40bcccb75220ad478,in,bc1q9knt8axpf06kthpmejrn2vjuh7fvg392v0l6zd,0.00027165,28.44,0.0,0.0
2025-06-05,d0279deef154bc26d7d25fe1e596996da5e7fe990763d6b028605df9ed18fe2e,in,bc1qpsp24r4tv9ellmtmhpdhejcqmfxwkxmldv0yd4,0.00015343,16.06,0.0,0.0
2025-06-05,d77ce2339029d1b93905ceb4d5f3f25e178b0ae213b181304120d9be1c11385b,in,bc1qjsksp5ywp4vkalvfw2xmy3unzu72tvrln5ure9,0.00023876,25.0,0.0,0.0
2025-06-05,dfda2af50a88eee9791c98408e8cb218d62c4d8bdcfea7a181afae66bb253566,in,bc1qhlmx2uva89qmaewx02l8qjf93fmsf4c0gavawg,0.00047193,49.41,0.0,0.0
2025-06-05,e04e0171b036f752ef4f83f905b4443a6e34fc9107e02155a0f578af44ef8352,in,bc1qwj8rytfefr3ag8e6qegqzzjjv5s4c2qhduzkst,5.022e-05,5.26,0.0,0.0
2025-06-05,e11782bdf7a7e0670dcf6cc4a840975196373e7719272e8063f7450c690c2fba,in,bc1qqepy4sgh5pcwn3fns84k3vtg0nky4t90c2y0zm,0.0002356,24.67,0.0,0.0
2025-06-05,e70d5bf1619bd92d3991cef0b1a5d069ac06a80debd81b0a76c1926cd51a85b6,in,bc1qfdgezzynl60a0djwvrves7qp0gm7hkyhkadxv2,0.00024099,25.23,0.0,0.0
2025-06-05,eea530ea222091da26d69dd44cd46283a9be1119e8ad3115491c291da372b6ab,in,bc1q27rn0090zjppvh069nxs5ck5dxaalfzqzqmdk9;bc1qkug9skj5h6wdeksgayh568ucuc2w24cdsns2ak,7.425e-05,7.77,0.0,0.0
2025-06-05,f0180fc305210343a9062e59cf2f2d530c15d2fbfef7bfcdbbae061b833bf284,in,bc1qgkhck99rf30xyp6lw42w3qvy94ycl2u09sryj4,5.286e-05,5.53,0.0,0.0
2025-06-05,f077b027d3f6daf989ceb09037dc1c759999cf8aaefbb9530c8e070743ba2d44,in,bc1qhnt6gph5w6lplflfqd4wdazgpxk4w2u5fq2jxf,0.00015701,16.44,0.0,0.0
2025-06-05,f3fe8fa090ae9f6f033aa98947c00c4b62fe181e015cae1648e674afe65c3034,in,bc1qm34lsc65zpw79lxes69zkqmk6ee3ewf0j77s3h,0.00168011,175.9,0.0,0.0
2025-06-05,f73198441106128287190ed1d692669619b51a6047d7cfb368f211a7f48149f2,in,bc1qxaz3qcqa2p9wpew4n4radhps6q5zxtpka4n8gr,0.00026672,27.92,0.0,0.0
2025-06-05,f84547f3b684e2307146680717e851caff819ddf0d305f87b438fb5ebce6c815,in,bc1qujmg7fwcs548cne28hzqkueguxtjeyvce5mf7v,0.00019055,19.95,0.0,0.0
2025-06-05,fd9dd7c98d6b2b616174f15a8b41cdb6ae897d60bef36fb47f21573dd676aa63,in,bc1q7a0ete6cxsdaqutkad6e4ewml7jwdw5pws4n6j;bc1qwg94zctv89awejapfkj3m7zwdy6m67aar58u0l,0.00020637,21.61,0.0,0.0
2025-06-06,0dc733c0348035fa57872156305aa48b3177f6a330674e6a6b428bf48a8a10b2,in,bc1qrxuxw8uq46kr8peg442v68dm8dlcjaahtwk5kc;bc1qwsaesjtttxs7nyr9tplcq4hfxnvkqjd3c6a3hc,0.0002858,29.01,0.0,0.0
2025-06-06,11275f31ea49d554cdb6d13dbbdbfe353e44d8b1d4746a4ee7692a2ba1c35f24,in,bc1q0cm3xdhftqnw5y04gxkz5pfwkfs5s7z3uxe0m7;bc1q9ym0d8ramrcfstzthjl8lsv76plju2qd6c6n7n,0.00016888,17.14,0.0,0.0
2025-06-06,13ff38b6f0b8e03cc11933719c970aafd4833f571cc82dd7403cdc49c6de38f3,in,bc1qgeag85077p6kyp6l70ez7czek3x6pnlshc5f5s;bc1qpykeyrjzef9la8nnlwtaeqnxveggn7j0wjlrmw,0.00014899,15.12,0.0,0.0
2025-06-06,1581af38c944d586e4149616bce4ac551bfa7a9d8f59662302fe1a0e07efa1e4,in,bc1q2arl3gsltn3xldgcxv6ypj9s8yxd0cl4dkf6u3,0.00010104,10.26,0.0,0.0
2025-06-06,1adbf75b55ead389550c070d7b3c5bd21a98d1e71d0fe0c4622ba3cddc602147,in,bc1q27rrck7faf6zcx7ake729wsm3ejv5a40zzsp85;bc1qr5kmlsuh8zwj56vjjtym6sus4pzm8e7xr7c0ey,0.00022673,23.02,0.0,0.0
2025-06-06,1daa5db9f5d87e6affd465564f709c4e1c972032d1ffb9041763d70e0382c1d4,in,bc1qpaqmwkagzh0ns8l9xzs0cjlm32qf8rul3dzgv3;bc1qqckcz83snquwnvvdqyksvlycn6gzd04f90m4fr,0.00043327,43.98,0.0,0.0
2025-06-06,246bdb5d214030e80f633f2b7c6d815baf08d34560d3122b4da2b66ccd3c8258,in,bc1quhux44mjkahcszne9lpwqm6t08gfyjq3knv40w,0.00019603,19.9,0.0,0.0
2025-06-06,294def89c7042ebc1741b09e2f275181ea7978fd6f10a1df5f477f1fce101676,in,bc1q5c8cfchh8u9cqwhkqv5y327rv70h2keu8200qs;bc1qrd4aqgad9ptzglcpq4lqhg2xvs9l9hl7stet4z,0.00089461,90.81,0.0,0.0
2025-06-06,2be8b19d3ba31213665f4eb97dbc3ac52fcf269ebe0ffd3431aff02284ac0fe4,in,3H9WXKYPqq4xo3ahuQvEDcDJBgFJcxGLpJ,0.00024045,24.41,0.0,0.0
2025-06-06,2f1d5b127036a3c064529a35cb4e0f2d60dd5b057968dce3b84fd5b12dee296d,in,bc1qpa55zpsf03kx80kvmy5nzjl4g4qsnhuadurr7k;bc1qyljrfcktkvd227hdc33lw082f7ec9e7f8v3vej,0.00023962,24.32,0.0,0.0
2025-06-06,310d3b93d0dc8cbc9021178ad51d9d837423d2c2f3db0dedcc2e5dba43ede312,in,bc1qmqhagjukdfwxk2uc7ezwr5uqwxmk2wrktfctcv;bc1qw230j407pufzef9w8n74f8asvp0gt7qgfxzvek,5.932e-05,6.02,0.0,0.0
2025-06-06,3bf862be90fb9e50a481eb7faf10f04f3d9e345403f00d36898ddff865a5fdb6,in,bc1qrallwccff50gldg9fh665rszvm79ae4tstceal,0.0008349,84.75,0.0,0.0
2025-06-06,3c733804d64518ec97cda52d1680bcc3649135713f2d8b6787d23850836d27d7,in,bc1qje5yj0v53lqyxppyzgevwy086w0vuarp7eyehz,0.00043394,44.05,0.0,0.0
2025-06-06,3e5324725ec0ca682bff9f333df9a7796c6fc38a16b04ecb981e553fb92aea93,in,bc1q9a6dxavy9nv65gz2wpxgeachtne75674v0w9cs,0.00050524,51.29,0.0,0.0
2025-06-06,3f97b031e6ca01bf76a301fbb7f64be889a1ab2dcf31dedafad59037481b27b3,in,bc1qsc2g8rak9qglgpyyllevwd8suh426n90rsmaax,0.0001536,15.59,0.0,0.0
2025-06-06,451e9830fd491f0951024c64599d5f3893707f2d591561cae79642bf119b7e24,in,1BoZk4uddsFix4tfESyrYqnaqvxeNZvL9Y,0.00044112,44.78,0.0,0.0
2025-06-06,478ab4ce891261c185f7489b67d94ea35ada1290b2d1ffece3f15d6776cbf31d,in,bc1qnczgfd70udregg0wy9a9qh3k5xwclpzf27s0x2,0.00024525,24.9,0.0,0.0
2025-06-06,4a22980f54442179bcebb68b98b5e385079935758350ef655eac39802f3eacf4,in,bc1qemc9p4m537l3rj4h35lpdwhqrqxd0glnwq86p8;bc1qh6hmh3g8pnp8pc8ypa8ttf5l4xcz68replqyzl,0.00022602,22.94,0.0,0.0
2025-06-06,585b92260bc642f013aa07b79d9daa48f96a505dc23517013130b0448315b2aa,in,3GpWtHgbbxNdqobVW4rPHTE6SJeNzgdSX8;bc1qdqffp4nxzwjky98hx7njsy5nrlxzm9t82f44fcg0r8zpmeefeuqqvv4wvv;bc1qetqgeh29jhr9l5844wm3k27cn03wf746wjkqguv3aysnsq7ea29s50d35q;bc1qff93hcmnkcz75qu8drc5lzf6xul59rmda0j3qrqdjxrhpd5wptxqtxvqun;bc1qplq0aau5ap5mha26jpey7s2sa3gdqj4cvlnhmcmq9vrs79qh68tsk5qwlz,0.00042361,43.0,0.0,0.0
2025-06-06,7ebf229e396d0c85df69c833c9948b74ae7df83924668f3036e96eccd031a298,in,bc1qj0vqamact00hkq3zjf76tuvzv92yvd8utg847w;bc1qj2plrq9w6t2703hx32yefuy0ye2wzv6wkexwhx,0.00010443,10.6,0.0,0.0
2025-06-06,7f2253135a79719d5ca97eb7b0571cde3f56d34d46b31c639ec683d70b812de1,in,bc1qykr8w25vvr4ealjpa7ckvwkqx6yllvexsza8c6,0.00012176,12.36,0.0,0.0
2025-06-06,8e8274fa59523e71c75c26e9a35cc98d44ad36115ebe8159c13e247e3f25f908,in,12PWd7vBeLLhpt6Mf8nCJqt8HShibMT59a;1FmsVu2NixCHzxLNdpsHekZtKvytYD7qQU,0.00016615,16.87,0.0,0.0
2025-06-06,94d215fad4b20d4f81766990b1706ea87e6886eab9f15dc325f40d4f1c4bafc0,in,bc1qr35hws365juz5rtlsjtvmulu97957kqvr3zpw3,0.0010252,104.07,0.0,0.0
2025-06-06,95974a7807519adcb836be5e8db5933c8daf34477ce420af7b794f4b1ed87510,in,bc1qs6uqav6n3uv8r2nngrt088cqfq4d3p400q2zs2;bc1qt0nxt9qle7sexmzmtmtmn29asrnqz3796f8l3k,0.00021561,21.89,0.0,0.0
2025-06-06,9f1a5614936398e3c2282b479cbfd0127cd872aee1132078b53155f78850e9f3,in,bc1q4zmxjnmqd47ydwgskk53anst0cljyxmcxruru0,0.00098983,100.48,0.0,0.0
2025-06-06,a0669698baa5868be560eb43a2fa8dcb99d4c4336f9fe7b2024e2a7b51d96016,in,bc1qrd5v68vta9jcplh7kt3qjmj7eylc953sszy0x4,0.00057445,58.31,0.0,0.0
2025-06-06,a6f52dc0d2508b7f8a5886a80641da5ee7bf3574065eef2c86d3cc13696c6382,in,bc1qe99zmxch3y7z60wt8nj4uwm575n3tuhrt7q5y8,0.00064024,64.99,0.0,0.0
2025-06-06,a8fc57f762250c7633cdf6699089f7fd4a28a6ed56e0b7759f7d2bc76e4b3c84,in,bc1ql4sd0j34vl4dux54apaz9ctynen0qdm0kdtxgv,0.00017062,17.32,0.0,0.0
2025-06-06,ad47a726f1ebb384b7424a4a77e00179872264dd564873aed6ccea52c622cf56,in,bc1qkx04m2wshtuaaleh0pgw3ajw3tqddsdve8cc85;bc1qmy4h8dawu73xjee62zljwjx0387yr0rjcp6yw3,0.00028742,29.18,0.0,0.0
2025-06-06,b10f990d052bcfe14d726310e74498ff5f9281a558c449ab584b46b32ad4342b,in,bc1qgsl5cw5cg6nva3zpqwywk3jh00l7xv5l67f7ay;bc1qmvxhdrys0cw82euv6f07s3d9exkp7kx7p2g53m,0.00015888,16.13,0.0,0.0
2025-06-06,b3367aa6eed0ed672d1a00ec3238b33e8a1c1ca77548068f93790c50f786ae38,in,bc1q2vlcmc3660tzch8aks6l6pscgtshfyld8dukvz,0.00028553,28.98,0.0,0.0
2025-06-06,c3787253fd89db73d63284ef38a9089430608b98cf95511ce783b14a2669fe27,in,bc1q3c5qf0mc28hpmfveyxv5w9r5teapw25899r5ph,0.00067523,68.54,0.0,0.0
2025-06-06,c5c23304b506389f71716516f75ec72e67bdceefcb2e6c01dc9e5deca76a5b1b,in,bc1qm34lsc65zpw79lxes69zkqmk6ee3ewf0j77s3h,0.00022449,22.79,0.0,0.0
2025-06-06,cada144841c876377da66d52a9af4a68295b3d23812e5f1355cf98d4e0703c2e,in,bc1qv3vxwlh2g0zauzdt9fr7szwz6tsetqcdylm64j;bc1qyfea9yuqqcvsrf8j4td2p7clyw6l7ls75nchcr,5.917e-05,6.01,0.0,0.0
2025-06-06,cda570a2083aaa5b5847fc558ac2a9699ea38fbf98b00408a7fe437d63cb9496,in,bc1qjg4xrptmu6d6qy6prydten4ukq0889wtz66xwf;bc1qrv8a2gruvwnmxnmwsusxeekq22ke89y5mnjah5,0.00122593,124.44,0.0,0.0
2025-06-06,d6c0f27f755bd433172d8d1bbc60ee9f231133fc314d9d7b490b6ceb1f78c0db,in,bc1qev568v3xelrw83qpe3r3xmtcshnh47epjedpfnp5ar7vphffu6uswjck6s;bc1qlvsrlp86tudn8l3axhv33ntzdv9wcc4k3pl0meke2sssnqk3gmvsa8l5yh,0.00084997,86.28,0.0,0.0
2025-06-06,d89066a452e23a8ba02601b3e1dcedc52899cda458fcda4a6ebf840c152e3819,in,bc1qu9ylp5kd9vxzjq43zfl2kg93gwj3c6j6s6nrxw,0.00010239,10.39,0.0,0.0
2025-06-06,de9aa7ce0d8652a2b47e6ba1c73a7385841100dfb841f86943c991cdf85bc563,in,bc1qu60sy0040jspxu5zkjz64szjw9j6hcsu9fauhgdum720hmd2veaqyn27da,0.00013735,13.94,0.0,0.0
2025-06-06,df994c7c7cfdd403af9ea9d955ee29965ae882a066f6d01d6e911dfe24d7ff1c,in,bc1qdxzhq4ctkuwffawrg28vvsvwgdl2j3x7mwla37;bc1qkhej8gx6q6lr4rsufhf0ssagavavwwhr4a7t78,8e-05,8.12,0.0,0.0
2025-06-06,e2860dbd13df7848b3aa50f0b6f120c186374f4f8785c3c0e63f780f8f516db0,in,bc1qptreqwjc59gn5m92mamqe5yg49shg25k9plprt,0.0002171,22.04,0.0,0.0
2025-06-06,e2f1d7d62f726e04bae668f16174e0024ed2b89d332a9d3348e04304bac02542,in,bc1qemaw6d0du9mtc6kq9yhqemljxkr0zr33qhekpj5qqf8h3cl8a4ys7ehleh,0.00030027,30.48,0.0,0.0
2025-06-06,e3c2b6ca8fbecace3ec4cde7d63e92deba7427f62ef8f8113e568c8bf88c5e81,in,bc1qhqgedq4gv6nzkmf0uu4a6d5f2d75kekkvz2h6qc9e9qrrzz84deskg285s,0.00106155,107.76,0.0,0.0
2025-06-06,f9b75a4ad4e8fc2400ebb9eb75fd4435b6b2b03d9db952dc1227144dd3f45c6f,in,bc1q7d7ewkae7srjjuzm7v9uj6jj0weh44tprhp6c5;bc1qmxl83n325mfzvx4dua6r3rjh7p6kcsyjcpd2wd,0.00030026,30.48,0.0,0.0
2025-06-06,fceebc8b2bf7786700ca865aa17ca4f054fc226daf7721bff018d302ee593c70,in,bc1qgz5u063cc20halmzrlp82upa3ywkp2l7n9q5mt,0.00097289,98.76,0.0,0.0
2025-06-07,0d41115d007d0ae774496fc262b8633179f95021f99ba0106fba68c7af4d0557,in,bc1qu49dn0cwnczpn76dvnjh5ce43lemhfe50078lp;bc1qxs9fsshkcz6gdxsfvum3ddfw0twf9zp2g8x5ux,0.00023679,24.69,0.0,0.0
2025-06-07,0f36f1a65452d8fe7b64f62ca7bfbe44125e6c7849c11b988fc1e9af2b23e3fe,in,bc1qkapr75e27sr2en4yzsfsdpk6xxnydfmavqx4s6,6.896e-05,7.19,0.0,0.0
2025-06-07,2b8683ef1961d593a0088e730647231bac6446845bed0347d06c6d54d4a4bebd,in,bc1qmkhju47krwxh3wjzqvtux9kt5up5f6z3gq6p04,0.00023403,24.41,0.0,0.0
2025-06-07,2c2d47de98e5fc9a168cb11982b258811202a76c4897b9949a035e743c2a88b1,in,bc1q3m5922slcgv8qrr74459qny8gvgmlsxpkjf6n2,0.00022769,23.75,0.0,0.0
2025-06-07,31308256bc8b6b130512b94a85f489fdf58157c5b5a981a10bdbfc50ee8004ae,in,bc1qacg34f89uu03lty4cujseh9ylwrz8xmk5k3e46;bc1qfef7n3had0m5tm2q4rjwxtl0jrks5ad7ppvppy,0.00023723,24.74,0.0,0.0
2025-06-07,4b395fb4a45946c54a664596d2fcbf6061143624997cc5d79774fdca50e7b17b,in,bc1qp2ezjqnmrg9kv439psctjfs39m787gp9km4aea,9.512e-05,9.92,0.0,0.0
2025-06-07,553dfe4b30f1031ea377730f66b9994127689c693ee958cf5ce128d072fec91a,out,bc1qutwp8cxrs670f53g3t38z323utmwfa8rz5fj5f,0.02103365,2193.57,0.00017546,18.3
2025-06-07,5e0efc2cae2d773f1d0212e234f6d01b87d7700385a6d8deca89c66c60c765a9,in,bc1qu9p0w70pe7ulhrqh5dn5c96trw0zk487alqfkd,0.00026346,27.48,0.0,0.0
2025-06-07,5e46a872a8d8be41502e88ba869a08d8059d46b5bf4dac06f6af54ccad80bffa,in,bc1q6uvkyfh9z4m6m8utu2k5kjc37effz80nvwt3p0,0.00021914,22.85,0.0,0.0
2025-06-07,6966b6e63ba371e8717826e99b62c1da676b8cafd6ab0794fd5e9a04dc2c4789,in,bc1qkzuutc6fejel02n6lxfcks9r675khh72sq990s;bc1qnhm60zt0hthk6dqxz504lp58m0ek2xny9ewqfl,0.00014834,15.47,0.0,0.0
2025-06-07,7b94a102db57b0aeb61b332e0146d67917fbefcf0edacd99fcf58572701b9d96,in,bc1qj7qglm2qq2mrvhvh8g9zjtmdlr407prdq582wu,0.00023924,24.95,0.0,0.0
2025-06-07,8143a016267f018b9b0354741d1ceed8e41482b5eb60d14d196f9649b740b974,in,bc1qm34lsc65zpw79lxes69zkqmk6ee3ewf0j77s3h,0.00026,27.11,0.0,0.0
2025-06-07,864d2f6ed1e61112fbeb0241435603ec8ca2957f3f2b3673e355d075da1bf404,in,bc1q4qnmw0vu5m747599qc92wx8d7rcgf80q6g6d67lap5gtxuh2x0zqgu53y7,0.000559,58.3,0.0,0.0
2025-06-07,916b0df6817cc677e8ff911bab24e0d24cf444fdf1ee4bb4cd1146217cef57f4,in,bc1qxle0lc3vrannff3dnexcq6m5cf47vtryr7p78gncc8dhyau070qq2r60x2,0.0010505,109.55,0.0,0.0
2025-06-07,9a08a191a6d7a486c087fd7b02863c3a5fe2c37f3ab068de258ac66d92f4433b,in,3HW3siRn4TCBL1R53GyanBRyxYHPCyyLb6,0.00019,19.81,0.0,0.0
2025-06-07,9a48fb5e8468a153d519e6331582db948bbedb5265e5c8ff50b09a1b2f6894d1,in,bc1qz25msyq67vtcjttydymzxlmpqpqpkm2s7wt24g,9.528e-05,9.94,0.0,0.0
2025-06-07,a2f2c0f3d56a8e2c9e91dfb1d5c84dd6daf6a1bd6c81001810d507ccfa961b28,in,bc1qqmy2jfwkrym6s3ptze78dtwucgzgjtvjpze9e4,0.00060116,62.69,0.0,0.0
2025-06-07,c9c394f1f9dfb91e03c9c7f2e53ab62eae7be3afbd2523249ef554ce26375598,in,bc1qepc27dnv4r505lhx786d8rjvc676k42asayj23;bc1qsw9q59ehxgvge2fg4r4zeru86n6mhtm23fy736,0.00051251,53.45,0.0,0.0
2025-06-07,ec7962c9d8e2bf3c0e0f0d702a7c9966daef7fa1fb57bdfcfee7c317d6918a06,in,bc1qzqpjeh39l77mfwnu7ey0qq588hqz4vvpc2779h,0.00044949,46.88,0.0,0.0
2025-06-07,ed0f2ada9f2563e7002258884f0dbed383c285c6c9bcd6f7b1e7e7bd82aa5b6c,in,bc1qfnr54t6ut3gagpl8pgrju4r5wqa5p7gsr6zcax;bc1qtqglvfqeek93xtc9dktx86ep6450ggvs94dnqu,0.00088059,91.84,0.0,0.0
2025-06-07,f0bc960952fba5208d7ba7deac189ee986396ecd7b38f16bf426e2243205e062,in,bc1qm34lsc65zpw79lxes69zkqmk6ee3ewf0j77s3h,0.00170757,178.08,0.0,0.0
2025-06-08,04af9fbdf27b4bf9a699adece320b32c43d88aa5377f3a9847d893072f497d0f,in,bc1qfl9syrucu9c2cjz9z6rxcjaq58ym0fex5ja88u;bc1qj5zszqh5n5r3auyzep6y9nf5a73v7ngyxcth4y,0.00042355,44.71,0.0,0.0
2025-06-08,06962d4ce10ca3f4fd4ce89f2398b9a09fb5f8fc3a96878859eddb55acd2e9be,in,bc1q7mh969m9glm8nx7r36rywf3gmvy3j3yu3jd7a8;bc1qexf5gmuw72jvrk4rldu6fduxukm0t5kudawpan,7.522e-05,7.94,0.0,0.0
2025-06-08,07d0f69cfa02539fb95ae2c3c39ebe1f3ba1f9d407d95b1979856d30ff01a59f,in,bc1qd589ujl3pld4ampyvjqdaurp0lq6l0gvfmk4yx;bc1qtng4vtaz8xvspgqjpqdku4u3h7f89uwesgy9vn,0.00028465,30.05,0.0,0.0
2025-06-08,0c959180c3f1f82d9503b00b41807f86750431a719c990a1b686e30201da8088,in,bc1qx2xz3xkwgvlmuzn2c8vdy3qljhrlgvn9mgzj3r,0.000187,19.74,0.0,0.0
2025-06-08,13265455b80883a91223c0072da8113f6141346d7914d2c2090298f72aa1ad56,in,bc1qen4fj78kvwfqe6qjck7lsz5y2fjpkskavsfzp3;bc1qvaeyav4k6hv9dt02dxaeg3tmfthqpu92cp4pyq,0.00015705,16.58,0.0,0.0
2025-06-08,14dcfd3475bb6e07ea0c9241e15abdfbeeaa8fdf6e459da6900c1108fa60e8b8,in,bc1qm2scant0x7le8z4x2mylj4dmxzgkfymttcv6h3,0.00047015,49.63,0.0,0.0
2025-06-08,195e9b1ff87590fcf915f670b21de29738d0b752df27f5ec4148ec9e61375897,in,bc1qg9gz70y2jh0vjls0vr2946l9dkmlakr8mcaq36;bc1qufjwut4umpsh2cw86m9w8a967773qvwn23prf4,8.505e-05,8.98,0.0,0.0
2025-06-08,2558cad9a033eee354dcc376bec3d9b9d97ea5c56a6b9b39bf39ac9e6f7c8ed1,in,bc1q7mh969m9glm8nx7r36rywf3gmvy3j3yu3jd7a8,0.00014113,14.9,0.0,0.0
2025-06-08,285a5be4132a34e139daa4adfcbda05d25532e69a4e51c81deda6f33e8058f06,in,bc1qfm0444mysqyqjgqztk3pg0jtaqakv7lsw2zkyk,0.0004,42.22,0.0,0.0
2025-06-08,28b3de639bd48df2c0e235375d0ff31c2b78e6b50983fafd6f617dbfff3dda4b,in,bc1qmxyqy0dj376j4a36xs6y0gh9sdkwf4y44ge2k8,0.00047342,49.97,0.0,0.0
2025-06-08,2f6841f60f2029261960238c9527d366c9b454ee03ea074ab433c008653aa7cd,in,bc1qt3n3h5m26fgqtdu8xm76hny5ach546pf343cl7,0.00010723,11.32,0.0,0.0
2025-06-08,328c3cc272c5b87c92dc6e29935b9fee1a5bfda1a98497aac628cba7c52ec67b,in,bc1qe87qeut3fcm2rrq80d3xdfxsvk9ex20f67dyp4ggj48yawsf8nzq4xcw9g;bc1qqwxa8dwlshuj9alqhyt4dn4gam2g3uzgw0kvhgp6uwdz67yf6wyqg4asy9,0.0004734,49.97,0.0,0.0
2025-06-08,3cba4444ba3bba5963ee0a1274fa2529abcc404d84d55c13bb4ffd8d403d6ec1,in,bc1qfraed7nw98mh4kvn05uq434ra55ze2kh2ah6l2,0.000332,35.04,0.0,0.0
2025-06-08,5017b9cda3545b39e5af6086c190cd2008bdeddf8e00afa6498eca0fcc3b926b,in,bc1qzwhm7ytp8359ga8vazhyzpkrzrvn4a7gfldyyswvk8cehdjhpq3qmr2k5z,0.00062711,66.19,0.0,0.0
2025-06-08,6b6be9422852abe0accddd65fad6af1ee549f48e9b10f34521ffc13fdab7596b,in,bc1q0ngx5nk2vwkr0suncmpcc35wsvsr9z6r0atmhx;bc1qyfpj3pet3kksh92e2td35877syprhy3q57q5cp,0.00012019,12.69,0.0,0.0
2025-06-08,6f73e3c6737e3e28da692c5009087cfec281f9a2d2474eb0cc4de505e75c520b,in,3H9WXKYPqq4xo3ahuQvEDcDJBgFJcxGLpJ,0.00041792,44.11,0.0,0.0
2025-06-08,7e6af07d25067a69142c2376f74ce8e24c2caabfe1432d8a4d0992028de2e4ca,in,bc1qyp74swqntnh4x3vjkuvjvxl07tsjawr8v4a3ds,0.00019394,20.47,0.0,0.0
2025-06-08,82a7fe3a9ff411227109744011eeb4cbf07e2e9d453492017321bac7cb46bbe9,in,bc1qw0lp759yq4aaxphtnehulvjnyxfml8nu9697cr,2.844e-05,3.0,0.0,0.0
2025-06-08,8db9e595a4c931db0c2115a6b7cf0e14297bada5aa25e6264d6cf7450f922b56,in,bc1qtysfceh5dsls7zus0fppcvyfdnkpuzgcc5usk8,0.00021874,23.09,0.0,0.0
2025-06-08,914e22eb2c1dccf9cf3d0139aaaef0a660387123c3f1262e33095403544f09ec,in,3JKptwRpDEfJbyTpaHhLr2k274XgecbJXe,0.00036015,38.01,0.0,0.0
2025-06-08,9551e7de65b3efe4d364a8fb7dc3654e1249053891f8c90c1c72109eac46cb7e,in,bc1qgqdut807emu227fdc39wdev2x2kqelme6krycg;bc1qxhvny9ewpupttdmdu6ywyk9x6gjyskj7du0xw3,0.00056743,59.89,0.0,0.0
2025-06-08,b44c62cb6221c33233caad5954a456d7f9bd600e65ba638ddbe3b0adf61379f3,in,bc1qch83wyqmc26aqncq08dshnngrfhfsr7cz804qd;bc1qez7slplvcednads2tn7y94avtgspw7wp4zva7z,0.00029817,31.47,0.0,0.0
2025-06-08,b49018e0ebfce1b6f39a447eec5f55448426a6c767b1785a3863fab152680687,in,bc1qvk9sg565djx3fcxd6yttch6g44narlp2yqxy78;bc1qxucyjeq78zqmpfpzs3gcd93r8tp53az4h7sglq,0.00088808,93.74,0.0,0.0
2025-06-08,babc52142d7b6fa57ee84f52db446d3658dfece38f569820fac2fbe519d92264,in,bc1qvpf82a2hkx9wrygq8n2cts0t3553qjxgw2yt73;bc1qyjknapmxp59d736khwxw8hjeu9l3u0mh837mrn,7.279e-05,7.68,0.0,0.0
2025-06-08,c0ca5bb3c3249b61b8c4035b5a3f00f2df146d915965c93d787fbd0a41b399dd,in,bc1qqdgtuj8s97fnhzaxhrh3dwzp3uvchdlj3rq9u9,0.00052139,55.03,0.0,0.0
2025-06-08,c7d9cf42ad435e300315d96aeb71c22aaada06dc41d606d3d78fe2c613540380,in,bc1qw0lp759yq4aaxphtnehulvjnyxfml8nu9697cr,0.00014106,14.89,0.0,0.0
2025-06-08,cc6fe54cdb079e957ea6ebad9ea2f7a3b2201f3e6329248b20892428fb078b76,in,bc1qa99egs4hthfpqmdkwnf5e2kp68qp6zr2ghnmvn,0.00014182,14.97,0.0,0.0
2025-06-08,d126e9198016c576b25e39bbc932c97278d702348edc3ce9cb21975e17350c76,in,bc1qfxfu2wu9e0syy7pvfklpl3f8j4q8xc3n3e5ujt;bc1qn6tw3aqw6axs4phgvx2jt7fdnp36rzvzpu3u2t,0.00051107,53.94,0.0,0.0
2025-06-08,de24c9c6900d4c8a95545f9eb53d5167896b0c81e4612c271977afd096f1a3d3,in,bc1qjedgy7hgkvhat25z8zcjj7uaqx644zqt7as742,0.00094,99.22,0.0,0.0
2025-06-08,e5843d74b0397625da68bd22e83b558a6ba74ba4efaf1da9a3aa66652b5eab92,in,13wB22fiNNigWkascWvqYcGdb8abM8K754,0.00028383,29.96,0.0,0.0
2025-06-08,f07397ad53cbc138eb337898cccc59af41a292a00fccbcc017f2c30faf727c27,in,bc1qknr2uzcxqz3djlun9uaeerpsxq9ltvmcaqc7h8,0.00049833,52.6,0.0,0.0
2025-06-08,f65224b4ff65e05fd02fe1d1bf28ebe2315bff8d8a26e6d5d9346033dc4c7826,in,bc1qm34lsc65zpw79lxes69zkqmk6ee3ewf0j77s3h,0.001747,184.4,0.0,0.0
2025-06-08,f6cdad4bd4e6e1b7d9f2a461e63fb417d5e92c579f723adfba26b6c0da0f2fb6,in,bc1qpxy7qgx8ssw75rqpwcqcgktlqu0ma8lkvkr2hx,0.00033219,35.06,0.0,0.0
2025-06-09,003cf9cabb81a2515a8ef8a1d4874d6a3dd627777af93ac66fa44c0da66eea84,in,bc1qhhw2ysh45vcm5y2c9lmdmkl0tt7ucwr7h3n74h,0.00015782,16.69,0.0,0.0
2025-06-09,02a734b7eee4d1593f1355f10f1556f6e71eb348c6cb91fc5bd797f5f3f3388e,in,bc1qcnhsqm4kv8dhd5mek9zz7zlj9fwtxmnzn2a6s7,3.184e-05,3.37,0.0,0.0
2025-06-09,085f12e6fa9704f795199b2b55c379916778d8f923a37a771976196f1d543bc6,in,bc1q6mmuqeg36n2dxtkk0vawvxxqkanht4w4sdsd6a,0.00020812,22.01,0.0,0.0
2025-06-09,0ce504c77cb35330c2804f6daed39be2716867e300ad3f1ea4aa6aae72a3162c,in,bc1qrw3mspxq9tzpyt94rdj883f7y6ed7gdrc6ue5x,0.00040839,43.18,0.0,0.0
2025-06-09,1876150b1871b6e0a8708b0d4f94f9a3fa9c524f0885dde9da24b76917cab3eb,in,bc1q2z492qpzkdya09hc83ahgxcvzaq7n304enx9ky;bc1qmwqjsrgl9wsnw909p6gv0350qs0x76x6hclzdh;bc1qq5lgr0ly4xl27aekd9klzwrnxpnczashamlhkk,0.0013454,142.25,0.0,0.0
2025-06-09,198261c12be04a65b41b07ac8fde5db6fe8cdad3beb95c91766b6ffabffc750b,in,bc1q3m5922slcgv8qrr74459qny8gvgmlsxpkjf6n2,0.00013814,14.61,0.0,0.0
2025-06-09,2197c14469b85829853981277a5681792c7ed6ad0c464742c8cf7d1a5fbda7b1,in,1NkPGan5LcVLD18DLLDk9UYMcKB9ebCAF9,0.00024974,26.41,0.0,0.0
2025-06-09,28ab15a8fdf251f738a75b6e08b94dc410b151966de3285ce36ed1632389f2ca,in,bc1qgsd9edtwjl2m4say5k4m79fs7v7lgszacmfupk,0.00235621,249.13,0.0,0.0
2025-06-09,2e5b0fb7c36b6361f2a76e080eb44535bd1b895028ec48c230e6476942165c40,in,bc1pyfjn5a64klkulpmk7n6c0ng9rxru7a6xwpwwd8hz8km2wht6gl9qq7m67v,0.00032291,34.14,0.0,0.0
2025-06-09,2ec4e1b221f1021edfd4f360ff9dc9298617644d63825554a06110a753841da3,in,bc1qdcw5m3yyptnqdp9nza63xzgad7lyvqqfuqel2q,0.00018275,19.32,0.0,0.0
2025-06-09,358eaa5d4911f289932e738a906c8d935c6eb106b0d3a35eceedf3a7a291961e,in,bc1qjj404aj7jkeeq43zsyvug84dj2up09qamr0kzp,0.0008219,86.9,0.0,0.0
2025-06-09,3db61009293acf1d200a0d69cdfe1ce2424b7f9ac83e509b2c9e503b77b43152,in,bc1qknr2uzcxqz3djlun9uaeerpsxq9ltvmcaqc7h8,0.0005336,56.42,0.0,0.0
2025-06-09,3e0b634a4440828440771f20f4ddf9b3176fda4aa4ba575ff5e54f4c5f9ce73f,in,bc1qlw925w3v8q8xcqaqpzg7wk7hs50rj9rvsm5xkw,0.00132766,140.38,0.0,0.0
2025-06-09,456448d4670ad565a140b3702f4333bc22472218f1867c4b006ae64ccdb7e92e,in,bc1qa7hvp4z444ae4gxn33v324xpkencdkrran83ft;bc1qqq2y0skmmvxkl6tj8pjjs85nfk7evhn38nnvmr,0.00025568,27.03,0.0,0.0
2025-06-09,471e7754009c077b7e2422a39a06713693466749ad4ff683c8292c87df7648c9,in,bc1qrallwccff50gldg9fh665rszvm79ae4tstceal,0.00091514,96.76,0.0,0.0
2025-06-09,5150bc5e3ccda60222fb7749f68e6e221de80a280df995300aefbfcecc0f2d8b,in,bc1qlw925w3v8q8xcqaqpzg7wk7hs50rj9rvsm5xkw,0.00066383,70.19,0.0,0.0
2025-06-09,5b419f6f56b4c89c91ffe02c5f90cfafb607e24c12b424f735cb1efdaaea74e9,in,bc1q093s2d2zkzrg2slym79jz990nrq0282mg5ns9u;bc1qvtxejst8ypmsdsym0q4zxdy5e4f9f5flz68pu8,0.00010207,10.79,0.0,0.0
2025-06-09,5bd63a170cf0010b58705213befbe2ac8ef6e32ec8e601ee02a1052aa76287ef,out,bc1q9td78tn0gpx80lqar4ef0pmtkp8rk38deq3a8u,0.01986446,2100.35,0.00013402,14.17
2025-06-09,5c7c74b031a916e55341774bb70b1948db779a58f8f88da96c4ebee7493738be,in,bc1q2mk22ka6gv8msgg50fhw4c84n9khg3h5hsnhkf;bc1q9e7t9rdg58ku8pgpkatw3rxktt8m9vm380jsg7;bc1qssgm8g3x054tdtkgqdje43nlc5nv3psvsduffs,0.0002697,28.52,0.0,0.0
2025-06-09,63e198d70fd759101bb88620159341b0020eb51e3b97544ab2116e9ea65b1ec8,in,bc1qcsgmh3ny3d03zjnr6hf9cjzrkgc99x4lq6ntd9;bc1qtr6uzyf240kjtl8xntn3s4ydf6d0gntjlu7tag,0.00046338,49.0,0.0,0.0
2025-06-09,75f95102f181badd5e32f7c652bc5cc356e4b4bed3322814fcdf29538940db42,in,1MSaVhvAfksLXfCZsYwZYARdCMjdvu74ZY,0.00046128,48.77,0.0,0.0
2025-06-09,7717384037791efa4ed914fea9bc7bba4ad3cb53fc6b90914d4476743cd25ce3,in,bc1q0h3hc0fj58mkcu9crtwrt5fj80s7su45rafy80;bc1q2n9sx0kstj7ylrjuglvdfdvccnxefcva7wn4u6;bc1qy63y0tvuvwlry5296gyg82qj34vx5qq320v4a6,0.00049823,52.68,0.0,0.0
2025-06-09,773b8326e58ddb02923f2f93bfa795bee048d74c90d125fafaf98d1d93c4fecc,in,bc1q523qtacxhh97r988ypjtlzazlnaf85tm5dzlmt;bc1qpr2d7kv792hzcfun5trsu0z034za75psevrkzp;bc1quf60vla5nvz4tyx4dmgxy6lh2p32sgzead76jm,0.00012366,13.08,0.0,0.0
2025-06-09,7a190de04d1fdd2a25cfd976d4fd523f2b352e07886c59ed11d470c636a6b601,in,bc1qm34lsc65zpw79lxes69zkqmk6ee3ewf0j77s3h,0.001235,130.58,0.0,0.0
2025-06-09,7b68efb5d0f3151e91a8c8b6c524f2851e8e5884f79330acf121bc998453790e,in,bc1qhq7mcvsjsc5kw8ygp9p2u39x5n3rxxw6j6gzvk,0.00013904,14.7,0.0,0.0
2025-06-09,7c32a05ed3914d4627533eef8cbfbcdd86af1003388ed2e0fe2ed5fb348286fa,in,bc1q6haygsckchx4d7studx8h92qz68m5r9pgmsj47,0.00011739,12.41,0.0,0.0
2025-06-09,7ef31357970f31f52df20c0cbc5a2b6bd27ffd6ec02b87e35f9f19e50bd9046c,in,bc1qd9wxvdhplq445j9au8mjs0xvhxgl7vm5sratkz;bc1qs8wrdsgea7y20q7c7hj52jk3a28gvvakydf5j4,0.0004643,49.09,0.0,0.0
2025-06-09,8a91538b3fbaf15994c83d8f22f6978d303b66d3991ffeeedaadf06988f90cb8,in,bc1qa23j36m46djfwuvsh0x3nl2df5mc6jhelep56a;bc1qreypme6uumxxmxptze2pat2z4g4c329wnrc947,0.00082741,87.49,0.0,0.0
2025-06-09,8fa2262ff9e4a72ae17900f97ef2f93f17dea278f18bae8bb81a5f3bc578d6b8,in,3G3qYjXAuqg6bhUWQQBekH93J3dLdD2Hgv,0.00011896,12.58,0.0,0.0
2025-06-09,9d55bc38145579d1565dd60f4fd785d506d7cfdc8e320b0e9c1c50cc3d320076,in,3AUWpq99xkshcnLGB7vWy4Lp9W5bdfLtkv,6e-05,6.34,0.0,0.0
2025-06-09,a1d69c941ec4b7c874d336f7756aa84a0b1e379ef59be488638c003b0c1be47d,in,bc1q00r79nvuqtdklqg4lca2q7lez3qxhltxq3s0nl;bc1q2k6wadldf0zgw0uvtpat08sprfpfdgqnkfqd2j;bc1qxxxsn5w3j70lafp82yjuwsl8w7gwmfv268w6lu,0.00023657,25.01,0.0,0.0
2025-06-09,abbce3517da00c669d6f4925950a20865a9a158b184039a5695be6758d8b85f3,in,bc1q922alcvv68rkffu3es9kskcjqntx2wxs3sh5au,0.00011835,12.51,0.0,0.0
2025-06-09,adea9cc0f67c96910b4a81db6a7f59ccbfd84051e36976cb9f8834c0f2e5c6fa,in,bc1q24x6slyn03gyrtlsvynu72yxts55w4qw6qdmsx;bc1qdsvhqsh8enqqfuje3zrw57yl2p7jf3lwsj5p2d,0.00019487,20.6,0.0,0.0
2025-06-09,aec8acf0e920f5645836c0d3ab95b8c88ab0d0cdb5ba52e216fbc1e7e88ce5a8,in,bc1qe74dy3plgpv60h0vg2zlwenz3e0mcmwrztdtks;bc1qsnzfd96hldhkh54mlf4z6flqujkwl0vwdgxequ,0.00088862,93.96,0.0,0.0
2025-06-09,b4b9c7e52d21fc3651fe8ae9b5043f071fafb2d7a3fe5af778778b7f711ee8b1,in,bc1qa3vn6n2k5x35qxan2t4njnzl5e5sq57cavnsde,0.00026882,28.42,0.0,0.0
2025-06-09,b551f2e7a808d797606d45798ef8aeb26bace99ea4457714dcbb6d0f455bcb7a,in,bc1qh88y7932dmzhacpam5xhqkth6a0sy6s8f93lnwrthsy0esx92dkqqkxpew,0.00018665,19.74,0.0,0.0
2025-06-09,ca6c0797b6d01d01d3af3c5486e7ad3ee60393ff9cbf0b8c05e7e0350a612176,in,bc1qg6s6wwpczx9cmdgclgkand6a6yevfu9a4zq2mj;bc1qjarldzdw4ps6njeq02wqyq68g0vhy3v75p3gfw,0.00041137,43.5,0.0,0.0
2025-06-09,cd3886e447739d84216190734dd581229c120f1adf6730331c12e54f7fee57b3,in,3HHom46yDroxxPSMsMGHbDPcALeYxz3o7b,0.00024024,25.4,0.0,0.0
2025-06-09,cd48ab8a66fee13ade8187a3da5bd2346139e61d48b73b4e6b7e821c61f17733,in,bc1qtdyh2s9p99dswrfzetszct73ehzcz0cawq2276,0.0007104,75.11,0.0,0.0
2025-06-09,d1be027b72ef3e5a7f59b7245e164a43d8afed00c46201f0eba3af2490ae72ba,in,bc1qwjk5sv0jr5u7zmv35eqdd8jtqn8s9z68rnwft3,3.719e-05,3.93,0.0,0.0
2025-06-09,d9c43829fc96f05fa2835233dc0ad5c9a19d80997c110a6c59bb09fa9a9c85a3,in,bc1qhsuj86v95tqj25dcwqfv3epxns666edln382gg,0.00014206,15.02,0.0,0.0
2025-06-09,da5d3672c2bc96ca0eecd45dba5e9cca5376871249c8f9c227598712eff687f9,in,bc1qw5c40m7hrsexmrqm2hrlqgleyg5s2hw990vsgs6g97t2qz6t6y0q9wdyv7,0.00076711,81.11,0.0,0.0
2025-06-09,dc67ec3dd9e22a8f46ea2fc6069495b0df4c2f28a99cc98a56439041fb3c6532,in,bc1q0725kua09eenqq8zzpsn2yxfcr4pcmhaltcms52hkhn89mfc7fxstkelcr;bc1q40cgdl7t6qz0jcp766ljjwnwq5zqfl3tzdepqer8mh6shnnqnfqqvkna49;bc1q769t33ggua07y8dh5jd442xaxgxfyrzdut5spqm32lx0r5zu6aps2npu2a;bc1qexwex4xsnmr94fjg6frcyskkpul2fmzzw5vpxzg4j2422terecpsdw5v0k;bc1qffh45erp0y4g6rqmdguxsww0q98slep90jn8klgjwzns6pkgl4uqpkykk3;bc1qj5lptcutfgkj6atr5esmvcyxns0xgvngzzrm9gtcne5hh3lq09uqn89uu3;bc1qnt07vk0yxw64f3zvf7cttp6s6mm073gpkxfv5cd8d6v7al0fqf4q7sjsvw;bc1qpc577ssllp660hq6jcjsxgc843hnr4uhns9s6lc3hs9kgjk5jhdqlcq,0.00088008,93.05,0.0,0.0
2025-06-09,e02cf73102f5e71c357710a58437e8918ec4f49bd6e1f02c63040813a63006c5,in,bc1q8ap80zgjv4azlh74zzy0axrx6qglp5v5f5444h;bc1qangg8hzu08mcfvkssfq5p7mf2a5zjfncvrpya8,0.00018707,19.78,0.0,0.0
2025-06-09,e188aed75a9aa0fe8f64c25dc2028e8fc8abb254dcde0404ba6d4de349f433d7,in,bc1qkh5sa5g5we5l5lp42ulllkvkmqe7g55zp2cd5s;bc1qqk5l38vxplqq08c75vx0dzdj4r8p9nwx46d94d;bc1qxu0ujrgwl30ed2zjy42m3ekkjm075nul04jap5,0.00037593,39.75,0.0,0.0
2025-06-09,e54d13806a84a30c8f775525fc9511f0968ba534c257dd31f0d0d836147062c0,in,bc1qyx2z7kdw9wqjf3xpfpt6zuv7plj6lqztwznlvp,0.00018576,19.64,0.0,0.0
2025-06-09,f144a21b1779d8071529fc0e4f011f42d85e7ce4e3d6f10f200f61c2548d6a9f,in,bc1qk47jqlkvv2ynkegn029c7z9aw8cz9wkjapq8n4,0.00140557,148.62,0.0,0.0
2025-06-09,f32ad08e1e2fa94a865ef3e42b2301166b4cfbb7b454660d47cd92596fe42ae6,in,bc1qzu7h43nq4evrdxy62gzxf4z6838aaf2n5gx9ll,0.00013904,14.7,0.0,0.0
2025-06-09,f7fc4576785a42bdc8a363e6793b5100f9e0730251a358291ee32cd5e0a95744,in,bc1q6s4js667p3d8j4egzgfrcsx89rw70kzlt3vp9j;bc1qflun9xu34tvenq9al5wykdjymkgnqp0mzsclp0,0.00012905,13.64,0.0,0.0
2025-06-09,fcf744d468f2660aee8aa76132d00a736df671745bba3481ce168bd4db12cbae,in,bc1q2s0u89f7622qlkncxkeqtpceet88r32l949shx;bc1qp98l9zymsfrzls0wuq45s4lrhetcwf9nwf682g,0.00023992,25.37,0.0,0.0
2025-06-10,080ec64c785ca4948df468781873a86a303908da5574e7906c86b314361bf745,in,bc1q636cl87rgjkejq4304wm2dwmak09dhkn6cpsh9,0.0003186,35.13,0.0,0.0
2025-06-10,08cfce3c51cf4e1ccb5ff4630f82e3cced580e175cc67b8be9499eecde631870,in,bc1qnhr77m455kvm3svasjg5t4dav0wlyl6zmlh4c9,0.00028996,31.97,0.0,0.0
2025-06-10,107c5886a2f11ffcc16ee941ccae5a578ff88c3116580697944d120b42edb3bb,in,bc1q7xxcw96kv8hs3d82n9wgstfs06a4nvt4ldwmlw,0.00013718,15.13,0.0,0.0
2025-06-10,1bc9005f4eac59e18fe8114b7593594afcec368be92c9a600036dba3a7ae8140,in,bc1qt56rswczchykq66pztmetqwgrvpuxs08m4ssvz,0.00049711,54.81,0.0,0.0
2025-06-10,1d05ef5c1961e7cb49c45bd042ff444e930a15332196670f4a8f38bc829adc8e,in,bc1qjj404aj7jkeeq43zsyvug84dj2up09qamr0kzp,0.00137924,152.08,0.0,0.0
2025-06-10,25219849538ffce1cc5c08aa759260ed30aa42f9902c46fcc97f09807b9f6958,in,bc1q426y3hyt4rgm9ywnmdsskf6qt2phupml5fa5nw,0.0002017,22.24,0.0,0.0
2025-06-10,2a4918b5c5579ab508cf22b1f24a0e4f28f5a0d649bb514ef6dbeef0756fa7fc,in,bc1q9knt8axpf06kthpmejrn2vjuh7fvg392v0l6zd,0.00020798,22.93,0.0,0.0
2025-06-10,398134af073852d98774650d5052f289e1cb703c2fd4431f988b2353ac008193,in,bc1qnh9uus0v4h3ca6kxkgl5nlt6pca8vw7akmh06a,0.00091783,101.2,0.0,0.0
2025-06-10,3e135a42694f480a9f3f655cd00f2d925a1c5c63312e2801f89430045e148fc4,in,bc1qqmzlwrn5au6l6m6r823jnu3dy5xmvadpunft29,0.00027338,30.14,0.0,0.0
2025-06-10,3f0f6d84544f25891bc4cd38b529d31b0bcec6c52afff8f3ff91cbd75a979ce9,in,bc1qd08glnavffv8x9gdy4e522xwxa577gc6klhzl7,0.00014628,16.13,0.0,0.0
2025-06-10,460c60538313fb20ef1ffdc46e2153005ec3c22332e5a5b765f63042e9273501,in,bc1qawzfhzglaakdpn85c3mnsv92wlkx0td2v99jel;bc1qwa4s8qupqn9kf0gwl5r3ngzuq6sh9aewg9ytpg,0.00031903,35.18,0.0,0.0
2025-06-10,4a8494f12de4a7a15f97981d974870413ec85e7862cd1363dc9c28453d547c00,in,bc1q32xxuvalsnqckf7d4qzhezzk40zj64zfscq73y;bc1quks2022ut643snnun40gav4ek26wvcs7xr5akg,0.0005506,60.71,0.0,0.0
2025-06-10,561265feaeaeb7922a28b519056a9731c320c7fb3fdab50fd454421b8c04b8f4,in,bc1qtg78chkjkjnx93u3l3ghuu8vslkg4yuplv59gq,0.00036284,40.01,0.0,0.0
2025-06-10,570849c30c2da230653cf64c39ad64fddb6a085e31fda087392bac1d44f07c62,in,bc1qraf8nw7eml87xj5k73aqxspm6q7w5qkjgyc3n3,0.00014655,16.16,0.0,0.0
2025-06-10,59124a636a40c124f3ddc7ae81106daf814b1b69d2e15db73eca22c5b538b077,in,bc1qww9zf3nshy45f83gg6sm8x7gdsvzcfzgl82hyc,0.00021934,24.19,0.0,0.0
2025-06-10,5abb8c59feef638d54c0df9d214ec6a0cb95fc5d8fbf691d2ca65d31df192f1b,in,bc1qm34lsc65zpw79lxes69zkqmk6ee3ewf0j77s3h,0.00022193,24.47,0.0,0.0
2025-06-10,5dc9e233a3eca9bf5d07f2995b21954802c703f31834cdce3dd344842069d244,in,bc1q40fqa976v894gjzgnw2eq4hscfcrh85ekv4zkp,0.00128986,142.22,0.0,0.0
2025-06-10,5dec188452e5c4c3a476e84ac61924ac94ab534ae6ea33afefbe30b0781a3c73,in,bc1qprdf80adfz7aekh5nejjfrp3jksc8r929svpxk,0.00022943,25.3,0.0,0.0
2025-06-10,638050ea02e0a0704d3f7f24f448a57092584e1ed5e33bb633977a491eb53c27,in,bc1q53jx9ygrmnmqgnd0rcva6t8tsfs3sxxqfpfycf;bc1qrv9u92gnfnyw6qkd4g4m5zy0twnk3n3k03lmhv,0.00091192,100.55,0.0,0.0
2025-06-10,63b753596ea38716ccce73f659340ba36b4478e602016e4018dabbd098c2a5cb,in,bc1qne5cf2y9q69q9ku6dcf6m4qmsgg6yhqjxmnnmp,0.00041852,46.15,0.0,0.0
2025-06-10,724279ff4778e60e46cafd14ac79dad7e00deaf8bd6753f808bdd9ba410315ed,in,bc1q887gnq2ufj48yrzk2ykjexwg84l8cemg85qrlc,0.00081708,90.09,0.0,0.0
2025-06-10,74ed0337860b88ce5fe66e0fb9efc105a1b01d07bdf644e4e411680b0d3c3454,in,bc1qu38fglrrypl8rgvct8n4v7frp4dp9tgdhz7s3quap8y6e47rwwnqceseyy,0.00057772,63.7,0.0,0.0
2025-06-10,783f776c6f56bd80e1b555dad130120dea27bf0bbaef844aaafa7c87402f3204,in,bc1qv97r5chchxrle2elaxmg07l5h45g26w8xn43nz,0.0001821,20.08,0.0,0.0
2025-06-10,789cc055896a710480e08d2b01d357e2d2c42c476b594aa79cb7e9b5e8a15770,in,bc1qk49u2d0zh9cyyj22se98ldm9d4lwad7fu6fzyk,0.00272773,300.77,0.0,0.0
2025-06-10,86197d17ee495155579e27ee00aef68bf91afae3713e32417b00fc57947fa558,in,bc1q4v04ckxks83jxwllykcara8dtde29cuaygtppt,0.00011531,12.71,0.0,0.0
2025-06-10,898ca56ed75f694ff15faf3b076b3b32cd755bde50433f3d40f4e46dbfdd32e4,in,bc1qheapgs6qy6hkslha8dal0zjhqvper0aj47vk9c,0.00011799,13.01,0.0,0.0
2025-06-10,9c1152869acc1015731b5bceee3de8eacd354dd3d2a656bf04126202e4c11e65,out,bc1qkh3hyvs0qud0t3fnke82drva956funyqj2n2zm,0.02222432,2450.52,0.00014882,16.41
2025-06-10,a86d21ed4e65250f3db43ea8a3d0cfb13b42de176a940b74da9592d633ebdd00,in,bc1q8fckk7dv4srnnnz5mpzk043q2tvrsn3z30le56qcrqq7q8uhur0sqqfkaz,0.00011124,12.27,0.0,0.0
2025-06-10,aa471c71ecf82490edb9b7d64d6a72ab6ee42a33e1dd83f4155a3e3d1192cc36,in,bc1q22r94w0zfma40mnav24u39m25d2xxc9jnq3yrz;bc1qetunar2z2u2s8nqdyvxzvdwfcfdyl9dadg2ajp,0.00090757,100.07,0.0,0.0
2025-06-10,abde3ddf36c71000585caa7befd387052a318121331af0fbf3a0381e4cdbbde4,in,3JoKVVeqbnZxXygRSd6XW3BccNTinLWJUf,0.00010752,11.86,0.0,0.0
2025-06-10,ac8f175689dd699b5bf09de438dd5344e6ad51a738403d6008ad81ee8e94e503,in,bc1qmdqucfe9c3r3ufrx7lp53v4s8trgxegjyg4g5d;bc1qwwsrppyzd5s8v5tzwnjhppzkt20alz2ptm72pq,0.00021059,23.22,0.0,0.0
2025-06-10,b8dbee76e2c8d562cc63ffd07d9d2ba74f71bab2f3301b766abc86b558f19641,in,bc1paw77gxds3d70jssyz76xel3qexh48xg4fhsl48zekxsh6ar6dwwscyhyzl,0.00018318,20.2,0.0,0.0
2025-06-10,b8f9cc4e74a5ce749d5c2bbe1080914931aac0ae6a521d7c75ed8361ed939a52,in,bc1qetmz063weq5k56u6vvl3pj9x5lpd2xuv85s58u,0.00020316,22.4,0.0,0.0
2025-06-10,c389c57a443fb73b1f69bbb87ddeb8c0d1f4d4097f6fef24ac975ddb412faf88,in,bc1q7vjamel47at6lpz2lv8zdxxkv9e05qvq9m7m8f,0.00036254,39.97,0.0,0.0
2025-06-10,ca652be0a51a8ef6313d9e7436941332de76bbaf5d4d10b4afcb821741599a42,in,bc1qw0lp759yq4aaxphtnehulvjnyxfml8nu9697cr,2.012e-05,2.22,0.0,0.0
2025-06-10,d89336a79820536d22d0c4b21c33a5a4e4c7231faeae07b7d63911b48a81d4fd,in,bc1q795yvf5v4fuzxeyx339cxdycj3kvqe9rzg3eqs;bc1qxpp4pjavh943ufmly4xfn5e6657d2d80p6t7te,0.00013777,15.19,0.0,0.0
2025-06-10,d9de98a62777e20807e7e426a679ed4ebd7d9977453989142f1cf3562561723b,in,bc1qssuzd9vumatf2yfvfngldgae3jrct2e0dynqp8,0.0004565,50.34,0.0,0.0
2025-06-10,eaffa725eb2558761806594ac2b51ae8ea4b56b6e72bcf3897fd5f6e4903de3a,in,bc1qsatlphjcgvzlt9xhsgn0dnjus5jgwg83dr05c6,0.00020978,23.13,0.0,0.0
2025-06-10,ee84f605ace5e03aa0a3a9f934a7c9ba10baedeed7afbf852c20a86fd3c700e3,in,3EnD2txqLjg4gtcu7jxXjefe3iRgXcgaJx,0.00016897,18.63,0.0,0.0
2025-06-10,f029ff362d9415a95681f666d9c066a41c00f2a71e26fbf94c0b22a13b0976b5,in,bc1qetmz063weq5k56u6vvl3pj9x5lpd2xuv85s58u,0.0002037,22.46,0.0,0.0
2025-06-10,f36de56704a2be1128fe94f2f5725482c8aaa0e80959f9dd885a66bc0710e433,in,bc1qa422vcupedrmpfhl4lf308ukgnglrqzruvpetv,0.00040966,45.17,0.0,0.0
2025-06-10,f43c076eb350588e91ce60a54e0d7f53aada14c6f01dbbb868bcb18572eb44b9,in,bc1q6ly7gurzk8tuxsfhnaf4fr9dx4v77qge3rhsn4dxqh8tz2f3fdeqafwamv,0.00050312,55.48,0.0,0.0
2025-06-11,009e76c600b7b39f3f97972360974f6ea0e406ecbb7a0e42b881741e5af68146,in,bc1qduts8qgc0srjw7r0ju6k9d42qfpu9rk3fqhzjn;bc1qumrumj52n4mlvk6qu39238keerlj0aqmlaklkp,0.00010626,11.72,0.0,0.0
2025-06-11,02155cebdd932fc0baa9bee990aa01b479384b0175f3854606fee336c5898392,in,bc1qu3tux4m02m2zj220d8rveqvlwfn5m5xcq359xg,0.00040115,44.24,0.0,0.0
2025-06-11,0609ed57922c8b0c12d6bf2b04ef4c7d097a7b7af0a522ef31e1f97452c7db74,in,bc1q5s39hfd6ac8864exc5cc5hsxdnplzffxp7mfaz,0.00018761,20.69,0.0,0.0
2025-06-11,06be05b9ac81fdcb8e158bb9f8ec8e047da5050223587650f83d7c274a82d468,in,bc1qtk93qdpkx98t9np7d85wse5knn5zqjqg20n502,0.00027354,30.16,0.0,0.0
2025-06-11,161f22e6e0972405b850b198fa9cf945f93a5c13af25780d657b15cb77ffb45d,in,1E7R8tXcqHrDRviyKGU2TF5x61TGCXuu3e;1GJ7kxkMH6H3TumaWhVyAPbn3MH64oYkPj,0.00027449,30.27,0.0,0.0
2025-06-11,1afce5bd4b473d971ee6af547832ed55bcc9902ffe402c265db9e78eaea5b98c,in,bc1q6cc2c7w67x7t0gd7aq7kx2csvw5e538mlcfmm2,0.00022639,24.97,0.0,0.0
2025-06-11,20ceab6e489926529adf25eb5efb0ba44a123775b75a46453a8376641adca1e7,in,bc1qrklnl3cgqeupxay6f6ue7dk2tz2cs2evvcd4a7,0.00064429,71.05,0.0,0.0
2025-06-11,23a6cc847feae1e008f517141c403b73b8a332ca6ffa4a43b08c3d13c9ded2fe,in,bc1q73hg6yvu9kmg69sqrk6600ttgnxmfxz9vlj992;bc1qgm85eq978ux9axdrr64u65dqknken73f5qrq96,0.00118773,130.98,0.0,0.0
2025-06-11,2555cfe61c2cfcd82b877cee78950c1ca67b0b021568cf7e64416aab454226cb,in,bc1qwsza7kmu3y74khcjzrfdm0s2hwfusa8ltzr33v,0.00058222,64.2,0.0,0.0
2025-06-11,3604b5a5c82b7e6c21f19d3c6d9b8e926607eb6c4fa330d23e9654956bb9455c,in,bc1qchx9sy8mw54m0k4lehzaxgf359600yg9gmxhx3,0.00019139,21.11,0.0,0.0
2025-06-11,3aabe70972148119a0fe7b2f7108e759cd6ef046312ca18f6144ab4c30d58f9f,in,bc1qmcy3clqrq2agf83fqv2hzlk2s2896g9ztvzugn,8.276e-05,9.13,0.0,0.0
2025-06-11,3ad12d3ee10f4549621420f18f43d8528cd9776262591937a1db92e93dbcf3ba,in,bc1qt6cqj99jm6cq4rr4djtjp7ryakcd2hwfmza0we,0.00010776,11.88,0.0,0.0
2025-06-11,3d9fae6861197fb0b47fe2ec563bced0f06cb0a1cc2c22d426a20eff854ea9b2,in,bc1qajdtd65glpqe84jf4f5e7r8slg4qv3ahkt3chf;bc1qzl97yl0tvmegy7nqqw04ck4gd2tgsgq8ncg83t,0.00017884,19.72,0.0,0.0
2025-06-11,42275203f389f2e13443b2b105fa364217d0f44e208fab7f2a1a32696681acef,in,bc1qm34lsc65zpw79lxes69zkqmk6ee3ewf0j77s3h,0.00146,161.0,0.0,0.0
2025-06-11,51317456aecc7f24374d85d5c21ceabd2a82b2b90bdbb3f7feebbb77f8ff2f31,in,bc1qnh9uus0v4h3ca6kxkgl5nlt6pca8vw7akmh06a,0.00091187,100.56,0.0,0.0
2025-06-11,5c3cee2da8f5c3f5d5910b7d45eba8680d566e54bd2e3288f4686945d1a123d3,in,bc1q7dde7mxflnp45cewnxn3vcvwk4tsqjc3rt2nffj5e3fea76m5mpstvpz57,3.059e-05,3.37,0.0,0.0
2025-06-11,5de5b8cb00ab2ee0f9fc04a5a57368df65882a9febaf7ac67f2f834f7575ef8b,in,bc1q9cwjyelrhras94gkwte8u0dauevdcxsjwshreg;bc1qwvxpnthxlswafh7m5nwehcq48an929ngmrjad2,0.00013163,14.52,0.0,0.0
2025-06-11,5e62d1d2b006126e2e4e5a5d4e34a7e37d8a26847d69aae11636d281d520ca43,in,bc1qy2h3vurzvlp93hh7sgtq65vmllh0veue5ldly9,0.0018308,201.89,0.0,0.0
2025-06-11,5f86c1ceb0690eaa88cd5f24e92cb0992e2e51d21db6c2d139d4f9c1ba69a5d8,in,bc1qefzt26y344tszj6yl8ffr35xr9mdfvdzcc9z6r;bc1qqmktzrykj3m6u74yvfvzfkw8nptxepc9sv9jq7,0.00010665,11.76,0.0,0.0
2025-06-11,7368acadd83ddb96f762960ffb454ff7341e8b18cfe4ba7947df3e385daeabe8,in,bc1q9ywvc8vgdzptymkf5v68dkzku0mf2982e8m3h9,0.00031756,35.02,0.0,0.0
2025-06-11,743b67ccff08546fe3c212b416517f05e2e24357385daa996171c67aa2d91a51,in,bc1qjf9ruev6f56ute7wrwcxcemrj48etvkf6smad3jskq479g98hh3qwsnvqp;bc1qlmavsstw6x4rcuphevcu7ha0haf9mj6s4zkfgz4w2fcx6xdtvrls5hufez;bc1qtnr7cgadm4rhch73gyx3pz8c08wtn24mlv798xxz7ggdl9m2v2mqfshx2u,0.00030484,33.62,0.0,0.0
2025-06-11,76eed012bfa56e4c6b5ddc7c6f270b3b3df03cac5bdd886203e0f4f86583e97c,in,bc1qfdpv7dlh99y7rpu0wkwdkyh43e0tkjk7atrwsn,0.00013777,15.19,0.0,0.0
2025-06-11,783d49e97a9af486c52a75a4fb92c80898767e226bb3e7b00116c28890f04937,in,bc1qaqtcprhfguqpqgvctzcqgt0fty377n273wn083,0.00022738,25.07,0.0,0.0
2025-06-11,8082d229607e93196255373e597395abe8187d2852eb0ba6af21933561087f89,in,bc1qvnkfv4usaplv70f6504f4rzrrs30rq9z9rnxzz;bc1qxql6l47tknxrk0l5lzfrvgmx0ymd426epktuv6,9.843e-05,10.85,0.0,0.0
2025-06-11,831b797f0e4d20272473b4d2c8cbd3754dc757f13ed2e46d3e66c37f3fc1ad25,in,bc1qqyzhmsnlcggumnwhvlz75vm7u5p3qyt93mjpam;bc1qwwf9jnkx6xpvf0fwmsfem3mucp4q290vw06qea,0.00018933,20.88,0.0,0.0
2025-06-11,8637fd8751b68f732da0cb4b0a6a3e857367b92bdd6918341a997bf0ce7e6248,in,bc1qyf5ylr9ja4u580pd5muux3lzp63qz7l9ezkd92,0.00054202,59.77,0.0,0.0
2025-06-11,8d4df852516bcbe13c719ba53e199e2548c160b38865cec2c948fcff7fd6f298,in,bc1qtk7w8ra6a9qcgxwx85qsztgenuzpgkz7rgmkz4;bc1qz6p04hhm390nup8th4n8xkkmrvymkgytcqnx0h,5.677e-05,6.26,0.0,0.0
2025-06-11,945e8fcd1b57b13d488bbf8614e19287c6845314a06f6cc0cdce59ceb1b34655,in,bc1q8mess64kl96u92sn4q20trjmu0d9ljk5s7fpvv,6.858e-05,7.56,0.0,0.0
2025-06-11,99e24b14b6b572a08cc78050cd84502fd49ae2f2279dab5c3a3f518598c86a7a,in,bc1qgwy49gxla7anj65cuhc8rnemz5lfae830vn9h2ehjyvny8xnaqusux075v,0.00076834,84.73,0.0,0.0
2025-06-11,9adcc17c3bed7a471ad312b64273da380d1c35837c496ded7b9763680eb6c807,in,bc1q08ju4aypy9qkj7u8jfsq2j35atp6l5fqewwa88;bc1qlp3c82hxyz5cyzyycce07jfhvc04se4t5ucj55,0.00125862,138.79,0.0,0.0
2025-06-11,a037c9082691679ce5a43d8849aded52853eb8c99de73ec70c0f74c2049da5a9,in,bc1qnh9uus0v4h3ca6kxkgl5nlt6pca8vw7akmh06a,0.00036785,40.56,0.0,0.0
2025-06-11,a10318f5af7a7d0e934c6868fbf73815fe47cab95387186d7bed176e87211822,in,17C1xhGuqDaLagCJ6nsCAzAsNNvhtrKgia,7.644e-05,8.43,0.0,0.0
2025-06-11,a9c367723011abc39e6db9be3fa3d4432db914f3a73b17eac4f5486ba8468ea4,in,bc1q2rye5ry9hjuv8u98n84r4uu6u0jwsr6wvt7d5v;bc1qdme5q6c8673an4jd38tr6jtukjjl45saxvmwvx,0.00095147,104.92,0.0,0.0
2025-06-11,b5cb62799f99fd4fe759d1983b10395b5a8565bc205350cfa8c9cf62a251200f,in,bc1q85nwthwpxdxn64r43mapwhk4pguqmhrhpm32k7;bc1qv4260qwann2qsqtf4qlteax070v2j53uvjfu94,8.464e-05,9.33,0.0,0.0
2025-06-11,b5f7d2c881f433fc231b7352a022ce82b0ebc6a147ddfa88d019dbd8b14ee596,in,bc1q4z9axmazlqgj63zn8js9z7xgdtz2nr47ukkym2;bc1qfmrywwdhrsdwnkruhsx542ef8yxw0ry6nmea93,0.00013061,14.4,0.0,0.0
2025-06-11,b745b6c4e44d3c4925a3695ca56bfb24e11ed80dd28008d9de23d07089d6e0ec,in,bc1q85un0cfk8csvp5k5mhnwvcn9ang8rh5z3yhp4u;bc1qsmgpqc9yw99upgs9tw2qlnsrk6x6lrec3al0cr,0.00014717,16.23,0.0,0.0
2025-06-11,bcfef77cc12bc37777d9a4c0b1166e2e1e2c0bbda64dec0007cee9e00e2d6a63,in,1EmicEG2CbBSYHG1jksfevW3hw1P6LNvD,0.00048397,53.37,0.0,0.0
2025-06-11,c4469b16d6c0571833635ba3de5223b9f00cdc7c803914898dcfe06fdf4c685d,in,bc1q0te2egdx0cepngdjus58ql5upxnzxwtkqjv2tp,0.00010952,12.08,0.0,0.0
2025-06-11,c607d22d4efea9bc0029186ab5748c6eebc697bcb95071c8da347b60b2078325,in,bc1qgg97nt9rudswyz8ggdmqa80r6veucxzthrzysu,6.798e-05,7.5,0.0,0.0
2025-06-11,ce93d51a54aed5866da4c30c6f1a3443d9329897a2a9aabdd3622f3eaae78fe3,out,bc1qwk7ntgl34ky9c8xez4kksd350zn8r3hex3ltz7,0.01512889,1668.33,0.00010738,11.84
2025-06-11,d35b312717d4f6e9a108516953b20c8410b2ccddb9937e41094d6f4c9cdae739,in,bc1q0723t2vh6h5cf6msccwesvtl8vwq7ptuwe5k7h,0.0005166,56.97,0.0,0.0
2025-06-11,d38b4c38640f6c52ea6aef9d4b79509ed05dbc27ae05287532608f732d1b372b,in,bc1qce6ux2xggnde980ed926ehe9j07l4s49h22cst5c3a4ra2z6rq9saq8n6d;bc1qk7svla5nckdsdu0ep0fxrs963685yqhxs8l20wkcf406535fmmmq3mc54a,0.00052758,58.18,0.0,0.0
2025-06-11,dadd9e20485c80288f1a5e0336cca0d81f9f5807b658082169e30d5c997b5dc6,in,bc1q70g0af8ayfjlv6a5fphzxk878ea3vjrvlfj7l0xnmvm89yjutdcsddq3e8,0.0004218,46.51,0.0,0.0
2025-06-11,e211e3778dea1122b0ecac6c0207ca1794ff76735ec324dae43cd93ecf07e06c,in,bc1q4znwa3ygl684q54yn2x7lzp3wy2qfc7f7tw0k0,7.323e-05,8.08,0.0,0.0
2025-06-11,e6ce291ecd45b91e9171a303a72451357baab94dd7374719ed3ae043c3ec54fe,in,bc1qkfvupk0cfmel4gzn8ehpwpkqvjxwp03wxenfzm,0.00018417,20.31,0.0,0.0
2025-06-11,e8210411d201ff10094b94ac7adda01c9ca9713bf4536698113722971a9da7c1,in,bc1qswgwld69n5przhdsf3swk0sy72zheg03upltx2maad9p4kelqlesa4pq3v,0.00017587,19.39,0.0,0.0
2025-06-11,ea5c9306243d0ef7455104fdeff556e63282419f75e7f28dd7a471a85b9ded6e,in,bc1q7vjamel47at6lpz2lv8zdxxkv9e05qvq9m7m8f,0.00012421,13.7,0.0,0.0
2025-06-11,eabeaf130e219861a88d20b6557bee8f2098cb4f67f892ec7690e6ed27ee7ded,in,bc1qsqkcm856m865zk5tskyeukaqcnn0rv8jfhkw6s,0.00074003,81.61,0.0,0.0
2025-06-11,ec93003c63464d2300629623a5ca8884619f10a521f1a87d675a80c9e5ba52b3,in,bc1q8nph3rshfw3kpqa3fkepgurtvnwvv2eel65pv8,0.00037415,41.26,0.0,0.0
2025-06-11,ecc457f2bee0e09835e7c6136087d9a349d441a88221a60bc36310d9ad46237b,in,bc1q9eg89lmr2ry3kkc6pjq4ktse569nyjqythed4k;bc1qe4ypey7ytkcmsxlnm8jmyj03wj52027syhkhd7,0.00016898,18.63,0.0,0.0
2025-06-11,f7b39b3d6fb7ad4a596280f5d920a6a6894571839c0350bcfab939889eb5dd84,in,bc1qheapgs6qy6hkslha8dal0zjhqvper0aj47vk9c,3.648e-05,4.02,0.0,0.0
2025-06-12,07244930ce15059f8be349fc3f94fb1c05c41d3aca19e134fc04edd37772f5bd,in,bc1q5n8qxyueasxyfk959prfg47deuhne8cjpnjjap,0.00043353,47.1,0.0,0.0
2025-06-12,0bde36eba88700c89c046deb3540027d35cdf77cc59dd4e76168b16c025f54ad,in,bc1qm34lsc65zpw79lxes69zkqmk6ee3ewf0j77s3h,0.00017,18.47,0.0,0.0
2025-06-12,0caabde47eebb5c6d3b28cc684774ffe707a8d9510a58eb7fa28f175724bcbeb,in,bc1qu6ps49097wr3as0vhnrw2k97tffv4332fh2xnj,0.00017263,18.76,0.0,0.0
2025-06-12,0e94bce6485fe4a3d8ff4f3fd58a77058e45698d0e8e0da3504b1f0946842a7e,in,bc1qhf9yy9xsc2yxvn88uw9nspu4zg9ahkvfyze7sc,0.00012091,13.14,0.0,0.0
2025-06-12,10e5a013591546f5ae049faaed7b894ed7fcdf1c0f5089ad8654fa5b25fc6e02,in,bc1qcfagsqnjhjtna3vjslngfvtqqjdw7hs8jp3v88,0.00049436,53.71,0.0,0.0
2025-06-12,12584f209184aefa77a479fa26473ac5dabbb2ac0aaeaf9c82e0b6d641b34eb0,in,bc1qywf65jthqhzlaws0ll2mj7jm96wecfl4kfzj4r,0.00054391,59.09,0.0,0.0
2025-06-12,1643ea0bb978cd7cbfe9f65ea0d36b2b732bbfb801e4a4bdad42b6753958b087,in,3PWrGJ6Nsri3ZMbEWdFhxaNWfGXWSk76q9,0.00029376,31.92,0.0,0.0
2025-06-12,1b018a5e1dc26a8ab1bafc9f9a5a47db39fc897d75dd2a4f25599b347805f1f5,in,bc1qek0x7km2u02fuy49hgegc2cwxv5pglw3yhq8k7;bc1qvh9ju0dv02eccf0mmcmyleghyhdncna2gxdynt,5.725e-05,6.22,0.0,0.0
2025-06-12,1b0b4c4b367bf894743f0b4f40dcd758735a13bf5f8f63dc659bc266de83cf0a,in,bc1qgsl70z5ycg599w648gxw7fjucjy44xme48c360v933appp8unfpqzsnl48,0.00016048,17.44,0.0,0.0
2025-06-12,1b316c8d83bd261eb39277059ccfc55f01c4ac6c8df4fd39cf430cb38850bf06,in,bc1qpy9579y8gs6wap39xr0dq396ze7gtp8wdlx7p7,0.00018162,19.73,0.0,0.0
2025-06-12,20a1108a60813be0e30bbe7ae854d7e67f3016759c07dfda4cdc5c090d3dffe5,in,bc1qm34lsc65zpw79lxes69zkqmk6ee3ewf0j77s3h,0.0008837,96.01,0.0,0.0
2025-06-12,2806389c1bfd87cdd0d5a39b9e2244d94d02a41c45c7d0a7294beb4977b07273,in,bc1qrm0kwceqjc9de9nnrdllxuq0zmw4rlhytgmysa,0.00016222,17.62,0.0,0.0
2025-06-12,28448a93cb9202602367be78b3180d699fa5f947b80f898f8bc46e1f7fd3af82,in,bc1qm34lsc65zpw79lxes69zkqmk6ee3ewf0j77s3h,0.00025959,28.2,0.0,0.0
2025-06-12,29767460db3393435f107fa033b0ad42dd87e18ed08d326c43b43b67a2588233,in,bc1qamgjuxaywqls56h7rg7afga3m6rgqwfkew688k,0.0001528,16.6,0.0,0.0
2025-06-12,35bbd6beb2a94a9a6ff97d48b6df88cc3a61e3a5b78f9914a14c129b58e6c3b7,in,bc1qgxk62vxh6skr44d6psasazsgkdakmj76s945gu,0.00025506,27.71,0.0,0.0
2025-06-12,3c470448dd17836d6cee677a070a9c993207f640d5bf8e8fa8bf0145b08f656a,in,bc1qrallwccff50gldg9fh665rszvm79ae4tstceal,0.00089951,97.73,0.0,0.0
2025-06-12,3d61988306ecea82e1abb6f909cc0802758474f59ebea012ed52d17694e3d426,in,bc1qmt42uakylr5n85tyakrjxhjtgughekyv97yvyk7sqwmd7cc82ssqfl3u44,0.00093307,101.37,0.0,0.0
2025-06-12,3f04814b0643055a38c727501423389466faa279046474722f287c22e4fdc0a9,in,bc1q2r0qqkgyxezkycnk8xg6q3gg5dqehhq670az6d;bc1qj6r5jy7p2vpkd98y9fmnpr28n99pt27cq0wmtf,0.00016103,17.5,0.0,0.0
2025-06-12,465774820e5039e30531188b6b5dd47b0f373eb0f94ba268004c92f127b51571,in,bc1qtg3ela90mta03eh5l78aphsyewck36a70swgpp,0.000387,42.05,0.0,0.0
2025-06-12,4ab3d122a62167c0f473801ec9cb2fcf9ba1c975132b2d05ed0e7dc41219afe7,in,bc1qh4t06xm648sm0urac57z5jl2nzlpceaq7xwvqf,0.0003727,40.49,0.0,0.0
2025-06-12,4c0f2bf0f34db9865406d5b823250249cd82a6e1d660e042f6b96378894aae86,in,bc1qkrwdv8p39k68nkvjgk4e9rvg23jw3zkxll683n;bc1qmpuv6tfpd2yjjz7lyynuf8qeh5rzygm3xpdj7v;bc1qnkcpc56u5nxwqjnkhgl50fwxhdfgzt9cltgfwk,0.00046005,49.98,0.0,0.0
2025-06-12,51c09c7285396bef415edcc96caf5524cb086a4571962f94c762bacf995c3f7f,in,bc1qnx5xxhudyfkxw4y65mgv8txsm3c93n6wcgjct6;bc1qxkkvh8v4sv6kfdn37qyj3mmcqfg4yd6ydnlld6,0.00021467,23.32,0.0,0.0
2025-06-12,53793f4f607b06d999c6bc40af4c46c36f43eb5c75267b95e3bc3bb0a2f34590,in,bc1qxq207qs26ygay6snptk4f3wk5x5z2st838pqdv,0.00016973,18.44,0.0,0.0
2025-06-12,58a583a8b3106133c92ae3737e1b78ffcd254539ff62a94db6bcb250ca81e384,in,bc1qr8tchpsklmacass3a9waclh96uk6sc3w5as8uz;bc1qt4kyra2hhdesrlf4le3msrmexc3r9vc3zn8rfg,0.00037311,40.54,0.0,0.0
2025-06-12,5c3386ad51b3cbde9db0f8630bd23e9636ca669762391592c95f3dee7e09b972,in,bc1q749samfge4eq2mapegeclywyv7xr9t57kqkzra,0.00168,182.52,0.0,0.0
2025-06-12,61bb1d0a1485cba163fbba4146d3e7a142ae4c638feca67d9623af705b5bf7a7,in,1H58MdUq4a1pzY4cw8wnQpMAwRdxwAJpr1,0.00044081,47.89,0.0,0.0
2025-06-12,63078f0258b1d686c44accb1a0a88c251e89cf2086b6e1b2d339efbbe1476f1f,in,1DATmeUpoFH8wmyES9b8Bfnhe9ZFmNgvHx,0.00037234,40.45,0.0,0.0
2025-06-12,64b045be3b384bfd35ae321bd39b68bd252dbaf1e95d9ba8bd1273e441410374,in,1DATmeUpoFH8wmyES9b8Bfnhe9ZFmNgvHx,0.00020416,22.18,0.0,0.0
2025-06-12,701e06f28ab72fb622104382dee86342bd5719d6ac5c458119ac3eb3bb1736ca,in,bc1q30t7d2hfsmuew0llgej3lpg7e7686pcjungxge,3.717e-05,4.04,0.0,0.0
2025-06-12,7021dfcc299f5dc57d13933494722c97379b3844b088bf11b011b8fa8bda2e22,in,bc1q36jwm9z584jdng8yudx5w8dymqmver9wt00acp,7.236e-05,7.86,0.0,0.0
2025-06-12,74297a80c2e3f1f034f4ffb827d13b7617a9121a5cfe9af166bfc7e89563740e,in,bc1qeyr77sr47u3lanfaratdgj89exuy9dm00wsz0x;bc1qw6qv33zydqv5vfu6h0m6gjcxufdwvfqxk3gxvs,0.00023243,25.25,0.0,0.0
2025-06-12,794a3e95376562c72eb9395415942ca0b9799c1737cf04e0262c3cc91ef3482c,in,bc1qgnrl8rdayf3cezdagkxjykrd4g0yhykdcvkj2e,0.00094175,102.32,0.0,0.0
2025-06-12,7d317aee19ae6f1589dee8cf3f88f51968e15dc7af5d898812043f6b0ef5857f,in,bc1q4azj3z4zzvqqw5wmtu9c8lrf8vjpf3dhpcnntl,9.016e-05,9.8,0.0,0.0
2025-06-12,8110f0dcdb7d11ab28b76c47b5ba8dbb1bf8ba6c2c09b2f59ac7ce092ee2a35a,in,bc1q36jwm9z584jdng8yudx5w8dymqmver9wt00acp,5e-05,5.43,0.0,0.0
2025-06-12,8432068238ff9f0d240796f8eb4aaffd10ffec792c23ae98568ac61168d9be78,in,bc1qsv0eana43q0facyrdkggqjgska4tz9s9g2w4dwvwgd0a9u2zv8pqyd29qf,0.00040023,43.48,0.0,0.0
2025-06-12,8e36638f755b3574d09abe66d29ba29f2a987a19553adcb39011b1335e5d4167,in,bc1qm34lsc65zpw79lxes69zkqmk6ee3ewf0j77s3h,0.00022905,24.89,0.0,0.0
2025-06-12,8fbaf21502968a664e00e902ff03cb4d56ac8fbc912809f32d6e3090bd59acf3,in,31iaYsA2QjycQnN781oyvfCrCbt4RidKEm,9.472e-05,10.29,0.0,0.0
2025-06-12,92ae788a8c46a3a90d8908ab87c2c32248c6429a862c09ff2b1f957dadc46913,in,bc1q3wulcu4x2xqdelk7kygwq7wpu3gyzws6sdfw4wq2n4peguyqcauqjtun89;bc1qf8dcng2l8u7fxpy0ztayltd3sulycsd2gcr6lnqff5he44fgj62q93pjsj,0.00012275,13.34,0.0,0.0
2025-06-12,937e79f901e118b19bb21445668e2d0831752d5c3f9c3547b853a9c2589bcf25,out,bc1q0l84ejhc5unnhrkhmu7v592skj6eq0mx8mtjza,0.02706215,2940.17,0.00023466,25.49
2025-06-12,97f63dc6d44d5b24338190cf77c809ed7f7436a5e0891756d13eb6f87d35f1af,in,bc1q5hkdpmwm2m8qhrv0tdfcqvvttyzttyhvafsm4r;bc1qf260zxnrjzww3wdvvzfdmmx0cz3yxz9r78j0yr,0.00012636,13.73,0.0,0.0
2025-06-12,a0bf077ec28251a2d47454a2915a36ec00f2c4e0441ee71be3b510f97b95e1e4,in,bc1qdte0r0u5su8l6cv737w5x9q48emqej40wmzydd;bc1qy697dhgj395pgqpgm6wzh8yvv53fwgsdm5f868,0.00042339,46.0,0.0,0.0
2025-06-12,a9b1c422c796a2de595037d97d44e20458ff0557619a8caa309236e0fa507a72,in,bc1qraf8nw7eml87xj5k73aqxspm6q7w5qkjgyc3n3,0.0001132,12.3,0.0,0.0
2025-06-12,ac871117d2780446585a148d0c9271c3a75834969ee72ad9717e55b0a0889080,in,bc1qstuy2pk3kxrussshjlljr4s890q28drfada8pl,0.00012916,14.03,0.0,0.0
2025-06-12,ba51d9f93dd0ef0d80efdd5a3d102a476500c373a41a720984452abcdc95e24f,in,bc1qnu3t53hcyn25redqhe6yh4v54xcr9dhqpkv83t,0.00011148,12.11,0.0,0.0
2025-06-12,c037fa3bb53b763df582e098a08e7507d5956734b9ecd8a6ecce01d8ac61401f,in,bc1qudpq7q93cjzflzzv340fy223r5k7wjc5jf4xm2,0.00054027,58.7,0.0,0.0
2025-06-12,c17c2ee2ab39362b05897dee82fcfefb5a75f6cc2a8e2cd808bae3e9f020b01c,in,bc1qdrhezh0epvry9l0szsxtgu95phlr2vl9h97m2h,0.00014161,15.39,0.0,0.0
2025-06-12,c1f2d09c7b5174338d2d842f5847eef860f6ca423baffc0a0f7d359fb32be9d5,in,bc1qcfsakxkvmnaped8a7wfqc52zt5wxk5v55c6jcv;bc1qjpumwc997p7p827pg2wp34esypdpjvtk3wplpp,5.776e-05,6.28,0.0,0.0
2025-06-12,c6e563391fc0ce1763d66ad1d7312ac7ab487c9a5bf679f20ce20af69fceac0b,in,37QUZPRB7tN5PMkVD4pVx2zqrtVMh5bAMs,0.00013551,14.72,0.0,0.0
2025-06-12,d820727791edc2486e93d757a2cbcc4a04abcbf218af1d4abb054dac86aa4d5c,in,3JZxMHyxiKPhEab4EiZb2kvLDZD9Dak2Q9,0.00043817,47.61,0.0,0.0
2025-06-12,dc231bd3f1a6d061cebba01d5df9f3f2d545491673ff39230cd33bd01ea35823,in,1GrNVxXazvL2TdaN5EJ8aEaohzqjQnGr83,0.00067621,73.47,0.0,0.0
2025-06-12,e146c2ac81762d294b27ba0c8bf4c7790ed0c38fa2cf2a505f17270e81abbdb3,in,bc1qqg9trjnexsmgyzs9z2kemcem0pa7e8m50hqfza;bc1qv9vvcqx6zrv2uwk6zzudvcjj3rukna8whumct9,7.995e-05,8.69,0.0,0.0
2025-06-12,e3a4fa601673c9b0a10af7a2697e924b20aea9d57a408ab4f9bc4e2a6fcfd686,in,bc1q5pnwfg24vxft0d4unla7zyz3lczrgkfgum05hv;bc1qgssycuunq65h7vqywyf7j8yn2dskgergpplef9,9.987e-05,10.85,0.0,0.0
2025-06-12,e753e0279fade1ba3085a064e908df78f5248ea8c6d3b074b561cb6a37dc743a,in,bc1q9xxc0f7jefgqe3w5e0auhjrssektxrmw96dh0y,0.00020461,22.23,0.0,0.0
2025-06-12,ea897fd978a996bfbaad15e7ceb060d0e1a2516f58557b654fd5c9edd18be68f,in,bc1q8z82ykklrtdll6v8jgyrac2wh24lqjcg97stka;bc1qn4eg80af56qx80y8cg6smewpnnqstt4escjsc4;bc1qzkkrzyd07xxke5zpsr32tfkfrct3pf05sjjyc6,0.00030712,33.37,0.0,0.0
2025-06-12,ecd11d7680113cef56941a60fbc807478164569d50fdba65bee046615029af1b,in,38DZYPiUA7AWr7pm1xupu9j3Qw7njGQSXP,0.00041482,45.07,0.0,0.0
2025-06-12,ef3483f57eaeea9ae822d7173434924928946b1d705860e0750c0432c3569047,in,bc1q74tvshuj8uxcpwmkr7pn5savjgfg995q04fl23;bc1qxe7f39kwjqa6zw259tj77eaykaef7dpydr57qh,0.00021098,22.92,0.0,0.0
2025-06-12,f3aeab5635606d82ccccb659004eee5796c1740e36c5c5bb5dbc7a419f3094fc,in,bc1q83q7deu7q3jyympm4g05w7lswkakvwzuull3su,0.00025486,27.69,0.0,0.0
2025-06-12,f8cd33ff7551b49f1c427231ab9f6bad3c0b7bdc4cba77f745188e220c7096ad,in,bc1q7cqq6pw45gwcn96s3cv5v83ppwpwt7c7p40u52,0.00018522,20.12,0.0,0.0
2025-06-12,f90fc09dcec5606b16c9e416541e37997528c908252625e1950de730ec3570e9,in,bc1q63ay646y5kknvplvz5lhc6y8qlayghlyn4yjrq;bc1qjws0rhw483xr05dfk5q53z0vq5sc6gdur8seqx,0.00017142,18.62,0.0,0.0
2025-06-12,fb0f926aae6838bfa9260f4f7047b1ac110ad576c8b0f6cfaa0b963d7e02c751,in,bc1pecdxdyaxqack87rm8hjaptzq7rwmyxy605wfxdm8g9spgscxf2yskw9pz0,0.00017065,18.54,0.0,0.0
2025-06-12,fb1be34e74a88edfd4f4321ba9f5951e136aca4296eb0b9714beefa8749ab2e9,in,bc1qedcz77j47pg8rvsf2gs5v2lejzmrz23ch4kn0w,0.00017294,18.79,0.0,0.0
2025-06-12,fd46e76ec4a82fc79205ab53b184b21d09f805759c213dd576021e2b84356a38,in,bc1qjlwqkpxnjdjq30zvad64pw8lvl852em9rg6egm;bc1qx98fj482e6v8xu67g9f25hdlha08st5896yjfx,0.00041874,45.49,0.0,0.0
2025-06-13,0621eab60f1dfb6d985190e84d122eef3f805eecf4223af7cde221de6d256219,in,bc1q4l7j5pv5eppvmcyc63cgx5zxr8tr0386yy6y3f;bc1qkxdtjegvddxdujsayplcptg2wm7g42749deq6y;bc1qm4wkw8h257lw49j0jjm6qn9lhh4v5kd7hk8l70,0.00042104,44.49,0.0,0.0
2025-06-13,07e45a61ea0da9613c11edfed3bd4416614a89f01181a7fe7fc988b11f54b17d,in,bc1pgucr5n25yqg5976l0x4cg7ga43f33yy0na596p0ekjnuu45ymnfsuf86jf,0.00017444,18.43,0.0,0.0
2025-06-13,12fb92be0301386bff7cf1b2cbd1fb2295924520b4199f8c94e7419c5fafd67b,in,bc1qggguvpejvka2t2pug2xseswn4x4047w6vq7v92;bc1qs7pts92xh5aw6d3pwxqeawczetkvv67dk8sgp2;bc1qwcy7djexn64k7q8d4y0ve4j688vx802p5e22hl,0.00032063,33.88,0.0,0.0
2025-06-13,130ca93286a04e68276bf8c3c566a18aa4a46939d4f89cc6dab30bbb628f42bb,in,bc1q74yznl5ldzmuxfnzznqy4s2yp02kue33e4hdxu;bc1q7flzygs2jsvj8hcqahlctmmujj57fxreuqqc4h,0.00015387,16.26,0.0,0.0
2025-06-13,1788a1f05c1003bb4df6b086b0394c6b2ef3fc7bc6f1ecf6194bad0b172ffd0f,in,bc1q8m68ffndgwzfl63e2ay77qgrl7ucejk98acce4;bc1qmntuwzjhqh95xyy0ywkmf6q47ml8s3s2vkm3y2;bc1qtc480rmdm4n2ghkgss7u6gpx735elvu9l8cu3x,0.00046715,49.36,0.0,0.0
2025-06-13,19a153d92352a754d93d5f3319219a93e623d3c82595a9980279d3cd6e65cebb,in,bc1qheapgs6qy6hkslha8dal0zjhqvper0aj47vk9c,0.00014257,15.07,0.0,0.0
2025-06-13,1fdc175a3cf38a330bf104e26fe6fdf56a48e7c322d3ee98b06f39f9ff576183,in,1DATmeUpoFH8wmyES9b8Bfnhe9ZFmNgvHx,0.0002504,26.46,0.0,0.0
2025-06-13,274cf5ee1ed54330781b948640482b50b6f26b4adf34891d28d655e055a057a0,in,bc1qkeux75cthml2jdzetcq99mv64attzauj2wl6h5,0.00042612,45.03,0.0,0.0
2025-06-13,2868459e55888fcbf812483e0f3794128f96ae5d75d207d5303bbe7964c2b72f,in,bc1qjz7fhucgn2x3jt3l2u725s423xw2mdz3gy6j07,0.000376,39.73,0.0,0.0
2025-06-13,2d5b317bf0936e79d1af6bdd2b1c607f4db716324fea02fb60718fe9d9ff0eb8,in,bc1qw4lzh7shxy54jnty3q2j27lpmx3k6cc9r7gsez,0.00015647,16.53,0.0,0.0
2025-06-13,2e01c94e67af0836205cc769c15a21792f9a32af1bac27556a8c19ca20217ccd,in,bc1q4jfgr09hwzq7gl2ypm4ta2hpkes78yu98jz46m;bc1qehssstx4nrpf95q2ssxl9n5vexmt6nvqvkrt6s;bc1qv2y6v45f386ldv378jfsyedtlwxxw6de7d8j0k,0.00033664,35.57,0.0,0.0
2025-06-13,2e6a65413d6a8bca00facd57a68a7e5e6723dcb3adce501395a481bb3c5ac092,in,bc1q92p8yrcw9vksc23rnlhc402qxnhus5wenw5073;bc1qetqlsypp23fczv54unv5tku67jpzkk6rdrq0ps,0.00037699,39.84,0.0,0.0
2025-06-13,3280124d359dc799c7ef7132625fdbe02ac1420196941ef7531d44ae12534c45,in,bc1q57h3ydlpqalfru4es68cvd2x09mju6nwwa2qt8;bc1qdlmcue00cnunjv02qw532f0lhhtgnfruh05qcg,0.00033185,35.07,0.0,0.0
2025-06-13,32bdbf02594ac7e111137de774dc114473e50cad2ebc3627bc2946c4adfe7238,in,bc1q4ndvtkqzdadz5mvudsrpvhujtwfgq4zddwj20y;bc1qz36stj49clr03jy9pnm63pgcpq3ng8mxm85c3t,0.00020005,21.14,0.0,0.0
2025-06-13,33a680874cca89d2995b02cbfe452f99583f39dcd54c684de5bb8cfc6a8110b9,in,bc1q4z3ndjmjp5j6g5q8ej03dhgfyeujak0ln5ehhw,0.00014,14.79,0.0,0.0
2025-06-13,34ee8f501c9d26786149f5d2d1daf891c1a5c189ffea10c7ff44ae6948ef685f,in,bc1qfrzjtdpkl3y4vepkq92sl4dg2322m07ljltaje;bc1qjm8psuzmd08yhp8h9tngch2r6sa7k2ju9kmxst;bc1qq25wkur6jazgszf86m8jygkll3vqg8cadrmrau,0.00038092,40.25,0.0,0.0
2025-06-13,3c7b58321e2465e07053018f7c90617178f2633b7cee043f85c6b014d681473a,in,bc1qlnan0ffkgmkwvhksdr96cxa5gf3jqe8pr8f4wa,0.00060678,64.12,0.0,0.0
2025-06-13,444e1ff9a778fe690de491d0e96f9e6266fd78f9266e1efe18049ede9dc092a1,in,bc1qxx6juwhjpz3a2auxrdkkhhdtrk68zf5zymfv30,0.00028653,30.28,0.0,0.0
2025-06-13,4717bba84170d0b5faf3cb0d6e660b8b8ae73e626cc53cfaf9deba938c9bd682,in,bc1qr985nlva66rt49g202rlcax7s05x6en0j9va2h,0.00010821,11.43,0.0,0.0
2025-06-13,4dd698ae3a48f298e722707c8bc9932e483ad1adaef6826aa5d0bb9e1feb8d55,in,bc1ql439gsknp0ksqzn45p54gr98y6xwqrafz5xzaj,9.34e-05,9.87,0.0,0.0
2025-06-13,4ded0d0acad67f860ee52dc294fa5cbaca3d4b10f3bb8d6a2cf8dcbed97f124c,in,bc1qljlz4lazu0rrz27zvukdzrmjmnwyp6pe3hhxv5,0.00022824,24.12,0.0,0.0
2025-06-13,5100af2795a4dd01621cdcb8be4e8f86d80e9dcd7f6cbeb194dfb98a3862cdd2,in,1JYn7GirPC7RJZqoZRfMqrhefbMq6P1wtM,0.00019394,20.49,0.0,0.0
2025-06-13,542b4f5ee33081eb65e44c318c217992dc6ce9f7f87ee86793f37c97f5103555,in,bc1qzc4xylzjalf7dv0encs9sj8n8fcr33qkr9khvy,0.00028339,29.95,0.0,0.0
2025-06-13,543597df7173148159e76c5a969df0a752accfdd2a11e701a96b0fadeec60886,in,bc1q944dngzdjntdf9h2qxajgd8wn8n0snsft2kgz9;bc1qcyzsjkpwsyhdhtes6vkfdungy2hk4wwntxx47w,0.00117318,123.97,0.0,0.0
2025-06-13,5d72784576b6d38485750b0b0d4da81ccb1b50b4c33bf166ccc2953a43132915,in,bc1qcqaaluys2phkn7k8ru7cyzqzdqf3jdeudzjqvf,0.00025579,27.03,0.0,0.0
2025-06-13,60fab6205851ad87524ede047971d26097a4b8da06f04585af33c73ad0c9ac35,in,bc1q4dnwaf0yrlayg30j72xqugz20qqfn4pk6x3dgd,0.00010261,10.84,0.0,0.0
2025-06-13,68a8fd9b2ac9ab36ec64c638cfbcbf8812eee04dcb32bd8c166cfca311f7b671,in,bc1q9kjcqn0443tnxphnez07pte7evjz36fgex26zn;bc1qac3szpafjzsxrhxg2g8gpcdfhxgt5xnspmqy4x;bc1qm50qycfvapuvdqwnn8mfr65q2t9w6t8923ge2f,0.00015132,15.99,0.0,0.0
2025-06-13,6925f98225a4d0004753fd1f064f1b81744f0ea42da941c5e639d4df2e23462f,in,bc1q7k382n8jwrxv63t5z6pxnawtcnu40alpsutwas;bc1qayh97sw7q2vzvup5lz7xluz8mfp4aea90qufly;bc1qj5p4t5u62vn3ukzm6t2vrk8uu8lhvc6c2l8h7g,0.00042746,45.17,0.0,0.0
2025-06-13,69506f5fc66f6632635c5cd1fe4cdf68acbe055622f24aa5b0277b1224d2412b,in,bc1qt4gy8rf9q50ey2f8a4jrlgw9r7shdr6k648ps9,0.0001466,15.49,0.0,0.0
2025-06-13,6e00a762d50d8bfb6b219dde81d30d7cc34c5951254d573affd3a03435b05273,in,bc1qwlpnjnxy4v5zh2zs6pd047s8ap20ff966euvht,0.000819,86.55,0.0,0.0
2025-06-13,6f11198d4390f9b208e91c5b2bc2451198023cf44faa3c8424d3dc033784be0d,in,bc1qga52pdg204qzxvrnn8a5yn6mlr0clspfsuxxet,0.00042968,45.41,0.0,0.0
2025-06-13,6f3078396a2851f430e9ebe7777ab23ec47ca22a0aa790d579e73a7d7a69e784,in,bc1q405l7af4qn4ythcz67dgcjccsl99uzlanr944z;bc1qkjlfnvehcxpru69uwsgqpevtkkguy34rywax8p,0.00015,15.85,0.0,0.0
2025-06-13,74d7170e393ae6ed856902154366bec9b738c27ccffab75719a54f6b7b568e95,in,bc1qtql98qxcxe60w3fq0ra38q35ax97prndrfgzsn;bc1qy25at97v9jsqp5hkhpq2d32mjhyspyhsu8ed0s,0.00018857,19.93,0.0,0.0
2025-06-13,83e6aa04588e488af37d8283dd8de53e445a0a9feb06b8cbbaa2397fd33d3854,in,bc1qskc56an0252x7uzjt7her74usatd5h4mu3e3a7,0.00058033,61.32,0.0,0.0
2025-06-13,8adf2cb057a5f271821661e1931bf1219d1643d4a8c5953114cc0b6434178c51,in,bc1pjyrzpsdcqh0y9v4nzueyxam4c233real3hc2xr60m48f7qcaw64ss4rjx8,0.00106009,112.02,0.0,0.0
2025-06-13,93fe2a6f493fe8a1d59926d9bf0e77d83e42e1b66fb05331f7edce1e3cfae3b4,in,bc1q36jwm9z584jdng8yudx5w8dymqmver9wt00acp,6.472e-05,6.84,0.0,0.0
2025-06-13,975ca769be75c5cb28caf71e4c1c485b162e04d0221cc416b521c43fa3a738f5,in,bc1qnh9uus0v4h3ca6kxkgl5nlt6pca8vw7akmh06a,0.00071229,75.27,0.0,0.0
2025-06-13,986ec0b0917a33254a7f748b111aa541ebc9b374310f9c084bb08cc6c6002524,in,3L3fntKkPewFaFeRqhMnXejM8x7gB9RfjD,0.00187015,197.62,0.0,0.0
2025-06-13,98fd2a64c12737ec1f20870b6aaf84cbaec982f53ef56a6727c5d5b5d8397022,in,bc1qsn9psu84p65yvc5s33h384eeymlsupnnxt3st3,0.00014813,15.65,0.0,0.0
2025-06-13,9ef34e5904d925b310bf943676defc42cb1208a83ecffc0a9647b5cc9577b1eb,in,bc1qm34lsc65zpw79lxes69zkqmk6ee3ewf0j77s3h,0.00087538,92.5,0.0,0.0
2025-06-13,a9bd66011fa6a0a29bc7ad61feeafd25aa725708553c6c416c6c1a83415eaa99,in,bc1qpy7j4ck2ytthl8lcu5cm6ryjeu0nr7sk76q4zx,0.00016254,17.18,0.0,0.0
2025-06-13,b806a40cf40ea2e4249f566428cd353d909e01448a1354641606539174d0f466,in,bc1q6nhjln5r4gt338at6nk77d3ykqlw0y0xw2h06t,0.00010038,10.61,0.0,0.0
2025-06-13,b852e4ee8c3f520875ca65da9cede7edc9dba99da78f406ce90c63186e71d109,in,bc1qu5jp9488pv9jtxnxz2lvjneck6arutdq20t4sh,0.00024986,26.4,0.0,0.0
2025-06-13,bd352a0cc18609ef34415ae2d8140a2f9233f244d6a2b6461b96b5b0c318544f,in,bc1qvyz002p5y6uwsk92svnge07fxedw7hd9v35c3y,0.00033192,35.07,0.0,0.0
2025-06-13,bdf2eb96a34399776cae87b7f16ac61b6fa8009091d0fa5b5df94a316b87c679,in,bc1qm34lsc65zpw79lxes69zkqmk6ee3ewf0j77s3h,0.00143837,152.0,0.0,0.0
2025-06-13,c7d057c0d66d30c34c2d01ce96df1a9c095cfeec40b87aa5304ea3d2c1f0788d,in,bc1q2lgjgcpzy6ctkjqxd4mf7hvnx2fvk2vyn6jh4e;bc1qhcv7sleezjvs5y074xzlqdadgkkdcka32u94rg,0.00081139,85.74,0.0,0.0
2025-06-13,cd66ec3ecf36668dc795ffe6d4acb2008f5ccd502dc50bd7f956b08cbe79a5da,in,bc1qxg2k6at5n9axdawq288yj03vgweulxhlj8egps,0.00092765,98.03,0.0,0.0
2025-06-13,d2e34a6f9ba6f67bc68445335a8a54ba08917ec92bc5960d71001e110c73fe48,in,bc1qpgrtjrhjv5dl4at34kpvjypve4mspwsqhw8tdclu9yfkjzsu9ydsq547te,0.00028392,30.0,0.0,0.0
2025-06-13,d319e164034b978c087e6494a62fe9006bc1280a7bb065fdcfc2e193e00521a4,in,bc1q7k8h0f6f6kyzw77kvpe87a92zpf5vuc0kxewqa,0.0009231,97.55,0.0,0.0
2025-06-13,d580b4dcdaa4e79ab46aabd4d3a7d959bf45f451ca785bd86a51c15a85dd6a19,in,bc1q908l8ucl508j6ymuuy0xyrcktjnj2krfvpqe9v;bc1qg3r59k35ugap76wnsat0d7vrldfwceu7evt3xf;bc1qwqlsafax80uzejlhnm5sywfal48herq6p8hltz,0.00019069,20.15,0.0,0.0
2025-06-13,d74ec5b6a1cdc3e034a14b238fbb999612763a4516fba21801b3a343fe1062e3,in,bc1qqh54lff7497aeglh2807wzw5las4qretfvdgxx,0.0001881,19.88,0.0,0.0
2025-06-13,dba0377f764f0ee213fa08239952ccf73c16f3d06194b85ad628c574663107bf,in,bc1qf4ze3l8n4w05kzhwhxe9mh3pr4m08xnk4fpt3r,0.00012304,13.0,0.0,0.0
2025-06-13,dbebda11d2a8bb25b4c5832b0a3087a4faf36e7ace8c40ea1187a98d69a334bb,in,1EmicEG2CbBSYHG1jksfevW3hw1P6LNvD,0.00015179,16.04,0.0,0.0
2025-06-13,e544024017412e23e6d22ed6a9004132fab4a110faa067da7df22ac12ba797d5,in,bc1qqlkzhwezkkk78waqzgcvjdzxgejsm40y2jee3g;bc1qyqw47lfz4tv0py54t88al3pchw0lrkh54wv2n4,6.631e-05,7.01,0.0,0.0
2025-06-13,e5e780a7c31664b720afa42d9877d3f4519cb87c23f0a717f7f0f66eda846687,in,bc1qf8zltlflftvgep3p28d3n7l8m6z3vennskegy2,0.00051647,54.58,0.0,0.0
2025-06-13,f4367305ae4d98d064a707868b590c25c03e31d02b8049cb405363952b4d5ee8,in,bc1qc0dcltra89pzfzfr7k8jjrckgwm4erhledtr5j,0.00080546,85.11,0.0,0.0
2025-06-13,f4c10cc395d507476eae6a0699a1987f657dcc0ee24a5fecd7cdfbb8210ea12c,in,bc1qf89ns72ywch9ex60k35mcw7zcgw8wwplv44rv5;bc1qw358agus8fscx3c0as5ra68erdr3g8unyjqzcd,0.00014177,14.98,0.0,0.0
2025-06-13,f7888eab743c5d7c1d840890cef04251f90ceab262337301ebf34cce7d17a951,in,bc1qdcndyt8nz2yv8v2n58688wg0du8el4spn30hwv,0.00023964,25.32,0.0,0.0
2025-06-13,f7a5d5f6502f367272cbedbb00a4540c7126db58eda7fb2981b65a58c1be9df8,in,bc1qprdf80adfz7aekh5nejjfrp3jksc8r929svpxk,0.00034174,36.11,0.0,0.0
2025-06-13,faa1e6940232246471abf5c2d1b58dae1fe7c64aa3e3ed6fbf31c4050d66fc08,in,1JYn7GirPC7RJZqoZRfMqrhefbMq6P1wtM,0.0001876,19.82,0.0,0.0
2025-06-14,09383d6906cfd62e22d53ffc3192b22e8eed573882918c45c96a4d428ec94719,in,bc1qpsv0lr5pujz7pp6g4a2uusr5kszaw0gj69pc5z,0.00010212,10.83,0.0,0.0
2025-06-14,10482a02119201fba7d927b5c6f0f6426af65fb05c76a38f5624fb1ef9c973cc,in,bc1qehqs77ns8693zvg35s4pnw3ryyyhfxzz3xqyrf,0.00020103,21.32,0.0,0.0
2025-06-14,1172acb2d1b313d35df0bef5b182ad409755a777641c12cd5d4818cb492838af,in,bc1qyupeuhvw9g5dk2vn8lugw0d65tjp97ac776tv5,0.00050992,54.09,0.0,0.0
2025-06-14,18cf1f7fb085002535e594735069ad4f94a106c916a97b32dd90e04191ae96e2,in,bc1q8dr9cn3ejnlu3cmep0wrz9cfrjsuuncym9gg9r,0.0013061,138.53,0.0,0.0
2025-06-14,19dda585c18962ca56bb79fd42a50786725ed0369272fa61552bce5f5b9fc597,in,bc1q33gepwx32l274zsp53zp72makzr2q42plemxrr,9.434e-05,10.01,0.0,0.0
2025-06-14,1da20c82c94a6e6f61350036a670e98db74925f856d6e772d7f4fb4edf254124,in,bc1qfn3pjxv7mdy0vnu5jmmacgvucvsmplkcjp0f6h;bc1qvw95us9jcyvsxnpdfzzrw8yqa3lnq9ar8lfn0p,5.646e-05,5.99,0.0,0.0
2025-06-14,1f192e9f58fcf7fc2f6e3d03b7f0a299b57cfd3df2d94647591f78fbac7bfcc1,in,bc1qxrv6lvfsy6d2jyrcchmdfuxpfd4vpvrt27f4a9;bc1qy5qdqm6z5ugmp0drkpvurwuuhl5yk7l2gjz5qh,0.00070035,74.28,0.0,0.0
2025-06-14,1f7e1bfcdfd2324a39bba83bed2c998613b73ec4b59887054d2b87db35485ec8,in,bc1qe0zn44r9aeyk3gwm9uep0v0qf5vymhnc5wyeaz;bc1qyunpaz3nqwjfvsphknlg6zfa2v27fhxrsg7qhc,0.0002846,30.19,0.0,0.0
2025-06-14,30f2db47594c993e227abfd6f79e44d310426d623169bb95ba19be808947a4c1,out,bc1q4pw8h79egtkqq5u2u52u6k9acpywtys6y8qlm4,0.04654679,4937.06,0.0003797,40.27
2025-06-14,352ddc4a777ebc3a6e429ff08337ed7ab18559074263f46a28f18ad0a23c8354,in,bc1q27lmz345y92gduhzrkg88aprrvd0yh8xagdr04;bc1qnl2ys3ngm6msj4jv4tunut5nfke5hl80zqrcvg,0.00015152,16.07,0.0,0.0
2025-06-14,450d41255934b97de4ec5f7457a81613b9212280fa52ac3d56fea7d29b2dcf0d,in,bc1q9wmde3ac2akwmgqx57n9jj7cd6v2svm3wejjrn,0.00052147,55.31,0.0,0.0
2025-06-14,4b79058e73290ae6134c64b6f8c8f3a17156e1908ed17fda118cf5b62986dcf6,in,bc1q9jpd8v2ed65uvp4v9c54grzky09zze5jansyh4;bc1qzcaqkl32tsv08fugjnf0pp46mafr8xcqefj4x0,0.00013594,14.42,0.0,0.0
2025-06-14,4c1d2fce185355073902eb2658cf6f63f341b5457857060f372e62a66af908b0,in,bc1q6dvg3zr4rqtkskx606akyamlunglk205m05tal,0.00069301,73.51,0.0,0.0
2025-06-14,4d823cf27f97cc5ad063bb5d35211423e6e69c8e2cf51db57f1fe91d430e2457,in,bc1q3dwskfyt0xj4ztwk3pvqsxvgt4330vjsnkc7pf,0.00180686,191.65,0.0,0.0
2025-06-14,50ce8f6f23434b364cfa941f7a3f33e5ed5f8dc4019f753d5d4237fd0507c808,in,bc1qufesa3nntcr78d455tpxprncz2pcpnvslmcsk2,0.0002354,24.97,0.0,0.0
2025-06-14,5c9ec7f8dc29d6119ad274739f4d8c6f6394ff9c216439d1ea39209e4333427f,in,bc1qq7ksc0m958g7y7dn4y6decfcc4uvcs6lrgr5ql,5.621e-05,5.96,0.0,0.0
2025-06-14,6cc8b575096aa5a5754e6fe6463afc895aa5997d8e37ca77b55db1293ee67a09,in,bc1q03zanl54dc9ygsxucdynfxx73lgq0khmv3vq0p;bc1q0y0t62mh7jcvlq2pzamyc3fpx0r6v4yttyrnm7,0.00030182,32.01,0.0,0.0
2025-06-14,6fc7e57b8cfd407e261006e9a06212e90eab6ece731b28197cdb156cea3c6b33,in,bc1q4k8gyp0dfudlp2fs296u6xfezk4wv4che7y4gv,0.00019538,20.72,0.0,0.0
2025-06-14,71177a77a31b3d771e7f9223958b32c7a3fbc7817f0393869e86a06e6050e176,in,bc1qyn45uwa4gk3d27hkd6nkm5v2peyld9ukul6a03,8.243e-05,8.74,0.0,0.0
2025-06-14,7207302b67d7ef281a2bb7748ca6919c63c8cd4b63211bfd2e15e09e89ddf9f0,in,bc1qplnc7yuaf5u64cp0yyrwwx8wlds4qmye256ffl;bc1qwz5z80eh5vpz3zmuuqa0msas235s8ha82js8mf,0.00065196,69.15,0.0,0.0
2025-06-14,77babb7899cf27b170f0cd244f27f4ce7fd28b9a9df436beb795cf71e4ad2a9a,in,bc1qlz2crrnrds54xqyjqjk89sd9uzxhlmzglxz034;bc1qvlzwlvt5j7vaxz38xpjczneldqlpx599utd53e,0.0001021,10.83,0.0,0.0
2025-06-14,8b7e800b1b4721277ffc066919dee7babc6e97f5a853d6d9373813e920d1c19c,in,bc1qutlgajux7chznr3a5dvszuaulrqm65cnr8yhpa;bc1qwe6n0pwnkv6zt2a8ralvjmzl0cekj8nuk0e3mj,0.00033337,35.36,0.0,0.0
2025-06-14,93fc50c2b819ede26cee9bbec214ea07268045a65450d19904ae5cbc6b8b1fc4,in,bc1q36jwm9z584jdng8yudx5w8dymqmver9wt00acp,0.00010613,11.26,0.0,0.0
2025-06-14,9725f31362170c9b31924334288088fd9a6241b578734f3bdfe2e9f558ac81ed,in,bc1q749samfge4eq2mapegeclywyv7xr9t57kqkzra,0.0017,180.31,0.0,0.0
2025-06-14,9825b68d2146e59dbe6ca0c984bd1144a24667b91c46bb3ffedd2f88f0541a28,in,bc1qv3rg8ta83a0l3vf7tm58cz22k4v685y7ll36j4,0.00042982,45.59,0.0,0.0
2025-06-14,9904593b4cb98ec7a261ad9c460882a69c281a3b2165ae2ddc1f6c9663940a0a,in,bc1pwy84u3kv8a7c7zeaq7f2px7rknyga344d5vjdxff6hrtz5plfpus3azr5k;bc1pxqvek45cztapnqgpy9jal3mjypzqk8gp26p6gmh9dp7m0cpr3ttsk3lx2l,0.00010478,11.11,0.0,0.0
2025-06-14,9b0c3e75d12d469f4bb16df56a45ca3ff1f228e36614d54e39df805011bbb448,in,bc1q6cq266lugm3gdf3qwcmtczrr9fz5hmnm6cw2q5,0.00015638,16.59,0.0,0.0
2025-06-14,9e1533e5c3aa4fa4d68239071d79755798d0df4df60e7ec192f8861d6385c6b9,in,bc1qnssq5za04t02qdugvtrhs8cfx79q48f4u22507;bc1qt8455suuq3g4vg9mfu49fkcpapalnhht52t88s,5.954e-05,6.32,0.0,0.0
2025-06-14,a7622468d77251654ff7daf8976b92ffc5f9e33f80e0783cbfcdf5615220bacb,in,bc1qpu0h7gl5h36jjfj7e0jnmqs3hdfqve8m6wc00f,0.0001075,11.4,0.0,0.0
2025-06-14,b16b4ecbe3f6f757ade93ad8aa542bb28b4e0d4effa79c6628db3262dcf9d86b,in,bc1qa3ht882xafv8q5zjn9det4m95p9zyfvakeqv65xe5n6pzw0qqdqqdxydns;bc1qf2hkk3n6j75s5prdxry45at5urfnx2eufaffw33muwufnpnqw2usncxsjr,0.00022462,23.82,0.0,0.0
2025-06-14,b379d1fa0657ac7640edc1631be7284c933dc6653da7250dd3419d8391121fb4,in,33CqkccyZhbpC93xPAxPeH2sP9y2gsM8fq;bc1qm99ewhzl7qhj6tmpymq5rmegkeck9h3u5lz7e9egyyd8w7pmctwqeqwnhm;bc1qs3j20sg80f5m550zpevxje2uxaxzlecue63ec7h6plnx6lmk38ps57g0l8,0.00047243,50.11,0.0,0.0
2025-06-14,cff681db3f2b44aa98ff7fa684f2d79588f2b359f050057c8666ba371781ee59,in,bc1q7509va083639709zapp2z6xl0dwlx0j0mejvlv,7.564e-05,8.02,0.0,0.0
2025-06-14,d2746f413c4d16a6ae3729513b1afc4d9ef188ad1965bdeb0ef0cd1a29e6bffc,in,bc1q2uw95zhkd7q2r8es3kqc9adt59rf36vrlr7psg,0.00019555,20.74,0.0,0.0
2025-06-14,d9436fdfb42ed5dcf64eadff75fef6be536e2541cf091965e411b93eadcb9714,in,bc1ptj8fh0kjjnx824x3letvsjxqlcxeec6a8mv747q3rgpznmn2dm8q7lm2r7,0.00013126,13.92,0.0,0.0
2025-06-14,d98f609094eeb81eed8fbe942bb631982b6832d87b5387f4a3ffd704652d960f,in,bc1qlevwxder9wlcqh58mqevvexf56y5u6tvh6lx3r,0.00014706,15.6,0.0,0.0
2025-06-14,e5fcccde62a95963f2979a2a26c88cae5b15229c8a6502ca28195d1dfd649209,in,bc1qylxek5ynmcsy9ggj6yzcp5jk0reau8pdfv9p3hksxdmjws9ptpxqdtncur,0.00075035,79.59,0.0,0.0
2025-06-14,e95c719aa27406bbe392558dcb6b7b8e7229058b4ebf6954ffdb07e5e0e0443e,in,bc1q42l9z237wwgq6e7hrznzncajvnxvr0vzmv3h5c,0.00032214,34.17,0.0,0.0
2025-06-14,eb1308489ff5e3cab523764da4420f4ae4372b7563648d3f0b6f9e37901cd882,in,bc1qze02ar0p33e0a4vj0avkmpcnz3us3fwgl7vpjy,0.0005748,60.97,0.0,0.0
2025-06-14,f4579557ecd9e26cdb1db75d3962cb7a492d1cf907378f4f6d56292869fd83da,in,bc1qunra4nym4p84ysy9p5gd246lf4n09emy7f4ufd,0.00029503,31.29,0.0,0.0
2025-06-14,f651bfe2a16a16d17b4116e5cdd869eada86010763288b1fd36ae583b6202e8a,in,bc1q76dgh9g7lcgltjw6wkvj2wdaajy2q04s97qmfp,0.0013932,147.77,0.0,0.0
2025-06-14,fc9db1e4643f2af5ef9806934fd0ee54e6ca93877fa59ec8029118077419de29,in,bc1qadjs0lmdfjlc6glfv7syqdma6dc94seu7w96ky;bc1qs2ygj7fn3l2pp8yaxfs0vylpq4999u4e2y07mq,0.00025819,27.39,0.0,0.0
2025-06-15,0242832c3080ac1c415c7f02ed1dcddf0cfffff33135c9b0fd92db07a3ad1278,in,bc1q2detylrqdps4092mua7ks7g4shxju0yjk2hjrr,0.0002846,30.0,0.0,0.0
2025-06-15,065b2b75db2bc12853e91b40832d1592acf2017e422e1a1361bb311eefdf250f,in,bc1qwx7r7mdszle37hemr59pzlhky4khhzs60usnyc,0.00014837,15.64,0.0,0.0
2025-06-15,069d7f320dda8402d38a335d58e8dd9364a005f15ee621affaac6a588754020d,in,bc1qhcm8pd4tle02767cv20gf8fulc074dvnfwuuwv;bc1qrw6hcalf4arv8jdhnpawq5pzwlk2xct5xjmwg5,5.846e-05,6.16,0.0,0.0
2025-06-15,109cd28a96db4c4dcc1b17ae1d9e193d907e57f301e553c2a8acd22711e75617,in,bc1qfewcmhwt0n5nwcqzlsnsglld8cw9j3clw7vddj,0.00043706,46.07,0.0,0.0
2025-06-15,15ef7f47519165312f8b1aa7292ff4c6d88d91b5582f75848a5edad174765fe7,in,bc1q7g6kze5uk46ra9z2f3ad2aakrddlwcw8fw5laj;bc1qnazzvnkm2mdm0e3dt6z3sgtfcs8nfrvzx363w6,0.00013692,14.43,0.0,0.0
2025-06-15,2654a35f2f94931f3e09b735909ca073cda2475dff28d5e10804069a577d9ae7,in,bc1qm5qd7av9urtnfw7m4sgnnpsq7c5fpdfleke466;bc1qqqtu4g978rukgalsn586cddd2tjf59jfargqat,0.00042629,44.94,0.0,0.0
2025-06-15,26e98d25a36ab9500f814c5551d1f9f49bf0d6d75a6f6cea8af7e831fd9d8f76,in,bc1qhggc7d5sy4jpmpwjz75j2h70sruq5yl9slncuj,0.00033165,34.96,0.0,0.0
2025-06-15,276930bf3d34ca9588001b167a0d9e5d56d99c8807e18af3856a7cc2dbb5bf47,in,bc1q584pax46nnjgv5twnwnf8jm6rmhyzv6aak0ap2,0.00014195,14.96,0.0,0.0
2025-06-15,2817c712094b71ca2b790681bce411c3ce7801c783a6294aa1a4246653350dc6,in,bc1qdc2mmf3fqp4sr25vmgvd5c5xlzde0q9epyxz0h,0.00010149,10.7,0.0,0.0
2025-06-15,3a5edcb5a60443215c0b09c731e441d423652a31ca44181e7967de31e6b7accb,in,bc1q6uyk3qkjvsf6x29r7ymtpfcprm55cktsqdc4vf;bc1qfneupmvt04xaq2larlg2lwensk9fey3928vu6v,9.474e-05,9.99,0.0,0.0
2025-06-15,3b168d2fbd1494fc3809af3ffec6aef30be38419290af7c0a124dbf04a4b05a4,in,bc1qgdmwm3de0z236gdrxl9cfm0jw8x0pp8vc2ancm36x24lruxuj5eskufq26,0.00024053,25.36,0.0,0.0
2025-06-15,3c111756ac31066c9eedb3a476c526328e0f94d61dd156b9350825922b4459b7,in,bc1q0m0fayjhkgk7me8hnauqctnkwll26ju3m2e5hf;bc1qcudjak3sxjvq84c5dw7tvfc8j3cy9dwhvhtn5s,0.00035221,37.13,0.0,0.0
2025-06-15,49edab1ce7e744bd793aebad4294d88fe6463e6fd6161b627524cb2efd5e3a13,in,bc1q0j25jwqq0pr3m7x9pan3ekat2p78ua6ljk42ts;bc1qpxtqua9h4jg697ghm30f803sqc75xesfvpjsqg,0.00011095,11.7,0.0,0.0
2025-06-15,556b95ed73254a53ac46aeb51ac39bf391e723e499721a5e4040149004ec8e99,in,bc1qqf4ayn00k2yv3n6qazts6fv2aydn3dp7m2zqvl;bc1qqm03nkqhdwakaq9vazk5yxspq9akh000t6evqy;bc1qve8a5vu08z39qd2malftuhpcted4qdmdnlddms,0.0001495,15.76,0.0,0.0
2025-06-15,59fafd1a9ee040b3e2065dc77244365ad84add002fbdf72bcbc96d861b06f654,in,bc1qpspjg0pq79e5gjmmzxvmpvhpphm6evlkvfug93,0.00020615,21.73,0.0,0.0
2025-06-15,5a4916066d8abf5544953473222af5b8c2be40ad9e2d80254948da61a42dc0a7,in,bc1qheapgs6qy6hkslha8dal0zjhqvper0aj47vk9c,0.00015162,15.98,0.0,0.0
2025-06-15,73bfe071588319652dc4c997c2e7e5e63dc317c5c56979cafd2968c47805d4fb,in,bc1q27mw5eqpl3lgdk7g43javr74utg24fhz2vl0p6,0.00011079,11.68,0.0,0.0
2025-06-15,7727ef42e2bc3d4a175c97c67aec9b5934f588cf41746ee12b9f776c58f9cdbc,in,bc1q2xeevxa74gxdnx4220z098d227mjm9gl32c6av;bc1qp3rvkv0zw6zkuywqjzj85y6awzrallumxw8dkn,8.56e-05,9.02,0.0,0.0
2025-06-15,787e2016326289ea9899d036b03ea91ca130bebc4c76532d5a8924ef0409a02f,in,1EmicEG2CbBSYHG1jksfevW3hw1P6LNvD,0.00013255,13.97,0.0,0.0
2025-06-15,78e82ed1364aedd8d6ed669e4ed0dfd0862ed2e74e6d4d768823e5bf7310cba9,in,bc1qmge2k96r8wn932vsufqm6xxn37cfyvut2e8adn,0.00018052,19.03,0.0,0.0
2025-06-15,9fe3416ed0a4477af0e3f73f0764398b15af110bf92ae50be26d3f0001f0adc9,in,bc1q7hwlj0zztkdf7xj4mtsdcy65df2rfsvy3d9y5e;bc1qtedrkaw7y5d8p4q0zuz03u0p82w4nqrz62eqf4,0.00019287,20.33,0.0,0.0
2025-06-15,a60d87cf23728f716d38cc64a501fa076f41194aef4aa0ffc4c5e11f2e165f8c,in,bc1qd66zgf70lue8tqwl5e053xzuwuqz6s794nn6z3;bc1qkkujfm4vvuans7fhq07fgernkcf8t92atsrkct,0.00049539,52.22,0.0,0.0
2025-06-15,a9976b1a3d281438b0e032cebcaa7ad919a31938ecce776bdef2ce82fa5cb540,in,31xa8oJAzH5zJ8mhY7g7914QheoNQjXkNV;32eM6abYvgX9oTUbiz4Fi5RPENv1EKKSQ4;32nuX19Y3C69VcEynJjSH476yG8udv3b8v;35YShiriwbe4JCid1EmQKWinqkyL8XEkyU;36yfLZ4Rrt5CZ3TKQnKtA1DqsxbxtDT8QT;38Gq6BgEA7fUStdgug6aeJuavtECJg9uYa;38ez4FPFfDq1kYq8ZeiH36RoRLjXC3DiBB;39rJ9svafXLe4iniyGqAde8MRE9JgepQP3;3DPVmcSAY9k4jDHqUNiK4BYz9bTEhf6jAS;3DkCpBThknwzLjdmhUz6fgXYDgZzrM5qdF;3DvG3BgDzL4cx86enybHYzrEQxHjkyPvMh;3DvVRYzp4tXcKNjPi41z9qWgyqBjZfUnCY;3EBkab5nbzdC4qqviLYT3HxGLvcDystMxC;3EwYh4ZhgwXuLKhPF2MqkF71EepxAnJDgK;3EwvC6P84j,0.00177403,187.01,0.0,0.0
2025-06-15,b192f0760f36c8ac6f087d1668455f3b90b9c57ec60d571794273e434aa887f6,in,bc1qh96d5lumnun8gy5k2y7eqzsah7z42yr29zdh5a,0.0001468,15.47,0.0,0.0
2025-06-15,bcacf396ebdb4def3df2c40123e920315f5aecad74faad84557c51d7b640f566,in,bc1qvxlh6cte77e4t4tmkw07ehap9ex6gfvy5v0rdt,6.617e-05,6.98,0.0,0.0
2025-06-15,d63480cbbf34fe085d33b6d9f9e6db4a322390f4cd94dfefd6a7c251a06894bb,in,bc1q4hrqgnkeka6gavtapfz6m9uh0uewnxzsupdpaw,0.0002476,26.1,0.0,0.0
2025-06-15,e615086ac3fc31f102acb5bcca90ff19f4060ac640ae34e624aee27d51cfe48c,in,bc1p7mhecmm2cz08r00e6gdqqltquu57aag7yz3mh09s4k5lynznv7ys4drgxy;bc1p9v895t2xwf4j339jcjyej2kmvuvmj7r4gw93gcad356wzslvg7aqdrtlh5;bc1qpgrtjrhjv5dl4at34kpvjypve4mspwsqhw8tdclu9yfkjzsu9ydsq547te,0.00018913,19.94,0.0,0.0
2025-06-15,e6d55e191263a201f0cf2bfb862a84156a4232b88ae1a089018a1ccda48229ba,in,bc1qhgs7rn4569f9wzywynx2525xy5x9paum5e4a0eruef0hxhmvhqxqe9s2qp;bc1qj7zfafkmjvznvarqjxxeg6ujcyqsrdsfz3t0xmrkr7ksc0xvx56q0jpvjf;bc1qx420l9cwj74q08dv88vxdrrk3930kw5pac3z823v855c8vxurflq2tjwtm;bc1qxewh6zekj58a4yjrtwzejuwpflh3wa4t84y4r5lqgxvc8xde0feqf8zs8f,0.00047138,49.69,0.0,0.0
2025-06-15,eb39d303c65d47ed54fd75f0bc85f2ccd0b50ca0f3fe30e97b8b04dafe9fe494,in,bc1qm34lsc65zpw79lxes69zkqmk6ee3ewf0j77s3h,0.00026218,27.64,0.0,0.0
2025-06-15,fc4942abdd6eafebd882989eb45b356b6d97e05c60fb996fe0c49c014829bf70,in,bc1q3htutfcqs3fauxj7wudkfv9n3rywj8h39gqyhs,0.00015773,16.63,0.0,0.0
2025-06-15,fc7505ad802b9190dbe404df42e99387e458cd3344bb2bd5fabce691da2fedb6,in,bc1qtd64634lkpxgl3cuhmh2pxzy2lfy3c2z3k75g5,0.00029188,30.77,0.0,0.0
2025-06-16,07802de8e4efb730cf6936a10ccc1d6702de5aa39eed4cc07d499063d6362837,in,bc1qv6lxkl7935y7x7xc0h384x58x6u9jlll8279yy,8.253e-05,8.71,0.0,0.0
2025-06-16,0bf185636f279ca9490df7f104828e4a636e7c07ca9a1d744bc3af7aadce89c0,in,bc1qxmchu98c9t2x9ydhgk65ey4auvx9fxeflqsna0,9.207e-05,9.72,0.0,0.0
2025-06-16,0c1de071a5180df62dd859aa6f3f1be381e3085d2a7ad289e9c6faf1f01cc215,in,bc1qg5vwslr0cp27gagsygtexjmz2p2jml8904x6ck,0.00029657,31.32,0.0,0.0
2025-06-16,108d534026dd1c377e1c790ba34d1ba86a5fefe77d4c36b3bbe9a5a6ce84bcdd,in,bc1qxx6juwhjpz3a2auxrdkkhhdtrk68zf5zymfv30,0.00018962,20.02,0.0,0.0
2025-06-16,114b82b9aae1888f30dc14afec110023accfafaf7ec2b69e86c7098dcd3a87b2,in,bc1qlhdzmpvywdw5xy5r8mxn70jkwl498h90pvax03;bc1qm3nxw4rl0mlhdcegcafpagpmwx624gncejg04p,9.372e-05,9.9,0.0,0.0
2025-06-16,12013b0dd14fa7587c8d642fb2e41dd2cb0c9eabdbf9acb8efd97f9efdfa190d,in,bc1qjqs922vsnhs0msnxcy0u0hp87sjdjz6m09e7r5;bc1qq8knnm5dm09w85ks2fqckr80az4ha3phm46flu,5.564e-05,5.88,0.0,0.0
2025-06-16,138de5075c95504e1e0c934a33a30b1a8dda6be1b9ef288aa9cdf235ee31ea12,in,bc1q3ujkwesn9rhk3z4dj56xfl07qtnhnry35ljrlf;bc1qncw7jlu9gfgmkftfpf2m292yzhkf84yvunrkw4,9.904e-05,10.46,0.0,0.0
2025-06-16,17b7fa93f8ca4903ee105dc88d8d9b3e5b5ca3234869d9cf8943851e3255d953,in,bc1qpxw00j3m5edflclg0zwhd7hg434qe56f5e54w6,0.00018735,19.78,0.0,0.0
2025-06-16,1a3c45e75a393e397f6bbaa8f4ccdc74b6fb277b3088d6959e4a679eb476f9b1,in,16KJ9Ti4qQnic7B93FvpsrZC5o6kiwdqUc,9.2e-06,0.97,0.0,0.0
2025-06-16,1b558cb982a3ad42313cd9484647ff02dc7fd42c33f9e63f6b72f072ecbceacc,in,bc1q7pz5vlwmeneczvhvwnsefttn9u6aq3sqzwhwvy,8.404e-05,8.87,0.0,0.0
2025-06-16,1c70f79098ae7ad817505a35c4702866a46cf88e99694255c86e49766347d9b0,in,bc1q9w94gx4rhg54c3gx809t7n8ck2sxyaahwecw6q;bc1qauqa22pkuxm3nwy8590vgs9jughgqmharlsktp,0.00100578,106.2,0.0,0.0
2025-06-16,21d03374959d1698bfbc1b9e4698eee9c03ca033728f1cd419f6e33f5b31ddab,in,bc1qcy87kwf238cte5dckq4pqn8msy03wcy650yup0,0.0004689,49.51,0.0,0.0
2025-06-16,21f85f8383cb3e2bb667eba0fe911e002fa5f249d4f452a4ae86ac554f1b9956,in,bc1q8graxf5fz6qt3hjznpqf7qzcm05cax7em69cm7;bc1qprp0e4luhvue7jxz4ml7xfvuq4sck4af5uv4fp;bc1qul583vfpa46pcfwtvd8tmy6ue53c2nez3wxj5v,0.00033485,35.36,0.0,0.0
2025-06-16,2326a40d3bf07bbb4360aeee174d547ac5dffdeb0fb0411116ac2a891edb33ae,in,bc1qm34lsc65zpw79lxes69zkqmk6ee3ewf0j77s3h,0.00044624,47.12,0.0,0.0
2025-06-16,25ca9dff5cf0c4aa89c3839ca1e7ce5a1ffcd044ef95fe530e6b23f937d6b0c7,in,bc1qaltv92je9sj6u8x59cshjpcuaj67y34mzt0ura,0.0007367,77.79,0.0,0.0
2025-06-16,25f3e12bda619899be9f5bd45c5c6f197c7da2e1f8735ff029cdadef992e4bbe,in,bc1qhr7hse84a5w95dynuftzdyj6y6c4he3prtc796;bc1qy7ce0dhcuxggxu4numne6ay8dgdaql5724kchl,5.591e-05,5.9,0.0,0.0
2025-06-16,2a9147c458dd3efc45c831fe23e3a720a82c3bc0e5cead3dfe58f25be966f5cf,in,1GrNVxXazvL2TdaN5EJ8aEaohzqjQnGr83,0.00041236,43.54,0.0,0.0
2025-06-16,32dc4fd1bcb3a65f32b31f136b9ea0b9d569ca8c1d2e48837be50950baab4b88,in,bc1q0z9h83v0k2epxq908z0rt7xrd6x06fg4gser7d,0.00012824,13.54,0.0,0.0
2025-06-16,3b57f7fea1d7243d0cbbfeba46cb2408345d2d95b9225b2951f7ffad4e845203,in,bc1qhnl4szxj9z2kxuv3hflnsm7wffp7nfgwwucf4p;bc1qqd6g8t3k7mc0zgtas0frtccgs46y672fsf4e6x,0.00023106,24.4,0.0,0.0
2025-06-16,3dca82c37665abdb017b6258471d3f3df7da3ddc5fe5a431e56c0a9eed9ff4af,in,1AcZXnuVDkdrXYV54sqWpcUFrRpLUJiEMY,9.2e-06,0.97,0.0,0.0
2025-06-16,48f125d8f6841c327f33c4838f3b223f4bbbc426861995bdc385f3e8fc9dccdb,in,bc1qpca3jtcwys28jk25keq8ftp7gqlzf4rmat7vhy,0.00012251,12.94,0.0,0.0
2025-06-16,5fce82fbcf66c38779ec7acc61ba5de7642d7885ff1fbf96ca26ad66e0e82831,in,bc1qvn5xxhhc5g90l97q9x0rfshruqv566w7d75px9,7.851e-05,8.29,0.0,0.0
2025-06-16,606ae54e0cf7d1cecc84c91118b461f7843448a48eb8aec111a1a160c1086235,in,bc1qm34lsc65zpw79lxes69zkqmk6ee3ewf0j77s3h,0.00033962,35.86,0.0,0.0
2025-06-16,68c8aa7bd8314ab38c1459c2201bfe224e908caa83b5fa45d411b5fe758fdb1b,in,bc1q0jl8k00sdgakfwjpyhudtprzz6hmy5ct9gzau3;bc1qhs7atzpa9d3z3dx7hqf537cw4fhppjsw07t58v,0.00022922,24.2,0.0,0.0
2025-06-16,6decc18d5b5cc6f2efc4a06c84c082dc2a8519e7c62858d4283a9eaeff472dcf,in,bc1qc5063sxx8gr6v9khw4ufrf4jgckyx7u0f9kk8d;bc1qmfcqxxrxntfnw85calxs33cf2yrveys8uvfryl,0.00037854,39.97,0.0,0.0
2025-06-16,6f4331615b565bd0867e5deb3153cf8384858f6545c7cf66bca26c5d93ad5740,in,bc1qp6afewq9874wfnj232uzqamszjps0fp26qwvl8,0.00023096,24.39,0.0,0.0
2025-06-16,794b3ed727fe5713e8997450f49381a4cf7b61c1b5eb856ac0c756d1c4cb0227,in,bc1qlxkavcav7g0cquj9wrdtruw8wwl2jlaccmj4cy,9.319e-05,9.84,0.0,0.0
2025-06-16,79a75c2cd24187a9e1054a0f2037aad547db52c7efde599113c3017ea9715604,in,bc1qlvumh6hj45avsmsyykad3m258yvvggwnmr4gdy,0.00010128,10.69,0.0,0.0
2025-06-16,86323aa214b6b524d0403682b4d8f12a429f82dc01731dba9046aeed8e157d99,in,1BTt3kSq3NwXRhycPNmG2rMTR2Rxb9WpkJ,0.00309106,326.4,0.0,0.0
2025-06-16,8ec7e254eb56f71e8016711b5e86121100c9e875319dd053f31423f052e5be52,in,1tnwc7vzYY6ZivFa7fCbnzUm9FAzQjrqZ,9.2e-06,0.97,0.0,0.0
2025-06-16,946b93ea19370e45fbb4cbf806a41980fd31355a7517d0d9447b4271ac5d7743,in,bc1q6xdsv37wtwwyn420lnacdnv2fuzeqd8h706jft,0.00023175,24.47,0.0,0.0
2025-06-16,95bc703abb87e37dbbdb6d9aa9934a289c917656d43168dff896be4a9b505dd1,out,bc1qmtw6euj5p67u2q6t2z0srcf6vppquke9e0kht5,0.01181976,1248.1,0.00010738,11.34
2025-06-16,98164216d1d4740e671888797dc6d0632618c54f61d6c5311d565ad836d666c2,in,1Nnz4H99Toqb1BDj5xMkXB9m5herumjx62,9.2e-06,0.97,0.0,0.0
2025-06-16,9f627b918bcabf664d509a411493d949e088deb27428ea96965b1bec57533daf,in,bc1qf9hrfcz25q4we0naufrzamdxddqtkapvk0nhpe,0.00075,79.2,0.0,0.0
2025-06-16,a145c3d05a6c45c38b6dd0124747701f13e4c6838689438f46a9efbd598a80e9,out,bc1qsuzhzpx2r3mn8ejdr62z75l7hq926k7fwt7anh,0.01123525,1186.38,0.0001133,11.96
2025-06-16,b24633d033225c69a2aed0c073ac1ced91e63064a42104341b246d25e5ddb94e,in,bc1ql3ts388enztla90pfhv7lgvyrxg3kh058v7yuu,0.00036835,38.9,0.0,0.0
2025-06-16,b5fe7a03ada33248b0bf91ede7d1ba1519759c125d428f6787cbd8130287dd9e,in,bc1qjkpcsgku4tehqxrqk8sxl225wkkrvaed2ucwl9;bc1qtepka6eqrks6lywk3mkue5hulcgapa80dqsv9c,9.779e-05,10.33,0.0,0.0
2025-06-16,bb2c394a7d3ad4cad292bc1eff0144f0f74fe75f6e3e83e3bc9dd166c195767e,in,bc1qn0jh7fxpuagp4tngwxyue72hhspjsr5d2p2sk6,0.00027823,29.38,0.0,0.0
2025-06-16,be20349b9c383fe4e7011080b816ef098ba9d1b548e55b8178ce2eb5d3af5df7,in,1MCAUHsWKXzG2fhoqdctYrKRhFyLsaE9Y3,9.2e-06,0.97,0.0,0.0
2025-06-16,c29b21a96d1df2cb0f32770fbd129431d000c41b2ef5925b9a5c3ed77a0ce0e7,in,bc1q6wh3ys96khc8d2dwad8jfc057cnx2ed4rrw92r;bc1q7yxurgpkzasml9mhgxqyl3pktwcuwyegfne24l,0.00014839,15.67,0.0,0.0
2025-06-16,c666fb58d3456c3c7a504fee7231c899e53f33faeb67974c90c9a6bfea4885ec,in,bc1qm34lsc65zpw79lxes69zkqmk6ee3ewf0j77s3h,0.00024348,25.71,0.0,0.0
2025-06-16,cdf9f8613d9778582f4093b24e7c08a6433714a4dc0733f0f2f3d08af3cf274e,in,bc1qanh7gpxps9c8kvvklzq9t3mfgulm6qsl45xyn9,0.00012716,13.43,0.0,0.0
2025-06-16,d37be321e1575bd69d956930e1c50fd4a5b7812fdc85e21d0693fd0749d2661b,in,bc1q00e8sntg03q8v7uwzqh5u3a76n8p9ugl9mfews;bc1q50nxj2t5unhwueazjunfsjvtvhkaexzlm2w9ly,0.00039602,41.82,0.0,0.0
2025-06-16,dd5fce7e490348e216c7357ab89b4055d554239cc4417d180afe622746bfeeb7,in,1ELSorw6ABdzqC4FnX25VDi2Tmg7KP59oQ,9.2e-06,0.97,0.0,0.0
2025-06-16,f178f2faba057bcab0d628e7027659eb5ff9ecf3bba2ede03040b28e49e4e5f5,in,bc1q0wu0tqp2u3rtunjl0h0rsl9pvf86acy6sep63st0lp7lgg67ykzqeq89pn,0.00020066,21.19,0.0,0.0
2025-06-16,f8dbec3ee82c89331513d3817057dc061b8b633be7be03ffaa682d37397e1c3e,in,bc1q43xz3mg90d90xtfzjxzma45qk6smy3pgkh4vf6;bc1q8e4pdh70y67f7hhfv85rwgj3s7w98j0dzq6ezc;bc1qpch2jts5rrn2d6rm9wuaz769ydw7s3wtkjhecn,9.003e-05,9.51,0.0,0.0
2025-06-16,fb304748f75080973521810effed0cd1380f2fb190986ab960c152ee24cad04b,in,1EjcwMaQ6rZwZVPbu9EzsydvnRBqgmKnjY,9.2e-06,0.97,0.0,0.0
2025-06-17,0069666b42b75118f089942380b87f781a3afa5b2130e82a588c99d9605dd251,in,bc1qeqdcve4pvpg0ekv3ygsahjnw4rkxf323mx3mt8;bc1qhnxg6z6ulf0lcg6edq6x3yewhydg2eg2j3nv59;bc1qyvek80kl8wvl6yjyp9sj0y8m3ppn54j9g4a02s,0.00031547,33.69,0.0,0.0
2025-06-17,00a0ae5c945380bd9b2b53ca61efb11e7edb57dcac7eb8eb7325995e59c33ce0,in,bc1qrxlgmsjdrjs8dxzreq5cma8y69g84fhydyyqzf,0.000123,13.14,0.0,0.0
2025-06-17,013f53f3f092c62c6bcf87b271d23070339862af2d6b9b41dfc6a6968d26eed9,in,bc1qf43tdrym26qlz8rg06f88wg35n27uhcf29zs4f,0.00011212,11.97,0.0,0.0
2025-06-17,01e4ed92c14c53a4b717d4ba93aa57dba7420275d82ce802b02c5f76d7391c2c,in,bc1quddstpayahy6zmupjl67uh2xk4j99k8pylgdxy,5.457e-05,5.83,0.0,0.0
2025-06-17,05cd3772f6f1feb217ca1ed63fb79cd554c8f3539ec6e8b72723b4aefbd76a0f,in,bc1qkgapy8g5rs9y9u5yarnp45c7k74f03c7am76nn8c04mhql66d76qdptf7j,0.00153009,163.41,0.0,0.0
2025-06-17,122fd35d319e1d126d69ade0fd0c112dcaeba8c9634382243d3405a673f3cd32,in,bc1qvcj2mzqkjdhgqdmndr56y58p82rsna0dek0yr8,0.00011627,12.42,0.0,0.0
2025-06-17,161b35ccbd3e5559fd7719778be0a45fc33d49db7fee21e13efeeda155efa47c,in,bc1py8rdy2tyl87evjyvh8pxudfk3xmcdwu2z04ps827wdgteqjynwkslef97s,4.875e-05,5.21,0.0,0.0
2025-06-17,1705b4dac13c37c4dcae04e2dc16a8376424b8248801cf23d97873b8f25879f3,in,bc1q29y0tekl0w2j9uap9nrevcs3679x6js5uhaar3,0.00014717,15.72,0.0,0.0
2025-06-17,1a59f63bcf36dc2441e6573e6907a45d3a0dfb9b705602146e0a04913d0d2f95,in,bc1qdkczfdd5phmz2jnxzmv8v76s4g6zmh0vw923fk;bc1qdu354684cuphva5vc3da0u77je32z3kn3gxu7m,0.00019811,21.16,0.0,0.0
2025-06-17,20795d2f463f535999879a02335f5d4848d8abe45eeec3a4bc4217ceea7a42d4,in,bc1qf42vd5rpy7kvhfsnag5ls3ktu2e2r2jxj468m0,0.00024841,26.53,0.0,0.0
2025-06-17,2ed6617b3ed71761fbd5d41659b88b1bfd2168dab3993bdc78a6736ecd51c6fb,in,1FWQiwK27EnGXb6BiBMRLJvunJQZZPMcGd,0.00046368,49.52,0.0,0.0
2025-06-17,308050478c4fd4be012bf67092473e2ae2cde9f71da3f8801fcc2373339634a7,in,1CprTvB59aRxrrWz6XofoN3zBffrJHdGYi;1GrNVxXazvL2TdaN5EJ8aEaohzqjQnGr83;1PZerDKDTWWcy58Qt5GM7gw9Fb9iRUqkHF,0.00063472,67.78,0.0,0.0
2025-06-17,47f4d9925da7ee38e5d4fd09b952900eacaadd6a9ce64988ae63583e866fa846,in,bc1p0egz25pmfxfd2jrlcmleas9lyn4zp59e2ajkfn6vf9d8xvgx6whqekka2m;bc1p8a0xgrrghj50awdrg90z9lhh4r2txds6h5978mkxqts36aq0mf5s4lmjn7;bc1pfjj2ra0w5nyejr8z0750mz22yjhs8f4k26mdtyaafkpsmhg55fyq3tgwky;bc1pp4j2l7x6y62rdy50vfpnhefq53mufclcy652h75a4lwav3l0jvmq0u35xw;bc1qwv77ecz6cxr2g88n4rjqwsspl6xgwsu5fv09pnrzfxdrqvk56k8qrn603c,0.00078016,83.32,0.0,0.0
2025-06-17,4a8a0f5e4393540ca8e53c2a6d43098ef376e3d90b663eee130382f73b1fdbbc,in,bc1qv3t0j4fr9xrduvuh8e9z9wcjc4ut5hxfvhfz9t,0.00025216,26.93,0.0,0.0
2025-06-17,4b623ee02acd67b8678918719803e2c8d52e503036747c46c8ddbef407d00a4c,in,bc1q8hmhxds3l8t4x3jq575pk3jza78edlqup62mcx,0.00089032,95.08,0.0,0.0
2025-06-17,564a9f744c2592d2fb4d6df518c3d2600328918245937ee1d27f046c0547cf32,in,bc1q6ha63qe4j79d9s2xgx0dncc8wseadtxerlvhpz;bc1qqh0nngh9rk9fcyyn75t2qtpyv0thk9fz2p5mp2,9.355e-05,9.99,0.0,0.0
2025-06-17,57b20a34a739a3192bb5d1fb5e8ca7a47e8e37d39fc85a052ed20a73d9f1efd1,in,bc1pk36zq4h0nw3xr87s0p506mumsjhhyppsvvglzjynu0ts8dtzetgq82m99w,3.514e-05,3.75,0.0,0.0
2025-06-17,5c429e855c4f182f8449316defa514226fb48c7cc86c2b151ea1c50e21331e78,in,bc1qvhd2yyxmqqvlllljsvrvgj70af9ja9pjjyscls,0.00013734,14.67,0.0,0.0
2025-06-17,66c7e9ef29212301a5eae5e422f7b18c4819ba17b2aa5be7fa3f7487303906e5,in,bc1qu9q2m7qjtcmql9ey964g0xq23m56v822kx2cys,0.00047766,51.01,0.0,0.0
2025-06-17,693372d081f13816d8fc360e3caa3bcd261e4cfe7ad857d51c07935707c24b54,in,bc1qdqxgfzvajjgrg4wjx027y5p8fc7enu7l7eu8lv;bc1qpy4yml8yr5alwp9phkhaycn9afkm00cqz98m7c,0.00011496,12.28,0.0,0.0
2025-06-17,6ac67a0487a480fefe998ad7b2aa35ed131a85bfc134df8e7de465a329d14abe,in,bc1q43eg7w945dvmfwqj9jkaay5e7kf2emuywfdg9h;bc1qzdnj3cnrx02y8shrr5zgl9jtedw9g309wnmtgu,6.752e-05,7.21,0.0,0.0
2025-06-17,6ad5e7f13e8479497973802ee4830ef64e1f8fcbb7d1ed4640dd88f340dbedd0,in,bc1qctpdpwucptjkdlamjmgzyltlvlzqz2lt7txfrj,6.971e-05,7.44,0.0,0.0
2025-06-17,706ff2ad44ba430de23ba40b6a57293bff4c6a962fa22606090fdd9faf1f0246,in,bc1qm34lsc65zpw79lxes69zkqmk6ee3ewf0j77s3h,0.00022974,24.53,0.0,0.0
2025-06-17,81d093e06a29d82dc542aca48c32be88aa55c4a13d6897193ebb96b4bc766050,in,bc1qpcyf5rusf3zc5j42sk60pqrrdpr355yr4f8m7d,0.0001295,13.83,0.0,0.0
2025-06-17,82f2836f6974fe03c795196298cb26e62ffcb9c60321210efa4442ee466865fa,in,bc1qpvuq4zcfy2svdvhfy9j7dds8jksp3s0pmtn6lu9flsgkz6gql9cqadzf93,0.00022065,23.56,0.0,0.0
2025-06-17,88cfbe04e097e5feefd4de3b51fa03e0db9245458cb2c175b2be6c6fdfe80672,in,bc1qnsuaq880j35tprksuqkuf6l6e53upnsclsqh9l;bc1qzw77rg9k90yzwd8jykc3ldwvqx55sv76stdduw,0.00025164,26.87,0.0,0.0
2025-06-17,88e95edd9edcd15ca08c9132cf478429a411eeb6d4e9013634f0de383db076d2,in,bc1qhsd5r9g79mmdgwf4quahzw00m2ne4v6pfnxj5f,0.00014886,15.9,0.0,0.0
2025-06-17,8b02173378269c40c57682cf69d6e170fd325a4acab64de03748efb7a737453d,in,bc1q76wdpr76r5ypj3jmqv6ryhlzrlw5cevtgu27w6,0.00094669,101.1,0.0,0.0
2025-06-17,8de9f6fe09dbf9afde5fbf5f19093c2a81f397c3999b5fb8f44da2c72b84e868,in,bc1qaugm08fakzpzsgt55jrkwes20vc5vunuma5xle;bc1qw76q90hn3xk7qn8cu94avwd7znr7f3sh9rc3c6,0.00015008,16.03,0.0,0.0
2025-06-17,8fc4858b4151cf13e8a7ccad7f9c66aefe0cce297943fe6154513046afeccce8,in,bc1qm34lsc65zpw79lxes69zkqmk6ee3ewf0j77s3h,0.00396,422.91,0.0,0.0
2025-06-17,90afe051de342ba3da5693d4a9cdec6e96a1be76f3ecd4442f241f1082677890,in,bc1qv3xz2tpl9lj8m6fny02r5gpdcpr9mlm8tda2ea,0.00015521,16.58,0.0,0.0
2025-06-17,956c1ab17af39fda173690a2c2762f6aa088dbbebe16be0c5589d71c8b90527c,in,bc1qjrnrun4axlmxwzft0nshe4et43hq0u9hpfxpu0,0.00021718,23.19,0.0,0.0
2025-06-17,9dbe49907735c8b669f73abe2e9d80d69bc1bbd598f1b1f90d73de721e005bed,in,1EmicEG2CbBSYHG1jksfevW3hw1P6LNvD,0.00039991,42.71,0.0,0.0
2025-06-17,a34d30544ab2856d5f2a791e96e7849f85c94465fa45b0a1d821bff81e395c23,in,bc1qp9lvpkfc436qhj7gevwvkk3nlw9twkgdcgds2m,0.00037644,40.2,0.0,0.0
2025-06-17,a72fee96c3423042992ae5d6841c1661a5871ece38316202cc1e487519e10c6d,in,bc1qtz9an2gn0y4kadempv250zdtyplftaplw6qzxm,0.00022116,23.62,0.0,0.0
2025-06-17,b1022297f778ff8750d8a01cf32894632686a28c20353c82ff9fdf50053e54dd,in,bc1qamm8pu0k9mf2cjsl48qdfaqaht5j59vlee2njq,9.325e-05,9.96,0.0,0.0
2025-06-17,c36bc6cdb8c14218420f80efbacbe226f2a62307c8bac1210e6cdc206bcaf3bc,in,bc1qznssj28jk8tgnd5qn5msp7wzy0gqvt470vyjwr,0.00015541,16.6,0.0,0.0
2025-06-17,c7271e880e267739a2cf003431bf2d6b423338e881ac927185daeceda933c687,in,bc1qewe2sw2m2mcfw0amwhtw464wlprr0hfh89sjaa;bc1qyh0ext3frgxrj9zw6mhl0ukrch26xdqm2mlydt,0.00023974,25.6,0.0,0.0
2025-06-17,c9b34bc868bff775cb501b0c519a466d158066c1ed82ff929581762de7c05dc0,in,bc1ql7w2ax0jsr3ley35eumgyv2mq7k0zaq6w03qxf,0.00028874,30.84,0.0,0.0
2025-06-17,ced54fdba5cb47eb0c25be6dbd3deb8390cf8a93cd4e70bbcbbd4e76a99561a1,in,bc1pem3esmmpaa7y3h06ecq6d3sx5dtqfw9ahdlw70rf6fykhwss27gqaeqzs3,0.00028764,30.72,0.0,0.0
2025-06-17,dfce6fb2a71ab2366fb18607492367015310e439a9cecb81120bbcdd67fd0cd6,in,bc1qm34lsc65zpw79lxes69zkqmk6ee3ewf0j77s3h,0.00020483,21.87,0.0,0.0
2025-06-17,e36b17e7cd73fba09b14c29d023de1182a71154560359bcdc78e6e66ee36defe,in,3L3fntKkPewFaFeRqhMnXejM8x7gB9RfjD,0.00176336,188.32,0.0,0.0
2025-06-17,e4ea385c429de60181c06a8442241eec9b52ce804d0056bdffa23d88e700f78c,in,bc1q9rtyhknceu05v6adewn4j425ctksjwx705pzjr,8.982e-05,9.59,0.0,0.0
2025-06-17,edcc672e53dfd40634fee9717c468f8198212619e7c292dd79a759090eafdad8,in,bc1q7vjamel47at6lpz2lv8zdxxkv9e05qvq9m7m8f,0.0004309,46.02,0.0,0.0
2025-06-17,f1e1f329e5e6a98a8bb4317f374221ebe9fe3940ad2c3a5b90fc042dccf0e3da,in,bc1qm34lsc65zpw79lxes69zkqmk6ee3ewf0j77s3h,0.00091825,98.06,0.0,0.0
2025-06-17,f363b301a58127beb0c26bdcec8351811fca786bcf4ae999523a24f3282cacd5,in,bc1q4llx0h2m4sydg34tcz6xg6q946gd4qwlfnfytc,0.00036464,38.94,0.0,0.0
2025-06-17,f3e9f982ee74ebfe0b6b374e261f95a02cef0449f06eb085ff1d6f1761b8b5ee,in,bc1q0uxv2snlkfdt4jdse50t4gqa5ey3u9k7ec9dte,0.00043503,46.46,0.0,0.0
2025-06-17,fa07f463157e13bcf32f6b095c0583aede93a84bbb0d3379f59ee1ba89ae40de,in,bc1q6edeehd44facg4vjkgrzgvp4aqmwewj02erf7k;bc1q8lldmg2rzdn372tad9sxjd9qgzsrv6j5hnhrjm,0.00011715,12.51,0.0,0.0
2025-06-18,08c97cb8b46fa03e1052756cae4fdc23a6a6340d0dbe52d0d42b8a75ab3f221c,in,bc1qamgjuxaywqls56h7rg7afga3m6rgqwfkew688k,0.00018934,19.8,0.0,0.0
2025-06-18,0f3838fa7dde20e3bc68ced0af6e8402be63c4888f35dbdbfd6cfba969025281,in,bc1q9qqvuq85m5ejsmavvtdusv3hktcmmhqq0skk74;bc1qf0fhypxkrlrm2pk8adx5t7vxgnaem2zp0x8u2f;bc1qz2naeqysc8jtcxfuah3m6jrp5a338949gk9n9s,0.00010204,10.67,0.0,0.0
2025-06-18,1101e87a0ceb427ce131e374893da41e8f903d777242c79ac742031e3fa370e9,in,bc1q5qsqnvlzf9xfehan8h6t08xay3syg2p42e6vrs;bc1qg5xswe7h0k9pe42g9uhqvhpfwyeyjfsmkkcn36;bc1qmhxuanumh5qy96sfsrh2rzl6t0amawkvzc6aez;bc1qpldcvp898jxq2fq4ayupqlpgaqjjus6at0y0fk,0.00014989,15.67,0.0,0.0
2025-06-18,1498e43f864d8f1f0312a61f707368e88090e868bb8a109889060256a199641e,in,bc1q66m9lk6wc8070dhymthsztkmy0lx78ra9shrc9,0.00042937,44.89,0.0,0.0
2025-06-18,15391322d0757f5c4a6d5e6ab19123aff75eed32aed608c7b127f0dd68d65054,in,bc1qrtg9d7f8znt43r9qc9nd0vg6l0xqzw66ykk8y2,0.00066548,69.58,0.0,0.0
2025-06-18,164639e65b8f59198c169bc5b3f587c97ee55940968583852ca211a8acc0691a,in,bc1qp6z5tzd9hp4qhzll3r6jd0m7ccl239kyz9tdfh,0.00025683,26.85,0.0,0.0
2025-06-18,1deb63132e5887d495e913741bde1dc71889538486b8f819de1b69f63e88502b,in,bc1q8q6dfv2qzrlwgwmdjtaq637y20ta55j3a2m7cr;bc1qksqzqfcwteefpvs8sm059fklmxka3t7mukqxuc;bc1qukv35nk5w3pchcldelt8yc3vsucq5kfxl4smsn,0.00033427,34.95,0.0,0.0
2025-06-18,20f4c1b6351217c901432b0522e7dd77a153faa6b096a804fec0138fae4c3490,in,bc1qm34lsc65zpw79lxes69zkqmk6ee3ewf0j77s3h,0.00017,17.77,0.0,0.0
2025-06-18,31b7820704f52a14bae00490435d0fb428cb0005d2a2a3fa3e273053d063a9c2,in,bc1q03fusx3sqwar6wdex0xc5q3kvhu7wuhsryjgf3,6.903e-05,7.22,0.0,0.0
2025-06-18,3bc50e6f29593c4360a852840acf44d68b7f32bd933a73aec9ba798dcdc52736,in,bc1qpu0h7gl5h36jjfj7e0jnmqs3hdfqve8m6wc00f,0.00010895,11.39,0.0,0.0
2025-06-18,3bfec7b1500f7daa581b792663ab563714a2d07df6f0fd7f739ae43760ee28f7,in,bc1qxjurh7agsaxqu9p6leq35szk0t26q5q5pqmzzj,6.205e-05,6.49,0.0,0.0
2025-06-18,3f3aeb88698cb6f1bdc0cc19094676c3931ce06144173e24bc4be5464596f211,in,1H4aLoiBycJumg7eTNiUaUeVMhQy2hFXs,0.00012468,13.04,0.0,0.0
2025-06-18,40761262de4a561f5dc6d06b3fd525fc9bebc9817818919466cb85fe5ecaae17,in,bc1qxd5a2kfyu27uthrfwldk0rne9fc9fkpm3unysn,0.00219936,229.95,0.0,0.0
2025-06-18,409264bcf1e7d066000ed16a81ec620b6c68c811653736b7f6dc6ae119769bf4,in,bc1qnkaj754hyvygt89k2mk8pw3em9sljle84grmzg;bc1qrv7ahmwl9r6nn6sc978pa3wgmkfj8xpqurp6mx,0.00011808,12.35,0.0,0.0
2025-06-18,466c2893e4dbba3ccd5a95664367294b7aac758bc25b82f65fae5641dc7f7666,in,bc1qamgjuxaywqls56h7rg7afga3m6rgqwfkew688k,0.00016009,16.74,0.0,0.0
2025-06-18,4bd7fc6545f1da9f4bd4f0afc3fe8153d28275fd9697250bb77ff6e06e5c8682,in,bc1qkcq2pq3h7gr3zt5n4mdhez7azh8hnrqrczf3n35frzx3c2ajllxskggjr2,0.00077101,80.61,0.0,0.0
2025-06-18,57612e8873016f6b3d44de6b831bf4c4d97d8ad957c23c27823f95b3c8f1326b,in,bc1q7h452uccqpnzlz5srws64gkgpzmp308hngyd5v;bc1qd2kgpefm9le688na5deknt2cj3x2h9rc4jp7cs,0.00051702,54.06,0.0,0.0
2025-06-18,6551f08f2ce115138f34c35bb709b7046cdd9446b44d2bac0cb07407b150429b,in,bc1qgewzq6220h82s0nx443cte8n6x09skcp0narxf,0.00017807,18.62,0.0,0.0
2025-06-18,676769ffd0d000295d303d77f9f57489117651f3f600dc52f5a731b012de7f6f,in,34Bwa14UeqD2YLFbiUL8bnFqc3WVPCwvAR,0.00014398,15.05,0.0,0.0
2025-06-18,6aa5836f717f8aa87557dac554a5faa71f44c9e97b0948df3b544cde12330e32,in,bc1q2v5fw57j0kx7gkrdckgkrcpf55fk0rss239lj3,0.0005474,57.23,0.0,0.0
2025-06-18,6ae2b0840f6b6ef1a807e5bd90c44f0ecec4f8a5efbed7a7104abcf4c8d7fcbd,in,bc1qpzrzse4x8ev24733329nrr574ch22hqh6nnpve;bc1qrls4glhafhnl6rlgrfqeg0q9g2yedwjxwqwppc,5.776e-05,6.04,0.0,0.0
2025-06-18,6ba806d473300e2980a5d3e6e1217e944d99a896701b9ea46680eab4b38ff56b,in,bc1qkdctlvyykparp797j58nee49zqw3c3mxhsdpnq,0.00070996,74.23,0.0,0.0
2025-06-18,717e0ca7a5a094abc58e22f35666c45cba654da8036d18b798a442d1e9da4b65,in,3J22c5ZhVNz6zmRHjAiKx9SrfibCwXnDg8,0.00095307,99.64,0.0,0.0
2025-06-18,762b15bb439e13b12530b3ad091e5046ba35301d65fac1b6dd000a5a2d514777,in,bc1q7vjamel47at6lpz2lv8zdxxkv9e05qvq9m7m8f,0.00042214,44.14,0.0,0.0
2025-06-18,7b4a22e0c2fe48e7dce4966c9549cd4a380d12ae57f8bbfc3e0b5b20c8c2e302,in,bc1qyl448k3zd75gmnwgynaurdvnwd5kh3j3z4lrtkl0ekw5grpt98hqe5r2n8,0.00043619,45.6,0.0,0.0
2025-06-18,7fba2403293e4562281447cae7f2ce0e40f3feed5bd7d9382295523247a823c0,in,bc1q8053fxya2a6t30ftsgssa0h9wdgyr9tfmel2dj,0.00053199,55.62,0.0,0.0
2025-06-18,83ce7f605c1209dd31491cddeff9f6f46e2ee8cbccd18761a5d445fb7c866aee,in,bc1qy8w2k9w6jg8gvacqyd43zazju25g5w87f26nmt,0.00047665,49.83,0.0,0.0
2025-06-18,88bfc877056af07ad2dd09bca343c0e3bcd6b5b3b8ab05ad945378b331d0b589,in,bc1qvk86z8quju4mh03uhqz7nuz78yr99ptumzl6zv,0.00019222,20.1,0.0,0.0
2025-06-18,88d685e17502aeba792fd4dd3f6ab2fa94336464b6628cf83b59efc53e8ea2dd,in,bc1q47rzkddsfa77vft62lp9ft35yevcxda0knx5m2;bc1qs7qf9cd0d6pwr0snzqsjaah0cteveujvheuta0,0.00067113,70.17,0.0,0.0
2025-06-18,8a5df82d965f98f7740f0bb7a8aa34c9d94cf5d89e82a8c5bd796d00c3c6e8da,in,bc1q0juzl0qtu2n7hvnugge0hm3xpzykydmkssh8dg,0.0001002,10.48,0.0,0.0
2025-06-18,8c3274a9ec8dd84ead466b45a528530e71d5ca29b0e24adc2fcb804022124cb8,out,bc1q84ufv652qk4x9v5dft6y6psvvp4lu43mggdpy8,0.01563832,1635.0,9.85e-05,10.3
2025-06-18,91d3391c4c167163fced1f1bf4795176f48f79e536aaa69424202e30e905eb5f,in,bc1qskevcd3xwu0vt7yjgqsxy6mpfs5sdrjgfey96k,0.00010687,11.17,0.0,0.0
2025-06-18,9938e6d9ba2bddccc142d290014c6250d90635b2ff23c55c18afc018ef43a96f,out,bc1qlt0zsn3j3qsd52825m7m2y83heqw376yxuz5l2,0.0208366,2178.49,0.00017842,18.65
2025-06-18,aa563c94b9e0335481effecf10d9ca9ce272f86db91d1802f0712f2dca0e8da0,in,bc1qnfn63795ucz7n09jzjk5wfzh9frsvmt5zj38va,0.00080198,83.85,0.0,0.0
2025-06-18,b22b8948a552a15cad9225413c90b19ea843f96185aef5e387899db43002c34f,in,3HURVr8bWnAdAAGpNwsYtbAwseT5fhj6vv,0.00128459,134.31,0.0,0.0
2025-06-18,bff6bb94c38b806ac9b6b74959684d73e8625e878556ff526f03167652bd4f7e,in,bc1qhsf4hh9ec7j667tqwgqew56v6wq75nfw0jpg6q,0.00016595,17.35,0.0,0.0
2025-06-18,c2268112f0872a1ff5713730c095b9781493f18f464bf98c4431d334e5feab63,in,bc1qthjx503rjed783pey5cm0m8k3ywu25kgyse5kh,0.00047879,50.06,0.0,0.0
2025-06-18,c71f9dc3b7dc2aabdc6ebd2a0be090e406b076ec91a36f2ac2257d70c25748ab,in,bc1qpu0h7gl5h36jjfj7e0jnmqs3hdfqve8m6wc00f,1.678e-05,1.75,0.0,0.0
2025-06-18,c96e64452c6c09a810188dadf3160c333d4257f141f85f51120bd92732fef557,in,bc1qu32rxh3d45enluyvplrsr5ysmtmxw2vsugjxk0,0.0003455,36.12,0.0,0.0
2025-06-18,cdf706c8d1e8cb2d82e9084f30a63f0ee93f7527b0bf59079bcbef361141f4db,in,bc1q2466mvrwmj4wk42dtgvu3h2833hskqyywupyf2,0.00017166,17.95,0.0,0.0
2025-06-18,d8fe81f6dbaab5546ef5b8ccdf3787f85b81be57966c56a7728c8ee4fe4f3e14,in,bc1qpspjg0pq79e5gjmmzxvmpvhpphm6evlkvfug93,0.00144359,150.93,0.0,0.0
2025-06-18,db4da3869dbf97cddc93a430c43449659c238933f0b852c2a753c37dc73ee340,in,bc1q7ntvctgsnu6hnzppk9kjjpx3x7s89a2l4tdu7hx8vkevv3y40dasezz0a8,0.0003251,33.99,0.0,0.0
2025-06-18,db573ccda35b25e6264b5008e08e40965c472acd98dc59a3d691c00b5916d243,in,bc1q2j5q433fzgwenemegv7j279ex3ause8hlj6xnz;bc1qg95dths2p4k2z5ytaqz9ra043yx85uluymcg74,0.00011909,12.45,0.0,0.0
2025-06-18,dedc15fed8dacdce2db4c80f974a544040c9681894871b45762e25339559ebee,in,bc1qqrrd9n34d08dcmsxqpsedj8q7pen387x2z4x0h;bc1qu29rd86wg3unp4glvsuenahp8zs5zjq40me5qy,0.00044353,46.37,0.0,0.0
2025-06-18,df2a706b2d9db50c3437e573dc28d97b756c650738321a48610fb0dee5a8be73,in,bc1qaqs27a80dj58u2cygwqflem7rfte9newr4c8ty;bc1qgxw8hmyyhzvqts9wtadqex2lphqhcrnadl9tds;bc1qzca2vqdvtkcy5gtgp2x70fy7n6pm3krxx54jtk,0.00019596,20.49,0.0,0.0
2025-06-18,df60ce63b294067ff44e6351daa9c02904350d6ba4b754c3c925f48a409d49e2,in,bc1qmcy3clqrq2agf83fqv2hzlk2s2896g9ztvzugn,9.592e-05,10.03,0.0,0.0
2025-06-18,e304bcc48cc1cd3a71099282c55824bbd79ccc31640e8ed014ce5f78991eb169,in,bc1qf3v7dw3lc5t8vt566yp7quzh65zvjgn4ffxkey;bc1qkwghms2sqtwcgj8yqk8ay8vcvux3wr3edszc3l;bc1qp9ygr9zfn3nzcacljxltysjd49j6qurq637qa8,0.00023834,24.92,0.0,0.0
2025-06-18,e696ee8f55ba8e6adfdcdaf4f5c732737de09fed2772cc99b2e8871245e9c6e6,in,bc1qw8dweza4uuywfsjjxcfct9tvy9y8pvfptdjtvm,0.00048168,50.36,0.0,0.0
2025-06-18,eb9ee83499f71d7d7007bf48cbf0427a8ab1d234f6988911ffc2161b0b3c3ac7,in,bc1qgs2rqg8h9ns3f6urmkk68pd7ph2gk7kns6ewug;bc1qz4erpddnffllnlshswxlphnglzkgf8nwmyflwm,0.00016256,17.0,0.0,0.0
2025-06-18,f95acb17b5147f7e6faabd899242639c89490b0265acc818ac42970de87a4b44,in,bc1q20xerumrl25zevx7rzpvgeh5gh53vfvua74mrd;bc1q8wz9u3qcqewmf37j2dtzp4e068hzcj9k266wfa;bc1qzen3hd7qlakssy9zwv60h8aq7ch2c283gxypjv,0.00047038,49.18,0.0,0.0
2025-06-18,fe3d968df5d55b2ab4f2aaf5815a77e1c7a56b09cc78c610eb8150b14d7c20a6,in,bc1qm34lsc65zpw79lxes69zkqmk6ee3ewf0j77s3h,0.00035999,37.64,0.0,0.0
2025-06-19,01612a50900f14fb5865fe03eaab61f6007c04f8f2de59924f773d864ea45fb2,in,bc1qlptkv7ggr7fy2phz6xkzxta9rytwvfju67v673,0.00011929,12.51,0.0,0.0
2025-06-19,0765fb4609fef66125bb336d965ead29cd052c713568161cdf23fe81fad2d8e1,in,bc1qchszre9xprmwk6zsa6le7g5094u9ewlww5pm7y,0.00019725,20.69,0.0,0.0
2025-06-19,09febbed3cb6e6465cbf80f9ae5425e8e3fe5b080de44afbe238cce87d4f8b72,in,bc1q66dqzs8qr79ywmvtl8n7d33uq8a6a8lne2jusj,0.00012391,13.0,0.0,0.0
2025-06-19,0d877ecc7365a5042bb5fe7612c15de2a2b1dd44a931a645497fb962de0574e8,in,bc1q5mlk79u8aw3p7uwk3w42pghpppnhlnfda85hwp,0.00033611,35.25,0.0,0.0
2025-06-19,180b3af9f50f6dd53782136a300ac701835c818ab09eaa36bb3f9ec0cc2a3fc8,in,bc1qm34lsc65zpw79lxes69zkqmk6ee3ewf0j77s3h,0.000612,64.19,0.0,0.0
2025-06-19,1a5fa3e1fb9a72237b87784a180f0b347a28c8ff42e45bc77903602185319721,in,bc1qsz62mv5enh5vn3ztdgptjcl3qvu8q44h2lex988n2ku86hgx7uesegcdcq,0.00016677,17.49,0.0,0.0
2025-06-19,1ca7996f80ef4d3d9bf037d2a839d77af149fd07ded75b50c3e017bcd55e0b18,in,bc1q806qnygkvqxx6dgw5cq4aqewn36pvxpwqgqu6g,0.00016242,17.04,0.0,0.0
2025-06-19,2093e889e2e16b493d1d339729b9686cfc1e6320f5770cd5f335e1d88d729f5d,in,bc1qe4perenw5qu2nlrq255q6cqlhl8hr35e3ywe85k3958c6wdn2w7sek33lc,0.00044742,46.93,0.0,0.0
2025-06-19,2b246cca0bd3d14bb433e10994366a79623b550443999903c641ca0f954a4567,in,bc1qguyuv6kykgqkywptsn6l2882nrhh5h0j7f6f5f;bc1qjrvdssu7ae79mjgqlalnxnus66jsqpdesm9wtg,0.00042916,45.01,0.0,0.0
2025-06-19,353851151999c3616fd11e79cf673f209e9712a9455480c0a2f4eae778ba0438,in,bc1pfzlx8frtdrjeatmnx677rqnrn8t2t6kwq4nfsu98mez8nwea89ysgyumeu;bc1pjns5zyjmy46emeg8jarf6mxdlf7mv74d8y93rjs7436lkkjt8gfqu3fs4e,0.00065501,68.7,0.0,0.0
2025-06-19,36275e2d18c6ee7a143da907cb4b8b97d62e1b3fc435bf9976cbf3da2ee61c2a,in,bc1qh3lefdas3hqc7hy7vcksl6hsealv0wyycxcqkk,0.00021074,22.1,0.0,0.0
2025-06-19,36d04686c30893c2f1b6acb76bca2b131c5666784547bdcd3f0701fdf2753c84,in,bc1qsqu658ylg7xvr500wmvlenhcj367nwnctq8ks2;bc1qta0gpglxa7fcya48amz0l78vud35sa43hyq7mm,0.00033312,34.94,0.0,0.0
2025-06-19,51265619adb7f7e36ddfec053589c7d75e28379b5dbfb9ebe579845444695107,in,bc1qm34lsc65zpw79lxes69zkqmk6ee3ewf0j77s3h,0.00019388,20.34,0.0,0.0
2025-06-19,57f8c37537686d44ebb5f3190d803e61a1253c7a4d53e9da45d1192e44267c0c,in,bc1qcm8yljugftmlfkkw9vjgxg33vcapvgpdrvkvud,0.00019194,20.13,0.0,0.0
2025-06-19,5add08a904fec3e7c84c9c66a7bf45ce2a097c6de48977ce042e125ce76a71e9,in,bc1qnm55c5n2megq548pjleye7lwaey0kxh596hutq,8.209e-05,8.61,0.0,0.0
2025-06-19,5aef6b4ab96656ac3995e8f14941a3ab172e0c6f7bf1f9c19bf97cb8c1709e22,in,bc1qm34lsc65zpw79lxes69zkqmk6ee3ewf0j77s3h,0.0004463,46.81,0.0,0.0
2025-06-19,5c9c1008b262bdecfecf560f961ed9ac6bb8dcda0aea196fedb3d361f480ff81,in,bc1q0trjn3d9m673us04lznhderltchzwedn9cna9qpy45akk2aypunsduyd2r,0.00043452,45.58,0.0,0.0
2025-06-19,5e5bc90fa341eb336930440580e56e8fc8df6b47b705ea4b4dbcd371b50f339c,in,bc1qhac9u9aghkd8zdwq8t7yz7ja6mx6v9yl5fyxtx,0.00047655,49.98,0.0,0.0
2025-06-19,675d606bfc97b09bb39890c38a23766493a0d6bb472be3a9d7ca0aa70042843c,in,bc1qz42adp52et0ecndpgpyy2kdthugawym9d274l7,0.00021053,22.08,0.0,0.0
2025-06-19,67a6e5ee53c05e9e8acb6660529f5d6f27b1ab3f96c67e5c7ca758bab863e103,in,bc1qm34lsc65zpw79lxes69zkqmk6ee3ewf0j77s3h,0.00045,47.2,0.0,0.0
2025-06-19,683a469a68817cecee23f2c896fe7fafb1b8977c3ce10800f1b90c7992fa6d12,in,bc1qkdlrl0hktfxcd9ey03mdrjzaspuc26glu2pxsa,0.00014909,15.64,0.0,0.0
2025-06-19,6d69357bab53fa5ce55ab8e5171a9d917eaf107a3c444130f2222cc752ae9f1d,in,bc1q5256d56t2t5cfsc6hcqjcxfmmctjhru06urc5t;bc1qa9g3z3y7m0xavhlc49gqqr9gu7ssvrku76y3js;bc1qtgy2dpwnunq78h3qqxyxg66dv9r8ryfa0hk6ap,0.00051732,54.26,0.0,0.0
2025-06-19,71987736895eedb0b77b20bd39cf5b31ca1c91f2849a3d61f0733e1a8f46d732,out,bc1qrxd362xy5k9uer2enqaywu9gxt47gmssmnum7r,0.01703208,1786.44,0.0001725,18.09
2025-06-19,740984f542014755808a9057e0851ef1bc811fa65246704dce87028fc5a125cd,in,bc1qeyw2thl6a8y4yrvdgmvhndq2ldsc979u72lh8d,7.377e-05,7.74,0.0,0.0
2025-06-19,7756ffb2e39a6478f02afcc28485a6ae7bf4df9546d84673a81ae6efca00dceb,in,bc1qpykl6y7trryhvh9sn750ut76lulr4efvfn466z,0.00019151,20.09,0.0,0.0
2025-06-19,782227a901f96857225a8e70a54a1614299a02a69b8d1b74c06a6ef12c90f89e,in,bc1q9wgx9jd2arx6ppt3ame6peul2mysumfrfhh4tx,0.00022468,23.57,0.0,0.0
2025-06-19,7962b9ab48c88a4b394d3b9fb59957000f875a1ae50a79e8455cd1c5acf7f88e,in,bc1qpjkgj87ujwppj0tx3j7yk0l66dw0rmw0yxfk5d,0.00018379,19.28,0.0,0.0
2025-06-19,88853fdf601bcec8a006e1d2df508edd9146e3e8d686c8b3e25f8f17eeced3ee,in,bc1qpr8l0jrmzg4yn34cz8wxczh76jcc9dj4lsqej984v9ut3099e8mqpfdguw,0.00098685,103.51,0.0,0.0
2025-06-19,8afc7d7cb24ac582bfc9bb2f696db61a1a61d0e92bc7fc20841f4fe5a83ac1ba,in,bc1qq0kc6hefqteym0gz3z0syggavqeqxlhkdvwl9rdq0s76e6yppkxsnsjvaw,0.00063257,66.35,0.0,0.0
2025-06-19,8c42332ae37622fd77f82a81d1add172fd95dbdfbfc195bf676d210ae0567f37,in,bc1q0s6rca52mjumq8fjuz4j6ka5h9jhq57esyd40r,0.00040271,42.24,0.0,0.0
2025-06-19,972bf3d87fa62da9755759fcca8bf933a36f2f54396e045707a5bbae1fe47a01,in,bc1qega9k4hy5xu25wp75rtdvvyeqyxpdq2dlf34st;bc1qenafwpt8tuy8v3jyaghljq9celxjl3juxngxtx;bc1qyqfqukdasmtru0ndp246pnzhqfmlz5tzcpev65,9.925e-05,10.41,0.0,0.0
2025-06-19,98a6a1d0a602a0b992a07e39bb29c63d86aa5aa7797138c6380d89e9b5e0104b,in,bc1qlr9h55w6r92wgsmscn7phfdf93gvc34w6fygj4;bc1qnfknkxh82jaerq2k9njlfw7cwn822ra5xuzy0j;bc1qt0kfxx43lp8849tr6nm30ekn0yp99pydss48nl,0.00057667,60.49,0.0,0.0
2025-06-19,9c338293e4253fca111f76868ebbd873f2ef9fb2832780a9740da3cbccd1ca92,in,bc1q2w0g2gfa7czk7jln6sfl6m2aza5su7rwsddffl;bc1qen0t4efps945rrgsyuvvvw7k27dxc2zn7yck5v,0.00019115,20.05,0.0,0.0
2025-06-19,9ec7e3ce073a1a892c624d426ec8dd82ad2deea945a12ac567ba7f439d17c3f6,in,bc1q66dqzs8qr79ywmvtl8n7d33uq8a6a8lne2jusj,2.857e-05,3.0,0.0,0.0
2025-06-19,a4f4788273a16843c271796985017d87ad2f4b8770df2793cf8d23adccee47c8,in,bc1qamgjuxaywqls56h7rg7afga3m6rgqwfkew688k,0.00018741,19.66,0.0,0.0
2025-06-19,a509f44029185dbc027cbabfb023bbe32f3deb12b79dde10fb1d98fba41f41f5,in,bc1q8v228xzuz7dvazdp7nche7jp9e04u7gxlaqpfh;bc1qn9wzkk56yedxl50jxyl7nayrvmxv3k83dtuu3c,0.0002395,25.12,0.0,0.0
2025-06-19,abc2bcfb57c011f8da988eed40d2fd919ec1efea08ab70d3bf2f9afdc7fe2ffa,in,bc1qsawhajek2uwzt27g77fln5hrhwrkuw5j8a20j0,0.00017141,17.98,0.0,0.0
2025-06-19,af92706d7ff9c658282b0bda228b6a59a2a85c0c8b4441295359f119d11b68a1,in,bc1qlptkv7ggr7fy2phz6xkzxta9rytwvfju67v673,0.00015269,16.02,0.0,0.0
2025-06-19,baed7b055eb4061c3ca77e5b8bb165d29df57c507a2bc5a788e619ae3a2a78b0,in,bc1qn0e3jhengsq78sxkamjxenznttks30gsywgs7f,0.00050558,53.03,0.0,0.0
2025-06-19,c2d3ba3e094e49a664a9cc6c7f35ebf8a668a02f4f8617894856fa08413847c1,in,bc1q4k2pv55jekvjksfrl8nv83tpw8z36dtcc4n379;bc1q53550mz3tshpdf2kypemaqmr38acf40udu2fvz;bc1qp3znhfdz52qj3v6x5d7lxmu4ya2mxyueqg8y3y,0.00042875,44.97,0.0,0.0
2025-06-19,c637aa9d5620f9270e3e2fb205bd504ab2a643fda85a13d61fae34d8e9bd578c,in,3FvCY79GPAVjv6o8GFWNUk6V3YXwf1BW6j,0.00010496,11.01,0.0,0.0
2025-06-19,d0dd8660f74e4e60b3ac07145d9fd8871aea1bf39fe4aa1fca7b4a2d3d6bce7c,in,18kT9Bw8puEZX1xcbjWU4rjtoNhDg96bF,0.00032421,34.01,0.0,0.0
2025-06-19,d6cab71e264968799c496429c8958d5cd873c43e5dbabeabb7ab66d03c9e8474,in,bc1qq904ynep5mvwpjxdlyecgeupg22dm8am6cfvgq,0.00185164,194.21,0.0,0.0
2025-06-19,de4ded7330f735a65142396a69a0998ca162c0ca7a5fc51fe93bf1239de529a4,in,bc1qcvp6jr3qdg3ktqlwqqjk0z7karcehvnvuf8yg8,9.205e-05,9.65,0.0,0.0
2025-06-19,dfa9e38f6cd095fd855f8cd6d2f9b43d9814576c29fa97aa8692198df2ed9a05,in,bc1q66dqzs8qr79ywmvtl8n7d33uq8a6a8lne2jusj,1.906e-05,2.0,0.0,0.0
2025-06-19,e03e8d6f171f0e783d82e13f5b35f84a44c53ac2a454a66f0dabc35730408137,in,bc1qexv3mwx9avy0a5v4grnwl5wr72krdwp54vky2zw873sdl8h48nms0jswhc,0.00098393,103.2,0.0,0.0
2025-06-19,e65274b6ec16160fb5d56f28274a214515aad802233bbf4ab3266472418c961e,in,bc1qamgjuxaywqls56h7rg7afga3m6rgqwfkew688k,0.00012148,12.74,0.0,0.0
2025-06-19,f289dffac56e665c113ae58161cd36a9a0804994a218878d2f1275531f883b4d,in,bc1q4csatgykr5sm040vl85an3kc6akvclt5vz7986;bc1qt2vj6mez5tn3nmqfw0tntqs3wvrv4j8areluwj,0.00010254,10.76,0.0,0.0
2025-06-19,fadf6d932221c87b5bac2b3a6bd80a039f2cb77ecd2b8f27653ca07e211513cd,in,bc1qfua7m6nfzftgj5qwamtfpzccxnfjhc75pfvhe9;bc1qnrvh4cen2j45jq3av7l6nnn4e9h4zs7d4tw7c5;bc1qqc76xmjhzla0x7aaqja5umc20cqn73stms3pjf;bc1qtr8emtnnhf34p3r78f3gslhaw322n5ylvgkkly,0.00023921,25.09,0.0,0.0
2025-06-19,fb2833a52d5c7588219f58460a70bd3a166770f76114c97ffad5862a4c997042,in,bc1q30c55z2qgxu4fdg04th7hpnatjnruut4w0xgk8;bc1q8lcp9peq0rl2xxuzncc8av9a4lwjwp584ku9r3;bc1qtugtnt3v0w0wcmp5stdf273pzeyzq7jkwuv2uz,0.00022411,23.51,0.0,0.0
2025-06-19,fec59e62a8657b93b16a8fd1b29ba440e44b9e3ea63af8ca35c8dad821a53618,in,bc1q2dg6c3gq4zlzefutvdzhlqf6squ5h2hcz6rnrm;bc1q6ug6h5mesrp3qqd7gwyn9xx8hdxca4glv238u6;bc1qt47utkqpmlfysr4z3rtn6yg52fgg4dhc58r4rz,0.00020159,21.14,0.0,0.0
2025-06-20,0c433c75a5ce218845976e3fa20e102dafe4f0945c3fe21028f3fe1844549eb8,in,bc1qmzd5te07rfed6n4zwp6g5646nrxn9npa2jrhap;bc1qv8hx7ym890cu98nk8flwwcfwh3593py4javj4a,0.00019753,20.67,0.0,0.0
2025-06-20,1a12e3bdbd19f033c7b633ef7e6e0c2b263df11b1221a74ecae135d7910baac2,in,bc1qck7dxkhrddz9h8ajuahsl236z5y08jfyka5dz0,4.744e-05,4.97,0.0,0.0
2025-06-20,1eb3eadfead281ac1cf11f625594bfd2209a35b03167e14e7b2fa21db60ec6ed,in,bc1qnnjd7vwytlng7h6fdffdmqm5kmssdk09k33rae,5.662e-05,5.93,0.0,0.0
2025-06-20,1fda2e0cd0bb56344bb014315aabda6c0095698e2ffdb6eb303ba546dc6938e2,in,bc1q6qd78m46kgfvk30g35qtgrg5fkv8vxu33drdmf;bc1qwve3tg8eys5qjfxwtr5v5z0vmx6ru4xhy56wpt,8.225e-05,8.61,0.0,0.0
2025-06-20,220f533bfbcf6f529db400070492aa1ff2250a7fad87116e3d15eef2657d1d3a,in,bc1qgcnrmyln69rmlyh67k8wf34x4yafjt2lvwrjay,5.88e-05,6.15,0.0,0.0
2025-06-20,26627ce7bf59d74f05a332902a555e511a4d5172f78ebeb3eeea40cbf9cb93de,in,bc1qm34lsc65zpw79lxes69zkqmk6ee3ewf0j77s3h,0.00025712,26.91,0.0,0.0
2025-06-20,2bf3d0c457996ee600351306db787666b298c3b7b99047c924c43969b5c7b6df,in,bc1q73pvecjxp4fszz8099k78satms5xqghaveapf5,5.462e-05,5.72,0.0,0.0
2025-06-20,37714b2571ea526df7c7ce9c5e471bd8b3cdf2d36cda84c9cb22c9df7e077e4c,in,bc1p0za52re6uejk0nn7vgqgk7htzxc9y4a8vequmyew74xq8ms3dvssj58086,0.00068175,71.35,0.0,0.0
2025-06-20,3a7a18b6072f3536c1d7cab2ce87a1da382d218fe50562c765629d79b62f5f19,in,bc1q8hr0g2c3209zps47zhgh8hthercf002jkyvk6sl58t3z0c5amufsq45f0g,0.0004477,46.86,0.0,0.0
2025-06-20,42229bebb6b1e012f70184023851b96b5982672060fa5134127a4163c6d62a9a,in,bc1qf43tdrym26qlz8rg06f88wg35n27uhcf29zs4f,0.0003154,33.01,0.0,0.0
2025-06-20,56d6016de27765c566563b58f6e7b9239bfc89fa06369fa7c75c5233558cccd0,in,bc1qc0j8lspr0wxzd8wpljrz8unw876apfsm2t7sgn,0.00015489,16.21,0.0,0.0
2025-06-20,5e552eb3968f9f8ace9b8add23fd1d830c248f43917aec2ce8a7b70c83c9a6e5,in,bc1qea6enevk645qply6pjh0a47ds5wesr2u0xzyle,0.00042476,44.45,0.0,0.0
2025-06-20,5f36280bc38c3ac7056b2430b9d28a23fdc0a31f83fe12948c7cc7720a180ad7,in,bc1qjjswtaa65dqfpwqs9yk6p99et76qdpfurncw4t,0.00030992,32.44,0.0,0.0
2025-06-20,66eb00f7bf3fe88da1f0b92eb278b5370cdc97039389b0e366c6d67bc88e1f53,in,bc1qdu8jc97jlzkufvdv84pjav7uu3ky4cg9cf0540,7.666e-05,8.02,0.0,0.0
2025-06-20,69ff0374b1b891541c4ae22b3ff1b4b835aaad1cb6af2bb5ee6eda5a7f388f62,in,bc1qj9g26w2s3zzla3c8upnzy90xsz9qh8gs3vp2sm,0.00023189,24.27,0.0,0.0
2025-06-20,6a25adab60984a549355da82526a41e86600016651477fb2ecc7170ab0e9ede6,in,bc1q6rtyymaehgv062peryzwdrwgzf289r83x2zafg,6.464e-05,6.77,0.0,0.0
2025-06-20,6f46d3aaaa41805870479bd66dc53f9ed60f35440f63a49abca57c28d3eaf069,in,bc1q6nt06hd8tkk7pyujpj6mquf00jz2hme3pumc4f,0.00010335,10.82,0.0,0.0
2025-06-20,83815fbd42fc5117b3b3feea0a38b9d7fb9e6a82bd6010f99f948b562c30219f,in,bc1q7ajdhvk8sdclwqukgqqltt4aceuhf86s4uq34l,0.00018919,19.8,0.0,0.0
2025-06-20,8432d5c93ddf4a1dbe9d892d6b0ff09616a0ef88ba7172b9f00ba95b967bea14,in,bc1qvy4pms2kudxl8lzq6cyljvdt54zy5fqy60fvqy,0.00043291,45.31,0.0,0.0
2025-06-20,8a8f76abe69d472606e17680cda2eaa121840638973e0472f3e23ae1a943ea13,in,bc1q2w46ejyxk38sqkxwa3npfuuawkcv2utxl37vuz;bc1q4mnms84cuzrrnn8dtcxxmqdzgj6t3exk9t84p7,0.00062935,65.87,0.0,0.0
2025-06-20,8ef71c881abc73dd8a84defea8270f0f56b8f143646b90f6e1c41f14adc96055,in,bc1qu6ps49097wr3as0vhnrw2k97tffv4332fh2xnj,8.482e-05,8.88,0.0,0.0
2025-06-20,95ac4019b35b50fcbc7437078b04e7c24d87cf06285d57e0f1560b72820ef754,in,bc1qc9y0knkn3q5yunf2t307q7agp5k2jp88xgqv9y,0.00033763,35.34,0.0,0.0
2025-06-20,991119caa1fdd181b9ad718cdf3d8d83e9e0fa2bfd17c13a4b8dc8c0257cdeb2,in,bc1qf3mmnz0saklgayn6alc26j0kpthxm5gqt0mz6p,0.00028447,29.77,0.0,0.0
2025-06-20,99c89af191a7146092f50798bf74dbb878f880127e119a05738df7ed452abc5a,in,3942G8gM6QVnesc7bpxb8TDKRbRJfEXjWX,0.00049692,52.01,0.0,0.0
2025-06-20,b175991da498ef6393f869a1ee01c27b9c591f0391cd768a339781f3860cc636,in,bc1q7yvsq7uccyzrku5whv8fktrpnw6y0e4d5hh0vt;bc1q8vjhly2facd75g8q95xfdx9vwhy78dqucqg4vx;bc1qd247p7zyuxeahx33knp5sqx3g2gw9f8aauhwj2;bc1qu7pwwyhdkd727mw63j8rv4wafv5lpplrm5xh78,0.0002655,27.79,0.0,0.0
2025-06-20,b1a82ae0a2908c0f0c0a00cc3780cdfdd0bdd2f81ebef577a01ad0de36f413b0,in,bc1qm2phh7d4rpnrzrzh90k4ch4n07lk3jy0lyfze6;bc1qplhsewllw220jfykylr3vftzaz8xrnk788g7m6,0.00021008,21.99,0.0,0.0
2025-06-20,b312c594aa80514a21c7c0fa30649065bae99f90442e7d71f727705deb53927d,in,bc1qylf8tn7rd5e9fcrujl2r7x66rulyptatacjrm4,0.00025875,27.08,0.0,0.0
2025-06-20,c01476106f50b97017fb5793d12ad6b0d90df71431f8828d04dac6f73a252d3c,in,bc1q4ht8p3lh5nsjlf27h7xg3dnc546hmk2j5jlz5n;bc1q780khwgfcz2f60y87rfg7dd33m9kgxa0djhqy8;bc1qfqpf585mrhytvcm084jlcv925y3tnzk7epcns3,0.00096599,101.1,0.0,0.0
2025-06-20,cb03210155fa59b4c2d4283f48a96856283c39595c2cae0fb6ea460efdcee3aa,in,bc1p0u9xpln2d2mzzup8hxfu44pukuare4r0zxr38tewncepm0z4838qp7hnyf;bc1qjnnlg23n52k2j42q49y07kw89kvauzrwzln4ttclsga7e45c4lushx2w5d,0.00040505,42.39,0.0,0.0
2025-06-20,cc2cc32f23af0bedf21507bcb7bb28b6587fa6e64b6d633c27673a7eded9ad6f,in,bc1q475xucjdts3rj2x7mwjj333afwqunltgfzzld4;bc1qg4ujpd5lc33ydhpepznlm8s3gpn6370f4vsqsj,0.00017224,18.03,0.0,0.0
2025-06-20,d33229cef47323fc0f594a983a3be5a13d7338934eff120baefe25d56ef8be52,in,bc1pypnf8me5knfzmkpa5fwjxe4hyhn3y74jxzfg3wknjl8vdhey2dxspv5fyt,0.00019823,20.75,0.0,0.0
2025-06-20,dbfca159144260eb356d99f0cb4c03625fb4b349ddc37e82676afaa409c3bf24,in,1EmicEG2CbBSYHG1jksfevW3hw1P6LNvD,0.00040926,42.83,0.0,0.0
2025-06-20,de9e793955d9549cb080fd27dcfb6a4eecbd1ea120814fb6075d5c7712375b6d,in,bc1q5lnfga9epkayesq6jz59fhpfucmd9fr7an9va0,0.00012278,12.85,0.0,0.0
2025-06-20,e162ad28d4166955bc2510cd87afa25ba0830feac3ec9cc457f176fd10f8df0c,in,bc1q028d036asfyuarr98k5h8hpxdupqpdntrzllf8;bc1qwgle4s9pnlugehhje8fwhrukskkuqnzv5wavmq,0.00038528,40.32,0.0,0.0
2025-06-20,f624f4e569d734d927a2e479df9dd9f18a03947eeb98fc49d8337dbc7229ed22,in,bc1qjl7ytsuxrme8rqshww20m25ytk3ecf00z5zmlj,0.0009543,99.88,0.0,0.0
2025-06-20,fa2ada8a60ebebe3f4306ef88d92a26156031cdf04d695eaadf069c0849955c9,in,bc1qjxmfcr3n4lruy6v7fa9h9s66w5yww45dp4cmhz;bc1qy0lt89vu9qwd7f6st86yfev0w6v5utj87j06xn;bc1qzhjw5svm42yv63fn33n2hrwqrdtmh62vxhdeaw,0.00014917,15.61,0.0,0.0
2025-06-20,fa516513b4e011d2dfcc81de2576b84769ba1ebb288b3f6299881647ec4d1d74,in,3DBgs918cY8JB3gFfZrVn5T8FnC3VmPpS8;3E2F3jg1GU52QdKaAMuXCLqgs2LpaXBLAm;3Kex7AkeENHpmd9nPdeZgUoSYckd71MYCh;bc1qc6x5n9e6xgk3rwdywj8f35aghp0x6yrd3vrypl4mjvzhl3aatk9qvarhhv;bc1quhruqrghgcca950rvhtrg7cpd7u8k6svpzgzmrjy8xyukacl5lkq0r8l2d,0.0001315,13.76,0.0,0.0
2025-06-20,fa6c8e2dacb835175e85a38e0e6a21be4e633b3792df47ecfef58dc526ef1816,in,bc1qztut29ylgcwkjca0ae6tuvw5jrcre466qkaygd,4.087e-05,4.28,0.0,0.0
2025-06-21,106ade3bf96593212e4b593caa31065d349d1b93e783264eda031aaf4b96e10f,in,bc1qraf8nw7eml87xj5k73aqxspm6q7w5qkjgyc3n3,0.00011576,11.96,0.0,0.0
2025-06-21,137aacd599270d485c749f7aa18fbe2020c2cbf3a23bfef5df96e9cc12434049,in,bc1qr38cf5dxferqljaves6amcp3l9j9da5etrlfv9,0.00025397,26.23,0.0,0.0
2025-06-21,1c12dc36964143726e9ec34b99356e7b413fb117ecdce330b95722595b63245f,in,bc1q3qwj2w8zdftjwxrerdy6tfz46w3r2nfcymnpap;bc1qr9cjyfywyjz9ajyv4ys7kq8z57kqqwj3fecyu8,0.00043321,44.75,0.0,0.0
2025-06-21,1cdedb9855cb2c948ddc6ecc1c91e2508cfd77a10a479124435aecf247c01bbe,in,bc1qm0cecqjana3dnqhmjlrn9tx3mlrp366eyx78kg,0.00028904,29.86,0.0,0.0
2025-06-21,2a82138843d1cfdfe58222027ef4eae87672fe2366b0ff825292a86b3e3f9708,in,bc1qa874d55qf7x2gkseed9tstxfadutz8u4rryy3u,0.00014474,14.95,0.0,0.0
2025-06-21,316f9a1cc6696558653cce734dc3c3b7f6f7e93c4d1d5ec92c1598cc13b3347f,in,bc1qraf8nw7eml87xj5k73aqxspm6q7w5qkjgyc3n3,0.00011576,11.96,0.0,0.0
2025-06-21,358a3fb312c4a41c5ab693722048717ead0ee183bbe87cf0e0ea3bdf075da061,in,bc1qcwq6wlndfyj3vc8nt8p3k5756lkft50p9pz2rk,0.00096585,99.77,0.0,0.0
2025-06-21,369db7f203c539a837bb1998fd83f5fe74becb4401f9360d4e4aefbcc6cc3432,in,bc1qx4rcw8n3q6ldy7xkhex0xswfjs6m3cepkftee9,0.00020328,21.0,0.0,0.0
2025-06-21,3e0e20ff2d6954bbfabe96a2a715a4fec3ac1d45ece5ee1cdf48ebd3e1489406,in,bc1q43tgv9ks3tqd8s7lcmkfsx97p0544rf8k68t8z,0.00091664,94.69,0.0,0.0
2025-06-21,4107844bdad7ba8076a4019f13d56ff8f1f35e7d1c85a1579a70d51757397833,in,bc1q0uh38jhj24ag5w3az3c2fa0ae4h0k9m826dnxg;bc1qc4adwsyc2erkp0k9sq742deuaqlm4ec6tcsp76,6.651e-05,6.87,0.0,0.0
2025-06-21,48821877f68c6e407fdc4dfc94fe4643a117d6e8d784084a053b4cb65cf001f0,in,bc1qlrag4g7wfz4zwzl0xdfjguzmxsy2ckrdw49trw;bc1qu322g4p96t05qpkvumy6p0r8y08ya4dk3fu9y3,0.00096462,99.64,0.0,0.0
2025-06-21,4ddab0f9ab3987c45ed4e9e973c776606222dde47d76d91832159a5afe684942,in,bc1qtk3p408kcy39dfmr4jc5kpjdm4vq7l76qurzyp;bc1qxj4302658xevkydekckgjdq8gtgcfdtyfl6gmv,0.00037838,39.09,0.0,0.0
2025-06-21,4e57979ee35fd93ff96267b7104528b0538c795f1579e0930686b4237dc6e9ad,in,bc1q03rndnqt3ggl68a9k8hqp89ugzjw028473egxf;bc1qazpzheyvazuh4rfhxgg5ym2v3qzleyx6fa7gl9,6.618e-05,6.84,0.0,0.0
2025-06-21,4fab0175bae841e69d689082ba5abc2347828a8c3416efdfb5caf4e80f04c562,in,bc1q6t3swr2zkjn07nuwn4jhpxnvnf6g6tae2xut76;bc1qufhqhhzfpcamuldn4hlz9fhzg4ryrqewprl5wg,0.00049031,50.65,0.0,0.0
2025-06-21,536fa50b6bc83e77067cbdd21862a439a14d02c813f7a27b5fd3cfc008499d86,in,bc1q6qg0u6jszjvauaw0ma56m75fyueyhdj7rmm8r8,0.00016097,16.63,0.0,0.0
2025-06-21,5492226decccf8fc6ff0e48f05a40a58785eb436fe60dfd4efa00d5a8da19970,in,bc1pnrxx7dtakyd7s4xhdpu2adu4gvrfmrr4fsnhr486lqyq50x3z2eq733led,0.000106,10.95,0.0,0.0
2025-06-21,5637ba55c069a8d3125308fce038029f937e67b1f0ceb38c761ab198b4e8cbdf,in,bc1qvxcy3ngjj6wdwrg7d7xqyk0t33wgzl9fuz50ll,0.00017032,17.59,0.0,0.0
2025-06-21,56fe5a6cc17e8b97a91ae082b74310ce4793d90b3d54cd2476c63d8b3ac19964,in,bc1p5ltzl3d8wj3qhp3em7h355hgfmjrx8zsy4rmlea7h96834cfxh5sgal5hw,5.639e-05,5.82,0.0,0.0
2025-06-21,599b675ef2eb57e8810e0cba5c088e2d08a532aaaa591bc1b90b56635c7dc49a,in,bc1qagpmzd00a5xfvqdmy940a8r8mfuekvcg7u48nk;bc1qe4mt7xatffmefe9x2j4fmzytt6z6egaszy386h,0.00037372,38.6,0.0,0.0
2025-06-21,5bce082dad43d0cb2740b4d07ec23df17e5d26f0c5e52e9a1f7454bed77b07eb,in,bc1qct4j987z5cgtata8st7myp3h63nt50qufzaa5m;bc1qtxnk27jr78pkscae2kwmgehpechk36cequ7g8n,0.00011352,11.73,0.0,0.0
2025-06-21,67a4916451ca639edd59d76059b35168422938979ab835017b1850ac2bace8db,in,bc1qnvzaye4ymw7cna0ukhr0yt6ewy7ux0vcdr6w6f,0.00053051,54.8,0.0,0.0
2025-06-21,67bd2b0cbcf00ee7f9f82ad8d8fb817e39bb0cc72afe0a64ff422f7804c8b9a9,in,bc1q97ufeu9f0wg42d6hajc7z9s036673u07vv2twk,4.87e-05,5.03,0.0,0.0
2025-06-21,726e2ddbc6ebb767840c55f378f34f8a21bfec364c5f1a25236ce0b103545a3d,in,bc1qprrk37rr9ne7r9hs2x8kagdtvryhze0957aak0,0.00010725,11.08,0.0,0.0
2025-06-21,75f17c3b342e33a07bce625b5e8f78b5f27e43cd93fc0e38ada5d764e52403a0,in,bc1qkyaa6w2ftyvg86adustsjvql98353e8evzgl4r,0.00017027,17.59,0.0,0.0
2025-06-21,79b0b3da3bde654e5a6af96331e8802b98294610a01a3685d6ae4895377e3d21,in,bc1q249yd8ym5lccuns7az8xk3lr0rampn2q5f4xjr,0.00108049,111.61,0.0,0.0
2025-06-21,7b5576d7a1605792ece10e5772f1e235b9777fac208e7de12bdcc306515d95e5,in,bc1pcs3ytae3rruvn9xvje3fs8h9fu2e47ephu6efng9ep9xwxc70kts2l0mf3,6.02e-05,6.22,0.0,0.0
2025-06-21,82b9156c591d505644d9c8c26a2704b2a8288f31536cf16720dfe34e56992fd3,in,bc1qt052fe683hkhd2ptf3puxgrxx260zxycm5tps8;bc1qw0v6mzfd6uy27hvjqsfxnlfakn578zm68lua8t,0.00015297,15.8,0.0,0.0
2025-06-21,8d8c98203c6d25581b6c76ed97b8ad8ef0a05bd8ddb6f67a7e64efb13cc783fe,in,34z5TYZxUx37QcyG83T8NFp3pVk12VqKSc,0.00031945,33.0,0.0,0.0
2025-06-21,935840f8f818f0f33c8bb6c1368676b8c20dc217669ac6b3dd2839782cfd1771,in,bc1qpp98jq30pj3s9hp5085janq0kfj5p77ulh3pmq,6.393e-05,6.6,0.0,0.0
2025-06-21,9dfd1959f3a26beee57e8753046c2f61be1ae65ef7ac2403d4032efc2892b20c,in,bc1qahvqg9hxem3e000qv6ese2h0zlzrtcw6vjzwzm;bc1qkjgsrhuaws5lxkrrp0c6nu2afdfxz8shp0hyls,0.00024672,25.49,0.0,0.0
2025-06-21,a72c07af55d41e0ca073a6b522e567b01a758ae5b1bc5149cc9d1857fa75b7a6,in,bc1qlwqvn2xprx5npqn4my5f79scp2lpwvyx3tcu7g,0.00048287,49.88,0.0,0.0
2025-06-21,a79868bc1a9b8126bd5a673df3e67b4b8ad9511fecd7a625fc7862e3a57e79c1,in,bc1q249yd8ym5lccuns7az8xk3lr0rampn2q5f4xjr,0.00044991,46.47,0.0,0.0
2025-06-21,a8d4072e5f95a24b1da362ce95694fb554f11aa8dfda2d5ee66bb792a0eb4c4a,in,bc1qc637zvrygyp4rhldj4zpyg6x2atuntm7hegnnm,7.794e-05,8.05,0.0,0.0
2025-06-21,aabf3f4456fd2164bf8070be1103f5c09e3fe4670059562f1aa5374e0dbe63f6,in,bc1q5ph5k2phq686ycw7wgfw48lchrhn7c40munusa;bc1qqvlnx5asl279lsryeh9mv2sg0l5d2pegc84ztv;bc1qr205yy00a0azuv3f24fj5xh268qr499dgx32yt,0.00033848,34.96,0.0,0.0
2025-06-21,abeaf349e7aa107054ed69364bdb6cab1398e19d3f395dbdf4c134ee02f11ebb,in,bc1q7s8xyyz8f3sjcz6snvl4d3y85x2atykausy8as,0.0002441,25.22,0.0,0.0
2025-06-21,acc891d124eae966ed6191754f6bc770eda9257cfc3995dfa07a10df9b6eab6d,in,bc1q97ufeu9f0wg42d6hajc7z9s036673u07vv2twk,9.646e-05,9.96,0.0,0.0
2025-06-21,ad92f46086fe6c95ab91f640914c0596725f0d93c0db029171f7763f75297241,in,bc1q4dtfnd9f4s2vs9ygwmhaxwvkvuq7rnn4k0jctu;bc1qgmysvsywy4v3c5uvupdj0r8575mkhaurm20mq7,0.0002028,20.95,0.0,0.0
2025-06-21,b4a391435b9aa5318d703cf6d7bca89d09d25393fb67b65cb29151e57e931ab9,in,bc1q5clcd7lughg9z6rdyz89ez5amlth0qvvgj3ue8;bc1qydyv8vsmk56m5nfzvlcfmt5rj6uu974pklsa9t,0.00043302,44.73,0.0,0.0
2025-06-21,c5233d81032279d09e6a2c6a1637723cf9e43a958e524fbf946b2411f31764f8,out,bc1qyyjppazugrnhpt9msdxfnvvasj74uz3zde3d9j,0.0251319,2596.07,0.0002613,26.99
2025-06-21,c729bcebbe9c52bd846a509715553a15b93f4515ccc5fc3dec99992f0458f88a,in,bc1q3jxqpe5lxvkx530224hxkcm3a04mjmyxtv2ku9;bc1qdessayxrzvnjksthkptvsepw0tueyp89etf3v3,0.00043865,45.31,0.0,0.0
2025-06-21,d01ea81a00fa526074b1fa1974b702010f7290e6ce12f6889cf4d5ec2cd2a78c,in,17C1xhGuqDaLagCJ6nsCAzAsNNvhtrKgia,0.00013064,13.49,0.0,0.0
2025-06-21,d1fd7962df6de214d6e912adaa0ffd484e0205df15eda57edc1993ac7735d02a,in,17C1xhGuqDaLagCJ6nsCAzAsNNvhtrKgia,0.00014529,15.01,0.0,0.0
2025-06-21,d2806d905470cda1491827316af4fdb1586012d219e4938ee8a37d56366e1620,in,bc1q45f270aquhsuckdya50mwccc7rtzwrwf3gnqpfydn42eju8uly7qhj2xn5,0.00035004,36.16,0.0,0.0
2025-06-21,d2badac2b7aa656d4871b29864afefcbabb43d7d3e3a344316b5e86427e495de,in,bc1qa874d55qf7x2gkseed9tstxfadutz8u4rryy3u,0.00014508,14.99,0.0,0.0
2025-06-21,df0812171e740015c6ac50abe2144c06874452bd23fdc32b7184fddab069ca9f,in,bc1qvxspjvec4p4tyhvwrzlf3s2g6jd00mc6gdyagf;bc1qwn535dqj7z2a4gnh7ug7l4q2tjf49l45tlzrss,0.00026352,27.22,0.0,0.0
2025-06-21,fdf66b30f924aba997c27b2f04735efee7dfb557df6600c5a383dcb3ca94076b,in,bc1qxfd3ylegw47qs5xkhux30eh7u5lsgcwqrkx9j5,0.00017862,18.45,0.0,0.0
2025-06-22,0070b13c0f84b36176bd1ac273ae697b91d13d77755216a4b9d351e4f41357f9,in,bc1qtkepkfcq2l63v7m8sz2sv6m69fnr89zwnhs9aw,6.103e-05,6.23,0.0,0.0
2025-06-22,078a4e6ebd77bc6873e5e70e2194e802f8b3afd19abb409102b6b65503266fec,in,bc1q966mxajkae923ye7vspzn7m4yntczw59v4ngkk;bc1qyslzt3894xlksljww0f9c07wy00za9evsw7l2n,5e-05,5.11,0.0,0.0
2025-06-22,0869b01a1a9cf74818cf3b6a3cd5ee069917706b9b63245c7e34c4e38da2786e,in,bc1qj5cvj09n7ttnttkn7492x6n8t8tag20pcgupmc,0.00017784,18.16,0.0,0.0
2025-06-22,0fccdd5f681eac40bb39932988e8fc5f2b67f3c0d929cb24f59fe64a860eb4bc,in,bc1qcfm0p84cd629jwvf4cee8jxtcv0rltqlmhdwn6,0.00011404,11.65,0.0,0.0
2025-06-22,12119b1c0d259ddec25694a255e80115e21be39e1caf2a86a32af2399e9b8da6,in,bc1qnz3jvrkc6ghprzt2vzw3msskn098dcmc7lgwlg;bc1qpe7hmt8f2hnj4uejt6kle3vje4x4mxwfxwsafd,0.00045129,46.09,0.0,0.0
2025-06-22,130f9ded3f3067090ca51cba151e942a4fdfb9acd6df2e18a1e171fcd02f98de,in,33b3AA1Z6YRVn6psMzn6bR5BJ4o3k4vh7G,0.00048796,49.83,0.0,0.0
2025-06-22,208d4c2fea16e8e26e472315e740fc77f90ae1d989e4f7cf55dbd13af02f80e2,in,bc1q5fpyx8u0zg20nt90xjy0s5q8lttjxens6d3v4t;bc1q65r8ckfklhxqzq2mtey2l5xe584hrhrfcg8q8d;bc1qh0sfr2ng5kyd2eqwh20e7t2l8pyr02aq0znqvl,0.00024869,25.4,0.0,0.0
2025-06-22,282ff352b592d1af67ee6b82dd606ac601ea118578764bef75b9102e4af500b5,in,bc1qgl09wj5h8yjylkum63dtzqfuxppxl526577kne,7.67e-05,7.83,0.0,0.0
2025-06-22,3925c95c4d6eac38c1f83ec0c98fe8de790363f248f5ca95d9e22e4d35e652d3,in,bc1qvkzexpwav69njn554ugxakcl8mlaxn580uwj5p;bc1qxrxzprrnj57r5ve9mevyr7wtyf2vvxhwllhyke,0.00034209,34.93,0.0,0.0
2025-06-22,39fc8d3df82f1120804272061a8c02f3cd126a51bf307e9c4762740ccb46aa08,in,bc1q94s0xycu7sj4098u9xtv0q7flfkw8wgzt48q2a,0.0002065,21.09,0.0,0.0
2025-06-22,4085993912f4d7d5994d7eea9fef0945d630b10292e6a1afbb4f2c43ab255f1b,in,bc1qdume49sl56ckzc534chtu7r3wjdep2c5kvtvuv;bc1qwyvz7uf3zgu5w79x0l5hlkl0rul7uas23lq88a,0.00019447,19.86,0.0,0.0
2025-06-22,494dcbfa1287dbe22ef940d071f41ec714c412e79ea6fb24e3cd78e5e39e0b67,in,bc1qm34lsc65zpw79lxes69zkqmk6ee3ewf0j77s3h,0.0013774,140.66,0.0,0.0
2025-06-22,4983683e8c9b8b7ade7b8e52d79b2b6738767c827ffba245e450b293538c9000,in,bc1q09jd2f9l5760jc4kuy6ktt738dagn64c668tpj,0.00010046,10.26,0.0,0.0
2025-06-22,660f74b85c969023dc168bc37dc340701d070491b72e9a1e68b9f9b4f28af0c0,in,bc1qu4ztrd229cgsau4egtg428a2aflkyj2s6xyxa9,0.00071068,72.57,0.0,0.0
2025-06-22,67563cfa6fdcb93b1dddbd9e651546525e6005a5d0fc8d3597290626f6e72445,in,3EjZqmpXMZxPeaTY3EKgUFQoinqhGGuCPV,0.00019518,19.93,0.0,0.0
2025-06-22,67eb500fac6b30251d391c0e39ee372ba74ce2f0a7143771381d64ed8b7ae507,in,bc1qkxzspff0dx8n6wz742vfnlxj0pfw7tdjjnh0wn;bc1qly7f8gfl5kgu5949vnnty8fhy54plzujz2amdg;bc1qq9h73cqvdlj33a0rfv2gfsn4jezlyxlgrlju2x,0.00025364,25.9,0.0,0.0
2025-06-22,6a95d303054914b150480b25308b520bac1be2ac3648a287dfb5e42286a81ab4,in,bc1q09jd2f9l5760jc4kuy6ktt738dagn64c668tpj,6.061e-05,6.19,0.0,0.0
2025-06-22,6d09b1c4e0b67aee45d4b229a5a2c3bbd5b642f1ff06de72240a73a09de375d9,in,1EmicEG2CbBSYHG1jksfevW3hw1P6LNvD,0.00091143,93.08,0.0,0.0
2025-06-22,7486bc16021c07ea190f6193dc8b96797f7f1904615f44a8b153512f1b5bab5c,in,bc1qpwng5muw6se47sxm9msv3pkanfnnhsczfyk47y,0.00053642,54.78,0.0,0.0
2025-06-22,7e61f32553188fdf377c9f7e8384f1c79e826ad110a784b733de05c29046f057,in,bc1q4zfeg8tc43z9apmar98ekayxj284xf8nqpdapz,0.0003006,30.7,0.0,0.0
2025-06-22,8636f1736b2cf75750f73839604a387fc00b6fbc78f9b4b9f20e43ba53c8f3b0,in,bc1qm34lsc65zpw79lxes69zkqmk6ee3ewf0j77s3h,0.00022,22.47,0.0,0.0
2025-06-22,87c0c1d2f32f55635d37047dbcd6d00d8d374ab00d9b91c8a1d0b680f26b866c,in,bc1q0ffuf58kqftdrfp28rsnysdy2d67wf9uxeut4u;bc1qxgnrg4mpcyruepac62t5yj07f82gfsg6czm48h,6.114e-05,6.24,0.0,0.0
2025-06-22,8a582eb7510a3017f9d0255361fa91e2a05fddb8a81bc9be720d3252557f36f1,in,bc1q6xd2auxzr9rpa758k2ja35phlwmff0zuphe77d,0.00097276,99.34,0.0,0.0
2025-06-22,9f184be1ed08783181e15057c10dabc641650e1bc804fdbb9e678e4fa3d79b57,in,bc1qs08ehvqx2hvsfe07rm5a060qys83tqkffg90cz,0.00010007,10.22,0.0,0.0
2025-06-22,ad6abde3362943f20b40e9304ada5868243364da16d69ad5420de819b5e2d44a,in,bc1q98d7cxwl6m24te3jejkdwugc22556k4e3n0e86,9.767e-05,9.97,0.0,0.0
2025-06-22,b87d09fda6162d2b1c45d04b7cf20797215480864e24bb6479f3bdb51d3830e3,in,bc1qzf2mmvpyrdav94rt43jj6630zpw78r73nxp8j5,0.00027861,28.45,0.0,0.0
2025-06-22,bf2289aa81999eb7e46df63aa2e92f14ece6f150768564e92127ccae96430fc6,in,bc1q0zkt3740pphqwehj3pclw3dzqcd4x37edayudd;bc1q4lajy6ufdflnemycxjlx9m99ts6gax70lh3wgg;bc1qf8f0kcyaf9yfnuagjm4ytcqah2jcs4wy2cvy7f,0.00044117,45.05,0.0,0.0
2025-06-22,c849b7d64bf313f34bd754642e4577d1d5826dc05d5b48acde6328eb9d38c804,in,bc1q87tlxgqtgfxa3wgtppel84eszz0qmn680kz0vd;bc1qvz5jtmzspkj2748f78lf0xfekkrg6w62xdk3rs,0.0001157,11.82,0.0,0.0
2025-06-22,d5e3cec6db8d5d763c9a9bf4b8ff50148aa3d77cd0bc21fadc823a710d65c566,in,bc1qukwv2xgu696drlfude2yrynjrq90gzvtklwj84,0.00041621,42.5,0.0,0.0
2025-06-22,d6f6bdadd94fba9f6679d79645537308572635771ee36aab50c51411ea145b90,in,bc1quuydyv23683kj890gjv3dm2jde92g6ecpezltn,0.0008887,90.75,0.0,0.0
2025-06-22,ea54990d726c5af7ca0c1d35a576f696affd8d430988977e5385b37e11c0b2a2,in,bc1q3d7f3l3806r2fng8ft7w2dchrdyl2jtrq44mqs;bc1qj4hv028e44883uqhr83u96w66dz7djgpdumyjs;bc1qwuvrd7wlhart9xmfkwr750c7fhfmu3vtvdckdz,0.00020361,20.79,0.0,0.0
2025-06-22,ed07dddb3fc3c6a6974d2b86868e51c72ca6bbf13114fba56999e1b258a3732c,in,bc1q78ltw9qny4dauq0zf0f5cs83t66n2enyelr4jt,0.00048708,49.74,0.0,0.0
2025-06-22,efd0e67c264b6d6e3e2c47cba82d03bf72c2941cae1c7e99670a1156f7b814f0,in,bc1q76l3x79fd6du97dkm9rwsgalvzhdsh6g96dfa8t7n588wxyp7h8sars8x8;bc1q7m0uz4h342kv5j4rxzxp9qj5ucc8s747et6st63st7jdfrhd422qs573kr;bc1qekl48fnpzw7tklu72qzkesec5l40m20n4cxe588mqddtf28rwgzq2cuc0s;bc1qm62wyydrcn9svndfaf90sz5q3wrgr7lpjpgnrwtwpvv6a0uw40ps7d384e;bc1qstfafpgurs4xn0jsxnfe6xwzsvssnxt9n9yga5w8vywdjpvqkh6qd3y9qv,0.00070624,72.12,0.0,0.0
2025-06-22,f0102faf7d17e9ffc4bcf3a009eff3bc32e4c66628c0ae26e0ad92a9bf52b048,in,bc1qawntugtf20c5l2dv5rtschuf4mgnvmqm8u5uns,0.00097261,99.32,0.0,0.0
2025-06-22,f33bda1c9844ba321bf4649145d2c37b4bd6c9c0d71479da77caac3cb2cf0ad0,in,bc1qe6pfh3zxuc8xg9psjn98taes7ce3kdywus22au;bc1qxk7z3ppzf3aeskpu48gct58t29842w8pwmh7dk,0.00018312,18.7,0.0,0.0
2025-06-22,f60ba508d87e8971d530e0b9f3a58a0a0e990c34fc8dfbc009336d7bf740e918,in,33kJ8BJJUqFqboYTFKFVWAjREdyANQToDs,0.00055044,56.21,0.0,0.0
2025-06-23,073ef487c04569c7ef6cc8bfd2a3ed0f18ad654d06ad21fb14d5eb13dab913c5,in,bc1qzj37xkd876zlxc5qert6tx8wt8lc7klfmnu7zj,0.00015384,15.53,0.0,0.0
2025-06-23,0c2b366a11acf187104788f3682a72a60a7a60a9901e5ec439a66758d728c8c8,in,bc1q5xt6xyr5jn7xlh2l5rxq2p8w8ayqeq90e26a8m;bc1qqq7836fgt2twu5a48hyr6q9kqzjdnv56yaugl6,5.207e-05,5.26,0.0,0.0
2025-06-23,0ec1089abb9e46db34c3bd5947db9e610c28e51a9da2a84440efbef514e13589,in,bc1q4zjtgr3np7ywu72zuvxcuj6gennqjhled3d2w0;bc1qpsfg6etvphc8h50l7jtvp5fymvnyq8ujc00p4k,0.00033039,33.36,0.0,0.0
2025-06-23,0efc47f5ca47caea654076f708420cf4105642fc7fd2524d9936383b74b85969,in,bc1qhx95fd8qq0ekz4f927t66zlmy0x0ds9fn8h93w,0.00048189,48.65,0.0,0.0
2025-06-23,2a25273ec7abf77b08bb979985524a106e334b546b57d7b4901613823747dd42,in,bc1qjxe6jr8esdxdgfentd7vzunslezehg4049l2f2;bc1qpr59vdhcg6g7vwk8h0cgngyfdw3h50drzrsdq4,0.00025631,25.88,0.0,0.0
2025-06-23,462d8bc853327bf4d117d5c369064b7c5a07426503ad820ab9a3a97d676eedd5,in,bc1q0kps3u790at2hd2ruflggcsxx9j5fnl4gmdv49;bc1qlfsgfrz6y3ykeuwvpmfjl7fp92ssa2qlyp54nw,6.189e-05,6.25,0.0,0.0
2025-06-23,4c09814d0776a9c4e9f93c575f2f6b9e0f6ef54669c32a263688b99852c0efb9,in,bc1q8evwj57x5w2fwq89hshdl3zkt2x0mfkzpu5grw;bc1qe96kd80qhv7h08wytnxz72rwu729a9phc0x7uk;bc1qm68lcy0auwzxu4f68jfpyyyqjvkw3x9mvc06hl,0.00063639,64.25,0.0,0.0
2025-06-23,50a1d8a3d82f72afb12e00dd7f2e283da3c8770cc460939a2a0e0c3828ecc8ca,in,3L7z7puKqBCTrnBR1VpKVr6nt5Qhw6qTbj,0.00027041,27.3,0.0,0.0
2025-06-23,583ef229aa2a1fb9b5c189e93ae5adceb0e7a29a721bd00c15d6f82779923b2a,in,bc1q6rg2388utyxm3g3prhu26z55u653xkddtuch2v,0.0002591,26.16,0.0,0.0
2025-06-23,5e9461cd3953e64ba490b6f70ebbc98d08e07924558039488288a59a5cb70c26,in,bc1qpya9ak3y33nez5c7sjl9xnypyk5m9gl230rygh,7.651e-05,7.72,0.0,0.0
2025-06-23,6308ae95fbd8b49a82d042c477d0c5acfd37813fbe21b8a0ddcd48f20b43e5a2,in,1H58MdUq4a1pzY4cw8wnQpMAwRdxwAJpr1,0.00045417,45.85,0.0,0.0
2025-06-23,6f698be2d1ac55a168bc04abfb6455de120871da5de6b2a7fafdb84ab09b8cb2,in,bc1qua5el554nprlzwxry942auqd5h0grg09zqmng8,0.00024575,24.81,0.0,0.0
2025-06-23,738b379a70c82238e99eeedfaf7b1b024f9ece83513ced64575028dae018e88c,in,bc1qe477j3p9aagh7aw490f7yknr38gnw77pmhmte7;bc1qljxt22pt6gn96d62jl4furxjct9wwcem6zpq80,0.00010035,10.13,0.0,0.0
2025-06-23,738c886cebed75fe860d87523bc342589921542e35505ed78384741b1be0dbdf,in,bc1q4r02h5c7knerhl3l7twc54y6ksszcyhpppgrey;bc1qc2h3vpuml5awgt30nglhc95apwmdfwg3979aj7,0.00022562,22.78,0.0,0.0
2025-06-23,7594434dcf47f82f10dea433f3e8ca6da07edbd8a239d98e2d2073827ce6e104,in,bc1qqms5pwhxv0yd2h9jzknczegs3ztykvsul0unmk,6.136e-05,6.2,0.0,0.0
2025-06-23,81b41f1776489572c221840febeeaf0dda02b82251b042a8acefe13a5ccb591d,in,bc1qpu0h7gl5h36jjfj7e0jnmqs3hdfqve8m6wc00f,1.607e-05,1.62,0.0,0.0
2025-06-23,8324624cd8fd737552cd16d025ac76ed36735dd1c1f86cdded5a528b70b1249e,in,bc1qr57uww0ldl6wd7zwpq57lj3zm2aku5mtpxdhqy,0.0001399,14.12,0.0,0.0
2025-06-23,8b65674f56c82cfa04bed3605bfe29b064267ae5462dc19756aa3902625d5bfd,in,3987b1UvPrT75PnhqCfevtt1xmYsEezY48,0.00010654,10.76,0.0,0.0
2025-06-23,931714c7ecfc6031b5c2c6c5bd6b09e756c7ae58f65dd21a179c0c3b20265830,in,bc1q5ztk7p0rk9uysy2whgewqvp4cvnsadn8znntpf;bc1qewya856ymathnx4zux803tcllgj6emarj4rqv7,0.00108252,109.3,0.0,0.0
2025-06-23,9cd81d60b9b0e092ea3acdc06967be009db5b02ed5cfba415626bc8983b827d2,in,bc1q9u2erspasdevvehaqrlgzn6crpha6ymppqrj3vqen0valm00z58qegaz62,0.00044504,44.93,0.0,0.0
2025-06-23,9e154b76bd35413fa9348129d0724a8301d028fcb02047222c69b846b0a3192a,in,bc1qqnvr93r4kmzzc4n35pldwxxttq59re2tcd6t7n,0.00029436,29.72,0.0,0.0
2025-06-23,9e88c6a1bb67cd0dd02e7c6fc2dc73622d52deba0ddb2d8ae6d30d960872bc4c,in,bc1qup4kts7n9aala6ywmnnpslt3ndf703r3vhdk3s,0.00056932,57.48,0.0,0.0
2025-06-23,a102e5d4e392774f7372fbabd56270bfebbc2b9025e9a44e17576dc8a1383036,in,bc1q03erxsryrryydu6teu2jaxsy682h9r309t3ett2tfjgv0ves5zrq0hynpv;bc1q7z7g0v06h0c026fzuhc2rwne2nalzfk3mskce9cuy4rnn263dwnslaalyj,0.00027791,28.06,0.0,0.0
2025-06-23,a4d73f28bfdd328635442e4b7de3523e1291828c8b367b1bc8d6a420da7aba23,in,bc1q539gl35acudse9ycnp62457prndaldqexj7l8j;bc1qtnyv6nalqspf4ervq0kw7snj33de834anrgfaf,0.00053323,53.84,0.0,0.0
2025-06-23,a9db640730b61be9ef7a9a38e0486a320d412899467d3138dc40e500a5156024,in,bc1q4nugcdl8uw5pmhg5lc8ndc9x5pm6ud4kapu743;bc1qyjzg0e2327kgr0n7yr6pfydjxsyq4mh6ktmemp,0.00029634,29.92,0.0,0.0
2025-06-23,ab3d95cc4d3ed4ac71c417f021ab3c1185d29c778bb7ae5c3d4e1bb73c4bbdf8,in,bc1q3tkp8ack5w9kjycylufyk5je8sv3fwr499er5u;bc1qnck8mwt5y8funelywqdke4ypgxe8gz79mlqepf,0.00068468,69.13,0.0,0.0
2025-06-23,b241ab8c26885045bcb476ffd1fdbc8fa153283448d5001040dd952eab3c3ae2,in,bc1q959hlrf6d2jhfhh8p8utytt7pdhahegkmjp2fh,0.00028855,29.13,0.0,0.0
2025-06-23,b388f7239a49ffcbd9fb07d30adc3835df7938bced89eebddfa1a4abca92a0d2,out,bc1q8k3ur0l2x7qcjmrxl9dfunhk0tu2esj7kx77cg,0.01998128,2017.39,0.00017546,17.72
2025-06-23,b3ac2e9c057aabc10e4949b1f80e2cab560415a4e38677ab75c49684ce9797fd,in,bc1qshvdn99z0x2jcvtchpkusgna3eh3pwket8jup8;bc1qvaj8dc4y9c0jp42chvf8dt82vtt4jrys4vv97c,0.00019158,19.34,0.0,0.0
2025-06-23,c016a8399354ee837d332a32ba73be4ef0d39034a485d14fb41f8f51ad526653,in,bc1qe3m5aqyvceut95gmgmpddne2mp7gsdgfvquu0p;bc1qwnml7jrzugldwd2lt65jtzyhc8v3flf5ykpswz,0.00018367,18.54,0.0,0.0
2025-06-23,cad9ade95f5109719cb6d07e1959366db829716965cd0fc98169050077db156e,in,bc1qudpq7q93cjzflzzv340fy223r5k7wjc5jf4xm2,0.00112692,113.78,0.0,0.0
2025-06-23,d1374008db7b62e48a777910ab3a854aed84d23b59e76f36c80cd0c4153cf1c6,in,bc1qax2zkfjr549amzn49dgp2cz3y2d8p049yfma5t;bc1qg22tglq7hqg6sflgvv3pt3ewkdyw8jr29hg6d2,0.00055431,55.97,0.0,0.0
2025-06-23,de7025bdb20339df6c671b86c4056e8e9a97187c95790e822a7e7fc4c25f85b9,in,bc1qhkn888597hfn527ux9sgusvm94k9sgmdyr2px2;bc1qwczj2f3jpdyqqgq6jhanfqnca9nnncqes7ln87;bc1qyfc3pvt6gele4t08fr34py975f3xje4j7puqnr,0.00105991,107.01,0.0,0.0
2025-06-23,e6a070c68c5e7e03c5d21a8069b8d8109d0dd6c269d99cd51d7b47d66c7645fe,in,bc1p3vaw9fa436memzy6dzedgt7cdc6mspu9wn4ctq3m9xf8vkgzavtqg7fdjk,5.001e-05,5.05,0.0,0.0
2025-06-23,ecd36a02ef064f795f69d99bc9247124c8f7e48bcf3e5ad6edd8cdf03f625538,in,bc1qcxrnvfya9wfwzdm8lr34a9mjf9377gf9m437wl,0.00016874,17.04,0.0,0.0
2025-06-23,ee8da5e746311de4e2fecefaf8aadc9604878e676c1b6416b09993034b1f8e1f,in,3H9WXKYPqq4xo3ahuQvEDcDJBgFJcxGLpJ,0.00019747,19.94,0.0,0.0
2025-06-23,fac3fa59a7254d810435c2fa731714293ac325a0a5f6eb82920374e2935a37c3,in,bc1q76wdpr76r5ypj3jmqv6ryhlzrlw5cevtgu27w6,0.00039466,39.85,0.0,0.0
2025-06-23,fd197b190d31b1b0d292d3c17f89e52a1f2f2c6e6c20c40eb2d70afca8d91d5b,in,bc1qgav4hfyk0lqxp50vdpq64n9q6xx5zgtmmrtur5,0.00012064,12.18,0.0,0.0
2025-06-24,0066a3bfe78943dbb941567b4f8eb56b034642b5215d361fb730201d7e0681e4,in,bc1qaeng3vryhktt3ge5ysznyvzwah5fmc0h7m5uqv;bc1qn657rcfkjnw03pp4gxmwuh98lekp3zuhc0fpmc,0.00023578,24.84,0.0,0.0
2025-06-24,12c026ea1fe2a38b338cd0bfb1bae6705a800e0ea7f0b0381ef0e49b3e8a7034,in,bc1q457h7f7494q5du4s2c6rprqdy5mq0kc6qhq2zl;bc1qt77l8t24tgkxlx84as8x28dc03unqqxrlfug0p,0.00094941,100.01,0.0,0.0
2025-06-24,2542d7d05aa5a84137546283ae4d2506d2e075f18592df3484d51b8ff6d88ad3,in,bc1q2gs90yjslh0hjvrpvjepel5d0hvak7aayhnnxj;bc1qdqw039nthh9ekde8sspws06d57kjmtmh0a5hnf,0.00104568,110.15,0.0,0.0
2025-06-24,338dd8080cd05b328c69bcf1598968a9c2a979eef2aa422a1e679f93e51a952a,in,1LLEbWV8Z7J2ZrrGwB6auUjR41Gm9LmTjg,0.00014249,15.01,0.0,0.0
2025-06-24,35156cff85d120accfe0aba3853a17122ebb50c542f9597175da0997d66a683c,in,bc1qt2dug42angy8g63dnlqc38hwvltldxfan0q7lt,0.00042292,44.55,0.0,0.0
2025-06-24,372621cf01824a2c1bf3c3bcb07a704b671beff87efc22c590b1546fc65c1688,in,bc1q4dah5kdn026dsear0fdkwxn94z2dyn9ayw5dmv;bc1qulstzdj6y2gyp7s02h0aty7ln7lsjctkkh48q4,0.00018975,19.99,0.0,0.0
2025-06-24,3d62736dde46d81b2885286e46dc37ad88f6c1cb9d5c1d1669feca89489a9521,in,bc1qjan40nnk7lk3q2twd522rzmj8x3ecpe4n7m89m;bc1qyg2fjv7d0ket56f3qgsqztg55jclfmds0qxn2j,0.00023594,24.85,0.0,0.0
2025-06-24,41b7ccda17d6d5b957be81cd9f15b70a7ea8415af42d353fe81386c72c55e6dd,in,bc1qp7nzdllcaxj9clffatm0vk9y5cej6v87ns7n9a,0.00017151,18.07,0.0,0.0
2025-06-24,4590b3a8a7e3bd878e7e1ff995532825680627c63781d6a597513f974cb72fac,in,bc1q90xz8euqtza8554dyp7c3h8yxd524vgsc07c6m,0.00010058,10.59,0.0,0.0
2025-06-24,4a43b95df8061ea56a9b76680bffe552aed6b1cc6fe0218c1ca3ac07f7be56b5,in,bc1qshq3hg0gn9afdwfgrten0y8gzlar48vcxqzdwv7nf6ecfe4xewyqf8a440,0.0001239,13.05,0.0,0.0
2025-06-24,4cfd6d0cc5cb6dace17e8169e269a2782696ed948b29e259e13cfd279378f084,in,bc1q5d0kxlvgrky4yrxu0uqxlcr8sjkpkq0phww70v,0.0001427,15.03,0.0,0.0
2025-06-24,551fca1959f9614e3da5a2325cd863fe2830e4eba96fffd73cd55095cc64c575,in,bc1q5alwaaaln5apszq3hps6k7q05j6yl322mpeldn;bc1qngg0s2ss869rngfr4g2xsv7nm354jpa568385w,0.00017992,18.95,0.0,0.0
2025-06-24,653ee9b21e2aab49d802681383fbf189221d069cc0a6c3370233c581e6e9325c,in,bc1q3vu3h9qmde5kv4950kezz966drutcndnn9a582,0.00019622,20.67,0.0,0.0
2025-06-24,662f97c97323371741d72bed5bed3d566b9980ee4309e0360ef22568cafab2bc,in,bc1qhcw8w7wcqhzzpkjumty5mpczuaczlycz94r09t,0.00016408,17.28,0.0,0.0
2025-06-24,7a8a9cb1c2fb8c3752b2321419efb7b57c15597c8d8ffdb594989519ff6ed4f2,in,32ycqY8nhvq4c3EUA5SeAc71oFKqbfmx5d;33bABAPs1pDGGmV7PQY5zWZwz7Vui64jD6;35L8UUyj6rhM87vSdXEmCZVx3MhCFVGLEM;35rCSDPKgTCK6yGKHsWC57x19jkT5b7zSB;36cwEjDdcA24sfMaSe8H7qrg78xQ918r6E;36om7HYfmx6texCLgw9RhFm3S1adDeDfgQ;36qyBA93RuaUNP9Vz6n4eorUcz3mtpFiJV;38nXfuhSUro87Cy1NcyndPoc61kKFxqJLu;38w6nxny3sy3SpScxy6faCtFVMM7BEdLxQ;3AfkHLQokeGuHmdJb4LjfCrtZySy6HvHYa;3AyPX4Y8c4RJAHKTkegeFih9a5NNNMRk9A;3BKTMRxASFwDfaou5Unv4A9CKXz5Zf8w57;3BRRBYmwhNNEzMK1gdykF1Vx5tujMr54iv;3CTwz6ngBEZnKs4KY5Nm4HZ3HfUmqUJPEg;3CVeNnwWTS,0.00020571,21.67,0.0,0.0
2025-06-24,7ad947d579da052ed01a2866978b8cbdb9bc74c626fba600c56dc7dbc7861e75,in,3H9WXKYPqq4xo3ahuQvEDcDJBgFJcxGLpJ,0.00024062,25.35,0.0,0.0
2025-06-24,7ce553b6c4560e485c0bcaa41dfc29720ae2cc075c65ddce02c9e725c1cdd47e,in,bc1q9fajnyjrrdlzk63p69ns4krqw2ly8dvxwy5k90;bc1qcv5z8lpm29hs3pkn3tmrux3udx9kfp6tcud3nz,0.00015737,16.58,0.0,0.0
2025-06-24,8264fccd2a8ea8a5d580bc01e16e685db9f72f8c6364985c24493d9f29ba25fa,in,3LfYVCCZXNsSEedFH8VRwx7kgCqg2NusS5,0.00019368,20.4,0.0,0.0
2025-06-24,8726833b08d1d6d5fe1e432d2bda20705f98a0704d6bbfb291d1aa68c4de7ba1,in,bc1q3ccyyfg4evccsn52y0nq27mrx9ej0x4686gr85;bc1qla0kvq7tn9khv3xql6d5u4du9uk9y03ykl05nc,6.673e-05,7.03,0.0,0.0
2025-06-24,90f393fe54f9a6b58f1ad5edea82ce6053d30266239e9bf9ae7e540f74a13b5a,in,bc1qheapgs6qy6hkslha8dal0zjhqvper0aj47vk9c,4.752e-05,5.01,0.0,0.0
2025-06-24,9d4e9d98b84004a40d6da2f12cfc702d62c17da0a7cdc291f19bb4401f4e1f14,in,bc1q0syvtxrnwule09eqaakwdhrn6cdsaan0f42sul;bc1q7kqxavwv9vyvleae64p502aktw62seade6mdjm,0.00014935,15.73,0.0,0.0
2025-06-24,a011eae7d293020bba616f7d145c86419f31e4772e305d82e80135fed0bb064d,in,bc1qej7jcr6f0rsejux64gylg2s37c5tpsm0trwnmu;bc1qjtksmunvlzm4cmsvrenx752hvk40lcghdu0rel,0.000108,11.38,0.0,0.0
2025-06-24,a0e8f92720d84d2619fbaee88496bf32d460e36c5f7c9ab5cb8925e96c44a1f1,in,1EfoNG8BuVx7LAhfgtJm1AB7X1oYrSevEZ,0.00073603,77.53,0.0,0.0
2025-06-24,a9577ff2d5680884897c9b70462574e2a5debb00feb18892a18c380c57fcafd9,in,bc1q9e86qeadhsmstv79rdnw9wmfa9r6p9kjaz3ukz,0.00033741,35.54,0.0,0.0
2025-06-24,aec79761b11bd68b50fd9a5ce88e12634bab84c15a2c5d47c8bc2a81d1e6f4d1,in,bc1qqvemldu0zxhcmzhyqz78upqymr6mfsxxwcd5uhskgldchhfq87nqp8klah,0.00022028,23.2,0.0,0.0
2025-06-24,b081b7d588b100daefe3366a1cd068712f25bcfbe28185b5dbb262675e8e4b79,in,bc1qc3wlkvkhdcqp83vu25xauzkn9k6lsza8jkzp6j,0.0001303,13.73,0.0,0.0
2025-06-24,c846a892cf8681f422ac47e92a1a289d300a6e8212a64f62b7e09a667cefdd8f,in,bc1q0uf57942ftk4qmcqppl8e09dl47jeegkt4jw8w;bc1qf2ud4wj2kqfwmag3ejxvckms9vgfu3c9z2wncf,0.00019042,20.06,0.0,0.0
2025-06-24,d20b02be62a3097117bee944d62680d984b18ed859c1d65009d61f572ca299b9,in,bc1qjcf94es64f6vdh6dqzq04rnaldyq78sjqkkdrf,0.00039646,41.76,0.0,0.0
2025-06-24,d896f8fbf5dcc5687cfc25c83284c5d71f8031cc19548b66555dd93f4d94c67c,in,bc1qu5m9uueq5pls7fse02dmvqqupxms9fmkk0rx6vcglw4gmlqtmjvqmqfku7,0.00026538,27.95,0.0,0.0
2025-06-24,d9d23501133c395a7ddab2a5c6ca05f76aca8b3f18e69093fe11288ffa162a3b,in,bc1qywes2zck33dszfw653wxnp3yxwmpljvd5hms522e5xez8jmpk38qkdxkae,0.00099211,104.5,0.0,0.0
2025-06-24,da804c586f5abd96d96e7019ee9959d19e2ad6e4c671c4782c17899870e0c322,in,bc1q0s6rca52mjumq8fjuz4j6ka5h9jhq57esyd40r,0.001,105.33,0.0,0.0
2025-06-24,e24bce81a6492e3dc2232e69b4e7afa4b39e286b48c33cf8bd3dda72fe97ec25,in,bc1qdmsd42s0tsdaj8w9mk24ddmvyjfsqwlq2dtmxh;bc1qkdep7w8e70p25xcmqqp7gxjgdx5rmu596wxnn3,0.00034148,35.97,0.0,0.0
2025-06-24,e5eb11dd99516012a0cd26609a7f28e6f62aa4b7932a9b6eb0ed71f8098a4edf,in,bc1qheapgs6qy6hkslha8dal0zjhqvper0aj47vk9c,9.517e-05,10.02,0.0,0.0
2025-06-24,e651872591d7f14b50820bee6830d6cb5d3fdf0b2bc002c285fe0bb4f8a7ddf6,in,bc1qrhm3m736nvh9vrrzx9jwny44gwexj93sgkkfdwp2g5xcvgn5wk6q9lylqc;bc1qt704cp7dwt42k2t6l9avh32t5jkcuukp92s79p023xcsmmdnsj0q39mxnp,0.00064753,68.21,0.0,0.0
2025-06-24,f781a3e7096c30442c0a860e9378c110bddc804c576a14bb0ba66132af8f6f9d,in,bc1qm34lsc65zpw79lxes69zkqmk6ee3ewf0j77s3h,0.0007,73.73,0.0,0.0
2025-06-24,fb56b9a4e8e1c74131085e5b872b1fa455e497c49fa8c0a19a182afe7281285f,in,bc1qlwwh5wwl6zvpdpvakyyzcjuj45c4cm2pkth68yvc0dy3rmmq3heqtyalyp,0.00047473,50.01,0.0,0.0
2025-06-25,02da7ee94ae6737e6464803f5bca31ff0fda3cb71955863189ad3dd7c9cb3676,in,bc1q7edadl82ppqfx2mmgftecu9ynrxsrexmfws57l;bc1qlverctceyg33na53j4hcw2hte0xudajarwqxqs,0.00018611,19.74,0.0,0.0
2025-06-25,07b12b77c6cc8070c3ae94a059785dac5c6d2d2f7dd1dd53de47231a16224f52,in,bc1qlykvvtnd7au8p5qsgesgf3uy9tezamehtrjglm;bc1qmqs2cnnum8x2uyevwzf6skz2n5jw4ct4ht5ard,0.00026074,27.66,0.0,0.0
2025-06-25,0e60ef3a4f9d043d8197497f6ce3a61ad553224d252a5a5ff262958a5fa763a7,in,bc1qjgvyetz2vxutu947qcd8nqdfqp78hxduf9nfm4;bc1qlrye43520f75ut0nk302qz3f39u6r4cm6xqqj4,0.00015381,16.32,0.0,0.0
2025-06-25,117e65470a7495481bf80406b4d72c3fd2974e7e1c1788a36195ea08acc9894a,in,bc1qzmw8sh2hka86frlqh2gjzeges42es3e0hf23t2cemrd4vlrle3rq9m94hp,0.00051374,54.5,0.0,0.0
2025-06-25,13c195a809c8c2ce4d5d555d448abcee5e8224948d3b2e1bc1ba3f5895c7d92d,in,bc1qm34lsc65zpw79lxes69zkqmk6ee3ewf0j77s3h,0.000973,103.22,0.0,0.0
2025-06-25,142ef39fb1a34fdd6f53e67c30a69aec1dfd427e415bd0aa75dc7e30954bb398,in,bc1qug4ctyrcyuarm5g53yzuq2twce08gj6mflxk9j,0.00014262,15.13,0.0,0.0
2025-06-25,144d8c2929fc6d14d13c86149ee4003989c7b1fe51fe4084674b8eda7c2b7412,in,bc1q0wu0tqp2u3rtunjl0h0rsl9pvf86acy6sep63st0lp7lgg67ykzqeq89pn,0.00017692,18.77,0.0,0.0
2025-06-25,4282c923f9c169c0e5bc4bdc463975d2ae2f255ea75b0b5bad23647081769436,in,bc1qprav6l02gn5ym33v70z73k7n50yg9vhmtwp6mj;bc1qxv3zwk6krvvsaka40dx5zxuxwmemfe3zj6ghfe,7.978e-05,8.46,0.0,0.0
2025-06-25,44e9ff76b9e8590b0a24dc96c95d097aa131ae8bbad18e38cf2f9ea0bf50bdf2,in,bc1qk6x6tu6rmtuqvmqs6gmvxal4cx9g9x68yllqw5,6.498e-05,6.89,0.0,0.0
2025-06-25,48d02f4ad421e52fc143e73430ab091e1a086128ebec43f8bd112d6f0b82bf2b,in,bc1qfhykjdyqgncx5tzk0tgkpa4568evhn3gkexns7,0.0003165,33.58,0.0,0.0
2025-06-25,4972033b6722788c691d5db75e44af23c2b24dd5f70ad407efbbe937cb18d622,in,bc1qvwdvrgmunnqmj4f37ehkns49yufr4r7wgvs8ug,0.00016351,17.35,0.0,0.0
2025-06-25,5e0a45d100119d53de12a89fe5dfd835f440e89d947d844aa3cb1f4556c92a43,in,bc1qw2cv7y8ep998nh7s9qe70n9gy5kfxhkezesgve,0.00015244,16.17,0.0,0.0
2025-06-25,61b9d7bc155f2d1e3a0aa1f42ee0f55d97e7f4ad270ed3d6ff44f72839418e89,in,bc1qqekrq57pd2hgknq68cumx72czx9zhr4lt8kqgp,0.00013156,13.96,0.0,0.0
2025-06-25,682163f62a8b107f70e87342f383e67b931ea30153938b3f5c166cf2fe193756,in,bc1qwd4kvahgqpjjlq8lchlmplh9d5gkfd5pkh6atq,0.00055818,59.21,0.0,0.0
2025-06-25,6d9ce2dd4116bafaea36730aeefc7d7b2fceb5b42c2ad3b4b152a5f296c31bad,in,bc1qamgjuxaywqls56h7rg7afga3m6rgqwfkew688k,5.764e-05,6.11,0.0,0.0
2025-06-25,80f56625da36d952a925a036230e91675e791163772cbb514a854f5aa6a5f776,in,bc1qn69a5wfuf0l5eunx7k3z9h6trduqcf0wv4ggxd,0.00037117,39.37,0.0,0.0
2025-06-25,86b8f50515c11b68236010a161ef0e53ac4cdcb714e8dd2e2e8d30909042ca6c,in,bc1q5n8qxyueasxyfk959prfg47deuhne8cjpnjjap,0.00076651,81.31,0.0,0.0
2025-06-25,8818716e34ab4769a8d8a4c509de75c3dc694eefee4df045519f9ede3f69ae5c,in,bc1qdcndyt8nz2yv8v2n58688wg0du8el4spn30hwv,0.00018656,19.79,0.0,0.0
2025-06-25,8e3c4f89cd81d73ff65f06e4749d7f12514b8b2d1fb76688c70d10e5b8d9b80c,in,bc1qpm5vcank3p08f7ymelmwkp7ryw29zwqj45pal4,0.00018334,19.45,0.0,0.0
2025-06-25,991ec7b90e154ba8c5d3a4be0606e85b6a03849b6f2a223ea2cb5d71df90c7c9,in,bc1q32l6aqt2p8cx32cefw8f3hfyrfexcyhy40ak4f;bc1q7294u84qsqyp890kw4cjs8cgqt7z8sdkmtrzj7,0.00014714,15.61,0.0,0.0
2025-06-25,9fdf7ee77bde75fd8abc3be77730b097313bf07b8043a8cf5733ca3ef831580f,in,bc1q7hlsdfta85yp76e4uhmdyhwneuejzrt243jxu4;bc1qc75kknnk35cnxm53e0sld5qrt2mzveaut35d3s;bc1quy4pqkl76js5aqemdsuhja0w2wk97s7xpklgnu,0.00025462,27.01,0.0,0.0
2025-06-25,a252443bba2f6f2b928ea7a87382e94dcefa93177e5c0027bfbeba6a7588f5c4,in,bc1q4l8e7gkdlwajjsal5a85ul0whh0p2s4zk97s89njfkaytmkwe8ksh52ltp,0.00053668,56.93,0.0,0.0
2025-06-25,a3f540f7931bb9d91158367fe29ca1d0a6ef74009d3b0daee23e8d3d3e792440,in,bc1qamgjuxaywqls56h7rg7afga3m6rgqwfkew688k,3.199e-05,3.39,0.0,0.0
2025-06-25,a8b5a07cc4c05e3372b8c316e06a5ab3e673a4ee072ad47bfa1d3bb023829e52,in,bc1qm34lsc65zpw79lxes69zkqmk6ee3ewf0j77s3h,0.00297,315.07,0.0,0.0
2025-06-25,ae052b590222d5d81c918f359faa0af612f616fb2b7d9696a50eb1b3afabed9f,in,bc1pkhzprke53c5kdrxgq6yhwnz8vgaed07yakjxkk3lpw0vrt68ymvsltysy6,0.00033533,35.57,0.0,0.0
2025-06-25,b52578662da99c4eda741c3bb346675239a0e2351e989fbf738ac5e75214861c,in,bc1q5we73q5vtthzvy5h23r5qwtg5exuekrjlz3suc;bc1q7u03s8cj57z9fz3lm4d50jy75jecky0hlm9f7e,5.772e-05,6.12,0.0,0.0
2025-06-25,ba0ab3d78a06d64ed43e93a67d0b281595e13f4296411b8d861a45f9068d3601,in,bc1qrx2f6sk3u5ymtclftud2jhhxwzwexlz0wy3qph;bc1qt94sfwc7gzu7qvce0560uf06jm4mlswcvs3cjk,0.00019095,20.26,0.0,0.0
2025-06-25,c4e5aa18824d5554d6c5a5cc2502c40b36169048c12b5c05b38ad14f2602698e,in,bc1qmyy3kz76j3kq5m0aug6j03e33u5a5xxh7tpxsp,0.00022961,24.36,0.0,0.0
2025-06-25,daf4227d63147b1536ec005aed72333bb3816bd0e1ce3b0f8d144913394b5a0b,in,bc1q4zxz9gr6j40xkyfg4msm0pzpcc399704kvnyzp;bc1qan6dr5p3hamfawtl7vrvmqvds0un67fjvhpv8r,0.00035622,37.79,0.0,0.0
2025-06-25,dc625293bae8a307a52c1f606579f6dede90542c6d9d58de196949ea23eb775c,in,bc1qm34lsc65zpw79lxes69zkqmk6ee3ewf0j77s3h,0.00018964,20.12,0.0,0.0
2025-06-25,dcbcc0a2f167c31fab0782a6f3adce7e3e4b3bd96956723d91eb9a3533277a5b,in,bc1qvaf2yv2xnw5pjzg938c6m76r03sfrzv2kp3z7u,0.00060925,64.63,0.0,0.0
2025-06-25,dd7b9f056b03d10eded981b2e721fe4f07b772297a6ca40069c48319dd5773cd,in,bc1q797ztc5zcy2unmtp24pxqmzz2enn9z49ucja6y,0.00030909,32.79,0.0,0.0
2025-06-25,e7eb0e023d8effacf33c61034f15ec4e949b9ec02c065f8159b8a0c5d2521e6f,in,bc1q0v5gp96kjjuggtqr3yrs7yftu8hpexfpukrm3k;bc1q48fqfcz3nnd672uzk39ln50sjwzjanl86vna3p,0.00015506,16.45,0.0,0.0
2025-06-25,e96d166ae82674321bd9639f1da9eceff0be19d3c58ec5c3381e07d97b690c01,in,bc1q9n80ng95zv0ratpwywhvpfa2j8y6cpn6svdcvc,0.00013954,14.8,0.0,0.0
2025-06-25,f4332a15684dc7e6839748e0f95ca9ca4e85383886ccc5ca9a5fe2589fdf2263,in,bc1qcwq6wlndfyj3vc8nt8p3k5756lkft50p9pz2rk,0.00093351,99.03,0.0,0.0
2025-06-25,f503c219a7768efc5fcc439aac87bae8835202f674644d989f8c0af0ef4d1ad8,in,bc1qmemegvl0g5duag62crgqgadumpm7wzamhjfcqf,0.00032914,34.92,0.0,0.0
2025-06-25,f9872ed12daffc8459ace39ea5a56690c4593cd34647ce3a0f4b6192899d8f13,in,bc1qq824u0nn0kt8rhkq6qpnj4hhgnmg3l2kt8y2qqypye3zpxc04aksvdtcyf,0.00019322,20.5,0.0,0.0
2025-06-25,fa5d2fa3030a10e08ad4dacf52bf864dfab246baac6d6f41852371fabe13949d,out,bc1qepa394myfpmpkxnxz34rlhlgwuk3nf6dcs4r6r,0.02619836,2779.2,0.00021098,22.38
2025-06-26,0023ed62730d9b2ccc6d336797a2133c0fe64b980f54b5826d0c5ec07a83e85a,in,bc1q0drtkyel5se32ld76w6zv5dy3ednzzvvdphpyr;bc1q0t2x8pwej7kwchgdg5duu80knxp888yac2dx30,0.00032048,34.4,0.0,0.0
2025-06-26,02b160244f2f18d4f4449625834f747a90ce9ed1d7a72f14f7c596cf37d62d2b,in,bc1qkyt8v4scuqtvexmd7pclz6dkhlqfgtanecr05v;bc1qtzl737qn5pz3n6x9wm9q78u5va6cqpznnv3jsv,0.00012441,13.35,0.0,0.0
2025-06-26,0c030c6584486af310bebc3304c3975ff7275d1b1cd6edfc14d2898c15d5f459,in,bc1qlvwstfh8r3cfu2rk4a9fs087fkys4j6nw0cjkq;bc1qupxleyq4kf2rqckdrs37620apcv3m8fgzx95w5,0.00033908,36.4,0.0,0.0
2025-06-26,0c5d74f1c8bd064390f703e4ca9f4676155e9779585feb7d44fd84837121bbc0,in,bc1q44ahz69cp43jcwvqs3uv4ngphmeqg6mjdpg00h;bc1qwalhskanxagws0gtle2wqy7xfvs4zmlpxgxqfp,0.00010842,11.64,0.0,0.0
2025-06-26,10be325fc84c266cc2a553c517e9723db37699b3471aa2aeee9c693d2451971b,in,bc1q2tc82hyc430jewnkgzkvnlv09ha4jh97zyfwqd;bc1quggllmkq58kdnmcnclnwckamylzd59a9hash6a,0.00019246,20.66,0.0,0.0
2025-06-26,116cfb9a4242292c0ca6fddce9215a177c2d7b357ba48df431a3106846da3dce,in,12U9aYvxy19kmZufAYpPqBbWvwZG7WbmPs,0.00037295,40.03,0.0,0.0
2025-06-26,140090b9b39cc71f01fd8f3cd7044f31e093f37daa6d32bb245d6831d08d0e1d,in,bc1q2pq6swj56yxvzlk9lne3cpyspxsj09lyq9a2a4,0.00026754,28.72,0.0,0.0
2025-06-26,19ee21a0097add7296ac7024500a6aff9ea880beef4dc2b401598683de8e4bd3,in,bc1q94669s44343xfc3959ycezqg73j5rzcgnvuxrj,0.00014844,15.93,0.0,0.0
2025-06-26,1a6d8fd80acb0f00c044fd4064978ed4ab2a1842bb6f5d60187e79a0e05f6813,in,bc1q249yd8ym5lccuns7az8xk3lr0rampn2q5f4xjr,0.0004345,46.64,0.0,0.0
2025-06-26,21f6ee257b47fbf9a3ef99f2e9f73cb0aac178918c3bb7bb662e05a574d30de3,in,bc1q249yd8ym5lccuns7az8xk3lr0rampn2q5f4xjr,0.00016318,17.52,0.0,0.0
2025-06-26,2728f2f08d6d9ea6c4a68cab6780fd1ad529e26edfdb1dccc362374a4570e347,in,bc1qtrunt2474kzn00ux89nqdk7awzqhu6q6gpd9ua,0.000696,74.71,0.0,0.0
2025-06-26,2afae20cd6b25328a44d1f9777efd650602ac1dd7f5c859977838ad97bb6b971,in,bc1q02ap8yzervj3d3j3s5q4f96f2tt82d7lupxz42;bc1qfmzfptgwx03cdy8790n5ecf4q9530tzta2qlu8;bc1qp4ny9meqngew7ul82857sqqw3dsp3snwcvk7nj,9.036e-05,9.7,0.0,0.0
2025-06-26,35b23c882ae3f77d0f3d1337a3d95c8a6a7634128eead99ce26774c2503342c7,in,bc1q4lgrna0gkr0py4tjdgsag88y5texm0wy3ldxmy;bc1q70240az7eldtn5hk22kukdvthgs2ulyskda0c0;bc1qrm489d2hsg45s3j6xjup3ssm242fpjhmwvv27d,0.0003236,34.74,0.0,0.0
2025-06-26,378ffa13bed178b9b5eabce3be9e70c4c980f496af4cf22e03b195ccc24fa645,in,bc1q57g3rkpr5rx0jhj3gpzaqsrf6kh0kn9zlefrgv;bc1qf0svfcavq4rcrh66l00d436w4x5m35s3ztpqtw;bc1qnmza9n8tkpfgj0knpquchvhfkeyz40pasp47lm,0.00023266,24.97,0.0,0.0
2025-06-26,41e054a5c3ab64740b6d1268451e2a13e8d5336f549e4bc02a8446322d837a8a,in,bc1q3p9frzvpk92yey7wujks37s8qc5exvccaaggtm,0.00014572,15.64,0.0,0.0
2025-06-26,4655adbec31e6a0c02d6ca4c946630d5ab302938e1202faf27471b90ee9dc6a3,in,bc1qe2cn9xcd86de3j9drgezcz3pgsf5nl37kr0vvh;bc1qeq2wpny6uv3da7j5glzjd35x25py5u743kkmam;bc1qxkhuk8r3yykfvxfku5xfra0l2jta48nvqlqef2,0.00011546,12.39,0.0,0.0
2025-06-26,4eb3033fbc3d0c5fb1be8f326759e1cf3f6794af5fe91b55b71f210cf18ce301,in,bc1q76wdpr76r5ypj3jmqv6ryhlzrlw5cevtgu27w6,0.00055925,60.03,0.0,0.0
2025-06-26,4ecd386a70e09f310e9e4e96f797694c809188ff4eca9bb9289696c3f557d1b8,in,bc1qfvmvw6ajcjqszftvue5792jc3ajnpkt8scpt9h;bc1qgqatrmphw0v63y6jrhwgrmsqljc44dg95srqqc,0.00019045,20.44,0.0,0.0
2025-06-26,52c23af1e0ec38a22f950dff7f6d9c9628a1cf1556cff9b3130462f0b23039ee,in,bc1qkj64etv6jxula9ademawzm7gxfpackf4lh23v4;bc1qqzwy96kv0pv0yvtcy52f4zc2vmqc2trtsw9eku,0.00045968,49.34,0.0,0.0
2025-06-26,606fb39804775280aef7f918534f711ff1a4779f74e909574f7ab5d2c33c747d,in,bc1q59sh9ty9rzj2j64pquqapa2e56mja7atr2h54d;bc1qg9engjak6dxa0zeh6hg6a9pz7ncv49nd34wy4x,0.00023266,24.97,0.0,0.0
2025-06-26,61b86be7d53cd8de5f187c529ad740ad8bfa58ce1190caf5488a6406419e9e63,in,bc1qm34lsc65zpw79lxes69zkqmk6ee3ewf0j77s3h,0.00017,18.25,0.0,0.0
2025-06-26,71b1c499fd4ff6a52a8f68b1a79339ceb984121a0c5e1211276ca348d9af0f95,in,bc1qd7c6zu7rwcuzkvz5zjr66hvwvfux7gc4aa9kf7,0.00061196,65.69,0.0,0.0
2025-06-26,736d5480480c5b8f34cfc958a9458feab8bd2b587f90afc7a1c73717bd20491f,in,bc1q5jvr4fk8dc7xc4kkeecf3gfqltugxurm0qhg5t;bc1qp0tpe49xz4c8vt3eg752e7tvzpdqvgsmjy3a0s,7.217e-05,7.75,0.0,0.0
2025-06-26,86c8777f08476890a27f86478f1ec1fb471698bc4d39dbb3d3f0dbc79d49eb65,in,bc1qsp2y4dvqsn729fm55m2w0t4aahz5eyy7tenqkl,6.62e-06,0.71,0.0,0.0
2025-06-26,8775476b5fe2850a662cf291ffab49419c8af6b197166cb9d7e71b8a3bcdd418,in,bc1q6ufawtts57menl64fmcg8rua7n4gg36xylk99u;bc1qmagqzzzxf24xl77zxyuc8997mw7v9kzmgps9qk,0.00037329,40.07,0.0,0.0
2025-06-26,88af4013c9aeb64135e99ff0906a55a7f9c1cfd2540610abf37c87a20df00b3f,in,bc1qnj7lmxxv6en4jjye2x9wn4z9ctqm7z5e5h8yyh,0.00015276,16.4,0.0,0.0
2025-06-26,9056ca2ce4b7cb104e4956296d4089f39550c0dc6f153862386cd331098e9449,in,bc1qn5x9rj5sddlv78alp39z6sz0vwe6z6nk3h9lel525950cfvv8muqtj6mf0,0.00016415,17.62,0.0,0.0
2025-06-26,91b5563420bd70a12f13c9468597fd58d2bba0d09965191d2fed78e42eae3801,in,bc1qawka59wz2vlf9qg0g3hlye2jltqqrdz60qh3ms;bc1qus586a4af65h3acvhpawvy88wj8tm6z3yeg7ps,7.628e-05,8.19,0.0,0.0
2025-06-26,91d05c8154a7f5ba5cbd87b60eb6affa819423c38e0ec8984d6b1d86526f01cb,in,bc1qt9q9pgvegarmv2us92x3dj30dvyv25zkdnauc5,0.00010183,10.93,0.0,0.0
2025-06-26,9a5b8429e215e1de62071b1340d48e9f627f173ecfa78d3188c887d6cc542642,in,bc1q0wad3sy0f60kauyd2p4ddf8qkcy30p7sgw4pax;bc1qyz5d3e53yrk6p5pfnd6qvnxx35ys8p99v66epm,0.00018675,20.05,0.0,0.0
2025-06-26,9c1d6cfbdd7ecc8b86c0b3d34442ab7263a6dfba1ee3efb90eed00652f0b8225,in,bc1qdux37a0pzr44lrhc8vm44uellvplgyh7g73epq,0.0001399,15.02,0.0,0.0
2025-06-26,9ff54de798c6d7d5838f7ec304568020d739a8d72816152bc3ec8fca97a547e6,in,bc1q4u5nh666h07j3cqyw22s0kpq7lgfdhj6qacgf6;bc1qujva59y8ahnwmdyh6pdma24apvslcfjp9gue4c,0.00027857,29.9,0.0,0.0
2025-06-26,a320afc42f16e13d96e7fe7be7ae6d16f2bc994198571891995ce38f3c385fc2,in,bc1qe99zmxch3y7z60wt8nj4uwm575n3tuhrt7q5y8,0.00018646,20.01,0.0,0.0
2025-06-26,a5b594f8126061532c56072c8590576f6b8975a733c90d4d39f4fdfd52e38ad1,in,bc1pn2pwrgyq5tgl06ca9t5884zk8tqr266kny2yqc248sldn7m0gvtsrrknrv,0.00020497,22.0,0.0,0.0
2025-06-26,a73955cf0a6133e71a4868bfd5428cc936f6ef25b4ebb56e732ca9b949ff7069,in,bc1qd8kt44jvnwna38w9tcs8km9y3xhamzhmqvr0js;bc1qtxhhpay4reghk85a29m44hwyhm02sd5tvzlgp4,0.00027848,29.89,0.0,0.0
2025-06-26,a94d68033adae17bde991cb78b5c2703119b81a30d11d5cab39c0bad5b16585c,in,3GtnYVCLyJAU33AofHzPVbbnJbf7EW7fG1,0.00046429,49.84,0.0,0.0
2025-06-26,accdf4070adc0324920b741e05a48c85dc753a978d4ddbd63cd09afb1878de5b,in,bc1qns9f7yfx3ry9lj6yz7c9er0vwa0ye2eklpzqfw,0.00055424,59.49,0.0,0.0
2025-06-26,b1be37330983647701c957ec560f8d8c2925cb3e16a64007084d68cbb03f0711,in,bc1q4yh0xmvt2z2v8n0myah9sqd9x047t4m060hy9mfgmc8vl2tr44kqwatq0t,0.00032583,34.97,0.0,0.0
2025-06-26,b3386b5b90f592a9d841e0de0f5acc8fc7a1d830617dbe7c8f2d87de601050f6,in,bc1qf4jp4zzmdqpf4hy5dfakx4j9wra307ksuqg5js;bc1que5ug3wj83y6rfxe6vk57jv2ks0g6jzgx3tan4,7.119e-05,7.64,0.0,0.0
2025-06-26,b3f5d7989c484a55464a218af85c5ea27f4c0eda27ed6014c96e3cf47aab4fd7,in,bc1qtcare8lp45pmehp266wmlcfa32gv3457y86vm6,0.00014588,15.66,0.0,0.0
2025-06-26,b5aac63a9d527cbf98a98cf70e919fb9760dfa728cb8a0397c22e1a7a27547fc,in,bc1qheapgs6qy6hkslha8dal0zjhqvper0aj47vk9c,9.27e-05,9.95,0.0,0.0
2025-06-26,c1b97b079bf14308453c7d493191e3452155f43390e5f580101e630e1e6f12d5,in,bc1plgqcuwvfrqky3vu4wd3euj0d78w4sv7yrwsag65lgrp0suqwrjesmdl3nz,0.00027864,29.91,0.0,0.0
2025-06-26,c61d1bf8e31253ef73e3acd89cd13e76507d829b44e7f852f9a7b476bcd04119,in,bc1qpqzu5jynwsdfxpfpaujhk2u6m69l3wxqnmkvu7,9.878e-05,10.6,0.0,0.0
2025-06-26,c7d30cfaec97ca900250eb479401b469a7e549b769b5601b943ab425f872266d,in,bc1qheapgs6qy6hkslha8dal0zjhqvper0aj47vk9c,0.00015716,16.87,0.0,0.0
2025-06-26,c8de0c03e56a73ebbd4156b9adaa10053ccb9102516a22d810dab5d11fad7c74,in,bc1q0d2f8nysa05ve2uzc724yx3983sqydy3pdln4c;bc1qaxuv4dvw53z5l9l3j97694e7wlm47hz2raddug,0.0004137,44.41,0.0,0.0
2025-06-26,d0a29763ae699487585ff224d22f10896abb36e11d78ecfd80b68b06cca6a64f,in,bc1qm34lsc65zpw79lxes69zkqmk6ee3ewf0j77s3h,0.00097,104.12,0.0,0.0
2025-06-26,d3348533e36682b3961bb1361232dd7d1946b4ee5dfe1c87089f401af4f4dae9,in,bc1quft44s958cwz23j2w5jn503araym45m98l33kg,0.00026045,27.96,0.0,0.0
2025-06-26,d5c474bb61e498dadd6d7eafe23e5c62a2f204eebbcfa4646abd2e3db7e09090,in,bc1qk69fyn8kf4gze20a5kuwz63p8wpzt0vd64g6ru;bc1qkg23z7ehchutg6tnlshn6ket4jl43prhm36p5d;bc1quntajtz86qqsle05jhyswtajjg79zl2zvmf379,0.00027934,29.98,0.0,0.0
2025-06-26,d5d6a82b61488bc69ab2508897a9322336a1a4fba3e7f46bed0c999758fe756b,in,bc1qxvh60pvjslk7hlf2hjm5002ux5ttgjulq6sn7n32kps5ghmx8yqs6vrvq8,0.00040061,43.0,0.0,0.0
2025-06-26,dc15bd23a9132ccf19e0cfd1f389b8f2b48685de93c738788ec238e5fe69f8e1,in,bc1q3dpnl5kh4flclerm0fxlg0a099y299tsvk94zg,0.00130858,140.46,0.0,0.0
2025-06-26,ddcdb98afd73e2eaf40ba0393d31d8ba476e3c2e9bbcf80207125468e750b5b6,in,bc1qf8leswjmre82gm5qqsgtnhe9pt34268l0a5rt0;bc1qvk003x2u94tumlen4jx4n69u8yelqgpq72z9mv,0.00027895,29.94,0.0,0.0
2025-06-26,e24bd667eaadb6ec8ec72d54e2d033ab49a113a29b054b9ebada74a8f5b28bf9,in,bc1qs6cfpsu454m6kyrahwc2wtf4hyefczhq9jxs2v,0.00068715,73.76,0.0,0.0
2025-06-26,ec7b4cc2b74ff3d34da790754fff925708edd094ce9b52f895ea69b9d5026523,in,bc1qv23wqmc9nqtqv4d9tk2363jxmmc3pz3f02lv78,0.00015744,16.9,0.0,0.0
2025-06-26,efd7ca8fcd6d5e9b46011dc1281666452e8532942aad2e250ba12b871db6f739,in,bc1qm34lsc65zpw79lxes69zkqmk6ee3ewf0j77s3h,0.00052657,56.52,0.0,0.0
2025-06-26,eff16c839ce467c0ab7535ef69b9b0fc638013b185863b3238dc79bfb63b18d8,in,bc1qlmtkcn8t7wutdu7rwxh5dktfrpyaq7c38v6xalv89dcawgp2ndasrqyp4t;bc1qmq9vlwknyxxjz7s5nlhu6q4pjs2lv6pg0aucmdr6mfm9qm0h7rpqhysgn6,0.00045635,48.98,0.0,0.0
2025-06-26,f4192ea04d63149933622d73331813620feb8cadcc7d04715bf3214114f0a6d2,in,bc1qk2ax5dcf973qry9mhsrxwxa6tceh8ht0u0lpyj;bc1qualu2432grpkpy2mcns8sq93zzpn45lpkx7ytl,0.00031705,34.03,0.0,0.0
2025-06-26,fa57852371eaf45ca84347ef263b4d96cbfd3b057510ec2eede60282dc60b6a3,in,bc1qsfn23hse4tgwgj4axlenxvk5a76fmj3634zyg5,0.0003244,34.82,0.0,0.0
2025-06-27,01515a52e722060b748c19d778cc71290df9164a1f54b2e2790741f77264da45,in,bc1q52mvhxjqepnaydje4g3qhvqyd3htzvjc9kx6pa;bc1qvd6wkv4zauncuga2vzqn9qaqyg05ldx069tgm6,0.00019821,21.2,0.0,0.0
2025-06-27,067de04550f85008aa1a0939a3b51babaca00ca2e9ff106aa3f3879bd93859a2,in,bc1q2yprmxethjcwhnh9an0j4rcfrhru3hl84llmeu,0.00037526,40.13,0.0,0.0
2025-06-27,14f05d4f5f6635577d8a6090e26e8a175edf33694c3e9db57745f479fad59355,in,bc1q0me5w8gqvwf9frrlvk4cjfswjvyvd58zjlvh63,0.00074993,80.2,0.0,0.0
2025-06-27,23a708545fe6581f3a392abac2739be688c2ead55a16686b377a0bfdd2f374e9,in,bc1qt8v3r4j34hsh4hw3el93k8hkpxgruyv2u9plpyxcqmekefzdwx0svfa3sa,0.00058148,62.19,0.0,0.0
2025-06-27,246cbd3ed19b6c25cc9c3e443f3d92c06230249cd4bbe8cfb47bdb8a91cbb1f9,in,bc1qjz7fhucgn2x3jt3l2u725s423xw2mdz3gy6j07,0.00023337,24.96,0.0,0.0
2025-06-27,294d81b66dfc8fe08c5a26e38a9c3648e689a47e0fd5511adc1acee40ee79ac1,in,bc1qq7umaz54tg8dgeztv5c40lx9pjrm8lakf4r8tj,0.0004479,47.9,0.0,0.0
2025-06-27,2bde9e9483d6f57eaa8c951582d15467ba40149bc95417cc74cb61ee10d9cdf5,in,bc1p4r5c64q9y37fm42hdgeq53cn689xx24xxhgg873clu794qre6cgqpu66vt,0.00018725,20.03,0.0,0.0
2025-06-27,2de5bbfe8248b1de613817d0ece20db6c411524b9a6c5a60bb9a82908f4c0fc1,in,bc1q57mw9ru9setde07eny2yve2f87xjfg26da8627;bc1qesz84lv9dn36sjagw92lahzwqey5nets4k8da7,0.0004184,44.75,0.0,0.0
2025-06-27,3c14b7ba8902bab9f3a36457691c053f2ca902b4e595a9f0b1faece03fb35999,in,bc1qqgpsew9g2qh06zu8pwfk7lxc22qt706528z3hl,0.00014457,15.46,0.0,0.0
2025-06-27,3e6403ab86be61eb003b5f0318d6d86d1dc02344c70bb726cd9fa5b291b9cf8a,in,bc1qr97utxwssr8us8gfe6pp6xj9xu0jgryqrvcfwu,0.0008771,93.8,0.0,0.0
2025-06-27,46c74ec5efc28081d28542e81d0f75d7d802e578593ba02d1de29800eb005d38,in,bc1qamgjuxaywqls56h7rg7afga3m6rgqwfkew688k,0.00019201,20.53,0.0,0.0
2025-06-27,47c2e64042c8902de286f8d1b300c3353159a784ef15ef7065c3b55df9cadeed,in,bc1qhd78f7td26qwukhvklh38qhyz8zsajng89v6us,0.00021519,23.01,0.0,0.0
2025-06-27,50844e802fbac9b24dc61aef9859b8023fc797e4bbd9e8886db9717513cf60ed,in,bc1qm34lsc65zpw79lxes69zkqmk6ee3ewf0j77s3h,0.00179877,192.37,0.0,0.0
2025-06-27,542e5b0e102f5bcee54f22d414c53e65388fa0a094af840a2dac7b3efaf05b56,in,bc1q9fv5sztnu8ytjhp88sv84930qkdl408dqa2lv7;bc1qvr8xet5gn6h8yfne8dzemdgjc3nhmn79fc586k,0.00018622,19.92,0.0,0.0
2025-06-27,5a8d300fd5cb123791379f42756850658c01963ae9edd011f06c5b445c648642,in,bc1q3evyl6zk806z28gfxn0g4mqlelzphzsa22s27m,0.00018666,19.96,0.0,0.0
2025-06-27,68486283d327d0a6b87d75605e4abddf1f6b70e8ab43cb58c81e56c81ac02517,in,bc1qrkvwrdygtdgxx4ygvhqu9s2lck7n04gw9gcf4m,0.00028016,29.96,0.0,0.0
2025-06-27,6aaeb96ef24fc29662194c9a961f7b763e0a4e9df4773dccb5ed4e402f4f4027,in,bc1pl7ptsvfamudqrkgmqqmtlyfuaa4c99jlpwnazyqhqs2q08ll2xtqe6lnzu,0.00023742,25.39,0.0,0.0
2025-06-27,6f2ace24305d001422890cce0f152254208a2212cada7a20d5eda0627d27ab87,in,bc1qhdhsgqzyu0qqaakkla4va8jt95ndyahfk80fv8;bc1qnrh78vvgl8gly0gaave9djt6laylfae32l3gw5,0.00025108,26.85,0.0,0.0
2025-06-27,70b6e277f983b64d471dff6a04a8a057f337fe6c229bc1ca1923b63580294866,in,3NM9WzQ2Dv7TYPpywxYhep1MtVjtJJF7xW;bc1qzu3xqy7j5uxaelse6tet3ex89jarsn2s8vpa5c,0.00029869,31.94,0.0,0.0
2025-06-27,720fb3c34581acb6c9927a47088f84d15404d4c11cd90f2d17540efe3d88fb13,in,bc1q72enfw8azvmn0w43e6wsk24sy9tz7lxyj2y9fg,6.553e-05,7.01,0.0,0.0
2025-06-27,7abfcce09a0b3493c97321f34392e2715b2a7ff1cd4a7c9a07137eebf9149359,in,bc1qd7c6zu7rwcuzkvz5zjr66hvwvfux7gc4aa9kf7,0.00062508,66.85,0.0,0.0
2025-06-27,7c2ae097ebe99c9af86b262170855a313d83bae22e69f93eeb165fe6c63b7ab0,in,bc1q4346x92yf63tfq6vnfdau056nwymhzl5798cpn;bc1qjxt89c7wc3trs39y3xqh6d8csnvdsgmznzr4r2,0.00055979,59.87,0.0,0.0
2025-06-27,7f41e74ea800d0ebb74fbb663b48f3f3ecb5d06d29fccc610ff1da141841330f,in,bc1qfnu2qkn4punczxs49qzgan0leyw4cf9msquceu;bc1qhn94g0uknze9qt80exy4fj5j736rrkpfpajav7;bc1qldygp6qccklnnhf56f4gg3fu8f5ecrczv273ls,0.00020669,22.1,0.0,0.0
2025-06-27,80b6139fe0f3dc2edefe0b5af012d60d4c17d33eed82e8123404f20db33ca114,out,bc1qkzuaslj37muhjm4hfje2duaffwje8arpgntwwh,0.03914752,4186.71,0.00034714,37.13
2025-06-27,828e09d4de0ccd0c3710760831b4da1ba9b35a8faaf5db059ac36126663fc48d,in,bc1pqklszu8d2p333mnmz6yaafcrrnec5mkwrj05k8a2fkg8m9x94zvqldx0g2,0.00066654,71.28,0.0,0.0
2025-06-27,883f2b25859fe8dd5c172fa4e9b1a0cf0f3f549a018b969ee17e142fd84d6604,in,bc1q2j68dxt8gtjh3vcctfrxfrum0rfa6rfpsvw8vy;bc1qfp2pwqgl7q5rmcyy89ud0qs56drwu3wcawry7r,0.0003463,37.04,0.0,0.0
2025-06-27,893fde6b5e1495a98109bb1c7980fa58a34aa9867ae804ae5a4afd2fe5a1f779,in,bc1q60u674hfdhzyqsat58v643f0t807npfqu3t5ye,0.00017735,18.97,0.0,0.0
2025-06-27,931de423d98dca889aa6a9cfb98ab12dc0e978e5174a93271522cb584f11def3,in,bc1q9rl0t08hl2f3x603qwy7rfj4tpe8a8y48839zc;bc1qq0h02sm3kvk7ghh202xgwsdgv6r0e0cdpxwpyt,0.00093522,100.02,0.0,0.0
2025-06-27,938b07c1e066aeedc2c29d797d7585b75da89a431c03d072cf9e10d5b1ad8b66,in,bc1q0wu0tqp2u3rtunjl0h0rsl9pvf86acy6sep63st0lp7lgg67ykzqeq89pn,0.00063741,68.17,0.0,0.0
2025-06-27,9c9d42f441ff4f09c8e0d9cf4870b830a8bd61f1be6cd1b7fabbc906ad9b389e,in,bc1q2aucf4ctrwjmuazlmue2g3x2d6v7wk88ulg6tq;bc1qqrp5k0jnl7qu984484p8zh95qjt0hkdsjg2w64;bc1quq29mutxkgxmjfdr7ayj3zd9ad0ld5mrhh89l2,0.00018601,19.89,0.0,0.0
2025-06-27,9ca00ae8c87bcff1c0b1db9189a1e18efef92f4033a5b4c00dfac39dd35b99b1,in,bc1q7mr22fhvu6jcndvcckawd37ks2lhu6zaddl0z5;bc1ql75pm70clxk3946we3xl232t6f8c5n9459rjxt,0.00046753,50.0,0.0,0.0
2025-06-27,a2dc69fe14fbed4aeb9953b47cdfbd9069fab16b5c52920ca8bf184922d8cb39,in,bc1qm34lsc65zpw79lxes69zkqmk6ee3ewf0j77s3h,0.00021703,23.21,0.0,0.0
2025-06-27,a6ed437350bba7bac4a58aef775b8c1e76e59b5e6f7d1bb40ca5def7836171c2,in,bc1qcn9aexgq6f324rfjz9hyd095emgpu0vl30ydky;bc1qzqxj97qjgt0xggcxad60qp0x9llsekfq2felcg,0.00014914,15.95,0.0,0.0
2025-06-27,aa714b1adf947e46aa5d602290454b3d0ec652f9303824bac3a09056be532d30,in,bc1qrak4yxf3lnmapkxhv0cs79wr99lkfaqmwfsc6d,0.00040743,43.57,0.0,0.0
2025-06-27,ae01bd390b9332181c4a026f2e26744aed148adcf83034a4684fcdc398abc8be,in,bc1qn64yeutcq6f2vr52w48n8k695hgvy5u2gkw7tx;bc1qqsp0jwvnk0w9m7x6pg0s7kd47q8825q2snk0dm,5.801e-05,6.2,0.0,0.0
2025-06-27,ae356ce8b826cb1ed4f0d5789b70ba2361cce78685af0002b64deb62ca6d3fba,in,bc1qhks03g8ucgpvt68sfexle6veugmlmq4y03fp96,0.00032544,34.8,0.0,0.0
2025-06-27,b363bc2107caf112ccafb6b7c5ea4f3e2f2343d9e5cc9cfbbe8045d590c4fd74,in,bc1q76wdpr76r5ypj3jmqv6ryhlzrlw5cevtgu27w6,0.00093881,100.4,0.0,0.0
2025-06-27,b718172757b02b11b1806ad901486a4555e30be458461fc9e6a403870f3dc9f8,in,bc1qlgz4dn75tg3wvppm60zqqqw5gkn9dlc4mn8n2g,0.00014526,15.54,0.0,0.0
2025-06-27,be22ebd34e4568b0ff6431219bcd0ad62c81a4023974e6947eb636ec8247fe11,in,bc1qfhpxv0k2833r4zeseyv6u8f2378degwvgdkxks;bc1qrwsaw3lwaucfg6tyz70dkanmx3uk7xefras97v,0.00013977,14.95,0.0,0.0
2025-06-27,c2bfbc819a526e593d428009787ec09c53a6aed5eb733f3677ea355d4f10c198,in,bc1qr2henlj2p0wq9yg90rxwqgtp7h9tumfrj8q0l8,0.00023498,25.13,0.0,0.0
2025-06-27,c6705b244a5d24ef29d05ab9ac8da6c6f45976ad1677b4e3153a9adc7f52e46f,in,bc1qctk449d3tm8qg3c9hl3vnkt2kqqlw4pa397fud;bc1qgag0995wssg0mvnuauk5jkrhlnptgae7vp3es4;bc1qzm82aqvxnfurzxtt55yeryhx2u89rlnw8r6fjd,0.00188392,201.48,0.0,0.0
2025-06-27,cec6181e6a09e75c4194421ec43ed0b122c2402cae7dd5717e07fe194f68fa86,in,3MRnu7Nc8vLgcqrE5L1EQeTUEGqqsDVq9g,0.00018604,19.9,0.0,0.0
2025-06-27,d5be764289e0c817a05be4fb7777860d4cb0acf768ed9eca85b8d72fcc37ea3e,in,bc1phu3z8rczu650m3xn8ec03wc2gwyfe7uzex7l4grzlum3q0tmgqds3q9wv0,0.00016885,18.06,0.0,0.0
2025-06-27,d7c36da2a8d332e708b13bebefd1364a81f366edd7f07a4b27dd9da71963a612,in,3QCicR4cpTzfAx2Z6rKowGvHtoxY3W4GpQ,0.00034423,36.81,0.0,0.0
2025-06-27,d96ec5e4fa72df9180d4cbbd3d7465344d89d57bdf6f51d1a2fbb0857dad9fd0,in,bc1q54jd3m8mn2ey2nf6llue826fzl5yjhncx5hz39;bc1qvk6kc25au4cvj7lq2fq5066l0phznd2cjke7le,0.00023516,25.15,0.0,0.0
2025-06-27,e60399e5aa1614aaa212479702c54763e953d71000199a6a44d404c6a8beeb37,in,bc1qeerm6gs85xgch7q053ew2g4ghnpxqt6l26dwm3;bc1qrxfwkf2klzgta8fn0hshge0f7m0nqnnmsp9q3f,0.00050028,53.5,0.0,0.0
2025-06-27,e8255a219e63b8b7aef2cd797e44f13ea486d172fb83b9e14963a6564025fa43,in,bc1qg78ycxqdplu9fmhdnryg9hzhp5hrmy9vln06vm,0.00014539,15.55,0.0,0.0
2025-06-27,f6941208ac86e5197dec41759c6708e01015512524f4b6a1bb6327076f5490d5,in,bc1q9fx8z3y3tle6d40w3nru52ud8x68hx8g9cx76n,0.00041956,44.87,0.0,0.0
2025-06-28,099e61dfa78837612f31c95fec1d40106462a90c52792bf10a0545fec6113a2e,in,bc1qdux37a0pzr44lrhc8vm44uellvplgyh7g73epq,0.000186,19.91,0.0,0.0
2025-06-28,0e5d39308281c8c6ff580a90340ce13f8214dc283d9f7d1b0d7cc7446cef375c,in,bc1px2l44msvugulrk2esz7k9p00vljsvpnny5e4f4ypqm0qtdxyz6kqktt5uv;bc1qq5q6yuc3azks8lfa9a5rw7dfekahh7qhyweupa3hxmuaac6ua48qdw0qs5,0.00037255,39.88,0.0,0.0
2025-06-28,118a3c6435fa43fb7ec9aaba1d0c536323751f5651f2f03c070688255212734d,in,bc1qmh702lnh0dlu6z50783pc2mh7cauzv0l6fgyzy,0.00058969,63.12,0.0,0.0
2025-06-28,1299b2a63d3b39cdf2817bdfc7b4919eda6d77ef2b5ab9c6fcc7dad74671ca0f,in,bc1q7zke3ckxu3zf3zkxteu37l7r5dl3eps6wgww7e,0.00046194,49.45,0.0,0.0
2025-06-28,17ba595ca8e33b3e556376cce08328fd8b80f226fd9ed15df807a3a64b1d71bd,in,bc1q3evyl6zk806z28gfxn0g4mqlelzphzsa22s27m,0.00015824,16.94,0.0,0.0
2025-06-28,19a6942423caa10062a34cc762cd30522b55806de253ae4e1662fb3c454a9ad4,in,bc1qltjh0c6m6044fqukyeghm6vncpkng0pcrdes74;bc1qpt43jufhccqql93qsa5hgnfr80vrku3vtdwlp4,0.00074536,79.79,0.0,0.0
2025-06-28,1eae1c69bfab7513787c218afbb771ccdd858f3a1a0ef8d738156b55f474304e,in,bc1q7r4p797r4tm4tys3l6qfpdxctflr8vf0uuyznh;bc1qk5344qcuhxr2srmqvw5v08h59ahmn99h45k9wc,9.674e-05,10.36,0.0,0.0
2025-06-28,2d73cdacb61ac638365605ed8aa0ee56b070bbe9829cf0fbedcc012d3805c5f6,in,bc1q5s6ep4as2tunr0m0e4v4zcskwjh209rw6p59f2,0.00014892,15.94,0.0,0.0
2025-06-28,3186e5f65f6658baf83db6b7cfc28979b4232677492b2be4231b5e3ecf3a5515,in,bc1q23rluly756w4rvmw4fcpy3xj9fn0svn7hdnyqa,0.00014589,15.62,0.0,0.0
2025-06-28,357842e7e234dc6e6c97c41043eeb24175ff5bacc3499a3fdf1fd0b761ef57d2,in,bc1q9hml7tje2f0qwd6pqe07ag3x6xt0xuzhyqhjty,7.473e-05,8.0,0.0,0.0
2025-06-28,3882edf0abb07fe6aeb1ccefc31977add72fcf291fd5722a54de27243fa9d869,in,bc1qwskhxjnfdctqnd9ceruas0sfsn0w3y7ty7w8nu,6.177e-05,6.61,0.0,0.0
2025-06-28,3c8473fa94f73545dcf461d703fab2e8eb684a67ab3023df1fdfd1446dbb9340,in,1H58MdUq4a1pzY4cw8wnQpMAwRdxwAJpr1,0.00028496,30.5,0.0,0.0
2025-06-28,673e69f3ac3e8c793f8b2a4503ffd9046ee3c0ad64965af4c61db1116528c240,in,bc1qjy2z9ht3x9ecl2j89pj4pe9xm93lm7qfhajhr2,1.399e-05,1.5,0.0,0.0
2025-06-28,6c8cf8e8746135c3e55722207de2e9bd9305fe968c1e7eeb576922da54a2dcd2,in,bc1qtv8c47jknaf8640y2tpmemmpjr5pkex7h2tck3,0.00060497,64.76,0.0,0.0
2025-06-28,6d73e34f8be7eb1ea3f63ad911d3b1ef2a48d5c395e40bb50775c5214575fb1d,in,bc1qsnapfmyk6t9v09tjtxmgxvy3x5p4h0q5843dsex4uzwghrm8ezyqlzxjtt,0.00086208,92.28,0.0,0.0
2025-06-28,6e3cf40243497db27ff9c58c0161edacc30924dbbe790f97951790e09eea7bc6,in,bc1q6vcpadcltlqlmy89h0qq2nc4w05qdr0fga979t;bc1q79lygev3qvzlvutdxjfr0rpg5zr4mz9d5vhzsh,0.00015202,16.27,0.0,0.0
2025-06-28,6e4a5012aabcb252c526fe69a4668672c83c30687089e6d786add0fb280763a9,in,bc1qj33tsxq7tg300kj0pk9s72ja9jardn6ymgy4r4,0.00034966,37.43,0.0,0.0
2025-06-28,6e5372cba84baccf34fa25096e6fb84d7055a9b688a2fedb88bdcbfdb8f20855,in,bc1qp4wy5tgd0s7qdfka23apwnlw5vvzwrap29ugsl,0.00013446,14.39,0.0,0.0
2025-06-28,6e8cf64922e5d4d44f375b5becc0894b2bedb686f1726570fc508b1374e9637d,in,34p3R86RNaFrt3GVt4bJiHsnxDZamXhHMG,0.00016335,17.49,0.0,0.0
2025-06-28,7fd5052d8705c42f637c08af11076c16cc8d86b49a29f154a2172f4f55892ab2,in,1EmicEG2CbBSYHG1jksfevW3hw1P6LNvD,0.00030753,32.92,0.0,0.0
2025-06-28,819beb7f819d93e89239f77601dd9b11736a4851cea41043b42d1082b605af75,in,bc1qg4kcd40u7w0uvunll7an9y9006ev0ql388zp40,0.00034418,36.84,0.0,0.0
2025-06-28,8db996b06d638abc3a7f97116e60b1f7d9d4b5934ddd68eeb914ab62409b521c,in,bc1q3rl3ykaph486lavd5gua0ftvkam3yznq2e6hlq,0.00032563,34.86,0.0,0.0
2025-06-28,9dcfb229fc90326697ba4f3721e34c1923dfe0f8ec24d96c04690e48da33762a,in,bc1q6ensnmppl0kv8vls5nf3x9edcpxxu3hzyg3wu5,0.00014626,15.66,0.0,0.0
2025-06-28,a2bc8958f726e344f8fe3ca4c5d72853ebf9f4c7963790ca7bc7262a5b0416e1,in,bc1q3k9dclllvfssmeez4zlmw0qdhzvm73zyqmqyn6,0.00031673,33.91,0.0,0.0
2025-06-28,a3451fe1294e870179804221e3e8937237850abf0940468b6d6d6daff7649a6b,in,bc1q0eq3v049ffuzg70lfnge8tua67vdjy37kffge7;bc1qhffyt2278l0vp9h456vn6wv49f6sq2f693p6p5,0.00023361,25.01,0.0,0.0
2025-06-28,a99da2c3b092ecd209cbc9671da7847317bba24a2ad485bc561e78cf3b017716,in,bc1qvu8a4d3ntqsqjcwjwqqc26pew5y5s2efawk48k,0.00015948,17.07,0.0,0.0
2025-06-28,af1ef61d5af96db3f7b7167232a40a0d57a01c1d3b2af3356d1641e81c3504df,in,bc1q2q549qkfgm3e5ztxy0s3gkaqalmamqfqewtyq2;bc1qcqv2gdn5nk0wudrcnyju33p4t0wvnajr54y9nz,0.0001458,15.61,0.0,0.0
2025-06-28,b2bfdcb0f57fdb94ee988b039327c1e3f09eb2156ed4a94d2d415d850477af14,in,bc1qu74x30wnsxf268httsuvvfqx43evzu6wkfdu05,0.00055894,59.83,0.0,0.0
2025-06-28,c220cfec797670d99249a355678ec231dfc629f835938291df567a0ca70a0971,in,bc1q579uf2vs5ynrmnyhwegypm2au4d38m24fun0tx;bc1qtwhejuw8qmtc3aj4yz6dq3d6rr7remaztzpkx3;bc1qv64jl6p3ukhmk6w9l7tdm8tdved5t49w7ldu2l,0.00014606,15.64,0.0,0.0
2025-06-28,c3590128e1280cba3cf92c261d15991a60017cc723b9bd78bc8fabd766615d52,in,bc1q7luccks2232a80rurydr45nhnzau0aaxzeqr8h;bc1qvjc4q3n3feer3js7ghurd4nxrrgg4sgj674lpm,0.0007448,79.73,0.0,0.0
2025-06-28,c49b227fb43ad4383a5287232a1aedf0bab8220ab668069f32583d9cfb5391bb,in,bc1q6nh3zu0ryxfrwcd6rncucskyltgnva3g4mqndm,5.599e-05,5.99,0.0,0.0
2025-06-28,ce6da8908edb81f36ca8e8290fd2a9f6af40821491e75c504c98b0322d134af6,in,bc1q0ddhsrg2r99u9yf627y6prrzdall056qde8xqs,3.341e-05,3.58,0.0,0.0
2025-06-28,d0afba851b13057b035ef04285e2bdec870123174d3cddf7e86eef01eb1cb9ff,in,bc1qfaq5rwls98cyeh529su8yyx4zx9kls2pfg5npe;bc1qvze75lzv3q7tqccfl03k92sdelqenwc709y6tk,0.00014621,15.65,0.0,0.0
2025-06-28,e42b3dcf36586e1969490fbbe52db95ea708741c5f24d6dd3b3ab6a3f3e38701,in,bc1q9vz278ucyvauvp2hv63hggx76tzgjslq9me2pjarg7u6c2tsy9wqa6fypv,0.00016496,17.66,0.0,0.0
2025-06-28,eeebd55716a56dc866ecf40fb48f56c8c90152d89d5bbd69869fb08b2d2c9617,in,bc1qwkdlq0whh5lpula3m9v8gfd0nnyfq3x7025w72hjax0r7ra2pkescautpr,0.00069146,74.02,0.0,0.0
2025-06-28,f2274843192a52bdd5e17d8fcfaaa1772cd8726e95c1bc0819175f80288f38c5,in,bc1pghwzjuqr8qlmxpndj8mz2868m9a4385x6g6k9ckdangxq3a43lvq3uqqdn;bc1pvk39x0q97c78x78cpg0mqne45y9mzlpkcznn2yurlpcvfnuk7v8qlfaq2v,0.0001956,20.94,0.0,0.0
2025-06-29,0133fed25cef7143fbfcaf80fd7969f6ce07cdf515a369c53734928d708c1aba,in,bc1q5tvfu7asm3l0akt2rxywzun7gkrvxs83qhjsul;bc1qwy63xqgs4zk0jl0fsnhpsf3rc7xnrc9tfuqwns;bc1qxsh7809j0wqp5v9pevx4nqjuecxruy5y6qe2nv,0.00019143,20.54,0.0,0.0
2025-06-29,01d594bb26e891be197db2ab01a769d604c41fddf1e4bab16ef5c7a3c7b12d5d,in,bc1q62xmec883zpwaucytvvgqsc0c6nea06p0v0gd3;bc1qprru67hvtfya5z00euq3g3zhs3jyv89qpv6sga,0.00013948,14.97,0.0,0.0
2025-06-29,059b504706271b368cd1c22a06e20e4d6dd8f5df408d215642de0b3790830d60,in,bc1q54udz5rlec0tdav07v3hx7yccgkm6dt30qf7s5;bc1q6k5e92pvtzcclj9p7eggelg90wncyeadxsle85;bc1qnxgzk7ce4u8vxlwxzxdgkm6zgkun597rp6eqvq,0.00014465,15.52,0.0,0.0
2025-06-29,080704e0d6b1d7e40a6236d57ee65d9b4fb5598480de54bb3bcfae6095a2dcba,in,bc1p85qfcf7u586qy4hs2r5cdeezathv2hd3u7sk8ghss22v6zv66l3q09cr67,0.00036932,39.63,0.0,0.0
2025-06-29,0a4064685e27edc45dc935e25667a126bf6e68e4523994185e602da7e45fa4fc,in,bc1q7ep9c8s4llxuwyk0u9qvynrr3wgeyujt5jahj6;bc1qxak34qfk82ewuelknm7rfs473r7926qpt2dae7,0.00037746,40.5,0.0,0.0
2025-06-29,140a171eed3d132749948c51593711d170e95ce611c8930299293c7d3f07cf83,in,31iaYsA2QjycQnN781oyvfCrCbt4RidKEm,0.00041444,44.47,0.0,0.0
2025-06-29,1fb871168cdac3746e8365ef5d9a6f0e915356533ea57b09d7801bf42e5a2cd5,in,bc1qm34lsc65zpw79lxes69zkqmk6ee3ewf0j77s3h,0.00120209,128.98,0.0,0.0
2025-06-29,22a921865a602f3ead48da82b662dec74e78d28300914c1111e912ffc39bd6bc,in,bc1qvj7224wycdqfq9vekq7clwxs5pcuuadlm0v07y,0.00045974,49.33,0.0,0.0
2025-06-29,29f126e46c2ddea1e911b5cf88598564f22e0e7c398759f3f36fcbba523246fc,in,bc1qlfc828y9zhzskmp78tpkpd3klsf0ek9fz3dwpl;bc1qwe6yjv0jnlh2hw9e2e4t2f8twlprt6hatxtca5,0.00019155,20.55,0.0,0.0
2025-06-29,2afa0bf5ffd53191e0fccaf56dbb261a8c0430847818abc3e9af0c1a450c8f57,in,bc1qyy5hknfxfp09kgdhjddmc90x4pzd0mclthmrkc,0.00033986,36.47,0.0,0.0
2025-06-29,301cb46186fe2eca0a1227e544d6dd0efd4deb9e7d7fd45525ad34d6476098ab,in,bc1q8ynhavag9v79uz5wze2ywsc2d4kdqyrnrpn86n,0.00027982,30.02,0.0,0.0
2025-06-29,3104370e657a897063b17c4f2355661373d9832144ee7505968935d6b996ea93,in,31iaYsA2QjycQnN781oyvfCrCbt4RidKEm,0.0002316,24.85,0.0,0.0
2025-06-29,33562feb08e590a5f68ddb01d29cf986740ffaa5e961a888facbaf270c3eaae9,in,bc1qugvesqgntuzgw00lallsv7tyw8mpygpn7dyjg3,0.00031956,34.29,0.0,0.0
2025-06-29,348f1aaef285c31a72df125db8d51a5b8e7f60398578a677c23eeaaed6d659bd,in,bc1qymszmdw3v7m5sfxfj2x0tkz69egvyxyjnu90t9,0.00041455,44.48,0.0,0.0
2025-06-29,372cce32286ae98e4e32ee3d9738b81aa07a969baf44158e45b383d6202be843,in,bc1q84g99ruernjs83999g5588t4w8f8kkrr88cakz;bc1qr9zxd9a2lqqa0s6lqkg364zcygpq9gckxmn3mg,0.00014482,15.54,0.0,0.0
2025-06-29,3d413155d708446bd3c5172b4af424fd3691107056de5e532e15798a14b1291d,in,bc1q73lspjdnaynxnrwf3l40cuhxvkzh295jhgm2w0,9.322e-05,10.0,0.0,0.0
2025-06-29,527875375b679d93d986ee492fe37228356a4d074c1511810b4608f717ba5f31,in,bc1q8m5cqc8yuxudmzv07utt4pqkgdnxv773nu3exc;bc1qahdxk3edcmrcy05e8w5t9szyryvh5yj9l5p96r,0.00021515,23.08,0.0,0.0
2025-06-29,52e3661b7c5105c4caa784c65ba12e4f2bed1f95c757dabb20875acd383eef04,in,bc1qze9ylsjva5lt0zlm6lvxh59kcjla7ypf04u7y0,0.00019426,20.84,0.0,0.0
2025-06-29,5a602212c8686dd2945f9a11df7029233186e31c06409b09fe9b5b8a0b6b5f93,in,bc1quc00y9emldm2p33smvqadhal7vyzpst04e9ejz,6.491e-05,6.96,0.0,0.0
2025-06-29,5a821b726bc09c3968dc2cce8cc01d05f4dc9ab7fea2ab01c5857c9b2e95d884,in,bc1qvgxq9j869yykz9gf3tq9lln4jg3pwq7w7turzy,0.00011155,11.97,0.0,0.0
2025-06-29,6dee93502bb8a7d3c9d7247817ab8af3280e25e10e6bd5b8a41d9c86db908151,in,bc1quc00y9emldm2p33smvqadhal7vyzpst04e9ejz,9.239e-05,9.91,0.0,0.0
2025-06-29,6f6e550f71e776c53eba496cbaa9f7907a85493af91599501302bd3ba1b3a2b7,out,bc1qu0jjvfd8cfx6pry6n70qtvv6dxfau4j2g8pej3,0.01526569,1637.96,0.0001577,16.92
2025-06-29,700aed2811ea9b8f0b91ce4d1bf2acef8b826db6784233b8a08ecf88b40a246c,in,bc1qe99zmxch3y7z60wt8nj4uwm575n3tuhrt7q5y8,0.0005475,58.74,0.0,0.0
2025-06-29,9136f5bb94031fc496439640d9e573391654716371a9661e17d23b33cdd0cdb6,in,bc1qje5yj0v53lqyxppyzgevwy086w0vuarp7eyehz,0.00032511,34.88,0.0,0.0
2025-06-29,94ccf778208acf0fa03e263ed64ff42012fce4fcbd6fc25e5d5055f349bf4fb3,in,1DemMFaHxnU8GbbWLefcamWGFhcJwFqWc3,0.00104866,112.52,0.0,0.0
2025-06-29,9c32a302c156648cf93b149f931dbbe923923ce016ddb105010a835655aea13c,in,bc1qfepd2fqjtsenukdtwgxv2a9xtz82zr2ndltpkv,3.729e-05,4.0,0.0,0.0
2025-06-29,a271a43ca25993e26c7eee0ba6b5a802767f62abdb68ca727a5075fb5e12b17b,in,bc1qc6zd0qp4fw2fm7q9fcnhh6x7d3pzvu62esf5xz,0.0001861,19.97,0.0,0.0
2025-06-29,aa4f22fd90fe1599a3e838230dd8985de5b44535701194f2aa67b5a57277f76d,in,bc1qvnrkfcqvzym935cl6hcqx99w9hw975whnlf4xx,0.00043425,46.59,0.0,0.0
2025-06-29,c33336331059a8d3a8f027f126bdb8facf667aba695dd8b6ee006ad0218062c5,in,bc1qm34lsc65zpw79lxes69zkqmk6ee3ewf0j77s3h,0.00037218,39.93,0.0,0.0
2025-06-29,c3f9e69549e839900612cfe67922f5a46327832317a62410f086a603e083a388,in,bc1qtg8kpv273e4xakz5rfe8ntfvvsz33p08trn3545ng0e280qp2f0q6fqaf5,0.00085792,92.05,0.0,0.0
2025-06-29,c5791e023c0a4d1c95e6dee0e6a32cb183ac42620ae3c4b3d7f2198bafb3abe5,in,bc1qyng4qt9z8e0ygdwf3ea9dvxe5vymnh2armpyaw,0.00036279,38.93,0.0,0.0
2025-06-29,c751434b25f21656eec249959c432f9cd4d4421e74f387a1c6fc21db9779ec51,in,bc1q5s82syvtk0z9n3k8ya7ajm9at40m8vu7hd0s9z,0.00040643,43.61,0.0,0.0
2025-06-29,cb0bd3315706942defe46dbdcf28237165f4347eb9060255ff7cfb4c21c855a5,in,15X6TkSiXaJJ5vjDfCuNYAkZH2kgG6S1Wf,0.00042098,45.17,0.0,0.0
2025-06-29,cedb8b0cefcf7c72d4179a49106ba1d12fb477ec73cfc8a5c09468082b6daa7a,in,bc1q7609rkq6phlpgf0e9nrtqjfwkmzpj97gzw2h7v,0.00223294,239.59,0.0,0.0
2025-06-29,d10e365e4852385c0bc69b2d83c8d685954f8c302901ca27e436ddd75259a6ef,in,bc1qn7qqwxurac3y6thscua7s99r8dtnq9006c98q9,6.548e-05,7.03,0.0,0.0
2025-06-29,d22867508fcbbe48514a34881e0191dc343913d57d15ffa0c3a41d9c211cd667,in,bc1q036hflacs0mfczmupcwkz5hyk8wg0r053u9spg;bc1qqeh0eykv7mfyhugx0rv7amwk4snsqx87nrr5tk,0.00027939,29.98,0.0,0.0
2025-06-29,d418b5c1ba037a186e36f9bf8e772af824cab64193a48a4966a6d5461cb34b7f,in,bc1qm34lsc65zpw79lxes69zkqmk6ee3ewf0j77s3h,0.00043415,46.58,0.0,0.0
2025-06-29,dae8478aa7dccd8227cf47ee2cbe58c05d1b8e1ba30e37b8c2aa5a7880dd6891,in,bc1q3w933k60s567lf79a70pw92hj9yj9wxc3grkx4,0.00021389,22.95,0.0,0.0
2025-06-29,e78234393fa2a99d8c1d7d6410a770805df50d18e61931098cede1bbfd0bd610,in,bc1q5y5ttldkqf86qrp5082yfn93qpkqjl4m7k2ryp,0.00018145,19.47,0.0,0.0
2025-06-29,ea81ff0cab23722b65dbcdf4a7558ee0ee4fc1b20eef55c8a5cd0e02473936e3,in,32aJD6bsdocFvF8LaS17T8FZYSTJDXGv7t;32iMwv5HDjhpS9GbFtz9TeK8MQRcuCnFnH;3A3ahdkmirJtkyNRfREoVPzsWhumJyACeN;3Hot3GSd4fHcF7siYNrQjviYaQfmUXmgFc;3P2KXsCcMdDhs48ZExL5nkcCHPdRJMXY7W;bc1q6k2tpke4r0jgv874tsj94k6uvyhmxvuqrfullls7mlpz9l67hwxqaw5u03;bc1qq9ndye4s9n68yc5lvpd3tmvm50l2tym65w5sseget96vg56svd2qd5pctc;bc1quhruqrghgcca950rvhtrg7cpd7u8k6svpzgzmrjy8xyukacl5lkq0r8l2d,0.00013,13.95,0.0,0.0
2025-06-29,ea8eaa9543a32981bb67d622ab86b01d6296ea5cad8333801c6ce07526207d6a,in,bc1qm34lsc65zpw79lxes69zkqmk6ee3ewf0j77s3h,0.00019,20.39,0.0,0.0
2025-06-29,fa70ecf344034917e03386f286d8f17de8bd43b20da06d8f8ddd151132436c69,in,bc1qlsxwlhqj6savfrgmtcnpe63hvulld752s92em337j50z043nhl7qgatjh5,0.00033762,36.23,0.0,0.0
2025-06-29,fef42f2f046cf249e39fef70441bb9e1aadb0ea103faaeab1516ed39d4cae2c5,in,bc1qdtljpqtnlvpc3fy8y66cmk0ccpkx972gqhxtns;bc1qvhwkaf8nqcj2vm25p9nurd7mw8kpw6hvl7ph7w,0.00019105,20.5,0.0,0.0
2025-06-30,0388e93944374d8ef8180dc4b15c9ca11868aa2e681e7572f266d429249e16ed,in,bc1q5hsg8nmhsndmj7u7ncpvgnyd3adcfr0vshdgvl;bc1q9jvr5grqfz0a29facsn94mtqzff9umyzt87pss,0.00043467,47.1,0.0,0.0
2025-06-30,1cecc9d12609f2a46c0f707d6fbadb62d27ebd5ebe808e8542110db7d488ca4d,in,bc1qeug5fgs66mtahn23uysv7a4krann9f5djw6vcw,0.00013607,14.74,0.0,0.0
2025-06-30,202f6fa29766327b489c33e63a1c51bd1885eb51913a9784cf659bdad62b98c4,in,3L1p2tUHPwrRN3qgf4Hm1R73e29hFshbnp,0.00030547,33.1,0.0,0.0
2025-06-30,2d081c1f1fe4c4c196685c2c472338180bb2b81d976a35b9143256b48ce4bafe,in,bc1qaf0p6w9drrpkdq7cw592nwn8kx3jq5tepj0a7u299c5gq8nqh5cqy0xrzn;bc1qwfw6fy35qsvhmdsu7pdgfu2e36nndjmd4euec0vfms2zea608tgspdt4n0,0.00016214,17.57,0.0,0.0
2025-06-30,3639f30c0b9548b693153155824b4c00738b9ab0664cf3ddc4e130c0e325e164,in,bc1pzzccggx34sjrwuyxs8cd0lw4hadfws3tehwvg7ej7y492lzafe0qd72l07,8.953e-05,9.7,0.0,0.0
2025-06-30,377109ba21bf6b7c44981e96f98760fef2dcef2130735bc7b6664eeed68a6a82,in,bc1qjfnul2z046xgefx8k9tnq60s8m9mrcq0n29uxh;bc1qjlhuhgnk453wzgtem35gap09shanuvr6hrgfzr,0.00069034,74.8,0.0,0.0
2025-06-30,3b41de5c02ca9e4b51a5a25c50e5d176618b410e72b7f6a945b6eaee20583d77,in,bc1qls8fat0sjpvs50pau40amk6m49a2549n87x6ze,0.00015189,16.46,0.0,0.0
2025-06-30,3fd8d2f511235e96e5626b9c2a6bfaa774c0b78566e9e07646e069b5fc101fae,in,bc1qr69y9ww3rk09z85w26sg477ynrqnefavtttxlv,0.00109792,118.97,0.0,0.0
2025-06-30,40bd3dac15f64b81889d574a25fb1284dd36a0c510c6f01975b75184e8252d03,in,bc1qw5kkr2d5lc0539w6w3zwkxlh8a52wytcttsjc9,0.00023194,25.13,0.0,0.0
2025-06-30,41fe112b60b5735bdf0ad1aae8cfc90ed83ae5611588d94ba16723f3942fe444,in,bc1qxgswfapzv3t8r5jqk5azwv0wt7nqztve6tswez,0.00016668,18.06,0.0,0.0
2025-06-30,467340645d4fd5001c954e51f352ad6a2f927517a7fb118f696b5470b5e145aa,in,bc1q78ppdppd5ufcpqh06vxgygr722fqfhykkp5vje;bc1qshd3hfq4gfv747updy7g7a7w6ypdt82aayneqd,0.00104371,113.09,0.0,0.0
2025-06-30,59904826c6774eaea93742462fd61e7c11c1add500df57e6026217c01c8197d8,in,bc1q6236qlyf6jun0888phkd3w9gx9qlhy2565nkmy;bc1q9kua8jvaclszllnlpqdwntmaj0v27azx64kmmt;bc1qlkfn48t4h3p6x0l7ht6l47eumg7lesqle6a547;bc1qv42hxprd5ux2yfvx7c0hyexuthelwkx7ql9862,9.212e-05,9.98,0.0,0.0
2025-06-30,59aaf75d73c4f9ad5487d30b87d15a396fe80ef1f1959e76f47b1ee4e48a2f16,in,bc1qc37fys0gt863ged0yduy7dz7k4c2tf7zr75kl5;bc1qpmf5vs565t6qzq4r2nkvejexzn4gjlh8sff4h4;bc1qu5eddlv4nx7zuwnrdkr6asukdrjuxac7ryf9q5,0.00019101,20.7,0.0,0.0
2025-06-30,5ad2117e78e48a2e6ea879f4e8335b2fed4f833e81d9cdb46f3434d229d372ec,in,bc1qm34lsc65zpw79lxes69zkqmk6ee3ewf0j77s3h,0.00107,115.94,0.0,0.0
2025-06-30,63bf8c5d87dcb0a52bd5609ef6846f0e1a0c9aa029fe0979392e11a6fbcc21d2,in,bc1qls8fat0sjpvs50pau40amk6m49a2549n87x6ze,0.00015363,16.65,0.0,0.0
2025-06-30,63cab06378df1d58d1df985b0e384c8c1899c6b22fa4fd86b919394df77ae4f2,in,bc1qrcqz8ul88qn28yexrmvkmqakrsgzrt5fx0y0uu,9.861e-05,10.69,0.0,0.0
2025-06-30,6541623fe37d718ace0760fdab7c755db14497106775d37efb01d596f03349c7,in,34TfXGRJhoqMhGHWvkJCXyZo4PKBzwGms4;376S5uaHc56YozhLSCfUG5XABD7FpAYi6L;37TAD84uhTFWe8SeY3WJLXTFHHA1CdeXtW;37wYTLd8TGvcRjMt6bvbYkWd1rZ16kFeyD;38fj7GmSRPWuaib6SGuH2UdMcrZCST8JSK;39eBSdTFfqJZwboyA18s7L1XYUUNYm8Nza;39nn4srM5foKPvXwCQ2NMx2XL9AxdnBKyr;3ADjpeC7GjgF4AYLo1ZYVr4mTDJt4k7F47;3CVsZTuV9LRviDrG1Z8iGDZk2WrxN1m8YX;3Ch8VoMsfq1GfoHFV2kBxEaMzcSLRFA3XY;3HUv1UX4pRptGBLH9W7xBPzCGGnGMdix6Z;3HpQyjerCPVq3Zyq8nPwo1F6CgaYoQ8F9o;3HvaXFszSMyK2qbGbFnyoERDNPX4WMdDXJ;3HxveUc32nyq8S8eLxxMbnexLhK7REy6Ra;3JGMDoZZXp,0.00211655,229.34,0.0,0.0
2025-06-30,909d679187d4cc4b5e558f90d5cc33ae98625ba4ed232374fdfc5e566e1b1cc9,in,bc1qs4cdhvvn27znqy4m2hax9xdwmq5s26mfhy5uhv9zduytrqslezfqwkfmfd,0.00029101,31.53,0.0,0.0
2025-06-30,9a56cd50a201d56ba218f39d86217055c293d09b17865b70bb6ad9fc4cc9cae1,out,bc1qadc5yn29gdrln2dkzl6cggms8vmvlf65w6uex7,0.02100242,2275.76,0.00015474,16.77
2025-06-30,adab0f79067377fd1da713b96dc07c9c7ed0745735cac21d4b594d1752bdce54,in,bc1qwhgkpeedzdvzu4faj86576av63p7vy4c5n5u3g,0.00040044,43.39,0.0,0.0
2025-06-30,b26927f7d612546461a40e8017ac72054e6e299ccf3ffb14f22bc2ea35fb8671,in,bc1qk2ycfcmf6wqm29h47jyeh9wq35uc8vey52w20r,0.00047705,51.69,0.0,0.0
2025-06-30,bd4f54f8d01ba98debf56b3f98fd858d7fdb9eb74c7dab224b2be50e62548736,in,bc1qjtsca3qzzd0n3d9xh6wze5r72p4xge8fxvhm9jmeh0hgekeamursm48ecq,0.00040072,43.42,0.0,0.0
2025-06-30,bf8677f5eacf9e568c2508999e97802542b8a6be3600379e3deccde40c5c50ac,in,bc1q7fgl0emnzs3fasyas0s57h5xxnjxx3d27kx5ss;bc1qmhh9u2lxs4yxy42ph23n4ynjv2p2ka2a53zk0s,0.00014551,15.77,0.0,0.0
2025-06-30,c21c8a291d9b39d3372de3f97a8e06dd22d111c2b2351afa3a061d291fb731dc,in,bc1qx24kkev6hjqsqnjf7tkjwtfdxktzt7zqkjdnp93xjl9m60hka7lqhf9mnn,0.00030659,33.22,0.0,0.0
2025-06-30,ca0d271d99bbf33a8a7e08fe8cb4198cb1259f3d6a5b59c8c1ad99f449bf8563,in,bc1q56s6ujjja4554ktrsjlfh00n92yrdgdzz2calu;bc1qy39062eq7xha2pmwaxnlp3h6k0lz85c30vkwc0,0.00019136,20.74,0.0,0.0
2025-06-30,d83b3cb06ed5a94b35f1e89ddb3fda411b31c41250446990c6b15fe86f0ba031,in,bc1q20r4a7ugjngq37yclp852hcd3txv0gmghwjxh2,0.0004174,45.23,0.0,0.0
2025-06-30,e6fca6250988f4cc6887c915859cbd012202e2b88148a35f4ff25de7f69b0aa5,in,bc1qqvrka4q6tx80r34pkr0cnl6valza8zcs0vvyte33v9m4chg9args8867cq,0.00086406,93.63,0.0,0.0
2025-06-30,f25075dbdfb5b3e9f6f7615b4113b826d1873bca65adb6c055d52d31e5b6d8e5,in,18L4AQanq6w6mdK1t3U5k81VhiERNJRifP,0.00014546,15.76,0.0,0.0
2025-06-30,f589945994ab588099337ea64d2081ca7d64cf4c9cb46206de6010634f267dbe,in,bc1q0asfz0f62k9s8w5mvjstv0v4cykn4aj2sl6aja;bc1q9rhxpvsxsh2m8tfz0teu9k3258q44z437pa8a8,0.00033042,35.8,0.0,0.0
2025-07-01,0b9f74c0cbe6fba9f28b4f860071f6c9ed7b215d67f4412841b09e26987b193c,in,bc1qrua8v683h2le4h769yzztw7zzm7pmhmp7rr0cg,0.00020127,21.57,0.0,0.0
2025-07-01,13147cb7412eeb5459a9b8afb40db7048d52cfc0a5169fca889e1444d8b57d24,in,bc1q9yhx5uzrwr4vmgax8me6lajdqygr9js4y4s080,0.00037532,40.21,0.0,0.0
2025-07-01,1d82f6415aee47bf7527e627fb0c85e2e3481c5b9301adda791696c771051cdf,in,bc1q3f0cxnvgvk4r7h9g3de4rm2q4cvf2a4s0y8vq4;bc1qk7qpczdy2wsftp29wvr43w24kjp5r7pd48lf7r,0.00065357,70.03,0.0,0.0
2025-07-01,237ab92cffbb93b9a93c393f1ef5dcbf9646c15be2dd2cdf1e571d19d9cc2d00,in,bc1qmf8t7zdru7smzheskw6926qk50xae5alpxvp3a;bc1qpn4gxgvemmcd8wmp3u9e5ak7lzalskudenhs7d,0.0002351,25.19,0.0,0.0
2025-07-01,263ba7cc62f217d9e72c2242f00b60291a7f189c824057469755d45123476d22,in,bc1qu0np3x0yhl96d8khxdmmlrkpfmfqmkfvyk8zv6,0.00042537,45.58,0.0,0.0
2025-07-01,3013b509ac42849d8d9858296e1b518ba8131b3c650f01cd74f55d6449505c63,in,bc1qxx0zqvxjlz5qkjmxje8vk2kdrydkscu3xq0f2qpc2u4zhduxcp4sfcyjge,0.00216304,231.76,0.0,0.0
2025-07-01,341bd20e9483383e1c4e1e20dc890fd5a58892a32e15717cf697fdfc34dafd7d,in,bc1qkpdzwq05lxscwguh2eta9z7hqh0twlxpk4fwuh,0.00032878,35.23,0.0,0.0
2025-07-01,38c4bc37f409edd16dbec08bc6f890a45a3ce5cfb05868b54289a61eb6fe4ef5,in,bc1qcmqtf5hhd2l9ws90cdwe8fl5llkgqj5fux0wqc,0.00021554,23.09,0.0,0.0
2025-07-01,4541e1b371ce92756a0a4664ed415e0e110133835bc0c7f4b37cff68ef8a4470,in,14Y5jmiz1b9FbXVzSzmQEvgqwiUQ4obrUo;bc1qn70rr7m4lzqp49ftmnl08zuv2a2j73xmfhm2al;bc1qxvguhendgxzfmazqmdf6d8wk3x4fjg86h5ltxf,0.00023514,25.19,0.0,0.0
2025-07-01,48494ff1b9687ac189124d403aaa85613f50782a04f5eb5c8af121516421c21b,in,bc1q9k9mr0z73akhtdavgfkk5u9n85tecjyhe5symf;bc1qazqnwgr0vd4xh92wlt38gx6x8052y4lgt083ac;bc1qw0t7vcmp4f9r3z4yhgtqcmuqa4lze30m4ts7ux,0.00037586,40.27,0.0,0.0
2025-07-01,50a4005a92cc46264fe1964e75fbb2042856ede3a0b1710623a687f52b84da7c,in,3ANfHfbsYHe7KqcWmdTDap57FViXmzz2V2,0.00093816,100.52,0.0,0.0
2025-07-01,50f29ba208db3562b5d0bb2c0e0e91645e83c9bd341ba3bb036d1f9d680d428f,in,bc1q0nmasfdlpfyerxsuj6plw8epdxk8gr7t5ynp8f;bc1qkk0xlswp9naa3dn3gajazjnnejg6ncthvklekp;bc1qx40pkt0x8avxm2mae7kjwelq5mnunnpsaxczjm,0.00019396,20.78,0.0,0.0
2025-07-01,6c8aba717a473b000bcaeccf983333ccede9af7f498b5e6485b0729eefd3e827,in,bc1qn69a5wfuf0l5eunx7k3z9h6trduqcf0wv4ggxd,0.00018872,20.22,0.0,0.0
2025-07-01,715e89a499860be160cae3d712245958c9016e7771d4b93043ec60062545e70b,in,bc1q4deadc0509a9n4yxydpk3xpsn8ly86t3uaa9pn;bc1qnfv8kpeh3pxnwum2u0zcxzmn3747p65m9v28me,5.914e-05,6.34,0.0,0.0
2025-07-01,72463e4791934f2cc60f33f9ed3f9dd87c194ba7088d85cc01b00e4c938eecee,in,bc1qm34lsc65zpw79lxes69zkqmk6ee3ewf0j77s3h,0.00021549,23.09,0.0,0.0
2025-07-01,82a5c7316689464fc75135540e55591c4ed19f8e2462f8015c3a20fd13afe388,in,bc1qjz7fhucgn2x3jt3l2u725s423xw2mdz3gy6j07,0.0001879,20.13,0.0,0.0
2025-07-01,870c2569f93139ac5670cf1e825252e3192b1fecbc02375db95b4a24aa40f334,in,bc1q3a6zzegtz72g0tprdp9vhgr3zth6hlt0ugs08v,0.00014151,15.16,0.0,0.0
2025-07-01,8c6d8a2681375198da872a347db2a2a80753e266f7861052a0b04704178c2072,in,bc1qqezgnpqm8j0zkurg0cnj00h7zddv5d85eyepkq,0.00051396,55.07,0.0,0.0
2025-07-01,94a34c1ec57225804aa651d971a0cd8266748cf6ff1e0c52463d7deb9a368d57,in,bc1qanfta64t82uud2ttd3fmk4ehet0qrpfytcvuwz,0.0002814,30.15,0.0,0.0
2025-07-01,967732502ca952c1e9ae8cd2ef292e4859b6c11127a6191c17aeaeeb4104c6ef,in,bc1qqsazye0p8hk7lqsuu3ce5agzzfnjcg6aqtu3ug,0.00028247,30.27,0.0,0.0
2025-07-01,9aa6ba5b703a8e46985176afb68a5a65c4c7729367e148c307a8ee914a216020,in,bc1qm34lsc65zpw79lxes69zkqmk6ee3ewf0j77s3h,0.00043955,47.1,0.0,0.0
2025-07-01,9d4f94f6c971e4b8de5dce61a50a2db7e8dcfde2c9c2d4f78eb0cb2a6811f51c,out,bc1qsuvvdmgnyc0lxxseamwltzaczqsdlqmk5us76s,0.01772512,1899.18,0.0001281,13.73
2025-07-01,a220f6a3c7edde1908a3df7fe55d9cdd6baa26fb4ba0509cb3e395a058c779af,in,bc1q3km436g3j9e7h55ukh067t5ejzpg4tmkh9pwy2;bc1qd968ynwcsk7eut5xza5l4k7m29a2h2026vf9cy;bc1qpweekgu4je984glt56cdc6xldemz8ct0v8ka9y,0.0004221,45.23,0.0,0.0
2025-07-01,a2f0ad894299389d4e098b5fe56ad7ae4eeddc984c7c173684d243da6aa0066a,in,bc1qg2r0ljcjp2qucp337jeulewwhtamltp75a8lrtcnhjt7zg3ddcvqmwwtsp,0.00056269,60.29,0.0,0.0
2025-07-01,a5c1a359da8e2ebfd07399522402733bba96287f16cf32beba6d2c0abf37416c,in,37XXe8sVfWTseBvxCLqKASar9wbuPyUSEJ;bc1qsu7rc96vme2mr9vysjm7e47kj8k7a5l0urw6g5gt3nqw99yn7crqhffmc8;bc1quhruqrghgcca950rvhtrg7cpd7u8k6svpzgzmrjy8xyukacl5lkq0r8l2d;bc1qvmpe5468dewskmpq9z6auuxq5m8ezt24yle9j5q57c9c7jsz9e4sur3xqy,0.00017649,18.91,0.0,0.0
2025-07-01,a7cd12e5e2e2f8806353e956a59501ed9f2405f77ded3155a75cf5b84e50fa7e,in,bc1p6ry25ucz0dx7sssfwes96l4vlzd3g6qy3rgdpuk7mvyaj4lg6puqlc5hxs;bc1pdfh63dk8e6v6xwe5a934z0czvng7939h33m370gc8pfzxr3epvzqjy75h0,0.00041452,44.41,0.0,0.0
2025-07-01,a8e4f275780c3c0ed12f3c1081c0ecadd1a009c1b45219521d45c5dac2fe637b,in,bc1qzyzyn6dtc80wynrvrqlg0lfg5mk8dhu7h57na4,0.00021795,23.35,0.0,0.0
2025-07-01,ac9cbe76140fd703a10aa98caca77b00675de9498957007299a9a28b2c3b8249,in,bc1q0849ja63kzqfnclcwk5k8sjhl99ejfcl3z3ljx,0.00119701,128.26,0.0,0.0
2025-07-01,b613c484390ac02f27f7e1647a43dbc0dfe3a8e616ae38be9f8b48599c60e91f,in,bc1qy8yqmk8nuxkdualflwesdlyjsatjreju6v9v52,0.00084942,91.01,0.0,0.0
2025-07-01,b8544b1039db8056e9308caf1fb8fdf61ea66c33b924235a6c4fa06cc7c655c9,in,bc1qywndvzsguvl5r2lfs05j8lec8vuuq5rhlefxvd,0.00037906,40.61,0.0,0.0
2025-07-01,baf5d22b59ee3da36c2c4953b87b3eda4a662a330f7d1f6ac420d2d9f1b9f0b7,in,18kT9Bw8puEZX1xcbjWU4rjtoNhDg96bF,0.00044971,48.18,0.0,0.0
2025-07-01,c13c2c95e4e7a6f08417c995cc9a83d820776081f884f49171f22dfd0e353c4e,in,bc1q5lduvpsde9zmgm4nlngzqn0n7fmxfm8awh79kx;bc1qkv8lc6fcx2zdu06p33gjnkj0fn2a0td5e4uerj,0.00054792,58.71,0.0,0.0
2025-07-01,c5cd1b267293cd63d1b9f6ba2621ae64eea6cf4c3fc2f17b5f5f430cba89823b,in,3MjYRoWrcg81RuBn7cxW9bvzfXYkAtHoSZ,0.00018611,19.94,0.0,0.0
2025-07-01,cbd585663c2bdda6d6df714f987289735a56889f59ff25efb19837f707925d9f,in,bc1pxhl9kxqa5vnw7uj0dnkwxfhmmmnzcdtl90j5zcx5qls4fzqf4jxs7zswvp,0.00045848,49.12,0.0,0.0
2025-07-01,cbe2fd44c8186ad74ad2ecd775bc5c14f99ff93748bcc60e4490ce07c48acd41,in,bc1q5n8qxyueasxyfk959prfg47deuhne8cjpnjjap,0.00088626,94.96,0.0,0.0
2025-07-01,cdb0d5761091cff98aac31e050b48872ef0a438ba21000b7825b04fc024dc5e8,in,bc1qm34lsc65zpw79lxes69zkqmk6ee3ewf0j77s3h,0.00022658,24.28,0.0,0.0
2025-07-01,d292c4ea3d22d20e898f4cde73cdf3c24d898e273c3577569f42b6ea04d5ebd0,in,bc1qkp034kruyqkh6g40567cwmjcc8utz4s6fzl4c24lhnzs2dyq2vcq8dt4v3,0.00027132,29.07,0.0,0.0
2025-07-01,d3dc0d4e17548c6606116d29bb7873e5c1f974badb7a2f43d2563d25b9999a77,in,bc1q42wwgm9w936fersfp833hp3ugexl5t8hw7uzuh;bc1qatky7aaj63t504vjcnrd2exkzxt94gghcl2wrd,0.00014696,15.75,0.0,0.0
2025-07-01,daaa6f25b62281a38d72e6b060bea508de01c9acee8085b59404499df37fef3c,in,bc1qwjf5nqlxgp6lks37xe20fgreae4k6ateezg7gx,0.00023964,25.68,0.0,0.0
2025-07-01,efd9ecc8f381ea090594d6f872b5dc57f9ea1756bebc111cacedf692687a93d5,in,bc1qamr5tp9yjuqmcl90n2vmqh2t5zly3j6mq280dk,9.314e-05,9.98,0.0,0.0
2025-07-01,f34a2de7b6ea450c2cc68f0e443a780808bff81ec72f2772a01c0d6c61c144b2,in,bc1q5dnd47hrh9aqm9qjflst0r2pvmmttqvcl7uj64,0.00042285,45.31,0.0,0.0
2025-07-01,f4102832f6cfae25ae3d7bc8a8a04a731580facd7b4abea4c1e0d832b376abbd,in,bc1q4jvmk4tg9x2pahf88ee8adwfmwha49e0slaeak;bc1q9v4m0tz3xzyhk9uvqptz7m2lha3376pmpcctze;bc1qeaqe3uw343t27y288jtht06hyvscdrskn6q46v,0.00023588,25.27,0.0,0.0
2025-07-01,fe4391cdedc48b5d6e3be0fe384f7a0b35fe649d99fe596d7217f9cc6dfefaec,in,bc1qkm8x5gfn56fv4rnul393zkkp8dpk2rlcf8mfrxgl78tgngskh6aszg6rw0,0.00014567,15.61,0.0,0.0
2025-07-02,0c88b1bebb9d0e2d777a69a9792b84d632f090cfab1697235a1455fed50393a6,in,bc1qnnt8xqu4a9n4fmmspkvxkwxrs3tx2encw336fw,0.00014547,15.37,0.0,0.0
2025-07-02,0d6ea3fd4838f5a7761ce46e04be367d43b554624fcf38b8990c1b6a823afd28,in,bc1p3cdp4mk5t4u7zxlrna9509uxacfu39pk4lemtkf092kd4nrtygwsa7r6el,0.00046942,49.61,0.0,0.0
2025-07-02,1810c099bb7e06823c6a2d5afe67b9a3ce9e4cf4b56a7b98ad87e934486c0725,in,bc1qamgjuxaywqls56h7rg7afga3m6rgqwfkew688k,0.00016066,16.98,0.0,0.0
2025-07-02,1e382c42488d9e4f6f5910affba51582c560371e184b72c94fbca199660c0d83,in,1H58MdUq4a1pzY4cw8wnQpMAwRdxwAJpr1,0.00035719,37.75,0.0,0.0
2025-07-02,214941381b781c285aceb3beb563117811742bf1087e140a0342cb02d78cfc32,in,bc1qm34lsc65zpw79lxes69zkqmk6ee3ewf0j77s3h,0.00021629,22.86,0.0,0.0
2025-07-02,24b1372ade6390cf4e40f47f03417d0431fddccc4e248f4bb4b698de8fce72dc,in,bc1qp9zh6e7a3gtrlu4wgxlls7rn9s02nf0d5a42e4;bc1qvpezduqwx62jknvzsv8g40pr74232t7pswhefw,0.00031876,33.69,0.0,0.0
2025-07-02,2921c1ce32208b485e9bbec30a9b704e5822dc89fe4497d6a30c7a55eb0a1d7c,in,bc1qsemyn79xxa776hx0xn48d90wdfamgy5vd0lg5w,5.935e-05,6.27,0.0,0.0
2025-07-02,32e06168ba5c162c87df6dfb2b1065db4af884c1a8bffa5b5b423771c5aca267,in,bc1q69xxyvfetmxu68p4c3mlktjful4rnd4utpa0uv;bc1qmecw8gwp3lpd70hh3440v5wa3nmmvmmd6sky28;bc1qmuhq4v5gt7qjxhglpxqfnx6t353eld52xhuun7,0.00029071,30.72,0.0,0.0
2025-07-02,39ab2991fa372f18e28149c30f95ec6bd7baed49272b8ade4738b69e54168733,in,bc1qeavwy5xnd5kc02p43xerqgwhjqmg248jv46294;bc1qhz5agas795zypvelm5eu6qa3s3khtfdmd6lj9n,0.00018817,19.89,0.0,0.0
2025-07-02,44f5d0099a2b4f5ba964a2f401a8dfea73620d2c426e3b89a7d729002858d7fb,out,bc1q988cjyx8jgmg69lxnptk5l38zdakwnu2w4dmw9,0.01289431,1362.69,0.0001429,15.1
2025-07-02,4e6da4633806f2ceb0871d8870afb867eaa945618b4ae3915b52554cccf4a1ec,in,bc1qje5yj0v53lqyxppyzgevwy086w0vuarp7eyehz,0.00018971,20.05,0.0,0.0
2025-07-02,4e934de666bf33fde851aa842191ca0e8672ac61b7da79e21f8b28b6c9daa383,in,bc1q5zmurfzm2lfusv788nnw5jjyuruv8n8ctfz4tg,0.00014721,15.56,0.0,0.0
2025-07-02,4fe56e647d2ade6423e78950991dd9364f40ce0f731ec56854387db6f42f37e0,in,bc1q69ss90sl9hhn0zdde4h8m6wdvx0xh5yl5pqtdg;bc1qa02geadhnu68vxlzqmycekkt8sm2ey8pj3sa6s,0.00030455,32.19,0.0,0.0
2025-07-02,57fa9231938cc043806302b7adbf33bcd883e9ad8bf4944852510b52a4ad7417,in,bc1q0dd22u6zdh5pek29605nkrj22vkfd7z4kukzpa;bc1qlw247ap3hazyrvp86qrgwmmaevu3xqlxda5w8r;bc1qmtn4f34hty2wj92a8adqdg2p4cya78q7mwpzck,0.00013848,14.63,0.0,0.0
2025-07-02,6099ac4862e9ee1129d87d1377ebcac18fdd63683c3dbe2deaf25d2dc4ed62aa,in,bc1qprdf80adfz7aekh5nejjfrp3jksc8r929svpxk,0.00010361,10.95,0.0,0.0
2025-07-02,6265fc3b04fb7d4ae55ce0ab472d6e77b032d10a736f1fad8af6e43ed9d11eb6,in,bc1q3c7pw8cderz7uadw9ak8m04ynfdzu942ugv6gr,0.00027411,28.97,0.0,0.0
2025-07-02,6716e1d2a5a39a2329b98336a0b999c56f3f3bb2eb4878afab042b71d95a98d1,in,bc1qxmp8j4ptfqruzr7y9c0npwdpdqgv58fxsjzcex,0.000239,25.26,0.0,0.0
2025-07-02,7791b2bdded386afc81d02a4fc7fc8c3106a6f0663e290a321ecd8913bc7a274,in,bc1qls8fat0sjpvs50pau40amk6m49a2549n87x6ze,0.00015225,16.09,0.0,0.0
2025-07-02,7c36394bd2345ccf42811429ea5bd307d3d37fded533530c953d9f7a5b4032cb,in,bc1q9whs8yw0pq8apwf5n645ea5882mrjsam7nfgk5,0.00011939,12.62,0.0,0.0
2025-07-02,837c148c8cd8a33864fe8aec019380ac6af0f1464aab7c8370076917da45db53,in,bc1q7cyrfmck2ffu2ud3rn5l5a8yv6f0chkp0zpemf,0.0004354,46.01,0.0,0.0
2025-07-02,842c73580af15e63bd5f69d79d502f9d6b4da77cb2e615e15e6815d0a4d45b3b,in,bc1qtu57fus38jj443s7mg5g8uczt8u4kzggn56q0r,0.00022687,23.98,0.0,0.0
2025-07-02,8729f2a4393a7b2938b4c2dfec91683c8cf6763ce9ca28a99527cce69c738360,in,bc1qsatlphjcgvzlt9xhsgn0dnjus5jgwg83dr05c6,0.0006931,73.25,0.0,0.0
2025-07-02,89e16ae57f3c9842a225ce940096430f84ab7250a205da1b28041e7d41a5381e,in,bc1qdrr8qhulxws3jlj9rcnut6u90jj8gd8ls68zh3,0.00015217,16.08,0.0,0.0
2025-07-02,8de3243744f55532103a365682f172fcc1a66c801cf53b4d48770f3bbc466aea,in,bc1qtz9an2gn0y4kadempv250zdtyplftaplw6qzxm,0.00053682,56.73,0.0,0.0
2025-07-02,9578f9eba876161407a1306bf7d71a5aa9bab8038c599958cb6f70988bc3409a,in,bc1qm34lsc65zpw79lxes69zkqmk6ee3ewf0j77s3h,0.00042797,45.23,0.0,0.0
2025-07-02,98931823e6b96f46abcd8b6ee03271e61f605c1ae297668d8de41f234ac69e5d,in,bc1qh0jrzqlcees5970pgc0h87gcllksx9dhmtttn5,0.00014983,15.83,0.0,0.0
2025-07-02,9db66a18ad84f3d06a1928aee0e8907e471b6c1a6950135a278a9f0646adfcb9,in,bc1qn69a5wfuf0l5eunx7k3z9h6trduqcf0wv4ggxd,0.00020832,22.02,0.0,0.0
2025-07-02,a140f469bcb525659788649ebc86708e2cd83e9a1fefcca386d17b868043441e,in,bc1q6smqvusw9tkp5dcpzynwlk6klxvkfkadwz0zfw;bc1qmw4qvsg3d626cu4ekvfkmcjteshv23t9sgeulq,0.00022899,24.2,0.0,0.0
2025-07-02,a60fc843cf964e046a57a13b5d51afb9f1ce69022233c13f83265ab582636384,in,bc1qhx95fd8qq0ekz4f927t66zlmy0x0ds9fn8h93w,0.00094683,100.06,0.0,0.0
2025-07-02,af5e4e6752f4e31d550cbf2461a97f3a187cc2c320000e952cdf806ad39e4cea,in,bc1qsatlphjcgvzlt9xhsgn0dnjus5jgwg83dr05c6,0.00046781,49.44,0.0,0.0
2025-07-02,b8d33f693ca3ae53f956f9d212a337c2a1cbcd9220d6a53b302449a0ded423ce,in,bc1pr2the0u7rjyeenl7eeujmhrkz2rluays85c35gsw2kxmzh44kawqsfcgsw,0.00012322,13.02,0.0,0.0
2025-07-02,b9ca5cd62bde2edbaf635e886222332c1bf5bc175ea3c21347f70844b4d2de37,in,bc1qhmxzm8x5u6t50nhe9x728hjfkq46s559tuywps;bc1quvw35fx98uycgurvc4fm57qmrr6l2jx68ek8rx,0.00045047,47.61,0.0,0.0
2025-07-02,be966fbbb87e63b2010ef2447fd2e30d477c1502c40365f43439e07538adc1b2,in,bc1qfp5jctjh75d4neprnj6des64ty0fapetd6s3dq,0.00022038,23.29,0.0,0.0
2025-07-02,ccfbd45490742e94106854d8adce0249cee623933e343572d522aae68a5047eb,in,bc1qcmvaamzwh9xn6t820d0entkmjjkngls27f2tyh;bc1qwr96m3qzv94rpz0n0a025clvna0rwrqv2tg2us,0.00015245,16.11,0.0,0.0
2025-07-02,d0feacc5ec625f437affd1c528eefb80a892fbc4450be26c3f2a84c308c40b5a,in,bc1qecwzur46cq2njjc0xtku626c8n0hp8r47yfw7u;bc1qysnjp4ht2s4ltquww74dkartrzgp27p4z75jh2,0.00014242,15.05,0.0,0.0
2025-07-02,db7091f070b23223e5163d5573cedcd682434aba68b46e681a47370ea2a851f1,in,bc1qk8qy4gt5cdx89ldrn5h2gg44lydv8em9mye5hp;bc1qpehwlkl02us9qnxctwsvwyceh0tp24rdhpwhdt,0.00021057,22.25,0.0,0.0
2025-07-02,df8ad528264b597192b16e2808b39eddc481c50e0f11dd088217431d5b3fe1dc,in,bc1qtuwnduyar2usknyteu8awsaljr6mk5lw48lvkjt7s5d6c6av6vqqspqyqp,0.00029287,30.95,0.0,0.0
2025-07-02,e07d465496ae0fa77009b9972aad1e1acdfc48729852d32f679572817964c0fc,in,bc1qhkhjuqhk7475rtfx240wwcgerasvrlf8sucw5v;bc1qr5w60yrfdxtn6hme7lrv4t2wrackdk3zlcy9q5,0.00020098,21.24,0.0,0.0
2025-07-02,e0854319bd6b8a95ff317d1d982d247c60ddc121d915389c8df061fc5db45c77,in,bc1qm34lsc65zpw79lxes69zkqmk6ee3ewf0j77s3h,0.00017215,18.19,0.0,0.0
2025-07-02,edbc46d2248345b255874271ade954624d670c571aefc1941b99e1b3fe0c0226,in,bc1qv7jzeyze6am94a90ctnf6cnd6ahu4jrfthcpdf,0.000234,24.73,0.0,0.0
2025-07-02,f942ba41e5da516d4740ba954997659c4f0329397403f6d0783f41a13df21a50,in,bc1qnc276p08sld0w9qpzpsw4237s3w60gh2ehcn0w;bc1qzpclzvv7al8t6zmeazplwpxrwr4sds0y542xmu,0.00018693,19.75,0.0,0.0
2025-07-02,fd1b862b982efaefdf8ac50460073975a2c927866cf67551fcd407fa18bf93b5,in,bc1qq2uuklj3neqnqfzaw95khzyct4m4mtyza5hjay,0.0002829,29.9,0.0,0.0
2025-07-02,ffd99134254997430281226a044fc497227e22a1bab63aa2f6d51ec3e9bbf5e1,in,bc1q3gza63xdzqs3fzltz2je28zvas0dlekc42racs;bc1q8c58dn76zm5a46s770cq50u3qxj5g24r8t877m,5.212e-05,5.51,0.0,0.0
2025-07-03,02db4dda3f56efc8a400e22d89072f2ae8c8b7ed6087e6b5b2bf239b46770296,in,bc1qvq7zydftn4hupcryvslfxkx8073y0p63ne4jde,9.09e-05,9.89,0.0,0.0
2025-07-03,0b8d5b9f6e9af732094a97a68187b6945f924fbeef406a54c0549e5a39c6a31f,in,bc1p84lvalkud95cx5q406w50tucuynry9vnz2y7fv3txh0mj9djaucqmpa3js,0.00027406,29.83,0.0,0.0
2025-07-03,0d23881353d9f1bc9bfb340e02775e270a0160f0506544fb7b4dfbf11c7add11,in,bc1qwa54rtz2804m2wxjq2fsghjkfuxzdwxq9akgd7,0.00024519,26.69,0.0,0.0
2025-07-03,1e25489c129fce6e98cae666d12490a8f38c621dc0051a6c15885efedde39541,in,1HLaYo6Hx72WiS6uu7x1yVoKHjzqYSTnCa;bc1qe98p9sm89wrqyz33r636ra62ltry646xvg475u;bc1qvnzrav7kvrs9tcrlteqmz3qprq0xecfwx4qpvh,0.0008364,91.04,0.0,0.0
2025-07-03,348ce485f78f80879e3b4804eabc0cf13b9aeba951d775406ee6ecbd4a79024a,in,bc1q0uxv2snlkfdt4jdse50t4gqa5ey3u9k7ec9dte,0.0006859,74.66,0.0,0.0
2025-07-03,3a094fdd7530a2d8594c69cae5b57a0e9ed9f59fbf3307b289ed6abf025ef7c3,in,bc1qal4u58qgqpxdaj787n8t6vdzwk093l3wqfqn4p;bc1qhyx0qv6h8sk26eas5lleqjlfnqskv50qe0v30k,0.00040711,44.31,0.0,0.0
2025-07-03,3bafec8ccdd512524cc3d180f1b67f58e713d4bb97df879117041383c6bee10f,in,bc1q0juzmxu2spwvgc7lccqqnn366yl0zc37pnlqx7;bc1qyaqyq8q8jgm44t6a5rz3mfd0ukhtdcgnnl3p0v,0.0004121,44.86,0.0,0.0
2025-07-03,3e115763b89b8ab20d85b898806278c42f6c3951a11237898bbd2de580a9e77e,in,bc1qepas9hmgf53tp8tg3n0fpefvua5nznr9g6tj0s,6.109e-05,6.65,0.0,0.0
2025-07-03,48c71a7174c43925a14f00a17c62f752371e721c940e4585857c70a5ac6d5f0a,in,bc1qa9yry4dpa5567x37ygvgxkzjp456s22rkh80hz;bc1qy8f9e67v72h0s6wn9lr0mu04x89mvcjnw4z289,0.00035727,38.89,0.0,0.0
2025-07-03,4d2293f32e37716c89ece8683838d986b297ef92f4fc0f59e723f196d7e98f48,in,bc1qcfpq8vrg6meshqwqu6ma9emkyjslgu2ztjaaf3;bc1qu8vkn64a8zaf38jdpw4jx3xdxfd5zdhs3qkzrh,0.00028124,30.61,0.0,0.0
2025-07-03,564b9451d185085363550a7f7fec627ee2d0049ce3eac45187b98c854f1f7bc6,in,bc1pxajcxkzug45awyhc0gp3ddxxy9gx2whjjqq5e4ppz9k0j7qvgv9sk5st6t;bc1qnsty5zseure8686skr4pr39j92fe5qcq7yrny0t8w27s0wp2we2skn3dez,0.00045875,49.93,0.0,0.0
2025-07-03,5d718b43172b8cc7f62c30c9febcd266f2eb41c7e4147f5b4d542a5e15257b73,in,3KgwKx8SwtyURA3CtWqQzKbsjzcUzuNGTv,0.000923,100.47,0.0,0.0
2025-07-03,64b30b4350cab44016f42f321ae619c93229a6e2d81283c313ccfa6576d46c0b,in,bc1q9cak6q9xag2raj23zj0x8qhtcwnlac4v57my84;bc1ql2aprwk52pnvpmtuat5fkgtfy5t8u2jgaq548d,0.00027546,29.98,0.0,0.0
2025-07-03,6b4bc72278ecdf1f95f7466142d41a8e79c6b9ff6a4831fcbfdb673ceb99cd06,in,bc1qxzp4pr9xndsr0dx9cn07c364q34nfy4snugh8h,0.00031801,34.62,0.0,0.0
2025-07-03,6fc69f0ea95b8f9a87cb7e5532a38e4c2d24a0f6cd7e00c3f15f7103023319b0,in,bc1qptlun7j3tsgk743cfrkuw7spwc65p50nneg2as,0.00054746,59.59,0.0,0.0
2025-07-03,738a4b9496b1fe0a2d7b836e0f9de2dfa9a01272911d5303307d179262b2c395,in,bc1q7ml796zztu4vr9czh4u2qt23gdwxny4wr5hsaz;bc1qf8pvy7esw38fd7r8jg44rkwh6rvgjgecs3yx4p,0.00013793,15.01,0.0,0.0
2025-07-03,73feaeae6b420279128dfc802f5e030a0d2ecea92237cdf503a5900a109fb921,in,bc1qm34lsc65zpw79lxes69zkqmk6ee3ewf0j77s3h,0.00093821,102.12,0.0,0.0
2025-07-03,7c78847ea6016d50937966e45cf8d7c7ec8540cab4546358342458a2b218182c,in,bc1qxmp8j4ptfqruzr7y9c0npwdpdqgv58fxsjzcex,0.00045144,49.14,0.0,0.0
2025-07-03,8bb8a86357234557171dbbeba6968205f99b38286fbe775aa16e327f49375745,in,bc1q3az3qzp530c89wh7r99t9s5azlsd6x68sw73lw,7.307e-05,7.95,0.0,0.0
2025-07-03,8ff1083d6c840343770a56853fcef3d0d2cfad0fd71b5d2a31e81cf729edc1c6,in,bc1qyycrhqfv6v8cezkt8pfdh7ku725259t8uaphge,0.00031767,34.58,0.0,0.0
2025-07-03,90a76c158c950eb4f7aa5b591f09eafefa0b7e5f873bb402c3fee353660f86ff,in,bc1qjz7fhucgn2x3jt3l2u725s423xw2mdz3gy6j07,0.00022619,24.62,0.0,0.0
2025-07-03,96ad4026de0513d6bba44e0a39bf642f82155f2d930b616b69f284a67a4acdae,in,bc1q5845r89qvtgumjr6cctjtavnpgzvs7hcd7hqmh;bc1qpvl33p268derndqqds6hprv7rulzngxj9h64t7,0.00032908,35.82,0.0,0.0
2025-07-03,972a857194ae08ba31deb8403cabb1bf60685ba8fd0b4c38fe3dcfef73c4a9af,in,bc1qn2vp0c4ejwyknjkpxjxqtzm46ud6jn5uw5d8kc,0.00031972,34.8,0.0,0.0
2025-07-03,9948bc7c2080ad55f0486c934391e125a78e07268f5236d80ccd0adf61108555,in,bc1q0sktzkhrqg8vcap2rxaq52gxd7hkh967vc6cjh,0.00036537,39.77,0.0,0.0
2025-07-03,9d447a063d7cf6765131ce91dde3b166f903f3fcdf2565a59f163bc07da371a0,in,31kKHZiM9sRfv9TYmLmufTCVqS2K8sdCx9;328d7aykLnF4NRGggtkEEMwo88agddaoqV;32QjiQXuqy7MKEofNQfzSEyjCS9kcSg1Md;32jaCJreZabfrrC4BxFPFb9XwCjd1ypBtS;335TojKT4TkLoLaesSqmDqDGB6c1Bs2rgn;341RSw9oycVXofALhbpnuivffwRfQACuGu;345AQyVMQpLFnFwgKnxgLRFEhQLezEoDiq;347TAxZTZmU4AXGHfVwdiUrjUCYmZVEemQ;35LYg9T61XFAepGY91CFAG8pH2hxeTbT7x;35Qan8Cubqu4dgvSzmQBnUW5DmtVXQ2eAz;365ZudoX7ipyT1Bp21mALSgyMHA2EL4sic;36BTs1NTuVLFTDcPyw1ndjEa99wao2Pwtv;37ZjPK77E1RdPJwrtpzPJf9iNgAFJneG75;37sUuMkX3y3ymdVMMLSJAQuNRiUokAxG5j;38UXSqq7XP,0.00098248,106.94,0.0,0.0
2025-07-03,9ff759db3892000cd0fa9c3a05070c13e8d7a208ced2085d97a6dd4522039c17,in,bc1qsgn3zucryjh6mgphl8ss03436nwcyjmjspehpn,9.295e-05,10.12,0.0,0.0
2025-07-03,aa7f487300192719f3ad87f15d38b160cfc06478cd7284b1e517d7ffa36bcb40,in,bc1qg8yw4qgltf3u2zaqekjks80ad4r3xz46gjjtqk;bc1qspf5jy0yz2qneuhvfw7gt4w2ugq2k2n0twmhjv,0.00057541,62.63,0.0,0.0
2025-07-03,ae5079305b8eb67d3699d2076b00d290f2c9c17275d20576e52735965c8b4b60,in,bc1qeq3srqkn6ey5usv8g92m3p6e2w6458wpll7xssmp7xff3xpty06saz9j7q,0.00023839,25.95,0.0,0.0
2025-07-03,b39dc76d922bac73ada035968365fb971a9a30f347560d65039bab8b31f9f87f,in,bc1q3az3qzp530c89wh7r99t9s5azlsd6x68sw73lw,1.813e-05,1.97,0.0,0.0
2025-07-03,b40fc3c842b9549e1474f1367a88569be547f2832feff7a797cf2d4f360f7b03,in,bc1q3yas02r2qvv97k809nwynreu8swyh0cm4qf5um,0.00031011,33.76,0.0,0.0
2025-07-03,b7e6db4ec56573f61952d5d97f80e3c0175c10266d87921cb3ae76b5721ec94e,in,bc1qpu0h7gl5h36jjfj7e0jnmqs3hdfqve8m6wc00f,0.00010381,11.3,0.0,0.0
2025-07-03,b997af0edb0c771d43a20a65c9fc62cf32d0654af848dad26c4a6ec05c0badc5,in,bc1qqerfy4k72s0eyh5j26zsncraftq2p2v37fu77t,0.00018746,20.4,0.0,0.0
2025-07-03,bc0702dde251ed1126370e7fd54b60b2a62a925d90b8ac33f763b451667dd87b,in,bc1qtz9an2gn0y4kadempv250zdtyplftaplw6qzxm,0.00107309,116.81,0.0,0.0
2025-07-03,bf6355bf67eb0c11487a54be35228fdb035891c5e230636542c3ec7efa01ad7a,in,bc1q6svl9haxl9da8jyvk708pxj79ywcpx5kxnajts,0.00019909,21.67,0.0,0.0
2025-07-03,c5df5c4f77da50453b554ebfc26d741efce6273f182bd6780da7cb458324b72d,in,bc1q0wu0tqp2u3rtunjl0h0rsl9pvf86acy6sep63st0lp7lgg67ykzqeq89pn,0.00075453,82.13,0.0,0.0
2025-07-03,e2cc5cb968384f375e1f5e4c4e2c53ffc46854104b7ad78f3aed8e13d16265b1,in,bc1q04fjy8f0avvppkg2w7jdsdsu8uzpgvtmuahsn4,0.00031859,34.68,0.0,0.0
2025-07-03,e75fced9daba120d891f2249d6ca2ae51880f94be8fc752b37c0a31889a22dc0,in,bc1qx9gynt6edtftsv3utn6pfqc4vhuu6jv897lrn0,0.00018275,19.89,0.0,0.0
2025-07-03,e863c179bea8c546cf038906d6f4adf30d649a689e912445bf40273bf93b7d4d,in,bc1q6adqqmkqwthzg4eqr0htm6wtks52mkjzlvydtq,0.00022904,24.93,0.0,0.0
2025-07-03,f2f96527717849f2664bbd45bce7e68122264c0ac71cecbd35334e16e70c847e,in,bc1qdvlumz6yz39p05ks2ks5aud2qvucuagnl395jm;bc1qtc4pzh65w5qsrg267m23aqvg9wu9pny7m9zu0s,9.759e-05,10.62,0.0,0.0
2025-07-03,f42ac2210d98afb85d7459d7ed511a48bdf20c981f3ff855741c051fb60bd032,out,bc1qz3t2kxqgr62mkfs0kjwrrurr8473elrlmp26az,0.01464179,1593.75,0.00011626,12.65
2025-07-03,f5b9c829d3e99bef7c28037522d206000a593aa4bae533567dd33dde65b05470,in,bc1q76r38la6nq8qfjgaffpmpfut75ujg4970edgct;bc1qe7c8tsqrdt22vylz046gdkhe95hhf2lue2vht9,0.00017172,18.69,0.0,0.0
2025-07-04,0646a3ec28bc180032880a2a0367c1becc60c9500d8cab3c903245e52155b364,in,32WmTUJ1anXd4CM42CdcJz4aeyFhvi3vmy;32xg8qL773EbQzsiazpwDPFcpzjGhN55j6;341WX3kVsjxYmG1uoZ7NKCpVDbL3w8hJrd;3443PLsbFmq5yZzPbQbyq92aa17JSJ5YEN;34i4sbMrSbuxKbsjzsoSHxpZpVAKAt7Z3b;36GKvTSKwEXaeo8WSNoiqMCWn6WpAE57Xk;37D6GG1qMz93y7jKw6Edbun1EkvKZGPq5M;37P6eW7J9aSbLjnpegB4aSe8w7KEzN2Xoo;37Tm3Qz8Zw2VJrheUUhArDAoq58S6YrS3g;37X1kNyWiwCC7EXEcpRpCv9cQiBcxJntcR;38LQ4PXGSXon7cxZhwe4vBDR83DmUfDiDv;39JLQ5dVC5CK2F1ZhTsvgqwmsxUMaNvFjY;3CtJ57MYgvJGpe3yEn77vVpchra9T8mDaq;3DWvnsbAJJTLufQ4AhQY7LsVQrKoLjEHXQ;3DptSSa1JV,0.00031888,34.94,0.0,0.0
2025-07-04,0d1a3b4e790cade2ae07c7a2eb9b6af756e6acd621b39e0e4d7aca35394caf52,in,bc1q7m546pc7grcj096uzvgpkjdzqjq8nmukuj2j00;bc1qn575cvmesdafn5q0ts86kxey4kvmrg8m0xmcmr,9.893e-05,10.84,0.0,0.0
2025-07-04,0e938fc74b7b8756281dcb4e2db828f2fc4e27840576425b2e34b1b84596a01e,in,bc1q5ptygq6uywg0y7plw3kx46gxjtd4lyct7js6nr;bc1qkc4krtelz059f8n8a46vmp2reg0xa2mwj3q8qc,0.00018895,20.71,0.0,0.0
2025-07-04,11dcb92ea04b7c3d8c3e8bd7f528785924a90e19fae0e914c03bbe744cc9b9d8,in,bc1qc8r2fffdtyq0wenhd89g8h9dj0nep9s6xh2k58;bc1qxn4y476szmkfygjr2n3h8jpc33dqnujcxpufst,0.00119935,131.43,0.0,0.0
2025-07-04,13fc2513b67d9d8786e958df30be8fa7a7c9da21561b96930a19a2d2efbbbe74,in,bc1qm0u6en6zezmyqwey4pv0v8uxec2h0rnsyj4qjd,0.0004586,50.26,0.0,0.0
2025-07-04,1e877e4ae4719afc816f766a0827761256519a3d7253bb6e6c818a220a3038f2,in,bc1qd7c6zu7rwcuzkvz5zjr66hvwvfux7gc4aa9kf7,0.00060485,66.28,0.0,0.0
2025-07-04,264ac3110c6d3ca5df0c92c8c1657c75bee40aeb452ea2c63b56c0d9795a5316,in,bc1qqzf2kqzq0rk6xr7en0jp68gj08mrlafkkyp2hd,5.294e-05,5.8,0.0,0.0
2025-07-04,2b1d3b4e7d1fb61291d9c58d507bb39c9db25edfac3d6f050bb2825386949877,in,35nVz3y4BwKsot5B27oNW4bNNTrFw1uCwU,0.00026838,29.41,0.0,0.0
2025-07-04,31e1532f7eea4bd0d93895d94d281bd0cb5bef17c257d2934a18eec185ee0783,in,bc1qy4wn3cy3mexdj0tn8j959ml8u8zduey73y6u5d,0.00023345,25.58,0.0,0.0
2025-07-04,371ef1219fd3f5d497f32a152be5e406046769ad791b383529d68f21e6f4f107,in,bc1q0g9l75wrc95jexa66yx4ljsw2zu6t80wglhfsejxmpamv6pwx62suxt29q,0.00064355,70.52,0.0,0.0
2025-07-04,3ae644f8c2227a8c143071a3a52370d4a319355277e372ea71428b45bf352f46,in,bc1qsdc7dyjduxxv7c9h6z4mpc9we03cxglxsp7azhmjjhj2xwefdtvs3rf45p,0.00032258,35.35,0.0,0.0
2025-07-04,3f7e7f29a4b92b2baca146f55ff8c66765bb6eb9ef64fb30dfb6a6c6419e8c3a,in,bc1qpu0h7gl5h36jjfj7e0jnmqs3hdfqve8m6wc00f,0.00013288,14.56,0.0,0.0
2025-07-04,4d6734f6409373bfe9c63c17c2e88f6d632d2ec4fbc8df04cddf00e22f808f83,in,32jaCJreZabfrrC4BxFPFb9XwCjd1ypBtS;35LskL2bW4NsJr7AzNPRt5WVqXVRzFEwAY;39vsyaP6ckr4M8fhgb6HNSPq7TSkcoakde;3NqS2dfxp6oCJyxPFkeTcqjeE8ewiaXeXQ;3QjwiZtmBcL1Twii2ez2RbeNXtu3CNsR6r;bc1qrtdlqyvhptygqw6mad49rev8492l6sgazy6l0u6jlln6cxhvdg8qlq2cq2;bc1quhruqrghgcca950rvhtrg7cpd7u8k6svpzgzmrjy8xyukacl5lkq0r8l2d,0.00019753,21.65,0.0,0.0
2025-07-04,50e403420bdde44e2f1838855aa1aacff08dcfb25857710199764a027eb52afe,in,bc1qkjw35qznpl00x9z8s4xnnpu3a7anee387y65yg;bc1qkm6036hz38pdcdw95yy28nmqle6ghq3uvn3vyr,0.00087395,95.77,0.0,0.0
2025-07-04,545478e4ab323e098a9c9d2c8bb4e31dc3953279dbea349a657323d50be42242,in,bc1q090f233mdpt5l0nth8hdwv24senn5vxczyycdf;bc1ql9x69ykf54wt58pa6cdez0jrt9mpj2csd3wp78,0.00090324,98.98,0.0,0.0
2025-07-04,558cb119576e18a45cc9cb16d38db8a434907e53403532a0d5cbf9eeb686612f,in,bc1qyagq7z8pqx5pd267acvqdf6tmekc2zw5envkfz,0.0001487,16.3,0.0,0.0
2025-07-04,5abec55914dfec3c9e4336e351843a424d7ca2c3db56d4b1ab93d4ed6e6dad50,in,bc1q0gs2vsg03squtx6u36hx9v6qtv4tx95yae2kj2;bc1q5vy8wnvyjgqznj0lf3fh8wh8z432pjqelvamxm,0.00023234,25.46,0.0,0.0
2025-07-04,6a7e99111f1f136d29142733f35d63473924f8a7b7e51c4eade9d32c840dcaf3,in,bc1q3svh6ydx4lajyu73qjvr9ueqd4kadak338qh57,0.00034893,38.24,0.0,0.0
2025-07-04,78288cebe1f2bd427cbbcad6d6f99022f52f7971ea58ea9684943b92f01cd4e2,in,bc1qd09tksu7zzqyqujrj7uzyfjx27c268hewsrftc,0.0006885,75.45,0.0,0.0
2025-07-04,810b680de8e934c5c94c56a70718155007a5130e77fd8566ac3319a47b0ec055,in,1DSYMmJ5BHZGf3QZcT5B87EHRSvLUmohhu;1EfkC8nBwj74U7hjPzo8ZLyrCyZ2PLmkES;bc1qnu7ystw2tks3za2e5ux8es0gt0xw26h2qqv3r2,0.00016758,18.36,0.0,0.0
2025-07-04,87df90a2a447566406b7aab738a4bb769694d3ba9c85f8661a7e0e39d4ecde2f,in,bc1qzsauu6klrfu76dd4t8tfuf8c6kxvmxkzc86a0c,0.00091258,100.0,0.0,0.0
2025-07-04,8bdb47154d97cfa4b2b30f31088e93adc0a7f9c0651f85be037f6ca7db5cd2e0,in,bc1qr8sutekvvdawx73jptlxmc5k203zv9je8zwxrx;bc1qrrxhe05sw53q9hp3dy0wug6r4l72c7pht8dvyk,0.00032425,35.53,0.0,0.0
2025-07-04,8c18437af10431a04ae1a5a75bf7166d58205b0d3ea7553b528522abd0a7373f,in,bc1qdgtrj4h6e78ahastceg8dyssy4qcx0l0rkpzyx;bc1qjsj49unlr2evpstqsa7ey8adzt7a0np9awv846,0.00019098,20.93,0.0,0.0
2025-07-04,8daf3738a05d07cc88f62769ada8ffb8520558ef691b377474f72ae67dde039b,in,bc1qd7c6zu7rwcuzkvz5zjr66hvwvfux7gc4aa9kf7,0.0004899,53.69,0.0,0.0
2025-07-04,94149fff2551e30f79c7153005ce934fe7b79be1ecf7657566fbe8549908f7ea,in,bc1qc6nes8qenz0qgtpkk6mmray06j92na4eazj2xc,0.00032391,35.5,0.0,0.0
2025-07-04,95776e8ae6d49bd134abc103a0905e9c80e81f81797e37811bb5b7b6560ae068,in,bc1q3az3qzp530c89wh7r99t9s5azlsd6x68sw73lw,7.347e-05,8.05,0.0,0.0
2025-07-04,aae37422f3adcf14b308b66f5d458c1748c37d1963dcd5e7784d7ba8bbc33508,in,bc1qtcuc2wngx0m29vlsyvymzngtz7v8c0mzwttc32,6.371e-05,6.98,0.0,0.0
2025-07-04,affb30957d24c491f845273cb52472db6204671e6e1748332dc55621a10bfad3,in,bc1q0tj83t6kf04x04cfxde6lld03stpj8cu8rf9yu,0.00014399,15.78,0.0,0.0
2025-07-04,b6421413abedc172f30c12a9b05ef42c9215bb37a97664021bd2c6ac1c8eb985,in,bc1pm8k8c7jykfjwff5ljfps5ugtallqplpgllc0vppjkhg7gfvq4chq5wkdqj,0.00186204,204.05,0.0,0.0
2025-07-04,b84543d38fa322201ab30b00bc43b6a1162a6394cf8e88a71c357123e5677e01,in,bc1ql66k9xvxtw3rrltufjy2e7wh9nlmqxhjln0mpa;bc1qm2wrual09mjnku37c5rxqjxmdpz0pz5t8z9xfj,0.00021474,23.53,0.0,0.0
2025-07-04,bbc29623fd732ee3488d157f5df9606701ab1e60abf5c37f37bf3d2800087eef,in,bc1qje5yj0v53lqyxppyzgevwy086w0vuarp7eyehz,0.00087255,95.62,0.0,0.0
2025-07-04,bc09089bae88af4b5b6e7d4150d71cce6ea4355c930987f7bd1bc478ee9441cb,in,bc1q6ft4kk669kstw5srxu5zwgp8939ysrtlg2zv44;bc1qt2eqcj6rtwsg925ra6hvvrf26whr9hntgr9v84,5.794e-05,6.35,0.0,0.0
2025-07-04,cbd01b08bee8339bae6935ea6b0d27e699d0e0be0edaff2822e9c9a62dc8d39e,in,bc1qm8xkjwlfyaz0k3e7p6qjm6n6gtnrtgx2hcxqst;bc1qnx7pmn0ljsgrc8u6fjgnqffzk9ecu2lrp4tnkn,0.00184429,202.11,0.0,0.0
2025-07-04,cec6182316d17a25f3642bfce4a6298c0e8aca18f5a7e3d07a94332948401111,in,bc1psuch2pdfy3rrxj4kus88l78xc2jxmzsjt3lf5v7j6hacznrekh3saer7d7,0.00048372,53.01,0.0,0.0
2025-07-04,d19ba36dae1c935435719efa084ad434168990005bd63f9cc484cf68189765ee,in,bc1q6ce3stl7cqzymr06uh8m062raxvklcccrrkuey,0.00041126,45.07,0.0,0.0
2025-07-04,daceeb1bbed219597e6b28d2ef7e4103c5dae3906ff99429f85bed9d18ec39d4,in,3ABZwJpPj2p2XPkczmpSFbP11hiCYLLSH1,0.00022106,24.22,0.0,0.0
2025-07-04,dbbfa7ab071a5ac4a2d0caaa1fe887c28bf389e432333f6bb7d477a8c51a99d8,in,bc1q9z7nv6lrvvvyr2fsnx3jv2sdqu5qqjahngq9r7;bc1qqa60686qtqqzf46t3fdfytrx9ng5j5l9xmrhgh,0.00055049,60.33,0.0,0.0
2025-07-04,dceed95b6a067a89f910fae4b1c7853bb56a8d7071ff6de1c67c7632950f9f86,in,bc1qagvt3q6ayflkaer60euw7ap9z2sfx5x7t0z3nh,9.074e-05,9.94,0.0,0.0
2025-07-04,dd875bf28f34b59492da3087277b02b62e50ebaf4cdedbf303506eb82507559e,in,bc1q7mjqmhfe6leh90v4lg0dpuu9kyt7rt3d3n4zwn;bc1qjjd7mkth0c90265vg78h5evkqdy5gcn5gqyrzw,0.00050151,54.96,0.0,0.0
2025-07-04,e40e64d5d0411f5f5cbece8553790cd70dc9ec2e646289bff271c870df348aac,out,bc1qs2x2vegga85cuavp08t988q4lkl3qmtg8hqrds,0.01838708,2014.94,0.00013698,15.01
2025-07-04,e54d0255a28cf4eaa6b8907ebc0cbf0f7f928f87be09d59f9d62f9e5815b7558,in,bc1q832sfkepja90j8xaxugwprntmjazdhyrrlhyet,7.881e-05,8.64,0.0,0.0
2025-07-04,ebccdedb43542675a2cc19cb213121d2f0da5e144aab1b780e989f45eedba383,in,bc1q07cmq3ervgl83xyd54e9m8v9z33972recsh08h;bc1qmf7teug0k6643ugatuknheaahtvcjvqnd5g8sr,0.00021449,23.5,0.0,0.0
2025-07-04,efc17dd4a40f3d924f368a44fa6a138d69d3fba7a0df3fb0aad1c712af2bbbfc,in,bc1qtfhl6fllj0n5gn70ssjjmxt9mq8tsnlq6exh80,4.596e-05,5.04,0.0,0.0
2025-07-05,12742a84922715cfd30e873ace0fd5984a734d2d64a5e3c9c2fa5d398c63fe26,in,bc1q6wrpsar939qvhssq8wspapptxpeenz6cf0p863,0.00042587,45.99,0.0,0.0
2025-07-05,14f6d7136d307e858a99720dd511a4a1b8750648d9b916832d5654b6396acd31,in,bc1qvpktvnk352n6lejcvnl222qfqj89twnhyg8a96,0.00055521,59.95,0.0,0.0
2025-07-05,1e296d2da137e844a79748884e1f93639d00a1ad2990a4b11ad98dfbcf534d2b,in,bc1q4ygxmsgqk9nh9e89z3d9spm46whfecwpv4t940;bc1qr0yudl5qncwnkchlydvnkzs3t0ryzkvpwc9twf,0.00019023,20.54,0.0,0.0
2025-07-05,2111b1904aea098d380dd8a43bdc2240315f30345e834e491a4c9093e585a594,in,bc1qj6vhm96xvceknse7vqj6lknms0tv4cguum8wva6hs994hjnun5csy53kzw,0.0002978,32.16,0.0,0.0
2025-07-05,21407ef5f184cde94be0085f5d7b4377e36d1fb281229f25927c14b71cec016a,in,bc1q7jn8u04pymtlevk46jnas3g0xkz9ahzw373ksp,0.00015748,17.01,0.0,0.0
2025-07-05,3b7a34dffcc95a06c2f6e441c489fc78c60d743d90a33a4ef6dddb924fe00287,in,bc1q46stk445ltcpxa7l9nw0p6u4uadkr9h5533p7p,0.00010314,11.14,0.0,0.0
2025-07-05,4d10d263432f56a4a36082b420bd867c65f88ae922712c5a534b5d8a7929ded5,in,1FWQiwK27EnGXb6BiBMRLJvunJQZZPMcGd,0.00457637,494.18,0.0,0.0
2025-07-05,50d9cf597d661b4ed9d4cf05379a6be59e638d05373529122ee230e9f6463cfc,in,bc1q64jn2h9phatref49r3mr2g7sn34mjnep2zmcz9;bc1qx0cuzj5dav24tw3zfe3n3zmej80jljfkvxjn83,0.00099916,107.89,0.0,0.0
2025-07-05,5f2f7f3f8224a569037d3acd2f06842d59d01424b06dac1b5c81556be68eed66,in,bc1qmhtcw6twk32a602cdta8t03p5lmj7w6zdr8mxk;bc1qtncfjun7l6gv0fg4ndl292w5rldmmhgducwlrs,0.00011103,11.99,0.0,0.0
2025-07-05,680e703cb3c3006a7ced5980f60d9de2f4faf44552c1c53b4e1a52b0688decd9,in,bc1qwwn6d6zj39mkmc0wgll7u0xee5pfj3t5vftrpw,8.318e-05,8.98,0.0,0.0
2025-07-05,6bb835ceffa3852d0512289501943faa93a886e4e0978698c0a6799bfe31cfb6,in,bc1q005zdprtd3l2faym242aekfunj63mst8dntyq8,0.00023152,25.0,0.0,0.0
2025-07-05,7c0ada3a0e2e189d18a69e56b1c460026f7213161498182a43589bd0aca60265,in,1EQg2NYqdRTqGNGJd5z96MpDru5uMBP4ob;1H2EC8pGf9LEagG3vDNBq5Gj1cR9Si5nNz,0.00086047,92.92,0.0,0.0
2025-07-05,97a8028c5f8186437fc1766c4380e96c4343183e37a426e8554610a8c2fae41f,in,bc1q4hxn6gaur4r5ugzxe6m0a2hlqx0g6j4gaqpc3r,0.00019454,21.01,0.0,0.0
2025-07-05,9dbed937b2bab05b7b8e10bc9b2d53c5b24661d6991e00b3d6d32a0f6096c26c,in,bc1qd4t55ykjs5nqxfcsfuqr8zp7jt9n5dgtsa9dv3;bc1qf3ekdfe7sf7el0fu58qy3sch88ayncxfakmesa;bc1qldk4s7atqt25du6xj96envs87wrncr39ggzcxa,0.00023158,25.01,0.0,0.0
2025-07-05,a2f181aebd7ad11438ae1e2ba2f05dac7d3283f827b4e41b2b206a3d05ec6d3e,in,bc1qffvnt9wzna6e0dkknwxc8egqpzag2jckkfnwl9,0.0001419,15.32,0.0,0.0
2025-07-05,b013689352d0a3c223c2b4452402e400681ecd99011aad07adcce5c4965712f3,in,bc1qfqgn8ql3pyy8pl00czzmhj3ucdu979ytkryqtm,0.00138583,149.65,0.0,0.0
2025-07-05,b3a4092139f0b876add98fcbd2fae66ab6730d627cd15116358132b649b6800e,in,bc1qvut5rvmuv2tl5ng3jfu8unjy3snynqntlhxjwy,0.00032381,34.97,0.0,0.0
2025-07-05,b5535c988c80e2be9c26a71a87aee1789b896f058becef8f3d709536ae105ef4,in,bc1qp34pedwwtvkfd65zc4g75w52w9syf6c6dcthfj,0.00027884,30.11,0.0,0.0
2025-07-05,c44eaa1837ce28dd8edba0cb50a80982e75abe2393304cc847022c3f39e1821d,in,bc1qg4vamrac9csvqc68k9v7r6vedxc625cp78anf5;bc1qw7pgcexdnjlmje26t05f4m3sffeuy72unf8gx0,0.00022787,24.61,0.0,0.0
2025-07-05,ca6d4b7a7382a8ed901e3a1e34ed064b9cb86792078257488aba3141d0b94e0a,in,1PWSmWuaVoxzx6g1nWbGP9kZdGDPw3acc3,0.00010841,11.71,0.0,0.0
2025-07-05,ca8b5b7bca881f261187e8b0c5c967090cafdd0c290d28d8156c71f6905fec08,out,bc1q7njnjqzlmna9gwusxdludaycm7u2dk00zjhrmx,0.01342156,1449.32,8.666e-05,9.36
2025-07-05,dcd88cafe4d93c19b89766e600396f4d514b4a86374187e742abe46471d2b3a2,in,bc1qw0lp759yq4aaxphtnehulvjnyxfml8nu9697cr,0.00010619,11.47,0.0,0.0
2025-07-05,e176ce4eec1c2592499327fec4acbf4c4488cfed775487b5eac0c5cd1783e748,in,bc1qujaulvq0kv9jrukpmdpcg0e9szq3ww80d7zk3k,0.0003234,34.92,0.0,0.0
2025-07-05,e2587df23603af25a0122ca5a5838c17327cba69799f7cd186682c67f6e38053,in,bc1q8dfwdghvs4v0tsnn3x6g4ldllw87zvxch6scad;bc1qt3h6rtmnuj4p4ky40tj4pnu8r7un8n577rd5vf,0.00021303,23.0,0.0,0.0
2025-07-05,e343e9037558f961842fc1360bbc8fcfcc0f936387bda1d8c16553165ca33b21,in,bc1qj4t7rd867x9glqjlk5jd5a3x5tdk9tgrtwm9xe;bc1qxzd4qy7fp0lktvl49qcaj88q5426vc8nzkmh7e,0.00017294,18.67,0.0,0.0
2025-07-05,e698d9b69ffb62d919aea2cfea0ae93cf718bdc689828951a974ff96c07043a8,in,bc1qd5w55gw7d9jeesuhc2kn7hllh6nkuj26wtazeh;bc1qpkdk25ctsrlrr768cd75ps8xf0pltludcnqes5,0.00018701,20.19,0.0,0.0
2025-07-05,e83e34282fe07d3f3e690cd9e1c38655851ac2e9321f0ae342f1786c97b4ab11,in,bc1qzlf635raum6jet075mgshhhfeclcv0qfkehn2s,0.00041422,44.73,0.0,0.0
2025-07-05,f1bf570371a471e9043e6223a9bbe83ba874ff87f8aec7f10ba4ffb3fc2ec853,in,31tae1KLM2fxcgbTDphDR5SFo56tNnMSS4,0.00023144,24.99,0.0,0.0
2025-07-05,f406191f4181ffe08138575764ce997a1d7370c840680eb0edc47940bd1565e0,in,bc1q790zccrs53xw6jtev76z6d8d839fwl3rzytt387k6wquyxs7hemq25ckrc,0.00018953,20.47,0.0,0.0
2025-07-06,0137e6434788f1b65ae59350e5d1208049eb697e6203e678ef59b93980452d2f,in,3JQbCpacXDTFiEqBpDmsHEJfutcP5wKGns,0.0005571,60.28,0.0,0.0
2025-07-06,02bbfee1b134787c0cc5c82366ffb623fff32062269f9128e24aceb98eafe79d,in,bc1qn77jyphxdjp574770l4se2u23hhy6h9rylgk7j,6.329e-05,6.85,0.0,0.0
2025-07-06,0382f12435f4bce20e29232eafe38e02286627305ac96bacdc161a330ba93227,in,bc1qslemmsk05z7a08sps0nz4ejyc0gsggwhqhh5y6,4.326e-05,4.68,0.0,0.0
2025-07-06,0d7728322ec9dc30c4eeb6a2b230320a6f59df6652c1e75562e0d287dc74610b,out,bc1qys4l9deljeud59s3ffs0fy56kr9z550td8qj9c,0.01273989,1378.43,0.00011626,12.58
2025-07-06,143ed2e9376939d39d93e3d9b7fe048b3cbeac751650a3cc15126fb3c09fc355,in,bc1q820t65x5wtehk4k3v46ns0hgsgemufc28x8m2e;bc1qnv8y4esh2fy53dascr375hsu577zn4xy02g3ws,0.00013865,15.0,0.0,0.0
2025-07-06,183ea6fd9aa7ba3f835fb24ce28dd92138d273362864dd7a68ba0e13b1b50f29,in,bc1qmugnp6m6u3yv34q8ew93jels4psw8udksms3ka;bc1qz72mjszau4ymgvnqu2zuxqhw70yhrey9wzg7lt,0.00023333,25.25,0.0,0.0
2025-07-06,1b0e276486c0be0496273613af03888dc981832addb045de0d58e00e1cb3fc0e,in,bc1qde02p4ks6jupmftlukwpueljeykgylj3ghwl2u;bc1qk2cqxc7yssfl298chzkfx4cyhsgx2ulgal75q7,0.00014328,15.5,0.0,0.0
2025-07-06,2a3c817ef0ff3967f1120d04f2e32ef694237d4384447eab521e47224a4f350e,in,bc1q3zkgelz7l886aaydtgpwkxxcmpn6c66a0w6j49,0.00017097,18.5,0.0,0.0
2025-07-06,357f18a1bd4302e1f02902ea4953292bbf9faaf0b9b3651991f7f7311c36e2a9,in,31tae1KLM2fxcgbTDphDR5SFo56tNnMSS4,0.0001491,16.13,0.0,0.0
2025-07-06,3bab1c53fef29c1895443f1bb10daf3d7d78725bae51a08eae40db2ed6aee72a,in,bc1qwwn6d6zj39mkmc0wgll7u0xee5pfj3t5vftrpw,4.583e-05,4.96,0.0,0.0
2025-07-06,3e349a4bbd0ef0deac0c1afedec9c90b2ddfc1ca404bfff32d9f2d38968f8e09,in,bc1q7vjamel47at6lpz2lv8zdxxkv9e05qvq9m7m8f,0.00041277,44.66,0.0,0.0
2025-07-06,4a23bd728b8ea6c5c8d31e8beb7a76323464f36672ce4abbabf43605b5d260bf,in,bc1qm34lsc65zpw79lxes69zkqmk6ee3ewf0j77s3h,0.00052,56.26,0.0,0.0
2025-07-06,55639d47c10e4cf2e8de43b946503d3932ceed0e0edc5c348079365b8494b975,in,3QfHTo1FDkLpTGdQWZ6T8h28va1X6wXP2b,0.00123594,133.73,0.0,0.0
2025-07-06,55cd8688cd266394222e51fa518c64b1c6f1383670beef642e9d348ae74e2777,in,34d29bYTYwPV8oEHpaxdM5T1vgHLqEYC7Z,0.0001037,11.22,0.0,0.0
2025-07-06,58db71e9aff108661c3eaf674d542dcf7e9f63930a07d6aa3635af5d48417583,in,bc1qed65kfgrdeu0ntkxcxhewvr7qsk4njeguge66t,0.00019457,21.05,0.0,0.0
2025-07-06,640833df70334a0db17879cb2c866e43e7f141f0c0ef2040440abf8c0b24fdfe,in,bc1qtp6agjznx8n3a2y9q7yxcr7nl92r64zhc9sxn0,0.0001118,12.1,0.0,0.0
2025-07-06,74c30500f65a6ed2721c2efbabb497045cbc075fb62ad71f441ebc46ee3d93c5,in,bc1qtju8sjp449vh742zzndtnq0dehz2en70k547wr;bc1qzzsxz7nj6saq58vyy976m4m3xs0daxct2uk2qc,0.00043025,46.55,0.0,0.0
2025-07-06,75fb45df3a50b127f1b5721ab4052c358b50bfb88ef82bcb9eaf7ed6c10cbe09,in,bc1q9frenktuufftpuj8lkpg0tw2uzqhpa0s45urlk,0.0009205,99.6,0.0,0.0
2025-07-06,7ac6d00423088636497c0066515adf0259905d8867b5aab144698b712ef0f6f3,in,37zaEjRa8M59wdwxPQMUNaZEGRUX2qhWWR,0.00029575,32.0,0.0,0.0
2025-07-06,7f7e4f85e8747c66126d78e548f8c05d9a2a3105eb9379ef71523ad74cb4d75f,in,bc1qqfh925vz7exgw2kn4xrrrxxa07ynx75824jzfy;bc1qxg2pcv5g6vmlklve49vufjp302czfqyjh7azxf,0.00086131,93.19,0.0,0.0
2025-07-06,7f9841d2d57755248855c273b82d87de80a5d30c99e2e590d0b05d59fccfabbf,in,bc1qujaulvq0kv9jrukpmdpcg0e9szq3ww80d7zk3k,0.00011908,12.88,0.0,0.0
2025-07-06,84e730f9d4879a49360c7f9a8aa5e48eb1d95b7180eba1a8c539a5ee6bbfe0b2,in,bc1qzdne7hdp57fcnrjrv4x3q5mv7h8wavhujg2e84,0.00011724,12.69,0.0,0.0
2025-07-06,8c9e0968d2c7beb89d9db44670f757096365ff004c070f0e387932c55610e337,in,bc1q3wk0wj9ka57r8rfdawvnsjnc20j26n6t0vm8p5;bc1qd68928fk5snsyvlj0408vytg3062ygjkywuc0p,6.099e-05,6.6,0.0,0.0
2025-07-06,8ef1dd9ce84eee6ce8f16ddd036872b10e98479013890eebbc2d27ef92fa9e07,in,bc1qt25zmphhc5y6telnrkwynytgl8pa582p60anc9;bc1qwdwp897686ujafdsfa2re8yyh9z8qg4sa7nyxn,0.0005489,59.39,0.0,0.0
2025-07-06,98f20113b0390663c1d0f3fdca80a50be72f10fdbf0da0d0b191889dd392aa1d,in,bc1qkqla79xeujwy8ecxn0zez7f49gnekhzdw0r699,9.165e-05,9.92,0.0,0.0
2025-07-06,99922d7e467200846354796be943978dc3a1f5bd8829c255577cef31baf7e0ea,in,bc1q0cn5zmau8kqmnx07e7jxkxzu7pfh04a40kc36f,0.00090596,98.02,0.0,0.0
2025-07-06,a3a5c54124702936e120168c75fd30145f2f7dc5f5060f68e870d8b923c0da6b,in,bc1qv4rggec2xgpu6ep4vkepqc03sekztauf975uca,0.00027723,30.0,0.0,0.0
2025-07-06,b23f2bd782be22f5af426dc1f55fe3a42d45508971fb50df9233e6272fb691db,in,bc1qslemmsk05z7a08sps0nz4ejyc0gsggwhqhh5y6,0.0001087,11.76,0.0,0.0
2025-07-06,b4019fc39ee741507358bb17fe1ba1466cf8cc19dc791e7240e36454eda0b5e4,in,bc1q0ld5tl9uxjdxqdn3x698eh0dgnsrmuh7554svh,0.00041409,44.8,0.0,0.0
2025-07-06,b55fa94c673d27ed9755c18efc2cb0f0111017c2524ef9436f5ce4bdef2fc67d,in,bc1qkjgkd2hfa2lkfwm7jgpnpyyu8cjmkw7vlry67a,0.00010104,10.93,0.0,0.0
2025-07-06,b68c473cdebf046deeb8d7248b4134f10aafe20867adccab42e56fe14d5b18db,in,bc1q56jnn8svrdhr0dl6hh83234hn8xfu8dmnxg7nn,0.00023882,25.84,0.0,0.0
2025-07-06,b7843deae61f92a58674c0906e352cfd4375ee3511cb8fdd90ceb7de9cc219ec,in,3GtBNwix1D2EBcWDKQy6HCReoZh6YnokjK,0.00012029,13.02,0.0,0.0
2025-07-06,bf9981f00461cc58f6b17187801cdaf2317aa08a432b622c213003fb1277eaec,in,bc1q9wwqc2f792u3ezgrujjwyxpyxjf5mung4nrvfg,9.828e-05,10.63,0.0,0.0
2025-07-06,c28a57090eb7ebbf4884c0f1a2a862b61f37ece96ffa8834d44f5ff05db87712,in,bc1qh83f02n0e3qda3u8nx8dgslt43e5kjuauj94pqv3d7qyjegf9gaqjhjx2p,0.0002731,29.55,0.0,0.0
2025-07-06,c6974fb7811156ab0fc75050b660813c30438c5d24f4f94addaa2a88b829b107,in,bc1qm34lsc65zpw79lxes69zkqmk6ee3ewf0j77s3h,0.00018978,20.53,0.0,0.0
2025-07-06,cd0e6637725304a124a1f600f05d63e9c85f2e28149cb4b908466ae9b467c815,in,bc1q34tc2wkylt7wttkmgrl2xc56crnnfkv6y7anuyr4tckru05xu75q6lwp4h,0.00028262,30.58,0.0,0.0
2025-07-06,e0cb8d871d043b43d5e39ef4f2ae95a0777ddb9610aa36681a6f0b7c06628c0a,in,bc1qh30kzn5zd0raz7fxchg0rqwmje7fm20seqgkvn,0.00023033,24.92,0.0,0.0
2025-07-06,ef334a5fc5385624c24d892ec44b181c6e397f6ceb6f707b808dc05c8a0ca2f2,in,bc1q6ml66hkr622nvul9a7euskdxvny64lj3vr09da;bc1qsgepu5y6jewwlsva76pnexk73y9jz88cvaje0k,0.00044642,48.3,0.0,0.0
2025-07-06,effaa03d1b3deb2b3065b52305563b3dbd33d84afa6052d90739ddbad309608f,in,bc1qmuyhrarl6gm2ms9tsx7xtvr5xc92w5llcze3al,0.00057304,62.0,0.0,0.0
2025-07-06,f0f0d5d3b0d97f77fbb463643a78c935a4a8fe62c09439c67f90d732484ab0f0,in,bc1qz4zyjw7rrxv6n6x6mnvanur7ndk866jvppjg7uugxgtfhmp2fwxsktqmuv,0.00035527,38.44,0.0,0.0
2025-07-06,f82d3b4a5a14dcd6ac34fccad842159f7c99792b1cca09553ffb3c3c10870520,in,bc1q9te9l3p3trm67kmuz7kf79dqy4yhvyg8jw4ujm,0.00067172,72.68,0.0,0.0
2025-07-06,ff796cd3d83af4173987963a8fda2d0714fac426f562812b3fabf4602121429d,in,bc1q94spwuqm0zst2djtd2n69qgg6g9l9pdtdj038n,0.00014409,15.59,0.0,0.0
2025-07-07,13d52333942e3e155f3240c59925ef91c2225ddd2d25b25375b6b4e8de1f96f9,in,bc1q785kj4nytk5r6ynm63pr3x9lddtsrfrwf0sgr4;bc1q7yll50gszdlk0gz8gyqm859n6evqrq3k20pggd;bc1q9at269kty3lekjn0xk2cudrnqpg25w8axkrpaj;bc1qls7rw2un97tqlftvplfcszrtq4zyr4ln4k2u32,0.00022004,24.03,0.0,0.0
2025-07-07,1918d6429ab1aa01e1b8bb1b685991746f9f1048666a8fdd4e6543d5582c71f0,in,bc1q2pmmtq6hzt04zda8vk2hej55q7pc6wtnsccalm,0.00038572,42.12,0.0,0.0
2025-07-07,19b24749f18d40b422ff3beabe5f7037c8637598b73691dc17d19f50016aa37d,in,bc1qv98t0mt7qqwn85m5al3j5q7u69rdwulkydeczv,0.00071034,77.57,0.0,0.0
2025-07-07,20848a4f9dad998f3128703c9251ee8ba84c99f47d65e925b2753317f046978d,in,bc1q3yeghxgz9p5w5hqldr56vsmxudtmnh3d9423qn;bc1qadu3kpr65kxhn0468t4yw066xuul0uw7c2cp30,0.00041146,44.93,0.0,0.0
2025-07-07,3c28f0e7db539cea72f60d44e6534818a223d76fed8ccfe943347c0dc2fcebd2,in,bc1q9uwrspga0627kz2nutyel7jzdgm87cw5xkjyl5,5.75e-05,6.28,0.0,0.0
2025-07-07,5ba26f129f8415f407a3754be58457df541e5e76d67f2e78ff1bdb706276cc64,in,bc1q5jawykml68tze4f5hqxqxvnaln6gpuzl8vm99j;bc1qnp2lmer86fftv87xr5dnhtw3sta4vygvj6jvr2,7.433e-05,8.12,0.0,0.0
2025-07-07,7c3f3da4709baa5be60077a4f199cad12152d1f774844ae1f255b2a6ef65cb93,in,357DRnPS77mMGr9CaWBcKmMa6Gq8dW8gTN;3LCUHbb9dyR3VLpTy6wPb71yGpYJRJHPR7;bc1q5x9p784q6jkj4w3cw56h8vejz326yrf6u4tuksgg8kjnfkpg7l5qe8kpz6,0.00013856,15.13,0.0,0.0
2025-07-07,82096aa3ecc98df17f002ea424cbc7c6b01d5c10a88a7ba8bcc3f4e2a2a3d61c,in,bc1qmzvxly0hzzykkyazp28reqm37p72x7f9tancat,0.000123,13.43,0.0,0.0
2025-07-07,837bcc905533192611297c13e81fa787167181050e3624fbe0af3277de44c090,in,bc1qf7j0yllczzqty8vu7v9wvnznm38qn0nfj589sz;bc1qu73xlx96vftmnf2g427r8z2ee6sy6603rd72se;bc1qvhrjn6n7eg6960fc5av39rsgsl995k5gzkmehn,5.292e-05,5.78,0.0,0.0
2025-07-07,9b6bf654b7816297daa87d76181cc4d4a2a2ac2c15943080e09e872a062607c3,in,bc1q34rxsueynnw8ah2v7q37u0p5jv547vc0jnlgfk;bc1q3v9923ptpyvy32u5m93r3uwcmtq585smseccks;bc1qqwzkfdcg7hf23an04rvypt3mtrwsphhac8t5cv,0.0001754,19.15,0.0,0.0
2025-07-07,bd0a8da1531c192efd0d3989b2bb4a10e675d35bb593a2ab556061220cc79620,in,bc1qhddh2ay42nt3enp4xn0qqafhtrw05ukanyy48t,0.00157547,172.05,0.0,0.0
2025-07-07,c736334e3785cc6f7a8e484bfd7939720ce9ff941a21c4a05a0012fc01693e14,in,bc1qdph47csvpc05euxfjdu00ykrl522pedxsvyq65,0.00014711,16.06,0.0,0.0
2025-07-07,e866ff66c6f8c980c3826677e0de1c0114efbad70654407c00387dd59fbbf3f5,in,bc1qm72uxpr24ycahmq45d38ueg8yxluaauwrs08wn,0.00091943,100.41,0.0,0.0
2025-07-08,07c6f78f3f180c5553c4b92c83b4d32cb41ab6cbb7dec8d4109ea4c7d1fd22b8,in,bc1qns6v4dq0j7stgxv45dr6a6k423n8pa0m2sj9zf3eyefggnwd3e3suppl6e,0.00046,49.8,0.0,0.0
2025-07-08,0fd1ba9e4b8bae388014aef3733176efd577910eb9c7cc11e5d699da65d37751,in,bc1qm34lsc65zpw79lxes69zkqmk6ee3ewf0j77s3h,0.00033936,36.74,0.0,0.0
2025-07-08,1c7ac91811ae91609e0ca0f38afbac7e3377b749de66a03697d8f2c70eacff75,in,bc1q2g0t27mfnzlaa97g5hyae4frtp57qr6u5nzd8s;bc1q6pjx3hlh7vu0ye7yglngqp3zsjuq5y6x0nyjgj,0.00014368,15.56,0.0,0.0
2025-07-08,2225502d992b632d9d29c254fb9343c5c13776425e1bf3026599484c12815172,in,bc1qm34lsc65zpw79lxes69zkqmk6ee3ewf0j77s3h,0.00095268,103.14,0.0,0.0
2025-07-08,223eb2e488d8f3f53c960aca8c3bf8bd45b3d6c60b894197b71fbdfc391189ab,in,bc1qc4c8q7vrhgg9mvn0602z4wspxncfy3rvf6vysh;bc1qrt3vhv0468k8hdyx849j9t7057mykzp4hjh5ut,0.00018386,19.91,0.0,0.0
2025-07-08,27c1ee0bcf42c4935d211f2e9b5c64735c93a5671eb5e9d2492d0004a9d6e3bf,in,bc1qsy2qjnz8yxv7k9unzulguggmkzsdgnhvm9vpme,0.00010009,10.84,0.0,0.0
2025-07-08,27da373892e68ce33e04e5fe3e5997d550944e69be52987042621b78278d93a8,in,bc1q7yw84w268y9lumql943smuv0pn77ppfnrye62k,0.0002754,29.82,0.0,0.0
2025-07-08,286ae3a3ccb5dc0aab9f29da0c5114fd2fbcc27974f74ccea03c643364099c13,in,bc1qleccl5464nkuanvghydxwdtyy4r7u2xt68fyvf,9.238e-05,10.0,0.0,0.0
2025-07-08,296016ec49976f63422d05220494df2fada4049452a1c8070f115cbf9aabd1b3,in,bc1q6dtaryxmhpad5j3ldx79dsq6qc45g4y9ml9xlt;bc1qnhtwryenvxhwzmmsedpd6fvla9exwk2ef8xspa,0.00041186,44.59,0.0,0.0
2025-07-08,2e1edc194ba91afb97a9dfc8c5b5304fff1ed396460b8027b8ffd61daabb1adc,in,bc1qm34lsc65zpw79lxes69zkqmk6ee3ewf0j77s3h,0.00103892,112.48,0.0,0.0
2025-07-08,2fa8533f018ba55d1c1d997337c6cb88ebdb28a4541d3f5ed126046bf048ec69,in,bc1qgk3hytm3wfl7ul4pzhd20hm4lnsxjnttn222lq;bc1qhpchjpxqsue6e8x0fxnpf3supxqvdh35h6qac7,6.685e-05,7.24,0.0,0.0
2025-07-08,326e03fe252710051186a6264e2e71356539c7569f2750a27e674bf257d6b46c,in,bc1q7a7hlafdsrx79mft823cu79ey3j4ymel37vl00;bc1qduypwq96mv9php400zx4940fn045kyl9h96lye;bc1qvlgt2ymym9v2pgy2ej90yvfg9gvrvywv3g3g94,0.00037674,40.79,0.0,0.0
2025-07-08,349f9cff3b593e009ec06cc91ba04521a13cb26736e1dc1ec69943ec38f9d96c,in,bc1qjmdxxxhujgqwx285vfqh3743czqe4a522drw3q,6.172e-05,6.68,0.0,0.0
2025-07-08,352e1b6085251ce1bf60b7283ef6c2dd898064b3d956c3ff01497ba72be7f0de,in,bc1qwm3qhdvr9l5glu4vhet6ck29073pzdzgzd7kllg9ukndl43zless549jaq,0.00046,49.8,0.0,0.0
2025-07-08,3732d95c3f75fa575e80c5b02a2045d599412f78f5fe9fb4248af8757623038b,in,bc1qjz7fhucgn2x3jt3l2u725s423xw2mdz3gy6j07,0.00027227,29.48,0.0,0.0
2025-07-08,3a80f318f8e0b224bc33b7045944e176c8d3e33a4e2c5dd70f74dc5fa66c1f3e,in,bc1qmmrg4rqnlxnerwsnq593tyxtjr74she392l3ss;bc1qnzpahvttpu803gmlh4ay5km3av5xsa7fydue7t,0.00055157,59.71,0.0,0.0
2025-07-08,3b08907a027e98e75c0150552a784547001243b460ce107def13da05503ad6b4,out,1FzWimmFK1JyzF55tVtBxTRrTqKqotsmD7;bc1q9fw7n56uvakdyshqpw32ckqdtq09wpupzw2mng,0.02107532,2281.68,0.00018206,19.71
2025-07-08,3c8680937ce248bffeeffdf185112ee7289151ed2f624a71532587103a13cb4e,in,bc1p4c5yjwu3x3csvl0xhzrj5c54e3wgr756m9j7pywr8adndwlk76qsdkykca,7.697e-05,8.33,0.0,0.0
2025-07-08,3fffe067f8a2ea4f6b99643376a4598a5e412e9acaf2fa3417db24ee99def64b,in,bc1q7gnp62qgsals3m238s22fyf2rz6s6hgyypm877;bc1qlt2suan78vskc9w7mer8fkyuku28355juaadep;bc1qsful9zrupcfcv96vmalw2mv0rh26p7gn9fax0t,0.00086211,93.33,0.0,0.0
2025-07-08,4246ad0b09e9bfb7c02d624d8269a52e1b080889945b4adf3ae8a74a004883af,in,bc1q3ajvjrxqvnx9rxuffpp83jlshrt8x3udp84g77;bc1qeuhhuxn3lt7tz243fulphvc4qclwcntu4sun8q,0.00018366,19.88,0.0,0.0
2025-07-08,42a93912b370c96048017567b480568cd37059f2542d354fd9db682b677f4088,in,bc1qm34lsc65zpw79lxes69zkqmk6ee3ewf0j77s3h,0.00032057,34.71,0.0,0.0
2025-07-08,596935381f13c96a0297134e73032a1de3db1136727b108155ddf7b254205ecf,in,bc1qw7uyrxxjlfh9wvc6x6qvylyfxlq39nr85yjwxg,0.00034812,37.69,0.0,0.0
2025-07-08,5d0a1c996351440cc157343229871346c0f30966bf9c40d063e2dd6913457c6b,in,bc1q4ma3vac3rvxmzlsp5pgfwjj2f5zhr38un8vnjt;bc1qd9c4gnl7s29sgx3vvmk62usu2f2g04mntk384j,0.00028501,30.86,0.0,0.0
2025-07-08,60f50262c3cffd83e914e3a6ba3750908dab6468b89e428bc6bc76c9a3913ed4,in,bc1qm34lsc65zpw79lxes69zkqmk6ee3ewf0j77s3h,0.00060936,65.97,0.0,0.0
2025-07-08,64c8b755e86a5d07d52aa7106e7f8e91a5df9c27cca6ba7d5c4cd0d11d0ac115,in,bc1q0dqwwjed8g827de97ppgku5888qwmdxvc0fz7x,0.00126296,136.73,0.0,0.0
2025-07-08,67e1fe21d98ec559a1d3c82034030aa7e016938926866ec3e1f0deea3dd0ccc3,in,bc1qcn70exlsfed3yfuvlyw2uugmlnnpnht7snd9p8;bc1qpvhujs7r4vfxj77auxndqyujxmumy58sfxdp77,0.00015394,16.67,0.0,0.0
2025-07-08,723ce1e5b4bb504c16daaf7b9e8cda9842f0cc2581b42886f075900a8bc31d29,in,bc1q54n9xmp79j7plvkh5nvgp8yef58frrtpemw8tt;bc1q7m5r2ux465729862s7w8gy4tn45zmaph3qptpn;bc1qe34qzrnwc477j6tkd03rarra69ud98hmqq3kt3;bc1qtvgnh7hhu2rmqc4m8u3dd58yx47urcqqplg82v,0.00023219,25.14,0.0,0.0
2025-07-08,8940d1f39b9554791e80428add9cbe7e1cc8e15dd2f50e86cb1dd9bae1acd893,in,3H9WXKYPqq4xo3ahuQvEDcDJBgFJcxGLpJ,0.00046175,49.99,0.0,0.0
2025-07-08,8b01fece94e91736abeb64f4e11e26182469431f59e8250adad391cdfd774722,in,bc1qhx95fd8qq0ekz4f927t66zlmy0x0ds9fn8h93w,0.00046413,50.25,0.0,0.0
2025-07-08,8d359c1430b44d194e2e4528ec2aae73ea6764afaff267214ee70aad864afd43,in,bc1qsrcnjsvuy48qyzkqh3nu2wepp84uw9nhvcm228,0.00018828,20.38,0.0,0.0
2025-07-08,8e6d8a895c9846adb200829d4ea2563ea383ee91b7f30f3d4fa8a42cf4ac6921,in,3H9WXKYPqq4xo3ahuQvEDcDJBgFJcxGLpJ,0.00040115,43.43,0.0,0.0
2025-07-08,917d8c67af8bac4c6262234fcf5821a7afcf8b11882e9613697512b6a2cd0cec,in,bc1q5u5vu8r0jflzf4t67q2xwrep5ya0gkzvu7nc3c,8.073e-05,8.74,0.0,0.0
2025-07-08,9d06e82198ce7989ac27f9601ef17afc1d64cbd97a6f08589094586d7bca186a,in,bc1q56jnn8svrdhr0dl6hh83234hn8xfu8dmnxg7nn,0.00014791,16.01,0.0,0.0
2025-07-08,9d0bb0bc4e7a4dfa0ad07b5d76901e1de65bccf631e3243d1a0051b0b752e24d,in,bc1pp5k4l58su7tq9nqqsdvr90nmv880tnjrfv89s7hfcm3hqnkqs4xssryr0x,0.00043323,46.9,0.0,0.0
2025-07-08,a20e905ecd9efcc067466b05ea0566b0d4a75be53e5d3f66b81c3c4105732aa0,in,bc1qm34lsc65zpw79lxes69zkqmk6ee3ewf0j77s3h,0.000786,85.09,0.0,0.0
2025-07-08,a578263217213ee46a2e26e22033a07b6eb8dd248fafa9b5ca491110ea0fc8b0,in,bc1qm34lsc65zpw79lxes69zkqmk6ee3ewf0j77s3h,0.00030631,33.16,0.0,0.0
2025-07-08,ac1278680eef2cd29f69a5946d7cbf289507df29af519706a5d0bf72bc1b034c,in,bc1q8dytkmytx2xkp5s8c4wd8pe3suscrw62vtjd69,0.00014953,16.19,0.0,0.0
2025-07-08,ac735728343c70d1457037d1f0120c4c3f826c17cbcf1be62c849e46695ea7c5,in,bc1qgqsgdzcsk92sf0z5cqzwd3ylgqf838p4jzj33a,0.00027706,30.0,0.0,0.0
2025-07-08,acbecd262daa2af13bcb1aa9f96398355fb2b1a748c224650b1fd9715bd8436e,in,bc1pv9kldm8nm99meffhxnkuga4sd6styafgepwnm722hkeh2m0tg35steg72y,0.0007,75.78,0.0,0.0
2025-07-08,ae6ca3fb102e0c560ae579500e4b7743ece1698b06dee9bbcb37298157191bb1,in,bc1qm34lsc65zpw79lxes69zkqmk6ee3ewf0j77s3h,0.0002395,25.93,0.0,0.0
2025-07-08,aed4331a2d418be59a7202b6a4f98ff812cdaf7bf828d42b9d0a19e32ee44525,in,bc1qsw84yv7p25ygvp898gv4e5kv4s5kcu8tqpawtz,0.00072704,78.71,0.0,0.0
2025-07-08,b4ec5ed0fb28a4f3b7628c1cb75c5f6b3d9456f6326efcc9588de1a173cdf839,in,bc1q56jnn8svrdhr0dl6hh83234hn8xfu8dmnxg7nn,0.00014718,15.93,0.0,0.0
2025-07-08,b50e7590f1c0f7a599e9e00b53a7887f59ac33db5b6530703d0c6fb5bd2b1ed8,in,bc1qz48p6z554przdgcm5sxawg4j8sqnlhtl529pxc,5.514e-05,5.97,0.0,0.0
2025-07-08,b6390d64874a597722724fddf529e4f27a813e885b5cc692dd3b2241db10542d,in,bc1qdnyal9eaw0nxr0xzl07zjynsrman6xefr8672s;bc1qwczqa7ls0zx6m7c3hllzkm0ehpskhmda3qdama,5.658e-05,6.13,0.0,0.0
2025-07-08,b76746af0ea0fdd5ca65c1c0aaf2e4807367ae0ec400369f951212dca1d5794b,in,1FWt95TtS9CLjBvfkxTfS4RzSQMJoNQybf,0.00027649,29.93,0.0,0.0
2025-07-08,bc1ca8121e73c95a76e981b591a09815548f8ff2a0428da64cb4c6ed17697a52,in,bc1qyfu4nws8t54pxud8xsgrnrt273slnagfwra2k7,0.0007332,79.38,0.0,0.0
2025-07-08,c3d6ddd693352b38aeacce9a6cb07c9bc5c24977d276c591429dbceefe0c6661,in,bc1q5ddyq44ygj65puvqftdf9zvrwrzs2gdf2pnqze;bc1qehwm7fspaw3wlzvatz7zca6yxkdvygzh6j9rp2;bc1qshfmma70qncdc0c874nr0yuatcu5rjjacxkd97;bc1qxe4xjjhuln63v38kgwpynktch7q9uqny7kdl0y,0.00017743,19.21,0.0,0.0
2025-07-08,c4b1a73b7b6bbeab63347b8789cad9898edff9a24efaca68914c1e647b1f5eeb,in,bc1qvcq5xzdprhhhtzk8gn35geaa2ukd266z8wzuvh;bc1qyf4t7sw43ys4r3ekulsnd4pldqrash7uym3zmx,0.00018921,20.48,0.0,0.0
2025-07-08,cde66a6b2c4084934515c9b97cd8817944f1310a4228617479ff5ed85eb95e1b,in,bc1qdsl7uf632vm3we7fa9t36pmg568g7ltd6fqgyk;bc1qppfa9yrlkqfk0ke9lq5xhaluh6hhveesslp9fn,0.00036722,39.76,0.0,0.0
2025-07-08,d6ded0ab5f9beb3030f1d0e34dd986e92e143fde4f9a5dd57d6e3db3c8414bc7,in,bc1qusp49eqre7uqcqqurh6gyjc2gde2kf6ujxm47j,0.00020066,21.72,0.0,0.0
2025-07-08,e1cfb954e5b56052ed5f798f5032df8036bc0864aae6022c8611999cecaa15d0,in,bc1qf4ze3l8n4w05kzhwhxe9mh3pr4m08xnk4fpt3r,0.00011011,11.92,0.0,0.0
2025-07-08,e5aae3e48c04c833a757796eafcec37c2d737ee0a8819a2f6a59f6860a695e58,in,bc1q8depwpeehr76pcm2c2fxhx4rgsq39jfflyk03xpdp5fekkdzywhszjng5m,0.00016408,17.76,0.0,0.0
2025-07-08,ec0c96fb80261ef065d759a0f45fcd895980a4cc975e6b1a1e063726f6880aa3,in,bc1qwkg8yk93dqta4r5hjp0q0f9vgxxvcrjy9jhucm,0.00034,36.81,0.0,0.0
2025-07-08,f67d74b11e25f626d9578ae840e0db2d5ac7488608ffe2b686de018a6d2c48cf,in,bc1q6zdpa8vltmdsq4pqddywhe85s5d6ju290cneln;bc1qaec766klqe5002nhe8yk8ffc4hnwy5qlwzmcex;bc1qvyd0gmrc0xyd3n7y45fmvnkd3f7dl0w8lrutkd;bc1qy2enzmnjvj09xzrjfd8a2wg4sk6gz8d4e3y2rp,8.358e-05,9.05,0.0,0.0
2025-07-09,05678cc4cab08abd5715c071949014e950a9ecdc043706e04282cceda0545fd8,in,bc1q6nsav6kn0s8ea987cr8lzsl3477l2ha5ghylxk;bc1qvhz8lupu6hrwr9psc8nn3ctpcc57gnw3fg8fc0,0.00018892,20.58,0.0,0.0
2025-07-09,077b7495a7f15944824f678f1afce44a0c4fddf279ce96d23b336e7cf80b794b,in,3HXqvbzRQZsTe8kxLHbYj5etFV1rrdgamt;3MQS7hh2MsRNDGANsQt4zHX5M7HwePkiSr,0.00067857,73.91,0.0,0.0
2025-07-09,096b1a88b56fed93351532f9886368f73a5c08ccc601a324d5a7d3dcbd92dfe2,in,bc1q98mqyfka7c4p6yfnxtdt6lghp934xkdmvt562g,0.0005113,55.69,0.0,0.0
2025-07-09,0daa5a5a32f4605612c49208a05003a2e4b75c6d278f4ebf889a351138b43eda,in,bc1q4ecfqvk4w3v8vtehx898u2g49lcxdlj97urxgt,4.567e-05,4.97,0.0,0.0
2025-07-09,184eff5a82e41b7d6f6da2569467c42edc4c1cfcbad80913b62e33b2d4ca719b,in,bc1qm34lsc65zpw79lxes69zkqmk6ee3ewf0j77s3h,0.00029865,32.53,0.0,0.0
2025-07-09,202d386d3d0cf1d68f333d20d7b6331b8a3440f5d2ff7b083cb3b3d98fd9bb45,in,bc1qwaxq6yd3qnyaaxfk3vhmyxxf8h5sndrxtgzfn4,0.00025107,27.35,0.0,0.0
2025-07-09,30b5cdd2e0d328818baee2d06403c00eca824fa9b41a964a53920ced44908b44,in,bc1qq7mvhufhn332usahm2k92hg5h7444fpwx0cs8f,0.00010669,11.62,0.0,0.0
2025-07-09,3439dcc5bd070e25f45c187a1f987f82d9c339f53adac8a2fc257f5fe1e0d757,in,bc1qd2tx7fz4fs66feq6ta03728gvlt68228rgdrlu;bc1qwe02eqlhxkhgffvfh6y5k2sq9p2w36tz52kjw8;bc1qzgnwpn9y2d3ezh2x5tgxxyg89xlman0vyueua7,8.535e-05,9.3,0.0,0.0
2025-07-09,37e4932b9b2d73b3b2535c478002acfe9d3d62dcc862d00b4a0b0acb85e9d478,in,bc1qpccf5apu27q22ud4u6wu2k5rdvejuqucydfxu7;bc1qpmyf3fdyu32tfpq5yl2n4gz88h6epr86xjdrnw,0.00015204,16.56,0.0,0.0
2025-07-09,3b829312e937598807b8f3e0eb38d0989803c002b71a0df68483dfd611ccacd8,in,bc1q9l927guxpvc0yz7s3dl8atkf6tdg0549n9phu0;bc1qhzws7dxswaemmel27vncdcp3weh5vh2ed24fpu,0.0004862,52.96,0.0,0.0
2025-07-09,3fb820569efe064f953f0fbf50a2bb17f287fc832b3429afb59c4754443a2ce8,in,bc1qm0ceu3mgnt8dlqtdrly2uvln0ylvmv4hpacpnr;bc1qqtlkm9xvy3ew82sheu6vctyasdaj8q56v8qvz7,7.819e-05,8.52,0.0,0.0
2025-07-09,43fb037c3347d36461506d4bdea922fcf4ab68cce38a707f9f5575515bcdc28e,in,bc1q750x64wkwnzf4s28psnv3pdthcrxe7qjvtdh7f;bc1qc542qvrl4lx9xnx0pzc24gqe4d9cw34ht4wrcv,0.00018975,20.67,0.0,0.0
2025-07-09,47d250f092018cc888a15027b37ebabcd38ed08184e820007df08c56afa9f2dd,in,bc1qvkhdtzqxwejc70huae2yglxs8qn00ud6y35fpe,0.00021092,22.97,0.0,0.0
2025-07-09,4d65ab2b0cd45b7bc149e0588d30244abd890eec2472ee8251a6adb872493bcd,in,bc1q23n0akxjvkvskv7frlvvkn790cd07upfwf9kh6;bc1qakum87d7w74zepcyr4k9l3trqavk48c5ezfjnr,0.000858,93.46,0.0,0.0
2025-07-09,50821b7956af4db3a23999ac62d6c47f98749cf8d3e33d7f59687d4821912636,in,bc1qf4ze3l8n4w05kzhwhxe9mh3pr4m08xnk4fpt3r,0.00011682,12.72,0.0,0.0
2025-07-09,5e1987ba1166aac4b4a07058f4f55ebdd6277c7f7e5ae971a3b0c394e9e750ec,in,1FWt95TtS9CLjBvfkxTfS4RzSQMJoNQybf,0.00035732,38.92,0.0,0.0
2025-07-09,5e2dbc902919dcf7e4b1a11eee936b94cf42b284d4d6352e14faafdcb74af08a,in,bc1qleccl5464nkuanvghydxwdtyy4r7u2xt68fyvf,4.564e-05,4.97,0.0,0.0
2025-07-09,5fa9d4bf155089c0ecde1e1fc6541fb26743edb6c2fc780dcbab2501987b674f,in,bc1qdvumhg6ak3y8t3s9yuk4zw2q2xvj2fqsath6fk,0.00041502,45.21,0.0,0.0
2025-07-09,6c70e2665a17b4d07b9e2c8c4b9fd04b9747d76de333dc840344f4f5e00c1ffd,in,bc1q5n8qxyueasxyfk959prfg47deuhne8cjpnjjap,0.00064639,70.41,0.0,0.0
2025-07-09,752cb276ba04224459f753f9a39591b9153ce98cb41b4773c2208b57c9c12156,in,bc1qm34lsc65zpw79lxes69zkqmk6ee3ewf0j77s3h,0.00041671,45.39,0.0,0.0
2025-07-09,80ae0ea20143e6b58f04227285d128a4bf71a98e1d71ffa1675d101dc5a5de24,in,bc1q82spevhnnn4knq0wafrfgdcedxla4gllhzzq0w,0.00020156,21.95,0.0,0.0
2025-07-09,8b7471d60c437e5c4e7865ee0e8df2aef8d63cd30bf34a04f0a28bf6e053dec3,in,bc1q4xcfpke78r3j447e8d6xwdlgdtplda8th393ykepzr8t9a8cwqysctdvwz,0.00027549,30.01,0.0,0.0
2025-07-09,909e8978f32ff1d1f9a26db89a6a04000df1837ac926a1ab7b801aba30023c64,in,bc1q6gg89h9f3lq9yfzdr6y98mq9vzlsd56ysuf9ls;bc1qlxq6gps4d6p6xu8q5rgz5g37hz8a782s332g5u,0.00017468,19.03,0.0,0.0
2025-07-09,9102a2cb89ad23b8509697f7a7819745d90436a6be67a5c0ff7a87deb2dbc3d0,in,14PTcCTWqjwgMnbp7rZiWeAhAV68JD4TEQ;18t45TNuWeARKGYHdxsbc9Uh5BiHia5jiW,0.00032205,35.08,0.0,0.0
2025-07-09,9242e4b515511a17678dfe86793c979028710589721be1fb7d95ca2c517cb72e,in,bc1q20cpam998saz5zdd58wckus50vxd4suc3su5a8,0.00035866,39.07,0.0,0.0
2025-07-09,94042b9fe1965d016ecaf4743a9c1636934225b4684bf836db4bbab1fdbf9dd1,in,bc1qdux37a0pzr44lrhc8vm44uellvplgyh7g73epq,0.00026127,28.46,0.0,0.0
2025-07-09,97bdd867a38386b9848efac5a81a45e1c7e1aa102524ab301482f2ef366cc6a0,in,bc1q0p9unwgmfjp32luv8y7p6cd9vufwfvts6y4jmqlkkvqs4kj6n5dswzaje0,0.00015454,16.83,0.0,0.0
2025-07-09,9a77108146a31b521fda2c2f27c05d00c7e1fe6672177e4231d261d508b870f6,in,bc1q56jnn8svrdhr0dl6hh83234hn8xfu8dmnxg7nn,0.00022983,25.03,0.0,0.0
2025-07-09,9a8d60ad917ea869cfb782953005cf1817da13b755ebef31d9ff7f29408593fd,in,bc1q7zke3ckxu3zf3zkxteu37l7r5dl3eps6wgww7e,0.00045655,49.73,0.0,0.0
2025-07-09,a49bb18f501e954e6254805bf9644734c0d52db94991cd47f247dc047d89df05,in,bc1q5u4vjnthz39qnfms360sfn8frukcjg98m0f23w,0.00030343,33.05,0.0,0.0
2025-07-09,b6de720483e8918e4551f3bed572141b02028f3429d93ba0e113b539616de871,in,bc1quw4zduzhggt2qftua23y59kny3drt5486nfmr6,0.00022065,24.03,0.0,0.0
2025-07-09,b9f14dc72a110d6206cc65415377c75bf6cb54ef388ae52413f4446712a576a2,in,bc1q0mv2xh9qcfn95jnanuem59uk6xddndkkxpqaex;bc1qcrtfy4654gnlucreuvehu62hpeqt3st4rnx640,0.00058652,63.89,0.0,0.0
2025-07-09,c12f67cc50861308f3f9c9fd955fb43e82e69e1992a0cb9597ec7a2f29103059,in,bc1qrz89jtk62xfmumrjq9jllyc258lqqmuurwjalj,0.00030028,32.71,0.0,0.0
2025-07-09,c1e663e0c4802563c7333ec96537d928a3ea606f32c0ef0dcbd0145503ccf2da,in,bc1q3dqfjam5kjsfpwghdp7uuu6kzq8jqg2hh582f5;bc1qr6rphr65yjxvqr86hdhg7gg2dq8vl64dc9w565;bc1qx83amn3qdtctntdu66gresauds2x4awg36qsc0,2.741e-05,2.99,0.0,0.0
2025-07-09,ca07dda38f60fd0ba494994a182618aec03c80ba502bd6f39de4c48f378e8775,in,3DAQ4Qu8VJ5dCxfn7DCbPoUKVJTPJksnEy;bc1qgm0pxnvvswc6hdrhg3e8774j06mxjatz0jyme0,0.0005775,62.9,0.0,0.0
2025-07-09,d7702533a6102850a381288027502b43368e2f7c934959d1723fff8644015d65,in,bc1qm34lsc65zpw79lxes69zkqmk6ee3ewf0j77s3h,0.00024,26.14,0.0,0.0
2025-07-09,d787dc5a56e211cf4c55c7dcb668f6ba99cf1ca2065cbcab20c1219e9e24adcb,in,bc1qchvp9rpajed9chqn30hakd54w89afp5zl3d4dy,5.406e-05,5.89,0.0,0.0
2025-07-09,dd038dd55869e4fe789dd44aaf6009211c9cc9bb257ded62beec8c9d4c3fd0f5,in,bc1q4xppx6egglp786qaqyuz0xvl3l9wvmzz4pkvha,0.00066544,72.48,0.0,0.0
2025-07-09,e50697a549d54ea7e4ec2563869743477a0b38cc3e9b14a57076039fd7c068ae,in,bc1q4ja5xtr9elwqax5ndndy8u922v554mms36ez5z,0.00018189,19.81,0.0,0.0
2025-07-09,e65b3a79cafab90e7327cb6fbbdb2ef1ab9662ccf276321e28a57138f783e708,in,bc1qkrw7gvnfe53nmuyudnwx32cpswr3gy8k0a6f7d,0.00022837,24.87,0.0,0.0
2025-07-09,e74621ad7cd5680b630b8bb9e53ec2905533024ff38202ce41fbb1893f6e4aed,in,bc1q76wdpr76r5ypj3jmqv6ryhlzrlw5cevtgu27w6,0.00091334,99.48,0.0,0.0
2025-07-09,e82f4bfd253d7ebefee3244a084730ca516c5ff39e6c1f58d5b6ea5371489cc2,in,bc1q5v2sta5e9yna4280un52kj3kpp3x9a0fq2lk9g;bc1q9uzupd8naxrnpltluznxwqlkyhac7xpqk9mwk6;bc1ql455lq3e6pwe897czfawmj64rk2ds4kw0v29ee,0.00021874,23.83,0.0,0.0
2025-07-09,eae14c269192fc9e593be44549bde4dc5553054cec2dd5934b932e9af631ff90,in,bc1q6mclgphekslv7j2rmnnr6xlf6xzzkhw3r3p92z,0.00036749,40.03,0.0,0.0
2025-07-09,ebdf8f62076d67ca02926daa919b7a0b80a69d336a093db2ec69260fd8216446,in,bc1qdtjya0l8wla2jzuwtj85l9v0uhd3apeg25h78k,0.00044896,48.9,0.0,0.0
2025-07-09,ed7bf59571d39dbf0c894047fe47c5669586cbfd01d5a1f2a30726a3c79de64b,in,bc1qm34lsc65zpw79lxes69zkqmk6ee3ewf0j77s3h,0.00107,116.55,0.0,0.0
2025-07-09,edca6bb06ab99b9b7399b08b4f4a9c0eebdf92444c2df161f37e5421b05b4de0,in,bc1qqfq0rrv5rgtlwuafk75utngwznu0z05r53w952,0.0016548,180.25,0.0,0.0
2025-07-09,f41c1a1d4b9a1f8f3d2a3fd0c2d074c8c8c7b4e9c86abbaae404e7e8d24a5089,in,bc1q9x70k9ar3l7357afatpgtv4tqy3t3m0lw4zm85,0.00046,50.1,0.0,0.0
2025-07-10,0201fa46c8200dd35521290d0a153e96dc203af821c58a0d97d0419e5e8a39b0,in,3HyXgxg8Cn3aKnsc21VLNUjdVT2sWuqedt;bc1q0a2l79j8t0dlvycf262tg608ey77yemptscfhe;bc1q0dhavexlptslvh3xlmdt7suad2zf4v2tphum5e;bc1q9z67895w4kgxxsq89jucc0latttjgsde2neuu8;bc1qdepayr9s2sadzsp6mrluvew2fh2skwn3hyk6l6;bc1qdp6928tg4580dm68agkhwur6rnc4y5e0jv0tav;bc1qgvwd4vlr2xwv6ppaksj4ddypmvpnkavxrtzhrc;bc1qgvxy4vq4hlknjpjn3mklvxakygzw89pwm3j9cl;bc1qkknmwfwe9duzht4kpj3j96j6hx30ray0k0r2pt;bc1qkv42r2c726s763lk4kxtq7qf0hy0numyfh8q0g;bc1qna0hy0kx7yzkmzp27t04w3wtk3ats5jvju0x46;bc1qw49gf8q6echluh2dvnksjx5hjegreya,0.00027139,30.19,0.0,0.0
2025-07-10,11e6dc478465201a30208f0e8110c648f63f8089b210932ea633a193d7bf8133,in,3Lk6iW9CHK3aCU4Mw4mFS6HVqVbnHaLTcy,0.00056717,63.09,0.0,0.0
2025-07-10,1936ccd4270ae5c89f3dcdbc77125c21c5e3ca7857cd894c0ba368eede6be17c,in,bc1qxvkpy764u4pz9299r39v8h5jnl6dx8rfzgn490,0.00020274,22.55,0.0,0.0
2025-07-10,22d138daa30b8c512ca0a2c4aec209948c58f7091c3a31e9835221624d2f3690,in,bc1q3eun3wjafeurppuzxt8v2zjw6u8hnfseawh9dc,0.00014,15.57,0.0,0.0
2025-07-10,2ac395d1cb46eb2315a7f2fd76b3e9d09522ed163663a91ef16d5234be324155,in,bc1q5j24nr0jwg3l2y6tqtzaz4kp3ypscs6gyx8qkj,7.838e-05,8.72,0.0,0.0
2025-07-10,35003755f7bdcbeb7f7f8cc5e43e4304d6d86988d854e1c8a0f3f6deae502ab7,in,bc1qjntym59md4rqsrln622vuchau46nycu7rfv8zj;bc1qshaf2tnvy9r6w969fpq437mh3cccfzgulxje35,0.00017252,19.19,0.0,0.0
2025-07-10,3717dcedbcbeb8e8a1c45164f3fde65ec3394253aaff590e50435b92c747c8f5,in,bc1qavqly74m7uv7glz40l6xyz9pgzutvxt3l7agkr,0.00043058,47.9,0.0,0.0
2025-07-10,393f360bf3efdf55ceca6f0186fe3886d357541cf530689d1891dba85df637a1,in,bc1q28ysaudjq0y02man6umwjf4f2k5j8x7pwxhrym;bc1qrn4zp5sq7rp8yqxfrldplcle9acuqd4kn7cn3k,5.379e-05,5.98,0.0,0.0
2025-07-10,3a8703d39095b212b5ebd0d18ca4036047879134c287d22fe5527651989ff842,in,bc1qfmya9vhfh452sjmthkcqrpa5yhc5mnsgdd2ery,0.00116228,129.29,0.0,0.0
2025-07-10,3c9578cddf5cad620ab4cfba5996ef1ea2253d687aa1128566db3ae2dab794b1,in,bc1qvar04u4d7sazfyjq9fua6ej9jk7jvrwjmr4d9v,0.00018589,20.68,0.0,0.0
2025-07-10,40c8ab36e7f5740c4b895b75eda6e1afe0c50e9ff5117cebc6484c9c73c574a9,in,bc1qq6xurtc2p3g3v5zs9pv92vjkj8j5wxmvcc8h96;bc1qvgfdraqsz077qu4q967wl6h4dcxkqws9gzwmll,0.00026645,29.64,0.0,0.0
2025-07-10,48591e6948dcf3b6b4bc0e7ce50eb35de6d511ac7088d8075fb0584fbefcf62f,in,bc1qjaksrxsjejsleqqln8yv4s79yp93l5d9c7qunnmm7zhr5plfd6aqzrge4q,0.00039243,43.65,0.0,0.0
2025-07-10,4c0e988ccfd341ba933e9ed53b46ad5982f84cd40f274245d0329e4a17dee8e9,in,bc1qt5ttd49p036thzsvuc6k2rtg403wyuq8fqy4fs;bc1qv86qhadmsuav54kfltjml5dk6efxawu8p5utrk,0.00039532,43.97,0.0,0.0
2025-07-10,551d6cb8b899f18adb55591c2969a908ea4e762162ba763e93885a5f1285c008,in,bc1qkja3k0d6qx3q8a20hq56yvu0hakcfxzqjlfxps;bc1qu5c723mvtkaqfs22luyf5hxldssf7p6jjxewkk,0.00026875,29.89,0.0,0.0
2025-07-10,56c315dde40427468554e258ae6cb1f7cfeb2151dce30883a2ae0924092a36fe,in,bc1q37xlfcrt9txgj2fwnk4yv04jtay5zws7vjxddx;bc1qxuj083vskx3t7453qjytqmgh3mvlaaqyvs57xz,0.00018452,20.52,0.0,0.0
2025-07-10,5814bc3de84ed4c11dffa680af9f99a92b66c2da3e78e878a5ecfcac9d0a7a10,in,bc1qcksaajvqjw6gav7hpwvtfs3szh7hswnm768je6;bc1qlp8q2xt49kn3v3tyha4hcml9u3wyyfggysn4dv,0.00026967,30.0,0.0,0.0
2025-07-10,5b2e45f745cd8c7d3ab79043e560be6664110f6ccb4ec96f63d8ad67d451e604,in,bc1pp9jakl7jrt5xr6cjzwd2wnwrrsdxncx9az4x7nydmq0q0e8rzres5jgcnc,9.01e-06,1.0,0.0,0.0
2025-07-10,5d54b693cb86ef7da1734db2005f7635dd0f68dc84cdd9feb68936994df53904,in,bc1qh9w0hnlygt5dnk0lzkwt4qya7y2aass0x70jsy;bc1qlj0j53gv2gm6r94m8j96yh9dlpq3xj8drramx6;bc1qxg89xtl5m04mz5xpy5t3hvw2alyj0dt46e0fry,0.00069752,77.59,0.0,0.0
2025-07-10,619862bcca94d34ed69f79d9107ba5fc4810db16153beab23e6a8a312c4b0bd8,out,bc1qx9dxeypxdlpngxnnxm73n409gpajyme8xeq3wf,0.02717573,3022.87,0.0002317,25.77
2025-07-10,6a75c3921c12f3d21dbcb3f106d57323ce37468305092743cb501046fa7ea14c,in,bc1qgqsgdzcsk92sf0z5cqzwd3ylgqf838p4jzj33a,0.0004483,49.87,0.0,0.0
2025-07-10,767fcb9c21f77eeeb1f84d6effe1d702e3d27ab85d380b7cf59a542cf8e63924,in,bc1q0sktzkhrqg8vcap2rxaq52gxd7hkh967vc6cjh,0.00036105,40.16,0.0,0.0
2025-07-10,791c389e2f7c5ec8ad593fa769a05a9efab857986db45a36b8af74f047f2b188,in,bc1q3j3kx6fxvr5mur2de87g26t2e9r0f0m58tgydc,0.00053759,59.8,0.0,0.0
2025-07-10,7ea934e285301754e98e467c2e950bca4e14f0d29667065b53c8c23f15d58ee4,in,bc1pp9jakl7jrt5xr6cjzwd2wnwrrsdxncx9az4x7nydmq0q0e8rzres5jgcnc,9.898e-05,11.01,0.0,0.0
2025-07-10,7f43d4d7d2da5d031d4c03864a9bce76a9e7a3cbb288b653aaa8faa7cf5794ad,in,bc1q6hz2e6qywdyt6p4e7xyhwvzm6slnjlfpvs8jtl;bc1qa7utrlf49c62zjz8skw94459pfa0039hsf78ag;bc1qhmt7yqnzvjsx2dz5vqvetaanxz2jflqf9xjplk,0.00010777,11.99,0.0,0.0
2025-07-10,7f45ebfd40ab7fb8dbd89418ae7dbdf8252601e2d21a8cbfcef1b9f5af5aacd8,in,1E3i1YxDAKU9CJexZ25XmetJMyPcsWxSL1,0.00057627,64.1,0.0,0.0
2025-07-10,814d0bf12ad7863fcb7b65f77c85063b41b814dc5ac0dd46e4e5e189dfa8fd31,in,bc1qdph47csvpc05euxfjdu00ykrl522pedxsvyq65,4.411e-05,4.91,0.0,0.0
2025-07-10,873f128b73f1319a39790f92414a41a991d934a026c0cb89bc639394b458425c,in,3Qs3jSyce9ry1wCXWgvwdpkGFZ9VuRxyx9,0.00081459,90.61,0.0,0.0
2025-07-10,8c55fe3d2a95c9497ba32a17262c9cecdd4ebc0432ed8ac0e2ad3cc43ed162de,in,bc1qnek54kuz9rh7xxr68fgf6e06n9u4m8rgfvtg4r,0.00011,12.24,0.0,0.0
2025-07-10,9203c5c64624135b38cbdd6c8fbba6b6130987ec51a4a3e26ee102e495e30201,in,bc1q9x8n88nax4rgmvv49mnuxt8mgl83r5vmc5x495;bc1qjy2arv3afwjvzrn3xjacjwe2r3km9yqqvetfjl;bc1qkh8peuh3e6t05hux4kkyg43vhrmmvtdmsyw7vs;bc1qwy4jqlwxmr7rurrw7wmp8pqrgdtfdsm7zu5cft,0.00031464,35.0,0.0,0.0
2025-07-10,9b1bd5a63e23e94811f435f9d0720826747f093f088dfe859a7ce7bd4f408032,in,bc1p3uj75830y7r6kxvuzyr7zh2wjfel86654uh58ccvh77pv467stgqfkq2jq,0.00092804,103.23,0.0,0.0
2025-07-10,9c905075fd5d0c501e5e28ea1deba836b1bd9a8ac9d227caeb57ad0731793e24,in,bc1qn7vtqumsgypcjpfnz0rj60s3d3lh2lppkwjw0m;bc1qr7p6mdxpf7dyudjp0uyvjv2d0vlv7fvwzl0pxe,0.00031457,34.99,0.0,0.0
2025-07-10,a6aa81591dd4933b83f3f36267b229a92649cd18be3ed1c765e888a0a92c7c4f,in,bc1p5kj0y7jw5d5htxzwr964zvypzfu3fzmjj2dvvfaygekhpcaytwmqzuqnjr,1.921e-05,2.14,0.0,0.0
2025-07-10,a87cab18eef5a1b17a4ac56cfb81b702af004afe830a1db207176372be9ab002,in,bc1qvar04u4d7sazfyjq9fua6ej9jk7jvrwjmr4d9v,0.00029,32.26,0.0,0.0
2025-07-10,b6b094b2bbc82fba95c1e746c8c6908d8774ad8a9539445d0cd15f83bc60f51c,in,bc1qm34lsc65zpw79lxes69zkqmk6ee3ewf0j77s3h,0.00019233,21.39,0.0,0.0
2025-07-10,b6da7e210efda69c31382ff67cec9ce9b4c5af8f0a454cb5f51e684c5f1d0864,in,bc1qjs8e4flwpgyfgcx83yxjfjgkl0sldn050w2nr7,0.00027351,30.42,0.0,0.0
2025-07-10,bac95a245d4a557fcd5aee6deb59a0d3bfe7a99e099bb71f7364267c0404ad06,in,bc1qc9464zuam6pyltkqgcgs3rckvlypzlpcsh2mhr;bc1qpcjffvw05grxcavg50tv55arcf84y4ch7vdxqn,0.00018455,20.53,0.0,0.0
2025-07-10,bec77fe844786d988a62f96dd629018e4996fafc391790e7b0b44a32b9d45787,in,bc1qfulqa85wxkwrh3v2ajzpjlrhjxk09m4earwas5;bc1qvh9zll3sk8jsxnulsm7tv393wk3mc8esdmhzc8,0.00014219,15.82,0.0,0.0
2025-07-10,c3b22ce066b38350c337e03534b38f34dbb11fff82a9ba08884be8e3f26d6e31,in,bc1qacn4nzjuctqtssfr20vwj09wcenf6d975a0wuc;bc1qkugvl2nmztjdz2lpt8r9ehxmlj6gu449jf3c90;bc1qyvwclxlve7hm4cessr0mva3zxzt0qfz6uswg4h,0.00026996,30.03,0.0,0.0
2025-07-10,c94d74cfacedd150660538b0d7cd02184d147a65a2d5adc6bff985c63cb39de8,in,bc1qc8l9k7ehkeumjq3su90uzwgm8fs2uu9cr3c6a3;bc1qmcg0s62fanquhye6ga29gw7j5l7za0r4ganpfr,0.00015191,16.9,0.0,0.0
2025-07-10,c98dce2bf9fb9b7f7bf2d57959abf7f363dcf626e9ec1b49b1f240696a533ab3,in,bc1q04unkzcml56y4c2yzhgv57gmjdjf2x2z8kz7v4;bc1qf6v2egaqg6396ela6x4hupp8q3n8mczgw2xykx;bc1qh5q0u752q5t43yds9crqfcc5gr6myh6xtx76v3,0.00025035,27.85,0.0,0.0
2025-07-10,cc9c3df77f4ccc20ed4e1f10ec1b3548b047c013fb600e09647fff25f9a1aa98,in,bc1q7xgr4wx7u29rkm9g48j674p7pcqs2lm2g58zug,0.00020284,22.56,0.0,0.0
2025-07-10,ce8cd9d86de2e969121978abc6e5cbadc09dfb378e3c9e626afb42d5ab1bc9e9,in,bc1q5fdq0dq58zx7fez5p0kedqlw9qwj3s3pt7sjsn;bc1qdnkhmggkdcg76mqhd73xgnlwnln6mu90maufe4;bc1qm88gpwu484gpxxsyeumxa2s9rhjy4dgpa6y7ee;bc1qrgs54pgsgy8dl82waptcsg8m7fk3nrx965twvn;bc1qse7mnh2xka9zxgwzpy56t528v0d4vh4fqcd9cq;bc1qz4lppjv84slu2f3auxv2fc9zgttleuzqy3rc30,0.00088493,98.43,0.0,0.0
2025-07-10,d021f83b00c558799431c1bb043a52c068932ad540678a30b1ca19a89081aa76,in,bc1qehvam2anks4huku4emgfqyapk0lds4npgdfe88;bc1qqshyck9gngzkjzddrsd42g2c78y258xctspqdw,6.03e-05,6.71,0.0,0.0
2025-07-10,d0b92822828d904a7960ab57ef90f1ae139ac2c0574bd6b70197b8c9777846a8,in,bc1qm34lsc65zpw79lxes69zkqmk6ee3ewf0j77s3h,0.00091125,101.36,0.0,0.0
2025-07-10,d0bc52359e2efffe6a01aa3269e3f336b614f6a82a43311eb131f1b85fc0c47e,in,3Q5tuqdz2ZBdM34NCLgWR91s4M1Ct3apab,0.00012171,13.54,0.0,0.0
2025-07-10,d29a2b504f0eb0944567df9e4dc234d0f588219b3d03c1eb61dff93f69e42ed0,in,bc1q0wtx63jly499t40tfjuer5k72fupdx9pmas3l6;bc1qwqgwt8q0gnm8uwx25umrdngy65gagaer2577sx,0.00021556,23.98,0.0,0.0
2025-07-10,d371a477e98f173d736516c1079ae0ac6f47e221b4e1b5ca80c54fce48936519,in,3Hu64gD92GxQRezw9GqdjqFq7HwqsZWuog,0.00029101,32.37,0.0,0.0
2025-07-10,d378c9032e80a9b171aef4c1bb9e6059676812e517f306bea2c13415b98a9538,in,bc1qvpktvnk352n6lejcvnl222qfqj89twnhyg8a96,0.00045098,50.16,0.0,0.0
2025-07-10,d66b51a533d528b468f43076bc65001d758bb5ee0f707b6a752bfb96ddd212b0,in,bc1qa33zljxplxk404jvpujg9sl4d2hqhyx3tsaxaa;bc1qmm2zundyn3q6u75t2n2lmwcmurpw83ntrc08kl;bc1qtp5zk6mv5l4vvgfe0m36p85y70qpksqxw6dsu5,0.00026629,29.62,0.0,0.0
2025-07-10,ec444f4a6bfa4d3d469194919f36e5e0e45a8495d8dd7b18776854eb8d46c997,in,bc1q7g4lfa48shk5yhp4pystf4pyey35vpvutc02jq69kne9tylvta2sqcmn5m,0.00095947,106.73,0.0,0.0
2025-07-10,f0ac0a93c41248a62486a41450a2e0fe2d8813062fedf6deaab26e25c0734362,in,bc1qa8y94tkwdaurnq49rv6hlmh74as08064scyh2y,0.00071016,78.99,0.0,0.0
2025-07-10,f29ff746cd2cb2c1fe8cbb077c696d64addb9d5d2625bcf815a7aa6317fa1e0a,in,bc1qhlphzyrqp6mlqgwzvgs4t6nkd0nm0gl9w7pl9x,0.00042121,46.85,0.0,0.0
2025-07-10,f630b85ed6af3821c6b808d861d0c630eefec879ed3dd565c0b2997f23ca22ca,in,bc1qltrw2umfvjanpu5ww9zudk6rtgf0d4mk4xqhn9,0.00035303,39.27,0.0,0.0
2025-07-11,00988ebc5e449f2212c40e08703fb0287b93cf1e38746a721c24b0a34f43a5d3,in,bc1pumevsj203wzcn33wuuppkl2dsjwyue5meet9kgq6c5gnnerrqpsqxur5ul,0.0001592,18.47,0.0,0.0
2025-07-11,01f1ccffa91ff5a534c7799052199480e48485a9075db4b104c4f910ac5afa2a,in,bc1qv8e6x78q3gu6dqp78dxfsxfyk42gkn7mgmuw44,0.00021494,24.94,0.0,0.0
2025-07-11,0575961f012dfe3fed13f3d448928edff8699af37fe6afffd3d9a5968b8671bc,in,bc1qdph47csvpc05euxfjdu00ykrl522pedxsvyq65,5.949e-05,6.9,0.0,0.0
2025-07-11,0a645f37fd27e7a44229e9876d864f94c6947d3fac913a8fe4dcbb7e236a3cc4,in,bc1qr7jpa84eef6da96zgdkmvvuznefd8z060lap2a,0.00042872,49.74,0.0,0.0
2025-07-11,0cc0d8157afbc4744bc89178c32442464a8fa247223df120c5ba70ed57003892,in,bc1q3rz39v0z6jsfc3gj8hhvld09rxx675zhku44d6;bc1qv308hqrh4538hl7eps7eqjt9v9x6cqck056y9u,0.000155,17.98,0.0,0.0
2025-07-11,0f10c373ad4b142255c76792cf90c0256c7b28340b751933aa386c8abc36a3fb,in,bc1q73cdyjvcpzkv96ay9epuyk6cm76k0pwhwe0cft;bc1qed53ntqvpafhvp0xwwd9dtzptyk3uwn3ljvneq;bc1qfmssu4hwjtygc7ee3gpxd66rkwm06wtdah49nv,0.00036391,42.22,0.0,0.0
2025-07-11,12832b385560613ab8cc3420c45808476b4b015137518116191c3ef737295c4d,in,bc1p5jjxkz4c2jtgwtuy3wqcmahvahhzpvadl0czpjudlumzjjum3nlqspl7we,0.00026391,30.62,0.0,0.0
2025-07-11,142af670d67d59c441afecbbd5c888c5efbfe56410fd746dc42fd60be991cc09,in,bc1qh7csz59zmmp89aacyuxskasdvjq3a8zkewny0k,0.00043102,50.0,0.0,0.0
2025-07-11,20dbbfc89cd9bc393d3001697be30419476e43e5d628b3683b36b78861115bbb,in,bc1q5n8qxyueasxyfk959prfg47deuhne8cjpnjjap,0.00060478,70.16,0.0,0.0
2025-07-11,21e3c97e8f9bdf5afc59b1bfa17b171dc2e6578da3a6d0167fe7a9e588f9d8d9,in,bc1qnwjes78kjv626eemv297tsvkjdrqm6t824gdctac0dx2tkts6kjqe6du5x,0.00041462,48.1,0.0,0.0
2025-07-11,284c3bc5dedd377f5af3d6ae8b83194be69b7e90f503248f0e72d18579484bad,in,bc1q63dzxpslmwh485ankls7dl0nfm4677z9l2j2m0;bc1qqngl2n7muzha5v4lgwujehpufx3gtdv0hcklpf,0.00045199,52.44,0.0,0.0
2025-07-11,2b7af8cd62381d4907ed93c59be395a2847ef736eb0c28a040992d9ddaff9df5,in,bc1qgvqdudwfswj0rv2sycg60heegape0y6m35azeg,0.00015316,17.77,0.0,0.0
2025-07-11,332b7eca1bf3aaf19a5429b03923a6fe6c0fa770f700e7fd91abb71b4f634666,in,bc1q4a0p33hs80wln8x2f235unuj6dnxkzswyvrnzc62kvscfrmjr7lqax5vjk,0.00119064,138.13,0.0,0.0
2025-07-11,367851bbae3f6c812002f28bf56bd71eb867aed3cf93de82fb2a85583eac2bc4,in,bc1qqwve6h89ry59336ykg3ku6k5y34lkjsg0yecgd,1.705e-05,1.98,0.0,0.0
2025-07-11,382b09a674c5e64379d15d3fb1cb09e24e3315cd5a7666baaaa7b38233e5adf2,in,bc1qm34lsc65zpw79lxes69zkqmk6ee3ewf0j77s3h,0.00018608,21.59,0.0,0.0
2025-07-11,4fb43d8a4cf8f7f3a21cf9b6816cd56c074b158cffe1bc058e1806f83ec39907,in,bc1q9hkmvf0s0pnvj0j7kq95h464h5xe90nrulc6kt;bc1qjldfmg0fgldl73a5g08zpyme96m2yqj0p9l48j,0.00017508,20.31,0.0,0.0
2025-07-11,51a7ff517cc2dac328b7f0cfa082236b2feefbd4ce7f0f98bcfc615bb4abe75c,in,bc1q82fq5vryc44c4jdnm78m4kzeqna3vsfvzpvscm;bc1q8uwqkk4fkx6dfszmejr8995r2ufcqs998m8xz5;bc1qacss3m52zezj4ds6e8nea4093mvayswwptwv9k,0.00017314,20.09,0.0,0.0
2025-07-11,536cbbcca554a1ea3b66b8925bae524101844144b85db674212e74e9de51b5b1,in,bc1q9kyuppysxpdxwnmg2zx4m73cdnev50nd5y0jac,8.996e-05,10.44,0.0,0.0
2025-07-11,77f885605042b62a7feb7084a7389c49cdf19429b57c91735553fc3f8716e04e,in,bc1q3zefrz2gjjq7t79lq4nmyr2ahymlysx90mgwn3;bc1q42a8sev2eqtjypynur4eht9gxms09kl8wq0tpg,0.00079731,92.5,0.0,0.0
2025-07-11,82d1d297092009bdf04b80f8f48a05edbaeaa0f32daf623fcf40d8c1c1794c54,in,bc1q5hqmd3jfap9qj8w4sl2j97qrhvfrf5fr6u47nk;bc1qw9u4ukk05822r4avfnk693xy9qs4qwrspql7gl,0.00019029,22.08,0.0,0.0
2025-07-11,872b5cb95daaa61d998539e7933bc3aca453ee1851d8f444286f7b3b8a399a08,in,bc1qydptzvlzy0csyn43pfcgd72x5g7apdm490k6m5,0.00011952,13.87,0.0,0.0
2025-07-11,8976e1210e64c2eb578d8f8d40e5dd91e5c629b26bac60ad5ce7ad676142381a,in,bc1q2cwu9ezsm8u55cznq79xj4qzruhe5e9zr7utx6;bc1q2vl8e3fe70yus04q5s0tnlwwpxmpg23k58y2ca,0.00085306,98.96,0.0,0.0
2025-07-11,89c161693afcca127c3663dc4a88538dc4fe34cbb6f68cd83d5a92fb645b0fef,in,bc1qm34lsc65zpw79lxes69zkqmk6ee3ewf0j77s3h,0.00087705,101.75,0.0,0.0
2025-07-11,92982bb805fb35ab688b8e8535f57d090f11e06e07502c3f0d2375a63898465e,in,bc1qleccl5464nkuanvghydxwdtyy4r7u2xt68fyvf,9.48e-05,11.0,0.0,0.0
2025-07-11,964d3155a20edf429db5e52f3f99041d6dcb3fd79554927832338537a18ee8cc,in,bc1qcygd7wnchgwksax3rfr43yydke6nwl26kckhet;bc1qz24mg0pmjaa8gupf4y7c80fnymn6cgh97p82qc,7.364e-05,8.54,0.0,0.0
2025-07-11,9938ce25faca8932e4c54d669619dcec0d144e2ca3a2cee156bb4cfd96669575,in,bc1q7vjamel47at6lpz2lv8zdxxkv9e05qvq9m7m8f,0.00042428,49.22,0.0,0.0
2025-07-11,a617b4cd3bf826a424ae41f7206c19fa509500e2d819d2551d28aee6c3182435,in,bc1q097h3a2s0m5rcwv6dmuye96zr3f3aez6wj9l8v;bc1qeyn720v437e93vvs7hps6s9gtzpzqk4ce6uuw0,0.00029629,34.37,0.0,0.0
2025-07-11,a74df9297140e985b674ddd17f4da0768e2287bdfb9dbf63e8e962c4df3207db,in,bc1qnmanverxv4s8a44u0e9j0e8t0qrs5uy4nz7zen,5.092e-05,5.91,0.0,0.0
2025-07-11,ab131ecd952946ac3ae8ff555414486427617cff2904a93d27eb7c153094daa5,in,bc1qrudmrug28qc27k3h4x8spjp87um6nkuwvknh40,0.00017288,20.06,0.0,0.0
2025-07-11,c1827f92788f16cb6934fbaf735708599035767762f9a093759bf433825899fc,in,bc1qjz7fhucgn2x3jt3l2u725s423xw2mdz3gy6j07,0.00017769,20.61,0.0,0.0
2025-07-11,c503c6969c2acea8a51b91773519eb33b658cf99ecbd0192e5c0a407e7e2ea48,out,bc1qv9mc96k9x8t0s6dgxfdcsfrkwsysus9kyx8hay,0.01132745,1314.1,9.85e-05,11.43
2025-07-11,cca82f745c241d8869bf19f0ce65072db8492b9522f6d2025ca4504e9a9d9770,in,bc1qtycqrew4rmqdezpvdf5u9nxg8we0dhsxcml87j,0.00025283,29.33,0.0,0.0
2025-07-11,ce187b5df1f8145a91445b6ae288fa271d145b5610382983c98c93232fe6eb4f,in,bc1qdph47csvpc05euxfjdu00ykrl522pedxsvyq65,6.273e-05,7.28,0.0,0.0
2025-07-11,ce530a599e5e8e6bfa028caacf0d756e3296976ddd7240f6256e0a91583a07ac,in,bc1qr9a8udeh06wmfwv0r7m8svdtp4yc583fn4qt5k,0.00039798,46.17,0.0,0.0
2025-07-11,d9bc5905044e0d124ee09d56b42fc9272f45d92a5f8d5eaa1bc537a171b3b9ac,in,bc1q3qfv795wcsfl0qqmpwgpzpat5p3lvuesttuypv;bc1q74ltuen8dr037dft7pzwwqrexxyhljngewyals,0.00042432,49.23,0.0,0.0
2025-07-11,db2f5341b0b16972f135175a37266ee413d9ad8a51924162a27bcaf50cfcff58,in,bc1q7g28fa9x074280wfsvl799wgezqylyeerh5ykl;bc1qm9tt8v5ccasqnura6xx4r7epw3pn6mja5fwhed,0.00038042,44.13,0.0,0.0
2025-07-11,eeef0181f001ea2a74f6a2af42fa72a176441327690a2a55e39b97fb347f243b,in,bc1qm34lsc65zpw79lxes69zkqmk6ee3ewf0j77s3h,0.00017966,20.84,0.0,0.0
2025-07-11,fbc68b79f324208765c4120514dcecb219731b5c764e11c794c9600dcc0c4ed1,in,bc1qm34lsc65zpw79lxes69zkqmk6ee3ewf0j77s3h,0.00017979,20.86,0.0,0.0
2025-07-11,fe4f715ad06a0fb0e64185f4af1d06cf7b1a14a454e900a3ec48fe70659cc96b,in,bc1qf0zput6az4vufcr4szczmtu0nz0y37nc09tshc;bc1quxt5dazsel30dsjq9c0z69nlxmkh84yxfm5jqk,0.00025554,29.65,0.0,0.0
2025-07-11,ff38c85b5fd2acf8613d323109a7a52344199464c2cd18563c96dd4c2bcd24de,in,bc1qz9de6pwdxvlq6g6ahnpmey4q7r78jgm57rzwct,0.00097522,113.14,0.0,0.0
2025-07-12,026fad9423730f23859e54f943b52c443ea581030d92d26ba81024e7354f8374,in,3BctTzDbeDQSRhEZaJMENmwex1WnX1iW5e,0.00011057,13.0,0.0,0.0
2025-07-12,03d059ccfddd3320a693d7c92c37f295837f00926186382dfc01d2d29bc8c8f3,in,bc1qm8k8a0yy9mk9r8rgpj8k946dmc0tyse0q4m49g,0.00017481,20.55,0.0,0.0
2025-07-12,252d44d0ad8ad88e944d40dd7ed17f64c9c04199ce6c1e3b202ee98e20ced397,in,bc1qe99zmxch3y7z60wt8nj4uwm575n3tuhrt7q5y8,0.00021253,24.98,0.0,0.0
2025-07-12,2e1f698a5e1a413c9be4a3d16183f9bead667cda4e6c93ca2db6d966d3f2fedb,in,bc1qlu765psptr53zaf45vtqjmft94qwxdh5y65ddlquypwqmh43r4zsuz62km,0.00022816,26.82,0.0,0.0
2025-07-12,2ee211c82dfd0456c64a1229828f110ae6433022eee869e185f253e3205747e5,in,bc1qm34lsc65zpw79lxes69zkqmk6ee3ewf0j77s3h,0.00082425,96.87,0.0,0.0
2025-07-12,3362c7851a5a44ce043e051588b52886308cad26dd8b2df913734cd402d83a43,in,bc1q83rp92le80vcrjzuedanygrcrf6wht5w86ratk;bc1qcvda5urhxalvgrjlumks94e6645q99uarm5u20,0.00033841,39.77,0.0,0.0
2025-07-12,387f7b991ad2ee2b9c2dc7e9bf48bc843f2a6f99a4e33d9daec80548453b7097,in,bc1q09jd2f9l5760jc4kuy6ktt738dagn64c668tpj,0.00021333,25.07,0.0,0.0
2025-07-12,3e9b1d77ea7dc0bee8ed5b9d8ca83c0ebd4af3722c2e11fbc4d237b20d7827eb,in,bc1qsc3lgdvamvcjjv8j76ldqp8lawhccqecumsfxn;bc1qsg35u5zkkwsyc39vraf5dv32tufsv4vhv74hx8,0.00017469,20.53,0.0,0.0
2025-07-12,41e588670aa2380948eaf610c16b243d29a6d438d1e82e19e2a6d17bff5da2f0,in,bc1qm34lsc65zpw79lxes69zkqmk6ee3ewf0j77s3h,0.00102257,120.18,0.0,0.0
2025-07-12,4d18f417ab4b7777567f1aee35423995fe320705e9cb9a59417d77d3dd68ea0a,in,bc1q4vsp0zv4ymwc7gr0xfk89m3fau4f4x04ldggrm;bc1qeamaw6ag2ksqwm7096y0k3x2dagl7w9gxj372f,0.00013198,15.51,0.0,0.0
2025-07-12,5f792499064fa85dd7e6c27d5eff83514f46047dcdc4a084b7317570f0d91c44,in,bc1qc9fn62zjy9z4z4j6kcp0zc342mrecdsn4tepr9,0.0002553,30.0,0.0,0.0
2025-07-12,6352b0ab2f0e3211a1f894f0280fd6f43b99659ceeb7f661fb7a0ab0c388524b,in,bc1q83v0ututpuga5t4t6kgjq2rkewls7sxxyvq0sv,0.00020558,24.16,0.0,0.0
2025-07-12,63b261fc04bebbd759c70f20c59f245f4d9a4aa4f1b5fcd8d68c59e7fd1cd3f5,in,bc1qqzmd6gttpuc07yr2srwm8sn6p33p4qd5w2y45f,0.00046946,55.17,0.0,0.0
2025-07-12,64dfe6c421e8516b4534100d91b73013f459d81deffbf193c9c99c8fa94286a5,in,bc1qvhv5ralscw3p48czezhj2dfl9lu9373ah5v0k0,0.00026662,31.34,0.0,0.0
2025-07-12,6701104a9d4f816c0d586724e18e8fa1842c88ddbf47a285070b4b9fb84d5e5b,in,bc1qum2snw3zpcc5gzwlr607c7zdznk84nm87twaw4,0.00023893,28.08,0.0,0.0
2025-07-12,7118a5a59d5ddd5ec988d85b59b285c036e1a8996a0c3c3118aac27258f1a7bc,in,bc1qum2snw3zpcc5gzwlr607c7zdznk84nm87twaw4,1.702e-05,2.0,0.0,0.0
2025-07-12,7224b5041de831051bec7b58ab26bbf7af4baa83323903a92b5e5e9eeef94dc7,in,bc1qzew4avqvvvt4z6q6vhp3ey3gk3a8qksld0vy5t,0.00067309,79.11,0.0,0.0
2025-07-12,74cb86352562d0cc9235a3a2b996f6f2082db492052ae597f8ff910a0d01bab6,in,3FfJPU8fxnzF9WzBPerNKJa4Y3kBmsut64,0.00039567,46.5,0.0,0.0
2025-07-12,87704c2c077a8ba97780d2290f79a3a93b90822aed1e062b0984ab8d697c0973,in,bc1qm34lsc65zpw79lxes69zkqmk6ee3ewf0j77s3h,0.00039,45.84,0.0,0.0
2025-07-12,8ace2fb0057772e9bf1bb631f323bce7602391d40d0fbe967771237cad7f2527,in,bc1q7xskmhp62dtqr093y4ps0xd82lx40sj6gr4zc4,0.00025539,30.02,0.0,0.0
2025-07-12,8e48853d239a2be0e0456077e8510d0f9274dc1a39392298ac2db2f2cd374e16,in,bc1q5yhv87lxvnw28cgwl2s94p7ks45ghhzlawecse,0.00085069,99.98,0.0,0.0
2025-07-12,90834308b80ba54d579a15d94058ee35035ba7cf6c329e3e05f539f54d7d1212,in,bc1qcna5z0ptulpwx3r9su7vyqqc72d0jqthkzqdtk;bc1qw4gq8gmf006mrr763dr0m8tra4hj5u9jrla7t0,0.00025546,30.02,0.0,0.0
2025-07-12,928d05ecf6f3cf8621e34b30fd6a1aa450deb26f0906c4df8163ef8fe2bb89eb,in,bc1qmggnmcytpm78cae423zhpd33lp983h02zmgaz2;bc1qq3hgctjzwfepn2ras86ugq9fajpmglx9t9k2m4,0.00031352,36.85,0.0,0.0
2025-07-12,9de343e13e6b3a918543a2fe984c4ba452f8c29b81eefbd91d439ee08979f679,in,bc1q0m4w3tnt882p83srmu98cdelcuysgqeyca6vh7;bc1qzsulukykk6wgupjl25zke9eyhhep3acfxydw25,0.00021316,25.05,0.0,0.0
2025-07-12,a207e65cf8b0deb7527cfa8d49f9ef7a94d80a8724f0049ae76d47018af13834,in,bc1qem0efje7dzxe83utm2dfrgl335f8xj3x9hqyvq,0.00014123,16.6,0.0,0.0
2025-07-12,af118ec96c50df11f600e613a2708f79f9745be75203be9b1a07a45c2562319e,out,bc1qn0w3tu92h5tdr84duh72dyva0ej0qz8cv7ymr7,0.01615829,1899.05,0.00015474,18.19
2025-07-12,b0b08370cf7d292f49e6398fc72452717621c41f1a601e5af4afc6a21d93e469,in,bc1qe99zmxch3y7z60wt8nj4uwm575n3tuhrt7q5y8,0.00012767,15.0,0.0,0.0
2025-07-12,b2b7db67f9767107edee2969e05ab23c4d3fdea0bb24297a6cff6d88c7130af4,in,bc1qr4a8j6277x8se5vtcpewgccdffqp26ruyaqxf6;bc1qrewn0nxwymsf477lr65flq6cngxcysjya3chc9,5.514e-05,6.48,0.0,0.0
2025-07-12,b41710194b34e62f552bb0a87256ac167a229c31b67c201e4017c0903fcc3aed,in,bc1q92nlr9l3cen54lhw40kfsl9zzltvyc2jth9u6k,6.76e-05,7.94,0.0,0.0
2025-07-12,b73b9d0d16a0ab4fd4ba9f9871f38c55556cd31b97bf615a0f2dd8fb84dfaa47,in,bc1qjlyzxmv2gldpdgmx65v46v624rzy2j0vjx0gyy,0.00022778,26.77,0.0,0.0
2025-07-12,b9019f71b58266dde3daee27e7c218b25c74365f7da8641aab29f4958432ae7a,in,bc1qlv2jrk2qha92m5tgusl5ztmkc02m2c33nrj60m,0.00021244,24.97,0.0,0.0
2025-07-12,c7de90b369a941415400cd3a5ff89781e75cf19efbfb8acdb027fb6cea7c18e4,in,bc1qrfeyfsuf7cn9gz56aup3zrgd0xssaxtqay6mdp,0.00041152,48.36,0.0,0.0
2025-07-12,d1fb2932343b87cac924b2e3d3798212cedd183709f9200cdfa3ab0f082660c5,in,bc1q2hasuqelqdw4kgnnq8lqu2lnwgsjde0axhmx9u;bc1q74803fmjtguyuapdvpjk037f92wn5k2rdv0jhu;bc1qfdx68lfefj7jxjs68jamkqkrq8tsvhtstsqm4k,0.00019653,23.1,0.0,0.0
2025-07-12,d2762e9a7a29b2cdea4cefe1fb826561dd8f5699efa26bef97a082835244db5f,in,bc1q75xvxpjtzztnk85hm3n06eyrleg35pkznh9a7a;bc1qhg302hej9cwxyrp2jkscn6g603qam6vqyf2e0r,5.208e-05,6.12,0.0,0.0
2025-07-12,d5b80867618678bd26679245c8c9cbeec85f5f75908dc614ff54f6be4f9ba9cf,in,bc1q7ug0h9x2jmdj520ge8ycd3ytapl5s9yfg3nfj3;bc1qmx2tru3m0fuepzg537967wkyx749ttsf8qcuef,0.00033864,39.8,0.0,0.0
2025-07-12,d841770eb425e36119a8075c8b902622a20af5bf6cb99f086667fcf8c9e3a9e3,in,bc1qm34lsc65zpw79lxes69zkqmk6ee3ewf0j77s3h,0.00057939,68.09,0.0,0.0
2025-07-12,dc03947d4f29aec4bd8fbd44663906bf5b57f59eee7fdbeef67057cfb371bc5a,in,bc1qvj5mydysr327f2jrkaecvttg7jzju7as990624vtdrg3dxpczvjqzxzr0n,0.00032446,38.13,0.0,0.0
2025-07-12,e2303f4b1f5de41d19fcc29ccff598e490827c2c8e05644398ca2c89c22dee98,in,bc1q253nn0uvulcf0cld9e6h3pru28w095cyc9acjc,0.00010472,12.31,0.0,0.0
2025-07-12,e295c49819c7d3121d3008fe2cecaf58023eb87b919791e8c98fff60f0346bfc,in,bc1qvmlvmux37thnpt4wyphfe209pkz33xyjwe90xx,0.00022,25.86,0.0,0.0
2025-07-12,f332a4c2acc4cd62128fe5147fb478dd5f89b62e7d6482d609fe08a7b77bfb0b,in,bc1q7xskmhp62dtqr093y4ps0xd82lx40sj6gr4zc4,0.00025547,30.02,0.0,0.0
2025-07-12,feec6bc9576697054d022b310e31a2d3f93ec5253cf2a1437badcab10e0da1fa,in,bc1q22gzaxfu5hwcza57gfjm9egtq9gn2mjgxsd4ye;bc1q29d345ptg957x6qx0nzxak2ahwznv8pe6zsla5;bc1q43kpd4v5exyuh2nk26js744807840z8jf5h8w2;bc1q4r7r229g2q7q0rfy2vxwc86hjmhdpd0xu32dhw;bc1q5ry0xt54lxrsqashj8zufu77kxv69u37vnjldv;bc1qced3v5p369ds0z6q3d020454fs6g60mqumumq8;bc1qd7h9av26yjyjqhq3k0658l96uy697rgxhnv4hn;bc1qk6469agj39eqfadvdwhjgx4eyf2cd0jpzw4p36;bc1qlzfy6343kpze9z7c3kr5glrpg0rlnlsxwew6vw;bc1qpdrdt3zg7qs4f9cz28tvegupll5m7gts3l3kg0;bc1qrk7sl86symsk32zn0rne429ptnhq9rajza6cy7;bc1qshvh8y7sgrc0umv92h9vly9,0.00039346,46.24,0.0,0.0
2025-07-13,0b56a348677de944693114390b188d8bf045f5c6064fad6ec5d7be94580948dd,in,bc1q2kxykvqykuj2pks582s4r337wdm0tukc729j06,0.00028311,33.24,0.0,0.0
2025-07-13,1bd73690c52d37038edc8bed7f0e3f95cbfe465e042b6a48dcb722a28506051c,in,bc1q2sw3xjkxcqwh49ge3uy8lad7wzwm8galyrthaw;bc1q3u5d6ndfh977skxdyx4j7h4wrjxygzh39x8kf6;bc1q4adwuwec9rzqh45lmxvd8pl6znr90zxd97suaj;bc1q4dfp8q7qkaqv25mzc9p35qzfzclm3n98jx38u6;bc1q4eguhnj8vmnh5wmere8av20rnhwcalaumnndra;bc1q6arm7ajwfuy7k6y99ql3dnxrtntelen7tndznx;bc1q7ns5gl9mlmeyuymy44pyhuzl565dvrkx2vulr7;bc1q8rqyqynrcne24hvn5kr5ak9qd04jqquzx3n2nn;bc1q90fr2grk4rgnujn8tzd2pvga0q76xpc3k7xy2y;bc1qa9g2hvf43nhhdhuvxqq5r33x8ha4nguylfa9gl;bc1qevxnrktly378lcechc5lyke50wwtrrc52z8f23;bc1qgnlesx6g5dnd0esmksctrgk,0.000288,33.82,0.0,0.0
2025-07-13,1e358d962335490ca601f657d4c50cd49ee4bee00368c7e13f5f58dc1c818706,in,bc1q3yad2z72p8pk7qxh7mpffrgf6z6qqwh99dj50z;bc1q8enpqxp4edxv00lv27vv26v2k8kq2k5064c9lw,0.00029473,34.61,0.0,0.0
2025-07-13,210ce36e70ef05d6ee433cee053df0b0c6dbd270b4c6b227031b6ef0c5a0ad37,in,bc1qjz7fhucgn2x3jt3l2u725s423xw2mdz3gy6j07,0.00021515,25.26,0.0,0.0
2025-07-13,29f7721e7865f9e016c901a5d60668df359361062fbb671348258c811ac5fbd7,in,bc1qm34lsc65zpw79lxes69zkqmk6ee3ewf0j77s3h,0.00062934,73.9,0.0,0.0
2025-07-13,2bba97b7374fb4b5b5d932e3401379217d8a8c02940dc4d6217a447a4374e509,in,32sN5sUBiVrnBzd7YeyRp8fHLGh4PXaCSi,0.00020977,24.63,0.0,0.0
2025-07-13,358f67b67d2cef199c12d5d6639387f0668eb0923d79330164bddfc3144570cd,in,bc1pl50yn45nqvhthjty70yu07khagqdm6n2azvv8w584ntza8y727rqefqmm2,0.00049105,57.66,0.0,0.0
2025-07-13,3a45d2ca2da1456984b73924a76f496e68e348d5ce5bae19be4ba1eae5582ec5,in,bc1qzx9m0g9jtc2vc8l4z6zyufjceh0swusqfagfsh,0.00038208,44.86,0.0,0.0
2025-07-13,441df790f8e9e6cb6fd56962dc30d4a12b3592b54c8fc3596fdabbac9ee2c5c7,in,1EmicEG2CbBSYHG1jksfevW3hw1P6LNvD,0.00028448,33.4,0.0,0.0
2025-07-13,4469d412d3df6b69e5a37eda2e5e5b299fd15e932b842734c3ae11fd9dc8fd88,in,bc1p37m2gl6au80duz6hgek3kr5tvzsqchz97l0kd8r6q7ra4x7nqjfqs2xnn8;bc1qc0twl0larutp3zcrgp6fen2332qhp2gfpvhsykc0fey6kurpwr5s5kque9,0.00027774,32.61,0.0,0.0
2025-07-13,5e09aead6b490577dc19b5f22ee50a624e79287d1178003568c142978a359a94,in,bc1qm34lsc65zpw79lxes69zkqmk6ee3ewf0j77s3h,0.000302,35.46,0.0,0.0
2025-07-13,5e9f342d1f3c6791ee087f3dbc9189670db9a0a217a64b8c7e2712605ab443bb,in,3KjquwHqH8HvdXB6vSqzN1kCMFEXSARsQa,0.00074459,87.43,0.0,0.0
2025-07-13,5f4b282b5df1c76922637ccb04e06cd47c49d5daadc8aee71efef61ea9155f11,in,bc1q0hx3v2ch0vdffyy3la5km63gkjwndq8cwdwq99;bc1qu4wrw0vzys02vmpenv2en523hkdwjqfva20dxj,0.00108736,127.68,0.0,0.0
2025-07-13,6077fe501d639ba264b77f3a6d9e35810ecaecd5939d6f020d8468099c2cd624,in,3QRZhtHZvL2q97CcdFv1onZ2YyH19i7HMd;bc1q5evjjud87l4qp484wgl5wzgsc5jq8lt8fxrrs3;bc1q6fnkdx05za8p9fsyxguder0363x2nxu34lrwy4;bc1q6ze4sdvkms4r5pwwrmm2h4cccm22v8q9hm7fpk;bc1q72gc5aj6jeamd8e42lnqwthh3k9hqrljll8f3d;bc1qajmasfs068ty6kwuzk4sx0rtl9nrajmmv4hqh9;bc1qcnuunvjhwavfvkz7tz4fvg5a20tfxq7ekhk3uc;bc1qcqq0fuh80368fzm0ygtfsgynzvx3k94pdmfzul;bc1qcsr38m6tq4seyq92k8c7jghf9wqdnjlcxn0uzq;bc1qfvf39vclgwkx3727vazmy7cxz8l00kn65jqcqq;bc1qht5gqnx3zl55gsu2v7u4kp59p6lj94k7h0we6f;bc1qjral249n736ayqxr9k5pth6jmwareuv,0.00090221,105.94,0.0,0.0
2025-07-13,62be2772f0061e3ac01c0a74588722b9daf72c0f0a7ae732d1402435c726a173,in,bc1qm34lsc65zpw79lxes69zkqmk6ee3ewf0j77s3h,0.00033518,39.36,0.0,0.0
2025-07-13,66698a98ccbddedb6634019a2a598aa97ad6b0f51556e0d3f5317bd8d6d1930d,in,bc1q00vc7nf0g2rj8dsj7x2wea74pts9qm4d9ckms6;bc1q09u3hu550y5awc77n9zlgrttlupd7sn9zyzua8;bc1q3ftgxa4mjnncjxl5jcw67cwtmsl5axew3vrhd0;bc1q5ew3er4rsyrku53w82k8m00e8xy3c85kz7cvkz;bc1q5fq33z6j7nwz4l5lttarupezwt627xkqz99un5;bc1q62n7pesmk87g4pcayxmm5cempskt30s2avs6j4;bc1q666l3vm4632uqthm7jjnyrggrvmx0yhzf7z9sg;bc1q8s0tamhh8wt75l0cfaazees46u682na66npd2p;bc1q8vuzk7lfzdfvekl453gnme5n2lz837ddmhpqea;bc1q95lxqdffwwz9z7drtg4y30hzm8er0f3wv7jyyy;bc1qal3rtkwn26p9gzags7c4cptl6vqrfap0n09t4j;bc1qe6xaj853crtgdv5xmh7ewhc,0.00017198,20.19,0.0,0.0
2025-07-13,67f889cd1c1d3d64120838b33f3466eb2cb9f7852d53141842fb5efb03cf867a,in,bc1q07a2nv8xgl0jdm0j498e34x43ayj84a65glatp;bc1q0utjg4qssgn2jsq5fxlxd98wkflh7yxz0x7qzu;bc1q0v9pcxauqyr0xskwhczh9k0lm0uexzhpes9t2n;bc1q3sg55cnndmc682epy53ylv7ysh2keruk349xr7;bc1q4r40k4r2n4pp79w7yrm9v7drtykhlq06gjhppf;bc1q90n5w04grvf6wk63a6yexctfszj0xrj9tx7jqa;bc1qa2ahvgqrny86ytkavdltqea65ufxs78w7m82n2;bc1qavuxhkq4asksnzfz5xl53wmf2wd3n0xewnmsmh;bc1qckpd8wj0y5596v5p8he36r8fx0u4etpa4djpwa;bc1qd9fue8xju9z2an8ch38l45jshv785e0kc7le0w;bc1qe4vtxufwgch9u2u4trgls729m0x449sp9s5t68;bc1qgstg0ep3zf2m0t3uvj633a6,9.565e-05,11.23,0.0,0.0
2025-07-13,6912a38dcf7c2645c21c94743f50c1fa85c4c1edc1583c669eb22e3dd6c46a8c,in,bc1qzx9m0g9jtc2vc8l4z6zyufjceh0swusqfagfsh,2.292e-05,2.69,0.0,0.0
2025-07-13,6ba81386021c058b53663fc905ad37355c91841e217344125933cf0f73f48cce,in,bc1qpu0h7gl5h36jjfj7e0jnmqs3hdfqve8m6wc00f,0.00021755,25.54,0.0,0.0
2025-07-13,6c781fe4fcbd8dc40310580e1e717153dbf3be6254776f0a05317d29c40764fb,in,bc1qarcn2058j76uf2ejs7uhakwgpzcr2cr5pn9vzn,0.00021116,24.79,0.0,0.0
2025-07-13,70ff10282539990f305d851057693bfc7c651012296bdd534f48b1a16c495f68,out,bc1q3xwe966juwqg35r0w6zeqf6l3xt3ujhvekafme,0.01571622,1845.4,0.00014882,17.47
2025-07-13,734dd60600291464384aea0622c41cb64dea0039df429fca6084a743fd14e649,in,bc1qzd3h6zx4xmz88ctu5p9kwelqjgurh9j87ns5x0,0.0005093,59.8,0.0,0.0
2025-07-13,805e3677e51b8c94f2f021851ea06ad2143612f24eb88a478d06958934a8dead,in,bc1qtw49uafxl08sswz65yxm7y56nucnjl9schgrh3,0.0002102,24.68,0.0,0.0
2025-07-13,8750516b8d7023b79a5e05ea5311f438b67015cc4e02b06cccb7503b1ee192c3,in,bc1qmfmujn5a5launhw2fp83mkgphree28nzscucd7tv74ctnuzup5yqha4kad,0.00041145,48.31,0.0,0.0
2025-07-13,9df5695532c40dcfe7fd114c711f90cf64961802a2b2c655572b25d288605918,in,bc1q9eyz5c3nr8xull8q7ar2taclqx673k69sflpsa,0.00083301,97.81,0.0,0.0
2025-07-13,ac0f3b7fb5467df93bf7db9a88decd1e10ffcdbce87e1aa289f788f1ef5b1a73,in,bc1qjgkrdrx5ja24373v6rf4j2sx3n2j4we3gsywma,0.00038077,44.71,0.0,0.0
2025-07-13,b401d4db6e263c7a9bfefe49c94242c7a8a7c9720a54839a0b1a5870f0842777,in,bc1qlflg6p7vwavyyf4hvnpmma7j9gwsxtj62nzecg;bc1qq2sahpcm0ccpsgcz9whh0zh3spnzc2vmxf6f5q,8.033e-05,9.43,0.0,0.0
2025-07-13,baa72df19494c6c3a19a0c79f5e88fbb2730ae22e84e727b7b8872c39d33ea55,in,bc1qychajltyrk8dvyn5eh50gl20dnw5myt8na5kta,0.00017264,20.27,0.0,0.0
2025-07-13,cf736642a7d17aa7af632ff5c476a8a8cb1bb12a9bbda523774de2a298dae01e,in,bc1qvcks9nt5g3k22wkym5tkppr6ecp0kdxxtlketcljg48g7kcedrpsvhugt0,0.00045885,53.88,0.0,0.0
2025-07-13,d2b164fbdf48c93ada416ed50380241ffe5cebd52cdf8cc1a5b0f4db06b39967,in,bc1qpytkm4x92rvet4t7xd6l2hk9gdfmtnt52r86v8,0.00022527,26.45,0.0,0.0
2025-07-13,deb6e3f817db158e7976d9d842b0623962a92c136d85379841fbfe2fefa8fd8b,in,bc1qdfjcqssvh7tt763qunr54jxkwmdyhfuyl4sqed,0.00018542,21.77,0.0,0.0
2025-07-13,e2d1f6d0bd06776a86fcf153f3017b87f5e9e7fedae1609f30315bfb9dede5a6,in,bc1qanh7gpxps9c8kvvklzq9t3mfgulm6qsl45xyn9,0.00020988,24.64,0.0,0.0
2025-07-13,e939eef718600ad65a71a7ff8b6b80b58866465d52da17d8b143ef9e226ac221,in,bc1q8strjt29s3len6n7aznup38prkc9mnkya3lrks,0.00014329,16.83,0.0,0.0
2025-07-13,f160494d08e7f84b3f1e93f6d30bde840cd5a1727f006383b79bd18ad0f29f57,in,374W27Ts4WbGQHSXkmHv158axvLYyiwJur;bc1q0y2vw9fc50sx6kmp004jrz3hcku9xyfedda4jt;bc1q450a6sgtk6pm7j9n3a09gymwye7299wpzjhqnk;bc1q6qu7rs9uljny4cv6l0p8judnqlrvj490gz4lze;bc1qdcc5ydap3525vuevrjv8aluheyd3e6d2gkz97h;bc1qe0ftr5hn02n88jsvjxhhe34avh0t4ldghnxzvy;bc1qe5ul0hvwwqwrfkgg7uk9rrh4lkm0zxn0q55hlm;bc1ql04paul3q6n6lqpu8ltl3l4k8vxxu934wfj35r;bc1qm09zdkxcy93p3eesg3qnch2llkd67g56mtspwf;bc1qqpttu7htmkpmwcthul2gj7wtnpje8xdn7us87a;bc1qvru0spr3srq6zd3gyd9qcnh4zvmg0wfsajhlv2;bc1qxsdzmuh9swt3axpgv2vdc4w7qnjj6m6,0.00028062,32.95,0.0,0.0
2025-07-14,078f1939510bb7ce112751b49c9e289e77d6db710f7158898befe36e35c42b17,in,bc1q0qj8f5yztl99k5xm7w4xfegcrvwg02tt2jmhzh,0.00037865,45.09,0.0,0.0
2025-07-14,15b8a304511d480da809aaa7fddc5c592e8da9ad91e73eb9c1aa89be150fcb5c,in,bc1qktc4v4ugd24jt49kt06hhthq5774dqr9pktr2un2utvqtv7lqhwsf9p6sc,0.0001179,14.04,0.0,0.0
2025-07-14,1f4c5c56da42566021449bb6c861b4105fe27a5424477643e123e7e4b5889972,in,bc1q5004wk9uzvk090wjh5ufp72luq9rzf7nhzmg25;bc1qawqez7hpvenu6l33xj5g44eaw9zxql8e8vdf57,0.00031607,37.64,0.0,0.0
2025-07-14,2a6489c9af69bc9fa2f95a093cfd20a775a4c4fe78a44c7848a7647da1769971,in,35WbuVTqA7R5gAnxSLDQWcWj3Ma4H9Qiyz,0.00025513,30.38,0.0,0.0
2025-07-14,2b4319be855ffc03399b00b4e68f2f6816e297f07b505deaa9c78ddf7917b931,in,bc1q20hermpcufqdhhqp2lhylmxcs48ewc4tq2uqa4;bc1qxeqtfc53rhn6ngn5ghhnu96tasaetpjggvgyna,0.00034929,41.6,0.0,0.0
2025-07-14,32a2bb36fe9da22fc699f4b3dfe12bb2a4049e9e8cf4c7cc06c3b1854bf3e01b,in,bc1q926qfyupw8tm9kmnd0clyyzlkqtj3p8g9ef9vw,0.00010872,12.95,0.0,0.0
2025-07-14,4370b0e3e633821c9a07682c41fb0b0ebbe7eb486b32d76cf7f05fe94f7717a4,in,bc1qdyqtea6wvmfe9fhjlh4753p24trcmmnrja3pj6;bc1qu78d2j23wlpemdldxwqxty2ss7w0pcnmu8j65g,0.00016805,20.01,0.0,0.0
2025-07-14,4b5dcf183d9b2ef91ec93871e0c3b1a527b28c3618a3ee2d30bc764216493c80,in,bc1qrwfc77dw6fz0lrhl9f4wjwn20c4v993m8kx97y,0.0007938,94.53,0.0,0.0
2025-07-14,5be54971525ef66e53da9eab940a68e24a035f09d33c8882f09b15521f9bbb37,in,bc1qk6zxvq6dmjdkpgysm6atzp0749q2r5lwxdk35h,0.00036714,43.72,0.0,0.0
2025-07-14,636c551843ffef999dca7f125d1da0f8cad351d21210d91325fbd8c0c2332d0d,in,bc1p8zurtp9u479w06uyphknvc8d875lxaq08e39skmrsw9dpq8wqvxqdsf4n6,0.00046451,55.32,0.0,0.0
2025-07-14,6ec9ac0bde5aa8249f35158126ac74db2bcb09bb06f89ae9df392900293c94bb,in,bc1qm34lsc65zpw79lxes69zkqmk6ee3ewf0j77s3h,0.00012984,15.46,0.0,0.0
2025-07-14,701e5a37cf456a665947f3ce3e586f1725866ffc93ccd695c0995385ad0971a4,in,bc1qmpedfwrs2967l67t4e39upnd9p5qp6ec08r6xm;bc1qx4zncy304rznva4vy4hk9wkz5kksmk7ykgfkuf,0.00035677,42.49,0.0,0.0
2025-07-14,7cde1b52bf24de9a39cf92870502e0fb40da653484ee621aea2fab894c0051c0,in,bc1q749samfge4eq2mapegeclywyv7xr9t57kqkzra,0.0004,47.63,0.0,0.0
2025-07-14,88cb44eab7f820e15dcf9921ba91b35673dc22184b5b535f7458c99311740d91,in,bc1qjyht6l9kku96l4s98mt52adfhex0svxhvltzdz,0.00011939,14.22,0.0,0.0
2025-07-14,982a04fbfb072537a0faa491a2d725ba6faa37e1715d594a966287fd3b0eb6ff,in,bc1qd7c6zu7rwcuzkvz5zjr66hvwvfux7gc4aa9kf7,0.00043,51.21,0.0,0.0
2025-07-14,a0d170a14f6a536dd82b9703da686e76eef87e35679c35495f0bb9fbd8cc8d76,in,bc1qhulswtg3sk9nxdl8nda2luwlrg0se0d6tg86gr;bc1qjsrn9zfgpfjx537mhhzjp8s8dx8z2qtm4u9ykq;bc1qkch07v0v5zy4eg2ctwxevs73e6ld7zg4hsanjk,0.00026023,30.99,0.0,0.0
2025-07-14,a36017f6ff795543fe498fa2da11309b4a4a3ee350079c630104b966dfb0c33a,in,bc1qjz7fhucgn2x3jt3l2u725s423xw2mdz3gy6j07,0.00016837,20.05,0.0,0.0
2025-07-14,a3764ac5105aece6603d9382e3072c16f854a5c48ca2df9e7f23861bc3290f6d,in,bc1qm34lsc65zpw79lxes69zkqmk6ee3ewf0j77s3h,0.00050697,60.37,0.0,0.0
2025-07-14,a4b5756fae8b9ca56febbcbb1b1da2d80a9731e7298fc7cafec0395ab7bbde4c,in,bc1q4qrs3g2xe8jgkddf98c77503fs3s68wlhhn5m5,0.00014895,17.74,0.0,0.0
2025-07-14,ae89b21e10d977d25e0323ce41545d338cb41c4ed280552c31699d4401588029,in,bc1qmuw2xy504nrly2qkxxj6r09s64886mchkez27p;bc1qq93j0jr5cw6nvlx3mptaadfsrpzqe3qqz7fh0h;bc1qztpqpmts69lq7rsjrsupktu5z9zy0helwzwqau,0.00010261,12.22,0.0,0.0
2025-07-14,af31e4eff7bc48c809631bab61ca88d9557259fd766fdd7289ff3764ab05cab4,in,bc1qnx4qf2mr9thy6f4avawz8ju6fl6v6255htdgah;bc1qzq5fqs5rsn2dkhf5t6wsz5f5mg5fvxv490zfyq,0.00029919,35.63,0.0,0.0
2025-07-14,b4d455f0c58c57047135ca36156b47430eeb154e6309b72908d8e7050105bba8,in,bc1q70psghywg54l7nldgh9qm96rk2k7m8r3wd89fk;bc1qanxyz6uq2p96zup0n0y6e8mutljfj4gdmrcez8;bc1qdy2c7tn0zw2kv9u528y98526zarxy6f0lt8lk0,0.00012603,15.01,0.0,0.0
2025-07-14,c32e492b0378315d2dbb49e4d3fa2b693f37fe2e49cd9b5ced4b68b017422b89,in,bc1qm34lsc65zpw79lxes69zkqmk6ee3ewf0j77s3h,0.00074922,89.22,0.0,0.0
2025-07-14,c6eb40c9ec055cba685c4c4ccf92fa0b6a2164f41dd802703edd5621b8e04a58,in,bc1q8m8kw3zdvrj85rp7865npsqs399tfasfdx3tvl,0.00029141,34.7,0.0,0.0
2025-07-14,caad378c9c29fbd9993fcca7245ec86340ea87be740a3b2d267e1040c9b5e47d,in,bc1qjz7fhucgn2x3jt3l2u725s423xw2mdz3gy6j07,0.00034737,41.37,0.0,0.0
2025-07-14,ddd69f3cd4d5f60e881adffe2239554d4308465680f5478f274eae59c5d036f9,in,bc1q2h459y65r3hdeuqg7r3werxplv87u6r35dr2876gqwuaw57zjxzscw6w4z,0.00012498,14.88,0.0,0.0
2025-07-14,dfae91839cef998b1524d06cb9822e44e28db1aee061a28c5040213144212ba5,in,bc1q5xz46cjnhgs5sjmf64cdftncpy2l9a2gkmg370;bc1qa55ujtdy656063wafzfjduk4qnzvgcsen9fun9;bc1qqd4rwg5ham3sx0nrsa8ympm3phtqpd0uccuasv,7.23e-05,8.61,0.0,0.0
2025-07-14,ed08937ad9c026956a0bfd0bf9ca5479666e8ad67bd6cd165cb546e46533c618,in,bc1q470v503eemm6nc27v93jqnflyj3pmcxhw7uh87,8.308e-05,9.89,0.0,0.0
2025-07-14,f0019a40d3a170b97b26800ec5a1c8f96d8f1f4254d7fc890143ccbcb6de6c46,in,bc1qfelwupnm5l2hyssyd5px397myclfn266z7f03j,0.00029,34.54,0.0,0.0
2025-07-15,04a6194fc3f15a0274b9c5dbf2dccbe2484c6d19f94d5d40e374016842d15411,in,bc1qk4tv4fkj585yxjhav7g23k5d3n7f2r9jwp4uty;bc1ql3pa5q9gvd60rmr0quakehael0a5wsvnf2g4ps,0.00017536,21.02,0.0,0.0
2025-07-15,04f170f163860713286d71ce35a6283b9f508f97b8330fdcfa7ccd414f907a81,in,bc1qpgfem372l60ldkpdr22jjdrmkt69l5n4mdmqa0my74andtmmxpysarrg6v,0.00035659,42.73,0.0,0.0
2025-07-15,082144a28895de31199f3b1fe9cf43d24bec8c4bdf0bbc08a54dc64dd34dc1dc,in,bc1qg2prpd92haln5kmuaxr8tw405ehdf8e73rymly;bc1qja89swmmnpc9qdaxdthc7e8cndcj3j0yvmnmv3;bc1qkwe504vxmu5zqk2mg6mcw588nnlffppeyma6js,0.00017802,21.33,0.0,0.0
2025-07-15,090d23b4bbfc4a0b7ffeac000f8f4e33fc9bfba76881f3d45b184d102664079a,in,bc1qy49d453h9kty0st2ra76r8rqkg68c2hzunqhl8,0.00068531,82.13,0.0,0.0
2025-07-15,0e167425d2659241a68543e9333f394aa2c42f3326b889b7487c7b3649f7dbcd,in,bc1q5nu07v3rueayjnayp2da29px5m7ya73fkkngwa,0.00030591,36.66,0.0,0.0
2025-07-15,1153bb85b18ff6157f35fcf887cdcbdfe745be8517d96dde1313a28cfbf185c4,in,bc1qunncdxlw3xjs223kctn7f9lnzcsczqektmyntu;bc1qystgnrk45aush6y9qhr6v98rvnftg6tqjklt49,0.00078863,94.51,0.0,0.0
2025-07-15,1be956ed5d33a6005f1ca06f5cfd2e2249d525a79873f57ef5a637f1e0fd984f,in,bc1quwzheg4fxlfcqsxmfqvjsak6genym2s27yyse3,0.00016108,19.3,0.0,0.0
2025-07-15,1fa8e2eb595eba68d51ad3b8f7d1930a69a9cb3abb0781865775ce7d19482e43,in,bc1qk52sp0xnxelz9dpsw44gd0zug3n6p95pclldkp;bc1qrf025kz28f0htqsckvr5v8q7cx74mpw5zpx6a9;bc1qxw2v8p4gyg7eyzrjyrxzflxvqka4nqu6fetuxf,0.00013163,15.77,0.0,0.0
2025-07-15,1fc9952072a748d91fab20e73b1716ae736f828fdb41f3d3bcfdc7d44bc70dbb,in,bc1q6nehj3daqdxuuqa3wa0vmgc8r5v0fg5aq2la9m;bc1qaly30skhz4chlafj4mwztauu76hsva5y0y7a37,0.00024521,29.39,0.0,0.0
2025-07-15,21025a2540294303e3d773a9fd57e2d0ae2a6f1730ed7a5c0c56a9c0ef5e3746,in,bc1q3kxe0pxkamkzthq95c0qq6jmazzct8pky5lgw4;bc1q8gxhp4lf009kqgte02n9vfz840xq3tpn267xk7,0.00018931,22.69,0.0,0.0
2025-07-15,266aeee0c01bdb2c2b85c1114fde876160b1fa610d551dbbf5c5d6404500f3dd,in,bc1q2pezhjw8q68f2jazs3pfxurwlxv7pzlhezqyz7,0.0002,23.97,0.0,0.0
2025-07-15,269245921ff7b604da77470b99aedb6070cc68fcf70b8fec79e8399a62e4105b,in,bc1qgqsgdzcsk92sf0z5cqzwd3ylgqf838p4jzj33a,0.00021468,25.73,0.0,0.0
2025-07-15,2d12a2343d4096e7556ce206cef6879eb1a7b92f3c3bb7a2c13034aefc7b6bdf,in,bc1q0m7zul5e3m726aycaydv34678hjkgfdu4ae09d;bc1qu7dlu4d6wxyqjg7hc7ak8tx4cfa9jdk064psqk,0.00045442,54.46,0.0,0.0
2025-07-15,3e29790e2a160e0cccf89bdbaed67c982288b7724f1e85fe5eb3ff5dc7bd079c,in,bc1qm34lsc65zpw79lxes69zkqmk6ee3ewf0j77s3h,0.00081034,97.11,0.0,0.0
2025-07-15,400384c4c111ec73a5c621fbb9a5c28689380ee1f646a6658115f2853e308d7d,in,bc1qnsjz0w2r26q5xvj22xj937ae4yquksw74luwhm00qrrxaex5qneqq2ve9t,0.0004295,51.47,0.0,0.0
2025-07-15,4beae679631978a3b186e21ad32c67c275f1c325991a7805047874db7a78782d,in,bc1qxhzmdgxls8qld0vzcrzt5szt2h6yp5ap70jlda;bc1qypwlwv8zjx2uuqty985yvlcr72nnxr2ct0ljek,8.331e-05,9.98,0.0,0.0
2025-07-15,4c786b6fbde605627c9d15e847583dc45f0251ef52637a5aaa25dc04a0049962,in,bc1q2m0an94k8j3sqps7fd027uau2d22gwmkyac8rg,0.00031603,37.87,0.0,0.0
2025-07-15,54f7c5ed9d1e8fd0be51c3a2a998d595c4dcb52f408e4de3013d72cb6ff9e36b,in,bc1qdux37a0pzr44lrhc8vm44uellvplgyh7g73epq,0.00028263,33.87,0.0,0.0
2025-07-15,5862259df09b5a8e04ff4edd31cfdabf87d6bdd3a2408d64b1e17f5c979e609f,in,bc1qcvjd2wjretqys34q2pdm2wtre5esm0ga46nthk,0.00013366,16.02,0.0,0.0
2025-07-15,6f2ecb971b5a9fe9853c653c67b394e82478eb76a2dd69de12665d002081fb35,in,3PMDb4qc4YeWmDWfCpH2VBb1VDKnamBwa3,0.00014381,17.23,0.0,0.0
2025-07-15,81f662c9657711d5925fbb5aaca5cf8c70bb52fe35616dc759f60064597b6034,in,bc1qm34lsc65zpw79lxes69zkqmk6ee3ewf0j77s3h,0.000385,46.14,0.0,0.0
2025-07-15,8698c01347d7aeac130f6eb28d780c40821c61c1ecea03d478fd22ad34188ae3,in,bc1qe0kswuawmwp628zzlpqcgns62p9xlunda0krrm,0.00012425,14.89,0.0,0.0
2025-07-15,97349b4e94d877bdc3dc3710c1584be2634116ee30926bb342d4351c01fbc90a,in,bc1q6x9tnkkq4mtl9r9qjmtdkk34nysku4mz5zweu6;bc1qksc7v3rl36nxjacru9lmhfcaql0kd2rhytzrun,0.00037566,45.02,0.0,0.0
2025-07-15,a932ce25ac341e98df50738e5bab24cf3fd43310d51b7fe507a5cd92d514914f,in,bc1q507g38jjkr395pz8uqqkaxuj7ns28warkt2g48;bc1qzun0cqenn859tu66lnup6srdgxhnwperyurukt,0.00038344,45.95,0.0,0.0
2025-07-15,af0d14402ba6a06fb5c4ea073df0e272fb0d8dbec9554815e74da78f9fdbe79c,in,bc1qryhgpmfv03qjhhp2dj8nw8g4ewg08jzmgy3cyx,0.00055465,66.47,0.0,0.0
2025-07-15,b26a3911eb66ab0a90d18c343e10e418071dd3da85990a6270e426ba4901ed75,in,bc1qlkuqx5x4tacch2ua0045lajrky42nr0sfhmaup;bc1qyg806thufle3smrw52h3q2skk6ts29sptuhlqh,0.00079788,95.62,0.0,0.0
2025-07-15,c94fb03c781eece9aaea8cf5b1b7ce28a6ec7baa77639f43e8ed97b304debeb9,in,bc1qwwn6d6zj39mkmc0wgll7u0xee5pfj3t5vftrpw,5.105e-05,6.12,0.0,0.0
2025-07-15,d09def798740d504840d9a5507b2d72030a1c756b246f5ed85cb80924b7d6be2,in,bc1q63h506zdd5az6emjn0qhj6vd0d6ry38qg6hxvd;bc1qrv0znt08zmsk00y5gewgzavhk0zu9x9z26hzqs,0.00050326,60.31,0.0,0.0
2025-07-15,e1f9d976cb01597a558b5137b50e24a3f343e10dc551a6d7e022348e19fe3ad7,in,bc1q8srwfd4ru5ghqld0cy0svrgjev3yee90u98hyd;bc1qcpvpjtvtz3qek4a75dllnqt54h8aznt8998xkh,0.00162731,195.02,0.0,0.0
2025-07-15,e28509c90e8cbed6b3b258e22b9b2335a47aaa42be6a30b5df3532fa2a98cc11,in,bc1qee22x47wwp9xqd26gyg2fuu0qzxkkud23epr48;bc1qj5yma7vgqtea76dww6xufk5ds32au0vr7krdlf;bc1qwj0h0s8kk2pqpzhke3mqxjwwkjdm04rrzulkac,0.00079453,95.22,0.0,0.0
2025-07-15,f78f72aa6a7166f190a0ed36250e3b675999dc8fdecd6c9e1a86153a9eac93b2,in,bc1pd97zlgsxda2gg7v2cr7zh6ehfn2dvpg7s986lwc242cjlaehlv4qn552q8;bc1pdy49q7mjn2gjwx66wrs7qh79u5vkjhpwqlafg8vc8537cmhvjn8qp8cmjz;bc1q777l407dqmfg24tj8qvky8xxj5c5u708jlq6yg;bc1qe64tyfw9mskm5zds6wu27jwz8jj4eju6799hee,0.00018044,21.62,0.0,0.0
2025-07-16,0c2f0afe132e0db7dd3745b855f0008ddb998d3c7c908190be5a613f16ddfca4,in,bc1q5n8qxyueasxyfk959prfg47deuhne8cjpnjjap,0.00059337,69.87,0.0,0.0
2025-07-16,1d14d8d1e59e274c94a9390e4034ac9dc2db75ca2fb997f172243f600de650c3,in,bc1qhc9vxpjkjyfhs6na3q3vjwdqp35ktrtdzwgtu2,0.00014553,17.14,0.0,0.0
2025-07-16,1db70b7d37c7aae5de4d577822d22882fa2ffc38227e130a68c32a1a2e991bd5,in,bc1q0n0d2ajywmqxxv2mr82ytapwketecsergleq2t;bc1q3gnxs4weqxynmjdcxjwva8c5f7dm6q3r0cahqm;bc1q3jnz2ncrs973jj4w34467wp0tcyhvn6te0n8ml;bc1q3xu7qf9aue7ky58pvutzyh3n3d9jgz739ar0j8;bc1q3ymca7fyvarqhu2wlnyvuqd63mvj2hfd88ycm8;bc1q6r9kh03fgktaav3ng374j6khecr3846nuv77zv;bc1qdvaqlpu6k65v4arjc65z0hv7adhpgvxjunaayq;bc1qdy6u439w86w90sku3uavpuff09axfmx02yq4x6;bc1qf8w587ak7n7xff3alpfsjjxvxz00kkv2mh5qft;bc1qfjje05ap58urkmukzken4upgw6thvt7d0urfjg;bc1qgw7sg6zqu6swzja06se5ksacaz88fq309jlz7q;bc1qhz5zl6a02detnpw4pnndh0r,0.00017032,20.06,0.0,0.0
2025-07-16,286d11048c3cb789b11abdab180b398f9baa0cffa33b7c933fe4d0f3bda9b657,in,bc1qm34lsc65zpw79lxes69zkqmk6ee3ewf0j77s3h,0.00053903,63.48,0.0,0.0
2025-07-16,30b77023291f054c472f5698e0e747c0da90486933777dc42ba9ee9f1a894f51,in,bc1qk6z4w2t6vx9fat8zfhf63ennus0ahkf3xf8qah,6.558e-05,7.72,0.0,0.0
2025-07-16,3e7adce7700ef11f9f9b2a8128aae1ce3d04e0c73562ed3a98655457d06fe4ae,in,bc1qympwsvxjrhdwmcjnf7sku0t0f5zglhwmx2ts3w,6.228e-05,7.33,0.0,0.0
2025-07-16,41bdb7ddbd147de1c1893428fd84457d799f6dac54ef4e7529ea9002f8e8f24c,in,bc1q4tcfqcddhc3f9tpyquwq86pg5z54nhsuy4gxj8,0.00033692,39.68,0.0,0.0
2025-07-16,58e3ae966dc6a76f070af0501a696a4b63bd9e40c51873a44cd6727223856fc7,in,bc1qgvgg68s88reyvyhm5txdz6nf23mvke9pvp83hg,0.000125,14.72,0.0,0.0
2025-07-16,5a6849d2132f35a60dc99be62cc115676b06f2ab9e63ebc33d100292c7bff39f,in,39syvXNdvzvzxeNY4M2Cf9EK5LjMwHnLvF,0.00099334,116.97,0.0,0.0
2025-07-16,63209300bb0ba9052a6b34a385dce4a968d1862ddabf85a414a57436e746e2b8,in,12phYXtbUNsGTJwoj4QTe2ACvDDGqC2rD6,0.00047615,56.07,0.0,0.0
2025-07-16,6be85387d65a2e960a7c6849493fba04f0e01447208248d6ca068dda11fe4931,in,bc1qapq7cgve8864dx59vdvqxuc00pn227xt0r5u29;bc1qgf8g0ecsqk76s5a8lc8atrvcs6ueuk57kuzwcy,0.00013868,16.33,0.0,0.0
2025-07-16,6fd225213a09acfd6486c8314fcfaedc0cd6a5d527bb7f31a03601e4a2cc23d4,in,bc1q0s6rca52mjumq8fjuz4j6ka5h9jhq57esyd40r,7.018e-05,8.26,0.0,0.0
2025-07-16,70eb971758ba53d1ef4419382a16344541e2e461b6012d17763e7d61f382f38f,in,bc1q95dwz9ntdg86xjv05wh2aysv7wxq4442zlxfep,0.00032063,37.76,0.0,0.0
2025-07-16,7d5f3d72ba39b1aac20f2196904d42f99657b29b7ee5af6a4ab9c10f52ebea9b,in,bc1qwwn6d6zj39mkmc0wgll7u0xee5pfj3t5vftrpw,2.975e-05,3.5,0.0,0.0
2025-07-16,8b7ee5a0368c96be74c96f83fe0f18072acfb8f0b696cd22ec0330175e00b3e5,in,bc1qdqgxe8thzw8eemxja2svcmgyy3sgthe7tk0enw;bc1qlqmrc2hf07tv6hmtrl8z3nu5tknpkz4vc9jefz,0.0008183,96.36,0.0,0.0
2025-07-16,8faaca819916251ab6b3ac363bcaa71b3b6ca0dc458e8d4a202e9d6efecf6ca9,in,bc1qwwn6d6zj39mkmc0wgll7u0xee5pfj3t5vftrpw,1.68e-05,1.98,0.0,0.0
2025-07-16,95d85f7c350f22aee11f869de138e129e15b66424958d3d5b6a9659b5948b1b8,in,bc1p5jjxkz4c2jtgwtuy3wqcmahvahhzpvadl0czpjudlumzjjum3nlqspl7we,0.00081416,95.87,0.0,0.0
2025-07-16,9ce34beb640d043e7a3730d40ed2749182c7a78c842434b445f8e153bb370c15,in,3FLJiWmEGdXww6mdycwoaNiBYGp6cZ3KWj,0.00112323,132.27,0.0,0.0
2025-07-16,a23860495299c42e72f0ea7ca4fcc8b383536123b5f064976463ecb7cf3ba495,in,bc1qyq0th22mgt062udp34fwj97rxegvcdtm4e0m5p7jfv4jk0j534eqjd2ghz,0.00027308,32.16,0.0,0.0
2025-07-16,a5d4a879da9705e64a4c88fbe59df3a8988ed3000f5f6c3902f3be06a546605c,in,bc1q4q0wa09djg4rl45c8wtt9fa0hqzk2xdllymf96,0.00075678,89.12,0.0,0.0
2025-07-16,af9f72bfcfecb093114b10fd3c91cc7ded3e373beac25309aa8c56f95dc37cac,in,bc1q57jlvpvvq7jn297k9fdpj4hjwhqmk94tym2qgn,0.00026934,31.72,0.0,0.0
2025-07-16,c037e5fb75472e114860c202c7b054536910d2e36362f81dc22c3247dbf9fb27,in,bc1qcsvn4r7uu6dxrvenvkgs8qauhj9q7q3nl70y79,5.895e-05,6.94,0.0,0.0
2025-07-16,c0ee32edfd068f88c703c2a33fb74ae3b613754709550aeae5b5b02909874d98,in,bc1qqwve6h89ry59336ykg3ku6k5y34lkjsg0yecgd,0.00025443,29.96,0.0,0.0
2025-07-16,c266bd7dad9afb7beb11e49f3f3e0900a65d961d712125d26f623162bbede077,in,bc1q6s3gxuedfp2zw5jxfz9946446h7f0v0glhyvf6,0.00028458,33.51,0.0,0.0
2025-07-16,d26cb186ba1919043c3e42847070446e5182e1ed7f4e09205e0a387344b00739,in,bc1qf9cp4g34m689tayp69fv3h8x0fra0yqm4lrezw;bc1qqseczj026ga7yaefjd5fmdvv7htg6cslg6gf3f,0.0009511,112.0,0.0,0.0
2025-07-16,d53f4c5fc63a2d2f754ab9c9739235162e811407887d71c44e4861d60481d206,in,bc1qm34lsc65zpw79lxes69zkqmk6ee3ewf0j77s3h,0.0021678,255.28,0.0,0.0
2025-07-16,dc6ea600f3ded2a657ce03d7b1dbac42baf605f3232a9e7eb89dcb0036341913,in,bc1qm34lsc65zpw79lxes69zkqmk6ee3ewf0j77s3h,0.00081071,95.47,0.0,0.0
2025-07-16,e71a2e9cfc97454c6fd890e169e54ede4cb9583612683e1528821e0e795e5256,in,bc1qyg36efyyy40h02l2pen0lhfnx927g27gj22hlg,0.00010925,12.87,0.0,0.0
2025-07-16,ec47a251be9ba618656a9c0d45113259182805880f65b5d2c8b00fe58f494c1a,in,bc1qwwn6d6zj39mkmc0wgll7u0xee5pfj3t5vftrpw,4.107e-05,4.84,0.0,0.0
2025-07-16,f378730d3f5979488f81bf756fe34d05b37700b32179496ad1b44b59920e6977,out,bc1qdf0saz6jx979c3qkt359vlmzdpwacv3qmxml2q,0.03225024,3797.73,0.00026722,31.47
2025-07-16,f4239ef617db8ba5e62cf81aea08dddac7eae524b135fee88e6474dd85cd1756,in,bc1q9zdmstp8aeyansnh30pujufjt600furf5snxw5,0.00021001,24.73,0.0,0.0
2025-07-17,005f29de026ff8e4b05f87673201f8a1a7cd29236e308e9ccc29842515afeb65,in,bc1qtdkrcumlyn2lyxacpajemc6nk0v6hp349pqttx;bc1quzwc7kj3l49tgrawlxtprjguzvf9408r87w9tr,7.455e-05,8.84,0.0,0.0
2025-07-17,05143705c4fe7e1558e2b4bf348b1800fc3f69327575253a17274f3fc42eaa39,in,bc1plqa4sk0fmhcgp5vs4zpz5hwaddgk8j2qkrl5t47sav6yjd6xdqksu6e0a2;bc1qh968cwlhymype0pp9r0l4y8n408405pw0up29d7ppgnlk0l9qxasmw4yd6,0.00033911,40.23,0.0,0.0
2025-07-17,106d036369fada72636aff51746d871d060480dc62adc718ab0d4bf26d54d062,in,bc1q7y5uke0p43t9c2336xw7mea2qpvycr4h8mqcz6;bc1qyvmv05tw7marc3d2xhz3wwx5fwdngy88pveuhl,0.00017235,20.45,0.0,0.0
2025-07-17,18bd6f340df2d463799c033208d10f5fc7d3787340fbfe5fdc4946937d710096,in,bc1qyzmysv5cze4atsx8hv73v6uajghtrsudrll6th,0.00042257,50.13,0.0,0.0
2025-07-17,1b90dc23b949cb3b120d9af6c0d9d27bc6dbbc937bd61cca69ab068afaba883a,in,bc1qkr529405wehja8s3tw5pzeu8uq2x6yktlm57jq,0.00013203,15.66,0.0,0.0
2025-07-17,24b4435be62301c88005b931f2d703bc91192327652e62b174c904493f5d195c,in,bc1qqwve6h89ry59336ykg3ku6k5y34lkjsg0yecgd,0.00012376,14.68,0.0,0.0
2025-07-17,34012cf1214d0918365a66e2cb4eeeb6795227c85c194f1f848123c53f58dff3,in,bc1qftepa8000tq6mw5fu32tkuecrhdntzd0rsnkee,0.00011741,13.93,0.0,0.0
2025-07-17,370a5a64eea29922445e2b2f8b7dba5ba7bd8dcb6c0530401135978e7fc61c80,in,bc1qcqfe8e7psc43nnuzlxuynqk2fem4w8j5eppjux,0.00294411,349.26,0.0,0.0
2025-07-17,3af04fa1c7cff24e494cd68fcd2b1ef6315443dd889b48f1c2d26d7009c37474,in,bc1qn4vw6uwqfzkznqms3f80llkaehmuhquwneccaw,0.0003378,40.07,0.0,0.0
2025-07-17,3ddfc6bc3eddb31f203d544c16fbc786b1078ab410addb5e7b982ba9097a085e,in,bc1qzx9m0g9jtc2vc8l4z6zyufjceh0swusqfagfsh,0.00033696,39.97,0.0,0.0
2025-07-17,3e45a01ccfbaae82e637d850eaf929c070e834cd239859c75c99564a8a87d01e,in,bc1qt898zclq6ky7twnhney3c3ghn3gvkwwz069dh0,0.00016637,19.74,0.0,0.0
2025-07-17,4598ec77baef1df9d71bd7cad077abd93b8c72e5debc3a7e72528695fd10214a,in,bc1qwwn6d6zj39mkmc0wgll7u0xee5pfj3t5vftrpw,0.00013481,15.99,0.0,0.0
2025-07-17,4801261ff07868c28346a07632a12db3e721c9995871e6ed8eb682e491a278cd,in,bc1qe99zmxch3y7z60wt8nj4uwm575n3tuhrt7q5y8,0.00012647,15.0,0.0,0.0
2025-07-17,4b8d84f4c372b6e43fbcab7c94cc4d60c1761fa4f23fafd2ed636a02919169c1,in,bc1qx3e3r5zjkmevqs5h5e9s6p94jwltvxu47v29fp,0.00016714,19.83,0.0,0.0
2025-07-17,5351233e41de73ab7a831bd2d30376aa16181aadcc82a1556b7bf7dec5092eaf,in,bc1qed2w0cwwv3v2xxry0tweqkmtcclx6e6s2evgfe;bc1qh3vfx8cvqpzcw3t68twqjh8s8znu8wn77wtw5h,0.00019308,22.91,0.0,0.0
2025-07-17,56af48a7049e75c10a4d452d4c111108cefe7cc2ccfcb8811821a35e1bf6ac56,in,bc1q0z3edt7yckgxfnjyj4jsz0t248pqtjxtghs95u;bc1qc7523uka60aach8u3ag7dwfsvhth9gxpygzdz0,0.0002012,23.87,0.0,0.0
2025-07-17,67f681524832d0d69f65523f658151ae0e9e948b33ab8a04036c5ec1c2330f9a,in,bc1qxt76srjha4pmh26u3l846nk7g6hmmuyduu53hh,0.00011785,13.98,0.0,0.0
2025-07-17,6892e0677d746e23b045029ae460d5e19f6709a117c55ad533bda53ae586ea09,in,bc1q76vxcc2l3wv8attyllsks6ahmm9sl7zmd0qt0k,0.00017211,20.42,0.0,0.0
2025-07-17,6e7b939d2c533979df4e48a73d22ca31a70ae2eefe689d325d8f98d3ea03c123,in,bc1quvw582tmlmustqy4nv4pwr84ea9508hmraj0qqw8aa6y3yshmpasvk6rnk,0.0004516,53.57,0.0,0.0
2025-07-17,7919e5662d894bfabd81780c9424221c3b84f1eb6a058456d5741f29ff7570be,in,bc1qs5uhj7lehn8certkdv9k6fy6wjrgv8j6vx00mdfk0qyed3swk9yqamkfds,0.00031978,37.94,0.0,0.0
2025-07-17,79d472088dd46c80eff7ec127440b97a5084cdaa82bbbf9d25833487f227ad37,in,bc1q89tz5tl90yx6azexljy7lxrvx3fv86zmhrzsfd,0.00012633,14.99,0.0,0.0
2025-07-17,79d94c37e932067249b0ef5b7c590335c9751cb3657178cd5a399855993c8700,in,bc1qh37wlawy3w6c56f2a254hkvcmu9mp4a2g7xxct,8.792e-05,10.43,0.0,0.0
2025-07-17,7bd4e5ea6068ea29ec32eddb1c07ccca8d39ca23b28291df3a5cdf2e83c15997,in,bc1q06tm6gnw8neu26nrf0kc8nd7z7gcu2jmsmm78f,8.662e-05,10.28,0.0,0.0
2025-07-17,7dcbb6f4112e67b0c442054694068f79b980dc2b8da0b642bdcb117ea6842b83,out,bc1qplug2rn9jtrq0jxcdphegu4mjqlk43schtwp2l,0.01959603,2324.69,0.00016954,20.11
2025-07-17,83e89d8de5753a448637851c11d264bdb29eb98834b90fa4fde3c1e8ad8892d7,in,bc1qae6kzzx2nclyhd5mxr7kw44uadd47hl7lygcu4,0.00025449,30.19,0.0,0.0
2025-07-17,8bd2cf3f491556fe1010fb8261ce6b380631592dd2c530f45cfb4ccd3d5b9280,in,bc1q2p7qem2l4mmmzh80luwyn2ngdn9hpr98e2srvc;bc1qv7x5nt77nzqcnsj3jys4jmhkvaluc39p9jnvel,0.00034555,40.99,0.0,0.0
2025-07-17,911fe33f771d359b19bf48e9771f3e748c1c7031e7d8221e52964452b90c6b03,in,bc1qkqzgwnap6wr9v992p4vuzrfkuq7j8x3gu8kj28,0.00021182,25.13,0.0,0.0
2025-07-17,9434c3ca48ca6809db83c18f5b9828b2ab92c3bb95b07234907636b27af923a1,in,bc1qeh7k6ea43eejt3malruas5f3cyu2c6j0p2wm5t,0.00084203,99.89,0.0,0.0
2025-07-17,9ddef3edb5ce131014cd55f9654654dcf54ba267d59d7b2ae15b91c3c1125c9c,in,bc1q7xskmhp62dtqr093y4ps0xd82lx40sj6gr4zc4,0.00025198,29.89,0.0,0.0
2025-07-17,a32a3f3245b352f4135bff5cf39d26ffa4fb9a7cfb9adfeae4674dfd2e335954,in,bc1qrnuznqs4mlmpy0g064z34k0x820lm5v0lr7zle,0.00029527,35.03,0.0,0.0
2025-07-17,a795579357cc4bbfb94c0471e67183b77096002969246cf475d4fd90ffdf3425,in,bc1qmgdynddy34yypdwlhasvul59qdffjc9k2knjs2,0.00049138,58.29,0.0,0.0
2025-07-17,aa209a68710ae5c254831b9de745e371bce62f5c74fb64f1688f4e3a576e87ac,in,bc1q8et0srkdtrznknzud9jn0vc9dl3n2su9c8d9fy;bc1qpzluwcq2w50qhvv7s3ft7u8pz4yqvt0eucc6x2,0.00016222,19.24,0.0,0.0
2025-07-17,ae0431f065dcff1bb648b1482314cbf1aa9155ccc03936b3a2165da693ad1ebb,in,bc1qtmts0ezqw7e3u43ujvpkrtmrlnq3a8d4d5zu35;bc1qyctg5yg73qdd4fwcn4c0lle3xv4n83khpkfy6s,0.0002065,24.5,0.0,0.0
2025-07-17,b1701318e0b18b5101357b42ef2e6dfb602144e4117227c4f10fb4b3d47e4158,in,bc1q2ngysu97c0fyvdnydwlcdefu98j9w4agelfagn;bc1qthp64fvljcen9nl9q5256n3nr5knkqjwje6z9t,0.00011766,13.96,0.0,0.0
2025-07-17,b8aad44a57dbef1a0c91338598c2a23c9ac3c3bceef7e0ddb5f3ce911138dcf5,in,bc1qlk7y5uy60kmrenjtgccn82kdmuvvvjh3xhkqte,9.724e-05,11.54,0.0,0.0
2025-07-17,b9604d1a834049e61b51e2ade7926bf0d375571805accec293589fd94d87130a,in,bc1qryhgpmfv03qjhhp2dj8nw8g4ewg08jzmgy3cyx,0.00023425,27.79,0.0,0.0
2025-07-17,bb485ef5ead732b18140f1728d3e9085ecc501b9f4afaf344707d4bdb072d253,in,bc1q0lm8ynxtne57c42v4axqwxevacsajy29l9n8nt;bc1q5pcj8a76c0x552y6t0ndd3yry5s53w8e9crzf7;bc1qxdvg98x7w7jnxcnu88gwcq9cmwxdux5e2h06x3,0.0001272,15.09,0.0,0.0
2025-07-17,bbeec4f2b08a83f596d177f266b3867c0f4019e043a8d42cc1ad7cb45a5f993d,in,bc1qrm0h49thxed7xxf4lt4wlzhpx0e404w2zsk2z9,7.459e-05,8.85,0.0,0.0
2025-07-17,cb2704130646d365b7cf6a36a07ff5e3e1a79c50c5c772a549ecb8c98aad7a5b,in,bc1qvzs4t5a7mghj353gyf6qyyuege3rj70k28g2zk,7.952e-05,9.43,0.0,0.0
2025-07-17,ce54bd95ee8fc6bd9ab18fd6224b1669d53c59c7e95b0b0f9f01a253dec9dc63,in,bc1qd5hserk2y4m3knzzlwwyhj7dzg3lxmnznfwu8p;bc1ql7mxq3u778v36rsskkfd0ajwwvvxdrp4whtwtf,0.00069687,82.67,0.0,0.0
2025-07-17,cf5e3418c4fb94013c68f9089ea42c06102997bc2ba8e6d98b5065ddf40a2bc7,in,3Fxjcy4D4ippKxsEVzVzBJzPWk8qnL6L5w,0.00019454,23.08,0.0,0.0
2025-07-17,d039eb1f26b40317f85e85d46974e472f2da239a43f4f6e562f2510439d94b53,in,bc1quc56ef9ek7xvvngmdsr25fdy9w022m7a0nqw3s,0.0001264,14.99,0.0,0.0
2025-07-17,d269bfab182e6d5f06cdc1cb57341bf190a1cfd34c63e14ea13fe75453ab5561,in,bc1qpn2fyhne4uk703ajnceswgwgsdlknzstxxz5z3;bc1qs2u9qwrssrue9jjhssnrlu9t02ezefrj69e6dl,0.00054144,64.23,0.0,0.0
2025-07-17,d98039ef4acfcec21df4f299e571df7ae406cecebe6546c776199acb0c207cfc,in,bc1q9lkj5nwwxxa25zleme9f7pdvfh9fggsucxkkxx,0.00033425,39.65,0.0,0.0
2025-07-17,e20ed1c48d00b3ac70185607a9dcac44b278814d6db9084fea436e083e64a415,in,bc1qq6gs37zkz32wafx8nzp47sj0tj0ucfdkh0jtqg,0.00029371,34.84,0.0,0.0
2025-07-17,f0bf87e99c347a89194902825c335fa1376faa93da35c89fa12687ba4ed02184,in,bc1qghueuysfv59erg25c2vjps6e9ucy3kyu4w6qlx,0.00079237,94.0,0.0,0.0
2025-07-17,f2c049841ca49f73ce2ab8eb47f80d6cf5b94e9177481eda7f81f33a3e8cf7eb,in,bc1qd7c6zu7rwcuzkvz5zjr66hvwvfux7gc4aa9kf7,0.00038109,45.21,0.0,0.0
2025-07-17,f6d12687a949455a0c8db497da9df6a87b15c64b251b21f23dd139697cd56fdf,in,bc1q4mqh5n23zdqj5x2t4e7jsq48gxre2gyc7z3a4m;bc1qnw68zqhlfjzl2xdtm2fen7pe4mescaj6glq4sl,0.00037474,44.46,0.0,0.0
2025-07-17,f7ea1fbe62d7f9dcf20d252345b957d57fa4e5d3e63bc055bf29e7b40fe4ac51,in,bc1q2al02q489xt5m58p96ez5m8l049gjujp4t4smc;bc1qnjpq7trv72ley6ukthxs8jwaah7v5hgrw87lcs,0.00036833,43.7,0.0,0.0
2025-07-17,fb3223748118bd13c3a8a5dfbdc42d756a8d992ca6cb0a9165a9865a0c800b14,in,bc1qeak9re30893p3srr735pw06dkhn28lnjwkmc2ckf6kct5suaq5qs5775t9,0.00096009,113.9,0.0,0.0
2025-07-18,093e032e00b4c9f3c0e7e0571f8440e70bd28326a288ace1a527a25da37b4adc,in,bc1qa56ypjqqzn8dlqy4meap2m6hdkh3n4rd45zyvt;bc1qpe6e9g64ggdnrgjc9vpq3ad64hrcqx862m2cd3,0.00017374,20.71,0.0,0.0
2025-07-18,0eedc22b2e06329dcaf6a841a00df1dc4bb8fea41ea37cdd7bb4573af7ea4400,in,bc1qduvmt2vzfkjacc53gqfdk269n6wgkx4sur476l;bc1qs0thvvhj6jmuxc0jakd7f437klhzmvckflq5kc,0.0001329,15.84,0.0,0.0
2025-07-18,10a62d25fe97f405176fbcdb3c47209d98cecad04bda543a5fdc70b53c566be0,in,bc1q5lj88glvy805eydupxh4gght54z3h2l3pte3f5;bc1qfyy30uf6xtm79dcaswm29g8zythlvrf7tf257s,0.00050907,60.67,0.0,0.0
2025-07-18,14f194921d98870596a7963858527dcdce6c60a9884e9e5867af5736dbd38795,in,bc1qvvyf5f6arzfk3663cgpfq92a5kcc7z78v7yvv0,0.0001298,15.47,0.0,0.0
2025-07-18,15e8087382439152271a4397132eaed6a103b77399cfceff3f3628af3ee070ed,in,1CXJzbxfzyMJ1SxYbMzWzif8j4qnnEfxyc,0.00029465,35.12,0.0,0.0
2025-07-18,16a8523d622f42f296a79a150c6c5af24424b98b9e0a0a8a74f6edad40bd628f,in,bc1qm34lsc65zpw79lxes69zkqmk6ee3ewf0j77s3h,0.00259737,309.55,0.0,0.0
2025-07-18,27f7cf6a78717cfb96ffb16273cc45924754585859b97b331d2d4855a9542f42,in,bc1q95sepc062rk37ecrd36wjrjl0z7urfnq2z2tay;bc1qwkl25ntejezep390yqn3wq8ctrqvp629lxep2d,0.00171901,204.87,0.0,0.0
2025-07-18,2d1dd63a62e5ac2d11ac2d38fbe8cec8be70f71cc4970cb6c6efeb7ed03686c4,in,bc1q60a5wrpyxj36z96yxvq93h6kcz5uel2scdcnlu;bc1qwth2ym5nxn4y9ffuxw8w2y4unk5s89ayvfmj5r,0.00038139,45.45,0.0,0.0
2025-07-18,3f5c7c36d99014c2d946d27691ca2c21577e5cb86bf3f506aa37c178ddb7fed1,in,bc1qfcqq3avtarvd2vxyjckln9m7gpl0mel0ktauwq,0.00011028,13.14,0.0,0.0
2025-07-18,4748b07d8329ec8be15328a9844d9d1d7a4473ee0023ea2e46fc5448bfa1ce39,in,1PGtpwhh5TrDPa5Pq2LA2RnywE2oHiTsoE,0.00028922,34.47,0.0,0.0
2025-07-18,50ce0186b24d2f50c3d445f3a08726c35350c40fe45350fde6edb38e419b70a3,in,bc1qm34lsc65zpw79lxes69zkqmk6ee3ewf0j77s3h,0.00024561,29.27,0.0,0.0
2025-07-18,55fe2c241feb5b5a301667783fa56247d3e82dae65c3be1bf042acd9440735f0,in,bc1q4kngyknwkwejzcj498x50npm8hekdtf0nyejev,0.0004622,55.08,0.0,0.0
2025-07-18,580f0d1a016bddb1dff55ee2236765e2be315ca0b937ccb7a593795df5e70104,in,bc1qzzjtkpxzn7p4jws7p56sm3uu0tlwrancpuenay,0.00025403,30.27,0.0,0.0
2025-07-18,5b1394e4d6bb0159ab6f04183a4af8480d8c6b92e45c5a95a584bb1047456506,in,bc1qqkydkkddwxphxtm6l9r3gl5wlt9820kjr03yaj,5.004e-05,5.96,0.0,0.0
2025-07-18,5fa4de8f3d5bee61914530976dae508c143252a2152268792efeef1d5d96fccd,in,bc1qmp7u6596ssgd8cr5sx5u45qfss7gkqw5secxjrrruc4dv4yqcpvq8s2kzw,0.00021257,25.33,0.0,0.0
2025-07-18,62f06d9fa587bf45a06780487a9f9fafe987cf503893a8ac3deeb32f3cb7b19a,in,bc1q3qzyyd77kgr6f9g0e7d42cjfnkfcqdq7qdwayt,9.986e-05,11.9,0.0,0.0
2025-07-18,72a5b7462a2621829aea3f0a8ef5141b1aefa7060554a0868c507e764250778a,in,bc1q486wetz2ywnsewpfluz5mknrs59d3jskpwynqytks90s5cf6vlks5awqle,0.00026516,31.6,0.0,0.0
2025-07-18,86bd222fe0f8c64a44abf50b5b133ab6a9b5e7e4733cda4b3702063a0e92fa53,in,bc1q78q9wsw8czye36dndgwm9tv9ckf8x9mj55ye25,7.962e-05,9.49,0.0,0.0
2025-07-18,8772e9f0845b00224a9d375ed5d30132731b0909cb44906745d8dcc76d13eb88,in,bc1qqply8fyrcrd2534qn2h8gfk9cntr2zpuuhdfxq,0.00012563,14.97,0.0,0.0
2025-07-18,89286c149b0821e2800be4fab17cb01ae8aaf468fd97d709132f464e99b33f64,in,bc1qhffy0flc2nu5uz6urs45n6zkz4stk99ku9wgxd,0.00049854,59.41,0.0,0.0
2025-07-18,8f2160ac4d3527d862debff24b245753780a609cb16f599838fd67fbba9c7a9c,in,bc1qej0wjndte9y5azpe4zl9rqqqku4xjm9lmnmfxd,6.147e-05,7.33,0.0,0.0
2025-07-18,908b79537472f6e98b86188d8daf54affe8d43e3589688f764de6ca50f23c261,in,bc1qd7c6zu7rwcuzkvz5zjr66hvwvfux7gc4aa9kf7,0.00042619,50.79,0.0,0.0
2025-07-18,9152d18cae6fbdf3ec7ac3c37e9e12a29f6b6ab40fedce2d7e3f9511b1212efb,in,bc1q5ghkqueqnhxdurz44tv0alyhnnakmux8wtugl5,5.296e-05,6.31,0.0,0.0
2025-07-18,91e584f9f7d249c5dc0a5cd39a11ed62aee037a5a834ad7e956071229cb75b4f,in,bc1q9st8q42zm506fg84hphtvnh5nvxh7wp64qjlhz,0.00040897,48.74,0.0,0.0
2025-07-18,9843b1f3c26b610262a8ecd028c61b63efafed57029eddc4137c9f5829c7fa05,in,bc1qlhzf2ulvgandcxksnsrm73wxcncq44fj2fzxz3,0.00037143,44.27,0.0,0.0
2025-07-18,987151253f68634da70d0d61e0f7d22a152992b132f7b98fb7835729b1dcba1c,in,bc1pj3whc35kcc43n87hstvy3q8uzp4zw9hn8uwpcw2pklsc35rlyq4q553tqy;bc1qkatpv3edt3a6sx5ja09k0gest8h556k5q0m4p7pvh06qksyzewysjhs2km,0.00047504,56.61,0.0,0.0
2025-07-18,9aaab42ef954979108308bd29f2fc25db0eebb94ea88d34a340d5189d14acbf4,in,bc1q2dnw2w3ajxcuy648newa3e06ypaju3wwn4t5gy,0.00037492,44.68,0.0,0.0
2025-07-18,9dfa7e49a49e15b73d4eb642f08638b83022479f5f9dd674191121b147742fa2,in,bc1qgyug84lh2a2u2g2q92ls42a0eqk79xzz3pwwtu,5.054e-05,6.02,0.0,0.0
2025-07-18,a391b3ecf6ec4f163a381a82ed282e2499e427a66899f71e99a6ed3545daa13f,in,bc1qns9f7yfx3ry9lj6yz7c9er0vwa0ye2eklpzqfw,0.00040712,48.52,0.0,0.0
2025-07-18,a50591c7bd6177a96cf63d11522c6b4213b3c9404eef49de674023029c3f46d0,in,bc1qwnymqkq6mwcy42jwfh7cyqk2rkmulftvxsrwet3kvsvtpzgtfk4qkpezhw,0.00189265,225.56,0.0,0.0
2025-07-18,a57a7f9e3659f72e31fd7ac44bdac3482573e5132d8faf0d8811b17e861fdb4c,in,bc1qew8vd4fw72m92ajqgg0p02yt6qlxl20g57ql2l,0.00022882,27.27,0.0,0.0
2025-07-18,a5f0fe32aa32d17d3b41769eb7c42b9804937ca6f533c361bd305e0ba617137d,in,bc1qp99sg8w59pkj2vapm7vmrtv2fsqhjrjl9kjs4m,0.00075,89.38,0.0,0.0
2025-07-18,a76044cdc9c081b994d549c9381ac04105f308f6d8ea3ca07d2e35dd8ed786e0,in,bc1qm34lsc65zpw79lxes69zkqmk6ee3ewf0j77s3h,0.0007892,94.05,0.0,0.0
2025-07-18,a8d38f2719622be68d47a73ae7bbfa34ca52e3d7311598976645f79a338d9598,in,bc1q67uuurcu3ds4l3u66mmdlmcdn8c7m3862w4xyd,6.156e-05,7.34,0.0,0.0
2025-07-18,a8d71676741e56c2cc1e0ad1ac357aa46433c74c594a1d3f2c1c730b1f79677c,in,bc1q4vxcxw7mpg9dcryqu0kav8awrn7qk5e6wgs3hg,0.00015169,18.08,0.0,0.0
2025-07-18,afe938fd8a22137c6a6e2150216b57e0dc3822fac3cb9be3b4c2217def16184a,in,bc1q7k6wf55nrweuy30ndkx9a9n8wxkhyvnk2qw6ur;bc1qp6yyc6lste8l8x82eh0zfga5kmsjxz3gwvhpqt,0.00030286,36.09,0.0,0.0
2025-07-18,b23f8a8d28d751955f2a7c62574d156eccfb8fcd851e00b5e6b8f8d0a05aebaf,in,bc1qv7d2z0q2quvzgsrsxruv6835lns343est8zmxn;bc1qzre2vz4p62wlc5h3lr08jtdgglsf0q78sgkn9c,0.00017842,21.26,0.0,0.0
2025-07-18,b7989e5e52e0561ed656596bbb330c46b70abc9834f6d6b02ffeeb96981982ee,in,bc1qce406qufllrnr7mrs2yt0czw3ftenaxynvdg67,0.00016692,19.89,0.0,0.0
2025-07-18,b922ab5683dd1c398ef8ed0edb08ec4c4fc9decbfa94fb262cd8a72958e90518,in,bc1q7n7gfz2afje9tvwu8uye3362qzjzv9umf4tnhu;bc1qq6vyv77nqgz49qvqdfwz6yhnqsxkvc5x7rjzg4,0.00035933,42.82,0.0,0.0
2025-07-18,bf9322bcf1179ed6292e6f1661cf0be88d566a40d325a91736f9f12507438f76,in,bc1qqcwyyg2g4l9spxz7u6xlv3p3hg37wp0rr0e3ps;bc1qqmg25k5rlwvvstp0t6jq6reyqp9zyvcr9jffv8,9.72e-05,11.58,0.0,0.0
2025-07-18,cf013300e1f0d8ec0518443fc52e956dc2319037885590d8ec05deb95c5c9cdf,in,bc1qe99zmxch3y7z60wt8nj4uwm575n3tuhrt7q5y8,0.00016115,19.21,0.0,0.0
2025-07-18,d5355983d17cfc5f297af5978d06356918c41fb432b4b62280bc23f997575d14,in,bc1qf8zltlflftvgep3p28d3n7l8m6z3vennskegy2,0.00036721,43.76,0.0,0.0
2025-07-18,d65458c3bb7720005e3ba52a8345722446980a4e180cb16ef5cc1044944c3e4d,in,15SVJbGY6RriWFVHy4mqMg5AWpN4si8R4a;1B3msz3jYFEsfZxnvaZazZ8YQZ4FGcdijw;1PF1BLwA5GR5hL2EWUmnwevHxnnCooQAuS;bc1qe2jgdzys4zlwhcg7qu50s32gh50d6cqt97rvnl;bc1quq29mutxkgxmjfdr7ayj3zd9ad0ld5mrhh89l2,0.00037819,45.07,0.0,0.0
2025-07-18,df5b5d456e8fab094a7e5a5121114489f60169d0ce9316a659c47e7fdd770bc7,in,bc1q5s7d5er20a4ywrauxmyqaxq4vylczgyzl0g5hu;bc1qt7ys2vmw4qycsg6s6yp6wp97lyh3r7gl0nx8cd,0.0001299,15.48,0.0,0.0
2025-07-18,e4335119026da1119345f7581719bc3879b7a39a33d9b41f6e7feba093873353,in,bc1qh7e3mhwv4egqqjwy9k3z3xfe7va2lqydw4ax4c;bc1qxyr00vswd8v302tm9ey5wetqejuw7lg9zc2l2g,0.00017185,20.48,0.0,0.0
2025-07-18,e760bf26a67feebb50601397f9239eda590d936f224aa7b1f0b279d4d656d300,in,bc1qss6vh0rhtcrx7m0ex4m0guyr5njud9sfxzxnga,0.00050692,60.41,0.0,0.0
2025-07-18,e9ab39e90f75e5ea75e61dc6869316173c47d293d7f261f8072b7108ab44b2aa,in,bc1q9prwrmlf2t37rvyy39ept29jvj7kay34pca5pg,0.000114,13.59,0.0,0.0
2025-07-18,f3d4dcecc3dfd9e5c4213e6da69bef6fc7f3c66743c1d50d2dadb1df0b9115b6,in,bc1qm34lsc65zpw79lxes69zkqmk6ee3ewf0j77s3h,0.00122796,146.35,0.0,0.0
2025-07-19,06ebd1a5d43777fa40c6f741145c2a1b17a8ec126a22de0f3f7866d401b2e06b,in,bc1q225j9qx0pzlaxf02je2fw6q3x0npapymk66z70;bc1qm09rwuagtrcl2ckgwtgsvuygd0nwp59ge940p9,0.00017175,20.25,0.0,0.0
2025-07-19,1498589ca5c3d2955315fc2bf2c81471c73c6fbd28cf2716ab5e40e80e2dde35,out,bc1qnpm6tsgdgxmslhvlr6exzr5h5c7y6r26v8a260,0.02141568,2525.44,0.00016066,18.95
2025-07-19,2840afac84f4e1d92ed837fec5810a953ed67549393987c32ae26c1bd3f292fd,in,bc1pfadjnv40p5zy2rh86pkst4h8ytctcc5cpph4k2pxu05pl3gaafqqpep5mv,6.955e-05,8.2,0.0,0.0
2025-07-19,2aa58d6333750c059419e6bb8beda555953e6b58e913627b04f513bc859b20e8,in,bc1qjhz2ct04ndqc89qhya0swf0v8w0cq03jtcp8mh,0.00016427,19.37,0.0,0.0
2025-07-19,2f5e1f6ed53d00c792038da0892e16ca1fe6d905d3ab02a354800503fdf2cde4,in,bc1qm34lsc65zpw79lxes69zkqmk6ee3ewf0j77s3h,0.00013983,16.49,0.0,0.0
2025-07-19,3717671ed71ce51e7a8478effbda49b1acdab2f364c30f0176793c68d73686e0,in,bc1qst0upd0wthwfdtc5uucjuqd26xvced5dy2qkew,0.00025619,30.21,0.0,0.0
2025-07-19,3768c2e2cd8a50037eb5e2cccfe41669f7f83a90b02eb4ad6c7208f9ed93fac4,in,bc1q4y3sd2pz3eelaewfgylwyjc4wwhwvfnugpfna2,0.00017097,20.16,0.0,0.0
2025-07-19,3d5a1140b9a6f2a876e1cea0330400fe13ae1c80124b265459005e9edd15afe2,in,bc1q0wu0tqp2u3rtunjl0h0rsl9pvf86acy6sep63st0lp7lgg67ykzqeq89pn,0.00020339,23.98,0.0,0.0
2025-07-19,42f17abc4448e4a85c2140675291ac5a2f42bb7cc5589bd4893df2461f3704e4,in,bc1qjeaq4qzare8m5tmqazevwt7jac2um6lsld2zdn,0.00043413,51.19,0.0,0.0
2025-07-19,43fb5b5a1df3e421763025ed9fd6f7ef86d08fa945fd0efe3f9435f919c47af9,in,bc1qr68kgs0qwy2p38t6wasdvqp0gt0ny6cwgtuccx,6.799e-05,8.02,0.0,0.0
2025-07-19,4d5c65005c0cc2729858216e14d83ef14d728a4698875055b3a1fe53d3f3ba60,in,bc1qrc8zun3qqxmkyjdtyajvwqedxtvkm9wrkyut8r,7.622e-05,8.99,0.0,0.0
2025-07-19,508eb80eb7cd5be11dad9df2dedefdbd9b211824916e8eae5154a7aa387c09ae,in,bc1qpk0237cw0jq4tjtg2j7zrz2qvdduhdjdqphyuk;bc1qqfmsqvz8lxy8h46l6t9wz4rpvfxml8ge525gth,0.00021223,25.03,0.0,0.0
2025-07-19,570434a5cc5fe67b14b6b8a759a1337a3b530f39fe7e7e11ad2b7c8f4737001a,in,bc1qmgdynddy34yypdwlhasvul59qdffjc9k2knjs2,0.00019645,23.17,0.0,0.0
2025-07-19,61c573c5cb5780fe9803024d00b0df4ff8e1da21d1c1936cfcea7febcf73d438,in,bc1q57np6e64x706ka4n9f6f036574n8fww0fffc7t,0.00020304,23.94,0.0,0.0
2025-07-19,6b9dba24ca6430f8fb505f0d73a9ba4a540c7352c55cbcaa5896cb2a81719d6e,in,bc1q0wu0tqp2u3rtunjl0h0rsl9pvf86acy6sep63st0lp7lgg67ykzqeq89pn,0.00022095,26.06,0.0,0.0
2025-07-19,81075cfa3a3d6fd5e2c0ddce83d6046f37e759fbdcd34e624a5dfdc14003015d,in,bc1q6vk3zkf4ra7jwy7gvy4seetax754cn9q85amn8,0.00029629,34.94,0.0,0.0
2025-07-19,84210a3457d1d4b156565d2ab17acdc76de932c504c32fa5afefd65383264288,in,bc1qf9qx56x3hfnfx0xdjr4l3mma7gtzlurevjxlcd;bc1qlmj9au9rnvl0042zuyszx47u5ha9xyl4ff38ap,7.622e-05,8.99,0.0,0.0
2025-07-19,842c4ba9c4524c1a01395e96a53efc053c34574af8d399aeb9c37ea311b3eaac,in,bc1qzwuc0t8fc6ftm0gws6qxt4060a0wxsdvln4y8h,0.00020339,23.98,0.0,0.0
2025-07-19,98bd02d30522071d6204a9c4f249c49641fcb4ed5862a1c06154109d188dce47,in,bc1qamgjuxaywqls56h7rg7afga3m6rgqwfkew688k,0.00027633,32.59,0.0,0.0
2025-07-19,9bccf4ca62ab558cc94f58c12bb50ea2bceac22648567a050b7d62779b0421f7,in,bc1qd9y2pj0v59mpgnd4q9v5qgdgn3dkcxv7hc0jd4;bc1qe9mp5fdd7m5kd3prk3rhlhk276k2pysk9kun03,0.00095897,113.09,0.0,0.0
2025-07-19,a80ad4ab8deba539da41db051aebd7d2a53f0c9cc1f775a6cd0bb867516d0e5d,in,bc1qc7mhs6u6txth00zxnfhfyregdk0lj4j7p2h4s3;bc1qjgepzd6x78x0yum2enuqtp9r7au8cy7tq62mme,0.00017338,20.45,0.0,0.0
2025-07-19,d664a1b741a02af7142cde556c7e935670dfc55ced57c5a236d69d6ecb98a351,in,bc1qfgkw663zdppv6yyma2jhh2nda5529r6sr8d40a;bc1qu4kcz7ucvh40wnyr92x3s6z9ukhn3x2enpjxlh,0.00013274,15.65,0.0,0.0
2025-07-19,e31246a7b894d26b7ac454ddc55350eef0420b5ad074e6d2294c85ae86973d08,in,bc1qquvscdvp6e728f93wy37hn93s8gu6p9kvk7c3p,5.492e-05,6.48,0.0,0.0
2025-07-19,e4ad8896ca4d7e81de63228802f4a2f1ebbdfd0094e5c4c1c51871fc1640fad3,in,bc1qns9f7yfx3ry9lj6yz7c9er0vwa0ye2eklpzqfw,0.00024604,29.01,0.0,0.0
2025-07-19,eb13d6178498772ddef451fe5b1d4aa27c76a1b2c37f4ee8f58ad76ef8fb8bb6,in,bc1qyzlejy3akzemfl8mna2pzgds9wvay49vn7keah,0.00080894,95.39,0.0,0.0
2025-07-19,f2271fc2591c6caf01ee28caa5445c412e5cf3d58ee4faee1f5d84b629217703,in,bc1qw7uyrxxjlfh9wvc6x6qvylyfxlq39nr85yjwxg,0.00055353,65.27,0.0,0.0
2025-07-19,f2a4f19c9ed4510ff07002e054d235cf127982140d6a2862ad40e9927b1243c9,in,bc1qr7sz5qnyx4wdsjekw0d6gkvzsq7kmre9j36jk4;bc1qz96jmhmhqxgp2ap3239tk6fwmet6d7chpgk2e5,0.00021249,25.06,0.0,0.0
2025-07-19,f8584086c562c173299c2cd3d880a56f991cc6d948d40d4463fcbaf12620fd46,in,bc1qn69a5wfuf0l5eunx7k3z9h6trduqcf0wv4ggxd,0.00021206,25.01,0.0,0.0
2025-07-19,fff240cf71d3f745ff483a32d2184e66213287a32156f9b3537ab896e1c82c65,in,bc1qrrcz9w5q7scy3ev2lly5r7f72nj4shat9h3nzh,5.29e-05,6.24,0.0,0.0
2025-07-20,000e7dfd1aaf3ed8d9bf0084f17691f8658f13835a63a4305e23ec80ab6ee728,in,bc1qd7c6zu7rwcuzkvz5zjr66hvwvfux7gc4aa9kf7,0.00032942,38.82,0.0,0.0
2025-07-20,0b1de82feee4f9fc72bccc7bce36c1657be879731922f173d8ff83e0a6c86962,in,bc1q0s6rca52mjumq8fjuz4j6ka5h9jhq57esyd40r,0.00124604,146.83,0.0,0.0
2025-07-20,199e1959ff48626016e7379c1769b8d7fc8e8d97765e276c741fc0c8fcaabf0b,in,bc1quyclvdjymas6wexcmtpdvgxk3ws86sjmh2ckd5,5.8e-05,6.83,0.0,0.0
2025-07-20,2fd4e0f07afaed61bcdb97860d31c47af2198ba9474d063e6c45eb6d5e036ccd,in,bc1qurjplsqtxvc8x6ma2wsm8tv8xvdqae0u9kpgdv,6.71e-05,7.91,0.0,0.0
2025-07-20,3434ca04c49160f0345e7535a6372044b9cab4c6f552e39050bbfdba9a7f586a,in,bc1q2mx655z43jnysnwszrpsnqud5cf6l40yhhkta4,0.00021405,25.22,0.0,0.0
2025-07-20,3450d25053ddb84457adcd4ec14dc5e7d0c293c178f14c77f1677c5abf4e6411,in,bc1qj7hwqtys59v39cuely6jfu6n2g3sfagveerw9f,0.00017454,20.57,0.0,0.0
2025-07-20,36016fdfce82121ad7323add094a92f0d20847a0f2aa2f31ec5bd715ae29d037,in,bc1qjvej5x2422zwh358xvhr094e6fyhcxugxkqx9g,0.00044392,52.31,0.0,0.0
2025-07-20,4263481650d348ae533a27daaafcf3747118a472a81ecc81d54f3f66c4a9d6dc,in,bc1qrm62eg9sp7dfhk7exge4ukp7qkmndmdezlszdu;bc1qutwvzjzsrc90hh3upnq6fh56keuuakpgwxmpxh,6.176e-05,7.28,0.0,0.0
2025-07-20,4267181829a73d61b4d134020f0650111e984ee3e82e8a19312089261f941032,in,bc1pen9kcuyeutttk5l6qlh43kk6qa37y0dql958yf4f3c339qgdu6jqyh96cg,0.00023712,27.94,0.0,0.0
2025-07-20,483056642fa313c63c14a9686139822144ceb13ddbfe3c23256acacf87676401,in,bc1q4gex7llufxe402lmflsxuwuaeums5v3yxu9zx3,6.787e-05,8.0,0.0,0.0
2025-07-20,49666ba98c3d00cc61daedf04beb18135d1034ea2c3df410d3dfe7903c599296,in,bc1qdvumhg6ak3y8t3s9yuk4zw2q2xvj2fqsath6fk,0.00033932,39.99,0.0,0.0
2025-07-20,4d2ee61c3846e43267fb869f2270493862f9ac4e80ccf0a1b379671a3c7ac45b,in,bc1quym3kdqyyaqau93ds67srlrql80vdv77dq68pu,0.00033709,39.72,0.0,0.0
2025-07-20,4e1f0c3e164f4f39fefb1950619fc0a0693892f6dad207c4410d0498628201b4,in,bc1qdvumhg6ak3y8t3s9yuk4zw2q2xvj2fqsath6fk,0.00042588,50.19,0.0,0.0
2025-07-20,569c9ff426f72aecc57dfd32438a0360198207734a47ec11a3c63d87e2bbb52b,in,bc1qwwn6d6zj39mkmc0wgll7u0xee5pfj3t5vftrpw,2.47e-05,2.91,0.0,0.0
2025-07-20,576b79689bcb042fffb94ab39c7a34d6a1c11e14d5d694705ae9978bba0ce696,in,bc1qm34lsc65zpw79lxes69zkqmk6ee3ewf0j77s3h,0.00081371,95.89,0.0,0.0
2025-07-20,5ca218f8f44d883340e6bd61b13174abae6d186a4a9f50713d45d5f80ce84c3e,in,bc1q5h25xt6r5ajvu2wycz49t6q6ktfjag0sjf0hd5,0.00016074,18.94,0.0,0.0
2025-07-20,67651fe5468136b4740ec144c0526c48f2cded634cff703deeb1baf3ecc7aa92,in,bc1q7mlq8evet8fzqlu6jlzzurynnu2a64hq6lh2cy;bc1qvfdaeyusdvnrn99rq0fk3yrzle75tlzfpfmqsh,9.855e-05,11.61,0.0,0.0
2025-07-20,686266ffd2f0738ef6112c88cbc19ebed52f6bb447c01a74304d36b69d8a6d40,in,bc1qqqk5s0vhphqna3scm0xnx38a3hsdl8rn95xgyv,8.637e-05,10.18,0.0,0.0
2025-07-20,69d6da4e3e48a9eccdfb92597a4cc8f7e4104e2beb8e088d83b85e32feebceb7,in,bc1qjhz2ct04ndqc89qhya0swf0v8w0cq03jtcp8mh,6.525e-05,7.69,0.0,0.0
2025-07-20,6dc7fb6df64e742bdddfc705440960f1e3652ac3169ea50d5ccb6b4fd3420dbf,in,bc1qe99zmxch3y7z60wt8nj4uwm575n3tuhrt7q5y8,0.00021114,24.88,0.0,0.0
2025-07-20,7049d6fced82bf66d1a9cc3f3c37c5cd2132ea84930833d2299851dde2fe074e,in,bc1qeg4pkk60zvth0ru5kdmtm63gvw263535hdup8w;bc1qgs5qarlyfsnu5dkghhh97h347xqg3auft6vusy,0.00025439,29.98,0.0,0.0
2025-07-20,740894039c5b812163ea8a5cf952d6e75a3610f3fcefd963f1ccda70666c7f99,in,bc1q5n8qxyueasxyfk959prfg47deuhne8cjpnjjap,0.0006958,81.99,0.0,0.0
2025-07-20,786ee23c40851bdca63ca87d4bfccdf38795a85a81f980af03bfac545b140487,in,bc1qvummklt43n6fmzz2gkznngvskc43k622zpnqmt,0.00016925,19.94,0.0,0.0
2025-07-20,7997119dcac4493c89a2544e6c5af7c29836c955a6efa22de6954dd592a29d6e,in,bc1qrnpjtje794k48jg9k9kyp3kwylzy4zf8hsza49,9.969e-05,11.75,0.0,0.0
2025-07-20,7a885c0400c539e42cd2721b77d5d779c78cd2543bc64f17b3bfb0d0ed9a6e55,in,bc1qlk72jphzwyzfrn026yh2xg23sqqz0pfu42wecj,0.00020347,23.98,0.0,0.0
2025-07-20,8adb831e42fc53087aa5ca0be1d2d83efc5d9e604918148a0e1e07631f53279b,in,bc1q53u6z2ra2apcuyvsvklu763uw0x2w6qdwhyt4c,0.0008392,98.89,0.0,0.0
2025-07-20,935ca9c1fe10d29e42a813ed97da8712063b1944bba10c9961ba9ce50533056e,in,bc1qm34lsc65zpw79lxes69zkqmk6ee3ewf0j77s3h,0.00075753,89.27,0.0,0.0
2025-07-20,972af3e1ac826990c709e48baebf25c6c4dd578ee60ddc78b3c2134a16806f97,in,bc1q9zz9pjx8756c3047635fmmv2jxqkgm20y9zjee,0.00010604,12.5,0.0,0.0
2025-07-20,9ca529ee14b7f624dd12c16f95ba49232d4bc69f72eb10a91dedda7960481b16,in,bc1qt3e5egwqe368l8ptv0gm0hana40exvc3vjs3wx,0.00013704,16.15,0.0,0.0
2025-07-20,a29ae6d59d25764503e4a8f7a036e1a7e4228503dec29483c07e34ba5913d863,in,bc1pchffxg4a3yjngzp8kgez77edss36ultdr36uh60yj35c335nnexqc964e4,3e-05,3.54,0.0,0.0
2025-07-20,a9d77788ed2cca3c1bf54729034fb571775615438329da752b35dd6a25045154,in,3Nq9Q41wopdwSQNhAyfPG6ZiBASpHsKaVR,0.000341,40.18,0.0,0.0
2025-07-20,b353d2e79074474944a1a7fffdd1f0becb7aefd95835730ad99b6eedc0c0d322,in,bc1qhnjvys2kcmdhz3kn226zghnvnk4cgy9yykvlycgf8ft4hwqcqslqdfrgjv,0.0020247,238.59,0.0,0.0
2025-07-20,bde70daf6620f87e2f38ae22f9cad292c94ef40d9038706065638d54cb4f7347,in,bc1qm34lsc65zpw79lxes69zkqmk6ee3ewf0j77s3h,0.00014408,16.98,0.0,0.0
2025-07-20,cb7f2365278ab4c6029b83c75ef5674836523c26747ce01b0e72161685f7b5ef,in,bc1q6td8salxc9krrdap633cckcl4gwel5jp2pkgy4;bc1qy5r223ftcy53kayu3z73c73an9t8cckv9wthuy,0.00021052,24.81,0.0,0.0
2025-07-20,d97a3615fa8ed5aa11ab1ff45d49cabe31e58e488deebe969ef8cc5ea88d131b,in,bc1pwqmwwclhgtzl34ztzxsa89weuezssl8kxmfsy4qjkqe5l7uwww6qru669r;bc1pxceqr6d8eejeqpkckcv3xgwt7hu4cud37u3chwq4z96au2japvws9gp9j2,0.00026952,31.76,0.0,0.0
2025-07-20,d9d34c1325ff642a6b0c4127a5de4d8aa12530b789ccc684fb12e17ab7e7c658,in,bc1qwwn6d6zj39mkmc0wgll7u0xee5pfj3t5vftrpw,0.00017316,20.41,0.0,0.0
2025-07-20,e3659f12f477f9309bdb03f6c7b67dfefbb1415c3a8c2b1c6baf0e668b467c96,in,bc1qj78p6u69ptvgk4sfruuwftlckn7palwrzre3lx;bc1qjr9zxugug370rl6hvtlu24taasngu8hxqmez5z,0.00079304,93.45,0.0,0.0
2025-07-20,ffdf6ca6eab46e4fc758e23043ea577479de42ade61636cc72aa2924060566c4,in,36gpqrLW2BrfmsJQV5g6ivMekivr2Q4gJv,0.00010261,12.09,0.0,0.0
2025-07-21,125217ac3b0615235c6466a269ff61ff40e96f29d9235b3705c41bf2ea6fc499,in,bc1qfjnswecpy9qch9zzxdx46yhrzag92x5uy6p8xh,0.00021598,25.33,0.0,0.0
2025-07-21,21d23a9b7c516f2a01364a3ef67d2b75e3ee82028e972caf624004803723c480,in,bc1qt4gd5k7cggvu4fc254hp3gnkfwnfd9etk9fppv;bc1qwp9qz4p5h3d3kdxtyelpdsymr9qgw6fsrvh25x,0.00018706,21.94,0.0,0.0
2025-07-21,263887a1349759e1e43309948918a927a503b19440239a2ac5eee1c9d8ce77d4,in,bc1qkcnt6dkkvz96e3z3px7mv06w8en9fzy7a5dtsc0008nysgswq9hqfwm4d2,0.0013754,161.29,0.0,0.0
2025-07-21,2729d33510d90fad8c2ef901dee40934c718bd960773d9ebeeabe73208c93cc2,in,bc1q2hq0kplqmzku5sa3gpy9a74k2juuryl57qwkxg,8.952e-05,10.5,0.0,0.0
2025-07-21,3115f035019c622ec39a897cda58d1cc7d40143a89ecba657c574e7e0d605c7d,in,bc1q8wrh2qgwagwmkm2pu9wjnj2zqnap22lcavjl9z;bc1ql8e65l2mdj3nwy4ejztzgveawarpzu9x73kffd,0.00013152,15.42,0.0,0.0
2025-07-21,36f7b2cf153bf140084609d59d8067967680a4046bf6251dafce8a4ae241dc19,in,bc1qjhs70gu9ew30qhdykpz0y526f6cf65xasz2tmc,0.00017833,20.91,0.0,0.0
2025-07-21,3b3132925d4f4fa10d81bdc64409bf8fbb632ecb0a5e155a38a720479703bc0a,in,bc1qg5cs6jwr2dgkqse0g8rzr6trdx0kmhd6m2uflw,0.00044502,52.19,0.0,0.0
2025-07-21,4d4945599601ece0b2f8097920c7aa22b169a0f7f941762f119e0b8d96b9545c,in,bc1qm34lsc65zpw79lxes69zkqmk6ee3ewf0j77s3h,0.0007987,93.66,0.0,0.0
2025-07-21,4f0226bb4ccb0818591847d430d6f1b20ff29f8e879c5db21780ce3f1bae0cf6,in,bc1qm34lsc65zpw79lxes69zkqmk6ee3ewf0j77s3h,0.00082008,96.17,0.0,0.0
2025-07-21,515b2803f312f2df7b26a50406d5f4ef256ea76192f6c2778ba688f99314caf2,in,bc1qmmp76ks2vvzqm7eywgjuztcw272nw88m42n2ql;bc1qwr3trg6gs88jdjxz92xrwplqz3x6kmwv2nvdgm,0.00021266,24.94,0.0,0.0
2025-07-21,55c927efceb02ec9fbd9e088ab5ae86a188b855d4d067cedb49e7473f10a6fc0,in,bc1qd5cwndlh4xgntxha7gxypucadf605rsku2a2z9,0.00012339,14.47,0.0,0.0
2025-07-21,57295beac0a28b0df0a1ba196167c9bc65cc538fb4aaa5c4d9882b2222da2adf,in,bc1qzlc7mrslnuqcyxnahmnct8ww69qnst2rkfntq2dcrz2wughmvh5qvnp6uf,0.00025376,29.76,0.0,0.0
2025-07-21,6455671f13eed6fc5b89a601269ff7e7e28a89bb453390b14d9d3db7d4694102,in,bc1pjysy3tf2wvhxzmkx8nvp422le45qc8jnxv50n2ftj37rp0hchpcsjuhkw6;bc1q8pgdmf300gvrrqnpskzutny2h33haa9xx4j2n9udaakzzeeuzw9syhnu3l,0.0003189,37.4,0.0,0.0
2025-07-21,66ea4ff02a15fb98b4325c362f95e909c5571990cc285a10a4d447dc50a9792c,in,bc1q2y66c9zru8rl9hu2qm3l3qskl9386q3qtfvj56;bc1qczf95vyt34gd0w8yuqmyqdkh34yk4ljw7vhejl;bc1qtaqr3eul6p9q7q5fen8eva9klyhvy3sxd7r49x,0.00021354,25.04,0.0,0.0
2025-07-21,6e005faac5170dcf8bb85013b63e1901451ca79e2f0625b6b50dccba8f82b428,in,bc1qnhm96z3ft6gf67ekw9srcvte2qf07zm3750rya;bc1qwdcpv8y34epl4khfue5f0gm8kxzwyl4feeja4m,0.00020333,23.84,0.0,0.0
2025-07-21,714cf02ee6f2cfcafc35d16f6aefa335abe769c80b20174e3085ca44925b3ad9,in,bc1qffuethzg20kwwcgxg7zh8s53lgncg6z65lr6c6,0.00029565,34.67,0.0,0.0
2025-07-21,7c6a27bfaddfce138c6c5df62aac5b3975d67776cc531278da0978e234658d8a,in,bc1q6d7fdw3yzx6xde6mu2a5fuxc8rzp9d3cyqkn5p,0.00026309,30.85,0.0,0.0
2025-07-21,81af08b440a9bcee19ecfffbbc453c4b69f6f69452172ace5f9cefecb4a42c19,in,bc1q8kjd8hk40wdjh0clpas6cvp0pwrfupvmmmr4lr,8.382e-05,9.83,0.0,0.0
2025-07-21,8f5e6ba6cfdeb87ec4139716a4d2478b78012bb23ccc40a82bd8661d2051eff6,in,bc1q7u2k7kpr62gzx4xqsvpnve5an26ak6clmpc6k7,0.00041977,49.22,0.0,0.0
2025-07-21,927ea0bf5b8b6f3dd89d24fa80c3d2d854cd8895758f712b49f9fc3c4ad43a47,in,bc1q96qtunhpqx6cc5ysy68lh56wa98qa86eve3en5;bc1ql5ljwcuyth5447qd2ug28dhfjuzgykta2a4yha;bc1qv3wyz6ej4hg7xa6lvqgnhlycg76zhdvh6aru6m,0.00012322,14.45,0.0,0.0
2025-07-21,952ccf81cce6c86251d6e79602e3a4976cb18610a078b15de539677e7892723c,in,bc1qsjgqa52gnpmur8wxds63nexqhm6hdwwaxqdcq8,0.00012696,14.89,0.0,0.0
2025-07-21,97534915f0deb7406ff4da0c46b82d354185b6d85f0dbec929018887a44c1da7,in,bc1qwskpgwdzy9yytusehpn7ewmschf7882u5gm7ta,0.0002943,34.51,0.0,0.0
2025-07-21,999b06b1133031f7c7bb17f3fbd426509da55016a72500cf2e8ac76a47543c27,in,bc1qgdah6z4tnuuuhve652ths0dxatrcasz7mzf9mh,0.00017531,20.56,0.0,0.0
2025-07-21,a157fa4215667bf48ac11467c96112b631ddf429b249829e7c06e3ed81c52032,in,bc1qxuf84xma28tfmrc4r8unffey5mvjmwgf6k7zud,0.0002982,34.97,0.0,0.0
2025-07-21,a3fe2f749fee111859d288cf2330580e1462a66063f954ac307399f3082348e7,in,bc1q5eqc856cft6clww3xjde57utngmxgfwlr02wz8;bc1q79e5r3q4ckp8293lkpfg0g9egfk5ejjh45ed9h,0.00048047,56.34,0.0,0.0
2025-07-21,ab29720c1fa53ae3e3237fa1d0a9035909d90dd65734c16cabd72a57d7f2ab69,in,bc1qzk3lncnhy9a3dz74ymmtwmdjt9el5wyxfk7q6m,0.00038214,44.81,0.0,0.0
2025-07-21,ad8e10e767dfefd000d4f8a479310e8437a540b7495a9a4cce72b3ea9c589f60,in,bc1qkgjc8etp8exdkvedcnvgrpy4qvev7r5d55ykhy;bc1ql7uvu69fm2l7xh3y7s6mjjwhj02v6k9w7ats7s;bc1qtg0pep3vjtwtsk5jq5ml8lnm8duwnludzq34df,0.00131657,154.39,0.0,0.0
2025-07-21,b48bc3eb284db48ab5d100e2bfc89f4251de2e955dd3edb5a5ad5bb7684ee0a7,in,bc1q8kjd8hk40wdjh0clpas6cvp0pwrfupvmmmr4lr,4.882e-05,5.72,0.0,0.0
2025-07-21,b54d5ecd787f45a752ccd98a0a1b4513c0c9815f1b55236af1be8e16cc87b1d3,in,bc1qm34lsc65zpw79lxes69zkqmk6ee3ewf0j77s3h,0.00036259,42.52,0.0,0.0
2025-07-21,b571b1c462cf2572aa17ea3067a3cbc64c2251b61dbcc73d6834bd494cca7ab2,in,bc1q9s9k6v9usvejnyp393zu786uf5398lnamc8gnt;bc1qdv4na6jqs9rkx02uqwzexaw2e5m0ft98zkv2qa;bc1qwny73esk6rf2dz76c2mn43kgqxz6sk2myml5wh,0.00040326,47.29,0.0,0.0
2025-07-21,c254e4c930b2087bd8560afeb0857ab0ad1d3ba0f8ce6b429831faea009e1fa9,in,bc1qvjqkaxwf849uh24c2twunau5gmm93ht48e5edr,0.0005094,59.73,0.0,0.0
2025-07-21,cd891ff546a9da85bffa43c8e4080a1a73fe12f2b4fda1740de9ea04362bf015,in,bc1qrwp3kqlpcg6fth4x3kszwwgxxz495h9tn3d88l,6.73e-05,7.89,0.0,0.0
2025-07-21,d29149eef66ba4d0b0cd0b00233d178a18eb554d8e1de032d6f3d13129ecb555,in,bc1q9x70k9ar3l7357afatpgtv4tqy3t3m0lw4zm85,0.0003,35.18,0.0,0.0
2025-07-21,f1527934e9cbc8919f3769a7ecf60c05792622d4ae2638ebcd3c19c41a051b26,in,bc1qcqs6fnhhqmszthgpjypfws8yfv3a8fwv7hxrwd,0.00017035,19.98,0.0,0.0
2025-07-21,f474db4db828f1ceda9f5f6a7671e98d25dd9019f6770a2a9f235e0d2d12f8a6,in,bc1qp35pkhu5tnqcd650djf6309glteffp9gv5jkkx;bc1qxjty0n9dd0xzdw3skdw79u3vtryzdh9a8qskla,0.00021309,24.99,0.0,0.0
2025-07-21,fa89c6c9a94c87bc4f30f966e911ab3776e79b596e3aede500e6353bc6b236cc,in,bc1qpfq4phf8df6wwyttc2w3czxcsg0yg7mc5xzknk,0.0001271,14.9,0.0,0.0
2025-07-22,0eedad26ff98128377f455599ed3b9d09e16a8b63582f5e2a10fe88fa976a535,in,bc1qfztt52r707xvr4zf7xcjqz78u5sve28w5nupgv;bc1qres234xps3zd4uhnvyadu7c4h9uvgtdlj7xsyj;bc1qyvedx2v7nxc58060qj0szvrdd7el7gvg2fyg6h,0.00017065,20.03,0.0,0.0
2025-07-22,2163de2d5bca36dd42d778bdb329d8ec154e4f0bf69d858810331f9a77431308,in,bc1qek0cq5nflr08madh4gp9ldn5l6aud2vc5u4znx;bc1qzhgksd2xe6tjtky8xgd4g3vvn3vzl6tm2nnkqp,6.229e-05,7.31,0.0,0.0
2025-07-22,226a646fb84c9d9725489fdd06b8d4bcea4d524639cf465f8e0b001614f687e1,in,bc1qm34lsc65zpw79lxes69zkqmk6ee3ewf0j77s3h,0.00042995,50.47,0.0,0.0
2025-07-22,331147d228f9e7829b694808d496a24da8855503bd2aedaf265c03fe107c2259,in,1GrNVxXazvL2TdaN5EJ8aEaohzqjQnGr83;1KN4Y2sx45cXgNX9RchoxfJXRkCsuSScow,0.0005115,60.04,0.0,0.0
2025-07-22,37e5fd9d8cadf9deab7fcf4decd3aeba1a368b2189e56d3e7fb3d6336506e5b9,in,bc1q4yn5kte0mfl7k4yqccg2lez52gtt74tpnewy8f,0.00033597,39.44,0.0,0.0
2025-07-22,399c397e3fc04d2a1aa31134e677c5ac54b4858363b08cfb7f72478d13220408,in,bc1qqpmxvquxx4g66x4evj6zpaxqdxr4ah7sdzlay7,0.00021194,24.88,0.0,0.0
2025-07-22,489c180c5d95cbd275ab5aeed7f2179abe98c79cbbf1465a59981c556fca4636,in,bc1qe7sx4us6ly990ptsy8aes5kxmvpmcwvnzchudq;bc1qqj6rs5nw39zh5n565tz23xs6my4tcp0kq5xrxf,0.00025119,29.48,0.0,0.0
2025-07-22,4d935ff965e9092af1f483d96bbb2f648607be6f1f721ed66ac8c41b5c9a4837,in,bc1qz6d9vyrs66gzlra08ral9je4ydzmgqexuluhc7,0.00027655,32.46,0.0,0.0
2025-07-22,522865d90987412cefff831cf743bee78d4c25f536ba840bb8111170f169abe2,in,bc1q5h33yfyef80gcrmt5dlr4ur3erxgaucpsacufxum2u8urnzgrdtqjc56xu,0.00062427,73.28,0.0,0.0
2025-07-22,52a3e0f686157daefe1171501ce663f8ea6023259202847eb802046f570aee99,in,bc1qgfmq3sapazxtlerk8f0dqct0jlx60683yu4x8k,0.00083902,98.48,0.0,0.0
2025-07-22,5fefd048da32ba7b8f9d5d4625a838e9785d7fe2b02990aba67df2bf67ddae5f,in,bc1qd77n5m34ssjxfzdc5mn824da8w8evkxxxs2rpses7zyjph2wguzsfpasmc,0.00045489,53.4,0.0,0.0
2025-07-22,63b026e30ee03c86d69472d0df93861a663580dbd9df7e6f3761033002432cd2,in,bc1qraf8nw7eml87xj5k73aqxspm6q7w5qkjgyc3n3,9.483e-05,11.13,0.0,0.0
2025-07-22,6a468d707a751c456d4730299e2a2d195d703bb47f50250fa296acf00a544c43,in,bc1quc60pgf5px6zvxs4xpqs650vp9qu529cd2twns,0.00021913,25.72,0.0,0.0
2025-07-22,6d5eaba1c0fc544a3d49cbfce5f64e629f813740c8b1c11b284d3b4717d744fd,in,bc1q55c5zjuvpqjp9ysfsxqa3h4f4gqs6q2p90cwax,0.00026292,30.86,0.0,0.0
2025-07-22,77fb8da28cf371078b439fd34ef9e99119d3b0801383d5cf4cc79c7b753fe2d3,in,bc1qcn7qn9g7q4wr8jh56zl5rc6r8h7w5tfu7xedvr;bc1qcx2tpxhtpu9anad97y2x9plrgqy62dulcl745q;bc1qhv9prng9c0mg6sxkmkt289ulke29z82n8kqns0,0.00049772,58.42,0.0,0.0
2025-07-22,88c1b1d87eda166301b935188e21015bde6afc3cb060f9367c1e8396e0560a87,out,bc1q63x64trwldk4zvmgddhgey49vwu8hzelehksy0,0.0352224,4134.42,0.00031754,37.27
2025-07-22,8c2fb873c8df9b826249658a17f3d6727ebd3b67bdff381693bcfe5da92b24a6,in,3BSCX1kLnyGuY2wt9xhpr1eK4tTaS8hgDP,0.00014365,16.86,0.0,0.0
2025-07-22,9c4af725502596d43038502874421e5111edf09b7089cf961c6bd68051fa9c66,in,bc1qjz7fhucgn2x3jt3l2u725s423xw2mdz3gy6j07,0.00016743,19.65,0.0,0.0
2025-07-22,9e298c8a552cefe690d16228aba4e9330fc859ef17e493bf4febd9e350654b42,in,bc1qm34lsc65zpw79lxes69zkqmk6ee3ewf0j77s3h,0.00067,78.64,0.0,0.0
2025-07-22,9f8dc201a170d3978d747c7d261f6c6d3a46ca333a7d5e3050a93b860b329721,in,bc1q883vgutm3yfjwyzsymq4tljmwsfqhrgca9n9l6,0.00028154,33.05,0.0,0.0
2025-07-22,a0455f99835749c5aa52a410c8b4407074a9badc3b4e8f2313362c1c8721eb7c,in,bc1qm34lsc65zpw79lxes69zkqmk6ee3ewf0j77s3h,0.00163833,192.31,0.0,0.0
2025-07-22,addd74648dc8a620d6234fc74268ba363358977c9dea393703d2ff940928864f,in,bc1quvx5trq2n9wwngjmzrcaf8gkhw95278urt648s,3.712e-05,4.36,0.0,0.0
2025-07-22,ba36b1a256cbf5e2c615e5515ba112f1270f512d8ea43f4c6d603b0acef6adf3,in,bc1qvul0ttkzdx6szrh5e7edfkv7xcfxmcn5qsewlf,0.0002764,32.44,0.0,0.0
2025-07-22,c747eeb2222df5b4823889683e82d00c49537ec7a10c880937ae81d3d50ee3d5,in,bc1q467nyfy9rqwzyrfxvu0n70aqsu34xw4z54djc3;bc1qyp0253de6dj8yanc4hccxnrmjme9sdalmjfs93,3.045e-05,3.57,0.0,0.0
2025-07-22,d0a9ae4aa8fd0f3d04a9b44b4acdf61f5d592fde537662020562afd5cf20815b,in,bc1qgu8kxu640gz92sarh0ks6dhu8mzjtg7djmwwuq,0.00036386,42.71,0.0,0.0
2025-07-22,dfb62c28faa63e1f13619b2da154259ffe8577dda44529abe448356bc0e2ffba,in,bc1q8gzrnsdlfl96m7ppumejhdf405lhq99fds8km0,5.624e-05,6.6,0.0,0.0
2025-07-22,e48fae4fcd1bc6db5cdf10da84c7c7175c30d29580d7732cb62e218d55efd9d4,in,bc1qqzn7zmfrfeutm4cz5x07wfk4aay7xn3svv2xwfwdy3m92yn37zcqqq8pj7,0.00093577,109.84,0.0,0.0
2025-07-22,f614435e0c67c2426bc432e763b3b499c3b9f7809634bbd724e9190d3d753b72,in,bc1qm34lsc65zpw79lxes69zkqmk6ee3ewf0j77s3h,0.00397,466.0,0.0,0.0
2025-07-22,f7a2bceb48cfc73e41ef87b791b730d251b4ac4487b0de9e2007cc13699b83e9,in,bc1qsatlphjcgvzlt9xhsgn0dnjus5jgwg83dr05c6,0.00012999,15.26,0.0,0.0
2025-07-23,077c250e949d7f48fa7a5e45df10f9920b83d5cadd60a4e042ce46f18312d707,in,bc1qjvtlwykjjfenh0gfhyhtaxgtez0m75grm0ft0e;bc1qymcpeh5z2jrre6pue0ld0wva35c7ccq4yhw02g,0.00012864,15.43,0.0,0.0
2025-07-23,0cec38788c6fdf286b2bf45554e740cb2fc3571bcc0dfd77acf42a4c51a9ed85,in,bc1q5t4ac7z8cdfym5kxjrv9xslf4lqau9c70cmzpz,8.02e-05,9.62,0.0,0.0
2025-07-23,20483b4cc5399af3a037ecd8440a24e14c6f8067dbd76eca7e15cfcf617e1586,in,bc1q3w7kdympeuph049sh5s0c27svwsdlfp4rjlcxn;bc1qma5zpa5ll3dfa9wx2an6ruezv4y5jsuc9ysy4f,0.00040746,48.88,0.0,0.0
2025-07-23,278ab18f22acecbaa70bba98b4a8c0fffca3eadbae0a3407d36ccb8a98fc3e12,in,bc1qrckn57lc36r8l6sk97j9p7ktgxzkdp8a75dkgy,8.421e-05,10.1,0.0,0.0
2025-07-23,2ab750c9af6d02479b5e73b16375774021a9d7b1c97416348ffab0b626c4c8ba,in,bc1q2ns0gt89vpqgamegzdtylpke9p3v5l8wje802r;bc1q9e3xey3arpjgctzfq5ladl60axlefv4n6mlz62;bc1qk2agwaqn65av223zp2rgr6gruz6l2tkahkqpn0,0.00043772,52.51,0.0,0.0
2025-07-23,30035568be557eece6eb80474cbc946743033b38a38b9fcbbc01553b0855ce86,in,bc1qhfezdpelknvaq4u4jv4vuhhg88v547x8jw2ej9;bc1qn97nla34f67xfqr87p05xskp6j9yequnvfwtw8,9.9e-05,11.88,0.0,0.0
2025-07-23,31546b0b0c9bb100162fb1718025e880b27e277ee65e633cea9bfc9c23999858,in,bc1qv7w9nlk3lwpx2405lxjql94wmcka898eful447,7.038e-05,8.44,0.0,0.0
2025-07-23,3984ffa5ae0fe71f28b5b81c93543d39e2b54b78fc76adfba3220e4d568d7186,in,bc1qe9wgya8sherztwe942ue6um60kh40jnlnwfaf6;bc1qhv272d5f7lh9pwgh6r6n9pdvgvdtsa6feznt7y,8.401e-05,10.08,0.0,0.0
2025-07-23,41cf16af3fb775f81141783d555ae95c35be47850c6e0c1a052788c6531fdafd,in,bc1q78c60tdw2wwthwkaq89hp8d8kxjcu49nj5kajj;bc1qxyjtm8mtrdsm5y3mcdlp5f4xal48a3rvanx44t,0.00029363,35.22,0.0,0.0
2025-07-23,4476a6bbc39ce0b4281f232fa8c778f0397cb671cb4b13d300084693717ccc78,in,bc1pw42zdxne3r24uscrj68z340lmj2pjem4xx2qs4zmzfls80t2razqr60vf9,0.00015686,18.82,0.0,0.0
2025-07-23,4b12a3341d7331d9976f23073a38164e79a2865b8ec62c13ff082d5e2ae6d982,in,bc1q7w0yqn4wp6fmh6hwxcr9y3w0wd5ngkqrcgt6w2,0.00012051,14.46,0.0,0.0
2025-07-23,503b216c2e7db9a64a4b22e9dae6b871810bd514526dc47f0326bfb36aeeb6b3,in,bc1p5h3mujrusk43ghnkry03c5rgfafn96sek87fuddjerd28eq2q9dqjp6fxs;bc1pdys9x8mrepxpgtdfjd9892mj5x3ktqq43u4jwtv4yy8nudzqn3hsn60evr,0.00029611,35.52,0.0,0.0
2025-07-23,57c3838d1a4c3653db9c4f829c01f4cc5dd5482b34d4db7f2f60282a8176b809,in,bc1qznk4ncmegkf4x90vzcxgw5p8wvwdsmxw4aewpd,0.00033811,40.56,0.0,0.0
2025-07-23,58ef8bd28849edac3a65a192ef6b0cfd9415b142495345968f5f87c49f6a5f89,in,bc1qjz7fhucgn2x3jt3l2u725s423xw2mdz3gy6j07,0.00018865,22.63,0.0,0.0
2025-07-23,64dcb4d7c08228e88a2cc10b5c6050650162379d79f6ef19caa7e594b9ffc23f,in,bc1qz6td9uyae79afkajanukssuduvcfs75wwhwww6,0.00014,16.79,0.0,0.0
2025-07-23,68434dd3dc50be128333c28ef96642272975f1905378c397bdbeb2b1dc145394,in,37hH9hKsK3mWPBLRCAerWvTdFqXGaMoUME,0.00080835,96.97,0.0,0.0
2025-07-23,7b016e0abfc5f3ec06ec8e6cc0a0f6a9cd2bca3719a8a44e71ef8cbb88811d89,in,bc1qfhxmwa7mary95c9r339kj7q96apa2aqmhrtg2l;bc1qwnaw44a586m3ueknkqjx2secsqzn50hnmphrgd,0.00017094,20.51,0.0,0.0
2025-07-23,7c2c932cf039c06f50e5c08ebefbe37fe35840be7886a0dbc4a1086d73ee41c8,in,bc1qenr2f972tp3ef3wcd23a3v6tt7zftgf634x2xm;bc1qk8wehe9sq5cjnh76m6g4pc78l4u2t7wcrh6sv5,0.0004407,52.86,0.0,0.0
2025-07-23,7e6ecffca0b6d7baa7c16cf915dc90525cd9648feebba5c1fc3f9daca70f3cfa,in,bc1qmmgscnyl84f7vy8cpnx00yzd0qmdv3696knj3x;bc1qypegfp9pkpn7wn3t025qrze484pukar4a2yf2g,0.00021054,25.26,0.0,0.0
2025-07-23,8b23f64f2a4d1f6487928cf66324348f96a52c98b0ece53f9e70221eac196cd5,in,385oqCWo4U4mRzc9Eibf7tkPp7QrQaWEYu,0.00042206,50.63,0.0,0.0
2025-07-23,9b7eecea9b377ec09303488cff6cf39ce994e8ae444370f5dd97b3d3e2a5a1f3,in,bc1q04e0jfyyzg732c07up8jh6hpmwwdgswq48sg6n;bc1qrxvgz9glutfp4narjurs2fnuj07s2py5xxaq6x;bc1qwqw72d0ga6qcnq5044yj6dru60l83eyyuefcm7,0.00038001,45.58,0.0,0.0
2025-07-23,9ce6e1bca317f3cefc09890d793d53c485e199231c6d2be2fc6e10712349cf7b,in,bc1q04duxwk0lemyxsxh037upqxfaf3y27xcjsxc09;bc1qauh323pfvnrrpmvu5ft32xwgag6p4alc34uach,0.00014348,17.21,0.0,0.0
2025-07-23,a01d542817ef3df42b77d9592fcaf802eb1ce2e52e6fb4c4c6aae1b42f12e284,in,bc1qajghcfjnxc2rzr3kgmts074nsc4n0drqqfzwet;bc1qc2nfz4a5frd2yjl8eqtmma8pwv23pgs8mc7whu,7.938e-05,9.52,0.0,0.0
2025-07-23,a17b63d624a6f6d0737d85bdaa2b0364fa8d29e94b207c7fcdb109945da89649,in,bc1qmkc56vptp9w5wevm9ut0c2vnj6w5shplhrpw4h,0.00016692,20.02,0.0,0.0
2025-07-23,a4b2c0f59d0357832dfd8730b5dd9918582b157664e724b6664e0d0d5efd55cb,in,bc1qxg9002883642u7u0xfw0rkjjtq0k0vdz5kercdxn5msh5dm8fzqq5w4xuc,0.0008941,107.25,0.0,0.0
2025-07-23,b11bd42ab48e7c96d83bfb9645270a08a08f266c5af2bbd40f7eaba17135c7e2,in,bc1q3u3848gtns9h8styjxct25u7h7g5dpm2w9ky95;bc1qyjapr49thtjl8ar5laesp8ppetedg6mc3lc3qx,0.00024759,29.7,0.0,0.0
2025-07-23,b68867572f81840239b5625d7b7ba0b09c669bbc9e8fd204a8fcddfeddb875f2,in,bc1qdrq9n6eg6hwapd3s5vptvzprakzeg573m66rgm,0.000421,50.5,0.0,0.0
2025-07-23,b952031e0c710ec14e4233c04d31aa144ce199b5d0f880d2709021f88f85e2ef,in,bc1qwwn6d6zj39mkmc0wgll7u0xee5pfj3t5vftrpw,0.00016841,20.2,0.0,0.0
2025-07-23,c20e2562bef07e0e18b5a56694eb7b0f7547a94fa7207d86890fca3191dec7ca,in,bc1q3gc8tfp9v09flsu2aew64rru49qmdrz0a588tg,0.0002115,25.37,0.0,0.0
2025-07-23,c29511ca021ae65170e9b5ba0297c9da3c2edbda5d5744d2f70e5ce9228d384c,in,bc1qswkpvhaj3zdhmjtsfgqys67h9xm6thd70f58pwvtve99p8jv4ntqeqytny,0.00046503,55.78,0.0,0.0
2025-07-23,d1f069b5091d4d1e2e596791329a553b9921b6483fd2fddfefe3d8aab49c096d,in,bc1qm34lsc65zpw79lxes69zkqmk6ee3ewf0j77s3h,0.00077919,93.47,0.0,0.0
2025-07-23,e3ac2dfe78b707e0425aa4e3dbb94dc173e22bd75695777aab0c7c60b684bf27,in,bc1q025u3tsczgwcgy37gahuwyu5wlfml3fdjtgu28;bc1qkcuualtvzdwc904dv6ut0pscdkpqm8fejsqmyx,0.00017742,21.28,0.0,0.0
2025-07-23,e4c2d40a949ee56d2e2b695c506b23945a841588f0b298330fb51bd25abb2b77,in,bc1qm34lsc65zpw79lxes69zkqmk6ee3ewf0j77s3h,0.00080192,96.19,0.0,0.0
2025-07-23,e524832aa65700b6df1955192c59eb8fbf104a00bf12e14ae71d1b9753842b4c,in,bc1qje5yj0v53lqyxppyzgevwy086w0vuarp7eyehz,0.00049653,59.56,0.0,0.0
2025-07-23,e86db91d628636c05f07a263c71d6a96b38828617c95a46b9776ba84787d94c4,in,bc1qm34lsc65zpw79lxes69zkqmk6ee3ewf0j77s3h,0.000594,71.25,0.0,0.0
2025-07-23,e8bb9de53bcabdf02b174e7b51e5ea55003ae9fea26648ec36583ef7eba8c8d5,in,bc1qlapq6w9ej3vjnqe7fyxtmkjs3pur8n2z0r7wyt;bc1qpk6mf0qf5tt4azx9hf7tncssj9aml9k7jhwgws,0.00047813,57.35,0.0,0.0
2025-07-23,eb1231ec39a3c92bb57dd9950883fc9d22c9e03f024b34ca6ab56abfe12c6d4f,in,bc1q9ljmn5qxvyupp7fz0qwg6t33epcv4ca4mlccqx,0.00019535,23.43,0.0,0.0
2025-07-23,eb1436e07015b8bca1002fc66968df7a25d6e208d021307c170f21237993ff24,in,bc1qm34lsc65zpw79lxes69zkqmk6ee3ewf0j77s3h,0.00080416,96.46,0.0,0.0
2025-07-23,ecb32826e90222fa2e62d80715bb79f86919bfce39ea754da9ce4113fcdce5dc,in,bc1qacldhykz0spwafqdvkn5ntqzsz43aqa3euu925,0.00039445,47.32,0.0,0.0
2025-07-23,fc0d76e10f59c9529cd0ffc6e748efe73023ec9c3cfb4906beab3919b158fd28,in,bc1qgpw7pmxrsvzhcj72xcnw24sfplzvm4kujcwgaz;bc1qjz57jvy9lpptuxqv4rf7dfa4x9tsmrgd7g925z,0.00012569,15.08,0.0,0.0
2025-07-24,0206b3b0f19e1dd590131e5291dfe392789ed3a7145c824f89c81d063ae57f76,in,bc1qq6g9v2e8q8nglnrfpk3lfw7s34vnedurzd4che,0.00015961,18.95,0.0,0.0
2025-07-24,035961ad0dd0d0bfec2ebba8e082b64740ec4055c3cc7db901e50b591eebda71,in,bc1q9va3hv9u8j27ujwpl8mtl0d79f42c8vlfz4mrjm0d6lvxuypcgysxnumvn,0.00031164,37.01,0.0,0.0
2025-07-24,0387e8557798c7a0424be20d058d618c409ffbcdbae2eba7f1a4024f54acfd21,in,bc1qm34lsc65zpw79lxes69zkqmk6ee3ewf0j77s3h,0.00018664,22.16,0.0,0.0
2025-07-24,05874226ae1cd40f28096a829bc2d76edf7a434dc9eb30c72cbf7af4c0bb681b,in,bc1qm34lsc65zpw79lxes69zkqmk6ee3ewf0j77s3h,0.00043848,52.07,0.0,0.0
2025-07-24,090228156ea4f810302b4959255c6efceae441a253b20fc977df87d8c7393cf2,in,bc1qh4egcxqs9x7ejvk9kgm772c6hgefluxee3fn0x,0.00011485,13.64,0.0,0.0
2025-07-24,0dc98d64085485aabab6d407405e9b85e14746e750cf8d920713d959b074563c,in,bc1qn03tekfcjt254pe5g3p82ymjtvyglgr8ze8yys,5.304e-05,6.3,0.0,0.0
2025-07-24,0f355a4f6357482229f26c7424921e10abadf5d201a8366105c64e1b27b5a99f,in,bc1qv7w9nlk3lwpx2405lxjql94wmcka898eful447,6.874e-05,8.16,0.0,0.0
2025-07-24,12d807e6143fffd6ba8c5ae1db788d0bd591d998b0c06d9c81e6d085a145eba5,in,bc1qrwp3kqlpcg6fth4x3kszwwgxxz495h9tn3d88l,6.736e-05,8.0,0.0,0.0
2025-07-24,158018e5d7c6eed10dcdf7283d56ee0ed22f6aa174a30e10fa8ac82103305a80,in,bc1qqw9ns2fc5ygdgv89zs5epg4q4dqlfup5wlg9f5,0.00094168,111.83,0.0,0.0
2025-07-24,189b4ede6f37de51087ed013bf12905a524236fdb48dba4aa842fba7375947ad,in,bc1q6rrnnjv3wjpdyyqpkzgdgyytrqmmh3q42a63lt;bc1qf6glukgnymgk6atcltqt7yeprhdd3gwnrnvdzv,0.00015199,18.05,0.0,0.0
2025-07-24,1fa5bc3a0e406eac56d59d4c4e7047916311f2fe31fe2c8b1d906b1b7b0ec647,in,bc1pprjak28hl9dnmmyamraznwx7q2edq3qpzv5nqcemxmc6a4x9u0rsf5pcm7,0.00015718,18.67,0.0,0.0
2025-07-24,22302b34271bae108feff1bb50a39ad9d7762b84b2ac61e7e6dbcbdfbc35c676,in,bc1qfhnd5gnass384eqetgl6u8xn5hpf9347ywg2u9,0.00019218,22.82,0.0,0.0
2025-07-24,2a0bb0886c9b0acc5a633a232b07eaf4b5780a16a00f27fff3d61f844c3623af,in,bc1q4upn6zmxgcgztqxuhqugx2nec6n0nnh9xzzf9a,0.00011434,13.58,0.0,0.0
2025-07-24,2e7a359d45329e139abc3ebc3a0da67ec5aa6a1659a502be838634622fcc1a00,in,bc1q30ktetl7zp6r5ve7dvpqwv0xcd59v0sne4xars;bc1q6mt37stf3j3nr4nhr5mgemuagrhjlh3444jtaj,0.00053802,63.89,0.0,0.0
2025-07-24,3ea779f819befb03ab861a835b59afe19f27dd29fd4ed788bcce0de075eabb4f,in,bc1q934kkc8u5u7thcpegdzlna3r3h2z0e2tdhwnmv;bc1qhv4nr7n6tuxnh8c0k7024jz3j6e40ftk9dfhl0,0.00011354,13.48,0.0,0.0
2025-07-24,4c528c56c0ccd520b343afd0d85bf667cada88a74e829fe011c5cf2ac652b09d,in,bc1qtmnq85zyp0s4chn5qc3txt326f2f2vy8dt0t52;bc1qz69wm9qz5zw38tvnzd0eg3n6nyhlwl5vdumjvh,0.00018446,21.91,0.0,0.0
2025-07-24,655b9ea792f75cfa01a930899d54eec9aa180c95bd68a2b828eb5649cf6cc2f9,in,bc1qje5yj0v53lqyxppyzgevwy086w0vuarp7eyehz,0.00059434,70.58,0.0,0.0
2025-07-24,7ad6be01fdec4af0f51c503d5058c92347f5ae1c00b90839622360a2b418b06f,in,3Bv7iwMUNgfebRKHDRpUiE6CBBcixFk6kM,0.00059119,70.21,0.0,0.0
2025-07-24,7bdc75be65062b932f2b6a756a79b45840fac397eefe4f0f16ecc07925afa124,in,bc1ql3z5wpaqmlh54peyea2ljxn00y6jl6pgz6gqq9,0.00049554,58.85,0.0,0.0
2025-07-24,7f3f427b1fa0d7c2248f217cee9507861b174ae964d88296c4cbf4cdc66d4cb7,in,bc1qmphd0597aduq9dcnss069vqzjjgz2mxw5sdurf,0.00015076,17.9,0.0,0.0
2025-07-24,8369b205f9bc822c25da422553a3812f1a72664434bc56e31c399e8aaf7116b3,in,bc1qdllaps9p5uelpzylq3y7nly4rycngsmyx9llz3;bc1qszcaeplkzvpzx8e6jld3knr37vdkr06ezw4ydc;bc1qtr3kqzlwuc6d3cs669d5als4xzcqfskums298a,0.00026161,31.07,0.0,0.0
2025-07-24,8ba4d7ec53518500b053e9a07125cf5db5d4b5ea16e521186a97aa6eba32d1c6,in,bc1q3068da2h8l9lyaf6380hdp8vpcz093twffu2t0;bc1qj8ma4j944ktl0eefx44dcwnegv2lxdxla6we7a;bc1qm4cy64f68x45tpqukltl5adq60x9llvtszefuh,0.00016812,19.97,0.0,0.0
2025-07-24,932550dc32589e56cdae468402f95c7c6eef01d9f3ba935ebbd8528724b6cf2e,in,bc1qflg0x4vzp4v69fjuq8ur5ggf934r6pm66hr6ly;bc1qu2gf79m8qv6j7sq9z2sjr9snty2uwafccrekn7,0.00026884,31.93,0.0,0.0
2025-07-24,a8f0d45fb90bf8a8648b3873178b1afbaade62359f57b46e5ef0d7975496a4dc,in,bc1quc00y9emldm2p33smvqadhal7vyzpst04e9ejz,6.713e-05,7.97,0.0,0.0
2025-07-24,bc3e4bd307b307947d216e9921e89c7581d7dd2257f74d45d34803ff80d8bcd1,in,bc1qszsu6k33qde95t2r7vs0t2lh3k520c9kdhc0eh,0.00037735,44.81,0.0,0.0
2025-07-24,be2859c6459a7d388dff2a22a22f1e3e331408764004de8e6bc84095579f8142,in,bc1q5ah7xrp8awx32e8e3p3tf3nvw8ctq574tc3nu5;bc1qwl4dnfgt9e5snqk074tql22vyhf5hlwhpsazd9,9.016e-05,10.71,0.0,0.0
2025-07-24,c245b17758a0031c2bee0be32839fb3faccdec2c91303a2bf806718f1b07dd01,in,bc1q8tnzxjnkjhmgs7qtj5vprvy979p3p6973dcs6s;bc1qet0as3rtag9l48hgufwwpgyghpykx9wr4cl6yp,8.971e-05,10.65,0.0,0.0
2025-07-24,c8b0f85c59d22a9987ca7a84e31815f25287726e0bf17dcf78d69281615b7d0c,in,bc1qc0kht3aq0whzvt25d2gpm9car6ch6cynx8hefd,8.134e-05,9.66,0.0,0.0
2025-07-24,c9bdb359c388c1314a8e6aaf0d2379ff293d9ad2aea65ff27704836a100eb840,in,1EmicEG2CbBSYHG1jksfevW3hw1P6LNvD,0.00043929,52.17,0.0,0.0
2025-07-24,cc3292eb9d69c2380c5bc838361c207484975e7c56f9831a28e1e8467006ca90,in,bc1qpc9pgnqvvzjmela0a8xvdajnqsryps4v3uu680;bc1qqqmpxmn08cy96udw8479us0um4dmkvkxzktr7t,0.00042101,50.0,0.0,0.0
2025-07-24,d43b99f04b98442b702e9fa6f3b53c6174fd132db7cad1212fe9eabd1bf68db3,in,bc1q5arsnuzlq4gwe0tynrlffjjz2nxky2h7nhf8ue;bc1qdgwx90qawm60ly2jljdarp2ztywzywu4jher4u;bc1qyatjw4vx3yckz5fh27kg3e6yzwcx8na6xmsy3p,0.00037688,44.76,0.0,0.0
2025-07-24,e54306d2bc99165171a0adbe2c752038361ef7c632c690ed9432c0d7e45ad65f,in,34rCKXh6yZXWGtmtebQU7wXcK7rFipkRJ1,6.438e-05,7.65,0.0,0.0
2025-07-24,e8f05d38d8126b62ed2378ba7c3c4c2c535906872e036d923f30ad1367c80536,in,bc1q0sktzkhrqg8vcap2rxaq52gxd7hkh967vc6cjh,0.00058798,69.83,0.0,0.0
2025-07-25,07010822c68bf09cef9c432e2373695ae1fbfde91b60bd24d048c1a014b18835,in,bc1qcldex9vsfd3enap4lpuwx63a737n0rp2msmz4t,0.00017524,20.74,0.0,0.0
2025-07-25,24d97829af98559a5ee4b6df61ae6454e3b0b801a2bcdc7a18e5751c35ba829a,in,bc1qa250w3w65ytfl0uluxk0wu2m7408zjw8azcknz,5.519e-05,6.53,0.0,0.0
2025-07-25,287410fc640659f9038bfa5664e01999cf6129c12d359e7a9631ef52b86adcb7,in,bc1qhqverm843qv4j8x65esmj4gz2gegegn43s8hunx0tcm3jdthr5ss8axyvn;bc1qljgeyjmradlkq5yczc3wq2xrk98s0zygs9wl3utnfq9kxmftaduq3kxcgn,0.00224911,266.16,0.0,0.0
2025-07-25,2d5682012322d74d94c0ed8341b3c0e39c55c36e805f73cebbbfc6dddf6208ad,in,bc1puk8zjcl72pp2vyj66g7mknce6rqz38msv0ad7qq4vvfu6v8qmdss4jx5e3,0.00030539,36.14,0.0,0.0
2025-07-25,31f74c450e8bd88a209a6075e75c4add903419c058da19aa1336240f77c4cda3,in,bc1qk9nurhufz0kq5yk95c0palprdvtess5m2qfyrx;bc1qlgjqsghdu5f09pcj5y27s7dh064j8v7qytt4uy,0.00046901,55.5,0.0,0.0
2025-07-25,34a4a7ed9f4881f92d24e9e0c70f9e714e9c2719d920b339883b8573063eff2c,in,bc1qncpms832vxr70qt0j66h8ekh6cjxark3hh0t8vqykkhqcp4vl3ns55qnqe,0.00085798,101.53,0.0,0.0
2025-07-25,462170a2927075181e24fdd93f1599e10b305b2bff7d252f130adf5564fd663b,in,bc1q0nr5wn80kxk889k3uvhdgezfmndqfzxjanknum;bc1qmumrkmmrzddryv0c79t7svqnyunmqalrqfpp4h,0.00013253,15.68,0.0,0.0
2025-07-25,4a1c0071808bc6f08daeadbc41542714ab8e9e46e6ba323eb360500916cf1956,in,bc1qapq5g49lfm3q5qlg69c2j45h28nraylp4c47ry;bc1qm0ckhmug5y3vmrjajvztjjc06dquertnhfr655,0.000215,25.44,0.0,0.0
2025-07-25,54a080ae55c114c7b4f646ccfc2455d9d8ea6ab43aa735f91194b12d14eaf3c1,in,bc1qm34lsc65zpw79lxes69zkqmk6ee3ewf0j77s3h,0.00141855,167.87,0.0,0.0
2025-07-25,657a3c24171156d267fd9fd18df222f651bbbf13b029d09463f208353c52519b,in,bc1qe8r32sy5wm7es4sgej772lzkpsp5ufwkqyzmun,0.00013007,15.39,0.0,0.0
2025-07-25,6c877b1da4d31448c9b70a898e780b340779232ae6dfa1857d4c6575eae4956a,out,bc1qdzwwjctn3knhkm9kcv5ly758ke7a5fnxhjk7uh,0.03352995,3967.97,0.00031162,36.88
2025-07-25,761474b51688d60b8a848d7a75352fa6df38194ac51db4366906a50443938eac,in,bc1qvuxkfmxhh269q2t5qrp2urrjlvwgx4yr70fkcj,0.00012789,15.13,0.0,0.0
2025-07-25,77127fe5741691eaf535986d4a0019f018d67d688a5bddfa4c7c000d0ae6636b,in,bc1qm34lsc65zpw79lxes69zkqmk6ee3ewf0j77s3h,0.00082949,98.16,0.0,0.0
2025-07-25,7dde4b60569dee5e7e2899e9ba10a5297be69c4df6a8b892458ec1439fcaa9c8,in,bc1qm8hvjfh2rsnrxn3rv05uvxg0qexz5qyed5edpr,0.0010234,121.11,0.0,0.0
2025-07-25,7e6ce7b429c91ba2957ba7ddaada843228c3ee75dfa4d7425a423a17b65054e7,in,bc1q9mr7jtx2cn6883epz2upg8r4a2w77gk3huh08g;bc1qjnu6htdkcd3gtsatddshz22v3k0l853asrktkg,0.00035544,42.06,0.0,0.0
2025-07-25,892b6a5a68f73c8320b626fdb6c8fd6061428e31995c2f2b66a3d1eddde7dc86,in,1AwHtEdA4Pq6c8QBSY9L4gn5yuQYuonFaJ;1G1xWa28byYFzQQaNo4imain4wZP6wBJJK,0.0001371,16.22,0.0,0.0
2025-07-25,8b31b67468ff5bbbc962d643bc1575d343e67715b4336a513169f90b174fd35b,in,bc1qfh4gefetz0pyarnpdh0u0dxymcr8sgwn8cg4ze;bc1qnr5spp0ce99z38ggsfrmyujhsrck7rp6mpt4ur;bc1qstsu25wezwh9k5cgy0qe79x0ja0tvp0xst4eg2,5.314e-05,6.29,0.0,0.0
2025-07-25,8c0c243bf2b5d26b3719ee8666123c63c383d770ccf38358a1b7f0f0f6639eb4,in,bc1qrkzdd3hjge2cy8qvywr42l7evws4jhyz9uxde4,0.00011843,14.02,0.0,0.0
2025-07-25,9b5d64746c8322e959f07619112949782e8d26aedae2d4cb4d8754bcd98c9577,in,bc1q52axv7klhjm06ptan53qcx89pehcvt325ggjz8;bc1qth4rw7nc9qalva55gttyhq3u4jqqcg8nhl6r80,0.00029815,35.28,0.0,0.0
2025-07-25,a009850bc906913d7eb0f93c11d958b6a5e221436046bfdca0b9b350b1ce0e88,in,bc1q9knt8axpf06kthpmejrn2vjuh7fvg392v0l6zd,0.00100811,119.3,0.0,0.0
2025-07-25,a129e796dadc74cf59a1292d3be7b01250005d6efd173aa8f1b79177b8f0acf9,in,bc1q65m8ep4tka7ju2e3hfrjngytlu2guq7kehzgz9,5.13e-05,6.07,0.0,0.0
2025-07-25,a70a905d4a9d154e110931d9cc998dff61a6b4db2aa8f9c89fbdc489fc9fd038,in,bc1qucucpkpeyl39m770dkyfccluga42yrl8mj4m79m0dzlm29vnm2jsgdcj37,0.00028206,33.38,0.0,0.0
2025-07-25,aa3b20b9ede0844aae36541ee1449741d5ef7321b2ea78d82d375494b40a45ed,in,bc1qwdmj4e2s909ulhy5wp4hfj59nreye2a2dtnm6m,0.00030057,35.57,0.0,0.0
2025-07-25,aa9b1c1be40d3e9f2c7e9fd0baeac8cc82a7efb8c678ee6d748ff4e8d99ce6e9,in,bc1qk2ch99kxgezy685sp9hdcux62n8f2xx6x2qrdx,0.0001704,20.17,0.0,0.0
2025-07-25,b406f0d03ed407c76c7e39218b0748cb80f65f40815b58349897bc27828ba302,in,bc1qxr8xa8shxxsw2u8lcj5x5zgchdax24k5zfjwue,0.00018986,22.47,0.0,0.0
2025-07-25,b4738983c771f6d5acd080f33aa8cb638bf6094449a2c25a3bbbfe163359700d,in,bc1qpytkm4x92rvet4t7xd6l2hk9gdfmtnt52r86v8,0.00078469,92.86,0.0,0.0
2025-07-25,b6638772ea1307403357a56f97da15086e5da11f409aa46c2db877941c316207,in,bc1quq29mutxkgxmjfdr7ayj3zd9ad0ld5mrhh89l2,9.945e-05,11.77,0.0,0.0
2025-07-25,bd840191bdc55e0b443ed12a3947f80801b152434c431052dc8ff5ba17b7aede,in,bc1qjhh7rkrunq7mpnhlmhg9lu9xf6a8dxdnhkpwmp;bc1qqmlkvefcfuxk7qdddlwnvadxs5utuq2puq2sr5,0.00020482,24.24,0.0,0.0
2025-07-25,bf1b84b814a07932f4ae3e14fe4537916dae60ddbc27da94fd77ec6796e160d5,in,bc1q758xk8ur387wmqsk4sy8auxsmpp9x727t563jy;bc1qf6r6wuadhqtm7vfr54p4u0ch0qsmm39hc4uz8c,0.00017553,20.77,0.0,0.0
2025-07-25,c6e8700f634356f5bb0729d1a3a6988dbc6b98a749c27909ceb1b566d259b48c,in,bc1q55cawtc6d4czhwjtfhynnxr83hxceh6pm2hcdw,0.0006817,80.67,0.0,0.0
2025-07-25,ca3214e1220dd8872700f828277cc7b0c7d7e826974c5f2ff2f772488f0b53b9,in,bc1qkgy3vundrus2a7jqknk5su7freucd72mxktr97;bc1qq9aj6xtlt7taqkuw9m4qpt5ch3346excq5r8p3,0.00013403,15.86,0.0,0.0
2025-07-25,d4bcb9de75799eb492af346163a5f4dfe24004ec7e27b36c895c38755ffeba54,in,bc1qvv9mmva09r2vne3ecqhht8j85r66nn858gxcmk,0.00035,41.42,0.0,0.0
2025-07-25,dda3563a32113a7bc6351a4ce30fb3148eaaef3a152fb50512a7285a82783756,in,bc1ql7nhy3jsls9l6lwzar9xmwuft0ag0chrw5rqsj;bc1qnlx8a4s9kmujfxw73yqgd0rs86kmmkc6lefzkj,0.00013372,15.82,0.0,0.0
2025-07-25,e552cbd74f53744442569d25ebe43613b6cfe1d982a675b1415c624672101433,in,bc1q5w9c8w5kd5807zk2wqtare67dmcj3m6ee8yajl,5.009e-05,5.93,0.0,0.0
2025-07-25,eb55ecd5db3c3be8727927917cdfde245799e77ecb823cac34fb878702ac99d2,in,bc1q3sv0zex7e3arlpjvwdadluekutmash07m7w4qs;bc1q8jvu2meukapthpm0h6g6q5u98uummt5a420au6,0.00021468,25.41,0.0,0.0
2025-07-25,f5ab8808f1ae13f2d45ca4463252c5bafbfb60428f41cc9f22159a34ee9d49dd,in,bc1q40yza74urgechlsr7rdhml4qdaj39mttsugqny;bc1q8r4kdul0pjcvqyj9p7xw3j9vfmwx8aep0v6rm2,7.761e-05,9.18,0.0,0.0
2025-07-25,f81f6ceec9db497b1dd079135c001f072560aed3b2b0f06b7124c8e84293eb06,in,bc1qggs9twghnrtmfta0lc3z5l8mr3d4wqtt20t7cp;bc1qsev8swp8sxmmxa3fd2ctsvpkhf9jxkpjxq4u02,0.00032433,38.38,0.0,0.0
2025-07-26,0739f67f57c539c590503fb413779a4d39eee1085ada400b71182c1b5b7426c2,in,bc1qp5eyv23nrn7ngwmuzrgfkp3vpxjnh4m9d0u30m,0.00018703,22.0,0.0,0.0
2025-07-26,076ba2bfee4541a04038fe51e6f7f0298946c7e186751e385d1374b1f9479f87,in,bc1q7ggg00xaj2tf5fa5d3us4y7468ltrwylpm3euh,0.00036195,42.57,0.0,0.0
2025-07-26,0b3d702e51650c6d9e10d3505752d8db157f859aaa5a94c307e783728f21a51b,in,bc1q6asyf4n00ae4p36jx4uxlfcnudac4nhz729tt6,0.00018423,21.67,0.0,0.0
2025-07-26,0f0fdb02a865ca34be8cd8f1bd01e2535d59dd8976281a64e44f03478c7ba8be,in,bc1qpfqf6txj7t8eufhdsztjfad773lqdq8gnr5yfv,6.531e-05,7.68,0.0,0.0
2025-07-26,0ff4f476829f61330e9fd7793946ad7dce80e70db5cf330a07279c038d426e83,in,bc1qwwn6d6zj39mkmc0wgll7u0xee5pfj3t5vftrpw,9.369e-05,11.02,0.0,0.0
2025-07-26,2109edd9a3a6c73046a614ef8083c6e4a578e4f64826b73da353144daed45979,in,bc1q6r7kdxd9je5mdyauerngfn38v659cznlngxnss,0.00015821,18.61,0.0,0.0
2025-07-26,2173757d9bd8bb5926d4dff50bbc98d1e84fe612def4ef7e5456baad55d0c0ce,in,bc1q6j0mamtahnphhc3znhezydra7pn6n6aqs6mkl3,0.00021313,25.07,0.0,0.0
2025-07-26,290e852574d0c3404366e8feadbb3d5625f81f324d6aaba536ad9d3349f52734,in,bc1qy6v6mf3g6a9cjsggt4n5r75hqy5vhf4l8jr2rh,0.00023017,27.07,0.0,0.0
2025-07-26,2fee3e7a914e4658ac755dc1e7d9b6a5bce5468466aea1f293d4af61eda00432,in,bc1q9v6epk7z673awz88ahr7l35nde285u8tg8nqcl,0.0001,11.76,0.0,0.0
2025-07-26,3241c22e6553883cfde940b15d94c1d7196a4943baa46b5e65570b80d271f605,in,bc1qscve425sjgddhmh2qn30mnw4a3v3m43q8unaw8,8.471e-05,9.96,0.0,0.0
2025-07-26,3e1bd8851eef13c84d289b85d9e4e154b4e7625a859680abb1dfb6b23dee2fb9,in,bc1q5malgc3amur04zuztqh0m9sh7w3x3n9haprfsh,0.00204248,240.22,0.0,0.0
2025-07-26,496f71a01e8fa313ac1b1fc10281d9c9060f4583c0d2e9c9c5e1a300a8b08866,in,bc1plyz2ydvl34jfqxcspz97gm7fy7u6nmu8q2gfsan0jad3ag34wu9sksnncn;bc1qy0slpeju0r8jfz8ylgax4tljnephrggr5t38at45yzmtqs2k3rhqp2a5qv,0.00040134,47.2,0.0,0.0
2025-07-26,4d7cb2a50e7bbb61f39034e4be2c9906b32578b40a00b61b7f403fc5a2eba6ac,in,bc1qje5yj0v53lqyxppyzgevwy086w0vuarp7eyehz,0.00047142,55.45,0.0,0.0
2025-07-26,5a01eda7f08aad8acfd86a79ee883cfeb6892db59c197fea04321f0f6e583d45,in,bc1qd28l4mttkc7230p8cx76r25ry9en4485ld95pp,0.000245,28.82,0.0,0.0
2025-07-26,5b191bab726ebad1f947454c3d8941c817f2df8918638f5e37d66978e901e09d,in,bc1qcxat5suwn7sysgqm73427s4hrspn9j4fg63jgwe60nls0tutn5nsptpurm,0.00124278,146.17,0.0,0.0
2025-07-26,5fc90c7782b3fccc80376eb886925b26ea424c59268ffceeb9a584d2973611e1,in,bc1qkqdyap0tm3xzm8svpu77md9pmdntmw5t7tzjlr;bc1qyzjsxjgdkqgy2mmhn882zv6cqfvwjchd4m23wd,0.00013303,15.65,0.0,0.0
2025-07-26,64017b0879e21b22494a6e732c4581e8fd9a40ee70b49e8b262e19d144ef6279,in,bc1qxdz5ezm2fgm27lcu7g6yjfdckqs4rvl2mtzmvp,0.00025991,30.57,0.0,0.0
2025-07-26,6ad85e09ed0ebdded3bd9c842dc9e389c322eeec7176d4960fbb33545fd72ea4,in,bc1qn5nk2yucg3hquyah6k4kckkxwwtsyyhh7vyd2d;bc1qrgyckfrk2xmy8y8aqcwqwdw94kf9w97t0ezucc;bc1qtnncp9jezsxlc5dpdm0k7a8a5tsss23wjsfvwn,0.00020396,23.99,0.0,0.0
2025-07-26,6b0c0a529ababa6277037e7f091879252442403e57914d1a5cdb21bffa51e383,in,bc1q2m04kypmphw2jssf82qyjzv4fu9s8r6h9k9hrr,0.00015903,18.7,0.0,0.0
2025-07-26,707330fa14911e71db0194c6a2f77ecc2461d4d1e84da36e2140ee96aaaf9712,in,bc1qqejs2vn0lf9qn9klvaxnnxhxcvuehvmtgcergx,0.00011568,13.61,0.0,0.0
2025-07-26,84a5642d7d5eb209f11d345d66a26d733ba0ef6885d5154bbfe084ffd6f21242,in,bc1q7mwv0x5wl3wt8ypyugkpnq7c4v7pa5d08d6nmd,0.00046794,55.04,0.0,0.0
2025-07-26,866ccc5388772b918442d92b54cd9ff12ad1804cbf8472264151de9c1beb8beb,in,bc1q9uj0835gc6z8juhx2vmpg6wm78rfckevj75p93,0.00012892,15.16,0.0,0.0
2025-07-26,9082e0865585c9a6cedbba7b9ea7c5f13e32d82a3d1b8aa5b60b3ae9e6e0344a,in,bc1qc25jp38u582la8w5yyaya4t0dl857kh5l4ygyy,0.00021189,24.92,0.0,0.0
2025-07-26,9e776e90d42c385faa5f7e176b7716d9984a88803212b5c0737f328197f0c8f1,in,bc1q927lkwjhpztqehv6y4npgshnyqqderdke3mlss;bc1qcrclzz82mdw6y48vpnr90j7mymw9v5ykczlhky,0.00015488,18.22,0.0,0.0
2025-07-26,9f48463d9927240eaa204b9f44d294a81e171fa80cedb02acf2648c6759b7167,in,bc1qznsvmlrfw09t7uu8hfnt9z02ydpgg975wqc6w9,0.00013791,16.22,0.0,0.0
2025-07-26,aa9df675eb5b6686d7fda5b369ec8b866dd07a0c9170498349a3692ad0487b13,in,bc1qeaqg0vzsmtf57afuk5rcuk33r30awmqwgvdyc0,8.869e-05,10.43,0.0,0.0
2025-07-26,bc18d5609ccb17232fce6a95a8f4a4d95ddd4a99771f0b604d1eeb7564961798,in,bc1qgj0k7ke6eulr2qslrfc5u2xhrd0dayvj27ruhs;bc1qx32m0nlqdrnqsayzcmm6l56l8pcw2h4jwyyu32,0.00013006,15.3,0.0,0.0
2025-07-26,c703b99118b7ff16495c67be267e2aff41b2e0fd01369ccf9d47f9d55d97cb4d,in,bc1q2hdtzhv5tpzfhmsgznr2y85ltuk4af0zf6j37lxnv6jswy3dlxmqsl57hu,0.00013296,15.64,0.0,0.0
2025-07-26,cd810e4cfb6686c6f455eb8b00f9cb7bbe8875dd9af2db7144c69410a53c54c3,in,bc1qm34lsc65zpw79lxes69zkqmk6ee3ewf0j77s3h,0.00033,38.81,0.0,0.0
2025-07-26,e11ccec6c287bf4cb224128f8ca0472ba2f63cce55287dab2b8146aa2ba91635,in,bc1qjj3ecgzsfas5ct6gqvn42a9p2fcga9ur7zwl5r;bc1qjnxt2y796qce7set56lr9kuwdyqn3qg4w7gred,0.0003813,44.85,0.0,0.0
2025-07-26,edbff03493135a4101ed3b19ea3b3b1e3414a00966ec7eb67f634cc6cd53815d,in,bc1qc6r8qqznr09gf2fng6hfprqxac20t8att006ea,0.0003217,37.84,0.0,0.0
2025-07-27,07e2c2f4453ad31b5d436f5701f03ab18faf1542a8841d6ebc0353d9a4d90fbb,in,bc1qta5ayr8ncs872ltj2q047pczv9tygk7kkrlera,0.00125722,148.25,0.0,0.0
2025-07-27,13ff0dd4ce3a8491c6e1d211aab57d6244b395696184c4d52df3c806dda83baa,in,bc1qespt7hksl6hnudjq5uwa53j0lup52d5tnnadk2,0.00034008,40.1,0.0,0.0
2025-07-27,158075e2b38e3ce733415ea17acbe0a9c976037de7edae48ddbcce8bec362173,in,bc1qs46fmphjwgxehrurudkn39e69d2lupuaa2yrmj7dnujtes65f24q4r5hlc,0.00018361,21.65,0.0,0.0
2025-07-27,159b858184144e72d9b74e5215dda1697c152aa49e3f7da4280ebaf46ab5b28c,in,bc1qtdjfueptyc0vwxxfvrz0zexsjtkhnrmrlxyhpv;bc1qu78yv62g024keg68kdj26u47jzz58mlh3xw49z,0.000209,24.65,0.0,0.0
2025-07-27,169d30b6372ebc6dcb4f1a03e012307ac18cfff723e04311a9a522f41e0838be,in,bc1qnllcve4lx5xgnqdf4uwja3c4chxps25tk5ngnw,0.00024956,29.43,0.0,0.0
2025-07-27,180d8a22446ddaf79312089b12a6f292ec2df2e0b2529d98e4b5551d19ec8c87,in,bc1qcnteqfm5nkqawvf95crzqjvqwgdnt2nw6ygpq7,0.00011862,13.99,0.0,0.0
2025-07-27,246ae8eb9548e3a9a96d7083aafadc38fb515c66c20fa891b4fc8b6a7c987a08,out,bc1q5ahv83rgtwwmt3yuh7l9evw9cqgxfm7hlg9ce2,0.02066045,2436.28,0.00018434,21.74
2025-07-27,3a01ca32c14cdd9e1241e43ca9997441be6464f1c8eb13f8e4b1a1de657f6049,in,1Fck1LBJ4RzPbzhRBfeAXReSQuC3PHyB3k,0.00019436,22.92,0.0,0.0
2025-07-27,3b3e7b387219af6efdbac18bdb4ed4eb976a8023059e0763c64fb76eb9f81095,in,bc1q2utm3l7slafdhqrg9nt02222s5lxq5ez2643h9;bc1qr6fyy65lx5ylc0ewqzw0kd8fqywe9whedy2cfq,6.784e-05,8.0,0.0,0.0
2025-07-27,4b63c18ce0992d066b8f80c5326af14ee7bb83783644f730937265ebb92b12f2,in,bc1qtu6dwsjvd96k4pqrvcyw2lkzgdgwssqsvchsdg,0.00010346,12.2,0.0,0.0
2025-07-27,4b86c57d4a8ede03b62f881853d4b3f4a55ec2305a928adeef35ac0394f5ed3a,in,bc1qx2hnq88c82dlfl5tu3zv7t24fyrtu8cg8weu34,9.821e-05,11.58,0.0,0.0
2025-07-27,4e96e257af32376fc9565280e600a0afb6e22f70b1719016a40bff0930a5828e,in,bc1qnuqcq8s6mfd5mmuvxcc4u9s2dvzsxd3mtwvg7a,8.972e-05,10.58,0.0,0.0
2025-07-27,51846ba9e9ece14a48ae8255fd55a2f3b0e3323bb50611dc000025c38006aaf4,in,bc1qm34lsc65zpw79lxes69zkqmk6ee3ewf0j77s3h,0.000122,14.39,0.0,0.0
2025-07-27,6dc151a852eb6892826a3ef5ee66d0005800009d6117d8934f553927d666faed,in,bc1q5nfngu3zjh92dfclhc7u24yx6xyu5lz9rm30ma;bc1q8ryk5dtdwudxyn2fgkrhanv3rnus28agwef998,0.0002928,34.53,0.0,0.0
2025-07-27,70e46abe5f9166bed83f666fdd85c6467700a9fe562ae79edf9a4c0a1f559b30,in,bc1qcv5x6vkdux05mp56r49qw08t9dj4s2xdl9gank,0.00013362,15.76,0.0,0.0
2025-07-27,7763df635595fcab59fa4e8e93b2d8d6902fa96fd1cc7ab2d7ddbf078a866d38,in,bc1q7z0q9ackrhts6nkpg0l3ktxhqng2894xfkdgyz;bc1qkm025427mq696c7myz7855859rxlsuxhxhsnw6,0.00037483,44.2,0.0,0.0
2025-07-27,8a6731e6c734a977d0c852ab69cadd1d55a2bf7f9f4f4196dae0eb353b4d845d,in,bc1qp8jngu6peeydt0p9gkmplnv5tf4x66d7znjkk8,0.00019658,23.18,0.0,0.0
2025-07-27,8eaa10b266da02174e69a5e6df95975db75a0c22e2280537b763f2ad3efa63d9,in,3H9WXKYPqq4xo3ahuQvEDcDJBgFJcxGLpJ,0.00011031,13.01,0.0,0.0
2025-07-27,95a5e3ea34219744aa9b5d1787ffd52f8e96fe8509474f3c69b90415b512c170,in,bc1qcq4t5frrg89vj7j7ktaf7dgya3l5jweuz2wekd,0.00041981,49.5,0.0,0.0
2025-07-27,98ba43c32910fa772dd5820fbc9c71c5c1473ff999694d96e12972c99aaed485,in,bc1qp77ef0aurkwyvg9pctr6ewjcqat3m4qxtvrxxg,0.00023806,28.07,0.0,0.0
2025-07-27,9ee41c966be092434a032be023bf4754df38f0a14cadfc17ebb1ef9dfc0dd9cb,in,1BB4s9PnHP5xfyPwaiScZ1YPJzGF9fotQQ,0.00020056,23.65,0.0,0.0
2025-07-27,a3fc72ba0d01fdcf9dfc8ea3d79a1f930ce6084509824bc28eb376d719872123,in,bc1qq9yagp06np7vtcpe27mgswxlg70wppxp8kreyc;bc1qrpsdjxcgcy8cczzdup374nv7hk9hjssgxaf34d,0.00093488,110.24,0.0,0.0
2025-07-27,a945eb9200fe588cb34e77cd85a729636e345e2ca2058bf0433331f7e32d1614,in,bc1qeca6mrxu49hmeut5jyy63vqehfyaces0eesqyea7jv9dlynczwdqwd808z,0.00061657,72.71,0.0,0.0
2025-07-27,c45b471afdfde952c37c8eb74ad44dd92f8eb5837455c1d5c5656ff9569b36f6,in,bc1q3mg9q9sd7r3wpjjm67pd77ztgx4l32lll62t35,0.00067884,80.05,0.0,0.0
2025-07-27,c5e921ccd1bf10414a05d7fc0968158c06d3323f39a58773ed85b8161c84e452,in,bc1qpege69rpnzgwvpvm7wtnsryke5pcs507ufe77k,0.00013207,15.57,0.0,0.0
2025-07-27,d05e15749b81801bc26e2ca40b44a08145705b98b983b8a6a6b0b7ed80ea474a,in,bc1p9nx03j8klvh5htda5zlyup8wmfg06mm8mg3q5ya43yjuqzxjsxcsrdhsuj,0.00041123,48.49,0.0,0.0
2025-07-27,d1162861a6fd3ba27b7028dc0aa7c350fe1ec3da96efd2ac422222bab16e6668,in,bc1qnt6rqtw3w74nh6thm9zeecpdcyjke70x7n5e77,0.00039248,46.28,0.0,0.0
2025-07-27,d62057b509910e7148351ef0d87a8cf78116de9112d7f8814ddc3564637594d5,in,bc1qtp7yhrg9dwxuvur5klr9y9hjxel5x79wnjj6jd,0.00025433,29.99,0.0,0.0
2025-07-27,dfefee174ab9c00e9ed00bd9cb5aaac9b6dce7ff0f5f3c36c4813fefec24cd0c,in,bc1qfgwpf32e7jev6c27r5d2dq0f6ss22awy5e5a6d;bc1qgna92un9q9ssv4lfzavmcyrmy607u7zpyuqw6k;bc1qmqswxsc05gp2dcnee4g6fujasea4c6fgjnp52m,0.00041191,48.57,0.0,0.0
2025-07-27,f21e2f0f196a5b368f821bd3a7339fffe94918da8c688fd68f86380dcdf4d585,in,3CU8xeATQzhCF4gyrP2ixX8e1EwyMB9Hxb,0.00112323,132.45,0.0,0.0
2025-07-27,f79ae9bc7ec9e1b1e97be837a822a47118381bdf53bcc8f32a449ef6b0c6c4f0,in,bc1pmaxfy8mh576ylfy08ey7cqsvzndlrmqanfgakevwsmh6czclxt3s8fd6hz,0.00050416,59.45,0.0,0.0
2025-07-28,0efe3bc2c6eedc48785f41f05f6abd4f5c2a622a7854baf7d6211e4b4fbfd886,in,bc1qfterut9hx9eetplfxxqcdgeqn4awc25vnw9rpn,0.00040352,48.19,0.0,0.0
2025-07-28,11f60b8f066ff911e59bbcf2ebb6abd3001a2a0a3974e637bde0cdc8707650e7,in,bc1qjp0yxytszhxwv5rkt6n5mxwq6ys97dh2n4m600,0.00021963,26.23,0.0,0.0
2025-07-28,17ae1aa26d972055468d299f4d13bd091b56346ee42ddb2698b0d20aed79594e,in,bc1q34zhl0cy5q08qy3twj6r9q787qc9u8uuz0wv0v,6.068e-05,7.25,0.0,0.0
2025-07-28,17f214f156ff221d90796daa043bf1b8e1afa59fe7f07cbc4227cad37ec755af,in,bc1qywf0mhenqgepr4l49q8xfl22dhyqqtk0j05hy4,0.00013934,16.64,0.0,0.0
2025-07-28,1b51d1d12aaa04e91d06b6beaf16588d9ab4171cb6b096bb52f7827beef90ffd,in,bc1q2zpktet45h253l0meg9aa3u05enqpuf9fsgas7,0.00080261,95.84,0.0,0.0
2025-07-28,1c14d8af8f0e24afd627efe992b3124b155566f1a7ac3e49127240e0171925bf,in,bc1qm60qmpq2adfghqclesh8r30c3qsn3wa6342rsq,0.00037725,45.05,0.0,0.0
2025-07-28,2020772ce4c0522f5a77e71e5678dcd75c5af7ffb6e12d8bb8c83367eb3ace18,in,bc1qr39kf2j402yes3ayq0t57608qa6a3zy9er0qzj;bc1qv593f72muvg7efz5pesjhq46mrm6radjsrqycz,0.00013226,15.79,0.0,0.0
2025-07-28,20d3e671f423c82f3621fcea80833c7bdb66f39e4b13f8800480dd37c6154720,in,1fmjrdRezVWh8qnd1RjVfFY9ZND13Fjha,9.535e-05,11.39,0.0,0.0
2025-07-28,273505fcf4056a8bf3dd1dfe2b52aa3d0c1d2239711340b059102322f147847b,in,bc1qzc0l6pyw3zm0kw9v9wlp3aznsrvwjeftrz6uzn,0.00022092,26.38,0.0,0.0
2025-07-28,27909bf9a87427a311a035c5f79879b4f64cbaecc44da477cb695003d91e8f3b,in,bc1q5mlk79u8aw3p7uwk3w42pghpppnhlnfda85hwp,0.00023395,27.94,0.0,0.0
2025-07-28,2f34888b275574efacbf7848b7a48c502b59e260650e3ba196052136510e920f,in,bc1q7d80xmlsva9qac8phjs5z39q9yr04qaqg7te8s;bc1qly8vvmhqmtqa5kx5wcz8qz5zex5y28nz53fj0l,0.00060939,72.77,0.0,0.0
2025-07-28,309e96bd27fad291c3bda90a3bac43cabab2f85ebf054873a39de3e26d9cfb19,in,bc1qfctxhdes9hly9auk99htpx6ajpc6hrmudr8wq2,0.00015347,18.33,0.0,0.0
2025-07-28,376dd04d289b966aa29fd7ae288bde6cde652388b9a4795b50be9675603448ab,in,bc1qudpq7q93cjzflzzv340fy223r5k7wjc5jf4xm2,0.00039306,46.94,0.0,0.0
2025-07-28,38e1506ea929507d3b3edf5b687b2c5f92824f46bd3bdea273aa34f0804f8602,in,bc1qcwzw8cv9dlyltmfu6p9fflacl4kncjz0cv4maj,0.00069025,82.43,0.0,0.0
2025-07-28,39e250e3031ab5c45e89d010cf932eb6d06355022d93d2c8ecb2198d90bb53c6,in,bc1qv7w9nlk3lwpx2405lxjql94wmcka898eful447,0.00012551,14.99,0.0,0.0
2025-07-28,3c3606dcac1f805f4fac64bb92dabb33f4605421eb080bec6e3f64e6804174b9,in,bc1qyw6yzt7vvpyg8wz7axp0e50r770j0fatze35xh,0.00035858,42.82,0.0,0.0
2025-07-28,423f152871b9d50f2bd3f9da7117c3f2429ff2e4d5105947c6fd4cbf60f97cde,in,bc1q0ufjlgmhh6tr50k332x4qf3qg5lpfu80h8eh7p;bc1qjdkw229cgyrfnhklr5jtnw4897glee5mwuzyt5,0.00053196,63.52,0.0,0.0
2025-07-28,4b056e4ee4c3a4bb503762cd7bc9bd5a630de249016cd24a4cbfcccdd15becf0,in,bc1qm60qmpq2adfghqclesh8r30c3qsn3wa6342rsq,0.00033527,40.04,0.0,0.0
2025-07-28,4ca276d31475670157ff117ee272e6b068610d76360b42f444f586539a6d234a,in,bc1q8wt0a3v9lrxfmpddk34y5u4q7ymahmjkua275h,0.00028695,34.27,0.0,0.0
2025-07-28,59f3c2e3e9a62c79f5ef1105ca1703507b020175d97bd59c02d4b4811a8b1489,in,3Qw5ruNwaujERVijeNefhddp95fgnw4A29,0.00086,102.7,0.0,0.0
2025-07-28,5c2d6d88782af779c27da97a3648c0c56fa68e8beae18e245315029b0a0a1862,in,bc1qrpjw0xkuke3eqa0q5s8afljzq2gl3802ugpstn,0.0003137,37.46,0.0,0.0
2025-07-28,6b3e3090494272aa976606543828e675bb871f2fe4dcf0707b935df966f6adea,in,bc1q09jd2f9l5760jc4kuy6ktt738dagn64c668tpj,0.00016076,19.2,0.0,0.0
2025-07-28,6d8f5d9e5ac90b3d46d707c7de1a3f9c8b471307ce954d3ff91b0df9d9f3381d,in,bc1q5vm5q7clzd0wlve8e6uyqgf3ajj6ar0gst0yl8;bc1qzp23mzv89fv0hsj03p7jamqljz68z0glayphkc,0.00020174,24.09,0.0,0.0
2025-07-28,6d9de2751f48f044101f38a2179a2029f1b5872378b221c379cb47ca12793e76,in,bc1qcn5pcjykcerwk8dhk0gkyxy0w45hr4ajcwcsknhfxzc8r5vwk03s66h5ht,0.00117657,140.5,0.0,0.0
2025-07-28,6f9afd3d2218022b97559cf9e34a5bb160a454e838a1c78f6f0624d8938c6361,in,bc1qau82drq34frhqrpcf5rgrd3spdznlhe2j9pe22;bc1qhd8dt0mmtf5cpzz7e7l89395h7e50uuwsja690;bc1qk0stkqtq4tqfmfpy32qxuzz9frdqrfajdlwam0,0.00011456,13.68,0.0,0.0
2025-07-28,75535814bae4e266ea0af3f36d6c4f1f3612d33cc18635dd55fcce6e5bac48c9,in,bc1pe0np3np0h0xlely3tuawewnpsw0zdkpnsxd79rmacaw20nqvz0escm6y78;bc1prm5nu7u54t6pp3w5zwam5vudqlwj7a9ee8gcddzwz8zpeyj9vh5q44ns9u;bc1ptxdy69rfpmjcyy798a3z4ka5a4kjhz5j5agmvcc2ex4dpwgvv87qxdklhs,0.00011721,14.0,0.0,0.0
2025-07-28,7b54dc34ac7172c4514fa4755e6fc3ba52f8aa0fe04b861d65e6a11864741779,in,bc1qtdct2cuwa9umuayysk6269n8krfa8xn7akx4p8,0.00010793,12.89,0.0,0.0
2025-07-28,8501028320e8ec26bae847f2cd5717393cea1052ae4132288e4d611f8fdf3207,in,bc1qcrdvgspkeu0scxd75s0z8tf7uk9kn8h8wq3v3c;bc1qztvdtneylmajquat6tlskavpyl9apxwxjugwvy,0.00037872,45.23,0.0,0.0
2025-07-28,8618720592de4aefe657858ce3c989aab36724eb875d0c02040db2638b210256,in,bc1qe7ug5efpf2um00wp2q7kqz9xtxlt77z6tlpfkj,0.00045258,54.05,0.0,0.0
2025-07-28,8e325cb8a2da4e513ca3537a6c4c3e1b7adc29c02a2dabf7a7c1adeaf2424fe7,in,bc1q2r02dj088l7758lvmxjylw5n8hnyg4was4dxqz;bc1qg0xrywgtawtrpl2klc379f5c2rv09qee3r6kr3;bc1qjedfy3pyyjlgtxpfelqjdtznr5a2r2q30ddjq3,0.0002496,29.81,0.0,0.0
2025-07-28,9ff3966622d319a5cc20a6715dbd62ad952d1d7f475093e0c6ec3545375f6b17,in,bc1pcparahhrpjkg2zges09cdavz58t3gldqvhteuzh02edwgmllkcsqpm0kua,0.00059952,71.59,0.0,0.0
2025-07-28,a046e03f635df5ddf5f1a13cb74177066db0ff25b701be8f5d834272717c8af1,in,bc1qjedjyedvmrvlpx6vn0lwjzxv9kp7dyatcgdvta,0.00067316,80.39,0.0,0.0
2025-07-28,a189267c1b6c8495f1718bfd661258b9a7da5eabaeb9c06069beace2393f8f32,in,bc1qlh5ycgaavq6p4psmcq4lngmzyyzd6nzn4a9z6h,0.00034,40.6,0.0,0.0
2025-07-28,a3eda353e5a0711931e9c8d2b947778ecfa5862c10a31be53c436985e647daf1,in,bc1q3r5y9cec9qxhvljp927uu9sgxflyn557zuh8pd,7.534e-05,9.0,0.0,0.0
2025-07-28,a56da4a8b86e857227ef2af7d9461d57f9207a609fa06d42b984fbd35d0cb5b9,in,bc1q9yueyn73y0895gj5wxm8pucxkky6mqsavqf499;bc1qphtcaaanygjffvck2zp42n5lhw0rr47l6dtp7k,0.00016915,20.2,0.0,0.0
2025-07-28,a5ddb64d11ac8d82fbbd3292623ae413b557e0091d126e33fb48063a64e2bdc2,in,bc1qzlcg8z7p8p82hwmh4zkl0glu4dw5dyj29kszdh,0.00078902,94.22,0.0,0.0
2025-07-28,a63a4cdd684daedec186bfbf8f6124affde39ffe6761a3dc3d17cbf72bc3ad8a,in,bc1q2cdfl8p7pmrlrl6wmhyeatlerepjhcf4vuyafz;bc1qr88zyk4atldc5h4k5u76ntctn9drz55ywvndsk,0.00014774,17.64,0.0,0.0
2025-07-28,ab29fc7959f1fc41716dd4b2779ab9486710d9d6bed3d65de459905e470ca3b5,in,bc1q5s8e4a0epa67nsx3fuvw68tkjprx6u57dp9c58,0.00049404,59.0,0.0,0.0
2025-07-28,abdd75f1ac12ab8864ba51d0fc566b409bc3c855b0bdaced3cc85a2b2090a5f6,in,bc1qe58n5f4npw08wj9zj3ay86z5q6m7zqx3l3fmj5;bc1qhet6rgp2wdpdkf7f9f766sawe2e74vpnfcuh8c;bc1qlk6tkkak3x9slry7auw2ysf2gljemzxhuz4e8a,9.007e-05,10.76,0.0,0.0
2025-07-28,af1c3009259ef30e2aa4683206bba720af08860fc605c21232aafaad346d92b0,in,bc1qraf8nw7eml87xj5k73aqxspm6q7w5qkjgyc3n3,6.774e-05,8.09,0.0,0.0
2025-07-28,bee8bd6f4547cb7060fd6f9804a8b39684d61bfa137b3cb78cb4ec91b5f23906,in,bc1qacfukp52nvr00g8pg886stlnnm32utp9ud0j0p;bc1qwjf35uh9dzfllqjjrj0ccatvad9j89gw3c3mgt,0.00013182,15.74,0.0,0.0
2025-07-28,c6792bbcb3604b013eb3abdf2b6790119e587035b6843fa70c86c1db5c9bb84d,in,bc1qtgn076ng2ewg6909e5d86g0j3a3nlr5dq87l0z,7.539e-05,9.0,0.0,0.0
2025-07-28,d512c717e3950b0b15cab3b8d5fc079c93c663f125bd8f42f4cbd59745d1637e,in,bc1qjt59g2hne4wz08k2q5zftkesr0ace0u5qg28pg,0.0004202,50.18,0.0,0.0
2025-07-28,e36f61657ff62ab6de1b36bb8031c6a4d9f23596a584efc60c3023017cc6677d,in,bc1qtd7cnc87zhw9atftm6najvkv04hqs5xn807e05,0.00016967,20.26,0.0,0.0
2025-07-28,e3dc82b6801ca1e7075e46f05d491b15ed63ecb89efaa0f30ed4c7a6ed1ac824,in,bc1qdcfr0wpcf3nlpfzfcwqhchxpns586c8j8ew3ta,0.00012495,14.92,0.0,0.0
2025-07-28,ea4c4e44edbe54462e794d2b66302b00bab2753c632553eb5d5d8fce505e93f2,in,bc1q5fszqqemxsusdza3rtym9qkfwesm6rszzrkp5t,9.586e-05,11.45,0.0,0.0
2025-07-28,ec09dbe5693c064b02b3375b7b51bd4979f36635ed0c63d2559d59b307d0cbb2,in,bc1qyavp0y83j0zx6t6artac5t9sqzya5vdrpthd2f,0.00052253,62.4,0.0,0.0
2025-07-28,ed4bce0f4525ebc2df1e65719d26fe0d13b787bb24c256fcba2bceb8678866c8,in,bc1q93j066t5ya4rc2fy8td2zjdnwrcgt866sdsswk;bc1qadntldwsc36za95aszpu2fn8raq733fcnemeen,0.00014805,17.68,0.0,0.0
2025-07-28,f1fe713c3185ec02c7e303217befba685de39629e2fac95167ef3249a9e2cf22,in,bc1q0uxjw4x5wtfydkraeyk066qm69xeghaqh9zn37;bc1qdgmcj3lqc2yjq4flt3c2mp4l0zq4wtu0mwntx0,7.311e-05,8.73,0.0,0.0
2025-07-28,fcc79c497c0b9d76ae0d073df8090d26df9f73916d1a37af445b5a40fa7cd06c,in,bc1q5ahdf2penk3skj8m5fhyds83k3gjz0pmwz40r3;bc1qqncjus6pzjmc0ahytusl3lft4ucfffuly5qm3r,0.00017832,21.29,0.0,0.0
2025-07-29,00dc94052c95d2b8a5ab56405c2f6b6f38f0dfb6f9c495a41afb435a00a119d7,in,1NdriBKHFa7ziuFdKut9FgJ9rrBkteax8H,0.00048025,56.7,0.0,0.0
2025-07-29,0195d0f89ee885185d5dd2415d62183ab268189de00ce5213e0d926fd6bd0604,in,33JZHTGEX3o3qsAcqjeMA5YbshZawdYmgu,0.00010003,11.81,0.0,0.0
2025-07-29,01c619fc833b7455591efad4879d9b9f2c5f760ee476555e3fc210b95d34bb8a,in,bc1qm34lsc65zpw79lxes69zkqmk6ee3ewf0j77s3h,0.00012215,14.42,0.0,0.0
2025-07-29,1c72fa57c0985cbefb10b707f35b4d08929539274a18bfad61c50fb8edb7f70a,in,bc1qa08vy95zqjce5f8mk2adxc4398w9cp9g6g8fpn;bc1qhpszkhx3m6zy2zek6sz46v5fpldf7d2ya5fvls;bc1qz7mnupsmqn0jel87k6uejekvmttcu5kzrc59ur,5.928e-05,7.0,0.0,0.0
2025-07-29,2a73b48a6488212cb2f8b50d9f19328bc0166b9e2eb9b2ead80885ab1637dd00,in,bc1q32ewlmp60k5vuz5y4ve8z3mllnx08g0l62cgg7,9.918e-05,11.71,0.0,0.0
2025-07-29,2d5047b371d1e4252eb105ca2bfcd7808bd564222a24ab607d7e0d40902c1230,in,bc1q0wu0tqp2u3rtunjl0h0rsl9pvf86acy6sep63st0lp7lgg67ykzqeq89pn,0.00031665,37.38,0.0,0.0
2025-07-29,2f074de1101effdd80d2849ecc04962387f57c5c9cc75740e13c03d40da8c62a,in,1PjnLLjtA2okq8ZPv5Je3YN99ccM8Chhji,0.00014876,17.56,0.0,0.0
2025-07-29,33be83c3d4c65d42b2a6d0907a3944d835239a3b64a11ffeb6d50ed36c65245a,in,bc1qtny86g3mmny5tasj0x7fgn75peqyj3xv5cyens,6.352e-05,7.5,0.0,0.0
2025-07-29,33f1c22bb3f54ae6e3a7e0a2625f4d66e134b38eae726d68353991b0b49f853a,in,bc1qgyyv0cyk6fh7urng6yum70txus65yd3lywgvfe,5.011e-05,5.92,0.0,0.0
2025-07-29,3555dddcef3952406360d047baf33af017514f98f4c08494b8b66977a4728f8e,in,bc1qau2ea207xa2lugc449qn306h94225xmt73w4km,0.00067201,79.34,0.0,0.0
2025-07-29,37469ad6852299fd1a3ce0523c43454070913d12a5e3941c4f933c35dc1f89f2,in,bc1qnf83nykhr9qk5dcxezvrcftwraekck6p62ehkz,0.00015924,18.8,0.0,0.0
2025-07-29,3960aef63ea74ff93254314850f5bdcdeb82105b7dce6cc8c5b24900b4708f53,in,bc1q09z0sceyvuz89fsvtslr42zjj927q00kp8n37q;bc1qlstvt5a9qv7j2lt5q8wpjefwcamdxjkf5wm3ag;bc1qy4vahd26dglpk08va03jshtqg4d0q8s3zzt2k7,0.00017145,20.24,0.0,0.0
2025-07-29,42ce45e57af586751a7b8ca7077d9395266dff6fabf4ccdb635c16c4200a6aeb,in,bc1qrsc3j2g6f8tg0y7zr6gq55yw6t355eflz72pq9,0.00010269,12.12,0.0,0.0
2025-07-29,51c3b6cde1e0feceb1d634f1a676d096f91441645ea7ba9ae725462f9c9f1c2c,in,bc1qsnuyfe626fa9tnvmnjfujwtv40xs3n82dvrc39,0.00040539,47.86,0.0,0.0
2025-07-29,568bbca1af1dd325bc8458ad23e4b9999771c4888f15eab3ff8a0851a992c425,in,bc1qn9vvm5w5wh2y3zzregtvva7hvrwm8rvq7p2wf2,0.0002497,29.48,0.0,0.0
2025-07-29,598a7a6fdaea4ccce850dc50a6db0c0b922776a1c3508c28fc14d934a1752589,in,332eVnvsXis5pfe1Z7fHmWDf9ZXZbv3yAM,0.00025255,29.82,0.0,0.0
2025-07-29,6197e16d9b19e43e8b0d490e12d2f9bb29072161c4c31e4ed0aafd6628f515f4,in,bc1qncpjlu6cmzp0tewjxrw5t28j7ehrjrc59k9fw0;bc1qw3wtzyjrkrndvrtq3w2znvnwf0kxx89szdz8z3,0.00021039,24.84,0.0,0.0
2025-07-29,75a239dc80cde0099be8230a2f80e091151b7ac0e3838fbb62a5f6a105cbdc29,in,bc1qm34lsc65zpw79lxes69zkqmk6ee3ewf0j77s3h,0.00080704,95.28,0.0,0.0
2025-07-29,7d66545f696c6554ea233ca76024404a9ffba4253c940578dd7ca5404ec01e75,in,bc1qj9w76fg9cspk0nnpj642927499l3cknav6mpas;bc1qvq6qqxjkfga03hjy2mkax7fxlsrtakappjkv3m,0.00016496,19.48,0.0,0.0
2025-07-29,807913f2794f3a0a4b36c93a107efd2f751b24a02cc2810b5ada9adb748417ae,in,bc1q3p3zyqthj9f5v44n2lf3thg0k58582faas7jzw;bc1qst90ge6d4sdjujegx9d2jqd8egcyfsw5ee5s7e,0.00014113,16.66,0.0,0.0
2025-07-29,852da154f517dd4445ed3f6ba189c5df26ea6a1ca0cfc06c4a3e411df6f9a26b,in,bc1qjp9l9yakr2fdx2ehnppg3tjd855kt9ua8e9gda;bc1qkz03le4vt43u4cf6ftcldymrvh5tzzry587fq4,0.00010575,12.49,0.0,0.0
2025-07-29,8bb3a499073d8f97e310b43c908aa619207f485ecdcaabbd77cbffde87d4dc1f,in,bc1q05ensvaxsx6cszf2up8w0uq7uy6rrq5mykl325,0.00012633,14.91,0.0,0.0
2025-07-29,8e1f8780760f27c71fbd607795dba547f694ac9efce2e2820b3e0fadf709846f,in,bc1q7vt2jsj632cawqxgxz2n0aus8uzr08m79vtkr7;bc1qdsssx2x62hvuv4gjjz4qjsss7ye8dms7swvste,5.13e-05,6.06,0.0,0.0
2025-07-29,8eac098b29f4638b4f83463b762fcc7989a5850cba147fc91b591e177cf1614a,in,bc1qkvn7zup3aa32z2u0gm20pl6dfgamtmqh4rkthz;bc1quchthsghxl5qn6f477gkp53m2rvev4mp07h05e,0.00042412,50.07,0.0,0.0
2025-07-29,9de07299fbea064f96dfdd440e2934bff3a89abc14fe3cd51a60bfb66c0b83b7,out,bc1qzdy8t8al7sqryev2x0jg0flnffue7jw749696m,0.03953034,4667.04,0.00034714,40.98
2025-07-29,a4c8675182ba223de5575e84e508cebbae965abbe972158c9946461747d5d912,in,bc1qzl243yjy9n9ywqahu40r507rurwdc2en0a2zc2,0.00067846,80.1,0.0,0.0
2025-07-29,a5602fbe55f29c8ac19c576e03a18db2b29ad6d832c8d051584d9325236a1b42,in,bc1qjedjyedvmrvlpx6vn0lwjzxv9kp7dyatcgdvta,0.00042441,50.11,0.0,0.0
2025-07-29,a9d37eeee052d6e7d663224a4b1b56179c0030af720b96af3adc00248757fb84,in,bc1q07ylv38qfujfdrydddys9pnjpv0y8dsszvt3ay,5.392e-05,6.37,0.0,0.0
2025-07-29,b20f0a0a19cfbd029d3a7e8a8e42f62c007f751871632c43a39f2997d81858d8,in,bc1q2raplmkqmrgpc2xwxhtdj70nq28jwxtpy8en92,0.0001437,16.97,0.0,0.0
2025-07-29,b9ba6261d14ad1490fe8702dd0a3a463895bc551a9f7624cc2b194ac84dae4a2,in,bc1q48yn6tvh0ypm7z6zuap3tvcacutfm8zx902cuv,0.00017331,20.46,0.0,0.0
2025-07-29,c15a1c9c00a0dca8c7148a2024973f8faa0731e68d240212ef99f597f528da0f,in,bc1q3hxe2zcfcn8gdq7frurlhfntut5r70gwa6pug9,0.00038767,45.77,0.0,0.0
2025-07-29,c6b189e45e7b1180bd71f0968677db7457dbf5465064fb2b15396f9cfd310935,in,18Zb5E2MihtiExPid5VvhnjZA8YzTjaGF9,0.003,354.19,0.0,0.0
2025-07-29,c6ea4e481ea8c050f06d5198696d2d418bec969f4975b560f78663f650e26c5a,in,1CzPQutqUiEG8CerQ3qYYcs7mg8jbYNpp7;bc1qxx43tr9dcwlzjgpy3cllxuys96jl0q26cp82vd,0.00127116,150.08,0.0,0.0
2025-07-29,c9d90c9a17effdaea4a708a8a16c948842876f583b1230fab90a29f53562a1ba,in,3L1p2tUHPwrRN3qgf4Hm1R73e29hFshbnp,0.0001683,19.87,0.0,0.0
2025-07-29,cb0a4aebe5f2412422ffcad8e8c0950ae96b0869a02eb0b64a0a4d9dfd9b5c2e,in,bc1q3jj9v478hu7hyvlv6d9skwqvwq2309jlkslj7t,9.871e-05,11.65,0.0,0.0
2025-07-29,cb16d2572fbcb7388d1a3bd2859213df36ef28a68584ae0236f02cf20cfcf147,in,bc1qfqtx3mdcpqn48yl04a4jpkpj4xxscc0chr7kc6;bc1qwl55dvfz83mgmkcpcxy20q888zagr7ayqyke4a,5.836e-05,6.89,0.0,0.0
2025-07-29,d6cca74ecb16fe6983641b6f09e63980095e8f73c4c99afd52a034ca63c5e745,in,bc1p67ual24spurml7jkrkght28j45d5s8fdnd3g6zt6ft4hefkka72qkamypc,0.00072343,85.41,0.0,0.0
2025-07-29,e32c512ec4b1aa2e08006c4d12aaff8611ee792a2d68ef04e66ac094a1267f48,in,bc1qu78g5tyhemph5vh8er78sj3drmdar8lwsxgsxs,0.00010597,12.51,0.0,0.0
2025-07-29,e3a73f47673d09ded105b1570bf00a866d115f11d1d7effdd6f29754a2925973,in,bc1qaxags4v67vwcqc8np92a22jac5uc2jf7ezwkem,9.25e-05,10.92,0.0,0.0
2025-07-29,e45f6e884c52dba5ce4e166a6773eda510f677c221fe627db8cf1e78abe64d2f,in,bc1qh076250gmztr87c7plfrrs7ud97jcgarjcpupu,0.00020357,24.03,0.0,0.0
2025-07-29,e4af907d726176003d15c48d41cf4bc0ab42ef011e2d73c555b98f4df1f7cb07,in,1EmicEG2CbBSYHG1jksfevW3hw1P6LNvD,0.00027508,32.48,0.0,0.0
2025-07-29,e60614859c26d91e24b103e25c9f3179c2355cfa83fd95adb244ca33d657890f,in,bc1qln4n6vjalzmzvj2dtv9z6kleq7ddtdghf7y4n7;bc1qlqnmdm87f4vv2zfl5cdwr80wuzkvn99zs25vqt;bc1qwdmga2la6qy05jqve935paqdsl4fnr8kffrkdu,7.4e-05,8.74,0.0,0.0
2025-07-29,ec3ecdff0270b1522a1458d10e46123b4e9353598775a5c21ea354bfb817173b,in,bc1q72nmcshx0tmrcj43nxrm9rxxuely938akuv6ms;bc1qgxpqdnt2xnc4ctyt7phs9pcuzl3ne274j05n62;bc1qkrd4209z9phx58epzxrw2dse6ljr6wfhzdgek5,0.00036811,43.46,0.0,0.0
2025-07-29,eeab12ad8856c9f970d8fca87748ed7f9e8cb3c0b14cd0e5c6e6cf8c88f3e809,in,3DgeY7LbbEJ75FuWiCfymaypFg5zCcMK9D;3MWQb66d8JhsrMtpHNoSU9TiBBbm8zmtE8;bc1qeuhymqre4u9cmq9phdzvz22gsmjdf6nmstaf8kp4ty6us3jfu00q2elrdp;bc1qgd7r36hkrrfw823tjtkvmj629t5rkeu0zz06d20svgzqy0nmnhrs7vc44d;bc1qltdc4365sa0m4avqw7me6gajkyzwtf75cznqf9w2gatpn307az5q56dnm3;bc1quhruqrghgcca950rvhtrg7cpd7u8k6svpzgzmrjy8xyukacl5lkq0r8l2d,0.0001452,17.14,0.0,0.0
2025-07-29,f117e5ca25d666eb7e1273137cea136d3d552fe0233cd6c9023e33516059be4a,in,bc1qgyk06y28tl6he3n0c94c4kzzq4phzhf99dpv2v;bc1qweec4ltswe7kh3ekh3pmvd4fr8du722q2z0a6p,0.00017321,20.45,0.0,0.0
2025-07-29,f1588f3d120a7ba778a0401853abe3d69a57b1176fee79f95c18d4de600b8592,in,bc1q6dcj96lt6949jumwrah0c7h48mwsahhgp63vgy;bc1qlypqmpwgjhe02nv2qfs0jwhe0n7xezlazqggeq,0.00037935,44.79,0.0,0.0
2025-07-29,f1f0c71291ecc4548d9d9fc5e5ab50b86e9dcd13aab18645c776b69cf07a2445,in,1P8F2XvSSoe6nksBrKXRcdSWUnvnksuRbZ,0.00026293,31.04,0.0,0.0
2025-07-29,f29592c744855c618530633b9b3d40172fafec47756d66a30f8bb35931f05d87,in,bc1qm34lsc65zpw79lxes69zkqmk6ee3ewf0j77s3h,0.00080136,94.61,0.0,0.0
2025-07-29,f9f9564239f6580d34dba2f2cb003faf8066b408072fd11bd44160f42d976f27,in,bc1qm34lsc65zpw79lxes69zkqmk6ee3ewf0j77s3h,0.0006684,78.91,0.0,0.0
2025-07-30,001b8d6dd07a025aa7bbaed9a121e4ff4866c15f1c0e6b767de6bbef5ea2092e,in,bc1q79huky78gywlkw6x6nc5hagm6gwer9p9ycyeuv,0.00015203,17.93,0.0,0.0
2025-07-30,06afc0902988de8d0849ab998154eb7c66c7ab80a5017993271db38359fb06ef,in,bc1q5dcamry549z8lf97zqz394nk8k9alanrceqad8,0.00012817,15.12,0.0,0.0
2025-07-30,1780f1799040d6a4180ad265715fe1792045c254dfe6b1cde34d6c03adca4373,in,bc1qm34lsc65zpw79lxes69zkqmk6ee3ewf0j77s3h,0.00060302,71.13,0.0,0.0
2025-07-30,17824be7d8d11738cd8b62fe1da01537f7a5dcbabbd7f23544461a01ae404fa2,in,bc1qqq4s2yxk4et4u3fkdfhqj07z8vdlhega7ydv7a;bc1qztyuxt5tz4v3n8y2epvafev6fnh9u2kfx0z8jf,0.00038238,45.1,0.0,0.0
2025-07-30,1b802cbeaeabcc0c982db34b973be1293ff667bd3942f2facb75e07fa87e80f1,in,bc1q7fas866a4ral8rkh6ek3za6773pqmdqfuxne5k;bc1qp5q8cl5qxk49flm9g3c3j36uvezwekwlwju2x5,9.002e-05,10.62,0.0,0.0
2025-07-30,22b8b2a612421508b5e1761ee343f616e56ea78477399d60b147aeb53a98f382,in,bc1q5y6xkx5ad9s5jj4rfmznqutm93tzcg36u9ja60,8.495e-05,10.02,0.0,0.0
2025-07-30,2a90c63d759882d1f77bc23e6d0051bf681808044d5a0c4d2c16d7628b6ca93e,in,bc1qltyw0hxmse3hg53z283r42g3jae0gw7czxj33q;bc1qql8zg59ty40xautp0js8r4n6smz2ap55nydavr,0.00029601,34.91,0.0,0.0
2025-07-30,304b07be46433d86e18fd0123cb095254830e4222c64bfa843ae7ba6718c455f,in,bc1qe2s9n0yvn9d5p2xedw9rva49nrrzl3kp0yparn;bc1qla4xsz2t8kwyq8md3k3eat8995phn2qzuhd336,0.00015476,18.25,0.0,0.0
2025-07-30,317792de2b38c0ffda6ce21e281491e49ff3939cb765e855716cd1ee789d4ed1,in,bc1qw24ut0d4qk5kqza3m22vhka8950r2ea42cve5u,0.00127935,150.9,0.0,0.0
2025-07-30,33590292b9cd16b832b8e69cc74868965ac7e4abe350ff5c2b3be88d7d05128b,in,bc1ql8d7n7j9mjxhf4rcjvx4ljwft8jrjzf08r0rc6,6.81e-05,8.03,0.0,0.0
2025-07-30,3a369ac990791bfef50fd011064e7599bb9373def33270220f7cf5beaff8607e,in,bc1qwt8pw3cjatk7zp99a4xkgyatykadk3rdqummxu,5.075e-05,5.99,0.0,0.0
2025-07-30,57919095bd71128ceaa83a2d87fca2a5090aa5dcab67ad21a619154635e6c6b9,in,bc1qn37978wgplztu0grrs9zd0k62st0yep2dmpgdn,0.00030263,35.7,0.0,0.0
2025-07-30,5dd875e9341e4150a3718a512eeb3faac329b3c2796fb923fbb0beabbc0fa146,in,bc1q7we49rtuq7zgxjgmvue5cv80qxnswsse4hakgllvrxch0g28ht2sdzcrqj,0.00017934,21.15,0.0,0.0
2025-07-30,5f8e6f6d855942adb2a4d59b7885410af48e818e98fb69d0c730e48e213d83a5,in,bc1q6eswkm40ksp5p9hcs3xrm6snwssgjnnz5nw3pu;bc1qft48a4mscz2u5meuap638wx9w9ac5lu663es2n,0.00020378,24.04,0.0,0.0
2025-07-30,6037b6c10fd71057c98022af19b9a4dd7633da6213a772b2f9791b9c2b5d7a9c,in,bc1pxa3u5eeksvsa6csa68uj6aqfpazkzjzhtfus3qgn2wlzs6ewp8aqr9x763,0.000137,16.16,0.0,0.0
2025-07-30,61b091954afaf428ea74a3614ae92b14b11875fc98d684d05f333ba59b5aaa3d,in,33hf1sfMgBP5tqNRUUyFpbDCNgcSdduEVk,0.00011946,14.09,0.0,0.0
2025-07-30,625b55172e72900342657999a6a411d5fe24c35ba0b335538c3594570d77d517,in,bc1qh3e40f0eq7jh6sz0qj97huzya6xprjefrrk9qq,7.611e-05,8.98,0.0,0.0
2025-07-30,63d29b067f18d0bef6886bbd72dcc0f78a7e25677007d3dc8ae979d616a0adae,in,bc1qc2w5gunupchddl7tc29w3cjdu8qlkvxe57ge2w,0.00026089,30.77,0.0,0.0
2025-07-30,74535a733f2d527ec9b9840ccf36b93b3fbf8998cd4b22d27691ce51c04e0849,in,bc1q66wc4mw4xd8j5yze58utyu7347zjwcsgek7yj4jk65duskdq8u0sjzuuv0,0.00013711,16.17,0.0,0.0
2025-07-30,7b9e0737eaa50efa180c8847c5ce8cc854f5f2aec1ca3a0e3062e84278a61424,in,bc1qxx2ekpcvt3xuutsnutemtxg5eqvrzt73954wvg,0.00019475,22.97,0.0,0.0
2025-07-30,84912ea847be3677f21a7919b8be3869ddfd2832f770d79ce8d05a6b077b4b6a,in,bc1q4sac6xt0qf94l57rx4v9ak2ze8nm0udvnsd8g5;bc1q9j4kxcfr6dg24f37jp3wkme4uygj9jtnrhvxma,0.00016988,20.04,0.0,0.0
2025-07-30,8708656b9e8193466abb51f2d5e59caf93d9d65c82d4796ae9d23a2f8423364e,in,bc1q2ffn9y4mgl9m9jkuwkkeh0yw79sges0fque8c7,0.00012519,14.77,0.0,0.0
2025-07-30,8e0c721ef0afb8bab6b7fc4ae24bd373ae7facfebc6f3e8220e81206149a3e17,in,bc1q5ty3wqune2te6lzkzdawgy64zp3t2hvyyvuv0s,0.00020456,24.13,0.0,0.0
2025-07-30,911ef8865fce943e7c28a0e9c81680ed8c7c0c7a5c52d61d8a2ffccfbbcda61a,in,bc1qkf2cs2ykx4pdkunesxd45u9zm4qvzapfk8pynk;bc1qt9d07250up9r5x5r2un4zxkkd8k7seytfwnnqq,0.00028068,33.11,0.0,0.0
2025-07-30,9d30ee0db833b82563e19755a5767448b38e36556ad27bcabf95b57306ecd914,in,bc1qlg67yjl58waxz0d6y8ttqt88m0tmt3p4jhtasv,0.0009104,107.38,0.0,0.0
2025-07-30,aae53b7d33d13a7d7fbfbc7aea3ad92c4861091f103c827baf3967dc9e9db2d6,in,bc1qztrzg8fdudwn8s0v56ne0txdwkyzp20jlxn55d,0.00013311,15.7,0.0,0.0
2025-07-30,b4e42f25f5ca0775896f93628f58c0aa9072f26d4f89e42ca1a1ab04464808be,in,bc1q5flrl5fj968a0zxtv450t8546rzpp9u384gnyx,0.00019557,23.07,0.0,0.0
2025-07-30,be5595af066d7fd340f2b001e279a534b460eba2fe9c702933aaf2022646059c,in,bc1qp37dy0glzj6s9hrdxc0svphznduks8prg5p994;bc1qztvhlf2pxgudjystw5t2sssfddfaf7thzq4urs,0.00010634,12.54,0.0,0.0
2025-07-30,c80f0c1fcbd90da58a2b86b04f41d4d65c38d6c38eca4b8ece44863069861187,in,bc1q2k98rjyu3u53020gmaa2t4peyv06yph0mlhr6c,0.00013229,15.6,0.0,0.0
2025-07-30,c991140d2b1251a1b7aee201b261bfff6b82748db59d07f498a7f9ecf5836e16,in,bc1q5ee6wg0x50kcgs7d8lhfjh4kkxglmdut5ar6ry;bc1qeswslulg3yuxqp8pm53xzge9erfu8pr2g0y4hk,0.00021,24.77,0.0,0.0
2025-07-30,d78e67c314ca2e461b833989a584b0818712bac0add098721526e420bbbf12b1,in,bc1qcen42eh0rnwjr8zg2zwnvr50n8ekk682jjr47z,0.00183411,216.33,0.0,0.0
2025-07-30,e803603a4b93536f599c75398e46be50bfd6a007cd1c6b073910fdadcf0cddf3,in,bc1qjehndxyt82gxx96trz6vztvn5thekxxeg9zzqn,0.00077163,91.01,0.0,0.0
2025-07-30,f0438a24bb11d77e125de8fad681ae55fb3a21a79da8b2180693e21f69af6755,in,bc1qs8zz2w6rdvcyyjwt8p2jzz62trgcp5dtsm9v3m,2.411e-05,2.84,0.0,0.0
2025-07-30,f190d8e996500b0fb21816ade0600066932994206953e538aea7b3da80905516,in,bc1qdr0aljlwedh4lgq5twcjnassq3mnl74rjtxsh8,0.00034264,40.41,0.0,0.0
2025-07-30,f504c9b590d10aeb6ab4d5c81dd408736413a687feaa2f57e841b8895f6c7bb9,in,bc1q0p5lgp37qh83tvwrz338phqrprmgamgttzl5sz;bc1qhu4g4etl6juvcys0s2270pthuh6jc6vtk6q5zm,0.00108408,127.87,0.0,0.0
2025-07-30,fde12b99b3164739929ba57b49456a3d4cd50987e3ee917fab7f5fdf683f1fe3,in,bc1q6zafmgaj0ce5gu7mq2xw0aq2j67f9n5ral7uuc;bc1qwrwxv26jzq2qxm27ve7jg7efxhxc729wsxgdce,0.00029483,34.78,0.0,0.0
2025-07-31,0228e16bdfcbf700f9b8e17d38acadbe3b4251dd80e77ab000a5c9c075444301,in,bc1quaczvsdlenucjcqcn3nz2vw4lk8t4kxag0v7rn5rjuxz2ch48uzqnx2xf5,0.00052521,61.89,0.0,0.0
2025-07-31,05651f4519a82fdc684ff1342112883727275aa9e7aff8aec7f81727717887c1,in,bc1q9njfxd2skzwp2g9yv0k3tpx0xq49kcl0j6u7ge,0.00013209,15.57,0.0,0.0
2025-07-31,06b96f7c093cb6d78159a3ecd94e22324889ac9034eeadbe7a78ef6f6df588f0,in,bc1q9dt35rux2au60epyfnzd7y07lg0ahw33pamlmp;bc1qrp48k84vzhctvn82sn74jzacpcxarvwuvmdvfs,0.0002839,33.45,0.0,0.0
2025-07-31,0bd09a404e63be45c1036bd9856b3370915f55bd29201ae782ad02b3d10b65f8,in,bc1q4yq0aerwkqm8kjfscwg48a9ln8rle409tfd68u,0.00016474,19.41,0.0,0.0
2025-07-31,0cb21d2d875f9cd3e404b3ff92392aa38f1b25424c97d0cf18e3fbaa86b55f88,in,bc1q50exdlvqflh523anchm3gp4658zh79y6dpf55u,0.00054861,64.65,0.0,0.0
2025-07-31,0cce1eeb4ea66343eb1cc64ad725d1588d52fd529ea2da82d9cabc1f8852efd1,in,bc1q74y05vngaesmr8mz8vnlxf7tcvc5f7pp4w9g0v;bc1qk87u090fecwz5kls8qa7xvmfvp76fzqqxf7ety;bc1qwwpze6mhpku6frwtnv0pn0x5czz9r6c4a4qux3,0.00010555,12.44,0.0,0.0
2025-07-31,134bb4c1aa6540627bcca91ab060e3c7dc9e8172f4b342255d30f019c762b283,in,bc1qhlu0t38g40t5l38dm8gu3mf20a422eqypxanct;bc1qtxu02yfkfn9825kx5jv2pkqfvrfn6fj6d6pyzj,0.00017216,20.29,0.0,0.0
2025-07-31,1e2b192c418ec00849ff0957ac74d432d03e4c29837c4704332d7237130a43cd,in,bc1qgvnptf8eq0p60gq9lsvm69jghe42je6u5h89eq;bc1qk042synm2mmcjq4ypqtkdspeej5hdrvpdmkagz,0.00023715,27.95,0.0,0.0
2025-07-31,24d07b10435ed6d062c0ea4253ca42fb739f68652b02f9903cb23f7afb6a95fa,in,bc1qwgjurqmfq7yp9ks73ap5adqlv67f9nzyu24wdc,6.755e-05,7.96,0.0,0.0
2025-07-31,26b3822ee6666b31d124c640f564200e9fb73b3f4b29dd62ba82f7fd12c2fb8d,in,3JF4KaE5XcTgtmYitZgqBLdqfMok8nruet,0.00020198,23.8,0.0,0.0
2025-07-31,2d7bbfb0091bdbb5ee41f7091cbf021e02693f5006296e05772cfa47baec0722,in,bc1qaxs8y6q7cc38qhgph5uvdej8x948nwyeeysjyd;bc1qw7d0tlkkh4pje3q3kxpjunrak6qatrduz3w3me,0.00017409,20.51,0.0,0.0
2025-07-31,2f4e75cea4e61ac13d6dec07c36cd8f21d8007d97f23ca72d653aa6fb8e21256,in,bc1qtfuue2ea2wfrh8v36f6zu8gpkg3h8jkwxt0554,7.826e-05,9.22,0.0,0.0
2025-07-31,3a006af337277696e9abfe8c9ff5acca68200dfb5867fde0595a9047a9c88825,in,bc1q6ygp24y4r733wn9ewh9wwfffjppyhdj44f5pa3,0.0006,70.7,0.0,0.0
2025-07-31,3b93a5401604b314edfd3580a277486f539794e929da4eb806c14575e0ce6b22,in,bc1q5gyueqwkytl9ggzlyhd70gjxvdqtvfhnmpyqlr,0.00020344,23.97,0.0,0.0
2025-07-31,3d45d423ef20d6ffce99242a1048454e878d646d609870af03ea77039469ff24,in,bc1qlfycyclj2z9z78qufcgqecfwtr6rerpg5rcy9f;bc1quazp5zvge0tas24fpsdtv6gku6hpmryscd8z5k,0.00081484,96.02,0.0,0.0
2025-07-31,430be13245131c760d99268d70a4a9c0020b12482726599de523b767a2cc2396,in,bc1prq5nrg5jjhexa8eaqllhr0hvmh4qmndh9anpxnsfadsa94tjakcqaq05p9,0.00029772,35.08,0.0,0.0
2025-07-31,43f993c24ee72d0893f2215633e0c4f2689f4b7e7984de922f5d73e00a32f52b,in,bc1qfdq7g2cexrvd2fc9qgxen62fkjxjaytnjeku24,0.00011595,13.66,0.0,0.0
2025-07-31,44f1dc7d51ab332761a7eae266097803064dd7acfb59abce02b13bcdea6f4db7,in,bc1q0s6rca52mjumq8fjuz4j6ka5h9jhq57esyd40r,0.00018402,21.68,0.0,0.0
2025-07-31,49bd6509809147b2fc1980bf1bd355f37c3b85bae36f811e7dd3d4b3c5fb5050,in,bc1q2vkckkualjsg8lgpy8ecwquudjxv7qqxjmhe4s;bc1qq3ecld7hpn326dd008rm7z2947sl0s79x0fwel;bc1qt08h4qcdglr36mpja75u9tkpvjwmdkp52l5pd0,0.00045299,53.38,0.0,0.0
2025-07-31,5310f7d1b2571d9c1a83cbceb09584cb59e61b281b95a99860e3de54897e5334,in,bc1q8vv9u0xneydsme3fu3cxm9mx9evumygvhffqa7;bc1qlxnunxm0pkjycjupuvzaz46mdtw7k2dusz5t7f;bc1qy59qx9ytds50e7e7dgfrs0uend2cv090ykl7us,0.0001323,15.59,0.0,0.0
2025-07-31,67509d0f774934ef6f2535f2cc323d45217e601942df337f708d36265a4f36ef,in,bc1q0w3heapy02z5zahpenspetphvttdxwprzlgpkt,0.00012806,15.09,0.0,0.0
2025-07-31,75b56c36160c67d6cec90e6bc403b6c633f63a2eebcc9015edc84c9f47c26a4c,in,1D8WVe8z4qu5RXaqNN7kwX3NgFgwP4nT2H,8.483e-05,10.0,0.0,0.0
2025-07-31,7db4c8de22ffe901c6ca387020b2c2e5f79cd0ba5b83032b359d136cf4bd218b,in,bc1qanh7gpxps9c8kvvklzq9t3mfgulm6qsl45xyn9,2.555e-05,3.01,0.0,0.0
2025-07-31,854bde8b6891e8ee9306365cf0a1d78a2800b1d4dafb5392b4ed0fdf22977c5d,in,bc1q5ulpf4w87p2ulxlqrmlfejgklhqz4nldr52ytp;bc1q7aasltkw2zyau2fcrqlz8rula5mg3rklugcygs;bc1qtaxql2uzrnnpu0f66qm8qwazqkv7sjpu2fpdvd,0.00047118,55.52,0.0,0.0
2025-07-31,8932df47b26340c47380ba325a7e7ba0e1597e1865193f5b4894ac1326e7a0b6,in,bc1qm34lsc65zpw79lxes69zkqmk6ee3ewf0j77s3h,0.00023,27.1,0.0,0.0
2025-07-31,8a6a01d528dc780ae8a1564abbbd6702084a0cc6212fd8826df5228fc4e7bd20,in,3PutDCHgpcQHF8jFrx2Mk9GUr4NN2B7K4M,0.0003049,35.93,0.0,0.0
2025-07-31,981541ffaded6f325a5537dc4531c8b9cd1d463832de34b1257e8a744496c81c,in,bc1qvut5rvmuv2tl5ng3jfu8unjy3snynqntlhxjwy,8.43e-06,0.99,0.0,0.0
2025-07-31,9d4c4c45b1129ca26d895534a565a438c3df2d3348aef75c65727957661c0720,in,bc1p4spzqe5qmy4up6azjglxg8p5hlssvsrzd8d9geymxen3vgk7dfxqa7xslv;bc1q2vqgjmx6xfamek5an7xf5c8xa796v9wj5u6ks332azpkqq0llc5sa40r75,0.00021145,24.92,0.0,0.0
2025-07-31,9f4f5fd15b650feaee45f11029feda25efbc40a3b65e787000c4680eff1113f8,in,bc1qvut5rvmuv2tl5ng3jfu8unjy3snynqntlhxjwy,0.00010116,11.92,0.0,0.0
2025-07-31,abeb8aa0177911892dd559bc52d47e3e1f23400f54b9df0b55f6fd8115217ce4,in,bc1q9utrhy5ffmzz2vwqv2d44rfwznxsu07tp0v9hg;bc1qjhft6tushwn4hjh95ysq5aywazxdj7wf48k039,0.00038588,45.47,0.0,0.0
2025-07-31,ae6c647c23a0940dec889e5e36d20d13d7a50fcab763cfae58a9b8f8010710dd,in,bc1quc00y9emldm2p33smvqadhal7vyzpst04e9ejz,6.005e-05,7.08,0.0,0.0
2025-07-31,b14d79eefc5b2319e10bd30cbb42d77ec4a2ca26bd86895a1616d526e0903c9a,in,bc1q03qazp6z2vwwh86qqx62adcv0squmguq8malva;bc1q0nqfhsgjdsm6aa48va6mpqtcp756rgxy976p9j;bc1qk9qqsqwggkj6xxhr2q7tjxdptuz8p4fh447s6s,5.355e-05,6.31,0.0,0.0
2025-07-31,b41d951bf68548005e4d7f4657f6e7eebeee0fba2807fcaa9bf65a32d2b22d32,in,bc1qm34lsc65zpw79lxes69zkqmk6ee3ewf0j77s3h,0.00197,232.15,0.0,0.0
2025-07-31,b5c8b26d1bf83a2f345c93347587c72333ff8fc0ff684438f5a0ef3d9572223b,in,bc1qak69pt6ygqhf6l4re9wekal0k648pmwugug5ck;bc1qchxk24sxpfackdzda6y5dn8p0nn57syymq5eyz;bc1qsam43m45am7c2cruc7qjn8gj027lxanzysdau9,0.00046492,54.79,0.0,0.0
2025-07-31,b9d109e27f25027257368ffa3ef571dd3e9c956f002ba9a44e020e5559592180,in,bc1qn88pa5q3qqjh7rkmrhlzza7est3dde8g7nm437,0.00125566,147.97,0.0,0.0
2025-07-31,baa967dccd716ba53002d9ac2cca17d0a385a25f0fc214bfb70653e11816e855,in,bc1qhf90q8psf96k0chtr3kng2jzmavqlvc2ra92de;bc1qrehaqw7cq7s46a609mll7a03w0wvwzt8wrgegh,0.00013808,16.27,0.0,0.0
2025-07-31,bee1012463e2c7cb3951209130ea03413adb281dd4bbe742edf274ba209ac9eb,in,1EbGzXQPEtiqJaupwH96yHiduYivz5wzBd,0.00050663,59.7,0.0,0.0
2025-07-31,bf71bfadd9a243fa30d7d96db932dd41b43539d41297fa78b5162a6be0f7603a,in,bc1q0es0cqfezfx0qvdtnd44h3v3ulefrsg8qeunqh;bc1q32r4zrzrpdh0cwpdv7prljq243aman8yz29puv,0.00029534,34.8,0.0,0.0
2025-07-31,c373b6f7febb6db7e2db3f82db5fbba3c0ff45d833d3d81bf7ed1869eb798273,in,bc1q8hte49dakrzj4qs8m6yqegu4fj9ngws9nle607;bc1qyhpqajtecn70cw5vqhlxth4pfflpc9n9uq26n6,0.00017403,20.51,0.0,0.0
2025-07-31,c4d15211f645746aa59172602ccc8e68af06615c1f9062f00e941f7d8c08d268,in,bc1qm34lsc65zpw79lxes69zkqmk6ee3ewf0j77s3h,0.00122689,144.58,0.0,0.0
2025-07-31,caf2753a27de26492b15d5fb5593c862dba693b3747985418c4c433e0ec1125a,in,bc1q8c0lsyy8rd5gdqfj952qgdaqww80m665rx4h0d;bc1qj9c4pgw9ulnz7cg7vankl8g6qv0eh0vdwlxs0n,0.00021918,25.83,0.0,0.0
2025-07-31,d2f87cde9ab1581d101f769b69e41bb37365315d632ddfb4ecd9f09570b4aa9e,in,bc1qm9w58s4v458y4rvsg0ws030kh8avjyh4awn02y,0.00013373,15.76,0.0,0.0
2025-07-31,db956982b920d9a91334adfe521868fa560416401e5a03cf867d7dd785be43f6,in,bc1qgcwfw840l95gsa4x3p6r9uwpdu3u5gl3dmlr0f;bc1qmytxwv2m9ycxdft5rlt7khktedxfah3mtymrus,0.00031565,37.2,0.0,0.0
2025-07-31,f413715db5359f9620a9fb65bba0bab560fcbb9984edcbc85a2bed8ae59d8d0a,in,bc1qa5rqgmtd7p232532fjhzgdxwl3ajlspr9juqua,0.00033715,39.73,0.0,0.0
2025-07-31,fecacfdc31c8dec7b7948dc9277d708b8324736c1d2d89741333ee9ccc6062f6,in,bc1qsrtlfuctyd2ca72fpw6t6dpl9062dshadqc0jn,5.062e-05,5.97,0.0,0.0
2025-08-01,14e6ab30868fb2b9c25d93631b51f1a9a7ce24e54fc904fed3b10ef5ed93cc75,in,bc1qgxrd7lxhdkl5un382mytnx9qtm8qx9cefn5kuj;bc1qqnkv8x38l9swcqme3xy7spcpjmk4m9hem0e8dz;bc1qshhwzxfvlla5hg3vqxlca7sg4dkp0jkpkd34vg,0.00015894,18.4,0.0,0.0
2025-08-01,1596ebbf8d5f0b934d496c998cfb65f6ed51c337afaac36d8685775318cb93ec,in,bc1q9tkc3m2t3tl2kkykrvrnqt2mceh2ekppg2a7ff;bc1qpa63gfvugapzq8tvmam8sw8hxtf8u9plnsc5l4,0.00019338,22.39,0.0,0.0
2025-08-01,2a480c09cae6489e0bebf18b49c680cd38306e4df89c99f3e4813238b9ddc906,in,34w4MScEZjzwJi6wGN9xPn6nTbDK5Bgm7w,6.203e-05,7.18,0.0,0.0
2025-08-01,36c65498dec949dfdc83c44c3299e49fd0a4087c24b03713334b9da83d2a7bf2,in,bc1qs8lrkz0xwg8lv2ymlhnff6y88rax05mtkgphdctqq2c55gpewshqfaypqg,0.00014801,17.13,0.0,0.0
2025-08-01,37af5c8b2c6a43d51d54500102ec336f82e7bf6ab8c3179053d73669b7b27427,in,bc1qraf8nw7eml87xj5k73aqxspm6q7w5qkjgyc3n3,0.00010385,12.02,0.0,0.0
2025-08-01,38131926192ecc65196c4795ea3b44ce514756c8f37104eb0a54711aa8cf0b6f,in,bc1qraf8nw7eml87xj5k73aqxspm6q7w5qkjgyc3n3,0.00018213,21.08,0.0,0.0
2025-08-01,3d013bb83e0ed40441ee8b2e11e81a6154e079775930e246550f7ecccde895b0,in,38e1S7KT6UePqvWJRYxsjWYVtowBCJV2f2,0.00012971,15.02,0.0,0.0
2025-08-01,41d46d439d9004d58e22b468eba34f9be3a7cbb1c23e89513c3579b0c5463b59,in,bc1q76wdpr76r5ypj3jmqv6ryhlzrlw5cevtgu27w6,0.00087266,101.02,0.0,0.0
2025-08-01,488c5888645bf363190686e2b5da2bf5c7aa76a615f397110e13631453d9dd8e,in,bc1qcclsfv2vq6pgctz8cu5qsf4napy3wrvaau6ugg;bc1qhy7yadmqvw6ec5u3ac9xxpfjajkzz85hngq3sk,0.00030418,35.21,0.0,0.0
2025-08-01,63974aad66fa4ba5dd8ebef1ddd88e9d1fc859e4604d361a021b692caf619284,in,bc1qnvfx8d43ldxt3zy4vhphles45u3ermggsgwk78,0.0002315,26.8,0.0,0.0
2025-08-01,6b27623cf66d6317f832e2b4e23eeaae4a4325caf43c34d666a7b4af9151165a,in,bc1qraf8nw7eml87xj5k73aqxspm6q7w5qkjgyc3n3,0.00017268,19.99,0.0,0.0
2025-08-01,731d82817c539ff6af92f8a5204f12566df155306e5cfd42e255afdd604265d2,in,bc1qm34lsc65zpw79lxes69zkqmk6ee3ewf0j77s3h,0.00126852,146.85,0.0,0.0
2025-08-01,74cf7c27097c05d78c7f5d3741a2835526756d4614d04981984bb648bfeb60b8,in,bc1q9sh2tehjtun0u6wwecwdzu3stulhahe59syzuq;bc1qlujhrfxv49n0jh9m6um5mxexrk3ankgm50sywp;bc1qtzxukvsh3zzpeknev5x6kh7xzhferz25m8wmz3,5.373e-05,6.22,0.0,0.0
2025-08-01,78e70ec8d9914a04ab349d7f9e78b4a4a69dde8e0df9243b08a88c0a05dadd55,in,bc1q4u4vkt25fcwqt833hv8mn47s5r5mnuhlgjfrnt,0.00019994,23.15,0.0,0.0
2025-08-01,846927f23912b646117a75d6e485004a465c9955d372d25fd78120b5812abe5f,in,bc1qm34lsc65zpw79lxes69zkqmk6ee3ewf0j77s3h,0.00091905,106.39,0.0,0.0
2025-08-01,871e76911878bf21d86f9c67465261697b3d9f14b1c84cd439d2421e82bd249e,in,bc1qdyh4lwsh5jp6gyv8su3j3ylt5m02x67x7efpfm;bc1qtgqjx0yy6jw5darpnmxf9w9v2fu8n8t85u8mld;bc1qtn06h48n0vyg0xt86fcdmme5wstgy3rak40mmz,0.00012757,14.77,0.0,0.0
2025-08-01,89de6970086eaf09b4425043d3d5a163d466f1a72926c2ad86c64ac57f0575a7,in,bc1qzympqccmk03vuw4g3tjs27gzvuvudyhfrkm80lf460wrpjuxh6dsxl5eah,0.00044114,51.07,0.0,0.0
2025-08-01,8bb566d0f92004d1c8dd81357143a7a52af790a5725cdfe66481709420139539,in,bc1qgashffpj2smuppgtgysre0e7x8pk5gcc8ps343,0.00034611,40.07,0.0,0.0
2025-08-01,932902d4ba822e771f15bb2033ae9ff040b6a7bc855bab272af5db58623066c2,in,bc1q0guzdtskyugqwl74zurxnazqsd0wuevfq06de6,0.00017815,20.62,0.0,0.0
2025-08-01,966830129d695fa7d12b8120ec6cbfdd63d91e8e49e31fc8d0a26b56af6f3d88,in,bc1qm0puhq4swf9mjw28782rpfc23fzstuda25fx05,6.523e-05,7.55,0.0,0.0
2025-08-01,986dbd302c07a7fb1ec92158cbecb6644f80b095f14f8e875de41e4614b0443a,in,bc1qda43dspw6p6kmaj068m5zm9lxj9p8n2zhvlmd6;bc1qfnertpelku6z8c3ytmc2yvrzh8d45fhmfeulmt,0.00047815,55.35,0.0,0.0
2025-08-01,9b69c37d938df17c1248170d3510fd43fa05bc001f01d5fe4943e969d69be34c,in,bc1qffaelkfzcn9qhpwgt436m0c4npfyxmm9dv9th7;bc1qhg0suf86dvjhkzusjlgjrqtsuplcx83zyhu6tc,0.00021347,24.71,0.0,0.0
2025-08-01,a086feda0ce2cc964b266ad73ffbb4fdf854375a5d20a956acac693b4ff488bf,in,bc1q7kq79rzmqqnunym59mq0lz072fuwhfs072wkgy;bc1qgy5glc5552myyc69r79r6gx5k7faau2655wdf4,0.00017798,20.6,0.0,0.0
2025-08-01,a3d2ef9a74906c7bf7e4f1a46ca07f47532c61cb1e7da6f8ce95cf01e995b227,in,bc1qraf8nw7eml87xj5k73aqxspm6q7w5qkjgyc3n3,0.00010471,12.12,0.0,0.0
2025-08-01,a94bf8129c9309bd1ff031ecc88b9fe85ed80715f1aef8cce8907e37d70e4809,in,bc1q4szaefkza76vz4fsl5g7yuhdux647vj0tjalcs;bc1qmd4yss2kp4delfhc327gudcpz3qve2h5cu8uqe,0.0003197,37.01,0.0,0.0
2025-08-01,ac02b839089712940c763aacdfe9119862bafda3546c68ce2835dc058f9c0ca2,in,bc1qm34lsc65zpw79lxes69zkqmk6ee3ewf0j77s3h,0.00057,65.99,0.0,0.0
2025-08-01,b09295a8b722455132604d54210e7d899f309564c1432f4b85042d6f1c6a9527,in,18Zb5E2MihtiExPid5VvhnjZA8YzTjaGF9,0.002472,286.17,0.0,0.0
2025-08-01,b714c64a4f3a739f21ce1c5592a1483514dbd587bdb8c360d5632b44c1c8648e,in,bc1qhcg544dsmsymm7hw6d6wsu07s9wxc8txng80wj;bc1qru5ng88cz468zex843kaka7qxzgzj7jqsm04sl,0.00087912,101.77,0.0,0.0
2025-08-01,bc23ce340b2b99a9a75f01b10ad16a7e527c5dbd1b23884b02aed09244b12e9d,in,bc1qjauz635u9rgqtlzh0ml7yqm6um6ute9p3njcsy,0.00021173,24.51,0.0,0.0
2025-08-01,bedbaf4177ef3c02e226becdad398fe50a8f910ff0dc3e7e440812a628be4bac,in,bc1q3m5922slcgv8qrr74459qny8gvgmlsxpkjf6n2,7.768e-05,8.99,0.0,0.0
2025-08-01,c2b030f03e7764ab6a1e107df9c3308634d3546934fe49926cad96e57a98a8e7,in,bc1qn88pa5q3qqjh7rkmrhlzza7est3dde8g7nm437,0.00097613,113.0,0.0,0.0
2025-08-01,c87f3da5bd84a623bc2c438e89af2b1e1055cad253c10f066f8d03de25f04f68,in,bc1q2st8kq9sef7r0pd0f6mxr73rxwn6nk83xp2us8;bc1qfujeqlm5lscnvrchl3vlzqdx4mdxem2em506yx;bc1qrq90lhwtl5wrtn0gydzguftltg0qx90czk0c4t,5.653e-05,6.54,0.0,0.0
2025-08-01,c89d9729491b48b3987e6a29f63ce5830cb45e805b85341af8c587e952c4e8a6,in,bc1q08ymu04ajsregue5aq3gy6td0q6aemk93k26lc;bc1qrahkhjqv8lnz5xhmq740tqf363lcwnhk5rthsn,0.00023484,27.19,0.0,0.0
2025-08-01,ec8366340a8936e40518ad574c36016831553105b6d10e04f25b430642722afb,out,bc1qdvg8262vvh25nw63v8hvtn3earshgl67r3nk5c,0.03600558,4168.15,0.00032346,37.45
2025-08-01,f11d445096f37be6d3284605fb464bc0e6721b6e6e6b85c74bfe93773f38fb14,in,1GHh9Wm8uRuBeTbAcqtQ7SjzNX1E3H546r,0.00011302,13.08,0.0,0.0
2025-08-01,f4d8328fab19d660e025ccbf8c254d3a2d7f5b036367ae7c628e7956873fe5db,in,bc1q5n50v8cvwy9wzqslrjx8sgl3r2ruxf2tn8qd65;bc1qm5s8smhy9c2c2xzlek22hqjfrndq3ztke289jc;bc1qyv2eafczf7hkspsy0t4klj59c59q4pcprhm8vd,0.00035036,40.56,0.0,0.0
2025-08-02,1053e1095709b6cb2f851fbc4f8f75f3a50892251394e427808805ef4618099d,in,bc1qmkt5tzs7j9l87z7pz77h7u35wmpxp9kv9g44v4;bc1qxyw07qlnvnezy7d6hdj2n4eyh36kcq6ejsn0g5,0.00013629,15.44,0.0,0.0
2025-08-02,130bbe5243a766610a9295f239066282b3a39e384871cb04ffe2c6aee4144bc0,in,bc1q7xskmhp62dtqr093y4ps0xd82lx40sj6gr4zc4,8.865e-05,10.04,0.0,0.0
2025-08-02,2ae973e12704accd3fbef3dafbc157cec64e3bbbea7fccf8c027254e9748ed89,in,bc1qdetwjfcvgjccl7kh7ltwfus3vtgpq9vj80x5nk,0.00016773,19.0,0.0,0.0
2025-08-02,2ef6dc35fbd3ac86d8b1d9a1a8c1e4099e02c7c7f2edeec1b368a7b3ba54333b,in,bc1qeedpfs8vx7rwh5dyxkcn0xlnee09ydufrnz3hq,0.00082514,93.49,0.0,0.0
2025-08-02,50c62078d0d5650012ec15339062f006876ffa3790e7077db482f638c3f4601d,in,bc1qenldf8laawaguc6p0cefhlxsrs0hk22vwn92au,0.00020505,23.23,0.0,0.0
2025-08-02,54b2efa7651896f04244fba2f0a9f536632a564a0a4545298ae2c00866a75805,in,bc1qhh3wuq9fy9fvtz2lmptwjl3janluxq2mpt63tt,0.00053053,60.11,0.0,0.0
2025-08-02,6cf6fbadc63151f6575602fc188f77004d72875b802b4ca8f435bba140167d53,in,bc1qz6nsl9eyfttc4fv3f3y2ceegm5yde80mgmf53a,0.00025887,29.33,0.0,0.0
2025-08-02,801e1821a8786ba4b8920a1330f537cd53297d1dc81c75c189d5423843f113fd,in,bc1quc00y9emldm2p33smvqadhal7vyzpst04e9ejz,7.117e-05,8.06,0.0,0.0
2025-08-02,8b7b82059d9d22624697d56a257c7af78b642e917395061af66d1cddd62f8ce2,in,bc1qgwyzy6euasrcrwyuv5ss2z7m5swqjhjkmg0v7q,0.00034772,39.4,0.0,0.0
2025-08-02,94c7291390be902cf087f188de33278644d74552b82aa4e7ccd49982c43eef64,in,bc1qxam54khnqkckl0ckj0t06gtuwwyqj34z8rqazw,0.00023416,26.53,0.0,0.0
2025-08-02,97b67ae4f2c016670f92a73e5ff6c9cf031dc88fb67d82824524b2d5c52162ca,in,bc1q0g9xhqz6vzejjn98wfkc4r0e53j3qps0m58qst;bc1qet6tr3trytcqjraz06ceu897mhv22nlx2uh8r7,0.00016314,18.48,0.0,0.0
2025-08-02,9897276cb0026f4d6dedbe87fc60d40589af16dc80090b3de5c98edcb038cd29,in,bc1q2y29gecz0lglupskz0f6k8qf7u44h5n0dkgjr9,0.00043916,49.76,0.0,0.0
2025-08-02,98a6ea51eddd2bbae33f0f44acc41f9d56303ad5afe4430177b6b6a4be918cbc,in,bc1q76wdpr76r5ypj3jmqv6ryhlzrlw5cevtgu27w6,0.00087989,99.69,0.0,0.0
2025-08-02,9cb70d1e907f78dbe4459bef055a2801ca7660fffb63a09f0f13c8b77d306e2e,in,15ApJPvDVnwfGn5wdJQ52XyvrCTWJumJ5W,0.0001324,15.0,0.0,0.0
2025-08-02,a2e50328637026db231c9d149fcf77f76d3ca3fb16a121447772234d4a69720a,in,bc1qm34lsc65zpw79lxes69zkqmk6ee3ewf0j77s3h,0.00097,109.9,0.0,0.0
2025-08-02,a6b1840bb9af2aaa42f5424fb2bbae61c39f89eaa4319839e90e35264036001e,in,bc1qdte37herq67efj5q6twl3tycefrl0tgsnlvgs7,0.00012634,14.31,0.0,0.0
2025-08-02,a72d282db2499f6a5eb991c16a3f9962c5e2ebee0b68198bd6272c7d803cc70f,in,bc1qe35zx6yqcmd3wxtxrvs453qwc9t2gj9rxjfnws,1.76e-05,1.99,0.0,0.0
2025-08-02,ada2d6253c346c6fb5b8096a55537ccfac19da60ee043396bf1f526b883f2ec6,in,1GrNVxXazvL2TdaN5EJ8aEaohzqjQnGr83,0.00044894,50.86,0.0,0.0
2025-08-02,ba749bed2d97ee21f3ba3cbda8138f426acab5880cab87f5bcbdafc8f20ed85f,in,bc1q0gz0s2hvrnrqqg6qew3n0w5fj75vje7cg0vqe7,0.00013355,15.13,0.0,0.0
2025-08-02,bbc28268b3cba2ee298b77affae2d8249138ffd5f3d036afe60c7422bf927a9d,in,17GFzwHattEGzDKoe4qnVLoc2j3Kr8SkMP,0.00052765,59.78,0.0,0.0
2025-08-02,c0134fbe1cfbfe016f56bb05781315179890154df88da3171bdb90c775768d3b,in,bc1qx8yufrx6krdzvqeqhjnk5fuzjwd4ncl65gzs5z;bc1qzz74wny0rscap64ahqcz7wh400v0zlwvcuas76,0.00047494,53.81,0.0,0.0
2025-08-02,c0b15af1b5b6907e22dfcd70d6144ca38b4d8644bc18880a7d8559a6999c8c9a,in,13QrKQBwBe988K3tVhXcWxq3FGB9tn2JMt;18pto1NZrNga2HcJhm5McJdutnXuVfet3X;1BFKkUrE3YNjKwgQnhGpRD5XFAAq6jxg7L;1EJQaMRhEvojA9y9Uh7LYP5QpfHrJvpDXA;1JcYiwCZCrZj8ysZPbRJiPuCE97UUnh27h;1M2AGH8U576sxkECRnqagTWwvMtpk8V7Yq,0.00025743,29.17,0.0,0.0
2025-08-02,ccf02e27cd6a6a0faf01a1488b4db3ea632ac8a8f36eaa287a14192068abe186,in,1BrU1g3n64eK3HXsCVZ2A6KRGVEMZTT6pr,0.0001771,20.07,0.0,0.0
2025-08-02,d95c851842e61fb23b810c34208e0b0edef1e32172cb1bb1de93850bf7254a5d,in,bc1qj209swc9045666e8rlwt29x8t39zrawtkzv8k8,0.00025759,29.18,0.0,0.0
2025-08-02,dfb4b1049c07de0ee875c886914f41cbea75a834e5424ca4debbdd16c802c78b,in,bc1qlm4u9h4pxxmvma8l53yvdqdq70dx670l29uw7q,0.00010165,11.52,0.0,0.0
2025-08-02,ec13f42cf612f3522c0a1f619af8ecb9fef30b08e933b20286dc2bd2d1eaaa85,in,bc1q4lnhwxw44sk8hesla0w58vjv78fnpyqmd92f8z,0.00022226,25.18,0.0,0.0
2025-08-02,f2ca999085594f9a6c60f3baa3db90ce80bd6e550be835d9dd74d58d5b4d9b2e,in,35C2L1pCgwzBHNcDcVL1a5RuoefeWqyjAR,0.00017372,19.68,0.0,0.0
2025-08-02,ff4490920afda22a14fad73cc844b1c08e6a4c8427711c7feaac17cff86d8036,in,bc1qfcu2sazyysxfd2ukrl5xhn7f803z4d99nzu96v;bc1qkzg0w7792gpscgxun38s5yf85uu242pu0ggu4l,5.552e-05,6.29,0.0,0.0
2025-08-03,08c1aa40a1003b4a530cfdaf165e17562810996a20c7854c2977060f8242b6ce,in,bc1q2dssal4ekc2ncyq789hg8yws59an4c9v8n7c02;bc1q539fm3v9utmme89lpx86ndedxvrxtcku6h5l3f,0.00010217,11.5,0.0,0.0
2025-08-03,113e7952f97c537c1cde4da1a4adec797a12d79a54d424c8108845400976a69d,in,bc1qsatlphjcgvzlt9xhsgn0dnjus5jgwg83dr05c6,0.00013767,15.49,0.0,0.0
2025-08-03,1bc403dc7a3152946dcb1b5741eb97a75d90bff9614f0f25ee3b2579ef1fb335,in,369jLhKQkwHHqn6zuJrb4GWWTxN1xd4qqo,0.00048379,54.45,0.0,0.0
2025-08-03,260faad5b6414c9113c59d10f52100923aba6229ba424ecda12143d6e834b999,in,bc1q93dct46pe59wv8c0jkzl2w2wxjrztmmsvt60fv;bc1qcc9l9hunwvcyud0l3tlr59tkfh3xtuwl27ee7u,6.959e-05,7.83,0.0,0.0
2025-08-03,2c6b772721039c688ac61e984c47effed21288346992254fb8a40cb136237d0c,in,bc1qpnnrc67m6g79nlm28zmf8whsnu7s3mrjsy4gt4,5.485e-05,6.17,0.0,0.0
2025-08-03,56b0b5e82e120481e604fc290bb58ca5d0a546ffd39c7dd2811a752ed5c3b4f7,in,bc1qswps23qfczdx7hq600gy9njslzayzqk70avmxe,0.00026757,30.11,0.0,0.0
2025-08-03,57aa9a976cffa88db05a994240e7f8c6a9de2233153221ee27e46199a9cdb0a7,in,bc1qfrrqkdq0m77250upxj9u32mrxl5m52s74hde63;bc1qtcnvwcr05kg7qpk6skekwfpe84rw46ycevd4t3,0.0001367,15.39,0.0,0.0
2025-08-03,5ba3705252436ec3ce9061bde735694cd2883f354afef825f54eff1f5c3a4499,in,bc1qm34lsc65zpw79lxes69zkqmk6ee3ewf0j77s3h,0.00036675,41.28,0.0,0.0
2025-08-03,6219f504d00a42fb5904cab8630adb704c004326d176ab4e7af2eaa10a2fcd39,in,38nxFsWRgeDfAzndMcYAgkDZdTw3njvSg3,0.00025606,28.82,0.0,0.0
2025-08-03,6cda0d4eb287ac8c6a712cfe499308ec0081f6dd93a8b1c1a9d87076e1116bd0,in,1BrU1g3n64eK3HXsCVZ2A6KRGVEMZTT6pr,0.00012269,13.81,0.0,0.0
2025-08-03,729be9eda708b8ccc29f78e05c6f0e4ebe572f493d39551be8e82dc24a61fa47,in,bc1q5hyzzuclxk94unhrplf0v9eft58uldjg4wdhtj;bc1qjhcuw9rxc6zk8nahj7u6d9xjlnx9ta3v32v6t9,0.00013788,15.52,0.0,0.0
2025-08-03,73583ca4f1fe6c6dc9554d0f14f56a865d5e3a4302abf2f907806956d47d0658,in,bc1qc3ghdcutp5dgqf0s6pcceqzf8xjdg8krev6cen;bc1qp7v9nywr59yq7j9q3gfmlcta2u42ctq25ldfq3,0.00034835,39.21,0.0,0.0
2025-08-03,76c254f06fca7cb1f369edf7e4c9907e11c896652a21b1ef2edc536056a2d212,in,bc1q0e6pshkxtm9y93z8nf85aulqqdsa9ke58s2gpg,0.00061168,68.84,0.0,0.0
2025-08-03,80a92d545defc4ce766f7cb8e9dd8144c6a1508bfba10aa2edbc9d2ccbbe0a74,in,bc1q2n8rdw8l4yyvlm2fda08wj9pmyatu3u0ysfjqv,0.00010286,11.58,0.0,0.0
2025-08-03,839aabeec772c3a815dfe119d50b35721b5e102af03d5369a83f81e30f56307f,in,3Jyi25n9GjPr3Za8HuMSeSe22Qsb2V87HH,6.211e-05,6.99,0.0,0.0
2025-08-03,858adb111e83d6bc0c7f8d4b4f3d1359200c85466d30feec1e727385c75f5b4b,in,bc1q86aanfazunu8lc37n0px93plj7eh4mnjm4whmm,0.00014729,16.58,0.0,0.0
2025-08-03,9669da143b450333e8a529b37e63fcbd557788b7ffbdd4be15b3d8be95e826c4,in,bc1qrr0hrxa4unycr4ht38l635829t72at6fvvel5e,0.00030583,34.42,0.0,0.0
2025-08-03,9da250a396769e1e5d299fe2ebc3e9dca6277c94fc1574b06da96b77951a27f8,in,bc1qk62phpqx3vvadjttcwy8wt7vmwtzdcnwpq4fvm,0.00078797,88.68,0.0,0.0
2025-08-03,b8fbcb14c60ee423321b3e19a7660664bec779d7745a1588740645adf0186bd0,in,bc1q7k0cd3kj2uclmm6dt3yp0hqlpsr4ztf45qm2p6;bc1qy4s6dr5g6e0g2v7jld67k7muwv7h89090yd6p8,0.00018132,20.41,0.0,0.0
2025-08-03,b92f9fd654419c80cbfce68316adb0853a4e2d997538fa71afcbb2cc71baf5d6,in,bc1qynnu3rzyqwnnlspz4mvmzf4hm5yz3txyeu9fjm,0.00036666,41.27,0.0,0.0
2025-08-03,c04b64ca12f469c9c182c7cd77146f1f0bdfbc6e34633099103cce0f3fd6f6da,in,bc1q4uk6wekhyawu5pp95fnc9xe388jx39ehmtrtts2ew7ag7w5stpwsa4y00j,0.00039053,43.95,0.0,0.0
2025-08-03,d4b59855fe02b58e9bcc86ef07b118e4053d7d0167c75f5bf68dd7f7b275a623,in,bc1qejt6w4lmmkua06uy3y7vpylcz5crlvxtvhhsgz,0.00043967,49.48,0.0,0.0
2025-08-03,dacb8265dc1222f1b0f4a8ce82cb0788314f990930c6c02d941fedb20184a982,in,bc1qmpzlgjfkvpp6xhvmfeysqwpg887ggw9uz8ds3c,9.417e-05,10.6,0.0,0.0
2025-08-03,e1a7e55c72cc4e95fd1c6a06fd7f7799e271fb605aac53f3e96a608b7be32641,in,bc1qqyc2jmqqjvcm2w7nrjsuz043702g0vyd69df9l;bc1qttnyv7fd6ze0388rashft644h59fug2zf8ss59,0.00027892,31.39,0.0,0.0
2025-08-03,faf86bc6d3dbb7010d42b65bd492f27b1ef9b5cc88f20f8180f607aff98c84a2,in,bc1qwzptxnqnsdg0858eu7exqr204dypv7l4ue5k27,5.471e-05,6.16,0.0,0.0
2025-08-04,03508822080b532ebe601cc8c329c21b7e34f17335f104923f49f473f441c5dc,in,bc1q07ljzlhvc5pwetst0uuymt6flpe48lp9llyg60;bc1qqws2uu50yjsj8lpt7gnv75a6qxst0vn8m4zq5m,9.286e-05,10.61,0.0,0.0
2025-08-04,0d15247c727ee280d2226ab9872911fbb138f5e7aa27ee4ece304433d6685a6b,in,bc1qcen42eh0rnwjr8zg2zwnvr50n8ekk682jjr47z,0.0024819,283.45,0.0,0.0
2025-08-04,0f1ae43d31d773760060cf52dd72d4840f59cf375c5faa5a5376f1f2b4261144,in,bc1qtgv7t470fddllgzq8t4ltknwhphh3tw5t6krsm;bc1qzt2p7uwv20e6fr9ear9pzmyq76kca3u3gc7j2l,0.00010344,11.81,0.0,0.0
2025-08-04,15a113266d6a016266da4a3c8340005dc4561f61f1fecf50148810c3f40ad95c,in,bc1qasfy87g409rpcnuy2df0ee4syn4a9hrp25r72w,0.00058235,66.51,0.0,0.0
2025-08-04,168c7aeb72dcd886da3b16b25ae2866e7aff5712e4d477b02a88cb789a32aad2,in,bc1qjhz2ct04ndqc89qhya0swf0v8w0cq03jtcp8mh,0.00010145,11.59,0.0,0.0
2025-08-04,1dac30ace69c28b33d8fc78659312f608979ba86efe74280abb0e185c8ca66cd,in,bc1qm34lsc65zpw79lxes69zkqmk6ee3ewf0j77s3h,0.0004113,46.97,0.0,0.0
2025-08-04,2085e9b65efaad90c67e2cbc4ffa0a366d54200a5494228677d745b365bce926,in,bc1qghpjj456s28et6429yyu5ss3qdnmmwffpzmycv,8.68e-06,0.99,0.0,0.0
2025-08-04,253edcf108d3ffb43e8dfee2304c80f4c8379db19837feae62bffe27b2ef9f8e,in,bc1qq79y9uqet0tcmjtds5zhdrmgcw9fhjt3x343jy,0.00024304,27.76,0.0,0.0
2025-08-04,2edcea1856a0a5082498c90a9888dd4dcf26e90c69572fd6d62ead313d0174fa,in,bc1q2kxz37ukhgslgu44v589kywf5jst8y5yt98axc;bc1qgp07t0ymkcgc36x944l3pztk7glze3zze3u32n;bc1qx7nq6xqt8x8cpvt3d8vtwwvv7v0jemz755n74w;bc1qxt204hy3us5nx9azqkxtetclcyp43d2cvpasqr,0.00038187,43.61,0.0,0.0
2025-08-04,3d559b1a093338278d5bb42aa61e5c3a429fbbdd9332f93d745c47895b91dcd9,in,bc1qm34lsc65zpw79lxes69zkqmk6ee3ewf0j77s3h,0.00287798,328.69,0.0,0.0
2025-08-04,422b883cc47b76f0dfbd72815b0c57ef97420bbbf90c213d367bb808a3c5f623,in,bc1qjz7fhucgn2x3jt3l2u725s423xw2mdz3gy6j07,0.00026974,30.81,0.0,0.0
2025-08-04,4534129845bce078b2844c1a1486399a6608d3b99cb54bc21efbf9420109c321,in,bc1qqunvh25ma83vezt6xcjzu7lgd5t50nwf79tq9g,0.00030387,34.7,0.0,0.0
2025-08-04,4a96cb67d5ffce769f74f38fffd386c5beca70aa14ba5d2753e98366370155ed,in,bc1qujf4awwach6mys69xzz5txvyuttnl3qk4xsjcv,0.00018035,20.6,0.0,0.0
2025-08-04,4e31ab6fa99fe166d0b3fdc03b1f143056f40310d7ef8da9b651481fde111834,in,bc1qj68qe3ywlyddrms52t5wrhdnjsu7krlpn53rfh;bc1qkzyzpjsez5jflf4n7uxkmdaq5f20a29s5sl0e3,0.00030523,34.86,0.0,0.0
2025-08-04,5bdc732a3140cf9952fb76da81296f61f49f20c61548ee690e561f1c8fe62901,in,bc1qn88pa5q3qqjh7rkmrhlzza7est3dde8g7nm437,0.00108369,123.77,0.0,0.0
2025-08-04,5f85069664a069c6e6ef74617609aa4cf4786d2b77664a0da4fa76b934f275be,in,bc1qen8n4evuk8w3gca8wqlzm8ceeykhm2yq3yqcuq;bc1qsw4yednrtsfc4xp8pyjd3r7j0y0nckad69e53v,0.00038532,44.01,0.0,0.0
2025-08-04,66faec50a374b9d0c60fd59d500f734306a62ed04693ff72d0fae404dadbebb9,in,bc1qe7ueps6zwqp87wwfql0as0nr8y5vxweh8fx0vy,0.000105,11.99,0.0,0.0
2025-08-04,6d3dbd32f2ec6cf84c8e4d8faa0b17fb86a566ce80563fff0ba8dc46db335334,in,bc1qkpxkw2k7r3j7j5ghplrvfrsc0a05kf2my3h340,0.0003551,40.56,0.0,0.0
2025-08-04,70f56416499a87c65a1599cd8b87ebcbe520218731c02ebf06c9253cde2b4963,in,bc1qm34lsc65zpw79lxes69zkqmk6ee3ewf0j77s3h,0.00083531,95.4,0.0,0.0
2025-08-04,761bdfe5178b9c946047c7e559a7f8f387a22268548ce8651c144f73ce8c2a97,in,bc1qm34lsc65zpw79lxes69zkqmk6ee3ewf0j77s3h,0.00015512,17.72,0.0,0.0
2025-08-04,7d6f53f72a12b49641dec5ecb14e3a95ce3540fa396e59711dde922d7b56bb5e,in,bc1q8kml230pq0uv04rl0vxkhdsenaz3akhfcqjz4c,0.00035007,39.98,0.0,0.0
2025-08-04,858f2eaffa8b5106e1badfe1714df1554db9cbf190c71b597acbc0e0f9802a25,in,bc1qf95f5p8ux027agw769hutmwzyn4p8qgpc0lwgp,8.671e-05,9.9,0.0,0.0
2025-08-04,872c3525343ccc7c87ba47b807652bf16dacd31444417e62d32d6dd9c621445f,in,bc1qxk4k2x4j543xgu92wztrfr2xfme40fplfk2ws0,0.00026129,29.84,0.0,0.0
2025-08-04,8e4bbeb95923e479282e8314b23bffd2cbabbb79d797c90efc3d04e1b30921ec,in,bc1qn4ehz7zcugf7cv6w62vglzsxpzakj3sehrwl0n,0.0003877,44.28,0.0,0.0
2025-08-04,930da4b0bd90fdad3f33e8f8e0a1d2dcc88063d4a2c0f178753251d2fe2628e9,in,bc1q39q0ysvpgu7px64h4h02gjg625mk9nyljx2rrq;bc1qm4khed2zznn39z2hplnjje6047rt757cu8kpkx,0.0001363,15.57,0.0,0.0
2025-08-04,9ef20b245706fc7a9da9d64ca227a30b4d199ab76af38b3512655a372efd849f,in,bc1qvpjfzuvu4u6782nn5av03t36gsndksvlkcxelt,0.00049406,56.43,0.0,0.0
2025-08-04,9f5f2d147a3e99b7dfd3f1790df7e619635b542bf01a60ac0c490ec6065b25b3,in,bc1qkp62hsdczgvwn3lr6xux06qc4k0l7fnp3uee9a;bc1qkpp7z0dpv5cns6gn78xxkg9v6lp9dfde75tk6j,0.000177,20.21,0.0,0.0
2025-08-04,a13ad8012b425b9a1e701937ac3487a2443fcf112dfc27891c5d02b47ff03610,in,bc1qjz7fhucgn2x3jt3l2u725s423xw2mdz3gy6j07,0.0001458,16.65,0.0,0.0
2025-08-04,a779afcd56d43f491a9c45be20ee38efbb1c856a330935afd555577b5d1c96f7,in,bc1qjx3h8kqt5dhppdhmx0tmduvenj5wu8sddhsn4a;bc1quggs3a0nxkpgh3dgsj6hwuylah5yshnv868jq0,0.00054495,62.24,0.0,0.0
2025-08-04,a7b00f58b9f8051a2c2084ef8eec33b76925e95f437150b88778c4979d00b7c0,in,bc1q28s8egjqpmlc7zmsljqlz6a292xxuc4ygvxaj0,0.00013626,15.56,0.0,0.0
2025-08-04,aaf4baaa409ea5f66ce319bb880c9cca33cb179ff216595b467019a322ca6f6b,in,bc1pkmmlp8vjtcramc464rj4we9eu7r062rfgwtd6xpnlyuygymfuvjqdr80c8,0.00015416,17.61,0.0,0.0
2025-08-04,ba872fd7663829e6b5fdecfb69f873853feb246f29e0a4f5a2ecc01508cd7d7f,in,bc1qe7ueps6zwqp87wwfql0as0nr8y5vxweh8fx0vy,0.0001747,19.95,0.0,0.0
2025-08-04,c226e86c5494ce8da8ec42ccc3e722aa1a159a4635e29b12baa9d369fa40bec2,in,bc1qfqqfzktmvhtkgqs6x4us87v39fmk8jzrueah4t,0.00013606,15.54,0.0,0.0
2025-08-04,c7fd52e7fb1134cbdd93de7e436e085063ad72815a02724bffbec046a010a54a,in,bc1qaz83mqk6tdlhvjzlk8ak2dg543j76mdlj8d8d0,6.993e-05,7.99,0.0,0.0
2025-08-04,d30bdbe174a24dfb87784b694e1266ed1e839aebaad8b0046da3a8ea2f588c91,in,15nv2nphKEBkJtfKvQWjrhisK5WxUGjr6f;1E96CDVwSHHof5U2UeGU1hppnKCoNeEb5h;1Fa76VPgA6ba2X78W2RvPHd5oCRSxjRgkK,0.00021308,24.34,0.0,0.0
2025-08-04,d637b502376896502b37795780205688f30f0f57f15d71ca13d1540a75b3d143,in,bc1qcmd78yze256avk9zs445v0vxw2w39scxt78j8v,0.00015671,17.9,0.0,0.0
2025-08-04,d738927c58cf2d1ab5aa5bde1bd8dfa4c2be9dede5376b4fbf792d6e90cdc0ea,in,bc1qqdq06059h5zst54evl0aqjh2z45yx4g64uwfp5,0.00035,39.97,0.0,0.0
2025-08-04,d7c94031d9b67359eb6cee0d443e94a023a6d31104037ce2bcab20789169d5fa,in,bc1qezv3l4cua8hzn9s6ma0h8mqx4k7llcfvwm9xx4,0.00017416,19.89,0.0,0.0
2025-08-04,d92bc4c2a8217250eb47cc2d284cee146da8c1ec1332b10480f0a2a9466741d5,in,bc1pchffxg4a3yjngzp8kgez77edss36ultdr36uh60yj35c335nnexqc964e4,7.987e-05,9.12,0.0,0.0
2025-08-04,dd7f20c2e64b8d149550d92a1ce7b79ce15fb572009a6a999fa0eb2d2151776b,in,bc1q76wdpr76r5ypj3jmqv6ryhlzrlw5cevtgu27w6,0.00174776,199.61,0.0,0.0
2025-08-04,de26b7c7d4b5099cdfeeffe7506d25e1f4cd05873f755b3ed7be2679c4f53f17,in,bc1qfcn35nqralljkx0f7tctvj5j3emxhmgpk2pnfw,0.00026217,29.94,0.0,0.0
2025-08-04,ec89f84a34a62ee7077c8ccbd4097b04ad6db920f3221aa52d4a8cd430d65d70,in,bc1q2zzjawvtvghsq9t0h4y26vg87jy02zkgje5sa5;bc1q4tyfcjhgrxm3mu4gzmafmha7c45gvrh6zz08ha;bc1q60fdng8k50vr04uwyc6qaymy4e52jx34m3lp7d,0.00026802,30.61,0.0,0.0
2025-08-04,ecbc0c926ff1412fa1672aa2742d389380c03884a816315ff88bccdedd4d6436,in,bc1qm34lsc65zpw79lxes69zkqmk6ee3ewf0j77s3h,0.00050542,57.72,0.0,0.0
2025-08-04,f1be7e69cb31cd44aed85c066c9b8870638c06a944102e7528c0c33ac0451ac7,in,bc1qs0w2d2mmjdhvp6uatn9tewgdz8v8hxyf8lm62x;bc1qwjrkmurunv0enwkmyw0u8kttvyr6rpuru4rgv3,0.0001021,11.66,0.0,0.0
2025-08-04,f590e6b25c00c66daf259a4094efdfb36a2d69b9b98d537147e90dee70b8f36c,in,bc1q82tpkf48zjgy6ajhgwftdzaj3xffct64zujs6n,0.00014873,16.99,0.0,0.0
2025-08-04,f8ce7076330dfef0f2aa3233e9dd1e675d9bb2fb1385e0f6722d6b8dbed7ab06,in,bc1qtjcqs64lsrf8x4a576lmdl3agujtpjlscljhznj6d0dzxdlwj6jsvy4cmn,0.00079431,90.72,0.0,0.0
2025-08-04,faa89f0d00e929642bfcc1895e363c102ee625b9beba1162c0f735cea870f9a9,in,bc1qr35hws365juz5rtlsjtvmulu97957kqvr3zpw3,0.0006715,76.69,0.0,0.0
2025-08-04,fb648e3861a7b5bb55e47b6acbe2148765a8d4021cc20e6e7e41908f14b4bf44,in,bc1qlq494zv20q23t9ufa2g8tznj8e64gweltd8tra2w4yv2vnvtnrtsvu3zmv,0.00021743,24.83,0.0,0.0
2025-08-04,fc13a28633db82d2b9c6b5cc154b83ec76c7c769bbbce56d95b5820720276840,in,bc1q6nlqgdwm5y8qpu866e39kurrkhvd84mfrdwfg6;bc1qep6ksqs59f5q6jwetfj8c83a0rvhu89vdnwuyv,0.00013622,15.56,0.0,0.0
2025-08-05,0721f55517c0ac286606d65205d7d0053fef669445bc7266be292a2a7977f603,in,bc1qsvj3tnvnhljvpfxnldfz0w8rplev9snsa0887w,6.902e-05,7.94,0.0,0.0
2025-08-05,10f69b5a62462adb46c8f15aebc98d36dff968bd373e8b19875c601067641f87,in,3JxXvued2He3Ui5GnR5ybTRLVFGz7wBAR2;bc1qcumm02xx9en3wnd6cm6lnq4nvxnn7wkr3clzn8,0.00049691,57.17,0.0,0.0
2025-08-05,1342631515a7ad109daa70bffdd6fe513703587f356b1c903915516fd2bbf022,in,bc1qm8qt43wx2z4r88k2agx2v7vxj4f9hpey7996wf;bc1qvyd2s6zktl2w6urcusylhl3am3gqh39uam924x,9.414e-05,10.83,0.0,0.0
2025-08-05,15f8d192b9bc05af9089e5b971e528a18e5e494f1d447c4cd3a6721f0c71cc59,in,bc1qwj9ys7wjy6j4e506rk9fq83mruasu9vqdudxc4,0.00042964,49.43,0.0,0.0
2025-08-05,1f9538d7dbce31398a19fb4f339be954c19c24de304e4b42fd2f52433a1f6ff6,in,bc1q3zg274cxw7zp4fu7thz7c7t66h6sk68hdk77gx,0.00011064,12.73,0.0,0.0
2025-08-05,25d7c64bbce026991ea4cceb82eb71e6c55e5310b06726bf4230bef79621c319,in,bc1q6wyv2mu26u37g3x89v9j8el7x8ezu6aats056l;bc1qq87x2w0fr25qsyu20c9u9y7rmdxwugx8av8ujt;bc1qr82ey2vshavvafa38v5nlr5hsm0smvn2z8pflr,0.00067772,77.98,0.0,0.0
2025-08-05,2a84378eb1a79c4b7b692678b467a0cc68da6362082127b055de429ee90c9e1e,in,bc1q2pezhjw8q68f2jazs3pfxurwlxv7pzlhezqyz7,0.00026428,30.41,0.0,0.0
2025-08-05,391e6d4838ea89095603159ce077b20ec42d5c500b56c6a797234f81dc6c40da,in,bc1qzs364rngauq7uznjwd20yswl6xr6cejzcsvcyy,0.00031022,35.69,0.0,0.0
2025-08-05,42da3dbdcfd125addd0dd82367af05c4bbd2d5833b45221de4cb9d9e72a3db64,in,bc1qknnd63sqd0y225s7aqepda4ju5rz90uuem6raj,0.00021125,24.31,0.0,0.0
2025-08-05,4eba4815bfc3c140ec882f0709c3308cd215993542b65d8a4c82d99c56b1d844,in,bc1q7pt74hlf28h97dlemugq87ng87d7sy5dv2sewr,0.00014878,17.12,0.0,0.0
2025-08-05,4f18b1754359dbe9caba8002b97516fde3424a73ccc9069c47c3b8575918a877,in,bc1qjxc27mpt65m65kt4gmh9yhvt0gxg92rderva2s;bc1qrduw22ra7k0mwr7r553pxwpgaaufvyyxhkkjsm,0.00020933,24.08,0.0,0.0
2025-08-05,5c77fb52630316bdb645261f659eda4d3748ef247c3ffa2c1f81067e7e71dc0f,in,bc1qc8hfhal65syl9hwmyf4k0yu9dsnc9m48yrv2qv;bc1qgfletl4rds7y3mmhn83jamtgcxyg92wxwj76xh,0.00039575,45.53,0.0,0.0
2025-08-05,6397cb0253e53c470e65c46b605a1a363b1a57f90cb76fd4f5b87d8b296c242c,in,bc1ql36kyza0ye33ey56a0xaqevqtd03fvxdlef4u2;bc1qtcnlk0hvh3srqgmef8d0at4yv56ap68sxar429,0.00048366,55.65,0.0,0.0
2025-08-05,8ee051e77af86ddf08f37b49dde7a418428ef7638de63fde0ffe3a12440eac24,in,bc1qcu89d0uxlu8ead9uuc74mku7luha4hjk3jw8e2;bc1qdpvvfutap6wggmn8rvmdxkd30lh309s376560c;bc1qw7mft460zmaqmdfvn6x0z89urqdu24kaze7gpx,0.00020225,23.27,0.0,0.0
2025-08-05,92e12cc316d128918e60afa8a194c55dee208d3bab036512a2bdb891e1fda031,in,bc1qrlw5afhvuwky8lpztqv6mez9dgua2t6egu0dk2,0.0003065,35.26,0.0,0.0
2025-08-05,9597588513ad0b997e2e73dcea79288133ca9cb1ebebf2a8ffddfa96bee01c06,in,bc1qxzuslwlgr50lt527xkxgxsqds6m9a0q65tvusg,0.00043051,49.53,0.0,0.0
2025-08-05,964674cd133e2cd67bc8d206b35986469e7e01bd60c9dbf4a8c3de0015d235c4,in,bc1qg7dty4p82qsuy2njt75c0vtanhh9s23s3rmvf4,0.00084069,96.73,0.0,0.0
2025-08-05,9d26843f63ac1072c94b6c863b27ea591076591175dea3c277e2bef918dfa2e6,in,3HYtbsrsnzyPhofT6VqaFzo7faKTTsZdQm,0.00047719,54.9,0.0,0.0
2025-08-05,9f3b1ad0b343c3795098cfb786d2dd80349a4318daedc9b2712be876c002b2d6,in,bc1qc4tesk3h6s7xuhgscevk20kv08egzek2c55zfq;bc1qn2pgsnqatx728huu6knsq2wnegta63zz7zp0pv,0.00022012,25.33,0.0,0.0
2025-08-05,b19501578759551a405de1b69151dde192ff7ae26f94b5b6b45bc6567d5301ee,in,bc1q76dgh9g7lcgltjw6wkvj2wdaajy2q04s97qmfp,0.00019186,22.07,0.0,0.0
2025-08-05,b667b2e69e2d61bcb2a6e634a777dc7afa30d0da534c8b01af2a2b9033a6d2bd,in,bc1qm9y0mgrtqmf3wsaq08ekt3rd6p8rrr8e2fa4x0,0.00027256,31.36,0.0,0.0
2025-08-05,bada1dc382ef41fe2512395e4262269b01700c199501fe1fc2608b6d31780e97,out,bc1qjl04gf54605dkhd7cckj2uhrhtcvse0fzneadc,0.04298342,4945.46,0.00037082,42.66
2025-08-05,be4cb69f84a7a22aa02524fe310b4cb4e092b7173bd819a79f4328bafc149193,in,bc1qv97r5chchxrle2elaxmg07l5h45g26w8xn43nz,0.00026615,30.62,0.0,0.0
2025-08-05,c3ba9f3dd2624dc54200bb83cd05dc5d49c9b3329090de173bcc7890f089217a,in,bc1qjg7d2es9jm708ghga2fy5tzlxl5hju4rw8j8pe,0.00022041,25.36,0.0,0.0
2025-08-05,c9e3cd692a83657f2f2ba35c7c7ff53e179b9f0033c2a6e3977f9e03ff1b2142,in,bc1qa4fm583zgl4p4cwg2239f77qejkfp40370tvjz,0.00026517,30.51,0.0,0.0
2025-08-05,cc6aa099ad1af28a14b67e50335dd85f0b09c0dff1a26f24271bfcd3e3ea1011,in,bc1qkf0dskffwqjkyah3pa2e8q3tqg9ekprl6dyuun,0.00013688,15.75,0.0,0.0
2025-08-05,d2bf8eca3000896c9c01cb1d83dc64fd8b3eae5a1bff7a869ceeb0967d47feef,in,bc1q60u37aewhld720a7vghwhp9dwghrvwprpdyeek;bc1qg0ueukufzvaz843akhsljfefwdqtkupffy92x6,5.272e-05,6.07,0.0,0.0
2025-08-05,e7f009b1849f62119538a89aa37df6b15d12e10bbd5c8e6cb9aa9f3729a81a8d,in,bc1ql5rkkmc66kyfse0cyakt8qfjlfe4yg7f3n42tt,0.00043645,50.22,0.0,0.0
2025-08-05,ee6fda9896d1d4f28aec45e0e6db10f1ba6ba3d19d3af04e99381f2753055de0,in,bc1q49jtlpdewvmhp7ca09sge88guf724kcnn8axm5;bc1qw628yuhmkdl2u6fkkpw4cgtednz2uzejkjeah9,0.00030379,34.95,0.0,0.0
2025-08-05,fe228a4d87d6b72cc8ac66bdda2e6485ae4390db823feaafb71f0bc3b2e906b6,in,bc1q4crjlw9y3j7j8gcyx5lat6yxcp6dfc3vwuyv8m;bc1q7aastr8nfxp6wmem50hnfnnrcxvnap4mexa3t7,0.00022012,25.33,0.0,0.0
2025-08-06,11360da6a137d5b51adf9aa36c243d01186b362fa57e67e46e1acfa9887cf48c,in,bc1qu6rls7ps7aev7yxexgudludnh4mr0sr876fc46,0.00038567,44.02,0.0,0.0
2025-08-06,119e2499d5e22fb0ec2418431172abea0c8274dabe2f19f49d5f2558235bc5e9,in,bc1q3e5unyuqauvms9pdyxvwmvcffmp9z3rl2yfk3e;bc1q8je0f4e08tml7pt297ye4gzepmcq4mqjg3qdhe;bc1qmprrsz6l3rrx53t2u6nccjef4m09ppww00jq8m,0.00017481,19.95,0.0,0.0
2025-08-06,11c389889cd6da5926e94b95c45c88bc397f331a9a29cc7bea1cf4270ca3ebca,in,bc1q3p3g8h5hdrmrlvryzf2ka97mlj0yk0acsdkupf,0.00039919,45.56,0.0,0.0
2025-08-06,15946c5316313c3ec545cafff9262b2b53d108891df9c6fd6ff371a63d4f6d78,in,bc1qkmuevk987ggjr5uszvwkz0pavsqw5ul7mwqwsl;bc1qu2tpftp0v8fnpp9xj7w04vumfkapj9a2y8c32y,0.00038256,43.66,0.0,0.0
2025-08-06,18f26d35b24bda5c4ab182d06aaf688dbd2c56713773d1f9031c61e0207d4453,in,bc1qmn93fppku2dfex4tzvuluemv0ls590stt6e6mr;bc1qqcnqsf9ftptc883gmp88pq3nwqvhy9wf8wuc2p,0.00081088,92.55,0.0,0.0
2025-08-06,2642e5ecbe2dbc8accea4e40990a0cd7164c9fa0834c7e0e29825122880dcd19,in,bc1qvhutqegv2hcp2cs4aye8nx6n0lq6rx23gr0pyf,0.00030477,34.78,0.0,0.0
2025-08-06,2c6e3af2937ab0248006627c7de5f1c4086866b2487b1f01c7cc2cd277b61ee3,in,bc1qm34lsc65zpw79lxes69zkqmk6ee3ewf0j77s3h,0.0020611,235.23,0.0,0.0
2025-08-06,2d32fcaa009bbf2614a51ea7c10ba2eb9d8b9ddd799abcd3a10f37d6a1aece09,in,bc1qlzsd90f5wky5grlvdl832ct8wp0khhyrhmgnp4;bc1qqgah6c42vapd32gcr7cs76apya9pvcgs5wh0rm,0.00017793,20.31,0.0,0.0
2025-08-06,40cca46480a7ba8d21c2be4122dbb79c6727e16c7c1306fb6dafa14e4b129540,in,1DLeNApsHNNzUMNZJVoXeyEY5sdp8vzx3w,0.00018992,21.68,0.0,0.0
2025-08-06,420faf95914cb69ba0191a051eedb3fbd1301531ee0c173d5d6345849c80e222,in,bc1qu2z9kmzd2tyh0r83qw8wdyh40j6qmshwf6n3wa,0.00015198,17.35,0.0,0.0
2025-08-06,44514aa329f50ff5cae2b2ad0461d48d67819777a94030e07ee9393de71366e4,in,1P8F2XvSSoe6nksBrKXRcdSWUnvnksuRbZ,0.0003215,36.69,0.0,0.0
2025-08-06,48817e31fd848be9ee925e8d3e569641af4069344d8b886910c1e781f20864f9,in,bc1qa46lrtaw8kqvnahar4tpffprxkpduug67k5sv9,0.00012122,13.83,0.0,0.0
2025-08-06,4f7e03b219bf18325cb55e0d7859b877d18bd17a722b615e98f2ba34a9b8abeb,in,bc1pc8vhh42h24thy3vsqrpguery3aj8uu9zv02v0xphxaz9p98gpe8s77ls4u,0.00060796,69.39,0.0,0.0
2025-08-06,545f29095e08c344f98157e3c27864fb1dc4e07a190c9a836937c564fc257303,in,bc1qtm75kmajywskm3h0knd7x43vjlnwzk8hp9u9d2,0.00013041,14.88,0.0,0.0
2025-08-06,5c6cc322c683680ba7a16c05de3f513b599691ff3d410c297794c9fa47ecf36e,in,bc1qzqgfuk3kspljnnqpgz7zxn2llyjmhsnyh026dy,0.0001233,14.07,0.0,0.0
2025-08-06,5f9b02d1b32c5bd0a7579460e7ed0ed3d232aadf2b3e00221c2254ed3be33af0,in,bc1q0u7w7qqdau2ukkhxcx6jckjsc2s7sdmpdc55m4,0.00065258,74.48,0.0,0.0
2025-08-06,6327d4952805d51cfaacf4f8d6471613cf96cc722ff27ffc4d9347f8955c1392,in,1LLEbWV8Z7J2ZrrGwB6auUjR41Gm9LmTjg,0.00016012,18.27,0.0,0.0
2025-08-06,8a5b6daaddb9ed25d36b73c0ec72c7fe40ac4f80e216f3c5c5271555a843f63a,in,bc1qahna42axvflws79vh9xsl40pnaadhxk675alxh;bc1qdujtc4kj7sjc5kp6t3tjvkqtkq5f9mv8pkls5j,0.00018618,21.25,0.0,0.0
2025-08-06,936ac042f0721d9320f3e4c48d048f9b024f46c6dd4eb73fb8e30e1174d1b06f,in,bc1qrmaf47dg35wqslnshwlhkgjxudhxv0akxnfqyp,6.081e-05,6.94,0.0,0.0
2025-08-06,967f5980edfbd6109b4e88aa2c2d7fdaef8d7fc37387181bb737a77b7d87a1a0,in,bc1q83n382efpk0nr54fzhd45932rm8nrja3eqrpze;bc1qudt72jm535qg4546kv2zvdj0szrh26cjtmv4ey,0.00026345,30.07,0.0,0.0
2025-08-06,a61d7c4fb7b2ceefe48edf632bba7560da2739747183bd4563a5eb7801f4d8e5,in,3JVSADEQcuQcxdMv74Dj8gFUpz8jSTj5gM,0.000204,23.28,0.0,0.0
2025-08-06,ca0eacc213a63b86c977f2586b6ae9be10cfb31f1f546aa3e82c0d46843cb1f7,in,bc1qyru3l3mygwrxa7kw0tr75ugur6705qrapuysv6,2.631e-05,3.0,0.0,0.0
2025-08-06,cd415c8a9c0a2c71c8da2f6eb4c1724a98b34172f937001066518600b1c9ea22,in,bc1pjd8sr7cswxuakyms5kmf2uwrjj2zac7kcfd36sh3hak05lcrlknslcncxn,0.00023842,27.21,0.0,0.0
2025-08-06,d1e6e59b4cdd6fb42057cc781255f7e60e36372b08d60f2e34dadfe3cc72b2a6,in,bc1q94gv4whfavugrw9pu29srug8dk5qsup7ul9ks0;bc1qsqqc4evn97d3nzthylqvfnqqaq5agtp8hh84pf;bc1qvhpmn8mtd74xzatzwv6v0vawtyp5amx2lk6q49,0.00082294,93.92,0.0,0.0
2025-08-06,d2cef2b1dc538ad0bfdbd14dd29788ba6b2c9c185db96350dc2abfc128aadd57,in,bc1qqpqk009gq8ufwtulfr4jlk2c889p99mfcztpjq,8.614e-05,9.83,0.0,0.0
2025-08-06,da6751ea324acfb8f44aed1132a4dadf7dfdb751928421c8582e44e56a8b47f6,in,bc1qk3xqs9mhd96d3s2p82kmdfuvp99djzvmc6pc84,0.00018362,20.96,0.0,0.0
2025-08-06,daa838c3a8d2ec8371f6b01098cb47741554e1f364a2db76b278208502eb8879,in,bc1qm34lsc65zpw79lxes69zkqmk6ee3ewf0j77s3h,0.00397,453.1,0.0,0.0
2025-08-06,e68410c84817fe85fa3726e5720a238dbc8d88dbc7ff431b0d5067a035f22bf1,in,38ZpgPeXLVoeYqpva4CmCbjHaBb2buF4aK,0.00042109,48.06,0.0,0.0
2025-08-06,f328051c46c30654f4f94dedd58556863b2d96fa4484a18ab1d0fba7ec5190d2,in,bc1q7vjamel47at6lpz2lv8zdxxkv9e05qvq9m7m8f,0.0004818,54.99,0.0,0.0
2025-08-07,03912351eda27ab4a0ca09eba89be9fc406c0c3540e9db45399feb69804322d2,in,bc1qm34lsc65zpw79lxes69zkqmk6ee3ewf0j77s3h,0.00033145,38.11,0.0,0.0
2025-08-07,07e382cb7e75f1723490aa4fca1fccd207192ccb39bbf8efec53bab62a8d5b45,in,bc1qhh4le6csnxf04x324uyvcxq9zxslwjrqfdv5uq,0.00025807,29.68,0.0,0.0
2025-08-07,0d4d335cb475500df8e7913fe6def06329524c6fef2bf21415d16d7949333aea,in,bc1qy5suacn2mu7j8r7spn7hm7dat8lf64jzyn404u,0.00047341,54.44,0.0,0.0
2025-08-07,1002911824af3708d544efaf43baf4c63977dac9fcc615e52811d60ab477fa58,in,bc1q6jllek68559sdr7eewwscce3w8h6wlt7rrc9hy;bc1qxdsfd4xm9kagnwuh4nphuwedm95uhtx4qh77ee,0.00014268,16.41,0.0,0.0
2025-08-07,1f4878dbbe28675403ae1223f181869ceb6852c9fa18fc8f7ff9493e2ef35dbc,in,bc1qf43tdrym26qlz8rg06f88wg35n27uhcf29zs4f,0.00011585,13.32,0.0,0.0
2025-08-07,26d3b46b22e3e2be45056338090d939759d630557e4ba8e630a3be5f0bb11fc4,in,bc1ql8e3gal7kgtzfkmz3hzsa2l3cr4e3g94aavl6d,0.00025771,29.63,0.0,0.0
2025-08-07,2780f7a1538557c72d729e1487e989ec7e48051dfd9bbaba23e4de30151100f1,in,bc1q5mlk79u8aw3p7uwk3w42pghpppnhlnfda85hwp,0.00030546,35.13,0.0,0.0
2025-08-07,30633df88b266f41d488ee532cebe6ba2f85fe81415bb639287580a6e72c2ca2,in,bc1q5ea78hvgfa73l35xp0ycnj95gjcuqqnyhvzare,0.00015,17.25,0.0,0.0
2025-08-07,31aeeb1573af9f0391f76bf5f4f844c8debe38e8a14e1e05c2b14221e05c76bc,in,bc1qezwn3w7vvcqt8zcr4qzhw2255sw5z2efq4uyt0,0.00021814,25.08,0.0,0.0
2025-08-07,3216dad6b222d4590781ae0e8ad399ea1ab0683e195c3775a7a23f38356ec070,in,bc1qm34lsc65zpw79lxes69zkqmk6ee3ewf0j77s3h,0.00017,19.55,0.0,0.0
2025-08-07,328fca7331e8b0c11878d4fe57495097c12a565de3952b22be29fd1ff380b973,in,bc1qvyyweelc6hneyce75y78yef8ypqkpv2py5xymj,0.00019568,22.5,0.0,0.0
2025-08-07,41545813aee1e40db84fe5eeeb456e75d6583a5224727c98c70e488f449ac833,in,bc1qcqns499mprkk5wa72qushnqmtsltafwy4z2c0y,0.00026088,30.0,0.0,0.0
2025-08-07,4297f73f364a8316253d97b61c03ec377010a82873daa504fedaec383ebc0322,in,bc1qagkuq3px04admrl8dx94dkjzyr4y66zflxprcu,0.00013653,15.7,0.0,0.0
2025-08-07,4a723732689e6eab4aee7281738d605f0fa999a0017e19fff8863e5a69445c49,in,bc1qqfsqmhrrdnx97q2frlmg9pyhu9lsesc7gnqv5f,0.00012878,14.81,0.0,0.0
2025-08-07,4ddd9de7e389074bea3016c24ef21d4232c4396d2484cb0e6dd1a63f79c6de4d,in,bc1qecyvyqxzwj2a8phpxgpqc43rztkl7x7jhfwvp2,0.00017787,20.45,0.0,0.0
2025-08-07,505028cdcf50ec8417fcd795a9b4ec271cc332319b2c82d3228471828f09c833,in,bc1qm34lsc65zpw79lxes69zkqmk6ee3ewf0j77s3h,0.00904,1039.53,0.0,0.0
2025-08-07,512bed4bb2711d7bbdd9cc0a5c130aaf497b802ec7416235aa048d75cb0e17ed,in,3GK5t9ZXzPmLyFiYHANKNV1cJvWksDcpCy,0.00021509,24.73,0.0,0.0
2025-08-07,5791e5b90ebe67a5990342af2718c8ebb9dc1ab94b1ae1e03ed8c68a56baf79d,in,bc1pawx00l2rj8zykzh20gkf6d60ykeeer43huxlqhnuxsy3z7uw7tvqj7vgmp,0.00092973,106.91,0.0,0.0
2025-08-07,594d16d6d3600816d9578169fbf5fc982197d79f7fb3a421556efc73364acf05,in,bc1qm2zht63tpc79hr72e5hzgzh689mfqtt2w6ghtn,0.00026962,31.0,0.0,0.0
2025-08-07,5cb7eb49ebd4a12fdc1650790d102e3b9926bdcd52c44d8de6b895209ece6811,in,bc1qrr0ts6g4zcafudhswpsnmz5h8rakx3h799h92w;bc1qtt7ky4vk09q3cjmndjx07x2r34sj86up3nem07,0.00095195,109.47,0.0,0.0
2025-08-07,607ad375b812b0e6485ef4f1ead9be2eb0ce1383f51eb4b1368643129bc0dfee,in,bc1q9ng5qy9zrk00wjk7yn3sztz3esk6gsj6z0w4mh;bc1qz00wcx85ce0f6rwjwhhqjydg48q4jjqpudn358,0.00013418,15.43,0.0,0.0
2025-08-07,77708001912409e52de65a0046c56371f88cb9a10ab0ffc902b24dcdab9fc0a2,in,bc1qm34lsc65zpw79lxes69zkqmk6ee3ewf0j77s3h,0.000187,21.5,0.0,0.0
2025-08-07,81359c2983d0f813d112d41d453384a0441814254504e3e9133c9bae65d60e62,out,bc1qsp95plgsn8ykc59z6sskrjuc35c45htqelev46,0.0343097,3945.35,0.00019322,22.22
2025-08-07,83a2057ad111270b974ed3d65b84126d68a103f8009a0e13bd958014ca97855b,in,bc1qf43tdrym26qlz8rg06f88wg35n27uhcf29zs4f,0.00025815,29.69,0.0,0.0
2025-08-07,843a8daed48077595d47e657058cede56f5803b08cf7a4787e627e14c2a2e3a6,in,bc1qd7c6zu7rwcuzkvz5zjr66hvwvfux7gc4aa9kf7,0.00018213,20.94,0.0,0.0
2025-08-07,89532d27efe8ac905f8ce3a7e4022dd985f7f565ccb14455cd9a4adcf498b465,in,bc1q25q52qvkuhel046qpnkjt7c2m40njuh68t26w3wk9dtdg649s2asuxzyyl,0.00095209,109.48,0.0,0.0
2025-08-07,8e46d957a46718eab76a183e5bc63db1176c0d308804b7b128f5f8ac3796436f,in,bc1q4l4gy6g5a2ygmx6qg72hukd5djepqy5d6hy8lx,0.00018234,20.97,0.0,0.0
2025-08-07,946d3565002fb948b98becc0bd58d31db6079c02ab377a284e0d2f8eeeb63683,in,bc1qjmvan7ykdsgzdaaqzfvf2auufrstuelacp66m4;bc1qtyw6lrwpk60naat2auuxdw807ghzdcdt3tgxv9,0.00018803,21.62,0.0,0.0
2025-08-07,95bd3b09d80ae96218af846882423479e36155131a5e4f3090909d6d3ef7fbe2,in,bc1qveankcl6vvenm4qllqu0w3mggkfytkn0826ue0,0.00079306,91.2,0.0,0.0
2025-08-07,9c0e7aa2c00046fbf01f0613431ce4dc18a2d58e55a752e1bae5dfc9d711bbc9,in,13vPXk8Yv9g2NyFoXkCQpA57MNEfeokvor;17bKb3QSvrRMdmUGBc1eweAHDi8PrSPsSU;1C3xqtyrFn5PWFATwADz2yDxtsA4LH9BKA;bc1q0euweznvnppapraz7j85l4ge5af039wfak5haq,7.625e-05,8.77,0.0,0.0
2025-08-07,9c12632e0ac9399d3401d71e90c45b58ad6f485a79af07a7327f0e22be0a9f48,in,bc1qjehndxyt82gxx96trz6vztvn5thekxxeg9zzqn,9.454e-05,10.87,0.0,0.0
2025-08-07,a1b1c28d2232d645b8b0d9b4281e23a89e1f66ad6c8416555f6e2ada7a943c7d,in,bc1qf4tz7xagj46n0vqafagnu8u4mkm7z9hkj6nlpc,0.00017186,19.76,0.0,0.0
2025-08-07,a8f7907c85404f6838d4ff513d1b910d43c5678a435b45b799b10d8f6bfa4532,in,bc1qg7erxmx3t7u7d73jzakpqx7qelpk6qx9kyvnhf,0.00041015,47.16,0.0,0.0
2025-08-07,ace1614fbef4cd82dea1a5f8f273c824b0c1451a2c8b2c87ba1083575028409a,in,bc1qtgelj545hxjdkrdy2tr6read45yavd2p42y2r5,0.00021525,24.75,0.0,0.0
2025-08-07,b222e55b8741f1f1023e6a69a382c604afc58cfe95aa66fb7d2c52dbf307d205,in,bc1qhn50qad6mm6kk6cf54t0n5hvlt02qc40cg39w9;bc1qj84uvv7m6hus0vslx9lsqs3ydw2d5wnhrfgp62,0.00035738,41.1,0.0,0.0
2025-08-07,dcbf321b32f4e72e5c5b60e6feffd1b445d8356e678e93b625d7d0bec79874a3,in,bc1qttzey759zl068phzzmghpvxev6ht4gxnnduxc3,0.00010312,11.86,0.0,0.0
2025-08-07,ddd8cc952fc26b5a9a89275197513beed6fed1aa001a3c8b26c2218c4bd2a34c,in,bc1q0cshwyvhrvxc02k6lgj2pvqxk3ql9525v4m403,0.00068991,79.33,0.0,0.0
2025-08-07,df05000a33c62a6c68a448f1daf065042fa6aa847fca7a35c562fad9f947b853,in,bc1q5pca6qr7qzw93tdezzmn4zpx7v9pu79ncr29kg;bc1q6tdfhjnfcudjw8hre9x8r0rzxvwgftsw4deckr,0.00013868,15.95,0.0,0.0
2025-08-07,e47117a55a832706714727f8e47171cee566187021a8611d36e53fb9d3141c07,in,bc1qm34lsc65zpw79lxes69zkqmk6ee3ewf0j77s3h,0.00095901,110.28,0.0,0.0
2025-08-07,e734a31ff71a2499cf68cf2673e64b3f584f51aa08d0e4c36ea8346bb26349b5,in,bc1qe99zmxch3y7z60wt8nj4uwm575n3tuhrt7q5y8,0.00021757,25.02,0.0,0.0
2025-08-07,e7d4aef012c309d551f702f36fb30b29832ebff737b9423bedf806a398ad8309,in,bc1qhptlvjlpjz00s72dkaufgk5j2j34rywrkj87wy;bc1qrtrsauflfqjyzkcxjrp8mmvw7d7uc45zn87zkt,6.173e-05,7.1,0.0,0.0
2025-08-07,f0d4f572ba69fe4d11d93f572bdfa7cd2e18036448ca6888d628225e02504f76,in,bc1qm34lsc65zpw79lxes69zkqmk6ee3ewf0j77s3h,0.00053,60.95,0.0,0.0
2025-08-07,f946774d7d01afb5f1d8def012f4b33e1a8abdc2aeae9b17a363bdadbcf9abef,in,bc1qceg6cqud998630j4wyl7kwg9hzg7erdu7gmwea,0.00017187,19.76,0.0,0.0
2025-08-08,097971578c8a793d51d322bd7fbfb10662bfd64ac534be73fec5df50a9fcdf39,in,bc1qecwzffw00hs5h4htnxzxgjgzs2qrc8y3x3j7rc;bc1qewtjn7tw8ag5mhswamfsnee0a2jv99jztr3nz3;bc1quyy8620v4jvgrmyy0dcdr2pran4sj57m092weh,0.00025987,30.53,0.0,0.0
2025-08-08,162d029f0aa3a257bf5e4c101ef6d3815827b31dbf91b350cfba60307b138d73,in,bc1q2mjtrmhxztrp3uej66ccp3drajgenxd3xj8u47,0.00064552,75.83,0.0,0.0
2025-08-08,1d7ebc1c196406f2930c24b487b027b442c1da2dd2512e37d887dcb76655e599,in,bc1qa9ad6xehqczy3x8lgkj73n93s9jkxycc76vnut;bc1qrf3zyeqc0sqmgasd8fux4rnwpqht7plly2fnwd;bc1qv2j5f0qzfq0049dw82hpzklm9feyejlyx0zv5k,5.14e-05,6.04,0.0,0.0
2025-08-08,20e6f0f3d2644cd24ae33b65c9d8149477dc2bd469f82e3d095df418935cf477,in,bc1q88lhsdm42nknmsgfujk59sc9rand4zfnch2rp6,0.00045334,53.25,0.0,0.0
2025-08-08,25bfe84fcdfad362455019ed316175040782be257688b5bc4985c6cd598d10d7,in,bc1q0s6rca52mjumq8fjuz4j6ka5h9jhq57esyd40r,0.00123925,145.58,0.0,0.0
2025-08-08,265b6c71eff860a1c3b3006b05a3b540880c61401211a22609441807f48c8cbf,in,bc1q2asc39d3ahpl7gly5ugkenywpg83tmg6qkydyy;bc1q9ux7qcy8ea06f0utjyg3lspdsg83a6m328egwx,0.00021393,25.13,0.0,0.0
2025-08-08,26ea8081111bb53e48969fc23dc17bf5f8668bedcb27852a911e522d39068e1b,in,bc1qeqyspjvzdveplfpc4guxwvylwel840h4vet7ge;bc1qy5e2dgc2wwmpe2525zsjpzxldea60yj08gpr7g,0.00038739,45.51,0.0,0.0
2025-08-08,2d470cee253f8b51da2a45c66c5f2a2908e216fb70d7a72b97edb2fe8831d219,in,bc1qm34lsc65zpw79lxes69zkqmk6ee3ewf0j77s3h,0.000824,96.8,0.0,0.0
2025-08-08,2f4661ce54f2098dac44e0d122f47c05f4ec2d9bceb95d7daa5acd0afa20ade0,in,bc1qm34lsc65zpw79lxes69zkqmk6ee3ewf0j77s3h,0.00043,50.51,0.0,0.0
2025-08-08,4180c847f986baf28a66c72f6f9b04e78a688dbdaf5e5d601d0afa962644da19,in,bc1qsyvj74cvvzu8k8t6axdpsucnlsccuch3y8h9l3,0.00025609,30.08,0.0,0.0
2025-08-08,44029a786a9955868165b6b2cb8b5f886af459e098b7bbc6bd38baa8574c2166,in,bc1qgvgg68s88reyvyhm5txdz6nf23mvke9pvp83hg,0.00014686,17.25,0.0,0.0
2025-08-08,45a0c74fb9882a3948734140f2420fe77be4cafe1572a4e0c364df8c36125c0c,in,bc1qpg48ma22xrpckelq4zsczyrtu4tsr2usku5dqu,0.00020519,24.1,0.0,0.0
2025-08-08,522d06f2bb86d528ced1b25458b79e339525765384736cb54a86200c9d375d02,in,bc1qe3ne70xmf3uv95ngft3ftfa273mahqd95h9t9a;bc1qmqy27vmwt88g9k5xhgzuzh6mh3433cdqffvrjd;bc1qv6uy82eekg5mcx8r97hmjxeq43x3ugf276rc5d,0.00079934,93.9,0.0,0.0
2025-08-08,5333122b3abab3ec94e4598a41736b2c115fb5d27ce2ca1b317c50446eaa3244,in,33XhPoQjRCaEQqY51F7AmDDppYGt7onfEV,0.00076459,89.82,0.0,0.0
2025-08-08,5dc7f394f5aba52e895f7197fd3d60fc581977509f9c74de654aa5586a45f896,in,bc1qlpmlhgejy03z2z85dfn5znma9nk05tm9xw47qw;bc1qzwg2uc8u9gkd4wx6xmvmjzhvt9lms8d2hdzpn4,0.00030792,36.17,0.0,0.0
2025-08-08,6470dde805da765ec247774b1895117eafc15ed1dd6ae7e808742a318107553d,in,bc1qfxrxw5m3xl47qmy2vkxryfdhq5s69ktddzzanc92x0lxtmhwgvjqmxlkv3,0.00047027,55.24,0.0,0.0
2025-08-08,70d5e6d8f6fc84dc2814a5ebf9560dcac8d57bf8d4a1d30f328e305fc73a4bfd,in,1C8LoCrSR9iq782Wotka6hC7mQAiyKRCHE,4.27e-05,5.02,0.0,0.0
2025-08-08,70e1c9d01c12c1a6d296a33a63710b774bfc4212c5bcca37296dcf7bde1f731a,in,bc1qfv9syzsgqxp3rl9ax34murt202k665g0h6xx6w,0.00013687,16.08,0.0,0.0
2025-08-08,715af4f2f6bf521fad855c534917e052f6d9d89d607bbfb79ec69042dcde3b13,in,bc1qx0fmz3jclykwlc0jyy9c7dsx82kgmkyr5nt0r4,0.00012862,15.11,0.0,0.0
2025-08-08,7c6bbe8099a2a48b26dca043f2e8cdc2ba19ce4caba925b1623633ba080012bf,in,bc1qal406a0hd4rwxqvwsvcrknd4qg08zchg4lxql4,8.572e-05,10.07,0.0,0.0
2025-08-08,7e1a32d3b8e5756af40ca2bbd4adb0c5a3ee9799c04d2829c31066dac51f3bcb,in,bc1qjv673zll6d83uwckanay63aas8qcjr2f82qd2c,0.00029851,35.07,0.0,0.0
2025-08-08,812f362d8ac754522da69129ae41c41293421daf4c7514b8d71c5ff93f6b5c9b,in,bc1q45nlwgdgyfuaukeh38gserj2gpahkxya3en2ph;bc1qalwvgu3c45valzdc870w5lhjpf0pklrqpntpn3,0.00080383,94.43,0.0,0.0
2025-08-08,880d8eadd73bdd827d9ccaea8da9b6bd936f4770334e01c73358b64252ea7dfa,in,3EA6Btbxx4nZAWEkQktFbGdkbXJaTgHdFz,0.00015543,18.26,0.0,0.0
2025-08-08,94e5e0996eb4d4c1cb2a52f31fc653e0fab1e84237c70dfe542cddb34cce59ee,in,bc1qw93rd20efsyxkcwyexcpxjqsnwu9dj27thq48q,0.00025624,30.1,0.0,0.0
2025-08-08,9bdeb909dbfc644d5886972d2fd79fa4b1df7548ed6d0c2cc5d0d34803167de6,in,bc1qdc3up46pqa6zd4kmxs276jwsa7c9uu4dfq5ew9;bc1qfcwgn3mtmp658e4mp0u2023v7drk5hjrx5k2rq,0.00025649,30.13,0.0,0.0
2025-08-08,9c899c87f5fbd5778a00004c0c5388610609348ce825ba714aeae918b4aa7046,in,bc1qpu0h7gl5h36jjfj7e0jnmqs3hdfqve8m6wc00f,7.075e-05,8.31,0.0,0.0
2025-08-08,a8c2d3d83bb404d1e3c73597d82d5a8d7013eaeee13a50821b03e7179e48afaf,in,175dkX96qYxboATR3LbHWjvTRepZigg8kt,0.00025742,30.24,0.0,0.0
2025-08-08,b6a88555624241de6562d6d74958a81e7473ae7d9181f44135059bf9de2f6c0b,in,bc1q076nmgxwdhtm0rmmapzz7vmncwlqny3lu8yh9x;bc1q0nux450at3c9s2v0pqdqcd5zmknhrzh9yvjkn5,0.00085868,100.87,0.0,0.0
2025-08-08,bb8f56244f300f8b5b33e8c6236ca5b494477b696d834dda455c07fea1da23f8,in,1EmicEG2CbBSYHG1jksfevW3hw1P6LNvD,0.00026523,31.16,0.0,0.0
2025-08-08,bdb11267585a2b6ed092882d04f9d6a5ccddcfe6e84413021f6897521bfbcbb2,in,1izEKBJffW2NivyU5TyeY3ooL8PAB18yM,0.00018513,21.75,0.0,0.0
2025-08-08,ce0d86a53cd387382ba3459907ad6ce0e0c962e0a7f4a602b1f13a944f9ca29d,in,bc1qpu0h7gl5h36jjfj7e0jnmqs3hdfqve8m6wc00f,0.00021915,25.74,0.0,0.0
2025-08-08,d1072d44aca9b995b32ec25887083996763a0cc3d97ccd681391a489e7256479,in,bc1q4wlestyx3zl5pvfns6vk6d42jle6ddjmv9xeuw;bc1qlqrkjlum043yyp973jt0s9lzkkhnz68vvpetx5,0.00038226,44.9,0.0,0.0
2025-08-08,dd007d92168f39938c359180fa43331a3b380d85eb6bfa34603e8bda23a0e72f,in,3A6KoLt4fJpofFXUGiA4LgBMPpcSu8btBB,0.00071325,83.79,0.0,0.0
2025-08-08,e9cae276dec13b0e0cabb99d5318d9a9b23e80fd72d8190745aebd8a1ceb8afd,in,bc1qd9lhcz2j9xx5zpse8lvss3yp0q9mde0wx5zck7;bc1qus73q358ktq4naeuk3lwg3v6sytxehvcmhwrde,0.00193673,227.51,0.0,0.0
2025-08-08,fecdee900d84c73cf8bba3b9472bd89e81bd109e857e7b0bf3458fbf815f8141,in,bc1qzz0cc5msdm3crml65f8kddycslcv25y97ag7qs,0.00057557,67.61,0.0,0.0
2025-08-09,02f21122eb1a2ab2e738156be291776c3121466cb8b50fb96fc413e8cf680402,in,bc1q62rsaym7raxs4pdyjg34tjup27c2h9v85r0ut9,0.00015426,18.0,0.0,0.0
2025-08-09,096909aa8705fa2539666b2e9e1f56b2bfe9791890c15eeabc2a10cf6f20bc98,in,bc1qjgy34rt2l06wtmhgl9fkfetqtq80j9hc2tgaxk;bc1qnfmuu6cjhr7pyt5w3rz45t9xz2rd82eye2mnw7,0.00013239,15.45,0.0,0.0
2025-08-09,0c270c0ec5a7692f0804b11ee990bcf14ff6d2cd8a865118469188acd6fb4fae,in,bc1qsf32fhhvzlszykq4fmktad4r93gs896wxd6w0v,0.00018351,21.41,0.0,0.0
2025-08-09,14fde847a7099d0e4099a22c9422b6a57574889ff0ee7001c69db73bbf110d82,in,bc1qc9rs2q3znuyu08ff5zw4lvqyhkcmun20dl9xt0;bc1qrgp6pnu5htcjmqa6jgtam64ps4mx0dqej03mxh,0.00030021,35.03,0.0,0.0
2025-08-09,1a510c684583efd4c37426006e2913da8eb0cdf52260ebf591fb50d857c0c9d2,in,bc1qwjtuacjers4uchp8yqpx00u844n4jvghmjlnf6,0.00068991,80.5,0.0,0.0
2025-08-09,1dcb11bde27d1e1fa39788ed3cf80f7c6901342c7f7ae74bf9a0a3dfca1aebd7,in,bc1qphr3zmnuzct3nnfhanf4e0mhjkt8ymfahmad0g;bc1quqed346dcy8qge2fs2hv79wvrprsy6e6xsmww7,0.0001029,12.01,0.0,0.0
2025-08-09,218e7efb1a7c42e31797e8aba3e2ba42bac5b94fa96b177dfed487c4b5af0afd,in,bc1q4zw6cgaqqzhtklrtvgq962esq9zkuts2k9p0e6;bc1qnc7ttc0qfekp8w4x6saknl6jl2qg2fuxypsxl7,0.00012828,14.97,0.0,0.0
2025-08-09,30db7f55ee826554826b8c1009a9d69fc7c9e6710e2ee3611c19a9596781e1b0,in,bc1qurugj5g2rl8yzeppyp034fewfyhmruck0g2tem,0.00010725,12.51,0.0,0.0
2025-08-09,363d2b0424b2f056e99d559b6823504b8a0931b84047c46239179997e3c302a5,in,bc1qgvjh9nnr0jwz8j3sraalzezmzc99rw6jhpqzla,0.00015419,17.99,0.0,0.0
2025-08-09,36fcc16900d8028f82abc87f843a115d4fdb9550f5b57ead70786fc7acd374a3,in,bc1q4y0rsvs0mkmtuylxy6p9e43vrpjwmmkqnmw95h;bc1qke462tdcs2cmarts6rhrugcpzrlgmaggmf8x8m;bc1qyl4eztssr2wv23s2wnfw03grzm7r7v7v3nglhm,0.0001234,14.4,0.0,0.0
2025-08-09,40b599ef635dbbd37aecbbdb0b23c8e60096414e719d3f872137efd0165d0b55,in,bc1q5xpkf4lhx6840nyrhz49kfhs7m0l93hyght66d;bc1q6vsmu3hdrr6c2xmsx5ef6ejd2cuzh7p44qsq4h,5.069e-05,5.91,0.0,0.0
2025-08-09,4da862807f4898233350a24393c29c7604babbd6c824e73c3bb967f7a8086264,in,bc1qnd8962kwensvvx9j6ay4xqx7mx9ffsp8v3ac75;bc1quduxc7z76mrv2qepylakny70zry8g4g3j2uwgt,0.00010269,11.98,0.0,0.0
2025-08-09,6b3ac6c477480058e77e099cb653c4e2227a4396a07f46d031e8902046075659,out,bc1qw7a3suufkel7j4rfqqhfydwdcn864rnwjgwxu9,0.02225476,2596.57,0.00019914,23.23
2025-08-09,703d5460ce65dea8658161bdbce94f81007bf4b9243e723e3a7b60330b27ab94,in,bc1q4uklavxtfzsy8uspqt9932pmjdnkcm8j6su5qy;bc1q9xwl86sp4ghyzp0gt9jy43h7sf00qcklqj0dp5,0.00047257,55.14,0.0,0.0
2025-08-09,75a1b99fc89366f515bf080c83243c926861391ad1b66a1cd5740a4f92509bb3,in,bc1qj4ef35u9egfqzkp23qpqsrerglmns48tvtl2dh,0.00024646,28.76,0.0,0.0
2025-08-09,824a8f188e114d7ac9bb3ac3ac402fdd63069ccfd9ab11e22a92d654410bcf61,in,bc1qze9aa6gfvur687a3ny56xpfwsg5halnhqrfrn3,0.00010782,12.58,0.0,0.0
2025-08-09,9af7309c53819292bfb60f55c4da17fbec9644452f11fc729175815ed363a209,in,bc1q6yt7m4y78j9yk95fevukx9mcexq3hrcqrunq0m;bc1qetsytfepygantschu22nyju2d7ztm5q7v0qz5g,7.119e-05,8.31,0.0,0.0
2025-08-09,9fa5606144f62f9940f9243c219d19ce0470d3b0c157fefa3f98b5a1942f104e,in,bc1qzpkjqharf034rk359246tc6lfc3j2c2ww6cdgr,0.0001026,11.97,0.0,0.0
2025-08-09,a7b0a7d783671a6964152a22ec66243bc649cf4a91044ee7bb4b22156b79550d,in,bc1q8uj3575m6yq450ak42clcw7sv7np8hwa2yc8df;bc1qus4m5kt3xhy36vz5sfek5k3q5thmaaxsa4ztqs,8.67e-05,10.12,0.0,0.0
2025-08-09,ad563f131d4f5c633d788143def37fae2839b84091626233147b66d289cc6056,in,bc1qr35hws365juz5rtlsjtvmulu97957kqvr3zpw3,0.0009166,106.94,0.0,0.0
2025-08-09,ae3e20a5793e01477b734ea1ddffbb441fe21377d8ddcccc528f36bd92100244,in,bc1q8qezjkld5j35h35zx83j6vjxnnq8es5vyv4rc8,0.000197,22.98,0.0,0.0
2025-08-09,b4a0764d20fca6dd8a62a9132cfe641298a73034750fba71ca3cd25e0371b69b,in,bc1qcvf3arkl55s02e8pfe35fwfwfzs7ee2augnz7g;bc1qhqmnu92wn4sg3v5clx993m6lt84wg433k8dhsp,0.00013505,15.76,0.0,0.0
2025-08-09,b6bd6af1e326a4d23281b32221163fb6c82a3c15dd44c435165f723f14b7239c,in,bc1qu7yv0vem24xj90znm0wzav530rka6alqeukq55;bc1qx6383plrxezj6n59ygl6jvqz2z904rc39xzr9w,0.00042855,50.0,0.0,0.0
2025-08-09,c120f290dcd80bfb4fce83ef76649ebbdb28a7e5ee7a63baea38d340172716dd,in,bc1q8m9vk6rv5ynkycg82lzrx3qgseadg5n59kpfv2,0.00012865,15.01,0.0,0.0
2025-08-09,ccd4c9b72b9aaa8f7f93ccafc5d9bda36da194ad7e3eee30cada164b226837e5,in,1BpspWgj2U2B9fCzkhiDKNXhMCQB5naVKn,0.00094428,110.17,0.0,0.0
2025-08-09,cd897fa3155389f34e3d8d859d2f212b6ec71bd9b3df673e2d609beef51b6651,in,bc1qpu0h7gl5h36jjfj7e0jnmqs3hdfqve8m6wc00f,0.00046836,54.65,0.0,0.0
2025-08-09,cf87e821afd0def91957e09b6448022ae2e7b0fcb33e067716de5f9cbbe2c6b4,in,3NSa5aSknNkZzw4M8iiXRcW1sjid8quXdt,0.00069666,81.28,0.0,0.0
2025-08-09,d8b13fd06d6eeaa7381a88aef49595dce75201b8de87494750585349927a8554,in,1NJaNF8LEZhZH2ma7xKqvcVhFKafN5cF2K,7.664e-05,8.94,0.0,0.0
2025-08-09,da232dd720a5b864d1abf7f4e3716e9ce752185c2c5aceb2565254fcf579271d,in,bc1qty6s79dz5zsfr9vtjdc9gklstx9q8l0gzkg5lr,0.00014657,17.1,0.0,0.0
2025-08-09,ed38734fc65e9afa45a364dc2486828698b02ba56c722391149f4836d9f9a8a2,in,bc1qv7zsqcntanl544cuu87zk46f82g4aecvcjddjv,0.0001716,20.02,0.0,0.0
2025-08-09,f95c5c8b212a13939ac7012bd96385d8337ebcd0d01f659eb30e8f726bc039a3,in,bc1qrkc6xskdd2uasjngaxpt3h3ydmza8at0pj6m2q,0.00013275,15.49,0.0,0.0
2025-08-09,f9a3a937a2d3cda475736114a30293664a85bd8307942baede89349b4c246655,in,bc1qm34lsc65zpw79lxes69zkqmk6ee3ewf0j77s3h,0.000556,64.87,0.0,0.0
2025-08-09,fa53c679bd9020b4e69a6426bf960f15ec7fb6bab2ba10e5c0c3f11c7f7d5baa,in,bc1q76dgh9g7lcgltjw6wkvj2wdaajy2q04s97qmfp,0.00036989,43.16,0.0,0.0
2025-08-10,03691f0f0db6570954b31738cb89e41039791a7ae6aeb5ee05906b100249868f,in,bc1q59cu63uvlekzj5qrchdzsz6qw79luevn6dk543yjyhrsx5tgp2uqy7l9gf,0.00015974,18.6,0.0,0.0
2025-08-10,06d133d6aeeb133d862ec22230683f30e7603f3218878c792bf91c9b5bb4a2ba,in,bc1q0syxhg8ws56jzvtv0uecajgfcmp2kh6kudayyu,0.00033703,39.25,0.0,0.0
2025-08-10,0cd39e9305ddf9d448c9ecd459989203c31c8a43595d13b54a527828be61c5d7,in,bc1qh03qvyjtqant0mss2n50dntqsqas76532xsa5c;bc1qhrrkgf6rruvquh5hztp09r5y9hup9y3dtypa98,0.00072676,84.64,0.0,0.0
2025-08-10,173c88fd5d468a123dfe4ebd63e4b79bf890b8e7afa2538f96ee5aa737f87000,in,bc1qk7wl7gh9ztyn45zgytgc4fr6pjet5paqqmqhsu;bc1qs7u87v5y7mkgw9j94r4yqsmcrlxx30js235n50,9.851e-05,11.47,0.0,0.0
2025-08-10,35f8a5de2f6dcb775ab1e7fd0f0fe825172e606b25e5960fa02ce4a78c11eb30,in,bc1qy4ak7w8axu9rxjle3f5fkvmftqjyt3dw3r3rpe,0.00014378,16.74,0.0,0.0
2025-08-10,3eec23dc699d79929b88ac8fb343bd2fbf4da2d0aa1f0e7d6757bcf4bca48e76,in,bc1qrxuslsg2fp6ypw6arepqs8es2fkgcwj6w4swx2;bc1qt3w9v007r4uena0znr4gtkzkjxzf5uaa0jjhrn,0.00017316,20.17,0.0,0.0
2025-08-10,4a679ebbd6e3223b55c11d2c137041098f0ce8c2199624e903d8cebec8376152,in,bc1q5n4ah4vpz57yqlvvc04xs4gtplrrj57868lfaw,0.00021106,24.58,0.0,0.0
2025-08-10,4fcbf23a16309bda913205350cb959c164a1aa4dd5f9a216cb72994b4449c9fc,in,bc1quk2jruahm3xc662cgqph64rc96352k75xqszzj,0.00030913,36.0,0.0,0.0
2025-08-10,567736983d14dfb18b6ee1ab5c0bae578492159802b68cd9a80730a42b836e47,in,3NgojQB5jXEZ7AnH1Y6RRvKcTsNTC4Z6sz,0.00024238,28.23,0.0,0.0
2025-08-10,5bf87991ef3055f69b3de6e4cdf7eec8d17ed46fba5daf531f3c65bb8f8b5144,in,bc1qtla9ym09keutfsjuaphwucptjg3cyle295nq2j,0.00042131,49.07,0.0,0.0
2025-08-10,5dc6bc17fe22048c0ee0aefa590baad936468d90307b373935594a88f2623a44,in,bc1qfc7cts9f7qcmk443lljjrml6kjsdskm9hrh26j;bc1qlcwf3v05ql6vzsan254g9wzux33qdgychapaaq;bc1qu5stk8n7s80atzpev6cajew4lppryj6ug97y44,0.00039296,45.77,0.0,0.0
2025-08-10,64df4a6694899824d0f077d7ade60aafc185aae5d2c9af5c6fd0b2b1fc42508b,in,bc1qg52pnfcl7ulmtl6st00mrs346w3xnc7tky34nd;bc1qtw8d602xmxmvt9t4vx92tgrfla0ne50u2nh39e,0.00017705,20.62,0.0,0.0
2025-08-10,9d96b8cf5df53a280d10d19cb74a221bdaf6bed13bb7454484195d5c018252cb,in,bc1qhxaz0hchtnaxpr5d2lcw7e9hytrk0dmv6pkmaq,0.00017647,20.55,0.0,0.0
2025-08-10,af66ec7984662b01cfe7c60fd2dbee6ebf5e086ccb4faecd8c71d93297d54b75,in,bc1q4xppx6egglp786qaqyuz0xvl3l9wvmzz4pkvha,0.00032497,37.85,0.0,0.0
2025-08-10,b9bb6d405bbbced226cbdc744824f72d3f9012cf89d4ae08261f11634fb6c72d,in,bc1qdu8tm9cdtxrxl9v73dlx6849y4qq7raajtwdzx,8.993e-05,10.47,0.0,0.0
2025-08-10,bcedd937def476b8aff97d89cdbf53972845e6f8978db292132249f6abf414ed,in,bc1q5rkgq94u79hty0fjzg4x856yutct0zrsy878j4,0.00034641,40.34,0.0,0.0
2025-08-10,c55b72a88c56d86cd069e3359a01bcedcd97758b2d72502c38ae0fd8b527c4f5,in,bc1q3ry6dhm0ywhq9h7u34qusjljg6prs57zapwfj9;bc1qhssfwjuz90r2eq3gvd348yh4wk5xwlypy8faw6,6.693e-05,7.79,0.0,0.0
2025-08-10,ce89fe1ef3e71aed5efeaef97bc274ad4e167f98e724600c7fcad4e967a9ecab,in,bc1qe0kswuawmwp628zzlpqcgns62p9xlunda0krrm,0.00017471,20.35,0.0,0.0
2025-08-10,d5ae202b0371ef4a3ea003d6a60b3ff25d535719845c5bc9fcbd28ceba309ebb,in,bc1qrnaalcy2l6efw809wrmvcd8dk9welnnf2eem2l;bc1qun7mq50wjpt8u5ave86amaaj87p56njlhjed38,0.00017591,20.49,0.0,0.0
2025-08-10,e18d79c77be1de2dfe6be4e9452dee7b80b3ab5d544af963884af732f236a709,in,bc1q6ea45dyc48v7axg5tj5w9zrv5fk5jtl9dzvpew;bc1qvmmy7qhj3xw5l6jcaun2v5kxfc0dk4e08ljzh3,0.00025306,29.47,0.0,0.0
2025-08-10,e67a8c36060d0de94a0b30a9a500ada2d0e1fa6aed606c47a57f80eb1929d77b,in,bc1qm34lsc65zpw79lxes69zkqmk6ee3ewf0j77s3h,0.00012,13.98,0.0,0.0
2025-08-10,f691a21722af5a2bf7f2291f2e5cb6cc86a27c6d12b453b57e795d6bf50a8f7c,in,35C2L1pCgwzBHNcDcVL1a5RuoefeWqyjAR,0.00025787,30.03,0.0,0.0
2025-08-10,faaaf45727dace869ccb47840e5e99ebefa9e662b3992796caf760669951d4d4,in,bc1qa8jvmvym0gkga32txaqpu52ck32vryrl6xed68,0.0003066,35.71,0.0,0.0
2025-08-11,012246c13db536dec3b308f4744982025a5e25697b38f5202404fd7f67aa99ad,in,bc1qla95nehmyjvnwyfrhqwl8crllle9t3j8rw6xen,0.00012774,15.24,0.0,0.0
2025-08-11,06d8410790844905563f5287579f80640f4a8d821b3bbefa853f324d39d829bd,in,bc1qaxedkg3la8fn3kzc5nl2y9f6rnlz4dkqeraa9z,9.135e-05,10.9,0.0,0.0
2025-08-11,0c789970e03f1bb277699dcc6a0ce92523a71c512ca60a9f110d9adcce44f031,in,bc1qll7gjv3a3e6zszl0xmw38a80syqavhk8rc0rjn,0.00020564,24.53,0.0,0.0
2025-08-11,19619703e19a2ae4b3c4932bc823353d1b58d2338667f4a08acf7ca4d10c3f99,in,bc1qedz7jtugtshx36y8rve2hugcrxa3xk657h7k4e,5.039e-05,6.01,0.0,0.0
2025-08-11,1c287f3974049e87886e49783f1b1df3a61ba27306716e4a3574067e64845774,in,bc1q6rfvryyfygwfevay8zldmjfmts02sq9wufuy8h,0.00116995,139.57,0.0,0.0
2025-08-11,253f2edc66a53f6cb5220c531e4a72b50c21a42cb34fe6d365d44ab6742756d9,in,bc1qsdxrdlghwuk5e25aqufs0wtp3rjmwj28f220gf;bc1qxc9k73x5qwp0wq8f9k06njqmeegy2qskdedqym;bc1qxz4rp5hs6qfjnfsszszxtmy5d6mvm2zryz07a7,0.00091809,109.52,0.0,0.0
2025-08-11,386bfebfd9345fab941327d1384b4f05512132734a460c233bf4438b1ce9ba1c,in,bc1q2fegxp7ewjksf5pwpe26cegktgrlw0efajetpg,0.00077108,91.99,0.0,0.0
2025-08-11,3e166df9d66cd2acb136854472991208d7a661a06003d82e198320cd9ecd71be,in,bc1qfxhjnqt428vlqundx2jfrcymlfxvkr8sufrdtc,9.763e-05,11.65,0.0,0.0
2025-08-11,4cdabf400cb77fb78199dcd9e006fff0b59221b00670fb20fe5c9440b400564d,in,bc1qzuf427v4vred4jj974p4x6837rytr97zyv68zf,0.00016601,19.8,0.0,0.0
2025-08-11,4eb4d9f6cf9c3d5cfb2de04d3c4daa11e2864dd5a00e4ad8157b559ba3342354,in,bc1qm34lsc65zpw79lxes69zkqmk6ee3ewf0j77s3h,0.00016879,20.14,0.0,0.0
2025-08-11,554fe42b2645964391f346bc896c0e0c93d9241b41cc31a3750997847e93cce5,in,bc1qudpq7q93cjzflzzv340fy223r5k7wjc5jf4xm2,0.00019418,23.16,0.0,0.0
2025-08-11,58adfd4a27fc0b804dfdc04ec1713afc4597ee3096414844efba805cbd32fd50,in,bc1q4xpuct6lwgh803r70rpxkf8ph4v8p7d3lu7mru;bc1qu7en985m568jteyldrme2z0ugyd7psr8jqhrtk,0.00016323,19.47,0.0,0.0
2025-08-11,650b1b9a1c0d7b68a287d1a0b453932c122f605e7d9a6af0ec07fe34793fafd7,in,3AuNPhexReLVgskLcEpGoKhAyk77Hsto1J,0.00088053,105.04,0.0,0.0
2025-08-11,7b3cf1cc21bbbb42c14a23a3c90c60394ffd71d8ae4a6cea202cad273f5c929b,in,bc1q70dxyyyvuqwyr8aveteajnzcx0wzsx4ekgslcw;bc1qjgwdl4yyn5wtwew20aqj5wwh2fvfezkr6fgge3,0.00042031,50.14,0.0,0.0
2025-08-11,80fb101dbc76092cb90447526bd4a9383e6812b283059473bfb97c78b8e689b2,in,33TVaoNPPahAiNnJZZU2NHCv1QFCffvetj;39B1rPcQkBNFZZk65qdiFqExHVuVAq6wcZ;3P76bgLw7MmopYA3DftMnt5vFsaU7W4BfH;bc1q50pmf9c6wk38ys67cjy3ahj7yla5slt9r6afkqjq449w2xrrfa4s8jnyhp;bc1q65r2f3pwmg4qksad03lgjqzd88rxgptd5h40ex8j9p9ce2vayjuq4jaglp;bc1qakth3g0ay69e332mfyual63crna4a7n8vfx0sg387qr5xju4ytesm52deu;bc1qf9wu8up6exz04j49udn8nhkwyxup2g95eeewp3zk9mak506vfe4qk0s7p5;bc1qfert4g4zqm4zzgd75w4mye4rucy4v3v6p8xwrdqkgr5urphgkuesqyd09m;bc1qfvd6kpvws8w8wf4qruf523n7r8ru924u9wpf0c43mdkcxuu8kf3qnycfmy;bc1qjfe0uhnjtahej,0.00012411,14.81,0.0,0.0
2025-08-11,8ae64073d7e8df7c01f5cc4d3e016291c4ddd891d198db1c8c1538472cf6428b,in,bc1qr8hgr77l8t92pav8gw9fn3fd93q43rth4tmpnk,0.00048301,57.62,0.0,0.0
2025-08-11,8ef32fc854ece4c261d209f62e70d1cd36c89d155be9345e7d5f96b5fbab30b9,in,bc1q02qc9sg0pnxws8lvjhr4eq9rc2zk34fe5s333m,0.00010817,12.9,0.0,0.0
2025-08-11,923fbe812c9bddb87596e140b66144278e19f42519b28e765abe8294fd61e24a,in,bc1ql0whhge6f6578npra233vfdhznthlj384dfty4,9.471e-05,11.3,0.0,0.0
2025-08-11,941023a6e7111a441e799ed054fa1477a26c424fd9fbf404993da659af70450d,in,bc1qpparjv8x3rs4z89x2rdzajv3tjxhmv5eyf5hqw,0.00056119,66.95,0.0,0.0
2025-08-11,967feaceec8cb836c2592dbc8540a1b17756764e301c12c359e4054d8e947513,in,bc1qh2zfudlcl7yz6xm287r4vq89d35mvwght8uh5g,0.00041035,48.95,0.0,0.0
2025-08-11,ac2c0e533d1af908d35d4cb1c991964bda828eada767d47f83a517f70a9e8cfe,in,bc1qg7erxmx3t7u7d73jzakpqx7qelpk6qx9kyvnhf,0.00041287,49.25,0.0,0.0
2025-08-11,b625c2a1d62a6280bf8c3b97901bb0be1c56f355f4a9e5e4bec21ccfba5bb9b0,in,3McLxgAd5nftXhpdPKSHTxxxJR676uAVQA,0.00062929,75.07,0.0,0.0
2025-08-11,c1e15143afc145b985f3e8bef6464c94912e69980fcb4a20f252d5c1d98f770f,in,bc1qm34lsc65zpw79lxes69zkqmk6ee3ewf0j77s3h,0.00067494,80.52,0.0,0.0
2025-08-11,c3af79d5dc1702d8d5cb730de1801f3bbf071d10f23cda1612c563589866b725,in,18Zb5E2MihtiExPid5VvhnjZA8YzTjaGF9,0.00114831,136.99,0.0,0.0
2025-08-11,c72d60e9039584037d214898f0e1ed44c8d896a1829139857b4392726b9c3cdd,in,bc1qqjtrafwzyhqlc7zafzugyv7p4tzjcsxe8ez4u8,0.00041626,49.66,0.0,0.0
2025-08-11,c81efb2684b0dfce10ad7d29304f011e574a8bd97967ea57e681ebdbd66d0e78,in,bc1q7w5c89puachh4fe8nvjag0q4lxte6d2ykfeqjuxhtkspa9zhqj3sy5zkqt,9.575e-05,11.42,0.0,0.0
2025-08-11,e1f783868df83e1c2083f96e6b1e3f04fb686c110b1f29e86be5d446c6f0e3f6,in,bc1qsmg04ayw7clafnm74aj67p32u0na7j8z9q7v9n,0.00024426,29.14,0.0,0.0
2025-08-12,00dcd1a708a6bdca93c77fb81be8ae6dcd0ee5d601e11a9a950172bbb422b255,in,3G1s8TDXAePKbjcDu8CpTf9Wu12bsDokPV,0.00112594,133.63,0.0,0.0
2025-08-12,0bae3bce4e8cb556d97ef8935af40f827d0e8cbaff2fc4fad2751936221d5c93,in,bc1qq9yjt0mrckt76v9cr2ynfwlvtaa2qvf6gqdws8;bc1qv20w5wexwwxm2nv4k6k35av563n8268md422xa,0.00033286,39.51,0.0,0.0
2025-08-12,1039e10e3d978fc8476d88008ecac914269760dfaa7e0b9e70761cccb3458855,in,bc1qak4vc478km70u80w8suqcpjlqknsddm3fxk0l9,0.00012581,14.93,0.0,0.0
2025-08-12,144fc4586f8f3731862c3da4052ba4cfcead8e801fe7152c7dbbaa9ac6e62000,in,bc1q5lr0nmkhm5rwnzxl0crdtlfeymmu20mwt9g7vz,0.0005,59.34,0.0,0.0
2025-08-12,14dd7b30e7b1c0dde40cac7f4c4e121188f9b5c4e017b30eb5b561edf7f56a83,in,bc1qhwrcensxjw8pe5rs6sdwrud8dj3a7n7xez7pcj,0.00028295,33.58,0.0,0.0
2025-08-12,19536551382320fe6af72151de35b270f8eea861d90a96285aeac3cd0a7abfb6,in,1LLEbWV8Z7J2ZrrGwB6auUjR41Gm9LmTjg,5.906e-05,7.01,0.0,0.0
2025-08-12,1e8ea83269fe835e7eaede27a77f6399e9dfe50f336a1e6e1819d140444c24e6,in,bc1qadtecg2lh2yv6ppz9cznq4yp6hhtqnp29p5cn9,0.00030104,35.73,0.0,0.0
2025-08-12,217e1640b14b9e8fbc2d440d39f3f938834a9bb3b5fd80a3030b0a3bf6a60d60,in,bc1qfaqv5ls69kv0nlmy5nfegurj4tt0gq8hjfuyrl,0.00020981,24.9,0.0,0.0
2025-08-12,25b8e7428f9e9890a5ff28d5b5a0796b24060dc541f0f2efb6273cd5a3d43633,in,bc1quhruqrghgcca950rvhtrg7cpd7u8k6svpzgzmrjy8xyukacl5lkq0r8l2d,0.00023138,27.46,0.0,0.0
2025-08-12,28c13c638cd09b13e32f34df0e91cf47fbec227f0307d27baa46a5c024cf5eca,in,bc1qca7c8n3mkgdqwdcsfawp45xn0k7kp9yer700lq,4.172e-05,4.95,0.0,0.0
2025-08-12,342de65cbe172bfeaa1539e45bce1ee475703d0aa9c91cc4876c16a92c3cb79a,in,bc1qy09rynntke9z0wegx90c4jjlnf9v9k6360wv2x,0.00022273,26.43,0.0,0.0
2025-08-12,3710443f530a277864113ef83d01d9165c9fa6e58b80b37f132e347d3d0e62cc,in,bc1q8g7q2tnakl8lhqwds859turk4d9ax5hw79dj7k;bc1qchjlqgdh9k6cnw7mwdgaalp3kr7q9yc5syflna;bc1qhftsqdkg8yvq9r0crt4xhetn6ksals2azcq2ty,0.00037446,44.44,0.0,0.0
2025-08-12,3fef417efd64a49d7e666276c19370dc73015c6801e6385fb9b3e23696777258,in,bc1qm34lsc65zpw79lxes69zkqmk6ee3ewf0j77s3h,0.00314927,373.77,0.0,0.0
2025-08-12,41eca64423a28de46f81c66a36abd07be1f6dd3257a277ddb23b6f6101d9971a,in,bc1qk5cqna65erc9fqqhn2cxzfhk9yfk54pz6umczd,0.00034424,40.86,0.0,0.0
2025-08-12,4815ef15b83aa961c8ea7c49cfc3c315487b82efa474106ab666a84e7041f385,in,bc1qt6dfuavwry507lewmktfmevssadp9y0saqsvsm,0.00021103,25.05,0.0,0.0
2025-08-12,61b069501df7d8801b5a25ef499faf7c58df1d5bea1ba55ee536f5af6e7d7060,in,bc1qeschhdf840p3n3uv6glfqxlyt4enzrtug8w92n,0.00032298,38.33,0.0,0.0
2025-08-12,75b73ad1439d72e0d00b0793b7ba0b9d57dd6cc665833c02aaa8b4c221aa8864,in,bc1q909g5cxcztesqq2my95u9yjlzm2hq7da6enf3x;bc1qzdy7q5w0940nxg0l4rayqlf3g46fn80r0ngxff,0.00056443,66.99,0.0,0.0
2025-08-12,78b1a671081b17eac20118ad035f1a5b3cfeaeb33be4ca35fd6c9f65a24bf0fd,in,bc1qvwspkr9qh5n6r6m4r3luh02ga3z0lu0anxhfsn,0.0001913,22.7,0.0,0.0
2025-08-12,7aa086e1ee918895c19a0195caea7a8550566db6d80ff076b592035c79b1a447,in,bc1qlz47m7g7ylgptg3awtfwjm8kz2s4rxku8sj3a5;bc1qpmlpxnj64j8ge06s5zmwfrx7chfz27p7zxhcau,0.00013163,15.62,0.0,0.0
2025-08-12,82730ff780eb0cd874571182422317e79e3a8022fd1f5bfb57b0b24f21f19942,in,bc1qdra0dkgk0dtzss90pqxrwesx7gmlw2hgvjjjle,0.00050172,59.55,0.0,0.0
2025-08-12,84c305217ca22db3c5efeb0e6ab00635cfe02db0e1c5036a100f89b293135e43,in,bc1q52268za9wnjvvg8l260qf2n577c0f7gt9m49n6;bc1ql9vuappmqscwj9d02pjrljr9vw9aagjvfsxut9;bc1qyp39h0hdkuzt6p9j9rz8r7jrqkp0gjk6jkws5r,0.00012229,14.51,0.0,0.0
2025-08-12,896e3a6c9ffc3823812b95ff6f1de85a9254ed58f2cacc34198e8f03f04a2894,in,bc1qwux6qlx00n6a0j9rwmq8wkg3cfhegat2mgn3nk,0.00025896,30.73,0.0,0.0
2025-08-12,8b68aac2bc966f889fb10a04ed9bac54fd14c77f0f2d4fb4e3af99bae5f728a5,in,bc1quwe0fsu8mazu2q64hay2pc6r8ay43phynxwc5e,0.00035376,41.99,0.0,0.0
2025-08-12,8d6866d730f46ce98deb74ae148b1809f3d1ffe79436b4f39a36092661aef058,in,bc1qs9rd7e6wl6pck4fc02h0zclnw3ts6nhwa52nlu,0.00021099,25.04,0.0,0.0
2025-08-12,9c9634610628b80fb2714309923a92e925ba85cc089632570a0fa22cb419d6d2,in,bc1qjz8s8067lf8dyrd5zdjg7evkxl8re6n3tlu40h,0.00020912,24.82,0.0,0.0
2025-08-12,9d08887a82752f7fe4723da05402c5a77f6064096ca08edb2e3cba71d7b85a18,in,bc1q6arq2h99rxgq74df036fgr8aa40ju38rdtpv4scpnku5lfpv85sq6xcckm,0.00024387,28.94,0.0,0.0
2025-08-12,b54bdc573e8016baac92e66e0f253f12b77b47325d5622d730f31e381037508b,in,1456yw212G95PAcBqs1exyqYC6zp16FrCE;159ennbKdG6vgLeGyvXu5s87VTeGvfRks4,0.00026079,30.95,0.0,0.0
2025-08-12,b8da7394d268ac0d16b6187e7afb3edf9d89830c01b9b2a7674b56c739991f69,in,bc1q004w0x3nye408xx8xw77y29dtg3fkm8hsf3muc;bc1qxzr7pqxcm4nr57xrxy39jll9pl0yswtgtfpfac,8.364e-05,9.93,0.0,0.0
2025-08-12,cc56a12e0d74b7d6a05e43286ff46a93e6cf9c5cb55e1233f1bf7939817d8e2b,in,bc1q2pezhjw8q68f2jazs3pfxurwlxv7pzlhezqyz7,4.516e-05,5.36,0.0,0.0
2025-08-12,d2c914843e8bbd88b49c6799113002765e4c9d3b81aa89ddeeeea5def52d0abd,in,bc1qxprdely582g77xmhv32cfda9latg4u3pqmkj5j,0.00063369,75.21,0.0,0.0
2025-08-12,eb2cf432656e72d5808411fd518696c20707f25794a82ee57d1b27e724b83fa6,in,bc1qnaspwyx62c2ekmsq84jsqk0wmn856gvhsmfgj9,0.00020985,24.91,0.0,0.0
2025-08-12,f2aca68a3a6ff62304b113326573b740e9c6d2e78c4134c3782d70170f208721,in,bc1qyelv0u8v6zp6pg2t4us4heg7dac5uagcqq6w3l,0.00059044,70.08,0.0,0.0
2025-08-13,05793fa5503a2655579335557181069abab394eeb2c9387f9997e78cc135a988,in,bc1q4yq0aerwkqm8kjfscwg48a9ln8rle409tfd68u,9.945e-05,11.95,0.0,0.0
2025-08-13,07e5b4aa684315e4821adadca546057e73b88aec83a93d609d79a533814f619b,in,bc1q5wradmgsjvqpkngp7zje5ulmv2vphferfr6g92,0.0006028,72.42,0.0,0.0
2025-08-13,148de380bfa219db643e8804ea88771ffdff4b0588b9fa4d9c1d4683abf51ba4,in,bc1qd7pfkjfflj2xj37tz27sqcvyyqe56ezfkgkh3t;bc1qgzuvmjwxnspf7h3lawe26znd4cxpp4h962seq4,0.0002516,30.23,0.0,0.0
2025-08-13,17390ca1280589a5914b88457dc571a578db2c578bbb8c04eded6f1173491e97,in,bc1qka2df87fn7t647myxsr6txlvjpvz8g4fl8s7jr,0.00014029,16.85,0.0,0.0
2025-08-13,1907611ba204222f34dd9e472976d788c4c49d7b659c7865ebfea7a1e1965f7e,in,bc1qx9uksr55xlm5u8nc0rv43gyqjyvh3kd3nygz40,0.00030837,37.05,0.0,0.0
2025-08-13,2df5e2e62c1b7d9a3dae6385e18d4e392b7b39c15e8170975ca2ebf181e68889,in,bc1q4mev8cd7pdgxyw05ndxyklwnfsleledsr9z54m;bc1q4nsyjnrrr4ud0prag04tukdht28s936s2uvy8j,0.00037839,45.46,0.0,0.0
2025-08-13,36564acf3490baf7ffe95bf9442de67e1b59d5b0c48f73ab08eca23c44ebb1d3,in,bc1q2amsghpzukujnr4vsqaaldrc84x7spjwcdquzr,4.117e-05,4.95,0.0,0.0
2025-08-13,4bad99aeec0f460c1d3552517de7c0626bc4c0433474c689515ce20794a32b1e,in,bc1ql3at6adtmexfsrjrtznmam3xkmwx3gqa0u8t3f,0.00028685,34.46,0.0,0.0
2025-08-13,500fc3cecc85db17c478063201b9c0f3fc821a170683231fca7275aa0b3d5dee,in,bc1q5mc8f7vmpetpewstj55txt6n5z8n3dkw9sdhcx;bc1qwfdfj6fndrxgsfduwvu507kcflk5ezqdgax9ag,7.843e-05,9.42,0.0,0.0
2025-08-13,58c1508c296e70b057c76b53396c545da398645d3e3134fded7a31a1f37d9dc2,out,bc1qluue9f5qr04ec787lgakd06q0dwygpwtw7d9uy,0.03812102,4579.63,0.00034714,41.7
2025-08-13,66f07a2042fece88d81ec542bb092c1af0a11ba9998dce2ea3a4d06db47b5c68,in,bc1qm34lsc65zpw79lxes69zkqmk6ee3ewf0j77s3h,0.00237,284.72,0.0,0.0
2025-08-13,6f295d3de6e5dcb3c502b7f23affc92562bea04d6982d717c879752b7d26c5b6,in,bc1qnx8ehtk7yslhh05dmsxuy6nw9lv3mhc0vlc0wk;bc1qy06gh8ttpl645rwy0aazxpkxfyreznxvhakutc,0.00036844,44.26,0.0,0.0
2025-08-13,705c2d025cc11636c2be4a2f06bfe0b8193e6274f277e297a03617985d6532ff,in,bc1qfjx7wnfhx2se89pet6mmmw2vvceeqmwg9tvx2e;bc1qk3kulfqukzsgurm4czc6kuwgncnqadqvpyz5vz,0.00061574,73.97,0.0,0.0
2025-08-13,70906943f8df901223b853eda6f4ea955453e1019290b11fd22b15eda1fe1532,in,bc1quxkhph79qy222yhws3au9vzhsx90603rx0d5jp,0.00060247,72.38,0.0,0.0
2025-08-13,717a0cf5b9e2ebaea98d65e27017535369d84ea9d4d0f55c5ac782c1e12837a8,in,bc1qavak8zyaqajw6ln259cwzutqen2n6rwyhds3np,0.00042837,51.46,0.0,0.0
2025-08-13,77c9a3945aaacf5cc8eaf35648d7310075cba7b977c04a6ab198121d0f3bace9,in,bc1qduhr948k3j7nzc8ssl6t6k2lueqpr78rq8mzxa;bc1qp98s8f637fuu744vdfc20u7erwr2smkpz226gu,0.00015632,18.78,0.0,0.0
2025-08-13,7cd31a6e81e019a2c1c7d616138c92bf1f2bef1486b24738f64a8c089c644bf1,in,bc1q6cz9u5ezcrheau9x66kc6jdyj7zwvmdh5j2k5v;bc1qh0ctgtshkqdfy9r9kszpjqkkra0pfy54379gtl,0.00013982,16.8,0.0,0.0
2025-08-13,8078b4f234756e0ffba026484c24cc9e172ee5cc6f5a07766cded8da52052a3f,in,bc1qcf8t9e26v595hfcpemr8dzvg8t2fd7dtnr9snk;bc1qpacxhvrvncaru7md5fp5m4nwe2grc2tmypf5vg;bc1qy03h9q737a6fpgdnnm0tkt7haaj8jchh2jlhl3,8.144e-05,9.78,0.0,0.0
2025-08-13,822aff17bc0229239ea314b61a47ec448400bc5d7c25fb618082f73196c73889,in,bc1q0sktzkhrqg8vcap2rxaq52gxd7hkh967vc6cjh,0.0008177,98.23,0.0,0.0
2025-08-13,878c76c43ad78168bd43338a30097c82e98f84984809a33919429d0a466f36ae,in,bc1q3l552625vuj6sfusjrkcnd3mfaamsyyn964dc7;bc1qm6mllwq3mg302792pfj79q5amx704jf6fjdkgx,0.00020485,24.61,0.0,0.0
2025-08-13,8c372cb3f1b2951cc3e53b1ec968fa0664028885455be7ca594706e3de017234,in,bc1qqf9nrt0he6zt5yazskm9xqvl34mqe8zg4p7x3r,0.00016282,19.56,0.0,0.0
2025-08-13,91f8cb03e82a717f6685f3821068beb3f5f694588ad74c33cdb58f2e5026084f,in,bc1q822dpcmyg5jtkwnml3a8anr0rlguj3vm2hlmqa;bc1qqxz70ng7p8ekcrdenslpqnwmycqtdjlq8xff3a,0.00025902,31.12,0.0,0.0
2025-08-13,9b67c9ec3c467cf3145b4309377ab30f410c4d659c5bc52ff4befcae2375054e,in,bc1q923np8etmulxshl69zcegffzqhya236afyrg2l;bc1qh80fdeppxgfcp43ecs3vjgyfgjfylg2rx5fdzj;bc1qnpmvnmyw698vucg0mm07xl02unnhu978pjrxg4,0.00045388,54.53,0.0,0.0
2025-08-13,a1f5fbd6bb71f0eaad656bf46b87628405e86c4ae7badb462315c1aab1d754df,in,bc1qfct0d77gsxq7asvja0vmtm5w8vhst09ddga69e,0.00070558,84.76,0.0,0.0
2025-08-13,aeee73dffb3a2768e02ce2ea27fe271b81f8fb30e5109fce10a1e7d0b47bb8bf,in,bc1q5xhshk946zv8j03gv2kshd8x2qd9svv374kpkc;bc1qgtdn4wzgakd7ct0qxd2jghmrydmkryuymx9qla;bc1qr36v9remj4nhahhf2kzk32ql3duwqtputqt9h0,5.218e-05,6.27,0.0,0.0
2025-08-13,be128aa7ccb16052a8722f020b7781f3698f1859ce4fb1d51807c7cbc7415f80,in,bc1qf43tdrym26qlz8rg06f88wg35n27uhcf29zs4f,0.00012467,14.98,0.0,0.0
2025-08-13,c7b0c950bc87b349d637f773d7b1db1d36b72f19d2c4c1e36a8d9c1bb308ec0a,in,bc1qj7ydtfypqez4g4quwaeeg4wuhchlwus34jyztl,6.063e-05,7.28,0.0,0.0
2025-08-13,dcdc66fc87bad6e9d089bbf998541f67936fe88be9b19b0f881bca2f61a96170,in,bc1qg970u03cca6a8gqrk7hyralhnf3td3h5dx3an0,5.749e-05,6.91,0.0,0.0
2025-08-13,e207e3e616411670eb5241237f2b32364ba9f572c6086743bb4bef8628b8c8bf,in,bc1qagz7l5jlzzjwxy4esj8gvhxjfn00hve4jgc9wh;bc1qqzxlss9fupqtrfgteswpyqkcnl80fk3mv4v6ps,0.00076118,91.44,0.0,0.0
2025-08-13,eac1e04a7c525e51e4eaa62ff2683d5427dbbe45e723efe305459b9b8398a1f1,in,bc1qg7p2u0wxp2ufcly9v6jych6v4k93wz90lh697p;bc1qxuhdkdmlxp6pjarxzyh2g5pzs8ckfazceu53fy,0.00136228,163.66,0.0,0.0
2025-08-13,efaa856d512cfdef60d2802c2261a6e232e1f6813eb7c75074cd0d5bb3141ab7,in,bc1q5l30eac0sdltyc6zpnckplx5wa3x7suu3fsrkh;bc1qqyhv3cjg7rjmggy76yjmttfvrw8f876erh66mn,8.955e-05,10.76,0.0,0.0
2025-08-13,f8e4d22b3663e076f1d24cccb7cfb494c0b50210d697e36afb9217ea7522295b,in,bc1qw99xjxy4zynkm4rp73kpez4dlq5emvvvm470gy,0.00023032,27.67,0.0,0.0
2025-08-14,01814586ed2eae163004d82e5ae675f81773559008c1f56f34ca693d41feca1a,in,bc1qahulxxz8jntl207pehsx9fxx9l74kcxzeglxzf,0.00016245,20.03,0.0,0.0
2025-08-14,03b225bbf604caa2b66743906e65b3c576d0a98b5699173782aad6d5e7a0d3eb,in,1LLEbWV8Z7J2ZrrGwB6auUjR41Gm9LmTjg,1.945e-05,2.4,0.0,0.0
2025-08-14,04e87babd8935ecc05691cd33d14fea35924e9a5a38fecbc74c6bcddb4be14fe,in,bc1qh79ewg309cdg25yan9umnqc3v0n4ggy6uwgvk6,5.951e-05,7.34,0.0,0.0
2025-08-14,08f3f5880ee7bacc8f69b63c80362a34d6cd643378ff5fb2e97c975bea9afdbb,in,bc1qqcj4x84w2ey5sc6nf04546zgltc7083jy29czr;bc1quzl5e39g9aawft8q6h867k0wklzkydpk24dv68,0.00043741,53.94,0.0,0.0
2025-08-14,0c8698ba5d192d2eb59dcbf85a06ad6772d7ae3729b6e8c14cf62b564c57bb53,in,bc1qcfyeqdueqgfyx7hcpeez63fvyzctp3vk5lawx2,0.00021043,25.95,0.0,0.0
2025-08-14,14629f9a515539004539ff187dfce279f88a0e9781e949fb82f1f69331168a08,in,bc1q6puvd7c4qphnqh8fv0utzqdvaz9vezf97n59260ud3l0pqmtcpzs360jam,0.00034028,41.96,0.0,0.0
2025-08-14,18ec0018a0fffec3dec6633117b287de39617f46d90eac25e06ad653729b79d0,in,bc1q5mgme2g4rxk9495fdnddkptax73pu0hnuqn0wp,0.00050671,62.48,0.0,0.0
2025-08-14,1d5f947076c32f24116d67fa7d87df5afce0a9281c22b184a7b776bf914ebc7d,in,bc1qy3khc04wh43lwvlgget5wt5ygp99ca60h8lez2,0.00026728,32.96,0.0,0.0
2025-08-14,1fd706ee01359eed54d0f2eac531e936a6059b3c996be0303e9f60a596ef0c77,in,bc1qhser7a2u6hj8y78r85enks20nt5wgrn4trq220,0.0001293,15.94,0.0,0.0
2025-08-14,2277662c1e6a5254e16fc7916a43f2f589436b5804e7432c036f85f9ce92fb5d,in,bc1qc3zyvfyz69mf02tgvax85td2hq9p6m0mchhjr0,0.00033873,41.77,0.0,0.0
2025-08-14,29fdc4941355cf8e679688a103e0fd768212aa1015b9869d4ab85018f979075a,in,bc1qql06h02krt02n2e8x8nq70rqva2ww9j78g8azfcshxjuxhtmkg4q0t8vr0,0.00025411,31.33,0.0,0.0
2025-08-14,33b29008cc35c43ff3f06604510e37e562be8309c304e0b8b4a63ae3e72865d7,in,bc1qamen3yj7mykv0r36sekmm289gws3trcztvcfnt;bc1qfyaff0l533aa29pw00as22wpfu9q3ak8me9xh4,0.00012635,15.58,0.0,0.0
2025-08-14,3439e4d0db82a7915836383b770192f6b4e141890a9624ff2d58ab92bb7b91c1,in,bc1q3ggrw8qn6e5kwde4llq6uyd0gm97jzvgqaqhp6;bc1qvnrfg46u5hplrjnmznxtcydzx6wrw0dt7jclwu,6.657e-05,8.21,0.0,0.0
2025-08-14,39912195bb9f46e3a614e739916805e6f5b8fec4aeb9c37c9178fa7dfb1c184b,in,bc1q3gf0jvct8gwmn9fcj7lz75hvnfme8uccppv8tp;bc1qdg6jrlg5dln26hadeqgzu84nhyzpq5f3n9qlcj,0.00017469,21.54,0.0,0.0
2025-08-14,4683565d83409b769d5850f3a8cd71c6a5107e3c2c6ab828f176f95f5d50222c,in,bc1qzl0gqcnu0st5q7350hnxv69nyzlxr3at9a0d4f,0.00061235,75.51,0.0,0.0
2025-08-14,5b52c87cdc534bd34106efc1da4e0e07e9022abdd68098e62c8ebfd51c6a4b1c,in,bc1q9p7hh3r73pr3uyhmfw0agjs06hdk3z94yydwx2y3g4x05ehye2dqt4tspa,0.00020675,25.49,0.0,0.0
2025-08-14,61741818ec2e18cec1b96a5714d357b3d771cd4812ce36e2df6c7ce22d8c1c7c,in,bc1q095jnmadymw07urdmccnexaz8vxpf0psfqqqpl;bc1qklk677a7fgh85u74zr8n2wagdnqu0pcjg8estf,0.00037324,46.02,0.0,0.0
2025-08-14,6a956c32bf2e822edcbadd7a9280862110c47634b14e78caa3d9cd6511b1c747,in,3QRoo2V8ta5YFeJPfF31t5fKEQt7rtj9bx,0.00113729,140.24,0.0,0.0
2025-08-14,6e3228c5fb0293188385926fa972f39f7fa6d693d949424b0c52b5957f194cd7,in,bc1qwmnvahq88haemhczhdqnvfdq6u4j64wmnm8aza,5.696e-05,7.02,0.0,0.0
2025-08-14,6f05ad42d2cbd85ab7ef42b257e20832bec1cc394c9d38b66115d7bb0a4429b6,in,bc1qglu7vqr6az5xgcz8jy4544y7adsknawt2t0rzp,0.00034437,42.46,0.0,0.0
2025-08-14,7869cd6e9259b35161ae6afae6c8203931550ec8d443a9ed1f28c50bc78e1a0e,in,bc1qa2ruqutuzldzg2kxsukufzssgxwsk28tu9cxue,0.00050406,62.15,0.0,0.0
2025-08-14,7cd963b81009a6ea2790b3cd47c1c2c04c0196bc016bdaccccfb851760f0cbec,in,bc1qfggeeymxy2us34nswd46fvmwvr6kfhjlymggh3,0.00017732,21.86,0.0,0.0
2025-08-14,987fac58b49b4106aabb6c4c83a4d552f935c70e6f27e2ca7fbf16a5e0c13205,in,bc1q527zr8hpqm7m8e4g2euhvpv95xj9rwd3kq4erc,0.00038942,48.02,0.0,0.0
2025-08-14,9d93ffd8a813ca66356d38c6aaf1c8dc0ccd822797af58102f866f88bc5fedb9,in,bc1qxykwpr2nlhzng6nafm5fzr8j3q2lld50h0ukn9,9.302e-05,11.47,0.0,0.0
2025-08-14,9e17bd7edcd1f53d8cdcd31c925cc80d264d035c9706780bc7a9047791c43840,in,bc1qnaspwyx62c2ekmsq84jsqk0wmn856gvhsmfgj9,0.00025298,31.19,0.0,0.0
2025-08-14,9e9d50036e3855e914aa7df47d645945eeb8a0b2e5aebd0bc47b552cef64bc3e,in,bc1qca7c8n3mkgdqwdcsfawp45xn0k7kp9yer700lq,0.00011009,13.57,0.0,0.0
2025-08-14,a330295d14fe30002c20120c882a6ea3eae8fb20851aa8a43cc1156b71e187b1,in,bc1qwezzejygmzqlqejxfgpxe9e93xus5f8dcv9j9h,0.00035561,43.85,0.0,0.0
2025-08-14,a787831ab472aa1f5e8a56c38d05373bf02343a15c38dc5d43993477e4f2040c,in,bc1qnwjd738wv5mzrqqq9y08n9ldzs2pxvnhf80gzm,0.00029595,36.49,0.0,0.0
2025-08-14,b46a5f8f4a4bfb777d497c64f04ec09252d55c5622deb02c379aea639ca7705c,in,bc1qp92s4w8azrvl595ulsmv4ruutc7cvnwxdlngaf,0.00020521,25.3,0.0,0.0
2025-08-14,b69e391ca3f31e5a416191e6f85f471ba0c0aaf3916576d4822e997faff99fbf,in,bc1q4rt0sul7cem0lqwfs5eplf28mtzpj9dczwjg2v;bc1qmxt849rmc8n428rsl8grynr7gtquh8aqavq69x,0.00011827,14.58,0.0,0.0
2025-08-14,bc5a77fac0d59fc233d3145e4703da046435ac84547c5b753d23c4fa40ae1d8d,in,bc1q4encvuas0f2sfgevc6r0fxjy0m0l952cdl8j2e8jks7z2x532zpq3svls5,0.00013102,16.16,0.0,0.0
2025-08-14,bf86aadbcacb2e2049bf6f3eb96d993e870dc29ef9bb7196f2187cc08c543c51,in,bc1qnaspwyx62c2ekmsq84jsqk0wmn856gvhsmfgj9,0.00025533,31.48,0.0,0.0
2025-08-14,c3c5b0cc27ad0f0b98785fd3f3045350d85fd103bd002f41fc6fb50fbc69b74a,in,bc1qcf577rt8gu0dn5gs65kqv8cke05q6yqplpnkv5,0.00017636,21.75,0.0,0.0
2025-08-14,cc5dba9ea273fbba23dc6769e398a8d4fffe6494ef893ffe5eb47a96d67f9ee5,in,bc1qlu2es7md3xlypsjlesg5nu758n8e65u07aam98,0.0002455,30.27,0.0,0.0
2025-08-14,cd4358404d3422d8c719cd6dfd27a9f41332ebfc691b3a9bb3fc1077a9fbd2e1,in,bc1qf43tdrym26qlz8rg06f88wg35n27uhcf29zs4f,0.00018238,22.49,0.0,0.0
2025-08-14,d0f2c107956a1a2070eaee8b359f0e10520c62598e5948f019478224d944cdc1,in,bc1q8ns3le5755wglwg8xh9wf04qgg9m3v4ahd56qn,0.00060506,74.61,0.0,0.0
2025-08-14,dfa3373d40b93168461a7447b1fb5cd7f50cea8e59002f39b6db42d8b85be22a,in,bc1qtcjkwz44njnk037e8zyj2k8wfrgqxtls3n8ume,0.00011392,14.05,0.0,0.0
2025-08-14,e1d563f2d7d8746d635f36369931b0cf7cbd3654d4a47affe874afd6d0b20da8,in,bc1qewgh4umu669a9f49yllht4rhkvmhr6lmdh7094,0.000255,31.44,0.0,0.0
2025-08-14,ece5ee6f094298e0268127a7bc598773febbd31ba0d7684a04c3c9ed9cfab67b,in,bc1qnaspwyx62c2ekmsq84jsqk0wmn856gvhsmfgj9,0.00020509,25.29,0.0,0.0
2025-08-14,f4f23a160e3b452c022769ada703981463703400aabf70ab0701ca66cb064602,in,bc1qjcwrn4s594gnd87gw803ty2p9xu6fxm2c72ujp,0.00079291,97.77,0.0,0.0
2025-08-14,f60151c55363d06d6b2ebe77eb33b783e5ddc1078b25435929943edef11ef967,in,bc1p4rt47jl0f4kvhjt6y6q27qs4jrh3dm5ykayqhgjxzxnfcrj7fykqeyq4kh,0.00013948,17.2,0.0,0.0
2025-08-14,fc4a7d8c6a2208655d3ec45bad5c77e989f1fbdba3e1663f0b15cfb25523db1d,in,bc1pej3x87h85ue8j3gqurx7mj48s2gv8r2e56jphjgrnerkzcdqg7wqeejkdu,5.201e-05,6.41,0.0,0.0
2025-08-14,ff3605aa61a039519d91fb0354e473c0320d8cc1c71c75124f08cf9e707ff545,in,bc1q30f203s62thazxnx2efrdysmu3uajykxr0874s,8.858e-05,10.92,0.0,0.0
2025-08-15,033270d7074c726965a8573e6181c32aa76a8abcaa0183971b9a0f0cd7f6d4fa,in,bc1qna96tnq852uc2c0rq3v8kh5rm853rzuf4dqvj0;bc1quysr3etn9etfjfvk0wv6wzh794qly96gmxee62,0.00045996,54.41,0.0,0.0
2025-08-15,05ca5537384d3e08a5d647f97f2a6170b59715632eccb53fc52495da2a4b9ce1,in,bc1q7xskmhp62dtqr093y4ps0xd82lx40sj6gr4zc4,0.00029916,35.39,0.0,0.0
2025-08-15,06286cdb023869fd9253a850c2d1cbfcf5ed013b83029eb00c1b959abb0518a3,in,bc1qm34lsc65zpw79lxes69zkqmk6ee3ewf0j77s3h,0.00011,13.01,0.0,0.0
2025-08-15,0cc3081fcdcb49940ee9528360a54ce851276f415ec872df519c8d74aa473d83,in,bc1q6jmhzwxex3pm3la8kjf7qj2czps2tu0ugzlxn0;bc1q9zgq7x429kpxz2v2h0867k0uxhht7yh3wfucv5,0.00033054,39.1,0.0,0.0
2025-08-15,195ed3843dc8faefbd9d8773a1c9d6e7eedfc69f767547d7705b4ccaf2f12d6c,in,bc1qefqw2cu59xx0f2w3vf5jhzc4zljvxkgll8e5y0;bc1qracg49sf5x9n0r688af02nketjv9l6kccswtsu,0.00025407,30.06,0.0,0.0
2025-08-15,1f67cb61b6aca0dd05919721cc60b9b28541e7bf1744d0963d0e90b294bdc7c7,in,bc1qw0lp759yq4aaxphtnehulvjnyxfml8nu9697cr,7.556e-05,8.94,0.0,0.0
2025-08-15,2435552105e246cb065187f9df146316c26b58df0f8df74f7d8471fbd76b49d8,in,bc1qv39c37zgu3whrz96dm5vt5myv9mxmyt2nezahd;bc1qzcnr0qz5tdealsyxyu6pap2saalrll77d05gxr,0.00037344,44.18,0.0,0.0
2025-08-15,2e222ef7017c53ae70b335c8e4a6a6c0b77bcb4976901d3ea092031a6551d1dc,in,bc1qraf8nw7eml87xj5k73aqxspm6q7w5qkjgyc3n3,0.00010237,12.11,0.0,0.0
2025-08-15,3935a589de7b754ec7ba38d71c6aa550adbcd9afc00924b7c4bd40a48072cdd7,in,bc1q867ysx8q4dpluuq6zpadmsem3d6d5jv9tu86a3,9.301e-05,11.0,0.0,0.0
2025-08-15,39a678b1c32e71533f1472ce3d2267ff5545d4bbc2e78ff380cecf4f841daf85,out,bc1qj034hfkhy2d6knfs5gf405qlrd4ca6kkytx2ng,0.02443392,2890.41,0.00022578,26.71
2025-08-15,45e02f176c2fd60b38a763c3b9fd9a67f426877f25657e5e8856b8871cd01472,in,bc1q5n8qxyueasxyfk959prfg47deuhne8cjpnjjap,0.00029442,34.83,0.0,0.0
2025-08-15,48a71b901b27995249867f51c066bb1fee5784744bd66b00fe78af65390a46cd,in,bc1q8jsh4kywkmxcwc2q8lxa035wk5xvy6ds3wtwr7;bc1qu4x7gzhpws4dr4mc2ll6fx3cpup09eqcutuu0r,9.853e-05,11.66,0.0,0.0
2025-08-15,48f0e623518fff337eaf85f4897a44ba03a8cd53ecf9de1620460198d6ebb113,in,bc1qdrdvpm38rv0vfa72wsg5xyk39uc653k0pkae73,0.00012383,14.65,0.0,0.0
2025-08-15,4f9465b7a698c610a49f5cb32b35c9ef372ece9a082343611e9962acc94309fd,in,bc1qm4s0hfguqukfupxrkwl2qyjqt28gq4ma0ygzzc,0.00054043,63.93,0.0,0.0
2025-08-15,5d8c6dab57a72d730da46a013dd72f66f8c0d9210d335c6328dcbab24126b4f3,in,bc1qyqwe56x2e32xyt7pu3cv962uvr38unhg8tlmkw,0.00038207,45.2,0.0,0.0
2025-08-15,6cdce26ec42bb497ca37029544fdb02f5e454c03e571f9a5897f2d66189b9ca3,in,bc1q7804q3wjewnwcz769p0p6d89emzn256w762ylw;bc1qdt3xd7tskdjt68yxwc3xzus5hqwvde5qtqlkcr;bc1qgg5p530n4n9nl27hgl7advyje2yzrphgvqvh26;bc1quv3zckxjltrawqe6zrw8r4s059xqf83stegyps,0.00013096,15.49,0.0,0.0
2025-08-15,862d2a837da256ced6f6455d06c4eb3db8e51e921a37f3d772b951b0b631cf8b,in,bc1q0w0dtef4f5txka5fkqfu56nffagpzqla2tza0e;bc1q8j3e2a0yjs6yw63xslr86rhag6u5c4zrw8wgmf;bc1qqxkgtfxyzyz8u0ds4rhjqrfgyyg4m4c6n5pd9h,0.00013207,15.62,0.0,0.0
2025-08-15,8a57fb38cce943463e6e430c01c67a7b53d2d37c923f2743fa1d9a46f0e8a5da,in,bc1qdhzpaqj0h9lf9l4ke5x28z3hckstuhs7nhnlpp,0.0002521,29.82,0.0,0.0
2025-08-15,9f4156edae3ba0e9a6dfff9f189b5d647821cad2efd4c546ec2e4c8ecc11051d,in,1QBiE5TUZz6FsAgnA4XpCP212eYsgfLqsd,0.00029037,34.35,0.0,0.0
2025-08-15,a09e137dda70ff88bc98ac0e5904853e35aaf9a7ea455b0c4a3a1da9e77f0905,in,bc1q06tc2egl2jpxa5dvysjangaweupm42ltt6ra7v,7.235e-05,8.56,0.0,0.0
2025-08-15,a0e53e0c775c9b9ff56cc6928e4b249f0c575bfdcf328e8e83a5b053c7a08746,in,bc1qv9c4lsu58a3rh2534z5vqrdfyhxkkm8vn2gwek,0.00038388,45.41,0.0,0.0
2025-08-15,b01b1638b94282feb76b5829f426ee8f41ae2dd56c3ea3fc04a92f33b66da3fa,in,bc1qxpdrwx7f62fahujjzngp3z335x0jg0892pwkyk,0.00038448,45.48,0.0,0.0
2025-08-15,b9de489e63457cd84d19f93ed38a373cc939c73bcf2ce20c41398af1f820b63c,in,bc1q5tdjemfw8efczvjusfn79zlktylryew0gslauh;bc1q5zh54mx3arqnjy59fkte8ja9pymnj2g7tun2q8;bc1qgf65h2xk4w42z50yum2kqgdk5yy7scsespftu9;bc1qqu0wgyanktccy4js0fcx2d74n6gsdr35a74gu8,0.00028964,34.26,0.0,0.0
2025-08-15,c8dfdb7e7698de00866343396045792e66f5cc25eb4e08c95f5a7d4f893eb732,in,bc1q40thsjx4k84gdmx2aynwqygmxwxpnsrjzzs4jv,0.00027,31.94,0.0,0.0
2025-08-15,dd08a0eedb106e5ff96dafe1dab1eda558055e4dab91535c2b71dcef8cab1e04,in,bc1qm34lsc65zpw79lxes69zkqmk6ee3ewf0j77s3h,0.00013,15.38,0.0,0.0
2025-08-15,dd976c4eb725283d9a1d07d011cf88b5c4654b94ba0cc46557bd9237025b273b,in,bc1qynpemact56vtr0avugsvcf5r02rvtqx5c03kw6,0.00037534,44.4,0.0,0.0
2025-08-15,e08c058277d7b736b0c9a11e0026638237eb044c31363049326f33b72eb4c3e9,in,bc1qw0lp759yq4aaxphtnehulvjnyxfml8nu9697cr,0.00014259,16.87,0.0,0.0
2025-08-15,e2cd23361bca82ca66fc440b56ca3427bdc25f793a62d6eb8ba98bae0e9f7802,in,bc1q369hw7dm9a5wl6suzmt4vstnvglutvn8wf4ea5,0.000171,20.23,0.0,0.0
2025-08-15,e5124062c7b2a0abe30967824c0b0ecf17219aee4d0370fc1dd75a37187f47bf,in,bc1qrhpw5ft7tw26dhrrah3gheah9r4uqwz7lqtwy7,0.00023527,27.83,0.0,0.0
2025-08-15,e5a2288b42759a95faee895cc2ffd03f495df54ed07e576d4fbe4bbdd9bd4eb4,in,bc1qm34lsc65zpw79lxes69zkqmk6ee3ewf0j77s3h,0.00022819,26.99,0.0,0.0
2025-08-15,e9148b4b36ab8c85a17b55d09bd84fe21bac2169f8633502fa937df81e5b7bc6,in,bc1qed8aeg5el3z5e6t57yewmldex05ya4rrs6lnf0,9.748e-05,11.53,0.0,0.0
2025-08-15,ea7e7049aa85772108fee8f1cd059f55b207e3ce21f3ee72f31c1b892c10ef1e,in,bc1qfwtwkh89564g9t4nme7dsvtuerdy4t5yx4g6u5;bc1qha8847rea9vgg0pe520u7et9afwxuraajlxp5q,0.00085455,101.09,0.0,0.0
2025-08-15,ed082953b19ac820f0a87a7564ffbd1f91646e23063b9f051ea83ccebc664c13,in,bc1qg4ywhpk04a254hrk4rnxfu408q2lwdxepk4v6r,0.00012875,15.23,0.0,0.0
2025-08-15,edae9d38cb269c32e884ec25eb397e83421b0298b0f17f448056b4b4b20aa962,in,bc1q0k25w06f8dzh0klkhxk85cw0z99jdy03xce6pe;bc1q80wdj2d5hv0falvmu7qlfxkduruch8e06g9sg6;bc1q97ts4agx44vk0s42804st2x6h5v8je3qme8vdv;bc1qhg4tzx5p74n8fvcqxs49jjmhxz2xjqnd3lku0t,5.215e-05,6.17,0.0,0.0
2025-08-15,f09217d7f64bd07f841801e5a4b1a709850aed70daeca7dcb4e7fde6e8afcb02,in,bc1qm34lsc65zpw79lxes69zkqmk6ee3ewf0j77s3h,0.0004,47.32,0.0,0.0
2025-08-15,fbe103b888b10c180b1e8cf008d3e22659cd52e26cc4637e79f9d964c3c151f7,in,bc1qen2mcg2hrdlzaq59gnkj443td9x8d9p2cnklxy,7.245e-05,8.57,0.0,0.0
2025-08-16,05070867e945d8e4da62c0ccd4775bdd4e29abdba241ce0163430b51405468dc,in,bc1qsrxkfyjgd278v7kktxndp95yexrr3nwjn7dwhu,0.00014368,16.86,0.0,0.0
2025-08-16,12111507084d4a829574662a635d40dcbf5251bda59e175d9791ddb7e6422fef,in,bc1qq0mkrecvhm6n7djvpsqfg3x4ef5a35gawmmt6x,0.00011031,12.94,0.0,0.0
2025-08-16,1c4fb498aadfbf90f0ed062ac5a22810a383b9606619fc5796e2722e66b5a39e,in,bc1q9ec9826gvk3c6xjqw38z0r7ksrnm3fakhsd5lw,0.00017469,20.5,0.0,0.0
2025-08-16,227930236e1c486b4378ac3a6c1dba49bce6797acdd3f0661c76321c1ee2c839,in,bc1pktszs9k9337dex3nz0w2luynx3ccumpeaj9a3jgn487vj8f2tznq364ydk,0.00019425,22.79,0.0,0.0
2025-08-16,2385dfff122466e216597032a29b45cec67aceef769fe7acd699c2e91ea56245,in,bc1qm34lsc65zpw79lxes69zkqmk6ee3ewf0j77s3h,0.00049,57.5,0.0,0.0
2025-08-16,2f8e37ef3cea164674e392445a06db5ea8f0e472c2c12d5a226f72d3e248f7f5,in,bc1que0fvtu98jqzmyazr5a5f3rvnfxlthsky68cvm,0.00084927,99.66,0.0,0.0
2025-08-16,33780aafc039fbbafc2fa6aa91b808d60f18874c8b832c2136804e1e7ba062f6,in,bc1qq8tfse8df3dp453ztxlxp3wl0pwwxm7f7xj83j;bc1qzrt0c0aq7el2uztycmzve62ehwa36q2m7jvhxy,0.00017328,20.33,0.0,0.0
2025-08-16,368cfada8a3fa842d0fd75e99076028838e8eb4eb8cb5a20ace883cb93f8f854,in,bc1qca7c8n3mkgdqwdcsfawp45xn0k7kp9yer700lq,7.642e-05,8.97,0.0,0.0
2025-08-16,3b6eb4ff518d6f19b45af0800bed0ea3ae24c388ed48ed7fd97af41fa2341ba0,in,bc1qfxg2qxrxf0e320hvl9c27uzgpjxugg74qjauzf,0.0004016,47.12,0.0,0.0
2025-08-16,3de664573bb34013ef4d20f9725833bedd14f990de471465ecb393fce6cbcece,in,bc1qfu8n2y88z7v45h9re0vzdnpj7244pdcw50tahm,7.634e-05,8.96,0.0,0.0
2025-08-16,485b76975b8a1a82b5a1616afb149838dbbcc2e04a2d6ea39c55c98d965f1861,in,bc1q0s6rca52mjumq8fjuz4j6ka5h9jhq57esyd40r,0.00013989,16.41,0.0,0.0
2025-08-16,4aa295dc12cfb823e30e5bdacf18163649a5129f2545e99a8795521334545ed4,in,bc1qd0yx6ll49m6tjdlvt76mwuxsegwkvrah36vylf,0.00042441,49.8,0.0,0.0
2025-08-16,572af648e23985c808dd8748fe125312f3c36ad9835a72edca4e3aba58b4e9db,in,bc1qjedjyedvmrvlpx6vn0lwjzxv9kp7dyatcgdvta,0.00017033,19.99,0.0,0.0
2025-08-16,66914a4f1c0df7e956ee61b0539a47a669e3fcf482b7d0eeb0a4eb39ded6dca7,in,bc1q4mjxlg0j4rklpqsm96c44n945p0fdmq8ngyqsc;bc1qetdkn3xfhl2n9h9566qreqr5um5ek02sx7nhc5,0.0001454,17.06,0.0,0.0
2025-08-16,6798c26e9e03925c49b59aec97ed5dba3881c9a9ffcfac29bde942b5f07e7bb8,in,bc1qkl5n5c5y6x7peu50363fef5jwtfhfwlzlxu8f5,0.00046077,54.07,0.0,0.0
2025-08-16,6c9bb670d8cb102479b30c5298adf36e81b3eca5e95f2ff67fbc87ecde7c5ec2,in,bc1q59kxexaekqu6jfdff462x0c95vqf4l7fjpax8x,0.00017333,20.34,0.0,0.0
2025-08-16,7155c9846ac8064f740d75dcb55124d63a18d0bbe55a0c1ae9a33c65df5e70aa,in,1823WNLZahGUE4MmPWfksqjMtbXvTKgcKt,0.00042453,49.82,0.0,0.0
2025-08-16,73a9893d6ba88725fc3447f921aaa1e558db360530a3d20438a40053bc5aea9c,in,bc1qm34lsc65zpw79lxes69zkqmk6ee3ewf0j77s3h,0.00011431,13.41,0.0,0.0
2025-08-16,779b7039ffd00045e69ad7478a194ba0475c4a42cf913c73ea332e22d1187fd0,in,bc1qam80s3vmz6p85r3a08fghd2n7ytlgmdvw69cwf,0.00042477,49.84,0.0,0.0
2025-08-16,789f6bcc902e892149a081de568d06251ab472616edc6b7308fc5d92b9e5b307,in,bc1qpruzthglyzjnkm5t7e52df9exvyx5lmqpa6ldu;bc1qtm836mv57jex8qh9t7uyx4s5a5m66qqksmm4k4,5.145e-05,6.04,0.0,0.0
2025-08-16,7a510026ecdaeefdb051bd2b66567b638727ffce1fcee3568a59d2d8b071a869,in,bc1qp5rqd4h7e8jdve4pqgq75lnrz8q48m6rccjx9v,0.00028058,32.92,0.0,0.0
2025-08-16,7a6370f57d3f3c19894c83392a37471c8fe985e13ba11792471f93d54503b72b,in,bc1qm34lsc65zpw79lxes69zkqmk6ee3ewf0j77s3h,0.00027,31.68,0.0,0.0
2025-08-16,87ddab45547926a3b9ab0d2e520beb938d9b397fa36bcb8a17369814db7899d1,in,1GHdNMqKARrSZ9BdC5u5hQhLFXMVeNq4wY,8.487e-05,9.96,0.0,0.0
2025-08-16,8cf1f25e37df0e4304c0f8a23bc58f4284e72ff6ea05aaa9b0c4926cfc4b7132,in,bc1q5w90uxtx5m4v024dnkrpagm8643ctan42q9g4d,0.0004245,49.81,0.0,0.0
2025-08-16,95332aebb662453b14472877fa7700a5cb2af13fba11e764343bd1ec44a79e44,in,bc1q8ns3le5755wglwg8xh9wf04qgg9m3v4ahd56qn,0.00022926,26.9,0.0,0.0
2025-08-16,967c637440985c9905708c76848f56581b22f65d3454c3232029773b1aa19715,in,bc1qe9gxdy8xutc6gwdqtyprt7hq8m2we3cjahfepttkh9e4ygzhlsws7326tx,0.00027666,32.46,0.0,0.0
2025-08-16,99b7274ccdfa047b2249477b3d1102e8fc18b9ab01c88239afa28d18ab5d749f,in,bc1qx7gpcudswa8q3uvqsml825t6halrzdsssma3la8pnhfzdaaqt23q6qmgtc,0.00222317,260.87,0.0,0.0
2025-08-16,a44dd72fffbd15aec7cddbcafdbef129d891fa3a1f719b14da890115b544d5dd,in,bc1qgpx4aw0pyqzvgg0v6yzgcv2yxzkarsnkz9wlfx;bc1qyhk33nkx9u8rzh7qtzdcnm7uc6832ymvg3rx0z,0.00071424,83.81,0.0,0.0
2025-08-16,a8dd8b0b6dc5b832c56e6bcb37973ca22438f42f0ab6430477c94a66a428ae33,in,bc1qm34lsc65zpw79lxes69zkqmk6ee3ewf0j77s3h,0.00012242,14.37,0.0,0.0
2025-08-16,aba186dcf0f18982c36dc9bad5cc0918e326173f213975f13d6e44515f7a0e58,in,bc1ppuy2ajm3s8c4laahn2lqtjphjx6qlllqukyly0asmlkm5s2ea4ls46hxxg,0.000498,58.44,0.0,0.0
2025-08-16,b8646bd1481df662f010992bbf70e93a7105e0e286360d3d06c4f7b6115df7b6,in,bc1qnr86hnl8s25fnnsa3cv9j40y34mmvrqj6jqk4l,0.00033994,39.89,0.0,0.0
2025-08-16,c29e87b8cf4de148fc75e38d0eced96e7dd1e393d248c6eaa9d7b10fd816cc76,in,bc1qm34lsc65zpw79lxes69zkqmk6ee3ewf0j77s3h,0.00166498,195.37,0.0,0.0
2025-08-16,c9ecfebb42e665b4b213c90e5544909a438669d386973f033bc38c59b3ae4aec,in,bc1qgv9xx79qdc5kwrure2xmg64qjye53u2zwtknd5;bc1qt5j73vnd2pnhke3nx0lgqyawzglwzlz48nmwzt,0.00023798,27.93,0.0,0.0
2025-08-16,caf51f82ff790016bd00ea8393ad016d9366b05fee224ccf280e1facfdd6668a,in,bc1qnuz7fsa2es58n836q3ce3y08sqd566hxpre3pu,0.00017504,20.54,0.0,0.0
2025-08-16,d03ac697a4f52a56091a04c47d9cf9700743b9af548635aace1afbfcb0061110,in,bc1q0s6rca52mjumq8fjuz4j6ka5h9jhq57esyd40r,0.0007321,85.91,0.0,0.0
2025-08-16,dce8d181dd436901f471ceb7887ec5df975b3a99f37a549b9961f8ee590ad819,in,bc1q8vqa97egnf36m3g0yxkuf8fpg88asy3qdqlesn,5.104e-05,5.99,0.0,0.0
2025-08-16,f5d23f4e367c3775172b4fdc10d9a6ceb72494de061949241a8e084463ad2848,in,bc1qv0xlqxrf9m7ed0p4zw5jw876mypwrpvmgn8x3s,0.00017533,20.57,0.0,0.0
2025-08-16,f717aa314aab7bf413202aa795d56045255b93b0d54ed8add6a0b9be635c3e22,in,bc1q99276wjc25xek9kn8j4gge6fauuype7t3g5say,0.00017134,20.11,0.0,0.0
2025-08-16,fca0f48d736f7e7cc0767992156255df3caee5aaf3018593b8cf106967c5a10f,in,bc1qms5xq6guzmcvmufu6ttr9uxgg4glqxa8c0w8fq,0.00021444,25.16,0.0,0.0
2025-08-17,0d2ab53e9cd56e4a5ee2a4cf568b834661d85dc79d0672c96a2d3ac96d5db92f,in,bc1qz7dkw6x5gwfk08g2fv7cex7usvmz4x60pg32fn,0.00084753,99.48,0.0,0.0
2025-08-17,14223054ce7d0bc357b91bea7a247efceb62e65ee82ee5871086aa97db47411e,in,bc1q898a34lwrfza232tffvu38290f95jt5e3hvmsr;bc1qj43x4rqh5rvu29sd8w7da93xvgz79tlz37wngl,0.00010199,11.97,0.0,0.0
2025-08-17,144794b5e3efc753541509f4e6f25dc9a00aa857fbc8fcfd4b98265170d2618c,in,bc1qdv8kt04dj5r2yc5w7cl3cmg063hdc87sytrtwm,0.00028695,33.68,0.0,0.0
2025-08-17,425a6595718326b919508c67772f262404959f8ead12646840bb5bbbf69b0f99,in,bc1qf8xy3f68mtdgll25mh4u7wz63kuwa3n6m7azmz,0.00075046,88.09,0.0,0.0
2025-08-17,4844c1eb17c5c11181b34f6dbac836928145f88174314ec356dbb4ec49ea2482,in,bc1q8ht6ff2veuh2f6s2unqd95qzdmq5us7t3lxk7h;bc1qtfql6sh8n6m7qtsdmt7m8fklwplvch7t0amlan,0.00029749,34.92,0.0,0.0
2025-08-17,4a7f151d852ca592a95d61c184aade229121788fe519ac82e25ea45204b99170,in,bc1qlm2n0tau24htyfhgpkt53pdjm6mhcra0ds6qur;bc1qp6a50vw30yu8phlaq28hptg8gg2x2hlwvqldgc,0.00057132,67.06,0.0,0.0
2025-08-17,4a9769c60e391b818b325cc2b0065a045699c08fd31c7dadb5916de3f8286e70,in,bc1qumgwkz8wj2evckm00nzm9yazwen2v0tjsyqkfr,2.537e-05,2.98,0.0,0.0
2025-08-17,50317ddbab7c88b9d8744c6647d24b0fd02014b835f685326962ea116c9826b1,in,bc1q88hlv3sktn6tqlqzpykveqha2w6p5gfp33e8t5,0.00045476,53.38,0.0,0.0
2025-08-17,793c27e7c6bcc9ff2ff87d73e8bf417e8550b3447d85517f0162bf20bfca72fd,in,bc1q94hs3e9zzfufxp4xnm4gecu2ua0tlqsy7lrhd26l7dc0cy9ymxfqsxh7km,0.00023389,27.45,0.0,0.0
2025-08-17,9c94ae73b42b75a929532a9b4be3775fd6000982ad15175ed6ced0341bec081f,in,bc1q8yhy8s5k3cjvhyj4kuscgj4lvgk3huv96gv6ud,0.00029657,34.81,0.0,0.0
2025-08-17,9fef93f7413b09caf3d0f0a54f4c31e7cd3ee035cc04d3930ee4fe8d6ae8d6e5,in,bc1q6d903n8y0j7m7l3hpky548tka2yyktzc2n9jy0;bc1qnnmks3tgjjeyzlg52fhe9u0d72wk7qjspwv974,0.00016989,19.94,0.0,0.0
2025-08-17,ab49f712c12569c2e253fec65185f60f9c3e3674f3991dff62e6c97a6fa1199c,in,bc1q0y94aykm6fvql4nlsfj67qn20wqzcvuqd5np6g,2.196e-05,2.58,0.0,0.0
2025-08-17,b518f3833f8708097277fad7b23f4047dd1f41905e8a8b0ba7495e19c000a354,in,bc1q5sclwm8gs39j9c2shgrrw4hu89pawqesk07qj3,0.00028586,33.55,0.0,0.0
2025-08-17,b8a6ec7f07c9758de09b3b773c6a4c0ebc2807ca0b464b9dc3718d22c99d3aca,in,bc1qnsztxdfvlf8sn6pg6l3tpdwuzgd3wh9hna67xl,0.0002489,29.22,0.0,0.0
2025-08-17,bce2d4a3e9aa164d5d0fbb722fca46bcfb6e32ef72714e52dd6e73cf2274f02e,in,bc1qeqcreuzz03e5ut9233ldwgafvnz55jnhc7ut7n,0.00011448,13.44,0.0,0.0
2025-08-17,d3a15fdba4904772e18de4fd33b2c784fa3956dbc398e3439ec9b9f3084e1a73,in,bc1qm34lsc65zpw79lxes69zkqmk6ee3ewf0j77s3h,0.00017,19.95,0.0,0.0
2025-08-17,db1011f220ea60853f49d6bdc151a2971382edb13b690363b04639b899cede26,in,bc1qm34lsc65zpw79lxes69zkqmk6ee3ewf0j77s3h,0.00041955,49.25,0.0,0.0
2025-08-17,ec5efb4dcc96a4792a061fe8d2ef7e02fc50d7476b4880015a259304f7cb32b9,in,bc1qm34lsc65zpw79lxes69zkqmk6ee3ewf0j77s3h,0.00117,137.34,0.0,0.0
2025-08-17,f4fa7996935a80b57a107bfd746bf53de97e12896f86fecc83e33825695f58c3,in,bc1qca7c8n3mkgdqwdcsfawp45xn0k7kp9yer700lq,9.331e-05,10.95,0.0,0.0
2025-08-17,ff8fba042f1fbfb4e2f32d48a2e92bdd2a0cd0885a2c75fa8843910def369d99,in,bc1q5mpqtpc5uch4wplnqe0p7z6vz0wnr023zpqsc8,0.00024219,28.43,0.0,0.0
2025-08-18,03318a67e38ecd5756a9ec09a3266d94b958f0e041bf5c12c7469c72b538c840,in,bc1qwvrdjcr605dzq0mkxj0kglfecg8gsapnkkyz6l,0.00023559,27.66,0.0,0.0
2025-08-18,034d7f2f78d2afc96da96b88bb3c2fa3608c410a82010d5d1f437e0753754603,in,bc1pjee05j6pyqehpf7xunsny6y86f950mrnj6an38keq4tnnngs6qrshp9hzu,0.00038358,45.03,0.0,0.0
2025-08-18,06560fee2ada0a48a19eba4fb584d2ddaaa2b3cf37dbc308d24708cc1f4aa5fc,in,bc1qcd8624asn379ng50aam44tyehvm5x4770khsjj,0.0003369,39.55,0.0,0.0
2025-08-18,14871997817e2621f7ee1d2bbb401efcfed0850d056f4ce3e7a9ff8535fe2b6c,in,bc1q987am6ctu8hktngzk0u4tejnxq4w57304qxswz,7.579e-05,8.9,0.0,0.0
2025-08-18,2386dd3992083953df89a7ad0ac9d0e59b4d4eb61a3c08be3a7c3b6459e5de20,in,bc1q239y99mkeg8n3uz7pet84fjh2nlvunwwgtlhae;bc1qe940eyaek8ka6zes2z4j3n5egtvtqxvd70alyn;bc1qjfza6an00d3k5ef9m44f2lp4pq8aflna7vwyjw;bc1qkky5s6mz5wacnxd2jkeh88havu9e03ltvlms6r,0.00011699,13.74,0.0,0.0
2025-08-18,24ba0443fa7d1c22fb692be4a1c8d5499314c696bfa83b1560c5b9dd31beb0be,in,bc1qxtqtnt874d66l3pcqr7kygvgc463as7uze4q7u,0.0001,11.74,0.0,0.0
2025-08-18,2645087ebd8db38d14ae894e2d3c15aa7a8ae7edceb1d5764558b51f7c53958c,in,bc1pnx9xw73xpvpf8q9wt7w4gpesyj3q2ssh3jyxmnn8tmdfujfedhzs92m9md,0.0009,105.66,0.0,0.0
2025-08-18,2dbae9ea34b58ce57ca3cb43134c75bac25f0db9f711a00561d2f7b2c6215135,in,bc1qklrltvhw8u2xn6vl6f9uymedgmtwl26etasnw3,0.0001352,15.87,0.0,0.0
2025-08-18,335e93caa37301228e7ad5d083aa38d84a8de059a895dc618b200f890404a8bd,in,bc1q0hm47ve9zayuwem6v62xjugvv8jur3cnrp9wa3,0.00043675,51.28,0.0,0.0
2025-08-18,45028541e7b934e5b284252e70771177cf6da31a849eeccc834c6caae96b3b9e,in,bc1q6lzqgehj20shczmt3n3xsnlh622emt0sd9savz;bc1qhzcxfuvfr68pt87wyt6s9y08yhupr0g3fs9f3d,0.00041157,48.32,0.0,0.0
2025-08-18,49ff9f0f12466cbb7e1550da05f34cca05451195f2bbb8e33672faccbea23efe,in,bc1qqvu5tyqadte7tvxudyza0s4yy8yulkgu7r0n3pgvmx63hzxjh98qup08gc,0.00030728,36.08,0.0,0.0
2025-08-18,54c3a62731d5de3b34534c6334c201b1d9e86061300961df540a409cc8c7ede2,in,bc1q9g3jswt0l909y5ap2z79tm8qqew8ewwa0kalf8;bc1qnsr7ay2lcfugdt5em6yv5r8sy9fylzez9stjyc,0.00024909,29.24,0.0,0.0
2025-08-18,5ba9455454b744b5551d3b6c0b9630808229a674d10d3c2498a81f8adfe50e12,in,bc1qm34lsc65zpw79lxes69zkqmk6ee3ewf0j77s3h,0.00036088,42.37,0.0,0.0
2025-08-18,8e62132ca25315a64e45c13a31272d55e6bc20cca6ec00d2fd7316d39a8cfa6e,in,bc1q8ns3le5755wglwg8xh9wf04qgg9m3v4ahd56qn,0.00023331,27.39,0.0,0.0
2025-08-18,9153ed7cfd2650a568d1d8a75c150d84c107f3b812f64dd5a563ce6b1a0bfb6b,in,bc1q9rr8sz73rjasasfz0xjz4jd35zdz30ka6gfy6f,0.00060312,70.81,0.0,0.0
2025-08-18,9b74c8e9a61feaf7c9904678ae08ac7c5331b46b9ffb50d2750cebfca905f24d,in,bc1qt4mk6xf2lm28n8p52zx4hwy73jl7d0usa7urx6;bc1qvwft9z7y6h6ld5mazy2jfr2srzm23enj7n95x6;bc1qxc7h47pphhfvu9kzfr4ty8yjunfw2sm8vyj8u7,8.583e-05,10.08,0.0,0.0
2025-08-18,9b8a2536b83ce8a3c92e802660d1ac0bd62fda312f6def46f707a41ceaf1d36b,in,bc1q48nm5e37fqvhqze778u39pfnxyqmuhs4a3h7f2;bc1qwa3ctjt8xgxy37sakmpnc6yzkjmsmkycelek0f;bc1qz0d2hq0jrm8g0ga5a9kqexr8t9kte47fktqpgv,0.00012871,15.11,0.0,0.0
2025-08-18,9e64885c412113464c1c19b335896ba49d0d9d901a4a683c8df80415f137ec2d,in,bc1q660gnmfc8rg856463cd6qcv4gcjkxt24x8rj9s;bc1q9trfe40ualrjgjtj4v8mfmwtequhgkl7rc22xt,0.00013639,16.01,0.0,0.0
2025-08-18,ab6570a0aa84641d6d805068f76809d415d7df0a5267d614ad41bd038c199ed1,in,bc1qtse0apl0cx5n3eeus44nd5mhvqx8s4fwet4gzn,0.00018198,21.37,0.0,0.0
2025-08-18,afe37d78f763a28dd6fb38ebe85b3b31a17f399537ac64bfbd572d7a0773a85e,in,bc1q9lml5aahqdhjlw8quq508qhxdsjuxakt8d7vp2;bc1qw6r9njcyh38rz7ngwt2jlwwccn2twzqcvwfh2r,0.00029147,34.22,0.0,0.0
2025-08-18,b1dedf675ce7efd26f1290fe14fd55d57274501246571ab676725d91b6fb14a9,in,1M3AM9Xi4ArizR2qxEYo8MrhnjpF5uvAgX,0.00024745,29.05,0.0,0.0
2025-08-18,b79c2189bc53cfe7448b372d1be3c334b20c35e88dfdc1c904dd4d38b36602e4,in,3KXwpcwggRsACLkFdfCVMU5ZA4tcLxdN6T,0.0002421,28.42,0.0,0.0
2025-08-18,bc2db7ffb4d9a3ac5a6b0772fdf8f7144e5f575b9523d41b8bf8fed08981c75a,in,bc1qlmeqkqdh4dzjkmqw6t7avp0373eaxrycun7548;bc1qz6d77pnl9hrvsfj5zc3u5ktqdd9x2wmn3e55d9,0.00021231,24.93,0.0,0.0
2025-08-18,c1f337e042ed4cf02e6d6a56152654cb90fb989f0df9fd9a8b6e4dceeaa901a3,in,bc1q6928qwz7vu9envlunse6clu0ykntyc29x65g2h;bc1qryjnywl8jpxku2uuhmx8y9w4ls2rtckg7azzfv,0.00031794,37.33,0.0,0.0
2025-08-18,c9a648de61d06ab44f94bdef9d74139bc3e567cac7ddc0ced0ca609ee977d6b7,in,bc1qm34lsc65zpw79lxes69zkqmk6ee3ewf0j77s3h,0.00197,231.29,0.0,0.0
2025-08-18,caa19bc555ef54276b458e73c0628c4b47cc8c0da1925a20937719f5e0810b26,in,bc1ql63r5uwtrmwdjkwgx9qm6gkjvws356agx06ld3,0.00068329,80.22,0.0,0.0
2025-08-18,cb326b3195a4822592a5e158e936aa8ab78ece041bc9b9c83afd6ee5fb6b8a2e,in,bc1qes9lx4e509yqnnma0x6d0f4ys8547jx68t3st8,0.00010251,12.04,0.0,0.0
2025-08-18,d2951cd81601249d33fc7e79bed40048a851f85efc8d8c40f9f7c843a07dc631,in,bc1qe6g86j49ns8emp87nnp2gdj4vhkk9hw0wx4ka0;bc1qsgnytfzkxxdenenh2fu0ur5k09exwq5ekc2pp7,0.00010811,12.69,0.0,0.0
2025-08-18,d8353fe0c2114da97fd9258b8ad6c27be64a581d54cc5ea3a0cc6f6f9d13ccc4,in,bc1qn76gjnrw95744h9t0jv4vwn4mjzts6czj0du8v;bc1qv5tm4743szddh05ugl55sphd5ulrs5vaxqjffc,0.0008072,94.77,0.0,0.0
2025-08-18,e1a16c249c23b01091595ff6991c05641956b4bf36dc0f1f1f7bafa664ed5ab7,in,bc1px4ctf7rhtlmc7ha78j94962ywstumt04yh0cfqafx9ne0hasvfhqysj85w,0.00014067,16.52,0.0,0.0
2025-08-18,e4649e139d5a36f4ab22e8d18d353b00419e0ec48d10c0e52fd2b9d5abcb98c0,in,bc1qrewu4rfyx3q6zujlz54e623wps0vn5grmlren5,0.00080613,94.64,0.0,0.0
2025-08-18,ecf07e7ac4a33ad255cb986dde5f6156cecbd3510f6b526d07dc2212c4ef8f9b,in,bc1q8qpcncqdjh4w0ujr25ualw6x4wj79ll3d2x2sy,0.00018938,22.23,0.0,0.0
2025-08-18,f04281c82690f0138421fbfe57a909fd36a8c4eec0f75f02b66088af7f5ef4ac,in,bc1qm87y0mhm53nd0q26sdagzj9ql9kuk449ydc9zw,9.296e-05,10.91,0.0,0.0
2025-08-18,f9894c43b8302a3cddceaa76057b2895d48322db5ea35e8a9f27178775d79dc9,in,bc1qmekvv2tp9d64pvlwywtpt43mdufkaddkv7axqm,0.00031278,36.72,0.0,0.0
2025-08-19,00db9e084f9e7dd23354653361ed5ae2f5b32f31ed0802a0d77592bdf37e796f,in,bc1qsddr6h8ltnfxj2e3nu3xt54prvddnd3kkhf4g4,0.00015568,18.09,0.0,0.0
2025-08-19,0268f49b4700bb0b4b718056b5c3f3c53063f17a3d052d3caa7ec9b186b0fd77,in,bc1q8ns3le5755wglwg8xh9wf04qgg9m3v4ahd56qn,0.00031652,36.79,0.0,0.0
2025-08-19,02e535beb02bda9bb6381f5b646935f4e5d475fd8a0a9600ad971d3b512e55ea,in,bc1qsddr6h8ltnfxj2e3nu3xt54prvddnd3kkhf4g4,0.00019923,23.16,0.0,0.0
2025-08-19,0686ae90721804df9bde0951cea6056f4b32638a4ed8c00d2c0833e2e83d19ec,in,bc1qlwtlrx37uxdhc20y0zvxtssakmnng20rps9fwu,7.967e-05,9.26,0.0,0.0
2025-08-19,1c751169c7e2fbd04801e8ed4dc98883c61303117b55093b6b7dce66e764263c,in,bc1q5acpsm7fh62tujs43srgualgy2tj90ngwgf8wg;bc1qrkghm8u6v8qhgm99m3pt7hxmxhfxc96j6vgwh9,0.00013854,16.1,0.0,0.0
2025-08-19,2e0265b9b2a4a4abcfde76fad361daaaa2ef3dbf84e0c393a822933b83578236,in,bc1qjjqy4yxshnq43wesgmfaghm0w2lygfvtn43kwk;bc1qzs0r3wqnms3dqfcjlmdtln9kwraugekuezmve4,0.00014096,16.38,0.0,0.0
2025-08-19,3078da4963d98437020ac6c2283b0e0ec95c54b6896e3337f7ad198f854b4447,in,bc1q7fjny0u9lxffzgt26dkpzwvz46m9l3mkpgffta,0.00015435,17.94,0.0,0.0
2025-08-19,337d1621007cceda2ee937e82351d2a11fec18d23e5b9e3f1e8ad0bcf34372c9,in,bc1qcctuxuufxnxqgc0jd5dc4tlzy2ughskrqfm06l;bc1qv67qu23lhc8r5ge9ezekpxxwqgqn336ylyl0av,0.00017767,20.65,0.0,0.0
2025-08-19,3929a2007d508ec4513f49a9d3fb422acc3e4df5960239481dd39866fa3d1a60,in,bc1q079a3yv9sre6rd4aw73rd9250zn32kk36xam8z,0.00081346,94.55,0.0,0.0
2025-08-19,3a3034b0d8787257a39fdfb7f935dd0f95aa2eeb6b9c94ca4ee89b8dce3414a8,in,bc1qjq3vs7m27uh8df0p8dxs45axxn7gra2p9u5gef,0.00020187,23.46,0.0,0.0
2025-08-19,3bd79099faeae14c87589f282fe5404ff516faec7523ff2d50cb7381bbfba25e,in,bc1qxc75mr7j5pvxf94v44ychq3r3zvv378qqphtnq,0.00022156,25.75,0.0,0.0
2025-08-19,4f08ad68a187c754e984a40d810d397756e56046b7a056a47d038b6957eee759,in,bc1qe8pycn948cxy8uqmyudf5a0ampz6nwvepfr5rvlznqqd9uvm2ynq388puf,0.00018572,21.59,0.0,0.0
2025-08-19,57bedb78b5e2ee959ffd4a03b4b9989999c4358478130667afcc52fc6d3101e1,in,bc1qk93k9a0p89st0q53x70hfw7edzaxfpz5rcwtxm,0.00019892,23.12,0.0,0.0
2025-08-19,57da0451b81d2cca2a5b7df814e792c357d3229b8b930074a08c079fb597a249,in,bc1qer00emvun7psa0yy46hp378gt54hvmqsjlp5yd,0.00023535,27.35,0.0,0.0
2025-08-19,5d2bf7014f94a1b1fe7453a8ff6ab12a811054bbc540f7399e0a9441af8d9bc0,out,1QCbZAhraWK1AfhQVoYkU6BHigT129Waij;bc1q6kz80pp06dd5fmu6m3nugwn3a9rvgvzdlsevzh,0.04633611,5385.51,0.00041886,48.68
2025-08-19,616de5469afeba45737cffc75ccaed6d5d28c0d96701f2e018adf974587f4af5,in,bc1q4xzzcnk956xhn3v8dzcv6a2ydgjxhc0quq9kn9;bc1qglrq36s490d7q48jwd2jsvapag3hmf9gk07dut;bc1qrdreawra30ns3ryu28p9fj8nvt9x0rujn602mf,0.00038546,44.8,0.0,0.0
2025-08-19,63bc2e4daa6fdc2255f60aa8bbda14f5b3b36f61fcf99a92202dea034e56cea2,in,bc1qxg3lptl2rfyj72lve7vnxeujges6s9zlt0jmz2,0.00018555,21.57,0.0,0.0
2025-08-19,6c006d06fb5554f44fca9ac33a1b2ef98a8c96b7ace418e9d0bfd2ca45960a70,in,bc1qrallwccff50gldg9fh665rszvm79ae4tstceal,0.00094962,110.37,0.0,0.0
2025-08-19,8966f94f38dfbb768149565d7b4ec5c8e8573d41b75a08b081a28b0a7ec34354,in,bc1qmc4etzlhu9fcn4ug8jvxp9upej7jue9umrydhg,0.00112388,130.63,0.0,0.0
2025-08-19,8e47f514ce776d09fbfd87c863be0045c1047fb90b731fe9ad0bcb47b205b160,in,bc1qx02lrycmq7aknenezh2augekd628l8zaavmll3,0.00013186,15.33,0.0,0.0
2025-08-19,98596c5cb198b12520d24cf4f383401632a269e11e294893835f435d23ab93b1,in,1NAWas7K8TWkMgQ8bW2on4dKwaexRheCqW,0.00025413,29.54,0.0,0.0
2025-08-19,9ce3799df25991e4053cf76101d5fb4f02463b896c7a6fac6d2161b30d86df71,in,bc1qm34lsc65zpw79lxes69zkqmk6ee3ewf0j77s3h,0.00084878,98.65,0.0,0.0
2025-08-19,9d1d553a79c1fce4e145442522a0c5c886d2953b8b20a85ca9acec9ddcdd1bd2,in,bc1qt73xggehz3hc9zmw03aexjsfe5nwe3gl0ta5zy3slpp4xp5xlnaqg9zfkt,0.00051029,59.31,0.0,0.0
2025-08-19,a3a41de380a372aa1f8e90c3c520ccdeba6bc3b42c1eb6ac40d65af872220458,in,bc1qz3x2ejqwek7xg5uy0vs8l2eh2pf599ll2cxdk6,0.00026309,30.58,0.0,0.0
2025-08-19,ae342fab203f53cd1df5474c78d30a32ff0f585df38ced6cbe9e409e093c93de,in,bc1que0fvtu98jqzmyazr5a5f3rvnfxlthsky68cvm,0.00086471,100.5,0.0,0.0
2025-08-19,af98bf6283d4d23c7de613307e279b3c935010d5b6ba8f761caa21a6bff8f947,in,3HPxjGoBTH1DXuCfPsvGcXLHro7ZUDTGay,0.00026937,31.31,0.0,0.0
2025-08-19,b27d8832a54c3b2c4820e5a65d46f4314cac8f46c5b159dbd1d77c94f7e5c334,in,bc1qc2ng5pgzs3ypxcx7a93er4wmcxpwz4v8sg8n7c9f2a23dl8myqhsp0rv83,0.00031932,37.11,0.0,0.0
2025-08-19,bb35c6ef35d32851383796fa969696799a8f8a001945c543e89a29ffc309f28c,in,bc1q4wfc4s4y5astqalysgy6e3ntdkflptwgfgtl2f,0.00024438,28.4,0.0,0.0
2025-08-19,bb68656d0050abc4d622e341c4aac50082a4714a63ba6c20cefd41c4e34286c4,in,bc1qa4ljf4wkyrjgjqjyg9karh85j2mlz3096fg89l,0.00023096,26.84,0.0,0.0
2025-08-19,bfd8e5a43985b215b92295037bb6c0655f882f8b5b15ba307b7d3167164f9695,in,bc1q4d95jsmwjg3wt2z85jczz2gsnz39wkp7dq2ear,0.00020545,23.88,0.0,0.0
2025-08-19,c000724b769e16df3e038a1b0e084c55efece9071fc8fe0ec185f39a932b3a45,in,bc1qm34lsc65zpw79lxes69zkqmk6ee3ewf0j77s3h,0.00032282,37.52,0.0,0.0
2025-08-19,c4090fa4f6bfd49645b335ebd260bc2e9fe26f4c4e79d0e02f7622bc6dbb30e8,in,bc1qc9f263phxeynvtjqtdpyvmqu3c0hmxqf9rj9vl,0.0005295,61.54,0.0,0.0
2025-08-19,c79ef440827f9333342dde060ef30c72caee63420bd96302b80e8987bdd62fcf,in,bc1pt5gn3fam6rh4aepu3am4n6c02vrm8pf20lw6n9q25yp68vrvlujsj3s33f,7.138e-05,8.3,0.0,0.0
2025-08-19,d8a20efb20b092fe18f3fd1d4bc04aff1f132b5531f1942f316e8857f92ce990,in,bc1qxganmr580xphs5dwjq3p6mp0slnxjv6nv7kef0,0.00058717,68.25,0.0,0.0
2025-08-19,d8b8055966649d2420bf69db0456f3db9cbd2d39108b9e4f3e7c4c6a329b4e9e,in,bc1q90utsulml56gs0fwu52qttmrm29xmwjjra64g7;bc1qfrk29anmsvrtllp65j2r5p9svsns8n2av6l3hc,0.00056437,65.6,0.0,0.0
2025-08-19,eedddf03cc83be558717d2820eff49ea8653eeb0a5d63894e5add3fd94172fb7,in,bc1qx4fytlt906rljtuv83w5wv28uhy6du4uv3v8l5,0.00020443,23.76,0.0,0.0
2025-08-19,efdeac4659f2d642a73a0fa33db41c0d8c9554d9654c27bea318b5f82748e8db,in,3EvvfNBg68Fa3MQLRzjXKK4FPoPVM2vJUS,0.00046265,53.77,0.0,0.0
2025-08-19,f204bad917c9e3e832543cade45fb9a405ce5be26c89751ca80a83baea0bc6eb,in,bc1qmq0zx6vsxdpj30lpc53n5k6804ldfma5uqr7lh,0.0002283,26.53,0.0,0.0
2025-08-19,f4fdfcbc3ffaa0166a71786a7e6446edcfe60a19893870b294a9b7b737d46aa6,in,bc1qvp5f4s6vthles5gdq4w5n086lzuzcdnqgpffld,0.00010494,12.2,0.0,0.0
2025-08-19,f5a651d374413e18e727fcf2ecc853b82efff7cd09e7579789196220ebc49fdb,in,bc1qeskcj9czej4vsctps509cfcrlwa0uzg9kwl7qz,0.00021766,25.3,0.0,0.0
2025-08-20,04767a60a26684be420340f873e4d573ba907e1feec63e5a3cfc56600f34a20b,in,bc1qf43tdrym26qlz8rg06f88wg35n27uhcf29zs4f,0.00058325,65.83,0.0,0.0
2025-08-20,06c48b3167d6a6a71748559e77fb2d7318aaa92ad5ba6c5e1821db95f74bbff5,in,bc1q6xqy3un38hyj6vg2vg9gzenml6kcp2ldcd8r6x,0.00010782,12.17,0.0,0.0
2025-08-20,0705191d645471ecdecd4cc98e4dd30b939e29203fd88535f0daf74913c434a0,in,bc1q85gena442s3wawehtjdjmgr8x0ujv92ehfwz36;bc1qz5ceucd4982us6jwq88fjwk2gf4eu830j9tf5g,0.00018081,20.41,0.0,0.0
2025-08-20,0e7baa5dcfc02d3bbe0583ebc3e5c7cfefbe6600fed093edbbb86c9ab781b614,in,bc1qlswqm9u2286hrj0r3fw020f6m5p2p25xckn0kg;bc1qyh8qtlu7vfgu53uduua85ht55w7q26g7mkfq37,0.00022031,24.87,0.0,0.0
2025-08-20,0f00bbd2a04de02b864b207dcfe4d2cbf81b30b5d54f7d2cfdee06071c9eaddb,in,bc1p2tps5z27hqyy8nepnztjefvtwg6vjv6n8el4h4qn3752wfjlsz9q6ee4zz,8.859e-05,10.0,0.0,0.0
2025-08-20,130f7d7e677d1da0f532424e3bfcf7f1231787c0526547ed19fd0381cbd901a2,in,bc1qahnmghdlejlra9d3efqxwqtm6nj9mx8f9wwcfw,0.00036556,41.26,0.0,0.0
2025-08-20,15272b302b03aed9fb6f2b36ab3bf1ecc7475db13d5bc05a4f92de2ea46713ce,in,bc1qfw4z2k9qguvd7jxavztzftyekxncz67ff7svvv,0.00017603,19.87,0.0,0.0
2025-08-20,1ae6cbbdaacf179ec665c0ad9f7b5aa29a654df62a698609abc8aa38963431c2,in,bc1q8zf9puqlz7dn6dg2slmwtw6zpky3yt4v6mhfue;bc1qpvel2tdax67r0shvhgqs9zlg438t0mjecr2xcl,0.00035096,39.61,0.0,0.0
2025-08-20,1ffafc90a8ca31d97ead014678ade7856c25352e11a0951fc8f166a811def441,in,bc1pyjecna8fjuzs9f4sg5692nutpvlvrlwkdym8zzjvkgjd0377aqmqzzyrem,0.00014957,16.88,0.0,0.0
2025-08-20,22b73b824e21b46af4b697eddd405c7959b8b17aeff7a7ab442ea9afe39c720f,in,bc1q8wg4ueaqcyk4lmg4rsn9qyhw9m7w6xlel4w3mc,0.00121293,136.91,0.0,0.0
2025-08-20,2640363e62857b11b25b5fa11d500d9b39944fcd8725a103fe597fd863313808,in,bc1qqu0ny3986jtmn54fk7s5hnlwae89plf8znavj0,0.00016167,18.25,0.0,0.0
2025-08-20,27b5ebc731544bc3e4f987cc3774c31d587bcdbd8926c529e8a3a52292d3d1ab,in,bc1p2tps5z27hqyy8nepnztjefvtwg6vjv6n8el4h4qn3752wfjlsz9q6ee4zz,5.097e-05,5.75,0.0,0.0
2025-08-20,28c7456b6ddc329fed64760c4d857c8111852a48b05783e57e8def88ca1f2fbc,in,bc1qjasr960hvfe8pr4xxzdjsu0v0fdeghfum49mkc;bc1qvnj0xu2lfcqp6ugnkl054aqwn0698uwj7y8405;bc1qxc0panp034lr5efskw5wgc55jpcgh6fadj8er3,0.00091236,102.98,0.0,0.0
2025-08-20,2ad14305bc4df8cedf819397a595469aaa511d48cd0c955409bf958734a290ee,in,bc1q3lh6durrjy6v6rj4cuyc2xlqmgrz5ufa3f0uxr;bc1qpcmcur4ua20xvx84pnvql52ct7g8x0cy3zpumq,0.00026394,29.79,0.0,0.0
2025-08-20,3575cacade2334d3f6c4eaad1612a500e1e18cfcea7d05daf1216209b2b34ecf,in,bc1q4dxp6q27ewg7n6xwt6lmhm2v96kvyj58t86l2r,0.0003084,34.81,0.0,0.0
2025-08-20,38f6c44e32adc037dc9fbcf5d18f25173d2e84808ee7843df2f16bb8b9473b11,in,bc1qvyev862kt9umd9vx3hc0d5lq7faewf4ugykc6n,0.00054606,61.64,0.0,0.0
2025-08-20,398097a54afc3d0efb28fc2d031257af7d64443299f26efde776e415f851644e,in,bc1q76wdpr76r5ypj3jmqv6ryhlzrlw5cevtgu27w6,0.0019501,220.11,0.0,0.0
2025-08-20,3a7d6af209d1467d0db761e417b2298d0939c504d5c1de27b8396a05104dcbbe,in,3QfBYzHQv5hgUw1YzHqR1sRToVWjGjetit,0.0001897,21.41,0.0,0.0
2025-08-20,426bcaae9eacb019d457180d9db059639152e893b1be8e5e1f2d9eff178ca126,in,bc1qd6jwc4j5vqtz6da2xl2kkmahens583fuzsaltz;bc1qq3wju3dn5ajlystrs3lqjd740xdwz3zqay2x2e,0.00030553,34.49,0.0,0.0
2025-08-20,42ef26cc8758ef36337549336dc0f8e8c3c906f22e8a027ee3d5382d6d881ebf,in,bc1q7xskmhp62dtqr093y4ps0xd82lx40sj6gr4zc4,0.00022045,24.88,0.0,0.0
2025-08-20,451a863669956599aaa6931a02688092b99913a5ad8d7aba2c274c7fd8d9326e,in,bc1qxvzjflmktj56x03ls2k8585s62ta9gnz9qlknf,0.00028143,31.77,0.0,0.0
2025-08-20,4551205f0038bbeacd2a7c81bbf568682e3757f88ee5f36f2dd1baf2438a8845,in,bc1qrweljye44t99x5vtj296x0v4ulykxaskvcmmh7,0.00044004,49.67,0.0,0.0
2025-08-20,5259f8eb05e2548a41ef08d74804181c3e79084f03691eaf46fe6f0203fc0b83,in,13EucebCy9yyN5uL543LTgNQFwkHk8EYYY,0.00019412,21.91,0.0,0.0
2025-08-20,52a705e3f0ae5edb09879230d42f161bf039550d1348d7c4842a094ff034afa2,in,bc1qj83ygez05v99qda7v64997xjdxcd4zffc5lgff,0.00017515,19.77,0.0,0.0
2025-08-20,52d2205f4ce888967bf129f3259f8df2225964ddf591269a2738187184e47248,in,bc1qca7c8n3mkgdqwdcsfawp45xn0k7kp9yer700lq,5.267e-05,5.95,0.0,0.0
2025-08-20,546bd8cc151242d0c711d94d3077930a80716800ae295f0f1fbfedf3a9327c6b,in,32V1bjzuaoZhVq5h7EkHbRBmWerJ99phcJ;35dKNFkt8soVzmi2J1r8Z6kvHR6euHNcg9;39hTYMNPRogK6Pjnn1N2fFCR86gbGReHjC;39jrufci5bmVDk13DeeyqxT51T7DhVcQny;3AH1RpxswQMx9SDfHSmPrfChDhpY69YMgB;3AmWPbaijfYzgfWHfyPkyahVrPJexrLyev;3B3YntX9jjrL3Mm2LDXhUzP8wvNMRT1riF;3EKxCpYtgKxSzELS9GKKnEmjoy7v5DszsT;bc1q8n07h2rvqj0a6xguskega8du2gqvy7mtpcda92ecxz59z565kmrs6aykzs;bc1q8qsemwm4f0a6xemxmdpqr8pg58z37jle6t9v6fkrr5aaw5h8q0ksdmh0nk;bc1q9t9u6y7cvuscu9ggkdvpx02ayfe8j7td0srz8qpx4y7sdc87rpmqr8v7vc;bc1qc0cqppq2mykktdm9xzz0p9uurnn,0.00017574,19.84,0.0,0.0
2025-08-20,5b916b0d05f284f275a844c4cc36b64ef6c3c4cc6fa9ea5b8b76949efb0ba40b,in,bc1qsddr6h8ltnfxj2e3nu3xt54prvddnd3kkhf4g4,8.784e-05,9.91,0.0,0.0
2025-08-20,68847a987f38bd5cf5984d258928f85232f8956d6d837b654fd09c80d14682c6,in,bc1q37cdplxqw4fa89uqmk6p8mrsrknq5hp36hdw6r,0.00043819,49.46,0.0,0.0
2025-08-20,6b0ac3c0e5d2c43ff24bdd700f375e4e45e5864e8f4e0ccc47d489931d9c7ddb,in,bc1qgl0l24udyvqjy2mlx4un3ma2c762rkuqecplkm,0.00026226,29.6,0.0,0.0
2025-08-20,6f1cd1da7589862e80776f34db1d188f3bcc3a30298b23e2bab2f43d7f0fd3ec,in,bc1q7xszgap7j6535q63ppl9htt52x2w2pv9x2zk2w,4.385e-05,4.95,0.0,0.0
2025-08-20,700e9367147d40b84bce2ffd751e63fb4d91d6ef0d2ca0a8b8040b8cf07211f2,in,bc1qm34lsc65zpw79lxes69zkqmk6ee3ewf0j77s3h,0.00041804,47.19,0.0,0.0
2025-08-20,729043e89506b711137bbca8d1dc925a816e365bfc2d82b93ecf8ff0851b97c9,in,1N9K5LR69aaqC7fDjxdqsE6GWZtoGg5Fg9,0.00017089,19.29,0.0,0.0
2025-08-20,7b105f40a60fc9428515c9c431d20118338fbdc786a69cca0a43cd4fb3d7ac12,in,3PAUJRVMq8XjfsWEqHXgGu8hTBF1Ae6Noq,0.00042073,47.49,0.0,0.0
2025-08-20,7c64934458b7c737db9a1f8899bda07d11ebbb4edf710626e055be364dcfeeaa,in,bc1py72arc6fjmvat5qelrr44h48zk5l9tcf03myc8zu2g32nuyg30dqazzrup,0.00026351,29.74,0.0,0.0
2025-08-20,7d469ff29dfcdd17c100eacd4e9d55899fe94a9464f8753d8dc35958894a6309,in,bc1q7shlk6l75zjn9knzl7434ja9r23u3lcd9xre3e;bc1qvhprjddqfuyywunhlxg6smt06nrq2zfwgnlzs4,0.00018091,20.42,0.0,0.0
2025-08-20,84401bb6dc8d0f5e705df5659fee84302870f67e3297fe43200ecb42eea06a2b,in,bc1qae28yu52fdgkttm680ag7sxwstvynj6n5urge2,0.00030734,34.69,0.0,0.0
2025-08-20,8c77d17d1b414064b9b358f2075a374e9714a41acfac12bac0a035b5d6e46945,in,bc1qn6fa2qukpjw8qd0c2d98enjyww0q4aaa0y47utynth8w28x3c36qva794x,0.00042368,47.82,0.0,0.0
2025-08-20,8e71844786903823e8e8e12bfe3f71c78ee0e51368a85faeb47c57cde7bb4c34,in,bc1qkcph805mcqpvkvvfnzq0lrvnxl7skpfks28grq,8.75e-05,9.88,0.0,0.0
2025-08-20,8fd7d5a96e04ea7844ff8164f0ce8ccda26422cade78534eb33df750f8535f38,in,bc1q0wu0tqp2u3rtunjl0h0rsl9pvf86acy6sep63st0lp7lgg67ykzqeq89pn,0.00010485,11.83,0.0,0.0
2025-08-20,91ca75851e7b75807a689e73546f55f38ad1d956f8cf202f14d9efbbb1f2e845,in,bc1p2tps5z27hqyy8nepnztjefvtwg6vjv6n8el4h4qn3752wfjlsz9q6ee4zz,0.00011,12.42,0.0,0.0
2025-08-20,931d5629943cdb9f9938ba4cc17987906336c274559751f2ee5d00a5a6f1b3c6,in,bc1qm34lsc65zpw79lxes69zkqmk6ee3ewf0j77s3h,0.00497,560.98,0.0,0.0
2025-08-20,9b3e4aee9862caa15d080cf398e9dc3a1cd209ce7f0697be8a13ef5a20e5423b,in,bc1q6c8auwzgmuqwfxg6levht8snfx86za92w9c8pn;bc1qhus8eqrz9t46lcrlezm8fzqugmava6j6h8c692,0.00038673,43.65,0.0,0.0
2025-08-20,9e7ad47f41ae42218bfd366abdc8f18460e7ee8cd12d46ba8ddbe8c7b48ae29d,in,bc1qnwmlah8hp8ykfm53mkl4lgugnq0q2qc7tuk8er,0.00043966,49.63,0.0,0.0
2025-08-20,a13008e2067e23a59bee3a4189a20d96c7793dc637a13177c1619b59504924ef,in,18Zb5E2MihtiExPid5VvhnjZA8YzTjaGF9,0.00172496,194.7,0.0,0.0
2025-08-20,b76b75f9b0a267ac64e7f59c275fefc65edbc18cebf342d88fc898843ba0af13,in,1LLEbWV8Z7J2ZrrGwB6auUjR41Gm9LmTjg,6.144e-05,6.93,0.0,0.0
2025-08-20,ba9c9fc8d1046e5c82d9ca192dde5551c8170b55635220cb83ebfc5a4b47788b,in,bc1qhdzacqpcc29xu2qannjt3pca8atyms0vzg9ryr,0.00022686,25.61,0.0,0.0
2025-08-20,c4df044fffdaf3720ffa22881da4883e9f5709d4d9356206e01f91e5f601c897,in,bc1qdqawfexv0tnw2sl5vgg2razhgza90y8ygrakv6;bc1qwvsernjqz0dqf6en02w0kka20u6p6l4e3m45l8,0.00039451,44.53,0.0,0.0
2025-08-20,cd32a3eac3ae551cb015530699df92deb989a928822cc08edb598e0cdb181ddf,in,bc1qumt4jee0camc2l77nmug8q8cg9nzeewhpel4kl,0.00061502,69.42,0.0,0.0
2025-08-20,deda50433e5948de5b4f0bc9ef6f7b4a434c820c240c32d08a4f1c4a47d82f82,in,19CGHDhjHKePDmFkCC1XEeTLdwqARJgw3T,0.00043837,49.48,0.0,0.0
2025-08-20,e0365193b6c2764fa98f961fb2d974d499c197ed4ccac087bc65cedae4ae91a5,in,bc1qjccskc3v7fkuppn5x594zvdusnnzp9a8q80lzl;bc1qql72w5l5kdhe3tlpdj4plw3u6a3gpejdt7lj4v,0.00025899,29.23,0.0,0.0
2025-08-20,e11ca291306d461875109fa70ea7418e650b16ba27defa916539e2ecb3f37393,in,bc1qcz4tec3wlcetrl29xwax4z0u9cn6hwlss5g6vw,0.00052846,59.65,0.0,0.0
2025-08-21,079b8330081a19a89182f61bfc9cb25e35c177bfdffc53ff7774b12f28646b41,in,bc1q3rzcejl3wzhum40xe9jqyvxsapyte7ym0f5l33,0.0002562,29.28,0.0,0.0
2025-08-21,16d7278e628626f9584ee6138d1863dcf9aef775757a361b3bc932b461ebb61d,in,bc1p99flun4s4lkx9d5altzuesygehxtn5wqpaechs6pxm3qrw5s6hhsl2p3qy;bc1q8l6w4c6vl94qqc2zx2g2wqf77auyaztzzgda7yvn6zfu5yrjjeqqfeu0rn;bc1qeaq5fslgfgphg3xfjul2kkwwxq3sv63e55vyklry38tv6hc48apsghdgfl,0.00023967,27.39,0.0,0.0
2025-08-21,1b94cb6a6acf5edfee7f12c5228b8ede217178a70b4c2a4af4247385a5372d24,in,bc1qsddr6h8ltnfxj2e3nu3xt54prvddnd3kkhf4g4,8.855e-05,10.12,0.0,0.0
2025-08-21,21dd1a9347a5d6ace44a386504529e4c55ad2702369a6acca46a6d277419c2c7,in,bc1qm34lsc65zpw79lxes69zkqmk6ee3ewf0j77s3h,0.00077,87.99,0.0,0.0
2025-08-21,2b12b6583d3b846df51c46e1215f413368a1f30cb645095475ba07eb5cfd8418,in,bc1qvncwvz8lhp8z65apn6jwg03hdvaep3wns3wl3w;bc1qwqs3lynh755cuw262x9neq8eyu5tsnrpt2a4zk;bc1qz9zva2d55f3g5z2syd3x4cesm028srrkp8qd2j,5.496e-05,6.28,0.0,0.0
2025-08-21,308131b7da0fd39e37ad1323d76e14cc4e498cea8180f879fa4b44a602e03047,in,bc1qr0vjay7v4dmw822jrz2ejyde6h7era8rf3lsjs,0.00028401,32.45,0.0,0.0
2025-08-21,3b1ccfb899361f1a2146b5a83461289e6f7d0b5c80162c43b70972b48822d1e5,in,bc1q7cyrfmck2ffu2ud3rn5l5a8yv6f0chkp0zpemf,0.0004365,49.88,0.0,0.0
2025-08-21,50779af6a460f02d579878d0a8ac36824b32331fce4f1851a84c204591f26721,in,1GrNVxXazvL2TdaN5EJ8aEaohzqjQnGr83,0.00080536,92.03,0.0,0.0
2025-08-21,52159555bdea2a39c1c463f3744271236b2e7e22a0c51bb00a0dd511615b7cdf,in,bc1q62v0ggxcnpwwwn6z76yamhajh3xaxm4qdj0hta;bc1qldcg90dc79g97d6pvy3zh6spwfhxx0l2wlk8ts,4.423e-05,5.05,0.0,0.0
2025-08-21,58fa296f3bc3572dc2c2d476042eed7aead2fbf226599aef6591beaa9f8bc641,in,1GrwDkr33gT6LuumniYjKEGjTLhsL5kmqC,0.00017344,19.82,0.0,0.0
2025-08-21,5d1c90195c397d9b56419fe1bbe98470a42044eb816a74208dbf8c777bdea544,in,bc1qqd6uj93u6cwye3eujduyuwklpvuce8a8y0eweq,0.00072898,83.3,0.0,0.0
2025-08-21,6cf8c835bf2cba13a629c16ac9b4456b931f5679a1801b905d17071f170e1fb9,in,bc1pzva8qv8vsu3r6gwkhzf8mhyfvu2unq7fng7kzx864e45v274jcxqkfxpdy,0.0003752,42.87,0.0,0.0
2025-08-21,726768ee27fd349d6c4dc643e759382c006578d34bea0bf6400534120d507e79,in,bc1qekj5qzk6pmu6553c999rh47l35hs9a7jajym82;bc1qy4mx472klxk98as4g0djaamtcf5jgvr6g8ua4g,5.33e-05,6.09,0.0,0.0
2025-08-21,75571cfb95712f1007968f345cbcf573f0e4eb0b58f8c97c8de9bbcc9b4f4642,in,bc1qm34lsc65zpw79lxes69zkqmk6ee3ewf0j77s3h,0.00021372,24.42,0.0,0.0
2025-08-21,7e2a85f7d60447da22fe6b3d53c608b5b85c8482bed0f7fec7e5c759da2e5d1a,in,bc1q0dsuau60qak0ghasur2rrp6c8ehk9chx46sgyn;bc1qgrvv07e2lzdnd2weqayuwddhg30rvee800zkcn,0.00013955,15.95,0.0,0.0
2025-08-21,7fdc66a2ac8d4c4934fdaea3eec2689c316ffcd91bd0e9369ea4735dcb459c88,in,bc1qg9ny2avhqgrpv40np2qgczklgs87e6su643rt4,9.699e-05,11.08,0.0,0.0
2025-08-21,854a5e86c91f92fa5f8de88a6073154f213deb55880c9d49b4954f7a57bb4d81,in,bc1qsddr6h8ltnfxj2e3nu3xt54prvddnd3kkhf4g4,0.00011486,13.13,0.0,0.0
2025-08-21,8a2f786a73f345bd06c454b37e893b9381965f54d55e950e21117e07f236d135,in,bc1qm34lsc65zpw79lxes69zkqmk6ee3ewf0j77s3h,0.0003,34.28,0.0,0.0
2025-08-21,94f2c6674fa6e73641bbbbe0042adc3e6fa8e9beb7232cc1d7d243d12a49088e,in,3AK1kkA5BYWV8Yw8ZXNFZiqL18rKseisrn,0.00021846,24.96,0.0,0.0
2025-08-21,a072c96ecc6b323a6d082b39c2eebec4334c06c8e78951e414451e29e3cf2946,in,175dkX96qYxboATR3LbHWjvTRepZigg8kt,0.00029097,33.25,0.0,0.0
2025-08-21,a07aa2d459e21539709679be8655414596fff492c7152558d89164866eb1fa2b,in,bc1qqfgkv320rtcem8x5nc95rdfd8en2u925lf6kjc,0.00023951,27.37,0.0,0.0
2025-08-21,accbcddd3b284bffce9419624418bf6c89f4480e59aef90ce1510a6b6a47a4fe,in,bc1qx896rfvvntzpmr7pvu4d8a043d2sd7yyd45neh,0.00017609,20.12,0.0,0.0
2025-08-21,b017aa00cd36f0712bcc37674cb8f147d000b63495d65eb66598efd5b6af8432,in,bc1qxcr93urp0a8pyf7p2sf5ln3rxhn8ulmr7apk0s;bc1qz46yvkfa8st2ms9dv5g2zuqcg4kercts496rut,0.00012837,14.67,0.0,0.0
2025-08-21,b86ce525c39391aefb359cfcb6c087443e95d8bae3f514cf84afbd269854e0ea,in,bc1qca7c8n3mkgdqwdcsfawp45xn0k7kp9yer700lq,9.931e-05,11.35,0.0,0.0
2025-08-21,c2a3ddfdacc33917857cce6bfcfad9ad40f38b04cd77b3fa208cb38b02f9e20b,in,bc1q94ugl6ccg8pjcejhcyx7h4yae9zxfa2nz4jpgh;bc1qn4wnl07r295quynxqg94xtc4ee3cppx0srs9yh,0.00018145,20.73,0.0,0.0
2025-08-21,cc8a015c404985a48c87d09aa148cbce7dfddcb8d781317dae0bfef6f959b2fb,in,bc1q7w5nkkg58ukt9k8087m6w4qge68zg5zmvwuars;bc1qnrg6ttzpruzx0ltgqr7nfl0wp5sncmx3fleun2,0.00018144,20.73,0.0,0.0
2025-08-21,cd485fdec591d883e2fb1c29498175aad17398381b92b9e3bbe60317e7d28dda,in,bc1qm34lsc65zpw79lxes69zkqmk6ee3ewf0j77s3h,0.00023728,27.11,0.0,0.0
2025-08-21,ce7b550b9006a2c6f3e9058a3971041bdd270d9c86e62c2fbffaa69492cd2c5c,in,bc1q22avnd3y8f7rqvw5c6alx6zgrcrgcmqjkmmpsh,0.00026453,30.23,0.0,0.0
2025-08-21,d5e104102549ce0463bbbca6cd60eb529fc3a746b22df7236c3b962044a11adf,in,bc1qhy3d6srnyarpwtj8aupax55amgcxj3l4zwdy3s;bc1qutuxyd2ppqpq9nmm80jnsmq6s5yk4zvxvp6kp9;bc1qx0u94xx56zmpqkl2mn0dyvut9hqpsfdgsmyl4s,0.00053321,60.93,0.0,0.0
2025-08-21,d8ab708080106e8f387298f13407c9546b979bb9b0514b0152881b83191d3823,in,bc1qmpgqqcg2xyy6plvlj7fe7q8r59xylerqnde54n;bc1quhx6uh79yfvg2qx6khn2zkdk2srd4j8vu2cqze,0.00028101,32.11,0.0,0.0
2025-08-21,dc18fa67b6a4b7af87b0a8df3303d2d2e2bd21a606139a534fdb689cfe6d2ede,in,bc1q8cdqmc6fgcrkmtmmz0lmtr4kt0kjrf8fuemzeg,0.00031611,36.12,0.0,0.0
2025-08-21,dc476fb2da0670155692ffc0c450feca07395b8d6bdd88633fd93a8a8f366d53,in,bc1qm34lsc65zpw79lxes69zkqmk6ee3ewf0j77s3h,0.00027718,31.67,0.0,0.0
2025-08-21,eabb109428368a66a3ff47c2d08a6ef9b92afd331498fa0ab387ff27399ab847,in,bc1qtzrgc6sq5c3hgktlg7dk38ytgdm8fnjhnj9khl,0.00104144,119.01,0.0,0.0
2025-08-21,ee96b054f81326ef5aec6f8940db422ade273e94e6520e2d152d51b5dfdf8253,in,bc1qe67drhp6aj5p6ntvcnensrfjuc3sene5zjx9za,0.00230144,262.99,0.0,0.0
2025-08-21,f381dafdab6956fc6d201568c8b3b49a9f953a128e760215497a15d88717c780,in,1FPoYyGc6XDXvidHdzzixHvxdgjcHxejpn,0.0001785,20.4,0.0,0.0
2025-08-21,f6f1782f63fcb0561f8c78ee0c5acf9fa6d74546443e3c6be884a8ea65e9c852,in,bc1qm34lsc65zpw79lxes69zkqmk6ee3ewf0j77s3h,0.00045269,51.73,0.0,0.0
2025-08-21,f84edfcbdb22da57a3dc74beb964f1c62197acd98a154d950d329157bb029947,in,bc1qgjgxe35h3q025wfvu80waqhe49evwhk524532f,0.00017821,20.36,0.0,0.0
2025-08-21,f9248e41be46af56ab14f4de928c7bb5b1a1bf568851ef0f6a927be43516a3a9,in,bc1qcv5x6vkdux05mp56r49qw08t9dj4s2xdl9gank,0.00023923,27.34,0.0,0.0
2025-08-21,fb53cb3ca2a1b64626471b86a6189dfdd8cdafeda434e398c80f7f2c58bb13d8,in,bc1qd7c6zu7rwcuzkvz5zjr66hvwvfux7gc4aa9kf7,0.00038743,44.27,0.0,0.0
2025-08-22,14630f3964bce22c0f5bac6c355866c7e7b4a364761bc3b2f7cb642eb3c1c74f,in,bc1q5yztkegh8ypz4a9kn8j4t35z2enp57vusut99q;bc1qfgut6h03xy0n9mzwvu4m34un5ylcklxqf8p3zy;bc1qmezane0hdnepdl8nwma4hvmn7rz53mhfmtn6jf,0.00018848,21.2,0.0,0.0
2025-08-22,1743fe1a663db4f2f8e8c2d7e7bb3be18dcb6ced155a0d1a22fd75fba0855ed9,in,bc1qvdnjzfs4s5h8m4tqt2p7ru84rsdd59k0ppus3q,0.00024,27.0,0.0,0.0
2025-08-22,188849dbc734e1e91e4d24b4fea123e45771b8ebd6c93f31ec27351ea7b8665b,in,bc1qcxnwvs6xd9lafwk0r5amrjv80ehva9rpy4rapt;bc1qkygruxkp5wl9cffguh59lvkdkngrcga50aygw0;bc1qsscacsuga5vv4artlxngd5vayhz0806wxdj52y,7.706e-05,8.67,0.0,0.0
2025-08-22,1b8ada8bb1c5cf29d98142a964938e4cc383bbc15b9cf8605c457e145ac1d8e0,in,bc1qjz7fhucgn2x3jt3l2u725s423xw2mdz3gy6j07,0.00022081,24.84,0.0,0.0
2025-08-22,1f07dba1cef67eabd7bc1f0c9cf008ee83a6c5373b7ac1927704f7598829bd76,in,bc1qpdk8c0vwwp2cmnd6yz6k8vppms2m9sshn2uje2,0.00019144,21.54,0.0,0.0
2025-08-22,20d4d30073893fe236b4b98823c5f52a185687e9b4321e05da6512a0da8f3f6f,in,bc1q3mtj7fg06qeglurcyrhl3m4p06vfm3tlxrv07c,0.00018267,20.55,0.0,0.0
2025-08-22,37a78c1a5614fdbbf919831a4685dc2a24a72c6739cb5a5a7433b40cdb87ef4e,in,bc1qm34lsc65zpw79lxes69zkqmk6ee3ewf0j77s3h,0.00015409,17.34,0.0,0.0
2025-08-22,391c0a49591259bc746491e21425c1ba3e1ead2385ff984b99290184a95ca08a,in,bc1q2d5pcmykk9xt0ln9xyygt95rcu2f7yfgs5ygar;bc1qhcfaj87q8g848qu8hh63hzya2pjrcnygjvymer;bc1qq4l6v089qxnzysgff9u45kxedgyunzq7z847uc;bc1qtrws3pz2gyc75sq47560j3k9cw3yw56ultwcf8,0.00025678,28.89,0.0,0.0
2025-08-22,3bd7a8c8bb2538b3840ccdc60f9b8d504db1dd3e7f94ba424898b19aa2d16f36,in,bc1qrallwccff50gldg9fh665rszvm79ae4tstceal,0.0018583,209.06,0.0,0.0
2025-08-22,46fc8aa5a7d65d7839faff56800be573a247db7e95c847b96f09baabf6ba90f5,in,bc1q2ltxvzshduja3nz340hnrsks5vzn2e7d6uqfsy;bc1q99kkwpghzf9dgu8m3phxpz8h92qawladeyjpt8;bc1qawvphp5zpl5z70n49w92zvx4phr58xjr9ufhxv,0.00069555,78.25,0.0,0.0
2025-08-22,477428aa68401bf2f318ddb0b63fa1cbff0d9818fcfd7eaf1677796175553456,in,bc1q2ek5j65hylzjyd6dv6097evprlmvc72y7dgtf4;bc1qf5mnvlpv0063w0fen4v8kd4g0jnugy8v744ura;bc1qvd0zcqjlh9sf6r5yk0p0qtjq8cqm2508gzd9d8,0.00013873,15.61,0.0,0.0
2025-08-22,4b79723da0a72cc799ce0481092493f900ab786488ffdba981bd688e609ce614,in,bc1qt2m4e6zpgftms75at52qwte20gvt96svlej0de,0.00091397,102.82,0.0,0.0
2025-08-22,4da48e4aecfe1e920933f6c41dc7ae8b83ae1f7bdb1b7d3467c6d15e427c5d43,in,bc1qh22e2ddn556sws75q2qfhflet28s0txn2psnka,0.00027437,30.87,0.0,0.0
2025-08-22,4f8d57d3fc543a07f0369f84f1bf1814c2c2c6ffb0b45ccd1b2c0dcd2e081bed,in,3QGRoygvB3p519o6BoKmoAdVaCdhtnqoUw,0.0007141,80.34,0.0,0.0
2025-08-22,535746d3385b12e7769db65524c252db64112c3c3ab70b3cd42ac5b7f32044b9,in,bc1qaq4tf9lr8hr8a6nm8we67mf750y3gwn3tlaj97;bc1qwjerkqe7uy83pmv7c6xc88ypr2k8ucrezc0fk8,8.313e-05,9.35,0.0,0.0
2025-08-22,5a369dd63e46c50acda4ba93a5670d347d0f22e9e648298029b61f95c3506323,in,bc1qt2m4e6zpgftms75at52qwte20gvt96svlej0de,0.00052845,59.45,0.0,0.0
2025-08-22,648831fb8f937116aa1a3de48e4bde9ddc7ef5f6a16a01ed5dc46caa4631401c,in,3H9WXKYPqq4xo3ahuQvEDcDJBgFJcxGLpJ,0.00013314,14.98,0.0,0.0
2025-08-22,6ba54f51cbd3c85a066610287400a9b6a0a51dfded2c61011b9c0044eef34036,in,bc1qmp3lp06t8qxfvmkz0hwwlzjznxmldvyv08qurp,0.00038461,43.27,0.0,0.0
2025-08-22,6dca0a38984e76f6b2c316b335183a9e3bf27fb8ae0cc691a90e8565641e96dc,in,bc1qh2d73e7xl53p8u9uq2e7pkze6aufgjkttr2llw,0.00014769,16.62,0.0,0.0
2025-08-22,7bbcac3d001406a629cce11985fe37cf0a23013863623a4679f158fa6655b67b,in,bc1pkjg2rkczdzy6fe7ma3amra2cgkmsejcg66ug8lv743lnmnjgepmsem6kpl;bc1qppdlz0mvz9rmw6m397hkuxz8nh09tvcw452q26fsazsm02zedhxqgvxtk7,0.00020702,23.29,0.0,0.0
2025-08-22,86fa87d289359a13060a7bb5be40f4e9f219c9271f71c82fdc5e2eaa98a20710,in,bc1qa4fm583zgl4p4cwg2239f77qejkfp40370tvjz,0.00102705,115.54,0.0,0.0
2025-08-22,98cc8970cb8364dfe7946fe7a211571c486a1b27f6403da722097a2c60044bac,in,bc1qqlp5dcre853rlv3879f83tzlp53cqcvyk6wylk,0.00015735,17.7,0.0,0.0
2025-08-22,a0ef47829e148e22f167d5e38487049c755f9c1a5fca1f894585a4dbfcc1d6cd,in,bc1q7z3y8fpp8upvrz4k0ccnklw8cxs85mlqj5zu2a;bc1qyfrcf8uk57f4ryhfgseqhdke2zzlwhjcquf8qp,0.00019721,22.19,0.0,0.0
2025-08-22,ac97a06c549b71420e893bd76f2a34c55013c95fb0f4b10fdb4bff8dacfdccad,in,bc1qaehh8vem9kxepsehjc5v2aer6qh59x9kthsd0hzhm6l5c2m6dhsqw6nxtn,0.00024526,27.59,0.0,0.0
2025-08-22,acf8f7f9529434fc7d6d79ba6e39bb7a0eb0e1dad25c90f7de3e27926917c217,in,bc1qehwvve9wk5tn24m2asdp3ca9ljke3gx7f2gvjg;bc1qtx5ypnsgx3tzq0r3eqvvurka4h0st3gn0983es,0.00015037,16.92,0.0,0.0
2025-08-22,ade27d6d5eb1e796533975ea6c20e53f84a663afd3eb8c9f5f781721ed24c30e,in,bc1qazzmwls22z9n2ldh247cvy2a9tk3237gyzl45u,3.037e-05,3.42,0.0,0.0
2025-08-22,b578580c086b1aae3f699e43bb1867217275a25e8bb76581b6363327014b9243,in,bc1q760lvxn3znjfg5h38c8gg007mkqhk97af29w5z,0.00017681,19.89,0.0,0.0
2025-08-22,c5443649526597628463d4056abc2b1dbaebf3bb0af7458397ecb4c3b18ca467,in,bc1q8a2n6wq6w5j493h565wngdhgtmstz4m72zyxne;bc1qp9m2x5t9d2tddx04ed9y9gpw5pkfy0gd7d3jkg,9.496e-05,10.68,0.0,0.0
2025-08-22,c599d3655f00c3b6e1d623615bfbdf589cc759b300e0fcaec18736a36b8f7454,in,3L1p2tUHPwrRN3qgf4Hm1R73e29hFshbnp,7.669e-05,8.63,0.0,0.0
2025-08-22,c632abde4eb5b24a824245aedb4a50704a8dd2b1d507b7cac6aabc8e23ab3ea1,in,bc1qejsvsk9f67w8rlax88e8rvwqldedsxp4fgqdd0;bc1qn20a7cyy33vuxg47pv9tsszpuh4jr6fvp4mc7c;bc1qnlx4hyaxe60xht964ngarpmktr77cnqpc7t2qx,0.00013366,15.04,0.0,0.0
2025-08-22,cf92254d14edad0a4d43edb49183e67cfb28771dee8a520e849cd9e366e47ee1,in,bc1qx98rytvgh80pf5tf3txq33qyw369j9mva90g2h,0.00088504,99.57,0.0,0.0
2025-08-22,db4bc5c241dc8d6e5272584bf0a86c5adf65d10b8a39f9c53f384b02a60b1de2,in,bc1q6yd5tnqp2qpzsgeklpt6ap5xuq4394r20e5r3f,0.00021508,24.2,0.0,0.0
2025-08-22,e6cb8b6bf9aa8ee901686991b0878362ae3801d446000e14ca25428a5ab1a945,in,bc1qygg7nvslr3xjwy029akmkdulxla6erxxe7yuun,0.00062341,70.13,0.0,0.0
2025-08-22,f066bf7e7176454419e1d92ce5acea5d1ea8c9c65299481c3bf8ec260ebbe261,in,bc1q0uvvhqw09h7npzzdulhvdzlkh64chlu87pv68y;bc1q0x6y7xdzh7lzraljsxh68lynasarzvuk6k9sxr;bc1q4nzkg7n57jch4edxf84f584ruzyw38n9qjg7ju,0.00079524,89.46,0.0,0.0
2025-08-23,1233a0200837618a93f5165bfe47864cf0ee9a4c3be90e6483c4100a4d587bab,in,bc1q3kw68wauy7rndhl0l3wf7el5da9e2lp45vu0am,0.00101307,118.46,0.0,0.0
2025-08-23,1ba29a6f064a51309010e9c4ebd6832319e4e6eb29d968a889fe09af7be03249,in,bc1qh8pd6j80fmxt66hqktp9swxue0sankmqfhglqh,0.00112809,131.91,0.0,0.0
2025-08-23,32032070051a32a167cf86a1ba7b5675a08d2ecdfc4313bd7655f0258b49ae62,in,bc1qsz89xya7rktyayu6e53vyafqs0c4jvsrk2g3qg,0.00026067,30.48,0.0,0.0
2025-08-23,43888ed1f331b85617c90b0c021a9f35bfa5b3e414e813985228df4278b7d0eb,in,bc1q3gursqzec7qwlm3vaeq6c32qkx6avx2cw4xtcn,0.00021755,25.44,0.0,0.0
2025-08-23,43e1f82510f5e6ecbd64aebdd949ee70ceb0dafaa6969b3a7f96d3bc3fa0b564,in,bc1qspy27nk3jm720n3jfja0dl236wvzamywtlp9th,0.00025289,29.57,0.0,0.0
2025-08-23,57c0260fa8c8f32c65250622e669b433b75b1b632223ba398fac069177cf7c53,in,bc1qzgdl9c0r5dd20uscgzf7tdetmhxceggha2k8w8,9.588e-05,11.21,0.0,0.0
2025-08-23,5fe8c4c88fc373223d5f325a6a8ca41c97b99968ad54159a0339367ea250cd55,in,bc1qm6zfyfgq0cqrpfrgkkegap35mc6dpxr47wz85y;bc1qxlefgrj34rd4tlhu7xyf4tw9ue35kwggqd0d7s,0.0001741,20.36,0.0,0.0
2025-08-23,61f74dc5446bc6f766954b7b5fe3f66c9edcf6d54737aa5d9fafc9d143a236a4,in,bc1q6wvvjq66d94ngf9n34dhncw4rzx4v97z7kr3uh;bc1qalmlzmmqxndtcy4aw3xsuc5etxs704zmzhm90z;bc1qqj793gqfxsu9ds6frnl863nf5p32an8m9jaak0;bc1qz6tka46va7nys8puamy3uul5rqfk940dpwkvel,0.00081604,95.42,0.0,0.0
2025-08-23,687375076a47aa479f79bccf474e211a6546d79735ee9220ada149056ce5c360,in,bc1qwr74qjr0ete2ft0jvuwn29hfvmju2ttq5jk9h3,0.00013275,15.52,0.0,0.0
2025-08-23,732777fda31bed8e38553b22890b07e5e5287e5230a9cd91577a0bf6fc1f2961,in,bc1q7dgehumh6nvq6aqcj8034zdwcttf79xk8de7l2,3.217e-05,3.76,0.0,0.0
2025-08-23,7ce586239e903ba9916d890a3818dcfb95ba70a3a14560cd4599f51f6054f9e0,in,bc1q0hc6l6hdw3gwshn97t5ha6jlljg4ffqhgfje80;bc1qayhjn482qu6stmr3768l00e339fetj5fk7fga7,0.00069686,81.49,0.0,0.0
2025-08-23,8339ed9c9672b6374cbc413272048ec365ab110f3292a50d67f9202024177410,in,bc1qc35fpgrg0gunjnck0hq8g9dkj60t7ykr0pcn2y,0.00026643,31.16,0.0,0.0
2025-08-23,8c87ea29ab751591d6e6c3ba9e7f637d6f1f0c759da5d851febebb848a8d63a2,in,bc1qe0kswuawmwp628zzlpqcgns62p9xlunda0krrm,4.433e-05,5.18,0.0,0.0
2025-08-23,9a10ca9acaf609137cb7cdcd87cebc0ce8ca26995c2ed39d57c8b265cd7f3019,in,bc1qt2m4e6zpgftms75at52qwte20gvt96svlej0de,0.00040997,47.94,0.0,0.0
2025-08-23,c2b6146e39a7af20eb6762c3be7bbda30aed411316bbd2e0fd679a3c1c40849e,in,bc1qm34lsc65zpw79lxes69zkqmk6ee3ewf0j77s3h,0.0008421,98.47,0.0,0.0
2025-08-23,c41cb87fef37da7cc9bc82d3b9d3ca771055eda4e72f937efa02b80c6d80c7bc,in,bc1qa4fm583zgl4p4cwg2239f77qejkfp40370tvjz,0.00123029,143.87,0.0,0.0
2025-08-23,cbd533eed5e7b4fa143eb81e77bb1b580340aeac838e9367123bec15d19acb6e,in,bc1qm34lsc65zpw79lxes69zkqmk6ee3ewf0j77s3h,0.00057066,66.73,0.0,0.0
2025-08-23,d3c6001173ba06017ae4fdee4c9e32ca58f8fa15fce1f737e38f49e2da5ff033,in,bc1qjw9snqsgkf5s4mjyhuh5zgf74daq7nc27gxt8q,8.68e-05,10.15,0.0,0.0
2025-08-23,d698eb0caaae8c7b53cd5deb53193c7e58ad02634d39e956c44002f0c3fe1091,in,bc1qm34lsc65zpw79lxes69zkqmk6ee3ewf0j77s3h,0.00017291,20.22,0.0,0.0
2025-08-23,e7fef36067ae455e038abb761044648dfd9af90949cc66ccce17f37c1dcebb53,in,bc1qfrmtelxq6mhlx83v56xl2twq2uzrjfq36grk3v,0.00032938,38.52,0.0,0.0
2025-08-23,f24af51d258a9053e1bf85dc8d9e970f8e4690b461c11e086f9a38e8c4666862,in,bc1qkunwn5uwastyzlv2utk29qnea4hfjjv2z2y88q,0.00017424,20.37,0.0,0.0
2025-08-23,f6fc322ab2d9b9abd92c97b7665c10912dff3b7034d3aedca0dd434152ed81fd,in,bc1qa6ljawry2hxehhd30jmh7ccdeclg3cm9f9a95e,0.00011048,12.92,0.0,0.0
2025-08-23,f8d77cf071ae1181d6cd1e7cd068cc6125e5852c6d2c9707a9bcf61812842901,in,bc1q3juehzmn4tfjdxu6xkdjlmzx3sywe776uxd2qu;bc1qdmkudxvzl9jcp8w9rfenu7fcalg08pnnhz4jf6;bc1qjtnh3jz7w5wrqcuf628xtu2n3zmffhvx35dztz,5.384e-05,6.3,0.0,0.0
2025-08-23,fa820d76869f448e4459fb5a0cb3fd16137c183be98f1b850bec3e7d156d86f2,in,bc1qns728fnxvjwv3dlqxgl0rhcajd0e8n4gp0mt0m;bc1qpgu8s3dmrm9jzrd50knmr74d624753guapr3zs,0.00017351,20.29,0.0,0.0
2025-08-24,06930b8bf4adf26e49702e424f7cfbcf31a578af34a1ff9a56e80efb3bf32c87,in,bc1qnmujuf5f9syu3752hxvwmqhjq9yukacpnw2v8m,9.303e-05,10.74,0.0,0.0
2025-08-24,0cc985d3f4ddbb86fe1ce147db45484bc71b8bb2d42075b88a9619ef6525d124,in,3PBe5VJb6iBsFaEynGBu21mtWNkEq7pTzt,0.00015869,18.32,0.0,0.0
2025-08-24,1250cbe44282485a68ab863d6cae0b3412fa9670757c4ec9d4f766d9702a1482,in,bc1qg6uchlnf89g60dfcw74m6057rhlm7yffys4dea,0.00012452,14.37,0.0,0.0
2025-08-24,1589630f74740c69fa7f15c6863fb78b44fd4e7bf99fd3510ad25622e487cb40,in,bc1qmgpde0xfe59yz02uy90dstp8pstc8juu70gk6p,2e-05,2.31,0.0,0.0
2025-08-24,19c30f5d0acf6041ec8ebfdbbf2c8c0f37f6b32c6f2744bfb9d358df69a639cf,in,bc1quwhrkugvtlxzt6gyxt0jl5yx2d6e9adwz09xdu,0.000175,20.2,0.0,0.0
2025-08-24,1eda9c3dc164cd0d32ae0b849f5095388617ca316750f8ab5a880cfa87dac4be,in,bc1q9zwkvh23jmj58a6x8djlgt5vkf95y4ad6uavvdax6zmzqzdppedqfsye2a,0.00017538,20.25,0.0,0.0
2025-08-24,22158550a1b4e5a86e584944e65d505479f2c2f862c44992ed02002d269bc1c2,in,bc1qxjdtslnlltxlerg6t5r4287temdgw63pfjxxa4,0.00069102,79.77,0.0,0.0
2025-08-24,224ca394f8972d7c0c923a67f16238e0d7fb93f013e3f74e7d931813a5acdcc6,in,bc1qjz7fhucgn2x3jt3l2u725s423xw2mdz3gy6j07,0.0002255,26.03,0.0,0.0
2025-08-24,4b7811e068df996330b064e36f2cb59c32c9245044ae3d67a7cbe2d0d5f52d01,in,bc1qzfdd44svt877768ex65yap2xz482yeugk00kfs0vg5604t8qxjwsne9clp,0.00017668,20.4,0.0,0.0
2025-08-24,4dce105b0d67cf03c5d20c7e7cb73724ecb48105cb24c246f7ab126383281090,in,bc1qs03mxttp6mdp8j6eecle53t7g30cfxv2wca868,0.00010625,12.27,0.0,0.0
2025-08-24,54ea709c73f69d2a7694f675b946e05f9ee17f28edfbeccf8d5b195ac9817117,in,bc1qca7c8n3mkgdqwdcsfawp45xn0k7kp9yer700lq,0.00013313,15.37,0.0,0.0
2025-08-24,5c9c828fd894cf9ab9b46ad187651653fcb7f33011800a6f7eb24542c2820c70,in,bc1q0p2jx08t0n5g8kjpka0np5ayl8j896vxj2l6cy;bc1qk7ykvkcdwfgreldyzfuc75cd7dg34ta05t0mg0,5.944e-05,6.86,0.0,0.0
2025-08-24,5ed8ed6b2818950d49bf2b679cf884df39dad2163ce466f2a5d9ee3c0d54cc9e,in,bc1qmgpde0xfe59yz02uy90dstp8pstc8juu70gk6p,2.22e-05,2.56,0.0,0.0
2025-08-24,995f3456a887867fc3ebd65c82788013e808a409e0acded71d6a2fbbd4220176,in,bc1qlv48h4dp99htvtgcjpfqy4clp958dpyhwur07e,0.0005076,58.6,0.0,0.0
2025-08-24,a569190b5f7a078fb9a9e6d15c5a42ee371e7bfbe7538573721aa9ad6cc9389e,in,bc1q6glu56j0mnm624al0mlk2s8vccjy4x8mp7sh6t,0.00027058,31.24,0.0,0.0
2025-08-24,c22201340d170c560fdb167978a702ea3191a42bb6d99c96314c090bd8444314,in,bc1p0xrqklhhuee5g8tzcmsqa9rvxqrzadkym2z0mhcu3ed4asddnkxqnhqf38;bc1pgx48av69ytdfc494vcg2dfmsf0yetst42jp4wgr8hy0le743ujdqgh8h59,5.108e-05,5.9,0.0,0.0
2025-08-24,c42aab50a5d35b2d8ee5dfb9cd407d81dc8a97a201829fc67698eeedeb592239,in,365QzygAhvXQnUoZGxyWmC66JfrAk5XYRL;37Cm9kd2uiKJGUdukk4bJ6aSoGcRNXqMMW;3Fy6zG98X2Adiz1cVipux5tUEoVrCTKNBp;3H4qxdbN9Bsq8Xy2eS9YAfkybgcAACpoZx;3HV8z6zQDCRN1SWdYfMMCCCeyuhGfndwVQ;3LFeSFtBew6txNXENZihrGTdjbD8e2zS5U;3PKcY7pM9QKSS9nvNpdtZSm326x6nJSCfi;3QqBfmSXnHggMKugBPBuJszHSE4jbNPqeh;bc1q0ef340y5nx6y4v4z2ghkjyzu2pw8g2u8rlreutrphtzmh064ukvsuu8k6u;bc1q3vsncghju52escu297ny0wuj4936azv52jwm20t0y7dt92r9nhyqa75vjn;bc1qk0eu5shvxjwprwwvk83lv5gpm5ruf7ap8cxd43ulmp3nkw7lylms4ue97y,0.00018695,21.58,0.0,0.0
2025-08-24,e7733f9e948024ae4cd75e44f12622b7a2cf678ddc0a6028a6de402743f6b96f,in,bc1qm34lsc65zpw79lxes69zkqmk6ee3ewf0j77s3h,0.00012,13.85,0.0,0.0
2025-08-24,ecd92912ceda8520ad3c14d257d8a276ef19807eb5788d9ac792406a7b6d0e0b,in,bc1qkc5d66hc6p92qejgrn8leuct2erawal46mkvyc;bc1qswgf9aeh7ypa7m0ywr3pnmt8myxncfsmjevkfy,0.0003967,45.79,0.0,0.0
2025-08-24,faa548f2ebcea91e77fcae90acf1e4901d4ed5dedaad616da5a64f23edc10a99,in,bc1qzfsxzfx379vugrt9r2x4frqmtkadas82lu5804,0.00112954,130.39,0.0,0.0
2025-08-25,026d594789dcc010ecf79353df62439a6007d511722489ae66a9df9b8fa31a9a,out,1QCbZAhraWK1AfhQVoYkU6BHigT129Waij,0.0088929,1009.29,2.779e-05,3.15
2025-08-25,076936e0ad6299c9fc7e051515182e51d2f7cce7e6e30a0f6b87d62f52afdbc5,in,bc1qd83ees8ganjgyf5dvekh93q4ggay5vgz9w067k,0.0001,11.35,0.0,0.0
2025-08-25,0a935d5ec44943fd313f3c878bbeafcc2b9d9f5a59655b3e691eb89ecb8efb6e,in,bc1qq67ydq8r55c4yslncuxtxagc3hp7aeetdp2ak3,0.00022755,25.83,0.0,0.0
2025-08-25,0fca05eb18414db6affebd53c55d65065a20bf133dc4489592afd4cc620ac5a3,in,bc1qng09g9qdzn97nua360khzz4r4vtasf3cygqxxg,0.0002,22.7,0.0,0.0
2025-08-25,1317775d4f30a5b30f8f58529c4efa9d61b2f830408272da128a5130bf6dba8d,in,3H9WXKYPqq4xo3ahuQvEDcDJBgFJcxGLpJ,4.041e-05,4.59,0.0,0.0
2025-08-25,18d661bcfd47aa7d0aa51bdcb4d0b9d7a661d2e114c339c3ffc7ef910cadb0f6,in,bc1qmgpde0xfe59yz02uy90dstp8pstc8juu70gk6p,2.31e-05,2.62,0.0,0.0
2025-08-25,1935a66f58bab90dd37d57b59d28591a975c40f7a76f80df66cb097453635341,in,bc1qejk8cetewcngudmpf7yyptja2hx4ujd9pdc7ue,0.00013228,15.01,0.0,0.0
2025-08-25,2079373718d3be0790d98d8597018b2dac846ef8bdd2961dd5247f9376efaef6,in,35d4JgMMjjZ8KDdRsRxb129fzWwB7NbabU,0.00012411,14.09,0.0,0.0
2025-08-25,277eadd3be21bd4d4fe3dcc33625c8bfadf927f71ab88a02c29dc7e0ec198a92,in,bc1qndj5ch3974h5tnhv3e0u2m4hcmfs5ncstel8rd;bc1qxz0lgzgqn308cxgh8500y27sn8u7qnn4v34ezw,0.00013935,15.82,0.0,0.0
2025-08-25,2af7dd9c685a657d1004fb328e146999abaab07544f15f08384d68b5e2f5d08e,in,bc1qm34lsc65zpw79lxes69zkqmk6ee3ewf0j77s3h,0.0002132,24.2,0.0,0.0
2025-08-25,45f777e044064086370dc00f990791dd26779bd9fc25326fac4fb0f7778fd029,in,bc1qtqma6prszhskdudjvmc9x34pmqa39fya56lea6,0.00014096,16.0,0.0,0.0
2025-08-25,4a26fb91be14cc7fd4ae757ec1f298b9b15b835e50e1716ed6d00500e1845ac8,in,bc1q4h5y2zn72d4xrjgrpaj8zfa2x67vnpwt80azwy;bc1qch3y9kee3dg97qcjd8nrwjsgrng78h6qre07qj,0.00013839,15.71,0.0,0.0
2025-08-25,5963f80eccbf49eab4f2a49dc7e320453b175fd079fcb3b2235e2c52867963cd,in,bc1qe0kswuawmwp628zzlpqcgns62p9xlunda0krrm,0.00013762,15.62,0.0,0.0
2025-08-25,5a178a09060af11e2e8bb81434d4a2f37f3f3ed0342e3aec88f254c36f3c9f82,in,3L1p2tUHPwrRN3qgf4Hm1R73e29hFshbnp,0.00021253,24.12,0.0,0.0
2025-08-25,5ac310f1a3c30a65007b7c2efaa681842812b641a7667d5a833b1ae7517df424,in,bc1qk4z6pmm7qccyggm74at7qzh4d4e3e7zlw2ll4r,0.00028827,32.72,0.0,0.0
2025-08-25,5f41088697f2cffe25c7817a9ee01fd2d3075667874b49b813f21825bec5a644,in,bc1q570m5kgc260cdtntyd06nwteczas2z9w837qa3,0.00014721,16.71,0.0,0.0
2025-08-25,6bfbe2b13f679dfcf7d5f2720367abe4513be9eba6652652cbbe09c39620ce27,in,bc1qvu5whzr0fmys2djxp2q33meltnguzfhd25xxsv,9.774e-05,11.09,0.0,0.0
2025-08-25,701d929141b83082002ef58a70d8b929b842791b5e691325f42783d03a6aeedf,in,bc1q6m3m9kh2sl5rwmer20xpr53slmelhd5aegznna,0.00044175,50.14,0.0,0.0
2025-08-25,7c69eb4ebeb8f76fd68b3cbc00e9a81da5a9cdf3d0a91c70d3e77d002a4f50e2,in,bc1qmgpde0xfe59yz02uy90dstp8pstc8juu70gk6p,1.155e-05,1.31,0.0,0.0
2025-08-25,839fe77bbc63c55c8a214bbe8d2a2fcb655d979e40094442bc66d3781d2aaccf,in,bc1q0ge7wkmdh9p75t5hvmzfqs7ustzq0gw9lqdsed,0.0003135,35.58,0.0,0.0
2025-08-25,974ae1a7e9acb1fcdf202ca12de0ce345df8e918479ac9801fd91a5f94fc8778,in,bc1pn99qcxm7m0s8t8crwq64ks23ewyn79c6e8ugfqn3a5z7aglcxarsn9m3s3,0.00053132,60.3,0.0,0.0
2025-08-25,a1c7c0b820c5a8c74957e5d52c1407194ffb996eb36e3481f9d882b4675dd654,in,bc1qnrmuxwl298esssqpg9fkhqhcazaxnrrqa8vysu,0.00022733,25.8,0.0,0.0
2025-08-25,ba593d42c195844dded2eaf55cdd668cec778d27c6947417af82a2c57de86968,in,bc1q0zyyq3f2qwx78as09kf6lmyxw3jjnz3tfnutgw;bc1qsaw2xg6l5svueukzggahgkrcg9qwf3qyw0ugmq,0.00013181,14.96,0.0,0.0
2025-08-25,beb143cfc3ef05a7ee8dc6a643dd4f91516d2135f4d15b2621686f6f2dbb8ea5,in,bc1qepmarvtwgslkeygh5mhh3w4xay9qdwrn7fema6;bc1qlu76gf925572w3f3v6z5suplnh8a6l2x0cxmw8,0.00014768,16.76,0.0,0.0
2025-08-25,c79c40bc0abc8062e58d0b8417a06cfae2b9cf859b8d2cdfde50dd63730c3245,in,bc1q8ttqjzwczq42xpyms7eq3sdx38v72vvllqg3f9,0.00015974,18.13,0.0,0.0
2025-08-25,cc9ae736364f87e9a556c492f540ed0c5321778209befbbe3c895eeaa699a320,in,bc1qd20gulc9fx5ecgfw7vqex02efs0wtjy6c4yc0q,0.00011088,12.58,0.0,0.0
2025-08-25,cee7b124371fd2948e78fb6644fc85aed40e41aae619244af9f8442121c3e54d,in,bc1q88sfex5m4kxtn3dftvdghlqz2sywx7dsgdh4su;bc1qf6lz3kkrv5y2ya87z34gtswgzq78lgdxtzuazg;bc1qqm4yrqykn6yzqvu28lmve03yjqk0kdvl2wg6tn,0.00022724,25.79,0.0,0.0
2025-08-25,d1ec2436455df5c28a1cb7cfa0d719e9cd73c8bd8f8428fc694261c5feea8cbb,in,bc1q0ml4agkzxw5tws99p9mqwnz62t2q4vy9hapysm;bc1qmhfyahafrlxsaxkvqg00kl0cyku605zdz42mvw,0.00026662,30.26,0.0,0.0
2025-08-25,d3137a7d9a3d92144dd1c2e362691ce5b1ac4baa3d7eedf2de33aeb7462ffe69,in,bc1q0wxpagyam4rdekkcnuw54jpukv37azsqw7xnng,0.00012481,14.17,0.0,0.0
2025-08-25,d9082fc54099485329ca9df5e289501374f465573cd5e7ac611aeab08dbf3370,in,bc1q8053fxya2a6t30ftsgssa0h9wdgyr9tfmel2dj,0.00021733,24.67,0.0,0.0
2025-08-25,df21f83566128a9ad329091cce9c00e1a0625a7ee2fbb1bf346c234772529fd7,in,bc1qm34lsc65zpw79lxes69zkqmk6ee3ewf0j77s3h,0.00019859,22.54,0.0,0.0
2025-08-25,df62ca3a40ca6b93118a19e03034af980cb406bb49c90716f74a66b04a6cd0d0,in,bc1ppqe0xmnepz68v8nvs5qndxw8y6gxyr46qjc4mtc4t43vek2w6ndq6dtenz,0.000442,50.16,0.0,0.0
2025-08-25,e32629300899a8f195d7c4671bdc7e8ffc3712962cf5d2df8e278323e134392c,in,bc1q0s759sw95gp6sn3h0c5qey6eu7u2rjccld9q8w,0.00010479,11.89,0.0,0.0
2025-08-25,edfdac550603289aa17ee68ada2001d6b1d1c9cc534996f9f9e4bb8989a86e46,in,bc1q5j2e0hxqgvceq9w8a2jsv9q9q4qywx5g87jare,0.00022201,25.2,0.0,0.0
2025-08-25,f0b1b81b3079d7491c90e264f149287960ed73f862c43cbbad7ac4329de641d2,in,1KwCJtSys65ZLMZDfZiHfbd7UG1993i5X4,0.00099956,113.44,0.0,0.0
2025-08-25,f2388c75c2d9e46aa4e89dfed92a31a4d8adcf9daa0b0f7562867d71c3774e3a,in,bc1qmy40plj7zsu76eyrwfvx69mfuzjn39t7p7z3dx,8.955e-05,10.16,0.0,0.0
2025-08-26,0027b361c213a2d2cc6882ae214aebf7cbb95fe44e22f2f8ce2367c19e8125e7,in,bc1q8n3cnpvnza47akze5kflw7fw2ajadsv73qj6th,0.00019282,21.23,0.0,0.0
2025-08-26,0432e3d0e462940192bfc7dd4015fa55fb305b76d4f8c0bf5a81517781c67096,in,36vi9gknvvjQkWsv7xG7xfT7NScDubmBqD,0.00011697,12.88,0.0,0.0
2025-08-26,08da723beb010b59a4b8ed9c971dcd00573fa778bc29e4a65ffb262a95efc66b,in,bc1q95hnhlaltau3qxt59cv428vpl3qf9q3an0092t,0.00027167,29.91,0.0,0.0
2025-08-26,0afa03a085f70ee0817c1ea75a0b38aefee55f079b44bb0225b8008ee52405aa,in,bc1q33vcz3g4psqkzthxmegzpqt389vr8wecah53fa;bc1qdzfmvp60shv9xdlpx84etnguan735l48pfvzx2,0.00050117,55.18,0.0,0.0
2025-08-26,1caa164de1101a7ba2cd79274a552245ef5868d05403a98ba9b396371b6309b8,in,1Akz8UZ7R3AoVPS2NEJ3dj1sUEA4c4yxBj,0.00018764,20.66,0.0,0.0
2025-08-26,29fdb5b133f316c1f5efb181f4bf51b07f0e56e87cccfef44febc2989e020830,in,bc1qsdr59e66zdsqknu0lt5mvrxq8em8vztfkdtymq;bc1qz4z26nyja2qxntw4ev2lptemam4g9el76lh30s,0.00014094,15.52,0.0,0.0
2025-08-26,2ba61a17b2052f18d8d2b03e83dfc24128fa67836d8669707f944d69ea996510,in,bc1q56ud5sn6cn8wufrl5h2fyqpnw8ts6jtl07zy5y,0.00063453,69.87,0.0,0.0
2025-08-26,30ea184943b0e1dbe8fa06e7f0194b507f18be190f910d98e5b658ce3fe7a53d,in,bc1qm34lsc65zpw79lxes69zkqmk6ee3ewf0j77s3h,0.00021625,23.81,0.0,0.0
2025-08-26,42ffd6545bb49a64ab4d96d86d753dd055313596f43c256128f890fc30d4a9cb,in,bc1qmwdsaqaas7rgfnlnssqs98cz5ty89psmlq6glp,0.00014242,15.68,0.0,0.0
2025-08-26,47be5b1447013c7cc3bf8b0413dfb77b921ba7c97adf08ecea8a8ab6cf85ecc4,in,bc1qhvt0z8ydephgqyq4f48a5w28yvu3duzpu04xz8,0.00035978,39.62,0.0,0.0
2025-08-26,4a07a745ec39cdab6bb3b6a79aa97779fa990e3915a102fb4528e81a44831a6b,in,bc1qjsyh56mkylduhrqsadwvkuu9kmszscj982gxn8;bc1qtlqhp6sx548qsgj4x5qfjl84fadzx7ahtlaqs6,0.0001213,13.36,0.0,0.0
2025-08-26,4b5bf429f3074e59cccb03621fd8712e2c5c21418200bb678a152034ecc64b9e,in,bc1qm34lsc65zpw79lxes69zkqmk6ee3ewf0j77s3h,0.00022241,24.49,0.0,0.0
2025-08-26,4fec877bede8b3acf92e601b3695a5664bf67e4b5da0bd5fdf23746a7d8149d3,in,bc1qtsd77vm7gd7au66ey3u3l42vjkalrtzg84ea3d,0.00018789,20.69,0.0,0.0
2025-08-26,606b1e3c08aac5e8df1ef8fa8cf824813dec8cc470e19ffab40b664441a81692,in,bc1q5any8p4szer9gd2ef548aknhq4kaz8lw96fap9;bc1qxvd7qqqss96f07w3jvx4hdxlt5g7x09nywk4nt,0.00036323,40.0,0.0,0.0
2025-08-26,7daae79992f6fa2777dcbabbc408f8f0ab556c89652d5e5121c1fee8423658a0,in,bc1qt2m4e6zpgftms75at52qwte20gvt96svlej0de,0.00049707,54.73,0.0,0.0
2025-08-26,88d35fb578c7113864e3a223810018f14bcb5bcc538c22714bffedcdec98bf9f,in,bc1qa8645defw9cn55yusucf675y2qjxw5e4vl7v34,0.00029081,32.02,0.0,0.0
2025-08-26,895b428a61cda033d244ff8f92b416d44624325f14393c3cf30492449db2a72a,in,bc1qm9c7p52a9vtr7kadyrz0kesqhqelyrmw59aj84,0.00027289,30.05,0.0,0.0
2025-08-26,93874a0a337983af135b97ce89d77b54a864e56b9ca7c3694bb66723e1ee3088,in,bc1qdd8tvlnvmhux0xurg5hgpl8tuezttcecv9qzkg,0.00021582,23.76,0.0,0.0
2025-08-26,94b872f4359cf0d3355dd0bbe58a1d2b299eb970cc0142a9faa42fe5fcd68ac4,in,bc1q5cdm0cnmujza74kmgrz9eh6k5c3trhd4wvg7nd;bc1qmgdl0pt7pmmllxnrsd8qn8zwj4kqquuv52p6ck;bc1qyx9jht4nhcweaz3hxdhcluamk2wdds6q5c8nca,9.618e-05,10.59,0.0,0.0
2025-08-26,9fe87252ca2e58e43a35d13e842ed90eb2b9a0536d7f04dff5b927c805db4656,in,bc1qv3ksjsl2yttqkqaepjgdeqphs08afslykhw86g,0.00011867,13.07,0.0,0.0
2025-08-26,a30d31f7d2ac68bac55bc95d34b22ab771dbc1d7854d155070dad40e13e78dcc,in,bc1qngesv5x7nfdqxgv79kjf8yy5jekmpx8st4v37n;bc1qp92kmut03ap8hqwuhn3lzsx5hfx798x2g04q7p,0.00022044,24.27,0.0,0.0
2025-08-26,a7e0a0b1bebb2266424c17838202e0f91a14dc92970e469638632735c8fa654c,in,bc1qvnrf0mm5cxs04s9at2ldd4tn9hqdxnj2aazgx2,0.0001093,12.04,0.0,0.0
2025-08-26,b9be28f66f32ab861daa4b3365a1115dec76fac205d32b8ed8e3967e219910ab,in,37zWMFopgU8E2AgyuqLbRj7sdr6bphvehn,0.00036926,40.66,0.0,0.0
2025-08-26,cd05dabd7d2bc1d73743cef44752220932f026efc005baa487dbf4c693ae32a3,in,bc1qy5ry5qxc2fr5p3t2u9fxuw8a5qtvg943avem68fq6jeh5phdd3yse3g8dj,0.00014185,15.62,0.0,0.0
2025-08-26,d53c36cfd72f59e533a26927174436f133ce43433a18a81b9d93c0b573735e66,in,bc1qqgejau3v8hn3hxg6qtwzfyfgqqjqrs68vk4a6s,0.00012581,13.85,0.0,0.0
2025-08-26,d992682d5a191ced483ebeee7feae4c8313fa9f31a3b2298170a2e8f9ee0772b,in,bc1q8ym6kjg4lz9skagv08p6yrzfcmlz4x7m5ah239;bc1qtz0sefwxs02u37d0j8vseasu2923efpx6z4cc9,0.00018653,20.54,0.0,0.0
2025-08-26,e2035a161a7b3c13d85061c64fe37b3d6fbf3f144a613366c5077c2fd799d514,in,33nYBgmTc8NTr5KmEnuMGkaywZgyFncA8y;3BWSCzivqH4y4GkCrTczppJMnNkwQ1dboW;3DNyoVD5aBAsJ3rmt6SMftyRQbunDHiKLf;3EJSt866gKKdjEWXcQvPRptcdcrydBU6Ba;3EQVnxU4XAwz2morTM8yVrkm6uLSMrpYJG;3GFandgAGWsD4ojSBv9tcVxjfFjxHZpSBE;3HHkj8paxNfE9oj7bHzdfxSzvWMoZTS1xX;3MbYSrJfHPBryY33WxGwXEEubAZYNBuvP7;3PtA5sjoB478RPAULmwJYN9qADLydBoFfF;3QNAQzXxfDVxFJc7xgD4sYGfiuNCdnLkXc;bc1q78yf7nvux9g0lhvf6lzsjk3eh9f3ajjpqx73a2pgj26lrjpu8kjs3v3eyv;bc1qez0dfmg0jxlv96t9wrmj8nm2n9gwrev5nc9833n7yn0nleuzywmqypex3q;bc1qmky92knm8gn506vww63a,0.00017128,18.86,0.0,0.0
2025-08-26,e3d983713fc1b2e039ed37c0d84721c9cfbf019caa264ac9050ec621f5ab6b71,in,bc1q0ljkzsj3cdhe33lh3qkmwuftctjnq7rrnuejzw;bc1qnsa3sm6kg2rdsylylcqx2m4sxs8dywnlgackcs;bc1qrapk3qpwn2e7kaz2npahwp4af324htzedgywlf,0.00018087,19.92,0.0,0.0
2025-08-26,e8a2cdb372fc6a080a283064c67c7c6c95448b3196b65546161827be37e2fe07,in,bc1pn509thuwgt6sl2gaj4zmsxc7l8awp53r4dlpkv0mwmkq3y8vr25sls7y77,0.0001552,17.09,0.0,0.0
2025-08-26,fa596a42a8d4a1356e117d562cadc17502f79447d1fea58307e506b107a4c349,in,bc1qplw4kj095ld4dgfkk0ar8z6xm0hq35rfu23ndk,0.00017224,18.97,0.0,0.0
2025-08-26,fddc8fe185b2023b96dda7441d3dca0a37e7c20449d4d6640cc305c2e628a80e,in,bc1qeerapu8gadcv8k3auqt7ycf4ndpv3e63pl46ty,0.00035335,38.91,0.0,0.0
2025-08-26,fffd68f293892c22e8d0ba8fa0e33a4b3a6a765a4b944273b067ab1824438dac,in,bc1qugy0sr86v38unqyyyh9pee9egket4rw5qj45ny;bc1qulz7gcnnetjk0jrcjmyj94pwmt9fpr2vt04ptr,0.00012495,13.76,0.0,0.0
2025-08-27,0b8fbdde2991490f4f70c87911e2f6a4c5f566fda36724d488f218d0ad5fbdc6,in,bc1qlltt4klrq2nmgw7zjqg9lc9w7kv6swt9re3y66,0.00011771,13.16,0.0,0.0
2025-08-27,11044131c3e044f409dec38b1ceff9ac4f2b2ee7d12389973f7b9dc19c34bfd6,in,bc1q9ekm9t86unnhj8jh00scjnlqgtsy4q7d70gnm6,0.00014816,16.56,0.0,0.0
2025-08-27,1332aac1ec5cf931c9590ea314df77dcd0006896ea5d41214c9dd4bf02f0784f,in,bc1qjntre4n3x255jwyza2jun3m34wz3d7y7x3pwe8653yklqysmrknslr4dl5,3.168e-05,3.54,0.0,0.0
2025-08-27,1ebc71973c5d1d77370c89a819dedb72e9529ea04bf202662ffa5e110e571f87,in,bc1q60v255fg6gf6jgjd3ks4fd77ap4umr7m28jc6d;bc1qv5gkptkglqxusq9hfmjhd4gzj0u3s3uh9e6r0f,0.00019281,21.55,0.0,0.0
2025-08-27,2913fa853b70541f0d451d9945a6f1470a06c57004dc544a08778d9fe51b99ea,in,bc1qm34lsc65zpw79lxes69zkqmk6ee3ewf0j77s3h,0.00051437,57.49,0.0,0.0
2025-08-27,330fbc9869141b673afc0434d0ac56f990a390633d00ced8692f97107a5e9dab,in,bc1p9glh6jzt8k06ew2qhmsm9hk3dhestwv3yj69lrru3l23myap3f9q27t85t;bc1ps0npsjy62qz9v8fjfs4wmtkvr3p0qhfucqd8qtpuw6cafy427ztstumcu0,6.376e-05,7.13,0.0,0.0
2025-08-27,34bbb522dd8db65684ffb942764e08b4edcd91a9f66435203767281deab62a32,in,bc1q7f9wp35lhacqh0het5xu4ymrgx3mhg4zrcm8nc,0.00022451,25.09,0.0,0.0
2025-08-27,45f85f05b5246b29b97950a6355bc4de953a6e95c88e2fe75a6301da9af46add,in,bc1qe6r0upyvm7emn5drv0k7rklhjmwkugr9uqj058;bc1qw3vwhzae7seaz9800qc0tkrp8k0ky3ec4c5qsk,0.00033322,37.24,0.0,0.0
2025-08-27,47659167d76659fb016da2180198554b46c654e19ddba1bc997fa8ffa79ddb8b,in,bc1qje5yj0v53lqyxppyzgevwy086w0vuarp7eyehz,0.00020833,23.28,0.0,0.0
2025-08-27,48dc78c98e0cc483df246f771a4a4c97939b7308ac577b49c3f68ec52e70c931,in,bc1q09079lx8amzd5qk62kd276ju0hgayhpl8ayj05,0.00025232,28.2,0.0,0.0
2025-08-27,534621d6a5d70c7721dcc9be29d122abc3475ab2c2f160b39d0a2df8093ba80b,in,bc1qtquw294numfkcvmhflvlc0ftlpazwv6g6vpvjj;bc1qvrpvermgrjasrhtedv5ystf68x0n6gvqfukf9q,0.00031032,34.68,0.0,0.0
2025-08-27,56fcec50daaf6faed3111985120d5c0bb129015439559e1504df7fdb341d0764,in,bc1q4ry5srcp2d0q8edz098u6aqsr6j97drqlmpjy7;bc1qhezfx3hs8zwq2rgyw2httfxwgul5fak36qaw99,0.00065965,73.72,0.0,0.0
2025-08-27,5d705b23a4cbd12934a74b57f3f6002f6c44f3f5f3c251856311f7ec374ba5ce,in,bc1qq8gg70h3677nwjmwhw8nkkc5esdkald4qapy26;bc1qvswh8tjeqhqlqnlv2cxv74ss04ksfe0j38qjfw,0.00017775,19.87,0.0,0.0
2025-08-27,619f22600e2e32b06c928899f64b71a4565ded66ea6c36c1f21444e9ba8b399f,in,bc1qxscdghn3xnrcul7ts6deqg27y6qrcx2496a42u,0.00020437,22.84,0.0,0.0
2025-08-27,6e1f0058ef86184ee6027e47f3bfcc738f6763f0bbb64985ce6bf042e2ab5ddd,in,bc1q9r0vyjweu88h9xd0lwmfcl4e5qq68qm23tnd2u;bc1qakwd20nlg854j8kunrgjqyv83rl7dtp4tjgd79,0.00017511,19.57,0.0,0.0
2025-08-27,7398bc39d06c8d6141fb71fa3025a14083478856ec010d3e70320c51024823f3,in,bc1qjz7fhucgn2x3jt3l2u725s423xw2mdz3gy6j07,0.00027529,30.77,0.0,0.0
2025-08-27,75c7136ca360973996d3f1dd48a02cd7348d97b99c284d7c55b390b02132cf5e,in,bc1qlltt4klrq2nmgw7zjqg9lc9w7kv6swt9re3y66,1.338e-05,1.5,0.0,0.0
2025-08-27,780f72e4a3e798f49e2f148fb4304bfb5ff709c831c296171ccc3e7f413f6407,in,bc1q289z64d9dt4dulxt9dqynaq0qvtvghzztuqfas;bc1qj74u96lhgf97gcpzpv7fc3xuz4kur63vrjg9j5,9.943e-05,11.11,0.0,0.0
2025-08-27,8009479284fd3d0188bf0a8efd3a059e27b0b896eef38ef1792b3ad5a30a3a5b,in,bc1q0frvnel9qq4m23uk2yh2d3gptdtu3mzcr40v5z;bc1q8jt39um866wwpjnxlu4w7rp3qmujuhvzuua8q0;bc1q93p8vjh668zw54u040cs9y0n7ks78xtcq6fc3f;bc1qayku8ttwlpnpmwy5hkspl3uyutwtpldzsj0ll3;bc1qkwj42ephkyfv9qz6htddzxp9zjmjqc2zdr9ml7;bc1qmus4p9shg90274l6nwfm4y6jw0z6wukgf8u8s7,0.00011516,12.87,0.0,0.0
2025-08-27,8108497641b7517ac4bee1d9d0fc819309334451062952f76cc47bd9019e7df8,in,bc1qgfvan4xdn8jq58d9qczmfu5x2yl3gqj5wfhu5j,0.00022293,24.92,0.0,0.0
2025-08-27,8b24f64eb0824e5da3a59f9326c9ba12133f87fdd2991b27c912782f761e4f2d,in,bc1q6gtlpjchqxnegscwpqk4ew3tktfj4ad74fawquhr7em4cz67dfks0e0hmf,0.00048205,53.88,0.0,0.0
2025-08-27,8f48ebb586c2feff364a3368d29c732a52a7ec4c6dbb0aeccc436051936130af,in,bc1qmlxw27gjvdrcp7vnug2cgrtnmns4dasddd92zc,0.00064687,72.3,0.0,0.0
2025-08-27,9b65ac3b84f86a39b0907e39efd290b894d12e03d368bbeb4f239d98f9e521b9,in,bc1qc7863n9pwvfty8jtr2m7hqdm47g6cmpxp7hss3,9.64e-05,10.77,0.0,0.0
2025-08-27,a0fdfe9379b58ff822d513df7c4ecabfd021dbc108a0746232e55d5415b20661,in,bc1q99q2z49ruzddvg2lv597nkf3859j5stg0usf5c;bc1qew4sh56wtdkeswjgp83zq8u09f605g4nakrjw3,0.00030526,34.12,0.0,0.0
2025-08-27,a63b6c4cb9e454e0d7aec44b58876a77adecb5cfd00557335e69450d9e6ddf7b,in,bc1qcldh9v3vh9afuyvdygt5xp8n2er3s5zj8s5jyy;bc1qs3lpjn03yfs3dml0z3p4r2vc43f5zslp9p4yt4,0.00016618,18.57,0.0,0.0
2025-08-27,a8882dc6e94d6c14fcf3d369ebaf4409e2aa51bfb233066133bef0d4c221f6de,in,bc1qhz4vej90yy4lgw9hvg65zpu2t9u2t4806madhk,0.00014068,15.72,0.0,0.0
2025-08-27,a98c20315067b3ef4a63f273404edfd851d9d31f8e1b5a53fc1edfd028a9bc22,in,bc1qm3k34hdumz330xetalhw5y772xgqtwl9exrqkc;bc1qxx9jtkklcangw3xnkw8eyk0n8z4knszl23wjne,0.00018163,20.3,0.0,0.0
2025-08-27,ae67cb1b83652b7b7f1483658e84633d0909175ca55dd56cba11469420794285,in,bc1qzh04cc56c0d9crqhr0ewffl999t7j2909rtk63,0.00051636,57.71,0.0,0.0
2025-08-27,ae761f3a9f6a116b96eafff514653225a66933b33a10f03a2a634b9f943c777b,in,bc1qe4fm7u484alt7e3nk53enzj46py3tj9yp47vm9,7.391e-05,8.26,0.0,0.0
2025-08-27,b01f266c49ae2556ac49d5995a708c3bec7c3877f73772a26730e8a7c501899f,in,bc1q0xhv7ut2lacrkww7xs8nj30vz70lr6jq4enrqd;bc1q3y8nleqdwehzurct7hcwdv72qfvltyv2sv66hd,0.000184,20.56,0.0,0.0
2025-08-27,b461260b2d44e6054a814e902bf7d16c18aa630a41ef9262c4a1487aa20a8243,in,bc1qm4ea4x5agmla2dk25pvhsa4z0zz0c4d4fskwaw,0.00020772,23.22,0.0,0.0
2025-08-27,bd95f1837fb1f70918b6ae03a6970ab2e7e0e4068c3ed2f0efef932ff2a3ddfd,in,bc1qcqgtw5yknwn022meml0a23mjawvkkmut5kre2w;bc1qs22mqjjvcedkd3auknm2ss8x6rynd2uzhpm5sg,0.00027045,30.23,0.0,0.0
2025-08-27,d0a18660d9723666c2485630d699ba22dd32a3e6ded3880f4cbb7bed8f3acb18,in,bc1qtegxtm3m9e5jjen98cq0v37lw2duz2a0t6388a,0.00046948,52.47,0.0,0.0
2025-08-27,d2e69eda2bbd0270103aa5721b95529a6ff94473acb16b141da40ee7bfffdd21,in,bc1qgvcqxu0dnrm6k0fhldsjw739w9gl0tlqltjunc42mvlk0e5qs4zs0xe705,3.165e-05,3.54,0.0,0.0
2025-08-27,d5eb3791cf7f1b955ac581d0ad32f64353f0f18e59185a95dd69fda33f3cda08,in,bc1qm34lsc65zpw79lxes69zkqmk6ee3ewf0j77s3h,0.00018978,21.21,0.0,0.0
2025-08-27,d70bb61fd77cb17ee4d67514e547e4a5bf7976969675f10e84b7a9349af7567c,in,bc1qhpg5hk7t5hmj9en6ln2k592qn3c543wghpxj82,7.058e-05,7.89,0.0,0.0
2025-08-27,e392f754ba07f2bb9194f3fdf9af374a50689d9636d885d20370942ce96f1f8d,in,bc1qm34lsc65zpw79lxes69zkqmk6ee3ewf0j77s3h,0.00011883,13.28,0.0,0.0
2025-08-27,edcfb25f3634095da95abfaed28cb882619ca6f55619b8a47e0a9684c674d89e,in,bc1qpn8u80u4c5kw4ss34g60shspk9mu6mu33chwzg;bc1qpx4q28j0u7kwqduwj9km2fv6v2lh98hm0gel25,0.00018627,20.82,0.0,0.0
2025-08-28,0de26ed21eeab970223bf6726e9e3f0bb1dc1fdfcfa1aa963ceba9ba06bc63e2,in,bc1quhcemk0ds74x0kq9uk7xrgpscqz32zcx2lx9kg;bc1qwf8jrqf9z74g9vqu28g29qrnfpnx2ypuju0nsc,0.00045377,50.49,0.0,0.0
2025-08-28,1f508dc93125327b7133f1ea7c062134016272646af819ede915c6416ca000f5,in,bc1q90pyaxnejcyfpfews0zzt2y5r6zkup759wqvq2,0.0001204,13.4,0.0,0.0
2025-08-28,27854d4a979d93dbf2c6da4a44fd9ce54d364a0a1bda3fa96bc31c79f1211765,in,bc1qu8re2g6tue4xtnp3r7ae7sqt2mvvg52gkrrmmg,7.751e-05,8.62,0.0,0.0
2025-08-28,29fb384d23c19e63b6d6793ee0743b6322b259f5c88bfd47a6200a7fc5a92546,in,3H9WXKYPqq4xo3ahuQvEDcDJBgFJcxGLpJ,0.0002036,22.65,0.0,0.0
2025-08-28,2a03b41532de74c5bc329cfba713ff645d96755651a4cdd2dd4040ba3aeb426d,in,bc1qk7ea8ufljy6mrdss4zek832t4hy5w4mj9y639a;bc1qxjc5jd5fjhaq78ad62sywsa5mfd4e5pjfs420f,0.00022124,24.62,0.0,0.0
2025-08-28,2f4b6943bb1c7556fd48159d0f029bf3b73860b9b0c42e7c9dafb3b86946589d,in,bc1qec3xppneczn4kmzsjfpvdvucpyaujcfgevnslu,0.00031004,34.5,0.0,0.0
2025-08-28,30f83f232cfcfa85c8d3d5a269d17a8b480d1db0df941c72f486b480044dd074,in,bc1qmgpde0xfe59yz02uy90dstp8pstc8juu70gk6p,1.797e-05,2.0,0.0,0.0
2025-08-28,351f92aa440e637d55e0034cc3b803144635e14401c456ffff2c98d30d2a2d8a,in,bc1q2flz8u8yc5gphr0psqykvj6yl9hm0qe5rxk92s;bc1qeckd75wn6fs0rslgxzvmtxtad9yvxmyh3us2y0;bc1qsqldg5p4ruls6q4mjyh7gm5nq2x5hw6tjsddq5,0.00126686,140.95,0.0,0.0
2025-08-28,3715a354387fa824fd38983eb073b73a79b9dddb13016a035a4f35a72e96fc87,in,bc1qvu3dqrzghsr5f5he22yfd7jtanwe4wemvyu4lggnnp56qnq9stfq5putyv,0.0002662,29.62,0.0,0.0
2025-08-28,392df6998aa05af49535ad1cd6dd20dd1f64bd04684716d9736bacdd7db75fef,in,3NEcpfWxYnHLYz7SF8uT8zLA9U39jgw6g9,3.003e-05,3.34,0.0,0.0
2025-08-28,3f4f60fa84eb9091625e473614cd1e395ae98dd0293da94e87c89d0fdf7c343b,in,bc1q7dzh3jy7zsmqjysn8cmrde3phltvep4mwgaj9a;bc1qev7setqk8w93ltdyp942nxz4gjj6a48gddcpga,0.00014744,16.4,0.0,0.0
2025-08-28,40829deea655f4a148ade9d304be5804e12b75efe14ff411d6b42982d099908d,in,bc1qss8y5tla6qzvg8nnxe57aqy6guhz42r4l7jgez,0.00026671,29.67,0.0,0.0
2025-08-28,42e17cfea3fb04ab97ec9e530b8ea2341a8b059a348dd9a9a1bc8d031a1ea4e2,in,bc1qxw082472a3j6xwscf2s4l776trxz8jrtejls7m,8.048e-05,8.95,0.0,0.0
2025-08-28,4a1593f71fa2fcb7d14a28747f3e3458e2ece09800b9fa6a6e3fee4dae1c29b7,in,1DUErc41msTaydQ8QpLWEhJryk5tTn3r8R,0.00012919,14.37,0.0,0.0
2025-08-28,5553569651f8ecb6e2a22b55eb7a142114ea46fc8bceaec99ab8b84868ea037b,in,bc1q9hngr2k8w278eyckyckztc93cfqfs7ujf63f8w;bc1qfwcy4t776eac8j7ln5qd6pqnrgjhxv7nhu5rvs,9.497e-05,10.57,0.0,0.0
2025-08-28,58a591530aa7410a116e5da73625a335187b1751450a20adce2204d1e6f106fc,in,bc1qqk326qu5v39vw2hsawpeg4wkfcykkexr4yk9zh,0.0002679,29.81,0.0,0.0
2025-08-28,6ba7d1534e8d1754b0d3e930666366e3d73584f11987525b77ba9264b8d1ca58,in,bc1qmvr7773kwzxj4lsn3sx6f5vtxyef3ak7x3rfmh,0.00015186,16.9,0.0,0.0
2025-08-28,71d4dc302d29531e3ae6892be8d84c3f7f52e350e67f706adb29c062aad2d1ca,in,3H9WXKYPqq4xo3ahuQvEDcDJBgFJcxGLpJ,9.863e-05,10.97,0.0,0.0
2025-08-28,7b2773815318f593eeb014257f868432a76c47189bdefb487cceaeb833a798c5,in,bc1qjr4m8g07vdgd0kz00794g568hwvrr9mv07cq04,0.00057421,63.89,0.0,0.0
2025-08-28,8bf3c6a775928b4e8f1b0e3a6722e4d973a9bf72d630b82691167134d42e0eb5,in,bc1qesg5a8fcqcj2u2y37tqg8qgtx5e5gdg9c9mre6,0.00018244,20.3,0.0,0.0
2025-08-28,9cae4a1dce17404521ef712cf10fde0fde86579fd1e5eef721c1a1ea9d7e9add,in,3Hs9Q1diDJHveKD5Tumb3v8EniAYS5u1YX,0.00148775,165.53,0.0,0.0
2025-08-28,9ea001685c545ac0beb7fbf02c0d9ab667da0149be44bcfe28bb9272ef6f598b,in,bc1qns9f7yfx3ry9lj6yz7c9er0vwa0ye2eklpzqfw,0.00158194,176.01,0.0,0.0
2025-08-28,a3a8b4aae598879a62d0fa6bb1ad1dc1bbde731044dd4e12eab5ba7c379d87c9,in,bc1q6s6p4kcg992y4z53rjnwg6jktmd9uzcyzdrhfh,0.00010431,11.61,0.0,0.0
2025-08-28,a3d7c16f78bc175365e82800c9dd0fea7c21a42ad54565a5f130ff13bf44033c,in,bc1pp7s4vmud6t9c8dq2m3g2eqc5ytc33ffkn54ummds8dx29zasf7ess3mpyw,0.00025526,28.4,0.0,0.0
2025-08-28,a51dbdf5f5c1b5531051d7f6cb964b2f7736dfcedb0f0d7733f48b5b84f27ddc,in,bc1q52jhe5zcpv60us8c04jtqner9lk6s2p6zejg9x,2.679e-05,2.98,0.0,0.0
2025-08-28,b0055b4a9d7a3674a33934020613716a350cbddd5d15410ca8a89c2491f79902,in,bc1q3ngq9xckquc2n5t804gd2cte2nnjr5lnp089hfv8z37y59h6hffqls9cc0,0.00021847,24.31,0.0,0.0
2025-08-28,b65c6f0e4b09800c42339d3f663ee2c33a8764afd4055427df867ad3751c7eab,in,bc1q0s6rca52mjumq8fjuz4j6ka5h9jhq57esyd40r,0.00021384,23.79,0.0,0.0
2025-08-28,b9d274442a155d9e1b3bafe523c82c86f37265820919d3cce621697601d61aa2,in,bc1q363ud3pv4m0lwmcd95vkwh8u0d80zqjd7jq8fc;bc1qjkc98mf86fjvzq40gk56w9vm3s8hqvr0plkz6f,9.553e-05,10.63,0.0,0.0
2025-08-28,ba646708bbca60958263c47449c4c98120bda240678ea1f473418f25705da17f,in,bc1qns9f7yfx3ry9lj6yz7c9er0vwa0ye2eklpzqfw,0.00043001,47.84,0.0,0.0
2025-08-28,c2fa50e4e043493e731c68efe8937577622d6579f1cc4668ef699e2e9f08df10,in,bc1q0rgfw89dca3lv3wt846r9cl7a7avtgajzkyslk;bc1q7je037gla7j7mhahfl3ewl2c5wuhfrw5cwcu32;bc1qdz5ntyv82uy3quxwsellzfsyqhj93mq266t5f4,0.00022296,24.81,0.0,0.0
2025-08-28,c37ecb11644a39b41bf66b941e6de65afd3fb5b7a6475d65fe5d01707f914e2f,out,bc1qc4h5n6gk5e3yh6kac22n882szh4s77605wr6c7,0.01791546,1993.31,0.00023315,25.94
2025-08-28,c7f151f0bf647693b625bb359f2584bd24bd0bf1c996d0ef3f4b629428609e0c,in,bc1qsgp545l6wedl2206pplln4apg0tp5wh0dtzvw2,0.00010163,11.31,0.0,0.0
2025-08-28,cc1576dcc582e0170cf17542610481a23add9d575dc5bd12936c3f5d4b8baae6,in,bc1qss0kl3as8vctz6ejahqss556k2ru0hhjtvvkcv,0.000122,13.57,0.0,0.0
2025-08-28,cc8a1f50405fab9575960a18ca03a49c2fa0fd57478e16dfc9ca90ad045336be,in,bc1qh3w5qmrk5tcjek7jt57vdm20p5edcad6506lgm;bc1qhdqp2a5pltq4dpegzjj6ww2h25h3m55qcjsg6v,0.00044643,49.67,0.0,0.0
2025-08-28,d07cea3e02fed27f120a982a06e75d9e771a6387bb99c4ed6d6035429429dff6,in,bc1qvp6gzpku2xytcwh2pkujwhhky79sxnzlclxun9,0.00032485,36.14,0.0,0.0
2025-08-28,e0ac0027285366b9022f606890038edd3f51d3c7516ada0f67d41dbd9044543e,in,bc1q68a9hs0uwzfrahcgdrql457fstce6s4l32u3l8858qh6203dqhns8nc97e,0.000477,53.07,0.0,0.0
2025-08-28,e3ab4da1cc2e49e4970b084c69ec029a094af73bf31f0aed24c7f6bb82ada96f,in,bc1qfpgnyr06seysczgd04vj8sk6kdmzm8rcppyg9z,0.00066445,73.93,0.0,0.0
2025-08-28,e5ae343f320a6c5cbdb551422487461821eff646e1137a515bfa1b8b794e88ab,in,bc1qmvr7773kwzxj4lsn3sx6f5vtxyef3ak7x3rfmh,8.93e-06,0.99,0.0,0.0
2025-08-28,eb87c2c735b25e488bb9f297db018782257a6af2b13fd81ad2dd9bafe7d00329,in,bc1q2sschdfx2wvgv8hqhntkpm7nwr57djz5d7g6al,0.0001277,14.21,0.0,0.0
2025-08-28,fa1fe7f5567264027c80a8e985f4eca31105df14b457e2d99d9c0731960b642e,in,bc1q0czv0advqr897wfed92ftgsmtzdy6ptghxq8rt;bc1qctfwvd60rv04kfguyncf4cgpl39ns88nvrplg6,0.00013933,15.5,0.0,0.0
2025-08-29,068992c48bb4eea94a53916b90cb1ec7e6a11eae97979f5faed15a2d513c0d74,in,bc1q9yrf855jyv82mgl4unjtlh8yaqzm4yl2234cqs;bc1qqptve3zrgly0lkn9pcxr94sgx0cvdf3sl56xps,0.0001872,21.07,0.0,0.0
2025-08-29,0a4e04925017492d5bfef455fb939d3bff7b2fa4bb31270631ca12846e1a2332,in,bc1qryhgpmfv03qjhhp2dj8nw8g4ewg08jzmgy3cyx,0.00057642,64.89,0.0,0.0
2025-08-29,117b67c6ae17f1da45916c49f5039d93a52232bf1a02c1acdd5abbbde25db5e5,in,bc1qjsdnv7ntz5xnhdcrhlevywe4v7pvn5yc4rryf8,8.891e-05,10.01,0.0,0.0
2025-08-29,12f5d6e5ec0ab8ef49119475e9f14c1c9d9bd3e06f9193baa05acec897b5f4e3,in,bc1qdgtjp888wzj000qfp05j3gwndupt46ea0a2p6w;bc1qh6l25hzawjmgk4zmnpwmaz5j0crf9qa6mzufdw,0.00026891,30.27,0.0,0.0
2025-08-29,13006fcee911fb0ff658dee9c2e2b6c14500e8d4ceb7a985d72359c80e8a70a8,in,bc1q84mrcqv2ues077w46e8w66kz9wunw3gmy5xrcg,0.00031076,34.98,0.0,0.0
2025-08-29,21c56899cb17125d516905a5941b2f097d45a9ffbfbbe46c920104a79d617e60,in,bc1qcx0rfuqts40f07z6wuxtgzvk2g758dk82ruxx6,0.00042761,48.13,0.0,0.0
2025-08-29,2604bede778c9e4f4fbdec866cd207c52a6f9e9853f40ee89947d09f306051a0,in,bc1qgy3hygndq7qzj9l06dm7krc54ynv0jy8cxyzp3,0.00023141,26.05,0.0,0.0
2025-08-29,285543645686c3e0a0b131ba539baf82f424e83f93fe53e9fc8619bf4ceb04eb,in,bc1qdsppe0hq267ctxg4z5z9vjm94l2dda9m6ypjk7yr4ugzrzvc7wsqlex2mm,7.392e-05,8.32,0.0,0.0
2025-08-29,2cd91ad0d69207e4276ef1a2be8bbaa537f0def81003e3835a315ed5c4db3048,in,bc1qnuzczzqd4v7rczxd6vctmrfkde5qzpgxrxl62r,0.0005,56.28,0.0,0.0
2025-08-29,3376c926b5ace6a12d7905915d2fecadfcc992fc17c0ab2a31540bac8304785a,in,17VDoJ11npQf1qbepEotr3KE2e1rjGgyQi,0.00036892,41.53,0.0,0.0
2025-08-29,388f60ccc2269d5e924daf99357edc7a994d4c1d862f35a6e5d0d37f24e4625e,in,bc1q2k7av80r8l2sj4c70f345wrm0z57h6h7a9augh;bc1qmz48u22396qvvcxcfxckeawr7pzhk20lfdnl3d,0.0002762,31.09,0.0,0.0
2025-08-29,38e105177b63add6bf63d31f7eb3cff65f05a2a336b72258d3967d7b788530b7,in,bc1q8u4vwymjh6kzura5kjj4sqhaavdcs7nf6766se,0.00014763,16.62,0.0,0.0
2025-08-29,416e15e861617cb9110074bff2b4de29daf8c2ba3c9080b19623f0d64420dd83,in,bc1qls35efju4jvzqxavux5mhucs92s5he7d0m4ctz,0.0002161,24.33,0.0,0.0
2025-08-29,500f120ecff49977b8db4d917a378dc6692abfb8e356aa02c094fac417c8dbdb,in,bc1q234pedgn9kqq6ttcqrjxz4nypmjzul6cspud2p,0.00050859,57.25,0.0,0.0
2025-08-29,52cf7a4248a0426f77effac9d699a1e98e166d54c596b87b96a4a5c72bc8f4a6,in,bc1qecfz9hq94kgg0x4gknn8jac0adwy268jd6ah6k;bc1qq0guenxk45df97njlxxalt0j636wwnsny3las6,0.00018994,21.38,0.0,0.0
2025-08-29,530e13aa859fedd37abeefb4c8bc09d90c2bdc5bff74ad5caa1b1f2e179e9d23,in,bc1q4hyg4j7p0l7puythn2mhagn7vh4actxr4ecfqf,0.00018512,20.84,0.0,0.0
2025-08-29,56e3bb00c446cefbd10ebe4bfe943667ae6b63ecc84e647645963619e811b7ea,in,bc1q7fk7cdw68s00dyxyfhnzn2d9c8v2hjphnnvqd4,0.00010685,12.03,0.0,0.0
2025-08-29,5707866ea185c9a033ad5eba1808e14627f75e8a8b9e6ccbe29f8817ab4a3108,in,bc1qkxy6xsjdfacl89hadzdcqglkvc56hfkzw57mhjr0ayr6sy6wsrzsr9tck6,0.00054365,61.2,0.0,0.0
2025-08-29,572329c12197c406ff148baa1287803115dff67ecb8febf8961a4ab053f5c606,in,31iaYsA2QjycQnN781oyvfCrCbt4RidKEm,0.00069061,77.74,0.0,0.0
2025-08-29,58a16ff560843de84f9bffd7bba60d7869b2bb34eca174a156cde8d60c1de6c1,in,bc1qk927cgl94pxhxwukj94mtf0w8ncz5tcfuzkdhd;bc1qq5rja65zf2zrkn6e2adgc3g20erknynh59vhjd,0.00010418,11.73,0.0,0.0
2025-08-29,5ec6f1c4095b8eabc49c15bd2b436ae3b77ed94872aca0f652f21e0704eac352,in,bc1qmgpde0xfe59yz02uy90dstp8pstc8juu70gk6p,2.322e-05,2.61,0.0,0.0
2025-08-29,676b37b15718ecd9e417722f2564ba836bff972197ba8ee863d7a1406b14b202,in,bc1qql8jen4wrev9tegtgq76rvpjg6juy34m8ww252;bc1qzz4x7zxlpgnwtgg0kj29sly46h3xpay3977l2q,0.00031121,35.03,0.0,0.0
2025-08-29,67b04c4fac6e67aa163ca711aca604ac9b855d59f9e04f90d6f037524331a6ab,in,bc1q4mm892ujpjeqlxwjrez75tjret9khkjxmg0t5a,0.00027657,31.13,0.0,0.0
2025-08-29,7f4251febb7428468abc0311f033ea0291d00a768de8d4c362936ccd5448e343,in,bc1qjsx4zqvma8drpxz66vfj7t6rptyzad0uxcfpdg,7.323e-05,8.24,0.0,0.0
2025-08-29,84efc8ac4e2f203dceb3d6935ddf5fa468d9c7a5d73ec6478e5f5ef963623f2c,in,bc1q6ulktydcsm27pfz3jzazl0ntycyf933kh47lg0,8.337e-05,9.38,0.0,0.0
2025-08-29,8d442846475b91e71d071e96516a9952635ac04e84cdcc78853d57ea5a3ca627,in,bc1q9zfrh7tueh3m3uwdjg9anlgemkfh7zwn48w5kh;bc1qfkrc3yhrqgy4vzrpju2xxp39h523xvtlp4p4sc;bc1qfnkx5zsn79a8t83dhg3z7m5ncr2dx88ynndnuv,0.00012565,14.14,0.0,0.0
2025-08-29,8f635c14c2b90a578848a3b7affc18db41d5906b0fb78c51c9cf17236fa51c49,in,bc1qszfsqh2xy9lptyn82vhj529dsckrn7mvxeddk6,0.00082808,93.21,0.0,0.0
2025-08-29,90a24f57644c5a43c3242168f95ec9249c088e97ae63c705e0512b8fb51dfb8c,in,16agMw9FdpbBLak9TmgK2EvpqTz1W3C7VH,0.0002936,33.05,0.0,0.0
2025-08-29,9391a822fa3724e2e65ce9916cc4b2e90cf6cca471f8a657ab4b1e13b3cb25a2,in,bc1qm34lsc65zpw79lxes69zkqmk6ee3ewf0j77s3h,0.00328289,369.54,0.0,0.0
2025-08-29,940ad639e6d26f217ad1c5a1de63e1153bf933c76cfd4bebf1768b66b2825bc4,in,bc1qlgea0t9p72pmqcs6544lerj2e6vqp8nxvxqa5w,0.00046046,51.83,0.0,0.0
2025-08-29,94f3e8c026fb40777354b87994eb6e83d689006031f1cda131bfe38902b32457,in,bc1qlupnreed7zgsx2q8ecg3dljal6u2t2chxhrymm,0.00014266,16.06,0.0,0.0
2025-08-29,976167d53868d8e0bc166565d681ebc21471ce2b031d24f8a576479e6fe75b0d,in,bc1qe4lyyw7uuahpqcxeygr0c74xfv4pnlax8klgrn,0.00036871,41.5,0.0,0.0
2025-08-29,9b98095e1048a436da06efc6eb53baa524fef3e52ae021e37cecfbc4c4d953ac,in,bc1q0nyu99vxyaglaxx2yz4k6874sf32vctzsq33n9;bc1q8spv4amdtj926u2vghx3ff2h77epcsv2ezslwu,9.639e-05,10.85,0.0,0.0
2025-08-29,a26d8294e28606f604a91d424b73948fd628894a6d70f38a497fb47fc23d26c9,out,1QCbZAhraWK1AfhQVoYkU6BHigT129Waij,0.00907364,1021.39,0.0001445,16.27
2025-08-29,a273b30e4fff62a24a6c1d237f7d818f4c4aa85cd468e645779837d18d9d93e8,in,bc1qglq88qee7vudlmmy0haqsf9y5zwsdeajddkfv3,0.00086457,97.32,0.0,0.0
2025-08-29,a4e67b8cf9f1ee06020e6d30823b03b964098ebc47b6932dc2f811a4dd37365b,in,bc1qk8sgphvwklhhmt6d8kwnqhmw4dngtchj59c9z6;bc1qnla04x0p7jvnuw84k8f02uvygsrju3d9yjlznl,0.00014363,16.17,0.0,0.0
2025-08-29,adb268e3628f43a90cec5c9fa0892efb99e06df903d4f5448f47d820fb06a8cf,in,bc1q57xzc0d27knl3h29vqgk4p9we2addnvk3plc8s;bc1qz6xtdaqcsn4p5xdr70pxf9lz6f0kdgdhrs4efr,9.828e-05,11.06,0.0,0.0
2025-08-29,aee149e25aa2e7f63cd0f83eb86e2a23ed38d2a3633431fab9a9dbb4cbb79ce0,in,bc1quhruqrghgcca950rvhtrg7cpd7u8k6svpzgzmrjy8xyukacl5lkq0r8l2d,0.00054147,60.95,0.0,0.0
2025-08-29,bca5f81ac40c8050cf8d6c1adefc987f1b190a10ac5cb964b968ec741d04d8a8,in,bc1pp6xlep8g44r7702f4sy7e6m6a52p74j4xl43lmx7v8zeunp05h9sqtphll,4.618e-05,5.2,0.0,0.0
2025-08-29,be3509c3c7a9bfc799a18e59590f4dc519375b5f7a97358aec84c0abc42f740d,in,bc1q8hf9sxxgz44ndpxs5cd24jnu08y3p63sh4e6hw,0.00012614,14.2,0.0,0.0
2025-08-29,be4330d0dea0fed4778e328c3f3bd8886d3f4be092b66425c40301927f9afdf2,in,bc1qynpemact56vtr0avugsvcf5r02rvtqx5c03kw6,0.00082494,92.86,0.0,0.0
2025-08-29,be66927bbdc2f7133f4c5daa75d9a5a07a5c5ffee53588093d3e9108f4f3bb25,in,bc1q37cnz5mzcuhkaj4tzt700730j43kp4eef33hrd,0.00011063,12.45,0.0,0.0
2025-08-29,d3e66d966e86dcd44adfc8171b94387337a21cc666d22aa66389ddb122a9778f,in,bc1qsezqh78r75lm0fwp0s7vr532plgjutk58l0zka,6.825e-05,7.68,0.0,0.0
2025-08-29,d51919a152986c033946ef062f166d050e8a9fa8b2e425285341fa312a822c31,in,bc1p2tps5z27hqyy8nepnztjefvtwg6vjv6n8el4h4qn3752wfjlsz9q6ee4zz,0.00016622,18.71,0.0,0.0
2025-08-29,d55244ad147eb6a57247cefe5903e27a80fb487153334dbe18f7e1baea79acca,in,bc1qg3rka482u8d6q5hp7c7ljrxyh4nflezn7gkz2e,0.00090299,101.65,0.0,0.0
2025-08-29,ddd19b2624548c790c03d8aa3d8fe893d3cc571526f282316c671f3118e258f4,in,bc1q7ymf85pgcnjy8pjd4veejdxsja4cqgcjl0e72d;bc1qw74s7860tux96a96p6e5jkdsy9j6qwstmla8tl;bc1qzk9hq9xfqdt4ka3mhy573k8femavnzljtecc7u,0.00034024,38.3,0.0,0.0
2025-08-29,de6c7b43f7c68ec054d89804f1617d93b7e66c85ed401b03ea3af2ab0ba388e5,in,bc1pp6xlep8g44r7702f4sy7e6m6a52p74j4xl43lmx7v8zeunp05h9sqtphll,0.00024903,28.03,0.0,0.0
2025-08-29,e93c37d882d4d41314c1bde0adc149b1d4a5aa67690d2436ee141065560336d1,in,bc1qtq54wuy2cxtu9srm5l6csmq2fjywmu3l6p6f7wcp79x0z3tc2qjssu4nll,0.00031496,35.45,0.0,0.0
2025-08-29,eecce630b983d6bad7760c09ffa25859b74bef629251264ca888dc831ac09bb0,in,bc1qnsead6uhn4sp2gq02r07llsvraeq6rctxhus3n,0.00052814,59.45,0.0,0.0
2025-08-29,ef26d6fb38d00a9b82aade288b7eaf3ca866a3dc7387a42e2a0698351f1ed7bf,in,bc1p2s064u75tdrwq06wcllf2qh6avggzx5gqh6kzzu4v7zcgzl6n5lqrlytdy,0.00058943,66.35,0.0,0.0
2025-08-29,fb5d8a4294e691297371490da671af130019acb6b4c0d7c5a2c6c6189220955e,in,bc1qjs80mev9pyf5lma00w8tg8d7sf7ej07v5gw9td;bc1qsvcm7xp337msm0dq4t3tp2lsf78ta890ndy8e8,0.00014422,16.23,0.0,0.0
2025-08-29,fd845d25827331370962995c5b1c17b5b792b63d52e8e4fe0c17f940ee82bba2,in,15ftWRetWYwPsUaH52fEFJMmsjgoxU2GCb;17bA3zhkPuanEUfXXtsjcguoXRTKB4R2jc,7.362e-05,8.29,0.0,0.0
2025-08-30,00807364ed2bfcb494f1c6a94832b80e039c2c7bf4ede1a3bd6eb9ff6c47fa5d,in,bc1pp6xlep8g44r7702f4sy7e6m6a52p74j4xl43lmx7v8zeunp05h9sqtphll,9.24e-06,1.0,0.0,0.0
2025-08-30,0369c5439c52d229437ffe0260440a402c0bc0d632c4f9c3d776391d8eb0f9ae,in,bc1pp6xlep8g44r7702f4sy7e6m6a52p74j4xl43lmx7v8zeunp05h9sqtphll,0.00015701,17.02,0.0,0.0
2025-08-30,05bab256c63b214df1f341e8a084882cfd846da6dd97da0c168494d1ca0bc031,in,bc1qp9l7tfwgtpxq9jywznwua5lwfdf3xs7u89p4n3;bc1qzxx8tv5xpk8gkek9fclfkqda6wmweeedckaz26,9.854e-05,10.68,0.0,0.0
2025-08-30,0d0329902a4c7af35735ec3cac9cce48c1ddba325db77a5bd31f2ae70cb9ada9,in,bc1q0wu0tqp2u3rtunjl0h0rsl9pvf86acy6sep63st0lp7lgg67ykzqeq89pn,0.00049962,54.15,0.0,0.0
2025-08-30,12cc0fdaeca9b29a98f8d4b9f1dcfd3fe790dbe60a3488ccc86faa451904e82a,in,bc1qcq6fkv8vqwn7j3cguwxa7h9up6j8qffpvhv3yt;bc1qvttu2c498a48r6fykxv6445vte7fejel39p9y6,0.00032245,34.95,0.0,0.0
2025-08-30,195bee7e80358d880fe800bedf41a11eec942dcd8d0b657477a6614be8e27c1a,in,bc1qa9skcp9u3anhhpp6te32f0s0gp46kag8hw4wee,0.00041396,44.86,0.0,0.0
2025-08-30,24f2f61486b61bd162b9c3c35433aa209f581b0b8b6ac6892960e69a2b8d70a0,in,bc1qyhglvkqw0ee7cjsskjcjmx6cjxpkc4ft6fesrkmx0wzndgry2asqg0e0tw;bc1qzzqps66n0g0a6jjslpghrgm9gefnrulwdngekp2mpgxvnqj6v03scvhaaa,0.00095271,103.25,0.0,0.0
2025-08-30,2e63e58eb4d3db631a54cf41e65c92157d3e59713e6b0fcf7e02705d68e675e2,in,bc1qdrm5r4098xu6x8ept3etucfy3q3wz8eejyhuh6,5.812e-05,6.3,0.0,0.0
2025-08-30,3c095c85e27721ed1767dbf8b76ac2479e8ae082a11cff8b29c03c19b29ce88b,in,bc1qmzgex2fhvv2gkuepyy5gjuuegtczyw0x0kqv27;bc1qzqqp2ve9zafns04xy4prcnlnw893pzrvwgkaqr,0.00027886,30.22,0.0,0.0
2025-08-30,3c0f8d3bc0f1ce51733118c6df73db00e1e08baf53ab923d159b40b6d910aadb,in,35GPegzmquXMqMVeL7tyDJGfvA3fWzPEX3,0.00024935,27.02,0.0,0.0
2025-08-30,3ec806a0d67f928af085fe558b1ee3ddbdd689d68713a5aa71766893bb88e031,in,3GHAbHgurX72yd9SVT9d1tZFu4Rqs3X1QR,0.00010185,11.04,0.0,0.0
2025-08-30,465d8d5494dee9c078f3c67346c7c90dd1d46cc0d705b86c0992567070830404,in,3L1p2tUHPwrRN3qgf4Hm1R73e29hFshbnp,0.00147231,159.57,0.0,0.0
2025-08-30,474608ff526e28812d5c648de19496e17557bdfc34e5057b7a63531584cb0dc1,in,bc1qdtx4ag9r8jk9q4hfrqrgxw60cfua0ln3u4mwnx;bc1qwctky4l8ztptc99pyl0vyn7dwf4fan48349yq8,5.525e-05,5.99,0.0,0.0
2025-08-30,55351fea7d262ffe5dc3327b2c02b614e28b2840cae69a8e520c919b4d8de6dd,in,bc1qpmwj4qj3nkhffpsqrgnlh8ls58x6fnqg9vqdz3,0.0005161,55.93,0.0,0.0
2025-08-30,642c1ac1b772b29e4d033aef3959f7d5d524bca0617d9d4d53c6d9abbc1d07da,in,bc1qsp2dfc4pjtwkuxanj0cyjtcwx36c32fj53qkqt;bc1qyy77a3fz735rza2tqy5fca2fzgrm3pt827nezm,0.00016384,17.76,0.0,0.0
2025-08-30,668dfeec5f3df4c026b124dc2175e2b31cb6fe0c6ee344926e2850b69df56ba4,in,bc1qeqyrjpmlsdg7dzg0k3039e8qg2hnztwgg5598s;bc1qjj7ln6qtge8lg56h2qzf8n5dkcs8jhpg9dnhms,5.76e-05,6.24,0.0,0.0
2025-08-30,6d78a0075cf37328b7c8df42f6668439192ee739e8a9565d64392d8088aaa539,in,bc1qp84gradp4guudvqeceq356rmdz9ms09dwvqdtu,0.00022035,23.88,0.0,0.0
2025-08-30,7a76f77fddbd0e059fb8a2894d021d43eb9e55e7af2222a58151712188ffb850,in,17VDoJ11npQf1qbepEotr3KE2e1rjGgyQi,0.00011974,12.98,0.0,0.0
2025-08-30,7f59ba9e41f39146941a0e300930ac354c0ba9c2f775f45801d7ca53dd54ec83,in,bc1qd2unuchv7ct00k7c5ews0xve5fw65m3gynhjur;bc1qjwy5pzl4la57q974rjzx7rnxnmlkw7m0xl592f,0.00019064,20.66,0.0,0.0
2025-08-30,7f7d90b60dee5bada0a719f5e8c68c4e551d6e87090db803bc75dd6de8e5d30e,in,3QVyNk1rK5DQBcwcosmqgzbBxisCAhuPwY;bc1qsfj302aj95qsgu0tqnqxhrwj9myaka0nvun3cnau3actxctu2edssh5lva;bc1quhruqrghgcca950rvhtrg7cpd7u8k6svpzgzmrjy8xyukacl5lkq0r8l2d,0.00090634,98.23,0.0,0.0
2025-08-30,86136d793f5bc5a8ac551b2e8b163a2c6a02a9966212612e5213f94529d36d0c,in,bc1qpma3jc5le74qcxcfv4v364gz5g20xj9d6l3tfje0vt6amn8mfqkqv7cj3w,0.000266,28.83,0.0,0.0
2025-08-30,89542b5d02658b089c422e978da77c1e48b271132f7aa1572d3844956b1c529a,in,bc1qj7nr04a6qk4rs257luhuc5zyzqkumswdd9fhza,9.872e-05,10.7,0.0,0.0
2025-08-30,8de24a02d0d31e692f742b054ba6b60ea88e98dae68eb9e2d5285df4b4a3d104,in,bc1q5rd80cqsdmfp28jvvzzkgxqfjflh33qxecmdu0;bc1qm83clmlp9ry28mdvqjvgm47dc7u84cw00lsvvw,0.00018497,20.05,0.0,0.0
2025-08-30,907044c42dc61ae560ddcb77a45767f5fff8f654f4d55e64812685d275b47a57,in,bc1q4ywcvuz3rfw63vh3nf02n2mgg4dqy804lkqqqr,0.00061992,67.19,0.0,0.0
2025-08-30,90b87b88e85d89243123b0dc13be637420193edc22049397d79253af590918c4,in,bc1q2pljcu52mg5l2j4ml3sdlc4aqk5agrh3yh2py6,0.00018165,19.69,0.0,0.0
2025-08-30,951116b6498076ebd77d07392e80e4fad5707f43c450fbf42ffd9c45db835340,in,bc1q5aqnz87jdkgg9xgc4aqzlqjru8xrpt4xafjy3p;bc1qdaep3spmrm9kzt58fyfh5pxaarpsaksckac6vl,9.831e-05,10.65,0.0,0.0
2025-08-30,ac73100d22710ed58f4bd62264cec96a13ab6662f5c705a99927f9ed641f5273,in,bc1qjz7fhucgn2x3jt3l2u725s423xw2mdz3gy6j07,0.000239,25.9,0.0,0.0
2025-08-30,c121b476f1aa622018631bd63ab16c86fcb3c3a7eaa1f83a521eff1615b1af81,in,bc1q0xqvmk68kmaqt9xtvzw0hxuclfdzmqmzxxdn2tup52fvn07jw2vq8yu00x,0.00025188,27.3,0.0,0.0
2025-08-30,c668d3c98163667f954d79ac671df618a87619313d70957f96c221d5f4f9b892,in,bc1qg6ja8f2pjfteqn58zk7chxw0qw5awzs2r4fgf6,0.00011664,12.64,0.0,0.0
2025-08-30,d35677ced37bedf771de3c4e98651d22237c56e192ae415fdd4b7818adaf67eb,in,bc1qd749cddhexf2q57v64p28c3a3pucqjys372jfg,0.00012578,13.63,0.0,0.0
2025-08-30,d795fd81b32dbda72ef50ef27cc9fcea4423ea3f385f9d5e868a4ff50c1f34a3,in,bc1qm0c98l6tkudlshfktzmq3r3yvg3q2pelwuvffh,0.00014427,15.64,0.0,0.0
2025-08-30,d9ad61bbaf6f7a647774341d00ca5a1ff72cecb02ecbc391ac807799f83488a7,in,bc1qtt4rwf95q4xtrkaaf8tw3hmgsf5gzklu5qk2yy;bc1qwwhvsrs3pq5js7r5yegp0sckpwvtjjd9d7zfzq,0.00041317,44.78,0.0,0.0
2025-08-30,dca9f75fb5a5873a48859f82752dee3532984cfa79ec343dce52bbc4e16b6a44,in,bc1q9qz8gs7xeznpt27msnl28vtmmra2wqrwz7pw2k,0.00076449,82.85,0.0,0.0
2025-08-30,dccb267e8122b5224402f0a62699e1d53cc637d5f4074653c6edb2380c6ed209,in,bc1qjsjzcylv7vsfhjwkpzdaa7yc0tg88f6hh2fl6p,0.00027685,30.0,0.0,0.0
2025-08-30,f5e4ecb8c147effc015798aec8332532ee4c4d6521dfecfac37b90fbc37c928e,in,bc1qmgpde0xfe59yz02uy90dstp8pstc8juu70gk6p,1.843e-05,2.0,0.0,0.0
2025-08-31,0b5c05fe54d33274ec8189c9c3904176a60a8d5bf42a138fc7a6fa95885243a0,in,bc1qm34lsc65zpw79lxes69zkqmk6ee3ewf0j77s3h,0.00043618,47.46,0.0,0.0
2025-08-31,0e785f729188a8a738c66bce0c0235dc4e00bc8795f7ca2f57daddb5dfd55abe,in,bc1qawzpxpmmknzmxecs2hma520q72x5fdevs6x4dk,2.761e-05,3.0,0.0,0.0
2025-08-31,10c207356ef5f6d45b6fe97e8e46ea761ce1e61ddf31ff12c6bd12f4c016da39,in,bc1qeefre5yk6g0ja3fh985h0yfm49anr4qrz538uj;bc1qp5asyv6355xw6tp6fw3s4aphuqwul393rceu6n,0.00018338,19.95,0.0,0.0
2025-08-31,273d32ca34d54cf2ce78fdabfd43dfe68ec2e1bea6d9e55e543ba602140cff3d,in,17VDoJ11npQf1qbepEotr3KE2e1rjGgyQi,0.00012861,13.99,0.0,0.0
2025-08-31,283f7bc6db549c30d7c736cc3a9c17453d86e5af1c963e1f3a54bf15b4efc424,in,1Ldq8WJ6ktUF3T6RNUYUf51KcL994Gbc5y,0.00011884,12.93,0.0,0.0
2025-08-31,2d3be5b25bc5aa1d9fec8c660513f3eb1f568080d6ff534271f808a772bcfa20,in,bc1qjsjzcylv7vsfhjwkpzdaa7yc0tg88f6hh2fl6p,0.00020191,21.97,0.0,0.0
2025-08-31,3620546b369060ef4a55597f01c121e5f3aa121ca4c96a541a5d1c91d8ef7be2,in,bc1qulu8gv64k8fn69wsz9a2umpkk4snc6dvmfgwl0,6.339e-05,6.9,0.0,0.0
2025-08-31,3912cc4853516280579dac46426b5628b5bb90caa8c69aece1590b83c2ad893b,in,bc1qm34lsc65zpw79lxes69zkqmk6ee3ewf0j77s3h,0.00114393,124.48,0.0,0.0
2025-08-31,46c4f147f274dce8ce4248973b57563e16832b4ac4974fedc94f293e29a08b92,in,bc1qm34lsc65zpw79lxes69zkqmk6ee3ewf0j77s3h,0.00022562,24.55,0.0,0.0
2025-08-31,60ac8bfcc956686fc58747b1b8e82dffbb86856c46dcaf116cd8d4a5bb220bf8,in,bc1qrqyes2rveq3ffp6d5cun3j3ns4jmx0rkrm3gv7,0.00023089,25.12,0.0,0.0
2025-08-31,63190a2e43fbd40b469e0f4f804e6bd16de4232522a59e603020e1b9fefad355,in,bc1q7t0nt3v040hej8hp5m3z6wy03xeaewn0e4v68w;bc1q8hnpldhltapqpk2dpfrc6mlwpnx9uuhk2qkwmp,0.00020648,22.47,0.0,0.0
2025-08-31,76970c643d86306f2087944ef4bc7dd9cc32688909a2693ac5f67352654a2d4d,in,bc1qawzpxpmmknzmxecs2hma520q72x5fdevs6x4dk,2.386e-05,2.6,0.0,0.0
2025-08-31,87b72e6ce283037128b1184b0705ee04d3deb4dc2cc95bdecd7647fe15c673fc,in,bc1pshp5kg3nm0tl9jm6uakq9rm3zh0fmkcar2ydj69tumkk5gxpclls9qn29d;bc1q5ns5yqa7s3l2vmwlmxavcv4udpj8y9dn2tea2cf7m9fa74f9k4tqdy63t6,0.00020953,22.8,0.0,0.0
2025-08-31,8fc027f6a60c0bde04334c0f650be9e683abbf7f35274d27e05bd24deaebf4f6,in,bc1qz4cfuzgfvz0k0efl75jtxwata4djygq0hcsfg3ethykv2v9uctksue8sce,0.00017534,19.08,0.0,0.0
2025-08-31,91b2cd10914e5bdfe8e872e0078b83b7e132985c657aa4de7a432a5ff99b0d1e,in,bc1q4vwj0057fhses072s8e5pcy2j6wv8qawte2k04;bc1q6thydct7pr4ugy3my6d8lynhz6ff6gvxfdpts6,0.00012953,14.09,0.0,0.0
2025-08-31,9813348850c4d8ad4c258a39ddcfb120eb56fba68ec8dcf49b04ff406dbf920f,in,bc1qm34lsc65zpw79lxes69zkqmk6ee3ewf0j77s3h,0.00051078,55.58,0.0,0.0
2025-08-31,a2a4a8bfcb0f9a7309719916e7c28436864b5dbdc5dd9572aed768ed33d4511a,in,bc1q20jemtjpz8l3z322zdq9qcedn8mm2nndgx2ujc,0.00064219,69.88,0.0,0.0
2025-08-31,af00325a32531697447d4e83a7b8bb4f887481dd1d09307583c0fae554097e2e,in,bc1qkul4h44a2dnzrv7grud0qks0ftyvlnl2r35slk,8.904e-05,9.69,0.0,0.0
2025-08-31,b4a41b18bb4269bfd44a7e9d5e72ca533df1b990ff4be98049e093a0193e3c3f,in,bc1qeq9w3ks0rxvhcmq6ertauxygssc2sjg9nuu5l6,6.007e-05,6.54,0.0,0.0
2025-08-31,b6e933ba43dd8dd715449ffbc24360380ec536ee177c2aa30d8f1f0148e3c164,in,bc1qm34lsc65zpw79lxes69zkqmk6ee3ewf0j77s3h,0.00031613,34.4,0.0,0.0
2025-08-31,ca374ccc7f7e2da44a1aea63845f90b86b5fd209b11d61ff41961defc6afe019,in,31iaYsA2QjycQnN781oyvfCrCbt4RidKEm,0.00019051,20.73,0.0,0.0
2025-08-31,cb089acc9bf64b5cb878890ffa0d33e68b47ebfc0f826cac9c635d4d659dc5bf,in,bc1qp2cxl6wtj0gj03vy659sta6aptxtlmqds48spl,0.00018945,20.62,0.0,0.0
2025-08-31,dd65a220b86e90c14a621aebcbcaf62b0053efd960cf9229f50e3e264e598344,in,bc1qm34lsc65zpw79lxes69zkqmk6ee3ewf0j77s3h,0.00022134,24.09,0.0,0.0
2025-08-31,e206dc7ddd81313238b2bfafe69eefc5a0328321227d07ec0940ca21166c9526,in,bc1qnhtjhq4kmggwap44uf3ucjmmgfu756nq9zwju8,0.00011513,12.53,0.0,0.0
2025-08-31,e618640d6363e2c8fd8ffaba4fa6a3ad2df0904da4692872d33fb6dee8fd1b7b,in,bc1q7h5g5u887u5egq0yqwlyl2xmklc3yzjwd37gy6,5.501e-05,5.99,0.0,0.0
2025-08-31,ec09b56def89f9de8c4b5dd0ca75f7cb4a26743f95f37f50139030283a128db0,in,bc1qj3fclvnxt2c3247x3vyd3zy8vcve6xtvv4n8gn,0.00024693,26.87,0.0,0.0
2025-08-31,ef4cf7b0b18617c8722b53b29ccb7fc783d1c94e39e7c070def4faa14bdd7995,in,bc1qmyertfmr3tnjfgmkazjuaxknequ7n7atz0ymks;bc1qvq5fngt5d45gn646xezha7hn9ekxn859appdyc,0.00014401,15.67,0.0,0.0
2025-08-31,f1483c130a0e8cb143be7ccfbf9b781e41a18355825b704be1e531ce653d7937,in,bc1q0s6rca52mjumq8fjuz4j6ka5h9jhq57esyd40r,0.00055133,59.99,0.0,0.0
2025-08-31,f3982b34ecee113ddb5e764523997c456d3bc82f5bdf10cfbecc86db1283b164,in,bc1qamgjuxaywqls56h7rg7afga3m6rgqwfkew688k,0.00012,13.06,0.0,0.0
2025-08-31,fa518944f52dd65cec1ac1c2395cdef33d019afefe6e604c87fa8c7a9dcb5ca7,in,bc1qlw4fcxrq0fhrewn3h58vmdzzrxq3qaqlvafqn5,0.00026602,28.95,0.0,0.0
2025-09-01,135b3f8c5a35f6f1803cb68c86b82ce553b524a5a2d100e6a2aa30843014f0b7,in,bc1qsthqquvkt54vyurza7zmk2p7nltcnaprdg3uty;bc1qyqt58hlcg36kjctw8ups0tuuxl9x2guhhnzs64,0.00040215,43.53,0.0,0.0
2025-09-01,1b36570ec49d0eedd8594873ee12c3199c22c80f7f82a9359ba82baf4b9a04e0,in,bc1qm34lsc65zpw79lxes69zkqmk6ee3ewf0j77s3h,0.00110565,119.68,0.0,0.0
2025-09-01,1bff7103d316d69a72431fe250964adbb74e46a02655c376664230741ea542b8,in,bc1qr35hws365juz5rtlsjtvmulu97957kqvr3zpw3,0.00128489,139.08,0.0,0.0
2025-09-01,22f8ebcdabaa2a438f0c0b145df3ad65d535133c30103012c0ff7f376a0959d7,in,bc1q40nh0nfalw7yadf6pdr0pf2keauqlexvz9zh2k,0.00033731,36.51,0.0,0.0
2025-09-01,2fb84b9450436a5648ad80ca7981494262a36b5a90e5469880b3337534ae7c3c,in,327PEMq581o6dG5axTuMSeS2CWfpVkoimw;32pAH3bzFPJ8ZkvBXDdsYmpak48H7JqtRp;355YoQTvjnv6td2qUrNmaGgWFSHa4WDbaH;38DFfW4vqQRgARwMN8jxExJK5gRXsZgFLN;3AruWMrXdfJF9jvgywyhq75gFyLn4y9A8N;3EWHMMZf9TJN9e6uY781u57sHFkjtwKRzH;3FtiWzQDJXAax34NFFbR2M2Dd4dQz8unsw;3G6R8RjEqNW319bgp2SDmu95DCdVeGeNVU;3HYQRWG99bhNPi3B2PLdp9wHNx1A1e6N1H;3LDbNzGwRraSgetXgnrUuBtshsffqddsAU;3N21Qa4i47hD9c6VjeP43mSeVKfU5j7x6n;3NF2wbqnv2Z7ezVVvpAJynF1g3AdCG2TbY;3PRMnLGyJ8oAzjvidjobvQYiNnGVBxJyto;bc1qqnzdqfqd2wc408zusuyf887wsat2dv8gchf290qzh,0.00024596,26.62,0.0,0.0
2025-09-01,36f89752eef6d911666a77bcec1f4f6b8977be1528666fef53901b6e004ee37d,in,bc1q4mm892ujpjeqlxwjrez75tjret9khkjxmg0t5a,0.00027533,29.8,0.0,0.0
2025-09-01,38e4d2378fbe38b2a1e1dbcfe453818ae348930ab5cef3d94548967a134a97ff,in,bc1qd78usuhy2l2tj5vwkprumz6ynykpunn4zse277;bc1qtprq7mtrjxxfx04glevdzfu5stf3604e00a8mg,0.00046696,50.55,0.0,0.0
2025-09-01,43e6dd5b5e6713b186c75bd82db5e13240dfb67666aa0e937efb6e290bceb3e8,in,bc1q5mlk79u8aw3p7uwk3w42pghpppnhlnfda85hwp,0.00038995,42.21,0.0,0.0
2025-09-01,4848748ce6633943eee820dc440bab324842816b9dfc37ec7fc7cdd4879698af,in,bc1qevy8qfqeeq3v37d9d4nlgqpnguqf034y2tc6q9;bc1qxwjr2gdgc22le4ncjrcr33n9g5lcm59597q4wv,0.00085161,92.18,0.0,0.0
2025-09-01,4a0609e56bf7063494297dc087f0b886c5d177fd45c5f30f261d55f849529584,in,bc1qjsjzcylv7vsfhjwkpzdaa7yc0tg88f6hh2fl6p,0.00045817,49.6,0.0,0.0
2025-09-01,4aa54ede77c3b97bcae9a284d5505c5386ba339b0384d755fe243cd1d4ea10c0,in,bc1qamgjuxaywqls56h7rg7afga3m6rgqwfkew688k,9.208e-05,9.97,0.0,0.0
2025-09-01,4dfcd0c1935dfe65ce303b302414a4eee4cd484bbbdda3cc8a9d1f34720c419c,in,bc1qj9l6rdrc439vn6wef3ugxhfwk6lfnjc5zlxvay,9.312e-05,10.08,0.0,0.0
2025-09-01,58eb3c92073c8b8732018d40ed0884ef62ba0b7480311a83a738abeb417719e6,in,bc1q2pezhjw8q68f2jazs3pfxurwlxv7pzlhezqyz7,0.0001716,18.58,0.0,0.0
2025-09-01,5d80c8686ef34c541dcc026d46b2a394ef3727b5cde4402fa5bbe74e2994b579,in,bc1qm34lsc65zpw79lxes69zkqmk6ee3ewf0j77s3h,0.00023048,24.95,0.0,0.0
2025-09-01,5f76919f3343382679a6e3ca385c686cb61acce1e725961f38cf0a3914eece69,in,1LwdiJP4DzdZLG6Vt1X6eSZPRfB9Cabgie,0.00119222,129.05,0.0,0.0
2025-09-01,6d9c3fdff194da5a7d4c8e6e36f1bebdfd52a535fb729da6fba16bd0eca5de4f,in,bc1qmgpde0xfe59yz02uy90dstp8pstc8juu70gk6p,4.585e-05,4.96,0.0,0.0
2025-09-01,6f63c90476b238ca35e9e5658e26a1f0adfbf5d8aba041775c012b4e5e38abcd,in,bc1qr35hws365juz5rtlsjtvmulu97957kqvr3zpw3,0.00321891,348.44,0.0,0.0
2025-09-01,7115b5127fff4afd6b7ab992cecda5cd513d63693db2f77cefff39cfd0bf56fe,in,bc1qvdnjzfs4s5h8m4tqt2p7ru84rsdd59k0ppus3q,0.00026,28.14,0.0,0.0
2025-09-01,786b524d8f335ab10fc9202c80595b44559d9de2e52dfa09fdfeb3da04afba6b,in,bc1q28ngkmm09eylsvvxgvx6kysu9t7ascg37j3y23,0.00015527,16.81,0.0,0.0
2025-09-01,7e400a1ef3b14349056c931d36f0ceed7e09a12f6dd21f351cbe5b4a46b95350,in,35PU4G7tNeVsPTodE95wQSrJCCmxWugXrg;3EKxCpYtgKxSzELS9GKKnEmjoy7v5DszsT;3FGBRkXLf6Y8SXxeJYNQDshan8tkfAuq3Q;3FLcTFtDAawtfYJ5H1iJhvqEE349rsUzMk;3HAuAjMWAXyQeNtwqXdVrSLmDajeZBkoYf;3LJrevYQKPu2ap29tZGAQmGVU4sedwrafX;bc1qgdsqkthlayuq5v74sp0px9f2fn6v3qvekgfj8fdfmnzals0py3fqp7kgqy;bc1qk0ugtuya0w0q9s9gw8t7qxn5r2f9frml4tyty7xtj22lll2kz9fq6wfprp;bc1quhruqrghgcca950rvhtrg7cpd7u8k6svpzgzmrjy8xyukacl5lkq0r8l2d;bc1qvp8dawrunrcswzjtx5zns9jehqkqghwn545ye49hzjurzlhsxmxq8ypqa0,0.00029295,31.71,0.0,0.0
2025-09-01,82b240c4e501342204de74666a65491bd53fe3726b51c9345a5202cd7b806709,in,bc1qgz2rl945q6wm2vqvhydgwe0h0psu7wzrgw0xz7;bc1qmj4r7rn8xqq9950yjhf42r4fumlraglp6lw696,0.000366,39.62,0.0,0.0
2025-09-01,8966ce29fe368abcc54420d07603075c08ce3702aec01f88420f645c63ec5de6,in,31iaYsA2QjycQnN781oyvfCrCbt4RidKEm,0.00014211,15.38,0.0,0.0
2025-09-01,8c9bcc3e2cdca91032275acb42c63fa1613b681492ec23ced4052eba6725190a,in,bc1qsddr6h8ltnfxj2e3nu3xt54prvddnd3kkhf4g4,7.352e-05,7.96,0.0,0.0
2025-09-01,8e56052d86df93e72f1f7aba9556576c8d88773a9ee6c0f662f71e9458465d8b,in,bc1qyyfcxe5c0qzfq7mtsn0xp9zdx29qdg76qzpdnw,0.00027793,30.08,0.0,0.0
2025-09-01,8f888959b543d0140045bef4fdf80df1d015171ed11a28cfa3cb0e5492e6a814,in,bc1qgp2k7pedwqe2g0a3v53mwkeccmlhh9gf9hnw8c;bc1qr8ynjgfpefnfske3zz95mn9crklptszgggwyz2,0.00018323,19.83,0.0,0.0
2025-09-01,913bb3944b908effb65255a00275a29c896271ea22e3bb65c606c784eb79efac,in,bc1qxmk7jymda8kp76dzn3gww8jw02k8as69pctvsh,0.00014601,15.81,0.0,0.0
2025-09-01,933d94522f10edfa2301ed8dd4db6b62db937614c7fb6706feb30a7b975fb9ea,in,bc1q8p79dhk8ppgv0en47f2039xh3czxpcms9c0cw2,0.00018725,20.27,0.0,0.0
2025-09-01,95f6198f3a118214d56bf484a6c8d85f2e6b128c3e5c8f49f3e09ebef3f5425e,in,bc1qg6ed9wuj2njppn8nd6zd3agsacahsng5krgwar,0.00030294,32.79,0.0,0.0
2025-09-01,9617edc8d34651121c67bb8e0d8472d012d760b5cce013a33f0ad8afe27bc1fe,in,bc1qjz7fhucgn2x3jt3l2u725s423xw2mdz3gy6j07,0.00022779,24.66,0.0,0.0
2025-09-01,97fae5881f830abae8d0161079b45de40620558f3dac467a2b89d161300f5b23,in,bc1q0s6rca52mjumq8fjuz4j6ka5h9jhq57esyd40r,4.595e-05,4.97,0.0,0.0
2025-09-01,9a0f842c256c458508c7681bf4a59afca8aca1a355193c4c4e5cacbbafda8411,in,bc1q0s9smd5whjx4apwr5lj4x2slpjp2ylwycad6x3;bc1qkwf4mh46xl6frzvvd0zgkrcyczkqxdych8t74r,0.00121096,131.08,0.0,0.0
2025-09-01,9a172af429fb6611fde5ccb34922140af5df269a10df240f5ef35fab9ec44941,in,bc1qdpq7hyj8cezwykv0zyav0rakkce97juee0t7c3;bc1qv9z44dg3k0vryqy56lx3fwrrzly43up6mvx793,0.00018342,19.85,0.0,0.0
2025-09-01,9ff2870a415e7a0cfef60bf42fe6d3692a960aedfbabe1274ce4323f82e6a2de,in,bc1qdjs63xyv6dy277jcdw0j8dz869wq9fz5jnhej6xy6mslgf69ytes4enmx7,0.00018358,19.87,0.0,0.0
2025-09-01,a38c0a4844b7d1d6e9ba902e6c5c9482c37a75a6a979b01de9c9ffc9138e030d,in,bc1qsddr6h8ltnfxj2e3nu3xt54prvddnd3kkhf4g4,6.415e-05,6.94,0.0,0.0
2025-09-01,a5b6a15032269fdc45fd62976d3a4970f7497816cedc23130c91088531ef0d2b,in,bc1qq6le0z8cc40x75vqlhze25vw4d2mhl9thhlmh9,0.00145205,157.18,0.0,0.0
2025-09-01,aa42514ef14b080f6f8451238dcc0c8997a91dea2a68e73adab93be972f643b9,in,bc1q9lc8aaa2p3vm47ud8hzrutu7m8znlv6jeqq3ew,0.00027375,29.63,0.0,0.0
2025-09-01,ae82634be2f587d2f4d93f319929ea850dca93db757aacb01fb4e459558e309e,in,bc1qpku7cjv7rkhjd2g2ykl2xy0560gcfkqcm6f4wu,0.00028055,30.37,0.0,0.0
2025-09-01,b3a33860f8ce22de7364c5eb5b8f9ac78b5ddc147ead71a04b6bbdd9caff405b,in,bc1qjz7fhucgn2x3jt3l2u725s423xw2mdz3gy6j07,0.00015719,17.02,0.0,0.0
2025-09-01,b6428283ee086c0b6d93df72a29bf44ca416da2dfdcbec12e4181273c7c5e70c,in,bc1q624pr3dfpu4f8vd3q2uwr98faxnr692ucnpchf;bc1qgp3j4y7zehu4p7ska5lz5yskxmcdgemg300d5v,0.00013723,14.85,0.0,0.0
2025-09-01,b7256dfc7837905bfd6a552fbcf35cdb42bd1c7c1e42dbe2bd6d388630f4af73,in,bc1qaqlhmgfatwyfd529yzxy27qkhj9xn9wg7lkesz,0.0013204,142.93,0.0,0.0
2025-09-01,b73559ac505a56b6d710eedbc9a36bb65543f2714769d0686155ac89c517eb1e,in,bc1q8053fxya2a6t30ftsgssa0h9wdgyr9tfmel2dj,0.00013,14.07,0.0,0.0
2025-09-01,b9686cdb8de62fa426843c3d5fc1add1c6fa84ad6162473b6bab71fd099d658b,in,bc1q7vkjxudyrfcyq7djnz9ehdp3ej8y8z8s5j2rt4;bc1q8km7d5xwx9erm2dq9e8mdv0j2f6mxmsreehaqz,0.00015168,16.42,0.0,0.0
2025-09-01,bd7e557217b45bfa5700f3ac269c993f3047ce1f019739659a973c4af5fd7db5,in,12phYXtbUNsGTJwoj4QTe2ACvDDGqC2rD6,0.00043173,46.73,0.0,0.0
2025-09-01,bedea152caca2b8b2d928119f6503c78695f512edc609598082ac20fcee14d2a,in,bc1q2dkdw3l365e785d0uv54eefyguz2yekc2yzdxk;bc1qyhzsxrv7s5we4uhtfmju2830er99sjvh375l08,0.00040107,43.41,0.0,0.0
2025-09-01,c0a295268665a5ebc01339fe35a68ad545748e691d6f6a77abdf415a63a933de,in,1BWqUBYUu5qgsRb9dvjwvNwtWENrYUj6k7,0.00011002,11.91,0.0,0.0
2025-09-01,c395d62366350708ad1a86091352391a555cbadc58d542b7e29b79644ab3cc16,in,bc1qpf4nhsfmlpuet3ryl8t7tamyjchag9523urs8l,0.00020361,22.04,0.0,0.0
2025-09-01,c6fec9d6b89e564a8e0f900e92009d2b5d68b47e437f9e1941742565f04118e1,in,3DD8KnKbJNYkZT6tFhLem6mxGsFKVYBb1B,0.00023104,25.01,0.0,0.0
2025-09-01,c73d62631a5bca518056fe21980933e37aabfd72f46948c6a7b427b611b748db,in,bc1q49vvh9xx8kmff234srns8rztchzt5v0rghn39g,9.553e-05,10.34,0.0,0.0
2025-09-01,ca56b5f2afdf6ac9772024ccd8a2b4f86744e163a1ccb13a73c7325d86ad928a,in,bc1q3dpnl5kh4flclerm0fxlg0a099y299tsvk94zg,0.00066342,71.81,0.0,0.0
2025-09-01,d2f8c3b9f9bfb707ea33e42077367c7714c464b4aa7055deff042f5bcb6b0e76,in,bc1qd7c6zu7rwcuzkvz5zjr66hvwvfux7gc4aa9kf7,0.00049314,53.38,0.0,0.0
2025-09-01,d8d341e400c9cc8cc48946a94b67d466a3c31c3834892e9db18272e0009ac8df,in,bc1q8053fxya2a6t30ftsgssa0h9wdgyr9tfmel2dj,0.00012,12.99,0.0,0.0
2025-09-01,da73c6cf2199fe3a6f5c4cd2611ab58eb6435cba8282601c297f9cff0bcdaee5,in,bc1q9s4p0sf0skpdxt48935zz4ljkg8vwlrx5wgyyt;bc1qe9c0fs2r4hm6rwsky89wk93wsmklry5r2jzhd7,0.00026413,28.59,0.0,0.0
2025-09-01,de05ca6f659616b14813621e0067f3f1966548e01f12f93bd77eef54fe3ceec7,in,bc1qntr4ngfzxk56s6236n3t4rce4k0tcl766nn65c,0.00068883,74.56,0.0,0.0
2025-09-01,e0147045f6c6754300d8c1d9cdfa14e49653aeaa533f94b9de8132b3f0edb0db,in,bc1qsns0a47m3kl30p69rxjvnkaztljgp7vx2ylw5u,2.762e-05,2.99,0.0,0.0
2025-09-01,e7ac3ee3f851911c146874db0d6718a0f3e6b04c33041763938b2dd12078985a,in,bc1phet3d8g3g6gve5cf70x7fknp7qnp8l0kt4qztyhzq5cja2awls3qw92rfx,0.00019835,21.47,0.0,0.0
2025-09-01,eb6ac217e0bcf5b6ca2d13428a774d9a39e2befd8d0002b7abd50378ec97ac76,in,bc1q042hqcxfr3ry90mevrmdjvh6hxdpf4yxr9vved,0.00023007,24.9,0.0,0.0
2025-09-01,f0376df9613819bc5c623bb6c963e68f00a8ee3a4f9db03a2a9f6c4968d4ceab,in,bc1qm3mf7ckuwlt9a8dmj867du67tzjwyl3a3kg0j0;bc1qzhulvys8dsjkzmf3xe3m05gsq30tpznnx62dy4,0.00040141,43.45,0.0,0.0
2025-09-01,f9cfa7a682031d53ba7f3477b659eb20e60906f3e48de6bb42b28da9010dd6d5,in,bc1qrkfw0jwz4dya45c3eq5k3qf3ddju3mdvmele9y,0.00020144,21.81,0.0,0.0
2025-09-01,fa182200cac5eb36573ce0376a01e60ed38b9a51ce08beb9a27d79ccf3ed49bd,in,1MasJjHih8LQczGCrwsxsBafEarzuC7Rbw,0.00030894,33.44,0.0,0.0
2025-09-02,032b23c56eae8d2d00388eb59f70d4112fd31a0280a7ea64f885b1de4b8594d9,in,bc1qwh946ewh9jgljncercudt467x8mktu7nrdw5zl,9.068e-05,9.91,0.0,0.0
2025-09-02,0cbda5ca8bdc693f24f41d66a20bd58278e0e04d544d00d703c7a85eb75b5b5f,in,bc1qwrncvnmt60d3s4aavnpph5q2rthn2w2egeh7lt,7.747e-05,8.46,0.0,0.0
2025-09-02,1ccef266df3975e9d0f5d3c0932c68436fb0309e31481e8f7845fcb029661cb6,in,bc1qky7dlsemk5z5wnhkxlxz90tuknjkk2zwmkzfp0;bc1qld2n7hp3k7ge80s40wrv44n9770djehwp2qakz;bc1qm4xffx3j7grysaw9ejtvmsdx9a2wxu0533t5t6,0.00015678,17.13,0.0,0.0
2025-09-02,1f2a8a911e06d41930a11402688d088c852e28c7ce30804644766e4f6d20ec9e,in,19KaNEtPVbtnFXaso1GUogNCDV1YUcSFjj,0.00020794,22.71,0.0,0.0
2025-09-02,20924c7db5919b1b1405f82460bc7b7d1fac4f9c048c349b06c90390bb748260,in,bc1q69azvn9lx7au8mwejpjhthsgrgtqvgk6gvg8fq,0.00031488,34.4,0.0,0.0
2025-09-02,2414c24286e5e71a7795ee1b0e8a9847bb47490017c236947dacea7301a555cb,in,bc1qeclry0rasee8xclxs4y85ana66kdt7ds5h5sx8;bc1qhkfhgs702744wzulhd9c833v8gannheslg8fmy,6.337e-05,6.92,0.0,0.0
2025-09-02,2fb1d45c26eea66abe41af4645051832095219634f7aee31a6bab6b687b6d3ca,in,bc1qrw6cgrrmh3tzcz2gyw7zm9gqd2alt4zprkl5mu;bc1qss88t4gltqjgsktsldaxx2krlfnsqyy0lz48vc,0.00019545,21.35,0.0,0.0
2025-09-02,341f16a16db56e7edf695a0d67367bbaf60eedc4d3aeb54f45cc42cb1f5e7ff0,in,bc1qyvdda7zghjv8kur34mqh99nacyx5rvn06mtkkf,0.00051016,55.73,0.0,0.0
2025-09-02,35401dcc20362065b2980ad63c75aaa949c0c0aecac412559c3e5e21a7869cb0,in,bc1qm34lsc65zpw79lxes69zkqmk6ee3ewf0j77s3h,0.00016672,18.21,0.0,0.0
2025-09-02,3707fc648df43a06559b459c6923e02c44d96e94c8bf804084c2fe9d773da2f8,in,bc1qe53k6sn3dakwswez325yl8xk6q5kxkyu53q245;bc1qqla893ds6trlqxn3z3zcqamj98rp49w065ksmd,0.00040311,44.03,0.0,0.0
2025-09-02,3b9bd45b218db665b0c8af4e7c4b546fd4cddd7e8da303b7e239785bed86a7ef,in,bc1qfs6c8qzwpyn670xwdngy7ydrkkyguewwhg4pyt60ey90e0plr8ysvev95t,0.00041792,45.65,0.0,0.0
2025-09-02,3cd7b1a5e1b24611e6c75438c10706b8966f2a2be6231883d496df20792ab42d,in,bc1qlhyu8ekg5qg0hkay7e0ha8nggkc99hf7pd5857,0.0003393,37.06,0.0,0.0
2025-09-02,4034b41d8f03e171e63f6dfc2489f6369d2b2f290506e34908f1a13063451983,in,bc1qca7c8n3mkgdqwdcsfawp45xn0k7kp9yer700lq,9.935e-05,10.85,0.0,0.0
2025-09-02,4f0fa08a1a17a4a949d485f70bceec5140f04acab4db3c41554eada0efdfa780,in,bc1q2kkuzxqm6vfya5yvc7jemuyf4u2h2m96u27skp;bc1q8e03p73deapjas0wyfcahtmcnsgzsknhlaauu7,0.00101986,111.41,0.0,0.0
2025-09-02,506547ce67a8b737b3558f77fc8d31034783a73a528cb55623060cfa6e4cd04b,in,bc1q9dmeqr5j9hl7mggtfryxut7whjygl3snc4w53f;bc1quu9n7xysqa9lmetdyx80u02rn0cnt93954htut;bc1qvth9du5wpquxupklc637knmvgvyt99y3d3ucxt;bc1qxqlhs04jycxlmv8lzchec302wvt0zc89yj40wf,9.908e-05,10.82,0.0,0.0
2025-09-02,67d51dab6b71ca006f384f0afa25f9eb434a5fb1ceacbe93e088801b6ebbc383,in,bc1q2pxtyhejlc5e4s3sskefhg2ktvn97kp2luv0zm,0.00025396,27.74,0.0,0.0
2025-09-02,6a9d56d788e363342d97a3668b2f3f21e941b38bea05214b56539dd458a7c8f3,in,bc1qca7c8n3mkgdqwdcsfawp45xn0k7kp9yer700lq,8.988e-05,9.82,0.0,0.0
2025-09-02,6db8b30a4a7b8d000c12baca974183cabc76fcd15e7affa1846c4c8ec6e173af,in,bc1q32wm4cglux32gs6mptsfhymzen32fu9meg6kes;bc1q6ug7keeqyd9js5x0x6r5hyh5tw54fkaqzvjk8p,0.00022055,24.09,0.0,0.0
2025-09-02,727f819c254db9065fca58d709cbc97f1417c8bf483a9eada233a8faf648bda3,in,bc1qpuqzlm6g73q9lankrw5vfgzm3j952z0lv9smup,0.00033013,36.06,0.0,0.0
2025-09-02,82a134b5efff9f5d8cd125722245bedca137896d0f2f3967839d1f4b83af19ca,in,bc1qm34lsc65zpw79lxes69zkqmk6ee3ewf0j77s3h,0.00030876,33.73,0.0,0.0
2025-09-02,88e5948ad680c5c244c3afb68397bd7b1a3958e02a7d982b74a9ab45e5a7a676,in,bc1qcsvkvq9qqsmd5scg0w4ja6ewg9da9xqmregpg6,0.00023649,25.83,0.0,0.0
2025-09-02,8ea6eb22032270a2f8210ef64bf4625c217d37661ea0e5f516884c1e50f0dd2d,in,bc1q7dfqdu4nvewlud5enmzyhh0gm3uxum33tryqs52esmdm6tqaxn6sr75mfu,0.00025899,28.29,0.0,0.0
2025-09-02,9425b6312b8de43cb3b51e8d02781cd2d2d4759b674ff61309b15e95f5f4fc8b,in,bc1q6u3jdqrudxvdyaqejrn24hzesrkg57khctshpt,0.00012657,13.83,0.0,0.0
2025-09-02,9499830324a7cebeebb4dcf1fab617c1743036139210c926f21321e4a5001e02,in,bc1qlyde4dma6758xuz00yvy02ghy097farwc3nfe8,9e-05,9.83,0.0,0.0
2025-09-02,9a18b0f88f19c320885cc3e040f9105f4d76c3591a3a0d228844e8c83250e370,in,bc1qyckmsza5d6jpjdty2fak7wpmezeuuz9f6eava4,0.00020493,22.39,0.0,0.0
2025-09-02,9fbac0545fb1841a3625f50a81f7e5d19db4b900b5d904f4aec6fe6ede00c261,in,bc1q0p03205w556fzcgjzk0h35tl98cf3h63gvcvnu,0.00022456,24.53,0.0,0.0
2025-09-02,a3019719b6b4909d6c3493d175db1c331a1f5ad05a325003c445d615740072ea,in,bc1qjc7ys7xu54zemgz0cfsjw25h28d7u3yrzn7psx,0.00016187,17.68,0.0,0.0
2025-09-02,a402a5e010c308962461ae909f7cee6e81d3970d263f4ed0a7833697da9b19ea,in,bc1q3pctgxwpprwsjq8te260a3xq3yw3kdn6y448e7;bc1qd3jaewyzalma0rf9t9f0den7m3t25gnmku3kym,0.00058468,63.87,0.0,0.0
2025-09-02,a784351ede71549e65663a3ade90055ec2cbd2be1508a32333984ba8e90a4c45,in,1DrQu35aAX8M2n64rTooPWBx9NrTp464As,0.00027513,30.05,0.0,0.0
2025-09-02,b5cf28730cb9bd2373f764e19ec8b01bf1237e5c75ade872353d5f5f7b2e744b,in,bc1qahw98nrku0crh39vxgr6s3qcy85qzr2rpq7ma7,0.00052579,57.44,0.0,0.0
2025-09-02,c0b8cba68ca26a85c8ea31bd9b5fe61ad160bc6b973402287cb82c8bf4b7679f,in,bc1q33mytg3t4ej2kz0vm3yrre3yn6hs90zrjw4elc;bc1qkvm2fw9p50uqvdh25yems5rwaq0pxd90txgykh,0.00018915,20.66,0.0,0.0
2025-09-02,c0d4667812801d6a754466eea38604a406dcd7f31dac458eae8053a931994854,in,16agMw9FdpbBLak9TmgK2EvpqTz1W3C7VH,0.00016434,17.95,0.0,0.0
2025-09-02,c5adeab01778b057c79bf0e2e96c606bec2e3048783d8e97354f0b4b7317c326,in,bc1q82zwsy3twdm7t0z89zrsf9ghxrnd3qf2m05r6g,6.816e-05,7.45,0.0,0.0
2025-09-02,c8097dba4ee946a7821032d3a050047b08d6b025d872dc29e53f1e2f65a6d35f,in,bc1q6lxrrdd06l5l9mey63u8267t5enk5360tck3ut,0.00097996,107.05,0.0,0.0
2025-09-02,cb3c3d2b28d2dfb3709ad25e0b389b7fbf4ae85a40da91d2b65eff8e623de309,in,bc1q3qdg4t7rqvujntw6svdaur4e772yav5ts2u7h2;bc1qahvpqgkjn4y8jn80njnxglnugl5277fcufu9pl;bc1qns036wktheksxxy90cyfjns0fvxvf29h73fkw4,0.00018722,20.45,0.0,0.0
2025-09-02,d1bbbd8974ad134776819ab0a84b46266519b631d24978444caf2e0550ac0c71,in,bc1qs9apw78apmnna9h7vdp3cwuevlr3g9qaszztfe;bc1qu7q2w4qeu55z7ra6h4nt529z89mr2x5jq4pxuw,0.00014007,15.3,0.0,0.0
2025-09-02,dbd39b120b15278934cca5f97b63de5d712b2efc1ffb5f612890e25d91591329,in,bc1qz3z0fc40gxgslve59mwvwzf47g6ejs84tgeuf7,0.00045244,49.42,0.0,0.0
2025-09-02,dfecd5306c1d529af9a4f796884b8f87ab4149cbd8c1541ead0ed3ceedefe7b6,in,bc1q5spulxzkefmjzyq62l4swh0wc2utrprsvpnm23;bc1qnddmxw5mxxkq0xmacatj4zl63chxcc5pds4r0t;bc1qzt7yvdklycmngda0xrj5uh70nypey335xp5gjr,0.00022481,24.56,0.0,0.0
2025-09-02,e2efcee79ad8639fea411b19fc879e40d27b580f6da54524e13512bdab4fdecc,in,bc1qz3z0fc40gxgslve59mwvwzf47g6ejs84tgeuf7,0.00017982,19.64,0.0,0.0
2025-09-02,f8727f752341d8cbda9db2a7fd61884413de22c63d0891d055e2e82d7447278d,in,bc1qa6hwte409enu4p7j3f720u44gzrcrh30t655cs,0.00014236,15.55,0.0,0.0
2025-09-02,ff6ca31d0f7052727a50f7b8245275994becd9e4c9b458fdf965e00f4141d631,in,bc1q4s2ttj5xssj0rff2eprnj6cpnyvprf9sdlssaf;bc1q5x772zv0kfv6z5k9utuqsc5gsvmjc4ms57t660,0.00078664,85.93,0.0,0.0
2025-09-03,016a073cb7a980d17b202025abc97083a2219f1edaf083a75105ae57d5e35b77,in,bc1qpfq4phf8df6wwyttc2w3czxcsg0yg7mc5xzknk,8.661e-05,9.63,0.0,0.0
2025-09-03,03d0152b2720d2fbe9cbf185cc6f3c3285b7f978b995a631c294bfbcdffe418e,in,bc1qmgpde0xfe59yz02uy90dstp8pstc8juu70gk6p,9.18e-05,10.21,0.0,0.0
2025-09-03,08a9b0089ef37eac430f5431b4e745064960727571ba653c6f0bfcb90c7c965e,in,bc1qmrw7dwhydamt779g4np8surfczq69w68kjgh54;bc1qz0j7elz92m7fsh2auetdp82wmlq9q4ux77mtuq,0.0006686,74.38,0.0,0.0
2025-09-03,0b017827587f91044e0981188f4192aa68fb322d49cb320b2f63814be305ecdc,in,bc1qg9jzurn6kty07r0qell44csla92zkmllthe8u3,5.231e-05,5.82,0.0,0.0
2025-09-03,19288dabb4112d98ea3804aaa4bf80f72bc6c92ed3ba56a4813601e4fbfaadcb,in,bc1qjh9952tzs44y2tjmzvglpsvaja4znskh35c65n,0.00030861,34.33,0.0,0.0
2025-09-03,198d5fffdbd4546f443776d21bb9fb9174f9a52e3938ebc88fc19f75d5b6102a,in,1DUErc41msTaydQ8QpLWEhJryk5tTn3r8R,0.00137822,153.31,0.0,0.0
2025-09-03,1d59cec773459b27185f4130d4459ad55d2b31ae3efdc729f3da43394d98482c,in,bc1qgxe78fayxa098zcpd75ufv8grqvgpktqc76ahw;bc1qvq9a7efjp77y4dp9rhl48wtaxkdnzszaqe9fa9,0.00030748,34.2,0.0,0.0
2025-09-03,1e82e744956a1c6fb01a1b6d8cec0b853fc371e30ddfc45e61c602eef6fa01eb,in,bc1q3clg3hmeqtmvqca2tnc9vl8q545cynyln98s77;bc1qw6l82krfy4uhql2d2rpx5ymhadfdxszna9y8qu,0.00019763,21.98,0.0,0.0
2025-09-03,23fcbf85bbea53b449dcb1f6f35f8cf0840208222c72bf7274106b275b8142ac,in,bc1q4lpkqlpy9e4jj9t74e2nq92fa65zk4qfzdn08c,0.00019,21.14,0.0,0.0
2025-09-03,257a540a6bd34e7b0245d7c740a4b75132dcadf035f7648642d4821e4ff101a0,in,bc1qjsjzcylv7vsfhjwkpzdaa7yc0tg88f6hh2fl6p,0.00017871,19.88,0.0,0.0
2025-09-03,25f8f8ca684ebc4fea9661208790b72a6771c477964023f09de5e47c05df9938,in,175dkX96qYxboATR3LbHWjvTRepZigg8kt,0.00031253,34.77,0.0,0.0
2025-09-03,308c1f5faac6efe5de1d0bdd4c05d76883a714ad833dfbb32f14ecfad2a3320e,in,bc1q6374u3s4evkx4dhqtangh2mtgu02tm6wr008p4,0.00082026,91.25,0.0,0.0
2025-09-03,341a8ac8e7437e5701f52e71205e64aca13aba3810ab6de6a18336f7ddcd94ae,in,39GbmTGjqMRmcuiuBDajiB8eWAnEvLDdsq,0.00074539,82.92,0.0,0.0
2025-09-03,38c169a226ed8cc9e748080df0c943177274c20f8dc35fafcf40c3e20e8dfcd6,in,bc1qcq8h87ea2wtpy0s64k3r2c9u9gfcxy9wmer0xj;bc1qnd9k9hur8e9anlr0v744kd3wxkeu6d0pr0hdys,0.00013525,15.05,0.0,0.0
2025-09-03,390997d1c8e70a9f8de8664356bce3619ba9112a2ffd21b7198e89212971fdf7,in,bc1qmgpde0xfe59yz02uy90dstp8pstc8juu70gk6p,1.427e-05,1.59,0.0,0.0
2025-09-03,3d748c8e31b8bbce9524f04f081d1c6c046d23a065e7d18fbddb7c9e5176437c,in,bc1q49tynx7pj6ftqy8vrg0a9u7wc60jk58fu59w8z;bc1qlf9gm5cfwdsfjg2y6w58yg6uj7wqqc8kugmqfu,0.0001842,20.49,0.0,0.0
2025-09-03,41e281f3ce085a103e1f3d6381d80a5de7714bc45699825232e50d841aa282f9,in,bc1q5f7k9r5tdldn70kuv5zzujs7xhnqyglzjsac06;bc1qsph6pgamyu0fqyppqmunscxxdvyem0clczp8t2,5.358e-05,5.96,0.0,0.0
2025-09-03,51f3fea5eaa91a22eebd80d784e5717a104c605ae601ec672b834eb49c0968e4,in,bc1qt2m4e6zpgftms75at52qwte20gvt96svlej0de,0.00044568,49.58,0.0,0.0
2025-09-03,578c01fc572e8828b2e5937da054cc7fd18345224b9164d29aa50b55a8120317,in,bc1qm34lsc65zpw79lxes69zkqmk6ee3ewf0j77s3h,0.00015713,17.48,0.0,0.0
2025-09-03,57cc069e140304e963ff8ef3d41db3487b119990df47abcce54c86475efa05d4,in,bc1qvgh3y389naux5h0wjr7xnsvr0ldh6k755sujqz,0.00013409,14.92,0.0,0.0
2025-09-03,5c32018c6f6ad7c1a519d1b93624664dd0f08ecedcc43529685157a37ccad997,in,bc1qznkysk8fujrhtndu77k3fsdvfmz445ekhdk9nt,0.00085416,95.02,0.0,0.0
2025-09-03,5c3224fc1c82bb092831b00f465145fca994d7afe061a39140c4558fccc21cde,in,bc1q5mlk79u8aw3p7uwk3w42pghpppnhlnfda85hwp,0.00037323,41.52,0.0,0.0
2025-09-03,6106c2e4831a2a317401284ab35b8c72b09c5ae365d205ef0ee3596ba2451d8f,in,bc1q6x5gc3dwakt2uvpr97kxxhayuwa7p5rxftmp4c;bc1qqdnc23ukkfhcvd3sdh8rqtvjr3wa9r3pkss592,0.00018023,20.05,0.0,0.0
2025-09-03,65c4d67b9fa87cfc67688b2e0c342f6a547f390daf1de3dc21f5a5da4a1590a3,in,bc1qjsjzcylv7vsfhjwkpzdaa7yc0tg88f6hh2fl6p,0.00019751,21.97,0.0,0.0
2025-09-03,69d3ad0d22da5203e8a97320da8e39804838902d78b1caf0918621a454358399,in,16agMw9FdpbBLak9TmgK2EvpqTz1W3C7VH,0.00013399,14.91,0.0,0.0
2025-09-03,707d417b825884fb3b6d8d10c1f71a66830267005749e1213ba36bff5282a9ab,in,bc1q5yxcgt7nwrptuuxszfmsd36z87c3hkw4qvldq5;bc1qnlagzzne5gylx8la8cvnnsnpespg3jtn8ekhxp;bc1qw2ykhn0unf0j7vuh33mzschhcdrprv38fntcn4,0.00012772,14.21,0.0,0.0
2025-09-03,73f17aced363c7991559c9213b247a90d3c77f0021a699cd968717901c4fa444,in,bc1qs2hqjlahxwvxkpkss9p4kctg6e3q33q3lky6g5,0.00013372,14.88,0.0,0.0
2025-09-03,76300e1b34606a2a59cd4bd0d4045fbcb985f98270c1cbceb9c7d692a8085ab9,in,bc1qqkh59f2wn58r8urh0fhxl9kwamhg7j26y8xe6w,0.00028512,31.72,0.0,0.0
2025-09-03,7f4f9beabf2f388d23cc01cc070846dd328b1f92878cfb6935d8ad09dde875d3,in,bc1q2v59hpaansnf8n7hxny9ptfgpyccz50muwwnvs,0.00022802,25.36,0.0,0.0
2025-09-03,8c43446389cc13e7b17bebdedc61b610cf43e30380b6fcd38a3130716d54180d,in,bc1q0mrqcqvfxqs0770nc0zrfet962e6aqa2hfxqgt;bc1qqhp790zwmmcfm3rlnm5p5w0620len48ysmtnkk,0.00013615,15.15,0.0,0.0
2025-09-03,9234c6000e1078b8dc2fa85a7d26cc56eedf9b32df580e8a5d5f782c317d496d,in,bc1q77rhkcx6ts5cutnn627sjk4ld08ml7sv6r5km6;bc1q90p4e3feazq58hpmgaq6m2vze64h0gl3hqhl3k;bc1qnw7xy297pfvt05kr3sa0c3udkj59m2afsghplz,9.431e-05,10.49,0.0,0.0
2025-09-03,96b36309327f3540312aae451debe7760c80b5e2702e7d370ec9f777e6b0d10d,in,bc1qawzpxpmmknzmxecs2hma520q72x5fdevs6x4dk,3.667e-05,4.08,0.0,0.0
2025-09-03,9af53650a5b9e542168a74830a66b71b73715559f7016984c279e5b082b03819,in,bc1qnkv2q8hplvyqx5klh4tuys5r09y0u2f26p2jzr4umjrsyqg6wsusgvphq7,0.00029102,32.37,0.0,0.0
2025-09-03,a2f3b4f66cbcdf53d3c81664e6a997f8bb9bb3b91b43186fdaa3cb63057060db,in,bc1qca7c8n3mkgdqwdcsfawp45xn0k7kp9yer700lq,9.128e-05,10.15,0.0,0.0
2025-09-03,a6fdcb57fde8e5391da472f5578bce9b925b288903b1d4245291af64befbd5c6,in,bc1q5wymnxxhnsxsazeq6f00say78d8h73z4npz346,0.00026996,30.03,0.0,0.0
2025-09-03,a773513a16599e55a4cc264373ebdbcf9429ec46a1b24a5ee83fe4553dd7cb1a,in,bc1qm34lsc65zpw79lxes69zkqmk6ee3ewf0j77s3h,0.00082366,91.62,0.0,0.0
2025-09-03,a8f0bf5de7f90b7d8211c59e80f6c998d39d6bb96ff9a3201c4c78cd384b7dd5,in,bc1qwjg5rklcgjn2e4es9udjylgztzl7sjggpxuwpr,0.00033841,37.64,0.0,0.0
2025-09-03,ad3c0d7ca730e50ead4b3fac5ec2cd83fbf29484a8f2a831fcd8b6bd6b364758,in,bc1qj9nrj4qthazdfn96jndqu33v8y2p7sp3g2af09;bc1qqelcm028j3jwyx2usnusk6kpsce26wtcwfgzy7,9.591e-05,10.67,0.0,0.0
2025-09-03,aea81972ee5b7688099e2be477c3511e5c3641c1a6a7aa5ec9e5dd78a2a34d29,in,bc1p3vd9902h458365dxqxke32zw8a34rgv479283pux3lcs7038q2lq9l3x8a,3.571e-05,3.97,0.0,0.0
2025-09-03,b090476c75074e719e2251f99455f3a999aef303e59c0a4ae1d26676d50ee29f,in,bc1q9vghzlp492yvsk5jydychxg8hphtad2ddvmxx8;bc1qsqdqjk5y2zd899arh7746j9knda2swsleqya7r,0.00014036,15.61,0.0,0.0
2025-09-03,b1fbb8c43a038e90f9fce883fca02ba8bc7a3bb89bd1e6d0bcc97d3b6e98d30e,in,bc1q0x5v0laa3k5tnlyxmvpyqegsu7t57jtyf5nfwv,0.0001886,20.98,0.0,0.0
2025-09-03,b946d7e21c8a7f6b8c8bf93ba288914ede2f26dc7257d6b30a9555f173055954,in,bc1qm34lsc65zpw79lxes69zkqmk6ee3ewf0j77s3h,0.00053141,59.11,0.0,0.0
2025-09-03,b97b40be99035572b64c4a75919fec8d9f4656e070f6beb7cdd6efbd691d2ffd,in,bc1qm34lsc65zpw79lxes69zkqmk6ee3ewf0j77s3h,0.00085621,95.24,0.0,0.0
2025-09-03,c72a79c131c187692232eca2b0e7c6bc96718fa61b12f886bbad06c972ac6fe7,in,bc1qj558qhmyzu76d38vsyazugksep7q0e2kqep87k,0.00048335,53.77,0.0,0.0
2025-09-03,ca06631e8d0113e4fb2a384534f979226a2af5309c56de4c34054311c08a3dd4,in,bc1qascjnlmf5xnqqzqy3wxa7mvmzf5p6tw8mv9yrc,0.00093825,104.37,0.0,0.0
2025-09-03,ce55ce71661ee1cf4f7e925b58bf984ecf370cddbed6695d289e744804b65fc6,in,bc1qm34lsc65zpw79lxes69zkqmk6ee3ewf0j77s3h,0.00011999,13.35,0.0,0.0
2025-09-03,d07168d31c79985c4efe22d57ff7606e95c957501b44e71f53f6573184201636,in,bc1q55a2ga4v4ryva5t4ezhup94ndegkqcg9veagjl;bc1qps5xkclw0y6cw7yw6lvcmjy46mxmvd7hlztqhh,0.00073308,81.55,0.0,0.0
2025-09-03,d15a7fd880108a980f47192cbd408d38b5489153c15cd21250d763b7842007f7,in,bc1q4vxcxw7mpg9dcryqu0kav8awrn7qk5e6wgs3hg,8.165e-05,9.08,0.0,0.0
2025-09-03,dd471810c23ce10f9d3e37f889f19e1a513e3f0e0e4dc8a130717bb4c55aa05e,in,bc1qamgjuxaywqls56h7rg7afga3m6rgqwfkew688k,0.0002,22.25,0.0,0.0
2025-09-03,dff20e10fadbd56f37bc098a034a59eeca6625ba59991d47668bd2d6e66be8e7,in,bc1qee7hk4a3k3km7j8hwclm0pkl76dhhgxay5nevu,0.000289,32.15,0.0,0.0
2025-09-03,e4a083aad56f27f68383700d9b88a86dc2d8d64e060b89989420b1d1d5ba4b86,in,bc1q772fdzaw3u3pp47kggvhgdpgavzt5gnnh6uzyy;bc1qf0aw4yje8vjhrh5f009e5mxdzz8z5a5d4ckpkd;bc1qjxf6u7d3k3m7sktkxzh5vhxnr94gt3dxgck7ks;bc1quzv7quqz90n4qfauch8ku5py00q7jhrnglrjm0,0.00017625,19.61,0.0,0.0
2025-09-03,e9a0b9b4a45f90c950c8d2ed9d00c33f72d800fb1a6ca3a28d0aceec3973e638,in,bc1qvzwa6325g7mhvsd9az29yv3huvfdg4fsjeqs89j4lw8ayvgx7kfs74f6ne,0.00025838,28.74,0.0,0.0
2025-09-03,e9f851f96d854a09fa1e08d05cea378ed6ab03946f1950456b899f5107edf313,in,bc1q50ehvuw6ml9rejrk6cndsnt5rw5ynwzxxf0z8s;bc1qhsees9lh70p6v2uarxw25wddj59ces5stdt2cz,0.00026849,29.87,0.0,0.0
2025-09-03,f0083d9836acd8b9269216a316c3447a09158fe930cfa701e2aa741f757b8f59,in,3GH3NwS8oxZ96jBPpXGPMfuZotzHPLm5oH,0.00045075,50.14,0.0,0.0
2025-09-03,f6f606b8273b5251832a7e2aba60dc1147909d3fd537de7c921044163d7e1a98,in,bc1qjz7fhucgn2x3jt3l2u725s423xw2mdz3gy6j07,0.0002652,29.5,0.0,0.0
2025-09-04,178fc6e269a48b5e6fda3c4b9422ffcce7d5e91fcc3841275754acdbd9e07107,in,bc1qmrtqmttuy69z9x0786gqngzef9cpxqfurf8ahp4eq4v2q4qp9efqn27uyn,0.00029235,32.66,0.0,0.0
2025-09-04,19ae9f55133ba961d16884ead384d0ae1993893eef1b70209918f464ae0cad1b,in,bc1q8ewjnqj4gmfpgcwcgqaq0k29xlnms0v48ptk2u,0.00031368,35.04,0.0,0.0
2025-09-04,1df4ee0e534c42a3959b0243dbf122c8a6f97212014b45219e932427b15829b9,in,bc1q2y7dcglw3j3dv0wpr6tugwgj9y5k9zupd9fdkhaa36ukv8pm4x8ss9tzcd;bc1q58snqh9t6fdrlh02qecwgekj0fswxxpjm3app6du84w4h55ec49szhkmes;bc1qal7kw5kz6ms552t7mt53reak85kmxt9l7zayavmzfrr6s9n2keesthy85q;bc1qct6snyjj8wll56f853qkc4ez0jw68ynrluwwgc8mavsd73ja9hhq0m0vwp;bc1qgpdau2zuwtuu7nhxf0r58n5sxr3lvxm5gux5srfq5dkwkky4q3es28e0f3;bc1qjwslp6xf0lwwx4x73e7kv85djk887dxl4kr8kcyqnvgnuer7cfzsf67elv;bc1qq8ya6qtyakhjywd0uucsuf2rma439a6rs3qnumkmtqe2mvq37jysvmwfps;bc1qy33r7l9m5g3vlm9r2mprv8c369u44eaknmqgjqvtlzvy4yn3fvuq590,0.00019398,21.67,0.0,0.0
2025-09-04,1efdc25e8b9c531c86f1822542d2374a8cb8572a82c7538968bd890aa1443ffe,in,bc1qpf459ur5fultngwlxhfu9q9hsqr4k5whnp942l,9.392e-05,10.49,0.0,0.0
2025-09-04,22657a532a220cebc2d64aa3098a455e92e880502e2b7853af2f62e54a6fc171,in,bc1q8t9jf3atmzv49vpau27smqeyjpq0lc084ujsfz;bc1qkhuchr63hjpwzw4d28rayccd0r3sxceez0nemc;bc1qrx6v5nyp78j6pn9ppceu27272egku3yx4ey2sy,0.00013739,15.35,0.0,0.0
2025-09-04,25905377990e91bf842998079add9cacce96d7651dabd28c5342d4b38baf0bd1,in,bc1qx0gt9d3e0rl28nl8nkh303t7lgh4jhnksfnsmt,0.00016807,18.77,0.0,0.0
2025-09-04,29aa9aeeb96b9197b8a1995223efbbcefee41fca4a4829288180977ef3eb47cb,in,bc1qvmfwu89gdlwe5q6j5fxtxg89djan6qgj9qe52z,9.453e-05,10.56,0.0,0.0
2025-09-04,316e43bc56e85e157410df5133fd81b6e43125911751f54966fb853217739e30,in,bc1qm34lsc65zpw79lxes69zkqmk6ee3ewf0j77s3h,0.000211,23.57,0.0,0.0
2025-09-04,35908e0fcfbf437f5dec9eca4def16cce449d9fef1bbc93de6a708878f4e8c69,in,bc1qzs0qtfql8wuyh2uv5zwh6wnats7mt48e42qt7greaaw8gdx77q6ss3g7e8,0.00048238,53.88,0.0,0.0
2025-09-04,36504717c09455f4b270ef14b526831d99bf656d1239a2289d2e48668f7c6fa8,in,bc1qm34lsc65zpw79lxes69zkqmk6ee3ewf0j77s3h,0.00011,12.29,0.0,0.0
2025-09-04,3b09455bc8f8372015eb381ac6739dd42bebdac888bb9157192b69d35dbcd3b0,in,bc1q4h56szs9zsff3ey7t2y65yv7pvma6xu96ghz5t;bc1qhplcmv27knzdxksxjwnsnh8nzgwrm7wju7d4gs,5.513e-05,6.16,0.0,0.0
2025-09-04,44b71effb4339de31ad1ebcbf449a57f6229a238983c609e11e899043850463f,in,bc1q98c4eu342ltrjmulk4g39jhuwfysrd5k6plyf8,0.00010194,11.39,0.0,0.0
2025-09-04,50291b92723a725125ce9b7e1e74a1c468ef3f90c45fa035b853f4e4d6cab472,in,bc1q2l7jjjhuu22649z2xtesexj5hml8k3p0fddlh5;bc1qprqpv9meuupvnyjetx89j8zxeryasqznu75aqp,0.00018219,20.35,0.0,0.0
2025-09-04,553f7a0b0f887711a782e3e8353df8bd575eee22bae56b8d710b2dd1fd1dfd64,in,bc1q24e8l07gu8459lvn9ej7av6jph8gfgp7mr0qcf;bc1qazer3r79753gqpwttlk0698qhcq5h6f0ggu3g3,0.00030781,34.38,0.0,0.0
2025-09-04,5daec1f86932c2afa340f279061afb39282b038d9706e9a8c0b853ac2a09b81b,in,bc1qm34lsc65zpw79lxes69zkqmk6ee3ewf0j77s3h,0.00017263,19.28,0.0,0.0
2025-09-04,785330f1eb764a8e2e428fccdbd37b5f595614ff17dbafac427891c58c7e0530,in,bc1q60qcl4jaxnz9zv2jrrp8glh8zkkcdwt57fw608,0.00027296,30.49,0.0,0.0
2025-09-04,7f9c1faaea7eb3e85559432430d9b330a80b5a275c68525a6422c59472875fa4,in,bc1qwh9yzdks85vcu6e3km97nvvmpceta438f7wqka,9.014e-05,10.07,0.0,0.0
2025-09-04,95769b512ddadc0fee4ef3556b125577b8dc2ea1f80e4011c52d65f9fdb68142,in,bc1qm34lsc65zpw79lxes69zkqmk6ee3ewf0j77s3h,0.00013,14.52,0.0,0.0
2025-09-04,9b887a9db6d130ab898e285acb2ab19838a5983c084824a76094197220fcb13f,in,bc1qmgdynddy34yypdwlhasvul59qdffjc9k2knjs2,0.00052731,58.9,0.0,0.0
2025-09-04,a251fcf52b837d0b9bce2c362d71c7d5f3f32d2900f49ff33a0a4e318191e365,in,bc1qglu7vqr6az5xgcz8jy4544y7adsknawt2t0rzp,0.00028891,32.27,0.0,0.0
2025-09-04,ad3e156e107310b2cd335960174bcfcc5cdbd03412931af24df28772c14b30e4,in,bc1qqmg7s2st6f0cxk4qpv6c00eglnvwqft42wfjd2,0.00018633,20.81,0.0,0.0
2025-09-04,b027eee0d1e23cfba19f242b044b473cb028619c4efe8c6c8ebb1d89f3df93be,in,bc1qj95n44ah6cjc5w40qj08h4zuswvvqv7hghtu7t,0.00022433,25.06,0.0,0.0
2025-09-04,b4eabb8369892825177f6039cb418a623354799328564a6c21d19722c04ba2f2,in,bc1qkqrjtmwdjdckysf05w32kpk50l5yqqjj84suyy,0.00010041,11.22,0.0,0.0
2025-09-04,b5041a4652db17a10fec54c2fc8ea3650f162d307d7a6900e96a09e07fa53627,in,bc1q9ah0h6vq3h4fusu72rg55s5nsg8hdzfen4hqq4;bc1qmmkq362e6k6fsk25gx4tm03puhsnqe5lv38wal,0.00020072,22.42,0.0,0.0
2025-09-04,b8741b15d69988a020d19260208334d6c265877752a94ed21bc0535bdcc7d0d2,in,bc1q34eg7pf2xl5y4kvrkpy82zn4fqk372rney4x89xe3mjl9e0522xsnxc8l9,0.000258,28.82,0.0,0.0
2025-09-04,bb5af6e14928e5d4b59e8f9f4a56b1fa5612a2fee181e6e07f89a87d01bc0e33,in,bc1ql6pcjsvqxgecf93shvfx6tvzahkxktzfsxvgr3;bc1qs6vassuxgu00tl68m4f9skj4xy7s0mcrc87nlr,0.00018071,20.19,0.0,0.0
2025-09-04,bca558b449bbe6446187b7da74108a5071705853ec42102829757659ce2c38b1,in,bc1qjsjzcylv7vsfhjwkpzdaa7yc0tg88f6hh2fl6p,0.00019832,22.15,0.0,0.0
2025-09-04,be4c4d539fb77fc207235e0ee574388b218da1ca1bdc4ca0b5c422415b8e3b6e,in,bc1qc8738zr87n38vve5es5tmahkhd6872zn0rcnlx,0.00016353,18.27,0.0,0.0
2025-09-04,d0716be36acfd80a0fffda26c51553724db7cc06e465962ca5a6504b8f0cc88a,out,bc1qscx6ndxsrkuyuryhcllhc384q068ezpjnqese2,0.0273905,3059.68,0.00058099,64.9
2025-09-04,d8b376216090b29bbcc731762dc8087e8f07810b4ef3e2537c8b607a41992563,in,bc1q3xc742l2s0jsprqmsgpkn85t2666ql5fndsg2t,2.732e-05,3.05,0.0,0.0
2025-09-04,dd357ffeda83abc0e039459df7c8aba3e0f6ea3e24f5b3c1fc6883b126f43036,in,bc1qgj8wltek3u9w2gqym3sqsvyffuykcpu5s7lfgw,0.00014488,16.18,0.0,0.0
2025-09-04,e2429204c3d42481d373d15f43e639867eb934babe078f9262cfeede50502880,in,bc1qhk8a9crgfx4snvkpnr6ys2hkux6vjdffq5d0le,0.00015408,17.21,0.0,0.0
2025-09-04,e825e911cf4c21100599ed341eb6b12d8f5399acc7cd5665ebfe3cf879689d0b,in,bc1qg4eqcecglc762crx6qhxujjaa29ncmyeyw3fke,0.00272304,304.18,0.0,0.0
2025-09-04,eb2215718fb2392f283d10decdf1f77fa5f53fd2caf58cdfc2e0c5f5779afba3,in,bc1qm34lsc65zpw79lxes69zkqmk6ee3ewf0j77s3h,0.00028948,32.34,0.0,0.0
2025-09-04,ed97512becd333f57214a707693357238a35832284fbfe198111ee2d8ec03b06,in,bc1qm34lsc65zpw79lxes69zkqmk6ee3ewf0j77s3h,0.00015193,16.97,0.0,0.0
2025-09-04,efad45a856a765f753af5ea77c3405109e6f263ebf7b944874713eac665233aa,in,bc1q3cvl4k4taqax9v6z036e0nd3za0tg6rm7cxf8k,0.00037864,42.3,0.0,0.0
2025-09-04,f1c338fffef0a1d85de729fd4769d8d5f2456ba3ac802e7e4eae2e6dbe3ac559,in,bc1qnk43rkfcaahqxq6xvgmch0mgw84n8g4rt53pg0;bc1qt8xgu6npfj76ewmf4f9m6nguj8utmx9ve8ax39,0.00014172,15.83,0.0,0.0
2025-09-04,f6d3d01bf332faba383250b6fe618941c91d975f0efcccc6042bccc920c3960d,in,bc1qj7vu9qtyv42nv07fekr7tcx8xp9s5sm2pvgxlp,0.00089525,100.0,0.0,0.0
2025-09-04,fb5caaee88eb8228581df096713e67d511bda4e19aab22a7c32e8e28f5aaa5a1,in,bc1qs3ppmarskyjman5895jf03yt38umu260ucuastgl322ejyj420kqzwdzkk,0.00025901,28.93,0.0,0.0
2025-09-05,01f5d9991e7cce5d6de5daff6b6a6a2ad5d80980095f3d8a22a8ca7eb185c0e2,in,bc1q4hep8c8mp62kx0wu3cp4mkwlmrrh5qfrtt45f6;bc1qeftg9np9prqzyyhs0n7vnzexhvtuzmcmecd6xe,0.00013711,15.18,0.0,0.0
2025-09-05,0347c0407b38a96e7bfa997e5639c63ffd7959fe5d0621ce1d2d11d466f3c53f,in,bc1qle66c9qjhcjfvrddamkpat3kmasfruh5kw66uf;bc1qr6mkyfer8a0zszmjf5a8l9xcjqp33v8wz6un9v,5.468e-05,6.05,0.0,0.0
2025-09-05,07c930711b0fb50f95a0fa4c68da538fb2a9a0647db0aca26d1831a19e5f7376,in,17VDoJ11npQf1qbepEotr3KE2e1rjGgyQi,0.00012592,13.94,0.0,0.0
2025-09-05,150c9fa8c273f1ba4e98ac3ec343e771d0fd0cb06ce451b300c1fdeaa6a7b1ab,in,bc1qxjul003kwf6fzss74e0m9lrpy8wagxn22juv34,0.00048816,54.05,0.0,0.0
2025-09-05,21d10047f8c467bccfa95bbc36478b0c8a03bfbc98045c5a9a03a0b56831784d,in,bc1qgvtymmtl5ha4flylr4akutzuws8p936cx4g7p3,0.0003561,39.43,0.0,0.0
2025-09-05,256b0354afadbb617d63bc85d5031696c295e1688e8aacc2fcc12e9bccd3b870,in,bc1qhd4yv6khrrsu29zl2lckjuepvxes67vvpf6yr8;bc1qqh9yynt8kzcg74t2xk0yqxa25df09f8ywms8xm,0.00012564,13.91,0.0,0.0
2025-09-05,268bb038596a9f6b12cce5a872b2e381ebe5d349de5e093c71dcca998ea77783,in,bc1q4xppx6egglp786qaqyuz0xvl3l9wvmzz4pkvha,0.00032631,36.13,0.0,0.0
2025-09-05,2e85ed349f718af1668bdd737d17b92d781416a2c3c4778ed8c18891b2d9cd54,in,bc1qtz2jfcj3h2zdvyqynvymkmz0hjezzvdl046xtk,0.00045151,50.0,0.0,0.0
2025-09-05,3831bbfd2191ebab7422ed1883e71be8f76b0aa67932ca8affcac6c595ec75ed,in,bc1qdnnjlryexq73pc3xep5sjrqwu0rccgt085pvnm;bc1qr7p2lekp0azfj8h7y5tvs3xgcs8txn8j9fvz8m,0.00015005,16.62,0.0,0.0
2025-09-05,3922a986b1cbbd67df3e634ccfc2f2c3c5a9a7190c09830bff161b1bd18c9f61,in,bc1q0u52p6td2epuzhfevlem598rg6xl6vtqzfg2k2;bc1qahlas2m6u3kl0gxk40xsp8df32es5h9elmrrmq;bc1qettsladyda3upcnyflrn5eenzuc94xhefrzeez;bc1qq49kqvdfywrdzwnrzpcqs2p48g0t6gm9xgct5j;bc1qzn393lyudy78c2xsajavk2ts92nd3h69csxw5h,0.00051,56.47,0.0,0.0
2025-09-05,3b50c8d0b786245352f16784b0958d387df966c52d04be5a80e4d5b7c8458e2d,in,1EgSrEoscj1ruubSWdmRSTH19Bq9SAVaKT,0.00024187,26.78,0.0,0.0
2025-09-05,434748d7e1c6a97ee26987da4c3c179b7b5c135cc87091a246b73d18bbe5f4f4,in,bc1qu5ptv0u44ywq03e948ctnh5h8up2utp3rgn3tx,0.00011803,13.07,0.0,0.0
2025-09-05,4480fe78e36e70ea8984b58c00e4c287f8c7cf3e196cf73f864e4afeca3f018d,in,bc1qm34lsc65zpw79lxes69zkqmk6ee3ewf0j77s3h,0.00089184,98.75,0.0,0.0
2025-09-05,522e4ea3e6d10bd1bddd5158bfad8eb9eb86ef3681e3bfdb4e57824c37f31110,in,bc1qpcn3zgctg9skllj8dsauuwmnhhzqd28ygvmhpf;bc1qt9swg8n4pqlftp7apttyw3cylulszlfyc7h7ed,0.00015179,16.81,0.0,0.0
2025-09-05,579b0e44294241c5d11a1ac8db67a5c945f94f0c64ee0e9d16e7c8061650bb90,in,bc1qgvfuquv44m9n7zz0tedrm7m8y5tx5zulqpmqyj,0.00022435,24.84,0.0,0.0
2025-09-05,5ad85e67cb1705d724cbd6740120d10685f452b38e4779584f55fd04599999a5,in,bc1qwfgdjyy95aay2686fn74h6a4nu9eev6np7q4fn204dkj3274frlqrskvx0,0.00013636,15.1,0.0,0.0
2025-09-05,65b7ee830f3442f0d7904ddb840f7829a57e6f8c6a96510989b90b642fff2132,in,bc1q3xc742l2s0jsprqmsgpkn85t2666ql5fndsg2t,8.008e-05,8.87,0.0,0.0
2025-09-05,68f504f5e80ce61af1935cb6d512465dc3e5a9f754340773da9e89633b4d0ec8,in,bc1qe0kswuawmwp628zzlpqcgns62p9xlunda0krrm,0.0002392,26.49,0.0,0.0
2025-09-05,7681d88b3461c00892e49a02b7f8c1135bb9e541369b352a5b9f28c0a0d2dc8f,in,bc1qzhhzlmdk9z4sts7rfe2prrgk5pqm9zzed2ahsf,0.00025182,27.88,0.0,0.0
2025-09-05,7ce29163c2061927a9cafc3fcd546c355128844f3e986a9ad25240473acfa4bf,in,bc1pv3sv04esyej8vsmumupax0k46dj9kvxx2a6dtuqcv24ccq58laasq7u69g;bc1qufcwe80hlhh3ljv9996q3mkjcvutxzrecec53kedv66un3yxywmspk99mv,0.00039358,43.58,0.0,0.0
2025-09-05,8a3b27b3208fdef79b365db49d7aa68b4b7ddb46ad4cecca616fce4cb876ce20,in,bc1ql2y7jceqlg9vfhmla2w45xvwyn9j95rkgut2ts,0.00017358,19.22,0.0,0.0
2025-09-05,8e04a6ddea9d1acf3353691ddd35f5a6c1661b2810b354f24006dd6110d71aa0,in,15wHHD1ZxabxdKHkSVktzaGPWpeRX1GLE6,0.00269598,298.53,0.0,0.0
2025-09-05,91eaa4b3c05f7319ca802c50df90467e50bf529b81ec675c3b42fb413f73db42,in,bc1qjsjzcylv7vsfhjwkpzdaa7yc0tg88f6hh2fl6p,0.00029785,32.98,0.0,0.0
2025-09-05,96a1dbf8b2592f623a1c45fd68a3d5b2592af41e4ea867a30cbbc383bfe4d3aa,in,bc1qm34lsc65zpw79lxes69zkqmk6ee3ewf0j77s3h,0.00014,15.5,0.0,0.0
2025-09-05,9947a1131a4dbdbff29545d442774a08ab7e19a1912660c1cbe2e65853c23c8d,in,bc1qdl6whpn68tlv233nt2pcjhqajuxrvrpqeugs0n;bc1qvuateue0vdje3elk58faj5xa2vgmqwf26xshrr,0.00014018,15.52,0.0,0.0
2025-09-05,9cd5263cc465607738865c80ea8e48a7541baf48b6dcb7d2b3880b3a22cf3bd8,in,bc1qm34lsc65zpw79lxes69zkqmk6ee3ewf0j77s3h,0.00086856,96.18,0.0,0.0
2025-09-05,a8e7e2e488a162f12c2af072f6b24de04dc2ca5f6a2b5ad5dc716b4c4b24b6bb,in,bc1q098du4wjtfcpn4njyvlujywpx67wx3rzr3zp5a,0.00053923,59.71,0.0,0.0
2025-09-05,a9630a41fcc901134b05f11ecaf153e628a7ce406cf4850b2cf3142831696fac,in,bc1qmxgc9askd8xddrr4zjs9pjkmds6rv43s5l0esw,0.00089657,99.28,0.0,0.0
2025-09-05,ab2c6a5e3fa06af94f6fae623db0fcf252034178438388ed1f0858303494dc39,in,bc1q62vm5dehpcvdlnu6d89f54tqwvhan07wl0zgxz;bc1qfnltc6e3v63hzwlt3p42gqht83cql07l25x4e5,8.129e-05,9.0,0.0,0.0
2025-09-05,ad6750257760fd95f5b120cd01d57af6f17b42f092ae9346d70cf17662947aca,in,1GbUhB5Aub17yjLaFf1fPNFN8icPzXn3sU,0.00022473,24.88,0.0,0.0
2025-09-05,b00595096d54a7b163210c4554e3f9a089635c48d7ee7786132ceeeefb4a2701,in,bc1qgh622nhu8xprrtrckelxz4j2kngj0wfdmcejh3,0.000542,60.02,0.0,0.0
2025-09-05,b661b7005d1554ed705d8ce0e0a6407464a34e42c168ca45cd21eb0c30e58e04,in,bc1q3ehyj0clngfcuawhk0zk75hszuvd4m42yqqzpd;bc1q5c3fy4g9w2d7ctzlh65m6rpwndt2kt9lssaqr6;bc1qe3pugwf3egun9xau6t4w2wlz20h0dtt7769uwm,0.00102068,113.02,0.0,0.0
2025-09-05,d402434a21a1fa62576ee9e4659b2c407f33c505a0f1d64f7004abe7378d0436,in,bc1q6yctjfd368e2x2ugusw5k0kpk7ywecut7lr96r,4.97e-05,5.5,0.0,0.0
2025-09-05,da41cb9acdc463a3d329a7a4427e21b5b65355284b0a1beecc053abee93ab488,in,bc1qm34lsc65zpw79lxes69zkqmk6ee3ewf0j77s3h,0.00110405,122.25,0.0,0.0
2025-09-05,db84e05657e04e24614de4d3bcba6d4745b18265e9fc4b90b5ed65dffdb175d7,in,bc1qkeux75cthml2jdzetcq99mv64attzauj2wl6h5,0.00082195,91.02,0.0,0.0
2025-09-05,def87bd4bb09e9899bcfaceb6bc692cb5da049312b6b553673757e6a128502a8,in,bc1qx5rj6dqv9rvjqeg9clfmtytk5w7drzpgzl8afl,0.00089976,99.63,0.0,0.0
2025-09-05,e073a622e911f673e08f9acc88e0ff46b8936e7fc046fd2313654c8b5e204142,in,bc1q44crtjn874hsna7uw07q7gx3vq8q2qpaz638m8;bc1q9lqm244yn7q9ya89qdnqqpqr4y7rvxwnmkk56t;bc1qq7ca0ydfzp5mc53arry6qlvk36fwq2a32al90k,0.00085785,94.99,0.0,0.0
2025-09-05,e6897e15d402cfc4b6f7a620e76ee2f9660cea3de3c337cedaf75553b5cf575a,in,bc1qge847vqrl0nrnpwc7qr3ejl4zcfuqe5g8905at,0.00031544,34.93,0.0,0.0
2025-09-05,e95db2140c4a61e715342c3a392a515d8d6f2728fa4c28facdf8715fd1a04bc9,in,bc1pmjg8g7y5f45wlgmff42l5t60m84tjpldvu5zzmzsy346k4gtcjfqr5t5xa,0.00035677,39.51,0.0,0.0
2025-09-05,eaa5f2b138854f02b80613687a0822839296dc1eeb73e75e71520bc08dbcc949,in,bc1qwcgd8rfe7fxfpjsrgn2skk0xckyjxc5mdk8xda,0.00026784,29.66,0.0,0.0
2025-09-05,ecdceeaf6105855b25f4d2eab5d900c22430705145cabad4a90ba59427b979db,in,bc1q8n6e63z44zql92cw2ay0ah4dyf0e30cvf0dmvv;bc1qanmkar8yeza0rqhywjgrh5x0k84m3gx8wf0up3;bc1quk8pez2usr6n36ewc63nxlwt036v22leh2eqw8;bc1qw7dly0v89y2nh2e5gfzzafv9j54ufpwzdm4f03,0.00021722,24.05,0.0,0.0
2025-09-05,ed23e0cb87f21058fc55973a68b19053f862072115958ea7567e06758ffa04db,in,bc1qm34lsc65zpw79lxes69zkqmk6ee3ewf0j77s3h,0.00107,118.48,0.0,0.0
2025-09-05,f298b8719b8d265d52dfc4cedc4fea59dc4805a342ed180ac8d517cfa916bfd4,in,bc1qmzv3r2sch9eyq2km5l5sa942kcwg4cz3jcpunc;bc1qu5ecjvtkzfvl5lmeludcuxtkmcf9l8jn77zqrj,0.00018497,20.48,0.0,0.0
2025-09-05,f7f2f5fa2b37f95f8d37da0bc8be49b7679c5723115776f865aa2793986ff296,in,bc1q4u9jn998d8dmhv4z458ttyq9fg8rtna7hxec8d;bc1q8r9kvvuys5652zfkn0r9ea5gaeaa2rv2qd2fvx;bc1qhrwehe34s0j6ymjfyr5l3p20ufx4xk4ech8xgq,0.00011744,13.0,0.0,0.0
2025-09-05,f82379de340b5f87427ef34788cb11bf64bcafeb3b78313fb0efa7f529b99293,in,bc1qpptjzjme5dkvkasunsav2k97rws4umjftway3dx47exp0gz7fxsqq9mmy8,0.00028171,31.19,0.0,0.0
2025-09-06,03ba0d1c4c7a731dbd365492c9ee44604727549d47c06cd1065688ba30fa0390,in,bc1qjz7fhucgn2x3jt3l2u725s423xw2mdz3gy6j07,0.0002348,25.98,0.0,0.0
2025-09-06,0f23c88ea64ddd5599ba2a705cb4d50eceeded70fa62bd8274d7277d6d0ed044,in,1GbUhB5Aub17yjLaFf1fPNFN8icPzXn3sU,0.00017877,19.78,0.0,0.0
2025-09-06,0f54b62d4705e14b7080526045a779128d07d1874e7d53231c92ff8b664c73a5,in,bc1qaht04naxu9yscujr943qy2x3hmltet2ks42jxg;bc1qamntzdsv0hfsq2zlsdzgd0c55pmvskpuac8dtd,5e-05,5.53,0.0,0.0
2025-09-06,14044c8fff32d932ab8906759e2c70ce690708018acc127044df13ff75bbff18,in,bc1qykcd7y8n4x22yj3raedwjncpkrfvdddt7z2s6x,0.00013,14.39,0.0,0.0
2025-09-06,21068a4275103dc1a4f4847c9eec46ac203f8b77eb86b1e5aee7083e3b0164b8,in,bc1ql2f5pt500p65m9980eyecwsuzrlu4ukmx0gcnu;bc1qx56syu8hkmggt4me2fe7q4t24wv4feg5hp85z2,0.00044805,49.58,0.0,0.0
2025-09-06,55959c55ae89d20b3e159b7a8c38051715a50e8bd0cc51e58ca39a0c936f075c,in,bc1qrpkgrwv4k2x2c5tawakfvgwpqalhytz39nk5m4,0.00033545,37.12,0.0,0.0
2025-09-06,596c36962e3b2546ea61c6eb7f40bbdfaedc9aac691c06b4fe22bf34895fb7b5,in,bc1qua0rt6kwln9806hu5surm8826l30t8743l0wmgdn7rt2zyyhgxtsf4anlq,0.0002597,28.74,0.0,0.0
2025-09-06,5a380eeb42a0c4de171f18ee24ad35d6037f10eb9ad2f9980b1d885f46869d09,in,bc1qm34lsc65zpw79lxes69zkqmk6ee3ewf0j77s3h,0.0002,22.13,0.0,0.0
2025-09-06,77ecd6c26ec9e83c6ca4ba6aa259db47b7e02db36237197e788f7f97b1096492,in,bc1qdrlfxkgu44qswv5hgxya8ndnc7qyuym7fpjtp7;bc1qkagpl23gmkzugujl882dn4k2vjncc8kk5wyt5k,0.00011491,12.72,0.0,0.0
2025-09-06,7d433d11ca34ffe471f9a9b8d78ceee1562f9ff2fc34f813bf4bbcf04944d904,in,bc1qjz7fhucgn2x3jt3l2u725s423xw2mdz3gy6j07,0.00022854,25.29,0.0,0.0
2025-09-06,7e1fadc4bba957591dbf140b7b4c5d6c2a16c826af988101a67e4147ac2dd48f,in,bc1q3xc742l2s0jsprqmsgpkn85t2666ql5fndsg2t,4.513e-05,4.99,0.0,0.0
2025-09-06,851b77b8d1e2a60ebd4fa87cfc94c1485cf2ab2ce490ee3a3711e3b7702c1054,in,bc1q3xc742l2s0jsprqmsgpkn85t2666ql5fndsg2t,7.664e-05,8.48,0.0,0.0
2025-09-06,99effe39dc8c9c568afe5b48d1965ee45efc6e23aeb68152307f7fbfb721173a,in,bc1qdd4pjy9tsfh72qdc9tghpar3fkr9pnsh32n99q;bc1qereysfg3g9s7z5tdqthfyrgsqc8mx3x4jxhj0d,0.00018537,20.51,0.0,0.0
2025-09-06,9f31ac3b7abdc015da22e77a1509e5bbc111debf66494e8ade8f3ca236107b66,in,bc1q0akcafceq0jesqlvyzfle98zd2k5hujzmunkel,0.00018132,20.06,0.0,0.0
2025-09-06,a8a47cf8239824bf0dde2cb8463ed02b55751905a8723704acc3a176d85a6ea7,in,bc1qkdwzpyqf3g9l3smuq6th4ujg4mnwhqcpkr89wr,5.257e-05,5.82,0.0,0.0
2025-09-06,aec98336f9ea153730385ebc479c85b040b71fa7aee030092b770f6f7aa4b6f7,in,bc1qe8utmsu2jj5v359ax8vajn86y9rm5c0fkq8je9,0.00013539,14.98,0.0,0.0
2025-09-06,bb62934e77df1a1b358a72303f52cb5ed86e6bbe09daae186278abd86010e2d8,in,bc1q3g7czvcvtr0j8w93l2frqw7j8wffn5yw2esqyp;bc1q9qg5sefk95u7y24dayeglu9e2qxn66wluxy8t8,0.00040352,44.65,0.0,0.0
2025-09-06,bf7f99507a5e347b14ff4b0d33c65d6fecd3683be471654cbd5c5bc43faf7e84,in,1PQdQBaAP2yN1nf6iu7zGKYfNxWZNiEgEd,0.00025289,27.98,0.0,0.0
2025-09-06,c039d20fa1ace6e5bac647bbdee81faa92db0c3c4ba261188a1c59ee5767fb2f,in,bc1qmgpde0xfe59yz02uy90dstp8pstc8juu70gk6p,8.839e-05,9.78,0.0,0.0
2025-09-06,d3fbc5806210ff685d3f11c954bda9c5f4adcfde0c93cab8d6d3ea082afa67a5,in,bc1q5zxavx2vmmcjlzvtpl7gwusxta8wgnmdwdzn9f;bc1qxhdf73uet26smxqt3nk98szfyqutwmev9d2zuu,0.00040496,44.81,0.0,0.0
2025-09-06,d613a85f89c8e58748083b535f6b51ca09fe97402b09b646178cb981c3f79cb4,in,bc1qzyd2ad8tjt49yplrgy5p9vapl6l7p8eyfwrs8n,0.0001174,12.99,0.0,0.0
2025-09-06,e4ea0f53813e9d81809038e364e5e9ca0f666c924424cdd9d9eb555b3b57d570,in,bc1quhruqrghgcca950rvhtrg7cpd7u8k6svpzgzmrjy8xyukacl5lkq0r8l2d,0.00020501,22.69,0.0,0.0
2025-09-06,fc3b85264c0d4e59c84b47dbedc84bddd12203e85cc9e11f76c9880cd163e266,in,bc1quhruqrghgcca950rvhtrg7cpd7u8k6svpzgzmrjy8xyukacl5lkq0r8l2d,0.0003316,36.69,0.0,0.0
2025-09-06,fc769088c02a9fda4c79ed280fde03f72810045f23f86512537e5016abdb83f0,in,bc1qjafuv72e2wf3u0v0wm2pst2fuajmumsfhs2tvd,0.00018722,20.72,0.0,0.0
2025-09-07,0f0131a38e35f9d4fde3359e4bba1c518a8d011cb9b964be2842916464361dfb,in,bc1q92wnx55vsg8csfhmnunngjlqglj9cqmdjjfmhc,0.00012532,13.81,0.0,0.0
2025-09-07,12c5ef2731b26f208d8349b35645343101de04e66f73e5f98fcee1e9b7cde11a,out,bc1qyhr59yc8wzrze6dqqlpz6q6mcshrskvdy6y2y7,0.11718381,12912.25,0.0013299,146.54
2025-09-07,141dd241efa7bd90d2998e4e006b46b48752dec7e6d32366552e685dcccce519,in,bc1p2kypxd5r3m688kp53e5fz005p8h0j49kw4d8kxfqpfa2z8se46qsu7ugqx;bc1pqcvz677p0lhw4a8nmllzh2en0803x2q0vcxlf9p8rmxrkrfydfpsmt5h6x,8.12e-05,8.95,0.0,0.0
2025-09-07,158af2810641203227cdec16dd7c157a340f2f19e5a8cfd796f9275c9c530cbe,in,bc1q77dma0t6pfywcxj9rhx4ag8zwuvhh6lr2ausly,0.00053299,58.73,0.0,0.0
2025-09-07,1e17f5db44b5d477f72817dc7056895d7bb4f0cbd8e78405b1977e4ce21270e0,in,bc1qamgjuxaywqls56h7rg7afga3m6rgqwfkew688k,0.00014,15.43,0.0,0.0
2025-09-07,1e1f72f99a3982e3528872fc89d6dd599eefbfbf96bcca81a3ab75c0ab6596c5,in,3NNBKMd73NP6tM9J11ABgSHcxyPJwbvEfA,0.00120729,133.03,0.0,0.0
2025-09-07,20a640ff32eac226f0b628857ee640e5d8704c44fcd14a16bd0c7fa85eb2c9a2,in,bc1q97xenhwr0gg0pe72ysfc6r2fmr2yynsvamtdfp,0.00015352,16.92,0.0,0.0
2025-09-07,253249c07bc42b2ee875ed1651b23a9217f3af89c1ae081a280a1ef28371835f,in,bc1qqvlfkfk3r57970z4le2p3z4cgq553zrzzcgjy5,0.00034298,37.79,0.0,0.0
2025-09-07,3b2d78afab9985006aef3a15dcb2e645f579eda6528db530276b30dfdf318960,in,1CkLoNxEnK1H4jF3c2pf51KB7mx5iJAFTs,0.00018084,19.93,0.0,0.0
2025-09-07,3ca974709634033c67c6f8d56c1e09d66421a297284d721a8ee89b6f9e45a78a,in,bc1qaxvysxr6wxj2rymg2sp45ggq6nsd5eyed64y3d;bc1qlt7daa5lyqszssjfc4p8r2smjddz9nggr7awah,0.00028113,30.98,0.0,0.0
2025-09-07,3fc95a2bcef51c3923d99438406ecee86c03a2c5a4016ff808c426b0b6ae51a5,in,bc1q8g9vh03n6ul0umerh796ktsz5aznfgr6etz5d7;bc1qzcs7uwnnm70hra789pvahhqqftdpz5u4auqv72,0.00036108,39.79,0.0,0.0
2025-09-07,42f5a228214bc45713498d8b17521ce7076cc354685efabf16ffc40a5e5f259c,in,bc1qtrhm8xfaxzwlrmpg0v54cesuravxx2h2a2zcm8,0.00014514,15.99,0.0,0.0
2025-09-07,46dab6f6355bda5693960fcd7dbca23f0334b3674d2f542ef8c4a6f95ceea307,in,bc1qcen42eh0rnwjr8zg2zwnvr50n8ekk682jjr47z,0.00183421,202.11,0.0,0.0
2025-09-07,4f7f8a67042eb48e85a5afc2980650a76fbaf4b9032245ada362b51f6388d8bf,in,bc1q25e6eesn0wl23gfj4pp5qva8nxcfxpde8zg37h,0.00028516,31.42,0.0,0.0
2025-09-07,528fedbd48f23a593e8ecdde5db1bc0bdbdb459a8275d5fc553800ce03554e62,in,bc1q7st3h59ktl0tj29z6nxglu0gny5akpdhuyy7wx8xe43dnk52larq36rd4z;bc1q9hr9jxt8u8c0yeqganyykx24c3xtuks49a8mf8mmc08u3aeh4gjqjsnvq6;bc1qkjg3tg9cxel428ax0ts5d0etw5jl6qs0zqy9fdl8h3uhymaamy5q3z3dn2;bc1qt54j3u9tv8elk54e4vwvpfpafl7dvnn3ghsru85jf8rnhyclcxdshql5hx,0.00020754,22.87,0.0,0.0
2025-09-07,5620e2dcd12cbbff0a334bc5ca96ab020d440a28cac04944ebe2c9e550206a7c,in,bc1q3wu0zsch4he9qllqlcqs7wkdywxhsvxe2jdpnv;bc1qfcjx4pk9hrx600d86lxq7ewkyd5r4224s332ac,0.00014189,15.63,0.0,0.0
2025-09-07,567584310f6b58af859ba5ea3d65bf8fa32ca2301f2cebf6e7212a522a1d7286,in,bc1phc65f384cvaj6534dw859vt78f7762s2q0tu0caqkp6xvzsje3cqjmnvjw,2e-05,2.2,0.0,0.0
2025-09-07,5ec9d2925760b91adae8ec08b13e63f9850adb926fc89956a0203b543ce2ffd3,in,1MWe51zJ9mxTEwjVrp7crS9cTtjU8AYWCm,0.00080107,88.27,0.0,0.0
2025-09-07,618cebf64d6552289ca1a3cdc5dd220013ccf58467918a5c44878b828334b2b3,in,bc1q0hqn264v0em24pv0jkmv0z5mzgm2d92v2jtkafm4kdzwguew7cnqsw6kdm;bc1qmsz96vvwgz6f3rnpk07leg6lcrtjsl8z0cd7sn2mdvee2ce2yuzssn05e4,0.00069464,76.54,0.0,0.0
2025-09-07,66541773cbfffa00afa0f3cf83a2aea33cb97e9af0d2181c69751d080ad09e2a,in,bc1qc35aarpxas2kps4c3nk9a5740x0m0yv3l7hmgx,0.00027032,29.79,0.0,0.0
2025-09-07,6bccb51ccdcd1bd9a7f5d8407ce263ebd840a2d21b22dec150c3ebfd68037956,in,bc1qyzvhh72yal3ws9kpx7d8ggq3zptj36hvneyp3l,9.03e-05,9.95,0.0,0.0
2025-09-07,6edcd8052dc40142b2efca87e3f820cc8e56d858033a7b7370550e78b7f341a9,in,bc1qcsgpw4swk0nkgtzeyg8vmh2zwwdcz08kw4hxcf,0.00019778,21.79,0.0,0.0
2025-09-07,6f1b2bddc9973780736e4b0e79afbefbf55826f16e8846e8ab19dc723e9868ef,in,bc1qje5yj0v53lqyxppyzgevwy086w0vuarp7eyehz,0.00042095,46.38,0.0,0.0
2025-09-07,8436ad350aadecda01be05215fb106ff1848c3cc42f3655716d21f73ded3e253,in,bc1qm34lsc65zpw79lxes69zkqmk6ee3ewf0j77s3h,0.00042802,47.16,0.0,0.0
2025-09-07,85ed98ec2cd67ac330e24d4b5aaad18329930776d0b8e152627343e84aa12338,in,bc1q06nkr3hk9ef5tl0tdzguwl4m3cc23ju684gaxy;bc1qzyz8zazjvx58jzpfgpxttvx9l43w2qq57nfvat,8.588e-05,9.46,0.0,0.0
2025-09-07,8933c2344523bad1e4c18fa1049f5129d65583eb8157a5a877a90a99ac843f9a,in,bc1q60qcl4jaxnz9zv2jrrp8glh8zkkcdwt57fw608,0.00024403,26.89,0.0,0.0
2025-09-07,8cf33fbc88d3e0b0ee7d4eb21035e88cced15b96173bc5bd008cb17113dc919e,in,bc1qf8ehvezvq407emv9njg5p5273rjply2uzqef0g;bc1qrv9jzctjyg5u6d5mfl8v7mt04vkcmvfdrt6w4m,5.635e-05,6.21,0.0,0.0
2025-09-07,9faa30e52ce5d8ec77830357bdecc635b602506419bdd24dbfd34a8e3c81591c,in,bc1qfvhj38vhm4u9qnw02f5852s5stnx2c63x67yln,0.0006019,66.32,0.0,0.0
2025-09-07,a25b6eedb5e3927f84e77b60d126922c018a49e09da9c88851889910f141fb2f,out,bc1qvlpxy80hk590yug5yw9uer78chz4pmugtnkgv4,0.0504083,5554.39,0.00042486,46.81
2025-09-07,ac3f67e8312741d83ca35a78aa8f9c10d09309fc311d5e4b6a8c39790250e688,in,bc1qns9f7yfx3ry9lj6yz7c9er0vwa0ye2eklpzqfw,0.00026145,28.81,0.0,0.0
2025-09-07,ac85041b78dc5fa922c05a314c8701ef992514d2b435d81ce3cc57bf88636d11,in,bc1qr5gad02n8pvlqjkhm3388m220nj3qarmnddae7,0.0019,209.36,0.0,0.0
2025-09-07,ad3cc411492aa192f4ab31a1d14e9343c60638850d15ab7cb190d2ef3a388657,in,bc1qgqcmy8e0ch466hjyqc7p5yvq0kxpmv79w6vgmp,0.0002351,25.91,0.0,0.0
2025-09-07,ad4ad51bdca5b5a9dfe669af47687753d95f01ee5877c38f3a4a4725aead7c35,in,bc1qe0kswuawmwp628zzlpqcgns62p9xlunda0krrm,0.00013098,14.43,0.0,0.0
2025-09-07,b782cadb144b7319436eb96a2936cdef5995117681077bdd7aabae393b9a68cb,in,bc1qgtay8c0rnm98q27qcfcxg66cm4722p4jw2ary9,0.00010881,11.99,0.0,0.0
2025-09-07,b986ca2144d7d347f82244dd062eba1bac052a1300dde6a01aa1f3d5ea257c59,in,bc1q7xskmhp62dtqr093y4ps0xd82lx40sj6gr4zc4,8.981e-05,9.9,0.0,0.0
2025-09-07,b9f7bfe778ecc0628e2bedb03d33f5c1c62c072b3208736004a1d9be33ab07ac,in,bc1qffdhsuad5zmygd068tle0zjnrksgtrepj39l8x,0.00017032,18.77,0.0,0.0
2025-09-07,bc9aa1f01844dadb25bd28fcc2438fb7b10349fe67d22bfdf0249a5371def601,in,bc1qkmd7mhhap2f9vexl0xdslehjmd9623qvhdt3pd,0.00010835,11.94,0.0,0.0
2025-09-07,c5f9f52769be96f23aa1b91903ea9829ad1b39698b8b5ab332e543a64cecbae2,in,bc1qm34lsc65zpw79lxes69zkqmk6ee3ewf0j77s3h,0.00322318,355.16,0.0,0.0
2025-09-07,cbd3ec8e04cdb1d20d1fba5af55bb61ad058c3eeeb45b54e6c2d2bfc1fe82835,in,bc1qm34lsc65zpw79lxes69zkqmk6ee3ewf0j77s3h,0.00087627,96.55,0.0,0.0
2025-09-07,cc3fdc238d2ee15d5d573b0bfad95904ef6a2fb5b12766113f1424d1b61f8de3,in,bc1q98fg94mxy9cjkl0rwt7pcqfr7qpvp60my8vu5s,0.0001798,19.81,0.0,0.0
2025-09-07,d4d4340564b132f748453f461ddd9d655565eea824a779cfe976b19c1bb268a5,in,bc1qm34lsc65zpw79lxes69zkqmk6ee3ewf0j77s3h,0.0026003,286.52,0.0,0.0
2025-09-07,eac3cd12e0c5c2fdbc319da1f4839bd46abaeacad10a6859ec910f431f79e402,in,bc1qlafl5kef8fvtagx4aqeqczks8d4092nmmu8z4d,0.00012387,13.65,0.0,0.0
2025-09-07,edca72030796be818e1d204f2ac2f50867507701ca09c1c91e949c5991fc2d07,in,bc1qe7fj0yuqqx76jnczujlqjwexq4dkxlkrk20sc5;bc1qteh2cyx9mxjzt8xpwu53zq9fhhppe3lyhs3a3r,0.00019783,21.8,0.0,0.0
2025-09-07,edf647d12b80aee9772750b4ae86320cf7453ec4512fe8d71fc3553b74ff05ea,in,bc1qg8f0p0fc3lumexj3glls8jlk9j9z7kepz4rv0a;bc1qv2twc77ajqqw5y7jnd7le2xjeu34n8vkqnqrta,0.00018228,20.09,0.0,0.0
2025-09-08,004612a306e9a30871fc5ede14892d6e57fd5f0b3e1a686cb31dcb8a5ce532e7,in,bc1qg3usl6gu5ccd56kwggelsxx0hshh35wqt69jpdxuk7h5dl2f2fqs9rw7p7,0.00029777,33.09,0.0,0.0
2025-09-08,0b5def2990bcae76d6098817e9158b5ca1540a45a3d72fb570e53503022ff216,in,bc1q9x2c2hdmwyz6t2e3rr3x8tfuplhkxrw8lz2gn2,8.118e-05,9.02,0.0,0.0
2025-09-08,0d04bc30a3e2136ae5789a8dc7d4c1d7c0cadcb15987d11146afd0058fd19279,in,bc1q8m34xjau7hvf9jmhnafcmt8gr6eve33x46cvcu,0.00014148,15.72,0.0,0.0
2025-09-08,19263397c305625f1b0bafc88a663c03f242f1655f4d99cc731688ed6b714964,in,bc1q60qcl4jaxnz9zv2jrrp8glh8zkkcdwt57fw608,1.798e-05,2.0,0.0,0.0
2025-09-08,22186316981f7207f3cc8f0825040775b7eed4b8eb6f80ef05f95e248ef086e5,in,bc1qfacfhzh6cfwvqqdxxctz2gzu6g7cmzj2txlwhx;bc1qqcgrzgxlrju8h9z8qrxhe4wmld7nrwj9rtruc5,0.00039819,44.25,0.0,0.0
2025-09-08,2d97debc801c06770afb63a50853686cf43a98d605fafcb8bc1454e1803a0469,in,bc1qffvqa38rl3uxat37k32rhugyxzvtevgutfyy9x,7.128e-05,7.92,0.0,0.0
2025-09-08,36502a0b6973815719253bf6274580a2bbfe597c9636696138c0536c968963da,in,bc1qvpj0m4kraczkj3yxxj2tcuz8rxfa27ru45hf4r,0.00035675,39.65,0.0,0.0
2025-09-08,3b552ce2341192f64ad30154ce9c48580e7e776e08b3256f2d1f329f3b1f5ccc,in,bc1q6qk0qdpqchkg3vslv9kzwvpsyl36dfcn6scgp0;bc1qdmz50t3nq6e46ayvf6rgw7tq4mec6hepp2cvk0,0.00031067,34.53,0.0,0.0
2025-09-08,3c85b9342846f846c207ef471895636347c5eac798c0f82b981fd877d2c0ceb2,in,bc1q4asv2ls5yumy97xtvya2tzxsaw87teydlnarwh;bc1qfw49sgsk7qdmefa4cmddu97acx9vpqy3ke8kp3,0.00017562,19.52,0.0,0.0
2025-09-08,3cc961e80fa593dc45b6e6d78457253df09633c40c22256a5999374fb5cb8772,in,bc1qjz7fhucgn2x3jt3l2u725s423xw2mdz3gy6j07,0.00031994,35.56,0.0,0.0
2025-09-08,4857e27af448e24254425eaf19972c8351119a25e5859577fdc4a43f637d2ae3,in,bc1qgnsf5z3rdhmslyyppt8pt7a7dq7uv5cspx6kclx3eepej2d6tvlqtldjug,0.0002224,24.72,0.0,0.0
2025-09-08,520f6f3f4e5cbfc6113881511c73aadd6e47c724b677f70d1599e435899eda93,in,bc1q9xsjq3ksm3t2sz9a5g08khy2n4d7f8q37de976,0.00018363,20.41,0.0,0.0
2025-09-08,5aebc77c4f71887f8ecf201610d67e212db98eb9c576a6b12311739da9d4997e,in,bc1qqh9g568rcdwv27h38z3ashctu9feepgq0n6muy8gxdexlgxw44qqe5gcgq,0.00039976,44.43,0.0,0.0
2025-09-08,5ccabc5bbd1502c5d60a9fbb82f9bdf77d4761d36be2f2749092567c4d48bac4,in,bc1qekfcarnfmm9nnaaajxlwd4hf73r046sk320nyx;bc1qsh8gzxkwvzfjs0a5ec76atl2kyxrjq3er70p89,0.00011164,12.41,0.0,0.0
2025-09-08,5efbab679c89cb3dca90c6983e44991508f8f7fd4324bf8f07e1d5528c086f2a,in,bc1q72v4e20pv2agpzjrc8q7lkvexav4emg5ahma0f,8.91e-05,9.9,0.0,0.0
2025-09-08,690eb451b63af77469d7ee4c1a624479264f22ccbdbb45939a8827c34ead8d39,in,bc1qn2txcj3rd43ju7dgg3qctpus5mle74jgyw5kl5;bc1qs35dk0zcnj6p8wnew3q6reh8gt7kklew4rhjtn,0.00022277,24.76,0.0,0.0
2025-09-08,7704a8380af0a81ea0b26a6d720cbab01a310ceebb1a82ec175ba96fb74ca0e7,in,bc1qamgjuxaywqls56h7rg7afga3m6rgqwfkew688k,0.00053,58.9,0.0,0.0
2025-09-08,94fb4453e3c6c42df3c92632c176d099ad3fc0651ac7226b822089e6f666c945,in,bc1qm34lsc65zpw79lxes69zkqmk6ee3ewf0j77s3h,0.00042361,47.08,0.0,0.0
2025-09-08,95f219391abaa516debd55b027878f13cd66f8dde32c0f8206dc14142dc2acdb,in,bc1q43du9lcc3dnu57kjfxdscdt9jvsl3xfe3pl2y9;bc1q4dy6dlgxs77792xesmea38tw5cxwcrvzjrls70,6.102e-05,6.78,0.0,0.0
2025-09-08,964e7e23806b5fc302e3b56a0042582ee71ec04274a6ca326c39644110937375,in,bc1pn99qcxm7m0s8t8crwq64ks23ewyn79c6e8ugfqn3a5z7aglcxarsn9m3s3,8.91e-05,9.9,0.0,0.0
2025-09-08,9ecfdbf16965f9de955cc3282953a18a67a32c67de492d6787b3ff980f62ff5a,in,bc1q5n8qxyueasxyfk959prfg47deuhne8cjpnjjap,0.00031469,34.97,0.0,0.0
2025-09-08,9edbf050892b013e15d5fc7f44e185a2ec080c1b94cdedac447b97190545d4cc,in,bc1qfhnjrm9lwuxw03cplnnvwgj2z0v0epwxlh5gjv,0.00048517,53.92,0.0,0.0
2025-09-08,a55ecab3cf70085945b1cb21dbe10572b2e50d9ead1c7923c3378f8416d48061,in,bc1q6ydvpajf0uuwlvx6szcgzq3vtd53q42mvwfj00;bc1q7hd3n9l69nlwh45wq0aatnttf4993kd5vfad56,8.096e-05,9.0,0.0,0.0
2025-09-08,aa5307c3f98001cc6e6c8ffb9028e1ac543e1a5a1ad503ecf516eb4d932ad665,in,bc1q7hvktjl0xwt4enn44vhq0m6nlcx0dts65k2f0y,8.75e-06,0.97,0.0,0.0
2025-09-08,afb97479272fa63f076d17216be7a0c0866db66936832d0d7b64f32a794f14fb,in,bc1q2huwz3nrju03aj0v9va6u2tplw0gw98dxv9spk;bc1qj0yahcl085k48v836nkg3493l65czx6nvt6gyw,0.00026722,29.7,0.0,0.0
2025-09-08,c20c7c87cf1554a220860e302ef0dcddcdefa8f7dd228eb4acb59a4b099223a2,in,bc1qfwggu6wqtqjdkqvdt6hegcjcwrukgl43wjhjes,0.00013978,15.53,0.0,0.0
2025-09-08,dbbe78147dd04737fb3c423c11d464c69db0bb94a9f3a072189dd0df1f95a84a,in,bc1q79dw0kwncwf44g8rztyrnwan5mnl75vhcsr4jz;bc1qmp29q3dgnhztdr7hph38p0pu7vwu28pgnwpg9c,6.114e-05,6.79,0.0,0.0
2025-09-08,dd5f7edbfff8e64970b165b8cf3283962287d6c187018f038c3264a9c05bd83f,in,bc1qk07pczeg26m8v4gul86f8am52lppdnf0furhvz;bc1qtc9mr3sc93r56l4adhg5u72dkazjdwqa57rmvd,0.00016045,17.83,0.0,0.0
2025-09-08,e38adb4a18b1d7208d5a3dea8e8e200e2cc1c599a80a14e4881d714fa00c8bc3,in,bc1qhce7cr0fv8awd2x9uad7gjf5wsj3na5w32ns4q,6.526e-05,7.25,0.0,0.0
2025-09-08,e3ab9d898d7bbec27166ead7f72acfe57e84f0473f33e87b71c52a5b4a33d28e,in,bc1qf43tdrym26qlz8rg06f88wg35n27uhcf29zs4f,0.00022094,24.55,0.0,0.0
2025-09-08,e675b048ec5dfdba4802b1f5a8609101005d7d5a11f3bb83f3a5f97241c4fb08,in,bc1qrg9z0ygupm0vvrsgsdjyhgpr2mrr4079p4hfrxajer69ge2wgc9s6l4e9q,0.00042726,47.48,0.0,0.0
2025-09-08,e91b71cc0ca157e88b297efc77e0ec01e6472c978554a891e525ba58c4805e4c,in,bc1qyzykcjcxfa6t25lz0ufe0vz322pcj3c3m3x9dm,0.00031579,35.1,0.0,0.0
2025-09-08,f038a803347c5cb2707c01f94f3ef43e92942ca9c04c5693d35e5dfc338bf8f0,in,1N8wR2V7QHfudn19aL6wbNFCyyivbDhZxg,0.00215308,239.29,0.0,0.0
2025-09-08,f7aa2158de8a32e549c83b47664828830d43ff485f738e56dbfb48807d2432db,in,3EErq73S9vbK2mBN71vQxaCq4LpF7qtUmP,0.0001,11.11,0.0,0.0
2025-09-08,fbb17507c30587bcf81a62b8541765fd22505a9be801882e6b057e9b43820d25,in,bc1qay7gu3qqd4xwg8f7fnh28757944shylgqkjcnf,0.00016023,17.81,0.0,0.0
2025-09-09,00e7409314ec86eee1bb2c3a9be94f5b4507c12dc089a0d495e1161f94c01b65,in,bc1q873dhhvk38zvs89rz3cclxk0300gk4l9r90mkp;bc1qu467yct3wqkfscxckp8kxfx96ycsesf0kpzy06;bc1qyzszuw4a9hek7uws7wrn7wphsdfdktmzzsq5ql,5.969e-05,6.69,0.0,0.0
2025-09-09,02b8b7000089b164f514731894e63c00ab42ee43d089e8e5982e81591867d674,in,bc1q6ppdr5g2hfqncu7c9u37z4rj4d72td5z39406t,0.00013444,15.07,0.0,0.0
2025-09-09,04ea329bee7ea2573a7c55862f662874a52e655e1f534d0528c666a650532ea0,in,bc1qc45tt563mnezejz8c2se97pm2cnsy03ftp9u45,0.0005848,65.54,0.0,0.0
2025-09-09,0707d9950b4b4962a519f7ead6d939afcd658526b6902568365d7c2d520bd59b,in,3P3JgPnEdtK2d5xGbmT1ZvJHstxoShJ8rr,0.00044613,50.0,0.0,0.0
2025-09-09,08dfa42aa141e28328c306136dd6dab593a04041bf162914e5c5fd000db8f676,in,bc1pn99qcxm7m0s8t8crwq64ks23ewyn79c6e8ugfqn3a5z7aglcxarsn9m3s3,0.00010969,12.29,0.0,0.0
2025-09-09,0a114cbaacd236f980d315acdcca768257fcb85b659d98a5667aec1c8b773e4d,in,bc1qh7mjngn4znhgynhngr2d26mcv77wgaqknuku4j;bc1qtu9fyhuesr0l6kzk52w6d8yatsm0x9jh5rujcd,0.00026914,30.16,0.0,0.0
2025-09-09,0a86f2a1786afb2791e737490c6af4ebeb68b153aa3cf9e53a5ab063d534344b,in,bc1q3flpj5sra69dc5fwzq9gsmh4t8r7r62gc4mpn8,0.00026653,29.87,0.0,0.0
2025-09-09,26de9d465d2c3c06a0e1ee070781edfa5b3d74b1d656a209aa5d0b7235eb5436,in,bc1qju520jvfv6903zm0d37dcdwe359wx5g57cw2fz;bc1qu5n347y6l27vuewmq4svvzrfl2fdrdh7kxr2pa,0.00039093,43.81,0.0,0.0
2025-09-09,28e8f757dff70b9b2ab1881342b95cc2681d57f097fdb59a9b29dad32f2a5492,in,bc1qget63hdclca6f2qexkhelxj3e789k7gp7kc8l4;bc1qr0rfxma9w05ty4aevtsx55eh9j8zqvmqkyxhsh,0.00014311,16.04,0.0,0.0
2025-09-09,29606c1c07a789c1b99445369db40caf3828700ce920c63ea239a7755bd9dc9f,in,bc1q42l9z237wwgq6e7hrznzncajvnxvr0vzmv3h5c,0.00017869,20.02,0.0,0.0
2025-09-09,2a0e97d3df10ef26d1a6c9d3a34e57afdeafd802528ded81939f3617b8b7573c,in,bc1qz9eq2r262jqcjss0pq9xpsclr8ad573ucc085r,0.00013914,15.59,0.0,0.0
2025-09-09,2ce9d370b6beecf3b6ed5033d1d7c95d393aa3754408162f76b4236a14fb1218,in,bc1qm34lsc65zpw79lxes69zkqmk6ee3ewf0j77s3h,0.00019074,21.38,0.0,0.0
2025-09-09,3b4d0628ae8ffa4e55be25f40df91c9258c809281c7bb0e33f8e958f94271a53,in,3D3swpvaYYUrH9KrACJw57YDzcBdG7VDsk,0.00010796,12.1,0.0,0.0
2025-09-09,3c5bba0fc755d459e9961378a08177e34335bcf472bf4d2db8383db53dd21128,in,bc1qq4pa6kwq2g3v9z4j3mssw29t3w6rv09ytha4el,0.00026972,30.23,0.0,0.0
2025-09-09,43e716496fac49074cff210cfaa8beec95e12ece7f93c7a7accb84b492a98e53,in,bc1qaeen5lqxyfsw30qwesxww4kjdkqnyhqqezktgm;bc1qgy42j2wqt6wtzwnl9km394umwufc8h8pwjvhmn,0.00018303,20.51,0.0,0.0
2025-09-09,472d42c9905fc82179d6baddd5b8cb3452bb1202a7ae721a097431a4cb9178ac,in,bc1qecyxgxnmvjkyf64mlxf0vghk7qce569ks2xku6,0.00036158,40.52,0.0,0.0
2025-09-09,4b28b3737f7cb9e5aa7092b728153f2fab2e8ce4d08e48baa49215564abf61ae,in,bc1q4z95nkanwmh3jx68jfzxurfdy2u3jk7xvuvw7n,0.00017653,19.78,0.0,0.0
2025-09-09,4cce2fa5cac9faac00278e410545586c4b2bf78d464e5eed8b9bbda8d82866ea,in,3FVoRHtToidVE7qhhj3DgupWoUH5oJZPXZ,0.00010799,12.1,0.0,0.0
2025-09-09,4f3adf68276a83b65d7aef3ed6d8aa966033ed12b26f8eee289e3d582334f613,in,bc1qytz34v78t3umsuyl3k4d8d3gt2s2z8tanep452,0.00021589,24.19,0.0,0.0
2025-09-09,623c459c626fe17c3fd8fda8e3ca87bdedf1d85d0fb122cece472bfdb7bf2919,in,bc1q9rpsv6j094vmq2z5jq0rdhd4q5c35252cpq29u,0.00055814,62.55,0.0,0.0
2025-09-09,631deaac0ff2fb1098a4ce034374115ef22fa2c88a749c761d02fb0aec412a10,in,bc1qdacf8nlpz499dj87ytng4pdsyuwknd80sen29pqsa6rmf0fg4vws4tfe59,0.00022194,24.87,0.0,0.0
2025-09-09,6b4c8232f9c72410acd231f2da8db2e5066d72b47615e518fff3417694b7dfd4,in,bc1qdxzj452c8tuuz2je6legz62kugzz3xyfn3xpyd,0.00036685,41.11,0.0,0.0
2025-09-09,747dd27f34bac99004e9e64bc2b87a4f7988ed92244568b6b892fd10d35e0286,in,bc1pl4e5kg076khvctzxywwzuhw390hjagja2mal56s3dve4s08lyk6s35wnyq,0.00026861,30.1,0.0,0.0
2025-09-09,79002116b16f7978cc092963a643c9b6ea31b11fb98a65ce78bc6fd18fcee86d,in,bc1quhruqrghgcca950rvhtrg7cpd7u8k6svpzgzmrjy8xyukacl5lkq0r8l2d,0.00092265,103.4,0.0,0.0
2025-09-09,7937520a4bcc53f4f14efe08fb0ee60c1f8ae15ea02c93fe4b52449f38e4a065,in,bc1qm34lsc65zpw79lxes69zkqmk6ee3ewf0j77s3h,0.0013,145.68,0.0,0.0
2025-09-09,7ac348ca55815ef8cd74a9182091820bc78d1655bf4e43821bcaddfcbd401ae0,in,bc1qs49eqdffczgkyjsvzqw2eg8k37kcawx0r6mvgt;bc1qu8lzcy72y54zq6vhk46xwjt48datqajyl6y0p2,0.00046049,51.6,0.0,0.0
2025-09-09,7ee31a2787992125344dc909b1dfd4a227620b44c933dfaca65fe472423ca9e0,in,bc1q0pppxgtv4hfds89y3avt6sqakj4y20d33tpffh,0.00020673,23.17,0.0,0.0
2025-09-09,8852f0245553b5ef581c37f017088825b52d96db47b868d1b8e67b9201bb6e29,in,bc1q749samfge4eq2mapegeclywyv7xr9t57kqkzra,0.00054,60.52,0.0,0.0
2025-09-09,8cc77c6d116ab6b8d148b6eff004e0955e45bdec9d128d16737b540efee5ffe0,in,bc1q6jlzxfryfg60j3nj3pn34zcrnheef9rc7yv8hu;bc1qrq2n7yp4jxsqz4nvkuuff8gwr7c4cu2ld734j2;bc1qrrp2z6p6q5hp6x3npumqfa86mmcdz6pt05fcxq,8.994e-05,10.08,0.0,0.0
2025-09-09,a7366256a93b3139667c9672b971eea4ecfd47618b9f7b16739ce4caf40c0837,in,bc1qvvuss8wrmyzvegeszypqs9zrdzfexuzd2up0e2,0.00013097,14.68,0.0,0.0
2025-09-09,af2c7d7d815239b11a4009376cbc14657a1f30895d9fadfee2f9b5e4cf83ce3e,in,bc1qsz3tt9wwzlrppzwzrhfgf2velyqq6tdgw4qqr4,0.00019432,21.78,0.0,0.0
2025-09-09,b36dbeb34088499fad042107f2dd433bca30bd186f72f8bb2da59ef857a550d9,in,bc1qfxrzhfaq5q28ex2dpskv6tjz222ntavaa3fvam,0.00125,140.08,0.0,0.0
2025-09-09,b74d5c4af5b79a35fa807323f84124ff871d3d0eae6811e185c2f7ec0d20c37a,in,bc1q3hxltq9z69wlh768sv2erqtawdnwtyq6j0h343;bc1q70gwa37veus9cxpsxtp399ck6scxlu5w3xs3g6,0.00022466,25.18,0.0,0.0
2025-09-09,bca49b84ba1a141045e45fd4a2f22528fdaa94d23bd8aa786d520a3f7e540ee7,in,bc1q5tfxmpq73lqy0f7sen32nmq9753ua04egvg0qy,0.00085478,95.79,0.0,0.0
2025-09-09,c2f759c9114518b0e5322ba6be346a75076f50ef529e7a7871cdb38d164a547b,in,bc1q2kf47fnfzndrkk84ncl0qjf7qp8436qwu3xw4v;bc1qm4kmcaa57r0nz3jgez04tuglqxmrjz89fmpvhz,0.00031417,35.21,0.0,0.0
2025-09-09,c40e73016fb8c4ec0440cdeba4405e2b920279236c4d3faa350eb927744f8e8b,in,bc1q60qcl4jaxnz9zv2jrrp8glh8zkkcdwt57fw608,0.00019635,22.0,0.0,0.0
2025-09-09,c60e02a9413a7f710b40dc1175626be27cdeb87a7826706c22868ea6553e1035,in,bc1q7vjamel47at6lpz2lv8zdxxkv9e05qvq9m7m8f,0.00045031,50.46,0.0,0.0
2025-09-09,c7754ee0d68e9003256b59c147af97d214875307d97d65a95ce124a45643d2ba,in,bc1pw0putss92qhx93u087dtdz0scv2q3nlfdpz8fc97acqufq2kzzrqp0q7mw,0.00026889,30.13,0.0,0.0
2025-09-09,c9e31b360c06663fd9f610a76cf271923144c654722a0ccbce2b39482d640ec2,in,bc1q4pd7h9h7vxe6dheeng9kjpmdcc8mhndawe0ue0pngj9pqj0m6egssagqll,0.0004068,45.59,0.0,0.0
2025-09-09,cb0a0de3e5f67c76a930c783a03647f825550c699f3238eeb17db35e4f53fd23,in,bc1qeavyj6w90s08qes890r39ue84vfxtms8gts3us,3.102e-05,3.48,0.0,0.0
2025-09-09,d0eab361c5c834203bf058735d28ab6316eacd7c6f5aef7e3686e5faa58e38a3,in,bc1q7vjamel47at6lpz2lv8zdxxkv9e05qvq9m7m8f,0.00053962,60.47,0.0,0.0
2025-09-09,e009a01e764e95c19f7f572f4ea54bc33167df26c9d0b33051bc089099f5afff,in,32VBFnyrbbLJzgpUUHF7KQ37zLMAeJusGv;3FMBTjhKiQFyNXFn3N3bJHnkmgZFZ4iSqz;bc1qvnwykqfapvuu9mydhz2etz9vu84mkd7rhw8v3pmral9wm6kqcwssv9hlq0;bc1qyjurhej7ecv7cqehxtddfu0nlck8q48j8nqfzt3yyz9vs3zt4uuq3nwk58,0.00020666,23.16,0.0,0.0
2025-09-09,f055b7c79a74a2313d01e5b863fa80035b4d98f893f5744fe2c42bfc9bbcc14f,in,bc1qqdmkyjll2hp4srr478vnzwdnfh7y8ltgw0wp7u,0.00040548,45.44,0.0,0.0
2025-09-09,f13c734b1847ab1a5c68223dcacb10c2a6b2ba3b1cb0d0bf31c643fd1d409aba,in,bc1qa04sa76hmd676a85uspyhjtzrrqlqvpj9s0pdg,0.00012533,14.05,0.0,0.0
2025-09-10,0bc59bff9e9029b299e81ee538f972fe379df1f90664f2cf757c46c2494e2075,in,bc1qm34lsc65zpw79lxes69zkqmk6ee3ewf0j77s3h,0.00011,12.27,0.0,0.0
2025-09-10,12042b591f9ff7f1a5de5a190002dedd67c034c955acfa2c22db6184fe7356b4,in,bc1qx4nq4mhzr8mucgwmrzyef3f6xyah2evet64sk9ddpune3x5a93nqvcugre,0.00038566,43.02,0.0,0.0
2025-09-10,1247369faa0b219c3a3568aaeb609215442ce7954900572a75cc2cf6e22da86c,in,bc1qm34lsc65zpw79lxes69zkqmk6ee3ewf0j77s3h,0.00044019,49.1,0.0,0.0
2025-09-10,194c4d2aa9ec55c18b13446caab74de2a3df5005ce3a078c81c0542fab2c9229,in,bc1qgcrwnln57wsyrgldzgfdt2jj8k8n4qqvgx0wml;bc1qyk6lmvdh9wjc7056n473ct3wzmjau6mlecc8lg,0.00026325,29.36,0.0,0.0
2025-09-10,29724b29b52f119e115d765f76855f6e419addba113ed3f56900902fdb8216c2,in,bc1q4ndrl93ldzm782d22vue024yuqylpxl7gmhxcf;bc1q7c8hn87dyhz49k4lrd4tzdulczx7phylan8rw0,0.00033228,37.06,0.0,0.0
2025-09-10,2a7b99a59c2a0202bcad043e17290545db93106f6dd31e7d929492cff8e1780e,in,bc1qfxutnmmgplqsz2s04ld8s3yt9aw6nt7y6hvmmv;bc1qjcs8kluwe77amgwduwv94eylcyck6y7qf745f5;bc1qxjkn0nj2jfvwgr990dxckgeuwc4c0xmkchvsw5,9.28e-05,10.35,0.0,0.0
2025-09-10,33407a1dd7115ca280c3ef72bbbe13710f7f9d8475af96b457e8e49866dd7a00,in,bc1qm34lsc65zpw79lxes69zkqmk6ee3ewf0j77s3h,0.00122007,136.09,0.0,0.0
2025-09-10,37b48ada93f1b0c60970341f25db7fdda5e6afb22c929331df241934439eb904,in,bc1qlejf4scl6xllx0csycnlk4fgz7h38utmqc9gzc;bc1qpalp9hvwfnzmvwrlw48ml3xafzprhw67w2uyc5,0.00018464,20.6,0.0,0.0
2025-09-10,39ab70fe48c7fbca05af8483c31972cd160e1258f0447ab5608b91f9a81083ef,in,bc1qzs62vxwev89n8zd4xu9l95ud04xrgvqk2a0uj9,0.00035145,39.2,0.0,0.0
2025-09-10,42ef4bad7b1665af9c05342070fc18233cbdb6694f8f343a2464ea2c2bc95bcd,in,bc1qmgpde0xfe59yz02uy90dstp8pstc8juu70gk6p,4.4e-05,4.91,0.0,0.0
2025-09-10,446d19f60bcdc2317a39604b09f0bc6c58c0b2d7d19a9dc7bd0856c002405492,in,bc1qm34lsc65zpw79lxes69zkqmk6ee3ewf0j77s3h,0.00087,97.05,0.0,0.0
2025-09-10,4ad4ec39a7e756086ae9200a41eb23a7c10d28fda91e695ec794ca62fd2e2a55,in,bc1q0xml8l594dzh6jg75sdwclg7cjk98uvlz6z9kt;bc1qpj8ka23z5q2memj2zmewx93f55xk2j6kz3fsw7;bc1qu3rz5aund07hmy9tlnk4pdn0awzfr79fr3qkkc,0.00015855,17.69,0.0,0.0
2025-09-10,53dc593367c076d051555d0f5d957da5ec3b7eabf484d8d9cfd38702c5d906fa,in,bc1qe28nfart2xlr3nmwxzqlk64l3spuvwuzmd8xfx;bc1qlctdekwcskfzr9hugl9td4wfqrvshxyp983hzk,0.00026339,29.38,0.0,0.0
2025-09-10,56a58bc19c0fc44e6faf2e25e123d5bf62640aa28f37d94f80c5ee25a74ee4cf,in,bc1qm34lsc65zpw79lxes69zkqmk6ee3ewf0j77s3h,0.00011,12.27,0.0,0.0
2025-09-10,574d997eac29e55442b705378d2d8ef31fc06f572973b6118e190504098dfe26,in,bc1qm34lsc65zpw79lxes69zkqmk6ee3ewf0j77s3h,0.00027343,30.5,0.0,0.0
2025-09-10,576ab52ebdb2657c83aed107a2c8e51d742cc02587c7d6bd158a21dea88c5080,in,bc1qzg8lf55w8eaa2vjlgh2k5dx9w5eu35rfcqck95,0.00089763,100.13,0.0,0.0
2025-09-10,59041dd56475de5ad418cd5c822ba7363b789b6c26d3df79bee953d661bc4b5c,in,17VDoJ11npQf1qbepEotr3KE2e1rjGgyQi,0.00013484,15.04,0.0,0.0
2025-09-10,5adcb6c8383c7b6cb33bfb6ea76039eb12d50882146472ffe823d0c8479fc0c5,in,bc1qqfdhr6h2jmk3l6k4lm45gpkpquw2w9uvsk6w68,9.597e-05,10.71,0.0,0.0
2025-09-10,5fc691fc57055cdfc6258787efb1f85b7249180ac549f951b724060d2372405a,in,bc1qfava8dwrwd08txr9zuyedmz74zhtsynqpqslf7;bc1qvaw2wu5lv77wvxtrhpzuquf80uugz02f8w5js9,0.00070301,78.42,0.0,0.0
2025-09-10,60bd5c0969e9580e3e74b3f74fab1c92d970efc2dac445ca8511a2136bb951d5,in,bc1qjk8pwf49gyvzwq5ycek63ccmjuw0swu6t4054c,5.85e-05,6.53,0.0,0.0
2025-09-10,63bc90ef3ce87f3a24b9f061455aafcd257b7d1d27ce6c1710a116ac6d0f7406,in,bc1q8ucrr6nuawt8t2drpajhgy5ugykl24e45u7dxu;bc1qc0l8ulz4r5exttuvdalev35e7wxgx78kj800h5,0.00013734,15.32,0.0,0.0
2025-09-10,644e46a068471cc3d988b3e89afaf276e7f7de41c48c7491722f85d8c2738517,in,bc1q4d3lq0s438sq2drl6gwzamchyyjfuu53jwf8ea;bc1q4xmtfwnddehet5fyar6wemvzuv80xcwmppgaug;bc1qrrhgl7f8zz722z9vngddrudd0th4p2csmpk996,0.00030524,34.05,0.0,0.0
2025-09-10,69709e771f7ad3260068aee3eeb869f5ee594a2de53d384b86a0f5bb9ab2fcea,in,bc1q4stvrskm4y2tpc75mkz6z9n8m0c0p5zltd6q68;bc1qd7vw9eqkwr853feknqhu3rft3duu567gj4x427,0.0003508,39.13,0.0,0.0
2025-09-10,7530438f81a5d4e6e43e9bb46f063fb6ef5acdf8b2a7cfaa2fc6de4ebf6c207a,in,bc1qp8jjr5wx6n082kpchs8yjeqtg5ph65rpcu62kf;bc1qz8j39vgv5tlflk2j80q3564tqdyhxu47d8dkq9,0.00071945,80.25,0.0,0.0
2025-09-10,77376b891f577b160f56bfcceb10296e0f74c81f2fd4168e700265e7d2375518,in,bc1q0lz36k7lr8de7vtwrqptn8fc5hqh5kyvsy3327;bc1q78y7g945k05dccenayu8dsq9cgklryhljfny7a,0.00017942,20.01,0.0,0.0
2025-09-10,7a83eb81b0da8e5838874106b2d7037672196718651b43fde9bfb4afd89ccdd8,in,bc1q9mq5u4rsp3p2cuwgfwmu5txm8fuagnf5f3kyu4;bc1qw0pjtrr55daffs8lz7v5smj2q7k9pe6tm5quy3,0.0001799,20.07,0.0,0.0
2025-09-10,7e3dc67e555ab92a89f587a5e0c540767b25a7b76504d3c152cc99a72070eb54,in,bc1qm34lsc65zpw79lxes69zkqmk6ee3ewf0j77s3h,0.00352644,393.36,0.0,0.0
2025-09-10,80da298d66d00bc21acbb364b4867e4c3385767beb0d81f9ed63493666fd4d28,in,bc1qawzzl3xjys3y5mue4wqsfzxe0tnz7sns9ex0y3,0.00031527,35.17,0.0,0.0
2025-09-10,8123fba882650b8367648516825ad2acaa43a95531b40faa31defaf7acb91fa8,in,bc1q9c7rlt9f5vxgndjcu37zjqrah588dylymr95y2;bc1qtjdshadksjdu7m9yw2g0jlcwmawvarvk5yvcgt,0.00053314,59.47,0.0,0.0
2025-09-10,8854018b4f9399dad113933c1e536bb6ed4e1752f9c97dfa4e64703978cc2af1,in,bc1q2ke2r744cansxjmqlw2jan4lequuzyky6uqe8n;bc1qm9dhly8jwe4h9h6uxeahmnydwep6675p9luvsc,5.625e-05,6.27,0.0,0.0
2025-09-10,899673c33ff9e092a34183d402f3a8929c7c8988c77c2c9f6b016d42ec80cdd2,in,bc1qh6tqhfg43q264ae2yvykugfv6zddnhrzpzrdc9,0.00026351,29.39,0.0,0.0
2025-09-10,8f6be4e4dbab8399427d23bdd1c357c7fbcf6122cf9a6ce0c6ffbdaddc0b57c5,in,bc1pl23cg80ntn22333ugsaqgxn5kjfz7pl6t4padzj75h2uut68m3rqnas4wf,0.00058637,65.41,0.0,0.0
2025-09-10,94f790bf082ef9e8c1869953ba8507f3e3d024a2945ef811e806fa4a77cb9841,in,bc1qjx8gleytzkh3xf5gyrk666m6cfjdf52wpz3lt5,0.00031523,35.16,0.0,0.0
2025-09-10,9f5426ea6826064c0a6dce1e61c9f9d1f546d06c49c64ae3e304e006aad59ade,in,bc1qn3h2h6hn8uwz3uh58hpwtvucr4n8lqv7y72fle,3.51e-05,3.92,0.0,0.0
2025-09-10,a366c25fe6017b44de4038761cc8a03248e69ec1ec4558ef7c71ed8e326bc070,in,bc1q4qvqxxhhywxjv5ddasfyxl6g8pum43tkp9jz4q,0.00016849,18.79,0.0,0.0
2025-09-10,b3a5d73b5e1ee6546c1e81bb87bebdf58b6596ca86bed63d4192dc290e49326c,in,bc1qd7c6zu7rwcuzkvz5zjr66hvwvfux7gc4aa9kf7,0.00111851,124.77,0.0,0.0
2025-09-10,b3c140a9a07cda882f17ae4b22bf8350c0ddf06798e32600ad275eede404b10f,in,16agMw9FdpbBLak9TmgK2EvpqTz1W3C7VH,0.00048479,54.08,0.0,0.0
2025-09-10,c222308482dbc3c7edc2ca20adc0b444a78b73e8765d0f7e3ddee1009c85d914,in,bc1qf0wpkvsn0d54d9du3hy4sx3y87gnk324jnrv00,0.00121419,135.44,0.0,0.0
2025-09-10,c27f07bb148af95b494bd8477ea00426950f4ec47b5e9e191d08fecf1735ca96,in,bc1qhlw8z7ag99dpjs2ae6qmn2cxxxzhjn8c3yq8nw;bc1qkt6avherh7r8p67dnrscdqj03nellf05my8mf8;bc1qrlvg0rj58eqeevfug35d72h4yx6smqmzwdyyld,0.00018024,20.11,0.0,0.0
2025-09-10,c5bd34a9e61bef574eeedfc60b7c0a0c53a02be6b1898b76c49ed35e9d409725,in,bc1qk9l00rhm52gn4slp2p9f3h469j6v8fn8gmjnku,0.00029,32.35,0.0,0.0
2025-09-10,c8e519f5c19b70ac4b1906aea394586bebe32f1f6ae2a0493a27d2dcaf85a13b,in,bc1qtxywgy50cmqre5xlyllvjfdvz6502repmhtrys;bc1qwc37kuucads02w38ymqtthkcat2484fg346qy5,5.375e-05,6.0,0.0,0.0
2025-09-10,c95a7b5912d4a69e4fad05e5334f69d2d277e5413f6dd232147fd6b5a1075b3e,in,bc1qthphm70hsztz2lg9hhd3tkauawwak5hwggak3q,0.00035904,40.05,0.0,0.0
2025-09-10,d0a98a812e62328c35c4281424f243ca5ada47443211cbe8508de3ead5986bca,in,bc1qm34lsc65zpw79lxes69zkqmk6ee3ewf0j77s3h,0.00041605,46.41,0.0,0.0
2025-09-10,d4f884e8aec6c5f71afbf4c454a0099d77e92fb5fc2ef99fbc4a9c1850323f1d,in,bc1qktge3js7mq4zq97f8uzln8jk8jyrdr6r3jlpn5;bc1qm80nr4pq6rkqcmvgrfw2xrsn5lzx6rp2d6nj8k,0.00018503,20.64,0.0,0.0
2025-09-10,dd160f73fbc79197a98c6c8e514897e3c453ece74ba6f8a396a459b00d66c70e,in,bc1qexhgd4x86aw2mnfnnqkgekme9grsfsetdhlwt0;bc1qnurtmj3ray3266qv2ececwq0m68z845cthjexf,0.00014364,16.02,0.0,0.0
2025-09-10,e797841f03c15500726146474954897287c42b3e9502e11f97f4f7182e5de19f,in,bc1q5jwzc85jemzf4wd8ugzaxkvmqzwgwd6yunch3k;bc1qqjmgap34r58n5hncwttsvxawhqzm8fvwqfpujr;bc1qw68l6s5z00n6h4psljn0789gu9k8ea4wjgl4ec,0.00017638,19.67,0.0,0.0
2025-09-10,ebaf61e203b9b73460a79b41feb350f074c6d78565d85dcbdc3b89d7c218c20d,in,bc1pktg6sqwzamnfscns8jdygaqh32pwdnjlym8dpafpguel56xrd8gq5nwvtj,0.00062629,69.86,0.0,0.0
2025-09-10,f14344c44b412e80a9cf4e6a5272d2905b9a88bd006ed88f226ba79b5752c649,in,bc1q59swgglg97yks4x2vcp5yqmdnsmkhrd3jrhd9l;bc1qq8ytd2umgkhk7h7nayzqs37pvzhqxfveszjd3w,0.00020121,22.44,0.0,0.0
2025-09-10,f1f6b6d371648b578117e415c20f8f2f75df82f66b49bd7fa8189b3cf2e87a3c,in,bc1q88rysfe6dvftufl5tx6hwv9tj0aqz3jk9lc4pg,9.408e-05,10.49,0.0,0.0
2025-09-10,f54b826cdc5eaaa75cf676a7084dc68c22048067be41cfb62105f9bf5b6c209d,in,bc1q592z8ap7pj6f75rqxzq2p4972pk0ypcd96n34f;bc1qmh3aa2qpusylyf4rtgqydyvlmahamxvjehj4my,0.00017606,19.64,0.0,0.0
2025-09-10,fa06e6366e2d1a43817672277e8af6b9dbf7d85a1f0b00c3a58c02dad7aa481b,in,bc1qa85drdpn58a9re3hc09wypx7ydr5xxxhe76v3l,0.00022442,25.03,0.0,0.0
2025-09-10,fb1e98e5ca114a3182e3d0812528b1cbfc21dac273e32d46906d372b4f5e36eb,in,bc1qm34lsc65zpw79lxes69zkqmk6ee3ewf0j77s3h,0.00027591,30.78,0.0,0.0
2025-09-10,fcfe42a1fdc126797e279fde9394bd0bf9e59f763d49692332183bbc7c513a80,in,bc1q8hswvn5mwgpm3d8uj4u65rf735uukff48mqgff;bc1qemq9r93qz0raru4uj7s38r6zl0yfqvdfefew4m,0.00038441,42.88,0.0,0.0
2025-09-11,04a5d9a8eb1f6e0f9028a1f632d5231e99031353e8fb5205a70a47d498344a46,in,bc1q5gldytkmh9ytprv7thsxuzelu52yhmpcu4qqe5;bc1q6ak2vujr809fesmfg6anq3y2uz72x84y7v9lat;bc1qgrj248qt7vr08r98e6acemvq2he07s6qxtgw6f,0.00013563,15.46,0.0,0.0
2025-09-11,0b9aa02328716ee122c896b920a0fc4bddbb8a324e4d2ebc733b3daf3dcda399,in,bc1qm34lsc65zpw79lxes69zkqmk6ee3ewf0j77s3h,0.00057362,65.37,0.0,0.0
2025-09-11,0e224302e426df552724f3c6ae3927d02e9be0efb32e7b8949bc5e5cb9c8b86f,in,bc1qck3nahqhrclpd6dpuww5da0r7mlajzfrmuxg4g,0.00017566,20.02,0.0,0.0
2025-09-11,15f1df1208e63b97d391285783f7693fc0382ffac7af96479e8e95630ec07438,in,bc1q7zke3ckxu3zf3zkxteu37l7r5dl3eps6wgww7e,0.00043145,49.17,0.0,0.0
2025-09-11,1d7d6d43419e113e4d9ec7e1c7059889c2b69dea8b9a387cbcd8ab66115f35c8,in,18DtWviXg98Xy8erMTKwK8kp77MFHYPvjf,0.00043172,49.2,0.0,0.0
2025-09-11,1edf42749cf2ae4b5a7a3935a17207a96b8bb4da191b8a84623c32a3e1d87e26,in,bc1qm34lsc65zpw79lxes69zkqmk6ee3ewf0j77s3h,0.00011803,13.45,0.0,0.0
2025-09-11,25a19eef6805d228390b9b5643aebe703e7693a1d4039dea9040661003b407ed,in,bc1qm34lsc65zpw79lxes69zkqmk6ee3ewf0j77s3h,0.00025002,28.49,0.0,0.0
2025-09-11,303732ae50b8a2706f1c451f16943c8ac81c6ca9526ad253fd8a97b9b648c888,in,bc1q3psvjdtvypephzssaujdh70hlvnprc8tneap6z;bc1qhll0z8ms9g6mc667xz332t3fdacukpvz3hq2qm,0.00033096,37.72,0.0,0.0
2025-09-11,366f60fba80f41d9e183c730611e1b976f59b37baf54476b2b20d2e5f753a1b1,in,bc1q20yr6a0vkzhn48emr6x59ae484wx54wp2tatxa;bc1qfcp667w7mwxwj02l4hp8xka4n2860ams92h8v4,9.427e-05,10.74,0.0,0.0
2025-09-11,3e6b5b2c141f48c2daabaf2effa9d1def22062f63b0f1773a14b35dea63dc688,in,bc1qq3tsw6zcgdcl02lvry3xwyjtafawhcxuw2q50l;bc1qrtru3hd9fqtpw2vafp75qnsg4zk82ffaqcqk6e,5e-05,5.7,0.0,0.0
2025-09-11,440b1016fcb3d944a059df3b656f6e9af6bda00aea0dc7575ca225d09ca27481,in,bc1qm34lsc65zpw79lxes69zkqmk6ee3ewf0j77s3h,0.00094971,108.23,0.0,0.0
2025-09-11,46d739cf6b89d4d63295ab59b7ebb1ce6bcef794270b0f66f964ff10c605042a,in,bc1q4vxcxw7mpg9dcryqu0kav8awrn7qk5e6wgs3hg,4.224e-05,4.81,0.0,0.0
2025-09-11,46fd29a6aa362a2ef36cbd02e7a89fa32ae333a707d905af54d8a4e112cf3c0b,in,bc1qm34lsc65zpw79lxes69zkqmk6ee3ewf0j77s3h,0.00022974,26.18,0.0,0.0
2025-09-11,511a13d3b8398de5e5338d96c3abf366c8e2e23b35562f3091b3bdaf558978b1,in,bc1qh8aptq4mz8ewl7zluvp6x00fxxp9pyc0us4e6x,0.00043799,49.91,0.0,0.0
2025-09-11,5de81b279a8cd22229feeffb1569f5d79ea9fd074f89bcb32e6043dc03d1579d,in,bc1qglu7vqr6az5xgcz8jy4544y7adsknawt2t0rzp,0.00035454,40.4,0.0,0.0
2025-09-11,627294102ca4782bb4af6c1aec204d5f7478a5aa23024445907ce41b47e02216,in,bc1q9epnntlmjxh76c7c8nzy3sa7jwfzguz8fwk9sw;bc1qknp98j48ar2uj0ex64qlw3klh8x3tmd2akqumz,0.00026273,29.94,0.0,0.0
2025-09-11,629d643ee8563166b96eaadac03f72fbadd0397588e99f29600138d918b37808,in,bc1qhsrxd0zqup2jnsdllarl54t2979v36qxsfwq7d;bc1qtk7nk9khl4akwzrqtrfe3mddvqqng9xj3kgxap;bc1qwgy480m6f66wh95dell2wdwuucrsvtevdaxkdc,0.00025385,28.93,0.0,0.0
2025-09-11,6ac3fac121aca2097799437a72743f84f17495b9b639469096141d3397d499cd,in,17VDoJ11npQf1qbepEotr3KE2e1rjGgyQi,0.00018334,20.89,0.0,0.0
2025-09-11,6cf800d826bf1b1aae79b1528f4054dd317ae13dd5f2b9f1111c3a36e70beae3,in,bc1q4pk36f5tyukfn3jmj9fg34y77svkgudr7ljlrx,0.00021949,25.01,0.0,0.0
2025-09-11,84083b1fb9dcfb540336a3fdadca40c85ec1d6f16175d288e84912cf440f6b6e,in,bc1qyxdkud72ct3pr4nfpzkytjnllc27xkqk3f6q90,0.00017925,20.43,0.0,0.0
2025-09-11,86c483dead0ee09a5662dcda376918cd06bf8447e68b67072d4a30fd7bada55e,in,bc1qcx09uzy7hhjrtqt89tfq6qcxcrgdlxwqx6t2tr,0.00021894,24.95,0.0,0.0
2025-09-11,97d8d873649ae1bc0d0c703ccef361b594b9042d8ac4c2580a36d67197dd8c75,in,bc1qkrq2wws9gqhczwlk9hehy9y3n886y4c5hwuxh9;bc1qu97a0m53ytzpe49l50zyg6stl2xhwnc47qlvxh,0.00029147,33.22,0.0,0.0
2025-09-11,a71bd353535fc19bdc5f0e0573f1333f18fa0bad7fc6394fe1307c4411464e47,in,bc1q7g2rqzt0cpnf3u9q3e4fkewfqvu87f9sqg303j,0.00017473,19.91,0.0,0.0
2025-09-11,a8de4ad4c1b3f62c8ed0af1c80de243c9163cf0aa0b6795d4ce1243323351c3f,in,bc1q3fdpn24g4elp2cmt9um26mue5andtfjpvukadw;bc1q7n0e0zpe7aqcmyxps3fsy8l8hry6flcjdg6eld,5.239e-05,5.97,0.0,0.0
2025-09-11,ab8bf71e1ecc4f3bba4ff4416f984d7e6d701e5724c784a65a4912d3790fcd98,in,bc1qd55sgwjn529wunu8jtsmj0p8u73r2rtg0n2559,0.00052509,59.84,0.0,0.0
2025-09-11,ae09cc3353f256b676f33477e5b5e0a7378f57238dbf37799a3371317773761a,in,bc1quhruqrghgcca950rvhtrg7cpd7u8k6svpzgzmrjy8xyukacl5lkq0r8l2d,0.00048865,55.69,0.0,0.0
2025-09-11,b001588c1185fc3380691bce64e51e9e0788ce586f7c04b662e5e4d478f712c0,in,bc1qnqx42vf3lhn8ava8sp9k4x0w4h5vgnyzw58zfu;bc1qr3wmazm38y0t5t0swtm56h0skwjjukuume3nhu,0.00010196,11.62,0.0,0.0
2025-09-11,b192322de2e42ae6688fdd6070814dbba3a0d2738ec43dbfbbb08485eb1a7330,in,bc1qk5c04kl936s3nyrrwtj6mtrgfug9ugtz5wm4ma,0.00010136,11.55,0.0,0.0
2025-09-11,b99675dbf3f684391fe9309e6591dfb73fd4a3ba7a760a001fd05de7cd6a357c,in,bc1qq5zqwghz48mvh5nk5hxs6famys7rs5ts2q9wc4;bc1qt3kkrs23wg6gj4f83p8eup83vrwnxcla5mtqua,0.00013773,15.7,0.0,0.0
2025-09-11,bbd06fa2f18725079dacdb764b02ee65fe5ab74b409dc9d0a0d6138b30660ad0,in,bc1qm34lsc65zpw79lxes69zkqmk6ee3ewf0j77s3h,0.00133155,151.74,0.0,0.0
2025-09-11,c31da013e1b5cae90efe450c2c9d34baeb383f38700d3f83ecf1b426f8c114a9,in,bc1qqst50y38j54qgzwhxnpmd4m4u06gnwvqec5xq8,0.00042187,48.08,0.0,0.0
2025-09-11,c3f5da720ee3307f461c936a0a58435a8bfdb9ab3e69599b9266fb303a1004f8,in,bc1qedxfejj5cxdnczgn5hj80k4un468dj9wyn7ygf;bc1qxss87vrphq6dqhr5tatnctekgezwcy23c9du02,0.00087286,99.47,0.0,0.0
2025-09-11,c42cb593b81dad8349a4e55fa257703ea8c66cbe35990f2360ae2992d4d1c3c3,in,bc1q2fjvtqswaa757qlcn3ztqxe4lj6jqcrnhmw4lu;bc1q8ft4pvskhcymzh7pxqy8ct4wyrtl4elgpw9w3t,0.00058701,66.9,0.0,0.0
2025-09-11,c443e52905cba5b2746d7da58a290e38e4b25e9a464d330110efe14dda2572c4,in,bc1pe49vea52yr0qne65zx6e8zwkuk25ngp6lg22gfpdx5g3hdtjtn8sl6qp2w;bc1q7q9qu08jdn4k0e96ec7nkfq66yurh6qh45zurufqynrac4j66c7savdcyl,0.00030934,35.25,0.0,0.0
2025-09-11,c4c15d8904361e3954348509df573954859f14e7dfe49dacf5791a23314d545e,in,bc1q7wkm2klt2quvemwl7cxd45rdzxgdyecz77c5x0;bc1qxe5k64stkqxmfms34fj868kzct5dx2jfry3qth,0.00012368,14.09,0.0,0.0
2025-09-11,c737a632632e8cdaa5fa4bc74045a736c2943cf268ae851259055287ad59756b,in,bc1q20j42etcchtam6yqy43sf0wj0l25vtzh2shvkk;bc1ql7akv494urum6ynudyg8elc0pxc9gnvrk9qfea,0.00010337,11.78,0.0,0.0
2025-09-11,c873385d015cb3e8094e338ebb576d278aeed65c42d2d4756106d123998e9c40,in,bc1qg4ftgye8savcluly6edapvft3326stsmmyx5q6,0.00024454,27.87,0.0,0.0
2025-09-11,d098ba9013b2f18232691a1e1a8455a8787491b548f04d4e13e219bf14553cc6,in,bc1qp8nu47wwtph3f963lnm0pek8ct87f0s56z8kgr;bc1qqf92d7nhjrm3ltta4efp7h7jppuyckxcl3fvnz,0.00020388,23.23,0.0,0.0
2025-09-11,d33577c496b3b42d21a567eed1af9fbbf459aee4b8604618f446b10702334a7f,in,bc1q7hjlpgtj9qmj8h6ycn7w7crnrz0dlj8p8s2wxj,0.00012858,14.65,0.0,0.0
2025-09-11,d3cbf34ee69fb9ca82dc7e7f1550c84cfc768b89645f36a782249600277adcab,in,bc1q52794jtex3zl4925ty3umtsu9azkafayjjtx50;bc1qmy0uvwkgswzvn2rfjd5tvphjsh63lnlvhe3rpw,0.00017979,20.49,0.0,0.0
2025-09-11,ddfe48244df1cbd99daa641b0e6c3e4f16c41cb7e8ca87682acaafe677fb4697,in,bc1qy4clf4j59s8rusv08g0d7t6z5h3tac3agwfe5l,5e-05,5.7,0.0,0.0
2025-09-11,e530940acfdc4824449718d26cd116a9c5614a8b334a4d1f5740ef83641e25b2,in,bc1qp6n56ne6rqlrqw7mgsfzj2dgkme3w4h4mtjq69;bc1quycqz4fggsfx7yjq4cptuhhuaxzk4qtalsvm4z,0.00022004,25.08,0.0,0.0
2025-09-11,e75eecfb82367d4bba36219f6d289c864c51c4afdf258eda4208e3a91b572f68,in,bc1q42f424xrepf7njfccyt6geypk9ds30rxpqxd4y;bc1q64umh9c2cpk8wy6ujaclhcv0rwzsasku0wmcyp;bc1qtj8a7nhkqdaxkve8sx0hj7d7z4c2yw0z5k5e0s,0.00026129,29.78,0.0,0.0
2025-09-11,ee817a3d7daf8d7d142fac9bd401a2f17074c19d10f0bf6fc3a118dd4e567b8a,in,bc1qn9ptgx857hjnnsen89un4hvefdhh9za9vpq4ak,0.00017945,20.45,0.0,0.0
2025-09-11,f1bb378861dc090338466342fc48bf4ec03ad78feb47b2d869ddc54694632633,in,1Ht1KYZkASPd1yf8yYhCfx9z3PApREJaz8,0.00010935,12.46,0.0,0.0
2025-09-11,f2a29f5c048a090311c9f8ef259952299afb0289c82d42f935f65edff30ee709,in,bc1qmgpde0xfe59yz02uy90dstp8pstc8juu70gk6p,0.00014064,16.03,0.0,0.0
2025-09-11,f607d24f47e38b32c5cf90076245a4c952bd68707aa46274227446056a00bfcc,in,bc1q5vfpty5m3ehdea37fl9ujpg8tey0u8aspmj7dp,0.00013722,15.64,0.0,0.0
2025-09-11,fb5aeec091a9966771e1cc267fdf6ca2fa2ed5c20ca3f7d72581eb76fa60d6d6,in,bc1pcunhl89c8mu54awzhva0aamsw73uacngckkkx0gd3xzhek3sunzqt860kh,0.00014384,16.39,0.0,0.0
2025-09-11,fd88e66868c0d9f2f7448f66d2430d4564f1b4e6cdc23d9bb9da3ab5c0701705,in,bc1qm34lsc65zpw79lxes69zkqmk6ee3ewf0j77s3h,0.00011966,13.64,0.0,0.0
2025-09-12,0277fa963c8ef06f4ca2954e9f80196255bf5b7f5ed14ba9576141e569634582,in,bc1qsatlphjcgvzlt9xhsgn0dnjus5jgwg83dr05c6;bc1qxsjn668dl94huxvy8vg6qhpdhjxhk054nexhaz,0.00078827,91.03,0.0,0.0
2025-09-12,05547316d4ec66febac375e59d46ac75eb486b5f4b1dadfdf9e2ab9377f8d03c,in,bc1q3gh962ygvsm9a026gjlrfkr9dmm3j568ejc37d;bc1qkedaupz20pf2jh72sufxdt7zxd5u4azfsgh3ey,0.00030235,34.92,0.0,0.0
2025-09-12,062e275daa2a365403b3be4e739765a527bae2a9e1874283f1aed439fe648093,in,bc1q05aexh7c48wcc9fgvqvejrjpq2tvsez67scyav;bc1qr5vjt3cyhfujwpptetzkhydp8lp5uhqmjdluc3,0.00017643,20.37,0.0,0.0
2025-09-12,07c8bf3396c0e8a7d36da61626d182759704c033e3a66f15679593ee507897c5,in,bc1q55g3qxp8yw5ljpecv3xadvsz40agf9hlhtvfec,0.00043498,50.23,0.0,0.0
2025-09-12,086b0f2586f210df15d5fd8adfa1e31f6c86e2636e63e3f4c070eae474f3f6da,in,bc1qm34lsc65zpw79lxes69zkqmk6ee3ewf0j77s3h,0.00127132,146.82,0.0,0.0
2025-09-12,087318d1c637a1a155b017d1c93dac82ed433e6ddffb3d4dc079fa5d80f4ee6c,in,bc1q85nm9g45ytfjlm7sqrfrlv8l7ys388a8gepzkk,0.00015625,18.04,0.0,0.0
2025-09-12,09a6250e960b028a7210b1e64a9849ef17d8d5c947bfb9f9faf017e531a5a049,in,bc1qjkgj62fzdev7au7954m2v7dxshqnuf9t2m9vrv;bc1qkcjfheh39e3rls8e64a22a5kmqdf6cgs23fk78,0.00017355,20.04,0.0,0.0
2025-09-12,0d7cf1b4620c753d1cc12622e9bd1b077793d3fc522aa61187a8c8b4b1711ec4,in,bc1qkv4qhyvfe7gkp52p73mrwx2zctvt0mvwzzdnha,0.00047158,54.46,0.0,0.0
2025-09-12,108102fa1c5c13d271c2e634318c6af6fd50d4e1b3770c6e4ae3534594e0222f,in,bc1q3xc742l2s0jsprqmsgpkn85t2666ql5fndsg2t,0.00010348,11.95,0.0,0.0
2025-09-12,17d82a2addfb356aed72aa5bd36e9025a83bdb1631c41bec2ed289754a7ccbd6,in,bc1qet4k066yqt9uka6d3vpmaqwzjacvlw359wvgnd,9.259e-05,10.69,0.0,0.0
2025-09-12,18cd5444a1f91efd21d3403f03e48d2af3ce9924c65a667c72befa572c23de58,in,bc1q27v2s44k6evghsh09mwr9cc0zmlyn9squ8hyw2,5.314e-05,6.14,0.0,0.0
2025-09-12,1958dd4fa3435373c2573d103cafb4df7591d4ff82f1d39880f63976d8d2faa3,in,bc1q9kem9s386ket8pc4jq5m0k5znxp4pzgfdqhhy9,5.209e-05,6.02,0.0,0.0
2025-09-12,1f0f728401af033471533a2535ece3740ee7cbbea613792852873a26e1d0662c,in,bc1q5fkefcqxaqnqj8g369ajtq28fv0c77er46f57v,0.00019791,22.86,0.0,0.0
2025-09-12,1fa4a4824d596ebdca352fbcbd89aea8fcb1cfd378e0f45b3a13b04b54d6b1f9,in,bc1qm34lsc65zpw79lxes69zkqmk6ee3ewf0j77s3h,0.00497,573.95,0.0,0.0
2025-09-12,2100c1075415ad85418a58a192724c2e9d3c8557bcd5400ea3cc438d8913ca8e,in,bc1q3wa070xcu0fzswemrw95zkwvqhtjl94g5yl7mx,0.00034641,40.0,0.0,0.0
2025-09-12,238e11f7697dde7eb5a492a630da8257f7b15ae4657e0e24c31a776a2df7f26f,in,bc1q96m3ap5vfes6w9ylukl4mgj3rvr2w56vhlh7vn;bc1qgc36q4dt8jylakvwha73j7f4w4lhza27s2kk5h;bc1qzttspyk97pcwz5yeg5l2az8uq08a45d7p3vkkn,0.00051639,59.63,0.0,0.0
2025-09-12,2527e2014e8581df98921c434184214fa79096ea0deae47b121d8891ff36ac5e,in,bc1qjw730uhgadt6a96z7nzwjxp3gvt8vp6arncgsz,6.833e-05,7.89,0.0,0.0
2025-09-12,37c7b457d2cc87507c6d94e4fe6929803e923077fc5f9eb7b14b6bc65fbcf825,in,bc1qm34lsc65zpw79lxes69zkqmk6ee3ewf0j77s3h,0.00314078,362.71,0.0,0.0
2025-09-12,3c74704196d17ab22ce2aab8009e7548db1571bc4180911505f579815446cada,in,bc1qws5dqusv74xx7j0wst6md0y4h8kkks9gg436tm,8.687e-05,10.03,0.0,0.0
2025-09-12,3f1b285ca766cbd5c249357aa71fab2983ec1a8ab3ad78b8898fd1e0b28d5346,in,bc1qtne2rflzl3eu823ynksmeaapshmj7a4ft0jyyc;bc1qvhj0flxh3huan6gmacnj4k74m6rnra6vfhhpec,6.244e-05,7.21,0.0,0.0
2025-09-12,47455a993146f6723b13d2673d9b0b5f245df1e438a348e4ca8cff03d5f53749,in,bc1psx34rpmagj6yhcck09y9avkfrrspc4lt4z503gytjmm9wp5p9m8s7vm29m,0.00025221,29.13,0.0,0.0
2025-09-12,488d81d2dc1de9afe403c31bbb2f868bad4c74947a7811b9eade5c08ea02fae4,in,bc1q69cs6p5mxnljlhuxmj737vzyl384rygvgqjea0;bc1qepj8xpv5dy0x9zyskaycrc2zrxdv45mce7tll2,0.00012275,14.18,0.0,0.0
2025-09-12,49848789ca8c4180b4c04d97780b92c1eeb8734614df49639a03afafb987e32e,in,bc1qs47n8hcr90v05q3g8kn62mhlmjqy734aphjq34,0.00052,60.05,0.0,0.0
2025-09-12,4c83f16221f75a54e7fb67b0b6b2e37139a14c542f6e039918a5a29b2f17030d,in,bc1qx3rdmccaw98648raky0dzd0ugyqd47hkleez9r,0.00010426,12.04,0.0,0.0
2025-09-12,4c91edf9824bbc8f2b30baf98699a988a5e280027a082de7b4a845e919483760,in,bc1q7ug84aqxx34ccwdyt3ff5jsw6q4068m88qj87q,0.00050266,58.05,0.0,0.0
2025-09-12,506ff24a95f54168f77e445e784bb63fcb2faee9aa50081e088f0e030e6703d0,in,bc1qg58fjag7njcupkjyj3cf94hsel6v0x5ty4gl9z;bc1qld52gdr5vc69tquxvcnzufvs3rjlgfmzqhsnqw,0.00038456,44.41,0.0,0.0
2025-09-12,512ee17e218c20f769dbdd14f458668110e77f2efa08f3d30edd98ae7c2713e1,in,bc1qdc7f5ztrghzflduc4ldzeka60m36n4kg8jjjl80n7f6c8uea4qwqalat9r,7.627e-05,8.81,0.0,0.0
2025-09-12,5bbab0beb1d11a57230124cfdec64fbc386f752e1eef11c622d874a832c95554,in,bc1q5s8e4a0epa67nsx3fuvw68tkjprx6u57dp9c58,0.0004329,49.99,0.0,0.0
2025-09-12,626ccabd0133eaee2986c3c26d83a58f6807b59f98f5fb6ecc896ac19b39a35e,in,bc1q2xkc0uzf60ph3m5997w4wtpfxvf8a06tfd7ksc,0.00017324,20.01,0.0,0.0
2025-09-12,64435d33ec990fcab0c35c9a2f999f465bde649d92aefbf280648ed0951c452b,in,bc1qfw57ncswgzu00dr9wfhaj4d5n2ptvnvh0vjl2p,0.00062478,72.15,0.0,0.0
2025-09-12,64d1ec2fc6f7b8cd345d1f614cfe143ff78407607bab5c6b2a0e4ea9da5c5796,in,bc1q2st82msc7ra3m0xll4026y24ed7ajq89w8n8fr;bc1qshzj5z2kn230q30mhstaealf0w5k7g2mxsp0my,0.00051948,59.99,0.0,0.0
2025-09-12,669af6c3766dcd87b936e08ab6302f8bf5d47e364e16198e25c46f0b9db48392,in,158Djs7kDSyjWAUQwfLDH1v2D25EagTSCm,0.00036414,42.05,0.0,0.0
2025-09-12,6ae795c14a45423a86cfd99af5893067073d34d4e22c5b090004b1d70288e4a1,in,bc1qqe659qd8467498f7eqkurs8mj9p6hpdf2l07mm,0.00014765,17.05,0.0,0.0
2025-09-12,711f43bfd2259857cda796653da884f4e7dd345ef278eb126570c11dc7069d21,in,bc1qjz7fhucgn2x3jt3l2u725s423xw2mdz3gy6j07,0.00039445,45.55,0.0,0.0
2025-09-12,74e0fd81a45c9bb0f1587599277dc4653fd9a045d7f330d93769de28a98d6c26,in,bc1qg8d5nyll2xh6uqhhl7hn590kgy4rcdsw8czwpw,0.000333,38.46,0.0,0.0
2025-09-12,87450fda8b0b5d01ee7c008726918d166b3a7e39d55bae7fea711251f196e3ec,in,bc1qtvthgk0mdk09a6glkrdqzy3mrg0m0595dyku3t,0.00027501,31.76,0.0,0.0
2025-09-12,874cbde4bdf75bf50e411c1b577835d6a7ef5d65369182a36a6aa96acb88b64d,in,bc1qexxs9gkzvhzfl3j88ggkcyh96jlrlk7ukh6mgf,0.00038715,44.71,0.0,0.0
2025-09-12,88f2d619a6b0a296abe4ea08901a7fa1b78bf9bf6370d14eeefe6f4d50a09b4c,in,bc1qczq4xvstwhdkyatsudvr5q56gqjg5az2cdy6sm,0.00021384,24.69,0.0,0.0
2025-09-12,8a3fceea0209ad61adfebdae52fc57f0c6104cc596a151adb6bce4acb35f7332,in,bc1qqw26lndncm527fm5vnaw4dekfyl5url5u9awcgg7d3pyhsa8zg3sqrdcw6,0.0003292,38.02,0.0,0.0
2025-09-12,8b44a3069d8b4fe2de0a7afefc8e08e50421218754c8272c286c4243a3250d9e,in,bc1qsuga9rkrw2a0l8rz8yaewfxqc25ac4249knvap,0.0001304,15.06,0.0,0.0
2025-09-12,96f813a25be9176026c420aa1a2bae91ada5a4a683b66615db27619e3857bf2f,in,bc1quhruqrghgcca950rvhtrg7cpd7u8k6svpzgzmrjy8xyukacl5lkq0r8l2d,0.00013116,15.15,0.0,0.0
2025-09-12,9ae3f51c1255deeaff1568a3e9704ab38086d1f2cfc8e411c1d6fe8b3176643d,in,1EKdH69HWTtDcsDrHuoshep9HQfoGJev5J,0.00040788,47.1,0.0,0.0
2025-09-12,9dc94abfc581a02ff7f02ed23425efa8b592929a30009eb6a9531998d80d985e,in,bc1q66hk24n7atgr55q5r4zln0lql49xpakrc7zc7v,0.00013005,15.02,0.0,0.0
2025-09-12,a05c98e0c3d5699bdbd924a405ae422450b7c51f9106d119431187e3c752c544,in,bc1q5we84u8ze6g2pjlrf3ss6fq28vcjexlpm46v7p;bc1qgdaga9nnspsawqtw6ca4un8md6nrfs77g0wual,0.00016932,19.55,0.0,0.0
2025-09-12,a2a72ea133a58779c130f005e254719832ed40d30e203111fbbae180fe3864c4,in,13XyHLeWWtkav4mGx8m3PNnZZxMiUSHGtt,9.295e-05,10.73,0.0,0.0
2025-09-12,acc9020d0f9499a6818d24713c7ef3f05f466216b31a65c23c12dfb0f761d2ae,in,bc1qm34lsc65zpw79lxes69zkqmk6ee3ewf0j77s3h,0.00023251,26.85,0.0,0.0
2025-09-12,bcca94f34d40c465ce9ba9bbe3f7f809f4f62d9c4dd2294b8255d5c2ca451044,in,bc1qtkj6kq3f9myqvx3x87dahmu892n4ahmlv9tfxmn2rdnjd7x6lgxq9sw78t,0.00030202,34.88,0.0,0.0
2025-09-12,bfeb7af0f7ff84dd1e1deca5be149d45b6c2ba078b091da41ad2cbc6ab34ce4e,in,bc1qs2hqjlahxwvxkpkss9p4kctg6e3q33q3lky6g5,0.00011307,13.06,0.0,0.0
2025-09-12,c4dcf2ec037f6d72374ab870aea1b52b655d39dc63be6989e0c1c2a3854947e8,in,34PzobbEMocoyssLiJC8W5LDrSVqsRGw4P,0.00020009,23.11,0.0,0.0
2025-09-12,c86469f9b5400f1477ff3f0d8011404fec413d5291dcfb2d859718dc3c927f07,in,bc1qfle7g5phszhagvra26cv09vszphadxg4w86m5x;bc1qrpy53x7hl5mgv5jwqhqwnd2tlaenqp7e8hunjt;bc1qx43jszphck6e8er6g7e03nv4semc26ckurzphg,0.00022392,25.86,0.0,0.0
2025-09-12,cbed0b280692a30685bebc0a37936ea79de9623b8786a974e24c1b3cd4ab7028,in,bc1q8c0vmxzsv7q7k7u8yvpzx7fw3y4g9rz8jc225q,5.206e-05,6.01,0.0,0.0
2025-09-12,d1493e231db0a49e217d7913316051ec9aa0a161c6fa28aa86f19f4c54c854c7,in,bc1qwym7s768dz67x9mz2ywwzyslpn6lvtlnsj3y97,0.00020815,24.04,0.0,0.0
2025-09-12,ddbb899c588e26d610f1f437157480c50861c8237b0ce511b98e5ea3ecd9047c,in,bc1qm34lsc65zpw79lxes69zkqmk6ee3ewf0j77s3h,0.00108385,125.17,0.0,0.0
2025-09-12,de08670995db42a87792c3e53c1947e954bd781a929eb974ebe50617c82c05d6,in,bc1qthclc7xfhyyhcf43hefhrmgrwy0lwlaxe8smw0;bc1qyvzkagjjgacdfm0xjvvy7pm5cjzv2kkhfezajk,0.00038929,44.96,0.0,0.0
2025-09-12,e13230a7531c9ac7e915265176e6fdceb2cb7637fdfd0111fc6a8360a6b9ae52,in,bc1qm34lsc65zpw79lxes69zkqmk6ee3ewf0j77s3h,0.00033002,38.11,0.0,0.0
2025-09-12,e84067638766dab5812681ec6f29cbd560d03912124098137d3855d6193e9ec9,in,bc1q2yj5fnq9m3ltjzfv7e25rrd6aa67fxguqk6fpg;bc1qxpr08wz0te4lw2tvj3lv87mtjjxes4afnlasj7;bc1qyqdawxq4u5my5qk5m2y3zpm07sjs0yxaers6lw,0.00032724,37.79,0.0,0.0
2025-09-12,ea0e7aa485998b4fe25c2b0bb63171dc4ee586de8ee09780bbb8f5a249e36291,in,bc1qm34lsc65zpw79lxes69zkqmk6ee3ewf0j77s3h,0.0002682,30.97,0.0,0.0
2025-09-12,ec62446b86ac7af5874f23bbfe1e35c901b0d18926e75955b30ad60a6c25e388,in,34C8kJzhcgGnF7xGAphzKGp4yePUAbSFas,0.00022411,25.88,0.0,0.0
2025-09-12,f40779b2c7eb51aac4a60bfe977992b6d0b1685793f44f6f3c3e73b7a6e07d23,in,bc1q7tfufvrf7n2z54dhn5mpm4yyc9mdt23vcsq0xs;bc1qplxstssuhf7ur7mxdle7aul8y0slzlew8gnafd;bc1qrkttdec2c6u2mh5vpx6xrnt263tylvlu8veh5r,0.00020854,24.08,0.0,0.0
2025-09-12,f8721629dff72607d3f2cd457816ab9301f2a6ee5e0cf4bb39287c2ce5c7bd50,in,bc1qz9u7f0vej85hvfntes5ve5y66mjcuudlprpvvp,0.00040417,46.67,0.0,0.0
2025-09-12,fe1680b4502aa19570ffc9adcc9f27ed810e20e2f06582e0c69bd9acd0e32be7,in,bc1q8r8vnadhnj3824jqmnqhwlgarrvhvfnr2pcslk,3.019e-05,3.49,0.0,0.0
2025-09-13,01d7c43171c60b6394acc58e88735e32a9553bf81e7dc26336a63a8d7b8eb93b,in,bc1qhhf0u7gskurss2ph6mqyf8xl8c7tf05mqmgy23,0.00013661,15.85,0.0,0.0
2025-09-13,0523c8766043f71d3d11d4076d0b99998db28b410044c3cf03333b0df00d7796,in,bc1qct8e3pnqywt2e7m7redq685mzdthxssz74sazw;bc1qt3pvgknvyq5768h0t6e7ud0z5jn7t9e39az8y8,0.00060215,69.87,0.0,0.0
2025-09-13,09ac275767a2bb16fed39cd99cf9d22dc2ea3b7cf9e48e4283ee983a13df25aa,in,bc1qphdkzg3fh9njsq7rnwys4r2ms0xrt3seylprv7,0.00021562,25.02,0.0,0.0
2025-09-13,124093ddc6e3beefbdaebfc914d5304c866528e893b918b4eb9207dfa10c2f83,in,bc1qmgpde0xfe59yz02uy90dstp8pstc8juu70gk6p,0.00010501,12.18,0.0,0.0
2025-09-13,18675a0e4ce077deb06257b5de6d3c3d302375aece5fb9ae2e4783e674914c30,in,bc1pl33tk68m4hxtxflw2ppzn6gumegf77w9t76ftn3w2d3wcy6hxzcsfwzt9t,0.00012951,15.03,0.0,0.0
2025-09-13,1e2ec5ad4a55281fd4cc328280af49eaff4cc1c45df0877fa0ad69d63897134d,in,bc1q0enyxs46wh2mecrhxws8um47lwlgdkkdy28gxs,9.263e-05,10.75,0.0,0.0
2025-09-13,1f76a8e9df85131aa2b3eab7bd4d8c2420a29d88c5d7bca1e9903ae3f4a3df84,in,bc1q9c6c5uy87t2sqwleqvw8jr9q9eljja8z0cc7wa,0.00013531,15.7,0.0,0.0
2025-09-13,232fbadb8c2b411a9d7381f3e1f9fcef0f028ecee49cdf18333444933092154a,in,bc1qm34lsc65zpw79lxes69zkqmk6ee3ewf0j77s3h,0.00037699,43.74,0.0,0.0
2025-09-13,2544c0be6f28ae9c5845011df5d3db6cb929461ee728b53545a2bbf38d5c358c,in,bc1qt329ry9jang93s35w9yyn6ltcx8swhjzyl3k797y6e47wgfxgzwsvme8y3,0.00049682,57.65,0.0,0.0
2025-09-13,2b1c1a82ca8d4c02ebce56e8ebf43e9ff7905e083ca89cea6fd71a5bc6ddb207,in,bc1qpfccas5ugs708zw4xsag3zrfpg52hesxkm8lr7s0me5d9qsrnn5sljw764,0.00040069,46.49,0.0,0.0
2025-09-13,34c78691713ebf5df3ab0d0c744f7a5e305138e885c76a21188bd75d803f0ce2,in,bc1qns9f7yfx3ry9lj6yz7c9er0vwa0ye2eklpzqfw,0.00042183,48.94,0.0,0.0
2025-09-13,39bed65bd4f1ad15cea7723b8b161b01095d4591005485a96f91179ca324c01b,in,bc1qx709tn4rm6jqfkelu5lk5nna63ad65z5rwtux8,0.00023743,27.55,0.0,0.0
2025-09-13,39d85e6a6cb90906634b4f43d3cd570f4a8744d7fa2880334ddf15565c3c01af,in,bc1qm34lsc65zpw79lxes69zkqmk6ee3ewf0j77s3h,0.00042,48.73,0.0,0.0
2025-09-13,424ff0ce6261bc040551854f77c29abea4737259570d7ba5fa5c83030b2b334c,in,bc1q35h6maky5sjzvr7s5qsysnytlrhk0evfjhj3zn,0.00017806,20.66,0.0,0.0
2025-09-13,4d9c30de1ee2ff9d56de9ea95ef8894ef9080620c9f0993d3626fb54e9e86d2d,in,bc1qnagnzkm2q6pthmuwp5zwd6s3cwr4scnddz42z9,0.00013531,15.7,0.0,0.0
2025-09-13,50bcc698a56b3745ff6f3892e0211ad8049df6fc2089e9494c1db2ba757f1d11,in,bc1q3xc742l2s0jsprqmsgpkn85t2666ql5fndsg2t,4.757e-05,5.52,0.0,0.0
2025-09-13,53e59bcd81100cec7e969263cdefad62a660006f9157bd98ea5aca4d0a832d84,in,3H9WXKYPqq4xo3ahuQvEDcDJBgFJcxGLpJ,7.941e-05,9.21,0.0,0.0
2025-09-13,7b71abc7112bc8188a6a545f1a07c86363222811333b22d88486b65c26d7b21f,in,bc1q9r68yrgzch2ltm26q5wgkm90cqrmccpsgerz5a,0.0003159,36.65,0.0,0.0
2025-09-13,8864892a27b6e1fad8483db16b94321c3e8c989632b34f73b551991f43c13365,in,3BWj23TG8N7FkspR2HCzH5o1D3FZbBPgH3,0.00011222,13.02,0.0,0.0
2025-09-13,8b5b83d4dcb5fa25c5e8a9864adb2e4d1d05ecc6d68b0b9b3f63dc05694f96ad,in,bc1qvqwtmlk8hx85jn8fvm9a9022u8xmuekpr0xgy0,1.31e-05,1.52,0.0,0.0
2025-09-13,8ef90654648d24224ffa2f705b8f01679dc49163a205ee0bb50c74d85506a31e,in,bc1q03e8skmd9wgwnh6dyp9c05qyxdlj0ucymtxg4t;bc1qntf0zn09ltlddvgsu6gmqrn6d5dh6ywqyuhkqx,0.00011821,13.72,0.0,0.0
2025-09-13,9690600e76c98c8390ff1983d8fcdb1803d12c296a6966f0fb7c9a3ef8206f12,in,bc1qm34lsc65zpw79lxes69zkqmk6ee3ewf0j77s3h,0.00109184,126.69,0.0,0.0
2025-09-13,99341a3ff5ce6a1d6f4dec0b349b5ed83b7800d4fe1ffea72b4302dbc2d1632a,in,3H9WXKYPqq4xo3ahuQvEDcDJBgFJcxGLpJ,3.304e-05,3.83,0.0,0.0
2025-09-13,9b58476340d6501edca92c61e01c6fd3d1c26a68d823b0f70a756c634157dc2b,in,bc1qscu3e2s8fldg2zrnsafqkfuq26n82nwsv6swnr,6.914e-05,8.02,0.0,0.0
2025-09-13,9d7176727f1c4c16bbcec03b76ff77b4661d8a0eebcf775777d5c01ac2f36e4c,in,bc1qrtdvuea0zh068th02s6hxq7ys6dnqwul2fwdvp,0.00021716,25.2,0.0,0.0
2025-09-13,9d80cddf6f4d82ddc149877afcd9ea97b1d012d31af7302707bcb3ac84227324,in,bc1qfzp580dsf69lj47qht3dp93hp7pn4ewrc8573y,0.00030327,35.19,0.0,0.0
2025-09-13,a3b22e8f6377024cf3ba06053bf1fd37ca74c7eee31a8cfd3da3f9f71c0418a4,in,bc1qgvfuquv44m9n7zz0tedrm7m8y5tx5zulqpmqyj,0.00017322,20.1,0.0,0.0
2025-09-13,b656cfea7d526da254d81107adabb8e3e596f21db9dda183d18cdde3382d61b8,in,bc1qmhkddpkf0rrfm299yt673vaqsedk7yj5tptlcm,0.00024146,28.02,0.0,0.0
2025-09-13,bf262e28eda89d0541bb040c365cbcd77f936227015b69029b072fb05c29abdc,in,bc1qm34lsc65zpw79lxes69zkqmk6ee3ewf0j77s3h,0.0001159,13.45,0.0,0.0
2025-09-13,da3e542123b3c91d7b7329d09d3561d98a27ff7f35609ccf26fa815d045afe25,in,bc1qm34lsc65zpw79lxes69zkqmk6ee3ewf0j77s3h,0.00017516,20.32,0.0,0.0
2025-09-13,dfa7d26be2fae0c82eef06008fb13652c2af4cda369e07dfba5a4ce81c9ced83,in,bc1qf9yjswn59863yvfm3ujymamqn5jspl8cw7zwew,5e-05,5.8,0.0,0.0
2025-09-13,e83c8ea883e0735fcf4345455371ca9ac70941da9c6483d4fd699c3bbcebe326,in,bc1qlmcg0ztrej3d5hczzd0t7wygvyudee40mmq5t0,0.00028,32.49,0.0,0.0
2025-09-14,0cf0ebb8d8b02ed434b6554cba3798dd033e6c2ae94e0bb5e6b72454f4483267,in,3MhoF7edmf2ZYCv7xyGqhfXT1nf8PSJ7cC,0.00012273,14.23,0.0,0.0
2025-09-14,1156b8f1e1c0d8bf77ce6be16d43f4fd35c02bd1b715ab59e593af16d79b1dab,in,bc1qm34lsc65zpw79lxes69zkqmk6ee3ewf0j77s3h,0.00125927,145.97,0.0,0.0
2025-09-14,1531f29da00ea69a081cf65f0329da0fc1e824721c092d9307fa16969a169ca9,in,bc1qcxunlgpt9ag44ehztw3ppldn0ctqwcech88ztf;bc1qp4prdy0svw8jkykdvsw5k6q3y6ptxg8ukcym5l,5.821e-05,6.75,0.0,0.0
2025-09-14,1942263e746d76588bc83e65ca6b357e4abf92bea1c183a2018d491577407e6d,in,bc1qexf8e6063tpfxpcllkwlajp79wncslzyewhfg5,0.00020343,23.58,0.0,0.0
2025-09-14,194e8736ab8498139d08c83d7875904e2e1966b623ba59630ca085c13f8f4400,in,bc1qckjqx73l6plc3ynhfdydayzm8d5p0c2s7dqywxq36hquwkvk2rmqqn3094;bc1qgwzx40vvr5gle2etxrmsakkuc05n28cuu28th48dd3yj83w0w09qhna6jj,4e-05,4.64,0.0,0.0
2025-09-14,19c059d41f289a3ffca43f91aee45800338f9bf782ee6eb6da90fa391cb5c9d2,in,bc1qy4q63hfljzcj0q8ttq2dv3w293l2cs6cy3003x,0.00027671,32.08,0.0,0.0
2025-09-14,1c20db056564a8043c792b524d719ae7b04da1d0560369ab5a7ae7af0be2cd0f,in,bc1qvps9rj43yr0v8my9paqvgckpyx3wluvp4pwp0n3gafgzl23xndeqn83lq2;bc1qy2m3gzc3n6xjfs7l0s6cyqgh729zuxhq04r807y5dkxzczu3a8ds4ywzag,3.3e-05,3.83,0.0,0.0
2025-09-14,1c74de039ce063769b356b22dc4b92217a95a5efb3b0a58bac0a00a39cac7022,in,bc1qngqqu0l4v8ss7jmeka56gnj4j93c6j7p5adefg,0.00017296,20.05,0.0,0.0
2025-09-14,21a78a68b0eb19d316de820348f928129f315bab85b95487a487da8b45f2348d,in,bc1qm34lsc65zpw79lxes69zkqmk6ee3ewf0j77s3h,0.000605,70.13,0.0,0.0
2025-09-14,271813b5a7556a543f2431a6e6fd48db82062a147f102d1a63e495587568ce14,in,3C52syFX1V56LpxDuZShRzKi6qnsVn2vFv,0.00043207,50.08,0.0,0.0
2025-09-14,2baad7d8604fc694102a622eb2febb3664f5549fb7d75780aafe830c6046373a,in,bc1q3hjk78260zdymrly4vdqz6fs70cujlrq7efa5r,0.00017796,20.63,0.0,0.0
2025-09-14,31db93fa7ca5a344c8cccd2521a8f845be291f5c079b65e73eafd9a5cb7b4766,in,bc1qs6c7rg5ryz34skx2spmy7knf9g46rl86khehrl,0.00021551,24.98,0.0,0.0
2025-09-14,33642e1c6f70ecb331f2d55834e11ca21e9110d7cc60314e7dec5618283a301e,in,bc1qk3stq7m20he28ft6783fjnfdln2vhqx4u3fj4y,0.00028704,33.27,0.0,0.0
2025-09-14,4bfe40067a18064f3621f8513e13d30de15490cc05573c305e11598c02192bc2,in,bc1qx3juk4k6pswpq8n6dkyl7ntqvgextderu6mfq6,0.00038405,44.52,0.0,0.0
2025-09-14,562845b7b3f703fd8062136433a9c3534cafa86ebb43efc631d189310c353109,in,bc1qm34lsc65zpw79lxes69zkqmk6ee3ewf0j77s3h,0.00083346,96.61,0.0,0.0
2025-09-14,578361bde3b72e572ef9d001cd592f1887997e89e00f785e20e36ea4d445c120,in,bc1qv5fkq0m8mnapzvq6rrjqll6m900h04gh058x9c,0.00017258,20.01,0.0,0.0
2025-09-14,86c82f17ce5eade270a34f02f7b86a1e4249b91474ac0c3aef4e02ed2758b21f,in,bc1qexf8e6063tpfxpcllkwlajp79wncslzyewhfg5,0.00024748,28.69,0.0,0.0
2025-09-14,87362c7638a9776d09fe20b4755ec87c7a7098b83dabe98aece217c8b321093d,in,bc1q8ydf9xzrduduq4w9uwxzyqz8g5cchk4lxp7dj8;bc1qll70aunupm8jmxf3laglt5tnne0jrkh6dtlnwm,0.00017709,20.53,0.0,0.0
2025-09-14,92b7045d38335e32992aa65bdc3cb96fabb35ba830fdef9728c9901e4501d10b,in,bc1qyfl35lu3ru9qggef200y6gs0k75h5r6msvc39v,0.00068917,79.89,0.0,0.0
2025-09-14,96658d1fbbf050de92064fd3fc18dbe21ff87b0f98e66a7aa88b7f73a0870c50,in,bc1qd09039nymyg49fnpcdww0whwzqqrlyy9zphm0g;bc1qq007hcmm5q57eu5ggqe9n8cpm0jd3e8stn64ks,0.00024,27.82,0.0,0.0
2025-09-14,96ac9160ff7864947e3e992d5b7c4a29782b8c8177b358714937fb2f313c099d,in,bc1q0k2hdazjf5c2narqs0fz4nn6q0vvmrz75zqm3m;bc1qcynuuk2lxram2t5psydhrsmdkks0rsajdfxuk5,6.571e-05,7.62,0.0,0.0
2025-09-14,9a9a8a15676185b36d6cf5862bf7a246d4a18ab26543f1dcbb1a454cdba04bb6,in,bc1qmgpde0xfe59yz02uy90dstp8pstc8juu70gk6p,0.00018694,21.67,0.0,0.0
2025-09-14,b8449377f30e3b7f4317367a053a94c10b3a78a44c2c433e7861bc468d789263,in,bc1qtfd0wtp4n3y9n6lnks57cz3nvghnvz6u5lezs7,0.00010404,12.06,0.0,0.0
2025-09-14,b8b7314d4d409643a936012c3b8bfa4f20ad76fe797fa2e5ff28078045182370,in,bc1qv2zd53ep5rcajnp45sya590ngk3xkws7znywpz,0.00028803,33.39,0.0,0.0
2025-09-14,bb842fe336eb66a60ddbe40efa42dd56cfe1adf44bbc03772cae9d8bf07edfec,in,bc1q7dt5axwfhkdfv3sk42rl22ytwmmp44d9xaan75;bc1qs6gj9e2ufg2n77835haqy8f54xrhzff5220xpz,0.00038621,44.77,0.0,0.0
2025-09-14,bc76a510522224b521b040ab9fd90097ee01121991243cc6ae0df2cafaf8bab4,in,bc1q4uh72rsyw4kkkrun2arr5s4dmlkuhzlcsshc8v,2.584e-05,3.0,0.0,0.0
2025-09-14,c58113a0f8b3c8bc9c031bf6d4d1706bde64748eb89ba2fa39f6bcec0200a2f1,in,bc1qhq4g2rqc6r9dj3xge6tt6qekr694pqpvzleq6p;bc1qwrn89cxhwqwmmgw52afw5uu70tx8ltznh5gj87,0.00028532,33.07,0.0,0.0
2025-09-14,ccf647c051ecf646fa29aadac375139600c186ed554ca05f02176d6a52e19b5b,in,bc1q0jtcl08km9tx0wxzltjcfka2sh5lylhhlzexzq;bc1qc0q0q6acp8aj8x7csp5jwhxxtn5al8d5qk0e3h,0.00010779,12.49,0.0,0.0
2025-09-14,d17a39a75ca36726c835ed825037aa1dca749ba857c6e64e05c3ab6e71300eee,in,bc1q9g99s2aayrjrzxdgxnczvnucaapmfj9khfu265;bc1qe73cuc23h7h3p0na5mwpyxpmuq87p6x7dkusaa,0.00014433,16.73,0.0,0.0
2025-09-14,d949ab79da7615c1970ffcae1bf8fd65bf1ebd3cec747a603d4b61c32e71e4e6,in,bc1qg7wa8rr7l82kl78clksvh0wd8ya5kfm63peqm5;bc1qx2s4tthl7n847g2te4el5qwqt7gzl9lcnq8evp,0.00038848,45.03,0.0,0.0
2025-09-14,dc43ee07339942c791263ab39200adb36e8ceca81acf06fe692d5afec8fa4117,in,bc1qsltwd64934qsvx35ppsh4qfvy6gfw5rpftr77g,0.00020602,23.88,0.0,0.0
2025-09-14,e8ca5e818b9cf24700872de9bbaa5a18155d89c3faf2cb3674c8a3bf55191b97,in,bc1qns9f7yfx3ry9lj6yz7c9er0vwa0ye2eklpzqfw,0.00063606,73.73,0.0,0.0
2025-09-14,ebebe34b44e99c406bd1439a0fa7065950b053f27bc586bbeb4b6ec347be19b9,in,bc1q3erjzlquw6ukhqr6gtj3tmf92nq9tcg062kyxlemr4ev42u2qj6qqsrtzx,0.00012071,13.99,0.0,0.0
2025-09-14,f0d732745cb5ca5997d331d09f734b21378002041da9fea21c38c69ad4db1bb7,in,1MYBhF7dmLRriR9HurkJYczDsiCVc9Y7AP,0.00013432,15.57,0.0,0.0
2025-09-14,f7b9b82b16186eecf473a088653f2b5a3940967096031d402325f29619b99a17,in,bc1q242l76am6uga8gzrpk5mcafrp9s4ps293ycmpt;bc1q9y70hv9sagtt2hgml69mtcqjeqjcvzt7ldmrew,9.142e-05,10.6,0.0,0.0
2025-09-15,0735a9a202a8a47b6041238bba594cec6a8b29b29db16cc72d88640d3101f0ce,in,bc1qm34lsc65zpw79lxes69zkqmk6ee3ewf0j77s3h,0.0001197,13.8,0.0,0.0
2025-09-15,0c72bef69b281aef5979adf70b419dd439b6dd76248213fff34de6b183490e16,in,bc1qewn8hwjltehw4rj8mwy2akpwysy8pzxe7ln3ah,0.00013481,15.54,0.0,0.0
2025-09-15,159696a3b7cc9a557747f0947aafe5720d83de4283b1f0567251d5af29110d6e,in,bc1q9l6tl02s8ftvswll53ua70t36d53f3dfxyyede,0.0005574,64.25,0.0,0.0
2025-09-15,175934a889c8dae1de01da02a9fe8419e43ab9f77f986b931fcbcdb5b8e4e6ac,in,bc1q4vxcxw7mpg9dcryqu0kav8awrn7qk5e6wgs3hg,0.00018483,21.3,0.0,0.0
2025-09-15,1ae9d49142cf6554c503c277c7eb6bd38c71c80ccca2a67ce365842a770eab0b,in,3QKiNGN5bXrxh4agbwwTYuEgFPfu4kB9AA,0.00117459,135.39,0.0,0.0
2025-09-15,24ff972e147e9e61bdd3385a30fe5cd3a84192d3efcb6e29ca61cef7f31592a2,in,1A8jkpgrDRAkxLLCZoJjkKRVT9QzfkCCbP,0.00104373,120.31,0.0,0.0
2025-09-15,26306e61931a89a96f1fffb3f1a3419343d80ac01abca771b24d7d76cd422fdc,in,bc1p30ra9wqgk3nzypt0esle8qkmp8532k0dh22eal4l2w9j5jca9akqhdjvl2,8.32e-05,9.59,0.0,0.0
2025-09-15,2752eb0fd7045d703c095e133b0e62b95d4564dfbc2cd528050bda9d10ef147a,in,bc1q2y372peadcc5e2al4wpl7f3e89uwz087ce63lj,0.00047612,54.88,0.0,0.0
2025-09-15,2d688d6775e59ae4c8a707be6c70f6ad9e7345dfc75781b3bf5c18a490cd5b30,in,bc1q904ze5jvtwfwn26n8eg9z9dfkh59rhm5sprrnn,9.667e-05,11.14,0.0,0.0
2025-09-15,366970e1d07b19167934968f97da3529e5de58292cce18c903f3764bf68278ce,in,bc1q7cyrfmck2ffu2ud3rn5l5a8yv6f0chkp0zpemf,0.0004386,50.56,0.0,0.0
2025-09-15,38338cdffb24278a175837d8c771d70ca70d76f5d89d5685706b8022e2a0da38,in,bc1qglu7vqr6az5xgcz8jy4544y7adsknawt2t0rzp,0.0003625,41.78,0.0,0.0
2025-09-15,396534dae1d4bc7debab9b79b4773fa6d7a775ed0150aa513354525ff76365c1,in,bc1qgyun4nakx2zlwmw99ampk2pnwn37f89wry7tlg;bc1qj4y58dxw97gjwclzd0szkhaufauu22wa9axpl2;bc1qsntw2l4y3vauhaz54tvw3542r6xhnzmdj64904,0.00026025,30.0,0.0,0.0
2025-09-15,39e7149a6202a31a2a9dbba6541d3192b673d7ec70518b9d6c9e60e1b1c8fba4,in,bc1qk4zpxz79j3q4xe3ct3wl0t6frml5k0phl99a0u,0.00013381,15.42,0.0,0.0
2025-09-15,3f6a4a1faaaeaaced5d705cfbf701dc4976d71846c06987493605752ec7cff6e,in,bc1qdz48pt6sgrdjtnvuvhzjqrp2ehdfgwh2jdu006,0.00042526,49.02,0.0,0.0
2025-09-15,4c812aadf3aab53b212e6c1c7c5abd961951d7d3e7a74e7ef8a392e7a69cb205,in,bc1q0g5lj7yhkdcdr40quul4a6puz5lma6tlvwxegxz2uw456zy0elus5w3j3y,5.51e-05,6.35,0.0,0.0
2025-09-15,5d18886fc772d17590a4e96b084404fb910cb8109f9c8bf44ed24eb0d71f1190,in,bc1q0c38dxszf40u3h73qfyrk6ykcwc29kg7gspads,0.00031559,36.38,0.0,0.0
2025-09-15,70d30c67f972809b30b463e6a399d5947ae1d7fb037c9dc809f844b8c2ab55fe,in,bc1qg8nuwsyhvrv5d3xld3qdrxqqhgw8ewq9r2zyeguxpkrf4yg0rk9q0mu8t6,0.00022019,25.38,0.0,0.0
2025-09-15,766d045a7133c270b4a67803cf4af92034ef035f28c4e34b6dc7c8227e9334e3,in,bc1qt84e5ghq2g9sxdadvkqpwjq9qtgutkgz28zm7l,0.0006655,76.71,0.0,0.0
2025-09-15,7ab0af3aa321d8a56875167add8d2ed41a13522fee50a76cf0d4d304675e5124,in,bc1q5cs5hcxdecdz84h29gqdk43qqv46lnmtslq5ec;bc1qrklvf8awm9e6ypnp4yf639vfjamchpus8qgun0;bc1qs70thv5awjguc2ll6upfxu770d683ej90ja2j8,0.0002169,25.0,0.0,0.0
2025-09-15,84b1cad1b281707a94e9ce6fbe5043d6cc2a60697071112ce0ba01456393162a,in,bc1qy56mly08ljl9tcp66eym53zeqxqlhd54hdtyu6,0.00250679,288.95,0.0,0.0
2025-09-15,84c36414a75e6183ba1cdf14b260a742818955ae30c57f2625f7200d8cb09c60,in,bc1q26g79l8sxryz0sncx6za7xwm738p7enrhvmrjf;bc1qg2yucvcalx56zj3m6p565evxtqxql5jdxadg40;bc1quydjy94lx9vky6m9xr6067ahs4ty6smu8n2e9j,0.0010079,116.18,0.0,0.0
2025-09-15,87538a950da3de4b8610de5084677d1f06b709f0b7e745d57ee6789cb55745ad,in,174YCXWT5nTKromAC5bjW1Z5HGK77CVqG7,0.00010837,12.49,0.0,0.0
2025-09-15,9cb9b875b3f5de7f9cd8842bbc3d94422324828fff60ad316558952086c2eec6,in,bc1q2mm2ktgc20gehvtdz3akzhyav8f4kfv6s3valg,0.00013458,15.51,0.0,0.0
2025-09-15,9f0898cc422de0a268a1aed116bea2d01bfff988230d4a2fe551e9773d9d98f2,in,bc1qm34lsc65zpw79lxes69zkqmk6ee3ewf0j77s3h,0.00018572,21.41,0.0,0.0
2025-09-15,9f606152729348e182ea73f627bb41f2828fdc8e56f0e3a3daa2bdcf0aa10860,in,bc1q7vjamel47at6lpz2lv8zdxxkv9e05qvq9m7m8f,0.00026149,30.14,0.0,0.0
2025-09-15,a3a25ae6eb22069cbabdeb1e5319fe0df7d62d074bbfba397721c56ad0c155bc,in,bc1q6lkhyp7vdgsmzc94hd09vqlazpu5wmnlv54240,0.00013343,15.38,0.0,0.0
2025-09-15,a3dabdd5499a9781b8b9b719e1b0f006f007095c2712ae28f4d7ad9b9773f57d,in,bc1qsatlphjcgvzlt9xhsgn0dnjus5jgwg83dr05c6,0.00078566,90.56,0.0,0.0
2025-09-15,a658abf0f3bc89f38c8b94429c02a18cbf179e60987839df8ce721a774063950,in,bc1qm34lsc65zpw79lxes69zkqmk6ee3ewf0j77s3h,0.00036,41.5,0.0,0.0
2025-09-15,a7222d3fc11e26e0532c444290711e89fecbb6c1577bdb9670890cef1022a631,in,bc1qmr4wanfcvevrju6qdyrudf72fvyc8a3kpe4lkp,0.00027418,31.6,0.0,0.0
2025-09-15,a795133a92065bbf44b0a6bd2c638df7168ededc6dd17e25fe5dd165948ea1c1,in,bc1qhjw2t5u40lvr2jm6qjqv59ex7d44jx9ftyknga,4.349e-05,5.01,0.0,0.0
2025-09-15,aa7c98427ea02ce4f47f66a2ebc0accde603b38472f4ce611d4bb5e0c58f417c,in,bc1q37zf4aqj2x3hhql2jfgpy6ee3p33qukz9m9vp4,0.00027449,31.64,0.0,0.0
2025-09-15,ab8f1e6b3803f724ba91912a7aec151ecebb13daf5ec0a19c7f59b1331fdf24e,in,bc1qm34lsc65zpw79lxes69zkqmk6ee3ewf0j77s3h,0.00022951,26.46,0.0,0.0
2025-09-15,abdec344dd557f8116f833b3a9a38f5654da4b0e8e70e8c68c95b14191134357,in,bc1qanqc75385ak5jt34rna8plynmlu4cg52nrye8y,5.868e-05,6.76,0.0,0.0
2025-09-15,ae2b6baf2b7f53af0b20b316853c268c402e23e13d8972b3e44651acbe9602dd,in,bc1qacn0l7tmjqakczu5hvwda80a7q0up4ahz48gnc;bc1qd8mxchw4mp0snxh92k3ejpe74kw2zduxr4s3xz,0.00014865,17.13,0.0,0.0
2025-09-15,b0b07489822a266cf0b89fa0de31d2e2b53fa0c29a55ea49ef7861fd485de27a,in,bc1qjejykz4jrh8kwj70q0ntdu9wc026fgrfcnvfktlgjuksy2hnchxshyjajr;bc1qnyegzy9wjumu4dtpxk9ak6udnhdlpqndfnqaz2rvk5uaj7cv2fxs0uefnj,0.00013,14.98,0.0,0.0
2025-09-15,b44e6f72fa263f8703c277157bf52bd75d6e5f5a1985de187ce8aa1543e65a47,in,bc1qk0ezz3em6lxz28mnyjk4dpumxqkp8zwpzdf0sv;bc1qkt8tajjfzreae9cvvm5cjezjlxv6fp6vhect0h,0.00021657,24.96,0.0,0.0
2025-09-15,b586a89fbd96237c704976ab8ce90766f3a8f0aabda9a3a8ac6eacace1ff99af,in,bc1qnjcccy7s4zaxyha3p6eyv8al4g7nkan3knkgct;bc1qr36wkj8wrzr6px9pyuqzm3l4pus8mk8xrv9qez,0.00013597,15.67,0.0,0.0
2025-09-15,b9ae2cc335a619789915bae869e64e0b0569cc2db845b96bf1b7ae43c956764d,in,bc1q32tt3a86p9m0xysedmykwdnww30a3zzdywynfy;bc1qgc4s429y7n9d5kjvuraxul7t0v6w572rrxqek5,8.724e-05,10.06,0.0,0.0
2025-09-15,bff871a33b64969f6151fcc15173c42a405435a6ad3e78bd2925b3624ecb07e8,in,bc1p2tps5z27hqyy8nepnztjefvtwg6vjv6n8el4h4qn3752wfjlsz9q6ee4zz,3.726e-05,4.29,0.0,0.0
2025-09-15,c204f47bccd953d303f6db89926dab1da1e1786f1c7f73ca867df9b28bc85bc9,in,bc1qafpk9sepmwgmuawgycelm3wnzmy8gaa67p52fc;bc1qllxg368tukuuhhu6dwu5vyy6kc7y8u9lsjawfu,0.00148148,170.77,0.0,0.0
2025-09-15,c839731e4303c8056f7fb80075ab5848e0dfd5e6660aca77ae20e72a6c5ab8dd,out,bc1qsy9cv3ps3m9dvj5rw50rw35fp4y06ta799wadp,0.05038742,5808.06,0.00092875,107.06
2025-09-15,c8e9276f1a9005cb8e7f4fdecbad428755c3df402f9f8f6214c7c449dbcea1ba,in,bc1qjz7fhucgn2x3jt3l2u725s423xw2mdz3gy6j07,0.00017496,20.17,0.0,0.0
2025-09-15,ce4040bfc6d6fc390432d20e9b09bc602b4917576eea8700cb0f03f083685459,in,bc1q42s5ha4ua60yjrq62jlpfhdxuulkvv584xgvfh;bc1qsfffung06ppul9adwzv7jyc07ez7ztj52m2whm,7.962e-05,9.18,0.0,0.0
2025-09-15,ce7aa67451cdb4fb6c2c48236317a3c48a50284a23aa732148f51ddfcfddc185,in,bc1qa73mlyq9u6mtuq36vfrwaxwgh9qcyqykcvxekd,0.00017737,20.45,0.0,0.0
2025-09-15,d35654559f4f112d3cc08c09d8cb8ce5707ce71627df4d88f0554c0f814383bc,in,bc1qm34lsc65zpw79lxes69zkqmk6ee3ewf0j77s3h,0.00227,261.66,0.0,0.0
2025-09-15,df9fc7751a92c60b211065ec28613203395764ea8d74e832f5d7ea5217cd33a1,in,bc1qf5kfwj85dt4suwl9n2fte4hu2mqerdpanda4jd;bc1qg7rhmtfr6xsfu7hk87vxkx39ss8fft8dw96e0v;bc1qqjdc3qcdvf95tys8zrkq9ly000cyq6flfunhyj,0.00013046,15.04,0.0,0.0
2025-09-15,e6782117ec7296956b3d108ee1a6f7b7b294f3112957068b98a0d24133c95adb,in,bc1qhz3z9slmnpr3s7a20zc3zyk2986gjz6vaspxua,8.702e-05,10.03,0.0,0.0
2025-09-15,e6ee3e7877ef08ceadcf0a07ab4b286a074966971a30f302b3642eac916a307d,in,bc1qg665j8cwjzcnwnulanca5nys9fg8ra288llqe0;bc1qvdlldftyz02vg5rscn2ymxeg23sdhhtmn9klyq,0.0003287,37.89,0.0,0.0
2025-09-15,f0871b6f0572259446cb02d8dd999e9a62d6848da988b3b36ec92869365e854c,out,1DgjorCeyFwUh5NoDhEoZ5TWzoZqJYd4Vi,0.01302722,1501.62,5.57e-05,6.42
2025-09-15,f277eb5299a6efe41a61dcf0a6cd390f6fdae11794c386aaa22d2df4af189153,in,bc1qd3ekkmnl4dg4uxafvh60q9rv7qva7vjjqjtclt,0.00014109,16.26,0.0,0.0
2025-09-15,f356bd65f26e713c9b3d9bbbcc1fc7c2fe21e0bcf3adc0552927572747717c26,in,bc1qrahj0nm477t3lt3agdm8xfrvqhkwpfypg2jjkn,0.00102411,118.05,0.0,0.0
2025-09-15,f5bf44e20c2897c6dce3a9425ca273b7f82294ab5fa17886c9e5a765bbca6de7,in,bc1p2tps5z27hqyy8nepnztjefvtwg6vjv6n8el4h4qn3752wfjlsz9q6ee4zz,0.00011031,12.72,0.0,0.0
2025-09-15,f946a566ae6529fc4941a337cbf80c23361bb59beb51f5e61bab4b0a7aabd3fe,in,bc1q5l53fc28crvx0crsk8t2ht7gdc8r0du443tftk;bc1q6w766mta6feuslqhyv40ft3ty7nlcjgdmhqxj8,0.00027937,32.2,0.0,0.0
2025-09-15,fd5d2671bc604818a13463d5a9fa5a7d29f29e1b855385bea26f752880c1ec7c,in,bc1q36lwu2vvmav4azetxywaz4fy3yjq54jperd8ql,0.00023309,26.87,0.0,0.0
2025-09-16,000e118ee047dacafdd87b814633d4d6b4fb67134e7ad949247f8b3c8276c5c6,in,bc1q8xvkjgvwfynrjm79vlxdv5e3vrhhv9pepqpgsc,0.00047193,54.44,0.0,0.0
2025-09-16,00f26124c74f8c5d649a0129d1df9b49ef3d6b7cfb0a2d8136af633cf7ff2540,in,bc1qj6xy6gm4f2dt6zm3lc4dlhexek2q7gk9fkzh73,0.00021577,24.89,0.0,0.0
2025-09-16,019318b4dc3095675a2c85a95c3b7eda458d825fdf9f07262071fe0769ed128b,in,bc1qamqczj6f9kdzadqfxmhna2hz8alp48wggm6dn2;bc1qrqfa48xukvq6q6wtysd2ylx0xmshpmq4k33ah5,0.0001781,20.54,0.0,0.0
2025-09-16,070fe785d86380e17b557fc00036f2eb5977a2b7fcc6cc90ceb557f18c04860d,in,bc1q3ty9cmu3n64p9wkksmuqmavj3xhuls4hqy58pn;bc1qpfxju06sj97ltz2q3ne0sxysml0wxgjfku5qlh,0.00013687,15.79,0.0,0.0
2025-09-16,15a2adfd9dbe302f186b197cd0bfa49bb45f718dfa60682cf0ec7c61a40346c7,in,bc1qdjrcnjzvdyemjy8cnchrung79jx8e000gzh4kr,0.00042838,49.41,0.0,0.0
2025-09-16,1796f9f3cbc859d2791c25b3dffddcc59ffe32e28fb66de28552e42fd15635b4,in,bc1qd58j0qwqqhs53la4aaekjgy5wevaju74amg064,8.684e-05,10.02,0.0,0.0
2025-09-16,1bb76eb32b4e90cf92388b879a74ab2a5eb42516fd61a5578f9a3a4aac078ec6,in,bc1qarc025f55kx8xy8mw5s45tsewcjcxhhcvlm0vc,0.0002847,32.84,0.0,0.0
2025-09-16,1c39b3ae7f2fde9ab8a13c745d5cd734864896842bceabc36ba61d46362ece1b,in,bc1q4h4n37dxrsxczwa7he3c9dhx0a6mcynmdycrfn,0.00011542,13.31,0.0,0.0
2025-09-16,1eaece9296192190441bcecb35d2d894b523a4ba8cc8197cf39778d5c164f2e2,in,bc1qjz7fhucgn2x3jt3l2u725s423xw2mdz3gy6j07,0.00014202,16.38,0.0,0.0
2025-09-16,24ca71c1a8420c9bad1a098da76fc371b5af14f15735c9cb18cf76a37e382abe,in,bc1q09jd2f9l5760jc4kuy6ktt738dagn64c668tpj,0.00028512,32.89,0.0,0.0
2025-09-16,26e99efdbd67e199a0ac7c219973fc09f49f7d2dc411070c88671cbaa2f3d0b2,in,bc1qdnpe47qv0xacqq9k8uqetnr57l9lugyzzkpd5a,8.625e-05,9.95,0.0,0.0
2025-09-16,29cdbff17db2057b73fd82572b4ba543e680ca3125ee8815c6599522f8f8a94e,in,bc1q7tr8r0fhhd9063epqgnp29ucqm3pn4hd66rqkt,4.921e-05,5.68,0.0,0.0
2025-09-16,35f5e56994ca791b93900bc6561d95b195555497abbc547484afa315a80628c3,in,bc1qynv26aej4gt4wg3p3rru309unsmt0pju8hnxxy,0.00039336,45.37,0.0,0.0
2025-09-16,4c95aa4f0d4e6859d329ef3ed1a4d7acef61ca5ef8a2cadd3af2b7c74057d29f,in,bc1qm34lsc65zpw79lxes69zkqmk6ee3ewf0j77s3h,0.00018541,21.39,0.0,0.0
2025-09-16,571f617778b03f4c130a164df4406880f6389bd18c14a1316ce09318e04a3b0e,in,bc1qexnje48plkchvxhkfpalk0jdj39lxr4am6dcns,0.00019942,23.0,0.0,0.0
2025-09-16,5e771a24b3fbc02ed0a5c8c5e0d60ed8c0d72db6a5860f5e43fd8c58e1a8ddbc,in,bc1q3p4f67e9as9t6lm902juk5wwr4kdc9hssksfrn,3.067e-05,3.54,0.0,0.0
2025-09-16,63aa9881a45e317adae4d75571db28fa79659826c28627cc740a2cab74900ffa,in,bc1qspnk85aha2l48u6res5zhjpmxygrvmejk4dp4h,0.00026111,30.12,0.0,0.0
2025-09-16,6acc838af12775a914e2cef4144f5717ebd1d919bc69153b66985dbe13b11926,in,bc1q9tgfxs35mmyum5tcqg8chgp0q599adr99djeyy,0.00010305,11.89,0.0,0.0
2025-09-16,7780c34a5ec05f4817f59058f99f431b0747ac240b851f615fdaae525e151abc,in,3M7ggzWs5CrYgVspcF5P51gzgzfLyxYrwa,0.00082377,95.02,0.0,0.0
2025-09-16,7e968a2dff6fbbd535e148fb1e65e9aa974b846eb081aaf46ccf285cbe9be3fa,in,bc1q22rlxjp8da5zxhj0k8ulmwxxmhrkudrl8nhncn;bc1qaxcpul27l0kwhvpzpr36k48v9du95awykv5hj8,0.0002245,25.9,0.0,0.0
2025-09-16,844037d8cbeb9e335afefca2d279b956abbacbb97397ad32816b60d3d3f95dd8,in,bc1qwaxyk5xjzutnjqxt7f9ha46595g6qx5xk5dkq5,0.00017123,19.75,0.0,0.0
2025-09-16,887a04c74eb0641cc79f6f30af1b16ed87ffbe7d108ff48eb058b07c65ef6b51,in,3AkfEZVC66c16CoxANvSJQB9BsL6mQgUQf;3J5iqNrMubczTpbbWei9Z5CkMEUbhj8y92;3KMwvcgjHB6dnjzPg5hkw8Ub3EVxxQr2Sb;bc1q40k458d5zvzlu0cejxgu44vr3g6ek3yd7d5z8ftqlzc65yjm8juq77nypt;bc1q68vygfxqk3y9x0322y85thywg45rjmz4kwm30q5ek76hevwf0f2srghuww;bc1q8draaez4j8jtwqq5l0l2ewgprrzyzjxykj50zyc3r78kg6ts97ss77x60c;bc1qfqwsu33lxn5sgneu6e2ae439lx90rx5j4gd6gxf5ns9kq4kaw3aqdtjt9q;bc1ql0dt756h38vpaxqczvxpsq2jvlkxqy907gd6n4288lfe7ezqmztsmy5gd3;bc1qx3yvf2zpye8hpeeadgv5jq8em9xzg3wzhzjcrvt32xrdqvhd6jss6y7cv3;bc1qy866cde0gqca2,0.00044447,51.27,0.0,0.0
2025-09-16,8c15945967afd8f27b49f24f967812e70fac21df5eb4ce927dda3fd198dd1159,in,bc1qxt8t6rgu4gzqqplcp0r0fx07pttwn8szl53sru,0.00060534,69.83,0.0,0.0
2025-09-16,9254f483f0ae99cbe674f64c2628c1525ee38a41676b7bd8f17d280af535a613,in,352uqiux72qc2KkPSGS9aZRShJTRAxrFqw,0.00010929,12.61,0.0,0.0
2025-09-16,97094276c290f68583a316644bc909deea7218443eef408e0154e899a847bcf8,in,bc1q4mtuh9lfk70n56ucp2sfucafg775f82y5guxf6;bc1qsjdrr7kv2eqspu8k7z4uw6z9zhz008eq62yrsj;bc1qx25g995hfeglz6dezjhlh0swgvdvq5xddwxtwc,0.00016961,19.56,0.0,0.0
2025-09-16,994abdabe0b641fc9ac222cf3621774865950fdf47c2013662671b01934fad79,in,bc1q30njvm7nt9uagxdznvrcyntpah5slw79mpz7nj,0.00011551,13.32,0.0,0.0
2025-09-16,a76cb498497a731247915fc23943ac057663ea94a624bad92510b34cee6f5c71,in,bc1q96rtzlaznx24cvlqv0xaqkmyfpxwyg4g04gh93hwjjtu9x93k44s50xner,0.00055021,63.47,0.0,0.0
2025-09-16,ae2ec7e3f7f53960f9553765a6081356eb1a8322eaf90b8a50dbf227f18964b2,in,bc1q738q725w9dngp9fh58zy3gcjyk4lq4ut9g2eww;bc1q8tp2e480xjwak8zlpvav2jmq38hlfegzmk8qa4,9.139e-05,10.54,0.0,0.0
2025-09-16,b07f665019281017f6dee721b7016f88acc2b27e7a96d4581bc75018b7078ea7,in,bc1q95hnhlaltau3qxt59cv428vpl3qf9q3an0092t,9.555e-05,11.02,0.0,0.0
2025-09-16,d2e4cc3d4aee14b35789ab42c58a5cd597ff23128c0b1e50a000a8d6b9e4f674,in,bc1qhfq4y03h0pqzqyyrzrzxdnfgzh44f9v6ex6mek,0.00025964,29.95,0.0,0.0
2025-09-16,d4dcf44c52243f282bb011db3a93893828b42b78cb05b178d82f166b512abe86,in,bc1q56lprvfy77e9j90ycj6mz2tygxj7w6sc29zccl;bc1qupuwe864jx64lxg6hl42yj9t5lf3449lhvg5ey,0.00080418,92.76,0.0,0.0
2025-09-16,d54a91a3aa68155ddf498709da79b64355e404d36479716646f50e65c964aa17,in,bc1q767yjw2vgep5v9n4c7teme9ry4j6zggjxjqsmy,0.00026059,30.06,0.0,0.0
2025-09-16,e107996a8ed81875a0c7152dbb6019e374d052473fee5603487d1bee47153f70,in,bc1qfafwmacexfcfrlm7g6jgnj9llxyfzgmujdm7yc,0.00025709,29.66,0.0,0.0
2025-09-16,e2ac0ed63de8a634d0b022e39b57f938829293abe50ddd106482a898dba24143,in,bc1q5v9yx5zcc7q39an9aygvpmqcl9xejpzlarlwgj,0.0003001,34.62,0.0,0.0
2025-09-16,ea2d19c0e5298244d14ad4abbb1d6b7e36484848e7f8045c64b03bb057ef5f40,in,bc1q8053fxya2a6t30ftsgssa0h9wdgyr9tfmel2dj,0.0002826,32.6,0.0,0.0
2025-09-16,f713ccfcc8b815018325fb14b9ecab87c29a49ed8accf6b54d6e2794fc3eb478,in,bc1pn99qcxm7m0s8t8crwq64ks23ewyn79c6e8ugfqn3a5z7aglcxarsn9m3s3,0.00012964,14.95,0.0,0.0
2025-09-16,f7cc078132a23e8ca3f51fd3adba90c6de5b1146983bdf6e87e2e8540e76f7f4,in,bc1qcxt9scq9s4elxa8n3ejme87hsljjjvkwm0h26q;bc1qyuu26hgl8jekuftwjucejxlxyt803t9fffrten,0.00017726,20.45,0.0,0.0
2025-09-16,fad0d326fbfab17dff9b57f1e75fc0e95fb39bd6a19b23219d2c472b8ee0caa4,in,bc1qkzu208nwl0tgfxwgjgh754at673vt5lmslq438;bc1qyrlpyc2j9gqjgw0zxugk7s68znvx3njq667emc,0.00029482,34.01,0.0,0.0
2025-09-16,fd60ad2bd3ed8493197ff9d05f11a44f6fe01381bc3a94cc0fc7c67b0dd2ef57,in,bc1q3utnnxlutdtkzad5sh0qd793a3wzk83fwnughq;bc1qe7dzx8ck3pf64j0fzcptz0semt8h8yxq599t7d;bc1qt0ugeszjump4z04k4xyyttkap9ch8trsdxv0ec,0.00030189,34.82,0.0,0.0
2025-09-16,ffd2d9b5746160eb9214fe0b14fbae188efa515feabd3100d4f3564aa5a2a318,in,bc1qlf8yfdw3lfcaeedwwdludfxnqxqdagzx78l7gp,0.00013425,15.49,0.0,0.0
2025-09-16,fff12180992ea5776014176aae5e9ecd0baddd47521a2131865f8f2c4d6b7806,in,bc1qe0kswuawmwp628zzlpqcgns62p9xlunda0krrm,0.00016586,19.13,0.0,0.0
2025-09-17,004c21def12bb809984d1cea5dd2d69fd5e40aed937b483f3a00751846eaf16f,in,bc1qvdxrw04nqu22y5q0j002qn7n57zx3yjf84sy05,0.00018968,22.15,0.0,0.0
2025-09-17,034f524a12f33264e5dda3d37fea6d787e24e238a69bf2c481af50817765c8bd,in,bc1qm5nvrh4ma69ynj6j6m6gsswkvefgvx7jeqyuzc,0.00019833,23.16,0.0,0.0
2025-09-17,08f3ae8b4ce1f02f99bfd76f3121da5f91115a95e31cb6e9aa980106673a49ad,in,bc1qn0u958wlatlsuvh27uyrvxgltc6aa3sv5eqk90;bc1qz08mdhnl7wyvpkhn8z6kv7kpnt806x5mssc44t,5.191e-05,6.06,0.0,0.0
2025-09-17,14e4da65f5564b51c42641cf3ada2ab4a65e2dfcc44df940743602c75c29af15,in,bc1q960ufmsu6sn7apesvlrjy2g93em3crxe96sqj7,0.0003456,40.36,0.0,0.0
2025-09-17,16f55fbad8430dfefa8de0ad30ba2e164fc833393c9abc9642de344b6ab7e75f,in,bc1qu3qth6wtn852lfsxsyu7nsydlszr2tade34jc9;bc1qy5z88qacm6pp6t6j5a35vhs5g550azna5jq0xr,0.00013654,15.95,0.0,0.0
2025-09-17,17908f675bd48e89e7623168f7c446f5439377ad58c2b66cd9a43fc68b5f55bc,in,bc1q5n8qxyueasxyfk959prfg47deuhne8cjpnjjap,0.00010291,12.02,0.0,0.0
2025-09-17,21ae6e2b519d8d6b813a9d8f8357a78feff7654b20fd53f5c9bf89b853d27c00,in,bc1q6l80qn23p403em5a6dz5kd8u8lt7z9a9n577am;bc1qgaqr2whq7ztp8gn2n7e8rtjc0qgpr9d5jvy8fr,9.169e-05,10.71,0.0,0.0
2025-09-17,249907bf037e1a678580514aa8d7102df92ad08c5a13be701eecfc9371fba848,in,bc1qcx74rwlx95rr698wyd880uv6n4stl35apdfp8k,0.00034539,40.34,0.0,0.0
2025-09-17,24df69b1b9f45640cd43a79854c174b50832e87cb8f1bd18af5f1d920e3429db,in,1EwZJSDjbhg5gv8xqaqt7EyzrRBb3W8v59,0.00013466,15.73,0.0,0.0
2025-09-17,2b47e0e70217f7fd6af4c9cc8c661707466aa27a47472b1c1f3b3f8e5726e470,in,bc1q3xc742l2s0jsprqmsgpkn85t2666ql5fndsg2t,4.305e-05,5.03,0.0,0.0
2025-09-17,2d90f54377a64599ea300c229ff727b415d6c2a769ef17fe6b15ecc68997608c,in,bc1qtc452jwh7zkk7ntaaq3hkpnn03a8hgjufzlqlm;bc1qw4kx0xzayxtsf3unr5wzv3cgf5dsn4vpcv2uln,8.312e-05,9.71,0.0,0.0
2025-09-17,2e1ff76a49450d477a89429d471b338fb5962486f1eed425f149a389c332163d,in,bc1q89wscurvhzltsj27vs7j4r3hawjgrcwc2kurcg;bc1qkeys8nzlauf6wtnhce37tveghru24q5anzg8rd;bc1qywqu7xt5y8rjvc9qhvgvnarlzffjqnckz9agdv,0.00026721,31.21,0.0,0.0
2025-09-17,3582781e44d885f64117d95b72986dfae8d19a029d2ecf73e107f035b4855282,in,bc1qm34lsc65zpw79lxes69zkqmk6ee3ewf0j77s3h,0.00024056,28.09,0.0,0.0
2025-09-17,3f98383095f96586f52dab1145a403b9ad8efd4444827312833bb0a0051dbeb6,in,bc1qd7c6zu7rwcuzkvz5zjr66hvwvfux7gc4aa9kf7,0.00035178,41.08,0.0,0.0
2025-09-17,41b697c9b0af4f28998690bead3063f0c42c75e2928290862eb2950bef9bc8c8,in,bc1q7vjamel47at6lpz2lv8zdxxkv9e05qvq9m7m8f,0.00025877,30.22,0.0,0.0
2025-09-17,471b1fd5ede8642953b47090500b7c53b8dfac8131a0f38ad4cc687a5431618d,in,bc1qm34lsc65zpw79lxes69zkqmk6ee3ewf0j77s3h,0.00014107,16.48,0.0,0.0
2025-09-17,7242e179ee3837ebf3a10750003af1110dd1fd500975f33bdc2c66111ef377bf,in,bc1qt6tp4tdw4updkp0tratrmavpd2wdqjxq337agg,0.00055202,64.47,0.0,0.0
2025-09-17,7b6b8b257b98e29b5163f9b2b8deceb343834d687d029fa6fa68b1ee33427b11,in,3BLmThSE2utCfmuqxtC3ioHSXWG49gfpNQ,0.00057493,67.15,0.0,0.0
2025-09-17,7e71aab5f8df7936fd0ebf4c27f332ad5b50bd11d75902cc16f6fe9166a42f2a,in,bc1q65c38qq6ar7h4lu7adehnmwarthvqvlde8axa9,0.00021424,25.02,0.0,0.0
2025-09-17,859eac539a90bcde0ef9ea53600fe2d15e5d0960caa4e28391493a114e880dc7,in,bc1qnfwq0da687jnfdwf8n9gjtpd3nmswmyc582h78l8szdhdmc4xpxqerfajt,0.00032178,37.58,0.0,0.0
2025-09-17,8794e2a55818daeb2efc9507f0f91b7c97f9d6906cfd949715d83e6e4c40eb82,in,bc1qrnkh95e6pjzxzhjxscp7v2k6gd4shgpzpg8438,0.00015589,18.21,0.0,0.0
2025-09-17,8f78c541d896f7e60875b9b9ee6caf97c5cbb0505bbe650765f98b0d29a70dbf,in,bc1qle5apvulzw3nt66x4swkxlhvxgl2x8hpnncw0c;bc1qqxzv8av3pen76q064eg9p36zn5ayzenx9mtxjm,0.00014298,16.7,0.0,0.0
2025-09-17,9b61abcd84b6d82796698667ec207f3ee9909510c0c066c5ae03a9474fd80723,in,bc1qnm76mn5tu4tmh5dlsep3yqtenfk5vrxcq00286;bc1qrxepcwzq4qrgtgqadm9ga4dfplmthmjqw48s6w,0.00025762,30.09,0.0,0.0
2025-09-17,a4cb9a08eb2b5d33370c2d819691a1a81c606c015e2ffa5661690bce729fcab0,in,bc1q27ll5cah5hq6nrf55djjvstzygcnpuxp7sykfq,0.00017244,20.14,0.0,0.0
2025-09-17,a8e4b44e4cd8296e97e9652939c80922c0777ea5976166063379cd1245ccea76,in,bc1q3xc742l2s0jsprqmsgpkn85t2666ql5fndsg2t,3.018e-05,3.52,0.0,0.0
2025-09-17,adb1a69447061bbd508770f6df769b1955d94de7f7ba9092b1e97433a97c199d,in,bc1qcc4wk6arrn2mus45gkgzrptamrzvw8pc85zmt3;bc1qv9zmtf59c377cv02d4z57xwx0evtzdlspywfgn;bc1qxsvr03aguue9kkkz72lmjmhckg5k2u94ugq7w3,0.00014741,17.22,0.0,0.0
2025-09-17,b6bc3a697831fda5d03cfaabe4bc6eb95e0e225ab9f292fefe48b1924f648f07,in,bc1qm62d60j37n8n9095upz7tm29a6ln6ldv0nlpe8,0.00018069,21.1,0.0,0.0
2025-09-17,c0b0b6a461936fbf02ec9c4c79cc1911193b072fd74eacc486980a527d7d4061,in,bc1q4t3ynz45w5m4hp9r7pdt0mrkscfz9znqjs6spd;bc1qaepvvm9qleh03sckx327ed6tga4k54lcqalmjs,0.00021111,24.66,0.0,0.0
2025-09-17,dd298c89c36cecbf88191e8f3319697ef60ea0c22cbb240e16ac25d7c23d4724,in,bc1q4x8fagf8zrg0yc3skqaegvgaqj02ue6ugwjq2m,0.00086594,101.13,0.0,0.0
2025-09-17,df54be5143e1347cd2f6e418afd4ee66ec70212ce5b7f6240abd7ad5cee7e972,in,bc1q3jx6cktgcxxjx4y4y7g7746tf3uc399sh9kr70;bc1qft9mt0mj7w9rnnt40v2nc8fp00ahukwl2z5w6k,0.00014424,16.85,0.0,0.0
2025-09-17,e549520e040698858b336107e663ad2e28d20064a3cea51e2919e2d49bd8e77d,in,bc1qm34lsc65zpw79lxes69zkqmk6ee3ewf0j77s3h,0.0024,280.29,0.0,0.0
2025-09-17,f394e108f3d46f7bf58e298db0d08f1e22692333464c0c8be5e07ccb4af57021,in,bc1q8ss2mcgj0a00ql7ym6ugmtdus2pyx3m6vsnu08,0.00012841,15.0,0.0,0.0
2025-09-17,f9aa6e68ca1ba74009d8d6fd32b1d5d5a3084f27d491452b2f8546d9e99b3509,in,bc1qca7c8n3mkgdqwdcsfawp45xn0k7kp9yer700lq,0.00013286,15.52,0.0,0.0
2025-09-17,fb3ed580437170f71a9ef1d4414c3d21aa26638f0513fa5dc8a980ac8b29fa4a,in,bc1qe8k7xyghju33dn2c7qvjt0e3h48fhpatmvd60d,0.0024918,291.01,0.0,0.0
2025-09-18,01083b3caf863e437b55f450d2e5fe1ba7efaca36406b18c389cd20b8fe43fb7,in,bc1q0y0g4266p534dfk07l9vduvwv8cphearxuea72,0.00013287,15.47,0.0,0.0
2025-09-18,09d5f16bca0ccaa9c6b99a7a25971cf5ca92d7262b47e3cf605d6c0ea8c99080,in,bc1qm34lsc65zpw79lxes69zkqmk6ee3ewf0j77s3h,0.00013639,15.88,0.0,0.0
2025-09-18,0d7fc54fc3513256b3bda732d0a56256eb6d313dec8760dfdee9cea94fc42b08,in,bc1qca7c8n3mkgdqwdcsfawp45xn0k7kp9yer700lq,0.00015282,17.8,0.0,0.0
2025-09-18,170990abe218abb4d0283f98df8b965b6694d5bfac644095d5481ccca8846592,in,bc1qawarjkmcqkmyky7x78aasl8l4pn3m3y57gvjmc;bc1qayfudsju72m05cm22w69n8nh0glyv8yn8rufrh;bc1qx4hh4zfcyzquad2lf3f2jn3fcs5jfd4wzdnhe7,0.00021431,24.96,0.0,0.0
2025-09-18,19e46b159ea983f45c3edd739ce3ec6cb445ce928e8bf6ad4c0fbc4b6610676d,in,bc1qglu7vqr6az5xgcz8jy4544y7adsknawt2t0rzp,0.00021498,25.03,0.0,0.0
2025-09-18,1a32e64570626b037781ee4d580cc8f46d4af5531da3eee0af9eb583812a8b65,in,bc1qnhdyjejte9zu5xhu3g7tpdg6hg7u0rkud453f0;bc1qntasajydc2c2xgrhc6mded8rvzh7ke2plv89sz;bc1qtkdduahecdlsvecu6vtnptz6qhaug6ehk3xhle,0.00029938,34.86,0.0,0.0
2025-09-18,22c8ca060de10470c40e09f291ca17691cd5e1cf6b11b57cad2f1129d87937b6,in,bc1q95hnhlaltau3qxt59cv428vpl3qf9q3an0092t,0.00025445,29.63,0.0,0.0
2025-09-18,2571cc5fe4cc1324f3769b0ee0f7e373bc207ead0d6bbfe51ae90606caf9b13b,in,bc1qaygs9u2cla09vz0r7hn2yjrzjgv07ahyevyj34,0.00026802,31.21,0.0,0.0
2025-09-18,27941c74330cdf9db4ec995250a5b4afecc13b733725c8d49a4cccde26368c7b,in,bc1qf2pql4rk3gglgumsaz03y0s4nlegc0035tcxve;bc1qx474y6x9rgtcq6e62g09utew4vwhntuay5zltd,0.00062989,73.35,0.0,0.0
2025-09-18,2a104ddd4ad78304f9aa146cfb5bc9f99b4b3ed60e1f383df5bcb53895db88c8,in,bc1q778jp9kaqxz8rvd0cn7xmreapkmf8ph8gtsegt;bc1qq3t6f0zxmy2u7n497rvg6rhyhu45nc8nlr6szm;bc1quwlskz0drxcvx3tqce4vf39qyupjfmm0ymx4v8,0.00010729,12.49,0.0,0.0
2025-09-18,31fb0a17bb683bb0a68a1cfb01906a3161a7a50ab98be477717bf0eac19579d3,in,bc1q6p9kc2lwuzr384ss4qldx72u88k66yx43z2d2h,9.341e-05,10.88,0.0,0.0
2025-09-18,3465cf9d11291ef1f5e23e5d4b8a90eb465191be882f64790e49bc5200c50540,in,bc1qsatlphjcgvzlt9xhsgn0dnjus5jgwg83dr05c6,0.00076986,89.65,0.0,0.0
2025-09-18,3e4839764075eaff85ad37ec1eddbf2d3fb60aadf93c1d5495507da7ae67a470,in,bc1q7vjamel47at6lpz2lv8zdxxkv9e05qvq9m7m8f,0.00033936,39.52,0.0,0.0
2025-09-18,4e8fe9cf16db844eefce3d82075988bf8afa5028a9e77e4e18b499b521ab969c,in,12phYXtbUNsGTJwoj4QTe2ACvDDGqC2rD6,0.000553,64.4,0.0,0.0
2025-09-18,4f2e6ea1a4cc6181777ae72737a01e9ec854d874128a8c224905de36ad283a55,in,bc1qqek0qr0s5wxk08wn638ac3uq4fd0f7lm3em8wx,0.00019583,22.8,0.0,0.0
2025-09-18,6150764d936ae43280ad325038f50747699922a13d7bc54993607b074a7bd9b9,in,bc1qnencjyshz7tmad758egsvak7vvmm6vplmfvqjd;bc1qx7aeh89zexpavxv700yg8yzp5wllllm6q42c67,0.0001277,14.87,0.0,0.0
2025-09-18,6211d235e6a80a6b2a08e5527cb55ba5275b263caa39f3b532cacf91bf224af8,in,1rof6mciGprsN4QeC1zrjR6vLzBdBaLcb,0.00014,16.3,0.0,0.0
2025-09-18,65ebff6b55d887e5d2fde38a329fd9683a115de47acc7df085376ed2b4b8efa7,in,bc1qynpemact56vtr0avugsvcf5r02rvtqx5c03kw6,0.000358,41.69,0.0,0.0
2025-09-18,666961949041662757bece42885b9da3db70d1bb0174ae53e9aba23a2cb05aeb,in,bc1qe4xw8fh3xdsdud7w0t7mf7ws4vt400te2rgeqj,0.00085126,99.13,0.0,0.0
2025-09-18,6c9b2e49f5a9cd763cd4bd6bef166295bdc5e72cf0cfe7bc44a6a6f6b1809353,in,bc1qmhxlm2qnvunfv3ah4mq9l038aws35wc94e95mp,0.00053907,62.77,0.0,0.0
2025-09-18,6ed45cd89c27334fc6bf9f680925371330c7461671e469402b0d2e7dac1efd10,in,bc1qhk6av0u5y8fsdjvc0tn8ghxfgs8g47lthml245;bc1qr2jrwcszd7m4ujlmymw3qxeq8hdjdn96nyqq00,0.00013599,15.84,0.0,0.0
2025-09-18,87ebc5d86a8397a9aee7897ac5935526bda58e2dce5927627cd81f926a1e2e5c,in,bc1qca7c8n3mkgdqwdcsfawp45xn0k7kp9yer700lq,8.484e-05,9.88,0.0,0.0
2025-09-18,9badf03e249ecd4cdd4a55d7b2f17f04009f0b494cea48715d0a5fb99741fac8,in,bc1qu9d3m3flug4f0ez9zxls47n35hy2pqkfg2qqwh,0.00064362,74.95,0.0,0.0
2025-09-18,9ef7656803766d191a764835900b28211b030d335818d02a88d1dc5916745acd,in,bc1qvqfpv2uya8dh3tm68d39hry2tc0s8ju2aan297,0.00025709,29.94,0.0,0.0
2025-09-18,b0fb8bc648386153befd0930302174a5232d4f46fdb26e27784787685c9bf0ed,in,bc1qaux5rgv79tqr9n2cjnun06el7wgwcad8hk3807;bc1qvsyf83xp7y0cqj5562ueg69jpfgnwk4j6c7tt7;bc1qxe2qkl2sa5rmxuf8q387x08dqzu5v6zsuayuqh,0.00029741,34.63,0.0,0.0
2025-09-18,bced3a6ba12e714bf09bff68b1daac801c253f2ff6e08660a59aeaa3bab6641b,in,bc1qv8zyvdff0x5s534tfjhrwyhakxswr8chslk7j3,0.0002134,24.85,0.0,0.0
2025-09-18,d16d9e0bc379de56730bd1ffa862ab1220925541b99c9c39a6c3910bd38200f2,in,bc1q0w0rlnu2nlmpeuj5hfqwmpv3u7dflv4tqrpk6a;bc1q76e8jcefu2fmm6r3fa3gduf0zvjk6twefuu54h,0.00017467,20.34,0.0,0.0
2025-09-18,d64977a46d6d321e1aa4656ab46fa1f85e383bf769cd15caa1270b734129a440,in,bc1q8k3mq5t5k2hyhalv06tkwhjxzan22pgxnphh4z,0.00024038,27.99,0.0,0.0
2025-09-18,d7f3e1262eca7f6dde35ba99fe8a026e9c863e26eceac500566d2580106d7534,in,bc1q656atm8tkr7lcdn9vqmtfm5wlhs8h4jx90al2j,0.00017473,20.35,0.0,0.0
2025-09-18,df2992a1d0fd871440684f08316b6474a30ec96db6ee7df7e192fb60dae233c0,in,bc1q3xc742l2s0jsprqmsgpkn85t2666ql5fndsg2t,5.323e-05,6.2,0.0,0.0
2025-09-18,e2e14f8c9f3bae4559eec13c63fed66883e5e9670c16ea85dc073cc5eba852b4,in,bc1qamgjuxaywqls56h7rg7afga3m6rgqwfkew688k,0.00027967,32.57,0.0,0.0
2025-09-18,e8afc7fb2a65e688551584fedd0714cccc693c36b7db54d5e96d2c3783383326,in,bc1q3xc742l2s0jsprqmsgpkn85t2666ql5fndsg2t,3.574e-05,4.16,0.0,0.0
2025-09-18,ed8f8d41d1f83058ab3aa535640e522757fc19a6782b4f80a336838dceae7d29,in,bc1qzqtan256d72snsy2kwqe7plvzaxclz3szjgvzc,0.0001105,12.87,0.0,0.0
2025-09-18,eea1f681602105c95d24a5c37fa8ee002fa44f4effac46fe1f807800d532ab40,in,bc1qvvx97ccsytsxlm5nydfnwkts3ltz60azhvsjfq,0.00017874,20.81,0.0,0.0
2025-09-18,eff10b744210eb7d3c462c1a76d9ac21b38703abc56dc074fb84569a390136e6,in,bc1qm34lsc65zpw79lxes69zkqmk6ee3ewf0j77s3h,0.00022342,26.02,0.0,0.0
2025-09-19,00a4dcbbeb637fada6104eb489f5694f0198ac81ccca3e50f1025616e84b2f78,in,bc1q25njyldav4ps27gnh4wavddrmepzmrk6edgjpe,0.00025593,29.96,0.0,0.0
2025-09-19,0ea930e9116bf02e0a0f5895d83ab07189f1e93071efa544ce9a94206b2ce280,in,bc1qsmcjlz9z4lpsqqxzwae038qepx0cmhv7t4agnd,0.00086624,101.41,0.0,0.0
2025-09-19,11e1ebfbdaf4480fd849d571c56f69b4d718a4ff069022afab6a8da8ecfe9921,in,bc1qm34lsc65zpw79lxes69zkqmk6ee3ewf0j77s3h,0.00039995,46.82,0.0,0.0
2025-09-19,24ae48f8cfd7d5165344c4e3102220ddea4b33f7fe1730cb263268bc7529f1f3,in,bc1q3e9lk7ut7m5elaapwdvez4322akvax9anhrqk4;bc1q9mfsdl95f3sj7ujepexqhpdlu0aa562a2wfa52,0.00030203,35.36,0.0,0.0
2025-09-19,42762312980da376533ecd8e46fc42b2c730a3e36a03598490fe24369c920885,in,bc1q28wufjuugank2lvnf7lvvm0yccpyj3fk75n7a3;bc1qrzu9tvrpe2pe5w70h2qwetwzrmyc7djals2vzg,0.00021459,25.12,0.0,0.0
2025-09-19,4957af1478e753caa5bf104fdb13364cce104f265cbf7d277b38db1198270e53,in,15va1amPmK3qRp6J8pfYiwzctDMUw1yqvB,0.00011218,13.13,0.0,0.0
2025-09-19,4c9911ffc8a104a457b6323f71fe73014f03815fddff45a781a112c7f144419b,in,bc1qq84hrnchaecc4dyqgt7uq6sclnn4dsqaar9jns,0.00010105,11.83,0.0,0.0
2025-09-19,54e3a61ced8dfaaad4b6e97aaa41d1f337fdc8df9482984cd12bfabe863f7e24,in,bc1qm34lsc65zpw79lxes69zkqmk6ee3ewf0j77s3h,0.00016705,19.56,0.0,0.0
2025-09-19,57e2a45c1a83069b4bee7a539318b3e4ca43470dd962edf9130b95a8717f7ee7,in,bc1qsasrksla8ayj0la3jlejlgtn35w4kn6rakslgf;bc1qtw7nvd75n2pxnqk96unvafnpshrn4dst0qp0nv;bc1qzh0qkcdxws0vumxvg85vgyuq5pdzn9j8watp3m,0.00021751,25.46,0.0,0.0
2025-09-19,5ef537133c5c62cec25968585ebe5f3ee223e4d8e798bfc409848b8ce3f7fda5,in,bc1qgvfuquv44m9n7zz0tedrm7m8y5tx5zulqpmqyj,0.00026661,31.21,0.0,0.0
2025-09-19,61b015a2f0afa411cf5313b342ff19c4b818d616ad8d58c8e047e91a2c82e319,in,bc1ql7mnt559w3ttksdzmqvvw2vz09xxvvmx2e6vsp,0.00013956,16.34,0.0,0.0
2025-09-19,6b101bb121ae896a249699657ba93a3af5eeccfd8aeb29ae745f74c787b0e781,in,bc1q08nxyy3sp9hz49c3fqw0tuga7zqk2373cgh8gn;bc1qkvgzmh0m2fqv3c9njsfwxh8q5akxjc4vsu468y;bc1qs52td5jamq0ng979uusqwhkmqfh0m9de4ex3kn,0.00025827,30.24,0.0,0.0
2025-09-19,7c72d81901364738039f7ab3b3ab3d230ba6b33a1b53f36c7112b2642e8dd55e,in,bc1qm34lsc65zpw79lxes69zkqmk6ee3ewf0j77s3h,0.00027,31.61,0.0,0.0
2025-09-19,8708bd32c3e6434e26c3e5ffbac339f50a92b0f60439fe13a62c272e0ea93daf,in,bc1qnag97qu0z2zxhf9weuf8e3u9q5vz8vn4uysvw2,0.00043057,50.41,0.0,0.0
2025-09-19,89061d817b664f2558a93fe49d336594cee427ce71e9e8dc0c5133d4aca4c1c6,in,1cbZ48LPN5qGF3zb9PQTtvbkqA6nyfvbN;bc1qppz295336py3j7a4edajuhgushdppxxqnkhahf,5.151e-05,6.03,0.0,0.0
2025-09-19,956784f84269a2082bcbc065494eec1085b7e98fcefa6af7c7b644b85f2f880e,in,bc1qngjvrm5u3z5755k3qxdjgezu9kshfmxa75wgkj;bc1qsjn2pmrg28rgrwv37e8929y8kg2t5r5efdfhce,9.092e-05,10.64,0.0,0.0
2025-09-19,98a97cfb34d5e5f67a25cde3137e9e120c9fa6fd5cf0a0773f00ebe7117fafb4,in,bc1quzfzazj50dusyldy00wm9vt9ykkk0nwf3eqqax,0.00012269,14.36,0.0,0.0
2025-09-19,a3889b72419aa34ed8084b5c36c1bdb71b7d4393a1ea8540341c9ee537ab48db,in,bc1qfs5k8mx4w6shagaayj0wx9lvue90fkkyq95zdy,0.00014982,17.54,0.0,0.0
2025-09-19,a4760bcfc9aca144e710d92532c886a89761837a042ef113751fe87da42e100e,in,bc1qwddxh33a54w6rqmp8yglwlfuka4f69rsfnr4xx,0.00015349,17.97,0.0,0.0
2025-09-19,b24c2926d9e0d3d42b5be84f5d1426a16278f350d574c84ee5e23b617ba58e78,in,bc1qm34lsc65zpw79lxes69zkqmk6ee3ewf0j77s3h,0.00034962,40.93,0.0,0.0
2025-09-19,b263a606f546875ab9ac38cd15333bd32603267a5a6b3786dc69f107df5eaee3,in,3Qr9q2GUHMNsSChYNhfeaYDnEuwi5AhKqt,0.00026391,30.9,0.0,0.0
2025-09-19,b6c50425c81fed7fff7bd1cee3650d4f7f1d909911fd6ff59003891e5f3849df,in,bc1qstfzwd3gyk3sjqwf3z6sz6kwxqmzmn784dcycs;bc1qzzwa2nn4hcenjvsjdg2jqfgcvd7xnjum6sls4a,0.00038209,44.73,0.0,0.0
2025-09-19,c14704e2ba4cba80a735f8b2cd95596ce4fc17187c5239a970804ae8ba209163,in,bc1qn6n6c6r663q5n4pueh6agpsvvnxd6hjah5r5vt,0.00032163,37.65,0.0,0.0
2025-09-19,c8683a7c88e191c347d7c218abf6aedd532204d599aefca0a53d8c4091a5d09e,in,bc1q0hgw28ptl9jajxkkm3rpu8qmpaa8ztav9jw44x;bc1qvumjv7xz7tnlynu39e40pzvcu58q620wmx20yk,8.573e-05,10.04,0.0,0.0
2025-09-19,c9dfc2f1b67e2989fbf8e5c48711be516704b8ef9a65de3a8866fe79b8998793,in,bc1qtxpux983tpkyyyuetec5nqxxlt66kd7yl3kd5j,0.00027282,31.94,0.0,0.0
2025-09-19,ca396b262d18e6046afb832fabb26f4a6841e4a2e583758970630e702bc30b05,in,bc1qm34lsc65zpw79lxes69zkqmk6ee3ewf0j77s3h,0.00011838,13.86,0.0,0.0
2025-09-19,cd6d78df209516e8598d61e8259394856b367bc7f9c5d3470ec65941e6e38cd9,in,bc1qm34lsc65zpw79lxes69zkqmk6ee3ewf0j77s3h,0.00083896,98.22,0.0,0.0
2025-09-19,d1d21d4b8aa2a5f399e61bfd49d36cf591da82208cbdf808cfc01fc121efb21e,in,bc1q503sk087nk2cj2ywca0kfw7uy3s43cm60yes72;bc1q7shrgpt9wf0fl0adr963cencq7tfzlzu094264;bc1q9uv4msyn8ls68yq2v6neg29u08wmclksjgpmaw;bc1qkw88lfpe5p0u3yn62rr67edrhscr5gskffruue;bc1qpjkxmlqt9a4nzl35f3ma2duckda52g79hjpdft;bc1qrc2d8uxp6dunktha827rc0657secavqz2udw04;bc1qsj3h7f9sw9ezy4ecqpmz2kmkjllj7rtyhryth0;bc1qsvg04l7uxug4q7fa4x6ar7s4w08ld72vgv4qwe;bc1qt5ljge26ngtzm45w26zl3y4krdd2rs5vah2rfy;bc1qurhywjwlf9nrjcs20mtn8c8n0r8kr6c985aqks,5.922e-05,6.93,0.0,0.0
2025-09-19,ed9052126f2a730f39de93a51ea8d99bfe352cb1df3d80f3194ae25684729c8e,in,bc1qm34lsc65zpw79lxes69zkqmk6ee3ewf0j77s3h,0.00108906,127.5,0.0,0.0
2025-09-19,f127a9c2ef8b701cdc8a48bd9b42ed295a4f8c5c5526ad3576a3ba9b7e1d5baf,in,bc1qywca758w3tggjqtxhp507l9e84lukdh8wzhfm7x5qazp5mzuyuksc2t4qj,0.00023804,27.87,0.0,0.0
2025-09-19,f8e982a7237f6d28595af6be54c3ba041f6665fbd261d7e6cf9349d0267c8915,out,1DgjorCeyFwUh5NoDhEoZ5TWzoZqJYd4Vi,0.00864704,1012.34,9.66e-05,11.31
2025-09-20,03d06305460af7eca2b7e44e71e6f5c65ad918fe679e73a3bb4f8752399ff3ba,in,bc1qptzkywp5dc7d07g4u5nkk2ueskld2nxxk8ul8n,0.00043267,50.03,0.0,0.0
2025-09-20,0750639d1b41846fba905b83ca475f28cf2c9c9fac9d98b3e6cb0ce632c698df,in,bc1qqyknhd9xdqrfk3t0w9ws3nfehxnuqkx96nn6mm,0.00110561,127.84,0.0,0.0
2025-09-20,0914a70bf49234e69e599c2116fd1a91b240f9f3c034c02d186e1f17a0150083,in,17nDMsr8BWiqKFD1YcbNtij5oarXMvsz3t,0.00012817,14.82,0.0,0.0
2025-09-20,0c7b3529e88a935d7edfec637e92cc36935c2c894b91a82f7d096a7bf02803a4,in,bc1qph04qu2lnhdfnkys9ttfszhesvw3yyf2v683j3,5.183e-05,5.99,0.0,0.0
2025-09-20,0cdd6d5d86f727093cb037fe4fe4ed07dc372ec392ea2015762ded41793c7316,in,bc1qk9syhqje4h54ajksuvzs74kh7d3psssxr2e7gn,0.00172783,199.79,0.0,0.0
2025-09-20,15ffa09ad925227602afac9e871a60fd547c87e51146a46e1456f9b7528c074f,in,bc1qmgpde0xfe59yz02uy90dstp8pstc8juu70gk6p,6.036e-05,6.98,0.0,0.0
2025-09-20,166193de775a8f1220ed41ea08536b3864b48a9f9024573c1c5f28bf53c5bd66,in,bc1qgclrv8nmvl08jda0gvmn84vc3jdsg9lxdglt7l;bc1qpj38alk0nw4wc03az5ql27grhhrllkyn0jkevy,0.00012961,14.99,0.0,0.0
2025-09-20,272d761671fcb802adf9dbee843a6582d25e33427aa5fb5cf43306e3f06af082,in,bc1qv869apj8jaxprtjxzk8709lcl8fgh7kac97gqd,0.00017225,19.92,0.0,0.0
2025-09-20,2c9e4937c32194dced3617a011b3d1d1d04e47976ab51906286815399e12e69d,in,bc1qz0yemj4w7ymm0qc7dhxj7splaqw9cu7v378mlv,0.00028454,32.9,0.0,0.0
2025-09-20,30007e42747dacec26319244e449307c0b7b9e54f770de1e2afbf1b52672607e,in,bc1q5znnt305lmgzzwn9g899g5ucnj8a9nue75chve;bc1qahd9hvmyugremdnatsjhyuhldkljk7v9ny48w7,9.076e-05,10.49,0.0,0.0
2025-09-20,33a1b1ef1a5e3f4b43532af0ab19506adb372223f5e5e3d0ad43d7183de43405,in,333p24iAPoAFVAorBtL1PJDE8f4jP18Juj,0.00116729,134.98,0.0,0.0
2025-09-20,4b8a34d4c0677ef84feb0b9dc65a8c3906d875b1e71f5d04dd3759ec6e176f19,in,bc1p66ypj6vp67rh4qpg4ff8p7djk0s7c7789r6g9vmh6j3dhkr8kvss8pmj6a,8.44e-05,9.76,0.0,0.0
2025-09-20,5160b1bc849da6f238ec335bde1e5c92eb2614f0eeaeabc80fbaa8e77b737552,in,1FWQiwK27EnGXb6BiBMRLJvunJQZZPMcGd,0.000559,64.64,0.0,0.0
2025-09-20,5c8d7b8bafc03a8cea8ef19fcfe2fbf9c399d171471aabe08747e967bd1b47b7,in,bc1qx2t30rk3ndrrpkns9fuau803ychrvjhh5c6yeg,0.00031096,35.96,0.0,0.0
2025-09-20,6b01586e278e43c3efc4de74d1fdce643c0b6d0fbe37d3d11f75cc585bdc91a4,in,bc1qcl9v6u3vyepk6vam83786k4cwsk0dw9s3cg0d5,0.00013518,15.63,0.0,0.0
2025-09-20,70f98894e2cc52e83bd451eeba53ee7b8913c081db7df9977ccadd37721ee11b,in,bc1qhgt3962ywqh57jmqw4zuguml9f9qca3mgz2hpx,0.00021594,24.97,0.0,0.0
2025-09-20,713357ffc0f5b342b2592a6af3fbe74eff4ef2c196a1d46d724c28a115fae31c,in,bc1q4tvvjj4j0f2v626eedghkhrmehksgyt5u8qsgr;bc1qt33yxp6lkewyy30rennwc2vm7ftsgfdn5ekjv0,7.499e-05,8.67,0.0,0.0
2025-09-20,7f0861ffdcdffe6a1d3fbdd35474476dac62666e1542dac009b4c9cd0b498d79,in,bc1q0nxlrw8t2adfr0xfh8uvmx52ulv6rmkav6q43s;bc1qlt8hwrffwth3wwrlyhs846v9slyj6r8de7lwca;bc1qnf9pxpg0sahux7y6rcy69aq8zy2ad6a6t74rd3,8.632e-05,9.98,0.0,0.0
2025-09-20,812d0734ff63d0f14d542cd49db3bab676b7e88e118df58751ba23a8e67e3e07,in,bc1qvh9j0hacnl25lc4fwqr5yaw6wkj22qfl2ywwvq,6.27e-05,7.25,0.0,0.0
2025-09-20,98daeb9ee2946c6f94499c40839c1f31ac309fbdeeb804f2b9db3eb1a784fc1d,in,bc1qlqpl7znfd787rueyk39h7e2ykh4r6mjhpc0znt;bc1qn8p3l80utjz0h0ruryh46gy0jsk895d2nkcags,0.00017226,19.92,0.0,0.0
2025-09-20,9dc2cf24fe05180771b24b98759c9ddc2d3189c630305a009566d5a66f4d6c56,in,bc1qkhru5y5gz8473qy6zkueyafxcd763ywd3hv3mv,0.00088944,102.85,0.0,0.0
2025-09-20,a33db0734b298c5f058f4970a52715aea9b661423dadef1ce6a2e42b72ad8677,in,bc1qd02m2m03ne9l3yatgyw57ya97tcvg4r6qsupwc;bc1qf0a27a75cjgvhpw3ukfnre8htct252aufp6shp,0.00040023,46.28,0.0,0.0
2025-09-20,a732dd78ba07e2db9739b446ad9f7a34e4099a91ea0b6dd5507a4c9673d3ac0a,in,bc1q3xc742l2s0jsprqmsgpkn85t2666ql5fndsg2t,4.967e-05,5.74,0.0,0.0
2025-09-20,c50f1f2280c331a1879f48938d6897ad8a402095a8f84a039cb843bc94eff856,in,bc1qn2ruz9m8guzsug3mm0p7wrn8t43pdx4ka5zp9z;bc1qrhjtxkvss42jn09z70sxsknz6yapm5p76cfrzn,8.658e-05,10.01,0.0,0.0
2025-09-20,cfdb85b79698f4cdd73d4ead635fc6a645b477c49c17ad4e0d50f23b933f92a6,in,bc1q4uuxpneq2pzetuam5kugygtz2xd5hwru77dmp4,9.455e-05,10.93,0.0,0.0
2025-09-20,d393b2734ce9c194af0651ed91dd7afaf03ce5ed62630cff28b6f0f08a82c5b6,in,bc1qsddr6h8ltnfxj2e3nu3xt54prvddnd3kkhf4g4,5.838e-05,6.75,0.0,0.0
2025-09-20,d44467fc4b614c0d9b05ee9c7b8a2d79a6c9519e607cfb9c822deffd24c62a1c,in,bc1qua58cf4uupfnn4ms5dfx4l9nanzy8y6vrgcw6v,0.0001255,14.51,0.0,0.0
2025-09-20,f651104210ad2c98648412de1b0ee4939f0539143ceceabc9b76878fb73823ef,in,bc1qsatlphjcgvzlt9xhsgn0dnjus5jgwg83dr05c6,0.00010283,11.89,0.0,0.0
2025-09-21,00e2594292022135866c272630b729dbdc386e30216331ad3822d584fd211aa3,in,bc1qrcgx0d2sgu97qp3g03p3auhyfg72r0r0u5dvuf,0.00014272,16.51,0.0,0.0
2025-09-21,06b370f4922853186ee1a290ab4da2990af2bdcb11f2033fde62a0dfb5224d55,in,bc1qgjylra3zdu0e686f0ywj3nhthz2nd343yawzyd;bc1qrrkr8eyutepz4f25cyywwavuc5xwe0r6w8vkm8,0.00021623,25.01,0.0,0.0
2025-09-21,0ee54c92b6a68afbf09dd93f995e84245442b147d746bfae632002158b56c782,in,bc1q26kafynlvfxyr6jumm6naycs29903r9kz0cdty;bc1qprzdk9ydek7deny587cwat2vptq0wp6sd6u0xu,5.901e-05,6.83,0.0,0.0
2025-09-21,19aa03717c8500b8acc3bb629afb3e1cc1e05f099dd7c869cd11dc36201dd67a,in,bc1qzf6mh2mqtwadxmkc498p5cmtuj5m44rrqef24a8ffua333fc3gvq2ucagw,0.00050513,58.44,0.0,0.0
2025-09-21,22ee4931d113c685f531da1e0e3cabeb04bd06575a473afd3cfd63b292758c22,in,bc1phf8aam9my2qsauhzy2l4y5ur052qczhgf46dc8h95q7yzryk6r6q5mf9sr,0.00013723,15.88,0.0,0.0
2025-09-21,2ed17be44e65f8d7fb6caa65b5d37f629d5efd80df3f20a876660e38adf3b3fc,in,bc1qfd3fk4lhj2j5gm9x9u6282fv4hvc28w63qzvj8;bc1qnk67zr4avul20g5udjayzm7w3crt90k9ymjmy2,0.00014253,16.49,0.0,0.0
2025-09-21,2f14c836b839f08e0ce2dee14eff7c927dd4e41892b54b9f502210323f2843cf,in,bc1qw6zn2pjx80pw39x6ecfxvum4e7gdql7w8h35w6,0.00012571,14.54,0.0,0.0
2025-09-21,3e8f2f0de5e0b958bd25ae94fa93511aebaa661d8b3f22238c9c351d776902c9,in,bc1ql7xsj5jtm3smd855fp7slvr5aqxjru9jjudrl8,0.00038816,44.9,0.0,0.0
2025-09-21,3f72b3137533305d51ba8b031a89531d02d7251fdfb87d5d64c79c4140e1ba09,in,bc1qmgpde0xfe59yz02uy90dstp8pstc8juu70gk6p,6.575e-05,7.61,0.0,0.0
2025-09-21,47f559f6451733d675bf39272a58f77cd31e649e3c2c931f6b2c54f90de2f90c,in,bc1q76dgh9g7lcgltjw6wkvj2wdaajy2q04s97qmfp,0.00011458,13.26,0.0,0.0
2025-09-21,7281c2dd74930a54ab1f2bd96e03fe6cb4d4b4d47a7e06721f2be728440e8f45,in,bc1q8der3jpd26dg6ad0xdjsrypv5jl66k7txx256g;bc1qlke7m294e5pc3apf5xkgf6mzakgy45ct6jkzz4,0.00038673,44.74,0.0,0.0
2025-09-21,7861f4b124cea79aeae7005a495751063aba798de1d8bc98d9c1d8df5c4faa24,in,bc1q8h93zdz3lag7du4sldjwd0wdjs3j8y6tkh8vza;bc1qwwpmc726wewfh2y3pasd2ywrf4aezpq97vmmx5,5.308e-05,6.14,0.0,0.0
2025-09-21,7a45d18317f71874907be2b8b6de02e5ccbfb490e65967381b822dc1b7af9af8,in,bc1q5u3qk3fep54cfuxm9r4qykpxaqlj50875lkg5j;bc1qlfmhw55yfu3wq8d2r6wqrlv5a0pkjy57j5kk3x,0.00027554,31.88,0.0,0.0
2025-09-21,7b3e5f935d434df77c96ed4a3a3fc895dbf9284d98191414c2c48faa532cb7cc,in,bc1qm34lsc65zpw79lxes69zkqmk6ee3ewf0j77s3h,0.00014225,16.46,0.0,0.0
2025-09-21,83156828bd96dc209a4d2c33e993fe8683a1c9857af57f27109b98148804f01e,in,bc1qe0kswuawmwp628zzlpqcgns62p9xlunda0krrm,5.893e-05,6.82,0.0,0.0
2025-09-21,8de88542ab685f6aba9436b2b8b66254ba4a1026f1b5bf8ad3ac8f60fc6cfa27,in,bc1ql55ljsq87703asak0r6mp3n66hjsqpg5nduhnf,0.00025963,30.04,0.0,0.0
2025-09-21,a726cc1388aa844fb7e754fd65dd52ce18368c21c3127a64c54ac37d0abb3484,in,bc1phf8aam9my2qsauhzy2l4y5ur052qczhgf46dc8h95q7yzryk6r6q5mf9sr,0.00012092,13.99,0.0,0.0
2025-09-21,abff347a8f208a57e38da6c8f4e4f838b2a14a8cb57aae865db2e811add06d20,in,bc1qluznenr6l3dzpa0r23yzpqj9r80v78v4avy5kd,0.00051873,60.01,0.0,0.0
2025-09-21,b8e126550e165e5ea2528f9bc6876072699ffec7e9900bdd9a27fe8635f98374,in,bc1q76dgh9g7lcgltjw6wkvj2wdaajy2q04s97qmfp,0.00022165,25.64,0.0,0.0
2025-09-21,bcd0739d899a4000e1fb8b02f7f0337ea57bcde4345ef60825a2d82f25ecd8a7,in,bc1qxalflqd9ww7xglhhrg3mzrmxp6spmjzjsujvsz,0.0002161,25.0,0.0,0.0
2025-09-21,c2d093d2f147579d59b636296fe36453d04d47bcf681956baee2b345609aafe2,in,bc1qcrfj3qpctyvumdmftvx5d7as3uka376jkmfcy6,4.318e-05,5.0,0.0,0.0
2025-09-21,c3837321896420c0f1e2226ac993b3497f835e0983e8404bdc017e62334f7521,in,bc1qc6m3s934l8za7hyvc0ftl0jkvvcw77lcrs7fsj;bc1qvrpspyxyra2f8mv7d5u6cmf8mycqesmdzewkg0,0.00021615,25.01,0.0,0.0
2025-09-21,cf7f7cace4e380cb16a5d303fcc8fd3dceefce66ba33dfab82becb5b6decc12f,in,bc1phf8aam9my2qsauhzy2l4y5ur052qczhgf46dc8h95q7yzryk6r6q5mf9sr,8.675e-05,10.04,0.0,0.0
2025-09-21,e3eb4dcf321e1950c24c84190f1c1fded7d834f9a31ce79f789f2017d1746230,in,bc1qm34lsc65zpw79lxes69zkqmk6ee3ewf0j77s3h,0.00022,25.45,0.0,0.0
2025-09-21,f21d5041601c06811e9b911c9e43506e900d29fae84e84e2e13ec7bf446d05d6,in,bc1qk8z4hj56q573lxnrrcapzh3clyx8s7zkaghuss,0.00014462,16.73,0.0,0.0
2025-09-21,f9a4081cb30230e27d49faef73934721bbe0e3d5e8ba7787743ed893042da03c,in,bc1phf8aam9my2qsauhzy2l4y5ur052qczhgf46dc8h95q7yzryk6r6q5mf9sr,0.00016548,19.14,0.0,0.0
2025-09-22,0078055b144a3defced35f4ee70b2aabda608359f4d81ee26952a79f5bf995f2,in,bc1qtewzhpq9lu7nzerf2pfcvve22mra8vtx5kqr8d,0.00016931,19.51,0.0,0.0
2025-09-22,13ccae4d6f63b5e7beecf549b4f8964520c8748b60ad35c115f34fb355d85c63,in,bc1q6u4dqad97ucv2rjw30757225trtm9ytcdvkm8p,0.00044264,51.01,0.0,0.0
2025-09-22,14183058930d13869ef9562adb2e115bbe7e7b8dda7b7867038c0b1bec315a31,in,bc1qwk8puxr6y83vn86l03q424lv0scn0aj6n5hk6l;bc1qz3w6rpfu64efkf27rl8d0zy2epwwum8wrwtc4x,0.00081542,93.96,0.0,0.0
2025-09-22,235b90ea1bddb83dc0dfaefb5f69d9e34c64bc0fc3a0ab3121e9681f15466b12,in,bc1qngwcuhlen625tu4wpct2wvslq2fgmxhjl8psx4;bc1qrky5mnssykr48768ukgpdkhhnx0sdwlf4ujam0;bc1qx59m2dtvhcz6dmj8kvdtr7peq7g4emngjpekx7,0.00016509,19.02,0.0,0.0
2025-09-22,3b982ee7b3c0a98d4c5cfa1a0743f785a8ae2f7301d120b89491a1aaf929e917,in,bc1qg0yaccpve43dkjp7tz3q6dkvsy4lad9hru69as;bc1qrzf57l9w7tnglcz5fj2uredzmkwtxpnhlqm7a8,0.00035395,40.79,0.0,0.0
2025-09-22,3e408826b75f559be77c860554ae3622729e9257e6f6d741340d20262916d65d,in,bc1qje5yj0v53lqyxppyzgevwy086w0vuarp7eyehz,0.00010861,12.52,0.0,0.0
2025-09-22,44f59d28816ffeb34f47cf9d63a175e1a395564b8dd41478d7102d66624aba10,in,bc1qm34lsc65zpw79lxes69zkqmk6ee3ewf0j77s3h,0.00174175,200.71,0.0,0.0
2025-09-22,4d81c33f7085222c8ad362445fb3af1bffff266af64193220f69e118dc69b7c8,in,bc1qmj56tq58vmlj80zw49v24kjc9wk5cajdwhrd8e;bc1qq6y85jju55l945yfhcw2w5mll7rskf2n46l5nj,0.00019032,21.93,0.0,0.0
2025-09-22,5832e0494a4c040f3ae7e0f5875ebdc89cea52b87db7c188a99c8ea8d6012284,in,bc1qktptf2lzzela4szqkgpgvk30yuq6v2cf4dvc6h;bc1qrdenxhne9427c33js4rp77vjmtq0s7drusghpt;bc1qu8e6tqx63h8dfsp08wjtscvs0s747rs84ggskt,0.00014685,16.92,0.0,0.0
2025-09-22,5a1023c2b8e788f0fe531730aa02dcec7430a702b1fca9917b50b83ab605c056,in,bc1q6jzvgasd8czdzqqggah9yhmtfdexfxdhjkzpgd;bc1qat058s0p4u9clhq9h4ha5zsledt3dsahvtrska;bc1qsr5rden93yrqfp7me0mmjmt4nsck5zm74myk8v,0.00039668,45.71,0.0,0.0
2025-09-22,5b21033863198713d5381b3284f7e97cda164aa129d88eb9c48004eedc569fcc,in,bc1q7fdftcem6xru4d68wuq5ma3nsx5a6pjkhg6tz6;bc1qqtagczj9uc7330m74yafe4wsyvrxj3srdrwna4;bc1qwy33rcygqstsqnzt2hthnsmxgkmv9y50yax38k,0.00013929,16.05,0.0,0.0
2025-09-22,63930667a2615fb00a6ae6d626345670a4d9a1810550726c604b9bff2068de2c,in,bc1qd5rexhwyan5zvdj5238vykc87v48rjaa9k30w6;bc1qmh0uyaphv790efzzxmzgzsup09yj2nus2f5nxy;bc1qp392ek4kfrmlfkzw9ukzpl9kk9gajlq64auk8j;bc1qvyycxwtsm8gzm22wjzl45pm66uwql6lryfsr0g,0.00010168,11.72,0.0,0.0
2025-09-22,639b15469a8642e2011f2a5fad69fab260584defd998d5eda9281c7f37f75c05,in,bc1q4p7cc5xxtzh588lh84elx5a8w2q8p02wrcftk3,0.00048735,56.16,0.0,0.0
2025-09-22,654791e3a9f0a8a4e5d84458fd5d856b47a5d08b9bae90e4f4f7cec82516c3b3,in,bc1qz7zcymdpfn8mmpywzd6retc3sqlxjmr8st2p2z,6.357e-05,7.33,0.0,0.0
2025-09-22,6a563c49dd60fe45e5e0e4b8c8ba4463143349c6dbddda29462d4994e3c08e66,out,bc1q3psdd7tnr0w3shjm66qerek5sq5zdtqhqldtx8,0.05137444,5919.99,0.0022423,258.39
2025-09-22,6bb445c3e06f0dcae5ba141f23fa2e6e036731bfe5a6469776001e75796b9135,in,bc1q7j9d32d0jze9qvhqawymem5gut3k0fnpav23dz;bc1qkurt3nspta0zy7pg7495q3ft8nfkfgea6pdgds,0.00039693,45.74,0.0,0.0
2025-09-22,6f4b6aa95e9cba0088116f1bca9fc662ebc23469625a0d1246eb097fe824da78,in,bc1qm34lsc65zpw79lxes69zkqmk6ee3ewf0j77s3h,0.000151,17.4,0.0,0.0
2025-09-22,6fc95a488a6cf34363ff6460b82bd4328db20fd1e85d68818162dcecc4b650eb,in,bc1qgsngcz2ma3vesy5usqnta7w9fnwall3lljsw5e;bc1qkru7kdwffuulrwygszcx4ryd763d8nej6wpy78,0.0004968,57.25,0.0,0.0
2025-09-22,707fda621da9ac29dce300b56b6e492abe1b378de3e579a76eefe397636accb2,in,bc1q4qmpqpzv0vhqc5k73c6tcuapumu5z9fyulsvuc;bc1qfjy7k7u6y0a9ph7f36wg7vftqpu4csznd4n6td;bc1qkzvc4qf70dq95dq2je2s9dsdsarwznjqv0s9un,0.00035491,40.9,0.0,0.0
2025-09-22,70f43b54bfba285cec1fe066daa172e95840498181bf963c5d52f6fb01a70d94,in,bc1qtuvw3nsmuhk95upxsx28s6quyk5arp3qqpl78m,0.00010129,11.67,0.0,0.0
2025-09-22,74afde2f5b41ba36904659872b0bb07eae2614acee4aa91f86d088dfc629e625,in,bc1q2zhjkz4hwhslml5v282ad6vzpzml2ugtkppuf0,0.00044442,51.21,0.0,0.0
2025-09-22,788969870af83bd74774e36898a8425e25abf9a7fe39b09d4e5318f7a8ec798e,in,bc1q0qczpzuyz36scua9hll8z4jaq36ushddvf7lqe;bc1qt5w4aueu05hfjtz7sehuun98xckramq6j06s76,0.00055564,64.03,0.0,0.0
2025-09-22,7a7e2819b5e3bb7dbd8c8b7c4f004b9fa4c58e2b6a511e4aa93b6eb708a4fb0a,in,bc1q8zualu75purkfkslwv43yfqc42mhk9lupr5wcd;bc1q94708lf29chrwpu95wh74egdzrljma86pcqugl;bc1qfe0gng5s662y9f5a7x7h4mllem3whn0s5wfnd0,0.0004,46.09,0.0,0.0
2025-09-22,91a696e788c859999802a61efc1924904e93b6591f6571574610bf040fb493e0,in,bc1qun0ews5nsfcmydhkeqtg5k6frxagcrsw0tf6z8;bc1qutd44uyw2dzfz0kaqjjn6r9ftdcrmu9jryt8h7,0.00031007,35.73,0.0,0.0
2025-09-22,994b26ba0c37895933a57d40dd04b600fadd90b1c0f276d1982b7097ab9f247e,in,bc1qxmp8j4ptfqruzr7y9c0npwdpdqgv58fxsjzcex,0.00016928,19.51,0.0,0.0
2025-09-22,9e02d036cfc8f51ad00bd571911da278202b406efbc394cbaa618dd348eb2fcd,in,bc1qr6g02k56y7qhqgpkaah9084mqxtyrrwt2n6xsht44w30f3yam0sq65fy8k,0.00021841,25.17,0.0,0.0
2025-09-22,a9e87a0d3e214ead8266aa176352edf7c83650ff8ba8ce28c0ff64243a8a38a6,in,bc1qg5qhzvsmcq2dguggku2sn2n5waeq6u0gplxx3r,5.561e-05,6.41,0.0,0.0
2025-09-22,aa5c954780438674426e4d7a965b23f09e8117762709869558422bf6401737f8,in,bc1q7jp5vn04p64wkwved8perrsyxzn37uaugljxzm;bc1qd2tcq66q79jqy28d47fjhkmety3eedfcpuykqh;bc1qwq8c5umnfjsj4wmn5avqt3506y6h79dzuwq8u9;bc1qxxk5j2vlcukduyx40tykrcyz2ulq68yncgmtdg,0.00026605,30.66,0.0,0.0
2025-09-22,b483802cb02505b4919dcf9fdad80ad95721df9e43970f8e9f5551bcf2f995ca,in,bc1qhenhzwgz0qqjcrwru4dqnwr7aj5x2fzualhtc9,0.00016099,18.55,0.0,0.0
2025-09-22,b641668e26ee358b086d84904de17338d5b2b3640c68e0347cc19857551ee2cb,in,bc1q46ltf074h2w628mg95qw7hs4u59hanpkmucly8;bc1qfugppd7admg8xeuq0zm0lyn5v9p67qhm70qsf6,0.00017367,20.01,0.0,0.0
2025-09-22,dcf62f61cb39acc3fca0d7bcd95f8716d0018ff35997b00f1d9be8e5b170d128,in,bc1qqne58avzvl50zzjf30254ndfx77n9293xgz6cw;bc1qvpww6zaeme66fv2es6e5au2cjruep9xa2mfwhg;bc1qzjpenzusr084m8euyqz86pfqxy2gmzztgppcnm,0.00010338,11.91,0.0,0.0
2025-09-22,e0da5f8313774323f35df4aa37ea2c0b9789a7f13e325b190521da318ea9c675,in,bc1qgds5fz8qnnqpnfjenv5w2kdjrm4ufljxzt0x0k,0.00026435,30.46,0.0,0.0
2025-09-22,e2153b9c98e8ffd3abbf63b8f4322b2d176d85927125229808918575b50856ac,in,bc1q5n8qxyueasxyfk959prfg47deuhne8cjpnjjap,0.00012215,14.08,0.0,0.0
2025-09-22,ead550880b9800171b533dc71bd16352dbfc1b5725cd538508fd0dac86d3b6f7,in,bc1qt4qafwvmxu96g4vwn4ydsmrhazm6ywy8u5xqxn,0.0007466,86.03,0.0,0.0
2025-09-22,f86590184bb74a19e9bd4b8a523ae6a8f79ae17c39098162b839688009050920,in,bc1qah77uwnx9shz6nv4ggfccy2jn23xqhdrdad2gf;bc1qx4v4ud650cmxwekxahqzyrf6emuuurtl5y856f,0.00030932,35.64,0.0,0.0
2025-09-22,f8c8cf9d25b3aee6e986b2f797c93b5502d8b919dcd4c0902d16d2cb6448e6d3,in,bc1qarc025f55kx8xy8mw5s45tsewcjcxhhcvlm0vc,0.0002661,30.66,0.0,0.0
2025-09-23,03287f215b9accb68d34eca5554384b2815979b115c1a42f35e350348090f30c,in,bc1qlzzu2lam7zdv9vdl7kq74kclvtyyha9yx33hlm;bc1qp8mugrulchypka377a6sdklku65x4y4dr8lw8f,9.466e-05,10.66,0.0,0.0
2025-09-23,0ede0782d92a2cd95fdb44182f03d0f1601babc8ab6337080a03ea1034412558,in,bc1qppygfzymhx9dtfkulaxwjzem95rqwks6nephyj,7.067e-05,7.96,0.0,0.0
2025-09-23,11652eafb9f8a13d5903e703cb3ee81fd0bd07ef50ab549047f7075de21fe72d,in,bc1qkquzykr3fx7hsxvppc334tlj2gejf7qy6wz25g,0.00039061,44.0,0.0,0.0
2025-09-23,16d1e3ecd42229ce602e27bb04219240775f07bb21f203fefadf080aee4d5fb3,in,bc1qntreamv0gertadx7aff8mp0xmnhcsfvz5eumr6,0.00038195,43.03,0.0,0.0
2025-09-23,1d234ae3e801b512aa6a37eb0d69810e94c42a25c8d001b06b344bd06de2e077,in,bc1qa7n4hcavmj8xukturtgcjd38ne7plntte7p97x;bc1qw2hka457gj5xnsg636la5mmpnx0jgjmsr662fe,0.00039831,44.87,0.0,0.0
2025-09-23,36c6e166e0a7eafaffeaea0227f438c80820647f55a7d0e0774bab9dde6b3e5f,in,32yWzayPk7Ajf4LhU85LQhbaQBPFupkXna,0.00103356,116.43,0.0,0.0
2025-09-23,52c0482a7baade10212769fe385211036bb0e074888fb769ed52f12585c6fa41,in,bc1qde67pxsczf8g5m5n6qpaszdvz5u50zrpg654ud,0.00031355,35.32,0.0,0.0
2025-09-23,6eb071dfa96bcd89bc6a9dcbf1f191afa1d6b8a6d528572edf823efc9bb4f307,in,bc1q46tw96krxnxs6jf3e9zgzknjym8sjqvhnldgp6;bc1qjrt5es7jz40qxx7rx4ckn3ng6m22j4mfl6gptt,7.811e-05,8.8,0.0,0.0
2025-09-23,7119633b8ed2aa14b2231bd1fef6d56f3c8c8451d05d6886457d512994757066,in,bc1pn99qcxm7m0s8t8crwq64ks23ewyn79c6e8ugfqn3a5z7aglcxarsn9m3s3,0.0002057,23.17,0.0,0.0
2025-09-23,71577a6ad42e0ca87a34ad88ff50483456f2294893c24a71989e41e155c8ab52,in,bc1q05v2ay5ts3jf5nvm8usr3ugc6vx2g2edn9z9xc,0.00013967,15.73,0.0,0.0
2025-09-23,71c53a283dd26933de5e2add596f86e3b363a491c39c7b4b394bcd85ae187817,in,bc1q29x6hgtxtv78qfphvclcrgxu72kn5k4vdrgya4;bc1q9qv34e68wcs2df4aftqev9mzmv75mlr5dr5ftr;bc1q9vqgk0y5txp3hxwrz38ja32jpekshfd8q9fxfr;bc1qcdsdw8f32272kgnqh47um4ygqq0d7q4d4qux8n;bc1qeptl0krr2splux3vmzs42kxnkl8umu55azqvxa;bc1qfqgvk8yd609ukzhlhhd74l8uwtvcztuxcrrwej;bc1qgcqq469l53pwmyc2fycl06gav4h2jm69ww88sd;bc1qqexstr64xh7php9na8gwut9237snh753wfyte5;bc1qqtmu0xlzc5v7a60ae6anfcaky70lzd586sdsdh;bc1qvue02zg9msex8z53txsja84ps9nj32xp36e7kw,0.00016567,18.66,0.0,0.0
2025-09-23,746cf03799f902bacc71d06c00285d7e68a659b0794674ea681ac04f467fd7ea,in,bc1qzexcheykyz5h6w95k58hgtl7uf9aj3uzlxzykf,0.00019431,21.89,0.0,0.0
2025-09-23,75542011433f233efaa9baf9b541d1a9ccee99b7affbc79c4fe1f92211c9569f,in,bc1qaz7pp0q53myjwuk0tqx3eg6k9r86vuwdncknum;bc1qy8ac06falm0xl8w794fyennz2vkpc9eg65j894,0.0008764,98.73,0.0,0.0
2025-09-23,75a7fefc7ab1727f0280227aaf7e68ef732adec9c832520087c34015df41809a,in,bc1q4n7d64ua2mce280ncufjsdwf49lmnpjn2ydkte,0.00044629,50.28,0.0,0.0
2025-09-23,78b96ecc865ac2b0e2f41dedb2a4ed60b0a59b440e666d1c0541daf6fbb4d487,in,bc1qmevgsvd04mztp0yw749hh57py3wf3k7wvz39lc;bc1qnl2g6rs2mn0lyn9n57asacgfh39yya4f44vxyr,0.00013781,15.52,0.0,0.0
2025-09-23,81b89cb95b63d866dc3f11c92db63788bb2cfffc548412569f17266951ff24f6,in,14xGktVgDJaDrSSJnF15d2kwXpwyeG3J2D,0.00015915,17.93,0.0,0.0
2025-09-23,8283669102798a7001be040856cd639b351c6b34e64c229fdf15882f8fb7d3ec,in,bc1quyt0ztwy87aysamjncvramdv64gwlt7r8482wm,0.00016861,18.99,0.0,0.0
2025-09-23,82b43d0ce3419454279541d11d9cc2ea7e5f784cb6ec421c7ddbd73938f77ed7,in,bc1qk8dp3qgc3f83mldhea4zsz8frn79gycnzjme7z,0.00018114,20.41,0.0,0.0
2025-09-23,86a1955d9f353cfed18fafe022d78eb0a111b12dfe6be5a5f323cd567084b2c7,in,bc1qnlskjwe94et5a2uxkjx574kpcnyhyqkf88rgf3,0.00044402,50.02,0.0,0.0
2025-09-23,885d4166adceedcadbe4f6fd73822eb5dda159dc94470b4bb51ba60dd6bfb205,in,bc1q0r2yqv6qrlt9k08ngru0ts5e6nzupu2mjdt96d,0.00013885,15.64,0.0,0.0
2025-09-23,8f2086e053372ed371523af47940d67a002266d2e2974464b748763895c24ee1,in,bc1qh3sgqssp80t9fxcx9rm8p0s8uszqtewnzvvd9n,0.00042789,48.2,0.0,0.0
2025-09-23,9a657e91f2bb543b625d001f60b7706c1226867e511ad9939d3837b92ad19ed5,in,bc1qwa8vd5znqyc0tu6xaf65sphs38xuk4rr7fjzxh,8.935e-05,10.07,0.0,0.0
2025-09-23,a43775e21886bdc6d420174707b3cd44e4c131655714ba3014fd7399c75ef006,in,bc1qpu0h7gl5h36jjfj7e0jnmqs3hdfqve8m6wc00f,0.00019779,22.28,0.0,0.0
2025-09-23,a6200f54795ecd04de642d5621a181146bd89effcd1cb25cb79126cd07ba28e8,in,bc1q844use9fmz8zez07u5zp3uzgr0q2swrv7dfgwr,0.00013955,15.72,0.0,0.0
2025-09-23,ab67573313cc331ebd353bf3f4f5c87b94a387fbb885dad2dafdaf85e00d42dc,in,bc1qju4vzvqyhf4gjwveud7mg8f8wfdmxud9v489na,3.226e-05,3.63,0.0,0.0
2025-09-23,aeab5b5d8e7de0baade6fad48e284cebf5fa8d0b29d424b5ed815c6f844f6777,in,bc1qsatlphjcgvzlt9xhsgn0dnjus5jgwg83dr05c6,0.00025789,29.05,0.0,0.0
2025-09-23,b6b5a9142a164f57114c8a3c024852e33576a0c3bc1315b4f03c9d46ac09fb88,in,bc1qv29yppd2jjg7pz058y8dej3n0kp3nudph0jur5,5e-05,5.63,0.0,0.0
2025-09-23,b9bb295064cb0f51375560fa6d7a12ae78a99c90b685131256416ab37abfceac,in,bc1q2pezhjw8q68f2jazs3pfxurwlxv7pzlhezqyz7,0.0002167,24.41,0.0,0.0
2025-09-23,ccd4b5800164856019e1987b593c992fdf3f72820969b6ded41dc7ae8dee5db0,in,bc1qclrvjufjqr353dae0z8yfc0hh45ax8s47hf92qhsnfkm3ahc46kqem0w3a;bc1qffy5yl8aqn4ax60c4quq2dh8zlm8p5dfpd3wxskcsvluunrkd45s7nctq3;bc1qu7gyq9lqqhzmshfnsk7xkue2rrqzr5lu85mmlpdjjgv8lep27t4ses846j,0.00012837,14.46,0.0,0.0
2025-09-23,d14ce9c38f66597005a11a9f84e3a8a5ffe1d3bd2a305335783247f0d51fed70,in,bc1qnlhwvg75xuf957q9vvc3f9sp5ut5xfnkqjwy5p,0.00013314,15.0,0.0,0.0
2025-09-23,d15a8c0d027341805f871ac0d3881e70d4689591952e6157320c49cc4f6b9de7,in,bc1q0dhwwzm90cqfk9vslrwytehfk83mjd34s4fjlr,0.0001818,20.48,0.0,0.0
2025-09-23,ebfee0298fb7ff4bd8ea3aa3d73ad03f594b650a0cf06c6f54e6a611c0c68b3d,in,bc1qkjwtfmsj9vu302c75lfxd5rqphp4gl34ptp5vdhx6ttt99qtltqqu4l8jp,0.00024536,27.64,0.0,0.0
2025-09-23,edfd884166bdd64be74614101bdbdfbaf4e192bda04293b15235ede5030607ec,in,bc1qatfrql5tqjy8hpx863s4vkqmfd48h2lxff7d8n,0.00036048,40.61,0.0,0.0
2025-09-23,f735b7ee6df3aeb5f54420eb36b4301c4103a2563453bfc46f92c1cb29b3fe30,in,bc1qlqarf6dhvz8hyd29fkkanwhagp8aaa8cuepayv,0.00022357,25.19,0.0,0.0
2025-09-23,fafda8980118405f0764fad6ca730e52fc5414417fa851ee13908756f5b21e9a,in,bc1q0khwucxzm5raqrcfxsr9lkr7nnxkm7kmerwvyf;bc1qmhxaesd7af6uakfrytrlp93atrmutxs7d98kx6,0.00011214,12.63,0.0,0.0
2025-09-23,ffb9c38fff33f7e5efd517ab1f60dbe3157c2857e58d233bfb5a840d9dff2f3e,in,38jwp9g1fXehA35o7a8kTPHXCkMCZ8Wdxu,0.00016485,18.57,0.0,0.0
2025-09-24,023be46a927940427d81fb494bc2920fb41fedee703be13c380abd6af9457342,in,bc1qs2lw4vns3tevwy70z8ezlsy8h0386ln6e0jwzy,0.00264441,296.17,0.0,0.0
2025-09-24,0576a6b54ab0824be195d805a64918d64f450da5605ee52f6b396497ed88dd97,in,bc1q3pqqyjeghgwvkzy9emhl0p5lwe423swhk9r0yg,0.00031189,34.93,0.0,0.0
2025-09-24,08a96a4613a7fee5b99abd2aa76042792fb4c8c2014f1b73156a6916abc3531b,in,bc1qjclleunr39gnq4q0nz3sd468449z8fhjnp5x7f,0.00040615,45.49,0.0,0.0
2025-09-24,0da8b388c2b2121d1d8e733ecac8940ec349ac76e84f6722c0a4dcca9d090ceb,in,389eiKf8TfJyRmCi39jNvnZhxbkAsPBPhE,0.00027215,30.48,0.0,0.0
2025-09-24,14abd0b293e834306148cd0cf42e1b6cc1c35e04b3dd84239d3915cd59bbd19f,in,bc1qryhgpmfv03qjhhp2dj8nw8g4ewg08jzmgy3cyx,0.00036786,41.2,0.0,0.0
2025-09-24,15c1bc6272e7a51e25a6c8f2bd60201e10a85ea16088ed61ddb981c5cde5605e,in,bc1qm34lsc65zpw79lxes69zkqmk6ee3ewf0j77s3h,0.00037,41.44,0.0,0.0
2025-09-24,1f5a28e52da980f6cd5c550c8b813b08e4f10d16631172f60bc53ba915ed8ace,in,bc1qm34lsc65zpw79lxes69zkqmk6ee3ewf0j77s3h,0.00013829,15.49,0.0,0.0
2025-09-24,3505e910babc58e5939944553ebe7108afb361034dbbe891246e3411af7fadc9,in,bc1q6k2j5zze2xulcsdkm4v5nwyrqmzlehl4t4a70w;bc1qgnf2enldmfsvf85s0k8xc404j04pesg699hzl3,0.00010236,11.46,0.0,0.0
2025-09-24,3643441ad90f11e48e32271939a4bc3a2783747030f6b349ed6d1c8ae630da72,in,bc1q3ujsxfn0qjgg4fgd5aqr3tpzrn57audeh786l0v0qmumvwuj37rq8aftzv;bc1qakmk3tvq2vvqr7dx7yellznang8wu6az6g2evlr59n8s2qcvzurslle6ze,0.00022305,24.98,0.0,0.0
2025-09-24,4438162001dd27bac76d79dc05f5d267f55d5b9680dea45e96490883e4eefccd,in,bc1qu67df2hjl4lvruunxctpseqr992fdw667twqd4,0.00043895,49.16,0.0,0.0
2025-09-24,4a8e888c442403f227d5b636f8c17b182c249022c0eb137a6899a6f9faa80d2c,in,bc1qapcq3vmr9svk5gx603fwqyx7mpqlmdc5edt8ea;bc1qwqew79pswx2dxf6mqhe39f8uzajp7pzcptykzz,0.00014529,16.27,0.0,0.0
2025-09-24,554f2a93289ac90e8fcfe202d707b5eba42895c300f72fed65f5ca3069b9bbb9,in,bc1qm34lsc65zpw79lxes69zkqmk6ee3ewf0j77s3h,0.00032137,35.99,0.0,0.0
2025-09-24,5d80e0c436fbabc351ec3d69ab5be36e6410a499e061b32341d4b089a3931067,in,bc1q3qy8vpst43yx3fvjhd8h6u8wvtrxdlf2yqpjyz;bc1qyw7jmdumgaqvk8wpm57z5w8d34fz74fu4emejx,0.00035205,39.43,0.0,0.0
2025-09-24,60c235b9b5836a8962db9ca6643b3fe20106169659bf989f013dcdd6d836a2d3,in,bc1qn082wwgvcl92x4dwe6a2h8rwhah8ln52exjj7j,0.00088123,98.7,0.0,0.0
2025-09-24,64683ceca2210879536292a6c457f9cc1e6ecdc802430bec37ff6bfa85aeb22d,in,bc1qmgpde0xfe59yz02uy90dstp8pstc8juu70gk6p,4.325e-05,4.84,0.0,0.0
2025-09-24,6663eebe207cca62e51fd4540ae0edc7b37d9a14301b030fda57c1be8115b967,in,bc1qcuc8lr837t3gpuereavhqcxm64gng68rvw3yrf,0.00053197,59.58,0.0,0.0
2025-09-24,775bf95587a4fb21ed5c739527917ea5f00db8546bc9301af0cd96ae9e51a0b9,in,bc1qtq7vfz3dvx46syn2ds7n593xfed7y75p5j7xy5,0.00022005,24.65,0.0,0.0
2025-09-24,7a544a7264fe02c841e0fd19b5f0732e6fbe8b6a2b5a47459e23db5843cf1f54,in,bc1qym7888mfng9ln0dxky8jjhnqn5pwe76pc6enxe,0.00013807,15.46,0.0,0.0
2025-09-24,7ad7090faedc8ecf0fab38701d3f9a929b8131ad1394be46b4e0fb0b1191a9aa,in,bc1qsuyyl0ez3cugsqnvgv0xr20ssrrn0kp02efd3q,0.00044607,49.96,0.0,0.0
2025-09-24,8a57c54b76b5dab958d61fbb2b76e3955e2e229e3db618d77eed6b2080d3be2b,in,bc1qh0la3353q7dz6e8e7vtx46k68w8vdxuzgurre7;bc1qh925dpz9qch9djkjgnvkg8z975m0k08kqghypk,0.00047826,53.56,0.0,0.0
2025-09-24,8bf91bd48281b6276ab4ff9f9086880c81c827ccde37fc8cc04ed4b029808031,in,bc1qm34lsc65zpw79lxes69zkqmk6ee3ewf0j77s3h,0.0010734,120.22,0.0,0.0
2025-09-24,8e812d28adedaa5263fb46099f52ed0af368a8107a38eafc8eb123ae9bc8643b,in,bc1q686rr07xd0l2wm67xu825rnk82k7thcjrzr2vj,0.00025737,28.83,0.0,0.0
2025-09-24,955cf0336c379a35771975609afc3f8e018044fb82355e7701e9cde20cea17eb,in,bc1qm34lsc65zpw79lxes69zkqmk6ee3ewf0j77s3h,0.00040956,45.87,0.0,0.0
2025-09-24,a0833ced0f6fde79f88734cc219416f81cf2b9117cc1cbdfd0e1a3d3ebeb521d,in,32hVubM2815sCATV13PWe1VBQSRxosv6sm;bc1q0q3xn695fd3frfax3gtv3wjkddtyq70a90z9zgp97cgvwh49yzhsvv5ra4;bc1q7cr6w48gxnhehc9euusqgk0uu9rd7rmvl9j0kkshzjpexdsfjzlsp6k8vn;bc1qgdaxfx42k3wky57unnft29k0na48wy6tur5axpewq5t4j3jh52yq5snvz3;bc1qsndxlnq4eqs6dqsy3ssl5p2rtx7cc3aewdxf2hqayew56vy4l3hs30fukq;bc1quhruqrghgcca950rvhtrg7cpd7u8k6svpzgzmrjy8xyukacl5lkq0r8l2d,0.00023633,26.47,0.0,0.0
2025-09-24,a1d3c5958c0e39ccd5b68bdcaed736c85a58d59118eb9026e9ea774d7bf95a9c,in,bc1q6ac0g2nmlsl3frk5hzgwvayfyutqh2m0p0gch7,0.00061998,69.44,0.0,0.0
2025-09-24,a340510568a968a28a41219684216d625d48ed57b3467a59af5ba64b13a589a8,in,bc1qnmdsg3eg0kxjsu70kyyg6wx4u3upjyz98ymkj8,0.00018759,21.01,0.0,0.0
2025-09-24,a5489a4a694bb19b4c513311363fa99209258754a0e4b6c483a2d28c69c7ddb7,in,bc1qf0j7ns24lamvauka2edfdpfmvvu7yjs284053f,5.631e-05,6.31,0.0,0.0
2025-09-24,a6a63ac2328a098c85849a44d437da704e4b564754772233589cc30137bf1c03,in,bc1q9u54y9wzyqr8qth423dm8y8zpc278kluhu9ksp,0.00017,19.04,0.0,0.0
2025-09-24,a6f2f64580e36cef7d113b3421ade225759592eb23524275b0be0cac6c611a56,in,bc1q0mp2du0dqfav3jpl9z5x2ewg0m0hf8dnylga6m,0.00021873,24.5,0.0,0.0
2025-09-24,abc279baf5e7c381361f44bfca5b742f3d81bd5670482c3b83311f9f623a40c3,in,bc1q8l5lz338r5m0u6fp7vfa58vc9l2ss2f8cg7dyc,0.00022266,24.94,0.0,0.0
2025-09-24,abde79806db9034f44760a03d39ec9e88c5e3884da54bcbfd83d08abd309a275,in,bc1qaej9enjpfa4zzkn0gyfu8qjwav64as6utpeccp,0.00019074,21.36,0.0,0.0
2025-09-24,bcf05efeb99d279e9341d94cde015e03110d70759a0cf1570cdc8810bc711e33,in,bc1qhlwph80lpf5zqamvrryvdvxtwu27sccmqlapwm;bc1qz4fd3mn6n0lne28t9nnegs4h5s4svaklhhum0r,0.00017995,20.15,0.0,0.0
2025-09-24,c0b7aa7269990473adf87550b73ae3ec91c82537cabac7e821f7e9aac1a911b9,in,bc1q3xc742l2s0jsprqmsgpkn85t2666ql5fndsg2t,6.461e-05,7.24,0.0,0.0
2025-09-24,c6209862f7bfb1525298f4caeb0b5d2255e412398175765f9af3ebb29bd8a9bf,in,bc1phf8aam9my2qsauhzy2l4y5ur052qczhgf46dc8h95q7yzryk6r6q5mf9sr,0.00025814,28.91,0.0,0.0
2025-09-24,d16d7da7f94832fea290b0725ea56b295a6b8cb727ed1206d87c6199c128d57a,in,bc1qm34lsc65zpw79lxes69zkqmk6ee3ewf0j77s3h,0.00011,12.32,0.0,0.0
2025-09-24,d2842bf4971e12709cdbacb2795a98ffd89180cf3f2deec3d7faa755e3add309,in,bc1q2ant5mhlkfd0ty4cgdg8dtxy2xqygjapj6mgjd;bc1qr9franw2ftpkvvmj446lpjvn9utgz3azw2xvud,0.00021218,23.76,0.0,0.0
2025-09-24,e39954d012dcb84822eaf75770b75a4613d0acf1cd04d2f65d0606e4699f0dae,in,bc1qm34lsc65zpw79lxes69zkqmk6ee3ewf0j77s3h,0.00030235,33.86,0.0,0.0
2025-09-24,e5ed47bae0dfeefb2070b0d2fcf8cccd2b31489c887737c5550cb60ab1a576f2,in,bc1q84lwpxu7d5svyd39yjv22647p7mgs279rp573t,0.00011024,12.35,0.0,0.0
2025-09-24,ea4aa61fe27b17143a031e48122110deac35ccae03ed5a223264e2753649014a,in,bc1q89n0nu2dedlheqplwfyluq83xxq5ad6f72hazv,0.000176,19.71,0.0,0.0
2025-09-24,ef02deb73da42434a28bd90a720a685bbc413ee262b6c6ea43c29060c6497bac,in,bc1qkfh2xgq6gh5ylzmr7mm9nqvv0crxe5ucal0sld,8.898e-05,9.97,0.0,0.0
2025-09-24,f21ae8ac7b94047fe4307ff5df5bc6554a1af43c91f0172e86d896312d872263,in,bc1qm34lsc65zpw79lxes69zkqmk6ee3ewf0j77s3h,0.00036615,41.01,0.0,0.0
2025-09-24,f6fc06ffee73a6a215507689135445f34b5d5d8bd3861d34511744dc61f86d81,in,bc1qltaa8xv3fxu8cnsek2cnwn67kafyfhy5gs9kp5,0.00012337,13.82,0.0,0.0
2025-09-24,fbd4cdaedba3ada8a5341d40aa5f627303ec42926e1ee9104e66c8f6d843db26,in,bc1q0y9eqntq7hvz84q35pd7h097zqfspyh263dpta;bc1qzarlf6hdg7mf5sdqwpyz24rafg09j97sx76tpn,0.00024533,27.48,0.0,0.0
2025-09-25,0094a80eaaeb99b37128443b3cd894e2360779e70e2e9a6836d7b911fead1207,in,bc1qf8rnu4s6se3m3yqergckvwm93gv5k0s9t5y4v5;bc1qwxggdra6g8rxkezfzzeegvt26kvz53j2tfym5k,0.00012385,14.03,0.0,0.0
2025-09-25,099f1f4c1cb578f513b743ce759d4fbf0c6bf58488b8faa203b1e94655f883de,in,bc1qpelqm9hhulv2q5lwh0wcpstpa5t6uyltzez84g,0.00018868,21.38,0.0,0.0
2025-09-25,11667c4a47c830d196f8fcca09ef461a197082b4311bca49aa1529e7a406325a,in,bc1q2l9lkvhxxeu4lmmrvffuemwvqu3lhfx5eudyqu;bc1qedpu7wm7vs8la2fndpv5e0wy8hywty02afq0n6,0.00017543,19.88,0.0,0.0
2025-09-25,178c47978294021c38685284d18da5aeb42da1ecfde71e4b143549900a7fe6f8,in,bc1pn99qcxm7m0s8t8crwq64ks23ewyn79c6e8ugfqn3a5z7aglcxarsn9m3s3,0.00015477,17.54,0.0,0.0
2025-09-25,1c796f6ff27ea8cac6293fd04556f4f273f547c2b84678a3111546490d5de5d2,in,bc1qq6gq86f9mrrlejqlsp97vmd26tsx0jw7d2mxl3,0.00022418,25.4,0.0,0.0
2025-09-25,226cb54c2dd8f0d965b840ab5a0ea1e47b8a9d1a5e7f6eb20832ef21d3c36d3b,in,bc1q4ec8vphga8508d0d035efs6ws02jdvjk34ch8j;bc1qrunzwl6vdhqpd4x83jcywerzlkjuzeh2uwdmg8,0.00044817,50.78,0.0,0.0
2025-09-25,25d778b58a39d7c250c39e4d370b909e235abd1d3e06ab5ec59e5c7b4f6d0aa1,in,bc1qy29ra0du4pk6vn5hv22rrnj3r7r7dqkerjmxkk;bc1qylmtxm8ltg2w0qle0ujqz7jcekwu2wqdj938ts,0.00048168,54.58,0.0,0.0
2025-09-25,2fab311a1df6b72da04f46f9ec95c3db574574fa936f7b07867d5de5d030ed82,in,bc1qqetx3uvzrd4vcdl5zv8rmyq20qnmn940u3emhe,0.00013998,15.86,0.0,0.0
2025-09-25,340c27f897a8584377b50d7578a771ee3d93552e9d8d70e58c97a3ae06a31c27,in,bc1q5ylamt0kf6y3k8y0yngkxvg79sg2xrusr55m2z,0.00041004,46.46,0.0,0.0
2025-09-25,35a289643ed76e3585ccc2f28940d11f75da677eb2411ab408a532c3e3638ce4,in,bc1qmgpde0xfe59yz02uy90dstp8pstc8juu70gk6p,7.206e-05,8.16,0.0,0.0
2025-09-25,3c6252448a39bfb91f716f019294c97ac8e64e06c65e8839e5bd0886350fa1eb,in,bc1qkw3ravz9qhtfdl3xvz9ys7pa9r3687mkdcr6uq;bc1qz2vk90h58al4tjcxyk09dvac66fyhrdgpk6nhl,0.00018295,20.73,0.0,0.0
2025-09-25,4489066fd1d09b120f8e670766ebc42eef406c5da70f47c55c0a8c444f8d6e00,in,bc1q83jazu2ujhfuu7ezr84mfhvy6vv94dwv2ds7kf;bc1qunphnwmkp4ue322pcq3d8gp2ne75a73pgv2hwz,0.0003582,40.59,0.0,0.0
2025-09-25,45e9da222e6591c36faf335bf502daed25fa4904761a66eb8dd5463145ccd33f,in,bc1q00zwpw3p0ts829w560qt86q9h5dt4sfnpkux2u;bc1qw3cea7jphzwlec77yhq90knd644x24x8kae3ps,0.00030878,34.99,0.0,0.0
2025-09-25,49235a55b8db9783f59a9abd9704aab897c7712e2e5acc406c1e5c7d9a92ac66,in,bc1qvwe45tgw8h8zxncdmj6wjfftuxrwl4hu5wvye6,0.00050273,56.96,0.0,0.0
2025-09-25,49e9c4e028ec2f7fd2fa06fabe9fb20c5263f1ba8f65d93773462da1537b6d2c,in,bc1q8fjcy99fgnny2v665c96jpe4gs6fmw23l5w26n,0.00021339,24.18,0.0,0.0
2025-09-25,4aaaee0118994c108289fb7af74be51e0a9efd238becc639fb40b211559c1f83,in,36bezYxmXxSLLuQcYb8EirWNSHucryEEdi,0.00051071,57.87,0.0,0.0
2025-09-25,53928cf315a63db1840208ee4d48f91571f90e2ae2c162e9099b4c94415bbab0,in,bc1q3xc742l2s0jsprqmsgpkn85t2666ql5fndsg2t,4.713e-05,5.34,0.0,0.0
2025-09-25,54aaae88eb4d843cfd79a5e8c646d2d34347af236cab344dcb5b5a7d8ca9c2aa,in,bc1qulazwp3gpzdfyc0ad735ddfa5dt6y5sevq6sf5,0.00012828,14.54,0.0,0.0
2025-09-25,5d488fcf74ec4cf1ab4e72dc9c67ce66a27d9f592c770f79fc1ab9d680dffc22,in,bc1qjclleunr39gnq4q0nz3sd468449z8fhjnp5x7f,0.00023086,26.16,0.0,0.0
2025-09-25,648b4a79b1d77335b77c90b6043be1cedee1cbee70e230f0abfeb103ceaad411,in,bc1qytxajdaq7vt8mqhlcerfc827j2hwdw92va3284,0.0007,79.31,0.0,0.0
2025-09-25,6e0a8a8ac7e8ece40e4114f840d328a36b5325987377a1014923ba1a2f7ed54d,in,bc1q8g3dr0kxx0zq2mu3t862a99dy4s3f7xx0g37x0,0.00018789,21.29,0.0,0.0
2025-09-25,79878a6b2e2217540f17c22423fca73021bf6f99c539472c886c64c28558fdf6,in,bc1q6fc9y99nc3vr9mcqgzum9ymr8l63vhur6a6ecs;bc1qqm4rfslq8wu8xqasjs5v25qxsse2thc0a9dc72,0.00033593,38.06,0.0,0.0
2025-09-25,8875e4151452ba05df83431975dd76494fcea29c64b1c5cc94b4953e685ad32d,in,bc1phf8aam9my2qsauhzy2l4y5ur052qczhgf46dc8h95q7yzryk6r6q5mf9sr,0.00044011,49.87,0.0,0.0
2025-09-25,987fa157fd9cf04f46e11deb27ae04080d4e24468799104a410f64cb2dcefeb7,in,bc1qlexeyanuhslzjyjtmmmcqdnv66nftxdvv2rmfj;bc1qxhv0qy7zxfuhtkp7t9ahaevx5k542hlykrs5xm,0.00014708,16.67,0.0,0.0
2025-09-25,9dd330af77cecdecd3374e08c702973b3e723b76fd22f6be41177de7f5a5ad51,in,bc1qsadmqt5l4l777ua7qmtz4mjvs9ecaw6s2z9xy6,9.473e-05,10.73,0.0,0.0
2025-09-25,a28bd7931276d4d1e02bbf6803a1018a7329402979184557b60e4fe7fd2053e6,in,bc1qp84hwqna0ual7hpj0cr2f8cy9ft6dewcw73rj5,0.00012236,13.86,0.0,0.0
2025-09-25,a8def0ec9ce38c84d05b5c7f3179e6528afc25c4284250a954d9493ddfb303d6,in,bc1qh8vkr0cc9akvz5vsc4ryfasjpyhd5e0egdfdjv,0.00014081,15.95,0.0,0.0
2025-09-25,afd4a4af133d2c11aca3ab172ef0f21e5c82c04951d0354169bb2a47bab232bd,in,bc1qcz77nsnun246hqq3h73vhl854ca2n653pmyhae,0.00045719,51.8,0.0,0.0
2025-09-25,c90e834f4eb7704668489052a50d2d57a176216d85d7230a8efe9c61b556c79f,in,bc1qp32j3rm5umf5w756hfv52yjtg8dwysylslkyr4;bc1qv3xywf3sdm4m30mzj24dh7sc5p6zt2c7h9x2m9,5.533e-05,6.27,0.0,0.0
2025-09-25,d6d748549690cddf19f7f451e826a21d437eabb9c8d3c0a154830aec57d1c796,in,16agMw9FdpbBLak9TmgK2EvpqTz1W3C7VH,0.00030172,34.19,0.0,0.0
2025-09-25,e7738cff073c5ec27d73f99e27a271a67bf6e89edd691834356bf601e2058e58,in,bc1qcyy8lldvtyvajprdtljhpakp69cr7fp67sdwf4,0.00018415,20.87,0.0,0.0
2025-09-25,e88790e88c0c06e73a01b34d7d224e9d8d9e949a0dbec9d084499ffea33ca2cd,in,bc1q3jhzjqfm87dmtu0zrr3n279640hf0gq2uttjfk,0.0002,22.66,0.0,0.0
2025-09-25,f37ef99e8d281689fe277cb2d57ab50bc47e2aa075ee5d9e7f7d9014a29301eb,in,bc1qs364wvxv8pk2wez8t20qhn9evtzcxn2vj2l6tp;bc1qvxk3atrz62r2vnw0e6pnvfka85my0tfn69hkuk,0.00016189,18.34,0.0,0.0
2025-09-25,f9451148f33105475c633798333d66da8f23d42bb588397356ecdc7af2f2d6ec,in,bc1qm53nqg9ya9u8km294ptte8pcq8sfselv3fssgs,5.084e-05,5.76,0.0,0.0
2025-09-25,fecddb4015260e9827988853f653399b34b3c3c9970ed1366060d24ce54ab501,in,bc1qcstz9r8agp5hv5sugwu3qzwu90yzreu7f25vw5;bc1qhuf9gwvknds3pthehdzyrd3q3xhgtd0es2zrpm,7.517e-05,8.52,0.0,0.0
2025-09-26,2173393d304e56fa00b4cb475b5f01157ee8510e2da255b3e502b915f982f0b8,in,bc1qvmvar2rnq03kz6nrhalwmgjcmq0rfsg0waejt9,0.00029939,32.63,0.0,0.0
2025-09-26,28dbf57cd6e4ff1b6c70262a2d5042ed22b1ab31073349fac53693aa7bbead6a,in,bc1q98ms846kg9mntcuvg8n93fgjz55wm80r46lvd3,0.00045343,49.42,0.0,0.0
2025-09-26,2acea9dfd020730922390b86244066d426a8756e59c72f3fc82bd234b2547f68,in,bc1q0wu0tqp2u3rtunjl0h0rsl9pvf86acy6sep63st0lp7lgg67ykzqeq89pn,0.00023734,25.87,0.0,0.0
2025-09-26,30061497447bf5f2c31151971edba40b8694eae4f92fe8f3fa428b73fba54a0e,in,bc1qqnunrcqe27juskcz8mr42l3hm464un8q69pws6;bc1qupetes72len0k4c3ru3mf3ccg7pnlfp2dyz4fw,0.00040904,44.58,0.0,0.0
2025-09-26,57ac4d4bf947ec73a11c5fe85f7953131ba10e1d9e5c40fc99e3739e3c7045f1,in,bc1qm34lsc65zpw79lxes69zkqmk6ee3ewf0j77s3h,0.00087466,95.33,0.0,0.0
2025-09-26,5da038e046930b59485c085a0ed5b31794619bc0c89d6b47b807d7e55dd441a1,in,bc1qs5pczvlampgjc74e3e7jm2nytfc359ncr6ze8z,0.00020091,21.9,0.0,0.0
2025-09-26,6f1365db2214f6a70e50a68c152c97cd5d66ea71f8a5ec2aebc2932381a7cd9c,in,bc1q54mxdm0zgmdyf6e4v0ustg22nta7lucy2gtk2a;bc1qagqafne7e4rlpa6nehsa4tg652nqjmnx3taxfn,0.0005505,60.0,0.0,0.0
2025-09-26,7668dd7cfa812e86a2ccd1f2a5dbffac67fe01eda9f38ca8de6775f331bb0f5d,in,bc1qamgjuxaywqls56h7rg7afga3m6rgqwfkew688k,0.00061572,67.11,0.0,0.0
2025-09-26,7e03b2445bcd12a37bc722e8d84a71b392f7301b97087c249dfec6cd52036dac,in,bc1qqmyryqfmpa95q6m0ujp5ejjfmq0cqaetmnfj9w,0.000914,99.62,0.0,0.0
2025-09-26,800d4223fc4d9f0181a723efac91f2919c87f12ab2bc2a694bcb1b16026ff17f,in,bc1qkkvwkkxulslg9s6vzw7cw56tfx3ackdglyyczn;bc1qmcu9qqp6dtkngyyfawrrc9vm9u4ywmdd46xjz4;bc1qqrljz8fdyrt5433gvzxz8xv5myedf0ktakenge,9.2e-05,10.03,0.0,0.0
2025-09-26,8787f25f1f26608eb7ba5a81761a99a3b5e84cf5f76d6611778629ff39972920,in,bc1qm34lsc65zpw79lxes69zkqmk6ee3ewf0j77s3h,0.00057481,62.65,0.0,0.0
2025-09-26,8ea0e69fd16d9da739b94b9a8f2e488b8584a4b3c07b6e8e8a17a1458cf4c5b1,in,bc1qd836nhh7nwwu62sry7fj5s0pms95jar8shgkun,0.00018449,20.11,0.0,0.0
2025-09-26,92a7aa6366ee8a328b1ac7a7bc59b4eafee4ec55a5ef6d4edac563ede223c4e8,in,bc1qzywnzwgr5w5pwdlk25jflarl8nlrlj6d397gq9,0.00081279,88.59,0.0,0.0
2025-09-26,94c52fd702b5d4ef40a9ea0db272ad10e7761a2a8ace775a304345a16959abef,in,bc1qqkr2flk9vs403gsrle47mfqlgfzu0xavuh67lz;bc1qyqsfshvy30z688lfllyvpw363vxjutusum47ax,5.69e-05,6.2,0.0,0.0
2025-09-26,994e3b62fb10567486aa75fe9868fe76a12e0111a10199db40d27f7ffdca6bcf,in,bc1q2pezhjw8q68f2jazs3pfxurwlxv7pzlhezqyz7,0.00012073,13.16,0.0,0.0
2025-09-26,9bedf75fe3bafd010a36b54b7956e70a60b37b37e78fac796db5371f2f706c30,in,bc1qm34lsc65zpw79lxes69zkqmk6ee3ewf0j77s3h,0.00018186,19.82,0.0,0.0
2025-09-26,a5d7e05e4218866b3aea128ddf436754420e46e3872e826565232c182eb20500,in,bc1qjtaqqrw8z63z5u8epkmam0davx2zu0z0sjmsjy;bc1qyxqr7swfatgu4qka5ut2uav7u98m8e0t6xrq4w;bc1qze5psa446squr6xctgves9ljhj2gpum4nustek,0.00036491,39.77,0.0,0.0
2025-09-26,aaa6eefbd66e47347411df4de87b22a0e9b71362838c6f11f7e2b65416445067,in,bc1q5egw2fclpwrrh888k4nq5ww80lgu7jkq8kduqr;bc1q9ul0q63jv97a2n8ked6maa2gur4lrmefew7upk;bc1qn6k4dx59pz97pgksa96tck2072q422rchw3p3h,0.00034303,37.39,0.0,0.0
2025-09-26,ad23ed7272fccc283b2d4788b8fe26e258338254bf940dd73cfbf06f5dc7d08a,in,bc1qa7rpwtrkuylkdzqjgqaeygw3qr7vpxyrjf4d57;bc1qufywaevep5yd34pk7m9lt8du090fy8w4swjqz8;bc1qz4aypsqn23ep0sy9td9mym8dgpdlqfpczedym8,0.00040907,44.59,0.0,0.0
2025-09-26,ae7738441c0d48bbfdce753408760578586043fe2ed502d20bafc9bf44de650d,in,bc1qs5l7uex324dqkmlm8lflv93hcalljrvkv6nekz;bc1qwg7humcm8uyjfydcktzref7tnrz5qv4vg7hq2d,0.00021031,22.92,0.0,0.0
2025-09-26,ae824ab2d63a8ad48378c0d9b64d014c77924deef5d0d811e4d800d8f8f80f69,in,bc1qa9s5nevxzrpgzedcys47h6l4ux4ugd2cf4tz6m;bc1qduthx3c9p5jjvsx9pf7krck0d8y9wznc8whues,0.00040277,43.9,0.0,0.0
2025-09-26,b4951e474c6e257e1ff65eac4008169921814a62760acb1cac63ec11d1a3c1cd,in,bc1qzrxw8wjsa69wae0kxf32ztrfh6jp90ckf88y9q,0.00045628,49.73,0.0,0.0
2025-09-26,baf1c5771957c670122030ebd2afc953dbcd9fb1cc5b6c3e14c79b8671091c76,in,bc1qwy8k2ntzplajy698c0qcncdg207mak94ylqdcj,0.00049032,53.44,0.0,0.0
2025-09-26,bd74097de861fb353f5cbc48cf7fea6c2556aebde2abd70d90ca9dd523dd6e79,in,bc1qqwhrafq8tjgrjus3w5p2xt3lvjfyg6xrzyhe2q,0.00022903,24.96,0.0,0.0
2025-09-26,c291a682d3a51f24198ec0f15852fe21da9c2a33e5ed85fe197e76c587ce594a,in,bc1q5dskwfujtyk6lgqz2hnaagq0v8t3a64wm7h5yn,0.00013829,15.07,0.0,0.0
2025-09-26,de8d197688c3a288429fd92ea97b35befe0a2f47425b2bb8781f8cf3f95d0816,in,bc1qvwqaatj8exhj9stydv3g3z69yc79mzp8wqcqlm,9.255e-05,10.09,0.0,0.0
2025-09-26,e0a711301d0fcd798ebad7f11d26470952b7a8d17b19032682a3d9b4b6e79ac6,in,15NJuM1F2pN9w9YJ46Lr7LmrwdSntGtZ6t,0.00021484,23.42,0.0,0.0
2025-09-26,ede546237543c286ec6eb4ef5d0f397ac5bc477494a1437c77e0bd12425609c7,in,bc1qs9apkzsx6kgy2hef7ffzjskvrdvrhyc3qudrdz,0.00036513,39.8,0.0,0.0
2025-09-26,f0a681ab2f97a3d79ad3483f543d674d3faab34cdc8216c9dfff6004f6214399,in,bc1qt8mnn94m45mfnhydy2fmlvzcdygd59mhmcl8c0,0.00045639,49.74,0.0,0.0
2025-09-26,f3e2572df3935290c4e9deb635813736d966457dbb8cba2a7a4fd2b25401065d,in,bc1q0wu0tqp2u3rtunjl0h0rsl9pvf86acy6sep63st0lp7lgg67ykzqeq89pn,0.00155448,169.43,0.0,0.0
2025-09-27,04da53528edcef90d4cbbc1d658fa0230685d9466523ae8c0329a536c6fbc6e3,in,bc1q98nmyn4vkd3ve899dc60q6jjtj0xsqtnj0ck8r,0.00022857,25.06,0.0,0.0
2025-09-27,1a2b1cb1b0cf382d6fc16e7932e7b98ffe3d7c4dae1576399b4debc5c4fffe23,in,bc1q7akg9yyexmye47a7ath9qucfsdx9pcpxjd2ar6;bc1qu5ll3fqdg8txtrwh69zef5am8fdhhd6efvvfmu,0.00031836,34.91,0.0,0.0
2025-09-27,1f5dc421b6d01528519b3527b9760ee8c861927774c3d7060fafcdbd554ba30d,in,bc1qjq80hhz8kafjm4z55dqx8svcx4dad5leycyg5v,0.00015606,17.11,0.0,0.0
2025-09-27,2dc485d724c75728cb235268ecf3d07db088ba26b467965ae175020e802843e3,in,bc1qr0pg8epe8t0h85na6w8unp6jy86wg5r048lxe4,6.579e-05,7.21,0.0,0.0
2025-09-27,3fb11fa8d00283a69ba4b7909edf87aac8a039ff63c8d331a813603e868a59a7,in,bc1qdzay29far9ny2shzfe8j3dxmh64uymqmamj4n3;bc1qh8q2g699nrp3xmtvlk3n52g42trmprpfa8tt7y,0.00014326,15.71,0.0,0.0
2025-09-27,412c531b55393382ba209d0b4bf6a1f306cb659666b37f4217ea1a0a87ce5b78,in,bc1qkdve2mmeqkyywcfaknlwu5d695eqv2rkvvv5c4;bc1qxpcaa8a52fhxt4u5dfw40z39duwt4yw7d873f4,0.00025595,28.06,0.0,0.0
2025-09-27,4603cf77e1f30d9a607d81dba1b48ec116ca917043018acc810dc700e2c340bb,in,bc1qgh9v3plzk0xmxw0uvqwakcvl3lef924c49spnw,0.00041075,45.04,0.0,0.0
2025-09-27,53fda2682d2a5aee259e825f48913e0ac24c1fbe43f3aa1781aad162bcc11595,in,bc1phj7e8enxkdjjeumrvh7jval6k5gfngtvqp6f48pl373rwpcemuwqr90aze,9.1e-05,9.98,0.0,0.0
2025-09-27,5d1dcddcb0ab31db240c9efbcdc52b3ba907cc228c12c31fd2d4e8739321fa84,in,bc1q7lxgxqgnmsulacf76xhg66dxjjr6wxay6zc0n8,0.00014784,16.21,0.0,0.0
2025-09-27,5db8c64277ce99f0f476ccfcf98c070125d14888eab3be6642d15c4f58f6aae7,in,bc1q93kw22sezfwl2876xcjvscu4ndm8fvam3zgarp,0.00014271,15.65,0.0,0.0
2025-09-27,63e6eca4dedabda39c89cb674ec3e5a4aef17d26cd2f3ee831d96a63ee85f17b,in,bc1qqsa8r0fmy9h8elr3mvejcjxlwua98tzyadqgcs,0.00085714,93.98,0.0,0.0
2025-09-27,6634e21d544a1cadfb811c2183e1622aba1d17e114a8d8493e070e2af3df5688,in,bc1q5cf4wde3a03jl90f9fdvmakl28el7v24f9xhpt;bc1qlvmgtl3wtwqap0fgqxvhecmjwjp2ax0yldtlh4,0.000366,40.13,0.0,0.0
2025-09-27,6a7b395de93c6879fcf5101fc4653cc39099f52e9dd7d1f1608553ab88c35efd,in,bc1qkzrf9numgg2l5wvta76krmknx4arkav4rd85q6,3.274e-05,3.59,0.0,0.0
2025-09-27,70ce8a8caad18fe64fc541ab01343d98f5a96350f786f72521f4278995cf98e7,in,bc1qm34lsc65zpw79lxes69zkqmk6ee3ewf0j77s3h,0.00093659,102.69,0.0,0.0
2025-09-27,773efa6da19d3c3c845495721860daeda90a0d1f3105688d189f279e11f1facd,in,bc1qt5n8ny8z4lcr7ag8ecrdmmzajh82c76kggtcq0,0.00018829,20.64,0.0,0.0
2025-09-27,8681e274589671cf170be62e52f2fa8b44c1aad507d5883a2f65eb6f0e47d9de,in,bc1q40k2rkld8rgk27zfrgpkw7sd6nxpqc77etrsyt,9.137e-05,10.02,0.0,0.0
2025-09-27,879f373383c24b958840d52f5831103b6e24e6d3f57a09254edf0bab554b27c9,in,bc1qd892lcq2ykkylse6psj49x20zq4djhga4qrtgn,0.00010965,12.02,0.0,0.0
2025-09-27,9900b803651aad7b9a5597d52f604a47de6f679648e5b18c6c68467aaec87138,in,bc1qke7wvns5perxnxaf9rg69w8puc6xzw0e2neqlg,0.00017113,18.76,0.0,0.0
2025-09-27,b6f4255f3f641471f9dd18a42a618b5a4b5ef61c3b5a875f0891dad357a51982,in,bc1q6tgwh3kcrhq5sr59relc26mdupr0r7tnjn2wpw,0.00022844,25.05,0.0,0.0
2025-09-27,bb6551bc8f40d45456b121627093d5a8ead35cfa0913a683cc04596df581e4d5,in,bc1qv9le6rel65xakg93snqzc02nkzxqy5al7gdl9m,0.00041167,45.14,0.0,0.0
2025-09-27,c4c651774ae96cf76ea4ba960022dd0569aeae42a04dd3295981ebc72f498d24,in,bc1qppgmkr65fkcyshxs6n83z6a8hjd3uhn6cq6dsu,0.00013463,14.76,0.0,0.0
2025-09-27,c66c2fb2836efff6c94ab974fe69a68a4c0c95517c70cd25af2a6889b50add06,in,bc1q9grtr7hxa7vhuptl6dxfn43jx8dp38cgrml6rh,0.00018821,20.64,0.0,0.0
2025-09-27,ca5148dbc7a4c96167326928a79ca17f80d44e8a6575794f3a533394b78d44df,in,bc1qxtv59pvumxek4wvgqtxy74zvqx3l7gpzvsnge8,0.00041095,45.06,0.0,0.0
2025-09-27,d037622606805a8d1416c53752ca8efe1b46291a032fcc5a33b60eeed7473be4,in,bc1q3ete4d3vhxmt085hkpklfprye6ayvpwczmv9ru,0.00027412,30.06,0.0,0.0
2025-09-27,deb91c6154d12d2b8f9805da5e26020b08806444b5d88a9da10fc98acb59bdea,in,bc1qshxvm46mav2nuzm3q4za4kmpvnaanjwj2xmjh6,9.788e-05,10.73,0.0,0.0
2025-09-27,e13b3884b125bd6c25843fb924937188be45e163fe0e851f4b31bbde7aac1e27,in,1GFD9SuhBoUEjXSefKfctCRiANKNGiKAMD,0.00207906,227.96,0.0,0.0
2025-09-27,e70523a01275a1c1f110535f6a9292d903acedb11974175d15847722c663a66f,in,bc1qn6k3tvx454mtylew96jecea0j85ujyp0ydjk2z;bc1qvj92nsa5vqu3qn4v4mte2rqnuky3ums5psy855,0.00011652,12.78,0.0,0.0
2025-09-27,e8e2543e0b31b10f7ebdc3eef22bd71481175218bf48ca851c74203b77d326bb,in,bc1qd892lcq2ykkylse6psj49x20zq4djhga4qrtgn,1.827e-05,2.0,0.0,0.0
2025-09-28,1452510ba8e195a9bd2744c0b0181e9a4648ccd46662bd4251a21ca50e99371a,in,bc1q39pydm62yma87e8nr7sv0vlua6d2nz50zl0pfv;bc1q9hkgnszvys34peldpnxrdsv90y6j90vzv3d4v8;bc1qev793f7ldlyf506gsxxs6m3262jhgajrm2j4qz;bc1qvnedtjfach8jw2kga8rkyaflk8ycp7y7dm5j60,0.00045644,50.04,0.0,0.0
2025-09-28,1577aaa77d77763ccfb5bb71a14399bc2c3c77661c63e4b2d1274e6ceb2312c1,in,bc1qxpwd86dxj96y0lk8zqyqnge2e0qjvjg4x722st,0.00018128,19.87,0.0,0.0
2025-09-28,196680e7ba89c2824e15a7ca429db4ea7f9cec5b19fd5da27cfa99a9ff523b5a,in,bc1q3ete4d3vhxmt085hkpklfprye6ayvpwczmv9ru,0.00017235,18.9,0.0,0.0
2025-09-28,1d3c4c37c7a54c48175c9c9332dd53ad9693570d49f67ee6e78971e617e6947f,in,bc1q47kcfhlck0r72r458xfr4fv4vvadk2re395c4l;bc1qgu2n6pjcrcxp6manna23re76gr6glshgyyfcpu,0.0002458,26.95,0.0,0.0
2025-09-28,202f03302241bc075ad9653af2e1aab513c627efa10898831cea51cfe4fc1d11,in,bc1qjtksz65kv2c0djkkmpqp74mhtejqrtqwehkyjp;bc1qkvuerkelhnvjd38veu3yqk9cpdmanyt8qxrsvu,5.417e-05,5.94,0.0,0.0
2025-09-28,283b7acaa74aecb36efe19d3d28e4da869f90e0cd6cfec180b7adb9b8c236070,in,bc1qxmp8j4ptfqruzr7y9c0npwdpdqgv58fxsjzcex,0.00018541,20.33,0.0,0.0
2025-09-28,293606e0f297ffb360f9fb48f2858e2d48c660bdcb68cf65ca1322f98e0bfce4,in,bc1qgnxkkr6nu0wpunyj2r2mnqz3c6pqv6rwcztzqn;bc1qmg2xsk5syf5x2wwf0f5s8hpgd92qc5sfwuptlz,5.745e-05,6.3,0.0,0.0
2025-09-28,2ad7cc620593df46d2950efec4bef591f5bcf4366857ae95af6b9c156fff884e,in,bc1qm34lsc65zpw79lxes69zkqmk6ee3ewf0j77s3h,0.00054787,60.07,0.0,0.0
2025-09-28,2e7233e50fc0f3ba9c75422c054e88e705e050aa0cc92847b804c3b7a38cdd5f,in,bc1qdmk5cnyl33m9f2mykymv5gcug2xpr2kq0xwfmj;bc1qtgqg6d857zjr6mltdyscy84rtu9x9qcvtxrwsq,0.00029085,31.89,0.0,0.0
2025-09-28,3391af308d1917e2d467b73c92b9a7d6236482957228e499143e5f2cb58486aa,in,bc1q9vyhq7shg4v0e7cht28cdf7q587dw2xsy7tkmhge769lvam5ez7q7urf33,0.00016426,18.01,0.0,0.0
2025-09-28,5327da9b170fc51ee2e1816aa9e70fe67604d59c3c9e27b39de59f024d806fe8,in,bc1qvpwml4df3zy23dz2d724kqwek893m79279cjc8,3.568e-05,3.91,0.0,0.0
2025-09-28,5e68bf22cc58815edb3c0e96edbbb3f85ec1c183887712fb95258e4d210667d3,in,bc1qm34lsc65zpw79lxes69zkqmk6ee3ewf0j77s3h,0.00042504,46.6,0.0,0.0
2025-09-28,608ac26af654d2ab3a4dbece747e61677f36eb148100473dae32b780d8ee14b8,in,bc1qskevcd3xwu0vt7yjgqsxy6mpfs5sdrjgfey96k,3.665e-05,4.02,0.0,0.0
2025-09-28,70d7dfe41a4a71c5a61a613fe55c8d7f04eee5d3be178765877565bdf17007e7,in,bc1qxtv59pvumxek4wvgqtxy74zvqx3l7gpzvsnge8,0.00080708,88.48,0.0,0.0
2025-09-28,790c979cc7ec92ccae13080cd1cb11db3ba6343a14e702633b1f7843b4ccd299,in,bc1qjq24rpw2wdy0r0texq0v3p58gw36qfnfe5qdlq;bc1qswh9rvnwuxytqn5p7jj8cg5uzxhwj5ujmyx887,0.00018831,20.65,0.0,0.0
2025-09-28,804827e650c923c747d73cb70af709cf6009d999c863e3b01581fa9eef19565c,in,bc1qxtv59pvumxek4wvgqtxy74zvqx3l7gpzvsnge8,0.00080738,88.52,0.0,0.0
2025-09-28,890fd8754f051c933150cc343ad1ca48245c85d0a05d5ed9bccf6bbbddfeab4a,in,bc1q7vz0hnx6g7qqcp3y3lahtvsu64n3x4wwy4zc72,0.0003194,35.02,0.0,0.0
2025-09-28,8cdf51ae20aac2c32c2d21da3df69d394cf8d2f53db19eaf2e844f49ab228a54,in,15NJuM1F2pN9w9YJ46Lr7LmrwdSntGtZ6t,8.216e-05,9.01,0.0,0.0
2025-09-28,90c9f727b3e16f87c26178673936d431f916ae3f663169be8634664bb5608496,in,bc1qfdr2gyyzpqlv2zl0wurrwqkz38h22navm705tm,0.00015053,16.5,0.0,0.0
2025-09-28,92c08e0d7de567507713c64d2af118d6fb3579a69709f5782d032664472a2051,in,bc1qlene9p35cc9t4hnx02akzt2npnuvswha69t9mm,0.00027405,30.05,0.0,0.0
2025-09-28,a51c7020e1c1e49dc8cfc04824dfa886adf45b2a6f95097d256e6f44d3caa2fb,in,bc1qsnavhym5x6yny9vfv2md09s6j6sc2q7nxdx5ru,0.00024706,27.09,0.0,0.0
2025-09-28,b0aca8c3b8885d35a75bdb326bbe17910002b47b2d084557dd73d8c3c1aa49fe,in,bc1qn6st75fl7qg55kfklmscyldfcsat7jjumr68q7,0.00031179,34.18,0.0,0.0
2025-09-28,b11694f1d6d1da8aeb7847b5748b6dbffe2d4b3348913a425b42f985fbffd711,in,bc1q5mlk79u8aw3p7uwk3w42pghpppnhlnfda85hwp,0.00030161,33.07,0.0,0.0
2025-09-28,b7ab73fe9855644a7ca171a07bd69459f69bd1caf3603f069a90b9908881c5e4,in,bc1q2yam0mdh885tt39npnxrv6txwglj8jfgtvsswg,0.00260342,285.43,0.0,0.0
2025-09-28,c994fac6344c40b77140bf38d6eea317092a9e2b8d00888f01bc0725c4060cab,in,bc1qs8anmhkd4nz457k0g7vtch0uyk80zf6463qfle9978xvy4gxua7q45kgtg,0.00049213,53.96,0.0,0.0
2025-09-28,cf9a04d979f299fecbc5a7c6e65279a83e8e05277892fee45b373326a91f888e,in,bc1qje5yj0v53lqyxppyzgevwy086w0vuarp7eyehz,0.00044959,49.29,0.0,0.0
2025-09-28,d74f9ea99abac2fedaac2a7f69f881e23b4254128eae0b062ebd0ad7984ddaa6,in,bc1qj7z7hs6hd0y6x3wekluggdem6xme4kn387qau2,0.00011866,13.01,0.0,0.0
2025-09-28,da0662b56ba46c3c095184cb99671f1b2497dce3eb88bfd1aa522899e9b1f200,in,bc1qg3rka482u8d6q5hp7c7ljrxyh4nflezn7gkz2e,0.00063609,69.74,0.0,0.0
2025-09-28,dab9c8f72cc9be47693ddbf601c082be303dc7288ee087930594c46a3bbe3139,in,bc1q8nryljlssgrsv4cp6fya46sepd5edwn8k8nfha;bc1qnkeztuls7g6ne8gxx664w69p5syxg5a3j6zk43,0.00013995,15.34,0.0,0.0
2025-09-28,dc73bf6c0c440810d7df44275b331486186a7f6a2b8fa76b51ded190405a6c3f,in,bc1qc36cswu50wn8j95l499h5xv2y33q9fa0ecgd7j;bc1qd3r7c7manlgtkh80nv0mwd53w0365yj7c6jhvg,9.81e-05,10.76,0.0,0.0
2025-09-28,df7331157f7a297d1aa5064e9c813a10fe7df39ea87c952023e500513df9c61f,in,bc1qgrmc90wx8xpwk6e5l3tse86e7a3ja5780jfrmv;bc1qyutx9dlqv2z3njy4etugmug8e68md7mlklvsc9,0.00039002,42.76,0.0,0.0
2025-09-28,e84110d0835f7a39a5ac5ded59410a754d549dbb3d5513a2651e33d6c9a1a63f,in,15NJuM1F2pN9w9YJ46Lr7LmrwdSntGtZ6t,0.0001948,21.36,0.0,0.0
2025-09-28,e89b13918b2d04613b7e3811898fb95541958385d91c8afb408b8fc14284b159,in,bc1qgf03d5gkquujelh49ux5nmwdwupnsdnudfg70v,0.00068973,75.62,0.0,0.0
2025-09-28,ffe48c92a4c1702ba6f95179c1ee8079c437b2f769ca2fb24500cbe48e001c63,in,bc1qpvduq95plhzl05jc6a4a4j63tja547uc0g0658,0.00018621,20.42,0.0,0.0
2025-09-29,02862ed14c563433fbc9629f0dd8f67b290b622df13d50e7091ded3a0f4e6db7,in,bc1qgg4vnmeafdml0kc5s67x3g247q0d5xnx6578xu,0.00018301,20.53,0.0,0.0
2025-09-29,1cfb68cea4aa87403e848e5f68efb6c7198689da6a1c12662db745629622e64a,in,bc1qqdvnn8sg8t0rsf630np4pszxzdju7gc6gymgel,0.00015769,17.69,0.0,0.0
2025-09-29,26e9f71076a07163a250f8b50ceae9cbc163b81d73c77928b9dacb0f0b56345d,in,15NJuM1F2pN9w9YJ46Lr7LmrwdSntGtZ6t,4.457e-05,5.0,0.0,0.0
2025-09-29,2a8d0f1f57fd67ef73a2c7c46070e871b12052a3f8442b0ce6e69d48b202c5d0,in,bc1qsspuyn633dyc3ygepunq57wr325q5h79pevqeh,6.046e-05,6.78,0.0,0.0
2025-09-29,2ecdb1fe5d85defa390492b302b912aaf1d809ffe84f06bf17624119f69e0aa9,in,bc1qjsu504r248up8309y7dq3uaze5v76k3j9vwqrj,0.00042729,47.93,0.0,0.0
2025-09-29,32c79a828ecdfa83800e634b3ef2dff6d201cfdfe64f8c93e79fae4cd0a09298,in,bc1qc4h38tytxzmtpmwcy6zdsjuag73as7n8j787wf,0.00019698,22.09,0.0,0.0
2025-09-29,3a0862bafbc71132b66d8f56f4d1130aaf2b8f8381bec3ef5cd4ea16afd4f2f0,in,bc1qsatlphjcgvzlt9xhsgn0dnjus5jgwg83dr05c6,0.00079313,88.96,0.0,0.0
2025-09-29,4b26b95ce3e44cf522d7dd202b68e8c1e9d9af1fc225b539af10b389ed08c88e,in,bc1qzx3ywxzacepw7tw4dpxv0uppz6zk7adff49v4t,0.00010972,12.31,0.0,0.0
2025-09-29,5c017a29e4ffe14eef68044152c6f4afe8dafa2357fe6a04b24f8428c937d290,in,bc1q7cf86vp2qm5jy4m6gkyxcqj9d5vc67qghwupnp87yedyhedu4t8sr8zj40,0.00028849,32.36,0.0,0.0
2025-09-29,635861fab4ac4c521d9cfd2061f5bde2e21a568e678e7db98e1c56ac2b936fa1,in,bc1q5rq823cvgt97ewu52uyqzql3kz2hf03267gxzv,0.00133868,150.15,0.0,0.0
2025-09-29,66ef927ba02021953c7875a82473f41db3cb791b42a0fa5f59ba89affd8f3860,in,bc1q8mwdhre7j0x5kqkh4lk8tsthp4zr5jcec88w9u,0.00035758,40.11,0.0,0.0
2025-09-29,6ee979c032fc7f776086dcfb4c67a0aa5a0855df2f32b1f7452e5984b5746d8a,in,1DhXetHWki6tYgZMz7Tw7FpXztAVFwhiDB,0.00017012,19.08,0.0,0.0
2025-09-29,6fbdbaef2144a7e777aef1058b552bbeffde7dd45bc74b4eefe99c5c9918cd3f,in,bc1q6dqtsn2wva2jhn0uv83fd0mwkchffg9xlsa69u;bc1qm525swz4syxxhklxa9s0spj5gc72frrl57wpd5,0.00018916,21.22,0.0,0.0
2025-09-29,720190679e74c45de83d03c8ef16e8a0862b3e83b5a1371648ace9fcef1eb30a,in,bc1qvdnjzfs4s5h8m4tqt2p7ru84rsdd59k0ppus3q,0.00011,12.34,0.0,0.0
2025-09-29,72d509009be5d4394fe442813614a6676d69d89d578eb7439fb3e52356282ab5,in,bc1q94qx4qafdqp6arekjgx9w683245tcu2ryrh6af;bc1qxpuzvgdsnt5jnnpnzqseds9t3efeycfksxtee2,0.00021124,23.69,0.0,0.0
2025-09-29,799830748282289f3dd1b9dd5bb0efd699c6c69de6fae06f5dcdd88f99c54873,in,bc1qfgggt383l48m53zqtvhnh6eqacnf3q2jecc5nr,0.00013399,15.03,0.0,0.0
2025-09-29,8255404ece24bed03e682365af91f6d50cfc7c814c00df5ed6557e6f9d320f0d,in,bc1qccyh0hl9z0lyfwzhv04dd3vl2vxqvc48el0fu3,0.00023319,26.16,0.0,0.0
2025-09-29,86cbe998a64ccdabbe92c5a47b550ea1a0586bbfa8b91dbe08f166e01c8f82e1,in,bc1qps9qk72qqcpkf7d6z4asj8ym9yqwjnfyfk4m6c,0.00043717,49.03,0.0,0.0
2025-09-29,9edc108a45f5568b4e1cd80d6cfcc124ccb004ac668cf66448fd5d3b2fefc1d2,in,16oVFq4V4vPxsGYYofRcqwg2vN12PiQyXV;bc1qafpc72hvk3rz80qxxkczjcx94z9edzkyutlx8f,0.00022352,25.07,0.0,0.0
2025-09-29,ac542fe8eeca4c8d45446be53e561e9681760b486dfd85a22e6366486ef136e6,in,bc1qr27ufk7rpjdmduqlygwvjexsqdl2n2wdv74kdh,0.00056366,63.22,0.0,0.0
2025-09-29,b71796621937d71284dc632e42db1a329c733b13b037569dab9ea105440f750d,in,bc1qcexx00jefg34geevzwkh8h2klw2y7rux37vvuw,0.00081285,91.17,0.0,0.0
2025-09-29,bca9b0b6de5f9c9184d4125af4aa37d3d95a20639126f4dfdc0fb8dcb8785b51,in,bc1qu7quadfadlhujjggxxdwkjz6k2fflule8sy05z,0.00031291,35.1,0.0,0.0
2025-09-29,be0dab39ada6f915525130f616b2b5cfd2087d1fb7a76249ef8c98bbb443d3d2,in,bc1qn5044ugx50rlkc6g6299vh4h6cjaz0ryrzws6p,0.00017521,19.65,0.0,0.0
2025-09-29,cddf9a9891e1e7a0b8cbbab357339dc85c5f2dae763409973eb53ea77b4c95ae,in,37uSv1J5k7DTy4d897T5J2XFrEnfWfGH3e,0.00119594,134.14,0.0,0.0
2025-09-29,d4813677a9c6c2abd99d959c098f047e1f608e776e7e7089f29fc02ca6b9548c,in,bc1qm34lsc65zpw79lxes69zkqmk6ee3ewf0j77s3h,0.00040644,45.59,0.0,0.0
2025-09-29,e1c90d240ff75364dfe4329d1b916163e123aafa4ec1ab19d2e2ae82c32f027d,in,bc1qfr59ru6f3kff90mdryeel3sn7ce57cj0kamrtu;bc1qwlza8kn0yx8l2zwn27rumklslxw0ch9e65d5jp,0.00023347,26.19,0.0,0.0
2025-09-29,e8cdc1b51108516c50763e41dc1ef9248324895d0d1a61d559c14e9032251aa7,in,bc1qvdpfkfem86reyp0gt5krgu2rs5k3h7cequ3xza,0.00036156,40.55,0.0,0.0
2025-09-29,fb04207804208e023f0edbb6c3e6f84415713ad1acb72b7770045c49b0f5e216,in,bc1q95hnhlaltau3qxt59cv428vpl3qf9q3an0092t,0.00033915,38.04,0.0,0.0
2025-09-29,fce367b86e009e0f869c221809302e5c48fbb05a1f5e70b40fb6c62236cb402d,in,bc1qm34lsc65zpw79lxes69zkqmk6ee3ewf0j77s3h,0.0004938,55.39,0.0,0.0
2025-09-30,099c45e1f16a94aef0bfb89db259aff0151f8113d57a9c2680e58d9f0b5ad167,in,18DpD8tQFqtFXzFSCTqSJEYcpDHiPoc5du,0.00112068,128.11,0.0,0.0
2025-09-30,22f30ffdcc80cb95644308408827692938ff20cbba4b71f7032158ace6ca9578,in,bc1qxtv59pvumxek4wvgqtxy74zvqx3l7gpzvsnge8,0.00077299,88.36,0.0,0.0
2025-09-30,4207c5fa751d4e8cac49564f2888f7343c25a4def16a9a3815428b571f08e092,out,bc1q2scqq5ctldv0r5sycz446wd5cw9rzxt9v8daa2,0.05131166,5865.54,0.0021239,242.79
2025-09-30,446c1a7cae4b43402036a5e4049183389656d3903cfe4570ae0adbddaea49853,in,bc1qkymjezcl0zm7ys80pwsy2xas7lqtn62wwnkk9z,0.00017661,20.19,0.0,0.0
2025-09-30,4ce102b8d80bd6bcf2ba4f83e7fb0cbf18a813201ff5999454a5cc5b7ef040f6,in,bc1qm34lsc65zpw79lxes69zkqmk6ee3ewf0j77s3h,0.00028055,32.07,0.0,0.0
2025-09-30,547a6342c1b2bf2787346ba95e1bb4f424c18ed0cd5fd00295c3b31cac30d072,in,bc1qdj0075d67gsran2gl0yn9hc7czktt8p5mdwl8j;bc1qhltnq27fxwvvhptgvcg94af966lqzn7csyqxf9;bc1qtuunx4mx9v5pf2f3sgmk2u2k07z7930lrd7r6p,0.00026503,30.3,0.0,0.0
2025-09-30,683d8c1216ac430929f795b48b71ce307595fe36224a837c3f531c1a967cccd6,in,bc1qgqupeqhkk2kyzcne5296z3dkzssu87qkhxylt8;bc1qq2e4f8n9uatyk452g5u9rnalvy4a8trlmuu494,0.00021608,24.7,0.0,0.0
2025-09-30,6a1a8f16e4d99ecd271e56a1b9abca094bf14ef360c2f292869ed9ce702a6f1c,out,1BkQCCAXJxfGALhexJJpdRGYnJbJPie8Ln,0.01326365,1516.19,0.00064601,73.85
2025-09-30,6d9f5d9cdd9725c8172511c3ce69fd0ba03f591d4ac49a10f0b9f793c70e26bb,in,bc1q455nrc9j2geznrwf36d744vn3k9gs6w3uqssy0;bc1qd32l42sgkzgsqdhpwtlvnde772zmzqaapu853j;bc1qe5l8yp5ke4yc70w0s66q0e89r7xjuhrv238sjq,0.0003517,40.2,0.0,0.0
2025-09-30,84e6f40658d3287df95bf62e2ddfcbd93a4b57e31756c77646904bee38199d28,in,bc1qy79md27vk0gguyu73xme7427r3el0s920zjamk;bc1qyrdkp0xjntrz79l747hp0s3ug0fqzxyvf79ven,0.00051751,59.16,0.0,0.0
2025-09-30,84ebb6b4a08a15f05729f4e9a7d1414633c6122b6041c7c83d95d78415724da3,in,bc1qepcf9m2vterqaahgcqnj8k57a6wp00p8j8txv3;bc1qmqmp7xfpj52g3rycuavwyum6rjh4l2hmnwnqlq,0.00025709,29.39,0.0,0.0
2025-09-30,997ba3b77026b4feaa4abc62be7297463624beb293af3a3f480c76ee0c5231f4,in,bc1qgmsl3vwcaga5sj78v6h6cu6g6hf2yr2erln3xe;bc1qm0r4ftcqzwfmmdkadvgqgan8pd7q8edr2en2ld,0.00017596,20.11,0.0,0.0
2025-09-30,a7883b8cfd621cb6ec2b9f954f2ac87ee7cf1d2f8f726f48f47e30b54c15636e,in,bc1q4t62udr4acx8dzd2898zz27qd6y6wkzutzq6cs;bc1qj6yc308802dh43advajsmy5rnx4gs3jvaux87a;bc1qkpqxn36u089xety9fvrres3vhgfw0a2pel7569,0.00039195,44.8,0.0,0.0
2025-09-30,a919f228b7f2a7215b6bfa3019354106ac52e4b6f9a8a7d075d187de104f4ada,in,bc1qa027yka2v6u68ct8w8sp4vjkgv46mf3jugjqkr,0.0009516,108.78,0.0,0.0
2025-09-30,be94ff407a5e9b395e63b27cc1ea81656925df01f3e939912529b0adf1436897,in,bc1qm34lsc65zpw79lxes69zkqmk6ee3ewf0j77s3h,0.00030106,34.41,0.0,0.0
2025-09-30,c91690095af4aa8fa84b24ea93f6570d829f84ef389004a001a00d671a826ae1,in,bc1q3l5tkkpxh07emdap4yfcuxkla0ucq2k03yskpt;bc1qhxg9f5gktnw6lyjjtywrskgny3q0hsxyvdalyt,0.0003093,35.36,0.0,0.0
2025-09-30,d68dff9f03688cc01e07e4e31a097e8dba7255c19eea5ffb4977044d90043113,in,bc1qw9mdnupl57eap9ffs3ef3cd2wujh4tvxl3vmcx;bc1qwas66pqeflc67nyua4228duxe3z68g80g7l8q7,0.000524,59.9,0.0,0.0
2025-09-30,d80267fac585d49582a8fc7663745788873760a8b8742aa4b178a2ca01cf8358,in,bc1qdthlm2uxas0dphz7nvfsdw234ts5hel576kfpj,0.00032286,36.91,0.0,0.0
2025-09-30,d8eeea79330fc2b14510acddd125342db474dc6bdf5571b5b16386532e830fec,in,bc1qncm35zpxk6gslwyxhlhf5dkc4hp3g8pq2nygvh,9.765e-05,11.16,0.0,0.0
2025-09-30,e0ef36e2f6f51157527af716cfdb3cf8d804cfd0c37889d7ddf8b6efe56a7a32,in,bc1qm34lsc65zpw79lxes69zkqmk6ee3ewf0j77s3h,0.0004097,46.83,0.0,0.0
2025-09-30,e2259ab79dc69617b4df7bc54e191981480a16b79058a405ec08197b29181561,in,bc1qleynlnl4qmwuycqdp5ec72ljcjkpk48fkdflfu,9.353e-05,10.69,0.0,0.0
2025-09-30,ed9d7ae125982bc98c2536d7880ae04e920996fa88953cbf6e350c26b6b0e6d5,in,3F5CsuP4gU1XEBDtGxh6Zn59pn9ES76Sjv,0.00011654,13.32,0.0,0.0
2025-09-30,ef48eb8b91baf0495c8ca93c67d86b5c141a25170a14b46d61b709f6dc058b0a,in,bc1q0dhvp0s32v34zwe9lr5emp4d7tmz4urm8t5w2r;bc1q67nq7wna9rkjdmj2x6n3h5jyaq29tkmutl93dh;bc1qxhyh3atdfsa4flh7y76sg4xn3wva37n6zu7km2,0.00022049,25.2,0.0,0.0
2025-10-01,0e97f4346dc3a751e6e7585c5dee14bf9a0efdf2edac172218e87456b71aa363,in,bc1q95hnhlaltau3qxt59cv428vpl3qf9q3an0092t,1.746e-05,1.99,0.0,0.0
2025-10-01,1b6a738d549f39e7f128702b662d84935fe92ab61078e5f75c540c963813cbfa,in,bc1qm34lsc65zpw79lxes69zkqmk6ee3ewf0j77s3h,0.00061043,69.62,0.0,0.0
2025-10-01,1d6f418de998f2f1b48af4755bff15d457e2bd3cb38e6906b958b29b25e7b0f0,in,bc1q25e6eesn0wl23gfj4pp5qva8nxcfxpde8zg37h,0.0002,22.81,0.0,0.0
2025-10-01,2395c601ce47c4e1bc7f4dd9227ce6ffa2f57025f61b20fb1aca6fac387c4b78,in,bc1qe6cu3q6u64e6zuwnrs7zydfpmx9alfnd94jt6m,0.00022,25.09,0.0,0.0
2025-10-01,27445ccc11eefb22189d240c1ce56e7c6558e968818148c14e78555d1cbd137f,in,bc1qy3jkc3qak2z6ztq6mhj4qvd6fcsgua75979aks,0.00020805,23.73,0.0,0.0
2025-10-01,34e17488c6116e78bc0cc07a925ab695474c1c14faefb73918c1c26ca7317ad4,in,bc1qrgt4qmst3vcplqh7guq79s8mnqvnnkgyzuyknn,0.00085151,97.11,0.0,0.0
2025-10-01,472370dc7ba591b1834d85172432d9966ca73fe43664d2ad7588d271c35bb927,in,bc1q2ye4h6ftev4ftra7vgl64g2lztku3hqhmrw2ev,0.00020189,23.03,0.0,0.0
2025-10-01,4806b99d61c54588dced4847abd533c8d9bf2b7cfc5c8b30dad7becb2ab48647,in,bc1q5n8qxyueasxyfk959prfg47deuhne8cjpnjjap,0.00090771,103.52,0.0,0.0
2025-10-01,57dc36bbbab4ed0e2db5a95fae0e695c40c98746037db09d4313d3b6085e0c21,in,bc1qm34lsc65zpw79lxes69zkqmk6ee3ewf0j77s3h,0.00042188,48.11,0.0,0.0
2025-10-01,7050f6bef5716fd7cedb5e3befe835f86f0d96df8b786329433c56d4ffa40ff0,in,bc1qhp36hgu8n0qcjpjm8xz867z5rp0mx3v2gxfqga;bc1qwmtz5kx38aqac5axlft9h8ywjzclk3py09temk,0.00011539,13.16,0.0,0.0
2025-10-01,70985f18094b2a7fa0b4524a4b02a8734a3b006d0201d50ce956abefd349a9f1,in,bc1q2rl7lxqcugcpfd2l5gvpeagjxpfvmh33a983jz,8.475e-05,9.67,0.0,0.0
2025-10-01,8cda2d78392a97af65104417f9384c5469d4a6bc3b7aadf041859c5a0c283de8,in,bc1q8wg37h6h3nzhzndl86v707mcw2w6d4jcf9mkva,0.00010171,11.6,0.0,0.0
2025-10-01,94010d4186e2425afc6f1d1570fb19eb61b3a038f04d57f3691b2fd2abf33ac1,in,bc1q4ywe3yk4c2hp8gdg5ejqeqxemd9x69nztwhtah,0.00056206,64.1,0.0,0.0
2025-10-01,9918edc7e7a4499744d97729569a8ebea0246fa2b2de2c103f249936d9ecbd16,in,bc1quy64s9hvcakh6g0nzekzf48s4kj36hj6f5sejgf3zcfkg4297q9sz6k95m,8.595e-05,9.8,0.0,0.0
2025-10-01,aad3d6fe8a4f8b37b31d9cc3a67cc82a8231ee736ea96763a7f4980937c6d5d9,in,bc1q2pezhjw8q68f2jazs3pfxurwlxv7pzlhezqyz7,0.0001838,20.96,0.0,0.0
2025-10-01,b01998a77aedc288e035786a3aaf6ab2d8b942b4a485eb9a72686fc80b38ae55,in,bc1qxv8knz5zlwxqlnylgenjn6gda6n9cv8pf2p07r,0.00043543,49.66,0.0,0.0
2025-10-01,c281f6082f8fa40f3c51005b9da2c0228609817be8700a00e82b4da3541bc42c,in,bc1qyjlzkl978mxvq46d7gsg5lfghvuqfj366eycnj,0.00018053,20.59,0.0,0.0
2025-10-01,c64a8901d58af959b7667d3c6086503117cbaef7a24962fed95b6d3660fd60fe,in,bc1qd02tz7hz8uu30vtcd84syu29excuk6my3uqm0x,5.677e-05,6.47,0.0,0.0
2025-10-01,cabfb0ba08cd7c818f2f9a24838125a0db4ee408a2428f932284c6c175e406b1,in,bc1q26sffu7w8ufkxs3vnet5st8frxu70v3rhhensc;bc1q6n4sea5h54g0gw0sfduqnf3tlce8qa27sdgkxz;bc1q7e0hanh3y23gwcfwdnxmxu8h7gdynjj4nft9jh,0.00053582,61.11,0.0,0.0
2025-10-01,cf5eafb55d79f173bba14c3ac84054d26b9c0b1ed71dca88bd2ccbdd2f4a37d9,in,bc1q0hm47ve9zayuwem6v62xjugvv8jur3cnrp9wa3,0.00031588,36.03,0.0,0.0
2025-10-01,d8acb8b8e591a7356303426ed8a47451ab20b3a19c34ffaeb9a751cf496f0ca5,in,bc1qmkvzylfcrut4agkpa59xvlxm7trvssemfz2as4;bc1qws0q8ndupz8hw2p6c4j8peyujysv20zfyd9hk8,0.00102167,116.52,0.0,0.0
2025-10-01,ddd3af7b3d7c633696229921951ec83fb86389f4060c1b260e251c043e31af6d,in,bc1qd7c6zu7rwcuzkvz5zjr66hvwvfux7gc4aa9kf7,0.00090194,102.87,0.0,0.0
2025-10-01,e2a691d24a50ee4504e2fb0406f7d3ef52dbef976832f8e804b62b0b9d4648b2,in,bc1qje7d8cfehv3wpvsrethur94ztucanhf72htuy6,0.00056334,64.25,0.0,0.0
2025-10-01,f45f11b58dd25434bbe1bff5867ded150ab47eb84eeade047d7aa08341321193,in,bc1q3xc742l2s0jsprqmsgpkn85t2666ql5fndsg2t,4.479e-05,5.11,0.0,0.0
2025-10-01,f5883054ad2b13288669dc448a2b9493c1d5dc1c50f287daccdc9d0856a92ae4,in,bc1q9wvp5ju9xdgjt4luylmlpmdh6crwzfwq4gfw9j;bc1qx8l37plm0dzuxyexmvxvlhyf0gc6z4mw46e3ak,0.00046572,53.11,0.0,0.0
2025-10-01,faaf6b6ad19ad4f499f7e7c04b423110ae228a54e77ee9985544f156f1eb73d1,in,bc1q9km87nhmvtlmhf59ydkwf6zje6vmyqj2zezx4z;bc1qar3jd5a78xpwlcn2a9anvz966t3hs8sv08xust,0.00034642,39.51,0.0,0.0
2025-10-02,00722583d2d9404fe44da6f019ae21bee2005cbd7f46203c01e487182ce0d9b3,in,bc1qx9n80t5q7tfmutzaj0ramzzzsvtveara68zntc,0.00029141,34.56,0.0,0.0
2025-10-02,02c636c202de46fd612e38264db8366ac4b13f3f9c6f96a3a1c77b15444711fa,in,bc1q774qlhc4p6hkl54wydprf85fxhet2m9zht2pms;bc1qcagvgu24jywckdqn9p2qrzmqq84n6af9hlj78q,8.729e-05,10.35,0.0,0.0
2025-10-02,058ac8ffa9adcffb34cc799e7ca19ea25c4a4dacd7770e90c3bdb20d6407d027,in,bc1q3w4qfvrs7qj260fj3z3zqep3da8d2l9kraw2ad;bc1q7h2lnrcf2s9n3ygntevzkeqz5g2rkcdgdvqssm;bc1qzc0v9ml6xemywv4wvqd9djug9exac9vye3p66w,8.292e-05,9.83,0.0,0.0
2025-10-02,058b37228416b6e0d256f4a80a8d3cf0cbbd13d26e011899122ab1405245202a,in,bc1qktqhf9r2yc2zzlsa9jrvxj7njcwk56vc2q63c3;bc1qmycpp6500d2tkyhxpwja6sqzaj68ytw4sea475,7.526e-05,8.93,0.0,0.0
2025-10-02,07e4065432decdb7bc3c6c83207247848c02e1764b552668c71683b029c82b48,in,bc1quatrd9rdnu89007pdjmxgm27w6ysjv3rlvyzzr,0.00045871,54.4,0.0,0.0
2025-10-02,14833dc748ab41e59c9ff0f7bcec1d6e0621113adbfadf776163749e114f7e08,in,bc1qp4el86tkr0nr2zcnnaggh4achc5rrj8clknxv4,0.00032975,39.11,0.0,0.0
2025-10-02,21ee84c06fe3e042d5073c61d7d68353018cbc48ce348bd330e20a75a8923bf9,in,3L1p2tUHPwrRN3qgf4Hm1R73e29hFshbnp,0.00071642,84.96,0.0,0.0
2025-10-02,24f94406e0b15563f3131af469e1661b44b9664581e0cd4bd808d226055a6b56,in,bc1q42dpa4xgnzl96qjrseygwpxaz9w9kjwxn69xcf;bc1qdjypelh2jfdhmj2n9hcc43am7tcq0c30la0s9w;bc1qu93cu6scf4fg0u5etchgt3vve5nalsnaqh23r0,0.00012784,15.16,0.0,0.0
2025-10-02,2621bcd3dd87279bba0224267b3e3be9cae9294f461a0548dfa333c4ce42494c,in,bc1q9qlvnap4535gz2m30xgm8j5tdkqu4lcnu4gvfx;bc1qpezgpjj7lwp6j04vcqg45swadyd5uwxhl9vrzl,0.0004902,58.14,0.0,0.0
2025-10-02,2d64417f27ad2867281774af74222bba034dddefc11cb8f98edbaf9bb80f7dd5,in,bc1q8qtnanpksetp0ut5apf7znhqrc74ntkl0f92u5;bc1q9lc643sdf3khv8uuvnfmr96yampp2zth3kr7re;bc1quxydfenlp8eu5dvjl3mqyyd4u35n5ca52h63j7,9.969e-05,11.82,0.0,0.0
2025-10-02,39eba932ba36acfcd9eadb31d0fbe32caea5594af1b4012c620d07546e935082,in,bc1qde00v9luzqrwrvhdlur9cxgps9cla7he59l4w9;bc1qylhys9q3dq4rsgn76qqdryz0h727m3w7lu8mgt,5.801e-05,6.88,0.0,0.0
2025-10-02,4811863a05a38c5ceda7bc10ff23989175ab3358b167428b38705ea688e2063b,in,bc1ql5sgthvmd9xeguwftyus3pk0zmgx3zagpdnmwe,0.00052714,62.52,0.0,0.0
2025-10-02,4b40cf3282662ff1c53edb17003f2d4d0484039f61ad91003cdfb7905e8a160d,in,3H9WXKYPqq4xo3ahuQvEDcDJBgFJcxGLpJ,8.43e-05,10.0,0.0,0.0
2025-10-02,4e26c55c53e60f08ec0f55a447d8fac0527ec8bc8e3cbc9bdb0fdbff23d16369,in,bc1qlzacaf8t2jsu4yjcg852kk35256753qs7dqcd7,0.0003451,40.93,0.0,0.0
2025-10-02,5751ae74e309156283e2dc1abe1b2c5bf06a71e7044ecdc1d92e2e99d38e5f2f,in,bc1qs6829yqsjrj4rvfrtlu66penmzjcmvvwq06n09;bc1qw2rh6nzd40pvpu6m24nyw5098ttvyzh6ru7ua5,5.749e-05,6.82,0.0,0.0
2025-10-02,5a26876818a4817a6e1ca0294e1dd00bb3d10844c4475fc7bdb3a184ef8b79ec,in,bc1qns9f7yfx3ry9lj6yz7c9er0vwa0ye2eklpzqfw,8.508e-05,10.09,0.0,0.0
2025-10-02,6931e9504ba509b3a7c9b534f0bdd277555aedf0921d7b8ee4b6d20f96ab8340,in,bc1q7h5waatkaqczevpe9l9klpkvgkecmuwa9jc0pn,8.429e-05,10.0,0.0,0.0
2025-10-02,6e9d534dc3eae4d5307cbac42232a273e0d42915fc17bf9c75c5461b94504994,in,bc1q5skzptvsjp4uyhjc477j40l2jza53p9ez5t5an;bc1qftp2lwxqkq46yalm3s6h87dzaj3ntw2aqd3q9c;bc1qhav5zunrwfz8k52uul3ua6r5cwzq0yttyvwyt9,0.00020815,24.69,0.0,0.0
2025-10-02,727d25df9a6bc50740f4c89f902ce359424fa46771dfd42e587d410e893f0038,in,bc1qwg5k5fqd3rh0kqyllkv7wnnj3msv8rqjn3j44x,0.00091229,108.19,0.0,0.0
2025-10-02,752a3fd99822705f62882fed169691944399cdf8df6d6fda3677a888d7170eac,in,bc1qefe24ztkn4hp7yne63az6777554gnrwuprhsta;bc1quflx2ggu88kz07mdes9mut0r3t2r4qxarpm6ye,0.00040165,47.63,0.0,0.0
2025-10-02,7600d22dc22bc3be3289d14a5e1410d8b3f8461e54a9a39eb1c8d5a9469c923b,in,bc1qm34lsc65zpw79lxes69zkqmk6ee3ewf0j77s3h,0.00014099,16.72,0.0,0.0
2025-10-02,79b72a61ab88be8831a124a3223d2c8391d84a2288616913772fd73d97d70fd3,in,bc1qfr3u4x4qnl792r8dfr33v22n93n3tz25204hvu;bc1qs9jgt00nk75qrfamva7kaxu50h4keyxxewzd9w;bc1qyn7ug442ha696wkdr6tvkadjeu3j40dezgvj9w,0.0001129,13.39,0.0,0.0
2025-10-02,82281ce15368d3597e5110b410087e40b0d24db6d2b1b0421a2fc3a4adbd13b2,in,bc1qup7f544yhl2and04n6qncj0ah9xr5x5zwhmr83;bc1qzau6mkfn4z7u0dtr0a32frh53j69e67z8v4ud7,0.00018494,21.93,0.0,0.0
2025-10-02,8d274ab8ade96378bfbe6b9e7bc844693ce27da3bc5f1bad6b53708232ab574e,in,bc1q7ur87rmxu87v77rprjutv7ar7e6yxlvds8u62p,0.00029349,34.81,0.0,0.0
2025-10-02,9da102935429e617148c3cb91d841116d3cb6c039615a9a3d5258c21f29d957b,in,bc1qm34lsc65zpw79lxes69zkqmk6ee3ewf0j77s3h,0.00040222,47.7,0.0,0.0
2025-10-02,a7873fd8a8043ebd742df6a22b5319cf2c5594b84fafd84018c1ed5b818cc39d,in,12hhmnxZugSJszRc6V1TL9483xF22ivYwt,0.00013314,15.79,0.0,0.0
2025-10-02,b64b3b57e88a307cdef223be05fd7b7cc6f1286114a029dec8f21bbe3b976c3c,in,bc1qqgzxdrw0p6a56kl8km3fn6eun40x8nevvlh50c,0.00079362,94.12,0.0,0.0
2025-10-02,b881c3fc8161eec8649a5bfa30c43b05a6ed20eeccb904fce7baacee8edf714e,in,bc1q2wtqmhc50uq0w8qm33zgpcp9etxfaaw533vcx3,0.00076424,90.64,0.0,0.0
2025-10-02,c00b453ecf1d49fc40a986261b7af81aa9aa4e57cd657268c35ef2ae40e1fefb,in,bc1q5n8qxyueasxyfk959prfg47deuhne8cjpnjjap,0.00048744,57.81,0.0,0.0
2025-10-02,c02d4de6e3d4ca555c42b2e022a8ee2da0ef2edf052a88630dae0d1dcf9c7be9,in,bc1phf8aam9my2qsauhzy2l4y5ur052qczhgf46dc8h95q7yzryk6r6q5mf9sr,0.0004062,48.17,0.0,0.0
2025-10-02,c3c4072afdad21c6d6630015b0858ae7dc0881508d9b42fe65030bd71b545cfd,in,bc1qj7clay5adlhf8wdxepdwusa3hzkuf0h0x4974m;bc1qk20ycgxclcmgmejf9le3fvf2s7730wcl9g7vg3,5.091e-05,6.04,0.0,0.0
2025-10-02,c43b38d101de656f6011ca031acac73ff3a1af7d6bd766f05d43ae689bdee730,in,bc1q8w09cx532e4unsys7tkjhzeds8wjwprcfc8h8q,9.212e-05,10.92,0.0,0.0
2025-10-02,c6b9342a9c758304cf25aabc1b0e9ee26d1513e6c8334b7e000781da75dca9af,in,bc1p2m6cg4z4h5dwnce0ef9ljyulm5jtc5h6a2j9k7wl3gqzuu9xdmrq6jng97,0.00035366,41.94,0.0,0.0
2025-10-02,d8e723b1acdb0aadeaf69e6dff90d680fb276f5c09a5af76f693fd3b61128d4f,in,bc1qqj2v9j2y4rgpsm5ectvz6spngvvld5v9xs0m6g,0.00038382,45.52,0.0,0.0
2025-10-02,df3d5af0524fc60f47cb534f39514601d0e4b034cb7e42b1b3cb79f962aa171b,in,bc1q3revz2kqhq78k73y3rsdvg7zvlt4syzcjteh0w;bc1qawj79dvve98lxqttfypu9v3ve2j3drw7ug4u9a;bc1qqema2flvu6cs32ghvsgc0ca3f5knjaguqlv22u,0.00012939,15.35,0.0,0.0
2025-10-02,e3ef30f2bfbe25ff7e8db4c99cd8dec88e0ed8d3935e6c4f4f882cdf2d1e488b,in,bc1qh0qgwejtqnp0zq5acgqpcm5snq00964t74u5xa,1.187e-05,1.41,0.0,0.0
2025-10-02,f31d84515f4e9e7dd90b19391f0e8ab7521cb2a82dfdd49d40129b33688d59f3,in,bc1q30c9356th9qdvqvatssr2zlm55mc9s89nsv52v;bc1q5kpd6q8w0kpngctzv8qkcl5tsgsycuanlxqqkh;bc1qsq3cwhzwa7395ng9pqz2dy8ervztaptulnpaua,0.00027634,32.77,0.0,0.0
2025-10-02,fe1edd6c56d4bc1acfa6d3b404ae6caa6b4ae6ee0cd885a98867f2d3db9d2b5c,in,bc1qfnudvzfpstjtwcvgzax4rcpzzqcrv3z2vkjqd3;bc1qx9n80t5q7tfmutzaj0ramzzzsvtveara68zntc,0.00024315,28.84,0.0,0.0
2025-10-03,05deee751032e743407892b570aa79442dd595ad0263ed1e8ff04af35330f319,in,bc1q389amzquk9jvvxy0hlsgj57hzh3mr3g4x9pxzw,0.00013952,16.82,0.0,0.0
2025-10-03,0d9a7efdca0a57d322450637b16a2178956c92e6b8fa0bde7f19354aa53d10cf,in,bc1qavqdvkd0qatr0ays3zvfx8zjgmk7uzx300z8ne;bc1qdpawp9m8dl88x26pf4cvn8v9aa382evxhvxw9j,0.00014059,16.95,0.0,0.0
2025-10-03,1121e825f590b54e2d8984739419555ccfd60485d79976cebffe3be5815e91a7,in,bc1q4szkrxp3ct23hhd9rxl3xwjk38nlzajhtl4dlr,0.00024065,29.01,0.0,0.0
2025-10-03,1645e50001b7177a12807b910c65598f70eb94c50987ae91b42483a7c434f9bf,in,bc1q6028787xahv52eczvwr8z3nxvvhljhq8nhmx89,8.1e-05,9.76,0.0,0.0
2025-10-03,1a1e99def9c2dcfa08eb328e2ebb57c74c4c3241af3508bfe7f64f133a47d9b7,in,bc1q0falxje68n0lma2s6h0lt9xkedjx7gjnu9y39e;bc1qpj6ndqex634t8ghxyv7fa7k79mfe8dcntansas,0.00045829,55.24,0.0,0.0
2025-10-03,1f4b709eba49be03cd3486747fadf451667eda0949b27036a4a99deee861a679,in,bc1qm34lsc65zpw79lxes69zkqmk6ee3ewf0j77s3h,0.00013579,16.37,0.0,0.0
2025-10-03,2380f6c11d2af6a470e315e130544ddddf629a9c7f97764f8bf66fb882c467aa,in,bc1q3xc742l2s0jsprqmsgpkn85t2666ql5fndsg2t,3.734e-05,4.5,0.0,0.0
2025-10-03,2411089ac8bf464a28c9dbe026a12532232f4ef64cc35af18c54f49f80daa89c,in,bc1q96jfwska8m9khzprsdm0mzawx8cc0837qyxldy,0.00020175,24.32,0.0,0.0
2025-10-03,29e4cf6d576ab0ceb292ca4e5d17c891db032abe06ad6d23ed5743633b8c86f2,in,bc1q8t7uwucsttv5rauugcg4jyq64umpqzhghk0553,0.0001108,13.35,0.0,0.0
2025-10-03,2ec058e06d63602043c9f0cddaf272454b705f4190ac5ffae6e18b1358133309,in,bc1qca7c8n3mkgdqwdcsfawp45xn0k7kp9yer700lq,0.00013053,15.73,0.0,0.0
2025-10-03,3401e511b3ff183122015db6ba2fc6d764b8c078cc3d51792c1b81b27579a9ad,in,bc1q2qrttp9xwyx5r0myx4lhr07wwjln2chfdegfmz;bc1q36zfd23yymug8y5aehd6aanenqwy93lr7r7q43;bc1qqnwxs3nr2ydu7qhl3v8z7wqn5edapasafr38vm,8.157e-05,9.83,0.0,0.0
2025-10-03,40a56ba6bdd8b4bb69d129b82d53211dc024a1da631b539da5fcd06388d9d6b2,in,bc1q0w2f6v9mzwsdrslcdqeclgk8pp0c7jpdfw2p2d,0.00101248,122.03,0.0,0.0
2025-10-03,46b6c5982dc1b6ad21d1af9f8502f151fbf2829575b07920d19fb0c108720157,in,bc1q4yq0aerwkqm8kjfscwg48a9ln8rle409tfd68u,0.00024925,30.04,0.0,0.0
2025-10-03,57cd400bd129acb88c9aa49fc979acde7af408649f4020dcc82f7a4aee698211,in,bc1qn3gr8ajdl6kkr7z0egkwyae0fr60nulfywtsj5,0.00013904,16.76,0.0,0.0
2025-10-03,6117b77643a0159ba61d687665e77f0a10630a42bd08f43aee3e709d8d512ae5,in,bc1qsjlyfqlth7w9f3ac9gwzhj0v55qranj5k8z2le;bc1qthzyhaejrln7k9qf35y48pj2dut7e3x7u76y63,0.00018395,22.17,0.0,0.0
2025-10-03,65e86b136932353161a4ad571ed93fa9371567c34942e72083dfaf54bc8fd6b9,in,bc1q7jgsy569fvrpgk5zp452zagp88j7j2yt4ca3fu,5.048e-05,6.08,0.0,0.0
2025-10-03,67fafa5a468e3c744814a1333fa346196a5d823186097a52801d655d60ef4086,in,bc1q5admagv3kl42r7ysephz64f6gy54tp66y5xy0p;bc1q5ahkfh0wcl5un7ndfqj357zap98u3560rc5ctw;bc1qtqqpmmx9pa0lk7xfe7q4uzpwx6j7z409gur8e6,0.00043095,51.94,0.0,0.0
2025-10-03,68b44ce727edd3a40cca7c4c1290bc26334c08b7e08c0977ce1a47f80af377e2,in,bc1qm34lsc65zpw79lxes69zkqmk6ee3ewf0j77s3h,0.000492,59.3,0.0,0.0
2025-10-03,7cb31e6999119db954c760a6df84ecaa3637a3e7735fb1944f3b6d7e6f98e9ae,in,bc1q7zn5jxeh6gx6j3t3n26kfxsmxcy94gjjrfct47,8.186e-05,9.87,0.0,0.0
2025-10-03,920c7f69c268a6e71ece0e88bb3c717018405fdc79ae3c39ad9c50eac3bfab7b,in,bc1q0kq6226y9d0xgcm5tkr9p4wucl6aykhdtzsz5w;bc1q26tlrnhjzvn2xnzxpafcvn38snp8w2md7gppn8;bc1qqkznxn2zhrj9urswcvla87p3d3260t4djxh7zz,0.00027214,32.8,0.0,0.0
2025-10-03,96a69fc97f35234d5ab3c0f65cdc0fe4aaf723e59b3f530dd7070ffc7f71faa0,in,bc1qxtv59pvumxek4wvgqtxy74zvqx3l7gpzvsnge8,0.00069276,83.5,0.0,0.0
2025-10-03,a129b7df9cec5c3d232b45cb238e5778ee2818b4073f0d96aff318ab8f14a9f8,in,bc1pjq2l82vt0rmycsdd54wj56p7d9he357femmdxfuxld4ysyydp0nq06hnul;bc1plgyxcgp7pjauwe0h86uh7pluntrm9u6f3285hce888yw5dcf28ks92ugk7;bc1pmzqf8dgszwpc0kqfrl27pf6tyyljawzgw7rcazvwm5vwx769wuzqxpzkma;bc1q55tp34ept9fl40zg7ec6y4jsry7sgzt8p55mapk295zxufs2u5vqh0q3f4,0.00031633,38.13,0.0,0.0
2025-10-03,a1788b8b6aa0bd50b030f9c1fbdcabaa2d265ea1fc7e62894b6c87333f05c24e,in,bc1qv7w9nlk3lwpx2405lxjql94wmcka898eful447,7.066e-05,8.52,0.0,0.0
2025-10-03,a3e81728b677d33ede4730da28839f096d05c38a3dbf52a9ac91a8b36557c020,in,bc1qkhzpk4nrjxlvaq783pmh8ltnhescjxy4s23j6n,8.17e-05,9.85,0.0,0.0
2025-10-03,adb25dbc1998e9bf4205cc58419216f573259266e3746e615781c6b750c379a0,in,bc1qpku7cjv7rkhjd2g2ykl2xy0560gcfkqcm6f4wu,0.00020782,25.05,0.0,0.0
2025-10-03,adfc89e9a107b88b7bb4611f52c682721bfb27af022b465c08ed66671315dc4d,in,bc1qd5p7hjqkzwzqlr4tse9ayecaeqvzvhu3l6jx44,5.525e-05,6.66,0.0,0.0
2025-10-03,b83cf2ab46ec7735a92210085e1a65ac7990f50e6aeef6c8048f8ea3fca2c0ab,in,bc1qxjg4q7lj7pgwvmg7k07mu5e9pgjgjtwd6eg9hm,0.00013829,16.67,0.0,0.0
2025-10-03,b87865a499c4d1e80e9335d191df6948d0f1f85b51a7dc18acaa8f65469aa562,in,34gvZ2B7xX1E6ZnUaX2aXKH4XGmJgnDNGh,0.00018379,22.15,0.0,0.0
2025-10-03,bbffab8fe067422ba31a9a5b7766f942860991425ce82da350f2187aa5dba925,in,bc1q7hfptk3rn2nznlq2kyn5yyu4rvus95zat4wwa5,6.043e-05,7.28,0.0,0.0
2025-10-03,d0d4780d8396671a0d3a6bd6ab8a76590f9036442040ed586db2c63246caae8a,in,bc1qe6jf3nln6x9r6q5rt6cfa8m25kxtlwjdyxj2v0;bc1qkez55frsk4w4fec6wak5axdyz8cvxal7wzlnvt,0.00019956,24.05,0.0,0.0
2025-10-03,d49988112e43cfef1f6636aa1d327460bec3455690a3734cc97b20649c4604e7,in,bc1q4pgmvdg8rlh6wq4egdxvlu3eawphrrch2nr3dt;bc1q9spw7umpjjkzqjmfvmkwswjth8jslr0zkahl06;bc1qpu43gf4zjpmhacr6nkq49hhhm68064r9kresq0,0.00115682,139.43,0.0,0.0
2025-10-03,daa90086276229641b2da96bf08dd4b9fd5c100be93945bd7ccbe1d990da9b44,in,bc1qhurcnjq3vg5gx9nmlsu67fnl9nf204d5seg5fw;bc1qtamqph2aq38t3s403gf4mcz4npuwtkwnal0l5f,5.585e-05,6.73,0.0,0.0
2025-10-03,dc5476f10feb17f470b04cd316660709739f7d6e3488e6eb534d7f7c034134c8,in,bc1quntlqy4rpa04gfmsjl2029d0zf5ha6e0ylzuak,0.00016868,20.33,0.0,0.0
2025-10-03,ddf700a2749d052676853e2852c120d3b1cc044bd7851422d9bfa43e4ff4311b,in,bc1ps99fussm45suj8j03wqwnfaufru36uw0j4gkyj0v5phk4z8gsfuqfymzml;bc1pwmzrt5vn4a79vvlpvrlayj66ua9cvfry9pqlyzcfc44ts6jv36rsqtkg9g,7.468e-05,9.0,0.0,0.0
2025-10-03,e3e12b28ecb7969dd62ef0275e283db4c4d9281e233c68b8534f0d245b09e854,in,bc1qz0s6csqh0axfg4uc507xdzea50z5hdyuvnwkmd,0.000204,24.59,0.0,0.0
2025-10-03,e4ac264ed838a50faae596f101658bc95c6e294e29a0ecf239210d9e31c80dd1,in,bc1qaetelmpjezt8chgn44tl3ckvh8sffhtjjyh9tv;bc1qjz6gjzyp4w4etjtxjpy3q8sf5z8hzuu20pq6uh;bc1qv0fv70a0ea0dchnwxlzg6wanst0p9c8t3jns3s,5.669e-05,6.83,0.0,0.0
2025-10-03,e988fbdcb6378f3b2951d36b4a915616bd82d75049b9b96089218bb713a15ede,in,bc1qrnnp65kjfkp92y2plrjdm2vsm3hsj0e2hvlljt,0.00020566,24.79,0.0,0.0
2025-10-03,ebda9936a400f817b30a3ca8d6dd533dc35b113a8428ea8a7c5042252f3d7a14,in,bc1qalry9tl3qt7alqaf5jqj2zm5m9epj8qeqpa452;bc1qyv24z2946wcmvju63d3mcnlkdd6qt0yfjc0r9u,0.00020718,24.97,0.0,0.0
2025-10-03,ed161dfa4b8a4dba765d935040a86611726bb7152b1547c8c00c56eec1b7f914,in,bc1q33388700puj5zyk347ryumk9205frkyvl2r3lj;bc1qrs7wv5sxaennvcnqncuvxjq2yew8gjfepd9qw8;bc1qx5hcasg78fz6kayyshlvm5zs9d7y3jg96r2at8,8.695e-05,10.48,0.0,0.0
2025-10-03,ef76ac9346697a22c1eb712bbca9ef9d9c2fea4e6ed90be8ae77cf3027beb775,out,1BkQCCAXJxfGALhexJJpdRGYnJbJPie8Ln,0.01245457,1501.14,0.0002259,27.23
2025-10-03,f8ebe6c0242c191f86b3654a8dac12f757bb5de58161fb52aca799e2da7f102e,in,bc1quwg4xuehqx9c76a2lz959dvzrugmj7txzdxzfv,0.00011608,13.99,0.0,0.0
2025-10-04,027967cc90c864c62fbc41b09fb47dfe395cb8d145710f7a39ed1b21eda539d7,in,bc1qwjeme3usvvwx9c9rwdlplttvtswmfjdnqryyyx,8.162e-05,9.98,0.0,0.0
2025-10-04,02f436380f54372cc0f2e80b8c060eb4bf768fe3a638d16adeceee0bd6d3d748,in,bc1qhy8aalu2a564hzyl2racd3duvjjrc27jp64dgn,5.931e-05,7.25,0.0,0.0
2025-10-04,033ec2f8374fc162a663d2d968e16828880199f91ef757682fbf4c07ea0cacd2,in,bc1qjclleunr39gnq4q0nz3sd468449z8fhjnp5x7f,0.00015359,18.77,0.0,0.0
2025-10-04,052cdc11826845f17e4667b0f8f9cf0863772813794e740ffd434d90a614882c,in,bc1quwg4xuehqx9c76a2lz959dvzrugmj7txzdxzfv,0.00030218,36.94,0.0,0.0
2025-10-04,093ae3a6b3acb419521740dd8a21593cd1f42d36f43209c93ded1064dc5df54a,in,bc1qk5lgy0djc5w73r7z0urkjn7n2fc3dxfzexkfdl,0.00055298,67.59,0.0,0.0
2025-10-04,18b9043c64700423fa30bb786e6bfd1d5d38c3c6dbe36da4329ff52b45e45ddb,in,bc1qf3za4j8e95lw7dw7awxnnwjkmqr93wggzaj89c,8.171e-05,9.99,0.0,0.0
2025-10-04,19d725d1cbd3aac62f9abdcd02299be195f966da1d86d1f8582e6b4aee167638,in,bc1qqkpz8lylkfk37l2f9fll4c9hyzcrrpavpceeeu,9.421e-05,11.52,0.0,0.0
2025-10-04,1a91d95eab20c40fe4f10e4461a0489739d01b6665d401f5f51556b3b333cb10,in,bc1qewhvthxheky4pwz69qj8amadnnzklsg7qaswf6;bc1qnzc7q4cdwqxl8l6fg08d33hj0zdq6pkjwamcke,0.00012942,15.82,0.0,0.0
2025-10-04,2be330b8783c69b5b37efbc8d8a84a5391fd7c8ad16df72f9a8618eb5f12ee00,in,bc1q8zhsvukkrupzqc734clkewwf30d57z3zyhqzku,0.00012264,14.99,0.0,0.0
2025-10-04,2c893bcd6650151f6a29acdb74c2b07454e75dae7e6e08f6ab903a7651264422,in,bc1qm34lsc65zpw79lxes69zkqmk6ee3ewf0j77s3h,0.00037781,46.18,0.0,0.0
2025-10-04,309cf28a5381239eacab02239ead661c7006e1bf9035a638e8bc232747c39701,in,bc1q6vfv82uladsx8jpyy54hwxufha58s7wrygz749jnckuwgfj4mtxqfa9hpg,0.00011062,13.52,0.0,0.0
2025-10-04,309eff3373b7b91d28c5071fb8bc95f45f056824bee5eba582383d91e70b3db7,in,bc1qn678983zz3pun0vqh97uumpds8yxu2cptmlmhh,0.00018,22.0,0.0,0.0
2025-10-04,33746f0fb3431c8103497497325d7523d2cf85e3ce1a6724041186ff434f8aa8,in,bc1qaym3dkxz8tyy84jd294re864yn70u6j7e7rky9;bc1qwf5hrjjpn0eds8qnqqzjxvl2hewx9a27lmhdph,0.00020475,25.03,0.0,0.0
2025-10-04,33d7bee929efbf8699e0463471de58bb985e9f97e9b21ecf8d9683f2714ed614,in,bc1q9xhkwcne3nr57j6pxw5jfunlvdvfllenq3eczk;bc1qugkqsa7tgnax9nut20ztvepeyukhmck5jtj3ln,0.00016972,20.75,0.0,0.0
2025-10-04,35031507f7d9e2aec432ff841b934c2057ebecc7b896c91cd20936cb34ee9c83,in,bc1qhqf2uyqh39meqh3l46qpyf3qp0x49ukf53rsgr,0.00022775,27.84,0.0,0.0
2025-10-04,357cb21d39f066122a2a6d65df9a825bb3250510c86eec768050bd294843517a,in,bc1q6g2dau385dmhk9du62veeuzlg9ma7vj0g4xrw8,0.0004744,57.99,0.0,0.0
2025-10-04,366a6eb59e3517f5c991c6251d53f5298d0379d1708c9d6dd65e28f0c02902e2,in,bc1qd7dzv7xrvj0y9vdcs8emz2xgs6rea62zucngkh,0.00010634,13.0,0.0,0.0
2025-10-04,48087607d690771310f223811c5dbde3bb59abdb8d2a3159c58784183ea79616,in,bc1pqas8g0ky8s5p8yuhku3c2x5975tk9v7mrgksagdet78kfpjyjrfq766xvm,0.00030099,36.79,0.0,0.0
2025-10-04,51be9c1a57c5cf5025c16466c49e1c0a94d3329eb6cb737833deaf0c7118575a,in,bc1qxqv5nvsh257acpvt7ccjc0ngy3qcmdt6vzds0s,8.171e-05,9.99,0.0,0.0
2025-10-04,52b69626119ee01443942032f9c768801866ee3205bb6b60be7770f5918e6636,in,bc1q5527zqzy2lht2qga9c79fqvhanqwjt6nj9rdct;bc1q7a5tg4fw5ct0w55zmw2r6gxrj78yc88ql58jeu;bc1qfpwfyl4yp3d0t6z9r4kexhg257805wre8dzs7m,7.287e-05,8.91,0.0,0.0
2025-10-04,58f062fcf85039de904311a228a314a2b61b97a9dbb0516a5fe3c3bea92dd182,in,bc1qq67r6uvht9m0xnhtu962p9y9s3dcmq9vq6twfl,0.00076587,93.61,0.0,0.0
2025-10-04,5e932b2f3718f1727e066de4a5bef92108c19bb9cc74190a0199f5163c5bd2c0,in,bc1qxp7nth4zymg4ayc337vk7eng7de850sddww2ud,0.00016376,20.02,0.0,0.0
2025-10-04,645327cedec70d0440539bb0807515cae6c10b6b883c2487466953cc5b4888bc,in,bc1q752fteh4tqn9ah54mmuy58qlhn7f9udgssl43y;bc1qusj84z36a239pf9zf0m2ahdqwayg5uvy9f6k65,0.00016675,20.38,0.0,0.0
2025-10-04,6c95fea4ffbc9c6a2c26355be415c2b22a8ca97c0a6352782a30a406593dc5f5,in,bc1q3852khgfg9x3sjevtae6cfmphl90ld58znxdt0;bc1qnp3qaxrjqekxapy9f2qghkskz7z9euecc98hy7,0.00022152,27.08,0.0,0.0
2025-10-04,6d5538c9d653e11481412eafa2876ba1b3277d4af28e7337d5e8731093ead4ca,in,bc1qm34lsc65zpw79lxes69zkqmk6ee3ewf0j77s3h,0.00070593,86.29,0.0,0.0
2025-10-04,7a8245854d7af347ce4290c2ec6b51c74edfa16f251af8c7b3768b17508bdcbc,in,bc1qp2lxu94cxcnydjdspwahapqtpk6qflfyzgwgs4,0.00053373,65.24,0.0,0.0
2025-10-04,7acd58467166e2b290c08a0a37803bb1cdc52dece0080de5eaf7ff557feba483,in,bc1qdlmjuxfthsr3fuh8awr34fpcnjcgg0969pha55,6.942e-05,8.49,0.0,0.0
2025-10-04,86996d93d14de35f60168b798e846c6c385a3c3ddc687aa99af84f04bc801e5b,in,3Q6augw3heKgictNd8K6hpYQH6uNCuDrof,0.00020481,25.03,0.0,0.0
2025-10-04,8721fdfa37692a725f2e6ea76e82da61634818a0cf6b564f62582492adc03543,in,bc1q3e26r804pd3x83mt75kr3ey528zhytsgpfcr5s;bc1q4suwn9lvrn6zuu2736f07h92dtmh52l8fn9j8n,5.008e-05,6.12,0.0,0.0
2025-10-04,8af1f6d5f19cc943f381d384c88eb1b76ee772d07a284667d2686bff86173030,in,bc1q349vc82yydvvx8ydg777e2frxz0864mtz0cf90;bc1q8s55pda72gnkq5uf7xc04luxyf8uskft0ktel8,0.00010256,12.54,0.0,0.0
2025-10-04,ad5ca27e111a8568138410383bced10b59604485b4bf5f96f1b81c4dfedae265,in,bc1qfas09prfh7dhh6jwlx48tduvs0cr2kdym6lwgp,0.00049057,59.96,0.0,0.0
2025-10-04,b42b9e07654fa03e82bc864400071b21c686e6aa74b1ced995dfad8359ffd006,in,bc1qf466mw4m2w2a9rqdane3saceq3ul7v743zevsq,0.0001656,20.24,0.0,0.0
2025-10-04,b4f92dc9b1001421401283def6422b38de39aae0f1bf3198f08cc0cc27e3da4e,in,bc1qhtnndcpgg33y2tgg7ejffh02vae3m9cm7w9mms,8.672e-05,10.6,0.0,0.0
2025-10-04,bb36c37eaa412c10d43e4d779355ca39dda1b0f01e2d6309f48ab98cdbd8e139,in,bc1qjclleunr39gnq4q0nz3sd468449z8fhjnp5x7f,0.00029604,36.19,0.0,0.0
2025-10-04,c9a8040e8763757cd3782eeb119cb210dcd1df1b3edf7464317838c4083e4f5e,in,bc1qa84fphf4l08t0xsgphqtcg8pvnqm2ur27teqym;bc1qq78cc04ttzwxyzqztewhxalvdx7vj9pmx0khlm,0.00015147,18.51,0.0,0.0
2025-10-04,d23c23e1b1b1217de3aa58f08355a76c952f404b0f8d0b6119298ab6d30e1fd6,in,19dXPowwVhESUHLKrjszFr5jVSZP4V5uSU,0.00011883,14.52,0.0,0.0
2025-10-04,d251fca3bf680081ea2c939f55dfc141c8e80e38f0635a0a4f73dec61ebc5ce0,in,bc1qf6d2wc82u00su93dlzghcsw6kewr0lyr9nqr03,0.00214868,262.64,0.0,0.0
2025-10-04,d935a459a4119c9bc356216c68e3c76cf1fcde3147f2bc3ac4a0aa149f05361e,in,bc1qls96fvvrxk7yqyc97jsl4a6hw93n07qw9qz9xc;bc1qvafl8rmca5nccrpn6rqwcen6vgt7qva3m8a3cx,0.00060707,74.2,0.0,0.0
2025-10-04,dc00d44068919a1d80d2ba620a65930c96651f1277ad564f70a13faa60e57111,in,bc1qahuxftsjwufws255cjjqjg2w0u6uj0cxe6d92p;bc1qu4wxpy3dta7ku54vkl68zvywg32pktk8nh0gvs,0.00036554,44.68,0.0,0.0
2025-10-04,dcde632444ffd0843373e9e08543370b29a0132a5d780f9a650712a811fc401e,in,bc1qu5zmrl59scn9448mld6jdqpwg6s23udr4z8g74,0.00013062,15.97,0.0,0.0
2025-10-04,e75011c8521338fbbab0a4531f742208223299b64b6cb05ab274665e0e24cb77,in,1Kko23fvEjGhEmhYq2NHDeNPNDzo7sHKi1,6.539e-05,7.99,0.0,0.0
2025-10-04,ebbdfba3a15c74b26046b2b6818382e4356f6bc3ed0196ebe29dc090ff0c80b7,out,bc1qscx6ndxsrkuyuryhcllhc384q068ezpjnqese2,0.02454295,2999.94,0.00058835,71.92
2025-10-04,edd10498cff03d3fc4616dafbdb86bcea34fbe722ed74584f374979316438aab,in,bc1qmgpde0xfe59yz02uy90dstp8pstc8juu70gk6p,1.149e-05,1.4,0.0,0.0
2025-10-04,f224e6ae9f04e4af98eb11a386744f946a214675318d6e4fb4c52351aa2cd8fc,in,bc1qw8nc697ljuhnkm0wzz8ydx30vsylr3yh6yjtfv,0.0003261,39.86,0.0,0.0
2025-10-04,f2c3a1b486ac781c2dabd0fcec9def072c27aac94ee293593bb45d500ee3cc47,in,bc1qnq5t0sr9fs3h6dzpqdam9vqne5ymxuwrgy8duw,5.034e-05,6.15,0.0,0.0
2025-10-04,fa7604ecfc1868d50872fa789ea491b9708167b68c738e455e550229e23d8637,in,bc1q7gl43uzdk08s2n8t6fjgntgsy8uynzenfwzf24;bc1q8gyfdju2sjeengas934d90tyczq7vty53cfjv6,0.00020246,24.75,0.0,0.0
2025-10-05,0018abf3c645a7883568bdffb69c7fef594b35e96dd4478b4bab04cf0657eaae,in,bc1qreupxd0zcwra907qurzlp7f0gl6hdkrwgu70ap,0.00028059,34.34,0.0,0.0
2025-10-05,04cc249e0569d0ae91626fe36a27e2e0d31ece85f6ca7d77d099f3f3c3e6cb5a,in,bc1q2ckluup5g8kma96an93gkxw6n0utf5kyr5x64a;bc1qrjcdrq2r0x5v47fv8xqq89ndr6fvwhfe00z0dv,8.683e-05,10.63,0.0,0.0
2025-10-05,16f0efb12da962e2000f8a9e8dac273fae246ee040f88bfe9606f36fa8532a79,in,bc1qamgjuxaywqls56h7rg7afga3m6rgqwfkew688k,0.0001392,17.04,0.0,0.0
2025-10-05,2cf6f970bc79212cc40de482d8f1d64f5acab084f3bb93eb56e956f6f791505e,in,bc1qvcprn29hgyf0vmg0k6q406sxtp2t2ucdq98zcf,0.00116402,142.47,0.0,0.0
2025-10-05,43a3de2a036d7782ff6e91e978983cced45df66589810effa59e80fd0215e1e9,in,bc1qdxgxpe2fgmn0hc0npy354t7ftfn8ch0ldklz80,0.00012687,15.53,0.0,0.0
2025-10-05,480e7d07b2c259c04e0d233ee7f027a2157a98fe7e588333f345b1e62d39f8de,in,bc1qtf3pdfpw9h6944w87mz7l7ayqqjky95887jrfx;bc1qu0lk90f8783ndfjwdkp939szntl7r7rsveustd,8.661e-05,10.6,0.0,0.0
2025-10-05,4873ec255547e775f8c7473a91d7e4a05722ff25f6d7761e98f87682eab34cc8,in,bc1q3xg6wke56sjq0lual62xzyfcfz8vnxsn69e5pc,1.729e-05,2.12,0.0,0.0
2025-10-05,5e3953e6a1babcd285c269389d2008576e327d17a7e121f84a80e60dcd825e2b,in,bc1qrallwccff50gldg9fh665rszvm79ae4tstceal,0.00081462,99.7,0.0,0.0
2025-10-05,5e873518b267b93580eeaca9860fc1088edef9747e490c7602fab8ac1258a298,in,bc1q0u9halagt7w4k8zwjgteg88mgkh67nr2sqcdjn,0.00023469,28.72,0.0,0.0
2025-10-05,65d2adc729574c3696acce55e775fa7cf4e44f142e74f58a23454122f07a8d4b,in,bc1qtzd6l9wet972982gn3rt0ng7ny84vdx2ydmep4,0.00012551,15.36,0.0,0.0
2025-10-05,6c8c2c8b3384224b43574f035eab7ed5ddd3e8cd4fbc9f59ba554f190b5df2fe,in,bc1q380vwmlxfx3gxtyukmd3v034xy6c27y6m2sllq,0.00038808,47.5,0.0,0.0
2025-10-05,817f89555e99285bd7fb45c99934c66e7fe7626868ee35cda9dc782cd669c9bf,in,bc1q6vp0247lnzclys6h06w5vy8kknyzwxmzc8uudp,0.00016343,20.0,0.0,0.0
2025-10-05,8de23b056b77adf3b6e6a112ce0437a7f685f37ce9b3911d37a3b7c1e27e5ddd,in,bc1q2sz9ta2p8vhcgv46cwpfvpxvlx80dre9ue6nuv;bc1q9k6w76m8j22l3myke5l9njlcn09edgkschhxwn,0.00024406,29.87,0.0,0.0
2025-10-05,98e44825b61cc783bbb746e66dd6dfd1a20ca951ca8deded75fdfa423af9bae4,in,bc1q4m4n2rfujla7aj226dw4vua8fcuyr5ltrk3lkr;bc1qvxp9tv4yegvkjg0fawxe2l8jthy2qzm2g5zqff,0.00042492,52.01,0.0,0.0
2025-10-05,a359fc8b7276bd7c90f30bfc996f02a3202e1cb6b8fa8e2ebb70cb2b1a009542,in,bc1q5gpdp4xj2jf4y7yzpw50zd4f65tgfkttqfa88g,0.00121896,149.19,0.0,0.0
2025-10-05,a936482f9e9138d7dd09322ebd8b1c27a7e88930f1370b3f653d44d2287f45f2,in,bc1qzy4j8v7aa8ekpzu6mpkz85f0mm2q6vx6k6cjvn,0.00032643,39.95,0.0,0.0
2025-10-05,ae629886c6c50cf62f4626e0335209b286babd6f82371cf7da69c7e40670d5f8,in,bc1qp78e0hywkmtq2gtqafsw5668txjw23x8wlqnm2;bc1qtkn6t8lue28lzg2tjp0thg4yy9szl9nsldakc5,0.00039798,48.71,0.0,0.0
2025-10-05,b510ce183f43cf10e87ee97f0a478dbfe79c6e1e1e6e0860fabf50521e3e6e59,in,bc1qxtv59pvumxek4wvgqtxy74zvqx3l7gpzvsnge8,0.00063568,77.8,0.0,0.0
2025-10-05,b982ec50f832a73c7298452ab61a77068dbf9292abd6e0f76191086a6a3839e4,in,bc1q48cn2dag4n6u2qkynt5jq9mjtna73jgrr50r39;bc1qq638eu2eayed0tlsraqzy4fe34j2vfhkuxa42m,0.00024248,29.68,0.0,0.0
2025-10-05,bd0b5e17b2889bcee8ae327ec9fb095fff37ea71c518bbd74ad7ee9e5860c050,in,bc1qamgjuxaywqls56h7rg7afga3m6rgqwfkew688k,0.00022159,27.12,0.0,0.0
2025-10-05,c1d3a77a8b3e05ec6bac16f112243b5001f01f4ef94b83f1ce7035e441a4975c,in,bc1q6s3kgv262gsnj8whu0efq34rasvd54axr7wx5t,0.00016869,20.65,0.0,0.0
2025-10-05,c86c6aa3a1377ebc04b40527af23b2423238bf4b6a89b4d62fd70e7f747d4046,in,bc1q2vnl9scunu8eeflh6er5ushawawvldyerxcdm7;bc1q3uqhteha8ajc7lxe3vvkqmkft2azae5tpx5wj5,0.00049654,60.77,0.0,0.0
2025-10-05,ce00874602876d8ef7cc9d814857a445e71cde3ddc58cac13f68d4eb29ca5bda,in,bc1qfgp0cte7ya3gklpt388gn2gg7096sxx8m4pckl;bc1ql99ga4rgftwchwgv3cxjpctl0c8ph49pxa8v5w,0.00040033,49.0,0.0,0.0
2025-10-05,ce205943646dff560ab5118b3987010a535fbf1ded0e92c02ca13fabb1d282f6,in,bc1qn37l9dzjy8nkxchr87kyxtr7alp4cr562rg2z6,0.00048882,59.83,0.0,0.0
2025-10-05,d190a6481b100f51a4f8a62156e4e732d81f29f3eece8c1c74644ba5db2e6b80,in,1LogrpxqGJFVEPDPZsbEty9HCFm1RR5n54,0.00017055,20.87,0.0,0.0
2025-10-05,d3fdf352249093929432155bd4c07894da419da46de43cd66ba4a4269f1bbdaa,in,bc1qgccszlrg06309cv2p7lnvmfp3v28vvtq3n4csq,0.00019496,23.86,0.0,0.0
2025-10-05,d78e0a7860e26987257d65876fb90f7d6d7634e3bb8067fae3160c4eb3b3b497,in,bc1qcl9g90v8ar9m8glva3cpkljkeq9mmc0qwtln68,5.117e-05,6.26,0.0,0.0
2025-10-05,da3261d09488b9d012dd41c31412043dfe4fc6a2ebf776fce73b24182080318c,in,bc1qz0yvsmnt7eg05yznplr9h9wa6a8fjj220x5ar4,0.00038166,46.71,0.0,0.0
2025-10-05,de790a08e4cb8b9f8f1781d2820522c32629bfc3ef1675b424653838a1a45508,in,bc1qkcsny7xpue05e47t77fu8uf7t5ed5ha62ec0v9,0.00015045,18.41,0.0,0.0
2025-10-05,e801fddcf052bf3bf99f0cd01944a254eb52083466cc3268c84b461387e779d2,in,bc1q96k5kst0deyrdqreek0d6wl8h8e2x3q6va9l38;bc1qaymh2mu9gj6t4sxg6deeqtzsr7ktmlxkc052v3,5.478e-05,6.7,0.0,0.0
2025-10-06,09e32d2ff001adcfb46c1a307bf8dc5e9f44eb0dc77238180df3599a4eaff8c1,in,bc1qm34lsc65zpw79lxes69zkqmk6ee3ewf0j77s3h,0.00011362,14.03,0.0,0.0
2025-10-06,0e3d8ab5b9c5fc41a0f8c1f20d62598471b604beb347794401121ce25906bc20,in,bc1qwk8c8fgt6ntlrjmrsxarj52l5aa260dkm4hg49;bc1qwuq6pjl8jfsdrc0gwh7y28hvxvcclrp3vkzhq0,6.277e-05,7.75,0.0,0.0
2025-10-06,1a7f9f775f6f81e14c839dca149b7cdaa3b2054a88f1155b0b49641cec8cb6d1,in,bc1q47kqch8mpsagdvzxlda8nsaad7vzy7c4myqy5r,0.00083342,102.91,0.0,0.0
2025-10-06,1ae211140b30e98a2e8cba7ad2380cd8c7ec1c9bd3079c6b80e130ffa6ae50c8,in,bc1qn4qll9hf00aal5cht0hvfs72z4eeefnn8xpu3c,0.00050545,62.41,0.0,0.0
2025-10-06,1b7515ca7a53b78c0f4ded0aa203d2f47e104163dd0c6d5b8966e388e2b6e641,in,1DJZhV6rJJcyxDxPc9jXrfhLaExxjWfwXR,8.06e-06,1.0,0.0,0.0
2025-10-06,24e3d15a65a7bf7bd498f1a1438cb2bb1a97bd661eaf407a2c3c56bb407642d8,in,3MoGuMxBFzGUTrTPYBsjv3Lm9cmewq6iku,0.00015014,18.54,0.0,0.0
2025-10-06,2f4c4222c417ab967abf9f80c588600c9094e725380b8957fd6522e773372ed3,in,bc1p39kftnnd6uughyu6q52ynq78hsqh59nzqx6fmwkcgh3m3rt4sszs8ccx48,0.00167738,207.13,0.0,0.0
2025-10-06,32613395f22b050f753bb4d8d76cc9f79968ae23dce4a317ee8d2687cd9c59f7,in,bc1qm34lsc65zpw79lxes69zkqmk6ee3ewf0j77s3h,0.00024991,30.86,0.0,0.0
2025-10-06,33933a26ae09f2c0bc3699a43c57040c81b63f9d563c70a0d044795b898371e5,in,bc1qreqz3fpzytjdymk6lqqcxwmnscufv8zug9d4jr,0.00019972,24.66,0.0,0.0
2025-10-06,3c5bff5faffb4072e0659b4a15196a0005d92fcd45178d9ae75cbd7701207830,in,bc1qa3qr2rztp482fla79222mfmr6ryqvzd69804vs;bc1qfs4qjj6068yzx3qdxm4ex7vva4mr6c439wylj0,0.00024264,29.96,0.0,0.0
2025-10-06,4262f08090ba40955462030f689fbdd3dde6f3868b3448e436a114e5f701fd4a,in,bc1pznlyts8yy2wsn4r8nqztmt9yqymes9edd72wagtkkxhmncs62jxsf8m2uh,0.00044356,54.77,0.0,0.0
2025-10-06,4275405321986e6ede23af55c2aa3e9aa440baa8a83bd72fc7fba739bf323895,in,35C2L1pCgwzBHNcDcVL1a5RuoefeWqyjAR,0.00010784,13.32,0.0,0.0
2025-10-06,57bf552ce4b2061d72c6e5d3e9e6f4321e31b266b8b8facca1dfc7ec0c371b35,in,31iaYsA2QjycQnN781oyvfCrCbt4RidKEm,0.00011152,13.77,0.0,0.0
2025-10-06,5a4a3879c5803726982633b638704e5758d51d57d7b686cf2aa3ea86f85e2f34,in,bc1qwlfuvgehwnhn50hrcg3ufdtmzny4j4ja8qj9m6,0.00040685,50.24,0.0,0.0
2025-10-06,60461fa274f648735b20584655b485334492a5cc111a3589f1d52a87baf99cd8,in,bc1qx5mf47sjcd0e32rufmcnlgkhe5wnyulxw0jqa4,5.665e-05,7.0,0.0,0.0
2025-10-06,61006185412bb1904f9552dc9595e17f02b4a266b1257ff209e0838e20ba7e7f,in,bc1qh8py7drfja6sn57hxmfgdztq6wxtrpwwfznmxe,0.00039926,49.3,0.0,0.0
2025-10-06,6dcd6e264be695d1d76087238546a92caf4d8797e6bbfdf3e2007ff0f4996877,in,bc1q9kp2jzd3gtuhm4pawv6c0ex5m6t3j8szr99m0c;bc1qe8m2a4mtl3n76slhaewzrn26c3xffdn2qdusms,0.00039957,49.34,0.0,0.0
2025-10-06,75e22e1e3cc2a52fed55dd769af562652f2f8b44341597ef2b98254ec0cf76bb,out,bc1qj580jn8ra7ef6j0ktpv36x79v27p6elnfv3mc4,0.10862297,13413.02,0.00145422,179.57
2025-10-06,7ad3f423059bc0dc4ff0bb8bd4ff159a42953173e3dec5da232016eff9a54459,in,bc1qykcd7y8n4x22yj3raedwjncpkrfvdddt7z2s6x,0.00063,77.79,0.0,0.0
2025-10-06,93e92b8482f3ead24388d502ff939eb4d6954dc0c1a3be2a15c7a180b5c00011,in,bc1qm34lsc65zpw79lxes69zkqmk6ee3ewf0j77s3h,0.0001294,15.98,0.0,0.0
2025-10-06,9481993f5eca27cc2075c1b1dc0164b0318b042230725c9c995e155aaf6ffa7e,in,bc1qm34lsc65zpw79lxes69zkqmk6ee3ewf0j77s3h,0.00072,88.91,0.0,0.0
2025-10-06,98e80a00282efbd6a16f3b57c2e4f52b207d4788a9576d42b6176adcd98fbfeb,in,bc1qrhdnd5ylvnapdvq8hjv2h0gffmxm3y4yml8hja,0.00026689,32.96,0.0,0.0
2025-10-06,a24bdbdfe53a99aa4b30a09d537b2d00821086aff09d44e6ee568da5522e0438,in,bc1qjclleunr39gnq4q0nz3sd468449z8fhjnp5x7f,0.00019615,24.22,0.0,0.0
2025-10-06,af26b7b7571784c25117dc79c1bdb052e89c8d38baf75200b847f722047635b5,in,bc1qjxnk3t4ezjh8jevnqs9ant460tj9fz2m8qa4a9,0.00022474,27.75,0.0,0.0
2025-10-06,b2246ba29415e768bef4841007b6845c8414a35f54891c78b21a8bde18af89f3,in,bc1qdls67ggmhtvlhazyv7p0yh8lv98v9ecnedm25z;bc1qj79h6sygzkj7smyzqrg09xke6nhj5vqlhxhpr6;bc1qqarz5a26x44y4hnxvn0g8ghu8urm5t9xkqvtfc,7e-05,8.64,0.0,0.0
2025-10-06,b94751c6816d9be2960dcc150870342b40f37079b7f06616e7bd4f8ec51a0012,in,bc1qfmafd6e25r8fwdyxxu8fdv77um5c97me8yacve;bc1qxhe9p4yqmt938vnqjf5xtl89t0srg9h0zzp82l,7.253e-05,8.96,0.0,0.0
2025-10-06,bc6c8dede02390555648fefd47addcbdcb94bde8fc34f8871d140e8d303c8ce3,in,bc1qkcax6je3mpq3eyv5w3nhqge46nnrzz55jfdtf8,0.00043495,53.71,0.0,0.0
2025-10-06,ced407265f4eda6e229a27e876c46bbf5ae68c721eb4c2491318868e1e11e026,in,bc1q86rzxsfkg2pvkxqmj76a9cc9snc6m6tz8e8gp7,0.00011197,13.83,0.0,0.0
2025-10-06,d444d177c421060db61bf625748a3e111e06a59755ef97a73e709dec9af78a68,in,bc1qq40e3z0ucddp9w9qz0g7geg68x2alhdl3c7xfs;bc1qudwrvlm79vkfeclh45g5kdd4vn72ldyxjn4dm0,0.00035274,43.56,0.0,0.0
2025-10-06,da78b054ed875646cb7e25f3e6e7ffc8af762a5fb44a6bc98438b73d8ae4f316,in,bc1q5tcnwad0q52ul5gtrah00e3nk8ljg9ardq6k3c,0.00032272,39.85,0.0,0.0
2025-10-06,db216f13274ae9a2984822ac320d32026b4c6312593f2343dce91f6622b4436f,in,3PwEfrNzvsDJZYg33iJmqRVtbYKCASj8iM,0.0007182,88.69,0.0,0.0
2025-10-06,e63f9360b1f31f43a951e0e32b5c0b2e752ae7b03a5ab7c1e58d8ad58630114b,in,bc1q0nrc7z48ggz2908dcanwhedel8wyqndmxlvp0y,0.00028617,35.34,0.0,0.0
2025-10-06,e8c02d1c05a75f399ae64a08f9b836779c9896b467d13b7edf97d7b491d3f21d,in,bc1qh465yyvwxk3uyyx2jn4hq40ey2vqtmyhz36m75;bc1qkulrr48vdlmkm070yqhg0a8044slmj6x4322c6,5.977e-05,7.38,0.0,0.0
2025-10-06,ef74f3b9361a320ce4c6d22e9670be01a0a37fa9ebffd8c2a9287e07c1c28593,in,bc1qqpsdgkxd8e42nhhd0x64s7nd2cv0kx22c4uxdz,0.00016638,20.54,0.0,0.0
2025-10-06,f1f321d51b2d0fc083b71fd0afe7ffada8d8716b28c79957a2afdb9717f7042d,in,1BSMCmXkr6pzBPuUmESvpPq7WL1VPKfS5D,0.00014117,17.43,0.0,0.0
2025-10-06,f5467de4d2fe3a3f6952c01198c91d541b6d59497169bccbe9ebec0974a747b1,in,bc1qwlfuvgehwnhn50hrcg3ufdtmzny4j4ja8qj9m6,0.00040762,50.33,0.0,0.0
2025-10-06,fb8d341e19e031732a61f7519ba21af73c6de02599ff6973156a37491b7c27df,in,bc1qywgzkpcnwctfr20aa7fs3jeh6dtqh2q5m0wudh,0.0001,12.35,0.0,0.0
2025-10-06,fe47427a52582cae722e10a5a9e454c811a7dd68ffcb5293e914c85155a3871e,in,bc1phf8aam9my2qsauhzy2l4y5ur052qczhgf46dc8h95q7yzryk6r6q5mf9sr,6.965e-05,8.6,0.0,0.0
2025-10-06,ffaf1412fcd6620a2dfdb503bf9e57c5462370ae7a0d2c6458d2fdfaa10035d8,in,bc1qjz7fhucgn2x3jt3l2u725s423xw2mdz3gy6j07,0.00016211,20.02,0.0,0.0
2025-10-07,025e5bafe07db9ee4e4dac5001a35b878c2b47de5069869a26cc736660c3fd91,in,bc1q0ah2lnp6q7mwxkth6qdl9cnk92wrdaws2q6qfe,0.00085872,107.05,0.0,0.0
2025-10-07,07f8916255ddc7b830f96ac13d6f35a04bc4f254b7cb38d1c503eb9a9b0b1c26,in,bc1q8ljkjurjsduy53f066tj85zpj6lk693yqhmt43;bc1qncff325480yrwna2lj3ufl3v0ru4vf4nkwyagp;bc1qpcmqu7lkwrmhyrmuanfav9mt9t0lqn9yualtj4,0.00017648,22.0,0.0,0.0
2025-10-07,0ad1fa529a1bfe4b16cf0a88674bac9e3d72f859ecd9038ec736436a5248ab1c,in,bc1qal4y8sura0cxygez9ljq0564v4t55evjl6nn53,0.00012644,15.76,0.0,0.0
2025-10-07,0c366a1187d82b80396150dca03b6e968f0ce808f6656acc344915ed9920e711,in,33R1PsoBPz6nV9iTMVYLYLZqLZ8fjs75pK,0.00110323,137.53,0.0,0.0
2025-10-07,10590ffdc95197208758c8e15c0ade228501d027bbc86ccbbafac96fe3492459,in,bc1q92hwe6zpkcyfmfgteg04r2zke0agddctfpqxvd,0.00014277,17.8,0.0,0.0
2025-10-07,11416a4ec8ab8884f2bb075e90bff4d0a46925224d4078f28ee145d9b182f006,in,bc1qg8t83xyxhnt9glja77hwyulm6jgad2gh2ax9fh,0.0001239,15.45,0.0,0.0
2025-10-07,1253083ac14aeb9780790f8517c60d821d3702334793fea1d5f92f232c0f8557,in,bc1ql602ywj3r9uxtgkwg73mfkckvlcygr3rqty7ae,8.1e-06,1.01,0.0,0.0
2025-10-07,13cd8a945303ee3f3a8a4f87e9de36209f1d45795ae76b98a224efbaaa39b911,in,bc1q4vxcxw7mpg9dcryqu0kav8awrn7qk5e6wgs3hg,0.00019,23.69,0.0,0.0
2025-10-07,1a95f9a17d1ce93b2f9902df82e0555f552e340bdcdef05b8122598c1711cea6,in,bc1q9q7d4vhqkvd70khyujygq22fjyjly2lns8epzt,0.00021708,27.06,0.0,0.0
2025-10-07,1eca32f478540e9db99dacb20db5fd4c3358ac4112d61376a6604e3fbe97e3b5,in,bc1qje5yj0v53lqyxppyzgevwy086w0vuarp7eyehz,0.00046972,58.55,0.0,0.0
2025-10-07,331afb1e2043b122b757469bec0a9db46fb5c6f39cd27207d01fed6f4d8854ea,in,bc1qm34lsc65zpw79lxes69zkqmk6ee3ewf0j77s3h,0.00034012,42.4,0.0,0.0
2025-10-07,411f8d82d28c17d8cfc4d3004cae0fb727f2e614c2b5f1d0cd845f1f5e21d900,in,bc1qj32r9lnaqq7wqkvj0lndk7w3xyfmnywl7fgw6k,0.00040921,51.01,0.0,0.0
2025-10-07,41646c3c881515f2e8e9ca00bfba0710b34f7bd26fa92c15e58717eb185225ef,in,bc1qc37t4kqxcq8urf7enyj36crnncv37pszp37kv8;bc1qmmey6r0ynzlkqedftpf4ku2jnf3vvd7c5ftncn,0.0002864,35.7,0.0,0.0
2025-10-07,48b17c2bfa442a7a80db0eb2462c3c36b7bd97d0ff62cd8d09e4a24b326e1b92,in,bc1qf0mqr7y7v47vv0pchucdh87lrhnkargvuuek9d,4.809e-05,5.99,0.0,0.0
2025-10-07,4d764178f423754473fda6f54397d7bd6fc734ce47e9f82c99830a199c47c10a,in,bc1qr63wjyw5c5qyulh559pjvanzf7ndu5zqnj0muq,8.074e-05,10.06,0.0,0.0
2025-10-07,567098c959b0854cceb32101f4b133141ead0beb2111d205016c6c63b5559fcc,in,bc1qewn5l68g5446rkz9vn59c45lhd44wtsscacx0u,0.00115838,144.4,0.0,0.0
2025-10-07,61329254d18b38a35793c08e336ff500a8065e2962d58877cbf5c82d21743e94,in,bc1qspnk85aha2l48u6res5zhjpmxygrvmejk4dp4h,0.00020127,25.09,0.0,0.0
2025-10-07,6821f3c613dd1493288c5fa2c13c92d7a3844dcd7597fb48179d568ad9a7d35a,in,bc1qwf2ql6sr55cvaf3l5zr665yx84zed2073degwm,0.00036209,45.14,0.0,0.0
2025-10-07,6e738546f306c2cf5876d43f3e9240690f3f567fad81745521a311559c0f913c,in,bc1qe7s2rpnu43q0efafffy6fp23eu7dfjtqcvf3df;bc1qud3la6f75u2x8q36f0r5mk42vz7kp87umhe9tt,0.00012728,15.87,0.0,0.0
2025-10-07,78ee0b62023e780ebda7fd7602d07a75e391344554529e55e2d19a3fab4f7b28,in,bc1q6ahqd0sd543823kk45twhy6frwtvhdpnajnmla;bc1qvgn32l9kw3pm045mdwprcahh39n6vdhcyf00ev,0.0001686,21.02,0.0,0.0
2025-10-07,7a3b9e95fb8227c47e5dac67c1d16a200da36452abf3c25019dca6983b073392,in,bc1qrallwccff50gldg9fh665rszvm79ae4tstceal,0.00049452,61.65,0.0,0.0
2025-10-07,7e39e6f31f1823258cf9aef3ad68f327d75f08055a71bf95f2f14b589bd45084,in,bc1qlyl9l37fu54n69ykyyhta2gs9fr7nlmj3hfequ,9.048e-05,11.28,0.0,0.0
2025-10-07,80d8babbeaeb188d3e3c316861d09409d42d6972633c0e2040b1d3fa86d520c4,in,bc1qxfrtr38n8dfl8ppeup3p3adrcytw60spcmj8sj,0.00028072,34.99,0.0,0.0
2025-10-07,824a2b4b3433ff5928792475cda7b37997d857e180c843fe22162214b1ae34c4,in,bc1q6e7wer44n6yem87c4sqk9guzqg5na6maxehylu;bc1qc566672gfnhahgxukf8d5qj7a0vk97xsvgd4nh;bc1qc74wdrk8qq3c39rf7ra87t83z0vs0clvat47nh,0.00049602,61.83,0.0,0.0
2025-10-07,9de052adeeed31c62323ad0ed58ecb8cac1a29f16dacffbeae035019ce40d05d,in,bc1qsy3ll594949pa2slhtsfep2u0h6xvvexc8p6vp,0.00032736,40.81,0.0,0.0
2025-10-07,9f9fdb09d10855a5006fd55ac44a00bd626631d0f5e54a2fdac63489c8b6e4dd,in,bc1q3mk9jwc0uz0wajs7mfvhtp2xm98eq0lr3043p6,0.00016027,19.98,0.0,0.0
2025-10-07,a63d6e1415c306f7bef6550e16eca656c4b3dc397478aa6ae02aabd02bedd4df,in,bc1qhsamxcw5432fm9upyn5whvwq35j0428x0kc2zx;bc1qucznnra2v8vrv82yrc4sse08r3vqt3s5ellp59,0.00027535,34.32,0.0,0.0
2025-10-07,b74db7134271863f059a767f07e8ee09ac8e90aaaf0b2f3fbe39b0084132ec7f,in,bc1q5v593vw0hspydc20zdjqy43uctk28k9v508reg;bc1qfp59rj9yyhxgc8ns6ch4eryea75qu5knqedaee;bc1qxlc9kxkgn3e4atg7rvqlgcg2cnl5847hlqfzsc,0.00028807,35.91,0.0,0.0
2025-10-07,be5c559c1d936c7a9bd78c4cf791134df5bc7cb5889be8fbd87f3db23f63406d,in,bc1qjp8qh596z9t9z28nl6znv2vylxf5k97pgqmly8,9.819e-05,12.24,0.0,0.0
2025-10-07,c04a20b5e6c10ef4993b67d359a31ddb7fa6fc7a5c8d9e9c37ce70aa9d8e99d7,in,bc1q68sz9tej87smumj8xcuts2k84dyfdya5z5t9qw;bc1qcy242zyjq06um3fc4dn8z8fmkcfgdpcsf3faqp,9.921e-05,12.37,0.0,0.0
2025-10-07,cfb30619485b017e8167c600f12729cec0f8391862348b7afe2446795e85e5a0,in,bc1qeuk9e6lrqjta3gklp2mh5uj0tnpwu2hhwvpsv5,5.055e-05,6.3,0.0,0.0
2025-10-07,d0cab9cf0e4f52adb167a2b5c1cb6bdf77bea52db0b9b47ccf0b0f6db777c37b,in,bc1q7d7a2t92mpapannpq09yf996a7txp6dq33v7vx;bc1qm6kwpwvhsu0xqny9wmgrh9ek0q05spspp6zg3g,5.9e-05,7.35,0.0,0.0
2025-10-07,d544ac647c2ece38bada73f38b12e5a00d6918922257b935a30c8c760f002a10,in,bc1q8sw4lfx64a854tv3pxj2fz47w974y2xa0yk3t9,0.00013612,16.97,0.0,0.0
2025-10-07,db619909a79f9e43d8e3057e5a88548f6492f48d69fa657c82423ab88bcf8e3f,in,bc1qyfwyh4r674v755pd3qrn048jjhczl0fh2qe42n,0.0001212,15.11,0.0,0.0
2025-10-07,dc3d57e9b40c54f565cddfda0fb2b8994c885b3c38404d82665e1f079e8c51c2,in,bc1qzrpg0rykzj8ahjcjhs0nstm58lzlx38uyeetlg,0.0001109,13.82,0.0,0.0
2025-10-07,dd367e2aef01f44932b8617d746b381418242a4e58acbd99d7ae8b0a9cf1a18a,in,bc1qkxr9h2e8y3fsrqguxtspuvf8kyfcxk56fnmst5,0.0001698,21.17,0.0,0.0
2025-10-07,f0bdacdc6afbc65ed9134be7ab9946610ae19febe6204a7f550144618e55f29c,in,bc1qwytgs5dkhknr850skj6ncvn0sqzdr3fvlrmuwn,0.00020501,25.56,0.0,0.0
2025-10-08,0839a98179dcf0eb3818ac9114241011d32696ec6474f41df84f94a1d772c578,in,bc1qg9s2exrg7qd2qmfdgpjrgenl4303na7y04n65e;bc1qrm7f89nm7kxxy2alynpj0nas90ak8yn9vpm2ls,8.173e-05,9.92,0.0,0.0
2025-10-08,1e314a496245a771b06f51396dd557d18cee42b756a343296e439489c174b27e,in,bc1qnzjsum943npl82a60rcakcf6py66ry9dtuhutm,0.00047719,57.9,0.0,0.0
2025-10-08,21e078969792b0e92642f0c15456569faaa3190c287bc36d78c031b4544593c2,in,bc1q6503hhuv2n23qda2j6kc0tnuj8grlz8gem03cy,0.00029961,36.35,0.0,0.0
2025-10-08,2554b4b9e6f75d0e92ef3620b1d6cf479ac7d3aece1d8db3e2e58493fb359c9c,in,bc1qca7c8n3mkgdqwdcsfawp45xn0k7kp9yer700lq,8.925e-05,10.83,0.0,0.0
2025-10-08,433b516088cb021e638ad089a538c0d5d8679c5e2c949ee1dd3657c2f50be2b6,in,bc1qm34lsc65zpw79lxes69zkqmk6ee3ewf0j77s3h,0.00037308,45.27,0.0,0.0
2025-10-08,4355ecbb06229bd7bfc946fe3a2ccea02626104f7c8b04c9b27494b3ba7ea738,in,bc1qjz7fhucgn2x3jt3l2u725s423xw2mdz3gy6j07,0.00025439,30.87,0.0,0.0
2025-10-08,44eaf2f09c360bc60639440744b73c77a62c3e23ae023f7f05776872be22b89d,in,bc1qcqwar4ecgss2wwqdgdfce7hm0l5885tek8hrp2,0.00017256,20.94,0.0,0.0
2025-10-08,50314566b261cf48484ee11d734353878f6102bdf64e97aa7391aefb44e6bf92,in,bc1qc3apwc0lndz35rqkq824mhsnu9zxpa44vv5c35;bc1qhxwztyv00wner8gcw84eu7xrpmlnmacs7h2van,0.000135,16.38,0.0,0.0
2025-10-08,526e9c54d723ba8047f6810c919e5a70a141ac04fe464406099c6cebf503744a,in,bc1q6r5t8neasnh4yl42lrg7jzyf9c064zpq78hyum,0.00011018,13.37,0.0,0.0
2025-10-08,52800586ef611ba968b7e279c5296280397c04bb8b6382eaef33278be4e4b29f,in,bc1qzqcgh8zzz6du53geq0rmhcreqy4dweztpz3svg,6.665e-05,8.09,0.0,0.0
2025-10-08,6c7669a6b7da5cf154d362f3cdfee11ddb9b98a8ee4938e3110d3d8366c49d14,in,bc1pu23ruet3srdv7r47k0exlxre5hlt8ccnm9gwlnj3d9fnz7tnkhlscmget2,0.00048661,59.04,0.0,0.0
2025-10-08,6e49055b2275145a0ff2f511a7d051601d4d175a42360d074a4b62d0f282be49,in,bc1qwfcm0fj6rkw7m2nxwrh2uyv9xz4m26s74nfpkp;bc1qycmz2z77mygy67sn8murt7qtmmtuj8xa24vkfj,0.00045432,55.12,0.0,0.0
2025-10-08,93e029452b2cacb3a4c5a1d363ff0d41c3ebcaf90a828a84937a117d2cc32210,in,bc1q4z92zm6n0f92f5xt6ef429nd8v7t0vllkjt6g9;bc1qzgxa8dva5hsx6s69g2rp42a9848klar36t5t9w,0.00029344,35.6,0.0,0.0
2025-10-08,a0ff4eef16ca9cc0994d1594dd5fe6fbad730fbde570e55c5db075c136eda570,in,bc1qm34lsc65zpw79lxes69zkqmk6ee3ewf0j77s3h,0.00024699,29.97,0.0,0.0
2025-10-08,b8e7c4f87becf51740b7be06679fd955a8ba6afce7ddce98e0105ca643d06340,in,bc1qcm4376xlklk2a5t0tngsta7l8q7cnualuqk9nm;bc1qzasyagnzrqx976wfdz3wv9marn49qmnu8073gg,0.00026505,32.16,0.0,0.0
2025-10-08,bc4bb5c9b3cb578b4a047c687ccb937195ede5b0c714802e10fc09a450e495f4,in,bc1qns9f7yfx3ry9lj6yz7c9er0vwa0ye2eklpzqfw,0.00038695,46.95,0.0,0.0
2025-10-08,c7495a7b3a410274323ad9e62a1adf22cc84b28cecdd0be70a2e35402dc5b3fb,in,bc1ql304edltrkt3g7peqhk0qn5nz6p7krwnqe52c6,0.0007747,94.0,0.0,0.0
2025-10-08,cb57a92a8d7f1e0376ff74b532c63156d7aac9bb1110088fd85955d3f08b06ee,in,bc1qarevfpxnkl0v7w6jh5v036399gm3gvg5l3ng2n,0.00038305,46.48,0.0,0.0
2025-10-08,cd18f133b0e29bde21c75725b1c6207f4d45e0a8d41be3393dbdc96d3b8fd825,in,bc1qns3duhmjnz05fm6k27y5sc43mly5z6u23sqqtk,8.749e-05,10.62,0.0,0.0
2025-10-08,dfe9f7fa52c39caaf3c8d6d6b1176fd98f3c9a2125546ac302e1e0464f3e10d2,in,bc1qhmlaqk2pf0p9cw9qragtum9y2hcceret5v3rvt;bc1qx2wst2dawl824l9kl4kehylynnct33adhshhpy,0.00019976,24.24,0.0,0.0
2025-10-08,e07270029ed9ee7fb2cc546c3d9d23d945c13488100e73b76e0432c13bd89988,in,bc1q5kzhk3udvgg70vt8ptkq2zg28wx2j57zlukz92;bc1qqwlvzvc3a4mdfz2sn26dvk8a0eaqyn52f0uqjc;bc1qyl2t8yq3ce9z7fknlr6hda2uh7zlvk944eu4sk,0.00053209,64.56,0.0,0.0
2025-10-08,e8a19ed26ec3ad053db426d86934eefddf4deaaa733f3ad8770fe6460625843f,in,bc1qf0mqr7y7v47vv0pchucdh87lrhnkargvuuek9d,0.00024737,30.01,0.0,0.0
2025-10-08,f6bf1b9943bcd2c10c43fa5958e3521db21fccb6833a9f05272c87a4fe19ae48,in,bc1qtnzczfcuzy2kju0tu0vysgzautm0aaqlplqmdy,0.00030035,36.44,0.0,0.0
2025-10-08,fd8639f898aef3ce611f340a4b9b3f0b0442d79886a490c892d55d5eb86e54f0,in,bc1qpdmpjuqkcps7all8aax3y5l6dal2vkj5mg3h65,0.00049407,59.95,0.0,0.0
2025-10-09,0782587130b6e8d5180645982b5bbbe022ae8523633c500ed84aaa6826d475ac,in,bc1qdgegu3mn0h3xj3mn5eql0u0a6wraa6vjkxqq93,0.00028827,35.55,0.0,0.0
2025-10-09,0f661492e130020264ef11ab783043e304e6a0808ea3adb11e09e478288ab865,in,bc1q2mgggjsruur8rn4cryw9dncvdplxlyc8ta83us;bc1qnqwl3zqlkqxyg99ga4ea8tx53ds9f65m9aghrp,0.0001656,20.42,0.0,0.0
2025-10-09,1179d34c12c7bac96b5d153b34315c95822fdde9a0d8e937602d4e71954d23b1,in,bc1q0967deddrmjcn0wran0cs604nm8vdex678ntcq;bc1q6c9zpug6n584k00c9yan2aeyl467r3es2pyy06,0.00012722,15.69,0.0,0.0
2025-10-09,15722a7bf3e1cc1da8eddd116cf4d477d1c5be5a6043e952beb80a8b97026470,in,bc1qcxaud4yzu8zftn7445wgznuqw8ptjdck52sl7x,0.00021833,26.92,0.0,0.0
2025-10-09,188870b6aecbd0a3c9069d0eab224634ebd67b869e0d34544cd644fbbe48f660,in,bc1qt4304r9q4zvhru098x4nelp7f9rpaew5h74ssd,0.00016511,20.36,0.0,0.0
2025-10-09,26249ba704a8f10a3f93b620aa913b200d5dfdf074e7e1f2ea88d02677c80cda,in,bc1qf6ym5zku775r4sqff680t4c5q7mmjmk662ucvc,0.00020549,25.34,0.0,0.0
2025-10-09,2df9302b7ced22b021d90d3f8ec3debdec4c87a61038a9209f2287ff694e4475,in,bc1q5ftpfdx7djhxssrpm559gjd4u6nwkeg3wz0da9,8.938e-05,11.02,0.0,0.0
2025-10-09,31541c7dc6e724716d379b24985f5f3f5387a44df47ace8da37f30e341b9afb4,in,bc1qm34lsc65zpw79lxes69zkqmk6ee3ewf0j77s3h,0.00082866,102.18,0.0,0.0
2025-10-09,32352f51f3c9ab69eab9113c52a42dfab7bbf5d40ede1ecdc43184fbce424e03,in,bc1qamgjuxaywqls56h7rg7afga3m6rgqwfkew688k,5.739e-05,7.08,0.0,0.0
2025-10-09,327d18db0bb8473f51d9082e359e06ec20ab09a9d8db630b515e1e6cf261d8e4,in,bc1q0gqp9frtgy6eaj68yu2j8dhptsc4yqxyuff606;bc1qjdjnjrcy7key0c4cll67qqwsh9zm0p29dx4hx4;bc1qr909hrw2vzkxgm8nymrvmkvs4mefs93h62eg99,0.0003165,39.03,0.0,0.0
2025-10-09,33e98734f5017aeb993a6280d911cd91972db55b4e5e744ede6aec956277bdc4,in,bc1q22vkjeyr8vy0m99dcz8pl02fy03lq7wsynlqq2,0.00026434,32.59,0.0,0.0
2025-10-09,37467f058380f16af518bb2602a7f07373d84c5e6495c2a2355e1e34a30043f3,in,bc1qkg7ad4skrc87f0zattl3mhw7cygne9x36ch47p;bc1qrk5432ej09nm3tp8gda4qp0az5r2rth7s7gprn,0.00060849,75.03,0.0,0.0
2025-10-09,3ba935e797e1a0e27cd535ca986081579ce81187d52b12c2c060014b9e3076dc,in,bc1qlv25zwu5q8kdcex66wtpf9mef563ld23zkem2u,0.00016661,20.54,0.0,0.0
2025-10-09,3e8a091bb48dd15237401e2c0eac8c4f901c17904baa2c3170ea762a455676ba,in,bc1q0q9kudp88l4zgdxlz9z0zg6fpsllttzhd5a7s8;bc1q5fmwl4x2kffkydnxmafvyxsm27zvu4zx3cmd9t,0.00092104,113.57,0.0,0.0
2025-10-09,5c355ca93bab90dd089c4db85160b11f9e0b8230d9c6d787f82f7eee41af7b55,in,bc1pvgtnupndj2k8w8jkpy0wfjj8tujjcvcvwsfgw2hyyutyj7jn2rhqtzv320,0.00013751,16.96,0.0,0.0
2025-10-09,69970e9b9fe9fbd6e8366836e918540a42a64b32c361f6b0eb57dfcb36c5265e,in,bc1q95hnhlaltau3qxt59cv428vpl3qf9q3an0092t,0.00011294,13.93,0.0,0.0
2025-10-09,6cdd10b6e1b1b0801143980977f863ff0928daf080737704a2d5cc36f2d581bb,in,bc1qazqr02dlpytdh8jv6wskzz4crg9wa57kfdxjf7;bc1qe3vje405yzxwgpwc9knrpat52q5hff2cemk3jh;bc1qfywp3pueydr3gnkfc84zy29fu0npzvm002cwdd,0.00017935,22.11,0.0,0.0
2025-10-09,72e9f0ba816d20c35327f58f0a404d086eddc473e5ca2e3531cf4bf175c533a0,in,bc1qc8ezk9az99ytnw84hr8pl0na6n2e5z9jd7asae;bc1qv258n6smvtda68lfrfalv7tyfcd6g4w7798j3g,0.00020617,25.42,0.0,0.0
2025-10-09,738fc8fb53668dbd5c309f9ee2c21b3609bb92a3612f4e614b20e818374d996b,in,bc1qhyxc9k4dcu3c83cujsz949ujuxpr3fjr2tt0m2,0.00030752,37.92,0.0,0.0
2025-10-09,81c32a0c188f937a6a8268b07cc1a85b127f8fd0af4151e4b307f8ea7469d9db,in,bc1q2a5sxjusvrlu27nmy2dkr0j60p0kjrc5ahcj06;bc1qazqhwejxy0dvpc5c7mt2gwaswwaqwf46d9jr8r,0.00044762,55.19,0.0,0.0
2025-10-09,827fd191fdc60605ffd84ea0c241a68d5c704ae1a74bfe425c96e385af517718,in,bc1pwvmnllvhygt6vaw9xg4e4t77yahhyk2fmld7dyve9qlzx0ldpx5stfdh48,0.00041459,51.12,0.0,0.0
2025-10-09,8556512f02b83e08c11c71f51b82bfabe55ee6e8659857cef35cd4feaa37e006,in,bc1q8387clwz87tapjnea7nyzsscw34dhdv5tp9sq9;bc1qazaxas6flm8h80rwr0fwnm52vx5ystfewsgfaj,0.00060486,74.58,0.0,0.0
2025-10-09,88d50a01208ecc0e78d706169a644a7007113a31f4d27a11141690294dd0c74d,in,bc1qzftmy3kl0r7pn6ujv08e3czugpfxjnsxygfpw6,0.00015255,18.81,0.0,0.0
2025-10-09,89e8569d06873dd54bf038b62ba0f2a76cb5b1819707a096bd4d4ae1351b7c42,in,bc1pqqnpm5e0jdzq06xkajkfzf9f4ax3rx36ecnkqqpaqzz6gswh4f4slm62u0,0.00049395,60.91,0.0,0.0
2025-10-09,9aa2ff5c6565d9b8edff58e8736c68824bbcc99f7445905147085847601b1f20,in,bc1qhyxc9k4dcu3c83cujsz949ujuxpr3fjr2tt0m2,0.00033224,40.97,0.0,0.0
2025-10-09,9c6d1fe7ff7d5742ce0414f6616f2dd9aac9a9b7bda78326c4fc8aca415ca518,in,bc1qfe838x889lt6yzlp824mw6xjflry4urncvrvq2,0.00016351,20.16,0.0,0.0
2025-10-09,a2af444eff2271172ee20f7ce130ddea61b6dbcb3fcc44d874ab17607fab110a,in,bc1q60lta7gzru6dyuk3uzdzntgw9lfd35zrklqrzd;bc1qvlfap6jhtjtngn9p9vmfwzcj7azd5dlkpdnc6y,0.00015812,19.5,0.0,0.0
2025-10-09,a8e74a8aa0c727d6251a9225392b9497a3e5b364bf9634888f0b0d4f1a5f84f9,in,bc1q8pq57hede8mfhs6mdfau8ant3pnnzj34pz8nf5;bc1qtdk49lfynu0x8fwlhawxje4s4ev922uw3hh4cm,0.00037376,46.09,0.0,0.0
2025-10-09,addf8fa9d7570591fcc785c8737226569db5bcc29bf7ad3e9eba7aad1c6a89a3,in,bc1q0jvcxyhcssz6k6d5apy8wn0wztsvgeywy7fg2c,0.0001513,18.66,0.0,0.0
2025-10-09,b7c1963517c389a86861aa44aba1b064b8043830581dd3129519d4e177e81688,in,16agMw9FdpbBLak9TmgK2EvpqTz1W3C7VH,0.00024824,30.61,0.0,0.0
2025-10-09,bc2ad1f963c0b6635f299356eac0dbea7b94ffecaff25c8c139c5df6b7d5aae6,in,bc1q3xc742l2s0jsprqmsgpkn85t2666ql5fndsg2t,5.755e-05,7.1,0.0,0.0
2025-10-09,be461a72f3ee463ed6fdd08c11001fc420b72bc92af2f14e150efc9f5809e6bc,in,bc1qm34lsc65zpw79lxes69zkqmk6ee3ewf0j77s3h,0.00016194,19.97,0.0,0.0
2025-10-09,ceaec12ceaf93be19352d2d9b09e00a2366a3f87a598285f44374ca4e56a2caf,in,bc1q4245pgttffnq4fj56mr0u6kj2dzwe8k3vxnhjq,8.321e-05,10.26,0.0,0.0
2025-10-09,d37cb56705646a0de680aab72635971725e00611411839591f3ac96f8e1a3a03,in,bc1q48r3g3vmachzxf4jgjlw4y4pk3npxguzjz59xw;bc1qxa45w806scc60vd5elg4e45zqawpr5nz3x05v2,0.00016753,20.66,0.0,0.0
2025-10-09,de582d9c25eacd9aea566e1b08aa77fa4a17f0a5a5e85229bd370e4e00943559,in,bc1qjclleunr39gnq4q0nz3sd468449z8fhjnp5x7f,0.00088615,109.27,0.0,0.0
2025-10-09,e2173bd6763bc441212c59b92e87765e29c0535e1750112481c5f1f3e6349371,in,bc1qd4k49fn9l5v3jeh9jgpt5j83t39xe5z2e5lzek,2e-05,2.47,0.0,0.0
2025-10-09,e899676b289f777b92fe2a875910262ca849bc0aacf295e0c22c90facbe7d14c,in,bc1q2zzwm9vg5xv3axtscv7vj9pjqlc9d65ct9tsc6;bc1qcyqhw2j6x58w8rzq8gdqzu3hpvj0zyu206zkqd,0.00048888,60.28,0.0,0.0
2025-10-09,f34de888c9d2398ed1a6c708d1de3dafbf57460f8785b2a0b55cc18fae2023ca,in,bc1qcz9m4z3v9lrwdflw5qaaut78euw0qfedmx6v97;bc1qdu6qsfzl6qumksr6r2q0jfzkutpgarmvvzxqea;bc1qym66dls3pecaw2uzcc4zl4smgm2mh425pa98kk,0.00020288,25.02,0.0,0.0
2025-10-10,1f9a7a8988b2c49e9226d0840dae2a7b9c1063601b74e526436c02d0b01784a1,in,bc1pn99qcxm7m0s8t8crwq64ks23ewyn79c6e8ugfqn3a5z7aglcxarsn9m3s3,0.00011568,14.07,0.0,0.0
2025-10-10,2551091017521777716691f8624a9712db524e177e880ea57a091d6893c99fd8,in,bc1q3xc742l2s0jsprqmsgpkn85t2666ql5fndsg2t,5.881e-05,7.15,0.0,0.0
2025-10-10,27b7c3a5fa642d2344b8bc92a5df9dd5f000b0ee06a363cfcb37340944450d49,in,bc1qa6gyv3lwej604d3muwa3088dswmetzgdzdz5zs,6.581e-05,8.01,0.0,0.0
2025-10-10,3b02a52da8d028bf9fb10746577c6d53ad5aa13ac96a14182a27d2fd905f9a0b,in,bc1qns9f7yfx3ry9lj6yz7c9er0vwa0ye2eklpzqfw,0.00013037,15.86,0.0,0.0
2025-10-10,786d6fd5ba7a185a19ff37b2e3b9a87636faf50971de0f11370e8a9d6748917c,in,bc1qxtv59pvumxek4wvgqtxy74zvqx3l7gpzvsnge8,0.00050116,60.97,0.0,0.0
2025-10-10,7b22b57b0b70ba277248352ed2fee2614ab4b6c38f9b64455cffcc75f03b2493,in,bc1qe0l4uzhxeayqps3zye3g707786z5rqzthyrwu7,0.00082381,100.23,0.0,0.0
2025-10-10,7b8f37518bc12180dabf7e69cdb62abd39c22e4679022c845d73f30f42f27461,in,bc1qfk4aww843w94d4dlcyuv9tt4785g40774n8f9h,0.00055232,67.2,0.0,0.0
2025-10-10,87f78d92f20bb4cf1c30f743993d86223f6511d9e3d8a2e5739dde5160945c29,in,bc1qm34lsc65zpw79lxes69zkqmk6ee3ewf0j77s3h,0.00100704,122.52,0.0,0.0
2025-10-10,8ce96d757a47cfc3c5b8d38f2910bde2b8b35dbd002e376fcf3e61ef177b215f,in,bc1q8ht682fqnex3tdw2nwhrx3zrkjfvztuysfw42d;bc1qewhr6qwrsu6wf55fxdx2sdxdwuh7mp3qdxk6jz,0.00040395,49.15,0.0,0.0
2025-10-10,9827e51ae409e8bb2264c3caf86993e19b05f174795b7efaab2bb7c9e9044b6d,in,bc1q2gzsze6l2u2r2ykpcgwnsmlzxmcgqrrx3krqkp;bc1qrkjj7mnu3ae7unyyd800k4lxpnu4gtc903ra5r,0.00016475,20.04,0.0,0.0
2025-10-10,a3609da9cc12cb1f119aed50246b67ac7932471381c07f413da8331c00995aa1,in,3H9WXKYPqq4xo3ahuQvEDcDJBgFJcxGLpJ,0.00028229,34.34,0.0,0.0
2025-10-10,b336a0a2de8c8d26d817c77513250aeb1ce35486e69b81a64878cd2ecad85e4a,in,bc1q0w5fahtkgefa2wj69ekukw9ple4ym50l7aydan,0.00012215,14.86,0.0,0.0
2025-10-10,c2c8d7a732becc75cb6d7bda70ca3a9e41bec6acf6d94f0a305afdf82553d99a,in,bc1q2kpuzm0t5d35ncnnh8vuejpgeyqr8g6q83frq0,1.744e-05,2.12,0.0,0.0
2025-10-10,cb143774535b5c8e58f654ca7d99dc703503497a255eaec823b0f7b815aeb5b1,in,bc1qkux2g4a5ru7yn0sngwlk7q762rw62xjak39ugt,0.00024651,29.99,0.0,0.0
2025-10-10,cfd08f6cab47e224ce409fcbadc782297f1677c3fbc7c23a804b9994e2bdb319,in,bc1qpz3cj7aa3heu3p57w223pqhmzjde7j72ww7fqq,0.00024782,30.15,0.0,0.0
2025-10-10,d0a54720cd5cf47a7a0bb8ff40d275a70c0472e370591ed5623125e0f6e6f57c,in,bc1qr6d2mm46fjqhnnh74sr4uf4qz5pyfkvm3gldjy,0.00016421,19.98,0.0,0.0
2025-10-10,d9c04e87aab69328fa3039950331031ab16e856c6354fadd9a33724f13ea95d4,in,bc1qnu9q9n0rg9m2typae335pcrrg7lt956tnq89dk;bc1qt8vzm0hant96egfhdpm2l80r724js9cp5664gr,0.00037947,46.17,0.0,0.0
2025-10-10,dc4cd758343d3805816a99891334730709db9a0b4845227ab42dfb7f35f1c4d2,in,bc1q7xsvqetvfrvk87cgqxete29pma3rq8pvsdvmre;bc1q9amm5jjys00nd9v3g0kea8k6y66kdsww3lu2w7,9.868e-05,12.01,0.0,0.0
2025-10-10,f594bef1d6dd63c2b9a1be9c3884ee1709947a8b60653c36780d201e12f36c92,in,bc1q2kpuzm0t5d35ncnnh8vuejpgeyqr8g6q83frq0,0.00013405,16.31,0.0,0.0
2025-10-10,f98ac7afdd2d265690ec7801b15cfdf45e9fdd207b207dd988051fb36abeed85,in,bc1qlqttg30496dzxpheewpt32nqpucdwrrn543acn,0.00019017,23.14,0.0,0.0
2025-10-10,fa50742d20978c51120937f6ba4a0975fda380fdb0fc48ce075ca1f9d0859684,in,bc1qdfl0w7hlpt2fjerhly9l6gcp2qnh7cr29cjavn,0.00057003,69.35,0.0,0.0
