address,total_in,total_in_usd,total_out,total_out_usd
1B5i4D7hGn8WTBYAzCUKNXEKEk8pNECDiY,0.26605599,20594.5,0.26605599,20690.93
1EzzG1bDwHX8DzoPumkRz1hvPhryDjWXna,0.21485482,18214.25,0.21485482,18341.7
1QCLRix1zBMoKVJMwncLRTWpv33emZx3j4,0.1144483,10007.17,0.1144483,10002.9
1MwqViNY54vLna7dQDp4QeBgos7qqDAos,0.05033976,4775.79,0.05033976,4792.13
1CdThPF4Af5MQBnjX5QW9gm6KZz3DKBhUw,0.05269369,4186.06,0.05269369,4205.29
1L8u5LisLwJanupibUstXUxfZxB378dTc9,0.04332233,4136.28,0.04332233,4153.97
1GwLq62WdjqaBpXeaSPc1p3WQuRVsbo4XF,0.04468139,4055.07,0.04468139,4100.57
1CxLngwhxyzqbydduWwZuiTNtCpancmvh8,0.03996,3552.7,0.03996,3562.32
1QBUWX8s5EpNGXogWhh81hb6Wcbb4zwkWX,0.0420388,3212.85,0.0420388,3246.36
1EJbf3C7cq4j7PqfgLpjtAUSyzSHnq9EGY,0.031354,3129.03,0.031354,3083.86
1QL3bCzLUUkqrHMcMS42r3H1d1btXgA5jU,0.0381,2925.26,0.0381,2940.56
1JPSXPwxwkyx9nwDmnXxo3LRzqw2wGt5KB,0.04360501,2841.24,0.04360501,2839.7
1LrJGhVpeU9oUBQ2skfu1F4MfPPojCb9za,0.03440545,2740.94,0.03440545,2713.58
18uxsR6jKqRB42G2hWufouBTqQsEd8kxe2,0.03144937,2680.14,0.03144937,2690.25
1FZUGPHUqmQgJLxHg5ExrnxBpiMf1qfqmq,0.02915853,2513.12,0.02915853,2519.11
1DB9wpvLzVMqK3ZYH2JXGjUC1PF41p1adY,0.02465347,2450.83,0.02465347,2476.88
155aP2WLDUMjS7TSCsTrJvAaqU8a2HzYt2,0.02591595,2447.07,0.02591595,2452.42
1NzBpVwPVHqxmF6aHLaHY3RmgFHHkWq6XB,0.03706792,2332.81,0.03706792,2328.67
1JeHHtN65HysKochUB1BMd4Y6dztF3XPhp,0.02447216,2098.84,0.02447216,2111.7
1PsteHpDgHskC5LiV7UkgLNeW2QAyreVgo,0.02340293,2063.56,0.02340293,2058.28
19azmXoLWUobTn4X9UW4iJBaThq1vc1j5x,0.02542453,2028.47,0.02542453,2039.2
19H9N3hBouUxdVeiU9WjzSWrLdAkWoXpb9,0.0258189,2028.14,0.0258189,2018.93
1Mx5wznuwKnDSJ5VDMwoZVNZJmkdEdtGXX,0.02284858,1942.65,0.02284858,1943.55
1GbFu6uVwKgxahHcopfewfyZxfMyxnjYPk,0.01965782,1894.45,0.01965782,1881.99
1NMG91BN3mswsHEF5VZkSLnAoRwPZJxYs8,0.02369527,1771.87,0.02369527,1788.38
13dFVxV4KWmXvzJXSAFHfHxy6Hn12opfML,0.02633226,1639.72,0.02633226,1667.49
13BTK6GfgYQG5xSm6B7xAKFWbFQGv7FFJY,0.01816952,1524.7,0.01816952,1535.24
1wnAe1GS1UPrugf6J8BcTxSnPQj2MebPP,0.0165636,1483.44,0.0165636,1497.41
1FvU7NWsc33kTfxKkNXmBKUr7SpqwihYj8,0.01644293,1484.55,0.01644293,1489.22
19SdRYCmAjDGRkCmBLnpn6xWR81BfUjrBz,0.02077327,1463.2,0.02077327,1476.85
12unxyNzPwv2t24RVDJSj14yCnB9tjnTQ9,0.0173906,1456.76,0.0173906,1466.12
1GJTLeHc6hbWm3wm4gm2bUDPD8bC4sGrdh,0.02346472,1466.63,0.02346472,1463.75
1BW8j52DGGpcAsLe1PthrdPjmu5ftgtWb9,0.01751951,1428.03,0.01751951,1435.25
19SZR9wKhxNP5o9Bhpr4ZtM7n7bxUGKZqp,0.01582157,1409.06,0.01582157,1412.91
1DvK7VYfPCyZULXLAyQTYaRpGmuXkirbmg,0.01533937,1400.38,0.01533937,1398.58
112cHhGmoEiTT7t1dMwtEtWTZb4FW27Bqj,0.02081837,1396.2,0.02081837,1395.59
1AvGm2w2VkgFWmGJ4FMso7tf2d2iNXTPkk,0.01481847,1384.82,0.01481847,1388.41
17DxRhATCYGA89vhS1rvZwBX3TkZUzcHTk,0.01913286,1372.56,0.01913286,1384.8
16krKUhh4TNgzVeLDKbj5pGvPUx8FAryA3,0.01996145,1295.17,0.01996145,1319.49
19aW9YejGF3wNbtJEj6SjTSZ4Fib5WAcup,0.01738138,1297.67,0.01738138,1287.75
1MStVy4N1VGK9wr5YT9uk7TQFjkuc4k9z,0.01421847,1275.58,0.01421847,1281.25
1EdVbYkWU92Egy5Rj3L6C2Rj77iDkeiLvy,0.0145045,1284.18,0.0145045,1279.38
1NYF1iMuyhwANwAaz9jbd3Zjcbfy9AkV6b,0.01328321,1270.06,0.01328321,1271.14
1Kr3bKPpJjpDNUxHtisVLE25qoA1f6iNtt,0.01406099,1270.62,0.01406099,1270.59
1LnF5SQDmidoNgRFJwPEi9yHxDovt1GSsB,0.01496112,1241.12,0.01496112,1242.2
1yfNfBGz9k1o6jy2q331TBqy4BBcEvbaY,0.01306137,1197.36,0.01306137,1213.82
12WzzocoZ84MzEqatjAZkErrYbkS3hhhVe,0.01884995,1209.86,0.01884995,1211.55
1MRVAyuKMVRHk3whF8DoTNBNfqbsaZqevf,0.01404,1164.12,0.01404,1158.52
1Bkg6w15tQrfAtdoKcdZVLyMCYYMBh8T4g,0.01628496,1136.01,0.01628496,1144.77
1MXu4ZFhw7n2aJBwE9Qbs31A1m5FMXi11y,0.01274016,1146.69,0.01274016,1141.27
1uCHdjjsW1sz5rpSHRJ6ExhFnRpM6x9Sf,0.01455716,1100.42,0.01455716,1107.0
1AE2qG7HJikaURfksnrYjjN9hMp9MWkhmT,0.01603497,1106.37,0.01603497,1104.71
1MoGqMgsfmcugmFTWTFTbeWKoVSWp3GzeS,0.01065817,1078.29,0.01065817,1082.05
1AMjesLzqYEwmACnG5q63YF827XT91N2F2,0.01560793,1041.03,0.01560793,1049.23
12rpbMUHJ3wSfrCth2xyiAa3KRDg1EbFo3,0.01302479,1043.44,0.01302479,1045.77
1BZjcU9yYWEPspyeeYDLaXrwBamchb61eZ,0.01501085,1045.32,0.01501085,1041.7
13FzwZfe5FCqmDRdagLTFu5PjN4B6hWdNA,0.01216892,1044.54,0.01216892,1035.87
1TZ6fXwypwoMAPYbzLGgaUztNvVwnM5ev,0.01089739,1042.63,0.01089739,1020.82
1AHbZZP7uXDCfYHi1cpbD4EQsg64b5WdRD,0.01218799,1009.83,0.01218799,1009.83
16Zupbmmp4jDejFtBQ41ztP6srHy9ePUx5,0.01094432,1010.09,0.01094432,1006.46
156ZKLLBp4v8jEum57B3QG23DdaV7iYn6Y,0.01020722,961.1,0.01020722,975.54
1HUPrYEqhcY8UYnoU6yUjbfatNcrVJ76bo,0.01050265,983.76,0.01050265,974.51
17VpZziCNuFgvmyh2CBGZRiHoJd72JqcqY,0.01138752,964.5,0.01138752,968.29
12uWqqr312Z7uCof3FKkybpBPJ9Hu9cCYz,0.00991567,950.42,0.00991567,960.28
13WyrmhkmaEXtjESTrzHr3nodhwrVsfsBp,0.010437,948.4,0.010437,946.78
1CsaXZFp9kZrLUVcfiSsrm4SWxtHqwSTtW,0.01016682,934.93,0.01016682,943.97
1JL2iqTv65Tra1atYfyonh7Nj5Uk1DiADa,0.00983309,942.04,0.00983309,942.41
17SJiNsYup7EijEsBh95yKpbizP6A5wHxW,0.01120329,922.88,0.01120329,914.59
1Q2KBKRuRAkEwHfd6aVKK2VkmNAeJseBdn,0.00948815,911.31,0.00948815,911.47
19fTgkeEYDeq3wb9pQmmjRBiM8fz6GmEjq,0.01029354,889.62,0.01029354,890.75
158WK2qcngrjvwBVrzaPp65tKtJSYVpbFN,0.00932187,880.07,0.00932187,874.87
17oBMK5wCnrhX8W4JnRjf2NLoKeXVRBc6i,0.01240861,861.14,0.01240861,866.42
1MiNfP8ADAbDVUeTK58PDC2CenrJmPGJnA,0.00860603,837.27,0.00860603,852.74
1DNNTMnkFhGkbsqRF9wjngwUS4RgkQc6zp,0.01044619,827.5,0.01044619,830.43
17VP5WnLx2xgZjFVRKxFryjQj1qw6dhzZy,0.01279004,821.07,0.01279004,828.66
1HGHtTVbznkKAps2BLvzhar9iCtFVCqC9o,0.00883415,828.75,0.00883415,828.39
1AAksGVmueMst3dVFxW7MtJDJnoqjjFPgd,0.01214608,824.85,0.01214608,827.31
1PuN3JHCijH1ynQB1t4qi41q7pnYMS8X8i,0.01227173,765.74,0.01227173,787.83
1LuRHsNnxQBWJuam5s1BhXKgyyg8sGHALm,0.0077,766.64,0.0077,772.7
19UbnjcsQ6Mjb6SvmgAsdJiMY4GQCvnjR1,0.0077979,766.59,0.0077979,769.04
1HvzMHRT4dYA4SsFtqjdYyWQt1763tbSzf,0.00773209,775.08,0.00773209,767.9
12ZyJYSFkpj97dQVmFvoQXPGvaJVRNC34q,0.00920638,763.84,0.00920638,761.57
1MAEhHAMjGgfdd9aiFeLNoGCLUuYodnMBk,0.00839564,769.13,0.00839564,760.93
1Aoo3bZ9tTA89WeNt8ScM88h2Qb4qHcty6,0.01045802,748.94,0.01045802,754.24
1Cgna8MhvWpHu2NnZjSTPMh2DnA62fZUF2,0.00742867,734.34,0.00742867,737.6
1GiWSaV14aC4ZMmwJiqYGXwp6tTktKfLcm,0.00749488,718.52,0.00749488,725.43
14ptJATPsjHZ5otQedn5EzH6P8E8ijXayB,0.00766031,706.33,0.00766031,712.07
15sSAPgACpmGRwSVBb2zaGMBSZ72bRNYZB,0.01029398,702.45,0.01029398,700.99
1A96W3UmMcareqFC4zrVZLgMmMV18xdQAU,0.00777298,690.51,0.00777298,690.37
1ChDnYkVg3Y1VqeP8QRF311ujYiusyfrJB,0.00671045,664.55,0.00671045,673.37
1H3XuEj68JAZJ4TzZ9gZnnypdysxJp344P,0.0077025,667.58,0.0077025,664.63
13HtoqU1RnLk27Za9Q9uNwKTWu7KJbAiYh,0.00781251,664.54,0.00781251,663.19
18peJxJ3Sr8wKR6kd8xtaNdBP94qb3o5jz,0.00714317,650.12,0.00714317,656.94
1LZMTKJCEtKQBiaj7AHSMuTygpp98yxhGa,0.00735034,661.59,0.00735034,656.85
17jZ1b9858xxA6YhAKywtKU3o9bvfbkVqe,0.00672071,632.12,0.00672071,651.72
1GT1iSqPEzQAi1R3UxBtdYLY1oeyWmPYpG,0.00942873,650.61,0.00942873,645.44
1FAWhjYQXP2NoYimGQEu3ZUftwwYADBxbJ,0.00670505,636.13,0.00670505,642.32
1bgth6Fvx8HVbrgPYSznBUoqXzehhWvTj,0.00840643,641.59,0.00840643,641.84
1PwLHDxEKz8vfEqZZi78fuuvNfMcKBG3Tw,0.00749422,642.58,0.00749422,641.71
1FedwHXhakWecFxNTr4axHxRNKgsmWKHPk,0.00737381,628.55,0.00737381,639.72
19ugKykSKkb3wYanyZBBVQKAeAEMsSb18e,0.00929851,639.5,0.00929851,634.5
168pofRAj7us1ow8e51LjVgiEVb4ZjwUY2,0.00924821,623.29,0.00924821,625.32
1JHGMPzGAWHiwf4aWXysdCDfeFonqKy7wb,0.00673254,621.99,0.00673254,619.4
14EopEj9BVHUQdsaLq369Zad1SUdeuAhbu,0.00915386,617.45,0.00915386,617.45
1MwFRhSdTuU4DsGMRQTQ9RV6hV8A2jVgGW,0.00732633,608.72,0.00732633,615.19
19hkN9WUCeevF4BHsujvyqAfYM2GNuibBS,0.009831,606.13,0.009831,614.65
1PpyY5cZXtY6eNbCHKmK9YejorC6PZ8JW2,0.00888022,595.63,0.00888022,601.56
1GNLNpgLvzxeozyu9qcRuTryHbAXdB1pzy,0.0095857,580.19,0.0095857,600.11
1EfapcKpRtg2iAuFeaic6MqHeqgitmMtPd,0.00769197,589.76,0.00769197,596.12
1JJ5ZnYPSJ5HwTMvEB9Q4U579T4SyeWE2A,0.00592465,600.63,0.00592465,593.6
19knWqEwMXuLHtoHyASqwC1TUgq8AmUqGw,0.00620501,586.39,0.00620501,589.08
1GPmAgp9SCw9fJyvNZMB31PXosiQHW1a9u,0.00760713,576.36,0.00760713,581.68
18vkkE3fBDEgFnFx7DfuF7gZ8skLkBrxtk,0.00662406,577.87,0.00662406,578.67
15JanJEuAK2KqGUCFJre6xmae7uQNbbshA,0.0080751,574.27,0.0080751,575.35
144nS7uZyCG4mnoK7BqS5A38N5jhoFQWah,0.00621162,574.49,0.00621162,573.08
1M9KsEiJpg2ZetvfpwvAZC2cxpLQGtkGjh,0.00669332,577.02,0.00669332,570.8
17cBn8Xx8b1uz5YkhwnqpmttT4EyAFFcgR,0.00576366,563.5,0.00576366,568.02
15eajLnyPCkRhyg7T2MbHDLybwkd4mNpU1,0.00547686,545.68,0.00547686,541.52
1FDyBaW3Ku7R4bEzX9GD3XsPHXwFgLzEQZ,0.00684618,538.93,0.00684618,534.15
1NCH9fKKtEohVgtoWGFNQbv5HLczXpDd9U,0.00526101,532.07,0.00526101,530.56
1FB3TnMmq1AMadPdK91JB7kt33YrYcoK1L,0.00690602,563.94,0.00690602,529.47
13nGvmQwRuC7e6s1EYqfZBD4jPyR1ag25C,0.00801265,514.95,0.00801265,522.38
1Mk24r8WKLbXmoZy9ZX5grqw7muzUtBo4F,0.00547709,523.82,0.00547709,521.51
1DbyijP6hsEEJ2f5njFhg9p7fm2qM8VASJ,0.00772583,522.34,0.00772583,521.4
1LnQwrWBAFDcb41t9JNDbgyzTRkJUd9pnr,0.00659448,505.08,0.00659448,506.45
1PyE8YLQwYXmzQ5GobtaqLknUmgcCFcTv7,0.00744187,506.47,0.00744187,505.76
1DUp7YUCPBUuGT3tv1RTAZ3ViHGQtBzqVc,0.00565,500.86,0.00565,500.86
1PK8X5MBfmgAeFrtQsEVoNN2bd8ieNShki,0.00551259,499.89,0.00551259,500.08
1ELgNUQjH2aytHMWSiV5wvxU7brzaxCMD2,0.00554791,488.69,0.00554791,490.2
13n74wt3mV79FmXFL34EcxveQw79UZuQUb,0.00787267,492.58,0.00787267,487.43
1DPaKFFpUBfzUeE2mHrtLaVJJFkQnkEvwH,0.00734062,486.71,0.00734062,487.02
1BTPRvPjLQHxACb6gdt5gc8FjLcKyKthhY,0.00640284,488.12,0.00640284,486.0
15eR1W8SnhxTkbBzsdVtqfHRRWN8jMiQY9,0.00618754,479.99,0.00618754,485.6
18MwC7wBj3Ch6nSCPeYisaYKTF6N5bDBGM,0.0053065,486.21,0.0053065,483.69
1JzcxXRxbg6hjTjrvNozmPQcQSuEaL4hXd,0.00592296,476.55,0.00592296,476.76
13fnP5QDZAYDdDULRJYoo62Lkr8GJdbmZW,0.00716963,464.52,0.00716963,475.89
1E8R2j9hTzCtJt5vmVswoxbkTf1dhD3kVe,0.00533064,470.34,0.00533064,470.34
1LSWEFG3fVy67CpAwBCU8tSQ1mBc2FrzHK,0.00511596,465.26,0.00511596,467.94
1PDpZshE4WKLfRiWxtfJebp7Pp9yr31ba8,0.00736217,460.43,0.00736217,465.34
1D8FkjVCpCzui89N9sv9dfpR5xwM1PP7je,0.00550695,461.64,0.00550695,465.31
1KQ5ZWLUJKbNv4zyk3D6SWqVo1TVhuKzV1,0.00729326,461.97,0.00729326,463.72
1KReoyeBFbChRxBhLDZZ1iWtVfuvhHLUpj,0.00506977,461.64,0.00506977,462.27
12tumEgCPNMSG1EKEL4NAStVyc4EFzaiiJ,0.00474064,462.51,0.00474064,461.44
12bLKimxL2Gf3Jjj6ZrqNWUug93cxAxnnK,0.00525274,462.58,0.00525274,461.4
1Fks9gExZdPHj6eKRW9qvPEqNtQek2CDFd,0.0067912,458.23,0.0067912,460.82
18DL8o78UENZb8HpydVf3Do3mrwnJbjCwd,0.00488782,460.43,0.00488782,459.61
16qX7ZaSaFyBCrzHANGdfPFEG8h7HRRokB,0.00522962,455.2,0.00522962,457.94
1Dt3uKKXNE2immv262BvS1vdcDLYF3YW2n,0.0052042,464.62,0.0052042,457.92
1JqTBEYWkPvNzGDfQBYuVbDo8Fmstg7Smm,0.00617467,444.28,0.00617467,451.15
19gpKDNu24vS3Jf7imqMYxqJwanZsoqkyq,0.00467928,440.26,0.00467928,450.42
1LWEfdF4BKc58uD93JQCky24eNRmbnsnSt,0.00439414,449.8,0.00439414,448.57
18nxUA2ukP83xggtEifVS1d4Fh14APGDps,0.00457883,447.94,0.00457883,448.44
1A6P5BAa94WPGfhQPwwoQyPfJnnTub7Zsm,0.00467134,442.18,0.00467134,447.8
1JHc7EcwRcqYLP6Y7w4SSqa3FHhf9ujLKV,0.00527849,447.66,0.00527849,443.9
15tDuqbD89NUf3bsRU3zMLDz1H96GCD5ju,0.00572237,438.15,0.00572237,442.32
1FKtVRGQA9rePnL4yKQuurfyHn6rjULe2u,0.00453779,438.26,0.00453779,441.43
17GG4iHn2eoZzeXWJZLx67Tr2qrrnF9yD1,0.00664296,417.64,0.00664296,438.99
18v9voF4F5GLutR8D6Ue1DFvSXCTGho2KL,0.00497136,433.96,0.00497136,436.46
1AshR3cYpyaxPbmzmqRWhgLT2EM7o2tgb6,0.00448612,430.94,0.00448612,435.78
1MHqu5iHfinEPBBo32B3ArMuHuf234qHxY,0.00435174,425.72,0.00435174,431.74
1MifyDGQRR1EJDdfNB68gFX6HmJFM8KYtB,0.00445142,434.65,0.00445142,429.97
18A2BA7TDxckvxdkgGvdeyMrejJwknWdMb,0.00583658,427.12,0.00583658,429.82
1Hsypn8xCCKdEwTD7rqCqLBTF9ezwJcU9y,0.00517914,422.94,0.00517914,428.03
15fABSHmwK3sUqNXxBYUayaKQzxvGuV6AP,0.00410389,415.87,0.00410389,422.32
1A2TZobRPLde4DA4YLUHSAxGhrgUAS4t2K,0.00649971,409.2,0.00649971,421.09
1NZggBvNt7mn2GdD28EYgYKKj86CCw7XAc,0.00515914,419.69,0.00515914,420.93
1DCHEUFEFkzShFewngk67aQ19FTzey3cGQ,0.00648295,417.24,0.00648295,417.18
1Ap1jJjhbVKKo9spSn4XRpE49Tv9XdpDXc,0.00427571,409.16,0.00427571,415.34
18LSHkjYxibXtcfwKk6XAu2bubgtv4sFsE,0.00505438,409.28,0.00505438,413.37
15Loqnno3WTimTU9FrRZyFLGDeAgnrX69K,0.00520005,411.63,0.00520005,412.41
1Ht97Ga1D8Du7rb4V844CQTSZA4rXbC8Qo,0.00531654,400.0,0.00531654,412.02
198cM898eBaGM1PAtYQ4cV6zuZRPVMEhrz,0.00608119,404.24,0.00608119,410.48
1BM6Nhyta3dtA8LAWaazkx3vePz1bok3MM,0.00525002,411.36,0.00525002,410.11
1BVNHGcr47M5o4GLNoyFLoHUkhkQW9EVVb,0.00484171,400.94,0.00484171,409.2
1Cy6SJa6dgrM7xSCnmNa5vjWYPy72ND8un,0.00428098,404.42,0.00428098,405.07
1CNU5Prnn78CFTvLLe3SoQimzoyZDV5jy,0.00450366,404.39,0.00450366,404.5
1PYXNKPTinsYwF9p1QEAXcfNkbmNd1mJbp,0.00423824,405.66,0.00423824,401.91
148zTwYttQ3tGQdPnAKxcDxkeRLyDnxrC7,0.00407764,394.78,0.00407764,396.7
1NfLHPUQggpTzJitog6HWkQ5mYdNQhpcEa,0.00398122,386.12,0.00398122,391.04
1HqCDgGQPVTJsVLKrrFTXQtg9YszKth9kQ,0.00511803,386.13,0.00511803,387.65
1NaE7NNYPFpWdtxbeFJvfj2te26tbECfkR,0.00433,389.35,0.00433,385.21
1Q8MNXH6pqhfAmcaEKbW1TYT4CyEQM68JR,0.00501167,383.44,0.00501167,384.28
1LCM2S2U4QCgY2mYB8ZqC4Mhn9zmCUZCoU,0.00470202,384.2,0.00470202,383.47
1C5s8FrQApWGYgBAmqLDyJFMZqtmJDsroN,0.00551758,383.45,0.00551758,383.45
18Z9LUBGeq8Kp8d4UzuCf8nTKKumuJhkUb,0.00394758,382.52,0.00394758,379.94
15WvjMVunTYBziUf4SNPPX3jrnuawR6Qec,0.00546532,372.35,0.00546532,378.86
1MyhiU4NzjASiDR1ZiJLWzYA7waiTtbRJA,0.00498174,373.17,0.00498174,376.27
1LwFyUF16YuPetzebe7dBmJNphRpxFUo67,0.00492959,376.0,0.00492959,376.26
12r1RXfEj1sCGYuGQ5rpsyPFwRXDJEmJkk,0.00464514,382.71,0.00464514,374.19
1Ytrt8pDE2e55HeqL6VqUtvHc97ChNeRM,0.00548445,373.68,0.00548445,373.06
12XbGRHgDhdMUdVtFmfGQ5UG3FZLHEZ1sA,0.00437998,361.95,0.00437998,371.5
15PYSkojBaBanTT4ACmrfMgfsDsJHUDBUP,0.00527442,370.93,0.00527442,370.37
19cwJ81J6aiTchvoTet4hYL6cagLWrMmcZ,0.00427821,373.46,0.00427821,368.5
19ZYdJ5SEjSUkUQR9iPx49cwCRJv7AMxTG,0.00465122,362.57,0.00465122,364.25
1P9sMeAQBz5tGMb6rYjFn81Tdx7jE7Dg2C,0.0036677,363.18,0.0036677,363.53
1AvBHNQYUGETEfD4Wph5MGc7jWJpf3UPN5,0.00501234,355.41,0.00501234,361.52
13NaUTqi2jga1BqMPnq78tW8wk1MQqSxCi,0.0037559,357.45,0.0037559,361.24
16xErEnkBdtsR5Y1E4jDewvxuDo3Wjoo53,0.00499943,353.5,0.00499943,359.55
1Dco8jmnjXcic2o2n3uPQYQWe3PS4GKoE2,0.00341638,353.28,0.00341638,356.79
16jDwjfvzFRm8ypFqe8abAeujZ66216uyf,0.00450912,350.74,0.00450912,356.5
1GJhENPsHAQ9S2HUaKGxcnGTGABe9pWXJM,0.00511404,352.72,0.00511404,355.81
13RapA8tmFNXQPNxWHii5T5yGQARkaTebv,0.0052,355.83,0.0052,355.57
1C1Mo2ppp1GBzgBSztGAupYHUy8TW4dwWx,0.00512307,355.4,0.00512307,355.4
17CpFSus7aMG2WrCWYRH6z31XqjrWE8WJo,0.00366079,350.92,0.00366079,352.62
1LuHUxyVndcheF1LAwuCsi3NmzWjJGuE35,0.00524129,344.54,0.00524129,351.88
1AAtLYJzNyJyyrmi82wbBsegXCT9ovM1qE,0.005016,350.08,0.005016,351.72
147wk1Vk2zPQc7nkE7UCQBzsFA8DxyK5Vz,0.004012,350.33,0.004012,350.98
1NomWFx18RmiJQBbRQEQuAXDmD3ozM25ef,0.00358636,355.67,0.00358636,350.13
1K8oLqiffSv7LC7fWFg8EFwx3Q8jkUbqpv,0.00563018,344.31,0.00563018,349.56
1DfaWd4oBf8y5dwhmppR4XNEDZUbt1BDo2,0.00357359,356.43,0.00357359,346.73
1As5ftiyN4dhyQGwrMcr6SkfcAkwGiecos,0.00496,342.7,0.00496,346.43
129m552QP5NnWMMPpb6Ko6w9DD49gZcX2d,0.00348728,344.3,0.00348728,345.22
1DwroHUXG1CENusd2NcFt93pSdws2krqfz,0.00355062,341.79,0.00355062,343.02
1JPqRwCNWJvVVwL3twFebx5uNVV3nGy7tn,0.005,345.16,0.005,337.13
15GsKH3B7FYXB8bwnP1pYGfonQDpQjacJy,0.0041764,336.43,0.0041764,336.99
1MnP39Pcsd4F1kkqwKBRqW9D8Ri9LmSmzF,0.00409629,354.57,0.00409629,336.88
12ygdciBwncKE5oKL6cSeZEnduajANQnrU,0.00349095,335.32,0.00349095,336.57
18rMoiz7ywWWZcNA6SsjJAxJKfdu4RDNsB,0.00343865,333.02,0.00343865,336.56
1FnFrjHkgUNvt1S3pmk7jKSsbqJTYGXSp5,0.00516107,339.61,0.00516107,335.87
13pS7Uwa1SpBUANGVFdZeUZgwzi5X4rcHB,0.00349895,335.41,0.00349895,335.3
1PBjXxPfQuwMqBP9nXXE7y6q7A1H6CrxQ1,0.00541203,341.56,0.00541203,335.2
19Cfx6jzLnoGqCbbnmYs5KBEsJydynxdLM,0.00359364,330.56,0.00359364,331.75
14xyCbMCHq9x7ZHQnoHGry9oqi37ufDCs5,0.00475755,332.98,0.00475755,330.45
1tfdbdbbGTV5d8SmEoKRg9XAubkwdYpNo,0.00343112,323.96,0.00343112,330.29
14brNupzdTwicu6YkpoA9WzrkVYme1XXLA,0.00421906,325.22,0.00421906,329.65
1FuDvkkpQqksJ6DkGxsYEfQWuAwm3988x,0.00336524,328.61,0.00336524,329.08
1MeosWqGrMAqRwEUAGnD37HJRz1ZiZem3r,0.0035117,322.69,0.0035117,327.88
1JJzYQGhyUm7oBiHyELeJ21BqVPmvNtaQ3,0.00508316,330.51,0.00508316,326.77
1LxBV3aCzokhRJxC6o5cYPS5vGn8zKppEL,0.00349393,316.61,0.00349393,326.71
1F4xK4k2ZXK6jiFRBRe9NiiHZwGNnGT8Kx,0.00348135,315.66,0.00348135,326.05
1LmFEV1A1PC3UYhPPVpscnqYFsmDuaCZAA,0.00368505,329.15,0.00368505,324.25
177E78Zhg8hBEurbeQ6vktSphSBEea6SH7,0.00472522,324.96,0.00472522,323.33
1HqwsepKKXSf4bK67MVV5G1FeVtCfGSmm3,0.00332813,319.44,0.00332813,321.31
1Ci9hS8AuA8ATdZ2vZ827qXJtBB59TsFQi,0.00513548,317.55,0.00513548,319.98
1HfhokKxD1eZrHKNZRckyvvuVUzW6Xj8bi,0.00394465,312.16,0.00394465,312.36
14XZJNRiPPHMayfPPX4kbynqwRg4DSfmj2,0.00387925,309.35,0.00387925,310.09
1AL8so5sR4cEbS9XSGfxJTM8trn3Zq6XYt,0.0041284,308.65,0.0041284,309.93
19FzyP1ASGQwqFB62pav11vFKJ11cC7R1g,0.00314725,309.26,0.00314725,308.07
141ifMTVynxTciKGfMLc3RDVdfZ26nhPZt,0.0050447,312.04,0.0050447,307.48
1BQkPdXxdpjgEXkRu96qh6xuxRfjzsHSRa,0.00315439,308.4,0.00315439,307.05
1JYB149hPmavpGBfXatwDDC4eVEJa4YXyZ,0.00454853,311.41,0.00454853,305.74
13wRQL7Ty4GgQWDwUAngY6Bn4azeYyW4bG,0.00483271,303.65,0.00483271,305.46
1LfUXDjRySooiRnrCjmKrDo2ArS5x5yStA,0.00317366,306.14,0.00317366,304.99
1ksFRC2tPhbFRftwgw8uK9sa6cxjQdyFw,0.00467442,305.01,0.00467442,304.18
1Ff7hKdibCnF5SKbzRbgVLkkK6mCPwpcXk,0.00302319,304.18,0.00302319,302.06
1A2JhXtL1rNLyNmwqvCtB6Hkv9zZqFSQsb,0.00298153,299.84,0.00298153,300.27
1MamCw2LdX5TcV9JXr1vL4E3siDj3n2Vof,0.00451351,299.53,0.00451351,300.19
1CbjCaogstHmYfcuNqrMwihWxXerRsxy1x,0.00307,299.68,0.00307,300.06
1NJ8sTSPocCPby2hpQbBGH5XiMq9Z16Wkj,0.00473374,292.08,0.00473374,298.31
1HC7pjYLr3QYEZSB4y47MNEbuuBnLvouZX,0.0044,303.74,0.0044,296.67
1K6XyCQniX5buNzq1XHDiJz2p6Jkrb5nMy,0.00324742,296.11,0.00324742,296.26
1LP2uooVZMwFZrN416AVW3VtUrtpSERS8Z,0.00376622,295.7,0.00376622,296.16
13UD4vaKsdEHmwBtfaPiCAoqJzJwbiYusS,0.00468299,283.96,0.00468299,295.99
1Fujs1GYa2ZeF3L4FuYP8eNWzEst2aucY2,0.00434352,286.04,0.00434352,295.29
15vDRRr3b2DdtTdsbvPvtXo9q7tghUVwPk,0.00307,295.61,0.00307,295.04
1DVsLQL76DRUyuhS6hco3ysena22vsveuK,0.00325869,293.79,0.00325869,294.9
15XstQ6rGrU8pNiYmxAa38cBbx1NjBYGBD,0.00384388,291.59,0.00384388,294.74
12NLhvERYySZmsQ7bidtjHFCuXeyKxtUHo,0.00429555,290.47,0.00429555,293.94
1CmDLq4RyHh2jLNhkBSqJgs1964qnT26ez,0.00383337,290.89,0.00383337,292.83
1FMdD4sdDaweNn2CKMub4HAG3CEwUSQE71,0.003,289.22,0.003,291.56
17K5GtSboZ8XaMorYjHRnV22WszQ7GadYb,0.00286349,286.36,0.00286349,290.42
1H9oXMKfqh8kD7jnGtHc5bTBmRqAgHPqzP,0.00297097,286.59,0.00297097,289.46
1HhyBp498PU84hceqSS3CErx38J9wvZNSg,0.00357568,287.75,0.00357568,289.43
1MByfEYPprUY2Dmko59ecD2ArQcz4wXG7G,0.00437573,287.28,0.00437573,288.31
1DLmGpUhrUd1GRTpt5CCHNiqVBhw1Cffjt,0.00360062,283.6,0.00360062,287.92
1EehEA1GEuAVDTE7gJ3LRTgs2GbA1q6ip1,0.00302225,281.63,0.00302225,287.17
1KRoakQcF8ytmaQXVDGPQ7Kq8TbXLithEG,0.00370923,285.91,0.00370923,287.08
17S7cTxXWD74PXbhTp1ydiRc3kjkv5hQKo,0.00425526,288.36,0.00425526,286.46
1H5qoYqiNgn6beWYZWF2SUTDY2MUnF3idc,0.00324673,283.38,0.00324673,286.37
1CPiYDDTtagnFbivtwszPNEJnAL7gGMYdN,0.00416585,287.78,0.00416585,286.09
1JTG77frY9G1HAznGfghYHBn6LFxKJv8qH,0.00379823,286.62,0.00379823,285.34
1HUXboopRoxzmMXkno9FFtiuJ7XEJaPTza,0.00445885,285.87,0.00445885,284.72
12zxnqgpuA7czDw6u3siYdUaRmQ3swDf4q,0.00279576,279.97,0.00279576,282.41
128of9tHbNn83EHDwV4bk7wTPJmUamgJSz,0.0028261,285.67,0.0028261,282.01
1CdnHQDJXn6E1Stmxhhtyre2bdzzAFoQd8,0.00368255,278.3,0.00368255,278.3
19YHvc2ndNRE1EJY6wNVVvmdr3meHanTYK,0.00293311,277.22,0.00293311,277.03
1DtM4V7UZQdRHoAd3B861KaA1DpYgkigWt,0.00286485,272.44,0.00286485,276.22
1EDQAYiLYHQecicQUujVebVdFBuryV79bi,0.00299966,280.7,0.00299966,275.69
1A8zH4d92fvAwqw2vUvX5Gtxy7k9yqn68L,0.002789,272.64,0.002789,275.18
16CgtVZb7gwc33qjcDVosBHrVg4pzKpkQk,0.00409347,274.57,0.00409347,274.57
1BJd168KvwYuszeLaGvBXfdawVLVP3oki9,0.0028,273.94,0.0028,273.98
1NmDLGtaaD1DEvxc5EjKzzDMq5s1iVm4YT,0.00266921,272.99,0.00266921,273.75
1PecdTXjApj8E5e7Ar1hS3Eo9b8GzP4MAK,0.0031346,271.75,0.0031346,273.37
1JSUpDho3DDkrpBHnBgFDKpHUC7WSL95fW,0.0028493,270.41,0.0028493,273.11
1RHVsRNJ7VKVaGWrJn8v8L5njYj2vCBCv,0.00378881,270.59,0.00378881,272.54
1G6kk5fq8ZkBXuP2B1RbiBVrWUTszS82VA,0.00308993,267.57,0.00308993,270.65
17MpQEkbG3Jva5svHXHeTCgLjkRftF8fpu,0.00273016,268.42,0.00273016,269.99
19NF917Tmvbio7vvW5cr5rgVJkqpkcG63s,0.00439226,271.51,0.00439226,269.64
1JtATkd5T3xbS9fiHhVTAUR3Enbq3MGgMv,0.00285643,263.68,0.00285643,269.32
18ihBjCSaSeWewMGCcpsmRXAWL1CcTizh5,0.00271274,266.71,0.00271274,268.27
19cQT3S7St5NpTL7HoaaGqbj5rvBgj8sVi,0.00403959,265.08,0.00403959,265.03
14mTGSHoazmv8tKNZZxrN7CBY1NNo8gTW7,0.00278306,270.77,0.00278306,264.91
1AAJLg2fCszYGFFmVjNviEmyZJgoANBUbC,0.00326935,263.26,0.00326935,264.12
1MnyY9ctN4w8xrGPxdZZbDoTsKApp7Xgsr,0.00275895,260.03,0.00275895,263.13
1AviUC2eT4asDmUfoYWZNGC18TJXeEzQ1h,0.00273206,263.54,0.00273206,263.1
1LmYhqwKqmTG1VcwXr1oRtHAEFn3nV6zJE,0.00274,255.71,0.00274,260.55
1E5QaEzxeRZQYDeTYtG6LT4JVmQJSgHxRi,0.00384524,256.5,0.00384524,259.01
1ML2p3onPcb4NwtCrnG3JCGABvGT6hpFTR,0.00337873,259.48,0.00337873,258.5
1EwktiCd7cejAPYrTmobDebvj6bhm9XXz5,0.0026087,257.18,0.0026087,258.32
19Loxgjh7bzxpmboSNLLAyQxS1SRMAPBYc,0.00272087,260.5,0.00272087,257.74
1F7xTJPjTyBpoDxaLXtPoZJfvNP2U9UQnF,0.00370302,256.89,0.00370302,256.89
15ay4iQHQ9hxueBZnsSKdDxnR8XxXL9NhX,0.00325561,258.7,0.00325561,256.48
1Mo5tUiUpv2z1HaqzMYzHyDkzcSX4CrkzJ,0.0035927,256.45,0.0035927,255.39
1MUwqF5sxfywjLjb47ANhfs7dnSFYFBDM,0.00378378,258.73,0.00378378,255.13
1XojXmnSo2HnVihq4f5meJrkcDhnyBqot,0.004091,253.99,0.004091,253.99
14exPnipVXqaNGaeqnjwHUAF2QP2e2WDbX,0.00385338,251.94,0.00385338,253.38
1H6YumLQGaCy6RnZY5tN3mnM1oyUerioQt,0.00264288,261.59,0.00264288,252.96
1CNBwDB1Cv1jAEFRiLysPCTsqpi2kLKap9,0.00350485,251.91,0.00350485,251.98
1KQwCAw5iWE9NwME5RPxvMy4rmBpqcT1dn,0.00255395,253.77,0.00255395,251.83
1PgqCMJFhEZJacN7Aa8YijjguofcA6QiVq,0.00262508,251.65,0.00262508,251.07
1K6dt5CKjf4Pap6iyq4vA3gd2hs49RBwVM,0.00275028,251.59,0.00275028,249.64
1AFbhtx6oCykUu9ZGanSxJo6kxCCZUdv8i,0.00273922,249.72,0.00273922,249.25
1G2hkJSUZHL5xKEYbnoUT6x1vH6BsCEH1N,0.00382724,247.55,0.00382724,249.16
12wmaZqy7DGcXBaKGaKtndhL9T8A3CR9nE,0.00305517,244.75,0.00305517,249.06
1GyJWokCW4HaQM7ieBY7zW51fqSEhfXXZw,0.00307555,247.88,0.00307555,248.49
16NZcY1S19hjhzxCBKdKVbbeK9eW9CeKWp,0.00268677,248.26,0.00268677,248.23
17ukgBD2JooWNeQdTXs9ui6dWSxADafK5o,0.00243107,243.12,0.00243107,246.56
1G7ryJ377TBpCY9mynETRWq5nWuQ3CQccK,0.0025232,255.12,0.0025232,245.45
1PKrzNxjcfkfyHuuABMfJa6RBxSc6adMro,0.00284272,236.11,0.00284272,244.3
1KmzGgrt7ncVALqgR78v1tpxUgMjKa8D8L,0.0027745,240.83,0.0027745,244.16
158FQ3uKgczRvxGysYYgh4L7zWfeFJsTG6,0.00258744,251.53,0.00258744,243.99
1MZqwbUk62g5Zv5JfpNAXisywjpYKVeH3t,0.00380147,241.82,0.00380147,242.84
1LJU44VSdR13PztvtRDMp6jzxfCQG3xyUT,0.00386171,239.65,0.00386171,242.59
17fu34GnRMrX8YgjiiGPEkZ9K7g3wjRnM2,0.00358304,241.66,0.00358304,241.76
1fpxvoFEgTwsmACKs2BgB9c7JhQb5DL4a,0.0025847,241.6,0.0025847,241.6
1JCGzijGbopuo2YiH2xgu4C8oHvN8ZajBu,0.00249774,237.87,0.00249774,240.09
1G5RkE9ivcHnt6etWGGTRVAKoU2vBUr2N6,0.00260055,235.44,0.00260055,239.64
19borZA1fL8it7APfg2mhYpkKWQbdqcLpf,0.00247059,239.47,0.00247059,238.68
1FbiX5FotSZWSqneBKjSwvAorD3DPrUsL8,0.0031459,234.59,0.0031459,237.67
12BJrxTy252WT9LMxGfFUsP5sPfQz4H2Bi,0.00250841,243.2,0.00250841,237.61
1Mks7x9tzPqwdjFdwngVvWnuUq2gygkPGS,0.00240731,236.45,0.00240731,236.79
19Ag24JoL5MGiqGGTuFLCT7FeZLTPxs9hF,0.00249639,236.01,0.00249639,236.0
12ExQ4shFVYdLAsGPMPzjT2b7hvjZcCUvX,0.00258428,236.93,0.00258428,235.96
1Ds9QSL5XvZaNGNsJ7trbNfZedEEZunhUQ,0.0025355,235.27,0.0025355,235.27
1KNewhmZaHoBX1eYrER9pXQTqXsMEjyc8j,0.0027117,236.42,0.0027117,235.17
1mNNnMHDJwXTEAdKsLwXGR4PWQNk4UQ1U,0.00351602,236.34,0.00351602,234.96
1E5gFEwqhNzvEDZ4qFLk3mrpPmuCpwrjV1,0.00250758,233.57,0.00250758,234.84
1MZUf6gidm15cSmh4Ab4UzntCtjPVUNuFf,0.00349241,229.41,0.00349241,234.62
125TwqzbTkxMPvJR4gqVdKQA7Pjrd8KA2G,0.00233419,234.58,0.00233419,234.58
16LTPPmLXSHZk6MDXLDKdtM5zFYBX7Zqua,0.00305577,232.82,0.00305577,233.7
1D7cdFCBQd3LBgGdvyngdjU1t2tHpS5Wnt,0.00239589,231.61,0.00239589,233.52
1Kpg3PQCGL3oqeNCwhXRzdqbsp6FoYgz8S,0.0024,242.66,0.0024,233.46
14j1RLYkDvhBgotTx5sTDwE7DmcbGjsCPq,0.00237489,236.12,0.00237489,233.17
19g2zoKKqxFYxdQxdonhkjVYakyPNDJzvw,0.00262002,227.52,0.00262002,230.45
1D3i39uBUBrFeS22shd8jJu5hoMMor4mz8,0.00268979,230.99,0.00268979,229.66
1CKnciG4Xtxo1P1UjFVjK9iDcCLH4TxLCL,0.00222077,232.62,0.00222077,227.9
16quCByXo78fUZxcGwobJc8KbsAERWXb6N,0.00267833,232.26,0.00267833,226.23
13DJwgG2kEy6V7msGW2VzVpSxFryqj3mok,0.00234833,217.18,0.00234833,225.12
19JQxAe6dui92s1d6b6JASRoATxhYuWn1c,0.0022704,223.58,0.0022704,223.71
13zRyqbYSJ5b2b5LLqKUBLyJygqCfnnkm4,0.00275632,222.57,0.00275632,223.63
1MxVAzEDcbXBJXDHKGZM7eNsTwZvSur5Cw,0.00325044,216.6,0.00325044,218.26
1EsHSQkjUDXWHLRrCp4GPpjzNcqUtbuodW,0.00223763,218.42,0.00223763,217.7
19SBUcqacVH6WJQx7mp3SsMfpVoDTujeTB,0.00247277,217.65,0.00247277,217.65
1Aww5ukB559qEFMyNUSWZYFvdkiak6tEdm,0.00274477,215.19,0.00274477,217.41
136VPSFXdvmRDuzbsH1b7QGuT3oH2r2mQE,0.00300349,209.67,0.00300349,216.41
1GmLkE8JgKCn4NN1N4iaC5rQQBGebDGVQ3,0.00224215,214.46,0.00224215,215.38
1CYjnZ4NDvjZgH7tgRnSYa3hrd6YgLZuQ8,0.0025759,205.49,0.0025759,214.6
14Wsxe2VzQkqUCq5q4KxmVdgZsdRm4wjtq,0.00235,216.07,0.00235,214.46
16A8nd6sTtmtWQGriZZxC5uvTXzWq72fnK,0.00324624,214.45,0.00324624,214.45
17doCi5raLRXrmZoYjuypxeTw9Dz3UiLC7,0.00221123,212.89,0.00221123,213.37
1Cy1bQaWpahKTy4r8mWysxuHKsvp2vj8Rn,0.00241391,212.4,0.00241391,213.01
16VvA69oouobZefDYooZDw1Ggz7QX9p5Nv,0.00321266,202.67,0.00321266,212.31
16AiVFoxsRzTwYfqjeTnTVx7F59xDWvzux,0.0030429,212.36,0.0030429,211.79
1GYA94MCTwTEFiUNRtXia7ZDNdTrvYFxwn,0.00227759,211.78,0.00227759,211.74
1C2Ayz3N5CiE1xekwFgsTyT5ocDurM8S1o,0.00232793,209.18,0.00232793,210.59
1E6d2xegNZjcEgSDnfQ871v9tRU5MTZXHR,0.0031285,212.56,0.0031285,210.54
1KBaDughSrbLXswHLFVA3fgF1o8WCNZv1K,0.0025207,210.15,0.0025207,209.97
17QfPVfhcjgasiWVr7gJWddD7kovz27P5B,0.003,209.89,0.003,209.89
1Lk2Zz5EikvURWNqyEZvXPbEh5r9j1nm4u,0.00212693,209.07,0.00212693,209.56
18vKU7Mr7MLA1Bqub39owML3wuPJgajoUC,0.00234589,214.65,0.00234589,209.42
1P3jdEMbpsSjHMdxTfcbTaSwM13yT3XVB1,0.00341007,209.28,0.00341007,209.28
14tG4g2Z9h4SPSUs5DfttTjhJry44KS3TD,0.00266071,207.43,0.00266071,209.04
13LUSTNVpaUdwxY4pWYkK7GaBMqjAWLSz5,0.0020532,209.45,0.0020532,208.93
1J67CfM3aETXwujDMjVv53Ktn3Pb5EZbpV,0.00219092,208.84,0.00219092,208.7
1EKdrNMEYAZsAdXuBiaN6xXNn2zU6KX7X2,0.0021869,207.78,0.0021869,208.57
1D7FgxTYTitMjxM6GUntPyDZw5v6qJqXCE,0.00263965,208.16,0.00263965,208.16
1Kwe3uFunMFHezA5v5wtWeg5ckGZhsZJyq,0.00250772,204.08,0.00250772,207.92
1E9wmdo6DSPa1ELabjdVS5y4U71bQU8uQs,0.00207399,220.12,0.00207399,207.82
19pGm6tAb1eUYeaf6NP4j6gj6MzpGWzrWL,0.00207545,203.74,0.00207545,206.98
19eHBL4vZh5HAjTZ74ZMaJWKjJjNANuV26,0.00209246,203.28,0.00209246,206.93
1GHk8zipSN6sTz9umNtFS9nr3hmptYjmXH,0.00332308,207.99,0.00332308,206.63
1B4a8totnV6PHirLSK8oSeBiGCSDwie4DL,0.0024857,211.41,0.0024857,206.62
15XNNQojUXifKwvZV8pr4ASBYerkSuapJo,0.002035,197.59,0.002035,204.3
18EtkpLNxgqFLwQX743Xa3pbQE1ytRSFbC,0.00197567,204.01,0.00197567,202.72
1JXEqAUQdtQ5XjMDsJKVoFV34F5RPQUubq,0.00234788,203.16,0.00234788,202.51
1PkJTqv1cD7kdFQw6wXNtvEDMSyLhnqD63,0.00205496,204.57,0.00205496,202.39
1PByfapLiTZ9dE7tstJANG18jQ8ShXoV6H,0.00247107,202.17,0.00247107,201.4
1EvDzp1BkRNz1rUZgGwus8qHNtarwJvEjL,0.00202425,192.06,0.00202425,201.27
1NCaaCBrhGAzbVxoDxhC1JH1obWP2DKZwP,0.00209828,196.05,0.00209828,200.52
184hYmJq2LUA4JGTFkZb5DrR7Yyq3SBDPj,0.00207645,197.41,0.00207645,200.28
1EvP3P34DxUXN9ddQopRSv8Q3LEYU1pi3r,0.00209244,199.65,0.00209244,199.6
136DamB3jrL8D59dfHpPoqynhimTNKQHg8,0.00210039,201.74,0.00210039,199.38
189Cz2iCxvY2GNLHBb3jNR4SiMyiergJfG,0.00291077,196.25,0.00291077,199.18
1Pt8WtEU7UzCqziAVz8RbKxofQcPFbU3ps,0.00307548,195.58,0.00307548,199.09
1FZ1eYuPUXfCio6Es5HAjgCtk76egv5xU4,0.00219675,198.81,0.00219675,198.88
12efHzLHBG51UTJnLGdSBkNiurmbuiCbUj,0.00289426,199.92,0.00289426,198.85
1BMUyHYLJYaVR8BwsFyKW441S9FUaBxtjy,0.00207356,197.85,0.00207356,198.73
1GBMYBqtUYWQv5wnmJg7BdYedEHZQgikzR,0.00188958,196.35,0.00188958,198.16
1Lz74EQLforxXCqksfM1aHE4MGcL4yDhT3,0.00223895,195.99,0.00223895,197.64
1C62embkqnBGBQPNfhePtGFP9iRXDwdbqE,0.00186723,194.95,0.00186723,197.32
1EcQ7wbx1Wq8U7bbtJqbGD6vs2wTfvs2zp,0.00230213,193.25,0.00230213,197.25
1DCLdgEwiHguNrH6fog3q3MQLDtksAecyL,0.00194401,194.41,0.00194401,197.16
1GExk5dUnf2BTcVjRLkEg4oT8NRXFqu4kX,0.0029788,187.28,0.0029788,196.85
1BSqkuQX9QjW1kQEXnJj1MS3W8S8MqbM7e,0.00287413,195.53,0.00287413,196.6
1JbBx2MqPS8thYtU2mi3bTU9JngJGadow7,0.00323714,198.74,0.00323714,196.29
1Fpq9owDpCnsNSZDhwi8Qk1Ep8yZt3A47b,0.003107,195.18,0.003107,195.18
16mCgjJhLkKyDQXCA1cd8tUWLPdVxymAwj,0.00209996,194.98,0.00209996,195.18
1FTZemEVCpos6Cwp5ZYqo9aiDPh3ohX92r,0.00240673,192.67,0.00240673,194.12
1A1t8cxEfgQotrL81vvrCUgFnTt39ZXUrH,0.00286764,189.44,0.00286764,194.02
1eS2swU26n7jvD8tg6aRB9w6QPQXAAYPp,0.00220518,189.54,0.00220518,193.65
17SHT5U1dqmjrJXTdm8w1sYRrJ62cBRwAY,0.00204398,194.35,0.00204398,193.6
1Fnb2v4wSLt1D2MYGd5kw3CaQgpUByYJTn,0.00185968,193.52,0.00185968,193.51
1HqvWkFqpb7ZFzQvNQA6CuxtPAKK4pYbp9,0.00227111,191.63,0.00227111,193.44
1Chw6XUzxE63ee3GKU67zHPawqkpuQj89Q,0.00201795,196.89,0.00201795,193.28
1D3Rk2EnFxYYg7doDqEED6E1RUxigFRWh6,0.00215659,194.2,0.00215659,193.13
12AsHd87rfEJgh5KmE4n1h8Dq2eFjj7rZk,0.00194119,191.52,0.00194119,193.01
163xc66VSDAngAVfP7hMTx92JWpU4PyPHQ,0.00248356,191.0,0.00248356,192.83
1G6SdwkWHbSHbqkEjqKpDgWrMzwvnoKz9h,0.00193711,192.61,0.00193711,192.61
1MjiPghMu2Ptq1QJ8Vsc3ueqbpVMwicDvX,0.00181227,189.32,0.00181227,192.34
12EKtfDRw4vT8KHcVpNP9yFZrarv9eZav3,0.00183395,190.24,0.00183395,192.06
1AsxMVZwQeYiMHjxgMH2VMLtC9VNS6dgoV,0.00294205,187.83,0.00294205,191.65
1EgVXwkRSadrRuV8TPHGZ5ifNXB5hFBBpy,0.00200748,190.76,0.00200748,191.64
146CQX16pUdSDm4iuQJWewGvxQUfpzdX12,0.00194065,191.03,0.00194065,191.51
1J6azb9bQUKa9KJnqnu3iZXcdQDWQ7JkSy,0.00302415,184.24,0.00302415,191.15
1928b5fNsWV1KxeShPWuSP5jLxUJu9UzjA,0.00183647,183.62,0.00183647,191.14
12JXvdDQezTeMErxzwxWhb95dMBCpxzRbf,0.00194184,188.28,0.00194184,190.62
15EFwhiYLZxs57ygBiGiEddACqNWKzvF46,0.00279977,190.6,0.00279977,190.39
1ES6XTT23h4PnLH8uRtPtQgdf19Lkq9S5c,0.00263007,191.3,0.00263007,190.27
1Cho4Ne7KWC9UywPbfYnqT3eaut6TzVKhL,0.00230242,187.49,0.00230242,190.03
1DLPaczudLYpYAH3WpzRrrtUntqi8uB1Qo,0.00181329,188.1,0.00181329,189.89
1oRLiMy6EJJKv8oZAGkuTKTojunkkPkyE,0.00182167,182.14,0.00182167,189.59
13aEfgebZ9KPqbpfsTVD9GyTpuATg7FocU,0.00193609,183.34,0.00193609,189.09
14jrHsbyNhfHHQuKbNqfHHCEbpbyQ6EjAG,0.00184498,193.21,0.00184498,188.98
18RowYDBZ4Nbv4TgP67Cs1XsCeA6Kdcj6b,0.00193927,196.08,0.00193927,188.65
1HxDfvagdonaonWiHg82HE2m3jS5QvWFAY,0.00261755,189.25,0.00261755,188.47
1B7AWYxZvBZPihUSkz61NvNiPbrmEwzwSG,0.00226952,189.41,0.00226952,188.25
1ARjzCHWdv2RrpxdKUSJA1sLmFHDRWRs1P,0.00277112,187.69,0.00277112,188.22
1FF5f2reuz1MmRN2cxcEqTnDtGFfqsyir8,0.00310319,192.9,0.00310319,188.17
1CD6GmXffvR5TZgfxRU1cZvH49jLhaqekK,0.00208,187.33,0.00208,188.12
1BVcfbUtMgxVKK8zA4J63BFiJWfcpqxfiG,0.00217955,188.67,0.00217955,187.37
1NGsLow6jG6z9mQg4krbm1BXqayR8i35CT,0.00268489,188.73,0.00268489,186.59
1m7HteVRQNgYa4P6PxjKHXSyFvp4bfnu8,0.00185995,188.72,0.00185995,186.2
1EtGB96UtosvNwEzGCcA79ijo7nRnfZT9p,0.00191211,188.96,0.00191211,186.03
1MW23sPSWDwApZJwXuHnXyXaL4D8rdBEND,0.00279913,182.08,0.00279913,185.14
15oTwVHizA7b5JTNidTKW7CKbov1vSxp4Y,0.00267604,185.26,0.00267604,184.61
1MZJJLfeg75pqtN3cCZoY9p7Q8JNgkGSsU,0.00194388,184.3,0.00194388,183.64
1ARMrFJhf99rubyAZh6XVgJwSXekm77Sge,0.00268194,180.82,0.00268194,183.52
1HbJNN6zp5dKpi2yFBkDweSHhiUf8MLvaH,0.00172894,177.56,0.00172894,183.52
13XSmLSmbFvKL4vUqngRzxrwMCzEemt9vb,0.00183278,183.29,0.00183278,183.29
1AoqTnAarXfyFNrJFdYifrcx8bEXXHHjYd,0.00226232,181.82,0.00226232,181.82
17ZmbeYz3YeCm66gc7TBvtATP2RWspshGv,0.00179276,178.9,0.00179276,181.27
1HPbZV8CZ5nkPnMKMmPRvJQWyrs4XBQKfN,0.00190127,181.21,0.00190127,181.19
187iTePwZrQZ4Kwbx1jUQ2mTZJ9nFyY63X,0.00184601,180.36,0.00184601,180.36
17Ct2vtUR4LDbC7nduFW7iVaKGaD1iX3Jb,0.00206304,180.16,0.00206304,180.16
1LPQKWfLg8hfkmzw8AU1bv3L9TvYN6K1wZ,0.00261924,177.11,0.00261924,179.23
1CFcewNreHDYZfPVETteXA1gi51j9oUDCu,0.00181007,179.2,0.00181007,178.96
1JAH4mRTAcR1Dqq6S5Cqu2GoXvxN915Fzz,0.00195295,180.89,0.00195295,178.37
1HjTxUq3jCu3HkVMz8wCAwvuFhrjAjKGiJ,0.00287215,178.32,0.00287215,178.32
16CqakKNBBZKcCuHGpPCimUQisrs6g3kzY,0.00202019,177.7,0.00202019,178.29
12hzwF9JTSS3zW3pbfP7n7C6th4t7qxPxa,0.0027186,176.98,0.0027186,176.15
1N8oWXxuA2nis5dhRXffRGSrWmiHjGmMWq,0.00275701,176.14,0.00275701,176.14
1FRwujccmbTWPpFMHE1peobhYz8Uve9Hsd,0.0017306,176.66,0.0017306,175.37
13K76v3BLQfmh8KNnp1u6QC2MjDFvTcsRE,0.00282687,173.86,0.00282687,174.98
1Ey9t2waeiBR8p9k23xteFLGwJYkfWbHo7,0.00184448,174.16,0.00184448,174.94
19gy4ejcqRus8rA2K69zGwkdwKekWhgs7q,0.00192096,174.11,0.00192096,174.92
14B5FuJVXogxMNnZTvmYPXS5vWVDfLtyPH,0.00239883,173.3,0.00239883,174.78
1MtiVDfvgYJMLxYRcQKYFWPmFrNzUi7bSA,0.00280055,173.87,0.00280055,173.87
16snnPWSaTpGNb2E8PmM3cvUxVyHLzo2Nf,0.00213633,174.75,0.00213633,173.87
14tNrgBcC4df5KexoBWAShRdDg7xPK5cqn,0.00214703,172.79,0.00214703,173.23
18cYjq7YcvhRd9i8MANk2GHmisVZ3A1sNT,0.00275236,172.65,0.00275236,172.65
17EJoPESuAP4TRdW7oMSUjKHRMHFD7YWmT,0.00168213,167.51,0.00168213,172.6
1Ea89x8SAnsyNR3rx9o7tPW6Zz1GWxC6Aw,0.00183023,181.98,0.00183023,172.59
19oAzjfSvh2KZvFf2QfTrFuDrUUeUdEyH,0.00205261,172.07,0.00205261,172.22
1P7vr1txSF9hAUgmw7GMGzJvLsyEMgAmTx,0.00251713,172.01,0.00251713,172.13
1HiTnGg8BnpmvGkuf1SyoxDBi2psS5wtXk,0.00169992,170.88,0.00169992,171.88
1MY8GEmfqGRqEULmreJ3TrRsyvo382rsJn,0.00273347,169.56,0.00273347,171.38
1NCYvtnd3WDfoiUPQu7cuZXUT2dyFyPXuB,0.0019,167.89,0.0019,170.51
14wz33HfiV95WwJimcZ5Ww2jPfomPeVC7p,0.00234164,163.83,0.00234164,169.41
13NQ3HfdQ5M6rEaoA7cvyWRfpBEdgbSNQi,0.00172832,169.68,0.00172832,168.1
1MVK5MdriC4nYmKN3Qiez3BwXNi923cf4f,0.0019882,162.89,0.0019882,168.09
14idKe8vFX2mbqNPoN3EjQZUrAFGxQR6HU,0.00165625,166.63,0.00165625,167.98
1626myD1BT6ZFo7fuCuhZ952G2QvUpeYSq,0.00171124,168.08,0.00171124,167.5
1GPHrAWcd6kQorbEuNGrvSq7gn9QaP29nY,0.00180244,163.21,0.00180244,165.59
1LDHgjCuRzzJpGRyoaX6otgCsxJcd82ewu,0.00171061,161.45,0.00171061,165.46
1DzR8zynMm7iKjoWmB5DmMg6LJcSGsJunh,0.00165,165.15,0.00165,165.39
1GgJqi5t7osyd48u95SGfFmqXWBNHWGV4z,0.00215031,165.43,0.00215031,164.84
1EuPLwNsYDx5csNyifL1a7MbH2Ryuksvc6,0.00166195,158.59,0.00166195,164.51
177UxUBpicqomTVGu5AgAq392VfGADXute,0.00171433,163.71,0.00171433,164.36
1N6JRWgaMpGveFSpT9aobwBz2WDAbFyNvE,0.00159498,163.49,0.00159498,163.85
1MYJ9oQExChQgcsNNLFUmD7kRtKusqjhFi,0.0016,159.68,0.0016,163.82
1HeHJZHkUsKHZqnYVuiwqScx6mrzukwtFs,0.001698,159.15,0.001698,163.69
1Akv75SuofjALR9327tCbCgpTtRFeBbwgV,0.0017,162.02,0.0017,163.11
1DRxsRQq6fa1nhyKAAg4XKKq3vgcyRkF4Z,0.00259515,161.88,0.00259515,162.44
1FYJAfcKCVW2qw5QbMmubx39SQuTkqTvdx,0.00169263,161.21,0.00169263,162.23
1K4m3njJ7thYwwyuSgKqPtnVznDuvYhYr,0.00152837,159.66,0.00152837,162.21
1Mvcm2tdn3L42ZLPMmzVCbEoYxYFp44JXf,0.00210489,161.69,0.00210489,161.77
1NYCmDhEYiehBr91AFjs7JCzyq4Fhf9bPT,0.00227565,162.98,0.00227565,161.66
1FsyMYTSdGtC4ZyaYSbubpJTUVdcHdrMtF,0.00242262,163.35,0.00242262,161.51
1Q4ehNYuHNiv7wLp6swQmm8WREMX79gMXn,0.00235919,158.24,0.00235919,161.43
1Hz9BNHGJfPRp2EVAfveETB2rqGRr2FxW2,0.00169986,162.16,0.00169986,161.02
184DauWGHaXnWLUeTJr8vzSTGeTWc7q4Ev,0.0017703,160.41,0.0017703,160.92
1Q8U97xuZ6LkhJLiAj4w4kh3wJyX6yts3S,0.00234321,157.98,0.00234321,160.34
1CQwFhcDrobQynxg8mUEdiZSLKJHFKZs1b,0.00179841,158.9,0.00179841,160.25
1H4ZSmvouHgaisqTP9cES3EB38CW5iDbu5,0.00200251,161.59,0.00200251,159.98
12y2UCRu5rFTy22zntLYWWrRfaJhj9x9Wj,0.00169239,158.66,0.00169239,159.93
12jv376B1awSCygWESCsw7Q8gLoWgf6CjV,0.00201181,158.54,0.00201181,159.31
15jAfh3WkGjyTnf6Y3kWZweEHDHumpqAkD,0.00166659,159.06,0.00166659,159.31
162eLGcfTVPfPijv1UpLm72LGXWPnM4K8e,0.00167564,158.73,0.00167564,158.73
16B3poPCCWdtsZuyzX7r7qpycyWRPCUTAz,0.00235318,160.91,0.00235318,158.67
1Rhre5KT8gkZYkMmkQbLiarQazbP2warv,0.00173474,155.59,0.00173474,158.38
16m1GJdhwqjMHQBD98SYsLfhfBi5oVog8f,0.00231016,156.68,0.00231016,158.03
1Gp4yArfo3Cr5m8DpHBWSLKmyidtN4QrLB,0.00159801,157.11,0.00159801,158.03
15hrAJ7ZDrkinxp1Zy9xoZpqXk8y3Q22Bo,0.00234116,157.73,0.00234116,157.72
1MbUVFyaGV7yjJz57DWBYRhVh9UCBi1Zbr,0.00230036,161.79,0.00230036,157.49
1HpGn3TAgGBw5yHQnX183papk6eCPpzTJ1,0.00229764,154.22,0.00229764,156.89
175YT78twJ6zfsdttupAnhXCp8d9zj1svc,0.00161136,155.73,0.00161136,156.86
1NHLAKPmTzQpk3RGmH7aqmDc8EuqSTZaVX,0.00159658,154.84,0.00159658,156.82
1DuwrHBAEz4utz3iDjhxYEaFHQjAuWQbtw,0.00183637,154.04,0.00183637,156.44
15CigPZxDfRtRCncyghSVHAbVyRtkJDie6,0.00172763,156.29,0.00172763,156.29
1EdF2WEizydeqPwJUxxU9pnC1gnK8PLAVe,0.00223232,156.18,0.00223232,156.18
1KteE7yxLkdABtFNmM2GyBTbGevEP4auT5,0.00158655,155.83,0.00158655,156.06
1BUQ75X7PMtuCkC5xLPP7fe7LMJA1CXGvt,0.002304,157.54,0.002304,155.35
1AiHw6rAodZyJ1fvUbYuwqeYJvwzxZVwXd,0.00171618,155.47,0.00171618,155.25
1BAS4xxamfFp8xD98QtQRH5R3sYP8mGgR4,0.0016143,154.12,0.0016143,154.85
1PUV8oW5tuBMVnJtc1JbJwoyQBM6w7msDd,0.00208011,155.18,0.00208011,154.74
1MZVsqEmnonDPuLmVxFUDQSEWBwp2Ubdz9,0.00196345,154.86,0.00196345,154.69
1CZJFzbdL3sAX53mYTi3VTj15aYvREcjKL,0.00201585,152.92,0.00201585,154.57
1NwvGm63wynRH3GCmY26YykTndWhLy9KeX,0.00164831,156.02,0.00164831,154.49
1NZD6Q9MdrXu9mt7atibmVuE6bB2N2MKdQ,0.00248956,155.79,0.00248956,154.4
1LbRTAUpv4jbSBUidxqEpKmDrzMNrj1ZRu,0.00166321,155.91,0.00166321,154.33
18tQfhrywyUihxsBgawqYTxMBq6Db4jp85,0.00154309,149.05,0.00154309,154.32
179PMpbwJZMfAknKVmVUKx5E3184E2aNU4,0.00194737,149.58,0.00194737,154.17
16kFXayyY4pzBa3o8Dn3RUbjYstj6C5jwD,0.00162864,152.4,0.00162864,154.06
16nZDhC5XCPiYWMAnvSCifzPcBDbZA9fFH,0.0022,154.61,0.0022,153.92
1BR6CzcZ6Gb1KeJejtv4YiUQDqix5cqQBM,0.0024328,146.76,0.0024328,153.77
1YJapTqzAosukSdyeZrjShJhPSpPupumj,0.00161,153.43,0.00161,153.43
1D1je1XVnHgDba2Pcj661P7Q7U8924QHqJ,0.00229982,153.33,0.00229982,153.33
115oyz9StPnVJAq5vhNaJPwLzBo66bVbAR,0.00150972,153.12,0.00150972,153.12
1JkjmQRkxYHXkY1jd7SJ38ekzySVXGfqq5,0.00244647,153.16,0.00244647,153.07
1Ce6NXwEfS3hHnUtQg1GkWUgxCP44VYU6o,0.00164914,153.03,0.00164914,153.03
14D4EakXYidbXq44WKdDnPqA4KQWQjocYy,0.0022289,150.57,0.0022289,152.52
1Ws3XS9fj72rX5xxdVz6f2yKgxrcTbjEk,0.0019501,152.17,0.0019501,152.5
17urfQvd8LDNH7aRzZSsHTvC7Pkfh3Zoo8,0.0022466,154.51,0.0022466,152.43
1NHqSjGYUmFZysQhVWrmxVyKdjRP3WLuKF,0.00153168,152.27,0.00153168,152.27
1KgD34TXktyVXiFPbz6HHhQDoVUuxHL9Rb,0.0021872,154.54,0.0021872,151.17
18G3bJx7wDgMXr1pSoFkf11PVSsPQ14gh6,0.00209849,149.53,0.00209849,151.02
1KsdGN16VVvCjWd9XZETnnAhtwPvqkHWcU,0.00145,150.91,0.00145,150.91
1JGZYaaMkkAhrzDunnVYyAKdHfFL9gUraq,0.00160692,149.88,0.00160692,150.89
1Ew8MaxtFUYT1SZFbTkoAtxQc4Fb1AMy8f,0.00157928,151.49,0.00157928,150.75
1MnfyLUz5eLggXootwvXofbYnh8V2bfED1,0.00165588,147.81,0.00165588,149.97
1G25JQCHtRDs9Eb4bQmq4q9r6D3s13BJMQ,0.00222226,153.41,0.00222226,149.84
1HnaD8B9McyJmRtzo4nFz2rjU3Qps1v5TQ,0.00157169,146.57,0.00157169,149.57
1Ats7RdfySqLwwo8upE7xumSgEvBZHp3aE,0.00195586,146.0,0.00195586,149.32
1PgHNiZNLaMxLe4NjDVRRKwHQu65SccFy8,0.00146157,150.87,0.00146157,149.31
1JSonkFSSTwUM8T1pjK81KmnDTA5nayNeh,0.0022,151.16,0.0022,148.75
1Dd2UfnkEkC6ibLP9LZL7TWc5wE6ce7UAy,0.00203181,149.22,0.00203181,148.11
15dFJuv4mCqopzxvGN67fLgQKsPMgpSLBV,0.00142497,148.82,0.00142497,147.43
15DXmCJow4VA16ABzfzifH4fwQ8qrtKiHx,0.00148667,146.37,0.00148667,146.93
141pVGfRnSn665Gjs7rgf8qRhF6yAWr3uB,0.00151809,146.1,0.00151809,146.84
12uJsbAvWMXvtRj21MQE9uMTnxSQYweKgZ,0.00143606,146.82,0.00143606,146.82
136q9Hhnced6rKRa3Hcpuq3ZiAfcxGDAy8,0.00152893,145.06,0.00152893,146.79
1D8Qn2XB2VM28AyPqGMGcnD74Qx6FEyMa4,0.0014778,144.67,0.0014778,146.7
1GQXThdDbxtvAYhTqasmQrHrp7sgBep1TT,0.00155,145.04,0.00155,146.62
1EmdaJtr2ioDGpxmj7DWynwS94QHrRhS6S,0.00169855,151.06,0.00169855,146.45
155JsieDWg54huWqHapXsV2TJWSUcfwXCf,0.002216,146.44,0.002216,146.44
16V427cMSdUU47bD7JVtidhvMjNXAtE6m3,0.00210635,146.81,0.00210635,146.43
1HY5PuqLCqtVa3sHvEh3cEMdDoyJKgBF5P,0.00154494,144.07,0.00154494,146.24
18ub1RV3LNvdCDUsb18pnLC8gVmfCz4zR6,0.001486,145.96,0.001486,146.17
1CywNF6fZzAkvz5XCPqVmFQ8yKVSGoTvE,0.00157132,143.01,0.00157132,145.74
1xseqYXE6HQfXpUBjnYrWHF1YNviptLft,0.00231546,145.46,0.00231546,145.46
1M3anrZgnvzwi8VP6RyTxWMdeBDxLRQvXt,0.00230992,143.35,0.00230992,145.11
1P4Jw9PFBZ9ya3DAoV52LRzyuvCiabq75X,0.00152363,148.24,0.00152363,145.03
1NTUKwV3hxSy6CX2BvvE3GrSjRVyQQjF5z,0.00176075,143.24,0.00176075,144.98
14CYKHWyQMumy4wciEhjz7swHdpsUyVgGm,0.00186597,142.11,0.00186597,144.97
13PkUDQuZixZj5rJyWfSqw7vH69oCjtAma,0.00232696,144.79,0.00232696,144.64
1HwRMFR7E43FkqtDdWYBPdPiYBa6fUp7sD,0.00143446,138.51,0.00143446,144.16
1BptLaEr6TFtWeHqfho6MjNgP271TZmfvQ,0.00135789,141.85,0.00135789,144.12
1B8V2JX9kShEW8N2iQM2fbj7nGsN7zaYmp,0.00138002,137.98,0.00138002,143.63
1PqhXwe5cz7fxbXMsSpfxnqhSHXuoEFhu,0.00167414,141.58,0.00167414,143.57
1HUSPf99hQu6Y3jND9b4VsSDLpV8igQ18G,0.00147185,144.85,0.00147185,143.4
14fyf2SuvDbjgnHwGX4V7CxtSm4xsjiPeM,0.00138184,143.31,0.00138184,143.31
17oD8jBQVKnWk1wNRQUDFy3KU7dDq1rAfp,0.00154633,141.48,0.00154633,143.25
1Gm5KgrVPrN6GQn8hqriGKbNbQTbAEYuJZ,0.00209573,145.46,0.00209573,143.17
1CAXTW2Bz8mFgGsKy8ZBJUWzUcqcaiUhvx,0.00137332,142.93,0.00137332,142.93
1FhPubNuQ2bVsAShkqoz37xexQGHmr5Jay,0.0015107,142.91,0.0015107,142.82
1NPfcuocEVgqnzXZyS2EwsEGPCMwYR2wPG,0.00211736,146.17,0.00211736,142.77
1QEY9x3FNYqsDHhEodwV8ND1JjsbaXMgwy,0.00146336,142.62,0.00146336,142.37
12yFjQNgdVEucgoNPjbqwd14pUQ7x6fK5f,0.00211129,144.37,0.00211129,142.36
1JgvkxD2eHDeLusPY5T93XVWPfx4DWs8pn,0.00214837,141.97,0.00214837,141.97
1FSvXEf5Zvac4jaToxgJn9LG99pzo71CVU,0.00138845,140.88,0.00138845,141.61
1K1qLBwAV22VhYxGRNAndVfeR7HHxFsyk7,0.00133337,135.88,0.00133337,141.53
18SLP9h5Mi2qKAQXB5Ee6bKznEkB8EzQVk,0.00140907,141.19,0.00140907,141.19
1JBVKr6hRzPm6Bnh7WpveSu1ygL6z5RhbX,0.00224494,141.03,0.00224494,141.03
1GSAb2TUUw17Gjq3jstUA6ho3p8JQ7LWtD,0.00158732,143.05,0.00158732,140.66
13pg7bjZhagU76HitFzneQQQkRFkZbHA2K,0.00149009,141.35,0.00149009,140.41
1Dk2muxW6uTB6C4fH3cauBWfaHg22KJktc,0.00141161,141.2,0.00141161,140.27
16j2cooSeVq78KfRoYFCCvYTXiBLSKc7H5,0.00151101,144.0,0.00151101,140.21
1MHBT6H6tbvZnRgoqr2FnbygzmVW5uBQaP,0.0015238,144.01,0.0015238,140.12
1PntwZJkG5SRCwjFpABodEV4ewV5WykL74,0.00205964,140.1,0.00205964,140.1
15UbNu14fta11QRnVUKDkSmfsBkQ6FQZvc,0.00225647,140.1,0.00225647,140.1
1GxdzFJyAw6r91wuuDbYA1n9yeXNduaX4d,0.00191588,140.11,0.00191588,140.06
1JnEctT4T6abSMTxP9u9A8sbDdHXRd1gb,0.00203035,139.64,0.00203035,139.64
13Buu39e9uMbwPVHtfRTisn6rjcNnzZWao,0.00147333,139.3,0.00147333,139.28
1FZGw4B8GvENAxkeykjUxYALRHW1qA7PK4,0.00210134,138.86,0.00210134,138.86
1Cs7wSnmVHSwacqNMXDv4uzqA7uxjVJ3Vc,0.00223388,138.86,0.00223388,138.86
1ACAAQCfqLhEjV2N7rbq6oHeYG5WLSKHrZ,0.00135273,141.66,0.00135273,138.56
13WYjgnBkgguQ1M9sSGH11QmxR6Rke52Bo,0.001385,136.98,0.001385,138.51
1HyR1zxzfifDQLVikHMfxDQ5mmdJhPFZ5R,0.00203788,140.16,0.00203788,138.27
1CdLBDt3WbRajb66HBTcY7bG825RhsfXua,0.00149,138.26,0.00149,138.26
16zZH6Qg4bpq3LvZKARhikf4bd1Hk3bPMJ,0.00222016,138.15,0.00222016,138.01
1XMnqtrmWE91AEwUHx2YcFBVK9WppNuSv,0.0014264,138.27,0.0014264,137.96
1co1mDmnJeGVPwEo59ZeMRxpZCMHA5NY3,0.0013604,137.86,0.0013604,137.86
1BwZyCU84XBQZkQFnUEqDWfzbvgmZD6oan,0.00148586,141.69,0.00148586,137.69
18wvyRF5BePiEqPf6ijgzLc8M79Uyzexg2,0.0014622,136.05,0.0014622,137.38
1BHbD4tK7b2SPbWjvmNfedJesuc3wvtDCY,0.00130967,136.09,0.00130967,137.35
1FTEmeUj9RUuCTAhbcHTDb2f21L7kmLExL,0.0014,138.45,0.0014,137.06
1EbHAVq7i8x4GKadEBZyZA9hTem3RVEHjT,0.0019681,142.38,0.0019681,136.78
18wytMYACK4oXcR2FYDRCeyvPTSgF8yhR2,0.00135038,134.87,0.00135038,136.68
12NPjS6a3jRQWaJNx7qVDKVydmdDqns65v,0.00151739,137.39,0.00151739,136.56
1KsW7wAC8SeoSPJmWb4SWFyBJvj4nVroXi,0.00145109,137.48,0.00145109,136.49
1MD5Ffi85ngFtFQZoiUhNbsA8MZ4KqHUvu,0.00148997,136.8,0.00148997,136.27
16fW4Wu3TEYSp1j1w4nbZrwGw3cK8qTu4g,0.00153634,123.48,0.00153634,136.19
1M8ud45271kYDDvwjAUNJ6XKUKUSGKSSp7,0.00130765,130.75,0.00130765,136.1
1HiqVXXFBCWZ2ks626e18Ms2n53Nen6DxM,0.00223766,139.09,0.00223766,135.68
1DXcMJZfmsQD7VRjfajFgnRXS3keYRDtso,0.00199669,136.53,0.00199669,134.63
1DXk425gzf5ySeFdBtGnLHgbGb2CN44SyC,0.00158673,132.07,0.00158673,134.48
12MRnVBjWNPXNH5fLyUyyim36TjrToKijt,0.00199367,134.43,0.00199367,134.43
1J5b77nSVLiCKdPUQkMHhwqQ5Q4DZBTAh3,0.00137269,134.39,0.00137269,134.39
1K877ibARib8D5Ydc1xPQ6w4v4dA2GXm5F,0.00141986,134.24,0.00141986,134.23
1NfjqdpmokpVQXpp1A6R4xvMpHq1PoFvsq,0.00132644,131.48,0.00132644,134.07
1H3VJE8GgVymHJw4zpB6TqWNiUjX5gN9mr,0.00188181,129.1,0.00188181,133.89
1Eb8gj9v6zvJjxhkPmbfxYmTz248wLxh9a,0.00137141,131.73,0.00137141,133.09
1J43txUHT4YscH82mw9H972ZALuiCEiuzx,0.00136727,137.01,0.00136727,133.02
1Chesbn9stWudE82JgB4MqynbNYVBqfZZt,0.00206559,134.02,0.00206559,132.91
15XpYx7ArdaYbiEFGZjBw3HNBrU9K4Z3im,0.00197782,135.56,0.00197782,132.9
1PuXZLWkpMcLfY29UnqU5mUEhjFWAc5aPB,0.00211575,130.7,0.00211575,132.79
1DpxiCtztyezna6ybK18fvoVRGsH4GaBhN,0.00173191,132.25,0.00173191,132.46
1KX5LR12it1RzwYb8Rr1b2g82Ew53qWj9z,0.00132107,140.11,0.00132107,132.38
1EKUzKWxxYAqB3nb9F4eMXGxyMuD9zTuEY,0.00191694,130.36,0.00191694,132.04
18wSfN7TYgnMDnsXUWYcG9QwEz6kXN7qPz,0.00190207,131.96,0.00190207,131.96
19Foog4eL3EFi89G35YWe7zG5F6sUfK8Bo,0.00181882,127.25,0.00181882,131.58
1C6XaZYFevrPBc1xSNxZBJpzzoiVwkZ7bz,0.00195145,134.23,0.00195145,131.58
1GzQxX7WUYZBzkaE7CBhHai6WDufb5Jedf,0.00131139,137.5,0.00131139,131.35
1AKkNqQWanq42TjZUa3gAzXQM7iLSbejED,0.00191103,128.85,0.00191103,130.77
12dVdeWv7jaJayXKEXmfRzKgj9XJZGBdZX,0.00124794,129.45,0.00124794,130.69
19FTTTcxK6wrzXKWUtSTCVzbfS9zhg3oNd,0.00138018,130.48,0.00138018,130.48
1D46ybuf65f9drLB8XENKhTvnbHeT7aNEk,0.00194877,129.92,0.00194877,129.98
1CcoNCsFjeZfaZ5a4NaeJQM478EKRshbQy,0.00129912,128.8,0.00129912,129.56
17epzQrKf83JvD8qPdYwYNDXr6sQ9NXjsQ,0.00208228,129.57,0.00208228,129.44
17Ag1gdAvPDJiUU5qo8EhEFWv2NTrdeTYa,0.00211902,131.31,0.00211902,129.32
1Go4fKwhmFpYVTztVy5S5qkwMEkxeJZuUE,0.00135633,131.96,0.00135633,129.1
1MmW24Wh7pEW742AZHCWPSCZSEDu2hQheu,0.00127391,128.8,0.00127391,128.8
1KLtzGSWsBHHBhkZM4a9T24DGS7j98Tw4R,0.00190895,128.94,0.00190895,128.8
146irhmFyx7AfYW1x9FwyEK89DHxzDQhwj,0.00209309,130.73,0.00209309,128.76
1LH4WYPPoCofy2hybkPNWsmb5BwQUgBPQW,0.00130308,125.66,0.00130308,128.51
1BKC6J7srkmFbCSQSpcrEnb7rWQP8EnWJp,0.00199654,126.11,0.00199654,128.25
1LZwLoD4g9xcLCeoWbW2gNcuSjCe6FtX6d,0.0013597,123.0,0.0013597,128.2
13dSK4E8dZwWxo8r3pb1rs6GdTzgQV6vUV,0.00182707,127.83,0.00182707,127.83
12h42nPtKxh5pqfcfEn1Lsk7tyWhgS6JBq,0.00190654,127.45,0.00190654,127.82
1KQR8nbg1ZGHKZ6A9on8dXPsFUQU5CwKYe,0.00131302,129.32,0.00131302,127.73
179X6HRRQWTGZay3nZqx9R2oQeMtinctdE,0.00177525,127.38,0.00177525,127.57
1DAygxFakTHdnSpJrsJrZ4C5aV8mFrUnH4,0.00123707,125.47,0.00123707,127.54
1PBAbpGnVzUGEY9aprPjzLv8gHAiLx7yiu,0.00200572,128.67,0.00200572,127.17
14BirnfHow5CjJufuDxyRBZfNwBcypRJQS,0.00203352,125.27,0.00203352,126.87
14Gd7Lbe818Kok58iwVqmEZbMe8f63ZM4C,0.00123909,123.02,0.00123909,126.68
13Cki7ANQ87X5aVKKSwsLmYWhSwubncEsu,0.00186606,126.61,0.00186606,126.61
12ukmo4NnRRwpp1VbsBveQKnmHnutsthcn,0.00165991,124.94,0.00165991,126.4
15M2JVop2PqJvF4mPELhHQgnaSkpnH5YwW,0.00120545,125.05,0.00120545,126.24
1HjPQhdi5sbsrn1NDVNFG5zcRLr8yX8KWN,0.00128578,125.88,0.00128578,126.2
1Myyzw8f8Rr1d8YkSaXWksEBY5efTjnddj,0.00124781,127.18,0.00124781,125.96
1Ki82Q1sAqGn2sxzRxN2cEzxKjqYb9guvF,0.00126184,124.8,0.00126184,125.82
15WMuR3Tq2AZ3PXUUpgqLArtet5CfwjP8h,0.00122495,128.31,0.00122495,125.7
1CgbgXWjeyYvXNW5qauGrBv3Y8xKagYhPj,0.00129384,121.91,0.00129384,125.61
17novSqPZKnKiZaD51qbPN7TRtsCvRC2uR,0.00202826,125.97,0.00202826,125.08
12JCFdZc88gyPBTNqxGzJFUTMk7z7LKhK9,0.00182699,123.18,0.00182699,125.02
14dUxTab7ZHYstF2uTqhJEGTbk7Qr7ULTx,0.00136149,122.07,0.00136149,125.0
1KtYnUg9tSGpRjxgUaQReKw2yABCpAWsLD,0.0019881,125.66,0.0019881,124.95
1Ag7uqEtetj1C54hiNYXVzbMKNwYTZRJx2,0.00131444,121.78,0.00131444,124.83
18XR2qohwZuWYBehFk8rzqc7xD3CdF7yQ4,0.00192169,125.88,0.00192169,124.47
1G2ajjVzPTfizGQKqMcY2FhhNwHVvi8L4r,0.00198048,122.9,0.00198048,124.41
1LHaPg2pccdjUdYkdhyyx3HqJ6rM27z4KC,0.00140894,128.22,0.00140894,124.4
1GhCpBmWP1xSFLAnp675w9o3fXyM8LmnRw,0.0017876,125.07,0.0017876,124.18
1FC5t7uBB3oYuKKLreqSAAFM7GTBzXRiKr,0.00127888,124.04,0.00127888,124.18
12czni2us1cdG3CbNDmjj4ekK39PPcACw7,0.002,121.51,0.002,124.17
1NfWaL3521wo2wMgEmY8xFUTKJRVHutHJr,0.00130729,124.27,0.00130729,123.83
12mQ9tchu9hA5pr4iJSoP3dk898U3hxDCF,0.00131137,121.05,0.00131137,123.64
184SXojVgxD8j8K17HougamycX8uLejKjX,0.00121801,123.43,0.00121801,123.43
1M5Sp23mh11ZwwKWuGBrPx9LJDC2dj4nw3,0.00180184,122.95,0.00180184,123.17
1JjParey5Y5Hr7LqbgC97buGKwzF8Ge6ip,0.00154715,121.27,0.00154715,122.96
16gcmpnx5aaPpSRchEdELoLVYcF678vzhe,0.00117102,121.47,0.00117102,122.63
19fKLgpXRbeiVErqUmMv8Kt2E1vZUmecyB,0.00184654,122.41,0.00184654,122.43
1ERrHg1aCmNbxMcrwqTuxpRi8ZT7ZH4HKU,0.00119244,125.05,0.00119244,122.37
1EHCgp8PDuiZtPAwZTcLMwCREXM2wftwi9,0.00161202,122.4,0.00161202,122.34
1FV9SUpjDnfHfRqKgoiaWtzVdo4REBNkvz,0.00171979,121.23,0.00171979,122.01
1D9s1BT1zfMGByUhSMWn7FMo9CPm1MU7CZ,0.00175422,123.31,0.00175422,121.91
15gcb2Xr7CtLEu5bTULykcoAWwYSDejsY6,0.00184179,115.79,0.00184179,121.71
1LsYM4DLoMrKti24282D9wNedGynHsFxE9,0.00116815,116.8,0.00116815,121.58
1CKbUjihqqL192pL2kUwBssSD5nrUS5n8k,0.00133848,121.6,0.00133848,121.55
1CU186F9y2qJmMwfrzMZZqp9Y8HgVRRK5A,0.00125328,119.01,0.00125328,121.55
1rB9hkT2DcAvpUna8qvU1dcjMRgXiRAfe,0.0012303,117.92,0.0012303,121.29
1LvAegkUwz3C18G4MomqoDPGpVRnXex2cy,0.00127336,120.98,0.00127336,120.98
1685nFUwRbCUoU2Y8kXPjhiHnMB3nrau4M,0.00133411,116.5,0.00133411,120.85
147ZvyWGPei8vxRCbkPFMuxLuGf8KeVE6s,0.00122863,120.62,0.00122863,120.68
1CwPBkiKFQ7vy4vSsjqmA9WASMU4isK6dh,0.00122923,120.59,0.00122923,120.41
1APdq8d2M9CHsSgPfXpKfg9nFcCfQ9kGS7,0.00190462,114.9,0.00190462,120.38
1H8D93Y5SY3FuxN9BsJxUwF6urVMGt9y1q,0.00191329,118.73,0.00191329,120.19
1KDxuxMzBJ8MGELWd7P252CY4uLfewATqC,0.00120817,114.63,0.00120817,120.13
1KGjJ6nRhUDyrFW8h6Sy9qGwZKGPMUgwx4,0.0012192,122.12,0.0012192,120.03
17rhaqhfnXnrzLEg8UC4UU51SHKnrSEzgn,0.00179539,119.7,0.00179539,119.75
1Pfg38HxTaDfZYN5UvsSLLazpFVP3vu5YT,0.00147316,121.5,0.00147316,119.63
16JGT3nMC6a5hDuL6s3c4EFhHLu263qTjo,0.0013655,118.61,0.0013655,119.53
1GD4iLSHxpcWi2tAfvUqoj2g9CVhqNoUFP,0.00118806,116.4,0.00118806,119.39
13AibYPgn7Z663dvKuBi6QbXLdZ8LYvJX9,0.00188695,113.83,0.00188695,119.27
1EzptYzAfXQTqkrJxvN1X6PN94Eby1RJTu,0.00164983,119.16,0.00164983,119.16
1Az7yd75uGrjDrhdZUwTkkmmvGDMy1ARYA,0.00156329,118.79,0.00156329,119.16
1A3LWsQZtKuw7batHF6iBJoRPDdg33RNRx,0.00191627,119.24,0.00191627,119.12
1GdWvRerhaKVspc74PDiKNcMu1HBDrN6yt,0.00125817,119.01,0.00125817,119.01
1MU5tLkx4ZUjEySVe2Ab62gVi8BjQ3T8tb,0.00196243,121.99,0.00196243,118.99
1DWA4RktYC8G5P8gPRVp6YAQYAe9DqFoxa,0.00192362,119.55,0.00192362,118.8
1DyG5yYWfEG5Vqy6hiad9DFea567s1aooG,0.00159575,118.76,0.00159575,118.57
1GA8NnqMc2dEU6D6t7RGz31zcFciwsVMGY,0.00167446,117.78,0.00167446,117.87
15k1CynnGTdsLTzzYHhXpPcLFqMzx82G22,0.00110724,115.67,0.00110724,117.52
1AsWs8pX6AMSXkRDaRug8dA6jn4SfUqmDo,0.00115867,115.87,0.00115867,117.51
1VX1FTxiuxD5gxvBWZotadJ9Kujxg4ysR,0.00114501,119.94,0.00114501,117.5
1HFn8YFiTQbk6mKXAZHChs2iEpPuiksMBQ,0.00137976,118.82,0.00137976,117.2
16WJv2dVMqKBE9JwNEMptJe6ew1fJbdcaG,0.00172216,117.14,0.00172216,117.14
1Bge8oX1qVBThJZgycrX8hsDDdec13e1Gt,0.00124234,106.92,0.00124234,117.12
18WWGrUvHEnXUbs7itGAYmgQs57pkee5jN,0.0018855,117.01,0.0018855,117.01
1781SqLnqQKtzJkupv6vfV2FaVT7EpPQp2,0.00128535,117.22,0.00128535,116.97
1P6uSmRBNTzdDK2SVBEyRSjEvHpv4Be1BS,0.0011,115.01,0.0011,116.76
15wtsV5CuvGxJG5zMnwijV1NkXqdKxK4Ze,0.00119,117.59,0.00119,116.44
1J83BEHjtdoQezqcXUjch6rUZc4Nuh85kz,0.00111869,111.85,0.00111869,116.43
1GLnkvcwti7oL88hFZ6k7EGLf1gwk1CbFH,0.00122256,114.94,0.00122256,116.35
1JZ26wxYkCkD9a4CyTPeXA1icAbareom1S,0.00122867,116.15,0.00122867,116.15
1QAhaM6SbNCtPPp4rjGYtMgKXY2HFWVjkH,0.00186635,115.87,0.00186635,115.87
13s339J6kE8nTuhFSr1y7J8CKv1jaHz1Jv,0.00186462,116.43,0.00186462,115.75
1FZQsR7DZ7pVrN4WgcbEY5FTUUhuHtHJ3Z,0.00117187,110.49,0.00117187,115.21
1KdmQAEnFfyE6T7d5s3KnGmsNEct9y3ifn,0.00126525,115.21,0.00126525,115.14
14KetAyMBS6mW86hTARd6FaEmNgUkT8fxi,0.00143133,109.75,0.00143133,115.04
1Af1zVarH8nHeAxru297Ggn9bXeZwk1si8,0.0012,111.61,0.0012,115.04
17cF71ypkftD4JGCqDxNvDzCWxngX8yVHW,0.00121362,114.96,0.00121362,114.96
15u5cAjEJ6GGFH7yAdfaBpE3j4qc6D5LT9,0.00121313,115.32,0.00121313,114.92
1MubyABRbC8GexLnPatnDfLwtWdDRiaWwm,0.0011078,113.41,0.0011078,114.5
1AZgLpbnGRLnaSza62wX5W1FWaLQxqGz2q,0.00111914,114.42,0.00111914,114.42
1EYFfN6GtkTT8DDLGPKetiUm986TU58erX,0.00120119,116.87,0.00120119,114.34
1DoQFbdjfRHtpweixcQ4fbLa1BdJ7nXzcB,0.00120034,111.04,0.00120034,114.27
1QArMbWidMb3CqTbwX5ajjwnB1BKShySnF,0.00120699,114.17,0.00120699,114.17
1A2of4bbvLqMPyVtgn5To5kNTzw5fqQpxS,0.00119625,116.39,0.00119625,113.87
1FyjsXbK5GKNNZyaAgDKB6PSv9XsB3rkJH,0.00111507,113.83,0.00111507,113.83
18gp99gir2TAFiUbbGeGH1sVudMTkcy6Kh,0.00119989,114.74,0.00119989,113.66
1Di2zDmt8FdeZ7xFbJY9wUWQNUHymcNuUR,0.00149762,113.61,0.00149762,113.61
1G1Wrx1ofesEboW9EZpZmTwbi8MT5B6LX,0.00182858,111.09,0.00182858,113.53
1PVqe1xqJhcDU2thAyKJqfFpEBjaq7iBuM,0.00156923,114.14,0.00156923,113.53
18wsupYMeffX7ZsgmcNCfaDfsZTURTBUch,0.00150944,112.73,0.00150944,113.26
1KdYCWhowij3M672AWS7prDwWeesic6y9K,0.00119869,108.44,0.00119869,113.02
13YgGd2yvJ5LbtM1ALyKQgJU5YYf4oVUUn,0.00111695,111.41,0.00111695,112.93
1LbWQeAkHcu8qUyTLr9MbZWAUPbQQJCf4B,0.00134548,113.87,0.00134548,112.93
19zEYy9Zw8C33dXpDD6hgAUMws41LEuBVQ,0.00165521,112.59,0.00165521,112.59
1JCq7A5ikrwzsTja4LAyxNF8XKo6veenkj,0.0014,107.35,0.0014,112.52
1KuHpPqdVjBP2nYPLBJasm6sfzENukkAH1,0.00110952,112.43,0.00110952,112.43
19v4WvkhdkjenuTCmo1QXm3gt89r2y7VUF,0.00149217,111.95,0.00149217,112.24
1NsTCz821yT2mQyLPNcyVAKfamy5emJeVJ,0.00111662,107.82,0.00111662,112.22
1PuVL4twfa6DPw4bShko7QawowzJ2ax1Da,0.00164631,114.78,0.00164631,112.05
193oax9HpW8xVY3UKVJLFs59B519cvXYku,0.00118458,112.06,0.00118458,111.99
12149zPiqTTU3hRAuaJGiZjDki4DpHNfBr,0.00178306,110.66,0.00178306,111.89
12kNSSmBz2TCkTbZvHp711GxXMxbFTubAf,0.00112355,106.91,0.00112355,111.71
1DvZ6SUx4hWK7UpT2EAi6aS3K4hpbgS5u1,0.00145148,110.93,0.00145148,111.7
1QKagbNN1WTsgrpcYdcR7CApsh6fA7uQSg,0.00164499,111.61,0.00164499,111.61
1AAq8BbL8mtbEytKfmU2YCcDtPTRey4bgL,0.00162022,111.44,0.00162022,111.39
1LEojJXu9iCpAaT8PTaSHX3XbHXvuzPg5v,0.00116755,113.59,0.00116755,111.13
1LyEfRfApM5iSAhK4d64BkT4cYAey13yh9,0.00114428,109.57,0.00114428,111.0
1LZMbro2ZfHXfZChL9bCaV2SZkDVgqPpUJ,0.00175599,106.48,0.00175599,110.99
1Dv2M5uq227HdjBdc6NQ75SURUrP1H7EBx,0.00109534,109.25,0.00109534,110.75
1DcnhvCQZmN9nkXFcp7iJa6aiFWEuuB4F5,0.00146471,106.07,0.00146471,110.69
15tUE9357eeL4fNXYBSbPuEekbt5FZ3VX8,0.00135078,110.21,0.00135078,110.27
1KWBYncN5te6DE1FbA26uvnrr6dwGCqPQL,0.00112144,105.74,0.00112144,110.26
15FJ87iecybbwvosE3qfVurnBpyZSzwZ4k,0.00176921,109.66,0.00176921,110.26
1CuG2okxZKrFFXb9QuySGYhbSpgRCingiq,0.0011629,110.16,0.0011629,110.16
1JifVcCqPvnzJoZhAXvMPwDVbS96bZRU2n,0.00115164,110.4,0.00115164,110.15
1L8zrQwtU7QjsZsKFuxRpPzxAbYMi5Va2d,0.00105514,109.84,0.00105514,109.88
1D5rqfCCajUac23qfzohQgYS3K51nLU2QX,0.00116,107.36,0.00116,109.88
14RrCgmt5TXLs8q3H7CBu3QnZ4BiXRgmf8,0.00176756,109.74,0.00176756,109.74
1FG75LnD7rDDhE2QZm4jHryXH7aTxCYeER,0.00160349,108.43,0.00160349,109.72
1KcezZmiKeSdun63BgzQSkgWzmGtH8VjmP,0.00149818,111.79,0.00149818,109.65
1KDygP8rfdv2vXnqVsxsSZnD2Q286Cvr69,0.00114347,108.16,0.00114347,109.6
17drwRc3ZVkUS3ck1QWnDQJm3spRRN3GfK,0.00112547,109.69,0.00112547,109.5
12EcjtoQ1WYC6JyFSLrPoE1BS9ma8azs3s,0.00109714,109.43,0.00109714,109.43
191SUz6KNuXtr8MKQ29UZojNGGYJa3hhUR,0.00143518,109.06,0.00143518,109.41
1Pi13YGD94bKXZbq2A5ZjUUU4z71bUrRTH,0.0015984,108.08,0.0015984,109.38
18BdycNgN5jVpdfYNVyqM7cG9FUTKfo4Aj,0.00174098,108.89,0.00174098,109.28
14aVCNfY8tZ6mwLUTxZHXPgEKJT9CJ5G3y,0.00113033,109.18,0.00113033,109.18
1Ky2mx2iEt22rVGtME62N1m8YTrS63Y6k3,0.00143278,106.89,0.00143278,109.13
1CoVL6ELLb6mQ9HgqKorewaNhb33XU3mdG,0.00111185,108.85,0.00111185,108.85
1AzsjpkDSpLc4EQfofEsKUmQTxZRoLduy7,0.00108807,106.97,0.00108807,108.81
12WnPnGGx7ZeTLcM9q8AxJ1dHPNxQw2eS5,0.0012,108.71,0.0012,108.56
18JcLGWttVC7vsBznecazR3zsnTHB4gBee,0.00107951,102.05,0.00107951,108.49
17sgrxPJXhCJAz4obmXBWHYx1c7wPrgfRr,0.00109189,107.09,0.00109189,108.33
1NW9FjZaR7fhokvrJHfqCFcjjLNNyzNG2x,0.00163357,102.7,0.00163357,107.95
1BzrNuUDYKwKffKy9ucibAboKgB9XtPtnp,0.00109544,106.24,0.00109544,107.59
186d8d3svHPMMKvuyf6ZDw2nYr3T9kYEk8,0.00161307,107.54,0.00161307,107.59
1HtYU9g8JPgSak72cmsvDLoJVKA5njaBNp,0.00114079,109.28,0.00114079,107.58
1AbECbB3yGp2oW4xuvwiduwLyz1MPLcPSt,0.00120711,107.05,0.00120711,107.38
14PueMP98HtWpJjatwmsmn2WTAKhth6ANE,0.00113875,105.12,0.00113875,107.37
18mDuX9shnknMQ28mkJcdRNGPtT41hNBzr,0.00104903,103.19,0.00104903,107.25
1DtXLrzSreSLXLBauxqCvgyrx1unxGAnaW,0.00159209,104.24,0.00159209,106.9
199uyTSWK7sUpvbz2B31vh1sbEm92achZG,0.00161234,105.32,0.00161234,106.71
14KGXFwrZQGjH84EKsZ2j4wBNaoXyau4FR,0.00106882,103.62,0.00106882,106.61
19ugmNTeZhRQp76NDjGsparUgc74wacU8K,0.00171109,106.47,0.00171109,106.36
13PqbFRDH2zYRCKesq1u2sUwX9R7BEZM7f,0.00102637,105.65,0.00102637,106.34
1JuvCT3dBd72JBPwCxyxp3n8Y2Sd2LPyLP,0.00128633,106.06,0.00128633,106.23
1MQCZNRhgXG6wW7qWsFJ5GWsPLoWBypFRs,0.0011094,106.35,0.0011094,106.11
1LmVYG4aTyXM4zaf8Bgs9ATWNMrvZtCaBu,0.00156543,105.37,0.00156543,105.91
19vP2NM8mHf7bRw7J4frZiKoD8DizR3C4o,0.00158731,107.03,0.00158731,105.82
1C35LZM4LUTEDDhYGn9xRpCBkxfL7WaUZ2,0.00107943,105.43,0.00107943,105.68
1Lsg7UnQLVR2umvyKFXoRMcnGzCzBrvz58,0.00105654,105.66,0.00105654,105.66
18G2iDcxERFdgvgB5jiVW6MKRia4FEgeWF,0.00163432,103.05,0.00163432,105.48
144BTeELrYTbPt9ivTxn311RvwRUqE8KGz,0.00124356,102.55,0.00124356,105.45
1GzGUeUrSVMNitQTpMTvxykzYvzoVqFEFr,0.00116278,102.27,0.00116278,105.09
14KNWUCcVRgSDVNqWPWPRyaiE6T7mT37je,0.00104428,100.84,0.00104428,104.95
1KTP9DaBq5iRzi8BG5j3ZGAh8SKJ2ZH5FG,0.00110608,107.24,0.00110608,104.77
1BkVbnQjPdhs1hoX1AjJAJAooaBB17WEod,0.00109891,104.6,0.00109891,104.6
1PS3mu1Kx54K6s8G8SLpioQK8ncw9RT2M6,0.00165015,104.3,0.00165015,104.3
16VcG4FTv3cp29Rqq9A1TpDbV1wYqYxjHM,0.00165607,101.57,0.00165607,104.17
1GC5B5Pwq7cKotL4YHcHrgA9t4pp8M4oj1,0.00108894,105.42,0.00108894,104.13
19cUsREv6qsbegCeFG8j4LAFLhrPnEV3pH,0.00102512,103.97,0.00102512,103.97
149BjFA6i2daih3VLCnDMHGwYF7pKJdc7L,0.00122597,104.66,0.00122597,103.95
1Cv4jePU5SJKnb6DVhKdMeeDQxgpRmRKRu,0.00154036,103.79,0.00154036,103.86
123tuVDn1zrm4QcEFjgsZnAT9foXfbxMxc,0.00105896,102.19,0.00105896,103.73
1MvNC1QYqzxjWV1PiEJNwzNYZyrJNAdXLu,0.00153834,105.19,0.00153834,103.72
1MLM5gqJUPU9tpyo4ytXyoEnce51rUeLGM,0.00167059,101.49,0.00167059,103.72
1MfGqRbHGDZ6bAqSJsMf5rNCFm9dXirFw,0.00108161,103.69,0.00108161,103.69
1MPwm8gJarkj9ecAmzvwSrRnFrAnqJe1pX,0.00103424,104.59,0.00103424,103.43
1sXHxDPc35WEH8GdPZRutQTftxgmtT93x,0.00152043,103.42,0.00152043,103.42
18hZD2yZC2rRpBWgyJkRkZeqwP57teBqjV,0.00150965,102.08,0.00150965,103.3
1KWpWZb59ExnB23CFqSy8Vd3JVkT1JL7te,0.00106133,99.7,0.00106133,103.22
1JkXTStthkfgCJqgxnas1uKADF4G59qjA8,0.00154716,103.19,0.00154716,103.19
17BKVGUKU9MfjfiHXK2NMzYA78nppuBSvK,0.00097105,98.4,0.00097105,103.07
1DGR2YGDUd97DDcxSmFZfBiz5Dgtr75zoT,0.00102857,109.17,0.00102857,103.07
12ay1FzwDHKaabR7yLgcnuaRLRoyhPy6Yi,0.00115984,104.94,0.00115984,103.01
1HMMWrAfht51w2wLf5147vY4EuGCdiLx3o,0.00152328,102.71,0.00152328,102.71
1FiE17vgUrXmNTmgMHqAcTb5NiLJ43wbsz,0.00106181,103.29,0.00106181,102.56
1BpYLDeHK75JHs53HMHhepvixmkWJxuz4n,0.00151027,102.45,0.00151027,102.49
121SXfdvzUrtAwKzJbQhyin1FMAQs64H9r,0.00106081,103.19,0.00106081,102.47
1GzcsA4zXxE6hgoNhKcjd93pi1t67WFTct,0.00100797,102.43,0.00100797,102.46
1Ati9PBoYifB6tmrpiQSEak9HqYeSiqYNZ,0.00162326,99.31,0.00162326,102.36
1goW3rM1NxFMDratfZRKXJRc5KqmanrLW,0.00110295,103.39,0.00110295,102.34
1LfjRvycaPGhiWg1vLrW7L4X5nHhLtuNX8,0.00104481,102.29,0.00104481,102.29
13uVtr5b8eC9iR5FSRVJeuGrG1gKufTshP,0.00107368,102.25,0.00107368,102.25
1G8u5LzCL8NqKNxcVeXNJ31zogg5yUEXqL,0.00154464,97.11,0.00154464,102.08
152zeafk57DPfVJBf55n5byQF2BUJpG661,0.00149165,102.07,0.00149165,102.07
13u6ueDJUv4wPC7zjgyAgt1pNqzQqPCtJW,0.00105536,100.72,0.00105536,101.98
1HyVMEtJokY276xpfPXFj17MD6LKkSUoE1,0.0010638,98.94,0.0010638,101.98
13YNY1gCG3QKr7JkWg7NXe1ooj82MHUyoW,0.00126105,101.9,0.00126105,101.86
1Bqeynq3x9Kf2gheKWw6WisdD7Qn3nANLC,0.00103782,101.94,0.00103782,101.7
1DYUv6jqtCXQRaiGJri1d3aLsxZQbNgHQA,0.00161616,101.53,0.00161616,101.53
1BZcBZrpXg6zMU2HRGHGjU7FyCfNp8mKzv,0.001121,101.55,0.001121,101.41
133s4ytq7X93jASgFcB38K2Z3yJwvQm46k,0.00160412,100.32,0.00160412,101.39
18nmcLjCtZdUcaNxbYhEJhJWjGgW4PLjhM,0.00107802,101.12,0.00107802,101.31
1F8aaKKtZK2nsiVg46ZunVmVvmjdvuwtRW,0.00151709,103.46,0.00151709,101.19
1NVHStba4tu4kGDAZHmvrLYzi2anSyaPo9,0.00147847,99.68,0.00147847,101.17
1DReDM9Df9WGj1dLphjU6hUS3LwVuMEe23,0.00106778,103.53,0.00106778,101.15
1Bsba9Ap3DyA5XymGzzj11zvvpb2U5LcWP,0.0010608,103.21,0.0010608,100.97
1HoWrhzLbnAmB7ZsDCdZff4KGKzZmi6RSe,0.00105971,101.18,0.00105971,100.95
13RwwgxKLPi4HuJDyaCX6DNWqdJxhfvHj8,0.00141826,101.15,0.00141826,100.88
1h25BX7yTVU8q8wM4YHc4Kz2Tc8vyshHe,0.00103649,100.83,0.00103649,100.83
1CEwHyV5Y5GipwjPPGGmGHhchEbo2dBfwF,0.00105762,100.79,0.00105762,100.79
129FYhtDLTseo1vkKW7khqdh5k1chgbgPk,0.00102487,99.4,0.00102487,100.66
17PChTP4xB16BwGxmAY6x2Fu2KofRjL8GZ,0.0010039,103.26,0.0010039,100.59
1Cf4K6uFu7MRKXHiZvVjV5k4fESHtpUmVd,0.00103225,104.37,0.00103225,100.41
1KDhE2sUr34AX9duNjFgzz5NdAziHvMmDT,0.00099042,101.1,0.00099042,100.36
1G9Jbnq5kXe81Lv5WAz3WMcfzkLSLNoC48,0.00100935,96.08,0.00100935,100.36
1D5hz9UhsGMzKcj5Ed3dXVcofSigpnSaB3,0.00103141,100.88,0.00103141,100.35
14sk38w3gmfwnrcQcnnpvq4mvJkM1TtqaK,0.00102116,99.04,0.00102116,100.3
1Afs3oUXaTsJDQ4TyntDAdLwtgmBf3shov,0.00097717,100.28,0.00097717,100.28
1MATtGForq1QxFXpiy8y93gH77Lc6MCHZu,0.00102077,100.21,0.00102077,100.26
19bTzkNjUmthLAaHAz9c9647dr2VYNxSRx,0.00111481,99.09,0.00111481,100.19
16NrqYP6yFpBdHRQ8oLAZspmbMNKBWqk16,0.001613,100.14,0.001613,100.1
1BvooFUREfTB9XAnzwefxWXz9kKN1Au1kd,0.00100043,100.05,0.00100043,100.05
1NQys5sUSo3RCZw2bzZLWypVXCJ6sDyPrK,0.00097661,100.03,0.00097661,100.03
1BeH2FScZtdmgWBbnkvcm1KSiLgVinmWUk,0.00102777,100.52,0.00102777,99.99
18M2bS4K7EEwuHuzx9BoC6z2oj8UEPCnuR,0.00098578,98.58,0.00098578,99.98
1777BaSMsJC7nETVen21FzR6eief4Kda4m,0.00143804,99.94,0.00143804,99.94
1ETFM9q7kBLCvyjJ6CpkuN4NVng6z6dGDN,0.001648,102.44,0.001648,99.93
12i3A2cFccuNVFxG7mhiPy1ceTRi4RtpTH,0.001512,99.92,0.001512,99.92
1299f8zHiVVi5bb8fVbKwqaRQTy7aN5AXF,0.00100399,95.26,0.00100399,99.83
1Kokq5mN4cRJYbyHSGKvn13m74so19VhUZ,0.00095151,98.87,0.00095151,99.79
1JSeE6aR1qv4RGohhzPyuJGyU79LzAeCLD,0.00160474,97.49,0.00160474,99.63
13rjs1TH4iQKGDCW2ewDcteWHoUmGPnEPf,0.00144261,98.45,0.00144261,99.6
1NAoxhjp2MvSuLHX4wnWon1V45re8ijqdc,0.00105326,99.57,0.00105326,99.57
1CVUUYdsPfm4xVuRGjkwcBuYoArSKXK3HU,0.001592,96.04,0.001592,99.56
17qnzbry6kTUJo27s48CmL9BLkMh9u4znH,0.00109846,100.0,0.00109846,99.51
14dTBdtbMapJNJsURCz9AxaDG9M4AHeT5U,0.00099465,96.08,0.00099465,99.47
1PtA2zNgTwE3wyAEEa6vojVYMyyc9HataF,0.00159014,95.93,0.00159014,99.45
1PCg17BeDPJPwBw1QyneZD1ubAmnBfSCtT,0.00158253,98.21,0.00158253,99.41
172YN4GXc6CubCaUg41ux3WqY5LSv6twim,0.00099404,100.52,0.00099404,99.41
1BzARghbXpN19RJbT8Da825mZMSYX2QvhY,0.00150416,99.4,0.00150416,99.4
1CFW6Mwa5Cw53GK4JeujmBTL6t7Y17eP5y,0.00107111,99.39,0.00107111,99.39
13wXceqDk8bdgdEbpx1EQ6NRyrenw2eA1M,0.00101011,99.36,0.00101011,99.36
114oHfpYJUF51X4ZT45R8pdEZsSQ1Egr76,0.00113566,98.06,0.00113566,99.32
1PxsC1c7yauNQDpJRrodR2P4tmMhBUQ13H,0.00153691,98.44,0.00153691,99.24
1E74sAY7Mh1DXE2qwmiL5aXEUPkrVJ4x4B,0.00147756,99.13,0.00147756,99.13
1FDMAfp5umhkFTaSXdgrFBTXbomdA1Z4Zx,0.00094885,94.87,0.00094885,98.75
1GKaGq8oce2YQAVZBUyMiTyry4Qh52G3sa,0.001569,98.56,0.001569,98.56
1GTgyDDLvgfa75peufdEuRsDgJxCSZQbpj,0.00145755,99.66,0.00145755,98.28
1EA5ycrr6GcqotDkjGiVKAzdXS6HKWmZsd,0.00162035,98.25,0.00162035,98.25
1DLNjFdTNYbMnVBkw7BHbZqn2vyr6TwteM,0.00147271,98.23,0.00147271,98.23
1N5bFRuQorzmtxogEKQEv6Q65knYw8MU7Y,0.00097478,92.15,0.00097478,97.96
1E9nh3JRC2R5TKaQQLA5Cb32uDZAzicJvd,0.00104584,96.82,0.00104584,97.89
1DeNxDN9eZH2LVtN8NcTX7Y2SDvE39RvE3,0.001,97.7,0.001,97.7
1FyLkyjxYMzXEqtVugaTA5rUFSbEVkXMWw,0.001,97.7,0.001,97.7
1Pm78NHyrnQct1b9VnN15LGdzoC3buXFA3,0.00144769,97.61,0.00144769,97.61
13Kc7Uc19UT45vYgunpY9Mb5cbWzv6MJ7r,0.00099701,95.48,0.00099701,97.52
1M2jmJuxLeFSupcMpkdVP3VSuQ52mXYHwj,0.00102943,97.38,0.00102943,97.38
1GGc8gWxZWX7oSQZDex8VhDyt2xtqNHu41,0.00160579,99.82,0.00160579,97.37
18S7CpZJ45aXAs8aYDYLitWM2z8w3a6UB7,0.00113076,101.91,0.00113076,97.33
1ARtmfMuT1zCbQShy5WFcsyJi55QTA7yCV,0.00160466,99.75,0.00160466,97.3
13Dk7573yhMmpJJmkMxgb2KtQvf2k39wCi,0.00091577,93.65,0.00091577,97.2
19chF7VTDXWDb3RLqgsGWMRFW7ahwQ19mq,0.00142844,97.16,0.00142844,97.16
1CBBjXk7REdWaPdz6zRfBKW9CGPEpbQzhX,0.000992,100.52,0.000992,96.98
13Yb9W5ZrkCyncxfqc5xsmVLvhZ1KikSGw,0.00102354,96.96,0.00102354,96.96
1ADGcbephqAEH4FZ6WyL7eaXwmHz5QRzf9,0.00111201,100.47,0.00111201,96.68
1NAFbTe9fedgu61NEiyoFMsDekNzJAwWa6,0.00145,97.77,0.00145,96.67
1Sz8zn7r1rnkqANnLepv68ydxbaQqthpo,0.00092172,93.4,0.00092172,96.53
1HxvNW6r5u2DGs5jGhgzjKmcZfzxVef8gR,0.00094205,96.49,0.00094205,96.49
1PUS35ncnnyB6Bthy9xQnkqqLjFYeP8AZy,0.00096988,95.69,0.00096988,96.43
1Ar11M51M6rBmEy3H4b1AXRAHp1pA9txMj,0.00148815,94.67,0.00148815,96.4
1DkanJTc9dVy1emte4tBs4XSefMiD6ZAE9,0.000981,95.14,0.000981,96.35
1FW5Lz4zZzTD4MZd6YNpZ4WfGRX44FCriF,0.00152408,96.33,0.00152408,96.33
126nb2sR2N7DQyVVzbY1iofhPcbNx2WRkU,0.00138651,96.19,0.00138651,96.19
1CJRyv9SsyZjXsi3kVesV5CFa8CM8Ztw4U,0.00111611,94.71,0.00111611,96.03
1C64QNmvFVbddu1tJZJRWFbKSUkZ4sDW44,0.00098642,96.48,0.00098642,95.97
17ReadYFdEmVKuhiBb7njCEBPt9CN4U78H,0.0009368,95.96,0.0009368,95.96
1Ym3fC38ZUF7p9CD7bZUhHZfMLQky3n4q,0.00097314,93.27,0.00097314,95.94
14mRCJcUymZYgL3GuxNxjsskGMpi2FX2BJ,0.00152675,95.58,0.00152675,95.91
194cHDWwQgfacfeSYdzQcUShJs79K3GUVq,0.00101151,96.15,0.00101151,95.82
1uHnEyfbhc5qPyoVy3yDX8vmvg7xYgHpZ,0.00157957,98.19,0.00157957,95.78
1Dr9yUWiNqnza7A9VVzYiwy9anDqKbsKmR,0.00152289,94.51,0.00152289,95.67
1Df21KRH37SuCfr6d375ThukqXqczixEuy,0.00150137,97.55,0.00150137,95.65
1Livn6tLckScEuG8N3RPEJVx3HGZJP9s8N,0.00101428,93.63,0.00101428,95.63
182MeLYb4ub7TQA9HJoCv8GiCtEqb5ZzC4,0.00142458,96.58,0.00142458,95.56
1DfjMmVdL7K6e6G4aR82iguYPqJ12CC7qi,0.0009155,94.72,0.0009155,95.56
1DqjDfpJ586ReNKd8QtQbFovoeWLomw6cF,0.00153605,96.49,0.00153605,95.48
15v1gC8shrpfpwWkzERWo2LWs6xPmWqJ9F,0.00100137,95.43,0.00100137,95.43
16voNdHNLi8VT1KnYqTgYGGbc3vmWajrW3,0.00153808,95.49,0.00153808,95.42
1NEDSC8FDGt7SEsiJpV3p5x94sgVd1DFTi,0.0009448,94.35,0.0009448,95.41
13HZbs3WiuahGaC4DyHdzqPyHyJsowhjfc,0.00094036,94.04,0.00094036,95.37
1D2PjzWV1a7UVyc2LASfKVH2ZPGDqGZKdd,0.00089831,95.35,0.00089831,95.35
1Au3UfB294HGbTb722mYdAjPXm8tC2KCVS,0.00090861,95.29,0.00090861,95.29
1qqSLnSP9f6EuDoBP6yUeySmxpsZ7rNZV,0.00100591,93.1,0.00100591,95.29
1H7D353CgWBtHsdToZNNZRyuwkg8HZnS7N,0.00094235,94.08,0.00094235,95.28
1MhU8TSB6wuAEqULF9BaKUFK6UnMDTDaN4,0.00140312,96.5,0.00140312,95.2
1Nb6szBsQtGDE5XYTLg1DU2gc5bW355Sgy,0.00097225,94.4,0.00097225,95.18
1K6B3FMJB4tKiKiGfzn4nyiY1jyXmEfxc6,0.00150576,95.17,0.00150576,95.17
1HNQkRurayQnnJo4xHVLkBpH66TSX6LpGM,0.00142733,96.24,0.00142733,95.16
1JFYy34tUx8CfdedJYE1eU4yWJc5dEzDU6,0.00090847,94.24,0.00090847,95.14
19cBdA9oSspBmoXgtCUME6eG7eDiCMV5m6,0.00102429,95.05,0.00102429,95.05
1DrWTYPYSs3fN4dWwZyd8cX7AQ3eCNerUp,0.00134051,91.88,0.00134051,94.98
19TXxhhqA5kSVjKLp5LCbgjWCt1qSA7LFm,0.00095508,90.62,0.00095508,94.96
1NPxhwx2GxzEvbTNwRsvjRSiGrh9fijY1,0.00090463,94.0,0.00090463,94.87
1HQyDdzbJ1dqnQn8J4YxRB8ETgGkTjy4eh,0.00123699,94.85,0.00123699,94.85
1CBSBz3TyXrbFzwctycXm5P8bX3pnDcPLP,0.00096548,94.79,0.00096548,94.83
1LcZQMkmEonizpFqQGcNqPg9GG8kBvbhTb,0.00097,95.64,0.00097,94.75
15GDfpeLaMUyio7VTNkfJNuukNVtDGVafE,0.00100217,94.81,0.00100217,94.74
1G6wn8YmNn6TnzCdhZyBHwwKttcXRwhb1W,0.00093673,93.52,0.00093673,94.71
124gNRmV7NM4vw8qr5qjgHTyXLuURTgvon,0.00094519,100.32,0.00094519,94.71
1GdifHoMLL3p6C8qwe4CJjZWy3Bk6ouGQr,0.00096261,90.76,0.00096261,94.64
13bTP7DZjc73QDph5zPEpemaWD2dByUaX4,0.001,93.58,0.001,94.59
1i23RxhxrAtqhEQke8iahPATJiEFXx7oV,0.00140246,96.81,0.00140246,94.56
191ekeSzvQzSbd98MTckZJFns1c2QwMwgJ,0.00090852,94.56,0.00090852,94.56
1HENLPjZqMNvio7rvYj7hRPduhiukuapdv,0.00090114,93.64,0.00090114,94.5
1CuJNiSjgt9tegwEpnT9wC7zcXUQES6Daa,0.00099762,96.72,0.00099762,94.5
14pCDsyBQtsK5muNa6aJzTfbpCzoRxkfZg,0.00099817,94.55,0.00099817,94.43
1DvYoyaNFR2zDybWiiJFJEAahbKyUp1Jaw,0.00112335,94.34,0.00112335,94.34
1KkNbZ5RcXBSLxy3qChbGb1oYWDSceVaSJ,0.00090604,91.05,0.00090604,94.3
1MuVMo8GdDRzvqKAEEiyxrxc2SjQmCppA9,0.00096306,94.28,0.00096306,94.28
12YRLMdgXor2xiezHg2Df7JnSJjpe5z8qW,0.0014053,92.87,0.0014053,94.26
1EG32aUevYnwq8uFJiVAmucyXZ5mGobWHA,0.00151629,94.35,0.00151629,94.25
14Nv2HJMYqXEqwh7Q9qSTx8KS1JzAmxfRH,0.00099498,96.47,0.00099498,94.25
16EsWCFW7cMkpgY2nLt2rCYk1tzmQx8bVe,0.00096645,94.23,0.00096645,94.23
1JJDa3v7p91Yst28U9pJTZefwJeb6yqnu5,0.00095763,94.2,0.00095763,94.2
175KaSdnzEEhaC4sv2AiBdoLtqAT9ZHsMV,0.00139694,96.43,0.00139694,94.19
1HdmAJGgazximuwD9hg1xB2CRFWFEFmjDP,0.00095854,94.59,0.00095854,94.19
1KKdP4EiLNGGr18713FRuh3swYTveZGR3X,0.00098818,93.18,0.00098818,94.17
19MfovoganBW98NZQMwkjshD5Y1TnszEsv,0.00095736,94.03,0.00095736,94.17
1AfFZciJYya5wMQh7SN79ZWembZM9YvyNU,0.00151475,94.25,0.00151475,94.16
1HWAADKSUKZu4pk3K5zRdq7mBAtWFoaGEy,0.00124556,86.41,0.00124556,94.13
1Q3Dqhq72pbaBwA5xdLqMdsxbTnehLQL95,0.00141136,95.16,0.00141136,94.09
1DkQ2aXEshSFbza8PphQsG8wQHT6jAYvxQ,0.00094337,93.0,0.00094337,94.09
19KB6vcq8QdeUS34pPE3sErcFnqxGBRQ45,0.00137578,94.14,0.00137578,94.07
1QBs3LXfWMa9nup2f6BAfJMKSAoi95ELmU,0.00088622,92.58,0.00088622,94.06
1AD9z62iSM2UMWcDpao2iGySdJa9ruXWyB,0.00094627,92.45,0.00094627,94.03
16DZt8PhwWe5EjFWUeBPN78dsTrTMc1GCR,0.00097973,94.25,0.00097973,94.01
1GW84HyeNz6URq6y12nNVBybThkph4dX4n,0.00090648,94.01,0.00090648,94.01
1K5XB9p8QZ7uRNYiDxb3pwbQYejNbXBacC,0.00091728,93.96,0.00091728,93.96
1JTTSdf7NYx2WrDisu6qU8k6FRv6oqzSky,0.00095609,92.73,0.00095609,93.91
15jdXvr7CysoDXk8vUmqCFDFYCCZsAjhvS,0.00139759,94.03,0.00139759,93.9
1LBwQmsFZAJQey6b12yGGxqJyvLTndU9bR,0.00089648,93.88,0.00089648,93.88
1LhF6vZrxYrnxZHeBEWvYJJfmJQbkNH5k9,0.00091828,93.88,0.00091828,93.88
16DhenCqR5HbhYN4XPsDDNx3SCWp9S1Q8z,0.0009645,94.0,0.0009645,93.84
1KBoGHiuDn9CbkaDnoRycY6kH1Wc9nkW7a,0.00097107,94.46,0.00097107,93.8
16BWF8F6EoyoGXiUWodPqEEq6dMxsh3roo,0.00141822,89.16,0.00141822,93.72
1FX89Vm16Wjh7PMDykwAcXSoxeQqMNt3WR,0.0012952,94.21,0.0012952,93.7
19uVXjUueMht7dEmJeEm6XkKgNBV6ZQ6y1,0.00096392,92.93,0.00096392,93.68
1LSchQieu13XY1jA3aTDPHaDQ1Fm3iYWJf,0.00112519,94.89,0.00112519,93.67
1Nu5z3S8Wbsqwn5b67GFRZksGzsCFSHT5J,0.00092428,93.66,0.00092428,93.66
177hPZL8W8M1WpGKkvWUL1pfmvzC4wBjXu,0.00096023,93.67,0.00096023,93.66
12sgtXYaqQaGxeNTBZfpCGUeGRetCcrzkj,0.00093649,94.7,0.00093649,93.65
1FuZjBZaVZf78CPiXWhbmuw9C1G8vPnwur,0.00089959,89.95,0.00089959,93.63
18JLPTdHeVYBpg35Zht6xXGuQovuR87Gtq,0.00150797,91.61,0.00150797,93.62
1Kgmdeh5m1pK7H9Qs6MeEfUi3MFikL4Lpn,0.00089241,92.73,0.00089241,93.59
1C7uatGtfrY81EMFGmWHoDQRJ2tCJPUVbN,0.00141576,93.56,0.00141576,93.56
1LD1A2sBNaTHVHRHs5v8vobpK8YXH8FFYq,0.00136715,91.7,0.00136715,93.55
1LMeJZn5ryXk5y2rXSF1MCSDTk3StzveTd,0.00098724,100.93,0.00098724,93.52
1FEGDiTy1epqHCVAGbJJkpi95SU5RJDp8i,0.00098747,93.36,0.00098747,93.35
1E88qvGaDNxfh6x7d827h6NgXkc8jAC7XK,0.00139309,90.13,0.00139309,93.33
1L3PJy6Whtiy9xhF3dSfzsNvrhYqcGgq92,0.00139923,95.43,0.00139923,93.33
1MDrHAhjt2WC7C1WcHVcasBdNnb4dsKh2f,0.0009119,89.7,0.0009119,93.23
1C3rkuSdzXkW5SCDHizMeJf5BThLAbxg9S,0.00134042,94.22,0.00134042,93.15
1DQLCdNvL9tcB84gnn9ZmfBBr51fJERhHR,0.00136118,91.3,0.00136118,93.14
16ZKHQPyJn5f95RDZpPAVAiwVB68GRAnaF,0.0015,93.13,0.0015,93.13
1JobNmvk6r1Gx7XXyuFRqVxizTRZz1uWwU,0.00137193,93.09,0.00137193,93.09
1DA7EXmGg7V4QgQhdwFEzwatBwGQiR2cDN,0.00139602,94.13,0.00139602,93.07
1Gw6FgK1eaPK4kTN6Mw5GELfPrZsnB9P8i,0.00100292,94.01,0.00100292,93.06
181v6Kw7Mh1imnckQxEQBT5fxFaZVYbKSG,0.0009397,93.71,0.0009397,92.88
1MQ7grJHYthu9En8vxWAwPXe6AkE77UQBx,0.00089504,92.82,0.00089504,92.82
14o48U54Po5JFsJbC2KrxAV7g8RNu5wTKQ,0.00143656,92.8,0.00143656,92.82
14WNKcHem2AhHJK9aZFggnMEowrfQvTTn9,0.0009843,97.87,0.0009843,92.82
12Zfn1qSQne6f8WZV8Qpo1tDbNpyr179zm,0.00098108,93.62,0.00098108,92.73
1F3jycdNVpxDGs7EVwKjadMZDpszCWFy8o,0.0014758,92.71,0.0014758,92.71
19easGyY8rA5GfbbfhDG6ev5x2XJd6W3yN,0.00149083,92.77,0.00149083,92.67
14RgkzpcxtQv5U1cnmd8wsTwSAY9iMigkx,0.00095172,96.23,0.00095172,92.58
1EVVgceQM5Hk8WmPXNLvrPZAbsNDMXCdwg,0.00138741,94.62,0.00138741,92.54
1BWsPtRVzohF7oHi14RceewwKshThUgkNB,0.0009198,92.44,0.0009198,92.44
1L4mzEgUZL7FYUHyWxwZo4hXhutZDQuUfj,0.00096991,92.43,0.00096991,92.43
1ECcRHtx4BVLqV99rYcxsB97mLagAdGbCE,0.00102099,91.74,0.00102099,92.36
1EV2JZ83xZ3ptdb237TzAQ35bBptfzv7fS,0.00097494,90.23,0.00097494,92.35
1PQZfbX2dv6RR8ko1Gk7aFAQuz6PMaV2pC,0.00099431,92.26,0.00099431,92.26
1Cd8Bk6bYM2ntYdaHFLFieKHYvQ5LBfCS,0.00097591,92.27,0.00097591,92.26
1HSsh8kFFvin3xacNT47wWgyKhyYmXW8HY,0.00137545,92.26,0.00137545,92.26
18HWNfFCvqfBxP2Nj5AgFGQqGgSz47iziH,0.00093838,92.25,0.00093838,92.25
14afBViJEeSBn9A1hMbmrNxTsiC3fdaqtn,0.00094363,94.96,0.00094363,92.19
17NVDza6thR3EXpv4Drew6Fq6WRKz12hQX,0.00088877,92.17,0.00088877,92.17
14mRt7VwGXHxeV38qhVs9GYtXmY6BNCg3V,0.00146681,91.03,0.00146681,92.14
19BZNR3uh1KY9mUH59o2HJixoey5M8YkuQ,0.00094677,91.71,0.00094677,92.14
12nmh5q4o8azmfxEy9qez6YFUQLwdcHgpp,0.00091055,91.19,0.00091055,92.07
1JuQjD15GrRQYVkEJ9RF1MCZCQxFSLMyas,0.0013645,93.3,0.0013645,92.0
16kjvFJNu7CKSnAhiNZUWKML8ST3BofFrL,0.00091864,92.9,0.00091864,91.87
15kofbaJrfGqJzHUFfiGw8frExXm6a1n9r,0.00088213,91.81,0.00088213,91.81
12irGpWHLRXzMk96ZAjfALtyc1FKKXBHZf,0.00094918,92.33,0.00094918,91.68
1PKrw4YLaHJH1k8G1sZts2KKmU5T9FY74w,0.00095091,92.68,0.00095091,91.68
13yGxaBeBoV5wZnQLDZKgbrepysSz83bvt,0.00147644,90.79,0.00147644,91.64
1HQqEmcTBmbwTh84q8VLPYBuPGYeMSa9hJ,0.00131852,92.68,0.00131852,91.63
1JAeU1Lj8Tg1AvijGpMNrv2qKYdpv8BugQ,0.00132039,89.59,0.00132039,91.6
1F8re4zwPFq4HhfAFbYhocGo9VjVDUFv2U,0.0009621,92.59,0.0009621,91.58
14P5PxP1SFx3KyiT7VMb7S7H9Ym7DxhpPV,0.00096773,91.54,0.00096773,91.54
19ZuEBnYpctL9HNbajrgKMbE8rJiWEow7S,0.00141599,91.05,0.00141599,91.53
1CxuYJ3UUuZxmtjyvVQ1k9QVzYRfAqMxk,0.00135975,89.91,0.00135975,91.4
1LZPrJ3RYE6NEGCY2VqygRZZYg38Njg9sT,0.00135552,93.57,0.00135552,91.4
1EEP7KgQEGLLtySx8hZkfMnRkhkxPJ9aDR,0.00094482,91.24,0.00094482,91.24
1MUiQ3APPBedDNsJStKporCco84ScSCLHX,0.00092433,90.46,0.00092433,91.23
1HQzwZUYcz3WWVCszbU3YRYMrbUR3WqofS,0.00145771,91.17,0.00145771,91.17
1H3AoHD8pN1dMv6Fo5Ka8EMcDFnjLa3UNz,0.00122132,91.06,0.00122132,91.06
1LTvBKURY5Kkaagf5GmENdziDPjVWnXByX,0.00090042,89.81,0.00090042,91.04
1BErziemeFvWg5TStK4x66WDBHSzUjGhhm,0.00090401,90.71,0.00090401,90.98
16m9NaS5mwd8H4hk2Cpb5Ten1QfRFXH7SZ,0.00113745,90.26,0.00113745,90.93
142FLaKzX8cezw8cY43uQqzQMSbapYkBTv,0.00129959,90.92,0.00129959,90.92
1Pk4s27sEurebmLAwMDQoyNpLysEUEm4B1,0.00135064,90.62,0.00135064,90.62
1FTFqSmsFnDoPzHQ7roUgqZ4J6ABUM4nQq,0.00129469,90.58,0.00129469,90.58
1HAyn64o9orPHSqScqgVBVWTvwDiLxEeDA,0.00106621,87.25,0.00106621,90.49
1FfZJkHUbVxFe6QtPyfdoJGT2j5HTegkEP,0.00099748,87.11,0.00099748,90.36
16WFDu6NEUdu49dye7DG7q5YFtPsScmS7w,0.00090143,95.67,0.00090143,90.33
1HQT59xCfkYuGHNasib5phcnokdgiAtj1H,0.00100892,90.4,0.00100892,90.24
1486nDgRGRGiJUVkFtybNp15ZvQGeReMYm,0.00099576,86.96,0.00099576,90.2
12qCRyiMs9tYjKbhpFwDCgn5MYXhxQYoYj,0.00086254,90.18,0.00086254,90.18
1HzPveqF7iX3DWmLW198czoJEismzBkbXf,0.00133683,90.08,0.00133683,90.14
1HKubRGzc4dpMVBTsBmV5vDVbZxsfB56q9,0.00099558,89.46,0.00099558,90.06
1M8Zu57RKi3vHKqR47SMxj9NCaLgYPW743,0.00133515,89.96,0.00133515,90.02
1CHEntzrWUprgH1sTdMSg4JqCmKNo4xVHB,0.00095005,87.93,0.00095005,89.99
15sFPUNxLbgqYgCGDiNdNcXUCq3B18tgWK,0.00133438,92.11,0.00133438,89.97
1PtKPcfoq3BrSAKZdPaSF1wP4y1Dpph6dv,0.00085783,88.99,0.00085783,89.83
1QJVgoqDbq2x9kBAMcVNjqcQszPvJqSGCD,0.001445,89.91,0.001445,89.82
1JnxFMTsZSNKprEQDnzqyNHeMZrg6LKXfU,0.00093843,89.96,0.00093843,89.76
14fqLWMprNV65HxZrapBY8R2x4mC6hdRgF,0.0008754,91.67,0.0008754,89.67
1HkcourBrnrns4X3p1QzkrRbtJWFbt21CU,0.00094509,89.52,0.00094509,89.52
1CJSZz9U81Ai31dk1MS9s3eskdPw2AbNWi,0.00127873,89.46,0.00127873,89.46
15yaR4Djd89FFVEiR6KY63AvYGfGFMwWiw,0.00130221,89.41,0.00130221,89.41
15CdKXp6dT5JsmRnKpmyczpoRAmpqmBKJt,0.00089877,86.57,0.00089877,89.36
1Ch65eKiFvmNngndmWbPVvpYvZmk2ccsN9,0.00091897,88.6,0.00091897,89.31
12fnBLrhfDUQ6Ubf5fdutqbBXoTfbkTsB4,0.00147124,91.45,0.00147124,89.21
1Gi9qUiXHpdRAtBLQUdtcxyWCwAtEmpTdk,0.00103692,87.83,0.00103692,89.15
12Jwy98nJvLrzzzmCjH52fkUfWhUmLekfr,0.00085867,89.05,0.00085867,89.05
17dhkXWbz6mtoyymH326R8guc6v6uBnVmA,0.00122342,88.55,0.00122342,88.99
1DSefzBosMsUVvEK1LLkdxsqqTgv71mhMR,0.0011694,87.17,0.0011694,88.65
1C3Spm8JR99FgVLoqDuME6xrHx3zCquAH7,0.00093497,86.53,0.00093497,88.57
1GMcyKBroDcZSHZcVJnBCbEn18z5pfiL27,0.00093141,88.53,0.00093141,88.53
1LNWUH9b8kGWSz6ra3GkYqZh9bcNfquwDJ,0.00089386,87.88,0.00089386,88.4
1PuVwqJFYA9AQ5VTnffRvdd45EWxsJfN25,0.00089939,88.3,0.00089939,88.34
1JiHzpMAvDVbWA4h6aQ5x5U6LAV7JygfLn,0.00129617,88.44,0.00129617,88.32
1FT7RwSwMRTpAshupbs1xRFZT6z14yx3t,0.00133053,87.17,0.00133053,88.14
187K1H5LZCRiY87CooJAfZGhfsKpRJeTdB,0.00097016,84.72,0.00097016,87.88
19mniiJJZy35yCMBiz3cQnX7qTd5AYXkJ7,0.0011045,86.2,0.0011045,87.81
1JUDqeZ49JiL8kRfRuVMNMULPujwS1GjWW,0.00090031,87.75,0.00090031,87.59
1LuoWyPaUWkVoYXbCHD6qDa7oAwT1z3K4F,0.00105515,87.64,0.00105515,87.49
1DqmvuYFbgpXMzyyMb4UpWZPF8KsED2ysE,0.00087,87.43,0.00087,87.43
1JHCVpJnEeFb1jJAcJfeUhb5fr1y4aNhtL,0.0012025,86.3,0.0012025,87.43
1JWHn8ABW8nMZGhprSmJAvkgLnR2U949Uu,0.00084252,87.37,0.00084252,87.37
13oTW9X15ew1r7QQaZYLeqreycWNUauznp,0.00115346,87.17,0.00115346,87.17
1LkMirTBTcqPBH7hBFoV1R5NfvYt2xArvd,0.00096266,87.49,0.00096266,87.16
16ok9p9XRJgf5ANdyPcofD4kLVTAAsryvj,0.00087351,82.88,0.00087351,86.85
13scmdhYCEosECbZ9h4jAxYeuGjTgtAKdN,0.00089173,86.91,0.00089173,86.76
1G9CVuFCeAExEiRHNXtRHy78kiiXq8HAZS,0.00084574,87.87,0.00084574,86.63
136GmnGVuKE7MrKa3R2nHpDLsRFyfCH2tp,0.0008548,85.3,0.0008548,86.43
1JLRtinQ2YorQK3yX8ZTKtTEJrrc6u73zZ,0.0008814,86.09,0.0008814,86.29
16voKVSnLhJEswHmFHkr7ycyqC2gtnvNuU,0.0012415,86.21,0.0012415,86.21
1HtjJU4H6SKD6VnprFHpL8bL6byJcd8Ktg,0.00088771,86.13,0.00088771,86.13
17E9GwrDH5pYDHjiHiwdmrSqnFnsJLXYiV,0.00087854,85.31,0.00087854,86.02
1FoBtJXEDZfAZYPuGYNBt6BPvmMeAyymQv,0.00122,86.29,0.00122,86.01
1NaJDcA5u12jXqyTsPhZEDYrdDt4hrr37B,0.00135863,81.96,0.00135863,85.87
1NRKWdo2GaJmjjGZozy2zMuePFhZKAJbKG,0.00084773,84.63,0.00084773,85.71
18Nakb8aLCAV6XcFCrprsbc5pHNErykF3T,0.0012582,85.55,0.0012582,85.65
1K3S6HKBesVxuH2pbWro7ghkGwpsFBrCof,0.00135478,85.63,0.00135478,85.63
1NiKfNjQZf4FRfbSSgRXW2CKD7qhDZoGkL,0.00103394,84.06,0.00103394,85.53
12oSoTMx6L13psJJgqqHfFUH1d7fSxGU4R,0.00095583,84.99,0.00095583,85.52
1BAaSGUWJNuwwMrcMB6iP9e7ks39eA2LgM,0.00087901,88.08,0.00087901,85.52
1FLTdoC8UrWuRwMLGUrMg6qAD6a2doyjng,0.00092,86.24,0.00092,85.37
1AwfXKEsBXaEcP1eBQ21wGZQFm55Cnq7Rt,0.00098653,86.73,0.00098653,85.34
1Cfy3RNoXLFMqhZJxAa83VLtU2pcEzYaz8,0.0008658,85.16,0.0008658,85.16
19djpjRAxc6xB74RC8yCE8QYccd8jUPQcS,0.00081816,81.81,0.00081816,85.15
1FLzxygdTeR28c4hT6a13w4SdevhNBYvCR,0.00138565,85.05,0.00138565,85.05
15fahXTawArN4XdTTNYKDfjY4ZJspbXw4n,0.0009009,86.3,0.0009009,84.95
1MrQE2abvNN5k9LRq7eJcH87QURmVK8Ebo,0.00136109,85.19,0.00136109,84.88
1JfAsoTPXgQNT3CJWS2dx1EcQnnpF3U9Jp,0.0009,86.21,0.0009,84.87
161jfk4SN7Y9L3FY1y9xMLD2ZKZT8eFutd,0.00085259,81.15,0.00085259,84.77
13T3t9spuUYu4BXVhQ4nFdL2e1wQkHEgiP,0.0008359,83.37,0.0008359,84.52
14z1hCnQpGQA9Jcx4C7WdboYwJ7tCAMJVP,0.00089309,84.6,0.00089309,84.49
1PHNgiSousFngtiKFw5g2ukVvtkydx8u6u,0.00134851,81.35,0.00134851,84.34
1Gm6uQxRajzT8XfPJrPTjQxcsDinRzrgYW,0.00085632,84.46,0.00085632,84.22
1GPGXg4pBDKbQZqfb2rZzTkaQzEMUFGqyw,0.00083169,82.95,0.00083169,84.09
1E5Jk2zdVXPVzdmthd5jzcg1JieR3sNScS,0.0008205,85.93,0.0008205,84.04
18oXRCnQUxiWQ226dceEkJBZDZR8JeQZhT,0.00125076,83.42,0.00125076,83.92
1Ku2Z33NwSh2Ap3jGrsWm1mn3aKmBL53Tx,0.00083871,84.81,0.00083871,83.87
1Fq5rDFv6hPJSfNJJ83aUg5CDMCtg4EivC,0.0009021,83.71,0.0009021,83.71
1G85bXzWeQLRpAPdJEic7zb7yeJjEGXNff,0.00082513,84.26,0.00082513,83.65
1CLUe42pStoHdVgW25aSPyibxbEQGgUMFd,0.00080299,82.57,0.00080299,83.57
1GPkDi1BZjo95PMGUGWpaC7DABEpZSHzGP,0.0012308,84.16,0.0012308,83.54
18a2fxX8mLHaWjwu7KJfSjLiW3SCj8zZcT,0.00087605,83.49,0.00087605,83.49
172eD3au1cyzEYchS57sZrjAiHLSSxTpRh,0.00088095,82.84,0.00088095,83.45
14Hs66aLW4R1LyGYgMW2fuE7D4tq3U4Goq,0.00094113,83.43,0.00094113,83.43
1KzPLAiP3tP5rMWhbdiBhypn4mp17NueQs,0.00102121,81.59,0.00102121,83.19
1HdUiznc2bAjFcTdVMAuh1GVG4Yeiznnoi,0.00124498,83.04,0.00124498,83.04
1EVGNtkre36pH3fQPuKKJ8VXqzP3x9Nr2a,0.00133631,83.02,0.00133631,82.98
12mmwQ9SovFZbmMwf4UoQVwZF6wit1fLtF,0.00082569,79.73,0.00082569,82.98
1KoUjcMxt1PdujysNpEXmnhZzyTt6U7FNt,0.00123079,83.2,0.00123079,82.98
1Q9E3E31btRVbW2WRzH91ytMrbNUWpaCmS,0.00109885,83.59,0.00109885,82.85
16o1ddUFuxzNfX7uWnDauzbEmytndSw1bs,0.0008408,80.44,0.0008408,82.65
1GYMoVN9f1RmGhZ6ACyNHQ8TkAkG7oFdPb,0.00090057,81.8,0.00090057,82.3
1KaLs9Qh9kVxjNhbyA5VBo3jx1ea8ArkiX,0.00091028,80.36,0.00091028,82.28
1PrYSGgTiPUCXeVytayTrvY3iZkQr3a5Ne,0.00077454,79.2,0.00077454,82.21
1D3QeXaW65RigoB5hUrZUgfXLtzhWNW8Vi,0.00078928,79.05,0.00078928,82.15
1MXmwVUb4p18ckACPdh6MUvifGYKoBhc8R,0.00084525,81.89,0.00084525,82.13
1MZu9HFmsm93JekNVB34bsAKirHbXmZbLx,0.00084001,82.07,0.00084001,82.07
1DP7RQZBMmsSRiQMAkEYH5USpBwFSeCobr,0.00081981,79.19,0.00081981,81.98
185j6bcYGhW4AbwrGXeJRhaGB9SFs5tYWb,0.00101975,81.96,0.00101975,81.96
1KV48z9jUKDv6qsRdGpXAGXpVGy6Kxy5HF,0.00084767,81.07,0.00084767,81.72
13iv9RvTzwvANpQj4mGWdDMeQ5PBUAoz9V,0.00079702,81.64,0.00079702,81.64
1363KicukuVZnGLXYDumRvxuE9CTbJR3it,0.00122433,82.55,0.00122433,81.62
1DBLiL4j6L1yqJPCH29A3zfMC2mmfp3cyN,0.00086283,81.62,0.00086283,81.57
1GbqdTgt9iqZq7TTxTom6SXTMfL8ehMJ5v,0.0008024,81.19,0.0008024,81.5
14QX38wcHL1Aw8b3XcuRuLcaqfHhfCaZSA,0.00086006,79.6,0.00086006,81.47
1JuumQLASBxBHwefRoP1ZWPoaYfZxtyJvD,0.00083125,81.19,0.00083125,81.38
1KBpdZpyd1WvcxvhQoUmxVTqPtMJV6S7zm,0.00083635,81.63,0.00083635,81.37
1KhRSuFXMLmqZV47iBNbx9yCiUmchA5gaM,0.0008229,80.78,0.0008229,81.37
1ER49LXE59MgkJDJGfQtZ4wrBC7dAM3qrU,0.00083949,81.43,0.00083949,81.34
1G4rRWShk1ewSkr8aVAKrH5JEisEh82YdE,0.00081134,80.69,0.00081134,81.33
1GFezGDq7VbH72LE7uAnqnrzHxvEVNUijE,0.00106472,80.77,0.00106472,81.32
174qqwqMn2dw56v9bQk1PARPFoUJRW1NQB,0.00085,81.3,0.00085,81.3
1K9Ex5jFtrirkdtTqJCBxqki3tfsnDBMcC,0.00076565,78.3,0.00076565,81.27
183vBi8Doh1x4Z7ZdBLgg3hYHhLBn4omDJ,0.00082604,80.87,0.00082604,80.87
1AwoWmLVn7nYUzPr1GS8KPQEx8FQ1KMR12,0.00099286,80.78,0.00099286,80.77
1LwngKGFUNvwnL47dBB9ygymSVK3rTcTz,0.00118,80.01,0.00118,80.72
1HxngGqgc7vGBNDfshJKL3snQiB6MjmYse,0.00116191,80.6,0.00116191,80.6
185trVs8pcrDCAM4h1oYeH2fKCJUhfuqbS,0.00082614,80.8,0.00082614,80.38
1HjxkdmDaGBHagKbyJfUUspWHW95U2ghUS,0.00083742,80.26,0.00083742,80.26
1DQfGJN3E6oUGWJsFXG7wAiizMKduDVCyH,0.00075534,80.17,0.00075534,80.17
1KKP7iKCkV98vUa9dgpwhSbYfeRwK4bZGG,0.00079256,79.12,0.00079256,80.14
1NgHLvQBqERKWHJU4GSzxLL2Mh32XGyQE,0.00115942,80.05,0.00115942,80.13
1DDnS6MnMTtP8bKU4r3CiJLWjGXFixKXcq,0.00084446,80.11,0.00084446,80.11
1Dj4DcyX26XHBfVb6JnMuC3H3289PHirf2,0.00084874,80.68,0.00084874,80.09
191qiYMeEDXCx4jGvvPQVbziwBANQMt6HN,0.00095826,78.91,0.00095826,80.01
1Mrs2ZUVHyk8pZWRbGSKv5VtvdtCGpoaeS,0.00097908,79.94,0.00097908,79.94
1NY1tUa5mpA1WCVTbzUkGvyaRa7qg9qrTC,0.00083403,79.93,0.00083403,79.93
1DTd9hG5twS17xL2nRksEhyzPHUzgLrRr8,0.00108062,82.1,0.00108062,79.89
1ADP5ja8WCKdvoYct5V9wsWYPzi5e8oA9u,0.0012716,79.88,0.0012716,79.88
15RZapaGstBZxbvn1FizMQMQsEjjRpMzS5,0.00082045,82.96,0.00082045,79.81
16B4h7jE1PCc5UfzV25E9TVygarnFXHS1r,0.00099592,78.74,0.00099592,79.78
1Jpjvph5sHjHmLQray4U4xHA6Sw6JnWcoy,0.00083576,79.66,0.00083576,79.71
1Q6cS4kcZEvNXBW5VmoWANACFgekhRwk5f,0.00081356,80.45,0.00081356,79.65
1MfkEW2pbhvwSXkMKKsxAMuyvRvPz1sVSU,0.000811,79.7,0.000811,79.61
12nK8U2PYh7z2vrDazN3P4YFV3sUe3YkCD,0.0008376,79.26,0.0008376,79.58
1HcTpAn9zKQuNiL7TA9sz9DahJW6Q1AEHM,0.00098061,81.32,0.00098061,79.54
18dndaSyApg76VyKm6wTsoMvztxyejvCWw,0.00083432,79.51,0.00083432,79.51
1E1h1XL5XhMUyHQKoWSZAoY5CYZW9UKDWR,0.00113158,78.68,0.00113158,79.45
1GZZF4UdTDq4CggTVwiswcLxrUzdg42XRi,0.00074754,75.75,0.00074754,79.35
19Sn4kBhTvdSPg27HFMaoU8UMNv9bGEtaB,0.00104957,79.32,0.00104957,79.32
17FvHeEiVHMit6K7XTEPPqJ9tbwzLvZBgU,0.00079561,80.44,0.00079561,79.3
1JnawdxFWH4u5L2T5QQzytxw6tVDgm3d4t,0.00117274,79.28,0.00117274,79.28
17Z8UCpYoX4ZUetQKCaoM5P6vzEeXxjYx2,0.00106122,76.26,0.00106122,79.13
1DxeHpvDs2MYtNJ1HUAJqDsJdhJhQEDfHk,0.00098535,79.83,0.00098535,79.06
1DdveosNKbuz5bKFrXEigDNmT5E3JH5Nxj,0.00074395,75.39,0.00074395,78.97
169gs3xUHSSCUk4ZQrHpJw8tWotJPhWhR5,0.00117069,80.82,0.00117069,78.93
1MjiBNT3H4eNr8wwEjDRwj6rwC9M9ubTmz,0.0012658,78.76,0.0012658,78.68
1D8JG7EDgcxuAsif86ez2j93F9UXnRy1C1,0.00099078,78.35,0.00099078,78.62
1Dr6jNNkDMiTZme1g2LSuCDhoxseXDqVh7,0.00083157,78.62,0.00083157,78.61
1QDHVMsGjUzxkukstgYP7J4BQEvS4MazJ7,0.00081,77.76,0.00081,78.31
1EnSmAX3apytD5G8adh76iVGHJdwVTujyx,0.00079652,78.47,0.00079652,78.12
1CZ7puaQNSfgHTHt7yA2x2nxR3295vhDoo,0.00128775,80.05,0.00128775,78.08
19vnvPyqAk6qtpP5ajpJ1Z1S1LqCvwXrY7,0.00078203,74.2,0.00078203,77.76
13ARUpYejsB2MDNRGYDru61Sk1qfFcXmQJ,0.00113622,77.83,0.00113622,77.53
14CgKDuTqHDj88osGF2M5wiUiDMcaBUwNw,0.00123488,76.9,0.00123488,77.46
12MmsN8TZUYe5wzCAknMuQGrGZoiScQtey,0.00079163,77.34,0.00079163,77.34
1AMWGUbEX6gPMjmLavBnVSceG1iwWFgWK4,0.00072825,73.79,0.00072825,77.3
1H72Lv3iZf7DMA54zLYUrSkW3BVN2j2t5S,0.00079303,75.7,0.00079303,77.29
19gMeawxTkdzDu4BguNo5FCpMUsaoC36Lm,0.00081543,77.52,0.00081543,77.24
1HsDF3HZZ71auFbqbq4fmJwr12qk6P9yX1,0.00121972,73.96,0.00121972,77.09
13D1R3QdZbYTuQrjGonxECGTxWzKPPTGk1,0.000788,76.79,0.000788,76.92
12Wo34VFHofyD4TgJKSF2PVx84KD2X2JVP,0.000736,75.97,0.000736,76.66
13oSaCQM8tjQ2n521gdM7g7vf3zUn6gFvB,0.00080397,76.62,0.00080397,76.62
1PckUfEnYZniNPiHFHuXVRFXZXqGK3j3cX,0.00114141,76.56,0.00114141,76.56
1KHmWd7PksaCtW1ycCMhXpfjqQvHgABZRr,0.00111872,75.04,0.00111872,76.55
1HmA3Th6rQQHvP1SVnTJEHKp9LzB6iVmfx,0.00105744,76.91,0.00105744,76.5
1GzZgJqwumPTixUqQwNjPXnkRH9LYne9st,0.00102705,73.67,0.00102705,76.41
1BGBddKtztDEnBquC7iYW3eB4MfNP6AAH1,0.00080559,76.16,0.00080559,76.16
12LZqax4ESHwJ2zS6UpLRnZzXv5DFcVApe,0.00084257,74.11,0.00084257,76.15
1D1SwhE3e7jk4o9JxE21Ua7CqTGaHrhrVw,0.0011124,75.0,0.0011124,76.12
14ni38RnB18t73Smkt9up6Sj5V9MYM8p6s,0.0010239,74.18,0.0010239,76.05
1JtXrQxGYoVfnWUkEz9jYDUhtZC7Hsq6yy,0.00075212,72.63,0.00075212,75.59
1JEjgLqkeSn2YTYyfpAgbANY5S1w7gc27v,0.00072838,75.54,0.00072838,75.54
1MX4n1NAWTWXFM5A1gAoHBy8gU3RbpnfL8,0.000799,75.56,0.000799,75.53
17WxYS9HN311b8V9pPd21XWXPa1K7mKujH,0.0012075,75.52,0.0012075,75.52
15Pn2Kwt8CGcLpA2Zm6DADR9ptyaDsFMw6,0.00072744,75.44,0.00072744,75.44
12Y3GqGneaBarqR3aHNoZSkXoVamP7wdbE,0.00110228,74.32,0.00110228,75.43
1KbJ9QaTF2HA9gh47Fg72U61fQTACeNySP,0.00079612,75.68,0.00079612,75.41
1GA3QPcMfrFHJbD1js3jwCswPxpqVXgMKL,0.00075764,74.75,0.00075764,75.33
1PTowAjUrEaH7AuCA193WoBnK7TexiY7Eh,0.00075084,79.63,0.00075084,75.24
1BgbJ8LBtiMadwy4DwqHJNkqkX9NTdvKqR,0.00123943,77.04,0.00123943,75.15
1Hc6hGKbE1VdqHiaLxNJssNCrbcLiKdZxm,0.00107955,75.3,0.00107955,75.14
1ACqKLg7kpYSvjbq8ULmBeJE2Kr5sAyVPu,0.00076573,75.72,0.00076573,74.97
13AtLtphpHavpHknhZSYVnYYyRwtK82nBt,0.00076166,74.87,0.00076166,74.87
13vHzjGZPTs9dbPevy1gdvvpDnBoRV861g,0.00085608,75.29,0.00085608,74.76
1JZwmZ1KNBXGqZDzhxvt58LD2RofjxxwE6,0.0007755,74.62,0.0007755,74.75
1G9bQhtnsFUwsrc3U4wJsxgVCbUTG1RdaE,0.00112113,75.59,0.00112113,74.74
1KxEUKgpDrbXXbTXcuWMRK92mjaQN4ZqrV,0.00077952,71.69,0.00077952,74.73
13WjpQGb5jjMz1wVCptj8DcMuFX4NdgQWf,0.0010913,73.58,0.0010913,74.68
12ewoGpx4whwESfp2gpYwrdLeSXiCujDCA,0.00106693,74.92,0.00106693,74.63
12HHhDdmbfZZgZydQS1SuTzruWZ5wJH8TP,0.000712,74.44,0.000712,74.44
199mEDCiegkMwjC6g6zeBDzLiCMaETGJJk,0.00078829,77.13,0.00078829,74.4
1GNoCgpQwBCTTQEahusNCZEk7tKgkMsUfc,0.0007,74.3,0.0007,74.3
1JE7iLLVhS829gLPghi9qmXunsx6ri59QK,0.00072283,74.77,0.00072283,74.18
1K9dCmriaHbdawWU7DXLNrmPwfnEjT6HRw,0.00106705,77.2,0.00106705,74.16
1Jg67bnVVS6DR8S88AvDwMzBC9iyjUTsJR,0.00074347,73.3,0.00074347,74.15
17PM9hanfv18QdGXBdoUqobJfAFQyCaim3,0.00096702,73.36,0.00096702,74.15
1Jqb83CX2JgfxoJUxhJjsHRhZyd874u5h5,0.0010767,74.41,0.0010767,74.14
1CTU6HRbePjx18CkKTvpdmws24R6egWAci,0.00074133,74.97,0.00074133,74.14
1GKoJaoV3ztn8dFLSZiu9uzEvEJDGs1f3r,0.00079759,74.12,0.00079759,74.12
1AYa25wc7J7xfqTz9EdLrnZY9vfVo1mZNh,0.00107181,75.46,0.00107181,74.09
1KxN1M1aC6FBuy2fUJ9QbjQEid6KvbLr29,0.00084825,76.66,0.00084825,74.07
113BTnoiNKZHTy3GeEUKjpBGbPzBFEDba6,0.00110929,74.79,0.00110929,73.95
1AxqxpxEWFYuSyn8p9G9TQfUURuGBFktdb,0.00091913,73.87,0.00091913,73.87
1LHtDNxEgWrvvkzAkQ1AeoFBm15cx6Z9AQ,0.00083456,74.72,0.00083456,73.77
1Q6jrzP3YVsoX78j6wcgwAdcj15xM6UW1W,0.00121659,73.77,0.00121659,73.77
1DcV2hz33ZstGuDKSTjSPEorQUc4moRy8U,0.00070307,73.06,0.00070307,73.73
1HFnyRgawYCdqp9nuaqfUdFy5ZDMXeaUJm,0.00075706,75.86,0.00075706,73.66
1AAQSyCwttHTHhx5wxfQk2FWKXghhzjC8F,0.00084302,76.19,0.00084302,73.62
12zJdMG8RijqSzZF1b9angoow7yBfbPgNr,0.00075185,73.43,0.00075185,73.61
12NYJP3WZqsGQvzqr5pmHyuop7nHPcTdF2,0.00101569,73.88,0.00101569,73.48
129Z5cEr2u1UyTWVaKKwQXkKPXs5YK6EGt,0.00108835,74.42,0.00108835,73.38
17fTHJuz6kqyWuU2wduJo6VgkRuo1pgbpy,0.00093439,73.31,0.00093439,73.31
193MzE5q2JGtFZzDpF3RGsTS6AVAXZmMVA,0.0007914,74.13,0.0007914,73.2
1EX91R8jvqNd1SYRz5Abj8MBJSjU4Qu76j,0.0007514,73.43,0.0007514,73.11
1HmSTZGcErKkYHCGNtBEAniyodprM9AbU1,0.00071093,74.47,0.00071093,72.96
14YQPHBgsqLckyKuPavkHMS6iNFMDHdA7A,0.00077033,72.83,0.00077033,72.82
1H2jGmKy2BwHfUpKzv3uM2yPwbHWXrJdWs,0.00074094,71.59,0.00074094,72.68
14c8W1gR4eGQmUfJbzDUJuPhZNJbGymMyC,0.00097876,72.46,0.00097876,72.47
1NvmwJmF5JXHx3NkmypAx1TVqX1P27MMUx,0.00101983,72.46,0.00101983,72.46
152aTPtCWjEJegnnMuPmfjTftNwKWds9so,0.00076838,73.6,0.00076838,72.46
1GScvAP7s55LgvKsaffbVNuYductQhVjC6,0.00072045,72.4,0.00072045,72.4
1J9HctAYpwKjD1nY3n35dEWu3Gz53dB7Sm,0.00105069,73.8,0.00105069,72.26
1KJoLNQ9xR536J5Rvc93S61hSxD8NbZ5mg,0.0007224,72.55,0.0007224,72.24
1Lsyfs21y4jdm9WebcDeCiZXRuu2R9Asys,0.00114818,71.01,0.00114818,72.17
1Mvwtp7SEtrNCgYiUpgJhHBYUvGaqnavNp,0.00085157,71.14,0.00085157,72.05
1Nnj9yLPqduEijAc3PQ5npjbTFK47CHr9j,0.00074498,71.97,0.00074498,71.97
1LivzrjeRT9Q2VsNdaGguGMWNwanGutBgV,0.00074107,72.04,0.00074107,71.95
12gG2uACvu21wiXbPitri791jweMk43cD9,0.00068973,68.96,0.00068973,71.79
14uG3YUPjo1GbzmSfZwxaQzNcN3eUB27Ho,0.00080809,64.95,0.00080809,71.64
183LNjEbcyUMJNh2LynnyhMbA1ajG87VUg,0.0006991,71.74,0.0006991,71.37
133bGoZ7kGC1JQEGWu7TgNE1SpMsexLNae,0.00072496,72.36,0.00072496,71.21
1LEPekuX8WdG2oM7iyR7bdhnoJSwFa8Lfh,0.00070106,71.04,0.00070106,71.04
15ArmTAAWkkpTy1eqmfNXUbubjNC4aTWbp,0.00101048,71.5,0.00101048,71.04
1PtVYMNgTUNP2fTRMre8ovavi4ZrdYhN1E,0.00074963,71.26,0.00074963,71.01
197vjWFQmFHKGVFtrYyj3xDTGbhBkyh9bC,0.00103749,70.21,0.00103749,70.99
17e2w5P95N4g2xmMJi18wnrFAESAALGA1K,0.00077671,69.2,0.00077671,70.99
1Jigs562DBscbMuS3zYgYeL6kemZq9WggY,0.00112292,68.09,0.00112292,70.98
139vwaf4JBYabVBnFw4s4jVrkktgsATTXX,0.00071364,70.41,0.00071364,70.96
15iZXzaPem98SWTvoZXpWk1etK9pcXiGEa,0.00074522,72.5,0.00074522,70.93
1LDukfb82boXysVi5io9CCFexjBExiZdeN,0.00070543,68.12,0.00070543,70.89
14DMgFUDASyHkTgHdL6yJvSNep82bWvLPv,0.00068311,72.51,0.00068311,70.84
1Dox1EzwvqFWhBXx4PMHXKGWUWDUQNUfTo,0.0007504,69.27,0.0007504,70.75
1QH6PmGM6HHicejnsL4bAzutnomsEJFZMG,0.00068152,72.34,0.00068152,70.68
19DJNwmjcRt28jbRmXhEfFmLys7YKxZdcE,0.00093449,70.62,0.00093449,70.62
1LVCwjdbZJsgBjWU6BczYc16AoimAi7fY2,0.00073043,71.05,0.00073043,70.55
14o1xpMu2ZL1HHF637Wpe1Auix2EKhmoKq,0.00089205,70.94,0.00089205,70.42
16ambXoLfUvnnzCqxvaQSSRfzXUTZzgczo,0.00096825,70.59,0.00096825,70.42
1vVhFxxdE2m3EoXkoGCkm8mxsEf9ZUtZ3,0.00074616,68.38,0.00074616,70.35
1M8s2BJdaBGrW9M3MN2TN1iNxTQk7AvoKf,0.00109965,70.49,0.00109965,70.27
1JzDie9kBtJydy4qCnoHmfX4CqBfF6LcC6,0.00073305,67.73,0.00073305,70.27
161Zvx6ojTkL5MqCU9EwmnEZZJi7HGFwox,0.00111058,69.46,0.00111058,70.2
1G2uahwXk6Cenm3iodWnH1CauXPoHzo3Eg,0.00070134,70.92,0.00070134,70.14
167QUUJMd74tvK5CRufneGw2QSCDKexBj9,0.00074158,70.11,0.00074158,70.11
1K9EEmZoyLimMqScs8oNhERRkigo8iCrHV,0.00096884,70.47,0.00096884,70.09
18m4SK3ayCtXNZ4ck7GkCbfugg7XYpfACo,0.00067899,70.41,0.00067899,70.08
1JVPLsXJLJCBb658DGAjK2mgTWqo8mt9Z,0.00115302,69.91,0.00115302,69.91
1Ag95gvZvk9LGBnnQvAsoyif7mguguoGQV,0.00066835,69.88,0.00066835,69.88
17kMDgfG86t9w1K8JwckkLkWjSguHeFnjM,0.00068207,71.43,0.00068207,69.86
1JkTq4SiVnNE4UZY9Nx3sdbeFf8H4NEktX,0.00072309,70.45,0.00072309,69.86
1DiSmhNoNpxak912G8J1z6jhJc4kT9PuER,0.00100517,71.07,0.00100517,69.86
1BNWf47aMznSqMRynB9SmdT5Baoo2cpZqr,0.00065791,69.83,0.00065791,69.83
17Y9rkGaCR5UpWmsR8LESPk9ZZ5Ubk7ona,0.00073857,69.83,0.00073857,69.82
17qUeVqmMY1giLkM2pr6dpXRSfYZcK2fC3,0.00102096,69.86,0.00102096,69.81
1CWp8mwgjeCcrrDiXqscGspsLGCq96347j,0.00105587,69.78,0.00105587,69.78
19iHXVdFEPpTCXtLCjxTDruAoYDpejz8zH,0.00101958,69.77,0.00101958,69.72
14xvLfFHTSPN8Rd3XxXKFqMs7h6NqPD7Rq,0.00068939,68.76,0.00068939,69.7
18wRQGEXin4RpMnpVf9dqCVp8xEdmGnZd3,0.00104399,69.36,0.00104399,69.67
1N9nzJ49e4TxMMWxbx7oWTZubwK8xbktTV,0.00112094,69.59,0.00112094,69.59
1HwoPbnfuAVyXUfer7PdpJdzxDak62rnWr,0.00069983,66.4,0.00069983,69.58
15PgwcKz3ba7DwAeiRGdb11UUUrpTBDNtP,0.00074967,71.44,0.00074967,69.56
1BdciEjbunLSpWunnPUYvhrEqPhtfaYdFY,0.00073587,69.39,0.00073587,69.39
1PP1bKCnk2rsxuUb6BRvSFFkEJVyxHbAAW,0.00070271,67.35,0.00070271,69.28
1KLpw523tx4YiCTVWxCGAt61khE8ugrG8k,0.00071136,69.2,0.00071136,69.2
1AMgeeWzrfjWxTeMkbFGc9AjjskZWpqccT,0.00070377,66.36,0.00070377,69.19
16DymJN1oYTcfZxcUMQzzmAEgbACP2coBz,0.00070126,68.27,0.00070126,69.17
15EHDTwiNRmo3Yc1VdCQHwwhZM5G4Xn3n4,0.00071646,69.49,0.00071646,69.16
1Auvpm5v4k1ntPD7vQyea2S4xdyB5J3p3R,0.00101564,69.09,0.00101564,69.09
15jugcrFXkAKGjunHWDi7HwDCxUEmEEu1V,0.00111,69.07,0.00111,69.0
1MpCGgrGLwUm2UXSvg3y2bhfMYkCGSZLNP,0.00112137,68.76,0.00112137,68.9
1GfLvZLCgLn4ecSaMqQBTmtFkLUsG4nkWB,0.00071024,67.91,0.00071024,68.89
14Nq12iMPm7pjQgagfxUvas53zZ61t2AVd,0.00069078,67.5,0.00069078,68.65
18jJsWDrRK9o8E4ds2WbfctAsyUeYXTxgt,0.00068502,66.17,0.00068502,68.5
1KZ1P6XJSGLFQXPNJDYN7vm4UVqinjA86a,0.00085209,68.48,0.00085209,68.48
1ARziGLYz6H2tV97Co16yzBmsky99wb6gC,0.00068699,70.15,0.00068699,68.37
1A8HsGacpbMbdj3zgdmdr16jgNgVoFYeeK,0.00067381,68.28,0.00067381,68.28
1CATs3MJxk78cAyiVp8891tVLvJYWJfz2B,0.00070134,68.59,0.00070134,68.23
1H4vc7vKvdGDE9JUi2WUfyySn6XBx4oeho,0.00067334,68.23,0.00067334,68.23
14MSWNnDjuZiJsxmdYxgvLvB5Jd8r5YfoS,0.0006952,68.75,0.0006952,68.06
1Lnv1qw3PuH5da7xmVd1yZMyJmocaDjVmn,0.00071805,69.62,0.00071805,68.02
14tT4QpDA7KC8XqQaskr3Gy8u88ByCxyRm,0.00077181,67.99,0.00077181,67.99
16Re5onMRN6tToJbEnTwNWYrdHtrP2A82V,0.00077852,67.98,0.00077852,67.98
16LKWFqoDrNsuNipSqucnsjYfUSpEmXoT2,0.00071854,67.93,0.00071854,67.93
1QD4miD45qN7R1PJaPpgAYqbQ8NYSu7Vkp,0.00068103,66.02,0.00068103,67.93
1BdKZFpFvVWMETuAmVD8qvcoCPAMxZM66v,0.00068301,67.39,0.00068301,67.91
1EyaPWdQfmRWyBJT7R7P8gJv5MCKczWUU6,0.00069647,67.88,0.00069647,67.76
12c9NnLYr1B63hoe7f1BenQLALyz7yeXi5,0.001,67.76,0.001,67.76
1LbHGEp5vDuYHNVDTTGApuK6A9NiGCxDkt,0.00100318,69.25,0.00100318,67.64
1BHGv415dV3J95bRC6SH6bqezwjsxy3WTu,0.00069134,69.34,0.00069134,67.59
1H1ag2hwnvKrtLDouFcSXwYG4PxJZef3R4,0.00106856,64.46,0.00106856,67.54
19zVHrv8pfaCD8cDVvZ1Uo6MezHsXkZgg9,0.00102144,64.56,0.00102144,67.5
1C4X1o2iLepaw2jrSwJWKmeagWsZfHkjtc,0.00101187,69.01,0.00101187,67.49
16j88n2prE5NcRb13ZKZ7iH13SfD38CsY5,0.0010009,67.44,0.0010009,67.49
13FWwrRY8ELkaAedsCZsRSFyQG12PFbDJM,0.00070486,67.57,0.00070486,67.42
18qbdNmkrjxXdjZczcrgxV2bcPjYGaNoNQ,0.00068355,65.52,0.00068355,67.39
1Hdy8yrB6P2AdrNH59BmBUXBpoXHYkmSuM,0.00064894,67.36,0.00064894,67.36
12sBSmLxbMBySExmM4g4srf5KzgU1Y4jVB,0.00068288,65.49,0.00068288,67.32
12cPrynh2sCQz3bmJnHfbcT3ZfaVcrEt5r,0.00066532,66.36,0.00066532,67.27
1L5ZDahgZX4C4CFwnmzDkxHmiiB8FRjHdA,0.00070993,67.25,0.00070993,67.22
1FG7rZ2sqPNmkt3ktwqG3jvc168yktcYSL,0.00088495,68.01,0.00088495,67.16
1A9yUoqMaR1eujynT61hiDq1oaP6kTKbG6,0.00068259,67.04,0.00068259,67.14
1P597aktqtSDPPkZ2yPtmcxEMmeXQG4oiw,0.00070977,67.11,0.00070977,67.1
1F3iZtG3kmJ6RfGfdH7yME1jBaqDRJVY2J,0.0006941,66.39,0.0006941,66.92
16fchLuf6sYe81mAJLxKUUqT4T5ZEa7sz6,0.00072039,66.85,0.00072039,66.85
12d3L7cHhREHW533RoK2HySA3Jf54Qjzj9,0.00067964,65.52,0.00067964,66.75
1PPXuvYE5HDCCg1X6xRVf2ocLyvFUyekdB,0.00068552,66.81,0.00068552,66.7
1HYdMC6iP4vhFGSbeqmxw2VAc2oLAMtPMT,0.00070279,66.81,0.00070279,66.57
1Jex8W4AbkCKFqdtbzEu4t4BEDGSLUEAHj,0.00107383,67.31,0.00107383,66.49
1LKkikvyQGoz26G9jK1u3GjPDQ15azVq26,0.00065566,66.44,0.00065566,66.44
1MGCfHZVTvt6xiqitqHPcaKFBuQFHAaE3e,0.00067389,66.44,0.00067389,66.44
1Ms2HaxB5Tpx5EiEQDs1mbMdqSkjSfB397,0.00069153,67.7,0.00069153,66.29
1BF8EM3oEURiWsTHaCEDvK3Mv6eU5pzNUD,0.00109251,67.91,0.00109251,66.25
1GB32ra7gGcXTQirzYWJRoEvftEJ6rzsk2,0.00066373,64.35,0.00066373,66.2
15Cmak5pJ79WhqXnUZTD6gawerBh1M8jkZ,0.00068283,66.28,0.00068283,66.2
135oXNAicecXAjgG4bC9hhLBeo8SStD8Wr,0.00067612,66.19,0.00067612,66.19
165S3Q6ctHACVCoJBLfRCZcihHGjGhRmZV,0.00070009,66.21,0.00070009,66.18
1A4kScH1mRMNwEafsmhC7yqeZymdEzjnAL,0.00098586,66.14,0.00098586,66.14
1LToVzKX6yd4JKcviioMW2pd5kacjsW7Qz,0.00067331,65.3,0.00067331,66.13
1N8bLuFTB1qLfixRrLAv5WUqvq2zHzbgZh,0.00104557,65.39,0.00104557,66.09
15WbXXPBFDdv8roVfpJjsUF4neSu6GmzAg,0.00072503,65.89,0.00072503,66.08
1K9Ph4HmsTu5FH3LCwah7A4nYqRrL5muQE,0.00065383,63.13,0.00065383,65.71
1B79zZDMmZe82JfHbBpYL6MzVYJgt9u4Dv,0.00085504,65.56,0.00085504,65.56
1DrjBSK7sa3ybx4QsgoWuhDoh3dkgQdU2q,0.00068361,63.58,0.00068361,65.53
1u1XZ5zSEsngCR19DJ4twbPWMzSZiWoHt,0.00065819,62.45,0.00065819,65.44
14KJFqHx77Ut3phz4J83JmjMDiLmMoqVco,0.00098826,65.31,0.00098826,65.31
1Dvp9AAGuHLWv4pRUpncBREsKwYRVDLLQK,0.00067101,65.52,0.00067101,65.28
14cr29fXUpKNwt4tBdeEyyCBy6xkanY4hd,0.00070273,65.21,0.00070273,65.21
1NJJpwBgvtWZQV84H6abgrESYSLzzSHsUG,0.00078818,66.66,0.00078818,65.07
1EWqf6kC32V7aYdx8zLrxZbV9DP1zo9osC,0.00065209,64.98,0.00065209,64.98
1GeZ1n9F64TQqEf9NtNq7peeAGjgXBFaTU,0.00098296,61.8,0.00098296,64.96
19e2iyrKQV2WfE74djUeTZeF2CihH1FyZG,0.00071798,64.51,0.00071798,64.95
1DLztEtQvrZssYNRLPviZZYgzkfbQARZEk,0.00068348,65.37,0.00068348,64.94
1Jsx1tZ3uFor64GcfKqJ2Tg7brWDY6nRu5,0.00062157,63.36,0.00062157,64.9
1A9r2vuE3kAsD9R5bgk5iNdwe4xPKEGJuZ,0.00095482,64.35,0.00095482,64.86
16rqfEaU5irHuUx5hsRH3bfCbozwCxHpeb,0.00072113,65.51,0.00072113,64.81
16D86LD8sYAkRTkfJrMn42kAfESYsrAAy9,0.00077637,65.19,0.00077637,64.64
132NvFRWdFw9ogzdA9sA65MAZE5pfWZopj,0.000862,64.67,0.000862,64.53
18irBWgN8v2vLUozKLA389vPnD7ro7g56P,0.00096667,65.93,0.00096667,64.48
1Kzj7Fv6xzuzpG36z4ASRtuonR6FKPrMPS,0.00071003,62.0,0.00071003,64.32
1BdKJqaU6w7PeVXCJL6p6E4kqK6JtdJiac,0.00092549,65.05,0.00092549,64.32
1PEsrrgEGSz2BpX4kjR7bE6wufr5bPr7je,0.00062732,62.93,0.00062732,64.13
1LFwVbuGFZouWcd34cqUPV4TbtRh41ZmvD,0.00095831,63.89,0.00095831,63.92
1KzokN67iW7FPVZBdrDdPqwxRRR3EhR8za,0.00066094,64.62,0.00066094,63.86
13f7qbRDzFXLY7cf2WFLrSXwxda4BUf5qv,0.00100808,63.06,0.00100808,63.8
1Pn2a5eG3LTFfJmp8mrDL7qhKg87kLwmpt,0.00095459,65.1,0.00095459,63.67
14z4oGXo5d6VTPiqRgmrBihQN9SDYBEDKd,0.00094427,64.79,0.00094427,63.67
1K7fwWPpkCnsguuBNZdnRQf5aSJGixiM1q,0.00064808,62.85,0.00064808,63.65
1CuLEQbCbeybyouVpDo3jxFQMjfFQWctoK,0.00061969,64.99,0.00061969,63.59
1QimPS7UrT6bcBvW4N2uFMQtGKuUL3gTt,0.0009621,60.81,0.0009621,63.58
1EjmG3i2wQDLeLwyoNtEA3noucgrrtX25f,0.00072683,63.47,0.00072683,63.47
1D2KdkuPxAGZbZWJDV7Xk661kSF5yTHhit,0.00085297,63.47,0.00085297,63.47
1L2RRsZwJW1CPNWNhiGDisCBizSGKUkVyt,0.0007,61.13,0.0007,63.41
16YBpeUj7P4WK4zFeEnQWWBRnkaFjsDGz8,0.00061786,64.8,0.00061786,63.4
1HGm6i3dfZHVZ8UPA4t5KhRzFkMWAyrE8D,0.00094513,63.39,0.00094513,63.39
15C1Wvw6fVQexBejLfFnyiBhfJTuwKPvzd,0.00067032,63.38,0.00067032,63.37
13NkGYtSBZGn2RkdnWp9zfV9UHMPVUNtaY,0.00066837,64.8,0.00066837,63.31
14iYEqt6KYhBnsHB3RvhG55Z16Zzeg6g7v,0.00065907,61.3,0.00065907,63.18
1ABpWyLYJisGXcKhsj81c2ajy29UcBz8qh,0.00095506,63.11,0.00095506,63.11
1DchtAz4HBtSBdVsr8JGEY9cvZyVqJR1Fg,0.00090805,63.83,0.00090805,63.11
13GMmzWX6ZuaiyDevrmg1GeG5vgp3t7ymE,0.00095423,59.99,0.00095423,63.06
14GUL7sWEy3sSovCSsTca1qYQB7zwxR9qw,0.00066165,63.06,0.00066165,63.06
1QK29ySZJgxyMBCnKM8s545ZkVNJQKcZGc,0.00063621,62.92,0.00063621,62.92
132vebbSVeL3ofTXLZ4QrCQPjeG1ok7r64,0.000659,62.53,0.000659,62.9
1LRzuxbkAinjjknSpvJ7KUejtzpqHSrCAd,0.00066462,62.19,0.00066462,62.87
165KZFBxKbwZWTHJaKsisQDh4CCf2DrnRH,0.00064262,65.12,0.00064262,62.82
1McGREwn71ZBRDUBGpqgWFCZLesqcZoDKy,0.00094875,59.65,0.00094875,62.7
18dbSWfQE57cU3mkiAd8LRpQ8bhDgaAbQK,0.00064108,65.67,0.00064108,62.63
1L4XJuiGbykZmh5FqcWPdx9L18D5Tad2Q5,0.00090115,63.34,0.00090115,62.63
1ogiwrRq46v6VqedpkmqruPJQP8LGcPhT,0.00064437,63.41,0.00064437,62.45
1KLEeJrdC9bYi1D4yGXunDnD1ngHVcknnv,0.00094424,59.68,0.00094424,62.4
16AfnExMe82bV8sEaC7qJfZ4oosdsimwih,0.00059887,60.18,0.00059887,62.33
15FUzgErZW3acNs4zLeTEUoCFdNmfhnXZg,0.00075386,61.8,0.00075386,62.32
1Lsyw3aHwhp7tWKUmFa1nWMU5o5tnxm3Rv,0.00064857,63.23,0.00064857,62.23
1MUMNuBxraaNkF3PPtQtEgakczN4mQU6rm,0.00063931,62.53,0.00063931,62.2
1BiX1bkohdJcczPEpiEqWvLYLLK715xPQX,0.00062193,62.89,0.00062193,62.2
12T37nsc1BaFpj4fP5rEJ8hLtvgkV3jJKQ,0.00062003,62.13,0.00062003,62.13
14GMfCgr4yJGXKU53o8vUKrk8pKGEbZLLu,0.00061809,59.47,0.00061809,62.12
12sn8rMXRhEfHuENYnexCC6EohBMdcCyB3,0.00090656,62.03,0.00090656,62.03
1MtkLf8v82qcf4mysTWVdWTQYdrVc3C9P5,0.00096717,61.82,0.00096717,61.96
1FW4xVUqqMRU4YWT1SMHeioSbFYgo25mti,0.0006562,65.25,0.0006562,61.88
1EwEZimrguWJJePkCkqppspCui4jgEGG9K,0.00057969,61.53,0.00057969,61.53
1PDFK12jP1uVgdy6JHgs5m2AnjPJrCpAXi,0.000598,61.07,0.000598,61.52
1LeEYCr5awW3bV63SHForJ2tecaymGrH5L,0.00064627,61.52,0.00064627,61.52
1AcEaMDvupHs4mfKFAoS3qoZs9mu5teng,0.00063185,60.92,0.00063185,61.41
1E4y3C5cxRimuS3KENGkhGNphQov4YzSFw,0.0006653,60.84,0.0006653,61.39
1PZXfPQFviDLVdtWeSCwSo77jeLj2wizSg,0.00098707,61.28,0.00098707,61.28
1CqwxoTui6g6snXam9SrytNprzJC9diZxS,0.00088182,61.98,0.00088182,61.28
16UeZny5ipvuR4i25YgfhKm7Fg5BT1VGRS,0.00064272,61.25,0.00064272,61.25
1Ld61C1C32vusCw4soTahaW5ntnSG2Ton4,0.00072239,60.37,0.00072239,61.16
1B5S9w22Hd3ANbjZsVjgPs8AYzuvH1GFuv,0.00061412,61.14,0.00061412,61.14
1JxFhpNTR8NSkiqM7gCWWPDYMtAjPZMnSJ,0.00060248,61.5,0.00060248,61.05
1NTaXhYweqzcgB4fiYWCcz5erSSXX24pMd,0.00097491,61.0,0.00097491,61.0
1AVNjkqq9EfbwG7SrpRa5eBNuqU5aJvvxE,0.000636,59.15,0.000636,60.97
1BxfyuLfAvX9Ho4SqaF2KavoKw3tApjQcp,0.0006,60.85,0.0006,60.85
1Ec73qqasaeH9H43TXHyv1mTEHyYLoMbN4,0.0008107,60.84,0.0008107,60.81
1EYHVUKvb7QyfWnytgczrFp2zsXzerCXQ9,0.00096792,60.07,0.00096792,60.8
14KPYNaX3HAseWmNk7TnNPwcmHQHm7pyGW,0.00060676,58.61,0.00060676,60.68
1QBNLFeXEcEW5S72EB1WmeXoZ3a7DL9wQ1,0.00064304,58.17,0.00064304,60.63
1Br5bY3DziL8fcQWgnnNbUxjPPJLZxCxzX,0.000619,60.46,0.000619,60.6
12AABj53ShidyDWrpAG3nESK9QNX689UYF,0.00057752,59.91,0.00057752,60.48
1PpEL7zc5RD7Fsqub17i7BZXuFwiTsWURE,0.0005783,60.19,0.0005783,60.46
1HAYYkm12VXvL81KCQgUaFeNhkMmhcbt9M,0.0009546,57.59,0.0009546,60.34
14sGc3EJy5yRswoM2XKq5qUygmwPf3yCfa,0.00079837,55.38,0.00079837,60.33
1KQzg6j8aCqVWJFeLWyfg8fB3FVX5WXF7n,0.00088116,60.02,0.00088116,60.32
1Ec4KQEppC41qzdNBdVVa5UTE5hjybNhxr,0.00066412,57.99,0.00066412,60.16
1C64dz9TkgeH9ZeA6wSogee2TkM98KAzne,0.00061814,60.37,0.00061814,60.14
1FGRRFAq3ECBBst5FYox5zt5toZFYp23bQ,0.0008781,60.09,0.0008781,60.09
1DMJrqhfESZcbZ48bbe1FwcKZ538k4awT2,0.00079507,55.16,0.00079507,60.09
1JHrbursif6oeyECjuoix44Ku14jsjb6f8,0.00072678,60.39,0.00072678,60.05
15iprC7aaYYhKS9h919JAkcn2ZC8aTyMFf,0.00099035,60.05,0.00099035,60.05
18EPjnAGHW4o3p1HGKq4AZvwdeiwPTtwRw,0.00061278,60.06,0.00061278,60.03
1FtihHxETMQx22F657ep5W6ENJNEA7pwm3,0.00060999,59.91,0.00060999,59.91
1DJPU5wyGdJgkusonXCmh1PoXC26qM6u7d,0.00086187,60.58,0.00086187,59.9
1MoDEKvkqRobqFDE6n8h4dw1gAy3RiVwJ8,0.00089852,59.72,0.00089852,59.88
1FpHUngs1vDRCuZetERYXYh1p6rA4mnvFG,0.00057695,61.24,0.00057695,59.83
1MetsWvN9snz9QHvXU87959YBMUPEozi1Q,0.0009459,59.79,0.0009459,59.79
1FCosCfAyTwL5chEMRadonPFFVVL2UcZ6G,0.00063106,61.18,0.00063106,59.78
1Dv791MGBmVGW66Z5GV76FWJ5YSpx8PkWc,0.00057522,59.74,0.00057522,59.74
1CSYeK8YzU67Krrbo3kng3AFhRnRy2yZaF,0.00062286,57.28,0.00062286,59.71
12zdiBdhFAjmrdKzkhMfP1Hyu8J6jaBHbX,0.00063023,59.24,0.00063023,59.7
1EHL1ppQrZJvB5Qc8PNkZgd4J2WfQwk9zk,0.00088865,59.62,0.00088865,59.62
1CRJWmbXsBTmifoamvvf3xQNXboAX1TBcv,0.00062926,59.82,0.00062926,59.61
14eFpbxsHeYxZZ8k3KBKQkL81BWm65S46k,0.00056917,59.04,0.00056917,59.61
1NmgREbRnp8as4uH7Q7ygJFpxNFPo36G44,0.00060861,59.5,0.00060861,59.5
1CRPEjnH7dfZNQsRe3n3554Dq7MYEYgk7g,0.00056736,58.95,0.00056736,59.5
19cj6fX3QaJpNyUZ7cQG8BdzdsDE6jHCxa,0.00059367,59.49,0.00059367,59.49
1Ng67W1xKzx9JedUSR67rSvXWvjaJZaQEd,0.00088648,59.46,0.00088648,59.46
1D91QPGv6KjKuz5Uuwb64ex9uAmNxxZCfe,0.00060726,61.53,0.00060726,59.37
1L2iAv8Y84KkQMBG9J9xpPTXC8fAeo3S9Z,0.00066905,53.77,0.00066905,59.31
1LrHHApHJRFfGfkadXSoAx3tZbMkLHhU7e,0.00059638,59.3,0.00059638,59.3
1KQ4PYXJK5t4aTSiRVB1d7crWYCqeQsw8q,0.00060681,61.07,0.00060681,59.29
13fKmTP72BirwMoqFqEYRR1RL2KWDLxMBE,0.00063887,59.89,0.00063887,59.28
1EMXrhbG4EUeobxt7pD6ekc646U2etUDrr,0.00058444,59.44,0.00058444,59.22
1L2T7HWLNQmYnrPNng14ZgMUSSFYmAPNm5,0.00081553,59.08,0.00081553,59.08
1JQ8yr6NrMhZGCCoKDnWGCWksJd6yW2nHH,0.00088563,60.4,0.00088563,59.07
17mA2KGPV83xacccZwnUxZ9h8h4H9zMAM2,0.00067536,61.04,0.00067536,58.98
186XQVs9TPp7tQXFcty8AF5GjeQNxSkcMk,0.00085077,58.03,0.00085077,58.91
1HV9BD42W3bEchAzQenQ73zcHNqTvfqh2K,0.00061581,59.03,0.00061581,58.9
1CofNTRa1vLLNPeAf91LqBvD9A7FFkNEtL,0.00059213,56.36,0.00059213,58.88
1Brs7GYqm54UqmEnVfv5CB83eox1otBPJV,0.00062353,58.8,0.00062353,58.8
1LZABfKtEQFEXPDHAaKu1FbN8C7asPKMFq,0.00060166,61.3,0.00060166,58.8
1CDAgJNk27ynerbWzRz9ietipG173Wp3uA,0.0005516,55.89,0.0005516,58.55
17nKuqDDk6qaANYfSFv8etzJeCDBYH1u4h,0.00061785,57.18,0.00061785,58.53
186RZRmKhhbSjHRG9DLq7633nhfU32ih9o,0.00057839,57.69,0.00057839,58.48
13vos2V1BUT7ZE9BYRfKXMcH3weMB7qG33,0.00064887,57.07,0.00064887,58.46
1JemiDWvQggvhFFXAj4kNVCtfBzUDLspN1,0.00061623,57.03,0.00061623,58.37
1PRnNpG5MYaxhPax9z5AvCjyMCY5X1ke6K,0.00058225,61.75,0.00058225,58.34
1HDmsJWCru953CBwd2EnPzkA2U2aKjC3bH,0.00088272,55.79,0.00088272,58.33
17H78mPqkU3nkZX3EoW2EcPetEsBPv8ZVc,0.00069472,58.72,0.00069472,58.3
1Hk9i1xj7Krcc4aNvyp4z5aDZ5nZRUpmij,0.00057363,58.0,0.00057363,58.0
149uwKNDz4y3WioEvEcNVid2xHaYo9HGoe,0.00092396,55.74,0.00092396,57.78
1FaPgDybxHFQL6Tmu2o8VKC8g5oKHBvU1g,0.00059616,56.21,0.00059616,57.77
15yDoTFFPcWJLuHb6P9fYysV1zuYKscKq6,0.00060008,57.44,0.00060008,57.75
15BUTMsFCZszMzi6tNstUv4RYmZLu53tLM,0.00057096,56.95,0.00057096,57.73
1JRE1cqsN9ZVPowkCS8MrEtyQqy6nv52wn,0.00087314,55.19,0.00087314,57.7
1JZs6gsukwGEddHrdjdocn9qGN3V4H8y2R,0.00060892,57.6,0.00060892,57.56
177MKGWySVZFQon7no6WxttttXpMqmdC2p,0.00062036,57.56,0.00062036,57.56
1AkWsJAPXu4xvc4hUxQ9EcRfEanjtwveeG,0.00060885,57.56,0.00060885,57.56
12ry1V64SboASh8BPhM39JASKqDrn7VCJX,0.00058562,57.52,0.00058562,57.55
1NNvBqQNoksZY5RBp9B5HSBBSf4GdJqyGB,0.0008406,56.67,0.0008406,57.52
1KLS33b3H4G3mdC7gDVvUrQFDw6yTKdYcd,0.0006,55.18,0.0006,57.52
1G83FUowDBEjbEvB4iBfoHPdZiWUfx4dF3,0.00058362,56.6,0.00058362,57.32
1ET1eCryR5BkcgJxxeU7AUxD2JAjudP2tz,0.000559,58.54,0.000559,57.26
1FTwLUiL8k5PW4VyTmf43ZjyqpFremLuPr,0.00083646,56.56,0.00083646,57.24
1Lpwvn3JsHtFYYVyoprAcPWMk1xVtNr4UJ,0.00058153,57.2,0.00058153,57.2
12swgV888DLZaSaLkiC1XsRbMLnC4CqKuu,0.00060488,57.22,0.00060488,57.18
15uKb6HcBotVp2qNefsS6yUog43GnSKw1p,0.00059644,54.85,0.00059644,57.18
1LDf8bmAhBxPdBG1iXDVVvbdKmWyoJ29Tm,0.00082313,57.74,0.00082313,57.16
1HKq27Rko5s3HUaWdYHQUWjSGEAoCrwDWB,0.00090397,54.53,0.00090397,57.14
1LhVnmttPkZXiJNL7fubCf2c7dBSj8jr23,0.00060358,57.1,0.00060358,57.06
1HKTSRbDFhUU6CfDCCPjzrfbmf2P2fAVpD,0.0005436,56.49,0.0005436,57.01
1LnMAPb3qXjvmTmiWMkU7sMdui5EFtgWcN,0.00081999,56.99,0.00081999,56.99
18EJpCTHEcTkxwoP2A1SJyeB1FcYTryoXv,0.00057088,55.34,0.00057088,56.94
1KY8VBR1v32vzrUWzqRTRdFaMYrtMtMDBT,0.0006008,55.61,0.0006008,56.91
19E3y5rPEt1sEYEPqF972Kx8JYCiNqhbpr,0.00056103,57.27,0.00056103,56.85
1B5nAvqFhGrnSZbd1wStCoNj4uWg2PfJdB,0.00055494,58.11,0.00055494,56.84
1Ev1c91U9atGsZJmA9K31rRP5nW6RxYDvK,0.00055864,56.66,0.00055864,56.66
1Q96cKJfdRmfNaT8shkE5sBqH5VMhR6zBL,0.00054101,56.12,0.00054101,56.66
197h8Q4mvCNvxzfQye4YzZCgEL38n1PWkD,0.0005531,56.65,0.0005531,56.65
18mWGiZcfUXEMu3mfcRL1wE5CKmoPVrTQr,0.00073862,56.64,0.00073862,56.64
19ozd9mjqesdX32RDQUsHaCMmvM1NHr9gj,0.00057655,56.6,0.00057655,56.63
15VW6D8SpByyzN3kdCceguk3gUqMpLCcwz,0.00057881,58.65,0.00057881,56.59
1ErCMa8R28S7hjo3oPKesWSxyyM6Y7X69B,0.00073,56.55,0.00073,56.59
13PWUNVERXwCYwMiqGw1hYj4DwHvsgdS5Q,0.00093189,56.51,0.00093189,56.51
1HCi1q3erGnnc3t9u3it7i9dw9mipgGKxu,0.00059895,54.18,0.00059895,56.47
124Pqz2qdDNqS7P5Rp51w1o9bJ1nzYqkZw,0.00062307,56.72,0.00062307,56.44
18ZSe7a3EMvgKVhfq7J8vPUBVRXseSGsuL,0.00083167,56.43,0.00083167,56.43
1MXWHsAsz2LMirTCxJj2uREVwwmzmWDyC4,0.00089816,55.74,0.00089816,56.42
139sbCne8qDtTUYiaoi2QZDyEf1ev6bE22,0.00053862,54.58,0.00053862,56.41
1PQLhqjo74xQZdCgiiAnYNoiKDzinbu89F,0.00059641,56.39,0.00059641,56.38
1P5o4wMJsCvRS1gtczhcLubpMpBWge2Qe5,0.00067039,53.88,0.00067039,56.37
19sYqfDVrgmKoyLzhkbCsGsNhdEYoP73Tn,0.00081088,58.66,0.00081088,56.35
1CJjE6YhVgiksBrk4TFKbicPFVzzXMNgFR,0.00062427,56.04,0.00062427,56.31
1Pkw6hLxqdPqT5AJuNGJZceNGhpLRAVHVW,0.00059714,56.3,0.00059714,56.3
1K5i5NDSDNweqZJz2c82PVxKf51tGhPPbf,0.00059076,56.3,0.00059076,56.3
17vBAFshUyxZqXwHKmckSZ7WAKWUoVNHS1,0.00054008,54.28,0.00054008,56.21
1JfhgWRknkH525fYarfnTvZGw8u46ZmbLR,0.0008332,56.14,0.0008332,56.18
13FfxZEGH62sh2gQuVFx6ywqRQsYGCENUU,0.00089427,55.5,0.00089427,56.18
18GZzYCn6f2mnPXpDruijmnKmDFtCMhLS4,0.00058939,56.17,0.00058939,56.17
1HpyofHKZm6qYviBNLHSGtJWByAJ7VoyqC,0.00056888,54.53,0.00056888,56.08
1KhFdf9zUNtP7iaPuR42BGRyVDphdPDWzR,0.00057,55.99,0.00057,56.07
13ksxLnk7FFgtGR2ws36baAxoyrHhE3YUu,0.0008998,55.99,0.0008998,55.93
1DnM7x8pH48RgwsmgKK43BpLXSjAtpDyZ9,0.00057475,56.21,0.00057475,55.92
1CJdiWNzSagRK1i2Yo6LhxQYG94ukZe4Hf,0.00057344,55.89,0.00057344,55.79
17CHZJDL9B3QdHv7AM7kcYaqQZSLypKtT1,0.00056507,54.16,0.00056507,55.71
1JJiq4BSaEAdECApCfsYGnNUez5Uc38aKx,0.00084272,55.69,0.00084272,55.69
1GgejQww7Mb68w9DJaBHjGJ2SCJV2vHrVv,0.00089627,54.45,0.00089627,55.65
1BTTicXGHcpvRTxSAkpkcRbSypnrR2jiJi,0.00058148,55.69,0.00058148,55.63
1PpRMaP8aBzPMD4S3tzzrgWKoWnsYUzdCZ,0.00055014,54.87,0.00055014,55.62
1146gNPKwDJTgLkgYZpxXLhPLjPJGzT5M9,0.00057207,55.6,0.00057207,55.6
1L5Lsj5HdkH123s4qXib1mEzooRgXaas4n,0.00053444,54.59,0.00053444,55.58
13TX8sZfH9JHEbsQ9yXatRE2AEvaN1pDrS,0.00059849,56.1,0.00059849,55.54
18MiULqjPL4LbpVYjT1ptg5psiLc3ZuKMS,0.00056467,53.24,0.00056467,55.52
1LeVWKq2dfZPe7cBVAW9tdmZrzY7kKckWA,0.00089645,54.22,0.00089645,55.52
1GARuYuURZRzirHjtpcyj4KAt2djKRKXQv,0.000533,55.47,0.000533,55.47
1Gg9G1LH1i2rdabMTcHHHP4L5jc7LzFtdy,0.00054035,56.67,0.00054035,55.45
16Hu2xsM2N8aRiXUjDjy1nxLLPpd1hgsT9,0.00054829,54.74,0.00054829,55.44
15ZyBZBskGgQBcDxztad6SQ3wMH1b5pXgD,0.00081361,55.34,0.00081361,55.34
1GEiu73HxBYfaj9HrPt5zDh5oPFfyRCZRp,0.00057845,55.34,0.00057845,55.34
18XiLZEEXGbyF1r9o6quYQeiKcao21yta2,0.00058439,55.36,0.00058439,55.28
1Abf8R7vNXTyiYmrPSgnp6UpToYprAzY2P,0.00056804,55.26,0.00056804,55.26
1J2KKsLaanYJg4ZsS7up1AERbENZxJWA9v,0.00052651,55.22,0.00052651,55.22
12G8cAW1rJguA6STeQCkMiebFbpD7YnPzB,0.00053905,56.45,0.00053905,55.21
1NTqvxK7PFJufHcRnmgkMHZ1BsutYcnaRc,0.00087814,55.16,0.00087814,55.16
1DHKCybwXshg2wKqA8hJYqECmECvxorUg7,0.00052967,53.23,0.00052967,55.13
171QphKSo9QFtXuHvHbPLdtZbVa7NTGuY6,0.00088674,55.18,0.00088674,55.12
1NppMseQHc3wWR8QZwxMo9ft5iqtbEtpjp,0.00055245,54.46,0.00055245,55.1
19dq3m3q9uCKieDmpnCsrusXtyX9BJr4zv,0.00056595,57.22,0.00056595,55.05
1NyKKwPsJzEKgcMz8fT4Me8pEQ9rvaY27H,0.00056979,55.43,0.00056979,55.04
1BFq1HdLheKCYXWDggWBhwto7c6GacSJpN,0.00082055,55.04,0.00082055,55.04
1t9Az7HeQ7uybjgb8bRMCqKsKC9AZWGva,0.00058089,55.22,0.00058089,55.03
12hMhLgmbssp9zzHwkKKyGvwJCqVVEY88z,0.00058342,55.89,0.00058342,55.02
19G722899ZC58VqPpbBUk84wpa4cD2t3ic,0.00059778,54.7,0.00059778,54.98
1Kycqe8agJb2MGmRno4pCVUt3jiQhyETpP,0.00058306,53.82,0.00058306,54.97
1Nuck6rzsgaPz1n2bsJWrqQ6SzY7kxPnXy,0.00086967,54.39,0.00086967,54.97
19DaJDcW2okzajBMwGy6tPvzdNzBvjdsA9,0.00079065,57.2,0.00079065,54.95
1GssBN1EaLgXZ8DvJtyRAsj1go62qpVnf7,0.00057449,55.07,0.00057449,54.95
1EALKN2D5SgkKMYKooexMTtp9o2Vid8hNF,0.00052548,54.94,0.00052548,54.94
1L3joota3QE8D1i7bQYUVz1hom5GEgHBm9,0.0006437,54.46,0.0006437,54.94
1PDTZrYkUUfsjsPRCwDeaFWsscHXwzM9gv,0.00056863,54.93,0.00056863,54.93
1EUVPYrhUXwaTdfCKoN51HuGjffBjqqbX4,0.00053785,55.19,0.00053785,54.91
1LR6w1ovqm6PEKMZq1BqqTqaZwYwTNrod3,0.00082335,55.52,0.00082335,54.89
1371RFeC7fpJhBE7vbyv6yNU2Lsxfxzon2,0.00054123,54.13,0.00054123,54.89
1DubfUwgvJtKT3ZugUGL3rVkBuLEsUYYph,0.00081394,56.19,0.00081394,54.88
1MNQBPS7sdUsuop7WrZKiM86mmVa44E68S,0.00088277,54.93,0.00088277,54.87
13ZAG2WTM22mvsHWPo9S9XTBFVkPZV6tfy,0.00056777,55.23,0.00056777,54.84
1A625Hbq9NwA7V8SZyYFNoZHm8hth2nDSx,0.00057202,52.61,0.00057202,54.84
1PEzHkvESWaimFQABvDWwZN5R7wNBuGGRJ,0.00052671,54.82,0.00052671,54.82
12n2UcM3FVr4JdUoXzjNAALQdYD74XZwF2,0.00081284,56.11,0.00081284,54.81
1FpBH35bVpFTBeSEHobJ6Dz4damqgER74i,0.00054034,54.8,0.00054034,54.8
19ZkZPmzjhunfvpSMryaCDt3rRwdL8GEX1,0.00071732,54.84,0.00071732,54.77
15JVwqECDSnArwGR8sViutpgfQtyaGrfE9,0.00056699,55.15,0.00056699,54.77
1HDokBikNfQvYbNVRDS4ULVm1f4Qop694c,0.00080022,53.67,0.00080022,54.76
136nQisynkxmWkVPRMmKFqxpdcQf6hqUHV,0.00053953,53.96,0.00053953,54.72
1Pda5JyvvDqhkSGPQJvHndvDUrYTEh3MEc,0.00057091,55.48,0.00057091,54.72
1CFwsTYf9sYgWiErChqpS1YR9irLh2WwrZ,0.00066308,54.71,0.00066308,54.71
1AtjS14AQGmZMfLnG4EeQ8Mic3QAwf2PLq,0.00055585,54.68,0.00055585,54.68
1921YDYkGk3AdzwsbBHYydByJASghfadZ2,0.00080368,54.67,0.00080368,54.67
1BxsKkemsP3PPUrvF2piqac46T7sHoXq5c,0.00055914,55.6,0.00055914,54.63
1KXmdZic66N6Pq9smAxBoS72f9VddqnXoW,0.00079833,53.55,0.00079833,54.63
1PwEtD7cGAG9hcTQB9TW3w5bNhQZbFtN9z,0.00056542,55.06,0.00056542,54.6
1HWvzwzCKY22c69dFLEt2cRcFAfFCX3ZGU,0.00051411,53.71,0.00051411,54.56
1JaktSVWo1KNKkgzXi7LJCKrJu6k1ukisk,0.00052106,53.39,0.00052106,54.49
15pUj1LrhR4AknF4h8si1LLXfpzoY2HPc5,0.00082443,54.48,0.00082443,54.48
1JN7a7ZJYVbVVZipNuEhYgjjX9LTDmfwCY,0.00057767,52.26,0.00057767,54.47
1Er87dGdUje7SqhbWpQrCC3HK2qr1VzmNe,0.00086693,54.46,0.00086693,54.46
19swLaQa59XufjYqabbuQzvE2DwFmt9E7p,0.00051998,52.69,0.00051998,54.45
1Msvi8QCLgQY41Bt2mNuYnV4aSBPvZKTa6,0.00057709,55.28,0.00057709,54.42
1C6r7VFXeEr4EXpyzg2FKtYYZP2gU59uc,0.00081068,54.38,0.00081068,54.38
1CiNauECZYGycqbmAznEj3jDewWUJUVEB9,0.0005295,55.53,0.0005295,54.34
15DexqErTRQRwbNiJE295iPUKFoDzBB5GB,0.00079407,53.26,0.00079407,54.34
18UcyiZiyRnhrgT2Gzdq4TNWjPUvYXWQR6,0.00085928,53.74,0.00085928,54.31
1BpTSsdYciJtkUiUxQXETwhAJmdjzvtvxX,0.00054418,52.76,0.00054418,54.28
1LCmkJxcWGDD5kKmd3LLiSJjGsuG6DhVLV,0.00052934,55.43,0.00052934,54.22
1AxnQkRfraD1t9Vg5KiTtiUJjar78kqSUv,0.0005345,54.21,0.0005345,54.21
18hoL9JjtGSmy8TByYSaGP7fV6JxcMjyeh,0.00080239,54.06,0.00080239,54.1
1NATyjX6y7J5GYpEhQsstRUzQboheXy9fx,0.00083839,51.77,0.00083839,54.1
15nKHAgDxRvU7cB7uBVi7egBVweJJE662v,0.00080212,54.85,0.00080212,54.08
13p8JvyX3u3KuBwKT5qBpvXN23gwAM2Amj,0.0005403,54.64,0.0005403,54.03
14Mf7QvVfYGGRNCNVwHZ8eH1XWZTU766x9,0.00080057,53.94,0.00080057,53.98
1L6iYjyXwCC45bgsMNkq4KfYHVGvgFBXrG,0.00081651,51.33,0.00081651,53.96
19kMKFwnN44gBHuMU3MX1nkcKGQmWU22Jn,0.00053944,52.11,0.00053944,53.95
12wXAiRjg397DUrYJVaWU8LrTqojcUKvW7,0.00085277,51.71,0.00085277,53.9
1N33b7dC9qJ5GUgMc52nQFXWjWUgymYP82,0.00087668,54.52,0.00087668,53.8
1MYzkv4aWaVWfsuJ71QEPhfy3iAnAM2tiv,0.00066127,52.9,0.00066127,53.78
1Gk7HHgMiHmsqLyJd3SrihsYvdY6RqwDzV,0.00086506,53.83,0.00086506,53.77
162i76aVbVKSiaaLdpRR5PCao1hnxaGUhp,0.00051649,53.75,0.00051649,53.75
1FaqvZrLJNTAJi7ey9LsKbfBXheoeYC29V,0.00053847,52.2,0.00053847,53.71
1KRVt4R3ZXv4YbN5SG4Mc8RhSvzT625jgD,0.00076732,53.68,0.00076732,53.68
1Pz5QyDAnj2i6Q7vJuUGBefRa7t4vjWk6Z,0.00085837,53.68,0.00085837,53.68
1D2T1BKE1rxGxHMZhqX1gJ7br9wPVF17Es,0.0008,53.67,0.0008,53.67
1BDig4rBku36CPadTRzfwV2zLu1NZK3h5v,0.00053558,53.88,0.00053558,53.67
1MMdPBrd1k2RVNggw6p4xQCjpGvoMQ6fPJ,0.00053958,51.93,0.00053958,53.65
1CF24HwCezSWRJiaayWcEHJe5p2L7WzsDj,0.00081097,53.59,0.00081097,53.59
1Kdq6ZPH8ja4cT44tddu6jJNB6XfTkM1Fv,0.00056687,53.59,0.00056687,53.59
1QJ1tQD55UexU57eAK7sxthnXqKPEU8uGX,0.00079416,54.82,0.00079416,53.55
12sN7CyhBWos9sM7wBCYx6tnP3tB3FWKxx,0.00056767,54.38,0.00056767,53.53
1KTUMEt9ijqH863cbDpDYwVxfUrnHNWhtH,0.00055,55.11,0.00055,53.51
1MdcHSbU6qJCJJ5iUaZy2Q2fvDQCm5dYEY,0.000504,52.14,0.000504,53.5
15opHUh2j1stX2KLD2mcXRenk75cCY5w8p,0.00055801,51.9,0.00055801,53.49
1346255h8Fv7qQz4TPo9Di1YzqmtHKqzk2,0.0008,54.56,0.0008,53.36
198FgSpGvMwtcM8iAYQkSCekdEJMwpkv2p,0.00055638,54.07,0.00055638,53.32
1HXpEE57LLV7aeNDMVzVcKvUi4u5AcBMfx,0.00078981,54.01,0.00078981,53.25
1HoMVugrdFVuXEuRedvw497G9xs3J9pCRi,0.00052663,52.53,0.00052663,53.25
18Km6UaBtFWZQPaq1snWnZtyTWgdwJeTjH,0.000545,55.82,0.000545,53.25
1F2uPbU7AHPhXQN8svowbRBgTbUNsqsKJW,0.00079751,53.17,0.00079751,53.19
1RnRFwJeBjqCYe42XbQtoVUUPWJkSZBG4,0.00076627,51.99,0.00076627,53.16
1DUBgPfH5LgX5kMULCWgoYbHqW4QAAmAWX,0.00057277,53.15,0.00057277,53.15
1Mw2nQapXN9dB4NxwJGE5bM5C4sWzuqFTA,0.0005605,54.34,0.0005605,53.09
1Cqgazu9aWAeabr3Ak6yGUjCBCpdD7txMe,0.00078811,53.37,0.00078811,53.0
1NG11YSBY4JoAREwWZMSL5qgcEDhpbuAis,0.00056007,52.18,0.00056007,52.98
1ELQZorx2DYa9GgNK7ezWNA4hGx34p6Lxm,0.00054323,53.13,0.00054323,52.85
1ApfGF6fPsNz9ToY9dKLPNX66jJgcPD5QE,0.00084988,51.63,0.00084988,52.77
1Ao3tQkcMzkEJH2w2omz5NX7y7gAht843P,0.00055926,52.73,0.00055926,52.73
1LzXHakMQATQfykKCtgKSwAa2fQHQFF2ss,0.00051554,52.9,0.00051554,52.63
1AcCws31B4S9HhFUNSaSdMECir1nTy9fSs,0.00079602,52.6,0.00079602,52.6
185gk1imJYfvbTPoVhVm3n9RpRijWrz2RP,0.00053704,53.11,0.00053704,52.58
1JJLWTZ9qfr9rzVqYXc5qAbxqdowLXJMfb,0.0008664,52.54,0.0008664,52.54
14y7GcJc4YFK1SrRDfJ7DgJdC17Qq38Hbr,0.00063972,52.53,0.00063972,52.52
1Gu7sb7PihCZh2oo3KWSGPeFzAUTsn1R8y,0.00053464,52.51,0.00053464,52.51
17gDFJdBJgb9MpqqXJwcRss4ZtLczkWjeZ,0.0005013,50.8,0.0005013,52.5
15mwNZg1SyErrnqZURV4fSLjCtNNhCsiCu,0.00053622,52.5,0.00053622,52.5
1MC6UZwGP6HmzGFMjPBFfX3WPhWGzMM8nR,0.0005255,53.19,0.0005255,52.46
131ZxRTcPGeKxg4gWGLfZ7Bn896KPcMJWh,0.00076252,52.44,0.00076252,52.44
1EdVhtoywLAE3EXJxueco4xowAB3UXh2z5,0.00054656,50.26,0.00054656,52.39
1ERKezRuc5kG2q3KsgWadAveeBAyVMa7S2,0.00057894,52.02,0.00057894,52.37
12mexTGc1JeAPZ7J9dudMdkNZjutx7XxYd,0.0005211,52.37,0.0005211,52.37
1mjvPjNemfuoafsNpsYCXArNjsHNjBHFQ,0.00077119,52.33,0.00077119,52.33
1APoK2j5kCVLBvMtj9P5grfTmTdS5ofvE9,0.0008426,52.31,0.0008426,52.31
184xsP1tMBpmmqqzEzxw2KmhKQ98PpCsF9,0.00053735,53.84,0.00053735,52.28
1Bdy8kLbScoduTa9FwzJFNCwc7ZCpd2nCw,0.00066631,50.92,0.00066631,52.24
18eHvRwMjQZBCK8d6rAggFc4gKWPjciUtE,0.00077445,52.56,0.00077445,52.22
1PZuVWMY5SU3dDtiDHAnmBrdsGgbiPJbEp,0.00079003,49.93,0.00079003,52.21
1Ai5LpjKRB3LRSAyrBbcGH7bxiLpXviCoW,0.00054243,53.64,0.00054243,52.12
15d18nuHTBEiQQtj5BNQGU6qdb8K2gMLos,0.0005523,54.26,0.0005523,52.08
1FgyE2PdprLfFffukAnNa6HKCsEattuhto,0.000513,52.37,0.000513,51.99
17zF6z1xSAuhDw7MCHqk6GXbNiM2vm2U4E,0.00054605,53.13,0.00054605,51.98
1GbmSXKebGbmsoNwZcseSb31822TaqzZGZ,0.00050743,53.14,0.00050743,51.98
19YYMHiGcbAjJsYfQNonMsvCeDxh9cp8tY,0.00053464,52.72,0.00053464,51.93
19kyRiR7ESCRRKTSvxbUfLzad3eU7RUf8u,0.00054158,50.37,0.00054158,51.92
1qNCwDvm8asAGciuzn5TVCSgyd6c8ZRdm,0.00077825,51.88,0.00077825,51.91
13mDiUoXhZEsm6bEpMDC17ZDTPAQ43ASuf,0.00050073,51.69,0.00050073,51.85
1FJJg7Hi5RFYsCAondmtbyQJkpLvfkBT7n,0.00053005,51.79,0.00053005,51.82
19TyMYURTJG2FjhehioqMreQyustn5EQFf,0.00054697,53.03,0.00054697,51.81
1E1Xge5PRndYaDDwNbAV66dP8xeYLKDE2V,0.000683,51.62,0.000683,51.81
1MUtswdKzNo2bseMZDGP4JFdzuzS73ftzX,0.00048812,49.92,0.00048812,51.81
1MCzKD5tccLDETHT642Qq6GqM8d7nVmFz1,0.00054007,49.67,0.00054007,51.77
1ChZhWqAzqWtzTA4KwstKxtZGAAvCUdVQA,0.0005049,51.72,0.0005049,51.72
19eNJmRDURhYnSjz7xwaSeg4pU5Wy7d8at,0.00078246,49.19,0.00078246,51.71
1NfvXFdbXJRpmaMNJ94bt8Cr8B1uKSjWFo,0.00074858,51.71,0.00074858,51.71
1NLduvz49LKqNMhB6ZG2hc4dyvAqzgEkRw,0.00075553,51.7,0.00075553,51.7
1LGzCYKG4PCcv4Dy9AJseMjaMp6x5H32a8,0.00076143,51.66,0.00076143,51.66
1LNx9zvAeJhQMVXCt5sHYEaSwuNZdvPUXc,0.00053092,51.89,0.00053092,51.62
1EA4uKXfkmDsi3ihnCgpYP5Vidb2Q5teaM,0.00050994,50.91,0.00050994,51.56
146Xt4hci9yUi1EABqjYxfJg46NCwqTvZT,0.00049821,51.23,0.00049821,51.54
19ack2RYNf6Kthair4CwtvK1i8ypjwybzZ,0.00074212,51.52,0.00074212,51.52
16a42A8Spq4AgVaQgJaqFxr7YNTnknfxpn,0.0004948,49.73,0.0004948,51.5
1DGpd13FrK7LMNkeqQwyn65X9rCx8RWHuW,0.00052191,50.02,0.00052191,51.45
19yPhQyGffk8j5fmgP6ysz6Mg23oTCb5tH,0.00050331,51.65,0.00050331,51.38
15y9BBRHoUvN6jDzKEXu84B2MYHfznWia5,0.00075522,51.37,0.00075522,51.37
14y8rhpcQkX52kxG8dSZ6wZyui8tKWswkZ,0.00051497,50.77,0.00051497,51.36
12wLsJCWk6wGPiseNGVedARvdexpGqSZiq,0.00048382,49.07,0.00048382,51.35
1FV1J7YisT55VvrQ5UtX22RJACsYhZMSSq,0.00051078,49.32,0.00051078,51.33
1LfdTi8i8j22mriThFRvgqMLiFSgkek8iZ,0.00067905,47.11,0.00067905,51.32
1MgzqJAkQJwTnJcGUmaAW3jUPj9pUFF7Ed,0.00076931,52.47,0.00076931,51.31
1LjG6RNHBj3YSxJxHz9p4xnNZNuziTtRJ3,0.00050742,50.61,0.00050742,51.31
1HqvWSE6mDA31bZ6AoyQBF4pGvxaYGmhTy,0.00050566,51.28,0.00050566,51.28
18rGGbw1M4GUWzPj8CcyDiTwbvKcpm9no7,0.00069009,51.72,0.00069009,51.28
169yE3Uon2MfjMQieLVdriyE4e2ivq7DTF,0.0005,51.21,0.0005,51.21
13sU4ZBp83bdLTE5j4csX3AeFGDSaHtsH8,0.00048232,49.32,0.00048232,51.2
1MYjbrtV1xSRc2MBQSpS2F3GMpZ35eM6Xv,0.00053993,49.97,0.00053993,51.15
1KfbPrDRz4u6gZMC9JPChFECLbT42XWTpg,0.0008178,49.33,0.0008178,51.15
1DLF7xpdCcTswCSjfajpsXF3xmQmT7bMg6,0.000505,51.06,0.000505,51.06
13edHjhC9jw8sxcu9yE3Juk8LLaV8MnEYP,0.0004801,48.65,0.0004801,50.96
1NDAwPkTKocKVZ4WejXdo3cfTSE9R4TQeC,0.00080569,50.39,0.00080569,50.92
1EjFKs8NJqyzKa1iNGiFBsA7SMyUGaerjk,0.0005224,48.95,0.0005224,50.79
1E7MyUQPEac3R85JhSEhcQRkQB9ihf7oGZ,0.00073203,50.78,0.00073203,50.78
15CudjQmd8HDdkP6J6cLvZCGCfxq8XjvbC,0.00076128,50.75,0.00076128,50.78
1N9AGjEwr7H7H4yh49aPBVFt9q5Eh4RvEM,0.00053257,50.75,0.00053257,50.75
1E5XRY8XGGgRczQhU7zhARPwc9LfaE5JZk,0.00051586,50.74,0.00051586,50.74
15DrBBvV4teXTfYMhhDM8v3ekTCjkgLMUC,0.00066801,50.48,0.00066801,50.67
1Pe5St4ZzGwQQHQsoy1n7spi4AYSnC8EDr,0.00051763,50.06,0.00051763,50.63
1C9wUghB9E5B7NC5viYa5JSPpQSBmSYTK,0.00050078,49.99,0.00050078,50.63
1Fe5MgNaEXCdF5ftUWND7gb9Aw57Bo6VwQ,0.00053419,52.18,0.00053419,50.6
1Bswhbz7ecSSFjRzBGYtnknZ3NtqYKas1a,0.00081858,50.46,0.00081858,50.6
1GX9UeCoX2woJeCSEqHHMxhGXinDANRENk,0.00052989,50.5,0.00052989,50.5
1BaGqMkaebD5angykqPdGhMQ1AS4aY8zM9,0.000803,49.83,0.000803,50.44
1QCJeAzdmnvDttbFebNjgDcbtjPvxGC4Az,0.00079741,49.87,0.00079741,50.4
1HGLJ9U4i8xJp9E1DAa6EVFoHKakL1BV3e,0.00053906,50.5,0.00053906,50.4
1GGEfrCjdw6RKEKvPsmp7URyTLF9sGDgoD,0.00074738,50.36,0.00074738,50.39
12F8wrMbYnJfveAsXarQmoWk4xbjcwq7zH,0.00069617,50.64,0.00069617,50.36
1F7vzGm5Buzt3qwgZpxumv9jnkDr46HZ5v,0.0005572,49.01,0.0005572,50.36
172DTAq4LvCqVPeaJT9uccQxatmxsEt1Mb,0.00053353,51.11,0.00053353,50.31
14XrHrpVAiYmNrYXsAuyaqz6saq3pKfyJS,0.00069534,50.58,0.00069534,50.3
1nfPz8PYMY5otAs21iGJsLNziiCNSX7kj,0.0007611,50.3,0.0007611,50.3
1LjgzTKRBrS9Scxb4oXQTtpZTCAno9MBfU,0.00052579,50.4,0.00052579,50.29
128kdfKGxQCKBZUg4F8hwg7gkQdW9vCLcD,0.00066527,50.28,0.00066527,50.28
1xMESriVYxCVgPCkzNmJMuBjz5g1jjZRk,0.00051675,52.25,0.00051675,50.27
1DGQW7tDyFb2FkyQMGiaCS2vPCxg2TMhzd,0.00050384,48.85,0.00050384,50.25
1DEyoA5B5wHxbHWYiP34G7pqfUTTMsece,0.00074528,50.96,0.00074528,50.25
19SyQ9beo5bZvBibpj4T4QfceAvywT7zc7,0.00053282,51.04,0.00053282,50.24
14gryVR7xJ3gYcRxsyTBkDkbePZKyvreHu,0.00073816,50.21,0.00073816,50.21
19EhTNkAQiwSWx1XcErJ5wDGUYgWMyzFDw,0.00052354,50.18,0.00052354,50.18
1FNKonyBsgiyR3DS9jFrLM9KrLamKVjE8z,0.000532,48.13,0.000532,50.16
1GamdCqxpnmHDrckrnaE8LvH1HHTBmySDk,0.00051544,52.12,0.00051544,50.14
1FsM3fQe6h1EsmcVWkzsdpM5vrdZR62wc8,0.00073316,50.13,0.00073316,50.13
1Mm6GULUMs1ru7U51kRme6ZMA2e7NWWYsG,0.00053117,49.03,0.00053117,50.08
1M9ZgvdyAWx2cSxS8biX6PrzLsZURF9f7n,0.0007427,50.08,0.0007427,50.08
12BspQqY1EJY74e9tzT8datGtp4c68gjhv,0.00074264,50.04,0.00074264,50.07
1GW7p37PX7fjZxbLAQS8Dh2JsnuzzPMoeA,0.00055255,50.3,0.00055255,50.05
1bnpyDC5T68GHAuky8CQ8HikzX2vk4WSg,0.00052185,50.01,0.00052185,50.01
15ruuQRh8mGrFKTw4QUfkBbpUpSxQvoUaM,0.00079125,50.01,0.00079125,50.01
1KgFwriK3XQF9dp4UaMbp57BvL9nViuTcc,0.0004928,49.98,0.0004928,49.98
1HVimAHXc34NYvVDTDew41jhBknKPwZA6h,0.00071916,49.98,0.00071916,49.98
1PY5i52Fjtu8STAo21hrYfoGdQRZvt78p7,0.00050868,49.96,0.00050868,49.96
1DRHAViHbb5KnS9BDBqB55Qp55QhznKRYA,0.00073818,50.65,0.00073818,49.95
19EKujiLSPjTz1L93ixHpQ3uMUJSqiSvam,0.0007188,50.53,0.0007188,49.95
12ZcYgPxT1QCxkpWeuxX4RcH2JA4q7u2uM,0.00080404,49.97,0.00080404,49.94
14qkrfXTjKrAUyBhU3W6XNL8y94WKLRQWv,0.00052954,47.9,0.00052954,49.93
17DtAEkTqyUg6kg8R894eVfUHRnEFMyJjk,0.00052803,49.95,0.00052803,49.92
1Ke2U9uihfhC8xD95JD7e2KxxoDKG7yhcA,0.00079222,49.57,0.00079222,49.9
15V5K8vigPqgkP8gKHqd5FBTbTMAZL9Nj2,0.00052788,49.9,0.00052788,49.9
1AL6XZkf5XMdgfdrnYrh4tSGeJDRs7LwCn,0.0004765,49.43,0.0004765,49.9
1KLNBcTe9yHNwiDdY5KAjsqpLMHYdpkw9m,0.00080251,49.94,0.00080251,49.88
1NqrthAAv7nw8XMNfo97m8Hai15Yt68oor,0.00050954,49.77,0.00050954,49.88
17MDkoo73DSBcd5obQxwjaS2Px42E6zubr,0.0005204,49.88,0.0005204,49.88
1JPWNW6YiMd5JgUid9LEWGii4nmXvpCaMq,0.00051016,51.34,0.00051016,49.84
1KRUSvixxsNJDssX6uhwXTHBzJQ8moto6o,0.000527,49.82,0.000527,49.82
13rqoruxTvDMeUDgsZeXQRDAeWzvdFi1cX,0.00047569,49.34,0.00047569,49.82
131Zsv3DPsH8DZNs96pS4TjPJJyKiPfnqU,0.00080126,50.34,0.00080126,49.81
1HLMZtzyUm4kRH2kNo8knkdQMpxZwaanGT,0.00054983,49.79,0.00054983,49.74
1EtC1Q48GNvenqPXnH64Z1cV2es6rWpe7m,0.00073106,49.73,0.00073106,49.73
1NDG3ChE2PTJGtWDho1ZRUMTYJhtMbcV4m,0.00078673,49.73,0.00078673,49.73
14fZGpbjVkjg5mDX3N3dQgo1ddS8qogEpX,0.00049063,49.72,0.00049063,49.72
1AKwKruES1dyq6xGPejhUTod1SX8nepqfg,0.00059601,50.03,0.00059601,49.71
14YR3NpZSYNNUMVdAQsGkMuc4CKXaURyaC,0.00061812,49.68,0.00061812,49.68
1KYbNEPVW6WKh1pkcc994iziKGPmgdD3pF,0.00052431,53.6,0.00052431,49.67
18qMyZonLVNekSmd1hnyg6aat8VKqA8Xov,0.00050558,49.03,0.00050558,49.66
1HoTeDnissC2yQ83mkgbkeY7CqRYNDuxXp,0.00053496,50.98,0.00053496,49.64
19gNQRanm17oiw5LM1izaquBWSSjozewXC,0.00052311,50.72,0.00052311,49.55
1K5npV7uioPAHWqS2oHk8kCkWYPHnjuEhh,0.00051363,49.13,0.00051363,49.52
1KYv3fMz3ECW4fLHEyhCM8oGR4iFKb4Lme,0.00053342,50.0,0.00053342,49.5
1LxrN4CipQdrkp54XZ8RNE8Tt9WRbvN5tY,0.00049449,50.01,0.00049449,49.45
1DSfnZi9Q2LPoPyzr9hRvc1G1SSbcZc4xC,0.00078688,49.43,0.00078688,49.43
1BpMZXTESzeDHFHUuZcPocEbB6mqxV5uPV,0.00051264,49.03,0.00051264,49.42
1LtkuWDu7KrwZZdoiPja2mSvKY1jgt8Wow,0.00054546,47.63,0.00054546,49.41
1PkjEnP2qCKShhmuDzxwGdjJuMH8G4aoeJ,0.00051534,47.39,0.00051534,49.4
1Mu8yUtBCMX3J2z3gPPCJM95upP8YgZr9n,0.00049508,48.81,0.00049508,49.38
1Np94LRVJPdyf2wwmCufF66QaJmvKzTNR7,0.00047086,48.93,0.00047086,49.38
1HyYUGL5Pbdmk4avZTtztxTEyVFkT4NRpZ,0.00050739,50.84,0.00050739,49.36
17ANEN9DramJunf8CpdiWCemVCsXAKgPXL,0.00048689,49.34,0.00048689,49.34
1EHeW87FVyE7vBepDV9tCGeMmRzTnpREvv,0.000481,50.37,0.000481,49.27
15xyXR73WmXCdS1ELVareRMVg8V77B4CU8,0.00065669,49.03,0.00065669,49.25
1CYgv9azkkm1tUShKWUkjCTx756Fx1MvXR,0.00049153,49.71,0.00049153,49.16
1LL7ik3rp74yrwX2reSKrYkJ9LGsXYmEzJ,0.00047979,49.75,0.00047979,49.14
1Chq38ft9BLQ7arC381EBo85pkGX8KS4wY,0.00046278,46.89,0.00046278,49.12
165t3rs45G9DnuK6WCKNeUMaDNGPPPhRw4,0.00070189,49.11,0.00070189,49.11
1CX1DSdJcXyYEDyxdR9Ri8zzthFTK3T8e7,0.00072881,49.64,0.00072881,49.07
1MuEGvBRY2ZorX9rusKcnQ1TGv7EvNKYBz,0.00049326,46.8,0.00049326,49.04
1SyXmeuLXYPoRer8jT83m8btZLaZYkuDj,0.00078979,49.03,0.00078979,49.03
1FaDUGXXmkAPBJ8yfMHPjin4x54GpAmSbE,0.00049153,47.65,0.00049153,49.03
1PFprPwPNKXrAfwvMJqQYmmatusQFR2mLo,0.0004785,50.11,0.0004785,49.01
1NagBCc2BEuvwaVU6W4SezSMdKVRmha5NA,0.00049965,49.41,0.00049965,48.92
1Cwdfchs6CJB4AMW1LNDYnMPU3qKBdfiRu,0.00048374,48.91,0.00048374,48.91
1TKeRwsN5fxrjUDPRKDVtiwiwUyrKPyxx,0.00073304,48.87,0.00073304,48.89
1PWqrsyKgnrN1UxmpT9kA2gDhT7RRbcnt5,0.00047636,49.9,0.00047636,48.88
1CosVpE4vc2iJVH19rhQB6AAjsbMvM8LVp,0.00047864,48.86,0.00047864,48.86
1918ynF8RkHMmnKdtvBUoSCsKtJypheXd6,0.0004896,48.83,0.0004896,48.83
13YUYbE9rVwULNrkhaJcND3o4rxyaW7wbY,0.00046649,48.77,0.00046649,48.77
1D3Pje1KxjNwwyPwPZzmmA9xQtkWxg4shG,0.00048119,49.12,0.00048119,48.76
1CAmY3CF6dvhcdoTjNERTSiJ1coXHvm1SM,0.0007306,48.73,0.0007306,48.73
17SbSHCv1NgLxMq6HjsuNRncER7Jcyh4K,0.00049767,48.72,0.00049767,48.72
1teyoYuE14UpAkACYazCnfkimwE9iWQK3,0.00054901,48.67,0.00054901,48.67
1Q93P4nzZAXnMmfVfWLZtpJUh5ghK3FbRY,0.00067061,48.54,0.00067061,48.66
1JSrhTwVBrHn8UXqeHJsxsNVQeJWXsxbZ5,0.00048919,48.75,0.00048919,48.62
19ajzjtP2aFfsxWhmKL3dA8K8kUjDCZ32q,0.00077311,48.57,0.00077311,48.57
1QL4w3guHoPbCsgFukZEZd5uNP4jELQDq8,0.00070909,47.95,0.00070909,48.52
1ArNTFK8jPRFyA7QR4tZSDBC9BnfbGxvYL,0.00069349,48.52,0.00069349,48.52
16w9SiJEsg7jD4exLi8CjMt5KJXRnMdaPn,0.0005,48.62,0.0005,48.5
1E3o5GprwX9L73JSHT23ZeZ2o42sxUBtuK,0.0006973,48.46,0.0006973,48.46
16Un7UiEP7XEkcPb59jhek8BHpMSrpPTxm,0.00050506,46.45,0.00050506,48.42
1K94gCaAivTs2SV4zHV3Vfxy45BwW1b2hi,0.00049748,48.39,0.00049748,48.39
1VRCw9Su7fd4ZXjLRG5gQEcnuRAB3aAoy,0.00069134,48.37,0.00069134,48.37
18g44DqrH1BK7xejm582CCsX3q4EVJhAJc,0.00069132,48.37,0.00069132,48.37
1C4pvPTnvum4eGQydrKnRrZyyX9t1BNKGr,0.00071659,49.0,0.00071659,48.32
19tinbyZnXd3oBXs5bkcEpSH6YSey4gzba,0.00072433,48.29,0.00072433,48.31
1EkwknqzU9oCqcCw2FLjdQDfopQJEm8uGQ,0.0004551,46.16,0.0004551,48.3
1HD8FHd8PLgNGn8PbuLk12UxwWWi4z3Css,0.00049324,48.18,0.00049324,48.29
171oPEbQD95YGsdyEUWQmz3cjXBc6tmGin,0.00046,47.72,0.00046,48.17
19QM3VxySdy4xeVyKUrEg9MC6ytepPQXVK,0.00049235,48.1,0.00049235,48.13
1JvMJn9avFHdovRVdB66ZYiG27yXNTk5i1,0.00053063,46.34,0.00053063,48.07
1FU4YgLiLk7kQnvtPmGfFjS6ybQ2JSvyvv,0.00069045,49.95,0.00069045,47.98
1GevrqvqJavTA9pEmkTz9mn4H9t7oVaYJs,0.00062526,47.94,0.00062526,47.94
16gFaoB9aX2kfYAmz9J7TP7cXKiJ2HR7hE,0.00048169,45.7,0.00048169,47.89
1PiCd23e8xSrN1ngWcHFwnx6HKviNvnLXg,0.00070385,47.88,0.00070385,47.88
1PtvSkDSKHpYpxJ5b7nCXMpJYNRyUmragF,0.00048982,47.86,0.00048982,47.86
1K4BhBCJkvFrXV4C5kbpPtJZ9T5vrdM7Eg,0.00077196,48.28,0.00077196,47.78
1HjmwfgVwzFHHj1fvAJ6cKW96gbVQEpAvh,0.00048749,48.21,0.00048749,47.73
1DuLo582iPDRfprXSk93rDNVTNx1Wc68KD,0.00076759,47.76,0.00076759,47.71
1NvR9qxuJY7jLGD5QguDA3PQ9vt57rKZzy,0.00049759,46.28,0.00049759,47.7
1KXSWRt8KQx5ftYaQNbR4fgJ8hguBMVpb1,0.00066966,47.72,0.00066966,47.7
1K1JNADhiCGwYjVmQ3SyXBFephKX2JBQfy,0.00048491,46.86,0.00048491,47.67
157sPNrLKzCG16fNpdRuUuZpjK8Qsw6p1k,0.0004756,50.48,0.0004756,47.66
1DntRcK2GQnNvHDz2LZ9WCjCNcjZYvzFPv,0.0006123,47.28,0.0006123,47.55
1JkNS7xL1YvcqNYCaaLzT8X4AhJvQb6Cdx,0.00050188,47.71,0.00050188,47.54
18J7nC5wKcbe522mVPheoUmmQ1xR4PpC8K,0.00069366,46.63,0.00069366,47.47
1N1j2VzAfP74aM6eTa4qYmPwLGdcG9a6L,0.00048133,46.68,0.00048133,47.28
1DvVKTM3gpKaTQguRsF7BZDQPNxiRa4QkX,0.00073245,46.03,0.00073245,47.26
13Em32gdXH9smDdrDoZ8cuG8jJVNaYQzk7,0.00075686,46.98,0.00075686,47.23
1G1NQC65KSh7sTxYmYW3yY4ubAdsW7b6k7,0.00049598,48.25,0.00049598,47.21
19D8krjSqsas3nEDHCy2rhAcJpTgLieshk,0.00069872,46.76,0.00069872,47.11
12fHYEUPGpQLLRRMSuTME9X7aqKqwwPweL,0.00048114,47.1,0.00048114,47.1
15KGeCvcG89eCHfvF8sFVdbmjAFa65kLes,0.0004524,45.47,0.0004524,47.08
19QBscgWfYjsQuMTCZhi7oGCw6YSQQWJh9,0.00046828,45.22,0.00046828,47.06
18XdkoGEWUZ8fp1233shwiGH6WHY47pQ9B,0.00075792,47.06,0.00075792,47.06
1MkKntsVZ2CTA4ManRTbrPenD8QxqZaEJx,0.00045933,48.1,0.00045933,47.05
1GmHGKyeGUHYPKYj6stFTVKsRuBQTXaoR5,0.00068745,46.49,0.00068745,47.04
1HzzDmKepPmXncei2cqX5sU4MC6pD3ZK8T,0.00057,47.03,0.00057,47.03
1MG87zehr5cqXG2wxUMR2QC3MXNesw1YYN,0.00045335,47.02,0.00045335,47.02
1DbM9TPrrhVmBPCxWXLqxUJxhYqkgdEjpQ,0.0004429,47.01,0.0004429,47.01
1APVDXX44hGFXtbrgwv2w95qYSjZFV5qmh,0.00048303,48.4,0.00048303,46.99
1BEuoBmXSBUTqigVcyWa8zVwbJ6ywVkUpy,0.00061283,46.99,0.00061283,46.99
13VxPytuFSd13Bd9WMDEPkCXYx9VqA1yZU,0.00049003,45.07,0.00049003,46.98
1E3a4qFUwLDBBotu9yvamvGCEjBpagNrg1,0.00044253,44.84,0.00044253,46.97
1LSrbRdYpCow4f1ajyr3vYVkN697bXMYY3,0.000612,46.43,0.000612,46.93
13KNkZ3SKiEheaJjX3Dbv5NZ5pyEz7esno,0.0004588,45.13,0.0004588,46.91
12bqfXXhbJWSpGCJPvLN4XyS9LMm2izh4q,0.00048198,46.47,0.00048198,46.84
1Ps8DxnCoobfLF9cipDmowXWGsqB9Hxkop,0.00061002,46.77,0.00061002,46.77
1CrYLqQA3VFNMPDSTSYFjsNTaQz91ZSesN,0.00070752,44.48,0.00070752,46.76
17XnpTvAKQzz3r6UsQN85CTZjEf9oVvcMv,0.00046733,47.26,0.00046733,46.74
1HV2CE4t8VEoZQjhFkEDSM6VNFSfsBw2BL,0.000478,46.7,0.000478,46.7
1Mp8D9uLzF9WgpmagGYLh4iKSvF7mZtHCu,0.00046952,46.32,0.00046952,46.68
16MupxEPBF7GqALUXs5jhyEpfbLx4pRqL3,0.00047352,45.38,0.00047352,46.68
1BMWCLmcvFwkDC7rZWgu2Pvszh8MXPbyiq,0.00049594,46.64,0.00049594,46.68
12qaqJLbjr9g5JnznQodnhNXG72u4sECaY,0.0004571,46.91,0.0004571,46.66
1LD5cT4SbWokQfGoxcDYkUddenPrzA84xG,0.00048664,44.75,0.00048664,46.65
1M1NS7BeVK4sjj71WBKYm34Vgzkymwu8tc,0.00073763,44.5,0.00073763,46.62
1ByBi6qUU1hfk2GPuz9gZNjc1U3iW1vd1o,0.00048562,46.57,0.00048562,46.54
1EvEhcA15LdCZfDVUSgi2NShxe4hFHUHMH,0.00049066,46.64,0.00049066,46.48
18HryLEhCsVpbFAok7nxa2nAK1oievk5ed,0.0004757,46.48,0.0004757,46.48
1NJiybQJPVCJmSdpCdGTj9P4vLKAu65hPV,0.00047123,45.16,0.00047123,46.46
1Q3CjhVYKYbjfWbvM9mzcACyaW5eq4QmEJ,0.00047048,45.09,0.00047048,46.38
1EENn8ysNsCpceYrmCKfTtknwbEHg3o7j1,0.00047377,46.38,0.00047377,46.38
1LzkPpGz2o4uxAjFN6GuQVe55Zh9Te9W3N,0.0005132,45.14,0.0005132,46.38
179ECWPZGAxyb1TaApe1HUDfMeWsSD58Q1,0.00049055,46.38,0.00049055,46.37
1HFayLoFXB3doiqi9qMEMgKXfS7D6mD8Ue,0.00046872,46.08,0.00046872,46.35
16CSmjXyR5VfvdRUbCuakWkAmFxVbW5eff,0.00070139,46.35,0.00070139,46.35
1LKJW4FyXEuk5Kky428h6beJ3hkevk3cHD,0.00074632,45.34,0.00074632,46.34
1A1sMmcgiknMDKrfAcbt6ZyGsWgH4yYAaY,0.00049129,47.06,0.00049129,46.33
1MpxYcxsqyiGvBk843ewxFr2CYngJwws2p,0.00048589,46.31,0.00048589,46.31
1CEbNHKswUNNQTRnaUjYQyoRbFiidXsKoZ,0.00048022,45.93,0.00048022,46.3
1L3CxBxxCgYubWx1VcMeEmmFbmrG6uLKjR,0.00045643,46.59,0.00045643,46.25
1LbRBtoRf5yhGsuat8q24N7j2FCbRCRdG1,0.00045147,46.24,0.00045147,46.24
1HqSCnR95McT4Jga6m4x78fN8qgmjUs5yP,0.00046886,44.94,0.00046886,46.22
1PLEEw1JmhFHsyHhnKqLsK7nvXEJJXJ6ga,0.00051103,44.95,0.00051103,46.18
1FkCrkC3b3Dd5g2em7W8pPXzynGxWa4zeU,0.00073921,45.88,0.00073921,46.17
1GDFTAPy8nsirgxxz97E13AUyBgrbPqfK7,0.0004871,45.08,0.0004871,46.14
13f81GUoj5h1vtTgZcZYVE96U97hbLWp3p,0.00046961,45.55,0.00046961,46.13
1C1becQwNNjTaA58gPHBobkKKKbb79udi,0.00048687,45.06,0.00048687,46.12
184TiJzipSnk5E2emsaWmBFj8fLvdKo2Ko,0.00044919,46.1,0.00044919,46.1
1DyBXnbKo5QrhcWPedJ6jHVNBMsguz84SE,0.00045,46.09,0.00045,46.09
14SyW2FG1mGZNEwLQRdgL2Gq3mL5BLGcgL,0.00044978,46.07,0.00044978,46.07
1Kx7hmycxg5mCBup6Z8bmnwyF6pMNMvuUy,0.00045421,46.07,0.00045421,46.07
1FUojvLuPf12QFDNW727FzQrdJpMcsE5hD,0.00063627,44.51,0.00063627,46.03
1FxchefALki3BgXPijGZV4eeydLDrpv5DJ,0.00047705,45.63,0.00047705,45.99
1ML225tTZMiS6BhWRgCN6dGZg1xxJ7kpUB,0.00048771,45.98,0.00048771,45.98
1bSVZMdH58tRy3qdeJXbnTuJDGUJMKUZc,0.00047846,45.98,0.00047846,45.98
154Q4PAUyRHUUxY19E3wfLLvXfEd9jn9md,0.00045736,44.16,0.00045736,45.96
1NCtrTtfDFSXeEbtE8XPfmBJBppmmkJiUT,0.00048589,45.47,0.00048589,45.96
1ANz4E68qUxEhaL2TbmPsu99VhWW9sk6SM,0.00045687,44.12,0.00045687,45.91
1Ga3b4DYMoEM1JdCjLwh4wNU1wPEajDvxc,0.00046156,45.54,0.00046156,45.89
1QBocz5uYhuttqBrQpuK6askTAtwfMUK1X,0.00051827,46.96,0.00051827,45.85
1KaUWmBJ5ajrmyQGZCu8J8EA1f29M7jo3S,0.00048473,45.36,0.00048473,45.85
16QKgsgSmGjHsCdozsLZCWNLwt4oWSFASn,0.0004561,44.04,0.0004561,45.84
1F9BiXk8MkihBTVAzKmi5NGWzH3A8hHm8Z,0.00046872,45.82,0.00046872,45.82
17no8K74qgiGQyduRwV3GeKbsJavJVNUPN,0.00047384,46.09,0.00047384,45.77
1Gz6hk2w9v6osWkLoypH6i9ckPtq6TULyg,0.00049312,45.76,0.00049312,45.76
12dKYT2UQ6ABrXVFu3qnjmbuDFFHGiqpoV,0.00043682,45.31,0.00043682,45.75
18rHi3oVBAjC6NMQUTGgonnzBFHuV684UU,0.00048205,45.82,0.00048205,45.66
13WP9wdGG3rQ6h2QHqXanA2uGMwzMPFrj3,0.00068032,45.64,0.00068032,45.64
1PA5X4xuQAbR55Y6fFcXX3QZ58TBRF5RTx,0.00048405,43.79,0.00048405,45.64
13NpEZGtTPb1N2N9t4TUZFdTq1Gxxisqx2,0.00045879,45.27,0.00045879,45.62
13AxyHfVCHfGLbuR6MYxmbcWHnJXJqU66t,0.00047863,45.13,0.00047863,45.61
1Ms7ZiPQy8CR4cr4tLiNr7uZt21kT83gex,0.00060326,45.59,0.00060326,45.59
1Po2vX1PqXb1Un277j9cj1iosjVEqRDiJa,0.00046858,45.59,0.00046858,45.59
1EN2sagjw7LPNC5as2qRfMf4zz1Me71p9s,0.0004819,45.59,0.0004819,45.59
14nJK1mAkBygkWge2aG5dSwrDahgkqmPTG,0.00044635,45.56,0.00044635,45.56
15NsPHNn3kSkLQw5mCiUCdTtZBuomDwmZp,0.00073287,45.6,0.00073287,45.56
14yXRQGwDFs5qoFUR9tjBM3WgfWbAq3Zpa,0.00059396,45.06,0.00059396,45.54
175fJ7nJe7PZivDyb6FFFnXM7tobNJqZza,0.0006654,44.86,0.0006654,45.53
1PXgGSh6REofu6wKEwVWApKpdBghdcnHw5,0.00044436,45.52,0.00044436,45.52
1MUTy1VK5QPrfiNxuk7yiagt9NDu9xiCVy,0.00048105,45.48,0.00048105,45.48
167PZyWtuzbTW6n8UZwvGbWUZTgU29BWXs,0.00048066,45.47,0.00048066,45.47
12aL6VXNwiatQ8dT9x8TLpFcAmwTAN5DST,0.00044469,45.46,0.00044469,45.46
1Q5h9uB27BpkTBWCmqhoR6t31GgnHRoV7K,0.00048056,45.46,0.00048056,45.46
1HLrrmjFUadMDPFkvHocqrJnXXRieU9GMX,0.00047745,45.45,0.00047745,45.45
1MW8WCgM9Yni4YtvJXU1f34XR7r6SoQcgD,0.00046249,45.43,0.00046249,45.43
1FcXPreqbHhazcune8kgaUipdFytGJhxDg,0.00066049,45.82,0.00066049,45.43
1PUurK1uyQ18T7Q1pbSnzgbKPnhntZb8kQ,0.00068105,45.42,0.00068105,45.42
1FVJ7wvbbH3HV5qPZYqNy1FWRGMWFeSXWy,0.00046175,45.35,0.00046175,45.42
13z7Ho5cGv99HqwqK15s5tVBS6EUeQA74A,0.00059214,45.3,0.00059214,45.4
1LPbbXAvojUMAFWP3NXqX4UEpJ2DVcCrxx,0.00046368,45.39,0.00046368,45.39
16c7pzBTfJppZuvvDL8uKo2mqLKYQw2xfD,0.00067614,45.97,0.00067614,45.37
16BEFriZs9PJ3J78ZJm4yByfT3ziDdZ2B3,0.00046633,47.15,0.00046633,45.36
17f8DXwo6MNuKEXb3E9XysS4iAZ5ws4DaF,0.00072974,45.36,0.00072974,45.36
1CFKwrHSNsrYra3g1cor9zsXZ1t7jx8gwq,0.00047649,45.36,0.00047649,45.36
1H4bz42hjZL8MtXLbdfr3QfG7PWg5ZumbK,0.00045855,45.08,0.00045855,45.35
1FdSFCWijsB7M8Usk17d51oMaZZ8Rybu4z,0.00047302,45.97,0.00047302,45.33
16FcbqDVAJjcSj8R1CPi7Sx1FGTVqRpTqf,0.00050042,43.7,0.00050042,45.33
169TadyTZoGxDm6ngcyPosTMoT5tcXZuZ8,0.0004354,45.32,0.0004354,45.32
169XqNzQPpsK1ekAvPcxW5D1GJ9EXSveMT,0.00062635,43.82,0.00062635,45.31
1J2UdKAY4woCzYTe5bG8YiuPMbEYvMGePn,0.00046572,45.55,0.00046572,45.31
1BT1FyyNyR294DaFuR2tZr6CeDRJZcmqQv,0.00046974,45.78,0.00046974,45.29
1Fwkq17RwJMJbyFRjss82awFZrZKjRht8f,0.00046097,45.26,0.00046097,45.28
1LUk5jPSBuaUKbSmR31eh5dgJgJT997RUZ,0.00047322,45.36,0.00047322,45.26
12oUpG4s22V9yRbhWKzXeYANaj7kPXnii1,0.0004798,45.24,0.0004798,45.24
1J9dpLjinDrcTiY5Hu6bGetDzTtfRddYKV,0.00047204,45.24,0.00047204,45.24
1NBDxzmf25gnL3mKG7TTmzXkpauWDgnynB,0.00045347,43.96,0.00045347,45.23
1NHRZZZUDutpNut8LPkEwcqJjiPRWwYRP3,0.00062518,45.23,0.00062518,45.23
1Bk3MXWh5Xs7uJsRKfHSYZ9W4pyuXiT7tu,0.00047737,44.18,0.00047737,45.22
14QbAA9YZtAyXr2ERFy6W9u45a5LZCTEim,0.00067411,44.55,0.00067411,45.22
12f54ENs6PVf9p8a9rvTnWtJsNGSSck4Zv,0.00043236,45.21,0.00043236,45.21
1LYrJ3FAmcnPRq8BcgmK4xS2ee9cJbBtHq,0.00067044,45.17,0.00067044,45.21
1CnbFUhkZgy8wPDZro3dWyBTrcmJvvWc5u,0.00047815,45.21,0.00047815,45.2
1NXNf3Wb6PsBECgK9KQAoDgkpBkaPJkAuX,0.0006504,45.2,0.0006504,45.2
1DTjc6iEQMBGgx86TXXToeiCjsXjYkDioU,0.00066041,44.3,0.00066041,45.19
1CUZRq9DTSFYCkjgr83arnXJsSNZCdBsiR,0.00046446,46.54,0.00046446,45.19
18QsWhv3LFJgqMxXdsnzDcF6mQmkyoZP68,0.00047244,45.29,0.00047244,45.19
19Y7yHQqi5DB6vZ1rRzTAMSW9iW9equsFh,0.00067341,45.18,0.00067341,45.18
1LamnoCBzK3muD3DYe5SndizsjWu84WMDc,0.00047893,45.16,0.00047893,45.16
1K2EsGZ7rXNHpFv5nciwRZTvzcDT2bDN6r,0.00046425,46.94,0.00046425,45.16
14arni2AtFz758i1F6hhwRRvBLgxUt16DH,0.00042546,43.51,0.00042546,45.16
1GVgm73qvRKmKU52EKmgYudAkxKdT8MvZf,0.00047673,46.22,0.00047673,45.16
1NVZ6j71Nqtxv74GtTeYsqgrvWVg7syY5B,0.0004319,45.16,0.0004319,45.16
1PipRUy9y6G8cKZuKrzjLvEtNva8P7JrZq,0.00071871,44.6,0.00071871,45.15
17ScYNR2TGAaqaERMgH1acp12gZAAvuQ3h,0.00049796,45.33,0.00049796,45.11
1FbzZgJqnci8Dv2AxcYfsnm1KBRAkNyNfJ,0.00042494,43.45,0.00042494,45.1
1AfeeVVjVabQnjpFuvwZRUZjpZXNhJGetK,0.0004704,45.72,0.0004704,45.08
16Ybdbb65wzfjBnJavd53JrbLyzeKi3VfC,0.00048584,45.08,0.00048584,45.08
15ynvznxDbTxUEDnbChnwdYFBLPnuXY3NJ,0.00044141,45.06,0.00044141,45.06
12SaGrvnNY4o9UcxH4bsuwHbDhANyeZt1j,0.00072459,45.09,0.00072459,45.04
1JSapzN3xwMDpqVnUpQ9Tzya5MfB68ib9i,0.00045295,42.98,0.00045295,45.04
17f64HkW1RH5E84V3PLzXWoWWfCQMXXCvC,0.00064799,45.55,0.00064799,45.03
1DbpSpUvMQotvJs4h1jcgkhY6PsPLvcjji,0.00064896,45.02,0.00064896,45.02
1PWFzy34mpU8vhynWVZXPM4Pp4PwyhncXo,0.00047293,45.02,0.00047293,45.02
1BEaU2TXGVJvwNZMCNT1eUGviKyMDSzXyL,0.0004626,45.09,0.0004626,45.01
1CuwQQcjosk6fnfdL5TmdDCAKAR9ZE5GEJ,0.00071611,44.99,0.00071611,44.99
1JGqFBJQ4xUcVHrBpwm2b85sRj8dxZLtX7,0.00047031,45.09,0.00047031,44.98
1AhqoFjXayA2nKRB9fQZ3WUUStsqq2keq3,0.00045622,43.73,0.00045622,44.98
12mo639kVj69zv7aGVzuTnBowHLAHKghhs,0.00044381,44.97,0.00044381,44.97
1FqVQn3az1GhpMeqMQ455Zb6mLhfH6w1AY,0.00071134,44.49,0.00071134,44.96
1J5NuR1mbhMVdcAzGcXVcHfYSotAzfwyhA,0.00046199,46.29,0.00046199,44.95
1AewmbXvVCKaD2t18yX1LpqfJtWq5dUNYF,0.00066657,45.85,0.00066657,44.94
15gKGKzbMHDrYp5rR28P5YEAaFSKKtQTJp,0.00045755,44.38,0.00045755,44.94
1CPeEkHMqvbL8nQufDKS76KgLyGjsxA8Lt,0.00045681,44.87,0.00045681,44.93
1JPnHW1W2ry5A3rJ7Zr1bhTDyN9GmEBUX8,0.0004432,44.91,0.0004432,44.91
1B4KQyL69kibutxdB5r2qoSjgR8CzySpd,0.00047614,45.61,0.00047614,44.9
1pF7e65Ck58Ry2vUtuooXTCrmW57Gax5p,0.0004427,44.27,0.0004427,44.9
1GyDJm5sewfS32EFdGYEBprSrXczQBLRUH,0.00071755,44.88,0.00071755,44.88
16YRbz1NkKsY6oshhC8U6LusHUpBBZ6pCS,0.00064552,46.7,0.00064552,44.86
1BYmiPYDzomwve4U4VwR5AkmrJwSEvgQdo,0.00066471,44.69,0.00066471,44.83
1AumQ7nATg7bdSZRoLuo1DxqKqjEKApxYd,0.00046849,44.86,0.00046849,44.81
12YPY3SVV8J3N6j9eBirLywSaGjZ7z5EWr,0.00045617,44.24,0.00045617,44.81
1FVTuNSmc8vJpSs6bQKrcrfHATdhj3yyi4,0.00046374,44.79,0.00046374,44.79
19K2bogfJrBioXY7yPpaNGLmwJUiZr2jcx,0.00049442,43.18,0.00049442,44.79
1FKxuPcaVDKfj6HJWbZGYcwWAj6BNr4ofg,0.0004723,44.74,0.0004723,44.74
1P6sX5y8yF1zETj66LybAFWHkbf84SGoUg,0.00043674,45.74,0.00043674,44.74
1KRGycCcEK1z4pJ5uJe7a7dZWyQSbipBqA,0.000464,45.22,0.000464,44.73
15EqehdDUhyzQeNqNmdosoVKKwm2exT2iD,0.00043668,45.73,0.00043668,44.73
1AFEswo1uoT638vzNTihKbA3djYdxxZMoZ,0.00071499,44.72,0.00071499,44.72
1CMtW7hC1hP23RyRghQCidhhA6hpfQ1kKN,0.00043084,44.68,0.00043084,44.68
1JP8M2Fu7dAC1ZyxsJTdCUqbQDcsbca28o,0.00070648,44.65,0.00070648,44.65
18rjjvdh1Bd9ABGwDZza96B9FWGoXwvmoo,0.00042894,44.64,0.00042894,44.64
1BzwEZj8B8krfxyn9nQPtvBg5gTwgV61h8,0.00043024,44.62,0.00043024,44.62
1AYQeLScV2EvFSKgZbxZvzR4aSpZEt9X5J,0.00043986,44.61,0.00043986,44.61
16PtKWuEiwWEgpU5La8HDvytW4TvtQvY4F,0.00043007,44.6,0.00043007,44.6
1Fix6kKpHPonp78EwojmyYzNhnbuyCUYVG,0.00048056,45.05,0.00048056,44.59
12q3eWdnW3vqSsMDXkH1UxeoSfsknZX7TV,0.000652,44.58,0.000652,44.58
18VKgatgRamm2WwAvAurfU3x9eUTiZs9MR,0.00043404,45.52,0.00043404,44.54
1BYhS8BvmiT7UyrWun5QvM2S25EY83LtPd,0.00047988,44.98,0.00047988,44.53
14BN4SwNAgLtLUqs1P5aMpVpUAZDrr1Lz5,0.00043391,45.5,0.00043391,44.53
1Ayu5md9DcEsx39nQrdFGHJhVUa3nGqc34,0.0005099,44.53,0.0005099,44.53
12uuz54mA5gksdMbySqxitasswaU55QHKu,0.00070444,44.52,0.00070444,44.52
1GMaiFZZ5hg79en4wL7DQRbDvBEFXsYKTT,0.00058679,44.34,0.00058679,44.51
1FEUCAZvvJ63Gvv9GN9ESTh74RsxPHPyWF,0.00047508,44.24,0.00047508,44.51
1JEJPWuuiUZaceNqoXRSZbXY6VDjJyuaX,0.00065942,45.52,0.00065942,44.46
1LGeKWpXyqs5qNhGqbMGp6ho3BaTHToHh6,0.00065332,44.44,0.00065332,44.44
19eECrrE3dbL56RwuXdNfFzDvMmAncNx6W,0.00065493,44.44,0.00065493,44.44
19GYhDoXFbdDTjD3k81pz2Y2E1b4voakU4,0.00071046,44.43,0.00071046,44.43
1JMqMCTorKjQLQCfY2SQtbSBebjB9V4mvz,0.00063488,44.42,0.00063488,44.42
1E8k2rUPvXDxAnaD6eUyoC3T3qmymtCK8w,0.00065224,44.37,0.00065224,44.37
17ifLQGkmdiwkEnUwhHzZYMgK5zrEJumiv,0.0004902,44.05,0.0004902,44.35
1N4nU5L7gtxuPFMM2JULLfjHAZYqjZQFBY,0.00063356,44.33,0.00063356,44.33
1J9WTaoy8JX5P4eBTCfmfU3ddUuSxRbysU,0.00046833,44.3,0.00046833,44.3
17m1QZ7P33taJy7TMeHojdVc9B4bKrFPNo,0.00043246,45.29,0.00043246,44.3
1Ppw75xqxYeB9DURWheNF5pBFFLnEk4Dva,0.00065024,44.23,0.00065024,44.23
1NR1jF2fs4p5UBUqocDz2rftHVP9mRycpv,0.00063615,44.72,0.00063615,44.21
144HxZSmKhPLXxBQwFp5sQtPstuQswBK4y,0.00043533,43.53,0.00043533,44.15
1K5VaQgGuqAex1MAju9KYKq89Lh3FcDkW1,0.00043008,45.05,0.00043008,44.13
1JTevauAh595LPK4cxbHM8GsyGcy97GCiS,0.00047558,44.13,0.00047558,44.13
1KxpzL32K7AkTJFwFMzCgoSZhLorXVxTwd,0.0006675,41.97,0.0006675,44.11
17Zxi9yQU9KUnm9bC6vTZm9FeUBUt98wGG,0.0004153,44.08,0.0004153,44.08
1DFnqSVJ71q6aAtmNB8TUXmk1sckU11C5h,0.00046709,44.74,0.00046709,44.05
1CwemT1daZjRAVkSkxRg9knLf51mN8gi4Z,0.00060877,44.28,0.00060877,44.04
1Dc927C3SoxG8Bxm1yy5SeKmEAZ1cr4zYE,0.00047461,44.04,0.00047461,44.04
1YYpPpHBtEzJZgZf84pf4AkWFk7sXpBzv,0.00066583,42.08,0.00066583,44.0
1BbYdCeydFx6Gx6BPh2CLesD3Y3gEo1gtG,0.00041316,43.82,0.00041316,43.85
1KwwHJGqGb46dv1M6C9Jrfyqr55HzLtnAH,0.00044334,43.59,0.00044334,43.84
1BLdQbweg2sJDEVjAAtve1tfpLy8MYdZLf,0.00043157,43.77,0.00043157,43.77
1MpY8eyi9SytkeWtgrZXE6x33cn16kKTco,0.00043174,43.75,0.00043174,43.75
1Q4zRkpRGS1pB5ApL6u27xg3ndvM12HFXh,0.00041186,42.12,0.00041186,43.72
1K6yKDXw2L4gHpCMGZkHCBacCoWq4KhE5c,0.00060422,43.95,0.00060422,43.71
1N8oXF1EmMBJci3nzzhdJ2QL7ToRvk2ng4,0.00065499,44.16,0.00065499,43.67
15NSR9WxmwLfvExzVa1s5wasJ45gHUoEis,0.00065074,43.66,0.00065074,43.66
1Ern3sDbKZMRMVd28VqFLih3xw1E9KdNKs,0.00043738,43.12,0.00043738,43.62
1FHaySwdVDFo3H98EsbDr21dhD2Z4fKHbv,0.00043415,46.08,0.00043415,43.5
1Ajq98SnMzXq93Gzb8ywjBAats4jx9Nwda,0.0007,43.46,0.0007,43.46
17JBrcWZEmV6VEMq9h3iSTHVkminxV1UC,0.00067845,43.45,0.00067845,43.45
1L475hZm2GaKD5t2AfjcuTdAEr5wZcvGuT,0.00069738,43.61,0.00069738,43.35
1GC8TnosQvGG8FsqML45XEYPGcMZYcHr6g,0.00043455,42.13,0.00043455,43.34
1GAFNHEmgAVBtGLPmCakAiVvMQ6XpF2fMy,0.00062435,43.31,0.00062435,43.31
1Kt7KmYwWMuh6f9ATMCBgmXFDRwggnbE13,0.0006408,43.18,0.0006408,43.21
1Kyxro3J9CD3uur62ZCF57JP5Q28pfpLLL,0.00048099,41.91,0.00048099,43.19
1QF6CZvfebzoKs8Ze94WNYvguEaPR3ThsZ,0.00067508,42.8,0.00067508,43.14
1EDcWhGzjeZXMg9PeiBHQZUo4KGda8GAW3,0.00042901,40.56,0.00042901,43.11
1Dak9hhY6cntoc1ytNQ7LmFFr76djgUBMJ,0.00059743,43.32,0.00059743,43.04
1G5L6ojpLjiv4eGUiMH68M1VLu85MBYw58,0.00070928,44.09,0.00070928,43.01
1DmCV5ECJBfvw4N7yH7FvHNHGSTopCjQcr,0.0006372,43.99,0.0006372,42.96
1CvsW4SL4vbSZrMG9wkjksm5ba5XPErcQx,0.00041931,42.95,0.00041931,42.95
1B7oC4Zs8nhSpDPd8SKhfse7zds6W7gEho,0.00044744,41.86,0.00044744,42.93
1AaPK2hSQifgRL5RZCC6RYjoVQ8mRKNVjf,0.00042323,42.93,0.00042323,42.92
1zyjmhSgwFX3ViFxjHujh7jDZWVwhAcy3,0.00042708,41.24,0.00042708,42.92
1D3bTJNkPN2jAaMbiC2PswgGQHWK79su8W,0.00042828,45.45,0.00042828,42.92
16AxpMPT5iWqNKgpg6ue1yijho5iiBfeNh,0.00045335,42.88,0.00045335,42.88
1EAAfhunZkfFFCck4KM8P6z1Br76z5rsrx,0.00044434,42.5,0.00044434,42.84
1BfXBAtY1tLFBcNiyhWdvcWBA297D3mUEA,0.0004732,42.81,0.0004732,42.81
1MsZCgGrBsaWQRguwitzijxGex3oT5rMCp,0.00064131,42.76,0.00064131,42.77
1EYtHYRk9zBXiTKzT6RHXhpiLcrLNC3n9b,0.00044332,42.96,0.00044332,42.69
19Wwma8u1FTnCknQRHpp68JRqTZTPiZfnR,0.00042573,45.15,0.00042573,42.66
1MNgHgesUbBbrYK8MdZxp2EUVMt4Zm9ZeV,0.00061412,42.6,0.00061412,42.6
1kG7TsKJ9sNpHjxpPPLQ4YtWHyHStMoSX,0.00044076,42.88,0.00044076,42.57
1KK6tz8TMDGbdnxHM17VoZp5A5yDJZNVBV,0.0004059,42.57,0.0004059,42.57
12sDBczsMYeWWYCRBQpeTtTA73i4kJsUhA,0.0006105,42.51,0.0006105,42.51
13PSPw6jjVnxetBYXPumixSLeNiGJFkTSM,0.00061246,42.53,0.00061246,42.49
1DSi5FGtYQweRpHhFZwAee4PMetE8czfTZ,0.00066459,42.77,0.00066459,42.47
1PRpHDcLnw5oP1BeeepTghEnzmbGN5b2xD,0.00063612,42.41,0.00063612,42.43
1JTuk8z5ZPrARKdgb7nGsa6iDcJusBmPmo,0.0004484,42.48,0.0004484,42.42
1Nm9ZAKVqwDN3NxWG3ajHf973WuBADA5By,0.00061978,41.57,0.00061978,42.41
1H4maCDQvGYUDJuKb4cZVL1uwfPyzTrAnX,0.0006351,42.34,0.0006351,42.36
15ne68yaaaGzTDcyz9GX1Y7BNmHFRro8s8,0.00064078,40.5,0.00064078,42.35
12DNpLxMKDCGRNSsJsaJ1egNQ9cvXLn7jP,0.00042546,40.37,0.00042546,42.3
1NeCF4sWzgR3W7dyJGDaKokcuP8aPaWynL,0.00062249,42.5,0.00062249,42.3
1BtwSpHZgPvsovoNWdGGPzU9oe3Hob4CU9,0.00041304,40.63,0.00041304,42.23
1McgEsyqBVNLi54Xx2RQA9Rs1U6T4vxcwJ,0.00050951,42.02,0.00050951,42.21
1LJDNLN4encYtkEfBQHPQXNxrcTYHicJ6E,0.00063218,42.15,0.00063218,42.17
1395DQfc9DBP73rThPJBdJ7gJuF1ATdV38,0.00040477,40.68,0.00040477,42.13
18bAJkN7PgmaRHdnZaLW9jhU4N8L8fwrbc,0.00043948,42.71,0.00043948,42.12
1AsGhfct7BphreyvDBAwqvKZSY831erDkm,0.00062792,42.12,0.00062792,42.12
1PhXC8va1AAyquPSfboNxN8YPFbiX7Eezr,0.00067,42.09,0.00067,42.09
1Moa5TA2raeZc6vJZUg6RrgZuy4ssQ3hCr,0.00067668,42.06,0.00067668,42.06
15mFS1UoUR7fG2wEiBDDhjPMFUQegV8fex,0.00043601,42.03,0.00043601,42.03
14yBAF6WhwBgJdwRvnoEbUqhBa2J93zs7i,0.00062909,41.94,0.00062909,41.96
14y8F4tMRs9RbMJaM3AS8KmGFqJQHvsJhD,0.0006634,40.02,0.0006634,41.93
1EWJo5MNAA4C7UNJ5WymtYy9uEXUp7B1Ca,0.00061258,41.42,0.00061258,41.92
1FeuJufeQ5kUXzoXEnX4XmmqAsPYVg32X9,0.00040239,40.44,0.00040239,41.88
15fA1pu969sXnZQsa6xSzGA9jvSb63pSDt,0.0004223,41.03,0.0004223,41.87
14AUMz9zQsFRjq1rvhqDVAoKxdqFphawW7,0.00041757,44.32,0.00041757,41.84
1LKyxCYotfMeG7pZ7heLwLHS2341zGyBj1,0.00041239,41.79,0.00041239,41.79
1JBGJjZfUKNmWnq3tfRAirSZTHTMFvc8Da,0.00046166,40.6,0.00046166,41.72
1Dk6pv91aJmhavBSMQkEPn4B1VMJLWhHBU,0.00044017,41.85,0.00044017,41.7
16fVG35oCKEjyJBkXQG7iQwc6bJFU3FpyJ,0.00065976,41.16,0.00065976,41.66
158Q7kmfvsqByajBeWCL64bp7LsqAF6UYQ,0.00041452,40.03,0.00041452,41.66
1FdvRWA7FAcx5pw6xSsgfWFKGJDQGodDoK,0.00059504,41.63,0.00059504,41.63
15xD4KTh7pD7EeNMRWkhQPEWMPuXPdGvD4,0.00043474,42.89,0.00043474,41.61
1NEokAmEwK45urRPDyVP7buwZAVyQkJgMZ,0.0004256,43.13,0.0004256,41.61
1BuHcJsgk33VMg2jMZ22hoY2Vd1ysjNHbo,0.00039201,39.76,0.00039201,41.61
13DPKyWVNz5Q2bw9nAHbn3Vo8TfTYUTyfb,0.00042155,41.4,0.00042155,41.47
1EJB4v5xkxR4uU4Xraqc94M9uAGJkfK1hW,0.00041358,43.89,0.00041358,41.44
19b32HV81SrM5qHQCATrR19nBjLnKgMamc,0.00062161,41.91,0.00062161,41.44
136956DAgpKjcjgeHfv7YL61B1Lj3xDCke,0.00043684,41.38,0.00043684,41.37
15i2Wx3gmpL5VfwHBF73eGS2X6ZBmCESRb,0.00062456,41.27,0.00062456,41.27
13wnoEep5cQdGysZiNosEsfPagpyooMdAz,0.0004,41.01,0.0004,41.23
1D1jWxd8btQDkzWU2yKX41oJSuiK4am1sf,0.00039585,40.78,0.00039585,41.13
1L5aYSj6bJjkPwRqmPPirrUgcTyP2Fj921,0.00061304,41.12,0.00061304,41.12
1HfUXviE8wVYeDyaF7UBUfkmyqSXUM3vMQ,0.00065023,40.67,0.00065023,41.1
13zca5k38HKbAVDt3Ym4jmbq73Tk48YRrD,0.00060088,41.09,0.00060088,41.09
1HqQ4ysEQ4DfvdG6esWN7W8HbStjs9LjJS,0.00065004,39.67,0.00065004,41.09
16Xe76JR9R57pCd9wKokHZ1zwzfHJ3BEvp,0.00054134,40.91,0.00054134,41.06
1MxAG65u9AcCSvxG7hSCZb7aGfD1PRbQr5,0.000463,37.21,0.000463,41.04
1hFt6Rp9RfZXwMFJTeWc457RhSZuQtAPD,0.00038652,41.03,0.00038652,41.03
16FTXev1fCxjoxwsTFvbQ5kPeFonyehNVb,0.00040457,41.3,0.00040457,41.0
1Dm2Mp7zYi8TCLLM64tR1RWTMGwq5ofXcc,0.00060736,41.53,0.00060736,40.95
1M6f5PyxhhH8nuL48BVro3tLrany1G4HyP,0.00041141,39.04,0.00041141,40.91
1KJLS5Uu2sRDgVDipKATYam4eP7GwHNSSH,0.00041779,40.81,0.00041779,40.9
17W9UvRTm6zipc8VJMb6XNLR3tSirVtYGt,0.00059696,40.37,0.00059696,40.85
19YMaJ3h4yHjD6Z6F8Cee7SF1KYNz7Dgpo,0.00048329,40.0,0.00048329,40.82
1DjMjf1vsDYPhKroJRjCHYp4Z7XJa4hQtu,0.00042575,41.68,0.00042575,40.81
1GH1i42YNXn6fvajXnhCsr3ki1vRGMhc9e,0.00059546,40.15,0.00059546,40.75
1E5bwteYmp9fs4gbRhej7BYdKCgpRuQZJB,0.00061039,41.63,0.00061039,40.71
166cz4AdFcEpmpCCo95WugU2h3JkUx1PZY,0.00059483,40.22,0.00059483,40.7
19cJxYhfaFdrRtXJPAjCVxE1mK3uuZbXng,0.00060366,41.67,0.00060366,40.7
187A23Q3vv9ft5JQ77X3sA8mKC1uV5YE2G,0.00038908,40.68,0.00038908,40.68
1D922R9f4apJraLyPBjQqpHm3Gn2xMG11e,0.00065454,40.62,0.00065454,40.62
1JsM8TCuUTKhkNYuZNgrBznqB7ymCTiyqP,0.00059393,40.64,0.00059393,40.61
1EoW6GtqrRvmZmcTy2fQtKRekgovq2qmUS,0.00059852,41.16,0.00059852,40.61
1nAZySiVFBJX8nDn9n3cGEXyWELTxELTC,0.00059332,40.12,0.00059332,40.6
13YCe9nNufpYFNhW5nz8z8ByMbDi8EqCdc,0.00059322,40.11,0.00059322,40.59
1BbhfrmxirBoqYutGEZh6mzsgYVUbGC4rD,0.00038774,40.54,0.00038774,40.54
1Jb2SThrvF5YfkZHjBjgoyLyAKNND6xmAN,0.00041215,40.48,0.00041215,40.54
1AVABNo1PUGAZNfjT7KUpFBHwMFRzVGcym,0.00040069,40.0,0.00040069,40.51
199jnY9WMFJwAthm7PgwQd23U2dbxaaAAp,0.00041244,40.49,0.00041244,40.51
1DDHngc9VJY3Bo6GD1ZztvtVdfCLDKQSiu,0.00041181,40.45,0.00041181,40.51
1HYwxeN7DBhUj4PiWobF2kGLPP2c2TY18N,0.0005233,40.68,0.0005233,40.49
1CtpwjBGtHuJkAtP3CAXpFxQvGEbY3quNs,0.00039943,40.48,0.00039943,40.48
1KLYQy6wUM164rfF82PR6hwAdrXKaVmRyQ,0.00040029,39.95,0.00040029,40.47
17hx5zug9xLgrT6RV7ZZyAHpCxoehsqVB7,0.0003812,38.98,0.0003812,40.46
18xxt7oDquN8DJrJ3ifu3EoRqJaAkwpvMF,0.00039575,38.93,0.00039575,40.46
14Prs2abBNVHnQjSQ47RhbddDyGo4ysmTB,0.0004467,40.47,0.0004467,40.41
1CvbXF5L6F9pgpJs3Ygxf8H4KRA4JJPJze,0.00041528,40.62,0.00041528,40.4
1PTYXiw4bpWFmNc15GbRjz2YmybTnPionp,0.00046267,40.69,0.00046267,40.4
17iC5x9ztd71NkAKMtYLLwixpU2u9cPiDT,0.00038037,40.37,0.00038037,40.37
1JPdxCSCmhPPkJSFj33oTwh1knvJ3Upa4m,0.00038535,39.97,0.00038535,40.35
14bpi8sFy4jcqBYvYoeFYHU9DSEi52Ftju,0.0005983,40.31,0.0005983,40.34
1ABbx2edWQAfPW4CtqWTdSsCUFrxzNfyY1,0.00042103,40.36,0.00042103,40.27
1E475a27a2SoswsmKh4PMpRbKVw98eWjHA,0.00059994,40.24,0.00059994,40.24
14mdopyXQ2pBbpWVc1ReKxFwG1emoLxirH,0.00045383,36.47,0.00045383,40.23
15mhwAcxmhXyTcGJ9L5B6ukguQb4eq2e7n,0.0006034,40.68,0.0006034,40.23
1LDSpgfxiyhNic4ptWjpKkieR3WrN7VEkh,0.0004261,39.33,0.0004261,40.18
1QJr9z4TV9FU3Qm5iNegm4Yn5CAdWzw2sz,0.00041583,40.17,0.00041583,40.17
122PsytgtNjNV9jmgHMYBJfzBXzRkwqnGZ,0.00063917,39.67,0.00063917,40.15
1EdhtFo3U9ihk6fsWNdzST57yo9awhuXy8,0.00058681,40.12,0.00058681,40.12
1B9tZQGbpgANmW5ZEi3gqezDtRZD62LpND,0.00059435,41.03,0.00059435,40.07
19JpyAuiZgJxETRfgc51Dy1rer1WnF3PV4,0.00042286,41.0,0.00042286,40.06
1K4NLAYQWX6K1zSWxAPJgPDAmkogbT7j4y,0.0004982,40.04,0.0004982,40.04
1NwDSfRs9QZSGiTT4mxtSQq7AERCRdcL8V,0.00041138,40.02,0.00041138,40.02
1Ezr7L3oPoQb8E2yHYV6QfqhMSnUMrznVp,0.00038744,40.33,0.00038744,40.02
15BFrmRVDTRYKgpEsAjEiqkMJL2Aq4DjUL,0.00044177,40.22,0.00044177,40.02
16QzqnMkUeqfSmmuBmVzVDPDiFKE4WYFry,0.00040495,39.92,0.00040495,39.92
1HePxpKGm7jQ2FdMnUvycDkHqVBQrMvjGc,0.00041402,40.35,0.00041402,39.91
1GtMHqMyNr7qqDxsw72JXpMf3kWa1Ko57d,0.00065823,39.91,0.00065823,39.91
1LAhKZYUzjp6p6UP3g7L1mHAVBWjoAkRju,0.0005205,39.48,0.0005205,39.91
17cFQyEPh3FGDy5wm7pr3Q3oZRLyhPDQy5,0.00040847,41.11,0.00040847,39.91
1LmmLxm2vZrfFdnk4TT66ctkW3PXb3wzaF,0.00037594,39.27,0.00037594,39.9
17gc8P3QUkfKpZoQHuVAi3byZQ7vqja9T8,0.00037567,39.84,0.00037567,39.87
1DJN32kpEpK5LvjJg17jnvcAcegGAdgQvh,0.00042044,39.97,0.00042044,39.83
1Q4QZ78VV9nyrBd2ms2WFx125QaHkUYku2,0.00038005,39.42,0.00038005,39.8
1KgDWZFa4x2xdF8u3BB4r1HUJ3fvjHB1wF,0.00041956,40.68,0.00041956,39.74
1LkE78EdrUq3x4bdJPqVPPvXJ4C1q5xH9v,0.00040292,38.62,0.00040292,39.72
18YXNDoFQTCrEKRsv4bMBZR5hb4u4nT8Wt,0.00042121,40.35,0.00042121,39.72
1AbaMHyiA6acggaUFN8YisUFpVRkrZTTBn,0.00038685,40.57,0.00038685,39.7
1MHciXDUT9GTG6s1HjYoEva326EEhGNxdo,0.0003925,39.18,0.0003925,39.69
12tx8AjQnFSN71o8u3einv5tFauNMxFAie,0.0005834,39.68,0.0005834,39.68
16fFy2YfcQahQfRzXKf6nGMtwVP8zdwoXz,0.00057889,39.61,0.00057889,39.61
1G92vqY2tJqajdfgGuj8DaMUcHLC4Se7HS,0.00039043,39.6,0.00039043,39.6
13Dmck8vNKuegRDKicMABTxZL2SJEVtSsG,0.00056977,39.26,0.00056977,39.54
1MY26U6Ec4abw4rJDAJyPK4oPLF4EJYRoZ,0.00040092,39.77,0.00040092,39.53
19uKrDY24Mu3U32iJby5P1Qs7p7DFrHopW,0.0005685,41.13,0.0005685,39.51
1P26hGADjM7x8RrViSzAUCxtsMAyZt49KC,0.000385,38.16,0.000385,39.4
1AbS1LTPpwWeHpSrcriDfkoYxHNWwqP1dD,0.00063451,39.39,0.00063451,39.39
1MRiQEhDyXTZGpPDDoE1V5TMu8XMQCRzvb,0.00058696,39.38,0.00058696,39.38
1HR5seJaNgvsC4yEwpizZpPKAe9RXLpX77,0.00038824,39.38,0.00038824,39.38
17WnkV92yGid8bN1wVWYG7Rmeg2B7EX7vL,0.00058301,40.25,0.00058301,39.31
1PSaDNPKrdWyLMgqKgPFEnAQhfjJigCraw,0.00038488,39.5,0.00038488,39.29
14haXcpE2Zsz5vx8oTUoWRYQ1k26pQ2mga,0.00058252,39.83,0.00058252,39.28
1NUViYWkKxQJVzz3f74ihJjEJ4NnQrKoAE,0.00043315,37.83,0.00043315,39.24
1FRJVrhMRarskn9vFDUKEtsmBJd68RhMqK,0.00042265,39.22,0.00042265,39.22
1BAY6ZFmFJaadC9csd9hUUbdcbfXwim1UK,0.00042175,39.14,0.00042175,39.14
1hhiGLq5fxhaTBD8SNSXMaDqYzJknv6Nr,0.00056897,39.13,0.00056897,39.13
1rein7r3Q1kdaLifgKTaYCW7qYzGs6omC,0.00059205,37.22,0.00059205,39.13
155JrUFbUd8pkXuCLMupeJ58Ro9TnxjPma,0.00038025,39.59,0.00038025,39.09
1QKxz4TvLBssEmGqqvN7v1fq3rBpvNHYW2,0.00057116,38.62,0.00057116,39.08
1qXcFsNfSxLVf9TRAtk5oswyP7WkXAb9g,0.00061812,37.29,0.00061812,39.07
1KHiCqmfK1FVXjBbv4BDBWbSRZT13dTSx3,0.00057513,39.02,0.00057513,39.02
13P3b9ogv4CjVvqYWqfypRXQRgsQzXoZRE,0.00057811,39.91,0.00057811,38.98
1535oSvaPf8t1vbtJFQeiprgboUfbXH6PW,0.00058931,37.05,0.00058931,38.94
1FUfZc21YdNaWkyJvAyc6qeYbdF4HyRust,0.0004,40.44,0.0004,38.91
14CJhHDdXU1ZnKXPDorbRVv1AcKrZ86w7A,0.00043222,38.72,0.00043222,38.89
1KTigePxw1ToDAkmmRuErigjk2RqDyRa8i,0.00039644,38.73,0.00039644,38.73
124dfsDJHdPRwhqvKnS2ChFb5c6zhkwhHd,0.00039782,38.77,0.00039782,38.7
1Hirz9GbSCqAC2cwWDhbft77v5d5ySWq9v,0.00043615,38.66,0.00043615,38.66
1GGZcLMCvAmyS7EgoymVGmotfcFytjpDUo,0.00057237,38.56,0.00057237,38.59
1KRuuiQHzxHdYqfghwFanRLK2Ju6ppsJsg,0.0005836,36.89,0.0005836,38.57
1JwtsXGTHCBzcWw1UPrAuWbf7dgeot1Tfr,0.0005716,39.08,0.0005716,38.54
1HAZwXHwDXJkZFuFi4ueoWS9SCFUPjUANk,0.00055517,38.51,0.00055517,38.51
13VBY217dWbjgLom6d9FPbKxSX86cuxKRL,0.00036997,38.51,0.00036997,38.51
1CYWF4Q5CncRXe4EoAZJtUprcL7pV9Q7wF,0.00037951,38.49,0.00037951,38.49
1FGPpBnGoL2gc1iiB6vn9UbcHCuKyhgdd5,0.00043971,39.74,0.00043971,38.4
1G3Px9iVGp8CGMmxbG6a1f29Uva3dJ2EhG,0.00039357,38.29,0.00039357,38.29
1EZzXgZAZoyZYKrytThNXsRGM9SCSmPBjA,0.0004,38.26,0.0004,38.26
1EpHQStq9q3L52Ne84NukRArRAKaCz1maf,0.00040438,38.25,0.00040438,38.23
1F9XD27RDmEiKbc1TX3yBhNTik3Cg2AZJU,0.00036,36.81,0.00036,38.21
1Kj8bJNMRX6xpMDBsnJHJe1ZfEXCmyTrq9,0.00040322,38.2,0.00040322,38.2
17SbbRDPabPmk1TkMUJmpnTgvKiF9ne7ef,0.00036493,38.16,0.00036493,38.16
1AWtZ9VcyeL9y8BdqBJcNnQbwoSGV95P47,0.00037587,37.59,0.00037587,38.12
1DU1p1t2DpNQxcbgDAHgpkhFYuUve9QSGE,0.00039718,36.53,0.00039718,38.07
1PqT3fmfyHk7RL4166D1FpRo67v5cGAMfW,0.00040252,38.06,0.00040252,38.05
14CoWqQvbFfPQRRVjgFo7eDJB8iUoqh2EL,0.00043483,39.3,0.00043483,37.97
1F38ijxQWQiyZJDfsywJJnFEeGvJ9eJYs6,0.00056854,37.92,0.00056854,37.92
19padieuWgEVhnEM7bSkhm991B4wnQ1UmR,0.00039502,37.97,0.00039502,37.84
1N9fysJocjXF76ivneMG31ERdQ2FiTH4mc,0.00038343,36.75,0.00038343,37.8
17jTV2mxpYgtvrhZurFaPeBP6Q88No7fK4,0.00036,37.41,0.00036,37.75
16u7bKdDYsBMMHR8ovXd8Fy2Ppcn6u2Acq,0.00036907,37.73,0.00036907,37.73
1NDABp11wpg9TXNAmTXVUcPWaMqMKpoKGt,0.0004,37.72,0.0004,37.72
17VCuBFsfLrFBzSBb19TUpFWuLcDup1Bwg,0.00041574,37.36,0.00041574,37.61
1Mss6wsWg6grSBRscLHTQ1Cq48BYavntyU,0.00036116,36.3,0.00036116,37.59
1Efj2jn3t48AftLpSivgumn6km3ii1VZ83,0.0003611,36.11,0.0003611,37.58
19pDCgYSbgXR7NcQyCvkjBq98tHcyPNt3y,0.00048994,37.57,0.00048994,37.57
13cfvigYHQC9Dx1wBBs7DPw3DqmcMYZnP6,0.00036651,37.54,0.00036651,37.54
1H6Sw8xZWQvaPA9qEBRAGi9ZjEspzgZjKx,0.00035326,36.12,0.00035326,37.5
1Et6XTomefScJy8BZWh8jkZTuTKBFWZGEL,0.00038358,37.48,0.00038358,37.48
1JcqniXNJ3NCSxRYfeiBXFrHcdo14Gna3q,0.00035302,35.77,0.00035302,37.47
1KrB92SnSi9W6CjvGfPhswtT7oKG8XxGJW,0.00039523,37.57,0.00039523,37.44
184QVXuQ73pt1HNSZanDN6aep4b1uurqjH,0.00060215,37.47,0.00060215,37.43
14TVNHdXw2CN4ENVbn3yDeZjb9SrxAYJcD,0.00048798,37.34,0.00048798,37.42
1NAzfURHSCKNsQQccfdZpt8WzqVFEq6Po1,0.00037583,35.66,0.00037583,37.37
1FQKybY3mgF4Cx6T1rn6cWcE8sjLe3DHB4,0.00038141,37.25,0.00038141,37.34
1HdZmDTvY8JHTBUuydw42Sexa6UumypydD,0.00060126,37.33,0.00060126,37.33
13nXD3aQfQwozpVAtPFFNZfTFPpNnwUwW7,0.00040529,37.55,0.00040529,37.3
1MRVanmCD7rKx8vWZxpkZUzsTHhubLMpKT,0.00039359,37.41,0.00039359,37.28
12PBzkK7TAE9mkmXaVp3XvejwEh8kLY7Kb,0.00037888,37.2,0.00037888,37.21
1H4bcRWf91dPzXiSEyP8rsP6TpNUTXcCcX,0.00054381,37.21,0.00054381,37.21
1ByjvcaH3gTaXZ8g2ieuXqQnP9tngiEwrF,0.00054354,36.65,0.00054354,37.19
1GmiyqWzoUNyvN9n8TJ69GmBdWqeuKuqFu,0.00039323,35.57,0.00039323,37.08
1KUD517NUmUubFKNpEmdQ4yH36joUbC3Go,0.00037062,37.06,0.00037062,37.06
1HKdFDZ6py1TiYFtHY8cMjVMBikMGFLuaG,0.0004238,37.01,0.0004238,37.01
1HaSXqSJo2656G7d1gFCxJD871MsN2HocB,0.00035281,36.66,0.00035281,37.0
1G96MYxKmef1hz5zv3SYyMfoVWPNvGMWzX,0.0003849,36.85,0.0003849,36.98
1JkfyYq8KTPL94Yqf7bPs69bnqvyTzaNhH,0.00035261,36.57,0.00035261,36.98
16M29RDaCbiM5H669UtcvYBfPuUeregtLD,0.00055924,35.16,0.00055924,36.96
1MKn1rSTKbPfxQJp41c7smWg2fC5grCUAy,0.00038332,37.36,0.00038332,36.96
1GR3KTbhc17RxCkKePvB2PL5FRJFb5vTaN,0.00038318,37.34,0.00038318,36.94
1PN67pMvfVda1RSaBtbV6LkyLdqGC7YwPs,0.00036809,39.07,0.00036809,36.88
1NwMKbSH2APDzBmcRha4ZrvPCRGaiw4UAA,0.00040667,37.02,0.00040667,36.84
18qXsZr6XnZ5bxMmxAKQU7nHvk2bQk83x5,0.00053,38.34,0.00053,36.83
1Emw96uCQBjCcwbYBec4jR9kTkFJso9iqr,0.00037698,37.94,0.00037698,36.83
16qQhzgg2j5gXTqBTyqDs42oiZniQghwQX,0.0005567,35.0,0.0005567,36.79
1DBnDfX6DJcCXo7JRZDnGJdhKPT5hbUz6W,0.0003742,36.74,0.0003742,36.75
12K7MiDFxhZZDZCURojV3Ne9qN8f5uRn5J,0.00037216,36.69,0.00037216,36.69
1JCsgTDD7fcTqJdZ2TFpGMLzFuuV1FST9D,0.00035695,37.4,0.00035695,36.63
1NADUH7EdGaLnkRCijxb3VTm53bUmy41Xy,0.00058964,35.82,0.00058964,36.61
16Xa8Fyg6HXQEgVwS5juAL1rNwNn2oS5PG,0.00053438,36.13,0.00053438,36.57
169oirrbcnxXCpovJu6Kzn6zpn5Y6BeEXs,0.00034862,36.23,0.00034862,36.56
123WAFgqaDyMPwbnavg4XbWKmYnLfi6Cq9,0.00035125,36.56,0.00035125,36.56
1C8HRC7n5A2nrowgCpBW913xmJTVgM5HSD,0.00054748,37.34,0.00054748,36.52
1FYtx2W9kYgsP9arz2GwZJH3Gx5maWKjC1,0.0004166,37.65,0.0004166,36.38
1K6UDMPf3dDzDUT7jvHiYUwhXzP2ctAbL4,0.0003587,36.38,0.0003587,36.38
1BjacfrFjcxohApJKiGSBTsZMsULGim88R,0.00038401,36.5,0.00038401,36.38
1N82jBBCYEUv6swSuHP1n9LEW57rqhtLBw,0.00055033,34.6,0.00055033,36.37
1EDNNmDeCwVJoBLK6rrQyHtf4yFyJUHiuV,0.00047395,36.34,0.00047395,36.34
1JK5X8vU8DVTEia15N2Vh353ikAoS32oai,0.00041605,36.59,0.00041605,36.33
1PYzUGFK1pykhQMgEENdsGQP7MhKCd418g,0.00040196,35.49,0.00040196,36.33
18ShoUKsUNmkQicbaEX3xTeT5YMsz1xfF3,0.00034627,35.98,0.00034627,36.31
19QaqL3LQMmp5FtsmFv1xXTeaTXKzoD3Rp,0.00035403,36.26,0.00035403,36.26
1Fy2yxpe9xkRzfrVMkZpttDLkgt32ydoKn,0.00035684,36.15,0.00035684,36.23
1LwFzY9ZA26nB24PAVjTGPoWryTLXnHStk,0.00036004,34.77,0.00036004,36.18
176k9o9VerKZXdqffXSv5Ct98EyLX71cB7,0.00057201,36.15,0.00057201,36.15
13nSgGKJJCY1SydXKZh1sih5RVeGLfu7C2,0.0005956,37.02,0.0005956,36.11
1AtbYLHvYNozJ7CGaMqG5zXRhmkAcqvAg6,0.00035307,34.73,0.00035307,36.1
1HcEanMRoPqhmGgaZ9PvmCJPKyBMWrxxh,0.00038101,35.26,0.00038101,36.09
1MXiak6KqdRjxkCPittutKtE6Y9C3K1neT,0.00033999,36.09,0.00033999,36.09
14d6J4HjhvBKt2JFuh42tfSUYUmJuChZDQ,0.00036179,35.07,0.00036179,36.09
1E6ibWDkzBfEBexB2gKLN4Z5NBtHEfmhMh,0.00054552,36.05,0.00054552,36.05
14hnfi7iqnpJAKG6YcEijMFH49CiEpvB6V,0.0003763,36.72,0.0003763,36.04
17eMMKC7Ghuvua2J92XoVvVkd2BD9E3kXi,0.00038088,35.64,0.00038088,36.03
1CTm1dG8Ki53b77s1orWPKpzhzUUnd2ihR,0.00034606,34.78,0.00034606,36.02
14bjf25LN2JCBcwYBDgo2adxVXFEZkeToV,0.00036223,34.37,0.00036223,36.02
19WikwPgY6oCXeRmcXNXL78w1cjmXKDLGV,0.00034314,35.59,0.00034314,35.99
1LGC3XKEU2rXYNgAqbEnGwsYtC3hpLaW6E,0.0004693,35.91,0.0004693,35.98
14WRZf8N9tJscwDPvEH9Wfd9ccxJEsE2HF,0.0003797,35.97,0.0003797,35.97
1DxXgjQPGzSgLwr8UgtLBh5dxA3ViPPekc,0.00036982,35.94,0.00036982,35.94
1EFy6ranFRazLQ2RRVoSFJDQbPfFVEtwRP,0.00037488,34.87,0.00037488,35.94
1KFdydnSB5j9gN6aH5nYUTN6gCbNHHJm9X,0.00037988,35.55,0.00037988,35.93
179uf15KwpTrXqwx6bc2NXVauRKuPYZ4aq,0.00052217,36.23,0.00052217,35.91
1NNobAKqdzKnPMdCFLzZMmgApmFV6nmvDw,0.00034218,35.49,0.00034218,35.88
1BcEAs49n7ZPAruCf1B5f8FrBo6hULAVXG,0.00038031,37.81,0.00038031,35.86
14Uv9c7AqCN37EbfjxE99V7ihkcMZqh7Sj,0.00035008,35.86,0.00035008,35.86
1Kcmz81wYtKV5At5s45HW3tzY35qdYCb5R,0.00037894,35.84,0.00037894,35.84
1BdQpau8gmrUmij28cvRW8Sm4HoidJNXeo,0.00057048,35.4,0.00057048,35.84
14LBV4arGucRzGRfUkKJ2whUY5htcddwr1,0.00051551,35.83,0.00051551,35.83
1ATWJUUVen8SkxHyTJZkSLMcy85RaSiUgV,0.00052719,35.82,0.00052719,35.82
1FU7XZNj6sFdA7jZFDyxKq4qy3ifs73YCN,0.00047384,35.81,0.00047384,35.81
1CF5edaSwRUSF1CCcEUp7cTzDk5fh22hNk,0.00034242,35.8,0.00034242,35.8
1MgkJEqEEpuNes8odtnfxESSQar395aBcc,0.00052328,35.81,0.00052328,35.78
1E75aw8JjTBaNLDzhyHL9zBDWzACU6wifN,0.00057576,35.75,0.00057576,35.75
1FhbWbTmusL4FzHtmR63LWq5hLk46LuQdw,0.00058952,36.64,0.00058952,35.75
1FH8sjTkqim4KiFwW5fCoxgbxFLV1KEW82,0.00034897,36.55,0.00034897,35.74
17cLmkEQTPaJvh95okveNZgfU6AjxabXkb,0.00057572,35.74,0.00057572,35.73
1N442se75D4tjZqR1co2rDb5FHLu8WKLu4,0.00052209,35.02,0.00052209,35.73
1HAMhuhbCg6zvLEFY9wcN7n5hyKZATnzKh,0.00034324,34.32,0.00034324,35.72
1FFM4ePcKReg34sTBNthZ5TNd4ZeQ5Zjqf,0.0003775,35.76,0.0003775,35.71
174aXn32v9j3VtFCRnB26mHFGvVYzzJatF,0.00035613,37.8,0.00035613,35.69
1Q9BNtvLHcZvWJjwRXdUWT7QpA2XTChVKT,0.00037838,35.68,0.00037838,35.68
181TL2ytU82HTPQUqHfMjfV7bhaxQ7DLWt,0.00033586,34.35,0.00033586,35.65
1MJyLzYtXEYAYYvXoqxr9e4TfTWkjNPKJd,0.00056735,35.21,0.00056735,35.64
1GgGirM9ZrWzh3Kk4mNv1edh3BA8UnPNzs,0.00039335,35.81,0.00039335,35.63
1HqUUdvZvqnFcNqegEVUjcCe1ByQk3BHFo,0.00036138,34.64,0.00036138,35.63
1H3CSNpoKm7FP18yAnNpSvAyXVqHAgT5Qg,0.00035151,35.62,0.00035151,35.62
1GPPtnZNgg6ki2DHuydxZzDfbVZ8qkatCv,0.00036876,35.87,0.00036876,35.62
1FdXnURA6DgW4dGGFx2UjNDvcn6ZZrjp4P,0.00036872,35.62,0.00036872,35.6
1EDQHA3mdAFPtLPzt9akGp4ETsmV6TTyQF,0.00036242,35.58,0.00036242,35.6
19GSmeF4vhhnFZKBm8iBNTPXjr83dzag3d,0.00037749,34.85,0.00037749,35.59
1ZzD8MR6LbyWyidFWXGqhNukWmkLPNrng,0.00036572,36.98,0.00036572,35.58
18Cqbf8WaMSu8M7UFEG3SgiUoGPWSvbyPV,0.00036171,35.08,0.00036171,35.53
1FJ3vQsVeVvjemSsju8xSMy2y1HadcPjgz,0.00046317,35.44,0.00046317,35.51
1Hv2oPGS1rucGbafJtWU9gmHun6ogzAbsS,0.0003512,35.06,0.0003512,35.51
16qyoHxY2pxyrUJPmCvHNiEUzQkmSuFesv,0.00037483,34.69,0.00037483,35.51
1VXHikvEfrzPYd4GHEk4iMZTiy7uTrxrv,0.00053198,35.87,0.00053198,35.47
1KjnFUySHz9My7dgpTSDuoYrpKryuYkpWd,0.00052861,35.47,0.00052861,35.47
12wTm9zcEXCDBpxJUQRzWSKCwv1L8Z4ckk,0.00034057,34.05,0.00034057,35.45
1HR8WNjwpKEUbTcxUNZfsm7ZrHRkXAgAC2,0.00037488,35.44,0.00037488,35.44
1DDP5vJcki7YmBspP4LBPbLqBkDCKDTK9K,0.00037582,36.0,0.00037582,35.44
1BmYV9bznbuKcJXwA1YeZ4vpg8RateyHZQ,0.00052549,35.41,0.00052549,35.43
12Vuc1bpTrsPUrGf9gAf24asxgnLwCsH1h,0.00034159,35.43,0.00034159,35.43
1JBULg3RJAL3tUq5nsToMKBpGPxsSavnGa,0.00034937,35.4,0.00034937,35.4
1PzWU9yD5AS8pTRxLJ5Qaa4LJwQUugbD24,0.00036717,35.12,0.00036717,35.4
1DA8Sn1ViGSq3JvqZFUbeHgS66EDRGj2ZK,0.0003664,35.64,0.0003664,35.39
18yerTDb7DXWq3YJ8tXr2kEWwjCXebwRxw,0.00036617,35.62,0.00036617,35.37
1PJ1MtMqGZHKvLkazGFMxKmqHX1EbmLELW,0.00051996,35.37,0.00051996,35.37
1LPnHJcoXDmqRJeV8zQrYsGhYQxknDNCYH,0.00056294,35.21,0.00056294,35.36
1HnedweyE3VQpCPAR6KpjURq1MWnvZxJJ4,0.00056955,34.6,0.00056955,35.36
1KFCMkQx5xd3j5Ftzwz8Lm5Sj2rrvZCeo7,0.00056276,35.35,0.00056276,35.35
1HfdnQHUiaHBxs7ZycTgLxMTq51u6W2Y6j,0.00058252,36.21,0.00058252,35.32
1AwEriHwnc1c3sKyFquusPE1bi5ARs2H6Z,0.00033274,34.76,0.00033274,35.31
12cNAZTDhY3AXq5c2vQNZUGeACRuq9kJeM,0.00056767,35.32,0.00056767,35.29
1GG4J3CWoCx1uaCuxxSrRmBPEsFdGVPBBm,0.00051562,34.58,0.00051562,35.28
19BiWAR3qVSfWDRUXxuULECp4pU1UMBxCz,0.00034774,34.78,0.00034774,35.27
12HfoXwwbpomzj28GE2GHx7VefxuJwEdXJ,0.00033709,35.08,0.00033709,35.24
12kYVUpRy97p6iZRX4XHJynDJwxvjaSAJZ,0.00033977,35.24,0.00033977,35.24
12589NXuiHirB6Gkc2htStxcEF5wvN1SLd,0.00036805,35.2,0.00036805,35.2
12SBbcpKWnFoJBVQe5Gf7KtxjHrLyPpNvS,0.00034139,35.94,0.00034139,35.19
1AJkAQ4UKcAPW4isqJoyeJLnHbSRPSxKdf,0.00034692,35.18,0.00034692,35.18
1DhEbhKnt77MKsrqveEXzPpXrtaqYpLchn,0.00052177,35.16,0.00052177,35.18
18crftZBjDfe1HddkNLdGeNBvWJoxWMgMw,0.00033619,35.15,0.00033619,35.15
13ESCtJozXj6U4aYCXb6hqrdKrYZqqyJYC,0.00036119,35.14,0.00036119,35.14
1QGKzCPDr5XwiPQ87kHBtJT6oZLgHu9DNJ,0.00036442,34.85,0.00036442,35.13
1DPExH891KLtbGG8WUDtFgMFxXdJSbpjAd,0.00034641,35.13,0.00034641,35.13
1Tez3DvyuN2BBcFs6Fg1Q8Tixc36jk25X,0.0005202,35.05,0.0005202,35.08
1BRBEVrZiHyt4Es6xdKyPMtWLpqWhfkGD4,0.00036577,33.64,0.00036577,35.06
1PvUST6Us2q7DXtcj2kS8XgsPo7vxfhGgw,0.00034869,33.67,0.00034869,35.04
1MJfDsnu3wduuEWJXB9wLUydXyqxH1ZJuN,0.00053027,35.04,0.00053027,35.04
1N4sSRzy1cX3kERXN7BKB9eqYMPQLVR75g,0.00035646,34.57,0.00035646,35.01
1HdHBbomD1FDNawdZkDnPyonVvhXNHxu4M,0.00035399,34.8,0.00035399,35.01
13nZQA1uRAj973mNsTPpc7TcLMpXa3VDfu,0.00034514,34.52,0.00034514,35.0
14eZfEVk9pX6pH7VQD9EVJ5go4vbEc7y3J,0.00036298,34.72,0.00036298,34.99
13kNvrnCWRWhHve7oGapJPx7YcJXiqZ9K4,0.00035569,34.97,0.00035569,34.99
1PDasn5oRCvqWmzzVgEoizydApMBbZnjxm,0.00038662,34.98,0.00038662,34.98
1EqyK3bvpV3XXWcFoXCRenGZQ57bK6zvnN,0.00034261,34.97,0.00034261,34.97
19mPmzXik76N3EjGK8vzEc2EKBGN4UxoDL,0.00033348,34.65,0.00033348,34.97
1MiqBgYAGadVB4djqcShVG3FPsfx3qA3cn,0.00036963,34.96,0.00036963,34.96
17vwJGmhSa6CDuF1B9JTU5FHZA86DXf9AW,0.0003595,34.89,0.0003595,34.95
1BfBnFYkgzSwpHRLYyHFkVLAp33sb1QoVw,0.00046,34.76,0.00046,34.89
1LGMbfer3tGfKD5MM3jgAX4N8aGu2HWzCw,0.00033999,35.61,0.00033999,34.89
16UPYmtoUBB2giSGx1zaXy9DszCEJxmEJH,0.00032836,33.27,0.00032836,34.85
1Av5zx8EA1gLhZzuReSziQuvi33nHjeAjH,0.00050869,35.43,0.00050869,34.85
13jYTx3TcP6dQszeD5qmNcTeLYsHz94moB,0.00037546,35.78,0.00037546,34.84
1PNfL9Ds4GoPCq8g8Ag3t7NeUiNCcGkM85,0.00051921,34.83,0.00051921,34.83
14WAFv9DuzYR7fsAyWrphLpcXmwcn2xahS,0.00052203,35.6,0.00052203,34.82
1LEVTbVLcjQKQSEVY3i3zMNpX8cqmUzz7X,0.00036787,34.85,0.00036787,34.8
1GYyMiTg4so5Maesvom78mLtXi4pKPQMqf,0.00050064,35.19,0.00050064,34.79
1FYMgVMkowCietA87AMrERUCvjtcVYKp4G,0.00055964,34.75,0.00055964,34.75
16QPvngJAQUzRLcnBp7y3htekrgvhozEqJ,0.00035215,34.72,0.00035215,34.72
19crt2FYddZGqVi7rT2tsDCNCqd7f9Uo1K,0.00032701,34.19,0.00032701,34.71
1PFb8zc7xPKSp6RPsxQKXyVo4UZzESvw6D,0.00036675,34.69,0.00036675,34.69
18CppkXynhkADsDx1NwKdkxALoyi722atr,0.00045247,34.32,0.00045247,34.69
1KfFYigs4HATC7tc6yWKHT4AyABKu1pKhE,0.0003515,33.69,0.0003515,34.65
1NxzaBqPfVmLaHkH35gqes4hoy6NuKtqME,0.00051976,34.65,0.00051976,34.65
122MXazdWZx1UDVsAoH4ZMDKYbmkLmpzKu,0.00036561,34.56,0.00036561,34.56
17BagZn6X4wnzkA1m61S86DCYCDArjLq4w,0.00034651,33.59,0.00034651,34.56
1JHWsjNccYw7hoKL6FBcRiucTEhzo2t2tG,0.00049351,34.53,0.00049351,34.53
1F7VasNEQ7xzteVggrh381EqqREtyNRXBi,0.00032507,32.94,0.00032507,34.5
1K8xVNBDpjwTbRfXtiqoAij51rAXjoL26M,0.00038889,31.26,0.00038889,34.47
1HVNHMvwrGJQXLZbStXJNT97y1Uid25RUi,0.00033653,34.47,0.00033653,34.47
1FAh31oeNAydpF5SaMkeo7oEQG4oCupoBC,0.00035427,35.5,0.00035427,34.47
16JseAyEbypYGUF26DUAndeWo62Uu2pLSY,0.00035253,35.72,0.00035253,34.46
19uRA5up4Yk29JHjA86J6wZH34CAZroVpL,0.00045392,34.3,0.00045392,34.43
1JDEckJxupxdjazUWcrBPnTUCGbpoASTCt,0.00038,34.42,0.00038,34.38
1P8KHsTkCARXzkfJ67hfqceiXBQ8QazeU3,0.00056563,35.16,0.00056563,34.3
1P4mDmYjPE7JLqEzZMqKmqnW6qNp7nv5WL,0.00035775,34.29,0.00035775,34.29
1FLPNHTE4KDt3o33wBRtgezZUTaHLsD9AY,0.00035214,34.5,0.00035214,34.29
1BmnoGTgPwqNeJSWEb8pNn5VjcXM6xQEpf,0.00045281,34.28,0.00045281,34.28
18EUHKHTr2ysXD365C7x6pD4kT1D2GD1qD,0.00035484,34.52,0.00035484,34.28
15ppZWw2RREJrBWwdTjhhCAhGauNt5csXp,0.00032649,33.86,0.00032649,34.24
1Q8ixBqDWZEKrSuoAoF2RzwK9Z2NNtf5s2,0.0003335,34.93,0.0003335,34.22
1NWGV5Mo69mzA9xLSNXRPzNkGaiEbGUjcX,0.00034284,32.63,0.00034284,34.09
1AAdTfYa5c3JWhgUVkaACDrAeJKyx9zvjN,0.0003583,34.04,0.0003583,34.04
14Uz3HLiuwWrLMmjpq7zPLrrSyLes54DiN,0.00034505,33.07,0.00034505,34.02
13SuxhRTXc2v6Qb2iKAvfKasjHDysMDmbq,0.00035902,34.5,0.00035902,34.01
19X3p2MhT3kzQWsZwHStfXDEUHptVs93QY,0.00049725,34.0,0.00049725,34.0
1GA4AFvSs1w8QP6dLTFS9kY6fz3K85i8Zy,0.00035176,34.19,0.00035176,33.98
19Be5fa7FTMWg7T43hHeyydPLc22XYHQNP,0.00040751,33.95,0.00040751,33.95
14ox9HR1fhdYECKEms8ifvLnQRriXqgFVF,0.00037446,32.7,0.00037446,33.92
1CPVUL4P24Ve7fiM7f1aK7iGkNLuLbwY9z,0.00033919,34.3,0.00033919,33.92
1KVonGLjirbMv6gMhc9Kq1serX4vFZfV96,0.00054618,33.91,0.00054618,33.91
1HLYwNEvjPfG468bwXTC4UxhxuZJBk9Xp,0.0003429,33.71,0.0003429,33.91
14koK2XSHPqFT373wXmxoHfAN4c7f2aP8b,0.00048469,33.91,0.00048469,33.91
1MfwGrUc1qFAVLZpT1aY3rR6T1Lx5atzSw,0.00037395,33.6,0.00037395,33.83
1PA56sKiKW96tkxQ9WDLgsF1CVPmMuSbEb,0.00033009,33.81,0.00033009,33.81
1HqXmHfr5auHap5VrMUs4Pm7WXmR5a13Ve,0.00050125,34.27,0.00050125,33.8
1B3C77uZUJKLetvxmoW9iWazrf6bonZjTx,0.00032584,33.79,0.00032584,33.79
13Pt1BM9W5APEjLMeoKyCJADVjXL9Cy9NR,0.00035225,32.39,0.00035225,33.77
1HdNLCUsD8mL4DDGip5KiSckZ9B5sQ3C2j,0.00052056,34.25,0.00052056,33.77
1MFEktZiVmPBmNHjUPZvw6BJK59qX94PjM,0.00054149,33.69,0.00054149,33.66
197vKqDrfVV3At916rgZZypCwKhN4hNH5b,0.00031696,32.15,0.00031696,33.64
1MrAXYymYGQXeFjgYYKo9wRM6o33aAEim,0.00048459,33.62,0.00048459,33.62
1Ew4GdDbPz7pr1vDFgdC2pSVTbqQXmR4yd,0.00049733,33.51,0.00049733,33.53
1JWS2PPnSavgx7EojfHrJqU5kuSUAZjE4z,0.0003446,34.53,0.0003446,33.53
1Bh5egU15WtZjgs1pgMPeRkSPBUwAF5dct,0.00033052,33.05,0.00033052,33.52
19DPfFE8rTgSuuBN9hmb22uUtQtiNJGYD6,0.00034753,33.72,0.00034753,33.5
19eJfxuEwm3kUr2bejoBiuyTadsctSrajM,0.00035484,33.98,0.00035484,33.46
1EXVUi8vpcXokdvS89XaXsgJdURyvnEg29,0.00050184,33.84,0.00050184,33.46
1EEoiArEQ6fzPK2SWpxUB8qDxs6og5egqD,0.00053478,32.26,0.00053478,33.45
1BcfV9RxKPvJwv9jYqggAipYwEckKMpees,0.00035319,33.41,0.00035319,33.41
179c3M9w7Ha5nbkMXgB6cYVKZW6iy5QceM,0.00033336,35.36,0.00033336,33.4
1FZVXqNgJQYt4Q95SxDKeWeTYm5KyKWx1U,0.00053731,33.36,0.00053731,33.34
17nn13DBb1L8KhqrrdxHRTqFkBXEUWdrtX,0.00037041,32.35,0.00037041,33.32
1H2GRDF8HJbdtpRkBoKCkm5v4SCCpnxbzL,0.00032,32.0,0.00032,33.3
1MTmGzwrKxnhQgdmHKnaU7DbKBzrYuqVcS,0.00036813,33.3,0.00036813,33.3
17ec8XbCttTA1BKZmzwjd9L6VxejJTTKRH,0.00035179,33.26,0.00035179,33.26
12B81itnmD7oS3Yv9pNvowgPNqKcWBF48Y,0.00032048,32.5,0.00032048,33.19
1KyDLVgH5oErMKFdHQgofWv4TpUurjVKR5,0.00032988,31.85,0.00032988,33.15
14JrKrTbin4yizs3NDcf9oMs7Gaichc499,0.00034055,34.12,0.00034055,33.13
1DaWwBSWR1joH5uVmwTLzn5PpmWS6JfQtM,0.00031798,31.79,0.00031798,33.09
1BZRZMd1M7yT8o1pBHhcAZgBt9wxsjxFgg,0.00033625,33.07,0.00033625,33.07
1AQ2ja9BeQMtgFwBfjGatutDEjFKQAkznX,0.00034479,31.94,0.00034479,33.05
1sAH5W68kUeqvtcgg45n66ZEWLN8ohJzV,0.00032833,33.0,0.00032833,33.0
1DhThPGPmWfKe1usNzd9SfWyYZeREG9vPM,0.00034764,34.39,0.00034764,32.9
1HkSSVRM3YDddiLL3rdmpBNyrA2wzNXShG,0.0004807,32.5,0.0004807,32.89
1Mr77M4bqmvzx7mJ1CF8rz3KxAQ9Pho8S2,0.00032451,32.88,0.00032451,32.88
1LsLnHTfsAySAvRXbsqUesXSz29R1ujCRH,0.00033073,31.48,0.00033073,32.88
1LDMct9m2XfyjCD7czLNqqJoZyP1Vibpq3,0.00034262,31.52,0.00034262,32.84
14aS2XyWUkZixJcDtyumSUBphtTxW2oWMJ,0.00043281,32.71,0.00043281,32.83
149e3LDsw5R7s8rBE7aVygPCFZNixFaKiM,0.00033177,32.62,0.00033177,32.81
1EVxJeCfNrkJuVWDshwH73xUBsfgHcXGWZ,0.00032436,32.37,0.00032436,32.8
115NiPxWNBheWhUQfRHQ37e7U3oqxqoZhG,0.00032708,32.77,0.00032708,32.77
1Dj7eVDNnZ9uKceJPvEvD3SzmEmL2CcuB9,0.00033544,33.02,0.00033544,32.73
1BzCBZrHeS9bFWHR35aRj6jMSDMxHsEwjJ,0.00033638,32.9,0.00033638,32.73
17wFnK15sUgVTyBD95RVhEdmMJsPEuTu3t,0.00035268,32.73,0.00035268,32.73
1NjBXCS63ZP8RwhKsrDSaDPoF9k1WrJUoF,0.00034327,32.71,0.00034327,32.71
13tG65AEwgGR5SWwEmRcf75kKc5wAJNsLB,0.00033049,31.68,0.00033049,32.58
1CfojvzDZECfF3UB6AvjG8Zx2rZjAZQSZo,0.00051825,32.56,0.00051825,32.56
1Dar38pduUv2b4wYBq4XWTXBh8TPWE7XBS,0.00034358,32.55,0.00034358,32.55
1BBDs1fSktp8jNPgy5q1b6a2yYtfKFkFJG,0.00032067,32.52,0.00032067,32.52
1Buq7PAmipNHk1QtJ3dsakEDUUK5bDDYy4,0.00032687,31.01,0.00032687,32.5
158y82o8njk2mueMAdN78Y48ozodk7cjnd,0.00053565,32.48,0.00053565,32.48
1HefrWyS85iXEeQYeP6rMc1H5EkoDsFefd,0.00033371,33.44,0.00033371,32.47
1FADHMt8sR25Qc5ig8djq77k6scc6iuYJt,0.00031663,32.43,0.00031663,32.43
156c6JoyYGNS5t6encDWwTVZYSVmN63irj,0.0003355,32.64,0.0003355,32.41
13FL84US45RCqFiCddtUhUYoD92DfXdHcY,0.00032804,31.44,0.00032804,32.34
1CPCo1pWChBivMBmwtNhRwtkm1gc3sVR9m,0.00030878,32.34,0.00030878,32.34
1AKA3WjnPUu2XEJ73rfFLkuDk9hmjAstNi,0.00048368,32.99,0.00048368,32.26
177MazK7Z86zG8HPnF6Z1buqUiXExV9Q39,0.00030984,31.14,0.00030984,32.25
13LUgqv3qxSPzrNLAumnyCGGgzgXWS2DKi,0.00033976,32.94,0.00033976,32.18
1FCTcyvn8wCcJY4zv8PgcZNGGSYpq7u2c,0.00048187,32.86,0.00048187,32.14
14WfbPXT41Fz5v12jgAh8wV4NHFQLBDcrP,0.00046947,31.65,0.00046947,32.12
1D6S47m85sYDwPtAtpynGWSG447KApzZPg,0.00031697,32.12,0.00031697,32.12
17fD6dX1MkpaLdzJdqEV6hJGCjCXt4VjF3,0.00046936,32.1,0.00046936,32.09
1FmAPLPuaL3k7NoijYVzMUE9znx8ejsvUD,0.00046775,31.54,0.00046775,32.01
17egMA9SFVkb7HpAiRm5VhC4smbASLPH3e,0.00033753,32.09,0.00033753,31.97
15YVv1LrGfaeuiY7ZWJqhJUFLr9wjSUHoE,0.00047266,31.97,0.00047266,31.97
1Cu4LJQmpKQmUbpV2M2kPBJTWymYGDK9f3,0.00047821,32.18,0.00047821,31.96
1AtWEy6yGbao3Wz8zvxayFoEMJkjuahv4H,0.00030992,32.46,0.00030992,31.8
1F4JcnXq1Jv9b7TCEXivzJq9FVefLTUsLq,0.00030345,31.78,0.00030345,31.78
1197rpfAW7Twx7mpotiQywHiT6PCsLw8e,0.00031311,31.76,0.00031311,31.76
1EHhTPeMzJ6CUXzdJyYDpnhU3m6pyLJVCz,0.00031332,31.75,0.00031332,31.75
1PBWikQK3vnLNvjnKSAWkgbZmkvgDU874K,0.00046432,31.75,0.00046432,31.75
13gs35JRkSDDN9VCXJstUxmp9LxmvQ1jwR,0.00030246,31.43,0.00030246,31.72
13NJB6mnUrDqQF3ru3AGPpVpRVGugbd7xg,0.00045631,33.01,0.00045631,31.71
12kb46QD2ocmT2PPi6Vbw1swDw4ry1LrQn,0.00039441,31.7,0.00039441,31.7
1Ns9cpEDEkqTiuQrd3NGbh9FQj8fBPJr9s,0.00045581,32.98,0.00045581,31.68
1C135rKkHYDL2phoMKnZxPTmZQaKSguJVA,0.00051632,32.11,0.00051632,31.67
1KKByaeb6RCPMgQgWtLSKDHwQnFGJbPDpr,0.00032348,31.99,0.00032348,31.67
1M2hBksQhM67KPiZ8144vxWrjo9poZp4TT,0.00030958,30.45,0.00030958,31.65
1DGKzpP3eZWZLYWG2Z2RmtNaud4jSrh5eB,0.00032547,31.63,0.00032547,31.63
1FJVbD6zphrHbc4eiu5Z8vkHR6i64vEZ2V,0.00050249,31.57,0.00050249,31.57
14fQp8vmWbHJrchxMxDmuX4CDkJeNb3CNL,0.00050176,31.52,0.00050176,31.52
1DJUoHmhMKsS3vH3p9rJXGPhAz9397hFx8,0.000392,30.06,0.000392,31.51
1N4jotfcBfLNXafMBJdxenSLDufxHLbM26,0.00044981,31.47,0.00044981,31.47
1Awxp4ZxcTuXj86j3xwFVnHJQz297qYQAc,0.00050076,31.46,0.00050076,31.46
1BJckVL2ipomcJUwjTQgEvxV6L2okTj1yr,0.00033231,31.42,0.00033231,31.42
1AfvaptHwKoaTJLSwVEteNqSzRkiagHka1,0.00030004,31.37,0.00030004,31.37
1B748jatPsgfeLhWczHEmDUXcUHnHemSSj,0.00047466,29.84,0.00047466,31.37
16cxveQ1RMsSQz4uUoJKPt86svHX68VCYZ,0.00032701,30.42,0.00032701,31.35
14R43RdhN8Rmq76Enku1jUJp2wZuQsTiuz,0.00047367,29.78,0.00047367,31.3
1FXpRbtwjgADdxo7Y7ufumZPr2cnhNGhn6,0.00046644,31.29,0.00046644,31.29
183CC1sfAFqS7n6Tdu7NhhAXkFcXoG73UH,0.00032643,30.36,0.00032643,31.29
13iEAiMjV4srdZGyJQ99zLkoy9pXajfeAc,0.00034569,31.06,0.00034569,31.27
18EdQ3mWbuyQEX6yKqDyGojPoUCXiaJnPG,0.00033053,31.25,0.00033053,31.25
1GcpxWmhf2P5UC9KZ4qLYnR3DDJayV6iM7,0.00032603,31.69,0.00032603,31.25
1xAghBZEaabLhCQTuZLjNZD15nuL6k7Bd,0.00029822,30.94,0.00029822,31.23
1KKRnfDXkFCVq2AFwPL36K91gksXLMpfCG,0.00046305,31.66,0.00046305,31.22
1MGo2yaiALkn4f8X9TJkyPVw8ZbMcG9qAd,0.00032347,30.94,0.00032347,31.19
1B5YnSph67X3zgFDyNQDf4HuTAnQeKGLB6,0.00049327,29.76,0.00049327,31.18
1Haxq5e9P2DvWiJh1e3oBwmJnDJrku1DWp,0.00031014,29.95,0.00031014,31.17
1BAWje6CWzSkB4oK9nWY58CHHqDpw2zJ5U,0.00032881,31.15,0.00032881,31.15
1HYJg5a3Nqir9YjdNTCBLPedQqhbRBVtQ4,0.00046167,31.57,0.00046167,31.13
1F8N2yt1SynDNAneGBex6hxs46XzYYD7JE,0.00030362,31.55,0.00030362,31.1
15qaJZ4rfDjHe2eMCLv74tC8xprKnrp9dt,0.00045681,31.07,0.00045681,31.07
17j3rqwp8ZHYXq3ekfBpSA6vSCrtt3SVEw,0.00045401,30.7,0.00045401,31.07
17TRyHfsuAH2vyq5gveoSHdFkPL5yyVFv1,0.00030501,30.93,0.00030501,30.93
1JfYkS23oFA9FCddb3mXEzybKHCrpkVzxC,0.00050997,31.7,0.00050997,30.92
1Q3mgStHxbALoKtxfuCK7CT6Z8ASryDQtw,0.00031402,30.84,0.00031402,30.89
1NabcahwYa3NpmcSWdjSgcdY9kexWvkSbe,0.00031062,30.88,0.00031062,30.88
1C5PMh6e4ZfWH8zqVq9TMjEmtsGjwXM4L4,0.00030137,30.87,0.00030137,30.87
147gvQHZp356KB4NaaRnUzKh7RikgMjuk4,0.00031405,30.46,0.00031405,30.85
1e9JjNa6SAT5ATw7GBD9JRjfpGh76JuTz,0.00045747,31.58,0.00045747,30.85
166xCSiGLsCyYDdvdtM8tHz386a336SAnS,0.0003168,30.98,0.0003168,30.82
1PoCg4WRaboRPUa7ejiE5QnWhK9gv9j6kM,0.00030479,30.43,0.00030479,30.82
1CsPR7aNfNSZQxz6b9zZMQNsizsKe9oVGR,0.00032147,29.56,0.00032147,30.82
1C3b7QYntk1dWuDk7vE7PBuBGTzCD7ZTks,0.00030984,29.4,0.00030984,30.81
1Cp9PxjZUPA4xU6yXU4Bq9TE531L48YRUa,0.00050805,30.81,0.00050805,30.81
1KBb5aLNYho5Ya4WWcHbVSYD1zUAHHUTZv,0.00030863,29.92,0.00030863,30.78
1BDDkqDd2w5vYHvguntDq7eKQoNfsMoav8,0.00032541,30.78,0.00032541,30.78
1BUVJeYkRQY1haCAQJKVUb1tXuX5ERV59K,0.00049505,30.8,0.00049505,30.77
1DKRXfWmBVdWQKRLhGTaBNoQhTpBvCC1EU,0.00029378,30.47,0.00029378,30.77
1ECGDycLPxnWpuRhyweos5u916aVKT43DG,0.00031261,30.73,0.00031261,30.73
1HeyWxYUBziUNhicYJQt98j371gc6iYzAT,0.00045167,30.72,0.00045167,30.72
1KCd4x1E9sUdpoBmqpgxXuCLzMdSuxyvwP,0.00049483,30.72,0.00049483,30.72
1QHKHniDJ8EA2YVXFzQJxHCcGQ6u4ZVxEF,0.00029504,30.71,0.00029504,30.71
13Z7ywTLEeYSmzpDjDiaAhnKyjcDzLUDTD,0.00030767,29.83,0.00030767,30.69
1A1pJpbnVabHsAnReqEcXDfW6kVgekTKyZ,0.00030013,29.52,0.00030013,30.68
1P3E2qH9mHqgxcox9exMNio5dmxDqGXbUP,0.00045221,31.1,0.00045221,30.68
1HHyBXDKLdeCdtzstEZjk1tatbrZJJSkpK,0.00050572,31.44,0.00050572,30.66
145PMDQPKxtHEojPpYy1CMYrVkfb62S81Q,0.00031807,31.0,0.00031807,30.66
1Bhkjk7CgJ3nwr6horAzp3AJHRrexSK5S2,0.00031491,30.8,0.00031491,30.64
177GJbpr5sy9DyGDWgHgHRsXHZaE7t5YTd,0.00040368,30.62,0.00040368,30.62
1FsYensTtJp1Uh6ziSxePeLQfnM5grgjzc,0.00045908,31.31,0.00045908,30.62
19QbWcjWLzkqWY9nWSNKaKcQYmBJSytGwd,0.00030201,30.83,0.00030201,30.6
14dZw9pom5ux9wNZnqQvnWcAytw9AxpysW,0.000311,30.58,0.000311,30.58
17BjxaE9You5pDM5fG8QdCvBdfr6koMynL,0.00046218,29.06,0.00046218,30.54
1JBcavSqRA5F8rQkRWQfZvzMUDUgU6Ab8r,0.00045275,30.53,0.00045275,30.53
1GszkqRraxSpYfFnFbRTB6wohk5kypod39,0.00046167,29.03,0.00046167,30.51
1KimT1zao4RE6cLtgjKtbdjbSEWuMrRRTM,0.00030173,30.09,0.00030173,30.51
19XdcoZAc8uacnX9Tt21QidWRwj5vEf4zA,0.00043888,31.75,0.00043888,30.5
1bMkHjagop2QxfMVwt4zroK7sVdcN8Bke,0.00039766,30.49,0.00039766,30.49
1N39HKYNktp94q51EnDTjJNUWmf6cN1YCW,0.000337,30.49,0.000337,30.49
18zgYQBkgR8LuwSqSmwN9fAj2HpDhQfA4f,0.00031132,30.79,0.00031132,30.48
1Bg1Y6sXAtvRNHuVegjQEihgSA87Qbx4m4,0.00031112,30.77,0.00031112,30.46
15HMjZ4P4U1f9K3G9aiyWikswBU9HYMzCc,0.00032153,31.17,0.00032153,30.46
1LAgm3kHNomyDU2p3NV6MkYRfRbyX2zTBg,0.00028659,29.94,0.00028659,30.42
1QCNDFuuXsJgGbWLcqnX57ZLDU45ahMaFz,0.00044429,30.29,0.00044429,30.4
1JYHfU9nDbNSSQPiQj2RAzUKDu6xqxQZgB,0.00030065,29.99,0.00030065,30.4
17uify56KkMTPBhxHVoPJAJBoCZx9CkQ1S,0.00030545,30.37,0.00030545,30.37
1m78bkjWc6eQL7HhV2RvxFLq7h7ECshzg,0.00030984,30.26,0.00030984,30.33
16DRzgbJKKrwdbVKNyHh5GLyh7ayrzfQ93,0.00029662,30.44,0.00029662,30.28
1J7e1S6gkdDrkcQY718P7bFjberXu3KNxT,0.00032095,31.91,0.00032095,30.27
1FAVqC8kWNbi3EBxgpMy5329c25vtYtkWq,0.00030535,30.1,0.00030535,30.25
1NtMczZeimVsxkXoakykrYRTetX5aSQqy3,0.00031074,31.14,0.00031074,30.23
18RbePSU3V9xK3ptFXiDCUMhrWTuLA6vBc,0.00030844,30.13,0.00030844,30.2
1CeWiwHJTi6f4KJPgun3zdqLk7TGBe5Wyf,0.00028388,29.03,0.00028388,30.13
1PZDxauGkbSLSfhDVRuPMEwZz6npQKZw74,0.00044043,30.14,0.00044043,30.12
17fPVFnJNP8TxU4r2HPLa5LNtwXq3ooVDX,0.0003185,30.11,0.0003185,30.11
12myQyz9MzXuQ8MR7Sf84r57sDm34ovgHQ,0.00028704,29.83,0.00028704,30.1
1ERxFkbragVgbdy4TwoWLmKAgFauLFRdoF,0.00031773,30.81,0.00031773,30.1
1smsa9tyc9yVbrJXiC5odhLHB8RAXtVpp,0.00034725,30.09,0.00034725,30.09
1L7iQK4QgqWwPaUW4kQxAtHw8yq7i6RKSy,0.0002943,30.09,0.0002943,30.09
18ja3uhRPoZAeogUKBP3KUecEmDkQPm7Ca,0.00030402,30.07,0.00030402,30.07
1JQkGjVSWPoJTGYvtCVNFKSARjEngmb1r7,0.00030928,29.82,0.00030928,30.06
1GbSxxrxRwF4Axn2cf33HAP7Ru2bZiVuCf,0.00030133,29.21,0.00030133,30.05
19UvrRTLTVVo3Eiz9VWf6bxiy5hZqNW4Eq,0.00028647,30.04,0.00028647,30.04
1MDap5bpC5ceBRNujE5kH35imHoDm6fWhm,0.00043297,30.04,0.00043297,30.04
1CVmYg32fhs3o39QB4JDBQgd3mAxJkVc2g,0.00039526,29.87,0.00039526,29.98
18kWHZfyWaWuMk6bsENvbfbGKRVWLY9CfR,0.0003165,29.29,0.0003165,29.98
1LHFvkFBgJX1g8LsqbgVyaJptfGc7KH1A1,0.00031261,30.38,0.00031261,29.96
1JsnX7VGzFW1Au86hjb1QweKELVBhT2NZN,0.00029244,30.63,0.00029244,29.95
1PBTYu4y25z8x45qh2xPxLf99xYgQp4mbu,0.00049386,30.7,0.00049386,29.95
13kstNJbaXmHMxwDdFm88NntiRMvPjSdvv,0.00043089,29.95,0.00043089,29.95
1L9Zoau6MN3BgGd4fZLajBxkDEiYnTCHPS,0.00028197,28.83,0.00028197,29.93
1GcESVPwwpszMUNhrdLkhvXYbWn4tfFCvA,0.00029867,31.68,0.00029867,29.93
1MRTitwmDFh9Mnshwp5q8J9N1zp6KaUkrA,0.00048195,29.92,0.00048195,29.92
1LWKYJJzSztsFyxAKrUuiGvhUt28FU12d3,0.00049343,29.92,0.00049343,29.92
14Zvn9QB9maBNZjAfugfc5HQpM2aZQ83HR,0.00028722,28.72,0.00028722,29.89
1HT4opHdrTco2VkMtC3fw48MBgujbEheLu,0.00028162,29.42,0.00028162,29.89
12PQAm8m32AyEB93rkb9kTjEELPrU7Prtk,0.00048138,29.87,0.00048138,29.87
15EXp7qa3urLFiJuAdscyCtPwcGkhYmAP3,0.00048056,29.9,0.00048056,29.87
19LNQEJp1B6m3cFNsZ5brmr6Ci2x7ZscdL,0.0004811,29.23,0.0004811,29.87
1BuKD7UhSz2knAQkHTihkJxiFhRN5odpip,0.00030881,29.83,0.00030881,29.83
14sxuqysi4TM1xLCH1Q2pc2oX7133o79Gs,0.00031617,30.29,0.00031617,29.81
1G4D5MsR4KYHTp8NMfRXMFijuGx15URq42,0.00029807,30.14,0.00029807,29.81
1FSVWwdjm3mnb35UFZTrj9XjTPvUbZ5Gfn,0.00036072,29.8,0.00036072,29.8
1QCPELNWfGJYcv34sJChrwwRNAzsKjbPBN,0.00038857,29.73,0.00038857,29.79
1DTqdeNpWmCTGY195nxcahqj3HjGwz2Bs1,0.00048354,30.03,0.00048354,29.79
1EbF9466nd2nwUST8D55RmFouq1xSx5pc6,0.000444,29.78,0.000444,29.78
1NYQCvzn1Z3ctpXrcjcomGnEQhGhhe4TkC,0.00047117,28.42,0.00047117,29.78
1Q27M1DbPNDCStByVvyaRZ91Q995HEWJZC,0.00047502,29.71,0.00047502,29.77
18YguBvbzx86xJ7YLnHTgDwXL4mMMrEjpk,0.00032904,29.57,0.00032904,29.77
1FVXsNMxaVCfVZDhwnyLjzcAnTmVKLgkAW,0.00034067,30.79,0.00034067,29.75
19eu2jFESw1sKcp9vMVRcu9zAM7VnCaqLs,0.00048966,29.69,0.00048966,29.69
19bJyzKKNfj7gKFBwvCcfKhwpBE4y2soQc,0.00031284,29.57,0.00031284,29.57
13FNy3EkoMoxKogArtheVcejFqFJTHDsoT,0.00038537,29.48,0.00038537,29.55
1MiBidB37ReWJYUUfnz22FNAmpHX8vdBQa,0.00028187,29.24,0.00028187,29.52
1HyF7yPYPQKM1DQE8hBEpPVSMJDSch5Snj,0.000295,28.49,0.000295,29.5
1FSRMuxSS7Q2hgsVayafcqV6LmLGSC8YeW,0.00030268,29.42,0.00030268,29.42
127de7dxbq66yzQBQEei8bgg2gCJYPcJrk,0.00029081,29.03,0.00029081,29.4
1JRLDXjmR1Pz3pJwm2D7mnk9ajcNE7za9M,0.00029445,28.55,0.00029445,29.37
1PzFUSAQddGr3x4MmiFtWHpp9oZivn1SC7,0.00029846,29.08,0.00029846,29.31
19U6bZbzjAp7eYKEDjGkjKp5UTPtAjuqs1,0.00034012,29.28,0.00034012,29.28
1FmzshUG3s58B63tnaXW5L7av2enyFYBPA,0.00028644,29.39,0.00028644,29.24
1D4GCo34rSLSF2Gv13U8SUdPNhspTfuAd,0.0002848,29.83,0.0002848,29.23
1KKVrCTaU936uhkDY4opHiRZKNhepwWGz,0.0002972,28.02,0.0002972,29.22
1MAJT43duakZRuieTBy5zrJuWwhAbbCKFW,0.000437,29.13,0.000437,29.15
19HhGLXKfg779xU5zUg5kt9hamjpR3wTfW,0.00027816,28.19,0.00027816,29.13
1LrB5AUNRfMuFWdrS13w31MeRbm8gaJF9a,0.00031345,29.09,0.00031345,29.09
1CT83aFHP4hL1Vfdc3eoYdwMJ2ToTDFDXY,0.00040176,29.22,0.00040176,29.07
1FTWnv9EXspqYyP5QH95NGTD1s2ttzrpLS,0.00030717,29.1,0.00030717,29.06
12BzZMVmX1qowm55pSU3cUP5t5vU7eChKj,0.00027981,29.02,0.00027981,29.02
1GtwsX4bvwssbbP3jMdXEp3MZi5mQAxR68,0.00040098,28.05,0.00040098,29.01
18HcZQWWNQJCphEk978fCYWBvPr3z17ZYM,0.00029168,29.0,0.00029168,29.0
15Bs2gEgnMUksbicj8nVpvwZ3eA9xJ9nHW,0.00027861,27.86,0.00027861,29.0
18jTZ8aJG8MaWeJxX9boM6kMtHHzY7pSeN,0.0003,28.98,0.0003,28.98
1HoLVYC9yS4f9QA7GdTxNMQawhPp4T8ebu,0.00027899,28.93,0.00027899,28.93
1N1WKLTvXwbWroQ4E2tBu8tGhoDcjiWiRH,0.00032607,28.91,0.00032607,28.91
1Du37ZLSRa2HBWhT5oDKcp8kUaRPEwmBoA,0.00030553,28.89,0.00030553,28.88
186Rs8oozNGxJKkK6qKkNqhMB445ed32bx,0.00030603,29.32,0.00030603,28.86
1PMRuQVzvq9hGfZpTQ1tj7rY8PSLiadGRy,0.00041453,29.99,0.00041453,28.81
14jA4KWy498nWDFJruBYRAVgrxFqjdJ44g,0.0004314,29.14,0.0004314,28.77
1JCcwXWzZqjCTqGasAgFjUTMcgpTreJE7A,0.00043095,28.73,0.00043095,28.74
1L1exvV3n2M1yseiFrrdABjztShydt71C8,0.00027566,28.69,0.00027566,28.69
1JqLHnHtbMhBSvVtGrbTYnLBZffXxCF8bT,0.00041197,29.8,0.00041197,28.63
18z552m9P6Vk4EEhNE3cEJc8eddhTb9yTn,0.00029031,28.62,0.00029031,28.62
154TSNryL6dSJNENy1TsHDC4yLxuLZkNd4,0.00041714,27.98,0.00041714,28.54
1Ji2MMf97zCRR57Uvwq2cQnDpGiWboKnaF,0.00041687,28.53,0.00041687,28.53
1FuhrvKG338CLwJ9wjV7FKEotaGX45hMZL,0.00028511,28.83,0.00028511,28.51
12kPrwvWpDA7rQKHFJ3EBtNyjzZEojn5gP,0.00042309,28.46,0.00042309,28.46
1DxdrBqT7jYg7QjfAaSRhjnWqSVuGYvE6q,0.00045818,28.45,0.00045818,28.45
1Gv5VYUrKs7ELisE5oho5m2X82XvQCcrUz,0.0002804,28.44,0.0002804,28.44
1Hu3MjLKKBmk6Erm1jGAuzdZV8GsyxFbY6,0.000284,27.97,0.000284,28.43
1Krt4U4JHMXXukVuLNro3Tyb9WxjoExuGj,0.00032065,25.77,0.00032065,28.42
1DTZQAjT3gngJRcKZJSp63zTQcaz5gg6oo,0.00027789,27.33,0.00027789,28.41
1KFdpmLMnwzfEaW7K9i8HjrcTc4NfG5NW3,0.00029045,29.43,0.00029045,28.4
1KUQFcvRmUu6jkkmASwc1zxMpW18wkTfTg,0.00028533,27.16,0.00028533,28.37
1ExZj3Lw2TpkCbFfmtCrxgMpVjz8NAij6Y,0.00036978,28.05,0.00036978,28.35
1Pc2Tueci6UovqumNogLrg25Q94v98wDW4,0.00031277,28.33,0.00031277,28.29
16XTa1QPKMNQ7nWSpNKv5wAbFF88aUpnDU,0.00029478,28.7,0.00029478,28.28
13RumrhNvcobWo83jhBHj5TLdvCPhg468E,0.00029493,28.27,0.00029493,28.27
1HrQ9CSU2ED8jLsz54vMVdyL82kYsAb6wj,0.00045276,28.03,0.00045276,28.22
15VCLG6To9cPDtvpR8tPoDgF7N81XxYmTg,0.00036736,27.87,0.00036736,28.17
1MTNaaDPw9uPYKYcQckwVmpEWMMgYK97UL,0.0002779,28.37,0.0002779,28.16
1QAnsjGMyGMzhCJiJwN1thY8XU1HKQT5vF,0.00027029,28.13,0.00027029,28.13
1NEBMPQzGvnUt72vB7yVpu9rGecKm81LHF,0.00036677,27.82,0.00036677,28.12
1tCSVZfsqsMnZ14z8W5ypgTX34LCecfpc,0.00029807,28.11,0.00029807,28.11
1NStFTTunwXV9Y1ubXCmcZxNL7Hswb4Zn5,0.00028591,27.73,0.00028591,28.08
1AG9r2Z2GJdmGupyygpxoYpVL35p99jGHM,0.00026975,28.07,0.00026975,28.07
16rjGcbRQXkayvwCdvdPbS9gTnioHwEtzz,0.00026424,27.02,0.00026424,28.05
1BCuPvQcwP18MGTvjc5E3XJDJDrruRgRYa,0.00027874,26.92,0.00027874,28.01
1F594zyS7onWcTGZRctyxAhVRoejhotnR,0.00040377,28.01,0.00040377,28.01
1NJJvFknyffTEV9cG1Cvrt2NE52SUghv1v,0.00027995,28.0,0.00027995,28.0
17zBJKXd9PxxMuoKiMaonzsZnWUU3TA1As,0.00028311,27.14,0.00028311,27.91
12ToXDmDd2sFMF5vSe3GQVD2unmefmPdiD,0.00040761,27.87,0.00040761,27.87
15k6oAsMceRUyT9CRk5NLs82jg4YCVbEJU,0.0002661,27.6,0.0002661,27.87
1JwVaQMuvAQrMPuegxG55PPSdFmvg6RBim,0.00027188,27.85,0.00027188,27.85
1GQMEu4pLJcUYBqWcNNEeGoFTY3GUxrAmR,0.00042097,26.61,0.00042097,27.82
1TYT7kBgLN3voMSm3KEkroAhPNmWWWPCt,0.000284,27.74,0.000284,27.8
1BevcY6NeMK6TvFkm7Tg94Cfwtdt231Mgr,0.0004,28.12,0.0004,27.8
1CfgUDowPxcE73yd5ZCECJ2CLLLHJPqp6P,0.00040401,27.79,0.00040401,27.79
1DnGs6fjJi5YREf3P4emDmeWog3ag1yPsa,0.00036206,27.47,0.00036206,27.76
1Fs1saLkVXcGSV3bMTdHPRjdjq1JXePj3V,0.00029438,27.76,0.00029438,27.76
12FLm48rvpCrVecGM79ufdQY7RJJLbNQfT,0.00027747,28.06,0.00027747,27.75
148iQ4w7fRWiRx43PPskZVrgcYthokGYJM,0.00028952,27.75,0.00028952,27.75
15YXCKWRKen2skzJKB617BKV1yx7a9SCPF,0.00036152,27.42,0.00036152,27.72
1BbVh9pYsgUCy7bVSSxdbxWzpduURuF5FK,0.0002869,27.95,0.0002869,27.72
17MaafBbNfNSGipVESChJbSZr7q5ttftR8,0.00029218,27.68,0.00029218,27.68
1AMUy5q6x8xXskm2ZDCBdDnogAqkUQbp6x,0.00028688,27.96,0.00028688,27.66
1PoE5ufFvqGd5zQGb2DVGctVWzAGqQptJm,0.00040339,27.28,0.00040339,27.6
15KkHmffXLr8iJVzoqzHBygtvEpLuRG4jY,0.00043653,26.33,0.00043653,27.59
1Dao5ejn5nkPcXNsZKRgqFvdfK5ixjVFq3,0.00036178,27.56,0.00036178,27.56
1FTbrki64YnJVQwappsHZCcubyf5RvPp5Y,0.00028048,27.55,0.00028048,27.55
1BtgQgakKRA2CjSJx8LZ5UKufoFUvSpS3j,0.00028541,27.52,0.00028541,27.52
13iCKBbTEhLNFuFeX3NezVqo4MPdiUH3T9,0.00028701,28.1,0.00028701,27.51
1Pkw2Q88xUyhEBpFxD7WwaazrocLSyn6vK,0.00027084,27.09,0.00027084,27.47
1HPzCBdPHEVPfVfHM7pTpqbt7cbk9wZYt4,0.00041189,27.77,0.00041189,27.46
15kWEPLHzQVc4U2cmyYB8WtT1VjpfHdnbj,0.0002904,27.45,0.0002904,27.45
16Xqer81xtbZ61Ccu5TygEskrA3g8Tibmf,0.00026175,27.2,0.00026175,27.45
1MF2DnErYECWEcL1vynBXemsk8MEzJKnsK,0.00028035,27.72,0.00028035,27.45
1KQZ3K4GHKbcRDi9S54WY7VN7prWzxvsFT,0.00027145,27.45,0.00027145,27.45
16krzyQWLL62yLNdvE6ZW3Jvn86MkkfUAH,0.00028003,27.69,0.00028003,27.41
1AqF1fhkh14amSFJG5LRxiK4VHVpV2mm5b,0.00039838,27.4,0.00039838,27.4
12mnJvKgeRHuK9HLFpQbUQkJfjsUXvhaUR,0.00027674,27.21,0.00027674,27.37
1Mcpps2bCDFHdaoWftdsoiJtDCzUAv35DH,0.00026696,27.96,0.00026696,27.34
1NpgEpWjS7PyQe6dVeDXUSGj5sShcJmdJB,0.00028833,27.26,0.00028833,27.26
1Kmm3zDQVVuJ1W9sKybd4EoL7qToVTAyT4,0.00026277,27.25,0.00026277,27.25
1F54fjQy6vygtvNE3vKrizD6Lx7RE76rCS,0.00039823,26.85,0.00039823,27.25
17xMDRg6A3pXRnZvXFmVCteZFrf9VXvU4,0.00028711,29.35,0.00028711,27.2
1QC5htPZ7SmdiWorZ6TdNDXbbVN9JZnM9a,0.00028689,26.55,0.00028689,27.18
1FeRpA2fhWhbL3xKvuzrWiVLXuejGpidGu,0.0003,27.14,0.0003,27.14
1CPrjhXvEoZ36Ei7exqmuRWXXKmxdYbUhc,0.00026711,27.09,0.00026711,27.09
1M9DgtW7rka4ULyTV9YRSUSKE89DVkTH7Y,0.00039022,27.07,0.00039022,27.07
18bDQgk499fhpsub86dWUUR362oW8eNa1x,0.000435,27.33,0.000435,27.04
1GeffPyqAdbsT991RYrp6Cr6m1VcMvPPsM,0.00028647,25.92,0.00028647,27.01
1NUZMPiQsTibbTDTrkDUiQT5dQD4uk1J1v,0.00026913,26.97,0.00026913,26.97
18phTvQrBVXAfHW6rxqY7zpZKgqzPinS6j,0.00026943,26.94,0.00026943,26.94
1F6SUzVqT87S8Mxh6azeHGtcc4aSxGGkUB,0.00026482,26.86,0.00026482,26.86
13s456V5fCMoFoeazG4FXvyWGwPEVX9jCK,0.0002688,26.5,0.0002688,26.81
13yoBAJFmWt5sdNjKHUMKQdQuYNpn8Qhez,0.00034959,26.52,0.00034959,26.81
1BmPVEaXEFSKK4y385cWxiCWijVXRZ28uq,0.0002738,26.75,0.0002738,26.75
1DdRdmvCgnQAwk8bJjdwc7FYq4PvRnN54M,0.0002634,26.72,0.0002634,26.71
1EeMCuCjMJpTN1Qyp2naufB5yfHcJNRN9k,0.00027706,26.5,0.00027706,26.71
13UAwrGr9Z3svSkffM2PfgJHVssprnPihS,0.00042242,25.48,0.00042242,26.7
1XAdn9EH65WMFkoL21hoYJFt8YES77Czw,0.00028221,26.69,0.00028221,26.69
1EyZVbApd8HYytHP1dGoE2iUXtQv384BLU,0.00026393,26.35,0.00026393,26.69
1CmpbSdtdChJE1CdH4KJmijFzU54F19SgX,0.00042669,25.74,0.00042669,26.69
1F8Lk8cHPyEUSZs7QfXWveuC3dkbR1EwjF,0.00027246,26.67,0.00027246,26.67
1JBTqCFNZffnPZK7NtvaFYYG87Y748sBGY,0.0002717,26.11,0.0002717,26.67
1AgWb9rUPwzViqLGAC3zYMYD281EvMg9s3,0.00025053,25.39,0.00025053,26.59
18ryzMKPR8CycXSoH5oP59An6AjwatfxXq,0.00026,26.58,0.00026,26.58
1G1r1cdXLkJ1hgFziAh4nbrakGxFgidTX8,0.00039789,26.53,0.00039789,26.54
1Lng2iyYMkQAYCoFjjvt7U8JSwmokuqi1P,0.00039358,26.52,0.00039358,26.54
1NNv3nFtHw4queqXYuP2zseCs3ZWfmEZfH,0.00034809,25.63,0.00034809,26.53
1AY6j5BHnfeQ5yuPcEHjzXKN1yNrEjH4Y8,0.00025477,25.47,0.00025477,26.52
1AyeyKYhfyDNVe8Q28eFW5cNrFDGNP5FkY,0.00027992,26.47,0.00027992,26.46
1Lp3rLS6zAGKmGUxLz89QCw7eR8HcQjVZK,0.0002703,26.46,0.0002703,26.46
1DshF94q7b4bVF44g8oJ611Cr1YyxuVStB,0.00026813,25.7,0.00026813,26.43
1JquQUmNgJMZKvJACLcFUsiX6sLxapAicE,0.00025489,26.43,0.00025489,26.43
1ABTfhQHH1hjBCY9MMy6NEM99fnwasFiEg,0.0004,25.28,0.0004,26.43
1LjeoEVb2bQmaMEBDUXBRBpYFqMnbopfcP,0.00024893,25.46,0.00024893,26.42
1GvLEEakDBssCKAqVCfDb9AaTd8HBvEJDh,0.00027886,26.51,0.00027886,26.42
18BTdMXTGS6qqeyDqSd8X18LwuHZthSV48,0.00027715,26.41,0.00027715,26.41
1DLeDwFjCuUNGzyV2DZztwHAiQ8nqzVCFQ,0.00028008,26.41,0.00028008,26.41
1CozJTK7csskufFb6NE3JCfu9sCY1oshTd,0.00026555,25.2,0.00026555,26.4
13Wd9CzVexTJQWdkNkzfyw966dUQDQwJxq,0.0002695,26.38,0.0002695,26.38
1PPiLWD8b143Mwq6DGmjQGZfBc8EtZcuKs,0.00025348,25.34,0.00025348,26.38
1L8iY1rGRdYgxKKyMBsSZMxXJyQTQgVkaQ,0.00027525,26.38,0.00027525,26.38
1GUJWQPPDofiEJvJW6KRK6PA7Rkv82ZR1f,0.00026836,26.03,0.00026836,26.36
1HpHj1XMiDJC6VLbTUf9upX6GXegMJCHxG,0.00038475,25.81,0.00038475,26.33
1EEepLrBjyDNwPZ1YPGaHjfHt47wRQ4mDD,0.00027791,26.94,0.00027791,26.33
133hpD6bhGoSVrjV8kjnXnComAetgbKWBz,0.00026847,26.22,0.00026847,26.28
1MhnqFntbGVWiJ3a4PR8tPyZtE8vfHGCuy,0.00043334,26.28,0.00043334,26.28
17r56AbiKMMuHz6N9rHuAKRA6ofGAjYLKC,0.00025893,25.89,0.00025893,26.26
1KgQTtp2RFF7tgkNMtqdqSGZg1JExqEkCx,0.0003912,26.09,0.0003912,26.25
1M6U9ZNSeL61D4nxPiph4Zzk1KLDb9usc1,0.00038352,25.86,0.00038352,26.24
18XZAFG3TetoTvwCtGW5ZHTzHmQZc7mYYX,0.00026964,26.23,0.00026964,26.23
177Jj3CQHJhJSBgY7WSHQSmgrgHK4v4k7V,0.00026521,26.07,0.00026521,26.23
1FhsDhFzE4bRZcq3emxZ2zwSVr4im3t56G,0.00025856,25.86,0.00025856,26.22
1MJvGgZkymNpSBwEkbRnmbHBfjcj6ozNXm,0.0002676,26.46,0.0002676,26.2
199KWbR6TXXrj9HRexwPz6Dh9Z5ssSBLZ3,0.000269,26.17,0.000269,26.17
12PQKrXPzKdStx8Mcx6Jm3xEgyb6wuR5sk,0.00027488,26.74,0.00027488,26.16
1LST4nY7ufKH1Td9h85Dq438S1yGcQr7j1,0.00032548,24.96,0.00032548,26.16
1AE6j6bdWRybg8PD4ucAX7Q5LhAESJznTS,0.00039219,26.75,0.00039219,26.16
15B3nRpx1P742tgubjuDPEia3up4GrZJHV,0.00042103,26.14,0.00042103,26.14
1xK1cFKh5tcJwax3wRKE9SqVinTaJQQPN,0.00038924,26.12,0.00038924,26.12
1BufvHBKSnNZm97yy2xEgcRVffGZe6MtJa,0.00034546,23.97,0.00034546,26.11
19vSqMLK2Mhnmhr1LsWbnVb34mq5D9ijeR,0.00024595,26.11,0.00024595,26.11
1Q6oKgfhR5WWNMunzmxW682hHCcxY4kqwa,0.00027554,25.5,0.00027554,26.1
13QiP454bTa2wzTafAyUhRRy8oFhmxseor,0.0003814,25.71,0.0003814,26.1
1Fpx2Wgf4MGJrEbvB3SWocgde7chqHpuNu,0.00024956,26.09,0.00024956,26.09
1ChSnv5pgnP6KWaBQMF1NP5EjqSJXdDoeU,0.00038128,25.78,0.00038128,26.09
18yZAJusaS2Q7H3ZAzTNpcgsdb5kH6Sw8P,0.00037286,26.09,0.00037286,26.09
12nUGKt7BA3k9Sm3SD1i1zMwXkB3TH4cEd,0.00026516,26.04,0.00026516,26.08
19kHbqVs9kJ372HnZhjPjfMERYzmjAd5bV,0.00026808,26.13,0.00026808,26.08
1HpqT4QCv8bqgd5mPhmexuBdJnHF5Ld6YQ,0.00041999,26.08,0.00041999,26.08
19bUKx5rhXbnPJ6rvMTn9WaeeTZqVoWWwr,0.00027561,25.79,0.00027561,26.07
1aB1GXjpCpMfZo91iDYfitXiSgVUSv9iy,0.00038845,26.06,0.00038845,26.06
17SJ6EyNXgLVMPtGc1FJqcisq6qAPdkdXC,0.00041979,26.05,0.00041979,26.05
1Giy7LfAwfHp79iqqyydi5XKDXcJHYsMDA,0.00026523,26.04,0.00026523,26.05
1LgM367G5vrgV4GwcFmwAnfyH1i6vBxsuJ,0.00038061,26.03,0.00038061,26.03
12Ufm3yaU9agLXSNKRhZTTsQrMJo6vEeaV,0.00039364,26.01,0.00039364,26.01
1ADsRK4fLeBvRNJW6xMMdLgN4o696gGMKB,0.00027496,26.01,0.00027496,26.01
1KyCTdGiuF2ASkKFt8QPsMa65nvBvE9sJ2,0.00026478,26.01,0.00026478,26.01
1KSEvzQhaLNnysfUkMeoW4GFSWBhbQfMrc,0.00024797,25.77,0.00024797,26.0
1158VbF4MaxPvZVX7BStkYWuYy8ykRFzj6,0.00038987,26.0,0.00038987,26.0
1PWuLrab1kmfVZXavpJdyRxGYZbwrspeb,0.00026466,25.67,0.00026466,26.0
1Hg3w8SNQPw9oGTKs1y8EkZEJzss7ktk61,0.00027559,26.4,0.00027559,25.99
1Q4eWraLntv8DsGoUnZ4545zWrzqENEEV1,0.00024798,25.72,0.00024798,25.97
17Dqh6uKJ3yWNkVtsw88evtGMHeFyTJwjo,0.00025602,25.97,0.00025602,25.97
18yne5ag3r2vzg3oCo22Jrrzw62Nakt2xr,0.0003143,25.96,0.0003143,25.96
15xoeqQdBuPyA2oXq7nP92N9tREQZsKdPu,0.00027438,25.95,0.00027438,25.95
1KHeopAEbrgFa4MEE6Kh9mCKXKVity2D3r,0.00026673,26.09,0.00026673,25.95
1Bn4Gvfdakf4VHfEp1keGvCtpvWLW67cXS,0.0002538,25.95,0.0002538,25.95
1PVsgGbNnwyZNVr2fpdN8dRbUjY7HACbE7,0.00024926,24.92,0.00024926,25.94
17uEcv3z81rpxV3n7zXTpCvDyPn1T5HM1x,0.00024778,25.91,0.00024778,25.91
19tVyLLC2RLZD9ydb8mzi7jrcZtbEf1iat,0.00038611,25.91,0.00038611,25.91
1EqdadriXM1zDF4JdU3DNRs2p6w2xnWg9e,0.00027384,25.41,0.00027384,25.9
15xoBrpdFHvFgB5HNme6rwVsvyH7335GbX,0.00026442,26.15,0.00026442,25.89
1mQ2xmh4WzpSAyTLGb9isUH48eQCeb3Yk,0.00039159,24.75,0.00039159,25.88
14htBAXeERG6iGx1WTbZzLPs5bU4EZcLcP,0.00026333,25.54,0.00026333,25.86
1JxH8sNSWnwqPahUWiihDJrv6DMjSUpN3N,0.00027873,26.13,0.00027873,25.86
1BmT43ntfsNajPDhQd9Gq1rXU2AVJgkabC,0.00026979,25.86,0.00026979,25.86
18gcf4vtr1XXadejsLQsqHAQxSioLFvQJn,0.00026586,25.86,0.00026586,25.86
17UfnBwCHfpSMRydACd3itpy6GRK8NqpFw,0.00037785,25.48,0.00037785,25.86
1KPhdYraGfvRb3or7PjDkGvfRV5uE4nMR6,0.00037757,25.84,0.00037757,25.84
15S21X5wFgb4cLZwZNFtoQB4BxzvtPuSvz,0.00025783,27.36,0.00025783,25.84
1BqrzLG7REzQ2KtodtFikQpiN58GxyjWji,0.00025448,25.81,0.00025448,25.81
13KKMhxtPecQsGyeL4z8ZRwE7iL7SicA47,0.00024304,24.65,0.00024304,25.79
1LwcxAhjznK8hcxwkifxcG9fB8ofq2Pub4,0.00024298,24.85,0.00024298,25.79
12Ku3oEVJnMkxZy1ExEs5skqug7foczdyh,0.00026963,25.85,0.00026963,25.79
16CNCMiKFtUrborbFtdd7bSxEwb81E1ms5,0.00026489,25.77,0.00026489,25.77
1427gaFqrZFixGKeDkN6ZDndJmn5GCVPJV,0.00025481,25.41,0.00025481,25.76
124rght66LT1ER89nTs2duBsso3Qd6dpaZ,0.00025417,25.95,0.00025417,25.76
1BpjyZmFrb9sUvEkzjxqKESYm2D1b36ioL,0.00025448,25.41,0.00025448,25.73
1jBoRKXWQh2J8WDPE42pmetoYUvznxdJ7,0.00026093,25.72,0.00026093,25.72
18DS9txDiePikridEF516KDrBtYNzLMqLz,0.00025697,25.99,0.00025697,25.7
13qDxCm5uLe2rpw5SbbgvdxSRx9NBx2xKP,0.00026157,25.68,0.00026157,25.69
12P8iHz1qg9SRsieDcg7b2RRnbCMHVhHL1,0.00027687,25.95,0.00027687,25.69
1MABVm33Ldi47nhs5XoR1R5XPfKjxhGT5C,0.00024201,25.67,0.00024201,25.69
1F6T5AN6sfgvr8t8syy4VsAEzdT5YWEatv,0.00025324,25.33,0.00025324,25.68
1Lf4gcn1a2kk7ScK1Y9acB2WYA3xgFCyQ2,0.00027239,25.14,0.00027239,25.68
159rKt9Z4JQ2jzYjsnRHCJdN2gtvbQ6tgM,0.00025824,24.5,0.00025824,25.68
1JL1PcMTE4E9uvGYryXqFHrigtfKuw5Myk,0.00025725,24.94,0.00025725,25.66
12KRpV67tu3H8p8PeqUSrpTrw9zpcts7jb,0.00025605,25.66,0.00025605,25.66
16n9uqihv8v3LXupArJoVKsywHNandepF4,0.00026558,25.83,0.00026558,25.65
1QCf81sLLz2pKqMsLvUMnJeoqABVWBfhWU,0.00026014,25.65,0.00026014,25.65
1NyYCFCoMJrAKxiPhRWSVXVs69CUwUZa87,0.00038023,26.25,0.00038023,25.64
1CxwiN5hkXeZ1GmE2GrXX79TBxthhrjXmD,0.00025995,24.92,0.00025995,25.63
1CFDnyEyFDm6PkqG5UBptuF27VAkE5E6aU,0.000366,25.61,0.000366,25.61
1AE57QbJnXVN7HRhBwfsWnFYgixiZRg2Tq,0.00024416,25.37,0.00024416,25.61
17TVLb7DqRMugJke5DSdiJM7vapeLErW7U,0.00038385,26.18,0.00038385,25.6
1LxkYHj2ZEAqyc2zTa46yZW5d87nzgQRst,0.00037387,25.21,0.00037387,25.58
19m9DKoT6oPz6tD99568uv9VQsT4Cv5vJm,0.00025498,27.06,0.00025498,25.55
1MvWDWN9jwVUU4c4Dkv71PShoq25t1qwG2,0.00037277,25.21,0.00037277,25.51
1LdF6TT1qACWQeoF5kpLodS7UnYQnE2Cxy,0.00025902,25.12,0.00025902,25.44
1GZgor8KNYi6qXd6iLX1s4D8iRYMLBrwHJ,0.00024814,25.99,0.00024814,25.42
1GcHmVubeBH9DVaDbMDnThTytgJXeVWdVu,0.00027391,25.68,0.00027391,25.42
1JeVFdTi8TFHgv8hmNYrvjRSCPW8HG6TfE,0.00024761,25.94,0.00024761,25.41
1KEGdkuqavb9F1m1RbHBUCLVrM8F7zCZw9,0.00026935,25.8,0.00026935,25.4
19yLE5MK4QgWjPSPeW9K7nLDUnvg4ttc4F,0.00026102,25.53,0.00026102,25.4
1LKKvSRoC3dMyH9HLx1iaiLQxAbTvLUVQr,0.0004085,25.66,0.0004085,25.39
18MtyxUniF7oW73APPckF8MFYVDJwyxtu7,0.00025389,24.52,0.00025389,25.39
1Pnni7X183V9kWjXqeqKzfVdLP9etUCpqZ,0.00024477,25.38,0.00024477,25.38
1JF3MZeiVEFriAKkNNxaezX4RuFa33rVk2,0.00025831,25.05,0.00025831,25.37
1LKp9Xaqfeoi1ZgyWsZ5WPrizCbhxDozWS,0.00033542,25.35,0.00033542,25.35
197Um8CAysbzErsHU8asJheUTFQtgEapMB,0.00024343,25.34,0.00024343,25.34
1PtjPB5Q2rPfdiJsEiWatBz7R1dHScWWrd,0.0003757,25.69,0.0003757,25.33
15cRjNLp9V9WrJvitMSCEqE3R6AZyarez3,0.0002576,24.29,0.0002576,25.33
13ts9FruTaj5hBDHNSr4919w6FS94SATLX,0.00025039,25.0,0.00025039,25.32
1A6aDoPToGDtPNYVuJVYQzYZedCJ8LbKHN,0.00026723,24.73,0.00026723,25.31
17fruSGh8sNN7E1nHgmjzG5nLPw2wcLjE9,0.00026716,25.9,0.00026716,25.31
1C6BANDeSKLxSEjVYBB6a23nJDfqQgowoJ,0.00024305,24.43,0.00024305,25.3
1HamS9Sn5gPQTLSnu8uaXvep43iVUVyAZb,0.00025888,26.52,0.00025888,25.29
1D7uKuWNJ9Nqs4U46c8nyqYWwhLMkTByaA,0.00037498,25.64,0.00037498,25.28
1C9oCDbLyvpMwrD2iRfUiEX72Lx6CeLxbg,0.0004167,25.9,0.0004167,25.27
1J2tKyUQeaXXTgtXM8kkvBh6f8GL2JJ96r,0.00026711,25.0,0.00026711,25.27
15oTE38L7jckhThhyqxhk7wv2xCmjpya3V,0.00039962,24.99,0.00039962,25.26
1Mq5GM98YJ3nxYzTKdRFMxdeapz9AqL8jQ,0.000267,24.98,0.000267,25.26
1CLCTuafaY2jqgAQXXZLuyQyUJLtPJAGjR,0.00031412,25.25,0.00031412,25.25
16dSJCTwesJLo4VrhjMarhyvTBzUenzvLi,0.00024693,25.25,0.00024693,25.25
1D5qhGwuTKa6qEN3NGNP8ekyY6YhCy96sg,0.00025972,25.24,0.00025972,25.24
1LZdet4xDFHuw8aeN8UhuWkKx5FUkoRPby,0.00036003,25.19,0.00036003,25.19
1FzkseKAwAj1DKZEXshVXqDrbk8ABHuL7t,0.00025546,24.49,0.00025546,25.19
1Cx9viA5PqqRHXhxhQvLJQQoivdacjqm5M,0.00040077,24.87,0.00040077,25.18
1DMqH5QNsZHLeDfLtEa5eoaRKd8gpHH9Fc,0.0004152,25.81,0.0004152,25.18
19WYpHZaz9EmmEBd9SeKGYc9MhLDFzz3LP,0.00036775,24.79,0.00036775,25.16
16dBHDVicM7JRtwoPVz4oxFtTcSr2afuxz,0.00025712,26.05,0.00025712,25.14
1AZyxapsx3Ud88kADzZBPiNGDZhgzufAj8,0.00038019,23.9,0.00038019,25.12
12bFqfi3xWHMX6gFYxfzqNfwASd4LvuyMU,0.0002515,25.77,0.0002515,25.11
1CSigkuP1tfHesVoHzBXskEEuLuSJzWA6r,0.0002581,25.11,0.0002581,25.11
1A88Gxme36WowpWMUJ9WWGEzpP4gmwKBPb,0.000269,25.11,0.000269,25.11
18NbzU6eTed3ZLFmYGi5z3T5NAUJW3tEM8,0.00036117,25.39,0.00036117,25.1
1DUe953ZjsXgKEd9qX26eoctq5nLhxTGfX,0.00025551,25.1,0.00025551,25.1
1MEbigpESGQ2b7YhSi3ZAfYvuCLdaH7CwA,0.00039699,25.09,0.00039699,25.09
13cvRWbGwTxs5SpBtS595vyrPuJSSuXNJ1,0.00039943,24.79,0.00039943,25.09
1BCyJhnKaGDZMbMdgCWyRgNAiVX49sbvhY,0.00025511,24.05,0.00025511,25.08
1LyvLE2azWFV95gu2q3T9Dhja2RvrLs1ZV,0.00025787,24.68,0.00025787,25.08
1ENSxcEHig8xGVr7m3GJSKJ2VqAgueADo6,0.00023928,24.82,0.00023928,25.06
1Fnv4iSajrCz3Xpf6KXEvCStB9KpMTJN4M,0.00028264,22.72,0.00028264,25.06
1GiCDLexJAsN6wWuPodTgcVNiwUyXLGSCw,0.00024917,25.04,0.00024917,25.04
15sPo1WkZdh2V5i3ei3CmsV9qZdFNtSnAM,0.00026009,25.02,0.00026009,25.04
1BfrSFsH1Upum3ASUUWGfN9iRMAC7TxqUt,0.00026434,25.0,0.00026434,25.0
1D3XEZzs2uUCh7qQJrtcMoFY2pz1Ve6G4M,0.00025883,25.18,0.00025883,25.0
1KUhATdiuLh56ZE23SS4xrz7KvviGJLFac,0.0003955,24.73,0.0003955,25.0
1EioSojnZQwxLUXVoweNcucLNCecg5JpdY,0.00024403,25.0,0.00024403,25.0
1HUoF5Y8rKYCUWDaiMs4sfzKUy3Ur1nYsN,0.00025908,24.98,0.00025908,24.98
1FWXid1Dck5TgxMfNmtyddHCfz51Ju8Gpq,0.0002381,24.97,0.0002381,24.97
1FKbRCgMTrj6LyBSmcBKtztNuisBdxEV8Y,0.00023842,24.73,0.00023842,24.97
1EoWn6kChQo4LBCxz1x5YRQEb3THXPjNBP,0.00024615,24.62,0.00024615,24.96
19z2ehtptEU8mfwNTdxLhYno6fQyjQmeNc,0.00032541,24.95,0.00032541,24.95
12nYtWfwsBMxAYaYZ9VopMozzThMXUr1xs,0.00025674,24.75,0.00025674,24.95
1A4jGCpwV8wX2iGDhAKCt929PoT27SkycB,0.00032531,24.94,0.00032531,24.94
1JZ2vhfBPx4j1NfySfFSrQyYKceEtUPRGk,0.00023812,24.7,0.00023812,24.94
19EyPfX3fqUzgxQSWXWb1GqPtHuPSjsGbW,0.00025632,25.92,0.00025632,24.93
1AjXbgSXDGVubjqSL22rYP9C6wQXNLemtz,0.0002458,24.93,0.0002458,24.93
1KpbDg4Nci9w1yioqU4Dh2fB9KAvT19r7n,0.00036414,24.62,0.00036414,24.92
1XsVTWefqeDf78t3BDkjk91iH6NR2q4Hv,0.00028533,25.79,0.00028533,24.92
15QCW5UqDNKrE7SdC2k1bcC1637zXR7Bzn,0.00024889,25.17,0.00024889,24.89
1pzJrr6Dy4YX6eiA9H797R77A5H7iG3DE,0.00024832,24.88,0.00024832,24.88
13Q4APRcCJcyeEsbbKYWxRxATQSZoGtFmu,0.00026258,24.3,0.00026258,24.87
1NGwQemMx91WiJeSkEovvUergiShmrmQuC,0.0004,24.89,0.0004,24.86
16AvQKknnRv7R8wEgQYG3XjNuBKHtXQB96,0.00025781,25.13,0.00025781,24.85
1KUiQfmpCDp6RQ8mLwXbdoBQegSVCcryDZ,0.000248,26.32,0.000248,24.85
18a4MYP2Ld88npznv4NMVzE8Xd2mRs9T3w,0.00025524,24.83,0.00025524,24.83
19iKR1WdD4t9HumGRv3EYt2GiApy5mWRNF,0.00028415,25.68,0.00028415,24.81
19F1bR1jrQci3kZYVqi3Kvm1zSTsqbpycw,0.00032698,24.71,0.00032698,24.8
17k6HmEmKhoNmmTuc1uv7Mev3HnFTr7KhS,0.00024792,25.07,0.00024792,24.79
15wSF9S8UA73aRR11KhevNx9wTisovzzNx,0.00039194,24.77,0.00039194,24.77
1KXDfKv5T5K9kDmUsNhBgXQpKMBhmnUPsS,0.00037438,23.54,0.00037438,24.74
1GE6QT4yURWZnAELN3gaN9Y6bGcAjg3aEP,0.00037079,25.29,0.00037079,24.73
1vWYLUa2DgyTQ1c8ptfPwrLbXfAWWUkrm,0.00024763,24.01,0.00024763,24.7
1LrYWXUfJkXozrQBUVUtAk2b1tBKtXMJ8a,0.00027285,24.68,0.00027285,24.68
1N4PvcHoEyV9o9L5WSPEDWtaCwDm4aJJfd,0.00039695,24.7,0.00039695,24.67
1PKiHV36vUxspoJMmiidY3fS9vLTz51xsU,0.00024652,24.93,0.00024652,24.65
175v6qq8aV1feV8YvX7xoCm9JbwKDLqzwN,0.00025091,23.73,0.00025091,24.64
1EaiRmoUtp2qqA4z2PQyjL8PfhiJH5WGa3,0.00025695,23.63,0.00025695,24.63
19RmdM2whB4AKBeyXTezYafNh5RAkQWoaj,0.00024756,23.49,0.00024756,24.61
1P8FivV4vE3zX1HzuqD44ip2thDUpmhaLY,0.00037237,24.61,0.00037237,24.61
1Q9qo6B1Z2pjBt8PBorMVtfMGt2tBNz9TX,0.00025261,24.62,0.00025261,24.58
1Lj4vAVLDa9LaUsC38UG1NuM8CgtHgbnAc,0.00039121,24.28,0.00039121,24.58
1CVY8E2kqkESDfdFxhDcnwdwL4DhyovoDz,0.00025967,24.56,0.00025967,24.56
1E43KLAEmCAAacpcjpz1z2v1svju9qEifQ,0.00036397,24.89,0.00036397,24.54
13hxZQEA6EFLmeN6DSEvLpxznnmrqo9uzs,0.00039526,24.01,0.00039526,24.54
19Jf9CYpxS5Hhb75NZNdLL7XAezoKtG2KM,0.00026394,24.49,0.00026394,24.49
1Q7zVL6H7a6DsgBf8DAZakhF1mz75TSMKC,0.00026392,24.49,0.00026392,24.49
148BgUZ2E89WjpKhH4DBnaaWgnxNFt61aQ,0.00023922,23.53,0.00023922,24.46
1QE8XUNNzw3kBRpaTe2PC573YQoRpQjkKG,0.00036036,24.45,0.00036036,24.45
1JpdDcSLKqDkxEa5v4Anr7ea2RmiuYPZVD,0.00024588,24.26,0.00024588,24.45
1JckgcAVZWPrZPWk1vsKYCpwAXdbtQirGK,0.00024502,24.17,0.00024502,24.36
1NTHSHcuJUoT1e9AKCnXog4gvxdksZ6u2M,0.00026237,24.35,0.00026237,24.35
15CTd4kNZee69bh8s3TjCD2ivsciUNtiWz,0.00033573,24.42,0.00033573,24.29
13YMuufoiramYetz3hbYehRgMaxGWqFe9m,0.00024592,24.23,0.00024592,24.23
1NzY9ynQ3Bko6PpCJZBZqWTZRE97MBsSBT,0.00039,24.21,0.00039,24.2
1PgSLJds1ir7AQXBTcFGi2mynDkM3mwJgw,0.00026688,24.29,0.00026688,24.18
19BfK7pEFQhQ753gzqdoxp6x2HRuxehLqi,0.00035587,24.15,0.00035587,24.15
13UPGTtArSHEqJZs8FNPV6jsRwERJW2Gjj,0.00025041,24.4,0.00025041,24.14
1NiBDZSjbdnowkbzQUgYUUzyBg64kMiJKV,0.00025961,24.34,0.00025961,24.09
13MTCa4D8rUH2SCt87ec6MopznUokaXS49,0.00038778,24.59,0.00038778,24.07
1B3RVV7PrgqpuPtGwFXQrU7LTfmSEe7RU5,0.00023199,24.06,0.00023199,24.06
1sDEEHYvFxD4tzrT9fB2gYz5xyzHkRzPu,0.00024179,23.02,0.00024179,24.04
1BXsqzcDEEQYe4RtqaLurBHKFhbGUwXboi,0.00025252,24.57,0.00025252,24.04
1DCGiAXBnhVGYLZSRRLRug8jSU6NEeLpk8,0.00025489,23.06,0.00025489,24.03
1CCsPp6zw9pYZWEVBvTb3oKNNcYUkfNgLR,0.00023133,23.99,0.00023133,23.99
1GFdw3Xjv3GPymHa6FzreGEwk1R5EJ3Yza,0.00025322,23.44,0.00025322,23.99
1Ft7h9nPjaoCSVmRFHJd8e8yb9NnwhSdsF,0.00026395,23.88,0.00026395,23.88
1Pmd93k7ABdWQ7fsy44rER7t1RmHpjsjft,0.00027334,23.87,0.00027334,23.87
1AUuYA9gKNAzVrQ6hRkJHVUau7yhGveP9o,0.00024752,24.12,0.00024752,23.86
1LN2k1BzWjp2AwjEo1Jhtz6ou2h1mCNG5j,0.00022431,22.94,0.00022431,23.81
1DNAjXgyLkYvsbJz3x3uPBJ3R9YusNiJbz,0.00035678,24.33,0.00035678,23.8
1LCxwLvpoML85LynosQh45LjqrmHB9KyqL,0.00022409,22.92,0.00022409,23.79
134xtNGZQGHSkF4aLgsS5DfPDoonRTKWYF,0.0002518,22.78,0.0002518,23.74
16eSZaUZVLBAEJkRu9vPV2PURaTFKYV994,0.00035354,23.72,0.00035354,23.72
1JiDvTGfbpAAPy4kZajojBHFBGz1Ur8wvf,0.00023103,23.71,0.00023103,23.71
18HH4ZtcvrgZC2VxaoM47dJqdE6er53LHG,0.00023383,23.7,0.00023383,23.7
1DtfgefLiQgsDLMAkitPp1eLNRM9Xzaqbv,0.00023125,23.69,0.00023125,23.69
179HK7MYPmVrKTnpexvRcPy2VBNdtc2d6K,0.00022298,23.29,0.00022298,23.67
1EJScYbSntAL9yAjNhMi2Vv8qxJYgNkHNs,0.00025086,24.03,0.00025086,23.66
1KNrLdkneDZQgs7b2huVtZj7uw3zQKF5SQ,0.00037426,23.41,0.00037426,23.66
1Bpxudg7gZMXmRw6kPTxySiRvfRf4texic,0.00026148,23.65,0.00026148,23.65
1zqeuyVqHxTBFtqiQgqf78fabJRFNVeZY,0.00025003,23.65,0.00025003,23.65
19a1hZBtZ1B1FzJX9poxFWPgTLmyo8RnAS,0.00022725,22.72,0.00022725,23.65
12DeJH5yxPhEC7JVj6yQVyGD9TgPv3Yf44,0.00023248,23.58,0.00023248,23.58
19XfwsR9XJsky79EZ6Fspyuu52eJSTZLmA,0.000241,24.25,0.000241,23.55
1FqvPVsdQj8Qi1ZXxcWHbDLL4xTEZXkzRP,0.00024545,23.52,0.00024545,23.52
1LvzxDYCNm9raHDBHVJTRf7yopKK5sQ2VT,0.00035597,22.38,0.00035597,23.52
1768EFxUDrfwgeHUj9t5y6YhyZbsW9KrUQ,0.00022582,22.69,0.00022582,23.5
13vVQRPmgGSLsk6PCJLvQiCc79Z4LKJe8e,0.00037176,22.43,0.00037176,23.5
1E7jqeDG38CsTTUsLR92kKQcBezsfeUfqV,0.00024,23.44,0.00024,23.5
16qtmx26kYUKFXtEYGFxwZB1HGtqdfLJi9,0.00024842,23.49,0.00024842,23.48
15gtRRZRo8DmXSVU1BRDFrs1f9znBTWJCh,0.00023477,23.48,0.00023477,23.48
1PZqQQEEYkjMvKhTkrCaGNdqaiEhEkvEGQ,0.00034264,23.17,0.00034264,23.45
19DiQ9G9wshFtfztkcAmVvxvS9YrHhwHdD,0.00024048,23.39,0.00024048,23.39
1MGufzSvtqQh1PQNhjErPhDdmntz7GhkMi,0.00037,23.39,0.00037,23.39
1KUq3kXYBKoWkjundrcdF4mwkDwD9RrVK6,0.00023255,22.46,0.00023255,23.37
1GwYzqAeZXntRmtjKnMYRuUDrEBCestbJz,0.00037624,23.36,0.00037624,23.36
1JddfU197PdaqjVTjji3dC7kkmJdY6rT5g,0.0002634,23.35,0.0002634,23.35
1EVHcYnZMkpcEcSVSkHWMv7tu7JPqCxQLv,0.00024757,23.34,0.00024757,23.34
1EybunVrZtUkjrxG9v2yM3FAh2xgNA9yRZ,0.0002306,23.02,0.0002306,23.32
1HmoKb9tQfmUZDBoUDonVEz5zBZ2d6jPDq,0.00037416,23.28,0.00037416,23.26
15kz5rayULtAmnRWPmBix2dWLFaGtxMB63,0.00024121,23.07,0.00024121,23.25
1DuNTFAhdz3yGrMCwBXJHZXFme86PvwunV,0.00037,23.24,0.00037,23.24
1LbpJ7VWej41swtLFUwLpdADZJsPKpLATg,0.00024527,22.7,0.00024527,23.23
19EHAEKmaLWvYxjs71oQH3F49viydRcbWC,0.00022881,23.21,0.00022881,23.21
19ntKP85knZFcT2BUcsKtMa57mL6TmJVEb,0.00022292,23.2,0.00022292,23.2
1CshtZ8HhpxBdERZH34y17dq8bPmbrEAgh,0.00025,23.43,0.00025,23.2
18iMySZLtJ7nRfYiehsp1qWMmL9C1znrU9,0.00023726,24.04,0.00023726,23.2
18oVGsRSi5pK8yvCrZZdAgyhDCviG6wDfn,0.00022294,23.66,0.00022294,23.12
1CjbNHGE7J2piCRr3rD5ubqSgKz7oWZViq,0.00025533,23.13,0.00025533,23.1
1JAjuFVNNzwmoJBd2g3peCRoXJBccnx55g,0.00033161,23.31,0.00033161,23.05
1KpAan5p5jcDx7DWgZpBqneL4igGL8mMfy,0.00024352,23.02,0.00024352,23.02
1Bce5DvPLyL5S7pF2mBgkVuVZp3g8L6KsB,0.00024341,23.01,0.00024341,23.01
1MJnWWCLGyQ7ktM9K46Fe6LwqagCt3gHhH,0.00022095,22.2,0.00022095,23.0
1Fuc1XT1YD8TM3XYshQxdZqAnizkWB2nKn,0.00021906,22.35,0.00021906,22.94
19QtvFf57RcutiX7NuMwB1H3S2p7KBKm7T,0.00023965,22.97,0.00023965,22.92
1NtRB7WDED2iTBNzugUn6kJAHN5JVK83ZX,0.00033481,22.57,0.00033481,22.91
19p71HDBBUkGMfbML54pX9q211zuEHxQpy,0.00023652,22.65,0.00023652,22.85
16Prp4CCBsdNu3RMHwdCYbdies63PCFa4N,0.00024126,22.82,0.00024126,22.82
1Hi39ZcGQ1E55cauok1YhHYZgm33FUvdPv,0.00032745,23.02,0.00032745,22.76
1KTJDWNkzJr8d4Qjygz3TDCWoAusRvvw1t,0.00030104,22.75,0.00030104,22.75
1nmBTAr43PHViA4912XWLgQXCsU1hXj9d,0.00033729,23.28,0.00033729,22.74
1MJR3UEGAKqWHx9wb4Sw7uFdEoCLQk9Ada,0.00036628,22.74,0.00036628,22.74
1K9u3Mw25TS3bM4JE7wMsXfmYH1iBeXSDp,0.0002314,22.72,0.0002314,22.73
1F5S187DyfdJecgqwg16NtZuhivt9HBsAn,0.00036535,22.56,0.00036535,22.7
1FV4wtgbApFGc8PBEjLDas8zrKDc6LUJAw,0.00024013,22.7,0.00024013,22.7
1HTVGTr5oxLPPTz1mmx9T9a9Pxo3X7y612,0.00033193,22.71,0.00033193,22.7
1Jae1X23214ymCahhD9PDXQRmMGDoPUHDq,0.00030032,20.83,0.00030032,22.7
197ywPhDdd8xrSqVx535jkQ98pqgd91Fim,0.00023103,22.69,0.00023103,22.69
18p7fcpdAu6vjrKAkqxoay5WL4yYrgEDSL,0.00024051,23.91,0.00024051,22.68
1C67FLGFzbuVXsZnokDJCwbbnARNxtioLE,0.00023085,22.66,0.00023085,22.67
1CbRu9PjXQvYtNFqBoxY9Rop25YVeqZh2V,0.00022173,22.67,0.00022173,22.67
1P61jbsdnYThxpV7Y5MBbah4ieyMf34zLV,0.00023956,22.66,0.00023956,22.65
1AAfMrUmT4jMjgYCh3yH3cZvWJULaLSUs2,0.00023927,22.63,0.00023927,22.63
1JAcr2JfRe9ueF1akykydo8mvCMsHrUfXK,0.00022609,21.84,0.00022609,22.61
1LXgBgnT8YnaEyq8UvqLQck4JDohFxcoHb,0.00023896,22.59,0.00023896,22.59
15zSfojPHWiQsYRLLrr5vHB7JkukWxRmYr,0.00023869,22.58,0.00023869,22.56
1Eb7VD4YRVgfze5C7uPUa49fHrJHDfnJh9,0.00023865,22.56,0.00023865,22.56
13ZummXDRZXrAR6YSaVgd8cbTA3YWmYsNN,0.00022055,21.69,0.00022055,22.55
1HSN8AqyNEX3EWXiU1rqn7PnHxeMe4sS6P,0.00025818,22.55,0.00025818,22.55
17BvH14SFsGHG3vhUBpBP6NhFgDBNeiiPZ,0.00022277,22.24,0.00022277,22.52
18ZKqnJfjnzhwMdy2Lg4jHKRUEeLozbQoa,0.00021213,21.5,0.00021213,22.52
15GpAYZXW4K5s6UKZ6qbmJ4unhagjcxXtB,0.00023043,23.6,0.00023043,22.51
1KzYJAFAoBoL51g43eXWz5tgMV8R2s2L9J,0.00035917,21.67,0.00035917,22.46
11UsrhLgqAJg9dU3t7HYzuXo2YU2a5T7A,0.00023397,22.91,0.00023397,22.43
112gT1bP8CKpJYsnbR8bycdfkrQjDFjLSy,0.00023047,22.42,0.00023047,22.42
1Hmw9DZp9A5bwXigMhebatuWSHxTQguUQ1,0.00022921,23.23,0.00022921,22.41
1BtTKbHmDRf2XoQ1cRaaFFWCx2NZBE6ZTj,0.00032733,22.38,0.00032733,22.38
1BBDxKXecni7Sb7bxorSXobTBafsv7P8pW,0.00022992,22.41,0.00022992,22.37
115mhh4iY814XEW5fcUQZikKidmVFfX6xo,0.00033845,21.39,0.00033845,22.37
1EYK58JHbinZnfpr6aHq6daqtdJKXRw2Hm,0.00022358,21.6,0.00022358,22.36
14bpjgpbELsh9jVWT5tLSwWjWPwRJSbSD2,0.00022483,21.4,0.00022483,22.35
1NJKctCqgutrkwjFz3b6LDvHhfUnQQfoP6,0.00022972,22.39,0.00022972,22.35
16oDRLNsJurNx3wRmiMcgFNqfSqqtGQfxU,0.00022911,22.33,0.00022911,22.29
1Fa5K9cYYrBq2tt9i9uVesCtvDMQ1T93zC,0.00024,22.27,0.00024,22.27
18Q4uqHDEG5rT3kbi3MpjfwRiXLftJfhNc,0.00020941,21.9,0.00020941,22.23
1NG9r25ikAoBDbtmywNsGk9cuCPtQCLe1A,0.00025449,23.0,0.00025449,22.22
1QFG3fFkavfv3CCKcq43hD11xxEFHBVTzZ,0.00023441,22.28,0.00023441,22.2
1HE4Yq9Q55S1UAC3FWUZ9fbvSXWyj5CLQs,0.00028954,22.15,0.00028954,22.2
1DSPkEzKojynnB3X86xpJMKAf8uyuA5MBD,0.00023477,22.19,0.00023477,22.19
1DWdKQfgCzvSRLKnxpSpNYCVDYBmQ2xuQ3,0.00022306,21.16,0.00022306,22.18
16CQbZYnmskPwox8fAujqvAyM58jKTPWCV,0.00028917,22.17,0.00028917,22.17
1BCJhf4HRhDT3vtygey7n1v7mjEpTmbgxY,0.00033258,22.17,0.00033258,22.17
1AXRER1zXXXBKzuxCHegFgg5rmvN1mZP7m,0.00023514,21.9,0.00023514,22.17
1QG6uNXaiPZm5v1XbwDmC58GVdbyqBQ7Qb,0.00022281,22.15,0.00022281,22.15
15QTzePxJPcrYeYkEc2GfPNwf7RPMNQSUz,0.00023416,21.91,0.00023416,22.15
1DnX1JoUprxPHExctmnHiFmUy8vVy3kK6w,0.00022749,22.54,0.00022749,22.15
1FgbtvRcBmRwyQSVWePpv5nznY8vTqGLrN,0.0003237,22.13,0.0003237,22.13
13yLx2xVfwTUSiqKthjDDxvz1cMpxVcGU4,0.00023474,21.67,0.00023474,22.13
1C3ND7wr1oaDY6J18WWxbabzKvDvqtzpCf,0.00035217,22.12,0.00035217,22.12
1KgSz2DUodTw4y7xWiHyEV4xNx9e7jQguk,0.00035626,22.12,0.00035626,22.11
1McphChw5cwx3hGuLo45FtArpD4qrvYdQ6,0.00035624,22.12,0.00035624,22.11
1LYbb1cNYpAFW62zGBoeHqceEkqUzUxSoZ,0.00023422,21.62,0.00023422,22.08
19xUiysfTiSiNjhTbgTUNjvdjceXnwtCXb,0.00027466,22.07,0.00027466,22.07
1NiRcGr7Ka6mucKZRv2VRt1WF3xXyk5eu3,0.00021543,22.56,0.00021543,22.07
1kS8mGks64JwHca7AK1UsDU8vkZvshKbj,0.00027417,22.04,0.00027417,22.04
1Df3sRdRtWc5Fowfh4ENz95WvKYwfQGNJo,0.00032008,22.03,0.00032008,22.01
17HYRZG6ut6s2wRovNsN6Lf1tG27ptZG4K,0.00022246,21.87,0.00022246,22.0
1PeaHzdNTtZpTEpKHYhWHBbjqPFax6M3iL,0.00022611,22.11,0.00022611,22.0
1CJRcFLZWQvLjULwTUE1rtP7W6XqANcrVb,0.00021688,22.0,0.00021688,22.0
13JjVnS63ictv6zb6N5165JnBaLTdsUy75,0.00031707,22.0,0.00031707,22.0
12KCJW85fx3fHJPPfir6cqjUd1Zxcw2waK,0.00021112,21.11,0.00021112,21.97
1AisReky8uYsDB5KosyhYu4D99rAbDCcrq,0.00021953,22.2,0.00021953,21.95
1BUbWiey5Tfc1ycv884FVfw7ufgPgHrT5w,0.00035294,21.96,0.00035294,21.94
15DyrqHYJA9iWMviuhutDqPXgAzjoscXEw,0.00035055,21.15,0.00035055,21.92
18mnbyG7ixwKMbXZfRGn2x6qPrrZkbCzHP,0.00032061,21.92,0.00032061,21.92
1BrutSw6H2KEEtwSi96jc5TazFa7nDzb9F,0.00022695,22.08,0.00022695,21.92
1GRN1yy79jRQqifeq6X5F4kSLk3UDDTK18,0.00022134,21.76,0.00022134,21.89
1DtdgRj4kkjhkjR8n97GPp3FYHaUbFX8BF,0.00028834,21.79,0.00028834,21.87
18gymaaiu1uKEuWFRYLRNGxrBqt4evGHtN,0.00023087,22.38,0.00023087,21.87
18qTiGRmSH8WUq88Y2MFfCk5W96Zb1Fpze,0.00023058,21.81,0.00023058,21.81
1HnBHzncpo9qM4aRgx3PLzhRZtyz2nBEcm,0.00022323,22.46,0.00022323,21.81
1FjwubtKEHt4miv3ggrYfT2keh2wdZ2TdF,0.00021763,21.81,0.00021763,21.81
19sRwdvGgXSoCuAgWCQGmXSLCMFVrY2c8N,0.00021284,21.8,0.00021284,21.8
14NCwYDU1GTAZRUvQwKRzwiVZz3ooWu3Nw,0.00021852,21.18,0.00021852,21.8
17LvkuNMscKNfCZAgYgpES62mRPzJBiNuz,0.00022168,20.9,0.00022168,21.79
17nDkjSV4Rwh8FHbkENjak6HK4SsHAqgEw,0.00020933,21.04,0.00020933,21.79
15MYmkQf7Au6pdqpzxW9yhMThKyPEtEGhU,0.00027024,20.72,0.00027024,21.72
173vYU5CBg8n2XQGbYZZutuMZ4Sp2nEVYb,0.00021577,20.83,0.00021577,21.68
1JFjkCdcE4YJ8ySf3WXaY5W7qdNiEUnBd1,0.00031938,21.97,0.00031938,21.67
12JVrC52TMWchnw28CZHZ8Z5kgVRrcPZJw,0.0002298,22.01,0.0002298,21.67
12EbHvdTiiwuj69U29zTPJCbQbVCH8Wsqe,0.0002658,20.76,0.0002658,21.67
15iDtW9vdLmMvPiM6eZeC4gcQxSoJdRVnT,0.00022142,21.63,0.00022142,21.63
16bhryTUd4urjSQQuoQTFBG32LfqbQDCyM,0.00021587,21.63,0.00021587,21.63
14Pbw1J5Vy14xymGBQVFptj7sQrtkCQk7g,0.00022236,22.48,0.00022236,21.63
1HYCThJfHcu1QzVBPgNASrZ2vi3v7NNxrB,0.00022562,20.75,0.00022562,21.63
1E7mG6T35TbdviAuuYAyhApzo6Uuetgiy1,0.00021,20.98,0.00021,21.62
1HqdoWUuDU1JFZumrnZgHgjfYzaDmz7R1a,0.00034778,21.64,0.00034778,21.62
1DmUBHS9SY6VDCAf146WqFRZUPP9M4cHAy,0.00023294,21.61,0.00023294,21.61
1AdRtJ4vuC6gP85J31PYHKcQ7w8vmBaAQ6,0.00022534,20.96,0.00022534,21.6
15qrhzKRC9UZhXChG17PzxZvBbBQZNZ86R,0.00032094,21.59,0.00032094,21.59
1FXeH32GScr9pBGPUzFSMXRsief22UM7UJ,0.00020707,20.7,0.00020707,21.55
1NhXQJVmcNUZW2Bw451AoX3d7pHQmbLynb,0.00031,22.43,0.00031,21.54
18bewNdMyko5xX1wGcEekXcaRqVHaMcsPK,0.00020579,21.52,0.00020579,21.52
13xsdkhRQkmPFyWrSqnypCtWr8mKe5zf8J,0.00021572,21.27,0.00021572,21.52
1NjtASwtLJoAbWDPmqaFpZjdAeBpo1tGV3,0.00022752,21.51,0.00022752,21.51
1BpNZMT8JDZ3eqb974WTpXKsdPU6SxWB1o,0.00022815,21.51,0.00022815,21.51
1M14vDxFcfGjWGkVPVGizRvQgF9TDYY2JT,0.00022567,21.51,0.00022567,21.51
1M3Sm1cEeET4ghRyYjUxDyXm1MwPQ6YR6E,0.00022561,21.5,0.00022561,21.5
19rXenhpCa8ar4TCUKbFzpMfMDtd51N6CF,0.00021801,20.9,0.00021801,21.49
1666C4LSrKf7eFoKuBSdqwtDHy8HcwQFGr,0.00030973,21.52,0.00030973,21.49
1122KXw5yo78h97u3mWBmaNcaifhSpNU71,0.00034526,21.69,0.00034526,21.46
1M6LSCbCtwTpEZsoqFyxfuGEQFoKYxtwGG,0.00021762,20.86,0.00021762,21.45
151PyizPe6NvFBAzhfKKChbKVT8ZhvZTKw,0.00022416,21.49,0.00022416,21.44
1wcT7dJ4qJgWxWnjgebgdt9xDJXNTdP8B,0.00021137,21.44,0.00021137,21.44
17xxt19xvxTrajzuieySwUvwCAap5UZVGt,0.00020193,21.09,0.00020193,21.43
1L6xa6BQrc9cJuVuvfvdCg44rD3zgNe4Tt,0.00021126,21.43,0.00021126,21.43
1Q4LrViSyT2PpGyGi4iBh91R4nFDVQ9ihE,0.00021852,21.39,0.00021852,21.39
192RK96GDZFTEsZx4LuCbYL5dubv64zEXc,0.00020914,21.38,0.00020914,21.38
1Pc9Y8rhDs7TAhszCV4nWEB6ZC71FbTBRj,0.000206,21.36,0.000206,21.36
174eitx3JAkxmbkFMm2b3YiZ6tXkDdg73p,0.00021749,21.09,0.00021749,21.36
18PtwFmJNAozkpAZes5bWze2HPJEPyKoYC,0.00022545,21.43,0.00022545,21.36
1DffQc1eKYc8pxK64oehutL9zyuC4dtrZp,0.00022252,20.7,0.00022252,21.33
1HBSZfpUj5pXnRjYTifk1y5CxbEPUhpohy,0.00020429,20.53,0.00020429,21.26
14ZsSpuJDzizEemWQSbR2qhqjAMYwA1EbU,0.00021611,21.23,0.00021611,21.26
1BV4AmL1W6tGn5Rewk33j77dJA8Sqf8q1T,0.00022464,21.25,0.00022464,21.25
12158rWmh1L2Af7RHJVr6nqyQ3TZVvg5qk,0.0002002,20.91,0.0002002,21.25
1NneapGQBanQyUXR6dcYQn453jWAHftRqC,0.00021733,21.23,0.00021733,21.25
16C6GyRSGauj1vnjQ12aZuS8zfQKhp4FUN,0.00022314,21.71,0.00022314,21.24
1KyGVSATHz1J8FpJXgzuj77xR6iQrNTL7C,0.00020474,21.23,0.00020474,21.23
129xJKb6jDSZYRvbMwvs3H3gGezMsyBT37,0.00020934,21.23,0.00020934,21.23
1PpEpiWxM56shEr7GDh9tFa4Dv8Rx4astD,0.0002,20.28,0.0002,21.23
17opoC3YXDgwvBiTu4t7Uf1cRhhStrDE8S,0.00021967,21.37,0.00021967,21.22
18efdeCMY1QsWJjSE5wgXfNrzCUT26j8b8,0.00021558,21.17,0.00021558,21.21
1JCp3txRWTfZhoVfQgbNaEzFBA2BdujWL,0.00021652,21.15,0.00021652,21.2
1CZwZ6cUnHFgMy4xPT6ww2v6WbgbqGv3YN,0.00029278,21.3,0.00029278,21.18
1HvWxNq4nHZestWKJcznc4DnkVraZKWGhz,0.00033709,20.92,0.00033709,21.18
1PU41KQhVNYzQ6ATtd8svJXRUgMZHEhSJo,0.00030941,20.92,0.00030941,21.17
1NMExAZ8ervMNLJRwsAUXBRKeag82DSaiY,0.00021663,21.8,0.00021663,21.16
14y7eyV6333zfkVKsJA1KhKakzHap6wzWJ,0.00031189,21.45,0.00031189,21.16
1B15kjqmLe58YnjNAz9LRANNkaLy4SHidh,0.00032012,21.15,0.00032012,21.15
1A2qhZ7d4DfF4EMszgRMqEE7JSuamPBF4c,0.0003167,21.11,0.0003167,21.11
1EM5iAGA48QFTKqkkduKEWQmnRqzMkApy2,0.00021409,20.52,0.00021409,21.11
1KWGtSUaH9kXkbSMdYNXWmGSHb3BJQvbx,0.00021488,21.11,0.00021488,21.11
1A5AV71EGPN3YadPvwWJYPcsMx8hL79Akm,0.00019883,20.77,0.00019883,21.1
1NL7ZhBWu2Eu76tkGxCfmZAWaj48YkPqQ3,0.00022307,21.1,0.00022307,21.1
1MbRTqWY71nUiNm6p9W5TMfM2GiQ5Hhvs9,0.00021049,22.34,0.00021049,21.09
1HwcEwoqwH5ZNnkMmwPoCsLrodNT6pPKTk,0.00027901,19.36,0.00027901,21.09
19GDcQQuhYqDEaJYA15e7PoQ4Xruevsusd,0.00020329,21.08,0.00020329,21.08
18GC2Qyzm9W9dwvCPgGqGe26szxSgVa6Vt,0.0001986,20.31,0.0001986,21.08
15iEppw5V6CwmcdtAr8tn7hEEGv5xzUZQ2,0.00029136,21.19,0.00029136,21.08
17XsEC8fQzHr6eJrYe1SBp1Gxog91MD6oZ,0.00020787,21.06,0.00020787,21.06
146mLrS8XXg6cHx3WQnwBoX2TmgxusZekx,0.00033887,21.09,0.00033887,21.06
1Fwnvj6Mnf7mrVUboT23LYVRRqP4T7mcTJ,0.00020302,21.05,0.00020302,21.05
1Jm3Az8UffvKpwSPFRyZWDz4Qkta6b6bY1,0.00021428,20.78,0.00021428,21.05
14MBXw9P9Ft4tcc5yRDtYkytMz6LjhW28P,0.00021632,21.16,0.00021632,21.05
19oYYrfvNJZiaZCnhTC7GLer3sUNms3eU6,0.00030771,21.06,0.00030771,21.04
1NVGqE91GZjNxKrSAUh8tpY8zAWgqxabwF,0.00020088,20.84,0.00020088,21.04
1Jp4FFBuC9cuFFhtVWbagBiaeo12yThL5s,0.000222,21.1,0.000222,21.03
19Hru1pQNRaY8eJwSFVJuTvutm8y3vJmT5,0.00020793,20.76,0.00020793,21.02
1Dg7KLU6hQc3aXQPZ3QWrRFUGbyPknBFTP,0.0002027,21.02,0.0002027,21.02
19RUe1yxQjjAPguzFrfvUbW3CjjRjg2g1j,0.0002229,21.02,0.0002229,21.02
1Q4UB1kYM3vW9fg6c7ZFSZZo3RaodeWSet,0.0002074,21.17,0.0002074,21.02
1NuM3eP667nyknvMsmyKbckGEmzD9GMZ8P,0.00021754,20.84,0.00021754,21.02
1BN8wb1UJRkieCc3d1PyRN6HF82hATDdPM,0.00029028,21.11,0.00029028,21.0
1DDJeuC2kPdvP9ocaX75Bx8i6LNi4qnJ6S,0.00030689,20.69,0.00030689,21.0
14Hv7F1Z1aZ6kPN3uL7pL3CytbuSyumrEt,0.00030686,20.75,0.00030686,21.0
1LxTp3fZSqbAFcZkFopnHyKqWfTs7Wiaut,0.00020763,20.73,0.00020763,20.99
1BY5UjHTk4M7YjL7vf8di5TrFyAW6b5xKr,0.0002,20.78,0.0002,20.97
1sbB852J3HT3GoP7PfBsrz4pggWnTnxKu,0.00020493,20.16,0.00020493,20.95
13gbgYK3DDWNJrygKg6BHhqpPstdm6xRAZ,0.0002169,21.1,0.0002169,20.95
19RRpamroe47zxnGQgzCW1okM1CvE6spxA,0.00026061,19.98,0.00026061,20.95
1Gtcy9GGG1EgXMgMYsrve2g7zoWMv5Q3Zw,0.00021393,20.9,0.00021393,20.94
1HMPsJ9WU2gncHUoNXBHoidjwUNJT2ioLb,0.0002168,20.94,0.0002168,20.94
16RQFuK6yRL39KRBUouLiigwyd9f8QUik2,0.00021676,20.94,0.00021676,20.94
1LkKEFe7B41auitUYHTz5EbqMvBN5ByxgR,0.00021659,21.07,0.00021659,20.92
14LfBNHjYKX1XUyaNaejUMD5uwVmYeebyT,0.00031354,20.91,0.00031354,20.91
1Ct9pjxCDDhB71T3Ea74iGVKyXMgpz5w3h,0.00021947,20.89,0.00021947,20.89
1Q1HepYVFUd1e6KZDi7DG2YV9fEEYq8B5H,0.00033253,20.89,0.00033253,20.89
1M3N1sjdP2RnFsDGcX6j2t12ta63gyYNsH,0.0002147,21.71,0.0002147,20.89
1MAKRiqC35fY9JaDKYqs5NvUyRujYEoUqC,0.00031125,20.88,0.00031125,20.88
1H7CL2k5rfAf3EvUPbekMqheNnmeMDQ7LT,0.00021214,20.86,0.00021214,20.86
19ThM21HHDazqLHbbh433aSGAwv6wsRzBA,0.00032986,19.9,0.00032986,20.85
17k6sgnLjFbsKufh17Hryyfzho84vSQWTC,0.000209,20.26,0.000209,20.85
1659TZ1txGXHQW3vS4vUq8JKNcu3jntqt2,0.00020335,21.3,0.00020335,20.83
1Nv5PXRcZR19PxxsEp2CWuG9zUQHg9jTNv,0.00022085,21.96,0.00022085,20.83
16guPArBFixGTh3yDYKTkn64f7s1w5GXh3,0.00020549,20.98,0.00020549,20.82
12nZQkP4LrFQAB8HaqpbqyPpR91W98cKoL,0.0002159,21.04,0.0002159,20.81
15RaR8Bv662Tb3xWLXoKfvNTYFvV3QfcWZ,0.00021524,20.94,0.00021524,20.79
14pVmEoFajcZCHgpwmzeRTxfP4jxMzqGV9,0.00029915,21.64,0.00029915,20.79
1H8QzEiHq93k4RNiKHVScC7wDDhiEWeZpu,0.00020284,21.24,0.00020284,20.78
1FMYbPqPdu4XJpNXFG8x9At37vibJtThUW,0.00020024,20.77,0.00020024,20.77
1MWZW5iSE88pr2Zd1RKbzSMoRCDnXQ9EbK,0.00031408,19.75,0.00031408,20.76
15bm1pBAWjiwfc8cRNoLCFZPXBnxv1vAMj,0.00020154,20.51,0.00020154,20.75
1DaUSjKX4GVrEmQWZ6Yq7t8UjbJiX57mNy,0.00020747,20.75,0.00020747,20.75
1NoPQAj2G4eUdc82egbug9ABMUnyDQzy5m,0.00022355,20.96,0.00022355,20.74
1arT5vbZ2P2Y6hSJo3aek24i8qGaWZbex,0.00021626,20.11,0.00021626,20.73
1KWCR9V4PR2HkP75rjQ1xbKQvXfionJ4FS,0.00021625,20.73,0.00021625,20.73
13scBTCtdRh3vbktJsVAvfpAjmJpWgrkbY,0.00021865,20.24,0.00021865,20.71
19HtZcpmXDnq2zT86SjVpDvHnrzo81CGkV,0.00021618,20.68,0.00021618,20.68
1PCcHZQU5CzH8JELCXoJUJQkSaK2H2WwNs,0.00020122,21.1,0.00020122,20.65
14fbMGJWLf7L3MN1gwuz2QfC3d9EqTpBJD,0.00030562,20.59,0.00030562,20.61
1GMx8Mbd9RxyztHLeXo8129eQgphJrWQMK,0.00030293,20.61,0.00030293,20.61
1KSxLw9oi3qXDYomYZgJZUqZ7bFAs8qJKa,0.00029396,20.57,0.00029396,20.57
1Cd59FTFBn6WVPikKQWFhxYTsqmUJXxg5m,0.00020512,20.55,0.00020512,20.55
16wkrFjHQgGRBKgnP34BSJXMJjqQsWkiUW,0.00021023,21.3,0.00021023,20.55
13btH4KmLenGM29EE6TQTjJVrv19asvMQW,0.00022679,19.95,0.00022679,20.5
1PUECouxDT9gbnnM41HyinH8LNhaoM1wXV,0.00021661,20.48,0.00021661,20.48
16ojJY8PfphPWX9th3nGJHCXJRKjonEEZs,0.00021614,20.55,0.00021614,20.47
1PLkXXBe6urQicbPmSpzDnXmeeXUbrQVHd,0.00021705,21.58,0.00021705,20.47
1DgUnGY9DbebDzhMvoFDZDzKP6hu9jTyKJ,0.00033732,20.45,0.00033732,20.45
14BdgEvriVncjpU7Pn4Wx4smKYNV2FgmYh,0.00020483,19.86,0.00020483,20.43
1NJqRrTv1W4izivsXxUgeMdxGVpT4UFDA7,0.0002918,20.41,0.0002918,20.41
19RGMVsjtEekhjPQUYtdB7ijTemdxvo3A,0.00020701,19.84,0.00020701,20.41
1PPw3eiL6qRiEtBge7vy8ZNvV7ijVr1DxR,0.00023011,18.49,0.00023011,20.4
1JQTXVBFgMjtSmSA8wpmeVs3eusvCvXCHR,0.00020758,20.27,0.00020758,20.39
1MD95SqqCJis2voNJRhkjq87jzpZnFfXBn,0.00030272,20.39,0.00030272,20.39
1LF5nV45UicP1N29iUJ6HCYpstioc3GRBJ,0.00020115,20.38,0.00020115,20.38
1DpBwq8hXFMd5pHCF5dZuwagGYdA5ECH93,0.00020824,20.35,0.00020824,20.36
1BntDUPkut2vhmMzPiJvEw7waEY2bWhcZg,0.00020127,20.07,0.00020127,20.35
1PvjBhbRDNY1BggptGKQNauKyUmQ41cA3T,0.00020812,21.09,0.00020812,20.35
1KFxVbLKY17xd6PniqbyPTDUMuJV7k1JCs,0.0002046,20.19,0.0002046,20.34
1MgTVyooyVaxfeQnq2n63FkuThcWbSEZ5N,0.00030493,20.56,0.00030493,20.33
12hS7CzhPwiwUZikeH7vCrXxmTY5pzzVYi,0.00020917,20.33,0.00020917,20.33
16rF3ci1z26oqXCFWkQYL1kdS2z6qmuxDq,0.0002461,20.32,0.0002461,20.32
1G3y6nNswPYEBBnnf7owvbfi9ZfJCxfM9g,0.00021485,20.31,0.00021485,20.31
1JE27kf4kwLSdNSnPu5Djp7AtvPFPPqaj6,0.00021442,19.9,0.00021442,20.28
1BrGhgMF7TtBrxPnT77tBbxpHpRuj51JiJ,0.00033446,20.79,0.00033446,20.28
13sr1BnxqQ8MoMc1FpzakcsWjaxNYsjGZK,0.00026699,20.25,0.00026699,20.25
1mMFdneipUxCtBXfjPaNR9EJD6Tu9LYZL,0.00019992,19.96,0.00019992,20.21
1Li54LxpjYwkfwdfEJrEn15a76y3Yq9CHa,0.00032527,20.19,0.00032527,20.19
141Z5oibYPd4HqgQbBKZeDvotU5ZqrPV3J,0.00029746,20.46,0.00029746,20.18
138fxFEyBJYMUmjai2JRKjJhBNLPPKZVnU,0.00019958,19.92,0.00019958,20.18
1Ms1cEFqHcWKzL1rp1E3SojTUSaTxfiTEQ,0.00030511,20.16,0.00030511,20.16
16Gbc5TsnARn8TmvbPyAc4j9WgABLHifVM,0.00020214,19.6,0.00020214,20.16
1BwFPWwExcVmanGttv725bUki7xNFcPLaQ,0.00021282,19.7,0.00021282,20.16
18ibGvcJg3fXG1KeCC6faGkQa23JHJwi4P,0.00018991,19.42,0.00018991,20.16
1MiY85oGZh74ceQE3hFSf63w4xD3ayWexX,0.00019218,19.97,0.00019218,20.15
1HiMJP8usCSh4aHBNpyj6RA3xc8u8KtYMh,0.00031863,20.14,0.00031863,20.14
18gYbpJrasafSo9ASRzbkAdCeSscnwCjhR,0.00020482,20.11,0.00020482,20.12
14pqPrBgUAQNtha1eaNxk3afL2YRvLDf6n,0.00030425,19.13,0.00030425,20.11
1CYbcaCj1fp3PMrEAn85xPtscML2gLgha9,0.00026207,19.88,0.00026207,20.09
1GEZMX9tNiH1SwNHEqQw31tjFAQiVzsCj6,0.00019988,19.3,0.00019988,20.09
1E4eMMzHVa8cGxGHFFoE8QD46NsoRCqVvu,0.00021201,20.15,0.00021201,20.08
1ELGoSJ3eAmm4g26zkcAcHbYRLUuhSNRB,0.00020781,20.07,0.00020781,20.07
1QCjELgBDhcTg5kRVhyr1mU5tCMEYrH3yL,0.00020652,20.07,0.00020652,20.07
1JgiBDKL9a8LiWy6tq9YpEd7Aj1aDZ9nkh,0.00021045,20.06,0.00021045,20.06
1GfpB8djfZuS8R8LgAyTDH6G77gNL8eVLA,0.00019637,20.05,0.00019637,20.05
17XQcT5CBRFJzDazxqQSQtLXG1HDM1YU7o,0.00029283,19.74,0.00029283,20.04
17bSvquE6tfwPGVoRq5y2SivHLWDvFNt6C,0.00020594,20.64,0.00020594,20.04
1Cr8bvrFp189ASr2tf4zUxgXHU3y35Zpse,0.0001909,20.02,0.0001909,20.02
19rn6hm3JKQpepeWEY9rwmaivZrUcr1jrG,0.00032259,20.03,0.00032259,20.02
1JHfHGsomhgp9YZBwZw2arsyyyvY3Wr9S7,0.00021169,20.01,0.00021169,20.01
1B2An9fuzMpnTmknUooRRiPejwC7sWuM9W,0.00022117,20.04,0.00022117,20.01
1F4wQzdwMMNQY7JoGiRdbsu8pM6rYXtVAT,0.00026473,18.36,0.00026473,20.01
1NyNo1uXUwz4dqg8eRgxLHK2ZYjv8L4xsQ,0.00019201,19.2,0.00019201,19.98
18TtMWnJZWpy68BpiZmKAeoqqoCCep2ayN,0.00030238,19.98,0.00030238,19.98
19jsoPbMmv1ciQQZGM74SPN1ksfykQ2XXR,0.00026328,19.97,0.00026328,19.97
1MATxVDcXEdhMSHizCfJf64EsRLZrQ7QQS,0.00019689,19.97,0.00019689,19.97
1TSNjGUezEgo1jDLnfWo1zYqkDVYP1FqY,0.00020859,19.96,0.00020859,19.96
1JiWhnkSB8mDTjc5GBuzQQ2oBGMBHeJe2c,0.00019006,19.75,0.00019006,19.93
1NbY3vB6YcDDwkGDxxDHSF4ChQ2Qw1DAmg,0.00022477,19.93,0.00022477,19.93
1E53kxJRKsccir4ejvzhfXKR9jwC6Hwou2,0.00032016,19.92,0.00032016,19.9
1M5KLrdUrL1ib9CDAQeMXE5AwBYCDhjrLh,0.00021966,20.0,0.00021966,19.9
1BPMoHsB1arJuU7fZuAn2yVarVE2guvQUv,0.00021041,19.89,0.00021041,19.89
1KoahTbRbKsd6tepr7XHxYrsHjLDHZ1RNp,0.000318,19.18,0.000318,19.89
1Dt2AwopvCArTjPwqJjYEqmeJNnHKcP9dq,0.00020621,19.72,0.00020621,19.88
125fkgCrqoYZFJmKWYPyZ4qhCWxwT3Je4H,0.00019617,19.88,0.00019617,19.88
1NBGHGLCrsEPFxzwWJiMcJQW1jut33LRYT,0.000196,19.86,0.000196,19.86
1CrVoEe36JR9pnEnLtjC9kkvz1j7sVcG68,0.00026177,19.78,0.00026177,19.86
1JMWEiTPCZ3h5Y6XFhqRbLDyLH4B97XzoY,0.00020322,20.45,0.00020322,19.85
19BVmgPGz34Ut2PqsutohpF8SrMrhp4N9v,0.00019567,19.84,0.00019567,19.84
1CTqGo2xw4rGzJRbZiSr7mVPTogVkZH67g,0.00019878,19.27,0.00019878,19.83
1Q2r6BGuZBgseHXtQSHcT2W1JtiUWsfu8k,0.00020555,20.03,0.00020555,19.82
15xiJwHR7Fa8JKJECyyXv77JXaX2k1pzzT,0.00021902,19.68,0.00021902,19.81
12MzbVGmCstQ9qDrDMix2csBHtn1gJ4cGt,0.00028503,20.04,0.00028503,19.81
1KiKxSRFG1QGn8y9nqkFyZNqkwBC5F397q,0.00019583,19.53,0.00019583,19.8
16KJwGPeowSqjiyiXQJmCjTCP5iGTjqZyV,0.00019757,20.97,0.00019757,19.8
12mYWhAa1CkjMucn7qJSepyfASRU31Vdjv,0.00020477,19.92,0.00020477,19.78
1B1YRYBH6CSrd6yVSbxs7knkJs6VKFXX5i,0.00019491,19.9,0.00019491,19.75
1AhaVcvTw99dN51x9rcnFAREFmp8NVCjAR,0.00019273,20.05,0.00019273,19.74
1AdDszqjJH8NTsaghvRMY2d74oVZqX5wE8,0.00019231,20.14,0.00019231,19.73
1888TnGLrKeTWBnNskB8opKrzs7shhSdEC,0.00029553,20.15,0.00029553,19.71
12nL9vdt1occQcDr7zgKAbJ18ztYptrq8A,0.00029221,19.98,0.00029221,19.7
1DDrNDqDWnLkSE3KGkvWeCWhaK2ZYDjiGA,0.00020821,19.69,0.00020821,19.69
17JHpcfvMPHMpRwT8zyx399x4A3WjHLJ8W,0.00032462,20.18,0.00032462,19.68
1C626SK3GbHpqfvjbNGz5Kc39F3waYe8Ac,0.00020797,19.66,0.00020797,19.66
1MWeLJLcjuJdVAR7VoTf1dppczqV2FCAuM,0.00020351,19.8,0.00020351,19.66
1DNn1UYuU8MiPiVZZXgUVnoemyp7kBEdk5,0.00019149,20.05,0.00019149,19.61
19YBJMt3Txc7obqh3vAZnNFLgBZHgJtVM7,0.00021661,19.05,0.00021661,19.58
1Fi6p8vsFSg59MYyb9i6613kSXKQ8Q4eXE,0.00018424,18.73,0.00018424,19.56
1EPHDjRromD4uWgpdWSbahudDwCg842KBz,0.00032137,19.98,0.00032137,19.49
1FG92WTeexuhd58G91DEu4sRqYaugZjf1D,0.00019441,20.62,0.00019441,19.48
1B2VkhTkzxZxTmX6ygNAqXTvkUkMarGEpL,0.00019422,19.46,0.00019422,19.46
1E5oQ7azkaW2bgvekBKVQtSmjThEHBfcHH,0.00028003,19.68,0.00028003,19.46
1Gkx2nmSrYGNKA3P73EvqrnFN4rLChyhgg,0.00019803,19.21,0.00019803,19.45
1BFGeY43UQ4aun11cV2GMiroNGtA1dW2vK,0.0002884,19.43,0.0002884,19.45
1Ccr2nEj5QivG4Lq7e53dNZZf7716WUR8b,0.00025293,19.19,0.00025293,19.39
1DP9tLcGK8tSvDorda3Ao26B1nuoHEXu16,0.00020465,19.15,0.00020465,19.36
1JSSXayjTv9kTqZzwA8PsJj9TLv92ciknR,0.00019463,19.2,0.00019463,19.35
16ff1gwDPAUHQqsGYYBzV6eaUY6N7MAwEB,0.00027619,19.32,0.00027619,19.32
1NP215T8wXZggvYRB2TpACaTzzKfocEt4h,0.00025143,19.28,0.00025143,19.28
1MWJpXxUxxxMxZCrMWezUBcQTn9n93ZHAv,0.00020301,18.79,0.00020301,19.23
1BDhEVAJC5SfukQmYrpqBrzhKZ97wc3iZJ,0.00019661,19.21,0.00019661,19.22
1My2bc3x5h1Ld2v5EP4C7sPZEKyYZbCNSb,0.00027651,20.0,0.00027651,19.22
15kDSgeSgW721K93KAKAqyQmLGWb1NBqcm,0.00030586,18.98,0.00030586,19.21
1BY9zJfqq2k29qrRv7tJ83PXUuiJG576yQ,0.00030706,18.52,0.00030706,19.2
18Hk2NuZUAa6UjnDNSJT2uWGXN7VQYdavc,0.00030701,18.52,0.00030701,19.2
1DAHj6PR9Ryaasf53DK6KFYrUHxEtPLvAv,0.00028287,19.19,0.00028287,19.19
1Lq2u9KeT75BhNCXNvxWhw7nFr6KZGtRX1,0.00020259,19.1,0.00020259,19.19
1JjfNSavTzigGabR78LbqpybVJjmqfSsGJ,0.00020006,18.61,0.00020006,19.18
1Jjtf6k17fxGnSPutxVPgWjmto8MGH1Yxg,0.00018066,18.47,0.00018066,19.18
1PkGXPrkejC8tUiNKxmqgMPyEqxJQz6KUd,0.00019881,19.17,0.00019881,19.17
1FiWmXtpYfvnYPsm2BbrkPRyWymjbxhLa7,0.00030475,19.14,0.00030475,19.14
19NqFjb1examQoWCrMFRsmtphUFdFy18J6,0.00020157,18.66,0.00020157,19.09
12sRz6rRFwi1vJuhsnAfidhhLAw1ucpkNg,0.00028554,19.47,0.00028554,19.05
1Ffn8BiPdJqxtrdZEUa8G8T41Wmr4RGL8E,0.00021034,18.9,0.00021034,19.03
1DGnDx6iJeyav49LdpNq23vKhmv1rtWTuL,0.00018277,18.37,0.00018277,19.02
12JT8LwW4meqMPvtEJ2B8UKnmnPzCPMwCP,0.00018325,19.45,0.00018325,19.0
13a2CB5vmLNxsVBPGsMssmiA8RHqcaA4Zn,0.00027328,19.77,0.00027328,18.99
13y8xjhdFsT2PYMrthPv2BVj82soSh5eZf,0.00018154,18.98,0.00018154,18.98
1CQ8RNMqX68bHqJAmgweiBWjhfbhU83Fp,0.00018979,19.19,0.00018979,18.98
1D7a17hwZTPCWeLiwh4QeMdLFnYtVi58kf,0.00018071,18.78,0.00018071,18.95
1JwEKmykgoFHdTqbFveggq35rfYpR9T5Xh,0.00019291,18.94,0.00019291,18.95
1CLt4ugU16tsv8DY8bQw4MHKwMprWtTgn4,0.00020915,19.04,0.00020915,18.95
1DUQMLE1wS5y4BmvV84gNbTQKQbD8Wt4ww,0.00018938,18.94,0.00018938,18.94
1Nfurbqp5xKphguRg1YDU9g3Zt1VPRsoA2,0.00026177,19.04,0.00026177,18.94
1JGp9nmhKj1kQj6P5SMuZJixwNfJxsazwo,0.00020013,18.93,0.00020013,18.93
1JmdhjxNsbKN1SAonboLLjTMSMdaWKLbQK,0.00018049,18.75,0.00018049,18.93
12Y8oZyPfaeKpDhhdHrCCa4iHj5gg7hXrF,0.00020072,18.82,0.00020072,18.93
12enQ71KE1nwoT17BMi2wqD7V1mXyNA7r6,0.00028342,18.9,0.00028342,18.9
1M5kN3TdaZZEStGoYqt2pyUCmpyTCwWaK,0.00022689,19.53,0.00022689,18.75
1QL3vyjpL5askYn1JRiWKnq5mtr7AQKqX7,0.00018477,18.74,0.00018477,18.74
1HPnhLL8g3ZAWadHHK79g48TfibsoN5RvA,0.00020164,18.9,0.00020164,18.71
1HJUM4THdecreipYnYLw29pNxvVcxMesU6,0.00028286,17.88,0.00028286,18.69
1JFXgWmNpUZS4Sz3JgTcvRUS6EZnmWBtHJ,0.00019207,18.79,0.00019207,18.69
1DgxSEKQHYwTPMMnYRfuKQ8gCDeL5CmRpH,0.00026919,18.67,0.00026919,18.67
1Dxj4MuxiqXefirUdPL15T2dTxcZBX5vPD,0.00018398,18.4,0.00018398,18.66
1Pd5BHM5BN4oB2ATPx8NUw6WuwQjzPBbbH,0.00021048,16.92,0.00021048,18.66
1EcNWfkoSFg8xK9nLVEXsKDWRVsyuQX25,0.00027559,18.57,0.00027559,18.58
13zWQFYovPXcc3PQT6VBq2LTLf23ZBcAPk,0.0002049,18.65,0.0002049,18.56
1DcngkpCN7x4QqfugksdPexQZU8dKed36k,0.00029447,18.27,0.00029447,18.5
13k5d3FraMxXPGY4ceDbmCJMHa6TtmEZ4n,0.00026842,18.15,0.00026842,18.37
1LAPuwbyq7tVLDWbfk7KU93Fv5morWvhyb,0.00017296,17.53,0.00017296,18.36
16YEVXrAJwmH2rHFnJFXtsNtF8BVdF4P2d,0.00025342,17.96,0.00025342,18.33
16yfjBQL9YL99owFLcaPGv8usjbzfPV6ee,0.00017258,18.3,0.00017258,18.32
1GB9PTifsWiu4q41kvqiKmDJYD9YiYSzQS,0.00018641,18.3,0.00018641,18.31
1MxoEURcJv4ciKWLHbXKHQ4j5qwn56bZT3,0.00029439,17.88,0.00029439,18.28
181HBxsKXbskkqGsHrFBRm6FG11y8g1c8Y,0.00020222,17.79,0.00020222,18.28
1LaYYTf6fxj8heYD5TVoHwFZH4uDyq4YWr,0.00018683,19.14,0.00018683,18.25
18hFib2crei5btkEH1XMHGoArqCo8M2pGK,0.00026871,18.48,0.00026871,18.23
1M2r57oCuv1HbHTDczF2GMTYXasajEe2Vj,0.00027588,17.44,0.00027588,18.23
13i6XtDVuE9Fhj2BW5xcLV2M4xfTyGEtQH,0.00019309,18.21,0.00019309,18.21
1LQGcDkeySKcGdbMib98i173nXVnJMWDKb,0.00018465,17.7,0.00018465,18.2
1bz478z8PT2Bmdb679qjBtAmTX9YJ2AzW,0.000193,18.2,0.000193,18.2
1Gp4AURk8Fq1zxkEv2xU38fku6gZcuKsgR,0.00020754,17.66,0.00020754,18.16
1LikeibFTMRCbMXqGzpvvnLHT8oZypK3VY,0.00026522,17.79,0.00026522,18.15
1Bcgp5UK5rjrXH266Hz4wPfYggQtWcg68G,0.00019155,18.57,0.00019155,18.14
17RRiTGuEDEdyT7jUZqH4XPww2skq9Nokw,0.00017936,17.91,0.00017936,18.14
13TEv1YjSKNWbViYi8PauuCP4JjTPYNxXh,0.00017929,17.88,0.00017929,18.13
1NhpWRkEQXg3iawGdNNtNbzVBXYGFKfY4U,0.00028841,17.9,0.00028841,18.12
1PXnnGsHNp8ndAcRGzLW56r1futmx1SX9k,0.00028791,17.87,0.00028791,18.09
12AuSCvmvUbmZoRG9AXeWPzhkQAW6qbjhV,0.00017832,18.09,0.00017832,18.09
1FjSjABUd8kptYH4roxyfxDdWAaZ9fPqhx,0.00018409,18.07,0.00018409,18.08
1HGpcdMvnwn1b3Ytq28bPNLZMzUFYjbdq4,0.00018994,18.08,0.00018994,18.08
14xRMuRjFZ1FXXc5RUNjhmAKLfBjBpdwhK,0.00023782,18.04,0.00023782,18.04
1Jf86XgP1wVCGe9moUerqSBwrX5LPNjKjk,0.00019068,18.04,0.00019068,18.04
1CmZbBdx7yYw57h884S8mhhY7UvzgefmnZ,0.00018034,18.24,0.00018034,18.03
13aDLDi2P4Sksbk1ZTx8bypVkrWbMmEJbC,0.00017633,17.34,0.00017633,18.03
1P8Pq6VykjCduEMfeKAWRcew4Ppmn21Hdk,0.00020283,17.98,0.00020283,17.98
1C8zsp1KdmQPc3cJkScSpEMF4iMU6M3wj6,0.00017101,17.73,0.00017101,17.93
17t1G9FQkZRf1i2D57p8VURif7DGk3zAe2,0.00019,18.2,0.00019,17.92
1DJkgb9nDY4U7zUdToiwD7wFvAdZ1NuUJy,0.00024754,18.01,0.00024754,17.91
161osYtidYRgqAjXkNdFVKEa4ohoAMtTnK,0.00026153,17.68,0.00026153,17.9
1EBQ1UM6BSSaVzLY5nqHQcsYo9MsuS3YHv,0.00018884,17.48,0.00018884,17.89
19mgbrBW2BpC6XfLLZ9ck4LsVgFo4aaQTD,0.00019751,17.89,0.00019751,17.87
1JUZaxierUvvoWZ6vfj5XWJnAnaHcM4Tnc,0.00017498,17.86,0.00017498,17.86
124uVUWC9YcwWv4i8DSBSnvn2FpJsArdQN,0.00027029,16.99,0.00027029,17.86
1N9pteh5BzUZWSwQ2sSsqiZbuKD6N6jHe1,0.00017496,17.95,0.00017496,17.86
1JdRF33m9EKX2nzBhT2AE1NXAcgzbwL3dQ,0.00018279,17.86,0.00018279,17.86
1FMmGuEi7fkZmLsDJ3DmpMiUg4ijSgsN8q,0.00018852,18.28,0.00018852,17.86
1A6P418fHLhjbRSb616z9N7DPdj5n5eQ9b,0.00018352,17.89,0.00018352,17.86
1GCBU6xC3QDnjGfGZ2Qu4U6ezHYwiEvJQt,0.00017391,18.22,0.00017391,17.85
1BmRcbGu5MNjFYmQSXnjrf5jSa9KseLsHU,0.00026444,18.25,0.00026444,17.83
1DHhjydHL1hnmnSVShv4iWDaS1PLhwbtHN,0.00028711,17.83,0.00028711,17.83
1FEizA3RMcCYmnRXxjL5nsvvy7K9vCr2Jv,0.00025627,17.81,0.00025627,17.81
1Q18EbBpkQBt5JMF7T2C4FL45SNyehg7cC,0.00018818,17.61,0.00018818,17.8
1Pybvh6N416mov74NEdPY2vsjHpXiCRk7Z,0.00018079,17.05,0.00018079,17.77
121aQp1tS29NYFeszAaCLSbVjUrJgBWauM,0.00026314,18.17,0.00026314,17.74
1Fg8uGErM5gzooyV9mKgE6o471mf9yPdJi,0.00023138,17.74,0.00023138,17.74
1DFVEooXjrohVbNSv3mR9a1kchgGCW2q9o,0.00017105,17.74,0.00017105,17.74
1GtKWT9qQL6wfXTBQvuyLYodivQz16TjaL,0.00018755,17.73,0.00018755,17.73
12iSFShbn2Fq2SDnVmR1TBr7WtVBgghpdo,0.00018226,17.73,0.00018226,17.73
1P3HY9RWWfEwoArXcw4HYTnMdesrCeYuTY,0.00029213,18.16,0.00029213,17.71
1Hso5s5D7wG4fTTBNd2wCgKAEbzR8xgKh2,0.00018,17.71,0.00018,17.71
1Gg54VqHVLKgb3jdhZTqSV1tm3PEHaBBPa,0.00017499,17.45,0.00017499,17.69
1MKtL8e66iqCBFKh29pQK9oTKKYzh1LfTM,0.00023312,17.62,0.00023312,17.68
115hQCSPCYUbY9s8WL4u9EL4JJXp1dc7Ni,0.00025433,17.88,0.00025433,17.67
17PwR6xJZBsE9oVvVXrHLzNXR5DRN3uQ63,0.00027957,17.67,0.00027957,17.67
13jEkiF2xBcCmQKbcVf13gx5e3FdrTTrPv,0.00017856,17.66,0.00017856,17.66
1FjdhtNbZWzbbxekg9eqdPxqMYcw6y6hzL,0.00017641,17.84,0.00017641,17.64
1PEgod67egNcqYs1bQcgdJkXSMsBqhK3US,0.00025737,17.35,0.00025737,17.61
1LwAbXHrXvnQ8wjWxShwU8My8rUnVZ9k9o,0.00025341,17.81,0.00025341,17.61
1QH9Y6xycZRX6WNdLjrDPBvXSXmT24puC7,0.00019853,15.96,0.00019853,17.6
1MnVNC9Fon9tBN3uG4nnndTYpYg1ZmyZfY,0.0002663,16.74,0.0002663,17.6
1F86P6sP2HyxGon4XeK4qF6GCHvEupTMvP,0.00026368,17.58,0.00026368,17.59
18fSwpHYPWWxfc2EJVFh3gGnaLe6pdvbc,0.00019423,17.08,0.00019423,17.55
1LDkA3qTZo2UBbmxge3zzEMDLhogdXCFoN,0.00026551,16.69,0.00026551,17.55
1ETULMokTRPNGNZCSq4QpzEUsJcY5qT9bt,0.00018898,17.54,0.00018898,17.54
12KEqUYw289hxvykJFa21nePcmHxfhC7GZ,0.00027702,17.32,0.00027702,17.51
13YUMwG8mWNRmLHc7MSrsijUNk82i9v9qS,0.00027849,17.49,0.00027849,17.49
1LfRnYdqEyScPZU3sNGQzXoHVN7hQqRD3S,0.00017288,17.24,0.00017288,17.48
18htdcsWUdfKfYez62sQ1aH7Y5jFnvLFfe,0.00017713,16.98,0.00017713,17.46
15Ukte6iEKvwztJijmLWqeK14jXTiViB8M,0.0002595,17.41,0.0002595,17.41
16vnwNeKnVPctkNhe44LTvhj7LnTgfWbNW,0.0002565,17.4,0.0002565,17.4
1EhfXjYZf2xrRJ3DvhsTJUavud4ZW5RsbX,0.00022651,17.37,0.00022651,17.37
1PBUgFGDzyhx24pgppbPMWQ8jRtFMrDzKY,0.00017791,17.16,0.00017791,17.33
13KuJxAaVMcnnwWMsJRTpCJ9XeSgtXnqsA,0.00017626,16.62,0.00017626,17.33
16396azJhcrKdX9VjVvbrVBaqdRJokeN3P,0.00018284,17.3,0.00018284,17.3
1Q6SwDPUbL19HbSGNzhGvRAbQDycaG5hYv,0.00023896,17.38,0.00023896,17.29
1KrUcxEtb1tdmGUqVznaptPXGaog54yst7,0.00018031,16.77,0.00018031,17.29
15X9iirXaf1a7ExPXdPj54Gipq2wSuyLzi,0.00016602,16.6,0.00016602,17.28
12FG637iQXs4jQUEgB2hUDxbU4cQV3ZUqN,0.00017348,16.51,0.00017348,17.25
1DYDsXmUmct3bDux5EFAPkdpxuM2LuykYn,0.00018239,17.2,0.00018239,17.2
17gEjWTDFeHvBcgjM8peqXnxfqwkrCGXKA,0.00026007,16.44,0.00026007,17.19
1EjKCkGmUUpSNtno4bnhKqsgvo6gxt4Kyw,0.00017627,17.03,0.00017627,17.19
16TArWHtMabMVCj6T47hjuNEgYoyigjsHE,0.00024703,17.36,0.00024703,17.17
1PWgg4ACihsPCNJMXwhXMmM5wwsGudvMYo,0.00018497,17.16,0.00018497,17.16
1D5JhqAjYueFrxMszhTpQuNjJY7vAoNntN,0.0001647,17.14,0.0001647,17.14
1P7C76yRTmurNqnYZkJ5UQQmBSQ2b5ai99,0.00027272,16.92,0.00027272,17.13
1DibbQX5QshUrWn8p4U6sGbvpAsWwVQvbV,0.00025028,17.13,0.00025028,17.11
1FSSFnfiSzf9oQQbgFU487ETCAkwGNFoUZ,0.00016923,16.88,0.00016923,17.11
1EdRcfttWYjfXh6P3syUphMVkWxkzXhS5Z,0.00022311,17.11,0.00022311,17.11
1P4Ji9pQWWsSoJ5fLrr9t8nGuoRtpTPCWi,0.00016904,16.88,0.00016904,17.09
19DLMuRDDbwgVjHGbwpeuEpBFATKiiMmzU,0.00024969,16.88,0.00024969,17.09
1JGeFNSwv3KEmu88baRtxR1ExHt1AS99rV,0.0002027,17.6,0.0002027,17.07
1BsH2yn5wcMs1YjDN79YFMzVEDFSHk5fsP,0.0002495,17.06,0.0002495,17.06
1BGvx4moFsgeqyoWypC4w9enAUM7EsqpcA,0.00016624,17.06,0.00016624,17.06
1CYeLY6Bmq6DV5uPeGASi2KajiYkjx1AuQ,0.00024541,17.25,0.00024541,17.06
15ywaF7kfuYrHY8uVysJSrfdZPPL5LyA8q,0.00018001,17.11,0.00018001,17.05
19LFLyoGmmoi71MQw92trnDzAC9xsHfxjm,0.0002694,16.85,0.0002694,17.03
1A7WHgiz9U3GCigfcXCkD9DPDouyozezT2,0.00025718,17.0,0.00025718,17.0
1JLBKmjV6pNvr7hXv5pdWjzFrUaiajXCGJ,0.0001762,17.17,0.0001762,16.99
1Jk9ut9Bb9prhppBWRdbjDn7AzHWJw8SQ5,0.0001708,16.85,0.0001708,16.98
164srtEXus9LeVJD64VQ3uSdhVykrgLxCv,0.00018301,17.16,0.00018301,16.98
1GmumGN8L2pSo6XWSzpTwP4A7xENZnEn7f,0.0001629,16.37,0.0001629,16.95
1PdqsuWRReGNmhTCn8BkGGiTVzi8R94rtU,0.00017928,16.95,0.00017928,16.95
1LHcq6DBWtU94zFV94zHb9PWtkEJyFc5NA,0.00017304,16.9,0.00017304,16.94
1HWdYrnyDLVKSzUkDUur1t6Jvhzk1JZsai,0.00023234,16.94,0.00023234,16.94
1Kbccv5f4EdbrWpUm3VeiQZEv69fN1xcnh,0.00024754,16.84,0.00024754,16.84
19hrsDjDydU4Us67s6N33QSzR7rbv8V9WN,0.00017597,16.83,0.00017597,16.83
1iJTcUekqdxvjr1vbVSPp4n2ActRD9dsL,0.00024215,17.52,0.00024215,16.83
1A8w65qV8FFZVu2cARenR3RL78zT4MyA8u,0.00017552,16.82,0.00017552,16.82
19kQMxmSG1LgLo2wuacrxaPKR9yKRKobTQ,0.00027044,16.43,0.00027044,16.79
1B2X7WNTz5R2kNWdsu3jpA978EuxbsrXpb,0.00018534,16.3,0.00018534,16.75
173iWPmpKVYEdWeTynHChUKi5o8jy5WMMJ,0.0001918,16.75,0.0001918,16.75
1PhULuxxg5GLRvtcFf5B2BwaS4N6QjWaD1,0.00017454,16.23,0.00017454,16.73
1AQBFEmKsoBxvnrBDjD49zDQRnDR7Nc1UT,0.00015911,16.53,0.00015911,16.69
1MrtYGq3Jjw5DS9Q7Dm8CapzZ7MdkE6V5j,0.00026657,16.08,0.00026657,16.67
18bc8ZLbVnnGy6J5VLSTKiCk1K6erBzyrZ,0.00016974,16.62,0.00016974,16.62
1GEKxQ8BrzcDbLREAXGP2T8hFkbnpR82Bs,0.00015655,16.01,0.00015655,16.62
18SsqFXbs9Cr7Ce6PfqBCHXBdh38DosKW4,0.00016575,17.59,0.00016575,16.61
17bonGp7oMpw9AdE83d4FZUkUcrMwkTAoJ,0.00016181,16.95,0.00016181,16.6
17F1JW67qPu9pQqTP9d1PwxTzev5c2Hm4a,0.00016976,16.59,0.00016976,16.59
1EC4fGwrLToaVFeJYv3ffkwtUeG3h3hyPC,0.00016361,16.58,0.00016361,16.58
16fDTA2c2zxgNJF8qPVjXhd7SbD41ofCYB,0.00017526,16.58,0.00017526,16.58
1JZvXyxFANXTRXZvQvaKeFThK11jMzCoXK,0.00017289,16.08,0.00017289,16.57
15p8M86LPWGirvyghePycmSoV2sWtnr1cf,0.00017462,16.6,0.00017462,16.54
1PFNL1g3Hrjz514B1RznjPPKPRxmVg879H,0.00026152,16.36,0.00026152,16.53
1NZLjSryP7YLV8D6n2efkR1dqF6HXCWHpX,0.00015902,16.49,0.00015902,16.49
16kXS2iPQ6voH8fgQ4A1F3B1PZkqV9hYev,0.00017408,16.55,0.00017408,16.49
1Gbx8dUtEUr392r2g3FyH6kQVz7CURWqLE,0.00016564,16.34,0.00016564,16.47
148y627ixmyNZfZj96g95KhBk8pcUaBw8w,0.00023699,16.44,0.00023699,16.44
19u6ixMtgrsJ68UoJRCik2Wf9TKdqec5zA,0.0001715,15.77,0.0001715,16.44
1E7m2opq1d7kCKghtggh84gnMnRRw251BC,0.00016509,16.41,0.00016509,16.41
1HFxP8ANiAmTM3YJJeo8bcSZJs4LqdzwpE,0.0001544,15.65,0.0001544,16.39
1LxYTK8U5YBqkp3mVfVhKpr46T9mPU6atk,0.00015626,16.24,0.00015626,16.39
1N6wSaF3svi8Cynmt9W8mKst3UiKek7hEp,0.00021679,16.38,0.00021679,16.38
13rWHfRVCbB55Um5RT7XCurcYB2SSHeSFk,0.00017318,16.38,0.00017318,16.38
1MTopuUg34Ft86RoNNnEJLqsibed73opuN,0.00016339,16.37,0.00016339,16.37
1Bqrhmc9EFJn96cBxD3mE2gPtGcMpwCyog,0.00024125,16.59,0.00024125,16.37
1FNcsiYcbjKLgCdH3gpuBAiRTWtVYFSNwP,0.00024385,16.26,0.00024385,16.36
193oLiCKJuihZYWvWAzRJpiKtFbVKPXmHo,0.00025861,16.17,0.00025861,16.35
1LCnceZrSj3iAPGgCiwPyEfyxKtado74H1,0.00015946,16.7,0.00015946,16.33
15ZTWBinXUCwjZjx4Hn4a1q1Jw12DL6jQa,0.00024343,16.33,0.00024343,16.33
1KsmXDYq53RqwFpBSRdZaweoYNihZsMAf2,0.00016221,15.66,0.00016221,16.3
17HV9GGn4visKGTpCnJV2swh3CCrQgqgAy,0.00016394,16.17,0.00016394,16.3
1DDDdjR5RLf5gk2Rzo83ZEFv8Bk2RovPTn,0.00021569,16.3,0.00021569,16.3
1DsJ8RGaajdzgP3gDPjsnT2HykcbrmEJ3U,0.00024017,16.52,0.00024017,16.3
16rK6SuHqTTo6YmyntotD2PDi2ZMFxE4Rr,0.00017213,16.28,0.00017213,16.28
1QCXDau7LGKRow8Nf32VPVsk4sBGouTBb4,0.00016568,16.07,0.00016568,16.27
1Cv5Yhq5EUqyhrce1DRBeNGJwnidJYxLSC,0.00016188,15.63,0.00016188,16.27
1tktnmewK1F2Nhbo5qLsTkEJ7frZSv1QL,0.00025886,16.06,0.00025886,16.26
12XbujA2nyqMR6jnH6MvCBaH6nZdkBRoBZ,0.00021423,16.25,0.00021423,16.25
1Cyv12W6AKM4igJyiSYJT6uzVtQaHE2Kzs,0.00023748,16.06,0.00023748,16.25
18tqBqwq6D6PXJWyt5bjpZL3FcbNdVPkv7,0.00024352,16.24,0.00024352,16.24
1JrT5n51iUApL3a296QKWuHCDHuFG2jFoc,0.00015882,16.24,0.00015882,16.24
1CKQyC5y63n1BbxUr5154pstXwGb6vz7Ro,0.00015845,16.59,0.00015845,16.23
19YnExizaU9eZjgvbgH7vBNUwAhnc15WmE,0.00016516,16.02,0.00016516,16.22
1GN1jR4D861JVF4Y4faCqLiSezij13Hzv,0.00021378,16.16,0.00021378,16.22
1CecsKkDqL1pnYDk3hjbordA6iNukRdwcv,0.00016589,16.69,0.00016589,16.21
13sBYMD9oK5Re3THDpNTi9bfbEe46voJAv,0.00017186,16.46,0.00017186,16.21
1HFKjdpkKouJRoovHGxpBMeq8QV8xUXJ13,0.00016657,16.21,0.00016657,16.21
1BUpx8SPjR5nJQeUTWTienDXf62bD7Kf6b,0.00026071,16.22,0.00026071,16.21
13uJT5Qc8YUUmt8gZ45M1KP82ZD22rUd46,0.00025794,16.2,0.00025794,16.2
1PVXXSoq6ukWKxm8CYhpmp8FsRtkK8n4MJ,0.00016018,15.99,0.00016018,16.2
1CQXDg8LztuW7gakkj3BgYefctbRWVUZE,0.00017012,16.55,0.00017012,16.19
16VQ5cchjCWmnGLERQbteZmAauGz6rYPmA,0.00016281,16.06,0.00016281,16.19
1Hmvwd6VaSnqVeiKWkqCkMuyXWqcH9KNcf,0.00015477,16.11,0.00015477,16.18
1AYmUCfzLXqDX6QyEF2PVEfweZjPbzb8vR,0.00023279,16.36,0.00023279,16.18
1D5Qf5oDj1YSDAh2pWPckbUukodbfqVspK,0.00023642,15.99,0.00023642,16.18
1Lnu3mpHyrui4udPzR4FVa2YHX3BPDMA5Z,0.00017084,16.16,0.00017084,16.16
1PSAKKpihWmCYBVxWrK5qDr47c7Jk2XKMq,0.00016451,15.95,0.00016451,16.16
19N7VfM5SA17Mbbn4ESEfr3ZVaGmon7LpJ,0.00017405,16.59,0.00017405,16.15
1Dz76ro1e8N3V1w2j6i5yQvGk6EaG6sMHq,0.00015392,16.14,0.00015392,16.14
1AvoWJPXr5xcdFhNnwmQdzdPHgWEcNgUKW,0.00015562,16.14,0.00015562,16.14
1CTdg1TjxEDqKHqab722F7ntBeQtLffS7h,0.00016103,17.08,0.00016103,16.14
13p9Mi5pCLpQTisfnw3UPePs12zw3wzEcH,0.00016479,16.1,0.00016479,16.13
1AFYGjVMSsm6vYiQmnqfi3MzL7vnpWNxnP,0.0002418,16.49,0.0002418,16.13
1BLRPFxP5wfFkHepFfgdQrwJTX6fge3ezd,0.00015892,16.12,0.00015892,16.12
1HRgysNcKt4zXN5kXRsSt4vThY1UJsuHPN,0.0001693,16.47,0.0001693,16.12
1Eg4M4KUsH3NaKSrd2q7jsgNFQbXbZWZi1,0.00023507,16.09,0.00023507,16.09
1PYDku85XQFaw6RAFjExLrWG2ujckmserR,0.00015455,15.53,0.00015455,16.09
1GBgv8YLToJBVgyuneueJXv9Zoe6Fg3kAn,0.00016527,16.11,0.00016527,16.08
1DFBuhaatfCw2XK3m3rgw4972idb3tYTCi,0.00016521,16.16,0.00016521,16.07
1B4db71N535C5vjbdDyQQXLGdTY4k3yUfT,0.00015896,16.07,0.00015896,16.07
14ywxiB9SVUqqpniuK9Y19ML15a6jV6WRM,0.00016512,16.06,0.00016512,16.06
1Jv3JWjn7KPRdDbzQCcuXUA1QPXdvnhEnd,0.00016955,16.12,0.00016955,16.06
1HP86HQTYHqUVKuvSwki7RZ78ghT7CwdZw,0.00015879,15.85,0.00015879,16.06
1A8KeG9XDjKqL5HFaRUJUJgQ6HEPcXy7Lu,0.00015641,16.38,0.00015641,16.05
1JsxXF7KamNPtgVK9nh42TE9vVyvabmqpf,0.00024061,16.04,0.00024061,16.05
18Tjd5DbAtcpCVF35fdzArgnLrX7DJvFXs,0.0001694,16.05,0.0001694,16.05
19jWPeFYw5oGSujiaQzrivqirwzF43t9SE,0.00016333,16.03,0.00016333,16.04
1LEwff9ujBHEnYUoXdkUDe3XoHeffGS6M3,0.00016486,16.04,0.00016486,16.04
18iKbKTTsQRnWasbGi9X58A98Uuztpcs2N,0.00015627,16.37,0.00015627,16.04
1Hvh81uJbynsRjEesFvh2Bh5P6rG2rrKPi,0.00018347,16.58,0.00018347,16.02
1Le7kQZ6Cwz2PrXpnJuscU7aAWkbFVL3Pv,0.00016198,15.93,0.00016198,16.02
1Gyb9sPvcWGtewWEiPpetQyvsZePoasF4r,0.00015377,15.38,0.00015377,16.0
1PJbTqMQnrpV9Z4z4keedXVnQYcD5L8NFK,0.00015777,15.78,0.00015777,16.0
1Fnq791rHzXJTp1PJhNvu2kb4tByQ2t1sD,0.0002338,16.0,0.0002338,16.0
1A7tjp1K6M9bnCfo8GSJbFmSKbUWKhJ9Mn,0.00016088,15.31,0.00016088,16.0
12UfJhvD2BxVg1xXJyLGTzBgHC8PJJUVQ8,0.00016333,15.95,0.00016333,15.99
1MB5ivmpgBKTsk64jyrFg3oB3mtiMDAEiZ,0.00016355,16.57,0.00016355,15.99
12WYgcjs42iMtBtgcHGHYh2f31RMBJU1vK,0.0001643,16.07,0.0001643,15.99
1K2DAZT8aa6oGCv3DZTijjiatApHmoUa7C,0.00016865,15.98,0.00016865,15.98
1BpipLz8XtsNkYvhBv6vg8pXbpMQaRXK92,0.00015735,15.74,0.00015735,15.96
15pwUMCKikxZuHGCdY1LTddGeqpYWysgwd,0.00022962,16.14,0.00022962,15.96
1JdzPAz3ruhFKhtrnX5XvZsWbGoFv5Ajm,0.00024135,15.95,0.00024135,15.95
1FMcF6xvscT6G6okvsuyzHVkq6HgZ8hr6B,0.00016671,15.94,0.00016671,15.94
13aGSi9QpzF3WCw7J5dy7U1CjVwDMwgxGS,0.00015526,16.26,0.00015526,15.93
1GNKH1G3JNUYVvfHKyPRet8jbkUTvtAAsX,0.00015228,15.92,0.00015228,15.92
1C6vQRECczhFyWwUC9cYf9Yh34DtNRNVvh,0.00015697,15.92,0.00015697,15.92
18sbYFHTvpn3srZcEGvksKATukTNAZ6NTA,0.00016641,15.95,0.00016641,15.92
173XNdNRg5YjTmKGyyU1TGQybvbqXnu6P3,0.00016475,15.91,0.00016475,15.91
1PQk8PF3eUZx2tirfysibkoXUiv1Fp1TVQ,0.00015684,15.91,0.00015684,15.91
19ULtKjz7PU9uH5avLZqBF8zt7S7EvuhLK,0.00026232,15.91,0.00026232,15.91
1MY8r2k5M5ZdkU97kGqh4mXrYTJrpBRy1y,0.00025152,15.9,0.00025152,15.9
1Cx8QG5DrA1cAdqUPccbpdDX51uumoN6z3,0.00014963,15.87,0.00014963,15.88
1Jk1UsVCRVE56j26HCQseVAa34wvzAyPhv,0.00017553,15.88,0.00017553,15.88
1AksFL2x4BTpvLCL1PNm811bPj93EJ8GD7,0.0001973,15.13,0.0001973,15.86
13cabQC5EQezvx7jSbsgfKrT6hFU1pZnPN,0.00015884,15.4,0.00015884,15.84
12LKMdZQgk2Gj9F6BAawqbmAUFsdGyVa22,0.00026084,16.21,0.00026084,15.82
16XUEdNSKCra2cvku8uqV9x8jWH7e95SZN,0.00023281,15.8,0.00023281,15.8
13N3ZNd5qUk6pzvJAY9huMCjwk6UTvgu5L,0.00025403,15.81,0.00025403,15.79
13d9ZtHSS5b34g9bR93Fx3y2XEpPp9qoCV,0.0001601,15.35,0.0001601,15.78
16Z1Rd1KAwNBRKL5t8CsE3Mmrv7V3qfjjo,0.00015403,15.78,0.00015403,15.78
18kv89XU8vdtiKYetBqd9Zo5XXXB8iVykB,0.00015742,15.77,0.00015742,15.77
1EBsX6BH3CzTD5CvHXWrgaEyMKY3QAy3U5,0.00017402,15.2,0.00017402,15.76
1FwZvwiMu3EE9pRmqPpVDczAMyCzbJ7Hjp,0.00015841,15.03,0.00015841,15.75
1HBGXDaDDsRYkXqCck9onxcQqUEQrLCiv9,0.00017763,14.28,0.00017763,15.75
1FaVwxthf1XT4Jg8dBiu91Kb2k59dPRf9h,0.00017752,14.27,0.00017752,15.74
1Adb6MnaqasPZPYNWYC7TRwTVMpfK8Wj5y,0.00016385,15.92,0.00016385,15.7
1Jw4Js8sTLyLxUSKiSCFmVrJBx8VSK3fDN,0.00016337,15.2,0.00016337,15.66
131MQ3jHhZKZVdoWu1VttDF7MTrT7gquT1,0.00025821,16.05,0.00025821,15.66
1D5g2QJ6spA5shDiQFP5FdNjhhR86ppPKp,0.00015254,16.0,0.00015254,15.65
13yB9CrxX9thgYRFxKbMMcm1K7iMf81PBs,0.00024731,14.92,0.00024731,15.63
13phRHhHwQZxnByxqKECP3QAPF4j5RyjXP,0.00024706,15.62,0.00024706,15.62
1EFcLNnq4NXVMWrJL6ukhLpSZ9Q9GeoyYe,0.000223,15.6,0.000223,15.6
1HZr3NEvmnekbhre3XEj1hCmro2rZ9ixVh,0.00025137,15.6,0.00025137,15.6
17kzxvShAgvcam3re6mmWEndCVqA3Za4iv,0.00015934,15.49,0.00015934,15.49
16VkkPeWSfx6KUbJwFmdCWWyWnW3M6ktXH,0.00015391,16.34,0.00015391,15.42
16tCKSJgNZEGXjizXPgaE8AFYbu1dgQkMC,0.00015819,15.37,0.00015819,15.37
12CtW8VVdyRYPhesYdkUDfbRNvUKLPEuGx,0.00015328,16.27,0.00015328,15.36
1Pn6yEaSD1pis2iWX2qVU3qBtGmBGM8EjT,0.00014944,15.65,0.00014944,15.34
16mW1DM87dbERsuxNvD7NuQHu2gb1nw3S1,0.00023,15.51,0.00023,15.33
1G6rgT5vxdKa6TaadjpAd9QXR5pX6DAkdZ,0.0001529,16.23,0.0001529,15.32
1G5c1wQXjKcsuQx7CC7CrofMGCLBrCiSm3,0.00024455,14.75,0.00024455,15.29
12g2W7HTLPZKhE22w7exWHL6VLqS5yW1qf,0.00016857,15.35,0.00016857,15.27
1JV7Ks49fwcwXjHg5ojQsEp4cKMiRiQhiq,0.00024593,15.27,0.00024593,15.27
1Ev9WnW2W7CyMKcNNQpZWV5Xn1zgxbMkV4,0.00015067,15.04,0.00015067,15.23
128NkJfr1kkvvAzPw6CLkXDSgnLyeCc8re,0.00015199,16.13,0.00015199,15.23
1159RhhEDN1eb61mUKuHNe5QWmLvHRh887,0.00015475,15.2,0.00015475,15.22
17YwstuW6dUteS9bjvx99CMj1wQTu49hhc,0.00015045,15.01,0.00015045,15.21
1H6sEgsgkMRnjAY1GXnbR547N9h3kVRJ86,0.00015067,15.14,0.00015067,15.14
155dqCHxpdvMF2kvuo2m1pN8ESCdKYt4H1,0.00016315,15.14,0.00016315,15.14
1EkB6tS7dcaNzaWUQum4oTB7PnECUB1g88,0.00017059,13.71,0.00017059,15.12
1MtpF3gX5tjNS7C67nZXLmTUx3twJNpt9H,0.00022099,14.82,0.00022099,15.12
1L4ZuknEcWz9xKLrYoG1QK8RhzrdruJeZj,0.0002428,15.11,0.0002428,15.09
13ae3zwvriEAofE4iKauDjYpY31CS8Vr33,0.00016262,15.24,0.00016262,15.09
1NBKdkS5gpfgUPP3QhvkN9uBMiLCfNiMQz,0.0002387,15.09,0.0002387,15.09
1AjcmsgHnprNJkAFgYMBMtMSA5hgV42hbF,0.00015125,14.66,0.00015125,15.09
13sxeqRtRAocqGg3Y7Qq5JdFezECYx2BuE,0.00014866,15.08,0.00014866,15.08
17qEkHgKNcgL7rdBJYX6PtqX6HP5Buqn8U,0.00015029,15.94,0.00015029,15.06
1CGThkhfNukPjAYxVfwBDCET7kDP9sJjRS,0.00022131,14.85,0.00022131,15.05
14SQJnyomxSRVvHJgwWMe9hvqJG35XnbGz,0.00014835,15.05,0.00014835,15.05
1D3w5NyVbBPssZY2P5rRNKg8w8Wn2pf9p5,0.00015898,15.03,0.00015898,15.03
1E1wFjJiDRMqvtrZVAsaZEwppVr9JxLgNJ,0.00024761,15.39,0.00024761,15.01
1ADHTUCwqZDrbwWQKunUTkgbjShP354bjW,0.00021873,14.75,0.00021873,14.97
16PnvZEb39SyECsxe5DTBvZXUJNu6voy2R,0.00015383,15.05,0.00015383,14.97
1FD9QSGvDyD7wwo1HmSoztNFqCTVtNanP3,0.0001586,14.64,0.0001586,14.95
13n3ZvDmM6NsHJR4qArDqHSHn1GZCfFhwn,0.00015337,14.95,0.00015337,14.95
1F19KmFiVuTn18qndMcZsy1LffHptj9syQ,0.00019782,13.72,0.00019782,14.95
1BPBWSdjwLGrybtsQNXncj4vywTbE2ignb,0.00014909,15.81,0.00014909,14.94
1NwuF56Fmo9PvXC8uDMJM7ScoPHM3w9KpF,0.00015754,14.98,0.00015754,14.92
1KVQTmN5g1j3K4NDH7ZHG1TtXBMSswQ8mC,0.000245,14.86,0.000245,14.86
1GgGFGD5evcDcF2nwQ6bWGzomWY3ySuYqg,0.00021682,14.84,0.00021682,14.84
1AaqR8FdHmfJgJfXEtqELRfXuPBwBi4dGi,0.00014507,14.27,0.00014507,14.83
1Ex2yw8tvG3xkB8iPTGQVpJTaC6htA3aR5,0.0001567,14.81,0.0001567,14.81
15R96EWj6jS1PGCLzCKZUJBUqxxTmMbThy,0.00014887,14.13,0.00014887,14.8
13YyzncXNBXhecBnTmprxMp359rHXfxxVT,0.0001514,15.24,0.0001514,14.79
1Ac4fx7AUM1hAM9HyP6yX8EiXiwMxcXrZP,0.00015,14.79,0.00015,14.79
1QCYPCo5vwVfuHVoUJ7gdvrNRNWH3aNnL8,0.00022146,15.1,0.00022146,14.77
15KLchMC76YsDasY5U7hww1FtpmDeBs1AF,0.00015661,15.0,0.00015661,14.77
15xWaqwYyi2cPPKNRcYrzCmDrgnFepgaAc,0.00021508,14.5,0.00021508,14.72
1FyWFeK8dCi8w2vspNZyd68mFAmz7udntW,0.00015551,14.71,0.00015551,14.71
1LEZbKUvCqsmHswdZzTsd7kPWguzsQHtS3,0.00014107,14.11,0.00014107,14.68
1JmyqTqkLs1e97hhmcAxLByf8SLAobwEHB,0.00014646,15.54,0.00014646,14.68
1NQS8xE9RfyJZtYDTBTtrvMWKU3pwgAjf3,0.00013961,14.51,0.00013961,14.64
18jwkeNBPDAQAMnWMuHPUsKqxJPAGeHwqT,0.00014638,14.8,0.00014638,14.64
1Pwd58XDcaY4shHNVqzi4bAXKsfttYLTjg,0.00014312,14.08,0.00014312,14.63
1Gr7qvQLJJHrMyXTPEJ6BjxFo1aQbGRFVU,0.00014813,14.55,0.00014813,14.55
12Rx2rf8QQkcn8L25NP6b5F7fRHBzBeXQ6,0.00015645,14.52,0.00015645,14.52
15fEfEYPXjVRm1KgMr2Pb8mmt5kQXakTS1,0.00014218,14.51,0.00014218,14.51
1LAUixx4rF3Txr2FfBgbEexH4Csxp3ZLvv,0.00015133,14.08,0.00015133,14.51
12JzhUNxYHyU7wa4tL2SBMQhhPwu1dGaCQ,0.00015327,14.5,0.00015327,14.5
1LSEdHfvrVKBEmGYooN5612BoXtBPwibE9,0.00015305,14.5,0.00015305,14.48
1AVeujQoMrVQka2Q3EC1b8e68uht6LCFtT,0.00014529,14.33,0.00014529,14.45
1LPr4js8xNS94d4EbWVhBnXJJGgVWMHiAF,0.00015291,14.42,0.00015291,14.42
1MTvJTwdn8fcsRgbMvLYjgkbzMt8Q14ETD,0.00022752,14.38,0.00022752,14.38
1NzUPyBt5sPW1Q9xhfULSiP4HqhqH7xwmN,0.00015174,14.04,0.00015174,14.37
1KRuRXiRqT9ro9cbPKuZhAxLPHLXdWHmct,0.00015476,14.51,0.00015476,14.36
1DnbjBa4WADX3taqBsJp5XuhjuprGBQxtu,0.00015206,14.34,0.00015206,14.34
1C8zwif35DkfQJr1qn5NJPYGUcybYjWADf,0.00014716,14.75,0.00014716,14.32
1Cxt9ejpjQxn6PQt4E6ziUj7u2mdSNz2HJ,0.00014344,14.26,0.00014344,14.26
17MBY1ukvdagPWb5Y6Y4XnnzFNwmBQURoA,0.00013751,14.26,0.00013751,14.26
1LN7ngZg6QZuWKPC1qqTydoR1BjhHw1i8U,0.00013899,14.56,0.00013899,14.24
1JKeid72uSXQtShprFmCVm7VeUKKo7Lnmw,0.00013666,13.66,0.00013666,14.22
15W7tvAThdZ9RJFfhxfhEmvyCcQCbkeqcw,0.00013641,13.64,0.00013641,14.2
1FWozJu1mF5Jh6XDpm8rvrGCCJoQ6ok9A9,0.00014373,14.14,0.00014373,14.14
17shiPVPYkhM5fQPo7oLQUGT3W8gmyoX85,0.00013835,14.2,0.00013835,14.12
1QJbtjZSvAQ6o28dUYemA521bt1cqFZK4L,0.00014114,14.11,0.00014114,14.11
1EUAQshdG4wez23bk6Zp6HT5xPujAPZw14,0.00013288,14.09,0.00013288,14.1
198jAV6K6drjGMa3Cr82NPDWrrfGbNTN9Y,0.00014389,14.23,0.00014389,14.09
1Ea32H35A8jwhxRXu81MMpzz6HD7qMSYLn,0.00014305,14.06,0.00014305,14.06
1F3Yy8e4Vc633wL6zt1vdu4LUt15vMCefQ,0.00021256,13.44,0.00021256,14.05
1F8PLtA9T47yTmRHNPXEQheFGGKWrQXbwE,0.00013212,13.51,0.00013212,14.02
1PnDgzHHxY8M6aH45mZMemtAA3P1BQ7pCn,0.00013818,13.82,0.00013818,14.01
1i6JNZdiALLfrgT3YL9ZqmPrHHyrAT6DK,0.00013686,13.97,0.00013686,13.97
1NBzK3MkSn3CHUFZitdEVfnJCmGqBKzBAi,0.00014215,13.79,0.00014215,13.96
1G2AhkFFaD2skoEG7PJfE9BTzV6DJ7WVtD,0.00014648,13.96,0.00014648,13.96
1AXiZDS145u6KJvnvSZ8TmsNEie686wXfX,0.00015935,14.02,0.00015935,13.92
15K6CY4KX5j1Xsvzy2G9RzgAVSgcnE43XM,0.0001467,15.0,0.0001467,13.9
16LXAgzjfmBA4KqHbWUYE52bkZam8CyLUQ,0.00014736,13.9,0.00014736,13.9
127iaQPbAHyF8QatdNg9iR8B4c4jjyjyFd,0.0001307,13.65,0.0001307,13.87
1FYLqSteYyFdLtzUZAY11g1mGwfJPDGNXZ,0.00013365,13.86,0.00013365,13.86
1LJJWs7dmmdujMudDvhLyDdfMAqqvRGLhA,0.00015577,13.81,0.00015577,13.81
1BmXPsBxUpNapFfcQ1KM4jpocUM4TJstE3,0.00013197,13.8,0.00013197,13.8
1EknjybKgzHD7MZd9kchGhM4Y1Qt89fkfq,0.00014556,14.11,0.00014556,13.79
1A7FT9Qxuvr3qKMdqgXRkKJHiE41MUrSVD,0.00018159,13.72,0.00018159,13.78
14hT1fGUJG38BGt4pRBsNs5SGWyfWLQLtv,0.00014587,13.47,0.00014587,13.75
12eXwgf4e5pnzuNrfSXhmj9mic4QPKX9rF,0.00021707,13.1,0.00021707,13.72
19HLLGGEqzeffPhEqtxyP1D9wL6ne3SjdU,0.00017026,13.68,0.00017026,13.68
1JM7L6BHvqMCzzs7XtNGaM4u1NHMVsGmmr,0.00013379,13.16,0.00013379,13.68
17x9oGzMP5pW3dVetz7iv98kQbBoiAteUT,0.00012986,13.47,0.00012986,13.6
1DJRGJzuEeQXGersrSorMST1fGud4aQPB6,0.00021635,13.59,0.00021635,13.59
17pa4XkZJH9qjSh4Cd3ou13kG4WhvKBm3D,0.00013561,13.56,0.00013561,13.56
14kD2rbqEbjWPcHjpLnLMuhuf1EJwm83RE,0.00020517,12.9,0.00020517,13.56
1JceZKwZLkADsJsp8Pe8bd5hYzQNmyi9fz,0.00019965,13.55,0.00019965,13.55
1BuKSYRBEAqfqYpEvbfeasbSptFYLYMQXT,0.00012908,13.39,0.00012908,13.52
12VQGy8iXHCix6cH6AP495huB928gd172D,0.00014039,12.91,0.00014039,13.46
1E1pN3S5G8UnNLWkSgPNcYUU6L8dJm7P6R,0.00013296,13.27,0.00013296,13.44
15Cu53Z5k32b2WKbnb7WUsxR62xzjboVqU,0.00013804,13.83,0.00013804,13.43
15GkvDYM6KrqD2cP6kkFz1Vndubw7bHZ5c,0.00022128,13.75,0.00022128,13.42
1QAYrsTjPA9QfGkZRzbeTjUyWq3hhi44XF,0.00014164,13.42,0.00014164,13.4
1dGqqZsZxsxAYM3PbbEnU9nVGvDs4WRqc,0.00013104,12.89,0.00013104,13.4
1GwkvFNBYiC8s5qt9LTv3LHp9FjWSZpbPr,0.00013387,13.54,0.00013387,13.39
1Pf8ZfUsXw8NSqNHgMFV4YaCANFToUCjb,0.00021288,13.21,0.00021288,13.37
1MCpV2qQdLghayA5HBXV9TkytR8Q4ssXSX,0.0001395,12.97,0.0001395,13.37
14hYSBqv9a3dcWCCyQE5fS8H6mGCFw8gGb,0.00014115,13.35,0.00014115,13.35
1KSniw3n4nFwbr65eDqMKTeaUTBymtDDxJ,0.00021091,13.33,0.00021091,13.33
1Jj8FEriDGQ65epxoo89PasWDwpKorNEBL,0.00014095,13.33,0.00014095,13.32
19cizWpsUqb7CV3vVcL3gqMWbyKhbWLpBt,0.00019467,13.32,0.00019467,13.31
12vyBDLD9yZTBywhkB1DvPbeujYZsMurc1,0.00014029,13.6,0.00014029,13.29
1BcuQHfm3Jw8meFhHDjNs9ptj7U1R4ye1G,0.00014092,13.5,0.00014092,13.29
1HUc8XhxootcDTfNKsqje5gAcArCZT8eqU,0.00013101,13.29,0.00013101,13.29
1PfSvrdQjXbrYL2FRLzqDGuCxgpiEVK6bj,0.00014044,13.28,0.00014044,13.28
14pDtUKxHc3XWBQARonvUarpjE8BxP9pZp,0.00014079,12.74,0.00014079,13.27
1NQSqaxkAdj37yVszZ5Ja57hG87hsbM5vV,0.00014685,13.02,0.00014685,13.27
1KxcJ8aVqpN9Rr4As8tfvHTkYeW7WxxRjh,0.0002114,12.75,0.0002114,13.22
1H3N6pQ7Eq1eHxmn6Geh3WDRQ5v4ncYu1Y,0.00012747,13.22,0.00012747,13.22
14PMapRrh6ms24qMYXVSDQi98wTrECvtk9,0.00013454,13.05,0.00013454,13.21
1842HGGLt5Hn6jeA1JbtzzQGUG4wCHMVVt,0.00013233,13.05,0.00013233,13.2
18vjRv5dCpreQuMMse8QTjVhUagSgY2UuU,0.00013035,13.0,0.00013035,13.18
131Fk9DBqv6d56UvGbqwUi3Ey7rpVAbUEN,0.00013936,13.35,0.00013936,13.14
1zh55rfQPnJqTuQQsWS4zTcPT76RuiFMz,0.00013924,13.34,0.00013924,13.13
1PAUVjE98KFcqBBxkQMyCvPZyiangV6ZAp,0.00013493,13.13,0.00013493,13.13
1EhSC4Dc6MECLau3TmSnkR5ndmCv7xegue,0.00019399,13.08,0.00019399,13.08
1NzPhHbdNHbHy1B5D6vh7wzW3ztCTXTaL2,0.00012319,12.87,0.00012319,13.07
1J3E3eaAzkgm58RgN836jJWQMNdok818Th,0.00012891,12.89,0.00012891,13.07
1JNwBMxciCwseRXjV2SU4QkXdc8ChBd68c,0.00013817,13.09,0.00013817,13.07
1Ltidm729Khhdo8Vyhq6KDDzvwWm3EhdTX,0.0002087,12.59,0.0002087,13.05
17Qx8gxhCuyvBuxNLdMXPpJP6vuXEuAvD7,0.00012534,13.05,0.00012534,13.05
152NGHcGrH2vtPnbPow5WGfhPREYAihExV,0.00012776,13.04,0.00012776,13.04
18wCLcrHxvvAamWWbndbLnzEm1WHdrDjuM,0.00020702,13.0,0.00020702,13.0
1NhVav5PumGgiMkQyKZDMCqLMJWkvFVNuF,0.00013146,13.0,0.00013146,13.0
12YJbEhZifYz4c6nBg1gNska9oU2ufhs7i,0.0001916,13.0,0.0001916,13.0
18JQWwqcM9VX24kx8Jr7jxLYECtnix9cgJ,0.00012691,13.29,0.00012691,13.0
1GovJ3NktiSeuRPdymfeF8rV3mgSU5qYTq,0.00012246,12.41,0.00012246,13.0
1JnSNQU8pucQDniRQitwPXzprcA5gCjsnA,0.00013356,13.02,0.00013356,12.99
1LrhvBznR8PpQnZVEsrsmCWE8wSobEDtvb,0.00013561,13.23,0.00013561,12.99
1FHnxkeyUT7WSfifX3doPLLG4BpGDrbFT4,0.00012385,12.87,0.00012385,12.99
1LikR54wFmgGMjKEiDRJwQGTkRWujytMps,0.00012784,12.97,0.00012784,12.97
13WVZxu5NXTsscTjQWSfsync3tm1h5vhEb,0.0001905,13.1,0.0001905,12.93
1KQRMpa5mzLcaK7G6mq9DG31jc7gv21d9x,0.00012905,12.47,0.00012905,12.91
1Bzt1qkGPCEMKdKhVZTHegv4StzSiVhGo1,0.00014249,12.8,0.00014249,12.89
12PGb85LoRzrZwMM3Mo3Pq1u1VFG66nhHC,0.0001214,12.41,0.0001214,12.89
18jnRKxhwNjquLretVQHmNpWMwnXmAQ8ii,0.00013235,12.9,0.00013235,12.88
18BDyC6k3Nwt91cvnFKqe1vdqVrqMCs6Ls,0.00012552,12.35,0.00012552,12.83
1Fv8tAmTLZ9qmDpPecbjA3WyXY7MafFMu6,0.00013046,12.81,0.00013046,12.83
1HSXkxVvUJ1pmWmoRmog8XU3a7EBsJMn8r,0.00012801,13.59,0.00012801,12.83
1PTWxfuUtPeFCX7sLtRzetjhXnB8ovnxU6,0.00013567,13.0,0.00013567,12.79
1bDBjFQjgJamt63ELtdD82rk2ApjLUA6Q,0.00020332,12.77,0.00020332,12.77
1G8vc1F2E7MzBqzHzQddjPc5FsVi4UNCpR,0.00013236,12.66,0.00013236,12.76
13KwAGpewVPRUC7bmqSicM7nws1WEFWpU8,0.00013471,13.06,0.00013471,12.76
18bfMVeRtE2ARbkMKT4zSmDr4eiTwyUzZr,0.00012008,12.74,0.00012008,12.74
12Mspyw56aoyL1hE1LFFRLRorna98SCBME,0.00020244,12.72,0.00020244,12.72
15D4tWwZckZhxb2WJyh7mqwaEc7DtpGHk7,0.00012642,12.7,0.00012642,12.7
1Nmgdz5hUy6kkfvB6Si6cV5rbFW3SV3YLf,0.00013408,12.75,0.00013408,12.7
1rgJ3Dshoh3XVWSPXPDwnagksfULYCAbS,0.00018151,13.13,0.00018151,12.61
1FU1SEJYFZqD5JVonUe5oaT6hnqEGw7T7r,0.00012665,12.06,0.00012665,12.59
1CwLuYWXdrgywe5vVWSTy8fTkZToe4FYRz,0.00014789,12.49,0.00014789,12.58
164L356pjCkMRPhJaQopypSQWxYzpPHwsE,0.00018792,12.82,0.00018792,12.53
1KoMDZGwyHe5pov11vxYkHx3qzqDwr3XM,0.0001375,12.52,0.0001375,12.46
14KDkZ9JC5mfgq7p4Q8pRtTkfN7i3NgQXb,0.00012984,12.67,0.00012984,12.44
17fnnnX2jFJ2GXFQpSEELK8u7DwQYnGmos,0.0002049,12.74,0.0002049,12.42
18k7EbKiPdMsJrZC56yctiKQC5Uhno2z4m,0.00016201,12.42,0.00016201,12.42
1GzBqWk2yoGrhiLSAy3RCfBFsGHzyXu7o3,0.00019576,12.24,0.00019576,12.37
1Ls3QkgfTp8yFUaPGvkAuVgHrkvyPX5qEp,0.00018696,11.75,0.00018696,12.36
19K81QExwFJYkf75thcsZw8298h7x3eq42,0.00011804,12.34,0.00011804,12.34
18BExitqxqjcjZxPQewQwFSnomKrGvX5Ja,0.00012048,12.32,0.00012048,12.32
1AZCmxbKM1nyXG8i2SH3yWSLNxNTETBdUF,0.00011745,12.28,0.00011745,12.28
12ZBXUPyuqPaXYUxTvHWcVEPGT6usNYMYB,0.00012856,12.25,0.00012856,12.25
1Q3xiB3jw3mwUkoJp4xfMw8gmi7oZxqVgr,0.00017873,12.09,0.00017873,12.23
14MyR7Cn6LyXMLyzu4j5yuZ38gctpJnshr,0.00011742,12.22,0.00011742,12.22
17rH9U1hP4Us9axfFfRvFY8CXs3UafZBUk,0.00012439,12.06,0.00012439,12.22
13zyKVvF1AR24sNMS3uajyRWbsXkU2a9m9,0.00011673,12.2,0.00011673,12.2
1AnrgEJckb1TPexCEPycfmvNpqQeoWcNub,0.00011481,11.99,0.00011481,12.19
1NPNTa6jUZxxC33he5T1zk6XV3GS5Xbj6U,0.00013948,12.61,0.00013948,12.18
1Q294a2LHZ3NapN7x77NS8LBDt1k2ZYanF,0.00012856,12.18,0.00012856,12.18
12DHc6qhmx28HLxVgaTKXe8WTf2XgPx2Yw,0.00012013,12.26,0.00012013,12.17
12K5Y312DDuhtjaVyzgvj2NiEQ21mQpcXa,0.00013099,12.28,0.00013099,12.15
1BPJooNr2jwWk7A9oMGfqZz27bDSYRaPXp,0.00018179,12.26,0.00018179,12.12
18F68x7r8q1zrsQyPE5TvFd2LEjzVozRNx,0.00012071,12.8,0.00012071,12.1
1A5krCEbjM2914uy8FMRxFT8LnUL4rri9Y,0.00014129,11.6,0.00014129,12.07
1NwMJegXsFBCJtArMAh1PpK1hqeYkT5oA6,0.00013008,12.19,0.00013008,12.07
1Mp5XqXUGk9QfgrAyGovkiNRv8gQtLpNcr,0.00011507,11.93,0.00011507,12.07
13p26NGXhArZ4YJ4jpsDj8VM1vio6RCR2L,0.00012316,12.03,0.00012316,12.04
1N76zRzkDqSSbHwyncmuAeTT8j9Z6mHN8n,0.00012053,11.68,0.00012053,12.02
1A2uWCu82ecVvdgCg4i2pEQbPBrchhJMSz,0.0001917,11.99,0.0001917,11.99
181XotR7aXp339QySL7pQECTkywQeo7kH3,0.00017951,11.97,0.00017951,11.97
16prSkMG37DKSZ2UoaeVMvxnyxAMWnS6Cj,0.00011967,11.97,0.00011967,11.97
13a38P7FondifPwi5bWZwAd8TfrwDZf1hB,0.00011439,11.96,0.00011439,11.96
1Cu8ARzZPzmyn8ReJepfsn5vA7KTASQYMc,0.00017811,12.15,0.00017811,11.88
1BDegdRzBeWpQiFuyFFWUb2WakJG9PMsgs,0.00017057,11.99,0.00017057,11.85
14DZquRnErE7BZmeNy2Pza5yqc4LuKhs9p,0.0001172,11.69,0.0001172,11.85
1J5K5uWzyqw26CaP5TfQFJy5LUvirT7f7R,0.00011363,11.36,0.00011363,11.83
1ABEkCYErxP1WNGGAVn5QNro7enysscpKQ,0.00018804,11.67,0.00018804,11.81
1D3WMPM5L4YrVrbGMPjxrLfrLeLHMRJAYq,0.00012266,11.28,0.00012266,11.76
16kLgehipJV6B3mL6Zr6xXHsxLmPMxoux,0.00011493,11.3,0.00011493,11.75
1KbCoV34JgbzVabrjFxVQsDpLCuiCoH19B,0.00017591,12.0,0.00017591,11.73
15Dz5fb86ComeFVVDvHUgSy6KnejedUtQa,0.00017824,11.83,0.00017824,11.7
191DGpFafKb2V9oUW4BLgNHmCv2cd9PpUt,0.00011749,11.18,0.00011749,11.68
13R2su8j3wVjEtU6752tCMF83b5S4fNvr6,0.0001192,11.5,0.0001192,11.61
18L2C2tD9ywXcSr2pUQDGXHG8akZcKjjpN,0.00016955,11.43,0.00016955,11.6
1BnzxkB7m1j4ybNSJdEZvNHFE9NiVdUdZG,0.00011132,11.59,0.00011132,11.59
12cKUiaKQR3BWh814y4k5EpKKZ86iFQm89,0.00011039,11.45,0.00011039,11.58
1Bb1mYW6auNByMoGPm2N9SLw6NpQgpUgJQ,0.00012771,11.63,0.00012771,11.57
17rFmFDrRVPGw8ZRM6z2z64oaNkfHAXeJ8,0.00015034,11.4,0.00015034,11.53
18dvprMBNEt72NNeb6TqQfDcbrxzSmp3C4,0.00011555,10.96,0.00011555,11.49
1CkAM5mpq54DqpJ5BNDyzxq1ziQmokqrEn,0.0001212,11.75,0.0001212,11.48
1LjzZDmcAdqmJ78nuhv5moSax1tbnaW4t,0.00011535,11.38,0.00011535,11.47
1PzR6MVxph8bkAtGfYQU1R5jmp9R41oxEF,0.00011009,11.01,0.00011009,11.46
18CPhHpC8vMKphRDEevzTaAoamHNDntcoz,0.00012318,11.43,0.00012318,11.43
14hg5mbA4cpJUVcLxrfs7WCRm3FYfoPEEF,0.0001882,11.7,0.0001882,11.41
1NEvEsUjVtvfzi59NiC91csVR37tRLoGCp,0.00012058,11.42,0.00012058,11.41
1NGb1kMHR5H14X7188zAoxpphuJ8QvFSZy,0.00018348,11.15,0.00018348,11.39
15kQ2VHUvc9TwpSsCZViMZSqWMo6VuovvQ,0.00012038,11.38,0.00012038,11.38
1EmPwNNBUTyjWb9Fe82yRB64jtS1dBcBDd,0.00010928,11.37,0.00010928,11.37
1C6ymk2yeMyUBFsbYsHPFeKMXwV9zMXtYs,0.00016395,11.37,0.00016395,11.37
1DT2epofNj9HKh8GV4iNzC1DcCc4zC5wC9,0.00012062,10.91,0.00012062,11.37
16UrdfgmuTq6WBB7bEViWDdeagwG5jRZxB,0.00018066,11.35,0.00018066,11.35
1Ng5kQnAFeYAWXbhxmE8sEWQBRciRHdydw,0.00011106,11.4,0.00011106,11.34
13h85zTYvhD598ejHhCWXeN3MiJs5SFqJx,0.00011988,11.33,0.00011988,11.33
1862oYa8zuBnG9pE4HzbvyesKTvZE1n71d,0.00018008,11.18,0.00018008,11.31
1DeQRkajkGugh7gbnPPxqnNNsKsKyZysUG,0.00010791,11.19,0.00010791,11.3
1EV2qHhYyA2UVtkqnhrHBg1CYemKp7zP7B,0.00011621,11.2,0.00011621,11.29
1QJrBt4rGCgSpNA7xw7VVNJJGLbCQF9Rke,0.00010797,11.29,0.00010797,11.29
1HmVACQ7ygaQUQ97ix2xN9th5WWYAjk3sw,0.00014027,10.76,0.00014027,11.27
1C7gTtDb3nLUZnnT4nh8iQ6AceDTYxWMmr,0.00010604,11.08,0.00010604,11.25
1B8dfnfgAxQSLVTZ8ynPMiYpMajMhgfnds,0.0001072,11.24,0.0001072,11.24
1HBAHR5d4AHV4VmEFYsnne4bqzuvpbex4r,0.00016172,11.7,0.00016172,11.24
1NYsSy5PAURSu3qqRtmhS3KiC85fde6Pe7,0.00011717,11.39,0.00011717,11.23
1PGTSVb6gFS5GUSUvedfFK6jDR8gUxvPGe,0.0001613,11.21,0.0001613,11.21
1DyauVLTmN1eV6hTdPKo31M97LHkuzmAR8,0.00011061,11.21,0.00011061,11.21
1FCty97WHwKCtpVo4p2pHiL9vRiYveMXaa,0.00011518,11.2,0.00011518,11.2
1M5w96ps6CC8t7o95gUewXfu92oo62pe6h,0.00011856,10.94,0.00011856,11.18
1GAZHVsPDPkV4aibMsXR2o79K1CJNKnXpi,0.00011427,11.28,0.00011427,11.16
1F78wLCc81ZCFhLPfq1wuc5ThZ8hVP7qp6,0.00011343,11.14,0.00011343,11.16
1A52RbAS55F6gdt9zF4Dwg11C9HLDzUEE7,0.00017949,11.17,0.00017949,11.16
1PLV3KLGymQdp2zUtZHL15kwRW2d3h4v9U,0.00011625,11.3,0.00011625,11.14
1Aja2KbKEC3RgzPSBCGZBkpJ3W9TKbhFL9,0.00011368,11.1,0.00011368,11.13
1JjNimC9YeDpC1ANtrZiBaNajcGjGFqxuz,0.00011741,10.87,0.00011741,11.12
1qKVMr91skYrvBwEYi6D1bioFTTEt2qMB,0.00011779,10.87,0.00011779,11.11
1Bj6bfFhqYn1igeikMU2LFSX5Qkxg54uoD,0.00016413,11.22,0.00016413,11.07
1FvMFm1ZJcU5rmbkJ23z9HhR7oT8CvUKeD,0.00011654,11.3,0.00011654,11.04
1HJ2CpAwXXutb8oLmFJh1Q63ocwL7LdGfx,0.0001164,11.9,0.0001164,11.03
1HgzYv1iCCPCJgNA4KHRMiSY8Tj6jKZ6wG,0.00010869,11.01,0.00010869,11.01
1LZD7ei342cugiBfLiLt2FNnaXJSNXgU6T,0.00011318,11.0,0.00011318,11.0
19smctyHo6nE4SXtBzr8uy4659UzWd2kYb,0.00011048,10.52,0.00011048,10.98
1GrEo6XtNtsrdHDNVB7bQveLhA3gHsVgXD,0.00016046,10.82,0.00016046,10.98
1DyW5GzRbuBtgwjknAyNegK7nZMEJLjdij,0.00010338,10.8,0.00010338,10.97
18bCz78ZcsxgA9kPHfWVrF4r2HLqf1yamy,0.00016171,11.12,0.00016171,10.97
1Lio97FpqrRqyYfJf98oina1qxqZHNX5t3,0.00016442,11.21,0.00016442,10.97
1DyEodTkBApUAdWHiHLcgwjeWxqLRQd8jk,0.00016344,10.96,0.00016344,10.96
1C2e7pzk68PbZgLsw9izQaUt3GZGRrhbwa,0.00017634,10.97,0.00017634,10.96
1HFwvYzRpyqV21sE3bacGQPoWXG8MZVFJu,0.00010466,10.86,0.00010466,10.96
1BHDdewugTY7z9m1zHu55gtDxGYWcbJwPp,0.00013939,12.02,0.00013939,10.96
199n6idUSWWd1dX9DXpNtx2WpXpEz5URF1,0.0001092,11.59,0.0001092,10.94
1CJgGNwB3VrUkWsqpMMAq4B8U9kpQwoMe6,0.00013226,10.94,0.00013226,10.94
1ALNxoNXtxS3Yq5RVM1gTg2Xjg1tATDGny,0.00011602,10.71,0.00011602,10.94
19eAwd4YLesu1z41KiSEy7Hs5GuKiLHYU7,0.00011536,10.68,0.00011536,10.93
1qTasQGUfrowHc2ogQbQJCyrBvG6vLHGB,0.00011396,10.48,0.00011396,10.92
16FttCTpuqsEh3Kj1UuGxVsA4CMiGoFnoM,0.00010922,11.04,0.00010922,10.92
1QFB8RBH1odTPpUn8fNJt3awAefQCKXVdS,0.00011112,10.85,0.00011112,10.88
1MCafVUUpjud156zMRbJxLKZ2yo87UGZMA,0.00010355,10.35,0.00010355,10.78
1NfjCtWq7pL1Jzw6qwnxhnuBauJFLptLKZ,0.00010448,10.7,0.00010448,10.7
15977Mo6eRGkLwwU7wF2LYBUcrU6QpkPoL,0.00012068,9.7,0.00012068,10.7
1DxCbAaMmUTSnJ8Vjnqhub5MECkck3pWei,0.00010964,10.69,0.00010964,10.67
1GNMLxKDWnCkTg6gtgdM1FNrhsY1DF2H62,0.00010399,10.67,0.00010399,10.62
1JrLMfwYeYLz2STR6dYDGRaKxsY6w1dTT1,0.00015638,10.61,0.00015638,10.61
1kWLnuqZhYggWKcDEzh2gNHfCXEHSMSWw,0.00017005,10.58,0.00017005,10.57
1BkKkMpWEejWh4jYSc4WFDG7AsnfBMf9e5,0.0001068,10.24,0.0001068,10.53
1LX1UuCUvMrWVifN6edCQi26DQNuEfhfxN,0.00010958,10.19,0.00010958,10.5
1DmtTviNhSCEuv8cTUt1pB8RDcTKVokwn6,0.00010664,10.49,0.00010664,10.49
16TFwW7guyemaQLMfHvCBzRRkqwWNHo3xJ,0.00010727,10.75,0.00010727,10.44
1G5dFCyU3LJd7gXkXQWuyNiqGymSwPCYhx,0.00010442,10.12,0.00010442,10.41
165HdZ9swjN4hVFigc8me4Nf9KaC3SK1Qf,0.00010635,10.39,0.00010635,10.39
1Ck3UD7meGEeguFVcHC57N3ccoixWHoJCu,9.909e-05,10.36,9.909e-05,10.36
16z3s332a83sgd5QcC5fK8UayPdRruThcN,0.00011431,10.27,0.00011431,10.34
1Af9CVETLdmYVmzyD8Z9t9wNhjgT3fKnQc,9.876e-05,9.93,9.876e-05,10.28
15keTS69V427CVwtm4DMRRYS1S4EhibU8G,0.00015391,10.26,0.00015391,10.26
19KtA8HQmgBRRVBvbte5xVSSBLHjz5PxqH,0.00011552,9.28,0.00011552,10.24
1HqqQSMvqRLeBR55Zzn7kSEvLcYYVBaPJZ,0.00014732,10.36,0.00014732,10.24
13tCQ3b6K9kAucmiKnw9JCGMEvASxNwajV,0.00015491,10.24,0.00015491,10.24
18GWW2xdPzJmZf25ho4V3zPqSr7xDEybss,0.00014938,10.1,0.00014938,10.22
12RuoHZRoHNMQ8pVzHTDfzRCZ4GcsJrqvJ,9.97e-05,10.11,9.97e-05,10.11
1DFrLupgT1XJFreSzK23zov79kBfSSqd1x,0.00010508,10.1,0.00010508,10.06
151UkGPHNpPXtN6Qf2Twq4owsc945UUbGm,0.00010113,10.06,0.00010113,10.06
19kYwbV1cRFFxEyuY7f81jmHFYCX9wGfE7,0.00010232,10.05,0.00010232,10.05
18ypwKoQjDcWA8HVjNX7C2MMABksuHnbR8,0.00010217,9.63,0.00010217,10.05
18UF7vgnyif26NjLm8P8Tw1f5se27U6ZiP,0.00010532,10.04,0.00010532,10.04
1QG7vE6eeYE18Tfkf69YxvKnHFEkG6aEnG,0.00015047,10.15,0.00015047,10.03
1Mru7KNkxTqS17qd4AUsQBUMSVX3YLhPoc,0.00010049,10.02,0.00010049,10.02
1CEWhB2y1d8E7mmw4Qa13JDwJ4Mi76VuCX,0.00010627,9.61,0.00010627,10.02
1PpsgM5WJHBEQacd86cfU57BVSK4ieP1bv,0.00014831,9.99,0.00014831,10.0
1J5c9A4sjgQPYFH5tHWJ5ZBbmDAVA72orU,0.00014893,9.93,0.00014893,9.99
19JM72GyyxL1F6MyH9DmvKjPpwR7ShSzZh,0.00014801,9.97,0.00014801,9.98
17iE64Z3DeFaReQx5TECagaow4jKsdCmck,0.00014499,9.97,0.00014499,9.97
17EvoUMs1VjKt3Gkbv7Nj9m6CyQFq7UNK6,0.00010386,9.55,0.00010386,9.96
1PX1QZ9sCRdcjRpLA4gzwWUaZSPFvM9Kru,9.708e-05,9.93,9.708e-05,9.93
1PGGQuTSeidR2FGCDA86kcChMyLfcHUFBX,0.00010464,9.95,0.00010464,9.91
1G47ortJF2HiKoVEA9b2VWGkkNV7aecoE8,0.00010942,9.96,0.00010942,9.91
1PRtXCnEcwiBDpd3RuixZ7BdiCh4gfD6E4,0.00010395,10.08,0.00010395,9.85
19Nx2yZXQaWxsue2aY84WdHjJ4LyMCZB3y,0.00015623,9.72,0.00015623,9.71
18ZFLTpKHTAVNC2hqsVZswniYcvPPjg28k,9.583e-05,9.45,9.583e-05,9.53
15gK6dssEwgvhJ3cukcTuKsM23grjm2GQG,9.303e-05,9.51,9.303e-05,9.51
1CieUPJmTRVfCd5rJuwvuXAfWCAnZ1ktTP,9.082e-05,9.2,9.082e-05,9.51
1NQJUtTMFUYsrjdLo7qMrhfo826LXymvWs,9.765e-05,9.55,9.765e-05,9.5
12PbBNhEtHzBf86vrjhS8TdNU4XjBXaspK,9.966e-05,9.5,9.966e-05,9.5
13wEqFA7Vq4bfExrLFPiwJKQ4Uy7KmfSPy,9.498e-05,9.04,9.498e-05,9.44
1L5uqcpDrwFinNLVVWVd1KjW4E6FU16D98,9.666e-05,9.73,9.666e-05,9.44
1Q1ydWRSmByr7CMaUJutyghvbG8LURc4Ho,0.0001,9.43,0.0001,9.43
1BAyQqYEpxs3yrqFTtEJnVaPmdu8wbTVsj,0.00014134,9.64,0.00014134,9.43
17ZcfQ3KiQz626qhEfVpGLoKAFDY2mKT2J,9.806e-05,9.32,9.806e-05,9.29
12LosoqNzcSZfkYCKJvM9YbH8JgQVXgyNd,9.131e-05,9.12,9.131e-05,9.23
1A1Lp7WD5cqfNR6z9iZtzAyoxshzqfqjCV,0.00013711,9.2,0.00013711,9.2
19XgaHCe3o8zHa61hzEY3ZFqxqdVi1R9AD,9.909e-05,9.19,9.909e-05,9.19
17faABUPBXAKyQtreSxZgYEqNe541LVs9V,0.0001,8.99,0.0001,9.05
17Xzbpzu2eRs4Fw8cYaqcStUB2QZiK3o2x,9.244e-05,8.92,9.244e-05,9.01
1Li2bjVMyfSq2fxWoP7o8kkeWY6Y5bxWzy,8.605e-05,9.0,8.605e-05,9.0
1AkKJTkgk462adrcc3asKBR1FdzjegUPNh,0.00013422,8.95,0.00013422,8.95
1KjpqdfaHeXSzDj8JHJGvcADMDV2kiTmPP,8.804e-05,8.78,8.804e-05,8.9
1CjQ1sRVxzKzpmN4QnujQo7Bf2za7PjRBF,9.431e-05,8.84,9.431e-05,8.75
1KEr9MdtD9pGiGaD2rM8ezuS3uGiRbG9mL,9.019e-05,8.71,9.019e-05,8.71
1KvKWw38hUtEcMdRDhPvoq1AFYEBKuwpSG,9.363e-05,8.78,9.363e-05,8.69
1PmMjfLdfX3RnzEhBW8HgwhmRenSsRHQpB,0.00013918,8.64,0.00013918,8.64
13ohYPCrizZAcaDZfspKnwEbfv4CXEbCtr,8.554e-05,8.6,8.554e-05,8.6
1HtY98am785oPcb9xwYuvyf7NKBSTBjuNV,0.00012455,8.57,0.00012455,8.57
1HTGyhBRJC6CRfAVRxqXvz8fPKSzr1CtmX,8.218e-05,8.55,8.218e-05,8.55
15hnaRvrpkizyHugmv1MjeShGpMY4xdKdm,0.00012424,8.54,0.00012424,8.54
1PnX5G3Bq38JZRWc5XcaSZ4wFNB2cfJzeb,0.00011293,7.83,0.00011293,8.53
19xUUCc2dGQgWVW3AmwQSKQ5GstZUCry3S,8.118e-05,8.44,8.118e-05,8.51
1Msaqs8hdhZs6UmQybkaF538u37yMTMsHc,8.938e-05,8.45,8.938e-05,8.45
1LXckd5PV5cat1uRY8eowum1pVKdqLP6tY,0.00013434,8.44,0.00013434,8.44
1BUKBWbjzeirJSoJkWqTRL9nctTXsoePfi,8.394e-05,8.11,8.394e-05,8.44
136UC2XeeeiEabvxFZWqaJAndA86Xz2hHk,9.322e-05,8.44,9.322e-05,8.43
17w79uoPnikvTaHWxwhYNVqRLKYoUityqx,7.883e-05,8.23,7.883e-05,8.37
13U2wCnyWXqmfYWSkXv65rcg7g3Q8k1bSP,8.523e-05,8.43,8.523e-05,8.34
173xiJdgRYpyETGKoVvXdTa71SkVinu4XT,7.836e-05,8.19,7.836e-05,8.32
1FnV6thB4AUiZHPDLLhaDhjLDPSUMCxfJA,8.736e-05,8.09,8.736e-05,8.28
1Gef9PEHqRPC4BnEXZLPaiYKjRXagryLeV,0.00012998,8.13,0.00012998,8.22
1E4VcYtN2FQsiUG6GMW3fRNTedh5DaRsKw,8.611e-05,7.97,8.611e-05,8.16
1B4WSDseCoSN65QKZhcinjPWQRV7NCQURY,8.574e-05,7.94,8.574e-05,8.12
1BVM6dZRkPBmmntakRiG6TN7PmQh7CbABX,7.724e-05,8.1,7.724e-05,8.1
14gmxsbc6sEKcD7D7Mjn8Hk8jLnLPve9CW,0.00011648,8.19,0.00011648,8.09
1B6dSi4sTUyJsPZAMqN4AX4kJN1zuXBU3u,0.00012245,8.09,0.00012245,8.09
12xEiGLz1RCXNiCWisjpbhALAVhvrhhDrn,8.138e-05,7.72,8.138e-05,8.09
14QQiUvD4z1kdSVU5SC8jEP5umZxGZT4se,0.00011641,8.09,0.00011641,8.09
1HmV2CiuoQDnZ67wePoBk19DegfwetkRqc,0.00011631,8.41,0.00011631,8.08
1JGx4azT7j4a7G4i6iDUHaznQnujbiy8tC,7.7e-05,7.99,7.7e-05,8.08
1EU5bjCSrwnSw4NGF2KPXjD9Sk8f7K9dns,0.00011779,7.9,0.00011779,8.06
14Vrvtdb8HuttWhk8dogdNwgo2NJsr7PfG,0.00011778,7.9,0.00011778,8.06
1DpDe17Q2pcPj48AodHeedCBK1mYmyRujG,0.0001325,8.24,0.0001325,8.03
1K6vNFVBsmfcNuFbTQMJXUVCmAqc539V4m,8.86e-05,7.85,8.86e-05,8.01
1KhKBNzBxr9QVaFcdbaZZZi5ji95pS5XdB,8.141e-05,8.0,8.141e-05,8.0
1MoLscACfRqPGyCgyGehLoM664nU5V1zed,8.436e-05,7.98,8.436e-05,7.98
18nzrXnbbroUrecVuToVqi5BvjqUErq7tW,8.367e-05,7.96,8.367e-05,7.96
1Pff84qF1Ljp5LRN4dYHR4HCeMxWg3JR6T,8.42e-05,7.96,8.42e-05,7.96
1P5xrcWEPKArGnto95sP9M7Vk5HMiermao,9.886e-05,7.95,9.886e-05,7.95
1HgMbNninYe5yoygDMBANKVSekZLx6JGdF,7.607e-05,7.61,7.607e-05,7.92
1DkjssKZzaa9sK4VAxpEkBp8yjMxV4MdAX,8.117e-05,7.91,8.117e-05,7.9
1959m8fus2easH9ChBD1NMTXqpdjRM54qc,8.02e-05,7.56,8.02e-05,7.89
15cmB3WTGFo8EewKS4fJuZ6gYQA8bKJYjW,8.299e-05,7.88,8.299e-05,7.88
13DWnvk2yBY8TuKzd9tzdY7gE78MuD21Zk,0.00011689,8.07,0.00011689,7.88
1QBgHEWYaeVSthroPkmetXUWqBqRNCz6SC,8.697e-05,7.59,8.697e-05,7.88
19cKZ6weaoMCCi9CkoEqFQCnHQosoGdEHk,8.813e-05,7.81,8.813e-05,7.81
1DAwDZfTXoN7fEgESdFxabpRDDbypv2jCo,0.00011587,7.72,0.00011587,7.73
1BkdPRXxKKSoq32vdn8sxRz2Ywvk4pXWST,0.00011,7.7,0.00011,7.7
17mSksj8R61sx8Sc56iHA2syMakPMuoF1T,8e-05,7.66,8e-05,7.65
1KWGNh4goFQwH12ohtRxPi94d5Xt7HFyki,7.753e-05,7.64,7.753e-05,7.64
1cmhYkrG67q9YRmQTSJ5UzfXrMVXYYHSa,7.636e-05,7.65,7.636e-05,7.43
1CjPnBXtm28poXRhT2k3xuyGP71naYWaXX,6.985e-05,7.41,6.985e-05,7.41
1B2ADvFPsFCvgL98W6Q1ALZ454zqU9EqaV,7.472e-05,7.35,7.472e-05,7.39
1GNojAR4qgHiry9MaeCAXJ8k39sofJbCNh,7.203e-05,7.09,7.203e-05,7.36
16NVjPSec1QuEn9gfMvmiKEnmiuZ2LjVS,7.182e-05,7.34,7.182e-05,7.34
1DpG8zyzEoZjvsgSeoQCBqk3sobKYiM9WM,7.306e-05,7.75,7.306e-05,7.32
12CPbrQWbv9XJ2YcYsevMub229MYigMQw3,7.132e-05,7.02,7.132e-05,7.29
1LJE3uAZvzxysQ95YU8oqKLQ3DMVXXzDU7,7.667e-05,7.25,7.667e-05,7.25
19VpQQfycbkHSVFPcM9GzitUVg8QYjXTEY,7.396e-05,7.44,7.396e-05,7.23
14EKD2CBS4dFaPpGi2cqXWSBUdHCvABbAC,7.059e-05,7.22,7.059e-05,7.22
15grYArDtrr3bqFCNwvWGa6upM6qAudnP3,7.311e-05,7.39,7.311e-05,7.11
12P2u8PyFxio2Q53DaF5sgczZ9anxhPWTC,0.00010397,7.11,0.00010397,7.11
18ceD3NCetmco1HmxLAXtiajqFidyNkJfM,6.686e-05,6.98,6.686e-05,7.1
1NQQgj2pPdjQKmEGWRFHqRBojNe1upMaCw,7.478e-05,7.07,7.478e-05,7.07
1MYxCZ8dBgueyjCnHyc4vbFKegBUPY6Jst,7.463e-05,6.75,7.463e-05,7.04
12wvKcDNnxs6wPoeYvX9guD4dUE9UXXCun,0.00010442,6.96,0.00010442,7.01
1MCSvCRHnqdBhym9ithXDDkbKSFAD5p9xB,7.7e-05,6.98,7.7e-05,6.98
1HQYZBxCUHYcnSmZwv2ouPPdx39QdA3isN,0.00010262,7.08,0.00010262,6.92
12QRwuHh1p11bbnN3dR8HT9jDCcA83e25H,7.637e-05,6.86,7.637e-05,6.91
1141mjYxyVrwrDBZTFuYyxPxoBx4gZKD6N,6.847e-05,6.92,6.847e-05,6.85
1NqBXaE3QaVxMeuLgqMW53TYRGzZaMfoiE,6.66e-05,6.98,6.66e-05,6.83
1CRGnjnT2LfKYybvLiBUdRtDtB6W3ETGQP,6.851e-05,6.75,6.851e-05,6.83
15E187GdHxzXb556ukqXzQ9ACmykU9gT7i,9.926e-05,6.71,9.926e-05,6.79
16Mj4E8XqT1BMdmewPh9u4YxjN9r2foYFT,6.474e-05,6.51,6.474e-05,6.74
1GEze4mVELm2mS71gayGe62FpEh2XdPyEx,0.00010618,6.64,0.00010618,6.71
1HU7u2BSd2WQQkiCeRqSSb6eG1CDpv75HZ,7e-05,6.81,7e-05,6.66
1D4wy8u3z85KrJT9vYkFKHcqS52RuVbxNd,6.424e-05,6.66,6.424e-05,6.66
1AiVQaKoEUtNwrFY4VuFgDkb9kj7WjLjna,8.605e-05,6.58,8.605e-05,6.6
12ZpjBzET1kk2sqyWQfnduWShapUzA9DS2,6.865e-05,6.31,6.865e-05,6.58
137HawVice3HyzCenmPjZc7UusCrAFJUyE,6.745e-05,6.58,6.745e-05,6.58
16iFJ3rgkpUfh4RJMfSxamQENiy3ve5x6c,6.414e-05,6.57,6.414e-05,6.57
1ErczTT6ruEzepaFMjfiUfUNUkCLCmhkiH,6.414e-05,6.55,6.414e-05,6.55
1EasKgSWm3kcTze4jRJ1DyZZqCL6TU9PNE,8.514e-05,6.46,8.514e-05,6.53
14ZKCpEeoYR7qLbKabuu19yjnPEQbPhnZB,6.222e-05,6.48,6.222e-05,6.51
1215mkSxyzXxZMZMkfb3v3ApPHcc1JehgQ,6.481e-05,6.28,6.481e-05,6.46
1D6yPxZEbJ4ydy9fewQfmf9DpFFJdSLmzG,6.257e-05,6.55,6.257e-05,6.42
1GuZXSQraZxxDhdcNbZjVi9w1Wnso2cfJ3,6.014e-05,6.38,6.014e-05,6.38
1HiMNwT1x8wC1iwAGcakqw9F5kHw3C2c1X,6.214e-05,6.51,6.214e-05,6.38
1ETA4S6xsniLhis8gDAJTdhQsHp4BH6ZZE,6.355e-05,6.37,6.355e-05,6.37
1EP349bv1hiSiFUYS1qRLkwE97kJF5dZ7C,5.995e-05,6.36,5.995e-05,6.36
13YCeiTzuvp4sC3ckf14L69ijQa83732u6,7.009e-05,6.38,7.009e-05,6.35
1LvmeiFodt7xQZf1jSMo5H4DyD2tT95BVG,6.707e-05,6.34,6.707e-05,6.34
1GEyP14W6TiCuzrSaR1bBSvqDoTwz5AohU,6.459e-05,6.23,6.459e-05,6.29
1Q13euAmyZDgG79Aj6R4YSv8uLu81BpZu7,5.91e-05,6.17,5.91e-05,6.27
153VVKvp6MyRzvUQRYGSE2ywmayZ565a4J,6.647e-05,6.27,6.647e-05,6.27
1FWoLAor4Mc5UMurBWbyLuqCur3ErDFceU,6.299e-05,6.04,6.299e-05,6.21
1TEWm2uSUJ26xNptrg3z7ukwLWuxQQbPz,5.823e-05,6.18,5.823e-05,6.18
1dLG73Xq8BLwE6H611WjVDiTt67isG59q,6.822e-05,6.0,6.822e-05,6.17
12rkgTgyKVqNuEN7oamPftrDu7Gw9YHtZn,6.122e-05,6.15,6.122e-05,6.15
1EFMBYdwVcmnh24MsBNN6sHwDVUX3hKACF,6.219e-05,6.04,6.219e-05,6.04
1NXmTZ2vwcBRYWpkzvwvypzg3iKsUFVzYp,8.683e-05,6.1,8.683e-05,6.03
1M3kVWC9SsAh8cC2Ht9D9DFPzUGtR9wruY,6.207e-05,6.05,6.207e-05,5.98
13gfbZTnkccRoYAMuzRGJqdiJWpizBZKah,6e-05,5.87,6e-05,5.87
1RKj14SGL53axPqLizw3dZLnwJAPisNbL,5.709e-05,5.99,5.709e-05,5.86
1JDDor8quKWUqCDaPH1QZMEneZk2g2jtRr,8.426e-05,5.92,8.426e-05,5.86
197hvVP8subibkkfiTitsrF2StdiAUqPwZ,6.436e-05,5.83,6.436e-05,5.82
1L9Pqya9ijuu38R4srSMoPLCd2YVft5XA6,7.584e-05,5.82,7.584e-05,5.82
1B1BNe6toGRUWFsDHLJusnZVvnZqQPRkby,5.976e-05,5.81,5.976e-05,5.81
1JE4E7YDcMgc4hjuPqceK89SdRvSqgnrAQ,5.917e-05,5.77,5.917e-05,5.76
13oF3YXFNYSU2y2xhHMS8vsD7n4PqjZ331,6.471e-05,5.69,6.471e-05,5.65
1LNAR7sTDvYEQ1KsdThG3BVgPg5yXgJAeZ,5.623e-05,5.96,5.623e-05,5.63
1BzsnqWGE2ZiX5TzW2BYAebfLbJrQ9eBCF,5.899e-05,5.46,5.899e-05,5.59
1LXW2uBShy76M27pvXeGb9eLfUcSB9UjL3,6.373e-05,5.61,6.373e-05,5.57
1B3CWq69SrdfVxP81ZrSgKvRH7RcbhdqrN,8.863e-05,5.51,8.863e-05,5.51
1GJgmZXATrj3Drh3iF8nmVLMQeaYaDfxpH,8.285e-05,5.24,8.285e-05,5.48
17Vnz3xzDeyPrNV7LwRrPF9Pq9Yvvu5rFa,8.161e-05,5.57,8.161e-05,5.44
1HjKU8xvkdvpPTKZ6msd8MLFWfbjdzWAJp,5.706e-05,5.42,5.706e-05,5.41
1FkE4ZgRvxod7kYKvb8zJ5ZYJmfYNuyj9D,7.676e-05,5.4,7.676e-05,5.33
12upA6rQzSmC7amhv9N1EYFZZuNd1jzArc,5.567e-05,5.27,5.567e-05,5.27
19BfUZ42kczk8amaMnrNFUE7Z3hu9bU24Q,5.008e-05,5.01,5.008e-05,5.21
15kbD6zudbT1EBpC5Ujv87zNH9yzgYwr9m,5.054e-05,4.97,5.054e-05,5.17
1FD3EmLU37QGShbmnVWCpGJXD99kE9XSkw,5.008e-05,5.14,5.008e-05,5.11
1CMFoDS2qgSdCyUhB5qJ1cZ36KnCh4HQH5,7.512e-05,5.11,7.512e-05,5.11
16sEG3bVX21YwtJwuxvtt3pQwmtpQNiu5p,7.212e-05,5.05,7.212e-05,5.05
1NQyKhM2rjCtzyTJq3FjAj3ofkfdkXrTQ1,5.289e-05,5.04,5.289e-05,5.04
1Kb8FFBBiVu5SctJvYfkN6Cj7WqaretNzG,5.31e-05,5.03,5.31e-05,5.02
1Ge7gdc3CpGNB8tziiBAsxUwC7oJw7kkEP,5.108e-05,5.05,5.108e-05,5.0
1EzzgCekWQApqrJJDj6pEpJGqeaf3AcR9q,5.711e-05,4.86,5.711e-05,5.0
1JF9cZW6tXfHBpCLCsWvHZsqR1SgnUd4fB,5.081e-05,4.97,5.081e-05,4.97
1Miwhi3BBzRZKDNKeKMhJpiFSrdg4kjfrP,5.298e-05,4.97,5.298e-05,4.92
14jFCibRR9K6LyJXLRoFYcKLFnxquh8Kcm,5.424e-05,4.87,5.424e-05,4.91
19CaUVRwKfvHJdht6zSQBtMPzJzpfNz1cd,5.148e-05,4.88,5.148e-05,4.88
1FjcWQvR9UtQfkSY1itc4gjAoMW4cVfk8k,4.825e-05,4.88,4.825e-05,4.83
1LCw5NMuQL3r4X3C7NLtP8MpBgTX9XJcKL,4.48e-05,4.16,4.48e-05,4.16
19oCH9gZwtwYNkxNiYoCdFeZ66ivMhSfLW,5.91e-05,3.94,5.91e-05,3.94
1PB75gqZQsxBVpXfkRnkt3pBSjYt4zfc17,5.042e-05,3.5,5.042e-05,3.5
1AYBfFnAvtbmuFBfHzaLKkUMyzVE4a6JYV,5e-05,3.38,5e-05,3.42
1AcvH38wpMXjNQw2UxKwUqkhn6it88xJgz,2.547e-05,2.56,2.547e-05,2.49
1JBrKpkqXpbmSinm1TB66FVMAXza7NtMKY,2.51e-05,2.37,2.51e-05,2.37
1JnoFxoD9RANaTYavWGFRg6SFBktvT2Sd1,2.01e-05,1.98,2.01e-05,2.05
1NdGeHAVznHBi1stmbm7kFWxvmT56bwZ4m,1.935e-05,1.96,1.935e-05,2.05
1NV2EM5y3ttsa5P9KdobmJ8xK6HDme45ML,2.532e-05,1.94,2.532e-05,1.94
1LKL1ireK4MLp8UVTgR3zXBa7oNTF5rR9i,1.916e-05,1.87,1.916e-05,1.88
15hWNp3WheA9Pc6jCixVKnzk5ydhV6Grtg,1.028e-05,1.0,1.028e-05,0.99
1DuXMJeBX4VxTTAX67KAwpVhETzFgAKGtS,1.025e-05,1.0,1.025e-05,0.99
1GNxX75WUYfinGzt56XjzXHHBMME3QQjNJ,1.025e-05,1.0,1.025e-05,0.99
1KWaHWNC2kvQMnPjER7yDjUcFo36jGTv31,1.064e-05,0.99,1.064e-05,0.99
