address,total_in,total_in_usd,total_out,total_out_usd
1Khx1CKub6MqEk5dGou2QrU8hPJh9FwsHV,0.03274,3622.58,0.03274,3616.77
1HtWSzK4jmRXtPznJVdxtbJGexS3WyGiSo,0.02834528,3143.36,0.02834528,3168.79
1FDssUy6zx8GSV4TXdcBS3TzBR2ym9Zzz4,0.02661397,3061.29,0.02661397,3067.58
14BA9oNrz8xPsq6YMVajh35JRHk5ndgEZR,0.02308122,2583.0,0.02308122,2583.49
1LPdz3pYoE8UyjYAUuSrcGADzeKc9mQi6p,0.01888984,2200.97,0.01778661,2066.55
1BBkGqqXKPUzDfndgZVtFTb9jQWGteT2pL,0.01999591,2311.63,0.0164522,1877.75
12NTJDRnT1ctDPQH6kZLz9yHZj8VHH8qcv,0.01468863,1631.49,0.01468863,1631.54
1AwDqX6oCigFXykGbKutiQ1PTSbCopunK6,0.01465399,1626.56,0.01364695,1510.9
1LihbUFC6oHSnGUrPggGkNYUPek3pBGeTx,0.01284802,1448.41,0.01284802,1450.47
12ktpYEDeLha5YsyKW23f9YJPfxc8kyp7T,0.01198213,1314.32,0.01198213,1330.48
15NziKjxcfBp3AaJXscMwY3o7LiPhfGx5D,0.01378926,1594.79,0.01063985,1215.66
1FksPUgVhJTzmDrHTYuCxwuJRBu7D3pwFy,0.01120247,1193.63,0.01120247,1188.69
1QCPE1jYB9N4WUYfaPpgCNHSCmnT8299j2,0.01043276,1156.16,0.01043276,1157.16
1JTPX993mKxKVMbWjCT2hszK3u2iP1CqJ7,0.01047576,1141.74,0.01047576,1145.47
1EJ8ZCNVxjFXK8rsffZ1U6DvkfngRpwcgm,0.00902919,1026.94,0.00902919,1040.73
1KB6i4U2vGjYjdMyMwMK2qvK1szb8oQ1jT,0.00920316,1021.3,0.00920316,1020.33
1KJRQ8WgW1jVPk8BddxtRudpg2k1veekyc,0.00834527,972.04,0.00834527,974.08
1248C6Ba85i3nzUDpRq9eNxNqfzLfL3Kdz,0.00869267,967.41,0.00869267,963.09
18ymmwRkqEemC7U5uzGvA7aAqHezm5r9kn,0.00794299,840.12,0.00794299,838.45
18p4UB7BchzpbFXsNgQvBghKwEjjMKJDoG,0.00783663,842.31,0.00766407,824.19
1JS9KUTutocNN5wNZo8ZTRUmT2KvecC7Qf,0.0073983,787.32,0.0073983,786.61
1LoLmw71zyKQ7wu5uh6jCWFvPoMW1jFA7L,0.00658326,772.79,0.00658326,771.49
13KWoybkQG6UwnYr3ffHd1P4XY1AAXHGmJ,0.00727669,813.37,0.00678217,757.42
13R6bQX5NeQoAPtoJhqLzyUEe6xrEcr3fJ,0.00713933,801.78,0.00666961,753.8
13JkQdo6XBR7hZ4sJEpC4uodkGKdJJN3tf,0.00648196,749.1,0.00630548,726.08
1JvwZ7SstneWoBYrFrkCSFMSHGv676ZRDt,0.00649084,717.23,0.00649084,719.79
1KJwsa6qSgELqk9E5CYM8BaoALpkPbAhRb,0.00615022,701.9,0.00615022,699.99
1B162mhsnVVYvRUAjVymsRXTny3QGDNeEM,0.00606415,700.19,0.00606415,699.34
1Jx2Z4Va2hjJ5JWEanhCvVPcKqHWUHzsYf,0.00639022,677.18,0.00639022,685.71
17P2RF6YuvDRaxQsv9AFTpMEeLuHcY5aWU,0.00641856,716.51,0.00601899,664.19
1H5nVSKiwueQGFFWJTY7V7UCxTiw8SoUYM,0.00605684,657.28,0.00605684,654.04
1FP7SB1a43cQ4i3QUUSgNTVwAycm8AheXR,0.0061954,723.0,0.00536674,639.63
16SvZNMpyjFQnBYKFeCY1VEPewdVEBQVJM,0.00570262,627.83,0.00570262,636.77
133Wuyc9XGVRAsW31xbKRBwfJNJXkvz6bH,0.00551273,626.08,0.00551273,625.72
1FqdrjAoeCF1fJYGQyzL6skfkgB5xoPon3,0.00554151,619.96,0.00554151,624.62
1Fmn4jNE3C14AykyeXp6LSvCqyCQ3TXs6W,0.00627752,696.16,0.00555932,613.43
18uMye1CvWTuQLAXnpzV3pZK2Pvd8cvkeQ,0.00539106,600.93,0.00539106,603.95
1L9YpkZrPBd4WbPPzEfn9kvZkqDyJuVtEZ,0.00554727,592.11,0.00554727,594.09
1NS7WmMtKG2xyei9ZGbPD3aae6wN6ijLaM,0.00507615,592.23,0.00507615,592.03
1LKVFxyu4D6esSEf2nZwpHj8PvJdwqNmY3,0.00550253,583.01,0.00550253,588.92
131QrVZeftfbEF8U5aV1sv2nTX1gtuNrrX,0.00598658,692.19,0.00512786,588.22
147HcCJvQbrehvTgtLZ9MSDjDh8eNmNN69,0.00507032,584.34,0.00507032,587.53
1AVtSB22R2BwHPnAzsK6TSewMTCdhGFQnW,0.00513121,572.15,0.00513121,569.89
12mALKkseAJ5SyVhdthngEqHE3L191wTG2,0.00500479,548.02,0.00500479,551.32
14zXnm4W8zhbYgwVWsWtA8Rge6Krb5XsHC,0.00462376,548.16,0.00462376,544.84
1KL35TeJRS41fN3nCA1B49YvDrQj6ixss2,0.00469045,542.67,0.00469045,542.36
1PCSoJ3Lda7iZJRUf118PgAaEeP9kiLNL7,0.00479797,538.27,0.00479797,536.28
1EqBK9zkVyaes18man5QpMUfqQxM7bNRh8,0.00497541,564.14,0.0044888,510.95
1GgA7mWrx8KKzyY3PyXBq59HuXuEWr2bhL,0.00457637,494.18,0.00457637,494.18
1HViTMZW8DFtCSRowFU6ebt2DC5BmRKUbm,0.004628,532.69,0.00412684,491.02
12WpfTtVDtCy1obJ9MkDnQgrXgqLfneWJn,0.0045655,494.39,0.0045655,489.19
1MZPqHbwUbGNJWkNMRKiSoqXUzx8Vrgaqg,0.00441202,485.61,0.00441202,485.79
1uFaCjtypDWDXKNytNij3o6NsMro18vSH,0.0044375,479.81,0.0044375,481.08
1L131JCnnPF5emjJFP2HJncdUUAHAgtsLU,0.00435637,475.8,0.00435637,478.39
1Mdie6WEo6WiTRc3CNoPaFfdeLBAdSPEnq,0.00426044,470.04,0.00426044,474.8
19LRVmZQXK7w28izuAtPeNV6pYHBDEEJiD,0.00429016,476.0,0.00429016,474.5
18R1ReuXWDbwKTFg1knjab8urretT9BZT3,0.00441382,473.82,0.00441382,473.03
1e2eUDys5Sukfh1NMRdwyB3fUH1KkH6AW,0.00411998,460.94,0.00411998,466.27
1PBWpv6zEKq1fM4YqkEAAiYKEQdjzf152t,0.00390938,444.96,0.00390938,460.68
1NmwjXXSyyETSp2bwFtA4g8iG65e3wcqht,0.00392161,453.06,0.00392161,460.55
1FqWGuRjM7J3Sv9T54B6ngLyDXoyBJeARC,0.00410445,465.93,0.00410445,455.96
1AnWnBXjurct9H91EYRgbpJe5QBuS12ufL,0.00415052,454.15,0.00415052,452.97
1BbmLPgrXB33WTk5XtEKBuaTkubUgRub7U,0.0039206,445.24,0.0039206,444.36
179zh38MKgcbh8GhrhWL7p472DiEZUhFgr,0.00404585,437.58,0.00404585,443.35
1MfKRgaJurbM3qmWCBU5H4CeYTvp8HDxvS,0.00417083,434.2,0.00417083,431.71
1FT737t7z42zpSzGXD1TBi5aev5ezAvyis,0.00399762,431.09,0.00399762,430.03
1LedhwJvvooVXumjqaUvpLMP6jg37qoZ5V,0.00386104,432.05,0.00386104,429.65
188LatfiSqpMpqexnLbww8FiZPEkbwdRjV,0.00362257,429.36,0.00362257,429.36
1PHg8KGRZrcUg5yL2QftkHjWoEZpNA7AM7,0.00396346,423.3,0.00396346,425.86
1QAmSM7PGcvDcy3nftg3owseEe47GvhjPr,0.00356436,411.02,0.00356436,417.63
1CC6YKG4ctPeq2vb1kSvPrZR6Jr7d5Ajbs,0.00391926,417.04,0.00391926,417.02
1Dn2g2twLbXXrnCTnNWvnqoKfxKE7WUbEY,0.00363078,408.73,0.00363078,414.41
1H9YQnMcMiptVb5PstZYeZSR86XPvfs9eD,0.003697,398.47,0.003697,411.88
1EzbDqYqX24iriVqDGTeG6KBAqSt6c7xxj,0.00379792,411.33,0.00379792,409.7
13K4YYEpjLqkrjkSdjoEx4MjtxD9VFYpRx,0.00352644,393.36,0.00352644,406.49
1AKTyH2LsmnBi67L6SqiRB4MxHuw3xdCoS,0.00353717,400.59,0.00353717,399.87
15VzhY4xRBer5Pxgs5rtkXka3SKUn2s9j3,0.00355782,398.36,0.00355782,397.88
1KKCp3UGFRkouvZdiyw9VqFbUcpxgxW7bg,0.00331847,392.17,0.00331847,392.99
1PVYoGveGpHEpnVspYrwFkBbLngBv7TN2i,0.00352359,393.55,0.00352359,390.16
1A9Ygqzzv3Ng8bWwWEx615ig2YZaWb8NWK,0.00346559,389.59,0.00346559,388.33
1LnvMydkJdXo7Ean8hGE7Y6pKHFHcUenvy,0.00341434,379.13,0.00341434,385.45
1FDSdsyoCcA6VJ1bk1VaAPPXUBjqBUYDxe,0.00336663,386.74,0.00336663,385.36
1Gubd9MvDFXa8oosHa6xe5TQKgnSXMPL6v,0.00325,385.94,0.00325,384.02
12kQWtu2gtMNHY6146N8t8tAPwxDca6JKd,0.00331676,388.59,0.00331676,383.82
1ETtDN3rTF6UryYpRU4dGmsP2VY3eBQ5zZ,0.00414955,481.86,0.00310974,380.11
13AoWUEs45kzGR5kZyVVSa69v26SDdLqgZ,0.00314927,373.77,0.00314927,378.33
1GTCsHF4YxQaQkF3ggCvEsQ8gzCxKSdDYa,0.00341894,368.4,0.00341894,372.92
1BzuSvDpqB8uobhmfTqGmv12wbbFYW98Wt,0.00322318,355.16,0.00322318,371.53
1KTrDCk9avV83UHTLnneJVqAuV5YGhVSg7,0.00310869,358.59,0.00310869,371.14
1MYZhsA73MV3DiaRqqNSJxzhNQhAjZAWrs,0.00357619,370.16,0.00357619,371.08
1noSczzg4f6NFsrPYob5P7ts8tnPkhzmj,0.00331447,365.75,0.00331447,369.82
1B5SqHnQp21usghT2NCVWTxXBKnhjKY4fp,0.0033776,366.59,0.0033776,369.0
1Du17QLaCCUswfPLhVk3zuZ1KNjYjJMc2J,0.00338,362.84,0.00338,362.84
1BH3bucD8jsHjhDMEvFyXaamChSQYTZpdj,0.00322347,347.99,0.00322347,356.41
1HG97S7mSkpdzhq4eGFzPaR7JVy8duUDZS,0.00325765,355.12,0.00325765,355.81
16iqySKafrhU3SQvbUcvubK9NJb2Pxm2Jy,0.00321891,348.44,0.00321891,354.69
17v16GUynT7ZjNq6LaguLRxw9TsitLKctp,0.00305577,342.44,0.00305577,350.0
1L6fZcdVshDK38NydDUQ5U2ExEgMMe9GGj,0.00308442,360.75,0.00308442,349.92
16HfG8mekp1FjwPnLLA9g4sBWqfwc1XQcw,0.00308931,348.65,0.00308931,348.96
1Fw8vW3zWg7g5dKu9Wp9e31SfrHSp5iQbj,0.00325863,345.09,0.00325863,345.87
1NY9ffmjj6RkhkkDMFR7n9vdCJcnC3k9gs,0.00316424,344.09,0.00316424,343.47
17Emipi3FNNVriQVyyMr5X4m6ry22eKZCM,0.0032746,338.95,0.0032746,339.78
1Cq84KmqZZkSUBov6ojwG8nEjEi7eR5SQG,0.00330535,375.81,0.00301728,338.73
1PBetUp2k6CXXFaxxyzgkEtsY9dzW9SSgr,0.00318811,326.45,0.00318811,338.2
1QGs8APgqkcK2AEccDReTuffaRniS5WZEs,0.00317922,336.9,0.00317922,336.9
1Mv3Q4VE3jjmY8czo8osM5zjcQdNXp9Qns,0.00312258,332.67,0.00312258,331.49
1Dr7it5YqhjEUFHVELTdh2pwpC26th4pR4,0.00287798,328.69,0.00287798,331.13
1EUAjPQvV8GVMEp9KDySBeD3qPGdWmf3uu,0.00300484,330.39,0.00300484,329.79
1Cg7HXnDmdU83udJBqDKh19onbxviBFZ8G,0.00290217,326.48,0.00290217,327.03
1K9C4kLYvTss6ZLymSqPrczu6Az6tvUbwW,0.00264441,296.17,0.00264441,326.54
1NTYQCTn3vjwf2UePBZfehv4inELHznESg,0.00300586,325.93,0.00300586,325.57
1PdkKU3aH5eC99vXewvSGEPkdACPh1PsJv,0.0027185,311.9,0.0027185,321.43
1G89XiXWDSDiQ8QHua8qyxxH8AegV4LSTa,0.00270071,319.74,0.00270071,318.79
1PZ5eRCYzzU72fUv9H3TdhpBDLf2itwFqk,0.00285332,303.94,0.00285332,314.62
1LUDdfZrJKJk97xtTkohsUxTraZ72Y9BRP,0.0028971,304.95,0.0028971,308.33
1FQ6snqPgwap8XuvNNVPgrNwdb4Sh98trY,0.0026888,293.44,0.0026888,306.66
1CFBJBYrqY8K8UjPDuJZ6ywaqx5uc61cwJ,0.00277093,303.77,0.00277093,305.63
19DKKffr255CB4vMiGQgoMLyiQwAegpB2m,0.00281208,304.15,0.00281208,303.41
1HAV419cWsfJfugQKuR1us9cEAZaJ6m6U4,0.00271655,301.51,0.00271655,303.18
1BnrTMEYHKK2ma74QNG7QkPAd9ALQD4K8b,0.00277381,301.56,0.00277381,302.71
16FmJE3kdMJdEF2YMkbYRaHNMAucXGqFRK,0.00263616,289.02,0.00263616,301.34
113xDwA7C7NajWGhBFkpJXSaQmpsSMLe8f,0.00272773,300.77,0.00272773,300.8
1EeEh85aTfGS6mLqaZdKiwx1Xv4rKWYYTo,0.00274689,298.28,0.00274689,298.11
18wGmhBvG1799PV6HYmm4d9h2ztYKreaex,0.00262271,299.22,0.00262271,296.49
15BdXUy3gJU1LvsFaB4r9ME1HjXFSFSoqv,0.00253992,296.72,0.00253992,295.76
1HkvQR8icNKrKp3jLZ5iBiaTkunSd8eY16,0.00257628,298.29,0.00257628,295.64
16DmRaZaX88xyroiKoVZG59aBGTTQYkArQ,0.00261519,291.89,0.00261519,294.27
17oW9GrwpAHqFXwuyuNSEJAqoXhhQbT4AY,0.00273499,297.41,0.00273499,294.1
12gksu1SXA3LXcopjhqNiyGpEoUQ6qkrZN,0.00249333,283.05,0.00249333,293.24
1F9p1VipJTcCT9icK64BguxnzdYYZ8G83F,0.0024918,291.01,0.0024918,291.72
13XnDBgiQLcs2tgb94Lvi4VnNVYLWaARyr,0.00248529,292.41,0.00248529,290.85
1Miu8Bn366NmUtNMKt13w83pdnkDWUzP2L,0.00265801,281.4,0.00265801,290.83
15Yu72iFrNiLU8En5jJP7xRpNMeKC794aP,0.00280224,289.93,0.00280224,288.99
1AwsjX46pmSDVLWUY5AbQb9RceBKBqTK2k,0.00250679,288.95,0.00250679,288.86
1FQJ3fiURfUiJDymMuYk6BqSswTnhAQKjr,0.00272592,288.04,0.00272592,288.43
18RxorPohUk5juXxFdWqyM2DodMJRtb9es,0.00293396,340.75,0.0023788,287.9
1MPZttfsUrDpAZFwoVY56x9nVrL63tiCuX,0.00252105,286.32,0.00252105,287.46
1Fxgn5bEvxsWHymztQGUs33RkPwH7N6FnN,0.0025428,286.21,0.0025428,286.42
1KdHs2esGxhEeg1eFCKzmMLuwqvRjkm4DW,0.00269273,286.87,0.00269273,283.48
1NAaDd9jSvSoHnA1gWdvfcrMekz1VCg4Nf,0.00236935,281.44,0.00236935,279.28
1DMpqeBRUBsavhcUC9eKqL9qMGWm7247Nz,0.0024,280.29,0.0024,276.56
1P7SrkFPKj7G8sx7hh9VzYrjmzjSJ97Jw6,0.00317684,376.27,0.00229069,276.4
1CB85rvVj5ZWKhDJxLgXudCfiA4Ne1AVLr,0.00244632,275.06,0.00244632,275.54
1M8rMq7SETrcLyY1DH313ij4zfA9vd72Lj,0.0025659,271.73,0.0025659,271.95
1DZMTCfAP6tzSx9UE4oePbirb8HwN7e23B,0.00253043,281.42,0.00237016,265.35
1HhN7bf5YRPTFfjVKcdHtevoDUoKwGqHpe,0.00242904,264.9,0.00242904,265.15
15y37UZn1NCKqwTjxTBgLYXXk7Rc698MhV,0.00214868,262.64,0.00214868,262.64
115vqZKRq4x86rqGWGzbNg13XvdhSbkAcp,0.00231648,261.51,0.00231648,261.27
1134dgxbz2iPUSUViV3z5CuAMfXr5Nb8Kz,0.00238295,261.31,0.00238295,261.08
1KbqhyFTtdDhymqdzBFspVVtimds6UCXmL,0.00226814,254.43,0.00226814,260.5
1MKDbFmwKVbTNq1KBYfYaJMiaWXhykBot2,0.00250564,261.38,0.00250564,259.66
1AnCXZrmAE5qzPSMWb6mjzvZUTZD18uWkJ,0.00248471,259.58,0.00248471,259.08
19CFwDyLAkVtDr7b2jSxg8f3PLVZuXNFNd,0.00223179,260.97,0.00223179,257.67
13FXWusC5KtYWcCKsMpMcRU6j5cfBoaadu,0.00244736,254.44,0.00244736,256.44
1PsY7vNkL2LgpqG4WeUG2CoNKawK2oH4Rk,0.00230144,262.99,0.00230144,256.06
18HUibutAgLGj5XB3XtrmEK1JujuN3HYHz,0.00226233,252.64,0.00226233,252.7
174eJpij1eMqmuBzH6r9u3vxqM62MQcmsS,0.00230463,248.11,0.00230463,252.54
18WcmJQdSFRHXzdHsTnoeQvnsNjNRTovPc,0.00232343,246.86,0.00232343,251.38
1NgTJGEp6efV9ikrLc31unnboghGoLiwei,0.00233796,251.29,0.00233796,250.27
12RAVP3jtgV8iCK1CJXGuei4eKa3whL6jV,0.00215308,239.29,0.00215308,248.1
1FeeMosqiYKA49pevbH2GoEaow5EXSChvS,0.00228152,244.37,0.00228152,244.01
15QSfGHfios7bPsMkfKLvwE5HRfFaoATvH,0.00216825,244.21,0.00216825,243.85
19EfXfLrqEWNSYUhAtL8Ukjty9joEjrTGA,0.0021559,245.64,0.0021559,243.45
1KGEPhFxj6wmyfsbeeYnZ8kzTn4R3iAboB,0.00220114,238.98,0.00220114,242.72
1CVCKjvgpmW1LdXH4165iAcT6h3iEQ3QUj,0.00223294,239.59,0.00223294,241.95
12s7Gdr3RoiaN7kBjGuNMw1EgVEZLpZKha,0.00231025,246.72,0.00231025,241.54
1Jx6AvXVdtGfJGYtHtPbmLtcJM5pbzau9w,0.00204248,240.22,0.00204248,240.85
1L1sJRLhHLeUxVrjQGeJeYMHCbHodsCwD,0.00223263,238.6,0.00223263,240.84
1CHJup6J8n36gUPv1qvjuAnsiL92EBqScb,0.0022088,240.81,0.0022088,240.45
1B8upYgBLHBXcqtPnPszmmfRtAaD14J3CA,0.00224116,240.43,0.00224116,240.38
1B9X2zpbSWUs7wqmYXaML8RtaUR39vqz5f,0.00222694,239.29,0.00222694,239.34
1DH63Cauh1mVYsHeMpJz4ExChVJ2XAAV8E,0.00216619,237.58,0.00216619,238.52
16tD8kVsKVSyC4bNj6a8t4iW4TVHgpYxfz,0.00207906,227.96,0.00207906,237.66
19d2M6QrjAHoiUyQrQ3pgE3p9h7QEicmtD,0.0020247,238.59,0.0020247,237.66
178nKinn5w1hZRodS3Gry9RWKDaqTAQs3V,0.00220306,237.9,0.00220306,235.91
1Kaa4gVrY51iZi1qhrWKUdCas6de157RjR,0.00234404,270.99,0.00197096,234.66
1DDHdfYjruYXy6xyBX7c2ZAauCU9sSUBCX,0.002172,233.5,0.002172,233.82
1HhgNmaGJaMBgKVXzCbbfogzrvEaSSEbyD,0.00248482,284.44,0.00205424,233.76
12ByzbEk42WHaw85m1CvTWk5WiWJdDnwyM,0.00200905,236.89,0.00200905,233.75
1KH6gJMUNL6faniAgRWZaS1nRWraLT8ou7,0.00203392,232.8,0.00203392,232.79
18KdRFY6C3BCZQrQuXLWPwDGvtQaMvfsv4,0.00216304,231.76,0.00216304,231.76
1NjAHYXRrGw278jU87HUDGjrKCNuLKTX2Q,0.00200001,229.8,0.00200001,230.38
134DyjkVcVYJLj4T2YRBxEygS1MJehgGGK,0.00201972,225.11,0.00201972,229.62
1ME8vjV2cQKbdM33Bfrew9gCDsXQuDFsEf,0.00211655,229.34,0.00211655,229.34
1EFR6tBphZkrvHM5VbPPkUYtpXuvQ8pyT2,0.0019725,229.02,0.0019725,228.97
1NNkDfM94Gi4agWtduks5arcQSYff7sRam,0.00197,232.15,0.00197,228.06
1DtvhCdRdBR6ddTAfMg9GAixjthfh1iQPp,0.00193755,225.91,0.00193755,225.35
1Jo26QAEdMifxi2v2oWwyyZ77T8RfoFuLi,0.00217614,225.15,0.00217614,224.42
171tZVpHu1eJpDUsHn4V2t4LsK6VX5qtnZ,0.00189265,225.56,0.00189265,223.19
1FgmRgk41zpQfMpB2zQpaxNhmqtGAJ8rSz,0.00208532,222.64,0.00208532,222.37
1J6P4kGPwN3SohCtDFtEfMjEfygh8kfpV3,0.00212808,222.24,0.00212808,222.01
1AdrvkVSx4yDKTYEKMXDLQ8s9Cr6Y6ri4c,0.00209204,220.6,0.00209204,221.99
1NtGDe3rJb72xo1LsMeYiKpBTPmbP2FDd8,0.0019757,221.54,0.0019757,221.78
1MveP4iNVkuJJPkZoSRTemL5YRpAj4WCDs,0.00189662,221.35,0.00189662,221.15
15Ep3NGPif58TJLe23ZZ9dLiQTfEVQ49pU,0.0019,209.36,0.0019,219.01
1DvAgJFANB3Jh4tWGM8EnRdMZgSybwawVN,0.0018077,206.67,0.0018077,217.57
13N3Qio4iyGWCSinq6yZaQRo9dBBsLpHQW,0.00186974,217.86,0.00186974,217.54
1JNsinDfH7SJefBJWXSGqD5kGqobr1M1pe,0.00284953,334.66,0.00183709,216.35
1M88K7WxGz4aTtBqakguXjnvGnHj7G7ZgK,0.00197526,216.87,0.00197526,215.89
1BhwPMtHDDfmLhMod2f6hK6tj8EA1qvDgM,0.0019083,209.22,0.0019083,210.94
155kVsFfmMedcXobg2hn823qkHB3VoQKiE,0.00190017,218.52,0.00175094,210.67
17M7hfnXaVBNGEzhtgDC3DGKWdBVMA3gbA,0.0019687,208.73,0.0019687,209.79
1DD9qoX6WkBVvWrxRPka6QbzxvryjnVRyn,0.0018444,206.64,0.0018444,207.63
1LzXVyivvwHHNvuWCAG3fZdYHca3RsEuBM,0.00177838,202.81,0.00177838,207.55
1A6iWXxgqCXhWT2XtDAUJ7V2bD3GDkqrA8,0.00179043,205.6,0.00179043,207.14
1AzdfQuJBEkQaJkmQyWJjDbjAa8v154hCr,0.00185239,210.21,0.00185239,204.11
1JfhAbeaJHBC7PN6QKuCfZRGSGg5pCKr4M,0.00174147,200.66,0.00174147,204.0
13C5NutLrT1fUnUqsPVCZDzPNtgeywzRvP,0.00188329,201.52,0.00188329,202.54
19oVGGMcjNUgnHHdzKRZQMXtiUiooZCmS7,0.00188392,201.48,0.00188392,201.48
18MCGWEpa979iP4NPdR6iZxEQknVpCeYDi,0.00179645,201.74,0.00179645,201.4
13f6s4wFiMtSBHsBAfKMN4gvZTT9tH4pUo,0.00177758,199.64,0.00177758,201.27
1NeMaoo5ZmxBdyme7CicR4JBnwFHhxBNA9,0.00238243,281.4,0.00169379,200.27
1PEK3Tpzigk9Enr7xDjPAiBwpiwTEF1P38,0.00178907,194.88,0.00178907,199.83
1K3AKPQKP9FuLoz6uZJCLCv2EMUEzgAiee,0.00177956,198.11,0.00177956,199.76
14nhqWJSWcroDBh9ZCSgBC6RGBCDGkMwoH,0.00180932,198.56,0.00180932,199.37
1KqTCNeuYGZn9NPe5vXDzrSub4CkGSCn93,0.00171398,200.16,0.00171398,199.21
19za4YwPngJf2veq3rrMj8SzvePVUS4Qsa,0.0018308,201.89,0.0018308,198.91
13vrvcHrjrjHpRTot4SM9QYFJFW3ozYB5A,0.00184649,196.78,0.00184649,198.21
1JT4wbLwkTi4ueXMSpL5EoCQE6CJJ5tjmt,0.00184941,198.14,0.00184941,198.14
1HP1sgKbzciw6gjw7d7b9ewTQUP2G8p8Sd,0.00172783,199.79,0.00172783,197.51
1129wdWxysgksDorYgHLoptCqaaKm4SH1Q,0.00159166,181.38,0.00159166,196.54
19tvAwVRkBxLxAk6CKoFHGJxzS3RoBRUNf,0.00166633,194.92,0.00166633,195.95
16ZZxSHK3u4g73F9bREWANwvhMxWK2mi45,0.00163833,192.31,0.00163833,193.88
1FwVa4LmpW7QWPFpZeww8uegueP9xTuFdy,0.0017646,192.27,0.0017646,193.28
1CVQ1eRaMHbMGLpZUeMGhK2SrvG679Mde4,0.00167662,190.34,0.00167662,193.26
1NoBwEAUrAbwzQMTuyrdw9GtGHDkzJKUxU,0.00167108,193.71,0.00167108,192.62
15J2WLHHk8sUxgjTDyj44os9C58oJk4q5y,0.00182248,194.01,0.00182248,192.41
1BcrC3V379CBf8PyPr52ocC9iL62rJYujb,0.00180686,191.65,0.00180686,190.79
14Gh6Qk8PeZ2qFybsp3ZYXeJa5w8nmq4Cj,0.00176517,189.12,0.00176517,190.4
1HXHqKfCC1hWz9oTVRzSqrtZsW8we8bkLF,0.00165577,190.35,0.00165577,189.13
1E1cME2mNynRi8PCZPR5o4xYzWGr2JMugP,0.0017155,190.38,0.0017155,189.03
1JqxSLd7wN3J4FaK4TpEYQrB7CeXXkUZka,0.00157866,186.39,0.00157866,187.51
15viN5ZPQxzTZ6sDjECsBowiBA6ADhPs4c,0.0015881,183.64,0.0015881,187.37
1ELXdaAfxaNN5yNFsveWn8BvG7XKEHSdSy,0.00165677,185.36,0.00165677,185.97
15oq43LbqT4fm8FuuFKNBshymHb42nCByZ,0.00164735,179.79,0.00164735,185.05
1G4uXaPioDwSPkhnvVuWdFqtvKRV8A5G87,0.0016548,180.25,0.0016548,184.07
15zyXtEbKHpqjoqW2enS77EBPpPGgJy7me,0.00159717,175.85,0.00159717,182.96
1EUhzaw1csKVEQKqnbMe5b3wTQZdJVUFse,0.00168344,182.88,0.00168344,182.58
1Cs6NJB7mQQQJq4a4KmY9iiMR69QGrYmso,0.00154179,183.72,0.00154179,181.77
15VTDgn2hk8iRFeW4xoukpJizNCEmpH8td,0.0017152,181.2,0.0017152,181.2
13FiNxLWHc9ccYtiHoi35szwn7aucidLUJ,0.00162236,178.98,0.00162236,180.35
1ASvQqeUXQMCMQ3LDPxWXMHdFvL1vucDnb,0.00166807,174.97,0.00166807,179.98
1PTd4mB15yUQT2yXpFYT2zhFKu5ddHJaQ6,0.00166398,177.86,0.00166398,179.16
1K4KbuQGuTPSrrqKPK9QmMoNJqmrLBuLsp,0.00163978,179.45,0.00163978,178.63
161b2aMVpbK9H8kmi5GUdMoiFh8HG4kMai,0.00154264,168.29,0.00154264,178.51
1N5cNSqjEQk7z1A4h5qtYD64N6s33AHdz4,0.00157281,179.65,0.00157281,177.65
1CzowKhYEYaW6yjfcAv8L8b6cmERkrLw9r,0.00151953,176.77,0.00151953,176.87
1BPEUzibABr1SJyouDjJqgXuV5bJVdKdVU,0.0015815,176.45,0.0015815,176.59
124FVjpPdbMdynL9AKdR2YYw1SgGW3ct1Y,0.00156179,173.61,0.00156179,175.3
1GxFQVDyHqMcUFeNTPv7j1U1MEPgWPuptA,0.00180179,204.35,0.00155355,174.89
1EMDqbMDvRe7VbcZQCkDc72DgSNZy6rR5K,0.00158431,183.71,0.00149506,174.04
1KfsLRTvqJsdcgrbRGxTvdo7ZAqZGePHad,0.00146463,171.33,0.00146463,173.0
16cfQDMEgs6GCe4gZ4jgTmqeTrH8puQjrF,0.00146976,170.74,0.00146976,172.32
1AqdF9jkxEzVmNrwWW2QZGomoR6M1PLDRP,0.00156794,171.98,0.00156794,172.2
1zecv7KFDhCQEwoEmSwBXhjDKEuT8F81t,0.00148148,170.77,0.00148148,170.71
1KxtR7CbdE55yPkaLKUEdWB6SngtkkPVre,0.00157547,172.05,0.00157547,170.57
1QBYRDVYFUf1vDWrnJxQtscixcukyFv4nM,0.00161929,170.29,0.00161929,170.29
1EZa5mt5wXqsRoMBpZXe4usM3GGrP9GxkQ,0.00146966,169.24,0.00146966,170.01
1GjHUwqBLvEiVz2NMFJCKdrdrH7WEMiASS,0.00138937,160.5,0.00138937,169.16
1Cbqw4ymYFtTHR4YRCCRY3dhxkpPtEKu9Z,0.00154124,169.09,0.00154124,168.88
1EC2yAscUe4bG9o6PKTmvfMgo2hxm79tnW,0.00156682,168.53,0.00156682,168.53
1BfJoUHvMp22K5SBT9naf3DnA8StyfGWek,0.00164789,189.22,0.00148314,167.46
1CjV8kQofM1rXk3ZdDkv9xSToRAXGwo1be,0.00141855,167.87,0.00141855,167.28
1KYU3rmQ77LXn4wR9JNAtP98GTgcV1WC1B,0.00158,166.92,0.00158,167.26
1G86HFANWKHMDfTe2MiCdVCRU3VTKr2VMJ,0.00150741,167.69,0.00150741,166.1
1JmrjoFBCMEKt24hWvi5fkM81N4ggPt39t,0.00152803,164.33,0.00152803,165.67
14TEaNvmM11fGBBVbbc6LEwRU8pZGx8t1a,0.00155424,164.72,0.00155424,165.64
1D3dy7P8oE1zEk3qabE79iK2JWdyEMozFQ,0.00140723,166.13,0.00140723,165.25
19rQsUduB6viU1MWbNqs4YHczS7KKeFWHt,0.00147414,164.45,0.00147414,164.99
1F1AK4TGNhKJUhUCBngVUmQjj4vP4E7MTk,0.00142339,160.49,0.00142339,164.57
1HqNoaAQvgVfuS2ahMgM59dhJtKhUeeoK6,0.00142698,161.54,0.00142698,164.04
1CGJWG5WrJumm1T5RFf9wbLDGqZzUrqCop,0.00140245,163.97,0.00140245,163.14
1LiWwcwZhdzwmbrW8XLVJWhbPNSETQtj1Y,0.00157948,162.89,0.00157948,162.89
1NzuhGnmw8iLSSXFvzh11QLRWAvb4Gncpn,0.00142556,163.63,0.00142556,162.77
1EE6eUaSDCjJe2FiA5Dbzeb5e6GaydY6jp,0.00152419,176.6,0.00139697,162.24
14NP9PP1RYG9g3SUSFAvHk52Y4NWXzj1nV,0.00145205,157.18,0.00145205,162.2
1EUvfA8ze5JuHFPLPid79LX2NsZL46ypfe,0.00150232,161.77,0.00150232,161.99
1HRHPEbxmpC2YLcxNxUo2YJAQqoxdScFd6,0.00140787,157.03,0.00140787,161.67
145HuWUUPxKJAfDEf8nZ3ToodzyGD4nTGD,0.0013754,161.29,0.0013754,161.44
18V1Dz2c2mHMW2SJUQ5fyNedw3UQq8Ncnh,0.00139767,158.75,0.00139767,160.94
15PCr548ogLi9EhaLWiFv7pzJPA5eKGuVV,0.00139116,157.62,0.00139116,160.36
1H5rytsqpUvh37TZ8MYNX8owSqw3fksArA,0.00137345,160.58,0.00137345,159.88
18GUFgEFhjj5shQqWXK26VEyYidfgSBnpJ,0.00128104,151.74,0.00128104,158.19
17QxmiLgvLETAgJcceUtsb3XHkQPHomF9j,0.00148431,159.27,0.00148431,158.07
12r743rAkQPYMp33y6EbdPX36aV2NqmVkq,0.00140771,158.77,0.00140771,158.04
1LMdTCtFEgXiY8kfcYeh6gBuv5XjBtaoXc,0.00132277,156.15,0.00132277,155.98
1LX5j9ZEBDCd8GmMuPsmCQ5Gor99hf2SLe,0.00137623,152.99,0.00137623,155.91
194iHabAEnY5aqewycyxfA7zonzwiwmHXB,0.00141847,158.07,0.00141847,155.71
1F9VeSHPPq2HC9SE2TGTHTJ2aXLft1aYM3,0.00138481,147.97,0.00138481,154.68
16PATjiDGcjkRuhXdEwbgGFWJnXdkonvLV,0.00139997,155.29,0.00139997,154.26
18NEtEWenuRJp1tReGNBKt7JwiWwpMs6zc,0.00142669,152.42,0.00142669,153.02
1AG6HHMbfJ4CARL3kQYm1c9WNwTrUQTwVD,0.00145523,153.44,0.00145523,152.62
1CtDNeHcmruUuxgCCZwKZdcQkAkCVavvXk,0.00143837,152.0,0.00143837,152.56
13BR6y3fFKD32zH8yGqSTPzyESQy1213XF,0.00183569,216.28,0.00124296,152.14
1PuabSXMZsTHCDb16TXdyTuCLVjji34CXV,0.00135767,152.52,0.00135767,152.04
14Cc94mQvxr1HYZM2wdcQLy7Ft8qszv3Ym,0.00137572,148.16,0.00137572,151.64
1Ecxu9MzLeL4YdCzyWRgmaPc3e772ouLA5,0.00128001,151.5,0.00128001,151.37
1LzMR62sawn8vMJ2XQ9vSoQjZcfzu9wr5C,0.00132721,149.53,0.00132721,151.1
1EYwAnGBu9psww8Mk6seWuE8RKNmkhHCxc,0.00135108,150.31,0.00135108,151.09
16kd3bGgA9vD8Y4zwP6PipQsTecYBipAMb,0.00121896,149.19,0.00121896,150.52
1HAue8N7gWCcNzmWBYUxm3NWvnJHnUtV3Q,0.00135203,149.95,0.00135203,150.39
1JFfh5zDfRnAawGBoBPJQrS1CJjj464bNJ,0.00128519,149.63,0.00128519,150.29
1PhtByVWYQ2sumw8vhJsfvgtbMbPrY4pVb,0.00134994,148.35,0.00134994,150.08
1DHv59aGjxxYr2XRphR9xuvHnPXaw889tp,0.00127116,150.08,0.00127116,150.08
1Cv1T7seRcdKoBCCMwqqwyxwB9cdx8R34e,0.0013,145.68,0.0013,149.85
1JdreVHQqwA98jJGFXJotFenE9q66qmKbv,0.00138583,149.65,0.00138583,149.65
1DVcdSqtLnb7Yw1NdxiVrGKyoeKkRUTJe5,0.00141464,148.59,0.00141464,148.59
1CrmR9qJw7DzQNw1wAMigyu3CvwKKvgBwx,0.00128475,151.44,0.00128475,147.92
12Son2hDV9rSNmjVdKVAxRJFxLKuyk4SZA,0.00139179,147.78,0.00139179,147.86
1Q1MNxfVJi9Apd8CeVF918fKyCYopp31Xa,0.0013932,147.77,0.0013932,147.77
1ERAr5jTtU9TNcXtm3hkFfRk6sd6zogv1r,0.0012504,142.51,0.0012504,147.45
1L7gqFCvNVNyaNFxRC6mJWjoRhD5AK8F4W,0.00128542,148.4,0.00128542,147.32
1PAaj5n1WSwq5mL84Pux9yaNwZS87iFxwp,0.00124278,146.17,0.00124278,146.55
1Gyszbub4vxSqJLCtbe85bum6ibPSxMouP,0.00132766,140.38,0.00132766,146.39
1K7L8Q4e5aCxNLfPZWESxhChtmbCcsnMKJ,0.00141211,145.15,0.00141211,146.16
1BauyvqUh9UG3uMXVz5hcEzj7LLWn6Y1gV,0.00125361,145.67,0.00125361,145.47
1MjYxony9V1X7t6EUKdTHu3c8tDFK2ggva,0.0013323,146.18,0.0013323,144.05
16LrfBz5H1ys4nr9xPkhmvr3VPNP9RZ2wP,0.00124843,139.26,0.00124843,143.9
12D9JHAVkERuKzEEZNtWct2stRS42NszpQ,0.00127099,137.67,0.00127099,143.65
18DQqow8ES7kHWww8b3etwMQRAqvUk4drF,0.00124787,135.85,0.00124787,143.44
1PvhnGhzvDwS32xBtBsgzhJ24rAk4ML5US,0.00125425,140.09,0.00125425,142.86
1F7DnQjzWbwAT3DhDQAZYASemtDS4pXZMZ,0.00115682,139.43,0.00115682,142.85
1C8X64HpNyHwvpwDZ5mu23BDJXp12cSi4v,0.00127665,142.72,0.00127665,142.32
1EEgVX6CNZ5K3jW1oyBQxpuFb36Gfdv6zj,0.0013454,142.25,0.0013454,142.25
13B5D56DNBrAmYLcq6WQG9LQp1F2HfKcdt,0.00135818,142.2,0.00135818,142.2
14KtwFAKkuMt1yZyhKBouMHrBWdVd6Phge,0.00121667,139.74,0.00121667,141.68
1Q2nPRPKEhYTNuTNb2XusTQXV6jjYymjgv,0.0013305,142.5,0.0013305,141.59
1HehANG2vSweH8bKGNNgWbGaXiRrKX7xtY,0.0012675,139.32,0.0012675,141.39
1ANFEt9KPSnvnMTWEVDjNGMiRyi2SuxfQf,0.00126562,138.77,0.00126562,141.36
1Ltqdt1jNRBDa51PZsCRNCofhaYYWbJPMV,0.00117253,135.18,0.00117253,141.32
1E3RtNt9zUxJ2pP4F4FmdmVk7SVjBKCnCz,0.0013092,136.9,0.0013092,140.34
1FMP4GYCL1ue2yq94wfJnbaJ6EoBtcSELr,0.00121419,135.44,0.00121419,139.96
17hjHgTzGrFNjkqYPhX5Bq4ocko5eQGvUH,0.00119064,138.13,0.00119064,139.93
13ezcGNw5FSscVEytdTSVxdxRLwtNzjUxA,0.00129916,139.22,0.00129916,139.39
17tirraWTsmfqKFnyxhE99mdmJXRAX9sLX,0.0013774,140.66,0.0013774,139.07
1AStKp5xWw55zPXv8yoFaujB8enrHtpGdd,0.00121679,139.36,0.00121679,139.06
14xMrvmm1MR9kFyJXH8b85Nr1xKuYTkUqS,0.00117657,140.5,0.00117657,138.91
1QXKpGi6V7hqsDZnHNYJ4xSb765Xf8YXT,0.0013061,138.53,0.0013061,138.53
14gpVuZSzbspL7kVnnC4QdYJfYn4jHARHv,0.00127527,138.04,0.00127527,138.04
1JUQbG4ZBrNjiSbcbThn1jLyEJVUmJNQuU,0.00124633,138.08,0.00124633,138.03
1BCEgznaCtgACBPB4PXVDinakxMRa9skwH,0.00118412,139.08,0.00118412,137.98
1PRUxZPCAd6PRdX3unfCG3CVVT25gUo1Gd,0.00122209,137.2,0.00122209,137.83
19oM3Vaxe1v4H6axVHnp5yeoGzF3v8Bzby,0.0013359,152.23,0.00122022,137.29
1CWrW1C7U9t3iAHbXDvUgHrVy76E3juX1E,0.00117152,133.63,0.00117152,136.89
1KkKUb2oGWM1LNqb9qNwz8Y6sdW2prU2MF,0.00119442,135.43,0.00119442,136.34
1LXi4PPa8xcdT4bNMyrydjxbt1JBdsEnaa,0.00118191,137.82,0.00118191,136.19
1PS4Nc6AmAECjMv2DCMaQ44RBynwWPP7H4,0.00115974,134.85,0.00115974,135.37
1BEcf5L96j7oqgeSE6CbM8vqYaYEG76kKN,0.00120028,137.26,0.00120028,134.52
1FNVBMQKdumrFm3H5gF7iu9pBBPx2UfLYG,0.0011772,133.9,0.0011772,134.05
128hQVgYTfxAggkg7YKHNmCwcYYBZTu2Gw,0.00124862,133.01,0.00124862,133.32
14PydXU99RQcMpnUnPmTwJkSwZWzRFu8sD,0.00124979,133.37,0.00124979,132.82
14tEDFm4gUmn5dBiWKNexzEFAeq99m7wnf,0.00119126,133.43,0.00119126,132.58
1GF9ruoxGFYwo7DGo2BFKufPbLpDjb4Eis,0.0012562,133.68,0.0012562,132.58
1PeQ6LjMwy8KWhKK1SSsrrweXmPtcsoFnu,0.00118336,131.25,0.00118336,131.6
1HvKRXysptgnkbuaoitBvnihJdn3943whQ,0.00119222,129.05,0.00119222,131.37
19KS92WvC1z4yJM4pz4CCu9of8AAnUE1D3,0.00116082,131.54,0.00116082,131.15
1GapsaFmnhSuankZwJPsgNM1SHkS6huwri,0.00122075,130.58,0.00122075,131.03
18Uw9WGVFLtRkxaytbTDLsnGkLLJHHamec,0.00111362,131.05,0.00111362,131.03
1KSikrAGvjmjLAWbqBHyhGrtaTckRi7GGr,0.001242,131.98,0.001242,130.92
1CBnDCDugR7RjvGTX9vUdAjqNHVyGZy7XX,0.00120596,131.51,0.00120596,130.76
142ZUsugF3jk5Lz2YoBx4Tde17xWavkDaM,0.00105398,116.66,0.00105398,130.15
1LPjdHrU7dw82dSeUuC54UA4WUE4ECdzUd,0.00113679,127.25,0.00113679,129.8
1K4Pem3ctupEVqKBhBQbC8jcarsA7C3zoj,0.00118784,125.89,0.00118784,129.75
1JpSHeVKuH2nRrj6XbMDJKn2kuuNjQqkjX,0.00109975,123.59,0.00109975,129.51
1EkFS5F33emQyjSfTm7H8XzgV5yiNYjz8R,0.00113963,131.33,0.00113963,129.48
12g5Zg4VqHKMkhm8Nmc5PVS5hhEJfkf5xn,0.00110857,127.7,0.00110857,129.23
1BixfZqerX6Zxbx8qAyjLenWP9m6dqnA62,0.00119056,127.9,0.00119056,129.12
19XmuPHmxzwCRf3Y9x8GxM9BQxu5i65z67,0.00113107,131.36,0.00113107,128.83
1FHqYdC5VSpu8JnT33CFeu5uLAPFiiFJ2c,0.00116797,132.17,0.00116797,128.7
1MsaT4nq4z6nGYpXep5HxmWYveJJu7MaVp,0.00119701,128.26,0.00119701,128.26
1MJ3UGNd46tt3mktXLS9DF93UA1erudb8k,0.00120718,128.29,0.00120718,128.23
1H19eSgTU4sZpKGAETGfc8Y4SYTEHc4Nsg,0.00118649,126.93,0.00118649,128.02
1G9DFQKYoRtmb543CpWDcFodEAmVFBsTWW,0.00122593,124.44,0.00122593,127.85
1LHFELVmeSZEGJHnbXpY3RrStLgAQbKE2A,0.001123,124.88,0.001123,127.61
14RE8WYZSbChevHxiym9ZuWTVSmREod7A2,0.0011335,124.77,0.0011335,126.58
1JpZLNKsPnQXSENeyYJgo1rAot7rRfHG8p,0.00117961,126.38,0.00117961,126.57
13GwoCbUJhzba6qh2Fomdxr2eXkj61mWLr,0.00112388,130.63,0.00112388,126.51
1DK6wvLXnqmvFMRT5aeD51RUz2DcU8c3JF,0.00113246,127.14,0.00113246,124.78
1QBuc69GMHB6Y99h5ZVvViLWXcDRPuctSq,0.00108369,123.77,0.00108369,124.68
1CqhAXt4wqHTT6HVcLjKZVpQccg5CXiL2D,0.00103356,116.43,0.00103356,124.57
1HTegNaqT3NEc59XEssTyhHuNZCojHN2RH,0.00117,124.54,0.00117,124.54
1PjzmWE2icomxDcjEA1Z1xkQuhLjGrTBrZ,0.00112954,130.39,0.00112954,124.46
14w1A2N5Ed8MHyfHzEY37rr9994CT1U34e,0.00117318,123.97,0.00117318,124.44
14qMiUBrtXyPHL7S1QBt3eBtcnA5LJXqq3,0.00112809,131.91,0.00112809,124.3
1op72eze1rLdoVpJYMY9AVkK3Qjikwb4E,0.00118043,125.7,0.00118043,123.69
1Ec8HWbNJUZ381RwCwP9sv4fFoQFSSSumS,0.00109081,123.41,0.00109081,123.4
1CXBPYRs4mS8bRM5kAAEv6ZVDNF8yNSQqG,0.00106516,117.58,0.00106516,122.41
1E8rxrmt7L6C8ox1d5wXZYPZYrcaEmVg9T,0.00111854,122.36,0.00111854,121.62
1CpdVSEEaf2TEbkJEZPfFwgVHn7jhQy8pq,0.0010865,121.08,0.0010865,121.37
12TRpddH9DE9fDfAp7EBLZmigAarbeSaGb,0.00111345,122.07,0.00111345,120.92
19dnKMmrbA9p6hpQ514rmda2rtYizeifQD,0.00113951,120.63,0.00113951,120.63
1NhdeLDGSu6cHNqz3jG9Bu28GkGSZaqdpr,0.00109169,118.93,0.00109169,120.3
1D6Uox4kbK83qrYhMvMYZr8Zcz3CryDNL3,0.001062,120.07,0.001062,119.66
14xmK6fq3VWkcR5G1b9gMSiM1vo6PN196A,0.00104788,119.79,0.00104788,119.43
1Lg4GGAjfC7o282LC7i5Ne9HyWB72Go6va,0.00113276,118.33,0.00113276,119.02
1MzhDZP9n8SSeX14BLqNPML8XShgS6a4kg,0.00109792,118.97,0.00109792,118.97
1DLEttAKyNgDPPjrgk7ksRUFZLmi6WX1ed,0.00102051,119.94,0.00102051,118.93
17AXmNXn3rQedQBzpXn8wWHRyHsUkxeQFT,0.00110422,118.6,0.00110422,118.75
1KrYDDkqL8191C6mvEbNeefgFRQEbWyF6q,0.0010305,117.03,0.0010305,118.64
1GWontnzRqKECJ8qLQKBA3AKrhLDYwNcMt,0.00105581,120.12,0.00105581,118.52
1Pb8qzLTrca6oGmYnHGmffS8fm67mHhqvh,0.00103588,118.51,0.00103588,118.27
13Q8S3L3q2MJCLrTaciqfwxuD97a5KiQVn,0.00101291,117.39,0.00101291,117.91
1BSaMBMomswV7Q834oNujvmVbnWT9H88mD,0.00110629,115.61,0.00110629,117.72
1c9JmyxxuW7XmimdwaEfFg89hEbf5GZ37,0.00104264,116.9,0.00104264,117.58
1ArN6A9dAQco2CiaYnZZAJuVgMWXnFEE8k,0.00105081,117.56,0.00105081,116.64
17DLHPnRxnpDZW5i8TLBie85vGcvCyrfCN,0.0010904,116.54,0.0010904,116.39
17UTL6Y6vW7YragyY74amRVXPaiv9p3nL4,0.00102203,118.71,0.00102203,116.22
12zF5uZYqcLB1dvejNAPbrPqwNXnvhGrdF,0.00101425,116.14,0.00101425,115.69
13vxxQUUsNwyK3LH6rPKC2asg4oFP2DR47,0.00101153,114.39,0.00101153,115.43
1AeAAp5xY1W58Woyj4qyrPQvDuPc3m6Dnn,0.00099891,116.36,0.00099891,115.21
1Jc2xiUmQa52ehsxvk9Y5ed6UwEnVUCsHA,0.00271882,326.13,0.00104144,114.75
1Dr9xdTgyftTjEUgc9LeMiXZoRrYRSb4Vp,0.00125245,148.47,0.00096605,114.35
15oCsB3dAk4oEQXgsYCYgHjyzgmBxizp7i,0.00095426,112.62,0.00095426,114.15
1AJ6hJBNSUBt7TpCoGJmWwhZkeZdQ38bB7,0.00097319,114.52,0.00097319,113.98
16nBccNPwkxGVpghWnqtC6vbiXGLiF829j,0.00096009,113.9,0.00096009,113.9
1DVP13cr1p42NajkYJVCDeh6yWWHJgoDPm,0.00099248,114.12,0.00099248,113.5
141kRXE82VdYzpZM8oWGDp3k9n83zZX3wN,0.00101254,114.51,0.00101254,113.42
165EHVxrTxmkB7yWEkNS2mCoUzK8b1cGcm,0.0010502,114.04,0.0010502,113.37
1JSR2iboJCS4mPHZSRBLyrWG8ikAFNv46F,0.00104371,113.09,0.00104371,113.09
16S6bxEtuXXpfoUApL5tAHVWu1g3jhtVoQ,0.00106669,110.72,0.00106669,112.96
13rCkKaAnXdReXNkpR2otpkzKfzF5ASm5B,0.00105776,111.94,0.00105776,112.66
1EAMSih1Qgq63X6hLqprhBKLcri9jp8RE4,0.00091214,103.82,0.00091214,112.63
1KKvjKF8TboWQCtyAUsHqA8DAsWDtVBMmp,0.00102068,113.02,0.00102068,112.47
1N7UoCHfxFgQtCcwy95fG8AwL8WctsWYLA,0.00106009,112.02,0.00106009,112.44
19odZL79qhKLGUyxPFGUxXXYWn3P1XwvEi,0.00094663,107.81,0.00094663,112.38
1FgHuir7hgWQV2mSLPsuQV7qjmq3BQd3A4,0.00101986,111.41,0.00101986,112.38
1CwTHdtAJhiRG1M8PyoxCVhswDyHXfHiyf,0.00106082,112.3,0.00106082,112.3
1A9puDEBUzHGZ7vJfj4B95MbKk1voMGdfh,0.00101832,110.18,0.00101832,111.81
17qrtNit5JoeYGEqwEaaQqQQL5LAyN8BNW,0.00099956,113.44,0.00099956,111.66
1NuDyvaHmMNdNNzrw2nxxgbFxo57wB91TU,0.00101307,118.46,0.00101307,111.63
155upCRH7utUAqA6i2cGW531b3ZFwfjGZ9,0.00103193,109.02,0.00103193,111.53
1BZiUVUuGsq8gh3wDpovDTNokYWJVUYbJ4,0.00103011,111.93,0.00103011,111.37
17V4GQL6jZcCNVh7WHNzjmjwWwvBH8376Z,0.00099445,110.35,0.00099445,111.32
1KwBcS9JRewagf1owfMzz5BrvUkBKJ6xP8,0.00098473,111.13,0.00098473,111.29
1DA5u1siRCuzEsBm9JCegFg8cXTM8EAxd8,0.00093577,109.84,0.00093577,110.74
1Gdz8ScFc6yJbeih4wBVcumiDWajv6L1Xi,0.0010447,110.37,0.0010447,110.59
1QGso1wWbjhG1bZ6RAAkaATHVvwg9ds8Ay,0.00093488,110.24,0.00093488,110.37
1BqgaHvoURW4AE77k8zjWLFyV6RDHFEq4m,0.00097375,110.99,0.00097375,110.35
13xQahtnuXDDnSnsyEjCUin5UTpjhvDNup,0.00101878,110.23,0.00101878,110.23
17KKsVwuUqfbHz2iHhrrNtUc67NRpt5Fq,0.00091229,108.19,0.00091229,109.96
1MhxNXuapyDZAmzMMgULmZkT7zFn9s7S4z,0.00104275,109.88,0.00104275,109.88
1AN1AaKagfA93EjPWSSyJxGFayUd181TiJ,0.00096517,109.77,0.00096517,109.73
15fAPdka9HaPAiBhbUQA2Gdqi8DQxHBBwq,0.0010475,109.97,0.0010475,109.72
1FnuHNVVgLXumV7R4JB1SpXrwtLxKbxHen,0.00096388,112.7,0.00096388,109.7
13pdBcqiGGWwa8v1A4yWZFiedyZm9ZuMwV,0.00095282,107.28,0.00095282,109.53
1BFy4bDz1xaFb8VLPr5uCDBYGUzHALE1cD,0.00097996,107.05,0.00097996,109.47
1Kd5YWnfLAbMX5bRawwrarpdWxX6ygj3uk,0.00095195,109.47,0.00095195,109.47
12EoCcbAyRoXSNTWGaEFnRbx1gooMatwv1,0.00104759,109.56,0.00104759,109.1
1GLT78ftGSFTdyEEWrremSKet5GKk4fTDL,0.00092729,108.96,0.00092729,108.96
1JoHwPu4bV1DV2UoEs65Yk5kRq9FZ3kTdS,0.00088944,102.85,0.00088944,108.72
15rqHP8ivYowaq48Yr3H3FuNwCxBdEswip,0.00092973,106.91,0.00092973,108.48
154wWb2KDNGrwa8BtfYq7kA4Em9cZcCREu,0.00096916,106.32,0.00096916,107.96
1gQe8Nfkh4EwWxGxbNjx2Q34FQzis4SXb,0.00099916,107.89,0.00099916,107.89
1Av7dy626f2Jt8uXX48YkZYyk7brUfn873,0.00094066,104.64,0.00094066,107.53
14XwnCWoAxV4QmYYyb2HWgudWe2iMDNVZw,0.00094004,105.59,0.00094004,107.28
1J5wJsBzpGvnW8Lv5p9haaUQow5316pDwQ,0.00090984,110.43,0.00090984,107.01
1DZZu4ZWKbHmJ2eaSBGrvmwSVua1ginAQ,0.00098248,106.94,0.00098248,106.94
1DsFpQnmpnZaxbiYcsufFECGJM1v6VycXJ,0.0010252,104.07,0.0010252,106.92
1HUDjtQz5T4V4n2d3zSQJBEQyzv6fD5pXT,0.00091905,106.39,0.00091905,106.39
1CKXwyPLujjvTD2W7rw1esyZBCSGzUaxFP,0.00100578,106.2,0.00100578,106.2
1DpfcJQHVxNyCF87UvZ9VCxhQJQHH4nXZi,0.00090221,105.94,0.00090221,105.94
1H7bQAkSAVbHD8hFrUN7ozMa7vLgGCeQHM,0.0008941,107.25,0.0008941,105.81
1K8saZN5TrQ9UsfZ8s39bvUn5Q2nELKqFN,0.00085627,97.62,0.00085627,105.73
1GiNrPokRDBofGnWjoeh77YBnnNeuiyxLG,0.00099052,106.12,0.00099052,105.68
1GWebkfQVj6BMGdj8SBiYRyE3ickhoMm1T,0.0009104,107.38,0.0009104,105.39
1AZKqv4MtgTXwJRih6BvhF2Q9iq1hYXf5W,0.00099984,105.23,0.00099984,105.3
1LBZ352kfbjCQ7tEYLpd31ocrr6i9fb68v,0.00099211,104.5,0.00099211,105.25
1KZoieG9zmTitCephfhx59SJn5oJCHU9XK,0.0009,105.66,0.0009,104.6
16vtq8egsR7hX5jWhcu8hEYNqUYxAqBRdm,0.00089958,104.86,0.00089958,104.18
1LY4VZLKpMRRbYUwjPtttdj4CGC2rEv8EB,0.00091857,103.39,0.00091857,104.03
1A34UQvHeKfLDTx1c9z5xGNDEh7aiVPyBX,0.00097,104.12,0.00097,103.74
1DDWXWZt6iv1x9nNowzgkKCzxrPm8d7KiD,0.00106007,124.5,0.00085506,103.54
1Cj15zCcjUGiGBchHUyRRahSrWV7mAQHs2,0.00098685,103.51,0.00098685,103.51
12vQArdrMgww22fRejphpiPCLDCGMJxJLx,0.00095147,104.92,0.00095147,103.37
1Cv47Yxivh88CybtHvqXKndAsPdC2TVCAB,0.00098983,100.48,0.00098983,103.23
1F7KDm7A5mYsEEw4cqAmE9iCBtqUTYHymg,0.00098393,103.2,0.00098393,103.2
1DAZ1bWDi2tPNqWEEbaY143hzdsQmWkViP,0.00089713,101.24,0.00089713,102.1
1BbFD7Q99sc4Mzf6MVTxRUne1RyWtL6ppu,0.00095106,102.79,0.00095106,101.93
1Bs8x8xmY8q1A7ZSuBM1ESuWvW488QmUs8,0.00086,102.7,0.00086,101.53
1Csuz9dG2ViVksnxammeBWiu8u9M68fjuC,0.00085798,101.53,0.00085798,101.17
1MTRq3WczPkWthrTswXMWdPwp7pRzzP3Y8,0.00097193,100.6,0.00097193,100.85
1NjyQ78JDwkB9LZnx7KxoYWSNTCRN99ogn,0.00096335,100.17,0.00096335,100.76
1FX55FrQtpFU8CqC5AmXSvwH8fVmimh8NQ,0.00093816,100.52,0.00093816,100.52
1K2GeHEbke1q4Uj7P3Rx9FRnka4fFj9B7B,0.00091596,106.64,0.00084631,100.47
122fimXYq4T5PsrM8sudeUAQxcisk2Dfbp,0.00096865,100.84,0.00096865,100.26
16gWyjnaNtPNzKDdrUU5LxCBny3qBkAVFm,0.00095833,101.19,0.00095833,100.23
1AeYMqhjvVq68Nynu8LAaN3eVMsGUswVU9,0.00085868,100.87,0.00085868,100.19
1M6WwmVNsXKvzAhgNyqXUksb7uX3zPNuc,0.00090757,100.07,0.00090757,100.07
17EB1HDSFN8JseLtFXMtT5LUjQguXk3zkL,0.00094952,100.06,0.00094952,100.06
14UjQocsmeApDMF7hnVtpkkDUNBe7n16if,0.00093522,100.02,0.00093522,100.02
18S6BRaQDQ7CDkfthgPQYo5d4HkWWPFdRR,0.00091791,100.45,0.00091791,100.0
18sX3NcAN4uq6mEoA8iiPNcQqH7VCgpSvs,0.00095403,99.88,0.00095403,99.88
15jpTExdK1vGumY2QoP7ThASZRfjYoEBDE,0.00090634,98.23,0.00090634,99.87
1EQ3P6A4161DReQ5VHbnm2W2qWmn33kQA6,0.00096497,99.98,0.00096497,99.82
1FtJLkUrkFBBUQT6R9rNVsKSoNYBV6m71B,0.00096599,101.1,0.00096599,99.78
14RVmxJGPohyosp3CT9gGkp6NZC8KVZbwv,0.00086594,101.13,0.00086594,99.78
1Q5rAEU9oqNY7GgQABGTF9qcV2emmPTk6h,0.00085196,99.76,0.00085196,99.76
1HDdLeG6fFBWG2x1t7j78PpU4LmeShqyQc,0.00091934,98.66,0.00091934,99.07
14aq54zaXm9Mnou49cgh6LcrZSMXDY6L57,0.00089657,99.28,0.00089657,98.79
1JqyDSJPmFvVQgPkhDEWNzV6Zca1ABRyRa,0.00089525,100.0,0.00089525,98.65
1DA4frPkFLaTn8VGtBSuTzNmmxwyjdUhzH,0.00085478,95.79,0.00085478,98.53
14B28r9JMxHcWJCyKbxqVcrsZpuAs9oCf2,0.00088887,99.19,0.00088887,98.43
19cepT24pQXXESHNQmq1Fn5H8GbRHVKHdk,0.00092765,98.03,0.00092765,98.39
173GrB7eEj1DmWzncPVjUBrSbbR4pypyFG,0.00097276,99.34,0.00097276,98.21
1CrLPjqM1NceFid2xgA5Nocot7P1U75kLs,0.00090596,98.02,0.00090596,98.02
1BokCgpbfmDBSQjs5N9Quc3JxKimvnMq9v,0.00088862,93.96,0.00088862,97.98
1JkD1ouGkLG5Rwfcc7mpiFC9LitxFHyGpu,0.00082428,91.67,0.00082428,97.91
13wk6X4M7HzbtUS8XLncfqq62f7k7iF2LX,0.00093498,97.89,0.00093498,97.89
141Kuru9Xpk1eb2YAaNuQw8o2ZQ12ScRCc,0.00088504,99.57,0.00088504,97.52
1L8WjWdFNibgifMZn1H9jpJyDvbHFh7Tf,0.00082302,96.42,0.00082302,97.45
1HyejcG5kwF7U1P2bTL4xJhvCCowmhnHT6,0.000936,96.88,0.000936,97.12
13w2bCdj4NYVw3ZQK8pgpkZhbAumvmZ1rs,0.00086843,98.05,0.00086843,97.03
1DN7JwRhQ4GxGFHnaUAaTCCJLZX2qJcHbE,0.00083318,95.33,0.00083318,96.96
1EzwvqbvCkyNJATFWAx356YHVFioSzGrX7,0.00084615,94.77,0.00084615,96.73
1EDuU2GqVXfWHBLxLP4wyAKjYgCvqQvKHj,0.0009321,96.72,0.0009321,96.72
1JP3iA9K3EMsE2F3xidyYsibR19Bamo6Zp,0.00083896,98.22,0.00083896,96.68
158DtL7KksV4uvF5V2QtmmCayKcMYrEcFm,0.000824,96.8,0.000824,96.14
1A9x3hJXSAm1tiYqEmAyzZQaeeMd1YbqSM,0.00085864,94.14,0.00085864,95.91
19aGVjQX5SVMpahgFFE9ScZm842YDx2cU2,0.00144416,173.67,0.00081416,95.87
1GY49dz85x5PgSU7eokAfG9EejFz1BsGKh,0.00088,96.3,0.00088,95.87
1JXMqmFqaVNGW6akr2fXj444m9ScBM3npN,0.00087395,95.77,0.00087395,95.77
1DYu3EqfxkxyAoRcpue6BSd2cnms5cA93,0.00090377,95.61,0.00090377,95.69
1Q8smRZDes4vDyGcvwcSc9UdoVGs8ZzzrT,0.00080835,96.97,0.00080835,95.66
1HGBf9KxSbUAjmbpWwTvanTTDQj8WG2MKS,0.00084423,96.13,0.00084423,95.61
169TMZxARXG3Fhp8Z9RRMWsnPgBsYnKNXy,0.00086279,96.08,0.00086279,95.57
1JKraLdfAKMXnd51ptgr7irH1yZ7fR2F8S,0.00088881,93.94,0.00088881,95.5
1CHa18dvayH8MWpsxKZ7bzX2pnHW76zCMD,0.000858,93.46,0.000858,95.44
1K4YoBMUQtr7Y6VJ96schJ7vmLoKVPETmn,0.00084619,95.46,0.00084619,95.42
1Mnr5Vq3LcARk61DzWyuXMZweAX89RKqPs,0.00087313,95.38,0.00087313,95.41
1J5QWRgqsFqBr3E3g4sSC6fGkkXjru3XsB,0.00090152,95.77,0.00090152,95.31
1NoeCgesCHKoHsyPgw9KSCbrFVCudNjj73,0.00080704,95.28,0.00080704,95.28
1DDHaDa6V8HRwx7iTEoCxjXX2QnoH2xaVb,0.00086457,97.32,0.00086457,95.27
1aZHJfaXJP65Q3tm6U1D6k9FPPDB6Emgd,0.00087543,95.04,0.00087543,95.26
1BKu5TfeS1DZLx5f919xvS3DEg6CNKrYS5,0.00082602,95.66,0.00082602,95.21
1G5Q6Ni9gB8CLXfu18EGaw6Ecbz3ewWVQ2,0.00076852,87.96,0.00076852,94.9
1CBHEJtJxwJGZ5dRFu88ue7fi2fahF3hwS,0.00080261,95.84,0.00080261,94.76
19cJVb4ZQxqkoKhHVHss2RKrtdLJfQtj8h,0.00083443,94.72,0.00083443,94.72
1BjNB21xbvsfnpm16TC274zuURtsfHRJSx,0.00084258,95.37,0.00084258,94.69
13yjXNdvx5peMeiurv6btpZKDdkmbvQD6T,0.00091664,94.69,0.00091664,94.69
1J1VhxZKrXCiL3YMWRv7mj8KGrKnJVTsDc,0.00082294,93.92,0.00082294,94.63
147nEsYpTLY42GbbAzhQxBUXcxSZU7Mndx,0.00076587,93.61,0.00076587,94.57
1ufFkiZqbzLdUAR2Lym3jMKZRqH5CcejK,0.00082212,94.23,0.00082212,94.56
1HN6dCT1rqmzmHbVQwx76PtYpeiM39frr1,0.00080752,90.08,0.00080752,94.38
1LMrTcCWSC6HYpML1t14AoKEzz4gk61TZp,0.00085621,95.24,0.00085621,94.34
1D4aRy5iwUpNm1gwaZQ3Ba7wyAG6zVnZKD,0.00081484,96.02,0.00081484,94.33
17vJDMih8HimCPQkTXjWVjADWQWMX89Kjv,0.00079138,90.98,0.00079138,94.16
1LocjLW2w8rfKvSHkEu4PFCqkoBmANZ3Sk,0.00079788,95.62,0.00079788,93.96
14N5a8okh7Dd1jJMGN3nsFrLhqmoRB7DNQ,0.00084114,92.23,0.00084114,93.95
1MFCHTb8FrBhKjnQfNdzUCva7grmhp5dNK,0.00091,94.15,0.00091,93.85
1GDBAtizMxzgd69NUK6Hr5XuhCFeEobvrZ,0.00085161,92.18,0.00085161,93.84
1CwVtua4kxKtfkC1Wb5N87byq3YAdQHfv,0.00090359,93.53,0.00090359,93.76
18LMixP9iXEzC8pzFNf3KNfpgTUxaj89Dt,0.0008837,96.01,0.0008837,93.73
1LQaUH5E5yMU9GEjq4nwjmBk2Z6b65S8qN,0.00079358,94.77,0.00079358,93.69
1MRK9bT3VCAhiKyXWfTH28wBi6TYoV9V4c,0.00090189,93.35,0.00090189,93.58
1PfV51qgVXPvBuHA3kcSk745jP467NezVn,0.00088667,93.43,0.00088667,93.43
1HBJaToonyY3JghsZuAmgNTCt9eDN1qgQQ,0.00079392,93.66,0.00079392,93.36
1LvnLxbdCefPs2Y6TuhDgaq4w4BciGBkpe,0.00083567,92.05,0.00083567,93.35
158XD12rysgsQBaB7NAc7KkPJv4BAjSHjx,0.00089461,90.81,0.00089461,93.3
14X7sXCvWpJTvKmSAk5MbsUbk9N3y3Y9Z3,0.00081088,92.55,0.00081088,93.24
1GF7V4NrsULz3y3yyKdKh5fh9qRSagS961,0.00086131,93.19,0.00086131,93.19
1LfWfMcVzxrbwypmGsyBBGajfam9BsUjyP,0.00078902,94.22,0.00078902,93.15
1Cso37gxZNvWc8CCih8cQhyBBwefpoNwaD,0.00089977,92.49,0.00089977,93.13
1KFt9q1tJHquQoo3fi65KM9tBHTo6CY2A9,0.00086377,93.1,0.00086377,93.1
1D4Em9m2BvsDEdSfuNouUtahknm9sxBKBm,0.00079304,93.45,0.00079304,93.09
1Ru4MbPjiFkAmgzEbyBxfNquKunbU2NSw,0.00080867,94.41,0.00080867,93.0
18nShFnUDg5Qu9bptrrp9mYKiphXKnYUET,0.00085792,92.05,0.00085792,92.96
1FTMt5E4P3DEggKoAd6Szr9jimVSQg9CPZ,0.00085301,93.35,0.00085301,92.93
13Tn5rakSjBXr9nWuT7n9imthHBnoA6ASo,0.00086047,92.92,0.00086047,92.92
19mFBAb7ZJexH3d4gPvtDZso37821oxM6W,0.00083703,91.11,0.00083703,92.9
1PUfDWezYoYqPqidEpJQc2w82X5snwsX6i,0.00087538,92.5,0.00087538,92.85
11RiZ9qSN9yjCzxLay8QR8KLvuigQeR5v,0.00086934,92.22,0.00086934,92.81
13SmN4UmFKPtKEjeEa5FjSQykM26WjJmK5,0.00086573,93.44,0.00086573,92.71
164fashB4Tw2gbUN2nUxb1AcGD86NG1SQh,0.00086406,93.63,0.00086406,92.58
14EhkrBL6de1jP8j8Qpz2yK3LsEo4FAxtf,0.00086208,92.28,0.00086208,92.5
17wSTHNfPdQmVATGjPd4KqofUVmsNeRinz,0.00080021,88.43,0.00080021,92.24
19KUM5uSwYKunRJnr6GUFiwLdXxzyN14dq,0.0007466,86.03,0.0007466,92.19
13kTR2hkzmX3nHDgEM5m8VXuXkZtKXd4v8,0.00089188,92.54,0.00089188,91.98
1JVkUrg5966gBpx6XUZyK9SYtSfe2N1BVh,0.00082431,93.93,0.00082431,91.9
17AEiJw3ZCEVUGMny1YVCEwjiCM41Ly1HL,0.00085722,91.42,0.00085722,91.86
16dYwpbeqqHiJJXRC7kxM4UsGanY1PX62o,0.00079699,92.47,0.00079699,91.84
1KDwBYesMnp2LE9k4jkTwiVs45V8UUi2wv,0.00088059,91.84,0.00088059,91.84
15QxG5s8S5Zy65pVxdiCdNvBXxUrNEkQAF,0.00074311,84.95,0.00074311,91.76
16iFPYgMHquJsSFDKY7XCaFZrorM6Qm3DB,0.00079151,93.27,0.00079151,91.63
16UugAuN7tPyHdA6wS4yNwzh8dGtUH3uon,0.00079,91.44,0.00079,91.34
1G1vHnVFDHXPgMjnGmBJMUGUkqpxDzzZDL,0.00090329,92.24,0.00090329,91.2
1Pbggd5cRU72jnnmQwKH8Sj5mka1Crxqwp,0.00077965,89.63,0.00077965,90.9
1Ja3oNDZYfE4RfrvqLFi8LqMjgCZEfPjgb,0.00087964,90.91,0.00087964,90.83
121vwmgsHZK5hFiNevyk8vk68Z9PwiePPb,0.00078797,88.68,0.00078797,90.66
16yYWKRBKYnxvNavpG9dSus6wS7wLDepnM,0.00081459,90.61,0.00081459,90.61
18SKhW8DupGsmBGh19cVzsfYAuXChf6T9b,0.00085965,90.78,0.00085965,90.59
1AEbFCW1YkGqqSJfER6k2yRWZL68MPVzZg,0.00082195,91.02,0.00082195,90.57
15aUzdTMztcYp2jvkxra64qpJNw6cx3ui2,0.00082026,91.25,0.00082026,90.38
1C3sBVqYZb6LNXaT3QdWFCxq8k4HtawH9x,0.0008371,89.08,0.0008371,90.35
1FwkYDTE5TqcCJTAD9nSzJPTid8jwrrJ3H,0.00085348,90.16,0.00085348,90.35
1NHDuRJrKSsipPSu5erA1MWMXPPmfnDqUz,0.00077748,88.93,0.00077748,90.18
14TcWA5hzgZS5VvkVPwbvzDu1ksEVUnSES,0.0007996,87.7,0.0007996,90.11
1BiMHAPp7hvPtyE4PXNmVZrQX2vVgxnv56,0.00076118,91.44,0.00076118,90.04
1CvpLkVNY1Ju421j1BCW8sxNwkkTWPbBSq,0.00084121,89.93,0.00084121,89.97
1AGhxR3x777ivvZaLdECivjZ5PCK6hnRWK,0.00086662,89.7,0.00086662,89.92
1CJAEFFbuhGC2u7RyitRaLnToSbRDpMLq2,0.00087108,89.83,0.00087108,89.83
14GcHupskTJ8VDhWgGcBCvUALCgUBCAr4N,0.0008887,90.75,0.0008887,89.73
1A5Pm13fgJpGZ8Sfp7q4mjxbk8YdYJ7gmX,0.0008229,89.45,0.0008229,89.33
18ymWgZCgdc7fC8yoAt1C75StpCQ9SiJd3,0.00075678,89.12,0.00075678,89.12
1LCwztVv5uwd5Mp6WwD8cm4fPmCypzKLoy,0.00076686,90.58,0.00076686,88.95
1MR99VCGwQsyvN8a1DKVy3wQ5pc8C9CXnJ,0.00075,89.38,0.00075,88.44
1DDmYe2zL9byaFpbuJb7tqrDcbzznDrRcA,0.00080185,87.97,0.00080185,88.35
19u1b8brLrutdpTudFbz4EUYwTHtofY5dw,0.00083519,87.1,0.00083519,88.31
1Bfoz2nSHbZwMPXxN4S2Ueo6qtM9MrpUzC,0.00083839,90.06,0.00083839,88.3
1GZAKnkdgqYUxY8PGju1mkgg3EbS8ZH84t,0.00071288,79.67,0.00071288,88.03
14s38or7bzLdfb52rNmRcmgxLcMQSEU2zt,0.00072676,84.64,0.00072676,87.31
1FPbBCcaJgxWDiiVp5uQsLhEf8mmzKjcXg,0.00081955,94.61,0.00070661,87.25
18ET3wPbgSLh2dKTT8oHeESCuUzCzE2V3m,0.00074576,89.75,0.00074576,87.19
1E1ptHZb8ihMW4rUHLfVVsiukzeefGaiUR,0.0008154,87.37,0.0008154,87.11
1UYU5QBaWnbzxx8pCnRgprQFowVXFtWjG,0.00081754,87.77,0.00081754,87.06
1NQQykNvBrdT7kKh2QBwSqUjQto5tQ9QZv,0.00075749,85.86,0.00075749,86.71
14MEpfJjfhZDiWZ8365qP2y7AJwHSdtPkj,0.00078664,85.93,0.00078664,86.68
1MXSKsd5s1UHAq1z4vaN84KBFmnA8YtW2U,0.00075163,85.14,0.00075163,86.59
1AkBp3mXkT3SxrWLAPHS6EftiBjEdaheNc,0.00075143,83.74,0.00075143,86.56
1PfpMCeWs58SfhvAa4fD7yMHUhCrm5safr,0.00082594,86.47,0.00082594,86.47
1LT4y37AjzvWqeKW2GLZNKRrU6BENYAWyJ,0.00073894,88.29,0.00073894,86.42
184GoeYsd1r7uN7tD2dtGeMjxTvLDEmojo,0.00077502,83.8,0.00077502,86.08
19vGdANZQ3JMcE1GmNnYRLPHe7nN8nA8LR,0.00081139,85.74,0.00081139,86.06
1PqK8vkHAmyuwVq2G6xSjzfurnfxPe4n8h,0.00079644,86.09,0.00079644,86.05
1N8UBRAmLHFYWvi37i4dV6UYcp9yUzQm3N,0.00080379,85.64,0.00080379,85.64
1GBbfxqdyVPr9U6MNheAQzmf1CTCofQSwB,0.00079096,85.62,0.00079096,85.62
1CtCWdnv8ScasPKpx7YStkjdu99JHJCcvQ,0.00079963,85.18,0.00079963,85.61
1CkT9AUegFRtXeYFcfCkZ9dR5csLSdi4Na,0.0007971,86.09,0.0007971,85.46
1GTD6kfdcEuVH3koYPe9pAdx9xn8nwMASD,0.00072914,82.05,0.00072914,85.31
1Giv13T4gfmAJY7a9SuPdLyiTYaGjDdoN1,0.00079949,85.03,0.00079949,85.22
1Ed9ghLu6opNqEr4tmm4QZdL9sonKLqUBU,0.00068973,75.62,0.00068973,85.17
1KB6fPJF7JZzQCHJjydqW8YqZhT8S1md2U,0.00074678,84.15,0.00074678,85.13
1PkJd73SUeYiD6z993qtrBrdUFhiVwjo4p,0.000786,85.09,0.000786,85.09
12VGzSGqvy4YFtSnkkeMBg4y96dgqiDHYK,0.0007321,85.91,0.0007321,85.09
1HdZrABNQVmxa77c8aTrDU2CHsm9745ZgT,0.00077328,84.79,0.00077328,84.91
14UdiesgAdEv1f6erR9SEiq2ZWd4jzT9T5,0.00073547,83.29,0.00073547,84.62
16kyvZJksrvQarPCP5eiDjzBi9qJdksJLu,0.00070816,83.53,0.00070816,84.55
1JdqQp7TPRB7GLX9LNMrUGXZ2XyQty1q3t,0.00071252,85.09,0.00071252,84.12
1Aq254QLfjr9wMZ3vVxKuC8aWXb1fh2eM3,0.00080368,83.52,0.00080368,83.88
1nQEE2iLntaEZMEBnxSQV373kULKH43xq,0.00072107,84.62,0.00072107,83.81
1M28JYpG23KZpsmZcadu2bB7AYRqrWP7x1,0.00121171,148.44,0.00067688,83.58
1EWcPq2c2YnvB35RAWaQYskKXKzeJeUJN2,0.00077581,83.04,0.00077581,83.54
1FnnRUnUCmXWdTvDyq7Ym7UCmupWPoGL3w,0.00070558,84.76,0.00070558,83.47
1368Xmax1gxyyrTCQ9UirpoZTEFUTxhH7L,0.00073132,81.38,0.00073132,83.43
1P8FucRncxQCwbQDzKouBK7LwRo16SCcqF,0.0007963,83.37,0.0007963,83.37
1L9PGjQAEJ9CB6mpkvVqKQgKpm5CjSsh2D,0.00072128,83.44,0.00072128,83.11
1AtJkLX8pv3PaFM9sxB9WaGfALvCqwY2h6,0.0007597,81.69,0.0007597,83.07
1N8ivNfm4HsXDuXbFRV654rW8uXs1DtKR3,0.00074763,83.66,0.00074763,82.38
1E5tw5LM2z3j7SPR2iU7enmeK4yDsRmT67,0.00078269,83.76,0.00078269,82.26
1Bznu24o3vLGMgpPQNzRvQbrCbp9QLxMaj,0.00077392,82.19,0.00077392,82.19
1DHoX8qi6kn1tK7Kj8mPqLmsRY1C3S39Xq,0.00078383,81.98,0.00078383,81.98
1F5j2BvsyyctaqXkNYJjAtHaa4qox9BqwW,0.00074871,81.66,0.00074871,81.76
1EAn1r9ykhzEe5JnLQYr95jQyDinvEJiCd,0.00069432,83.95,0.00069432,81.36
12bR85DHm6FPpj1MaStWDeTDLqGaCo4xNs,0.00071877,82.21,0.00071877,81.21
1MEJAs8bcDhcaag9BRV62b82usLFvvKj6Z,0.00065639,71.96,0.00065639,81.05
17DN71b8Hc4oBxBwhzvneHmt78chrR69mu,0.00078539,81.26,0.00078539,80.99
1PfQsbZyADzw19JztxKqXD8pgPmaR1mn8g,0.00073218,81.91,0.00073218,80.98
173HKxaqouv3jid29SWXkcBk3q71ELhiFj,0.00069752,77.59,0.00069752,80.92
1ExBd3wPgicoguM7wLJsoHKhZAzxR2vq4k,0.00069619,81.96,0.00069619,80.91
1FqPoPbfSQPMf4VEfuBS9pgJjJPBg6x5Ka,0.00068531,82.13,0.00068531,80.7
1Ho4UNK27tbnGwbiHcDCwff7mLP3BcNszw,0.0006817,80.67,0.0006817,80.67
1NejEVanBup5pZVBMxvS3cnJyzj4B6pyKK,0.00077101,80.61,0.00077101,80.61
1AD8WWLN2SVKieBrH66Em3EQntpVmAASmE,0.00069191,80.1,0.00069191,80.48
1UChjAUUJiyjwhHtHpAjaehaULBvKFvUX,0.00074003,81.61,0.00074003,80.4
14pLHN1RbXCkYWzhM3Lx5qQg4W1FX5qohe,0.00072911,80.89,0.00072911,80.34
1GqarXka9Zs6KcVSurSoLRjueV5bC7dj1j,0.00072898,83.3,0.00072898,80.32
1938qncvKFLfzhr4BVBcqfVtpEePCxhAPo,0.0007114,78.64,0.0007114,80.21
163wicVozN8NAQRMDn64raZyQWrRLTC48U,0.00075,80.96,0.00075,79.99
17oeGEbTaSumeU4QxLznzRihQaFZcSFbie,0.00072391,76.96,0.00072391,79.94
19RgDR6ZRxxP1VABk1czAJzoaLMwzec6TM,0.0007448,79.73,0.0007448,79.91
1FboZZDbqWbgkha6sa9UCiANaCmXijEhFo,0.00064499,73.85,0.00064499,79.64
1QEXefYPvVvrwcbD4GcZGNftN9F4nJwbBX,0.00067241,75.22,0.00067241,79.61
1aM7xULx1RV4zomUknX9wnaSUqsnZsdhv,0.0007332,79.38,0.0007332,79.38
1Ncd1aeG53QFe6NNEmHjzarLy7i6vtPfCv,0.00068042,79.88,0.00068042,79.15
1B8WPdrM1hzi5ZP6g63Bikk49cv58a9WSE,0.00067298,78.31,0.00067298,79.07
1Hk7Qz23FKwSEPuX6ryPKdCgxyNck9zzAT,0.00074433,78.52,0.00074433,78.6
1MtLqurQVUEUrNEKr1StLMqaiQ5Vwko8CX,0.00073603,77.53,0.00073603,78.08
1KRzB3XvU9VhToippgLjk3D66eykTojvDx,0.00070807,78.13,0.00070807,78.02
16V9H27Cd1VMtCF5W5K65HvfdRAcUWTKua,0.00066749,77.34,0.00066749,77.76
13fbfcQzJoauGoDyKEUoLMibWMG4yKpMmd,0.00064362,74.95,0.00064362,77.58
1Cm7xeQMhcbckBVBT3KwoRZouofYHSwx2j,0.000664,78.29,0.000664,77.36
1CsZceSGWVeFdsCNX1ocScMX9ckodr56tc,0.0007051,77.27,0.0007051,77.27
1BBpJGSJqNyJMcqh9cqAsPmw4mvXqSeCa1,0.00068,75.51,0.00068,77.19
1C3vhGXGijHoPtss76YDQtLmSj2npUG93p,0.00069061,77.74,0.00069061,77.15
1KHr71SNEWEkFdUhEk9HwcNk8WjpYRTQbp,0.00072232,76.27,0.00072232,76.58
1L6JN57pnJmGpobZMxtGS1Kg636F9JXE7J,0.00069,76.7,0.00069,76.39
1JA3Hm12NWcR1mXo5hXJxhZajosWW1MeKw,0.00068883,74.56,0.00068883,75.9
1CZQsaNyjoSkCxU7wLKM9vbHCdcK4xixXd,0.00067044,75.18,0.00067044,75.14
1PdMdRr6krywuEBKVLQqzbwCJ4NoTtkyF8,0.0007104,75.11,0.0007104,75.11
1N5mwT7zatWu4iFoN28rdPAz2xuJZYSLvD,0.00065258,74.48,0.00065258,75.04
1L2x52kcX5iS1xUh21cdCnJsYticDjwWUW,0.00060707,74.2,0.00060707,74.96
12qK4yzb4mhAVg5ZrgHqGbKsxtBmFEyC7B,0.00071757,74.27,0.00071757,74.46
12AthSYasS6j9SNWLpmZFyTZKFpRaxEqLK,0.00062123,73.45,0.00062123,74.45
1H4HgfcHJ5rB6Tb7e64rZEYQ5zVmMwztMH,0.00070035,74.28,0.00070035,74.28
1AzpWyJZWsu3i7e6DfpauNDtzm9XSSp7Ez,0.0007137,74.3,0.0007137,73.87
16iwtYpz7zevCqWYa85AD2uXm1VxTFFhVU,0.00063662,72.41,0.00063662,73.85
1PGzAsivLiRuwt5T1Hwy2MGE1uouvPjJRr,0.00067788,73.05,0.00067788,73.85
17TUxT5ouLgjjV8rUJbMygcshbhFdbmmrS,0.000706,74.55,0.000706,73.84
15j13tnyMmgC39mcKeS4MswXqdBSZyooB1,0.0006415,73.42,0.0006415,73.77
15Pvh24XSgygH8o9DYjmeZFBAndqsfdZ5d,0.00071461,73.7,0.00071461,73.7
16CBAujmx43FjW4BNKxETHJNXdJaH7aB7i,0.00070736,73.36,0.00070736,73.65
14MwErfdixK52oVwGGd9Eza9koDQtnNTQo,0.00069404,75.25,0.00069404,73.3
1KYyzeqVmURimvTZWmdhXoM3k6RWKMW1WB,0.00066383,70.19,0.00066383,73.2
1PRG4mxfgYWGLXFEL955vkJjuR7ZYeQc3H,0.00061574,73.97,0.00061574,72.84
1Fi93RynJ6JDH3MjfC19xgbfmMJ2DbVxJH,0.00061657,72.71,0.00061657,72.79
1KFt4agktbh75JKK9oQvvHVk7fADQNtGtM,0.00063743,71.6,0.00063743,72.79
1Fb4PGvrb5i19CiSs4ncQPYiik8vvP3TSi,0.00068547,72.44,0.00068547,72.59
1Gj3Cm53Hf1uK6bqhLBTpF9TgJdFzmMkS8,0.00062509,71.45,0.00062509,72.31
1HZ5ctMYUDkPxdm51ZcrGdm42yPAzW54hm,0.00062629,69.86,0.00062629,72.17
121148MgVxbC9exJB3JagsBb6jJfUgWRTe,0.00066621,70.75,0.00066621,71.98
1DJWFqZBQvwy1SYxjJK6C2mWkJnWtU4kfN,0.00064219,69.88,0.00064219,71.74
1JAka1tRr5XCjiN5xDQqhvRfz7PKp3DBms,0.00069543,71.72,0.00069543,71.72
1EBD7M2kejHvY1yy8zwwJYZKyZ6HwVNcix,0.00060506,74.61,0.00060506,71.58
1Nr8kArUSa3jAyxpkvGZSmd4zukVrUFm7e,0.00066654,71.28,0.00066654,71.28
18g3CwqSrEWGkyiG2JiF55twm2ptYM2ryV,0.0006602,71.57,0.0006602,71.22
1Fuv7RhAhDsnZuAcvtBUvdFrVt2jM8HoMc,0.00065784,71.28,0.00065784,71.09
1KzTMu5U3719pn3ddcL78YzrAAdaCxZ6TX,0.00066738,70.73,0.00066738,70.99
1JDHjaVKbRwmgX2NhwFbkpnjbhKBwYj5s1,0.00057481,62.65,0.00057481,70.98
163rbWqbWypZU5o93A8vAMWx31pfqZ75si,0.00065757,69.75,0.00065757,70.87
16yjzw5d7T3Jtre8Udp3MSRcUWJX1hKQbk,0.00065253,70.82,0.00065253,70.71
1EX8n6v37rNg5h9qkogymtT31VFxWPWpdn,0.00066112,70.63,0.00066112,70.6
14jVqZ2tWX36P3f2qCLP1ZTzH7x1pYn7Jh,0.00067523,68.54,0.00067523,70.42
1CftJy8vjytmAoHTf6V1uGEPHN76oEi72h,0.00061572,67.11,0.00061572,70.38
1GPTG4Xg6ZGMQpSac5KLBC3DoiroiE7TKj,0.00063065,70.22,0.00063065,70.31
1FBmcn4pmhtamr8sk3h2swWVFoLhQZt2YF,0.00065854,69.98,0.00065854,70.12
1M4BF1fGfaVrFW8VHm5t1ML4CCcCYTbES,0.00062072,68.65,0.00062072,70.04
16WNapv11qiw6Q51ZwFnqEYLPYYxBBPBCv,0.00065357,70.03,0.00065357,70.03
15Gi3G3K2yqwuSyXpnRoApdQXjWVj6qVW8,0.00059119,70.21,0.00059119,69.96
16GtUHChuRGcw8Sp4226a2vN71r3uSfavG,0.00060533,70.07,0.00060533,69.93
1NXYY5pZrCviASfhoLcAoNJPpHwKC2A6mk,0.00063381,68.85,0.00063381,69.68
1GCpmJ1oqJWZJrghDs8gzkVVLvDn3ZLas5,0.00066773,69.53,0.00066773,69.53
1N1pKNkpJXEohjHAhrVbdJPJZPsZqaa8KY,0.00060215,69.87,0.00060215,69.39
1J4Ax4dTAnyMnSM4NWdbnqMaJsSyubB1e6,0.00058826,69.99,0.00058826,69.37
1BUX3TB1RRDsWf6jpwYHBftBESV2PdEizK,0.00057493,67.15,0.00057493,69.3
1MeNEivCkQeiuwhyWYxWeAuK7SsyRd4RHk,0.00061502,69.42,0.00061502,69.23
1D6DcWVBJiSJoNP5EvMbN9mTaVh3kHsiQb,0.000671,69.49,0.000671,69.23
17Woaswpn8D4V9eLk6f2RrkBmCnveahdpX,0.00065196,69.15,0.00065196,69.15
1fiLjpnEN1w2dr1kkhqfva7Bj5NCwJQRz,0.00068468,69.13,0.00068468,69.13
14LMWSahTRbH6KFCFJaJSUU7uLEXJjV9m4,0.00065832,68.93,0.00065832,69.05
1F9uHX8xBmjPiQpHspXi6yRxiPfQ75FJCZ,0.00058387,69.58,0.00058387,68.85
15JqGPcRo9B8RWNVbDJhimQ3FockvGCCBW,0.0005574,64.25,0.0005574,68.83
1KrhKbhsd73SYYKKPvjFXFR74xHaKUo9EP,0.00066691,68.78,0.00066691,68.78
1M7bDvb4zYV5iEFy8CQy5Kjc12hGrMh7sJ,0.00064932,68.6,0.00064932,68.74
1FPuqofrLbjMWZrkJm4ThWSL3ydpgjEefz,0.00064155,68.08,0.00064155,68.71
1BtYKey937uyk2VQCNUJThuZMyrWMB2z19,0.00059833,68.98,0.00059833,68.66
1F7iBv4JLpbLYM2vSjf7M1wdk1kriQvQNh,0.00063403,68.6,0.00063403,68.6
1LJqX9JeCPmB7qsbkiKJBvQicimN9ZRuh4,0.00056915,65.92,0.00056915,68.51
1E3WdeY4DUxRFvQh5vDBSWSMkn55nfoozW,0.00064074,68.58,0.00064074,68.32
14i9ZRCP2HSBLSw396bNXJpkDhpkrDLSd6,0.00061992,67.19,0.00061992,68.31
12fSKSk7had8QxdorJW2pdBMx1MTEmZJig,0.00058374,67.78,0.00058374,67.8
17jfbE35nPS4GwUnz55snnVARH99fXNLKt,0.00058637,65.41,0.00058637,67.59
1NCJrVZhcuVD7ESeJe9mAyHhzCRG97Nhs8,0.0005848,65.54,0.0005848,67.41
19WQ2De13PJWueNc21VMxq3g5NZDXWFrVj,0.0006167,67.18,0.0006167,67.18
18UAH4QGoTcDd7qoEceuiRiJY4vGRrYuLz,0.00057557,67.61,0.00057557,67.15
1JdCe495RnLRa3wQmAiQEPqnWbU1NeEE1y,0.00058701,66.9,0.00058701,67.1
1Hsbo7sWMRMxha59AbricPPEqzHw7CZgNU,0.00055322,64.84,0.00055322,67.02
1DmMYBBmxRiJmqzq4G1iL51pJ4C7dqKaQ,0.00062274,66.91,0.00062274,67.01
19N8Uvsdx5jiicSxHUGD11zbj4SbqjnJUa,0.00053962,60.47,0.00053962,66.63
1CqWo8W5YKjv9sggznbc1XmtPAbiW7AiNE,0.00063257,66.35,0.00063257,66.35
1Dcd2dEzDQvqvxEMqjxmARmGoREZATxc5f,0.00063,66.42,0.00063,66.1
1AFwcXRS7iaPgRK8WxnmRUQtkic2rdtMou,0.00054,60.52,0.00054,66.01
18PaRyV4Q7QHGsQaBt6Pf9uesy3ShFmgCC,0.00062951,65.53,0.00062951,65.78
1M895fGj77neMK1cjwpf1LUckcYuTrypVS,0.00056013,65.91,0.00056013,65.75
1E6y3Tiwhgd7qWK8X3x6Czez5EcPNTu9KT,0.00058769,64.44,0.00058769,65.64
1P2fYZS4e76mjVr8X7n5L3qvrUejSRzhGk,0.00061541,64.71,0.00061541,65.62
14q34cLCdzHdQh7J1oDfACRF1MxqzDYoom,0.00062431,65.53,0.00062431,65.53
16j3vR8W1NobHkLiY5wHHtj8mKWJ5CZXRb,0.00062155,66.25,0.00062155,65.44
18bm6ygrgnwoLh6YcYvuT72qZGxLnDkXA9,0.00059904,65.49,0.00059904,65.25
1Py97UG1tpcUDAU1moQGdoYGC4WwKZkthq,0.00058652,63.89,0.00058652,65.24
1KiDdqvgPDQdyTBhCEHqHJH31fym6rdh2n,0.00062256,65.18,0.00062256,65.18
1Lfypbtsx3aatEpxTP9bCACwhYBsn962wo,0.00052714,62.52,0.00052714,65.09
14Pmqh54vRYjNo1LDiGXbKGgQJ8U4hjjL1,0.00084988,98.0,0.00056916,65.06
1NFhNyZm7rpkmbrDLbjjSFWhBrGCFgh7jE,0.00055353,65.27,0.00055353,64.97
1Mzv569xzSVSfmH9xuqTDn1N4EAMsrot6T,0.0005857,65.02,0.0005857,64.94
18tEfSzmnknW9btEGZaCmduBvHeB6ZDgyf,0.00059482,64.94,0.00059482,64.8
1NkRsCnCPtHzDd1jXp8jmatBA5MPGkTEXd,0.00062429,64.62,0.00062429,64.78
1JRHxXFvCFBGf4S158qbeS3eHggqwtwaRL,0.0005679,63.48,0.0005679,64.74
14jf2CHeHu2PHoZP4z4r9g6hTJ2idTEBXE,0.0005662,63.17,0.0005662,64.72
1N2TZYPm1PyasbVFhonAf5pUu5WQ78YsPT,0.00060678,64.12,0.00060678,64.36
1PRDSwXBUbHDmaAkReRwKdLjZWWPCzfjKd,0.00057272,63.52,0.00057272,64.28
1HPhU2nZ4h8o75ohHh7uyZtDizVYsQjR4H,0.00058197,63.04,0.00058197,64.26
1Hn7VCGCrNHVeVYnHgoUFMbALGabBcDRFh,0.00063639,64.25,0.00063639,64.25
159b2t5xVri9sWEZ8KuasWgU56UCAsMYvm,0.00058979,64.25,0.00058979,64.25
1QKpTbfe57GidArdfEcvCht8KbHycjsCwV,0.00054856,64.48,0.00054856,64.18
13Jg8SdWZ6uc7iLchTLfyMBpD83QwfVA9U,0.00058241,64.99,0.00058241,64.17
19s6KXnyLGpjXWzCjVoWtrAdXLSRHYvSUf,0.00058884,64.19,0.00058884,64.15
1LNZo1PRFKhdxU5GedZgUj2GSAs4ZQGPNS,0.00057627,64.1,0.00057627,64.1
1Lfrzpj243C1LRVmSpz41nLpo1TnAW5pz8,0.00056437,65.6,0.00056437,64.05
1377xL98RLMj5WGAWhPyRtoR2RAwbVjZ4a,0.00051751,59.16,0.00051751,63.9
1ATUHCVSC4GUuLD9dAKBFQJZwbB3eKD4Em,0.00054563,64.62,0.00054563,63.73
12fSmLqMVa95Vc3YiTWq57fVQBV4LQtWg4,0.00057772,63.7,0.00057772,63.71
18qWWQ7UoshoyprKucKRT2mZn96VaEcmn3,0.00056303,63.24,0.00056303,63.58
1PfhUzYwJNbGZHBh7VLrksqVfbRugwjZFd,0.00054923,62.29,0.00054923,63.48
17JVaSZDYFPnZB5zxahhMJNZzVQEweeQZt,0.00058969,63.12,0.00058969,63.27
1KpJq6qKQHHFQaxXWhfiPW1i6fanQeqgKn,0.00061064,62.77,0.00061064,63.21
15Mf8Fwwh85nKtLJzz4M7fLh6ferjWaeTp,0.00056717,63.09,0.00056717,63.09
1JPBjiT3zPCwxF5itHVxFfvdtQDgQME4U4,0.00058318,62.72,0.00058318,62.95
1HRGMFB44pEs9dSyUv8w4hFNvYp5MitRFT,0.00056983,63.19,0.00056983,62.79
18NwEAWCs6CULtEiBdY6xfhLvp6C7Mib7K,0.00053939,63.2,0.00053939,62.76
1AgpdofDq4s2CvyuoMqa8dyraeQwpXNwNb,0.00056184,60.03,0.00056184,62.76
17ZyguaDPzR3i4MAg9m4DgPbkXpAMRw4vG,0.00054495,62.24,0.00054495,62.7
1jzTgKq23DXr2HeuQe8RWqXPGkUqHc7fM,0.00060546,63.03,0.00060546,62.67
1NiUy8rApmn4z9Te1pe1JWriTuG2anZx9s,0,0,0.00050636,62.53
1Aroorjvb1TshtgabUsyYRKNmmizc3wZUw,0.00093315,111.5,0.00055939,62.49
1Pn9Eq5KK6TQHydDvW7jrrCa6qFaNqKjpB,0.00052301,62.85,0.00052301,62.44
1EushQQXVi3bLX21FuxkqhFpzpwvsae8fy,0.00102009,126.36,0.00050545,62.41
1M8yqAy8a4B26EnfduwNjrxTCpyXsRdnAo,0.00053759,59.8,0.00053759,62.37
1K3kDMYTcSTQmXCq84NE5MZYiTyr5PhuXb,0.00050266,58.05,0.00050266,62.07
1L6SP2EFTC3eGL4wxDYBR3n27AVspPvskA,0.00055099,61.46,0.00055099,61.83
127NEGKmmyYAeVd3XuXZ3oUEmtochCHY3D,0.00056518,59.81,0.00056518,61.81
1KQniMJZzUg1xFWRrzrmBe62SZCxjadQ9i,0.00052717,60.94,0.00052717,61.78
1DjkZn1iiY9ADrsaWFTqv6QYJuAbaufcRj,0.0005519,60.94,0.0005519,61.65
1Hhex7JUsTjksKQJzKwCQeS3kJ7UB9qvuW,0.00051344,61.4,0.00051344,61.61
1BKFsUqxQhYzdJeGCnmQioDeLhqw2mB3Hv,0.00058033,61.32,0.00058033,61.55
1LsmssoNc8HNoC4VjvRNkjkuuNhYj44BiD,0.00053314,59.47,0.00053314,61.43
19RQeVq6tSnogLHjSPooPdZpzRRDzjCzEq,0.000584,60.23,0.000584,61.36
1JzqSY9MZbpKy2tg88PumiHSk9o91NtL5G,0.0004968,57.25,0.0004968,61.35
1B2Exwzjvm6mbxSNekXjAzMNwrySTGqmhf,0.00053,58.9,0.00053,61.07
14h15ZCTugh7rj8npU6AKhNL4yCxWRHVXa,0.00056027,61.07,0.00056027,61.03
14xaFPpeoBTg7Ej7QAkHc9ewkzhh7kb7Sm,0.00053,60.95,0.00053,60.95
1MwNBZ31Un8P99sH5Jt4KR1hMoQNBr2G1b,0.00052192,59.38,0.00052192,60.89
13KGDHyDiCHhqdy24okUA4dXzDMn49mobs,0.00054606,61.64,0.00054606,60.76
1G9WoATu4krWLbvyG4CNGRYx5Wm8MDmKJ1,0.00094452,113.26,0.0004902,60.53
1F7oPSNqtq4NxJYGa2V6ZDrhyr6mHTZzmW,0.0005571,60.28,0.0005571,60.28
1A1sM9YHk8Vgcd3sFrKY9bSBuY7DAB1bcQ,0.00051004,60.2,0.00051004,60.14
1ATjA7cPKJAfGFbusLxjBqPH6iaRKJumYw,0.00050831,62.68,0.00050831,60.13
14196UjjBzR1vayMesAgqJGZhu7HRVELjo,0.0005,59.34,0.0005,60.07
1H2tYu4Pavjwc4C3nkVSMcdHjikUjVCpx9,0.00050885,60.06,0.00050885,60.06
1JWHHe4Lntffos3EK4qByC8WWRWATNKySL,0.00050907,60.67,0.00050907,60.03
15My19wo2iybr9j1vVQc2yyqbW9XoGcKFr,0.0005046,59.94,0.0005046,60.03
1Mgab59DPBWxEbYAtHFoYd7FByiGsG5LHR,0.00052074,60.08,0.00052074,60.01
1AS2o4qFN4HurATAYRM7DzdPnpAvMx8cyw,0.00054746,59.59,0.00054746,59.99
1MwXYnAF1uYJwVVRGeUoLW9177SxUz4r6H,0.00055894,59.83,0.00055894,59.97
1DXPntNNVpxLSrnwdXpjGTA2j63NTxATot,0.00050671,62.48,0.00050671,59.94
19R7Hgh6hfSReygZyNbWVKWckfG5LQiXHz,0.00057905,60.28,0.00057905,59.94
15FkVBGR9YfVayGuPEJfQzpqaxoXvZZo7c,0.00051948,59.99,0.00051948,59.88
1BewpuBwfjFRAdKMSY7a3wxmem9wDwvkDw,0.00055979,59.87,0.00055979,59.87
1FSfvdifFFXzxX3116ed4uHvk4gkQ6Nwwq,0.0005093,59.8,0.0005093,59.8
1HWMTY9z9UU6nf3orxNBGFWx47VJRYqR1t,0.00050697,60.37,0.00050697,59.7
1H589ekMaFPnPEEr4wAPqqm8nmatpdnV3Z,0.00055818,59.21,0.00055818,59.7
1GYfypFMM56vq29KGP66j7bfGjQZQTEqkN,0.00057363,59.38,0.00057363,59.52
1GMvEB5WiBQ6SaxkMXv4Sc5cem4PknGzzY,0.00049394,58.62,0.00049394,59.34
15NwAt96J3WK96mxDXttH4gaxCxShexBcD,0.00050326,60.31,0.00050326,59.26
1aEKo9aTSqeWYU68Yz7NvhSPAMcg3pF8L,0.00051396,56.9,0.00051396,59.2
1GXzD5ZfUSr7NjgsYMpzvPFi1vrawNspro,0.00053407,60.6,0.00053407,58.85
1L351oKLdfqAe5jA6JLPtUbyGKFqbHRwcn,0.00056688,58.68,0.00056688,58.82
1HPUmhMhZ2d34Pae8mejxGBjaQcnwCtXAh,0.00055431,55.97,0.00055431,58.8
1BNbBWWPkZMeLF9NTGTTJnt5TRNDMtgMV7,0.00053321,60.93,0.00053321,58.75
1PhP3EqgYNmUwsZqD4Y5Q9vmcs7dFjG3zZ,0.00049554,58.85,0.00049554,58.64
1BW35cuXz1ZuEPp1pU2mjNJdpgSbxXWxWt,0.0004744,57.99,0.0004744,58.58
1FtYdRhJ8HTzg3ZkJfC3Mi2vYeoqgN22MD,0.00055952,59.06,0.00055952,58.54
1GzGg8oEtGJzB7mUSbnbH9z4KUw9KxYAQp,0.0005529,57.76,0.0005529,58.49
1PNCN4ncWKqDUnEw3wHexRs6wGM2j4mF5c,0.00051071,57.87,0.00051071,58.38
13TpjjD3rJBoMNz7z3obUanu77WixBgM1z,0.00049404,59.0,0.00049404,58.33
1Gf3HWbdzUCLSzjN2tyeDst6jVNbnMbhqs,0.00051268,57.28,0.00051268,58.29
1FmERo9hkBBgTfJ98Ra6HHcsa2eEQQ41vz,0.00052814,59.45,0.00052814,58.19
1GxNpt5C4kya8uV99TFBRUEdN8xsLmnWrK,0.00050542,57.72,0.00050542,58.15
1Yhiumz5ZCsPFAKRsDrg2PFgXdtXQ9dQL,0.00052764,58.48,0.00052764,58.0
1J5cygEUin6QzetitcaDbVjETzPMHXj4nR,0.00049378,58.0,0.00049378,57.98
1Ecfc36fuBFxHxNiDho7SErJVruhY26ipn,0.00054792,58.71,0.00054792,57.9
1PjT5X27vN9rZPMsgR7GRaUvNH3XfdzvsA,0.00053877,57.94,0.00053877,57.89
1EkvykfyRDZRKN54spcndm26zXZG88DumN,0.000498,58.44,0.000498,57.88
1HipuwDaRNhawtGJ75UbP7CXQbrXSybmCE,0.00051879,58.12,0.00051879,57.73
12TKo1KCtApa2whx71KuhiFMsbucW9rJNK,0.0005076,58.6,0.0005076,57.61
15T4Ecz5BLSV2S7f8KmEmizjMCxBTFEN7B,0.00048516,54.23,0.00048516,57.56
1J31fvSVWqatsYjTTTwZwyRo6UeNwBozGa,0.00050518,55.06,0.00050518,57.54
1MCeM1fwB4W9iq4MVmTDUg3fpzTxG3YLZz,0.00053774,57.44,0.00053774,57.44
1Mt22cRmHzNEs2dqJuG5fRuCaLfoBCko7q,0.00052758,58.18,0.00052758,57.32
12TYXHHEdL72ro8aeP6ArmheBm11bbCEDn,0.0004939,57.34,0.0004939,57.28
1A6qZtx94wP11X1KKA1qQooEnz9YTKdfoG,0.00051975,57.78,0.00051975,57.27
15EzqoEPNEGUdPUqHohJaAdBAiuCMsVDXs,0.00054553,57.12,0.00054553,57.06
16zhtahLm5DvAV3iBpnFGoHXvAZx4DGoqL,0.00049,57.5,0.00049,56.95
16YXiCFsSXRkTjrB8YKzFqmvzVkjfib8x,0.00053668,56.93,0.00053668,56.93
1tAoVP8N1n3ujrG2chVPeQs3oxY2Y5iQ5,0.00049782,55.79,0.00049782,56.91
1JKVL5JkpLLjJnaHSidPRFKn6G4J8U1zpj,0.00055992,57.57,0.00055992,56.89
1NGAuKtX4kG3qBWPoostKikT6uKSQNYyP2,0.0005161,55.93,0.0005161,56.87
16wDqwiHG6XWT81QNYWjCjivvKi9c6BGcv,0.00046049,51.6,0.00046049,56.86
1149VuM1JjyJG3TYniqgs5hhR6BbkQVzvY,0.00049406,56.43,0.00049406,56.84
1H3qPecDaFzdEZeJdmUkk1JMt8Nv4TRyh5,0.00048025,56.7,0.00048025,56.7
1JesTW9v6KADxdzWp954NPJcs6k9PM4boi,0.00053701,56.69,0.00053701,56.69
1DVKfyTR2iV2RSk9JhYSqrcDcdJDMGLtLP,0.00053323,53.84,0.00053323,56.57
1EHUFHpABK18Zkq2PB6Vxz5n44qcivjZFx,0.0004938,55.39,0.0004938,56.45
126DJxrEeCuTCj2fwmi6S6GLbq2Wi5j3Ht,0.00048984,56.08,0.00048984,56.45
1MtWoepvVK3naz3rD9LWUyjWRGwHprnY3z,0.00049539,54.32,0.00049539,56.41
1EmY5tdybs5B8E7B11xAn566vYTVCzPPpY,0.00048047,56.34,0.00048047,56.4
167ZV8qEP91T3h7RNGWCYsLjHHCLtpZsTD,0.00045644,50.04,0.00045644,56.36
14bwoMsEfVhjJ4hrq3R2k7jygR6L5iugNh,0.00045639,49.74,0.00045639,56.36
12AB9VKvuCZwMBCicc6B6Env5sBdY6DEFy,0.00053001,56.19,0.00053001,56.34
12DUoQgtCFXXaHcdGzGjeGVpVYUFbi8VRn,0.00050044,57.37,0.00050044,56.33
1Nqq646rS7gjSjsUeZEuBWF5xuziEazjch,0.00050921,56.25,0.00050921,56.32
16WjdNC39CF35hNX14JzBGzdieqS6wQffc,0.00052657,56.52,0.00052657,56.32
1BYE26PS2h7vGoxqqVkH1StyMe4cY8wDSQ,0.00051078,55.58,0.00051078,56.28
1JqhN8JsPrdqwXid1w1hC5sxYfQw7dzjqw,0.00046836,54.65,0.00046836,56.27
18KewyH8ficvmJqaBDpDarriFHHeGCuxD7,0.00049626,57.58,0.00049626,56.23
1GzH6eiJLD98RgwtNNXbfY7jENZmoCUFvF,0.0005166,56.97,0.0005166,56.13
1N8VWbavpUUi3QxhCckuoUu6PSpg9gxUdE,0.00047387,56.08,0.00047387,56.08
1G35u6KeCA9CmhzqBdYdMqCoWfzYTVFjYv,0.00045829,55.24,0.00045829,56.02
1FoY43oy361avwLrargbjo3knjtVEJ588u,0.00053151,56.26,0.00053151,56.01
1LDbao5BV6vqNB9puQq1jHtxTGWPtkgiD6,0.00049962,54.15,0.00049962,55.81
1KFWnhwKmLXBt1S9BuUYrSiDwjKbP8JYp8,0.00053564,56.0,0.00053564,55.77
1H6aAtQnbrXinraRywJDwfhmpL1jKJv7i2,0.00047503,55.73,0.00047503,55.76
1MiBtuncxF7cev9P2t9v15r7i1j1Qvg3hQ,0.00048735,56.16,0.00048735,55.71
1Nrd1oLozrsxxvwRuHcnkQin3nqKNZ41mr,0.00047836,54.01,0.00047836,55.53
1KHPMc6YuG3TRBbaMroZWkpJV4jXrDFBey,0.000525,55.89,0.000525,55.43
1y9r8SkqJVPBLbZPkck5tq2hthCK17WA4,0.00053745,55.43,0.00053745,55.43
1MEuwXU5oA7nSRcNJAc3o2c6r8bCoSGijq,0.00048955,55.4,0.00048955,55.37
17pwQaNcRJF3H9DzWzNCs4z3oMUsWJJmsU,0.00047815,55.35,0.00047815,55.35
16QQK738kAsFmSJNL8ocBmnzxMtebMmugg,0.00044817,50.78,0.00044817,55.34
1ADCuRFhBKF1hE2u3Ut5aEfV1TmH2sSbHA,0.00049501,54.27,0.00049501,55.29
1NZv5JaXc7be3ikXiJGDkZ8AUvJH4LmEYA,0.00050117,55.18,0.00050117,55.22
1Fze8E9jAQuNPqarZAGXY7BhBCCBQSg1g3,0.00047912,55.41,0.00047912,55.21
1NSNKq3uVjrSjmPkjgMxEZMxTc17p4Ejbu,0.00046946,55.17,0.00046946,55.17
19Pz2siTvYEFNQJF2Xzw1N6YcCsCYhwqDN,0.00052139,55.03,0.00052139,55.13
1HowBupYdG8wpgMB82hvNifHpAciRyH8ZR,0.0005,56.28,0.0005,55.09
1GSCoh3WjTrY7URr94VB1VrHgGoB9M5x7M,0.00051084,54.82,0.00051084,55.05
1GjoJQnxGGwRDGX7XB3jfp9qcZUVuMWqPB,0.00051994,54.93,0.00051994,55.04
1CcxsbGaQoqMVuWpj2cLA4X2WNgVmK3GxZ,0.00049511,54.94,0.00049511,54.96
1KsrfjmYkeYzVeNe5eR31yUMn6TCeXvz7B,0.00047719,54.9,0.00047719,54.9
1HCKEYogqmWDT2Gda7dXFUNdqtgMUN6Ukd,0.00052641,55.18,0.00052641,54.87
1KRuqXqq98D4irXRSfXrT3HWfuuACE3jU6,0.00052991,55.17,0.00052991,54.85
16JbwVFpZM6bM4E8peNCvzcVC1GCoKAdV2,0.00052987,55.16,0.00052987,54.85
18cNep6Ufd8r6xX7tnVUrAyqixAYZn5cr9,0.00093751,115.68,0.00044356,54.77
1LdR6a62UgByoe4S1MB9NfefHhGewGiBTY,0.00051877,55.23,0.00051877,54.77
12fZK6JzFHPJCY7Q6iJ4oHUAUVMCYZos5z,0.00050083,54.19,0.00050083,54.77
14LhDKusJf7ocQY2su5gnAV4mVMcgjVd2v,0.00047826,53.56,0.00047826,54.67
1L17Wx1EUt3WqYHvvS73hc9FENhkYHwqTE,0.00052651,54.63,0.00052651,54.63
13oSbhMVbcniXCKuDaTHZtjY4mrHN6vRLp,0.00047355,53.47,0.00047355,54.59
19dXLVU1n2GegukyG4ZV8AdzwwLhXjddjU,0.0004739,54.45,0.0004739,54.52
1A3sVSiN18WFsitQAAstQ3Ya1n8SJteV1N,0.00052831,54.82,0.00052831,54.48
17XecEosNACDobRV9AGr21rTT5cmU3YD35,0.0004613,54.27,0.0004613,54.23
1g5vhsSdw9gqJDXg2tKzrdqGZ5ckHW3pK,0.00049721,54.2,0.00049721,54.17
1CwBk7d71LVtXUZpEkzKjH4N3WiEvnsuLs,0.00050992,54.09,0.00050992,54.09
1M9h4SnhbUoRCNdBGftNzrBvdNGXfdwCcQ,0.00043799,49.91,0.00043799,54.08
161ejsF3Vfu8BTNaQTW9tiSuyS4n8UrMyG,0.00052405,54.22,0.00052405,54.04
1C2L5wy53of2BAR395hSoj8Kzf33PsB2jZ,0.00050502,53.95,0.00050502,54.04
1Bj56DyYttP7ygvfr58tqVLizDcvpQbYaa,0.00049592,53.44,0.00049592,54.02
1ASYvKyEjmeEQGUsWQaCx1zKgXSJV3qhPg,0.00051001,53.99,0.00051001,53.99
135aU25tU7M5gQU97ANsabcpcy36mwGYxS,0.00052129,54.27,0.00052129,53.96
1LWxh6QD5kEWR78ttYQygx2AHZ3hAqXNjw,0.00047842,52.89,0.00047842,53.85
1GtyMCGdf8JF8c8Pajy4AJv3rAsa8jsSUr,0.00046265,53.77,0.00046265,53.77
1Msqt5bsQNc8vspjkhzJQsH1Qx2KoSUsrW,0.00046257,54.29,0.00046257,53.76
12Wwvoei1x99yX77duBjA4SztHP7yeA73A,0.00049436,53.71,0.00049436,53.71
13kp9Rctn6byCHwY4biXrD7vFZE2fbQJwj,0.00049377,52.34,0.00049377,53.68
1G2Xb8eCnb9Wcmt4pwB9LxzoqWVd3ptT8P,0.00045442,54.46,0.00045442,53.51
12JYUPjLes6qL5sTvnxMniHmTk6sh444us,0.0004329,49.99,0.0004329,53.46
14JYKRnUuyEBZxxYckUH3pWBAM4xWwAJmz,0.00047405,53.17,0.00047405,53.44
1KKZ6ekryCr5KMxGMuADQJ8qzc4sUahvmF,0.00051751,53.7,0.00051751,53.37
1K61LMwgLv54fY4Mv9E4gZ8HF5PkkbrSQ9,0.0004604,53.42,0.0004604,53.18
1NMW3N8ix7DBeF3y5kKs32w5vAy8fG3wFg,0.00045419,53.29,0.00045419,53.17
13MeK9Lmo5XovmB6R4x37S2FFZNLuAuwSr,0.00049053,53.16,0.00049053,53.16
13SQn7FHiJuyFYzsmBETdE9xvnAJr47tFw,0.00044498,52.02,0.00044498,53.09
182hgUe11dDqGeWcr8bvtNV94VLYLKdu9D,0.00048372,53.01,0.00048372,53.01
1Bn1zjLETffGS3oeD7xEg6fMLmEgCmjFtD,0.00045458,53.02,0.00045458,52.98
1NUWRRbyT8tN3mmHjmbDQvZGKqBco7R9PN,0.00045793,53.18,0.00045793,52.9
1Bc2hmqKVYKrqV4FLV5UTtCAZgW2qFiSTu,0.00044741,53.4,0.00044741,52.7
16ohq89exFJRuGkekFk2GD5g3GS3SzBTsg,0.00050524,51.29,0.00050524,52.69
1PzLDq8TzP6yfLTWu8qYWFrTxyfHB1bf49,0.00050896,52.32,0.00050896,52.68
1A6bNeBirfe3Mt6MA7ibq3XPNhNmaRJWfY,0.00042631,49.91,0.00042631,52.64
197uD8wdK7bWzC5AATBKzhuEqLCu1k8HDQ,0.00049353,52.33,0.00049353,52.58
19GWfWPFByJVaxmkuwfLoa1ZFgy7Y66y8F,0.00044288,52.54,0.00044288,52.54
182Xj3S2N7xkKBCNHLkb9d9qcVtt3rgamv,0.00049654,52.86,0.00049654,52.42
1EpGW1g3dhPvoAQpg6348M7L1f1rVuxZq4,0.0005065,52.28,0.0005065,52.34
1HqYSyPgMxok7uj6d7LREJfgjxHyRQBofW,0.00043793,51.23,0.00043793,52.32
17JNVfGbbErGStdUXck4j6sboVPhN2Tnb8,0.00049539,52.22,0.00049539,52.31
1AXg5jFpM9wKmRNkBq5y47NztHXQbsubKQ,0.00044502,52.19,0.00044502,52.24
1KxJnFkFhpGYkERjM1jbhZvQGJDpuHRq75,0.00044392,52.31,0.00044392,52.11
1FezGacSEeyhaNP7XDdq5tzBWQyDMjH7gB,0.00042188,48.11,0.00042188,52.09
15ffduRnVsFQZn1RoVysL4nAvrcJNB28X5,0.0004938,52.27,0.0004938,52.04
1426TSMbYhcAxrTYKGwfFAo5x3HBdXzUfG,0.00047553,51.29,0.00047553,52.03
1JgLoXW624BK4mraNzmzzqhqwp3bH5GdFs,0.00043515,50.05,0.00043515,51.94
1AwiqrWhdtCw99X8a6MXX1kTSQTUzMV7uX,0.00049709,52.28,0.00049709,51.76
1Eb6pj1mv4UZXeoyEo8zTtWXRBpKF47Gi5,0.00043741,53.94,0.00043741,51.74
17a1znAEdA5PzmtFJiWH4xRTKZuGJPrPfn,0.00047455,51.73,0.00047455,51.7
1DbP4tQPxVRdMPfHdF9AjYc8v9aUqorCWK,0.00046265,48.84,0.00046265,51.68
1rSzfuh4av1zLNESQuFTiUN5CzsJ1tLTj,0.00042855,50.0,0.00042855,51.48
15CHc11ZtJG47fa4kWwme63Jsadx5y2tCa,0.00044536,51.12,0.00044536,51.48
16fUV7S38VT2zG8gT6X7FzbL2iepvo1VqJ,0.00045519,50.42,0.00045519,51.28
1JnvdZp9ZcwY56PcPJa64nNAF3usqFXi5m,0.0004643,49.09,0.0004643,51.2
1L2Ud1LvFCjB6hJ4ajsoQrjXjKrPH7QT3g,0.00046,50.1,0.00046,51.17
1A63x8AnNSfrepYnQBk7YgAiDpHf1H8s4c,0.00046681,51.01,0.00046681,51.15
1LnY7C58HxPrydRaAb1aC4NnnpvomNEVeG,0.00049856,51.62,0.00049856,51.13
1MCUA9YrPVyiuuF3yxhpKQtN3LX6gZX6VL,0.00046338,49.0,0.00046338,51.09
1HqSCHMNcvHqPcqcbTtcvnidz5LcLpFGQQ,0.00044647,48.95,0.00044647,51.04
16gyHsZyDg8CxEVwjVnhbcUjyNBu9XXefb,0.00046493,50.7,0.00046493,50.9
15yw6T9naeZCDKefG7pTtYDubXiujJj9H1,0.00044109,51.74,0.00044109,50.89
169xYNqRqCxgfN4VBZXFGhpgH2xjXoDogy,0.00049087,51.12,0.00049087,50.85
1MyyBGLfJUUVDzaUXT7FfgQ6c4upEJ3fXu,0.00046146,51.25,0.00046146,50.85
1DujRPfGEmWtPwfSMfiCD1vUB6NivFTrkz,0.00041075,45.04,0.00041075,50.72
1PVA5VEpkDP8PtudRT8KUdCStLLZSWFydX,0.00043468,51.04,0.00043468,50.7
1DS97gsQ8aFBiwuh7zrKrUELbBdV1wcqNR,0.00048771,50.48,0.00048771,50.61
1MSo372zVNzVT9UD1Pd9LmdUN46qEpkr3V,0.00043967,49.48,0.00043967,50.59
16WRbYbr12WhtkiLb8FvHtyNPdbXup4FXc,0.0004295,51.47,0.0004295,50.58
1CNRDaJJFDV1pKKEvb373abMriZKAZ9Qeq,0.00047974,50.55,0.00047974,50.55
1EHwmCbGADYjerpensa2HQ6Dff5xxFeZi4,0.0004386,50.56,0.0004386,50.54
1E4xejrSwNtvmdMVT21anewv3KjZMDvFqm,0.00048679,50.39,0.00048679,50.51
1AgcAWep2UZwkScBidVDiDKHgfUEsBGAsM,0.00040887,45.35,0.00040887,50.49
14Fg7XoJ3iyRzdy9iLa13HUo1gZBCHKm7j,0.00047615,50.3,0.00047615,50.41
1CVU9ECxfgcuWxBbaVX9zb8NuLk4zTW1b6,0.00044091,49.91,0.00044091,50.4
19Q8QND1Xu3qsKfv5AQgmHQXnQoQgCvnS4,0.00042872,49.74,0.00042872,50.39
1MLe6gzWVywMvFr28K8GRWXm7XgSQaihfC,0.0004565,50.34,0.0004565,50.34
16wYdmk3yPk78YRwQrQ5WHCBcCwwjyoydH,0.00040762,50.33,0.00040762,50.33
1HgYHUyJPx1F45zyqCTRXKuQY4eGfbWppW,0.00045932,50.52,0.00045932,50.28
1QE7Sf8Z2fBJF9mMrS8ui5fDJjaWkExWga,0.0004586,50.26,0.0004586,50.26
17TgzcB6RuRTLSByAL3ym9PVsp2erckbEN,0.00046633,52.09,0.00046633,50.25
18sgh5aokh4dsXceZYUXjztnCvNsAyKukr,0.00070231,86.25,0.00040685,50.24
15GvyceH1fummQ2L8XqELFAAcjbWoG7uhe,0.0004068,45.59,0.0004068,50.23
1AKzNRrf5MyDjHYXnsuh37vXMaS5E4jtGe,0.00040644,45.59,0.00040644,50.19
1Es5WgB3VwRKkaRyqjckqqEdWGn5922jmZ,0.00046553,50.18,0.00046553,50.18
1GBSYwjQCuEKpxfy1emq6vHgbwR8SqizE4,0.00042167,49.34,0.00042167,50.14
1C9f3bfr5V3JScRqtk2uAZtkmieV1bwF86,0.00044175,50.14,0.00044175,50.14
133fL7wuYvZDNLyWY4NF6jLc2FRchU1QHH,0.00047342,49.97,0.00047342,50.06
19ag9fA9dX27hMEw5yFuRYFQtfNBPxbSpe,0.00047786,50.03,0.00047786,50.03
1Jd8U9yp8G1WQAr5NSFMzxYFyNEKaka93v,0.00046005,49.98,0.00046005,49.98
1NnWDyMaezJ5UfVDwAihMWXFKo5GmkjNRm,0.00044896,48.9,0.00044896,49.94
1HZYgh4Sm4Ugopc2G4BjwYf9rZHULttpvB,0.00045875,49.93,0.00045875,49.93
18t9es7fSDLR4uqbjuutxkFs2ZXJyYXpDj,0.00047684,50.25,0.00047684,49.92
1MPjve6rKhZz3vhQsWVDJLYtkub3nzqcSy,0.00042101,50.0,0.00042101,49.82
1PYejdinvtrysXRXjSMB3Dq2w1CqZEEDWg,0.000421,50.5,0.000421,49.82
1N7f7XKjzYXKsqaW27kNDW4erHztE2jkzV,0.00043207,50.08,0.00043207,49.8
1BaKfi7kymWcYogzrTNd83ufW7Aavc5Acs,0.00047598,50.26,0.00047598,49.78
1M22d9Pjs4FGfzbDo2Ze6br4n79hEPHaTH,0.00044567,47.05,0.00044567,49.78
16aRkHgYv5XjtVbLPiJyvUVw5iMkXgpJRj,0.00045818,50.33,0.00045818,49.78
1BP3QaMm1dokxgBfzyZs871GeFStc2S4BA,0.00043172,49.2,0.00043172,49.75
1ATvJkrVkbSTC5oXWEpN1wkfDNYdPTfM9C,0.00045904,49.25,0.00045904,49.74
1HtpESPew9hm6yq7b6Qy6Jf4LpcvNUUmM5,0.00047015,49.63,0.00047015,49.71
19eCSmt1hAP9gACgcAMChBe1dKGMThqDFQ,0.00046429,49.84,0.00046429,49.65
1KCCizhLt6tjwzKc123q4KuEaoCSEFzEGf,0.00047418,56.59,0.00040165,49.6
14wyXhJufygcqZ76FWrsDHyk2RLKonZy8o,0.00045941,49.52,0.00045941,49.52
1NddSCwPeeYXqq3V4LHnxCAodMoUAG2aMR,0.00049031,50.65,0.00049031,49.5
1KMThZgkhN43xuU9uUwL3SmwrXXZJX2J7Q,0.00047257,49.48,0.00047257,49.48
1H6zH1ukzsLg47DbzwFuwpyzhE1MANwHwQ,0.00041494,50.2,0.00041494,49.47
1PBaatrQN1x6bv9RG6e4Unscic99fBRnxS,0.00042756,49.51,0.00042756,49.44
1CU35yW7X6peyshhRBamA8CYMC9j258Prd,0.00046328,49.16,0.00046328,49.44
1KP59HT996mKkEupPjaTFjviQC5ZVtSsBj,0.00040023,46.28,0.00040023,49.42
1PspPTMnK2x7YJsy78nupvybRW5LLJMmJa,0.00047193,49.41,0.00047193,49.41
1GwuY1nSnDZEEYcXtrwkMKDx5XR51iWrPH,0.00046626,49.36,0.00046626,49.36
1Pcihf5DyvgDkuEhPm8RHqUnoTspzuxgZi,0.00042453,49.82,0.00042453,49.34
19RM7dReyFcc6EM8Xd3egbiUwaiREhJ1XR,0.00042441,49.8,0.00042441,49.33
1LTDsL2duG7ZVPMwUkcYkpiZmoJfMTyWy3,0.00044804,49.69,0.00044804,49.31
12fuatSh7FFpk28YsUhZ3QCXzrWTR3vkG9,0.00041035,48.95,0.00041035,49.3
1226jUePJS1qZ4bz4FsdUvqTtrGpdr8Ux9,0.00041977,49.22,0.00041977,49.27
1K9tS7u1uha684yQdbBAVDzWEdsA6zD94c,0.00048796,49.83,0.00048796,49.27
1Gxt6DFPZebBko6eVkPngvCiW1ePUK7bvu,0.00040292,45.95,0.00040292,49.25
1GyDTaJ51KUf98DaanGQrSqZqzoh9H9NWv,0.00044643,49.67,0.00044643,49.19
1JCJ8X65wRj7gMhutZoViCjhCsyLmCBGYb,0.00042311,49.18,0.00042311,49.18
1BPzf5MffX737uiKosD2hEfmBgj3rzsJE8,0.00039798,48.71,0.00039798,49.14
1FCTPGVF9zEuvWHnwiApNBQxxxWJNuSTVr,0.0004689,49.33,0.0004689,49.12
1GaKWXbsh1AtsKQ2sxBXT8nq11YcU7dkAo,0.00044568,49.58,0.00044568,49.11
1NuLS8TK2K7gGSDkE1Fh2ddwnRSG14wa6G,0.00044704,48.65,0.00044704,49.1
18RL5EiA7a46qG3xK5v5zcvJueDSFczt9P,0.00044767,48.0,0.00044767,48.96
1FeyjMKx38WisvW9szaXrTLUQTDo2Wh6E3,0.00041371,47.93,0.00041371,48.89
1YYVs4GW5tkj8ckQWJF8XPnuhnTv8G34F,0.00039516,45.71,0.00039516,48.8
177zqMXZpWmkdPALUBpaNbvt9hhsyYxeKR,0.00043837,49.48,0.00043837,48.77
1BCkVnB9Nx1bJLRFTkC9rtKaKPdTxh4eEt,0.00039452,45.52,0.00039452,48.72
11MVm2CnSr18S5bsD2CpyjyzYFXXT3QkD,0.00046073,49.05,0.00046073,48.64
184WwhMvPbznRBWaLao3mhRS1XAqKZoQ3u,0.00042187,48.08,0.00042187,48.63
16cdJYQF1rSXtGJs5wvR95RYPCAvFvvsZS,0.00046465,49.06,0.00046465,48.6
164zW1p7HyDKg8xH4bQk1rvV1R8G1PnJxz,0.00045174,48.58,0.00045174,48.58
1DwCdnXP8fEUWXNbVEQxnmG84yRPbLM2pG,0.00039336,45.37,0.00039336,48.57
1N4gS9VWUdHgRjZCpK52KhxmSzLL1R33U9,0.00044004,49.67,0.00044004,48.49
12oHengrdCxrF9x1pPiaELvTiYf5h6E2Tr,0.00043966,49.63,0.00043966,48.45
1Q5txCaEK5gqGfNwheJH7iJwKVV3QiK7MU,0.00081696,94.79,0.00043001,48.4
13QgG2bkWVNKCyqY6W9NftjtPq2a9cYxwk,0.00043866,48.3,0.00043866,48.34
15eUhZZgiodvECrCYBWBXND3nJKvSfU7d1,0.00046665,47.97,0.00046665,48.3
1DHDrzqDDfyXzCKJ7dXMbn3vBZhVGrsoQM,0.0004269,49.04,0.0004269,48.26
17ZxMTxmz4kfTEwBjAjMDFyt2zuBmW1jQi,0.00046075,48.43,0.00046075,48.22
1DqmBxutYfGDTeggE6FVaroLxymVzJsK1,0.00044376,48.35,0.00044376,48.21
1H5WnQDwiKt5LgApM5sCGqMb6ZCJMht5jZ,0.0004365,49.88,0.0004365,48.1
13Q1EZVF3MhNnZEyNRh5yUcsFK4Grz1sXT,0.0004414,46.83,0.0004414,48.09
1CJPPorX5XPUe8GWcNFydcrgsccJBJ4rs6,0.00045423,47.89,0.00045423,48.09
13jjSxejPuKPpT8dXWiayf7GQ3SVs7frog,0.00038808,47.5,0.00038808,47.92
1MYodABPDyv3PDttGNiy5DfHLiwQwzRVXW,0.00041157,48.32,0.00041157,47.84
1EYMERWqyooGpLWKsbyJopRmoaoPnk7YSw,0.00042,46.73,0.00042,47.74
195n3vdBTHhvLKg7m6KPhFKEc8gfkHHGDe,0.00045938,48.06,0.00045938,47.63
1CcPaAzEyichsU5bju2osQBt7exswQFtJQ,0.00040326,47.29,0.00040326,47.33
12y5HNY86W9KWGBmivEDUtat1k4g3235pC,0.00039296,45.77,0.00039296,47.21
196ekpFyNghwmMzq3uw1SH17cBDhXKWMsf,0.00038166,46.71,0.00038166,47.13
1HfveDmEjikRJCksRW2y5eeYwHn8jLBniY,0.00044624,47.12,0.00044624,47.12
16jLHUsrvkQYf37NjTNVRX9HrVrivx3sQY,0.0004,47.63,0.0004,47.1
1GyhdbtrWohRYxBMeqoeAgPtNaxFqNFdDX,0.00041598,45.83,0.00041598,47.1
17DGJ8dYxKYqgbUnr3xiE2NQoroqGyLWgn,0.00043415,46.58,0.00043415,47.04
1NfDqLgNqLnEzakvnudWofXv8or99uRpo7,0.00042032,44.37,0.00042032,46.95
1KFsUtR2n7YmkfVRF2JoYiUprwCdmoQUzN,0.00043323,46.9,0.00043323,46.9
1KeMjVYjuLs8Wtnu1Ef8rRq8B93TbQsTpJ,0.00040956,45.87,0.00040956,46.82
1Aprso4KLs31GMSxmo6CfEQ1SEJgvYZdYX,0.0004463,46.81,0.0004463,46.81
1NjTrEy1oF5cS489iFve7jyLesbYgGcvoG,0.00039798,46.17,0.00039798,46.77
1M4Wj29PEysvYNK9PyjG57UykPUfRdSv3z,0.00040904,44.58,0.00040904,46.76
1F4WB7j1PiXMDd9rV2dioisqoxbpKDLzUD,0.00040548,45.44,0.00040548,46.72
1HrUfuVDovRgPu3Dz5YknNBT9VWZEPJyzR,0.00042368,47.82,0.00042368,46.68
1AJ1psrytdkunAwUEwFJufdH3a5jcgnUy2,0.00040509,47.05,0.00040509,46.68
1NS13sy1Eacq6awoHaok3N7MHBrCJygyRh,0.00043025,46.55,0.00043025,46.55
1HgEZ9rmtsBphXkqYinPWXqo6AAGwfej2Y,0.00039637,47.14,0.00039637,46.49
1DnAvPsw9ntnNYUJDPgLujGUQ1r23dZtwr,0.0004,47.32,0.0004,46.49
1BPM478pWwBWnvvyZSBD9ug2Howa3rzRsM,0.00044658,46.74,0.00044658,46.49
1FL6f9j21NTChCWn44Y4cMyD4kvh4PhEXV,0.00045,47.2,0.00045,46.48
1JApfhuHagh6AymadSVvsBgcUtyTu3gEg,0.00038566,43.02,0.00038566,46.48
18iitR2XG3AQXK7qKgPM5nsRQSqD3twV9o,0.00044348,46.83,0.00044348,46.38
1MhV57GgymmKLgBbDH3nu9fQbNPUWo1imb,0.00041671,45.39,0.00041671,46.35
1Nh5WvAwmyr9tB4ebwBDgBFUVtSZbK1F5T,0.00043955,46.26,0.00043955,46.34
129NtxDapnDwG9zPBNZaMzVXuTq924YxDy,0.00039248,46.28,0.00039248,46.34
12qdL3uv99x9Fpmcz7YkQY5Rki7FvBXKwL,0.00039346,46.24,0.00039346,46.24
1AgrkLPc9mPQrRYho4YDmkSEY1tR88pa1b,0.00044312,44.98,0.00044312,46.21
1BF4YpRicVxxjGcPdvSj1w4AwqXCouzyp6,0.00041852,46.15,0.00041852,46.15
15tnrbAPhSY1XFbbipnxqLriMmhunMymn7,0.00041226,46.31,0.00041226,46.1
19kq4aHtLpdPaWQrzXsuNEtnkARJpN5puU,0.00041804,47.19,0.00041804,46.06
12DYKwHQaK3yveiKyURjotUQgZ8e9Tdjvw,0.00042725,46.54,0.00042725,46.05
1GkFdaHqzFw5LHL8PVFeGgXemXY9FqeFDU,0.00041792,45.65,0.00041792,46.05
16CPcZYwoBRTzqTBjkqVEtVo15x3YAPH99,0.00038764,46.02,0.00038764,46.05
1GnWKrxJD5fpLJJVfi942hyMhpau2gYH1o,0.00040277,43.9,0.00040277,46.04
1sNwLBAtbwqsn25Vhed1uAzLL5evLVHzM,0.0004354,46.01,0.0004354,46.01
1HuF8FtcaReGXdGCNFKikNdsaFcm7FYLSx,0.00042587,45.99,0.00042587,45.99
1PmqCgA4ou61qC3XxNj3fVrVxoZwvEazg8,0.00041539,44.8,0.00041539,45.95
1Hq5dkBgmkFSbco2joS9oU9XxBP6VBZfDQ,0.00042912,45.9,0.00042912,45.9
1G5BmrEtssrMwnFMiceQD8G9Pm9ntT7wGA,0.00038767,45.77,0.00038767,45.77
1FS9hTmwuVC4mZDyKqgp5ztZBJh2tjJHnt,0.00042386,44.47,0.00042386,45.66
1LKPoGmmfMKPxXNmgii21oLM8CQKXAWUqS,0.00038795,46.8,0.00038795,45.65
1NS8MU441R3Jms9rt6BqjuQ3s1dz1THWqN,0.00042968,45.41,0.00042968,45.57
19XsUHbGYhaHxHgqbBu4mEETi4r3ViRaRv,0.00045129,46.09,0.00045129,45.56
1GK8qmKLxBsrcMvsBeXZP2LshA7NoTaBPd,0.00041317,44.78,0.00041317,45.53
1GhfuKXmpkUXeDsnwocEWLCk3Bf3BWaUEi,0.00041743,45.47,0.00041743,45.47
12emkLre3fgnCRQ7tEVLxQ7es72xs9z9G1,0.00039445,45.55,0.00039445,45.45
1AreiEap23upJ3jqhafCQ4QSDQPKRbj2Gi,0.00041208,45.27,0.00041208,45.41
13Z9rr3E18UR3gwFXRoXKxhDfoLH5GCQHq,0.00043438,45.81,0.00043438,45.38
1MV39nsg36LoAGKc34GJEgT3vrsC46iK5c,0.00039693,45.74,0.00039693,45.37
181GNaESKaSx9ztc266YNPKYDyzjcxQsVk,0.00039148,43.68,0.00039148,45.34
1Fj7SLsKrUuW1y1swRTN7hnGZSYWCcX78K,0.00042746,45.17,0.00042746,45.34
1DeYTnxTfyWFN4MujUmRLiDxECZbsZbH4z,0.00042797,45.23,0.00042797,45.23
1HXqh7MpbwEnACuQqjrdHX8wRD97T2ufqK,0.0004221,45.23,0.0004221,45.23
1C2FWipm2G9BobkZ5v6vmaQPubZFzQAJEk,0.00043691,45.48,0.00043691,45.22
18i6nd36nfRzhsfJBLajJ4CQtMZfRAyUk4,0.00042612,45.03,0.00042612,45.2
15ECNmfccGWLwSgdueEhba2y4ccmL1gPzc,0.00043327,43.98,0.00043327,45.19
13iRsjSq7mvPz6ZoN3t5h3swnfbPxiC85Z,0.00040966,45.17,0.00040966,45.18
19nt5LSqoiJ5mmTXhkzk1sEWAJM1aLHJdd,0.00038344,45.95,0.00038344,45.15
1F7N2ZCg3dtyERFeSHHXTeR2T75eTbfXyr,0.00041126,45.07,0.00041126,45.07
1NGU6tZnZAXp4ZtjQaP5zBtgiGFLABaBGr,0.00042629,44.94,0.00042629,45.01
1NQpaDbVBZUaqD3J218UhMk7bVAR4X7xGs,0.00042875,44.97,0.00042875,44.97
13tzgXYfNwwRTB62b65sDvWvQ8H4E9oJuX,0.00042537,45.58,0.00042537,44.95
1AG9mQgBJxEvtyRyBbARDhEGMPiz8kizmf,0.00041258,44.95,0.00041258,44.95
1FzSDU7Bv9BoQG3CoX5bhr8SduqEioMDc6,0.00041498,44.88,0.00041498,44.94
17rtmmw93eYaunpjcPZVR35B2sMLa2hsSB,0.00042937,44.89,0.00042937,44.89
1BnoNi22h3Vup31KBuMZgg3GmJGDxgbKMk,0.00040686,44.86,0.00040686,44.86
1Cpqp2f9XjsccGrYELTKvQGA5xshy4UDB4,0.00041622,44.86,0.00041622,44.86
1PgmNhzuKhaeitjcm5ufcy3WfRTb71H4JR,0.00036291,41.03,0.00036291,44.81
154q64GJtVxi1bA1MJPd1zXSyagqBjkd19,0.00041409,44.8,0.00041409,44.8
16hLNGpWZxP6N4AgSxjHxQV8NFsZ5bYgoc,0.000401,42.85,0.000401,44.79
1CW4yRDLfznQENt2aYqgdKjk9KkatqW82M,0.00042355,44.71,0.00042355,44.78
1AoDoCeKLxa2RCCVgMbsuvjvvjPTXWgf34,0.00039379,43.41,0.00039379,44.77
1NE9n4gNuNBJJtWa28EHsF9LWuGTUUkKxv,0.00042795,44.5,0.00042795,44.76
15cxjo2UXcjUMAsCURhLyYy6Vme5CybGZ8,0.00040048,44.91,0.00040048,44.75
12Wc1Z9CgMQasAQ4CWUsuVip9hvTRo8hQ6,0.00043321,44.75,0.00043321,44.75
17GJpG2bxT91UZK3DgZL5JFpFPN6Ppb24k,0.00043302,44.73,0.00043302,44.73
15oCihUQU6LMtdZkzqua3CrNt57p2xauB1,0.00043212,44.42,0.00043212,44.73
18KmFsruoA3qeH8anwqbUV6dM3MhhhE5qV,0.00043291,45.31,0.00043291,44.72
16WK3kpgBNkX57xSasYi1eA4ZuVf8FJ5DN,0.00037872,45.23,0.00037872,44.71
13fd5W12xs7yH2XJ7c9Z6NXD9TXYNEZAQJ,0.00038588,45.47,0.00038588,44.67
1LKXoe6CHayYhMeBxyR1R7LQgB2hxFKnhq,0.00037819,44.64,0.00037819,44.64
1PC2ZcUmc5dGwcwoEBvWf5NTby7XhAPv94,0.00038715,44.71,0.00038715,44.63
1L4piSTVaCgV9mqPK7wuYohKKtdyz8aXtC,0.00038388,45.41,0.00038388,44.62
13V4oY4ni8sfRJ2qfVm9CQLGSRNJFLmgJF,0.0003877,44.28,0.0003877,44.61
1KY6ih2kg8i8Ucc2xXW9FFwKUb1iGZKwTE,0.00037688,44.76,0.00037688,44.6
128rVx5n8R9MsnRDiEGnEknATEAaSkm3ve,0.00038226,44.9,0.00038226,44.6
16TCdjiHh3iB3Q9rrAuTMNxhdaismBy4q6,0.00037819,45.07,0.00037819,44.6
1MHPLqiK27ZRUSM3mvDKZ2VFJReevTG3wt,0.00039389,43.62,0.00039389,44.59
1GMjxe6HL5vDGhaQcYBZ98gkrmxjqCyH3k,0.00044117,45.05,0.00044117,44.54
12AZhz5yCiWAofwMdJLfZHV9a7vqLsxfHT,0.00038223,43.37,0.00038223,44.53
1NcKKezHJcY2MJ6Ed1cKz4jRR2ra4LFXLw,0.0003793,43.89,0.0003793,44.53
12d83qjU68mqkttUVKij4X716kMRuDhgku,0.00040352,44.65,0.00040352,44.46
1BXcvMN622sH3XW6nmb8BKBaj1c6pyPDEt,0.00037474,44.46,0.00037474,44.46
1M3Xxt9EBxUP24QyfLZ5sQDAvQ8Us4FtCp,0.00036,41.5,0.00036,44.45
1BKEKrAAmVbb3QFgUjdg9wMRcr51YUQQby,0.00043057,44.68,0.00043057,44.4
1GPxBwNVc6J4Pq1RnjLYWREumqXnqSUoLX,0.0004085,45.05,0.0004085,44.38
1C3RF8b4XsWt58CZ2hg6Su75TEbzd5KFCY,0.00038816,44.9,0.00038816,44.37
16hY8ZVNaSA2qZUBM3sL3FCu3Fv67UGAJ4,0.00042387,44.76,0.00042387,44.33
1CUAtMXkpUPGvt8pCbpBdEfpYpVMf9oGjD,0.00038532,44.01,0.00038532,44.33
16pMjTuzV5rzPdV2A7gPShoERzF4Szmc7Y,0.00041205,44.95,0.00041205,44.3
1PVMe1p9bJBj3JmyQQSj7sJPBNAWRMAgWY,0.00038405,44.52,0.00038405,44.27
1NN6vZ7BD2GJEfnKQLD9SpoYUhDDRYAgkG,0.00037566,45.02,0.00037566,44.24
1NqmUbt6ZvCnrQX7P3vDGqakmtbmXYQ6jh,0.00037492,44.68,0.00037492,44.21
1N2NdojGeEgK3XPpkTqiM6GpqytXYyX8B6,0.00042035,44.43,0.00042035,44.19
1PLZooiT6VzianpAVnJmi1zNBxejGXuo77,0.00040107,43.41,0.00040107,44.19
1UT75SgAzLeGm8een5eBXUDVasjpeX9WX,0.00041,45.8,0.00041,44.18
17QhvtmtfeK2yGgqeF2Quyxvm2zcYfUYM4,0.00035758,40.11,0.00035758,44.15
1MbEVRk3QfbkJs7zDbWhh7sQXqR77Bp7xJ,0.00039451,44.53,0.00039451,43.89
1HXaJF2t6kSHPHwrpMivLAxMcVWpFXKQ8c,0.00042476,44.45,0.00042476,43.88
17eWVgJPoFMojg2eNWVU4KjF3fuAhEsKb7,0.00041689,43.44,0.00041689,43.83
1E91ELimviQYPXToY1JeRsuq5WfNDgNx1p,0.00040209,43.8,0.00040209,43.8
1KpN6UyK9gfvyStj6kZ6Fv9c9hHSnTQcbs,0.00040115,44.24,0.00040115,43.58
17akchY1RLFYtkHtSyE2xAC4KaGtCTc91U,0.00040743,43.57,0.00040743,43.57
1KEPUfjNAoNeadpX1MDnriXf1VUFeRJwPo,0.00041411,44.03,0.00041411,43.47
12PkiP4eZDtyknEcD38WSbzuDVkPgYEaiK,0.00040607,43.39,0.00040607,43.39
1BeyzcWq1WUgy7AGNvo14yd3rboLenAAz7,0.00036233,43.09,0.00036233,43.39
1BHhwZd8B2MvyPvQPo3oBNAMbSfirNQFLq,0.00039999,42.92,0.00039999,43.34
12cFUe5judtqJNYsMxmsMzGbnt7vRBKDxz,0.00037542,43.37,0.00037542,43.28
122wYejfdChrVfSFuPg2Ra7toEnBb23dZg,0.00036386,42.71,0.00036386,43.06
14EYK67tD2Us6r2W6ZEgo5WMq15bftxAJt,0.00035205,39.43,0.00035205,43.03
1MWktSaXjuQoLU7RCSRcU2tg2LFwzTP48t,0.00036391,42.22,0.00036391,42.77
15TncMDY9yZZicbdWhBwCu4vtv3GUvX3pB,0.00036195,42.57,0.00036195,42.68
13G4cbjknBE4Yhdn95eFwYpsVJEj5VRa8r,0.00038183,42.47,0.00038183,42.65
18n6DWHyEGAkZYfRuUW4nJ8NYyuH6cYHbk,0.00036811,43.46,0.00036811,42.61
1Gb95P9Qk4rYLqvDLDnUbPft3BYNoTzPoS,0.00038673,43.65,0.00038673,42.61
1DmGvCYN5Y9a8GmGnkxE9DLbMnRu7MvwDa,0.00036259,42.52,0.00036259,42.56
1CJmY6hJoCcUXYWRkKK6wC645naZKQzzhq,0.00040169,42.36,0.00040169,42.53
1KQFg476WjWTexKwSu4eSvT6stv7pSh4gk,0.00035376,41.99,0.00035376,42.5
1Q6cBzCuou6UGkDUR5jDKbNv6HQtc72dRu,0.00040397,42.46,0.00040397,42.46
19gBM9Dm8SBzQWbJAzYnUDhjmmrjofunrt,0.00035933,42.82,0.00035933,42.37
17xfYq7DcWvWHybxrmxSx9LWnW57QSLRZm,0.00035946,42.54,0.00035946,42.33
1JExc3mU5BCyaF3J3CpQEtmsPk79MMoib8,0.00035392,40.77,0.00035392,42.23
1KYWLuTzEJqPAKym5BsZsjzWbCQnGGzj43,0.00036249,41.1,0.00036249,42.2
1Px8XG8mvFY4fzXazXvDWpoaea81Muy1XX,0.00035119,40.98,0.00035119,42.19
1NoYTvNDML8qY5BkJAaXv2xmASg8MCTfmE,0.00040812,42.23,0.00040812,42.09
15JeKgHjYncKHAodsc2GMgXSABop7uiezh,0.00036786,41.2,0.00036786,42.05
17NFNFTYVhZ68c2tcNLBUncZ9N9TbRN12f,0.00040199,42.04,0.00040199,42.04
1Fpx4S6F4m9rcVXw6wGRoCEpfMtmUoZJj6,0.00038372,42.89,0.00038372,42.02
199qf5yKCDbyYokaFmV1JuufnA28y41Ue8,0.00064281,75.54,0.00036746,42.01
1ALKK3wDxeodQcgyuFwqu6kjWutArkVWAT,0.00036088,42.37,0.00036088,41.94
12CdmpgpTN23tLMveakUaYkh5Q4yUg7gXp,0.00040141,42.03,0.00040141,41.94
1E3PaM93c3g5691ZKP1mREWCG7u9zZt4j7,0.00037466,39.55,0.00037466,41.85
1C7u4BMP6kSSuPCpyiSVwmZSdbYDKTAk5H,0.0003625,41.78,0.0003625,41.77
1Djyk5MFq1wR1rafLfWCVisFDVGL3MK2Hj,0.00039915,41.84,0.00039915,41.67
1P8EhQoxKLNdCCnY1d6o1gS9r4VFUbhe41,0.00034641,40.34,0.00034641,41.62
1Nvng5gaGEfju2Mp3d39CnEcQFPHDuhh4J,0.00040175,41.57,0.00040175,41.43
1HzPM8m8QGfUZLdyWYvJW8XeVGd9YNJuG3,0.00035723,41.29,0.00035723,41.43
1JU4Nx7uiBf4qVDrQQ5Pey71cLRaTwyAnJ,0.00035,41.42,0.00035,41.42
1P7fkHK6cv3zgikQrhFynHCC4bYsd1etuq,0.00034537,40.03,0.00034537,41.35
14gGo53mKpkEoVaCzCMktoGS7vgWUK1h9h,0.00036156,40.55,0.00036156,41.33
1enVT3K6GnSkQhCfPchyM4qkxsCYrARMt,0.000358,41.69,0.000358,41.25
1647nRQ8RDLFRS4D7zYDzuG2bkiGExhBAF,0.00037374,40.7,0.00037374,41.2
1K8Swm8MtvuMhFdyZQB35BmuMzZZ25gZHn,0.00037486,40.97,0.00037486,41.01
16vbc8RrN8WXmtjc3tNdpnje45WyR7xa5G,0.0003558,41.09,0.0003558,41.0
143fKzeBjyQvBW88LZiTTGAoVg6roDfiS2,0.00035535,40.78,0.00035535,40.96
18T7FnBRkBUjGFawVUcZAWsotwqU8PtEeo,0.00034737,41.37,0.00034737,40.91
1AuF5CSwJHDVV7omENqrtAfuABLe2YoUUJ,0.00033096,37.72,0.00033096,40.87
1LtEdVBRLPXg6MxztvTN6fkia2fpAr4c3r,0.00035454,40.4,0.00035454,40.87
1NtPJbE9HqqY2Pik67FbbPaEuEVDAevdch,0.00035147,40.31,0.00035147,40.79
19K6YeGDVSFaMREXjBZrGKJ7NbxWeH3dsr,0.00034437,42.46,0.00034437,40.74
15MErJk1UaL7PjdkHQm8QGmChLZDbJHyQy,0.00036926,40.66,0.00036926,40.69
15sb222rC3FatvabKXMuigJGWNzXV8MfK5,0.00038024,40.67,0.00038024,40.67
1MNJ1W53SPfztxZdjB23U8eSxJd9ZykNcZ,0.00037415,41.26,0.00037415,40.65
1MSxT3WQievADqJBHUnU4uwS7t2eHLeHjD,0.00036291,39.79,0.00036291,40.54
126b7o6HfHuX134vks6bRaU9bzMhXRWzUu,0.00037184,40.07,0.00037184,40.51
1DZnuRr59Qp22E8cwD7YK9d567Uf5U87Hm,0.00033703,39.25,0.00033703,40.49
1LpKY3jb1LEvzxDYar5R4tiKm3yHxMYMLk,0.00038154,40.32,0.00038154,40.47
1Ktfx8xeXLec9NWPfkWLLy1wssCxaeVm9z,0.00039176,40.53,0.00039176,40.4
18gkoCD1rYim1zhzPcWv8yPdhcFZqSYHZW,0.00032643,39.95,0.00032643,40.31
1Fx6F9657DYzJRjGzwQ8ZzHSi8qoqV7SLw,0.00036086,38.56,0.00036086,40.31
1AsA5sFD4tue2yc9ukkpGQZThSxPRbciSL,0.00036063,39.54,0.00036063,40.28
1HU9MpECBr6sDtsWErrHNpUGWr7LGWZPwx,0.00037586,40.27,0.00037586,40.27
18RGar52uQeHghvobLFE1LasSQ7Aq8Eoq,0.0003261,39.86,0.0003261,40.27
1PiFVs2GwPssThJMhHVJbQbhHfpZ56myZF,0.00038282,39.8,0.00038282,40.22
1GMixyEWMk2U3WiU2DRuBiX4inkqqU6VHx,0.0003287,37.89,0.0003287,40.18
189dGxrABAydMFGdTCpJFhDAUvdy5pt7Vn,0.00034008,40.1,0.00034008,40.15
1CrUEQn6bj3a1N9CybkagJ2o2fvtwUxQT4,0.00034611,40.07,0.00034611,40.07
1DWYQoJdvzJMQXvauGY839KE96eMAFGPha,0.00036284,40.01,0.00036284,40.01
13bqei29YQFJACBQt7swRzpuN9p5UVNdJV,0.00033286,39.51,0.00033286,39.99
1DDAiespMvdTNeA1ZV1skPHtKKdFTK4MMq,0.00037699,39.84,0.00037699,39.99
152ifDSjM78kTFGDrmgVktY826TWYcoWaT,0.00036977,39.93,0.00036977,39.93
1DeGQzWQLyGD23qThrEr8XEgP6mmifswJg,0.00037295,40.03,0.00037295,39.89
1BJtSAGWcNj5gygXCb85TfaZx8LCKvcAET,0.000376,39.73,0.000376,39.88
14k3p5XXcP3CYGULVbsc7HidZM4eyBhUpK,0.0005622,66.1,0.00035671,39.85
14YztXL9chsDk41TzjoN1dVjfw18wQnhL9,0.00038389,39.83,0.00038389,39.83
19s2wXCV8iRppw662QmFdtEzr6dMiDvsub,0.00036603,39.83,0.00036603,39.83
1Bz3iNch8QQW1Jfa4WKM7AML2QyvGHvceA,0.00037139,40.08,0.00037139,39.82
18Lha8tqUGfW3YShsReRZKFZESmnXZAt4s,0.00034539,40.34,0.00034539,39.8
1H5JdnUZ1uzKW45ZQGJdzsko3pdJacPcEB,0.00038528,40.32,0.00038528,39.8
1NHsDHxsT1TEAj3YSp38ceRFYhnjAzMndA,0.00033864,39.8,0.00033864,39.76
1PXcGpWRg74tNn4Wzb6N281evnA6GRftHg,0.00033597,39.44,0.00033597,39.76
1CJq799upLDJQ9ytPMv8RphUQeeu63KauA,0.00037593,39.75,0.00037593,39.75
124fATN9vEh2TX1ctjVaxaokRh73kWKiqv,0.00037311,40.54,0.00037311,39.57
13GJDsZbePeMC8Nsy7U3prKZFxVJceJLTb,0.00034617,39.94,0.00034617,39.57
1C3Y7R9iwYqxoiFq2tRikrRF7CBEucGCrj,0.00033709,39.72,0.00033709,39.57
1C5wYYekYwYgRvyAa1LTwGQohaLCZnYqZd,0.0003727,40.49,0.0003727,39.53
1JH4xenMsL1Qs9pEAhNgyNkqXqpU7hXat6,0.00037136,39.42,0.00037136,39.42
1CNeWijCNXQrVb6B6K9S5SZtovEmd5UuLH,0.00037644,40.2,0.00037644,39.36
12R4gzP2eEwTN6UFCAXZyWUCxSZwSYHWsX,0.00033518,39.36,0.00033518,39.36
12PJCANiNVd6cUw8sWnMo4yHgkumnrAYxK,0.00036279,38.93,0.00036279,39.31
13Uhf4dGQuLGdhFTSHnpmzzHXzeykmZRL5,0.00037838,39.09,0.00037838,39.09
1JGVSfJ7DqFpedenmNdpDB6aAMKNpKHu95,0.00033715,39.73,0.00033715,39.03
17BbVvTicHM7FLD1E13NhtNo5AYQBbt7ou,0.00031836,34.91,0.00031836,38.91
1NTDc7vbnF6WrQa4xW54ZAi6FYB57ZhYfx,0.00036228,38.89,0.00036228,38.74
1DXVKxsEmNkz9Pq9WATVjSbdNzTtZbTCBq,0.00031355,35.32,0.00031355,38.72
136oYqvHje8gE3Jat1vdMeTTdHEmuT16n5,0.00033097,38.65,0.00033097,38.7
1Jvqcmap6DK9A4cEeXVpKdQynyNiKn1EhB,0.00032697,39.22,0.00032697,38.69
19xMkWqSjw2LUHALinrbrwG9yYUvEUwYmn,0.00034571,38.04,0.00034571,38.62
1PAcgZLw1kvdGSu14VprwS6AXodZHiBowx,0.0003159,36.65,0.0003159,38.61
16JmUtX24afZN4aj7wQ4MS55XqsUsCEXmq,0.00034285,37.49,0.00034285,38.53
18LpT2cmeV48wusBAYP4BXkyvyu6NwibG4,0.0003194,35.02,0.0003194,38.5
1KPzg4hFSEXCsX1vpYN85NDiAxFUQQ8QPB,0.00036776,38.18,0.00036776,38.46
1EEkFEHoHTELCakzsymUh9krf4KJ8fryfu,0.00031125,37.57,0.00031125,38.43
18CahmBea6hTgdzcXd9xQuPzu9eNu13JcZ,0.00033054,39.1,0.00033054,38.42
1MZLRCM1jSG7LN9nkV6ZKvPCPSXiut5dx3,0.00033593,38.06,0.00033593,38.4
1G5EzB4AAf2acuSZyv9DGTbnb3VoSr9m1g,0.00034834,40.73,0.00034834,38.38
1Bqya8C5NGCYZpRPYxZ9NXA1BJN2uWabLc,0.00034857,37.87,0.00034857,38.29
1C69zP6arpLrvUPbtit7L62F8bJX2xvB4z,0.00031007,35.73,0.00031007,38.29
1LqYs5tb7FoCmGa1M9mdAxXwy2qJ5hhbjN,0.00032483,38.88,0.00032483,38.26
1GRuS7ExMqJWmiYLAvdYuaryJkhezib7my,0.00032503,36.81,0.00032503,38.25
19AqagbRaY5gWTsgXjNxSsov85uihGCwkv,0.00033,38.29,0.00033,38.04
146WnuVS9k3fiw3TdwUBT76eVfPYggHPpV,0.00032038,37.49,0.00032038,38.02
1CgAwdikC2PRvKaST5LM6KgYrvkesnC6vH,0.00031978,37.94,0.00031978,37.94
1MwicoaWaCmCvgcJQdE1uJ7oKet8KtqBFa,0.0003393,37.06,0.0003393,37.9
1DjcBwadHbKaF7LQSoKAG3yqv8TUhDgr1J,0.00033885,35.77,0.00033885,37.85
1GRrTZhofR1YsjuZFZ7K52F67EASZhDAmH,0.00033216,38.01,0.00033216,37.85
1JdZ9WJ7fUdcuBWq56LJ7hjh4BH2jKWiwu,0.00036564,37.81,0.00036564,37.85
18cfETYGH3Xzs3gUusKpv7JenHYQyKnERm,0.00035622,37.79,0.00035622,37.79
17Yyz6BBn6fEEDErJyH1gPsQ4fGcapcwEo,0.000306,35.66,0.000306,37.79
1FgwNBEGr7S6ur4FvUikqsdLYNqfY2nNwj,0.00032063,37.76,0.00032063,37.76
16N2PezbKaghvGEEhnHX8SjSpM5Z7XnCHD,0.00035722,37.74,0.00035722,37.74
1APfpZw1e9faUSphmqzDSQU9W5jJVq6SSj,0.00034812,37.69,0.00034812,37.69
1NGeykHz1ShuxRcRdWpkL9LdKixqSdLzro,0.00034909,38.19,0.00034909,37.62
1DhbVfsyo81a2WdTCAgeePYP3Jej1Yyfb6,0.00034073,36.93,0.00034073,37.54
17btp8kNpetBmEutpn7kYTmLp45hyyueg5,0.00036339,38.03,0.00036339,37.54
1MzJS93ZRKXnuDFzkGJc5qRaTALvvdX1mQ,0.00032282,37.52,0.00032282,37.52
17vmzH68uf5NbsccmCxfwhYVeSYzT8A21G,0.00034024,38.3,0.00034024,37.49
1LnkWcPLpWAP9nS6EBic29CQ8XTsFxSGd4,0.0003453,37.05,0.0003453,37.42
1LiE4kDpsH7FXXDjct4huXyt8LcKE2xatT,0.00031665,37.38,0.00031665,37.38
16tu3nq8Fr93adANL9BMpDn98hVKyf2YG3,0.00030218,36.94,0.00030218,37.31
1GGw1p3Wyw4ak235DSK6H6GDsCxAk3iP4p,0.00030189,34.82,0.00030189,37.28
1MMbQf618yHaCHqD9CUKVPN8EionbPxjVQ,0.00032663,37.31,0.00032663,37.23
1FpJ7x5wEXtucF1ey1aooASsFVfGzcFZ4L,0.00031607,37.64,0.00031607,37.22
1PYphSmRASxBPxs9REgEhnqvxj7Cnv5UnW,0.00030106,34.41,0.00030106,37.18
146rbtcZgiKHbjndH8dBj9PJV8E1vfduLH,0.00030034,36.71,0.00030034,37.09
162NRJxAKUkNtitytT3nYsTKVPTPxcQUzA,0.00031565,37.11,0.00031565,37.06
1JkFjVCjZdxzYyctQcPCaXQYe83Vy3Se46,0.0003137,37.46,0.0003137,37.04
1DD91wq8y2evWi3xT5Bmheuz4FS5nXyEv4,0.00029991,35.01,0.00029991,37.03
1Czs3bx8nEkfsLjBfPxB5EDfRk8Gij9QaH,0.0003449,36.9,0.0003449,37.01
12m5QFBrxSccti4iDJ1iA2DF9qk9BxTGLG,0.00046605,54.15,0.00029967,37.0
11goVHwct7sU5jkVrBFEY68fVD6V6rYMC,0.00029939,32.63,0.00029939,36.97
1ukWysX1DkUUa6anf9b9wzoKUhFTZXFdY,0.00033545,37.12,0.00033545,36.96
1MsCdEjjgpzrCD6Zwn1QBzPp8Hu8NsvVYU,0.00034418,36.84,0.00034418,36.93
1QLbkcWczZswN2YC6KLijpUjrvdyDFAXXn,0.00031164,37.01,0.00031164,36.88
18TpNN8vjGYTCwfcmhKhvHUXhD7gSzDh8p,0.00031994,35.56,0.00031994,36.88
19j7prb97c1iobu39rRFdmWDJzU6dEVfb4,0.00051228,59.9,0.00032211,36.82
1Gd8DxYZvRukzhnpEmkwzjMA3Wabz8exoF,0.00031352,36.85,0.00031352,36.81
1B6bzPkSTFcrvTKb9hkw9MEhyeXZzcGmyi,0.00034,36.81,0.00034,36.81
18U8cm823M9HVx5qFJ4ufyojmK9hr9ryUH,0.00032934,37.07,0.00032934,36.79
1P5TW4fEEzWMYgdwbJHkzqsxXXuBW4bMjj,0.00034843,37.09,0.00034843,36.79
1Asgzzy9yCZiXS2W5jpnSNiUahta7ATAWx,0.00033369,38.52,0.00033369,36.77
1G2NEhf39Kj8JYf4hvg9nmqcH5CRbbZ1S7,0.00031172,36.92,0.00031172,36.61
1BcTSe6CaG7ik7Pr428Pf3hNb96VeQRuiK,0.00033762,36.23,0.00033762,36.58
1V8jApnbVZjFP545UeRKqTGZ6XvEgHJ2k,0.0003221,37.07,0.0003221,36.58
17EGrmsJ1XeY7AdTSRakSTiaHuCYv3DdMw,0.00033728,35.71,0.00033728,36.55
1ACKtKDM6un26PRg3hFc8Kak8mvq9DYRDV,0.00033911,36.6,0.00033911,36.54
164v2X4bHEaKUsfXgWpWX49XnzKXma5ABr,0.00031081,36.55,0.00031081,36.3
12Tr3LKG6eW9dkU9htqdsVAuZxxX7LmDUC,0.00032938,38.52,0.00032938,36.29
1FqVPnrSvWp43Lp9nCz4hgHD7pehaj7o2u,0.00032485,36.14,0.00032485,36.29
1NPuwBZEdBzbmhhNrRHyEagGJohreiv46E,0.00034174,36.11,0.00034174,36.25
1NaQQm1756ouMihc7DviVZo1nX1UhmiArW,0.00034148,35.97,0.00034148,36.23
1Q2QLaDpRNcuj4bsoi9xpVer4DfKR85Qzy,0.00033068,37.41,0.00033068,36.15
15QdBfv38b7nVgS3r1SsNeDxHvvV7NZ1nC,0.0003455,36.12,0.0003455,36.12
1FcRPLh5LFrG4H1HrpDoDHVUziJFWz93cn,0.00030021,35.03,0.00030021,36.07
1KfFvUVexEoUswfsgU5kT8qqMxv8VpqpKc,0.00030591,36.66,0.00030591,36.02
1P7q7P2AxoEL32zUBfcxUkNtkqQBd5CDDm,0.00030937,35.96,0.00030937,35.96
1AW1WziLbLrZHCEDmEQBpQNSzQiAzFP2Xn,0.00030904,35.57,0.00030904,35.93
1HidbkNjvoaqTE8q9npNJZ2hRzrf1VMB4H,0.00031437,35.71,0.00031437,35.92
14B7s5CCFywyQMoivm1nwfNTSMsC64bUbK,0.00033589,36.0,0.00033589,35.92
1PHS2tMuZpk3i8SQBPgJnGVENCdWyTd8ka,0.00029085,31.89,0.00029085,35.91
17hZDXmwtbqCnkyGrKsjPFesQmgAUzAgNX,0.00033962,35.86,0.00033962,35.86
1NqsQURRMKtUTLf2DQqUm3rdi5pnuAf3n3,0.00030352,36.17,0.00030352,35.83
1HALYMrbdfjbxXMDUd8JcWcRqQskuV3KJj,0.00032205,35.08,0.00032205,35.82
19hVdQxJfbCCQ8iC5AKr9ehhiRHiqDHniS,0.00030559,33.82,0.00030559,35.81
1CmDefzumCiD3ujGNViUDBMq71dsZmouGz,0.00033042,35.8,0.00033042,35.8
1HNiPArPmYhmZRva7CaH3e9tVSn1tFMK1v,0.00030756,35.81,0.00030756,35.79
1Gm8npAJiMqJX5XAyLJycYa5sLf1Z8CLKh,0.00031291,35.1,0.00031291,35.77
12tQsH5iuXqoiSetL2wYkNYwAoxTmNoD9V,0.00030286,36.09,0.00030286,35.71
1A5xL6Tb31nYZUXvt2n4gKPXEA1J6As3P9,0.00034061,35.66,0.00034061,35.66
18GDEvVg6aUVmVQK8kuy4mf6rY6e3Nx3kH,0.00032057,34.71,0.00032057,35.66
16ZL25Hmj5Q6Bm6wnsv2jtsywNwhuZjR5d,0.00031911,34.56,0.00031911,35.65
1B6PjPgRkimjTwgK5uxdvKYRVCZYA6My7T,0.00029961,33.95,0.00029961,35.63
19EfAUFm6TBSkXvjgLRmkUat9eESfkKcjM,0.00034495,35.69,0.00034495,35.57
16tE7ZwzMLtoDDACfPFPipv4EGo61VNFGg,0.00030057,35.57,0.00030057,35.44
1B95bev3Ut2cNWtW8aWxqHyaeamkaNXtGr,0.00032148,35.77,0.00032148,35.42
1HTS52u5NBsqCMjtxdhqM4hJdUvYksDbme,0.00034175,35.58,0.00034175,35.37
1JXwTw9AgSf2JnMRpqckiibZyrtkiS27uL,0.00033337,35.36,0.00033337,35.36
13yMbUGuUuGY2bURcE9Vo2gAJiBcEqfzYa,0.00033485,35.36,0.00033485,35.36
13zaQryUiZJz9jnFd8XMKQSMt9X51aZyyH,0.00033578,36.07,0.00033578,35.33
15wm6ABnhBuoQcjXcErg7zZNYADSLaC76P,0.00031613,34.4,0.00031613,35.31
14vV6GQvuQW4xQdZGwLoxn8PCfmfkbVyCU,0.00031581,34.63,0.00031581,35.27
1MH9bwLLmdmjSRbfMArGmpZhvDcu3YX6Wy,0.0003289,35.13,0.0003289,35.25
16xrrAkKNhQdHe4Mc9gs94FPpPRGHGk12d,0.00031652,36.79,0.00031652,35.22
1DzzvqQJbw21oAyWcxS22CUkZxATjaDf6f,0.00029691,34.07,0.00029691,35.2
14azWFv7xBDrm52A29JQShnbWFF5ZUuqJb,0.00030524,34.05,0.00030524,35.18
1F5YqX6D3L9pLaV8156cLZBWxcMTttNGmq,0.00031903,35.18,0.00031903,35.18
1GkmEMTGKHg6Xbb5dHhyasYzuHaz4eFoz6,0.00030523,34.86,0.00030523,35.12
19B1gXHJNZTZV84qtCx5tu9LPo2uwVuSgM,0.000332,35.04,0.000332,35.1
1236Ppyc3jzzBLhduU1vho2WcY8A1hZZAL,0.00031464,35.0,0.00031464,35.0
1Q5C1vrHJY3RWRZREw1kibEvau5JNXJ65h,0.00033876,35.45,0.00033876,34.99
1KYdWT5WvqwZyn3JnZxEKKM6bT64hVpuag,0.00031457,34.99,0.00031457,34.99
19g38hZcfAgHVsCJtbKZJ3MqzwVtMEm4YH,0.00032381,34.97,0.00032381,34.97
1FUQAuPcTF7pcihAB5SmvRoLXBpYgqWb2R,0.00033848,34.96,0.00033848,34.96
1EtV6sCggGXtTocwCHE3H8FGrmacgNVVNo,0.00030387,34.7,0.00030387,34.96
1JuquimV4642TJTW8cuM66y8iF1nRNw9UV,0.00033171,34.95,0.00033171,34.95
1PNtCNukMGWMDbVRa5XKimzvatBAvdzwc6,0.00033427,34.95,0.00033427,34.95
1AhAnUgvJo87gzmd53h42hkNeeFfUvXKnP,0.0003241,34.78,0.0003241,34.93
19GicGqdYmgmeVPUMBLx8s3ugtfUUQwgS9,0.0003234,34.92,0.0003234,34.92
12ypeff4qtqWqZfjU5eGFaCpr1UoNgPkHk,0.000316,34.54,0.000316,34.86
136onXNmKrHLVJT1uSTXpSmAU6B2nAtmo1,0.00029371,34.84,0.00029371,34.84
1CCYzF5tcQoZv4s4RFXxSYrX6mTnhh96fi,0.00032572,34.55,0.00032572,34.83
1F2Da1MBuvrYTAf9XwpCN5eTxqqJZTURbh,0.00029629,34.37,0.00029629,34.82
1NQPwTHyCJHXXWJMbbxAbPJAej8nP6Fkbp,0.00030454,34.61,0.00030454,34.81
1KmBMBSRrquqF5BysS5xWi6rbwygK4gsnH,0.00032544,34.8,0.00032544,34.8
18pCFq3Jwea2v68gvSGcn18P4Nccsdx1R7,0.00031972,34.8,0.00031972,34.8
1Jbcqby1bxAyBWYTGtdKvPHjPtsNWHL8dd,0.00033018,34.79,0.00033018,34.79
17nFwngTfdz19Md5L4PWpFQsmebobXBYFx,0.00029752,35.48,0.00029752,34.77
1MnmMptwx4d8jeZQH2w3VjTJMmiGRb1DF3,0.00031544,34.93,0.00031544,34.76
1EPsKGHZZMFTjMdvtFC7BJQx9TyBQiLwGA,0.00032244,35.13,0.00032244,34.75
1HyakXM9ymVCnvbK9aFqm8eT6x724N7NrB,0.00029363,35.22,0.00029363,34.75
1BhAwrcxrHt6pLj3sEER8tGjj3nJY3HAeh,0.00032071,34.71,0.00032071,34.72
1NKSYtZUbQTgSeS1Q8kDiazNyWPKknw3eE,0.00038616,45.25,0.00029568,34.72
17Uq4Y8ovHrT24pAe2pLyqDnzd6F6F6LZW,0.00031076,34.98,0.00031076,34.71
1DM4yk15yJZKkHQvtMkfivTxdSEWhm42vg,0.00029565,34.67,0.00029565,34.7
1DdhK9DR8TSPRQmPK189de3ScZcQR2PF3N,0.00033145,34.7,0.00033145,34.7
13RFxWkya5pJnBVvVrNJGkdaGS2dixGtih,0.00029851,35.05,0.00029851,34.69
1EpSJJDuKw6gQJpxobAoaDfqGuUaawCNhU,0.00032162,34.66,0.00032162,34.66
15JprrngbXW7munQCcrHarZ7DdcAo3hUTd,0.00028059,34.34,0.00028059,34.65
12x2eiXuta3m2LssnGSnKv6jPZM43YJe5N,0.00033381,34.64,0.00033381,34.64
1KHRVeaeP3UCHiGYoEoTRaT9DpQqUdCp8G,0.00029408,35.02,0.00029408,34.63
15LXg33Bz8bxKQ1rvzJbvUZgVAWPBfxZL9,0.00031801,34.62,0.00031801,34.62
1D7qZWxYgKxJXZKivn9Jyp16uFWNezAwVN,0.0003236,34.74,0.0003236,34.61
1EbKAWVN48ezxv6P3xPCJNV3ibyJhyQqdc,0.00030023,34.11,0.00030023,34.6
1Bvvh5R6iSwh4JJxni4tbdAKJocfZsiBJk,0.00031767,34.58,0.00031767,34.58
115aDzej8kWyF8S45Y5t9PkJtdNwWLPH9a,0.00031729,34.72,0.00031729,34.56
1NPotG4idDoM7xzeqpotLboPkLkC6J7UdV,0.00031368,35.04,0.00031368,34.56
1B5AYxMpvG3xhAwPpmXVcaiXiDMDBjDnVC,0.0003135,35.58,0.0003135,34.54
1F7Csv8tFqQCPKFfdHqRoTpPMB84rhzDzu,0.00034209,34.93,0.00034209,34.54
1A1SCWkmjThdH1F7vHSdVzNyQrhRJjgC1L,0.00027967,32.57,0.00027967,34.53
1JdBvGsuKJb42T6US7JoBkEPCHkqmNicTq,0.00030665,34.54,0.00030665,34.53
1DQQcPKcvezTgg7vUi8C4Gcb9h4rYNzPdZ,0.00031184,34.8,0.00031184,34.51
19GA9XkyuKVxwoM9bC7q7hX12Urb1fYoJ,0.00029938,34.86,0.00029938,34.5
1Db1vMNRKYNbPKQzPrByevPq4eFm9EgHDX,0.00029979,33.87,0.00029979,34.49
17jvJaZHQFWkwPpm3skcAycsFVBhtvqq4,0.00030748,34.2,0.00030748,34.35
17PAkkogwuz1cvzmiDekZg9Loe3XDmYT28,0.00029141,34.7,0.00029141,34.32
17gMujjE5DwCnSkzR6CHXP7dZyynzgissM,0.00031121,35.03,0.00031121,34.29
1Jt6t5A1WHkyYnTQDHZmXQEbRJugLDtDjT,0.00032825,34.42,0.00032825,34.23
15wuyb2aD34dX6jhksMJeJRDH5ng4SeN3Y,0.00029375,32.95,0.00029375,34.22
1LECHoZqemq67gEy6Mp9ubfCBDRYWjTAE1,0.00032307,34.17,0.00032307,34.2
15b2GpuVkxPPVFyxf8SA3ygERwngmWdxyz,0.00031032,34.68,0.00031032,34.19
16zAkHSYRa4YCVbpMCX64ANHJb4jJBigJM,0.00029534,34.8,0.00029534,34.19
1EwmtVpuNwoEGoQj61FhuptB1Gsu1QX9vY,0.00031698,34.13,0.00031698,34.17
1D7ACLPSGPdrAmkbX6tR263KReGpnqmhHY,0.00031004,34.5,0.00031004,34.16
1K5vr6QCzi5krJ9notj4tvAvY2FWyzwYJy,0.00029,34.54,0.00029,34.15
1JiXj9hRRNd8ptj8Jq6UFcAkuw8auvzeJ8,0.00031006,34.27,0.00031006,34.13
1HzduE2akJFEpNhQ6p9m3BfQrty9ce2pR8,0.00056425,68.29,0.00027634,34.12
1P3Eg3C72EkndDvhQqwRrxWuFSoDhzZPNq,0.00028891,34.08,0.00028891,34.07
1C2TvBqoUKLrykYWo6uCbYBShQymy4Led1,0.00030876,33.73,0.00030876,34.02
1NpQ2xykYbyC3fP9K7pUN1Tm3d4epSZESL,0.00031673,33.91,0.00031673,33.98
1BBydLSEwAoPjcRqgwThWH9bTK1Tg5hmKK,0.00031502,34.32,0.00031502,33.95
1D2NodSjJdHvBa5yinmRKQBmweC2SeuDPm,0.00030734,34.69,0.00030734,33.87
1H5JNprRLvx33jrja7LmHUQChJbRK1sNSZ,0.000328,34.03,0.000328,33.83
1GmZ9tYFVLyuBAdb44NGdRNGR6PsJRQXaN,0.00030343,33.05,0.00030343,33.75
17hvVDidS5LHHAxbVHvAYKDM6Jj3Dt62EM,0.00029037,34.35,0.00029037,33.75
1wVymbL1TRgppRRx6uSts8RVajruGQdED,0.00028641,33.77,0.00028641,33.71
1G7g6rhgm4bf5TyjMaL6rfvQwzV75wBtGC,0.00030553,34.49,0.00030553,33.67
1NFzfBWRW566NUTuqXRTCxvpnDKHaFCW4f,0.00029,32.26,0.00029,33.64
1BzzfA1con5UtYHLPqFfPj86kWFfkLk9yj,0.00027367,31.72,0.00027367,33.45
1Dj65k2ihuZhxxGZv4et9w3NxDSXwCHBPr,0.00030028,32.71,0.00030028,33.4
14NvjAHGYP6BpUt9ygoTq2ig5kmNpSnEu2,0.00030113,31.7,0.00030113,33.22
1FsHf3UKhsVqKsAdRgv5Y8CJtbzHa3tbA8,0.00029865,32.53,0.00029865,33.22
1LUDKuRmiCiaC3wDaH5t9igNh5w7z67qaN,0.00030631,33.16,0.00030631,33.16
19xNFAjk1GLXNx3URHXZctozdMCVP2pswV,0.00028597,33.3,0.00028597,33.1
1DvQxYUFE6HFeUJ1rHUG4nrGaozzABBZp8,0.00030547,33.1,0.00030547,33.1
1Agmx2sttmUkfLweYKBU8oHKZ5tpJKAt75,0.0003,34.28,0.0003,33.06
1C4Q8Ji32zJLkDrz3oqFyhXHRnBs3rWFvM,0.00028063,33.55,0.00028063,33.05
1H2srT4o4wVB6UJSCT66w62FLFFBdfAdqZ,0.00026721,31.21,0.00026721,33.0
18Jx9J8ckeLozymNXXrtG7RKTh87ouYBzv,0.00030226,33.08,0.00030226,32.93
16YsvjoVp5BCz97JgqJzBD7HsDaA35Ec3r,0.00026653,29.87,0.00026653,32.91
1NzHusT1FiAJxnh7KGH4fPg6DEFfK9C6Gy,0.0002664,29.44,0.0002664,32.9
1ULqR7qroXk1NMzEHwHpB5FVo1FEEptXP,0.0002839,33.45,0.0002839,32.87
1DSKgMH8oYCRTaBiLF2dcwPYx2GxNUgnBN,0.00031366,32.81,0.00031366,32.81
1MqyTus2UeXDXbxKN3mrSG9NieRo6j3Muq,0.00030909,32.79,0.00030909,32.79
16kyUBEH6Cp5HvEzVtb7cxYdSzFCJLfUGV,0.0003045,32.63,0.0003045,32.76
1EaBuzb5usiZAi9eu8GPKN9tNJkTYTmWCb,0.00027655,32.46,0.00027655,32.73
1GZWeNxXygHHXkFsQEB4xTnjnpgPZFtcx6,0.00026435,30.46,0.00026435,32.64
15soGNMe2QmqHk7fd32mG8DohNd7smGryE,0.00028058,32.92,0.00028058,32.61
1DFpdMVh9uasCC5HrGnQyD5rxR4SQo9ipK,0.00031459,32.75,0.00031459,32.56
14jyY5w6XAPFNKLTKGN7uPkQzo6ct22emz,0.00026369,30.71,0.00026369,32.56
1KvPv5AaMVzweXmAkzgDPg2VhCD9Gwyktv,0.00028068,33.11,0.00028068,32.49
1Ny6d8szY697MU2eNUvhVg1Ja38pUfh4fy,0.00030528,32.34,0.00030528,32.46
15TS33NDDLigoy8gmcrUtnK3F1jVjAKWmX,0.0002764,32.44,0.0002764,32.44
1P7ukfjgsCpaeJTKU3yDrji5DaYCFoGF9R,0.00027308,32.16,0.00027308,32.4
1Jwp2boeceaoMrCYaZt2HoJ7VzhFyhYZFf,0.00026391,30.9,0.00026391,32.26
17revcNQoXH1pCXqB2QRzYDjErXfxLaEej,0.00046238,55.21,0.00026111,32.24
1GKQCKy4PS9qLGuYHQdx39H4acxqyDJ89V,0.00027937,32.2,0.00027937,32.19
1Bdg3hhDaeEYCEZ9WLnHogzpoYqxfvipgN,0.0002797,31.94,0.0002797,32.18
1LwdxEPmpsNhb5ynNrBM2rc4nz4qyaCs2P,0.00030868,32.43,0.00030868,32.16
1D4q2exYuqQGbup5v2KQbtPXoFzDzzPh58,0.00026273,29.94,0.00026273,32.11
1KosfDzDZRUdTX9rJhNy3s5pSxNq7ybPa3,0.00028054,31.94,0.00028054,32.07
1GJEZiC7mqoH9HkKtXUJBFdFDmDM7N8hUc,0.00029869,31.94,0.00029869,32.05
14s7Kkm6RDgckZi1a35KXRGQaMpZ96MEW8,0.00029575,32.0,0.00029575,32.02
1GB1VdkfBa7a4R8TxrKrcoPeBYZqcjBigv,0.00030182,32.01,0.00030182,32.01
1K2fszWo3VDbSnMcnzTsBHo7RhqCGuhyJM,0.00029708,31.93,0.00029708,32.0
1FVJpSQGcA3DbHz6u9bSEiNfkvg3nmoojH,0.00028996,31.97,0.00028996,31.97
1Pnz8FeYzsqcA2pBi7QaHhoFdHjEVBMDyU,0.00029811,31.72,0.00029811,31.97
17jgbYSLhGXAXubjYzHKGrr9Bxfkd2wXyw,0.00027,31.94,0.00027,31.94
148fDhokSsz2uoQpPBMWj4RGwqz6bRFkgv,0.00028381,32.91,0.00028381,31.94
179ckWm52hAwL4hWjkoa3oCFE7XzDkJphx,0.00027186,31.97,0.00027186,31.85
13fKbE9kHFopz661LZZ8wfFFMHbraRBBVd,0.000289,32.15,0.000289,31.84
1KZtezU3pf4adN78KHKtF6CKTyy9enHkLb,0.00030427,31.82,0.00030427,31.84
1B9nRq7ygYGuotiQ5K1cfv6NMfkEvvPy5b,0.00028891,32.27,0.00028891,31.83
1b9v7gLjjF7bYdSS3QK5AHKHdAQwsoX3i,0.00025762,30.09,0.00025762,31.81
1Q1frSJn7X1WAwsptBSMqp6rhivRzVe3N7,0.00028863,32.58,0.00028863,31.8
13F6HnTnGB9uZUQ9Vhjq6oPKYvDobqQkZM,0.00029554,32.3,0.00029554,31.78
1LDpFMef2sSy98UBRp9GZSbgdCc8BhP7Z6,0.00030072,32.01,0.00030072,31.75
172YSKFZcAmByt2HTLuGtyu3cRyBLLJJP,0.00029986,31.69,0.00029986,31.74
1CdgjtCcjgpuRKBFwBSNENfAhAsb6JBcRe,0.00026851,31.84,0.00026851,31.64
1Hjb4qxDgaNg6H3gkLq2ThLfgV5qafWFZF,0.00027671,32.08,0.00027671,31.63
191qKQhb6Efj1oLnnLHPHsT582u9HpksWG,0.00028642,32.22,0.00028642,31.56
1BkC4zcJxtdmg5wwAjmfhzidvcCgVicY9X,0.00029817,31.47,0.00029817,31.53
1P9pAPVXbBGweqDCYkFjkdrsTGqcaqcmpi,0.00029634,29.92,0.00029634,31.44
1EJh4KRXMrZ9ioFeoiWRTqLwWWoYaKbzp3,0.00027,31.68,0.00027,31.38
1JW5smn4pDuUfAgwKPFNP9cMixSSRAEUVR,0.00026841,30.49,0.00026841,31.36
1FMXbXShrnzbjjV7SGDv8PqAm42mXKp3TZ,0.00029702,31.62,0.00029702,31.36
1EZDzJJW3LvcE1usnGi5BPrW6zuAcMr7us,0.00027418,31.6,0.00027418,31.34
1AwmkD24MjfZiWnTB5drdffsuowAKziXFK,0.00029657,31.32,0.00029657,31.32
1MdGFXWAduU5SKtiFpkwT4zKuctEPb8jJ9,0.00030026,30.48,0.00030026,31.31
1He97UoeNgc4cauMZ1aaRubafc8nvhc2TD,0.00029503,31.29,0.00029503,31.29
1F825LvdKc1wRrSWQMzg6qcu8vaDQNUC6p,0.00026463,31.59,0.00026463,31.28
1EoUEq1W6kU15QuPMhn5rUnXRXfujo1cWq,0.00026516,31.6,0.00026516,31.27
19NCsxJXkbUwfNJ3yugKJmPmKEi1R8VUKD,0.00028338,31.68,0.00028338,31.23
1KfiEwxQNmy39x1yVRSe2pMJEeP7bs2hvK,0.00027,31.61,0.00027,31.11
1PDbaPop9apjRpAJ6wGApbCdnVufeiki2Y,0.00025896,30.73,0.00025896,31.11
1LWCtqv9WGPrzNMdZHJB9nLvPkqvWzELfx,0.00026731,30.26,0.00026731,31.1
12XMfokjTgywggcN8n9JpC8sk3n7ka81AY,0.0002934,31.06,0.0002934,31.06
166FU7fWWRWFtPRBjiw8TYEEpuPzpzCqKF,0.00028826,30.34,0.00028826,31.06
1PbAcHDYVJmD7q41AYY1H7AH5G4753icdi,0.00026974,30.81,0.00026974,31.03
1MBnj3YhW7wbx8N6rUFXqKGPfGFKQz6Gqi,0.00026914,30.16,0.00026914,31.02
1JPWZmqYC8rpNKKUwxSTsCpVZ3rT24WHcm,0.00026391,30.62,0.00026391,31.02
1HcB5jUyUZrjnVHtGvkWgBisTw1JouY2eh,0.00026962,31.0,0.00026962,31.0
17wHLgfNgkQ2UGiBaoCzmemGujaLaFXPV2,0.00026312,30.87,0.00026312,30.98
1GDYDpdDEUZJUQ8nfoQyenTuaKaf3PPWcg,0.00025777,30.08,0.00025777,30.97
15eiqgYYAdXzKvL6ygnZPTXp26GPCqzFtP,0.00028101,32.11,0.00028101,30.96
1Le5jvsTa12HiDjUwtmbVkEPzd8tcomzj4,0.00026161,31.07,0.00026161,30.96
18CYixnMBDbDkmeefrv2wkPipbzaNFBW7U,0.00029287,30.95,0.00029287,30.95
1HW5wkz8yCSLAci7hNymdsb5hoqHN2Zr36,0.00028055,30.37,0.00028055,30.91
1DqW49eX5NwuAf7EBWAhYfEqBgJJ7ZkHz2,0.00026629,29.62,0.00026629,30.89
1LBFPadMHZ4Re7gRYmbrY9VZVkNmbRR17,0.0002614,31.22,0.0002614,30.86
19aH4Wc3jKkpdc1VeqcSqM5EoYwEGpMrgn,0.00026772,30.64,0.00026772,30.84
18kEemyenYzbfprjraX3k7nR3tFx4G6Ueu,0.00029264,30.84,0.00029264,30.84
1GntBU1zReEp2GKmyvzb6DkPK2agK8bysH,0.00029188,30.77,0.00029188,30.82
1FZE5FJApZh57hWXKaqYET8ZZavbCai1mZ,0.00027886,30.22,0.00027886,30.73
1Mfdn2WcKGMsbYmAqdWAFJ6bM5Sxjh8iqp,0.00029071,30.72,0.00029071,30.72
1PvXa98TaD3c6maFQ3vezrtnw3hBi9wquu,0.00028187,30.85,0.00028187,30.71
1FvpaPACyAorT7fhpVd8YDFFMaYPYNe1HY,0.00025991,30.57,0.00025991,30.65
1FfNtAusj2otEMm1DAXhpaZRyHkfQgjdDK,0.00026023,30.99,0.00026023,30.64
1PGntg61jB1SNXUPzzNSAgTiw7oCsj6YMc,0.00027389,29.27,0.00027389,30.59
193MJJ8viiBqAKobQLLySbmvCHs9iHPup6,0.00027718,31.67,0.00027718,30.54
1DLfgEYNCtnJxQZRupAJW6EygH5U7hsxMx,0.00026176,28.77,0.00026176,30.54
1Amj4H8ABp3HZT37CDwEoE6C9ns3a2SnQU,0.00028752,30.37,0.00028752,30.44
1VTf1SfYocYgUGtuGNBfyPPCM96zCWtDc,0.00028244,30.31,0.00028244,30.44
1GuK9PsQKeNpes6fWGTHSKoGMi2fXU6LW8,0.00025306,29.47,0.00025306,30.4
16ry42URkGXKpWt92pfqXkhFs9HHE1ora9,0.00027289,30.05,0.00027289,30.36
1GtbEB2AgHqKVE5gxbG8irzLHyWMwK6AFt,0.00027529,30.77,0.00027529,30.33
18DynH1Fgi6R7ihucJeuYbEf1UtKxAd4og,0.00028652,30.27,0.00028652,30.33
1Q9F1E1mjQ5YCgYzumDxvYeAPPx4yRqnny,0.00025987,30.53,0.00025987,30.32
1NTSxREvU4rUYbjaym23EesLp1q3C9pGGw,0.00028697,30.55,0.00028697,30.3
1C2Jiet8J36DBHdt9p8GUfcjDfwjJrBqJj,0.00026345,30.07,0.00026345,30.29
19m5QhcCWbNDXQmeyNDMkrWqEFpVxvpAQd,0.00027939,29.98,0.00027939,30.27
14VxuAAuNvepgr5Z7TXK3Jpx1xr6gcaetT,0.0002516,30.23,0.0002516,30.23
1LyujL25vhp5WEz4M3aFzz8rYPkivWy5ab,0.00026089,30.77,0.00026089,30.2
1Gh2NB7PKsYPpMc1x6uTLf4N9P8zwyRA3,0.00025449,30.19,0.00025449,30.19
156bbscr2DjsyuPPXL64g32DefgAkcPmnu,0.00028874,30.84,0.00028874,30.19
1P4GtT7fj7B8NLNK78WjicFu4QZeSzcQCB,0.0002846,30.19,0.0002846,30.19
1hWfKArjJnuLZa8eeE1GwURwpFjwWFdp5,0.0002925,30.26,0.0002925,30.16
1LMKyQCBLvXAH5mXBe12RkcWB1osDJAPiv,0.00024406,29.87,0.00024406,30.14
1AdzSJM18oLpoUCDz7fat8RaxoxmdvrxPQ,0.00025807,29.68,0.00025807,30.11
1pXfeefmvUFHCW1xkxdmKoK6Qm7ZrUYtU,0.00028429,30.03,0.00028429,30.09
1CtzXbGETtT13VEuWAxAMuhdyq74gHoMXy,0.0002876,30.37,0.0002876,30.08
1516Q6SVoGVpSP13DQWVUFinJ8YdnF5mJL,0.00025771,29.63,0.00025771,30.07
1CFY15sUyLMKiLsqwHQEGQL7pphrCVbgmd,0.00028974,29.99,0.00028974,30.06
131etawZCmctAJR1cnhQCe63mf3ucBLYEV,0.00026129,29.84,0.00026129,30.06
19S6GK8vT33mLtEFERkj97yXwFoquoMmFZ,0.00025411,31.33,0.00025411,30.06
1DZG7sFu2EA78RtyAniyigZgGQNUjwpsC4,0.00028339,29.95,0.00028339,30.06
1D7jwwXNteFbKqJEdhYok8UPk6H7WC9Pcw,0.00025595,30.08,0.00025595,30.05
154gc2CEtG6vkY3vSTC9XRgev1AniHn1K9,0.00028633,30.03,0.00028633,30.03
1EFTe7BRDX1QC1unEXnmCeFncJstdpRvr,0.00026996,30.03,0.00026996,30.03
1CjjaRJ4LpyL4yBxFzwkX6oPFsoDbXLDdT,0.00026088,30.0,0.00026088,30.0
18adTFLWXPkG3z1QY4wGzanYwRok9DpMBD,0.00025433,29.99,0.00025433,29.99
15ZjnUQdydxC576Rj5mkZZJTWyGFfapvC1,0.00027546,29.98,0.00027546,29.98
1J15cZg3xLQvCMCCHGwtcYTx5AW6FdgNbi,0.00028016,29.96,0.00028016,29.96
1BrDyWKfkQbWgSZCrwhU5VTJzNhemAGmhL,0.00024248,29.68,0.00024248,29.94
15o855QfsJd37vf5YH8tssRVk24msD8CpC,0.00028982,29.94,0.00028982,29.94
1HNupqdcoNugV1YextW9mWBNJufQ2GLaEg,0.00027167,29.91,0.00027167,29.93
1HrkmESWgqvfTeAuEEPTG6FiB7thvVQzxi,0.00028842,29.93,0.00028842,29.93
17R6Lh8ZcFm5aAi1VfnsD2LKxpYQzqgc2V,0.00025649,30.13,0.00025649,29.93
1MQzUXXDKnvhYxeZBdCiWQ4EQmtUxjkvD2,0.0002829,29.9,0.0002829,29.9
167VZvp7qSb8r8Pvv4hp7Jf2tLKHm19TwV,0.00027934,29.98,0.00027934,29.87
1Dt5weorfzDQuopRKVFsGffbJMyFejtbJe,0.00025439,29.98,0.00025439,29.86
1Mm5vDxevgDiDhw5gZZ2s21DdsKEhrsNRq,0.000277,29.73,0.000277,29.85
1AWN5i5vLzBJUShseKg2WoWhAMKE2EPw4y,0.00027895,29.94,0.00027895,29.83
1L6YfjQTRUqjg9YuqqYaJbbsX6p2hc5YjC,0.00027449,30.27,0.00027449,29.82
1KrB457ZWgzdrgrW3RfmCSEn88VbrcpX8b,0.00027058,31.24,0.00027058,29.81
1FeMLCvRNSSev5xobqNLKH1kog4ch4EVL5,0.0002858,29.01,0.0002858,29.81
14FVh9C2hHBu7saBm5bM3aHar2AHPrYBbj,0.00027045,30.23,0.00027045,29.8
1KeBMFjdpU8KAN8FdmKs5ZE6sqnM9cSPG4,0.00027848,29.89,0.00027848,29.78
196mCJ915mKNPwCb7c5R6Z7ZyqzDrniuHx,0.00028553,28.98,0.00028553,29.78
1LjpW2VGXNnzxkDik3uPAPYtTky2VYD7Bu,0.00028118,29.7,0.00028118,29.77
17gHoRgoPx1AdzDVuY7JEY5wvr52c6jaeC,0.00026614,28.44,0.00026614,29.73
1CXoai3eXjcFDfaJ2cj6WuGorwn9AYvrrq,0.00027354,30.16,0.00027354,29.72
15HovFGrLDZ8LYPkFJdAQNCNMnr5MLf1N5,0.0002839,29.98,0.0002839,29.69
1AiD1pKWtcyNzQjAzhEcDXM3zVoFzmsK4v,0.00027755,29.68,0.00027755,29.68
1PcdixtCMBBGupYtW9wY5Y4mH6NZmKjuVq,0.00026562,29.67,0.00026562,29.67
12mHbhoiUPmmdMy2wbvbd8Fgyrq4XDsUZN,0.00028751,29.83,0.00028751,29.65
1gZPq4dBCGUmaSaPrVqAUx7Jjw2cWU72z,0.00026882,28.42,0.00026882,29.64
1Cq3dpfk4eX1MvgNSrYeR1oxMkE3bM8iMZ,0.0002652,29.5,0.0002652,29.62
1JPaHcN3YdzFJU9CAMtp5SSLxfkVzKu24A,0.00024646,28.76,0.00024646,29.61
1CTaM1J6Dh5xsZALWswyPeHccKZmA7Zbst,0.00027435,29.44,0.00027435,29.56
1AuSfeaH7Fj4kfyAcHvc6xkN7MDsh1sYA3,0.00026784,29.66,0.00026784,29.51
1NzdXf7JbmhcwEAUquNuqAQAK4uQSWt8Lb,0.0002497,29.48,0.0002497,29.48
1CUFZs71jPkhsmQgmQPLREuewAweq8ss2q,0.00027227,29.48,0.00027227,29.48
17ZnxFVEJUn2ZyeB5xMkeH94yiLedQ1sTo,0.00024956,29.43,0.00024956,29.46
176pYegTWognnUachuDHXDQVyK33GuopXe,0.00026671,29.67,0.00026671,29.39
1GtreXAAJzoWnWcwze9NAtqmNj2nzfCt4p,0.00026643,31.16,0.00026643,29.36
1CWCSjaaJnkLYednxNB7oH6Cb11acQq8sK,0.00024426,29.14,0.00024426,29.34
13ou3P8ZGWryVDaeDRm65CjqmmDYUaxUhz,0.00023743,27.55,0.00023743,29.32
1GYi4PB2vKoxhj93MtcsAJpLgDoDbuR2x,0.00025595,28.06,0.00025595,29.26
13MCuaXUz7nXCDsXLyk78c2NWjgBBaGhWd,0.00023633,26.47,0.00023633,29.18
1G3B468CxCGbNsRvvArLPHNSFQ8eunUZnT,0.00028855,29.13,0.00028855,29.13
1HRbGJUgoee5udWNBNmPHug5QZWnd3K7cV,0.00027298,28.49,0.00027298,29.08
1NuYWbnVNQ5VUYKWtN42iQmmVjxGGha3BA,0.00025035,27.85,0.00025035,29.04
1LDKiiVQAh6F21GL9b92rE8ZS2vwrWUQ2R,0.0002455,30.27,0.0002455,29.04
1FGKeKq6o73CxvhusT8XdBa2dnUApiZALz,0.00023469,28.72,0.00023469,28.98
1QLZA2oZg9Vf48a3YcwYqMhHUzcDtczakm,0.00024561,29.27,0.00024561,28.96
1CRxj3r9PuJyddG762cYqeG3TcSZUp5voX,0.00025172,28.75,0.00025172,28.96
1Pq4cnRD9M5XDap6m7orMimWgR1Gf6smWy,0.00024909,29.24,0.00024909,28.95
1KmCa1cjG6AGoQa9Vz6zcYN3owSnLGjyjo,0.0002489,29.22,0.0002489,28.93
1PioFYFpMxom9EZ45mtNpULcL3CXqNHc7,0.00027616,28.91,0.00027616,28.91
13Cs3nwzJjScV8AtCAEknrVACjD2onXWAR,0.000245,28.82,0.000245,28.89
1NcU4bE5YsEPN6pbhC9YaMtwcUQYxnLqDP,0.000263,29.0,0.000263,28.89
1Fp1seJSRmwvKza1myAnk2aF2SMJZEZtta,0.00024411,28.95,0.00024411,28.82
1KFBTfxtFkHPC5s1fdG2P5mdsJUVPS4oKX,0.00024745,29.05,0.00024745,28.76
1HoTYL1heWfDDTuDnBvMFxnHKEsurpVyxG,0.00024679,27.93,0.00024679,28.7
1QBtDZWGdXmPyDv2TYSAseUeTChpRbRqPT,0.00027365,28.89,0.00027365,28.62
1NXawAtA4sB9i3kaVmbXPcr8nstmXcsjt6,0.00026754,28.72,0.00026754,28.61
1LJbFD5N8qoNJ23Gwx2CLuqFgKUoSXDND4,0.00025615,27.04,0.00025615,28.61
1QC8irECP69Mz1ARi3TrLPemD125XZjXEb,0.00023142,25.81,0.00023142,28.58
1DxQyT1N5HaMU1BpniuxxUbP585SAJUBFC,0.00025899,29.23,0.00025899,28.54
1L55CgyH8abCP7Ey8gRZfKTzjY3h7UWs6Q,0.00025665,30.01,0.00025665,28.28
19cbnRCJxcuXAakpkEgg3bjDAPNV5rom8n,0.00025894,27.9,0.00025894,28.21
15H5RLeGmc8nNYppxqepGb4vtpm92phCWE,0.00025568,27.03,0.00025568,28.19
1FEHaWEzNYXxE56nWS8Hw9r65ESBGx39Lm,0.00024219,28.43,0.00024219,28.15
1NipDh2sc6PAZELx8BzGWTqpM8Eoh4rQoL,0.00027861,28.45,0.00027861,28.13
1F6cYzmm6b54kr43q5VFHrgoc1Swwe79Ro,0.00027271,28.22,0.00027271,28.12
1KSSkNhT57fKSRcEaGVVxsJtSCVDGWVEHG,0.00022775,27.84,0.00022775,28.12
16C8cUN1nkL8X6sBoygRcFNWZWe9EUGp35,0.00023806,28.07,0.00023806,28.11
1LPuNPunn1h9TxFiCr2g9snzUMNd8qGiGC,0.00025231,28.38,0.00025231,28.07
1AUQoandmNyBMziieL1NcwVLbuofwH5Rn9,0.00025325,28.05,0.00025325,28.0
1EwPaGdFBetsUwwTYQnzuom7Jxt4bPNp7z,0.00025413,29.54,0.00025413,28.0
1EhXRduM4jb62rabZ7RKCSPuiPCax3vwsT,0.00025954,27.97,0.00025954,27.97
1JXtCDKsjANs5pHQjrbWd1a4T6VZjEr9qy,0.00025289,27.98,0.00025289,27.87
1LSb8eM6wnJmWZvg8Ux7kmnS8xEJLysuez,0.00025289,29.57,0.00025289,27.87
1CDDP8Gbtf15kUu46XSKJ52XQ5LpVqScbT,0.00024935,27.02,0.00024935,27.85
1319RW87sxiVuCuUYtE4Pf3mdapUzqo1xT,0.00025608,27.2,0.00025608,27.85
1oJr2jAkrDUA7zobWnpDSpeSwUJHM3iFb,0.00025188,27.3,0.00025188,27.75
1Dh69vcSGfvy3LqeUsWRcvFiSNDvnpiDTN,0.00022454,25.31,0.00022454,27.73
1FqkpKGZBRHmKnGpmHdV2Bbra5QzHmwySy,0.00022418,25.4,0.00022418,27.68
1F3f3WPh7reudxRjPwXJHTiXA19VnedMZN,0.00023798,27.93,0.00023798,27.66
1AQpedhMSvtei5q4thfdL3G3KoCtgByz92,0.00026372,27.66,0.00026372,27.66
1PGhjSJaBHbvE5ZFAQJ1PkCZzhnDnWD4M4,0.00026057,27.64,0.00026057,27.64
1E3xVU1YbKfJUa78YiZU22eXMfT8D6Zyzf,0.00025357,27.64,0.00025357,27.62
1C8knqojAbQHxMaXcjkRrJvFqNDZ34tZQg,0.00022357,25.19,0.00022357,27.61
1KHDCMY6QpTXnqmRzeVHnr7BeN1FQo45jd,0.00022352,25.07,0.00022352,27.6
1D13nMAjKjhbJoxAR67mqMdwTZqqwU56VE,0.00022342,26.02,0.00022342,27.59
13kNKs7iwqh933HK9pSPb5wNrc3jD4H83q,0.00024974,26.41,0.00024974,27.54
1PpVtQr9cyAKA4osmDJgpML5sV9bk5QLke,0.00024956,28.17,0.00024956,27.5
14cWhP2oXkczYvgGo7L4GTzKyn1FPTEnR9,0.0002591,26.16,0.0002591,27.49
13vf2r68avyHkJJAGpTE7hs4qDkePn7Btz,0.00025883,27.4,0.00025883,27.4
1EX45vvriwLK3VK5WgrJSpQiVK1qLTrsfr,0.00025117,27.39,0.00025117,27.39
1JBuQ7SFdRFZW8Aan9oDqVq3kCYjsRrV1o,0.00022159,27.12,0.00022159,27.36
1JBUcxAJi7GKb5DPkyEn2oVCwkG2Pv8NZQ,0.00024125,27.65,0.00024125,27.32
1DaZLHu2FkZDbJZfZNr61UpF519syEesLA,0.00027041,27.3,0.00027041,27.3
183i55X24Sd1EYoMAWYZhbzZ7oUASSwR9Z,0.00025715,27.09,0.00025715,27.28
13pAu4qYnEVq7XcTp5LmyTmgjYjFxUWT3Y,0.00022049,25.2,0.00022049,27.23
1E33sUH5ri89oWYGSFvj8h628H8N1XQrkM,0.00026352,27.22,0.00026352,27.22
1CP8iKqwQZes7JhjyDT6hYaSFuXeatujaC,0.00024693,26.87,0.00024693,27.21
1ChBQQrgymh7NoUcLF2zjhyMY7MUe5e7h1,0.0002351,25.91,0.0002351,27.1
1MHvtoTVjJXs9DHcNNd79Di1uBYeqFXxY4,0.00025506,27.71,0.00025506,27.05
1GDke2g5nLMevZLyN5ChmxSJ2ezCVgA9QG,0.00023484,27.19,0.00023484,27.02
19Jy1ChYn5bPuFLF5Ajm1g96gsXxEHDnGs,0.00021873,24.5,0.00021873,27.01
1FhcGmCohXwArRPCxGVztASLWK8oCYQa2c,0.00025363,26.85,0.00025363,26.85
1eJ3mUzUknYoBsQ2DWNr52o1tJLg7SdER,0.00023096,26.84,0.00023096,26.84
1AbXnZ1ci26HDgVAfEDpdrtpHyKPQF9VUv,0.00025343,26.83,0.00025343,26.83
1KK7KnFHsJr9EE9e1c9YGZfsa13MqJnCze,0.00021716,25.2,0.00021716,26.82
1JTzgpc8uqQha383GebxdRg198cifae7i3,0.00022816,26.82,0.00022816,26.82
1KEZZ2n3tuieZfZnesRZ8UcB2qya3rFck7,0.00024002,26.32,0.00024002,26.81
1M3fhPHmjh2hknnDybFymoURJbyiE9QHN6,0.00023251,26.85,0.00023251,26.79
113MtmLpZBRZVTYyJ2Cu2cfDBzYWxXCdHh,0.0002167,24.41,0.0002167,26.76
15KqLkaZn5wkTRPEXFhTG1BaFoAywgxHWR,0.00024,26.14,0.00024,26.7
1RiJ4va3QBK5FkPZ3kETJQSeaxLJ1moqp,0.00024519,26.69,0.00024519,26.69
19pcoDwv4dnh4y9qeooZhtDFrupjADh2rR,0.00024576,26.21,0.00024576,26.63
1FakchPszN2iDQLvyBHw9FyPA1dvzEGGXy,0.00025712,26.91,0.00025712,26.56
1CGaNeLDxcRExakvysxtSfQjRnfrhMU3va,0.00021498,25.03,0.00021498,26.55
1HFbYzC9GsCw3t1ZTqTARpeLLak9LHhCWs,0.00023765,25.09,0.00023765,26.54
14hRNAQ8QVw4mMNBtUxzaDrQ3z9J4ZTQzj,0.00025365,26.53,0.00025365,26.53
1DFzbbQNX8RTGtg4xMRavcbHh6hN7a1QSS,0.00022819,26.99,0.00022819,26.52
1Mg7vhR4mtptQMnGfMGM5xe1KRpA7kXX2R,0.00023728,27.11,0.00023728,26.51
1FwHiR9wLuHBfRjZmfYEE6khqHTzXciw5z,0.00024986,26.4,0.00024986,26.5
1D2taR8Ggsbao4u98B5VZNYhgPqHMMbAeT,0.00025047,26.47,0.00025047,26.5
1J6YMNGad9WM8baYWgqPQURuL6qLsudGQr,0.000231,25.7,0.000231,26.46
1QCoNfe8V6rWrGEEiMvCcs1Bz6CEQezogY,0.00023992,25.37,0.00023992,26.45
1Ns27JEi212cg3xKhoH4wQprCKnJWYDL25,0.00024,27.0,0.00024,26.45
1JskJUiep29Hgxcf8arTEFZfMA5337WBaf,0.00022643,25.85,0.00022643,26.43
1LUT6yVifjzaw5StmfwokygWdvzcyd1kLy,0.00023951,27.37,0.00023951,26.39
18rw8C3gnPLnBpzm8qwAj8jjAwhMg52PRb,0.00023613,24.93,0.00023613,26.37
13LaFQZnce4uKtez5GwHW6x7Rbg7oJGPdN,0.00025216,26.93,0.00025216,26.36
1JCPhAUcbufw3BcDTjR44ovZUp2wCbXXJC,0.0002392,26.49,0.0002392,26.36
1Gc6ptNurtuFuxNRKQXMQRr3KZCmxaMgkZ,0.00024183,26.46,0.00024183,26.34
1JPV7wK6qj2TaYozfS1QdPUFSY4hwQDu43,0.000239,25.9,0.000239,26.33
1LBx9HvejQ5njvLh4kpKtMhaP4p8EBGyrb,0.00025151,26.56,0.00025151,26.31
18RAHiFzoF9XPCQn5QRSnkGCxTXWdrqVPt,0.00025397,26.23,0.00025397,26.23
1PvzzU5FCaAiVGQ7ASL2Lk8ZCG8PMzEzMG,0.00023282,25.97,0.00023282,26.22
1NrwuvRPZDJjZjDyUSmSAP642GAvNmrTat,0.00022437,26.36,0.00022437,26.18
1DFuyUoe5WNrFFFwEtP2d3uq7NrfxsELqc,0.00025,26.0,0.00025,26.15
1643P8DFdCh8fuQzRgJT9xXEiqMaVrwBET,0.00024993,26.57,0.00024993,26.13
1DBt832nhkpcrBKk9xZKWZXu8CR7TkCnYF,0.00022478,26.38,0.00022478,26.13
1BXdKf8biofMVHGmTS4rwHWAsdkGT3fbzM,0.00024575,24.81,0.00024575,26.07
1BRpZqLsVzNtEYLY6Zcf7BaXkFaRnwECzj,0.00024867,25.94,0.00024867,26.06
1HtwtujYnXSJeLo5jcfajRz1Qkj1PZeLHe,0.00023649,25.83,0.00023649,26.06
1MgSLW6ZoVv5nVFCzL9yqwfsJDxd735gTN,0.00023625,26.39,0.00023625,26.03
1FyxVCgGgaNassFrNKNVMwGw6PDCaWCuEJ,0.00023823,25.97,0.00023823,25.95
19tHGJMfp5AmiykTVgSDmX8G3w57TcQbiu,0.00022104,25.92,0.00022104,25.95
14WCdJDzt43rHVviTPzR3NPCHH63Kaqqj9,0.00023669,25.86,0.00023669,25.94
1M1ZTJ6h6FtKaZqgFuBkM37ePJQQPft8x2,0.0002395,25.93,0.0002395,25.93
1Ns96FVQaYRBDsGY5sCWJJRtUnmgCwgHNW,0.00020971,24.72,0.00020971,25.9
18KYrMjbroyYNe7rhYoAkLcR1mmWUWzMYT,0.0002348,25.98,0.0002348,25.87
1E5eVYtXQ2xetUB3boW6sMVhZM6Z34uAC,0,0,0.00020933,25.85
12NVn3icsbCEd4FXja5jw5WGS9fFx29fmk,0.00023979,25.73,0.00023979,25.84
1Fy4vNAgxUuKxEyQAbhKHn75gmqnSp5ceu,0.00023882,25.84,0.00023882,25.84
16rQN89qs4f7hpVmKW3KY1MfZsUu5VKASd,0.00024408,25.53,0.00024408,25.84
1AphsN3Yz4M9TsnGsULudGDHBY882r4DfV,0.00022,25.86,0.00022,25.83
19hfpcV317grcrWzEwKBecuDb7yDo1bWcx,0.00024402,25.78,0.00024402,25.83
146TFEt4NHNaG5o1famj6EhgZqnBXVvnez,0.0002148,25.06,0.0002148,25.8
15r2hvhHhYttpw85to1YeNXg2D5bkVgQRp,0.0002436,25.93,0.0002436,25.72
1NiFU1VHdzPfu8MVJrsY8f4vhY9iei365y,0.0002489,26.05,0.0002489,25.71
1NBhD9qJy9fY58P5QAucEU1S2v4nnRmgF6,0.00024348,25.71,0.00024348,25.71
1VP7fJq2FfceReHk3QW4hhzJmctbe55fK,0.00023007,24.58,0.00023007,25.7
17jrEP3NoPtBEKbizA9syemo8TdEhPVum5,0.00023964,25.68,0.00023964,25.68
19ZyxVqmRWkFwD3zfETt8Y9qBoCTB5RQAo,0.00023772,26.55,0.00023772,25.62
19aww9bHcmgazTW3bxLj5bp98h57RkrCyz,0.00025364,25.9,0.00025364,25.61
1JW7Ay4G2oePMcCgtK2TVeY1tTK6J4L1jX,0.0002349,25.61,0.0002349,25.59
1A8hyELUe963Tfi4755kk1CywvCzVv9gLZ,0.00020718,24.97,0.00020718,25.58
18Y7z32Mwdss884myN9qY7im3ZH2816UvZ,0.00022983,25.03,0.00022983,25.56
17McC33XavmjuKcQyqFRxwQcjYj6HM2WwM,0.00021755,25.54,0.00021755,25.54
15vqn8wD6HVjVio8tDkh6poRErXWbqJb4c,0.00023141,26.05,0.00023141,25.5
1CWJPkfo1HxPoDGo1oG8ZtGBimWB8Hyd28,0.00023104,25.01,0.00023104,25.46
1CeSQi7VMTnAYYP3JcrF2w6UULk9FCvx1s,0.00023964,25.32,0.00023964,25.42
1Q65PiJErUBQa9NPTrxajesbhjBHMrvuTS,0.00024069,24.82,0.00024069,25.41
1G4RF47RtS3uhLkExN6KhFQzEmShtm3Bma,0.0002283,26.53,0.0002283,25.4
19SRc97meLxokcAJH4d1XXdRb6ZiKMLkAR,0.00023048,24.95,0.00023048,25.4
12XQSUeCLgDG7tkai1tu5T8VRkG57NwyCr,0.00023278,25.36,0.00023278,25.36
1KADVwbQLaUiPbPd4tB18vxjmyV9SG1uDq,0.00021106,24.58,0.00021106,25.36
1CraDBc2BJP93qo3H2U1ex8AdWsx5ix7c9,0.00021103,25.05,0.00021103,25.35
1GWaMbntrcqLhmPMWfU6PDhxN97W5ZXArn,0.00021515,25.26,0.00021515,25.34
1MQuoBgxZgY9dgcX8wTj8JCPgWBq6gKGYi,0.00022012,25.33,0.00022012,25.31
1FouVr2u9nHDpsSTF1MtfjfRqAzX41XkqE,0.00023226,25.03,0.00023226,25.3
15dJ6c5grxpFJZ1oWYmL7bV2DTzPKVXyip,0.00021949,25.01,0.00021949,25.3
1BkfGZnk75U3f3KBt3T8ZNufNmRCqqDgHd,0.00020481,25.03,0.00020481,25.29
1KiyuKEMewWGrs6P4T4AqnDGBSWUMeTtwM,0.0002264,23.9,0.0002264,25.29
18AtUUFQftcE1ZwRB6rau9QS8612rfjESP,0.00023588,25.27,0.00023588,25.27
1LBnKv95n6NtwuFEsaLE29DriWoqD6xTHm,0.000239,25.26,0.000239,25.26
1WHyE9RRgTGBiP2EpNVKXTae2G3sqjf81,0.00023333,25.25,0.00023333,25.25
1En63ztyh8SDB4KjNFZCLkLvB7WXGiBuGP,0.00023899,25.44,0.00023899,25.23
155wzoAfYjpbk52M2ZjJp26ubBdW1H6bwf,0.0002441,25.22,0.0002441,25.22
1P22dBPHRZN3uDQRpoY7j26nXt4j61iqcD,0.00020981,24.9,0.00020981,25.21
18W1H6bgHWzzAyxFPnoBg4f7ZccLmm7TAk,0.00023514,25.19,0.00023514,25.19
1DTNEf6s8q1Toa7kppr1AjVwrABQ8eFZcB,0.00024095,25.18,0.00024095,25.19
18iDMzap3fZqrv5Ho82tLWCkGkReGCjvzd,0.00023369,25.19,0.00023369,25.19
13dgRbQAZE27AeS2gyzThQQWySWNwciUWh,0.00022854,25.29,0.00022854,25.18
1H2p7XLkH7oZNc3XURp1TUUajjHcSGsZ6j,0.00023516,25.15,0.00023516,25.15
1GAYErStn1cJsuJc9hiVQSN6pzwvZbsF4o,0.00023219,25.14,0.00023219,25.14
1AUrx6pB9GMivgYfepz2EdhAdeUjsSj9Kf,0.00021313,25.07,0.00021313,25.13
1AEVTmroVHL6q1yo6ik7sSUNFBQTczBcsc,0.00021182,25.13,0.00021182,25.13
1BNdbJ97cxfzZPnJ9TCwoFnywsh8sLoCJU,0.00021405,25.22,0.00021405,25.13
1WxvExVHvtuoobWXmheGAkEJLccf6A91v,0.00022494,24.66,0.00022494,25.12
12y72ffsEDvPTXuaZoYNjFEqsXsGhKBayE,0.00022792,25.36,0.00022792,25.11
1GGiXQpBLyj3KesrvF6DmwW5NmdJfniowo,0.00022779,24.66,0.00022779,25.1
1PeS2hbCSuTyb4rHr9uuwJW72N7Q7EjTbA,0.00023921,25.09,0.00023921,25.09
1PuoqQno9gJ2L2Ekurs9tQHXbCcxrX9Tdy,0.00021814,25.08,0.00021814,25.08
13D9jo1ofV7JC1fTkYLmKPwCqDkEp2rAwQ,0.000203,23.45,0.000203,25.07
14j8z7NFf28f8K92HgHRAqbsEMmdSsg2op,0.00023743,25.28,0.00023743,25.07
1AYZQVNrjS93SaPzfY26MPMkxvKzB48Cam,0.00020782,25.05,0.00020782,25.05
13m2xcQnGDLMSsezM2voVXMbSK8GoUaEmw,0.00023337,24.96,0.00023337,25.04
13cd7KkesGpUnTusg79kX7RfJ8Aw7KDXjL,0.00022724,25.79,0.00022724,25.04
1H2zw9FCovFVsG6AtqSqgtbD2Am5SKqCUx,0.00023594,24.85,0.00023594,25.03
16anVD31qb1nRy6NuMG9UvZG2e7TFbZX8B,0.00024173,25.16,0.00024173,25.02
1CeP142q3eRWFd4bKv8bnNi7dBxiV6v63Q,0.00021309,24.99,0.00021309,25.01
17CxbeFM9NcT8kRA9kQAgQEn8TKxXD1YwX,0.00023578,24.84,0.00023578,25.01
1Hbu5hy897AEFAadaG75BAqjK1U39BNzRB,0.00021556,23.98,0.00021556,25.01
1CaQgCEJvaTneGuMRL1x5HszLR3SfNN1UW,0.00023158,25.01,0.00023158,25.01
1EGo1YtJQ5Q3WCyLSJV6ec9nhmH5rhBcwA,0.00023834,24.92,0.00023834,25.0
1DpN5WWUCxrsGYJUc12tpHfMbqBDsfLAAJ,0.00023876,25.0,0.00023876,25.0
1HkVozSgdScHHs6ySrsJinTsgVEYqjjnGB,0.00023006,25.37,0.00023006,24.99
1FzFGsftMUntvAbboN7aWfgyftmAmaFHgX,0.00023187,24.99,0.00023187,24.99
1BjZkKc8KQAYaCw1NgaCq9japGktJPuGzE,0.00023962,24.32,0.00023962,24.99
1MMbHvxwyfsYvyYuxyyzsW4ho9v2TY93Gq,0.00023315,24.92,0.00023315,24.97
1PyR9waDGXNgsrWjTRBnkxv2j2XPcQv6Qd,0.0002354,24.97,0.0002354,24.97
1FP3PbQDSSqnrhzmExBKYopuTbcJUsb3Cb,0.00021244,24.97,0.00021244,24.97
12PGRkeTqdBRHZCywDgiseeEvbbH89uCJZ,0.00021266,24.94,0.00021266,24.96
14DcBDEPygiZrKjpQ4S5gHZMyKhUoXr8YN,0.00021811,25.11,0.00021811,24.95
1GXXVVhv3ruw5bJFUpajKQVtcHLmi12QYQ,0.00021249,25.06,0.00021249,24.94
1P73781hkVvURXrKBVUCp3RKAAfoLHrnei,0.00023033,24.92,0.00023033,24.92
18oYqEgwcL1hcHEXJ61atTE63witMdpxUN,0.00023299,24.72,0.00023299,24.92
1GHExo2kRS2SA7KBo2vmGcjm4EQxkY6k4n,0.00020175,24.32,0.00020175,24.91
1HmsAo2QuKW8MGm3e2d3RKTdasgkGddWtb,0.00023266,24.97,0.00023266,24.88
16A7STHETdNexGW2ZkPECVY2tSajpA5EzM,0.00024029,25.02,0.00024029,24.87
1DBqNaY4esBTSy8gaPdkc4qnEssWKtnVZ4,0.00021116,24.79,0.00021116,24.87
1PG31D2ZcDCbWNpXL5VivgJPW4vUKenDyi,0.00023194,25.13,0.00023194,24.85
1LnV5SktSQvJ7QFH34WNdR3dY1ChMtjSBY,0.0002255,26.03,0.0002255,24.85
1EVBGZgTwga1aEtvbkeq2MVNxyzrLJKG6W,0.00024059,24.96,0.00024059,24.81
16k7gfvUR3vdJkx1jDqppqbkE8dR1qRWan,0.00022619,24.62,0.00022619,24.79
1DrhuEMMbU2K9wMBcTjdh8HqqmzJJYAq6N,0.00020311,23.77,0.00020311,24.77
1ig7YbtG84wFqZy1Y5omVGApm8gaeS3EM,0.00022451,25.09,0.00022451,24.74
1G63r2Dnw2uJBwctvLAvaimAoc8zxs3KUu,0.00021001,24.73,0.00021001,24.73
1CHvAyPCKwtfNjfENiGrA7xdxuB6rjgLui,0.00022433,25.06,0.00022433,24.72
1Mk4WXnCdxNu9djLkTDk8Ta9X471WXEZsk,0.00020977,24.63,0.00020977,24.7
13KkNEMYvum5RSQxBZ9ZiPevB5dQwbi6BZ,0.0002,22.66,0.0002,24.7
151vVnjcnoDW1rpijdd57U7LsTj4spzxFg,0.0002102,24.68,0.0002102,24.68
1JCU2nb3wXo1SzihHirXLwj7cct3traWYc,0.00021231,24.93,0.00021231,24.68
1NbU39KEWHwt9VC9cg7V3C4mX7koVu6Uvk,0.0002356,24.67,0.0002356,24.67
16epr6oCb4Md2FzYbk6UpjGoNw3wA34xpF,0.00022055,24.09,0.00022055,24.64
1Hf3PydbPuVbfH12uotwkhd8LLTrfctLk1,0.0002134,24.85,0.0002134,24.59
12swvjUfaZTkU2Az2wYoeztPEUqvhicWR8,0.00022296,24.81,0.00022296,24.57
14E5z1UpXpqDYGTjTVBksLz7hEDwpLseJF,0.00022293,24.92,0.00022293,24.56
157YMddkZ7R7bTKgdAS76JzEzjm4koxUbt,0.00022961,24.36,0.00022961,24.56
1NAYG5YFP1pJntTtbvXqUSYuyRwQQWwYW4,0.00022065,24.03,0.00022065,24.54
1NeUdUrkSNoWwQYL2gwkWKTm4knGfy2LhZ,0.00023012,24.97,0.00023012,24.49
1LG7oE3xNKdbh11939hLxwVT912RR3nyAo,0.00019833,23.16,0.00019833,24.49
1B3dmjA1oHuKqse9uccZ28YqEudFfbuxRq,0.00022201,25.2,0.00022201,24.46
18aXBw6hpaEsZmxZMaAK8SrYD3w9mBGa6h,0.00023106,24.4,0.00023106,24.4
1MfaLZ8xCPkPmaHymqQQcs1zqZ2gRnohLD,0.00022124,24.62,0.00022124,24.38
1NyPasCfagxWMqq96oGrQABSG5FK7VocR8,0.00022081,24.84,0.00022081,24.33
18HDzSGSyF7dv11e6S1H8tmtZBGgGg8QNN,0.00037009,44.4,0.00021111,24.33
1JPvwF4aiaPJbUCPEL5fi1tR1mu4iaFkAR,0.00019698,22.09,0.00019698,24.32
1GqaNAg4kPb9LdBjaNJwcpRBsHiLsM8N2B,0.00022044,24.27,0.00022044,24.29
13QhDm2fgHZH9VTC2CwaoAD65PXkjL7Z3W,0.00020628,24.29,0.00020628,24.28
17FnftQ6qzviPt3PePzKtT87E2guR1Qryf,0.00022035,23.88,0.00022035,24.28
1Bt7JxDwsvCtGvE8RQV6uLbNcN8UWXS3Zw,0.00022031,24.87,0.00022031,24.28
171yVQw5JbcHfferXZVP5Zvh9pZxGmpiQ8,0.00020521,25.3,0.00020521,24.28
1KE8ZKiaCmA4EBzJMV8XVkg37CQ1X2LTJ,0.00020485,24.61,0.00020485,24.23
1NMSupgVzMkuYmKvjng1geXbB9zTGuJmH3,0.00022899,24.2,0.00022899,24.2
15h2Z8FKyhzcQ86qvtgkRXv6wiLHRF1eXs,0.00022182,24.37,0.00022182,24.17
1AFh7dK6hr7WLCa56CMRHvJ5Sb3f5cfgGx,0.00020482,24.24,0.00020482,24.15
1DyikZZGSd35u988bAGXpKxwYJvsvNWcdq,0.00020933,24.08,0.00020933,24.07
1M31NhvYY1S7xugwtcwHXaiSsXud5GPG4d,0.00023157,23.97,0.00023157,24.03
1HT1S4FfuqcEUfsGzhGS4hwUFfVAfQNH9N,0.00019432,21.78,0.00019432,24.0
1ARPh3jDFHaiNYGzB5V2uh2UFqdG4hpT9h,0.00022687,23.98,0.00022687,23.98
1GVyCJqrpvPZqbpyfey2JobiCCZSQ5aHbs,0.00021755,25.44,0.00021755,23.97
17fDMZVviSa92xCJvYUEt1H6mvEyXLCH6F,0,0,0.00019388,23.94
1JdmLPBgEndTwN8Xn27UE2kdxzHef6rhrU,0.00021722,24.05,0.00021722,23.94
1aBuJerktgi7UY9AZCjqrpTDGFs3wL31s,0.00022562,22.78,0.00022562,23.93
1CJCQvuYFN4wBvz1AjgQUptiyqRb3btfTE,0.00020347,23.98,0.00020347,23.88
175ApshLEbRCBwwSQQRksckPJwCnmZPPMV,0.0002012,23.87,0.0002012,23.87
1AJfKpR4ugmdpbhSE4jdUBiBfkXtvkLqH1,0.00020333,23.84,0.00020333,23.87
1N6JN6jjJ1hvuXn35b5Jg3NWDajQ5LyUJW,0.00022626,23.95,0.00022626,23.84
1jwXxS5ii67qBH78Gy8u8HrvcbaZ3GsVX,0.00020673,23.17,0.00020673,23.83
17As4Ag2BhRVp2brXha6yQsxjWnvr41LAB,0.0002241,24.35,0.0002241,23.77
18N5ZLpyF2EbCxs9Kq6T1iCiGPt1ceXWAz,0.0002132,24.2,0.0002132,23.72
1Q3QTUi1f8Y53gSM247WcvBW4BVQMHZN2E,0.00021756,23.71,0.00021756,23.7
12wS3AbkervNjAm9yRXtP5qd2NJfVZW1e5,0.00020456,24.13,0.00020456,23.68
1GP8JeRJnNopghzDkukKkpNb9rSrNwSMjy,0.00020056,23.65,0.00020056,23.68
1HxKnxdMEYke5J9YPDLzsPgb4GbvV8JoNF,0.00020029,23.92,0.00020029,23.65
1LLTK6xCSE8y7kK1SQrdn3EHsQnXrpiK59,0.00020378,24.04,0.00020378,23.59
1K7vExu7GXmGuKSDfjJ4NPQaW9xHWb71iC,0.00022468,23.57,0.00022468,23.57
1BfnxoQZ7YeLsseGzNkZgpEpC6ZSVQQ8CU,0.00021474,23.53,0.00021474,23.53
15WXvAnS3A1ssPJLxutSm6c9rQH4qqXhFa,0.0002186,23.52,0.0002186,23.51
1KRPNF4hRguGwGtZLp9BnR3jkKC8r9G37f,0.00022411,23.51,0.00022411,23.51
1LjkPtAozopg5KuU3UxdSSx2qX69fKVbzf,0.00021449,23.5,0.00021449,23.5
1PZcy1DmToSDkuZR3F6BnQVfbgBUrbQ9Fu,0.00019032,21.93,0.00019032,23.5
14ksVmuMmFkiKFKVzjQ3hDS1Jf1g9JYdpQ,0.00021986,23.03,0.00021986,23.46
16LncQZ1nNAoF6oMurLu7inXqWH8F7W6vR,0.00021253,24.12,0.00021253,23.42
1M2zxh96QasjN99q6xNsRWvvRsvHjZEXnt,0.00022449,22.79,0.00022449,23.41
1NWVFDVS1erNMJzMxSYfPW9s6pXYVAiKV3,0.00022175,23.47,0.00022175,23.37
13i7z4WrBiR25ztoLwDCZ6rJtFRia2iEKU,0.00018916,21.22,0.00018916,23.36
1MstgKfuC2jb8xqj6153XtJMhAQi79Q7fy,0.00022038,23.29,0.00022038,23.29
18JBp4rRR2SudW47Lg6aTCu4UuSsaRLg4U,0.00018823,21.75,0.00018823,23.24
1Deh82kF3wqQueGYXrpXvsoNTVqPdGHzXd,0.00018821,20.64,0.00018821,23.24
1BzB4hTXdi2HNCD9HCbUxbkHR7v31je187,0.00021703,23.21,0.00021703,23.21
1Hi9AhR22PURQhLDzBo535Wb8AXCdA9JCm,0.00022149,23.03,0.00022149,23.17
1PaK9TBU3c2dcP3iheYmWkT68tapNYsVpc,0.00018759,21.01,0.00018759,23.16
13HbDmGTbX7vhmBmVtBJ4wvmKZdwQJspqD,0.00019994,23.15,0.00019994,23.15
1Nicm4awqHXhegA4geKCGGbfpphrjsSCZC,0.00021515,23.08,0.00021515,23.08
1CvrGR9Vjcvo1f4xyV2rBasJi1zM6bKq71,0.00019454,23.08,0.00019454,23.08
19hqThNCM7pKHoTjyB4VVDLMcuGNovTMUH,0.0001913,22.7,0.0001913,22.98
182AXdW9YJfNMnfuPgTAiQ2vJHFBycWh3x,0.00021772,23.05,0.00021772,22.94
181utA1ddBug3Sy7Es29UVmHbe4skPnf6L,0.00019436,22.92,0.00019436,22.92
12fTKQ8MpPuRcAiupmopmVRfbrtWW8TkL7,0.00020794,22.71,0.00020794,22.91
15s4sEhb6g1KJRTTz4ujXT4naHvh8BsY34,0.00019308,22.91,0.00019308,22.91
1CDeotfNGTbni7qGaV9fmzzURJ8Ck72jG8,0.00018541,20.33,0.00018541,22.89
1E9RyzwN5TwoPZC7YLspVfNitRjoZUCViB,0.00021635,22.84,0.00021635,22.88
1H2EjdycTM1oRzHEkkeM8ZvjC8wbhPY9R7,0.00021141,22.8,0.00021141,22.86
1P7bLtMa7DCE8q6PSHF87NWVh7AErbTiHn,0.00021155,22.84,0.00021155,22.84
1HbTxzup5T1sKENKNgbPV4nbS6pyxjkxY8,0.00019568,22.5,0.00019568,22.83
1E7zwvysiyAYQbxL1qBmKigfQpJNhGtFfJ,0.00018483,21.3,0.00018483,22.82
14HnJE7xJWRSGCmtRWaXrrMCda7Pb9FrPd,0.00020921,22.79,0.00020921,22.79
12eQUMXEM1XxSMGFDbun3NtKY6m9bgUU9G,0.0001838,20.96,0.0001838,22.7
1GUqBdgKNNWXn4KiYvkAKu3BeBvEzKQfJw,0.00029163,35.47,0.00018379,22.69
1AwmrHToSfYV6yhbkRJtytLcc5GMUYzhQX,0.00018356,22.3,0.00018356,22.67
16CdRLnuop8ZLM58Uk1HSEXASFZBCtXQ1P,0.00019779,22.28,0.00019779,22.61
16vhCCyTH7eSc4NDoA5RQ6HGU7T4iTuUsu,0.00020782,22.58,0.00020782,22.58
1NukihPeWDHnHPfMkf6FFr54GovjwZ3Lj7,0.00018464,20.6,0.00018464,22.57
1DNwYqaAWW5mYNdQcps1kg3t9DCmoj6fmP,0.00020274,22.55,0.00020274,22.55
1HwpHHgtgcZp7x9GR7zzxSvhrcPfJqVKz9,0.00018228,20.09,0.00018228,22.51
11512W4uaFv2nUUZ3TF5q1RSfjSrDHXfFS,0.0002139,22.38,0.0002139,22.45
16Mn6BYZqjnsd6TCPSwFStpvdLjys1CGP2,0.00018363,20.41,0.00018363,22.45
14UmtAMoeGU9VCr4MXQvvcrgCemPWWBGG2,0.00020046,21.42,0.00020046,22.39
14uxJuVzXrVyhVYC5426amtnvieVw99yJE,0.00021272,22.44,0.00021272,22.37
1GBdKfif5WxoHT3MRNfzpSNVBJxqTn3yqv,0.00019029,22.08,0.00019029,22.36
14mbtf5NnDAYVUxcCTZLUazV7RjV49gfSw,0.0002,21.37,0.0002,22.34
1NdPG8Veszbvr6UDe9do9f3yx3GAdZYHZf,0.00018865,22.63,0.00018865,22.33
1M6qTwbL6cDNZvaom8rS3XM5NXrj3zDuZa,0.00019233,21.39,0.00019233,22.31
16nszK4a6dETnpuJAxWVUCiyubevifWNyK,0.00018931,22.69,0.00018931,22.29
19JsVkvhVxShDtLJh6ej9FABsszdNdNUbD,0.00019338,22.39,0.00019338,22.25
1PDupx4SbMC7KmqGRmMkqfdLm5BUfpR3RV,0.00018186,19.82,0.00018186,22.23
15yG9SY3oqywA5r1Gr5wvN7ykA7HVTN2ui,0.00018,22.0,0.00018,22.23
1McajN8Ec6uZVKPnfamZ948GHaXkfw6vdP,0.00020975,22.16,0.00020975,22.2
1EkYeFCbQiV3Rfxg9He2f5jVyaxVh9Ct8B,0.00020416,22.18,0.00020416,22.18
15z556122m44fNTHEccwAuXw1TRi9c8sVg,0.00020913,22.11,0.00020913,22.14
1NnTpdqYaTWPHgpTCKXK1bumKs7eCpe4a9,0.00019,22.33,0.00019,22.08
15Mnmpr6BEB3AWVitjGSfVPxRYotNJcUpp,0.00017874,20.81,0.00017874,22.07
1h3BorCJUdqsfnHKdjSaK5roBnjDcoLre,0.0002,22.13,0.0002,22.04
1Crs1MpoUFNJwMHKhwkjwURoM8KSC8KZ7p,0.00018938,22.23,0.00018938,22.01
158eiSknJMBzngVxNaYadjDnQZVXezNu54,0.00020857,22.08,0.00020857,21.98
1Dmhdtep299Y242zZfXD6yuSRPUM39uhSM,0.00020169,21.73,0.00020169,21.97
1C3rhDgadVv2thYnGm6tFQZL4sWEuF2yrb,0.00019663,21.71,0.00019663,21.91
12hAL71RUduo6XNt4vMDfboPXEhepvyfd6,0.00017726,20.45,0.00017726,21.89
1KLtcgbdsqX6Mi7Mxcug351EJNMi6ASGUM,0.00019859,22.54,0.00019859,21.88
1NdMUR1wydWz7rFtMm5ZLL1u9Gfoe6b8xq,0.00018608,21.59,0.00018608,21.87
18BErBsU5sgeiUhUTwBNp3um2CwPxDM6Nr,0.00018968,22.15,0.00018968,21.86
1AyCWpheo8Mnjm2su4KxsRz9jTffnWhf82,0.00019835,21.47,0.00019835,21.86
1E5wKT3JqPCuzDYHfYoDKJRpy6LtzkAt1m,0.00020046,21.94,0.00020046,21.84
14Qenh7G55fJ6UBLbgt8aqyfJvoWLncmBM,0.00019721,22.19,0.00019721,21.73
1E8FtD4brDkkaNegj3RBjnsEAkisW2GpqH,0.00017566,20.02,0.00017566,21.69
1AT6kghPBPRK2qzx6gG4dmmaQKxq9HtBjo,0.00017562,19.52,0.00017562,21.69
17hooh2j9bYnbQNMzqKEUZBewW1ok5MiSL,0.00020526,21.67,0.00020526,21.67
1JdaWvpsXFd88snXixx3abYaBGPgcBSCid,0.00019982,21.44,0.00019982,21.65
14VnEhCLwnzZzhzKTqz4doscGhkSBQM6RU,0.00021431,21.64,0.00021431,21.64
1EivznBKxfhhyyAYLADccUvq8VNDQWrfj9,0.00020066,21.53,0.00020066,21.62
15WemTvHM2kctnwCG5ZgQZiNfnm4gfjc8Z,0.00017496,20.17,0.00017496,21.6
18ESgEW2er1fdvGhNGnhb1UdonJJ3jWTHG,0.00018513,21.75,0.00018513,21.6
1HNuEPq4dGjukKasME9Wwhj7CbQ2naeuKf,0.00018589,20.68,0.00018589,21.57
18ys8MK4yAYJ5LhKZqfucKYZQBPaLLq6CV,0.00017606,19.64,0.00017606,21.52
1CF7wai1w4ydfn32PEq4fftNHYprsZ1W9g,0.000187,21.5,0.000187,21.5
1Mp5ANLrP2WWGuQDjbXPp172cpzxyFPG5o,0.00019487,20.6,0.00019487,21.49
1FYWQsFUGHB3uvWUSnf32FKhVqEDnRFkUQ,0.00017367,20.01,0.00017367,21.45
1PHPoCLpqS7n8Pyh9nNpkqAwXUmFg4hMmQ,0.00020483,21.87,0.00020483,21.42
1EKg2YQA7kJ13K3PngiZox5MEu61zP5AXs,0.00018572,21.41,0.00018572,21.4
16mGfu6QHqdkC6MGZuK8TGGE1LK3E4sAia,0.00019156,21.0,0.00019156,21.4
1A2PbfBaLTSVb6rhtpLdmJXrU8RWjvz8m6,0.00019412,21.91,0.00019412,21.39
1LYencXAxNVFjNzBRcsJLJiTdCbecoH5sf,0.00018044,21.62,0.00018044,21.25
1Hek566hxbET6RDkAKop4aHmJ7DXjS4TLf,0.00019281,21.55,0.00019281,21.25
137ENshAFXWyF7ku7L3F7wmdHJ8NiXP6Sf,0.00020098,21.24,0.00020098,21.24
19wHWFf7B7kd4DwFJfsL2DQWvMpxjqmc1T,0.00018405,21.35,0.00018405,21.21
1JEgkyvsWMKBeu81fsXXNyPfbeYxenwsVs,0.00019821,21.2,0.00019821,21.2
16zi8j7VSuXBautfSVqu51wwDNFrSPomQs,0.00020066,21.19,0.00020066,21.19
1Neka5GALEuFJfXNTf58KQBicRgkW48Xhk,0.00018198,21.37,0.00018198,21.15
16fvs8qbHpWULpxUCWUAvvrgtTJDpyuKJW,0.00017979,20.86,0.00017979,21.13
12KfSocy14c9dChbBkyDc6wFALAHXKsGRf,0.00017943,21.13,0.00017943,21.13
16BpgstfqeHh2agFcoMm4ULYyKyQUBJE9v,0.0002001,21.13,0.0002001,21.13
1DAakpGZPVs8Gm6GKM8dFzxWE4h3hVB254,0.00018362,20.96,0.00018362,21.11
1JGpXcLK3Zm5NxVJEip5ww32uLYKvUDQ5T,0.0002,21.29,0.0002,21.11
1PSULhmekbYYVbrKZmECDnayHWGcFR4LyC,0.00017055,20.87,0.00017055,21.06
192HDhbP8nHjkDxf5aNcs7vVpwV8vf1Ls8,0.00019426,20.84,0.00019426,21.05
17vFQ3U6FJQMnChpKmGVNw21wo2bBPGksr,0.00017842,21.26,0.00017842,21.04
1NkTRf6UaGoaP9owLJQ4knsBDZBnvJ6CQJ,0.00020316,21.15,0.00020316,21.03
1GY3DTaGXzujKwMKtdBVXG2UHnXQHpcBhb,0.00018892,20.58,0.00018892,21.01
1vTH3iWmY96KjMw2CqsY2EKKd1W65T9NW,0.00017742,21.28,0.00017742,21.0
1Acmboe4ey74CBt8KY1bmLb345UP5f3JRw,0.00020351,20.99,0.00020351,20.99
1GVN6AyhrftzHWHX4ddPxEJzsLGj3aaQ3n,0.00018783,20.07,0.00018783,20.98
1JKACmuWEgEnDBsQhp9oZudRCRLFw7rHmR,0.00017732,21.86,0.00017732,20.98
1JoQCyuMAmriAS5H88ghJZ9UC9Sc62Nb4e,0.00019855,20.96,0.00019855,20.96
1DSXsTWusDx5QPbGsQHgUDYzpMNY3os7yr,0.0002028,20.95,0.0002028,20.95
1CwXLaHfaaLnVpcs6UNSvku3S67RemoGiK,0.00017833,20.91,0.00017833,20.93
1CD5zu2ytLWJX8CbWG9PaHZThqgKNmD8tJ,0.00019098,20.93,0.00019098,20.93
155BBCzPjq2QmjK558Rin1EtL4eHVBk6e5,0.0001921,20.94,0.0001921,20.93
1KsL3i1LQkbBNVnJE3J3X1t1sE1DBZ8rjn,0.00018303,20.51,0.00018303,20.92
1CuV6bS5f2sFhxs6ev2J5qVt5rW69QPs7r,0.00019724,21.26,0.00019724,20.92
12bnHHf2FCQ7oyqQsa9yB6w6FMc1jH7ttz,0.00017409,20.31,0.00017409,20.91
1QLCMFKpCBNL5kkBaFqr5TKP9XWx5eG3Wy,0.00018978,21.21,0.00018978,20.91
1HMHJj6cpReENxonmvJct3uEpAZavRCq9K,0.00017769,20.61,0.00017769,20.88
1NoAxZMV125nVrjZdSuKWnaZFZ5hVVAtii,0.00018945,20.62,0.00018945,20.88
16hFCGcTBTgAixvF7d3EjCqTUz7Z6bGwka,0.00020041,20.78,0.00020041,20.87
1CMApZcSaenu4kRBK35WB9uBitCBU5uscC,0.00018132,20.41,0.00018132,20.86
1L2uky5TG7WXqWCBKFaEi2RdBtH8JrrLy4,0.0001886,20.98,0.0001886,20.78
1D8Y8aMMG2Z2bHvj45vFi8BzJWtUzGuktQ,0.00018848,21.2,0.00018848,20.77
1BNFFgtH8ETqza9bBEA3Efkx7GgSmzePxX,0.00016961,19.56,0.00016961,20.73
1FVrPGkjnxK4cJRNp6VusTvtAy2j65do62,0.0001798,19.81,0.0001798,20.73
1Lryy38DG7pw3CDYCwCTBbHcWyfhNWbNmE,0.00018789,20.69,0.00018789,20.7
1KLZerGPJ818XMkh8DzRDXqrPtT2PUrkJQ,0.0002,20.82,0.0002,20.7
14x22sfFq82xyMnDEhjY5ApRuUSpgAu5om,0.00017553,20.77,0.00017553,20.7
1XWAmTGqJwh51RVxMBS52YW7HA1GaZ5Mn,0.00016931,19.51,0.00016931,20.7
13s6nXFhwyP9kSgcRbaQdhME5xKtjJFs9V,0.00018764,20.66,0.00018764,20.68
1B5d5f6w4PnR2yJmwKZV1iN3SytWGANcFA,0.00017469,21.54,0.00017469,20.66
18KznSb9EVpybP4doMKxTeUXoxDzL1d7Gq,0.00019322,20.5,0.00019322,20.66
14WWbNzLT3bmNdXJMcuKbFwZ94qve43CFX,0.0002,20.76,0.0002,20.66
1ShZq4fBdjLfUFBoRUiCDermQ8mBT4AfH,0.00018722,20.45,0.00018722,20.63
1Lf4aSNtipqR5itzuno4215dbCXA4FS5UL,0.0001872,21.07,0.0001872,20.63
1GHLTSArWxmLvMmW1VnU8M2zNhKrWff5Hq,0.00017815,20.62,0.00017815,20.62
16y5dFrXAQJBypp7satiJGcKo8BtXxWxM9,0.00019133,20.53,0.00019133,20.62
14ESa7tU7Q7RLf5mkxWCTvhUpGsdJ3wkMs,0.00017798,20.6,0.00017798,20.6
1AhVs1qPbmbtcS3SGZTYqVSMbc1erLmgZY,0.00019201,20.53,0.00019201,20.6
1AnuKnLC6ATFMf7mtuaKo1CZw4N2zY64Ji,0.00018665,19.74,0.00018665,20.58
1GJeXU87tdDcjGB9DijTj5qV4SG1VTBKnG,0.00017531,20.56,0.00017531,20.58
1Jx2ZRbvM5rYBFPCm9cnhKbVZoFzhnLQZu,0.00019085,20.48,0.00019085,20.57
1EJ8LQuFCywyAhnuTWuAVLhrXqJSLHPLM7,0.00019596,20.49,0.00019596,20.55
1NCDFit1ScHWdMmZme7G7jCR6oQnTZZ6vB,0.00019629,20.55,0.00019629,20.55
1Fgwv8xGVhXTEQvxJCybWCR7oZ7PUUpsv,0.00018633,20.81,0.00018633,20.53
15SQ8vz5bmqsbCvox7HnzQ5SbJF15fSgt8,0.00018627,20.82,0.00018627,20.52
19J5khv5mTKeTbk4GRhuvTne3JCZKC3dqx,0.00017469,20.53,0.00017469,20.51
1Ca2oXfgbbUjo1FjUbq7c2xP8bQ1KWDLco,0.00019457,20.5,0.00019457,20.5
1DFTzLyFGLhtaAdX2a5F1Jyt8C7KdLkXQD,0.00017331,20.46,0.00017331,20.46
1BpQRnkWaRm114Fo7e4tVAHxH3rsn4Z2uD,0.0001954,20.46,0.0001954,20.46
13W4t8UPV484HPkWPEuqmZbGTES5jL3ffF,0.00017321,20.45,0.00017321,20.45
1GsZLeBjd1aFXU1GP1VoxCan5egSPKPfwP,0.00018555,21.57,0.00018555,20.45
1QABdiXrsk9aM8Tk42gZyLW1zJ45s1H8Zc,0.00017248,20.06,0.00017248,20.44
1G5CYAirVRZ7q6SphCd8q8pjsiCEiwMuaD,0.00016509,19.02,0.00016509,20.39
1JnBWomYMt7vhF7Urba7D5qnoBQu1EV4bK,0.00018761,20.69,0.00018761,20.38
1DH3z1rCSCmUmJbo8bEHBSM4MRQFa1enwp,0.00018497,20.05,0.00018497,20.38
1BQFG2yobYCwnXXbFjfnCNLcTatwqZWzuW,0.00016485,18.57,0.00016485,20.36
1EFNeXLpw6MEJYYpWTYPZcSDGePydNVLut,0.00017338,20.45,0.00017338,20.35
13FGq75BHzu9WmJdhfNXebhcmzcRqXc8xa,0.00017314,20.09,0.00017314,20.35
19RAU8zT43fFoXeRwvSYSwSMtDYQgQdBfZ,0.00019388,20.34,0.00019388,20.34
1PLykYeES7RqER4jRNud8idd8SNDr7QPaU,0.00017469,20.5,0.00017469,20.3
1BngkeS8mkbgkqWMoXfcocxqykbwcvKQng,0.00019564,20.25,0.00019564,20.3
12Wg9z5PDJDsu9c1dLp6NwRXJQRtYQnktK,0.00019215,20.38,0.00019215,20.29
1DpjezJ7FfTXxNUoTcJSgBkWSe59caCXGu,0.00019157,20.24,0.00019157,20.28
1H9Q2vb9qirSgC96gbAijzkpA8WJ4qh9KP,0.00016879,20.14,0.00016879,20.28
1JNRHUH4EPK7hmpzoEmmKPhYLBQoKyimag,0.000184,20.56,0.000184,20.27
1Ad3MrSjexQGLQVR7T3RN2v8VzjM1cbE8P,0.00017185,20.48,0.00017185,20.27
1Dts5Cr7o7VsTFhVmVPBJWakXsLrqbuq7R,0.00018318,20.2,0.00018318,20.2
1EChJshdxM6rgnhST4sPxkPqWoWxP8v4vu,0.00018323,19.83,0.00018323,20.19
1QE52nnd6VhH4QmLn5jd1seQrZ6qffVZyr,0.00017516,20.32,0.00017516,20.18
12cGqrTeAYshYj7wmsU7iN5GEpN9KMWff1,0.00017403,20.51,0.00017403,20.15
1NZ5f7Wy58Kjy4NTp7MVb8SpbUG1DD9ezW,0.00017473,19.91,0.00017473,20.14
13TUiZmH8GAMEB1KwGKbq5kHERb9g6kyux,0.0001879,20.13,0.0001879,20.13
1LfYCskMe5Ms5QCA3UXev5T1DzSrGMY71W,0.00018244,20.3,0.00018244,20.1
13qef7ifdeg3UDBFVJvtzw5v5AJK6CXcB6,0.00019222,20.1,0.00019222,20.1
1HxkZnWdWqAmWwLTrjvuWed6W1nKoMxdTh,0.0001821,20.08,0.0001821,20.08
1EZFo2kpHYDeQgfdxLm2BCCsg1CNLKZPrh,0.00018793,20.06,0.00018793,20.06
1HMQ1vpkAC8w952VKu1WJx7qNj4Me99PVJ,0.00016986,20.18,0.00016986,20.05
15w794miRdar2mKJoKBwnfHhGvPjwQ4J29,0.00017186,19.76,0.00017186,20.05
1Q9GS2qEK8Lnq5qHZMBENSVZyiGjY8iczH,0.00019323,20.0,0.00019323,20.05
17yWMaVJgpHcBGTznvyiY6x39Ed6uwLhN2,0.00016967,20.26,0.00016967,20.03
1BDskFi6okxZBL4HtLeLR3sD3Vnqit1mUK,0.0001896,20.02,0.0001896,20.02
18f3hMRaWRuyw3316ALVHhyEYATg6d7pfz,0.00018165,19.69,0.00018165,20.02
1Hsu2TTxGwJte44kvxshpN9iCaPpgZx1aJ,0.00019278,19.95,0.00019278,20.0
17n8avgcRahq888sQrdm4jQbv9xQkgnKmr,0.00018559,20.0,0.00018559,20.0
1Agchv25oaVLguHPHoJ1KqYbWZbJCc6JSq,0.00018554,19.91,0.00018554,19.99
1AkTeVp3LX4Mjp9AXqo2uMyQ3Bq5AfsPqA,0.00019112,19.99,0.00019112,19.99
1DkB8Wq5b2FxtjYfueus7to2LFhJ4ZWXz7,0.00017372,19.68,0.00017372,19.99
1NnbvQspVj5JDHhkUrQjjUFCq2362gP2oW,0.00018132,20.06,0.00018132,19.98
1HpuChpoVqJyyi7ecLK6AftK7nm2pUxaeJ,0.00016915,20.2,0.00016915,19.97
1CCCa7iCfzmwGNJ74GBo7JVYYwHfzUBpum,0.00018611,19.94,0.00018611,19.94
1FKQLMqao5yK4o9eBuvnmYP8C3Gi1NJEZP,0.00019747,19.94,0.00019747,19.94
15zXR5UNpa2Gf9UwfZAKiVH6WN3EzrrMki,0.00017216,20.29,0.00017216,19.93
1PGF9DCDYYmgBdUMKtASh6MgYKyeDbKS4a,0.00018087,19.92,0.00018087,19.93
16as1fGjbaEFLfUEeBivdaa68m3CgTea2S,0.00018084,19.93,0.00018084,19.93
1MvXWvj6hcEfS1HE1FNLURE9Z2NES96wUT,0.00018622,19.92,0.00018622,19.92
1BRCneRNqxJzigTxFUcaj3fdxhLccgXJDb,0.00018071,20.19,0.00018071,19.91
1CMSBH9PqFhfyNwVN74VsjnRXKzEn7VwPf,0.00016812,19.97,0.00016812,19.9
1PaEDiZ9G4ozr4vto4Sz7v6vrTNR8dDJt,0.00018601,19.89,0.00018601,19.89
1PFEqCF1UWhW3DeL7rjLJd7RmHTV5V2GqP,0.00018275,19.89,0.00018275,19.89
1FEVmemdJsS16Y5Y4Z8ByYza6ksyGRaTdG,0.0001683,19.87,0.0001683,19.87
1Fv9PA5er4E21UU4YaGb7RxQj7bQZmvrkL,0.00016925,19.94,0.00016925,19.87
1KnJ38PmjeUYpXyM6nzpwRL7rLKMdCKdgj,0.00017145,20.24,0.00017145,19.85
1Mp9Vk97Qmm9odXu2DNSbJeCSQR9jLAdaR,0.00016837,20.05,0.00016837,19.83
16r8GLDtaoUiF3CHbK1TwQ2S8A4rcDtuey,0.00016051,18.6,0.00016051,19.82
1Lw5NEEAKLuLhs2NiXDFxsqgV9J1Gp5Pnm,0.00016743,19.65,0.00016743,19.81
13Nq3XBhTAR8pfivHhijw46PfyZfNVJayo,0.00018656,19.79,0.00018656,19.79
1HGjySRVWopYaAqghym3UzrraxguwUvMtC,0.00018503,19.67,0.00018503,19.78
1KmVfpGr6kNBkVRwR49ETxHBVVk2cz9L6s,0.00017,19.95,0.00017,19.76
1LxJYBMR5BKHTLxQ2pKfdxH9kpcDtU4imN,0.00038345,46.8,0.00016637,19.74
17SxX7keerFXZw5sG9jVVab71nFQesapMz,0.00017123,19.75,0.00017123,19.73
1JgqHSmr2mBHKnnXaMGLv4dJ634VJcyeZz,0.00019518,19.93,0.00019518,19.71
1PbWCzUCMhDaZ4ct76xyWwf7kUUS64uGF7,0.00016692,19.89,0.00016692,19.68
1L7tfq7ggtukwfw5Ngf8JGk8hNCPiNePFR,0.00019447,19.86,0.00019447,19.63
1AJzrEUE3xiuTvZUYMZV2CY9hDS3roiJtg,0.00016323,19.47,0.00016323,19.61
1tFjbZUCay1kALs5P7UUcS5oE3Ep3JMUV,0.00015855,17.69,0.00015855,19.58
16isGajB36ncKkA5KP3MXu89CgP4RfMrwc,0.0001749,19.05,0.0001749,19.45
1FvagCpf9nEXTNPMY8PoCDWcFZ3h7jKnMZ,0.0001841,19.6,0.0001841,19.44
12Z2crehvBaJRJa2r3j4kDx1MCpTLgdsmJ,0.00017884,19.72,0.00017884,19.43
18hnLMmGyRGFt5aghXLuYoqMrpXdw4QyyF,0.00018,19.32,0.00018,19.4
1KP99GWVnMmjfKWo5z29wUPhA6AEvPRVdq,0.00017574,19.84,0.00017574,19.36
1938GG3derNuGh3UfTLCTncXAzTbuMvdN8,0.00018595,19.41,0.00018595,19.35
1AXTNdrVqM5cXmcWtb9V63g79tEknPSdu9,0.00019158,19.34,0.00019158,19.34
142fp5TFNphEUVXyZyjhnApSPrS5cM77rS,0.00017946,20.05,0.00017946,19.34
1CsJssXjaLomEyVeapo5vBfp1VJ2j8fGF3,0.00017263,19.28,0.00017263,19.28
1NnLM477jYHHVks6WfmVcW6xZaqngYNUFe,0.00016245,20.03,0.00016245,19.22
1N8nSTo6RCTY86QNd16ciQiW3pCgYAyD5H,0.00018243,19.13,0.00018243,19.13
1Pm3qAiLik3CRqV7nAjfMw9ff64Wy1ABdG,0.00017351,20.29,0.00017351,19.12
15GNVgmJ4coegRBtQiXJae7gduNB2CpDTi,0.00018058,19.08,0.00018058,19.12
1LXVdzpq5w2F5vE2PGabYai9882yENJvh6,0.00018052,19.03,0.00018052,19.06
1LjAV1sVUsWGoNQErAb8J3sboQDnkkFbZo,0.00016393,18.8,0.00016393,19.02
1AaCrUDyxwgit9RiJMnBn1g91MgCDTF9oD,0.00017868,19.15,0.00017868,19.02
12ffrcexZNB134cbw2p8wGLwiUwdS24i5x,0.00018015,19.16,0.00018015,18.99
1JRwvwFTLjB81WofVMrQ9TqzEDFVn9XoXH,0.0001754,19.15,0.0001754,18.99
1ECZ3JoRbn5B5Nkrst3T2yrtq3gZ2swzQa,0.0001783,18.84,0.0001783,18.87
1J1v3AhfzRscy3VGn8nrxdoMucbGTq5e4o,0.00017128,18.86,0.00017128,18.87
14yKM6iCe11SsBn8kGSD3TiRqnR1Tyn9d4,0.00016074,18.94,0.00016074,18.87
1Nq8352CN2kESLwq7wFp9akwfQJxQ2kevY,0.00015686,18.27,0.00015686,18.84
15du47BMW13d6s1N45FoHEoTB2Yu6i4LTK,0.00015666,17.92,0.00015666,18.82
1Mx9UDtGB7GaqXhkkmtKcW9ZV8ZsMAmmiz,0.00015924,18.8,0.00015924,18.8
1H3fs9PahRgYC8zsQ3tYezZUwaHqoCoZrA,0.00017294,18.79,0.00017294,18.79
1J2e4jxFmU3VpftNXmUA3JdG6QnsrfuPjs,0.00017172,18.69,0.00017172,18.69
1G9ZribBajJ9onkcdqWQcfQ23buebJX23G,0.00017294,18.67,0.00017294,18.67
1EfcWfeQKHgbtkbrBwjQVBfy9QGueDMEhW,0.00017848,18.85,0.00017848,18.67
1LxmV7MQi5aakGEfx5AsA7QbJqUbzAnd6b,0.00017142,18.62,0.00017142,18.62
1M2b81EHxm4uYrtLMQLz48hwwHvWAkavdo,0.00015014,18.54,0.00015014,18.54
17K2NugcN17pb6jAELcZeHUbqWTvqs6Ycy,0.00015426,18.0,0.00015426,18.53
18HZZxj1u8xRZDodqtyRZRQGqp5PZcKqGP,0.000175,18.49,0.000175,18.53
1FvbBeMVChopPTg3sHCEVcwdMqfu3PdUCN,0.00015147,18.51,0.00015147,18.51
1K2ZrfJkQ5SzwBTwug3rEc6A4nvveak6Jr,0.00017444,18.43,0.00017444,18.5
1GreBfWfbkqxXW6VcUo5TS87tLih21NXe6,0.00014945,16.29,0.00014945,18.45
1QCBwmvBf9j3KHFQ96sWFfTi65qTJjkYwr,0.00017862,18.45,0.00017862,18.45
18Y5twUpYeCFeZrTXcx9MYbyYLEP2vBK2K,0.00016758,18.36,0.00016758,18.36
1BpxRiXkjKE12B1Bd4LNgjbqrkfUa87cht,0.00016622,18.71,0.00016622,18.32
13i2SRFA1cNGU3HRbsYaYtSXP2w2PrvBTG,0.00016618,18.57,0.00016618,18.31
16Da9FDrsaDj6tRKrJ9iE3E7RRLhpsQp64,0.00017616,18.28,0.00017616,18.28
1CAQ7FEkgKEp4M2Y5Pvvqxdqa9LpGorKrF,0.00014784,16.21,0.00014784,18.26
1E9J5QG18bSvW4XAMbfcJpnwXhEzMfNoLy,0.00017192,18.16,0.00017192,18.2
1JE2Kb57ivhsSgi65sLvxiRgZxceRVs1pT,0.00017215,18.19,0.00017215,18.19
16vHHmGoLgqtK1pJArbZzHqBbe2CN1gt4e,0.00017,18.25,0.00017,18.18
15ameGgsDXmyVBa2NKvvcgWSChqGd94dt2,0.00017085,18.1,0.00017085,18.12
15Ps57gqyRZecAhzNwvnizwCXfY2CThSkC,0.00017439,18.05,0.00017439,18.1
1GAu6x4qpUTm8e3qkXLpTFqyuqUBnmsy3L,0.00017064,18.17,0.00017064,18.02
19hBU8UA75J2q4EUxCfyyNy4NAEQG5xNUX,0.00017166,17.95,0.00017166,18.0
18QUkgfn7eNX7vm3A3Cpezw3R1Bt2Edbmt,0.00015316,17.77,0.00015316,18.0
143nNMwLpGeq1bmtyVpSw8KGF5iQX6h5La,0.00017154,17.99,0.00017154,17.99
1Gn95MMQdq9oPkUiQDdYWUq7y66pimuAnu,0.00017382,18.1,0.00017382,17.99
17WWSXWXxgJc3ogDgvuVFKH2iMAEyThKLH,0.00015199,18.05,0.00015199,17.99
15bBko3PWxHgzBrDk933YVuW2JHFEg86n1,0.00017425,17.97,0.00017425,17.97
15WHYbcbxdm3jRF7tsRv4dr9GRdrLS6Zct,0.00017784,18.16,0.00017784,17.96
1F3YCR83n1mcwKqg5zAFuCyCm2yMZmSuBW,0.00015273,17.95,0.00015273,17.95
1NWc4TD1Q7VwWjcV3h5dkhSqSBYaxShdwX,0.00015476,18.25,0.00015476,17.92
1DesgiZGN58tjELXu2ESbonuCJiGfkyX5M,0.00015169,18.08,0.00015169,17.89
1LCZ6GYu6yc6fq8VGD4ZHfiiSL3hLDU4Kg,0.00014462,16.73,0.00014462,17.86
13quZoarZgiJYNRjzSbchnpCBjW4jPQ7Lr,0.00016167,18.25,0.00016167,17.81
19y4tsFZoPpiv9xStgUGzisgKauqLFH5tr,0.00014424,16.85,0.00014424,17.81
1JBEBsCqur3R6SRweEYq7PfagHv9S2qmvo,0.00016079,17.89,0.00016079,17.72
1MtHJskjj2B2MQkXirX3BiZhCs9qXKCcei,0.00014326,15.71,0.00014326,17.69
1J8Er8nk2JMZ4iPhAdDAjUv8KRdNiFG3vT,0.00014311,16.04,0.00014311,17.67
1LVpU2vdgXfZj5BuLZZdUtAYnJ9AARidGS,0.00014298,16.7,0.00014298,17.66
15o37bAMeZmJk6XNaV1bx55CVxdBoGwBKg,0.00014272,16.51,0.00014272,17.62
1GrEVtsXXGQopjakXuMx9LmENLNE7AD3CC,0.00014253,16.49,0.00014253,17.6
1BPXzkSzgiRieM8yNvWPpRXSUrfBhtwvtA,0.00015203,17.93,0.00015203,17.6
1Q5JTB9mutyP4ENPoiL6ofy1nLF75JqAjn,0.00017032,17.59,0.00017032,17.59
1BF85RFWEzXL6QzimyCXKfmUyoeDeNAXJs,0.00014963,17.7,0.00014963,17.59
1K6P9aNqrq4mEp4jdEUqRnMC1p3s3F9Zh6,0.00017027,17.59,0.00017027,17.59
1CEbWuo1iQi7Z55ZgiUpsmj8dRJV2SQLxZ,0.00016569,17.45,0.00016569,17.58
1Pf9j37YZpnEMPmSu1yvD9BT1nZiPFUGp3,0.00016415,17.62,0.00016415,17.56
13bL3GcayedBVTWVpV6bNCwB8VzGAaT2Yf,0.00014895,17.74,0.00014895,17.54
1b2a5mdJrUvp7DfxqmvZDGW4LXLFRVCkT,0.00016869,17.46,0.00016869,17.5
1GEPUHfW1REQCWxmYKPGJgMhBcMVCU1G8d,0.00015,17.25,0.00015,17.5
1Es4FQgs8vzqGQopuhPrq7q1YsJwYRddRR,0.00016351,17.35,0.00016351,17.49
1HnxPs1UzwCkuzFquKpwEm2FbM4F4u9npD,0.00016291,17.44,0.00016291,17.48
1Md9kWGUqVqKJxUoUkHjkkHX7YFBzJjZVb,0.00014107,16.48,0.00014107,17.42
1LPYAd98SHAqXDqDFJmRZqoAaQWix1hkf2,0.00014099,16.72,0.00014099,17.41
1Pw2CCm8Uxk18XBABnnkbq1gX16y45i8BX,0.00016214,17.57,0.00016214,17.37
19w38mHt1iPu5MRvhekAYfj8Kwex6hy4oj,0.00014202,16.38,0.00014202,17.36
15MRana3264hTao7ti3FsazQhaWcQaPYET,0.00016595,17.35,0.00016595,17.35
1PQw81Msnk5ni293t6QwgKBNEBhRHJBQg5,0.00016615,16.87,0.00016615,17.33
18WhU4WYD11Kp6zbYM1egWZZErtjPWVK8U,0.00015719,17.02,0.00015719,17.32
14uAmvB37ojrGo2kGVaaLu9NdzBKBBbhkG,0.00015713,17.48,0.00015713,17.31
1Af91gBDcFEDh5z7VqiridsUpbbkHLoHQQ,0.00014148,15.72,0.00014148,17.29
1BwzZzzYrDhfki2nUy4tEXXMHXSpjgu77e,0.00015678,17.13,0.00015678,17.28
1Ejg8jZtTfCC2uTw7tHfdeKQMapiHSHDaM,0.00014378,16.74,0.00014378,17.27
1LEShZKLVbmGrtztgYYiowAQ3YbPnb21q,0.00014553,17.14,0.00014553,17.26
1Ffu4o2jMRBSX4g8qMf1CFkQgURAbnSi3c,0.00016,17.17,0.00016,17.24
1LwcEsoRLgSeX3q8ycc76e9PHvhs2YMKx4,0.00016254,17.18,0.00016254,17.24
13qshfHp9ppM5gXoGuqH1ULPkXB1qEo6jK,0.00013952,16.82,0.00013952,17.23
133KqEBmMVhTGbdBQcAEsEUYaWRTa2Pgpj,0.00015632,16.94,0.00015632,17.22
14KKYVpQxQ1yWDCxw2fRAicqZMjEaDEsvX,0.00013929,16.05,0.00013929,17.2
1NyyitGw2c8mqvBA3CLv39KsTxQabeZGH5,0.00015958,17.13,0.00015958,17.2
1Asf8FnZu11WWrBrJmxSiAtVDSHSvubpKB,0.00015454,16.83,0.00015454,17.19
19DnCysfxzaBidm2gZCQDFASLtVHwboGUV,0.0001392,17.04,0.0001392,17.19
1N8RRmtJAwJfuLumUsFRSApJPqCy49sdS,0.00013885,15.64,0.00013885,17.15
1B3R2NiU4w4GCFP7YNsALfefEfQ2vbN269,0.00015948,17.07,0.00015948,17.11
1KvoKUj2C2P6fwjHn8yfHXspt2oapYc2pm,0.00016103,17.5,0.00016103,17.08
1G335hyg4GYx34M1sqU6Ciu84Co87Jq6bV,0.00016242,17.04,0.00016242,17.04
1EtP9AbRMLBqpFKwxQmFuL6UNC8C7DFzA3,0.00015748,17.01,0.00015748,17.01
1Pj4xVHwrKZGE5L5zpt2DXUn9AQenzMGLt,0.00014757,17.01,0.00014757,17.0
18Fjp35sGPop1guSkbvqYjKEFUBoia25Zc,0.00016256,17.0,0.00016256,17.0
13vPjMRWDraaKcdinnyp3VcR5nptYvXzpi,0.00016066,16.98,0.00016066,16.98
1D2XzmiToqumADtQwe9b3U4nUhmRD5wAtk,0.00014729,16.58,0.00014729,16.95
1NiHGWcAKo4vzAysPvdZkDiB2rMjELVefa,0.00013722,15.64,0.00013722,16.94
1DmVXPbvsh57dfD36sBZFak7H2QRUWvTf9,0.00016,16.73,0.00016,16.94
1KwgcQ8Vc7FWCCCaeCS2sKGnUbrthVbgyN,0.0001554,16.97,0.0001554,16.93
1EEjv29wuJ14uxCqvNB2d2x4EtbgMBtnJh,0.00015352,16.92,0.00015352,16.92
12DdYyzAcqifyPsJjmU4XxWrsbLxuQtvnV,0.00014408,16.98,0.00014408,16.91
1JmG2XfvwoK47mPnBG1GWKFPXdzQwd722a,0.00015204,16.56,0.00015204,16.91
1ucuiw85beMjviqYF13f1CSVsuzEw2NpQ,0.0001454,17.06,0.0001454,16.9
18d5KPy8xoJz8J4ouVcjxn67BpeiY9uu8g,0.00014686,16.9,0.00014686,16.89
188TAUfYe66SKp7uN7jnyKoTgcq1oPnUnX,0.00013661,15.85,0.00013661,16.87
17y9PbSrgMwkczDjWxVtURZ9neUcmypUAb,0.00016125,17.03,0.00016125,16.87
1PMQFHhq9QkLqCP1RiK7gchuXa9E8uitXv,0.00014365,16.86,0.00014365,16.86
17NWh8xm7LsaQnhdZZBgaUUvZYqHQWEF9W,0.0001452,17.14,0.0001452,16.81
1CjYr7CdNbfjNtra2mtEz64rEJPgAtoncJ,0.00013597,15.67,0.00013597,16.79
1g2CpENKAe6vsbj8FZ3rc3Rs6dJKFLQZD,0.0001458,16.65,0.0001458,16.78
1AWqR5zkQTEzn9AmcYN9NwgjCnn9GUsYEY,0.00013579,16.37,0.00013579,16.77
13JyGP8fkJwG2zC2TnzMjaAWvzRwipkHsp,0.00016,16.75,0.00016,16.75
1KHPARMSbjBRE8SehBmaQxB8bUe9mvHZ4w,0.00016,16.73,0.00016,16.73
1Fj9pdrFzesDbbzGUeGT4c9dnBEcytgrCQ,0.00014968,15.99,0.00014968,16.72
14tKQgAeKu4uBJp9wG9SLAdCCRTqd4eWKm,0.00015168,16.42,0.00015168,16.71
12dq1RSddy3TzTrEsZMBTxuhwpsz6fR4HD,0.00014952,15.98,0.00014952,16.7
1JJJcFHEtEQHkmn2Qb5ocziuuV3nxXnjoo,0.00015737,16.58,0.00015737,16.69
17o86JhFuri1gDFWB9b6kCfKAdFodgHsHi,0.00015757,16.65,0.00015757,16.68
1BXRsK4Uw183TxQWnXkZm9sDshQ8R9tkf,0.00015394,16.67,0.00015394,16.67
19tCv5uvLLe5Thvba3w114WkTCUGaNViHR,0.00015773,16.63,0.00015773,16.66
1GTVeA41j9u3h4CFjaR1voFNHxK6hmWnBe,0.00014268,16.41,0.00014268,16.65
1JjnsvXMKHJ9xcHFhPETTjUw19dpcowYjX,0.00013481,15.54,0.00013481,16.65
1ApKmWw6KRKv1ktgzKoKYmuZzW1n4DTkyp,0.00016097,16.63,0.00016097,16.63
12tdg4YVJyosVeAA2ts9W71rpWdjyDqdkQ,0.00015427,16.63,0.00015427,16.63
1CHWmYkKMZu4c3ybf2Rsfz1kyzEisDNVFL,0.00013463,14.76,0.00013463,16.62
1FB2bx8q6cdcpMSwJpkwa9xRqCak5ygAoq,0.00015705,16.58,0.00015705,16.61
1872Jn66ejF6P485iqAQy7UpEmX1tT6Hrm,0.00013444,15.07,0.00013444,16.6
196bsR1qrNQY12X3or5D1NEQnHDgJSa6Zm,0.00014123,16.6,0.00014123,16.6
13aC5AjWQfwFXA2tpC8ZfPp8YXAyjix7SJ,0.00015647,16.53,0.00015647,16.6
1C7TFt4c2ZxFX4NjgFvoNPbcLSqD5AEXDb,0.00014029,16.85,0.00014029,16.6
1GsdmQSjTT29Utbs2Mw79WA91wLBciuQR1,0.00014384,16.39,0.00014384,16.58
13rxiw6xFCfw4GJgPitDCaw1ZF6frnGg4n,0.00015225,16.09,0.00015225,16.57
1FZSrGrkW6369TWf7HTL2Sa7vRrNBFygrC,0.00015925,16.48,0.00015925,16.52
1MQNnV9XKThEvsYKmhKbStbCuQ1Bq7WAL7,0.00014219,15.82,0.00014219,16.5
18mhxd9ZyM6cuBbSsRfW5CMktLCz5qUNDq,0.00013868,16.33,0.00013868,16.45
1JniuXUxnp4ryHdUxdw8LWqB5S5eHT4TDh,0.00013934,16.64,0.00013934,16.45
1HPs2zxa7C5xvpKaMRATTYPLL996Kpt4dn,0.00013314,15.79,0.00013314,16.44
1KtT1Bx9yN6R6aMpnj2Cy4usRhd9BCs5T8,0.00015084,16.51,0.00015084,16.43
1Pd54ZmjoQJguGYvkihTGppPTM1GZHvzyv,0.00013983,16.49,0.00013983,16.41
14JLfyEfNA42rZuUobLTzE9xryHUCzCv5H,0.00014816,16.56,0.00014816,16.33
1FvsMLtZoFrgCUTWw3Std1sKnA6jwEmpcX,0.00015387,16.26,0.00015387,16.32
1CrfsvXdCeRvDBWxFQe2PA6V3ZsuDKELwV,0.00014983,15.83,0.00014983,16.31
1BbW1MsnG5H2q5V4a4THCSS2fQ3FFEvXfe,0.00015244,16.17,0.00015244,16.3
188MrFZHa2j4yZM4Mw4qHMu2vvrX86uV28,0.0001487,16.3,0.0001487,16.3
1PfCvNqgvC9ryu52xdgjwpGUUaYfAR63Jy,0.00015425,16.42,0.00015425,16.28
1Q11Eqwo174o7fic5dxYVb9m31SRCm9mFg,0.00015189,16.46,0.00015189,16.27
14aQveE765ncUNDVyPgbDTzT1HVfcmsJxy,0.00014567,15.56,0.00014567,16.27
1Pg4rjt3zWdDSNy4uH2jZM2nAQnwCMz8A6,0.00014763,16.62,0.00014763,16.27
18ZxhijsmW9bPpV8ifNCTbQuNyp8ugv7EY,0.00015086,16.26,0.00015086,16.26
1P2oJTjjJ1TEMVPEboA6VGT8wrGdQWo2Qn,0.00013989,16.41,0.00013989,16.26
1JLb5Bb7LCXXMmGjmw6XTsG2iYyZHUepQp,0.00015541,16.6,0.00015541,16.25
1F3NZf8ikuvHmVSQPJxZKtFSowNdktuAKK,0.00015521,16.58,0.00015521,16.23
17VJA7Lc4uXa2uUvMybr3o5rDgjwnZrVV8,0.00013505,15.76,0.00013505,16.22
13XAPQ5rguA3GVABX8yP1FRa3H6YZ7NH8Y,0.00014988,16.2,0.00014988,16.22
1EkzSmVpwD2L3FcxYHfwpBZgfPLwzug6Pc,0.0001528,16.6,0.0001528,16.21
1ALXzt3CvYBn314wWndsvfPeMqfgnSLv2D,0.000153,16.16,0.000153,16.2
1J2b1QpADEXFmZxpfX8XQKGXYUBrhR8W7P,0.00013116,15.15,0.00013116,16.2
13Xmcfq5DhhBJjriXmYUc3DRagb8cAdMJU,0.00013868,15.95,0.00013868,16.18
1E813yfdbAY3n5cJygsQMFox9MnzDxsUWu,0.00013098,14.43,0.00013098,16.17
1JTeQFYD3uZJoxr4LrWCRGKXe91abwJ89U,0.00015568,16.11,0.00015568,16.15
19RCEyMZEhXfS7Sc2yTELbFVBEmQHCi65N,0.00014454,15.44,0.00014454,16.14
1DnLLpSrCnxJr8w7dSqG68tf8R2jgXMCBZ,0.00014,15.43,0.00014,16.13
19WmPeQjvKk8yFp1F18LkwBs4LcaeQBYAU,0.00014628,16.13,0.00014628,16.13
12tBFDb93r8PSXMYfkteGVZp5ZSu1SMmTD,0.0001304,15.06,0.0001304,16.1
1Gebk1zW92iZoWJbL3H1cA5ARs5jwWCXt2,0.00015393,16.59,0.00015393,16.1
1A1ML1LiKAgWYaQKVyEVHZxGzgS9HezLkH,0.00014401,15.67,0.00014401,16.09
14tTzQuQ4hiJeJviC6LQpLF6iAA1Sfedpd,0.00013704,16.15,0.00013704,16.09
1LZtxSf9TJNNhWnm18a75wH5Mkshn3n86b,0.00015183,16.07,0.00015183,16.07
1GxPJgcB4Rv5cRu5Df5rQCzdGKR3KDyWfi,0.00015269,16.02,0.00015269,16.02
1HqeiRWhFs6vRMBxP8Wjw2EnryqFXeVnaN,0.00014791,16.01,0.00014791,16.01
18Spk6miRNTe5QA6a7NmHFLnYVUnBWewSh,0.00012961,14.99,0.00012961,16.0
1Fya6tbkt8ugWkpbwRk8xM93nuRrD6Ras2,0.00014368,15.56,0.00014368,15.98
1PzhpH8FQUZzJei9WgduU5A3vtMafXkWHK,0.00012939,15.35,0.00012939,15.98
1PUavMVNn3PN1h4iLBHEod965EYqHGk9dF,0.00014718,15.93,0.00014718,15.93
1KNA4B8pTvjfoKBR4P4dmHpKgVdQccM7Py,0.00015,15.85,0.00015,15.91
1A3gTPw217g1L2DTWeyksrYhyRqLQtxm1X,0.00013239,15.45,0.00013239,15.9
17wbgLU1zdLCZJxM4mk5gjK2EhWsQcbp7G,0.0001444,15.64,0.0001444,15.9
1Ht1beWLat1CNwiXnLd9Nn2MovssHkKwv7,0.00012858,14.65,0.00012858,15.88
1KknBeWhPSG4536Hnefe8YfwEYn45Z6tPT,0.00014405,15.67,0.00014405,15.87
1KWJTe6B38Dr6oQUkbPtNLDyrrGUe2AhHb,0.00013466,15.89,0.00013466,15.87
1DgykxA7CrANNEqSd8dU126AZYnyQv9RBx,0.00013773,15.7,0.00013773,15.87
1ASsfwXYsWkfGa8EpfSbQ3AMVeLKCpEPPU,0.00012841,15.0,0.00012841,15.86
1FPx6dvniAabqcW5KLfwzFPWAAdUaeLZ94,0.00014935,15.73,0.00014935,15.84
1DWNfhEvzLqAAQAmh6GZ5znr3vZNsaW3Ex,0.00015,15.97,0.00015,15.84
1HLWCZGfB684pWigkkgw351cSwNLviBePQ,0.00012817,14.82,0.00012817,15.83
1JALA5dqseATZRwDGzvV1gx1G7BbxkXbDz,0.00014161,15.53,0.00014161,15.82
1Bs9kFcqznZ25dK92KHGmn9WBB4RNR71qs,0.00014511,15.64,0.00014511,15.81
1BeNUXgmq4fZnx2V8rCHiS3fgaUCBRUQzv,0.00015297,15.8,0.00015297,15.8
1JBV4wYZhiQPUAezc7RaDSiquUSVUUUs2Q,0.00012792,14.03,0.00012792,15.8
1ANpGdeJSK5oeSWX7cBymNzUxtWhdiK1St,0.0001495,15.76,0.0001495,15.79
1MjWbL4q9cHWUeP7i4cXSsYg6uEJotRJ3t,0.00015204,15.78,0.00015204,15.78
16RvzWUC7Kt4j4L3fkGDkQrmPb92zVoT1V,0.00014747,15.83,0.00014747,15.77
1FG2RSHTmv47Qd7UmpqJjb8DnGMMH8X6Mr,0.00014551,15.77,0.00014551,15.77
1LR4K1b3Hnbq2FjcrSgRcjCqdCK7wMiPs2,0.00014989,15.67,0.00014989,15.72
1Gb3TMZA7rJXjBgEFRk36att9TbnMVJLdN,0.00013639,15.88,0.00013639,15.72
1FquSsm4DRbhqVLM7vh2zmCbDbz4Z1hRYy,0.0001352,15.87,0.0001352,15.71
14my1LEzt4pRy8BW5av66Mt3afC25zLsWc,0.00013653,15.7,0.00013653,15.7
1H8XrV5EqxUSn8nbontrAoUEk6gZdqcbAf,0.00014626,15.66,0.00014626,15.69
1MZkADCsKs8pcqAGtZeDbK3Rfi2EnMCCsg,0.00015008,16.03,0.00015008,15.69
1GLvxtym9pqXwJPTtKmqbVwYLkTB4vEpca,0.00013626,15.56,0.00013626,15.68
1AoieKrwpVhzH8tZufbUvc3fgxSzZPssHS,0.00014465,15.52,0.00014465,15.67
1D7iEnUMi2QYYfDSSRYbFpcrqP3KQsVgbs,0.00014606,15.64,0.00014606,15.67
1Ea6mjL5NGBZrFWyqFibw1bL8ucpmBPDHA,0.00014979,15.58,0.00014979,15.67
11EBbh2H9LEni73LL2owtWnPD6gkJVeik,0.00028499,35.02,0.00012687,15.67
18CGkYUJAgcGqSLpS8v6qWSNtmMqSBwhnv,0.00013203,15.66,0.00013203,15.66
1Asoqc24zeLoNMdNEbxMWF9ndCNvTyvSbM,0.0001458,15.61,0.0001458,15.64
1iVbndkR884goFungkACUN55f4jpkGjC6,0.00015165,15.69,0.00015165,15.64
1CMSQKfm6A3JFapWUo2rrqFzoj4DF5Rz1k,0.00014909,15.64,0.00014909,15.64
135y5QTDMToHvnRdzWTnt9Uyh8anwvw7TC,0.00014189,15.63,0.00014189,15.63
1MAiNf5tF5jQ68irznU6K2y6mi36q5mdeo,0.00013563,15.46,0.00013563,15.63
1PA66nWcMjDonN4UTkG5qUhSTVZ2JZn6f2,0.00014706,15.6,0.00014706,15.6
16guhWp6hYNZUSEVnbb5LTRaBiJTWLDRsa,0.00013955,15.3,0.00013955,15.59
1Chu9w6BY1s5rfvKbympcJUQMQiQ5h2XH,0.00014306,15.58,0.00014306,15.58
1LnDFPtN5kw5rDKo5UCkUusSWYvvG7pmiX,0.00013264,15.55,0.00013264,15.57
1FTiPQ4p8GRbm76rGxHZsyPBKA91AFGV92,0.0001466,15.49,0.0001466,15.55
14oHi6x4KBosnvdhzRBCqcbwSeZMqDn6Ud,0.00014428,16.12,0.00014428,15.55
1NY7nE7rEaa8y2jVnSYpepHqo3xkdVmFt7,0.00014899,15.12,0.00014899,15.54
131s2uE4o8M78ekceFDwDDifgK727Ttqpq,0.00015384,15.53,0.00015384,15.53
1CeWzhh6EQUEAKZ5rro5H4cbTVwauXobw3,0.000147,15.52,0.000147,15.52
1EohFMJcp58s5oY1ectWR2hAj7Rbuieh9H,0.0001468,15.47,0.0001468,15.5
134wPeAeWPVB1eaGgSw8vX7HdjJ8dJL9xG,0.00013163,15.77,0.00013163,15.5
1XrNSBfbfA1ggg4R3UmiFvFQvrTy5NfXS,0.00013373,15.76,0.00013373,15.48
1KtPAgJk8UnrhwhAmDqC5RcX4LPqVKUFSx,0.00014007,15.3,0.00014007,15.43
1BSKfF2wS9FRTi34ospZw35p31Wxw8Yxpq,0.00013311,15.7,0.00013311,15.41
1NJcCjXxqraVz4c7GXr84vxpRZoRJsYrdo,0.00014917,15.61,0.00014917,15.41
16gJh7qTzo3RdbPSdvmCnw8xGsLAwBBNAi,0.00014567,15.61,0.00014567,15.39
12YLdWiC3TRAFT2qhjaCgDWaKJZyyLNAmC,0.00013904,14.7,0.00013904,15.33
17ZowRD6UmaGGthBi4rMfFnTNNc2okHm8k,0.00013904,14.7,0.00013904,15.33
1GoTQceXfUuTpJ1VECc2ezAaCD7duj46df,0.00014649,15.32,0.00014649,15.32
1P5HimC4DsV61dScc4Ur5LqH8AhbEtUWYR,0.00013287,15.47,0.00013287,15.31
1AauLpRvQk8okepnT6h4wuZoF7mAoWTJ8C,0.00012984,15.46,0.00012984,15.29
1GnxTSxT3QQupWMLWvDH94PBh3ALucckVc,0.00014141,15.79,0.00014141,15.24
1BUmVvgwh7ZuzCNMi6RUkmfaRk9vh5SsUU,0.00012337,13.82,0.00012337,15.23
1C1e6xdYefh7RLzqM4QFrAD4Q49Lq8bLWp,0.00013096,15.49,0.00013096,15.22
1Gy6uk9LPXQBFuenpaPYEDFXBhirzesPbb,0.00013777,15.19,0.00013777,15.19
1HD5zq7WEAPUTmcKAMG3thrUVh3S45kWZJ,0.00013762,15.62,0.00013762,15.16
1Mam8VkJQ388AUViEMUv8uEFdSeXKcphX,0.00014151,15.16,0.00014151,15.16
16x1tCknTMN9tG6KZAxBf45zM93tfg9PAB,0.00013739,15.35,0.00013739,15.14
1EgvzFBDSorgVfXe2dWXhRH17QqkAJ6AMN,0.00013718,15.13,0.00013718,15.13
1MDP9gd2fsCs6hG3V4FY2HwbuC3LzK3bdb,0.00013723,14.85,0.00013723,15.12
1xovx1Wrx8sLvUJNXaqcUESgTxghygcPx,0.00013,15.38,0.00013,15.11
15kmf8FyFGVcPZWfNkrPTKH1x6ZyLFchHr,0.00013711,15.18,0.00013711,15.11
16RPxMaFJDyYvPr14rKQo7Jcntp8x2fxQe,0.0001425,15.05,0.0001425,15.08
1N49Di9V7kWbx4fYqeVs96tZJEE3Pv1KZz,0.00012216,13.58,0.00012216,15.08
17h7XsMvdVTwaoMsvVQge9pjmH79N5ZxmS,0.00014177,14.98,0.00014177,15.04
1AM3MS6DuDWiEXap6UuQXLr6T7PhBTfp3t,0.00013046,15.04,0.00013046,15.03
1PGunFErwxJSEFDTjwfhrn31p2aYCYCo9V,0.00014236,15.03,0.00014236,15.03
1BdWGvMXJRy8E8SZbd39ELPej1AgVu7FvU,0.00013636,15.1,0.00013636,15.03
1K5CGb4qK53t3aEgh6VECEFbypzxMmE1h5,0.00013941,14.96,0.00013941,15.02
1CT93rP4mVwkGpbzRq5DJXP2pWfCnK7jdL,0.00014161,15.39,0.00014161,15.02
1EgBYCsFTxf5p5Ln4SaGLhKVC9e44LucJk,0.00013793,15.01,0.00013793,15.01
1J9gMfsuozg3YaqF8y1HinKHvc3afRE6ne,0.00013615,15.15,0.00013615,15.0
18WnyfkcYCMMdRahBqSi3W7oZA5MmFyHan,0.00013865,15.0,0.00013865,15.0
1DEAEXJwrQcJU5EobV1p9mCnQwSCBeRR1b,0.00013856,15.13,0.00013856,15.0
1Q8S3EmDodp4W1qCiQn5jZsCYBhma2ff3T,0.0001264,14.99,0.0001264,14.99
19LRoSBssgtSMBmTfCfoXMggF35jNoJX5J,0.00012633,14.99,0.00012633,14.99
1dbiYCVvD8uoSb2Rnj1fNRmkEXjjaNNzu,0.00013901,14.98,0.00013901,14.98
19YfDX2V7cvpeLqa6bJYJnXPPTiWwxWQUu,0.00012871,15.11,0.00012871,14.96
13LXL82jLhV59AUMWFp2p4q1aAByZ7fi6Z,0.00013977,14.95,0.00013977,14.95
1LVX7GXG8M9eK61xadhZFri2hqPKksGXCb,0.00014392,14.93,0.00014392,14.93
1JSiaBDHUUJoLSH6JDyHnmXTcDsYCFwLyp,0.00013954,14.8,0.00013954,14.92
12Tre2aVLShnJRbCPPAGvmQHVDFr4NVFtb,0.00013525,15.05,0.00013525,14.9
148x4ZcTCbmffD6dPyCbBFQeTdZL2GPS7x,0.00012696,14.89,0.00012696,14.9
1FwBsG4MhCEcCjTDybHMddKhJUB12aGM6A,0.00014412,14.89,0.00014412,14.89
1Avb9Zei9qsB8fF7ndYPnEMpA5AJ2eZJcP,0.00012569,15.08,0.00012569,14.87
1P78LZgeAytkwt1jBf9zAU8spGrMb7qkYV,0.00014,14.79,0.00014,14.85
1PycFyoA4T2NByWc1Auec12mSzidtMxquM,0.00012817,15.12,0.00012817,14.84
1P532MQF1zXKoXyun46jeBqcs87cnQPexk,0.00012806,15.09,0.00012806,14.82
1PoghNRE9N9yu8Xq1PLmywtoGZGHZaV71k,0.0001234,14.4,0.0001234,14.82
14R2JU5fsuxxNT1jL9rMwcyam9CvGA992f,0.00012563,14.97,0.00012563,14.81
1FK35nrWe841LS8GFD3twiQcJyFav8DEY5,0.0001197,13.8,0.0001197,14.78
1EjRKoe4DJTcTVY6T2rQsogjSon6infzPE,0.00012757,14.77,0.00012757,14.77
17wtDniXJ9jzpaoGV91qaLwRFptsTuWktx,0.00012467,14.98,0.00012467,14.75
17ZgMXBcasAmRdX7SvCBQpi1ogNJchetJi,0.00013195,14.47,0.00013195,14.74
1EMp9mzsQEmtiWNFpLmPtH2UgLhToboUbj,0.00013551,14.72,0.00013551,14.72
137cMZx1utTyLN9v2UZns98HaGW7qo5RdE,0.00012229,14.51,0.00012229,14.69
1NNDQ6xMN9WoibGztRQwN6KUE4NeZFivoa,0.00013926,14.67,0.00013926,14.67
14rJACAAfhhbusB1mUiH21xJx18YfgVG1R,0.00013314,14.98,0.00013314,14.67
13FaCGWgQDof88KCtp96tcWzvdMEWT9jSw,0.00013848,14.63,0.00013848,14.63
15HW3wPQrVgRN1mmJqpYew9ZLNiw8NxwK9,0.00011821,13.72,0.00011821,14.6
15pijXdJTAUHxyvWXXvZvoaNHXXhSpcE4z,0.00013228,15.01,0.00013228,14.58
16rsR4VrQQSAUtyiBGzAm8bPnsMebgv2ee,0.00011803,13.45,0.00011803,14.57
17LKJxU9RdokXFKpf1jbY2CbQMQxhG5PLs,0.00013181,14.96,0.00013181,14.52
1E4z1qhgXP956XfSjeJUMU5qzzTi9BUKAA,0.00013352,14.72,0.00013352,14.51
1Mpob3f94zTSjLDHjpuCzR8TgrVCP443wj,0.00012519,14.77,0.00012519,14.49
1PPxwhevayxqkhQ1gPFAS1Vwnzp4arqWkq,0.00013692,14.43,0.00013692,14.46
1CRradPT1M6wwUTdMx3o3VcVcb8A7t27TE,0.00013109,14.65,0.00013109,14.44
1NPwuuESxd8YXvdaqmw2TMah4tM62irbHu,0.00013446,14.39,0.00013446,14.43
1PeD86uWacd8FW1gTdhT8BxnBBLakfvk8x,0.00011654,13.32,0.00011654,14.39
1D76zNijb69qRqmFhd1L6RWLgevK4nKdwi,0.000122,14.39,0.000122,14.39
18ZNFSbt985qU74aoTajsNMxJiBqoDi8k7,0.00013747,14.52,0.00013747,14.38
1HChYQcPgSLog6JAG1XgaEk1eFw961oerS,0.00013734,14.67,0.00013734,14.36
1DPMWQSfL7KeVeSw46XJV7peBw4KVsXArW,0.00012841,14.08,0.00012841,14.34
15HZwzVA34fH8WjXT9fVoXpVpjoyAzYQsQ,0.00011608,13.99,0.00011608,14.33
1GefpMgxjeVBLiFs2NUqnSrzf7zcpMAdKQ,0.00011539,13.16,0.00011539,14.25
1DqeGm3n3fDXSVfZrW4tbPdqnBEyvQbYyH,0.00013408,14.16,0.00013408,14.19
1HP9uzg5WDqgztgYt2n2tRsLV9y7UTNUr2,0.00013061,14.4,0.00013061,14.19
1J1WfAvQo8LNiJQASF67ZcHULTU5rWjGuG,0.00013411,14.16,0.00013411,14.16
1BuRoJi3yXMi7Wh1Rsw9nun38qhGE57J71,0.00012837,14.67,0.00012837,14.14
1BK3gZDF96MMqm4WuhhxwfqZsR7jjcVM96,0.00012772,14.21,0.00012772,14.07
14tgYcsxx9iUyyqnnX6RneghC3UHHdQPy4,0.00012581,13.85,0.00012581,14.05
1RUxSjJqZGzU1gWH7W1LFN2ShMnyqyoZg,0.00011952,13.87,0.00011952,14.05
16YRCJ6L3u8t8kRVbyHWuDUPBE3NZSSdZd,0.00011785,13.98,0.00011785,13.98
1BtEsvpWs6KSTBL7ewTzxNarKiosofMb8w,0.00011766,13.96,0.00011766,13.96
1AkNBjtW1gXLUauNNVrkpqrf3rhhedPVo8,0.00013156,13.96,0.00013156,13.96
14kJvTS38h622GtqS15si3osW2WyiYjjXz,0.00013126,13.92,0.00013126,13.92
1LHGSvsjfonpEeoGMGFsZXTwVbcrXy8DJT,0.00011222,13.02,0.00011222,13.86
1EwKz4Vqgg8UotuKFuMP6RogaoGLsyh1PE,0.00011218,13.13,0.00011218,13.85
15emQj9aMdgak9yazpxZu5jkaQEfkJH7xj,0.0001303,13.73,0.0001303,13.82
1KwSBHRjDR2PggohuyPC3DXpR8VRCEuC5V,0.00011194,13.49,0.00011194,13.82
17BsMtTYq4iVJCMqPq3H4TFVSEZy87Qu1F,0.00012532,13.81,0.00012532,13.81
1LprqQBZXeBdtdu1XMt3CqVzd6fvj5yf68,0.00011164,12.41,0.00011164,13.79
17ahRPnJg2LttNC5KjLPLQRM8sN5gyK2hy,0.0001301,13.74,0.0001301,13.77
1JPf9oYisGPrQ9FBdpPRUq33bvNv2Rsw3u,0.00012762,13.76,0.00012762,13.76
1FANhaqWcKGquFdTqgKnVpadz3mtBG3TGB,0.00012481,14.17,0.00012481,13.75
194NdvPVvKqHhi5rDbmY8bFr7PQQ4WAvGs,0.00012687,13.72,0.00012687,13.75
1GqeFWCmCuYWUXYt22GBdchopQuo1Sb7GD,0.00012636,13.73,0.00012636,13.73
1HQdXcweZA5u9r1rv5LDvaR4DEpoB7WEYk,0.00012452,14.37,0.00012452,13.72
12dQER5XozFRDjm19XMpGgBUEZaBPbhhvC,0.00011433,13.34,0.00011433,13.72
1x6FmQfz3fmhdrHYru7zrzaefKzXS7Nsw,0.00012916,14.03,0.00012916,13.7
1CufyihVufoxo71MGBHcEdHVcBwxthWhPS,0.00011077,13.44,0.00011077,13.68
17EzeiwPuTGiXCBo39kwMq5zbsx8U4KWJK,0.00012411,14.09,0.00012411,13.68
13TjGUWEmeM3nMxt4XeBsyuWsU26GtmWVG,0.00011062,13.52,0.00011062,13.66
172Fm23NyW6EtWKPwfPbi1UnipKLyfYJLM,0.00012366,13.08,0.00012366,13.64
1MxdMDo4LUxXgxfkKEVL2Ym4pZEaTiCd4a,0.00013002,13.61,0.00013002,13.61
1PuHtRgswpSnsea97GM4KGfEnCKmMUUUJG,0.00011434,13.58,0.00011434,13.53
1AARcx8UEGx2X7PzhF4g7aTpkKpoDqpDtW,0.00011456,13.68,0.00011456,13.53
1K1EA5a7LVHxaA5XaGCsULXCaabvYBFFvU,0.000114,13.59,0.000114,13.44
1ArKqPr6DCY1rHdX5h1DsNsfoYvkRmiiKf,0.0001194,12.76,0.0001194,13.34
1H5BWGfkJifEEyn9rs1LDpPRhUQ3UtMF2x,0.00010799,12.1,0.00010799,13.33
1FWENXxJ7sZdd8cseTPUi2nN9pRtbz1FZd,0.00010796,12.1,0.00010796,13.33
1AU4WFrpjHVDYEk9dQigjhFmbtxUHdgKAg,0.00010779,12.49,0.00010779,13.31
1EUCsSK4tSAtweUhMRybQNMHEW6ziXtzDM,0.00012441,13.35,0.00012441,13.31
1D9cw4fixLQYaCmqNnxb2Scmv8fGWvifBX,0.00011431,13.41,0.00011431,13.29
1MEYimhCQ9yAxXfH8YayuC91Egaynf2Cg7,0.00010729,12.49,0.00010729,13.25
17XpVuYxxu5Cj7yJNaZT1JUqbUEiYa7SUE,0.00012,13.85,0.00012,13.22
1G5NWjPfH8JJqaYkdpsBYKnMMFEeQiSAiT,0.00012569,13.16,0.00012569,13.16
126mNiGQgEJuUh8egi34tG9LeftUHFhHzj,0.00012555,13.06,0.00012555,13.13
1FbGckhQYTcjSGzQTNNsGrJYTC5u4Scq8N,0.00011896,12.58,0.00011896,13.12
1KQdSTNXUMTZXaRVH3vxsxguyYC8u3ZuuP,0.00012236,13.29,0.00012236,13.11
1CKMfePgveW2kYjdbsXmr8c3nejo8HTDQo,0.00011835,12.51,0.00011835,13.05
1F6zBE2uQzrQ27h9A7JQ4cqQwygjWkPcxV,0.00012029,13.02,0.00012029,13.02
1M97h5zXcU83r2a8Uq5TgtB4fGuBcaLHmW,0.00011682,12.72,0.00011682,12.99
1HVJK9JC6rxJWmpJDnaSeGErJ22JSpn6JB,0.00011057,13.0,0.00011057,12.98
1BawFRLyt37GzUWacVmgAThRy6f8GXSfH2,0.0001222,13.28,0.0001222,12.96
1SKoFthcwQ4zsDWasDcqWjdtE7ufKh9SD,0.00010782,12.58,0.00010782,12.95
1Bg6v9e1gAXkEyLKa7gDqE18nLp8UTw3Mb,0.0001201,12.89,0.0001201,12.94
1HBpDed8dUXiFRSErBDu69LvQ6gPVPTXPC,0.00012251,12.94,0.00012251,12.94
18nEfCXv2vBEGsDaiDGkwikoPidm4cTTDy,0.00012353,12.85,0.00012353,12.92
12PNGARJoWGAd4xo3MfhSfxn4zsvCcqR1m,0.00010445,11.98,0.00010445,12.9
1GYwAg85ihqnnwN3nyvgLFCWSpA3msoWk5,0.00012316,12.89,0.00012316,12.89
1QDpgKzV6im6YZdb986hdfXo8CK5bQqwiU,0.00011908,12.88,0.00011908,12.89
18GHwiaT1mazv7ogbG2RPstkkML9AMpmeq,0.00011697,12.88,0.00011697,12.89
163J5ca8SQTWWAMkdzBbQHcyfg5qgp6hYK,0.000123,13.14,0.000123,12.86
13zCFZpB6jugLH36Ke7HVubTL1PnUMh5HP,0.00011,13.01,0.00011,12.78
1J6oSbYSrQa42vz379TXVs4BdwKwQQ7wJk,0.00010348,11.95,0.00010348,12.78
1GYzDLSDFyhxPWmPSLpJ3sLoCVMTxmLdtz,0.00010337,11.78,0.00010337,12.76
13FL5gmSobLGRpKZhNqge2Ky4bKxSbBbci,0.00010305,11.89,0.00010305,12.72
1EVbb3SrDqprkqmaT1hnkLsQzFmtCZ6wXq,0.00012019,12.69,0.00012019,12.71
1PjZVa3XVFZXFoRcLSY3oeWfLGjUpZ1t7L,0.00012176,12.36,0.00012176,12.7
17XF68GCqkgEkzrNavHDSfqaPha2G3Hap9,0.00012134,12.62,0.00012134,12.69
1EYgvaZF36T4ygUCwj5dETVn1uVcEPDWnX,0.00011516,12.87,0.00011516,12.69
1LiHETeftNJbMedXtSzBWixzQ2Vkxx6Hto,0.00010959,12.91,0.00010959,12.69
16uHbwhu4Cg226s8FP1gMnCubjftLBXVdW,0.00010236,11.46,0.00010236,12.64
19fUwJ2D8hT96UW2qdgUagkwSBPgAiW2Yv,0.00011938,12.64,0.00011938,12.58
1KGM3vyhSuvQ2UamqY255Xnso2Qkf8m4m6,0.00010136,11.55,0.00010136,12.52
1NJDbK6g2nPNKJn369wYmstGrLYa4Luigw,0.00011929,12.51,0.00011929,12.51
19dnyJdK8Usi6gEpsDZ3r2JZ6QhXPaZVKQ,0.00010768,11.98,0.00010768,12.49
1CRbjU8AaChktS9mRWpqFpWGG1DHvJJaA5,0.0001202,12.44,0.0001202,12.47
159EUPFPAsjdRSSrrx9zZ3SQxQq46ooGF1,0.00011909,12.45,0.00011909,12.45
1K6xX8neyACPWe7jqzUgvoj76RjinwCwWr,0.00011805,12.48,0.00011805,12.39
17JhG6HKr9ZrFdesjXob7W4xJLxFcnUvNF,0.00011546,12.39,0.00011546,12.35
124gGtMYUdAc9bqjSqEiZuwARSi6dX5yL3,0.00011808,12.35,0.00011808,12.35
12svxdUmu8CRyphkqBcTNNFimWJgJxTJKP,0.00010269,11.98,0.00010269,12.34
1FsMoRTygzzvtq7jd6QeV266miAxQH9zb8,0.00010634,12.54,0.00010634,12.31
1A9cCnRrRGq1GcRYZ3XhqiJFHewkB7eG1,9.969e-05,11.82,9.969e-05,12.31
19ZkLkAzu7dX5R5yzyUZjVTriUEykkcvXJ,0.00010555,12.44,0.00010555,12.22
18GAwDp6Dor4HYFR9v5qtn3rMbVSzijYMw,0.00011088,12.58,0.00011088,12.22
1BmskvyurYDD2DP7HPhJKw3W9b7CSEU1xe,0.00012064,12.18,0.00012064,12.18
1NPMqrvDtxrizP8xoy5Kx3defuJzLjhfEV,9.81e-05,10.76,9.81e-05,12.11
112zeRQdnW6trpTu66VrFo9jn96yVSeYVg,0.00011148,12.11,0.00011148,12.11
1EEW23DusZqKYBKW7DJk9rLSyYBnpgKdiB,0.0001118,12.1,0.0001118,12.1
1DV9pkJdTznRnitQ9MKeGfRnpXg77GR9vR,0.00011155,11.97,0.00011155,12.09
1Li6ka3nMhDkFXkByh4JuzK3eQ5jp3U588,0.0001093,12.04,0.0001093,12.04
1672ABGi56KmbEnVpaAAQrjTVd21KgmLUq,0.00010799,12.01,0.00010799,12.01
15Ybomf7Y8AcjnBGEpkFxiamUeyP6WvX46,0.00011103,11.99,0.00011103,11.99
1FwW3EBsX4GVv1yudK17CsdhrkLxaZrKZW,0.00010777,11.99,0.00010777,11.99
19spe5a1HHx8L6uSWb6LWcensnerdezgqn,0.0001146,11.92,0.0001146,11.99
1HoLsyUxhYt1sxqBiWAmEDzEoBgP7xbZrq,0.0001026,11.97,0.0001026,11.97
1BJ811Gp8JiBZyqbkhGbGfkgiVDhxaFXiN,0.0001017,11.99,0.0001017,11.94
1N6pUC6qZwLsxqHPiPbVReiqm2As7zh8s8,9.667e-05,11.14,9.667e-05,11.94
1Fih6ZAdr34iGhUBYnWe3DptdtQZeZa4kg,0.00010169,11.99,0.00010169,11.94
1MPaRPhZbZn9dgdwxvG55Pi6j6onS137w7,0.00010344,11.81,0.00010344,11.9
1NxeZKg4BeC6S1dNN6Hhppjb75wNurM5KW,0.00010616,11.34,0.00010616,11.86
1LLA2oa11CSKxL7DB7KggLSJnD5wxTSfX8,9.851e-05,11.47,9.851e-05,11.83
14P5CRua6bfJk7YH4XEHap6LncSPGKs6nR,0.00010003,11.81,0.00010003,11.81
16UN4RjuYbf8JbBuYQWqiSy3N3FBpkxhtW,0.0001,11.76,0.0001,11.79
1EjgJ6XGrW7SPPkZV6LUcG1zXPPtk3EjSC,9.986e-05,11.9,9.986e-05,11.78
1LShaWncaBq4wjdFNvFLT7fEzsoG7k6yha,0.0001021,11.66,0.0001021,11.75
12nPJAYcLrRzks1RavyqBPnowhtSzGdRyy,0,0,9.512e-05,11.75
186LiKwetbVftwWauzcidVAesyhJyP4P3y,0.00011319,11.72,0.00011319,11.75
1C5a5TbAgyGDo26Azv2qyqSq8eg2xvcJDU,9.945e-05,11.77,9.945e-05,11.73
1GBxWuj7S7jjjh7xHbizTuLvwYsTSQS4fU,0.00011352,11.73,0.00011352,11.73
1pMtnvrfYPpXJnKar5ADiCDrQWCMNVgGk,0.00011212,11.97,0.00011212,11.72
1L31xEhY4ikX2q7BStj79abM5kfMZm2S9E,0.00011095,11.7,0.00011095,11.72
14he3nYzxevtbTYAj5wyA6NX81v6SH4WaZ,9.918e-05,11.71,9.918e-05,11.71
14rQdpeoEiAd6CA2fZmVj9BMzc8hh2FCsN,0.00010776,11.88,0.00010776,11.71
1LHVxG57j1xP7pZ8rmPiGaLi9iFe2u4reN,0.00011079,11.68,0.00011079,11.7
1FS4DsSbZdevPtrDRNHdmhrVFjYwGUBxk9,0.0001157,11.82,0.0001157,11.68
1BH3BpA4Q2euZ6Z58UCtLh1aoqkbx7dH33,9.853e-05,11.66,9.853e-05,11.66
174Hq7K1YEq8dS3h4f6kDxQ1FGfi1jCx3P,9.871e-05,11.65,9.871e-05,11.65
1HpYbP6YvNa6ZPG3JTdAwaBiaDZ7peTxEn,0.00010842,11.64,0.00010842,11.6
1F4nWtDTXcg6o4cp1DXzBD4kwWkZhQij9k,0.00010665,11.76,0.00010665,11.59
1Bt7MGMfZkmJuM1P5NePR1fKRKgpDQsL87,0.00010485,11.83,0.00010485,11.55
1BQTzoojVHYhpNfEbEy4jZh1Q3CbB9fhud,0.00010479,11.89,0.00010479,11.55
1EKf2bNe8XhyEReA8fG72oMbmc5gykgtjD,0.00010626,11.72,0.00010626,11.54
1G6YiYutXnhsXovjbFEu6yzQLYAz3aLByf,9.341e-05,10.88,9.341e-05,11.53
15Xa5vYFr6mBjPJnQjm2t2eDHKXnqXKZCH,0.00011404,11.65,0.00011404,11.51
1HMWHtAPLy2JntMvDDWH4poj8XVLeKLqa6,0.00010431,11.61,0.00010431,11.49
1FEYm9hu1QNHDi8Y1ewb4bdZ1GNLzjvpXf,0.00011139,11.52,0.00011139,11.49
1LsWhtbGUwkMuJd6UmBH3pQL6QG3Ju2C1s,0.00010821,11.43,0.00010821,11.48
1Loj1SGLw3R95nrtFBab5JDpWhN6bN7b9B,0.000108,11.38,0.000108,11.46
1Fyec6wdbZJrs8FgpjR6o3dfRoUGXTJNoG,0.0001075,11.4,0.0001075,11.4
18SAVMcvELhzygDanx3bdfR9kzUA7gTZir,9.471e-05,11.3,9.471e-05,11.38
194FH5fW66L6a6sPmearatAAQVVLSpnrZq,0.00010552,11.79,0.00010552,11.37
16fquhFQbFPvPNKFRG1mm8KyM7RDqPjmh2,9.192e-05,10.45,9.192e-05,11.35
1KgjQ2mHj3F88mRnmvU8egHEDfqPRgePAZ,0.00010998,11.38,0.00010998,11.34
1Fe1yGMnixoVVkGNmsLa1ocaXPRFS8zb9p,9.137e-05,10.02,9.137e-05,11.28
15h4EeXfk3BvD2oWr2ZVyuKseJ3o6XraM2,9.565e-05,11.23,9.565e-05,11.26
1GB6wAxy1otTxff9DDAAbWqYmEqPRbyeEf,9.1e-05,9.98,9.1e-05,11.24
1KPnc3hzJHS2Hmh8MeYU7kK4WbCY2op2AS,0.00010848,11.15,0.00010848,11.23
183u14rLsGXQaPYQGJ9xarGSv8jQxVxqtN,0.00010185,11.04,0.00010185,11.22
1H25mazdcxMM5nxSMH6GwP7g3KNpW8vTUS,0.00011114,11.35,0.00011114,11.22
1Mpc3SkziCaynfNk9a4BcXZ3rMjZXpmKUT,0.0001037,11.22,0.0001037,11.22
17wcSVJWc7EaJTA7mBnRCu9ve63eCD1ysP,9.995e-05,10.68,9.995e-05,11.16
1CHbNcmwLQNHhXs8PqYGUgqmEjSyNCsVPD,0.0001064,10.87,0.0001064,11.13
13mk4fpBkkQR2b1kfdaiu9MCxxzeK8kek1,8.994e-05,10.08,8.994e-05,11.11
1Gzsm2Tu3LuJWEYVaU4xU4fReT5VvwXrTo,0.00010172,11.08,0.00010172,11.08
1PbtHZwQkGezPenh1WR3KViAUkz5mef2KX,0.00010725,11.08,0.00010725,11.08
1Gqki8MZ5YugmJj2LxC7fDsxtFU6raVmuR,0.00010661,10.96,0.00010661,11.03
14JkhsZb93u9n8aibtheuTfu7TV7AEtuUf,8.935e-05,10.07,8.935e-05,11.03
1Fka1w4biM8iBT31rvBGmraUXDZz8puheJ,8.898e-05,9.97,8.898e-05,10.99
1B3tbrQdC6oUACJAY9q4kAqQy6rYfmHAY5,0.00010186,10.93,0.00010186,10.98
124WBQGG1P6i6keramEzgJpgvqEfUvP5qB,0.00010361,10.95,0.00010361,10.95
1ECkDkFDPhL3WDTSjEAWgSArxxJnd3zTvf,9.908e-05,10.82,9.908e-05,10.92
1LXmsygDYdLCxorPWyUftoF9Uc3YbmenjX,0.00010009,10.84,0.00010009,10.84
1BwmbKeYDLB1PrMGYC9B9oHpA9uGEMnkVh,0.00010212,10.83,0.00010212,10.83
1EWW52fJ1dLgy1M1DhxacSwA4t4fq8UPbm,9.828e-05,11.06,9.828e-05,10.83
1BtwBpscTYYebyMCvRnPHxiUQT8xU8G2bH,0.00025682,31.2,8.702e-05,10.75
1EnAi9Vdn8pZFt2CiNwnghEyr5ZGCKYxig,0.00010149,10.7,0.00010149,10.72
1G8udm7uiymKJoGBbqV96aSRxzLHb9Gv2D,0.00010204,10.67,0.00010204,10.7
1BmgRUJvvMoFaLpP5h9AZUVLaxEf6EqQX3,9.759e-05,10.62,9.759e-05,10.69
1LqdSFDa6ApLHrE1mqqie6RfUxSFLZ94uV,8.658e-05,10.01,8.658e-05,10.69
1YyrkyT3xUwsrqiWQdawx2ZUwPQLhye48,9.286e-05,10.61,9.286e-05,10.68
1KtoGwo2FJbcZgHJtPDSKc4phPMcjJXTEp,9.893e-05,10.84,9.893e-05,10.68
1Cg1Yf1fEDy2xQCHReiduqEZjGMiwmeeXx,0.00010288,10.65,0.00010288,10.68
1CCrdEiVY2AxL583hhPnm97WmSHogkR3cT,9.007e-05,10.76,9.007e-05,10.63
1R1Vm7hmeWpa7v7adF6Sms9mBaJHM33Bo,9.639e-05,10.85,9.639e-05,10.62
1J8oKeSim2BXdFtBDRYMoDXuUBiXs91EGy,8.588e-05,9.46,8.588e-05,10.6
14XrTdqnsjTqbJcg7oVYST8AAgpCY7cudx,8.996e-05,10.44,8.996e-05,10.57
1BRRfR6T5TDtK2oAyjGQDsNp8JFsxXTAek,9.591e-05,10.67,9.591e-05,10.57
1KQRPMxUCWJapJWLrLtHrUjhSZBPK2ArSW,9.878e-05,10.6,9.878e-05,10.56
14V66ptc4LBGQYmeXrWTX6k81a6Mb7Uj3b,9.553e-05,10.63,9.553e-05,10.53
1EZEQ6SWg9WLejVoKVbduqsUVTArYbpWAU,0.000101,10.45,0.000101,10.48
1HKbEfCz2GxipX8J5tetxQjcVh5DDgb3co,8.858e-05,10.92,8.858e-05,10.48
1Kjzhj5nCiCcn5mq91NMUS5VQUhmy5vqXY,9.431e-05,10.49,9.431e-05,10.39
1M7iNP68Ks2YBFat4vUo7jvpVjKWdXaKXR,9.392e-05,10.49,9.392e-05,10.35
1N75DzyDSaKZC8J74nWakPoakjZwF96J1e,9.587e-05,10.71,9.587e-05,10.33
15xkdwmmSPRSmBv42Xkq22deiVxQhrLwy6,9.779e-05,10.33,9.779e-05,10.33
1BpAU9ARoGDyB9p46mmcpGrJii73vgXB7q,8.662e-05,10.28,8.662e-05,10.28
1JeBTRzsf2pJy4M9s73YDrxbAZtSt4spve,8.32e-05,9.59,8.32e-05,10.27
1W5FPsXHoPam7NYeW394vE4GzJohatxzZ,8.312e-05,9.71,8.312e-05,10.26
19Bpzpr6Z2RqY7SGCTEoh5Rgh9EHC24whe,9.303e-05,10.74,9.303e-05,10.25
1P9HRcT5D2e6zERvmdkDE1bZUuzeeqdDGt,9.389e-05,10.23,9.389e-05,10.23
1GQbm4KbXTm3cuUjByjogsZYoX2g7F7QnZ,8.637e-05,10.18,8.637e-05,10.14
1DjGxmg2RAYZtwrtqWitw7tNR4izocVoSz,9.796e-05,10.14,9.796e-05,10.1
1CZMe7DjrY85ZBmdVdFivX4CcFG5kKcEfB,8.171e-05,9.99,8.171e-05,10.09
12dMvbzkpDS6PZd9xt2MEkFzquSgXrs4CN,8.17e-05,9.85,8.17e-05,10.09
1DtMH5g97fXcben9hNdryEysZrfYMeeyf,8.162e-05,9.98,8.162e-05,10.08
1MUhZptpnf1LQWcUZQeqCsPpGcLq5vmbgr,8.157e-05,9.83,8.157e-05,10.07
1AW1oL2ptYt7jmd9cxH5GcDMSgQq3yxCUv,8.12e-05,8.95,8.12e-05,10.03
1KgdT8G5VPKMiSTUrH7Dmr4PmkBwANEzGn,8.118e-05,9.02,8.118e-05,10.02
1NHSmGg7iC6R8snFqftAurqgFSSZDMJA9r,9.434e-05,10.01,9.434e-05,10.01
18CtiSAfGd6Ea1KN1nnS3dZKwnHJZ37zVK,9.474e-05,9.99,9.474e-05,10.0
1NLRBcg5mPXxiY97kYfJ8eWFGMR4h1fCFG,9.322e-05,10.0,9.322e-05,10.0
13yPJJj42sbF7v8Hkbpbs3jdjVcLjwvPjj,8.572e-05,10.07,8.572e-05,10.0
1PiL7s6tn4esRKAKff2PzHdX9r7Fkw4EtG,8.096e-05,9.0,8.096e-05,10.0
1HZ5yVzFt2T73WctFMCPe51zfZ8LzxZ8NE,9.068e-05,9.91,9.068e-05,9.99
1DY55PZrS4nzwGme3dQZi89ABaEtrJQXpX,8.471e-05,9.96,8.471e-05,9.99
1DvKtmTMhrzJNAkQUoyEagmMKnQTCYU9b,9.314e-05,9.98,9.314e-05,9.98
1MyqSCW6Nr7PSj1To9MrStYbvpFcXy23qT,8.583e-05,10.08,8.583e-05,9.98
1JtWJ73VcaqnYEjJzMQqHf1aaqWzpwcAR3,9.074e-05,9.94,9.074e-05,9.94
1Pmhjzb5XfvfpdDBCdYYtoiBq58yrjBjhy,9.014e-05,10.07,9.014e-05,9.93
1JLksSL51eNZPmFLjNKGthX9o2Wudbs9Mw,9.34e-05,9.87,9.34e-05,9.91
18ZTZGuGFNhoy5WTUzG3oW1eDDWzCqEqui,9.166e-05,9.84,9.166e-05,9.88
17ZpMFz2kGKjEPgkRVo8ph87cnFBEB7aWX,9.212e-05,9.98,9.212e-05,9.87
1Koa8GVEjpPgtD3azX5yqZrQUtfEZKueYS,8.955e-05,10.16,8.955e-05,9.87
14YJLuxFHidsu3UMchPcNMG88AKUSyMXwG,9.319e-05,9.84,9.319e-05,9.84
17GVg7XrzxGR3YRUEhqRxgVNMPcPucs9An,8.495e-05,10.02,8.495e-05,9.83
1Ao3SJASL1P5NfzgqmfPDWqvMiiQ21NjSC,8.483e-05,10.0,8.483e-05,9.82
19VsxLyoDVqgiUQZrieECqoqyKmGbXdaPi,8.331e-05,9.98,8.331e-05,9.81
13Wzd38BUaLY1G9whGhoKKhhrQXHgRdy78,8.891e-05,10.01,8.891e-05,9.8
1NEYpR4mK5uE5n8FM4nFBd32fFgzqE4ere,9.016e-05,9.8,9.016e-05,9.8
19LjqV3fkEtnyWUAs8F5JnfbDuNtfrwfgk,8.308e-05,9.89,8.308e-05,9.78
1GpKDpw2i7kSKxeeU5mMpTEEcHyFHFtdfq,8.886e-05,9.69,8.886e-05,9.68
16xEGmJtocujgFr7Hbs1GueZ3XGqXBDtuF,9.233e-05,9.67,9.233e-05,9.67
12gyCKj4gWeEukVZhpEJaE9M6a74PyMV9p,8.75e-05,9.88,8.75e-05,9.64
14iSZnEM7K3Mcjd3zEJUcNs95PDqjJVQ1p,8.963e-05,9.51,8.963e-05,9.59
15R63XBj14ctmnBzCTW21YjG8qdV3Dfy8T,9.158e-05,9.87,9.158e-05,9.58
12h7wFCLNbB7up7BZWM3o5SJZNm8q2fmNg,8.68e-05,10.15,8.68e-05,9.56
1BjtXwEPgQKfoMBhF7YtRcbiYxpJ4ZENEG,8.535e-05,9.3,8.535e-05,9.49
13X5So6YuZX9nzkP918PqLWzUddC1ctzYD,8.033e-05,9.43,8.033e-05,9.43
1583i4yvXNB9haLwoBZHpg8mwxmt6F8JNt,8.982e-05,9.59,8.982e-05,9.39
1yZqybFVvyezpQWKSypXe7LbXvcH83C2w,7.499e-05,8.67,7.499e-05,9.26
1KZbhTwoEgqrtkTMmZ9oEAUVY1xpg1jv6J,7.468e-05,9.0,7.468e-05,9.22
17cRRYDgY5RBBgykqAxaeCEuzoZu28dsFr,8.464e-05,9.33,8.464e-05,9.2
1ASQwefqzmzmXVYzkWXQPK8FwaWBQkwm9q,7.987e-05,9.12,7.987e-05,9.19
19EaEN8xzBu2FfqccusUHT6uTnaFuk2Pok,8.313e-05,9.35,8.313e-05,9.16
152nPdK4SvASjMffwLNZ1BGz2QWu7w2Mby,7.826e-05,9.22,7.826e-05,9.06
16tW87Hpma9zyFowia4R5DVvwpPsQfH11q,8.358e-05,9.05,8.358e-05,9.05
1EJE1KaY9dNja4S6YJowbmppZ3vpN6e4Gu,8.165e-05,9.08,8.165e-05,9.0
18hr31u97mZ5c27fwCCNGoE3CCG8DkfL2b,8.505e-05,8.98,8.505e-05,8.99
1eSY11eeZ1zwpuQ49aDSnT2Nnot4uKfHw,8.699e-05,8.97,8.699e-05,8.97
1G6d2nFVSy3e8ui94gEK8esceHUhXZkfYe,8.129e-05,9.0,8.129e-05,8.96
1CusQHqqqq3idijxcyTsWVTRAX1ozTpNei,7.622e-05,8.99,7.622e-05,8.95
1DTiygbQRXXTQZ6BagqDnW8aWVuADfqLn9,8.404e-05,8.87,8.404e-05,8.87
1NbcwtxxBS9pq1vw889cm1gmiANnv3HY17,8.008e-05,8.87,8.008e-05,8.82
1EUZdd2mmGFxgrt1jTNfXXxZVx63QPomWo,7.611e-05,8.98,7.611e-05,8.81
1DBPXLFjhiDTi1ob3auGJCAMxebzrV4Wsv,7.579e-05,8.9,7.579e-05,8.81
19c7vD3jEradHsXWHCnVddrgxvk9GuqVhv,7.871e-05,8.63,7.871e-05,8.79
15n8C3WNSNR2WT7tySt1JWYiKzYqCMuoTF,7.625e-05,8.77,7.625e-05,8.77
1HgswJWqnZ173CV2qY41udp5qB9HbX39tE,8.298e-05,8.82,8.298e-05,8.76
12hpjPiKcE6xufZdgrRLsMEpFRtA9te7ZK,7.066e-05,8.52,7.066e-05,8.73
14SKDUSwJQsExC4ZPK2mkmXmJRhokx8a3k,8.269e-05,8.71,8.269e-05,8.71
1BYCPtrQGifeZPjby41T1vJRf6L32AVhhw,7.819e-05,8.52,7.819e-05,8.7
1GqdJ5hHcnBALvnTqGxzSNixC7FczgEiCk,7.364e-05,8.54,7.364e-05,8.65
19LCqDAphfDjDjVNxbx6rUF1xMKrRWej6i,7.881e-05,8.64,7.881e-05,8.64
1PcHxGCzH3YYTAoCUnNeSounZMbk1dXfek,8.253e-05,8.71,8.253e-05,8.63
1BUcdqJ4rhCBt5Dw71u8TYFWaexDbpHqW6,7.72e-05,8.46,7.72e-05,8.62
1Lth15hsyBXW6L4mA33JHjiFfnSeaTxEgu,7.706e-05,8.67,7.706e-05,8.61
152JGYfaepzWTqtxMToHiu7FyYzP4ZfqyA,7.96e-05,8.58,7.96e-05,8.58
12JfRPLM2tJrreXSNFpNRiEpWfwTK2BEFX,6.942e-05,8.49,6.942e-05,8.57
12chxHziMKAUuiKTxNF6GHuyQo8h44aAFN,6.914e-05,8.02,6.914e-05,8.54
1MH1Di7HSu1pvTdhCcUBTt5uumQB2BR7c6,7.747e-05,8.46,7.747e-05,8.54
1AFgy2ZtJv7TNqGFEhydEWB9LdCnrS1RLS,7.23e-05,8.61,7.23e-05,8.51
1CSmmA2EEPJzfSyXwJ2nEyC2MiWmUkwuF5,8.209e-05,8.61,8.209e-05,8.48
18iKRtz2uPqTwxZt1JJ2D9wy34gspgLX1L,7.669e-05,8.63,7.669e-05,8.45
15gcfTvE2eqiCBp5ABY1APM8dDwk16THSC,7.664e-05,8.48,7.664e-05,8.44
1FqyumfqFFcvBw3U5GQywZMPm4tafYWZpq,7.235e-05,8.56,7.235e-05,8.41
1N9bDmSvdkFFMqs2XCgfVaKxuZ8s4aNdu3,7.697e-05,8.33,7.697e-05,8.33
12uvzYotinPpbBi1n5qtk9vaMB9D4vhGVg,7.117e-05,8.06,7.117e-05,8.19
17ehUPBsB1boWp2TfS9MMYnyiwGY773rhS,7.392e-05,8.32,7.392e-05,8.15
1HWs3fy1hZw1Lx89Sk9ehg2UwdBtxqKR14,6.579e-05,7.21,6.579e-05,8.12
1H1EVxmuwZRRLAPAoCkHJodeeT6YmgDT47,6.571e-05,7.62,6.571e-05,8.11
1Bij6jKojbt38VwmwBSZ189U73M7zLmMgy,6.539e-05,7.99,6.539e-05,8.07
18S9oqijgH2qC6H5H5Z9YQGHrX2QumhehN,6.993e-05,7.99,6.993e-05,8.05
1QKVoPKQVJgJu8CYZNiSiyQFz1Tr9ipa1V,7.564e-05,8.02,7.564e-05,8.02
17DtvEWBNx8xWCQogshW28HPLJaNKzpUyx,7.473e-05,8.0,7.473e-05,8.02
16Bake3wHorQFT23eMr9M2r2UpFDXeBSH7,6.959e-05,7.83,6.959e-05,8.01
1FsWPCPKGVqSymgtBrcNtfpPGoCXLN2URN,6.784e-05,8.0,6.784e-05,8.0
1MTDc852pz3Uo3WAWb48nyvnC1YzE36f7p,6.774e-05,8.09,6.774e-05,8.0
1KYfD2yPRwGCF64N8XfP76sqK6oDSmCRCZ,6.799e-05,8.02,6.799e-05,7.98
1JvCtYFzfhpepFDeChrbZhHFJFxR3pRxRN,6.461e-05,7.24,6.461e-05,7.98
14GRpAyhQ65ZAUuh78SZnQn4627ymwQggG,6.81e-05,8.03,6.81e-05,7.88
16NYsjRcjC3WYtt6eUb9SDwRjyLaUQaRZ6,6.657e-05,8.21,6.657e-05,7.87
17ozYAizwFSLAHKh2WXq5jW93teJt7ZfqZ,6.357e-05,7.33,6.357e-05,7.85
18weyCfEFUuKHoUU1iLydVXt542sG3fqtN,6.755e-05,7.96,6.755e-05,7.82
1JqE7CwWvSQn59uojQamAUS3mLgnVfAVHU,6.938e-05,7.32,6.938e-05,7.75
1eAtrXqeWwtRNbv1pdRK6S3LAE41WkSSG,6.558e-05,7.72,6.558e-05,7.72
1JsCupYjcQZVRgvmHbsyiiQmcQUS5oBxtG,7.217e-05,7.75,7.217e-05,7.72
17BohEemCPLNKeq8KHKJFWCRoC6HpYWKMu,6.244e-05,7.21,6.244e-05,7.71
12AtMoM35qUP5uNcaP9sVKHWhJd5yQEHiu,7.229e-05,7.7,7.229e-05,7.63
19BCBW6NrRvPaH6NZc33pWDScqJcZfuSDj,6.438e-05,7.65,6.438e-05,7.62
15f7v5D9inhegoW9y92uTfvBzQDfPrRS7i,7.315e-05,7.57,7.315e-05,7.59
14K5aEB7Smpnebi3dTAcYvDsVkbC1um3Nh,6.825e-05,7.68,6.825e-05,7.52
1H8uDopPscLJ51XE5SR6uahW3bZ6NQZPga,6.816e-05,7.45,6.816e-05,7.51
1QBTp2hEpTYeFuv8ypMJhkYZvQAxNwYhxP,6.96e-05,7.58,6.96e-05,7.5
1KuKWbrWEbaUvGDBRFvkximxf8pQ2uS2Fa,6.858e-05,7.56,6.858e-05,7.45
1KhYQUvmSkCwZCZp4hip4mbzAcebTW96UY,6.628e-05,7.27,6.628e-05,7.4
12MiVcAhbg6yESWzJDJ3bw5rqaVxedKZD5,5.931e-05,7.25,5.931e-05,7.32
1L7HfA8gKX912UxUGBUnneio8HfzPri3Vz,6.534e-05,6.98,6.534e-05,7.3
1Dyv9y6Vy9N9hzMFXraqnuZutQcPs2ej7X,6.147e-05,7.33,6.147e-05,7.25
179J21acyxRZpcL6FrqYzGhoKuvPmo8PX1,6.685e-05,7.24,6.685e-05,7.24
1gx4zEhNQsPjzRRtP3LH4SeF5AZQF9b1N,0,0,6.55e-05,7.22
1LemEgU3yr31WiKeqqs3Y7VFKQXiju47FA,5.838e-05,6.75,5.838e-05,7.21
1ATgpxhtyYWCYtbyMzjsfbYwBfqbVbhfsH,6.896e-05,7.19,6.896e-05,7.19
1Bfr9gG8qMtJ7uNnbub4Atru9FsGGR2EhB,6.583e-05,7.18,6.583e-05,7.17
1fUSQnDbWxVwBjX6ckKm7r91mdNRt1EBd,6.068e-05,7.25,6.068e-05,7.16
1Pz5Pz4aR1ahePDS8vHBtamiN3nHPjqMi1,6.711e-05,7.09,6.711e-05,7.1
1hjNgVKuTx8VpaJCcUbLWxahboWLg8Cc5,5.749e-05,6.82,5.749e-05,7.1
1HVwoneDjFDTxvtLrbvtxc1TGmcCjpqsQS,6.505e-05,7.01,6.505e-05,7.09
13oqZdi4S3xTLEgF78tAXHmYqk2UWsYMSV,6.631e-05,7.01,6.631e-05,7.03
1H2HekSuFev3idtiEvwyGfGEaH6pZTewms,6.376e-05,7.13,6.376e-05,7.03
1HAikQWH6ULLGwgCPbruaqeNB5xR4XpDd7,6.553e-05,7.01,6.553e-05,7.01
13wb3qSpvMEYB9ZHSD8bTcbhq6oaafoA3W,5.665e-05,7.0,5.665e-05,7.0
1CzuFYSch9ncMLme6eX28CeBvTZZ5zvsQk,6.337e-05,6.92,6.337e-05,6.98
1D1W38YimrX19UCa1WrDoYquUY8SGswEFP,5.635e-05,6.21,5.635e-05,6.96
17h6MArsFngtnStA6uhiisy6gwdbfE8Q3L,5.836e-05,6.89,5.836e-05,6.89
1HSAfzrkS8J859wNJyjUCUarKhGMP4uB1Y,6.329e-05,6.85,6.329e-05,6.85
1KTHJvB8nRNjwHDUXr11aQWmtupaQw1x6W,5.533e-05,6.27,5.533e-05,6.83
18jGXhbjAVDDzTEifFHQiSZWtBkUhq3NwV,5.8e-05,6.83,5.8e-05,6.81
1EJ9tz81TnKQcpG2s5kmRKmQEaKRGcv4Gq,5.696e-05,7.02,5.696e-05,6.74
125AyVTM1koXex7xyaLoiR9hMXNibCADZj,5.624e-05,6.6,5.624e-05,6.66
1DGXjWzjHyPyZysKTzn2FmjM19AxCAuVNF,6.007e-05,6.54,6.007e-05,6.62
1EF7BH5fHvDqKm1JCt7bypTQcx78bmmvFQ,5.323e-05,6.2,5.323e-05,6.57
18KkM4K9MyBbQyja11WiakzpUYgXxXgF8P,5.871e-05,6.44,5.871e-05,6.56
135HJf7FCbo2yuzuLHhmn1ev8ZgEyQr5Nd,5.308e-05,6.14,5.308e-05,6.55
171fJBpsCo6Pr1JfXSRqbiwMzNLNb9KbEZ,5.519e-05,6.53,5.519e-05,6.53
1EdgqAQDfMUyxDCHc5jQ5cHBg9m3UmbVti,6.205e-05,6.49,6.205e-05,6.49
1Mu7yLXUprBspDFkwRPsm8DjyDFN5mL7UE,6.256e-05,6.51,6.256e-05,6.48
1CaWKV5ZHUN8dHD3cGvCCLDpNsMxSvbVna,5.492e-05,6.48,5.492e-05,6.45
1FnLANMw5ers3wJnMu8oP8jiDCMV3FS62M,5.191e-05,6.06,5.191e-05,6.41
1NV5YMAvxiE4KRuzGULYhwPktPPCttHzLe,5.151e-05,6.03,5.151e-05,6.36
15EbRPCqCBQ3CWFkBxeUvY4RebiPpnkUZw,5.117e-05,6.26,5.117e-05,6.32
16N46shgcn5YXeJ32Z32RsAiMFm6X3Frwd,5.957e-05,6.29,5.957e-05,6.31
16vY8JJLGeBsKVP92Tip7Lp3aF9zbv7Xgi,5.084e-05,5.76,5.084e-05,6.28
19uHXVBh1DWaMYXr2JrDLyTheEdV5XJBQB,5.935e-05,6.27,5.935e-05,6.27
19rJECFGRTLmuWTWJY5RP5xT6t12dRVRcm,5.218e-05,6.27,5.218e-05,6.27
18q9EqRGXxMZ6AD92Yj1ozMkKLz7odn42h,5.379e-05,5.98,5.379e-05,6.24
1GXb5eqAzNXndCLT5JkNSTJFjPdx5Zgb63,5.048e-05,6.08,5.048e-05,6.23
17yp6z8mPrQmHUHUxmVR9tJJ5q6nsMgBid,6.021e-05,6.19,6.021e-05,6.23
19DQ5wYXrfH6AW7hkxwpiSYpUuhtJdpRuU,5.75e-05,6.28,5.75e-05,6.23
1CL5KwpZXzPsu8m5LtdQuUiA7CqRDNvCDW,5.876e-05,6.22,5.876e-05,6.19
1CiiLQPaCy62Z7D3QWW4fRi837Now492L4,5.932e-05,6.02,5.932e-05,6.19
136TQtBjZfNXU77gk2C8efTz4k84rQss2C,5.008e-05,6.12,5.008e-05,6.18
1LEDhcAnABeAxccTn5EeS3n6hLajvD58Ku,5e-05,5.7,5e-05,6.17
1KTUi8t6uKbB8zApPXvmfy9gDK28oC8dcd,5e-05,5.63,5e-05,6.17
17YzzBQH1hwwRJxZfsSodz7KvbhBPnTMmC,5.772e-05,6.12,5.772e-05,6.17
15Q8dGdzqthrvcZCkrvzLneqtyA7BLujPM,5.498e-05,6.03,5.498e-05,6.14
1Lih2FLX7PxKYohbySa79azkcC9y8EEuJu,4.967e-05,5.74,4.967e-05,6.13
1JPWLXDeMVGPpCDGYEvxgQUakFhD7KkC2H,4.921e-05,5.68,4.921e-05,6.08
14a4VWSsP44Q7DfdNp8LbkhuuGA6jPEcLG,5.513e-05,6.16,5.513e-05,6.07
1CPGpPsktCgE7CyQfoqGTo9Pk2c6HXiwa5,5.88e-05,6.15,5.88e-05,6.07
1HYZiJz5aDom1bbXMRMpU6w8zpiUubGhfN,5.13e-05,6.07,5.13e-05,6.07
16M3SRPZsUYq8edJiuQ9dQ3ex71pCahzM3,5.468e-05,6.05,5.468e-05,6.03
1A7sCALzLeMbGtpXhjPxFuhQzEUkJi6mXv,5.599e-05,5.99,5.599e-05,6.01
13HyVgYy3BNbZxjuwGyPq5AVZMet5jPQ3E,5.801e-05,6.04,5.801e-05,6.0
1EaJvz3wE4y1LRTFV6Joq4EybBaoKS8p2U,5.684e-05,5.99,5.684e-05,5.99
178g414zen4gMEouDuJz5ZiXXLxGA3o3xs,5.646e-05,5.99,5.646e-05,5.99
1K1HF4aGshNHsnXz4wDFfnLCi5MtMa686J,5.782e-05,6.02,5.782e-05,5.98
1cEV2KXzX7Cor4TFsG4viuUAvu4m5nwnD,0.00022025,26.33,5.514e-05,5.97
1LeREqX7yfC7mn6gnwsUq74k8FKwZCaTQZ,5.054e-05,6.02,5.054e-05,5.96
16vdiyi2yEv7oKma3g8xF9DNRN1RHN1LeP,5.069e-05,5.91,5.069e-05,5.91
1CHzrweX8facTLaM7EMptJt74ZnwGvYHyT,4.757e-05,5.52,4.757e-05,5.87
1LauJaBXnpZgyuKxKj4reJdoVV4Lxh7AsF,5.294e-05,5.8,5.294e-05,5.8
1L4uGJ1v172eM1fCn8NfbP3K1WoXCR6yxL,5.011e-05,5.92,5.011e-05,5.8
1Ljypd1mYaxR8GwPJnyQR4jB2giYPqcDa,5.257e-05,5.82,5.257e-05,5.79
1B3RMBSAE9XMoUR2AdLHHG9E9aFrKdczAj,5.292e-05,5.78,5.292e-05,5.73
17rA1rVjUD4imRkPT6EwzdLWaQwVm95e1S,5.462e-05,5.72,5.462e-05,5.64
16zGvwbpeD763m7eiFibZERJ7HtaYp1AMt,5.144e-05,5.52,5.144e-05,5.54
169fZr7iiqAwNzkdPraL14HkMpLhFmaNSf,5.212e-05,5.51,5.212e-05,5.51
1Pa6RM2PU3msyGiNbivCMd6wF2qXTvCMsy,5.307e-05,5.52,5.307e-05,5.49
1RyuYedgdJ5enaWpxuEfwxHTMVXaE7YEA,4.516e-05,5.36,4.516e-05,5.43
135wFszE9kyzzKh67Q6aWe3qwsePSQsGki,5.178e-05,5.37,5.178e-05,5.37
1J9QZ2BcAsrcsruQPwFtddeqJQwXshUUsx,4.305e-05,5.03,4.305e-05,5.32
1GiTr4SCfVbHC23SfyLDWoYEeaNxwRYQHY,4.224e-05,4.81,4.224e-05,5.22
1He3q7G7yBMYTW3pPnH2LYK7Jm4rr7VTxj,4.513e-05,4.99,4.513e-05,4.97
1PurvPeiWR6MiwtuV4K6dTuvGLW9kEujmr,0,0,3.991e-05,4.93
1FZc1dwQCrsrL3aShGrvAvUNpSmsDYLqjn,3.734e-05,4.5,3.734e-05,4.61
12MZCkxTtjnbAHwQB5JjiUGpqM3Tan29f7,4.196e-05,4.52,4.196e-05,4.52
1FK9HGNikPqJoS8LebmB3nKLx3T3pUDxaR,4.041e-05,4.59,4.041e-05,4.45
1Ldoi5EWei2Cs1kCb4rFkwxPBDZQZKukMN,3.574e-05,4.16,3.574e-05,4.41
1j8s2VckiiP3PCtn4QLJzfVBu9iWAwdRv,0,0,3.969e-05,4.37
17xHDgb8hLjPrBJt3RrMmzzZZJ8EfYFoKE,3.51e-05,3.92,3.51e-05,4.33
1AuGnzSM9VzigASus31G6o3Z7g6yRLJ1gu,4.087e-05,4.28,4.087e-05,4.22
13dvQYQmUAXiHbmnrM8AyWx6Jw8HqJYtkF,3.674e-05,4.03,3.674e-05,4.1
1KhaWUdwhWHR8nJmRDSTh4MG4WM1XUsiEz,3.719e-05,3.93,3.719e-05,4.1
1JePX1GcFdzdDGAD8qp8CZgtBKrGdcYRTh,3.729e-05,4.0,3.729e-05,4.0
1MNv6zNij1z88GFamjdd7BzkGfKQ7gD4PP,3.018e-05,3.52,3.018e-05,3.73
1m2B1ucAS7Yz9dMBc2LwFdRgGZmfjZkh5,3.341e-05,3.58,3.341e-05,3.58
16ZKpRz3RiABrutbBaCD7xaHMykY3TmRoC,3e-05,3.54,3e-05,3.52
12KCkjv8oibo7s7ZkukMfYN8nKbmLKBc6k,2.732e-05,3.05,2.732e-05,3.01
1P2UHVL8fZmn6NugQAg4UzLQmw5LW2ivDg,0,0,2.229e-05,2.75
1CT7BdotzvbcQqWejDSuh8Qc7tucuYbhTd,0,0,2.441e-05,2.69
1EqZLvEQvmxAKA9jFHDZKBmWcgRFXZV3tw,2e-05,2.2,2e-05,2.47
17BuAnTPYArSuDNX6NKirz86hDCFfBhzfF,1.921e-05,2.14,1.921e-05,2.14
1Jmd4YKF7LtvQWZo4f9rNs24MCaEzL3s7E,1.705e-05,1.98,1.705e-05,2.0
1HTdU2VSveF3JLJe8uMGLBnAk8QDoJ7vAF,0,0,1.1e-05,1.21
1DCKzby9DEybum35sKxXRwVfgVaYY68oZ7,0,0,6.83e-06,0.84
14UxGbtPrVnqUKo1WgeqQnq4MBLb2TY4nG,6.62e-06,0.71,6.62e-06,0.71
192hvTAzXEJ8ppu9jHYgRT9LiAFfJNX1Gd,0.00011362,14.03,0,0
1ARpouuNcg1rqGgRoNc4saWBU61tCGqqLd,0.00072,88.91,0,0
14qsAsLiCrAsmFJrpiFXhxgb89kjfCHPv7,8.749e-05,10.62,0,0
1KommkeV8KHMPwAcdeNsencvCi2ScVeHaR,0.00011152,13.77,0,0
13P5a2nnyKqxfmkGEM2KuiXdSdQ5mXbVb9,0.00034012,42.4,0,0
1ATALHBHk9mHqvezfaf8G1k1M7cqzZT8SC,6.581e-05,8.01,0,0
18xRy3WMp7PoUT3Auyax51Wqv7fzScDtH7,0.00016211,20.02,0,0
126mNLmdygGXX5bK1o29a1piL3R7NjveXF,0.00013829,16.67,0,0
1FwT2CtFkYqUDyKzHuJRdKdDDzGiosHfkz,0.00010321,12.73,0,0
12dgeQS9YHR33wtJjYWX1gKk6b5f6Hyi1t,0.00022474,27.75,0,0
1Jnj1BDZP4yrWKF4rBbthehQnVUUHdVomd,0.00039926,49.3,0,0
1JbJSurdRneCFSgHTU9dq3JHNHPzoWGJTE,0.0001,12.35,0,0
15X4vMCN4h8J8SDJFnETA5ZHYx2LJybnCG,0.00035274,43.56,0,0
17Nzeo9dTxmcptnKNgkbFcKYcuS2wa3kit,0.00029134,35.95,0,0
13m7LN1h9LYraku7e2TKHUT8T5BnEEvkpF,7e-05,8.64,0,0
1AMQV8f5dikx7a7nMwNsE8h1pbyd79vg3v,0.00026505,32.16,0,0
1LMsAqYgEZpcPzsZFWFZ6Cgrv4dFYZsqSW,0.0003179,39.18,0,0
1FKFQB82pc533bnXcNbtf7tpgjvTa8Z5gf,0.00011197,13.83,0,0
1L21PW81CuPNe8TKvjr2hnfMjrykCPSxDG,0.00011808,14.35,0,0
1PR4tKn2VYPNHVEkCUgGa9o59dq29mgnRn,0.00042211,51.22,0,0
1BhbZCUJb9SRKdC3wfAhFRZydxWQvrpeTV,0.0016544,206.24,0,0
199QS1DbugppKXUwrT3RkmXa6R3H3x5ajV,0.00020194,25.17,0,0
1eiuASVvqjBg5JRVSjWQgA5d5sXSKzPUY,0.00049037,59.99,0,0
1CKVgtrivqc3suKsfyfqYvRyJPPrYAKYWC,0.00024699,29.97,0,0
1JKEhndpdfqgvv9C8xdxUiEN4kjUMLG5yC,0.00012728,15.87,0,0
1Jxx6s5yxBDkoRMe7DFsBwC9BFNCsLqvji,0.00019332,24.1,0,0
19ctxwkE75pXLhsUui5gfS7S1z5ThGFMsu,0.00029075,35.88,0,0
1QDvAPLXcA2QiSpQR7F4WRz9seKGxZmzgN,0.00019,23.69,0,0
1N9kw3KKpnq2jB6av8SsNC6ZFk1BskapTc,0.00013612,16.97,0,0
1D3cQJbgmfBaSyyeRAvTbogsB8GQkFB5sZ,0.00032736,40.81,0,0
1GTD178wSCnSwgo6Hr7A8aiCryCUSdUERX,9.819e-05,12.24,0,0
1KkLcBnGZiFBAHoVpLA1nEXFAmu3Zux5Uo,5.739e-05,7.08,0,0
1LWungbWm45WTCjaG6ZbB9PyZ84GRaQiyi,0.00017111,20.94,0,0
1JhPBuPKncyB69CKYrJzkPDynitLX7AkNx,0.00025439,30.87,0,0
15TKVztKW6hTEqG2BZH9t2mjHpttyGs9ZN,0.00030752,37.92,0,0
13oQhH5r4ESHGntYMuN4VqVxrpVDojc2Fk,0.00029344,35.6,0,0
14uEfhjEJH7ACf36fCYuRXT5krkgohtigp,0.00013751,16.96,0,0
12FktAZhFvgQHLoY5gqgHuSDLw78ULHoQD,0.00011018,13.37,0,0
1K1uNKkhJsAPeWkNrV1AiVhh8Cw7TVcdCb,0.00016351,20.16,0,0
18TWPLhwqHvkS7mjJuU5kCzRTKJZT6znyt,0.00044762,55.19,0,0
12XtdAGBWB4g5CTj9aSzotqHMS8CYy3n9o,0.00016753,20.66,0,0
1HxSNVs6gdGVZAcuBWXQ5FYsv1FLp9xgrG,5.755e-05,7.1,0,0
1JsSzzxpStBSa2rasTqFUJkkQQJyG25Hqy,0.00033224,40.97,0,0
14EfKkxTyLAiBhw5un5BJ65cpFV1RMJdEx,0.00020288,25.02,0,0
1KduJR1whEv9NW32Q6ZiepZLVsYZUVqPt5,0.0001513,18.66,0,0
1MaU461roiSMCtYMsPkaJK8tYZAuBZmCg2,0.00020617,25.42,0,0
1QAXitqg6eqUo6HuUZBM6pCGnTReVfYbPj,9.868e-05,12.01,0,0
1HvApRX21FeuZGZEbdqkULZaE1aqiYHZDS,0.00024782,30.15,0,0
1AbgQLozN2PHogcdm2MvsSgwvvjfWc6Xn2,0.00028229,34.34,0,0
1AogcmEd1xyr5TdbMbrhBNWVWZLKM9qJzS,0.00082381,100.23,0,0
13a4LJQjWacCj2A8cCy7AoP8UPkMZmPfF3,5.881e-05,7.15,0,0
17YfYassaEJ8nLiGs6EyZuFrFvdq6BSa9b,0.00015149,18.43,0,0
1Cf17sL3iJDsz41XVSuq5m65tw8oe9kiK,0.00057003,69.35,0,0
1DzK75k7xwAApVvqyfyw6Gu57JNJBMr8tC,0.00013037,15.86,0,0
