address,total_in,total_in_usd,total_out,total_out_usd
1AYxfzhJ4htsSfsPbv3AmKmH6fukvXg5C6,1.92366136,38230.45,1.90927777,37954.86
1DP1tDLnMrovDoAsniBs2aBhqdJxC2zAGf,1.32601074,30987.77,1.31606897,30670.0
1NeLBRLhfoTXJGynpLqgZwotSZwGzHEgp7,0.59031945,23597.86,0.59031945,23693.46
1AjYzYagwWzHdmTQPWruX1duu9oycgfm7h,0.48417347,11038.73,0.48417347,11024.99
1NXvxc8N5ir5s32U5geENskNUcG4uxNme9,0.33223787,10052.0,0.33223787,10058.24
144kzgvKdGhfypZzkHgzrzpYU9V6kZwbAd,0.47953815,9852.14,0.47465824,9752.13
1F7FSNkJTrzdTmZpCQRKwnUpbacnpgTr3u,0.46850157,9670.02,0.4655407,9571.11
16aMW854CAMDec1a4RpTDZJDcGoNAy6YAV,0.47573041,9111.97,0.47573041,9132.04
17QBQXT6cgy1pq8bhSeYowAo47pDvr7p1b,0.28982418,7620.65,0.28982418,7657.41
1Q9QEeoEi3w31geAhTwewbmsk1UXJwE81x,0.30500624,5127.23,0.30500624,5124.65
1JsmJp917fSyGkkcoo74DNJEcbLtRB96di,0.2486523,4794.96,0.2486523,4785.23
12qRBRzbG4jgnTjBMwEYsztUBAGfD3G1Ko,0.11184854,4583.0,0.11184854,4650.43
18ZCdJeLwscBrBFUKwhfXFQuhNWiEpCEcP,0.20147111,4444.21,0.20131126,4432.88
16UXL8xuvt47hyUypKsc6FcpU99A4Cndtq,0.13577908,4404.86,0.13577908,4390.57
1PfQo4TZFMzgyDJpEXNt2fAVi5sscm9qR1,0.09791494,4103.75,0.09791494,4119.86
1DqPdpD5bqGNod4esYPWb64uFbMJR6Kexs,0.21400399,3994.75,0.21400399,4030.33
16fa6XervRSBqCcxZvSi16Pf8iRksdhhTA,0.22056284,3721.1,0.22056284,3725.93
16PhSc8Cjy8kncMCRTpwEHfNwiZqvt3z59,0.19909559,3750.88,0.1957065,3670.39
18efodEDzySBgmZCAnHt7b8bBFGcFDhFvE,0.17158696,3782.7,0.16531286,3665.55
17VLLkSmiNHJL1L9rVPC3T1uV1TKUJi3GY,0.1350739,2551.59,0.1350739,2543.0
1MEQ8WukyuWTwsu9LQmj6CKHD42HFwuerp,0.14525339,2483.95,0.14525339,2490.97
12pajCZA4e3c2KynGitjf6SD2u2Czo3sYY,0.11219675,2390.22,0.11219675,2390.11
19yw6miE5pY6YBZADDaMDdKGrWXS5Vrbj4,0.12241774,2305.71,0.12241774,2283.53
1Fi8uhwmJ7Qz4fV12yW88jaHZikhEyBMNx,0.11234708,2289.8,0.1120497,2270.06
1J6QpYdq1FHg3aAZRugdKgFPXk5HQmMTiQ,0.09647787,2147.5,0.09647787,2142.2
1GzBW7TJy2mkHP7UBSWBQJ4Hd8Ph9ChT5i,0.07679399,2110.1,0.07679399,2106.73
1PAEBh1BCBJyRWGDbH57xXzQfB9A2cJVBg,0.04887647,2070.97,0.04887647,2080.49
1N8iKTfKvbSVJi8yZS799Y9c7HE43R9rYV,0.12082012,2081.82,0.12082012,2080.42
1AsNV6UHNb6G4dYg2e5stGMQ1X283nJG2Y,0.16851734,2913.36,0.1219004,2076.9
16SbnShkZFyWnwCmtv1TmKYdjcbF9PjaAm,0.09726991,2103.67,0.09726991,2060.84
1NuJ11nvk3ZmcWzdoha6gz93asyDdnAcox,0.0494431,2082.45,0.0494431,2046.61
1EfjLFjWCjgxJBtoL6MHy7QH3PMzWs4f5Y,0.09899246,2034.94,0.09899246,2031.61
1GjM6RxpMEpG4oKrTqcZxKrQqstUVxDXjt,0.10340172,1967.19,0.10340172,1978.76
17qCf48mQUMEZNg6ZtmSYpQYbqxcwvT8iS,0.05797805,1865.72,0.05797805,1867.58
12FUvisJQ6zBo71qa2s6qo3yMZ41TjdyQD,0.09387675,1858.94,0.09387675,1861.31
1A7Nho7fRRCEnFg7dLcUGkTME9sQQgo99i,0.11332866,1927.99,0.10803247,1833.14
19KJCjTC3Yy5MNdNKw9REW7XFGDSSv9VjW,0.04863514,1813.79,0.04863514,1822.38
19ixJa9NtrMdUA8hb1SDY4pbrcMLpsuMPH,0.05512112,1777.72,0.05512112,1801.81
15eyqgfsGv4BZXxiuwuE1bRdoorW2HXmAz,0.05810536,1734.58,0.05810536,1778.21
1DS9EbosroPEFAoCBCZmPncvth7p5Xk6Ui,0.08542078,1749.6,0.08542078,1724.03
13p4qqhhze6ukeFZP97XhLTM7vXC47f8e1,0.07540876,1649.94,0.07540876,1652.61
15X4UjN3ZMvE2nuaaC3ZLAWALuLuAa4Fsv,0.06710654,1681.7,0.06710654,1647.61
1AkfPUsBTLJxdP333hp2fZayYE2YgEgA8,0.04508072,1571.74,0.04508072,1578.65
1LPtJ4qgt4ChknVXR5UcgQqUNtYUj4UCPf,0.0540508,1580.24,0.0540508,1576.55
1KM8qHiQLPxAmBBgtT21qngGni2H6uCpC3,0.06510044,1585.41,0.06510044,1516.23
1Ax52ZAZJdUqpRGpxu496egyTc15myLGAG,0.075921,1504.37,0.075921,1495.78
15tWq3tQQnhjCi7e3tA8geMKe8K5oWWEuu,0.07302274,1609.68,0.06751336,1483.76
1Mbn5W2MjfwLhDDCKwRLA6fGBAj1HDNhLu,0.06744626,1612.5,0.05832169,1424.99
17cmeyEGGJroSoeA3P5PBaJnhyq43qMqqA,0.07735459,1412.59,0.07735459,1408.12
1M1FjGVnJMz6LSqhKudvbr6rcxVLf8bJuK,0.05917699,1379.77,0.05917699,1397.82
17AeNp6Z53XvFWowz7AL88hT2vKTgqNNEU,0.03143628,1365.2,0.03143628,1352.53
1Cr6CfK5aHPkSSLHJNPMURnhcjtEtptB94,0.04114779,1317.51,0.04114779,1340.97
1KomMvcuUicugX93AArLJoDs1CK4Cjause,0.03051156,1251.4,0.03051156,1266.9
17eiffi5ETLJwFD2rgHRgEE4VUibjJmiaG,0.07309846,1322.25,0.06985725,1254.37
1Ls2njRXTjKmtg6WKw9mGkdo8ka87p55z3,0.06962551,1173.43,0.06962551,1163.72
156HG6AZpnUNM8LCZuRp3KAMHhF3gv7dbq,0.04039767,1165.45,0.03952602,1163.54
19dpLVQTaZCK5HWSVmPLZ7uuReaXa8d2Ap,0.06900798,1165.91,0.06900798,1162.53
13A8RnCNc1amVUJHXQgLwPa7A5gWfEFRMv,0.06222521,1126.29,0.06222521,1125.4
1CDghxd5XohxRCsjhA3EDjas7E2K8vS1kf,0,0,0.05668355,1098.28
1Gp21KkNEnPNUoPcXDtxyss1ct3qQPb2aX,0.06547417,1099.53,0.06547417,1096.84
17UFhGV4T4emM4f31yw34YGA6qir2nmLAH,0.05796218,1105.43,0.05796218,1095.38
15nHZeRwrW4dykcNLRPynHkX4sU42Wn8qf,0.04948974,1103.17,0.04948974,1093.97
17ggAGz7XeVKtihh7cHTgJ2GcksTP1ZBrz,0.03612672,1136.45,0.03612672,1084.19
13pSBJKVqGBXSUvYhTh9fvqj3cENeN5t9Y,0.05814184,1065.58,0.05814184,1071.6
1Axm1cMhGri5RNR9junjAfcPnJeEv5LsAM,0.0572519,1063.87,0.0572519,1054.09
13MsJJpSP5LrosiWdaYKbCfRSY6bTvq3nT,0.02967882,1031.72,0.02967882,1029.23
1Le4hDsRhty3yZeA4yAAfUPXWxecPYHpto,0.03275282,1018.09,0.03275282,1025.22
19putNnUYqquGD51WVxe6z1FLuCusCPVJf,0.04274156,1020.27,0.04274156,1017.17
1FcMpQsCqqgwBagYLdAheWWAWGYbtofpht,0.04615632,1030.36,0.04615632,1005.74
1GhnED9GjNMneXtj5j7qhvvk5jQ3pTw1S9,0.06227665,1043.67,0.06006598,998.91
12T3FPUiShmZxiHVqq3NE6zWA19uq1bUYb,0.05012195,1004.87,0.05012195,997.27
13T2aRVqCCkh2NJqHnhkkycTvDTwB13utQ,0.06324986,1113.73,0.05604213,978.61
19dAGNChHbCkRx66dtrhnb1SUKmHLxHYg8,0.04774109,974.97,0.04774109,967.28
14NfcgUwy1Qrxq5z2rAPfiAtNmoYwtEVVv,0,0,0.02499779,960.44
19xvD7w5LgPs5ZKyK4LvMUtsPVK7cVoYRP,0.047714,957.95,0.047714,957.33
19PSiw9W2Q25WPQNMCXo95x2aGRb1kRqK9,0.04151843,917.54,0.04151843,925.11
1EkpC2biysxuBBnU5cTpby1Sj8wtYWGRdC,0.0465491,928.17,0.0465491,923.95
1DY5YhXF51UGtVt7gFUJNhB9btqXcTvR6F,0.02790616,979.61,0.0241961,915.98
1BTksLdfTuw2wi4LeVbucZJC8tQ1939avP,0.05296963,883.17,0.05296963,888.13
1KBGjbKnTEtJypqfpo8wq7rW8dYhW1E1Sq,0.03496791,886.57,0.03496791,880.98
1JGXh6RjR91tULNyYkf4Rq3Bxv66ymGuLx,0.02201488,872.36,0.02201488,875.51
1ArNXbKm1SHYVn5rU2UNCQLD5LahZAcxrY,0.04558113,865.17,0.04558113,870.78
1RrF2k4qe8B9hjHZijWBH87wTJfuLvtxY,0.04619691,849.4,0.04619691,846.72
1EEeDL6gjxgR9mrt9ocmK9t4yShAekXdiJ,0.04846363,917.95,0.04518804,842.06
1GNw4jX4rLdM3uYM8v6cVAFBV4cyKVmH4f,0.03095697,833.07,0.03095697,823.63
1LcR1qPrwfAC2J8B48WDgBVPEtX3tHmCWL,0.040224,822.81,0.040224,820.11
17aZMx5VuG5DsVqbHohmSGau36cSmHrNbc,0.04204348,903.96,0.03861965,816.42
1LqkfN3zgzzjiSQ6kDgiM3fDcQAWgF8aSq,0.0277274,846.12,0.0277274,815.96
16yHQxxZxAEZHcnvkapekGDZpKPa6g6sxN,0.04443283,814.94,0.04443283,812.59
1KLmD8X5GCaapqodetsFYvc1gffkNxYPJP,0.04397492,812.94,0.04300916,794.65
1EVzgPFSTX4quV117BQCJiMoL5vqBoDom,0.04633465,789.83,0.04633465,789.76
1G86GbhgTbdH68ZzjFKcF8xQDXJe4E1mgd,0.017,789.18,0.017,789.18
1AZP8Wr57sxySHpcg7MsLM3hALVgmEe1ta,0.0391186,806.21,0.0391186,783.99
1HFq7gGNYNXGtw4GsXnZnp8wmYJgF5CrAG,0.0365349,778.5,0.0365349,770.54
1ZKnkPBLoEyEmJkkoDyK6KfUrTCZa2EWC,0,0,0.04619674,767.01
1Av5fvZiiVAVpBZokNhXe7jZefyqz5BuWA,0.0368775,731.07,0.0368775,763.87
1JeGR3X3GjwUeUNuSb9QNaJfhCUJradbL1,0,0,0.01707489,760.6
1CMsWAQHxEbwcAqLXkvLPj8uXwhQjhX7B2,0.03407924,735.93,0.03407924,751.39
1654A8w6kvxF3YZeARHGtWCjSHmiW6iN7A,0.03942404,742.27,0.03942404,734.77
1LSfcDD3MCmYWWmiykqsE2T7c4e2WhV6qh,0.03645325,733.17,0.03645325,730.5
13aVwoAcrAqn7YESY1YVfUA7cZbLY57xmC,0.03711941,727.3,0.03648189,719.27
13mctBKRCvY956wfLp4emhXEci4XdHdAam,0.02425871,718.58,0.02425871,718.88
1P8MuULsCsMsErz3Jw8sgMb2VPTtZE8sps,0,0,0.02999106,718.41
14NF1oPuH1TA1jrDzE9BGorJiZAffxcdkL,0.04197951,714.95,0.04197951,717.0
19z3j6MNDcrqsKyWLhvuMA592rx95sh6mf,0.02838919,711.22,0.02838919,709.78
1LZtydr831ow5axAhUDyXQXT5tfmGBC5LB,0.03075857,705.35,0.03075857,699.89
1NkUekCNzfHhZpcz8AySiJAEfgMbE9eHPX,0.03058199,690.8,0.03058199,690.34
1PifUWX2W3kPcPYsx1tkZyqSZXLY3Xfw3Q,0.03478165,690.4,0.03478165,684.2
1Ffbn5pQXNakRoTDVSwFH4aew6PUALs8rh,0.0330097,803.08,0.0295573,678.97
1EB2NbGKm6psxn1v5QVFUMrGUoX1PfZvk8,0.03614274,663.1,0.03614274,671.6
17sE69wHKoNkg5LgFCcgYGkJrMHVB6CsQ3,0.03134218,678.42,0.03134218,671.17
1M38UajndZ8ZnbJ3GdnNbCWwjYmkFNzmAG,0,0,0.01633285,668.31
1DUAh5zco9mz4kbQi2Z3KKs9g1WUzR4rMh,0.03942141,662.91,0.03942141,660.39
1HAuvZbRSRRPgv4fKeg8tEJBwbyPMJCFT5,0.02831765,656.43,0.02831765,656.18
17hDajQvCHW34mfJN1SDykxN79J4wDsWin,0.01764454,643.17,0.01764454,648.38
1HD936LbcwAyNhpkdmZmEJ5AmUFBADtwkM,0.019488,642.9,0.019488,646.52
18Jh3oKuTVcPeB8ax9sce4o4DQBTHBEVvy,0.03516645,639.92,0.03516645,644.28
1DdnKQfGbf5mAUZWYegMk3E1u8rdwg18k5,0.02984644,655.04,0.02944984,640.77
1LbxESTwgyQDZ954UxBU1QJj7WhyBijdpb,0.01756585,627.07,0.01756585,638.52
13Bg1h21BhKwiysHZbVq7qAzKQibGuUXEY,0.03341429,612.78,0.03341429,609.77
17RTUr5RqSNy77sqwo9MCfNpbv6L1ntzA7,0.03185276,602.54,0.03185276,599.57
18WkgLA6c6fLDP3vuW3SgUKTphdGFeB9nB,0.03299,600.95,0.03299,596.9
12tNBqjVE91AFs81sCb9ZtCMBnSUWnVsnJ,0.01473008,589.58,0.01473008,594.52
12php5HJy4cZVgnquHceB6sUtXN2TJfgK8,0.03319186,590.99,0.03319186,593.32
1PtLpYNnHdxT2rsPeprvGLDmAdfN1CqRD5,0.02869565,579.15,0.02869565,590.72
161H5aYWAGovJ3CBJfhvBoyH9iFxZRK3S9,0,0,0.01523135,589.92
1CV7RYF1JpiQsj2KmvnRvDDoMZxtT88b87,0.02417552,588.26,0.02417552,585.56
1PhmFHKaqbrE9xHgfN7UkNPtm1bzUgjZsh,0.03585512,613.85,0.03408304,580.81
1FFD9VWNNky8jk8CgC7voEj4QbQv29UX1N,0.04213545,718.77,0.03411841,579.29
1jT6RCkEx7v1FvEaHwUxt1Sc7pRrwx7Dw,0.02936537,579.41,0.02936537,578.94
19hw6wjt9Mz9QEjmYun8wq6q5bkzcXdRen,0.02807,603.38,0.02807,578.62
1JC8u4fDcHG7WDULaP2vRTmF18kZ1Avbku,0.039325,672.19,0.033805,574.82
1EyLBrkpyjST7uRfkmCzTFPxo981TmdjKx,0.03,573.96,0.03,573.96
16LNvFJ6fDEho1qWWFU2urcX9pQRqBi2XP,0.01596046,566.39,0.01596046,570.77
1Aexw98gM3hhs7YkW2W17zkqiLeYxjowvd,0.03229334,574.08,0.03229334,570.45
1NeE6ZrecWv5yt9vVTK4bn9vKDaiGWCPdz,0.02070778,567.58,0.02070778,568.06
1P9ysgYWRsmAUJesYbWRwDUe5dSyRHFp5c,0.02316685,578.73,0.02316685,564.78
1AKzqwJGNeGJQSUSrqQCAkb21zYtb4RsKM,0.02679403,551.45,0.02679403,562.66
1Ej4t5FM4qHevJSrT2xLzookRGSjDByrEP,0.02718807,543.46,0.02718807,560.58
136GNNceAyPg6sQSWLUxZyS26t4Fyc8f3J,0.02961932,560.69,0.02961932,558.16
1M5F7UHgepAeBSw36KsEya2YbLgTn12bRH,0,0,0.02837944,551.2
129npe5NrpMaxD6DTBkejvH55pkWQtV2Ed,0.0202975,540.48,0.0202975,546.95
1HeMFWXgsHbnfeprsDY4U44C8wR1vwQQBM,0.0247101,544.74,0.0247101,540.5
1JEaid4z6mKSJGfSkqzCeQEkjnYx7hPxxM,0.02093571,520.56,0.02093571,530.8
1JQsCwtXZad1bFSTgvnvuBXuLNCDpXxjxQ,0.01611885,528.47,0.01611885,530.26
12ZkmfRJqMXTSHk7UkdQPty3462dXmwTGE,0.02545188,526.78,0.02545188,530.18
1CUNHsgsEPZtPcxEnscQJWk8YAoANjYeUi,0.01955061,554.07,0.01955061,523.97
1QGFBqUFSWQAjE9VVfezo3pKoPyJGJerUu,0.02089314,528.8,0.02089314,518.26
19WjiFT8EEbniUhxSPFLyujJtTDTFZDUwQ,0,0,0.02667542,517.97
18QbiFZVsMJ1CRtQvuyjcjy24K71v7omrE,0.0270846,515.42,0.0270846,517.75
158YNKojB3MTEmU3nAbED8M4qt7K1gJyRk,0,0,0.0134917,517.12
1BTvZSmkCBjR4obhXfStBnhAXUn2MNrhaN,0.0279972,517.4,0.0279972,510.33
17cyeZkucKFuZWvnpxWHaxhG3Sm1NqsNbS,0.02677302,504.6,0.02677302,506.03
12q1W5wKYzCBRQB1HHHfvB2so6oxesadgM,0,0,0.01225373,503.8
1AB2A8SbDvoz6syyVwceT2FN7bkWnW2SGQ,0.01477358,514.71,0.01477358,503.49
1KbzMSPnwhn2CDREYJ9552zs4EjG8YLyoT,0.02972333,507.94,0.02972333,500.44
1EtwNAjXUgRXfrbLt8STXA4gxwFBdKzbCp,0.02507092,492.99,0.02507092,492.99
1MnQoUHXjRKDKGhA4SweUoVa3bPzT71ohV,0.01599163,488.72,0.01599163,489.32
1GfqjwYh9dHKRcsDsDGjwVJcqdSixbAqrw,0,0,0.01241668,486.1
1EShFuXfLRJwkTxgouRgPc889uLExFuvfn,0.02891794,486.68,0.02891794,485.56
13a1vaTb4gKjq47vRs19DBsC4rUzVhujzo,0.01556951,515.04,0.01556951,482.36
15rjuZ5XER6PjfaCJCFdHgx3LCnf6GwZce,0.01152465,460.4,0.01152465,480.54
1LbXicWoNkavh8V2JK77KzeLoZt3VrUkwB,0.02338876,477.13,0.02338876,476.42
1P5cU9J2YC2NC4C1HgCbikVwPyUS8zbrFE,0.02584173,469.06,0.02584173,472.35
16pxrKvLb4u2EZrqYtgKTd1UCWU7aimmwM,0.02481788,494.4,0.02399162,471.89
1MhxJTErv85c7Bmd9AjgKVsPUdW9o3uYy7,0,0,0.01181483,468.71
1MgLxWVKgRfoaaF9kQePbdBQHzkmgGSRuL,0.03979989,704.02,0.02730865,467.69
15StZQVtKU6t2NAGyEpAAo8ZXnAxH6UY7E,0.01152286,470.91,0.01152286,467.45
1CwVnV7zFP8ha8JHtHFZSv7c2U8r1xo231,0.02054604,463.52,0.02054604,464.79
1A6iv9A9MEuaWz7yPSC9SzinHRvDUNvnXQ,0.02369002,463.39,0.02369002,461.27
1NZ8h4vsWJb6TyTPEjJrz9yaoZJ4x21Xxs,0.02473365,462.09,0.02473365,456.16
1PXHnpr1xrRwxigWAJ6yS19M5qF1gsjf3Z,0,0,0.02388137,454.75
1M48Wcnq7mtVNq2TKA8ZaCJ2eBQuTo6gUo,0.02343175,454.3,0.02343175,453.66
1H8xLzTBbZQJiGUKHfLzTtWxJAambXRUbX,0.01800074,491.67,0.01800074,449.9
1JffZA5yCjacRa8gLWxA1KQZLxHSWjp5zG,0.02328955,439.2,0.02328955,448.0
134pARvZaZG3NQHkupZiAGc6w1LegHV8KG,0.01753099,472.48,0.01753099,447.53
14dSo6oCxwHFuiXijiRSPnYabQxFg2byJD,0.02164472,466.16,0.02164472,445.07
19LkzLckPUGtjMi68Kk2oa2U4XHJojinUQ,0.02668095,443.75,0.02668095,443.79
11iQCbymwDBcRFdbyp8pyuLtzkug41Bzx,0.02626187,443.48,0.02626187,441.75
1Eqk3DMAMo9vvMuS37zRfMASG3jV4R48Gt,0.0165452,428.06,0.0165452,439.37
1B4zayFW2KkiD57hD8oPp5cCAtdkg8ivMc,0.02568546,441.17,0.02568546,438.94
1CnSNhtZk1Tr63PfJz6y2X42DNrCJXUYUk,0.01698061,449.15,0.01698061,431.0
1KEAYV9Hr5682DUe8gJBveQMV8hF713nKH,0.0231827,429.5,0.0231827,430.41
14587FiD5qDJRBhdawGecVQkKE64z874MF,0.02427451,417.01,0.02427451,423.36
1FvHZ3dzuYnhJj4c1KNJ3Nt5MCG46EcRUS,0.01942963,459.18,0.0177566,423.22
19wTgMxfgtDRayMqoVqPAzzVrEGwV6UPar,0.01852541,428.86,0.01852541,423.16
1L76jc3AJxYRMwF4XWnZ3KjA5uxUVzKr1U,0.02692222,474.12,0.0243073,423.14
1EBsARXtK8t92nznUDrFejnqdLYRC9Ra4z,0.01877647,429.75,0.01877647,422.95
1KotawioyzDCgVWH2PHUYofCiVYa9ccHEK,0.01935807,425.94,0.01935807,422.78
175SCgDDa4n4bAR6cz2GVXBysxtNAH5mHx,0.02148034,421.0,0.02148034,419.46
1FP9bkuvbmKGR94grkNwtf7UaU1ScLKKry,0.02375974,417.28,0.02375974,416.87
12HSnS6irMaaCa2nuiwxAQi2qDY952dpRX,0.02114678,415.43,0.02114678,415.43
1BxWmp7jtMPsnqVaXiP7scxWdKEupE6dQo,0.02454349,411.8,0.02454349,411.8
1FxTcCsPxoAi8yhuzXcxg7DEjXnmi95MAs,0.02202569,412.65,0.02202569,402.34
15codABVun6xKrFfSZ4HdUCuaXYmThC3b7,0.02060115,419.12,0.02060115,398.97
1EPjbEQNFG5nHGYPKdzAtHzebqzNp13LdX,0.02349778,393.24,0.02349778,395.11
1GwedPVwYyVCRrKk7y6fxj1QCC87T9jeA,0.0256152,435.9,0.02325438,394.47
1MidAAyUoWzBrqRK8aXfmH4sSTCXgrzWts,0.01905668,400.29,0.01905668,391.51
15Giu8MJYyExKBFuCnuNcVKkkntKCySb5B,0.01406405,388.69,0.01406405,390.9
1DXTzQBHT9uVKGzF8Pp3iUWcJcEviF6Kap,0.01966762,396.93,0.01966762,390.41
1G8F2x6N4KDgGTQhQg5u1mMvm4EnDwUXPp,0.02296457,386.83,0.02296457,386.87
14CdLBeBCzUXuFqTRJmGtizpDoezuD8S2y,0.01900139,409.65,0.01900139,384.57
12RKkaYyQLR677aLnUtf9XjbEjTVSh23Sw,0.0194049,383.91,0.0194049,382.74
18qzrq4qvB58nd9BcrbWi5LtEWooWarcwW,0.01478688,383.69,0.01478688,378.56
1A4U5a9zstDUSbNwzZDzqLhFfweNquM3fZ,0.01263717,402.26,0.01263717,377.45
14GT42FnJ1d4rxocfJSwX1zNWBswJUdHJH,0.02,376.18,0.02,376.18
14tvUzSHSCKob2rrYVCMZRZKrfDy26HXQT,0.01878241,375.09,0.01878241,374.53
1KL2BLnh8RnztU7PQpabZgJFpbqCTbd3nN,0.01678027,371.02,0.01678027,373.82
1Q9P1b4uHtjYL9uDHALapqEkYEPWNYrkFw,0.02176526,367.28,0.02176526,370.34
1CgLKvHL3TZmqpXdVyPdmwnB1rhNxDybt7,0.00911949,366.99,0.00911949,365.07
1CgUbefbUZEsi626hohxScQsWYoTKCfHJ3,0.01709829,361.91,0.01709829,362.52
1QHz9ZPHBgQBZnan1ji9RgPtCxCfQYrPQK,0.01293105,385.05,0.01293105,359.43
1FEm1uVUnK4dNjFUFEUJTESGtUKcFYs7kF,0.02105355,392.27,0.01949745,356.43
18eeNoeRcmeMDkoszRDN8LS9s4bgvtvbhc,0.0118,396.2,0.0118,355.03
1LdpStjxtqJMNRzP4eef8e8jnjVBSe1YcE,0,0,0.00898611,354.25
1Gu1oSfXueG6qKLmHH1TXmUWq7vNFGhaTv,0.01175692,390.31,0.01175692,353.58
15TtJedG4o7W2riNgXMtdUj8VtYnEA8Knm,0.01590164,341.85,0.01590164,352.53
19LEZbRke7HbeaUi1PByRKUTc1WKy16LFb,0.02801611,487.1,0.02047525,352.38
127C6DrkqvcadcGUf5tJ6VCoZdbw8YwKy9,0.01867438,335.41,0.01867438,352.25
1PG6D28ssr2GNxde85Ub1NJkio8E3iS7qW,0.01886758,349.43,0.01886758,349.35
1NtsLgF8XcHZiUo5KHmYWbZYHhxi1s4Q84,0.01613577,360.59,0.01613577,347.03
1W7DD3GZqpeb7nzbFmg1XtwoLTZFJoAcV,0.04492064,850.32,0.0193201,346.67
1HJ7H47sNstmTY1gEpQPt4GYDnAeQuRPAx,0.01639761,359.58,0.01639761,346.65
1FVjLhw6iP2Lr66aFehwVoJV2hZAzFHcyy,0.01772353,342.89,0.01772353,343.25
17eFBmRLD6zv2uFcxVhCbP6DqLhkpSA8gH,0.01778089,345.58,0.01778089,343.09
1LZF5GaeZuzq8c4NgSwgbzaWGmeVD4JqBn,0.01205809,319.73,0.01205809,341.38
1MwXSFRpqCC4Br7tn7SBn7YpNG6PpHRPH5,0.01397363,339.87,0.01397363,341.37
1F1d5QNjtE4cZhZ5BNoDt9bhb98BQUXmRY,0.01048562,359.23,0.01048562,339.74
1CcvWqk92As79DyCTmmjwrkRM2dMGFyEy4,0.01703308,339.03,0.01703308,338.35
1LcJb6VUPi7EQ3AN1WZ7WYmJRJwkbdjJgc,0.0127025,344.49,0.0127025,336.6
1QAS25hUoeJzo6G4pcggKpirhgSpLXV9cR,0.01589859,339.56,0.01589859,335.62
1P9487r2cX9Myq7iEJFnGqXJhkge4T4Bnr,0.01470263,321.34,0.01470263,331.92
13fpnJwcVfgEvUJ3EUWYbgbtFHCtRkwrGw,0.01513302,330.84,0.01513302,331.8
18cbGJKesbjCXXXzypZBE9espW9YXLJpHD,0.01692572,329.55,0.01692572,329.55
1GHugkqzFF7zZYwgADc4QaMe23BLAistdB,0.00741278,326.48,0.00741278,326.48
1Jdaa9nZBzmVC7Rs7fHqbMFDQGAYTKyjnD,0.011267,316.91,0.011267,323.16
19LDRQz2vo85Za4axKuAkskwSp4Ce28Bjz,0.01855396,319.5,0.01855396,322.44
18S7nD8MreRMxYVkzEvanB2yGKvSk7jZQx,0.02121394,365.33,0.01855772,320.61
13nkYA9M3WFW7p8FMav322PEQr6CLoowTx,0.01520942,315.4,0.01520942,316.7
1FCjdTCpT6rfQxEoo2mrihdZpyedGUt3DL,0.01591271,327.84,0.01591271,316.59
1HpRtKcuNp1WA79VGoKVWcF4JvA8evzEoT,0.01816296,329.15,0.01750989,315.71
1MhwzqtqQXmRYn4G519y1f1zjiuNq8qGeq,0.01669862,311.67,0.01669862,313.17
1MPVfUSfsFnmpgebU4gF7TysXHz8QrEBRs,0.0077178,306.71,0.0077178,312.69
1EqqUSfaTVFughSvbduwa4eHAinkJx16R9,0.0108786,318.56,0.0108786,312.52
18pXYbBmjH8FjQLE7wZYiVwFtfbxaKUd8n,0.0155,318.74,0.0155,312.12
19b6jYjcbqZa88jR4pL6cXkCLzLktN7pm,0.01429226,338.02,0.01429226,312.05
159Cct7KtwgGNMBnBqgggEHqqXDg4UCsVo,0.01088808,369.84,0.00735288,311.25
13ga8gfWKduSrkvUKmGESqgyM5o7VW8yJ3,0.01808595,310.38,0.01808595,311.1
1EqTFqYjzeCHen9kWfUTQY3YyLmerV9vGp,0.0144169,307.59,0.0144169,310.47
13wb3s9ncuha4FmzNZPcTpAgfUBNvjNiiz,0.01529003,317.12,0.01529003,310.0
15wc7izUv1tP2MtKuSzTjcvBnCxX9h8ntN,0.01009631,298.66,0.01009631,307.52
1AtTQo1cjMzFDhDGouaMJqRQyyZNBowckD,0.01514273,305.89,0.01514273,306.4
1DYop4Mg8JcHjFYHaanUeULZ11ozxKhyea,0,0,0.01464527,304.21
1PzzEZ8R2fKZAVLxV3dG4xaAcDFwiBovVn,0.01493195,315.56,0.01493195,303.86
1JQcQCfTat5H82xgjc7DZrwTT1FvtKmko4,0.01641497,305.5,0.01641497,303.64
17qpJooT61b3A4vg5cVuucRXkkv1Hxmo2p,0.02868863,511.52,0.01768863,303.6
1LFBGf85sm5TbvwXew26Qx2xFkN2kE8e7Y,0.01512842,303.37,0.01512842,302.95
1JMityLBwLtwnVgtFoJ1jQ5rUCknoXsFWB,0.01052008,313.85,0.01052008,301.02
1Juh8WuGAziTM8CEW3YeLpCvuZ4kztAaVT,0.01573371,299.83,0.01573371,299.6
1FNE928hcPxRChtdR7Q8TiaodvJwR95o5p,0,0,0.00651101,296.23
17QdRR2GTmhLQh4gK75W6FZLpNHpQYwqdC,0.00950681,290.75,0.00950681,291.48
1JQvwpR2h3RD33rQ4RqYSC6Jn4ujmzmaRK,0.01683561,285.68,0.01683561,290.41
1NUBShT3NAPfQdA4wU6NUPpk7yjkWgro3b,0,0,0.00734535,287.33
1D1nbQTdmdG9qMbygtvPpuzLvfFbDjVbcz,0.00996962,291.61,0.00996962,287.22
1ML43ND45bkGA2ELFPsfVGhBWpVDqVSLxc,0.01393765,280.43,0.01393765,283.32
1N86gh1fFqh5t4ywpa8KRbM48GJ9yyE3hX,0.01363135,282.44,0.01363135,283.3
1BPCmcRcESPWreuxHWD1m87agPi2u6Y5XG,0.01472297,283.43,0.01472297,282.49
18RdHjnNqZwnPPx8Q5orond3GDSJY2PRRD,0.02348786,418.74,0.01566822,277.5
1p6DUWsjdXZ3N4Y4XKFJNzDgazQqFunR5,0.01514612,275.26,0.01514612,276.38
1dUUZHFdDhDUo8VvSbN5EuEkFxJ6cjbBW,0.01633783,274.12,0.01633783,275.06
1AivvVLCjParE6nwESvXGehozgtqVCY2YC,0.01421172,274.81,0.01421172,274.59
1BsUeGunnK9cqSvvfyAg2SxAg2Bvsn4E43,0.01676024,273.57,0.01676024,274.34
1ANm9LLBYJPwhreH6RBttaYW1V7HaQpara,0,0,0.006964,272.41
1NwdrpZ4wnkTGjyHjrpf1SYiRmyiwXhz3n,0.0119506,259.19,0.0119506,272.19
1AcWhybes9iukg6ir7KwUVHKJmA7WahXu1,0.01165743,261.34,0.01165743,271.87
1JVC7hoCQqmYy98k6kE6NjHtMtJ7WmC4Sb,0.01217536,300.58,0.01217536,270.27
1b3mv4BbHFjjNF2TrSjGqR5Jai8SDSgo1,0.0112,274.08,0.0112,270.22
1KKdkJVPixscrvmaEhddp8EQuZC98GXbhP,0.01470169,264.78,0.01470169,270.0
1LeY9bTQM2zYdSQmDAF35DaMnRLBbUBWLH,0.00897246,294.24,0.00897246,269.7
1GQ6iWXf7FfcWCHTZWaBimbUvoSAJFP7ZA,0.01608036,267.38,0.01608036,268.15
1BgTnwGtCyYarLm9nBRRJfaJgPt2nb5iks,0.0100526,298.18,0.0100526,267.49
183dP78YsGVB5DaaRi11aVGq4JQAU4wooL,0.01342676,265.97,0.01342676,263.94
1BL3KjWNdXm7FhXvKykgAyaLhTsqvkx6hr,0.01011231,261.67,0.01011231,263.39
19VqH34gUmoBLLDLZajNLd2HP3bxfQ8oQb,0.01720929,298.09,0.01541642,263.06
1JN4MxqGEsgkFL468eDQnzVcdcvXZ5cNXA,0.01556205,257.45,0.01556205,262.94
15NR4s8WzRzLCmZ8YSETA3qwr7xf8xxWi4,0.01468636,271.67,0.01468636,262.24
1APS3ELp8fmwL3oZimbHnu4FvrzUyS3wkF,0.01547581,261.48,0.01547581,259.19
1ByLQ7jy5R5cwA6CoRoXuDS1MStP96ny8c,0.01371668,265.45,0.01371668,258.94
1DfFgPgJYbaRhanQTnCCUWsBXo8ArDYsSa,0.01049959,266.89,0.01049959,258.37
1PwsiGKE8baFJ5yccgytHkQvHRtjCWB4Lm,0.01305521,248.95,0.01305521,257.95
17nJR4dPBhwaWxASa5K3KYdHZKoJSY2SVL,0,0,0.0130922,254.16
1GiQm85qrGQ7KQjLvAR9QpYM5gQdzkLBdj,0.01335216,256.11,0.01335216,253.1
16ddWPQT3D9fg4DFD1aFFzQV7oCkBDQCtS,0,0,0.00552137,252.94
1KTcr3UUY91V1XPuKqF4tAc6jp4nauPZRx,0.00646139,252.22,0.00646139,252.59
1FqdRcoP5YBs3ahPZRvShZbzi5UGsNqHSw,0.01312043,254.22,0.01312043,252.28
1HDDKm6kqAikA294JArGRuLuYQVuA8mi6Y,0,0,0.01314297,251.75
1JqTiy9cSsp2n94AdCYWPr1KY2kk3JcSQu,0.0121763,243.61,0.0121763,251.31
1Kiejo3rscgtZ47YocCnbhHSg4yBDBxMay,0.01312238,252.3,0.01312238,251.13
1MKX8La4ohwsopKTzjNpzuzDD78VMG7WDs,0.0201645,348.77,0.0146745,250.63
1JZGVuqJkBf22bhFQNzQvrvnzK8yTZ8Dh6,0.0108,250.04,0.0108,250.04
1DdwuLapG9hUEmQmgBSBXWZ8NfnFa4fWP8,0.01268375,249.38,0.01268375,249.97
16nsH1CokLgVCP22ySr4LPtHmJDjE5euwH,0.01149511,252.09,0.01149511,249.8
1LHktquizFEB7R6or7xD3zU3wru7JC29qm,0,0,0.00648066,248.77
1PiLmGtR7yFGxk1P7vUZJiD3FxAib2zPXH,0,0,0.01252815,248.22
1DRayhQUFPvwop9cgGkcMYmZPSokWL74rn,0.01176098,249.57,0.01176098,247.43
1Dk9c1SNnohNAEMMctJ7Y6cbAKMNBBwryV,0.01261634,247.6,0.01261634,245.63
1j5GBvQZdVzEUrWW4gpGoT28fV37cy3XC,0.01475841,251.8,0.01475841,245.55
1CYuvZrAcoMJCVjVR6meJepK4Xkk6oLpH1,0.01453357,241.15,0.01453357,245.4
12T2jv6LhZh9R1BJXYRdaAepiV4bk88YUT,0,0,0.00636842,244.46
19ezCTEq8CvVeYu7BhDGxcAY1xfYdAFQAW,0.00821123,248.41,0.00821123,243.76
1N9W4r15aVtYvS7iAehpi5A86f89H8cSue,0,0,0.01391445,242.68
16PZUQkZixJymWfhFnJnYvE8nkYRnASQY2,0.0126,237.0,0.0126,242.26
12szU1YbPQn6SvBpWDyxniPG83JsuJgLiA,0.00603194,249.45,0.00603194,241.01
1FDYaH4NewdvMEDYarusqCVh5AnBynz4xL,0,0,0.0055061,239.21
1M1MN8G55cRd3FmEKQRjoRUw5AyyRYaNbW,0.01032812,241.62,0.01032812,238.83
14a6cAQP7Jz8R7mtGbmpeq1eCv9X1EbJoW,0.00787129,240.48,0.00787129,238.54
13NoWe3fyhya7F31sQDmENqM5U1sQzfMps,0.01176599,236.16,0.01176599,237.7
14uZahu5HF3HDh31Q5eWGMATWzTiwkpBXo,0.01177559,235.4,0.01177559,237.57
1LQtNtCoE5ayEZXKZzZNfW2NDPLn1igkge,0.00859656,232.32,0.00859656,236.73
1FkazTV1q1fsaxv65EE4hqrwrbP4Aj5Lbv,0.0107435,237.97,0.0107435,236.13
1JyDhCJMKArHio7emQukh65SouVpf8seog,0.01223329,239.08,0.01223329,235.91
1B7Fi5NcMKYA86rKZhtHuZ2W2NrZ1vjF6x,0.01238568,230.93,0.01238568,234.7
17AFxoHtqHJYHjqRhTRDRP6pZSEbrufwNB,0,0,0.00544532,233.51
1BwchPSPRcXBsR9bsYgqkXKrfr1nX83z3n,0.01229647,238.15,0.01229647,232.09
1NFxPbMkw2w6b79nMMWw6CeM1LBacJKzW4,0.01214465,234.06,0.01214465,231.47
1hQdwbE1qED8LaJqrCCPypbYMeCkfqzna,0,0,0.01187121,230.57
1BYSzBV8nQLaPtz7Yc3Ggi3E1nsEQQomK,0.00668835,240.31,0.00668835,230.18
14pcfCoof9hz2n7i7Ew6zgCDVH8a4Bn7EG,0.00552341,231.15,0.00552341,229.41
199WhWVdLzgMW3XsrSUUu6UbGJyvBLxDif,0.01339043,230.41,0.01339043,228.6
1GwshYdom5KhbKGNrc6VhvnSXquUavz4ui,0.01094675,227.31,0.01094675,227.63
1DHWj6eQueXWGT2EYkyF6UGMWjddixsC7C,0.01157274,227.48,0.01157274,227.35
1G2MXUZQuiMYvUeFQENykbkSVqVbXWfgnt,0.01340312,229.85,0.01340312,226.86
1FXNNxDmakTLSwmPHMqkT8ygQPJseiWSRp,0.01073751,220.22,0.01073751,226.44
139T4pv4WJz1n5ZLhhGH793DFUKLPEV8f5,0.01105832,229.15,0.01105832,225.79
1E78NoSK2WTaFFbLWskqUx2e9TeiwcFHK9,0.00516495,226.03,0.00516495,225.52
1KGTVempDFXSV1Luq9ugeTfLEohSbdZNES,0.0075325,213.51,0.0075325,225.52
1Jw1e3Wu6e6gaGRks4afghdbAh3SYj9h2p,0.01176385,227.3,0.01176385,225.07
12A63WgZKGb3ZB49c7qTdShpiujM3fJpSy,0.00883417,227.26,0.00883417,224.89
15jfqt3RvFRkt6vAtHrHQQr5wq8bfTminc,0.01307068,220.28,0.01307068,221.16
1LAyDUQ4A6jiBk64Ff2gj2AxbCsuFahMF,0.01170879,220.54,0.01170879,220.38
1BkLvDK4GyVMvVoVNbfs3E1J64byN7qH6J,0,0,0.00919319,219.31
1MTov7r5yaXCukLr2fxggkF5gJuFk9Bj3f,0.00947522,232.51,0.00947522,219.16
1BoN4iDG1ymnjpsysTxcvTa84BPybZCBeV,0,0,0.00555613,219.03
1PDoD4jCAaxWUyCJsNxbXBxKZZD4pc38Fe,0.01034754,207.74,0.01034754,217.56
18PpfcVUwiwyggx1cddKfLo6hqZi1odyfH,0.01488678,280.27,0.01123019,216.73
1MwVCj3a3QEqhGpFTiT3aoxrskn1h7nT94,0.00978718,213.44,0.00978718,216.62
1EPRwQz7iSdDDaScaHjYFt5cU99uyMnSQ2,0.01074807,219.07,0.01074807,216.49
1GHBgkfCKpzHhPe2TLjjizBxWXVJ9HQcSK,0,0,0.00475109,216.16
1QGo6gFAzJhvFgxGwr5cvaW5BDHtSrBsYj,0,0,0.00559591,214.81
17Cour6odC4sGNNzPUjE6aruYe3mq9rntA,0.01240413,212.46,0.01240413,212.46
1Eie7VxfYauqw3FiuzLbWu7HyDTL7g92Gu,0.01308643,213.4,0.01308643,212.29
17kLnfVzgiTVVZoTMuA2B1UyGuQJf6aztP,0.01016164,226.0,0.01016164,210.89
1L1LkhfpCneZRAr2WwEGE6QDzENct2v9yU,0.00964257,209.88,0.00964257,209.19
1MaiKNTDt8v1rY9NAuVRTdD2tKnEmkTMxP,0.00951847,214.08,0.00951847,208.95
1KHW8emqL8XcbgnL7Y8rWV7URWHMd8Gawt,0.00889182,216.54,0.00889182,208.28
1EKvk33ohDbXPvjvQfpUBiMsNbr6AE6Zbk,0.0053637,224.86,0.0053637,208.27
18WcHYeH3EdkP5wwZGHTkUf6pPza4fPWeE,0,0,0.0121722,207.78
1EHZJESR1jKyXV7VqBMNE4iqF7G5jeGs1D,0.01081918,206.73,0.01081918,207.68
17Zh4wrE9vN7knhdBcSZaB5UkncHrCxnxF,0.00939027,206.86,0.00939027,207.58
15BJFujiS7kSkeYMqqaSXFTPLkHAf9EMYu,0.00830487,198.15,0.00830487,205.07
18afr2Txq3urwQEBtnhSxfTTo4SqmuW1QE,0.00708,225.64,0.00708,204.22
1CNJn67KLxvWFdi88kAo4XNnCebL4y2mqV,0.00910212,204.18,0.00910212,204.18
1LjxrDzgxEuD9cbKP5xkXdDTdF2SY5MPqh,0,0,0.00498537,203.99
1FmQug1f3YZty5qrvvZ2wLuxFPU7tcXwjP,0.01071831,203.34,0.01071831,203.89
1Eb3svWwfCaSMMPkpg4TSRCV3L155vKWCH,0.007971,201.25,0.007971,203.02
1DqcKcGoSAM4F6rzAj5cUUuiQJLYa52boS,0.00970252,199.93,0.00970252,202.37
1AfTacowpiHhjMbRHAWZkyYtxNn6zTuBCQ,0.01212853,201.74,0.01212853,201.42
141bG5vrQrAuHkTg11EZBL1QVpRKsRsKCY,0.01043384,201.16,0.01043384,201.16
19yUADeAbdeRk7dLLJhsc8QffsEGVbaeAs,0.01003813,197.68,0.01003813,201.04
18J56V7U95yaE6kpxtEKg26oLDLWTWVTCt,0.01024034,195.16,0.01024034,201.01
15ymKDffjhmxY4xL1jsa3DatJVZmpFxwm3,0.01013787,199.74,0.01013787,200.76
13hct5NWjcDEGR8NgMm2V934YNaAFEBF7P,0,0,0.01173988,200.66
16UiTiYpvMs3B9tvQJMjnLam5Fm4HXYFPp,0.0098755,205.99,0.0098755,200.62
1TpeaKK2e5R8xamgZDGmAucn1C6L5BuZr,0,0,0.00515125,199.91
1HSCeVbJjPSGsA2Gf9ay5ch1chk3oDupUf,0,0,0.00960257,199.83
1A9V9PuDCekH38HEpFejqjvqyX8RRSH8iy,0.01178361,199.41,0.01178361,199.78
1CZQnj1tbKHruXceSyqSgwXB6Zg9pV7YpR,0.008164,199.22,0.008164,199.55
1JrHQXEZEmwY5pb89przjBHiD54mLJa4yo,0,0,0.01144892,198.72
1CXkJgUZfvjpym6cuL5AFyBgUobpKaTS5g,0.01037525,198.5,0.01037525,198.5
1Fmp7JSwDX9TYv9be9s4Bn6FFK8jYNWJnW,0.01375833,236.03,0.01155151,198.21
18PyE3pii9mtiibKC9PvcszPG5NcKKvNhB,0.00681,204.56,0.00681,197.91
1D7uEryFuNDG6TFABmferzENa5K7gnwA9L,0.01023943,198.19,0.01023943,197.82
1D9LARLV83nnPDijNYiy5W8DiEZN6dboSt,0.01171657,197.87,0.01171657,197.66
1D8qM4Bgh7Hza5ycdqB6LPMUM3u8QvfdcJ,0.011803,197.02,0.011803,197.02
1B4mpR8eAPiP84mGdgoCfwJaqvDRXxAWai,0.00612711,195.24,0.00612711,196.65
1Crf5cMqMir4bGwmzKLrdVxFyN846hRqtq,0,0,0.0051079,196.08
1HJ3nWSE2VMv91ucFpd6eRzhQSMXerR6md,0.01182,195.28,0.01182,195.28
14Vbx2sdKVYKZ39PehraYHQ4V8uYLtoxiB,0.00953025,199.93,0.00953025,194.64
12p6CZrAcnqDAuxq4WZW5So79ywzVY888u,0.01128878,194.73,0.01128878,194.08
1M8D6YkAUJsc5o8Ggp6JMF2KfmmfrgpYMu,0.0097359,202.29,0.0097359,193.67
16sTyQAZdqVEx2UbTcVfGMyi49gNxxGLCB,0.00664882,193.54,0.00664882,193.54
1BWzZD7QwKmNkFnhRxnKuCghDLiN366J8Q,0.00995171,192.82,0.00995171,192.82
1FFvZVUiW5RjPTnRGfeLKXwfgDaf9rxGzc,0.0107,193.42,0.0107,192.58
1AvuUP1e3RrbLWBSHfrF2mnQPzNYohu1Ui,0.00980825,193.28,0.00980825,191.64
1HY5e3o4cM5Ymz7phZXCt2r3Fnoao7zAVs,0.00643708,196.03,0.00643708,191.18
1EkGMdzdDdmy7xQuhfNzgFrmXoqKfhj9t4,0.00964982,192.08,0.00964982,191.02
1CxSkRd3CCLZ6hzLwAZpiFQg9n7VcVPFej,0.00976028,187.44,0.00976028,191.01
1ALnAnw8dfba5ZuHyxCyx8MBYdtoXLTtjb,0.00670709,193.85,0.00670709,190.98
1J92QdpMJGrj8VrrHFuGy5dq4REE35JGBw,0.00470252,195.12,0.00470252,190.36
1BY4cafqs2jCEAwfzW55YiukJHWJxSQ59s,0.00657489,184.97,0.00657489,190.07
1PCPnvsZPoGZhB2cBa7WUfW2v9iKNiwLE4,0.01001487,193.32,0.01001487,190.05
1MjA5ZcYJjEqKBsSS2xhmb5jyQZCVRVn63,0.00447966,187.21,0.00447966,190.03
1CvQuwA8RPy9qrC1C9wF2GL4wShL8BdzBh,0.0062884,194.74,0.0062884,189.46
17gvCQ53qbDFi5XFGtjG5ZkJNfcW7Sarnv,0.0111115,190.43,0.0111115,188.89
1LRtgEg1nrJqpFqFM7LvcbcvuDh5jA9KDb,0.00892219,183.07,0.00892219,188.63
18zMoH931hHSiH71AVytXf28XYXqgqnjAq,0.0113,188.75,0.0113,188.35
1PMWSb3ajVG92w2jx2gWvRHwuZcPrBSXtK,0.01583446,277.48,0.01132235,188.31
19PWaLyEhRgkpe8GmuPsiwc8gLXe28bBmj,0,0,0.00769076,187.99
1FjzUChPJtjfuwfctZ76msiVaDnnzRQKzu,0.0111002,187.51,0.0111002,187.5
19CSvcAFrjPeVPFcTAw2BgPezQmTtHFzCh,0.01093672,184.66,0.01093672,187.45
1Asy8hvxEaUCRnbYACnGRHQVkxGB4nJC8A,0,0,0.00957308,187.35
1CjvovttWY9ZRmheZNEQHtxY1RsAXuz8sW,0.00875681,197.44,0.00875681,186.91
1DBWPpVgtTwc2p7r8Zn384ZKWNJhjQfbZB,0.00425467,195.21,0.00425467,186.88
1GpoDm4BR1UvP2378WKWULpSwHQ8zapgSc,0.00484,189.9,0.00484,186.81
1EHJTjrKVwc9NGdjDGET7bErPCExkkhE9,0,0,0.0108145,186.27
1L4zQD46BFpGY4bLJVVZacuyie9FtwadZc,0,0,0.0045072,184.43
13YUATFW6LcvtzmgDwQqWuke21UnMDrQKa,0,0,0.00941322,184.01
14FUNkpJrD2UEZZ5TRfow77gG95u8uy9hc,0,0,0.00419017,183.92
1G6WHtf4kGSPnU8Vi6LLfN3tASu6ahqcw1,0.01000868,186.24,0.01000868,183.19
12qn4vxZTkmRsQkgHQqtBsGLFmRRSMMEBD,0.01094575,183.19,0.01094575,182.94
19zWvUrYiyMbaDnPaSR95AqQCHoBKpKJ5F,0.01480567,266.67,0.01068543,182.37
14u1NWPSqaW2sA49iR1dvT1FrjGooQPTNE,0.01044153,181.61,0.01044153,181.59
12doCLdCDSS98hFA4bWgn42NsjsDfpkHbG,0.00864643,187.46,0.00864643,179.73
17iY2zy17XgPcFS71nJRMyUQB2Kuh4Q3Zs,0.00598632,215.17,0.00598632,179.33
15c9Ls1Z4Y8A27HDYgtpchaPM8sSC8CC5m,0.01329368,232.7,0.01064745,178.56
1P5i3Py9VrvwZQLQJ4Xjad9mPAwPzYgWXw,0,0,0.01084375,178.26
1DviYPpKZDJSAxZb3dqSmbApeuEhGSdQ8d,0,0,0.00419513,177.11
1KKj97zGMYRSnXr2KjfxR6uNWPZxRRMxtH,0.00444159,171.68,0.00444159,176.52
1HD7ZVKgAdPmAqdpFLXnARuBoajnhAt5sV,0.00871311,182.69,0.00871311,176.13
1LgbayEDpen48WMwhyYv4897MiiYP8ZJ89,0.01314914,220.77,0.01051576,175.56
15kcp4N6Naq4FXbPEDsHAYubFMQyvepXoL,0,0,0.00428221,175.22
17Ez2hF2qU6znVBUwp9tBoNom5TjQo1hw9,0.00855,167.83,0.00855,173.89
1MFYKC8fD1Fq4cX2pCH12YbEANdEKqqnKJ,0.0087441,171.64,0.0087441,173.86
16wXhGU6htNeiNeBCJXAhUNnZkR9RdGEGr,0.00451339,171.85,0.00451339,173.62
1Fw6ZQ3t6m7cMLEvYnxSMtjAWX1hjoekAf,0.00560335,184.49,0.00560335,173.26
1DQsux3MPe4AZ5GX3rJEQzCnDmTTub9Si4,0.00775466,173.99,0.00775466,173.07
1HeSPMaZSrv3T7V19RXm3upJPk7aFVo1eV,0.00438366,172.48,0.00438366,172.5
18tbAtAaEqgcNBGKdsgS3QC81pbNs2NVFz,0.01059286,178.75,0.01029253,172.31
1EQWYjhAgg5B9RU9aNrd4gyvP2cwMhogrJ,0.01032392,171.04,0.01032392,172.13
1FKVERN6vNBXKmtmtCaV2vomutcFsX42vb,0,0,0.00895268,172.13
1HtRFhrq15EFvj1bbt7u4i6gDiyQscEnbU,0.0070173,168.09,0.0070173,171.52
15Hjhf8xVjFE3uYaWEz5En8xYybb61B7zb,0,0,0.00446356,171.34
1JpbHVQF74nGcZbb84uvCUUsDCiudXkrdr,0,0,0.00417262,170.73
19i1fT495weH8d4yqPT6VwXtpeFT2E3exw,0.01057387,171.9,0.01057387,170.71
185D2MqMoSjB7hGiQYPckPPhvn3N4Rjime,0.00745433,174.69,0.00745433,168.35
1Fz1TfLcnprXFu8KxDMFxNTvGXEKZTfCLJ,0.00481499,186.42,0.00481499,168.1
15iMDeRZWoAo2ytGycjsMTndp6rGYGV6HZ,0.01028434,171.73,0.01028434,168.06
18vjh1ZNWQCwfFZZHtdZv1SM18irYz22Ad,0.00479253,167.1,0.00479253,167.38
17K7AjRYEsBfxrHw9oZkhifYDmdAwA2oC8,0.00813087,173.41,0.00813087,167.14
171qyKYc8HXERSGSXgrghP12Q8i9DoPNQD,0.00710118,168.38,0.00710118,166.69
13VEiqEtZUZUxeCez5FgR4YS5jkX8Nf6Ec,0,0,0.00404805,165.64
12BcyiMqXdamQVtix2FJdHXPwuXadaYxfi,0.01110524,197.9,0.00957084,165.5
1C6s1Xg2VedEh1aAdpyPQP2kEoyJCd7EMF,0.00806399,160.89,0.00806399,165.04
16ykZwi5zBWUrMh44XP7KDXwMsU1DGSB6E,0,0,0.0099182,164.72
177yjkshRpCqkf5uFHTrnQUWibFNY1qe62,0.00714521,163.12,0.00714521,164.5
1AHdMmPvTNYQNqtPNdUCqN1HUNEopnzV4n,0.00523996,156.49,0.00523996,164.39
17ZC9m5JTpXryhertv1P152rE5UXA2P98F,0.00839424,161.65,0.00839424,164.2
1DcLsjTzZdvKWESvR2ibCn7HH7chJQqjhg,0,0,0.00961621,164.15
15D6mpwrUxQapcG3BFCnHDE6ivwLjDUofu,0.00528932,170.05,0.00528932,163.74
1JivT2iYxtZAiesx9SMDtZJbdeSrhXypHw,0.00500952,184.34,0.00500952,162.15
1Q4cnAKRMAfLz9NE7jyciMAhvpVhwZA4rW,0.008378,162.01,0.008378,162.01
1Ew7nsGPSMkqjhRRcSmJ5bbNb18sq1Nvqo,0,0,0.008133,161.14
1F24jrfZnzHaCxZArpdM4PrtFP4qftcrn6,0.0096436,161.98,0.0096436,160.87
1LApsYtEsLfTeMSC1qWnkkSew8uxbB7FMZ,0.00843673,156.11,0.00843673,160.51
16jtyvbcybix1DtRzzjpVP4Rrfc2UaVS2M,0.0091483,157.16,0.0091483,159.55
1FGnqDVu4y475VTQiBUgsyKDu7yF19k1W2,0.00943784,157.79,0.00943784,159.51
1NaE5j8ur98y8Nr64ZJqaD57s4nYsDVmcr,0.00778032,157.18,0.00778032,159.34
1DjF6Pax5rbXVK58258m2JiMfiQkmuemH,0.00740611,159.8,0.00740611,159.19
15juAP5YGXoFSQR9GozcUJzbxSfSHtxdpb,0.00463894,153.28,0.00463894,159.02
1EsEsgQW1fb4D8jJ6vHVgWs2pRoS6pGzus,0.0068664,146.96,0.0068664,158.44
1LEs2to4Q5zJKhtGKgo4zRNAqh72FJSEZ4,0,0,0.00741361,158.41
18VEKLVnuLJHP7vZS9qJ98Hn3ZpXgLrCzn,0.0055396,155.54,0.0055396,158.08
18JLmHJi8S1iJ1uaghXmtGdXgLH1iredKj,0.00677132,156.77,0.00677132,156.77
1NKKyC9v8uLbRzT4dKmEnat7J32YLRrdxu,0.00780352,156.4,0.00780352,155.8
1BFd8WqJcNV5q8cbrhB6NdYXz1EZtCE3ms,0,0,0.00378903,155.04
1Bb8B6XNf5SVzzez1HJpg1jT1twrgP5MR4,0.00480362,154.89,0.00480362,154.4
1M6R6NBT2qCU9mjgc9nRAsz52bvsd4CCiC,0.00798785,153.59,0.00798785,154.17
12etC2RC6ntqTBSVjVAZzGon5Kae7zuv5K,0.00916738,154.85,0.00916738,154.16
19MdpQT2YkuyTxah2Rf3DpCpcnFNYdAvwM,0,0,0.0074089,154.1
16NV5VFS5YdKnGEVvQo1uK3y4GHr7z5n33,0.00796457,154.03,0.00796457,154.03
18Chpfq5YAZGGafTWfP3CAaeeYPsqRvRpL,0.00907186,152.96,0.00907186,154.03
1ZrAfPr7Qj8Sb9uRnE4h9YrSQLK81upR9,0.00759051,153.53,0.00759051,153.53
139TN8aJvqTzw6vH8nRBhP9ETYPMJamqVC,0.00793089,154.04,0.00793089,153.16
1NX2KVHBhSLTWY6JeKjMssoDdi9DcWow5A,0,0,0.00909406,152.98
14PcDhxfWpE1uy6Jp8pZ7Sf6NmdDpcewLz,0,0,0.00655896,152.91
183bBkmDjFGiMxwFugKypDVAiVXDPZAngN,0.00557633,194.04,0.0035144,152.62
14ZCYBsVrsMeBHE6bn94F5eZp1KM6EFn9k,0,0,0.00908521,151.73
15mBV9LtkmYcC1KTeZmSqBRcJpjy5bkPyG,0.00553446,155.6,0.00553446,151.67
1EJuYSbTpZMvdbqBXjKsMTMHXyU9YGFVn5,0.00503135,146.06,0.00503135,151.38
16RiRGgWzbhM3YAdCshkEDod2WmkV8Tywk,0.00651948,146.56,0.00651948,151.33
1Asg6q5d5ZjVvQ3YWpGNG44bLsC9VE59cR,0.00834598,151.35,0.00834598,151.06
1DRjLZp3sNyDg5TJRgCQ11Eu8wjHsW3XmN,0.00379301,146.4,0.00379301,150.54
13AK6ovZsRK4rNh85YjRZ6iZQhJWkQiF63,0.00373603,149.52,0.00373603,150.17
1DWhdqPRGDEqNxgwczEg8r5AcrtWt4Z2bq,0,0,0.00772504,149.99
159L93kKLyPa9NbQWzZTgYn7pnXnmPfaJE,0,0,0.00907614,149.95
1Je8AYLJ9T98gZeLEX5U4xW9RNfBvx9LiT,0,0,0.0070051,149.91
1NindFSShwBsufUWNoz4SQiAXFA8qTkShE,0,0,0.00491986,149.82
1CzCGUXwB1k3XiQywikpS6XunHZXENiZTg,0.00782641,149.77,0.00782641,149.78
1GQiZytAKTvEbpiCAeewLgoqDmKVc5np1f,0.00679361,149.24,0.00679361,149.51
1Na8NfEFKpvnyts4gjdr9yhBXtKkXD7WKy,0.00877,148.08,0.00877,148.79
15MDTMUc7WsbdkvN5BimdsRra4RoU2SqSh,0,0,0.00346328,148.52
1MaGme8PrvrvVWifT3Pbdefm6GhyQ3eVrH,0,0,0.0038653,148.38
14XQQa7gvCT8AjTz8XUTVehQkihKHCPfcv,0.00767163,149.96,0.00767163,148.15
19f62Ltempp9pZiU68UR4rHY6wFYy2Y4op,0.00727552,148.14,0.00727552,147.94
1NaxBNY9dPqTnRHv7b15oSUyiYSpXQrckY,0.00604838,162.08,0.00604838,147.72
1GdupzBAhhKktukmXj7ipPv7NpsgwWXYH9,0.00716714,153.13,0.00716714,147.67
1Ex7AQmoKW5DNTh2Vrqa23s4ZqrQsepPkk,0.006308,145.24,0.006308,146.96
1Pp3wrZnLeohnsmNPiPudJSgapsTv3RAje,0.006826,144.3,0.006826,146.87
1EdSNccURcwAsgbHhPaxaoDWCeHzpPyhcd,0,0,0.00872009,146.81
15rug1fpzkNi2BPgcGJ1LFX9ye48ZjEvUY,0.00686728,146.7,0.00686728,146.7
15GqsiBY8Cj2bPV6hts2J7Vc2iLdJBEScp,0.00357431,146.65,0.00357431,146.22
1DJk5pVn7Pi8khGZ5k3Rsw2wuqaB3GAm1z,0.0112105,189.97,0.00851957,145.44
1PxeoHgiyFjjveR8HLF38mJsxXDSkYhXit,0.0087366,145.4,0.0087366,145.31
1KcTMW5o7rSunkEH9xD63bB9Vgb93niUWd,0.00846881,144.22,0.00846881,145.05
16Zv4y7P2r8R7nTJQNV8XCbzkKojZWQKYQ,0.007038,148.84,0.007038,144.92
1GPpwkEZnK46kdEKM6xbCtiDhTxd4qMgVe,0,0,0.00718071,144.7
1C6zYAS5HvK7Ffx4fX1h4fsiBZvr9kcJhn,0,0,0.00687242,144.58
1Cg4HmxZMeyfbakH5aAMAEzGLMzt3SAWuW,0,0,0.00700495,144.24
1MjwCTumZbttN9QB9WfkEFAmh1Ey6KqgA6,0.00673919,142.34,0.00673919,143.93
1HZrW7KajeiUqSwnzJFNdaeiRvb7PnjdoB,0.00815678,143.37,0.00815678,143.87
16kPsnQBbXsrtEBezfxvgarCzPSBoRGr6s,0.00839546,143.97,0.00839546,143.8
12Gxq7AbSQspqLymsepaf9kPL1FXR2Dv4r,0,0,0.00735451,143.69
1LGpF5PHUnDqSBJTerNK89jE9xZcv3zfEA,0,0,0.00361535,143.68
15588UoC6X5PfcVpR6cQKmtDaJzJvzrn5R,0.003135,147.73,0.003135,143.62
1KQ4LLjoLHevxGoK3H6sRogGpevCjw8STy,0.0047,140.09,0.0047,143.13
1LftF5QWcuN8pgmVgvpDhFjE4xgNo4p3pk,0.00847837,142.72,0.00847837,142.71
1LYKM8yCopwVVFaYqShFbaSYiHW8ehCitj,0,0,0.00311199,142.56
1BUkp4MBcmPmXMzhNkTwaBKRdu1bdvB1H2,0.00657958,138.23,0.00657958,142.28
16YXZexLH7wBTXskc5nZBFMVXU5dMAZJYn,0,0,0.00872883,142.1
1NBXSFS5rpZsuecbwSwoz6bEMUA3WrhhFJ,0.00730207,137.35,0.00730207,141.75
1CVvc85XPc4gkiRt85rToyD5tZxaVLXcFC,0.00468318,141.07,0.00468318,141.07
1M1he21A4LJwiT5JTUQpGtuEJwQj24EpNH,0.00713517,139.84,0.00713517,141.06
1HfLXyuhh6n4XyAoya5JZUwDHhQiYrrAKj,0.00853398,140.99,0.00853398,140.99
1GfBjo4BcUBH3eWS396cLi1HoK6VphoLHv,0.00534395,159.03,0.00534395,140.55
1MN6ENVHciCKETsYLqjXAaaMRZ3y43g1JK,0.00329111,134.46,0.00329111,140.09
16wFMDYdcNYhdAzai7iHZtQh6L8eBiGjuk,0,0,0.00814681,139.54
1JzscdVUTahw4LhEtMPuUHe8n6jWZmCo4X,0.00787457,139.32,0.00787457,139.39
1H3kGwpPEG4R1QtuDvVYrfXphVTWErYLYY,0,0,0.00324661,139.22
16bBvetc2KyV9ekE29rbnjGbpdvL4hN747,0.00580055,129.43,0.00580055,139.14
1E2bEyhtKZfsz4D32Fqo7tdSaJk3xwhL8o,0.00493509,150.99,0.00493509,138.62
1NJe7utYMFyxcUWa4JHEpYEje1RsDFtQRJ,0.00356298,151.91,0.00356298,138.41
1DTdT2VGTzuikXx5wKTrug7durKxEKEWtg,0.0034875,141.42,0.0034875,138.38
1PNcP8bswpypwhU8SyW9CmF1ieFyJomLsz,0.00452983,148.16,0.00452983,138.27
1G3DXwXeyEvHRoLz3cmdHMzGZGepde3fty,0.00469923,183.37,0.00469923,137.63
153jjjLEAauRkjnboxRyjgeHSywZ2w9FqF,0.0068722,141.05,0.0068722,137.05
1BnBC7LbD8ovbamTtLsUTdWvYwMA2wtQJH,0.00628348,127.5,0.00628348,136.74
12WQkXJi2UKvemTvnBLPDRewRobduzK3sF,0.00715244,140.51,0.00715244,136.56
16Xwuik3avVt2vr3vhtioTEZct6PsXdHbr,0.00471903,141.96,0.00471903,135.51
1PbmNGWgqNfcKbHk9tpL4wXbMGtj5aA4gs,0.0047135,136.83,0.0047135,135.35
18jCqzyERHGcmtTqAiYKHhAq5eDAwFjFgU,0.00466143,152.84,0.00466143,135.32
12JvqhxgS4pDdwzLZAcjNmrpsGDSX4LrLg,0.00811138,134.18,0.00811138,135.24
199ypQ7BfeGS713wLVQtNVFPASGPz81Gsr,0.00459268,154.71,0.00459268,134.95
1HpjsAuRwg4JoAvWWCUJ67RSr2QVVokekY,0.0029546,124.44,0.0029546,134.01
192hVhsqt12oEXeWzc8aUXzF8uFmR1SRmC,0.0074848,136.27,0.0074848,133.77
13gwmQJ9mJxGKeQJJ9ksieZQtuharYbMf3,0,0,0.0069194,132.54
1BHvWuVRCkXQXowu9saJq1NJGj4jjHTCXV,0.01026479,200.72,0.00734994,132.46
1NqGEkadx1LPX8AB2hW8C7wT4Qh4vnWgVi,0.00561501,135.94,0.00561501,132.4
17vxGWnV9J3t6geRv42n5NmnzvT59MW2eh,0.00531362,125.43,0.00531362,132.33
13coGQ7G2Td4DY3A7ZBuxCTDYyfhFmrzR4,0,0,0.006993,132.32
12NqV9kns4r1avUdNt8V5mnnQUU7g5oaf5,0.00788525,131.12,0.00788525,132.25
1ET9NhV4qgdcs9PShiwBy4YM5N92JsxRgy,0.0068722,132.59,0.0068722,131.64
13guz4mv5LXKsXLdb53zr1w4i9jwx6tLD4,0.00699606,138.49,0.00699606,131.46
1QueHrGVtWSDSRMLDPes32mGCBZ4CynMG,0.00564989,132.2,0.00564989,131.21
1LC8YXkkUJwWRBFUUarsdFV7v8qDUgbDYp,0,0,0.00623627,131.2
1Bs5rhRvgHW9ymrk33BJ6CrXPkytGxHk2P,0,0,0.00792026,131.06
1E6kHyzDrxbkmP4SoHZaAaxmoKTWAa6DWx,0,0,0.00338114,129.79
173aqYrPgUWf3ucbxK9sra8yhnFgtxR9Fh,0.00426373,127.67,0.00426373,128.87
1ET5pPMQ6xM4nYNaQc2C5SLF4pJYhg6k5i,0.00778293,131.0,0.00778293,128.79
1zh2xVkEfsjiwqHKwurvjEETXLzA38ieA,0.00461848,132.48,0.00461848,128.57
15KqdrtVHUx9LikRQZ2GZmxiAjWVSFM2on,0.0043048,133.26,0.0043048,128.45
1L1XNunBDdR9cpcxidooinnLZFiUuMqfeF,0,0,0.0031286,128.02
1MPFzEiQKGKMFBhUgbXSWvs41VXmy2w7xq,0.00593063,123.08,0.00593063,127.09
1ATGfqZqiKLPKZyDDZAVEPkuogVVn1wZU,0.00439587,131.51,0.00439587,126.77
1HKrZrtfvy1A43fQuHgtmVo1CERqL4tRQY,0.00629483,131.3,0.00629483,126.69
1LHsBFDGV6nJ7nck9iYJ162xF1QryQpWMh,0.0074285,125.7,0.0074285,126.6
18jf8qqWM8hEpnj77WUXerTzn5EYJGapfp,0.00652011,126.6,0.00652011,126.6
1ENamN4PR2MNxzxmLVt6yndxYrx7zuCvRh,0.00572893,130.04,0.00572893,126.44
1JrdXMA2nittET8TAkNccA4dKPh3yFLkbZ,0.00614591,124.0,0.00614591,126.39
158xyoWY49w1w5aYhcCHjpxFujBk1CAhX5,0.00654535,126.35,0.00654535,126.12
1Nt5rHvCYia16kxqxjttoxTGBuff3rCNLQ,0.00757835,126.6,0.00757835,125.4
1ArVk23xBqNTfYeb8e5FE4VaADMwtKNfEr,0.00542852,138.87,0.00542852,125.36
1JKvBrZQLxvG7rSwJARj6cQwU58BnLC7Ar,0.00573417,124.11,0.00573417,125.35
1ANRaihfQ9GMosNTjvKHUFJq7e6jGNwfwK,0.00690054,126.01,0.00690054,124.95
1LZcGtKVsx5vSz9BXppdcfDeCQGanx4sS2,0.00637994,122.52,0.00637994,124.86
17FZdG1J5JM6J1qgQ7vmCB4p2tPZYXhf5b,0.00400837,127.64,0.00400837,124.82
1Q2grD9ugqhsaEnQmfqjMDu59rgYx2aL3e,0.0058368,124.68,0.0058368,124.68
14S8uN8v8Ufs8DdrroCpQZegcrEcfJAFsE,0.00683593,126.56,0.00683593,124.4
1GmhaTp14nTWNyEFDBL4QvAMnAcWH6iAyS,0.00616155,120.8,0.00616155,124.14
1Ku9oyksb63gG2AWRyXqntohdqEunRWSgf,0.00620537,124.59,0.00620537,123.68
1Ffoy1XVAWoJ2pcaiAS6nLWpU7sMsnbzTU,0.0068861,119.8,0.0068861,123.56
15W1gcARmdGYGdsNvRZ8fuwSve74dUW8wJ,0.00625715,125.72,0.00625715,122.81
16VAhXzQNmdgxiTmVvBrV5XSeecX7ymBgv,0.00737119,123.35,0.00737119,122.55
134XLYMC6HjjuP2kersPagaPDDjLNNrR4D,0.0050133,115.08,0.0050133,122.54
16AiLG5p628nEcXsjDvmaPrgGJbbnqEuWw,0.00416165,121.46,0.00416165,122.51
1FTNAxMEgisNr2PCXiHuHSgZztsRMW2c8j,0.00401235,122.19,0.00401235,122.19
18A49g6ATxeyAHeAvk8xyLJSXKSzKBHajE,0.00687293,122.43,0.00687293,121.98
1Ava22XzfobARxmBezxCEF8URgDPwtTPUA,0.00423424,126.62,0.00423424,121.59
1Bv8nxje7H6SwNJaWdqasoa2pLQs1bAzuX,0.00693744,120.86,0.00693744,121.43
15j83pzvXx5nn3dS12cf82DEhvDmjBLG1q,0.00299073,130.9,0.00299073,121.24
1NrtTapC7xvfDuzQBimL7UtuYLcemZWBPe,0.00728285,121.12,0.00728285,121.12
1LovPZ2DmygLL7nK8EhPEpttEt3uK7kRW,0.00649162,126.66,0.00649162,120.92
1A6GgLnBvTSVE2aARJhtZeL7YCAugaHSrd,0.00728233,121.31,0.00728233,120.9
1E97E7i3K5fGx5E4vSg3MhRN3nEtYLbVhW,0.00480588,121.61,0.00480588,120.87
18iaHmq3x4ufYggTbRkG3LLvv7yKAXdXRk,0.00377784,110.76,0.00377784,119.89
1Cqm5vVmmRGRgsXJdedMPQVQkYMyGuLHBw,0.0062,119.62,0.0062,119.79
15z78Bqow7yM67RxCA5DPVVJtv2yLqup3X,0.00370791,125.52,0.00370791,119.74
1Dz5fHzMMzHxSdSmhAgk53y7VTsktwGAh5,0,0,0.00292144,119.54
1FRHrwrKGJgTsRBPgVsBxfevvJkZcF4ALy,0.00291371,116.56,0.00291371,119.16
18fVYDeWYbraUgVhev1QwpLLtfGznWzTRN,0.0089737,153.1,0.00701233,119.09
1rZmNomSmp9LHCgnERZ3CHUnLw4XPqxEU,0.00310221,119.08,0.00310221,119.08
1GGYymmUGKSkYZttRgFcyEuagyBYANoUkZ,0.00505087,117.19,0.00505087,118.69
17btoSf4ndu1hFXepZmYMpGhNiFmMXFPjY,0.00608258,119.43,0.00608258,118.55
1JdsKvaWeBvtRPBeKcFLuijfVUzubNxPp,0.00260215,119.89,0.00260215,118.39
1BHmKMG4krJPxv7g5pJYb7be9hjneK94Fn,0.00509662,118.97,0.00509662,118.2
13UgNE8fhShjry1frL3gNQopQ9twaUHwG8,0,0,0.00485697,118.05
1WjqZVYwsXTBumZqEyEfndo5fbNoJXfSX,0.00489926,113.64,0.00489926,117.97
1LzubNzvBs886GVuvgPeHxoHBVuebfZXVq,0,0,0.00371448,117.88
1LYFKvqV3zpcnsAHxWsYkrjdAcEZi9w7KC,0.0071544,120.03,0.0071544,117.61
15TTa3p3PhX41KZvCpUMNGKaZhytSnYzi2,0,0,0.00483125,117.42
1ArLoFsZbdvTajmDeW9o3fnPCLQNYHYfpe,0.0048,111.13,0.0048,117.33
12ZiE22jW3v7soskF2YZy6oNonSbaWUjfo,0,0,0.0048927,116.67
1J4yGjtt7BYQX8w1Zm91PQuJ5atmLQ1xKq,0.00685685,125.23,0.00635942,116.61
17rtmECX8Vbgf6fGgiiG9go7nJgjFF4RwS,0,0,0.00565896,115.83
1N3a52HSAEZ9f7htMexrJhYVXjbTENQP62,0.00563659,112.72,0.00563659,115.82
1JLbHrcSMjYvLA1Ykbehr59cWEuiTRB2cq,0,0,0.00693261,115.72
1CgtKa9zAHnX14XvjtUHrZBpg9NxfzWzG9,0.00403961,124.92,0.00403961,115.5
15zyp6k6xULrX6BeHkUmTNSw6Y5b5HZGmJ,0,0,0.0049772,115.23
1JKN2dtccHmUYE7xJpaeR34qKDcMz4zL13,0.00829992,139.67,0.00684476,114.96
1HYTZ7xSAwHX3UtVv4pFovT8wfunYoxvpg,0.0068457,111.77,0.0068457,114.53
1GswJv788PADTEZccyLwYKgAg8Sebte71N,0,0,0.00476351,114.01
14AEeMkGaMLBGebUbQ49cSbipASyuDxudD,0.00399799,116.31,0.00399799,113.64
1GYonDRDYwiMxSKsEnk6YoU4vwYrkqEMt,0,0,0.00319848,113.46
1NMtSyoHuK965GpGzu2YNKEtW9vv2FBywY,0.00524323,101.21,0.00524323,113.22
1A6jLGau41TXPERwoQqpQHpqcxYYGQM4C3,0.0066024,114.0,0.0066024,112.72
161jVyCVwY41ovSwXVvMorZoR2kxhL5Jzg,0.0032331,111.35,0.0032331,112.62
16xQcTt7rY6ntjGC37kJm4LD67RsrzxnjG,0.0035413,102.81,0.0035413,112.38
13552pMR69nfnpFbVUA9KbEDHTPhVopMrC,0.005,113.42,0.005,112.24
1BoUsyLXadY4iapx4is8rhDE2P9CoxrPoR,0.00523221,105.76,0.00523221,112.11
1MpLyvY2A3WAh5n986eJp4hqUv6m1KVjd,0.00396652,125.09,0.00396652,112.08
1JGwqrs2FcLCMrpELHU9TNGYhSR5eTdaG3,0.00479876,110.09,0.00479876,112.01
1rsSRPWbSFoNqktnMXkCYiLu2RybzgCK8,0,0,0.00647559,111.44
1MQ5a6r3bwiHcCewsLDhmR5DMqADrnkcNC,0.00477318,109.03,0.00477318,111.03
14ZvCzrtfrXhz9WBNPYVekD3euS6VigAC8,0.00568903,114.42,0.00568903,110.47
1FtqbTiWaj3cSurjtFT163w7EMtYoBgpor,0,0,0.00261275,110.39
12HSQV45HpzaSTsmPSqKxPQ1WHyt7fgNyc,0.00527454,110.04,0.00527454,110.2
1BwPwHkpRsD47k5et2QPd9trBU3ZPgrVjB,0.0048352,110.91,0.0048352,109.84
17d767fBeSk1GDzg3gi3aKkC5LgQRJ1M8G,0.00676759,109.82,0.00676759,109.82
1862kaPetp9YEkjUbs7hpeJVjTpKjXHjnA,0.00488419,109.82,0.00488419,109.82
1FXnBrr1e6FVjoNwzbvcC8Xkhf9v7bWePk,0.00507769,104.31,0.00507769,109.42
14Pbmvg9YjhsEA9YE2zGNFrQRSvW2MBSg9,0.00277431,113.45,0.00277431,109.34
1EQppD6hgGghguZ73DNnGyvUr8SiX6zgKx,0.00262525,101.76,0.00262525,109.33
1JiA2dauitgG1HaFDttnHaVxBTwWtLeCRU,0,0,0.00231519,109.1
1LbKthAHRNpBQzV5Ax1koujefQa5PmLMv7,0.00655069,113.7,0.00655069,108.95
1HV9HuRgEY8kbuQ6X89bTJ72fMpRiuSZWw,0.0038,114.27,0.0038,108.79
1HUBhyzEgVxHSeRVrz4SmM45JuHUmXzLvz,0.00535791,108.34,0.00535791,108.71
1NipTvLzQHjrbDhw3GXsXSge2htNqwp6Q4,0.00509755,109.64,0.00509755,108.7
1K6ns52gXSLHf9GaK5HSYWeRHK3c2MRK7,0.0065752,110.32,0.0065752,108.09
1i8A2XKYUpwtuAiXpKoMrvLNPgdDBU8Xb,0.00372247,110.15,0.00372247,108.01
1B5XoYF4QirTrR3MmcaELhFwhx1St2C5Ku,0.00584046,107.82,0.00584046,107.82
15vxjG97So4A3zDYaSWQLAAGxgcbQQ1qaU,0,0,0.0048138,107.81
1SZPL8JaQTe1DPmaDNMSgTD3L4GQQ9UFK,0.00557544,102.97,0.00557544,107.8
17Dah1Mv4u8U5mJQYYPiR4GpCHWCPTuNoT,0,0,0.0064924,107.79
18vhVjzcCySpdPfc4joabPeJBr26e7Sqqo,0,0,0.00279971,107.47
1H6tzeDNmay2gq17qMsXLHfVB8h3MAoRXF,0.00474564,112.69,0.00474564,107.27
16Z2M5t19VziswwP5m88MQrjCsDiZZMGVr,0.00555513,106.43,0.00555513,107.08
1E1kRBQAkLsKG9vYgnPXitApYF6WQ4ULDG,0.00294441,100.17,0.00294441,105.99
1PdAvjAGM5WEurRixhxBjW65xaUKaizZkr,0,0,0.006287,105.76
1GpNDNAF7ro1djfqhtvdNYtagMc81YyS9P,0.0042765,98.38,0.0042765,105.74
1JTeNisMDgnmWCgy76FGnrPzbMwecLGpo2,0.00528052,105.52,0.00528052,105.61
19Mjcq7iym5DRipnySVMkDsdkQEkYpHCEB,0.00454689,106.2,0.00454689,105.59
16UY6K8LNod3HipLFBDXa2RdK7dbND5xfX,0.00650265,105.52,0.00650265,105.52
1BPkrvvWKDFyGpBvM8BxhagtC5AtMxBFoY,0.0036739,106.92,0.0036739,105.5
1LguN9mS66S8zUdqSpyd5xHj2GYXHCDeXC,0.00551855,107.18,0.00551855,105.17
14RGvEX1kW4G4FuoiTD8fHNoL2giBzSpkT,0.00632921,105.28,0.00632921,105.11
1FoUTtDG3y9u45HY46xgHjpyogAq2ezmGi,0.00362968,106.16,0.00362968,105.09
1KBJewxg14rb3CjrqKpSpCCajtCWDrWomp,0,0,0.00256498,104.95
1AJZUTyohvKsqadEr9VKyrShxJBjChhyVg,0.00535458,102.35,0.00535458,104.93
1UX5NdqgLoberEQnH8aUHzHQicCaxtdE5,0.00438189,102.12,0.00438189,104.87
1DKA89UC4kPsvonsesbmCAFRArjpDiBG9,0.00360435,110.7,0.00360435,104.79
18Khtadc848fvaYkjKieopLXCNaj8sHteC,0.00507473,100.94,0.00507473,104.41
1LZdSaFQqpgkdqigqKMxU2bYLnkRCawwdF,0,0,0.00541161,104.38
1aosYGmaWyFymyxh4MLPdsSJsSnCzGnWz,0.00378034,100.09,0.00378034,104.35
1P9vcvrtUQK3MpV5Tb2q3WyxPpWQQTU6Ke,0.0053308,103.27,0.0053308,103.96
181SK4oauhACZ2Sa1k797G2uQ6nhWv7kCb,0.00527979,108.87,0.00527979,103.79
176pjtqDkiviLef4HntPoUzD6P9QgAVKHW,0.00415739,115.91,0.00415739,103.75
15JyYA28DoukyhoKkG5ZD8xjRejDs85oPr,0,0,0.00499454,103.74
1GvrpoWh64DQejh1vVE27Jz2AtsyfjSFSR,0.00544201,105.7,0.00544201,103.71
1MavENXrPqTnwLghnFKJhnt44K1sy2DJts,0.00340081,103.56,0.00340081,103.56
1L8BRMCpLbeSh74vLCg3zU8c5ampV4MZrz,0.00451726,103.9,0.00451726,103.41
14XJqdzk6gwV7w8HyQCHFaEU7QUX9JSvZf,0.00443187,105.27,0.00443187,102.9
1imAkfuQA2tCXbnUBdNNrqjDmdv5XRBUm,0.0025453,102.9,0.0025453,102.9
13qqrXSYT57YYZALbZ7iqhCcvd1mCdDqyw,0.00609384,102.66,0.00609384,102.81
18ySvqWaXHcmqHLTKoe3BsjjnPRFSW2rab,0.0061,101.7,0.0061,102.79
1GqzhocjupHfZAUgfGQffdTzMfmkYqKsKU,0.00527,102.25,0.00527,102.25
1xznJ4vEn464F4Rg8Wu4x29HEmzNy77ci,0.0052435,104.08,0.0052435,102.2
17YHQbw9sDDurpmERZeEFdgQDEBXG81RwW,0,0,0.00252123,102.06
1K2dwnqsbrS5jDnPHenHfn54ye8Vt2GxuG,0.00596991,100.33,0.00596991,101.81
1JULJZffGb2d56WM1KxgRh1NNfkucuTykx,0.00611495,101.7,0.00611495,101.7
1LsXCgkn9tnPB5c271PSgrGa7JsJ5VixkN,0.00449551,101.5,0.00449551,101.5
1QFvtgYZWNsGufWanCNQEiJyyn9uYaCKZq,0.00594019,99.84,0.00594019,101.3
1LJncy4shmcEdk8t5bnGjrMcHTjjGEqBDC,0,0,0.00247,101.07
1DdRQdbbHe17ubjwpbwBjM4RQ3unLVeP2D,0.00522747,100.85,0.00522747,101.0
1Lzqt26KfECXd1iQGP8zM32rJF4BbTtLqK,0.00415125,100.9,0.00415125,100.9
15qNgj3DNx4SkitHyrJYiHZaBQFTTwg3hk,0.00449681,100.88,0.00449681,100.88
146cuK1F3jEkuCXijdiMAcdjwJEvFkNxZW,0,0,0.00587956,100.7
18pyd1Jbp4jdaMuKPe7ApuBxA37MKsfARX,0.00588989,103.68,0.00588989,100.54
1GRtp15J4QEkb1o9yUABvxf4jRg1RorZbV,0.00482536,101.35,0.00482536,100.51
12zBrpDgM6hA3nfcmWwW5cQfnXhWSYEBRR,0.00448573,97.91,0.00448573,100.46
1FLKBxfXgfxxk1tR8BgUEYUW7Pbo2xttsF,0.00608649,100.53,0.00608649,100.44
1KHksvFfn3Am6HSdRaJR18LzHt5vuHup5z,0.00261087,98.25,0.00261087,100.44
1Eqoi3sLnkPaS4vDVSVoHsZtTjMXAerm67,0.00252928,102.39,0.00252928,100.44
12zEnKeYjDKUKNS3JMrS5RCYN81748TTc9,0.00342917,106.36,0.00342917,100.43
175s3QwLkU3Fs1htDnqNQpP9LgzB6AK3z4,0.00524068,99.89,0.00524068,100.39
1JbsXx7xqEeAvUQe2NUmHWwW1Q5k6v5jH4,0.0051382,99.77,0.0051382,100.39
19c251NSX3C21oQMGAtCUehVpC9fDeQVDx,0.00492292,99.88,0.00492292,100.31
1LEqGvs6TheVuRFQprUwUsGjypQ1HNkE6Z,0.0048265,101.54,0.0048265,100.11
1JNoB1gxoMbBfoHGAYqK93DwMYKFzw3zJC,0.00337381,115.4,0.00337381,100.11
1J8yoew74QK2kQ3U6j63cLCttEL1moorTY,0.00502953,100.06,0.00502953,100.06
1H9Unrk9TPHetJNyXqDhYEuCWxowTN4Mxr,0,0,0.00616436,100.03
1DxGN6YMQ5dFaXaVipfX9mZTqTD47MGQLZ,0.0048,99.98,0.0048,99.98
1CLUEkPkGneHrrE5yeru3Z6t3r26act23L,0.00227702,101.15,0.00227702,99.95
1C8Egg8n6EgG3Vgwiph7c4QpHPKi6nLDbU,0.00528181,101.88,0.00528181,99.94
1KYy7gb9hu8J1XFhpUu4QC1rkqEa7Zz1kZ,0.00446214,97.39,0.00446214,99.93
17GEEAowYEr19r4aQjmPk5K1qxAfrDykhC,0,0,0.00217975,99.86
1CpUMDvyvZNbVewwdd8D9tT7n3kSGqJSdB,0.0048171,99.11,0.0048171,99.83
1KZBE2CmPcdvMJESEvXd2yiMCFgVptLSLq,0.00523509,99.77,0.00523509,99.77
1FVbjvpLbjF4Vyy2scyr6mhpdyXp6fk4wH,0.00499537,99.71,0.00499537,99.71
1FyunpXZ3mo9TZTpxzJSij2Xu55tLZwX7e,0.00485023,98.35,0.00485023,99.68
1FdTr96UsscnAQh4tHLHuSM7KPqaVZKdUg,0.00503156,101.77,0.00503156,99.64
1Mek3BK3QkSLWeuNR9eBRnciXtbuAfZYDm,0.00529587,102.15,0.00529587,99.61
1PCNRna8AqPEDphgwkABCGcJ9A3MnTrxUT,0.00251807,106.16,0.00251807,99.54
12GqDTKSHGfbkk9EFzLihTB2cq568ANFcF,0.00589098,99.47,0.00589098,99.47
15xnVd2RBGm2j5WS16EpDb7yV2onXFq4U6,0.00468008,96.62,0.00468008,99.39
1CfjF6L7mPnpuT2mm1nU1jtPXZmDSvXHeA,0.00495186,99.69,0.00495186,99.37
1Gz4ZwpngRasAcXE1qZUpLKt6dsrkxahqV,0.00492128,99.17,0.00492128,99.17
1AHmAXYuLh9dyWnc2fMHhJogkF7psiVrSU,0.00459665,99.39,0.00459665,99.17
15Cg8qCwWbUJ72X2nnFhWt6goAVfgX2pxX,0.00603091,101.18,0.00603091,99.14
19eLYmA43q1spkJdM1dHz62YmY9LyAguQx,0.00595678,102.51,0.00595678,99.07
1CjoVDRAt2JeNDGkg213TN1eK7AoQg7Wzg,0.00506514,98.43,0.00506514,99.02
14bGmFDNWSop5AM4aSXWiWmUXp7eFama1k,0.00592828,98.58,0.00592828,98.85
144jXguxo2y2mZVspM7JtLV1n8fZZsArRp,0.0046973,100.95,0.0046973,98.82
1B54x6VxxT57xKesTKUfkDScyZFLfBYz4F,0.00399753,120.92,0.00399753,98.81
1HkxUhpSKowZvAdsvP1wupKHCJ6gXaBtGa,0.00334764,108.96,0.00334764,98.76
1NSGmVxRxwK4UUMmxxjJTjXGmzF7s2s9DM,0.00291386,98.42,0.00291386,98.65
1NvoHPzAEjRSedTtZf5778dYGF1VVHYXz1,0.00517776,99.02,0.00517776,98.59
1Quzwc3kSSc9aDZmEJjTW93YtfEtSGUCW,0.00537291,102.17,0.00491043,98.51
12iWVBcKoTvHTVYN5w8qQwYmX94CDP7bVs,0.005979,100.08,0.005979,98.29
1ExHVyGW7mimKG9px9xfEqaUVYCbYoWXmG,0.00435816,98.33,0.00435816,98.25
12fXxnNdhkZCyXRYE6FRHDKLAZunCWt7aJ,0.0053474,96.87,0.0053474,98.22
12sf1fBrtb1nfi8hRFaHzn5DGZsUc8w1bc,0.00207297,87.52,0.00207297,97.68
1KVRbD1sPXMist9ix1s8P25NgrdT7BF3rq,0.00435297,90.54,0.00435297,97.65
1F2Mc51yqLvUqxsg3zF9Y4ZEwxTDEEGd4A,0.00222142,84.85,0.00222142,97.5
1D6G7o8qjg6ZcVKUxUj2NZn8JkBtokibDa,0.00328324,96.68,0.00328324,97.36
16juAeUvUucUQCFnem3pf7LGyJrQ3vUV8F,0.00577077,96.21,0.00577077,97.24
15ZZQFWiow4CSiFESRtc7n4zoxUGQKt69A,0,0,0.0048317,97.23
1QBiXchpNguFHiZ7WKizDw2R3SBCw7RDky,0.00226698,100.38,0.00226698,97.11
1KyvmKDeGs8VVV5r3hKhueAngDP1ukre9C,0.00237545,92.18,0.00237545,97.08
17Rph5Vy4WSqu5vKMtUqvJ81c1zi8Vu5TB,0.00344622,101.78,0.00344622,96.75
1JDiWYV8VckD3nk8xfxxKoZkseAWDDthF3,0.00394409,92.82,0.00394409,96.41
1Q9fzsvNeAJKS5cSUJDGDgcre4UMVBVvci,0.002117,100.42,0.002117,96.32
19DqN8oCgUoJRT4GtGQaDiAfJEcr5B3aPL,0.00560321,94.62,0.00560321,95.97
1LM6b9MJCYrgSSTjh6GWeRWeDPDDt7RCpx,0.00452053,93.56,0.00452053,95.84
1D9P1jEnTezrxgefvnszNBWP7TCcDbgAwi,0.00333425,95.46,0.00333425,95.46
1PEtZZ1vrTmYFH5eae9tfFvCJaD5YP614g,0,0,0.00586135,95.42
18DDYVKKeCzoJzY6KKDyBwJQwoFiyTLwwg,0.0024,95.38,0.0024,95.38
1E7zsCtvsrM9pFa4RgFmZNzhKeTBWhCrQP,0.00473124,95.96,0.00473124,95.21
1qHPWFuGu8ZSFuxa39nfiSm3MaxR2Bfv3,0.00470457,95.16,0.00470457,95.16
12Ws6WdxJ4otgXRRh77mGUNnBp7JAN4kt6,0.00402354,95.67,0.00402354,95.14
12gj1oMh7ZsUYF3x7bawkDoGg9xVpmzbkW,0.00329959,94.47,0.00329959,94.47
1Kfisg3PZCgRVqUeCZdBaVd91dHm3mueqc,0,0,0.00199925,94.21
15P9tMkcXZvHTBsnTzGvsP3zpWsfwwcv8R,0.00537162,94.35,0.00537162,94.12
1DmyGEkJsKYtWBvYfxtvqez8JjCMAF6Apu,0.00481597,93.97,0.00481597,93.96
1DusfFCZkSxvuxKP58N8ijmJQqCH5LD8jX,0.00312086,93.53,0.00312086,93.81
17HnkcCPZXpuPDRCavQDAJ1Pr2HvmBz2zR,0.004471,92.79,0.004471,93.56
1NNmRFJuzwy66FHifYkhDuoJMbA9y1q9bm,0.00460443,91.81,0.00460443,93.4
1KTqEZuAmv7YLNfxbEsCAPQG7i2mfaYd2s,0.005605,99.63,0.005605,93.22
1LJM2A4CByQamiczo2Xg9E2593HYUJ3RMP,0.004699,101.17,0.004699,93.1
13VzghrKLVbbHb2gGBAUt5UsJw4T1eVa8u,0.00282701,110.24,0.00282701,93.09
158vSrnWUsZyuPHz6P4bNHSGy3eamC4jGs,0.00636038,119.24,0.00488354,93.01
1CgmvBfVNPSA46cgu3gi7eQ3hUEgnhDR9f,0.00487985,95.6,0.00487985,93.0
1HrM33JTHkrqBHMgfStYLXDg1gyZKoatw5,0.00485411,92.83,0.00485411,92.43
17K4h98WdCYK1MAro6KmRoKcdBfknVMQh9,0,0,0.0019603,92.37
14rm9rRyMAY1eLicg5gGZ7FgF1KEU2jR9q,0.00418451,93.76,0.00418451,91.91
13GnLesbFpuSRb8mb3762b8tB3S6JmjH48,0.00426,91.66,0.00426,91.66
16yoQruqSh1kJRJA87QTj5xJtWnn66aLjA,0.0046,91.22,0.0046,91.63
1EdJ86SYfoSdJn5k9MtWwvTD9x1a3ryA4H,0.00455,92.28,0.00455,91.56
1DKB7WLoFonWr7bJqzf3LdjoacKJfqajm1,0.00200801,94.51,0.00200801,91.36
19xiBT1puZBBFjaxHkrtNYLc693R5pzeZU,0.00545293,91.91,0.00545293,91.14
19WipNuMx5p8ohmrmexwzxbSvHSKB6DZ4,0,0,0.00531984,91.12
1BxPhttJknNYgvDTSbHYqjfEuNby8ZRB9F,0.00450776,90.84,0.00450776,90.84
12PuS1hrDVRS71ifiWNt2EDhzLguH6wA9j,0.00299033,118.69,0.00299033,89.93
1MSkFn3iHZAUsww6PE7YhCeAdKswGQa4Ev,0.00433531,86.82,0.00433531,89.92
13wo28fY3YAEJsgAXQakMHTYoNvroBNpqM,0.00346075,110.76,0.00346075,89.86
1JdgWheiVLk4RKeB3XgzhGnZFrKGz5XuV6,0.00539882,89.77,0.00539882,89.59
13PnYzYH6zeDTzUCfmBJLof1rbScjT4rxJ,0.01089073,188.6,0.0051284,89.44
18HLsEDgZ3WPwdYdE9PVKSzF7Rt7hoHgv,0.00449454,89.01,0.00449454,89.01
1Aor43fWkEQfSoqB9QG7MsD4YT3WAkw7Zo,0.00470035,88.32,0.00470035,88.32
1GccvyVD7snTvRHvXm3LmjbaCXAc3PcuVr,0.0041761,87.01,0.0041761,88.28
1HHk5mKTtggJXcgaejc8f9BqYxcjzgL3Av,0.00205497,88.12,0.00205497,88.12
1No9iEmg7aCVZnZMLVbU6EusrmxJVP9a6R,0,0,0.00534299,87.93
182bZ7VbRd8yRpVbJ5YGEsmcdLV862V2Dz,0.00526151,87.83,0.00526151,87.83
15SC8pA6MY3dqmdwrAqyBWnFK7iunVowTu,0.00271,92.57,0.00271,87.8
1CHmKZwDxacRuKj2mvNj4MoMpsa14S4qt2,0.00460326,84.69,0.00460326,87.63
13KfpwuVvFvR5TUFSo2HhYvaEfiZSYwLaT,0,0,0.0055003,87.58
1Hw7QcbaXU7RhtHrbBQVqGeJP7ASZzV9oz,0,0,0.00213691,87.44
15y2PSBV2zeUW8EfS61qojkR1xZAHJ7yxU,0.0022635,89.88,0.0022635,87.36
1ZNK8BHgL2EEZmVgpYEmPrSU3PVP9zm3S,0.0045565,87.28,0.0045565,87.28
1NdMBLaWKgUPxYTz95hn7MKRa9wzUXi1te,0.00227071,96.59,0.00227071,87.17
18L69e5kwgUpex8tCUNzRYyh1UarNp4hhi,0.00346403,102.25,0.00346403,86.84
1MChqeTwAJv7AVduxQ9TPGphdhFdRBr1Cv,0.00317002,93.34,0.00317002,86.25
16umPK1f9C4o3KxRNcteE9mGpTX63SzmhK,0.00458341,90.73,0.00458341,86.13
1DQDeuPnm9y2qQtBMhQjWKhRD8QEE2G1b1,0.00703932,127.73,0.00493,85.98
133fBbfCQpckSYPHd5juFsULUkYyePVAHp,0.00417691,87.3,0.00417691,85.91
1P3cZrBssAPWq46gkmXjaugFaFitfxkA1h,0.00362237,85.39,0.00362237,85.8
1P1rek5hMTgcgeckm8Eer19KKkpqmMzokT,0.00512453,85.24,0.00512453,85.45
1EA3jdzNcf62r57yhWeVTLfecDZ7ooLQzH,0.00377651,87.98,0.00377651,85.43
178CQXrrHDUgrR39wgWJGPxCR63Q3vtcKe,0,0,0.0040587,85.39
1EsPekgVWDwaftYSPkKnJSvyPz9PdPtNTK,0.00423378,85.32,0.00423378,85.32
142uEWbkLE3YrPzyGXg4nyjaz3nL51iBFc,0.00245089,88.39,0.00245089,85.23
1EnDp2s5sQbvXpR7xaCdorjujGaJRgfiTP,0,0,0.00221243,84.93
15UDd9vEJhTdxHYcdki6sjThgHXHxv3rA7,0.00421606,83.76,0.00421606,84.82
1EiQe2dV9LxbRMbhdynEY7hhsMMrFYuV46,0.00430629,83.64,0.00430629,84.53
161yvYKu3TgcFULgMTP7yJb5F3gDRKWs3A,0.00407238,84.13,0.00407238,84.45
16By9TtwrrSW4VZJHjzh79rc5cfZcEjMoP,0.002,84.44,0.002,84.44
1GeQe3ayG2AsvnnicCaHf1JVuibENk3gxS,0.00507709,85.05,0.00507709,84.37
1MtgJCEECVuwyX5SgXXKh4zCwrGuxi1ZDj,0,0,0.0042257,84.35
1NbKSSDYd5LyDz8p2GoCURkv5GGcXvtPdN,0.00424429,84.69,0.00424429,84.11
1EKmfPDf19dxjjSS1VU3p1jUJG9j7cp9Ay,0,0,0.00283573,84.09
1FALd8pEJCz1dLzTQRPirSTP5f53D3d8dw,0.0022393,83.5,0.0022393,83.88
18544aqJ9dQGZs261feoMv2hVssvg1fhg3,0.00204706,91.92,0.00204706,83.88
1MCeHL1MnoaEdkk9LVaPRYzUYQYFy87Kfc,0.00229011,88.23,0.00229011,83.71
1JU2YYEei6AVnjd4kY23QmyGrJS1cvJuHs,0.00445895,79.4,0.00445895,83.67
129tFmSNGyTcnPrHqtNKBJv7XGJDYYpJwk,0,0,0.00388672,83.53
19Ms5yMLbL1j61Ew2bRW4kGFPW9m3oQrrW,0.00280072,77.88,0.00280072,83.42
16sGoC75ELEoDDAt81AuDAdgowm9jLrMTG,0.00422663,83.88,0.00422663,83.21
1NDMVx1Gi582hWGH7MkzvmjR86J7AfoA8F,0.00370827,77.5,0.00370827,83.19
17cHjFuWwwqQa9uWM4SWu8wyBReupWGunW,0.00453208,84.68,0.00453208,83.16
1L6sym2ZD2GGeQvERsQiUfToaJeBh7hijo,0.00482,82.37,0.00482,83.02
13fB9crUb6Yu9C5ucWeBVx5YXUaeP76bC5,0.005,81.4,0.005,83.02
1CgUHVUyAKFfdgmY3tFxLBCgDf3vgxwuY9,0,0,0.00182103,82.85
1Pw6XrxhaZnuRaTrFmLun3J8AdJujadNus,0.00373757,78.96,0.00373757,82.81
13abvtn56B95uWqXVjizpqzBp8XNipkm6H,0.00383,77.27,0.00383,82.7
1J4xPHhDSqubK92pYCGNg8oSCD6xLdn3yZ,0.00415944,84.34,0.00415944,82.55
1GMKVZSq7GXR9WmqmYBGkPotAriAbnuYQ8,0.002598,76.56,0.002598,82.45
16URm1utSeaXFKEvWk7zyZ67FPd968AzMi,0.00453213,85.47,0.00453213,82.4
1LNFDobRhboh8h5ZfXJjrVg1cWX9VJM7SP,0.00273058,88.2,0.00273058,82.33
1H492UFsM4yqPZ1s2fjr2boYPMSkUfJAAA,0.00365713,87.18,0.00365713,82.27
1NJ1WTAY1KA1DWUAnxyN4Q7zYAnZEnofiu,0.00231248,84.53,0.00231248,82.03
1EkYvQ9eprdKq6rvmXJUBGqeSXZrS1QBfR,0,0,0.0018686,82.02
17wKP9PYW8qUt6QGK7ndMEpyGs8hSUWTH3,0.00419413,82.51,0.00419413,81.33
1K6vRGqPYn7VL685mX6ynuKoSs9zjgDjmZ,0.0042048,81.58,0.0042048,81.1
1FMnZNjLfcyUCEXa8wLwPcCPhg5UJPpSKz,0.00290952,80.12,0.00290952,81.05
1Lu4q9Jm2pib2g6aAvVBJ5XfBJVVMwEjAn,0.00436211,89.82,0.00436211,80.9
14SewBvfZf2d6dCUjHiqoYwQhvT8bAZAeZ,0.00347695,81.44,0.00347695,80.58
1PHGbWzUPyvJbfrM5rGhaCeBSt9W3oN1Ax,0.0048923,80.52,0.0048923,80.52
19EJXnX8GkBxqdnQdb15pGMMZjk4xoVBDX,0.004,80.49,0.004,80.49
1BX6SF7Nx5X88Yh2G96cJ427Am87TqZVjw,0,0,0.00411237,80.42
14decPF57HM9w15TnjpU85QQavqDArd86W,0.00420916,80.7,0.00420916,79.83
1EeAyjX3LErANFHKUZCj3HX6scaHzMtohC,0.00481175,80.24,0.00481175,79.59
1LBNyzfe9PSQT8cjjDB8wcEc8YwH2KeKo,0.00183016,80.97,0.00183016,79.39
1AA4vfbDqBZTXMhygraGJAixUiNLmCXdLv,0,0,0.00206237,79.34
19q5N14smZuYUfv52KuwsW4vKtioDgnCuK,0.00463418,79.21,0.00463418,79.18
1EEei9mGyemvC5zXwf5appJrQsY2pjqKSv,0.00190193,79.07,0.00190193,79.07
1MjEfhBfr7SqQxxaePW4XkfRaJBxkNSMK7,0.0045916,79.02,0.0045916,79.02
1ALcEFSdEWJTFzRYpi3wSHaSS897hkcPaP,0.0020987,76.72,0.0020987,78.65
1PNnxsNgLRz2qme5q94CcxkbCJF1qzasN,0.0035,76.44,0.0035,78.64
1GmsFpvuUVi9v7Eg8sALKvJG6M1t8cVZiP,0.00175814,74.72,0.00175814,78.55
125Zka1vdRAtJ44i7a2QPrfP3pkT8UaU79,0.00385901,83.8,0.00385901,78.53
1JXojvWu5YfhAZ7nexBSQjCcJvXUVJK2jk,0.00406208,84.74,0.00406208,78.53
1DXrqHr8BcNefP3LRnjBRmaYe8u3UGKVV5,0.004,78.52,0.004,78.52
12eywpZdn95n5H2UGsxGLcDhsBpk65btzX,0,0,0.00389642,78.45
19aijXaDYrtDoSNsZNphh45HkD5TVb9fqy,0.00472642,77.95,0.00472642,78.42
1LA73BHFAyTMdkDLxuxaKM4iMfj5Kb1NTU,0.00190347,78.26,0.00190347,77.89
1MvQQTyNcT3yNwLzPH8vEiAHaLVb8guXbT,0.00372197,81.51,0.00372197,77.76
12mQCLArPLmibnvxHnmWoU6tbf5VhaSC9i,0.00306656,82.09,0.00306656,77.67
16ZwyqZaupWbqjN1DumWFAGzC3h3EwFTke,0.00257861,99.52,0.00257861,77.55
18eYAuCcKcmP9Nv8CT7UPGAo2VUojAgvVQ,0.00458708,76.92,0.00458708,77.54
1LXKtNSkex9gzyDbYVvnHdZPKnhumYJBWM,0,0,0.00191571,77.44
17d98MkPekNSUNK196zuVpQS6JGzCtSbAX,0.00405344,78.08,0.00405344,77.19
1PKVgAdx4sSakbGHTchWmEBfgVopbDDBGj,0.00681652,129.75,0.00427796,76.76
19K1JT8zEDXxRg5BPdfDKAKDcbvjvqm5Ck,0.00241733,70.18,0.00241733,76.71
1J5gwijA299E8ZVZDnVjvhjMXwzHTsTBSV,0.00269325,78.35,0.00269325,76.55
16tn9LyWDYke5RzBHwz98w7gmH2eywK3eE,0.00382746,76.49,0.00382746,76.54
1HMfLEbrvTTjfUgtNmNz3zhz9iXfMxSDuc,0.00327381,77.65,0.00327381,76.38
1Fy8R9a9GvQQJgTa8fgobT1j6KZJbiQMw1,0,0,0.00405679,76.23
15SKoHAkdpdPxFLmDdMppBopnkRFm6Nn8n,0.00359524,74.24,0.00359524,76.17
1PZ3aQ2porb5DmaZsNhdPCpVG7gyfDLosR,0.0038,75.36,0.0038,76.0
1KxLVmDcgcQJWcGvMjRZ8PwnLTfUhdGKGP,0,0,0.00368655,75.91
14egDj2buBUeJk92bfcekDMZq29p1ueeHB,0.00453971,76.72,0.00453971,75.78
12foWHHUBR4Y5gPpfbKNhumEc2skbiBsSz,0.00359684,77.47,0.00359684,75.78
15PFp2RJ8GzQGw8hCXzMwRw1riuNQ8edw3,0.00424538,75.79,0.00424538,75.72
1KMhqQak2n2d7fi55JnaAtWcDxx3BKZLNj,0.00427344,75.34,0.00427344,75.49
18xVrYDUe2rwsv9jRqqtm3Cwb1dUieYkwt,0.00382358,77.63,0.00382358,75.46
1FTcqdEFAyfeqezduZ668HkFrT8a6yuafL,0.00174618,75.38,0.00174618,75.38
1JMXkytn3Ru13uSvKDZMXwreaoSmtytk33,0.0023772,72.32,0.0023772,74.99
1TkWanx1izTSePf8DMWA6i6WEcMVY88PE,0,0,0.00459871,74.86
13SvTJbdd2Qn8W44SHZoPz9KRTEB8r7Ytu,0.00260325,75.63,0.00260325,74.75
12nYT1TC7nKLzeUJPt4ifmGdu9dCq5gbcu,0.0043892,75.45,0.0043892,74.43
1DpvTRVMp31gLjSyuZHrL7HQSuzQjikdUp,0,0,0.00445604,74.38
1PhnWHZY2ZiPzMVzqQQwj73MCSakKWvMWu,0.00434205,74.24,0.00434205,74.18
1Ac5ucXRGZo8tHX312cqhn64ugjPr4NqvB,0,0,0.00368408,74.17
1KE3foSqyCs6soSPHHrJE7iyfEYKBudbFN,0.0026084,77.97,0.0026084,74.14
1B9SRkmvThBAMYbZjr1iaXiCTrLwdmR7Nc,0.00397915,73.01,0.00397915,74.07
13tr13XL7NtB3EfogJpP7fZ6qRHw7MStJL,0.00243841,73.33,0.00243841,73.93
1KBnWx214UeNTaVyxEKoFKyw9Y6w58VHun,0.00166973,72.23,0.00166973,73.92
1DrERhPzB19AL5u1tEdugDzGKxhB1HmrX4,0,0,0.00156341,73.67
1BihFrSct4vSZVZnitPBvFiGX656YmEGuc,0.00184693,72.86,0.00184693,73.4
1AzH3rxmUacULKoTeQ2eA2hyLSxq8XgtCu,0.00256247,73.55,0.00256247,73.29
1BS6JarMy6JbRUBed4bxULEH68zLpQMvgt,0.00178431,75.16,0.00178431,73.19
1LaKaPM4aecaqEHKtgczuxRKrKETcCDWXw,0.0034062,76.2,0.0034062,73.02
1MnopooNEhRFjcCvZ48g8ig6XtsB67jXzi,0.00439369,72.97,0.00439369,72.68
1DxRgofrhB28ofUW2nutHvVkkDqjemHgEb,0.0035,72.6,0.0035,72.6
15HSZmF6J7ERxTreKjezbGpniYjoURdfoT,0.00435872,72.49,0.00435872,72.49
1Fa7fiZGRYdo5EM1sCYCn71aQGwyz4CYXW,0.00479184,92.67,0.00383224,72.38
172fm3xuabMVWyTnXPEvhaoidc9BMGS3Ya,0.00421806,71.02,0.00421806,72.25
1LrF33w48jbU5Tk69SoYsDriP7aSa83j71,0.00372179,72.6,0.00372179,72.14
1BRc3urLMQkEjr2ajJNyQNA9aGDQctNxbd,0,0,0.00443971,72.05
1AGHa1z6GYyvHeo2XcckQbHTdsb375iSpc,0.0037054,71.26,0.0037054,71.97
12S4eZdixJ18vHYPUBXdMeb9PtZ4FQ2vch,0.0042,71.17,0.0042,71.94
1FmkYnHgZQNtGvQXswU8CX9yh9MmHKptZv,0.00428591,72.69,0.00428591,71.89
1Dg4wd8RRfzX2yz3nmze5YWiA68RFkydK9,0.00250272,76.2,0.00250272,71.87
1N77tGUSVgk3yZmQmjTXRsPTXNyRAiSssu,0.00317887,71.48,0.00317887,71.79
148yVqp2YxDrdFjdEFSkt9KziAAyj8rQoo,0.00425866,70.14,0.00425866,71.6
1MXpq5X2CFZrQMcoctDUieUzjCwfrDBTJZ,0,0,0.00308196,71.57
172V3QRKsZjxUhaT3zJb4jKYdHa9fvnD85,0,0,0.00371028,71.57
15rGhsahGAa7p9ceM3gapwoC9jtMWfK147,0.00430024,76.5,0.00430024,71.52
12hgVpSZkWVz89A6Py7PCC4uTbTQBn62K5,0.00365844,69.8,0.00365844,71.02
1CfHjGpaq3oTpiZyMTPAUPZAVZwSw2Kb1H,0,0,0.00424859,70.92
1KGTEmSboBfGSkMEWtBmP2a2vAwtVJed71,0.00413754,70.13,0.00413754,70.87
18gVVCteewsK1qWG3Z2Kvy1DnGyZ5wgQME,0.00314,76.53,0.00314,70.4
18vqm1TzFXgYWV1zXssap37hBAimucVAbU,0.00375647,70.71,0.00375647,70.35
1A9xeXJGczGEvvABhwM8wKvbytWVgQLALW,0.00171599,65.19,0.00171599,70.21
159mYgAMZWMFBvkWvCKNVyXP6aijWu6e2d,0.00174507,73.89,0.00174507,69.99
1NJpc6UTXsp1amU9uFYadegfnCiGxR6dNt,0.00168668,68.82,0.00168668,69.99
1H6BuLyAAKNqQqqvvE3berMNKnw65qJ9ag,0.00400722,69.89,0.00400722,69.89
18tmM7mt1UuNwTbWrbxEBM5BvFKSGGN78q,0.00331975,66.36,0.00331975,69.84
1BsthNC9PdfPwfKXCgmWAbhRSVfjyUqxqZ,0,0,0.0017207,69.65
1Jey24DdWTEAMK6UVoH79BSHh1DnNfVjvB,0.00361392,71.68,0.00361392,69.22
182NDxz64RDv3bnSVLwsiaNfSzNgEHtb75,0.00409359,67.29,0.00409359,69.17
1KoT3bbfPPMPDqzX66sRoKqgUZPS979F9r,0.00371098,68.9,0.00371098,69.11
13uXNykF77ZB1Kqjigej1YFN2kmJtJ8YhA,0.00344395,69.44,0.00344395,69.01
15zEJk4nyD1WqUuQrTxU92K7AYVW8HhcQd,0.00305848,67.87,0.00305848,68.64
1PAn2dRYgSgEq6mZ4xHDvvAKQu5Peh9isV,0.00218143,70.29,0.00218143,68.61
1Lg874Sv1sCi44ysB45K6zFZJWcH5KCW6D,0.0036,69.05,0.0036,68.59
19yc6vfH1LX4hDAi7hooc36jNYfrsBrVWQ,0.00352401,67.23,0.00352401,68.45
1CXiXmPemr8Y874fwPwbjg8q26tC9L5HfY,0.0022,66.16,0.0022,68.24
1ryyut5BmAjzvSE85dMRgSeZarjEa56Fn,0.00228702,68.17,0.00228702,68.17
1MnBWRyCD4APq54iNwafCtX9Xy1c8c5Tgx,0.00403742,67.25,0.00403742,68.17
1FPyo8qpNaNraFG8R3m5f4YK8LeprC4Rm3,0,0,0.00337679,68.07
1C4p4n42gV1tSPCyq313Jzpvi4oVm1fdjF,0.00225543,87.05,0.00225543,67.83
1KUnsBqtSCyiEGax9Juiw1goGvhYmLwMSm,0.00312939,60.37,0.00312939,67.74
1H6bqb6xViaFGfzpuT9BpbKpwLwtVUGQ75,0,0,0.002222,67.67
1MQj8JYoocx5nc4cTb9KK2z8sa8QxRhefs,0.00406145,67.21,0.00406145,67.45
15mrXJ8NkgupeXESqGfiS34hALwsU8Aqjb,0.00169254,70.23,0.00169254,67.21
1PKY6vfQdFmnD6DcZboqKoDacBekCqRMGm,0.0017381,68.2,0.0017381,67.08
14ZuvUt1ojspicCSSZxBDfvoGP6FdN3qmw,0.003938,66.55,0.003938,66.96
1FSPDz1koBT3MyepzwP3RHyMDsmYsSSSiw,0.00341341,67.37,0.00341341,66.55
177AckDHUPewbtTNqXopH9yCiR7c1FgzJa,0.00231687,66.53,0.00231687,66.53
121xA8W1SkvLpLgcXReMvBd3UsQGLPe2FW,0.0034467,66.44,0.0034467,66.47
1BkXnCXPEg6ouzgVPE6c6NnKCru1NXjx46,0,0,0.00140832,66.36
16qVhgKMVuXGyEa5D1fMfiQ2HrCVSiKybZ,0.0034535,66.78,0.0034535,65.78
1K5WGLabQjr25AvQc4SZiPsTNBuouDa64P,0.0037809,66.49,0.0037809,65.62
12VLH7MF8tjAbtTUpRLcxVySKMLe1ck23a,0.00389415,64.71,0.00389415,65.62
1Lfm9E9EGML81n5Qn1oKSTdNYYZTSMfoMR,0.00413657,69.4,0.00391709,65.56
1K4zQ9rkGLG6ka965rw4vC9LdrVxjSLRnY,0.00306368,59.19,0.00306368,65.45
1AFFWn3R6gqnXF4XSRWbG3esmnCGqZiMGu,0.00268821,66.74,0.00268821,65.32
18aXN6GedzK7j6s8Ae1nWHw1viEEiWHkX8,0.00164246,62.6,0.00164246,65.27
1P7oWrZY9YYTvV9mirCDBxxNH1qwG8GXfx,0.00336,64.36,0.00336,65.1
1JzZw3KKAs5eNdBNHvj9rqeHVUGGkvBuHN,0.0028,65.52,0.0028,65.03
1DeHeTKueNoerB3aqXXjLQw3FCVYybL9ng,0.005422,92.26,0.0039248,64.92
1CG3nvmCxvYBzNcKkhEScWL5LsTX9UbaQq,0.00204371,58.51,0.00204371,64.86
1Jt7QFDg3bezr7AYhrVnadExph9SycWFtd,0.00314012,62.97,0.00314012,64.41
1AHie81AYuB26nQh1GUTasNn5qepyNGbnf,0,0,0.00140061,64.16
16Q8buqk3w4o1iXnpNzh57BfE4Z1PoMxDk,0.00331405,66.97,0.00331405,64.08
17azxtN94hjXwNcCCSpQwNqMk8pKpFeVuf,0.00422249,93.97,0.00249797,63.55
1Jwn4mWvXJiB79KoriiLmLZwMt9oEcE9au,0.0020847,59.86,0.0020847,63.21
1QFRrHXWmZEfdEYEzTkmV6WCw9Lg9iTYnS,0.00296487,61.16,0.00296487,62.7
1Br4qrhkPiaZUo43sVBTvuNArRDWw4JrtR,0,0,0.00324034,62.58
1N2CnFdHfPXY1yr9N2KEUQ7srijn6xqD9A,0.00378892,61.43,0.00378892,62.3
1K1AVRcaozUhko5hHiuwdbeFSLY9MGgfvH,0.00370057,62.29,0.00370057,62.29
1NVPG1htshwAsCWkGAfx5BvHhFc278AV3d,0.00152067,59.95,0.00152067,62.22
1McTwxNebfVK5SEumuhuGcuNBQ5U9Mwk9v,0.00161565,64.58,0.00161565,62.02
1LHg3DFsKpGuxm8WJgzSKxJizB5qmkWesD,0.0033293,62.89,0.0033293,61.91
1QJNAB3PCFmCNhkVJfhbVf58eP8ndSPU71,0,0,0.00149167,61.89
16xaQQHC2AMh3fFMbDG9kPmZWBKQ6qLosY,0.00215372,62.68,0.00215372,61.84
1DyJpHqevJmMcgHEZ4KqRDtnkmpkvx2N5Q,0.001513,61.73,0.001513,61.73
1MnUR7yAoQhh3t7UFqzMDkpRk8wUMxRzjw,0.00311121,61.57,0.00311121,61.68
1FQDH9A1PqPessGvkMY9WNXVuU43UqCKiz,0.00154755,62.56,0.00154755,61.5
14JS83jjFRF1uELqKNQD9uYXeJQ7rukvDw,0.0037,62.21,0.0037,61.49
1KK2FZSVCHMEAvVLV4RDVEPkToU5fyWcAe,0.00313939,60.96,0.00313939,61.33
139uEq8eiTN5xEzMuoGKW31i5YpUomPWVm,0,0,0.00302841,61.28
19LCnmRxji3ATNmwxNyhZ35EdgcHHLvvZL,0.00288319,63.46,0.00288319,61.13
1PuZNMjX5ZjYiQDvnGLAikL6z68wEY5B2s,0.00362587,62.98,0.00362587,61.12
1Gz5wugvfRiXA9gBLyu6bKx1EWScGPCL9a,0.00192103,61.0,0.00192103,61.09
1NCGns6Mquu6jZiNpnmRs8xum2RA2Ks4Dk,0.00371446,61.78,0.00371446,61.06
18HHAXUDepXcDCf6JZvWbZANTJXV8sYy7o,0.00324117,64.66,0.00324117,60.9
1NbmgFf38Qof8AzKoeAFt8LaQoAydtE4ek,0.00315001,60.8,0.00315001,60.78
1PqBEG1zqERX8utGMA1vDQQjMkPVgbD8BD,0.00230998,63.59,0.00230998,60.68
1EajsFtH1W4AcsV7CMYh8sqQFzP2WK2EkK,0,0,0.00260419,60.59
15E7dzmRCkgWYE2nU8P1bqJEEMoqL9AwAD,0.00199782,60.08,0.00199782,60.57
1D2BCUpYkQS1YAdpgNYe9Ey5CnUVAUwb3Z,0.00367053,61.05,0.00367053,60.34
1Lq61BWNB7VBCKxT6Ua4X2G38MFyVhZoYe,0.00242979,54.79,0.00242979,60.17
1HEKnorHfK237SZq26t2q4dXw1uyw6qfde,0,0,0.00142709,60.16
1Da9LA6jDZWnzw324qQLCVxHufzzWP4AQx,0,0,0.00142045,60.02
1B2M6ryQKrfuZsMmP1cSfZoSPVPQqjLGHH,0.00349474,59.84,0.00349474,59.88
16GXPce8je6kScF6cqKRaStqCvD3PhZTWe,0.00298955,60.26,0.00298955,59.67
1KijuCdxraqnEorZrLCuZw1UNPDoWkS8EA,0,0,0.00147301,59.63
1MZSgraAk417hDbNS1ikQLorKPaZkaibA,0.00301214,59.63,0.00301214,59.63
13mm6qP8x2TYp5tzjMKG8r4Z5pg5GhdMXs,0.0026556,61.48,0.0026556,59.61
1567KvhfNq3PXZzBwvrpkrvzo1Mn94W9Zs,0.00329477,66.19,0.00329477,59.48
1C9rJvyBvQ1w33WqP2jrxYVEsEfko59Ah9,0.0025602,57.43,0.0025602,59.46
1PdDEQyNi4gUoGfeDH9uok3QqduFYPr9up,0.00355614,60.17,0.00355614,59.41
1CxnN135HwPT1oJT9ZgbLqKChhc7DeDxw1,0.00331702,58.25,0.00331702,59.34
1GsqthdTcgpX99ZFuk6Kg36Urn5QvTcipZ,0,0,0.00263982,59.22
1LfAFZAVLmfvZ2VBffXFjAqAAPPYsFUnGA,0,0,0.0027401,59.16
1FZ5MFf9Yss9AeWcjSnf7KfZuNDPc8XCmG,0.00230164,67.35,0.00230164,58.91
1PondUBRXZ5w2LMSiYCdWKQRs7h6bs8gHa,0.00269942,68.57,0.00200792,58.9
1KiaLmXWCoyWg66tYEd4sGFNfHbWxj4WQm,0,0,0.00307832,58.87
1PjRssJ3Cw3Q3uwxLYYYZ6X9sAi2KLnLqE,0.00277515,60.26,0.00277515,58.86
1NpK77c92mP9Gq5Psq4HwFBnYCCBzvC8qG,0,0,0.00352699,58.57
1Ej8xmAXuydNCJVXumS8nypVL3AJq9rCXF,0.00351288,57.69,0.00351288,58.4
153JRGewPMzURbbMuMQgcb4M1at47TAA8p,0.0035,57.52,0.0035,58.37
16E9k2wCH7Ns2kY3zkmHTgHtfasEBornB3,0,0,0.00359483,58.34
1az8vFTdcd94Dz2dk6GEwYHLo8xdj4JgE,0.00352661,58.41,0.00352661,58.23
1DCsCdt7o7knms8ouGBHyRQTsuo8YPzV9E,0.00301153,55.94,0.00301153,58.17
1LdFV6PYfPH5Qu4G5RkUTMJHWUCoZLn3i9,0.00142,56.33,0.00142,58.1
1AaqTELv1rJ52SCV8cHqteym3mz9SRtVa4,0.00306947,59.21,0.00306947,58.08
1PzxFQPzMnCxRSxaTiiv2rcyLAEf7SDKH2,0.00308838,61.14,0.00308838,58.03
199fLHXxBiBX7dUm4mJ8FgwmE4ZMPheYb1,0.00145997,59.02,0.00145997,58.02
15DTK9e6v5ZzVdxEhW8viUG1m6g6i5PDg3,0.00267978,57.95,0.00267978,57.86
1KMV9jrJ3GLDg2FgUJeJknhWzpeARWMBXM,0.00294325,59.42,0.00294325,57.83
1FoPErmnECJeHWwg9zibuV7K3X4mnsnb1N,0.00184305,57.82,0.00184305,57.82
1J8Jo4ZaPnuEeyXv11qegdHU1rYPyYvEsq,0.00350159,57.88,0.00350159,57.78
1B3GWLx766L89nRwsVZF2DEG19A9KBqqZD,0.00155022,59.27,0.00155022,57.75
1Cjaj2GbHPfyNVxoaP8BnJJSBTqbqPC8Sa,0,0,0.00294113,57.73
1Kv2dH5FW44WDbgDRNSRdgUyuTxw3b2xBq,0.00279585,56.57,0.00279585,57.56
1AD4oV5W8BxPhMHMLuY78AbejkCzurUog1,0.00149629,57.99,0.00149629,57.56
18kBBpfxwa7uB2XZdCU7spVaMZugZzjB8V,0.002692,54.19,0.002692,57.51
1GhqZeqcTHQsiKG6TZRyqVbuXChWLitELD,0.00246594,57.03,0.00246594,57.49
1G9qrAb9sxMhMpVU6oB9PCCwxTBGhN8WSg,0.00353548,57.32,0.00353548,57.32
15VpVnhQjg8nw2qu8aAvHujG5rgiiQdcVq,0.00278367,58.19,0.00278367,57.32
1Ng2hvKKdcY3cZFjg6tkzXbLW73jM13shw,0.00180574,52.42,0.00180574,57.3
1BNaTFbZVRUNQWLmdd2Gh7mno9KLD5HZoM,0,0,0.00265194,57.26
1MYFTf2pUNUCuTjgUsXHZw2WVmds8dE8xR,0.003,58.77,0.003,57.17
15MyRxnswXoH5n7fUSwc67madrZqe7SgCF,0.00344,57.22,0.00344,57.13
1Bk9x7sV2KzdqTbbyLWYrwtjFwDwGhYfQc,0.00345538,57.36,0.00345538,57.09
1CS2BvkUv8vdtCZT6KDjhYkpTDzqeruSQp,0.00317772,57.03,0.00317772,57.08
1PnXJ8ZJUJWde1DkHzcSXNyFG4f1yEVtXN,0.00296456,60.11,0.00296456,56.49
1Mia3g2fDbuwnUUovfa6zcx95NPciEgsnG,0.0028,56.14,0.0028,56.37
1EY37RfwNcVNsRLkUZMMTPEZ8oumMXiZ7D,0.00294208,56.42,0.00294208,56.26
13u1bNDYduQijoAzNvo9Xxz51Mk49axYPH,0.00272551,51.94,0.00272551,56.09
18bcZNP6YcEfwsAsJUBzMFBiu5dQ9eZ8J6,0.00141295,53.31,0.00141295,56.08
1Gxn3dUbs1bYsBzusnDDa77LvaRNzJjBvW,0.00195175,56.66,0.00195175,56.05
13ejNPnJxEb3TBoSPHsb9BHd9y1Su6miZ9,0.00250094,54.59,0.00250094,56.01
1FX9S7tdavCA5TDuhUw1ZwENBmini2VZqb,0.00197756,56.02,0.00197756,55.99
1Mwqw2uba7VQXYCeYADsmMJLsJ6tgSPwnU,0.0025,55.99,0.0025,55.99
1Gef3X5ZvA5BtCNNTVWxb1hSM9JjfP7fvv,0.00244924,59.71,0.00244924,55.96
1KZegy4WGJqvYpKBUF95wybLMiBNDywYN9,0.00228218,54.53,0.00228218,55.78
13QTXF2j2VA2xLrCJtBU9TVngPbL1Pzbt2,0.00292769,56.58,0.00292769,55.75
14X5e7q1pNooMs24KCSg1RherpChnYpJPR,0.00229301,56.05,0.00229301,55.73
1FfaqsdRYqavCAApjktrD4JdufUPnWJnWy,0,0,0.00335101,55.69
152crku8YutUtrRCPMBAkdZxYxkkcMxuYT,0.00336188,55.68,0.00336188,55.64
1Cb5AQ6m3ptqpWwJDJuhwxvxGUnZfVVPia,0.00324455,55.5,0.00324455,55.57
1MnEsor1cCm2DQMBojVbtygTwPAytHuZtm,0.00262788,61.34,0.00262788,55.55
14YrxoQgyvVYFbJJmGv3E5FeCNdQRHkDYU,0.00241781,55.5,0.00241781,55.5
1HVm6ESVsxFcMRe6TmNcABcHWuyPqskWyn,0.00246414,55.9,0.00246414,55.32
19TjWnKZqayE4LLbuM9ZKrtENz2qTSkVtb,0.0019227,57.44,0.0019227,55.21
18vWsnHQha3aUmqoJaspczV4cVbAZjqitg,0.00189035,55.2,0.00189035,55.2
1NPZaEtyn79gs2NHNvukgrsC4SoMzjx6Nu,0.00275906,55.05,0.00275906,55.18
1Cdu5HMcMCE5xXv8Z6hkFrWEKUMmSVvgjx,0.00332704,53.76,0.00332704,55.02
1ERt1vy1g4x8h4W2E6bKR3VwRpH41GCB6F,0.00330216,57.95,0.00330216,54.92
19Zoxa5QdF979PtuDnFnLNauMGy18hHXsT,0.002603,53.28,0.002603,54.76
1DECYFWXnQ9p872zzkfk5hq3vmsrDAQgf1,0.00297141,55.31,0.00297141,54.72
1PB1Si1LYB1yqjZU638gCUWhEKfZ4eo7A3,0,0,0.002763,54.69
1BtKfTJ7foDVakmskq8eQa6BcvzZF14Y11,0.00190058,68.45,0.00190058,54.58
1JeH8KxpbAetRpGWZAhGHABBzr46jUp8LY,0.00137344,56.99,0.00137344,54.54
1FR7uQ6TP4v7GWpDSk29fNMz8TVNWN9ErE,0.00322575,55.13,0.00322575,54.47
15t98fWHyCRF7uf6dHVfgFBX3L2jDS6pjw,0,0,0.00328945,54.43
1BF5mnHcE3p4R2WXvm2VZD3E1QgyZVJPHZ,0.00284487,54.94,0.00284487,54.22
12ojPVzaPfSoCqk1P7hsKQP8NyRrwLubPo,0.00236116,54.2,0.00236116,54.2
1H1VdxqeuFhHcF9ko2htUMdvoVJskVVyLW,0.00280422,54.1,0.00280422,54.18
19fhJAzqQVwVBBcuw4EF5BXM9HonPcNoDU,0.00239514,53.97,0.00239514,53.87
1NnV5wFmLHnovcAKybF2Uquuawa3kETQvq,0,0,0.00113688,53.57
1Haz2KTMaPiS4SX2JEn1fpdswKNyktt9qS,0.00129005,52.31,0.00129005,53.53
1559u89mAUvvhGBRzNAzp5jBXTGcAfgnVq,0,0,0.00316817,53.5
1FMSHEjg8Y9zeLVm9stKGyXT5p4QtJsZdE,0.00273738,53.84,0.00273738,53.47
18BBVCgH8bxXHRj5mNjeq1eqjpgeAsDdy9,0.00123536,53.48,0.00123536,53.4
18cRdjBFkryhaab6hKdMp2nooLiLD7D7Ny,0.00306111,51.89,0.00306111,53.39
1P66JHSqGxqwibqGxSmcSQE5wvbRoo7HJp,0.00217457,49.92,0.00217457,53.15
13uRzbxGxL5WDHjQbik5Cgb4N9B3NfTkTN,0.00260147,51.15,0.00260147,53.1
1JmK4NgUFf3sqpSzZYC1smBRsgeXCpbsuJ,0,0,0.00262563,52.97
1DhM5MoE1iggng5eUYqAdimgqx5QHshMnm,0.00311723,52.64,0.00311723,52.89
1AvKtFomx4euEDHm5mkXn4kybBMCMDM9bU,0.00315714,54.58,0.00315714,52.87
13DsfZofKkT3E6ABHRKPnV34UMvjkga1DC,0.00235327,54.65,0.00235327,52.83
1HBG82AWp7hsnZFFABJAjyEEJYhhbHMPuN,0.00111695,49.72,0.00111695,52.63
15MmTsvv5DhFope7FjfFfZhhMKqyJiSgEB,0.00275669,53.8,0.00275669,52.51
1B5j8heMKGck3LhAMMrdp4vcHhHHuVWYLP,0.00262057,52.28,0.00262057,52.41
1MWWuDhQKVMxAUtQmWh2KcnDfrnoX1bb8L,0.0027307,51.15,0.0027307,52.37
1D2fjXrY5oKsRwuVxxCg72kQ9SHtxWHPSG,0,0,0.00257395,52.09
198x8MYBEND268UHP1ggwDXxAu44m7eXFr,0,0,0.00246108,52.03
1CA2KjG5N5eKaD7cFWDExe3yjo9uME5QoN,0.00172731,69.83,0.00172731,51.95
17Q4DiGxSRzd52k9u44raFudvqhrjqKePG,0.00171087,49.79,0.00171087,51.87
1PickTLuiTTsv2Rvp6At9E1fcEWNuuqtrd,0.00308301,52.63,0.00308301,51.84
1G3Tfp5UZR1D94skNDSyjtQkKdKweUDQhx,0.00163325,48.13,0.00163325,51.83
1L518tB6P4TeuWkqH9mVkiRSxkDsThPi2D,0.00124696,50.35,0.00124696,51.74
1Mb2qU1tZVNGaJDSLBLdZJRc1JTNj5fxyN,0.00163032,47.33,0.00163032,51.74
19Wq6RkTk79W3ipD4YCTAibBdDZKgQt1A,0.00258,51.17,0.00258,51.6
13aPyfybgocBjpLzySefTFG6VohhrPc6A9,0.0013338,53.01,0.0013338,51.48
12dm1QeeYUwyem5ZdyvSJbPwEB6np8fzch,0.00295076,50.02,0.00295076,51.46
1LfHRHquN5kT3SW2d9EzQYFdCZj3amajPy,0.00257787,50.6,0.00257787,51.46
14UmxVmECcnooycVysq2jcQeAmvSKFunAZ,0.00312929,52.04,0.00312929,51.44
1G4AHJfjVVDhSftDzgUYLtzCAykUCiJFRd,0.0030488,50.84,0.0030488,51.37
1Q1WR594nN3KCfqJyLdX4SZohRJpLnkyDM,0.00173172,51.35,0.00173172,51.35
1K39qNnx2MxSc6QDkr1q9kwNT4aUdWeZbY,0.00178746,52.02,0.00178746,51.33
15BxC2UNgzC8zjiSLMqzLWM1nM6iN3yZYz,0.0017839,54.31,0.0017839,51.23
1LwAyiLh4TgdgoussgwdLdFuRaxSkgNqg3,0.00265543,51.22,0.00265543,51.22
1Jozt4yhf7Qy7QtkHTAtNr2CW5koqnLKdj,0.00298555,50.65,0.00298555,51.14
1Gx6Pt6T7CKs5WQBBAhnyLK4CmKmWM9zfr,0.00232809,49.25,0.00232809,51.1
187zun76kHhgvneUA9rMghUavb8YMmCn3H,0,0,0.00124658,51.01
1QEM2LBz4JHgtU5oMRuPnusDHZHrTM1VDB,0.00246,50.61,0.00246,50.98
1JXAzbhNw369V51uhoPoivpf6HdDayBXfp,0.001259,50.96,0.001259,50.9
145uAj2osydqBfm84JxE5vtjn8WPvLPUEB,0.00177193,51.57,0.00177193,50.88
17XqUMzSzitgnnfKrYnTZbU51EovMFjCyC,0.00259114,50.04,0.00259114,50.86
1Hge29dHkADdD9n29Jed3PJfWhMDqSFf2q,0.00300772,51.63,0.00300772,50.79
1EVUjCn1Azm8FqkZVWXmNQdsEap449JE6o,0.00218217,50.68,0.00218217,50.68
1DpYdNosyyFCqyEvpEaSmVgcAmXLXAa3mf,0.002269,50.73,0.002269,50.61
14WVckh6MVw2gh4d5JAwoBVQ14MTr3sdRi,0.00403816,67.51,0.00300281,50.6
1FUw1oZUrZfEyRts8hxk7ToCPf4tQBeQs,0.00111211,51.83,0.00111211,50.6
18Y3frj7Yeu9ufHJMVXYWqsBpYwzcNrBar,0,0,0.00245542,50.56
1LLuRqPu2SmvBW5fSSCKnGcaFyRs7QHYGf,0.003,50.02,0.003,50.55
1wsLyL9T53n1bEApUFqNsNrLZaTvhrT75,0.00261627,50.48,0.00261627,50.55
1Ku7bUt6NU5bfamDnc52sNkNeY1bz2enSN,0.0029905,49.69,0.0029905,50.39
1B8FQGPFMuWXhR1ahdy9CNJTwdMU9WJRaJ,0.002972,50.08,0.002972,50.38
1BqCyfDhmLxp7eqHFYcARrRzHs3JBi61GJ,0,0,0.00130496,50.37
1b1nfaXaXBo11KUkGpbjRqBQoF3GnLXz3,0.00294024,49.89,0.00294024,50.36
1NhvBUefDczc4nwYPAAjgJS1TNWr4VEBBU,0.0032376,59.21,0.00267221,50.32
18pVPXfrXa3TGhE1B9tL8EpGYWGjdTZ9Jz,0.00131,55.72,0.00131,50.29
1G9MKXwUgTxyEKdsspXsrJu4GEmAPrnPJN,0.00266764,50.48,0.00266764,50.18
1PDAib8ByTRedMFgR539j2AmK2y287Ab4w,0.00241866,50.17,0.00241866,50.17
15fUMy12yZWdFCW641jkXweC8HgVi44G5B,0.00297431,49.6,0.00297431,50.12
12xqpQZuYCSkLiRKJveMoNmegBs85gWAvy,0.00253,50.1,0.00253,50.1
1B4e3gZhJYJaAokGLfNFkAq2MQ5rc6XmSm,0.00247714,49.92,0.00247714,50.06
1N9NZRfPhaaNPk2pGPviHUBAqTxHfX1HSP,0.00165154,48.44,0.00165154,50.03
1DJMKLTtsu5mRwK9uDJNZqkUxXjwP1S4st,0.00297215,50.73,0.00297215,49.97
1NjWtNbQUDc9BrVBq5ddbAtjRutRHhna4,0,0,0.0023637,49.97
15nbV2wiMeRgV2tRmUn8qCmcG9eSNcDmEu,0.002554,49.59,0.002554,49.9
19uRopubEA84P8JMHK92Y7om4Z5bSptFjb,0.00258886,51.63,0.00258886,49.84
1JLopNAiM7URpfo57DJqwAwdLh43P7XMNm,0.00294709,49.76,0.00294709,49.76
18Bp2n6bJdiDnGGrm5wuaR7zXPc95gm4ny,0.00298393,49.58,0.00298393,49.76
1DjzwPC4tDWDk4jKUd5bMKRJETXPF1rLPR,0.0021,48.2,0.0021,49.65
1AvJ1y6mpCQrghkpgRh1UqRHHnuVEiueHf,0.00172683,49.59,0.00172683,49.59
17uz8kAqFbUptguowbHbqxx1K88GvUTyZZ,0.00260145,50.4,0.00260145,49.54
17SgrQYHMJzchW9V24rvLGN4xxTiD8gSe7,0.00578259,113.76,0.00263447,49.5
1M1JMxM15E223uQ25L6yzdirMDRockF8D7,0.00234765,60.96,0.00234765,49.39
1HjcuAuK5sqxRC2SgQrzEBfadoM7hNmySe,0,0,0.00253923,49.32
1JFefM1sb4Fjdke6Xury7ApdhgVQQAhZCZ,0.0022,48.02,0.0022,49.27
13PgctFkuFkqcMVVeD8y2ugSSbUkCtQJFM,0.00234028,48.15,0.00234028,49.23
18DSpBNZ177KCgP2As17jNHbpeJqBBzU21,0.00299231,50.09,0.00299231,49.19
1Mtb21e1bGYczwAb5Yxr9AjGEZ6seu8A9m,0.00232669,54.31,0.00232669,49.19
1Wq9PyDgpWnJrzWbEo148reW27yRYGWhg,0.00227655,46.82,0.00227655,49.16
1L2Cg7LEXdTqN5cM4kGeQy4CxXmwX3EZbo,0.00127283,50.58,0.00127283,49.13
12nX1agrpk4Z6WvHscoFG86nJS92gs7jPs,0.00295803,49.13,0.00295803,49.13
1FPKX3QCtV5tTfJAt5hurP1zD7M75v2p7y,0.00294477,49.11,0.00294477,49.11
1Kd9WqFhfFMrCwseDR1SrRcsbshrwrFQpA,0.00250058,49.08,0.00250058,49.08
1xnPi4MY5YzsV71usdSJqzueBXXEypaxK,0.00211117,49.4,0.00211117,49.03
1LXo9HqvXP6VfuSQtjDyVczFABkenMQ8EY,0.0010775,49.36,0.0010775,49.02
1NXxzy34j4sjWyWM31PYs7EywqyVwr6kho,0.00293942,49.01,0.00293942,49.02
13BwKLa59RnjVwTJppf5tNr9GDugTiVJdv,0.00229876,51.9,0.00229876,48.99
1PLasktgzTvmGC5oPggX4iNAnrtnSmaoXG,0,0,0.00162483,48.87
1FXcaT12C7Sqk2Q7pr3uAAVoCFZNyeERR8,0,0,0.00231969,48.8
1Nhn6n9AxjaXVXd2bztuqHVDbtQWU6RpK7,0.00107194,49.93,0.00107194,48.77
1D3BjReG1PXqGojRtyK8AcH5UUXVq27LYx,0.00153353,45.01,0.00153353,48.67
18M3t2JnZn46gCVMK16kPe1DG6Hs1Fk6T3,0.0027094,48.62,0.0027094,48.62
1GiSu1cRYKJnYGAfqg4gnz79ruuV9ijtdC,0.00250329,50.35,0.00250329,48.61
13iJS7uuP5L4JkW6vWSNpGgh6mHnTvV7HH,0.002476,48.6,0.002476,48.6
15xQBtVKXmqWq59ecuRwffjXhfZz3fdnAc,0.0012,49.79,0.0012,48.58
1MmZNmBJuXmhbmNm9mQ4BbQ2tEZbuGgSYf,0,0,0.002876,48.56
1MymWv5kEn53Pme1utTAbCyCXSgSeyiPY6,0,0,0.00160131,48.55
18X4FZEKaWeEQAsAiFEh18K1ErG82WBnmM,0,0,0.0023987,48.52
1NKXV9uQvhToPBfEZsGoedUSXEsenxwjoC,0.00166449,50.47,0.00166449,48.45
1EL58mYNBbYPMVNYWDaLTFnEEa3hcdcE1g,0.00277385,47.02,0.00277385,48.38
137AXqZW3ccvh5zUZNoc2k8DRfroDXvCBf,0.00290964,47.22,0.00290964,48.31
1A1L8n7KM9ZZDt1ZnvYKJbBMaEuaeV13H8,0.0016867,49.83,0.0016867,48.29
18BuczxWWoWJsp13tEyE34LmV4TBDN8JhD,0.00273851,48.99,0.00273851,48.25
19X8x8zEsReqVMtETBdjDefwuvrTCs4aGS,0.0010579,46.54,0.0010579,48.13
1JnXj7eMeFUGdxMWGW3ecGRDMLdwKochvG,0,0,0.00158707,48.12
1PxDWmk6XCcMPPmwvdXuRg3wtjetHSPAdJ,0.00165171,48.23,0.00165171,48.08
12dxAh4ZomKVfiSU8ExpxJBWgs48x3jVyP,0.00111945,47.29,0.00111945,48.07
13viVxMoDCpke6CPfWpTw4yRzSHCSQHN5T,0.00125052,49.99,0.00125052,48.0
1dzfrQfftYdJtK4oXkdWFGKD6QQSHz2Jd,0.00251638,47.96,0.00251638,47.98
1265xagbssnka4pjbLtyvBQJG1DzcctTme,0.00291141,47.91,0.00291141,47.91
1ABJaky9kouvGgWAzR3XKNTWj42xPKC8Uu,0,0,0.00105175,47.85
19ebE8N65WXhXvxf4oLuQkr8aCaTkaHaCM,0,0,0.0025866,47.75
1unjas8gqFHdggeXcadY4zyegu577tyQ8,0,0,0.00240864,47.7
16Fza4ebFazpw6a7TW2ghU2MwSHjeuXut5,0.0022664,48.13,0.0022664,47.68
1K5vDxRBTyWAUgpiLNdCdk8WvyBp2yaLrQ,0.00219686,45.18,0.00219686,47.44
1DaF6qAucPTWskD1fZDeAh8rvUt2dwJMnt,0.00170742,49.38,0.00170742,47.42
1izzSfjtfSg6afKLwTZCyZw9fYuHxiVNi,0.00107712,47.85,0.00107712,47.28
1LB1htRTkd9mxR9BPECw45DEtY5Sp9BgEs,0.00284644,44.92,0.00284644,47.26
1GcAt4w3EhVRLcX4CXuvxADo5t7g826qJN,0.0015702,59.75,0.0015702,47.24
1ALiSmKW3o9CiMK7GDKhT99ynHYBqPbHVA,0.0021874,45.22,0.0021874,47.24
1Q4VSAJtuwGD5vvcUKJxkBd3Xv386h3jgK,0.00233863,47.14,0.00233863,47.14
1CpzqVt7zM8NkFQYbJ6GDgigk9hhDfm2SF,0,0,0.00158699,47.13
1EaiG31CsFBWWWoCvcapkUMpdFHbVMxJv,0.0028,47.11,0.0028,47.11
17VMP357auSB4ndgXPJ7XxmomWpqeQHKDw,0.00209421,50.47,0.00209421,47.01
1Akm4HDQVJMoLBCZJEvbcpe5hYehhdmzZ1,0.00530922,91.96,0.00269305,46.97
1PNr2xC2WuwBnjhW3xbEFihsmPETckYDwx,0,0,0.00282481,46.91
1EA2iMFnaT1CyPHMBoCPmn84Xv6utvLDsa,0.00231078,45.82,0.00231078,46.76
1PRDQB2ocGxU4cKWPppGLJpQNX5pjpnf3D,0.00162384,48.51,0.00162384,46.63
15UGWPZhGr6jVd9W42G6gpp7BALajFWRqa,0.0024,46.87,0.0024,46.6
1Cz4qGav9eHWuRpkW6MCc6XpwpfULCHVTf,0,0,0.00215583,46.55
1MmE4DqF62vYxP1mv1kZQFPdV8vgpvmjB2,0.00116539,47.19,0.00116539,46.49
1G9Dfxurm9v1bgDxZosunEiWYBzZDjHMvM,0.00257057,45.58,0.00257057,46.43
1NA8U2nmmjRNTofgy4YdQBG4gYT5i2dpx4,0.00278002,46.98,0.00278002,46.41
1FMHFsBGSdtrgexeYf7eDh7zZBaqKzq77V,0.0027457,46.93,0.0027457,46.36
1Ngmp68us7sQRSU5oqcy49fA6hEuY3tf9f,0.0027041,46.58,0.0027041,46.32
162ffT3GLiUp4JrS7p5sGoKyud44zGB6du,0.00231916,47.17,0.00231916,46.29
1KhATDQgx8yr7ujUbQY9ZY6dNQbVLUs5qE,0.00198,45.18,0.00198,46.16
1GQVaDjyuhZqhf1P9tQYBWy2z5Uz5ukwVS,0.00238218,45.8,0.00238218,46.01
1JmetiExJkAsGswDmduJbSgfWgjRpodtvB,0.00231115,46.39,0.00231115,45.94
1LwyJMfpJVRLQpjVdSTDDbUwbv8ig4TvbA,0.00223645,43.86,0.00223645,45.79
1FeVwmUJ7gWSq23CcLNs5wqgeZ41NcgNKH,0.00159296,47.91,0.00159296,45.74
14RvqfwNyEjcz7JVA5Yz2eKwGKjL9RFrtq,0.00255321,46.55,0.00255321,45.7
1GkX8sQ2GQmxajhpqBJpTVV5z2aLAhMhLs,0.00187531,45.58,0.00187531,45.58
1JMUnC6tz5Mtsbu2D7hxAdRXFJzPj9bPhy,0,0,0.00235888,45.56
16rwrgFtjU4HsaFHmr8KGGmzSCCwsCJUVy,0.0021,40.57,0.0021,45.46
1P8juzpPPSDaHjhuSNLLTPGrLH7Vhro5uq,0.00265317,45.39,0.00265317,45.44
1AdgjpqaLSC5BwKqNRipk6ACZn4Pt3UBp7,0.00239258,46.15,0.00239258,45.27
1DV4gZfsF61gXZbrEPcKep9aDJ6ovZc3mP,0.00203264,44.94,0.00203264,45.25
1MATZq7MVRuL7NRtuUohkcH3PjjoMw3zv1,0.00237624,45.77,0.00237624,45.25
16uFQ3Y1oyUws4PBoUrqP5u3Rp3mMvtaZm,0.00150343,58.03,0.00150343,45.21
1C9rz5DFZU9X3D9GYm1R2QX3REEoWprR4X,0.00236166,45.61,0.00236166,45.19
1LRNszwjVRkSsgFh5xauitq4kFdRw2mjaJ,0.00267268,43.94,0.00267268,45.16
1NaR1jyk4q1EnH7tfoq6c4bzJwoJs5LiMf,0.00116866,46.86,0.00116866,45.11
1NcfPrPQFTn8N4MJdCa18ewKnLdQioyhFF,0.00158058,47.38,0.00158058,45.03
19oMpMfwG5WeFdiNYbwwYRg7t1xCLS7t3J,0.002579,43.27,0.002579,44.98
1PAxmgtCYdRsgQRW4N4AE9XEQ7JnEAMwsT,0.00195816,41.62,0.00195816,44.95
127uaqiRmJum7WReoeLHAuCjLSyBNEZFgk,0.00212142,49.2,0.00212142,44.85
1MAarhKa6p59xoG3TQkaQ8N48TpPh8Kxnv,0.0014292,42.76,0.0014292,44.84
1BZXJ1a5WLZ9e13TGq1qUk6eU2XkmbcTiT,0.00235358,44.86,0.00235358,44.82
18TENehphqmq4m1bmw7vLAFwWwhUJVZkeZ,0.00103739,44.78,0.00103739,44.78
1BM3B9rFTBtZhBC3QzF4L7pijb47kazocH,0.00261977,44.87,0.00261977,44.76
1MvoCXfNETdsvmdLFFKvVthozt7RMke1A1,0.00209522,46.93,0.00209522,44.7
1CRWSGwdinEKcbjhS6ufr9A2piPRjNPuoR,0.00163297,43.78,0.00163297,44.6
1PdoMjjfKLb4hDUesgv3TSjhXBVy6hhiDg,0.0026,44.53,0.0026,44.42
1A2qrj7w2npKYn1QhwnYLaMAeUbof7FYjg,0.00122119,44.41,0.00122119,44.34
14qfNQjayupCWkzFVLsyy1RNLTJrNvMDpz,0.002216,44.15,0.002216,44.34
1MwiPvNJhhqcUn4zRNJri3vP4Dj5UrNXgQ,0,0,0.00147163,44.26
14SAVTbMoX7jQ8pMjpdCHhWv1Zp2Qzwf4T,0.00214121,44.42,0.00214121,44.16
1K9DJfNTp7UAwWRkRfi46E2RCpTYtGfGkH,0.00153644,45.25,0.00153644,44.12
16GYSX8HL2Lguk9AMApga4wUM5RD9m5n9S,0.00208161,50.59,0.00208161,44.01
13eVVb5yULWuzgo1YNrPsa8MRcNih2FM3m,0.00110128,47.93,0.00110128,43.86
16S7LjbHmiP3bT5EtfrXxoNdhveUsKd23r,0,0,0.0010387,43.79
14VUvTJG1YHkVJKSqpGUe74D7DKZfDYuB6,0.00229886,43.82,0.00229886,43.77
17D5DNAUUCymtRBYTMgA83i2Jy9bvY6xhT,0,0,0.00262211,43.77
1FkPwViwiDyNuTmCCTwDzwgRpVxbmyz5E,0.00250822,42.5,0.00250822,43.74
1Hmo1ppKDaMBGLHvsd6KyvQ6ikLKwZ8UQy,0.0012531,44.56,0.0012531,43.74
1Bg1jSWJturM8J436HaCXLUbbQjsBuQXaP,0.0025,42.95,0.0025,43.6
1BaN8Uc23oEXsLhpCrgz9jSSk8iWpUEXaH,0,0,0.00095802,43.59
1QybC9XYENkcbyYMM1gHqrFu9LhDqgqX1,0.00136966,40.36,0.00136966,43.47
19fmYqSZdovL3Yn9ASnDeXzLP5a3t1dpCT,0.001,43.44,0.001,43.44
18JbNL8saegPR6Qmwpk7BKx1zXbowwQ5gf,0,0,0.00113043,43.39
14co8wihk4a4U5usACEUu7x1nM8Ktrt94h,0.0025308,42.94,0.0025308,43.35
13puF3XUJ9PXhLn7f2P3QQ6QviRnrcrdcD,0.00096236,44.22,0.00096236,43.31
16G7ghTdSoEtJQshFPRYk7S2tAi1PBRCrN,0.001,43.17,0.001,43.17
1MFDaRq4jTWpRbCgheCD9eWW99qzYiSbcB,0.00142153,42.14,0.00142153,43.1
168UNvubZ2QvxMUTmqP6tDcryqKvskrid2,0.00222552,42.91,0.00222552,42.85
1E16shbsqXf68qUw54RygHR9bpV5khimyz,0.00135,39.88,0.00135,42.84
12yoJU9Dmo4k6KJQJdYJT1ap8xNwQ1Mgad,0,0,0.00253676,42.83
1DpVTgY4mWAPj6RMDNe45wDW5jWeLFYvhk,0.00190124,44.15,0.00190124,42.68
1Exy37jXuJK4M2FVx9f3owcMFpPMS7Kdyx,0.00254087,46.07,0.00254087,42.44
1BHNegh6juesWwdAUbVWBL8o5ziYYgLGHF,0.00196472,39.77,0.00196472,42.43
1x4YsG9SMPW9YhAyV3BWLNKfNm7unBTwx,0.0009302,43.78,0.0009302,42.32
1EM35au6J6ZR8vr2G7CYWJh1SJtaZziSzQ,0.00216846,42.56,0.00216846,42.2
1136zaeKT7mHTA3ku6dqhE2P4vSy853Mjx,0.00101583,42.15,0.00101583,42.15
18J3BFtCdia7Jjnyu1NKqPGJeYX6RaJHnk,0.00138919,41.78,0.00138919,42.12
1KfHsgt1ME1RLKMXX8mVxsmckNrxWCDmne,0.00143651,46.11,0.00143651,42.07
1KW5Z3tQn4GkT7bcoSG5Q7JiNf8yV4u3ZA,0.00245689,41.98,0.00245689,41.98
1BPBkNxmGoiXonchKMfqKyXzQEwcBPmz5p,0,0,0.00207941,41.9
1P3XQKgvbeBJUL2LFZ94mwdU9bBhLh9rcw,0.00131368,38.33,0.00131368,41.69
1NY9fPEsajWUPz4AgvQsgyYbKyeSuTNgU8,0.00203474,45.81,0.00203474,41.65
1H4EgT19SaEho2SaAK7TjmukYa5bK9Q91s,0,0,0.00249522,41.5
1LERWfYrih79ktRAW3XJAthuANcMEq4MFo,0.00203213,42.31,0.00203213,41.27
1D851NctBPPU467t94vJid99oYRUREYQYZ,0.00248294,41.63,0.00248294,41.26
16rdbjQhoHTehEX2vfWAtjsuwDADji3szE,0,0,0.00204807,41.23
1ADvy9eFQ9pXGd3MBEcxWHG9EPL7fTNpAt,0.00216376,41.38,0.00216376,41.2
1AXF9keArUdazGUVokbv4u3Jayf3wG6cE4,0.00103668,40.67,0.00103668,41.2
146f3rq9htX9SwP2dWddzv8CLBWAMH4Hsk,0.00210829,40.94,0.00210829,41.19
18FvUYKytsonvEU5Hamet5HX3uNQaRrM3T,0.0023596,39.98,0.0023596,41.15
18fb3xdtJVV3ntwRTTPVCxP5cH7VHqRSJ3,0.00101604,42.02,0.00101604,41.13
1QBA6RAnrSqwhcSVSm1SFv4uf6iFFdSYCh,0.00203835,41.97,0.00203835,41.08
1NprZXZeEVhX38Ppoi37fG65RcMBuC92J9,0.00195182,49.17,0.00195182,41.06
1JmJTkLtqYmNgv2H6aPTxxpQXDjZzVRCEU,0.00209877,41.0,0.00209877,41.0
1JZ6zyuJGpoBX7XMysTu1PTsFvTmMyvKuB,0.00128791,37.27,0.00128791,40.96
12o7arhs3MfsyoGZyAaW6bnQHnhd7vhUg5,0.00239323,38.11,0.00239323,40.85
12PtKH2g2ZDcF6Sp4ci14jC5kXc8ij7urz,0.00211166,45.6,0.00211166,40.82
1JPq2jWiQGK42vtW8hzUSSN5KFFpCDh4Ky,0,0,0.0024152,40.81
1Nq7k4YK57UGW2rnEXQ3csKoXHHRxajm5m,0.00242,40.45,0.00242,40.75
16aq9Mw922sYHGRw12uHbU2DkrV1ZR3fu6,0.00240363,39.94,0.00240363,40.74
16uBBKRboFHy9h7tUr17Rw2nZ5UjkZqN62,0,0,0.00198951,40.72
1C4Q2aGvfjnrVgoG7KT7c43KuUs8SeUnAx,0.0014174,46.83,0.0014174,40.7
16DaipfnjDsL9bLZDs5pNh91CFeBZtXFiR,0.00188044,40.46,0.00188044,40.46
1D5NZRr6kNDynJR7Xbkjz1x2vuFQ4M7K6R,0.001,39.71,0.001,40.43
1FrKJK4cBzcdLfJZvmMT1qUD7suxKbez7u,0.00205056,40.51,0.00205056,40.4
13Ri8PV7LKvVBewaWMYxU8SjweLKBrzue1,0.00165231,39.72,0.00165231,40.39
1MZ7Nd86MFZ3qH6aDN6nSNznhybDmMdv19,0.00091475,40.29,0.00091475,40.29
168M8xoL4xWBENqxijLp5KDFS1F2JL8AEe,0.0009693,39.88,0.0009693,40.22
1Koy77iSxXZhbB2E1PzTxwzhnW54CxVZHd,0.00098288,40.41,0.00098288,40.22
16EU6BA8Ncfeu7hWJra286C3BLRU1RkzpA,0.00088375,40.22,0.00088375,40.21
1h4TVvHxWXSrxDsLTNo9vkgrXe2aYyy5Y,0,0,0.002415,40.17
12ojACeimqcGg8mgXdnKUwGdjD4R8fFWa6,0.00210432,40.46,0.00210432,40.1
1Gwp4zWPrg2QzMHzDBchyKxXfXvBfpb3An,0.00368228,67.31,0.00238228,40.07
16xuVzGzRduAwNz1rFrs1y7U9GnHA672JM,0.00139513,40.6,0.00139513,40.06
1BNTZcnLVWQDsnQenh1yLYStFHs2sYK3GK,0.00473809,79.84,0.00237376,40.0
112vk6hTYkXEPGqBojTL8CKC6FbpMWExxb,0,0,0.00186341,39.88
19vuiz5B7xiLxbVn6yA9Yea2yinUC4pB7o,0.00207127,41.31,0.00207127,39.88
17dW4TpiBphbSoe62B7aCUK5er1j7EACqX,0.00197966,42.3,0.00197966,39.86
1Nncqkpug8rk41hAc6SfYpkpfNkjcT8dYa,0.00134008,39.46,0.00134008,39.74
1LdHDy6HcryyGogK8aVTnZYtFBy91Mf8Bs,0,0,0.00209832,39.43
17cx2vHZa9fQqBpNGdc92SxPrW2ChCj2Um,0.00179086,40.46,0.00179086,39.43
165iMNagDAm5GEnDfHSEUPjYECFKcgc1R3,0.00185373,39.4,0.00185373,39.4
1PKgGXC9uXrcuUXrUu747TPikaxyTRWCFx,0.00203002,41.64,0.00203002,39.39
1AxRiX6e92JYR8KiNaazLngY9o4AywK9WD,0,0,0.00137061,39.36
1BqRwS5h9EyQzW3qapsPWh2idiB3fxEk4o,0.00096886,39.53,0.00096886,39.22
1DjmP44ZGR3EZ6YexdPsQVkKdTUZn9Gt5h,0.00086,39.8,0.00086,39.13
14NvMz6ByUp1DpoxS87GrFpe95EE1zbPX5,0.00147941,40.2,0.00147941,39.11
17F4Vnh7JiTEHNGSrkdMwsc6SeHwLRLUSq,0.00232,38.68,0.00232,39.09
1CPht7EG4AFvdf7N3eUefu5ax8xRsLTyvF,0.00124565,37.13,0.00124565,39.08
1Kdhb3dbDEfLpc7b9QP2ECHyCbuvd7b3F5,0.0018446,38.43,0.0018446,38.99
12LGUMGvpNftK8WPoGujkMFrC1cL9v9bGQ,0.001294,51.43,0.001294,38.92
1N4tjcdwRGRJoGZjS7h4x1toRY3BE78CFS,0,0,0.0022311,38.91
1KwUNCJg1wpwBEwQhTfQ58pHvPb5WBCFMP,0.00091998,40.52,0.00091998,38.84
1AwxDNzAXDkWNhJBG93mbkTkjxQy9ExKhe,0,0,0.00173042,38.82
1HhCu6bQ7Td48BgxFiwvCJ1QCEVckDTUN8,0.00141506,47.74,0.00141506,38.78
1woqUcYLMxVJUtxj9AgBcAEDoisQQfKmj,0.002,39.14,0.002,38.66
1Azqtcu7gxNYoDCi9EpUgQXZmRq7UUvdFw,0.00172205,32.36,0.00172205,38.57
1EN6MviSxaQtvpeRgCdLdxM8sZPyYF4C5d,0,0,0.001777,38.47
16jJYAYdBnZ5HHmLPUN9afW8HrUiz985Vz,0.00099642,39.83,0.00099642,38.25
12YZy9vE55cYanpVtqfMWACWsHWuHiKeZ9,0.00094209,40.44,0.00094209,38.19
14bqDnXYnStQC1EP82q5YW29S53SPoYmXr,0,0,0.00090546,38.17
19bzWKq69tiAzxvutjSsBhN8PjnaQ6AP1B,0,0,0.00221244,38.07
1HPoBgctkG6k6dcJdxccv1NqdG4VmGyjAy,0.00119468,37.91,0.00119468,37.99
1C95i3CFn5YdhASC3L1dRNstd4nqceYVn1,0.0017964,43.28,0.0017964,37.98
12GAi6mwmE7NsxEsWzU5fqw6WaYaBW8TmP,0.00127155,37.9,0.00127155,37.9
173UosWp2uEpuEmUDBZsMvHwE6Q9fcUvk,0.00182,36.54,0.00182,37.8
1KDcRty6ShL658QgBjBjEVUGxSVcqbxgMS,0.0012567,45.94,0.0012567,37.79
1KYyLQJNse8kZJTkVLkWE71TUyzQykJyg,0.00228246,37.89,0.00228246,37.71
1DAsNStdwjDMqbbD7KREA7f3VoL6vZ6W33,0.00188398,38.5,0.00188398,37.67
1JV3GLq3gDTiah7anwX38FWQtSs75Qg13Y,0.002,38.21,0.002,37.58
1MmdpiVQe7upXDBYGJAq1GAwPSuE35YTVT,0.00217807,37.48,0.00217807,37.48
1NFTNgo8H8QKRbKnD5jTNaNkkrYtUfbbbq,0.00130216,37.9,0.00130216,37.39
18NjsFTd1xiJnu3qi17JJXghW9z56vVTnY,0.00129953,39.08,0.00129953,37.32
1JXTWe6nfUDHtBZY5zYxSfvGr2xrXuDBvF,0.0021769,37.24,0.0021769,37.29
1MkyktP3LSyim8BXYPH1Xbg3dpBapKcod,0.00190798,37.28,0.00190798,37.28
1JafgRYDbeDcRCwEZnRxtCWXnvxdfhBMbV,0,0,0.00081853,37.24
19qLeNgAXYi6q7qeL4oeuGgrDcPWjAhK24,0.00220867,37.22,0.00220867,37.22
19HDia2CSBHjCXWBnrgPRBAc4YfFJ4stL5,0.002169,37.07,0.002169,37.15
1L1GNwjMgnqysqaxSs74i3b52wtQs4BEZq,0.00189259,37.15,0.00189259,37.15
18UvCDdS6ZjM65tCwLmTVkut7qb92TJiKJ,0.00151226,39.26,0.00151226,37.11
1CcWY99UaLb9vkCgcgGtkebARqew4zqC1W,0.00215599,36.93,0.00215599,37.1
1DtrqdhTrr75ZaykJmU2aMPXpB1Ze7Keu1,0.00183365,37.09,0.00183365,37.09
1A8ZM4waXL8wB8X4LLPBhgZ882ZKfj5zg6,0.00175039,35.71,0.00175039,36.82
1Am8opG6TncjzNZicVdQ1G1qRxvqczBAjc,0.00098652,36.81,0.00098652,36.81
1LeGhdD13nvgpDhD6M9rC1DLDTuxFdtEyp,0,0,0.00128185,36.81
19mGux2SCrT6pmxvzD9mopiMWdFvDRRJ4K,0.00185868,36.81,0.00185868,36.81
1PfqVYnk5j9q7zk1MrGhRj7XyUkD8LvH7V,0,0,0.00213656,36.6
15R6BBSVFQW2966N9jwAR6j84sEafNfWyA,0,0,0.00180836,36.54
12qn449fFWuNHcS1GA8tSWtiizD842hHo3,0,0,0.00115039,36.51
1CLzfZzC6C8FQjBSangWQuhBYEPGVVL2uU,0,0,0.00221916,36.48
14MgUUJeQXj6DStvT3qf9YATqCG7uHHHq8,0.00121259,45.63,0.00121259,36.47
1HwWWCAjTyigWfxEwdfU8nLbAKbguFGbhW,0.0009,35.95,0.0009,36.43
1MNWHRrjmwxLZhdwvWgAHFzy5WuoRJfZBR,0.0018,36.31,0.0018,36.41
1C3SXx1AVVKFR66xo5msm64KXzzYVV3mQP,0.00219,36.82,0.00219,36.37
1Q7TB8qTpEJhpdcueyjYF3LswkqMZ29Awh,0,0,0.00156545,36.35
1DLNzgGeAonvzcTRmSxaJBtXfpcP1r43Sc,0.00190401,36.98,0.00190401,36.29
1BzMDKcEuuDGma8VjdM7qMcb5hGYB3mDzi,0.00222752,35.15,0.00222752,36.15
1MFmNMNFhERmy8WK1URT5iWbA6hFXP2tU1,0,0,0.00125786,36.12
1APxaQYo2LcV9DsdqjgVsHfiLtw6uT4vmN,0.00161,34.12,0.00161,36.12
1EiWC4YfzxVPvtZzQ1X4oTjGRwE4NteGJJ,0.00113544,36.03,0.00113544,36.11
1Pi71t1sHY8ad9bUsGBqBLWC55Pio6gGn5,0.0017843,34.49,0.0017843,36.11
19w1vcHHn6PZJ3CSqMFY2Q8UVvw61xxm51,0.00178604,35.99,0.00178604,36.09
1HULEeA9gwFZVGpE2tuSZB3Ldcc499UhK6,0.00179,36.76,0.00179,36.06
1HjbPNoF7WpAcwRqrsjL5cyjETAx88d1VB,0.00179964,36.06,0.00179964,35.99
1LVdMFNgKA8P6KADHaAnMugCxDu429FE3d,0,0,0.00160428,35.99
182eKeoPwDfwQ5aG2Xk1CFLKa2MZTog6d6,0.0019446,37.99,0.0019446,35.9
1Nrvi46LTc9719xCR9c4XQFuFwWaLydJV,0,0,0.00181168,35.89
1CrnwXgYQyNddCUSUa7APAuNnE1GgTZquG,0.00183719,36.39,0.00183719,35.89
1BRVTXSGa6AXLXXoB9t1NuuZ4xYoGAXtGc,0.00153879,35.37,0.00153879,35.87
1JPmLKriZCS9Uup2tsRgDZZThgtcGPWajB,0.00083524,36.89,0.00083524,35.86
1JXaWG9GDKksUxs7eRaX2GDnR5dHCrTjaj,0.00212968,35.85,0.00212968,35.85
1kkVVHLkbrCDymESzfQZvtFAiqAM4wD7F,0.00119132,47.06,0.00119132,35.83
1CYCj9eCT58oxs3D8GLjXX13BQmMp9oP5c,0.00208789,35.0,0.00208789,35.73
1MJ6znnqWzKi7vvWcwpT7w3yLPDa4mJDKd,0.00214821,38.25,0.00214821,35.73
1MUqRop1fnCX7vXYbMnvkw9heu42zsujzG,0.00208005,35.55,0.00208005,35.63
1K6sK1gXAcYNSTmvcjhzsxtixrfVH5gFUB,0.0018698,36.14,0.0018698,35.6
1ETMCornobvFDjvHzD6xbNd8HwPJfzT5m6,0.0015769,35.6,0.0015769,35.6
16fQx19LXcVJPSR7TYjGijERD3h4CM1LSe,0.00111939,33.2,0.00111939,35.6
1BZrWt38SXRgn6BMHDhRGuyJV3JF1CHvK4,0,0,0.00211236,35.59
1GEjXkxBoKUNYp7dvKJ9ZeHF4EzYDoETnu,0.00176516,36.41,0.00176516,35.57
15KzrDtmsSwoxL5neunRcZQS1UzMPkbLdZ,0,0,0.00085708,35.56
1MMweXz7nKx2XEiNH56npyUPqAhui3gL3W,0.00087633,35.47,0.00087633,35.47
12EuK3mGaKzSLh5nkC9hxJhrEtCzuLNRAC,0.001818,35.3,0.001818,35.3
17SmR66GG4gLPpSSFvAghLSn1cc3bnPgto,0,0,0.00213435,35.09
1KcEW9zCBA5WxN81o37f68rX2AUDwnuvEM,0.00186708,36.96,0.00186708,35.08
1Mq497EuS4RSkSvCTXmYRQDiRHCKHCzhGd,0.00166754,49.89,0.00166754,35.08
13s3ExZd8oqacXjsQstWZGCepRxnVUQSuV,0.00181319,35.22,0.00181319,35.02
18mHfX7GNdVf5cjkkDnTNWE5KDbbdgDp9s,0.00090586,36.0,0.00090586,34.96
1BBfmN3YcMBuXGe4qqUcbRy8gfo7EC8Mdt,0.00120297,41.82,0.00120297,34.92
15wzmk43wWzvcT2zSes3papzV4FRhpTvXr,0,0,0.00120717,34.66
1GaCisgWtRPk65hmCha869mZ1otP1TRg8m,0.00119256,42.95,0.00119256,34.62
1HDS7VEpEpAq8kKJHJtmyUqEwtPtRjMwVj,0,0,0.002009,34.57
1BsqVuLvcEHr8JxH9csdL8ckUFsKWdu1BS,0.00153943,34.92,0.00153943,34.56
1DHvUgxULSuApLayaaHNMssgNQMVSsAVHi,0.00108448,31.96,0.00108448,34.42
1ESF57LuH1ZN2iMh57ThJKZP2WrkFWPLBm,0.00078761,34.22,0.00078761,34.33
1Hb5RQdQJYyGzPYCQkmJGiRpSkdZsnfHT1,0.00158678,34.31,0.00158678,34.27
1ChyjgALgNbv5AQHS1boVgeaeYPmnaCKac,0.00393542,65.96,0.002033,34.26
1LbaLGorSiaxu6TRSLeFbAhgV9nrjyqd2q,0,0,0.0015126,34.16
1GYvAEXPsHMaYxkWz9cw5gVrTdF8pVua5e,0.00081,35.19,0.00081,34.15
12mWVybeNJXJj9bQprxJuxh9hR118TSVjY,0.001168,35.13,0.001168,34.11
1AHCENbXJe2RGxQxFen8WMTA5FXP2ST1Za,0.00168605,37.76,0.00168605,34.1
1JzxabrPVZUUFQ5KJrC5Cs5hGxo5W55AAB,0.00118363,33.39,0.00118363,34.1
1KqqZ76B1JQtGv7KbtaUrX1mkbhaYy2NpQ,0.00077561,30.42,0.00077561,34.04
1BWNZkWYCfKRh8NdFAM1nCrL53g5pC2TJQ,0.00174046,34.0,0.00174046,34.0
1JrKoskAz4fiewSpPMy6oH2ggyY5ydDedT,0.00180745,35.78,0.00180745,33.96
1LbWTMEYfejmEn1wKmYaWkrsNcyaYTf3Bn,0.00167705,33.89,0.00167705,33.89
17o5vQ93Coyj3HHUtsS7CJ1gsyMr81FZ6o,0.00162161,30.54,0.00162161,33.88
12faFNQev7bpsiY1Zg119RWumfwXqvpshs,0.00112623,45.53,0.00112623,33.87
173Gtg8BKe1LGssym94FFUwAmD251LRA8D,0.00159854,37.25,0.00159854,33.79
1kW65YZGh9buNiDCvwYF56qrWRnWyjy9k,0.00172372,33.92,0.00172372,33.77
1KTJcypQBLzs4PjEygHdosonZyp5bM823,0.00138076,33.05,0.00138076,33.75
13hsL8x5UbFajZqMatTg6jVhpdLrWKy9E6,0.00202462,36.05,0.00202462,33.67
1H1puejqm1Nh9xwBt889GyUHuuZRehspxF,0,0,0.00150007,33.65
187repWsaKrT1xPMGkQD72Lz9h2gx6jutg,0.00207382,34.13,0.00207382,33.62
15d7d1bbKmxZb57SGj6gA1s3oKAzzCP3nT,0,0,0.00116838,33.55
1CDH8wxTqrbXTpGhSzSAZNQLvuzi6ocuWG,0,0,0.001586,33.53
1NzJ5Aq7VrAYETShohqKqUtwh7zjGs41CA,0.00210433,44.5,0.00210433,33.51
127iUFCtVDgL42oeSRhTAKGeatHPZLMQRQ,0.002005,33.32,0.002005,33.47
17c2dgLwwLM7cfs8f4LcukF7w7kGRkwpc6,0.00111054,39.99,0.00111054,33.4
1CNbrz88YCSaoeCQfG2EUq5MC9wX346RYM,0,0,0.00172681,33.35
1KVy9WLwmUYBgPz3FuckWMA3YZrDEqJwF9,0.00114485,42.57,0.00114485,33.23
1M2SjnpgYYHJKEXF7cvbrQfNQjbMgUqUta,0.00193578,32.69,0.00193578,33.16
1qfS9umknhRATAtMEaaVYrAkyt9AEvq2z,0,0,0.00167492,33.16
18q7cEvZkQjPLBu5THUBemo8u1mZTkdMVg,0.00176127,33.1,0.00176127,33.1
1FtnzvZauJzzjsKt2fjbkkuZ4tsmCKwi3o,0.00198885,32.48,0.00198885,33.05
12enq4Apc7ERxWhTFaJYrPAjmFjMfcaDXm,0,0,0.00083157,33.02
1J8Prf2hYuJ4oYpmXDUkFgZmJxN6obBzBa,0.00114771,44.25,0.00114771,32.96
1NzoUv2fVrYuqR5NE82E4HP7u9E37yiq1H,0.00155722,36.35,0.00155722,32.92
15oeeBCDP87YxZ9Aqt7kDana6vdzPRtCTX,0.00081081,32.82,0.00081081,32.78
142DPfgw59vviXvXCYB5EyQTj9vs2bxykr,0.00197246,31.41,0.00197246,32.78
1Hxz1jYt7AZKGGpQrV7FHL4vC9Y2ZFhorc,0.00142491,30.29,0.00142491,32.71
153WJ7fDGmiS7GVPfmQPEey7PqhQtruEB5,0.00133746,32.01,0.00133746,32.69
13o6fnv5uVCjt9Bt9hKCmijpXKFokg7YPq,0,0,0.00154295,32.63
1Kh3dAm52J4Qya2Zyge6Hosg7BZwMm2mkh,0.0013668,32.59,0.0013668,32.59
1A6QbusbNqif6chrNYavMAjtEWXAawgWm2,0.00196917,33.32,0.00196917,32.57
1GYLrBBCUSZZ2r29QoJWDhAqqWqDUrZLYz,0.00145,32.55,0.00145,32.55
19rfYNBitkMRWNsF8kkrkzshCTNzy7ktHN,0,0,0.00193258,32.54
1FtLW2Wqj2SqVpH6UTG6zpePgGi9kYNwsr,0.00132914,31.81,0.00132914,32.49
1Kmtqw8Hh3JmCCNbSVwwffFU1LWap6xrf3,0,0,0.00132752,32.45
1G2JEBNcoUdmZUpNSXgCjdFHaLHdUmnUqk,0,0,0.00101874,32.33
12Yf5ikrkqTfcnEvWveVx12ieDYhZbFACw,0.00148524,28.65,0.00148524,32.15
18Ahqd9nmLDHRp5ix2Dx7Yu4zppsM5QDJi,0,0,0.00131402,32.12
1ATVq2Af3q79YMHWxHaY3JhUdwCrD6mytg,0.0007418,32.02,0.0007418,32.02
17qhdXwJjkQSNpNP9sFmypknMDbGYzk2XU,0.001007,29.79,0.001007,31.96
1HsYNTFro3UGAU88qntSU9GKaXfqTUQSSt,0.00075649,32.04,0.00075649,31.89
16BeQE8s8KBghcrf1E4buexwwXER42cYit,0.00167161,32.06,0.00167161,31.83
12tsP8EZxuYrUW871xudCaW5381iivzM2A,0,0,0.00191757,31.72
1Js29QM8WtBcKNU61ZZAtFkoNaa6KCCWTX,0.00166424,31.88,0.00166424,31.69
17jXHAoCbtRAPGyhShGKyQqaNuzqvgCxSK,0,0,0.00106321,31.69
1A843RHStBPKQdvmAxMzwYdAsdFmnKYrMM,0.00192483,31.8,0.00192483,31.68
17izuRHkgyvpAiwDBRrhhz2Fot1S4s3hok,0.00260509,44.14,0.00189381,31.66
1EjpzNHnSwt1i1ikxEFcEk48aMhbECtojH,0.0019,33.83,0.0019,31.6
1Mz8rforgdBoWZKhts3HjmphfPKyHPoKDz,0.00110042,44.43,0.00110042,31.6
1HoYgkhrNJ244Vgh5kqE5KNk6Dv4Wi7oVf,0.0018071,30.63,0.0018071,31.52
1QCkSeq7uLGEYnKMGFoEgNKiKaiwc78UTS,0.0018,30.5,0.0018,31.39
18fUzTYcpTiQ8Wu73vgJiscENFxEnp9vP5,0.0018619,31.37,0.0018619,31.37
13GsDDbaucJQinqYeseTsporZHb8PnGtHy,0.00192311,32.11,0.00192311,31.31
1NqvYj2LdenTYCka6P8WJycZZ6dmUaUxYF,0.00154512,30.4,0.00154512,31.05
1CWr6fj2g4EpUkwbGjErpUiXigMyBSBCFx,0.00163026,31.26,0.00163026,31.04
1A4B34N3KLX56PAkNSxk5QX4cGpyXb1dCQ,0.00162782,31.14,0.00162782,31.0
18dbuFd5wjdrx2Q31hg8qiT5pHEmrBYCeX,0.00181321,31.02,0.00181321,30.98
1DcqgopSCZxg56KhJmpVGnTGQm4cU1yWws,0.00080444,30.94,0.00080444,30.94
18atpmsLiVGuudgmdED1PzMerdTgEipgtv,0.00112371,34.76,0.00112371,30.93
1AkDHpkvym4cp59CERgjKFbhpg2h5Ghv7e,0.00153598,31.15,0.00153598,30.91
1MiR1N4p2t3VqxtoRMb2g6tQg2LoKairZy,0,0,0.00153322,30.9
17dNctDqWtJfkdrkh8tDaSVK4yox32uFUo,0.00152834,30.8,0.00152834,30.88
1CJ8XbySPWhLorbKqv9JTMGH34qq7Duxod,0.00072423,31.9,0.00072423,30.86
16Qw9pXDXrYovzLvjxGq84y6t1VDRoCabL,0.00142462,30.43,0.00142462,30.84
1PoKUJPybyhNkx1Dub86bc3km8mGCifFPB,0,0,0.00161797,30.83
1EkeC2CvKgH2vDcV7HHctMkCo29zmX4CDF,0.0018537,29.25,0.0018537,30.78
1FxXUmzs8tCUWZcV2M1MjQ7tCFFW8gWPyv,0.00246879,44.26,0.00176353,30.76
19NnBNhKu8M6SPq6B3rq9jAWj3Z1NR3mB4,0,0,0.00179111,30.68
1Ggaq2QRisLWc6hwqmVuoH2DGECesgMomb,0.00125502,28.85,0.00125502,30.68
13C5jKkaVBDxyA6MVwJ7VUNoa6Jz4ziMNL,0,0,0.00142434,30.65
1HeWm6M2FaD6RmPia6Sw5zrmgEk4xyCRSM,0.00188233,30.64,0.00188233,30.64
1EhdfnsRRPZ4Sv9cVqYCk4vtf96cVr9pZi,0.0014474,29.45,0.0014474,30.61
135tjGBwANLbUaEiH4PD8zPjsTDVhhTc9M,0.00125057,28.71,0.00125057,30.57
1ExPhok2PM9KXV8QkD83C6u8g3ex6KDcku,0.00178395,30.04,0.00178395,30.56
14dixYjXsKbMTJusAELKy2F1msT2ALKf9j,0.0018111,29.97,0.0018111,30.52
19kumfB1pX22a8GXq63fGMUY2uNdKCqwtn,0.00145,28.98,0.00145,30.51
1AFFcHfCiiEcpvrQMN6sqbUzJftGqKup1Y,0.00159,30.28,0.00159,30.47
1MoL2tKt12gEVPah31FXsu6mG1gy6fKM2w,0.0015897,30.41,0.0015897,30.45
13x9jJ59sZhEq12ZWD6ahjUckFofj37H6s,0.00184851,30.42,0.00184851,30.42
1BFv6kQW6HzVhhPcgbUABua6natDhk8BEP,0.00165269,29.2,0.00165269,30.42
137LY6vHMCuaSvZr2BdF3AfzamH6RzxwUY,0.00145907,30.31,0.00145907,30.31
1MRxw3tp6u8VQ439fbTgQ4owujhTK6Fdqn,0,0,0.00164103,30.3
18juMbQS4X4KQjEhq8nYgUGyNSEEsWX8dj,0.00143773,30.53,0.00143773,30.25
18KPNM5KejErJ3zzS6MZThu5RWgpQuF1FV,0.00158702,29.85,0.00158702,30.25
1Lpb1ywJaNLYJB942BECQVVYt3ftNJQcvV,0.0007605,30.0,0.0007605,30.22
1BcWCXxAn8iLcwdmy9K2QzYNANRwdQmDBE,0.00176294,30.13,0.00176294,30.2
19QWRq3KM28kbJPCQ9jx6i5FmzMJVzzB5j,0.00151261,30.49,0.00151261,30.19
1MuWH3V5UWz2Ae3zu8Rqv3Q7cRMXD5hVNB,0.00101217,32.12,0.00101217,30.17
18kU5GgLdhEraqzr6kQhsshgNmjJdjjHo1,0.00066277,30.67,0.00066277,30.15
1J9XJuJtgpXVyDHeoeZPZzfsQKXjfm3dTw,0.00139295,29.76,0.00139295,30.15
14oYYwVyUbgGCBQhktqjRG6y6taHzG9r2t,0.00182268,30.32,0.00182268,30.15
1MhQm9hCDJBawNUMjCgNZCHcHqQMvzqnfT,0.00156452,31.2,0.00156452,30.12
15xQyC6XsgJXP6cE2jXYz5n8crZLzAFhiQ,0.0013995,30.11,0.0013995,30.11
15xTi6x2KcH3ku5wCWWn1wgjDeWcq9u7ZL,0.0018191,30.26,0.0018191,30.09
124i9R5H7uhhRNRqNtAv5YST8apFf3u6ym,0.001,37.63,0.001,30.07
18FBX3A5MhK6UnYFZQ5vjNmo6THryYU4X5,0.00157747,30.07,0.00157747,30.04
1LvbVPN8EefCe9TcKNFmVcqwE5eJaRsYfh,0,0,0.000683,29.98
15un2VLGndLU12X3mkZZLLokbNkZmBNKxQ,0.00181215,29.98,0.00181215,29.98
1M6XAJtR2PTmzrvqMnJTd6WEir5FBotHGK,0,0,0.0015733,29.96
1KZSNcmJuH1UnXETrLYHN3R5HKVXvUJXoX,0.0014165,33.79,0.0014165,29.94
1CemLVPmC7Tn1CDQqwLpwax9Vz3hJmsHfm,0.00149755,29.97,0.00149755,29.94
14txYFYqFQrhhhVkHxR5V6vNgTgSr4xkgj,0,0,0.00157097,29.91
1FMvcka19owjwMEetoZyjMSbtEwufvG7B8,0.00155,28.62,0.00155,29.9
1A9GWWwFMTuEK9DWTQhBZ1ADt419xGrWwr,0,0,0.0017449,29.89
1EhaDVXj5niGjEwQSfU28hXZaapnmnHHKC,0,0,0.00073903,29.88
17N2YZwx4YzxGFhnDTHGA5Rsr1rbHK3UyS,0.0015075,30.58,0.0015075,29.87
1BgcrcZpyGp1ZoRy8Qz14SZVbik8BLcpKF,0.00139415,29.84,0.00139415,29.84
1No37YS4VTfG62PJwjLge7gFChfFVWEVg1,0.00181239,29.83,0.00181239,29.83
1DAnfCEtQzGadKvfrP3ArdKxN8zgiJ7EpM,0.00178567,29.67,0.00178567,29.81
1DJkDx13j7eGj7C4VRjAWoMUc2vjfFagdn,0.0014933,30.1,0.0014933,29.81
1645DAky3BHfUxb12hCpwE78cY7dNPo9ZH,0.00156474,29.9,0.00156474,29.8
13LGEB4QsTvAzLrue3osRJLrKxG25HjcMS,0.00123436,29.51,0.00123436,29.79
15V5dBXUWnViCnFPoEsErSD83p4z4qtTXU,0.00121857,27.8,0.00121857,29.79
14L75KG3nxnwrTn2cxKo3DattzFfpiDg7x,0,0,0.0015165,29.77
1HmxiACStgAKtUHqgB3mt9bqntvS7pfGsH,0.00179647,29.83,0.00179647,29.68
1AQkDuRDZ8nVL85TWbCxgKb6WHm1uykPCy,0.0010221,38.56,0.0010221,29.67
1NW2TNncWZ3XHAwTWbz98W9DdawfLkWkUh,0.0007326,30.4,0.0007326,29.66
1APzhjrMtYhW69ZwUUg8WDYazuY3v6i9gz,0.00146723,30.06,0.00146723,29.65
1PY2kufyDYiLeqayhR4Koj1gc4anG5pAni,0.00178173,29.63,0.00178173,29.63
16d2M2XdtkTf8Y9pr6BRKjE515cD7gePU9,0,0,0.00146299,29.6
17vAq9JX1TJ8BrxJAqyXq91jy9ysPzk82o,0.00126829,29.99,0.00126829,29.51
1PHRTHyD1W2PW2e6BYKdimwWAdrTcLz5ja,0.00153811,30.04,0.00153811,29.43
164xQgJnfunGfD332mz8WBuQoD2WeoL2oc,0.00176655,30.66,0.00176655,29.38
1KwnqvFp9AgihQYCH4Yfc4V5edwYeRXJHR,0.00119717,27.72,0.00119717,29.26
1KovH6fT5ez6k4wmqPNz9b96hiGY4ySZKw,0.0012535,26.07,0.0012535,29.11
1AKUxWZJcv4DK3Yxde5TkELpxXVv4CSpoE,0.00066276,24.99,0.00066276,29.09
1MP4wLxCDowZWuxVKUbVWuNfJGd783Cwu6,0.00091548,26.98,0.00091548,29.05
18MiUdkGRRq9PksxPHsdjntNKSp3deTEXT,0.00100732,31.24,0.00100732,28.93
1DKnrSpEWjSSEW3HbcN5RYui271M49Cke2,0.0015165,29.38,0.0015165,28.88
1AGWN8BsS15nhZj6GkeYR4bQCKRuR9U5Jw,0.00133281,25.75,0.00133281,28.85
1CVCi1h6dARzmvFXzdoaXMyw2PZ3wKfw5g,0.00065684,24.76,0.00065684,28.83
1CVtWVmaJvM7DeySJXHGrX3y529ScT9Vy7,0.00150923,28.81,0.00150923,28.82
1QFWNoQkeGcHV6xnzMc3Zfb3VrBdR4bQWF,0.00136735,30.27,0.00136735,28.77
1C2TQCDWrJuiJ5xzuTok5VLk6vVC33ibE3,0,0,0.00138365,28.74
1Eh8wdYEmWN4Bopz46nDLRUEwbKyUjDUTm,0.00117482,27.39,0.00117482,28.72
1K2C7yncoG9UbxB5DyysPGwgshwUYBiNrh,0.00117468,27.22,0.00117468,28.71
16avQwUP7SVyPgxkkbKNUuCbbAojotatRq,0.00135397,31.4,0.00135397,28.62
1Mq4RF5bxzHDKunxd1dEzhrZSkbPdDCpAV,0.00147358,28.61,0.00147358,28.61
17ewaDGgmrE5Ah3HW9oZ4eC7xugA1P3USD,0.00067775,30.07,0.00067775,28.61
1Jk4fRfWbg3mMpRdRTwXHSc3rbe2WVdSWv,0.0015,28.56,0.0015,28.56
1A9RrizGmKBSa1uhw7QGeKW1yzrCHdUNzr,0.00152001,30.4,0.00152001,28.56
15GBXdnBNre6SJw2KGoHQqgt2foNe4Lzi7,0.0014071,30.38,0.0014071,28.47
1NvFSas6MYZW7adn7mccHb3GMLsrpucUZq,0.00072454,30.76,0.00072454,28.46
1PtQWefvkoHGkyU1ms2VuNKAyktAn1dQq,0,0,0.00131958,28.39
1JFs6fEAMUGeVw4kyfYq6M54iqQetedDRD,0.00174368,29.12,0.00174368,28.39
1Arkqm1bBYa2V6rq1PQmWuiZm9RBj4Zxkf,0,0,0.00116088,28.38
1JvWSqdKXsCJSKHiiKrfuRZFShtq7nR6u,0.00132911,30.01,0.00132911,28.32
1KgsaZaC1LBeo3Lhs9HNDSaYcY6SAcH5jF,0,0,0.00173593,28.26
1HywTVRtia5S6YVdHzUMFDpFzBpUknAYU6,0,0,0.001698,28.24
1F8GDZF8zQjxYSqwE2C7raRWAFkwMbmSDR,0.00066883,28.34,0.00066883,28.24
13K2j9V8nXiNWMFFcXcoppHGjJ2e2Vsp4p,0,0,0.00170432,28.19
1CTYKD14e8VGngR6BHnjgJb37U3QCJw3w2,0.00063989,25.03,0.00063989,28.09
1Hncra4qees4VBW8WjbXGNd2kDdJLbu687,0.0009759,29.35,0.0009759,28.02
16qiPNqnsEwEh7XGo9eypk3ZQPiBG1fzx6,0.00132871,28.22,0.00132871,27.95
1GMNnJ37ieuwFSJSQMdY5b3VvjqfYUqEdy,0,0,0.00167407,27.94
18ASSKeW5Ph8bjWfL2XPVp8mo1gDgn4KkH,0.00132169,30.65,0.00132169,27.94
1HoGAUfZHgnYqre2QTZE5jZc49FWsgwuix,0,0,0.00138074,27.93
17ro2YXTx8hJAjaqQb6vE6qtS7RSbxW79E,0.00128614,26.03,0.00128614,27.77
15UWBRDJYmSyJ4HFpKCgCi6JhearstfMgs,0.00066847,26.99,0.00066847,27.74
1NLkfYeAA6zKfGFwVudwGskDHTFHUKa3UN,0,0,0.00130987,27.69
1HA9Ea7DZsthcQwFComp69EKyVu7ubS1TY,0.00138708,27.69,0.00138708,27.69
1Gem5stXfAXbdNMidjx5HbsHpm3e1mm7CB,0.0012,25.51,0.0012,27.55
17G9cNjeEo4vFFcKkCpm98HaPxsWHQtnAq,0,0,0.00157862,27.53
1LWd55PDhassykhJEmnMDorCUA7c1YFV8z,0.00163501,27.51,0.00163501,27.5
1QFVaZzESHqCc4Xag9WEox17tQXt3wkyFL,0.00139929,27.16,0.00139929,27.47
1EQQzkAeLDFPdF93wd3GQzdPQAdcVbBTZw,0.0013045,26.7,0.0013045,27.44
1Gvrz9XXr5u4LDcAoaXd41ELCcKba9a4JU,0,0,0.0016277,27.43
1NcjDdRXJmKdMyQcwQvQLbvr3DDA6KLRdv,0.00147753,30.42,0.00147753,27.4
1M1Dn4Zv8MAnfowvmjKeRf5ah7vvCTLukX,0.00129981,26.74,0.00129981,27.35
19TdeZc6PABi3onJyqJ53NJwxjLfiApR2U,0.00067924,28.09,0.00067924,26.97
1LgwAotUPZK1vqFWkyAPHXNQx2iW14HFCb,0.00497313,85.33,0.0016,26.96
1LqNZ1wNW3q7v4V3pdHJcfZkfes3Lv7sFP,0.00142708,28.3,0.00142708,26.82
1GKxFnaZsso5SXP9QzrVgEAfFEQ6RHGcZi,0.00138083,27.77,0.00138083,26.81
1EBiYtoygp6aFs3y4CeUMY33JwFxgpMYnc,0.00109662,25.21,0.00109662,26.8
1CtymFZBt9RwQEvi7aUGNhxFUpfqYG8jmU,0.00107621,27.78,0.00107621,26.75
1D5ciX6V9Y28hAZE52xqdpoLms1iU24fW5,0.00083949,26.7,0.00083949,26.7
1MdDxKToLTm3GZSUqDVKk6WVVJSebmQP8u,0.00059645,24.96,0.00059645,26.63
1FTKwLDVaKuA9pMnBHcuJgiWMRqMTT31GR,0,0,0.001361,26.59
1Cftd49nMsuiA7Bik9BpXMP7WQzbgYWdWN,0.00160428,26.68,0.00160428,26.54
19tDsfddgKnpQdjfvnSH52eGnsn5GyKMC6,0.00125523,30.24,0.00125523,26.54
19ABzhsVsWUkW4P48azsfWMTWDw7pqkBre,0.001412,28.24,0.001412,26.53
14N7ZNmocwFdZ4Mnx3Pv5LGupwyzTpVRvC,0.001357,26.35,0.001357,26.51
16Hn8wo98jqmWvSPUbkHFHtAn2uh139ejg,0.00060023,26.66,0.00060023,26.35
1Lsm5R1un4mYmmkso4an6Wku5a9zPNyzqQ,0.00091586,27.88,0.00091586,26.3
1FGZAgFUU44kuVKJweWbkaqySTuizNdHZH,0.0010744,24.66,0.0010744,26.26
19qTXV6MxbusqjcxyXJ4FexovJijJ9nBdA,0.00113068,26.46,0.00113068,26.26
1NWvZ9VCd2F3CVpNy3TmsErniexwAi8ZPM,0.00086437,25.09,0.00086437,26.21
1QKruPFexrB23sUn8SMgwEN3mzXzFWmn1F,0.00091152,34.96,0.00091152,26.17
1JvvEuHKcBvVP5PVxfaFXmaEEDn9WU1UxE,0,0,0.00130056,26.17
1DDsJzK5amxZqRujkmr2jBwwXsvJmYBz5m,0.00128804,26.14,0.00128804,26.14
1GWZDfozpAAbw79eD2CNC68aAuBzJ7aL6X,0.00132872,26.0,0.00132872,26.13
19rnRyNfAqCGbYwxR62EBJjq2JcDYDuxpb,0.00082281,24.93,0.00082281,26.11
1BPrwvV8NRNYLt9ZS5jtPnPy59xXsCyheY,0.00156786,26.53,0.00156786,26.04
1Kb2wUtexfwq32yTdrkuyBayMBG9ZJavzy,0,0,0.00127005,26.0
193bfgfmXgoD96ZWefn7XxebNRmQSHutdc,0,0,0.00134914,25.97
1AaMDGw2gYBz8eyXoVTtG2EaSNZcifvHpb,0.00067026,25.94,0.00067026,25.94
1JRmJuwdwCY5eQAveXYEQDXG8DxdiCWryp,0.00128611,25.2,0.00128611,25.93
15LwtKtbuBUtRHdaVjwYXFpeVwhN6Q2tuE,0,0,0.00122457,25.9
1BarVZSZ1ev2r7mqcn3kRMU3hsyELwyfZv,0.00127597,26.15,0.00127597,25.78
19avZK7UPSddi639dDrtXcMLBaL8UkWan4,0.00202419,33.3,0.00152603,25.77
1KEg7hvhdHKQmfencHuyMQsngh3HpzUakz,0,0,0.00129335,25.63
19UozFQMFVMkXUt9mFHPibaSuy68CEiwj4,0.0008012,25.43,0.0008012,25.48
18tQmGhv7L9wa72Nh27FihxJ7DfwBg6fXB,0.00152747,27.2,0.00152747,25.4
13GCYjYv8UtDRGPVhKfPwTqRjWsRKBN5YH,0.00062197,25.38,0.00062197,25.38
176SGxzZPPSA4MiYmWnz68ngCUcv2TJYPh,0.00145416,24.98,0.00145416,25.36
1P5j4StSBVqmxrCHmEPssDPSg5owjB3bi5,0.0015,24.66,0.0015,25.34
1NLjgXzRRCEvt1B5bMBrzoqLVe5ZibxNUr,0,0,0.00131273,25.32
14Yv7u9MrhLaHHgtLWHwkLHCPHSxGDJryc,0.00131164,24.21,0.00131164,25.3
153darQTvXKEmNiCPJ7vCcBJUvXiFNDsqw,0.0015,24.93,0.0015,25.28
1CDYb3MkTMEt1H3pJyU4PfX79ji59ceUgq,0.00149507,24.93,0.00149507,25.19
15m7qVju7fNnu2qKwiwpP86czSbdgSNUrq,0.0021772,39.94,0.00130075,25.14
15bbiS1Cfuaa1hksa1a5byDgq9AqXx2dVb,0.00131025,25.07,0.00131025,25.1
1Yz134j6gi7EVA7AoWWs9Rhiw93B8k6Qk,0.00079044,23.27,0.00079044,25.08
1ChtEoRrzFjRhXWeo3apVCQPoM7QzagAeJ,0.00148384,25.07,0.00148384,25.07
168sSfRWPTdESHdUXoFvBzyDaR2Cy89ycm,0.00102375,25.02,0.00102375,25.02
1MhcM3SmmAgWYEpG9TfRJcXfk3tyg7omir,0.00115783,25.04,0.00115783,25.0
1JJ661S5gMvKsUL4uMbPnsz2Giv3VM8nqG,0.00148,24.94,0.00148,24.94
1HiLADtNxSLLaamsA4MtU4ZDowP33rXckA,0.00128997,25.25,0.00128997,24.94
1DHGWaJYksDsTP9MaCyjS7omwtB61XG3hP,0.00124782,25.15,0.00124782,24.91
1FVXMDfiLbGn8B5jcJF3vURJqhPQiFCKjM,0.00130732,25.0,0.00130732,24.89
16Sf84S6Pguab3jGinT24AdjHnptJVWpSK,0.00145698,24.95,0.00145698,24.89
14sTWzkWfW7LLRzxZAZ85CqLzMwt9JC9AJ,0.00150168,25.09,0.00150168,24.85
12HKdfS1Mhz4XNYUJXLz6n4pUZLtTaySxc,0.001303,24.99,0.001303,24.81
1MMm35mTbBXXNJ4yMMXzfox9xZiXeXEvXR,0.00132,26.34,0.00132,24.8
15NuZs1wXXt1hHXxFqu7khSwJbukNQ5YVv,0,0,0.0006171,24.73
1NrSj9nQmzaV27ZU9KS8sD7D1KmHJnrHW4,0.0015036,25.17,0.0015036,24.72
1M9HF3p9Uj5bJxcXPDk1vxfia5C9Sy4ZRt,0.00121667,25.27,0.00121667,24.69
1FqDU8Dx5z59iyUyeJTaV64VhqZj65EUcr,0.00121898,25.43,0.00121898,24.67
18X1UCFDhkiXL5p8hxCN9AijArvTsimYgv,0.00148422,24.66,0.00148422,24.66
15ttGhLEetforJXK4R1dRhDWATwG4BKSkF,0.00128685,25.6,0.00128685,24.65
1NoXhKqyU8uuG4ggXhiRqqUGezPSEtsthT,0.00081152,24.71,0.00081152,24.6
169EvHJX5k23as8DmxbHN7WPaRt1z6UgoR,0.00132576,27.47,0.00132576,24.59
1C6rCbdMbkazua3XuQYfChJgpw4um5twti,0,0,0.0014615,24.57
1JCBwW6AH1LXAAcp9P7dgYoU9ZUKCAkSNH,0.00148958,24.73,0.00148958,24.51
17hcLFM4thejxMsC5Xz7CmdKsX8g2N6go5,0.00144311,24.69,0.00144311,24.48
1CnmzRFFUmB5GM5kpyZXGV8JYbxmDA1oud,0.000538,25.32,0.000538,24.48
1JbSWS9fHCeDNvPUVjBQvU5SThBPVu34GN,0,0,0.00144729,24.44
128hizjXLWDwL6sTojdznTxTJXPMFeWNgQ,0.00141746,23.98,0.00141746,24.31
1CUnRWh7EYLUo6xQtA7JjkoNymM1XMm5yh,0.0011549,26.08,0.0011549,24.3
145hgW62fnUoLC1WbP9GukQHfiuYAuEZA5,0,0,0.00119953,24.27
15vYk12KjqaKV7X57UpaBMmXm8kjtTzfva,0,0,0.00127171,24.24
1DFkhCb2QS87p3nNjcsgkMHgsnwqbXquWf,0.00141609,24.19,0.00141609,24.19
13SVHT1bua8PxmmC1L5g5aha1bDJ3zWAwM,0.00080201,32.03,0.00080201,24.12
1MzQttUjhnWcDDSUJ8zksQYsQxSbNR6YYJ,0.00130642,24.12,0.00130642,24.12
1MJfGWAcQTAtr9pN8DesU5HxogrFVSYELd,0.00145447,24.48,0.00145447,24.07
1NzXjrSCTC21uSzFjNzoFZcaQdrXWVETZU,0.001223,23.31,0.001223,24.01
1Lb51GHzdCE9iJRCMMUsEy4Mkk1tnSTn5u,0.001257,24.25,0.001257,23.96
1EJPdmnH5Vf9WLfrSzK6Bb2FimMmx7u95j,0.0008318,30.4,0.0008318,23.89
19d1X2MLQvgpJoaw1Bjsrs8m5ZtctSoeBo,0.00083,25.27,0.00083,23.83
14NHtptKcENvaFcTzBgDNo6VUqShcHsTJL,0.00141994,23.84,0.00141994,23.82
198GWVdwoMBV6ikaVJgxBHwnmxF9t48ud3,0,0,0.001416,23.82
19NpsDopgkNEBXekWjEbiDtT3ED6qZfP3U,0.00143377,22.63,0.00143377,23.81
1Kda7TyGYai1sqyBtHy9kKWTnd2Bd4UpST,0,0,0.00113021,23.78
1Q1SPZCgHuXdYHxTvPFhkoxBJzicEDS4af,0.00101577,22.58,0.00101577,23.75
17jzgWunnz8id6upcKyHrXwvVBXgiJLmQG,0.00081953,23.53,0.00081953,23.7
1C8CFZAhDQ5BPbTVjTY1N8KZ9kP9Wesf9P,0.00060444,23.41,0.00060444,23.69
18q7K8ETDdAxxvqW6gE1pR1ZAScX1PVqvJ,0.00078607,23.64,0.00078607,23.64
1CTf5gqqWGHvtttcd8iVPninowForobi1D,0.00051925,24.32,0.00051925,23.62
1LiWaFDcZNco7jpnzZq9zYr5qogwisyWpP,0.00061183,24.32,0.00061183,23.61
1NXCQZ4EWJjEcmshshLyMkoVoYzHSdA75E,0.00081798,31.18,0.00081798,23.49
1B4Ye7ZBK128PBCwXrqbhR7HuEoUBks4Un,0,0,0.00141928,23.48
1DV1wntJBRL7XHH4MR1L9BuccaWHMVWLfx,0.00095767,20.35,0.00095767,23.41
17e8P1dMNHPTRyF7yZkDoPfa4Vdchirpv8,0.00117761,23.83,0.00117761,23.33
1QB6ygoZ2yRWijUk4GFohazfjAbKpyDMNa,0.00107895,22.19,0.00107895,23.3
1FYTF6nLGixeQ3tpkgtx68FXkDmUXsvaAy,0.00077433,30.77,0.00077433,23.29
1HaETaGG1NBrk346gNfDihucb2mtrJwNPz,0.00117486,25.28,0.00117486,23.28
18mwpWFLMoQZUvoqif9hv9DocrzVsv28H,0,0,0.00120323,23.26
1K5JnMBYSZ1KjhtfkwRfHgFtNcsgGaBxGZ,0,0,0.00107383,23.25
1JH7ca3hTHnnnBv9GyH2792ySGaGbHB7NX,0,0,0.00058343,23.19
1PJzj9fwJpy9tGT5uPHHxU3GNBywmjXUGr,0,0,0.00052655,23.11
1BrihstifUNMJ4siD4q9zyK3NZYtCicNi4,0.00079021,23.07,0.00079021,23.07
1HpJxQNjUtLzijDYv6XVKLjCQGUb5yL7xx,0.00132239,22.41,0.00132239,23.06
1CwZiRgYuBUGhpkXXPcxWBzpQstATqyafL,0.00138787,23.48,0.00138787,23.05
1LJ11x396BSAqR3MdZjKEWqtsuVpSkL4W3,0.00136635,22.78,0.00136635,23.02
19hPjhtT6RdLgz92vXsaa5u5FFygRSVJa9,0.00109179,33.98,0.00109179,22.97
17DfAWzsGv9yhNCNtg9KyLhm7hGryAyTfy,0.00079782,23.99,0.00079782,22.91
1D82dhKPcSQEq78yWvSrEEDJvCQmP15QB2,0.0013812,22.97,0.0013812,22.85
1Jxtt2KW6SK6Ba6m4q8Uiwbn5ApSscG4G4,0.00076591,24.31,0.00076591,22.83
1JQA5zwWsJJdtYZaoeMFdUFcP9QQ6abGi9,0.00130836,22.02,0.00130836,22.82
19aFzJcJ1m7cuCpbsVM3u6wVSAZbYzqcpw,0.00113288,22.81,0.00113288,22.81
1HtG2aYNkfELiDyKLF5Fi91mXNcjM2Q3AD,0.00113068,23.0,0.00113068,22.79
1McCdRZejAB4UD2vzxF7C5CTLNknGE41Fw,0.00117827,22.58,0.00117827,22.78
1AavsXgtmSfmFGWRw7sfn755qcu5i73sfM,0.00071526,21.13,0.00071526,22.7
1P61tCL62qwJKMdXrBbGK6CwpvAw7SX1zW,0.00120714,25.83,0.00120714,22.68
142x6pYFecG61PqnchWmNsUvrWsoBY6Joi,0,0,0.00134693,22.68
1Hp9tcatvDpBXotBfPq1iN7egzjXoJvnHS,0.00137634,22.89,0.00137634,22.63
19XeHXE7pVtXdVuWUfnCbePDg2B8cm2Ef1,0.00135624,22.56,0.00135624,22.56
15qqLkZM4He5Hhd8Dx5prFT4oRZ6tpnKHh,0.0011,24.84,0.0011,22.52
19vkugsU3FBM1DUZnnE9qdwoHpzVVvaLp4,0.00056681,22.94,0.00056681,22.51
1BJheVKCAafCR6v41BFYn4wEJ7L7F9eg6w,0.00118175,22.64,0.00118175,22.5
1Grchp4qsniSFHJRrD9TSfsdMR5xpgc7bb,0.00051249,18.97,0.00051249,22.49
1C6DXfC7Frvjzt5SXgxQuUmDDdab6Z1tFA,0.00133127,22.6,0.00133127,22.48
14ZG3CYyCrDn1puAjPin1tLNMRZg6Qajay,0.001164,21.49,0.001164,22.45
12FouiV4qbTCxm81YXSCkCLm11tLsqpvqs,0.00121,22.44,0.00121,22.44
1468vFwRm3DYZdzqAPsgCrfg1kX6BsFHV2,0.00116,22.7,0.00116,22.42
16mdvwbBRjX9NcPPeB49Nyx9CDjsoDyEuA,0,0,0.00106549,22.42
149pge6fHgmuKSAmQ4VnHkd4GEuvmgPcPH,0.00078008,30.05,0.00078008,22.4
1FGuTqkJZL9MmtnKjdrbox3Wkzc1QmUE3R,0.001,22.4,0.001,22.4
1ETcgQrWuSJc5BgHQCsfnryYdqhcap7EXk,0.00106183,22.0,0.00106183,22.34
1EqsgptggFbYtrVbSdVAu98jQeCxwVSxEx,0.00091382,21.73,0.00091382,22.34
1NxegDR21QLNWewFpqGu4c2pjvW3jqFMFt,0,0,0.00134954,22.32
1KiB7UBL24fzHSYxszxiXZqsnSrxmFafvt,0,0,0.00091231,22.3
13z16CJLE87q9YRk99vz4GT13knXEX4DHP,0.00098432,22.1,0.00098432,22.22
14nkLxFHnGmMQFVK8ifBUCk8DnaWJw68LD,0.00093956,30.03,0.00093956,22.22
1zbN8sgX2B5cKdfoznGeSswdU8XBQaVHC,0.00133639,22.33,0.00133639,22.19
1Dbvvt76UrLJbjxiepJgGuVGHQuZ1ifGfa,0.00099,22.17,0.00099,22.17
1MEVXthFEtJ84CD7f7LeuKSnXG4rs5HH6e,0.00131523,21.93,0.00131523,22.16
1DS2dSjDFkdWN99hpEgw3g9hNfXbnmxcCQ,0.00052459,22.82,0.00052459,22.15
1BzUuehVC1fDzNbxkHcBqVL3CPZ8TdJCDv,0,0,0.0010988,22.12
1CUYCNArT5r94T36Arpa7VUFRfiTpiqUY,0.00076939,22.39,0.00076939,22.09
1D2GssKUQuRYogj6zNeuHNA1DKc9poDh9i,0.00051804,21.79,0.00051804,22.04
16iXAeXMa8wgzGKRzmNi7JJKZotXMT1DZG,0.00051133,22.07,0.00051133,22.03
1Qe2BaYc2JkMTsVjTc2E8ZkYu2ZU2erqf,0.00113881,21.87,0.00113881,22.01
1BUgSVqgJu4HZDpUoNNgP5pD9nPozZw8wz,0.00057,23.04,0.00057,22.0
18DCXRR7xzBoKQB8tf36u5j2z5i6vkVuvk,0.00101792,21.98,0.00101792,21.98
1LN3qJ4ioTXsA13X1QegTzoGEYxoErD3SX,0.00204523,34.25,0.00129998,21.89
1PPUpWTNuyGRvhMNJu57T5MPBvhrrbT5is,0.00131085,21.88,0.00131085,21.88
15x4Ks8q13aMRgKXDL6vwaQHT1Qk8G3fiF,0.00103447,21.2,0.00103447,21.88
1D38hYKVcqFx7JyLQbxK34b5GapURd63Qg,0,0,0.00113155,21.79
1ELBJXSkHGwk6u7SJngxGHLoWjQQmkEAaF,0.00054648,22.68,0.00054648,21.72
1LHnS1NSfTLEbzCzJW6Hh8GYY4kZtkGLpH,0,0,0.001071,21.66
1aNwECy5AHS2M7kVA3GGbGZChfVTXJ6QD,0,0,0.00113638,21.64
1Dp5RUXM3cN9QEMh4aC3vG197bRmx7REo2,0.00128,21.04,0.00128,21.63
14m9Z6YPYXkT7EgooWjkcQqmRH1LJ5ceYh,0,0,0.00123795,21.59
1QGQeBKJorYNXQpsCydxWmbrLfMBGcCEpP,0.00099979,20.17,0.00099979,21.59
1NPGVM4cSR6Yj7o3rhVLNGPM2DQJBQtymz,0.00075183,21.83,0.00075183,21.59
1NHVi5VCMrynoTVhEBhfLaVuazjiuz6h5v,0.00067843,19.81,0.00067843,21.57
1GQ5RsFAAsd8Adu56KHVUXA7z9prHWtDE6,0.00047322,21.68,0.00047322,21.53
1qx1aBCy7jjyKanzm7sfP4DvnhiVhRrbv,0,0,0.00109451,21.48
1L9ZMM7bXFGR19g3Yq6GnTzL9toyEUrwM2,0.0008,24.36,0.0008,21.47
12WdCJewwwyxXLeD9vMRCuNHhz9HZNyDxX,0.00129207,20.39,0.00129207,21.45
19u9cqh9X1nusrTJsE5XGdpwX5w52GHQQA,0.00108215,23.12,0.00108215,21.44
12icYgU1JDn9TwnQLjvHanXHGP2WgrbcFx,0.000555,22.47,0.000555,21.42
1FtU6KSumecxLxSNSBFWr7dSwp6LyC2PkY,0.00129564,21.46,0.00129564,21.32
1LS9n7Gq4Sricg5Dv7RtibZ5d9suoEmNrV,0.00054026,21.29,0.00054026,21.22
16LPpQUF5cq2kLTdwPvGD69gY15NEcad6u,0.00086675,19.61,0.00086675,21.19
1BDpyHZWXEENqHHR6gFQ7fFyd2xWLvidUc,0.00127491,21.21,0.00127491,21.17
1rV6TaECvXVk36DYqcDXg1CQj7jefAvDL,0.00086509,20.7,0.00086509,21.15
12iVU87RqwdgRQN47XJouChFJuWBoKL7ig,0,0,0.00110815,21.1
1y3zu5uQSpaRWN8RMwdrJ4m6bikeP2AeF,0.0008622,20.1,0.0008622,21.07
1J1CNrtRj77Ao1i8EB6HbwvRzqCVtWTYs2,0.00047985,18.09,0.00047985,21.06
1KM91t6rU2Q7SqPjpuN7gMStQnMygRS2nA,0,0,0.001247,21.06
1Ek4N1ZwJEWdVZgtic3UiwBGbduaEnXx7u,0.0011335,23.34,0.0011335,21.02
1JrAvm3ji9GhRFPmdrzpGyHjNqg2XUbw5N,0.00124651,21.06,0.00124651,20.99
1AnULdrVbvvcXqCBHCCtqGBtv3Sd4bhrYz,0.00102317,29.77,0.00102317,20.94
1F7TE8wQB6gFF5Nm8Df7asMSTPtk21bCXt,0.00103614,20.88,0.00103614,20.94
13qa1kUxCLVMj6P3MwDFVf5q9RAKy9fe22,0.00126534,21.41,0.00126534,20.93
1Q8rxkkuk8P7PdsCKWRDooYPe87XR8yc1v,0.00127167,21.15,0.00127167,20.9
1Pf5peXjg2zEsPD7ScCuDsETAcbNa2sYvK,0,0,0.00069214,20.82
1Cs8dv5zGWv5GyUQDfR4AQrigpZXV1tCZj,0.0010739,20.58,0.0010739,20.76
1GhyaP4gXEryXVahEKdbo6Xr8jES374c9r,0.00050734,20.7,0.00050734,20.7
1DKSxHe5eNcSGKAUzQ3eKGhh1jQibxjicS,0,0,0.00124247,20.65
1KFjPJDXyY742FUMSxKs89RoNj6dajJpEx,0.0010683,20.73,0.0010683,20.61
13u1WDVrFzA4Lbi4kHYLJUJsKQ8btQ3Wfo,0,0,0.0010292,20.53
12WJP5HHKXFirwysqs799D6u9a9fdM8E1f,0.00083786,19.69,0.00083786,20.48
14NeL4gbUGkR68TAKvjxNM7mpt79dZfBLb,0,0,0.00100812,20.37
1BfcnktdwxpskRrdK9skUDYAfM5QvyQXLn,0.00048999,19.44,0.00048999,20.33
1K78CtHgsqZgWHWGocuzaxQyaMHFYoPU7s,0.00118391,19.47,0.00118391,20.28
1LUiBTG57nBH9xxtCqDLywWygZwtsaHv97,0.00070612,21.24,0.00070612,20.28
1LCAMU9sRuZ6ATBfJNjydgtdJ2JygsYhiZ,0,0,0.00122491,20.26
1NLZm3H2cTz3reGwSnBwM31yFUXqQex6s,0,0,0.00096265,20.25
1CNNv3wXngoFznMT5eip9VBLQWGhJFrnyC,0.00067332,25.9,0.00067332,20.25
17SoqRZTGG3TKxiUQW5w3Sn6rWdsENAuYX,0,0,0.001217,20.24
1LKEkrbaC6PB2sXdfEF4tioCfYAskPNmhU,0.00093673,18.94,0.00093673,20.23
1NwpQQiKM2SK1ASdH3MQZ5pMV6YeNW9yx6,0.00097932,21.09,0.00097932,20.21
1JXVZMmX46976dCx95y78x6HopDgGRA52y,0.0011984,19.98,0.0011984,20.19
1JBKitTv2T6LnTcKqUy1prm2wQn6qz4RGf,0.0007096,21.61,0.0007096,20.17
1GuvsQ3hWuCiKEoRtFMxET983N3ZoAMjRU,0.0004432,20.17,0.0004432,20.16
112kZc8x78NtSYuU7QAU8U8FQDU9oDdvqX,0.00070171,20.42,0.00070171,20.15
1PkwtYiJ3JvbRjXUREHfxZBiRkK965Xm3m,0.00099749,20.29,0.00099749,20.11
12jMRuKCn7TQxCVvbe8GRDvcxKQFHPJVoy,0.00050559,19.95,0.00050559,20.09
19cDFKzbY1PYuRNt6FZP6gu3yWtZeE927c,0,0,0.00119065,20.06
16wHbvkLJnRcBNcExHk8BRFxezhU1CfBwv,0.00069843,20.74,0.00069843,20.06
12RpWwUcgdMPZVf9Rq9VoYQN9cWz6Lhb3x,0.0012114,20.04,0.0012114,20.04
1HukzivU5Dvd3d6RgCZaJY8xrFBuwetxfy,0.00096,19.13,0.00096,20.04
1NFiDbiC7AtZmEXgSZv6LLMMjDPpdCZYjR,0.00104465,19.92,0.00104465,20.02
1Nun4jkjXm2jCBLTrpNcxsbVYzM2G1iEqr,0.0011839,19.46,0.0011839,20.0
15Gd3tjHnUS1wxHbjDLChdankLGEVV8DVS,0.00100864,19.97,0.00100864,19.97
1C5wYikNzZxAcyQkoA4rNtMoGmFNEXyzWW,0.00045352,19.97,0.00045352,19.97
1LMUUxsw62jRmcX9NgUuKu46WYqMCgtuzD,0.0004534,19.97,0.0004534,19.97
1NkZrQnTwg8EAoq9c69BFRtYKTtykPjRJw,0.0012,21.36,0.0012,19.96
1837rFru9Ng5fNz3vapZvju4NKWfUcP25i,0.00046194,19.94,0.00046194,19.94
1J8juJG9akkXTcJVdHy43kjFFGfryCBd9K,0.00104712,19.97,0.00104712,19.94
1DSqhG1vgquenEWDU4mtUBZpqmzKDphzM1,0.0006826,19.93,0.0006826,19.93
15ShcL4Drn9J9t5uXnqK8DByEW7czkbQSX,0.0004524,19.93,0.0004524,19.93
12QP6FrW2SaZndR2nJTp7YcggzWU5AVA3T,0.00120392,19.92,0.00120392,19.91
15k35hz5QMVhBqs57k2Yv4QiySNSQJzLce,0.00104433,19.64,0.00104433,19.9
15U2r1p15MFdHMwssnzNxvpH4CjiqoD5ry,0.00120792,19.88,0.00120792,19.88
17uZGq4mWXJhBJfY3wt6PefZGRkkaBtD8a,0.00066097,22.91,0.00066097,19.88
1KoH1P4PNd7Wjbc97oxCFbeNNjz3nhcf9,0.00120146,20.07,0.00120146,19.87
1Cvwp2cfkp3MqX6W9xgnVDjGnyonpaBU5B,0.00103702,19.98,0.00103702,19.87
1Fh2ztqJdhC6aMGJKcyKfCcC9VvjhhpwfJ,0.00068711,21.53,0.00068711,19.73
1GmcVGCyfWrs9H6NLQ43ooRdrXPd1brLZG,0.00051021,19.59,0.00051021,19.59
1MEgMteDfoYyfws19DUhxf6gjwuiqVN1Sx,0.00068152,23.2,0.00068152,19.57
1AJAh7FQgGwJ75eL4jSe3WLJ4Bcfd9mDVT,0.00068088,21.03,0.00068088,19.55
19EFcF6i2RNKvgY8gyysY6ECwzhNXgq9n7,0.00113974,19.63,0.00113974,19.52
1yFMFuonZeZ4GpQHW1bZRdBArwhquoUPS,0.0006546,25.04,0.0006546,19.51
165Twa6KuhTAWKsDRTXin7o6Xhu6dPTgS2,0.0006122,18.09,0.0006122,19.47
18tkk39SjR3W29LxM743urm6CnCEjE34yr,0,0,0.000899,19.46
1NcCx9f9VjrG2cE9MZC469iagtevAoqbsr,0,0,0.00099,19.43
1FgdZ2Kitxoau1iLvVdkUBC2FPenE6fkTh,0.00083327,16.86,0.00083327,19.35
1GA8fpBfEwubzULv8VoNbND2iwj55VefaG,0.00064229,25.53,0.00064229,19.32
1Pt32YA6puRJ5mnNYFWH6DAKoBhpxydK12,0.00049889,20.63,0.00049889,19.26
1N2VTv3xjLt574azxvcwQX6RQYhoNJxjYt,0,0,0.00100783,19.21
18TKgB6M4dTfSTxCB9sVvTDyPoTGJBLN5P,0,0,0.00111337,19.16
18956V5bx9DX9s1t4FXDUDTVNUNqzG57Xd,0.00049418,19.95,0.00049418,19.07
1BJnHb4zPP4p2oYNsURRJiCSKy9S3bgGBJ,0,0,0.00115746,19.05
1Gbs2bTT7c61jKzJBxNtL5acnGnuQXdWRg,0,0,0.00101332,19.04
1GpVnjQvDC5V6YWhnQzGRZLduvAPbz4i4F,0.00161921,29.56,0.00109048,19.02
1MzEaDaHw68bdwtH7RhsYXo57LpcXeXymQ,0.00047836,19.85,0.00047836,19.0
1APVwtooqB9q1ESgndszKw8cZRP9PtU6La,0.00100938,19.98,0.00100938,18.97
1L9qv6BoUwdB7YSZnZzSpmf75quSuqPwf2,0.001102,18.88,0.001102,18.96
1NgYrKE1M2Wz4PmEZB4zVbgvYbJLZ9mqWo,0.00114585,19.03,0.00114585,18.95
1A9BAgg98R7rtLzFQpdr6fUi3Wn6cSrYYJ,0.00059886,24.42,0.00059886,18.94
13WtYLwrWnhLpL3L8pKt6s8rxzJ5qEifyt,0.00062973,24.99,0.00062973,18.94
1FWq7EBFE7UMhMU2EWJ1T1bJubhUCkyNao,0.00113833,19.26,0.00113833,18.83
15b3M4Wg5aseWU5VUuzpMAvbrPUiMEM5jB,0.00093,19.4,0.00093,18.82
19d4GP2psNHSy9V1QeTnsvaa7usNCX6NvU,0.00112898,19.87,0.00112898,18.76
14NHQADjueMEKjfXYGkhuXwkPHbvkJCqex,0,0,0.001133,18.65
1QAm3L5GK5TU41j5URuCYvb4BYJrhh9hcc,0.00076035,17.71,0.00076035,18.59
1LV3fiCuxCdSdPeGGW4ZRQUrNvTcDr1EXo,0.00056514,22.42,0.00056514,18.58
19ZJFcfA7kk4FtupvYDfBcpzmXYG8RjZ3X,0.00111582,18.53,0.00111582,18.53
17mMX5nq4mVHeeUjBT2HUF6AniphDUAnDt,0,0,0.0010616,18.51
1Dqzqgn2dhPMEgMJNjmuKdy83pbgGiHbQK,0.00097142,18.59,0.00097142,18.5
19TYGwoWB9efmmXiUCocADhJzyRDSorD4a,0.00040409,17.78,0.00040409,18.39
122aAbmbrnqS2uhMZvGPdPiTVgCnRsSfUY,0.0006402,19.25,0.0006402,18.38
1AUzE8EXvfa4YpdXLBv4ekWck3zxUV8Z1j,0.00057609,18.32,0.00057609,18.32
1BKaBnXdoxdueSqBMPzuv3u2z8ucAttEkn,0.00086422,17.46,0.00086422,18.28
19quyJeBF4ymUCoZTpYDCeZ2Ltu6JwDwQp,0.0004,17.6,0.0004,18.2
1Fvheh8v4L1mqK3NgYFD778RwarDeCaZ9M,0.00107064,18.02,0.00107064,18.15
1HVmic6twCupo3fP5ZekfkZrYfejuDm9r2,0,0,0.000965,18.13
1AC9jpgr1uagZJNQYrPWkMu8k5485dvBv2,0.00178097,29.81,0.00107323,18.08
1GekkeUScxhZawVA55qdibYzaV34XM97sP,0.00245017,42.83,0.0010359,18.07
19wAEjHi9tPnFdRJmJNGrEUj7PE7C2wxMD,0,0,0.00108321,18.02
13VMFMf7KqE9GhquzXaAmMaHjSJuKEqYeC,0.00080436,17.41,0.00080436,18.01
1HpcYdwivNZ8KqeFvSKGps1z4jFSybpjcd,0.00128589,21.91,0.00103033,17.97
15QZQHrGpVAT25wD28iG8ZoeXc75NnqDLi,0,0,0.0010785,17.92
13H8p4xo8PckFJr9Am3iShWeQdamPsjdPJ,0.00195902,33.85,0.00102751,17.92
1P8LaMoThKvjV8WPkKH5fpxgUDs8ssQk6,0.00077152,16.07,0.00077152,17.92
1FX5VxnWQiaWECnNJCgVoopvNSzzrjFdNa,0.00094033,18.17,0.00094033,17.91
1PsKZksW1w7eEg21nZoqoNTNk26P2TLEm8,0,0,0.00092646,17.84
18BQTrvserMph5CmrLAmk1DJc11RgkPvpZ,0,0,0.0007676,17.83
16p2bMSusSqQUnHqqjGHMnJysFxYzAEibC,0.00102017,17.47,0.00102017,17.79
1EoGgLSGiVwBJciAdUFpMD7u3RZib9ynRo,0,0,0.000763,17.72
1MuGHvb63Gvrtq18nQVRg3UsNtZo4W6Qbq,0.00104226,17.38,0.00104226,17.67
1N28sjQCKLLcA3HzYy6pNb3pJLJfRxLLc6,0.00058629,19.96,0.00058629,17.63
1967ajxoT9smUieWUdqozRfrwZpchaYScy,0.00101733,17.42,0.00101733,17.51
1Frf1yJ9NQi9Gvr1iGKfZNZovPQQU8Arhn,0.00103725,17.3,0.00103725,17.48
1DTiKuUuHrp2obTqDSiYtHW9WQsBXy1p85,0.00080636,15.56,0.00080636,17.46
1DoC9VoaqJFBUSBGGnzyuYzLgK2nRYRmJ9,0.00103249,17.45,0.00103249,17.45
1N35UcY6KnBDsif5PmTAZVcF5qtrCnZZ9S,0.00060595,23.9,0.00060595,17.4
13FVLzkFPLdMUEQawnWq1Fthf6bZRbEhhv,0.00101218,17.3,0.00101218,17.34
15cSgqfSuDFJWCoXwCvPrKA5YDcrQgnRKr,0.00089997,17.95,0.00089997,17.33
1PR2NQtEyDvVYHhe6Gnbrib7KT2iJm4CQd,0.0008,15.43,0.0008,17.32
1JaL24BfPSdckNNh6JxhPJHC8DBZo8sRL,0.00077201,14.92,0.00077201,17.29
1D1vBcQQHeE3465GKc3xHMD24aVgUyvCCa,0,0,0.0008194,17.24
1Bf1iq5ZVihEyCCyRQbDgJMXoNKA8z5887,0.00087687,16.86,0.00087687,17.21
1EqwXP4bEEaLStVXCAs8CRTncHHxCr5L8Q,0.00089737,17.09,0.00089737,17.2
1PpUvg3DZT9ZrXo2bkNW4U2Eaovgoyk3Uq,0.0010428,17.31,0.0010428,17.16
1FaKczsk5wDSpieTHbmKTKWoveMzFXjwdc,0.00059203,22.34,0.00059203,17.0
13nPXwWHjw29kZbTQZwJ915Kp6uorSNK2F,0.0010047,16.52,0.0010047,16.98
1hDGyET5YTQN4LBzL6LbLTS2DEJjJArPz,0,0,0.00079244,16.89
1P2zkDBt4sFJHrkUtDQnXP1p5zwyojZzBV,0.00058278,18.08,0.00058278,16.73
1Mmm1Pfb5Z8Y3TgL9VmaLRZmb3Z4WgKyuc,0.00058241,23.12,0.00058241,16.72
15Z22V5R2Vj515V6srdUKThiRqSnQxuC9E,0.00087233,17.04,0.00087233,16.72
1Hd9sk5nEksV538Y8v9VbaamFaBudQCWvL,0.00054896,16.38,0.00054896,16.64
1JSTWWBPmMHhwiQHGcTJiTjxkFp5Xrzxbq,0.001,17.8,0.001,16.63
15oToueLj72mqm7nTXxKjh7c1N6W3A8yBU,0.00101035,16.77,0.00101035,16.63
13LHpTYaZqTD5A9EL7PTPH3HrffC4nSaUQ,0,0,0.00099228,16.56
1M9Wr3Ewzcev8XDEWB4UMFgbTCjRZJczZX,0.00084088,16.17,0.00084088,16.51
19YBULkTgJvz4LxpDb2h1kCpv5dGLj3fmi,0,0,0.000708,16.44
1C9yssuJmw1rrGh8n1thEFS6vbodxJZacQ,0.00077435,15.72,0.00077435,16.38
1LdQ6Q6n3jL2F6WzNuRQ5HJahnHS1EEaJV,0.0004107,17.04,0.0004107,16.31
14WKdGsdZFSWJtWbrCHaksaDosYXDSw7ZX,0.00097981,16.73,0.00097981,16.28
1eqfQBitQyNUc4mRJvyi7CSXGa1cYQnoX,0,0,0.00076361,16.27
1KQrwsdvcHZJRPVzC7Tq2EQTZHqEfabxqq,0,0,0.00084525,16.19
1XKN8fLKC78fu7MXaM3cthjRc5npEXkoB,0.0009384,16.04,0.0009384,16.07
1AvDBAB9cJyECuaqgXG5oWcb9wXFfVvzp5,0.00076298,23.94,0.00076298,16.05
1G4DeAvZggFWYfN4yB96oZoXBi3JiAFTtF,0.00076092,17.11,0.00076092,16.01
1BxKuaKBbb4FEyGMPBcsL8NXuEMRLWdLrs,0.0005555,20.31,0.0005555,15.95
1KaKi7cYHs4Q3J9tAdPZvBz9X1BvZ8khxV,0.00095961,16.16,0.00095961,15.87
1Gz4adMcQPvdz57tts9EQMJDcio9qN2KVF,0.00053146,15.7,0.00053146,15.84
1BVKnCCei663SmGdnsuFxfB8ecB55ncq8X,0.0005476,21.73,0.0005476,15.72
1L3qPnw8VZeppPsGtfhYWfddT6nT9L3kC8,0.00091482,14.83,0.00091482,15.67
1Q1pZAzKM7oxQJ1vEe89uTAJmqiwPamDki,0.00091468,15.53,0.00091468,15.67
16gghZvYwKxCjaDNXbZKtcFdAAykEVjgLi,0,0,0.00053999,15.51
1Eat3zc5ubdsJSH6uy18zRjABk32UNy929,0.0005385,16.19,0.0005385,15.46
13WgeYAgahqvsJAuo5rEEtkNiVgVTcrN3r,0.00073425,15.11,0.00073425,15.45
17qut4C5bVdBjfjL5VuPH9CWMTkxSmBgHB,0,0,0.000799,15.31
1Q1DY4GN8fzzV2YRihwCnET2UiiTQzNgoW,0.0008,15.26,0.0008,15.25
1HoYpLBebAoNCLCJuPyXQWK8QhLfiAo8Kh,0.00053,19.94,0.00053,15.22
16uC2PMg5g6ZoGh2bEqxETgxFetcQMhN51,0.00087,14.9,0.00087,15.17
1Cjcfn8vfX3MSeFvCNDdZD6YHDRe1wxi23,0.00086684,14.59,0.00086684,15.12
1L2dwpcmuRQnSRpkLoqrbMyweUXCvuqAPF,0.00078725,15.08,0.00078725,15.09
12oB2CLdRp2Pun4JxLzhB2VWiyyL4kjv4E,0.00074883,15.0,0.00074883,15.08
1UA1tUwAeLD9VC9aSehP2ABJVzrYNUxym,0.0009075,15.09,0.0009075,15.01
1G9pt6aN91M6AFjcSQexMA2Z3cJshHZ1it,0.00071138,18.9,0.00071138,14.97
1HGussnJJwpm3SSDjgaVWmeFdQmyD8ogtV,0.00175515,29.38,0.00088697,14.95
17XP255U4CoiyGyyt3hDZPtXgvHGBHWdM9,0,0,0.00061137,14.94
1CxcF9Y9qPLaRZfwERe86sVm4mBPNmyuFw,0,0,0.000779,14.93
1MNqomEEP8FtUpXNB8q8AarL9E2KSiUqF8,0,0,0.00070572,14.92
12JRBJ4PoePAvn6c6S5EXxvs8goEDLmBKn,0.00037111,15.65,0.00037111,14.87
1D1FHgHjbKTuNvDW8bgCnmVjd59UA5vEGe,0.00050877,15.94,0.00050877,14.86
1BbR5h3b74cxLmAeMTBRwjYXxDFpe6Hkid,0.00063928,14.96,0.00063928,14.85
15taKzgDwg75jn4i3UevwVMS5taLoyvgia,0.00063901,13.33,0.00063901,14.84
1AVoDeCXwZSktYkDVjXZiVeLufkDSbHieL,0.00060565,12.87,0.00060565,14.8
1E8EnwgQkqH1cxmP8LfRYwoySazPrSYcYw,0.00049644,15.79,0.00049644,14.8
1CQvPBVnqNc2K4swW5MmA2HXHmyLWc46hz,0.0009,14.97,0.0009,14.79
1991S2CxBJdDe9W2pfdU44iJ2cfU4TQAy9,0.00074477,15.06,0.00074477,14.75
15zECqcZSWWi5dN5Jb4jDFy9JEdZKUSP8C,0.00051023,20.12,0.00051023,14.65
1JpCVgUZj9c5sWkCBVUwBY4n85Kx6Wu6nm,0.00069075,16.79,0.00069075,14.6
1DaFuotyFGjH88Ltpqm6HB7UzvZ9Pz1vja,0.00087784,15.45,0.00087784,14.59
19JPT2GkkFHZWF6FszS2stS1UpTPUGg794,0,0,0.0008714,14.48
1NhfRTa58LZGqj7J6tdM3Z4kahjoZL4JjR,0,0,0.00073957,14.45
147s25LMrbeY6wj4MB7jReVMRwSfmPptyc,0.0005,14.51,0.0005,14.36
163qCEwogHenqzDpnhGPNqT14Wo7qfUwfi,0.0005,19.84,0.0005,14.36
1MtzKpT4Uq3Mmm63UzzNG7WVVgUVc4joct,0.00047757,15.19,0.00047757,14.23
18tb5RMY3JGL618D9ZpF7cN7JThFbuSqwr,0.0006694,19.95,0.0006694,14.08
1NRRHsjPUdhNtv4BgYHNbaGHiM1ZGaS2pM,0.0007174,13.67,0.0007174,14.08
12RZ1fmk5mu9M75Vq7yUcpxUoJXXfRus4D,0.00083468,14.1,0.00083468,14.05
19aUeWTjtDkTiaPyuN5Yh5NbKigeHftwLy,0.00073071,13.97,0.00073071,14.0
1MMTNP5fGJxTYbpRPLTBmwx4Y3ah3n7BXt,0.00057246,13.71,0.00057246,13.99
18bcC894g7vdjML1nysoMqcZhYNt8UieVk,0.00057243,13.27,0.00057243,13.99
1G5fhjRe2sYeN6rRsEMM6LfvvcwPDrmWhc,0.00072985,14.0,0.00072985,13.9
17AH1nHYMHjznXeutHJrcGgHCCxPvDx1MH,0.00083924,14.02,0.00083924,13.88
1Lg4BBYAoF7cNwLAnj3pTa1V1ESHAEjVQR,0.0006951,13.36,0.0006951,13.87
1Ac9xkGt7rVBXhc7ggWY8KwxyyPwHgJ5c7,0.00065464,15.28,0.00065464,13.84
152bHp6s5bLbpjmhEnB9mn7AbeacXjxkSZ,0.00056459,13.15,0.00056459,13.8
15CqjZekALTQ9c6KpyasRTUTQbFTLuXrq3,0.00065471,17.4,0.00065471,13.77
16iBqYzC5tbyEePiifYtSomVuyn5jQamxd,0,0,0.00065241,13.73
1YmqqMraEXNom5eyTM4EjsntwHMU9uCxB,0.00042974,15.71,0.00042974,13.67
14gCpxYAtAtc4azctKKH3Aq3HUxzphvMtk,0.0006434,13.33,0.0006434,13.54
12YxAZHBpaS5qV1sLyT5NKD6ft6itVRyfD,0.00084976,15.76,0.00084976,13.53
195m7sx1rMpmZSNk6DtJ1gk8cQf2L8agkc,0.00062485,13.53,0.00062485,13.53
1NAwW2H3KwGuokvt9833zgK7dgu2tdfJXX,0.0003381,14.03,0.0003381,13.43
12pKGUPruG6vLQmcypwGy36QEy6cA4eLEJ,0.00054609,12.91,0.00054609,13.35
1NSqScKp1X8bCfC5FN1XhBp36PUzm96D85,0.00070492,14.12,0.00070492,13.25
1PC5PK4xKTr3cy2Az3oi4eRw6NtuLhrB2g,0.00035363,13.02,0.00035363,13.14
1D25sD439KMN15TPcL4gNgxzf3YQtH6JHi,0,0,0.000657,13.11
145JJCvRfErtjCkf6RM4CUnTbTXcQfrWX4,0,0,0.00062251,13.1
1AYBRRsApzh7F4LZYA3TgxatXXeiPkgBS7,0.00045552,17.55,0.00045552,13.08
17K4fxNBo4cuBGzntDkAbas8gfsH7nSjSG,0,0,0.0005344,13.06
19MgXeF4jBZQafAnnup7g1L1ovdcSDC1oF,0.0006794,12.95,0.0006794,13.02
1KWbPuvW1JZxp2dTg1qe45wAAgUiMoTZ7w,0.00068457,13.86,0.00068457,12.86
1M5bjjggwMWasVNHBGaTzTozDkrJVK1DGd,0.00030954,12.5,0.00030954,12.84
16Hms8rJX77ADXJGVoRFKEq6f57CmVcVwk,0.00067325,12.84,0.00067325,12.83
1PPRwGUybJM2dBEhQgYzTcfVXuaCwsRwLn,0,0,0.00060884,12.81
1DJKCSmkkCPQZj6SU3f78MNEZMiT7TcfLs,0.00062933,12.64,0.00062933,12.77
1CdYA8i3Qesa51CcCQgBDtH36f1781u5XM,0.00077211,13.0,0.00077211,12.77
1NXdbDpoA4tY5riAjFbKRjw1LWqz1NZbeF,0,0,0.000599,12.77
1Ev1AocACjyvsahaFa3gdg81vH5GBgLEYP,0,0,0.00054822,12.73
1AFpApySvPL6VCWUXrizr3uuwHt7pTNS4E,0.00068461,13.29,0.00068461,12.64
1MayCEzKowME4LgHd8pYWHXKyt5ZyCoGU4,0.000438,12.75,0.000438,12.58
1MoMEA3BGDeMASTH3YUMzUQicvKiFnDQff,0.00058017,14.1,0.00058017,12.56
14H3Ack7QtRK2pEN5mUYhV7HeEv3aseQLY,0.00041245,12.79,0.00041245,12.51
1K84pBQ2mY96d1yPmp7Ry4KQyZXxtnY3fP,0,0,0.00051096,12.49
1DpXg5zmbxgXJ13nP6kSSQf86JWdjVXj32,0.00043006,16.6,0.00043006,12.35
1DBN5aG7qiPUP2xsP96Hn9jz7Lmb8K4znc,0.00056993,11.0,0.00056993,12.34
1JNRxq5TFTQNGwpHCS7bZKn42KCTudM49s,0,0,0.00074864,12.32
13X46w3EgRjPhR95joHry7weT1WfQU3kWt,0.0004269,15.6,0.0004269,12.26
1QzmzM6ZrvTNh6b6Uwc9uZTMsugFGSd9Z,0.00073743,12.27,0.00073743,12.23
147hzcRcWTUC51CeK7ZjptX2T4o3nmqcke,0.00063079,12.1,0.00063079,12.19
1FuMSmaUEx1yzmXdtLhdfhsc4joWaPJbPb,0.00062045,11.93,0.00062045,12.18
1Nb9kXGVrKTxzmgUL6ZdJbmAUWNyhJL3Zs,0,0,0.000647,12.16
15P8nQRB2a5UEUuY3UfWiHKh6VEdHVsg14,0.00070668,12.08,0.00070668,12.1
15nrzVPYaK31fW7ZLdXHFLBMFEKem3K6kq,0,0,0.00062873,12.05
1ANt8oLDGaRY2Z29EQX24dA8XWpjLZgsgf,0.0007556,15.8,0.0007556,12.03
15euL4XF9mjsZckWoowGtMCXcNyUs6WJaq,0.00072723,12.03,0.00072723,12.03
1MBG29Cm5K3N8GSWrYScXPEft13n3FPJxK,0.00053669,11.71,0.00053669,12.02
1GzpwUyuNMGjG6m9Ca6TdzorH1jrzXxeSH,0.00072609,12.01,0.00072609,12.01
16MXF6ZbU6VZNAfVUGFyEBeKDcmDiLzV3s,0.00072609,12.01,0.00072609,12.01
1PRPXTjbF7Bbyr3dBNnYKRuUw1n3prY9YG,0,0,0.0006944,11.89
133KEjrv9Zg39DqGZ9bU2q2zeL3QdMcFQm,0.0005837,12.12,0.0005837,11.85
1Foxmfi1tnEJ4eAmDok8kV1JSE6kv5TwNf,0.00054406,10.85,0.00054406,11.78
12R33tCZbb7mbP6Tzr6Vy8gA3qmxqaHvLS,0.00055776,16.69,0.00055776,11.73
1AdLmuZVerSmBCAa1Q5YGex5b1XdvUN9it,0.00060094,11.61,0.00060094,11.62
1H6dpu3KHCanEXM4XDKZ7Vwv5HHSV6o2bs,0,0,0.00061858,11.42
1PzMbjvwCRFzrT1T54SRFt9KLZiL8LHHz6,0.00057995,10.97,0.00057995,11.38
1PiG2v7nDngLUt7hYJMGRKGvQyS34CjeG1,0,0,0.00071476,11.38
1DbZnANtJALmAFiKHTjJConfupBtWcu7iR,0.00057823,10.94,0.00057823,11.35
1F4AYY3cZeEGi88g8R9XjGvQ3qmom2mHhY,0,0,0.00056859,11.35
1B777iGMu2rjqEgK1o83heKjE4n2T6RCAg,0.00053896,16.01,0.00053896,11.34
15HnytGPTtxBrH5aG2YYT1cg4gS6Udyf7h,0,0,0.00068706,11.31
1P9yrxygSdLMa6BBVGytygwMfkVvVB7suM,0.0002567,10.04,0.0002567,11.27
1EPuwMhW7bXsLDP77yBAcvKMosDpPYQvB3,0,0,0.00067684,11.25
17AM4972zWaxgjY4q4tQxmfoHxe67kCWiJ,0.00036274,15.01,0.00036274,11.24
1Q4Mq71zQkW36Ju8FnCFvs1cJukRhNHWwe,0.00058062,11.11,0.00058062,11.22
1QFQmPSkXFLHhvELUiBtt8vkGDF5TT3XGr,0.00038812,14.93,0.00038812,11.14
12hGdPcdyrSrW6iithwwPKq2iw6sFj8DS7,0.00049632,10.83,0.00049632,11.12
1J7sbkAgHgRiycKnbeMHnHw19wopNuhPhU,0.00038535,14.69,0.00038535,11.07
19jSrHe4apXdcbPQG4UHwsTmTDiXxy7uTR,0.00038183,14.55,0.00038183,10.96
127wxVADTsttcBssMcoFsHwmW3z5a5D1QE,0,0,0.00050616,10.96
1dZvwvgrVVuJERzmHe9EfYnX74YtRQbr5,0.00024078,11.22,0.00024078,10.95
1GTsJ2boR5jxQ4X7FHQXvGqgy1QVRrmdTo,0.00052015,14.89,0.00052015,10.94
14c34GqT2gichoXj5WaLvqPsZz32MpDUbN,0,0,0.000503,10.89
15StMg7msX6Bjd5EHGyiT6vrjDmuzgjTTB,0,0,0.00051336,10.86
1PLmmvqY5hxTz7tTdFC3jHWsBzszFzPiiR,0.00037094,15.04,0.00037094,10.83
1PuSGZF7Y9UaQZGcP8k8VQeJRVA64eg5uy,0,0,0.00055995,10.82
15s9jDwJt8xe2ztaHs82x2MwMtPQUzzS3b,0.00065418,11.05,0.00065418,10.82
19d76DMkJpwED9V5Jq14M491R1GmrqzsuD,0.00034013,9.93,0.00034013,10.82
1Pnf87md5VrxPTQHDo6WjTrnPddxzj9An7,0.00049522,9.99,0.00049522,10.69
1GXGGiJuBvAd46e9vSfrxy5XoCPLbEBmpq,0.00055282,10.73,0.00055282,10.69
1KtVgypCkhtw8ddBijt7L9L3qcpng9a6db,0.00043435,10.27,0.00043435,10.62
14khjGTYRXFksTgYZLF3Zu2etWMrCai6g7,0.00061595,10.12,0.00061595,10.55
1gtiZmS7vj18J3xdJPb7KWBdPHzJTzeLu,0,0,0.00053591,10.52
12Rc2aVb1cDXK8r5jjx2ckwxYw8ZmqsPFt,0.00032889,12.02,0.00032889,10.46
14a4NuGHUyY176ePAad7dUVYL7hheyyyPx,0,0,0.0005395,10.43
1HLEdsNFBPu6vMBR9LGooYujPVBedXAqni,0.00036264,15.05,0.00036264,10.41
1MrwqwosxmsBKfPgdirUPtunHAUvCJoYDo,0.00046427,10.0,0.00046427,10.4
1PKXknpVJgWmmkzGXp72b19dK836v1rs25,0.00042528,9.78,0.00042528,10.4
1HffQqSeH6dNyb2cLpjctvK4WXBjYZsZsL,0.00036013,14.89,0.00036013,10.34
1J1mGkNvXi8fYc5LpNhtNu6YcEZi3Labfz,0.00051802,10.0,0.00051802,10.34
1B66Sh43f59yhK7DQJwFvwMjABFvrV8AUS,0,0,0.000476,10.3
1DGmnXnH3tApJ9yX5K1AmxBJXAJLeQkMWu,0.00027617,10.07,0.00027617,10.26
1ERhy8hY439jZmjGNKL44RdkX27QdCXR8S,0,0,0.00034346,10.24
1F4dxtvY7HRMjjmzpsBu9PXAZ2ufHShu4G,0,0,0.00047875,10.2
1Aehj9GpEG7c7jjG96gKm61DkgAgHrYEgt,0,0,0.00046885,10.15
12ofqbHF88z5nVoq3JJtnxj5bhd3u5hST8,0.00050521,9.74,0.00050521,10.08
19oCCxfZrn7AXYq1WBYBu5Z3r34HYrTZCA,0.00058835,9.98,0.00058835,10.08
1FciWghJpjxsH8YzNKCaDctPp3AKVKeo8c,0.00027085,10.06,0.00027085,10.06
12dVXD7ivxxLtvDAALpAdzLL9FWPfLYQSZ,0.00033554,10.0,0.00033554,10.0
1Mk6UKZuJfkseGRB9uBWUGiSwJGazzPoNY,0.00022759,9.98,0.00022759,9.98
145416qXLAiJriHoumxHxvRziosJVZfNZZ,0.0006055,10.0,0.0006055,9.97
1QEgih5dWwVAhuVVXndW4FeBt1MJkA2CaJ,0.00048674,10.11,0.00048674,9.88
1D3oS7SM2aLSHFVPodrW9RpMsWcnzELgT3,0.00059446,10.04,0.00059446,9.83
14HbEsr1G7HFBaYSGNb1mUJtguLEAVS3g9,0.00046,10.39,0.00046,9.8
1E66YqoWHQFtRhvtZ4SWVZ9A23rx1tZqLr,0.00046419,13.48,0.00046419,9.77
1LboAKrAp1G6Z1ympuynND2Kz4kBCCpwV1,0.00033511,13.9,0.00033511,9.62
15GKg8hdFpjtesirpAykKt3n5PCTNzbVTk,0.00030252,8.66,0.00030252,9.62
1EdG9rRZ6w4eNFZbgMn1BmJDpoMqPSzgtE,0,0,0.00045097,9.61
1J2xKwSkUmHcTzDWX7xzwpbJBRjPyG1r68,0.00041085,9.22,0.00041085,9.54
1LojwNV5MdeWoWfjf9SuFr24M8eRCp8WMA,0.000417,8.92,0.000417,9.34
14mQJeWke8J7yAKspih1RU6PYjyDMXDWu1,0.00044275,9.96,0.00044275,9.31
1EE2SjYezZqyoJz212oDf9jKqRBiZDXkYF,0.00031626,11.22,0.00031626,9.24
1JQRHVZhR9eWNWgAu5m43GEE24k9Z1nrnN,0.0005,9.23,0.0005,9.23
1JXiUvBzDF6eCzBT6TBUUHJsoGZfMTgSDA,0.0004374,8.74,0.0004374,9.2
1CsEJUbzvoRZQLXgBTDxWt14M9StGwaTWU,0.00031028,12.24,0.00031028,9.06
1DXs2yX6GJygD5REmYM5xMdSvJF4iLTay,0,0,0.00052463,8.99
1cnCmpedjtPAkArfX68Z1F4cW9svZfBKh,0,0,0.00039318,8.81
1EVF3t2s7uG5LtZparzmvEtpLxMuNGgrWB,0,0,0.000473,8.73
13mi3mhjEjuU9fxbWXuuJcukXDJi9H5c4M,0,0,0.0004358,8.7
1KjkCRx9inaQkojjrsBbxvRXdiKZTWnESY,0.0004011,7.73,0.0004011,8.66
1266zs46kdxu6w273x5i5CS5KjAGJadYrs,0.00028432,8.37,0.00028432,8.47
149nM5GM4dBJutXoAMTXCxBgJoURD4pGSt,0.00039636,9.18,0.00039636,8.45
1BX2nAMR4UnVP4gY8WKk4H7sFQA7ySiDZK,0,0,0.0003768,8.44
1Kh39XP8PDLQz66qwZPHFVh1SQri2qrhQ2,0.00028272,11.69,0.00028272,8.26
1Jo1EqAAyhVCTLSib7n2oV6HX1JHAaJL93,0,0,0.00018941,8.24
1ANg7wzi1dkXPTBiHZfQiTH37HsPLHA3Eb,0.00033576,7.99,0.00033576,8.21
1MBZr3cGyGA1VybVFJmX6EDzkMT5EH2x7C,0.00028047,10.58,0.00028047,8.19
1PmHFaxd3uqCYCKWNWnTpYH1W1ABA5P7sU,0.00044235,9.91,0.00044235,8.17
17ujFn3ZQaEzve2GV1hTjQ64BkRDUVVuug,0,0,0.00038703,8.14
15ZLBuBGMthEcAPkZzeZfGGo4Ap53JBKiF,0.00040785,7.72,0.00040785,8.14
179SRGVbz1B7McsMA9Tc2x1yrAZiQjNJCb,0.0003782,8.49,0.0003782,8.06
1NaCPyH3TSiZpRgUqHVHYb3CDPy2wEtRxL,0.000402,7.89,0.000402,8.02
16WvhDEJRuCnX317PZJJZYBZ8J4edpsxxQ,0.00048419,7.86,0.00048419,7.97
1BYgJi2NZvLqpnoWTcR5DgZMW9HiVeKqn9,0.00041163,8.0,0.00041163,7.96
1DrPEiYCSaoErm2fKtvMKHUcY4fPEJVEGN,0.00041135,8.05,0.00041135,7.95
1Ggz9gCH9vm6AWpZ8phWNZxVJTcuLVc5S8,0,0,0.000481,7.92
1Am8Ciz9Uw3h1TB9CXP8EXavYvzjziSZMU,0,0,0.00027049,7.9
1CNW8wcAwjce59XD951VijSXADnVsUwZD4,0,0,0.00049369,7.86
1F1RXMmTKik38jA91pLZmhxfeLwnWMNEL3,0.00035,7.1,0.00035,7.84
1Ed3NPyqJD7wmuDgNYgiXjbVvjJTWLMt97,0,0,0.00025791,7.69
17k8t5vomipzt7STUJqaBk7AVBo89CZWPP,0.00026325,9.91,0.00026325,7.69
16W4sXxKDMMTfcL51p9HzPADj9A4cmmG77,0,0,0.00041601,7.68
1KMmgwpvDxs4aJPtb6fNazoA9hJM9Hmfs2,0.00036518,7.57,0.00036518,7.57
143FwByn9JNvRoe3YFUFZ9XKgyqr7f9U17,0.00043783,7.5,0.00043783,7.53
12Ex9aihSWwXAMuEUFw1XuL9ANHuKz4bYW,0.00030548,7.07,0.00030548,7.47
18nnxQHbvLL8RYNvdYHUQLyAEt1ZoYCJ96,0.0003484,8.09,0.0003484,7.42
17ZFBMw5foVe83nnsfJa6waW2to4H4yBxc,0.00024899,10.1,0.00024899,7.42
15vZnL8tuwWNazCeH7dpAETCZ3U9vUsBHd,0.00037625,7.25,0.00037625,7.27
1CXyyCRKEdfMoqi1UzeyR12yUPaexnBDw9,0,0,0.000456,7.26
1G3UczHTRXh5KvBZgYfJnuJrcGhj6JLvYc,0.00034296,9.96,0.00034296,7.22
1Fty6DVZG5ToqzzfPJE6u4fsmAtcqVMsvj,0,0,0.00034289,7.21
1QA8Jjr9JN6Q8mL7RFJ8d5xryZg3JmKcE9,0.00034655,6.96,0.00034655,7.03
1BpK5RaoQ6LAfHqdfiygTaBEVsM1THvh2M,0.00041832,6.95,0.00041832,6.95
15HgEmu1k2ezFh1Qx4yePMMuQQhdvphXt6,0.00018136,6.87,0.00018136,6.87
12FmtWATtEqhkeS5wXtztvQAT38foDS6MG,0.00033823,7.03,0.00033823,6.86
1QJ87gS9tT8QKApQkEeq8cosKWiFnKFKYL,0.00041061,7.23,0.00041061,6.82
17oc4Jq5DfMXWGcpzfmXJujnZXnBGRGGYb,0.00042696,9.03,0.00042696,6.8
16vPjUbLu2ZSFuYykSZeKhKkNYNaTP4xUk,0,0,0.00022757,6.78
1QAkuz4k8GTHSkngLaAFzaGC8iRebGEzyu,0.00041916,7.77,0.00041916,6.67
1KavxNo5min3we45N4R22KsKGbHTixoXrb,0,0,0.000332,6.63
1PK1dcs5ybBD8JULLKpXW1PSCMKhEAUtCy,0,0,0.00031567,6.41
1P1X1wcZSDbLUcEb1RCDGAkX3SAXBpVtgv,0.00021478,8.68,0.00021478,6.4
1CvDEABR6DXhTc6dxyJ7eDx4HsW3X9A7zm,0.00032345,6.23,0.00032345,6.25
15yaX8y81AQHfR3bphruS2M1nXkJFxJ7md,0,0,0.00030767,5.95
1FGjKuZ9Zpkug67GY6TNxGRA1tK5qLC1Bt,0,0,0.00035,5.82
1DLMuvVTH2ePLCY3BbjVdaWAXf47GsjnGf,0.00026338,8.02,0.00026338,5.54
1B2sBem6Ja9pPH8a7NZwdsmPrexukwL56c,0,0,0.00025656,5.54
18p63McGcwciMZDTUQNyUEupuTW9NauHoP,0,0,0.00027511,5.32
1GpLroy6xbWogRTT9mj81Wz1Sii4EayHsK,0,0,0.0001232,5.24
13fmvEqTFbgd9JZ6k5sWx8HAKGDw7pTMm8,0,0,0.00023306,5.22
1LhBWhef4BGdn1yx78Wvyq1nKYUkdR5xKK,0,0,0.00023097,5.17
1NBNQJvRKzDm3kKHis4PNTp9siXk5BY1Tu,0,0,0.00024407,5.13
18wa3uje3aeGkdG4t2dYBJRCPzYZSV2iuj,0,0,0.00025186,5.11
176BAA3r35BxQU4gERXF9gcr17Gvwg3XJj,0,0,0.000275,5.08
1JJHGrnHMiN3G1YmAJ3boCxQjnDLHJoJFt,0,0,0.00024375,4.95
1HYmhSQoAUcETYANRuKcabHLC9ssGxmLgF,0.00023507,9.72,0.00023507,4.95
1GqfPtNno5wCpxoWe3UykixL6poNMLbLUw,0.00023484,7.09,0.00023484,4.94
164UFKjqQxHSXawNtfQMVFGH2c8WxSAqpg,0.00022754,8.58,0.00022754,4.79
1DPTh6gpk6BoAaYFbkq62aLjKPQrHBZcBu,0.0002267,6.77,0.0002267,4.77
1CxpqznP43pTovDS11SrPcWdWkLPJDxBvh,0,0,0.0002217,4.66
16dPRTWa1936yGh5AFoZKhj3o86hz11Pud,0,0,0.00026609,4.42
18bKqxFGxfttQbysgAiGUg8qz4Enw1kvH,0,0,0.000189,4.39
1HMutqNR5UYfVrMxqNauJXRm6AUuPxdrcW,0,0,0.00026267,4.32
13zuRnWHU8WV5uom9Hv4Hi82dbT2ycqHLX,0.00020488,7.88,0.00020488,4.31
18QFGGmGnJgeDZYXjqnnEwS88gmRhrqciM,0.0002,7.94,0.0002,4.21
1FAtygjjzWuugBJ77ZyZU6iAsEjkPqwyRd,0,0,0.00024218,4.17
124xqCjkFZ5jdDgZPTXPDk8vzxHJ3CZ91V,0.00019771,8.02,0.00019771,4.16
18KHEpdXRSbXnnVhD8jgJCotj2tEHKEekP,0.00022071,4.94,0.00022071,4.07
1NhKLUL7bvgv1rSSZH3mqnPLy3WL4fusjc,0,0,0.00019019,4.0
1BG5hNoFFtyb9faw3jSpREWtdz6wmAfN1P,0,0,0.0001891,3.98
1FGnVHTjh8cQTAGFB6i4YDUmHhbkps6Nw6,0,0,0.00018,3.65
1EqR3cNrsSPHwrxw1d5SN6yEVdpthvqUkj,0,0,0.000194,3.58
1PYwaDUYwbfBsqw6TSyPWRMjVid1xxd4k,0.00016461,4.95,0.00016461,3.46
1Nir4oFk15U9LEuNUYjHoUBzsw3vAJBo89,0,0,0.000168,3.41
1HHvZKzYtD1fPs4fz1L9UX7Tg6czhDtF44,0,0,0.0001569,3.18
1LxWRjiw6ZLHw3SXgZYiuvPngWrCm2bjKr,0.00015084,6.21,0.00015084,3.17
131prBzpUWLVZaGzBdChMvqHbUYt4ZPFUY,0,0,0.00015243,3.09
1NFpztMHUaiSv3BFDE1PjZiVH3zCksg6n6,0.00014665,4.29,0.00014665,3.09
1DDv4cWkkxVjVWe9NK2WLNEeMJKK71kKGF,0.00018036,3.01,0.00018036,2.97
1PsnfmqNVaXiD1mBDPkJSAwxeSrA4CL8Tj,0,0,0.00013022,2.81
1GKLKKFJh5YizBQvY6YRXGozh9N2dVRzKP,0,0,0.000131,2.76
17J8ZrdRvGnRbgcqpw64AxqUdzVj7yfvHq,0,0,0.00012654,2.66
1Pb2Z2dCJt3zgEEvBANV8FsXP917WsckZH,0,0,0.000152,2.62
1KfAXfrssPRHpPRPAu7QeJmCMxJ88eZjPw,0.0001231,2.36,0.0001231,2.5
14b4MT84XFwaw9hCVv97Qk4ShnbA9KAXJz,0,0,0.00012135,2.46
1EHa3JeZxULi17kfa6p55ggY5EThc58bSx,0,0,0.00013296,2.29
1Q6vtCvyxi2nVzQdeGpjRYSW5ErPqtcuX3,0,0,0.00010133,2.13
16xjBKax4UXtE5RoukNKjfcPcPKt2arVHh,0,0,0.000103,2.09
1D5fRhJLgGMMAPTvdKwLmqrWxpBqYXvSyi,0,0,9.719e-05,2.04
1MdvAPcUUeKhd1Me7r6LRXTwoX6MvUD4Vf,0,0,0.0001062,1.83
1BgxkNFugodc62vjrnAV2XqKMxJ4LJBK1d,0,0,0.000106,1.82
1Gqk1LUYkZ792qBaLtMchqJ9G4LdSRsvmx,0,0,7.7e-05,1.62
13yS81eMZcuLZUupGFVstgaswYvxK4KngA,0,0,7.428e-05,1.56
1JcYV3JkbCVxx92DQvxfBxmHCFpkU7ACkH,0,0,8.867e-05,1.53
1HsKrjS4mCFsr2QN3TQQFSP47Hv3wcfyo4,0,0,7.5e-05,1.52
1EN2L4VWogkAgGpwj3c7gqR2DEUsGiYkGq,0,0,6.018e-05,1.22
1KszfCBCuPwCCu8iSnRjBGE483BpfVZkc6,0,0,5.7e-05,1.16
12irKjdtgr86aKmR4uqSF8g3iM5zRn3xLs,5.237e-05,0.99,5.237e-05,1.06
1HZyEE4XTVm7kyacbgo7Axn2gSojgdhkjr,0,0,6.174e-05,1.06
1K8P4jBxvwMRcNdBps2cqCnk23Dq5Jt41M,5.227e-05,1.02,5.227e-05,1.06
1vPEJCTXUYVW69pm76R28VgBvRdATZmrm,5.226e-05,1.02,5.226e-05,1.06
1FZd3euSeAibyqr6GLzmT4z65mBsEep3CA,5.182e-05,1.02,5.182e-05,1.05
1Bqxw4tvK7w5WUVyNwbvN1niW3Gyr8v1Yh,5.175e-05,1.01,5.175e-05,1.05
18b4ooTKy519dv62qcRyh7QUHuULXb8bBJ,6.072e-05,1.0,6.072e-05,1.04
12NZqG4H9YVC4o237fEAQX34BT3X1L7D6W,6.032e-05,0.99,6.032e-05,1.04
1F2ipc1szxJBPWmnVwEJu3Lgh2LPAzssLD,5.104e-05,0.97,5.104e-05,1.04
19zJ7BgdeMmxsH7uT2sxndEfM9Z2bvdu8u,5.101e-05,0.97,5.101e-05,1.04
12XvpLhU5PMYDwSPMCpxUaYR3ECrzKLiVm,5.827e-05,1.0,5.827e-05,1.0
1J7ihxEjVjYnjXsTrJ5c59sNsuubGoLJyD,4.933e-05,1.02,4.933e-05,1.0
1P9GSUn9jXRnpDmjPmjpKx7QWReK27UBz9,4.933e-05,1.02,4.933e-05,1.0
1B5h3VP6Fpt5j76xNyqwUy6StM9axi6ck2,0,0,4.916e-05,1.0
1Km6pwxv5LSUwC56oEGifqGdX19Qf2qWzp,4.594e-05,0.99,4.594e-05,0.99
15HNZLsDY3xB8N24saHsAHiEwbW8yMiuZn,2.617e-05,0.99,2.617e-05,0.99
1JvyjHTDm7kLat6JVY5DvaAp8Ad2TDjfy1,0,0,4.67e-05,0.98
1HQWUWSqScFpVjfyXfRCJxzFaBoxaTtMbk,0,0,4.83e-05,0.98
12AMHaxHnoDamBiutheuL4uVzWL4xAi3Re,4.669e-05,0.89,4.669e-05,0.95
19YiL6FHJrLG3J9BfGoSr7Chhws3Jyn32u,0,0,4.187e-05,0.88
1CTacaXXmk7MEo8xoCrWSGpAc1vXR9yC6Z,0,0,4e-05,0.84
1LbTZWbVr1V87GEuQojbAjgkyV16RXp2uY,0,0,1.439e-05,0.3
19yAtLFCS1x6TVwRgCg2PyReHSFdNbB2xM,0.000723,15.15,0,0
1LM84fF8XdY4poEwHMz2TKzKpTZvNq74v6,0.00518398,98.53,0,0
1MFS9sRWX9DrZtsK3rWxBpfep16Fdu4SsZ,5.104e-05,0.97,0,0
1Q7mZrLK4tggVhc9jfEcS6dHH26ZNitP6h,0.00662935,118.13,0,0
1Hye7g7Uvdu1So3aBbLyS97J8nwDtdxgbj,5.948e-05,0.98,0,0
16Uz1iB66KBGTPgeatLybNN4fYSE7RyHEp,0.00041504,6.82,0,0
1EC5xNQye4jVXfXAf43JNmTA3DTYY9zUwP,0.00071365,12.06,0,0
1BXAuwjJ6D393oLufF4uuu8DBkwAhXfKJg,0.00050622,8.49,0,0
125x9fbuStzCD3ugvLXrv8BJjVtBxv3tTb,0.00048198,8.09,0,0
1GJpgNcNcUPtCyECHVqxf55FWEcphUTW28,0.00044675,7.5,0,0
1ARAQfNRcSTzAESMANtq3GEh85Ze4fLzqS,0.00071365,12.06,0,0
1DwSFBhW9mmSw8hrT6Gd91zRZ8XaE3CzQm,0.00056557,9.49,0,0
1pko4yHBT1WYNS8ytYfP6AGDPDAoExEhw,5.929e-05,1.0,0,0
1EndMXjaqECEHzMcijy8YMGp8sNryrXh1U,5.941e-05,1.01,0,0
148TCvtat13xt15ZgTKzggswyvkTGdkQfR,0.00028906,4.83,0,0
1G3QEi2eyqVZ4nhmoLd5xNmMRKf1VbnQs4,0.00072629,12.01,0,0
1FpJcLsBPNH6WrpHz2sv73MuZzuPeFCi2H,0.00119729,20.88,0,0
1LXvs7KaPFc8xU4mFB72uJ4KS1h4yJHMbX,0.00136413,22.74,0,0
18n3BENV7UtLHNpZjtqCULSZg6M1cmPHzT,0.00528224,104.14,0,0
11HFDFtJhazdNZWdzkUj7u2dsAZwPzbKP,0.00041618,7.01,0,0
1FoVDihrgSTnEc8rQQu8m5c1PpHEZgUkav,0.00047563,8.01,0,0
192FPW8yRqL48jAwYwZipnASVsg2GmQwGF,0.00047563,8.01,0,0
1C9snduFq8UzGBwiPcf9vTpUeDTU79WCkU,0.00085761,14.45,0,0
13jJ33rgQ8nLTeoZead27acNiuVVKTuRMi,0.00172876,30.15,0,0
1LyLoMjUo9AGA1fg8yB4tESepjugKuGxen,0.00059441,10.02,0,0
1Ps7GsHHGzuC7BQHDBk1cVC9RXRxuCrnGD,0.0011621,21.02,0,0
1GhicgJKWXGpxQW4U1TR6UJSfZ6Mf9Rpi4,0.00077291,13.02,0,0
1MdTGVqe3nim4pxnXgMFzTALL4pTbDaSMp,0.00275338,49.92,0,0
19f4dt8Z2eFaWrEQdj5gj94LZR3atdwWoL,0.0017933,33.6,0,0
1NnPCwZnpf8kb7ucTVtPzJtqqTYZ43rteY,0.00082777,14.22,0,0
1PEu5bTiYVbVSWKGpXQtj7XF5sQeZCjFvR,0.0028192,47.77,0,0
12GTY1YnS2qb6qtdtSegSBxAJvdebzBNN2,0.0024,41.23,0,0
14WdD6weVSBJH3RXXbJYwKUNjoZKW3np7s,0.00288463,50.31,0,0
17gPM6DVseB9DLv2XvL2pqULXLhXooexNB,0.0015818,28.38,0,0
1CJHoVmE25zWB8you7hLFXuchFukWAKSn6,0.00437795,82.43,0,0
18WNn2QZ2ZtEayargfEtrcngNVtNQuA2dx,0.0004816,8.64,0,0
1CqfP9bT7ugA61vUVB8RVmKM2idA1SxnnD,0.00096828,16.89,0,0
1PhJSQ7Fu5Ggcv6WxzYpLoj4NXi8vonMdc,0.00185942,34.82,0,0
1LpX7JhWmBthQjf8j4kQWgGYBSvZbb4zHV,0.00156361,27.27,0,0
12cJE1nc94roKZouBKGJw69ntDicdihngj,0.00309,53.89,0,0
13XWvZrjR9uakmoA14GMCkqLixyWe8EZDo,0.00268807,46.88,0,0
177LQnhtR4Mit6y2V7ojT5CJ5UhfpN3z7Q,0.00201558,35.18,0,0
13PseGH91X21vQenniwCe2nEeMpbBm44Hb,0.0033984,59.27,0,0
1Gh2i7jo4ik657ZxXTTULxjb5hT25q7qGM,0.00228472,39.85,0,0
1DGiwAUMAu8AquNDCqtMSe7vhAcr7rvX7J,0.00109656,19.68,0,0
18ww4GK9QXKGxzsW6V4moXuQJrDafEtUp8,0.00251764,48.16,0,0
1CnCp6aV3iurte8P6Gp4a4wjKU37PwER6K,0.00167649,30.08,0,0
1CVgsoeDUzunybEshTych4goWkW45byFt7,0.00244972,47.74,0,0
1JqywAZhs9rgWxgHoJmuSXHV8Yeq7A5abQ,0.00105551,18.94,0,0
1BexDvUpUf6zzv5J9dHmbfBawzmZ9bPYqc,0.00206238,41.74,0,0
1JPoiNKKwZRawbHYN7WMhNUQtkvPnaUkCE,0.00126981,23.93,0,0
13fWnsE7sZan2zGBtoaTwT5NcQmEDEnwtD,0.00096149,17.25,0,0
14BFMiBbMFSDE88KNMo9VNrFTCpKjb2o3p,0.00095588,19.05,0,0
1Axu2kC1ydtiZx1yVV7KqAdtUkSmLy2Ky6,0.00110727,19.87,0,0
14AbwM3BqUEYxfd4mrzevtCxN1pMqvCjxn,0.00191487,34.36,0,0
1HVXHZRphq6NRykEWQaTF1BzuoP3W9Guzx,0.00120099,23.94,0,0
1MXjwTs9n1bgxSa8mHEzFKpknfb7UBA47R,0.00220891,39.64,0,0
1MdUxYi1C88eibBJNYw7wU2RH7pYhTNwZy,0.00144135,30.14,0,0
1MWNa8mPPa7W8Mrers8LZmRdDCe9ybzM6,0.00244431,51.02,0,0
1GP5sx73x6yWGWEGE1PLrL8wG6RqBnokb6,0.00133575,23.97,0,0
1LCVPwkAAQVaSBdBUShuq1PgRaNyqMhG7j,0.00131929,23.67,0,0
1LMqJX98jWdY6jG8WBRYPUu9s3KGfRWiuZ,0.0074364,144.39,0,0
17Hs2sdaM8yGazXsw4YJYW51ZwYQPmbj5U,0.00186626,39.1,0,0
13J4HbGFJ4bhogvfy9rbjTCYK9RJsH31So,0.00175764,36.69,0,0
1DRVC4vcwxmoKVz4TnSk7cwpvEnepQX8Kk,0.00440665,83.05,0,0
1QBvXXLMZpUeVdsFmitu7EVNu8wX5v8Evi,0.00117115,22.07,0,0
1PD1hx5z7WrmgcFktHEFuJTwKMXuZeY5jj,0.00749411,151.62,0,0
1PSmFXc8TvgT8FGyM1SF4HTfbpH8GG47g3,0.00964359,180.6,0,0
17rRxDd8DVFFyjvGaRh43WNpdhjePNKi2i,0.00142948,28.49,0,0
1CvM2ZTJRhqM3Hap8beZV6dXps6MWiY2oy,0.00176744,36.89,0,0
1N4s5gBbUpcYcRwDe2nCWZJSHdiR6p584E,0.00148826,30.5,0,0
1MCiRt8WasVPnvbNeb9u8xLyw4MZqRHSuG,0.0035454,74.29,0,0
1Bvqb5kNqrELs34egQeUVtswWbDqgaKovF,0.00117153,24.45,0,0
1A1dqrBHHXmB9wK6jnTXEUxinQQcW2Ravx,0.00587644,123.13,0,0
