address,total_in,total_in_usd,total_out,total_out_usd
LTrTVx64YPtewjhYjV7QigQiJZMJ1m9Hks,58.90507413,5867.63,58.90507413,5871.95
LZoMvCSbJctPpA6GMHZUWMqqb3CGrkYi3A,41.53679149,3843.97,41.53679149,3811.76
LZoiHaQoKaRND72yMyZqfowPuZSz4882bt,29.62685608,3445.4,29.62685608,3447.7
LWZq8fENz283Kdh5SBS5hFxtLgwDXbh5yK,34.33518036,3218.9,34.33518036,3216.75
Lb7CBG1UGZV4qzAF2u6zxjF9ZSPRdDQWY7,22.1116858,2388.27,22.1116858,2399.53
LKzFttDx7psDyQBXGeTG3V4oPXTbipNadi,20.84938614,2396.24,20.24938614,2332.56
Li3fyzv6txogD4AKDm5euh3JgDJDWPLDTK,22.51872341,2333.19,22.51872341,2328.93
LKWf2Y6PjeWLeQzMzRUkfJBycZXAYoPNRk,24.472,2344.14,24.472,2307.09
LfqueqxZF4gvxmNWecbKKMFnpGwwisSVxa,23.31325432,2332.59,22.75159032,2262.84
LdxaiqkfGPfUfgUsR8Jsp3vz1uNd1qZ1QG,20.02023783,2175.94,20.02023783,2165.11
Lbn96tE7qPKYPpTWv9bmWXvYWpYk8uRaUd,23.09257719,2031.89,23.09257719,2035.54
Lew8kxBdBgvDcXXPNawL2Jx4E8s1vkwrn6,17.63609284,2017.17,17.63609284,1995.2
LPFwC7JeCgsd7KH9rkGriw3gmLdHvFeEsZ,19.21880282,1967.91,18.78310081,1914.01
LTXijRMtR44wNnpFJregb8pc5DuxADkJN6,20.28497328,1908.26,20.28497328,1889.6
LLve5y9a6jLQD9rRowh1sv9cLycXiPuvXL,13.8219423,1633.52,13.8219423,1625.1
LiJ2kcrEjuxD4hyx3HmHue7twQBJZ981qb,12.07521909,1546.15,12.07521909,1508.21
LhHf3mUXYabD6ZR6kwyLDUav2GWcDDmF5d,14.93191954,1492.34,14.63191954,1487.98
LgBHVxPe45xHtWFjcCZqAPqjGVmmBC8HiM,11.94552631,1322.2,11.94552631,1369.8
LbS9UhTjtXtrs8wkZLPXWrweJRwPDhuAcH,12.182227,1311.24,12.182227,1312.92
LSDD1vNznb59QfjbBwBN8TDD8mXLSpX4WH,13.33703824,1248.74,13.33703824,1259.57
Lb9jHCiL621tRb33w6i2bGaWp474TBGo1V,12.26611858,1290.49,11.77098761,1233.59
LYEEj91eDMBUsovsWScNiUJaqApnwYFwej,11.19962554,1177.14,11.19962554,1185.86
LZWrZGhDTVff17uXZaz1j7iTG4DoHiZHeX,10.49522739,1186.01,10.30157558,1166.74
LQkwu9LSA9Lh7Zmvq2co4n3xhccTiNoG5B,11.0288125,1129.6,11.0288125,1150.77
LaUvefUPwYu6b7rtVt8CcmY8vwGDUjNowM,10.95967257,1123.5,10.95967257,1110.93
LSUPCBmJzQ5ngWW9oYM5grFhzoVAUf2NEc,11.2102,1083.12,11.2102,1093.48
LQ5UGDj3HchRtQg3jxwPXEpHCwAUdFYhMv,11.100251,1075.43,11.100251,1086.99
LNdo1TGFofM57MGgnqAno2UWHxwEQAQGxT,12.61726454,1079.06,12.61726454,1082.25
LQjE5z23K5JmxXbBd4RmGBidsY1GrkN1XQ,9.25970912,1023.09,9.25970912,1034.82
LbaYnpgoQ1W4xUTQSZm1cX2LdbLmZ9g7Sm,9.29840931,1021.22,9.29840931,1024.83
LNR5Vithnv7wCUkBGp8F5ksMXnuaDfkr6b,10.1430789,1030.86,10.1430789,1024.49
LW8Ps3Bdc9s2R3BNKnaEDy4ppsHwXkoT9E,8.78181053,988.38,8.78181053,991.47
LbEFctXGAW3hBmmAGYCpi29Ai9xC8eCS5S,11.1015,964.33,11.1015,966.81
Le827ARijnGSxkEDwrKmxEKN3AftSuwoZ7,9.7635857,926.95,9.7635857,937.36
LgD15xApfkiDDXdYCXTVCc8oX2VAQY2mKJ,9.07186441,923.21,9.07186441,906.6
LfSDcEgCcDsnxmtavoQ9YqnGpRzfN6wbmU,9.42526821,895.14,9.42526821,895.96
LdzEiukahshPjo6BUpuQDD4t77VqH69zvK,8.71226457,888.43,8.71226457,888.38
LSqgViyRicq4dsoaSPC6JPxusbvVgByE6E,9.09385288,859.31,9.09385288,857.77
LVhXRLJ6iV9hS6PNqJjGx1roWddf4c3huT,8.0950071,860.22,8.0950071,856.21
LPizfVbYi3TPHmVL8D9EtDkaJ3vGorEFGZ,7.48988556,834.52,7.48988556,835.9
LXTDR3cXpfQr4Xf5MWtQ1WnAu1gRtVUmyH,7.48,768.39,7.48,789.83
LSge712NoQfPksrSNi5BGjz356u4JJTtyk,6.85857084,777.01,6.85857084,775.35
LRCJm1UthAjQkFQiCZWTChRQ7hFkJADpEN,8.25603274,761.59,8.25603274,759.48
LWSGwjgPeKGNagDuLHHMkfgtHjhKfbmQhi,7.31805009,745.29,7.31805009,749.37
LNkz9YQ3KrAWfhUYoBjL5FJZzMJJ34gpxx,8.12097,740.12,8.12097,738.45
LWiQMvhXZwmDi1w79G8TCPnYVjwDLnZRRr,7.3200226,709.46,7.3200226,708.66
LX7saq7bsEH1AaWx8n4gozpUBCxSgR7MnU,6.96755026,699.84,6.96755026,697.23
LdfGxZL4rJXCbMp3BKSWuTe3HLtTdqruhn,6.1088727,718.46,5.8998727,695.66
LhkyQ9ouQdqhgm3mUF4iEWamyC9ChRbxLQ,6.71887802,683.72,6.71887802,692.34
LhwUriQmLE5kpzMLisjE6eW9kaXurUTb4K,7.29811686,684.17,7.29811686,685.49
Lfvnrnrcea8kKuBBWSiJNdaDCP6PeDF1b3,6.52744215,661.04,6.52744215,677.49
LT3y1VBdmrx4pkDNYN8fGZv8yBxh4W1PSc,6.95900914,672.41,6.95900914,675.81
LWXH4tiif6uUcB3TVZoq3WH4ARXMGE1LCc,5.89733969,640.51,5.89733969,670.54
LaKrrHQUpJGhNuTQbDZuiGrfiZP7UvCYXk,6.01751542,636.07,6.01751542,632.24
LS3MceYiyum2nznN8xZnzeVUEpLwpzXsjF,5.66419826,591.17,5.66419826,604.4
LKGVXNRG1ofRe9yBVi3y9S8SE3VRDDVhdN,4.91693949,596.43,4.91693949,603.65
LN5ECmM8yeYtn2sLgimPwMX71p6KFJndez,6.77423,587.62,6.77423,585.3
LMPjcS9eTka8nXT8aHoZVyPkazaW4fhee8,6.78318336,585.8,6.78318336,583.99
LhKsHF6XWpGiYeKc2ApH9RL2E1PdFEAzrf,7.05637157,660.7,6.39361217,583.31
LTotBt7ESk576mkJpPyiJPhc9i9kqUT5nt,6.65027332,578.75,6.65027332,580.25
LSj9Bj6biE9kjzVoC9vGAKW1w5jaspCQgK,4.97080871,566.46,4.97080871,574.37
LZ5mmZYhKSeVMaiU55qJtcfQxEDcCCew7b,5.08367996,576.61,5.08367996,570.79
LMV59YYw8hzEoYQh4u2d1yh6rrpn3v8sbw,5.50762092,624.38,4.90772092,557.63
LafbxBs5T9D6itJs79D1e6SnpsMgqvtQD7,5.54835925,538.44,5.54835925,546.12
LdwyoEgDc74DRAqE2Hg54ANX79gvkvD57D,6.17827694,538.63,6.17827694,545.76
LTSfdFV5NH9xapvn6sdPbgSffGu84zzHRq,4.41967795,525.56,4.41967795,535.84
LTedXJAG5ujKYQbQYMZ8H1VRwe7w9T4QsL,5.07035728,537.81,4.89920793,522.09
LXJGcoT6xdqWSyrXCxLFPRxEyWzAhn3J2G,5.8900956,517.89,5.8900956,519.55
LcBEgQgWLwBZLpkD5F6wvCnuJ84i124f2U,6.0472,612.27,5.208,511.27
LVGNLBHrN8KnhN7LrKCev4519sYUAEJ2s6,4.514,510.7,4.514,510.99
LQPUpufo6KzwaHuKrYU7Pd2zkMZYKTJiii,5.5,508.01,5.5,510.07
LZuy38AJMNn3BzsgQVX4XdHskfksirUcGF,5.19248862,503.25,5.19248862,505.68
LfSzbdjL8iVPdTuJeX8MbHF7GY7Xkc5PPw,5.05775863,541.6,4.63720779,496.54
LhizgGe77zCvfif6uDMuFH9aTJ7RaNr7Ua,4.94704243,492.54,4.94704243,491.33
LhV4SRPJ3cZdygrPgzrV6hyAbg7XjALdVY,4.23648263,483.02,4.23648263,486.17
Lh9bJ3KugognPEfEvjHTvrSz9P3EuXuGz6,5.43304318,477.2,5.43304318,479.58
LhA7cEvdCTg4Me2pB4xKPuQnfEnW5TGpNq,5.06259499,467.18,5.06259499,467.45
LTDSvjcq7Fz7n3nVU973DHdkgYVmrf5DnK,3.97624576,452.49,3.97624576,465.31
LN4JbBeCRCvXie7FR2QXaBhbcjWmqtbsHd,5.00788229,582.38,4.01617529,462.48
LhQXDP9tucjxuw4mvVT26pFRF7o1WtQB3H,5.15163185,455.13,5.15163185,453.76
LbnprNJZK84LegEQLcSWfY7HsPoJWN9Hh7,5.1547614,454.33,5.1547614,450.32
LNy5YvYzkZHTJ4kb6SkYUL8FhWdaoZHRu8,4.69009977,448.74,4.69009977,444.29
Lhks3A9MJYT14wmkTKX9HfwfRExqPx7UMt,4.50097485,445.79,4.50097485,441.05
LPANqi4XFYeeqcCb2Y8ezWpaA2ptSsACaR,3.93508147,445.53,3.93508147,440.51
LdoPL9cLkaJ8RNuNWVB9sgZSL1evJKz7BT,4.73432233,442.92,4.73432233,438.67
LcXxegLGVcJMDHkaGdoW1421X4RXBj7t9T,4.234,449.83,4.234,436.65
LKjtRD7UeZCcYhXx9SxbNboCTMFWJW39fp,4.48857577,432.26,4.48857577,435.03
La6pd3Y4jB3sTD5DxBu2eD3FEPW8eLsayj,4.82265703,436.21,4.82265703,433.96
LcDnR9MySJAHy1iM518MBhoLezMrKGrk97,4.43365931,433.28,4.43365931,431.87
LhRoW2yuiX9fsSRYB1WhE9PW2UXkmjqr3L,4.86399343,443.99,4.86399343,428.44
LguCLDzdEyKbCcYwFVuoe6kbUKyjzUoiPW,3.51465679,421.4,3.51465679,419.28
LcCcQadq7VXxYdpSvq2e5MeZ8N2fVJnvab,4.10366816,411.2,4.10366816,418.44
LNrGwyY3138XYAkDAGAemBXZs9z3aKqdhi,3.76597373,407.77,3.76597373,416.81
LaPxbTPmair3z1rA4fgqxjNjKDZuHKFEFy,4.60657573,428.37,4.44047968,412.22
LRtFrAB2Evdh2vdyNikw34SuhjtUo7ZKwT,4.022037,411.03,4.022037,411.01
LgFdiBTfZTu8zogkbHB2ZeayuG7hVbWVXL,4.57556203,412.55,4.57556203,410.78
LXJw4E5LwxvTiqLRdFsiV6nXc25rQ19QbB,4.3402081,398.51,4.3402081,397.58
LLBjxXY2zNZq4xx4NvvryabKQEXj7EDb3Q,3.8869622,390.57,3.8869622,395.77
LLtmfsT4Yhi87KjX5XT6DmTLvPBzGciLQz,4.05580727,428.12,3.71967779,394.03
LY2vGYD1BQRhLWuZ8GQXZGu5tNwqDEqgXv,4.48027126,395.44,4.48027126,392.81
LeUHo5RcsG7N1ht6oovC9vcnNsaPMKvb2h,4.38417245,382.88,4.38417245,381.9
LPN38b4xShmZLSYAZb1QBoiQt3z9uRodyw,3.34552118,378.21,3.34552118,381.57
LU9GoFxepYjiZ6yZ5UedEEZH5nXKUCJEP5,4.02799588,377.15,4.02799588,376.23
LKN5STcfX5JV97AdA9YA2aYWXhzkrDU9F4,4.2003572,371.83,4.2003572,370.01
LKeXPw8UPzJi2ktohRXKhPYpqaikrXWR7W,3.82372312,366.94,3.82372312,366.94
LMPaFvibW5ce4JgRfkfwrtTpFvzMB2DSgw,4.1987104,371.89,4.1987104,366.72
LWeXD2hfyAzAuekF2Sgy4GqzK26xWiGzji,2.98805555,342.07,2.98805555,364.83
LbeZSEvmLfB6HiAv8Y7JHgu6YVfQjn3QuP,3.3691,380.9,3.1238,361.46
LYhSeLcZj58U3dc4dj7AwF5GpAjcTPXAJa,3.18315002,339.25,3.18315002,357.28
LRwRkJDJYLhSQGADTAk44FkXhFmJx9LuPt,3.47599425,353.68,3.47599425,355.89
LZYRHerFN7z2VtR7HduNqGUg6VrxyiQz9B,3.7765,354.16,3.7765,354.06
LVan8NE6zJ4NmZsHRQnuHvCCWdDF7MNhAw,3.771274,352.01,3.771274,352.09
LNuG4PtA52sJ5dNtbiDF9ztuGpd1tG4aEd,2.9967,328.32,2.9967,347.5
LSZ7dSbiuNbEnqNyh59EFm6X8c3mMPiLWX,3.52405794,345.11,3.52405794,347.36
Lgj3x9Ge4aJswQzz4teE3tMoaNNYo93PHf,3.88581202,351.95,3.88581202,347.01
LMZGZFisuS3S5sqcWasjs67G2wEgJT2aC8,3.29744787,349.22,3.29744787,346.17
LfAasbYi7toTan8TWuvrRoXEMNA9F3NZiH,3.90155787,346.05,3.90155787,345.46
LMguBAoBstD5hBSHCWb9wtVDTXFmsCD7RH,3.1116515,342.8,2.96815616,343.74
LiXnsjBspLbkbSv51CRT7VWaPMbna4UBsS,2.74135999,335.93,2.74135999,340.88
LRfAkbPS6J5afWfA3E3t4pSYBoc73v8wYV,2.94320662,335.41,2.94320662,340.46
LSyY6kQaLejVQtw5tDG2AVJhpZy32rEhz9,3.31225004,336.29,3.31225004,339.42
LdrTUjtED7srhApqRbD2hQ2ikCbACXNyCd,3.89770978,340.16,3.89770978,339.36
LPczyndz1s8YBWdhC7ajvD2Qc4XU1ycSdh,3.0379,343.18,3.0379,339.11
LgHpNFWhUNnZRiYaoSQcdvFmaRZ7VzSNkC,2.97895054,339.59,2.97895054,336.89
LbduT6GhAEyWR41she4tgud8yMfa89KBaP,3.56071745,336.64,3.56071745,335.37
LYWTEPzuLqomxcgLEYs2mCeC9SFGX2iMPD,3.0809,325.97,3.0809,332.49
LfVG31CMk71itKK41f6SKwPb8HwrJkrQjv,3.24625439,327.02,3.24625439,329.98
LR9PpbKTPWEBfX6YR1UhS78oZmR27tcSuA,2.90237632,326.83,2.90237632,328.45
LKqBecw8K1VZ3ogboCa5LCMv6sZfQfvK6H,3.66520472,316.34,3.66520472,327.84
LNjSaqcnhRY2hcEZ2PKgnvtH4uoRbF9yBU,2.63016754,304.62,2.63016754,320.44
LboqiztW821im3mjbmhmzyLDeg5SD5KMXo,3.57894467,320.82,3.57894467,320.24
LSbbEqA5Pt7um41vtbpr1GSch69TmHeHWj,3.521577,315.9,3.521577,319.32
LdfJXUoqxUmhZtxtUF5CRmPMH3hmb4uLUR,2.9999,319.79,2.9999,318.29
Lfm66Vm62pEX1KxnfG5Bk8atZtrg57jsPm,3.12898384,318.82,3.12898384,315.18
LfEb2Lo3uEmMLsDRX5edhKfqTn8Go8smao,3.56282557,314.91,3.56282557,314.81
LMwK1BgC1YeYJ8JbbkPmnujdRCVbgVxrbF,3.13525109,311.14,3.13525109,314.02
LLVdz5X8haRz352JKqVChcPpfzHrVNCRqD,2.95194005,313.42,2.95194005,312.12
LLMeexmBaeeZDqin5eK23dmzuGyFzZiLu7,3.3484896,314.61,3.3484896,310.55
LaTT5WKEitkwdAraxXNEFLwghrHRTL4Jn7,2.60587022,304.48,2.60587022,307.56
LMD7YJS9NUUykxa9U8BR46sWE4cJt2VaxZ,3.19886462,307.83,3.19886462,307.12
LYGuca9B696mjagkiRdco2NwyZ2NCfNbZg,3.42691462,303.98,3.42691462,302.81
LWWKPaU75RjJUNDC8DHZwrHLUBMyYdgS83,3.47586747,302.13,3.47586747,302.7
LU5kxnwyZ2Gmsr5uddG6UY4JoeCdaBskcb,2.66545895,301.3,2.66545895,302.07
LMh11DTiH8FSx3YdEebdfM3BCbVa8MGELs,2.83660329,302.82,2.83660329,301.42
LTk51hfrihU5tSAWBdaUZ6z9jesLA9ijUt,2.8427,314.8,2.8427,300.84
LavBTxWqVyZjhLLvormfNqxM9Xh6NhGRxc,2.88199708,300.92,2.88199708,300.56
LR9V14qjSg3jfWbXUh5SReiujFDsrdvaXY,2.60451683,296.71,2.60451683,298.97
LgeRZCQ7ZvcXugwHoVTLASrm1nf83DrNh7,3.16001581,298.53,3.16001581,298.53
LVF6oHCMh133MX3hH9NSsefGCZr8nXr1Kb,2.64604589,295.21,2.64604589,297.59
Lav5qc4yskwPewm8xTjNnPdzh1GX6tLBnu,3.40046164,382.04,2.46019671,296.63
Lfw2kbvyFpYGNdophZPDduCdTVBBKonmS9,2.51466069,284.45,2.51466069,292.36
Lhm673mww2QgKdpso8M6SQWdK2WidQQdBz,2.31191749,289.31,2.31191749,291.8
Lf2tW7eByqTq8BKKhSFsSAiu8SBPQQn34c,3.17569397,307.63,3.00832997,289.75
LKYahCCREGihmyX95xF4dURso156jo7qY7,3.0,288.85,3.0,288.97
LgnCPuoTNdUJXVcdyaBaez1jZSfxeYiVzq,2.9999,285.74,2.9999,286.88
LdftEmMKsYWtE738fEQX9uS4cjj88UjGae,3.32767123,284.51,3.32767123,284.51
LU2qXC2AbaU1pYjYhzQr6oPh5aUd4QiSCf,2.84023523,282.06,2.84023523,282.13
LiTsM3nyoE9Khwi1AmtRtoANyDNez66fWw,2.77873275,282.73,2.77873275,282.1
LLp3YNX1qYWt9fLEczG6ut6NpKZL3NJNdM,3.1032936,285.81,3.1032936,280.68
LfZ8rtYCpNyeKr3GupHehx3B5CmkUa6vYA,3.17975612,276.75,3.17975612,279.9
LQJKskpxaxp2unhRQLqe5DARmxSnG2f5hx,2.63058484,278.93,2.63058484,278.97
LTxnTnFyybEnk8qPk81F9ZJP1ZVTDKGHzD,2.41614145,274.31,2.41614145,274.98
LULmecpcC2P6BojbbaPM422i68YSr77UPy,2.88564327,281.17,2.88564327,273.04
LZdWa2o1FtrBpezr2SH7wszv5XyRejGs53,3.18594077,303.88,3.18594077,272.84
LaAvtoPv6JuTKQdXPzLkkdVLcv6NFsA7Db,2.47278048,276.31,2.47278048,271.22
LRz6WLK2ta2ySNnFxTiasgJBhtrbY27NjW,2.35478386,248.93,2.35478386,271.06
LcrXrZfAt9fqUXXBdXTy6USSaW3KjLNedR,2.819201,272.04,2.819201,270.15
LXYZzF9pu3Qm7hwpJQ9XVrTtWwkrQKkCod,2.98461644,267.18,2.98461644,267.09
LTe3fkEdwB8ytxjV9VZqqabssjDpKG2TEj,2.42037336,265.85,2.42037336,263.81
LWE8GuR42PynXWaUioEzzmGGcXPy1ZhAMV,2.68970962,262.04,2.68970962,263.02
LNJxTHnkmEMUqJvPqmEJx6hMRkRN2HPqC5,2.60442577,295.83,2.47737714,260.08
LNYhJjxmidFNrwfoV1LcTakX3kv2c4XVFs,2.66178865,259.38,2.66178865,258.63
LfFsJcRKgBnXA6V1a2YHmEKbkrpLVUUcQh,2.27457592,253.49,2.27457592,254.4
LTdfwfE8FNcQ9jqpWmjSf2zFVw64SdXFpy,2.1141,254.26,2.1141,254.26
LScrDjPcjizGXaQVvqD2iB32B6M87R4JvQ,2.24861308,250.57,2.24861308,253.75
LTZuRgfQ2pb5tFkP9SBhrhphCPtvA794TV,2.60157287,250.69,2.60157287,251.21
LgGdJko1tx9945KorVmiSdqfNk6njpfPBE,2.82270839,254.99,2.82270839,251.19
LMQLLFtNtJJEf2Wc6sFHJ44snkyr4hhcEN,2.38916008,253.19,2.38916008,250.15
LRDW2JsYokweb1RRzMFo4AB7gn9kURtqTs,2.36029973,248.34,2.34363084,247.31
LLntnhLCXBZ1vXVtE8JcucKqr5CmgMhki3,2.65189884,247.62,2.65189884,246.97
LQy4XCQ8VLZJqjtNKvqioff926z9hfqjLN,2.4347042,248.3,2.4347042,246.82
LTHP5PTAj41rtvJktWpDVhLmhaujHzp6uG,2.0,240.34,2.0,245.88
LhCsvDGKzSyvQguTpKXa9hyWYiH6CsxWfP,2.23463615,244.05,2.23463615,244.69
LMYYh6RkG21oYbJrgh4PqUqN2oi3cfpAuh,2.19042237,242.29,2.19042237,241.92
LRSeQ8671Zij9ghiX4zR89nrW29qvsi5CB,2.09301257,238.11,2.09301257,241.85
LMGh989fB2c28d6vv9N7YVMAG4R47EYbV5,2.31205548,241.16,2.31205548,241.84
LQSAvE7wdGKJkH7o7fdLxKgtCxLUnp4H1x,2.548149,238.74,2.548149,241.04
LRnr5AYNXiM6HPD2HZNhBUWPq68Ea3LBtN,2.43092271,240.77,2.43092271,240.79
LPCXDyAK4nNbws7RpUYAWSRM5dZEsYXxz7,2.47373523,235.97,2.47373523,240.26
Lb9HE6LLB7V4qJaAcqBzthZwUDrQxV9hMZ,2.0717145,237.17,2.0717145,239.92
LUDnU959VJToUxiX3kJtCCbd7nfFLvzyJE,2.08012964,236.47,2.08012964,239.11
LYjF56xVYcqLVs351Ksea3YcQFy9wGw1t8,2.69687,239.0,2.69687,239.09
LVvUc7nUddanUhpexvEnN3YfVtDvFEKxR2,2.7259321,235.68,2.7259321,237.32
LaD5qB3VjJeK51UiAJpPFWwPnKNzuUFEby,2.12810301,232.44,2.12810301,235.8
LVPNEX4LwJJtx6Z7PKV9tFo5FdfjufTFt9,2.26841281,235.05,2.26841281,235.48
LW8xvNG5W5ZBYfVdAAEEsYAMbG28MZ9XZC,2.67191737,234.11,2.67191737,234.11
La9p2pLx3AuBxLyHBxTLYpq6ybmkA2Scp5,2.51624098,236.31,2.51624098,233.8
LLoL5upnJmiJ69CsC7oxRBgy6myHDoNT41,2.373,233.74,2.373,232.15
Lhuiw5cvaWLVcZyNVRZ9PuEWxDqNrRAqLx,2.35480002,230.65,2.35480002,232.06
LRsDSRiFrb6XuwYkewE75wHJxggxZEWdHv,2.38421747,226.41,2.38421747,231.99
LNCM7fCH5xwgiUPv5cqp8TpVo9Mye9myDK,2.88287446,329.02,2.03949911,231.16
LNYSx7QW5edp3inyJtXYJ2zDVhqAnWXWkp,2.429838,231.7,2.429838,230.84
LeJdqaofBKR5FqKZgrgzXwFsLfqs1eSXt2,2.58717701,230.85,2.58717701,229.99
LPoreKzDfWPJkp1R66wBqr8LpeqyM9w1pG,1.91153887,230.23,1.91153887,227.19
LUgza6jGBkatNoyUZpWcNRGRf2opKLQVsx,2.05227542,228.07,2.05227542,226.29
LZiH4i95TQUYeH75Fg7dEzHRgJxacbUMCq,2.04938946,234.44,2.04938946,226.17
LMZffTjG1DDUr54dzunUusNVXdpddoSB1b,2.49977228,227.02,2.49977228,225.71
LSdFBzd4YezkLUxEWpjKBM1KAGhSRftoW9,2.15844,217.99,2.15844,225.41
LNfvzNUQ3axeAPsV8KgJuy5cACRpAzxbty,2.3986431,223.77,2.3986431,223.99
Lg2hfuWoz1vAhdQkqyM1neanpSxd5W9ymN,3.21095644,321.15,2.44015897,223.3
LXVd3nv5sPJrv7TA7QhXD5RqPKvqaN11Ae,1.88839402,215.92,1.88839402,223.19
LSSKnBDUjmS6yCn2Uqu2HWFA8bJMvtRTwq,2.31653113,221.87,2.31653113,223.01
LTS4GVWj2FmoYvMQ5EjFw9gUw9Esfb5mtJ,1.9488421,222.71,1.9488421,221.2
LNMMoeJUUPmK8qDv3EoyYRjshUEf8CuvB6,2.25937785,221.16,2.25937785,218.74
LPGW22jVWK5wMoymC8PTEewF5FTcEPEA2e,2.2884,218.81,2.2884,218.33
LPcuXdZKNZvCgpaSAPMzm1MYmzRQSmcowH,2.33179843,223.02,2.33179843,218.2
LZBfdD1G4KnixsHSqq4BaAc1mPgTnKx8kV,1.657857,199.04,1.657857,216.28
LRJ5sEZ1SY61CQrSECAcLMutrSVWULW3PB,2.47515729,212.62,2.47515729,212.73
LfiiP9Tk1voqve1rzp88kadv6douf2YGjr,2.11428899,225.59,1.99343255,211.54
LUWafK9fuxkmkV9tGaJgjMKXJ3Vctw23Cm,1.83678175,210.48,1.83678175,210.6
Lemxo9ZEziRx65JbBrhHTmKBV8xZRdpCmf,2.31703246,205.76,2.31703246,208.21
LU7h61LC1ekXLE2radW3iDFrSYQvBhMgFD,2.17752,207.87,2.17752,207.92
LXdCpYYgDGoV4ZqYLXwM7HcETw8oFVP2GG,2.0558147,208.18,2.0558147,206.62
LNon2sEHLoiZkpXDVx21nNTqZgLpLAadKA,2.0415458,211.1,2.0415458,206.09
LiTd6benwaBdoneJxABjTn6CCzTNHg2taT,2.09402226,207.16,2.09402226,205.45
LPJAYVcEEm2UDafCJJrtMnkv6zddA5Nh9t,2.26218764,205.36,2.26218764,205.43
Lh5Yk1MPRPpW3jDjACGMxPAUUMwG4HgjWP,1.65957176,197.85,1.65957176,203.96
LP7crf4S7pZ6JqsU1iwtB6YAL4LQXYEXXq,1.92951457,209.1,1.92951457,203.47
LR6f3RQS6CqbnTVqSMHkTJbukx5rhC69YA,2.04788384,198.85,2.04788384,202.57
Lbd9ziu7V3ShHnPT4Snka88w1NarTb3snB,2.11535243,202.21,2.11535243,200.98
LQUVsfPRi8uAxcn5czfzxGiJxVDiqXeUeL,2.09351429,198.9,2.09351429,200.75
LQewLkFFK7RGNqyVpEjCW4Qh4oEEWQ7k1x,2.10371408,201.73,2.10371408,200.65
LQ2skZZunmceLAh6pGznTuCm8nYdXYDZA4,1.94266742,199.53,1.94266742,200.21
LPghoGB1J67SG8oCecdsSu1HD6ZWWKpmVz,1.73227902,199.26,1.73227902,199.5
LUDQZDK5degf6Yp7zdU1t6XrwvSSSKkMxi,1.775,198.54,1.775,199.28
LQ3MPHeMbFkTLBFvWFkWmpUeNPdCRhMFDj,2.16513808,197.04,2.16513808,198.96
LLuQynjEVtNB3XJFNjJwJfRtS3KPaEMNEu,1.72246151,200.54,1.72246151,198.69
LPUaDQGGJaFWt6ToGNhUDETzjnmk4gju5s,1.98864891,201.16,1.98864891,198.45
LYCbAqGvzBuhcXNtNgwa2LfhfLN7tPJJKV,1.97468633,187.15,1.97468633,198.33
LaGWzoWwzrqt82TxUhDYbpUGvNfPU1xPGD,1.86844538,198.22,1.86844538,198.22
LbWn2Er8wzHX1wgqPmW5e9jYcNFZhmUCgb,1.93840337,197.2,1.93840337,197.71
LNZh1TmPWPETC8oeZkqxJhNZYW9QjzsfGo,1.88385924,192.93,1.88385924,197.39
LNddsNU8aj7RPWfyckiSiDnfeiHz7hYDzZ,1.65460479,196.05,1.65460479,197.14
LV9T9Y6u92JAK3Q7kRNSRMqAtMm6GkYroP,2.14639993,198.53,2.14639993,197.07
LcDiWhx54nHjCm4utV4fDUcXUAohyeEkNB,2.16749089,197.03,2.16749089,196.27
LLkK6XDwT2kwBMMdimkmKngFwX88JNPmwb,1.98633232,200.66,1.98633232,195.77
LWQ714K4K2YW7ftkkJCgtc4ueqaKAWtBTh,2.07933048,186.85,2.07933048,195.36
LKfiAL9HUspyZydAqzwiK2HX55XD8EABPH,1.6394,193.34,1.6394,194.54
LXYhstV4mtYKydxdPfsdNpp1mz8v3dR9mL,2.11591746,193.73,2.11591746,193.73
LWZCZAUovETbtjvVRuqJ7bb6szsQD2S8rn,1.74706249,200.34,1.74706249,193.34
LbwzqyEfF5eQsyCEMRdsRvMoKbWPrJVPfy,2.0073,197.4,2.0073,193.17
LUmFdcEyU2JKofv5WEAeYtz2EcAxh3TZX6,1.77043359,203.23,1.77043359,193.03
LKTmgr4ASKv9mHu4nMHZeFCkRp4UDMKECH,2.11663815,194.17,2.11663815,192.67
LXvVTNRuVQ3QfsmurJ1UP5NoiToUuuo4JJ,1.72285638,187.47,1.72285638,192.65
Lhx2qcFRA6BH1r1HLajY8Cf6UPRNp94JrH,1.65442648,172.84,1.65442648,190.44
LQXNzKxoYDnAQ6vB1r97MoyfaWcD8qdCvB,2.02242537,189.76,2.02242537,189.05
LXpKMx9m1B5ggc7ktE7JaXTmRGfaB24bT5,2.12206883,189.33,2.12206883,188.88
Lfj6tPBQT1kT3MKj3G3SocFkEpqQNM3XCw,1.6855569,187.15,1.6855569,187.82
LNdTM5S6gUE1NH8ybnJfk6kPrTPw5dAGmq,1.94164021,186.05,1.94164021,187.03
LKYa7eQUxULdC8Wr3AsqqGQknXicmVsKRq,1.72379117,185.23,1.72379117,185.54
LfMivEej6YkZn2ST4UD7uEdXSjAMgeUnFX,1.6,188.24,1.6,184.16
LTGNjCNWKz576pgoFrFWCooekNnaswyATu,1.75938224,192.94,1.75938224,183.17
LZF5iNUgjqpW6oYhmmCZVYT9sZZyA8mfdS,1.51702778,185.85,1.51702778,182.45
LdBuoHFvJm4LX51idUXbqsU8f7WkRkagWa,1.62668439,179.03,1.62668439,180.6
LQTCkirpaaX5ga5XE6bbRthjK4w8DqU57j,1.60967086,180.29,1.60967086,179.99
Lhf7W5vC74k54eDhEZVuyxNFT28bAU1Pjq,1.5651293,178.24,1.5651293,179.74
LiXoNbqCXUcYqGTq44kKnZVCT4gs33DLW1,1.68705374,181.13,1.68705374,179.54
LcBprM7jo4nuE2dRAzZkCTPD3Aexi6dTsj,1.69099138,192.82,1.69099138,179.36
LQLfcN8it7wqqkVDtLnpfeHNTVr2wDLnRn,1.66964882,176.68,1.66964882,178.65
LdN9gQhwhvAnUFWe6njvEc7cGbRDSkBNte,2.04736255,174.41,2.04736255,177.35
Ldm1hq6PXgJm4ZZLNDXpysFomu5vx89V7e,2.02016188,179.11,2.02016188,177.14
LPrSbdDsRLFsxZuftKshoC5B4yA5wWjTYB,1.75724403,173.98,1.75724403,176.88
LbUfY1Mh6x2gD5ipGA8amhw2qa8fdHTBrS,1.83334495,178.81,1.83334495,176.62
LdZqyQ6NXY4bUXKCEGXacvrdwjAGjhyegS,1.53524162,176.3,1.53524162,176.24
LhxrBkWDRF9uJbegnSSsnQz2nttbqwvdE7,1.74442167,180.37,1.74442167,176.1
LSmpR3U8zjFAPdmYCJnWd87nXwg2ye3JhB,1.54706931,175.98,1.54706931,175.84
LPxkotGySNiRydNc3FZJ25TRLSoo4bYaqa,1.58821,157.6,1.58821,174.36
LeAJM5frMUxazZ5xgUrBabDEydbkWigVBb,1.88673938,172.7,1.88673938,174.12
LUCyX9gpjrXqcai9A324DbySxjRcUFN1nK,1.6987936,198.76,1.6987936,173.75
LhbeuDrZdo7MsYHkBrxSJxyE6erigGM1WS,1.61846213,171.76,1.61846213,172.79
LUxrruBdVhiKC1BaNE9uYWG4onREDSrPxs,1.60435711,178.64,1.51445711,171.83
LTqLzhNnYXKC6uYDmEJottQb7aixtMFqcT,1.93607848,212.02,1.66029249,170.56
LiD8QTmAgMdqVvzSG6WzgFANTxzFwavwHK,1.812203,169.08,1.812203,169.4
LMHmWh2DysnbNqGWbN1hBgZbhbyHhmjGDz,1.45598882,164.84,1.45598882,169.29
LMg2D2z7B8sArCo8FvSMw9yLNZEsHis7kH,1.50980804,173.44,1.50980804,168.64
LhMBA2pW591u5HE6RBHnzU63fxhitiDMhz,1.93781457,168.21,1.93781457,168.21
LQ4NmF86iBDRi2UsBxgCp8ixDGdNvVjYE9,1.4189948,171.92,1.4189948,168.07
LQbzYUTe2dLQJQWvonC9mhCXgyGmwjPVqt,1.5,169.47,1.5,167.9
LMFs9ABwxWaufXUeHiyyvtxCsVE74YaFT2,1.47027233,166.47,1.47027233,167.86
LP8PDpTnqvFjZn2FVogYq4ZWcqja5pXuKe,1.910887,167.3,1.910887,167.3
LYms4PPE1gapJtVE4bPGRJiLBAMUAbZBQJ,1.75556626,164.95,1.75556626,165.54
LdZ2UZCSoE2rkPBsAYBk3ix11hGnZ7ECPF,1.70937827,163.62,1.70937827,163.76
LM3nnS2ebKerjBZGN3vLdCz9bapRqeku8i,1.73483357,164.24,1.73483357,163.43
Lh5YPixZyAb2nnoy7vMvp7Jndiyyy7qzu2,1.3835715,164.39,1.3835715,163.1
LNXzwnixZZasTkWsZ2xjVf7NYxtps4k9PC,1.43117052,152.65,1.43117052,163.04
LdukwPoyUF7u5TdRh2ZdqqMpbCB8FdJMtu,1.39535577,161.22,1.39535577,162.16
LM91HetuCQsUtuW1n53y7nbX4UXvw44VVK,1.8294368,160.89,1.8294368,160.89
LbxsqJzCTeSGfsoS2SbAQdPmoUDmqTDDdG,1.49026328,164.67,1.49026328,158.1
LQDMzbr2MiiDEivzb25w1Q8nUvwyWrdqLN,1.48120855,159.48,1.48120855,157.99
LaXb7qRu27X9UVh2xEJ4qbz9C4q2vKuhGy,1.64435529,162.19,1.64435529,157.54
LeqdfBzUYXSLvfXHSGcAdh1tbC5o1TAout,1.72078629,155.82,1.72078629,157.12
LeFDy83qaRoctsTd2NjA6zwHnmYDj2tzgj,1.3245,148.4,1.3245,156.86
LZkiwzCQTFYS34ZegqVrEoJL49WCYoinhS,1.2998,152.56,1.2998,156.85
LgKSjh7FshnFSoWscbcWgmucsLvGTZpr8Y,1.34675573,152.49,1.34675573,156.21
LaSuU3G1cZpAgsYPzKcAuonoLoDmAxPiAs,1.63314727,155.19,1.63314727,155.11
LVcneidrTiauxWmW11xrNt79UP1izbyVBi,1.62827,155.71,1.62827,154.7
LdMQduPhuzzjyZMsbpzToz8CbW6BdeGk6h,1.78405937,154.56,1.78405937,154.58
LfUZY8J5hcT51WoufYUk4kHDTdEHm5AS8Q,1.63859564,154.42,1.63859564,154.42
LVMxAD1rc3z9j3StpjYgAkn48j2qvtKjQQ,1.39973035,154.47,1.39973035,154.31
LV9shNubbVFKCSU678zwLibMH5TTvhLtXi,1.316,149.23,1.316,153.31
LZFoZCRzsuxTK9PhJJ2Sx7AX4zDt2jhsFp,1.25866865,153.09,1.25866865,152.47
LWNvDwKt9smFXvBUudrTdSzDfVqnRPCoLL,1.71026497,149.65,1.71026497,152.38
LTVmrb71gvFMS5v4d4eij7weuoQvQhpgqn,1.73041188,150.71,1.73041188,152.04
LVAZaJLRjSzeLjgUoh2r69AzK1mx79pd2j,1.31675911,139.36,1.31675911,151.57
LLFMCZ9bnLhkMAAQ1jZzb5gb3WfmrSk4sJ,1.3771,151.91,1.3771,151.29
LT5rdGcXCRtwPABfLLDbDwRQ8GR11NqZWV,1.762352,153.05,1.762352,150.95
LVfet7Ee6deCAj9mYfscVWe4FHtD6CzG89,1.73230931,150.43,1.73230931,150.43
Lg8baDfxydZhjfjqdZRshgwtGcJictpRVW,1.44678395,149.85,1.44678395,149.85
LW3n3hjUvxvQFMDRtvP2mw2VXzMENypGbS,1.23137681,143.15,1.23137681,149.52
Lg9iu6hhBAnYgorwZJfFEXjJXb6KuXGvCm,1.74249071,149.67,1.74249071,149.51
LLfbmYB2FymCvKS5bHqkyvWJjPEQ5cuHpx,1.69013461,149.5,1.69013461,149.5
LVEkyvbSghY7D6Ybq7mzGoWrVkxiHi4Tdv,1.27594358,148.86,1.27594358,149.43
LKux3ix3EJ3HtdeUJaRJwFrneLihW6Tu5w,1.3114,147.87,1.3114,147.87
LMrZgeXp16LxhzEuFcNBXwojaGdv2LCTCb,1.6,146.84,1.6,146.84
LT9bDgukNy11Z13nv5rHVBDVo2zsZh7RuQ,1.31859313,150.68,1.31859313,146.67
LVs2RGbgdLiK68avbEz6ir3pPoUB9MeM4r,1.6394604,149.87,1.6394604,146.31
LSDFokPBJhc5qgWcmz7whx7mfZmMyyzgdB,1.33436605,142.11,1.33436605,146.27
LVrCYKaKNetgBrvXvpzQxkniA1QpuxvEcd,1.54785471,146.29,1.54785471,145.43
LPs4dKCSSwKhrrnjiSxejFM1qAAZ1yP4jf,1.26969889,142.96,1.26969889,144.95
LPX7uGVy3fpdxoShAMWBEdSjqbjLoay3uv,1.66023205,144.28,1.66023205,144.83
LiWQ856YKpNEdAotLa6GXoWxt5fot9aRRo,1.3480304,138.96,1.3480304,144.82
Lbvmf4vggK4jgWww4YW3ZLLcYPCFFqTQwG,1.21703649,130.08,1.21703649,144.64
LS6DhSh76gqvLUZueQyTgFrodaAgHx27ev,1.24132951,139.66,1.24132951,144.58
LRzqrVbYSRweVShfYB8RdMF4pePtVeg7Yt,1.55816136,142.74,1.55816136,144.57
LVSFSCarMCgSyreddasK6yTLYLzCUJyXV2,1.21293008,130.33,1.21293008,144.16
LYhfBXFm3m7wn8KjGxM2Rjwpbk4kXg4xUn,1.46658599,143.31,1.46658599,144.04
LfntrK4wTr8nrNJGqwM3AvGzAHRso9HU3p,1.45861465,143.32,1.45861465,143.32
LTC6QuLAZYh2yb7yBdGckQW4Lw6d8yWLTQ,1.4999,150.38,1.4999,142.87
LUQFgPH9CNcHagzWuhUz4uiSnbptAzcema,1.57825844,146.07,1.57825844,141.86
LaW7VYEQMFzTfbUj7LWTe6MzBVaNyMt4yj,1.60298348,141.69,1.60298348,141.69
LMH5xVy3JT84oXLZSTjq5yazSiXBVLTBMT,1.24068493,130.82,1.24068493,141.1
LU4jnpk8VBrRvNmcLj6smc2GgyksbudSCd,1.35761356,138.12,1.35761356,140.87
LXVvVGg5BZGwAuh79PqJwhcAs54Y7784Fq,1.2433846,126.48,1.2433846,140.7
LZRpRWUCuTAkjaHeKWa6kPa6SKMp3Q72eZ,1.4398,141.05,1.4398,140.39
LRf7tBzogC3sAEEdrERXXxpJKP5fbszLAE,1.34187688,139.88,1.34187688,139.51
LKu2XQ3ed5Vqwo45h3B1LFZ5YCm9n4mZ6b,1.45366069,146.77,1.45366069,139.19
LKcRkJTrW35y9nQfJucmFMtExHig9eZUJj,1.54208643,138.44,1.54208643,138.91
Ld3U5gRVAJHwQbvQhKwKudm5TzQ8itjL4y,1.37000425,139.4,1.37000425,138.58
LhcU1qo1TeVCao7NeBnZuSWY4dumhoP2Mk,1.35188235,136.78,1.35188235,138.47
LXF1rhGyuLo7WpE3sJNrbJJaDUKuHaxVGn,1.2919728,148.71,1.2919728,137.93
LWe5UAT4cWP89H7zwi7U3Pr4EPeUKwjvuw,1.25986892,142.63,1.25986892,137.74
Lf66XnnwdXbM4jxnMcn4L7HgsvAV66wtSy,1.12652232,130.39,1.12652232,137.58
LVx4DbA8Txo2wqW9x1fVKZbs8sMP7U6NQ8,1.54723129,134.26,1.54723129,136.65
LS8HcNYUrVJFkg9GrDXcDBY6wqbgNfyVhy,1.177052,136.24,1.177052,136.54
LbE2Kkm4JXtdRpG3Uh2Y6TrVkkjk9BxSHY,1.12974262,136.63,1.12974262,136.51
LetJRcv8atyzTZ4FpHN1s57bexerQESvPL,1.5533852,137.47,1.5533852,136.51
LZktVbVJN2Np3joHDPTCQnhiE4wZbXWUup,1.52950961,134.7,1.52950961,136.46
LcF66PKkqeW6Hmi7jQaMmnsSbpadmg9Eko,1.22781385,142.8,1.22781385,135.88
LgHqMrsEzu3DCuDAhQQog9A1dDvwRvqscs,1.3099553,136.17,1.3099553,135.84
LQ4ERcy1YHsTzLHNXUW3YpKDSMYbPPidcW,1.22980954,133.55,1.22980954,135.45
LUC6t77VLPhN8uUpt3zSSvm2iPrDAwZNyi,1.363634,150.96,1.214883,135.34
LYep7DfMY2DaMMb6UBKJkCAQJyoYk2YiR4,1.49777744,135.06,1.49777744,135.33
LMZ1NixVLPJiuWUwcm5xGznFNz9xfCmVEs,1.24435051,137.79,1.24435051,134.85
LYtTNFY57zQ3nEd9K6qExCmT7YvAw5eS3k,1.466928,133.86,1.466928,133.86
LQzig4wmp6sgMcNr61qy1YGe4uoZiE5zvQ,1.131667,137.44,1.131667,133.74
LTxKBy9urwTxMWjuS6LnBBBc5y21MJ4RsA,1.09632716,131.71,1.09632716,133.59
LXrH641u7DLrxdxUKMEh5hUKjCzqRoh4X6,1.19039994,129.91,1.19039994,133.53
LWzjEni6bakaxXoKUAHQpiGSF7eap8Fzo1,1.12207881,120.84,1.12207881,133.39
LRD7iL1aqAGwxTRhk6xUD1z3e7iBF6effR,1.21778484,135.81,1.21778484,133.21
LYQwKy8Rp5K2JmmttHRDQxUMdN1czc4LXZ,1.53536543,132.89,1.53536543,132.89
LMHfYzJdXguyCXF8Y7cbd8DQRbKjFDL4yt,1.09126035,130.92,1.09126035,132.11
LKuwhML5SmfYkwpvsnVQ8AJXHEXnFxv27H,1.5366084,134.54,1.5366084,131.99
LRZTDyNAjHLRrLaGc5Er2CD71uR7P1Q6iX,1.47210026,131.78,1.47210026,131.78
LdHeEjtRwYgWQVSmDxqNx22DxjRq37LL8Z,1.23238003,129.59,1.23238003,131.18
LajAB91b1e2q4SNczxKybfserDaUKdrNuU,1.10035767,129.95,1.10035767,129.99
LaDv8DmctSDiTcq8pNvMzWi2cwWn882FGS,1.08273906,123.79,1.08273906,129.39
LVv4Z2vahzVj3EAJzyY9ny263fypm7qSjV,1.23440849,128.86,1.23440849,128.78
LPCkdFURJ9q2WrmmWWtehBPe1PKkZPSQYK,1.11752361,127.66,1.11752361,128.64
LWvimhhtChuBvjrs7ozjPeKkyJcznEQy1p,1.46948836,128.32,1.46948836,128.32
LMqu6enGNrsLCKLuWHzsuDiob67jodSSMv,1.14303876,123.29,1.14303876,127.81
LL7fV3X2hKhZ6rwFqJy1BxBtUHEiYsHdcL,1.46472641,128.07,1.46472641,127.78
LVmqKQGFYZczyHzAeM81EpfQZtFgAw7rgJ,1.25424656,125.01,1.25424656,127.72
LWm1QvkPvWrGvXzv6uTJKD787ASdDPQMWn,1.06690673,109.12,1.06690673,126.8
LTC8BeqmYgJ7R2VfLyyZFfDLEARwH3mNa6,1.4497963,128.03,1.4497963,126.39
LN5T7KEi8jSYNcLkvP9YE36SBJLtTb47WJ,1.395873,128.3,1.395873,126.16
LM7Jtf7EuGgYKSh9zR6ougt4zFasL6HbNa,1.09898,119.31,1.09898,125.7
LNef4bB1F9dpijDkQWZTJ8cMkNzAGTx5UX,1.32866469,125.26,1.32866469,125.48
LW8pxoDo2HkFLddjNAM2v1th9yJpEoSGin,1.24364189,123.01,1.24364189,124.64
LYisE6FMK4ftgQDiYG8qwWHuyBvkuT9LnA,1.2533,124.4,1.2533,124.4
LVGKzcPmdiAsJXWUDryH4dFmTUh7Rgt3oj,1.08527828,120.01,1.08527828,124.09
LZi81AnU9LKBWAfqHfkWrvYiHfRDxkT14A,1.39601189,122.06,1.39601189,123.66
LV6qRdKD5rPRZvihsMCs8PsX7yvJjaguXd,1.17272412,126.93,1.17272412,123.63
LgBXU4w4RjvkW73CZaSE17kFH4aXw3e5f9,1.39607961,123.54,1.39607961,123.54
LP5az2AgxN3nsnbCxo7CJSRNx6HQsCzzeT,1.41771,122.64,1.41771,123.13
LX2DSYQ37a5B2MgC1BrFkwBcqJ1Gt1eqb9,1.14492892,120.81,1.14492892,122.23
LRNjSZH6dTKpmjykNFJkwnBjUhDAD4HUA9,1.03730706,120.72,1.03730706,122.11
LYc7es1q4Eynhbu6RtF7pAc9zm4HUBfCfZ,1.39203708,121.38,1.39203708,121.38
LVFQpBBVUAgvGn2epXLSup5g1U3bT53rxh,1.38771423,120.13,1.38771423,120.86
LUhWiPQ9iCgkk1FDFWG1rDmvgCciyKxdNS,1.353,120.53,1.353,120.53
LcafgvyR2eqxwv2REYBhvmwWm2zHF4oP7r,1.18389136,121.16,1.18389136,120.2
LdHhaSnvpYFZJg61BRdaYZNRPQsKFN36zv,1.38391868,117.01,1.38391868,120.05
LVM6dkTwjvi84qF3HUsstujYaDgZeG8DPn,1.16235031,119.48,1.16235031,119.86
LViu6b35FZ8Ex5rSeVJ5uuiRNvhLP53ybN,1.36498774,119.21,1.36498774,119.84
LfA5T7yBDjdnCt1P6Dx5K1s9szK76XVGWw,1.42020238,123.09,1.42020238,119.62
LUFniBj8BLbJ3ffbdMWtW94y1LeTVg5vaq,1.31085466,119.35,1.31085466,119.45
LW4cDNNtUaL5PnVjWx7Ux8ZRPuKCuAqhsx,1.06260515,119.08,1.06260515,119.3
LRwaUJtvvzXsMCHbxipHZqV6xgSiCnE6aC,1.061737,117.47,1.061737,118.21
LdL8zBEwsq3Vm5wr91euXFHozS9ddqpJwv,1.39693742,119.62,1.39693742,118.17
LTD8j1XWp5x6J8rvDeSEvmSQi4YaV15H7z,1.30812811,117.8,1.30812811,117.95
LhUYxMx8euzgzhgPYzbLzfBVYxYi2wFnSu,1.16201867,116.89,1.16201867,117.93
LY1vr5QvVqKd34xHu7LK1BZ5m7vBLpSUcG,1.35238253,119.43,1.35238253,117.9
LbmGKyQhVdc5bkHWrTK5ovssGbRTTiHw1X,1.02227,116.42,1.00970793,117.85
LSEPGKZDJbTPTi6LiSTzzLvNtaezX9Ddae,1.3239,118.48,1.3239,117.54
LPDaBZuiW265i3dXtieyRZRxyEk2kiFQDR,1.04556008,117.11,1.04556008,117.49
LgWCeXwWYs5iBkpSSbQYADRhRCVpgjRxF6,1.07088383,126.14,0.99389463,117.41
LduF1JJ56aE1wPXPeoyD5fkXufEaXrZAs1,1.0802951,116.19,1.0802951,117.17
LXAqgdnfmX4ZG6pXnbyWhYMfUTuCG9Aiv6,1.16236697,119.06,1.16236697,116.87
LLbkEkgh68q5nNK3CCs8GNqCRMRNALDf6E,1.03495559,117.55,1.03495559,116.87
LQoNDhd8JPqCqCTpw7vZaZHBt3JdGtbZR2,1.17832053,115.57,1.17832053,116.27
LLVP3i1n8VuK2wSMs5ffW6vuAQFUjxrjo9,0.9998,113.56,0.9998,115.43
LQVwiuacAkXC8YkaPEmrHTcwjUuSjogHMb,1.18058982,112.07,1.18058982,114.8
LKuGXz3xXmxSrFEKfCxg4tWhDxP6eaWik5,0.97729528,119.2,0.97729528,114.5
LdJULCLmXZdsTJP5EKWbYZSTZmt2EhkF8H,1.40852845,113.97,1.40852845,113.97
LfyVxJfVGP1tJkf7Ka3omtwN38sKKtmrQ4,1.19881944,143.86,0.95617593,113.64
LWf4xPz13JraUiZ8F6q87td42A1Nj7TiWP,1.12002974,117.48,1.12002974,113.64
LVhfGwPpfCx77KihKhDx9MrvNvNLsjLjpT,1.31169769,114.04,1.31169769,113.57
Ldq5rKPfJetpuQifEg1cdZAK6HeHVqP9BD,1.0,101.72,1.0,113.16
LdFbyNuysn8GjQASHocRzC7bTdtVAqUJYt,1.20390336,113.09,1.20390336,113.09
LYuqwpnCU1hPFvVQ28TMgMbxbKeAArH5kA,0.97221166,107.15,0.97221166,113.02
LgzwBUd5D1YcCaYE9gQ2bw7Yzbgw1jvegT,1.13654856,112.81,1.13654856,112.81
LiSXm1GKNGhYKv6pU2rPkmtivwBqkRrUiw,1.2911,112.56,1.2911,112.56
LLHy7ZagtfDhGCWi226Dy9tN7rfcuGJWFJ,0.98629056,100.33,0.98629056,111.61
LYGVpNGy3kpsjqvf1FwqDDKNWm1FAZawLU,1.35799803,151.53,0.95747392,111.44
LgfZuDSRhv5H1GoVhyEtPHvdvfGysS6V3N,1.62126552,192.87,0.93862455,110.94
LQkPKzayKmeV1pT4Xd1KzQBCjaGGVJaMhq,0.9147457,100.98,0.9147457,110.89
LKNQFVEtnLi7QmPstVVyAiJgcBLtm1ugqf,1.2871024,110.23,1.2871024,110.23
LiVcd6xdS29rNy2Bg5BViQtciu2KS24e5U,0.84057792,109.66,0.84057792,110.04
LWDqm5AXuX2MxhkpxXTVBc7Px7yCbo8LWH,1.00428762,109.73,1.00428762,110.01
LTy3F3H1zPS53WmxyVcXbhXyXbaGUVn1kd,1.13050311,108.91,1.13050311,109.95
LRtWix813qd1HgdqYVjnQyn74WrPb8Z5WU,1.41542104,160.69,0.90889116,109.59
LZw5er56SYwn4itCuk6jk8BWXbY68R5RHU,1.19604807,108.96,1.19604807,109.09
LWk37YvvgYrpV2Vj6Np8hTQfzJ8YQN6Upj,1.17645043,108.66,1.17645043,108.72
LPudyM8shPp1NTCXKhGqEQKqFAyWZVuAMN,0.96608295,110.27,0.96608295,108.42
LafNKMWibTihFm39UUGbmqjE9cAXi4kJbp,1.07346539,107.93,1.07346539,108.03
LYz5oXs3y59nwVQ5efUjVSpoU2Rc8gwMrd,0.98955966,105.07,0.98955966,107.72
LbzRubz92uDebhKpfZ4EKSvR9q7sSPXBKi,1.1429904,108.75,1.1429904,107.7
LbgzAY3yJbspLU8KHUC9MPZRLtWkzivGA7,0.89827762,103.68,0.89827762,107.49
LYrBx3BRTaPbV7aAQiP42AF5nefA6szjv6,1.17255456,108.79,1.17255456,107.36
Lc2oyqEqFc3PwCjcQWo2aGPorfiAocFvxf,1.0,104.47,1.0,106.76
LhDEkZF7jY1EWB255TstuaA3icSWpbNmZ9,1.0005973,106.18,1.0005973,106.62
LUg8shr419znZMTaZ2vUGfwtv9kjzUNg5A,0.86537445,100.44,0.86537445,106.4
LM215Po8LDjKZK5pv9rT5593DAfz6shqBM,0.895,100.28,0.895,106.37
LcCZwjyz6bPgurcNyPPKWPxqQYjaiZ5zpj,0.94667731,106.08,0.94667731,106.28
LQaQdDQNQp5icc8u1MB9nuwephuKYdihX4,1.18141736,107.81,1.18141736,106.19
LSL9FX9UdwXRtLxRd25gDikmwoYTfPJdbU,0.87690908,106.14,0.87690908,105.86
Lg42eLKCpfggHVYLdrXQ8ns9XH94ho27H1,0.9406683,106.07,0.9406683,105.29
LeoXxN67KWgws6FcrKyfuGAggydDeRoZuS,0.97830389,104.63,0.97830389,104.63
LNjezPf6B4QQJfRJvPDADoVBGxjbn47Jnq,1.00122008,113.86,1.00122008,104.6
LRGGAVq9se7YgP75AATPjFo8y1WTqBGpCC,0.95210717,106.76,0.95210717,104.48
LQmmeeq92KtG4jkf6P2uMXJZoMh9SGaPyu,1.14103149,106.49,1.14103149,104.47
LQTcnGfhFuZdVyjteAUp7nAhE5uhZegi9G,0.92193523,93.78,0.92193523,104.33
LXiMdmc41npt3KEa8oR3LCbm4E5Yy5R25F,0.94810616,107.74,0.94810616,104.21
LMGzhWuXtqnBeBXZdSoMbUrCBsKiKXnJLr,1.09282984,106.1,1.09282984,104.09
Lfs1yv494qqFGbCc5o5kGF3PDBgkDAg5Vy,0.88840713,102.24,0.88840713,104.08
LiYGA2RZSesa1WVxDbkd4kSTwuuTbkR5Xs,0.94516214,101.76,0.94516214,103.89
LRUkpS6gtAg5Y6suqFbLZHuFT5Hx26o8UB,1.20229864,103.76,1.20229864,103.76
LUCvG3UDsciRaJNtexJRAR69oFB38oFFDP,0.91880405,103.99,0.91880405,103.73
LZDchjkHQGyzXuBBimN6tFyEM9Pb2HUPhj,1.15557918,103.24,1.15557918,103.71
LcUiP6Kh8HDHxNWCN673nonP3GQhb54ddc,0.80904324,96.23,0.80904324,103.71
LNdvBGGBsW1oexTQfZbdbf2oeajP6V56xi,0.899,106.11,0.899,103.48
LUf49n54fDwBWRRW9AdKmb3SbF22U8c4nv,1.19349525,103.45,1.19349525,103.37
Lf1bcq1prtg34pYSKyqRrSkY33J4tM3urj,0.82694944,102.91,0.82694944,103.28
LKT7BXtQHdJyH5yn8WTWjqVHtSiwmNtWbh,0.92949474,103.59,0.92949474,103.11
LgvWWds3t9UwrUFvVvXNGNPmBAkQ4z6P7e,0.9189871,108.61,0.9189871,103.08
LdqPnnG1thM3a73NUvi1kSkFMbRTKtfjfM,0.8899,99.79,0.8899,103.08
LLRbXL8VmspXnhWdPHPHZ99miK63mJizKe,1.166165,102.9,1.166165,102.9
LTzFrH5PL6r2fkv3eHYrHnLbDEdnQjEYSX,1.06219343,103.52,1.06219343,102.85
LcRJUVLeo8LskwL2Kadfnh66kMjwPVZjWM,1.10122992,99.93,1.10122992,102.78
LRJVungnV6MhwG563GKScBtbxQkpHkXFzx,0.96358834,101.72,0.96358834,102.74
LWLTXZNTaDdiuopoCuHARTVzyh5uGpV7SA,1.07860672,106.54,1.07860672,102.74
LM1wpxYsvaRDZQTCAyKLQ9SMue3Hg2SLzD,0.8482,102.87,0.8482,102.67
LgBXrpr7ujv7UX5dknyYQEwaniYddCaW9z,0.96095923,100.46,0.96095923,102.59
LgHhtowfhhU9QWZTwqyim6XAkh25HFcjp5,0.86974063,102.43,0.86974063,102.43
LZZcSe6dKoTYzF8M5WpFDH31ejAR2uZpdC,0.8861459,103.82,0.8861459,102.18
LZ7NvhGHkLUfef8fhHRpUr4nPZYA8pQ6Ze,0.9989,105.95,0.9989,102.17
LZHuVAtfuB8xoqyFGWzYyfQm1LkT9sSABv,0.88012713,99.16,0.88012713,102.15
LR8CD7KJehfm2xBnZFyYbVA6DQjrJebwAQ,1.13279861,102.51,1.13279861,101.93
LZU3oAQf4nrjaAPgewXni8ujkzwYrQ2JY3,0.84097218,100.19,0.84097218,101.79
LY4zmXBZM84J2t9SqD9APdAqMP54otM9fM,1.0,101.6,1.0,101.72
LSM1nWAygCVDCM11X9xas1CycoKBsBekHU,1.0507,101.39,1.0507,101.49
LNw7vZCXbo4QSuF4XtqW5s771hA3dsFban,1.0031,103.72,1.0031,101.26
Lc1FYpFodQLLGyDUd53gjhUYbZh4vhgkMN,0.878869,93.93,0.878869,101.17
LZm9Uy3bhh8nQBPM93CS84DRn1u9SEE98f,0.95771894,107.23,0.87962026,101.15
La11sbYrA6MEGoRnAkbkw1qDUcH4iUDFHb,1.1508928,99.03,1.1508928,101.0
LekdU4Gj46UmhMYF9BVbsanF55XbDhsk4X,1.110688,102.94,1.110688,100.87
LL4wYUYGwFSkhLS75SMbAfzfvA2SXM5RgM,1.10591909,101.58,1.10591909,100.43
LYBXrtd2F3e9DWzppnrf4fFHGYqPz5ai8L,0.82848079,98.7,0.82848079,100.28
LMZdRSErWdHciPooDQJaSBBa3JtTer3iWv,0.91152687,103.59,0.91152687,100.19
LPPoB2f6hEQoXRCe6RoWEYGYhM919YAryn,1.18098817,100.15,1.18098817,100.15
LbVUm7CiXjaoTBWs7YoRLhH5ACjVq6kScx,1.18198751,100.28,1.18198751,100.09
LYBkzfV6cj2d5sSYgMUh4Pem9cr3Z3UFyL,0.86905247,96.0,0.86905247,100.04
LVdtmGCNNiHDarPw6WdSfV8mTQZhXAS6QQ,0.99052023,99.99,0.99052023,99.99
LeHpvtAQyDGpJAtaTT5nbHLNEuz2mheKMF,1.04231811,99.03,1.04231811,99.95
LfK228bfKVEwirHiJXkkmPSjwZCd6vEdpd,0.877022,99.91,0.877022,99.91
LVvjt5pBF3VHg96SCCm4hwpzd2yA8GWG3D,0.88831526,99.43,0.88831526,99.9
LT2BaFGD1WibF7ZteNk29ehheXn3nfvAQj,1.15340253,105.61,1.15340253,99.83
LQv8AJ5jymD7zAmqLGie6sviPxmNXfPmWA,1.15065095,99.04,1.15065095,99.81
LbXTM2cqZ85zu12tT6Ys8JZaTzYgFzKeq1,0.87505794,94.44,0.87505794,99.66
Lcj7ajBsRqErGwdjNkj8CAGwsck5hu8QKS,0.84562397,99.59,0.84562397,99.59
LfgMv4vPp9Njq42ELjfuzaZvWTQMimnr29,1.1383909,97.49,1.1383909,99.07
La3A1wP8dndWw9EnUBeTC92gPdPjtaaXA1,1.07770856,100.58,1.07770856,98.67
LL1Vv4uDuGc4GNhC7ecSwXWYWP3oNT1rr3,0.917881,98.73,0.917881,98.5
LVLko8a2ryJZ8G3dP8dEoLSCJcCXWHd9Rq,1.10661245,96.35,1.10661245,98.46
LerjHD5FuLzXN1dnwkyhoCrf9advqoGXD5,0.9959366,100.12,0.9959366,98.33
LLz7PQHKDYAXCVToMWTjWcvzDYwUyGMtiS,0.87215859,100.49,0.87215859,98.3
LTqr2ZPPunKqoo5wumYbG7mPrJHuG5rufT,0.82406382,98.24,0.82406382,98.24
LRGp7ee2syfWCvyjt3PmF8mfAEiavehJin,0.9361471,109.4,0.83889408,98.05
LYst5GPotrwoXLtbmRkdH37MNkZA7C51Mi,0.87332756,95.31,0.87332756,97.96
LWCgtLUctVAgabiAQUbVqT3usKrbS7f7zJ,0.98573337,97.84,0.98573337,97.84
LXmQxqtrd1aY86jJisgMLnv8uLxoKKZfV5,0.86523346,96.7,0.86523346,97.75
LhMQie5ynQ8mCjKW7fs2HRYpbo3BA2DFi4,0.74727927,92.15,0.74727927,97.6
LeqS81QRpaQaoMVKeQJY7E3bL7GB5DJi3U,0.89495246,97.58,0.89495246,97.58
LZC8PCeaJt4S3xXTtoLkyfe1pcUo1f5MXr,1.08970931,97.55,1.08970931,97.55
LhmT1ydctfPHyYt5B5nENXPoxpTVTAg1VL,1.02620507,97.5,1.02620507,97.5
LPQbaMH3harxtHuvhqx7DogiVMCL6Lr55A,1.17152914,100.74,1.17152914,97.48
LQv3jGyefvDiNSezqTU6P6j3GirAnzWHBn,0.84084612,97.06,0.84084612,97.27
LazXnnLFmXfSfi76WP9TqVtnzHNhHXtW9c,0.92407012,100.75,0.92407012,97.07
LL77LLqqt7SnrwhVgwhUzCnJddgrnJv93n,0.883,100.2,0.883,97.05
LXumcArYdCvveBzBj6hGUWVw38hht3TLTC,0.94844599,109.09,0.94844599,97.01
LXgrdBPR7M56dJTg8SHhw5twSJAxDii6uy,1.15991629,96.95,1.15991629,96.95
LaGMh62ifcqLunMNoAAYtKW2QqbAvBMy19,0.95750041,99.43,0.95750041,96.66
LeSWWo98hUqyWL8eHVivhWbMSVDw93W8Qo,0.85840779,97.13,0.85840779,96.59
LWRBDKS1h5D586b5sQcMBbGKiTq8DZP6Z9,0.86240942,87.72,0.86240942,96.49
LMRJXRvPSdUi3mZ7JUW18aN5YBen7veCMK,0.88749191,96.76,0.88749191,96.31
Lf5D5psAcGkYSEZVA53RCeuKPfKZMtys5r,0.87485652,98.13,0.87485652,96.16
LKf4uuUnWdQarEPKfRB7XfuiCwkP7uHed3,0.81146306,93.34,0.81146306,96.05
LefX1bfDc7jpP3Gncr4TPLwei7WmqDPuf6,1.04087671,96.9,1.04087671,96.05
LbRGHCYFLRkmv5oDQMiex5LoH4EsK2MtrX,1.02417404,95.26,1.02417404,95.88
LPwQQ4Z12s6cBSu6PLX6QWbWxgTtw8Cbdf,0.797102,98.67,0.797102,95.79
LiVW1Sgwhp9BrEMZH7HAmf7qbHQukvYRGj,1.0999,94.2,1.0999,95.72
LMHhkNG7yEFGV3zqZ9kU9niMdzKzAapv6E,0.97697987,96.0,0.97697987,95.65
Lcm625Yyzu7VPJmPYXfwVHrGeqqmv2v6ZH,1.0,95.25,1.0,95.63
LdGnTUFCC8CSjevJJuyd6iiBLfrckSdX2Q,1.08099621,97.15,1.08099621,95.61
LhLnHv1iyyVXTACtMsc5U6QWrbW3dkAqm4,0.9009,99.55,0.9009,95.58
LgSKL6kwACCeafefhV5MW5yKQRaEszQg1k,1.02190592,97.11,1.02190592,95.54
LX5SZoNkBigo1rXR4ey1YByLXHP2u3y3Ms,0.840059,93.88,0.840059,94.91
LQnsrrqxBF6XitfRzSk9XGwVi7mZCxQpgS,0.78562849,86.39,0.78562849,94.72
LW9VEwKdJGU8TYmbE5cQni9iXsp6pNqHaw,0.95708,97.2,0.95708,94.54
Lh6HcBDQkn3KwnU337YZHAkTijSYvQ8sPV,0.96593964,93.79,0.96593964,94.05
LPfgqAWf8LvojfnD1bZXHjK46Hj9AAkEeE,1.06404929,95.22,1.06404929,93.62
LgyiDxaWDfuj5kWpXJgNJtatNzotrmTrYB,1.005683,93.95,1.005683,93.1
LhfzyXFm3A2u6udhUGB8RxfdteoRhsnQQw,1.02293539,91.95,1.02293539,92.69
LMouVvAFpijedVMnXkrjapLDNfvPSPrvSt,0.85109603,93.01,0.85109603,92.53
LY57hZ9o7K5Tw6gffudtamTK2yDvm7LYzX,0.8195513,91.25,0.8195513,92.02
LYZ8BTHi3wdmPz1hvgqpihrXs3LtestNBS,0.95474841,91.99,0.95474841,91.49
LLSg2k89dVAAP72QxXoivXC8qCaGLrjbbB,0.97987813,91.41,0.97987813,91.41
LRhtxF86v5otRBzUw6vsvEcXz8XvkDSaRV,1.04264985,91.41,1.04264985,91.36
LeHFiCC7ZuZJw8Uk1Fv3XRK6HLRYKSrkkR,0.7593,89.67,0.7593,91.25
LPvWbYC5XYeoWTbZDdTor2Au24bUgG7gKo,0.7980159,89.59,0.7980159,90.91
LdECcnhBWriHkxqH7NZfe2Bbo18GZM5WwJ,0.72515517,87.4,0.72515517,90.85
LfrAbKRrU1CArEpEC9jsobccSbPAeWg4LV,0.79056418,91.51,0.79056418,90.61
LhiKNG6oYoqct88Ng6rep7VqTDzEg6giUS,0.922,90.6,0.922,90.6
LXD4SSJqJybwtngvHeKh1j2YB2yK21xHFy,0.92441329,93.39,0.92441329,90.36
LX6YtngTFHK5nVqGKcPvm9v6YWGUM2ycqs,0.9499,90.84,0.9499,90.25
LZm3hWMKiWb3FXxGJpehJhsPx3opkbnr16,0.805,89.78,0.805,90.21
LghvWLLYKBYdp5jrHaqC88p8y5KjKJpvCc,0.83643204,88.75,0.83643204,90.16
LRetXVbZXNE1vFBr8SruL4423yayGNDS49,1.03886,89.48,1.03886,89.91
LKrYpCa9742R9NXiLdV8zMYPehJwrHhDa6,0.92881989,89.39,0.92881989,89.91
LU8We3AR4vVK9h4Sc2pjoj3Vsp6LcEtHfM,0.93563081,93.08,0.93563081,89.88
LTyEm3sbk7DHQKsMFGtE4JQjxMstMfritB,0.93611372,92.94,0.93611372,89.63
LLMtk9pDHBG3mYUrVDQET81cS3UJ2PSfzi,1.00046962,89.56,1.00046962,89.56
Lfsz2gfaMVsT2by2ovXuhG4euY6wms6mV5,0.74359058,89.83,0.74359058,89.55
LVzNhLM2nyiUViuYzDK4EHZVWthfPQaw6a,0.91050653,89.49,0.91050653,89.49
LeEr4jetyM8qzDgHqYXhTcW7kh7We5PaWf,0.98721137,89.45,0.98721137,89.45
LKXCauHted1VfkqJZbUnQDz3rarzB6LMq4,1.01548961,91.28,1.01548961,89.43
LVLH58Emt8Wryt1zngRoPXvJWNn4SLKzUt,1.00845,91.53,1.00845,88.96
Lcg4i1eE1of3A2mgDhtgtPKXpzvDCuCs2M,0.85873991,98.0,0.77446824,88.83
Lf8u2NgJ34BSnhFn3iRtAHVTPF74wiTVwt,0.86724189,98.89,0.86724189,88.7
LKRsicV9R2vLGSfG1DSXq27dq6SnkdB3fy,0.77843537,88.58,0.77843537,88.68
LMK7RHvLUmVf9TfkQANbJqSk2CfXCnTyJv,0.80221899,87.39,0.80221899,88.64
LZvCNkWKkAEhiVajQgWwkXapJTVyQrKMeK,0.91735805,88.31,0.91735805,88.41
Lb8jKAhX1RHg3rhKmRauhSNuCkqL1BExVd,0.78177819,91.8,0.78177819,88.33
LLSh66Q5fzj2ZrnHkiiqggtXTCfEWuvPL6,0.93714749,88.9,0.93714749,88.32
LVADQVSSdEwhkaLePivPnnNEQs2PAJTeMK,1.00277,86.37,1.00277,86.79
LeqsPguscGLHn58nzpZBGFJ2QUfRfVfvMx,0.71821377,86.7,0.71821377,86.7
LPwUoGFrdgvuKxGiseX23DNvk36MWWdjT2,0.9959,86.67,0.9959,86.67
LPAr2T6tAevPNKnmrA8bShCFPus9PW1kuw,0.76258803,87.69,0.76258803,86.57
LKjPJq7ecPhqxCCCPcNUefPnwDVPK7ZHzF,0.75207617,79.77,0.75207617,86.57
LVRp8Y6AwLUFMUmifUTbVYqYaZFUHuvJ8f,1.0,86.55,1.0,86.55
LRnEirspptujBZrMiZRPNjDKohKCDK5gmN,0.71222712,86.34,0.71222712,86.34
LKjGkUPHSD5775v38hdEwD9HX9phnuDCUZ,0.90512498,86.7,0.90512498,85.98
LcEU1JDi22zcYTNtQkCBwySQ2X6m58wUPC,1.0,93.2,1.0,85.64
Ld3mJjckYSq82UfWAoKpo9CT5HAJurC3nz,1.0,85.64,1.0,85.64
LLCuRmaHhtXxsi8TFLGyDhAd9MqvSAoVAP,0.70634638,85.57,0.70634638,85.63
LXqgNDMA5PZWboVU8Gxt4GwF84X1h9QNef,0.71948464,82.82,0.71948464,85.51
LgZkDyTDCnmTUT2Ubt4WKn4asgM21q6c6K,0.78757935,85.14,0.78757935,85.49
LUq53i1Pq3Pj4oPyDzV57nX3reAShn8rLD,0.85725783,87.14,0.85725783,85.43
LaYP3QoiQqefSjJ6Q8exrswrUtRPP2Q9F9,0.91911936,87.46,0.91911936,85.12
LSt8WxM3iLV3Wq8knZsja5NGWtQrUQnJxG,1.02910729,103.99,0.87740043,84.89
LMpNG12ZjXLN9EnbnW2hcTDvmShPG5XbD9,0.71347481,82.26,0.71347481,84.81
LaJdtySGuSVWd7FGa8YcNqpY33pprxiF4o,0.72521816,82.66,0.72521816,84.61
LeNiQUj4f7FdbAnb8gYZVVfH6XjJz4xq2b,0.86568792,84.38,0.86568792,84.38
LT2DAqVPxAhCzbd8sJR26563526K4He4Ku,0.90300077,84.24,0.90300077,84.16
LWQZHwJArvL1bWANwS9rxKvcr7ksimr4A8,0.82999535,80.75,0.82999535,83.97
LbiyBw323ZnQLbZcDwJerwfi6buUTv2Brc,0.85016834,84.11,0.85016834,83.94
LV4N3gsCrT3N3wVdPjJhbruEptMj6RQ7Xn,0.829835,85.8,0.829835,83.77
LVhvdfN6HAEh1CCXVG3yerPejYWfcZY5Qd,0.72326139,83.06,0.72326139,83.56
LcwLWZMV2sir21LzfuUHZFfXjPb7CQ622e,0.73126567,83.21,0.73126567,83.31
LVmNGkuXrBvdi4fbYfGDsdWfgR2pr8n8Vj,0.67425085,81.53,0.67425085,83.19
LPY4ufHaD4vCZnSX537pgVArMwsHDJJspV,0.83686127,83.07,0.83686127,83.07
LWHYYx4RJHSbVymippPGHGmg8bXGS7wdLP,0.76881345,92.58,0.65381345,82.77
LgsbBsNkqBG2xeeauVbRf4yVwtjoXJtfdc,0.88928477,80.64,0.88928477,82.31
LULa6THfifHueVVoH5SNuEiS85SJL91Bix,0.7584,82.3,0.7584,82.3
LY977haE7fE4xsZi4cc5LpGnbfaNo9oXrH,0.71397474,81.34,0.71397474,81.96
LLrG9PX96ooxm9Wh2W4Na3r3ExqFHRb23k,0.67131925,82.33,0.67131925,81.7
LbWaRqdfStGzpBbHsCKmsDpbNyGzcrfHaK,0.92352846,80.37,0.92352846,81.63
LZQhD4sdzrJUENcpScQMCgBZeAiF6T91Wv,0.85479367,96.04,0.72968494,81.47
LLoSTrUQJnAfLyAwmX2rukHj71dEYxZVNQ,0.76728019,82.79,0.76728019,81.41
LcxotShMLZ59nTXDBz33ce5AfNQJc78qN6,0.85276871,83.66,0.85276871,81.3
LRELaY8MG7LbaW6Dfzd2YNx1tcmK9LMvXP,0.81801119,81.35,0.81801119,81.28
LWsX9jTLRR2S9DrBZH8cde98XnuwaEY5zR,0.9571074,81.2,0.9571074,81.2
LZtRLDcv2bfLZBL8vTLvmr99NeHnPJ3kj8,0.7235,83.45,0.7235,80.84
LKPypndf55fc6PgD1nXEPopRsb99uHWEod,0.71055508,81.64,0.71055508,80.8
LhUURogMFyn3pVGcKrks2GsgZDFJpG9A5j,0.82652561,79.92,0.82652561,80.65
Lb7p1RXFuStH3uwcSefczQErcEHAVE24ax,0.85272915,83.79,0.85272915,80.56
LTk4ZgabEFQ2EyMWhBhLeqrsfyJfwRjMLg,0.84120485,79.57,0.84120485,80.14
LM8aLwNpZCR4xCFcynx9Fam8mPDPJMsHQc,0.72908436,82.74,0.72908436,80.13
LWNfDM5vRzariSG3ymgwCmefz7s1Gge53R,0.840618,83.0,0.840618,80.07
LaJCWg9A2HNLF5iArMxpWbHQoek8ZL31hk,0.81433321,80.01,0.81433321,79.98
LWYZruc6Yb8PwPi7jR4K63niqKbjKsgSj6,0.94871491,80.34,0.94871491,79.95
LdYEvhSdRVPdzE2GfgMEaTXvuTyRvFCg6K,0.67146987,80.91,0.67146987,79.8
LW9dXSiBaFKmW1BAobTeMpjvopDVBCaui1,0.745,86.41,0.745,79.54
LeHxJjREcT4AnupXVzDuFtPq9YsDXc6KNe,0.680219,80.48,0.680219,79.52
LXCnxPSC688xTFDe44vrvLRxaHs2whjP7u,0.99088672,79.48,0.99088672,79.48
LhBbsWaynH7KZEw2Z3mFGxJdMW5pYPDcx1,0.75540134,80.26,0.75540134,79.41
LSWN8osSufURrjhXCo5R8soP4XEzEjtAqU,0.83892775,79.39,0.83892775,79.39
LdyTp1bN7UmLmLtpqHiirhTbCp7GbQn7td,0.82296722,79.43,0.82296722,79.33
LYc4VMn5rNxZGJCrnX2DamMNuyGtk7G1Nx,0.8841966,78.91,0.8841966,79.24
LUdpC1U4mT1DtZcCEezLANYty6vg711ZiH,0.68106312,80.21,0.68106312,79.04
LRnmm8PD9CBern3FKky7gbVJEaZqWYmo9V,0.69840683,76.13,0.69840683,78.99
LXkEULt7AGU9HpcCQG9aapsVEcSNAa4tcn,0.79396091,77.74,0.79396091,78.72
LMmwc9rode6S8UYkhngXz49MnEeu9RKTqc,0.68276497,80.43,0.68276497,78.59
LaWo9si3cw5Y89u1k44PFTXuGqMu3TisuW,1.2194,138.96,0.6817,78.47
LfmXUuxuMDcQFnc2iz6UnVBk6eMe2rWqcn,0.64967105,78.64,0.64967105,78.43
LWc72eRSpPkHqSdp8iBuJnuWRgjhJXgnUH,0.66631234,75.96,0.66631234,78.42
LgQnMjKLVowG5NNSkHvAPscufS9aWcBiDN,0.6989,76.27,0.6989,78.4
LhKwMz1SXRrmHnaPYty1k841sh2BaDD2P9,0.83003195,78.2,0.83003195,78.2
LhtXwiFsRZHiTgQXW2f7pyPCxxviyYE8iN,0.68741132,76.94,0.68741132,78.15
Lg2kQHZHnvauXQBEUo8ByRAf1PmMnf44tT,0.67625235,78.84,0.67625235,78.05
Lc4vLw3MeUnNwTHcuYuxnBJWQQgFceH2is,0.75752853,77.63,0.75752853,78.03
LQBffo7VcghjXppLxG2gY97dqMrFPXTFHj,0.67861906,78.05,0.67861906,77.24
LVxJund85h2JLJdjDMMSAnU9U93bCAWbRj,0.72242488,77.21,0.72242488,77.13
LLNx9BVxdtjG9EXCBWwfnMRA4ym9y6mHDR,0.81729781,77.26,0.81729781,76.89
LYYGhon9FjZe3B74HUom27sL8vyTQCp6en,0.66272387,79.09,0.66272387,76.81
LYj6p6FW8PRwfHKwaM6yHzwA6wfYsuzCdq,0.763864,77.78,0.763864,76.72
LU2JHxzf3LjyeGETp5rGQ527bD9AxA8kgJ,0.71577713,72.65,0.71577713,76.54
LQFEhGH7SDDPTRHfPYa2PyapgNYWzs1sTi,0.66560632,76.41,0.66560632,76.41
LQ37HjrQhc7mwCm5PN4qiwupqSynjddqo6,0.78178419,77.41,0.78178419,76.14
LULPeWVgFiKE8d3257HivczkY3zMP7Zfcx,0.859258,99.64,0.651197,76.05
LL8btVY6NHYF6fhNkVnbubT1Wd9apSL6X2,0.74365828,73.13,0.74365828,75.88
Lda2vDbrgX81FvMAVxYJRrKjof7fDcS4jS,0.65529898,76.4,0.65529898,75.63
LbjGws2krXJd7zydtbwhengp7gQ7iU78kv,0.69327968,79.58,0.69327968,75.59
LYaBn65gNjB98niZfJfsisvz9jca1pJVKc,0.623276,66.13,0.623276,75.55
LZommoPWS3RhEG8tYT5mGYA8F4c6BQX8MT,0.77239357,74.99,0.77239357,75.3
Lhj1KjNF2KiaKK9vKexVkcCNwT49xw6Vik,0.66044137,77.95,0.66044137,75.11
LL91TKQ46z1oeWHu4WiRiXcenvWYH1UHhC,0.63888113,73.11,0.63888113,75.02
LdGacgzkEKgjXM6g1TvFaF8ALBG8NhQuMZ,0.8178908,74.56,0.8178908,74.98
LKbwhPVJ2fHnfrK6aEQSjo9Ba9NSNPtqZ8,0.85636688,72.88,0.85636688,74.72
LdNCKjTwSKRRby8GMZtV5rHbH66mB5Zxw1,0.7982434,72.52,0.7982434,74.08
LWveLkSoYor3B6eK9TzsshnURdCeMCwfjG,0.82710588,74.03,0.82710588,74.02
LKaBhyDY3XcxNEN7JQ7rrTuzcSXzKQM1qw,0.87830698,76.12,0.87830698,73.98
LfnQN7Gqrj79dWze5r6bqgXMZ1Cby4P1uq,0.79511083,92.28,0.62941755,73.91
LaghVc9TZgWNCJGQf26hHQaZSJtGcd5vVM,0.67159584,75.23,0.67159584,73.82
LaTCw7z2BZJknruzGmzumvqZwEWGKT3kT8,0.74729294,73.8,0.74729294,73.8
LQvWiqWmaGodAhX9Ji3dzs5GzWGPFA7V3C,0.72970811,75.45,0.72970811,73.66
Lfu6p6Z4tLS8t4WCF2QfnweKmhqv554yyA,0.77368211,71.1,0.77368211,73.56
LMk3PuWg7sGdbkutF9jn9p1NtAHZxsd9JX,0.6387492,73.32,0.6387492,73.32
LTyr64945YsqsE7YTX7z9uhoh7kRzXk9na,0.85505852,73.14,0.85505852,73.32
LeN6orYKQG6zev8oQnNCmgJ7EvnrwAtmgz,0.84004994,74.18,0.84004994,73.24
Lcai5JtGtxcTogPyvWtyH9b22jrwQQbvzF,0.609,72.55,0.609,73.1
LiDGhntWPjjkec77SVgmEkaXyEeUKt3VET,0.632617,73.76,0.632617,73.02
LSFS1Hw117tNMDYnbTvnonz6zDhkbekTNX,0.65021301,72.91,0.65021301,72.91
Lg3uTEWvzhn6zCrUoyhhkXUQCESUjKbTbm,0.84056654,72.35,0.84056654,72.55
LhvjC69faAz6NGYxwHptaqXCb6iBLxH3r2,0.6007,72.52,0.6007,72.52
LeVTGEPCV46yuzWznrERfAnMGTGeR5j78Q,0.6362,71.43,0.6362,72.48
LdVZJMiyhFmmGuzitp33fHuETc3LGaTPms,0.70542508,70.14,0.70542508,72.43
LWTRbBybETC1v92TfLSv4JjrwaHWCBesG7,0.8249,70.98,0.8249,72.39
LRkUCKgpbB3YQmV8FcchgriKurKeWvh6RB,0.59652025,72.75,0.59652025,72.13
LfYWHAhmw42bS3N8ww7ScQH66FM4sSYtEV,0.7269887,71.35,0.7269887,72.08
LKkihCwHVcVEuS6LXWNR2eoZThrBSQo2Ca,0.729554,73.65,0.729554,71.91
LRRKbgvdrv5kML14EjRpscYCAz7B5eAbpk,0.8,70.71,0.8,71.62
LR8Sf9RsvASVrvcVUkSyQHFZXd4JQh2gzF,0.6699,68.52,0.6699,71.52
LcTMy7nBYHUw4uaZzUEzwGK252wWJXYqt9,0.63205965,70.64,0.63205965,71.41
LgwKi9b74V4nDngTYRb5VV9RMBXT616ask,0.5768,70.89,0.5768,71.4
LSWLcgsivVs3LScK7oQc9LUqDXRByG827b,0.61411429,72.32,0.61411429,71.27
LaYqrBQRTkLYVyWgNGcLiU2MpWYMQPY8EG,0.7340478,72.15,0.7340478,71.23
LZX8eX1xQY8Bpsa96pXKAFi5tT8R1PMR5p,0.63761161,71.7,0.63761161,71.18
LVJxm4uC2TfKe69d9sUktjNWpN7eddePYw,0.5660502,68.32,0.5660502,70.99
LTohQhYPV4Dr2mXvQEkefhmzbRFzKPFdiZ,0.8209,69.64,0.8209,70.84
LWJpPNX6w6gWocA5XB2eiA9GwkJQ1ixawy,0.73743333,72.33,0.73743333,70.84
LKRaEo5t9P9NEayo2bJdyzf3HYRyYT2xBa,0.59600569,69.73,0.59600569,70.84
LTVtHR3SW8yf8E95s7uMz98yR56vdRWvpp,0.62155922,69.78,0.62155922,70.81
LTRPPnsQsUWkcPiyJdSzNKd79XJytiR47y,0.61400818,70.68,0.61400818,70.69
LYumVWY2UvhNwWem28qbLs7RBzLPMpHuDK,0.6123,70.03,0.6123,70.61
La5SAwfPPnDRLtTqeHPGd7sY8D1zwmGhad,0.72561187,70.54,0.72561187,70.54
LUcRn1bUbBgvh7NhL7WWjTTmALAU2KzrxV,0.82471561,70.99,0.82471561,70.47
LLXoq62KprJ49Zt92McCJkmjo9w8SvWQgM,0.5936589,69.43,0.5936589,70.25
LhUWfB2Ce7ttcFWTi74B6j2fTWnv7S7kK8,0.5819872,61.79,0.5819872,70.17
LZzYuRSwWNuPrJfiVJU7J5Uk1xcc8w72MN,0.74105441,68.75,0.74105441,70.13
Lhq56ozgc9wGBUH7SEwEBkzpVShLsgrf2T,0.80943792,69.05,0.80943792,69.93
LQmHzvnPTbTNyDuCtx2zNC6jCtFjG6kopT,0.5358615,64.34,0.5358615,69.91
Lf2Q1EuSCyYx6XkhQ6zUVHx2UFKWwDCgr1,0.78434122,69.99,0.78434122,69.75
LezcFZXaTbiA18vcc4nEqRK4X2oC6ZEtp9,0.6049791,69.46,0.6049791,69.64
LVj9Xq1t19xwEXwY547JQs6ymvsaU4pppS,0.72711383,71.12,0.72711383,69.52
LcEQPUwX4iEBZhXDBLAkPduUgJnBJc9diG,0.75711938,70.97,0.75711938,69.4
Lhbeg7crnbxbsCqZzmBMSAhBDBVC2ACYmp,0.727,69.34,0.727,69.34
LfN11ipbcCMNNigyAbaknPu2WEUcEKbt4H,0.61031251,65.42,0.61031251,69.33
LQ3NmrNkhPXWRupYgyU7AAFPQiSmks4R1H,0.69051899,66.04,0.69051899,69.28
LXwDcq1VBzskcxKPgzT1g4eAKiB566ALBP,0.6,67.9,0.6,69.25
LVYtaGQMhBHBQ1fAeCiSXyAW9qEKfFS3gK,0.70854415,70.85,0.70854415,69.23
LKd4BjEYwM8AkJKWsnPiNQAz46QqqipsKs,0.8,69.04,0.8,69.04
LV9xtLaqFCcHhkJykXGCJC6MssBUerK3Rj,0.56767185,68.24,0.56767185,69.03
LgBx9Bd1qLEw1wPns8cAczEXFaKHT667rA,0.6047443,65.86,0.6047443,68.85
Li4g98KfTqzfpRfb227hnMjk2H9xJf2acD,0.59798316,68.41,0.59798316,68.83
LeV4bGp4eRxoqU2tWjdcb8PdBUMaqEBYKf,0.577322,69.43,0.577322,68.83
LeBsaQW3JXgfDQwUiv5uRexeVnuLL7nxZT,0.78938895,68.82,0.78938895,68.82
LKrKrFfijLQ8KD4qVePLhyCzKyNbwtb91h,0.78618568,68.59,0.78618568,68.59
LgHA3srv2w9QcWRWbopnFYyxzsWYT79Jn3,0.63397708,69.96,0.63397708,68.49
LgyuUZV49i11fFcrLuFG6zWbsWtRHhYiQq,0.6805,67.86,0.6805,68.4
LQWkWBeBatQw3QSGnJpvDnn1i7EUP8JJeM,0.59218095,64.29,0.59218095,68.17
LQ82LduroQUNYswEMb4NkQQ39dnD4x7Z5x,0.61017774,68.06,0.61017774,67.99
LcNmFM9ayvb411pioyGt8CrmJdzeyWyF8b,0.60553633,69.89,0.60553633,67.98
LaCz8RKqZYgw1wZh7cRr2YcfRRaUdMqefe,0.69800185,69.02,0.69800185,67.87
LYZZwqtWVJLpnr57N3KpJQEzWCuQhpdQeY,0.5797,67.68,0.5797,67.85
LeprkKk2rFsLVKEr5ea9L5UEuvzQPNUpJn,0.58502334,65.48,0.58502334,67.76
LL66SBgzThmiDomHMabDQCFxHb6DuxUd42,0.71665932,67.7,0.71665932,67.7
LVsFWj62tWgHC66Z5SPRN7oms61iFBcjyo,0.7981889,67.33,0.7981889,67.52
LNWfZxy3k2uWXEXYqrJSfahZyBTC3CBHVG,0.63438753,67.63,0.63438753,67.31
LiNbMpZjLBM4DJL5FYXLoPc4iAai6uPstC,0.56625141,68.23,0.56625141,67.3
LgaMaVXA1vxhxx8cxoQjxjh9WXoUrK7p9m,0.617688,68.18,0.617688,67.25
LTivjCyThKvyjH45mD4VcdG4rT4mMBnVRB,0.546973,65.21,0.546973,67.22
LX1nzBmwFEwXibep8h1XoBeczV4AhhSud6,0.7088214,68.33,0.7088214,67.2
LcK9YnBoQZePRySFAbmqJswCc4aP7hzAkw,0.57663122,65.82,0.57663122,66.96
LV4ZzGX2MEYMFtfjrWnZCk2qc439MUnrPE,0.60577021,67.22,0.60577021,66.91
Ld2LsXE9XKgg43yv1XUdnXAd39e93RbnUU,0.5799,67.85,0.5799,66.75
LQZQUZ6yBHvbqbjxAx74SUUoaJS1Xzu6Ge,0.5605,67.54,0.5605,66.62
LNvUgE2fdFiBR2yGDESsZgkzT6k5UqGjSo,0.78698005,66.56,0.78698005,66.56
LSfG8TBDQNiBo2Ru9rz5LWZARNAd1jdo2r,0.75965235,65.97,0.75965235,65.97
LdV7Mokr8gfRGA4vFxEksQvdFQmQB5Sbv3,0.5439,60.04,0.5439,65.93
LNTN29Y5q1H6YZfo5UdnvFvk7sZpm9k9gz,0.74631225,65.97,0.74631225,65.82
LdZvmBZ6hB5jsHTyip6zZ4czsJUMzdCD9h,0.7564,65.5,0.7564,65.41
LZEuk5GWiutCuWxzTisbdbixGybsDEFEcF,0.66472376,67.1,0.66472376,65.32
LMc4L2bFLg8AponmB6Rh4MrYesczfdADFw,0.74598482,65.09,0.74598482,65.09
LhP3NhsZvskNN48M9DPdUnrWoHoNxDHY2o,0.64358381,64.97,0.64358381,64.97
LeS3cAYP6wSuxiywTA1d6hxXHdoSB8P596,0.59738234,65.04,0.59738234,64.95
LWWMghaUD4nT6T59WXS1L5b2deefVTL95r,0.5387,60.3,0.5387,64.95
LcDgWVLYGLyv6rLdeFkkVqdrmNLbzFBJM5,0.56448925,64.68,0.56448925,64.85
LfgRxUupaCmr1YEuUBE5Rpda33dTy8fDiW,0.50868805,64.78,0.50868805,64.79
Lddw8LjW3XD2K1VPtD4vCLjya25xeuknuQ,0.57547269,64.61,0.57547269,64.61
LgAhjzEeUJcp5sN3TWcp6iHZ2pD2mYzj3i,0.536644,65.05,0.536644,64.54
LWwskRJRqWgMDHiCyGRtfGnDvPhpwSeMT6,0.61753364,72.99,0.61753364,64.51
LaGJSNcgUuBx4secCx6ud91aaT4WqRibZz,0.71708354,62.84,0.71708354,64.5
LgXe2LHWeHkiSEjCpfGJLNBz8dM27HWC7E,0.63893405,64.5,0.63893405,64.5
LVGq1cy2tUt6wzWqY5PkhQBiEiYofeUNsG,0.5599,59.16,0.5599,64.45
LYAji8QG9FFayznBCreo8hweZFfZF8bHEh,0.54912679,63.62,0.54912679,64.41
LWX68Gv7V6pxeciog1wDuwSJ6E8YrTftsS,0.4931,61.02,0.4931,64.33
LS97EU8LgHSmfyejDuewde1Qr1gMLquYNP,0.55898051,64.23,0.55898051,64.29
LgFMH57zThjzGLL2bM1ZiVwQS2SbPoN2YK,0.5723014,64.25,0.5723014,64.25
Lbpf8ADt88TfxzGTyZgAuyk8Woo8F6JyNu,0.58899121,64.12,0.58899121,64.04
LNeRdusJ8KFMAzCGrzcggpukqA6RJq98pj,0.5695473,64.63,0.5695473,63.89
LSBGzj4SxjismoaPvuVpA3Rt3efaYnMPq4,0.63670236,63.84,0.63670236,63.84
LW7YnwaGBJyxLZVAffiMN8mKUwiKF4fqUG,0.55007121,61.98,0.55007121,63.84
LehW8WZ5tnR2e6y7mqg5SikUPApooLiPtT,0.72894871,63.82,0.72894871,63.82
LT3Hc2iLPK2CwtaRUVJEZTar6VRgagLdxL,0.585314,67.19,0.585314,63.82
LNj3dDLa1zvsURGtnWnsgyhhHu1hjQdoje,0.61062377,63.85,0.61062377,63.73
Ld73RQZkdszSdroY3JXnqbgqZ2naet9usp,0.6664,63.47,0.6664,63.73
LSvS5xCd8CNGEnbGWy9peyNEqVx2nypBzd,0.53505771,63.72,0.53505771,63.72
LQYDZJRhU3aq3gQCGsDDVTrPZBgPD3JjoA,0.661,63.21,0.661,63.69
LPe83dKERboZt4TVE5v6SbafUAiy4yeDNU,0.54864605,61.82,0.54864605,63.68
LPudJ7qkH5KnqoRFVVkSbJf6q32aZU6gB9,0.68086623,62.97,0.68086623,63.56
LffsEGrXrG8zsLiBdTTKmHLXzcPxKTLBz3,0.79242491,63.58,0.79242491,63.56
LPGrNyh9EC4qk8H3s3dX3hnyGKRwC6en6v,0.75331931,63.45,0.75331931,63.55
LPvaBwdV2xt65oXKphiNkGEStUYakaNbJY,0.53258379,65.48,0.53258379,63.53
LQvk5qKfskWUR4ebqSm6337nhLGLrt2wbK,0.67208146,63.49,0.67208146,63.49
LV9n5YBfWwPDA2xZ1GwUwQWB5Q2DLx3KZc,0.5565379,63.33,0.5565379,63.4
LXLdhQkPvuXZYCKy9oXZWnBEMkQMaSZ4Z8,0.56222684,59.99,0.56222684,62.99
LSEZKA152JfcYxdqJqH9cSdZjG5Q56nxeR,0.53646911,64.43,0.53646911,62.99
LVmSfNNGyXxayd4UQvFgooapEQwBHehK2i,0.63982633,63.43,0.63982633,62.74
LUHHGXpYvbefjFa9oz3v61vJLXYw3N7QAa,0.52031577,59.17,0.52031577,62.73
LWWEPXKr7ohL6pgiVumBtDJ5WweT8BCFUd,0.65832889,62.79,0.65832889,62.71
LcnARUFYWWxJXUPxk6bt7b1SymAruthz3f,0.55284322,63.38,0.55284322,62.63
LKtZ7XA5dVqyta84VgvLWbtx4rz69N6kmA,0.59934035,62.78,0.59934035,62.58
LgcyTsSMYKMsPcWqTnoS8BmaAnBKxF748A,0.73754015,62.57,0.73754015,62.45
LQ7zCqsnEW8Z5qiHe2uB7Z7mDaojUUUgXk,0.51561416,62.53,0.51561416,62.41
LKeZEZNvLSbx8ddYCZpJFrttYb455GzjL1,0.65451254,63.48,0.65451254,62.38
LSkgYDRqBDJFByrmWZaz2U8U3KnvGf9f53,0.53622871,60.42,0.53622871,62.23
LQ5YuuNqfNTPWpkx6jFeicpAgcVFAHUxNb,0.699899,62.34,0.699899,62.12
LTYMMQMJ5rZdhfFnoche8nnZ6nZsobzacL,0.53773427,60.85,0.53773427,62.07
LgtY4YwC98H8ALAAJDxP7u1aeS7qDMUj8E,0.66228513,59.98,0.66228513,62.01
LLmpCAMzkeQPqo9BXhcQZYHPbppKhPLLio,0.5612101,59.74,0.5612101,61.89
LVV12hR8oZ5p6zsAZvhuU9Re7xUQZm5S3a,0.54112122,62.48,0.54112122,61.85
Lh3QEjXC5AZ9fySbrvDHpPUgEenbqFbkmT,0.65091928,62.22,0.65091928,61.84
LLMzyTHi9UTyWPSfqAK9K1ujQCfkosAPpQ,0.59606479,63.83,0.59606479,61.82
LSM64rjcumxxQ1tKRYBFFdGv8V6eijfCBP,0.5991,61.7,0.5991,61.77
LXFPFSTeUXgpuDFHawu6PjQF3wSHg5B3Se,0.72733127,61.76,0.72733127,61.71
LRTKvMNDFi5WuL9s7aJVd41Pnn6xDBRoai,0.63901932,62.15,0.63901932,61.68
LPj4gZ6uXwa86xQErpcMwv6nVQmJCp2Z77,0.5867575,67.29,0.5867575,61.51
LVYYCoNhPkmNMqggi947LBzbSHPMfLZGsb,0.70068901,60.29,0.70068901,61.49
LhLeGcx2WgWgiEeUDo8FXfvYUBhWuc7nQY,0.64266083,61.48,0.64266083,61.46
LTLUjdsrr4yEXSVwiJqo7sHXHCsuLPa3uw,0.509,58.55,0.509,61.37
LN6ojwSvghuXeHw6Bo5jyAaANwJjzsVdkx,0.72082939,61.35,0.72082939,61.35
LYqqe39rxafJxL3V85wz9Lox1pkyireTGh,0.60716454,61.29,0.60716454,61.29
LfuyQSYSbgJWVTdfHzCZMy9gWavugqAtQn,0.7099,61.26,0.7099,61.26
LKTk7n22fZg8LmVgr51GoaP8BGKKjmCikE,0.5331,60.73,0.5331,61.19
LhHi2YcWn9pyY31FpHrV2Kig8ttSvqiWUr,0.52544911,59.2,0.52544911,60.98
Le8M5PdFuJAvHjn4z7GnuUdruwPapxrr5m,0.59710159,60.67,0.59710159,60.74
LdGrhxLYGr4nY6qAutT8baWyx46qStL6mC,0.72584384,63.86,0.72584384,60.67
LbcmMQRC1oR3daSPVtTDkYXqxxHgDufGhC,0.64167001,60.62,0.64167001,60.62
LaUNRDr2ftDdKUYwFpJ5KGjvNbKnmctuW3,0.62097943,60.53,0.62097943,60.53
LMaPcbNQQnDHGT4EX4UhZyDUXK6k6adB9o,0.59899771,59.48,0.59899771,60.47
LW4BoMLYwsHjpstpM9P5gRg77HYFQb2iFd,0.50692801,60.44,0.50692801,60.44
LVtfoqcZMUopnMANAEjELrcVY68yMhiJqA,0.6999,60.4,0.6999,60.4
LQrqqcAzc9EFzwEPUK5UriXHnbdMmYgdTT,0.65796688,61.41,0.65796688,60.24
LesnwmF3t5txBvAHQcj3ggUZjq3Q4GRVw2,0.48657854,60.23,0.48657854,60.23
LWFtfka7Ststr7xWG1po5FtPRpiJXY2DNL,0.63415238,59.91,0.63415238,60.18
LZo6Z1ZNicSUyUqkyjgw4efHkzg2Ss778j,0.53667262,60.63,0.53667262,60.13
LRWeztkUdfUginTGLmHMy8gwXkz6t82PRx,0.55262149,60.16,0.55262149,60.09
Lg9321itACzYQnHghAhDtfiHtcGvTcvnXq,0.49748493,56.07,0.49748493,59.98
LhDi2foZJpHgGGp8uZsDHt9NbVbqVwQufY,0.69284707,59.97,0.69284707,59.97
LMPEvV4D47eG2cAeBVykUcZnLoqUzUcP7j,0.67580509,59.89,0.67580509,59.89
LiMJtcS2Xddue7EtRBZCnfH6KzuvkLbLRN,0.69156293,63.32,0.69156293,59.85
LZz3thmCjpbLKnYAtCXrVYRY5ebMDpVhvt,0.45721252,59.65,0.45721252,59.85
LcCwJ7kBF9TAEnKLpEufrpAYg7Y7WYN5rG,0.68855657,58.77,0.68855657,59.84
LZuwWEK7CqfoQSHQQkocW7utmMxJmbGTVK,0.53345861,59.24,0.53345861,59.82
LRdZ8JGkC8bc4UhvERQw76zNJcBQLmovvM,0.45676004,59.79,0.45676004,59.79
LaVVQDvasiEmoPU5TV7GoBaJQQ5RWoq1e6,0.45829514,55.02,0.45829514,59.79
LcRoLRMYiU2iVgBXkN4HAhcfNfFEkFsPeB,0.51493305,59.76,0.51493305,59.76
LSbjCUCCRzkZkM1pqjFQKsopv19WbGbY5j,0.71629924,59.7,0.71629924,59.7
LfUNKNed2i8ivHz9UnxdB5Up8sTFuMFbkF,0.562557,59.68,0.562557,59.69
LWUXCzvW8y9ENV3CTStk8vWS55krwQaRBa,0.4999,59.6,0.4999,59.6
LZDRgqpTNZXwSYpq9XM4WeJtkf7owgECeJ,0.68263205,59.51,0.68263205,59.51
LYGEx7mj3LqP47Qu9TdP83St8zgpMCA4Qz,0.455939,56.42,0.455939,59.48
LTmYSxGX1eo73gYE4UM1QkPVS3iwHfUQCB,0.52104228,59.61,0.52104228,59.39
LdBJXjjNemBdLAr8NdzWh5buccwFxfi3KY,0.68605572,59.19,0.68605572,59.38
LW1vEdCHUApkiDA9UnCKver7JsxvfN1XrA,0.49546712,57.19,0.49546712,59.29
LWP8WwsMMefBVS7CCP6HrdKFD9ieanGFxM,0.67922316,59.26,0.67922316,59.26
LRqKPwn1MKUoNvhjk5Ge2i3H6txjJ6pDax,0.606412,59.11,0.606412,59.11
LT7FQ63VJwJv1GfhfJgdEUFGnRLJPVdL1X,0.55252319,58.61,0.55252319,58.99
LYnRDC5TFDX9WzKThcBpNyhD5z5mX4qpvp,0.50890044,61.31,0.50890044,58.94
LUsm5B7PNW2i3ExzP1GCWtJxdSSxDEYphy,0.5097706,57.69,0.5097706,58.84
LQamQ2WQBkBfAPUiJwTivYsQ2PBE4ENuTc,0.73331064,58.83,0.73331064,58.82
LKYeadKKJArauMrmEmihAPYSa5tfWHMQ8j,0.649008,58.81,0.649008,58.81
LWZcvL81ote9xB5krBPHx38wJvMbAtCogu,0.57269056,67.37,0.57269056,58.57
LfgKVMeeZwVz8nJWhHuE7hP9PvAZCR72fR,0.48899237,57.69,0.48899237,58.57
LTyWVfLaBMVCyu2Zm1Ne29MSijgYsb6kBf,0.6162368,58.55,0.6162368,58.55
LXwvXhHfs6r2xs4mK2oaPsNJzkNdd1HEhH,0.48387096,58.41,0.48387096,58.41
LfvVnHM2CQMHpeqkmsoPQkdeeh4AjpBZHD,0.61195882,59.42,0.61195882,58.29
Lfjjdc3hEzoxVymPC2ay7pYGTFSpWcMA73,0.51126355,58.18,0.51126355,58.24
LZPhMz1oV62ePF317UswuUrBMCYEwdyUvy,0.57219149,58.13,0.57219149,58.2
LUs5n67Auov5FqGG2BxQygPJ11XYhh2629,0.50412951,53.88,0.50412951,58.03
Lhcm6RH2Y9fYucr4Us3ygfoUm3K7uFJBCg,0.6626,73.35,0.5327,57.98
LYSaPxPezjcUMqfZiWtabeBLpSYsoohLGz,0.77825112,89.22,0.52924362,57.79
LezRp72ZuqC1tdZgeziRafhDox9xDfhxgG,0.47902798,50.61,0.47902798,57.76
Lgke5bvRaMETnnmrwmUcYF4ZiNQKxrpMcc,0.60111652,57.64,0.60111652,57.64
LNaBUmQsULWrYckgTnMDzLLVmVQzRPwbQo,0.673,64.19,0.673,57.64
La58eMpt9Fc5kuJpMQsCYRv65novCsUnbA,0.5299,57.69,0.5299,57.62
LLDmJqVFzSA9RdFCbSiXfBJrnnNcVLbKMn,0.65810598,57.65,0.65810598,57.59
LLtZGEwDZHLTAeoCArkJiUv2wd4AcKaDpN,0.50646255,54.03,0.50646255,57.59
LarXfsgnjv8KG6xdRvjChyGdDK39aSAMC6,0.56937228,59.48,0.56937228,57.59
LXw1eUKsrUkC43FVwUYVdR39v2Wp3q7Btq,0.4885374,57.54,0.4885374,57.54
Lfbb34d4ZzJJXjwf9rqL6FQyo9eomB1zFj,0.48401037,56.06,0.48401037,57.52
LdyuiTSXKM946nGhudxRuDJn3vkTdTsVXJ,0.485167,59.65,0.485167,57.34
LRYZmKryYrpB6tSMHZEGn9N1oyUacbQW8f,0.48205976,53.3,0.48205976,57.29
LdjRUEhQWZeKJFLDh1mt1e6F6fxrm3hcpg,0.48230957,58.43,0.48230957,57.28
Li1WjMoSqXNTga8qv4P9QfuMnqzAQUxGZo,0.67050935,57.05,0.67050935,57.05
LeGQ1WryW2Hh7bT7Rx18JimzBqxN3rRt8N,0.64379673,57.34,0.64379673,57.03
LLzbjZtVR4btDXADB15vFzXdNPfDzd6Kzb,0.4823,57.8,0.4823,57.02
LcjkcDo1Xm6M1AmAZn2bG1TydVajwj7BZJ,0.66893557,56.91,0.66893557,56.93
LWfZwjAo54czexYcqz8ePzjTDw7RgvJokW,0.5974568,59.9,0.5974568,56.91
LW5jvubvS9vHTv8D6qRHH6GWDKkM9Y59qE,0.57913399,58.46,0.57913399,56.91
Ld6GxCv2s3CzrZwCPoXfd9BPXXBrWesELY,0.65258888,56.94,0.65258888,56.89
LhY8e75MFK257BvLaSLC4y7mNagXih7zZj,0.66987895,53.73,0.66987895,56.83
LbHAdU2th4eTASm4WVNaxCUUxKZ1PqzV3v,0.61571023,60.3,0.61571023,56.62
Lho21aBeEBZ38pXuaT6sN81gAHgJ4EUHHS,0.50057804,55.94,0.50057804,56.56
LMUd3pwughFQq3bxKCMrdos8hRH4NjxDnM,0.47546272,56.84,0.47546272,56.51
LdGLF7MWbJnENLze4MstZyPPWqnKFhLJ5Q,0.59846618,56.77,0.59846618,56.4
LfBxKQ8MHSoEKgSj2d2ApqHS3eJbp2iu76,0.61864759,56.45,0.61864759,56.39
LULvVn38ffxjoxte7iKw6dTAo4tebEEu3k,0.65353931,56.29,0.65353931,56.29
LhYBZ29qf94c9wXyTMMDSWAWDjhjpLZuNh,0.57923817,58.46,0.57923817,56.25
LYLPyuquFD3YD86xLb1ZUUrKsS1iSXVSL3,0.46341505,55.5,0.46341505,56.14
LQeGs6YUHnngodj4ksuBGjW8CPcjqvSFfc,0.5,55.52,0.5,56.02
LVxXKc1xk6pwCv55WzKddnKQFbTLknyTeE,0.48216951,56.79,0.48216951,55.96
LgBytLBYuCoQCCcaz1fa9xdJJhjWV95gQD,0.5893655,53.4,0.5893655,55.91
Le2keXQHESR3Wq9dF2VWHZRPrTQEMZ89YD,0.485612,53.93,0.485612,55.9
LNRXbJBFEfzHmC3xXzzgViuEWZm8sRht84,0.49906425,56.27,0.49906425,55.86
LRsKgUDLbbtUNG91Yg2v5gFtmRVo8g8ygM,0.59120626,56.09,0.59120626,55.83
LMjLm3PpPoKDjRTUHqHoX1weBbwisqAYXv,0.49848673,55.86,0.49848673,55.8
LLbkTs5QvYKQN3QgHF4GePT2qqXePeLsRC,0.639103,53.42,0.639103,55.76
LRaNihiDGz48xDNqR1fMpAtRbzcHk8JMbN,0.453446,52.63,0.453446,55.75
LWZQ7RuE3HaafFbSF4WwWssP1kT1X7hZvf,0.51901067,55.82,0.51901067,55.69
LSd6HyHB6L3su65FZjYpuRgmGWrMEhgvf3,0.45959722,55.74,0.45959722,55.63
LiCpWUgezb4tEBcAgoaRpoj2TJABfurMeU,0.46,52.4,0.46,55.46
LQUYLsfo1BeDEkDYWmJT38uyds4ZH5rKHm,0.54935,55.46,0.54935,55.46
LLbTSGSnN4a52yKQCwhMBuUAr217qmSEfN,0.65799363,55.45,0.65799363,55.45
LNok8G2pkXErK929bodAeoF873cbZPivds,0.459,55.41,0.459,55.41
La2U1LHrGtP6fijdhTzhetRcMQP5geM3zb,0.49,54.31,0.49,55.36
LPdLrXLrB29jMeXYbCAc8dAAyr76JqUZs8,0.52078135,55.25,0.52078135,55.25
LZaTe89y9WmJscpgrANFGkPzQguA2BbxN7,0.47986963,50.64,0.47986963,55.24
LX7vjFqNmE7VsThdui1BUbmnqBYVkLLKbg,0.46408005,54.85,0.46408005,55.16
LUwEqYs9tSpk1ZW1cPboLSMAHRXbNJXQhw,0.5060843,53.64,0.5060843,54.77
LcyoNPmYciFXXtAn8DJ7JtXfywKvGkrACA,0.62549755,54.76,0.62549755,54.76
LWD3BnyKSgc1TiSc9UGQVHhSDsvkyBkBbe,0.50301893,54.76,0.50301893,54.69
LghycoWjrHJ8kYUBMwMjzByxYBf2bXdAq1,0.62228095,53.55,0.62228095,54.61
LY6B2ewizLAbx357vXGXY68uB1pSLi2Kzk,0.4868,53.12,0.4868,54.6
LV3NFSteRZbe9amuKCP9mR8p7Hdf8HpWTi,0.63413419,54.33,0.63413419,54.56
Laka92hnmsXX6Yg8nA4ZkhuYzbxorBXQUu,0.51100891,53.42,0.51100891,54.56
LiMsvz5t6z2Fgywa2EfsWJfhMfsXZWZA2f,0.63888227,54.47,0.63888227,54.44
LQQSomomS39sHEAr4rcpvusjSehDQEGfkg,0.451448,51.97,0.451448,54.43
LeVtdJGGiNdzYwU7XKz478jfv1EHk8VjB1,0.6142813,54.37,0.6142813,54.37
LQyTNb1EppnTTc7SPgVgN4skcxDZLVzLtN,0.61797191,54.37,0.61797191,54.37
LW7mHRkA2PFxkuEGHvAwudhUQykXwGAXrH,0.56351375,53.89,0.56351375,54.3
LLXqKeLqrLYbwZCY1U4PE2mwBPUWGa4gL6,0.44100637,54.22,0.44100637,54.22
LYSvqfoFRcLt4knk7RD3fmAQaBAG9x9NGc,0.53569498,54.08,0.53569498,54.08
LhXBUHgjLrAXJdCe6u7jJ9b1gFTVLcWMv7,0.56985687,51.63,0.56985687,54.06
LeM4HihmGm5beV3oQ92A4hzog56kBRM2s7,0.67381474,54.06,0.67381474,54.05
LfmDR3LRrMWL8qSDx6xocjTjC92vpNDU7j,0.47855803,54.99,0.47855803,53.99
LRFYyHg9q4eEaC8nt96Gym8fvY4yEgrrwL,0.44809388,54.32,0.44809388,53.89
LS77VFs6c9TgvmPtvpQArgNWNDu1YoV5HR,0.6119439,52.81,0.6119439,53.83
LUj2hC1BXPFXBr5EML2d8R2CwXyTMFYPmP,0.62037699,53.43,0.62037699,53.69
LLutcSyXrEit1B311v86miuN4bGh58yXPK,0.4782107,56.27,0.4782107,53.69
LTFrvQESaKvJyJNoBV5C5nXxabY3JczJwY,0.62372571,54.48,0.62372571,53.67
LUfTTeH8FmCxaF2ZohJ6wF7tJNXckwyFRG,0.45150794,53.36,0.45150794,53.66
LS8aXmtNnp4HwRtsD31Q65D92khkGvFpLU,0.45377795,55.11,0.45377795,53.63
Lg6CQQ8iywobpCHJpuErzCzdzbXisvsJC6,0.44396193,53.4,0.44396193,53.4
LhRNn54hFgCW2bjxcqx9hawCVf2mbmGHUR,0.44020542,53.39,0.44020542,53.39
LT8BCVrbtt9gYHxnaRYLBd2u2zisbToZYY,0.52613334,54.1,0.52613334,53.11
LP14dsiRtYiqbUjZqFdQkEVkTTAKLGDutg,0.60791712,53.08,0.60791712,53.08
LYehKkmckkcdDqfaHUAnCjTig5DeNLMDwC,0.61363636,53.6,0.61363636,52.8
LVfF7aidg9Fc4zHJcrpanWrraoJDYxsiwq,0.4698,52.68,0.4698,52.68
LY2c4X9StRYfkJ97R6uSW2PmFn8jE3c2SB,0.45572423,52.6,0.45572423,52.6
LTG3cCN96goAmiN4E8sD6xQuhym5YxJvYz,0.44172812,48.47,0.44172812,52.5
LUYvAGTfH5Fx55FXD3ortKgfnpH1Qa3dFx,0.57989114,51.19,0.57989114,52.44
LLLz2U1fsSb7T3RriktZE85N3i7E2UMX1t,0.42752435,51.95,0.42752435,52.35
Lc6z6eDD7LXqehPUqdeJpPXkbXZJtMW6RC,0.46678853,53.63,0.46678853,52.25
Lh1MADHQX5B9m6p8Zwm47zBuXpqeTLyDwS,0.54132312,52.16,0.54132312,52.16
LdAokBFNbY5UwfANcKcJPfm4bKCVRhfEfy,0.44283158,52.15,0.44283158,52.15
LYL2M6bFDMnLwoENtUbk5NMwamr2L8crfg,0.42957455,56.24,0.42957455,52.1
LPAMegi5nLTnu1Q8f2iFmekRdUg37Gxuv7,0.54984415,52.03,0.54984415,52.03
LdVMCrYcMqDy6RK3FdwuW4gkmwVTAjhSVc,0.45189884,51.39,0.45189884,52.02
LhbJYLS8CTVGV2tSWQNq12kP8AJaPSy9Gq,0.5469598,50.49,0.5469598,51.91
Lbc4BgmgBi7Sf5PuHThUNqC8g8XdzroPnn,0.5560754,50.46,0.5560754,51.9
LSH3ZjbmTZKyfKq5192Cob6xzB9fPZgX1N,0.48581155,56.84,0.48581155,51.87
LPWNZVTAYPVhhRy2GyLRGXVJmMZu9GenwB,0.47009562,52.1,0.47009562,51.78
La58LTRKrmDHGhKozKAckhzvYJeez1TjEp,0.4575437,46.54,0.4575437,51.78
Li5XF2aFKqx6M8Fh9zkPYcQ1bARbDMvv8h,0.44556745,52.47,0.44556745,51.71
LhBfyKbTseCHCTbmMDz2ub1tSUqEeFXJ4x,0.52159161,52.35,0.52159161,51.64
LMap8g4YUi1UBJKkhTtXiZhYbVQTRxhVHk,0.54261989,51.52,0.54261989,51.64
LPM3mksa9MWc4w6Z7V2csUBUi5Z2cu1wjo,0.47461732,51.94,0.47461732,51.61
LbbxBh2qMw7PZSXA3KKWaiMPya5PUpsCZf,0.56749479,52.08,0.56749479,51.53
LKqWoTV25EtHbCScNgT9akfy6zRQrpkk97,0.58962035,51.5,0.58962035,51.5
LTwyBGgPhYXct7KEWG41eKAJGSkgsbGCW8,0.5489221,51.79,0.5489221,51.3
LQGUTEbd3igR376e7EUozPuAHqkV4Cv8Cg,0.60267777,51.29,0.60267777,51.29
LabnYapY81aV3EeM2wXnBbRcTg57KQeLcH,0.45292456,51.25,0.45292456,51.25
LbHj3mfDFL74j22mDZPKbB1ypgn8jW8Nsy,0.442457,49.89,0.442457,51.25
LhxgQKk9bpPLQAY7iGbRg1PfPqPTnpbb5k,0.47942,54.65,0.47942,51.18
LNLxLxtXmbZauef5giK2v4dnUpdCLHvaGt,0.42285489,50.61,0.42285489,51.18
LKdMKZyWhXhWR2aME9URujczR4c4R5aRGZ,0.48821819,51.0,0.48821819,51.0
LSZuTfk5WMai8RHnkuy2NG1GfWKc34CkuN,0.60069889,51.01,0.60069889,50.96
LTcBQkfkLtUcwwXzc3UZobLxH7jR3kVMUj,0.53398875,50.93,0.53398875,50.93
LaP6NKG3bpxbjTCsaucLHusYryfc85gKkf,0.5175792,50.86,0.5175792,50.86
LXDjP9XdkQJWwsL66Bv48FALwTeLb37XCC,0.44140277,45.92,0.44140277,50.81
LZ1LnfNtz6s5Eh1SqGaCp6CwDE5eU6Q5RF,0.410424,50.44,0.410424,50.8
Ld4nH5uB8vj5ym2555gokrnUAKcuP9rhvG,0.42727514,49.18,0.42727514,50.78
Lc5xBB5yRxaFu31XPsdKjLfPFFpmKTQeDS,0.58255293,50.73,0.58255293,50.73
LPnTkvfDenY8rdtSxb2UBkCj3ZtE8V5XSE,0.5899,50.73,0.5899,50.73
Le2Ef4y72sHp8jJPQ8NfKy2NM5z9KBNusE,0.5777856,49.72,0.5777856,50.71
LZXLPnamLSXpCe7mHQ1uz9UV3RHn1w2P7E,0.56550998,50.62,0.56550998,50.62
Lfow6fdPDE3PUKMBRA9VKys6gtqhe5P4Vw,0.44218647,49.69,0.44218647,50.51
LXnfJHThJvW6arUvKYrmCFCZ5BP9FuMop2,0.54832403,50.47,0.54832403,50.46
LRg5nFHqwYzbKv6KREB3XEnibnqkAZ2DgD,0.44664596,50.46,0.44664596,50.46
LecU9txVJEHA3W7B8MnKg8hYLPHry7Vf1d,0.5704573,50.42,0.5704573,50.42
LZBkXhGeLurdVVN5wkWv4GFAYF6fmeqWrR,0.4750235,50.64,0.4750235,50.4
LLqwWt8YFg4ePycgNCBtYaaKe76u5LGcCo,0.4372,49.3,0.4372,50.33
LNUV6ijimoHDpLs5DAff5NfZw6CNPWEbd1,0.46285145,51.3,0.46285145,50.33
LRRyYXhVKTvtRCXpXh8MeMZkJX6tmAgm47,0.52948985,50.64,0.52948985,50.31
LMhASDrFXRLtnMrfGHgc3vT8PV21aHGN74,0.4625,51.26,0.4625,50.29
LWWJ8iceiN34f7DE1bxd7K9VXjjnDwo4kP,0.462437,50.42,0.462437,50.18
LhvLDFVrvNuWjR4vjf2DWt9Rib1d6wqgsz,0.44776274,52.33,0.44776274,50.18
LRmeL71VdrP1EvzNFZzijcPx1jQs5PQdde,0.517481,50.77,0.517481,50.18
LUHiAmUsA6sZEMCFi4JQ99myQh6fv7oWXw,0.4599,52.79,0.4599,50.14
LYr9KSYqtNTTR7YGfARdUoQZ6eFHur156f,0.407492,50.08,0.407492,50.08
LSdexohqJw8dvT2Zo7tFZ7uHd3qTp7ax44,0.56885575,50.05,0.56885575,50.05
LdW7rGWsNgZvcicNPJ4PK7HPPXFPuhaJ8F,0.43195382,49.63,0.43195382,50.03
LSbKKmVwM3aM9PFKjSa1oJQ3T2wsKCkqHT,0.43078824,49.87,0.43078824,50.02
LcDjgF36jodySjqBadyMRs8zEWZ8MDnDGw,0.43565939,49.63,0.43565939,50.01
LcvyAjKAMSS2qKna5axcgCGm9JiNUAwL2f,0.58771115,49.5,0.58771115,50.0
LMp2rZL6f4KbGQR9eX3oYCbpH9R6C8jme5,0.56535504,49.97,0.56535504,49.97
LN9xJV8F17egRCaRHapweebXh3BW2sX9iR,0.422326,52.0,0.422326,49.91
LKoRX7VGbeR59azuxb3oyYRhyJy3xRwFpb,0.54475132,50.84,0.54475132,49.88
LL9whBCPEporbNpMPjNya1joto5Q9egGn9,0.5877372,49.86,0.5877372,49.86
LfSc1eVY3iW2CpoULbzNJ1YpimNpp8W9hu,0.405494,46.53,0.405494,49.86
Li2W1wnVy3dtAKdZiJvMikuo7MeFvLskkq,0.51707134,49.45,0.51707134,49.82
LPo4qk1oviKp6nUshhrd1bMvnDNaBeZ2LA,0.493406,51.02,0.493406,49.81
Lb1zYYe7f6jNGYH79JAFUAZx2bKGbkgwXT,0.5758984,48.85,0.5758984,49.7
LLRiwSR1tjrRhZccYF9swU3UxtNNSJb3Lo,0.57421748,49.7,0.57421748,49.7
LfrHjtUkRPzX5TLgf79VUDbZbKNVwA4Hzw,0.40949281,49.64,0.40949281,49.64
LhbGxzHAucwcYd1GXTiZTRq7V47vvCMtTF,0.4399,49.33,0.4399,49.6
Lbt7qeF3hjyDhoLNo4VdK99oX8cK39S2r4,0.42433621,49.28,0.42433621,49.6
La1FV2yZCJ5ZfVcSy1cmn5Ckyi5yRfnibh,0.568,49.6,0.568,49.6
LcTjmTHyH5E7F2muEonvQQRXnP3xGB9SiK,0.44305944,49.59,0.44305944,49.59
Lebr1614kXaXiU1EvdQ3eWSKr22VnoKMb8,0.46073752,53.06,0.46073752,49.58
LdUGsENbeLQeVhtxaRUyBmQzyV8Nq7zjRS,0.4385515,49.57,0.4385515,49.57
LYFFBXAndEUKCDtstJBa3H1bTZQxxetMos,0.52152588,49.51,0.52152588,49.51
LMGiBs3YaEmSKZQAS7WFdZi4XHXh4YbRyN,0.39961109,49.46,0.39961109,49.46
LQcv3xVQWQ33SBvnfZD5MYjLjX2AYrH6FZ,0.43986979,49.29,0.43986979,49.38
Lhq9GEZptVgChh9WW1ZtBLL8b8REE5waxv,0.516283,49.18,0.516283,49.37
Lf9myFmcn3ZTLGrT8qsReFHhQBarEJrAz5,0.41508591,47.78,0.41508591,49.33
LWxGkBhGXWoj46NdzGyHzNYKNx2kcpCEGs,0.5899,49.3,0.5899,49.3
LRa9UJCyfoYMkMsh2kbGoiVzz5Z2vhUPtR,0.42701152,49.79,0.42701152,49.29
Lgd1HsprF1tNBGFNu3hBxarEWgemTrZvqS,0.5754,53.63,0.5754,49.28
Lg7N5HapZ9oeuAwafSHMjt6qPfLx7pnxMb,0.56603351,49.26,0.56603351,49.26
LcZF59pcqfj7AJbocMU11XH5cQf5FFjLDg,0.461,51.34,0.461,49.22
LQSQquy1zK7uMBYbYALmhm4zghAAZF2cHE,0.5589,50.02,0.5589,49.17
LddCwH39g1RppjHUAUE7kqi1BB6aPgyQX4,0.42336307,47.7,0.42336307,49.14
LbDnmGRnBnu9HJG2uQHuA2PCVXUwnBgcUp,0.56917186,49.12,0.56917186,49.12
LbiergN9QmAkYxjxvov9ZbvXfKixGr7JnW,0.451448,50.03,0.451448,49.09
LVAaVPcPMxP7oFaR6MSivEVY9AyS8XEH7e,0.48554289,49.02,0.48554289,49.02
LT1b7T7r3P4YiPH1fPTwzbgLhJYckeSPc2,0.58516587,48.9,0.58516587,48.9
LMQ31qZ9cwtVKa8f4CY6BBWo8P6h4tWwEk,0.43195875,48.88,0.43195875,48.88
LR6ZhT6QtpChvdgXbnFS7Yty1oHgvWjYVY,0.44823701,48.87,0.44823701,48.87
LT59TMUh3TiZzamSVZiMFLSERApZHnEDP8,0.51222487,51.36,0.51222487,48.79
LXADtGT1CGLpBF5gJp8GTQi465G9T1kb9z,0.52571617,48.77,0.52571617,48.77
LbxSCpEav4aMkB1HMwHkunv8JmKS89KzZS,0.412487,50.72,0.412487,48.75
LM8i5n8Q62kSDNzqfK6bgmcLcmMZTvwpEq,0.5648389,48.75,0.5648389,48.75
Lcpop6KugC2i7zTrXRQyJ3Sd4X5X2aJuw6,0.48193279,48.65,0.48193279,48.65
LPCh9v6nmLA1jSn1YUJKeb1CgEvzJ9sDC6,0.5311355,49.57,0.5311355,48.63
LcYYAtiXf3kNkRRRiW9FQR5219hctiK8vq,0.56288855,49.09,0.56288855,48.57
Lbw51tmjhgHQXG7ZhYfAe4TF57H5GoBDCz,0.42079756,49.06,0.42079756,48.57
LXqc52fjVf8WBENXBMZkGjEtcxpVdx2fSa,0.57562281,49.89,0.57562281,48.48
LaQMDACjbxYiPjc9sSsZB5UDdHDkd1bZrx,0.45681608,48.47,0.45681608,48.47
LZEeogpCchi6oYtoCvKJVNcadkqnf8Sq59,0.475424,48.3,0.475424,48.36
LgpMRNeK9LQHzFjRjg6wPVy5fPEL4sRZuS,0.54817886,49.06,0.54817886,48.23
LN9aa3pZhsgDdMNbZjt1WrtkzNCHrNg8ti,0.40538811,48.88,0.40538811,48.18
LcUuBYV4kqJHizAT6k5bVrn5vQyCkNemfY,0.54370013,47.78,0.54370013,48.1
Lbgcnci75vgeePgo7HxXfX62kwQEeyqcFM,0.3999,48.48,0.3999,48.1
Lhr9BHmtgUeQXkwNfw4PEvdEx2k6nWBkwV,0.3999,49.5,0.3999,48.06
LVYCiPGVWq41nDGcDKDDadvHcwHX1qHbsF,0.45267787,50.02,0.45267787,48.02
LaKJer9x513pZP5KuhYPUxYktwBVhFaPDa,0.427571,49.72,0.427571,48.0
LTVXCG7cpaJ2yP7LgnxY3mQHabebk4EvbG,0.55701832,48.66,0.55701832,47.93
LRinxmF7eYvE9phPgbCFkrhUTG8TrWNPnN,0.45001979,49.73,0.45001979,47.74
LWm2M3PkAwVVKfs9rQwDwmDsfsntmVwQbr,0.4399,47.74,0.4399,47.74
LPnvzCoqBVgZ3W8CUVSgDKcKrPjVVXhNk7,0.41386619,47.64,0.41386619,47.64
LSMCrm5M2L9zgstoodVw7ZGZ1dcfRcgtcB,0.55192169,47.63,0.55192169,47.63
LMV1kopQNyT8GCzGXxNZmMZDH5idfmsNvo,0.42393002,50.73,0.42393002,47.59
LgT158TweFdWBiYXo55r13gjwjPRvCGwCP,0.54702214,47.5,0.54702214,47.5
LX4aEdXmqrrcHJuY429QJvZB3tpUtFGZM1,0.54420072,47.44,0.54420072,47.44
LY7ct8gbUP3FfQvMWcitwJs6WQQCDP2qzB,0.422058,47.3,0.422058,47.38
LPkV5B5qJdtkYEuMDYfYZBDrQtzEfzuhQ9,0.43190071,49.33,0.43190071,47.38
LW9FQgSxg3P3iWmZygka4XQbQhr72EQM9e,0.45176364,47.54,0.45176364,47.25
LTG5XvrsxVTxi35gvtEJ8apvY7JSxhZVRX,0.5475,46.44,0.5475,47.25
LKJJjfpRZUGyB4AgNqPcbuYqzYNaujVJqa,0.40306621,47.23,0.40306621,47.23
LZMrsqzvfy6nyvkpVuMbG3m1qC6PF6w4he,0.4945,49.58,0.4945,47.1
LPwT6Q1dRc4fnHwbgePjdTty6AX3F96EL8,0.47650351,47.54,0.47650351,47.09
Li5RNdqeWwjvhgf46ZFBk34f1YTbcNjUEs,0.39563931,47.67,0.39563931,47.02
LfRi625ZG3Cmg5WbxxiukQAtut12TV7o3o,0.5568117,48.26,0.5568117,46.9
LSua1PkKWwPVAxbAkEDt3XU3fCVRBDRzg3,0.51188026,46.87,0.51188026,46.87
Li6M3ht29SUxRmn9XFARp4BC5655nWjGxy,0.48453405,47.87,0.48453405,46.78
LegEMHeg8aVaSFc9k2GuCwyHYNddJmRZDc,0.41465334,47.86,0.41465334,46.55
LN7981HXtNDQxa1Yot7fipMbGJ12QPVf98,0.35547726,46.54,0.35547726,46.54
LdwpSGCjWS2oxgYQxuxKV6v17L7H9YeAnV,0.50885562,46.53,0.50885562,46.53
LRJiiJB2sBAQcjbQNYwNUXWpMtcdzY8gDK,0.45451943,47.96,0.45451943,46.49
LWwmyDhTw2ERyWq4DsbF3NyAzgjcAaMYpS,0.5072699,47.34,0.5072699,46.45
La65rgyDMVwyR6hcrCUKVveWAzSXyXcLmq,0.521378,46.44,0.521378,46.44
LShZzoB7mjVHr6NnYL5ssa46XpHJ36Kg1N,0.41527059,46.29,0.41527059,46.3
LUo3eZnPaHTpNC37mgpSVTJVh49kNhMWHj,0.54295273,46.41,0.54295273,46.3
La4D1UfEsggZfX8pNu5R2mkZK6Bexg4FXT,0.37585228,43.13,0.37585228,46.21
LZVzYv6ZNHpgEMpbh4CzJHdU8X6Zd8WFP3,0.41711966,45.37,0.41711966,46.09
Lh98e8xovvtxLfkNxLn5SUTMG1XpfCnsDh,0.3826,46.02,0.3826,46.02
LUWu4Xj51F38uRbrY6ic3Mjcp5w3MVSSkv,0.39777389,41.77,0.39777389,46.01
LRsnoHiUG47yjDBJatYNH82oQggGSHwRrH,0.5717543,45.87,0.5717543,45.86
LftfFKf6ZfB67DwvVsGsDnVVq5ZtQ7qwyb,0.40843022,45.65,0.40843022,45.72
LdCpdbtJ2CB1rdwwGaw43knTTGQjTTgprM,0.50387839,44.22,0.50387839,45.66
LX3t9qYXj3E8wVb9P7CCL1yoJ8FdD2GjrK,0.393,46.28,0.393,45.61
LZEiASiABLwKwgLNPkGoF7j8P5nVscMNxW,0.52279366,45.58,0.52279366,45.59
Lg3SJZPqW1BCsGtGcR78aUd9QjE7o1Z6pZ,0.41161661,45.36,0.41161661,45.51
LPfas4Agn99CAtn6rLLhs9MgDfRPhGeR2s,0.53101642,49.49,0.53101642,45.48
LTLU9VN5XL8Pmvh3XPqaMzT1TCdEAhSUP9,0.3764796,45.57,0.3764796,45.45
LPkorJYhMk9DYYHf4tpB9ATUV3GMU8zLgS,0.40194388,44.48,0.40194388,45.41
LM6wiL2ZdMU5Vh3B7AoCdzA6vvkmkERuRX,0.47818868,47.45,0.47818868,45.36
LRPDma1PD33ZMMggkF9rokMGiZMLzp1m8g,0.34572575,41.55,0.34572575,45.1
LXsizxztQim2kqKEmkh8e3pX8Rh3itpvPL,0.46782409,45.08,0.46782409,45.08
LNBo9KZQCqApdnfzLEhm6yya286e5ceVbi,0.39882587,44.57,0.39882587,45.06
Lc1ucV5odfpsvq8eBoGYmSDNyrLuMc8aXE,0.37418925,45.36,0.37418925,45.0
LNmNUfiYHu8yi5HraBBzLk7cFzcpYWQ8Uc,0.44751553,44.95,0.44751553,44.95
LhmhaxfUqmy32xfaJinBAsdQxeQmXXNduk,0.44439955,44.86,0.44439955,44.86
LNh9k49NW4tkvVJsyiARCWTvoA5YMHKUr8,0.38943717,43.67,0.38943717,44.79
LVNDsjx6vcsMKz5tJSThhZTiDRmL4pqDyk,0.45145226,44.72,0.45145226,44.72
Lg5DcDwLZKa7EyDziDxK5WnbjnTKAPWe7B,0.35220777,45.18,0.35220777,44.71
LYcgkWNwdA3bbhv9mDoUPZhW4oy98G2GBh,0.4878866,44.67,0.4878866,44.67
LSA2xctDsWMpaLjKvech79NB3iGVaEBhtP,0.34176807,41.07,0.34176807,44.59
Lc6f2C3UAhkC3oyj5bnbux3f1Ke2uHCnC9,0.52285881,44.48,0.52285881,44.5
LYoQWZ4xbNM13ckyW5CFURpdJCeCkJYzDv,0.3603,42.95,0.3603,44.28
LZMbvcA1DZNhG5LbaQsXsbE2y7YafNd8pr,0.46761304,45.95,0.46761304,44.18
LUzq11wMXizNE4tBSMuhAcrTYPSuzWu24L,0.3932,44.06,0.3932,44.14
LbMi243XdKJFfSYu2KjWwDQhxGjZK7ZLSg,0.3723176,42.52,0.3723176,44.14
LTK5tkDmV9HUCBiMAsWoNWfRpVniE33QFM,0.45837596,43.26,0.45837596,44.07
LN3zseq6SfwZr4WcrrTi7Wn8CwixPsG3Tr,0.4862,44.05,0.4862,44.05
LY28B2B4MbXefq3iFSchRNUUYDnX1iPGuF,0.38368732,43.71,0.38368732,44.04
LWH3DP7DagMyRuzFnWvxYSvs5iASb19XJf,0.50692745,43.99,0.50692745,43.99
LRaCq5S5gMdo6p55zTtVJQiipz6W5v9sKj,0.44659787,43.93,0.44659787,43.93
LWmntfNw4Q5X6HPeu1aAF1frr9vXtNyRrF,0.37806626,42.6,0.37806626,43.88
LemhAqmS28VpGujRuFWzg6Lxvpo8DR8JVh,0.37510552,44.38,0.37510552,43.85
LNL7hhMzRy1qghwnUhj7oVw9itgDXZYWc3,0.37807183,44.48,0.37807183,43.79
LQNw6F3aLWm3wobZVFVovfNYPmL6KBLhRc,0.39826348,44.9,0.39826348,43.77
LPsoMWvE1DGmzA11iJZjv36Gt4tK9FhPQS,0.40236538,44.59,0.40236538,43.75
LSDtKXvkoDddE8c3aD4VuFnuicGH8MMDc1,0.39834475,43.43,0.39834475,43.43
LTjE4633EMbjJUimmUJHfuikEVavB1Ms2Q,0.45455263,44.25,0.45455263,43.41
LTsmvB8VLhzK9rKKCa5Hrj1TEzxtdxNuLz,0.39801181,43.4,0.39801181,43.4
LdcckdhB8Wo5J7zqb6LZM6ZoJZv8qNk2DW,0.45215481,42.96,0.45215481,43.36
LYJbSBrje2HAQe39MW4hsQr88AsSQNTtRd,0.49606993,43.32,0.49606993,43.32
LRLR7KS46u4mfdNeY9PPtY2AXHT6TS5ykB,0.45304051,43.18,0.45304051,43.28
LTkRJqirm3jFyV8niSzNK45mkCRV4JE8Bw,0.49616006,43.82,0.49616006,43.26
Li91wGbqoB9dgy1xc3nDjbcVfmt3GJaz7T,0.38617677,43.27,0.38617677,43.22
LKrMvSnNs3hzKbrckYRZVzL9qRSZW1Utp3,0.5,43.15,0.5,43.15
LX6Rs66ma53zGMaM349jBVkYm9sEYa5svG,0.44118817,43.79,0.44118817,43.09
Lba8v26YwrYJpCD8UPmbDWtVoyiN2K23zd,0.49927442,42.53,0.49927442,43.09
LfaWXbSZbWFoa9H2tFY7pFRaR57Z6cxmUM,0.37426035,39.67,0.37426035,43.08
LVxRHKs4cJEzYeK7NEeV3o87Zhi8TyoaGp,0.356926,44.38,0.356926,43.02
LgD8Ur5csh9Gsij5Yes8xHxBQSnsZCLARx,0.37223205,41.19,0.37223205,42.89
LeBa68SD7PB4V3kZ9qyAukeHvjPnypoCEb,0.47876232,42.32,0.47876232,42.86
LLyXPTbaQEa4nj4TfMbBg79XhDuiByzFPG,0.50322063,42.83,0.50322063,42.83
LiX1dD34PEoRfMaDLvG59JurnQ9aNQ2Zwi,0.47975128,42.33,0.47975128,42.73
LWpmcTbPLAXoa4MtxWRKEiho2yFtHESa1w,0.4479133,43.49,0.4479133,42.66
LLguin7JsCbATAmvjB4scMCfeBSZsuGd67,0.48464144,42.64,0.48464144,42.64
LKijCjYziE6MBqsmTUyJjFRS2Md7jU7Qe3,0.48487363,41.72,0.48487363,42.55
LXC3HgkbcjDnvcA9qHXZJvr1KA1GDpezgG,0.3579,38.25,0.3579,42.54
LReS1pUoB8ovSFafiYWruhmZ3p6zsFrnY1,0.50882877,42.53,0.50882877,42.53
LVvBFTB2V647WzoF8Zt8aus2xJA7CCGjj2,0.44543305,42.89,0.44543305,42.5
LZguCvASxvPsdBRadzDv5LZDwvPapviVTD,0.35722259,40.28,0.35722259,42.46
LUmc3qqEdTiXPvxsBNadzUe99h3weL9dQG,0.36949404,40.34,0.36949404,42.39
LZC9PhpLku2ikH2mmfz9KScBpRLfqwtBqj,0.48698197,42.38,0.48698197,42.38
LN4PofQ67KXrK1EKswFw8KrupGxgCyiHoe,0.3652855,41.19,0.3652855,42.31
LM2FM8kHnrBSVUpdx8iK3izwnotPQyiS9a,0.42010754,42.14,0.42010754,42.21
LaGGVBiHupAwe33htZFFExRCDcHKB1mDEk,0.34999639,36.93,0.34999639,42.2
LQc7ggDEydgC5CCjtk6LBpTQRMe8u8asuK,0.40337509,42.14,0.40337509,42.16
Lhx9EFegVY7m3Pem18SaveAsgB8nfyHEXM,0.47804257,43.12,0.47804257,42.12
LKqLcznhfFCcvqtutCRSZNL6xGqwgpQ1ku,0.35430934,40.39,0.35430934,42.11
LZ5ZLbUs9RTePCcRAmDZDD9nxGWtpJ3rP7,0.35424198,40.28,0.35424198,42.1
LgHBXi75sfEQpYRcuNwAH6fmN2oADtubde,0.36527713,40.96,0.36527713,42.04
LWj45Z28dp7YuKrEZDndTQpXrGW3tW3MCy,0.35836611,41.11,0.35836611,42.01
LUDZuayFstWjp3H64aDrugLAJL3TechS2T,0.36034687,40.89,0.36034687,41.95
LSrdNjz58FgVDZePLcPWo9oNWNgC7Siq7o,0.44021241,42.09,0.44021241,41.94
Le8sBWAR9vsUTj15NK4JtFyPEHmxmfWphE,0.49103565,42.05,0.49103565,41.93
La5krNkqgDcCKz3e7dfRks3B88aYapDGQz,0.48473097,40.85,0.48473097,41.83
LfgKLXfQY4bLRmbfkWNeTXeW8t21HVr3L3,0.44020118,42.08,0.44020118,41.82
LTuSrAwmve5CpCBowtz6YBDSQ3zGo42HnQ,0.34638683,36.53,0.34638683,41.76
LU2a6hivgBRa3BPMknzuGoeX4tyxUserVT,0.36925777,41.64,0.36925777,41.73
LYeWJhGGf52BgE32RncKkPixJXtLGXtC21,0.41566752,40.99,0.41566752,41.67
LaLZoapZ2JPwe6srmHkrtbZBcWUtJCc3wQ,0.3826337,41.72,0.3826337,41.52
LLGAEV2ohzjC42KvX5JTvvezaQFpNoMTnm,0.47528288,41.5,0.47528288,41.5
LUnnQbNyvBbfcreQqssAAPJZkuZXnYErRL,0.3571212,41.11,0.3571212,41.45
LQALqsWGmCWRaxJQ9VnsrTHWvAwXEid5Ju,0.434259,41.67,0.434259,41.42
LLpQzqVYRx9u2sq51itr1VpXvFqxG5R1C4,0.35952706,37.99,0.35952706,41.39
LVJHe4EKpRUHc3k8DnnTpdHnr1K4SmYw91,0.45172219,41.36,0.45172219,41.36
LUF7oQ2RFUwGRw8tZHbYJM52v3KH92YM7L,0.45080627,40.51,0.45080627,41.3
LSRjxMpoeudtQKtto18SfmoeeXSEDBFpZQ,0.34044012,41.21,0.34044012,41.21
LNZb1vdHDUxiW6GJuvD5FDQz68X34wM5FU,0.43480173,41.77,0.43480173,41.08
Lc1yQSJRoEXsgFn3WyRQKTb1CuJ1hXNtZs,0.35171794,40.39,0.35171794,41.03
LPCFTrXJFcv7wU1rq5kL3UEtCpTWyrwZoq,0.3861,41.16,0.3861,40.97
LSECJsoFFH4gVLNKEMwf98acMm7V2W26Hx,0.44777313,40.46,0.44777313,40.94
LUpg64qFJ9oGNRHuCrW3po4KhNBub5td27,0.3520424,39.66,0.3520424,40.86
LRYyM8ZSZQ1f7joUXoCjUcnXyZh2WSbtBy,0.46743939,40.82,0.46743939,40.82
LRqoP2Q5P1yNcVyaogM51ap8Ah4yhkHxVh,0.4499,39.48,0.4499,40.77
LhWeDd3JzKJ5hxTrcioqZaiVDmQFH5gYB2,0.384,40.93,0.384,40.74
LYWWdZzdx6cWBpGZHZiu28NJvvx8ShBdGr,0.42773174,41.53,0.42773174,40.74
LcLmX7Kq1chxCHwyEdN1GcutsiTcumwaxN,0.45967708,40.79,0.45967708,40.71
LSVf3LqN8NxDqtprkRvVsMBSKEuadr8VoM,0.42405641,40.66,0.42405641,40.66
LMMCcUcDZbKCbjBSQeu9S5UUD3E5T8q5At,0.47904544,40.66,0.47904544,40.66
LMEvFzCJg8BqSKy36yxcCghEZLDvJtvDYh,0.42046796,40.26,0.42046796,40.55
LZAdkzgNe1mCvQJwgJd1Hfwktu5jBtpNMs,0.31081944,37.35,0.31081944,40.55
LSFDETUaEgRn39ouPepUSr9rpGM29gHxWJ,0.47324773,40.53,0.47324773,40.53
LNHyCUh8HZij6hnqVb7nXxoa1UBfuFXJnt,0.355,40.4,0.355,40.44
LZR6x1zfAP1ESPC9qaq51AmYabycHSMP8Q,0.42200413,40.74,0.42200413,40.42
Le8a8tXonxxe9q5eRep9otgv5SChyeavDP,0.336239,41.62,0.336239,40.41
LW2DnPJsztw3NXo9JszygwCknSTUByqJj4,0.42475617,40.62,0.42475617,40.36
LMSGLHuea6Vb1NRm63WZ4YPWUHrtSf8pZC,0.38026428,40.34,0.38026428,40.35
LfJ4D64suKzLdsQqGj4sRZTcbLiW1SnyM6,0.44464206,39.02,0.44464206,40.29
LdJYTnX1cGmjNX1wYQ5gLnr5q6Cce4PZDq,0.34412976,40.72,0.34412976,40.23
LZW5nzfinj97kjVtPJTd6rALVNXW57j6kS,0.44907926,39.82,0.44907926,40.2
LenTuf2kYju3wvXqsTB31CQ7jZcVVPxZ8M,0.41897978,40.18,0.41897978,40.18
LiWBgkEuKYiGnyBpaTHkmCtmDYumUtP2tt,0.4325589,40.76,0.4325589,40.13
LUfh8LgkHDcKhJQeSq6UWnTKstELFczoaa,0.46244751,40.36,0.46244751,40.08
LMxT6DYf46kFgdqHmFK8yQSPYDFpTmhJQi,0.354153,39.58,0.354153,40.01
LfHzdcREE5CJPxnh1BP8iqZNKDekWip15d,0.35306502,36.91,0.33651532,39.99
Lca45wzgRiThRedQdVxiyiyrAPraruedB9,0.41613153,41.4,0.41613153,39.97
LVpbVrzhBAoF9u1zBBsh3cDRw8zsRSofVG,0.36788508,40.11,0.36788508,39.92
LZgkz7nrRZtMTdFWtMKukg6iARW9uXB1as,0.461928,39.85,0.461928,39.85
LaERDWQZpeCjqsbXgYWcG2FHoXq3fKoPmh,0.35691119,39.67,0.35691119,39.82
LPf9RK9YXbXv5C55kFLEnm4dBenbfRgXdU,0.40751634,39.68,0.40751634,39.72
La4Zxx2SNkYLmv2boLJZqRDPPcBbaVRBGz,0.46685126,39.72,0.46685126,39.72
LfaasqZpFhbqxf8qcnhz4HvXPrypQQtt5x,0.47513312,39.71,0.47513312,39.71
LRW6YUtzf19Fg5u8TmvwRBSgXCqMXPcHjg,0.46730229,39.72,0.46730229,39.7
LMoNvgXXbLCTbaGxqdybzArAwpRKdmBFot,0.45657369,39.47,0.45657369,39.47
Ley6m5TjH8nXogJfhYUKDtEX5EdXtbnjAH,0.4256719,39.56,0.4256719,39.46
Le2qnw1CkFi1BG3UDBmdWhpRNteSNY8X4T,0.42263673,36.85,0.42263673,39.44
LMRS6KL24DBsYkJfmz9BdYJHRpj7fTbA2k,0.35152473,39.42,0.35152473,39.42
LPMfc9MXy3KRBXwZAVf4zXzKYiXELZA9jU,0.43107825,39.79,0.43107825,39.42
LazRXojQE2Av7TL5o8hF5fcFFG8wVEy5y9,0.33134252,35.15,0.33134252,39.38
LdAxZJaXrfb3DCUnFoiVk7MRL5WVqHCfnY,0.40822828,39.04,0.40822828,39.34
LWPuYH7yZuw2AndD1QrLVH1Uk3s4dsT4T7,0.41464287,37.57,0.41464287,39.33
LSKTArs4Dr97xkBeS15yQHoTuc7vgY8jrj,0.41291962,41.4,0.41291962,39.33
LYvcAZKrUzhXRBQbLyEo69aZv6LWYPAEyz,0.45408036,39.3,0.45408036,39.3
LgYKk974rSTbvhwf2PnrPJzTsRAf5NEZ3i,0.34019681,39.26,0.34019681,39.27
Lh8EJr8LoLWcV4Lc61rd6dGGTxK4Fgrp9R,0.46408433,40.11,0.46408433,39.25
LQkCKYMtvCYsv46x9HhgFd9ubXsQsV3u9f,0.44054656,39.24,0.44054656,39.24
LhqU6X5qUres1X1ygLUgPeiEwHgiQFrZEV,0.40833853,39.22,0.40833853,39.22
LNXjNav5nN5vczNdjqh9Y4SFf33178NDdg,0.41608057,39.47,0.41608057,39.21
LYi4q1GYLLAUrbA9WG5mbY6D8gm1st1WHZ,0.3687452,39.12,0.3687452,39.12
LY4bNTiCfHgVfq6xRr1ZVFNvs6iUrbrbE4,0.349,39.15,0.349,39.06
LYhYJfFWU7v8MPMAu5mTuttnob8MH68C2c,0.40035172,40.38,0.40035172,39.03
LYzGiBemGQ5jVoJj7Ty89fKJYw2cGAg9Jg,0.35808374,38.98,0.35808374,38.93
LQsRv1aUDBFQWJpWh4VR7wCjMtJPZeiKLM,0.3852547,38.89,0.3852547,38.89
LMeV8UisM86iUEjo5Cjd4UawJUkfvYiFgN,0.44821837,38.94,0.44821837,38.88
LYmSCeHjvnxYCKyTmtAmB8ooRKX3DTVzqo,0.37495666,40.16,0.37495666,38.88
Li6LmbMQyMR4jKRVhUWMtKsXJn2eQ9ck25,0.40885653,38.97,0.40885653,38.85
LdHwuYntnKVAGeQjJFBRKPwJvsyf6Lf3xk,0.32657697,38.6,0.32657697,38.81
LNosJgjwv8PiCud1ryMrh6eZD7rT7yjTLU,0.29599695,38.62,0.29599695,38.75
LMyzT96iUUPQcqipPzXbszXFHpjaFH66jT,0.29540425,38.54,0.29540425,38.67
La9CrKVvogVcfsBshEhAM22n3K3rPonZVD,0.44648432,38.97,0.44648432,38.64
LgdeWeRxW3w38U8JX5sZEugWPCwcM1Dwjq,0.33562089,40.01,0.33562089,38.63
LKd1CzaJQMFynVF3WBcXfaUtkNQXe7vLPv,0.34417474,39.06,0.34417474,38.61
LWvKyTVFvuE3LyBZpaw2ripd1ab8cLEVy2,0.33980371,39.26,0.33980371,38.55
LW9n6GBRikSf7Xdc8gPZQoZHz9Pij9tGDB,0.44107891,38.95,0.44107891,38.45
LYehpLRyXWpdH9nRGnEYtyACSiMS5QPhmv,0.33391339,39.28,0.33391339,38.44
LYKRRh78e9kxreoqTNQBze28YAL9aMoRF3,0.34950383,38.57,0.34950383,38.41
LYsPAe4KybiYdwreirYXxRNZJGHpYdcxCu,0.45575912,38.41,0.45575912,38.41
Lb8oJkESG3gEV59rf52GgonGdpSFZtaN5A,0.45132334,38.32,0.45132334,38.29
LTTobcYyf3xb7gQjzQ79djNbFQfqxAVkL1,0.31525163,41.27,0.31525163,38.23
LiGGcCE7qGcF7CVp9rSoDGWKyjwFBjUHi8,0.33486608,38.01,0.33486608,38.17
LPsdzDfWw1bssRRWMosdjRkHNNF2JJdnsj,0.29444953,35.45,0.29444953,38.16
LaqVJDZvscArUGg5pKNm1WPq7vjqmZ3MDd,0.32379294,38.13,0.32379294,38.13
LiYEsHJjjLWhVnsP63xifHW5obLtybn8XD,0.3307679,37.06,0.3307679,38.07
LXnxAtzhtmALCS5ZBHv6V8PvKziQAHGNhV,0.40045479,38.05,0.40045479,38.05
LbVJk3eBxoyK8ct6jAS6WwzXzBjjMsYts3,0.43792505,38.03,0.43792505,38.03
LQ7EMUCMczBZgbYSER41e4zajc9JU2zH25,0.40967069,37.82,0.40967069,38.01
LTGJdpbEV8Yhx9oiaVcCvVAscgfuUgbg5Q,0.43875111,38.96,0.43875111,38.0
LLFnEYZ6bWRduPtxeXheQweionW547S1yY,0.38592627,37.92,0.38592627,37.92
LZgZeEXWAVsE4YhLgusdZUaeqFdYYV3PuA,0.43963895,37.8,0.43963895,37.8
LWt3gAN5JcPy9QecCwo79WJMHNkoy6S15r,0.43548961,37.51,0.43548961,37.69
LQQmFcDLnVAoj58Ysvhv6Wa2qP6chTukx4,0.38656912,37.68,0.38656912,37.68
LeNuePCMa9fGpRRUSwwFpYKjVNQn89cLVS,0.33660033,37.68,0.33660033,37.68
LWUCarYW9V2hnZ3zXdDp8RJUp7n4DYYmNR,0.43158416,37.66,0.43158416,37.66
LcZMYaPSP4hKwnHju1SsPRbmAvKvikdfzU,0.38242576,38.61,0.38242576,37.58
LffxpadZBrC43ud2Zw4b4C4ZDHyPbx35hr,0.32549259,37.95,0.32549259,37.57
Ld298jxhxgWdrauZ6q85p51WwPCf3A3s1R,0.4268568,37.55,0.4268568,37.55
LX73tkc7AWVvkQdrGTNnbqMrWuHet9e5gP,0.33465433,37.98,0.33465433,37.54
LfnJNeRLXKh9e3mqaV9auigsSgxoVtCBHM,0.3202813,36.47,0.3202813,37.52
LSeGpnyuXxb61SPsPmx7vxmvJzxKFouJku,0.28715465,37.46,0.28715465,37.46
LTW8dKYYdUcBYjBN3jNCwuLRQt6YUBq8dH,0.355,36.28,0.355,37.44
LY1eQwcu9J91uVKGFRBZgME44X54Zrhgwq,0.32690152,37.76,0.32690152,37.44
LbzifRpjYmzJb2BQ2aKCbEEQ63VtoYMYLe,0.4409545,37.41,0.4409545,37.41
LMM6u83uXWd8WbMniUdbUX8KKmsfaYpBqp,0.39588732,38.9,0.39588732,37.4
LWjZMoD84tSbExpdT5JNgrdewENBniGCXc,0.39512962,36.66,0.39512962,37.39
LUAmXvJRYK9eJ2NMNthLM4NCbJB5BQH8Mj,0.443095,37.34,0.443095,37.34
Lfo56EtBCVEBGh6jhQj7cFdYUU49MSvGPQ,0.39162554,37.31,0.39162554,37.33
LhjG6ZEHau6h6Cvm3JHT6RySpToyu1RkXU,0.43578914,40.62,0.43578914,37.32
LR3JG3Fi6r4GGq3ZNGwLAxCpm4FThGeHTu,0.42964784,38.27,0.42964784,37.31
LKGTMD8vKhorvoZyyzQWQvWk5Rt8Rmuk4Z,0.39200404,37.49,0.39200404,37.24
LUQV83TpwkHK8Q3uXegoiY9KEfSV9L64sm,0.43266197,38.06,0.43266197,37.2
LiRCbr8uZoMJAVgvpyNDyDMNNCQXHmsu2a,0.3799,37.03,0.3799,37.03
LdMVNW3GV3mJfnfkzG5EhgL8SpLrQXpGBK,0.3799,37.03,0.3799,37.03
LY8d5iQt7f4dJgff22QEZUuXRT1LbvnrvW,0.32103864,37.89,0.32103864,36.93
LWqgnaGAVifL1E5Sibv3sEhA5BW3BWwE18,0.41247836,36.91,0.41247836,36.91
LQHZcW3U9V7xfqeyJ9aDGTjochp5nQT5Vs,0.3628724,36.87,0.3628724,36.91
Lh26izDtpExkG5RvUZVdRc25JJe2nxn9Ly,0.36513544,37.76,0.36513544,36.86
Lf1HGrFkZCHQJP76VwFmpa3XYZ1dn8NoSR,0.42160997,36.76,0.42160997,36.76
Lhf5kDBhpi8wAHVov8BgovZMvdxcAeYDkV,0.38244694,36.76,0.38244694,36.74
LMBKCRGfaacjjq6Jx8tESsKFicrdHsHiHC,0.3188118,36.34,0.3188118,36.7
LV2j1PFrXAmjKt1BFi2kKsBqX4kP4Knfy4,0.34629911,34.99,0.34629911,36.64
LfVLsz3kzaCpMoZpFv7mFveHXUudytPnco,0.41050382,35.85,0.41050382,36.57
LTsrdcZGoEqZbiTrHghYzWssw5ezZRGeLm,0.32311582,36.56,0.32311582,36.56
LYeVStN976EXWNNWaGMAfbJSyzqSFQpsFr,0.40213962,45.89,0.32492233,36.54
LbbHW8Mrji8CmHdb9wGpduBk6cLbLCrk39,0.27982986,33.6,0.27982986,36.51
LXKo3aauVoE5G4tiQTNtvNitZEvqDfgLrU,0.3886022,36.81,0.3886022,36.49
LXYLVY1VMJB1MuV32DiU4L3BYiBM3qJBZJ,0.36691786,37.04,0.36691786,36.42
LS4s71ucJHyisDYgWzbWEc7pJrjFTZc7N2,0.30296843,36.98,0.30296843,36.4
LTXtkz7W7MUVCr9YqNWvfVi7RmFTeAVgXd,0.37946697,36.39,0.37946697,36.39
LNGzmVm3pC4rD56wX4Dpc1p5UT7Thwz3uS,0.41897133,36.38,0.41897133,36.38
LMudoUvDFmppZaCKg1g56JNLJWJ1JLxV7V,0.41684986,36.37,0.41684986,36.37
LNddXjMDQYsNAYVBCCgC1y3higK4sh1Txc,0.39722204,36.37,0.39722204,36.37
LZb7PdxR2BQMceqCbpRwBkoTduQ1Z9Lyc3,0.43173233,37.42,0.43173233,36.36
LPZYYXMLqeL3EfkgAz1So9rHVNQkBy5tM9,0.4531946,36.36,0.4531946,36.35
LaEmxC6KhyzLk8wpmVjth3HmKciPRFFLCu,0.42666127,36.31,0.42666127,36.31
LTtTFAEj3FUDKH1jtCsSiRyHtZMeR1ZwbU,0.30431999,36.6,0.30431999,36.28
LNBqrRapUn33YxFqyvR8RiL8qXugYrTnDq,0.42947,36.19,0.42947,36.19
LPGsHKF6grTNDDMXTagg4bbqxGWHyDxRaa,0.3143048,35.44,0.3143048,36.18
LZJC6bFknJfGBEC41cWS9XjNPsawDiUvrX,0.38132484,34.55,0.38132484,36.17
LYL3RUaX4pcGopFXzVfbQf9uYbaNCD1CyS,0.31692389,36.04,0.31692389,36.13
LfvDZBJmUuk1hrk2RmbjRW39B6hjmwV2qT,0.33257459,36.09,0.33257459,36.09
LbNueSPoej4EdeoxJQsKBPBCcmx6jVVU3T,0.29909999,35.66,0.29909999,36.06
LggYQhuAzhrbX5WyQXLN36U1JBWpx23T3S,0.40028713,36.54,0.40028713,36.04
LWJFAkmU7PwY3bhS7dC3PFaBwVBRmVnNQS,0.29872595,35.26,0.29872595,35.97
LVDYpNL2hFk4UZ1tJxMzjz65qfw3Bgir1W,0.3099,34.41,0.3099,35.9
LhwNgaEC2BSE9RSoKLyumKj3KLLdHj2Bkk,0.34300523,35.68,0.34300523,35.84
LVMb4BancLLnw1zw3Xx1sYSuwAdZ1KqkiP,0.41080127,36.28,0.41080127,35.81
LL8ZA4g2v7w3PnYAsXX2as2nPb3VRvUgz2,0.36986624,35.21,0.36986624,35.76
LbTfisUNT5864kWFSssdFECBdVpe8pZvJe,0.31850785,35.69,0.31850785,35.69
LRRMbGjRBViK8YAfN9wsXHXMSj6rJBTzFF,0.40553153,35.67,0.40553153,35.67
LKpyz6Ti4HeZjUD57jmB8eSuEkcentYMm6,0.39341619,34.53,0.39341619,35.65
Ld7K7n5wWNpB6qZ4P4CsB4nYf99fuk9bqp,0.3928216,35.29,0.3928216,35.62
LMWnAmbo7xkyUq1JZni7TGovoJJGBpNA2W,0.37429737,35.53,0.37429737,35.53
La39rVHuRQMocAeApoatBHKtUAKVAz8Vmz,0.33272074,38.84,0.33272074,35.52
LSTFFf7czEAwv9aCUSDHHbE16zXV7EHYZU,0.3205326,35.57,0.3205326,35.51
LSGfnYk7dS8MmbrvHsqGkFV2XkS1N89eVx,0.41892395,35.47,0.41892395,35.47
LSDXEpfbBDPxaSrVwEjR6YQxy87fQukUrz,0.30730324,35.47,0.30730324,35.47
LYFRQNqrU6y9qYxxhL5FFYTLKW9RNFoBi9,0.3,36.44,0.3,35.45
LMaE2p8apt7Cz9tnYCztaLP2YqjxqZi4mT,0.41079812,34.85,0.41079812,35.45
LduBqeUE1sAJcCZHJ5vfap4JafooAChHYH,0.27143072,33.59,0.27143072,35.41
LPF3ZVJLgm7nYp1DVmyKzrMvm5dytNJZU9,0.3704256,35.33,0.3704256,35.33
LRw9j6xuj1fmjABnUcRTpozFrwh3vuoYkT,0.37163263,35.52,0.37163263,35.31
LhxdVtNLJqs13mGZZ8Y9Pjm3DXjzjcidRm,0.40456326,35.27,0.40456326,35.27
LW4m1JmwPF77WjhnssaLokhXzwUEmwXoRy,0.37120156,35.27,0.37120156,35.27
LURzJfpu2PNuLCCYyaXwFb93oxQKgSGEdU,0.3699,37.09,0.3699,35.23
LeYXCovhkecWEv12Z6KBCvdbiu9X3VNq62,0.38460601,34.78,0.38460601,35.21
LSoEEvCr6VtxcHLA7avuNt54v8iMasGrCn,0.31121109,34.78,0.31121109,35.09
LWxKxbgaLG4KkKoCiFf1bFVW68rLUE1KVn,0.36823285,35.21,0.36823285,35.08
LQz53Y74mbMTJAUVKQHZJDRu777utuweeY,0.33706845,34.45,0.33706845,35.06
LSk4yr6oLTGqMpSSHwVij5jfyjxPMdXjxu,0.32947088,37.69,0.30429003,35.06
LLZ2gQcg5v9ygAU62j9MzHn81xEq7MjAc1,0.30440077,35.04,0.30440077,35.04
LdqnPsJkzfte6MXyyL5mMinQRXoqpTkUUw,0.38266905,35.04,0.38266905,35.04
LZEjj65XTwPTDCi6UpWEXTVjWfPEiq3EFz,0.38217071,35.67,0.38217071,34.99
LWJ25feHCDMyfrKK8MmPAtz8cJiaKqJjGc,0.34787551,35.82,0.34787551,34.99
Lb4KhYWdQKGLt1BtpHCPNf45E1QB87Ur9D,0.40119211,34.98,0.40119211,34.98
LWGs9uUvtCKWooAsiM6uUMywCm5HTDddR8,0.28450682,34.97,0.28450682,34.97
LUJ1GZsa5hFSKhWGYvdWyL1Tvp82EqJ3hX,0.30934151,33.63,0.30934151,34.95
Ldwe77qFBwN6W7bcNXZQ5Z3EJVYrPX8sRe,0.28948451,31.76,0.28948451,34.9
LPR6i4EodTVZvkVr6iy19qwhqy2boVE1m1,0.33660529,33.28,0.33660529,34.89
LNgyPaFnmDELAzv2QV4sCGhidorWcfC4js,0.3978629,34.83,0.3978629,34.83
LS6tJbBkqAdapqYBKrnUusgj3M76fYFkj1,0.386,34.82,0.386,34.82
Lc7ZqSFLBRB2QXxhiqU86dZacX3dGTKDrz,0.399,35.24,0.399,34.78
LUSgheDu5t1LD3R59f6iP8eNefec2cN1uG,0.40615172,34.78,0.40615172,34.78
LQcfQT7tEitJtTYPnWavCa6X2hiR8TLBkw,0.30129767,34.09,0.30129767,34.78
La4Yn3qWdbZtTLyMzfRB8nsdocZa2srRJM,0.34,38.13,0.34,34.78
LNd7fChagaFeRqBPdRHntXfjcnMqhLstBw,0.3,33.83,0.3,34.75
LRgprZpbXTejk4YR41P7Eu142GAeEXE8eG,0.41081913,34.87,0.41081913,34.74
LST1FTqCP1mk4pUL2ViBb3dirWUbYL5Ndp,0.406,34.61,0.406,34.7
LYLesZAtYwkDyM1HyovyZcV6Ens8riFArK,0.29176461,32.64,0.29176461,34.68
Lc6xB1Gc6mFaPEoatqBjUGnNVgxz7VkNLU,0.2912,34.08,0.2912,34.61
LQ9MG12RcUSZvNX8DdMWmh4avdffhZXYTK,0.41009511,34.73,0.41009511,34.56
LPQrzs7fdeZ6vi3NdJJePNfAAQX1PT171r,0.28580945,29.88,0.28580945,34.46
LWHbAMrqVTVhVcr2LBAZRv3JZBbCioCBtN,0.38385177,34.17,0.38385177,34.41
LgMpvii1kNLfDCHtpzMeCxpoGRPjFaZjag,0.2799,32.12,0.2799,34.41
LcMvnFaJqUSPhJEmPEChy3SpGhAkg6V92k,0.29665925,34.09,0.29665925,34.36
Lgx5zP15kfVZXvgfASGZ1rHqcm9GvbKYJt,0.35642282,34.08,0.35642282,34.34
LNE3dmZ5oppe5EcywwmyoQUUK3tFzsqhtr,0.40351412,34.33,0.40351412,34.33
LNzLmKzioCetUpEYrisvugGnwZ1Zyz9Jfa,0.28041201,33.45,0.28041201,34.28
LYh9ZVGm1uj1b8JEXPfMZjDqzrjYht83bF,0.40998008,34.27,0.40998008,34.27
LQWGoXaRQairq1meofKKNDANzzMkbAN6vC,0.40265277,33.92,0.40265277,34.26
LVb652vudt9BYQGqLA3h5jZjEJn4h6M6HQ,0.2974101,34.45,0.2974101,34.23
Ld1rsMf6VVNvJxGB9yphqsYz3e8z7aj8Cn,0.36026762,34.44,0.36026762,34.23
LhmXjGg3S5vKmXjWStqHbysf8xm6ZjmebG,0.39237597,34.13,0.39237597,34.19
LdRCqQtNTz2VwoxXZyt6uD2viNMcnWaKKQ,0.27980196,32.82,0.27980196,34.18
LeWwpCgHgc4NYQcuddMBiovx4UXP7Tu6Gw,0.30386728,34.05,0.30386728,34.12
LQxzPKW6WizYg1PcWVc3ryB8DzYZvWHZKV,0.33473281,34.01,0.33473281,34.05
LYGCGNwqTdqckbeDYvawqEpJLYSc2H1KoZ,0.35298715,34.01,0.35298715,34.01
LT7tWbee9P69TGh9utEw1CBXsbeQ2eRj4u,0.28078382,31.93,0.28078382,33.85
LWwjNMDk7rVnbyqaSbwwHGikxR7Xx59WBY,0.3551112,35.6,0.3551112,33.82
LNepQzfbXp5KN2onW8GUaXjPugVR3SUZi6,0.30701868,34.84,0.30701868,33.74
LMbSxFgkeVXAonWrf4WwYdFjEJCooxKCod,0.35592508,33.76,0.35592508,33.54
La4PBEjVQ3rGjKQEaEgv2cVKzVrbSvhmR8,0.27775022,33.53,0.27775022,33.53
LSHVv9nviZiwX8sc8TwEkRr7aTkwzpw5nW,0.30778628,33.83,0.30778628,33.47
LaoYq7XgBbrgtFG5nnJFsGCfAs5nDwk96t,0.3918155,33.27,0.3918155,33.43
LKTHo4P78Q1VdFLr82Cn7B4dWtxAbNjDAe,0.35212537,35.01,0.35212537,33.42
LfA8PbZVsfaQk9rQ5rR9SUD97goQQYsVWQ,0.28207809,31.46,0.28207809,33.4
LccKgy1U4rGQjfqqUe8JteWCsdyBSEbX5v,0.39420212,33.44,0.39420212,33.4
LVViBfy3VhNYZtKeYFYPSTDBqxgwZMs3Y8,0.3898,36.33,0.3898,33.38
LP9xRJw4kcYMo8CcvrBzCYB4SZp26CTkRz,0.37104103,33.22,0.37104103,33.2
LNM6LLiK66xm1ef8RESNmDMKwo4Ka3nioj,0.2542,30.52,0.2542,33.16
LZ6TiSGK8eDShALuYVvjeXfRKq9KNDWxpd,0.27708035,31.98,0.27708035,33.16
LQMTBdvpLdaLU2RJJD6UoiNXW7hUmYLBf6,0.28769471,34.3,0.28769471,33.12
LaN8zSyZsh7mesKgp6K8xDi5v3egW6fBU5,0.40635243,33.1,0.40635243,33.1
LhPzoHzm4eXJ225DUCJfCN5Y2ynEYNazWB,0.287512,34.3,0.287512,33.01
LW2zLdqz83wRry63kdZUXzxSPDn9cdWmC5,0.27203426,31.5,0.27203426,32.98
LbNmD6xoNH8GTmdfbxCiFQGg1XPXWWTRHd,0.34221177,32.98,0.34221177,32.98
LUL9iJG3A33y8znGJLRWYzfVY6wowjTvmU,0.3683427,32.96,0.3683427,32.96
LaFez2Vs2C1LMfsKy7mbz742o484P4j1hR,0.39406066,32.94,0.39406066,32.94
LXaDvqP5S54MkKafXB2X7v3waf9t5FpyWr,0.40836682,32.76,0.40836682,32.76
LSwDi7eGDb4vUB5KPH2USqofa9VdeHUaHv,0.36575519,32.63,0.36575519,32.72
LfJLsetxMEiysndjn52gR2qfuEr3AxQUBM,0.3282,32.68,0.3282,32.71
LKuXB1dxSDBfo6dRyQzGbBG5fQDxSxN9Dz,0.28305028,33.0,0.28305028,32.67
LMGvWbAUyTQMk9Bev3MSgBRrjU9sPrsFmN,0.31259838,35.78,0.31259838,32.66
LMgksaxv1JwJpRPiQTq7bQ3TCDDFrfZm8Z,0.2829,32.98,0.2829,32.65
Lce7pgmsw5G2nWPMoR5FADtSCcNiJ5ts5G,0.27,32.45,0.27,32.63
LZQ1z2VJczLEFKFJ8RvmE1rcY7FVu9En6j,0.2834321,29.61,0.2834321,32.63
LSmytopCWWToHD5o1998PRBy9jPL3WHaQY,0.34318616,32.61,0.34318616,32.61
LgiAJUQ6vtw5cTf4FzxEWQJdRTrq3mDCjh,0.27121193,32.59,0.27121193,32.59
LZA4Kq7rygRfdQdKhzNmQpZDHy3ZAc4kxR,0.38299435,32.59,0.38299435,32.59
LZvaBzKcCUYfphpFfVozuXiD1ywLjTKNCM,0.24942601,30.87,0.24942601,32.54
LRJdgY71j9LEdDCcV1yj1efmTMnPTDU4HK,0.26854871,32.02,0.26854871,32.51
LMm6bd3jdaqzT9uXi8QY1A1cMkntDCtTYx,0.37544025,32.49,0.37544025,32.49
Lc67eWTy6fj4Kn8oNJeK6s8bDEzB91oKBz,0.32174246,33.27,0.32174246,32.48
LPVNKv3XsxmVWHR4bJnYJqtnDpCxEoryxj,0.38413433,32.36,0.38413433,32.36
LMEhEFZJ9APgwcuLobCuNY9onq3fhrUGbN,0.27013419,31.18,0.27013419,32.32
LNcf33PSGNcXSftb28gCdgNB6fkfaDvm7T,0.37999014,32.35,0.37999014,32.28
LNtCrpmpWE5oNsa9oPNaeeKpsq3zUyB1gU,0.28291352,31.76,0.28291352,32.23
LQvXwMhzV8yGy5Qf9s2tZxxb2uP9sG8cDH,0.36563136,32.16,0.36563136,32.16
LWtqZcauvcU3rhBUzJs66Xr1G5raziPD6E,0.4,32.09,0.4,32.08
LRqcEb7ydNpzmsjKdzYiL95un295cS14SM,0.26576227,27.76,0.26576227,32.04
LMy9xo8yeH1TMaEMfvGu4L9p7nAbjzdxYs,0.3211,32.54,0.3211,32.04
LgFDLgTZLa3DemDNdpk3vLLLh6usemvwWz,0.2656387,29.76,0.2656387,32.03
LeQ4qm1L1RB8TbAisRx8uK6BvXRVHrKo7e,0.26499616,32.08,0.26499616,31.99
LL2AZrDbcnqQkC8674z8p4YY5E3PZ7pmNX,0.26007898,31.01,0.26007898,31.96
LRq3z3yTE2qgrkbs2U2KTrXSnVz89H4Jh8,0.3369,31.96,0.3369,31.96
LLHLEc1VuYVeJw8P4rpBHh9DUGdpW8Gqak,0.32144638,31.83,0.32144638,31.89
LWtiRu3BruGK7PC5k65xdA9GotJeeLSXVV,0.27970024,31.4,0.27970024,31.86
LYnVTWATSA7YbF1vuUremGst8ZUtqSJQqi,0.28182608,30.68,0.28182608,31.84
LZeXWpm5ccsapw9Syv84qkpJHaiytBcQJ4,0.26382834,31.81,0.26382834,31.81
LLKAAk7nwbuYBSKM7CEpTkCPamYdsECRJn,0.30080861,32.08,0.30080861,31.76
Lg1BhqUxKmmy5GFbfYjKeVt9DveJ4ABmHH,0.36555745,31.75,0.36555745,31.75
LNKwupTkuDD8DchJjx2eSt1TosqKPkFBes,0.26647117,30.65,0.26647117,31.67
LZpiHJCA1G5KJjcjV8AHAoqAtxwJuoyhc8,0.34797183,31.57,0.34797183,31.65
LPtgTzyEoutVRoCbQKzTfgSFcruzf2SqQP,0.26622452,28.13,0.26622452,31.64
Lb5bLyVdFB7TxCtKWkRvyKRvq7p5rVgziE,0.3281132,31.62,0.3281132,31.62
LN7QscNUyUBhKshUQRtZmxzPpPKX48R6BK,0.29859691,30.76,0.29859691,31.58
LZSECUtFpkqWCJ4eFdLyUAd1fTStYnwufp,0.33771666,30.64,0.33771666,31.52
LQEMsMNUz7u67a5MGT8rYU7EoNvuuRRAGN,0.28057865,31.5,0.28057865,31.5
LfNAP753DDKHNrooh8cUQJJhDwrD7rzeb8,0.33371068,31.45,0.33371068,31.45
LXcX7j65oAif2ciffkaPanfkUJsy4b18bP,0.32997363,33.08,0.32997363,31.43
LPEqbCLKhtZVsyNnfz8BPgtA4geNvCeqNK,0.2405388,29.77,0.2405388,31.38
LZXuD2TC7a1fjzr5b7viMmJWBQQq21obrp,0.36875746,31.37,0.36875746,31.37
LRskinNTj6DKTHay7hUSbjhyjKAWvvZV5p,0.3273413,30.56,0.3273413,31.33
LU5Ts2fSSv9cRDFUcy1xRcMFjk5xbD8mK1,0.27037932,31.52,0.27037932,31.21
LiTv4zH72jeBFQdryipBWmiSTrMY1M5WYT,0.33,31.3,0.33,31.1
LKMZ9EK52yJRGw7mJxqmdc6ZBVnYMg2nD4,0.31855889,31.05,0.31855889,31.05
LZX4uZPLguVqJemA7jd9yXZ53RA9fE4HGf,0.3608,31.52,0.3608,31.05
LaVStJJtREfkeo4J8hu8d1715Qqz3GdsM8,0.37104014,31.01,0.37104014,31.01
LUXsvTZWuCbq9CgNKuRKC9Sd2fD3axvujH,0.28512954,31.6,0.28512954,31.0
LcpYXmz5jssPaRbGkuXwwbZ4XJPjqRRyHb,0.30709077,31.0,0.30709077,31.0
LWEFGXrwTt4L4Bp4Y11R7P2kc54xhimH5R,0.26395862,31.4,0.26395862,30.99
LSmtjkKMZEAETCLRQKady2q1UnzzwcYVnL,0.26750527,31.47,0.26750527,30.99
LMT8uz6TemNqQQXEVY34TtugQhrMcDrPX5,0.27394726,30.95,0.27394726,30.95
LUbtnDfVLVykMWDTWbKUJ2A1ZssqsGaWBN,0.27371085,30.7,0.27371085,30.92
LS1VUrNfrZs98XbRmmUwyNrK4FneBuyE7H,0.2836,30.88,0.2836,30.84
LfBmwWk9c1Eh9xSzBGuz6UNYVYgA7VzFGd,0.25749576,31.25,0.25749576,30.81
LVfEWDM2XJMnjNfXwMSytGB3FWZyCCrBtC,0.27231549,29.65,0.27231549,30.77
LXopqiE2JSs9jPkkC13ZkPN7uVeQ952sZY,0.25788137,29.41,0.25788137,30.65
LcTb9GF7q9wSHJ9fvfYTABo6zJKH8qKVnv,0.2728,30.82,0.2728,30.59
LLZWgSYMrzgXent4pRwUSHfJEnmBFiJaPH,0.35924249,30.58,0.35924249,30.58
Lbdhbhez86xzFyQD4qYJaxrDKQnCdt3CBK,0.32941693,31.04,0.32941693,30.56
LWZn3mGYvHQEcRj492JAQh9hqv7oxyxDrW,0.36017327,30.58,0.36017327,30.56
LeN9XEAMRhKiJMYVffGZnDVkfJPFTVUQKv,0.32069762,31.14,0.32069762,30.55
LecCaEJGnKjkqJYSXrV6qzYq8Jf399ASZR,0.26793769,30.08,0.26793769,30.52
LbKcSr6C2uZU1wS5iH2nQFKkB8h6eerJuk,0.263636,29.98,0.263636,30.32
LZtvo5f6RynHjY5ohyChkNYPuZWwhZoVgT,0.2837416,29.98,0.2837416,30.29
LeTyKQTc9iRrKe8vAFpB3EebM1ZVBkNP3C,0.29994427,30.28,0.29994427,30.28
LNUMziG3jDs7KQkw2iZXNVStaBk8hbapZv,0.33062703,30.27,0.33062703,30.27
LMy7EpH2e4kriHnv8Umnz3S83kTN2CNjue,0.35168703,30.72,0.35168703,30.26
LevWzjhVN2Efo8Jpw3vB92MeB9ZoiMjQar,0.26593702,29.81,0.26593702,30.25
LeRMfGQ9TEn4Q3VyUfa6KpbciKXEofX8hA,0.34211426,30.24,0.34211426,30.24
LZbsgPZYT844FjFrx4eagwAmY8gyfTiEFJ,0.26736402,29.99,0.26736402,30.23
LaUeXYo96A7LXf6VuqkLyVG5QxYnoBZei2,0.3238469,29.39,0.3238469,30.22
LdZQYq1eUoUhJKB8MT4CFP5Khn4WYBhUZt,0.35557663,30.19,0.35557663,30.17
LNEGya6Pq1EJLkaY9PTe1fhMs5E1VyNxCG,0.26843235,30.08,0.26843235,30.1
LRf66z6mLWD5vdKzfuLrCRrUqHZXxZPRhd,0.26589224,30.09,0.26589224,30.09
LXabfZtcRoVrSdWLiu8gzTUZBk9DpowVhy,0.31662269,30.27,0.31662269,30.08
LQnRkbMakW35DMh8w1CL71Yc7krnEi8qxZ,0.2679,30.02,0.2679,30.08
LbpyRsoSLcnGrQiDaMRVTSBofdK9iqZEFC,0.2522,30.33,0.2522,30.07
LWyCNHEqRyFHWkk23Lufcsm88ZmUVzJbkH,0.31545741,29.8,0.31545741,30.05
LY8t68U5Pnv6stc8kExm5gN9qK3ZjfwbVG,0.27550739,31.63,0.27550739,30.04
LPDhS5gWTuXuBeDu5QMHQZn9GVrEA28ooZ,0.48685556,54.43,0.2526871,30.03
Ld2oiuRRcTHF8KCjYU4naS4zL7tvocTXyS,0.32786885,30.6,0.32786885,30.02
LVheLVFhv7YBbWGis7beDGkZi1xgC5hCbj,0.3538153,30.02,0.3538153,30.02
Le15PmfYWjE7Xh8n6C2PdG2y46WhcCe3Nw,0.34998124,32.62,0.34998124,29.97
LbjYvLcxw6ABtpLaDAkhFMLG3MPSPi2XZt,0.3354782,30.0,0.3354782,29.97
LRG2mqivTj9QqZhRgYgG1CH3gwQCabiN3M,0.35172221,29.92,0.35172221,29.92
LUzHgFrvsqZRVE9Lr1m6MpYfK1scQZEd6p,0.26733688,30.14,0.26733688,29.92
LQ182YutMahRfctPuyR7Ys1n2RoRXR27Kg,0.262637,29.89,0.262637,29.92
LSdgrUrnn5JdU4FFstziRRPwSKSpDHmyZL,0.253,30.73,0.253,29.9
LYc9Z3ErSKAkxechXhhX79H6YxJ9RPmqKL,0.2609432,30.78,0.2609432,29.9
LXWzJxSwB25JouWSTsMe93ooHg5GStL3Qm,0.24746349,29.95,0.24746349,29.87
LLoaBzNjwc5D8kBeMDhYT3YmuiBxw7fm6b,0.3510221,29.86,0.3510221,29.86
LLpoYCmChaEgb6fNDNyvg98khXtWjSoghx,0.26624339,29.57,0.26624339,29.86
LPGhV1Zjx4vKTfhMgwEzSX5ZyHk3XGQ3pZ,0.3524022,29.84,0.3524022,29.84
La3vmZXCHB9nqtAtdvcyweqSzzSxMg4yRa,0.32567691,29.82,0.32567691,29.82
LU1wdZCYpWWkNi3Ezr5NJCKCkf8GtWnVct,0.30293469,35.36,0.25896938,29.81
LQcimHHWHf7JfVMGDbCqLrJjYMVY31pgJp,0.3499,29.77,0.3499,29.77
LZB8QyRZXv88yuP9NP1HEHodAANbHdf4pm,0.34039542,29.72,0.34039542,29.72
LgajiL2pw18LDGEbXfEZhsZoDVZTiBwkbc,0.35207135,29.67,0.35207135,29.67
LLUed28i7S2hjtfsTnsNZaV5C8Jj8bsw4K,0.352154,30.52,0.352154,29.66
LPvoSYXzf262RhJswTagRLMf3YG3243hB4,0.2644,28.85,0.2644,29.66
LL1YcQrjFaCfDGz4b9h1GApNFuJ9FKPaua,0.34458519,29.63,0.34458519,29.63
LZN589kx4cRAZLiqryrKVAcXWJqEcqb5oz,0.31179884,29.8,0.31179884,29.63
LZ8YZKQeXJc4tNMCDSsk6y8gL2K5gg5Vgm,0.2573408,29.34,0.2573408,29.62
LPjZNq7uoZjgY5PC6k2eHEGywM2dQ8oLbR,0.27212122,29.59,0.27212122,29.59
LXoFTgnwutUrC2c67CeJJcUYt3Hbwyuo9v,0.2568,27.1,0.2568,29.56
LWwdCRXQduwieaPJbc2pJcVSYyKEBZVp4A,0.2486905,28.28,0.2486905,29.56
LeR4q4EcaSSDUDdSjwehysVXLJqaDGr7BM,0.2479904,29.64,0.2479904,29.47
LKVRdw3EjFCYVr2f9b2xi2XFDtWwzxWMbM,0.30638217,30.48,0.30638217,29.43
LWLA1NJo3zmjqhxxGXuVyCjnjn2j8MHawX,0.3036968,30.69,0.3036968,29.43
LQWC2yz6VKMrFZok4mAb3Ti4ViEZExtdGk,0.27628656,28.54,0.27628656,29.41
LMAXfpUrzj1DFRcnDtq9jYUdEBicwFJF19,0.24657734,28.16,0.24657734,29.4
LhEMA3bf1e3Yp4q5vk1JFM9UzVWSrKe3TZ,0.27,29.68,0.27,29.36
LfLtbbM4TFryhsFDrMscZ4UWnRXNV9fpqi,0.32468503,29.46,0.32468503,29.31
Ldp72ciq4fsNqFWb3ptxRBbxfKLvhyKTS4,0.2546253,30.36,0.2546253,29.31
LWmpzeZpffS4At7cSkUS5SQhTbNJpEcbDy,0.26127852,29.01,0.26127852,29.3
LiFpANEagybNEniWYPd5htzKKDUbejjCJ2,0.27383365,28.93,0.27383365,29.23
LMt6iDW5sXAEfGVEqsHokkVwAgopa3tVBm,0.33956,29.2,0.33956,29.2
LNpMQKZScmooknsgJyJFzg8jfTfHJwcz23,0.308591,29.15,0.308591,29.15
Le5Msdbjdt1Ud2FYLu6m4uwdJJSJmrVPin,0.32970706,29.14,0.32970706,29.14
LbzDBbjGN1o2RSuGGKmGuxMvDPMM8W15kV,0.25159914,29.6,0.25159914,29.14
LSFViEZDfp7GQDRUamndhL7tCYtJefGRPe,0.26,28.6,0.26,29.1
LXCRvsoG5tzsHZrK4q5xHwFewK2hYkDVxo,0.3065724,29.23,0.3065724,29.1
LPrw76zNjgfnp56ueNhjHoNFFiErN4nGrj,0.2527,26.73,0.2527,29.09
LN5P5XbpdY8BAxfXAbUbGS6NpJfEv4ogAR,0.30781966,30.25,0.30781966,29.08
Lcnh2tGwqRZixZw91b2Kq6u3nyxXMtbt9g,0.3393324,29.05,0.3393324,29.05
LZb7BJ8CqrgxYRqqdYXEk6v9xM4rS9N9P7,0.2398,28.04,0.2398,29.03
Lf7hkRk3CJn57TBTLvLyMEjPCBmKrsVwKN,0.26380336,29.98,0.26380336,28.99
LcSuEoTQsAKrraNWgvoyUyieEsN3pU1zN4,0.240459,27.92,0.240459,28.99
LUXtZ5pEiHF1X2EyYHMLgsmVJ8xgTGu8xN,0.25430778,29.25,0.25430778,28.99
LcwMbiuUACELaH7jXAD9wK8SFgi2RD2oEg,0.30418251,30.5,0.30418251,28.97
Lc482TLnWMidm3pobm7Jnu3uBerUaYwptQ,0.24022666,25.27,0.24022666,28.96
LgNxhed7dt6VKUumU29T6s4YQ7GRTLXJEm,0.3160801,28.94,0.3160801,28.94
LfX1mHqyStTd6rhSgLBGPWrL9RqdxPMmn6,0.25491287,28.56,0.25491287,28.85
LcuS4PUqSpajvJu6fxk15BxqMbMNecuibL,0.30105837,28.68,0.30105837,28.79
LUPMuUkmK5XUZVyNZWv3SyzoqQWQUumHtd,0.33140018,28.78,0.33140018,28.78
LYzXAchjFygTJ1xxG3FSWaePMqkpaF2wYT,0.28386243,28.66,0.28386243,28.66
LNApuH8MJKbEofARhAFBw5rUEX6FbsJrsY,0.2701,29.85,0.2701,28.65
LhFoWwiXivNbQirNW4JdCpkzDNzgHZQx4u,0.21960369,27.18,0.21960369,28.65
LT3amyCus1HsQibngcyUFG4pikS9G7mXC9,0.29390307,28.65,0.29390307,28.65
LNm1z91BLhiF1fEEpZbN6Zj9JSyK2Uy9Hw,0.23721415,27.04,0.23721415,28.6
LSswg4FSpwFayuLUSHPWk6j4EtqE5Xm9ea,0.33901406,28.57,0.33901406,28.57
LR3mKaUSRf5ZQ4ANZFCdqRhMUEyfHkptfN,0.2599,29.54,0.2599,28.57
LdyGSFY9nxgAVcA3r4k47YxZ8Ansji5c2h,0.24705841,26.24,0.24705841,28.44
LfQMcFLAtQ494FcBrBtZiCu9R75VMjhPPx,0.25390638,29.17,0.25390638,28.42
LgC5ZFtpvsRjGczHkqcVWMn7onq96c2fj8,0.24711659,28.15,0.24711659,28.37
LXCpnEcJ5XQKriskZfBGTJmjcPrQVr9Ppw,0.2599,28.34,0.2599,28.34
Leff3kMr3AC9E4u5vvq1jDErfb3crhjSNG,0.25082242,28.56,0.25082242,28.26
LiTaa5FBNRyuaVa3Zjrm8wDTkQXToVHwYj,0.21661213,26.01,0.21661213,28.26
LdoX9jSDY8hZutAf3f3hS297Zho6UmA4MC,0.24979414,27.2,0.24979414,28.22
LMrxtGc3KbGNNcGMCq65nsqncLkks99PVn,0.32941156,28.09,0.32941156,28.09
LNnoaqytfZCGyYpWAtdxEETUxLdSiogVxq,0.32386791,28.03,0.32386791,28.03
LasdSNohiznS2UNyz3V1Dzaxxxzz2qRzC2,0.26231637,31.0,0.26231637,28.0
LgNriWyeyq9fE4MP2LHZVxTfiLQWFG5fBT,0.23101411,25.5,0.23101411,28.0
LQH6SnvD5yrXSuPRy2sEeE5QrSWFaJg4Vi,0.2939,28.53,0.2939,27.99
LP3qHB63JRRR9FCnvMvg7RoPBAxhkopVoW,0.29481879,28.97,0.29481879,27.85
Ley8TNhv7JUcJgGaBp2fJLNYpbjafB158m,0.28845791,27.8,0.28845791,27.8
LVrvmdkHcT3JfYePLuqV8V194RsYsvz35T,0.3372504,27.8,0.3372504,27.79
LQcifnfrMATw9vY5e4gh85z4hhoWpvdd62,0.33157342,27.71,0.33157342,27.71
LSqUBVwDWD43r343uqE1YoXbgNkbjwtGXp,0.23504047,27.68,0.23504047,27.68
LiK4oEMnrEUgfspgvqSoEiT1TYTeS5NzTh,0.3251445,27.67,0.3251445,27.67
LiYEipo2krCfqpHdUgGq5dmETBxdniXuNw,0.30720159,27.83,0.30720159,27.62
LatjVAyzbLAfuXTbcJRpZm1GYCaTMYAsAY,0.3224591,27.02,0.3224591,27.6
LZPni8L7EaRMxqUwg2e7uRr33oMjiSYxb5,0.2899,27.72,0.2899,27.54
LNnx6WMwZq5RgwWYcWfprBPJ5LP7ci2qM6,0.28232496,27.54,0.28232496,27.54
Ldya9JpY722bAzC9Y2WezvA6PmJbpqC5HK,0.31698086,27.53,0.31698086,27.53
LRYcmwgv953BR3sW9gQernPqcsehVvPsym,0.23242565,27.29,0.23242565,27.5
LfX54jxsQ3ZUbEvCquMeMewD75QkTnar4v,0.24299217,26.45,0.24299217,27.45
LVGXGxpJ3chCopsL8h4tZS8ftG8PFsYXJc,0.27642521,27.44,0.27642521,27.44
LdsUSsBMLSotq1xEU3gTQYQMUz1oCMdmy6,0.295,27.86,0.295,27.43
LKqvKfXgucwKS1ABHPsS2Lz9TcoQ9PTWVK,0.242657,26.38,0.242657,27.42
LR9N6vaiP5pEQ7TcSHCBzqSJDSBc6KgvBi,0.25148577,27.38,0.25148577,27.34
Lh9YSbMqFf15cSjmkUaAxRMhB8wsZwJmTN,0.27896283,27.29,0.27896283,27.29
LT4pbWt6moRXeJ9v9tSpnW7Vyf1eWAwcDZ,0.2829892,27.06,0.2829892,27.27
LQQozStRN28PmDzzNDbQUSzLbEBUKzYbkj,0.23488848,26.46,0.23488848,27.26
LM5qcPf9bP5iEzduZY5mqRoxignWSSutH3,0.27,27.26,0.27,27.26
LiZ2UttqfkbKdULSXP59h9Svj9dTVAZWpH,0.23829144,27.23,0.23829144,27.24
LVhgBgJSTBXy2PCYDvRSm7hW9meVh6BVtn,0.2760606,27.13,0.2760606,27.13
LM7cngcY9NFchu6zqGmJrsC1EzfLuM9sLt,0.29047033,25.32,0.29047033,27.11
LYNbxWBRUPAevMiw7mCDtQKHGhJVYDNLfq,0.25381561,29.4,0.25381561,27.1
LSwxyDY9PC3ghEu3BTnAcMMQxsHYXP7nsw,0.25538075,27.09,0.25538075,27.09
Lfg2gZ3yeP7rZaV7zri2Vb9xLFoGZj2aeV,0.2251501,27.29,0.2251501,27.08
LTWpnCx91VL3eR6jLhJGWN81qmQbmaVPdW,0.2283828,27.34,0.2283828,27.07
Lb7j12yD8jcMsFkdNguoDRKfNnZhihvdbn,0.33722424,27.05,0.33722424,27.05
LYAk4WtqAPLBhK1gjaebDvGpLeJ3LhtX7x,0.31783402,27.04,0.31783402,27.04
LVMonCEeAzsJRDTKwriAZWKEGnBDGvfa4q,0.24845715,27.31,0.24845715,27.01
LW3XxHZ7sYwSYfux29iqUB9WW1TfbvTwCW,0.23284947,26.11,0.23284947,26.97
LY75F9xbGz7AjNGQjhEhPefgYHX5vD2xgh,0.2801384,27.81,0.2801384,26.91
LZ4VyTttDwchkDTAFMyNzDsrNuBSiTDsbJ,0.3086,26.9,0.3086,26.9
LeRnzxrcJmjrsCYowph86yJnCH1YiF9spe,0.22238631,27.87,0.22238631,26.89
LZ3LttQScaCh5kQ2yAr4VtaGHwVcPijo8M,0.22335249,27.07,0.22335249,26.86
LfLGQAEKwfg7qVUubS8Wa813Ft73QxBNJ8,0.23578726,26.83,0.23578726,26.86
LWsUzjkYjvQcVSje9tYA7D2AHY8RhTNi9P,0.33466555,26.84,0.33466555,26.84
LZj79DxPRDQBqJAn8ytGy3wpQYeq3zGmri,0.2961177,26.83,0.2961177,26.83
LMimhzUSuEwTKAbyCX4dm1TJ2opfvxxtQb,0.31806006,26.8,0.31806006,26.8
LiJGyyftBHFYQsDvwHLZ14ipjK6rDsojzX,0.30463698,26.8,0.30463698,26.8
LLoM931cBLkQzv9tFNJMKs1i3W65NfVjVX,0.27337444,28.04,0.27337444,26.78
LPKy5TszEj6B2evDS8Z6TvEm5dZqXyCh7X,0.29261634,26.12,0.29261634,26.76
LhUwkRfsnf6nfH2dejtc5skgpR4RSJX4YU,0.23248798,26.71,0.23248798,26.76
LYn4wdbnf51Mz7D6Sa3EW8xeWwtQCH3mSQ,0.23809017,28.49,0.23809017,26.73
LfcALb8BcCCwm2jkBUUP66GxFrXNN7qRYL,0.31467528,26.7,0.31467528,26.7
LarmrBn9oNwVX4bks7KyypwAxE2EMSBzsU,0.26436197,26.69,0.26436197,26.69
LfcH9nFAZN1cVkMFRmyqUqWRSbVDTVoTZC,0.26405271,27.3,0.26405271,26.66
Lc4t4oXjPfvkgsctJFPC9ZY3bWZEadQzRV,0.26405043,27.42,0.26405043,26.66
LhZGgmJ5pA2JZmPgKjMdjXeRtjGGmKasgf,0.23155052,25.92,0.23155052,26.65
LeofcLbhnyZpFWDnZRQjYeqb9upoostSJx,0.28517006,25.88,0.28517006,26.61
LLC145Lxpb4tN7JH3wCuSjgDVp2kf1kQEP,0.23725551,25.89,0.23725551,26.61
LcaM1mntMqzqVotG3rHLv3y5UKZ3jpCfQi,0.30466905,26.6,0.30466905,26.6
LWWP9UK43Pzc1bkKfJtJ1Uyk3BihRvXxDP,0.30254665,26.03,0.30254665,26.55
LgtPZWQRF577vokpUaC6aWPwbSwV4LGTru,0.30392245,26.54,0.30392245,26.54
LX7xQEX1REMRZf8zXikdxTPHe56Dk3WXkJ,0.27614627,27.47,0.27614627,26.53
LfWdNvgESSPoZSGzYWmyv7FEU3eXN52vDd,0.25,26.52,0.25,26.52
LPZWw4xzTRQ1CW9sJXuGE9CQSrtBC8w2o7,0.22936835,25.86,0.22936835,26.4
LQz6y42peLhFcBJEmy7XNLMPJQiWMwfL9j,0.30014374,26.4,0.30014374,26.4
Li5z3zGftcg93sFoVe7FBPjt33iDNubsut,0.21826436,25.1,0.21826436,26.32
Lcisd5qaKDSsijwtsgWQ8nAv5s95igBHmA,0.23453126,26.3,0.23453126,26.25
LZM5VEUBZsFFK6oikrSXhQ4TdmR7g7Djyo,0.302421,26.1,0.302421,26.1
LNhKnkrUyjZELcxrSNBEEFvAzVNywrt39P,0.27380174,27.45,0.27380174,26.08
LhmJWRU3S5VniNgeVdjf1DgfNkPXnV9kBi,0.26613521,25.93,0.26613521,26.07
LNRUsDuP3MyeG3NQxViop9NqbjowE5weuC,0.2214,26.32,0.2214,26.07
LgP2e9oZ7TJCBzAYm5Nz26VWcWXEaYnEFW,0.30443127,26.07,0.30443127,26.07
Lgyn8HTz58F69jrm8CpFGo9CELC9hEMudf,0.30113504,26.06,0.30113504,26.06
LZnNh1nU11Mo87c7AbUzfuRKz8u1YYN78Q,0.2579,26.04,0.2579,26.04
LXfvefEt9wFP3v32xZW1ZZdc1L4T1Cy89h,0.3080732,26.01,0.3080732,26.02
LNBcyCnBsYC4pr2bnq3k9c6Txfm8RqM7wf,0.25724995,25.97,0.25724995,25.97
LeRv3mBGuFTDqL4n1svB3JzpDQGpGMJwG3,0.29918823,25.92,0.29918823,25.93
LaVNgm2599GkqTM8qzpSaCoM861hm2McYG,0.28937259,25.58,0.28937259,25.9
LYjLo4t83EBseZvHBXKh33th5cGm2m4bYR,0.22251341,25.82,0.22251341,25.82
LfRWSw4e7K8knURSCcRMqndXUP7UM8gmcm,0.2729669,25.79,0.2729669,25.79
LT542SwBNwcDae9zAiSFoUN33TvicuBFYz,0.22957,26.5,0.22957,25.77
LgPyYqcK66gK45eivRESY1WgoffYotsS2P,0.30006,25.7,0.30006,25.7
LWesEFBHxeivD8h4LzCLF9C5nNpu6rNXRr,0.269,25.66,0.269,25.66
Lb2iG8bvVXczpFDavW5yvEMMF6JCh2Q2WY,0.26696625,25.64,0.26696625,25.64
LiSKJmGFeueirm8tQjavF4K5vBNWY8dvSR,0.21689449,26.34,0.21689449,25.63
LPe2dnfgkYukL5PKQpddUBRLjnqUWBp4fi,0.22584621,25.56,0.22584621,25.56
Ldb8nQoE2FhNFHU6wmR7PMoDKUxuHexCGq,0.2148,23.72,0.2148,25.53
LYQZSeVUp45rCNws3HzYuL9JN5HrVrcH5M,0.22727479,27.2,0.22727479,25.52
LLKdAnacpEWAgaCkKyfAh75pf8ZW734F1m,0.22724447,27.19,0.22724447,25.51
LM9SDwwveGEC7Hu3VAwnjVUFz9rMupoNFb,0.22668287,24.74,0.22668287,25.43
LSWC7oNcP9dF3gLeD6nZ8hKeEcZgJUyT3f,0.29826349,25.32,0.29826349,25.39
LZe3nA8tmigWgzHFih7A4eHCepqNpxG5iD,0.224532,25.37,0.224532,25.37
LMmE432Lgfi86mMcHfx2pHVg75D4Z2KuM4,0.21,25.42,0.21,25.35
LfXZscPmQSPM8s5DUgVr9asK9Aptwu65BV,0.26664996,25.33,0.26664996,25.33
LNhxr5XAVexnLqyUpz4AVvGZn8SyaztNXw,0.26411734,25.76,0.26411734,25.32
LWtTHj3PzQtgtTnHR7cxb2DaSvFHKmDQ5p,0.20859526,27.31,0.20859526,25.3
LgtTSjG94aGdUcxoXRGrAUhHpYUArJ7LjS,0.29334275,25.24,0.29334275,25.24
LMuQbjC7yirxWb9n6V7thTxDNRfiE6uMDo,0.21191441,24.68,0.21191441,25.19
LTbdNHcHchTLHuCyxk1dVoms8V1CnRooRt,0.22912259,25.7,0.22912259,25.18
LWfjRZD5LABdAXPhh2GuEhdr1HciA9Rx3R,0.2916132,24.74,0.2916132,25.17
LLqMYMP7rr4bwUeEWDwvFon2Cgm4rdxRyP,0.31370184,25.16,0.31370184,25.16
LNaCxPWDxT2zxJ4ub4Bqmscm4oztT4tLTK,0.20861831,23.97,0.20861831,25.15
LKL6MtbYboL5XT8Ac67NCMUeWtcNLW87BY,0.20688513,27.08,0.20688513,25.09
LTDGYtg8gvjyG3dHZTRUZaA3pB2RCt9VBy,0.29442939,25.05,0.29442939,25.05
LcMWRh8AZJFPKUKAds11KxSkQNuUUdGDau,0.22331397,24.37,0.22331397,25.05
Li5rdgstjyQd6FXLMmRbewsZ6viyZy5em1,0.24811928,25.66,0.24811928,25.05
LVNWy1gemjWtBndieAo5TsWfavD7kNqhQ6,0.26038954,25.9,0.26038954,25.01
LY8cTDGHSbrSNZ8WK8hiqKyJnQfEyzy6s1,0.30163947,25.01,0.30163947,25.01
LKTth1wfkW8JLm6Srwr54ep1uMoSS88pn4,0.22276994,24.96,0.22276994,25.01
Lfmb2oPXmnJe6xqtgdakN59TmJMQ28BSj6,0.29466808,25.02,0.29466808,25.0
LRAYaSiAoybBGWViwT8kxYoHmeH5jNDcuD,0.28767084,24.98,0.28767084,24.98
LY71ahNgC8z6UuwDfm299akP5LfkrqPw5J,0.2299,25.07,0.2299,24.95
LMdncZwKCh4SaTFHgtoM3SucLDgbgnRXbU,0.2074,25.14,0.2074,24.94
LhVyGdfU7mRubpxWEnJSf6eff2Q3yVVxFX,0.28318985,25.34,0.28318985,24.92
LdX3qvU55igoJi5nB8HUWAoW4UbJrKGYyq,0.29767413,24.88,0.29767413,24.88
LNBuastNxnVaczuNACXzSEg4Cypjwffy52,0.3,24.88,0.3,24.88
Lg15keUpnWQrsvuqWKwcpgYLQ4Kqhd2fEL,0.21923502,24.48,0.21923502,24.86
Lhs8k9UYJTfoapcZTXeMiAwNqr5FETmRMR,0.28691298,24.71,0.28691298,24.83
LgD9BPzUWGSrpDjUQzmZksph46MfoNx9JR,0.29269039,24.85,0.29269039,24.83
LZWFYRY4T9j1ET71NLri5jYqUoZjwJFP2B,0.29105365,34.73,0.21238637,24.83
LTbay8U2CSanxVWtXBBksgaJiABBnjeP4z,0.22135886,24.8,0.22135886,24.82
LTDeFzQRPyFSj7fBpLfUfR8jmQkbdWtkuJ,0.26261763,24.81,0.26261763,24.81
LSde6faTucc8oqRguajY7fKwqNAG4vRUZF,0.26207491,24.77,0.26207491,24.81
LSWniKLQwfS3z2naSePECRmojSR3zKvXPj,0.2709146,25.28,0.2709146,24.8
LYg1cNEG6WuzM9NvYCiEwUxqVYA8LcfUrm,0.25999043,24.8,0.25999043,24.8
LNoA34hPTtgTAiYJHMkPrLrvqiNYZueVuy,0.18936767,24.79,0.18936767,24.79
LdLy4SDLXDXKpD7EyJWJg3Pdr3xqGckqnH,0.298601,24.76,0.298601,24.76
Lf7D16ubMefGr1CMtLswGQZ4h7g3CE8bQp,0.29177258,24.77,0.29177258,24.75
LTxwRTBq3tcvWRgMaehAZoG5wkxxbNnQnA,0.20110166,24.72,0.20110166,24.72
Lhhift7PGCkcf9xiQLwV1ceemf5YNp4GBT,0.2201305,24.45,0.2201305,24.67
LLR2AaeBqnacys8AWWqjLWvFb3e41crikp,0.25938991,24.64,0.25938991,24.64
LM8hiuijYQw5CNWqJAd3MPiRMV2apdU2NH,0.25685171,24.63,0.25685171,24.63
LhHJ8MKKd1bmiEjusUDkTN9oNiamN92Zxd,0.20337982,24.62,0.20337982,24.62
LWPNSZ3UhZHcwMK3uJXDgUBqw1QJAzXdFU,0.28210336,24.61,0.28210336,24.61
LYE8ZWgZGXgqd77apRtowJ9Xmn3EBbdiv7,0.28516486,24.68,0.28516486,24.61
LYJGD7ExtGXTGAqreMdLwrMfk1KApGNeik,0.20821079,25.29,0.20821079,24.61
LNsXQ3S76uvn2R9tMEXrAwujkQmMNTjc2a,0.22614201,24.86,0.22614201,24.59
LfCm8YKCsXLFSy8JcNGoet3fxJsDCcKk3f,0.20428758,24.57,0.20428758,24.57
LXCMumWiSP3o5w95yfqbZrXrnH3uv8Ke7F,0.28847055,24.55,0.28847055,24.55
LKjcw1RMK5ouK4GU9ycYvXUTCSyzfqwDvo,0.25834452,24.55,0.25834452,24.55
LVSbDCxpmB7UgLHU9XTVLVs3z3PbyrmHzP,0,0,0.20588276,24.47
LSGh5m5mwnLRBavrJj7idzSeJujzJr3Ztg,0.3044904,24.42,0.3044904,24.42
LYHVY5WBLBzksrsXBNUy3m1G3oMjZzhdLc,0.274,24.41,0.274,24.41
LP3Ef2BQrk9h4PfSrAGTxKM4PJhbqskNHP,0.25783521,24.4,0.25783521,24.4
Lcx3FnFeh96vFiXFk8J4BFkA8VDhnigLB3,0.25573626,24.39,0.25573626,24.39
LL8KQamMLSXSDbQNSKLdhBibnkNx6StAnE,0.256643,24.53,0.256643,24.38
LbiHGgTKZArQLgAtYNZ7wct3DiCFa7FvFW,0,0,0.202102,24.37
LSoxJAWUF5T8iaQesgpJ6j5CyBbC8Rp694,0.23807424,27.07,0.23807424,24.35
LMbdpzd8haA21jpSphUftfnfW22nw7Lmpw,0.21522955,23.64,0.21522955,24.32
Lg62KVwLjf9TSon8HMojoDn9k99K9vdjHr,0.3030904,24.31,0.3030904,24.31
LLEktJHWEniSC8w6YBXuLDTuvCPdsGax3T,0.19746867,24.28,0.19746867,24.28
Lbp2ArUMyXgnkW8kcpfDy92i6wKdp2boqo,0.2442918,23.13,0.2442918,24.26
LZR3t7EnQScRZogEdR6sxqqCpUShwWXcrd,0.19970437,26.14,0.19970437,24.22
Lh4WhsegfsKQS2dRaR5rJPDgP3UBsa5Q6n,0.22263513,24.24,0.22263513,24.21
LNhwtT2Pqy1P7dPaA3MhxRZ4GVcth9XbbK,0.28702984,24.19,0.28702984,24.19
LLgzBY5N9DCqRdgsbCDXPa5QhEEEXSxoYD,0.22,25.0,0.22,24.18
LTdwVWh3qsuLx8jihFbDeBHKh6UQFSrzdM,0.2,24.21,0.2,24.14
LPN1p3LvLt7t55Qez7sRsTtkScUk4AXnLi,0.25311524,24.14,0.25311524,24.14
LKyWbhRg12uFCgGyWSpJdWbNkfrmRMxDPP,0.18431975,24.05,0.18431975,24.13
LTziFkxHVX3cQbWSvdghwSU3qeZAH3Dg5c,0.25541671,24.13,0.25541671,24.13
LhWb4sxxsCTHoofYLAasDgAHur9Jw48aS3,0.2148,24.07,0.2148,24.12
LcewdNtXF4FPHeRagaxqfTmUUghYBor51s,0.25372288,24.26,0.25372288,24.11
LfVmUkfpUgtk9AQPAmwAuC8NQGxzLs6XEZ,0.1999,21.37,0.1999,24.1
Lfj1zAMejkN8QsUURSkzNmmL3xndbJznEC,0.20272553,24.43,0.20272553,24.09
LWeoFknN4P637xLABn2gtV9zZMZnmiBpLd,0.27498115,24.27,0.27498115,24.09
LZ2JjAQzsFCUATNFxKmJ6TWW2enFsERkoz,0.25,23.91,0.25,24.09
LMKKVvErkX598FWLVM1pbptxn42kQbdgPZ,0.20726235,23.35,0.20726235,24.05
LXGKX64TT8m6prNE8jLEViRnHaStCqkugm,0.20229907,23.29,0.20229907,24.04
LaeMZMVfq7dmoZHfwXqJTP3PDcc1k7NjAP,0.21866193,24.53,0.21866193,24.03
LLzDDZkmegbaWeRs52oCZg4E7KmymPnGko,0.41041147,49.11,0.2020422,24.01
Lam8ZL1wksUNALe9hQg3DYTD4zCAu5HRq5,0.18382999,23.98,0.18382999,23.98
LT1iPdDrX512LDgaFJX85VzfRATHrkdbMA,0.2506004,23.87,0.2506004,23.96
LZjLyoRNwdh4CJxWjTrwAqgw823KT4BYWk,0.19857332,23.44,0.19857332,23.94
LYZ8hKsgActFr3x4wocFZoKAkX6eN8qj8V,0.2011147,24.04,0.2011147,23.9
LMnbbgm2ZC8E36BoU55QzKyUyYZEi9Rn1d,0.24879694,24.7,0.24879694,23.9
LTtojPQrcuBCzPbTT4u1tLTcyAMUc51TZa,0,0,0.22377439,23.89
LX5nwNtRhQm8k5YKsWCjcXSmyrdw4ATUi1,0.1978,22.18,0.1978,23.85
LKsYbtk8U2AJGsQqiDKoArtiLfyatUHr59,0.26026029,23.83,0.26026029,23.83
LNTxVatrxW7XFZANQMFgPurq36ncvy3Nzk,0.21653239,24.41,0.21653239,23.8
LKvbivToLTn4RKDotxGj3HnNw9yaikPs5p,0.27261847,23.79,0.27261847,23.79
LR2H8rJZmnxZpEq3XAP2oL8kHyud6DreM8,0.20530916,23.78,0.20530916,23.78
LNaRZBVMi7xdgKtvdKo78iDvBoBk1Czfox,0.182269,23.78,0.182269,23.78
LNY9Vv2KbPMBXMoNef68GwAd33GjKf5Wdb,0.2,23.4,0.2,23.77
LXLP7JmLpcqi6WP2HAfEBWMieNbPmFWSUg,0.19699886,22.68,0.19699886,23.75
Li5eeuDzchRYbKSByckjbX2QrToEhy5gTW,0.19187213,23.58,0.19187213,23.75
LeRhb5AryBVJ1BtQbKQBp24YDL8z9SQ5j9,0.24889242,24.16,0.24889242,23.71
LXUFKZ18AbJj7y7Xzf57sUBKBV3ijx2uDV,0.19689884,24.37,0.19689884,23.66
LVZN74pQLVVaJYnnEpX3Uv9vLYqvyZ7bTx,0.26251205,24.13,0.26251205,23.64
Lg5iaAqX5YmE4kMEnR7p7RvZWEgGWZ3KZH,0.20367993,23.99,0.20367993,23.64
LKE3i2iJ1QYTBTrNGhgdGGDjBLNZw3n4yB,0.217356,23.66,0.217356,23.63
LYgmTxbBiVxE6Q9MXVXsdGp18wdNyXdL5g,0.2708,23.63,0.2708,23.63
LXgke9xN8JzPPdBLvxZ3TVqWohFubLccYQ,0.24578548,23.61,0.24578548,23.61
LUN3pXjZ9pYttpJMa4zqF1gVMXuhLYztCs,0.27111161,23.59,0.27111161,23.59
LNQ92me78f9oUiMSS1kSgMDpPi4wm4QikR,0.24662226,23.64,0.24662226,23.47
LZZfdfdSUW3xHb7uqzzy97Vy1orqedovuh,0.20401572,23.24,0.20401572,23.42
LgzpkXLtowYFFnTQvbRfHTpKPyCSN2pquZ,0.24257427,23.3,0.24257427,23.3
LakRm4pQbP2zkfjQpyedp5nxd3HNi9sg2n,0.22753147,26.89,0.22753147,23.27
LgxK6p15gT4HcvaY1FJ5pzWSQPn4fZzMkv,0.23043285,23.83,0.23043285,23.26
Lg78eiz2RmPZxoxECuTK27D4mheh8uooDP,0.17811477,23.24,0.17811477,23.24
LVKrJ2VirqN4hPsZ5L5rwxkULfNFqLKbUD,0.23,23.88,0.23,23.22
LTTHBXoJ84kXRkftPRNWnaoh7gu6amNX3v,0.27,23.22,0.27,23.22
LT7zdu9fCMKC9EauCVY5E1jWALSzq7L26P,0.27543512,23.21,0.27543512,23.21
Lgyw8SQQMkrKcntKvcxezcyvmMN2R4EQVG,0.177722,21.36,0.177722,23.19
LcBcZMhRBuYkcbSuheZqKVD3BRmSVFHWG7,0.19668205,23.74,0.19668205,23.16
LWCNmp5K5RUCwbj8C2moSE9SLxA4zAKmRw,0.22931396,23.81,0.22931396,23.15
LYpeD1YovRvVxoi9crbQwA8DqQM7fUmhiF,0.26346623,23.12,0.26346623,23.12
LLcgAGxiskckQJAC4saKxNxEJdCjJE7qoR,0.26996954,25.16,0.26996954,23.12
LTEBdqqiow7cNga9s41uzH39Dyi7EyGzak,0.27288944,23.15,0.27288944,23.11
LZnqemJsKeioCNBGNFozJh6miMLraAswmr,0.27859061,23.71,0.27859061,23.1
LNUNb3SFjKoMHCgMHEb6i47YGj9epzbkwD,0.23411474,23.1,0.23411474,23.1
Le5AJZTPvHmzZ76EKhjRb8gLaoEMGTcxMv,0.2006,22.81,0.2006,23.09
LfPuDGew6dgMgkc34jWgAVfBVs7vX65bSk,0.176723,21.24,0.176723,23.06
LP7S59fGyi9xYhGxjQmNPurCRrvMDE2gXc,0.2159324,24.85,0.2159324,23.05
LcrmLuhbPrN9M4wxHpYCX6uid4A4GadBHt,0.2,23.64,0.2,23.02
LRZ6fLFMtVFBn4LD2okEHHp5h172upx2FG,0.26172865,22.52,0.26172865,22.97
LKfQiB1pZaSxfXuEtnkKyNLdwwpHn98uFi,0.2711876,23.56,0.2711876,22.93
LNbhJg3rnAH4YxUtBja5JG8arUYzDrjQan,0.25590423,22.91,0.25590423,22.91
LKxVtd56H5KYkSPNZuUuS86k2PMXRbZxxg,0.27,22.93,0.27,22.91
LN9nsx7xt97GKNQaDfWyziQy2hFvgz3xnM,0.24238327,22.9,0.24238327,22.9
LQiGQWVVYRYqrTTG1Uscya4Ao82AKFsiES,0.24211879,22.87,0.24211879,22.87
Ld5LzgxJmUVSyLtRwfTDwnmchXYTQWXFdQ,0.25967708,22.84,0.25967708,22.84
LKWfLYiRh33cGVFSN2f8UYPU7QBREiHKKV,0.2607356,22.83,0.2607356,22.83
Lb6F8mu2m4uupu317nPX8fnRQT7VQKcBc1,0.1899,23.51,0.1899,22.82
LcyDWKPmTgDeYuVegTjRNNfYx2LuabxsHp,0.19183618,22.57,0.19183618,22.8
Lh5w1zhWvWTA77HEp6XhdkTWz2bwxNJS4X,0.2686169,22.81,0.2686169,22.79
Lct4ruynRyiqthSU3kBgfg8ta5x8kQ6qPp,0.27477559,22.78,0.27477559,22.78
LSkFBhCuoa1wGEUQsUmRGGigbmdRBV7bhD,0.22233845,26.16,0.22233845,22.74
LdpvtQQbRUjXcURk3W247baQGZLXFRhQhR,0.25746206,22.67,0.25746206,22.66
LRDKtoKyc6GE5LNBt4JzrJwefHWdakmRFM,0.23237017,22.39,0.23237017,22.65
Ldvja1dCqoVed7mnz8R7i35NTbjfmxjQau,0.19659769,22.63,0.19659769,22.63
LPNXVh8w2tALEhuWsK3MtYxiz5C6xPPgJo,0.2241383,23.18,0.2241383,22.63
LKFyCiMF1nX4ZtfYnuUQ7ES6PoWqKcMwTA,0.18820063,23.3,0.18820063,22.62
LapUiKZD1JcL7WRnikjdwyFb53WYicRE4d,0.18812568,22.61,0.18812568,22.61
LetNNyywcibXGEkm6vkqNpQeVtjApB5QzK,0.19836901,22.6,0.19836901,22.6
LcLmmcpfZnhWkK2ZuPGXVY32xYb6eg7Qd6,0.207692,23.02,0.207692,22.58
LPcbvmAWfxuKFUe5kZQ1cz74Mg6VJvV9yU,0.19,22.91,0.19,22.58
LVuj56iPGjYxGs799T6Sw8Vvi45L2rfHBj,0.26228496,23.07,0.26228496,22.55
LgDzKAoNHdmtrDsEVdmW4hWVhrJsaXE8Qf,0.26129098,22.26,0.26129098,22.55
LY8QYcF6uCQ2TtuQ7LeMViUTW8HdZ67JNf,0.19418983,22.85,0.19418983,22.49
LSBaCWqKzirxpPuRENiRFFzg6AJvHd1Vtc,0.186498,19.93,0.186498,22.49
LdXvPCcq16kRXvBuA5rDswVMc6Gspmxpn6,0.20044645,21.79,0.20044645,22.48
LL2jRr6krYDdWU14APke1v3fBfpYTwG1co,0.22075378,22.43,0.22075378,22.46
LeZ1NhELhhFu7NTKmap2vK5dPRVr8niPcc,0.17206266,20.68,0.17206266,22.45
LbXmT5e8Lu1fyM6qubCa3X23UwZ96usQd3,0.22220772,22.43,0.22220772,22.43
LYgBzxfDMaLkDpYeYJ59YT9DNrWUMdm357,0.23351648,23.23,0.23351648,22.43
LeTzFbqMZvtAqQGnv5E8deAm7gHBiLSVtL,0.26044615,22.75,0.26044615,22.41
LXSGFwXu8BWeqtsSshooPHdA8JZRBdp1vP,0.25885855,22.3,0.25885855,22.4
LV6MwjzqBt2ZcMx25seBVCG21gYx8oEJZP,0.23426021,22.31,0.23426021,22.4
LeyCDpnXeK28a9yxq2kq2ZGnAkMgBzyYTP,0.18846912,21.83,0.18846912,22.4
LRPa31myzeSPMDvNpjiaHfdcutpmxBBhF5,0.25014881,22.22,0.25014881,22.39
LTPvVg1iV3n6445GkxoMyZaK6m1MJkL4im,0.21885192,23.12,0.21885192,22.38
LgTgrUbPBpbFhgNJ4SN8qLQAtB5bywhDXx,0.25862391,22.38,0.25862391,22.38
LRT7EsvjcLzGMu86aCZn1C3XDzo6sJmC7y,0.17107913,21.06,0.17107913,22.32
LTqgL5t7XK48ty4shd1q96eLjXP8bwiGW2,0.25653575,22.28,0.25653575,22.28
LSPJcDM8ay9dqrmok8PZrpSb9E27jSE1cT,0.2096,22.34,0.2096,22.24
LhZLLyoKcSVryeayYG3uGAyt2RnyoxbvCX,0.196561,21.37,0.196561,22.21
LSBntWTT9gC3ZniT1NQUxpGH5t7HcBbXQt,0.2198,22.78,0.2198,22.19
LQKoGprzpNGyEhHqSQa47yimcqgx3WSr1c,0.17,21.04,0.17,22.18
LbuwTSbjUNdkDDe8de1uG35JWxiCAaqH2h,0.25889345,24.13,0.25889345,22.17
LboAMEec8NaL8YDWfV2BaVbjMMqQ49iRTX,0.19457193,21.84,0.19457193,22.17
LUonLWRL3aa9j2Mepjp129XoDAEcCosNP8,0.26125124,22.18,0.26125124,22.16
LgCQCgriiT8HcasFEez4wimq3vAwFfHNQL,0.2088991,22.67,0.2088991,22.16
LWBzLHnDydzVzTjGBLzFHRddCgcRFmZw95,0.25131187,22.49,0.25131187,22.11
LLghtYv7kqhTqq7dXdYCNeB5FUfsaKv8u1,0.23270573,22.25,0.23270573,22.11
LQimbsw6Lnq9jx1ceuo7CSXxZ2rmH8ZM5E,0.1687842,22.02,0.1687842,22.1
LLtHULaJZrupg4rrM2yKafhav5ReXxNmQD,0.19038732,21.47,0.19038732,22.05
LT2vKCMKeADGThGUHedSA1gYJjn2PcfyzC,0.2528,21.78,0.2528,22.05
LgQ48SgLW2DqdnXmokTBz7naHeG1m8DqYM,0.19674006,21.92,0.19674006,22.04
LdD5HnJkcU8DZymDW4qDtXrCmvB5U8c2f3,0.27395162,21.98,0.27395162,21.97
LLSZV1hsQSwRBpgBKqKD6iPZ78QddACuqH,0.2589454,21.97,0.2589454,21.97
LMSP1ac4FzZX5TG9k1j4HuvEfsaKfrtzyN,0.178721,21.31,0.178721,21.96
LV4YFw77pUhceAEQ8NRfXpxyn3QbGjfuGt,0.190709,21.95,0.190709,21.95
Li1NQT1jtqxxKYScr87coDqNMSNTM7vmMB,0.19562357,21.92,0.19562357,21.94
LbWKD87puWMYEUrm3t1GKGuERbpngPZTrG,0.2599,22.53,0.2599,21.89
LRoALWbJAgty9nssxoKc2bfJUQfRZcMB8V,0.21389451,24.6,0.21389451,21.88
LStEndxvo51DArdmZvs9xs8dqz2r6j3Wgw,0.2575,21.86,0.2575,21.85
LdvW6knUygNpJeFnGveX6zXLgEq4cegEae,0.177722,21.84,0.177722,21.84
LYMLHQunsqakeur3H1Lq9NfXoQhbiq26nC,0.193,19.63,0.193,21.84
LNv9k6eYnrHXcRxM7WsePGe6BdcyYXXDXJ,0.22760366,21.82,0.22760366,21.82
LVMe4pxmvHwKgGY9W74rE4dWPAayfJHcZw,0.21982985,21.82,0.21982985,21.82
LTAMhWnrsFAFArXhWwjoYTyGYxQ57oi1Lv,0.18300781,21.82,0.18300781,21.82
LfmJpizztQN1nBt2t8Rd6RoQiA1apRRUca,0.21287086,21.61,0.21287086,21.81
Li3wpVBgvnME6njoHdZm9y2LfW5y8Ff6m6,0.25352679,21.81,0.25352679,21.81
LS4AM2u6uRkabdZo7yKTy6ybMcqPUCiUXw,0.21273534,21.43,0.21273534,21.79
LdNPwxVBJowxRjeyFLPxQiG1xMYZXEnDyq,0.25223128,21.49,0.25223128,21.77
LMek9e2h3G7PWC7w7ZGTcVd5eibPpdqJDV,0.24967724,21.77,0.24967724,21.77
LRjhvb2zB3aCxw27qhuEDcHrYvZgBEWCVC,0.22542236,21.65,0.22542236,21.65
LgXqTYchpVBUpbk8LK2bxhsDddR2LQ569a,0.23647683,21.65,0.23647683,21.65
LUMBxACmVdJSZzFAQ91LRUx397JRug9mQ6,0.18800235,21.43,0.18800235,21.64
LUWDNzAXqiqGD5JmUYeUmqbv7fjVUtJPwN,0.2689,21.57,0.2689,21.57
LaDkCJ2uG34uoXqLnT7AaGiuKkWk3N71Ms,0.18536691,20.89,0.18536691,21.51
LLqpd5aQMeuBWyh4uw7v6mMDgFaGmyFKRX,0.1867325,19.96,0.1867325,21.49
LhhLBrFjqUJjj8Bzy6F9oPqSSou4ZPpjJF,0.20230788,22.36,0.20230788,21.46
LPhtagwsiWZXp2hvD7g8qoeRZ3pt8sCHiL,0.24436125,21.45,0.24436125,21.45
LeBQoRn5fNbb5o1DcKUzXMyhE3ERVhLKJy,0.1820567,21.98,0.1820567,21.44
LfhhUeHkdfTPdvhoVeZn9RRNV3hk4VWDWM,0.2480852,20.91,0.2480852,21.41
LdnAwi3RGRap5MmjMB5vhzFWRj7w2etbAB,0.16406401,20.3,0.16406401,21.4
LLX9KGFrRrQj7oN17K1BGPiHGTy6VcmU33,0.24483543,21.34,0.24483543,21.34
LZzbUzMDUCqkRT8KwmgtyYAZuRDvLWFwQD,0.22351798,21.43,0.22351798,21.32
LUYK9vQEeEp2XpDVdFvcQLzCuiKhxzENNH,0.1904148,20.7,0.1904148,21.31
LfaDW6ufgMXWyReyxQMBRZwN2DFT7qxbVR,0.18341838,20.67,0.18341838,21.29
Lbzoqpeq2k3Rc9AiNzfunqTE3V44Edcu9V,0.2081,23.95,0.2081,21.28
LWExBQK8V8exJ3wv3fgs95D8Udbuunw331,0.17842274,21.27,0.17842274,21.27
LWG9Dcfo1iiSayXSQCAbt3ZoPH57e4Pzo8,0.22430584,21.23,0.22430584,21.23
LRQmufwm1WfqWVTTdqXqK545nJAYpaQbc8,0.187712,20.63,0.187712,21.21
LPf8utZDh37aKLSUmWhf5ENpyp3CEcdL4c,0.2499,21.22,0.2499,21.2
Li7sxEcWFRqrtiUATwnLvd4btbMzHthx6d,0.24489673,21.2,0.24489673,21.2
LX8pS2fkpkK9sA5u7sRqKacQfeXXde55wZ,0.24273353,21.2,0.24273353,21.2
LKViReeKK1kdX4yLaxJJEmyptg12jdBwnu,0.17214903,19.98,0.17214903,21.17
LSZCWMixKXsqBz114UoJBEou4WFWovv54y,0.23947586,21.16,0.23947586,21.16
LMCF8RTDKcMxrT3WKmNmXVS2TGSyHxcteB,0.24499414,20.78,0.24499414,21.14
LVZmUsE92MoovTCQLnfLRPbbErbfky4Lxf,0.20632907,21.48,0.20632907,21.12
LRzEB4bydSU9m12GnsG8ckroZC3VoGixRV,0.221,21.55,0.221,21.11
LcURou7JUBNQCG1YCZisVSJTh7mPoDRTSS,0.24443435,20.82,0.24443435,21.09
LYRfi8ZZtgL8Std54BDjdQBzGFPcCtSPt6,0.25023574,21.09,0.25023574,21.09
LTr8yGi2UChveLNDZcnch6ph9WKB3MYMFM,0.18268864,21.01,0.18268864,21.03
LStsX5TuswA6Tr63Fwak2SjoBjqF1XQpT6,0.16106987,19.36,0.16106987,21.01
LQYrpumrTPFST1Bg29o8oQzjq3QtPBX9c9,0.22177261,20.57,0.22177261,20.99
LfsanYwDe9yeSTyHUm5QDuYhWic8pwBRQP,0.19653385,22.16,0.19653385,20.98
LYfwgGbKNfFR1eomwDcuKvSbw4bbf8CgGs,0.25239612,20.93,0.25239612,20.93
LdDM3HAkwSeCcWay7mWPs4ya1iiN9hxbo4,0.1971377,21.01,0.1971377,20.92
LhTGQdf6TMU2EixoeMzbJAuNzyw5sdockB,0.2469904,20.92,0.2469904,20.92
LYNoDySqhH7cm9E12vv1t6kw2WkeSMabjR,0.17340681,18.13,0.17340681,20.91
LcFrW58YXZ4iPUTpy5bTugqiqu4kt7of1J,0.23352324,20.91,0.23352324,20.91
LMynbVg3WuL7LB1a6KMdxxsFsyRw7GwXxo,0.2499,20.89,0.2499,20.89
LVNkjdEQu9RWR39ajCXDckP17ZcA6TEQy7,0.18991283,20.73,0.18991283,20.87
LRX56AxFGr4GdFDvaQoeb6Aa7ikTTXLdBz,0.23663231,20.81,0.23663231,20.81
LfzDqG3F5W8nh5T6FfiyrbrYfMqbnPWAUq,0.18108785,20.63,0.18108785,20.79
LRPqEtRgJDN4mGfvehH9SomHH2hh9F1k1v,0.19544399,20.83,0.19544399,20.74
LcsYHTYwicvVwFT4LCc2JoLRNUr8kM42Ng,0.23743179,20.94,0.23743179,20.7
LUFADg3ohkDST5f9SRnTUbssvRsYGpPYkn,0.2048,20.67,0.2048,20.67
LKtWFfFCyn8uCJqxt1GPaZKxtXZpY1oLK1,0.17387573,20.95,0.17387573,20.67
LcXsZecA48VLVAubAuzhakKvn58efbke5M,0.17136886,20.43,0.17136886,20.66
LhHVXpTquuSwkxaY4PL9L8arBBhi4oBaLU,0.2255,20.65,0.2255,20.65
LN6LGwjHXumjRKiqHSLYV6gefHYip7jnrZ,0.22542236,21.04,0.22542236,20.64
LcT5EDkpPiN5Zmm5FKhtG4m6omtu6NzGr4,0.15772023,19.52,0.15772023,20.58
Ld8RnQtLMZGXhk9JxfswU9eqN7abNM3HWT,0.23451274,20.44,0.23451274,20.44
LgoJbNprwjB89T1Xn7Co6Y1aYfeL8be4MZ,0.15670288,18.81,0.15670288,20.44
LT4qdPj3iNyBZe5nfzpuR6Bn2TjLm7d4n9,0.18790159,20.65,0.18790159,20.43
LWa5njBtgdgqnVZZ9meWWoA3Z2fcZkBJZh,0.18079709,20.77,0.18079709,20.39
LMoUs4UT4VL5rwuGgHwj8x8nhHDTLBgezk,0.18176287,20.09,0.18176287,20.38
LYSF113oK5FWtHkQcwGjgJvnpedk8brrbP,0.20012122,20.33,0.20012122,20.36
LNeYNrJRhojyzE75Z4Xe1AEnf5qEcH51me,0.22459397,19.71,0.22459397,20.35
LbKnU7r857rjaV1X1T7g9E49QcozDMiuZT,0.24025859,20.35,0.24025859,20.35
LQkwopuiGQ8pG1r4c4Yo8eHPi9tQJRqS4Z,0.21170899,20.34,0.21170899,20.34
LUGpzs2A8MteVXe1QLpSt4erhTJXpttDxH,0.17992587,20.45,0.17992587,20.33
LbTR1GQax475fCySvQSqBAc3TednpRVZaY,0.21332262,21.39,0.21332262,20.32
LgZSJCNk5jrPruX5hwX9P7upPsp8yDHXbT,0.2339,20.31,0.2339,20.31
LTbpnehAqwafyps4Qc1H5xwZ7GCjZR4CfS,0.1799,20.29,0.1799,20.29
LdpK5pvHqttW4kvW4N8ARRGytBAYqpYRRy,0,0,0.170407,20.25
LdiiobVTERp4nxCtYdx5PxJWr6ikhNT3R8,0.23013636,19.86,0.23013636,20.24
LYtyQv2QtCDcB6Sp7EJfwEQkP8kygDJtBQ,0.16463733,19.11,0.16463733,20.24
LXpaMVWQET2hrD3G91zuvV28b7cUWAAm23,0.23856385,19.14,0.23856385,20.24
LVt9RofR4Db6iMq6psJCM4TwyLuNb2kQGC,0.20565553,20.21,0.20565553,20.21
LMSf8UpqyvBt3x6UsRK8UThBBfzL5SvC2S,0.16754827,17.91,0.16754827,20.2
LTy4SHzztEvtgd6wjbDTnYMPrC7pWUwDpb,0.18,20.34,0.18,20.19
LTimGhbxhHi7cKwiZjeYnLQeDQeVPw95vn,0.19025755,21.02,0.19025755,20.18
LepvGNQDkK3aVuWzD2T1BL314uodczZDRb,0.21417425,20.18,0.21417425,20.18
LbNepfotAc4jE7GVi672QBsyYPB9coNwvt,0.17972,20.14,0.17972,20.18
LcdiYp2fzrDGBGFHAvJjKHu2TG2orkPRio,0.23326572,19.79,0.23326572,20.13
LLvELG7JwWyLQQApm5zTNzjGFq2aXc8oCS,0.22825574,20.43,0.22825574,20.08
LRasiQATyga1JycZaFEuTRPyttG2GifEkG,0.16884134,19.56,0.16884134,20.07
LVmwPY63FChG4oRjhhp9EQo9G97CwfSmon,0.18886042,20.04,0.18886042,20.04
LMiiM4c1DCTuzfD7utwRSGmebP7nN4xd3S,0.17295242,20.12,0.17295242,20.03
LbvnENp5RGTaFoYv5tNByRvLoo8Mbm1wqY,0.17441324,20.02,0.17441324,20.02
LUdhTk5JbMAh8pQfYikADaj61mBTmYZEZF,0.21580244,20.02,0.21580244,20.02
LeXAPBEMK3ih5p2Z1BovKLn3SAVxqcZvkY,0.23507,20.0,0.23507,20.0
LhfoUnVwsJFGveE3Ud16Bj5GTUDKeFjDyL,0.18835939,19.98,0.18835939,19.98
LYTiT9gTKenTUMXXvrimwaFjhhHuZJiZ6K,0.16813071,20.1,0.16813071,19.98
LUWwabwMSH4gexTQFhwogNS2NkawsoyNgh,0.227,19.97,0.227,19.97
LLHVAyUBGManj7F9Jh9MQYsyWkfCRoeqzm,0.16876619,19.94,0.16876619,19.94
LStXVgob3cu27b1gHYGGoxAvN96JQyam6s,0.186713,21.05,0.186713,19.93
LUEL1wPdZeBpAXqWrCEAu8KLp8Xt8foYti,0.15275337,19.93,0.15275337,19.93
Lc7beRzGyWShn8jEz58hy1sKxiJVMUnYre,0.2352107,19.92,0.2352107,19.92
LKp2yR8x2crUPBxSFqmADjX4s6jD5GV43Y,0.1778691,20.44,0.1778691,19.91
LWWtCdQvx4TchKLoug68GFxpXSF5BkuPWg,0.16736555,19.75,0.16736555,19.89
LNLS4ceKVMuPdsYQ5wF6jcPegKXk5XnKEz,0.23584116,19.86,0.23584116,19.86
LevcNHaSe69sF7vJDy2RTY8tBPqYcpZgvC,0.17734367,20.0,0.17734367,19.85
LM1WuEbXMtczmxeww2upCVjDL9k5SPjZJF,0.1751233,19.82,0.1751233,19.84
Lffj6SeXQAdB3CrY8CQtTP6ihTazhn6gc6,0.22988654,19.84,0.22988654,19.84
LQRdkBkr7uVRef5tffGwiPf3otfKXTUhFa,0.18039145,19.83,0.18039145,19.83
LaKsaCPwZJSoYxRJ6MMhbtuzXKF8xd7Uxu,0.17266363,19.67,0.17266363,19.82
LVDbWCPGadqRgzJ4ykqu3LjyFnYX5d71Qf,0.1963057,20.38,0.1963057,19.82
LfUc2Yxquafud6j1hp2nKsigvX7VJKx6kp,0.21574973,20.14,0.21574973,19.75
Lc8HK81RydhM7JUrHFToQBmBhzRGmAkNoq,0.23440166,19.85,0.23440166,19.75
LaAxyzSX4uwKDjrrUACL3JLzby4EPry5Mr,0.23432498,19.75,0.23432498,19.75
LSDfbtuWErEjJj1RNhX9ebK7j8dm2D1piQ,0.22571547,19.69,0.22571547,19.69
LYwmwX9G41GrYWjzu2XDsoq6TyZK23zkAz,0.175,19.61,0.175,19.65
LKm1kYrHn6GCnXNcgw5i4ZtEv6DYpBoLBt,0.1752,19.46,0.1752,19.65
LhcZyP9PwyR7KGJYiP3rXLBuJLyK1f5sy3,0.23308975,19.64,0.23308975,19.64
LdKJvrZgSAqcJXvj8mFE8sQhbeH3nvRhXm,0.1628,16.65,0.1628,19.63
LRUGRFqh43bd7rjxFcnfztXAHCwz8fkMiM,0.16894093,19.03,0.16894093,19.61
LUjEu9rJ936PL6vfb4kxBx8J1MZRffYfQG,0.18054322,19.59,0.18054322,19.59
LXydezqNbP5d1SPoh8dyhE5zRJVjPaF7zs,0.16959014,19.19,0.16959014,19.57
LKzvW29zoavcmfqmA367wXeMcPaxZu7ahv,0.22533718,19.57,0.22533718,19.57
LVvhque8hEpsE1PpBRZ4XVTU2Eebbapdbz,0.18437932,19.56,0.18437932,19.56
LhNDd7kr3tdMLFkSKGboAyKZqWdnwpcxdH,0.165356,20.08,0.165356,19.54
LNsasG7LZMCqVtUiKMYRUtfrW1SLq47oKm,0.22383984,19.53,0.22383984,19.53
LKuGzZQSPikNb6D41wuWApPqPGYxfwxhRr,0.21321961,19.9,0.21321961,19.52
LWBLApPZpvD8HgxnMisoutKgzHESuH2Wi5,0.173726,19.47,0.173726,19.5
LMVEaijUwQK8Yz7Z5a9VPpdctFX7GRTMFZ,0.16938252,19.31,0.16938252,19.5
LRQRTe3ojco5n3TwPydrdxKmG7SihSoskS,0.20386122,19.42,0.20386122,19.5
LeTh9wqKS4BvPK9rj11t6mkUMbVX6pZHv6,0.1999,19.26,0.1999,19.48
LPnuRDe9tZWmU99oMA4KrQW1yMCpP4M8kd,0.15319069,20.05,0.15319069,19.48
LRL369PkkNENVSo9THtjJpMV9n1PhmabFG,0.17327191,20.73,0.17327191,19.45
LZgUtXEDe4svgZkqeJBLNVBXsfKg936AHu,0.16355658,17.35,0.16355658,19.44
LgrBBDeViGW1oxC7unHMEWXsuhHHGPZn9N,0.1921976,19.4,0.1921976,19.4
LZ5317fLeHuyZ2SCGgyU2J2NmjEcFYq8rE,0.17310986,19.38,0.17310986,19.38
LKUzGs1KPKrNsjB5aGzNAtjLz3xnqZb5o5,0.24721367,26.52,0.16277613,19.35
LRyuXcGZsxxwsgysewyiWCqMZaeuBFinnP,0.202617,19.14,0.202617,19.3
Lgq4bjX3Vs9WbaRfiMSyojs2u6V8HzP5F7,0.20232038,20.28,0.20232038,19.27
Lg4usqCH4E7c1uFKh71tLHaphtBL8owruY,0.20026,19.88,0.20026,19.24
LgwTkTjSogbr6JdxrEQ6fLSNiy6Note7AE,0.15832002,18.86,0.15832002,19.16
LMdruWZhEYAw6XQVg9Z788AoTqzmYDgrFM,0.17072628,18.59,0.17072628,19.15
Ld84y5YwCFZZdc7zSi51yCRejaj3r6VrcS,0.81456246,96.64,0.1608,19.11
LLXgv3PpKwzeZQQX6ujUGiqxNATSB2Son9,0.17387102,19.5,0.17387102,19.11
Lem4eN6CSCRC6nfUkHxVf1js9THFZp8ohE,0.17070391,18.56,0.17070391,19.11
LbqXD9yznD4gerscMJJcbQdZuMTX4CrGkT,0.22,19.1,0.22,19.1
LLvAmieVVqA4RtwMvdg9kTCDuaDL5AKCVE,0.15824338,19.15,0.15824338,19.1
Lec7pGwWfK4nFzhJGaSZmVCRCKaoeiE9QN,0.14629354,18.1,0.14629354,19.09
LMGTDe4uvXR2NS2n3tQoBkJDPioM82zboF,0.19939628,18.99,0.19939628,19.07
LNyzj2zaqqvzVKs8m5ofJRhVnpLGeKQZA5,0.1999,19.07,0.1999,19.07
LeHQKh1Bwiow8h1PULFwXjaruYpy8dZvjL,0.1999,19.07,0.1999,19.07
LNFSpZnrFTa2R3a7Rxgxv9sdfrK1EYTahw,0.18716077,19.02,0.18716077,19.04
LRyrrva6W5gTkbNgoWpsrtyVjuNJh8Pxbf,0.20776257,19.02,0.20776257,19.02
LQ6L7qJv5WEvL2FK9DCN5S11P9nAiNEV2q,0.1997,19.39,0.1997,19.02
LWQ4jhedu5hYtZMvQYKSsqzDymUXjaQ4cc,0.22404571,19.01,0.22404571,19.01
LTHTHkGR5dtEFzp1HCF5eQKSUYsj1syno8,0.19926272,19.98,0.19926272,18.98
Lh1X3htkF2zxa8HJLWJ2dh7GzBkfhonYEU,0.17751516,20.17,0.17751516,18.95
LPv8qRZAYUetSMLu8PSg4gvBHvDG3DpcRe,0.216816,18.93,0.216816,18.93
LaYXqV8As3YFGvdwUGTziWJrwZwmDpyu1D,0.16385551,19.1,0.16385551,18.91
LTiD3FK2K1nVSbQu26dRbPfs4J8J39TtoA,0.16839423,18.87,0.16839423,18.91
LL11zqSfBAWKJrxTtc62uJ87q34dc3k1t5,0.16295456,18.88,0.16295456,18.88
LgSJHJPbQmQ9XqndJ8J8KzGoJfPCC3Ve8w,0.15654351,18.98,0.15654351,18.83
LVTdiSfhm9HACtSPwBsPBZKvL62Ekq7tca,0.1967996,18.75,0.1967996,18.82
LSfa1kvzfjcEJ5RqnFK6tYv2y84pBcvdxr,0.21937946,18.79,0.21937946,18.79
LTiJ9twdv7hNxmwTTMAyrqfa5oWDh5BQYV,0.1649,18.51,0.1649,18.79
LfbuDSxWQfWD8MCxokZ8et7N2JDqo1hK3v,0.158,18.3,0.158,18.78
LhjRsRmv6MXA3EzPSoVKzGCYsHqm4T53nP,0.15246691,18.75,0.15246691,18.75
Lcr4vkyJSRUNbqrz8CbZVE3tWsZRVT64aQ,0.22239904,18.73,0.22239904,18.73
LSH3imCKZGX6pCCiv6gUtj6zNQ7CDqmPBr,0.16709755,18.56,0.16709755,18.72
Lc9t9d1Ke4sMcVty54KvkmfVDCRoNWHA5F,0.2207593,18.69,0.2207593,18.69
LTxRnV664aBgagTH6DRPd1u4xcKzQP8XLB,0.20118593,18.66,0.20118593,18.66
LiLBM39SvFgta7pMTReeyaeuheZFxcWTi1,0.19424239,19.28,0.19424239,18.66
LLMvpgYVKBzYqYG6wX4V8rAGGNEjs6B7m5,0.16602529,18.6,0.16602529,18.64
LNzV5orhpTwvP5fQKn2EnxkLDjgeFr2NTw,0.21593853,18.2,0.21593853,18.64
LKWUWfBACBbPG1H2rR2giWLhAWHY4VoxcB,0.15372833,16.31,0.15372833,18.63
LPuAWmY85CLBcMXkj959qoiGmCdchLJ4fv,0.22288694,18.63,0.22288694,18.63
LRV15vTqA6P8uhkQ9tGfwZcSiWwpRTSsPa,0.1909886,18.62,0.1909886,18.62
LV1Gn7LwDgBXHeBy9JoCEWSLphfxnksWkz,0.20406006,18.25,0.20406006,18.59
LRJmPoXFsdgXjQjLrTYMiFX7ute8B2CiVx,0.15121692,17.35,0.15121692,18.59
Lh2YcpK17y6p1TYw3vN9az5eeVQ6iWcb2B,0.1749,19.33,0.1749,18.56
Lcf2vvS5NVSabXwQdf3f8SxMU3nFVXkEmS,0.22356856,18.54,0.22356856,18.54
LLdgCPSeXrV2h4gfJHYmR8V5P5bAzi1Lx3,0.18102555,20.64,0.18102555,18.52
LiWpv953JvGXSqSFJnV7t6xspGYPTXD7i7,0.16076625,18.13,0.16076625,18.51
LeeBsr4cWqV9VCWB1fpkhAmzumXQuyZZdQ,0.15937317,17.96,0.15937317,18.5
LMNJb4JKT8XFVRdRYERiaoMK8hRb1aS9C9,0.2104526,18.11,0.2104526,18.47
LSkX6CVqUwG7d51cHwEmMURnpqz2TDML9j,0.22271993,18.47,0.22271993,18.47
LKctgXasR3Nic9W2QF4W7ALwbKfAN6rVG4,0.19261079,18.7,0.19261079,18.35
LMXzwqPyNKhjUJobrvEMLY3JXm3BDkmxFp,0.15387199,18.51,0.15387199,18.34
LYuvnqC8bHZxnTyv4WLmUxDX7FXnoEeme1,0.15892179,18.13,0.15892179,18.32
LWGCqEdPmzAXJ9Hm9rrjREYrfji9B8Szpt,0.15387541,15.74,0.15387541,18.29
LVW7TGbTZHEWEhcGwQiZcaitN8EvLyGeJL,0.21190089,18.05,0.21190089,18.29
LZSUqpjsTkMCoQqhzo9nCcpbywrk5R4SaB,0.1916569,19.22,0.1916569,18.26
LhUCa6mQbTiFPQPPc5v7S1oTUjmhmFKoPH,0.21142718,18.3,0.21142718,18.25
LKEhePzQu6faQeqdTUhSnhWLYVtPv13fgS,0.16121978,16.4,0.16121978,18.24
LgWrhEao9XM1yfUUzaLtrtdVCLfKtYhMgU,0.19602247,18.47,0.19602247,18.19
La1XF2FEHCSpsudXfoARdQj2p7NUDPGUQf,0.1566,18.42,0.1566,18.14
LNQgfeX1tUbJX2VXJrcKSfFGjEm3LtZ6yU,0.15014017,17.72,0.15014017,18.1
LYQFeTovuunAePhiRiFjR3Pa6DfJFUXBjt,0.18999679,18.45,0.18999679,18.1
LcLUEFYn5b7JuWLvg6aTHDjDf13nvwqTpQ,0.20964927,17.86,0.20964927,18.09
LdG2dKsBrJxTDMhhveQEpM2F2deb38QNzN,0.176723,19.82,0.176723,18.08
LVV3fpQ26WJNypXAbyYf18qqpoVfoPN71W,0.18968113,18.42,0.18968113,18.07
LTHFksX447XnhZfbgwR8X7R65hqT5XpJA4,0.18777018,18.04,0.18777018,18.04
LXfoiHX4PgAx1duivPtsAPXuaExWerpKMY,0.21564286,18.97,0.21564286,18.02
LN2DD6Dbjpj9KVuQim7zRLzf7JdW7ZWcEJ,0.19662767,18.35,0.19662767,18.0
LgMxdwZ1VXTPMTVFsTcpKRaBipe8PGjctH,0.21349526,17.99,0.21349526,17.99
LTYTb4dAPcibBcbtcKVRD2ejMEG54VutMd,0.15125734,17.44,0.15125734,17.98
LcX5v8353qkTJPsCHXvoXuV5kLnBtdseeM,0.1837915,17.97,0.1837915,17.95
LYGh1nHA1SWd8ZTpAVX2nEaRjHTHppgyMv,0.17995947,17.86,0.17995947,17.86
LRqH1HDwUgH77nhu8skSm7QU697w6df2dm,0.15,16.78,0.15,17.83
LcHuud5AiepYpBm4DofHdcgHUtJ4mBRgv6,0.18640052,17.75,0.18640052,17.83
LLtmazfB2PLKMBNo45Tu2HyAYY3YhqjAc5,0.19880892,17.8,0.19880892,17.8
LPfdMEAuk369NMnzE8bVkK8K93apht9Nas,0.15413592,17.97,0.15413592,17.79
LeHAsvXDeAAYfwcdi8kLvsucF3qzgfdhzU,0.22118671,17.75,0.22118671,17.74
LLrUHeCUR1eq4YFh3wntd7RYPD1jJjTW7j,0.15033988,17.71,0.15033988,17.71
LShK6Ur96F6uJxRYySjyfbEUwsgu7BoF78,0.14774332,17.86,0.14774332,17.68
LaKeeVQX1Ym9NgY7CQYFNpz6fG7kAaN5HG,0.1576,17.67,0.1576,17.67
LXKe6qLsnTvaGSP86LHdJkTyJqB65UufwH,0.15293768,17.83,0.15293768,17.65
LgHWiUpvyfs1FJFyVPVKrnpu7yDRjgUM1s,0.20282062,17.65,0.20282062,17.65
LPJfoL99DsfFghq86DWCWn1DsyHwSoai8m,0.15765869,17.68,0.15765869,17.65
LZA1nttMGdQN2qkNmXrWyfpni7SZvwLg3j,0.14841512,15.86,0.14841512,17.64
Lg6L5UK8UVgDcHrT8i4hLHBEZuNp5LS7Ja,0.162206,17.98,0.162206,17.64
LM5KHk3rKkXADpWfP32ziHYy8f6n4Cey8C,0.18556969,17.74,0.18556969,17.63
LLheCBj7sAAF98cfmHf3LNNxssqmzGjGyt,0.2028,17.61,0.2028,17.61
Le1ife5bJHNhogh1EZ8rYsLgdhQ7augdLR,0.17982619,17.6,0.17982619,17.6
LKsiNzH7fETfj52EyqHTtLSM8NSN8NrBe6,0.15020225,17.85,0.15020225,17.56
LLWknrrpCyyjrT5wYYD5ZWbxLxXNjst6uZ,0.173726,17.54,0.173726,17.54
LQ926pWsp55GcvRrzJ5nj1EqX9ghv97nEa,0.18883759,17.52,0.18883759,17.52
LdWT5KvetiteQwhdZP4ku8kzMSmZoQPMQr,0.18708495,16.98,0.18708495,17.46
LKvLtYnkXncnggGxQqHoPhCMf2b8UWZ1wS,0.1439724,15.28,0.1439724,17.45
Le78p1rxeBy8M5MWmAKm8qttHpcwi3NebN,0.179,17.45,0.179,17.45
LiMTYcfr14VDubSe859gM65qZqYoJN3mB2,0.20967274,17.45,0.20967274,17.45
LXqm8wyjRtuG7VtoU4nLTjUnPqENruDEyH,0.19456203,17.42,0.19456203,17.41
LW7KwRHKfM9N8hFpedsUFqh5PzcyCq4yKo,0.146052,15.27,0.146052,17.36
LYqdqEHJ41eqhG4A8MTed2K8u5444BM8it,0.21627585,17.35,0.21627585,17.35
LNbPkUB8PdHwaig16xQ67WzjnBJ2xcvcTJ,0.1987461,17.55,0.1987461,17.33
LcdGXq4oAqsn77jAdsXee6rbSGWDfwU3mR,0.20201178,17.13,0.20201178,17.27
Lffm1jAmETBEjskVgSHBXRLSNfGjMUnsUx,0.1949,17.15,0.1949,17.15
LfX7ctsyjCoizEQ9chpqRXK3d5bHwDt1x7,0.14841111,17.3,0.14841111,17.13
LaRSXJZApjRaBsP3f6YbjSvwsGu4YGHKK4,0.20324235,17.13,0.20324235,17.13
LVj22U6EP44Dr8QV5uoEP17e245LtJKQc8,0.16136608,17.12,0.16136608,17.12
LcwdiLYJRT7CWA2JX8ghzXYzgpCrAjPmyG,0.15126958,16.47,0.15126958,17.09
LTLp8Quj2UVHX1KAYyUiEFNTqSHaSbzY7w,0.14747709,16.54,0.14747709,17.08
LPLBCFj7b3Njhe1gviBnTfMjbZMnVuKqjx,0.1828,16.59,0.1828,17.06
Lad1uG1wpsdiqmg6rGfLhJUcC1F3T19fCG,0.15518658,17.06,0.15518658,17.06
LP7iE4dCEpqrDnstAEtcnHMcZCBCVcJbEv,0.14342673,16.95,0.14342673,17.05
LeKT3Wy8QWLYF6UfGvXFnaCsbomoHQq684,0.17773702,17.04,0.17773702,17.04
LcRnFxKJ7mgAfh8ChxTNHqqL5zCKf527ge,0.14134523,17.04,0.14134523,17.04
Ld5dJ4va4P1expTzXEQfRsuYpnjhYLXxi9,0.198971,18.98,0.198971,17.04
LZJubrMbpTLqEjXtGpn5DYYXhrUNs7eneG,0.14335494,14.99,0.14335494,17.04
LS8qLRRKA97s8tFFaqCmp9Grt4ZtGH2NEv,0.1928,16.71,0.1928,17.03
LQ8SkoY3tD8ptoVa7zMqMDRaUjMnkZrtMW,0.18066744,17.14,0.18066744,17.03
LXaZTgTuX7Y8BwU55EvxH6DYYpwqTBC2qf,0.202,17.01,0.202,17.01
LXG6NWzJrvx4aVz34jPxxvyEfm96qtCTEH,0.19460783,16.99,0.19460783,16.99
Lf139eD9ZFCPZawi2WG4kzddmLPqbizaWx,0.14754427,16.55,0.14754427,16.98
LaAmwWWu7Y2CFELCAPH9EQYoGzFiuuo96T,0.17799442,17.07,0.17799442,16.98
LVkmjQqZFv9iWG5bP12TLkb3j9uJKwmodW,0.2,16.98,0.2,16.97
LPyBfx4nCBTQodosFs9v6Kh2qJqovzeTq8,0.1599,17.67,0.1599,16.96
LVkTg19cT8MyDeUF67nDU43HCbhXZ2J59u,0.1499,17.03,0.1499,16.94
LZugoNPYCyiHpddk5FY2M1nQqAfxZQgB5w,0.15924041,16.9,0.15924041,16.9
LVssrbATFvyqXoXCYCK2ZbLnF7oyUrRMBH,0.1777499,16.89,0.1777499,16.89
LSPD6wBVCphN5vs9RpgbvDx4LuBVHdMeLu,0.19898495,16.8,0.19898495,16.8
LX35gXV69eNssd6jbrHpwgvgmnYYWzmSym,0.14082985,16.94,0.14082985,16.79
LbTMJrwTN556oj4phpBs4mJiZzLtyocXrx,0.18334325,17.11,0.18334325,16.79
LdRysxdgyogLxYLQUoKdKfpdw3LsLyPuUR,0.19423635,16.76,0.19423635,16.76
LdPbB9Upt1oCM9AZBfSjEwPgocqDxPweVy,0.18999855,17.0,0.18999855,16.72
Lfm98gjCFmNfCYwynxvLhZ6wUJUHiDgYzv,0.19369141,16.72,0.19369141,16.72
LYkERpgCBToaVANJQNEJBs6Ssh45NpRNdu,0.1699,16.69,0.1699,16.69
Lc2vgyUoHqK1hQadr2bdThPDbmzeMiJvaZ,0.192707,16.68,0.192707,16.68
LLwGUVt8UpCpYaFPodzRtPhYE7H2NQUD5n,0.17546801,16.77,0.17546801,16.67
LTzbjUUojaDDYYH6fSgS3jUaEztu4ynMCJ,0.14006687,15.93,0.14006687,16.65
LMhX6TgZtDawUAexBqMcWmzuHuafRTawUT,0.146,16.61,0.146,16.63
LLCimsiTcW3ShDzV5iYoGBhdABvUroE9xi,0.16333503,16.59,0.16333503,16.61
LVLWAUBy2NmhhuNm2h4SeJcsuCxaaFXQCk,0.15276779,16.93,0.15276779,16.61
LVVBiwL7sRojX5yuKStTA8GCcZborFiUPE,0.16725652,16.6,0.16725652,16.6
LbpaJXq2xPDAApRM7FP8fBcA1VevcQH3Rw,0.17459316,16.59,0.17459316,16.59
LhGEpi6zkGMnUU6Dtd7Wa8pZvVWMgG34mx,0.20667931,16.58,0.20667931,16.58
LP2CZkh2BMxDGFJq8Nyhnw4aaWcHg514hB,0.1899,16.56,0.1899,16.56
LUun98gPPmjg9MwmuMG8o7GB3EazJBXxev,0.19013392,16.55,0.19013392,16.55
LeaVa6BPRJ5g2voFoWPNt6p7tkDCTnoGRV,0.18406776,16.54,0.18406776,16.54
LUtr1JPqHxEd4sso8YtKUVKbFxDX3jkJuu,0.1762426,21.17,0.13870172,16.48
LT7U5emWVQHeELUEJ8jaD5zxdV8BqsGE7P,0.19790923,16.47,0.19790923,16.47
LQXvduRX6G86sB47p3tYHuLaHjwr4wAWNL,0.14593972,16.84,0.14593972,16.38
LVEjXAtaD9te2GMSXxU224ypmts7V1f7de,0.16220698,16.77,0.16220698,16.37
LZEThmcsP9j7T5MYJAUUpiUS7L4RWM8JjX,0.16193431,16.82,0.16193431,16.35
LWLRJvCExVA8hqSrJhe2Sv7ZXGuJ7Ws1YX,0.13748416,16.25,0.13748416,16.34
LLEVfuFzUGRHvzNg81P6AsEXYzwyTBTycU,0.14428257,15.86,0.14428257,16.3
LesMA4QJZ9cKUMRXkWeR6pXhpGan7U1k2b,0.13711163,16.39,0.13711163,16.3
LX3zWW1AUz7Gwso8wJy5PRREfU2mh5jdHW,0.1249,15.46,0.1249,16.29
LVMmHcuy3n2C94sHKY4EZfhf7ATVjTzdVH,0.13496216,15.25,0.13496216,16.27
LMZv19RWD3CZ444dhzvUGh2kALaNADPUTx,0.1849838,15.96,0.1849838,16.27
LWsJAjVjwvSTxNBUaUZciN9ZhjFRzwDCJG,0.15240156,15.59,0.15240156,16.27
LUrnSeES652tdGwvzikzftb699fqTiQ8Js,0.13396969,16.25,0.13396969,16.22
LQPCWaKw4eT3vAFximbVXFdR1R2R8Kf3pR,0.1317523,15.12,0.1317523,16.2
LTnYyxqVtL8CnMX5ywsrr1GhiZhL5eoMsh,0.15226184,16.15,0.15226184,16.15
LcagxCk21DGboahdrJo4eBowJnW4d9oB8x,0.1339,14.61,0.1339,16.14
LPLp94aNDFYvtMCTzdSVLxEHMRwAG4pYN8,0.12310155,16.06,0.12310155,16.12
LRJAGrmnpmKz7A9Eszu8d5NE528ybHeB98,0.13948622,16.26,0.13948622,16.1
LZ7kTiFdesX2Um1PSi3TuZCEXggYsi6DBC,0.16944929,16.2,0.16944929,16.1
LZjXESQLJdZX1MaESQAcNbCqzeTg86qD7F,0.13543321,15.44,0.13543321,16.1
LQ9QnS5kiYLqiFiKkvaU5LK8XxSSqtsCFY,0.18336584,15.78,0.18336584,16.09
LaHzwLdyV63LZVZp4edcSvBMW5qKwv99aH,0.14640857,16.42,0.14640857,16.09
LbT62J9NxG18EsnxM5gRJdEZKTJQTqWcKR,0.17,16.09,0.17,16.09
Lf11nieiKw29F2eBsgxEvFX1wPm2gDTAWs,0.18311464,15.76,0.18311464,16.07
Lbm2YCfEB5EEy8wbQxDUfyq6ptwd4W7NKM,0.17049464,16.17,0.17049464,16.07
LbnVLR4YBM6Df1oZUkuWPt8ehVKtBswjB4,0.18336257,16.05,0.18336257,16.05
LWUBuVUhkfAfSCz8yQkXo12fzDyvnYcDe6,0.13971358,16.04,0.13971358,16.04
LeLV3syugiZkGECX5CVZKumKLv2HT2nHCB,0.18666972,15.99,0.18666972,15.99
LSWzbfsYWwe2xRfuCEccB5EzA7Xmu2tZdb,0.13442966,15.57,0.13442966,15.98
LgVyoamvcvNG5eQQHPRSUieYQmCeMftdyV,0.18319582,16.18,0.18319582,15.97
LLoCaB8saxn5ZAPJDotcndhmU1PgoXXqfN,0.14135524,15.8,0.14135524,15.97
LXcVCtkGj5zFXcNFmzrp8qcdEjbpNQG9sY,0.12223958,14.68,0.12223958,15.95
Li195NkGYq2D1tppYPv8YmLieGCH1Jw5sX,0.13215228,15.06,0.13215228,15.93
LaV5P8YGAnXG6cZP3ZUnEtpfFjbDFvdJNZ,0.17471567,16.19,0.17471567,15.91
LhqjqJBoneuXxyVttFMRbyZ5UXUqXrK8MR,0.15752476,15.9,0.15752476,15.9
LKcrfow1ibx2oTHtKdT9545ktJ1AbqTixx,0.13801835,14.12,0.13801835,15.89
LaXeYLG78zr9KViY7TVCBR2EYZiwX61yre,0.141758,15.98,0.141758,15.87
LhECPp9M3CpLv7oJgb4gZAAyYqXV6QUeSj,0.18469522,15.73,0.18469522,15.87
LVkYyy3G9i6dvQFhScbDqnsBKLu2P86CgJ,0.166,16.64,0.166,15.81
LdDcd8vB9uBm9iDZJ8MqSyAS4FzakHs9xt,0.135764,15.3,0.135764,15.76
LKMQTCw4qZi2qzv4dG2auBBdp2aYJnzet4,0.17996338,15.76,0.17996338,15.76
LLuphkY2wRdovpaEHjwKR1NHcd7q2tswk7,0.18499801,15.75,0.18499801,15.75
LgBc4gDr4BGnWZ2dhibjdpcKezPj1JUYZy,0.1719,15.74,0.1719,15.74
LPh3XXSZ5H5GArDt81zzNgmQHzaqvFuU4n,0.16463852,15.98,0.16463852,15.68
LLhMSCSfBfrBt3EfYLSehN7zWWRuoi22bQ,0.14675038,16.46,0.14675038,15.67
LTB1j4UrgeQrRfoRVRQoh649kRGBJNXV6h,0.13919104,15.6,0.13919104,15.61
LWEvd6M2swgHbd1uLNBedHEUriz159cbKS,0.13777486,14.01,0.13777486,15.59
LUao4ZuPXtymscgCeTc3kZwskjjpQ87ToQ,0.1808547,15.8,0.1808547,15.56
Lhd9gYVgGyZr8miHw2K4ShqVs42n2inYpr,0.26268138,31.44,0.13067758,15.53
LML491nk618kk33TgCC6KXuqbEFsUxAuXg,0.14636039,16.17,0.14636039,15.53
LVKZmCVxNxBC9dhs75MDY9QQvYHv8KWjy3,0.16285479,16.33,0.16285479,15.51
LQya1EDTdxihBFvm2GSgJaL94QqFm8uF51,0.1435587,15.5,0.1435587,15.5
LMa9nKNjEpEeyTfUHzc692e4xDRQCX3fkR,0.16151512,15.35,0.16151512,15.49
LLJqQJH8aM8MgQxk5XW9MdL63NEDPKp1pB,0.180098,15.49,0.180098,15.49
LdF53EiS9xituxfZyS7vNUGncRFomgf2Bd,0.18153091,15.54,0.18153091,15.48
LbS9j7Q88YyzhLt2HrMusEm5aDbwBjidH5,0.18486279,15.45,0.18486279,15.45
LQYd3dKthfJEdsc1GW15XpHfDXxqDV3vMH,0.17779177,15.44,0.17779177,15.44
LUzwv9VCbsHW8we8TUyZkimHztabndFvHY,0.13380909,14.99,0.13380909,15.4
LgkxWgpzzP7jSoRdTm5zDJUmaeMKpwxUsG,0.12957595,15.29,0.12957595,15.4
LdfebDNMm8Pp8PjPCGEt2MzTZ83yJSriPy,0.17620691,15.39,0.17620691,15.39
LYfPU9mW4Zx7mmmaS9Ti2pK68Q4Mb8vN1B,0.1399,15.88,0.1399,15.38
LRYM3JSe2sFaF99nhV7kWkBSeskPEdAUDc,0.1399,15.9,0.1399,15.38
LLETD2YYtwMJfbePqokGmafH3DfDWFDrsB,0.18514186,15.35,0.18514186,15.35
LXWDV6G3F7HxioUadg1NNG38QaSs7bkJGC,0.16173953,15.31,0.16173953,15.31
LdvNfEJnHuKsbwDhN8P5hg617AFZQoYPpX,0.1513933,15.7,0.1513933,15.28
Ld5cns1TAB5m8oFTbWKePoi2sV3i7R57mq,0.29596349,33.3,0.12846865,15.27
LbgmEUiNs1RPSu5gYVS6VeVW8dDdGjjWU3,0.1778,15.23,0.1778,15.23
LaVRxL3iPdUAt8jJpWPzma836484fEaAEH,0.1898,15.23,0.1898,15.22
LMFc87Fu954qLs2wcynmzixDWgwQpnzSx9,0.18979569,15.23,0.18979569,15.22
LV3Ra8p87X9UckNed6TPVwUXXzgQ9LP9fj,0.17581438,15.14,0.17581438,15.22
Ldzna86LoxWcMSh5zfzjBSYeoFSGRFAqJs,0.14244826,14.88,0.14244826,15.21
LcPpUdjmayZCuq5n7CabBGjZPp1BeNtL5V,0.12548808,14.95,0.12548808,15.19
LUNaLVy4K6FFKtu2AL2RLwHw6G8i8DBzMD,0.13408444,13.64,0.13408444,15.17
LPRtT3cvRmpYRen1fBXrMbfJUt22rtUpmH,0.143,15.8,0.143,15.17
LiSCsyxs2yejtaF8SZfchus4iamLXcstgc,0.125774,14.85,0.125774,15.16
LbrxEhUowXwjpNj4pn2aCqTtujDH3Y1KxR,0.1756029,14.9,0.1756029,15.15
LM4Rj3VVbQb1QvjUe3GhnxZnXdh7HJP3AK,0.1799,15.15,0.1799,15.15
LMznmWxFP65nyaQu3QpyvexRKS5NkLTUop,0.1779,15.14,0.1779,15.14
LRHfvP4skraMzNXTd8V32Wxe5wfF7oCrtA,0.14990356,15.13,0.14990356,15.13
LdJ7tmocp4od2hvn8NPGF9gWpZXnocmqCt,0.18865,15.13,0.18865,15.13
Lac37SL7qfBXuKsw3hCABfJGAPPeBCqXWe,0.13916195,15.15,0.13916195,15.13
LgeEJgtik4M6KMgSYYfQWgqg8JJZjHJSV6,0.16685353,14.64,0.16685353,15.12
LXLzcpXiJDvsSZRxq9EnPim2464j7Xsdxh,0.15904994,15.11,0.15904994,15.11
Li47UAop9HzHWBR2atCPfx9hYG1qiWQ4s3,0.17215914,14.81,0.17215914,15.11
LPwcDmf4aMpej4sU6s5prDqiqCdoqypoaX,0.14239983,15.11,0.14239983,15.11
LUF77N7Uy5pnBUgkZf81zLVfhmjHumBz6y,0.17250592,15.1,0.17250592,15.1
LTyMTZ59wbFB1DNRdH9WjHXYCNACqk1Xn6,0.1389,15.16,0.1389,15.1
LbG6kTPPKFW8Ca3hhiskkcNzGvs2UKJMeD,0.18142921,15.1,0.18142921,15.1
Lb8azTJz9T3pidAW1qixU4fjMCuBfUDzSY,0.12701017,13.47,0.12701017,15.1
LPAjz2y5LczEvKPJ47b8vv3Jfqse9o7JtB,0.14940502,15.08,0.14940502,15.08
Ldufnv824UvoazBmdkrje1t9mfgG5yzNVQ,0.13440664,15.19,0.13440664,15.07
LVaFLGmQ2FM9wsBo4bCuXvuf15xP7PsVaV,0.16819899,15.06,0.16819899,15.05
LQD5xYhWbxQk5aPUsH7iJJaZERJRUeL8bP,0.17864819,15.48,0.17864819,15.05
LN8W4DDoMRUNxY8yBRGD3JfTfSLGKkYdjE,0.13191686,15.01,0.13191686,15.03
LMVtvjNANgPjQ16bicfweMKcrz6BNeAF3z,0.17277938,15.0,0.17277938,15.0
LXeqWVVNbHEb5VxFSg7L2zziG3mGN7KF72,0.17375188,14.99,0.17375188,14.99
LRrHu8rgZMJJtTy5Us56Lv5v7aT1aKPeuE,0.16061361,14.0,0.16061361,14.99
LMQbHEbNo2z6VFnEUzbeYnUKs4oj2jVGuK,0.12894193,14.97,0.12894193,14.97
LbwX6kUrELPubTsY4upWencoVqv6zyespA,0.157,15.74,0.157,14.95
LSEhfrh1cGf3isZ11bCkReJ48MRPiTZdCn,0.1799856,14.92,0.1799856,14.92
LbMCSQ5whqW5Y22883DJWUEcoHP7hQgBBV,0.15781168,14.91,0.15781168,14.91
Lepe9W8nPbHgwE21qwgu2zbRZ5ZuNnqf4c,0.17603567,14.91,0.17603567,14.91
LRujVPxQcKyRiHGjkif2AqCYGsTYV3Tr2d,0.14742447,15.24,0.14742447,14.88
LdosKCYGm2b3DqtbkLCjTzWTQ3JBwy3h5r,0.11367756,14.83,0.11367756,14.88
LNoggdtHiJqSomyJxaNfeVaDBXC5ENkkkW,0.13686131,15.04,0.13686131,14.88
LeqQxpWDEWN1ywJPDvLaftW2ijHVwVnn8R,0.15501082,14.86,0.15501082,14.86
Lgy3Dsr8JDqYyUunH9qMB2QHdp8mTqiCJP,0.15529506,14.79,0.15529506,14.85
LVhfnmKoByEUKjpVugtzSDSjvtmn1TucsG,0.154745,14.7,0.154745,14.84
LYdexwMfooYmmQJWsCoTfg5YcM8kjbgq3c,0.12884462,14.06,0.12884462,14.83
Lh9bhu2evh1kKMXtpSk5c1vPHeMFQGtyxc,0.1699,14.81,0.1699,14.81
LLuqomDAuxMYA1dUQeTtQXeBPER6xNCHac,0.17052105,15.19,0.17052105,14.81
LMcwudwRRAXDP1CqzfV9LUykaRkdEDWrY1,0.13196182,14.65,0.13196182,14.8
Lhv7D7ng8EcS55QPvoeWjehN1iHEYZZ6oc,0.17168364,14.7,0.17168364,14.7
LRDtGBdxW8sxArad4JRHTEnYbGhE7sroT5,0.14550705,13.98,0.14550705,14.69
LWnE2c5WXU8LbmjA9kxbmCN7FoavRXmRYh,0.17016253,14.73,0.17016253,14.69
LXR1xLxG4fPa32SyV76Q9TaekDKw2E7ZK7,0.11933767,14.67,0.11933767,14.67
LMTpESqhD11qphiJgvtDVHMSGYkc2WyVnv,0.1721708,14.65,0.1721708,14.65
LS6V8XXZMLnSMuMzcahxJurLGKoNjif7Cj,0.12630305,14.15,0.12630305,14.63
LKYUS1JuxhcTHjNF6bVJFG4enxhJyitVC3,0.16804344,14.62,0.16804344,14.62
Lc7taueM98KxVHzh3Wf37Mf84tbQX5ndd9,0.11584264,15.16,0.11584264,14.61
LSHPxZsoSXfEx5xfBa8c1agRCuv4CULmV2,0.15948368,14.6,0.15948368,14.6
LSUKhVd2kFAmoNSPxNq5DfUpvt1Ku4DJQd,0.12803877,14.57,0.12803877,14.59
LbsL71gV9qyQAcxe4P7ikjTsB1mcTrGHxU,0,0,0.1224769,14.56
LbyYz3kE76c3daghD4fYLVhnJTkUqmQgjk,0.16855,14.36,0.16855,14.55
Lg7zustexvTx4MRtPFZxRXhR4YM9Cpftxy,0.1177047,14.47,0.1177047,14.47
Lhu61TneQ9MvpXNFzUfnpGfadecvMwZ2Cv,0.15469673,14.04,0.15469673,14.44
LdX6jvvLD7mqdyQfEYsumCLNcpzkL3e6eu,0.17005498,14.43,0.17005498,14.4
LMi1rMbE5KdZiCdSoytV9Ti3HYqNfGg8Tk,0.1499,14.91,0.1499,14.4
LhQzqLA5tggWUmxuWAw9DC1kMJ6BCZ9n7J,0.15427733,14.0,0.15427733,14.4
LagsGSacQJ8AzFpy9VSqJk7sUZmLkPnUqE,0.14142996,14.37,0.14142996,14.39
Lc9RCpEkQTZiWeswPWTLf8SEEh13QScGnj,0.15136998,14.38,0.15136998,14.38
LbwCt5q97j3Sfc3DLDyg7jQSDfPobxyPfq,0.1246,14.1,0.1246,14.38
LLt6FMbQG7iXBDAFKLFSjzTTXt5XmHRGph,0.11021307,14.01,0.11021307,14.38
LfXLEDU4H3fsDikDudvXBDTnWG5R9FYCTx,0.15174235,14.36,0.15174235,14.36
LL1K9CzUtJUegnzj3Z7qcvNpi72UugEHD4,0.15224403,14.23,0.15224403,14.33
LQaiAVEar1EFhXkue57QWDEL47PcBAB5fw,0.1199,14.03,0.1199,14.25
LbF8Z355Wm5gxHcUSGcJo1Kez4VbK9Uwkj,0.121797,13.92,0.121797,14.24
LcFNSpRc6RrM8EodbLwN9tYEA41dgMkYMk,0.17088378,14.69,0.17088378,14.22
Lg6Gs9XU36kazpbvEFmeXAqZqkyAfWhsLF,0.12273975,13.63,0.12273975,14.22
LZQrPxMDbCQCkZHdGW6M766bc7zudf4rC5,0.16520658,14.53,0.16520658,14.21
LfuLifyzyoDkWskkDcTVuKMaHP3TjzHPWr,0.13331717,14.21,0.13331717,14.14
Laf1isd2EH8PbR7HXAenT2q4s6GGjXqdLj,0.16511494,14.14,0.16511494,14.14
LTtHGf2ZrZ8mjoPqad1NkTjjfGtNzoSNg4,0.1660418,14.13,0.1660418,14.13
LTfHR9QTajug7o9DY2Q4ybXxhjqzFZfyck,0.1499,14.22,0.1499,14.13
Ld5239GLb97Q7diuEPDXXWd9RjC5viJKVB,0.14218768,14.11,0.14218768,14.11
LYpR7pQc1PQJAwyjcSHp8SMxbTEieA1swk,0.16915955,14.08,0.16915955,14.08
LNbtekc8hAWSHRJvDCSwKfizyYQKtFY9XC,0.11832584,14.14,0.11832584,14.06
LV71hk8biJXRXCa6Y4eCPqedBq7nRVtMV6,0.11616329,13.84,0.11616329,14.06
Leif44YcdXcanRpwodkYVmQMr4c2fh1iFu,0.14860541,14.6,0.14860541,14.04
LSNuYtEEnCgokxRrHejFqePDUQho7D5aoz,0.15324126,14.03,0.15324126,14.03
LTHH97XNTnpuSC1TQBtUWiejyuX2XdVyPV,0.13888446,14.36,0.13888446,14.02
LKsdmD71wpxanM4iaEB7nFj25So7h5BNFS,0.11660278,14.43,0.11660278,14.01
LZoMgJghjsCSseqzitcQkEiCmjYjJCVAN4,0.1499,13.07,0.1499,13.99
LgxSs9XcbabBxZDKqkLb3JXqvibt6ESTQY,0.16107714,13.99,0.16107714,13.99
LTLQiDo94cWcbJQxchWg1o8PwttPK6Mt4t,0.24325288,28.76,0.11747753,13.96
LWXGi2aNEzz8Ljh5i8uShXkDc1DoWEfgAS,0.163,15.19,0.163,13.96
LY2S4UCBPr4TG2wTgq9EhgxJuCs4A6QpFZ,0.16385767,13.94,0.16385767,13.94
LQUaNRrRqvVaN7PH9GsuL97EGSRLhnaaG9,0.12128562,13.92,0.12128562,13.92
LaCCwYsacztKNdopvoTLni7gHoai3KjtBF,0.15980853,13.69,0.15980853,13.91
LSsYiz9s9r8pQ34pb4Nsmo1BjAKrHc6Z5M,0.11527668,13.14,0.11527668,13.9
LaHbkVkJhFdH8XTrwTWVRGWkMtMcfsoQWB,0.11677739,13.66,0.11677739,13.88
LWHsZE4gT22QqAFPAWqcGBCAFutR8WnN89,0.15149996,13.87,0.15149996,13.87
LTwoyoiQu9wRxPAsybMGCZ3ndMUxFFz3Vx,0.12170444,13.85,0.12170444,13.86
Li35QDdKgh93GKELvSoPF7d3oC8ecMuqKd,0.1628879,13.86,0.1628879,13.86
LgfrLWyADAjHGzjQKZt8x69y2k4WToMAoX,0.11769042,14.21,0.11769042,13.86
LiUUw9qwVsKyoMKs6TgxCjkscR5m563Z36,0.11702609,13.83,0.11702609,13.83
LQz66PXRUyeqYQFWmqSMyUMXxutK8BbVBM,0.10582392,12.72,0.10582392,13.81
LbpWKLzTLZ29gbbtmigK8V7qR6DJ4UJvRy,0.16044496,14.95,0.16044496,13.74
Lcc4f3wGKP5vkbUE5YAzTdAYnFeyjz1KG5,0.15854,13.68,0.15854,13.68
LN8fXsF7b8MqNktgzp1hE6Fo6212vjpqXh,0.17018748,13.65,0.17018748,13.65
LMgSoP9C7hnPuGXXhYaSttTBVMP9QFoWu7,0.1211,13.57,0.1211,13.55
LbHp14gxKpmEFv1qLuv9vmRJav6F1nhhSv,0.1248,13.54,0.1248,13.54
LXkmqsp7YifCboRJgJ3xDnhM9x83TyrF6q,0.14255494,14.01,0.14255494,13.47
LZX5NtBngFHQWrJoVisST3cBB4nYUAjeB6,0.16074586,13.44,0.16074586,13.44
LSF5BBXCq6LY193jU4CtgWSp8LpcRmAfXC,0.15562339,13.2,0.15562339,13.43
LbTLMB4yoZb8WBdTBvURK6QaC6DkVwCzXg,0.15723223,13.38,0.15723223,13.38
LbS6tp3Kgwko8jsAufofdvCGgNwj1astdn,0.15159021,13.08,0.15159021,13.33
LReNtDNcZ8UcaY1VPdr5aXbAbyMB3ByfHG,0.13875508,13.77,0.13875508,13.33
LZtfDzpJhzXPYFzZ9etpmuxxAVybqaC82u,0.15314542,13.22,0.15314542,13.22
Lh1oc69bYURcp9XDDENvGAz6dfTHMXdYFr,0.13202408,13.28,0.13202408,13.16
LgJFkc3QNErTXggnhKyK5eCq2QCNgJNmt6,0.138043,13.12,0.138043,13.12
LTBmsQ7RMQJMr5b2LXFFSyx33wuxn6JYSP,0.10848657,12.49,0.10848657,13.08
LLUFqvZfT9trJa7pJFQSS2vNH5ca7tYcbb,0.15265383,13.07,0.15265383,13.07
LSxxtkWudsHxKNyydDyritvLvHcxdwDmYs,0.1399,12.69,0.1399,13.06
LTJ896osnhxoVxxgnVFdgQLPasuLFQjPqX,0.1533744,13.05,0.1533744,13.05
LV2rR1HTokhtoaRdhjF2WY57hjijQtcvqG,0.15338206,13.05,0.15338206,13.05
LeR8U3yLgnfFXQ1S4wenfhAnhasCw3DNji,0.13806287,13.57,0.13806287,13.04
LTQfvnCJm2BGRbarsi2VTBEpDPCXKTKbM8,0.15674334,13.04,0.15674334,13.04
LbBve5bY93YScKEBqzV5ayW8hTnmkF9hGB,0.1372,13.12,0.1372,13.04
LbUSAxnyveBcpmJqzLQHxozGBvDoatKZJE,0.1526867,12.86,0.1526867,12.99
LhFC1RoeDQkeabUAL9Fy3Zyda73axq3Poo,0.15255255,12.85,0.15255255,12.98
LUxrWFZ3HfbR5cqvHJJrZkPd8Sis1oXVDh,0.1154,13.32,0.1154,12.96
LcLRwc9z9PgfcAjmsx6FX9HiVrJkN3U9aS,0.15147751,12.89,0.15147751,12.89
LYtxM6CgLwMevvrt3CUQUpzXtTqeStgtUx,0.151748,12.87,0.151748,12.87
LLEW7RQUBe66mBQKLe4SyWZKhfPkx6XW9s,0.14045561,13.11,0.14045561,12.86
LNWKz7ntdkQWNKC6VKMHxyqdmfw5EGAPp2,0.11780697,13.06,0.11780697,12.81
LXE5hzJCg5YYjjqpugM8x249DVu16UqqpY,0.12072131,13.34,0.12072131,12.81
LXyJLiY1qKsLHXyEn41F18CfM1bkHBFdi9,0.10765396,12.43,0.10765396,12.79
LaUVrgN9XW8MWAw94nBi7sJABqYp8T2rJC,0.12669045,12.79,0.12669045,12.79
LXZQiRaUyheqvogDhLwmsxWW26AZi613wb,0.11743532,12.91,0.11743532,12.77
LR4WfcgGa2M3RLE7j9AiFbMv81QbWmZMkq,0.10925051,12.07,0.10925051,12.73
LRfd94s37WP1K5xRMa3BdCVsvq1PWFn3dG,0.1447123,12.73,0.1447123,12.73
LKVBYLBuNRDmQ3ygKw4CeZ9kWUSuVWnjBg,0.10497908,12.73,0.10497908,12.73
LfxuC35PBhXUcwSAYW8zK7zq3Qu6d2ngYG,0.10803736,13.04,0.10803736,12.72
LTJUyoQbPKNJD6NRKcPdeW6b7MSWsK1MYR,0.10692033,12.15,0.10692033,12.71
LRzxQDxEi5sU5yXdqHhZ8N7RGyf89UmXfa,0.13181717,13.11,0.13181717,12.66
LQ4TAitnvnfA5o2LRimsYiP5MVwfBxXVKA,0.102822,11.8,0.102822,12.64
LenPSiAidk9AQiqE8apDkTycTxBHTyYZLF,0.11594481,13.18,0.11594481,12.61
LSdn7WcTNAnAsUNeGzRU7Jw6DC2VZMELxL,0.10592097,11.56,0.10592097,12.59
LMMJ26TszvRF4zpcKo7479isqEhDZT8Q3Z,0.1327027,12.51,0.1327027,12.51
LMuMN7RqaYh4rsN95N82B9SfDFo4juEv7m,0.11124017,13.31,0.11124017,12.49
LeqtE4huUpojt3DAZsoW8hxDQrSJGK7zKf,0.12367003,12.48,0.12367003,12.48
LSjr52BQLaizeAGVw2zJYDx95uAf14aHeJ,0.14302703,12.48,0.14302703,12.48
LhwE2CwaE87rtTendq7GvjDu5SXL3KcYxj,0.11282208,12.45,0.11282208,12.47
LVX34bHJx8RV62bhyBqp48ThWwJrbAJj4e,0.11210424,12.44,0.11210424,12.44
LYR7RqNx517gntd4fnkLemfzVxWU7ZmB86,0.1105,12.38,0.1105,12.41
LPzzcQk8P9HgTQBVPKmZB22ioxuxMRduma,0.12883402,12.35,0.12883402,12.35
LeWYkqMGBSbwfe3amN9x5j7NzRMwCvgpGa,0.14104924,12.35,0.14104924,12.35
LgUdFRG6kCvrqSNPWmb568VZGpTW7KjQTG,0.09423051,11.66,0.09423051,12.29
LSKhZZNjBQwsPYNzZ9oEHZxbkQfR9xicKm,0.13418536,12.52,0.13418536,12.29
LMh3qjqauY5cgfPpq1UaD1wLoKmpZYUHut,0.13,12.28,0.13,12.28
LgzxdivTTBeDEiEF5bELmriTFQLcJU1dpw,0.12152176,12.57,0.12152176,12.27
LgBzbUfBrnKaZnwhQzwu5tgPYRNaKsNjWR,0,0,0.10316536,12.26
LhU9xwU7454nokwCfiHS4jebdWoogNKAuG,0.1286,12.49,0.1286,12.25
LSBPH4N2sXVSvKY4kHD278QtiqQH8V6o8v,0.09961813,12.25,0.09961813,12.25
LQCk5ha6fzyXtk3Vmxj2CfFoHEszmQgCTz,0.10905125,11.99,0.10905125,12.23
Le7T6sTKeTSFtQVS1bEJN6enDKfbMxo4AB,0.1309,11.88,0.1309,12.22
LdYbYnFUjVjTMJS4myZzC2xYnMfT8QVEy3,0.13599377,12.02,0.13599377,12.17
LR4BQeLbXPEhx2bxY2EwHjxsA6LLHUp6Sz,0.10235586,12.08,0.10235586,12.16
LWGBk2kQnQAyn74YFmFAJNgZHZLJEMHs1R,0.12854816,12.16,0.12854816,12.16
LeJtCtLggz3erAys9MM8yWvrpimy3kqQS3,0.10643948,12.11,0.10643948,12.13
LQCxL6Xa1Cx9T57xnVuzq4euyZ4BCjQLZk,0.13815093,11.89,0.13815093,12.12
LYwMcVVBagqhPNfyEb4ZuDt4w2cEXwfBac,0.12436521,12.12,0.12436521,12.12
LKErxjiVTDKd61RKWSkMGUiXzekGJSGoE8,0.141413,13.18,0.141413,12.11
LZNXpAr5rpwfeU9YsLY68tPcviJPcXB4WF,0.09963451,10.57,0.09963451,12.08
LUYqEjCWBgufXZyo7i5PpkDxjN63bma1Dm,0.11115227,12.06,0.11115227,12.06
LWM6PNJgk6MAFykvr7obtTYYxdcezmvRuK,0.0999,11.81,0.0999,12.04
LRy3f5i37MnY4UB6LT4WRsba8VxUMAnJsy,0.13287915,12.04,0.13287915,12.04
LaiWSHAQBw8L8CLSnMy2etgna3XstAsZae,0.10459168,11.5,0.10459168,12.04
LXVLCUVbH39w4h2LP2yEVr615BT7Z5e3tX,0.12121266,12.24,0.12121266,12.03
LSUioDSvF6g22JCf8FVVQL28d81AKn8Vcc,0.10117782,12.09,0.10117782,12.02
Ld5xwcq2NUu3ECyxRERa1fxpm6zhAwG1m8,0.13961329,12.01,0.13961329,12.01
LRWAAFBQg4PobMRpG2TbwTsvRCkqiKySNK,0.13651204,11.75,0.13651204,11.98
LXTfxLLhRx8b7aGwonyzfweWeeaBSnmGT2,0.12511729,11.93,0.12511729,11.93
LYWnwRihesxLptdKBkjNKL5EFZqjZH4PeD,0.1285391,11.92,0.1285391,11.92
LPzspp5hmTfHnUFuixkaffWCtodPFq8nYj,0.0989389,11.99,0.0989389,11.9
LLV71rN8zNn2CnxxaH1t3d9JGLR7pzeZv6,0.1293,12.07,0.1293,11.84
LUdfz5ejCEvk1tZe5rqbsLgAeCR5h5mXgv,0.0979945,11.86,0.0979945,11.83
LcsDVU5wCAj2jeN1R723wSPot76DMPqv4q,0,0,0.099473,11.82
LWsucEtL3TsvptWE6kMjsy6f4Qcb6C4mLB,0.14012042,11.81,0.14012042,11.81
LXj9agfRXhgDTUsY6YGLtG1gtaXA7XDkZc,0.10168226,11.56,0.10168226,11.78
LLADofmg8KCRrUAgPaNXwmtYtgxQhRHnZx,0.11070008,11.8,0.11070008,11.75
LfRM2BLzQzVsFSFo6Zwu4abuTkhULJwH3k,0.12226486,11.74,0.12226486,11.74
LNf86oAdUrtmWY6EqJwWFvcbtvRac83TSj,0.11809884,11.72,0.11809884,11.72
LdHzVGJdg2PurcwzRUyxcViKvoU7U1nXda,0.09704307,10.29,0.09704307,11.7
LeVJyfuDiRaLDFawKQQQJbUEvSeKu5A4FV,0.1349,11.68,0.1349,11.68
Ldy3ujjH5WEvi28wZDoXckM5k4JGTsfhoT,0.09804426,11.69,0.09804426,11.65
LW3HjFuUYPwZ6wjxWz8cQXNhHUgE9c4ZLB,0.09461497,10.86,0.09461497,11.63
Lf3zNb9EMwjAJ5QqVaqzkU2n5JJVRUcMhw,0.10202624,11.45,0.10202624,11.62
LKR7L4aqTk6zChN2aEKin6Jho5YsZbLtEq,0.1093951,11.61,0.1093951,11.61
LPybKXRqYbwbJdJgGXqqwWmrf4HgAXMVW7,0.1034253,11.88,0.1034253,11.58
LgE6A8PoRHs6YXE8RexbznCB2tqFrkpjUv,0.11875792,11.44,0.11875792,11.58
LaunfbYEKDjxzWZdqadVKCVSW8kjJk7AMo,0.100412,10.65,0.100412,11.56
LhJK2YifSewKZ1Rc5NyK3USYxWxgjf4CQW,0.1195,11.43,0.1195,11.52
LfpSMEeCC6NFRXyuxckg2EdBC9Uc3mLxhf,0.09538596,10.97,0.09538596,11.5
Lh6xn5icj3zBzTcZyHPSTLsHGnNuBHFjHg,0.12142942,11.47,0.12142942,11.47
LTn7qvDijf9ag76y71pWRvNCMJSvP9eHqm,0.1211475,11.44,0.1211475,11.44
LMkjeoGRBJGpEaC1VDJWQ95LV4oNq8vXfj,0.11969735,11.42,0.11969735,11.42
LM73vXyRjPNiPS1DnW2bpfigmi11dZMFUV,0.09281561,11.41,0.09281561,11.41
Lgeqrv9K7vw6iNDAMZL2C4U75DJTezAMZh,0.13135373,11.41,0.13135373,11.41
LTL1ftKGMd4H5rs1WJMrGfnydgx9snq4cp,0.09596411,10.13,0.09596411,11.41
La1AYwNWSXJ3EHBp9jg7nuQQktkSHYyb7n,0.09541584,10.68,0.09541584,11.34
LKsmp3tyxvPwYmrN1UT8DPMqyEw3keD21m,0.09798925,11.09,0.09798925,11.31
LcGkxGKoZ5g5rNhwncE6ZxEPSq4uxLJgKo,0.131,11.31,0.131,11.31
LVin7NFwqXiHntUftZA76giZbKo7DbWNQm,0.10069587,11.28,0.10069587,11.31
LN2XJFsUcRQtZktd9jBkzfKdzKTB7Gmj12,0.12328905,11.29,0.12328905,11.29
LcLBgxiPrmYaTG8KzQSxZCE1uU4mhJNRrx,0.12297052,11.48,0.12297052,11.26
LMyqpK8No5xdJ3twXNTm2KKkdB7JyPVC8D,0.13032988,11.25,0.13032988,11.25
LTDxUWCHuTQ2Etw8upmWBnF1BPTBCpkMVr,0.1299,11.24,0.1299,11.24
LcH8cLAfkh42SrA33LnupAUKkmCtUfcDoJ,0.09868979,11.24,0.09868979,11.24
Lg8441ZwsEYSbq38wirGcTmvemjqXdc6bi,0.12261806,11.23,0.12261806,11.23
LUp35nnEXrecWqyAJ9B5AQWYb7hZH9QwuH,0.13,11.22,0.13,11.22
LMaNhXxyPdCn35YNUfhPeREDuu8iJzwd4z,0.09519327,11.49,0.09519327,11.21
Le2WASxe5kTnEGHb7NM9ZNU1gkHVFfGxj3,0.12824716,11.2,0.12824716,11.2
LWW9fHp7Qu5eLvNKEfSWcDREf5zUu8VnhU,0.1222358,11.19,0.1222358,11.19
LfnAoKPPEk8DMyXih6VhvJJeoGHJf34jE9,0.1317236,11.18,0.1317236,11.18
LVrNFmVRQAjg1Q6a6ddMiMUwGxohkcncpE,0.12670118,10.9,0.12670118,11.12
LfjqrboTSkdmEmYd476iQ3dT6uRCNoc5Em,0.0988382,11.36,0.0988382,11.06
LTJWyinsWgGxKMqQvXtXTmxhjUQRfssn9f,0.09605729,10.95,0.09605729,11.06
LRkYmYXr9rK7tCmM69ATfadufzPrkzBM3T,0.09594448,11.11,0.09594448,11.04
LSceARN2XpGXWdP8tmc7ENrJYXgkwnMgeQ,0.09562574,11.15,0.09562574,11.04
LTVJr4HvdugqKGE1HEMV71EudbBpEwnB12,0.12469456,11.02,0.12469456,11.02
LYrE6uELjR73j5k2u7RvyRuy2o5TWmBjeJ,0.12493475,10.99,0.12493475,10.99
LSxuKW6P98xse4jkawjL4MgwtVQt4RbWsd,0.12473751,11.16,0.12473751,10.97
LVRuXhaqv6VUkyWCihttDv2xFaTs7VkatP,0.09035407,11.83,0.09035407,10.96
LUFD1dcMuonRdaxSfE1KCmSkuzPwuGVxCm,0.08896541,10.61,0.08896541,10.93
LX1y6mg2o4AkV2WPZHodBCdkp9NUsCoS3L,0.13106333,10.91,0.13106333,10.91
LU837HAtidJLkrbMbHWv6KoczRCgWK4gYB,0.11419918,10.95,0.11419918,10.89
LezKN1ReGgBaD8ztTqN25kmRRDnw1de8ZY,0.11459676,10.96,0.11459676,10.89
LRGwRmVqWosSwZMmDLJ1jwzqJjpe2oLGYB,0.1,10.9,0.1,10.85
LLL1DHRNNWd243uoqnhxoxPaSFPqPQh1SY,0.10706117,11.07,0.10706117,10.81
LUQvk8CYNcbCXGMdKpyy6fzVi3RW4Bkk3B,0.11647606,10.81,0.11647606,10.81
Lcbe8XzK1PBUWepw2ce4J7YceqNHTdK2qb,0.10952952,10.76,0.10952952,10.76
LNoSEZ48J9kPJLL4yT7SmyMJdsvTocxwaR,0.11749575,10.76,0.11749575,10.76
LiWHm9F8sJEQiQd8k9nejxBZV1zKY7LxG2,0.09561501,11.04,0.09561501,10.73
LdLaU2kJu3DCFHTKHM6iK76wppCppdmmf7,0.09028677,9.85,0.09028677,10.73
LKKmaFmpGn4BxYpNjpS3y8FcLQD4o8K5UU,0.11007705,10.73,0.11007705,10.73
Lfc8gABRc6DaPs4zLUedXJtwXA8wdmx8gh,0.12275183,10.71,0.12275183,10.71
LRuq72CfiDrG41vmv6SPpmDEB1Nvpmoxcv,0.0899,10.05,0.0899,10.68
LYfFbVGNZacBHn5vcysA1EeoDyLyDAZZHQ,0.08982006,9.95,0.08982006,10.68
LXRhe5AMXvYLSuxHvhKBaDTL8SPnHHd7yR,0,0,0.088375,10.66
LMb4nn2VnR3tAh7657B1JRXzcaBbRRuWN9,0.09215922,10.74,0.09215922,10.64
LWjpMBHHpCPpimxigwEHZKL9VR7dSwDBgc,0.09206116,10.73,0.09206116,10.63
LNLEGGyp7bJn32Y8GpjajtuD77kyhhwQVa,0.12080126,10.43,0.12080126,10.63
LZbEcBnEeZPWNaofwRAx7pL8ZobVjNLQuf,0.08767153,10.44,0.08767153,10.61
Lh8WTVHS1VtsaUto4bvTbeh25irZbEgYxu,0.105013,10.9,0.105013,10.6
LSo6kBVYzdP6fXFRnNktwUBzx95snh3n4Z,0.09438604,11.29,0.09438604,10.6
LPdZ27zdahYsqdAbdKhbq66yqd85RCT6ve,0.08881646,9.28,0.08881646,10.56
LRAAa9D6RRmBRU92z3KK4T2KiJgagN48DE,0.08575399,10.54,0.08575399,10.54
LL7joYHY7hVDEJhisES8gi7NH8RMQhfXQp,0.08865553,9.26,0.08865553,10.54
LdQekBu2UCnT9vfvEwEzQEa7a3uSo8yAVe,0.091443,10.13,0.091443,10.53
LaVcwVmjtMk8FV7AERtxXHAQBPafFLDqn9,0.10918826,10.86,0.10918826,10.49
LXjEbmVAoRxWbj5ZQNqszea91uj8JqLumt,0.12442916,10.49,0.12442916,10.49
LQpBq5zyTDhhqE6ck7ReD9PgZwSmYYGwW3,0.10665285,10.48,0.10665285,10.48
LdkuTmetJJmVuuHb5NDEpXeZ4HKagj5Yxi,0.0869,9.08,0.0869,10.48
LMLu6DC34wqf5RKPAXjmWid9Tuo6kUQkyV,0.0979,10.62,0.0979,10.39
LWzJxaS6pqCiiTamUuwE1Zoemm1yx1ukKQ,0.11125624,10.48,0.11125624,10.37
LSSN3LUATSLGYYZEmk2iBPNu9e9pYnnxNi,0.08716251,10.01,0.08716251,10.36
LcwMafc5bH7cpghbjtEVKP5bk3ES3FUhab,0.10527511,10.34,0.10527511,10.34
LdfdnnLwXo6xcrwF72FjVoPUThACey7Tkj,0.11408573,10.01,0.11408573,10.34
LcZgWAYhS9nquWcCmtQsSnvY6axyeQag5U,0.08997263,10.33,0.08997263,10.33
Lf1ipV8xk5W7ddd5AvX8A7E5R1Li1YUM7k,0.0971,10.3,0.0971,10.3
Lf7xbFPRAVdAKWEC9wZ5cMNBX5cqFbyopR,0.07871346,10.0,0.07871346,10.29
LQCzytkiR1RvLTNaiGLe9GFSWxTUuFskq1,0.08931346,9.75,0.08931346,10.28
LVUM9T96qNA6qqzhpMMBHNYDxnM2hTnaWh,0.08468158,10.27,0.08468158,10.25
LU6W9Ros6LLdapaPeioQsCHRMH2e5F44x9,0.08602588,9.65,0.08602588,10.22
LeHZ9LrdcFvK4P19JgnVogxeZ7PXzmV9Nw,0.08586489,9.61,0.08586489,10.21
LTNKNU9bZa3nmmbVPE68NdqqnQY4MuWLtB,0.10740699,9.73,0.10740699,10.19
LQHNNAUThAbdRjyevaR5n6BTww8Qge7aGU,0.1157744,10.19,0.1157744,10.19
LM8G8P5TZj3UUYGMfSAJ1C6A7SxwrU1a5X,0.08600929,10.13,0.08600929,10.13
LdVUPDdmjs8BUcwXGVh13xZNmshYAt76hC,0.10388919,10.13,0.10388919,10.13
LKZTytz2t7PXPSLhS2kQB5wnKr7hPk7DzH,0.119,10.1,0.119,10.1
LZrzpPaunJGVZZvzqrVBofUv3k9P27ihev,0.08329738,9.92,0.08329738,10.08
LTECkR8FyJneA7XGPLXZKXQ1zJMvzS1orB,0.11848982,9.98,0.11848982,10.08
Li7t9XKA3uN2YLH9J9J4YE4ocNw7NPN5xL,0.08473747,9.55,0.08473747,10.07
Lej8NXMnA3dtzzphjuLyj8oASCCFPu3j3b,0.10563008,10.1,0.10563008,10.04
LTfpKvWUb7iSZtwyp9tmEvvzuVyTSmHeHa,0.08717551,9.2,0.08717551,10.03
LNN6EbsUyUkAHzgTkvimkXuDJajq7JJdsp,0.11657729,10.02,0.11657729,10.02
LRQ2kzs6heySZqBGdc8eP1GoFSSKCUsne3,0.10458187,10.03,0.10458187,9.98
LRNMXWeQPoZVy5ptXba6Ud5fSanUEHawT8,0.11437721,9.97,0.11437721,9.97
LY896EFctNwfk7vU4rrNDW1TCqF994sMMp,0.11831956,9.97,0.11831956,9.97
LUWFp759hC32JYYUpi2aAb84JrY1xYxVsX,0.11792298,9.94,0.11792298,9.94
LNrBg5Q78fnCSnLb2BXK2yuK8HyJfEisu2,0.1129,9.93,0.1129,9.93
LbWDaw4jedWQU5cvnvor31kVPqSXXhTPJD,0.07577186,9.92,0.07577186,9.92
LaUqpN965gKhj1NfSiyVUHX81cDqmhGtzP,0.114785,9.74,0.114785,9.91
LSYQq8xxPJib38B8fdj77doVF7rVGtQUvJ,0.08313948,9.83,0.08313948,9.88
LNrLYAJhQyA98GwDppYgEwZvysD9aAgjUQ,0.10357194,9.88,0.10357194,9.88
LRT3Wc8pfYHDzoZy4ur3YvczVNCuGe2uxM,0.0993449,10.03,0.0993449,9.86
LMmYi519LfZ3HwE7n5QDkwjvuvtia7S8yc,0,0,0.08292446,9.86
LhCctS2vqPNf2WtFmTS1bGe2BySrwqg5VJ,0.11098779,9.93,0.11098779,9.76
LfqZNp8oE9cFHdzZUDtGRygUvovV9b3EXi,0.10355424,9.76,0.10355424,9.76
LSD2eTa61TL4JBjsakBmiBiNCe6fSS87z8,0.10112822,9.67,0.10112822,9.74
LLK84o4eVDoUN7Nydvyn7xL7AgQ2Th4Siu,0.10304023,9.73,0.10304023,9.73
LMB2B2qUM4DZgzzzb91cwAfiY9a7cYNtre,0.08501012,9.54,0.08501012,9.68
LbSx27vfuEeAV3gL9DB3oBnp2Vkxm3fswY,0.0799102,9.69,0.0799102,9.68
LTUh3JXSa7xVAdTt4h31jgxVv6wqmUy6AN,0.1009,9.68,0.1009,9.68
LV8sqf9GMq8qaLrJ5JWs6VLjyXa6k2nWe2,0.10629539,9.33,0.10629539,9.63
LXYD6HynMS6cWHVLWCkSzRzzccPppvey2Z,0.10107267,9.81,0.10107267,9.63
LN2SLUNZuNNVbXPpTmprVs84NK6v9BhsUW,0.11306546,9.8,0.11306546,9.52
LVLsKRgKZX7aT1Ct3JG3pCxFHXid4Q1bfB,0.080128,8.98,0.080128,9.52
Lfuf9VPWKhYrnKDTJsN5dVtFNnZsvdBNxa,0.08433093,9.42,0.08433093,9.51
LQNLrgnrFMcDeAyYntDa7LzNWNsC2n6cjy,0.10837941,9.41,0.10837941,9.41
LbCus4KFj4F8SnKt3NpUEBfA2aoEb8nAV6,0.08163265,9.22,0.08163265,9.4
LXmKwxgiUqdZSt78yai9VmrPzy4MonQKKd,0.08275829,9.36,0.08275829,9.36
LSEBjVbbVD6TqXBeDdMRHJDPvZeBPHiABv,0.07868172,9.29,0.07868172,9.35
LhLdAKy8uPd2MR2NLfnWGros5iTs2QZkSi,0,0,0.07797632,9.27
Laxob2WkBMsE6pgzL2C4V92LEqHPnm3CmZ,0.10121298,9.27,0.10121298,9.27
LVPtvnjpUkYwXD6QW1VbHQXTbewGjVXAgB,0.10998302,9.53,0.10998302,9.26
LMywYKUdhmxmyuzXsnzBW3WQ1otdNphkLk,0.07996852,9.05,0.07996852,9.23
LLWVTiGPe1XF6abXMUXsDPhAE7ny8NRQj2,0.08494367,9.22,0.08494367,9.22
LXtdkmigPAn5iX92hez7Ad7b8NBBa3BGEm,0,0,0.077482,9.21
LSYisJMmJoXYSGYRhTcjELkrRqe31fARgV,0.10346017,9.1,0.10346017,9.1
LXXmZUoTFLmcvhP5V3nDYd5ven6ijjcfc3,0.07339925,8.42,0.07339925,9.02
LVMxj51nDUQ7jeTpYmQgVTy2J3cvRmkgat,0.10352054,8.99,0.10352054,8.99
LgkoGpGHvZhJoXYiBGmCNU3zuYiLWwRVH7,0.10007859,8.96,0.10007859,8.96
LQd7vaAyyvnYpjwzZvjFqoFP8qK1RbF3nm,0.09599236,8.71,0.09599236,8.96
LaFXsH7X3Dv1HjxvRBhA7YtWHLfvT87avw,0,0,0.07535895,8.96
LQ6efLMMBxmxePrtV92yeQpqUhysmrizWH,0.09426057,8.9,0.09426057,8.9
LKx6PLfecYke8hFDZMEAcd4BNnw1pr6fWP,0.07221419,8.61,0.07221419,8.88
LLGixjAemd63E5H8HBT1rTy3VtQhzeEghX,0.104993,9.1,0.104993,8.84
LbymccHvnE9v2HD6xDxfvtvKhibuXGpF4p,0.11020672,8.84,0.11020672,8.84
LRjMdbg9i1gjjHYaJehb6eQbuytafv8RK7,0.08072819,8.8,0.08072819,8.8
LgikFuQ7t6JsyMbxJoW2ZjxC1YA2AAv8xX,0.0999,8.62,0.0999,8.79
LVZiggFhKqH8GDwbLPpYiC46yq3Mooeyx7,0.09704204,9.02,0.09704204,8.78
LRwBPikckCTg9vfzT2rsDHAGFgwYEdriYT,0.0759,8.85,0.0759,8.76
LUgEaKnCXRe1rABKfrtpXosrHfRsAsfhu3,0.07366852,8.71,0.07366852,8.76
LZoqfJGAn3WBLZ7UL67bXz47knBFHmrq9q,0.10006816,8.74,0.10006816,8.74
LRZk7H7s6LNdDbx4K9NY85Kcy2PwbF5ymJ,0.1015752,9.47,0.1015752,8.7
Lg2FHKAi6TtgUCZ8HVXLx9JYUn3fa9JJbB,0.09317385,8.45,0.09317385,8.7
LeNdyKYQKb4GBMvFeZybjLKeghn4ZBFA5z,0.09543815,8.65,0.09543815,8.65
La5UWNMHXMJHjDiDxHSTPSG3Uw8Atzz4dE,0.09899,8.64,0.09899,8.64
LfNzMpA79nCN9oVcv2ysjWhe2rdrXqfu87,0.07265624,7.68,0.07265624,8.64
LX3t7RgLh9oeRSU5mreS4Wb9d3VoBAQaRP,0.0875101,8.6,0.0875101,8.6
LbprMJfB1VN9qey5gJLWQ5tuwFMBfV9Kpf,0.07230658,7.95,0.07230658,8.59
LSy3czxf7BBsWu26KCMqaeYCMtTEBqKNL1,0.0907,8.91,0.0907,8.57
Lb8L9aoLC33SUybV8MRsstqafGADLqtSBt,0.0899,8.73,0.0899,8.56
LMLGz3eNCA48ENhqSxF4MbPF719EXwYpVk,0,0,0.07204379,8.56
LS9E7Qr7WdaynXDuur8v7EsXeTtys6JC3V,0.09935439,8.68,0.09935439,8.55
LRExFrsQCBVXeEJsngycPaTRg1HPU3UdsH,0.0718265,8.66,0.0718265,8.54
LgrNQm2aEHQpV3tteGZR9yZBVuY1W7FJYz,0.07062761,8.56,0.07062761,8.49
LZjWe6PuB69Ta2MK65pLCrFxbWdYsdP3Cw,0.07132057,8.11,0.07132057,8.48
LNnbmDimCY4GdNqTit5iJKqbWcN2a2xTtG,0.0979,8.45,0.0979,8.45
LaoAMjpzCjGVy6h3sw6SmBU6E114ho65Md,0.09792015,8.33,0.09792015,8.33
LNrtcqBxk8kVhM2MooigRK5pVxNm15zh2n,0.0698,8.32,0.0698,8.3
LhUUqJGme5JvwFjuzJkDx4KoC1GpjRfDxG,0.06976148,7.65,0.06976148,8.29
LYa6pt1p2kR5a2667AcjWgnceMzjwhnVQt,0.0989,8.27,0.0989,8.27
LVC4TttwWTRs5qEwoGoLmFNzqwyakicrbP,0.09331967,8.21,0.09331967,8.21
LS6cFuSRHQ5CxYqVEALhawwUmLJRDA8LGc,0.06904968,7.93,0.06904968,8.21
LascajLh1ohCX6sau8Av3nCXcfhREckAv8,0.09464688,8.19,0.09464688,8.19
LfzWo5h3eekG1WJXC5ZgQxcemiBYcgY89b,0.06891046,8.24,0.06891046,8.19
LbKaB8eD91nFRRNRkTwFaJwUCUNuJzpW3Y,0.06853595,8.17,0.06853595,8.15
LKRi7zma1fbbqZ9VStXeaJgfEwpiydwmZK,0.08054279,8.33,0.08054279,8.13
LeViYVnh8DCRKz1uVhzeRcvPNfDNs3nCvB,0.09248559,7.96,0.09248559,8.12
LasWwBV5w42g3fs58NWvbkin31HcZzfqCh,0.09395929,8.13,0.09395929,8.11
LUZDHjr295P7imukkbAk1r4ZKk3ybW7q8U,0.08439625,8.38,0.08439625,8.11
LYrb7LFZnDx8oQahzBbrAfo9pzjpVftDX8,0.08946569,7.85,0.08946569,8.11
LUcey96nV4rDPhRm2G2kFTKdrozxPLL9ky,0.06804522,7.73,0.06804522,8.09
Le4LZTQmFTRCALuP7VxnwoMxVsfmtgMBUR,0.0799427,8.07,0.0799427,8.07
LQe8sk5UkaiEH5wwSZ8KRLUmvh6Z9e1xep,0.0920456,7.99,0.0920456,7.99
Ld4ZqBPoUVc7huMkjdrcYFw2dVGKvTEbr7,0.08187019,7.98,0.08187019,7.98
LT5DJckwgiFMVwcryRRkjD3UL1rpL5ioMF,0.06983,7.96,0.06983,7.96
LNtwz8YsEWkRCy1xFveaYUHiAepwa1rC8W,0.0669,7.5,0.0669,7.95
LhZ34QWv9pZf7u4XSC7LCRVjLBDmorxLxR,0.06064197,7.94,0.06064197,7.94
LM18LgiVz7aZ8qTmtkGAVc8SrkQQE5oohJ,0.08301021,7.91,0.08301021,7.94
LR9uvqkwjJpuviWWo3GJTWfNRTZMQTz1qZ,0.09476427,7.92,0.09476427,7.92
LZK5za5DGmLyWNfiRmHtoHup5iABMXQ28J,0.0908,7.89,0.0908,7.89
LdyhaNF8aHq2TFuLoriQLvK5PtwmLEQ4WF,0.086,7.87,0.086,7.87
LY7K2tYRa4RL8QMmdJLZJy3Tg3BjZJ9PC1,0.0688713,7.85,0.0688713,7.85
LLoezda8AoiWDjNRf4nCC1bfZ9FKuMiunu,0.09157509,7.84,0.09157509,7.84
LLEQMPYWzxBhr9AiDRYgeL5qCvWVvc3tn2,0.0899,7.84,0.0899,7.84
LUctugTqzLRQVSADjmGU2qoAth2Awdo65P,0.08188851,7.83,0.08188851,7.83
LUwktUzYj5YLZAZeHFUidmBMpJKyAWyf1e,0.0899,7.82,0.0899,7.82
LhgwSyb92fkzs6T1h19oD7XmibEmL1Tjmq,0.06575878,7.5,0.06575878,7.82
LRR4Vbtd5A84J7prsRYavfoiegqat3xsUf,0.08282626,7.81,0.08282626,7.81
LZCttHzz2P2ArPvtmvX3m5Np2RrtnSbyLz,0.08178287,7.94,0.08178287,7.79
LbouGwWd2giaLEU7KnNLmZJwRnUZ36AMmc,0.0686648,7.77,0.0686648,7.77
LKEQ2zkBRPhVhQRKtYJqzLGPbzSXYKSMXZ,0.06519259,7.11,0.06519259,7.75
LiJXSnj5iSCeP26gggFCbSViXb4BDt78u2,0.06732869,7.73,0.06732869,7.73
LUPgPq5Q7anNH3YNvE5SoKaGAnZ9GEQksH,0.06484738,7.46,0.06484738,7.71
LZSrnesgjxcx9FEkMNbaiFpopT237UMrCn,0.08717889,7.67,0.08717889,7.67
Lax1meFwatpsitR1sbjmgMUrC8YFKerJfS,0.08717889,7.67,0.08717889,7.67
LWA1fwNttpHV3TWKbcBcusj2Xrp7asqVm6,0.06439086,7.14,0.06439086,7.65
Ld1mFHh3C6UN21LuHkbfqMqfA2aE9BWFQz,0.08017109,7.78,0.08017109,7.64
LXtCAs7znBdDVS1iqzz6zZddHPxA5eoCbK,0.08738523,7.3,0.08738523,7.62
LMFrEnvo5tjNESEyMC29vav5eyw7FBQo1H,0.06604066,7.7,0.06604066,7.62
Lh8GaSauuzSwfQXi1BJQRsNFXkBUBTtCUx,0.06294526,7.63,0.06294526,7.62
LPqEwRc1tiWSBkhSxnzrXkcBfze7wUUWeN,0.08658508,7.62,0.08658508,7.62
LZzb21nvMuMkjVyXy9MbfvJQwK5FPQYcME,0.08649521,7.61,0.08649521,7.61
LgUJePrnq3mw7HtyGMtzivTnir4ei62XFS,0.08639557,7.6,0.08639557,7.6
LPR9q9CHJZcQdjsEZyFdmMkuVN74TEh2AV,0.0799,7.59,0.0799,7.59
LTbtRMeV1nEdiHSrPagXaDcUvrFU3UAY2w,0.09009922,7.81,0.09009922,7.59
LXyAgTsNBu8CnEdqwh1qmZY9xAiwDPBxei,0.09040501,7.95,0.09040501,7.56
LSrhjoFMLEPYnzRXSBePAovJam87rX7jrg,0.09018759,7.93,0.09018759,7.54
LeuWAk4CGHvFJgmXEa98n2i5EPgaNpqaMw,0.08555783,7.53,0.08555783,7.53
Lf7gpBana1XZG29ofAHfwmLxirgCqGXnFq,0.0779458,7.47,0.0779458,7.47
LZBJaUNT7rQEQfR2pHajV2u4NTqKfqW6rg,0.07896818,7.47,0.07896818,7.47
La6gMPnJNu1Hq9DUGrYhkXZmCPqSQ16Z1z,0.0880431,7.46,0.0880431,7.46
LWWHenM9tfs2V1obfeN5hHmf6qF6zMbu5g,0.06193919,7.45,0.06193919,7.45
La62xAFhjYDsQWPHmPBdUe2t4dMTAxBZ8W,0.0755,7.22,0.0755,7.28
LbjirpUKHCKDaBmx1TyvhzvS2zsRZn8vEc,0.06058217,7.13,0.06058217,7.2
LgEft3YbSmdQp729wdaCMA2DSxhpoUzT4C,0.0579,7.12,0.0579,7.12
LKUPRy58i7f7JzCc5unV3aac784kh7aYcn,0.0587771,7.13,0.0587771,7.11
LULjMHcET3hE8wyvToPGbW6YTTpvF5x5Zh,0.06322825,7.09,0.06322825,7.1
LRWMo88iuYNEX8EYXtACTbDPx8ucBpdYDD,0,0,0.058923,7.0
LaeBeMwpi9mufgmgE2FkHZevcoCGiLhWoX,0.07277358,7.24,0.07277358,6.99
LXEXtMCHXqo36xbPUoKeGnVomd3ewGy6Ef,0.06870658,6.98,0.06870658,6.99
LLEAECPX71qjsJLhWJD1DStYvP3Lc3P9Bb,0.05862843,6.61,0.05862843,6.97
LYf5vXhTt5dFtfvb7sNQbNsitRp7g34cda,0.07874617,6.91,0.07874617,6.91
LX375v5jZBrQRXhXwDzC7tR6tdseRrTz6Y,0.06956176,6.9,0.06956176,6.9
LYwuZeLTWZKDScC46NxoznTNdTLvMufAVv,0.05795655,6.37,0.05795655,6.89
LbUMr4LJ8V5dmYPLy2GSSrHRAe5rMrrCao,0.07778065,6.84,0.07778065,6.84
LYs8Q3CwNQu9SPUyWCiGryS7dLVpiKYUBh,0.07581516,6.79,0.07581516,6.82
Lg1qQcvt8cj2gUJksq331jBrpKaC1We8pp,0.05963343,6.7,0.05963343,6.79
LZReeayYLs8hr9fkSPiLd3Dvjpwnxjop7b,0.0705,6.74,0.0705,6.79
LYUy6MCcCfbKjFF1MikXvXD7DYrem4wyGE,0.0789,7.35,0.0789,6.76
LR5qY6Ebu6vqroyNcMBuumeXaUZHf6iEnH,0.0573263,6.92,0.0573263,6.75
LT6dXPCr8T97yCwerzQrKD1jNqLrVXCfAp,0.07323536,6.84,0.07323536,6.71
La6FY4JCTNSennMyNDYiYN5ExizdoHdJ7D,0.07683781,6.79,0.07683781,6.7
LfAkF6wtKQEg3NjYPRZ98iqDH6oQAk6k3B,0.06979062,6.78,0.06979062,6.65
LQkUwmLVsMGvHShBhdgpKceN15L7vY9Vnj,0.05579051,6.3,0.05579051,6.63
LLdb5vR3mBWF69DD113Uag1NCA8SRmRCwN,0.0764003,6.58,0.0764003,6.61
LSrrfpCyHEd2v9EeYAcxqnt1irKMPqNMQb,0.0681035,6.51,0.0681035,6.56
LZacM5N8Dhjgt2jbFrZ4CCETJrSWSSWy3P,0.05414978,6.39,0.05414978,6.44
LddMBcLR2nnLWqyKCAyXGQ1zJ6kRwEd42E,0.05404954,6.14,0.05404954,6.42
LYxzErBbFWxehD8PXtMmenaSGezgpZzWDd,0,0,0.05594285,6.28
LSHCt1a2c4qhNPTQEwPrRRgEHZ8AbusSX2,0.05412526,5.95,0.05412526,6.18
LcSWc6PwydrNr4ZHPWyTfEUD6qVqziapL1,0,0,0.05114475,6.08
LPDBfDKsKDPYAatwbaoENYznJ8X1SWAJdm,0.07267408,6.19,0.07267408,6.03
LYA2NrojHSUMnMQZA2ejE6wXaYL5NNTcDs,0.06791171,6.0,0.06791171,6.0
Ldruu4W7sdPdkwaYM8F1m61b4BuKpnwzwm,0.06805036,5.99,0.06805036,5.99
LPAKYtBwW2zd2XYosH2cYFNiWAJyYfzgzw,0.0623479,5.98,0.0623479,5.98
LaJraXE8Z4UYWJomrn4iRK8nSunoHPYyy4,0.0498,5.21,0.0498,5.92
LNvjAwpfRTzC5DXdY4p3s8dmtr9TdBHfXD,0.06777826,5.92,0.06777826,5.92
LdJsJcqWSzePdfc7Y8Fi7Xjz73Ec1u8hGg,0.06769743,5.91,0.06769743,5.91
Ldgp7ySRfYDBQQERRUajABbsS9e4ECnyVT,0.0578,5.87,0.0578,5.88
LKic88RbZgo9A6zK2JvotY7jtn3rSjaBvt,0.05463983,6.04,0.05463983,5.8
LfSiWK4F3UxnD7t9Qs7jCLQE6sjWLg8EmH,0.06305387,6.01,0.06305387,5.79
LcAHJystefL2GWsuyhkMQjJhRBBs2ScLqC,0.06637662,5.79,0.06637662,5.79
LaAMGXpftoWgdZg9kiaLEo2TdK4aeNZKTZ,0.06619242,5.78,0.06619242,5.78
LRaj5WuTMQ7EDaAGbdG3qUr9Ymcoo8t3zP,0.04840576,5.52,0.04840576,5.75
LMMtBB2SdZPPscRRY8SkwTyU6vQPNmxxqa,0.05697989,5.92,0.05697989,5.75
LUsZQgu8UN3UetziMLTc2rNbP2J7ZNmskF,0.06449993,5.63,0.06449993,5.63
LgjmiyJZSNbB8UGfRHP5RfRyztE4tgHLbU,0.04641445,5.29,0.04641445,5.52
LLjZamwytTAWy32BPvUMnnG5CrdcfxXxVx,0.05889966,5.34,0.05889966,5.5
LLMM9SrBpTWWvc6SdDYDHA4QZdARKn6uiQ,0.04521229,5.44,0.04521229,5.39
LMuKMy3txfCsE2KyYkEWTAt4GfRRLjVQT3,0.03965789,4.91,0.03965789,5.17
Lfr5UxHTg9JZqm24JzTTfCBhNWJtfBiJgp,0.05082028,5.16,0.05082028,5.17
LhVjSRTieLA6XbvLSKhzWJdocVthfEq4jB,0.04367837,5.3,0.04367837,5.16
LSBEzwWivtQBpXojERH3ET8TgUDChC1utb,0.04338357,4.73,0.04338357,5.16
LNDjkjwq2gWdTNDNWwpp5odbvvYz5kyCUe,0.03886275,5.09,0.03886275,5.09
LSn2DgsoPDH5aQgNLVq9n4gzfpU8KAbXdf,0.05939998,5.09,0.05939998,5.09
LhmpYBY4uxxCQw3Urmd3vu1jzgvceu4bHg,0.05811052,5.0,0.05811052,5.0
LdVH3wLB1t8dkdqQJkk7RMxNPzGjnYcoot,0.04371689,4.98,0.04371689,4.98
LUQLpc4XC1G1eVJRuGnXB8div1qR6xqAyT,0.04164106,4.96,0.04164106,4.95
Lds74pEnuAxuRgBSMmNPYGRB4cTMmjsGwK,0.056224,4.95,0.056224,4.95
Ld7xCYgcCQmnfKM6HwCe2Fscq2j98AnkYB,0.04019972,4.94,0.04019972,4.94
LZy7LjkpNF9Y1LWsj5TiR9i57Nf4XDMpTg,0.04126902,4.75,0.04126902,4.9
LcEKeys6X338YEQLr1TXS6K6MvqEoNqU2N,0.05589347,4.87,0.05589347,4.87
LSSSENMKrKNpXM6syD3GMk8o2s5rvvB6pu,0.04113515,5.0,0.04113515,4.86
LVZpmjhFbFCCYV58v4d46PDfcsRGeq1EoH,0.0509,4.94,0.0509,4.85
LdVPMLC18Hvu2BWs3G11irhapxt9gEcAAh,0.04660686,4.84,0.04660686,4.84
LcVVoyFpXrYSDoLC93J3wFQxgkUTqHeXsb,0.03919583,4.5,0.03919583,4.82
LfY4J6FSWzLSo1ixVtPpyazkDwZpKoXiMH,0.04,4.95,0.04,4.81
LPPfgkCirSTvVR62ZXmwG6s3FmE5qzhcrn,0.05002526,4.98,0.05002526,4.81
LV7cM69QkCjb6f833w7mDdN7Wi5YZjuXg1,0.05648372,4.8,0.05648372,4.79
LXZSR14QPVpYELQvJFBsoxfDJf8A2VSMt1,0.04023765,4.81,0.04023765,4.78
LecBTAesvhtx6kvHsU38MQSGStPgzQUKUw,0.04099229,4.83,0.04099229,4.76
LSxcLxveBPJW1J8b4FqNo7eZsVNFegEyip,0.04,4.22,0.04,4.75
LXgs5mNSkEsRTbx5V7bpcSHgm6vkiyyjYZ,0.04101094,4.91,0.04101094,4.6
LWQhi58Yc7fmbijRZAc4UX4uzpYNLoV2wC,0.05370895,5.01,0.05370895,4.6
LNoTdhCG1tfkoJkeYZjbaFatFKXyzxPgZf,0.05172268,4.5,0.05172268,4.5
LbKQ2NMdtkkTApPBppsMSjtvVerGscoD9Z,0.03668122,4.8,0.03668122,4.45
LUjCPNxrDzy6LkVGFY82KGCVe2M9H8zJKg,0.03881214,4.42,0.03881214,4.42
LPXU3j9zzH7gBe3V7EJycAywKp3JqZVJXn,0.03661662,4.0,0.03661662,4.35
LRrr9tQYLhA4mwLLMdwNbGxZcWs5DB2Z9E,0,0,0.036229,4.31
LYSpeYfAqwWi4JKmosxHG7YqShpV1z9FHE,0.04954116,4.14,0.04954116,4.14
LayGXQ1HMwYkoVX2aJsBX4h3RkrLrFcDRi,0.0389,4.13,0.0389,4.13
LSWxz7w7z5ZVH8oWNiJtZ9Lnu6a1qun3zu,0.04672772,3.91,0.04672772,4.08
LUtAzrpPo84WXKYJD3PnjnhGmHP3KMJHbH,0.03410862,3.88,0.03410862,4.05
LNMM98yUzpJ765rb1EhkQwCyvovsa5JccJ,0.04064215,3.96,0.04064215,3.96
LdT7W3c8NJmfysV5uWyBVuTrpLVev3LGBw,0,0,0.033244,3.95
LVNVjVdEXLomwKT2gnmrKs4VCVNgEucdYp,0.04057406,3.89,0.04057406,3.87
LNneYei3JYcqpqyfVQdN4MV3wdvVkAwPUj,0.04609049,3.85,0.04609049,3.85
LWeDwWYcG2qWKjDRuuEQFrYYCw2bKRSHX3,0.04223006,3.83,0.04223006,3.83
LY5Lkgh47uhznHkT9NG8HAcCLZzTPNXcLK,0.03358425,3.88,0.03358425,3.77
LaPWhADhk5sDJaHyEzbmLsKMKzndGE4cCU,0.03817044,3.62,0.03817044,3.6
LM9ZRLB9yDydbLzmLaduqjJczTB1c8Ypfu,0.04237676,3.59,0.04237676,3.59
LPJ1ZajFUQuHq8pzeQKAk4CKoootamL8CQ,0.03315702,3.53,0.03315702,3.52
LPrJZpA85PBkUftzozNryHTnLNrxfRrJmD,0.02910486,3.42,0.02910486,3.46
LSFt5nME9GuTbPw3Mku9URAUs62QyGjrLA,0,0,0.02892026,3.44
LXDNWWa6yZDBDxzUKCDzvZCmNdCoag1GxW,0,0,0.028919,3.44
LMXNURcRd3XaZ5V6QLxm4pbMJhJAjuL8cB,0.02973082,3.34,0.02973082,3.34
Lb8b56nA8m4ZGVum4WEAp54HMHE72L4DKs,0.03494347,3.39,0.03494347,3.33
LgQJxT3T2YjVjE9NUmfrFadqQCNeQpFJP2,0.0292,3.18,0.0292,3.18
LQbwbh1WbWR1YfvfQwekyqYcyzb1gr5vpd,0.02633427,2.99,0.02633427,3.13
LhwFFvH4iLjCT18neest3MLU4dLUZacH22,0.0308515,3.11,0.0308515,3.11
LQiddwM1DFguW5ZDQy3po9pK3a1c8sDxjQ,0.0252589,3.0,0.0252589,3.0
LhPPXe33xyjmwBCYm9ivwD8RNKTvpA7ifn,0.03572213,3.14,0.03572213,2.99
LYnnQvUpkoYBz9bgaLhVkQVE5X5t5kBX55,0.02458257,2.71,0.02458257,2.98
LRr7JsTVEXSV4Vc31u3fPDKNoZPFJ2Jg2U,0.0335634,2.89,0.0335634,2.95
LNeWpX7HqXJRyYpZYRWYzCrgf5jtzvJXdf,0.03470791,2.92,0.03470791,2.92
LQMS7uYfrH337DZK6t3QDrj7VbpfjmJVtJ,0,0,0.024422,2.9
LakDd9y5kNPgwkoLsqhids1cMjypMsyh6q,0.03334403,3.11,0.03334403,2.86
LMwQjosQDAWmHtHHQZ77Z1JsATPW4YPn2h,0.02818412,2.91,0.02818412,2.85
LZDbfAWx2sin6WYS5eYfLsjY5iwpkL4oUW,0.02271466,2.56,0.02271466,2.7
LTUsFaRRn4AaGgWkCfhB9sEup2TcbNCNUB,0.02350892,2.64,0.02350892,2.68
LQFhZovfqzT1vi8YUotK7am93FdHDLCJ9W,0.02123918,2.25,0.02123918,2.57
LcRrh9n6sctzkga7ckp6FJ6z8hPxgygXLY,0.02888883,2.49,0.02888883,2.49
LdXZQWaqA4x8kZT2oT2hDJdi1iEJVyDT6a,0.02820572,2.4,0.02820572,2.43
LhUpMVULpBdVCFEaMS4zSrxj5Xhzginenw,0,0,0.019365,2.3
Lb4Jrs3nDBbdMhcXvWjejAXDKxY5X3jaNk,0.01887939,2.12,0.01887939,2.12
LLwmV1rQZ1TmEctNGUB3T7GxZKUAn36szR,0,0,0.01720554,2.04
Lh7oVeftVqtKm54PDzEuYrwDvSjcLosFYd,0.01685544,2.03,0.01685544,2.03
LRzAxh2HmqUBmYjcgQC4iDc2BM2EuRAPZT,0.01674621,2.03,0.01674621,2.03
LdeMVpAm6RGeiMniHRWs2AHrUFiSureHWP,0.02370229,2.01,0.02370229,2.0
LUCab7cv6FVqV74SuktapJAPhZ3STEsPD2,0.01350123,1.62,0.01350123,1.76
LiKM4p8mL8SCr73PryeDUiwTT1tQPTAyPs,0,0,0.013832,1.64
Ld3cHG1MRew9se4PFMeAEbkH2ctAXAucmf,0,0,0.01349583,1.6
LVzdmzcUoJGztf5GsqNfwdxnve6KTR7QmM,0,0,0.0126134,1.5
Lb39XJUh3bQR6kSruPqhskuPqbk7T9mcvi,0.01237522,1.48,0.01237522,1.47
LYZP1LBKgSDiuJeZ9rKw1KxYqqvkCQC68R,0.01214612,1.3,0.01214612,1.44
LYn5XAZkeY1sLRY7Qk5D8n9MitDvUQgZCP,0.0099,1.16,0.0099,1.18
LePX3eujPuZnzDcBEPYJ2pHUWZhYZKNn5F,0.0099,1.13,0.0099,1.18
LULe8wrK82Ew4AqF1wopZD69mkrG4qGr3C,0.0129,1.14,0.0129,1.15
Lapb2N163CzkJehfaQFjoq1WvL4vv3EPZG,0.01266,1.11,0.01266,1.09
LVhD3otFEEjpQRSXti6HBWmsZodQgqFkFc,0.00904813,1.02,0.00904813,1.08
LYyR34YeQBTi26mfKC1QsHmtW1Xu6286Fu,0.0089,0.99,0.0089,1.06
LZKBFvmDcct9H2CMbpmAFNHiCfJh3caZcb,0.0114818,1.01,0.0114818,1.01
LgZhK82eCg5wm92RJNpLNZsFAGzZtRfiXE,0.01,0.92,0.01,0.92
LR9sVP99A4bbUaxpasZ9d42vmab4pQ3cvb,0.00604193,0.51,0.00604193,0.51
LTxhMcLTvqf5q54ixo3J9s3S5gXYqknUPc,0,0,0.004032,0.48
LLALWF6jhiP41nzd4b6qLryNQ1tzYtST95,0.0019,0.23,0.0019,0.25
LehcuXiaPMZG5NmRDhqUzDGa4sPHz7g3nr,0.0019,0.23,0.0019,0.23
LY8VWviYeiMrqm4Lb3YXMU6tSq73uUXkR1,0.00111619,0.1,0.00111619,0.1
LdKCFt5D6Kxa7aSRifLz6M6EhR9uWTRBWV,0.2523904,31.78,0,0
LhSEgAieWvG6ssBEhbJQWHJf2fvCNbwTHZ,0.41704205,49.07,0,0
LQ7JWrFJ57QyPuHSPV4YFHc6rzAzmEAC3W,0.24154164,28.61,0,0
LSxgnodMNK7GHMQZjnf5qfegnGoQAcSQhC,0.25855382,30.59,0,0
LVh2UV1SVJuCXFPgTPskfJMDNj6hEVgLda,0.17933653,22.58,0,0
LP9k7u5yWtiUWKCGtw3zG1P1juGf7vexP7,0.54172966,64.38,0,0
LcMzxdsoQuoA5g2sbCMdZ1UtWbvmou5kcc,0.22282132,26.48,0,0
LMkybWHDxEYcBrwRDwwbh4AM71FjkoZ1M5,0.08899745,10.55,0,0
La6ogGhiRUrCtXdTZVxgcL9fs4Vg1YbwDX,0.05672443,6.74,0,0
LQhLwouyrqBL7XJeXme6jp91iVG7iyT5wn,0.16484485,19.59,0,0
LgdLYtEA3AdKrqNg49xzW4wdQXdvewrF3s,0.18964997,22.54,0,0
LNAX1Y5hgbygrpg3wYe96orGmcCHt9LyLn,0.2669516,31.73,0,0
LdaAVddBw8nxQShTNzuhH5nzA9CdiRdeGT,0.25361399,30.01,0,0
LbYWgVimoEYpNhAJGQdKXRVMfVbXFgpTL1,0.23116187,27.47,0,0
LgSRPQkFkDdq7NSntVKR3zE2bgGFJL8ZR4,0.315584,37.51,0,0
LLRa3cM8Rj6PXUpWGb5urtnmZwJfY9jsL6,0.167732,19.85,0,0
LcVQrZJKnq43g5vJzCXhDZyXyE7hhLx1Lr,0.1779803,20.93,0,0
LeiPPm4cfbwD4ijBA5Hz6q7HEMD3CnXpUV,0.12427035,14.7,0,0
LbkLmKhJ9VkM5Tha42WqYQnFQm6LDtkzL3,0.18753261,21.92,0,0
LYFSAtJbquhdnuEPVHpAQijng2htayK4G4,0.50759013,60.06,0,0
LM8bVsc9EBBqxDniv1q4L1C5MF3wN4vnkF,0.2988602,35.42,0,0
LN8fikiPdFPcj5tD168E5zgkfPxaBNKykn,0.0299,3.54,0,0
LLSKLHx2MKBh8oEWxEpWWoMKVXeZEqmLdt,0.07775714,9.2,0,0
LdLyaMPdyJh1eJ7Ra2x1MMwdd2eUJiYvGV,0.13730369,16.25,0,0
LPe6Rtzm7ZMMAXHfJW59FvdR3uk4XVjd74,0.19581024,22.89,0,0
LRNa54fFWWjemXt4XxK6EsCjwPvuSSCcb5,0.0768468,8.98,0,0
LNvyAS4fjqgf3omtAnBCRwzUtkuYkNsjtd,0.19083703,22.31,0,0
LLfSjjg3bNcpVALrSY9ke4oBQUXjQHLFv7,0.37392608,43.72,0,0
LbiH3bNhkwpKxf8nkbZBPtmZ97NYfMuRGu,0.26575233,31.07,0,0
Le3XLWfhcKWZoDXYLfubbS9PGT1DsEjzKb,0.12914073,15.1,0,0
LX7vZXT5oAhkeacZufspKv5pyfvFW3tcnX,0.15606255,18.25,0,0
LWc6EGRgvkVm1CVz3cgQuXRQHzTkt5BVgf,0.51405071,60.1,0,0
LhhkXxiZ3HfbAqwetiMYqm7S4MG67rzCkX,0.1809,21.15,0,0
LbHcHd7jpWxLU5WDGhbXf5wEBpHHe1KTzq,0.00925492,1.08,0,0
LbX3WrQ8HZXrbLtXdBxz2acoKZ3Krb6VbC,0.318581,37.25,0,0
LUonWNNxTGtzENphURNgeWGetkMaK47MLR,0.19923379,23.29,0,0
LYXaLo3rt8fot93jKDkLspCxPdx4qTxjiW,0.18017545,21.37,0,0
Ld7cTtixCmCfFEZHXHkGqY473Nc4xopTJR,0.1147,13.6,0,0
LS91a3QkyA2S6e61gEijBpetAxZWVasmz9,0.19620453,23.27,0,0
LQEPoBMrGP2jQzbsmWcEybKfQxKSpXUZiz,0.75503355,89.55,0,0
LQDpEZZbQLPfLkLz671sPcGKnwzQiQ8rj4,0.05832073,6.92,0,0
Lem5uMJhdC6WzCdacsYm6SSbbApSkNu1bB,0.37688974,44.7,0,0
LcC1HiS83T194z9GiYegCtxA2sSxF8fv8V,0.01287808,1.53,0,0
LfrDnrPb1RhzqzxWoMKLz5UCRNNefNeyCF,0.25534088,30.29,0,0
LMaWDfvnJ4etbH9BpLw5CZRT9N3jSRL4ff,0.53581335,67.46,0,0
LfhqBp3EwiwPeVbq3jURknYPoXw3xt8Vdb,1.0,118.61,0,0
Le9SMrXC9X5p4cYKp4YX4mjALGAFoaneT6,0.40009602,47.46,0,0
LXrGpmhsUptmLV74hz7s22nW2PCbs1ZcQx,0.233666,29.42,0,0
LL91puYzmEqrCAZYT3eAAcDLhHbbD1hjj6,0.96360729,121.32,0,0
LfT4RBEWeYhmgRvFhwUrA48VTS8bqm5Mzi,0.4663454,58.71,0,0
LdDKWBdeVvqKuRK2912MtFsHwQiAdUhZSm,0.00776066,0.98,0,0
LgSQjegPpUEME9cAmGSfHtb22QV5JKRjpn,0.20841373,26.24,0,0
LVffGWsaAzCYyiasCf52xgFRvMXjNJDrVw,0.22250392,28.01,0,0
LgBbTuE4wECdT3EKMaxdNzN9wBSfchUTGV,0.06216168,7.83,0,0
LYUKDrkGzuetcR2pZV77JF6jFBVj2WyTYg,0.07215913,9.08,0,0
