address,total_in,total_in_usd,total_out,total_out_usd
LWAtRWd7vAPuL234enLGR4Vk3kzwpr6Qvf,68.88576155,6602.05,68.88576155,6579.79
LT6yCWz5SvWKjDiG64cmT22abZv3UTi2nu,76.806,5964.97,76.806,6001.71
LiE2xu2JKPZuW6V5f4XDZgW8hZPD1Vmuid,67.01959636,5454.72,67.01959636,5475.05
LNbCzCXVcqF5J2c339AXJGc175rSANsqbv,45.38599351,5215.65,45.38599351,5177.42
LYN2eXAZMST1YW1En2ouCM2iXm3c9Cn7Me,65.98551636,4632.42,65.98551636,4620.65
LZVr3C8jQnnf8Eey7CckF3nhVTMJyicKLS,43.36756498,4610.63,43.36756498,4510.2
LQ7W2AHH93ajsZHAxMi57N8Pk4MTooFWj9,45.22570653,4358.16,45.22570653,4401.83
LVXv2SNQbSbpDPcqCd3NkkjCzQoQ9hMZYn,47.51034733,4358.15,47.51034733,4386.8
LdKVyrSaGmCSxoV3CdETT1HLC6RvwhFe89,48.78512486,4312.1,48.78512486,4312.1
LaBA2RnqRBsTT9nKGiFcSqamhWS2aqVDqR,44.94717098,4019.77,44.94717098,4017.98
LR1Mn4FfcuaswG51Vf7d2Bef1Xc8uSMSVj,43.67730221,3579.18,43.67730221,3605.04
LWNQgCSwoSTMp8fqZ54mCPVJf3aycxfKhM,48.73639822,3215.61,48.73639822,3230.19
LPLpDpYUh6TiXGhTfuYBecMaFgss41ojoC,32.33637284,3018.17,32.33637284,2982.11
LXNBesf6ToDJjMeYdhtUh2EqTRjgDbaxf4,31.8560867,2970.29,31.8560867,2965.95
LRh3tBQyPhrewksSmcqFZKtFi3SLNMJKyP,40.585591,2965.68,40.585591,2952.07
LRnVYpPkQXKkvEf9EBjfXkUVsQweE7xGLL,41.73824395,2785.99,41.73824395,2811.2
LXP4CDecZghuKZrNa3KW2hDgvBB49LxJe7,38.833071,2615.33,38.833071,2626.42
LRszKcL8opmkLEVpSSuYZnJLkTHMor6LoF,37.30245368,2562.94,37.30245368,2560.97
LdKJ6p8He5WukhCEpwdcEVFocDpMBm2V9a,30.53412672,2546.96,30.53412672,2550.09
LLTwotxhAJECtTRNbPi4phYa64HndnG1pe,24.811209,2449.36,24.811209,2419.91
LUu9uym2CWiqk1dNLq1qnBEijo7xtEo4YU,25.10978326,2365.42,25.10978326,2361.09
LaRh4xZC5jHudErL1U6Tzws9wJscThaJcB,24.8267,2339.16,24.8267,2360.85
LTmtakTtHvSMbzmwq8KfRtHVkqg4EvAtqK,25.525893,2316.21,25.525893,2317.29
La8qzYnXcTkbfJMXuz21jCo3K9pKyxLCpa,22.99264295,2302.36,22.99264295,2290.93
Lfi4Q6d1TjVo4VBgjjTerUQEnMyPxCUnZF,24.62208281,2157.17,24.62208281,2149.93
LQqVrHCXNyGf9XZ1NguvCQAJZpKeQWRc8v,22.4985222,2059.6,22.4985222,2072.16
LanxNNNbifFo7BXH68uJKF9uhCyjCPDZ9j,22.42275,2055.86,22.42275,2060.72
LcomsLZWPFHfxWLuHJx1JopAiCq3FLZPsZ,20.37935927,2021.13,20.37935927,2023.88
LQYNbrfzMSpeJUmqdiNtd2PugQwjFoCBHY,17.19243138,1997.37,17.19243138,1980.65
LX4iURPgN7uQUwUc6zGJRRRvMFvVLheWHB,22.75249228,1975.28,22.75249228,1971.35
Ld3eLiGoRiG4GK2aHr2y7rnsE9gDXJ9qXf,22.66939528,1964.61,22.66939528,1957.56
LhQxvvc5XkGM2cm9Cge3d2WMVEmoFu9YXE,18.42486265,1965.97,18.42486265,1951.25
LdLewwZyfZWSwgUL9xTZcnePQErZBLHFKq,18.5088066,1872.0,18.5088066,1925.73
LU6o9r8B1fTSuwKQosqYxenyoXDgjBUjt9,19.82941536,1907.14,19.82941536,1909.3
LbMk3Hj2Q8TJcfNW2zk6mQ19KJ4VvpedEe,20.45746217,1867.69,20.45746217,1909.06
LSE6SGzp5ZQoHKoFzEUDJwGiJeSqeh7Zpj,17.62580142,1892.64,17.62580142,1903.59
LetiqB3kS4yHshomMpTXRG1cyFcwkPbkf6,19.21550881,1801.4,19.21550881,1836.86
LL1QZW9qi6E3ATQBLqgzeMAqhnyc7Jqkcb,21.38091894,1813.67,21.38091894,1811.43
LX9yGFDHjUYja9X7W3P9q37LD1NiDWB9sx,16.92441118,1790.45,16.92441118,1791.53
LX2YcJtSFfJpkBTzfoNTCYACCmq6GgqxAh,17.9042545,1800.19,17.9042545,1788.79
LVv858iRBnpL8dNssuAYaRPtEZrJ3V2bQg,17.76725116,1775.92,17.76725116,1786.61
LNUyQjB8SnRQKccoYuZfn1qwT1UA5n2tMz,16.74936539,1745.22,16.74936539,1737.63
LWMZZfy9vZc1S5B1qwGJouuQPj25HefSFa,15.26529135,1724.94,15.26529135,1704.72
LdnMQYGvM2w7mx8XByWzpXztdkkjh4pu5D,17.414,1685.87,17.414,1703.14
LaVDbWZp9PYw2vFyxAaLmuH14nH1h3a9BJ,15.161,1652.12,15.161,1652.07
LKu27TWR2PT6xhRfuPCWRb5bQw848Pouij,16.4580666,1618.27,16.4580666,1649.87
LUgxSfdZCiEwMEFS6SGPnnnKpZzp41o436,15.26149634,1678.16,15.26149634,1630.97
LKRHwaSKLCRXCzVYdqXSuuiRdBha967Mfm,23.407668,1602.13,23.407668,1602.13
LWEi2NDcyjTW4oGAW6MLj39bUicjjqe4na,13.88574089,1586.58,13.88574089,1596.61
LaCc7qS3xLtddnp6FPmt7rad2CJfBzE1Qg,19.47003432,1570.9,19.47003432,1575.3
LhDZofmKBoY6cecr2AYjLsXpSq5UF4rt2Q,16.18893523,1593.59,16.18893523,1573.14
LZsJkyY1cgtg4ne5haHTNYV3BRvE9KuTgF,16.95821233,1537.39,16.95821233,1531.39
LKSTsbQTtMZNGuud6gXAQZaMRxEjjAjAJu,15.48633049,1535.16,15.48633049,1529.64
LaDFRi4on4njAGWoBQFHnvEYDroNcCPcPe,22.58553004,1527.09,22.58553004,1518.58
LL1pmDaQndewWYgnENboZALZNwzQuLsMzU,18.51966147,1490.82,18.51966147,1500.62
Lc6jyhBfkbLY9rSc6pWpoF67WqZ83gNUJX,18.4164,1514.46,18.4164,1495.43
LSmUqWTE2EVK4TwTCzBJ9hqo5W4waR5beg,18.66987096,1450.46,18.66987096,1489.79
LVoYQWomzPgvLWcaU6EVcsHcHhBkLeXe9f,13.02656185,1449.96,13.02656185,1452.11
Lh24m854QuELSyeiipvZ8aJNRv9FwhyKTw,13.86970764,1436.44,13.86970764,1434.64
LTPCjLnCWjbd8osnVvBiYfFTJ71y4RiBgv,11.27531332,1433.68,11.27531332,1433.68
LQBZzevahMS27jG53twzpiKnn7D743fDpd,16.17882227,1429.85,16.17882227,1431.0
LMPSvKHdnB5f2F9CcqGUiiQfUtfXnVoTt9,13.2,1422.35,13.2,1424.08
LN659VN69mZDmXys929T1W5wGo7MbKGuxb,13.30599922,1410.23,13.30599922,1411.58
LUxCVvar98BdMfThzmA7u9nA1jeZawJqMG,19.9806241,1358.44,19.9806241,1362.34
LRbeBuvrwXtX1ZwnW2aqUzVwyVMWrrbtXi,14.89756506,1357.07,14.89756506,1352.39
LfS73U1ZcbFifccT3C4XFUKyfRJeksTjaR,16.2135529,1347.24,16.2135529,1342.55
LeAqQmMqd2PLa952ddQbxkeQLCFQ5QAgVv,11.75997923,1321.58,11.75997923,1317.93
Lda45vhmyqsXbrsHKgJwioMamiDfpYHo6N,11.85560889,1265.8,11.85560889,1305.81
LWHEFvNPz3PBw9gQjDvGSfwWBrg3pppJBs,15.15238403,1289.4,15.15238403,1295.7
Le3m4DbHuL54rqmqNuz3pjdbNC3JuhaPED,15.1634,1281.94,15.1634,1271.8
LSWeqqT9fvxYYMKMDJqMmUJMHBZqUNnXoX,11.12076164,1271.25,11.12076164,1269.56
LKVQxfMuBPhz5vpZe7RynJEMbb15S7hmnu,13.771715,1260.56,13.771715,1269.05
LSeLRBrHEKwVY6RQtu8i2fpH3yceodrsRw,16.32225838,1254.04,16.32225838,1260.88
LXUNXvxVzQ3e5Df6zXbc4ZQenLGV28a1z4,15.94387251,1268.88,15.94387251,1251.31
LQfy2TK5tKFZoUKrxbzZ2NeMCLpjVBvwcM,11.13263228,1224.49,11.13263228,1225.3
LKrh5gi77NwqL7U4Ztk8NySyS4awRz3tRj,13.382381,1217.83,13.382381,1216.66
LiR4izQcMYxxS82qSRuTCVGNjEjxrcZUvZ,13.52840117,1210.36,13.52840117,1203.89
LcpT6JVEx7Tsw6kcKeAzvv3YMwFXMMxvhL,12.35606,1184.56,12.35606,1197.71
LbeWrtVFZgCfS6PXFZpXSwKfskpbXgvshE,11.81802776,1182.5,11.81802776,1193.98
LZHoSkhnkk9M35DKKuHczU2a4hTwtPpdex,12.34030849,1189.0,12.34030849,1186.61
Lfy7FQ1GavEahKcjvBewdfp8dJeEeEGvfK,16.49293836,1177.93,16.49293836,1186.58
LWpBLDF8njXcDjBsMFaeQEZpxSoMBrqYJf,11.8840045,1189.55,11.8840045,1183.26
LhnYSLdqSHLmL9dry3QWN7XAKbqGEFTn6T,15.70809646,1171.91,15.70809646,1180.56
LVRB3QwJtzmzsXk24SirFLXmRiTyAEpyws,11.01364864,1167.02,11.01364864,1167.17
LdNuuofXjUPwDGhcfYKqpyuErmksbUtZpB,11.23780922,1118.26,11.23780922,1139.19
LYNrJzp4WcbPboRoiVrC9B2amDXz8NtvCY,13.01912714,1137.8,13.01912714,1130.7
LWXCUUWBo2mEbZhc3gsr76SdMsH6mhc3sB,10.2028606,1136.53,10.2028606,1125.34
LZRG4shKWpazxtboQzzgbLR6CVM1jyYhkf,10.12174693,1130.4,10.12174693,1124.99
LfQDj2VHa4o1RCwSLe8paoNsAeZKkiscfJ,14.367558,1082.02,14.367558,1107.31
LYnJNdTaESAKG2cn61gQJHDj5v5jSACfqM,11.1864,1098.32,11.1864,1095.35
LU8t2BTEbn9z9VwHtWvdkaqSiezF5uL17D,12.99966308,1078.92,12.99966308,1092.36
LXJNX84GUHJKNr2UBf2DWkpXR6xGpsUcNP,9.6411711,1063.5,9.6411711,1075.46
LUcPoLpJzLcNPcsFSNv3KvmfDTrbbYBcUZ,12.023016,1072.82,12.023016,1070.11
LLocUBWihCNqPUsW3dRVzPwuf1vdQmAMNV,13.89439,1061.44,13.89439,1060.92
LLn7m7KocLiwDKouA15czk3P5f3oVFjEH1,11.49105488,1106.19,11.49105488,1051.25
LgFcAGTigz5qJtWx2hCq3rLTpvu4onU5F3,11.85351014,1045.11,11.85351014,1047.71
LRBXoRtyqyuHd5XFzVc7ZvkozWdzAUY5UA,13.38969569,1045.43,13.38969569,1047.42
LfUNcjGzVeqE7FXULw5BnxQRBGdyRwMW3o,16.07473065,1063.99,16.07473065,1041.64
LM9mYkc6LHHJ1evufPwj2XFMtQzbjdRDwi,10.0421347,1045.03,10.0421347,1041.46
LWYtGsXYfRWJpyFuXLr2JE8ZuTSLxXJvFv,11.53382342,1006.61,11.53382342,1028.57
LcNLuGeZnzPVKYq37jGgevc3gxqiPg5ZQK,9.54283907,1029.22,9.54283907,1024.25
LUEA621CSuomR4SdofXuLitDWdZf67diSb,11.20918974,1016.29,11.20918974,1021.19
LcTptQuEQg1cAaQgBBFSKfbzN7XYVZhDRN,9.03907836,1015.78,9.03907836,1003.79
LcmCgEFzFVHc7GtBr9zuuMr3xsE4Csgmf3,10.18984265,1003.14,10.18984265,1001.89
LcarCQRYDgcUcArRRKS3QtWXsGhdEj2z5D,10.07242035,1014.59,10.07242035,988.01
LVGXKxmSdUQRojGYBVkKmuC9971u2XcNHg,9.06153826,983.03,9.06153826,972.97
Li7moLbwTVCYs1CPUfYxnqTGwNYZbdcsjd,8.45853319,966.25,8.45853319,966.91
LX7KRMfyXbJ2RdR1ahfinxGunNi86gWY3X,8.53978974,952.76,8.53978974,965.34
LbLDsT5r2ncWt8g3KPuQX2sx4DXzC54URG,8.58093807,962.83,8.58093807,960.8
LPqKZseUcqZ8zmr1KmchDhkvsCDm9ukUgp,9.3522023,961.99,9.3522023,959.7
LiFy1EM5WCeuXWLSUFsbtp6VYLNz5yqEfi,11.2260681,942.85,11.2260681,944.5
LaqYeSWhcLUXEivZozVGL3jP9tbTSPvz43,10.605297,925.38,10.605297,926.26
La7sMFLvqx6voSqHJM9RZY45GPR5vbUQGH,10.00134217,912.96,10.00134217,923.8
LLqtzfYLAiMbLTtZayEcq8vAmMdzyjhXRy,9.47917626,914.32,9.47917626,912.88
LRDfwy9eYmQwYKxDFULrJAvC1mzSVVnVNj,9.92051067,901.09,9.92051067,912.23
LZLkAJDVdADUDdyFbfNtAv9q236g94nS3U,10.67694053,912.03,10.67694053,912.03
LTqXVZdkeUMNJWaCJ8ki4rAJ3NVKgceQbj,14.06857074,913.03,14.06857074,910.06
LMsS9wf8u6idGHzunEZXXpZ9Yv1tQ1RfgV,10.49886354,906.74,10.49886354,905.21
LZ3wKUPcr61rhgJKyg7Cyijh1APvVzfP9a,9.90789915,905.34,9.90789915,905.2
Lc5ytEqHcmvSacWYUzSunS42SQfvEoeE4J,9.42515615,900.51,9.42515615,900.43
LXSrruoSBvh9pWu82GQ5WrkLYD9jdLjXJC,12.86292841,906.36,12.86292841,899.23
LaWTKKTEJKd4B1aX9HFBAG1tBvwXqbEDQ6,10.20250236,871.98,10.20250236,880.32
LLrWNnc7rjkds229icbMNmnRq8x16ST7nH,8.97403897,883.88,8.97403897,878.21
LfEAfLUgsExbuoHM4pxgaPEUbuDJBhZpAn,7.9451511,885.44,7.9451511,878.14
LVgkKhPEv5Yr5H41ejq3mGfzEVqqgtZa3o,11.17080589,865.7,11.17080589,876.56
LVvZaGCXoMavpVXbqj3VLbZ8PsFAPdsi3c,8.87130236,862.38,8.87130236,862.61
LReS4CuU8St936kKCy1XW3HwFCqi2mrA1E,7.354,857.58,7.354,855.0
LQ2fNjGd1YMhr24LYsbaUH8Mji6wp6cGmg,10.00495345,847.57,10.00495345,853.12
LM7fb2zzxcfYWzTnxN17ra1cmg3wYPhvjN,8.01465703,880.3,8.01465703,850.54
LeGqUTmMNCgb5Whocq5z9qx9HEzVk7S9Cj,10.54156328,845.72,10.54156328,849.04
LU4T3oU6dbekuLExHt7HjZmvD74iXUNmMJ,10.35948338,837.95,10.35948338,836.96
LcAB5JBfxMVTJqdH8vPJDLq3ujrMzJDXGu,8.68517774,823.44,8.68517774,826.47
LXMLPFduntmM2cj9sA1mdXoaGRvLYS7avN,10.05169456,811.79,10.05169456,824.98
LfeBP4ymMzvez6tbKbkqTArXgQDicUGXX7,9.42879088,812.61,9.42879088,807.07
LYUWzaWoD2xhhN9jFRbRGQ5vd7jU4yQyMG,9.31253661,803.67,9.31253661,797.95
LTYx54YjZdTnQDGxBUKjEA9Yk6w2yMMEro,7.09787878,793.68,7.09787878,793.34
Le2sAw75xfr3933xZLbus65DQbaVBcGdmu,8.69399632,783.04,8.69399632,789.78
LVTtBgwRDHXH6dMCbHWmXWh5wJnx46NKmp,9.8659285,778.95,9.8659285,788.24
LhD5zdg2PYHq3n8CF3Fcnjb5D7YEh35Aqs,8.67108913,768.79,8.67108913,776.65
Lg7UTtPtmb1cSorE5xob8yQ9EMmrWHAkfH,7.13043761,779.2,7.13043761,765.74
LPrup72i9pZAygc1ACvwxgJjm9p3Hd6jyJ,6.87717932,740.03,6.87717932,764.18
LKjnbk4CPcSGDXKyjFQD3kzvZeLskpMcQY,8.58296522,775.94,8.58296522,761.36
LUScuy9GbTeTeRpcWk16EfqHS43QqiBGiX,8.00151202,750.24,8.00151202,756.57
LXUJpkMMGEyNPZk2b41srxou7E4mDz9Q1c,9.71361186,747.32,9.71361186,748.24
LTFNnWYQAY2rFvuqqQBi2x71J8mcNCMY8T,7.02730151,748.46,7.02730151,736.16
Ler6aDbzW9QKhBbMwEprchYcNvCpHGjJWs,6.4506867,715.67,6.4506867,735.55
LduwmtxQdjUiDCPPsVsPr8HXmseS78XK6a,6.49383076,729.55,6.49383076,734.28
Leix8VQBH9ZZXZSePk9SJiN1rukdquh14K,6.40428911,733.37,6.40428911,730.71
LhxeJsaxRNqTAUBrwEn4daSSkpgBjnqpWA,6.46554319,730.07,6.46554319,729.2
LVrtp2N2Ej1APsKgHWZ9t9vE4nV69xNYdh,6.80574925,717.68,6.80574925,725.89
LWLsSQZsyNhyAKaMBNSE1ame188z9Rr9Zw,10.71516318,721.9,10.71516318,723.29
LLjpwXm2y4YvRVv1r8zRojGHnRdpQEuuFV,6.36821224,726.93,6.36821224,721.48
LKd2D4viUaFBWFtgJ7hji4Fzg6W3NwE8zA,6.53362798,726.67,6.53362798,717.86
LbcZ3tzrw9P22ap7Q2dxvARsk3yBDNo6Hf,9.3038396,716.87,9.3038396,716.83
LY1sMohLWZ2SnXrabCDSKRex7b2ZpUytqw,7.87093216,713.35,7.87093216,715.37
LechDDxJUvniCuxjCJN8fGW9WLpXXByuqc,5.66872243,705.94,5.66872243,710.91
LcYrZGTZ8HfDZhemGcMQCwYPpt9KU6UbSt,7.00178723,702.16,7.00178723,710.08
Lgutri1WAY6qEXoboZnyBLEcujSBYfpbop,6.654445,704.85,6.654445,703.94
LUuhYA1GcbnY1JHK8tEZ4uvxM8afvDEqzx,10.08550063,701.95,10.08550063,701.95
LU7cGUvm4QrsMibqEAr83WbJK1cTeEpJ1r,9.80753556,704.3,9.80753556,701.82
LPSpLgPprpu7KZJJrPW6v37D63awUYuRm3,6.06332543,706.67,6.06332543,701.68
LSMMZ2FEbFaM9fW8aDeb3X6hMmQP2dkxut,6.86057073,687.64,6.86057073,697.14
LaGZFw92ean7vXRFaTsGEM2e5Qc8Kmkvej,6.01435931,680.47,6.01435931,697.13
LTwbPFrnUXkNXKxr63NbdD8AZLwLoofTGH,7.00113204,686.05,7.00113204,692.54
LPLQvEmHE6VUh4MVnBELckhBZSU1Dv7Biy,7.39596747,701.22,7.39596747,692.25
LR66LQn8s6UQMyZsYN3JLUZzshvUWZxo16,9.7556774,702.57,9.7556774,690.27
LSNCAWcfyWtuKKFbq5oZbqRDJPMc33tNje,7.86402885,681.7,7.86402885,688.39
LLzZFMC24qsrMTwwXq8ZFCDLixj72wTQTR,6.39836965,682.56,6.39836965,683.88
LSmdAxP5DtgS1jKS4TVzqPCJwNRa5CY7wN,8.1966272,677.36,8.1966272,683.5
LbVhVDvg9m9N8VinKe2n54Gsq7RWdhad9B,9.71015572,675.55,9.71015572,682.4
LQr17tFwrWLfZ5yptkEgA8FU2afP6sLDbF,8.42597365,681.55,8.42597365,681.36
LReDDxvALL7Zqc6shV7zqQgyKT6v7qWUDE,7.30236804,673.26,7.30236804,674.68
LNDKABK7XfQMvzvkyoXQaBHgJ3FZCg7en6,6.41,673.16,6.41,673.58
LWcnqVLvBJyaY5WZJaJYY3i99EtCzUCSzK,6.97481447,675.27,6.97481447,673.29
LcH4Xjd7LxJXrquamG2JAoSozT8pvBFgt4,6.50085253,675.0,6.50085253,671.88
LPvwRweDB1gVjxi3DqCkCqNoJ44SqcLXoY,6.5864723,672.42,6.5864723,669.79
LbXtYoaw5oHdRZmFaNGuFi7cxrpnXirKuA,7.88659562,669.95,7.88659562,667.82
LLoh2wfrZYhQzzguxjjxS5MV8dLsvskqeD,10.0804555,664.92,10.0804555,667.56
LaYvcExtwAX1QB2if39vdxmYBGh6M8zhNa,8.45638727,650.55,8.45638727,661.13
LQCqedpkwGNVn8oBB3YRpSDB2kRfWHMAQj,6.36173899,652.36,6.36173899,649.03
LX45Zta3NAuejsc7fJgM1hbiTkXDr9RJKA,6.19236162,647.65,6.19236162,647.65
LbN5rty25d8GvLsoDQ7ZYsAoJE3YqLns5d,7.02994247,645.13,7.02994247,647.06
Ldrn5U1ZJguZf5ahiFpBMVV3ztHefnvuTV,5.915477,652.92,5.915477,644.76
LMqFiZyiUTz3Rg8Bho2kqxQqvkxD2Sbwjc,8.02732646,631.26,8.02732646,641.11
LdZwjLRmZ37p4x5mRRTQztwhJT5Yyj5v9g,9.26293713,654.63,9.26293713,639.41
LMbnijtiScPQhVhJFD9EWrKTV9YZCcRNhV,6.28060144,631.8,6.28060144,631.98
LKazzkWUc3hK5zW4MxghHmrbNAp2kHA4h4,7.52907024,631.94,7.52907024,630.24
LQsNSuqgfz2RceUomf3NJ1UeRHNhC7juir,6.28852225,622.55,6.28852225,628.57
LRUoAkLUiudN9Xu42C9qCCt6RWFFe97bYK,6.11086635,629.83,6.11086635,627.98
LbrguytjcnerFmX2RT1d9k4vwnWBpbDf4X,8.02514523,615.67,8.02514523,626.38
LZUMQDuunLkc6EmDR7bm6629W4XdBG7QeA,7.97639205,618.32,7.97639205,625.48
LZdeNR4DyEfDesW7Sh4mCvRiMRjdMyAcWP,6.7142476,608.61,6.7142476,625.38
LcKz8M52LcbMYjnLMQTykHgy2d7XgKY5bN,5.59908749,623.54,5.59908749,622.04
LMgjzC1AEray4uSS7s5YuhmDXYtyHg6LSh,5.74005314,617.23,5.74005314,621.64
LTiruLZtX5xt7tqGei91WeBtTY9NEgDXsF,7.20629275,627.06,7.20629275,621.34
LaQ3ydJuw1ZuHfdpvvwNPUFQGdp2rRQt3N,5.62303158,610.8,5.62303158,614.33
LQZLa1zPvWf1uBYiWQT9hzLcXe9suhZV1H,8.08530012,612.85,8.08530012,613.82
LgXFoeT7LSwT41zHJAf7XhBF6AEgcpzghj,8.5646786,606.91,8.5646786,613.55
Lezu6MLEQfRN9BNJ9tSUouQMNpho7qYurs,5.98113752,605.48,5.98113752,609.87
LXwVPC4Ho4MrizvRf6mwCnns3E8pQYzcuQ,5.82669649,635.51,5.82669649,608.3
LMFqnRGgtzr1xBu9e235dgbVgscdhhKZr5,8.70564961,595.84,8.70564961,608.02
LWc7PnsvTDrodvNUvUhDUuZf9hXAEqEvKB,7.6778412,600.64,7.6778412,606.86
LWri2yMnLQLqSxBrYG44aXrP6x5eVYYrBy,6.06570068,603.42,6.06570068,603.63
LLV5ffAKNZa6Ux6gARQFn6jyErp9xn11Qa,6.01203951,600.68,6.01203951,596.88
LMprCVTqyUu2L8EyBH4ZKDyDBxzGLLyy1d,5.79793755,605.09,5.79793755,596.07
LWJtUcYvr8NX4wgjHeogCdgMKCzQermb6k,5.64087376,592.31,5.64087376,592.87
Lh2q2bNyNCnikWUdM9u38E6DMU1dDrXd4V,7.8509056,583.61,7.8509056,588.66
LRMxiNZB8AC2TeaeRKLotNFeDwdTxB5zUn,7.98663748,582.69,7.98663748,583.26
LYKZFYefknKdmUk8yK3SFN7ce76Qoj85Ux,7.42714267,569.84,7.42714267,583.09
LMbhawv8UKRqBXAayACVbPsUDijo44dX2i,5.51873414,581.45,5.51873414,581.45
LeyxGxNjds1PFDVX9755KLTAMXAk3T1NbE,6.12538124,584.38,6.12538124,581.14
LLoQvy34MUwTxzsztpK2JSzkpysBbTTykj,8.14981963,570.11,8.14981963,579.7
LX6KdW6qe5gNeJnHDENSoGQNjTdbFiu9E2,5.82464631,582.55,5.82464631,578.6
LLDS7UsCuXL8ZtRmgUx4GvAUVaxLLhn2Xm,6.45432706,578.0,6.45432706,578.37
LawvEXY1j9QejL25FbidSm473UvMUYEGRU,5.66082169,576.47,5.66082169,577.66
LYLzBtYczd87RBUxD6bA9hYLm22RhS2FSA,8.92916124,586.56,8.92916124,576.73
LNhULh6VsCmb6cju6wadvEgVEt9TEGDHHe,6.15926368,581.61,6.15926368,576.68
LdBej8MNvzmq5myokQDLmbgQP1Wiq4XALz,6.1488013,578.93,6.1488013,574.46
LUt3UK64pT2okcEdUy7kTnTq5171L6fW58,5.44995423,570.9,5.44995423,571.29
LeijD66QFwmchpumBPGqhMV59ZcDzgeaWb,7.5268451,573.63,7.5268451,565.89
LfJmo2y6SqSNU3yqS4CJbTh9oqX5yYHivV,6.81668322,560.33,6.81668322,560.47
LgSEu5FeFPvjMTwZbXQns6tKFFuAJhErpG,5.75326053,559.4,5.75326053,559.75
LZuxUzeBwZ71dt2aYTWyMhVz9mw5nm6skR,5.11532304,550.37,5.11532304,557.43
LS6KdpyDFsbnuVjiFBjor7ztqgfQUXUpWS,5.66830399,556.27,5.66830399,554.01
LgY5bxQoRC1ifhsd8vrmdyksfnAKZp1kmT,5.53910993,548.47,5.53910993,550.5
LgowShkpyu2ycUj9cjif8hAiufR5eDypzY,6.78097208,535.59,6.78097208,549.11
LMqiy9YXpGJCHTtVKAWqRbKiW7Ej4r3fTb,4.21725664,547.65,4.21725664,547.65
LaZknRtjDGKvqfiwN2jkBFMfYmcQBgiLpp,5.78442424,548.21,5.78442424,546.02
LU9p13M9rT3uX4XnWwXux973cKSpN54piN,5.03470304,545.09,5.03470304,542.94
LMVmkPeEk6oV44tHbBRFQeTr4vxuPMR9SY,5.62636,550.45,5.62636,540.82
LfgdrPJNTMyafRbUFjkzn3oWpTQSt55JSG,5.33804232,514.07,5.33804232,539.42
Lch4TLSi5L8k7u2Mva1ZHdMZ67sKQFhNtq,6.86366847,522.33,6.86366847,533.99
LQ8WRixEfLBuCRAfEaUCVQJhBNHzr1PtpZ,5.00584685,530.86,5.00584685,533.1
LR6pUgm5txtHwpCUscSJGpRYeJWXDDyUXH,4.72825061,525.07,4.72825061,530.72
LdT3SepL3EbeHsFqQRneS2chtumHwnqjBx,6.69516386,519.58,6.69516386,529.77
LVL8MSrsaCW89uULFk4sAgHpxf59VpK8Fz,6.21765156,529.62,6.21765156,529.69
LXjzWvNeZGgwhJ4k3BBVzMaN8s2UZCZRh9,6.88030646,534.39,6.88030646,526.59
LZRMu9fgs3qPKZZLPjDLjL3b8rDY46am8P,4.61952449,529.7,4.61952449,521.55
LQmGhBE4YaKjyReJPgvMMziLeW1WjJ3WZc,4.31566993,504.72,4.31566993,510.21
Li7VhsMD24u2XZnUkvPWiy9vTTZYdRVscd,5.99338304,507.93,5.99338304,509.79
LeYcLYNsHmW4f63ivNGWFwfngg4o1ych3K,4.49271228,516.65,4.49271228,509.33
LajZ2wvQnPHYEwjgKb6sEQ7tbAgjZdj7oR,5.76639185,519.48,5.76639185,507.76
LfoSZppnKwsnzrcE4LFPBBbSrxTBUdjYrV,5.10434085,500.06,5.10434085,504.1
LfUWgWq8L3PL9tVit7dXd6chfMDAHXZuGT,6.81403656,495.77,6.81403656,502.01
LdCTDdpqRQnvW8RaLu3tBnr7hh6AiUi8ME,6.62643949,489.84,6.62643949,497.16
LewZRo6rNiC4HWMjXLbSpiRNUvQ1jH3Rkk,7.43273375,492.79,7.43273375,492.79
Lc9p2D3MakCPDotvcEzW1xEeitcymJD6Wp,6.89047414,490.2,6.89047414,485.91
LMrpXX3mRTndRVYVsDpYjGgCGudD3hsRBq,4.49787682,489.33,4.49787682,483.57
LPx3diqGFUzNpWjuHdJ3BC6iyvQ3npj7mu,7.13178539,481.42,7.13178539,483.1
LaX2rt9fiy6DbJKZ7yKX2BSYBXwDsEaoB3,4.27891361,485.2,4.27891361,481.42
LRZhmf53czJYRJpFR4qr4UxaMXWQPzBVEo,5.23830604,482.62,5.23830604,481.26
LYd76SJLuXwTWRLuhM3FLCwLgQfnWqk9mJ,6.03302395,476.64,6.03302395,480.77
LNVDAZsu2sP9xXmupVhHae2znxfMnCh2xL,5.51588379,478.43,5.51588379,480.04
LayZSCfx7CY6vDCbghmQG5JMBLxecJafpa,4.51907344,463.4,4.51907344,478.46
LKxm4c3P1T9vixYYfgjxbjWSGbQDqgfmYg,4.25622069,480.31,4.25622069,475.21
LKGXLARWwQ7Wcts3YMw2ycmjwmstYwX2E4,5.33745595,477.58,5.33745595,471.52
LdiJbeaG4sTAe9KPHPRsdyaDnNtp7dvpen,6.82926668,473.21,6.82926668,471.06
LNm18Qk8zcYASZeWnZs8uWadWX8GSPWYt5,3.76284604,415.01,3.76284604,470.41
LebiuHTymVftaRdM9mq6yu2LLJj6B2JWek,5.71890537,464.42,5.71890537,468.75
LWBo4e9tJQpe2EQrsh13VowNMXYKxvTXeH,5.08652013,477.16,5.08652013,465.34
Lcw8CWT5ZbFWLdKof598w2RLge94FwwU9L,3.9715447,465.46,3.9715447,464.54
LY65BXtx3SRpYDp63hkR9g1T9pzu392RCz,4.5530605,461.63,4.5530605,464.42
LQqqJDxSgDuQ3RwWCdpZXW8H7wuk8FTahv,4.60722205,459.8,4.60722205,463.8
LQws9ZBbTMXpC7mubkQm1xQWdwK3uKvAfh,5.36821057,455.94,5.36821057,461.58
LSz9vr7CGXT9Da1BmE5WTS1NwSFmDiWQqk,4.75673518,455.95,4.75673518,461.56
LQkpQTajSsYw1unkWFajQEMLMyoTDrp3wu,4.45470891,459.6,4.45470891,461.02
LZQ4rqYF4XNPGRfTcaMzhN554uvxJDC2NV,4.35434595,461.23,4.35434595,460.49
La41oPRKvnRFwE79ZJKQxhRZdUfy65kbFb,5.47967951,465.86,5.47967951,460.29
LSGPpsoMj18TEXNmGxYXZT8umWaBpYWz97,4.12196417,458.06,4.12196417,458.06
LKwBw8MkxS3B7YotF9rDdLTBzCPFk6BwE5,5.16293249,442.33,5.16293249,451.59
LM9vYwgNLEQEGCPPWotiYSyy6MFdCddXgw,6.76212823,448.9,6.76212823,451.33
LKMg1dsoAKRxeVJG8RuSn31YQG2XBV9pQ2,6.42481669,452.48,6.42481669,448.97
LRaptsFA3Qrgm48ztfNEgwDwHjPhW8GNEx,5.37474367,451.85,5.37474367,448.87
LaM8bXsshuRRqUUsHvBCuruXiL2nuRD2ou,5.91740464,443.99,5.91740464,448.69
LLyXwwX6jmd7n2QxCajGgpTckgdbUAA8oh,5.85598982,450.89,5.85598982,447.83
LWeVd1MKaDdTSPAyBWf5iqgTiamLHm3VUV,5.08543373,472.54,5.08543373,447.57
LfqWFya2bXsvZKiLq1X34nPr6m3FHBsoBF,4.12775461,449.11,4.12775461,445.74
LSdjDcNWsibdE44VAGSbyodc9wC883wkD5,4.37638542,440.68,4.37638542,444.29
LXZyNWCRDAa5nN6zt8fSfUv8ZRDKsH9W4b,6.0373552,447.5,6.0373552,443.97
LNAbKgAVFW2fHmofAWtzS3h37avWuoE2Eu,4.82169534,445.97,4.82169534,443.65
LZmy7ZzYrANrMzP9GkRCjXrVUVp9AqpnBq,6.06408013,436.76,6.06408013,443.52
LXAfhhyCA1UUNrMxh7i1rukua9xgFG23M7,3.55850149,446.27,3.55850149,443.43
LUqc32ZahiRsnqB1crK4vxVbC9VXry6ZSg,3.94495645,444.93,3.94495645,442.2
LMkoLueGfj1hKqk9pRL2w6pdbSNVLLLVhR,4.09288859,463.56,4.09288859,440.27
LVphfLy2ukBK1tT3ManaSRi1AdtaBEWiun,6.3114639,437.12,6.3114639,439.82
LKrz9jEbKiyyEjhqXanSLSFo3bK3x62hA7,4.49868715,433.74,4.49868715,438.14
LPag8AKC7TYyNpByQtj3g3dvqB3EudbjxP,3.57601671,422.75,3.57601671,436.72
LSLnQwnfxSwEB61WGptRApcLskooEcUcef,3.99303668,437.08,3.99303668,436.49
LgKrT5zLzdmY7LnXTm4TvQtRc2QEUppmf2,3.91186914,443.49,3.91186914,436.18
LYAWdxkCmXUBCXCDwYtgXkSPLQvodAyoR3,6.0797,433.9,6.0797,435.86
LgZ332JzCEsppYv3ZSmtpFNamnnpdL7AUW,4.46151244,440.3,4.46151244,435.0
LdfG7RbwXJZpvHL6R77ssC43YWk3bR66G4,4.81237248,427.53,4.81237248,432.17
LRXF96MLwdVUqR4H87ZhonCzMpv8PoAyFR,4.10134299,436.77,4.10134299,428.67
LeqUo9a52qa5rd2NFCYKV5qg98ro2bgrgM,4.0667748,424.52,4.0667748,428.11
LSQYGUAsdS5ecW4BWijc9ZowpBnLcnHiAf,5.54616178,421.71,5.54616178,426.55
LSPSHB3f3b92SmRAYw4ZMdQ2Dbybizvm92,3.58091013,425.39,3.58091013,425.39
LZFX9g5nQYv38gbSwTJjmujnYUqg89gcxj,5.15940348,413.11,5.15940348,425.28
LdpHtZE2fcxA6xPDTuf16Q7Z2SnJwcS7ky,3.95408575,427.02,3.95408575,421.03
LSjKThjhgmCih53KdmfbK7bXyk5mHogi7L,4.08899945,451.8,4.08899945,419.68
Lc3UUTUpW5SBvsKVGoqnmgdRFUYMAA7Zza,4.02852283,415.86,4.02852283,418.38
Lhj6GbHvW4FLsXsjZvb2UNQDxTHkTYSb2L,4.19039124,434.87,4.19039124,417.33
LgStBUyZ5ffVN3vyZN9zEDQER7rQFoijSi,4.91492226,415.67,4.91492226,415.21
LMAxgHVXPyyFLAdft53sACKq4qYBcr46dQ,4.10234967,403.32,4.10234967,414.51
LfrVssLxNm85SDbwDmP9rMP7KqSJeRQ2qt,6.26241866,411.91,6.26241866,412.61
LguAQxVDDpFD6hBQqhHDyjsntcQiKe3Gdg,4.016483,430.01,4.016483,410.65
LgK4d4Kg2eMknuRBqXyTrzU8cdHpF2BYKq,3.9974,417.01,3.9974,410.49
LTe94XAFwmX1NUV29cAQFr6fLM8KX5tVnb,4.03634772,409.16,4.03634772,409.97
LQW9bxyb8uqwuNKR12o2MsTF84Nk1KUSDb,3.4142486,398.0,3.4142486,407.92
LSJcHwnfXh5dMUTT5HY2UeNJvU5aZPZqfR,4.55318473,411.86,4.55318473,407.06
LcuCyAT78mfknwtYHbA4FWH34hy1dQ2G4V,4.69597313,409.97,4.69597313,407.03
LeqU42nc3fJEJAGpM7GzGjaqx7DUsV7QEi,3.85217974,405.36,3.85217974,405.36
LPu9Xt8KMcLMaeSGfQvK2BZEqvgmyAXjve,3.81020428,402.99,3.81020428,404.94
LdLQCDkqdaZPd9DGhYSkiNzgnwLpQvnf5J,4.70646976,402.98,4.70646976,404.83
LYc8MkddnmEseAEJQ25LCK5ethfiTP3U5L,6.00810143,402.11,6.00810143,403.34
LV3PWaNHnHkXShejkDZwXjmzX9bdnL9nAo,3.67432685,396.66,3.67432685,402.83
LLw5vzSVL8VwvdG5VRh16YWunkngTK7mFn,5.76432547,398.93,5.76432547,402.35
Ldt757VgyUHUCDMk9qEWhMWgFMtiHVprRK,6.0996,399.5,6.0996,400.24
LgB6FcaFCMEHmpN3kyGTHdqSc8z7cVvyqc,4.17723217,396.0,4.17723217,399.3
LgC5xD46WQ4hj9DKajbrS2iQ9LhDZnNqwY,5.97003588,397.73,5.97003588,397.73
LLaJKjcfsGC7VVvRBUFuyPiFZoLXsLvqtG,4.82499484,365.23,4.82499484,397.43
LevRi25tud3vj2HhGd6cdPsNZAh6y3XNsK,4.74934449,382.9,4.74934449,397.21
LbXNk2m4mpXWbW32fi4Wshh5PdNcaunWSE,4.12482651,379.89,4.12482651,394.88
Lcneu3kB7DJTxSzDjNfaAzSPu4Ke82vPxE,5.35352378,394.71,5.35352378,393.15
Lcv21zaRR7Jt3gy2HH4jYKmGsY4zKH1QvH,5.16769061,396.91,5.16769061,393.05
LaaWH4pjuzcRiRgnEainnGQ1evAzd1Vb8E,4.7396664,392.96,4.7396664,392.96
LgraGtH1m3DTpHNKSN67PXmRPgbuWe2iHg,3.75168095,389.24,3.75168095,392.79
LNkiP9BoDxNvEQ247bkoDPEvSRASrBE4oy,4.3539136,399.46,4.3539136,392.1
LTstaUqeWaFdd5mN7S1CJBxoMpLhc4eLQR,3.99087612,390.37,3.99087612,390.29
LLUr48JG4pDpCQzzpgfDo7Kj5wWckhJs1e,3.61316107,369.96,3.61316107,390.01
LSrYgcuWs3SebZWzRkoUboffZK9HYYDUKB,3.929975,390.36,3.929975,389.39
LcaDtYdgyDuVEpW8MMJDhZtrY9Fyh4rbJ4,4.83721591,388.2,4.83721591,388.57
LNW89uWVkdYTmzBDf7o7uh4X9RfwXbq6by,3.58699804,386.73,3.58699804,385.41
LWmNvKQxu99f6HizH859ptvoJNMgLcPWRs,4.108,393.02,4.108,383.43
LYr5GHytH1Ka9RXniTd81rwy1BuMX1Eo6y,3.40758214,368.21,3.40758214,383.22
LfarnbjYX4ZMkxjcALPBy9DU7yTMRYWz6m,3.65154946,382.28,3.65154946,382.65
Lc1EQcjmdTBuoZgA28CXDuv5ATMn5CQMHz,3.15970341,377.0,3.15970341,382.09
LWYVUFhE8xUdmtMoHoW6Fir4tCAh632XF7,5.37261309,380.56,5.37261309,381.66
LNEpefbUK7z9jJgqopA16dbDbepEwRWbcn,3.028,380.83,3.028,380.83
LUTzhPGQkycASEFQjPZgFCXY4qsUadz746,3.91569942,377.91,3.91569942,377.23
La8jLQAYaRXpW7CmFowwfZ1gn83YLps148,3.65820067,371.45,3.65820067,376.91
LVvu8YkHZupTBburM6bFzpV6D1gLMZzSDi,3.58701614,376.57,3.58701614,376.6
LYGa2ax3o7oyzHXYMNPyDiaCuGXbj5dmLi,4.1946756,349.88,4.1946756,375.47
LcUtdKy8Uz8kjmGyKoAAameHRhQhYdVsNh,3.36923211,370.33,3.36923211,374.82
Ld6n3SAZZA8b8a7qKHhVsWjKv26CxBBjwn,3.09255179,366.51,3.09255179,371.88
LdWAQp65MMwcUr9SEyvMHeSawokjQtgN7K,4.7416401,369.98,4.7416401,371.82
LMDuKXNSDmfKMg2WBcTUw1LfstbHVoRcj5,3.50422317,374.57,3.50422317,371.31
LRWNUkkvR9BHaAieMb8bcZ9VvCJzHH1rgK,3.51550201,373.37,3.51550201,371.12
LdM9VJgVaYJxB5tAdMEEjGiKHDMnNjkYo7,4.8711621,371.83,4.8711621,370.81
LMEy3324UTrujH797NNSwdpBrWaBD7KvRa,4.08970723,370.62,4.08970723,369.09
LXFqG2zQ1Dd6ggn4pTZ1tZZ8o8vm7GQd6Z,4.07968863,365.68,4.07968863,366.34
LS31CKZVV69WfGjr28jQ5HzfpjLVi7vJz6,5.25923094,361.84,5.25923094,361.84
LV9rAykxUgWbvFqbSb5Dvp6AzcPmTjt4kE,4.61916464,355.82,4.61916464,361.06
Lg8pjyv9z7aCwSFdNFyMKcxBnGawCmFCqY,3.54294097,362.85,3.54294097,359.15
LQYjFSnhoFdCp2HWKcS2ETJArL9LJ7RCSM,4.26220408,357.02,4.26220408,358.32
LgdHNK9ir7pndzSZNSmHPFjMvW23zhTJMd,4.50826818,357.95,4.50826818,357.95
LN9M7qyhLsHfH7EESinRU3VV26Fk1SZuZg,3.441867,359.84,3.441867,356.31
LhwX8nMEd8YwpvPG2FVjkjjdFL1rru9Pjd,5.38705498,351.73,5.38705498,355.81
LeEAgSBzn415f3y6jRxQCJsFjoeB8hziTe,3.35049917,357.5,3.35049917,355.03
LKNPCn41Mc1UTBRasNLkFYp4TtAoarckUh,3.42230501,370.7,3.42230501,354.2
LhUZXDqSMRqJMA2fc8ADtQzDVHQnahU1hZ,3.42489243,353.84,3.42489243,353.04
LeznyvqWFdXcCAJ6FXCRCsbk8sTfPZNSvf,4.96545892,349.4,4.96545892,352.07
LTKbW9h2ghUbEToag7p9Thh6JF5keoWfrv,5.06,362.55,5.06,351.56
LM428wE2Dvq25M9MombDCreU2v4kt9LP6B,3.32779779,351.13,3.32779779,351.13
LPCTMoba3p6zwMpxfr2Sn8ucRPzT3FCUGq,3.39532944,350.67,3.39532944,350.67
LbScKeALS5GSygDyr8RR2S6UnWfmWNpCqr,3.57988774,346.87,3.57988774,350.61
LNxE7uKcCwZToE67o1C4gR62LpT6LbNizo,5.19109762,352.82,5.19109762,347.82
Lefcn69zEUH87Dy7zfRSuqXDFwFe8ka4M5,2.91494425,345.31,2.91494425,347.55
LXy82x32SSrQov8ndekS5ez1D2dVvxM4hs,2.90436226,343.38,2.90436226,347.53
LTjL2JRE8ytvTmr58bjW5CzpXDih3xiZMN,4.942511,346.25,4.942511,346.86
LbFMf7JdP5J8ofRWbD4VZST8kk6de83Lgx,2.61483097,342.94,2.61483097,346.16
LRQz2DyCaBxUhTR3cawcqmdufMYQqPqHcM,3.762389,346.12,3.762389,345.2
LMVqorM2CbwTSSLuDvAhG48voEcmHaQ11J,3.20262195,343.96,3.20262195,344.6
LPc3Ue7tB3LyfQUJLxKsuTQ6kYFiBYVhqX,3.9429808,353.34,3.9429808,344.16
LdSuoSr9MEWXL2bepFcpcL1iVr27aPdRTh,3.04408361,342.77,3.04408361,343.86
LKkvWNFhhmiFHKqhKS3mp5HavtH4ez2Cmn,4.65034938,339.31,4.65034938,341.39
LUvTt3zRwSyH8zHeZDyZYNkQTNoKyrx8G5,3.83209385,335.58,3.83209385,341.35
LSdySVdkXm9rZa32x2yNRxWqpoaZEkWVXk,4.50902878,340.79,4.50902878,339.66
LRTbmTnfESUfBLRmWur5m3AmA2ar9CAUMA,4.87834973,343.15,4.87834973,339.44
LSJyDeqPX4kv4SW1mGoSRtcAnFKzYzwp2G,4.59584004,337.53,4.59584004,339.35
LLzy8PFF9fMkoYNGHCvQk7KShHJJxN7Rxm,4.63502875,336.93,4.63502875,338.47
LR53mxCSga6v6qXH8fctusm7uBexkNa4CC,2.78418167,331.33,2.78418167,338.32
LRTtDZyE8hVYdFtz2qmoivYSjYedXFM4x2,4.7,330.96,4.7,338.27
LUi6kwm5LTH92pd5a5RdXPA2QSAcgwKz4d,2.92206814,335.39,2.92206814,335.39
LWL4f1ubsrSLGYE6Q7ozrxExiq6uabJtBp,4.15753844,325.78,4.15753844,332.95
LTzuS3RKaUc4m1riBj9cNuuhybVhtWyB7e,2.98955926,335.16,2.98955926,329.79
LYkyihgbu4rY2Z1wmT3CE8Wxfuq9vKwZuw,3.4717055,327.06,3.4717055,329.31
LTCGTVF7Rj6oK2865SCdzvA592Hbm9HaeC,4.35751154,326.21,4.35751154,329.24
LXhUi9xkpBf5aKWfNz2Co4EBBj8d6VqQ1T,4.04607458,326.98,4.04607458,327.86
LWXAL6B349zQHN7JCZxh78zLg9SJTKazyR,2.92457057,330.43,2.92457057,327.38
LhhGwFupKieDDyxoDESot6XjsCtrGS1m5n,4.00464854,323.07,4.00464854,324.99
LWs9ZopJZWfmRQ2Drf7E5MeUfUEkDGAY9g,4.89776076,321.27,4.89776076,321.27
LS6LPkZq5S44gWxW7e8LhPBTFqJn3aQB5o,3.25834038,322.34,3.25834038,321.07
LNVszmtUNBjiQMZ6DpkRurrgndW6xghLU6,4.04883,317.66,4.04883,319.92
LgWqTcqVwCuAdmPddEVrFdUzS2Ua4rV9Vq,4.89332846,321.11,4.89332846,319.72
LNmRsg5F3G57vacRLdk35vJkQ5MLGhBdMR,3.96720018,318.5,3.96720018,318.86
LbC65Ax5rCTiyWiResHFDzYCzVsDh5gEco,3.19961367,315.98,3.19961367,318.04
LawvP1YwPGvAfRdyr4YCeeGBtBsRtgJ1ia,4.27828327,316.49,4.27828327,317.48
LgsWDHTmVXdKnrTrpt3QJrW3wM6bTuyv4D,4.89649265,316.26,4.89649265,316.26
Lf7W289pioW13D4N78TRzVNQzTtgbRBaBL,3.87377908,315.83,3.87377908,315.83
LdNzoXXUSpFUjcLVdmQBE73XDPaeCuGcSG,2.91719798,318.28,2.91719798,315.26
LgxdUrxUBq4x3TWYxUwi2UEAaLnDib4rHp,2.41455422,315.1,2.41455422,315.1
LMn8dSQMG8FAfhhodQc2fZyQstrCnVGbg9,4.33904,314.8,4.33904,313.67
LdGtNTyWuVh71QKyV2cufFxLkK43JzgiSj,3.92751006,310.46,3.92751006,312.32
LeeDpX3DVvjGTh7AtZbesEbe48pPs7Z9PG,2.31827828,307.58,2.31827828,309.93
LesJUkB1j9ZmymrcVwEULkhqRvTHBJpGb4,2.2583305,281.03,2.2583305,309.48
LhzpzWedVThYPw5arkrhr3hFCzFdvJyf5W,3.83777233,303.08,3.83777233,308.76
LZgPFQWoRcdczWDpQ8ZTENNMq1Spf1Rrj1,4.30153256,310.89,4.30153256,308.33
LMode9rYLJbUPvakYkHpGhfFRfaK3BPCh7,3.78044893,301.99,3.78044893,308.23
LVBB6dFqUbeVG1zL6Mr8wQAwqDWYaivybK,3.29409553,303.68,3.29409553,307.72
LVPLXSyzx1NzxCFt7YaVXLGagxb32CTqeF,3.22478181,302.56,3.22478181,303.95
LfHFi36wuqZE2wVGinQAV54G8WVH6WMtbh,4.58968219,303.67,4.58968219,303.66
LY6sob1fUZDfc7ANNXt7BwZCiGfWAJKMdc,2.3974,303.56,2.3974,303.56
LbuWnGuYQdE5rMSH53uLYGBXAQioUX77Nx,3.597099,299.56,3.597099,303.49
LZSAiDRUHxYc8Kz8cHxikkcUiXKBswxA9f,3.51153259,307.96,3.51153259,302.34
LX2A2aG72QvkRtcRkgXn1xcaK1vMJB8Nj7,3.54119916,306.18,3.54119916,302.12
Ldd95WFcfdf4t34ZZw4E1P1HQVCBgjp6c7,3.33348708,299.21,3.33348708,300.97
LMoPbZZTXAQ9cVkyXVnM48hXsLZYpSv4Ps,3.06902411,298.74,3.06902411,300.91
Lcp6JqXkgQdEhyjqL51x76Efgyk4nfzs9Z,3.50549139,301.06,3.50549139,300.9
LdfFSW4QVXTct9vXb7k99pm1rNJCGBBf7z,3.51592836,298.72,3.51592836,300.27
LckLapYxpZ9AZbK4JRLn6VDurbJg5effYL,3.5341,301.82,3.5341,300.24
LTDburQATC6kXhU48iVifGy4HFE6WfhnjK,4.23644647,303.87,4.23644647,299.62
Lh6uoWp4oqrFPa2CDg546D7QEQtxvzQ7iV,2.51622434,309.72,2.51622434,299.53
LWB8csKfN8unxsjYTDcF8sNW1YvBdSARx8,4.31116934,298.76,4.31116934,298.76
LWnovUsaPWok7T2Bdum9SjVwFSarSJeetD,4.5123007,295.96,4.5123007,298.67
Lcp4vomeewM2xqE1RxUh2SzAQ5dKosAZti,2.68772387,294.06,2.68772387,295.38
LMbp7S35tP14HTkafpM6JTcxEM8Y9qxRjv,3.46466608,294.9,3.46466608,294.9
LZmR4gaHz6AaZoZuA2bpndTwLxuMt4wzvJ,4.28407941,303.55,4.28407941,294.74
LYrskrdsBF6whUAuez4EmNVw8V8x4wSYca,2.83222654,299.13,2.83222654,294.72
LV8rJN4WWnNYvQwbkqnuSKgjnihbNh8Xm1,2.7798,292.17,2.7798,292.54
LgAai1zn5L1RGifJCqqqpAfHLYNGvTSsvE,2.72858368,272.31,2.72858368,291.3
LN8N5MVr8KiojtPVdyNDU5VjRvKSKQSWHC,3.203884,287.77,3.203884,291.07
LTufqaxWrEtdtYrosXVbcaAwUoAU4yoS8y,3.74581511,280.96,3.74581511,290.08
Lg9BixAyX9DvJnip97upD2ct1i7n6u6wKM,2.7336,281.93,2.7336,290.04
LTULFrzmiMg39GFkBb7cBKdeQgcpEDZf3n,3.07935601,287.0,3.07935601,289.3
LYWPZWymevgYkUEuTgJbctDhx6aoBSdh55,3.81929502,279.2,3.81929502,288.99
LUQRjChvPpesAzVDvVijigonUZDJf62iXT,2.75222813,288.97,2.75222813,288.75
LWp1LbD2S1aEio6LzVu6pXGWAXi39SLmaW,2.9338,293.79,2.9338,288.72
LTcAVp4xx1YzuFn7UP5uc6ww4TmWKseDg9,3.97038648,290.23,3.97038648,288.47
LSskDgvnaFXwfVePkzXTiysmQYpRptQKhX,4.26726766,289.89,4.26726766,287.27
LYNTw46TfHxTu97BC61swjRH4FnbGcL3eg,3.52361231,284.35,3.52361231,284.37
LRXpp71FK5eAPCHRQ25kjVsTtTAkhZsW5c,3.35535949,284.77,3.35535949,284.1
LV41oe1A4CDmTmQmfNZwuWY88mTi6PHmma,2.79735617,283.67,2.79735617,282.37
LSJjea9vRFvA2yi9fyX2PCn8gKQZX2C1Kz,2.30311899,281.84,2.30311899,282.36
LQn7yNtnCeVPzvngsgs6ce16vVvM9veBV5,4.016779,275.76,4.016779,281.85
LUFg7ckQ9JCnzVEudcdGng4ohHHrKqM1wF,3.71936919,282.96,3.71936919,280.85
LWHsNHrb3LRbe4n1Gb9UBTTAPXvv7KGhKH,2.68870713,302.63,2.68870713,280.62
LP6hFoqxaL2UkU6CrbQjHnoax9bAr4Tpao,3.1897,281.4,3.1897,279.63
LcmK1d6s3p8D3iDVoLFS7DppFWCo7eAGUb,2.70339697,273.44,2.70339697,279.29
LKwwSu9Vs7Nq4ygNv27b6PaGf7hHj2DqcT,2.836684,281.3,2.836684,278.78
LRBt4Ci4jCP4SeJ55QrdQZS8YxiTdAp2LB,3.64706562,277.11,3.64706562,276.15
LUTAbCpf4r7yNT9dGZdfSYMVjZbNctUsSU,3.34420543,279.16,3.34420543,275.69
LRGeGLqRA8Zn8kZdp1Zm6B8omxAFN9U3xG,3.01978087,274.11,3.01978087,275.42
LbS1Rak6QpC8zfqsmUwzasMXziQYwzWW7Y,2.59322447,270.63,2.59322447,275.36
LLSv5juy19q3DPTwJab8ijY64HfSJqUJoa,3.50433248,275.27,3.50433248,274.15
LcbHUKBknJaTFwB53QoRj5wVFWFRcqS3aF,2.43258868,267.5,2.43258868,273.64
LYGJV44uhsLY5bFFVfznsocxXfwtLyHrzX,2.69830792,272.32,2.69830792,273.28
LbPkGyW9gHEXUoW5w51fARpSkwqdxizwug,2.47327539,272.43,2.47327539,273.25
LPDXZdd8VatkDSfsZhFiFjMwo2Zgo6iUfT,2.59002201,272.34,2.59002201,272.87
LVyXM5nrG8XL4wPBTzdQ9gfHXNVmu7PADy,3.0971527,269.97,3.0971527,272.54
LXVs6hTU1A3P6FJd5rGUbvaJwhHasYh6wQ,2.74014507,269.97,2.74014507,269.77
LM8JzNUmjNqGXF2jYT9diaUWF9m6ctdoNB,3.27439037,267.09,3.27439037,268.26
LRSJtwMHoKFvMqPPqCBWsWpbpuMy2d5JQ1,2.46789963,257.54,2.46789963,268.25
LTT5B5p73rQwmw7SUMSLi763duipiu64DW,2.64062474,268.63,2.64062474,268.11
LU8vLQP6ESBkg6kUihP4gfWnhzmuZbK2WP,2.90605859,267.35,2.90605859,266.4
LbfDAQYPbjBqjcdrpbLZkLekj73duwPLec,2.42201815,268.61,2.42201815,266.11
LT6yRCbJgeE4XXCneqjDr7UWjeKU9sn54C,3.40932573,267.69,3.40932573,264.85
LM2k99BaFr2TRra8vFBFEiszvtjtYHqdjf,3.39957702,265.5,3.39957702,263.54
La3nz9N7pPg9ksmhBVwuU1ScGHDSra7u4d,3.05657692,267.11,3.05657692,263.43
LNPMJBii5QNa1c7RDhUJ9KAFMtUSizN8L3,3.36527259,262.96,3.36527259,262.96
LXfndN3igEeGY7qq7zipVmnbZJtQtDYqnU,2.60094275,265.52,2.60094275,262.78
LQrYT86GG2kzKbwaQoLGEWUhJdHm2YFA1s,3.556561,261.73,3.556561,261.73
LUc1CvW8xFJi2n8ngASAA3knrFqTva4sez,1.97778343,261.53,1.97778343,261.53
Lf5z9QqmtALQQXcuABX52FVxduekz3iciz,2.03497631,260.66,2.03497631,260.66
LXKDBxRAdn6LjoyXQbHQCewiXRM7zBKS4u,2.59715033,255.51,2.59715033,258.99
LiNgBD8YFm3mzjoLTgkqU73x2NZDnoFap7,2.56471618,260.21,2.56471618,258.47
LT3x9wjf8UfJ7Y8AAS6Fc7w7NXSWeaHfqX,2.5015603,257.04,2.5015603,257.04
LXSKoQ8mtRCZHzfqkWWrjhECfq4nMezgRg,2.51930698,256.42,2.51930698,256.42
LRjgLtRHK94fsLdXtE4eRPeD5Z8K5ztXAo,3.63161536,266.01,3.63161536,256.38
LatzTnpeGZ3pRiGHa9Bv83EXKRL55im7i2,3.8958368,250.58,3.8958368,255.53
LiTW6ihUT9TJM21LuZYrTKVHrG3z9dsEQU,2.35751516,291.19,2.35751516,255.37
LZSyNk6C3yQiTGAEWnRPXPNnakX5biXAma,3.8488816,253.6,3.8488816,254.42
LTWZbYyKeM1toEJC3cAaHQ8aW9GxWbT5UL,3.62747405,254.09,3.62747405,254.1
Lc4cFTkJR8hYjtJ6TcVkof8FVH6gTpgDQr,2.64087153,251.11,2.64087153,253.83
LMceGhkqSpksDBHFRJ79yWbGT1NLxnfHmU,2.59320961,240.7,2.59320961,252.19
LNykxnP2nU4S6K8bjDpVs7nWLJrnsiG7Mt,2.46508642,252.01,2.46508642,252.01
LPqrf4qE5uFBuJYt43XaQdFiYe9a8RgG3v,2.73856757,248.51,2.73856757,251.9
Lddd34H8Wf9nFBg4WMNxqGm9NNYfVCWAkd,2.63004922,250.52,2.63004922,251.9
LiNFziZstGSFwaHJq2iiZu3eunSRsrKDMB,2.9907688,251.1,2.9907688,251.04
LQjassWmBZkn7bgi2AsJwUeEe5LYt4huHX,2.77493542,248.72,2.77493542,250.8
LfjXB2y4cKtNJcj7r2WEZRFaBSF5Nj5RjH,2.43766864,235.26,2.43766864,249.02
LTLJGJBfpvS15Zk7AoMiks9cKN9DkRtgkW,1.87941646,237.13,1.87941646,248.01
LKcdDdwRF29hEr4ePLB6pC7o2n1QDR1pJK,1.91953263,245.68,1.91953263,247.26
Lbi8kMgHCmn6JR2GWj9F7hPSHXc1aTG2jc,3.77308177,245.18,3.77308177,247.19
LhvrH9AcRxXW12BZ5yuUWSxtgPMXxWwhfi,1.92485371,251.81,1.92485371,246.57
LRC5HUN83fAyhjv2AKGKKnAhmKRRFxJHkX,3.6709764,243.53,3.6709764,246.1
LaSEdnvgd5fxfCtgbS5mZw89vwz7FmQ6iW,2.76473391,250.53,2.76473391,245.62
Lfc1nCUqReBcbBUusT54hfAuxUC4UkeVbi,3.26420658,246.63,3.26420658,245.3
Lgyry7JfHbfYnewc3ANwWrEUpcbW34X4om,2.0735669,248.24,2.0735669,244.68
Le6TT17XfHTGdKmhURpK686V7p2JvAWd4K,3.17251157,244.99,3.17251157,244.35
LQCsH8Ujn1DmN1STsLTps6eqF35meEw7tZ,2.335362,239.15,2.335362,243.02
LRGexAiEQWeeY6TdQkRndpAbiZ7DNkAYKG,3.41673072,243.61,3.41673072,242.63
LfiwkC3QvjiXY8tcWM6RiKj6VjQupjSsXg,2.39277581,237.75,2.39277581,242.56
LM3cbAsmX7AnJPqLcQRME98fVfPQWeAGf9,3.39650693,241.15,3.39650693,242.39
LQcZArbDy3w1w6s69A4o7fKZr7ahSvH7Vo,3.25237931,242.08,3.25237931,242.08
LTikJX1bSuAB15MDDTw7X4yhxYSfsASmDn,2.70503389,232.12,2.70503389,241.75
LT2KgDGrR5t9kqAmuygN6HcV1nMZ8gF9CF,2.53796434,241.58,2.53796434,241.58
LXh2scWQw52don2G14qxbLCtzPkhdZWZee,2.02425096,233.65,2.02425096,241.3
LPf4Qq93rFRaEswncHGRpqgUhViEnJeXg5,2.24545778,239.68,2.24545778,240.5
LfWUv7fhv1sMwgRdBnsJTF7CzLQSkLH7Lo,2.77081583,241.12,2.77081583,240.36
LMbYaohG5xbex23KSqeZNaFMjY3VferRKr,3.33391287,239.79,3.33391287,240.3
LiDQHr6JFgdPpfauhNF2JPBmimk5W59isf,2.22143175,236.31,2.22143175,239.06
LRw52UjGZgCMcHMxheuGc5PNPi8vgbnPu5,2.02370995,246.08,2.02370995,238.91
LWqsbz5KDVLrkm6LZQFDVDtnUQficJKqNj,2.28576864,258.87,2.28576864,238.9
LMHieWA4DNdwFQRytaNY7FdrdJZY71y4Co,3.03110216,236.83,3.03110216,238.41
LZXVHMwmaKsPjhmLidZg1pN5kLPa82gufR,3.38358344,237.74,3.38358344,237.76
LRMDjJXVwMf8HFS6EYWEYpYVD6iT9ySppz,3.24960225,237.58,3.24960225,237.58
LStqAyQmD6Ejm8CZde8hAn3jc4PZqRb7eY,3.483667,236.71,3.483667,237.04
Lanu877kLzWsGpUDrohieP81wutrryXhNA,2.87725409,216.94,2.87725409,237.0
LggSJBfigCk4ZsKTfsqfva9XNv8mGhvVbk,3.5216735,236.06,3.5216735,236.06
Lg1tX9ZPc1yfMiicq6eUxdaTFgx9YfQnDa,2.28894581,239.79,2.28894581,235.19
LQtNSLMS5qRtLDjn2BTYg4d467NowLkHCq,3.36004701,230.06,3.36004701,234.47
Ldf1qaEA4aV2Mnf9gurn1rTQE14rRbigWm,3.5975728,236.32,3.5975728,234.06
LQjyET5fPkWF4565vfQV7dL2QUdmQVWygZ,2.408478,233.49,2.408478,233.66
LKxK9VSeKLrmgXcpq6D53nhvqftF4xLWxT,3.5958634,228.16,3.5958634,233.55
LKPbYbquu9PzT9UcF9gk6PWnxfUXBZn3oE,3.19857038,227.43,3.19857038,233.21
LVHQBkXpcKCegep1rnRwJPPkMDzJCDiQVH,2.18179877,229.54,2.18179877,232.98
LPF9kjhZ3n9e5AbWGev5kePQSgcyxAmr9j,2.754073,233.5,2.754073,232.85
LgdyCASHe5mLs2U5rRScoma99h6vRUUPYB,2.41973179,230.52,2.41973179,232.58
LVH42m9JqkSPCRELqxTZBSNUAAmaAgwdfD,2.73387199,224.68,2.73387199,232.5
LXH4Ly6JDQzkBZdtPMRU6SXyRrfWfgxWa8,1.72287393,231.27,1.72287393,232.43
LQ691TxRwVg9dtCzQS1aJ1Gxzj97nxYKXK,1.8617228,229.33,1.8617228,232.39
Lf5XadpHtUtTv3oYdChbGeNSAfxMbauYB6,2.55762771,226.03,2.55762771,232.06
LWqvci8BtHqCK57jSK6H3tcAuZph9GCVaC,2.0999,231.89,2.0999,231.89
LeXqZ3xQXkkZNWsurxAKJJGTYsaSuRuqwb,3.0735,232.48,3.0735,231.37
LMGdDt4xFP21Ako4r9HXjTWw7Fc7VWLETm,2.63437594,225.38,2.63437594,231.36
LdUHDj6NW2TMbXtDp7HrmBw4bh4hHqeL72,2.24734999,229.42,2.24734999,230.95
LhTDC7YMd3QF9epEpyqPxYdDi6BJimUtu6,2.18214616,231.48,2.18214616,230.76
LbgdzP3DNLx8Zx7rLK7trLjQBEbMX4wSgq,2.17999887,231.55,2.17999887,230.62
LMQMpBFaEjrZKTz9gzm7qbs5WGyv9xW97z,3.51585909,235.04,3.51585909,230.5
LZp5r74YSfRcnwjvPxMVYzCSav8pXphVDQ,2.20948032,232.93,2.20948032,229.46
LZaVWWRHYZ5TXJHNmeNwN1d767SqUGJErW,3.18388703,230.94,3.18388703,229.12
LXZAPHtME3SRMWWwNeWuYeTt9ae35PK5Ho,2.33148511,231.43,2.33148511,228.94
LbzvyqjqWXPUcCmDWCRh2rJ5tEeWXMovx5,1.68080966,226.64,1.68080966,228.49
LeJ37q5e4hzveNfuvNYHCRB9ZWsKFwfWQk,2.21094245,229.47,2.21094245,228.27
LW7UTSCiEwCxghKiD2MA3wf4aKUb5rBA2R,2.04760561,215.29,2.04760561,227.73
LUayWN3d2vwFEwzput49XpzJ6JKuD2NJ7c,2.51860674,232.13,2.51860674,227.5
LVXbNYxpyvGDbZzrM2xAphCUrbScdFjVMv,2.09823638,245.23,2.09823638,227.28
LPZe7aJSSR6geq9c7jeYFMCKFkiRLbUfKn,2.59176424,245.26,2.59176424,226.75
LLnxsGdQSB43FEUMTsphktYTR5iANBnjB6,2.120477,204.86,2.120477,225.43
LboY1VfmcA7qwvtMNxxifjamFXGq3tmJpe,2.33447065,226.08,2.33447065,224.59
LRrzDWqfD3afYCY8eEWPfoZcdFFZzriZ8F,2.02178757,218.87,2.02178757,224.29
LMcJ6a2BeToRPTEQv9WpE7C19cK8WkLC8Y,2.17324032,224.31,2.17324032,224.13
LQeY2sQVZXNmiKUeNptx1AZ1D45QhAofBR,2.52643505,221.24,2.52643505,224.01
LffdQM81Ju6YPHLW3xAZXNm4qiLx1g7reE,1.88822859,224.82,1.88822859,223.8
LPK2Q2RXnqRkknvJVxMuhdg8PW4BNkxbbM,2.63315787,227.75,2.63315787,223.76
LR5fHh1HAKMt7BaBWtvjCZ9RDLKamDWS7q,2.034863,220.46,2.034863,223.47
Lgr8hxB69eEvz5BFmrWTAiiHRZyYjU9ZwB,2.76345678,231.57,2.76345678,223.25
LgJyDZQr542JcoLYdvdXbmGvYtJVWyULca,2.49980517,223.19,2.49980517,223.11
LhJBd5sU3GmtJPUmfgjYxp6pKkGFY8eNXG,2.54248293,211.48,2.54248293,222.74
LQnsX7r9w2spgajVGzTqda31jCT9kQUQ2A,2.20544629,223.75,2.20544629,221.82
LWsckUEFbKqmsDGBo83WxMDiQ269ZrV2vg,2.24092421,222.32,2.24092421,221.78
LVGMSwMnrEoEhHFCWxSVBzFTLLkXQ1F3vz,1.84360613,216.25,1.84360613,219.81
LW3qTs6KQqCmcsriocAcDFpbB7Gq51Bau4,2.90172837,219.66,2.90172837,219.66
LdmaSqPZQ5Bzn5cLNtFHSSooHETWne2Dpu,3.349324,217.11,3.349324,219.31
LgxhQYZuKwxqptEJ5H9WTRaB9pQcuLFUYn,2.07533946,224.16,2.07533946,219.09
LYfPkEFJm75q3w9wwg5tkS6dzgxS8BCK3J,3.1208,218.84,3.1208,218.84
LLU3wc5vRuzoLMJqB1kCpGDCh5MnRKaJTd,1.96600973,215.1,1.96600973,218.76
LUX59dBU4fJtnS8BMD6NNgULoD9LjgcFMd,2.39731713,228.53,2.39731713,218.74
LLjUEjooF74RBASA493TdaxMJn48o5mh6F,2.15741823,218.15,2.15741823,218.15
LaoRCmf2dvK29436NeZoRhoaZz5vE5Vcia,2.4653399,220.92,2.4653399,217.03
LZCNMSVdWTz2xGs1LEATwBcEmKbcuYYTKQ,1.87221847,206.14,1.87221847,216.76
Lc6pBPRF4nX4cyh9rjhnN3zToLkLUvKftK,2.501096,212.21,2.501096,216.32
LfshhKZQDuWeKV7nqJkcAhixiA11NYd7Lz,2.13097038,214.7,2.13097038,214.7
LQgmC54tb5knvB47cc3VPVZYkLn6tBUVBs,2.24400612,214.39,2.24400612,214.68
LPkxmcgUixdk5oJ41t5PDDWNPw6gPQYxzW,3.07603916,211.83,3.07603916,214.56
LSGrMxvtt46uLcVbMPKXT9RGsjiwLeJDoL,2.0278631,203.98,2.0278631,214.22
LPoFraH6YrYwW8633pb6iZh3yKBLF4qMLi,1.89749506,215.31,1.89749506,214.12
Lc1tbUJbh7GPL7ZQFCE9zGLG7yZiYtbZSf,2.63522115,208.26,2.63522115,213.8
LgbW9qWWmoGHWguKviQtcLQsdfGDVDFq7F,3.05723948,214.88,3.05723948,213.71
LLTzFVAMuRmyx7666ZmufeRWNkwbHxLrPi,1.90718835,215.77,1.90718835,213.54
Lc65MYJZDJ4EU1q3W5wUQkGG5Q6csiCorj,1.90823548,211.23,1.90823548,213.18
LahLWgNVHUv9g9fHpjmDJ8JguH63uzK7FX,2.15010543,208.11,2.15010543,212.53
LfVwYjojn8xMZRrLddEoEGhqNzUbCyP3Ek,2.2115142,208.47,2.2115142,212.44
La23AQsUdhDKDJbk9LxEkA7afVYdiMJhYt,2.5748756,212.09,2.5748756,212.09
LcPciaaQMHFy18Q1DjmBoVBKuFb2QZ7iEY,3.09745303,212.08,3.09745303,212.08
LUJdNzmtL62QN5qjej7tdBtv9gEkFjTuhm,2.83356383,210.7,2.83356383,212.05
LRgTK37JSH2uhA1gXnXWzP8BnxYgt1ZFB7,2.15248004,208.81,2.15248004,211.89
LLDBknmTPLjuu3snfQJ4an6KTAQi4w6Ntc,1.96724926,211.88,1.96724926,211.88
LMv1m9smQci8Z2KLXCvgJpuMEohzQ9oQxj,1.876302,214.11,1.876302,211.25
LScECZFSXgeRJqqPjf3Qysb6qSPhR9iW7h,2.63029496,207.99,2.63029496,211.05
LYucp8VHS74V2J97jh4eEhBucHw3v2BcJD,2.54735877,203.32,2.54735877,210.99
LL8wiecurdmULC3AxC1aL2U15L1zda5zrV,2.41472385,207.28,2.41472385,210.69
Lc3YGuSS49XpgG5r8AFNnh7RutTHyNCyhM,1.8185962,205.77,1.8185962,209.79
LhEpRRo6Yc9GFgAE6Na7VcZ6wzKYWoSknY,2.53122329,209.04,2.53122329,209.08
LWxBLkPmKDmzjaVzoChCVo5L7KJ6Jz3cVw,1.67549746,208.5,1.67549746,208.5
LcHBkKosENZ1gjwAdJRN5FVMWs9TqoSpMb,2.64595301,206.06,2.64595301,207.89
LZMEYGjMhZBFqtJQBZjWVyhkGfVEAtCenj,2.5584,204.11,2.5584,207.52
Lhcn7PVQUTQtfd1o5jFFtezKxPvxDrBXNv,3.012316,204.62,3.012316,207.03
LR8BmDWoeeto6qnbnywjtmKDuCn236ayce,2.26300807,205.37,2.26300807,205.91
LL23BSz9WHojsxruBsjkTnXpZnWjg28mpV,2.92123934,204.15,2.92123934,205.67
LeyNbu9SnR3w129FRaMtKtUmKzWjwSWXwT,2.19692398,204.73,2.19692398,205.54
LejfRopdLarXy7t55CGXBbpYboWSAywBtk,2.30396405,205.44,2.30396405,205.27
LgzHhDtXXrhk942CU2zfdro57bT7iERzPR,2.15759783,204.65,2.15759783,204.8
LPyxrphYg8GmowteosRDNc6z5vAMTxsrHK,2.57579377,206.59,2.57579377,204.8
LYi3LEB2FosFNsZFcdVP174wkTfzN8sHXj,2.29604354,206.49,2.29604354,204.65
LcGatcP6RewWWAn6YSvcGRmgRACASr84qG,2.5,202.31,2.5,203.81
LLFW3BTUyBHtCjsjKyKcARhSLWngV76ZFg,2.0953187,194.49,2.0953187,203.77
LYXvCFoqimPXET3fMcE5uQoP6YowqgSLkf,2.62476169,203.47,2.62476169,203.47
LhSVyuiehZQbtRVxiHaKiSkj1xHkJL1cu8,1.87164886,206.95,1.87164886,202.92
LcJmLL6C1acgehRknk1jwNLAXfpUzW9e1G,2.58074243,198.28,2.58074243,202.35
LM8tPZXJjFY6GbeV7nLK6BkT41osRvKwSK,1.94276292,202.66,1.94276292,202.11
LQDsJxFdvWVHXC8Kp9xzdAvZe3KTBeNLpf,1.67172382,201.35,1.67172382,202.09
La3yhk32NvHsVx9jP8NnbCAJbpE9V4g7PL,3.07290466,199.03,3.07290466,201.86
LfEp73e39ZmPNE7nFG5Jdr1twRHhrBHQFq,1.9251096,198.5,1.9251096,201.54
LKY3sj79iQ7Ez7RRWjP8ii8NBEMpggmzBk,2.77594902,200.73,2.77594902,200.73
LQJrna8Z4ZTbUKkGc4nHkEbF5ioC829vFV,1.98146311,203.05,1.98146311,200.14
LgsxbbtnzSAmxmGbETxwUpa7s3seXXZcn6,1.97360952,196.1,1.97360952,200.06
Ld1TasrHo3wwPcLyjCVN4HjH98huk1RWb2,2.26377389,200.92,2.26377389,199.71
LZKEWzgR3H23GjbMdEm641iiPcoWQAkEzR,2.00675254,202.18,2.00675254,199.47
LcT6UsxV9BiG3Dosvd4kdDH3TrQT4D87WD,1.47788161,197.58,1.47788161,199.39
LYYn9qKKxow8FYr3XCRmudaTMuvAxDNj6w,2.6163,199.34,2.6163,199.34
LgV51RD1xkKJzjbF9Hv3H7BYWypxaF6Acf,1.84177705,199.73,1.84177705,199.07
LSKcxMSm6JbgVtWX9gJ3bC5NGMtwH4gd1B,2.20405205,203.81,2.20405205,198.85
LVd77VkzWmMdWfGveYU5e4zNCqWLkfEiAw,2.17205557,198.7,2.17205557,198.7
LR9vXDjXWtLqwwgB7uMPnLRwp2zXM5RmMG,2.90667613,199.74,2.90667613,198.66
LY3XXFB1TaPp3RwctJKim1PHFwApNyPnrR,2.30049374,198.73,2.30049374,197.58
LcAKNxkWDsjLsf2oe1HX1N5KTzGvoaoPzC,2.31724167,197.56,2.31724167,197.1
LaAuwehv4Jax92u4P4xeEL6Rid1nsZspvF,2.93222436,194.41,2.93222436,196.55
LdDApb5U1cATb5pzboFJJrx1ZspU8SVaoG,3.02242552,196.31,3.02242552,196.31
LSSYMv3j5kp8kLNWtc1uP74ZmuZCxSVcKR,1.76406521,185.47,1.76406521,196.2
LQ4W42VE9NFSXXNQmU8u9MLtueaqUvjFSC,2.98604677,195.72,2.98604677,196.11
LdrTTchHQpjc5w8aqtEd7Q2egb3hoVX4bA,2.73458633,194.16,2.73458633,195.41
Lctgqfc1dYH3pW8yoQWyE9UykP9zfihcsn,1.96384858,192.25,1.96384858,195.41
LQi2xCJppiyJSr8dUJ8TXDaUArWkN1m197,2.2922,199.97,2.2922,195.37
LcHCz7kMwsQsxXbiNtSW3V9NPmjYnSk6Ty,3.0239,195.31,3.0239,195.31
LZAr2yGAbmFJLed1xrPVMNqqJy3PcJygKz,2.97120876,192.98,2.97120876,195.0
LgHTC6rdJ8PkT5vFFgk8vHTMpVt5ZRcyvX,1.53876165,194.84,1.53876165,194.84
LbhRVodGYzNKTipy9D8cNzhHAsR9F5dgMG,2.54392896,194.81,2.54392896,194.81
LhEraFAFbzWC1MjpGNFSUZY1ufeHcoHk6J,2.45898697,198.27,2.45898697,194.72
LRSuss9MUjjqMcRe8VBgrZPYzvo1cSCNUo,2.88453022,194.64,2.88453022,194.64
LiCixPiij6y7K9P65Q82FZGKAmBqdxnKTZ,1.80643316,197.58,1.80643316,194.49
LaghRj6jjPWQ7D6XqrCa9Cdo3bHjntwgPY,1.93895546,201.99,1.93895546,194.07
LNw8RFkaoP9s2ZamcDyBYzJTd5x4vfNRi3,1.6843,191.07,1.6843,193.29
LSY83xMwMsd8XK5iBwRfwLhZiSDh4sJ2vZ,2.56088647,201.28,2.56088647,193.14
LgXbiugFNUGyTcXwp43JH5whyyhkheGvPM,1.68317307,193.97,1.68317307,193.12
LSTTvS9E6awC214UvpBiCJU3jcUrnzfmSY,1.85866514,191.29,1.85866514,192.82
LajHFbAkP2nK5GN5CapxK8HUJAj3PcuXjR,2.03169862,191.87,2.03169862,192.59
LdwtdEzk176t4ybVJUWGwABAJeuGKYS6dy,2.79257444,198.78,2.79257444,192.21
LYdDehAeH8FKDPy44zyG23Bhy2ydxmw41t,2.7442813,192.18,2.7442813,192.21
LRLi5D4i9Afzei1quBaiydiw4vAJT6r2Gu,1.62989587,194.0,1.62989587,192.08
LaB5PegwZP4KGmGiVr8mN77pV2mJsxeLht,2.68751836,191.67,2.68751836,192.05
LZMwW34BdQHcZCdawDqMLzEGhGVbeYEJpB,1.62317886,190.06,1.62317886,191.4
LTsLYk56JwE3B5tcYzUke8uSmaX9CqD9TM,2.35194321,188.46,2.35194321,191.01
LVMpcae2pgDL3dFyH6A7MqrYoCnkoPyeF5,1.86709102,196.08,1.86709102,190.84
LNNCwzXoKcXDew84f7Pp4Hc8g58tpVF42S,2.7102,187.9,2.7102,190.45
LcTQdhC61V5FHLY97Q8xfjdfG25BfYf7Gw,1.88794426,188.55,1.88794426,190.16
LTY2PhaK8gcHtkzyPtE5a84ZPXBgT33uaM,1.9037775,216.19,1.9037775,190.01
LhxYzJonAvqgk6osv78exWApLRmzmJjNsv,2.19,188.34,2.19,189.56
LUnNX12xzXHi5WHeorzazZiAjrbK7oT5MA,1.60354742,206.96,1.60354742,189.39
LdpaZUSZftYbNUVPCtHfCHr2bYMxeRTBAj,2.45076504,190.01,2.45076504,189.3
LMZvXq9wNMYr5NNBYJCC6jARjqboQMV8Pz,1.91985456,193.93,1.91985456,189.18
LTwLvp3fceCu9FxAjFSb6ttXvRf2fiiDJn,1.9887,190.11,1.9887,188.98
LLV2wWk7Jj2tjg4mbeG9DXR4GRtdqsFVcm,1.78510721,196.04,1.78510721,188.71
LQF83nzct5jhjSdQK2XAj8jEvMEnYTZs8S,2.23668593,191.63,2.23668593,188.62
LVd6cy46qTAQsixSrUCMSUeSYrjoibdyzb,2.09475616,188.45,2.09475616,188.45
LbopbnikeVoA7sRRtHwWZF5dWaNowbRijK,2.67571559,186.84,2.67571559,188.02
LXfkdKXnFehJsTYiCELGbG9Mb7brf8qiLg,1.78659538,188.0,1.78659538,188.0
LPx7MsQikRJrz4VxGGzGJAxs1KTNqEiA1T,1.72927988,189.95,1.72927988,186.6
LbiR3TufBQpzV163BcyC8ty8ivn76Qy85a,2.04900808,188.96,2.04900808,186.32
LcPFwuq6vgfx1YmP5i99fiRhZC3cMuyxJg,1.79561532,184.82,1.79561532,185.83
LV94mw9fH7E1wJsGh3Qn6AvLH89tXmYh4Z,1.78974701,186.8,1.78974701,185.7
LLCfpi4FUKvZHrRtK2yceJkmb6hDgGFeZt,1.62876535,185.68,1.62876535,185.68
LiW6oY5uCE7ngmgrzgJueywXBGz2VQidma,2.61805618,195.36,2.61805618,185.28
LYAdW434Q5RegcjR9XEraurAqeJmCLn6d8,1.91046329,185.16,1.91046329,185.16
LcD6Mok3gkDoodEYMRp7FVseduAhduutZ6,1.80480841,184.92,1.80480841,185.04
LTsV7huyCyKrLN3WsKUr7Lbr7wHg8eWaQQ,2.07689416,178.79,2.07689416,184.8
Lgkj2yK13kt1U3dC6ULTPS5w7unZQdHoxA,1.95325215,184.28,1.95325215,184.79
LRcdzimfsRDUEPUNXHzE89nn6wMNnqEFSz,1.75906066,183.61,1.75906066,184.21
LYQJuLhfozqUgc2Wr1hPcP8CZr2TrmmuoK,1.99181584,182.02,1.99181584,183.51
LKjJJz8qNjeVXtYszuNhCwCoqKCCqBWGEx,2.59706083,180.72,2.59706083,183.4
LMnowm4n665KwpGvHB1SrW4nndwwmpwUsE,2.60094097,183.43,2.60094097,182.67
LPW1JWHTEDjqRaNLzmhHdd4kyJN7YYVZ3s,1.89571503,186.43,1.89571503,182.39
LU7H548JEvxLV4HZc7tvTUmM9KHFURay2a,1.67587749,193.78,1.67587749,182.24
Lg7AzxvFdsk6t6LUXcm4tzQjoZ4B4L2txU,1.48529342,181.35,1.48529342,182.2
LWZCSHrk93eFqCjiiBRWi53YRx5rg4sJiN,2.71818882,182.3,2.71818882,182.07
Lamvd5AD6BKfMBfEYSsVSVEPB8i6v1fuhE,2.26176345,180.52,2.26176345,181.08
LVJcYZ5N8AcmZ2BDgGz32v3VWVtE6LzYi9,1.66921335,209.65,1.66921335,180.81
Lhqq2cJgpvn7Ge5HdH7WZh8x31RPi9wVQ5,2.8099,181.49,2.8099,180.73
LYe2DL7iybFYV6eypedULWYFXVrVwui4nD,1.58308977,187.79,1.58308977,180.32
LemzFMyRZJw6hyRQckJ1wVLcAVTjutQmR4,1.6888603,173.83,1.6888603,180.3
LSH1QZQNjVnLuUMG7cPdSbhcbrfc8xkWP2,1.68784561,180.02,1.68784561,179.72
LT8bMyasRX4Lq9obBwFGvMssU5QF5yJ9nC,2.73813935,181.02,2.73813935,179.56
LXueVVHEtAqC7APkTHgNdcwYtPYb5xRYmW,2.15716009,176.97,2.15716009,179.49
LfwSCuYB8LQcrq4LcuTjJ1p5JdFmk6yMQR,2.05773867,177.56,2.05773867,179.15
LdzVYQWZcaibNiwnqFXaJwHUZ6fJUG69jy,2.023,178.4,2.023,178.73
LXyfhKWwEAD1aY3EvgjDExeQ7PS2W7KDk7,2.5944,179.15,2.5944,178.48
LVy4UHgQZvCSQjQuxmmBSAiKYAE8kHv3JE,2.716823,178.28,2.716823,178.46
LKqLMdHHCUh6qpWSNg26VaiK5JjWWYCasH,2.25249132,175.53,2.25249132,178.4
LQfZ3jXVvNYLK9yF9qWUykuLJrmSvHKBpt,2.5698,176.72,2.5698,178.27
LgRWruz6k7nSkQk2XPEAd12utNEwW1XJLS,1.60729966,177.94,1.60729966,178.13
LYBduSNdugMLVac6RYHhrFD7qedmcRKaqY,1.5905834,177.55,1.5905834,177.72
LNqPq4tNY2RXGXzM9Fw2YzigebiEeBPRRD,1.8016698,184.4,1.8016698,177.25
LWSquhAkJpEceJG9WReUqycK9DsKCPbCCP,2.19914,174.98,2.19914,176.92
LX1252PwaDrYhPoqPiNTBXKrUpL598r3dS,1.62950426,169.92,1.62950426,176.88
LYGRn2kG3pU9Ys6M57WjoWUXjHqGGMLZnq,1.98611171,176.88,1.98611171,176.21
La7ChaiXCW4TFmm3QKsqCHytDo8Fe8Cpj5,2.39237697,192.08,2.39237697,176.03
LKqavppPEoRjHgKKW7SFw8643JX7dbpwNZ,1.38941839,184.69,1.38941839,175.99
LQ3kunyMv5cM2YdZfXyFJCtU5disaezU3s,1.73672495,174.67,1.73672495,175.65
LNuzPUZCTgF3dk6UCCykT8ndoHKNGxPN1T,1.9445,175.43,1.9445,175.43
LPvQEQcvqM1Rxs5wD8GQ4keZQxrSEojTem,2.53023056,175.09,2.53023056,175.09
LXWWCGtSu12D7CajXPTjQm61raF6R6xrHv,1.83445386,151.1,1.83445386,175.08
LexwD7sBAPQhG2irYSNrowa8mbYY27NEzB,1.49993424,174.6,1.49993424,174.93
LYdtoCQr3qF99X7nszq2XJvQi8rRdEJYGx,2.25697825,174.47,2.25697825,174.86
LWgqoYtAyfsaQv91N52johB9mK72cYNNMH,1.89172235,175.31,1.89172235,174.28
LewkWkd5wHZtPxfLLvKkFpJygRkitzNHVD,2.47326935,173.62,2.47326935,174.1
LaxwSEZsfEZ84a5M6JstCBS3MAqxMCNaWu,1.50017912,171.79,1.50017912,173.38
LUYEVJfrpf1RaxMx4AMJNDrFGfz7jLbBJQ,1.55647961,163.65,1.55647961,173.11
LMJL2ccC3vr9284k27LFUyrNvU2AxL6x34,2.43467396,173.11,2.43467396,173.11
LYsLKrankSo5h2D9UfLssmPP3Hcpqx1u8f,2.01229953,173.04,2.01229953,173.04
LeaddLHBTdsC8rdVmbehH4eqJXdrvc3nWW,1.90534616,171.0,1.90534616,172.65
LKjHK4K1VRGR4wHqmcosTGBdRGZsgQQXng,1.75313735,175.23,1.75313735,172.58
LPjm273V1jdXYonJNy4A1d4McyB1yw6UTE,1.97274535,170.63,1.97274535,172.07
LX38r7d3ickWPErrbpNLMewgX7ZtN88hE3,1.4295128,175.97,1.4295128,172.06
LesSnfjpxhGgN6ZxC2HAS33Ezecj8v7xFh,1.9542,169.35,1.9542,171.95
LSutfBdGhB8kVgiRCy1MRtC9YVzvNg6Rha,2.02973176,171.58,2.02973176,171.78
LdbZvKf4w79FWuiRmzCZ3sARGBetdbVXHd,1.47154011,173.52,1.47154011,171.76
LbJheTUi7cPTwxoZdYPWexyBb83pybPc67,2.59008418,169.31,2.59008418,171.47
LTncvdG4kXaEQEgDtrgyiNFQCJvbjRGPLg,2.35151309,176.13,2.35151309,171.19
LcGUtzG6djeL3Yy7EbBpR8xusUsYrsah5H,1.44765681,169.78,1.44765681,170.76
LgYLjKxCqvYVL8vH3nTche8JhLbACBJBs8,1.4462253,168.71,1.4462253,170.76
LcnHZHEK2QR9cW7PLnHw2T4VXPT8j6Kr21,1.418381,173.04,1.418381,170.74
LQrWnz598n4JWFSLkvyVbgqvWhKXCMqcXJ,2.04637278,170.69,2.04637278,170.69
LMjKvJvYzEm81vXWKdqyVULG17N7zSszjZ,2.13861653,170.04,2.13861653,170.04
LQPyrTjRwxzD3A2n5WpboAuaAgiiNxt8vt,2.34117953,168.47,2.34117953,169.79
LQXrEtMwQYR7W97qfbYiDmJh5hWwwDEiEn,1.5321,169.84,1.5321,168.95
LVxR2iNpDCA7ndqPPR8gmDFsRFrjLPiiNt,1.586,168.71,1.586,168.83
LUFVdnbwmi78hUDiacaUiVpmGN8ZEdWsa9,2.38595141,170.22,2.38595141,168.83
LejvAWkCdxchfx1SmM5caGuVZ7nJBcw8hV,1.27713165,167.18,1.27713165,168.56
Lgan51GB2FNKcXjMn4gM5bov6iNbVMzdmG,1.26,166.89,1.26,168.46
LYgPVCvpEtiGqEJtjPksHnjaDisVPfdrWD,1.90389895,177.04,1.90389895,168.2
LYctntoD1c8dK8goxcs32LPqoArTUij2aH,1.77628714,161.17,1.77628714,167.99
LTBVA4Y4fV91dpRNkZYfQcnbuGP8mEtxN6,1.76805255,167.26,1.76805255,167.75
LQtXxdfTqyEgzS7xCn4yhfjPXwvEdk7sDx,2.2777686,166.24,2.2777686,167.62
LLnAC7qCGsxcWZ6dNQYzfuJ3mXUUi8fmSv,1.6665707,164.92,1.6665707,167.44
LhNuE8PXkqLD15bzJWJpnSD2sKsrWkQACG,1.56834839,165.77,1.56834839,166.4
LQK26cdyhaJeQ8QiXEFbQWRVYpp3hyj6yL,1.4296162,167.79,1.4296162,166.34
LbcpzPbxqcMeP4edkgQ28ufbp1bw2gx2p8,1.48959051,166.13,1.48959051,166.13
LS3Ri2NRexGVG8rjYHsw7X3QBQURKUZKwW,1.54542772,161.04,1.54542772,165.89
Lei8R3GGKp7CY27QpA7ao4rXKRGZTvLwPF,2.5462764,161.56,2.5462764,165.38
LSZkNjLzGRaWBPCf7bPUCzAzqZZFFVu9Eu,2.1121742,163.99,2.1121742,165.09
LdtRktUyM2mCNozfyK1EC43UWFnB5aSD5Z,1.55113516,163.39,1.55113516,164.72
LY4kngm3f19baPommtrsutv452YnQkATPH,1.7997,165.78,1.7997,164.65
LNSD1nqRFiwZYjuzJrmbw8UH5YUsn1dL5B,1.63064776,169.89,1.63064776,164.53
LSrjP6ezYJyibQTMdZdsKQVvDyyRua8SDi,2.001696,163.9,2.001696,163.9
LhA3nHWz2Dzaim4992fMFQ4Zj3oMY2X93H,1.80760282,164.64,1.80760282,163.76
LLND8akt3s6nqAEeVHQUxfTEHkDRBh7z3r,1.91405145,163.57,1.91405145,163.57
LTa4jtieoMUsrWzg9CRQ46ehB2GaUm6sPk,1.59950489,163.53,1.59950489,163.53
LTjXyjN9nLxz6hWGFPmdfWhU3pwUqzQAHQ,1.50435795,175.48,1.50435795,162.84
LfWUbWuYfsdfJfuwcRsBA3jfjkHvxfpVcX,1.82492186,160.38,1.82492186,162.33
LgNq1RwFNFXAprkppG4WThRZgWetcmHmq1,1.57958926,162.24,1.57958926,162.24
Le1Ss7Wpxnhk21LXWKZGGcggru4RC665x7,1.93863442,157.96,1.93863442,161.66
LNtPQk6HqdVYhcvcHtkFEWyUvc25KFgFWA,2.34371683,166.83,2.34371683,161.32
LP82xgcVzHoCShU3B41NxbDFQFrQiqMXiX,2.36195723,161.26,2.36195723,161.17
LKPexKdesxTHK1UDE1PsigBXRAqPgBiSck,1.37678879,157.46,1.37678879,161.16
LfbyepjqjwoGWXQbUp955oZN7TJqucpNCU,1.8804,161.82,1.8804,160.03
Ldjz4XzZVaevQ8ZAAvTAM7ywNfQ4EGS2e3,1.49494636,158.66,1.49494636,159.82
LZmaivk81v4fKiHy3NpYVX6Qp6JF5EvMAZ,1.67445932,140.17,1.67445932,159.81
LMvkEbiGTc3mwBmaMbaVncZdapi8h7XNyc,1.8292626,159.86,1.8292626,159.58
Lg99A6o8ae88CpajLLfVDY5tNGdhu52rka,1.32646335,156.06,1.32646335,159.1
LWaEEnFXW575n25DGR3JWfudkH2F5yz8um,2.40548115,157.18,2.40548115,158.56
LaQ8eRFxdKzmZMLLRVP2QeC3xrzTqLvajR,1.53019051,156.98,1.53019051,158.16
LStYtnEPUQ4dV1fSAaUkc1P3GDaA7GvmKF,1.41604984,154.06,1.41604984,158.0
LT6CUwCskKVD83jdQ2rLMhqJa37EwT4GP9,1.80615778,155.72,1.80615778,157.49
LSEj7TrthQbQSHE5rmhsvzJKXBvkzjx2FH,2.00353848,156.04,2.00353848,157.25
LQWocHhQvfyyabt5eWyooNiyZquh6mi5Sb,1.50087487,157.44,1.50087487,157.24
LTjr2xeLXvVQMngmyQmJnQoYb74DJoCuHV,2.10755542,156.78,2.10755542,157.16
LRAqQ7BbnnJdqJo3WMus4EQKUQw9dUn291,1.73442101,156.87,1.73442101,156.87
LNzMYsFAWjmQt2DnBRYLM1LGRpKvdc3h8s,1.31327637,159.33,1.31327637,156.84
LcBdACsnMn9Tsx2arV7XyrkAdrNhL4f2L7,1.78481186,158.52,1.78481186,156.63
LTzXFRNhTukCMJMXBgD73sRXpmk8z9SJY9,1.76228592,154.92,1.76228592,156.6
LNHiXKiEbpjXbZLWy3dkcAqfAietY1f6ju,1.94048738,158.47,1.94048738,156.56
LWCyVs818K3GRRReykAeWDjxnL9xCYCFWU,1.540693,153.08,1.540693,156.18
LgKgT7eSS5QXPXnWQkajQa5WhtTxcuvYiU,1.49228591,156.0,1.49228591,156.0
LSih5nswcwHit4hpXt4bvBhVbsG4bi3d6J,1.76785535,161.76,1.76785535,155.73
LNpHs6qTmPxSsJpekqsrswhpeTFiF8tsSu,2.13162986,152.24,2.13162986,155.5
LWLMQUiVYpMx21y31E4UaxwTsiif7wL8SP,1.91382765,154.92,1.91382765,154.64
LQXUfzhLYnPYgNWa2WRyaUfG9T4WsP92Br,1.25701674,151.64,1.25701674,154.48
LbcjHzsYMKGceQh499PnMd7wCUmkQsb6Mv,2.36102023,156.37,2.36102023,154.33
LSzDdd2gsPhUGs8qVUue6y1BphxcnqDkK3,1.73775138,154.09,1.73775138,154.15
Lgu3d36PZ6KcshPgxxKH841Fan8tavjhpD,2.04682982,152.09,2.04682982,153.6
Lhu2htpReXzVw5iZBHCbNPLNB4NdSEn8NS,1.63482853,152.79,1.63482853,153.26
LTQYDSM8pL3TTTu9mCvpq5c6ixdjrJ2T7V,1.492,146.78,1.492,152.86
LU1QTQj67c5eaBXrU99Rhu3vcy4s8bHUmb,1.51025218,153.32,1.51025218,152.69
LdVoLCArh5vYWJ91JrnA4UQs7w7y22Htek,1.4989558,152.16,1.4989558,152.24
LMhYT1ff37q15jE1NMfXxYb1o7AiSJNLhQ,2.16170305,155.12,2.16170305,151.9
LMob1BgCCFcCLHeav1AgLLPSAYZuEmzNP9,1.3,157.35,1.3,151.87
LQWh2xqCcf9x9ip74srWH4f2CQqXorcxNf,1.28443739,151.56,1.28443739,151.56
LhEuhrPWhCHAuAi2Av7YoUAdiDjsbYdscd,1.921876,149.75,1.921876,151.14
LgpER7Fb7qSaGikaECzQQ4Y55scUWJrNNB,1.76324261,150.94,1.76324261,150.94
LUYaU96JHwEzu7rG5TY2uJ7Xhm9PY6tm2X,1.24027687,147.88,1.24027687,150.47
Le4YBmXFssg42Rr4dL5mznEArTu9vnyJFY,1.15776255,150.22,1.15776255,150.22
LWVwZordksbzHjDVewHDwdKYNMPydLrPNj,1.28404249,150.18,1.28404249,150.18
LPQu5baham3oE6ePQdLL6jViZzvWXTmmmB,1.65,149.87,1.65,149.87
LZJ2tjJdJooThWQaB4Ks5QJycPcG2bADqy,1.36165086,174.14,1.36165086,149.65
LPiiRftEtJH6qgRE4NHDbSfWAfsxq1FRws,1.69242839,149.82,1.69242839,149.64
LYd4BtJnz5phPpvN1rWowrf3Cdnu5dnznj,1.72860847,152.05,1.72860847,149.61
LSKreWMtZx3iqVnwPe4LfbV1MyXw28M2zN,1.18801168,149.36,1.18801168,149.36
LSurLytdZAAhvVsUSzYUE9XmB4WsxdYyf4,1.51659383,152.75,1.51659383,149.2
Lb5VzG3GNPhhbXb4xCTMZkiftN4pXJYM6T,1.27070074,144.47,1.27070074,149.18
LarAcRCPNsUBRys7U8pnC9kVLBvpB3Y185,1.79118789,149.15,1.79118789,149.15
LRigvmf85VZvf18zsfNoGjsYgQUVrsrKj2,1.76083233,150.2,1.76083233,148.99
LS1e1DyfqqDTWZ1QxcsKUja5oriuchVjas,2.10224172,148.99,2.10224172,148.99
LfAKvruw9wsA78Xxr4uLhy1zAE6EXSnKDP,2.29377417,145.54,2.29377417,148.98
LTa4jHaXLCSXJetGBqEFWfimh65CJx6bLJ,1.94419646,147.69,1.94419646,148.97
LNDj6MP5FU6P4mhyKRkFMTaKLTbGeqKoyi,1.43853401,148.82,1.43853401,148.82
LLUFPVU5tBubhSW1HyX5Ee4rnVPk9QmGeX,1.64992188,150.76,1.64992188,148.72
LU6fSpT6G5RcuM5p2h2QBzMAzJDTjGDVpw,1.51684933,148.39,1.51684933,148.39
LhKUYZi8EJcyFJdanC8UtUY4jmSqM2oxXi,1.15,145.97,1.15,148.35
Laz9e4Ni12oXkgoPc3mpLoKvzq1dUv2zgq,1.84568967,147.55,1.84568967,148.26
LKLJ6JzWyRgY5dK2qCc7amsJUHhCsJf7vK,1.46919016,146.04,1.46919016,148.05
LWkedBDEaS9r99PiXy7XCDEL9fB63vMyq8,2.04153009,147.82,2.04153009,147.82
LVCJG9bZxqdqmuRZT9D4kSChELFwVQKKrt,1.5596641,149.58,1.5596641,147.7
LWAKxLiwNNiMW7Gnj1EmjDUTv27BSjt9Xw,1.449,149.8,1.449,147.31
Li6ozJwaGikNRiWqj6Fyypqjj5vEpSdhch,1.4947484,147.05,1.4947484,147.05
Li5CDfvYktjd6sfCpyDXNNoZfB7hJiSE2u,1.46109453,142.87,1.46109453,146.32
LdMtu4iMkbceBJB18FfkJJG1niNHhu4qPa,1.43386402,147.27,1.43386402,145.9
LiY2H4ooUshboF4Bgp8JvT6dhqL56YVN85,1.4082194,144.57,1.4082194,145.84
LcyWJm6grnojTHyJqQVfRNmmd6fFxaTptw,2.24515145,144.85,2.24515145,145.82
LKTdBhNBEZ7gAhRtZYbLGeHsYJKBFHtWXG,2.07444453,143.82,2.07444453,145.77
LQRQMJdCN4c7vpB7vzogczhjhCzS4brqiv,1.19906665,145.87,1.19906665,145.52
LNyFxruY1Xit9C7i3BrK5nb6N9rf1foTHb,1.8999,140.55,1.8999,145.49
LVmG7Ta9z8onivJLjKDgd3kbU7mLXGnfvx,1.40329925,143.03,1.40329925,145.46
LWMG7dXaowfnYMBcEDBYBUrSiyfXxmxjEg,1.3123686,146.17,1.3123686,145.32
LM8dALvVbcPfmETFiRoPNSJzNKmaBkfQGX,1.75814256,142.59,1.75814256,145.24
LXTjKGfwghSwJ6jh3Q4bVCcvMZM6GhUJR1,2.19231,145.39,2.19231,144.57
Lbh5J9rrWqn1XJDpsTtk85ukbGUx2hqgZq,1.71111379,152.53,1.71111379,144.48
LWSC5Y7EKKvd9b7KMa2b1mHN5WsWcDEoKt,1.31233666,150.26,1.31233666,144.48
LchifMQy9AFNL6iQfYVMy21kW5tHSYziiy,1.43009206,140.98,1.43009206,144.17
LM9Ze3xRCtNGkC4uEkz1eXnYxZPTdxWGZy,1.22072,154.92,1.22072,143.44
Lbk5fk7LqnodzbV6kY1G22LbiQyxENN6uj,1.27457388,143.43,1.27457388,143.43
LTPYoo7KcCMsZNq3Ww9fMwJcaoFkhs2fod,2.2199,145.83,2.2199,143.38
LKQyf6FKhjGRTfUny3orQfT12JiPnWwegC,1.438,141.66,1.438,142.94
LKwWCPBaC86TJFx5iKqmtYKvtuNQ9HgMZt,1.64599434,144.64,1.64599434,142.83
LYBBnQeMYyE344YU133qMXXAGwaQExzRk5,1.80283784,137.93,1.80283784,142.82
LPDsXa8AJiV4fJWpCRz4SexuwPdCkxDj7u,1.6005699,152.8,1.6005699,142.77
LZJo3nJZt67pNzrKq8XomAMNFunXYoXv6M,1.39347709,142.76,1.39347709,142.76
LckFoqzyRqbFyP7S6vPW8HG6tfiuEydJY2,1.59823811,143.58,1.59823811,142.67
LeNsBuym3U5LyLPXRDAZpyFP1ACJoiRkFM,1.38326097,140.86,1.38326097,142.59
LYXnSeUFkjpgjSLGfsc3pqZQSRrhr9397U,1.4158985,146.14,1.4158985,142.48
LgZR2czT8j8PVno8DH8AR83sRpMhwKNVfD,1.53457376,142.3,1.53457376,142.39
Lg563a8RfWrz9oDYa5oBr1dMicLvxv6Nfm,1.27735566,138.51,1.27735566,142.23
LTqETqiUerPN4oRjJRuiwYiS9q1Krseihw,1.50844583,142.85,1.50844583,141.98
LL9LAWP5K7nxeNz1befV9E224jr9HQjjaw,1.82116943,141.88,1.82116943,141.88
LW5K5okTzZY8CaBQgkFszoPzXCikpgC4hS,1.3645251,140.42,1.3645251,141.56
LU9Qmja3cjV3w4vw1xLA32MHiKFL3XYuPU,2.0648,140.1,2.0648,141.07
LiM693hsQd1b8KHzr4zr9XsXjAkvNxFXXU,2.19,140.86,2.19,140.86
LfDonbFdAaxxD2bJn3TfoEuc3ppYzmXAGs,1.65987466,140.3,1.65987466,140.61
LWh8J1CxjsYcionmFPmVK73hNnJpoHyMik,1.98232591,140.59,1.98232591,140.59
LbPAPB13Lta6YHRqeggwrpUyRTEB8HUEkS,1.62121022,141.77,1.62121022,140.32
LhiR86L8pWRK71HifYSL171sckkdNS3aKY,2.115782,137.42,2.115782,140.28
LR5YGaXmqbtPuhpqLNUkWWTJt7xHZVzy24,1.9813855,140.22,1.9813855,140.22
LZRjfG6GbKWHhaLWdnynZreaRuALi6uUGy,1.52245837,140.02,1.52245837,140.02
LcEzS3Ef3gVGbj1Qzpnbc6At2tR5zwRZwt,1.253285,139.42,1.253285,140.01
LQxNqKrgXifPAiVT2pcd3aEcfpMHMnxJhS,1.49981769,139.91,1.49981769,139.86
LZ7vPPE7RHmBPRr3LtNYxWDrjYbDZ5R9JS,1.34520696,143.85,1.34520696,139.74
LcbqSZ27Xi3mGbMZr44Mfk2GEy2cgq1aSq,1.64148773,138.44,1.64148773,139.1
La8aEJUMY1VCnPQ8fk46jxg6EHSKHcvCTN,1.30089085,138.88,1.30089085,138.88
LbeqAWeSarEYy6Mk8WVTuS3qFrxm4Tgvue,1.69741357,138.91,1.69741357,138.78
LZy8cUZesXCF4HbncFHg11bmDWxgyExXTy,1.7766722,143.26,1.7766722,138.32
LLv6kiCuMLAhvuf721XDC1AQTzEt65PYXx,1.89312805,134.18,1.89312805,138.28
LVasXR9def2RviFApvKSaG5GeAy8knQKu5,1.94724,139.5,1.94724,138.24
LWpspJAWfWtkF1yXhAzswz2Qd7CzFbQwJb,1.25261123,134.43,1.25261123,138.16
LP9Yq5nW4sasRyqYEojyfMcNcvEut2ZznR,1.32912893,135.88,1.32912893,138.15
LRttRNuTMASXwfohppazTzyH8MFEBGbPqQ,1.36520771,137.22,1.36520771,138.07
Le1u2NWkQBUWRFnaeA4aQZQb9RuHVTcrXg,1.05421331,138.0,1.05421331,138.0
LfAJQjnqBKNMvo9V59n7imM4jYWsjPsvk7,1.17583946,136.4,1.17583946,137.6
LczWqCF3YqUfVWXJxA7pv294qGQUTBBLzH,1.25208219,137.5,1.25208219,137.5
LPwnxeggoZ1Es6NVKzxe16NuxNjaXWwvjt,1.4127775,130.3,1.4127775,137.39
LdzRbMQXbZPKfTEaZFhRxZwgsfKVHrbNhr,1.71979056,130.75,1.71979056,136.93
LaHTfQN1JZzZtpnddpZ5Hzhjxri2LPDbU1,1.3623,141.55,1.3623,136.89
LTjw94cpDihQ9TMgZZ7Y7edVN8Jzxxoob2,1.27657646,136.75,1.27657646,136.75
LYmu9299G8oAU3o6tBqiPW4umJ48sizrA2,1.2928029,134.26,1.2928029,136.57
LfyTvfya3792ikviG8umTXV1dxfAR7s6Kc,1.91015552,136.41,1.91015552,136.41
LVZuNUNHSFvAW9F9faxVcNwaMg72YxBo5x,1.95681404,137.51,1.95681404,136.26
LbMQhBpUDUbFuZPTDnJV4KYHDnNZCXdCr5,1.36751482,132.83,1.36751482,136.13
LRk6V9q5RqpQRKpavdu74ngehocLY92uZV,1.38355768,141.61,1.38355768,136.11
LgQXbbQFAFqgjd9aQQi4u4SDHCYAYJuRUf,1.32809294,132.8,1.32809294,136.0
LRZVcNq7s9MWK7sxJ6upTXMeozj5fFR3i9,1.55642023,134.3,1.55642023,135.5
LQPQxAQa2wATwdStpRpusMBT6rVJDbUcTm,1.45204395,137.35,1.45204395,135.48
LaZZiCAGKawCbKdedDTQidqiCz2WUX1VZU,1.33480163,132.63,1.33480163,135.31
LfZmwgvzojF4SZU6cXqbkKHa2Hm4KWcmxz,2.042842,135.22,2.042842,135.22
Lfu9zKC3kh7ywtApdY4uWVitrk4W8icq7Q,1.55260226,136.19,1.55260226,135.04
LTedExDdWtRKRQvNRGjyCcSAfmAEsjPDqt,1.17655615,134.77,1.17655615,134.77
LeatRG3NqCeDYBFCzzh6whUn5PV3xtVXk8,1.63460363,123.25,1.63460363,134.64
LTTu8CX3SDpgVayD9xfmdQhJ5qx2vygAX9,1.67737414,133.26,1.67737414,133.98
LLt1sAL39fuVC9sLpVkVNu5n4HPJp7Gxhv,1.94493813,138.44,1.94493813,133.87
LUwfEKmYCr5o5j3Me38hgu8Sb8JaapsqEr,1.56480008,133.33,1.56480008,133.45
LatEyvteD6DYUe3RfL7Qe8NCUsZi3BKeWF,1.34120879,132.12,1.34120879,133.32
LeHXfYDr6UXe87xLUYzYodtoUNsdBxGyCs,1.90914992,129.85,1.90914992,132.32
LN5z6jotj6FBxJKEqCaNmqN7d9AQjF9mxm,1.62503218,131.45,1.62503218,132.23
LTsnGg5Y9s7w4XW6e9CcpipMpdTPRoxsMm,1.50054044,133.32,1.50054044,131.99
LKknUQUWSimsC9mnZCp1dKmUCZtPwVqUFL,1.94055115,131.86,1.94055115,131.86
LhCHiqBq1upNCJcVcMsirgJRPLzcsBcRmJ,1.66047075,128.3,1.66047075,131.8
LUXCuQjv8B5ZPSVThzfCoKgAPjKbcdddDe,2.00799798,132.2,2.00799798,131.16
LUAZdWEjLR36tuADcQYL8t7yHvqC5JUTdP,1.12336142,125.32,1.12336142,130.92
LaeyEa2bAeLXWMVPHkXKek7s2bG7DDGiLE,1.15399597,130.82,1.15399597,130.82
LTo3GGcZwoThAPzdEPCJ82iUwmkG4k53MU,1.83903129,130.76,1.83903129,130.76
LaLxzxyj4qaxqLtyMhEy1pmJKXgcuiE4DP,1.44556257,130.42,1.44556257,130.42
LfNBLPzL6o9Y1ydAm9A6c2YEZThy9dpcuN,0.96330484,129.93,0.96330484,129.93
LToF4rQ5kM1PbYrD7zgFLtmpkGUUt1ZvUw,0.97052534,129.91,0.97052534,129.91
LdwHpMGqGXm72Y5FTe7eaFSCXrM1Yr55vE,1.80949187,132.38,1.80949187,129.88
LLeEuk7sGtPqKYt3PtfG5FbTu8Eq4rFwGw,0.99911472,129.75,0.99911472,129.75
LdJs7LsCWZKdZfeCXaRRU1jbQPYpkRiQ3t,1.12852639,128.39,1.12852639,129.34
LTGoRy41aYmSRCoApVjDcLEHfoXFc67rfK,1.26250028,127.34,1.26250028,129.07
Lhq5aHdGfdrboqYh9774c18VqqTMt5v1Vz,1.133665,131.11,1.133665,129.01
LNtvhZgF9hXkP1xSQbz9dRA3uqt2KjycEv,1.5126185,128.92,1.5126185,128.92
LZ2iEP7xvZyd9exCusiAwHXksngL1YLd6F,1.22717274,129.07,1.22717274,128.91
Lcwy31Copnijeb4yNi6BKNTDfQHfr17uN7,1.0811,125.8,1.0811,128.75
LZTKXBSNgHehX5Du1XiQbVnEHAwSvdJzse,1.278625,134.1,1.278625,128.66
LUo2CYDbUmzPapfDpgprtCTHU9LjRuefz2,1.27058226,128.24,1.27058226,128.65
LXuhX4ZobVxF6jAA4xLap2VViRPYPYrp9H,1.9,128.62,1.9,128.62
LYBPiZYrTyaCvwvbGk4HXL6jzYFmjBSKVV,1.01269292,128.47,1.01269292,128.47
LYDoZ7im9aj3ow9dL1U1EeGjwXnhYbBnPj,1.63821838,128.81,1.63821838,128.34
LPWeYMjKPd7nSiG9hvTuhZajG6nf7hzxDu,1.35831901,128.26,1.35831901,128.26
LfUQHnrRQ36AJtbWhG17cRNudnbabupmph,1.81047793,132.51,1.81047793,128.16
LeXYrRo4DXQ1RVTZQEYKE43GqcoZkhHcMf,1.1427312,128.71,1.1427312,128.15
LNpPcxy2hh8GgJ869L98pHdhfHFRBbzkGM,1.47562055,127.89,1.47562055,127.89
LhKoACLZAMwsVBEbBHRhgTNfbZzBF7Z9Hq,1.17182635,127.66,1.17182635,127.51
La9PCLWmqmJdW6r28rjooYf1QRZAVe3R9B,1.1096907,127.23,1.1096907,127.23
LRw9ipFRjxK6hoanpDSXCPRhfPTwbkDGPB,1.32033935,124.79,1.32033935,127.05
LTGCW6syMDJe6pMqDDoeivxaSHinvQhESw,1.44446708,127.04,1.44446708,127.04
LgE5agc18oddmX95EbNsNH9JgxC53VWhXi,1.28016439,127.03,1.28016439,127.03
LP58E4xLdiKWUkkWJt17fL8UHk3SRayF19,1.4197,129.59,1.4197,126.94
LfoCtEF8oRdCjbwggQvdebgYqfMTGtJ7yy,1.94013386,126.88,1.94013386,126.88
LYoyPw74XuHeqkaMtyvaiHvgxMQ583eEQV,1.95095621,125.92,1.95095621,126.81
LUP2J1x1jrCGXMCThoNLfBbr3hfri3YuUx,1.5,124.47,1.5,126.72
LhMZsiRxb4FQZubt9GPWvn8o25ziyS1sf2,1.1908103,125.35,1.1908103,126.71
LUVsarAVYK8fCP2NHko6tYFSnWZuTpwzXe,1.78583365,126.43,1.78583365,126.54
LPkyCPtcKyHg5aUh2M4bKNuBdEkCn8FUDD,0.934118,125.88,0.934118,126.54
LQfdRcLmfsuL3m2RQzt6BJNHHkeHnNro1q,1.18807744,126.47,1.18807744,126.39
Lam9cUUe7zqRExSJFiJBLRYGHtYEK3YMTD,1.84964816,126.33,1.84964816,126.33
LXycwyVgSTQF7g6zfMPB4J1AhNYwGeCkkS,1.08919124,124.52,1.08919124,126.32
LVBwQ1H3XckjDBt3xXvKAkcN8LudegE7iG,1.3194,127.83,1.3194,126.29
LcUi56DVTHJhqp2am9csNx4idjsZuqrM8n,1.07599042,126.21,1.07599042,126.21
LcCbSBBCNi9WRskY6XhtG9twnLfux3FJNK,1.72310525,123.21,1.72310525,126.06
LRrsQjd4uDMn4Jh7Wd1kV2P9agioBpWuxS,1.82731042,121.04,1.82731042,125.93
LKtQbvokjjueKCCXESMHK7oZNjyCANpV5k,0.96914079,122.02,0.96914079,125.85
LVizFuWXBgvusy9EzNZoZQdVmPREjuuw7K,1.30163209,125.14,1.30163209,125.81
Lc6ZYfV4XxxHKzEqvhN2dBXsnF8fxSbDho,1.212885,124.71,1.212885,125.77
LdgPRotKBNFw9niJtMmkiJ2fjactTC13Tq,1.83453014,127.27,1.83453014,125.76
LWgRgjjKGc7hRPZaTeEwKdbe1XoJTrKrRP,0.96570847,118.12,0.96570847,125.3
LNUL9hR7NAFfZr48qpKo33Qtib1W7pppuX,1.31959801,121.71,1.31959801,125.26
LQ2dXxZB42uTUb5UsuN2ZZbNECssNzDCGL,1.1372647,134.2,1.1372647,125.23
LNLU8Qxmp2m8omPbL2yABcuKXnJpUpwGUi,1.91395458,125.17,1.91395458,125.17
Lhra5X1fWy6KENgq859XEvWfGx9FQHwkaH,1.1386418,125.05,1.1386418,125.05
LQ6noWUyx7SZ9Lf6G9fgjjDRANtobcyrLX,1.45031987,124.92,1.45031987,124.87
Lg9SMqgY6RQhNYbAMhVtgKpPVWAvB9iiiq,1.67410756,124.08,1.67410756,124.65
LZAxjWnLrXy67ouQ5LjM5ci2bCVJtxMEF9,1.3437068,119.88,1.3437068,124.55
Lh53aXdTsykSMWUyyJVU3Ezcnta82AD5Cc,1.07201314,121.94,1.07201314,124.54
LZwdnn7AG6YwWURSCNBn9ihFsK7iz5icmM,1.82639475,124.49,1.82639475,124.49
LTMPQRkNpDFeoY2M5vFrRKDFLTW1UnhAAm,1.2099079,128.22,1.2099079,124.47
LUNjHZXDvwvkzJAf9bMkNfAwVija1d8Rsa,1.24894958,124.15,1.24894958,124.15
LiWpFFjWAQXULKvyK5oqfHE1LCBuybXQBC,1.5,126.61,1.5,124.02
LgGDkdhTV2nZg8UtCCtDKhXJFPPCTEM9q1,1.1887667,121.53,1.1887667,123.56
LSKDJy99AyL8AaBWbFSdZkGAjwcQBKorhF,1.32327245,119.09,1.32327245,123.5
LX615nNDWDhziJzrsc5kPHFGkU3wcuwFAE,0.92204971,123.43,0.92204971,123.43
LToASZqX2M8ySXV5mbdpQAkc8P2RNbtMwo,1.13696688,128.41,1.13696688,123.33
LcjGg7P5miT1D7uyE9D6GssXNPxJTvcQQd,1.32492638,121.47,1.32492638,123.14
LLk3UaFdMhhPzG5DfupjKhA2cj38aN7wfB,1.08361148,121.28,1.08361148,123.13
LPmQFpoWpEaGdHYWWD5EUyg2EGj7yfLVoz,1.00540114,122.97,1.00540114,122.97
LQWFWUcfzQVqVXWMMsb5nZkPHpuU3PC7b5,1.6838541,123.6,1.6838541,122.95
LcFa5b4ZEWSoHSgUwQa6rPvQfayvdrVUXk,1.39750701,143.02,1.39750701,122.27
LddChT89vuzB6pwfS2NkNgM5fUzxmbFmCY,1.45682044,122.03,1.45682044,122.25
LW89bR4ew2C9vhdSzzyrLsFdYD5P1vRkYF,1.17605298,122.24,1.17605298,122.24
Lad9JaAS1RDHYS53vt1J6rSXLgKaG5vowH,1.14071445,126.03,1.14071445,122.09
LRkyrFUUmVgGXYLMWMPQxBpmuRxmLiSkTj,0.93242133,122.05,0.93242133,122.05
LQ7y3ZRU6RVkdrceXhbbzEhhJ1AWvXhACq,1.04003851,126.01,1.04003851,121.96
LQnoKS5gBxJtW5Zc4wKTuSZgBGsg7SbDVf,1.53825818,121.25,1.53825818,121.92
LaCfW9ZoxkCpNoKXVWq43n2HhbnucAbh1t,0.96209235,121.82,0.96209235,121.82
LLbUp4QJMBVSqKXQVZbpNeP3nHMZJCdDyJ,1.354589,118.04,1.354589,121.24
LgeKA9xsvYKzLVG9kDx69edTCabKtz6x62,1.58305678,121.23,1.58305678,121.23
LKhcTXmQ5Pw2LWZr6koA3yEtWwbGFKX21Z,1.056248,123.0,1.056248,121.01
LMMPrux2xoxj8MPXV5cUV6nFCxhmbairfM,1.707191,121.38,1.707191,120.89
LWgANxb9CVoyVKwZSYgTmpNxBy4j3SEK9P,1.35318201,118.0,1.35318201,120.72
LNmhnqutoHEmgwtKGGc2ekKAX7wDF4XBbJ,1.58992693,118.73,1.58992693,120.66
LUQNR3f3Xo2oSLFSoFn9LPASDSGsnSvdnt,1.08158359,120.41,1.08158359,120.61
LZMPRtmwBBNdTHbo6r8C6D7h4uX6qQzx3G,1.35570287,120.6,1.35570287,120.6
LbK3ZuhR6zHzmn1ebAxUo59BLujCKQFfkj,1.87371434,121.02,1.87371434,120.52
LN5TxFjVt1Emxtyj139mTwChQnC7ZTiQ6Q,1.15141579,120.28,1.15141579,120.42
LTQxZubSL6e6v6hWbz5tChaLfB2oe7dbDX,1.31163923,120.86,1.31163923,120.38
LgyBFBGFUSS7tU6hpuXYDmwUgHqoG1HZ36,1.19441618,120.13,1.19441618,120.13
LSicEipE3UTNBUuDtuM9c2MXpXecrFZJZ3,0.92146996,118.05,0.92146996,120.06
LffMvF82xr7vhVZQH2rg4GcQdP9szHDiQp,1.3634676,120.81,1.3634676,120.04
Lfe1LYYYA58eGQGRicVLRTPEBnrYTxo6bm,1.54271955,117.25,1.54271955,120.02
LUow5fFLfh7maaYjWCfH8hbthyvztpZsM6,1.37211714,115.58,1.37211714,119.9
LLmB2uaVU1A23DQYYmxsNYRQzCv5BvnEfk,1.19000798,119.89,1.19000798,119.89
LNNHz18WKzKh8yFJW665Yx9WJF2SMPmjsL,0.98,123.21,0.98,119.86
Lfhgh7HtrGVSyDu4jTq51MMka9pThAzGBm,1.31165903,119.91,1.31165903,119.81
Lb8u8DMtEzvPfPKnc1Nn7aZSvFtk2Xowxx,1.80711843,119.61,1.80711843,119.61
LQaRArEdLqZxd2Cd88FEFcyLAVAHNyPWsj,1.47327857,125.17,1.47327857,119.5
LXFGstz42pPKc7CEwjkjV9hCuMSjzd6UoB,1.66,119.01,1.66,119.34
LhwJuU4SQJ2sGdYL2EdQG8M4EyDpwX8TkC,0.94033337,117.24,0.94033337,119.29
Li7gPLL1Z4QkzroMpd1zNqhJFLALpRbtkA,1.54670909,120.27,1.54670909,119.27
LapTaRjvq4dTsgU3DbHvDsEpzFyCGHMbG7,1.2901076,121.73,1.2901076,119.23
LgmSh7W3XcwAN8udLSi5JxhFati7bLaKBL,1.16472119,121.6,1.16472119,119.21
LLmQjaPAspKeyQA8MoYmu94Q3ewjTyMmaU,1.17529223,116.78,1.17529223,119.14
LSpu9zi58aTztZxfYaJDQZmR3wwt3DiV2Q,1.51319258,116.86,1.51319258,119.05
LfB9vaDZ62cQ6iffBQGGu3DBMb5Df9F6US,1.25505561,122.27,1.25505561,119.0
LgCXarZrdxAK8pSfn4GeN718iYazrEhmDC,1.27881898,111.26,1.27881898,118.89
LRvD3wx4SzXmvcdtnDu1x1wssDYGnxGM3b,1.55925155,115.09,1.55925155,118.8
LRuchVoERHJpDbGCDQwdvidUj9Dj4rscrY,0.87848999,119.42,0.87848999,118.78
LZHudd6VW5iJG5nJiTYb1mEBGG8meBW1En,1.18061813,120.71,1.18061813,118.75
LUSFTBdjMjQtGZXrdcmPeF57M2C4H3CCvV,1.02866708,120.51,1.02866708,118.69
Ld8oejt3usG84gEJfJWdfuuGjLbuBxhiQ5,1.69344656,118.68,1.69344656,118.68
LNHvVg5J7y3GKJofXiLb9bDBTtYaqFp1YB,1.41196402,117.54,1.41196402,118.61
LScgsA8YHvkM79cXbxJJsZSAoDwugfvX4e,1.08628875,128.24,1.08628875,118.55
LiMHXA6YJL6Tv2Tnpr71o4uJk5hzFU6Thx,1.13220141,115.1,1.13220141,118.53
LhirYGPpLx6nte25y38VRp7sdmJmrPoqjC,1.76912213,118.25,1.76912213,118.25
LSk9FHZMnj1dHFeaZbJEy4Arcpr7cJqR8c,1.35549344,129.37,1.35549344,118.2
LYCibNFf5SJi9UwM4N8Ty5trRnWzxuj5oD,1.83730706,118.18,1.83730706,118.18
LRHC6r7jzDteBQomVhkyVDR3VLm9bztYuN,0.92235249,119.79,0.92235249,118.14
LeM3rh4KJpdjqhpRKmyefGxw4Pr6eaXF14,1.33951884,117.82,1.33951884,117.82
LUKCZefHfzLVdJ3msYZasepV4DX3yVQFYx,1.00592848,122.62,1.00592848,117.76
LYRSveDahVc8J61MvvEPm1Dc9rjWd7aqx1,1.48768243,120.29,1.48768243,117.7
LdKJp6yzjpvm91ouYj8Vhb2SwmiVe5NP2x,1.66156965,124.45,1.66156965,117.59
Lev9ck5KYu8k7Nxh9qABmU18vU5Bm4vSqV,1.15517193,117.43,1.15517193,117.43
LYarQCFfb6BipbKUJVVUT16c46DrubGQry,1.53958603,119.29,1.53958603,117.22
Lh71w2RbwRScwyXVSboqqB2vuaDdmGDyYF,1.11387391,117.21,1.11387391,117.21
LQPWMWAixQWMJ6Uh7omxEWP3SxsLDNDJgC,0.90603138,112.79,0.90603138,117.1
LgWuYnp1VA2wDKEaGmQXBfJXLjXBmRwUn6,0.98385312,116.09,0.98385312,117.05
LRZHYtY5rqWNtUEAtutsAcpp2S9EQTLcdx,1.260638,116.97,1.260638,116.97
La1wzQzFWdUHTuise8byVbmAAqzCN48Kkt,1.36638428,116.97,1.36638428,116.97
LNx2rvR4y8igF4xMiY6jXRaY5iJWh7rJzz,1.14160312,117.66,1.14160312,116.91
LaTNmkoPQirGDyuebxV8sqbcauqGBhqfeK,1.79993928,116.91,1.79993928,116.91
LU4Dg3uCLCdgh54dT6ZiBA2biHwz6mJ7XJ,1.1513894,124.72,1.1513894,116.72
LPrGYH8xfcYd1DLGZ9zvYeFgTQaKdfrVG6,1.07843559,117.03,1.07843559,116.67
LdbCpnwjBUe3WJBGdNKU7b9MRKmYv9eqbC,1.33290247,116.62,1.33290247,116.62
LYN98mcbvzvZwmKvcfh5xAmwtiFGWeN5AF,1.78203742,115.8,1.78203742,116.61
LbC1yU74xAcJCm7zTHaGrk2pLMkWGRyoX8,0.93644782,116.61,0.93644782,116.61
LhgkPf9XQjpYjqW2pwmMQLcuusq8dJG2D1,1.77695958,116.5,1.77695958,116.5
LRTqBW2aAf17QUFAn9AxSHhtUNn1Ka5sKm,1.05259382,120.42,1.05259382,116.47
LYBbQ6BNdSTgMWis3VZxq5ftFmqNfy977k,1.54670333,114.43,1.54670333,116.39
Lg9tKTeTZNiBjiDGfyFpyWrSiZedQ8Uz1S,1.55155995,116.16,1.55155995,116.16
LKwBJ7o7RkBb3aZuxaJCyqsRLktgnt657q,1.22738719,118.8,1.22738719,116.08
LcP6crnUtMK1k9LdWXyTZJy1eqvnh4is2V,1.0843047,119.17,1.0843047,116.07
LSHmtuQ6W1zrPdpNSuDB9LCxP2TwRsmXAD,1.63213651,112.67,1.63213651,115.96
LVeP1CjxroNDw89hLbzSrQs5x8heqMYRjy,1.16125167,110.57,1.16125167,115.87
Lf9kosDLyHyEKFYiPbDZ7zbGVCTENP3AGN,1.14882161,115.74,1.14882161,115.74
LYAvniYzakddtZR28TKCWbCykoJAS53z3t,1.29268555,118.41,1.29268555,115.72
LiDkivD4sqdJcsHkxD2MQUaLNE6dGXAFRq,1.3910464,115.63,1.3910464,115.63
LQTtNtUDqnpvDkncYkfTedh6TFBqNgbtcH,1.13591692,112.86,1.13591692,115.15
LNPF3gFU111z3wa2mpRxqd3CL8NXRy2s4n,1.43664369,110.02,1.43664369,114.99
LPx4f2dDKNg6qye3rEsynFiCKUVHqJhjEv,0.98151297,106.71,0.98151297,114.99
LcZ4FKKZRkZ8t2HE5BpXKT1eeuNgp1bwwc,1.6704162,118.9,1.6704162,114.97
LgWRFVjuS3ZKxF9wUQ5wmZ5gTo4eKkJbjx,1.12295244,123.32,1.12295244,114.81
LYdygC838smmJSUvygFNbHGV7x9NU5kxFJ,0.98858834,113.64,0.98858834,114.78
Lhop3Kf8AU57c1BratGdEUnM1QrUoG6Ddu,1.0,114.55,1.0,114.55
LbkVz5epCepneZVeAiq7yZuvraWAdPwh1X,1.01735163,102.94,1.01735163,114.41
LebXJioCsFQD6iPauA392JQJr4SLSu4URp,1.36736372,113.86,1.36736372,113.86
Lc84TY2a7rk99C7Xki3KGakoXu9vveoMA1,1.406268,114.55,1.406268,113.54
LY2Vj5Ufof5bbNRzCQiR3bnc8LAJahPdkt,1.5999,113.38,1.5999,113.38
LSovMFhhezHyoAw4eme2x2DnfnA1L5755g,1.10856441,113.33,1.10856441,113.33
LeL6ajcRkLe1J92TGtvewLhP82wmkHtuZ5,1.284453,112.98,1.284453,112.98
LZPygF9ispGjGyUHgCcJtaaE29e9wS3oEx,1.24893899,114.7,1.24893899,112.82
LUMLm2t1Tr9i6Ufhggta3kZptwg7LNQf24,1.57875763,112.09,1.57875763,112.82
LcnBdcYPeXMz6Nj7icXVF8gXDCUqDuCfHz,1.04030742,130.66,1.04030742,112.69
LYfCZFR6yR8ZE4Qr5Pk2Krw6yWWR8zM3ao,1.5,109.67,1.5,112.35
LRYpto49cDyHGetVJPDcX594Hor8XMG9ou,1.4999,109.66,1.4999,112.34
LNvH8esLg5gyRXPExzaKxezHbkpeB3uKbX,1.10646043,111.34,1.10646043,112.29
LhPuACeuGjAxHk2jkEQbuMte9JK8nc1DmX,0.91572272,112.27,0.91572272,112.27
LZWdCoYqfuF7bVqUCXECFQayPA4x1zX2ui,1.09418316,111.82,1.09418316,111.82
LKEGMB4vEgmK7dC8EgewiYBR3LA9FahitS,1.04401484,114.54,1.04401484,111.82
LKwnvpg4GNaompw8cSVRPbK7ikQfw3tq4s,0.96755787,132.59,0.96755787,111.81
LUVtWakGnSee5fTjU9XdmWCR1X6Fivc6KL,1.24515529,108.52,1.24515529,111.8
LVcmvokpTSc36z21moWJLtgmTGFUiNWXVj,1.18150633,108.72,1.18150633,111.64
LQyeQXcnjQKwZPWQZmj6pP954cktrJLMFB,1.1096607,111.61,1.1096607,111.61
LRjc9vduCY38Nr6Yvxiy7M1c961t3vhqS2,1.10719254,111.55,1.10719254,111.55
LR7xFd2qvH6qStnRnSy2dQYWJkV3QMwcSx,1.10570864,113.05,1.10570864,111.21
LYE6dWfnyu1jtGEh1mJiEPMYkz1tnTnEVd,1.1901025,111.02,1.1901025,111.02
LUN91buyV6WCg415GgoHUD3tMXz4jPApyg,1.25764908,108.03,1.25764908,110.95
LgCB9y6cd6VpudP38EVKzCGUoCs1xuY8Kd,1.27957134,114.15,1.27957134,110.9
Lgj9EzoHtza5B9Gp8YXLdeqyNcpGGPY5bb,1.40624286,110.34,1.40624286,110.81
LQnH2EQGkS7GQDbKwW1oHraifxtkUSXoeD,1.38944155,110.69,1.38944155,110.69
LQa5zC4Ne4AphREz5xsp2XuYFWuUV6uUj3,1.71584982,110.6,1.71584982,110.6
LRwgNhgWQkbtwp3mwVEHQ8Mb5HT5miMVUf,1.38359646,105.92,1.38359646,110.57
LMot4ZXuTEwchrQ4NYthi66b7uYTnJzBvn,1.09860716,104.35,1.09860716,110.43
LRUZf7bf5UeYFTPBwFXqfUEJpUdG682DZY,1.70049012,109.71,1.70049012,110.39
LcSrkAWUBg92wsucqYwvBaMKqh4LYU8qB6,1.09688847,110.33,1.09688847,110.33
LS8fCptZ4kKuqq6jSDAX11tMx1Gqc4MuFA,0.95933285,108.02,0.95933285,110.3
Lg6k4ZN9mBrc4TAKg9FNPULbZbqF1uYBfp,1.49679256,110.5,1.49679256,110.29
LcNCULxzq271FWGUnre2L14dshqTHzYnF2,1.60349685,110.27,1.60349685,110.27
LcgyAVZt6AwMEjttg3mpYUJApWPkwVPgoV,1.30958536,110.34,1.30958536,110.22
LPp1DQGtsGeXeP49E2LFDKK7zbrbnVDSEm,1.303595,111.41,1.303595,110.13
LXyKrn6NzTrtocHKy6tksHwivTXc47MoAT,0.9989,106.64,0.9989,109.7
LQaLekbvFQVVkmGa2yyJ14kHN1JUXSXFhC,1.5098,109.69,1.5098,109.69
LTY7xge2spQ5BU5j6xHfguyM1Xep5sKf7B,1.0904571,111.49,1.0904571,109.68
LhTBQjjyR4KHJ3SDrM4uALMnXvtCqVtjQB,1.54273494,100.89,1.54273494,109.53
LKfxzEWBWG4GC2bhvY1eQEu3nuWA1E3B9b,0.93588523,109.46,0.93588523,109.46
LYZaziBLxizfu3qPmL8be66rXujtyRfoJn,1.07346358,106.42,1.07346358,109.3
LTnLJ2nP4sUQesEDb8MMPP6oC7CcZaR6kV,1.25512116,108.84,1.25512116,109.27
LXVnkhH4whprSDM9CkqYkMhsQDfkMgTXaY,1.0861879,109.25,1.0861879,109.25
LWEHUS9dGquNYTT4a1wHf8RUmrYdZ1m2Wj,1.53575977,105.13,1.53575977,109.04
Lg8moZ85p3jnxT5dDffviBc3NWQ5Q5VpKc,1.68593803,108.89,1.68593803,108.89
LPMmuzg4HCjVFXkMg5gzcQb5ntXM74nujV,1.04337843,107.03,1.04337843,108.88
LQNNdamtZuSU9VwJv5SJRVWW3kPTgsjYqr,1.59304064,109.09,1.59304064,108.86
LYphX1q2yWguzP44zrC8UR5uD7TkKTiQLh,1.08176192,108.8,1.08176192,108.8
LKrqu1BELv45JF1pqdZ3YZtFKzmcyEnjnv,0.7999,108.74,0.7999,108.74
LUFgG68WdveY9pUZk1vPB3jH16gLCV9z2x,1.42724442,108.51,1.42724442,108.51
LNa2jdVsBXG6caAMau98EzsF9DUEz3FGaH,1.41634103,108.73,1.41634103,108.41
LRqLNigPBCroRR4aLFW3HzZ7dvs7eV5fgu,1.2999,108.54,1.2999,108.24
Lfgk5GkUrdqp9JtpSQTbLY1SqCt96zvnsm,1.03129793,105.66,1.03129793,108.16
LPZrdVUHV2SWGqKNMXmey81szfqoAWGMxy,0.9828,100.69,0.9828,107.83
LTWCXJJAYq4o78pkSdz35CFDLacv2yXNF1,0.93010718,102.24,0.93010718,107.8
LbhKUoWyHXXxvnx5dFM5cpuY9zYW5yqJuU,0.88884774,107.67,0.88884774,107.67
LcrzR8DqqycYNfdAMncJrz7GDhrjCLzaiP,1.0041934,109.09,1.0041934,107.43
LYS4fzUi7UvomseHwgwyWxiGbRtoBWVmMB,1.02060803,107.66,1.02060803,107.28
LWkY3pTn1oiMU92EMggLnWBe2sxhCKA4kx,1.58630253,105.08,1.58630253,107.09
LgKcHW22Tf6dcuxKsqN7aorGSmkwiPnEEz,1.22016619,106.92,1.22016619,107.08
LN1PVJLP6WpmPGFepjef5QWpx12sMBdY8R,1.387995,105.49,1.387995,107.05
LPYNqWrrGQEYwSYG35nD5x5pbcEwUo6eSg,0.8242117,107.03,0.8242117,107.03
LSH1ig9trEpQodV3eFYsiK4LBSUmb7skDf,1.3746418,104.61,1.3746418,106.95
LUxFbEcAnCoBy9XuuU4yAzWFdDJr2kqKW8,1.44977648,109.98,1.44977648,106.94
LQMmR9MLNvUY8rriCXpgDRVkjqbk8UEGvP,1.4581558,110.21,1.4581558,106.63
LSgg6RXVESEj9J7uRa1NpoSiGkCAt9ntCZ,1.0999,109.44,1.0999,106.6
LUgKEFUWdPEJMPnQ4zksZVhB5KjLNJUtPp,0.85340159,106.59,0.85340159,106.59
LXkaSgyKRumybQVGEWbX6GrYse9nT5ibUs,1.24936151,100.18,1.24936151,106.18
LVdeKKSHBQMnfUjiNtc1z4S96Eixwe7N2J,1.5,112.35,1.5,106.16
LNDTqZoQD8RhTm6FBJBASzFRrhYrAcLDdW,0.90663531,106.04,0.90663531,106.04
LRFUH8WWwDBQj41pVXkxHr5XeJP9NE3ZJP,1.21353668,106.03,1.21353668,106.03
LMANPftEcKcxJjVn44DUYL3J4a4s5yS9oS,1.01656528,105.93,1.01656528,105.93
LQZykJFbcuU7akm4UYGFND5g9apnzYcfxk,1.12923504,105.89,1.12923504,105.89
LPtbNykQQJpbmsMJ7pqdaAGwhcjBp2oyh3,1.26575983,109.7,1.26575983,105.58
LMZGvCVkKUmzyX1Kc1C8Ydq5DUJurysuNf,1.2502281,105.55,1.2502281,105.55
LU7qkuHBrZuKa7Mbev46RRehoXJvgNLc9Z,1.4999,107.63,1.4999,105.4
LZHfwZgKhrCMaDz1mqBVwd2yZUdpKPXHZH,1.0,105.26,1.0,105.26
LdRrUcrYnv94hXe18vaoY2uUHMvAGy7tzh,0.95773036,105.18,0.95773036,105.18
LhoxBfC41Y7eYca1z2GxU8J8zxYTrUQZrT,1.1499,105.01,1.1499,105.01
LhaK7qqVMwV2WJKY4vc9nWcBgg1HGPSwPo,1.2,104.99,1.2,104.99
LXuX4NoGBL8VmSTQDHWHijuxvUNw4UZ6ME,1.57297766,104.75,1.57297766,104.95
LbWPbUYRgMA5wEnU1RF2bxmSxwwfbn7mqR,1.54423183,104.57,1.54423183,104.57
LXjsJFUX55o65JFkW6ReurasXy977xcB72,0.91010471,103.52,0.91010471,104.52
LKgD5MH7VNAbFRF9CyHoWGPPCSzp8sGGHC,1.32666129,103.58,1.32666129,104.32
LfXSYt89yJnoZvDpbdcSqAV5hGGuiBy1f7,1.199724,106.13,1.199724,104.31
LVeaTwAc2xo8gqjeeC2c4zBY7id5g8b1h4,1.2265541,103.97,1.2265541,104.13
LMYSctt4kxWCz7kLDAEVjE2PLfKgNuKZXC,1.08984765,91.23,1.08984765,104.02
Le7k5xxenjzn43SaXJFveNe8auMxhpTnwc,0.793435,103.59,0.793435,103.9
LQvTDF78h2DNG2DhKYSqvbRKWxoj3hHjBe,0.95096,104.57,0.95096,103.88
LgcY6PCkHgL5GejKm345Wva4GiWjhYdSV1,1.5,103.74,1.5,103.74
LL2Mh6Lhfc7X16BtJaDhoF8efWKLbqorLq,0.99999981,103.39,0.99999981,103.71
LSDbptghJLTUtLXmnZKUANdG99fB7FU6fk,0.81,103.7,0.81,103.7
LeB3uMAvRwrWurGwJQcwtSU9KPavN9Ckz3,1.13001506,104.4,1.13001506,103.7
LeweYK76wqLpa9qq4u9nBRs3jDii6dy3xW,1.60383985,105.36,1.60383985,103.59
LPp975Mo9GDbbGKw26ZZUZvvzwbXEaNDHr,0.996,102.98,0.996,103.3
La79invoqjcJPKyBoLVME4GPRdyRAssfpG,0.85904,103.27,0.85904,103.27
LUKu25Rk1vVP52awyoNMczQHVyR5a54KB2,0.87369422,105.83,0.87369422,103.1
LaLbHaLvTxLHCV9u74KxxmTwfQYZDPnBRB,1.08005342,90.41,1.08005342,103.08
LaCVteX8LH86doUrBAbRN9iCjBUZLjDjLD,0.9269628,94.0,0.9269628,103.03
LQ5dQnr9n7D63iepm6EZcT5jmxgcPciXYJ,0.8028684,104.77,0.8028684,102.93
LVdCHbSpWHZzy77ZvnnwQCqs6mm73VYrGV,0.97877771,102.74,0.97877771,102.74
LSEYesT8MqLxsJuEiw4ZB59dDDQASgA157,1.0,102.71,1.0,102.71
LZfmQ6o7J6RhAPTgtACaUBxUvJaTYxWxsE,0.83666414,102.33,0.83666414,102.71
LaCRUuyWBWbSZUBox2LLCpLEhwjyewqa3f,0.96436678,96.87,0.96436678,102.49
Le8344zRGVa1ju7A5mtNHfMSmKsfQ8hDJM,0.84892124,102.68,0.84892124,102.4
LKxTVyaXDM61UepSzwLe2jsSuLY9KYbNrj,0.87882257,111.04,0.87882257,102.39
LNAiW1EiysaNVVJCsiYxZ1WxjaVaSG23M2,1.0002166,102.25,1.0002166,102.25
LRBKZz9C39cLxuRjXPjFvuNXFAupkNjNRq,1.0,102.24,1.0,102.24
LgvhxaWdHG6W4S4oaYrzniLqDnpwjYvo4h,1.43933261,102.18,1.43933261,102.18
LRHVEwM4npuEvj4YihHYEWFDP2Jx7f1fPG,1.52425051,102.17,1.52425051,102.17
LPtXsKnMJa8E3xdehkURGXJNimd6NV6dHg,0.7799,103.67,0.7799,102.09
LZpsXiDogmd4tu2bofCLSNgyJWrCU284Et,1.05449186,102.05,1.05449186,102.05
LSiKndvYRLWQNyJYYfEKmuxFoERUD3xuMB,1.37912012,100.39,1.37912012,102.03
LadUkVa92JAtqxcumoYizT8FAzNWxGoZYp,0.7549,101.0,0.7549,101.84
LRZVK4ZFKTkrysBCvWnqXHMCt1NkDwVdyG,1.55326419,101.74,1.55326419,101.74
LWWbmi6RHWAH2cWNcW5vGSCrPX1DZmARgm,1.55363665,100.02,1.55363665,101.57
LVHEGffbHUfYynTqLq9EDahY9csTuJvbvQ,0.98804857,101.73,0.98804857,101.52
Lg5Sv67zV5fLHSp3osfXfDPjEE2vYbpao7,0.8,99.74,0.8,101.49
LZjy8A3dAjt69Qnm55Pwfvrf4axqEF6f5b,1.39423445,97.71,1.39423445,101.49
LRhwp65qcpFmDQ2i2vQUqACQS2DL1gUHgK,0.92386577,102.02,0.92386577,101.43
LRVBhsfmRrRsyNhzeU9pfbBozxGmHgx1vZ,1.0863,102.21,1.0863,101.34
LexNr32Y26gzqiTP2Bd3Jg7g4P88bzBjdd,0.96898375,100.72,0.96898375,101.16
LQEkWNnpTFGMdnm2RgEQUhxoi4fngZLVXM,1.21150636,102.87,1.21150636,101.04
LNMNUrSgkqKe2YLaxD4oX8DVbqW9kvdrJg,0.7599,101.01,0.7599,101.01
LSXzvi7ZoZnGArjMHfhnezJQCPYVutbNpF,1.21226563,101.22,1.21226563,100.95
LPKYFGW9Ny7UKBadLfBbJodpDhkMTUntyd,0.91577783,100.82,0.91577783,100.82
LWf4QRPVr1zgDoMGNM5GvaFEGeTAUw56Xw,1.1175,103.34,1.1175,100.82
LeYAcoV8GKPbPgxiHGH6MB8ww8GK7zVcmd,0.78762054,100.73,0.78762054,100.73
LKV2K1S37HACG49yNwGotWP9xJmrLG1PJr,1.111778,100.06,1.111778,100.7
LSZjHjJXVnvJX8a7gSyqsKzs4hzqGMq7dU,0.88321,102.21,0.88321,100.69
LSBddrRYkDRJS9Qz6GH6rpUztT6RqJefwG,0.8095,100.83,0.8095,100.56
LUHkQhCyq8uxujWhtti9hdAfEGb2t7KHqk,0.8566,94.05,0.8566,100.48
Le4upNUsRRRnPKLf4M85zbqNkeCxoingKk,0.81663773,98.93,0.81663773,100.44
LS6akyw2s2nwRJrn1jeFiyQD6VB6dXBptU,1.340725,98.02,1.340725,100.42
LZeh3eDt9N9NYoTUgW7ry9yTZGnH1C5JjR,1.25306699,98.66,1.25306699,100.25
LKcwsP2svmzBg2W8Uz7993SzPPwnjMRz5V,1.552,100.24,1.552,100.24
LMoXsyvG3KQtpckbxLRcXqoAMJAfXFX7Ea,0.866353,100.23,0.866353,100.23
LXJ957Kidzz3kgGehshP7DhMg1GiPkCvah,1.26576446,99.98,1.26576446,100.23
LXm2RPTHp6GoPym4D634QWxjv1uEKGamff,0.94353287,100.17,0.94353287,100.17
LZG4NyZiggmNsvEvmizM1TJo8h6Uc62FCW,1.5132542,100.16,1.5132542,100.16
LXMT1PdoEzYpADGwDc2GmTXa4Yg5nroGtq,1.52706746,100.16,1.52706746,100.16
LexuyeEoVqEVkx2b5gTwpRpQi9NJu9x9y5,1.00742431,100.14,1.00742431,100.14
LPNezAURod5vTsgBX45XzTvkkJjGdPgovX,1.01663338,100.81,1.01663338,100.09
LTcKdogTuRa7eUvYgPCBmhTcXXVySZ8Wo7,1.51011779,99.05,1.51011779,99.95
LRmjiMzmFbYkNh9g5rwY3M7Noe8ecizhGX,1.27087406,99.93,1.27087406,99.93
LazJSoR2KhsarnjbyrWYs51URgp9tHTnF3,0.99331253,99.91,0.99331253,99.91
LaHozdVfqN8kMubkvoGX8QaBspV7mRPQzS,1.506158,99.15,1.506158,99.86
LgseSxDdMRuyUpyHHhJnawqHs1m4g71gdN,0.96283054,99.55,0.96283054,99.86
LYLiEPaso8t8D4ob1hkvwixP2nyXerGsrF,1.4934156,99.82,1.4934156,99.82
LWL6yZ1ACVrBSJ4XjxA37EfVpVAhJrGGud,1.106,102.27,1.106,99.78
LYYis6gDsBdVjnuuPgJeeTPteWRumPJjj4,0.97841714,101.47,0.97841714,99.61
LZMqK8LuTsLD27qmRQxPx6MD3tabetyEGw,0.7599,99.47,0.7599,99.47
LQPVLAhUqHbwQ8UD5wnD4bvW85epCeFB2J,1.115,99.47,1.115,99.47
LcKHF7E3E9kwiich8wDLX1CZw1yLHAPtRY,1.37018283,99.36,1.37018283,99.36
LMEniX6JtAMbgaFYsqkytH4BenCVDz3yPj,0.8929717,93.89,0.8929717,99.32
LN1asm8yxNtFgTzvB6ZpFkoireS4xsfTAp,1.17376864,99.16,1.17376864,99.16
LMKi1XviCKetfzGspNBSnetx6owTbzhNuV,1.173725,101.07,1.173725,99.16
LN3JAk3n6GaEY9xVQ1Egv2oEooGm9dyjq1,1.173725,98.95,1.173725,98.95
LcyaykZWu8njxudc8qTNBgnQQNr4SKk4yP,1.537361,98.88,1.537361,98.88
LX7rHc3sp2KnqSD9hCd45T2YHuLJheeKVQ,1.13,98.86,1.13,98.86
LVGQMSwPe1wibwKQSTHqz6j5W6V4YLWsFV,1.1999,90.47,1.1999,98.84
LYGh58Mkduc9zFuCDnH6QFkNWgtVqMSyDm,1.1999,90.47,1.1999,98.84
LUkydUvPamdNuRB31cSKFdFrP6s3gJQaMN,0.95102723,100.12,0.95102723,98.77
LQ5bfa8ARq6xTT4EmdqLo3Mjza5a3uVCWM,1.49062485,98.66,1.49062485,98.66
LQwUx9B97P8m1ButjNPwX8o1bE8DhusQrc,1.50375213,100.53,1.50375213,98.59
LUYLepVCfF8pjUmLujUzjLUHSfE2tRcgxR,0.94287793,98.46,0.94287793,98.56
LWun7zRa4JSh5NFmCrrXqWSoSX8ogfGRdg,0.96369085,97.75,0.96369085,98.52
LatYdMrfxxkVei5XfHdDnmgnKt1RRVUdTh,1.0309,100.26,1.0309,98.49
LaPvDHytC81VTbqaBZHiYxNDqWgGDS1o4q,1.29360951,96.94,1.29360951,98.31
LegefpYL1gnaeMzMV54D5amk1Y25tgukXM,1.18317854,98.25,1.18317854,98.25
LKjEaFgLvt9eU3BWPQLn3FDLXhiBVLWxM8,0.94700928,97.91,0.94700928,98.21
LYJNrEiJxDBcEPgcSNWzxBEG8mPY5DAE3K,0.7263,98.73,0.7263,97.99
LKjBAFt51wWwLiJrz66VEKrfXB6qmWY33n,0.98575703,97.11,0.98575703,97.98
LQZxRyfAqAHjqFT2S6xPPz9yHLWEVkQPCr,1.359319,97.96,1.359319,97.87
LNrPhN7pPHfjR9gHHck1tJG6k4Ue7LxWX8,1.36060717,97.85,1.36060717,97.85
LUPabNhrBbDyskKDqZWZAEQkyjhvprNhnK,1.26419773,95.75,1.26419773,97.77
LYMCpSbrL9doeL6gJrcSvgoABHhxe9j2xw,1.05618406,97.47,1.05618406,97.76
LWRqWDap9WUJhWc4sgKCmoHiM71QKLj4nf,0.95118419,90.88,0.95118419,97.73
LTXKKFrmoy9h3pUmmrrvfrFgbVp2d7Xz2b,0.71928982,96.87,0.71928982,97.37
LQHfPVtmXjo61N8RMFjhfiZUePHDkzpnJf,1.43184246,97.35,1.43184246,97.35
LdJ7g9ixVicYkZUJ9q4wVdnzE1j857eKdX,1.28837603,96.2,1.28837603,97.27
LhT29gqY2ndKdBUXFFoBNoryWZfBCmyKUN,0.99905418,97.26,0.99905418,97.26
LNkMBUrwuNMG7EQvLe5EbYZmwGEmYFdfZu,0.95138879,97.26,0.95138879,97.26
LZ1rKyN9kRxTZPhNXJkerWt37UKbtXoepB,1.0,92.82,1.0,97.25
LQUrgivHeeWt1mQBTYoGM6fW3U482deLt8,0.88399528,101.7,0.88399528,97.17
LKU6Bo7nvP3CkJBEhURykKRRUmW2mpPXYi,1.13783279,97.15,1.13783279,97.15
LhwFDAmAqvjprWkqUWxp98EpPKXVP2jQa7,1.3727,102.01,1.3727,97.15
LXpXHcSMpZfY3TXS2qLERbDNHW8HxSMfPc,1.06301991,97.07,1.06301991,97.07
LMbTQghjxGJeFajwSsAG1Nnx5pBjNu6Lt9,0.75768384,94.19,0.75768384,96.9
LKmfnzUbk7e74brVA43ypNwYXZhyyGNoav,0.95560074,94.95,0.95560074,96.87
LQKnUQcfB7g6BzmsYkou36kT4ySVtuAW4K,1.49443324,96.84,1.49443324,96.84
LMNR51AVx9Fy1GGsPUw2EzALnz8VLH5eKr,1.2831597,99.05,1.2831597,96.6
LhdKNjapFPuQW599aSBYPXPzwhwYDXkgUq,1.446,95.54,1.446,96.54
LcbCcafAG2njKqTmpxgXDwE7E8d7cErwhg,1.4,99.65,1.4,96.36
LYzEaDmpFRnTVKRio5HKjcACp2jzZVYeeW,1.09926851,93.93,1.09926851,96.31
LYLjnc7Eved7Qo912c5MayXxnMVSBEGHRD,0.94732276,96.3,0.94732276,96.3
LT859pX8oETQRKrnpPYa9zJSfZw1fDRm5L,1.10399304,96.27,1.10399304,96.27
LecxQpMkx2wN2y9wtsEmbqTKSpxWKkX1ou,0.7736,90.48,0.7736,96.27
LQX829izdMg5BekbjSyw6SYothPwP28AHx,1.48047468,95.73,1.48047468,96.06
LNKtUd2f57qjvmMTq8iHvr5faZiBU6EpYr,0.98629568,91.55,0.98629568,95.92
LKJZcdqgc1tFBzkYG6wCK5ZHpdwhKSNG7D,0.986,91.32,0.986,95.89
LhYUWMYU2qynWiWD7NyztkM96rrSf8Cgvh,0.9889279,96.55,0.9889279,95.79
LXyeMTYxJtD1bVQfH8r7mYUUFnrrbW4Qyc,0.83659826,94.99,0.83659826,95.77
LciNifDnMdf3a3Xk8trXHRiXJ1L1GQ49tB,1.098,104.79,1.098,95.75
LTPQJXWp5sFkVGuXPnVoVHAHRVicAsYaqY,1.3499,101.11,1.3499,95.53
LMLUgLZXsDwwyrEAW3vtrrPzL5JaUPAhex,0.96039494,95.46,0.96039494,95.46
LNdnkcxRXXAJXo4gXos1pw8X9Kc8R9evZf,1.12182783,95.41,1.12182783,95.41
Ld83jfm3u79kFSEejCjKUbiyRNgjoFfBYh,1.2881681,95.3,1.2881681,95.3
Lduo7hjG41vY2hbpgqb2MhUJwnz5xusTQv,0.9044093,95.17,0.9044093,95.17
LPpvJZTjPxqMqcLy7DpdLBgFa98A6HHUot,1.1269454,95.13,1.1269454,95.13
LdbuNgFyppukjsnmXhMyyzNGhSgCiLq9GD,0.95635185,95.06,0.95635185,95.06
LNMEq3ryc1wtdDeh2supHFrjVyBrF7nRBD,1.0019808,95.03,1.0019808,95.03
LeYDHnJbfF5Wyazy5dTDQvKyFFVyJb1ds1,0.9423396,94.94,0.9423396,94.94
LcRCybD4SLPV973yXJ6gfcHCbeiKYTatrX,0.74926375,91.45,0.74926375,94.87
LefD4PBY5Ss1dGj7C97EzpizKzf4sZrgRB,1.33797769,94.74,1.33797769,94.74
LQWhhs9BRBTSSJtm9XTGDgCiqWuCXZ9PG1,1.17083,95.15,1.17083,94.63
LYBMoqxEs1TX5BYeGiVMkrAUtEnu8nRdzK,0.9005,94.27,0.9005,94.27
LKVmYThjmL16UBP5mu5bN9VMXnwrTtLcwY,0.9708686,89.51,0.9708686,94.1
LYCtXk7dBnFCL6P6VzpcJVv6owtBExi2Uh,0.89406593,94.08,0.89406593,94.08
LbhezpYmFsU7fQFdRak3ziq1G8rRkezu87,1.32857,99.51,1.32857,94.02
Lb3HJ6XUEmDsyJPXVHfoeiGmja1AtE5Nin,0.97166848,94.6,0.97166848,93.93
LPsyPzwdAK5b7D4CjHR6WgqJEj71RiHstV,0.69569206,93.86,0.69569206,93.86
LYNan396uy3AomcYMbQSPwXj3iAqcjPo8s,0.81361653,92.63,0.81361653,93.77
LTiQv2sQug2ZFeRX84Wsw8NnU2BwtVEArh,0.81647564,83.89,0.81647564,93.74
LMbwK6UjgdsLCsdTuqCoKd2YVUK2HXmDgD,1.39053182,93.75,1.39053182,93.67
LXT8ntdPFmwy2CDKXWkYN72yFSGWtDVZ2n,0.73108781,93.65,0.73108781,93.65
LN8cazKjer5EdADoetJXp94eWJ3HfQR4sW,1.323,99.09,1.323,93.63
LfRBKQyPgp6PspCHdNxSzCzNtsFoLZMCvQ,1.32389758,94.0,1.32389758,93.4
LbpKfUhi5AU2yq8UvevGUA58LH2bMj4xKf,1.39750384,93.05,1.39750384,93.3
LXbFHjVmw1jfGFdCRi1hXo8GeUyttKYQ1p,0.83683824,98.54,0.83683824,93.3
LeBtzGTZmY5Dgboj2LRzoq6aZGBDTosYuM,0.9063656,94.95,0.9063656,93.13
LXyCHfRKbHNrC8v1UrqtiTuoKziFPRqxJP,0.72514591,94.86,0.72514591,92.89
LLhY6e6AVvs28zoNtw9ymZbkRvNY4Uv1dd,0.72508144,92.83,0.72508144,92.83
LUCHx7zLmL7fRLzKmwHmheMi12mDr1uFpU,1.0398908,89.67,1.0398908,92.82
LYBSRhR4KmHyWhsNW2T5gZtEKy6kGPXTrd,0.72285524,92.6,0.72285524,92.6
La7vNKXDL4XtabzoXUiBMS5Fw5Y5AN4gVW,0.84657104,92.07,0.84657104,92.55
LMcRxGsmJWQSVahoLh8N8GZf7Wz2wMtKjK,1.0,94.36,1.0,92.42
LQsPV2JbBZ62mFKkT9HVUfM1DWVPiBjhWJ,0.99,93.15,0.99,92.36
LiCgfXaw4fWHrBDCxeuFANErnLcSWFhdTE,1.10540229,92.2,1.10540229,92.2
LNn9fYAcLTZPkdeTyGkkzchgdxEdZfrfee,1.0535635,92.31,1.0535635,91.91
LdLV7YsBJCHi74cq7icxcZTjWLGaFyM73P,0.88,91.47,0.88,91.87
LY22utRsPQrhH2D9A7diSRMW7UPmr3LvHr,1.0599,91.86,1.0599,91.86
LU9yeiKw4a4LGdP6gieF6rspkBAsZRc6dL,0.87697165,90.9,0.87697165,91.85
LV7vDFNmrmzhKwFNaNKeVj1YsdS5G4T1Vj,1.0999,91.74,1.0999,91.74
LYgDiCinpupi9f8Wye36vzMai7x6VdSj2w,1.048,91.69,1.048,91.69
LdHdPUpCKGLJ8z87u3qBbSSAWmmFnfSeNs,0.76790629,91.58,0.76790629,91.58
LaQyHL1kaRkuVj8hzmTdrTCeKFame8TkQ2,1.08476335,91.56,1.08476335,91.56
LZWaqcZNi5CKiNf2AE6btrW5eKWsLLfEVd,0.83286176,91.46,0.83286176,91.46
LghZsLhRnfaKywUXFTCpXtzxTH5FsoW7zq,1.0,91.37,1.0,91.37
LV8VeNYyZa8LRrcWehHxCpKJ2f2gCTSPAu,1.39517476,92.22,1.39517476,91.35
LUaPaE4bNhk9E3W1nMi9Fsu4HRy4ST2J7M,0.78889724,91.29,0.78889724,91.29
LPnKNyHmEqjnwBm1K2d7K3wnPGU87ZEVCL,0.90427416,90.3,0.90427416,91.27
LdXtnuGDbpevvhicbVeDCcMefvgZTHyWKn,0.729,91.05,0.729,91.05
LdecDjKQqoFDe3wv48fVFuWcwaZHMZzze2,0.79988377,90.72,0.79988377,91.01
LhvBKaS6KXffujBEkowjXdejK5XjTdLTRF,1.28237751,90.93,1.28237751,90.98
LTEiELA54APsHHF3adHaRhpyNtGjtYknH9,1.03178871,92.14,1.03178871,90.89
LZATHZ3k1uM8iFyMTZRf5SoGdm8MuCm6rM,0.969,90.86,0.969,90.86
LariJjYWTRz95HYTBCJ8YLoVoLoni4RPuQ,1.16734198,88.72,1.16734198,90.82
LLnxpAYPmVVvie4LgjtEFoKuozdgk4HZwA,1.19267398,87.15,1.19267398,90.69
LWKHNXUHA9MDq95bGVpqYZpHfFPPE7Nw9J,1.1653462,88.57,1.1653462,90.66
LTG79ZKg4kJg6C2C9hUaSkBX4R58xVotaF,0.776,90.78,0.776,90.37
LZchakHkSbTsM24oCAjQtz3eAgjGxXKVef,0.85722448,92.72,0.85722448,90.35
LdfTtVi763z4XQ4ZBDRYaJd2pDYGi4SeXi,1.02361969,87.6,1.02361969,90.25
LWaY7v7VnrZFipmoaAcjQ5fpnPjUfzsrkg,0.96755291,90.28,0.96755291,90.0
La2ZfiJPjwY921U2LwxigHFj6ttYkzai7U,0.72246344,89.9,0.72246344,89.9
LdJo5MvDU2iMN5uQJNQKnfrvMBf2a8qcz5,0.9017192,89.7,0.9017192,89.86
LS4t7VBEpBsEfFsgKm5rBRDefvCgkL3VrS,0.86911249,86.39,0.86911249,89.76
LTNQPT7KuWdLZ59sfzpob5yByX1kHTeJpk,1.25607824,89.69,1.25607824,89.71
LMV7D3YqHRHvrfj1V75yRPuP1HDVGFUFWW,0.74601037,88.66,0.74601037,89.62
LZhadeYQVmvY2VHHc251Goqidh5gyPen4T,1.05117393,91.11,1.05117393,89.58
LPE4CXzyntotviGrcyidQBWcd2SyWSABNe,1.04301232,87.16,1.04301232,89.54
Li8itNMoNAHk2qoEMAHHB2mz2PATqLLCM7,0.92978251,88.84,0.92978251,89.44
Lej8B9JJpmrXPMXHcTL5RyqPetpwGLzAKV,1.26312138,86.89,1.26312138,89.35
LhEP2LSxoZZ3ehEF6pZR2p3UbuHL7CJyXm,0.6969,90.7,0.6969,89.27
LWk4Eqm1VarT8KmTUqYD8m74K3gpxbyiqa,0.87726292,86.5,0.87726292,89.21
LgFjTaydtKPnn5143UMJi88YNtc2tVo3J8,0.99,91.38,0.99,89.13
LNXuQRjmWENWy4ys5nMDumLQoT1X3NMzKj,0.69009427,88.13,0.69009427,89.09
Ld5kFz3nj31jYiSPZStmrphdR7kpYdzCVG,0.6749,88.03,0.6749,89.01
LZKAWd3oGn5dqP4VK4uQXn8au2bHTA8PbQ,0.98355257,89.6,0.98355257,88.97
LX5jsb6MK4KZD8prBj2a2jepZoMvaVwiMz,0.8055,108.67,0.8055,88.95
LbrJ2UkKQ3LR3Zxf3Ayn67nS24h6iJ7Y3L,1.00547619,87.68,1.00547619,88.89
LiWzrnHhoYCXkwZvBNdxL4ag5h68hqcuSs,1.25120233,81.83,1.25120233,88.84
LadfGcS1G2tXAs9utcNro1TEsXkdxXyTX2,0.93165467,88.49,0.93165467,88.83
LS9KgQ6gJwopDcjE5SW3P45N8dHhvgGoFv,0.73164303,88.62,0.73164303,88.62
LX4q6ha6AHNv8StMJErvZmUKGtaZhyffyb,0.98635343,88.4,0.98635343,88.4
Li8HwLWaVmMeuaUtBtm2PtEkRaBbNsuhay,1.35984323,88.32,1.35984323,88.32
LKFpqVUiQ2jwkGZjkaByUcfgvRcaXH9V8C,0.74175083,86.35,0.74175083,88.05
LLrKbCvNSQ4PshPKtMY6HECpTc8rdJJqMs,1.31111048,89.15,1.31111048,88.04
LMaCvMLdzkWuDVKqybsBYdSo3duRrGfFua,0.72651243,88.0,0.72651243,88.0
LNYPuY9acgTqTVWfTU41HqY9jkpytbYCBk,0.89460899,85.65,0.89460899,87.95
LQWVNGbdK6LbBTFytQ6gANDUGpjnehm73y,1.24901674,85.1,1.24901674,87.82
LLwttFuByhLWwLDZVrMeFgCJ6dqrP2XAvv,0.90093478,83.62,0.90093478,87.62
LTsmN1KfMh7NeazxtknxG4dPPA7i3qMVYK,0.67190604,86.16,0.67190604,87.56
LL1rabSkEMige5FBGQSH4cwa7XhjKpGdPT,0.96181191,87.36,0.96181191,87.36
LKq6BpKRK2SUs1mTvth8KRYuX5JTYSQFYx,0.84463728,87.23,0.84463728,87.23
LLinKCWspapjFRaetWkYsPfWHuqKxovqih,1.31964218,85.99,1.31964218,86.92
LTtaRV9BpduxySv4wHVAwD4WWxFbM5Q4TB,1.23458205,88.59,1.23458205,86.75
LcaziEaBGULToqZHijadKeaP6QguqT37A4,0.96186208,88.47,0.96186208,86.66
Le85QXRvGMinJKjdrNypjwv6DJDmzr2yiN,0.66476415,87.84,0.66476415,86.58
LTHQfcXX2j1WYdoweiYA727XAi7UAkpJTM,0.69196325,83.69,0.69196325,86.4
LT5FmCtZ35XLCQxNtxJhbaxzzYV4jCEc8W,0.70047714,85.37,0.70047714,86.22
LYtrhKEJ9dzgre35p5Qu9CqsRgBj4jKDS6,0.91906507,85.13,0.91906507,86.11
LUX2wBtCDipHWEZdFSUrganpV1L41CRfX2,0.82416157,88.34,0.82416157,86.08
LSV4F9tZa5Ld6RLvwWAKmocEFvARScCEtt,0.68415278,86.01,0.68415278,86.01
LLsLahdP7NXMEm1mGd5x7zV3huUhYj9QNN,1.05889772,87.48,1.05889772,85.98
LgzbqtLaPMUX7RExYYu2yrjJQrzxogDCHm,0.71889075,85.96,0.71889075,85.96
LSyxScLh5F3rbHN1pZkUXXcEhoDp223nST,0.94746623,87.03,0.94746623,85.9
LcE6Wx4SzdnAGyesq4Q9dzh8DnsGwrJWtR,1.15828177,85.7,1.15828177,85.7
LXMM7gVaxPgW3DkWvkoFSYVTiAQVAuxQrN,0.71354718,87.73,0.71354718,85.69
LUKdzpHqFGWf7QhYqfmP6nWVTEQaFiuSRW,1.01994263,82.82,1.01994263,85.66
LXksN9yVPDSgo3cLjWwAAK3XRoEPraktbU,0.85158858,87.07,0.85158858,85.65
Lgded57JLNsHnVktYRSQEgeELfcJaVQiPw,0.72634057,85.9,0.72634057,85.52
LZPmcyEmuKm36RMLHZukSc524F7Ee9sm73,1.16793704,85.01,1.16793704,85.39
LWyCNxmzJm7svoFGLyZpwfLEsoG2ELkKcY,0.87770187,81.47,0.87770187,85.36
LRQP9QLBsTxnT4Eov6jgnWptvBRiSRgG4i,0.8812,85.18,0.8812,85.18
LQYFRyCK9CA9cZ2exjsoRLRYgt3u4xVSYj,0.66408215,85.07,0.66408215,85.07
LgDzziu3fPvjm3UQoNhgSfnYYKUrzuSQa7,0.7347383,81.72,0.7347383,85.02
Leaxnjd2mr9uFPETLceDUb3Y2vZUjQXRP4,0.71178539,85.56,0.71178539,84.89
LKkFXAqumN7ASeryR2gjuFh8MwAe4dqNJj,0.83244709,83.58,0.83244709,84.88
LaVpb4yfBU8wFRvSgpNGQVoEy2PtvXDxeT,0.78347894,92.45,0.78347894,84.87
LeUGsvC7PdhL4dTrhZLt3Jf1WUbBHp1d2D,0.84129671,84.76,0.84129671,84.76
Lhy3mxqVv1ic4wXzrRfqQwp2TYBcdLGEQo,1.31147628,84.71,1.31147628,84.71
LYJGTFJAvkL5LWbrQsLxPoJNX7jJDqEHeK,1.27277488,84.71,1.27277488,84.71
LYfjJmJzpdY3XD2cKngvEQGt7ZLxBuzUMc,1.28058057,84.04,1.28058057,84.51
LL9xAJpKdXdt7BXJTDhS2s6bUoXZA9JLss,1.30218578,84.38,1.30218578,84.38
LY8wFDSyQxskSbaGRsZWX7JJYZj7TeuVP2,0.70174463,84.36,0.70174463,84.36
LgofLxfZpHcnFVUNEJVDd8aACqVh6zW59t,0.677222,80.75,0.677222,84.33
LWL52TNpZDJnTLp6h3Pw8Yf99rT2FLpLDW,0.94513136,83.93,0.94513136,84.24
LMCQzDhuMAW59y25La6GSdKTDXQUWnMQmH,0.80950611,83.99,0.80950611,84.13
LWvMwM2LxfyJ7TkJe8aCgRxWNnXkht6z6J,1.0039397,80.69,1.0039397,84.13
LWwJbGP5nC4UL6t5MqR5JRKxu3EtxEmAtw,1.0703024,83.66,1.0703024,84.07
LKmSzY15HoMvKQLuajNCYGRtPdYfYxJqSR,0.99735742,84.06,0.99735742,83.94
LKQkkKRjt3bJSshjc5koFi2WiDCuGNh4cX,0.78770324,82.76,0.78770324,83.78
LRPobUqCTTFRAVPPpai8vBuXjpyWS21CoA,0.64229873,83.52,0.64229873,83.52
LZemsMS2aaLVEFwxPQA3qUYvSAgKHTqyTi,0.73243293,84.76,0.73243293,83.5
LWCNm2yZceKSdMGLFTaQAHqXzMuvoLPoYf,0.7222323,90.58,0.7222323,83.46
LVvmuQr4Q8HuZvxFmFRvefiWHG3WVmVcZ4,1.08937152,83.42,1.08937152,83.42
LPJ1wDM1osE4bqysoYsFFEXbE849DnRWPJ,0.98104409,83.19,0.98104409,83.27
LTzPbeuSzCyR8MRJ5tgP4Y6PAGHGiK1pP4,0.61704102,83.88,0.61704102,83.25
LSTW31KCW3TZQaGEAosLnnyBWQ32efpE9A,0.69789216,81.09,0.69789216,83.18
LXDmfyZCAzegYyrWM1dJmLvTNTuj6imRGs,0.75078798,90.05,0.75078798,83.09
LYpMC8ykw2EJLqsU4Vxwirayy7G96pXrXg,0.75587096,81.91,0.75587096,83.0
LVqaweu6wSHEP6i8aznH292ExmSMm2Ldvk,1.12905664,82.6,1.12905664,83.0
LXW5w8EaWU2D6Cqv8VBL9TQTPV7hbpEePt,0.81131474,82.95,0.81131474,82.95
LXpgK9P4H7D6x4jNNmV45aiVK4v1dnq1iu,1.05351741,82.84,1.05351741,82.84
LfPthuPt9Yj6KHCJd7cTEryhZnuEK1zuEm,1.28081437,84.14,1.28081437,82.73
LevXDBsxysdzFGSiNyYyqV47paV3PBZ6a9,1.07955073,82.67,1.07955073,82.67
LXX11Zc185Q7BcL5JvwgfYxTZK7fzXXyi2,0.70288829,81.15,0.70288829,82.6
LgLnQipRQMT2cnBZ97bHLe3qxNK9aKhjmJ,0.75048115,82.42,0.75048115,82.42
Leq19VT645nJdWMLFDZQbAukNoP7wiH6ia,0.65722968,82.39,0.65722968,82.39
LZA8xuSx7sC2ndcMxYaEcyEtmHfhLXv5uM,1.00136041,81.47,1.00136041,82.35
LaHU9i3jx3JkX83ResX3RJDc2wP9pzQrtp,0.79730909,80.9,0.79730909,82.18
LiGEPVWQro2jN8Z4XepomubK4ktRFjoSAf,0.79991885,82.16,0.79991885,82.16
LPLjobTdso2yJS4by1CduTPcAuN2z3sonn,0.95005124,81.59,0.95005124,82.12
LYY9K538aVhNiekHxHMeJx2kuzHuNobZN5,0.9809058,81.26,0.9809058,82.12
LXzLMEW2VqGDPeUbx8YNaPKvuwhHCW6fMz,0.78851,80.61,0.78851,81.96
LV1i8ustX6JTuoeTTRdVJpF2SvP95JBGKn,0.79515569,89.28,0.79515569,81.9
LXvWXLgxJ417UTPPY74umopTFAM6aEmuUk,1.2365862,81.13,1.2365862,81.85
LgUcetiT6PtnNtW9igNmtbw7KB8WCfjpAj,1.1173172,81.69,1.1173172,81.69
LTTz3PCDqc4iPJP5u8QD9RyCTANfFmZom7,1.10182357,80.2,1.10182357,81.51
LcLkMbyTtN4dZtUyme9rErDQP1Rht2o847,1.04681978,80.72,1.04681978,81.44
Lgp4hRosBNYMpDva164aepTqqcomB2EdwG,1.04009966,81.27,1.04009966,81.27
LUCvMZUFxXKuvDgVrgoxHpgfXVREA56rGP,0.78976717,81.62,0.78976717,81.12
LckkY36KAMfBKD5M8dctYypEQqf2SVwNEa,0.6684,80.99,0.6684,80.99
LMLemE6zEW9EnnaMtJ2GSd8TJmscWpJ2HY,0.84830065,69.87,0.84830065,80.96
LQTbaAy94WcfitU4CMgWA8jScRh4ud5BFw,1.05988341,79.79,1.05988341,80.55
LgSBWpoFCSBJDZo4zNTjrCMiCnqucDxRAW,0.72300566,79.56,0.72300566,80.55
LSdFZE26RX8PGNWqFb9ZQQSJ2i2HV9fE39,0.72384278,81.59,0.72384278,80.51
LRAJbYfZj5cqYDDeCRku7TX65gP1VziPNT,0.64653234,80.45,0.64653234,80.45
LQPog5gb4yCHRsgRxquS54ZbLVML7DdiL9,0.95707269,80.43,0.95707269,80.43
LVFYySZGXwxwQdfYSk5pihjSU1wydB5mAa,0.60162152,78.75,0.60162152,80.43
LWLXALCoL5tapVcgwy3VbYQvggkis34VxW,0.90151172,80.42,0.90151172,80.42
LKi28LzwGJ8xHAnk1zp3prPqxV4XwXRmk4,0.8,71.62,0.8,80.42
Lc3RdQJcZhtxh9TLDaafwFGQZpUFzYWZba,0.70397889,79.79,0.70397889,80.24
LPsRdXD9eW3zBjUwm4d8RTtULcbSkmSdiD,0.86189595,79.56,0.86189595,80.21
Lfye9uipTVsTPKFaNek3Vd37gNTLFxrAsg,0.61755037,80.13,0.61755037,80.13
LeiNHLsf7sV3RGefoU4P7V96SyhiX23CYw,0.67914632,81.05,0.67914632,79.97
LKRParax3y73vpfqgjD8HfSbfKJZWSuvJa,0.98426322,76.56,0.98426322,79.95
LUQXqodi3u6JZF5Ughzxn7tAfuoV9KT7Mb,1.1444591,81.25,1.1444591,79.93
LbqRa11UEtbvK3GPFN75paYBuPtsiK7D6C,0.74804723,79.82,0.74804723,79.82
Lfat8jmQciz9tvW7Jm9nhxpZJG9PJZf9Mn,0.62329459,78.86,0.62329459,79.56
Lgx6FwaEwMhe6TGYCYapd5Vez4gKbW3hLB,0.6395,79.47,0.6395,79.47
LR4q91bn93WiAv65RzowPnYBNYjvvtP6Hv,1.05463345,76.55,1.05463345,79.24
LKoSpzRiFnZfbPXMJAUC6jKLzhsKgJ6Jbt,0.97576175,79.19,0.97576175,79.06
LXAaPSyAyh4gckYmWGy3WVkXeEyBJp7YSN,1.2060952,77.48,1.2060952,78.87
LfBiamxG5zEp4b2L3Qdf8zqBmshqrrPxN4,0.863,77.23,0.863,78.86
LNWZ21gf6nC9zc2g6QJrn55TLoEzgiLwN8,0.82853831,78.85,0.82853831,78.85
LcZ6Makp5wseTG8QG8bQ39pzi5Hoow3MrT,1.00806215,83.35,1.00806215,78.85
LP8ZR5NqtmijJoqFAfiGgbaDaqtpz2TADP,0.9054142,76.33,0.9054142,78.83
LQtmnCrmtwV69oXAVkkpfnDycte2kBd8Z1,0.75519899,78.24,0.75519899,78.77
LT1RJW8iUdZEcbiuRAfF9wHTrb6NfNGXLZ,1.11047835,78.7,1.11047835,78.7
LTdVjwhfJHTQsMFXTXHhCryBNHXMdGeHNm,0.6380379,75.95,0.6380379,78.67
LMCzsfyCoYsg1V3rs2KNhhtsGXEFUQsQ9K,0.63619138,78.29,0.63619138,78.65
LW77x5c855Zf3sT2tmpoaz4jb6GyJLn2xk,0.66449307,82.74,0.66449307,78.56
LYttrhF55KzpWeZ8B7Rwje31JrvoYgFB81,1.07221972,78.05,1.07221972,78.39
LSHWsTLuEuodWoqgBSnqruDrZmgZHgfkHi,0.88077959,78.32,0.88077959,78.32
LXTt1NguJNPvgH5CbY5BfNjHzKrKj9jjj8,0.73617837,78.12,0.73617837,78.12
Lg9Dyv8kPLdb2KC7CD177xkpdqcBq4W383,1.171331,78.07,1.171331,78.07
Li3Zq78JCo3KLWk3oZ2mwEbSTubKLxtoG2,0.8395,78.04,0.8395,78.04
LQQjb83HsobsW5ddowryy7A9FxGJAi2PN8,0.7352579,77.31,0.7352579,77.99
LiGxRyhrQejmASosQPxtWxiKo8GuPo3iss,0.9228756,76.58,0.9228756,77.96
LgrXPD7MxGo3mRGcMfFXVjLPPysm2nC3uL,0.73638573,77.73,0.73638573,77.96
LLemZB4TmaUUydPmL3bdAzx6GFDWtA2QWd,1.14746432,76.72,1.14746432,77.8
LUcu2vUp7UQgBuH34QPfsNn2GX9xMVHniz,0.7499,77.53,0.7499,77.77
LNfisTmqvpDQ6tAXzdFYCSWkFoqfoGbh4q,0.8171427,77.73,0.8171427,77.73
LMQznS6jv2bqSfFE5oUPdNjKh9FV2Wt6HT,1.11670703,78.7,1.11670703,77.72
LZ5fgXN6a19sM1WQkmnrkejWJniabYkvaS,0.94335869,77.7,0.94335869,77.7
LLjuZpuChxFDVyRLt4BgYqhqYG2Jtvt8gP,0.79816772,68.33,0.79816772,77.61
LdzUpRYcTJUo9DAWA4eV83rmHKj52UFKLq,0.8491548,77.59,0.8491548,77.59
LdMjtiUgd44yXb7DZ6pRamixvtLcK9Uh2x,0.73661117,80.44,0.73661117,77.55
LWyMZwc6T35M8J5cwxeRGDcykW4WQ1P57q,0.70499584,76.38,0.70499584,77.42
Lc4SfGL1WwYGzfkBaPpBcYvg4qfqEZwzBB,1.09197816,77.39,1.09197816,77.39
LacaDpyqyGzQ4NWEUxfhAhxR2SNN1hvGa3,0.70078474,94.54,0.70078474,77.39
Lc38pfAyfd5K3i8ZnJCaTasxfXC3t2yMuk,0.81020326,66.74,0.81020326,77.33
LLuERhn2gF3Hw1TqwLRTnEKuEUaTRbnpp8,1.08711145,74.43,1.08711145,77.29
LfEvy9pouTzzZnjMy9wAgAy5VJTWv3iJ6v,0.80826053,77.79,0.80826053,77.22
LaYXT6XXhTvwaKzaYE2FMDNR8HXC8mQMGW,1.12404215,78.01,1.12404215,77.2
LbfJnrfF1Nue5sGQBPq8eePK5Wt71RyzpX,0.68342798,78.15,0.68342798,77.17
LWurFsYCk3fVWymSyPUmtKTVRN5dbEr815,0.75364927,78.68,0.75364927,77.14
LbYfrF3N8k5mDqm6ocQvd32uiaLqoRQcaz,1.1499628,77.08,1.1499628,77.08
LKS8TszkzJytoLp9WWzoeBjTkjVtLQ7h5x,0.67245495,77.03,0.67245495,77.03
LYVjP8quyLx1MATufYJjXUKsUNZXjB6ECb,0.92442328,76.18,0.92442328,77.03
LTKy8HRufhntbkK8aYSdwp8Y2mnqNxdfqD,0.94329784,76.91,0.94329784,76.91
LYSnvPbZeKfRVi6YtJN6WxbYsPBhfoPXLR,1.09423371,75.86,1.09423371,76.89
LgTdji1eS536qUTPvCHH5kjA4DnsQrL4DC,0.75679764,76.97,0.75679764,76.58
LRzvCBy8hocXBrBbCWpuysMAqbNKZwwTgm,0.96263433,78.87,0.96263433,76.56
LXKmMjPiEp6DYiHs5rSPjPQms7dxKkBF8c,1.04929174,74.82,1.04929174,76.53
LbfJY7W6EVLJ6oNsz7pmiTYSUz5JWoj87K,0.67398,87.28,0.67398,76.43
Lb6oVGoLvBM6KuMUbhrVCp867c5ShU2cMG,1.139759,76.4,1.139759,76.4
LfivGZZNYZELZaWozdDB3AbN2wyMk3Hk2J,0.88377359,76.33,0.88377359,76.33
LPx1JT5stctWgSUPPEu1nRW9NTPhXQuH8b,0.73537766,76.18,0.73537766,76.27
Lao6MK6wnRGpF61XUWKPLdXEk7tnEtBbzc,0.87850662,75.67,0.87850662,76.23
LQa8f4EAg34Pyfm8puY2oixLuzYb6TQp3E,1.0,76.19,1.0,76.19
LXSYNXNEyJFzc4hcaHcAq8Q6zDiwFRSa4p,1.12523153,77.69,1.12523153,76.17
LMmzjSpqsTUkvCK8hEk3NsRmhxbHTB8RCD,1.0,74.94,1.0,76.0
LMpEGNgy54TQ4zvcjdPGZvRp7ezrLAgXH5,0.64479117,74.42,0.64479117,76.0
LKwweoFGQpaBca9vwRJqcZQqVWYe9kY7V3,0.65073955,75.44,0.65073955,75.9
LcfEgostLewJ6mfpsL96SrzaV7vfJarZqX,0.73449012,75.89,0.73449012,75.89
LWqDiGzweEaRj3ixQng3tavS6tb737c2Mg,0.75399504,75.84,0.75399504,75.84
LaUFa9R3P7NvcCMwTmBAyUyUDCLuYQkLUc,0.84587806,75.71,0.84587806,75.71
Lf85BSvj1pWW7ZBmJwvhccRkSNk1XB8cmE,0.944,75.56,0.944,75.56
LatTmhgmKkionLnepgF5FbbkyfhcQFZsPT,0.84787453,75.47,0.84787453,75.55
LXgj2Lok8cq3eL6Gj443ER16CWFwS6H2tp,1.04674639,75.43,1.04674639,75.43
LetjZptpeuiTKJBeGhArJiu7MyHg89WiQ8,0.66651639,72.79,0.66651639,75.35
LUFmPoSCCGbbZMBUiKwpGCnxukq3vpu4uy,1.0,77.19,1.0,75.28
LQ11EuDuwDDcayj6RPqP1u4c12g8tZMDTv,0.88847023,75.27,0.88847023,75.27
LUYxEJqhAf2zQ94YS9vt64a3za6wqFWwju,0.7279742,75.27,0.7279742,75.27
Lbjuu2eU7J9nGTLzBhg3M1A9mPDJo1ibD5,0.78158976,75.12,0.78158976,75.12
LZZDb3z9GzZd8SXvZokoUg3Hb8ddy5Udf8,0.7228908,72.38,0.7228908,75.06
Lb3Jqny1EbvafNYJNR9EFAPKzBXTY41mYt,0.93785101,78.06,0.93785101,75.04
LVzChHdyMeeZGmx9SpJWYrs11v9DixLxfg,1.157875,76.64,1.157875,75.03
LTd1tY4mrJVkFHYUZXcjjoEVDjFWS11f8G,0.70782273,74.15,0.70782273,75.01
LaJeiAubT52ABW2uszDsGVpbp8C4AzRgzn,1.01454102,73.04,1.01454102,74.95
LUmXtqqDEAyo9tMswADXwLnHtbVJgsP9Et,0.63480114,74.46,0.63480114,74.9
LXgRHX6ooCkXLachXgTNEQEoQiHo43bV2j,1.02405112,74.87,1.02405112,74.87
LV712CL7gFR5Z1gttcZro9s4zAyTvSvsPv,0.62807226,74.48,0.62807226,74.81
LUmnQ6G2mw6sd252FJHj8Bn1grmAcUEW7w,0.84416509,71.68,0.84416509,74.79
LSJ49iECMbs1skirTbAwJJELdjTPSHxLEy,0.9603756,73.08,0.9603756,74.72
LcpjX26knbPK7NqfPbwscWJbp9LCi3auqd,1.15234959,74.67,1.15234959,74.67
LT4ms7sS1rMvSqKyKSPuenvKKUGKfv1sUU,0.70012397,74.38,0.70012397,74.62
LR3DEUqzzwrdJwCKNHApkWuqvwyE6VZvzv,0.64893313,74.4,0.64893313,74.58
LYph2u2YhNigzdAMkLSoTFtLEuqfjh4qAN,1.12588786,74.52,1.12588786,74.52
LeesVNt23yiFGBw4YUi7ZVSW66tchPpdE3,0.6017,74.3,0.6017,74.45
LheX3o8toxHms1m1nNoYRfNoJysotcbwrZ,0.73210848,74.21,0.73210848,74.36
Ldd5GeCtJHAhZmkSr5jbZW1J6u9CG4KhT3,0.8442595,74.99,0.8442595,74.34
LLEW71k8bQGzKWUS2NhAdPVQ9hHpg7yLGb,1.06348025,75.5,1.06348025,74.28
LTLLFHHK6y7AXGtqFzqnAj7RJk293kqpza,1.0069,73.5,1.0069,74.27
LebKp9nky1GNT4ZHpmhw9n7WUXjJ6Wf6xv,1.04403537,74.23,1.04403537,74.23
LaexnTFn3KJhrcjuQ1G2L6NnfkM8hECKnc,1.1183399,74.58,1.1183399,74.21
LWjxKZ7VtvBDJhrDLAwXyejo9DN4VTcaTP,0.655611,75.43,0.655611,74.09
LUBVcXHhZXAQLQeRtMpbWkKH3AwLs1GTDe,1.0796,74.09,1.0796,74.09
LVokRjC4w8w563XyerhVJG7jLZqNyyWX7a,0.62135791,72.89,0.62135791,74.08
LeNJdvJV5X9X1DyA6LGLEkNmgjEXQaaLvP,0.65949,74.26,0.65949,74.02
LRWz8AtYkJz9Qcd27qJurPNAXzBpMMd3oL,0.72024025,73.98,0.72024025,73.98
LUEr9ydRmhMrmEkcvJGNGo4SKFPH4QvPUJ,0.7158973,73.94,0.7158973,73.94
LhyX1SFnR4FwuGH5TcehkMxnjQuCozMG6u,0.543356,72.64,0.543356,73.86
LQZ1EZBWQtVm9jgUr8FnTf12stGkLU58HS,1.05365,73.79,1.05365,73.81
LLyKKHudpGpman3CCEmZpnuLzXmW3jR1jB,0.88609747,73.99,0.88609747,73.79
LU9HhPzf6wnDNETeAXPPL5QShARXTDJakN,0.73455679,73.47,0.73455679,73.68
LYPYJy2fYt5gZa6YD7gKWfPY5T6jPfKP8M,1.04880815,71.79,1.04880815,73.65
LZpRRWRDBRPUMpRpcSEFqozoyrsjhP3p2S,0.55977904,74.41,0.55977904,73.28
LRUaUb3DdB8rA6McA5RG48oS4ndU81cKUY,0.62416676,73.21,0.62416676,73.21
LLLh6vfF9awdC7QF2pzLXeK7RTMvqMCKpH,1.04007404,73.14,1.04007404,73.15
LPAqy1xJjJtt9oSm67qrgWJUf1LNpGfHu7,0.61040124,72.99,0.61040124,72.99
LgNdjX2zxVqnEioj2dLvBjqYw9QRDeas7s,0.72685442,71.92,0.72685442,72.92
LcpBsx7arFoJoA9VNcydpWK35RdNK3EYWf,0.66,89.04,0.66,72.88
LbVUqeaWE83WzchFSqePubxeqxZ2Fk7xqK,1.03597003,72.8,1.03597003,72.8
LVCHQaiEAFN99pNuKtopmRv8ioHt7TMV5q,0.71163612,72.9,0.71163612,72.71
LejagL2GrSeZnvy9KkLwjin1TNr1NdiGHA,0.60995996,72.33,0.60995996,72.65
LNj4BJFyk1VUrahS5cz4K48kzSMPaXABPb,0.6597,80.77,0.6597,72.5
LgQEiRVcLhRDs3xkQRS1EgCLVrJ7Vd4Q11,0.66564803,72.69,0.66564803,72.49
LcPWiijsHegNYdErvLfyxJZGfCQD6ThTfd,0.87028528,72.67,0.87028528,72.47
LXiSRnqmc5JdroX6LSHBTWWVQ9crz2fab5,1.10903323,73.11,1.10903323,72.45
LSNFYNTYCKwvWfzsnabZQLLNhgryrop4Ca,0.98271748,72.31,0.98271748,72.31
LS2oZBgxnjZWvrim2zMpmNwEUT4FhcFHXa,1.09136681,72.98,1.09136681,72.19
LPXzu8HVMuKEquLQkG9aZs7iDDyJcALMR2,0.64895214,68.23,0.64895214,72.18
LZhZgpauHqzML8pmwbCJutnfVHxmVWDP12,1.02926949,72.09,1.02926949,72.1
LRPS58NafRPyJDQQg65oWYoL2V9uQa7VYv,0.92643711,71.57,0.92643711,72.08
LcSZKYxg6GbJKtyDPDUVq4czDYsv94rvPT,0.84301718,72.28,0.84301718,72.01
LRdg8w9BqogDB8y9B97k1LUbDRPM4yyiz4,0.83044982,71.88,0.83044982,71.88
LT3eNqAsCv79984oZwrfcFDuW2mfYwohfS,0.65376938,71.8,0.65376938,71.8
LWseS6keyF7NpPTGjmTQgRY6bJ8z1LwKFa,0.78265372,71.59,0.78265372,71.79
LPZfYHLmbka9h1ykvcEFBBhkrTytacJjqX,0.712986,71.61,0.712986,71.78
LfPrkVFCizb2yVW8etyjpHaBPeRVyWo2eK,0.82600995,71.0,0.82600995,71.78
LY59SoqNiGhbVmUNNTmp3boJnnfrL1n4vo,1.09690883,71.74,1.09690883,71.74
LgwjTDYch6ixaKSQ36dWfdpriJoWcpFaYC,0.6899,70.53,0.6899,71.71
LdjeGviWE1HTVYiC3ikHWnCeJB4ih3vqjH,0.620614,73.17,0.620614,71.61
LfHDSuLcMF7gJ4cgdsCLCnnYTJv6v5DgwJ,0.69907183,73.35,0.69907183,71.58
LXawoe54mvUED4zTiT7R6XDAsEiLr4YUyw,1.00746914,70.52,1.00746914,71.56
Laog5cPcEA22fSR8bXdGikEBeRGgtNiqdz,0.60635093,71.55,0.60635093,71.55
LPP2xx6MZzm3rSNmCdrDJQ4m1imdk6SrGR,0.69113782,71.3,0.69113782,71.47
LiL9bDk7VLuy9umLMYBw7CFsqqXuvLYNX5,0.65066524,71.85,0.65066524,71.44
LRPEg5qf5nhJ5RBrNcTZLikjRM11YUHGS5,0.5359904,71.25,0.5359904,71.25
LRf3qugwJMgmHdLEpJyX75Mb7X2zBywBbB,0.7842578,71.23,0.7842578,71.23
LWovLSxpi8rhRRbE4DKChwp6B3eFSA9mFn,0.994,69.1,0.994,71.2
Lerc5JtTnECmefxKQGpPvmGVHo63ER7AU2,1.0013701,71.2,1.0013701,71.2
LPsoKqewmVa4uAMsYEbHfKDZAnEVL7NtJz,0.77198526,71.18,0.77198526,71.18
LLhz645jfvL4kUfQQTfReTdGuBVXTxrKte,0.6744,76.56,0.6744,71.05
LeTbzMAJSmP8zBCYAnToZ4pR2ajyvSNokn,0.7725297,70.95,0.7725297,71.05
LddeYntJCDjBLiiXawrz51V5bdaXnZL2z1,0.811762,76.82,0.811762,71.02
LSX8oxz66fU7L6gGPWKQikYnKeCYkirwRn,0.96269081,70.49,0.96269081,70.98
LRTeYtQ9gQPrzEu7cT5LLcihmWNReQtS7h,0.77534026,66.39,0.77534026,70.91
LNdd6GiNhVRj4Q57Bid7VGjFtrZHDi3yvb,0.93180663,69.83,0.93180663,70.82
LMAbsnBYbUVy4aJ5dG2EMXncWjD7Nn4MAo,0.73483079,69.91,0.73483079,70.76
LUrs3feScETFrQM6U4mXrch5bLPfGinyN1,0.871395,71.03,0.871395,70.74
LYB7mudj1hrobGrAhto57ByrXFVB4PwRPg,0.82802505,72.09,0.82802505,70.7
Lau7uiB8xfnPboNa2Gk7zS3C598RKgk9uc,0.69871954,70.63,0.69871954,70.63
Lbk7DBsBL2STemiBTJ3PrktBfykwGXvsqp,1.0528814,70.11,1.0528814,70.57
LSxK8JEFSm9vw25q6PfX61VzpUf7MXC2ap,0.998,70.44,0.998,70.44
LbJG8KHPKqezVv8KXws1bmk1WTue2H2PYK,1.06975794,70.81,1.06975794,70.38
LW49fYtBrTTa53fZrzAaMx3KYaqHenk8mL,0.56927116,70.97,0.56927116,70.27
LR9fwcfbhtRzNVTJt55sa9Tf26M8G8Z7Ym,0.77984128,71.67,0.77984128,70.27
LhtPGBiBXS6sWpzn4n32JsFDd4CoY2WZWf,0.75013503,69.68,0.75013503,70.23
LKu4JigVX6nPpPdR42EEXF6uUcszUi8y3R,0.6702675,70.2,0.6702675,70.2
LgWfHNaRhAbkRr6UEFHLiLtoBDtqL8VNrg,0.80169299,75.86,0.80169299,70.14
Ld2WUePW4BFCNkwsFEfLCAudmQQ37gG1up,0.599,61.37,0.599,70.06
LU5f28nV7mNZzuuTKaJNq2wEpyDy3PPF2W,0.68147485,68.01,0.68147485,70.0
LY38oheVmfC5K3Yz5jJoBJYvj5hSnTcVEi,1.04243049,69.11,1.04243049,69.87
Lf15E63YhzKaMGan3GmFuSLzX2QxmGQ8wW,0.50914943,63.36,0.50914943,69.77
LMxXNwLXF5mqu78yf3HBN1MmYE3BSZsobR,0.99267899,69.76,0.99267899,69.76
LbscjxxLHf7iM4d3fcaGiD8uNRLzkS6uL2,0.7514656,69.7,0.7514656,69.7
LVfN1kER9Z6JCGF9cqQ7odGwwcvV5Xz7Yc,0.59587475,61.05,0.59587475,69.69
LYrFdLMbWpbqkwpHkSR2PK2Zi5St1fCQbx,0.67786384,71.01,0.67786384,69.65
LbEhj4rfmjtndPYRuotYQLWnsZV4Czpz45,0.81348995,69.52,0.81348995,69.52
LMqNN6Z1VZohSx2rfvWMHX8qdKujAyiQYw,1.03626869,68.7,1.03626869,69.46
LNtzUWYAVuSB9n2Th73DDkTMeZnbnXgdMc,0.80372986,68.6,0.80372986,69.44
LR8WXUwQSHGkyfbhh5qq5XEHbVN4qgNWGD,0.9373,66.37,0.9373,69.35
LWuR3wVGLYn2SJUuqJ9cNDMJM8pqxCUpmp,0.88956405,71.21,0.88956405,69.29
LPEsB2sKg52PKPEDsk2LTzwd5e6kzLcjPP,0.90463111,69.28,0.90463111,69.28
LT6sMcN2TGpSbXkmyh53voB23CsJUiEVZG,0.75145702,68.83,0.75145702,69.14
LMEy4sun9mLNN6LFUEUwjySQy7kDG1PanZ,0.5499,69.13,0.5499,69.13
LPR4Gfs9eh3kRcd1s7icXEvkrSTHP6NWCB,1.00930734,69.11,1.00930734,69.11
LdEZ8zGuiMnN77ZL6hbikzWKoUQrf9idAx,1.04160375,69.06,1.04160375,69.06
Lgd3vejHXGn5sqcprtmrDddQsAenYfyZ7g,0.98577665,69.05,0.98577665,69.05
LNuNG71ASHVuKAuP3vG1FajUkAsrTySGYD,0.635913,66.72,0.635913,69.0
LWkMqG5Bia7Zw3GVVqzu6KvPdfzLM4EeQt,0.98456149,69.0,0.98456149,69.0
LhJzEi3iX4mGjf6zMeHV2XMZA1Yr3thgUm,0.96950069,66.38,0.96950069,68.93
LNkvXpKZXVH5yBv92LqmMjRCoiERSLmgL1,0.98281843,68.88,0.98281843,68.88
Lc7HjkikCzRALE2FY3v7KA1BScDUmJxLRz,1.03849943,67.45,1.03849943,68.85
LcopSRe2qhhVhdPvVXLcD5Z413qVtbMX34,0.6573,68.94,0.6573,68.74
LdvQGwVHbzrcX8e789rNQYEw4bJxiNEsgL,0.801,68.62,0.801,68.53
LfwP2krVrpbY8cir8tGR2sP3vH7k7vWBvs,0.75457977,68.99,0.75457977,68.52
Li8SPKpWBKPpLXj5PzLftqxJUNXi7eyMwC,0.57712487,68.51,0.57712487,68.51
LYqiYeRpFfFZGtxMSvvsd4Lf3KGhBYHjdd,0.92599435,68.51,0.92599435,68.51
LfRJRSXiKqVzQRi3jipMoDLiCJuq9GM3hN,0.99733365,68.14,0.99733365,68.5
LUHEbK9LZj1jg2oBa9nmCjkC9GcGZc3Get,0.80355342,68.34,0.80355342,68.34
LLNFd9yUrGmPrDonXxvs1AVNTuxkxLZ4d5,0.65840934,68.07,0.65840934,68.28
LfWEsB4oq66rzDvDsogiobRcgswT6VyZ1T,1.01251657,68.9,1.01251657,68.28
LiQtfSj2xoQoeJ8iDxVo3WyTgqM5QWpYda,0.81913382,67.37,0.81913382,68.06
LPAJzdvWNhyRuXKgTpDj1gXANEqRVH2NJY,0.737619,68.67,0.737619,67.81
LbZjgr61bqu3R3YRW9fsFrdhuBYvYDLHA6,0.69289106,70.39,0.69289106,67.78
LXMWzUZbm6FvYRkeUZSkwca9YafvctJWNA,0.4979,66.56,0.4979,67.68
LPKnF85brDdm2ap9kKb5jg3U3JP5iBwXzU,0.84530033,64.73,0.84530033,67.66
LdHyEyAUWnicaCKrnJuL8ggf9dJAyFT6W2,0.66772017,67.49,0.66772017,67.49
LMsDJv4xeH91CNrDpC1Jh67DM2fLoPquCw,0.68,70.6,0.68,67.49
LSzcDoFoYSoGga79TdTvNnLXQ8hmdGNvRa,0.70620833,67.97,0.70620833,67.46
LTnksv9XKMtJsVQ65Q5rNzNQ1JdwnWUB15,0.70629507,59.12,0.70629507,67.41
LSRLWH2AqpPZjdcZwmmNkvTra6SnHdYi2r,0.80825651,67.49,0.80825651,67.3
LNnHJj7xtfdV2n51TRgus38yiULaGuX1QL,0.7204259,67.21,0.7204259,67.21
LcuZMS3rbJZFJGZFieFYrfee75qagUK1ee,0.718907,67.58,0.718907,67.12
LPcQwAsKjWcWJ8w5iLgK3ZvTfE223xvYTz,0.97457203,68.27,0.97457203,67.08
LVodteExVG8XHuRP7R58FMqqULYCQcseG7,0.71867344,67.62,0.71867344,67.05
LTvAP73owXdLceTaFFjXifnQN3UB6rcoEh,0.6399,66.33,0.6399,67.02
LWvJxCf55ouB6UAn983v2rXeG5FSpPam1E,0.85611077,66.93,0.85611077,66.93
LRFVuPzfrjMNo9kN5k2RriZGUDekKvXHyr,0.63884206,66.22,0.63884206,66.91
LRmVCz98V8JekeLecYkVYT1STCzYFdAhMS,0.52299685,66.89,0.52299685,66.89
LQ3heRFy7kb8vMkR2kRLaXwPPzqEBSJtWe,0.7,58.6,0.7,66.81
Lhk4nCUaFrjtT4JnHvzYvxifgTkErQ7hv1,0.48735416,60.65,0.48735416,66.79
LM1US2nmVDAiuxD3zvJELBPyBRFmMykze4,0.75974902,67.08,0.75974902,66.74
LNKwrAYJNP9C5jfhyNrVrEsMSF62eW1Rtb,0.76927626,68.2,0.76927626,66.7
LRKyagAVZdhZMReJK5WSz9oJzX2eYb7R4S,0.85622606,66.55,0.85622606,66.59
LWhb9kFNr4zePo2axoZYPv2jcZS3dYqETw,0.79273115,66.54,0.79273115,66.54
LQWTGG9zohYJPFtozZcas9AH9Rr8jBqv7f,0.59285692,66.86,0.59285692,66.11
LhdH3CxHCHZy81eiutnLGc2XZgJBkSMcGp,0.652,70.62,0.652,66.09
LWSCUbQofgGMcxymzVdaGeb71qH1EvNndj,0.48150032,65.98,0.48150032,65.98
LdGMFRmYgZX18NDyZFc7y1XAGStHmEajsk,0.69011449,67.11,0.69011449,65.93
LKnaZvK8MGfNzK6GrqDGTSeAwtpWbY41FC,0.70087372,64.21,0.70087372,65.89
LdWwZMZpLpXY6dJzsyKjtVUxA2zoWm44mA,0.93033794,65.88,0.93033794,65.88
LZoZN1nAYcTkRszz2FGTYQZkiCmkyAR1PL,0.5392711,66.55,0.5392711,65.81
LhgcbL91tNyBWjgbQwwFCn9dSDRBFzyPTL,0.9999,64.76,0.9999,65.68
LfMQbdbJBYD69WfcMTVMCokBMT3jbzPLjU,0.9999,64.76,0.9999,65.68
LKHuH8MA4kALn6j6vbBNBvZEKcS6sdgjLM,1.0097,66.16,1.0097,65.68
LXrdFbggRXtv7RvbK5ssZegdfikXwYogYt,1.0,65.56,1.0,65.56
LYjwDryaca8aEmKfpggXPQzMb4ZxRmA1WL,0.4999,65.44,0.4999,65.44
LMfavVVzpEe6PXAun5wBdG5kjG1jGT1Y3E,0.63564586,62.92,0.63564586,65.26
LWdA2s8oSBKFW4Uh9Pfz1VGy7RQ1i3pHQG,0.59532955,65.68,0.59532955,65.19
LRxACDvWgU2bj86tqpc5oeELmdLNUNTBLR,0.85708998,65.16,0.85708998,65.16
Li4cYnrsZcyzfT9TD6Af9MCfXtm7mA885p,0.99395988,65.16,0.99395988,65.16
LVpcq31CLZkkbDo6C5vvpxemgHYQZ854bF,0.98244553,65.03,0.98244553,65.03
LbpNvje59kpxxowCAATVgo5EPRt6zYMtVF,0.92434923,64.98,0.92434923,64.98
LTLHvRQRhZmZBQ22yNX8C5UpPm7TDmChu6,0.98987412,64.93,0.98987412,64.93
LcJLoC4oqDXLhPtP3qBsE9odHTyoR26NaY,0.58981788,64.82,0.58981788,64.82
LPEyEX2AxSAtqsqiDDkH7ANybi3JpfQfKb,0.4932,64.95,0.4932,64.7
LZ4SPoHMfwQy5pkbmPkauhJr8FS4XP7J23,0.76316908,64.7,0.76316908,64.66
LbnBqfuGfQmLr6RSVmKo4nksdwMPGDviaX,0.8079664,62.8,0.8079664,64.58
LZCGFxkFF829q9wLLAtHB19b46K3G7gnVA,0.63465186,64.52,0.63465186,64.52
LSi6FrJbQm8PhJDXadxuuKqUnjhc2qP21K,0.63365976,64.42,0.63365976,64.42
LcnzKcFNfVymRudTakZGbaf6bgE583cMWi,0.50328885,63.87,0.50328885,64.41
LZv62WjhQUMkTUYZAy5GXhnAmo8piBzrmn,0.73058967,66.85,0.73058967,64.36
LfphgNQFokCxeK4xdPCrSEdTuF61jbGBob,0.62748832,64.22,0.62748832,64.22
LUXxcSQ4ib3hqhiJeB5d6hLsqQP3MLGGs7,0.83845122,63.72,0.83845122,64.22
LKwi16nCCoe9BuJRCU6EPbPjxUgPqWaU5q,0.73347371,64.17,0.73347371,64.17
LQWxebbCGajTcZmrb9zeXgjJuob7SLAcWh,0.59864081,63.12,0.59864081,64.15
LLeeB18msi4vrwqn4HuqX4sTqdoxXnyLao,0.9319,66.33,0.9319,64.14
LUNs1hkBWj6PQVBRujUEb4yVoD9NKAWqwe,0.54153974,69.03,0.54153974,64.07
LcbdWfAbMgYDVYVRGXhLdQESuBRBqLKgYo,0.55820128,64.07,0.55820128,64.07
LLPaYbipN3NmBLkUJLY5Y3CuvNecoo2eck,0.58520242,66.3,0.58520242,64.04
LNkbiHgBXyLJE6hPgJJbGf6Kb1fPQnv8KL,0.84228499,62.62,0.84228499,64.01
LL2w2EG9nErRVcrRJznom8ZBNTMzjBLSW7,0.77521249,58.45,0.77521249,63.85
Lbz6r98ncomyGjCbz4pSbq3EUgy2CHpYMu,0.72477103,63.85,0.72477103,63.85
Lgbz8b9XoxmC6Jc4GA2xz1kN8NiX2e6Xq8,0.76436242,63.79,0.76436242,63.79
LfCSfqi82vqww2d2GLnAhz2SLyyJn6AZoQ,0.60612367,63.78,0.60612367,63.78
LhyiT8q9k84h7H4F1ZR74dGp242F3k8kBv,0.71235003,64.57,0.71235003,63.72
LMX9AiJ7exJG7u6wNtUR44vriFZ31J8kG6,0.52667407,62.35,0.52667407,63.71
LceNYQLx1TkLfR8Du2UCDuH4niycsduj6f,0.50454453,64.33,0.50454453,63.67
LgbwuktMrFMHxfEMm9ZiYGMJdGMEj7cwFb,0.9518,63.62,0.9518,63.62
LZeLXe4DBcNVqp77ZAHDBf2yBd9AbsyfL3,0.73501,62.03,0.73501,63.62
LexrprPmgUyicQtrNeWC8r8VMSBZafTJyB,0.7207423,64.72,0.7207423,63.49
LiBSGxTMQGVBGozvtHmkF2GyqREhzdCffD,0.47415836,63.47,0.47415836,63.47
LR5oKMg5kyXno8a7rWz1YtZNenvnnpN1SY,0.97706396,63.22,0.97706396,63.39
LMZ4jWpRuwp7vBmPAYjSbj4ZiwBA4KES1Q,0.92082909,63.38,0.92082909,63.38
LYmigPaDQcqbnfewBujn9urKuNCC9wnuHo,0.5496,61.26,0.5496,63.25
LPLrQpD5foSiQTM6g1x6sYGHHGcjTNRjdK,0.58794879,67.11,0.58794879,63.22
LKH7cq9sPxuH1W1ehMmMDY94TtbZ7QY2EP,0.681269,63.21,0.681269,63.21
LWfcmjwkhx4AQnJYFTcvrq8xkB1gWqJqyC,0.73405938,63.19,0.73405938,63.19
LeS7Raf1NHoufnMdJh5cWnB1QBj6wRguie,0.73249432,69.46,0.73249432,63.19
LNjAyM4jxxQFa9LzGStVf8UWC4tSruxr7F,0.88402229,63.17,0.88402229,63.17
LZdXJPLGSTmurGat4aLYMTKamvi5Cf1fnk,0.51013458,69.91,0.51013458,63.16
LZaqfgR44LsNMV6JY92V8ENMoMiXY6BFqH,0.751742,63.05,0.751742,63.05
LeLWHF6TfKvqG7GsHwkaMurabUgshwP9rk,0.6035009,62.73,0.6035009,63.03
LW5e54cTjDbx33hFBQ9FDwCpNRXCSnKNRv,0.75139097,63.85,0.75139097,63.03
Lg5yUprk4VRahs5GaPHeFepvQxJADoWqnU,0.76436851,57.63,0.76436851,62.96
LbP6bUnZuBVXC1cSqHwhBDqwYjx5qHgYGy,0.70270625,58.5,0.70270625,62.91
LPkUeJFTQPMejkFhUgyxquRDY3aKBC7ZYe,0.94112586,62.9,0.94112586,62.9
Li3ZeGPyUJ932bVMN1s1VoaZHsBiN6FdWu,0.96136699,62.22,0.96136699,62.88
LW3gJB265DkoRWW2bnKP7F7hm8jRA2yHvN,0.72874782,62.53,0.72874782,62.86
LMLFUYEkd1z2xpa9TCEiGKLY6T67WC8eYo,0.5305334,66.06,0.5305334,62.72
LSKunAteFCBASrRVr2TEHSzLyfZ3JtPsuF,0.63555889,63.09,0.63555889,62.6
LfFJdf2QezkaZ37p3jZqqkyt8mvKywagFT,0.79905296,65.2,0.79905296,62.56
LKheWN472AUegCvksJFNT446sPcGguSDBX,0.52034332,55.78,0.52034332,62.55
LKVJCmr82TMZyNiyMtkbsDyWK3QJ2aDvzZ,0.690811,62.52,0.690811,62.52
LaeykFBxGJ251Add94RN7Cju5NDLhpcjb9,0.52637689,62.49,0.52637689,62.49
LMyctcZuizTxhSCrJSLqUnkKpr4LNsd2Kr,0.54552739,62.49,0.54552739,62.49
LazCeh5GNpRGh7P87kvnZysNG3VkQRM2Yh,0.49348633,60.23,0.49348633,62.49
LaFF63Dvw3bSLUw76FZ7BLBAR5wxqz1Tny,0.5,63.31,0.5,62.45
LXiE5udNbVwWAZ6fBn5ZHL696ujAvJ8vwj,0.60993034,62.35,0.60993034,62.35
LdBMaY9Lpb8sUVJWHU9ntgnoC1HuqkH1a2,0.6068288,57.98,0.6068288,62.35
LgMcyXMn89zu7JbxdH8zsGi6StjpuLCd5t,0.6405743,59.46,0.6405743,62.3
LceMqxoskLoErqCTrgRZeA1j2TnNvq1u3b,0.55520563,66.0,0.55520563,62.15
LRVUPcmRV7R3c1gzy6spZpsjHsbnsPZvbV,0.75278806,56.76,0.75278806,62.01
LewPEXejnpLpqnC9ocqCSn6F7MJ8GnT2SH,0.9,64.06,0.9,61.95
LSMFt61UP4grRdKywEhNa29bQMCQMaJ7oT,0.952221,61.85,0.952221,61.85
LL8Ysmcy1uV5SsVuWZKhEfc89XgqS1jQst,0.52689612,57.85,0.52689612,61.8
LeSF9sWUNLN3t1BJu4VKsUG4QxJG4XpNda,0.74061067,64.19,0.74061067,61.77
LUC2rRgXdgAvcRLx7TbBdb4YNXgxEnwBii,0.68412853,63.26,0.68412853,61.72
LecEqhnao9EjWsfVXNFkc6sBfpfQBQXSqC,0.74604524,62.97,0.74604524,61.68
LLiBVL8M9MuPzsyd6vVUYaqzwmh2hZTZeS,0.5040672,61.65,0.5040672,61.65
LTYxkeadPqU6UcoZhrQmtMZQMfaKTyoyL2,0.61344669,61.51,0.61344669,61.63
LKnHToiMf5UhZasYHmeZ6ZK47MnbuLsozD,0.60743083,60.82,0.60743083,61.57
LU95QT2C5nGMPiFkC2MPJKDqpRBN9W5tA7,0.6791712,61.53,0.6791712,61.53
LNMu979jtpQqFqpNUaPbYy8sMzQi87cW3x,0.48872366,61.44,0.48872366,61.44
LaL9LnDtwYKdrFMSDBnCLGfaWVWMnkcZxF,0.78127423,61.43,0.78127423,61.43
LT1fVq5KptuezgrdsX2MNViEbmaRLwFN8E,0.951068,62.48,0.951068,61.43
LMHgHwHi4WMwujVzjuCZEKxr5tHDeaJEjf,0.53001394,61.43,0.53001394,61.43
LKcqHrfaBKTpsWhbVfep2Ecndg2CyfUyTh,0.67227574,61.6,0.67227574,61.38
LP8GaphZyvh4LdYSMGCNwFFCA3nhZw4uwD,0.51965848,61.32,0.51965848,61.32
LMoaHwmEekysHM2bZTc5EeV4wJVLiKnbTz,0.52989873,61.24,0.52989873,61.24
Lgj8eCt2QAvjHWAbzL2Hoq8rxmjsBfmwdL,0.59805767,61.21,0.59805767,61.21
LY9qgX1pPmKsrMGGYmgHijq5wCBaiCCFvB,0.72447763,60.12,0.72447763,61.2
LhosALqL12hPgcTJUt7qzN6tqBXgkjEcg7,0.48310367,58.96,0.48310367,61.17
LbiERN5ZCxGgLKKEreFnesUFdm7QV3xifA,0.49377352,61.34,0.49377352,61.17
Leackapnx4m62BL1A3cV66b4s9yu5dtKPK,0.58927967,60.93,0.58927967,61.11
LcHdW2TMU2RZQSD16CJRfDYFscSkA521dK,0.60114424,61.11,0.60114424,61.11
LaiVGvScVFV2zECGUr4A34BvY9x7RQFrru,0.71349398,61.05,0.71349398,61.05
LRQtQZdCJpKEiF8TrFCZGFoM5MNpnEJ6Nt,0.48549413,61.04,0.48549413,61.04
LLYLt1nCgZ1E9sBSqHDvQiwbRTYPXatkLE,0.51174159,61.03,0.51174159,61.03
LRZHiQW5RCb3maEVUaFEEu788AD82KyeyG,0.51980875,60.97,0.51980875,60.97
LMLEGWD1wZHYjbgksp6uzDscSFSRu9mfei,0.55,68.0,0.55,60.95
LSBNxAtagA1AVY7iytPKBrBFqhjhBo2Y8n,0.49819804,60.93,0.49819804,60.93
LemmtxHgHP21txyyxWFg45KQAKX7JKARkc,0.9375993,59.49,0.9375993,60.9
LZN4668GgTKsoccTouGzxGsoXSwQKXexLD,0.59975252,64.97,0.59975252,60.8
LW4nkqL9wCgMYALu4t7mdyKmQQn1Ba4uct,0.50905042,60.72,0.50905042,60.72
LWKTAts5UGei7Gr521jzuDXfFGXhBz8qba,0.53239233,60.69,0.53239233,60.69
LhAmGgsEKU2kiq5fXLfMWZaNvk2sjK6jiu,0.56845819,60.69,0.56845819,60.69
LPb6QM4QSw6Y9zojAXwkrKxEXXVzdDuPpW,0.52515639,68.14,0.52515639,60.69
Lbpwx2xpfRX5VgqxpdCZs3BjGXV1TaJKaJ,0.64706541,60.68,0.64706541,60.68
LgxqF2VHpbekE3v8YgKyf7PZM3Zeg4i1at,0.51381061,62.24,0.51381061,60.63
LRNv3G82YSQKUyvrDFZWaZxY2ZPCGzzS9w,0.58274807,60.57,0.58274807,60.57
LWjoxx5uvhunk4JXPHSZ3KU2tkYQwUteUb,0.58371437,61.13,0.58371437,60.54
LVb1Lqg2J8VRmT1GvriS8cZ7Ex2pc5rGde,0.62445832,60.52,0.62445832,60.52
LTacu7BwwHTEfKNKdXVkYfW83HUX5vbqrn,0.47282255,60.23,0.47282255,60.5
LQgXMoCdPz3tpb8YuL95CAEqe9kv2vdNSp,0.48613531,60.49,0.48613531,60.49
Le9BzyeTdJnmkREqpvqyAzucTYus9YrKBL,0.44119763,60.46,0.44119763,60.46
LL1FJqmaadi2QudCTv77Pj2jb1KXPjxmmx,0.69410865,59.89,0.69410865,60.43
LRpCdMTnSDQSX7gqq7m9Rv4AuUDX6eDjMw,0.47684776,60.38,0.47684776,60.38
LaE3APDhYmbA9xSnhzXyZj8ifkTNBoLjEN,0.52694906,60.36,0.52694906,60.36
LZDHMSriHJs3Wa1Eo1DTqXVwYYyQ82Urtv,0.88084028,58.98,0.88084028,60.31
LMgeyeAeapXHwKH9WTyp6AinYgfaobVo4X,0.56444148,60.26,0.56444148,60.26
LYMWb8rRd2WHrZEwQ4RUrWdwd9tki5kjFU,0.51756958,59.72,0.51756958,60.26
LYsYS4JKbkpaGwFs2xhZCY6jwNEV4W3jbK,0.58640987,66.85,0.58640987,60.23
LNZ2m9HuP68cvxp96JU2nkPqQ7N4i427u3,0.51442469,65.84,0.51442469,60.22
LgDQ87gGksyYRu4ph1jGAm7Ch7SJSomCXw,0.66548358,60.19,0.66548358,60.19
LTeQBXau7jzM61nF4znkwWq2zb5JCcz9dU,0.60520476,59.62,0.60520476,60.16
LXsKtwXZfyfSb4Hz9dXSHULbanhaaYMMqP,0.54703418,59.27,0.54703418,60.08
LemfUke6FrUWeQTDiZ7DMgLFbnoUbXi53x,0.44256482,59.91,0.44256482,60.05
LcWSFoSxoq8mqzHt8kN329s3zZcYBByqo4,0.71087715,60.05,0.71087715,60.05
LdJDMGViSSJUswasxcJXPcpjq1b98dHV2h,0.59606072,60.05,0.59606072,60.05
LVL5gobrLeKZAsFP1kCbcQC7YW8g4x2g3B,0.66694881,61.56,0.66694881,60.05
LQKufFTaJJgAmGGb25MzAaj8eJAieQpjio,0.57023378,60.59,0.57023378,60.02
LfxqJsQjqWyEAXUfXRpw6DWXzQUaktX8xc,0.46212471,60.01,0.46212471,60.01
LduiVzuCL5Wpvb4b8gjVpT44Ld6i9Xz5SB,0.82061165,59.92,0.82061165,59.99
LMWvuJJWKVUbpAVLo3BsDdbhFx1GMypqCw,0.60126748,59.08,0.60126748,59.95
LPrfjuobMxPN4GtF3oCMyK74oeUBjZvKxs,0.51741798,59.88,0.51741798,59.88
LXfeox2r9VKUjR23Kv1NUcB96q9jL93dtx,0.44371785,60.32,0.44371785,59.86
LVwdsx63H2fBF9Fgrfv8EdHyD9QiosaAet,0.63201802,59.84,0.63201802,59.84
LMA2oQ5iGY7gppu7JjXpTyXB9fc4bNkywj,0.68963135,59.15,0.68963135,59.81
LL1BeHWDRqUAg55P8sFNWReqyqcVWWGpPw,0.81642623,59.57,0.81642623,59.75
LhM12CuPgGUrFjaD4T5Pbq8CoypDtjTHip,0.69035463,59.75,0.69035463,59.75
LNS73YpGxY5haxpvM3U1JcmuatKS7q7UZ2,0.87133192,59.66,0.87133192,59.66
LRkaeu5S25kqbTd4ZK2eeP99Wwh49psGhV,0.46565672,59.65,0.46565672,59.65
LhK9KpgcyN1NtZSQdf61XHNky4WmZLg1GC,0.57958096,58.14,0.57958096,59.57
LiXZA5jdp9PDCPLxhMcj6tSaJA5xzKGq1D,0.470429,57.42,0.470429,59.57
LPbDW1r7bgkEiv3tporZ1m7Jg7nUoXyprF,0.59197361,60.52,0.59197361,59.54
LRWUSAwBDR2ADyDyTZRLEJELzK7GHbBzwd,0.8428,69.68,0.8428,59.53
Lc38o63nr7jTFWQyBzKQreyNLFGPtLtZHk,0.53899222,59.52,0.53899222,59.52
LfeyGuLeTnUp3QoX5AErkny58HvGx668hz,0.71291247,59.49,0.71291247,59.49
LP1zmG4Z9PYRQ2YCgmHdH7GsTYCX3PeKec,0.49692511,59.42,0.49692511,59.42
LdtqjxSegrhHjL3zpRpT2fmjTEUUvNZuFk,0.63288215,58.69,0.63288215,59.4
Lfpr9g5FU8GbrDLDQeRa4tUB47gAdGZuQK,0.69316081,59.38,0.69316081,59.38
LVRhAtjHzcR3PQ6mnYRHTMQhBc2n6mzfPE,0.57242299,59.18,0.57242299,59.37
LfkCCPkDqzNdiHoZ4DqApWBst46tQJmyjq,0.8355951,59.32,0.8355951,59.32
LN55Jk1qdgVAYRj7TJDkUEvyMwvEUatHhL,0.73147231,59.32,0.73147231,59.29
LMZKSuSY8bwtgkdcmvbdcyVY6VC8KwXhvP,0.64891349,59.26,0.64891349,59.26
LWFE4L6zYaqjW9JUXwLdCD1stpFjnTycq8,0.91235286,57.89,0.91235286,59.26
LMu2epyVgHkRzbpPb1Wt9eCRoJd9YmrKzt,0.65762297,60.27,0.65762297,59.13
LefRjKoASpF7oV548D3UJEueQnTHACAb3j,0.57464707,59.04,0.57464707,59.04
LbMZnKH6tBeAFijAWbf1UBBvmUqq765tH5,0.5743043,60.16,0.5743043,59.01
LR3k62XV5bHshBA8UauWEsHmmecBcWHNNT,0.63225402,59.49,0.63225402,58.98
LYDq2JVqN7krx3sc4VgG8qJ7J9KLpiUyTT,0.58,58.79,0.58,58.91
LKHDJhYwiqk8wasMwRh7hub65RUpcrHRJp,0.50299802,58.89,0.50299802,58.89
Ldz25prnPmTFvMTQ6WbUe28v4YzzS12RMi,0.44962039,58.86,0.44962039,58.86
LNtk7xG2PuG8v4tFNuSEvAFnVDGymtRUpG,0.51346421,58.82,0.51346421,58.82
LN2wudorbGkUjSxLiUYQLTTPC3vDPHfGfC,0.46276871,58.71,0.46276871,58.71
LVrBZK3XfaU7f5kH8dXh4cTGBX5SJ2JJjS,0.56880828,59.76,0.56880828,58.67
LRFouAG9ts3EWHokhzczma34DX9mHch9D1,0.70452394,58.83,0.70452394,58.67
LUHrV8DkaKRrc2MBaKz1xWK2wtozkDhXQi,0.4999,54.88,0.4999,58.64
Le5mEBdxdK1pxDo3wFWQjB185Wankgtpe8,0.48770487,58.63,0.48770487,58.63
LKf9z4vD3xrP1jrhaLNy1fPNrspYhzJdKD,0.85164441,60.62,0.85164441,58.62
LS5QeGKH6eCkWqnUmTSavQbrjGbKERN7S7,0.46920416,58.6,0.46920416,58.6
LRfRC1mgeQfkyijSUvEykB6RfRKkZmMnfN,0.5828638,58.59,0.5828638,58.59
LhwhChycgV4QshRPSLXhJwBWkUZdpz5cKL,0.80053992,58.27,0.80053992,58.53
LZX6LCRD5T1AXUqp9oWNzY2JLcAeYvmyvJ,0.50739225,59.4,0.50739225,58.38
Lg5nnUENRMgeGKehWbUnfCh173t67jzMnJ,0.56463538,58.37,0.56463538,58.37
LcLGV2XUWUmXUenvwgoEJsdvZ7jFqzVvVz,0.89536182,58.33,0.89536182,58.35
LXSyWXBZP2LVZ3vCzKuQtUsZTbMZ6xb7jk,0.72568246,59.07,0.72568246,58.34
LewWWzj4Kx8gac2q6AmNb3x7Nav7739wZD,0.46777584,55.77,0.46777584,58.25
LiZBCfiZh8D79ppTtnnxZwUgq3ga71ZfQM,0.80599808,57.21,0.80599808,58.22
LhyVC7zCB7eGjHiLj91i2yPo7AUgmBEuAR,0.69028992,58.19,0.69028992,58.19
Lhu62BgAn2AyLkDMwhQehTGG8po9Pdo2kY,0.60061861,53.68,0.60061861,58.16
LS32Pucs6NzdrmdmuknQSsaZm9iy8HyVyx,0.5999,58.14,0.5999,58.14
LXbXffXZdBSACWJZAVb3gGyUKGLCbxSxTd,0.4911171,57.4,0.4911171,58.14
LhRwExBVESf6A9njRKvz4o1uzG7ehirGJx,0.54613731,58.06,0.54613731,58.06
Lhnk39Sz8sRWHozPHLjxkf38JwwT7yHAPw,0.56560373,58.9,0.56560373,58.04
LR8EFN24pvtvYte2Sy6NLfCMDoC8yvmvSE,0.86772986,58.0,0.86772986,58.0
LeZgC8tvGStYnck4K344XScQVovkkGZhkK,0.65799435,59.52,0.65799435,57.96
LRk5jzzBg5f5rYjUMWXHv3FfTFPTPf8Qvp,0.56691931,62.26,0.56691931,57.96
LbtTJyosunYvLGJKj64f32oSAH92Rb9nEB,0.49318261,57.85,0.49318261,57.85
LNEG39DHy6fMFzfuxyXFPPHE8GuhgAoLZq,0.587312,60.11,0.587312,57.78
LLK1LzXNFVLyJbTGykvMsUKnH1mkSGsHMr,0.70111529,57.75,0.70111529,57.75
LaTTkSu51bpFQEXCZLmsf4TSM9cUHqtWAY,0.63718504,57.63,0.63718504,57.63
LVXzwQbZJjuu5mZA3xRrfKwbabeCk5j2vK,0.6796,57.57,0.6796,57.57
LSMMn3jc4MhuREX9qDFyTDX9NuTJL4kJev,0.44945,58.8,0.44945,57.57
Lfpc28w3PzvFSLUKPYR8rcveqLY4rnhiMU,0.56914916,60.85,0.56914916,57.53
LfTkKoRGBgT91AjimBYgtWB2V9mQdr2cpR,0.57859742,57.0,0.57859742,57.51
LhSnzqGHTqZSqHYbR8N1uXG44ygEm2L1TS,0.56254637,57.06,0.56254637,57.51
Li2KRTPw7YnavoGfpskXcM6xYzqrMdcu1n,0.41907157,57.43,0.41907157,57.43
LiN5C5m1dgWqUMSNSyNbeVmZtMJMp6Kysx,0.64100915,58.72,0.64100915,57.38
LTqKP2KYUwQPK3gQdeTximUyciByk5JZAD,0.8883706,58.36,0.8883706,57.38
LaAp1Z3qQtCJjpPpZH4BumUt9NMmGdczKa,0.81012052,57.33,0.81012052,57.33
LL4enyMtj156v5pecHB3cjibdverkANbfU,0.81835682,57.33,0.81835682,57.33
LNNmEddf5gkyee9ZLHY4WK5CyNgbbTcuy8,0.48943621,57.32,0.48943621,57.32
LXcibrQ5hVYDWubgxHHrN5onB2migYSKoY,0.48220657,56.14,0.48220657,57.24
LKpKCRbZZg4cvXqVy7cNMrVyyT9iVEaYym,0.48898686,50.1,0.48898686,57.19
LKZikzQTQ24njqnudcxB9Z4wpTdCNu4jBe,0.52392662,61.85,0.52392662,57.18
LNWKiA9vpjX3DE99ssEhM2pjnuhuRQDYE3,0.63501496,57.17,0.63501496,57.17
LcM4yJkaf8JWkNMBRaGsv63227GTAfP9BN,0.66852387,57.13,0.66852387,57.13
LMf5ZJeHp9j6C7a8hVbqYN3jNtk4qrnnRi,0.68601198,57.28,0.68601198,57.12
LL627v9nRNUn9uyqXYcdaeuLZJtZ68xF4D,0.58621938,56.68,0.58621938,57.11
LdgWZQKTQgaJcv3JgHk56kPBaUVME4oqAJ,0.61513532,57.01,0.61513532,57.08
LScenvidURshQm2DroE7dFtNkZhe35rPdF,0.63016574,57.0,0.63016574,57.0
LiHiJaqk2ZutxgqurcX2nH5e4r6uqSk6ii,0.47773726,56.97,0.47773726,56.97
LSXgJorb7mMpKdUKRrPL6mfdjpGCQkZRCm,0.46136959,55.93,0.46136959,56.96
LPJF2KWtNfh7PCoAyFNyf5cdn5yFsXhqzk,0.84965004,56.95,0.84965004,56.95
LX2Ta47TQnFANuMUS48b3udmb3tv3tKz4G,0.60914224,56.46,0.60914224,56.79
LegKiRr8tS6rx4PhKuhNonnN5a5gmb1hNN,0.59289252,49.63,0.59289252,56.59
LV8FvYJfn3FqHaHzytv4BfD7ysoiTFCQYp,0.59310471,54.8,0.59310471,56.54
LN4ACprEsHj9GdPTReLrkULA9mY4ok4Pnt,0.67098026,56.68,0.67098026,56.51
LNnn5VGDvfsvGMHKP5FxW2eTq4NyNj1aEG,0.8068356,56.5,0.8068356,56.5
LNMQdqKtNd1Y1fyed2qQUuU51iSS7qQZ9E,0.50791009,55.3,0.50791009,56.49
LSmPZSfNEg5GVFWZXr4XEDeu6AyG26QwWG,0.53937235,56.49,0.53937235,56.49
LfGAjYtCqTzdMXSG7T8MLUSXRLDFALwE4D,0.7193919,56.19,0.7193919,56.46
LXLyd7t9rrJkMJzgvGBowdtHWAS5hrqRbd,0.55136895,56.37,0.55136895,56.37
LS4JWRByoEd1xmWERZXqXsYPUeWi7Q4zZY,0.79728973,54.97,0.79728973,56.32
Lfx9DCACe2YkVqBY7r1wVKJ29BYG65QGjH,0.68115488,56.32,0.68115488,56.32
LYPJcwHx4pSNcZ5S7rdrNdLgQSL3FmN88i,0.49088767,56.23,0.49088767,56.23
LTEH3r8zstsD3CrVWzwWmWXALL8jAirx2Z,0.770129,53.97,0.770129,56.06
LLj67YCoxcqaHZccVi7MsGeRytZg1oNbnZ,0.551348,56.05,0.551348,56.05
LRXx7953Ay1UZGrRDdYhZ2U11VGXncpVXi,0.45025537,55.86,0.45025537,56.02
LdxX2H29qvHKBUn8u4tM5QQe87xiKi3gg6,0.56298038,56.72,0.56298038,55.96
LYk3h7jP3yAsMBMW7V36J384DswcqDpQjR,0.71572343,55.93,0.71572343,55.93
LehbPeu2xKX4gBooQKCo9u1jmT93qHHv3x,0.824328,55.46,0.824328,55.89
LS7qkczd6oMYaBxP3NHBT9qr6rVjz9NuiM,0.5087668,56.18,0.5087668,55.86
LYe6UKL1jhm22wXJ3GvGK8swWrphkUi7U2,0.79333753,54.48,0.79333753,55.79
LZg76spV8PKqT3NGDvtUQhdB7MtVC5NZiL,0.78017419,55.39,0.78017419,55.75
LKNameUsnmbhDnN1XDAdobwk6AYXcb7LEd,0.73347822,55.22,0.73347822,55.74
LfeLiPqxeh4V4C35zcPGwtZzmHJ4ktCo2J,0.5831601,48.03,0.5831601,55.66
LcGTufhQgENwRNkXKZMjCPnBmwb7HfW7cp,0.52631152,56.44,0.52631152,55.61
LTe4Np2qJyos7j2TircT2yKLLeuGV7kd9R,0.70138468,55.6,0.70138468,55.6
LTBRQgdVtfHxd2EF6buA5MwsjNoSw5qHZi,0.64958884,55.65,0.64958884,55.58
LNr3WbmMZ6K52ahemeQU4uQ6cxfEb8oSyW,0.781118,55.54,0.781118,55.54
Lf6TnFeEgsSKVkNc8ZVjYwtbp5uVj1vgJF,0.499,55.5,0.499,55.5
LTFhcA79qAvN1s6iYnVSngXzFWdAaHk9Fj,0.53638974,55.45,0.53638974,55.45
LekBuZaPGXYAAAkw1WXoy5DVPowoQ1Y3QW,0.77942334,55.42,0.77942334,55.42
LQ9jbLcYB89aXuCLqjJQjwsZ2JwGXPWRZJ,0.54220112,55.36,0.54220112,55.37
LhWkCXqZhkjVJJwdFkBkSrL2VGkuheMmB4,0.85447763,56.13,0.85447763,55.19
LSTjNca9YJwJdv14ToHHcbUum9EfFSfRJ5,0.43845111,58.69,0.43845111,55.12
LX7VeyYXuZwx6xmyT4HmeUYdBbqVXu3vrh,0.53349605,55.36,0.53349605,55.09
LeNqpsMrQBHki32WpbBSy8UCJMVWBMLuQA,0.42424676,55.05,0.42424676,55.05
LMNrLUrPs1KjAcdPkyvJiqBSE7y8swyTPq,0.46493581,57.89,0.46493581,54.97
LdPLKXt4jfktgW3Ry369LV4kWoaDHSXwL6,0.53162893,54.96,0.53162893,54.96
LMw1U943oKX6WcbL3dZ4QHVAVaRtB9aLqm,0.41904238,54.82,0.41904238,54.82
Lhkae2hyE5zjfm7vFXv7fQ5oyb49zsDG8a,0.4767346,54.97,0.4767346,54.82
LYFh6jHFqBUPu43UVcDLtUWoXfYX9QsfE6,0.64924492,54.8,0.64924492,54.8
LPWNdQR34G85nbFqrmQ6o3eWquLqUA7vMK,0.57357726,55.78,0.57357726,54.8
LS1XTUciStnSYndoH2MQDaDvajkfiRwNP6,0.60131844,54.76,0.60131844,54.76
LPjZoUDpGhU3GDWC7h175yMSNkLHGL7W7f,0.76492878,54.31,0.76492878,54.66
LLoTGGxh1eggMW1nX7DE6Lbo6aQ2ykRGfW,0.62365249,59.02,0.62365249,54.56
LKMmT1WkSHFDgoKLvmDcuUf4h8SobQ3RYh,0.71600439,52.85,0.71600439,54.55
LTV9wfGmwupYSL8jYSGmaEBXC2GUsVL67X,0.4899,55.22,0.4899,54.49
LfTCeXCoUw9x6auFLLCfP8qVF4xusv6N67,0.51919992,54.38,0.51919992,54.38
LhLqUvkbS1Nmhh5jYtKAwVqEdZWp9ndSyN,0.6873252,54.02,0.6873252,54.3
LZF5QhgqFZkEueVtiJDtvFezDmJFU8a2V3,0.53082593,58.3,0.53082593,54.27
LfwVd9LMHM5k4YoCeZ4e4UveBKtiwBBcAe,0.80792065,54.15,0.80792065,54.15
LYiU7BHAYuGmx7uWfoD7XV6bteE8Lt23NK,0.5999,55.47,0.5999,54.12
LMJWz5Nk8y55D5gtbwdH2YnhLPyfnwvuny,0.45430484,54.11,0.45430484,54.11
LXLhSqTNgSUSViXPaVanH4ZUCZ4nnrYYX4,0.54966126,56.26,0.54966126,54.08
LaNrM94JbX7yw31L9ZKwfMXttjLrmG62xP,0.61839859,59.02,0.61839859,53.92
LYFm5yZSv1Nkw5WEGGCDDrgGU7TMBs9ApK,0.47074825,54.03,0.47074825,53.92
LPLvQFycje2DL7PeKCFYDnJ6yg6gg73ZyG,0.567069,51.58,0.567069,53.92
LgaNvA2vMC59bmejHxW7WxwtLMUS6LaKAw,0.49480329,55.28,0.49480329,53.81
LacDcuCvRg3yDPrznqYC5oLapSq7T2Cjj1,0.50977578,51.24,0.50977578,53.66
LLV45CH9hYCZ7yeCWSGVKw5XTNpvCyLoMt,0.55641962,53.41,0.55641962,53.64
LcXHHf9Ma7W3Sk8WLQ6CbRG8FxYUpcAzc9,0.68937551,52.39,0.68937551,53.63
LcxhbTL5Fku5N451MmxkfzUDoHuKxDEbgy,0.51586164,52.74,0.51586164,53.62
LSu9XH2aptHemFM9ecy4sYCiFvVrqsLgcd,0.45763734,51.48,0.45763734,53.6
LQDAjuhTwTHNFncpR4RvrV2MXwtosTBtfe,0.46577175,53.59,0.46577175,53.59
LPTbnMfDBx2k85c471uMtapsDJtrZP16oB,0.71089795,53.52,0.71089795,53.52
LV4SUsaSBRhm9yfSZxBBGU5i4d8xmAc7pu,0.49836215,53.86,0.49836215,53.4
LXGrZDfCg3YQCwyHEUwGu7ufmGHvYtkTvr,0.45241006,53.38,0.45241006,53.38
LTFCxtSPPHqBmiPLtvU7YD1vrfHv5dedTG,0.41135012,53.37,0.41135012,53.37
LQDJfdnbvSKKUixAwYzWH2qHNGtKPhXzQv,0.70116121,50.31,0.70116121,53.37
LcCHQ4BQmuHxECfTFT3GhsjNP1NWEosQ8D,0.5999,53.3,0.5999,53.3
LN4ZMjMnz9jBwGUHW6vhW8SY3MaTSKo983,0.75209018,53.3,0.75209018,53.3
LcMsVFCacWWPfJuWRgBvfLMGC7JacsMCAW,0.40956165,53.14,0.40956165,53.14
LUbd5GarJDDwS9DZ2WKHDuRzSfV66EA4yJ,0.42680748,49.92,0.42680748,53.11
LdxechfWbu7aWqiULAiUaeeD4aw47p44B2,0.79406697,51.46,0.79406697,53.08
LLJqdvJAnELBosuJGg3jK5wsk1fvKdgviB,0.48193181,52.96,0.48193181,52.96
LdiV8spbnvV7REci8V3TxYji5umVRJEGwP,0.81639663,52.9,0.81639663,52.9
LYsMynjNnkTiEQZHPiQd83uQxKqDV3xe1i,0.5903356,52.85,0.5903356,52.85
LXyzqunxVhpk1e9MMsVxaSDgF8vUFAstEZ,0.79198734,52.7,0.79198734,52.82
LVEWpRPJJgGwUmm3CLjNLuS1MQQRMpvEfm,0.44259552,53.2,0.44259552,52.78
LgrS5uzETaqBcCe1dcB6rajtGrN6FtdLpT,0.40435343,52.51,0.40435343,52.51
LeodpW2KrFeb2MKkjCFP1hocQszJg8JucX,0.41430596,52.46,0.41430596,52.46
LZhk9Aanv6j7JBWJf56aiYAWPbKX2Pyutq,0.41412324,52.44,0.41412324,52.44
LWiPs9nLzJmWdGyj8s9Nb9E5b8xd1XKQnf,0.62530335,52.78,0.62530335,52.4
LZrwaSQDRQrb49T9zKQbAkFfDPGeBn22rA,0.49369746,53.84,0.49369746,52.4
LMKnJfArduqiBTZQqFHKq2Yq3QYbx3esgH,0.74,52.37,0.74,52.37
LVrJnWer8gbLw7Xx2ReT8Ms6rfuXigjSqq,0.53829719,49.65,0.53829719,52.35
LY8VukFjhUAxJcsfeZf6H3RUkLYj5zM6JM,0.47564536,52.24,0.47564536,52.24
LRXVzsB2dRar4J5RCn9u4631HhKDgHvFPB,0.7912454,51.75,0.7912454,52.18
LaeRWRvS41geornDTUiGSWWAWAZPFc3BFK,0.65041081,52.06,0.65041081,52.06
LcLyuvdWMKbj3KDKqzpw9zeRGdjFUjfxwu,0.5999,53.52,0.5999,51.99
Lhp5v1Ydgkuv4aPP8dGkBJU4BgnmReGem8,0.57364599,50.59,0.57364599,51.99
LKwECXqos6ZZQ2JdJom2y5KW1zFrKHJYQW,0.52952145,50.97,0.52952145,51.98
LU31Gkr5g9fH3VN5YhcgsMNPoxHcfxAjtV,0.53656766,52.53,0.53656766,51.93
LXqsxkvQ4btf1wVPThDKM68J2LWfQVXzy4,0.43540161,52.18,0.43540161,51.93
LgLZJizgX5DC5x73yLf6pnAUSTiAfuzDwt,0.45131411,52.84,0.45131411,51.92
Lc3Cz9igThRKSCSGAhe4rQ5h99cNJzE9JF,0.71968152,50.61,0.71968152,51.88
LZRvQxNRyZLYCqi1YW7HZorVbP4p7okKTt,0.49814499,49.88,0.49814499,51.73
LXdSgGDV9WwJKtRx5W4KgBPSVxb4vXjRd1,0.56594276,51.71,0.56594276,51.71
LKTgimRfGsx1u3FcDhBmGymbYgYuTdBBbD,0.61175574,50.76,0.61175574,51.68
LgcEjMqxRR5Jq7P6D5MKSFJaWMPEgWKEGo,0.48396382,48.3,0.48396382,51.67
La8x94f2mYNJ3yUH3D4EevvrMnSuhWdsTn,0.4994777,51.59,0.4994777,51.59
LPaZh7svdWZAryM4cNk9oTrhpXxsKDGFx3,0.70314554,50.36,0.70314554,51.55
Lawd5sgjxRbHJw9XtVur7JhCMCS6ysqNpN,0.47532604,59.7,0.47532604,51.49
LhWxN7PiSvu26wNR6tf6MBxM8ELqsG3ohZ,0.63058611,51.8,0.63058611,51.41
LW5LFeEmYGVvA7V4s4MYyaWhMFuWUwKX4M,0.38869771,47.25,0.38869771,51.39
LT8S1HY53yyFzMm3cSXVvdSLkeY3ukjgLp,0.53011674,52.75,0.53011674,51.38
LNd2uwJe58uHfVLjDJeGAmG9kQqXF5WtoC,0.5999,51.39,0.5999,51.33
Lg6AkBDvidHBXi8qGvYeo2JTU5Ah83GjB7,0.40440753,50.42,0.40440753,51.3
LZQtb3sQND7pMhrSEwSGvHWfvJ1R6wL42G,0.499,47.67,0.499,51.27
LRu2UDJeDnZLWozb3Sm3fwzUiqWTfdGBsp,0.54665368,51.26,0.54665368,51.26
LZJiFMjbqR3SFusos1Hu9JgqLFRm3vsjFw,0.56926037,51.25,0.56926037,51.25
LSvDmHftcJyxLA3q2F3wqrueK6a9hFBZgu,0.42769283,51.59,0.42769283,51.21
LLsyADUWrypyEwoqPqqTmSuumy5gqBzLjH,0.550895,51.1,0.550895,51.19
LRxkByNm6AD8rMSeupzzJ5yqd5s1UtCCfU,0.60498165,51.11,0.60498165,51.11
LTBxk5w3L6qQ1EvB92PDtPiXHjY2cTh6jp,0.57141406,50.28,0.57141406,51.07
La1az8nzz1nhJW7M4e7dtN13zRtpTfU3vq,0.41038866,51.07,0.41038866,51.07
LVDVe6h1V7T8yRCzK2Dmwazpo8rZdXk8jv,0.67148335,51.05,0.67148335,51.05
LMPGNkppA8taqovquzMbCEBtni91Y5P9zv,0.76109293,51.02,0.76109293,51.02
LWy8fTxXHtVBVfUmRX86VGsLQuuyvYmJmq,0.40290001,49.17,0.40290001,51.02
LWG4H8kqkzD1EGkTtdpLKpgrtYbCWT44Yn,0.5699,47.54,0.5699,51.01
LcRKN6EjLWyMsH6qahVuxXwtmX2rFiFuVG,0.48689729,50.2,0.48689729,50.97
LVHdrzCdzfDYD6CVwtPS4ePYsSsGvALLHZ,0.6699,50.93,0.6699,50.93
LfDJ8475mwSJYa55MYzm4BwaDkxhVnoe5r,0.60262133,50.87,0.60262133,50.87
LWGHLyDRctrXxzx9h9hDjgQ2w11TJ45L8M,0.7682,50.85,0.7682,50.85
LhjW1KKWiV26faCNvXrCDUwVvSUbjj3hmB,0.39711,50.38,0.39711,50.84
LdxJJRXXJa2AMfcN4JANTgfrXLT8Z3ap4a,0.39146901,49.29,0.39146901,50.84
LNGDCzCFnZ1tV1b26KLxbue3oj8XHVV16v,0.39699987,50.83,0.39699987,50.83
LTLYsSqitVAnymPszUYbES7v1UmsP1iCWs,0.44,50.77,0.44,50.77
LPkMYDa46jseLQZgKSrypk74c6BVHNJbU2,0.53514398,53.09,0.53514398,50.75
LakMcKaYrVJpbum4LYSTJZ61W6YUkKPgjt,0.78285113,50.73,0.78285113,50.73
LTP3nH1J4DMepC6j3xY5e79VRBYuvctzxs,0.63497911,49.88,0.63497911,50.64
LXntvEgRjEhEqrA4DUGHUnysR63F6sC2Um,0.37532108,51.02,0.37532108,50.63
Lez8NMf4SGt7Fkm176oCQtcvtBEYJHZ8wS,0.581318,50.61,0.581318,50.61
LU7JvS4CZXb17D8zxosajG9fvTr49vL7N8,0.61342712,50.38,0.61342712,50.61
Lh5tgXaob1MrPKfjWquPT7pb6q8JJihH8B,0.69501474,50.59,0.69501474,50.59
LbMhwpyZ8q2w7DLMfcxxezJ5piWCtyEFkG,0.71989535,50.59,0.71989535,50.59
LLNBVmuUpPFFcEDMsbWt3jkUAZ9rbTyvB3,0.66517639,50.57,0.66517639,50.57
LXeHBa2c4S9y26qnf96a9jUryLEmGT6S6K,0.76913,49.82,0.76913,50.52
LguY7Epnq7TaaMVQ1pk2YkHowSaQs5Zucv,0.56066584,50.48,0.56066584,50.48
LYqmD3Gi3GiWwh6KDMxcBgycT3eMWEme5b,0.39401037,51.54,0.39401037,50.47
LUFMuMGbcUeA7GJTHk8AxWWeSVvzb1H1oe,0.66367954,49.34,0.66367954,50.44
LXsfCkcYKkf8AUy34iq5N1UNydxPnriprW,0.37383177,50.01,0.37383177,50.43
LL1njWrutTSPiCQCknE1zoxaX72i4eCqBG,0.51807161,48.09,0.51807161,50.38
LbcauSq3fnjA1Tq9RM57KNacq312jX1V1H,0.43,53.29,0.43,50.34
LU8kSnF3ZcMHeRpoZszPwvFLeDcAMJ1r7Q,0.5806585,50.33,0.5806585,50.33
LYhDFWw8ewU88BAMVfT7ytEDewAwiwVD56,0.5499,50.3,0.5499,50.3
LP6hE52RrFfmFpPF1tbSPzHxnLAVz3Q31Z,0.70711356,50.28,0.70711356,50.28
LKJRwxLtAzpRTT5iHYyUtMUPjAZnTxVmon,0.58758855,50.27,0.58758855,50.27
LT1xs5rHnHXKABY3BegpXhs9KR3JWTR7To,0.41206316,49.54,0.41206316,50.26
LaYTftZejuLAy5javj9sxaP4P7F8WMsR4i,0.71499918,49.57,0.71499918,50.24
Lgd1NRZsimPMhnfK1tRGYFtPs2AtnunRqz,0.6999,51.79,0.6999,50.22
Lc9VzPeX1HZ3CyczexY8mTwm7vfNqAo2Pi,0.447352,50.55,0.447352,50.22
LWyi9DGw89GJW7F8ZtYpKMD4TKCPffE3rV,0.46018,49.72,0.46018,50.19
LL2kjB3kM7jERW6Ln9NwYaAfAJTfwSQA8L,0.39615385,50.18,0.39615385,50.18
LS8W1Hy5gngiPwLdHW8sMa2bxsNy2xCVbw,0.391508,51.22,0.391508,50.15
Lbhi9bK1DokSJPxVnB9aBgYjZhiAX69KNe,0.3714996,50.11,0.3714996,50.11
LahS6tWLWf8wvPN8PCpBoCK5cQgz8G76qY,0.49797509,50.09,0.49797509,50.09
LUHumFNf9VHbkt58wv2jP9R3z4EJsWSdMw,0.7493,50.08,0.7493,50.08
Lcvhhu2WE3EM6BfGK27yAKiBAPmrKsQkdo,0.39108878,50.07,0.39108878,50.07
LTf6a9Scs8s5QcYM1YPAFFs3Xh975A6RW8,0.42982015,49.59,0.42982015,50.04
LdfRfPAzTZXBYDAh8wNw9vWZnJhNSMqvY9,0.5362622,50.03,0.5362622,50.03
LbWAHybJYaXAvssxUx74F1YssENheufCrY,0.58399201,49.97,0.58399201,49.97
LdxTp6xtyFHSHYiGnKrBEmLvehikGSnRcW,0.39,50.76,0.39,49.96
LdwPGgwy51nn3wE2uTZAqtoRCLRGNnXJ9J,0.478421,49.95,0.478421,49.95
LXmtbiUCnvZSe75F3n3TCMZaT23EgJ2Djw,0.60632982,49.94,0.60632982,49.94
LYrxhWyn8hxjQWn3BX8DjT2yaUyNxJtKcg,0.36426282,45.33,0.36426282,49.92
LRTmNaXNU32zYhVkAf8A9i9f2e6reeiyZh,0.4799,49.06,0.4799,49.88
LZ4hc5zmekcK1vfyJcBGfnBuDyHePQ4ivL,0.41489921,44.48,0.41489921,49.88
LcFSmaXN1aKzyzxc2hYBz7ztgHCADRJmbf,0.57525671,51.32,0.57525671,49.86
LLEm2Majq4ryQpcKawTBTEzRyeKteUFa8c,0.47591,49.33,0.47591,49.84
LV7u6PhordqqivnSHFVnhJjm1vuJsUrVRh,0.36943769,50.22,0.36943769,49.84
LT9K2XeyVJSL8jE37Vt1cKYQbvy2doJYUC,0.5983629,49.83,0.5983629,49.83
LWfFu2SzHPDCfgCUEBKTUawvSGTxrqHejE,0.4599391,49.82,0.4599391,49.82
LiUMYVb3eFtcpxHdC6UrzjGPjfgVG1rwUc,0.4369,50.56,0.4369,49.81
LbdPiLXWgeXGCxkCn4DETvw4Rrsj6uaRbA,0.45967615,49.79,0.45967615,49.79
Lc2KP8QY3DSNFYEyAczNQxMH8qysSYh3cA,0.66140124,51.05,0.66140124,49.79
LUxy3Zp8dUNmYa45yV7ke65esdgPRgg3BT,0.75782478,49.08,0.75782478,49.78
LbXNxvCtKzbiwZpXZ5ci7BP9XQwjR3uNvW,0.37180247,49.77,0.37180247,49.77
LfBXX7G2KJDCAbNYAnNHTwwSQymsPugPBe,0.47974889,49.75,0.47974889,49.75
LRgcii8NGpWra8gq6eBx1W3TaXA9wGqeSo,0.54451168,49.72,0.54451168,49.72
LVTagRpa38sVAoZw8UyFPbGaKezfcFgGVK,0.53418884,49.63,0.53418884,49.72
LcDj1QJE5ivt6KLovByVV1qs8f9NDpvqvz,0.749914,48.71,0.749914,49.72
LRtN94ys6Vc2B77fZwtJLgLXCaWsHPpTWY,0.66037577,49.71,0.66037577,49.71
LQEiRqKBbokVn4GKiGDoGPqZGLWNjC21Ay,0.75787479,48.75,0.75787479,49.71
LQz2Car7QukKjV96YZfrBAGj86KoWNDizF,0.65239438,48.15,0.65239438,49.71
LeCmMSTyYZDMrjvpnYbLMDVGBdAbFpi3pe,0.7598,49.81,0.7598,49.69
LRexhq6arzKP62PdG6Kfv5XRcbCzHfJHPW,0.59776382,49.65,0.59776382,49.68
LQ5rEXofiCa6zEejc7JzDLGGw82G9KrzBR,0.68202964,47.8,0.68202964,49.64
Lf3FtKsmjfbFfVA1gs6L3GAbT7Q3NGEwvo,0.54859617,49.62,0.54859617,49.62
LQamx9q5FJ4ZQ218uYGAQ2TB7MdAwn6XvX,0.56094498,49.08,0.56094498,49.62
LMDcKuQj9VbEyDsNRpamgyDddXvk5dN2Rm,0.70029188,49.79,0.70029188,49.59
LVZsJowb6wdXr3y72yDLatF9yXtaeNxQNj,0.7676757,50.43,0.7676757,49.58
Le73DSNpt8bGMoeT2PA2wXnHby9rTCcSmx,0.6542887,53.74,0.6542887,49.56
LSVTBJsgo2oXMjx58Zz85vfrA7RiSKhak9,0.59508335,49.55,0.59508335,49.55
LKVci4eqNQdsjpnLf63UjSP8YWorxwmfP7,0.53386401,49.34,0.53386401,49.54
LTfVyo6TfAuu8WDJAHJJn66RnHMAXTiyxK,0.6999,49.53,0.6999,49.53
LRN39jvEW4JtDrdj2mr8RZAivViFcmU7Co,0.6799,48.59,0.6799,49.49
LP9nS7oHBoWTGr99RZpuFNj4i4rcmoX2ta,0.48162692,49.47,0.48162692,49.47
LYQvsGzEhAm9ReDCxmVtywQx4Pg52VtfJr,0.73632955,49.79,0.73632955,49.46
LTdkinqP22FE3vfCKCoaWftafZnsZR5NSz,0.484743,47.17,0.484743,49.46
LTmiaphvhyHbFC5isxDwfvq91Jg5XpF9Ws,0.42795651,49.45,0.42795651,49.45
LNxswGa35vEUbi8hdCbJp2SNCwW8du2zdN,0.41326831,42.46,0.41326831,49.41
LiZH4BUQViRHgSthkPLZJaeBz1bZpdU7Dc,0.5999,49.41,0.5999,49.41
LLVAuHj88ersTfNTsmFtjvgba1NqRbqjaP,0.76025099,49.38,0.76025099,49.38
LPn3zhMYzVnZsQ5MJ3VZn78svvbBjz2JhL,0.5083867,50.58,0.5083867,49.27
Lfq2PEKb5Uf17ZXL75guBnCW3nqzmqEGbx,0.55029666,49.26,0.55029666,49.26
LZSrzZ1wo2PvLaaw6nYYbhwV3asJeVAdLd,0.4849,49.15,0.4849,49.25
LSy68Z4MmZ2AvXhjwErjVePmZD3KvJUq3N,0.64,49.19,0.64,49.19
LVNH5NAp1DA1Han69mqKCfEmutrvAzM3Rc,0.56370309,53.8,0.56370309,49.15
LWAS9k21dFviqNTMiyMU1Ditwi3aRhiMD5,0.64468553,47.58,0.64468553,49.12
LQdpMazVxGWwjkHtvr94ob8W5ADDPvoKcJ,0.58129408,49.11,0.58129408,49.11
LVHeuycg5rMJcStHTasGDmKmcXLQgR8SCn,0.54545372,50.35,0.54545372,49.11
LfDHKMe2s8ChfgtgdN6aCTSbW7AVpKsNmr,0.5454345,49.11,0.5454345,49.11
LPsnm3saX7LEvYLhieaJEigrPJXKYp7kfu,0.42799824,49.13,0.42799824,49.03
LggQVpS3oHdZVmhDGomJRgUG7j68gvTvmR,0.41299489,49.03,0.41299489,49.03
LLNoGwR7dyArDomhqmTb7PPMb5jMQfXeS4,0.69350748,52.47,0.69350748,48.98
LUoBSWH5RLHXaTUzWFrSydMTWtEX3wHJum,0.58808376,49.1,0.58808376,48.97
LZbsCsyT2td9cHeDaLfNEnoB6bXZkLYbW4,0.50647758,47.82,0.50647758,48.97
LdYzpZykB3g4heMKxth4sMHdqrXTvLwmGV,0.54151239,48.37,0.54151239,48.95
LLmyaAfBZUvjcuttK9F2DrcWxvS7JeR54b,0.5557,50.85,0.5557,48.95
LUeS9n5X85znH5C8xwhigug9TC8ndpDQVb,0.611712,50.08,0.611712,48.94
LXoa3T5hkwzHy1NQky44CUwWATU8ynZyNC,0.5652,49.48,0.5652,48.92
LdVH6kDNey9Znb4ycTSb2KfXTaUjWeMBxb,0.6,50.69,0.6,48.92
LapUg9Q7HBZCEC94fTBsnkvw2caphY7GvL,0.51167328,48.89,0.51167328,48.89
LWaY6VFcN7L7C1kMjiA2sr6VPwDWTn64UK,0.57856389,48.88,0.57856389,48.88
LbxsNBjLZdYjYLjUE7ueQzeTfTG4xrpKR2,0.3885,48.84,0.3885,48.84
LggBuF3DXow2pVm7qVxgVo1Lf76szg19Ft,0.50379452,50.13,0.50379452,48.83
LT6eHkeQe8oTidLAxHUSnEq5ygxn5gX6Et,0.69908745,49.12,0.69908745,48.82
LYQWGsCZEcCB7uiC7fajigaUg5v7XBWVTM,0.68929227,51.22,0.68929227,48.78
LP3oACfXCZB5uumNap42K6hzUqm9mSkJgy,0.40576407,43.5,0.40576407,48.78
LXUjhov7PXLkxDhXSjTUGyqjKczXsg4QVW,0.69605568,48.76,0.69605568,48.76
LXxZrQxqSXLT7YXGFxyvZZJvHkK2vFkRJv,0.54418807,45.3,0.54418807,48.72
LMEKr5YUoFSZqxSWxk8eapQV85o7PJJDjE,0.68619693,48.71,0.68619693,48.71
Ley7r4DjW5bbQVwmRzENL4t97D3TGhZvmv,0.4352747,48.46,0.4352747,48.67
LgBY3Qv37KeiA9DJTRhVjmXqMSJ3CKdR8Y,0.56891649,49.7,0.56891649,48.62
LVcguXf1LvhkTXHtB4JAoE4RpcHaQEU6iM,0.3655518,43.71,0.3655518,48.59
LKiBtLocSLrgi95KY8SszDyDSRVTJUDPRR,0.5984395,46.8,0.5984395,48.56
LLXzF7GjESP8VJaQC2DvwzEYoBpTKSuEuT,0.62375329,48.53,0.62375329,48.53
LKNeo91fjruNkj1Gwzorh3DYHvoGE4bsmx,0.3569,48.46,0.3569,48.52
LcehLWCn7SBeh66nCnsMkKPnspTYMYFTEo,0.46710571,46.77,0.46710571,48.5
LWxCGj4F6TZCHqfB7KgykMJELAydE1ZWMU,0.46072175,48.48,0.46072175,48.48
LPH7hX1Q8EdBTbx6EjpAVhS6P2M2YfCiAn,0.53810594,48.45,0.53810594,48.45
LMCo9mFw54T93zDv9KsybA5HR98Ry7PqX8,0.72596816,48.66,0.72596816,48.44
LdefhoCSiuYu4mKJdcMP7rSDp3B4acTmMh,0.42245793,48.49,0.42245793,48.39
LbGiQwfpqvhraMzUZNpHmRkcBxWngai6vE,0.40426627,47.74,0.40426627,48.39
Li5wb34dHq1Rqgh9AiquGCEHuf3jdJfRji,0.54914881,48.37,0.54914881,48.37
LcrESEw62wCgqcscaWZwysf5Voi1XhWm6c,0.43380446,50.18,0.43380446,48.37
LSKA8x5vcPBYBVpBtqaHRGhYBiBXkEm3Vy,0.49852888,48.32,0.49852888,48.32
LVGkfSE5AXRakWNKXXh9Qb6rKZJHGj8YE4,0.55160906,56.45,0.55160906,48.26
LPf42murzZXAxCdEvHsAsdPv4yHehpJdvq,0.4975845,49.51,0.4975845,48.23
LPEkV4fM7otvtKvCvC2Kt1DSLhh2gFpnwe,0.38003201,47.38,0.38003201,48.21
LTdSSkyerqhwWAdrDYUmYGaVRR4VQV7LBS,0.36015757,48.21,0.36015757,48.21
LMtMZWw7wSmMWiJyK93yP5UyGiZHfHQQsF,0.47476506,47.17,0.47476506,48.13
LX3ifC1ofTJ1yTY6mD6y9vBbC4kcWJ5L9m,0.59710155,50.38,0.59710155,48.08
LUhRvKFj54aCmhtg15FWJhurRLA5Eg2XaS,0.5199,49.06,0.5199,48.05
Ld4cYcQvVvVqLaYdwDsMYneTe4a9yR5bPF,0.52515981,48.04,0.52515981,48.04
LXEMS3GVyZHkTrRUFRAPVYLm9tFpS8qWRq,0.68578645,48.03,0.68578645,48.04
LQEuWb1R1XXz1Wt4Cnjs9iGvTCvHsA8Jcw,0.51208502,47.41,0.51208502,48.02
LQ73MhUB5LTxNBnSw1Mmgq9BuVErfuecaw,0.4749,48.0,0.4749,48.0
LTV7uazmxgvPuHK25c8S6fyn2Ls7Pbcs4D,0.53582813,48.17,0.53582813,47.99
Ld3QYT2sfvsy5MvJW86z4vD39aVv6dVGhu,0.54847113,51.9,0.54847113,47.99
LcNspjh3znHpKDWDWEFzUXMGfbsRg89rsw,0.49821761,47.35,0.49821761,47.95
Lhko78GDn8QSNpBzv9Z6b5fFHrHho4B1xx,0.572323,47.95,0.572323,47.93
LR5cek821H6K9EUsJFsfP3QNAKLZDvK825,0.4573376,47.4,0.4573376,47.9
LXYpqPUhiu32dweuBxqWVhDqrnyDBoEH6Q,0.53905415,47.89,0.53905415,47.89
Li6ABpTvTPNEN2jwvNweXSVPYu7XBpSJtj,0.68088618,47.21,0.68088618,47.85
La2DAVLcLw3tiJTvVhxEhwHGDMMDBrXvqX,0.53780139,47.78,0.53780139,47.78
LedH6Zzy92YRTzUu4W7Poo9YWgwJG1yimM,0.5859454,47.77,0.5859454,47.77
LQoe2e2b19yRsLxcrcLnrtnHS1RQSATbhB,0.5114,46.04,0.5114,47.71
LKsvnsyctCTRztkWz5heSepnAn6W31q6sM,0.7137589,47.71,0.7137589,47.71
LXypQbjgKREwiQbWLyZ1Nu113cW7XhTukj,0.49196635,48.95,0.49196635,47.68
LKRFEGbaJS6Wk2EgKdXJiYsWCW2ic1oC3M,0.57089687,47.64,0.57089687,47.64
LarufSpk6SWnfnL9wJtPf3VNi6SzpFSAqC,0.62528491,47.64,0.62528491,47.64
LR9iZ2CRFFL2N8S5brnMNKjK7Ft6ExmoM3,0.48695914,48.15,0.48695914,47.62
LRfBV29AnpMF3bxRn9GZZqqWpkWQ6rLu13,0.45455,47.11,0.45455,47.61
LMX8JDnnkpuHgFcHEkSRCQzv8T4yDa7gsu,0.45738317,47.57,0.45738317,47.57
Lby9xQwVc6LTh6LsGTwPor7PPTpSDZRzV3,0.62585843,46.9,0.62585843,47.57
Lc78vaN5s5Weg9mc8qoEBjcQ5qgzs15sCL,0.35257444,45.75,0.35257444,47.56
LXFACGd1QF9KRjjZ6pQKzpSFvBMwYM1tDo,0.51966496,47.54,0.51966496,47.54
LdhhBos2AXafiabdJW3agaEvFNRG6GL6gg,0.51174037,47.3,0.51174037,47.48
LLhJTuXWTk4YswQW4g9A4NAJDciqach9Nf,0.48731224,47.69,0.48731224,47.48
LfsYLx1NDddhroPEwhXaBj3yKqLugYskeo,0.46235577,47.41,0.46235577,47.41
LbfTYsKuWKx5ZcLNxBCw5ig7YgJp57nv4K,0.55804654,47.67,0.55804654,47.39
LdEFzvswx9f34MSVn9pRG2tqpi69MNGFqi,0.40481739,41.47,0.40481739,47.35
LeFHAXSeouuaWdroLDkRsSrPMBb4noJK1A,0.55657791,47.34,0.55657791,47.34
LS7DkDuz42SAni2xh8hSeLDT93NBco8cQm,0.54055999,55.32,0.54055999,47.29
LSBrWE4rF566B5Q5UgpkPeXQWXL2JKnvYB,0.668231,50.05,0.668231,47.29
Letpf8sSY4HrkafcGTPqShXGrSnH7nU24c,0.5558103,47.27,0.5558103,47.27
LafiFnKvmTQ3RJqL1EqFo5CHsuEXDG7vnU,0.46996933,48.05,0.46996933,47.27
LLaqCUHojrUXybqtrcTAvwEq6GraPdg3V1,0.46757552,51.03,0.46757552,47.26
LhdZ7ZRCZ3ZkFnGNcu7aU7q1Cg9LEniaGp,0.3642503,47.26,0.3642503,47.26
LTFWn9mTqB6TJ3Rn4vHRfjSYBQfy6ECDqf,0.53623926,49.07,0.53623926,47.24
LUf8AMfwkcgohyYvwY6Yq6jxk9teCSW2z3,0.52616585,48.41,0.52616585,47.15
LPuN3MBg5NaZkrwKrrWU99mSZv1moJXss1,0.3671059,47.78,0.3671059,47.02
Lf9oMtibx9ctQij9Y9F9W1Lgh6NquoSEMQ,0.70969728,46.55,0.70969728,46.97
LKN7e9N7c6XJ8PQAdJf5RFrUtH4ZhKxyK5,0.35900289,46.96,0.35900289,46.96
LZCPDVqQusJ9iHtKUa1TGjaV4LBH2twuAx,0.56438114,47.25,0.56438114,46.91
LhyvhStj82fekqqHgTwrGGj5sWnEKrDQo4,0.34941983,46.77,0.34941983,46.77
LSN79eCRb6R7yp52xZLB7qypnxt1N3S17N,0.45,46.77,0.45,46.77
LgE5BvbVrdEBdsA6UxMuAaNHyadGFUMCy8,0.39550584,46.76,0.39550584,46.76
LRVMcLP8TLxssXU514dR9TQeewZrHKxrfn,0.48193427,44.43,0.48193427,46.71
Lbhbk8A7CmJWf1FmGgYF1ZzgtusPzYcjhZ,0.42497893,46.71,0.42497893,46.71
LamZBzgicWYffU169vDvBCC7s8H3WCR9SL,0.71089233,46.04,0.71089233,46.7
LchB3B33yVnV7RCwC7HUM3dcU85811uJ8e,0.41075246,46.39,0.41075246,46.68
LeVq1VpRf3vAH5td1gJQzQhbit23511Edq,0.46686422,47.42,0.46686422,46.59
LQfHJh7UkqR2MQR1nAGNwECVRp3Tmd5nrw,0.38719949,46.34,0.38719949,46.54
LQVKAnuAT8uHVQmREmAwcQk3sFAaeDZ49T,0.37341086,46.5,0.37341086,46.5
LZoUJ4FgQcV1K29NzofGKQ4ad1bWeaS6Ra,0.7091331,46.49,0.7091331,46.49
LUagNYAMeuctwW5155gFmQ1p4dyb7pYkQf,0.52306459,44.75,0.52306459,46.47
LRt8UBHcUR1byvPVoMjRayVsW8aG7CNg9Q,0.42890732,53.87,0.42890732,46.46
LTFaaUHkwWTAAHhRdka82nhu79DQMX8HXF,0.71812574,47.29,0.71812574,46.43
LP4CX2RC4d6N5bZtvjhqtf8QVfSrtHp8wU,0.47738314,46.14,0.47738314,46.38
LgFtruDaF3amEknCgT1rrFdPH7cRdBo73X,0.3987,44.86,0.3987,46.23
LT1q7XuNRobarPYpAbgZjQe53wb81Ve7sw,0.39047523,49.21,0.39047523,46.23
LSkvxgst7JSPwsg318rF1RscGYyDjNdb8Y,0.57435555,45.5,0.57435555,46.22
LUEQZK8YFxQNv37SYfBiCWjqwBG3Skmph7,0.33695579,46.18,0.33695579,46.18
LUiuxEocUnxNtL5TQm8L11hnQcXBacu5Ei,0.39416642,46.79,0.39416642,46.15
LbXsCMdhwpRwKpwH3uxce2hq13AejZhyBg,0.4499,44.26,0.4499,46.09
Lft56wfTWjX24BRmn5az53E3tWMvZyAMxM,0.4999,46.09,0.4999,46.09
LcGaXhNh2koia5muNzjby28bkfZRMywDiB,0.67832329,46.24,0.67832329,46.01
LbCPZn4DgwvKPKRfhriyWkJgjFToT35h5M,0.55736953,45.53,0.55736953,45.89
LVxTCPykncqxCeyvBXSMWaiv6A2uSeiXnz,0.50143389,45.87,0.50143389,45.87
LbwpS66GZjPHWEbCkiLr4PKJeD9VSFLj8r,0.37861235,45.86,0.37861235,45.86
Lexg32iWfAsL3HdeJv8q3rP24RJaHs85Ux,0.52521351,45.8,0.52521351,45.8
LTEy2rzsHfN58EoCRNeK1PqSKCxjVfVYmH,0.52324897,45.91,0.52324897,45.71
LYJ8eddeh3CB667jPPA2ohqzZXebzRd5LN,0.52571393,44.61,0.52571393,45.7
LPqZvkLqyUHhcC16GeZczh3LBHwYFUicji,0.51173328,45.04,0.51173328,45.58
LSGKKqG2C64vpUy265sdEXyVwA7BizbWRs,0.44927156,48.67,0.44927156,45.54
LhbXUbf964QdCVLt4TnEa9ie64vYvtytdT,0.6249904,43.8,0.6249904,45.49
LNXzwPssYs62Cob1MVefGJbkGCvmdyfUSp,0.58210732,45.49,0.58210732,45.49
LM64qNNbVvjCuVRW47yc3h2cys9aTWcuto,0.37818867,40.54,0.37818867,45.46
LfjpLJbbgcJd4PR4gxVLpAFvLo4R5HXdgW,0.36236614,44.34,0.36236614,45.33
LfoYeyckdp372i6WzXB76nSSUhDWuu5y4a,0.48569141,45.31,0.48569141,45.31
LiFrj4GZariBnZWZcarssQvABCuQAFJ5io,0.38019902,45.08,0.38019902,45.29
LRiqBcC8YgVpti7Wubhza4CRy9fvxjdY86,0.42015532,45.07,0.42015532,45.27
LVuB2ky1ev8brormrnd2FGKuFdMNkyLHU2,0.44169595,43.45,0.44169595,45.25
LL9p4VqeG2Ltksiy5yvN98JrPuGFUzz4RP,0.49867281,44.4,0.49867281,45.22
LVCzZRqbiW2QeFQS6w77D5mATUWhJxdquQ,0.52765653,45.2,0.52765653,45.2
LPK7Xg4K9KC4JAiGxTVFj6iJXiCLgf5p1G,0.36297254,45.2,0.36297254,45.2
LXhD4PEEzdHPmnB3dLhjxVwCDg6dG8qpsY,0.35322022,45.22,0.35322022,45.17
LV2GLB4HtyHVRvcyJSxWN8ve4NB5XwMwd3,0.39124221,46.14,0.39124221,45.16
LMVBbVYnzhea9NzuFpMDjsNLE2N6gcVfEL,0.487989,44.55,0.487989,45.14
Lhb4GqtrynZGKnQ8ufMm4audPZqMaKg46F,0.59001881,44.72,0.59001881,45.07
LQ2kYWae1Udk3SCTjo9ZVNko3CsQYwZ3Ze,0.42992553,45.03,0.42992553,45.03
LQyzpLTja17ELtUgLgXQKF4q1HrBQmwQBP,0.354545,43.27,0.354545,44.89
Ldv7qVBo66dAsj1aytYNKVqgUYaYtxXqA1,0.43266661,44.73,0.43266661,44.87
LbcwZTJZr9hiVb5dtPdYKdTWAkVvaJVksz,0.46910779,45.62,0.46910779,44.82
Lb5hTWPVKBM78xka3bUTuFMtqstu5bXSd8,0.6589812,44.78,0.6589812,44.78
LVfodPHv62rwqQkNctjZewejgvVTopR3fB,0.4854255,44.76,0.4854255,44.76
Lb7V44nJPDKxpire5bsBzJ7ZGJMNYRwyKi,0.35868802,42.77,0.35868802,44.66
LTNYgwVXgetVTv7mDdtVHpfN8tf7XUZ25c,0.53626536,44.65,0.53626536,44.65
LRA7MN5d5ABGUKRinW4AhJWKUxpExCX5yq,0.5859,44.64,0.5859,44.64
LhG1YQpWddmRzUt3ksomp4xDNZ8L7B5HTp,0.41583578,43.53,0.41583578,44.58
LctKAXyqvCfxBkoN1ubTo6yYf7ToBM1T7W,0.38694148,43.1,0.38694148,44.55
LbzB3tUh8DTDh3Y11isdd6Pit2Dih5cDFo,0.40426924,43.8,0.40426924,44.4
LNWaBMKBVSHMhnPiHbWWEsUWuDueWeL2BD,0.40409748,43.14,0.40409748,44.38
LUBPAboF533HcdZV177TogxJXRLKwGDkYf,0.49491328,41.2,0.49491328,44.3
LVNK8GvKPKxPCGW1Y77MRPQnpUxDDb782R,0.51235517,44.71,0.51235517,44.28
LSmoDKkAMmfHho7gCyXJr1KPLrKGdvXXNM,0.50767944,46.17,0.50767944,44.27
LNBUrxLfKuBx7ZEi8rhc8vKGX4E863yj6G,0.62990456,44.26,0.62990456,44.26
LWjBfv7h3resZAZYgf9wzotAFgX22ikS4b,0.37726409,41.42,0.37726409,44.25
LPWn22v5moeqPTFBmGmAJE16ZQnekKUbfw,0.562,44.19,0.562,44.19
LdJQGPEZ4yfa7jSKPc6mS18ijjiqYEu7ph,0.39274879,44.84,0.39274879,44.19
LQ7QeLEJ9cNi8eyGq2pMLs8Z8GrS3xgtPv,0.44901217,44.17,0.44901217,44.17
LdWJQf1LbERJft5jLEib3Ad8meaSV7Ameg,0.46024577,46.15,0.46024577,44.1
LNt8Aqoee1Bit4cUaBZKiRQdpGQymitMr3,0.500399,45.79,0.500399,44.08
LUTdArsX7oC93ZgAJZQbQpYrGLVoVvCBBP,0.43066741,47.3,0.43066741,44.03
Le5zRuCwVzoWx9MT8CsrWKAYTpuZ2VfQPk,0.32079609,43.96,0.32079609,43.96
LSxNVEbgGdqdsUnxZE4ZmroxvuNCPcfcUV,0.67949247,44.64,0.67949247,43.89
LPckGiu6kLoPoVDHMsjg62Wzp1R92ELGPi,0.34644591,42.28,0.34644591,43.87
Ld7LAgnca3XFunWjT5Zd4qLS5RGhgMBDGu,0.327572,43.85,0.327572,43.85
LYTWqiHtTyrr63xzpFKqJEMQDSzFGgJtoW,0.67044094,43.85,0.67044094,43.85
LNy6ReEndcwp9byWDPcsK2eN5rL19VgrSL,0.59187843,41.91,0.59187843,43.79
LhzUmWJG1XNNaGzAkiobWZUGmAp2z962YK,0.49260658,42.05,0.49260658,43.77
LURV45j2T2n9WeQWPaXgsryHMp63swfkbB,0.45813241,37.74,0.45813241,43.72
LXQsm5f3GuCkqa7DDRuECnmGEPTVUAgTLP,0.573431,42.32,0.573431,43.69
LPkhDKu49zdJpg7xiaGnSGzJsYhWSrS9KT,0.397402,43.67,0.397402,43.67
LKfewbrXwVZpcGU7nH38SAr1KPZvutUJRu,0.41066034,42.01,0.41066034,43.64
LhtFGmSP3ymCKS6mRqgu2V353hzzhKfbr9,0.6150104,43.59,0.6150104,43.59
LWDwec4MgeHbR6RH1MFEgDqy2UxQyDKxtt,0.37436837,43.58,0.37436837,43.58
LKQ2zh5mvP1L7UJv37Jzvvf8qyAZsotohe,0.32264555,43.17,0.32264555,43.53
LZUTq8zpUavMAaHom3npEhmZsQo6c2TTMy,0.61510792,43.45,0.61510792,43.45
LMEbeGykQanm8PxJwGtyWw417Js7fRfmHU,0.52718601,39.75,0.52718601,43.42
LVapQALacEFKgRgGw1C7Vnn2bfHyCr4p7y,0.48480685,42.64,0.48480685,43.4
LQLfQHYZaqo5sbrPbGxRTd3kSxDdw1Yw4b,0.49790796,41.97,0.49790796,43.35
LVNz4TmjDJq3ZRjN6FgpYxLUPw5e78PdLx,0.6699,44.01,0.6699,43.27
LaJezmwmFu6rhQF8hUUfbTUS7E3CZ2JYbt,0.47993907,43.25,0.47993907,43.25
LWx3T6wD56igW7LqwHDrJoMfyALTXPz9GU,0.54025388,43.24,0.54025388,43.24
LThFyzMLV9dwPYt6J2VDHhhf2CCyNHNZME,0.41269169,43.22,0.41269169,43.22
Li8qkkcTBthP5NspdjSmBJDSRarqTCN428,0.41283543,43.22,0.41283543,43.22
LiPfUDP1jkVzSsb1ZfAKwfuXeZreK8ydPA,0.45681417,41.69,0.45681417,43.14
LLNK3xTgC7JbNvTkyiYgZ1Gq1MwXZjpLMB,0.56637784,43.06,0.56637784,43.06
LYwvyEMsz7rBNapLsUzgqMkdi2vrfYxtpZ,0.53987108,41.36,0.53987108,43.05
LWnmxKB1HGgLHH5cwKsChs3GM2qRD1677J,0.41099081,42.38,0.41099081,43.03
LZ4MXcTtpSDu2Qj2yNMKszYQ8toAkVPyfH,0.44962695,43.73,0.44962695,42.96
LcdqAxSZpM2MCCUNSCtdR55m5WBb2AYGzh,0.62044021,42.83,0.62044021,42.95
LTNhuW3XZRT2PEM7NVCaWTUL3mg38pTeTj,0.47899393,43.95,0.47899393,42.95
LWbcKtJKnDMyDFMXYZNQECEmh5fLP4koJQ,0.44928762,42.92,0.44928762,42.92
LcpG7kEFCQ8zq8Y7iyNvKZks4wtPAfQT8S,0.31541427,42.83,0.31541427,42.88
LXRhBm6PRj6pY6wq3ktNE71428U6gn1gUV,0.6053756,42.84,0.6053756,42.84
LZRn57pb4pWB7M93ix6ibt1cFWtTuwAn7z,0.53679608,40.3,0.53679608,42.82
LiPfA5uHPV4m4i3cZwSJ8361q74giHDrHW,0.3899,43.06,0.3899,42.81
LdXURiCxH9g2ZVuHKtg53GpZ4qcBs6Vyh6,0.40592067,43.61,0.40592067,42.73
LZQ8nAGQhx95RbNr3gdMtykBx3mLe9ev54,0.4999,42.72,0.4999,42.72
LXpH8GYv6NZ6g4v1EM7RbpBZypkmyp3vyF,0.38909883,42.72,0.38909883,42.72
Lg92BiQfNeC3yctjrnQ4KNVvWaqU8nX1o8,0.54739044,42.34,0.54739044,42.69
LaK71B84aFHrshV23n1JtGLZc7zPDFkZDU,0.41646604,42.24,0.41646604,42.58
LPN3nrtVM6RUxSP6ckD8EWBRkuv2sQGMZW,0.47143923,43.59,0.47143923,42.53
Lh2jM6ya4peWUrNXT3DwyzcQSH74CxWVgB,0.5099,42.46,0.5099,42.46
LSYjeVrr5vQ4f4JZnVbeeeM6soZ8f7zmQh,0.60080299,42.58,0.60080299,42.43
LaHV6XhZaiCpebNqys6oQxKXDFAxXuqZns,0.579871,42.39,0.579871,42.39
LTpdhZTKMnHkDGdXQqnkXUjc85VG8FpMEW,0.46504335,42.59,0.46504335,42.35
LRc1RPgLz8o4kTuuvDNnZT9gqrNnyLHiPw,0.31621901,42.33,0.31621901,42.33
LeidENUM3oQJ5JzNbkE73CByP3wUvvJwZS,0.43655892,42.31,0.43655892,42.31
LXmykjVjXNwiR1TUSNyTi42T7Rf9mFiGb8,0.36745301,43.02,0.36745301,42.28
LVwCWeMhhMhiEoDduJwjf87BEQg1oJy6gq,0.41822691,44.71,0.41822691,42.27
LcaPw7DZwX3Ld8AFccw5K8Vpwgj9fWUpET,0.40754034,42.27,0.40754034,42.27
LQkLMD6wzNmZTQYian9ttxFg6d7mLKq4mJ,0.40862741,41.3,0.40862741,42.24
LWUtiSSPwFHFbH5cTcXCxJVaqfXjPiFXzH,0.6499,41.24,0.6499,42.21
LQeayZHELeUKPjfqPVpoQW6Bt6rbTD9Tzs,0.55019191,42.19,0.55019191,42.19
LeAapjb9P592arZa47dq6MQaKBsM2mNckk,0.63082006,42.17,0.63082006,42.17
LePNTBHxhRR1AgixbsGMtFdc2YqeoeVHZ5,0.36712717,42.14,0.36712717,42.14
LLiRDVMZ4zFPLwehPG4vG1EKYSUeXxq7BY,0.59358645,42.14,0.59358645,42.14
LdJZ3KP1WarVgT27gdV5QQ6z5fYKBjanZ2,0.40023368,40.23,0.40023368,42.13
LY817DfqDGwRD1SdN11jzEn4cfwALp4ixG,0.46911132,43.53,0.46911132,42.05
LhfndEE6iyBMpFXBnxeibhBdNMY3SVxhMA,0.31130877,42.32,0.31130877,42.0
LW9WLFntE1vEGCiRCCKmf1YXXMB4L2nBpR,0.32767019,41.97,0.32767019,41.97
LRcMuktBWGgj4YG1Em72CmWa95aAjS2s1Q,0.5395034,41.06,0.5395034,41.97
LYNaDtZkDrb44JRbpFcPcEWgeSMbv8V8o1,0.43615364,40.81,0.43615364,41.93
LhfJzHrdej44YK5qc4YUEGh5GRChxfxTy1,0.62699727,41.91,0.62699727,41.91
LfE3LwZKmM3W3xAtFd5nNnq4ocAuybrECr,0.4139581,40.79,0.4139581,41.9
LPkdts25nTKTaofE2HRq6AR4U3oBRieNG5,0.44917399,42.26,0.44917399,41.9
LhRLm4KFshgYVS4gLVMM1B4wgwYskYFMcX,0.330265,40.31,0.330265,41.82
LLLuMtNR4YvxNiF8ebYoy6mDABCWRLAFzp,0.43124369,41.8,0.43124369,41.8
LKakP8TKbfS8MruKmLw8E6Vi8HbAfLcJ2a,0.3662644,41.75,0.3662644,41.75
LZCD3fVyvyVnd5WtZZXZ3BFd57671uqVHj,0.56590216,40.94,0.56590216,41.75
LLxnEMdKmkafggvWhZtCeQLvzbKoV4ynoo,0.4772269,41.75,0.4772269,41.75
Le1HF5CPKEQcRc75Dv3utb2AwUmHNiapNF,0.46670453,42.21,0.46670453,41.67
LPwRC3G9geWGSWtjbjHXtAQai9nmjmFKjU,0.40560391,41.66,0.40560391,41.66
LaJJ9SgkKLVmCsKJSGVZKLZAkQocMfgbzv,0.64250794,42.53,0.64250794,41.63
LM6bod2PKBvaFz47oDh9bSAZsWcxfMranD,0.47220287,43.21,0.47220287,41.6
Lbmfag9QDMuJFnKLeh8CGFff4PHkgfpxq5,0.4661848,41.59,0.4661848,41.59
LRuLpKe69GsJkbYqLDXVJF65PaCgD59HfV,0.32774549,40.86,0.32774549,41.58
LZNMUVDL4z8RR7X5n8zmiLnccuyvynBrXF,0.62024892,41.46,0.62024892,41.46
LdFTcwQT5uURcDKtNZfu5arBZXzAydtLg2,0.38399327,41.8,0.38399327,41.44
LZpFx3pnRpPPuMR1mn8HCPcmCRCrQ5X8Hs,0.541,41.43,0.541,41.43
LXaUcCXyANMmzEgqGhM6iKhgTM38dgxfTM,0.46620046,38.94,0.46620046,41.42
LfzvFJKETJWDZXD59ojCGk4f1N9EEicdEy,0.40308706,41.4,0.40308706,41.4
LUM3WXRmCwRyrCk44cTvYNqWZWZ9woQS6X,0.33800111,41.34,0.33800111,41.34
LdNNGcveBpqaBEKni7PUhA3PpEWqC5A85T,0.5653594,41.15,0.5653594,41.33
LfN6jz7HZSTfoEzYDog2PEwix9WUZZUcxr,0.55803571,41.29,0.55803571,41.29
LfiKMd57SxbUym9uucP6FDfhmn2PnByqs1,0.357442,40.58,0.357442,41.27
LYBzisEdvsZCG4Kw9Zfv6fiu2pM2XBH8qD,0.32562012,41.23,0.32562012,41.23
LWXnEEbRr4GRbCY78C6UwpG96A6PVTfb92,0.45693358,41.22,0.45693358,41.22
La7z4NhQ1ruji5o9yfLL1DG7Fwgv4ErT24,0.3589587,41.2,0.3589587,41.2
LgN21yoAmUWeT4Zb579sz7TvzwJxY85aJX,0.41876349,41.2,0.41876349,41.2
LR2cwXmWsWrbT11SKSctF4oPh7Lwy3rx7S,0.56328619,41.0,0.56328619,41.18
LhHQym2aEfzEUbry1aTojkCQeykG12g7eU,0.43977153,41.03,0.43977153,41.03
LgjUqsT98PShvNR7WcxoLjzrMt7UMuC2xf,0.618715,40.19,0.618715,41.02
LTFCaw7nUEKwDtVEq82X2VjsF98Rq18iq2,0.59886284,41.0,0.59886284,41.0
LTfJn1SBSqsSZzbZptXxS66VtsrqbVe49T,0.35354159,39.32,0.35354159,40.91
LMnEzhDQVhCZwh4cAsVcNmKPowN5p6uo3L,0.43836202,41.25,0.43836202,40.89
LKcxBpfPsyeJkRfQ52qf9x9LpFqv3CSgBS,0.53651964,40.88,0.53651964,40.88
LXYhVtJuczU6Z2HQABVoH4kFqecTVajY9k,0.577157,42.89,0.577157,40.85
LZDwrLCjvJ2BGgpN3VVQphsrDmbd6aaobc,0.62163282,40.26,0.62163282,40.84
LWV1mtiQhhuwPdSpuHCR8d4fBLtj8ZkYnA,0.40191013,40.82,0.40191013,40.82
LYNMmhn7EBviNkiyQ8YfUxyYB576RWZmw5,0.44,40.79,0.44,40.79
LNWhmV9KGUCUsV4aumjR2qRX6vFjNAcdXA,0.556703,40.78,0.556703,40.78
LUBtJWsyTM1g6pci9zJHYeHo5S87QewgZE,0.3,40.74,0.3,40.78
LcUZcBGNau1EipBwBzY4srgFJBjFXMhH8G,0.3,40.74,0.3,40.78
LXD3DKPskXWb9zLxwptvCFfATqzhwyXTJ5,0.40112456,40.78,0.40112456,40.78
Lf1Dq5mdMgdgp6zddtJXqCag5Z4sMoPm88,0.5839922,41.04,0.5839922,40.77
LdWvmdbity7C7zgiQoKFpxkJ3YZv27RMxM,0.39218477,40.76,0.39218477,40.76
LZPNpwggHBJgnP51zkikKx3ejzuc3iDVwB,0.30783705,40.76,0.30783705,40.76
LYwT61iMgPvPvwUk7LExCN2YSSu1NsVCMU,0.3044253,40.75,0.3044253,40.75
LWrgKQuzTiAGmmwSMqWsN8Z3YwwR56Q7nM,0.29920248,40.46,0.29920248,40.67
LUBRHpQ52Rc9fiGEmZFXNYrgoNVYJqNff8,0.48838594,40.66,0.48838594,40.66
LiX8tXAyoZL5CHoKoGLtrDcVDCFTVvSu2w,0.52258269,39.77,0.52258269,40.66
LU3BhKhxq5bErrhfzF2ksJa8eBW4E6Wv2U,0.30123039,40.95,0.30123039,40.64
LQo2By97BhfrKTUHYRJVoXYvgEkRR8SbY1,0.40006215,43.33,0.40006215,40.55
LUnAizECgo62BBi8wXgEUbg5pz1vvuJcbU,0.48685911,41.41,0.48685911,40.53
LXYYmX4UKQaFM5qrUaupWwJfcrrEoQV3n6,0.55379681,40.31,0.55379681,40.49
LRBJBvP4KW4fJm31u1u5h7DWmZPCdSYLbv,0.39601615,40.48,0.39601615,40.48
Laop6TxwDaJqWLSVauQNoB3GWc37cw2Z85,0.43800092,41.33,0.43800092,40.48
LSKhQWp5QvESKaWgAnBNZfr3VMtgSjmnvz,0.46585936,41.56,0.46585936,40.38
Ld4E9nWSWm4yXPp7jzyEUpfHywL1GovUDJ,0.3478887,38.24,0.3478887,40.32
LMztQk2hdd4J5rDAZbjpFQnHMZG5SLAdV4,0.31474302,40.32,0.31474302,40.32
LSDtvzPuqrv19AvFDs4ixDstC7MAvu6QQb,0.62,40.27,0.62,40.27
LV12d9NgH3ZrbwvYNujmrL5iKC8RYmaZam,0.49927665,40.17,0.49927665,40.17
LUcWmz7WywZhissX5PpeczUP7Sasppq56S,0.54941764,39.99,0.54941764,40.17
LXS3yBKMXLAiZoCDdNvzRg2LCTnfU3KbQ7,0.60754,39.75,0.60754,40.15
LYdAWxYatwHEPnGkUrS2CVoU6rQQCSYHAP,0.3398,40.0,0.3398,40.0
LeVKEeK1vEMhncMevDYjeSgX8GfRSQujF6,0.43001381,39.49,0.43001381,39.99
LX34WEcBDtxFRtWTCu4St7J8xhRKRmWuci,0.335564,39.79,0.335564,39.97
LSFMYBvidn3Zp3VSvVkc42ihc4JtyMmpYu,0.31961776,39.33,0.31961776,39.96
LS8vDYhajx4FoY3bR4cZ1DMmFJxUHkmbae,0.31222756,39.93,0.31222756,39.93
LXfinDqGvGFE3GXkHaBhZgLQ9w81F2vDjs,0.31498121,38.44,0.31498121,39.88
LMGu34zm1MGECmGbPSoL3NLhNdsE53ZtZ9,0.53232965,39.87,0.53232965,39.87
LL66vwvPrsn4wQi1GfV5SDSFYBq4cnEELh,0.33400133,40.15,0.33400133,39.83
LYKdCt1Ad2QtiVyg4vqedBRtmqTx4NQcVe,0.31441558,38.37,0.31441558,39.81
LgZW1EKFTVMPmgA33iPagDmzzv9dGKmgme,0.56140351,39.79,0.56140351,39.79
LeBhtqSP8yAh7YNCunKDnrQYgtxFVoqbnC,0.44622725,39.79,0.44622725,39.79
LLQde2sT6dzonaF1visUV2enGWk8WdHCtn,0.51914026,39.74,0.51914026,39.76
LPT63K7t4WEdt9LzmR7oJoqXsrF4HkoCxg,0.4297,39.07,0.4297,39.68
LSgoASRbtF6jAkXt7oB2C4UzQ3ZwtthVrx,0.39245118,41.96,0.39245118,39.67
LLT6aws1EmazfKyhJfHsieZot7VtcbfZXp,0.3326086,39.98,0.3326086,39.67
LVRV6AvAWunPZkAfwnVhbghc95tEPdj9RK,0.38146545,39.0,0.38146545,39.65
LZx9S1eWqyPkeci5R97KrWkzuHBRndy5Yo,0.47562425,39.71,0.47562425,39.61
LgSUgKfVvKJrfLdJKM8B3WX3SMewjwcUTh,0.3424073,46.92,0.3424073,39.57
LNusrKJVqFmT6s5e4Jk8hSppz6Qb4LFjJq,0.38020509,39.57,0.38020509,39.57
LbYxivNPc1UhGLWDsaXm9TW1MDFZMsjwKo,0.396401,39.56,0.396401,39.56
LNWCqNvHJusKv32htfMN4nXBY9BHR4nHZ9,0.54340442,38.08,0.54340442,39.55
LW2S2sJBeuTFAXAuZcSrfmRDBKmGdAi8t1,0.33205001,39.55,0.33205001,39.55
LPe3pEUKwHf4Bu8gHvCy6puxi7Z4JBTFSw,0.30900951,38.41,0.30900951,39.52
Lei4Zky2DbEgyvtrxsrCCfR3wJM6kmUn4M,0.3699,39.49,0.3699,39.49
LYYAZPGv2deMN4qFhc3dsQ5TxY8i1favv7,0.39566509,40.19,0.39566509,39.49
LegXdA1eBewTFzu4Yq1wiPiKZcseQEWkzV,0.55508312,39.47,0.55508312,39.47
LNhGdSE3Hp2RrBrZ6adx8xjz1rbu1ydr4q,0.51893066,38.89,0.51893066,39.44
Lgao7yi756RdML2AuyRKMYyo2yupELQzLT,0.46102248,39.41,0.46102248,39.41
LQHEsqa3Q7hWdKnRVLWT3vYHvZHQixqvNk,0.33199074,39.41,0.33199074,39.41
LRzhAT7EM6P8wKmh3eP3dUNwcsyKYvbDPH,0.37698346,39.33,0.37698346,39.33
LRrWAxQkavbWcmqaG9SeACvQ4iChgbp83h,0.40423662,37.52,0.40423662,39.31
LMLpsVoZAQo2WLxSubxRuobbnuJsS23Td3,0.45846345,39.35,0.45846345,39.26
LeFgubdKTch2qN3j5nHb1GBEPxycSmQwam,0.342557,39.24,0.342557,39.24
LXfcSFCSy1LtcohXfL2GdwNPzVDZBKu1kx,0.49923548,38.94,0.49923548,39.24
LMdA2Stm9sFSdAuagCobH47pbxFrUYvuus,0.37258203,39.22,0.37258203,39.22
LWko1bzuEQpGA5c1wnf5EC5m8SiU2a1ZxC,0.40456237,38.27,0.40456237,39.21
LbxkCfuy1qJ8jzGMLUix66i33eB675iDAo,0.32150124,38.8,0.32150124,39.18
LMbekzwr4v1BmnjBmEe9mAekrqyAbFpQQU,0.48020633,39.15,0.48020633,39.15
LPoUr9rVgtQtswxX3YeSSMzvtQ7mdoZ33s,0.36836051,43.33,0.36836051,39.12
LebVAuZanU1N8FxDm3E23fzDzabJ7Vs1xo,0.29174802,39.05,0.29174802,39.05
LSBRqbRfbn6wGA1ybdfWS1njn2rKX7pkTd,0.40941118,40.39,0.40941118,39.05
LRyUSUuLf4MHWzM9oa3ANGEpBTjh2Rt48n,0.34888434,39.75,0.34888434,39.04
LdYbRPoSLmJBHqUbKxHzj8WDqUq33j3mWM,0.540159,39.23,0.540159,38.97
LKz3tucKpVpSeGdFbrcHievYcBNyAYqxVE,0.58754099,38.95,0.58754099,38.95
LRasZ2WaUdJxZ5TtQ2NmATzen6ydK9VUcH,0.42829457,38.9,0.42829457,38.9
La16QiwPkGMintmrdGBD3Lscgy4cYBUpWm,0.38682305,36.74,0.38682305,38.88
LYtQXjyME1hDY1SR9xCyXr38FKt4cx5GiU,0.58665661,38.83,0.58665661,38.83
LgmExuh17Xqigkh7rods8cZjyLiwB7bGVL,0.54532265,38.72,0.54532265,38.72
LdJA1j3RqC6TWhNMqKEyWsQVqBjwHZbATp,0.37458845,38.66,0.37458845,38.66
LWYbGdabeZEfVV8RZd3E1349Yz4wS9YHHR,0.45,39.38,0.45,38.65
LcsBq2XwDdTDSyy3S4gKHZBovaNPuLEnPs,0.4572025,39.37,0.4572025,38.62
LSU82SLWT1FWULxogYHg3MxyjZAd4y54Ho,0.31640361,38.33,0.31640361,38.59
LaFK99K7W1Q3f58vxV8iB2HvRv9VeM7Q2Y,0.54615075,38.57,0.54615075,38.57
LiM3EXtvZn3wyAaBuTPH2KXnKrTPr5i2aB,0.51738036,38.51,0.51738036,38.51
LVoaWjvhGS278Yvpcy5CP7wmswBx9dDuuV,0.48041646,37.61,0.48041646,38.45
LgrxCkDqRUnuMgPtZsD9qk6WZAYEsA52oB,0.37852814,38.45,0.37852814,38.45
LeUmJxXXmJCMJmD285e4j3sv3Lw2mvFhZq,0.43887596,38.4,0.43887596,38.4
LZKYqjYhmGPwUUrzHmSmLP4aizszrKty5s,0.3949652,40.67,0.3949652,38.37
LeV1iFr9t8NSACjucu14QQuj7rdTpuopWA,0.28431224,38.35,0.28431224,38.35
LgVKqu6sWsP8EtEXi4uiYSw3jRXArKz6mn,0.3275602,38.35,0.3275602,38.35
LWBdpdFuf1DzU7RWLCEZu8b6yyuVmyH4hD,0.34178431,38.3,0.34178431,38.3
LRgjWm8yPdKqsQpimNzjKgxS4uyb9vrgWb,0.59290255,38.3,0.59290255,38.3
LY1zqLScsP37YumD5x3dJn3vA6kypWNHTD,0.43947227,37.92,0.43947227,38.26
LKru2fniNnDinh5F1qiAVjkNyqcvFpiFWt,0.38880984,38.25,0.38880984,38.25
LhSqzZRfBajVc3ncwogPd2eoEkDmhKzanX,0.32046865,38.52,0.32046865,38.22
LLi35537BPFALHpKuw4N1K9xx4FvB3Cwet,0.53892422,38.19,0.53892422,38.19
LWdyiWDQhzzsrDh3sJ5f8bvPB1MvmPqCay,0.28248573,37.79,0.28248573,38.11
LTUtHim27djUTHA1bHBQe874SU46PUoPVa,0.48957179,37.62,0.48957179,38.09
LRR5Rak5vgzGr7VykxuUDgRd46XgQjnssH,0.29720626,38.07,0.29720626,38.07
LcCBixAgmgTZk4XepjMskrnQ93hLiddd5f,0.591012,38.17,0.591012,38.01
LUfo4zudvqPMRC91U1n8tcpwDwkirDS4Lo,0.35953333,36.69,0.35953333,37.97
Li6e4Kxm6J9NY3D73wpJyKGpcifWqv6rzT,0.53645438,37.96,0.53645438,37.96
LXr9x7gZfB58WhsvLDfhHfR7z76mSmJpb2,0.40642723,38.24,0.40642723,37.92
LSEn8pK3WJCdGsct1EXX6fBbYtewk2sfGy,0.41999435,37.75,0.41999435,37.91
LLhT8VFCmdGUenn2dVj4bNKk7pv3pbx4F1,0.41789682,38.43,0.41789682,37.91
LTjBb3Ynj3S8MobnBS3rwRTbWVXg33jtAc,0.47270515,37.84,0.47270515,37.84
LSQkJLJ4bjDTCLMN6d88pJUw6TFF1vHUFR,0.54060169,38.42,0.54060169,37.83
LMsJWcjDBi7423DnFQ95t86dxT8Eh4WFNE,0.35920973,37.81,0.35920973,37.81
LQGaeVzddFtg7R2RfpbufrL7fzCyTKEANM,0.4199454,38.76,0.4199454,37.81
LVLUXiWPovtESBjsGJ1ANCMt96yzUEeV6E,0.4199056,37.8,0.4199056,37.8
Le3xQ7cgcrPRJDSoutPnsYwbvnS2pyv5uZ,0.30326269,37.75,0.30326269,37.75
LZqBAhpjxxbHGYEDK6WhSRj7deKzZvEvHH,0.30211841,37.73,0.30211841,37.73
LRbmpJhRQMC7JWF5hEo2y3oWFs9HnTRNY2,0.31598203,37.68,0.31598203,37.68
LZjE59wYXyr6fmsGaLuSaNri7osEU6Rdp9,0.53232387,39.56,0.53232387,37.67
Le6ttqY37LjTUoXSJRYVz8h2GVJGgdnxwj,0.4768,38.16,0.4768,37.63
LQVgh7htu96rPfrKh8B3k538PXBFSivQpr,0.4933821,37.27,0.4933821,37.5
LbQEJj3CVoV3BmK87D9tWzvYB6hrXCnmV4,0.57844781,37.48,0.57844781,37.48
LZxX1hYZ3Tu6JHpsVZF1vjxDdkB7gf725X,0.52664244,37.39,0.52664244,37.39
LiAxUTYrfdx7QDZ6g3pD6cCnCKMTdeePAu,0.56876437,37.31,0.56876437,37.31
LPiL69ntCXdiHqDeNUpqeXjeFENHirUaHP,0.57814389,37.24,0.57814389,37.24
LMPBQUrZANip2Di3EuyJJPDXNALVJWSzan,0.57455287,37.23,0.57455287,37.23
LdGvFwQx8eJLHJFdbTPKaPt8kSSiAwHMZW,0.29324661,36.24,0.29324661,37.23
LKaSUfcFrZvCJJJndU1JasP1BGMnLrf4pR,0.42294759,37.2,0.42294759,37.2
LNAgRv3chVBQBUS87SZkpmzoWrRAYtY3Jo,0.3647,37.07,0.3647,37.18
LLnt29HCwg4SFi4hvg8k1DWzcPjae1hLbE,0.53664232,37.16,0.53664232,37.16
LfAfA2jnQ1S91p6e3azXxYHXZUBsmJV6rP,0.37366647,36.81,0.37366647,37.14
LfBuS5S96AbGNJhi2WiWqoLWJgu4HXApWE,0.51478783,36.95,0.51478783,37.1
LTqcAtrPFbxyDXBqrBDK9NjjrtGPvZoirU,0.31099153,37.09,0.31099153,37.09
LYRgVefLekLsUXMPKinTc5JoZ4UHyj2Zti,0.27489397,36.78,0.27489397,37.09
LeQz12FoSrkKJfCc23zCuRo2zX2zFcYG7R,0.42142282,37.07,0.42142282,37.07
LPDh3qVv6QBcSu17RhfoHHyBTp5uL9oguz,0.41051329,37.96,0.41051329,37.04
LdX37Xn785SYMzHmmBwSPk5hbgXS2u6jhD,0.29738473,35.46,0.29738473,37.03
LgvX5a9mNDGi8gbXcnTZP81Bj5CrzJogjE,0.361538,37.74,0.361538,37.0
LL5vtnVcvcqQHiLsYhn5AxhAwA9Cr1Bpr5,0.27989435,37.0,0.27989435,37.0
LaTmQsHqKXzUjmWeaJ8HM3yH5skctxS925,0.27827827,33.27,0.27827827,36.99
LUCXChHoD82iKPL6W6dHYR5vXzBcLugFmD,0.5,36.99,0.5,36.99
Lgrd1fL4wHGepPWB9CqqYSmxDUc53qt1k3,0.47021828,36.97,0.47021828,36.97
LQBjNt7x579WtptVAWvYNHRe9ni1cXJLfY,0.32425189,37.52,0.32425189,36.96
La4W3mpobVPLUyWDF3CgA8u8rwARxre36n,0.2874475,36.96,0.2874475,36.96
LRV3WjHUGBUdBX9JZvgFUqexB3foaphCST,0.2869264,36.76,0.2869264,36.76
LNcGpuNryAALJYWhiwz21AJQyzvQxLapnd,0.31383114,38.89,0.31383114,36.74
LUffWBXQtcyv3mW5LKwZSgCzaqfB6G5CXT,0.4101242,34.14,0.4101242,36.71
LhDu4pnWTUPUHZ7fSU8b8x4MCx4XGvJzhq,0.49549463,36.66,0.49549463,36.66
LgGgUj3Mq379Ks79tqwokoLta3HMWKuKyh,0.30447461,36.6,0.30447461,36.6
LeGj6HGnpj48sYPaEKtQgy1CPHk2dBiyUF,0.30811943,35.87,0.30811943,36.58
LeJvMapYEBsDm4VhV6eJPr7dkSKGQyMGC3,0.4193656,40.02,0.4193656,36.57
LdzYYv3tTXzC1vWmTM1d8VQTm82eLxwKqw,0.3057,31.41,0.3057,36.55
LN79XsRrkcJkAwxfJhYKCbQE8BrUnKrhbj,0.39164037,36.76,0.39164037,36.54
LZM6xZMYUWgMTwCpuxJQKi8wt1Q65YcMrt,0.34879372,36.53,0.34879372,36.53
LgUGHoCxxGvs52gp1cbNSYszuUHogScsqL,0.36244682,36.45,0.36244682,36.45
LYcJ7XMixDkZw2wXV6knjzJE2cLnk4gE5t,0.28411333,36.98,0.28411333,36.39
Lcdxyj63YkQYdoihjd5tVXv1wNA2V9J4Tn,0.30063624,37.01,0.30063624,36.38
LXr8m4ALhMuw8VzXSNKXRAsTS2ZHf4tBDJ,0.3148,39.48,0.3148,36.38
LXwwMo2QBxsGaTBYRBv3PMENP54uRRto71,0.33082013,36.36,0.33082013,36.36
Lc4JaGUuDDro2f84C9AHmrABoSWSpjgCPd,0.38738353,36.32,0.38738353,36.32
LUXYrKVJdMPQjeZSGocrwXQNivsfKF9VUz,0.3583136,35.6,0.3583136,36.32
LgToZbVjnFXtP4HQ5RteyP6e6PWjRB1kEq,0.35788711,36.97,0.35788711,36.32
LRAYDXprc47XB6A3pQQ7jhjxHp7cRnntXX,0.562237,36.72,0.562237,36.27
LVB3pnAqrLpfTM9kcaom7hjBsW4i8c15jQ,0.42070299,36.23,0.42070299,36.23
LUAjq5b9ubMTNtv6hwLBui3vLM414bRhA8,0.4398,33.16,0.4398,36.23
LRJRVCP5Eq15mo3Wa1oyggX6P1qFHMzeRn,0.4349,36.21,0.4349,36.21
LM1htsUdgXiEFh8LkPiHuGLezRJuUMzSKk,0.52520255,36.15,0.52520255,36.15
LXQtdDikKFJUJxdHMJZ5nyT8UWQ2EfEL5M,0.30774346,36.1,0.30774346,36.1
LStHF6dC3sHdZTfnGavkqZvUzLuEGyUDka,0.50984331,38.19,0.50984331,36.08
LhpPQLXXqXF15LZNw8Y2F33WDwJXNkAoo2,0.2898,38.2,0.2898,36.06
LU6g5nnJQ2PuwAwifcEnDUthpzz9CogEqT,0.36278318,35.74,0.36278318,36.06
LN21qB4CVuFX3Y9CP87Rgm6cVYpJtSfKR6,0.405084,34.66,0.405084,35.99
LPAJf6itm273Ba5gAsEETpkCfReP5sq21e,0.55160517,35.69,0.55160517,35.98
LVy5dG7sBxM3Kh4XvVEsRCCLcoAtjeDdye,0.26896886,35.29,0.26896886,35.96
LLoHDoQSYJhpd6opypztu7VNgxNvFdEWAc,0.47732127,35.93,0.47732127,35.93
LSUu4P1rn2dKnY1wbXQoBsXN9NEMcEmNA5,0.554324,36.69,0.554324,35.92
LWobRqxSgfGrvzWj8xphpUaVGmpxaJgRoR,0.33636034,33.57,0.33636034,35.91
LYLjDJCezau9JYay3WiwJiYwZ1iTwyfQ7s,0.37544378,36.51,0.37544378,35.87
Le8PwrM6DMFZbbpXzsB9NFvaCe5Qc9Zxpe,0.3999,33.29,0.3999,35.8
LTGLtjLTu1gf1WeGKsCEmW3WsbAtocFKA3,0.46808027,35.77,0.46808027,35.77
LZq5G8UNcrwZfJAgk7RJ4g3HiLAjg4qNvd,0.38677213,36.5,0.38677213,35.75
Lc92FHecsGyE6uqG6DZEKw9SA54iCb2otc,0.3408454,35.33,0.3408454,35.7
LTUyyUnQ9p3vcwEcbo96CbmC52uwoN5caV,0.31016117,35.68,0.31016117,35.68
LKZcTirtkXpXQkkvoAjrT2MKMNzj1yzjpP,0.40980437,35.68,0.40980437,35.68
LL67UPoBmKjyxNe5AkJ9tvW76EmDUESKnf,0.47376425,36.57,0.47376425,35.66
LfPpuUwsMmoSXpJrjVyvvZGomhT51LB4WV,0.48162928,34.1,0.48162928,35.64
LRyPVVGEFVGmsUpJTWpEkeKCX2AdJpPTac,0.34680342,35.85,0.34680342,35.6
LcFtfynCN46eQ5SQD1yWURMDeZ9VuhqFRh,0.339919,35.05,0.339919,35.59
LNyk1xuVUBPDVRRZ7Bjha9WtA7Ci2G436t,0.50797862,35.58,0.50797862,35.58
Lb9YHxUdpmoyEm76Cvt4ykoBKpCYzEfHSJ,0.36706233,35.78,0.36706233,35.56
Ld5qQ6QHxB4SCceuDhWJZrffcRZmBQamba,0.28548122,34.04,0.28548122,35.55
LeHubgc9mNHUEvzW66fFNfJEsLV7QBpGmX,0.39481105,36.44,0.39481105,35.54
LQ2fse7z6dzumDYWrBjjaDw3C15veMYZnS,0.5018,37.29,0.5018,35.51
LhspYvomBNtzHoLo3Rj4jUJF13MornLqAX,0.51715855,35.52,0.51715855,35.51
LcWew1SZcBxGPXB3C9x3BFgxNUsam1hopY,0.28511084,33.99,0.28511084,35.5
LTnt4JhDPktJijGZ5CDYRo3qzhcHktXE4u,0.3499,35.49,0.3499,35.49
LhVVMbXpQsi5Wycg1Wp1gzG7qBWbDWeR9m,0.26538244,35.48,0.26538244,35.48
LZyGUte6cNZNeneP9nBUs89R7ZsH7vp17W,0.40548231,38.37,0.40548231,35.48
LXfMvVFVwAzxvrWVThm3rHsfW2VZ1SSFxx,0.36828115,35.47,0.36828115,35.47
LY8TrzkcyVdysJF8ttxjoMeatWQi9cv3uN,0.38218998,36.51,0.38218998,35.46
LVCRXnq6tmWtuxcRYg2sV16veRAb8JmWui,0.2999,35.46,0.2999,35.46
LbF78Ds3EW6B6djsTk1hMY9Lf8sgnE2csE,0.2999,35.46,0.2999,35.46
LWaUva5Cxft3aaLH2qBcZHDfPULRV9kXLP,0.39290451,35.45,0.39290451,35.45
LLYJgq5T6PKJrS2zNREexV6KEfBtLYd5vD,0.4999,35.43,0.4999,35.43
LfQMNYuctu9a1ce7XK4nSK6Q2a5gSkzZ4A,0.53917784,34.92,0.53917784,35.42
LTcqS18EYKhuh216kGkFXwpjRLxkpNxNmx,0.301498,38.7,0.301498,35.34
LgNTJoxjF4fCGLsKr1LdaALDcJRiPghmwZ,0.34029098,34.07,0.34029098,35.34
LhVKUmFZKkKXSMVzSnX2ovzUhwZWQjF58b,0.54929565,35.33,0.54929565,35.33
LKmmzkdbNCfPSLMWiU6dGoXYqkqR9WEkWM,0.26986096,35.87,0.26986096,35.32
LZeqsEknfZeNUyvfkvuHvY71aU6owgG6h9,0.46296,35.2,0.46296,35.2
LMLPb7X3pwzV7DzTFUKaJFhudtDPyGSuNE,0.39321616,32.8,0.39321616,35.2
LhQmCeG8Nh2otEdagqBeimcMiJsg5C58St,0.34897259,35.16,0.34897259,35.16
LL5TNQbH9KUNSe4e6rFr56JB5yXWLZu3tH,0.32219209,37.22,0.32219209,35.16
LhrnfNdJm2Qdnd6TW6etorfRAtfgBq5m2e,0.27459395,35.12,0.27459395,35.12
Lgr7NYE3kzcvd2yhbHA5F7fmc5DKtXsrwd,0.4798,35.82,0.4798,35.11
LWyrfopz5K44tt4fXQxZwLvkjCa6sVut4A,0.3529904,34.77,0.3529904,35.09
LN7RBcp1Y5n4Fce6duoEPup2EHnT74cUgi,0.29982453,30.72,0.29982453,35.07
LMpkoBVtvym9WhgkpxR8Qrrn2dnpv759iQ,0.4725,34.42,0.4725,35.05
LKezpKaHMpJtpGP8PXzA2ViC6ypVFxj3AU,0.27355341,34.7,0.27355341,35.02
LXwjAec8hng4qB1i37noHvK1hBZPw2fh9w,0.49321824,35.01,0.49321824,35.01
LULB4toszydAUGsdjfJKPxmWYLvNgJcZhL,0.32303224,34.99,0.32303224,34.99
Lf5tDZkekCtDH7nCAKUHPdTA2ZdvxPspTc,0.36607859,35.6,0.36607859,34.98
LPVVPiDpPLFvurCUSuu28WSoJqznEymHk5,0.499,34.95,0.499,34.95
LfMu7K9LyMzqsYmn2zCPfkGx2WB1JvJd6f,0.3957072,34.86,0.3957072,34.86
LToZtLcpdcS84Ct1nxoWPFdidm3HXmavxR,0.3473672,34.83,0.3473672,34.83
LUTrf3WQ7oUcgcmwhTUAiUh4pd7f9StMg1,0.47855144,33.54,0.47855144,34.83
LUAGCKDqVgGm9r8K8s14P43hCoVnvwG3jU,0.53834565,35.27,0.53834565,34.82
LdmtMgahMFjxLgnF193nF1ckE5kTYotb4z,0.27164784,34.8,0.27164784,34.8
LNhX7kjmtLy6znHMYivBuN5NZBbiBC66ky,0.3023706,35.4,0.3023706,34.79
LNGrxkbhDdctr9qyPPSCu1ptGaCR2y5hiy,0.33498284,33.54,0.33498284,34.78
LZorbWVQ4FkP7sGVx6hxSyJ5bv1PFLAGBe,0.40867462,35.37,0.40867462,34.76
LhaxoS4cvJz2TP54YxmegaAVEtJrZxYLqo,0.44441029,34.73,0.44441029,34.73
LfHpss48APuP2CWc9KxZ4qmpXvTAQYNBkn,0.49027352,36.43,0.49027352,34.7
LWzWzx1zp65cTZwKxjqp9HvRk5KAmwNiGX,0.47655765,34.69,0.47655765,34.69
LcNfWfL3rjmaDBhE8Wmf5zzTTSkqHeBLAm,0.31184027,32.79,0.31184027,34.68
LVDizALW2fr6pyeqhoeW8on4C2Qi2UwWj9,0.38523466,34.76,0.38523466,34.68
LbouHxfTiUXm5MxVFNLSv8J2a6ZWMNjrKG,0.38151139,34.66,0.38151139,34.66
LbiXGUWJHTbZsE1grzjAw1BFMKh9DGGLM4,0.2668776,33.6,0.2668776,34.66
LabLygsEiULzsGkp3N2JuFJaFcvTmrUB2D,0.28580916,34.06,0.28580916,34.62
LTbA6JMoNQJVLCafJ2fN86EnLnSAVgzhAx,0.28931652,34.9,0.28931652,34.57
LRgm3S7hoMcdR4NvjoX1QmoHwPbwU1wZ8c,0.38387087,34.86,0.38387087,34.56
LWg2RaWmHVdY9pK4pow6UeHGxnzb1xzwFi,0.41497426,34.65,0.41497426,34.55
LcPDXDGpc4zUVBhN1aSwQXd2uXPY7bNiZK,0.33313592,34.44,0.33313592,34.55
LgbKE7mMFbj42ibNF22ERdbssNMnAZKEJH,0.2599,31.08,0.2599,34.55
Lc8ijVaYdRuXKo1B3dnveoJtghN7Hw8JxK,0.29274673,35.46,0.29274673,34.54
LcnnrBcmE92pZxArMRR3hXyxJh7ECH5pEh,0.37780234,34.52,0.37780234,34.52
LaUT174K2KsqpCZE9d71Z47Z6D5czztpUU,0.41748898,34.52,0.41748898,34.52
LU1EByJ7SKipGd7ExdGSKpdq7d3abMQf1k,0.53375889,34.48,0.53375889,34.48
LRPBN1VpdYhLxfFzRa6drUv7HDMsjpcoXw,0.30969595,34.44,0.30969595,34.44
LUs6hxMhED3HmP1t3BFtPTutfRMnahet18,0.51933988,34.43,0.51933988,34.43
LaSaYsYQT4fcWQwY7vLvkzUhpxLSdpTgVs,0.41327431,34.41,0.41327431,34.41
LSvETjpjFVZxfhnwirKHez5ABj24d9HxcU,0.40191261,34.39,0.40191261,34.39
LMQ8fGYh9MxkjaCb3QYuvXonNL3JfiVCwJ,0.35414417,32.65,0.35414417,34.32
LZpuay4osiHov6g4Yj7NarHGKyEknwfEZh,0.38579778,34.28,0.38579778,34.28
LTM43rDfpcr5FWfL9TbLVWetKhCrZAeSmp,0.3742887,34.2,0.3742887,34.27
LM6aWAXiXohkKyLRsMhFwDeaAbT3XnJ93d,0.38064156,35.13,0.38064156,34.27
LfiAV6nYdbVRzXHyCaFtzpM387TPHLY4X6,0.38265283,31.92,0.38265283,34.25
LgzqxC4UxKE68oeoMjBKbArjPV4pw2YdfK,0.37439055,34.21,0.37439055,34.21
LKSkMnk6Hbz2pF228HeWSSxcJnAfbuFBLo,0.4099,34.21,0.4099,34.21
LXV9XAyWtEEMNVBBw5CJAHyxDMUnbeVmYa,0.3,34.72,0.3,34.2
LNAMBvajoFC3Uq9A6pa2Cy3NhdqQ1wSG6Y,0.38182513,31.79,0.38182513,34.18
LN1KrfeQ8kFLzUPKJgfJpzyfgnZUwH6RL9,0.49505331,34.07,0.49505331,34.07
LeaRRhVQUWEemkEFH7CFrdE18kDAVj2uBx,0.42639657,34.02,0.42639657,34.02
LdBvjYE5LVWuTsL1s56c7FS8LqHj4H2mCp,0.44065263,33.96,0.44065263,33.96
LPepHyhRQd5b2bhmEAfx2CmGhNTnnRo8nU,0.32485402,33.91,0.32485402,33.91
LhCuyrUXmaZyagzux9tCbmC6mHb4xVm94q,0.34869823,32.16,0.34869823,33.91
LfkEwC3P8L4qXjQZq1bSC4USeuW2P8bRnp,0.4801,34.5,0.4801,33.9
LQ13GwYbNVAAdLj16Xg97KSPqXvofNAX48,0.44175567,33.88,0.44175567,33.88
LNCVEyVhqnsUroZTFk6KP54QTuMHhZsMKE,0.28399803,33.68,0.28399803,33.83
Lck8orK9vQJtBDrcbUD5RU1FeTY4Sti2QU,0.44886206,34.65,0.44886206,33.79
LUEfpN7vku5VRfsFDE7rxzFQW5oGTmKUZR,0.44394843,33.75,0.44394843,33.75
LXTs3NXC1dZ9VdfQ6JG2MBL3S1Tm3GurTq,0.3130001,33.56,0.3130001,33.71
LPisbDT5QHHvBjEjLSx7Hw3PpicofcNr7P,0.47780165,33.59,0.47780165,33.68
LRLdeuYN7sPZtpm1dPFo8wFDN7Y5KGPept,0.50142069,33.61,0.50142069,33.61
LLYGnGknydyoT17aP7AJrdvKd6AMEjzTcv,0.26240711,33.56,0.26240711,33.56
LZ1m7sZ6RsGXzVLdnMbxcBeP9A9YKavoii,0.31837235,33.51,0.31837235,33.51
LNGcu3KoxZEqj44fcY6GY7YAyn7Q14tV7b,0.2878346,33.51,0.2878346,33.51
Lashi6yp8eaFip1i5SaQZ4jAMmQoaxbvdp,0.30878497,34.78,0.30878497,33.5
LMobLEt6wnHcA5wEA4MSVs9tn2b4VqfYfH,0.39148975,34.2,0.39148975,33.46
LaZeUkcvKxDGRfbhqVHtJanbz9ETTn6qof,0.3295734,33.85,0.3295734,33.43
LbAAVSsivirX1188bruiozTUT7yD8MBeke,0.40033642,33.41,0.40033642,33.41
LKxqhqsRsWyJWUwpfH8sMFD4PgNzvyh2uk,0.51938,33.55,0.51938,33.41
LdTPed37T786oJd8exZ73RariUJAyzZHG9,0.50144666,33.4,0.50144666,33.4
LP75bYkpaAYEK1xMvgsQfk2tkuysQgApf1,0.27987,33.02,0.27987,33.37
LeucbArNkAYDzCKnMzeV96y4VFsCFUH3um,0.411956,32.65,0.411956,33.32
LYVUDX44QHWBMJhVRLWix9oCuMzBs61pSc,0.3999,31.25,0.3999,33.3
LX9BDvtRrhEuVsNtKYaVmnk8M9AFvTA4HG,0.297372,33.3,0.297372,33.29
LLGPM8AYR8xLTzxdps6yFA8YSgeQguvhN5,0.3567156,33.28,0.3567156,33.28
LP2dpxDRQNveydWDQwL7B2TJ9jXCiA5Thv,0.28887005,33.23,0.28887005,33.23
LRta1Y3o5eUHoTQif4XCdUpnnijtNUz7qL,0.34783285,32.39,0.34783285,33.23
LQKURXwgTmvoU1cRof6L72G9hdCtkhqYop,0.25981499,32.3,0.25981499,33.23
Lc4mqYXoT1p9aySEuGJjJooXZEofiRRjhe,0.3199,32.03,0.3199,33.22
LPmUWwdv9ZezwFRT7brimmRWMaAZ3f9eQj,0.43570426,32.16,0.43570426,33.2
LhMS49YMbA4gUb92Ev8WNKpdnih3d4zhzj,0.3715955,34.36,0.3715955,33.15
LbYYbMFcoQmvTF2UaYwVrgsnUo2Rf4cmUx,0.30351,35.83,0.30351,33.12
LXQcfeXjnr3iuFg3rcHA7zdC3TQjzQUpo3,0.3012965,32.17,0.3012965,33.09
LWPBPAid3H1wJp5gCL6b7jzpBtKdxbnU7c,0.32264143,33.02,0.32264143,33.02
LWKtafd4LGWmnNtP8fqegSVMdWAXQ4PNcb,0.41769528,32.23,0.41769528,32.99
LWxT482MbeUaizfTPSG8aqfgLHTf33RAqu,0.39011703,33.59,0.39011703,32.96
LcdTfMCiPNE911s5yT3nSWqBvZxRi6VYQH,0.464,32.94,0.464,32.94
LiS3QAaxc7LP3kL7anbwANXCubchCQq5Cy,0.34562119,33.62,0.34562119,32.94
LSmBjZe23BcQWYi8iiz5wsif2hQGfcnfSb,0.40962562,33.74,0.40962562,32.92
LLVn5ubj6BG95svGQzvL1AUcKfEb9a8HTH,0.37285111,32.8,0.37285111,32.8
LR1UV48vKpfYnBtzt146ntTe7NRQCQSv7v,0.32327768,35.02,0.32327768,32.77
LTmH6fES6hgjoZmBezp5rehAD6vLHuW6Jv,0.3251821,32.76,0.3251821,32.76
LY5gEGeyfet1wFGft251Qe5m6w1kHRheRF,0.28240354,32.72,0.28240354,32.76
Lfax1cC3EzF69adkrYjSQU7YpuWA7XF3r6,0.37460811,32.81,0.37460811,32.74
LNWJ4ngRr8y9gEFByb7F71mR6jRQVrwFhi,0.37137817,32.71,0.37137817,32.71
LYGKJqUmWM15RAwP9fFTyRqygz3CC8pg8F,0.46,32.6,0.46,32.6
Lajt4oJ4GVmCaAnm5gEqHQR17tYSDs8s2B,0.34558579,36.15,0.34558579,32.56
LN2qrDBDuoGMjUivw153pmzv9XXbaEPFjF,0.3195,33.22,0.3195,32.54
Lc7oSKma8WsujVJYdAebjnMiK3tBDgqnxm,0.46434594,32.53,0.46434594,32.53
LLm1V1zpdm5LDfKiCtEuHydxRMfon4Lcma,0.29524604,33.97,0.29524604,32.45
LP5WTVSJ4h5R1cCMBWfUjBsbwomHPmNycJ,0.3228,30.66,0.3228,32.45
LQit5gdW2J3sbqbDXXDGPHb4jkgEvjCEyk,0.37,31.48,0.37,32.44
LV87xSx7cUavmbadRQoFAv6ixqUX1RiZCL,0.45629299,32.4,0.45629299,32.4
LevKvn6mBgS4HU3eP11HpnxLn5GbvVyNE7,0.42609467,29.47,0.42609467,32.4
LRZEgZz3TqtfoUzqtmY1T3QLf8Eo7ciYnN,0.3082241,32.11,0.3082241,32.35
LeyrSNNUs4nfLWYyq2nexVwH1ET3ZMQHsL,0.46149947,32.34,0.46149947,32.34
LXiYJAfKS95HXEbn6mhWGGUnLREFY3Fgks,0.45465605,32.28,0.45465605,32.28
LKwVs1LSn2WKMQ1bZQSAiiPLnu5J4A8UVL,0.46631724,32.27,0.46631724,32.27
LYGj3KGghbPvkoSy2eQfHywXqHx7uAvWjj,0.41959317,31.56,0.41959317,32.26
LbjpZLE6UYrHSkkPWEA9H5VKHFqAPkRwcL,0.38450673,31.28,0.38450673,32.26
Lg8LVesLxLDa4Gh66y9WJpw736ow6ToL1g,0.4993506,32.25,0.4993506,32.25
LTDDwRbyYqGi45maK4nm52K547MRet22ke,0.24227723,32.21,0.24227723,32.21
LR5ruv35ntaVZfviSKiXuJnfiYtqDY8WbR,0.33657476,32.66,0.33657476,32.18
LR9GChcL98ra1fStDT1c2AafLDJX6VGEJR,0.269,27.64,0.269,32.16
LL7Chqzeh6LubBjHfJYPQ9qwTknmxA1LM1,0.29328477,33.29,0.29328477,32.14
LiYeVYjTE4kRkWTrnmYZ3uuWKkKENGnNbj,0.25081414,32.13,0.25081414,32.13
LZTLP7QHLzCggdFTRSQzM3NrEtFCTKH1Xg,0.37494953,32.12,0.37494953,32.12
LW5DrQV5iY8jmak99fJRf7rby5qY5HZJjt,0.48971298,32.11,0.48971298,32.11
Lfh6NmaTXSpuH5ARrkt7CWMnKoWuSi915B,0.30904196,30.94,0.30904196,32.09
LRmUHbvpZDppdFXmsQf62KRZ1nwk1xMrCR,0.2499,32.52,0.2499,32.01
LNDPGDq6sQ7i7iiKUuFn8KUhCh2H6kJaJp,0.4384,31.91,0.4384,32.0
Lb8FQh2scgtHHaCHjJ9e5nhobadf6yw8uZ,0.45074319,31.94,0.45074319,31.94
LgWiy9kArVX5K5RxC1jAWfB3rPKpBNuYbB,0.37802824,31.87,0.37802824,31.87
LQ3y7cXm7CoB4uhwkcdbvJARi2krYeqifC,0.30177955,31.87,0.30177955,31.87
LSxzympW2pUZv7Z7xymJw5rw3kTQUUMj8T,0.45473489,31.85,0.45473489,31.85
LMpHvaxxQRtUwmz9PaTY7un1oCAzwFrZRs,0.34327255,31.73,0.34327255,31.85
LeaXHVYfYk4wzBcVxtqFpyNTGzit7noPvK,0.38242,31.84,0.38242,31.84
LaXyuuXVv8uQ54huvRKfcW7Kx1BYBNZ5GL,0.25724722,31.74,0.25724722,31.81
Ld9MGtKy9ukzDEYGYeJQwTpKUWncfRf2YS,0.3332768,27.45,0.3332768,31.81
LPFyg41eEQyV9xkwxevpXn5jnijx9s921a,0.36102987,33.03,0.36102987,31.8
LWtKXNz3gmwd2hC6BKPvFeJMxgpnrPeHui,0.46423878,31.95,0.46423878,31.79
LfUmQcSU4nY2adsGYcEgbqxeHpqQY5oFWJ,0.48745196,31.47,0.48745196,31.78
LSHikwG2CP5YJLyzhPPL56zKSKT1A7rnbH,0.31616923,30.03,0.31616923,31.78
LUZWcb3YcA9YBTWMcmZSJDRWa9vZmRmMyC,0.48911446,31.77,0.48911446,31.77
LddwQQgp3Btkxmru1apgenhKMEhDYfVm65,0.44625285,31.68,0.44625285,31.68
LV8UjFcZ2ibm7bjPjrjfaf2Yvdfysrr5Dj,0.4486,31.65,0.4486,31.65
LT3ShovgHwouHzUehmqzw6erEqaWicN7hB,0.31237694,31.55,0.31237694,31.65
LUy6B4Sc2jmemyuZpdWt6mS93eUSYPHuLQ,0.44719263,31.65,0.44719263,31.65
LRoBWpahgTahmJhruCMAAh5GRVCx9Vcoqs,0.38,31.69,0.38,31.64
LfsgUxYGiRLbTQzJXoYSHvsdF6vc5zeM7x,0.4468632,31.62,0.4468632,31.62
LTsM717pdMr2bM11TYkJMNfU7ZujxEkAci,0.40216549,31.62,0.40216549,31.62
LiTFFwToRvRmepFuHZ5y23WVXVqj7uhRpt,0.31449837,29.87,0.31449837,31.61
LfFdme2CmewwYVYXNMw4pQd8qWwj5bk2tk,0.30634739,31.52,0.30634739,31.61
LL6wrkJ1g27DaZunDZUUTwocqGXY4y7Yms,0.33074099,32.16,0.33074099,31.6
LXwfQ1xU9uyjbXZULLQ99rudKFbBktear5,0.28407598,29.87,0.28407598,31.59
LcyuY6zxu9xKpQEBa4ZXr51a54wjGCjeAT,0.27090432,32.11,0.27090432,31.59
LQKLhof8qTrJc3pi76SXCMpZigaxBXDDb3,0.42159179,30.82,0.42159179,31.58
LRPvkLihrJDXN7aJNkBQrDQbxdf7YFiUN5,0.30821582,30.32,0.30821582,31.58
LiG1phuRcecGQgeuBQSdhJUAt2HA1b3Lsc,0.45074334,31.57,0.45074334,31.57
LWuV1382V6oKN6yaCdpfLF6MgbvSn4ggg7,0.40899796,31.84,0.40899796,31.57
LYhoqKXFupkuSxEbBPGxKuHy8tHj6gQwpH,0.358844,31.56,0.358844,31.56
LVryzaNH7ADfxygoUagQaQrXHCN3sUM2iV,0.44587783,31.55,0.44587783,31.55
LfHa5sgdg1xhMCqJk8Zb245rA3DG4cMyDD,0.3042431,31.49,0.3042431,31.55
LZuCVU31s8etkwgjZD8fKygftuQfrhjuin,0.4800838,31.1,0.4800838,31.54
LUihMGFuDYX9hDEbyZJwxrzi6ooKjzgUF8,0.31372775,29.8,0.31372775,31.54
LVem1D2EZrLWbrPLfrnDGyoSvWjWeWNvn2,0.30829435,31.85,0.30829435,31.51
LgdV6AGHYwKHbx4YhdDWizzmRiLsFTYNsC,0.35943325,34.01,0.35943325,31.45
Lfu6vaKwY3XDBzseExYeU9arZnrxB7CDxy,0.44,31.44,0.44,31.44
LU7HVo5u2wVzNbBvXwWj31g5RK6NSGPt4t,0.46866892,31.41,0.46866892,31.41
LM2JuV7YxvDPMqxreVWte3n4Brt9X2mknZ,0.4095346,31.41,0.4095346,31.41
LNkPQGzL2u2fS7ejPVP6bSA8ZGr5BMU45Z,0.43145532,31.41,0.43145532,31.41
LTdXVH3tHnVSPdkp1EUDxwXxHGtfgz8Xu6,0.23470695,30.72,0.23470695,31.38
LaACa7A94caAQwsLgUfcyiY64cA6m4iCU2,0.24724115,30.83,0.24724115,31.37
LgahD1UxxeSCdpFoYLa9uqMCzp6zD7ackS,0.32853854,27.5,0.32853854,31.36
LXzr8UwtEiF36mxyGggqVbmQGVfkv5Lrj3,0.4429476,32.92,0.4429476,31.35
LbRma6Mfrnj2jLc9bop2w7UZUWqaC2sKmy,0.43838223,31.13,0.43838223,31.33
LNE35QLEqtN1h8ncHwU6siw16hoZKnhnJE,0.37845076,31.95,0.37845076,31.29
LemC9RcJUYQgFNW6wteWAV6bTpzaAgHWKq,0.408,31.29,0.408,31.29
LVkpc4h3ytaBPKn3s9J1Uemh2UAG6BrL1Y,0.23536032,31.29,0.23536032,31.29
LLE5h1iCYH2Kkaz2vbnngRq1kWCvY1SFT1,0.38565139,31.8,0.38565139,31.26
LLAxbvj5LcqEH5gBKJ7RxZrLQQUoDqAMXw,0.42252177,29.92,0.42252177,31.26
LRwewYLdG9VB7YaTCtWazbxqt5YnWQyBAg,0.30389378,31.84,0.30389378,31.23
LSyNddNptNQqT6AT4LoxmM1LoPn58A4gFx,0.44195225,31.22,0.44195225,31.22
LTJ9Mjm7jTq7r57yFp6BxCChCR5M5BKw4Q,0.24393613,30.32,0.24393613,31.2
LVFAHPDCW5UXmkX9VY4rTwUTmVNS8AnPJY,0.40983913,31.19,0.40983913,31.19
LUDsRQ3QjS229AUaiHJjWg4G1WmBYSptfC,0.31017465,29.46,0.31017465,31.18
LbQ5VRgUYTSVLZywd3gRQqsnRd2xrGTPhj,0.32043336,31.16,0.32043336,31.16
LTAYgfMvxxyJTosDgqf4yioSZ5rDR8CDrK,0.26060275,26.78,0.26060275,31.16
LRJt4bYzfChJ2h9dsRiVc4AQtaJMfoP3FN,0.2659,31.13,0.2659,31.13
LNRDZMa851tP9rp1K82a6h7DocQdY9Qsvm,0.26612896,27.26,0.26612896,31.13
LRDW2rcYom65NEmNiusYZEoUYsJ1jXiLDb,0.2499,29.8,0.2499,31.12
LLxomVFJQkfcKWq6rvec1MSXD7sEzEaMyj,0.2955589,31.11,0.2955589,31.11
LTV8tUYNqCrhTumFBvgTuea6sbWmmHfKcA,0.47313075,30.64,0.47313075,31.08
LVm991SsRVFs2rngTsTYurVb5KBwn3cxba,0.43886493,31.08,0.43886493,31.08
LSXbwWZbmKV61CFo2uYFSL9H6cBXYdse1L,0.36534453,31.62,0.36534453,31.07
LZ5kA15a8efkmAYCe5ogbf27RU5ZJ7rzu9,0.23204164,31.06,0.23204164,31.06
LRoqZLt2gE3ABg2PoYSdmSCteQNZW4dnF1,0.26807401,31.16,0.26807401,31.02
LKN9MVMccDikdwKRLLQQCHT8qvA6GE1vkR,0.3717578,30.96,0.3717578,30.96
LQRb7jMBGV2ZyWR1TPtvRPwLEpztJGVnNg,0.24440453,29.83,0.24440453,30.95
Lg16FUx45NAccS9ABdXDU2jkbrGAKtbT5r,0.44409994,31.03,0.44409994,30.93
LcLmSwoHApMCsv5ge6uksVVzbbjMhz7t8V,0.30449945,32.98,0.30449945,30.87
LPmJFXoK5yzSVPKPo83g3tKVzLDpiEYQHv,0.32306577,31.42,0.32306577,30.87
LfysRrMQDZRwFoWw9LGXjTCtsTStCDG9GJ,0.42403167,29.72,0.42403167,30.87
LafFfL6EnJuLu9W8KbhhS2iyUGjuPvtcF2,0.44027836,30.85,0.44027836,30.85
LbgRxTqqjbdJJigYywwuxordyeMNseA691,0.34147671,31.58,0.34147671,30.81
LWTHb9ozhsjgGJJKWTEyvDNVQtuiwkzB6y,0.30827766,31.31,0.30827766,30.77
LbQ2RyizTvN3qzprrLadvqnH3xe3gyMVg3,0.2572385,26.43,0.2572385,30.76
LgsDmRo26qkUo53Xzaf5vu4oxi7eizWFWC,0.4439,30.72,0.4439,30.72
LYPZQAeVTurzJ3gYWmsW9hsgLpDMBayb7N,0.36875165,30.79,0.36875165,30.71
LQDQebHxnhnwHG3kmN6wZ9USWGp4dvgfme,0.23987979,29.82,0.23987979,30.68
LYffQ9MJ3K8apCzsTi3GVNVAGJhTu64tuf,0.43347613,32.47,0.43347613,30.68
LcZRuJN8GtE6JmS4CuGAyyvEH99B2enjPW,0.40741495,31.45,0.40741495,30.67
LhrPgSYvd76uxJYEsLMurha15Qq9xo2rCw,0.3538458,31.57,0.3538458,30.67
LWbXeJeLZJpKXTdxnmo5q1He8dwMKTLb2R,0.39584188,30.18,0.39584188,30.63
LYmesQ4VRFXmjJqpPngfqZK8fRsqmTMpWm,0.34826791,30.63,0.34826791,30.63
LSUUj19Lrx9tQXdroqafvdEnjbCFsDTv1a,0.43722855,30.63,0.43722855,30.63
LgqB2NPkX5CkwTsQrLPrvhWVK8yVC1mWyH,0.34197744,28.52,0.34197744,30.61
LV4V1ErgmRgKqv9n8YmdksAG7NoGvvjZWh,0.31464979,29.21,0.31464979,30.6
LKWpE8Ps47SVLxmxRhqnEP3gbg7sTNoyWt,0.22503127,30.56,0.22503127,30.59
LLmAe1B1AxrwwMGxDWUfUFvo7opizYb4bH,0.3598,31.06,0.3598,30.57
LQXrpYybuys1AonwJQB53nFv9yCGXtv6n4,0.38124488,30.51,0.38124488,30.51
LVnpjcJRKyfeuNvXZzsyu53wo71843dfkL,0.4078,30.48,0.4078,30.48
LRdDiUagGdL1kHKo7MqqvySxcByDq1aNb3,0.24015242,30.47,0.24015242,30.47
LNNemtFAAZ3Tj7ToZJTStKMRrPCcUvzoBd,0.25813968,31.27,0.25813968,30.46
LNZNhgUsBFcvVqnEdq8NRZTcKQ79rxyLu2,0.25252329,29.49,0.25252329,30.45
LZ8RnsFySz4aTJdRQYTBwx4e1hMfoBaJWW,0.29049847,30.42,0.29049847,30.42
LZK5soj6FRixu1FxkFJVFDi5CatKdEX2AW,0.26248997,28.85,0.26248997,30.42
LgBUM6ZiP2iThQe8v33JNvP3yXbFgAoPsv,0.29463408,29.4,0.29463408,30.41
LaWpgVHBotduHz8jvn9Hrfv9b7xyx2aDhP,0.3259,30.66,0.3259,30.4
LcEBCSn87AjJckhXMxu9oaryFDBfk1r6Xz,0.34505342,31.57,0.34505342,30.4
LXWoChyssLCHPJEJ5hmjes8fAKczQTS3YJ,0.31846737,26.66,0.31846737,30.39
LiEHX7xUJLuewQC1vbcJUfJ8BbjhbpMPWe,0.29897883,30.91,0.29897883,30.39
LR4ZCEhMv9CrG25yqpw5QRj9sSNDpcwrry,0.36052706,30.39,0.36052706,30.39
LUWfD3W98p3DGZqu7A9u41VzX2C9gyK2B4,0.26659511,30.85,0.26659511,30.39
LMQ4NfQZhpfbE4WPW1FtMuVjV2YXyvKHdv,0.29679146,30.38,0.29679146,30.38
LLtYPRBwZPUHnqyuMk1tc1Cm7TXEzhVM5V,0.36476477,30.37,0.36476477,30.37
LNGE2KVzYZ4dTtHB6osrEdkJF6usRDdtsf,0.36422809,30.98,0.36422809,30.32
LQdUzinKpVboL15W45UyTDxorq6FrfDsAM,0.3588479,30.9,0.3588479,30.32
LMdX6mLiLTnZFG6c4xcujHeA1nZfRDBVD4,0.299,29.71,0.299,30.31
LdPf14R35SmVuoeWh1H32nZJQmd7UFxCfn,0.33323032,30.27,0.33323032,30.27
LXUNMh2sFz8ePwdfpbaGvWtFagR5hKTsFU,0.3281132,30.26,0.3281132,30.26
LbZR8A4jvJGeP4qSU8om2YTXaTEwTyswG2,0.45636273,29.64,0.45636273,30.26
LdTFjsFdoZWMYLjbgsU88YMPw2S5xXcDxy,0.322577,30.25,0.322577,30.25
LdFUzpc1o3FmsV51Ug31q1bm7iTW8RihoR,0.31653783,30.78,0.31653783,30.24
LWg3q42SkJ6vAChu4ZfQJ1FkkX1JnCbWPX,0.36280082,30.29,0.36280082,30.21
LUCEYyE1Y7xHnNzqbDrrsd245kKekfRXUB,0.42677234,31.71,0.42677234,30.2
LhUt4CZhzkpx3kEdUpeFSjxzreMF96aCDd,0.22552158,30.19,0.22552158,30.19
LL7Hc4jEFyVoPqqjFovrhcA9uwsAzBbS62,0.39662913,29.88,0.39662913,30.18
LN5xZh57Ttsx1qL2AVDNYCKCxWPYm6a8Zm,0.21986176,27.36,0.21986176,30.13
LLHMEPKomD8AXMsR4fifMfLVNNMGqJWHHi,0.28858237,30.0,0.28858237,30.13
LcsYhwWoKPvwSFNdeS4T4iEWB5nfoVEwrh,0.45857536,29.7,0.45857536,30.12
LY369ti87wE3na7s3cKEGuGuEe5PrkbkhJ,0.45827781,30.41,0.45827781,30.1
LUp8xTWZsvwJ2d6EGcYqduGqZiE4uibQcV,0.33429908,30.1,0.33429908,30.1
LNMS6wokjk74DiU4Vtif4nPK6R79ei2ueY,0.2247651,30.09,0.2247651,30.09
LYnPx3AjTjYPQUq1qbrLPWrLYH2uGj4CT1,0.29912201,30.09,0.29912201,30.09
Lbavmgh6pSZSpyM6yf96GJmzC1EjFUgLPU,0.45858337,29.5,0.45858337,30.08
LfBuHwPHetmxUauntMxdnCnU1C7p7AcJZV,0.3103433,30.88,0.3103433,30.08
Lc7625BWs29R5FKv9mYnzWv9GF6kr2ixzX,0.33098197,30.06,0.33098197,30.06
LPirKB5cbraBLSG3UTrQfwjV8sphgkXFPm,0.33069293,30.04,0.33069293,30.04
LQTMXwCHRX7V4ky9phaS7JbKQtEn3mW8nN,0.28676194,31.52,0.28676194,30.03
LP2MfQc8roUeBywbUrv9iy5w1j7JbFqwfo,0.35165865,30.02,0.35165865,30.02
LS1df8ipEX7qpwwCPHR8UQb6BnLbV4uj1G,0.41418809,28.65,0.41418809,30.0
LLm4WLrGNHLJZwQwPXXmV3DmZGM4wJ8djW,0.29846093,30.0,0.29846093,30.0
LMXNenKeaZacynTGysjSdJArtEDwHyKTxB,0.28650837,29.54,0.28650837,29.99
LMt6oyU2L1Z1AEsduLAMfafFJtcCiLsXKt,0.27678,29.98,0.27678,29.98
LgWF1oL7UytpyWAzFHgJWCTMFC6HzQLh4Q,0.28715726,29.85,0.28715726,29.98
LceUGihpmzNU5otkbgm3hqBEqAeCD66j78,0.28473824,28.62,0.28473824,29.97
LPUcrTj6E7oSLAPr6GT41EdZP7mNqeAkqB,0.29437452,29.61,0.29437452,29.97
LefnWmvg5T5YT8HHeYSdzZst5YS8pKydsL,0.26039299,30.48,0.26039299,29.96
LXRRuPLudST7XWNoSLuk8hEKPCVH3fsHRZ,0.32185621,29.23,0.32185621,29.96
LScsArdCJKDLy1DHqJ4Ki7FYtiSZGcVAMe,0.28460829,29.96,0.28460829,29.96
LMKfBKQ88oFZGUnjzmfnQeWc4qSWfGvJrJ,0.4482,29.96,0.4482,29.96
Le9WkyASoPzUnfLPVEpFreVmyRFE59btwQ,0.29783976,30.45,0.29783976,29.96
LZ8YNC8furtYV4xo2KDqPkM2AZgASqi3zp,0.31942078,29.95,0.31942078,29.95
LWUKwCEw9ANxYUoY6JQNUXSyBRtf8MYXSB,0.34044077,29.95,0.34044077,29.95
LaPGi6aM2Guwens7gLpj7YiSbwe83fYbaE,0.38076639,29.94,0.38076639,29.94
LPKXLNiWzuB9vTyERzDk7fwSHhaFMrAt8P,0.29739112,30.41,0.29739112,29.91
LUUPURNtRis68uuk6XhvQWvsybXSpcbTzx,0.33403852,30.6,0.33403852,29.9
LUWWPujtXLzfKvSBugi3EwFDusefP3RLDN,0.27193048,31.29,0.27193048,29.89
LNBhCoMHDwt3Ebu7Xjb2HWQFe3jQAquJdR,0.32709033,29.89,0.32709033,29.89
Le3AFUg4Xp3XEJ3NEcBLcZ2sUcqRAaoh1Y,0.38410162,29.88,0.38410162,29.88
LdaBWVDoR3EPEw7XwSuyHPyWHyMiopRvob,0.25076189,29.87,0.25076189,29.87
LarRY6dVQNgLGrTAXcVFP9VqmkCAvuPBsd,0.2719771,30.03,0.2719771,29.86
LbPhnVv4C4EV7nH1PsMoCRivxHFPojrGxB,0.45659301,29.85,0.45659301,29.85
LebwEbp6DB5FhyaEVjCognRZidtEnX6k4c,0.25465799,30.23,0.25465799,29.81
LgGTwyMHCFWSQaf1jen5YYYjoaWKSWwSxb,0.44454664,29.8,0.44454664,29.8
LTDnxrW5bhzEEeRmYdydLCvbLK9PBSsKr4,0.32618555,29.79,0.32618555,29.79
LN1FEcUFnrwToUbyBehvurDSx71LpBT3er,0.24766159,26.55,0.24766159,29.77
LQ9u1X7EGvQc1qdxpSriKiteR6hqNF9Aft,0.3306097,29.83,0.3306097,29.76
Lb6UJLkLgLbmWs96hVh2CsjfBA91qHt8bk,0.23231105,29.76,0.23231105,29.76
LRpDjQnC2YnLWTbsC1MBeWrCXXaD9XWmm9,0.26094742,30.2,0.26094742,29.75
LWMeQaNvBmZoSd6qVXCeV9cGgfbeuq8PzV,0.42311939,29.73,0.42311939,29.73
LcmePzSUCZi233dT66BM2FqtZPLoMN9ETs,0.364535,29.72,0.364535,29.72
LfHyyhZ5sno3ogD8qs3xd85kvsn5x5fFQp,0.3342747,28.12,0.3342747,29.7
LPBD8XhtoECggt558YppgELe2Hys9SDxd2,0.28347659,29.38,0.28347659,29.69
LbVVcpqfU9h54pLsPp17uG9eMvWWCLPqgx,0.28612149,29.67,0.28612149,29.67
LPboKAZfxTktaPu3Q3ceC1jGTzPXBh71ae,0.3471655,29.67,0.3471655,29.67
LMi9TZ8CG5vPJ7cHnzsFmsRfzTqZFxqncR,0.2701428,29.67,0.2701428,29.67
LSrkoXHVDjpurxaSwgpqDXncrowWK2G3oc,0.24881253,29.67,0.24881253,29.67
LS8CquNEgawXdXPyGpdRQMnqaHn6saGzJo,0.36383664,29.66,0.36383664,29.66
LWjcTbnj5HhwDnaECuwVecZuePQ4YG44hK,0.28411327,29.66,0.28411327,29.66
LTNXsXqJBHiMee8Xvo3ZVPo8zM9NP87eM1,0.34706417,30.32,0.34706417,29.66
LVV5cjRteBXUFS8e2bKfXT7L5E9dD621YZ,0.45879146,30.14,0.45879146,29.63
LcNR2uXLWPSD8NyYUDPyJ8aGgy1CKEu4yD,0.2828591,29.62,0.2828591,29.62
LeKwcod8YEWmPVx4NnWrWhD9PxKRZ8Qt5f,0.44193843,29.62,0.44193843,29.62
LRqrnF5yatKuK7nm43pg1VSnhL1NfgTbyN,0.34618553,29.62,0.34618553,29.62
LYg8o1ttr9meV8vu8mcb1K8aciDjrVyzZZ,0.23131645,29.34,0.23131645,29.62
LXsfL2DYJ5mFn2rkke23SV6p8fYP2yVhCX,0.24860783,29.48,0.24860783,29.61
LRfrG9FMCbo9NUmG8sGpvz9eKRrJGN7prH,0.33317054,29.6,0.33317054,29.6
LWedvBRgZaXWhLd1s5BjPndvu28xdseXUV,0.29374264,29.59,0.29374264,29.59
Lc3VWSk66bAei1w9evmHm3aRdou39xofKa,0.3359,29.59,0.3359,29.59
LcTgkMTJEKoSFsLjBS2sF6WA7E2mRBYVhR,0.28780042,27.5,0.28780042,29.57
Lb28QDkNtcRUJPEABSX934iVxmLxe6hEFk,0.226,29.57,0.226,29.57
LNmWjdvKS12ShYE81QKKbx5x7ukLQoxhdt,0.29164697,31.59,0.29164697,29.56
LQfepM9nQWLHmsoLL4FuQSWkeS3Pincmcs,0.28884897,30.16,0.28884897,29.56
Lf12uKq7BFmS47VZSpJNDBRYykMLCYkcCG,0.24787681,29.8,0.24787681,29.56
LgWqLJ2LUpskDB5V22eTsewkGuoLD6otm9,0.29338774,29.56,0.29338774,29.56
LbnSdz5jnG9A97Avd4GDDDh9z3Cys8NsGJ,0.31662703,29.54,0.31662703,29.54
LW1C3qG1Fr4233s1utq29J8EcVqcYMk8Hc,0.31638379,29.52,0.31638379,29.52
LSEMfV2EvPskUmNqQoAghgcRnfLZT1k3Cg,0.38811236,29.51,0.38811236,29.51
LaofRZ956NQ8ckSYaTEsXmA8oGjzqNSYdZ,0.29286117,29.51,0.29286117,29.51
LSdpEvXPaFZtWDevM7qS9sGquWf8RrJTsF,0.38820622,28.86,0.38820622,29.5
LWasi58yFHMwgZquJEmYqRXfgDBVx2xZNq,0.403496,29.5,0.403496,29.5
LPQ1qq4iKEfXhCdFMCikdhJU8w8VXkvjZc,0.217,29.47,0.217,29.5
Lf7M7sbjYoxi4KR8FoAMKTo9BsVme4JoHf,0.26516606,27.88,0.26516606,29.49
LXUFb3Tf6ppXA9NchUGhAL6agSiUeVdep3,0.444455,29.47,0.444455,29.47
LKcCs3drRWcJZbJV1HJNNrmQ3XMJTrRt8E,0.27994732,29.47,0.27994732,29.47
LMGSrn68mms5YNtEVHAhCSCyB6iLiBmYcV,0.23,30.09,0.23,29.46
LVLe87SWLnVQDSb7HoCMwG6CHYobaZ93hC,0.37821483,29.43,0.37821483,29.43
LdpgwZyWk8nq4h4qLb3zBKDEgz2gmZFiv8,0.226673,29.41,0.226673,29.41
LWCXZ88gSrc75cf6mL76HbutJj4KFXiT9S,0.26773247,29.09,0.26773247,29.4
LPhf3SxznzQaBQDXAxAQG4WdU5Yfmv6ZAw,0.34317438,29.38,0.34317438,29.38
LLHHyZs6mjb7ak7BvFnSLb2X52xqJr4RS7,0.28254215,29.37,0.28254215,29.37
LNFAnisiY6w98AoBomf1NhHoyRcYSGVPoV,0.4564,29.36,0.4564,29.36
LaVuDc7196MMUPxHUMuriD2sTTcfLXTqP5,0.23117824,28.82,0.23117824,29.33
LfShDrAXfawxdmbaXcGdTQvEivWsHyKpWi,0.33216475,30.39,0.33216475,29.26
LdMPmnmJuCrXE4b96po4wPJ8TFjatKstdh,0.2923,29.24,0.2923,29.24
LPY89NcaKLGqGrCi3HrBu9oiZ1pMx1rPVc,0.21673614,29.23,0.21673614,29.23
Lbg6exP4EXdo1J1gzF9CVUEKkcaMcFDQxe,0.32651284,29.91,0.32651284,29.23
LchLwuKfJH69ZarhEL9Hb1Ws43nhQoziEB,0.29390627,29.21,0.29390627,29.21
Lc6ZuvUH1BhDYBFgr1apS4UrvFoKduX2M3,0.2856696,28.98,0.2856696,29.2
LfHyJvdHEqVkhcRYHWVSdiEja3BCX5yYkZ,0.28888762,29.2,0.28888762,29.2
LKGdDDNTecYRoMHQ9yvUFNDoUHoywPcwzt,0.21472483,29.19,0.21472483,29.19
Lcykt1HCsxmQmMjb2Ue4wojkgckcGu6Ad7,0.29341634,28.9,0.29341634,29.17
LiAWLXSYRYHwvYTP4djaPHcivqsaQmDA54,0.44888718,29.09,0.44888718,29.09
LNuqu9KdnxzDt7pVrnzuG6BFsUdWg9tP1A,0.24387414,29.08,0.24387414,29.08
LhjFX324tTaYW58DCHHAACHbPk8DGo2nGc,0.37977312,29.08,0.37977312,29.08
LhpWRmJuqtRJpdzLQngPuQxFLoKh6C7bg8,0.22692236,29.69,0.22692236,29.07
LNKyVDiC5jswBpBdA3VQMgxN8QAiutdk97,0.33557826,29.04,0.33557826,29.04
LhnJpZY2oLz3FWKguPegRGCHnChDNQrVoe,0.26417631,30.39,0.26417631,29.04
LaLkcUNtbdG9b88hAPDXrAepmp3T9MTBtZ,0.44265316,28.47,0.44265316,29.03
LPHydx5NZDt6cSiedgRtbjuVd3Xn7aSGQg,0.3647446,28.11,0.3647446,29.03
LQCc7V2HejKe1Uw1GEAJdTochb7xPxtnDk,0.43775499,28.98,0.43775499,28.98
LeztFGssDGzJgTZv1wNZTq9UsdnHGqKVGD,0.28208254,28.97,0.28208254,28.97
LXLgBFu1Phv42m8y94i8jsN3JPs3NLiB3Q,0.28617149,28.93,0.28617149,28.93
LSZbPzjTBXxjcaWKR247XJmZqTTT2N5Ztv,0.34231119,28.4,0.34231119,28.92
LZB7N3iwNmgtHpEsCLvWEryrnXyg6sAoPk,0.42,29.9,0.42,28.91
LdmKiRyb42UnKxkhMsQXfmpt3u9G1NpWKE,0.34245057,28.58,0.34245057,28.91
LLJpJVoanaMiP91aTPA8GwQWRR6ACjneQM,0.37993054,26.28,0.37993054,28.89
LdXjC7exsWxtwAuWSQ9VCqATvB7d8qrLRE,0.39680231,28.88,0.39680231,28.88
LM8jHPGM969soEQ1GJ2LMiyh1xk4JsCptc,0.275722,28.43,0.275722,28.87
LMFmFAPJkLgiGHtQ4X5sXZTFKdoPpsgMko,0.225,28.54,0.225,28.81
Ld8TPvwbEAEfeRCwU51j7stoZpWaLzuYGs,0.36993047,28.15,0.36993047,28.78
LXKkqhyPUowP2TzgwXF4TVrHxvP9mPtJeC,0.24599155,25.2,0.24599155,28.77
LguFTiw6joRrpfEdjmzHoTsqJGDx8LpLSV,0.41038017,28.74,0.41038017,28.75
LWqaBVh4fAmiHgwnqHxCd92jmpQ9y5Yo4B,0.27438512,28.74,0.27438512,28.74
LZdtoXKDhDebqaTyv31MtgZrrg6pEESKNX,0.3176708,28.73,0.3176708,28.73
LSRRgUGyRdQwGc9i66cp22eMBNZHiKcMKk,0.28035633,28.69,0.28035633,28.69
LMjEj7g8qFU2eggD3xVF3oY9F7fgjNmQXL,0.24032485,28.66,0.24032485,28.66
LKrXv5bua3MFbsZJu5NW5TdgegXKbvtE39,0.24480595,30.34,0.24480595,28.66
LX9Wy9kEkPgUtCwxy3FNAbgMRFWRsEQcek,0.26007836,28.59,0.26007836,28.59
LNbiext94hcQGmowhW83rvanSx3zAM4K6c,0.24581,28.49,0.24581,28.49
LgEmNFibxvtEe2bvSk9diPahZ1ZAimB3zT,0.433466,28.08,0.433466,28.47
LX6P7sSeTiPwqLBfx2qVjeBHiYSzC424qQ,0.24748848,28.97,0.24748848,28.47
LW9FEj9cH9H7nxzZVqB89Y5kgQeku2o1LK,0.24082074,29.99,0.24082074,28.47
LcnvREhNxjV3zoo7sVa5Gs954HshcM3MYk,0.23278078,28.47,0.23278078,28.47
LLJ5hp1BwraBybP5BJEV5MRd3PpnqKVpCb,0.32019922,28.45,0.32019922,28.45
Ld8nYYtTnLUUG323rV92np22ZY66sMFzHY,0.2222889,27.63,0.2222889,28.43
LZDybDnhKpbSZ4GWye2Zx7641WvmxfsWMM,0.2088763,28.36,0.2088763,28.39
LWUhFEm43AZGhrqMDZvfsBjS8g4CSR27n2,0.43902354,28.84,0.43902354,28.36
LL8En4iqRiSBc5iuTL7WCFQSWyd7dHcgsZ,0.40638782,28.15,0.40638782,28.35
LbdasR5TujL7ydxqvdQ49Tj1ePyHneENPD,0.24156492,26.52,0.24156492,28.34
LdcA5REc4AqavSmYkb781H2MpxPrmMUBbU,0.42370577,28.32,0.42370577,28.32
LQoqrbLvBdX3arNV1ABxBCThuNQjXZHAVn,0.31439988,28.37,0.31439988,28.31
LVzYJBcU19TrmQRduW6QAS3c597f4gP8Fv,0.41119042,28.3,0.41119042,28.3
LWPdRfbBcCoYwphDiye5dFdF3h25aFvirE,0.3706,27.91,0.3706,28.27
LadJjXn2AZFBQtcZZ6bfZT5rTVtFkhMUWi,0.291608,29.01,0.291608,28.26
LN4WXcQUoZtSFzHvrK7iZXFaTJtA4zP74F,0.25703974,27.85,0.25703974,28.23
La9fR73BvEXgJda3nsG83hWkQ8g545if65,0.42151526,28.17,0.42151526,28.17
LMrnJa9DQNQ2JLykSGtLGCqSFaHpRcY4ry,0.32029283,28.46,0.32029283,28.17
Lgj2MMMiSJZMaonm88uzpJTwnZCivbh95X,0.33836858,28.17,0.33836858,28.17
LVgv2ymQcqpM1T7JTFjdvm3P5Vwpbwip7S,0.380419,26.94,0.380419,28.15
LUpx9xAqYMWhr6rCy5WVArMPwV6b7xks7T,0.31108888,28.14,0.31108888,28.14
LdkzQtX5eFLbtABiK13oyy2Jh79nXH4wHi,0.23982918,26.33,0.23982918,28.13
LbBc6ecFWc1Ew57sojCqBNb4FEE8kaSGBn,0.38644017,28.13,0.38644017,28.13
LVRxU4bjg6eDAwrp5BzRwNJGPAE97ebigo,0.27047512,27.65,0.27047512,28.11
LNSYrPbm9BkGLFX9VvkQj6yxyqupUiFqgR,0.41931996,28.11,0.41931996,28.11
LMmK5hKDWYkTU4jJX9DXzMjbAqsEkp4qe2,0.26918668,27.98,0.26918668,28.1
LTapAqvmWUfF93kPuNXXPrz7rgi81exgTx,0.39695,28.09,0.39695,28.09
LcqewsqUZzgbk1PU5tk2weZAUsfCzVpzhY,0.21472323,28.09,0.21472323,28.09
LRpVaDTtHMqbbEeUh7MceXi2jsJWGh2tR3,0.39690558,29.73,0.39690558,28.09
LiZEZgZqHqUKLDPwBv7wUnKk7PVAtFjEUs,0.22540772,28.07,0.22540772,28.07
LXMMZUwKC8xGpiAghzM33zrRproy8MF8sb,0.20960142,28.06,0.20960142,28.06
LVVs1EFoHiHYjwUh4c5ZQvm7bymUEkjS3u,0.42733834,27.49,0.42733834,28.03
LhHSBeDUsRnaUDagHXqxiYLEfNeQi4sV1Y,0.34821213,28.06,0.34821213,28.02
LhHY5oggCWpNU3zLi3wkZEdpFoEJ1FbgqE,0.26743758,27.19,0.26743758,28.0
LdoadCySAQuN53iKWFi2QBJGNWxrGEiNav,0.40850608,28.12,0.40850608,27.97
LNDRPxL5yzmNevkGkXYpZbC4vvFpvcQCC8,0.42181612,27.4,0.42181612,27.97
LKFXWPuhxmJ2nNgozPLfGYWvy3ntUDQzbW,0.32041029,30.58,0.32041029,27.94
LWdovPMsw1yiVmMYhvXEc3P1hdbzAKVJzd,0.22399435,27.89,0.22399435,27.89
LSWgR2jyHBLTQDQ1gJRmvwSSwqrwMdxopv,0.27155351,30.96,0.27155351,27.89
LNqPTRvCLCX4wDYkyR2w1prWn2si73WgxR,0.23771864,26.1,0.23771864,27.88
LLrbSvN7Wrsug3QYKiTNyqYmbAf6Xz8kDn,0.25390935,27.51,0.25390935,27.88
LQAMCErx7s4La9rSKqk3ZdvBCNjnn9zEv6,0.24226223,28.36,0.24226223,27.87
LetKkXztTeLFG1fiho6eBBqUEpc7HqoEba,0.20502048,27.41,0.20502048,27.87
LdoiHiz7yWDjchSsCTVj2LKHowwrWBkGfK,0.2598,27.05,0.2598,27.85
LcFSHxKkEpDyytq1oUvRxXREjdqvDZdgmK,0.23416882,27.26,0.23416882,27.8
LcNgtrkJyTULa7XYUDPun8j3novmGG2m4h,0.32070192,28.61,0.32070192,27.8
LdzXwHg2CnbwCW4JmRHqWGNoCW2NCxYQic,0.3247883,27.82,0.3247883,27.79
LUaUzbeB8PmhQF3TxiL8hP2EzKfKmtB243,0.27936491,27.52,0.27936491,27.77
LcXNPBTbkWLA4CRRtVsyzc5XiqjxChatk9,0.33265565,27.76,0.33265565,27.76
LUoBmsEMrMb12qWRiLyveiT5TZCvWso4FW,0.42433281,27.75,0.42433281,27.75
LcbUzn1aakQe6KYKRfwpqFKiZyEAxvQdiy,0.25119909,27.74,0.25119909,27.74
LP24ancJxJzyMRKrXvteZZxvXYBw8qBNzn,0.42939017,27.73,0.42939017,27.73
LXe6vHvmz938g75xeitrASzhHy4QkCRQdM,0.213686,27.73,0.213686,27.73
LST47LMaMEXoQTaxNvdYoB9pMCpLWpfsNL,0.20549435,27.72,0.20549435,27.72
LWRRffVGZwPN18wqxiWwY6RhAN28xHJgNM,0.3005274,27.71,0.3005274,27.71
LQLKzxpu7x6yfV3UmmAZUyobWmy42TmNgx,0.30921458,27.68,0.30921458,27.68
LgTuzwtvw3Ty2kC4qTepAeSXJpH1jX7K5H,0.26917229,28.2,0.26917229,27.66
LhZViUC4M85CUJUCJioZ2bWhTRd9t1CwEB,0.22972662,24.63,0.22972662,27.62
LLbq7UHApJDg6djf2c3XTTNpdcdyLHEkYe,0.204695,27.39,0.204695,27.62
LcoWQ6LgCdE7znL8R8Hq8Rtc4d93xfaqEN,0.28881245,23.79,0.28881245,27.56
LQqmYXhysWrAMznhboQjmUTG9Zm5ZAJDEK,0.428471,27.56,0.428471,27.56
Lh7eTxBtyNaDNUF58NmHdJeTpUxZp9KrtP,0.39329934,27.54,0.39329934,27.54
LQFUEiX1zuMjrpJ2aCxDnKPhyU2ZmDVUSr,0.28761493,24.08,0.28761493,27.45
LXrJFCQnUuhkcGfB6Bm54dsyJLKKgfRV6a,0.24663841,27.43,0.24663841,27.43
LUMGx3Ux5Y9R8XKypBdvSKke7eErssBDgc,0.42162378,27.38,0.42162378,27.38
LPEvKSoeJwTE35B68LuJFYZBCcZVCxjU7J,0.2699,26.82,0.2699,27.36
LaqssnZK7VxM5tzy6RGeTpmoTUiERGk8Th,0.35828457,27.3,0.35828457,27.36
LTujwziU6ff5xApWkwJnABKCJPECCHeKCY,0.39511994,27.34,0.39511994,27.34
LUvgM7YUvnsHa1t23S4JwjTPdCcRjZQjCz,0.20074865,26.84,0.20074865,27.29
LKzyn11KeUzuMsvRb4yqxCqiBQ8nNFVUXR,0.22822758,23.45,0.22822758,27.29
LL14TwVLSykvL9ud2FM9H9mQBBjrugMmLE,0.20540107,26.93,0.20540107,27.27
LX9vmWGCMqdAKg2dWZWMnRp1NtLGW6JeXk,0.20060776,27.24,0.20060776,27.27
LM4LV4re7VSV9P9Mu3GPTSPRWAZMgDbg84,0.3149,27.25,0.3149,27.25
LaqCEAS8dziXQaaJmr3VciFL2QZx2Znyvs,0.2285583,26.81,0.2285583,27.25
LgunpQfHWsu8rkZ3k3ezn1Z54nmUgmrTbo,0.25152549,29.68,0.25152549,27.25
LV5YQuyGb1zuXhPgWQ5HckxmrUwN8JEQGP,0.22487949,26.59,0.22487949,27.24
La5myj9GAqQSi16iqaxcwXFhAje1Ythnhf,0.21259795,27.67,0.21259795,27.23
LWeMD7K5Th94abPvqPLVhYaTC9FUqSWDfi,0.2186307,26.07,0.2186307,27.22
LWLmmSiVpj8faaYHcbyxKt4GSHt71kVyjB,0.41996595,27.21,0.41996595,27.21
Li3R3FDvozojTG3P5NzZFhqf9iSHxTvfjT,0.19994708,26.73,0.19994708,27.18
LRaZ7oVu1p4tt4KtCDohDdd8vo6AeuQ2RS,0.21232491,27.41,0.21232491,27.17
LMZpbvheDsoz1UTL8k8kawaBg66y5i5Swt,0.29099435,27.15,0.29099435,27.15
LfEXm97SgzJ5A8aok63kmn1o9FVijxpKQR,0.2836929,27.59,0.2836929,27.1
LarBxnn1xiKoJv38spzkR3t1VcEZGS2sRY,0.41389047,27.07,0.41389047,27.07
LVJ9DyCKKE6zrd9fRKSTQTUrnLN7TjTmKh,0.2293591,27.78,0.2293591,27.06
LTVaMwpT595GczoahiyipKPaa2Uaef3KFv,0.31627035,27.09,0.31627035,27.06
LQLW8wAM5eFmUDDXE1hoHi17fywoReX26S,0.20847065,27.05,0.20847065,27.05
LLemZMA7uuquG29iF6cPsSU1aG4aVBx3uR,0.30210019,27.04,0.30210019,27.04
Lew8ex734zBxTaiftsD2WXefMMKLQruqbW,0.21114908,26.25,0.21114908,27.0
LcQGGwpGRgByHuoBN6if8b7K3KXAJRbtoW,0.32358978,28.05,0.32358978,26.99
LLVTTw7vjfJ14qGYkxrveRbPMZZXxQ3YN8,0.30988534,26.74,0.30988534,26.98
LNjsPYtguxxvugNnXxUbuQhGqJe1r2kAb7,0.2,25.95,0.2,26.98
LLUkn1uavJ4Y9VqWjcV7Ep5GV9bdmqob8C,0.1999,26.97,0.1999,26.97
LPXFtiUwonsetFZDs3SxgtZqynTt4Uq3YC,0.4149504,26.33,0.4149504,26.95
LTomT36zkfbPsTFkvSkv2sFszSESbRN2DF,0.3089944,29.49,0.3089944,26.94
LTZq3xxLyQXVKVZMip9PkGKNBxBJNad5EZ,0.31468531,26.96,0.31468531,26.92
LaUteftpZx6AZbWkcpei7yNy1eJSprboyn,0.36376229,26.06,0.36376229,26.91
LWNdPp39iCQca2o7KMy6UJ6EJdhofEnzBv,0.2464815,29.1,0.2464815,26.9
LbnRrCrunCZVoSu5FgZJCUfjUUb1ohFwfx,0.41581685,27.32,0.41581685,26.86
Les27NLwBNPEr2XCJ3d1qWLQGGRH41djzm,0.26907258,27.33,0.26907258,26.85
LKj4sFSSXKN3U5PnUD1xkCbyt7v1TjnpJx,0.28110966,23.53,0.28110966,26.83
LTTv6vjjfQdw9DjEErnZXiCCaqpn87T5hV,0.25854738,26.81,0.25854738,26.81
LUW52tcfJ46rR97ZYPd6HQwgaNFVcPAMWt,0.2092871,27.24,0.2092871,26.81
LbsG7tnizKBNmDpqvoiN5qPZ9tp37J2BQG,0.29303396,26.77,0.29303396,26.8
LNMDR7MJE9dfVo181XbkuMhoNg4NEbvKgG,0.28984034,27.35,0.28984034,26.79
LSbeTY7A5ajhq5GX28kcPZdgdiNueXmWLf,0.2612,25.7,0.2612,26.76
LXtQNEygR9aJUAvZQDT1dgD7nRWbbhrkeX,0.4,26.74,0.4,26.74
LbvuSM13JuVsx4i4QF5TFjvDNAsswxcYw9,0.21928898,25.9,0.21928898,26.63
LMf1Wc4Rj3AJWuKLbagTubZh5SHLv3DsFs,0.40584646,26.61,0.40584646,26.61
LR3fgjvZFvC8MWbZBH4PcfNa6t7qYq7fxC,0.37197702,26.58,0.37197702,26.58
LSTBr5q3E45GyajHQ3gnwpfMbMq2ay9JKY,0.22285864,26.58,0.22285864,26.58
LRVWDxh5WJQnpFgbyobFotjsMyFSJWwCrB,0.22298878,26.56,0.22298878,26.56
LPhwGiPhKkQVJaXWrY67fFgJ3AsEKsWnML,0.29615894,26.56,0.29615894,26.56
LfWxmyto6AebskALKkNgf1BkUM4shZ24ZM,0.20965231,26.55,0.20965231,26.55
LeNw9GPnvLwXjkNQdjt3ypZ1iCu3XVAeK9,0.23063751,27.0,0.23063751,26.53
Lcrk7bt6wGwDdz9L5ULLwmGchrN7QeTEm3,0.31351946,27.0,0.31351946,26.49
LZBtacu1KnQRdEHisd8PEUCuW5Zy4vAoDC,0.26199742,26.48,0.26199742,26.48
LSwEBFFR9yWXXHSvQhM1FGD7D75YpGPC9X,0.22233985,25.88,0.22233985,26.39
LS8G8Gq4UJTQkefZC1LRCXqV3DjZHQnu5f,0.31991,26.35,0.31991,26.35
Lf6Fi8Ki5nW7i22yjaFSQGEx8KcL2cGxED,0.31610652,26.32,0.31610652,26.32
LaGewzdxMJQrDFTxmFj9dki66GRmzYudsj,0.40069739,25.95,0.40069739,26.32
LhoAm1qxoGZ2nQoqyE5Hkz6zJuWr87TW9K,0.22805181,26.31,0.22805181,26.31
LV5CeGuSXfoehA3hJarf8jmpQn2a3zBUQd,0.29603315,24.72,0.29603315,26.3
LLEajkavVnSiSq7CrcHMnQWFDyjzxe7LP8,0.29834809,26.28,0.29834809,26.28
LhBzaVdurzjgZDp1gZ5MdwcoamWHAVmUmp,0.24965,26.27,0.24965,26.27
LNpk7ixqaMupmfffvTxeUChiWkAUHwFB7a,0.29776904,26.23,0.29776904,26.23
LYxddz1yXRg1yRPDoUdGo1aNr7aizoMVEb,0.20999722,26.23,0.20999722,26.23
LSif4r9zmpdCCFM4XdHDf8DfutvGkGDkUZ,0.3450564,25.98,0.3450564,26.22
LcUekpnGN9dUPUqRX15ava6j8V18GZh124,0.1943258,26.0,0.1943258,26.22
Le3yNMsAG9NkFQVK46WL1K6mmoydg6fUGj,0.26954195,25.02,0.26954195,26.21
LaiWf1pT5bpY9hhoZRuy7zJr4aTabLntu9,0.295,24.64,0.295,26.21
LLBMof2Rgi3T6ijzwvC6qrkr3d5X9w9U62,0.37793262,26.56,0.37793262,26.15
LNahpFw5rLMYpSGLhP65eRgqjQfWdWMJrr,0.24850574,26.15,0.24850574,26.15
LRq6M5T9JNh26syyXhKhdfPUBjWR5fC242,0.39981038,26.15,0.39981038,26.15
LbQkNsauG8qFX4rKuvfRqGXumwU3sT79Wi,0.27576636,26.0,0.27576636,26.14
Lf2qvND6t2PE75VpY5DfUMX25RLLuFceWo,0.25421979,24.29,0.25421979,26.12
LamCiPsqYcQsUdMpnynw8vuL6xJgAvVcEo,0.29717362,26.19,0.29717362,26.07
LPCSiQMzbirykBQhKVzURqieZWsGnq5L8p,0.22539805,26.01,0.22539805,26.01
LW1hHimNcBBdf48LEzeoshU7AcRTQaKZd4,0.22154711,24.32,0.22154711,25.99
LTnkqBvPXPAKaD39eLy5sjprBzrQkSiVEM,0.20274006,25.96,0.20274006,25.96
LZ9rqTRjjJVV9PwKCi9H23E6Y96N8UGkJz,0.39555145,25.44,0.39555145,25.94
LcDaXsrRqp6q1zWyB65BH5uY9MroBTkQV3,0.29439115,26.94,0.29439115,25.93
LSFHk1zEJ52N2NkenqkYjPuXCwaBBkp6HJ,0.2879682,25.98,0.2879682,25.93
LRD1mrsd6LzH6o4Rwi9vxYXMWP72wKCpXu,0.35613846,25.92,0.35613846,25.92
LSdPyjtmbuqqcFoDgR1XBcbz4b9TzD4gad,0.29175098,25.92,0.29175098,25.92
LLPjUXCwzQtLFRBDnnayTUckhaBECpw7Fe,0.26649435,24.58,0.26649435,25.92
LLsxaxMpBbzKrYBzC2NMwgTFj5goYX44XA,0.23598951,26.06,0.23598951,25.91
LhxXvV7gNamxbLbSE13S29iRRzDRfQ6nVq,0.31452713,25.91,0.31452713,25.91
Le1waEJJ4ZGEUpuKr94K1JPeNmibxEEzUc,0.2493,24.96,0.2493,25.89
LRcHb4arBtkEVdL2Xv6LrxdvRaDACg9G5J,0.30660377,25.59,0.30660377,25.88
LKd5uqaYSamiiuKaYBxaPjUyAfNMyTd3xr,0.21868501,25.86,0.21868501,25.86
LbGuQjjyb4RA7ryR5rKhdaQfPNEbT7pTew,0.25144054,26.34,0.25144054,25.84
LhCxuhWy2Bnr5NLDMakFfiS38wJrP2gCdr,0.32823937,25.83,0.32823937,25.83
LYvWxuknbxr6tyqV1RPnh6udUoySEsMxuj,0.30181615,25.82,0.30181615,25.82
LVWnag6nATNVvHBZuMPrbd5yndzQRCpXpS,0.36739927,26.36,0.36739927,25.82
LKtvLEyrQLrKt7Lw9Y5XVA37QC5VpyNfig,0.363536,25.81,0.363536,25.81
LULJHUV5tNhvmqZvBmaz4P7DddPJmtXKEU,0.338561,25.79,0.338561,25.79
LVqdPqUjV5TYYX61mFwTkiCr6a4qBaepoe,0.38476849,25.79,0.38476849,25.79
LczNcaw78aVo9b7V4oGriAJ8jgh4NqViV8,0.36689194,26.33,0.36689194,25.78
LMRJmAo8ks5FMrNVZT9hMFcpfi4mP83gyQ,0.36353,27.01,0.36353,25.73
LRHu3YhQsFxLUsWUwADT3j2wi1E8LMr8jC,0.36394541,25.71,0.36394541,25.71
LKWLNvNsYyF83MQrKaD5Db7gyVmSknhrEg,0.35061414,25.63,0.35061414,25.63
Lcwr95kEXacXH434tekabV9tUJyMXsw2eJ,0.24965186,24.53,0.24965186,25.63
LTXgjSQD5T8sGLfYyGF2ibHZ7Z1Vtppke5,0.24335435,25.62,0.24335435,25.62
LbvpPjYwtvw9Q15ZQMKtUMgjuAa8NNNXTQ,0.19965353,25.57,0.19965353,25.57
LYeQVzXkwPUb9k5Vv7oncorrsNH4AX164P,0.22131805,25.54,0.22131805,25.54
LgRRBGSCxsnfVN38esn6sX4FpHWvTTF7qb,0.21458488,24.98,0.21458488,25.47
LUaeBBdDc8KmXaqjc88ijCfx6sCRhKyJhT,0.21383054,25.47,0.21383054,25.47
LcyJkS2ofyWKfjVrx3JTeKiaj5Ur6sTt2Q,0.3499,24.52,0.3499,25.47
LTzuwSA66Nz5YXdxwSJgvrpb9ioe5cR7sj,0.28908418,26.45,0.28908418,25.47
LSp91LWQ1X852c7SXUsJkw3wbQ5W9xoZCK,0.33503605,24.91,0.33503605,25.46
LPcoebKvKjPcJ643gEFhURQDJ5LoW2Fz6d,0.3874047,25.09,0.3874047,25.45
LdBCvZ4jQjr7uuGsMewvmucTGz2BRYgyqp,0.2145172,25.33,0.2145172,25.42
LQCEDkhuw1zxXDnhcKaMfwmD2eE5KRYoaa,0.32675179,24.87,0.32675179,25.42
LQiD5kgyPYmJ6oM69N5tyLFAfLZWobBZKa,0.248,24.4,0.248,25.41
LKkBj3xfvybseK84s9RG8jAeSHofYjxhoC,0.26182276,26.05,0.26182276,25.38
La8qJ3CUzayPwGFPL5q6YNWW3asPtkYynL,0.1981,25.34,0.1981,25.34
LTYc4TMEqtYYhoBCH8XqtH4H2JS6fiaD1S,0.2603703,24.17,0.2603703,25.32
LUZD6vTCNneLtuMWVJBwnQ4qGdBJFfQ7b6,0.29990008,25.31,0.29990008,25.31
LKGc6JZ5E4QMG3xyKaJBFPFuTu5BVzH66j,0.21316844,24.82,0.21316844,25.31
LhiyX7Rp6z2VRU8KxuKY8PudpfHWt7LmsS,0.2698,25.3,0.2698,25.3
LR9Lw5hX7V46HBRwDutAKsZiPZ37kTnfYV,0.35614152,25.28,0.35614152,25.28
LNaeDYmhfF431ZvmuUnEHRcCVgePitj44y,0.29205607,25.28,0.29205607,25.28
LdcVuB9VRnZo8MDEKWVtHK92trUqMAZDno,0.28729101,25.27,0.28729101,25.27
LXFgDR8TFiyYWoydyxZebXMtwzsQhovaea,0.2459,25.26,0.2459,25.26
Lg1LA77mg6CGPhCKDnnUkHG1JZ6Ly6aHPn,0.3,25.74,0.3,25.24
LLtatTkH6gGNQ612yKYkqyoMn7eedFCTnn,0.19899454,24.81,0.19899454,25.24
LPxeavkFFrmuxeVvxEKDNQ1SgcF7yFRkVv,0.32447273,25.24,0.32447273,25.24
Lba4D5bY5DhviRAv7vBwxckMtC6KLdRBDz,0.2899,25.02,0.2899,25.24
LP1uby3g5sbcBpFNWQYRGHifYCtfnmfv2n,0.25106711,23.85,0.25106711,25.24
LR8DwuNif3vzJ4gRBFKhtGp7bP9s3guj8A,0.29871804,25.24,0.29871804,25.24
LWkK8dmdVT8m8LB6ttP5nxtZ4kVk4EhSEw,0.35626,26.47,0.35626,25.21
LM7wK96ozXHqbuyzuVxjzDZxghCnm1GN8H,0.346318,24.75,0.346318,25.21
LP28aoideY7SqhzS6oEh3AnNqHrcY2NdgB,0.21845323,25.21,0.21845323,25.21
LXbNNdUPbS42h9BtuuswgRr2cMsmkNXWyn,0.314895,25.2,0.314895,25.2
LZGpLB9bqsPoVQU8uSKA4ygvT5gwjvmZ4A,0.38424905,24.71,0.38424905,25.2
LfdUPHuw8UbsKe6p6N28e36aZgcNb9nwzo,0.35604061,25.2,0.35604061,25.2
LeUNGgjwmV746Dtpcar7Rrj49TWTKicTFh,0.21787168,27.32,0.21787168,25.18
LTUSZVL3Ws4PCnHU5wKYzFNH3MCSxLjdAE,0.21099887,25.16,0.21099887,25.16
Lbj5EgqMa3SNW1fXKDpm3EmFmc3GMHBdQd,0.28897689,25.11,0.28897689,25.16
LSRmPWZ9LDCRn15DDU4UNb2Yo5E1L8vvYW,0.38948356,25.59,0.38948356,25.16
LatsFR6mMaQY8kjXWz2MtaBBLskcUoZPi2,0.21087565,25.15,0.21087565,25.15
LTXfdoo6VPxA1Dw1FFkRAHmhFkEK1d1xhF,0.2150053,25.15,0.2150053,25.15
Lfz53gksQ212Um12sxErQBpvfSeLjrr82r,0.24085884,25.03,0.24085884,25.15
LSgN4pomZJ7AYd2rSeVeiRkjmk1bK7gbSQ,0.1999,25.13,0.1999,25.13
LKzfwcBMpXmQwsu7XHtbYo96EZkcxM3hzB,0.33965458,25.13,0.33965458,25.13
LM9fPqdxmjADM3xmW3xSd87XxBY3jVafz4,0.36664299,25.1,0.36664299,25.1
LeEJ6DobnzDwaTe286UswwHESKL4q1Axvz,0.3299,22.82,0.3299,25.08
LgyKyGv14taiaA374kjgDogmXMxtmHY35R,0.34451059,24.14,0.34451059,25.08
LNVZkj4PhtgmesGynstChNKMuMH3Fu9YB1,0.27444133,25.08,0.27444133,25.08
LRExhih2TwWLYkypXwuawGA4yKVXcXD5ti,0.3299,24.52,0.3299,25.07
LZus2AdpR6Qooj7tWSQxqPP1q6dxxnXMtn,0.28962154,25.07,0.28962154,25.07
Le9jecZQ52WzBDiQxBdQ8exfjPVBJq2hNW,0.27778917,25.69,0.27778917,25.06
LQpPEdW3bfuvs7WB1nSzeasp1Qkmrb5GpN,0.2799,25.05,0.2799,25.05
LSPVEK9XEXh5Ck7jYXxy7TM8vHmZtpLvMN,0.284615,25.03,0.284615,25.03
LZCEVDFK4WLMXrRCeWCfH3FMZGeBqhjcJk,0.36348385,25.87,0.36348385,25.02
Lh7Zf8DggPQ5HudLiTAL34QAtT4ZLTjbNQ,0.30040855,25.08,0.30040855,25.02
LaJp7ftzC3XBmkunwFKjsStsZuYVuq9DCP,0.34208797,24.9,0.34208797,25.01
Lg8hD9gniP693nzVBqjH6dggGHuVJ6Zkcc,0.21815741,24.99,0.21815741,24.99
LP3S2xcK4yjjBGNLBUssg3MhgYY4yBUKnT,0.388511,25.09,0.388511,24.99
LX4MAqvhW396Hhj36r4ZaufhCfeB7J9aHb,0.29638646,24.68,0.29638646,24.99
LPF7vgkiowpZfbXf9tTTcBxgKaFyi71T3M,0.2836082,25.95,0.2836082,24.98
LdkQPGBfjuH1a8RnX4mkqzu63cgku5zWr3,0.24290861,25.45,0.24290861,24.96
LQAv95GT212NMVCnGZmxJyG7bBJikWivES,0.28089239,24.96,0.28089239,24.96
LbJFqgLs2zFRWukHh4syhuo92tCpKCxaNy,0.27316682,23.84,0.27316682,24.93
LZd5RDofPx7Tjt7VXznbpL5ejBLBzTiUWK,0.35471,24.93,0.35471,24.93
Lco97iXw3a3KSYKNhUTgP3E3sPJdbK7C7v,0.32755812,24.55,0.32755812,24.89
LPrGwUEBGXbyvwGcKiTUCrD3zyy3b3JYc5,0.21563349,25.68,0.21563349,24.88
LefLTDN9G3PCnBV5MucMiSXzFZVj6dHvos,0.2449,24.87,0.2449,24.87
LSy454kEAijY1ppaCarH98cbed3ZTSUeT2,0.27385594,24.87,0.27385594,24.87
LY9Jh3EufVYZGHNnMuZ9NyShCJGps8ZGGg,0.24208294,27.28,0.24208294,24.86
LKxPfsppzVoKaUP1RLoHzvYNY2JRwUqgfN,0.23747222,24.86,0.23747222,24.86
LS6NS3TKuq3JQAzhu8DfQwKXeZwg9sPbDx,0.23736606,24.6,0.23736606,24.86
LbAPYULgfZkVznAYMXAveEXGP3HHQ8Sudm,0.2179,25.22,0.2179,24.84
LWgqRi6J6sgGto9zkNnozBSC4HDdk6VdVG,0.28461991,24.82,0.28461991,24.82
LepG3NeypndDuzFaUCknEMS3hff1DMGBrH,0.21508736,25.62,0.21508736,24.82
LdvtYMQ9Axj9Hvmtv1qip4YwvmNeMGztgg,0.24288762,24.81,0.24288762,24.81
LXM5uUQFkML3Vi4s4PnuqRd9o153B88EUn,0.242682,24.62,0.242682,24.81
Lakat17DcmPGfwRk6Nh3dXjTdmyRaMX6k7,0.20798668,24.8,0.20798668,24.8
LRaE4HSHsYYYYh4kt6HoboP9gYYTiQmzBB,0.3099,24.8,0.3099,24.8
LiDmX4jiZ4UWS1t1JFFpAtnNHZKx6g7AuP,0.2439,24.77,0.2439,24.77
LhUxzwVn8TiV1RTnuStmZxiSmEmegxHGts,0.32903704,24.77,0.32903704,24.77
LcsSCu2xjr4iXnAHPdp9SYBTytbBvzCR4e,0.34987961,26.0,0.34987961,24.76
LKEaaHADMXyTDTxLqh3UkGQdw4RWFb8Fpw,0.23648203,24.38,0.23648203,24.76
LdnHLagJTG7EzBX1DLpr68rq3oQNdQDZLF,0.19510678,24.33,0.19510678,24.75
LLTmbzMB3BHyCAitoptt6ywfCp7cUeGrxN,0.38318047,24.75,0.38318047,24.75
Lb4y5gtpRCP7KuuspQUYn7jUzcLDnSuJba,0.29403714,24.75,0.29403714,24.75
LcuK67L7WGtsG2dYz3k4CYMJpH8ry3MVmb,0.27696004,24.71,0.27696004,24.71
LTJgqNxZ7qCKP17rVKGfAYr2i1amN7MsmZ,0.21205721,24.77,0.21205721,24.71
LaFccitw1LbkPEEDutqk9brX2CWjh3tXXp,0.20307085,27.18,0.20307085,24.68
LL7XwkuMepNfrxnrBUkRAB5NQK7kHkRLVw,0.206693,24.85,0.206693,24.65
LPvdvHrC94433grpG737StvkgxFgWWJU9k,0.24315038,24.16,0.24315038,24.65
LL3NYc7X6QuJJbSX1gjh2TEB1ist6b8PQM,0.34786561,24.55,0.34786561,24.64
LSmJVs1uXyPwwHLX2NQ2guaEM7Hj1cgJJo,0.265466,24.63,0.265466,24.63
LZP41KY5oMnBeevvvQCaDYyZsnRBH1ESvn,0.2375095,24.63,0.2375095,24.63
LaFMgBu2MVh6bNqZAscAfrNzNwkUofMEWp,0.31507513,24.62,0.31507513,24.62
LV2zDP7yhS4wDmzcjtBrK7j4URTVwD4SM3,0.30749435,24.61,0.30749435,24.61
LYPT7yt7yBdR5p8W12Ucv1PoguR5xcpLmB,0.23477373,24.33,0.23477373,24.59
Le2bngbQBec7EePhcju9H8KagEbaDyxMx1,0.32021934,24.56,0.32021934,24.56
LdrQ85NiDrvE7ZRnoZ4m13NhYyZNEY4fXu,0.24422688,24.55,0.24422688,24.55
LVuPziF1WcTJGEqxVs1nK4jWb4Y4RjqV9q,0.32301537,24.32,0.32301537,24.55
LZyWTZunJApUQnyvkSiGSSiZsZE5HTPFaj,0.30663232,24.54,0.30663232,24.54
LTknMcX4kLimfXHoeAtwehP3irGMMtR2x3,0.24189491,24.85,0.24189491,24.54
LTUCqwyaBS1uLJxvKYZKyZziRcPY8Di72u,0.22052392,24.86,0.22052392,24.53
LV7tjrU9Y133rFnPAAvpgcv8CyF8HfEGtG,0.37758986,24.52,0.37758986,24.52
Lg8iAqBtTvHg1PKbFSQcp8Wpwf6yVbLiUv,0.20546512,24.7,0.20546512,24.5
LYLaagyb1AecWyeQagcSPfYcs1mE5RMZku,0.37413793,24.5,0.37413793,24.5
Ld87hYX9gs4Pz99x9Y4XEpg9kvkkyeSrKx,0.19122152,24.5,0.19122152,24.5
LL56BfnkUzioyumBwkKK9XMLQ47PMShpGj,0.18703749,24.86,0.18703749,24.48
LeooXDKpaJqBVaQi1z8AEEpFTQJA4dxr9E,0.23919953,24.97,0.23919953,24.48
LQas3zTK8Dp7jYj4HGoo7kZAtdXu8envXu,0.21163557,26.54,0.21163557,24.46
LZ3C9NJcMFf463TPiUcma8Mp4Xm2JMziER,0.205997,23.98,0.205997,24.45
LKrU9RqbTLwqW42GmcpFhjoURMHrpEGRNQ,0.19307667,24.45,0.19307667,24.45
LLa4sDQiazczZtepLd1hoynde7L7kcyzkY,0.20901457,21.41,0.20901457,24.45
LPemLSTJbaWKksZFx2ZQVF4kN3PpPEzXQj,0.20996368,24.44,0.20996368,24.44
Lh4hp5XUzgEDAkzCcqZMg27GbmFD8tHX8M,0.34904843,24.44,0.34904843,24.44
LY4mA9b6nZJ2SHfoHzHjzGuFv419D22LF4,0.27500722,24.43,0.27500722,24.43
LaMoKAxz5WSZjryJP7WGh5ps8i2khjQiXu,0.34874056,24.43,0.34874056,24.43
Lf5gNZPFSzUFxsbiDHHHyVC26U4Y6ZFfgK,0.31055109,24.42,0.31055109,24.42
LTg6dB7sSKzMeKCSY7rPfALPL88CyiU31v,0.26306094,24.41,0.26306094,24.41
LewZ7dt6SsKy8QfjKUXQSJALNPucvSBo36,0.1878962,23.66,0.1878962,24.4
LetRmGwkJyEVTxkbR25Tb9ZeSmQ8kgJLmX,0.22743683,23.81,0.22743683,24.38
LYzq5m4uE5bB3xtok3fEoYSxhsRBq18yAW,0.2814869,24.36,0.2814869,24.36
LNKtXpXwBVGqdDeWbpPPLUSEEst2cwFN64,0.26344533,24.86,0.26344533,24.35
LfyCGSaZVL1cBF9iSSW7FmhZnPnb4mNFNm,0.23758376,23.37,0.23758376,24.34
LcMUdUKoL9ikgvnPQf4Tt5qkTkkpt7V5SE,0.3472,24.61,0.3472,24.33
LZXLgrakMSCmEXwy4LwqvayWddvMzAs2p8,0.37495854,24.51,0.37495854,24.3
LhcgTQpCycFC8BJYSUmWqWDyLoXGoDuXoj,0.23737086,24.08,0.23737086,24.27
LRhn6CobXc222itoTRHfPCUBpZmdRhAcET,0.24660777,24.26,0.24660777,24.26
Le7t3AAZqcTaFYvThFWsh76XVh5yAQxN3i,0.30303096,24.25,0.30303096,24.25
LPs2AZ6o1yNF3fJf1Ftfzw66g78Xejmo6M,0.18964831,24.25,0.18964831,24.25
LdWMVPdi2i4NTq1epk43GAs8MdshqrLDbu,0.22047568,23.89,0.22047568,24.21
LSyc6jh61Kpr4nq8287FVoeDm5AKCWT5iQ,0.21118432,24.19,0.21118432,24.19
LctwDpvfJ7bQqLCwymNPWW6qgKV4KYjSnF,0.34542323,24.19,0.34542323,24.19
LbFte8MXLNnHswUKtXQY67s8uKvmc4FNJG,0.29144796,24.18,0.29144796,24.18
Lc5taXqh8FuJeAbwQcCj6VM6GctCGjyfUH,0.36969435,24.24,0.36969435,24.18
LLFrN5aaT5xF7Vy5v9rVsJaN4QjULmhn25,0.359,24.18,0.359,24.18
LKZypf7dm1RsqPGEF8ecpNUytZqFZnSzoY,0.18735781,23.81,0.18735781,24.16
LLmUaLMpPLs8VigXdzQ4LD6z2FmLVkEa3b,0.181718,24.16,0.181718,24.16
LZ6TzYUxt4iQNbfQrkyjjYiu66rta9jWGf,0.26169992,24.13,0.26169992,24.13
LVDoNKi3CxfRRPgFNyohfw8n4k4YDTEdWQ,0.21941153,25.24,0.21941153,24.12
LLReFcGndbWDccCqmse6k7YmMDNfmuVoz7,0.17723474,23.69,0.17723474,24.09
LgFHyPgWK2FyF9DH7nud1k5s5G9bJWJKQm,0.26742437,24.08,0.26742437,24.08
LbcSnJBWveW67eTGPPJvFGuLVR1YhCki3G,0.23549141,23.89,0.23549141,24.07
LN28pApVEdcqPNwchs9cnsHTTrGeuJPcry,0.28486762,23.64,0.28486762,24.07
LhX8GpneJL9yjCKPELYjuFQzWbYhPHPrPe,0.33061244,24.07,0.33061244,24.07
LTn1onkRNWL2atn4q9wzZb1VoSMwJwUV79,0.21755894,29.35,0.21755894,24.03
LXRpz2ntxpDFxcq1a4ueSGtKrgh6Yb5a9c,0.3299,23.57,0.3299,24.01
La1FsijGaFTyuZoA4KTvRg1A5y6ZeYjdMB,0.35062017,24.01,0.35062017,24.01
LYkH2AXhtoeu3VQCTAmD6iWFf3ZqDPZamv,0.37165481,24.01,0.37165481,24.01
LbgxyNaLS3awpLNmXC7fA1kPCvWLzWYsL7,0.365839,24.0,0.365839,24.0
LKoJamAFSpP9tKVJbwAupp8KQW5KG4QAUj,0.24134761,23.99,0.24134761,23.99
LPmVB3bCfm1zCoxKmBKaWaz8fzYq4H6XTR,0.335417,23.97,0.335417,23.97
LgHtHPLaB1qnJjeVeb4bNuUcdjDasYZX4S,0.21531126,22.64,0.21531126,23.95
LcUokenvEUr3zoFAZLTKFifC498fpY1YxB,0.27619392,23.95,0.27619392,23.93
LKq52wzYDNg4YfigEVgZp1wtbjzyb3r58G,0.23584032,25.55,0.23584032,23.91
LcL1GqWr5wDXhgm8vejC96nXTFeJujbKf7,0.36968576,24.28,0.36968576,23.88
LfZxC4LH895KUB7u8bA6ShkWHqDFUnhDub,0.27818712,23.86,0.27818712,23.86
LXX1WBfjHgDn7D378vszL9jBiY5oxiFkhP,0.186338,23.64,0.186338,23.86
LN38bc156S594tMf8KbSRmTeGkhuxQbEqZ,0.246,24.48,0.246,23.84
LdUPoSJDQBAgzzLUF7JJ4QLdTmN9fyCy8s,0.199887,23.84,0.199887,23.84
LRQMGmxPh2BDTP27N4pUsnAYnEzXn1RWP3,0.2326623,23.84,0.2326623,23.84
LVZKd6xy2fBUFEQhGw5BSFdK2ZzwNNmdWV,0.17533328,23.44,0.17533328,23.83
LfPod5nZrnahsZ6Wxxtp9hfiFcoyYF6HKi,0.26234396,24.47,0.26234396,23.83
LSTWXBsC1NGuDGUSiCiDP1iSBaJkTFZGjJ,0.20068969,23.82,0.20068969,23.82
Li8iptP9EV4G7GJRkxhGXM1USiZpP4FjAn,0.21991,27.62,0.21991,23.82
LePLEANdNtM1ch32E9VCPVVAqmSgKYJbHA,0.23286145,23.62,0.23286145,23.81
LexxeNKXti5bCpaoM3fjuL5G6HYXHKABqg,0.2447,22.57,0.2447,23.8
Lf4LzPK8igF3kN1sDVPTvZaMPvL37viyMD,0.21386346,22.49,0.21386346,23.79
LQBjwkhbWqHkhAcAvy8cfR2TgU8GSxK3f4,0.23247207,23.77,0.23247207,23.77
LhdjRexZG5WPMpqVWGrLbx3gjhvN2EwLyS,0.239,23.76,0.239,23.76
LUL2iLYkCWDTKHVCHdEmSxapMHQZuXPKer,0.26945807,23.74,0.26945807,23.74
LcDK6AwTxK8QhWbwG6XsF5pkWCFpvj3zKA,0.35650853,23.6,0.35650853,23.72
LLQ69zGXdSbPxZcg3kAbn7x4sDSpPAuw4f,0.2589335,23.69,0.2589335,23.69
LVFXqT4RqMXatm91fLgTmB1tdfBrB1k4Us,0.19840156,23.66,0.19840156,23.66
LLvQSQkpGjFMJrRsqfxShuzZwni1ZEZLfd,0.19003132,22.23,0.19003132,23.65
LXZnTjPWxnQdjfWaM4A8mCTFTLsMjNPms8,0.31086133,23.3,0.31086133,23.63
LUivfWB1v9MKb3z42Nch1NRUqBHvojXadE,0.28366712,23.69,0.28366712,23.62
LRRZX8h4zJa4ZrD36TPVaMCQC8roh6sETM,0.2531716,23.62,0.2531716,23.62
LLYgpE1Ewz7K5m2jQok9x5or2tJEQmfNDd,0.2286196,23.61,0.2286196,23.61
LWkzWEdZqKWrxbfoUJrHLoaDKUoPsaTCs5,0.33419703,23.6,0.33419703,23.6
LQ5qTMVv8u98Xv4hyaH83LTVzMZ4bRNVf6,0.18409435,23.96,0.18409435,23.58
LNaNDt6yopUFBRos5k3YEAYTiXtACTvsUx,0.27195851,25.71,0.27195851,23.58
LQazPf996iuZx69GKh5Gd6rdcxnR2CmfVa,0.21335282,28.78,0.21335282,23.56
LVb7cepNwANyujzpg2SNodoVbT6YjZXMBE,0.27,23.51,0.27,23.51
LRpdvgbNcEonFp4FbbEZRqjVavqv9nqyPN,0.17419894,23.68,0.17419894,23.5
LVz1N63SwEmtSL4CbgxQ1wuCbQkGJR91vh,0.31737271,23.1,0.31737271,23.48
LUztRj6HxuMkRJRi47ae3bYdFoVgbUhwrg,0.21668,27.22,0.21668,23.47
LTBC9xmWKqYMFB7rndacLFB92e26TGhxxv,0.27760671,23.04,0.27760671,23.45
LdBPXqQiS2gKyfCuyGpJdBdjdGCVC6G3Lk,0.1950295,20.91,0.1950295,23.44
LZEXVFHezG8PMxJ7A4cxPTkxLH56Vq6ni5,0.3541435,23.23,0.3541435,23.44
LMbqdFrgq62Z27oodWBBi8N7iqUtYG7miR,0.2525145,23.43,0.2525145,23.43
LcRQwudVsUiBqj9oMeJYG9YuwyhkmSSpwM,0.23255209,23.78,0.23255209,23.39
LN8CWqbc8ifTBYKZGxKH9CkZdSzeZUsxj5,0.2942984,27.37,0.2942984,23.39
LKTQ9j22BZ8MDnyxWiA515iPUbAt3E8JRx,0.2306115,22.91,0.2306115,23.38
LgtTC8Me7SGYRPD136MLzEo61aczFHfnxz,0.2769,23.06,0.2769,23.34
LcCqYXg9ieugLvdtfLCk1KnmdgesEzn9fA,0.31914488,23.23,0.31914488,23.33
LRmsmUy45rXgB7w43SyDQfTHzbfuM4cRwM,0.20768182,22.96,0.20768182,23.3
LPoUwQNWZSeNTqxgnE6rs8ANvWUuzNUif7,0.18391508,23.29,0.18391508,23.29
LQSZ1JkVo4eZsvbwNxQ4PSgq51Jse5kwNu,0.27189084,23.26,0.27189084,23.26
LPU92nhKhXPmP5aJcgutLPR7Ub6NjJkR1o,0.21452782,26.94,0.21452782,23.24
Lds1QK997WWDoAT2TvmA11ZgmZB2XD2et8,0.32807791,23.22,0.32807791,23.22
Lfmrr6X3Qw14fiFdNidfz4UYs7L4RKde7y,0.298,23.18,0.298,23.18
Lfrnk5n1zkFcUN61TtKccPsFzexFdWUiz5,0.2109,26.97,0.2109,23.18
LU2kAGPeCQWJAK3vDUmv1z4bzXWow4ee2G,0.20231101,23.17,0.20231101,23.17
LcRiUN6VKCkj2finyNnyS7j8RnvVmHLoMi,0.21389251,25.24,0.21389251,23.17
LPRZonTtPDgtmiY24iVs3gbULCxEDppJPz,0.23697941,24.5,0.23697941,23.13
LLVuT9nfXBy3MAstZhzKGYULDo32Aop6ge,0.28077297,21.17,0.28077297,23.13
LN3o3WXkUnKoUhUoaMwN4LGQUf1H7Nwonx,0.19413195,22.43,0.19413195,23.12
LYVJfrhzgeQocZBwsskugTNEYqeT7X8wJY,0.2273741,23.11,0.2273741,23.11
LSpR1NtdEoYFyykFS1ETh8eedyeDjNWhcB,0.18555869,22.12,0.18555869,23.11
LM18CfPd8PjrrtwaiynCE7AAF2snRdY1FK,0.2464,23.1,0.2464,23.1
LXFMa7AWsod2bmmj1FTxY9wDtt1T5cKLzH,0.1999,27.39,0.1999,23.1
LaBx8Qq81PMSmA8dgcHRe4Xrsu5sSbqJLd,0.21032987,23.23,0.21032987,23.09
LbhDfdnZjp7RJkAyS1u6C9FPeUj4xGAk73,0.18553,21.7,0.18553,23.09
LYZi6Y9CCX3zGZgMXrMrVFmx57SSEBxQM2,0.2015,23.08,0.2015,23.08
LNzhEjaMbcsE7JG6UZhD39y9KCrexLuYka,0.35727808,23.08,0.35727808,23.08
LMRRdWZzFyruiGpUhboo6QQtoGCkRUMyjv,0.22099969,22.97,0.22099969,23.07
LKNK2b4DT6v2DC4gwjN1krX4rJ8xXrX1Qs,0.33517581,23.07,0.33517581,23.07
LZn5eitvBg7KKeKPG9dqXkywXPt99rgcxj,0.21911157,23.06,0.21911157,23.06
LZTVDBPqCqUAdY3reuVDWhqDQjn3oEzKje,0.22940321,21.79,0.22940321,23.06
LMysJWsj1RwPEPFufjE6WeFNSXci9rZwpd,0.2699,23.04,0.2699,23.04
LPMri5kHfBL293q4KDoGmfR521AtXjLCGA,0.35460993,22.5,0.35460993,23.03
LWNKHsKtsGRLFoskSJRCWoGAdYBSbW2kaf,0.18485808,22.04,0.18485808,23.02
LhPm2rdqopikaTKsMsVJcDPaFLbN4Yd8vt,0.2518,22.99,0.2518,22.99
LRXqoaV67P6qPqQDeT67ZbxqHXeDsyKPVK,0.22415582,25.43,0.22415582,22.98
LNjG5QWFR1mnsd6XWxyen5CZzk6G8CBmdL,0.29725088,22.95,0.29725088,22.95
LiWz5Cw5PxQzZpnu7MSwY4Gghjjydkm5gn,0.1979296,22.94,0.1979296,22.94
LNNTsVAhGcuy31WYoeARFu2McCPXruVtV8,0.17904024,23.3,0.17904024,22.93
LdUnyPw5riy2mjDu3wq5SSfQh7CCTae2CQ,0.19885499,23.28,0.19885499,22.88
LTCC1o7q3DqzThqmA3NfHxfxBUcxMHdD4V,0.2214926,22.88,0.2214926,22.88
LVNXWFrEFGUXGikkHTK3pcmEeQoAhBfS1y,0.20824744,22.86,0.20824744,22.86
LeJyr1nFNejEHTVkiZBZF6Ur8rRv9a1mf3,0.35260931,23.34,0.35260931,22.85
LM9GAffp3x1exXh9uL2yzgQ1XWPp1cDAZs,0.24699174,22.83,0.24699174,22.83
LSy2JoQdBgvxUoNXoCSPGYPmWW4XCBiw6v,0.32984267,22.81,0.32984267,22.81
LMr8unV1XycMEpdMxrH5ZWHaDzFWiqRMEE,0.18330721,21.44,0.18330721,22.81
LZqw629GomDrGsLZh1D9HTW4FNhr7r2HX7,0.22680345,21.54,0.22680345,22.8
LLyhoRWZqPTc6ycpTrsvWCQU3XFiFkckyu,0.31180688,22.7,0.31180688,22.8
LPXawtPp2fakjLDoHPKnkPpR3xMt7r7wyK,0.17818775,22.79,0.17818775,22.79
LKTzGM8BK3sBZXm63ZTD5WGz41hQRrKurC,0.16894332,22.79,0.16894332,22.79
LNcng6H5ob3gzWJoYAiGxyzjKr1XVdmsQx,0.266633,22.79,0.266633,22.79
LWLu1TCU9XHwfu8Jz8GK6xcWDT2A94pRu3,0.22035318,22.78,0.22035318,22.78
LaA58DdH22Buis3zPt5Vu1ioZToRNkThcL,0.2969756,22.78,0.2969756,22.78
LRjSYefWXSshgy5YtKFZfRwKUdNZqpj8qY,0.19046654,20.9,0.19046654,22.77
LY2JYLM4Q2u81wiDhgbpD2ZbpmGgqo1iMJ,0.2529,23.34,0.2529,22.77
LQzmTJGyaWZwK4SfRXB82iQASNzMEDsiYS,0.2817512,22.77,0.2817512,22.77
Ld8xUrW5zFhGJ8zU6A2UxqZwBayXMLZH8b,0.17126904,20.48,0.17126904,22.77
Leg3dNnGeek3B6NV9WMsBM8rXqgqoP8GNU,0.177722,22.55,0.177722,22.75
LKo6Vq7EWS3Rdh2nqm2nx6AixJ88DhxkT7,0.22415684,22.27,0.22415684,22.72
LdwXnx1h6MZP4RPaCq6981NNPsP6ysvEfv,0.26514859,23.16,0.26514859,22.66
LKokcAiRr2S2HwBMxoUr67MpZLvTc2a2v1,0.25502196,22.66,0.25502196,22.66
LRM1SHoT6ZG3z7PePcEhu3sXh5bfDWdDBP,0.21681456,22.52,0.21681456,22.63
LiS6mQ7y9ayirUVzLTXRDVsrVwbGxHZ6VL,0.31876791,22.59,0.31876791,22.59
LYdCoyfUhADwmCeGpPJAQ6yoTMF6apJNry,0.28722303,22.58,0.28722303,22.58
LToBqMDxjb76dojt3vuLfw9u2mW6kWJdUL,0.33689395,22.58,0.33689395,22.58
LbsCofogBGRRGoyMVimQsqQCkLuEqGNVD2,0.25415489,21.23,0.25415489,22.58
LWPw5UiNTevHi5Bc4XRpgkVQqEwMuogiMy,0.20825,24.57,0.20825,22.56
LVt3uH6cBtEfUMRYhoBa1vyUyJUu84zdMA,0.26936577,22.47,0.26936577,22.47
LhYs78pqmjKnDVTUXHnd2v1dDJNfXrMCzm,0.19518619,22.85,0.19518619,22.46
LLtkWjMpw9rXFUrqzUV167P2vPqi9szukc,0.235,22.85,0.235,22.45
LZZrbNW7B1XnAbRaVkfHzF8kEbj7Fhx8TC,0.19407008,26.6,0.19407008,22.43
LP7urNfEj7YABPGV7N6WUZMLPM53e6WwqF,0.294551,22.39,0.294551,22.39
LPN9JA67YW6WfL3zQ58nwxZ4q76YQUxrD1,0.2629904,22.37,0.2629904,22.37
La1ZAcjB3DzwWPReSmbiRUG5SrnF3Uyfpm,0.33348492,22.35,0.33348492,22.35
LUnwLbgkWtxrLuhAdbd3nLLMTNunDfLxuJ,0.2006446,21.1,0.2006446,22.32
LWJQBKy6oCMReGuUtLE68d2KbDE4oBrAYw,0.21507441,22.31,0.21507441,22.31
LiLHDdnXQfobP4T8uh6oBqmciLKb6Qkbqt,0.34658512,22.39,0.34658512,22.29
LSiwa8gPEk78n2cSWSjkZ19RmThap7WxHV,0.31763591,22.25,0.31763591,22.25
LUfVhUWcMHPLVo5NMsmhJa7KP9aR96qN3p,0.17822003,22.23,0.17822003,22.23
LaPhZmqjKyQCTXytTuWjnmUV18wPHXVwxb,0.26691829,22.22,0.26691829,22.22
LiUSzfMHBra6W9nWXHP8NYqT3coDqMTCzL,0.20359435,22.22,0.20359435,22.22
LhQYuh9NKjJn1g1ddwLNLBuGWudP5n7vTS,0.31613729,21.92,0.31613729,22.21
LPVf4cbBBS6iZEws5C53dZaW2h8KX3tHRN,0.23403303,22.38,0.23403303,22.21
LSbPnaWVWpY6iMgMiBPaTAL3Tm66pQQKNU,0.18916756,22.19,0.18916756,22.19
LKzBTLsSFNgTYFND9oB3fjHaFWYvUyxUqv,0.253563,22.18,0.253563,22.18
LT1LDEmUNbkBU68RYFvDkmuGomgpHvdPrH,0.33175903,22.17,0.33175903,22.17
LSrq6g794tNLGZQfPGNwzgz5gk1wbanfFy,0.34403671,22.22,0.34403671,22.13
LcrWEFB1fEsURcz4icfPL2eUJMARnLcRU7,0.22749342,21.12,0.22749342,22.12
LQvjbF2DSMCvd9z9dP1q6JGD8B28fUKWnM,0.28706707,21.99,0.28706707,22.11
LN48UCq6Tw1TBMxgekvmPgSXGRArZEhFm9,0.16387564,22.28,0.16387564,22.11
LcfTE2bTCiXLVHXS13MQoZr1cJDX7FXjue,0.24435839,22.1,0.24435839,22.1
LNAxxdk9oEzK64wvqpxTDQ1MQ1bViSkun7,0.26216826,22.1,0.26216826,22.1
LLuwfA3o3XPkg3g5RA3nnd1WhbABWgr8UE,0.20225673,25.91,0.20225673,22.07
LNpn95knTWnWG3tjvBeT3z9yJLSLWT2uu2,0.22685908,21.47,0.22685908,22.07
La2AXEPTjYAu4Dx8aaRVcZSRpNkzv44Zmz,0.2353,22.06,0.2353,22.06
LXe4iEmX7ZEdpqfMmd9ZpjSTe8w86i6RwC,0.16864374,22.06,0.16864374,22.06
LfdecnV4bbSvJWeB8VaUk9g3gBpHDhfPES,0.25449197,22.7,0.25449197,22.06
LKYd3KiYovd3nmHe938dYLntvHWzdNmFhX,0.21693957,22.05,0.21693957,22.05
LTLgfhxj27BSyRhHurGSeDzarWT4yPuC6A,0.31475886,22.05,0.31475886,22.05
LLcbQmARhZF433YR1xJJnt7Pu1Up7wpryK,0.33301708,21.84,0.33301708,22.04
Lcr6q2v5okEsbnauHCRGvQnULqGiNngHn8,0.16079,20.01,0.16079,22.03
LMiizmPy9XxG3pyczYqsYE8on2edSzd8Qf,0.1607415,22.03,0.1607415,22.03
LNyg6D12SVBc2J15JxcfQe7cXcZ8phUNSP,0.31342386,22.02,0.31342386,22.02
LZgGyd6EN2XP9rDDzAj51rMYJrWWwH7od4,0.16063083,22.01,0.16063083,22.01
LZ1ZeUJrcuKAWpg9GbuThAFGnAfAK13Vvs,0.31048669,22.0,0.31048669,22.0
LgbuF3mx5C91M2HDkxqMV2jsCYDmCxuwuA,0.2269727,22.0,0.2269727,22.0
LfKWdzafcPFSVeHYZcW4WJfESydaA9AaXj,0.24196662,19.56,0.24196662,22.0
LZnkNNwtbnBn8zXJSdCAwwkRCU8Tio7aZz,0.25,21.99,0.25,21.99
LRwNUuaQFD55m7ogNLXL3A78vKQPgj5Q7n,0.20146712,23.78,0.20146712,21.99
LVrktpHWm8Z4GwstrbZMscAdxYaAEW6Ys6,0.16293671,22.15,0.16293671,21.98
Lg2Btt2gjCVfw6DduGR4LiMTgQXTBdbvF9,0.31252512,22.43,0.31252512,21.96
LZMKwm8wHxZQyMJ4RXxHbJFkMAca9pMkrH,0.2447542,22.42,0.2447542,21.91
LQj1keHUhzHWySfZrgPqeMv6Ur2kDoSrKT,0.28498027,21.39,0.28498027,21.89
LVQt4CJd22A93Fr8RbSpUy6Rn9FSXzoDqF,0.33753418,22.34,0.33753418,21.87
LfPA9MEjEv6ZrJv4u4yzaziEBCi5ZFhwRq,0.2654656,20.02,0.2654656,21.87
Les5WECEc8J6sjHbDK2Awfzw2LSSf4WoJu,0.26442303,21.86,0.26442303,21.86
Lerc2mUAjk1y64rmDD3fChBjdeD6HKFT5D,0.21705377,21.83,0.21705377,21.83
LV5h5665fe9rG6vX6HarexhzhrE4tfSLiU,0.25186033,22.47,0.25186033,21.83
LbMHb2gwDFR1qjoQv9PUzXSHifbv8jeSsm,0.2080671,21.68,0.2080671,21.82
LMcpQZQNETo78nDGRMRRMyuAeZgKxv63PS,0.2517158,21.79,0.2517158,21.79
Lf565aJmcvGCcFjUSYaSJUqQmXgcWqu2zg,0.30753374,21.78,0.30753374,21.78
LiQcdeCpLeTc63ti35eXoPbqpuHZR2B2Tr,0.16,21.73,0.16,21.75
LUnGJiXmirDgpj1X7UopPxU4m35hq4us11,0.22787801,18.77,0.22787801,21.75
LZs8ecaoCUY9i1hgcvnQY3syQ5J9JH25ud,0.21506382,21.74,0.21506382,21.74
LgMw9gYDTWkveAENs1MLxXdzUPUVTZdnVJ,0.24394755,20.37,0.24394755,21.67
LYdG1dkaA2mP1wuuRhKJMXu5Paw4z7xGtm,0.19848737,21.66,0.19848737,21.66
LXrRsP3mK7joSkoYjz4UBDs7u7szFJfESD,0.331,21.7,0.331,21.65
LU4FLmuQ3FmKvVKpsiBL7bV3mt8onRLYr3,0.23674561,21.63,0.23674561,21.63
Lgqm9BBa8jiiXEEVesFzWTTmT6z5kwXDMp,0.16649489,20.96,0.16649489,21.62
LhwGQWb3Pk5qum1Y6zLy3uB6ov3GxwTbfr,0.16525559,21.62,0.16525559,21.62
LgmeYHrHAQZAj1LoDD9KTb2fap3SevDPnD,0.23033122,21.6,0.23033122,21.6
LLr26XWMwvppQvLWiLvi5CRdq8ypakAU5e,0.24682738,23.36,0.24682738,21.59
LKHpRRAtx1aav266tCeopsCFafgfyjqXmD,0.3048,21.58,0.3048,21.58
LT7DDFmcizxQT78EW7pjHLyzBjf6MdtRbW,0.2428,21.57,0.2428,21.57
LWxVkjsoYcZY3D9MUoNjaneDyupm9ukovW,0.2217096,20.58,0.2217096,21.56
LU4nDGybxNfcFAHFhyjEHZWX4ntxjis53F,0.25410233,21.88,0.25410233,21.47
LUEEuqvLX2X4FVPRh1YrMmY9vfhhawK3J5,0.32665634,21.16,0.32665634,21.46
LSuEp7ttGWw9GvUBwywhS58cVcSNcUN4j6,0.23445079,21.42,0.23445079,21.42
Ldf7WYZURDQttjaqCUac7AM9qaX9Ugpww8,0.16719435,21.76,0.16719435,21.42
Le41n52o2Qq67wU3YSP1GumZLMK5meEnZz,0.25401223,21.41,0.25401223,21.41
LU2CGEbKFT44b9hhV3LBJ4VTUgVP1pHsCQ,0.2599,19.6,0.2599,21.41
LgWmzhEcJognjAHNC6nzESeEp1UxG8Ky82,0.32336764,21.21,0.32336764,21.4
LcRgiwwn4xYoViEq8iQTBUZgdzNJwCX8qM,0.29270931,21.4,0.29270931,21.4
LRULv3NWkQqbX6NGyh3bqCV72zVaLEpJgS,0.3094197,21.4,0.3094197,21.4
LQBScCQHQjJYsquweexgfQ7CraEY7GVhyq,0.19589376,21.38,0.19589376,21.38
LghseDKH1Pk5cuhCYhuu6HVMHzowAqh74Z,0.19734828,24.79,0.19734828,21.38
LTtduiucfe84ghosgkouvRqhKj9j1F67D7,0.15968851,20.9,0.15968851,21.35
LaB47pYjTSAwHr1hrGsiPMXhbEdgsgBTuM,0.23145262,20.72,0.23145262,21.34
LSMMrLZdZuwEwsmbpuvuziBThmbXbgrrns,0.3299,21.31,0.3299,21.31
LLH7YmjzFGkkcBZRLjFRhwFbzGDAie8TNJ,0.28,21.08,0.28,21.28
Lg9U2JNZAAW5vrk2ERkhFbjGYsQCEGAsYh,0.1799717,22.41,0.1799717,21.28
LVc4LNG6TYyx9UFiSPVn2kWFKuVPEiGkn6,0.24856267,21.29,0.24856267,21.27
LRfHii74m8hu7pMVMrvcbVRWiHypWEB6TX,0.21039595,22.96,0.21039595,21.27
LPLjWfYgDs37ii3Keh3D5prFJgf3VmHcx9,0.20959,21.53,0.20959,21.26
LekYuf9gcemEKe8euegLb9bBoTHScEAebY,0.17066984,21.25,0.17066984,21.25
LaAGn35QvriBBZkwqkPuReNMHBAwYTRn5i,0.30864996,21.24,0.30864996,21.24
LebLDEGtkPjNBySgopPK7pzKRmScWNqaN8,0.32022231,21.23,0.32022231,21.23
LWGsrHkXdNSpDxPLiYBQudJUmUjVpoo14s,0.19331645,20.64,0.19331645,21.23
LVyco31eVrSHvbtxQHZiJRVdKpUqR6TWFP,0.20131552,21.19,0.20131552,21.19
LbmYVWs9KgDamZa8Per1khcykFLxPubPbF,0.22827085,21.18,0.22827085,21.18
LXxdWZHVHnP97SyjiYYNpGx3iSmutshH5K,0.1927,21.18,0.1927,21.18
LhdUgPEBT9GfrR23f2jMMTjfhzWD7CkiVN,0.20384969,21.17,0.20384969,21.17
LYdp6Fd1LLMAm912hcLrhyfWMoSWtjgQYG,0.1808,21.46,0.1808,21.17
LLTAFcXFPACWn18VDGdBvstexM8aQZ8dDo,0.2174956,20.19,0.2174956,21.15
LbcZ69rEmPFwXhVtKdS9eP59KPNCmbr2ME,0.2499,21.11,0.2499,21.11
Lg9uRt79BdKLZCnUtFFL8T59RxWqTKiLUa,0.29826658,22.16,0.29826658,21.11
LSiJJfH6utFEPBYuCXHX1XhBnwdHbmVxEW,0.16246206,21.1,0.16246206,21.1
LQ28imuywnbTDvknyhoChNBV6v1EmPCqqF,0.29800665,22.14,0.29800665,21.09
Lc6p8hyfu8jqW1UMDsUnvQEaZU573eRnWQ,0.31846229,20.89,0.31846229,21.08
LN372sFQbi3KWtVbp3XpQjZLseFX7NVFGa,0.23681985,19.78,0.23681985,21.04
LWw8BemC4Fzp84pgs2BDKHZp9rT9Ukd5XF,0.18282371,21.4,0.18282371,21.03
LRFLR3VyPB8Y26Xhw1Fz8xKnpgs1bPE7JR,0.1559,21.03,0.1559,21.03
LY3vmkJABtRfnuAjN8ognP1KnJFWkrc2Ez,0.1573204,20.59,0.1573204,21.03
LZXF3XAbgrG1ogYnrt1EbP26PmSLhHRLme,0.15710919,21.03,0.15710919,21.03
LQvNxTNJbWFXXJYcxxjLYY3EdSPhLdu99u,0.32541168,21.02,0.32541168,21.02
LReoBFFp7vr7xte5ArXGGwEoKtLURNi8Wv,0.29689936,22.06,0.29689936,21.01
LTtxecLdUCcHbvCVYGYhyubweTxqMmExJU,0.22506499,20.26,0.22506499,21.0
LfdSC9W8puktKKM5LPkLfQb3K3vA265u9V,0.2399,22.7,0.2399,20.99
LaHtLXwVLPCgVKRXXc13JdxqSxTVmyxo8q,0.3199,20.58,0.3199,20.98
LTbmYLMDkKwRECCYA4hbh6gHruiFHVPXSJ,0.29769286,20.64,0.29769286,20.92
LdhjYmjjaCEa9rwoEmJ2gWBegHJrfJhsZS,0.19047803,21.03,0.19047803,20.91
LZ75iHgSsubHcw1phM9yj8oJyeohJZMVTs,0.19863942,20.9,0.19863942,20.9
LeFBX2eQfaWcQqPXLTuvVCW45wTnpNa2fN,0.19005682,20.89,0.19005682,20.89
LUYExvqno6RsTk4NKFwUEW9VKhysvySwta,0.20322078,20.87,0.20322078,20.87
LTVJe6PFK8zYgoKj7xczxj3NisARpjiQfq,0.19829466,20.87,0.19829466,20.87
LLFE3GTEbWVYYQQnb62XXb8mKKegA3Q6jN,0.23178213,21.39,0.23178213,20.87
LZszpfmt2UDX6vSsauKSiCqJfkwBmPgQDh,0.20403949,20.86,0.20403949,20.86
LUuDAWgEcdAXudUwvWZmeWvcpgEdbV1Lmn,0.2499,20.37,0.2499,20.85
LenTPYtmAUdYzWrK8nZDbAwdp1Hj9FdUAc,0.15339632,20.83,0.15339632,20.85
LevjH5xr8HjNvbXWzhw9uUiiNRbTaDdWJd,0.2181956,21.22,0.2181956,20.85
LXxRDeGkd1VT14Ygp3GsauUUKy4kSDaFDW,0.17804955,21.14,0.17804955,20.84
LRjVoDTSEXESR8oLf73tHZ1QTLk3pLKPrF,0.18030019,22.61,0.18030019,20.84
LTu9asWySMfSLEs7cq1ozBkgxhyUe49RqL,0.227752,20.81,0.227752,20.81
LW5pRZZDyoXSfFzmQBUy8yfyRgWE7SWdJZ,0.32346142,20.81,0.32346142,20.81
LTU7D6n5EKmregmUyCMN9fkd8tPY4Mtp9A,0.32209128,20.8,0.32209128,20.8
LeNUHSiqzV91oCv1EfTHGy86Ls5a9XJuN2,0.16014515,20.8,0.16014515,20.8
Lbzte4XWThZJEtd11M3gdEro3ZBJKts7Ae,0.3136057,20.37,0.3136057,20.79
LSBDSXDyXBawuVtAzAp5StsWbFSuc4pLUm,0.21782489,18.23,0.21782489,20.79
LgYvVdya7Z2QgoBVCmcWHAh5uPhdxPvS7N,0.15288402,20.76,0.15288402,20.78
LX5Aau5niX1Y9Htq7cp56mDtCB51sNRz4n,0.293397,21.8,0.293397,20.76
LN9m7siYAirFetD4xWPSbjuHmjFVqabbn7,0.22977815,21.25,0.22977815,20.73
LXxPPqt5UTyR9KmGs96L3ohBxKFheRCWNu,0.24833428,21.52,0.24833428,20.71
LYV4RrFartSTCAramvwxNC36npedqxYnfE,0.2129,19.64,0.2129,20.7
LW8pbkuSFLgwEz1NcR3bfUDNyKHkW8m5gi,0.2313065,20.7,0.2313065,20.7
LSuQmNQV1qGDTrkw5m5Y1dRuazFJHPC8mP,0.15349761,20.7,0.15349761,20.7
LfHcxEWBq3wYHn5yVMycuTg7qbsH3Cn9Un,0.19765712,20.7,0.19765712,20.7
LX6QApjXt2pM9w1DcofaRsd2YQcAo597gk,0.29539578,20.69,0.29539578,20.69
Lfpe13r5n3jEkY6mjRULrtfvaLLJrfqFhG,0.2913797,20.58,0.2913797,20.69
LYWDzcbRvi3sNkEFXzog2QHNqHUQ9smvAg,0.2039,20.94,0.2039,20.68
LWUc3nzrzxYUSHPVpr81C6kTQkerTSnGW9,0.31841324,20.2,0.31841324,20.68
LakTAVV5d8yqwq9m6inFCqwcPXsfYNrJiY,0.179687,21.04,0.179687,20.67
LcT1MstfhtpJdEhV5ufwyzCrJEo1ugjSzP,0.199,19.93,0.199,20.66
LSkvtC87LNU84yBnNv2Nq8dJmwXW4hF7Ga,0.17635198,20.65,0.17635198,20.65
LhufCp7VLY9Y7E3ZegCTc8aUjt1rHjLnDA,0.18784805,24.02,0.18784805,20.64
LaSSNBmBr7bjGURbwp9DL2mNwu8jFq2UrJ,0.18800901,20.76,0.18800901,20.64
LQbCiQhfhw6Pn9yB5MP3U2oP883Bdsqu4Q,0.20143383,20.89,0.20143383,20.61
LhjbtBKndaJZdGV29cstXZuYot5871TucS,0.19219301,20.12,0.19219301,20.6
LbMP6tTCionVFsaHiw5nYx1fYeTt1m7JL7,0.19679435,20.29,0.19679435,20.6
LiAbEym7cVst3f62zjtSrUBDPv6wVWVVyw,0.2005,22.86,0.2005,20.59
LLhqDDc2ZyPrdXaVnLC9pnsovFRoYrvADr,0.26469188,20.12,0.26469188,20.59
LTbHxPezF7dCVsEmdfgUZ2f1Ekpxx3TaiR,0.2498309,20.63,0.2498309,20.58
LQ7ATGb2PhASprrNXNnayQMPNDdcnAtR1U,0.2299,20.58,0.2299,20.58
LSJ2BayaQahFn4ugYGXFnqikWKq5zKK8BE,0.23046119,20.1,0.23046119,20.56
LezEC7cgB3FaaKhTx7ddGZhhr65dViCR6C,0.2899,20.55,0.2899,20.55
LVT7t73YrgUC5fcuZz9wjQmvFiWJpATCj7,0.2009,22.06,0.2009,20.54
LcKjrKpZwZqdBECBKTQVXCPh6mVKhBsXpM,0.22702715,20.53,0.22702715,20.53
LhbqJHkkwWkcspCUX5UR8Tn7SK37hrHMb6,0.1999,22.79,0.1999,20.53
LfxtVHoDfBibASSZUvJu3zBizVTj837GBW,0.20404618,20.86,0.20404618,20.52
LSYq7H5deQk6UzdyMDtPUCsQaPNJRBXPrj,0.1749,19.2,0.1749,20.52
LZuUeZuJe763mUMVmPNhF95NL58ZBLE5N4,0.29175994,20.94,0.29175994,20.5
LTVHTZyTfH6zrDLqawterrNSGzf1ukbmpf,0.2399,20.5,0.2399,20.5
LiYYdSjmpZyUa1kLpximkWvR7HgA58Las4,0.16,20.49,0.16,20.49
LVGj5M6fUX7buK7zDBmpAQ1ExZ8AbvDgaF,0.31721251,20.84,0.31721251,20.49
LW1MENbbrZmAP9t1tPzuaL8PBzVp34Kvsx,0.31597266,20.48,0.31597266,20.48
LXV7dYaLCw2rkQ5rjB2FTfVKBnP6Mog5c3,0.17831992,20.47,0.17831992,20.47
LNqCFQhQVqSbDhQqQL6EauzdTb2cK6ZA6c,0.17783049,20.82,0.17783049,20.46
LaJKeR4n4SvgVSNZviD2B2QSHhW7uJHp9E,0.26910266,20.26,0.26910266,20.45
LRW1jALSq8jKsaKGW6BbMXsNuStDXBu9jJ,0.31502293,20.41,0.31502293,20.41
LLYtme1YbxGj2ARzEmQuBF2vFFbSdussmi,0.197301,20.4,0.197301,20.4
LUoPS6WUNeV4snNm2gQ8YUCktQDcQa2fKo,0.21371445,17.89,0.21371445,20.4
LfDP6tJaU4rhw2u9Wcq4RigfVZV9JbyYHw,0.19089417,20.38,0.19089417,20.38
Li6e2uzmhkxLffw47EAR2EkjqDCdwKkUDf,0.15899435,20.37,0.15899435,20.37
LViWfLMucXhwEosx6dhArEWeshBbFtKk2v,0.23524178,20.36,0.23524178,20.36
LcaAQA21fYYUXqjbTv6zjbhmGXoi5jBcZA,0.198,22.57,0.198,20.34
LTSqWqvM9PuCGQfw2zHdT3pqKz5NBrKnim,0.17007873,17.48,0.17007873,20.34
LKQFbd8NF45TZZWjexJYgawvdGiWaC7gR5,0.15199172,19.9,0.15199172,20.32
LXxUzmsjwYoUA71WJkxCSRowGCAQpEVvhh,0.2406794,20.32,0.2406794,20.32
LKEVnR4bdsDG3aqkmQqNwvUF6ZmwJseDoo,0.2,20.27,0.2,20.31
LNZUN248VKWJg2biV8oysMkGZw22ETU6fm,0.15881839,19.74,0.15881839,20.31
LR5FPe3ZaUYeMZkLBaHKeQsHKZvJPmLgbC,0.20431991,20.31,0.20431991,20.31
LLjc9ciezJcucw8xU6zC4n4VCywwhKpXtN,0.27108925,19.82,0.27108925,20.3
LZ5RNBDUey3yAe1CPQNMyF1YWnqHVchQNE,0.28559055,20.28,0.28559055,20.28
LN3ets82nATjhn8i18jbfMTAQMjMHfoDQS,0.18706961,22.07,0.18706961,20.26
LWk42XRjAHCGbH3FPhcTdQ3AwY4xXjdGGz,0.15483744,20.88,0.15483744,20.26
Lat6tmGXsCpqahbozqSbwomQa8az33u1pe,0.185559,21.91,0.185559,20.25
LcnNLCEVL79Sc1TF3gouLQ7Z7kzyE5d4Nq,0.23002,20.23,0.23002,20.23
LMpDSx4HVE68HtkATNG9z2HADVyaC2Wn2Q,0.18421521,20.23,0.18421521,20.23
LiR5G88hASYWGmszrK6WLhmmsNfrH5kugQ,0.1579,20.66,0.1579,20.23
LLoN58FCLGtD7SiS72A57NQvBut8orG8Nd,0.26586896,19.76,0.26586896,20.21
La7HPRcep8iKjruKasPD5Q82FG45tbowrp,0.223676,20.68,0.223676,20.18
LLB17EgSgfSP3s8sUWjsA56VZqDCFwSRVP,0.2007352,19.07,0.2007352,20.18
LSgDx5dAPEu6tFacBaZkjkLeSZx3KyYzvk,0.21624511,20.35,0.21624511,20.17
LiFa35BMNzhpWNxUGdFY75EGce4MxQfJfo,0.19252655,20.16,0.19252655,20.16
LRk7onAB33V59bEVi2H7SHvmq33iQ5u8QK,0.1836023,19.89,0.1836023,20.16
LLoyypPGbc6YqzzDNigcMmB7BWiRnuM7at,0.2229,20.16,0.2229,20.16
LN5gmzwEG2YzWgTrg4hgz8dPNcL2Qmc25K,0.15519886,19.54,0.15519886,20.15
LZNYzvZySgLf9npdNAcyp8WbhmU9gwyqXS,0.15884398,19.8,0.15884398,20.15
LYT6avSh4SUB2ER66FHP7M6uHyX1oeJ4Pi,0.19699407,19.98,0.19699407,20.14
LVx3WwPJFFiimTZX3UoRfdba8eUytdUVt2,0.21096422,17.66,0.21096422,20.13
LVX7NUzG2PH4oTCy2pciKJQUyMBsyTer95,0.26288761,20.13,0.26288761,20.13
LSt8xEKWq2SuQ7hq31XH29nJSrQo8fqATw,0.22469923,18.74,0.22469923,20.11
Lfcdb4ETQvpgys6AXfcoXZvLcS13mLaPpV,0.31269151,20.2,0.31269151,20.11
LXQnq7wZViYoZZ7MgtP9UKxGB9cAhZVJpQ,0.16160317,18.9,0.16160317,20.11
LTkFW5jUwF59xUS1rJuC3fEkFh3GwiZ1Fr,0.17378003,20.11,0.17378003,20.11
LSXPAt1t8tx4x7muf9KLfiVY1oLw5rZcKx,0.1734622,19.07,0.1734622,20.1
LSe1oVz31iHZ3R8zMBUv875mYRCNGyqA59,0.23483185,20.12,0.23483185,20.09
LL4WW9Rs57QMMG6kVKquSXHR6tQTBipHBS,0.22497188,20.07,0.22497188,20.07
LewoyTJFw9PK3V24X3q7jVPgvpKWRmFCWF,0.17439435,20.42,0.17439435,20.06
LXf95r1wHga6nXmYJwUvMPWsaYHEzq6mba,0.20627986,19.15,0.20627986,20.06
LiVfurVmJhKEjcgdrRyVDMiVcw8Zsk3dD4,0.19522491,20.45,0.19522491,20.06
LVmamGmAPMTNcSSFPL3JR56jzAsy4VHBnX,0.17357845,23.79,0.17357845,20.06
LbukuT8ESNMnoxdCHrwUskbDTtWddrn8QF,0.29987368,20.05,0.29987368,20.05
LXd4Yx19RZLuSefQMyizPmDqf6yxioa6qr,0.17089495,20.05,0.17089495,20.05
LYrwnorAgkbsL4py7qtzdt5efg7SYrP32z,0.19756977,19.63,0.19756977,20.03
LNwaKMHvtnvY1fTbtrdre5yB8W7gP6a7Qn,0.22967,21.92,0.22967,20.03
LVLbNJoW68pL6YZNaLsowhL6sD7K8L9XFL,0.23,19.85,0.23,20.02
Le3pKHgqsx15AN3g9fuBP7Aa1nSYpkbkXh,0.28180922,18.43,0.28180922,20.01
LeoNVty5KX3mnk6FhGMgP7Ba15MeEG42sN,0.28312575,23.41,0.28312575,20.0
LUZLkT4frfMwdcp24Z7jiY2H6ru5PcM6tG,0.28238616,20.98,0.28238616,19.98
LLUKZrhLzWGw1HRdfmhgvtPeJecTwyTyKX,0.19325306,19.98,0.19325306,19.98
LYhr9ShK7d89UYo1CEk5deh7vM2MDbNjn4,0.2818891,18.84,0.2818891,19.98
LLmXyMJVdFUUhf5DcS5FHrTy4cf4KmRUsG,0.1809,24.41,0.1809,19.98
LNQHHVJwbZkrwzkHJY1n5WtnV1M6HvSEk2,0.190745,19.67,0.190745,19.97
LgF6T6YbdeHFo7JSBwPBvf7kDPYAACS7nX,0.1999,19.95,0.1999,19.95
LXM9P6ChURZskhJDLUmTphHfpUDZ7YAJWo,0.3049185,19.94,0.3049185,19.94
LUcsZv9uzCAQ5NRHhyVHQNFkMhR4PhrYPK,0.23880675,19.93,0.23880675,19.93
LcEy6eA5dt6hec1Y15d9i8BwrkoNLTFv88,0.15555831,19.92,0.15555831,19.92
LWqMzvA442EMXzgAfPNZz4qX1NWsRaLn3B,0.17466369,20.21,0.17466369,19.91
LPk3u16bdx5AbvmiB5afn1EQj1hVxqooa3,0.19754783,19.9,0.19754783,19.9
Ld9YbtssSG7Hz2n6QA7YJgsvr7nbgzwbEn,0.19750425,19.9,0.19750425,19.9
LWBAfT3UdND86GBCMEz21Jg4qXcEdC8pP6,0.21781746,19.19,0.21781746,19.89
LLNBQXfwE4pe8W1AYLYP9PrmE2RgvPjuPi,0.28304954,20.31,0.28304954,19.89
LghhBDJcePAebNyr6dB6ULYbe1UVgXhATh,0.2838,19.87,0.2838,19.88
LcZfQr1udZXcQHxzSrXBDgy4MzrbkSuhGT,0.17178158,19.88,0.17178158,19.88
LNW8rjEzjmiYLpwdCmAMnh7icVQyoFecDi,0.19439573,19.88,0.19439573,19.88
LhPRPT1mdfGYtGPibcRAs1dtP2wUvXusJ2,0.15169043,20.16,0.15169043,19.86
LV99JomexbfWMmyQ3JHnWyQe8ih9bCdyBP,0.23323615,19.84,0.23323615,19.84
Laz7G4j3HoLbAX8yNxTsxByGiCpCWFDtQZ,0.19204766,19.83,0.19204766,19.83
LdVprm26aFxqpsTz1ftVyJzXoL8XAA9LBp,0.15932524,19.83,0.15932524,19.83
LZZ5UHAyuXsqUKguAHSK1UhyatfQSF94ab,0.21917808,19.82,0.21917808,19.82
LZ6ZbTepdMJv9qqJLe9gUrMV1MNwvTbaQb,0.19111922,19.76,0.19111922,19.82
LRgn9DK5A6uonr6HSBT7beFWbpmKrRPWce,0.15469399,19.82,0.15469399,19.82
LUdP2kK5wbJGHBYAwiNc5LwAjUZxDCmMV6,0.21437305,20.23,0.21437305,19.81
LMb1Tefg2ec4BCG6GY6FPB4Y1R8Yyt6o9S,0.21349947,19.73,0.21349947,19.81
LhMziRf5Nd3YJm1zRibXrCbx4cCmnBWFFc,0.2252,19.81,0.2252,19.81
LiLH9JemKab3CZoWoNXUjCzSgHVqgHfQc8,0.28915063,19.8,0.28915063,19.8
LcQdnHojZkrsxWyvzPaLpPzz737J3xQL6c,0.28172752,19.53,0.28172752,19.8
LLgSYnzq3vRigDyQJgiez1sJL3tPs4xdTK,0.16675699,19.8,0.16675699,19.8
LUBWHmLEigZBgpnC5oYhN7uoxy1SkNSefn,0.20419771,20.32,0.20419771,19.79
LchNiiB5GukxMFjTVqiXeq4vD5VZUhqvVf,0.17198117,20.13,0.17198117,19.79
LQpmruQ2voZimBFRiRW9ewD5MCT5kGGf7W,0.19507999,19.38,0.19507999,19.78
LPWEWkMME3caEsM5qWRf4C9JaDQ788fqJX,0.24248702,19.77,0.24248702,19.77
LTjSprRrjBVLt9nd5bERthMAFfwmWC56U7,0.18935423,19.77,0.18935423,19.77
LLbpL6M51mfCpyuJLur5rGPDw2w6rXPPHG,0.29810702,19.76,0.29810702,19.76
LgnDP6Q58rconjmR1zgFhKb9VLcmDqsDHv,0.1931353,19.75,0.1931353,19.75
LZGA79R13q8Nrw6d1G4wWGJjcgXKpYSrkZ,0.2777,19.01,0.2777,19.74
LbnXB6QfkUocMurt9atnHTTh6dA9ugHd67,0.25097201,19.73,0.25097201,19.73
LXbh2oGe8Q6QoqkfLQXBX6wPUqJRbbyu3H,0.192707,19.99,0.192707,19.72
LNDJmUK5nWTuM9DsHp6dBocN1heaxZZKw1,0.20661777,17.02,0.20661777,19.72
LawGTPbu39htZLn6yNauLjYcLdh7gqdxKV,0.17056973,23.37,0.17056973,19.71
LUaPkhf7SFJxcB5sZR112V3Qthb2EjZvKT,0.28045805,19.44,0.28045805,19.71
LSdsnHSuLASCSceqeY2KvzjiwhDxnJJc4V,0.30319109,19.69,0.30319109,19.69
LXvYDmLtMZ8A5Udwvyd9Yjtx1fEb9p1yM3,0.2199978,19.69,0.2199978,19.69
LND2iNMjUwuU4KBPmSyuQHEnnTpjof7vSR,0.27776236,19.69,0.27776236,19.69
LRmCiQwD3z4oByoHjQiJVK4p16sJnqLZqj,0.18276359,19.68,0.18276359,19.68
LTynCoR6jJpfHJrkW5EKSNAV9U5XNypU4p,0.2199,18.34,0.2199,19.68
LNjecJiZ7VmHy21H7LAUz535xnz4rj74zr,0.16462188,20.45,0.16462188,19.67
LZcUbgQBsbzktwac78ZWmkCGcgJJu5oHF5,0.2934328,19.45,0.2934328,19.67
Lex6srwmLeVNLNSd42LFjsimpenTe4fwgM,0.14573883,19.81,0.14573883,19.66
LhqBWSGXa52KRV9LgxpamrAPT41qtxSJ9Q,0.18767754,19.66,0.18767754,19.66
LgZugqN4mHJX3QRCjeNJ8NZ4db1iELzGGZ,0.30252609,19.65,0.30252609,19.65
LW6eiccVhULx1sZG1rrDwULxFV8MNk2fih,0.20585138,17.23,0.20585138,19.65
LeuHRuiZ4JmrebDAc1smvRdGKgFvV8buQP,0.1937956,19.26,0.1937956,19.65
LRvtUBjEpdb64Vv1Gv1SUfV1F51un4oWjo,0.2573,19.6,0.2573,19.6
LZJ2zDfijo32CtYJutn4e7Go4ThJKHCJjZ,0.16495526,19.58,0.16495526,19.58
LYEmqVbHowiXH2158CpK13KuC5A1U1Sd2d,0.27613,20.52,0.27613,19.54
Le5WzrCcDALrmNevDCXdCufDi4WZMdAEKQ,0.2608,19.07,0.2608,19.53
LZYNPXB45yq99T79fsHFPZXdf5r23Yey95,0.15229435,19.51,0.15229435,19.51
LKUvRakEePPaiGgbGySQkdK2H8vEdPzihD,0.21561072,19.5,0.21561072,19.5
LTHKWWb1f5U4MQRivHxZt4rhxV6RnfweqZ,0.25041523,19.06,0.25041523,19.48
LhYUM8YwmrsT5r8x53cJNXSwTXzB2VNAFM,0.29989435,19.03,0.29989435,19.48
LWwz6oxauPDcPgt2KXE9XjRPVHnEtM6io9,0.2211,19.48,0.2211,19.48
LRsAMeC1tRWFF71bNdESQLvgiBLXtQdwoT,0.19193263,20.79,0.19193263,19.46
LXGVU5TecDmG67XSzgBd11tBSyJ66WRJBP,0.26598432,19.45,0.26598432,19.45
LN1qeXKPTcRMfXp8ABYAu3gMLLPM1184vv,0.17044493,19.43,0.17044493,19.43
LQ9UZUq1sTUdJfD2jf4ccJckh6aZ8njonT,0.19462551,19.42,0.19462551,19.42
LfHj72XqXb9y1A4tcstVqeS6wrmVLrDivy,0.24965767,19.42,0.24965767,19.42
Lf32b1gq9FXPgChAT9D7zW6YmkvEKBBLok,0.21416896,19.42,0.21416896,19.42
LTSFXgakfozNq9RhegvYMRzk3XowNR4kok,0.15153351,19.22,0.15153351,19.4
LNQqyGuhpQ3587aPbF55BYRkR66iPnk63f,0.27699852,19.4,0.27699852,19.4
LTGguXknDnpbceGiUbfm1F3Tx8hXz5oUrX,0.1643362,19.39,0.1643362,19.39
LLtiJN7pTnA7sQz3wb1FG88kTys8TdGPn5,0.18687379,19.32,0.18687379,19.38
LVsPndTLnzbX49GGfguLSmUpV1BMxe3Udo,0.2549,17.63,0.2549,19.38
Lh3JS6Es3dwgmm4q3pgxw2XSAcyM8GkYYY,0.2199,19.37,0.2199,19.37
LYonChymHUoa8pUzy9X4YoiMTMSpgXMZTQ,0.14342312,19.19,0.14342312,19.35
LeWEYLw7LRuEGw4rxJu8T9pkvcQX6A9v87,0.27383945,19.34,0.27383945,19.34
LMPsaoYk7HuCvyCfuhS7MfXhNadsU4isWL,0.27220237,19.32,0.27220237,19.32
LdgDBT2vPyzicqNUg5svEfDtmVSKcDWsPP,0.14768771,19.32,0.14768771,19.32
LURZCy234pHggJmpcSbTM6caRGFqaZez5x,0.21379762,19.29,0.21379762,19.29
LXPzs4Pop1QGt7MbPAnVn5XPf1CsjibikL,0.2189,19.8,0.2189,19.28
LQS5YMRkZVGjZdY7rks2sdjTgXhbGg3fQS,0.26982036,19.28,0.26982036,19.28
LVGzA16oWvkYSHR2AGeUETHdG4mLZNUJrx,0.16749435,19.61,0.16749435,19.27
LdMEtrsD2A2D4Xkzf5WzSJWz51xxdwUVfx,0.2019,16.63,0.2019,19.27
LND3GvmPmvrX13hdscib949gK1XxGmL9MY,0.21523567,19.72,0.21523567,19.27
LYKha5N3xrHvpoUhTCG5kN9hNrFksCVgNJ,0.2714,19.17,0.2714,19.27
LasJL14wKmr6ZLTqB9onTaAtbDWpAKb3Uf,0.19876434,19.26,0.19876434,19.26
LUkw8AHG94xRYprComufgwMh6HGD86twaB,0.14281315,19.26,0.14281315,19.26
LTrmKLgWsb3qKdBkTVrgM7Q9t3WoBnc2kV,0.19377029,19.26,0.19377029,19.26
LLw1wx2PhscjkwFwRiDRTFmYiyyBK6U49g,0.215,19.69,0.215,19.25
LfpFqbvUepRS7JDBrG6tJ8x43mmCWkQDXd,0.17511904,19.25,0.17511904,19.25
LNYGQCRm46fQQfHUBPBzaMCQPeAuYQftzK,0.25258237,19.24,0.25258237,19.24
LdUx9ta2B9vibCJnC7cDyDBssADjSP5h1k,0.287612,19.22,0.287612,19.22
LSzSqJvk5TiGrocw5rwch7Rcctg6u9cSFx,0.1413,18.89,0.1413,19.21
LNf9W1dwW1xH3gUUqxFrDFWP9KUVfgzSwT,0.29218645,18.92,0.29218645,19.19
LYmYT5gWpiHfP15SbtpwE3XpNRq4fbCQeB,0.25495578,19.68,0.25495578,19.19
LXLCo4tRmfaqRwBQ3wnujoERoTgRZsjpMd,0.16392099,20.31,0.16392099,19.19
LgHLtpP4XyLLuSyTFo2iiDoJzj9iK2RPmf,0.17972,17.94,0.17972,19.19
LNqPav1TB9dkr1hV18TwyXfCb5nAm5x2CU,0.19714639,18.18,0.19714639,19.17
LZ5a4fWWLxLRxj2kswC1QRvfBg8CSX6szd,0.2499,20.0,0.2499,19.16
LanGCBmD9mZGu1ZNnRhHY3ZnQG6zQd68vC,0.23179198,19.16,0.23179198,19.16
LZagcX2tpBCaYwYK9zYUzGTBqK5peqJzTg,0.175579,20.73,0.175579,19.16
LbNp6L4eGhBNo8RpoV8jq4YJzrNwP5T9jH,0.18200336,19.15,0.18200336,19.15
LVEdi7s6uu4rXwfwRRgYGyCP1bGMXNRa8v,0.2175292,19.13,0.2175292,19.13
LYrSGnA7h8wXrWxcvFNBXRMFbXNyrof7av,0.1473846,19.12,0.1473846,19.12
LLLAh4aagTV2aHrTxcuNapzTiZ53h3AGMt,0.25137199,17.38,0.25137199,19.11
LgTYte9CCDuWgPFAG7nvEop1fzdqbntaJ3,0.2238,19.11,0.2238,19.11
LRL8MaDdDbnbkRYAWuVtZMrYYCCausX1tA,0.1998,19.43,0.1998,19.09
LSFgYHmbBGCxrNSzyNML35TCNCnjFEL4sb,0.25228581,19.25,0.25228581,19.08
Lfd8ro71bCkE9RFPRZLs8ok9UBXsaqrvMr,0.26952887,19.07,0.26952887,19.07
LXVQwP5xeF8T9ECe5K5zDSnBRNXGkpDiuQ,0.174725,20.63,0.174725,19.07
Lck2ear8xFVjwtNkwGQdbEShCQ9wV2evB1,0.16635475,19.09,0.16635475,19.06
LiPrHur5fnkwh5dShZWBt2Etg3CdmPyNTD,0.20306184,18.58,0.20306184,19.04
LS7jVCwExCEd2FKq1Ukwh5AwdRMimqFY2g,0.29595947,19.04,0.29595947,19.04
LVVVjMFCdytJLu6VLXwAJ4VWTKMEGvjTMN,0.29033502,19.03,0.29033502,19.03
LfJPusBYWFtAnNfjsqAztRp8aWKMMtK2EK,0.24964571,19.02,0.24964571,19.02
LgFEHS5RHSRtZFwv4UVhZTFXRAXxyc5CfY,0.1499,19.02,0.1499,19.02
LVMaKRj9vK1hWjahfAd8AxDZdcT2EsjkNn,0.18787515,20.09,0.18787515,18.99
LVeZ2hMRDaH5YxgNvj4XKnZazaWvLp8hrP,0.16577818,18.98,0.16577818,18.98
LeEuT7cYU6ATmeREoPwys5cR4gZB68KEkH,0.14833413,18.44,0.14833413,18.97
LcG34w8pvbKoj8ZQgWJZHiEChG2DSsADMt,0.2173197,18.58,0.2173197,18.97
LTLEE8U4sxVSvxTuXV7uL1iuGK96p6pvF6,0.28903543,19.21,0.28903543,18.96
LeheQC6r2bN6YrHGu5pF89JrLyQkXFMsDw,0.221678,19.37,0.221678,18.94
LhS3MPVqE5xjQT1t5kAHfWECzu9fhHHi59,0.28571102,18.56,0.28571102,18.94
LaxcSi4d8V6jRqk7zEyB3j464fxr8Q1pZF,0.14022851,19.06,0.14022851,18.92
LVGMF7JFa39mHpD6uMa6S1zisY5zvz9ck6,0.20472058,19.19,0.20472058,18.9
LVKTHsmXm1YF9MAdMjcY5bti4NsjYRHa8r,0.19489052,18.89,0.19489052,18.89
LahmhJENs72iPkqu8fFySp8N6mwfJiuqHf,0.18686503,19.98,0.18686503,18.89
LdTHcyZcu95yGdH83ZnACsrzHp26HLG4d8,0.18204198,18.82,0.18204198,18.88
LaBefTE648BscjMyfJkpAfzvJ2XGBQ4Jn5,0.1399,18.87,0.1399,18.87
LKqH9h49wJdj7p7WH7sMPTcyhVMs7WF7AK,0.13986588,18.87,0.13986588,18.87
LhyX4ZHPnxASrEYBfXX31MukKWoMpTEopP,0.23567972,18.86,0.23567972,18.86
LKG9bWKAqkcFHqb9DzLtXP3nJfHEQ9WTbe,0.24578572,18.85,0.24578572,18.85
LUUnBHssRECqWqktiWB55aZ2HwQkJ4WdBv,0.22027709,18.82,0.22027709,18.82
LNd9Hzfk88EdA4XtpjzDbSnFnTaHh1g2ug,0.22504229,18.78,0.22504229,18.78
LL8PwVfJbP476sWvU4fui5QFizC5yPntQY,0.21506106,18.75,0.21506106,18.75
LL4iHEnq3u1uPb9piN1qQbQp3pm6agSWx3,0.27955186,18.74,0.27955186,18.74
LWrKA3P5GbWDAgUEw96q9N3RBBu9oMYRqD,0.24070911,18.32,0.24070911,18.73
LcPN5a21Qw3wVDAHDeLEtukZZ5w8zp8njq,0.14313821,19.31,0.14313821,18.73
Le18jRgjJfQvTuc7mszyT5UF8DoGrUiHHp,0.2079778,18.72,0.2079778,18.72
Le5UgzJFJ836EKVuRs6rqDiccRZx5dJMLb,0.2499,18.72,0.2499,18.72
LaRhdcEyEwcZShdErJW97SwAH4v8hk6gvF,0.17133502,18.7,0.17133502,18.7
LRCP4jL893TDgJuw85kwaVAZRY8FS1ELUQ,0.17121187,18.68,0.17121187,18.68
LdqbVKaazHVQm2QFdf6o5oLufrxuGDAttG,0.15926008,18.68,0.15926008,18.68
LSR7obfUc3P53p9dfbq5UD5MgpEys4oRUz,0.1799,18.01,0.1799,18.68
LY3d1GrmxzdoUvPykgU5BqmYvJ2XURAkom,0.13844277,18.52,0.13844277,18.68
LXSfeJMpmzazM3toiSPwiib4tuc3YuUAbK,0.15900363,18.65,0.15900363,18.65
Lf28FNPAC9CuFki2QdEKgFEXCFCLYVh8Kc,0.28120853,18.64,0.28120853,18.64
LU6VRqu1LmmNNHowVjLGnfWY3GW2Y7FyHx,0.16196918,21.03,0.16196918,18.59
LVg1jDNQP9FNAy65brauaeDr33zqpqsCtR,0.2032444,18.57,0.2032444,18.57
LgHHKHc8hRvaupLNmdz5siHbgPTyWWTPr9,0.21110373,18.57,0.21110373,18.57
LVMzn85qqdamPWx51zLGTiX8Bc3jmdaTzb,0.21711128,18.55,0.21711128,18.55
LZyqYJu9AHX3JSJQuxXsQ5EH5LvSPzgqSv,0.2440136,16.88,0.2440136,18.55
LceFnQqvjGJLwtBYQkZQAydhakJnLEsdDz,0.1374,18.38,0.1374,18.54
LLjhjmJhxMbXdEkteVdoP1z2epLVXPV3qj,0.14465924,18.83,0.14465924,18.53
LKtRAgVhkrnqBSXK5MLU5WktEUv83xLG4M,0.14463942,18.92,0.14463942,18.53
La5ZsqSPzhPQPBdZk7CM7BUCNViJg4BQRu,0.22248509,18.58,0.22248509,18.53
LewsTA1LjcthHUaj7v7ypnW6bLU8Pa7uVC,0.2689,19.14,0.2689,18.51
LSaoHtKzpQ2j1RKHQumEqnQBqAf8j7NK9a,0.21032177,18.5,0.21032177,18.5
LKUYhVPJaeCLVdDpP1GrEXBMzo2SrYz3Yk,0.1799,20.51,0.1799,18.48
LTFvm6AXCdbzEPM4XG1wefUQMh95zBQwUK,0.20337897,18.47,0.20337897,18.47
Lfrh54R6ZpBAk954CG1Chkg8XRkC1HCysK,0.1762892,18.46,0.1762892,18.46
LQijtVen67AejKaD7MqWcNwpEQL9cDeJTx,0.27604206,18.45,0.27604206,18.45
LQzZE4TCrwQZtHxVCGWMWY6ZLnpLqwGq3a,0.2256,19.06,0.2256,18.39
LacWcbcAryv7WDWKZVoJCDoCwo8U6r8dFM,0.1601887,19.5,0.1601887,18.37
LhCyuq5Zha6Z8JtsMygMCuNLcsk3iVtyCP,0.1670854,19.22,0.1670854,18.37
LMKNNRdmTHKqWwRU2hVVEnNyCKyyVWykwY,0.16699435,19.21,0.16699435,18.36
LdCpunCSdTFvYCNrjVSUsP5Dj86T2NGP5V,0.2804,18.34,0.2804,18.34
LVHgt17pDY6VNY4QiHpbVkYxabdrYHqwbX,0.16669435,19.18,0.16669435,18.32
LUzzYPiBscGJfUyNP53Ttqd1pQWRHbFHdS,0.20607028,17.21,0.20607028,18.31
LbDm615PvpNFH5eeo12218SpGYMjRg5Rm8,0.19183029,16.06,0.19183029,18.31
LUxSbMie1CguXzjHJXzfYEpxU1zS48uvYT,0.18100215,19.35,0.18100215,18.3
LU1Bd6K14pQGFH8iSHWLfny4mMY5byU9r2,0.26561256,18.28,0.26561256,18.28
LZfYXG75YSs245Rk3YcGncmDkkPBgQ82jR,0.17508604,18.2,0.17508604,18.28
LVM8WTzhE4kjX4f7rxdaer7eY5Ps5CJfHq,0.19118817,18.59,0.19118817,18.27
LSdokKpV5iFn4DhfT4DqT6mxeEDwv9oAEG,0.2363859,17.97,0.2363859,18.25
LZFpeQbV9YB3YiBFugKdnjEsPzxMnDMswk,0.1998018,18.25,0.1998018,18.25
LeUSmFp1uFS1tUG2qaR7DcPGC7Viw4YEBB,0.15582475,18.5,0.15582475,18.24
LfWipN2NWGJJBEJa58a26ks4ZWuhmMo47C,0.15890101,20.63,0.15890101,18.24
LLPG81y7NyPKGkie3vEVEpHv8npbajEUYx,0.21998803,18.53,0.21998803,18.21
LgBzegFmmMt32kgwMzakfqQ99GKQjrkey7,0.14352435,16.44,0.14352435,18.21
LZUgkvSJCsgJfa4yTZQpJUysmSJZQvURwh,0.21750466,18.15,0.21750466,18.15
LLK3tdJttesjCFPWzx4sJzvzcSBeHjaPas,0.2548331,18.12,0.2548331,18.12
LYFBcaSgPZFPeHLN72PqAUxrKQijxccdRE,0.2174701,18.16,0.2174701,18.11
LUboGHogee9j5RhjRhUALk8ChkhWSSZFx4,0.21690226,18.1,0.21690226,18.1
LVT58inJcNBiz16JN2q6q7WfJS6RwLqsHF,0.19154,18.08,0.19154,18.08
Lh3gp5JSgUEotnz4SwkLgroL4zunXWDuEC,0.2143408,18.07,0.2143408,18.07
LLv8V1dTKVwe4bAmpCCssxNa3ELJiLu7SG,0.21684714,18.05,0.21684714,18.05
LiZ7gyJ9UiH7m3cNZvj3ewJEW8n4VBqoGq,0.21637991,18.75,0.21637991,18.05
LNNaDFUuk39wSxWA4rVQsFK23jZjz3HMsJ,0.21642743,18.02,0.21642743,18.02
Lh6wFtqJvAMcXGjUJwhym6a6FEfTBKCtTL,0.13248456,17.99,0.13248456,18.01
LagjQdfeohkRcdqBhtovdqVke9yjjQobUz,0.16379435,18.0,0.16379435,18.0
LeuYmd4Ejbd4gxzYNHyNtprHgrLVSKr7eT,0.20404593,18.67,0.20404593,17.97
LboszvZFSKcMvhQKPiYAU8k3441G3tfWgz,0.19165202,17.97,0.19165202,17.97
LKghXha3rkHSUZEctwcFFDpRbPw8DKi7Jm,0.19620667,17.95,0.19620667,17.95
Ld1qAVJhkeSwxWG8TT2DqrJUfHz2drWVfU,0.17359435,17.95,0.17359435,17.95
LSgxT6K4sbNg3Vnf23x5ERqzFPpKCCNn9n,0.2037,18.64,0.2037,17.94
LaHX6k7sKq15AXQjNme5tPZAPovoX2XXZP,0.15322903,18.99,0.15322903,17.94
LMwDFsy34X2aY1sTwrULUD2DqGXUn1GY8b,0.2509056,17.93,0.2509056,17.93
LRMGgAAGVrFYJSjT72Jm94KCiaiGzLHM9L,0.21482483,17.93,0.21482483,17.93
LLDPhzaKHWRWySvhgNLSPXcDvkF5NxnWUB,0.26740313,17.73,0.26740313,17.92
LTLTMtpscBANSpwvzPWyuG7XA2xjRsuhUG,0.22930246,17.92,0.22930246,17.92
LS4w9BKvDrdiLBrcwv2SvsCCGGt4xMZ4YS,0.16289435,18.74,0.16289435,17.91
Lf7axSrEAFNjzN3zguZhBFuEkfDpM9pDQj,0.2504856,17.78,0.2504856,17.9
LUHo64npH41uxoG6nVgPiK3sxmiiNpyhZZ,0.17079485,17.61,0.17079485,17.88
Lftqdt614RQTfH9VKKa7GbxT2KNUzYjjAK,0.1986849,17.87,0.1986849,17.87
LZicz2gsdwmkKaRXRbhvSySJD1UQUFdzq8,0.17204122,18.11,0.17204122,17.86
Lg2qHCmK7Eb3zUJvASmtTEKJfWxrUTtU3z,0.27549981,18.24,0.27549981,17.85
LdC6wW4tZxuYgthbfEuZw4Bv8p6SotGtwV,0.26636042,17.54,0.26636042,17.84
LVZrzFXNHEvdzAntqR4XikxE8vNFgHn228,0.27460503,17.42,0.27460503,17.84
LLTcpbvreangsJxXaFGfZPMNJuE9pccGNk,0.13943016,17.33,0.13943016,17.83
LSr4M6xXazBSMgLXWA7tPoK5pCzkzYMAzU,0.25106092,17.82,0.25106092,17.82
LcbJ5J5NA1aenRWAcU6GxbUnDTgb4fCgLW,0.25181958,18.71,0.25181958,17.82
Le1FWvyXcDvtWsvkrbgLr8FeNfiauaTSij,0.27497928,17.82,0.27497928,17.82
LU9FKT9Ty9nm3AD11uwYK8GmBfwwcQRGKT,0.13196094,17.8,0.13196094,17.8
LTCB3RYBGKND36695TQ2HqwthSRwbfdySm,0.25944503,17.76,0.25944503,17.76
Lf1QSanyfaWxSQjzYtQTbSaYTrzHUiFgvJ,0.21293116,18.45,0.21293116,17.76
LSBV5PCpB3Z5eKsn7gyw1SKL4CJ2ERACx5,0.23336215,17.49,0.23336215,17.74
LUGQxYTnPxsBtqzizDqZHtPwqPuxg6CrTK,0.23152236,17.73,0.23152236,17.73
LLzENsB4wHyGHr4QHmy8cx2Pa2tcuCrJsX,0.19596051,17.72,0.19596051,17.72
LKTUmvoNYBjgqwudnVzvb7bX7axoHWxpBP,0.18272942,17.71,0.18272942,17.71
LVt7kpmqCJk6apf2jfA1nE5gVXEpfHRTbV,0.1799,17.7,0.1799,17.7
LVWQ81xKg2Y4pMC2JNowHaajjcjRE4nMR5,0.2389613,16.92,0.2389613,17.68
LSW9wL1VWv22SoVQCuSaMq9JcFGrezU4bs,0.27023868,17.72,0.27023868,17.67
LgFUxuNiTLfFcoXGLMbFU37D4Wvwz8nLGz,0.15880721,16.7,0.15880721,17.66
LeWEfwhiGeVdRRpettzd99qwjTvdmcuBNe,0.13194331,17.66,0.13194331,17.66
LfHFbAnqhRjwjzCjscN3Zvpq7VEkew3z7x,0.1899,17.55,0.1899,17.62
LWbXfHfh4Pz7egwmDQ2wikbGtwvnaUgEvA,0.21301709,17.61,0.21301709,17.61
LaS4UZo7J1mC997UjotUnNUDf34vf9WFhW,0.2659,17.44,0.2659,17.6
Lhq7wvLCix59hdzKZ1E5sbWQJxu7ea43Wq,0.24826324,16.59,0.24826324,17.59
LaFkG3kQPi2jZRL4oZGEH9nKpD1JXtDXFd,0.19798842,16.54,0.19798842,17.59
LXKTgnwUvhUEcXE7bBtHGA2RJpBwH3Tget,0.22746865,17.71,0.22746865,17.56
LZfavfKvEmcU26Lh6e1VAU3YejvvamdHHQ,0.23729813,17.56,0.23729813,17.56
LZToFPYF5vBeu1bDceDdxuDecjcfpiWFW1,0.24735468,17.52,0.24735468,17.52
LY9UAi3Z4VairN92q2WFXWdT78UXutRk1e,0.25433168,18.1,0.25433168,17.51
Lf3phZKbiPaWozoaLggTiBzFCGgKtCczo9,0.17120244,17.37,0.17120244,17.5
LVVmEWJYhnom5Rz7SvsKLwMgcjU8fUPhwL,0.18759139,17.5,0.18759139,17.5
LKfGq73UiaekMzW3dcnyTEh4Y3UnVYwevx,0.19999291,18.93,0.19999291,17.5
LbhMNwHkt7LAMzacUfzcFsuDGs2jGLRGUR,0.1799,16.7,0.1799,17.5
LeXUyhBAHXTK5V9cvsT6Z3u1jMB9RaqqEH,0.15199435,17.79,0.15199435,17.49
LXyx9PUwuEGJrKpTNREfWNFHSf66ZkLj54,0.1479007,17.49,0.1479007,17.49
LQgjLKfhZwhD6VviBHMkB6xvfjrPLT9NeB,0.16741097,17.48,0.16741097,17.48
LgSVEpwpTFBEdktKyETYQMgae5G8BCP9qQ,0.20175805,17.75,0.20175805,17.46
LVriqJxMUwZWr6BJHnktaMDiCc7KHVC41t,0.17952756,16.56,0.17952756,17.46
LWTHZ39P3EZs7K8RW3Tzkb5ozxHHhy7cEH,0.1569,16.5,0.1569,17.45
LLq3wYMa3AtQUBu5zCkQ8esx3bmUcSNDve,0.23177875,17.89,0.23177875,17.45
LSD63KWfMFHgYvvuxKqG9BuLp4nLA9WEVv,0.14752698,17.44,0.14752698,17.44
LW6ZR4W66YRYB15BD46be48JtdRALwe2hk,0.2229915,17.29,0.2229915,17.38
LMtg3By1zyH9wj1jMJ4Pre937B3P1AZimA,0.20548622,17.35,0.20548622,17.35
LZjKxFbwPdx8TCPaJvuYbcHzGt8giDxSjs,0.19775671,17.3,0.19775671,17.3
Le2yRJLUf4N71zXyBeErAgQnVfyAgzE6GR,0.204695,17.63,0.204695,17.29
LQyvDECy859859rv7YypFwxkttaCTTAC6u,0.19971607,17.29,0.19971607,17.29
LapHMRJHNrEmqR7wNjE5H9LxDJFJsmd7HE,0.16490705,17.26,0.16490705,17.26
LctAuRmGGL7ZzBbveBtQAAxQXWk58qr5k5,0.24649726,17.26,0.24649726,17.26
LatsK3h2iDe259phhArYBisB6B96PZAV6i,0.2249,17.25,0.2249,17.25
LPLDUKBnzjnVKf4XZoA3uureCFStPVsRoC,0.16986922,16.88,0.16986922,17.22
Lfeb93Y2Cjq7WneWEbs6kDuUnWgn33bu2k,0.25662704,17.2,0.25662704,17.2
LYCmwrvsyR9JY5TzpU9fuHg2CgTeb6rrbm,0.13423502,15.56,0.13423502,17.19
Le3EnSBXKo3FYRvVL7cWYa7Uj49xtyyVMx,0.20131581,17.19,0.20131581,17.19
Lhg8YQTGAMxrey3J1D1rELvnkv1d6CZRYA,0.2033483,17.16,0.2033483,17.16
LKVyASSUH5W3UqYo8ZisKPp3SbFQHdmVVh,0.25858011,17.14,0.25858011,17.14
LNufZXkrVuy596b5eWSsqopWi8ief146zc,0.1649,16.86,0.1649,17.14
LdeKia2YCou5F284j453XM5r53mR4TGbzp,0.14828595,20.32,0.14828595,17.14
LfNdmuyXhimy3nriWC1pQKNRCRDK5tCNg5,0.23412399,17.04,0.23412399,17.12
Lazk7XPofAgLSYu3fxZRFxXqHMNVRXRw9X,0.1579,18.63,0.1579,17.1
LZA7q76Lk8VWewXYqWgyEHpLyyXKfURVfz,0.18330419,17.25,0.18330419,17.1
LYM2MKDfByL5b9whYb1uR73mG9k2CBPe92,0.24015439,17.07,0.24015439,17.07
LY4Uz25uVksUkjRPiR1c4e1gruqA38k4gH,0.18658946,17.07,0.18658946,17.07
LKstpbhV2qzaTj8aJfiEwBrMgZrXYjGSYa,0.17881907,14.97,0.17881907,17.07
LammRMKtafNTf8SXJysw3aZU5vwZzXLMt7,0.2571,16.88,0.2571,17.02
LPij6xt4GTiCWVQgp2t9PTEYPxGnN7EKZ1,0.233676,17.01,0.233676,17.01
LSLXNNpZVrX1YWq1a69NkaqDCoRdpwB6yR,0.20422055,17.01,0.20422055,17.01
LhAf9hRprUuSLYsw7EeqziBVj3sc1UetWU,0.1754386,17.0,0.1754386,17.0
LWHntXTa7fms5iJzvVHouthDb3pv7DeY9e,0.23995615,17.06,0.23995615,16.99
LMB48J2VSHwcPozbqS3gNeEzhjYKEBMqm1,0.15755406,17.23,0.15755406,16.99
LKtmFfSneLNSf21HW1ptL9zwoSNW5xKaim,0.21832947,16.61,0.21832947,16.99
LhaBo9xEezCufi8d6oCuKsfnSuwb3FimRd,0.1567286,19.69,0.1567286,16.98
LMEjZMR2MnMDF4nwiFhrSPSe6AA7LzCiTz,0.22277677,16.44,0.22277677,16.97
LPiUFkrmmdtMhbRUtXsLZoPqhSmADBeexc,0.22265786,16.43,0.22265786,16.96
LYC9MSKzsAnLjQnHCTyHbDHKPtw3h56JLW,0.16734416,18.13,0.16734416,16.96
LNoNAxqR4YWd5TLVRsmkXpvpEkywpSAJ6i,0.18088307,16.96,0.18088307,16.96
LSPpPMcBctzo5zZM9sPGgFGX4E5PbemvhK,0.20502381,17.31,0.20502381,16.95
LKZUge2KeQrV3XizHeX9qGLvnnRgCQAXzb,0.18507939,16.93,0.18507939,16.93
LV32Jz9MQAfVzTHS8WRM4UqXy4R9Ppfxh9,0.17466413,17.38,0.17466413,16.93
LiM9Jz5kNsnUpFebTq8G2NDkYuRnvNY6xd,0.16659016,16.92,0.16659016,16.92
LUvGTXvzYvubhGdN7RBL1ELCqe5t2J9G7L,0.18497356,16.9,0.18497356,16.9
LRCPMLqJQRigM34PF1BYiiXz3dJjtk8qJg,0.22227878,16.52,0.22227878,16.89
LSDsSerZGZjnk1XzMFfmZSVf8uXaogRiE6,0.23777378,15.55,0.23777378,16.88
LWXvHpugdZ5QeWwETsx7Qf5NK4LRXZHqxR,0.15461178,18.25,0.15461178,16.87
Lc2MQnUBoQy4XRSrE2BBjwvkaK3LYedNXP,0.16973,16.72,0.16973,16.87
LLY1EsmrNMW9Gc44UxQ1yqhPF8XoJ2Kwnj,0.2199,17.6,0.2199,16.86
LaHVs4dXufYhh3G4WNFpLnBhDovu5odEH9,0.1649326,16.73,0.1649326,16.86
LZMt1wg9jDVE1mZ4GNFh2gPN9sXvz9oFxt,0.25153872,16.68,0.25153872,16.86
Lgt6JT8J3Sk9pd2sNTjieyJK9Xg6jPHH7y,0.22510604,16.86,0.22510604,16.86
LgLSbpwF78WbFrCAmPKFPiyNdR1fAZaLL6,0.18836064,15.71,0.18836064,16.86
LXuD5dohgnPYUKFLPCA7zBkdjkn5aQ4Si2,0.16018977,16.86,0.16018977,16.86
LVZ6C1XwdTe7PZxpR3nYpskBhFNFTdGwXb,0.19307054,18.43,0.19307054,16.84
LTYkPF4zWcx44ZxLeMjWewvADwwd4HnWB2,0.23769679,16.9,0.23769679,16.83
LM7tEbv2ekg2WsY3dvi31jYbxt6vBAYVBi,0.22144018,16.46,0.22144018,16.83
LSjh47dxzpZtVS99DjoS2gtJUr8DjqKmab,0.19685847,17.2,0.19685847,16.82
LTWQFzVyke8C2e8WfxRfFh99sx9rQASWg3,0.12253268,16.79,0.12253268,16.79
LdYcfCXnGdpiBvpDvA3UA86n2Hy7Li6MYJ,0.21839254,17.48,0.21839254,16.75
LPwvnDVTx8ArsP1jnrnVSvysefPa1wU8Hu,0.20255143,16.75,0.20255143,16.75
LZPBmv3qFr7Z8DVuZyhEz1ystCJgQ6PNnH,0.23680383,16.73,0.23680383,16.73
LYkzSqKughLNr97De5TWeBR5NxSUXg6FTh,0.18126686,16.72,0.18126686,16.72
LbFmLbaa5r9BZT86V7T17TN7dm23x5gFbW,0.13981907,14.37,0.13981907,16.72
LMXYRCurmGwfUFyjsbagR29y9uBx1S1Y2b,0.24401654,16.71,0.24401654,16.71
LebQtRZydCjbrg3rLjF1nunABfm6ZQ931X,0.12187892,15.17,0.12187892,16.7
LWA6eCS94dp5bBZE3vf1X5vjhmEUvBGA7K,0.16462971,17.83,0.16462971,16.69
LWK4bRoWR4PopzogrXP6fBcGFzvjRai7XH,0.17191834,15.85,0.17191834,16.66
Lf6fC7t3v6mWz6JA2k75yo5yNvNDwVYRih,0.17180721,17.09,0.17180721,16.65
LWGZ81hj6Uf5xb5Y1vWRpy9au7cuSsVn6F,0.1717631,16.65,0.1717631,16.65
LKtY1yTyEPQuSnuswcTHPuQqyBdpVZqufq,0.22110242,17.07,0.22110242,16.64
LiQWmQhh3oMoQVgh5W8v7Cj7vGbkCgMYrS,0.15142297,16.41,0.15142297,16.63
LKnEgz8w12BmbZEYtc58NQKgZPnHdh53rw,0.1513652,16.4,0.1513652,16.62
LVZBT6b15XUK6v3eY1zzXz3WokdhSaAYur,0.1599454,16.54,0.1599454,16.59
LW9ikKgACpqpuf6xQJoJcfQgsXWDxdNjUT,0.2333,16.59,0.2333,16.59
LZkCYRXFDGJnFhzJEGKGoiyxYRkLod1bu7,0.15079435,17.35,0.15079435,16.58
LaQSkkCw3qxEDjpoT51iKe8RLrCUDTq22C,0.1896,16.36,0.1896,16.51
LWwv8942MfoV3YjAcJ1ftGyL9yLaVWmPTC,0.19053469,16.49,0.19053469,16.49
LehZXqPEDb9Dca8yrTYCEgwFCUEVateNNG,0.21679277,16.32,0.21679277,16.48
LWKJnwYNdcTMpEtDjSgT5vdYXCp6s7nAsT,0.13831671,16.4,0.13831671,16.47
LUEbcifxAakfqDHWqTsTvWgb6tDSqms8SQ,0.18814391,19.25,0.18814391,16.46
LTVWHFGSkeoeb1Lq8HpkMGSVw4y88xMFYG,0.1507348,17.79,0.1507348,16.45
LL67f2a7bvtw3nfK1yRWfqJQ3CczG7dSyF,0.23154423,15.14,0.23154423,16.44
LPLY1raLAvvHP7VYiAVrWJzrhBfA7bTtr9,0.1199,16.43,0.1199,16.43
LQPbVrn7AAuPPWFsuu6sK2xqaKiDpd41GS,0.2342122,16.41,0.2342122,16.41
LVd9V9iSojHb3mHBedcPGmwFev4EibC4gm,0.24738224,16.07,0.24738224,16.4
LNLS6Ty3e7ffgFi975ytH1h8yueeKZ3rwB,0.16899708,15.58,0.16899708,16.38
LeZcRNe2Ch1UhqvPy4RbgQj5sbutbFH6GG,0.11938071,14.86,0.11938071,16.36
La8x9nyLNSNdKwX28CcrYoyVSHR45g1era,0.2299,15.74,0.2299,16.35
Ld7m7AVo3RiewtR6mtSExcVG72b8vjX8uD,0.1414,16.34,0.1414,16.34
LMm29DrfSYF6BBCoFnrNKGW7aejmtBLyF9,0.15083971,16.34,0.15083971,16.34
LYrTDfm3guDeBMRLbxF6T8FpqCVmi3xY4f,0.1957612,16.34,0.1957612,16.34
LLt9WFXnPHH1kLnruFZVe1gJ3DWyuodQMD,0.176,16.33,0.176,16.33
LUcfkTK3Z8qVRtDKxqvugDPL8RGd3c6xTT,0.176,16.33,0.176,16.33
LaqoMRUpjan5wPsUCkmJ3WknDfbXMXhsh9,0.16101749,16.0,0.16101749,16.32
LU7RdF12nDv3jAbpKQNVEjKQj1eG2pEGVm,0.19594928,16.32,0.19594928,16.32
LaJQqZQoL4qHwzP53X4nqLw4PMCGzSnYpH,0.14663944,16.53,0.14663944,16.31
LUazdnieAm1SNDWGyxWBVhEiXQXzUzHrmR,0.19305019,16.62,0.19305019,16.31
LXgnt2homoBuZYL9xcaWh4Tj9kSRs1AEFV,0.1999,16.89,0.1999,16.3
LME2Tk5PuE9BYVtEVRm6zLbbiigAeXn49f,0.24611354,16.29,0.24611354,16.29
LdUM9m18qfya8rVzqtQxqPRPoXczdY3u6M,0.21415964,16.28,0.21415964,16.28
LZqaPDJ9hZxadaKND5Bzg9bTbVA7v4kMWT,0.16728979,15.53,0.16728979,16.27
LQV3ymWY9qKA5oWYACQ2w6FZjjf1TEg4r6,0.17043517,14.27,0.17043517,16.27
LX7vMRwgGx99L5ZCS6txT7996PBkC58Gp7,0.213,14.73,0.213,16.19
LVH6Zswk7jUDqnnKmPtqEgdBUJ4oJcJ5kC,0.18101385,16.17,0.18101385,16.17
LS2Zu4pJQGtpq3sri1xMt9fPSCRuiqZChC,0.147,16.16,0.147,16.16
LSZmtp2GyAUQHuanxkApprEMdfbCgruXJW,0.23052266,16.16,0.23052266,16.16
LPSNsuoRaELqfEbdxSZH227JW93ptdpAeX,0.19538136,16.15,0.19538136,16.15
LQPuWvsb11yKjvjLDpPuv3gY8eEuT5YWa6,0.23048782,16.14,0.23048782,16.15
LSDAfv4eis6L9m8RqgYzJt2UXbCxSsi7cn,0.11960886,16.26,0.11960886,16.14
LPYYJcS9322vHz826vyPrDAVCCYRi1vwQd,0.212,16.12,0.212,16.12
LUtGi5k1DTMNMovnkqgparCBxE1NJa771Q,0.22763613,16.11,0.22763613,16.11
LhQacGkoTF6xV61fpSSNZG41VUYjJVzfRv,0.2099,16.8,0.2099,16.1
LTdcXD9ZR4PMbz9L3phxSXJviLp7uW7EhN,0.15283947,15.79,0.15283947,16.08
LQA6dH8mKj1WvMmEft7ypfFtiqUQ6C5DLF,0.2295402,16.07,0.2295402,16.08
Lcvu2HpLMLA8rakwaHVWemRcCPTq9j8CGw,0.16587276,15.29,0.16587276,16.08
LTPdKiDueps1TUDJew2Jg7qUE6TnzHmAzf,0.13473148,16.07,0.13473148,16.07
LQuJ9T81gQbLK65uoc2wn24U8yw5QFJYbN,0.18796125,16.42,0.18796125,16.06
LaNhzMYJLnwdGzMixq2aYy6Lj2sASk94a6,0.19010974,16.05,0.19010974,16.05
LMUy2DxzvigFAU8C619HobHa5VhuTQZwu1,0.11881078,16.03,0.11881078,16.03
Lg9ibxWkZwvPVVo8p5LNiXvtkjQTU5C937,0.16516892,16.01,0.16516892,16.01
LX64JK7Y7eWnQvDnZ4VraCbpV4oxVXSRb4,0.1186604,16.0,0.1186604,16.0
LZfaWxSWekeHwQppwubTeEv1aG33b34qbi,0.22774563,15.79,0.22774563,16.0
LPRMXbBkH34oEYsDDXN9SH1WYTpJvrpUCi,0.18290143,17.31,0.18290143,16.0
LPDz8kLK6eS7DDyivM89xhJhxYLSiXEMTk,0.15618511,15.97,0.15618511,15.97
LdupB25SKtmPi4aKBXHUZ7UTSvktv2nAus,0.21,15.81,0.21,15.96
LgwMsWym8pr23JCFngVxfPc9P9eLL87NY3,0.24626372,16.3,0.24626372,15.96
LKFSkdZ9iPvFXz4vRn3YNL8jjoogy4SaU1,0.22689962,16.28,0.22689962,15.94
LYcGBqQaMqZE1WDuZMWBMvUNY7VGdKf17x,0.24672963,15.94,0.24672963,15.94
LiCNgbttk1rEgdeHDB9zbTPQCShS6hBG7o,0.20610516,16.05,0.20610516,15.91
LWc5xvS9ZmHwVgXH6sw9L4V4nWNA1f1J86,0.11862902,15.88,0.11862902,15.88
LcmYFPSj5W3D72C1rmbYrozgV7MTjfwVHC,0.24578078,16.15,0.24578078,15.87
LfwhXqBTgG7RiWhHExJoRs58fRvsyoioxC,0.124,15.41,0.124,15.86
LfLvgvw66M4KGBXM693uYBkX2Zs37EBXpe,0.19811019,15.86,0.19811019,15.86
LRaoXiFKxCuYCQqrr4jpSbUiWXS5GYKyD8,0.2037063,15.85,0.2037063,15.85
LWZE4zacFLdFLqDgwJAZhhA3as6rwGzRU8,0.18483797,15.84,0.18483797,15.84
LKi4Wve1Ank8bULqD5tfH6BrtwjRsGC3GS,0.24615092,15.83,0.24615092,15.83
LZJSEYTV9tawQYJ4fJJygYKscGwb8CXJto,0.15617689,16.92,0.15617689,15.83
LdKEV4mJdeaT8PdfrRrXrwxXAcFvjJt8Qf,0.2075972,15.32,0.2075972,15.82
LeRZJBhizEGUBbGW4EQ3475y2XJeaEJv6m,0.22567145,15.82,0.22567145,15.82
LQju1akME8ssMKrdVpfBasuyTewB8cfBP9,0.17630252,15.78,0.17630252,15.78
LV37737nvTeoZumaUdq6VWdbWiobDZnmS6,0.13344833,15.78,0.13344833,15.78
LUDKKK8s9oaDHQZgZR1nebHzu8gyp7T775,0.22217536,15.69,0.22217536,15.77
LMxeMSjMBH6PWygVdpJu2HnNwBraLQF414,0.24326203,15.76,0.24326203,15.76
LLXqnEZigk4VjGa5q6Numq21uQRDNQNHki,0.20938372,16.16,0.20938372,15.76
LhHSRcPxhN5wYhvaCRMPTSfX8qcmRKDH5P,0.15899563,16.19,0.15899563,15.76
LZ654wuhk3WJUBcqLuBGibcc4N31Egs6aB,0.22259712,16.54,0.22259712,15.75
LfkyP4saW5HHs1PZSuSkBh2FFzApxi7qS5,0.15843646,15.61,0.15843646,15.75
LXeiDSYvuGXFoYRTdysWgfFfHShykx31Gp,0.20240595,15.38,0.20240595,15.75
Le42zhuHjYDRFPmVNeYieKggKkCfd2zox2,0.184,15.74,0.184,15.74
LNRuPMPTe3HLGKrZPDYZPYfaeTqgWygtte,0.20146026,15.74,0.20146026,15.74
LcXLs5na7ppDhKtNpyx9SgX9vXE1Ft6Bve,0.17568159,16.09,0.17568159,15.73
LV5J6N53KgfaHuMg851G4rZYLEqMjKHU3Z,0.122777,15.73,0.122777,15.73
LeSoWsZUY7hqCZPZQU6GYLG8sPWKxCJaFn,0.20207871,15.38,0.20207871,15.72
LhFBVsM9ac5CMGAipxdxNLViGe2qopL6VG,0.1209984,15.23,0.1209984,15.71
LgPUH8SZKbfZmi1bbE5eK45NpiKdvAw21a,0.12970169,15.71,0.12970169,15.71
LZ8Rvg1EaPRyySN1SphoNjxQdRKjUQ3ZHd,0.24235331,15.7,0.24235331,15.7
LYJ7A6TcokRrSpdXRojbnTbNvKb1efVvXE,0.15613166,15.96,0.15613166,15.7
LfFpof8mcJ3RBnz3vSKQ45JXyXdgrdXWCD,0.24394672,15.69,0.24394672,15.69
LiTq3Po7n7J6354xciC5kniZRkX2mawc5u,0.19039049,14.36,0.19039049,15.68
LYwQ7h56w2QFkgqHcq7WqUzqCADmjbxJZB,0.2359872,15.33,0.2359872,15.65
LQWAEnjvMNLWQkc7diS9YBUU1C7RJwEqVM,0.12526571,15.65,0.12526571,15.65
LeYDrrfZvMZN2Qnpkhu7TjUQ9R1nfZNARH,0.21105657,14.94,0.21105657,15.62
LXW7Jqyc6iCNcczx7P2N6eoQmmEvkhwrKx,0.18479879,15.33,0.18479879,15.61
LhkdVhMUNVsfvKpunwEcWxwo2VVinSq69a,0.11654218,15.6,0.11654218,15.6
La91iz6QNuZzhksaqqEPEAU6VEknFLDker,0.1913,15.6,0.1913,15.6
LhKoKaTP4QRNzX2vbeTa81skXLY3cSYUde,0.1499,15.58,0.1499,15.58
LNJj33LQkiCdz6KPheewHNAin2hccAAJb3,0.16324534,13.67,0.16324534,15.58
LPUtar8eKymPuHs6d2w3KxyMQXgD1XZ27e,0.1199,15.57,0.1199,15.57
Law326Ggmp7AZUg97QJNva1yeKWcbsRCuo,0.11995911,15.56,0.11995911,15.56
Lg4eEyrF9WogkpHE3Xr73mmM33kqc32cYW,0.23709867,15.25,0.23709867,15.55
LPzUYo7ny8HsrRVoYyrWs1vPS5QJgWEyzP,0.13087627,15.54,0.13087627,15.54
LYVu531C7cQdDqy7UY7uAp1oYXm3huKq3u,0.20399311,15.51,0.20399311,15.51
Lbk2KGTwTX7X1c6ccwaeXcrvAkiR9DTxjS,0.21880609,15.51,0.21880609,15.51
LiSm3k19qR8FgXt528g7PotXyLj4L3EKHM,0.14284491,16.86,0.14284491,15.47
LPNif2HsfEEeJ2TRGzo2JW1aPTaGKuSLBG,0.14074496,15.45,0.14074496,15.45
LMzBaB5ZGri1ZHtjtAM3kHEuhU2S34rGcj,0.15033826,14.36,0.15033826,15.45
LdGghAcKNkiZ1FRRE6sYz5hta15ZP1qigo,0.11537574,15.44,0.11537574,15.44
LPhGttyu5WkppzHqUzsRaymarehAUq1Qit,0.13320937,14.64,0.13320937,15.44
LX6QMRWbF2WR4CEg8bv4uktk5uaC5cuYEr,0.2399,15.43,0.2399,15.43
LZWEMRQrJiYyZASvFVDUAc19RQE7BKhTeu,0.12892022,15.41,0.12892022,15.41
LiKsvqHzVYymHryn1gTDTyiu8RKoDq7qq4,0.2168476,14.18,0.2168476,15.4
LdXirG6oahQyU1hFxaVrA3ui8vnZhfXu8o,0.175,15.39,0.175,15.39
LfNKWmrecZjzRNG2Dc6S9gjM8YTbCUjBrb,0.153,14.53,0.153,15.38
LhARrFHAeSvkds1nv6iSYY8PBeqA8WUszZ,0.13748348,17.86,0.13748348,15.37
La9ZQuQ3UxjKY3VBdtunXsHrjYWUBF2prz,0.1391067,15.36,0.1391067,15.36
LPg9yYwGsD83U1C4aSct53zpvJxAaX2UKz,0.1399,15.36,0.1399,15.36
LXUq1eMTWbjHhabVMG31YQNp3bkTPUeVQY,0.22946845,15.34,0.22946845,15.34
Lgp11M8vQP4X4vhBjTTWCu5jpHuvgcaymk,0.14757243,14.78,0.14757243,15.32
LN2wX2QPkhoDLmSaXwhpcjoE2NwAd3jJuD,0.13981981,17.91,0.13981981,15.26
LVtPPxuWNwUM3aWrwH6vAXpgBt5kLtVtmv,0.194,14.78,0.194,15.25
LRKyM69iRwp1fayZ8aB6MX5W3jCvUiN6Kr,0.11643325,15.24,0.11643325,15.24
LeFWd3mru3xpMNnsC2ZudAE3BgB1XW4yQt,0.183,15.24,0.183,15.24
LVWsq2YFxqFLA3MPzG6WCyYiHrguZP5PDA,0.1194206,14.86,0.1194206,15.23
LYEsuwzSJehpUKs9DHsk6ZWWDurWi7GnVf,0.17012589,15.58,0.17012589,15.23
LgxUiSDVoQyfoRysTbCayBQVrnnhcAHaCn,0.18290482,15.23,0.18290482,15.23
LVbmbDoqqTTxiCi8SW371iHyGx1MD66io8,0.12769798,14.98,0.12769798,15.23
LLyxCjgCGLekEtfr3r34n98ydh8gFsMpq9,0.2056484,14.56,0.2056484,15.22
LLdr3JHk2fxvCJH16GtKZeERhFh7unH96Q,0.14567655,15.14,0.14567655,15.21
LREkkGDJx782s5xdbVmiaHbsbyJFVDs3KY,0.18014102,15.21,0.18014102,15.21
LYu2UosdtStToujDCo6c5XPkeMkGt3dYua,0.18260393,15.21,0.18260393,15.21
LcjstHGPmyj5kPQ1Gx3DNGahZrWsmYfjaK,0.2,14.99,0.2,15.2
LPawtuo6z3PRT86VgcBJzFuKdG5qbeL7aW,0.18970472,14.53,0.18970472,15.18
LNt83Vhc3URBLhtJv2oj6gizqJaVLL9TKe,0.158741,15.44,0.158741,15.17
LWgfj7Ek3FLipB9W4WUdiuKE18PieebrEp,0.1817732,15.16,0.1817732,15.16
LUZjSAe5BLvYXxunnRnDbTFg586Sds6rtC,0.14826613,16.28,0.14826613,15.16
LbuCT4N4jizrc6qpVyAFs6SPkz8t7E9FVF,0.14594279,15.15,0.14594279,15.15
LTxw1jfSiBfFMYCda3efNqadKZ3AzWWiQK,0.20725389,15.09,0.20725389,15.15
LfZDqfxK8kRsUkNcPeLT4tJyG8wN9HvCQu,0.14945161,16.19,0.14945161,15.15
LVLiG7TdKryLfctJqqgNRoUHLqD5STVNNn,0.17908309,15.42,0.17908309,15.13
LatUFKgCMqPmpR1WA6mD6jqYDEm9i2Cypz,0.16887226,15.47,0.16887226,15.12
LdCGb6jNjPCbvYUp2aLLkXuamgRU3WDZHD,0.1189768,14.83,0.1189768,15.09
LfvY9Zx2X7Bt6GTV2Bo5CEDLthqhCE4e5h,0.19194612,15.09,0.19194612,15.09
LNnbBwsd7kyDMZNQh9EkjRpwKfDnaVtpBm,0.2299,14.79,0.2299,15.08
LPqAGxJo9UVEBAAorCnTwQ42YGmwEd9ysj,0.16065462,14.7,0.16065462,15.06
LdLQqycXFkmsG3JiUioHCrEkL7z62mfyX3,0.14754182,15.11,0.14754182,15.05
LVmK6C8DbJaGW3vuin1VCVeQiYrxtYHsxz,0.15573002,15.24,0.15573002,15.05
LdmnF5PGf8JurptiUTaxL7vqNjL5yDUtjF,0.17813469,15.34,0.17813469,15.05
LY1pwfvA8Yd39dUkUsL4mmGQUuctsW7WCi,0.198,14.84,0.198,15.05
LgoG22UEMQAkEHsafEF3LgvfpHvp8ZjUxK,0.20667029,14.48,0.20667029,15.04
LdgbCrFH4PL71VLQLun5itQwcqmUtQ6xgN,0.125,15.03,0.125,15.03
LdTzeZPyZLNyWwQoUwibJQymnPfYz8UVqM,0.2030379,14.38,0.2030379,15.02
LaaBzd4QDHtJ3vrafiXPeCbZaEMNeWpMfR,0.2265952,14.86,0.2265952,15.0
Lg4HrfvD9P8Ps3deAmBftfSNmZtuuU9jKN,0.21790125,15.0,0.21790125,15.0
LLuHrmZ8QLbzxahb3xhrvjwzRaKRFH3EV7,0.17295303,14.99,0.17295303,14.99
LTZdzQgxfLjrWrsjwHun56mp1wZnEW1nvG,0.11207135,14.67,0.11207135,14.98
LUViP8qc13sNPaqEJzqybbqXkqzk2H5gFX,0.19564,14.98,0.19564,14.98
LNHeBCGZnredEkMQ9ppys3F1gmNV1YfzGZ,0.208736,14.98,0.208736,14.98
Lg4fELxt6ZiVT6QZhLcAGVf2N1kHPhSm8T,0.14738645,14.94,0.14738645,14.97
LYCmo9vNZY593137nBnpxUcGVM6ofceywy,0.17973847,14.97,0.17973847,14.97
LhU1fveWGkNa5ViZaiBmfEXfkGRmF9vhQ7,0.1565573,15.23,0.1565573,14.96
Lae1J2Pw2nmtLSbpWGBU4sweiegu5U2bWS,0.12536321,14.95,0.12536321,14.95
LW9hnmvQGToNPdNm2AkzYadHBoojLab9Zc,0.17168269,14.81,0.17168269,14.95
Lc1WKoqLChPDwbLkjScW6QDFhxdkCN8oYf,0.18666121,14.94,0.18666121,14.94
LhAc3B3tbfvfLBWiFxJPwSeFX8GXw4YAc5,0.14708462,14.91,0.14708462,14.94
LMGqPA2ZrjZALU92nApmv7MXx41rQZ79Wt,0.13522376,18.24,0.13522376,14.93
LQdvU3JKo8pdaCFigRDpMX2MXKZEpP6D9t,0.23211957,14.99,0.23211957,14.93
LcZtdnWKSXf9QNnFvKrYHvKLWfB8V8gP5c,0.1150541,14.93,0.1150541,14.93
LiHaGhCVXiwBb6rsTp9LfoEgU8FRktsWZi,0.11062115,15.04,0.11062115,14.92
LM2nCXHYHbikUed9qb3NZYUQPhdwH8QUeg,0.13417736,15.12,0.13417736,14.92
LeuJqt7Lmqj6JwdUAHFtBCFJ89GPqofg3B,0.20863815,14.81,0.20863815,14.91
LWey34Qijtz2io7cdPHZXDu3J5cgZGJSUt,0.1455186,14.32,0.1455186,14.91
La9AijaEocwSQKncAa9jHq4Zb8HfZVJVaW,0.14239435,14.48,0.14239435,14.91
LQtetCidcoGEr3bQ1FUDCFN2fQnTHLVpsC,0.16635282,15.24,0.16635282,14.89
LgAfR6h3BSRw3H3tGbSVmygeSSHUDHUsYQ,0.2297573,15.21,0.2297573,14.89
LNtGVsJXP86aUAwznzDNZvxovMDJKGgeUK,0.14485452,13.84,0.14485452,14.88
Lh5zYg2usieA6quKvLDTAbV8RjVCV4ZhEL,0.14315859,14.88,0.14315859,14.88
LgXT6pjuKZ3qCUbaRLqfeY1q2ZES56hBC3,0.2099,14.88,0.2099,14.88
LPc7MGDDVBqmj6iK6vLCuUFeknYeRHB8NC,0.14460742,15.15,0.14460742,14.86
LYNo4gPLd6naEBW4c3SzeHHZnfU1LnJ4af,0.15307439,14.84,0.15307439,14.84
LNV64B8xZyy3DsSXgcrxwZqpayD5C4F2fC,0.15901502,14.96,0.15901502,14.83
LS4b2ZpSKyEtk84t6TSdFsSbnAqJthK8Dn,0.13680206,17.06,0.13680206,14.82
LbDzstyFYRbY3uqrdCm6a5DH9mLQr7U1FT,0.14264223,14.81,0.14264223,14.81
LbJTcgHaY9RYTuk7KJqLDTXmPjrse33iZj,0.11557608,15.12,0.11557608,14.81
Lati5KZymmZUDzu2A8dB8fu8zSeRJxxHUv,0.16974849,16.2,0.16974849,14.8
LUUKtBZUPqjmhtFt47gK1vaeFhJWi9cAxQ,0.18672636,14.85,0.18672636,14.8
LTwS8xHuCF5eZGswHRBLWAgqXUPaZ8vsA4,0.12410027,14.92,0.12410027,14.8
LRvaMWbAmcQMfjup4STkhLyuAbt2kWBuMY,0.19417352,14.33,0.19417352,14.79
LMkUsnqAmAVgpQYJCNdyGCrwLLcWPtTC8d,0.14054012,14.79,0.14054012,14.79
LV1j3LZnru31PU2QnzCTZYyxhtXbibMa9S,0.22804166,14.78,0.22804166,14.78
LUTnLhTBWi5RrfzjvRGE8wTCmimo1Q775i,0.1774056,14.77,0.1774056,14.77
LU4XVfwfxKbWscu9AbxU1TGczi4cYTdkQw,0.10859737,14.75,0.10859737,14.76
LQkJUxQE1jCWv3x52JJWdZ99ntZyvqgAuu,0.16776588,14.76,0.16776588,14.76
LXdaVEiWE9QcJAc3nFYxiPHDA8Q5GX8G6p,0.21996218,14.74,0.21996218,14.74
LguMMTXyWrVkJEuwcWZ6hUvrxtZSxwZD6d,0.19379634,14.73,0.19379634,14.73
LS3G2oHf1vP1jHdX8WascTtuyXLi4WFTVS,0.21259742,14.7,0.21259742,14.7
LQ59M4vB2xZWrntZ6FVqeWDGPtbqCKhBt9,0.14157561,14.18,0.14157561,14.7
LKYMd5srK9XoDLvGPsWTWWAa2xvGyeYqiJ,0.14168508,14.65,0.14168508,14.69
LZxSZrxc4kfhqtdwv6WMQoCpTiBFK5ttNU,0.20733836,14.69,0.20733836,14.69
LQ2x5ovD2CzEBzYj1h7tmS9JEMiDsS9xg6,0.15828829,14.63,0.15828829,14.69
LWvrT5eh44Frs5EV949q96Dj3JjVKx3qg9,0.164,14.68,0.164,14.68
LXDQyy3Xe16BYhH4rorCaGvDsgpHagBTA2,0.13688172,14.33,0.13688172,14.67
LUHbNCFq7Z3WpJjfHA81i9h6psAbUGkVqv,0.17392988,14.66,0.17392988,14.66
Lb4bJgosD583YXFXHJzNHvzBYS3mAaKUg6,0.20598802,14.1,0.20598802,14.65
LSJNMNupi96TMjwDaY9MNsxWPD3ZbWEDGx,0.12284172,14.2,0.12284172,14.63
LVpJ6LZVxNMyf7mXuPPKJt4JbTFZU5KXV4,0.11419435,14.86,0.11419435,14.63
LeLCycxmT3vysFGP6968GeeRoipSjNpjB1,0.12535629,14.46,0.12535629,14.59
Ld8uZdoFKtBppaCCDmFNi34KWRxYtTN8PW,0.16418629,13.71,0.16418629,14.59
LPWoMffHhPhpX8scnF5jHGNaCRiqTeXf2H,0.21185915,14.84,0.21185915,14.58
LQTBWDTtkYt2uGuVyLCCL1f7KMtX1fTtRe,0.1749,14.56,0.1749,14.56
LNXWwhc8nZvpeF5RiHpbBjitpNiT3kyd1q,0.14167545,14.84,0.14167545,14.56
LRkhRjBqa9i9SopQPSpnGU9FnDs4Y8A6t3,0.15903437,14.53,0.15903437,14.55
Lfgy3Yvt8Yk5hRsLEwUEweA6zpEC7PrQc3,0.13852973,14.51,0.13852973,14.51
LhEif3YUuGai7ZmE5tPEcymVNPgQSso2Md,0.15601268,14.48,0.15601268,14.48
LZM5rjKasogQwaR2iN6ZfhdPuoWT5dFym4,0.13169435,14.48,0.13169435,14.48
LRysyv4kwdHFPLmDDKtDfaD2ZUC5TSPgZP,0.17353262,14.49,0.17353262,14.45
LfkKFT1fuCz6rf5Hm5uWV7yoXwvxxnaAap,0.177,14.95,0.177,14.43
LQkzskkQKWVXXNZHEnuTUksrcPoH1KCbTH,0.16211985,13.54,0.16211985,14.4
LKZzTydtkvwQfeFtb9Fv6qNUurU9hNzTZw,0.191312,14.77,0.191312,14.4
LcPMAbc6yQ6Df16J4MAG6A2YE4iVB65gTR,0.16500925,15.75,0.16500925,14.39
LaRwqknjPLHkYLjdKaEWMCdK6VQV6bexbE,0.15490718,14.32,0.15490718,14.37
Lghx96hjLqqW1jwW9zwM4gM6AuD1QAxoF6,0.21348476,14.31,0.21348476,14.31
La6YvFRAmNmTLpSgy1MqyzuWAsJ5Ezegtt,0.13598391,14.31,0.13598391,14.31
LW7uFS6tMzbJC55HQRxUw9gLoxpjXru3AQ,0.159659,14.62,0.159659,14.29
LhqhrLS87cZpUtkPXPGjDcSGXiC9tyXaJc,0.12081888,14.28,0.12081888,14.28
LhsnW6kFrWoZs5EA6LY3uX7Ssb4ACQ92v9,0.12076888,14.28,0.12076888,14.28
Lft16iMPn2NMUMwhneMyvQSe71JwVq216e,0.16771871,14.26,0.16771871,14.26
LUv4LQ3uMLirRVNWrKnW7DtU4auSbZHx4p,0.1359767,14.02,0.1359767,14.24
LWMwBzNnYzwMj4U5MB49Tc7Viyu86aNL9R,0.19554968,14.23,0.19554968,14.23
LS1P8nj6c5aHCKzVbCcxKQQV8MNSx9Jo26,0.21274257,14.72,0.21274257,14.22
LVEc29npvf1TmXE28KVsha39QhzWUNrPUV,0.17257485,13.01,0.17257485,14.21
LLjRVRRQQzEn92oJTHCDRU7Bsff9deTXuU,0.113786,14.21,0.113786,14.21
LMejHk6LVx7728mvDAahDLCCkrBfkE6GNS,0.1355952,14.05,0.1355952,14.2
LTrWt1qHVYraJBnQNnwy72uijtQ2X2hVtf,0.15969081,14.19,0.15969081,14.19
Li8EoeUc6i7m2yyfKwvQbT6Vnsdgu1MasC,0.18354301,14.43,0.18354301,14.17
LWHccQt5QUuKGzsMFvrJ2QaTTemALFdXcC,0.21600125,14.16,0.21600125,14.16
LZdv69zjKuWGE17hKNjMkcJRsvYs5uv342,0.15932673,13.31,0.15932673,14.16
LUEhkbRDZ4SJa2K5o16Ri5f9wvmZNgXkxq,0.18330077,14.41,0.18330077,14.15
LNTdwM8QGmSbH5KNTDxw1ZYYFx87V3j6vR,0.18791367,14.51,0.18791367,14.15
LceHBz9ZDxhNQRDWNzpUubtLdbEwd4Z3UJ,0.11952447,14.88,0.11952447,14.13
LVhF9Fvfz5v3e8f5GvhxZeyQNi74C1ZdAB,0.10473897,14.24,0.10473897,14.13
LbJzNVw4E4Fx7tR3jPJFVXCBSGkan23DH3,0.1829,14.24,0.1829,14.12
LVxFFr541KgZvGDMeGuujhP65gxngLdCQf,0.1629,14.1,0.1629,14.1
LfCs7Bqqo6naCamAGWooMYvgCMZMRWi16g,0.13592981,14.1,0.13592981,14.1
LWdFpFFikht1grQGyyH27xfrHDdKU8xHEx,0.19893593,14.09,0.19893593,14.09
LXoCTmb7o3QBWQckPH2291EeckudfRefT2,0.10347044,13.83,0.10347044,14.07
LdJxWdmnWCCdAxDfL631jEKeDPYxA4x5pP,0.21688099,14.36,0.21688099,14.05
LbqF7VFkudLXEJfubYJtKeKsv7GNTXFeA6,0.1998544,14.34,0.1998544,14.04
LhYo8dWXrYrkNZBBLKbkiHM7j9TnSjFUXW,0.16814629,14.03,0.16814629,14.03
LPTHHkrrL2Nhd9TbCxuecjarjhWXgNh6Np,0.20026291,14.02,0.20026291,14.03
LYAAQeDbpXZtC1u7QEGWxmALchVAVYWacx,0.217,14.02,0.217,14.02
LXBjmWYzbUHmb68MA45uirP85z6vK5VgMF,0.189,13.98,0.189,13.98
LW4Mvibq9u9bomPvfdHxqfShHU1Sj17fvt,0.1102232,12.63,0.1102232,13.98
LeMeDnZoAQSr1Y3noahV1eLuDpPsAnJnvo,0.15050241,13.91,0.15050241,13.97
LXdaMvtaC5fW7XvGNjeSXoMdhyBDJtthaL,0.11659661,13.94,0.11659661,13.94
LhyqCCNVMg39jzz6Ki3U1zWHAKLA8PjwKy,0.208519,13.94,0.208519,13.94
LeiK8WVtiBsUPg3eJwiczUYHtY6pK5V9Zs,0.20356,13.94,0.20356,13.94
LLpGf1ds5UfUXFiNd8xKFboYNByBKWeKxU,0.12054097,15.12,0.12054097,13.93
LZ2TXET8kxTSARZLpRcjSYixb5Uw9tNmEb,0.15676035,13.93,0.15676035,13.93
LLQctq8WVB1EFf4oLVug5m9nXSTw17APS4,0.19784692,13.87,0.19784692,13.87
LKZFtW3ci3frt7gmUa9xwpWsz7bCr5o7jp,0.1199,16.43,0.1199,13.86
LVeMhhFu5jA3xjYArPQaYfDSpUS71eAksC,0.1663825,13.89,0.1663825,13.85
LN8aomGtZrrr1HH7a5boSoXLm7jhvL3Pjp,0.10817704,13.85,0.10817704,13.85
LbMuRcz4BEEDuRdt4McQmnCKGGHCeBQuAi,0.116667,13.58,0.116667,13.85
LSjr2Q8epy3nXk3FoS8NRYDEuNV4jRhJ9L,0.16,13.85,0.16,13.85
LhDN5DDzQo6yyb9X5Ak2KdiNnM9h6dCuFp,0.15011765,14.55,0.15011765,13.85
LQvEUqPaJQoiMws6KjY8V79pNV2ocfpcpa,0.15581833,13.84,0.15581833,13.84
LQQeEfHxJrUGhDNYucb42HobN9S72VM2Mr,0.1599,13.84,0.1599,13.84
LgSxeDRNySJYUbiWmR9bUPRVxKm8QwX9VZ,0.12587084,13.9,0.12587084,13.82
LRq8kDB2LWtk6tWn3qyNnUBSekcsKmHUUW,0.1844,13.48,0.1844,13.81
LVqNRtYoRyVNCVqA8NJvMDjV8fpWqPBqhe,0.14796824,13.92,0.14796824,13.8
LTw442nVC4ZoY9RjjhP7eWY98AHQM2TCmb,0.1192442,13.26,0.1192442,13.8
LXdDnW1CtFE3gxn5RYCX2tNtMYQ6u1XBGw,0.1062926,13.79,0.1062926,13.79
LT53iZH4LzjU7iwUHjhuHxoSvERhvMwRfo,0.13676798,13.78,0.13676798,13.78
LabAWmtsMZEDQqYBCzdS6V44AwgcsgteQC,0.10292438,13.78,0.10292438,13.78
LWHn1FJkwheWhfoJNmBWc3rZ5gND5biyZY,0.13700074,13.01,0.13700074,13.77
LQvDYDTsBo6MzkNtWLTT4AUfoVUkFDcmUt,0.12463764,16.81,0.12463764,13.76
LVGEKV6ifCGswGjv1t8w2zmPBGWPyHjpLf,0.2138,13.81,0.2138,13.75
LbMkWVneBDaMQFTmN3ckvamCuxrc465cBd,0.16050191,13.74,0.16050191,13.75
LhnvMoCETeansshEoft815i9wHEDFEC5Lj,0.1669,13.75,0.1669,13.75
LUf6zhu7i38frg34a1MT6zDkkHw2gR2LAn,0.1305,13.74,0.1305,13.74
LS3iEGRdksuNUCbcJGKANvZE6kuiQcC1S3,0.20537352,13.31,0.20537352,13.73
LR1dmzPyZY2jHfZYFYHeeLL5ueiqwdK1QA,0.13497687,13.72,0.13497687,13.72
LcrY3YRXRq8Yu9zFqEgjWSvFDscCAEzzFc,0.10574549,12.93,0.10574549,13.72
LPaoR7kkGhnGE1QABN9nQahiyHyg746sMs,0.12661009,14.94,0.12661009,13.71
LXppAGcYXnSQo2oYr68amS8wgisH27VhdX,0.18021264,13.57,0.18021264,13.7
LYRbJbwwxFMSZNz79ZoRv8kmyQYJRaV5s7,0.140759,12.98,0.140759,13.69
LMKbLrW2UQCupYCH4HWA8UecFjRJn2S2K9,0.17857483,13.68,0.17857483,13.68
LRyFgAkADcFMSJ7AigFaSztm9A1j5dxuxr,0.12808827,12.78,0.12808827,13.67
LNgWvyvuUBWbDNgt8B8HM7bdF2kZdCSid5,0.10090795,13.61,0.10090795,13.61
LY7jfqdwAg4wVajxr6D13kmz8hb6G98PDj,0.1328476,13.47,0.1328476,13.58
LM6B9xpSUCpWzTe3dKJmQ5n2edaW5K2DbE,0.14229814,11.72,0.14229814,13.58
LPstb6Gpu2b9iyAJ81Q2Lit2Nxx5cQvWda,0.1299,13.56,0.1299,13.56
LQ1aUjUg5TB7ecATXbjKe1tDFbzntay84A,0.11577308,14.35,0.11577308,13.55
LfyURyuZrEBnoXfnYXS7XFLhjEvaUmpQTh,0.13326502,13.51,0.13326502,13.54
LLioBK8XFmMPjFCfCuzsMqoG2LMdPR2Q26,0.14982049,13.52,0.14982049,13.52
LViTb8KvHT4sJ9W7guC1TsAa6YeG2EJHWa,0.13031883,13.52,0.13031883,13.52
LfyBYqXnsQW1VsHNLn1qLnhxENHwLkeJPp,0.10745343,13.51,0.10745343,13.51
LQdYGfjvD9FuzVEZk4Hzqs6Lpv934XjUCu,0.20370876,13.23,0.20370876,13.51
LTXusERzMCMFrr9QkniyonBqadcxSer6gN,0.19213391,13.5,0.19213391,13.5
Ldgoi1e39sFAdjJqrpw16XSYgX5sLA3MNr,0.1499,13.5,0.1499,13.5
LUwgoxJsk6AosCYUEd3SaCsWZKMDVvqBBh,0.1,12.98,0.1,13.49
LW7j2oaxemdJcFJxFWis6h5we8LeByt4Lg,0.13263496,13.71,0.13263496,13.48
LZAAtehKuXagXcrXhgpLWPRCXZhDx9g4Bg,0.17602765,13.02,0.17602765,13.48
LdrHSmSQ7hGm1YZTUYZTxdoXxC7BsBRdsF,0.19242324,13.48,0.19242324,13.48
LLwryYt8hb9g5QYBNSeBZ2C8KCNiPsmysH,0.14749263,13.47,0.14749263,13.47
LNz8nzYRPdDkeqU33G1VX8RpBFRkfBa8N3,0.13322532,14.24,0.13322532,13.47
LYAQ2k2K3M58y81YFUQcyb9sUHmp1VECr6,0.13153494,14.45,0.13153494,13.45
LQzCF5EjVdLgq5Her6kuz8eQFnk4zVwwJ3,0.20104983,13.44,0.20104983,13.44
LRLrrT6iATKGu6JyPTYQtDp5oXgTgjUaC3,0.11594302,12.74,0.11594302,13.44
Lav2zkWXirLaaa7xiWVMMEv4hokW1GweDt,0.17196486,13.44,0.17196486,13.44
LNh45mss5AjASVPEaJfJr1ot5MgHt3gan9,0.14318939,13.1,0.14318939,13.43
LKnWe3YtWyt13KyQPzhSk7y9hakZzS6o2n,0.15,12.51,0.15,13.43
LZzWHSmmKG7pnXZyS6gfqYPEUshPMAYzhG,0.19600161,13.42,0.19600161,13.42
LaSyZjrmfxDVuTuH2ruUJ9GPoGEt7Foa6q,0.149784,12.49,0.149784,13.41
LLpQ1HHUHtuvcQMgZm9TVi8tCobELbCYYw,0.176256,13.21,0.176256,13.4
LRaUD9XJjogT1njdFUj1K317cmg7uipFij,0.1625888,13.39,0.1625888,13.39
LThMjzg3Wd2zfrEARfgsGfb6U2woimVEmp,0.10465303,13.01,0.10465303,13.38
LWvJ3dUcyYEP3WNByP2XL2xGccaDMLGGFr,0.15450775,13.37,0.15450775,13.37
LQw1RzS9urbrNAq2nGVGXfJ6MVAyJgwBnj,0.14808805,13.44,0.14808805,13.36
LSaHEBtBh7Jf7dqztrPnYPkCmomJj6Gf6L,0.1069435,13.36,0.1069435,13.36
LYzzEHtsmUWHVpxSEGALSehFetEpcrCkZ3,0.1904943,13.34,0.1904943,13.34
LazF5URTcKmvpefv5CZvjexLsANuMv1fSa,0.1299,14.81,0.1299,13.34
LU35v4r3UgroPxbN9xX56Q7xei9dsyeRKZ,0.20535135,13.34,0.20535135,13.34
LZBKLgrHRieHozPdoBDXA5tU98in7EHwKi,0.13939322,11.67,0.13939322,13.3
LNwJjPyPQY4hTzVSXBQdT9iaYSLgufWhR8,0.13690195,13.62,0.13690195,13.27
LQPRdYbMzSn19LQcJb4gWyqnM7J9fmdKai,0.09836956,12.76,0.09836956,13.27
LMAyMNttoxDDUNnuDgwJn8HkyzcLMddXCH,0.09669741,12.03,0.09669741,13.25
LV5kJgSc1xFkLss8zxo6HxKYWrjUwYMqr8,0.1978793,13.23,0.1978793,13.23
LKzK4pJvw1CdxDKHVT7pXG3UHkJp2i3CQ2,0.14302362,13.5,0.14302362,13.22
LgRD6Mw8ip52y422w3UdV4a18zuWsv6p7V,0.14086033,13.21,0.14086033,13.21
Lc734Q8yop6UVZr8SgYSwYvgVDYKLF9yB2,0.11522429,13.23,0.11522429,13.2
LdfiAnYTU9kKtw52G8BcZNmT4Ww7XiBSxZ,0.16186079,13.2,0.16186079,13.2
LNLEJycfnUHNtP49GRHamHzosZcHh4DBHk,0.1695904,13.19,0.1695904,13.19
Ld1rXRzkyEjnxFMosMDpVCKUcrQPyscUww,0.1078666,13.19,0.1078666,13.19
LT6KFbEsQDeJMgC64LFzCdV93S13EkkvAd,0.11563264,13.38,0.11563264,13.18
LZSijCBGPxNJpMWpDQqY6pxFEQawRvHdQt,0.1299,13.34,0.1299,13.18
LhUzpxqj5jtQKoA6UnrxjuaVob968yXX4X,0.10873656,13.17,0.10873656,13.17
LfH4S79HMYX31aX4tDev32RjZJhYDitucP,0.14817603,13.17,0.14817603,13.17
LdmWek5hgMD5n7SvAjpR6m8kyRXnFowUaz,0.16442625,13.16,0.16442625,13.16
LZejMRuZnsaEP3SseoX9WSfugXDAY8ThAb,0.15912021,13.43,0.15912021,13.16
LUpFXodTJWXmhKr2Fy3UfKUg3w5RKM4WV9,0.16826804,13.15,0.16826804,13.15
LXktYYPGjp7zQBxoHoPjnpVGdiSTg82MEV,0.17135257,13.14,0.17135257,13.14
LL5RT9pCNofnuD57xJW4GPgftcF5s5pyp8,0.17944483,13.12,0.17944483,13.12
LQGxU8AiU9Un1WAB36dfZTqXuDxbqQ6sc8,0.1999,12.86,0.1999,13.11
LarMgKJpqB7QRnysny41JogpcnPmauwtEK,0.12101672,15.2,0.12101672,13.11
LLL42sy6hWYrdaXiTSRY7kPThu4i6wjbGH,0.19795575,12.98,0.19795575,13.1
LKdXAixPmMMkq39kYE8dTtfRZJbdZJ5xvC,0.15734688,13.1,0.15734688,13.1
LNmVnbKgUMcPonS15Hr8ikcgJEDTXyswaS,0.12812902,13.0,0.12812902,13.1
LVVxbEjxfWcDNy9cMNrMLiE5JnZohxoAPJ,0.12554038,13.02,0.12554038,13.09
LbCWnvTZAZg5YnBzNeNnntZ1SD2qT1kqZP,0.15701988,13.08,0.15701988,13.08
LTJE9SicVaiopN8N5fofxqUv9asommfNV6,0.17177779,12.87,0.17177779,13.06
LenZCPZBSPkRrET1ytPeSDwo1JTMAmjrp3,0.12970045,12.32,0.12970045,13.04
LTsXPSWxi3txcBJP6ffFzkqqJfuc7aMs2S,0.2005141,12.72,0.2005141,13.02
LUQnZCh3H1NRrSamrPM6LQoCKAWivLoxWk,0.09501147,13.02,0.09501147,13.02
Lc8QWeinNSE47QJC1f4FeN4yyFLJg8M9eP,0.15025092,13.0,0.15025092,13.0
Ld7Ev71rSmDyctoTVFL1nosBcsc9wmmzpx,0.1199,15.06,0.1199,12.99
LQf5CUAxNMfRqC6mSej3metk6onQxEutwU,0.11672061,13.16,0.11672061,12.98
LS1jY1tJFJ7eez7Qap7Mea9bHKqKXkL9ng,0.15366537,12.75,0.15366537,12.98
LL2MVrDwgjGFRdJhwsnwSwZjYRtNsYtwto,0.11813735,12.97,0.11813735,12.97
LUdRjJTpig44YYrtBYeoWMFZ3ugJnNbjiT,0.14887835,12.85,0.14887835,12.96
LL6ziqjUhoCbzkvHZuwzXWmJM4f45gF9nD,0.15734251,11.86,0.15734251,12.96
LhbDAaomb5twuoZiC2bufzauFqvEREtwZX,0.15670594,12.96,0.15670594,12.96
LTxkLJykV6pMsj6MyRwmfPMsvzwwWpYHqj,0.12460061,12.95,0.12460061,12.95
LemkTSGKb9kRLQ5YcQ23DUq58Z1EFL8JqW,0.19349647,12.94,0.19349647,12.94
LddJg6b6y9rg5371aGnguTgjSgb4WUhBz4,0.14443114,13.23,0.14443114,12.93
LdCHirMJ4VFfY1xsvSuWCeqdEKTbN9TcYg,0.10565591,12.92,0.10565591,12.92
LgRypXfRn7VpGAPiFM58ksKSiSd6y8BQhK,0.10838521,12.85,0.10838521,12.91
LNEfp2dQz4Jh4mG9RzfresyQQukagamwqp,0.19310063,12.91,0.19310063,12.91
LMqQi5qTi9hDU8SRBD2yGF7JUh2hZ3pKNk,0.1281,12.91,0.1281,12.91
LeEnzKXQUuQQoFXDELfuggzaozKjjQMbLP,0.12716198,13.06,0.12716198,12.9
LQxCfok59bAnTqzX3GSCTUuj6BGCe6scoF,0.12707722,12.89,0.12707722,12.89
LVE1CF2pugDDZFyXaVFMNZLKBxGWDi2gpp,0.1525527,13.14,0.1525527,12.89
LbhmRkAgrSzMBcC4jPy9R7owjjvLZRnoaA,0.12246244,12.65,0.12246244,12.89
LbSEGs4Ug5qCyoeHHFRbHL53t5jz7beid5,0.11014543,12.88,0.11014543,12.88
LW6sPXUWHBfPMPkfv73j3z81D7zDZJ223T,0.18175487,12.88,0.18175487,12.88
LY64XgLLVAVKU759VbqFZmu1vsavGhsiUb,0.12699502,12.84,0.12699502,12.84
LLrrmu4WsKCiT6eNsnizmVGbytrjPGV5X7,0.12347044,12.62,0.12347044,12.83
LcqUwzmACdrDM6TzfzWTzywdPQECmBjVMM,0.19547084,12.82,0.19547084,12.82
LX6gbWfGWpBqZLZ2DtCtBkMQNcrepSPdZq,0.19100726,12.8,0.19100726,12.8
Lc4utaxHCJssjZQxUe4ELPhNva5qfK6ePK,0.17093402,12.5,0.17093402,12.8
LRw8B5iQZ9hhTj6KTqKUa5jPbExnfgyi2z,0.09786044,12.8,0.09786044,12.8
LQ5kX2Zej4wH84yDiEnEUPDfgScFon28ir,0.14922732,13.04,0.14922732,12.75
LKEo4pc1rAsJ2WE45q1ULkE4s6xVp2A9SW,0.16928096,13.07,0.16928096,12.74
LPZPWHdPqS1cmiYzDtnBBxAwcwfAXUN2zw,0.13946994,12.74,0.13946994,12.74
LPzELCipePJMM5qnn58aMprCpHf4KnBAVN,0.14917981,12.99,0.14917981,12.74
LLBsBmrrWyhTYbdWAxZvshMM9Jnaa2PdPK,0.09912314,12.9,0.09912314,12.7
LfL1zdZjcHM82GKAAVcgVJzXEq5EMPYuPT,0.143756,12.66,0.143756,12.66
LQnm4miiDpFkB59LSowBggBHNUdMz9RWA9,0.16405366,12.77,0.16405366,12.66
LdYVmBM13girZx9HF9YJqiuARdb2m3PUja,0.1259,12.66,0.1259,12.66
LMuZCezXq2ffF1vzHhJJNimAvbD6CQcUmw,0.12251435,12.65,0.12251435,12.65
Lg8mBhmCGq8rwzfzERfCc7gpFjuR4sxfwm,0.09876122,12.65,0.09876122,12.65
LWzNH1agC2sQz3hkpHQDRvSfrSXthKqDjr,0.11509221,12.29,0.11509221,12.64
LSyzZRxkHqvG3iy2fE2JgraXSWkWRbAJhX,0.10118282,12.64,0.10118282,12.64
LUgYRKt36vtcVs17fb79wqHd24dBsCovXr,0.11995825,12.06,0.11995825,12.63
LfqPWySgkyePQou71vZzd9AXwceuH24EqW,0.12552019,11.24,0.12552019,12.62
LYjbZKSBtMF7FXFCg5uSJMq287wqDNJJsS,0.17820736,13.35,0.17820736,12.61
Lb81Tw7nkhADPAvLfAHX6WSZkpCK9uUxrL,0.16589465,12.49,0.16589465,12.61
LiEKK5oZEEhSeKcz8xyfTFVBNm348YZNah,0.1899,12.33,0.1899,12.59
Lfd1jPuMRSmTTitvbLZErGxzCizfx6kSjP,0.10288674,12.93,0.10288674,12.58
LKenrfd7qZAXy2FmcEdY7ttj939iUY9PjJ,0.09619037,12.58,0.09619037,12.58
LWEEAh5v6ghnYTtF8kMxVVx4aws3f6bqow,0.10551092,12.58,0.10551092,12.58
LW2SvnvoMXwcsrNKmkoPw8HoTwcgu995Ap,0.10743907,12.57,0.10743907,12.57
LRZXhoe8mcuBhh5UYLQpRCAaA1Rksykmas,0.12914057,11.99,0.12914057,12.56
LKPVfKMb5cpEkmab5UgyDEHCb7FVE9iyeK,0.13572936,13.15,0.13572936,12.52
LVQCiWxGLkqj5wgYX2CrDpXyXAoREi5tq1,0.14199079,12.99,0.14199079,12.51
LY4dEMuERPYaL2VStoYCSBekHuj2MnLbgo,0.10225119,12.86,0.10225119,12.51
LNpsy3yEZMem4ozPQhzSuFhA8YcVkx6wE3,0.13550711,12.5,0.13550711,12.5
LPRRyCDhTbeE3D7DGRJcMsWxh5k1cfrc5o,0.15330749,12.18,0.15330749,12.49
LSJxEtnpu2kjFpPD3rxNYbBPqNJ7J4GM4L,0.11229431,12.66,0.11229431,12.49
LPsv78k7VcB876PLTFCxGRPVG8xErZzv7J,0.1616,12.58,0.1616,12.47
LfUkJC9jSMjyXFfmkAKG7X7ZiBKyuG62tZ,0.12180809,12.72,0.12180809,12.47
LPcenPgNTgMEGEoHWNnbbQX6F789ykhPQJ,0.13969139,12.38,0.13969139,12.47
LMrM9VdRVYGYWt8whqH49AZEnTi5eEN7q3,0.14353329,12.8,0.14353329,12.44
LRZcnDTeGZRZdNWWCFk4VsfE3W1qNk6ENz,0.1492,12.69,0.1492,12.42
LU2giRjn1YCboPvq5TthDjs9oGkzpgrDWi,0.09941526,12.42,0.09941526,12.42
Lb6vzs5jtabXJQAq8G3ffxVyNLyE3Y4zSd,0.1083453,12.44,0.1083453,12.41
LKgWF1bKhTs47oLjGSWyrFf2U5ZhGzzg2S,0.12105927,11.91,0.12105927,12.4
LQnWmgBQQ5opQD2RGD3gz6wAYwaGLBTKCj,0.14675075,12.64,0.14675075,12.4
LWgRH43S6UMy6bcArSki3dD9Kbp43h5WkQ,0.13411825,12.66,0.13411825,12.4
LVrj5dMsV1SnVGc5oc83vvQNLWQ7NmWHyW,0.18724935,12.28,0.18724935,12.39
LYj9V4XH5dNbFqCYajbRKYkdHy3JUeVPmS,0.1049,12.38,0.1049,12.38
LU35EpkZRhfgKh9Vv8kKBSS1eM82E1X7g7,0.17887446,12.57,0.17887446,12.38
LMoeZF2NMsghiUU6wa1K5ABp8u4mhBV7jE,0.09660186,12.37,0.09660186,12.37
LaXdXgtoxvfKEYUckroHTLg5zVjFQQEpLk,0.14846271,12.36,0.14846271,12.36
LgaTTpg9r2Mdhhd7cQaaY4tLHoQkivT3sG,0.10668563,11.87,0.10668563,12.35
LVKz6YTu7XbBAovHuuB5EYVmenfgSRYD9Q,0.12176741,12.1,0.12176741,12.34
LSorAkMGrJnobDtbGjuxDqWCqHq1GM3qJB,0.13857421,12.31,0.13857421,12.31
LV32XnTNYyaafLYTSEQae6xqRBXYnSCFKB,0.14128655,12.19,0.14128655,12.3
LS7HGXiHhYagNiT8JEC49sQ8gKPw1jB5ay,0.11179435,12.29,0.11179435,12.29
LRJVhBSqyP1zqJbXe5F9JMTSMi744z2Dsw,0.18304197,12.27,0.18304197,12.27
LX2PQbdFQh4n5L7bN4Fo3ZdC82DdsXFwvR,0.09821698,12.27,0.09821698,12.27
LVe1B49bZAPpyEwHjeC3AyVY5G4qpYDLfJ,0.11776251,11.79,0.11776251,12.23
LbsGghHHEKx26Ymf9GY6uM84nqPUnRa53n,0.14022493,13.38,0.14022493,12.23
LRgyKAk3cbu1Z3gueDhEpQ3pqoaPbGxgRH,0.11835737,12.22,0.11835737,12.22
LbKkoSSBf8xCoB94mu7F39t7GFBVCLGiKV,0.18811245,12.22,0.18811245,12.22
LQrUJJR8SnucaSTAYvAPioxKA6gy3FHKjm,0.11937561,12.11,0.11937561,12.2
LWnnda5PFD9coQekJtuJT4cEpgFWRGyJtA,0.11588883,12.19,0.11588883,12.19
LbWaG4c8aigmFdNB7hnUreN3PkCCRkvDFX,0.11986349,12.16,0.11986349,12.16
LQv4qjjGzVRcKG3SViVKosAxrNVCi3wAa2,0.10149047,10.43,0.10149047,12.14
LgMxegrRagFp3TYQjMFXMRYQHC3mN1z5co,0.18316488,12.12,0.18316488,12.12
LZaTBYuG7kj3ZLwr9QeD8JHgrXf4onEa8J,0.11344109,12.11,0.11344109,12.11
LVT4Hc74CtNH1CCEiEsn6QVFqRXCsxbija,0.11818226,12.09,0.11818226,12.09
LTfX7NtfVwssXwqWJw9TxqwFz1WRCXoMfD,0.09090645,12.08,0.09090645,12.08
LafyCkK2kH6ekPjWstBtduQxR2HMdvtMRo,0.09088492,12.08,0.09088492,12.08
LWGV8LgjAoZcmJG9eqwGrbFBYR2z7XW7R9,0.1058808,12.07,0.1058808,12.07
LX4Cr2AsTGNDbYfP3guVb5eiTveH74M3rW,0.1105211,12.06,0.1105211,12.06
LTi9ZNxRe4GkU8tMo2BekBxyztvZspr2ir,0.16548256,12.05,0.16548256,12.05
LP6vkPxVWrEZ3caoAGkfW2As6bC1Sd3tqc,0.11708492,13.35,0.11708492,12.03
Lf5CByinJj5Sw7hRg5rBwCw5PRKrhj5aEa,0.11749445,12.03,0.11749445,12.03
LRsCo9SbP6uoJrEPZBsMU5g3tGZUy3K7Wm,0.11478295,11.84,0.11478295,12.02
LX2JoCFzTxrTRXCE2YRPAuwtMxgu6E4LAd,0.13134455,12.02,0.13134455,12.02
LfEzSSh7nFh5qBRwCk9w4M7abC3Fc2cSvx,0.10800594,12.01,0.10800594,12.01
LZQcNEAr57rRt6nfvJPCttrneScLzLfkqC,0.11908911,12.0,0.11908911,12.0
Lg8d5qbDKs8xwNfBx1qvK4DEpC1o4vUC3W,0.17947056,12.0,0.17947056,12.0
Ldv6kBWUmLq2pJYauTDG9pezP7QRuBcxQ8,0.11823685,12.81,0.11823685,11.99
LRE9sgT2gzWtYU25AcvXuQPZm4GrEmN67r,0.15755268,11.97,0.15755268,11.97
LeNYymwRLpyQUmSZt829S7YjifSXtGbrEu,0.1824124,11.73,0.1824124,11.96
LXdVBvhnhXC34Wvmg8ZsZtFceNFydvnG5C,0.11456817,11.96,0.11456817,11.96
LdSwy9an34HgK17Cv6FZJYuuLSvZRD4RB1,0.1289,11.96,0.1289,11.96
LfgCzfcMLTGeDPgJTQ6uA5iZw5EBv3SmES,0.1136393,11.96,0.1136393,11.96
LcXP2w7jLnVJbDXoxRShzAQmsapih672Ej,0.11976048,12.16,0.11976048,11.95
LWoERmSXve8MmASw7QVkxXMgAVYXyDZfWy,0.10027963,11.59,0.10027963,11.94
Lgt7sLQwLnHzS2xB2WisD2MjwykRZRCGy5,0.1849,12.15,0.1849,11.94
LKJAxM3JHh4kfNEoJejJLNCwtnrA6UTo3C,0.12934618,12.74,0.12934618,11.94
LVNDi8T1yKnPd5DyyD7qzaF2VuR2ALUJtZ,0.0939714,11.92,0.0939714,11.92
LR6RH6GS8cFTFXTwqeLQyLTHJnBuNxhxD5,0.08964013,10.72,0.08964013,11.92
LXJmvnJgedPGm14AyPPtVSXgNwLamfJ3jW,0.17275712,11.89,0.17275712,11.89
LgizMKP6GHoPdVeAWZSaDdipAuaAEuMf3m,0.16968851,11.89,0.16968851,11.89
LYw1jhCS7gL2fAdhReTXzdp2iMBYkyJt11,0.13651092,11.78,0.13651092,11.88
LVLNDD6Cj7eUyn6nQ7KYQxXhYxP4a4GdS3,0.13373725,11.17,0.13373725,11.88
LVxVTXgpSUtNUSu5W7LMkZufKmcUZTWemQ,0.13,11.88,0.13,11.88
LbFLUdqtxrfHCpYAN7URoywpUb5pMFjLNh,0.16902905,11.88,0.16902905,11.88
LRDuhahV1cRJtyZ2LteHhcoYzJAWuHKxZv,0.09966111,11.87,0.09966111,11.87
LYXTmk7M7BepTdkEHaZAUuX8FvPLXBWCVp,0.12738581,11.77,0.12738581,11.82
LPqftPdgJxVAaxX8DhJnT2X3QdVNmrLxvU,0.1168112,11.81,0.1168112,11.81
LLyqXcGCrunEXLXTjD5zutWwnbEEV1jgmU,0.10229957,11.8,0.10229957,11.8
LU2k9sn3ca9bqZSiHkSaR56zLe1A5EQ1Ht,0.15003773,11.43,0.15003773,11.8
LPDmeHpLkJoUWvwmbBgNGNBgDCTPVsAHbe,0.15365671,11.78,0.15365671,11.78
LRwdkYwsoVdnDmvFvi5k8w5fLrUupuyq83,0.1662493,11.78,0.1662493,11.78
LLprrFfm6oXhwXtBKf8RNwM1sxhmUrrmyA,0.12740223,12.02,0.12740223,11.77
LfcRT7dE7bT4Mkc1PL2jPt8pyJg6WoaogL,0.09917495,11.55,0.09917495,11.77
LSqtHYPuXABLSqJtPSiBHtyb9J475XCq1e,0.13247593,11.06,0.13247593,11.77
LSrMvmaPnxRHKAVeM9eaV8t1GZzFWu6Bkb,0.12592533,11.75,0.12592533,11.75
LRA2Gccvm9cpDgeyQq8Y2RL3ufSD59EjUN,0.09955202,12.06,0.09955202,11.75
LLF1aooiiMF7SDvB1EyMH7FfBiBH9QcbgV,0.15597947,12.04,0.15597947,11.74
LV3vPPHzscXmkhkp48LCvxMf9KjuvivpXm,0.11657769,11.92,0.11657769,11.73
LcNw3arPJKYsferSNLQUwfeTrcQxa8FHED,0.14064873,11.74,0.14064873,11.71
LX3StPVrKuv6eMUL2xRrQFSUVrAs4ZkkN3,0.1549,11.96,0.1549,11.66
LZLX36cv6SLf7z1RV5p74rVbUsm94iEvbM,0.16470784,12.24,0.16470784,11.66
LhVp675iPa1WU7mMF8JjMUpEuFcDqQgSd7,0.106,11.65,0.106,11.65
LbN5RM2rjF6j2J1aEpsDqBsuyjPz4oqZpx,0.12876643,11.65,0.12876643,11.65
LYirrZ1gS48Q2DevJ3fD3UGvqA6JR3atwB,0.11116066,11.46,0.11116066,11.64
LSpFw8WvJxUVW6cWCjqdPPKAjk3xNmnPHV,0.16982734,11.63,0.16982734,11.63
Lgj2CyJ2noR4NWPodMR39i5ptzDACkToHD,0.14640125,11.4,0.14640125,11.61
LNiMxEVQCFSFCkDXfif1L19Shj5177rojw,0.09054325,11.59,0.09054325,11.59
LKwxcK1cT7GgTw93U8xs8CD5idfp3VTWwr,0.12133103,11.8,0.12133103,11.59
Lah5rAAjxxH3PiQUcQM4uQDLXskESxQast,0.0989,12.26,0.0989,11.58
LbBHFmQZyTpVg9H6Luyxd5uqi8BgGE7R7f,0.11514707,10.94,0.11514707,11.57
LZjgUf2aTnX16TbHMYPnESCWLjXkjQJQ3a,0.10103839,11.57,0.10103839,11.57
Lg5bb1hr89ePtNoTJ3mLGCd1MrARay944u,0.09115627,11.37,0.09115627,11.56
LaTgdMPVjTMwT6Ewu47rP6qqK1yXSHhmGa,0.08897137,11.2,0.08897137,11.55
LfuVyHPL6KeTjp3sduV5dTxStsrxV5g4wA,0.12442535,11.55,0.12442535,11.55
LREH5xjGCydrvq5arx9ecN7EpBzKtfA5HC,0.09652238,9.92,0.09652238,11.54
La4nQETiZVYVaxARZC5ym9BvkN5f7tAQtv,0.0854,11.43,0.0854,11.52
LSRN2xJJRPXDHMd7MtchM3tt2viFE7TpWH,0.08976416,11.49,0.08976416,11.49
LbA4H4jXgRy96jT67ZPiuJ4yjyE8Z7sKu4,0.13411834,11.72,0.13411834,11.46
LakcVsWWhqjw7GbNmxBeg9gjakSy1ThSAB,0.1320309,11.43,0.1320309,11.43
LZJDWiHtDfziJu3gogZRVbDc9o93AgF73z,0.09829792,10.88,0.09829792,11.42
LWGDWRrtVvThWkC6g46jyiCTVWKv3PH1cy,0.16123041,12.08,0.16123041,11.41
LThZCc2FxXFb9nfHknHRVPXpyWEv6JaJNz,0.11,11.37,0.11,11.41
LVfEbbMziFCBu4MHYVSa2GUV1EQr6yN7tt,0.15401396,11.39,0.15401396,11.39
LaLtLTWTqzMGY9mP2Rx1M4oDhpeMCnybAK,0.12932794,11.83,0.12932794,11.39
LP1s99rEYQB7Bah2Xc9fCZv7jYDJNLo29G,0.1259,11.39,0.1259,11.39
LchGAM1hBtHN8swF2vZ8cytcwjGR3s6kBY,0.14945904,11.39,0.14945904,11.39
LRehGzvDq3EeCoHbqFtijnUJWgRCe7J1zZ,0.16247499,11.5,0.16247499,11.38
LgZWgsBXeDQ8DHdJ3pyeRpyJf7vbjmuE4v,0.17020508,11.38,0.17020508,11.38
LWbG6fPhHWoFfGuD9aGitYV9CHWKeGWZj4,0.11069182,10.89,0.11069182,11.34
Lfqkrx3ukignNyFy8wgys6Ubp38hKxv71z,0.111788,11.11,0.111788,11.33
LKQ4BMNEXSY9gZ6cwfJGDcvch3yEn613Z4,0.16096559,11.16,0.16096559,11.31
LbeRkfKA9H1gCaiUejESwEJWAu6QqRuYHK,0.13581285,11.34,0.13581285,11.31
LXTq6ZLjQmCds3ToERqt1zxDgiuh53aSPQ,0.16911578,11.3,0.16911578,11.3
LaJRStVTPvXMG6mSJHNQwYYt6YwyNge2pY,0.090811,11.3,0.090811,11.3
LMUHtAZHHNoFxwxTLx5W8RQp6Kfr3CuNnb,0.16413642,11.3,0.16413642,11.3
LdU9uwziK63gDVv4G9ADQRVGz9yWWEEszp,0.1099,12.53,0.1099,11.29
LY4tWaX38uKLZ2kEqnpVvBaVq2n1ivSNKv,0.16098654,11.27,0.16098654,11.28
LM6YJNqXsbrKzSrJKb1oG2BXiPQaDLsHze,0.12466646,11.28,0.12466646,11.28
LKfabRCftuCzYhyyht7nEpCUZC1nRBEC2C,0.1163,11.57,0.1163,11.27
LcuK2BrbT7MWRLFU9jYctjqEPGLSZdvKbx,0.13347284,11.27,0.13347284,11.27
LezxUTwnrKysGWzQyEbrfWxNz4Q8Paosjm,0.1031446,12.18,0.1031446,11.26
LfvjYSQ7QzSYgw7VTTzEx4gwBsRP2T5pRF,0.12568364,11.51,0.12568364,11.25
LQVqF5VuEPt5EYpqiKopMN9wGzzPa9cvAA,0.16942712,11.23,0.16942712,11.23
LhHqPzPsBzyR4NwDv3WmjhQ4i5Zc73NvXx,0.13633325,10.28,0.13633325,11.23
Lfudv7hbzeHd9JLDHkcZM2UXKEdrGEJJ4Q,0.13481602,11.26,0.13481602,11.23
LZUfpLcp6BbDyQrbrbZPCC1BpBVPW8Sr3c,0.10667028,11.22,0.10667028,11.22
LQZrxv3fdqcNv93jYRw6asgj7TMdvbVCcv,0.1350719,11.3,0.1350719,11.22
LVmSxQfeUZ6ZuidyqpUzFqbsFPg34X7x7G,0.08170591,10.17,0.08170591,11.2
LQYfUh79wcDiGBPbn8DRQaizbaMJfXAsF1,0.101798,11.19,0.101798,11.19
LVDoRnVQdGsLqmocGJsrgpJrtsmf548nSB,0.1199,11.19,0.1199,11.19
LaDuTjSPfY8yKzJ8Nk7MTSXDXnmuDfncfV,0.14351749,10.91,0.14351749,11.17
Ld4T2WptbZn92QHHEyEt3syZRFHQX8vM7p,0.1099,11.29,0.1099,11.15
LUHx6XAv1f8zze3XDDGGE4HKahnhKVKMq8,0.1574465,11.14,0.1574465,11.14
LTTiKu2GFtdovj15H1GokDjbfmMzh8wXVd,0.13900821,11.13,0.13900821,11.13
LZ7evqH5J2HRTSHFXcVd8QP4RukBMcVfmJ,0.10642506,10.76,0.10642506,11.08
LVhMbbjxiLBCvr4Up9swMLeZKmr1c1PVSN,0.157943,11.06,0.157943,11.06
LMgSFR6CA839RvcyNmL67mZtoBUCZXa9Mm,0.10941451,11.7,0.10941451,11.06
LWzyQPB7vVi4WM2UyoAMbRQ2gFM8uYSz9X,0.11910055,11.01,0.11910055,11.05
LKv7JNgDGoyp8ABFT4fvytppqquDsHioBf,0.09551942,13.09,0.09551942,11.04
LMkXpQQnRTU8aW5ebpYvAw6Nue8NWUK4CB,0.0962434,11.05,0.0962434,11.02
LNUE1NSwssBKybcaSf2C4mhqHkVLGoizco,0.16773407,10.86,0.16773407,11.02
LPVVbuQq3AjCDuJEH14TnncWkGa1A1HuAN,0.08595386,11.0,0.08595386,11.0
LQcE6SxZBNeyCggwF8BBUeJ97rjyU7FsxB,0.13214832,11.0,0.13214832,11.0
LLE9R959jJyttemMw4hwioqnJSEFhwewsh,0.1263722,10.9,0.1263722,11.0
LiYpXNFX9yhRuBXc5rKvspsJi9dApRbjxE,0.09375666,10.29,0.09375666,11.0
Lgko6mEEKUfSFun6H3cPqiXRQyiJZderNW,0.17066338,11.02,0.17066338,10.98
LhTz49hmw8qEsCxgwpeUbnHgcqHWP9HBhM,0.08133711,10.97,0.08133711,10.97
LNj7uDetTzxN5rVCJwLfg5amWjHBfFPoH5,0.1071017,11.18,0.1071017,10.96
LUr8XoPWjTCV1pQrpQoUEZMdg3wFJYUE1K,0.14028352,10.96,0.14028352,10.96
LZJds6J1zYuWf3t3EERdeaJ8X2NiKT6t5F,0.12515212,11.84,0.12515212,10.95
LQHAD8WsxTDa41VG55S2695rb672cZLpbe,0.1231865,10.95,0.1231865,10.95
LLWrMsMWA78of8uoUfaQrPhDk6eEEr1kRj,0.16530413,10.94,0.16530413,10.94
Lf2Eu3jZiQuhbfVkv19trQj9qCDVJq9M7r,0.14052764,10.68,0.14052764,10.93
LMJSQx5a4EJ2jyiTHuP38TdCMccERZyuSX,0.13903834,10.93,0.13903834,10.93
LSu3BzUJ1iHccvptaA1DWiGerYn2oBBUN2,0.10515498,10.93,0.10515498,10.93
LKxuMRTd9ZXGvMzmcgtLoPMn7h1chEiiCK,0.12923691,10.72,0.12923691,10.92
LezeoNmazCCExnQdcncmsVaZCbdRuaxZVk,0.12635053,10.91,0.12635053,10.91
LP5eG33GBEEUpzfiqCT7DabSgk6MEXADu9,0.09104453,9.35,0.09104453,10.89
LVcPmnontW3ew4SAe2cq8L6BFVYR4WBD5f,0.09280999,11.02,0.09280999,10.87
LZB5TrxNJKz925v9MJbCcEZQf2qiigZHHY,0.16552431,10.85,0.16552431,10.83
LSnirE1qME1d4BobTxZfXtzNwXGAEzHwL9,0.1544,10.81,0.1544,10.82
LYqNcSYRKDTY6KoHVzxskftgorW6i5hHKv,0.10273985,10.81,0.10273985,10.81
LUuFdfydVjmgqkJ77GjjZtyrTLNov1eiQh,0.1399,10.89,0.1399,10.8
La9xDL6qDZiB12VZFPW2HUD1wAVmx3ab6M,0.11967957,11.07,0.11967957,10.8
LMx5sQwDcd2qoihMgyGVbpUeb9BWn3fTXx,0.13802387,10.79,0.13802387,10.79
LKGuQiDqibkgCcMqqVimxtPBZbvYFAeZoh,0.10273871,10.76,0.10273871,10.76
LMm2Mu9hLYef7q5dDRAv8RD7iGsBuXacfb,0.12711131,10.55,0.12711131,10.74
LRUuEs9mrqoW4HXbMwha6uFQnbaYeDe6CH,0.1399,10.73,0.1399,10.73
LM4oPZfAmnMVj4Pmm3CcVuvZQafYeJbQjc,0.1197599,10.72,0.1197599,10.72
LTkmmbcR5y4w9X2YrsUBbCtDZQ3JeJsu2Y,0.08351702,10.59,0.08351702,10.69
LTJyq7T7aXy2BruTPCiaPfdmShrXCxjqMp,0.15,10.66,0.15,10.66
LdWS4e9vkZkNkWmCdQtmngzUyXqj1bVAuZ,0.07890247,10.56,0.07890247,10.64
LRxmV9ZdhJRkLYRu2NjFUmF7LKyEr3PHGb,0.12572786,10.83,0.12572786,10.62
LUfoNebaVZ8em3HKwcUSny6MmGGRoUSDEj,0.12527664,10.79,0.12527664,10.58
LcBnQZ2xk9puGXDSXvNqJA8rihoTv5aWQV,0.1199,10.56,0.1199,10.56
LKL789XR5zWknXJW6wDHjkqsM7zvxAF6dd,0.10498694,9.97,0.10498694,10.55
LTV2MtkVUvv6YReLHYmk4U2fWqTfxMsWSQ,0.15243136,10.82,0.15243136,10.54
LcgTu8Yy2oeBUQAVSTkaDhRtmY4Nvzxci8,0.10425381,11.15,0.10425381,10.54
LMXpJTQxNEduaPjSfFGac6d2gv7FeNhVnQ,0.11854361,10.53,0.11854361,10.53
LiZ8qvLp4tgBUYKZUJknWZoaTaoVAPWZ7y,0.0822,10.53,0.0822,10.53
LTzEMkWxYqZ8uhrSFKnesvsUZNiQ9gYu2n,0.1199,11.35,0.1199,10.49
LcmYuGysA2tzWCPkP3HsFKSkyjN1tjray3,0.10367548,10.48,0.10367548,10.48
Lbe9RUSB9rEryNVyGfWwdfZBp5rmtPuCLk,0.12714108,9.59,0.12714108,10.47
LQaPtfaivUH2DurGU3SesWuX5pNvdtpok8,0.08774878,10.46,0.08774878,10.46
LgWwGizz45DdQiEikjuQ2ET8aS4VkVbcr9,0.08768872,10.13,0.08768872,10.44
LZVAkSXanFcVPJ5UfQuCgW1yfcTsnThfne,0.08139435,9.43,0.08139435,10.43
LbWJ1mqeCPDwBEXYWSLbNXtx2AzyUnt9HW,0.09488144,10.42,0.09488144,10.42
LLHp2hfS5hmC7qctH8tsh6bVafUeM3J3jA,0.08890204,11.02,0.08890204,10.41
LPrZui9Nj5iRbFVwACwcTU2byiTGgaFTxG,0.10721257,9.88,0.10721257,10.39
LUkfm41B656q89bcTmExUjX3hLcNZVjJBi,0.076385,10.38,0.076385,10.38
LVLpWeD2d6D9PkxKdC2Mbo7JsV2HWM3Tm1,0.10004497,10.38,0.10004497,10.38
LXzpBWfKe8kYBLcQveVgcn7pnsKh2Mf4nQ,0.0809,10.36,0.0809,10.36
LRmrwdxSJ97tyhf876N7mu1iwgqsSewQUH,0.13528808,10.36,0.13528808,10.36
LXPZr3JmxBAQFKTuASqYJbjKHRULCzdcFs,0.08931801,11.2,0.08931801,10.32
LcDRh5GTFsfrRQM9ocDwZLy4UFxkn79ZvT,0.0891,10.31,0.0891,10.31
LfyhJ2tFtvGLMHsqbUArayp3nG13oY6H2P,0.1537709,10.31,0.1537709,10.31
LcdtqGZ9iHhuyGcdUtcsV13a4U9dMntRzo,0.11381357,10.52,0.11381357,10.27
Lhsyv4Sr8WW2XM7bhDZ3ZxhB8YxwXVDqd8,0.08087997,9.87,0.08087997,10.24
LYuHg1PuAJGW4caik7Lg35SHUcrBFoR3vN,0.08510994,10.23,0.08510994,10.23
Lc1ZYoRNaTg3qrameXoLmEBvh55bhE2JEF,0.1129,10.21,0.1129,10.21
LX7Lm1qG61nc13gtbrKPYX9GpnZen7Fpfg,0.0882,10.18,0.0882,10.18
LUvujxtyLh2YUNeiJidMPnzGtktcv97rBA,0.10099005,10.17,0.10099005,10.17
LNUFLuNFZFgkjf7kbmBURDSQnYZ7QE1Hat,0.11343894,10.39,0.11343894,10.16
LPSPSo4NK6ygK8Fb9NjzcK2BVMVXXV7aNL,0.10878295,10.24,0.10878295,10.15
LPFjbeBbM8PDB5Pyw7vCMjmJR7MjxTkgMh,0.0999,10.15,0.0999,10.15
LWmrJoG8iCrTsWjeuhscQKoVKrSHFPeoeY,0.096884,10.14,0.096884,10.14
Le3yKUBkK9X6XEJJJ7qcvpif9DELZbNtUf,0.073826,9.19,0.073826,10.12
LTa17ynoYDXugApiEqAoGhZutHBeiL1Djc,0.14388489,10.33,0.14388489,10.11
LLvB3Kq1PE189BUyxPg3Le2ShnpH8grss8,0.07584933,10.08,0.07584933,10.08
LVVxQK38TCPr18EiFqzaWEFHkB1dQYD9PH,0.13226687,10.08,0.13226687,10.08
LPZCxunLhsQFDjJ6EccvF1jRiAn82qyCVF,0.10746056,10.08,0.10746056,10.08
LbX6DF6G6w9FWTCXeBW9fpSMDC5PpvLqC8,0.10895228,10.28,0.10895228,10.07
LbmgrnRHKURS468G7GL1abWoKqn7ZvAWaA,0.09879955,10.02,0.09879955,10.04
LYWFcZ1Lox9ZnQc8uBJEQ6MJLJgogc97X3,0.09797591,10.02,0.09797591,10.02
LaYyAA49NRMGGggj9YJ7XSpFHGsH4Zt4vT,0.14614845,10.06,0.14614845,10.01
LdhRC8BjUWMRH1rzybJew899sJozKUhXka,0.11542002,10.0,0.11542002,10.0
LbUZB2RUPdoBG7iaeePCw2F9mx9Dn5JVXG,0.08688767,10.0,0.08688767,10.0
LZXgyLz6VTRwvfqiCxG8JMm4srn8DVYiAb,0.09616092,9.99,0.09616092,9.99
LWhKuih4cp3iPr3sEvECsfQK7GNXYHp5DJ,0.0839,9.95,0.0839,9.99
LZU4qQqdMgNoHHnz3CDJFF1akCU5aV5pzD,0.15235774,9.99,0.15235774,9.99
LRqhXacWaZk3i23ABtStykuF3N8Cc9EVmq,0.09765815,10.72,0.09765815,9.98
LUjGNUNoGFPmLmqybtoRdnHeoub5o4hnqd,0.1199,9.98,0.1199,9.98
LUyBkTLJN7qUSJwrkRpk2VuVy31Z6Ywyc5,0.14100394,10.48,0.14100394,9.98
LRKqAB3eitkVoRtn9f5Kp3oeLWk4bdY7bU,0.10428853,9.95,0.10428853,9.95
LRVrgi7a1B9TpH6X9eu718hZxC8hY8dybE,0.11656465,10.15,0.11656465,9.95
LPL1VWrUgdbw463xea3ZmNQXyyxEYvQg4e,0.095804,9.94,0.095804,9.94
Ldf9wGWXfDX8WSKYB4MsDiQEvu292GfHfs,0.14852851,9.93,0.14852851,9.93
LLy3mjptFArpYnEZheWzqNL4pv6Cg6VYSi,0.08646948,11.23,0.08646948,9.92
LVARPQCs9RLFB39rMhwRxHhr6CpAseArym,0.12164742,9.92,0.12164742,9.92
Lc9mMZh3NSRZBnaTTW3eXDx3tgvWnfJgd6,0.1199,9.91,0.1199,9.91
LdcnEAdQrUdD44e3RyuXcPBBQQsazyxDqM,0.11565613,9.91,0.11565613,9.91
LesZzAdTgMR1kRH2Nse2NJcvj5Z8ApEuKZ,0.14322988,9.91,0.14322988,9.91
Leav35AVkunp1Dv5J3ZaxWDSaJYMvzSgVo,0.096369,10.99,0.096369,9.9
LgzsiCwV7ebtZcr1qEwzRYiRkU4KveVTig,0.12663753,9.9,0.12663753,9.9
LVo2bS19Wno5qs6hwPb6K3ZL9Ah5vjT2H2,0.082817,9.88,0.082817,9.88
LdyCWHR3wY7sxXr9fwkwT6He5huYSi9sTZ,0.09501135,9.71,0.09501135,9.88
LhCiavimRXmjW4RA3WaBA5pUrtbYwK73vE,0.0760977,9.87,0.0760977,9.87
LV2jBD383XmVcEkyW8uUMyUxcMbrmjsFJW,0.13342789,9.71,0.13342789,9.87
LgAH7J6bEjv1W7Qu67BeC51EKNBDn24k6z,0.11680878,10.06,0.11680878,9.87
LQd5ZFia8BeLoWRQrHsvpnfAizSqUsv2Gp,0.08869363,9.86,0.08869363,9.86
LKVGo1ixkCkoanh6ViFsZPjz6ECZEeGYBD,0.09745931,9.85,0.09745931,9.85
LX14heBuzZkD9BJbwWe9caSfFkiLTn53Ce,0.14061731,9.85,0.14061731,9.85
LhVkBottTTwhTHZTNbjPH19tQYB6KdMRcv,0.09475708,9.69,0.09475708,9.85
LMiq8d6D4x5MTELi7fKyk76Y42pyufJ4R9,0.0962845,9.77,0.0962845,9.84
LSjt4pjQr5E6TDp1HTnTcbUA245c4wSVmA,0.09591229,10.01,0.09591229,9.82
LhM3xzvDZvDGYm9YRbC5xeFKKcDcun4SYL,0.11218185,9.81,0.11218185,9.81
Lh5bfaqMmmnvzb3on4qUXqeNC9os2Asrzf,0.08608295,9.96,0.08608295,9.81
Lgpt4TVxNySHBBPvFjmKy4hFFiU3GGpEJY,0.15102055,9.81,0.15102055,9.81
LTQUHWL7YJ81b1B6g5AJSeBLcxEnsHm7NW,0.0954,9.99,0.0954,9.8
LZXr7aA6v5kpQyKjEvimFSxSRrPQeXiWQA,0.11460833,10.01,0.11460833,9.79
LYSrfPCiP8HpcwCNPntJsKqBP6ErgM7Ncr,0.10718491,9.79,0.10718491,9.79
Lf8ast9xDiTTV4Q23e3P2NRyb12M72dov4,0.12876454,9.79,0.12876454,9.79
LQzS641A7Cw7D7xPJzMdNmFkprX4B7h6SB,0.0724574,9.77,0.0724574,9.77
LSFsQVknHKeGmmuQjxFsTBXeVn6PrbJC4C,0.14265766,9.77,0.14265766,9.77
LQrYLXZMxotpbtmrrhhF4TEWjf4dDp2PvS,0.0819,9.85,0.0819,9.77
LXgs1PZArnDEwwwVPyubwpfCWBhHcUKHP6,0.1419,9.77,0.1419,9.77
LaTgRXgvNL3tcr61SkNE748GwMR78hk2Vs,0.09628964,9.89,0.09628964,9.77
LZxC2jv38xybxehCkmjX6gcFXw9HjPSz7f,0.08219,9.57,0.08219,9.76
LRQrb1uDjcxWAFPbepUbyoDKBbprDpSLCz,0.11797231,9.96,0.11797231,9.75
LMgioFC5oBANMPpfvt8uPVo5GotdFazde8,0.108865,9.97,0.108865,9.75
LWanod4MPxkeX1xtTCTnmPNWmcDCNB5EVC,0.09751733,9.73,0.09751733,9.73
LPRmhfDEWRQuzbRaxDuZeYgXMXNGEheZKU,0.09502241,9.92,0.09502241,9.73
LaXagks5NxFrX9PWieFi5P1SxZCMvTpT8p,0.08164598,9.68,0.08164598,9.72
LhnZaok8CCmp76VwdJLdPk7g85SuuycsBZ,0.11512,9.7,0.11512,9.7
LVfXLjfkXdCsNmNABnVAJQ17BVjdyxEobC,0.1099,9.68,0.1099,9.68
LgbsPDprb9xU7JA71s5esHEDA5Ukno3iqC,0.09457612,9.67,0.09457612,9.67
LfBhXrCBQAtVy2C2DDnWhaBdNXkFjaangc,0.07730207,9.79,0.07730207,9.66
LgZuAMRqfKg3sUvwtfVuQGRVmG47AcV4uf,0.107792,9.65,0.107792,9.65
LY7p9WHPePbUcE4c6rS3wZHi7sAu91AfjV,0.08062818,9.64,0.08062818,9.64
LN9aTWQpjC5faWFTPKZFhpNHDuKVEBgGkG,0.07598702,9.47,0.07598702,9.64
Lh8mEexctkKdUJ1z8L9v9U3Rizm6fV45UU,0.10265183,9.63,0.10265183,9.63
LPofexgMRwWYXNHFud3VyrieDqtQgEwt1f,0.13221865,9.45,0.13221865,9.62
LcoooMM9NBHuddd6ZadHVMSMxYGyNG9XQP,0.11375615,9.8,0.11375615,9.61
LdW4eCNHpK77GohzEQcH5b7mDZ3Zue7wxq,0.10901584,9.59,0.10901584,9.59
LZUuiaTGtJQN2aUwdhdqT6TLkoZDtbSPhY,0.13683627,9.59,0.13683627,9.59
LL98Cro1W8aEyTkeezp8xJUjSm7qGGVQTz,0.08340536,8.49,0.08340536,9.57
LUPeX1sAKqgJTYu1ETXXox2LJ6wZoMqg78,0.11322646,9.75,0.11322646,9.57
LM4RMsNCDxNSh42AsztKCifS19DA16nozM,0.09327838,9.55,0.09327838,9.55
LRxhVGa34EVboYhRVhuaXhGP9xsnsr1Ukc,0.07929585,9.53,0.07929585,9.53
LYfK4jDxwKR7SSsnQAiLEVM9xvM7SoGSJB,0.08239208,9.52,0.08239208,9.52
LgpmKLeBcUQbVLmVEwtJ8HzPFezSswWJhS,0.08645401,9.5,0.08645401,9.5
LbVYV6CNyVPpZi8uyNMionziNVAwkY5pEz,0.11254116,9.37,0.11254116,9.49
LKdTXshFQBvtH2MHa6Fk1hHGM4gT2iVhHj,0.07077339,9.47,0.07077339,9.47
LKnqNCmiZSMf8YotZ6243CNB2phwBsDhr6,0.11081445,9.68,0.11081445,9.47
LiKVNeZ1TX2kddq78JuUFMR25zRnB9wqZ8,0.11608253,9.81,0.11608253,9.46
LUR2pLhyk5eZJnqf8wd5hkKDSL9sUs7vxA,0.08185648,10.27,0.08185648,9.46
Lfkjz7kRfS9R4eyQcVL5anPtLKvD3ifZsp,0.10548434,9.44,0.10548434,9.44
LXJpZtJmJ5aVLo7MfU4xbgSJbsCpgn7aqA,0.1079,10.21,0.1079,9.44
LZTrwxKctrNmo5ACjMpHvFWUnbMos16Qru,0.11330616,9.46,0.11330616,9.44
LVGTyd4raYZV7gEF2a6nxqP7FKPuEoVur5,0.09182302,9.62,0.09182302,9.43
LRbVSpwPLmciVc2vUycvAfc9UNu8Dq93jP,0.1156,9.42,0.1156,9.42
LdycZUQNrVhVAHTchwyqPUGRBsNvkhQw7c,0.11151271,9.31,0.11151271,9.41
LaicUkiSuF1C9DRxyrukiKVuCPmvkez5Yq,0.09193966,9.54,0.09193966,9.41
LZ2rEZ6YiULXRfqQ1u2KKT56hZVceTj5f2,0.0849,11.45,0.0849,9.38
LaYjFGB33smdCgaxNAYfkT7fM5CLbixchf,0.07506181,9.38,0.07506181,9.38
LeAFJmZLiciGrXZoPVCaiKdDT4VbuspaXS,0.08926819,9.25,0.08926819,9.35
LYfmiM47rRygBfqCUimf51SgTphUxKBEYn,0.08088495,11.08,0.08088495,9.35
LVJVYmvWLkD4JYZ1Gx8X9irP3A4hujJeTg,0.1098,9.34,0.1098,9.34
LTNHp2igT6eebY5qopZLGxBXB1vvPZvMFX,0.08988349,9.46,0.08988349,9.33
LhgpP2jEUR2G8jzTiQnu7KHDeAFoNQcmtn,0.08,9.31,0.08,9.31
LVZYtgRgAbx19g6zUpxWmD7Ranmen96S5v,0.12043637,9.47,0.12043637,9.3
LX8UsztyopA879qGMkcHKVWJsNdySxZr1p,0.11282437,8.51,0.11282437,9.29
La2d8bLn49rDP349jDp69e6W3ri1zrkB3o,0.1099,9.28,0.1099,9.28
LNHrgZz2hybykGtM44pEbNeXLdiN74rm8C,0.08549555,10.74,0.08549555,9.26
LYdPV3T9sxXVAr6AcTosdSyRnWa2s7cBzX,0.08502218,10.68,0.08502218,9.21
LMiMEEZTAgL2isqwpz5W69TxbwZG6i9DBk,0.12973478,9.19,0.12973478,9.19
LhWKJFM4S4BN7foffxLBqEca3A6tv3WTws,0.0999,9.13,0.0999,9.14
LN4F3jaBD6Fak36ruTJvvTdLiy1hNNscvR,0.07130879,9.13,0.07130879,9.13
LUnjBzMC8fJrRh85RpTxWAoe8vQW1Cf9SF,0.0899,9.13,0.0899,9.13
LSghgZ8qaBFG1kjfFT7JxP1ithVb8ETsmm,0.0770806,9.6,0.0770806,9.11
LedcpVZ11XZrkhGq3fFbP8EkYyvwsJDrN7,0.10428736,9.08,0.10428736,9.08
LhmqT5uc96SPXvFjcoFFYBHZq6PgMxtyuZ,0.10830666,9.07,0.10830666,9.07
Lhfs1SsNnyn3WtwG1KjEmmkhmxohM5YfNe,0.06718067,9.13,0.06718067,9.06
LPKo9C59ohUtLHifFfEtDHosZdPtT1LqAX,0.14061401,9.08,0.14061401,9.04
LRnRqXgFkNsY8j6GEtK4oEgmLpv9upZQxk,0.08584734,9.03,0.08584734,9.03
LNSUMJ4ZRmDFVKPARW4H1j7hzDjnDPyf6H,0.10249925,9.02,0.10249925,9.02
LWFmKYDTMXSG7PRRV2C7Wxp2wiMHu4VpZc,0.096474,9.0,0.096474,9.0
LZsxEEYXtJcQE9mz94DjACE2fpY99koSVK,0.11724677,9.38,0.11724677,8.99
LP7LxnQQtgzVMN3F6TprsTssnMQM2phkLU,0.10649003,8.99,0.10649003,8.99
LdDzHxPjjmiFTrg185Ho7XjD2S24ghfqcL,0.1003904,9.2,0.1003904,8.99
Lfprhzv4Y2FAShjG1XtRvQHSTiga8jE5AS,0.07019693,8.98,0.07019693,8.98
LdhS3SRheea7oYVvAfFcCsfUEkhwDR5acn,0.07535652,8.71,0.07535652,8.98
La1SsK4gVUhfJi9LWtvmgy3oN764o6UYCs,0.08573105,8.91,0.08573105,8.95
LSLuJDhNpwzmmi5NozHFfsoTcUa5UJJLo1,0.06993524,8.71,0.06993524,8.94
LhBEaUdu4hUuuNpCoYpW6CsDePSeMubTj4,0.13835106,9.09,0.13835106,8.94
LhNgcDS8XGwaoUZVGmR1a8JyVB43qcn626,0.10723222,8.38,0.10723222,8.93
LZD7Znsci3Konzji98D5rXaej4d7gBb3Fw,0.09209988,9.16,0.09209988,8.93
LKeyybVrjFMEDmH51ziMPZqVkNyUaCzWya,0.06672029,8.73,0.06672029,8.92
LMTDxgREZBLfNeRfVSijkjptuy9SygUv9j,0.09764112,8.6,0.09764112,8.92
LR4iGr3YsVJ5ZP3UPpsgmcmLVekv7Msr5q,0.13584945,8.74,0.13584945,8.91
LcjgMzNtQabs453gPkMyzEmJ4sY4c9pmzs,0.13551962,8.72,0.13551962,8.89
LZoQnxGvhirgwWQezJzUZ4RsYmiCLTfxDU,0.10115103,8.81,0.10115103,8.81
LcU9UnCQukYbqoBpV4BEfHysDE8JKUyM7Q,0.07035681,8.76,0.07035681,8.76
LLrrS9ZLe3Va94eUzYZfuiqa6xViQm9XVe,0.11197159,8.75,0.11197159,8.75
LfViiS6Pci4ZEdMWvagYtvdMWYZkfqSRAh,0.10040896,8.66,0.10040896,8.74
LbequPcsgf5LZM5MTXCqiW1g4SbXkUtiQZ,0.11500233,8.62,0.11500233,8.74
LcZZusXSZoi9gChjMk5kLqQGGXfx58aCPb,0.13402886,8.69,0.13402886,8.69
LWq65CS3PS4q29bYoBTmrcRmpmPdxnhqAj,0.13394834,8.68,0.13394834,8.68
Lc3ug3MspFyv5cuYeUWzwPXVmidWvAFSSk,0.08268358,8.57,0.08268358,8.66
LbWwkUfk7NA3fyeo5uerhkBtE1e4cdwTrg,0.10117581,8.65,0.10117581,8.65
LdZfU5jvwWAFeTbdczjbhRLycfDmvjhcAS,0.09919445,8.64,0.09919445,8.64
LXZM3w1m6HQwwsF97yUiwXtBi8nkEBX8Cj,0.09690399,8.82,0.09690399,8.64
LNEzobL3RygY6EWWqS4MNAKaCaAk8xwJp3,0.1070818,8.42,0.1070818,8.63
Li6fjPrpB75gkkuKm6DbGnWuDGYga3t6me,0.07221658,8.61,0.07221658,8.61
LKX7hcbqnvWgNGko3wA9UwQxhM5gPaVxr3,0.0849,9.08,0.0849,8.58
LdLtTofhAAnhz7F79Lvy7Fdm892W2g5thL,0.07496529,8.55,0.07496529,8.55
LY9qsMMpuPommdrvnfVfx9nTLDRGqf9nMQ,0.08500691,7.61,0.08500691,8.54
LTP5ZZPUseUiXR4dR1b3WHyypGkpAuCUQX,0.0999,8.5,0.0999,8.5
Lcp9vJdRa8WxHuHZTHcqXSAqMsgXEe2QVk,0.1111426,8.47,0.1111426,8.47
LhXF72fJbtAHwwpbmSaMsf78PSZEAGGVE6,0.0869,8.01,0.0869,8.45
LWigrTVLFsMeeuLJ5vpzeQw2qrU5asjq5g,0.07217872,8.57,0.07217872,8.45
LgwHqi98RFkY8woGgimJkVdV42tbsAsN5B,0.1,8.3,0.1,8.45
LdSmSGJh19Q7PCbQiroq1XNyAFjkg14SUq,0.06717384,8.39,0.06717384,8.39
LRVSQo1gBhNRa4jHVFbFWjw11bLioYC7fE,0.08008778,8.39,0.08008778,8.39
LZafiKhQ96jZxUmeBUyuTeAQgdaHMVwyo9,0.10941812,8.38,0.10941812,8.38
LVrMgp5tjqDTRf4ixC9uXvQbUdviBNdjKq,0.07596593,8.35,0.07596593,8.35
LTWuGph1AogSbF5XbKmKubcznpeaDPEKWk,0.11412926,8.31,0.11412926,8.34
LdjhdntQbWj9Gj6D7cXqZukhin9LpCxVfq,0.08232565,8.8,0.08232565,8.32
LdkAVtc4fYfsZp4kEt7XPBLTS38YxeJHBh,0.07198567,9.03,0.07198567,8.32
LSmu5Rgcms6eFjdYHzxwEVyWb8NyuwLN98,0.06218861,8.14,0.06218861,8.31
LegmBdvGW3EqzQD9eUsPed4ctfkcEu1m86,0.11632888,8.26,0.11632888,8.31
Lam28XXpSh8Yz4zXcM6LpK23ffjCuW21nM,0.10834133,8.24,0.10834133,8.24
Ld3j2BGwaq2X51iqwwskxeSVtFdNQk7oCZ,0.0988,8.23,0.0988,8.23
Lb6cGQjBeqArJ1Z4BdLPnH1shcpAUprDi7,0.09699233,8.19,0.09699233,8.19
LYJVb9hKnW7616bgLoTzN2Bib9SBj9x6hG,0.0687,8.19,0.0687,8.19
LN2UmC1EKnUbJu6hCF8RozFAt86Q4Lp2iw,0.0799,8.18,0.0799,8.18
LeFaivi6kLn7ha3B62US5VF8AjkXAt1BXL,0.07102699,8.17,0.07102699,8.17
LdocjG3phgCbkHv5uVsAEzDnTUZt8ZNrEh,0.10496621,7.99,0.10496621,8.17
LfZtqeF6tAGP6qti58FUUWez5DKTGc9fP9,0.08891991,8.12,0.08891991,8.13
LSsgDgNe3Z2KDV7Ht9YtdtJ6Mst3ZLkQr6,0.0960096,8.11,0.0960096,8.11
LeJxbAC2ToQzZDuDoBEtphGaba49au49pT,0.06513287,8.11,0.06513287,8.11
LguX2j7oM34jbDggaf6vEsHMJgVgvwoXtZ,0.12334777,7.99,0.12334777,8.1
LNnaG674xf9EL9AbKgCFZemaJSBj82Y5rY,0.09,8.31,0.09,8.1
Li5mXpf2FDuzweeBnJRfn1yt5mWhtviE2W,0.1095091,7.75,0.1095091,8.1
LULnbANYDpSguHhaQ3xGBeEDKh6e9Wcnaw,0.09050061,7.53,0.09050061,8.1
LYKVVk5Zp5ZjJhN7mKFCcoNo8n26Vu5ntn,0.10937686,8.09,0.10937686,8.09
LfnNh4dbpWWhCBYYN6v3XEAkQsW9qYCJ6x,0.11489777,8.05,0.11489777,8.05
LYeQGNH763v2VRdY5dwN9R2ZATCte836K9,0.07654194,8.01,0.07654194,8.01
LgFKyxNiftCBgnJ3LA8taUYrkDmiMqjzDw,0.12328721,7.82,0.12328721,8.01
La71xH66pVjf4t9EaxyeJvwGzB9hyi5pev,0.09342,7.99,0.09342,7.99
LaJeY7TagRHS1nCXDk8UUphrzUa2BbeYK7,0.10493867,7.86,0.10493867,7.98
LhP3xGKiogjheHzwa6fSYSW315KT7Vwmss,0.05995965,7.97,0.05995965,7.97
LWCXboTwLvfpujWcf1RZ2YJMSfqJnQx8k8,0.0849,7.77,0.0849,7.96
LbEY95qVJ5BVkKSxCPda1WRNv1cVmUsUBs,0.06388904,7.62,0.06388904,7.96
LLDYgZnZU1EEf4C2pg7UP7aSwmzCtYhJ2g,0.11207445,7.94,0.11207445,7.94
LdrNEcf6TfdT98awhiwaop6CSZPMzBtv13,0.0899,7.87,0.0899,7.87
LcAaz2y5JNYKEkAHDPMRnKH4CxZsw5yaXW,0.11067513,7.84,0.11067513,7.84
LYBTzDpDTU5SVaMMx6bwG2CWURLU8cUnU8,0.087,7.83,0.087,7.83
LfdjZsow19aMwi8gCSzH5FPmuDvTKf2qiy,0.0899,7.58,0.0899,7.83
LNvbpU6wu8Xro6goeuCQQz8Ce4xsrubwU2,0.06155366,7.79,0.06155366,7.79
LRiWacXcBKhnboLaCA3KGvRiyyPjVXjr32,0.11645501,7.78,0.11645501,7.78
LiMSpQ3XZS1pu8bgfkjmk3z5seajSAMh9T,0.091109,7.78,0.091109,7.78
LQJ9SkB9HRhaMhPGyVE8NTw4i61Jamsjgn,0.11727581,7.78,0.11727581,7.78
LgDmStmaDdAqCvg6Fs2nFGV8iEVBJE7pNn,0.08613,7.87,0.08613,7.77
Lf2t2oSs6oGCeySC6iW9wQMEBVLhKUiYN5,0.09278113,7.89,0.09278113,7.72
LYJP5Nos3TS3b1hD2PPA4gAhrdtuJsFVMK,0.07224214,7.21,0.07224214,7.71
Lgw21qd5WFzLKWxca5TUYavRVzh2HubjDP,0.08898191,7.7,0.08898191,7.7
LdySpiRF3ZH9mvokPYykeivTuNPe7aA65d,0.0837,7.65,0.0837,7.65
LT52A7Nredm7DyYwP5zxy3dmqxXrYXPdu2,0.0849,7.64,0.0849,7.64
LRi4CnPB69FA4H1z51RaNYysSUTNKUBBi7,0.07144711,7.63,0.07144711,7.63
LY5wP6vtL3spDCfxXk24c7bFBoej22AAaR,0.08431535,7.61,0.08431535,7.61
LRPdbbcKz4NSH4WDcCBVkeZ2uYingcXQ9x,0.0899,7.58,0.0899,7.58
LKtXwpbPzeF8AnJcVPuWjpe7uCaKkGdmxq,0.0899,7.02,0.0899,7.49
LKvZJ2RjfaULmZbCJXNV234zt4vr9aEroW,0.08555778,7.38,0.08555778,7.45
LLkFqPGRZmWf3MwyAjZWns4QRi65Nh7SB1,0.06693463,7.98,0.06693463,7.45
LdUhoqW75wvLEADW2ACcq8RZDqZCRvLMPk,0.07202112,7.44,0.07202112,7.44
LgSZQNQKApxvthQNgCmvkXi9ME6vM44adu,0.0580383,7.43,0.0580383,7.43
La86kHjf1ag2KNoVVahGcrNoVQNd21799o,0.09745267,7.34,0.09745267,7.41
LYPgugvPq5LRsNr8LFVZRLjiueWogRYDey,0.08333251,7.4,0.08333251,7.4
LejREHpi7ubxVJUDSjHmu92DvMgCcSvtj6,0.0813141,7.59,0.0813141,7.39
Lg95DWTyawrKFMkLf75NEFPd8656RiVPor,0.11015665,7.38,0.11015665,7.38
La2MtfX1vyXkdnFJXpXkf2cVLL5UDqjzaW,0.05769934,7.17,0.05769934,7.38
LNsipNjPcsErgcnf2qBo5pHnR51WrjgpFR,0.05757857,7.3,0.05757857,7.37
Lf8vTWPmaA6NdEQr2PHbP5p1MPCd6e1srz,0.07842422,7.17,0.07842422,7.35
LXZUCTmkzUSr1RSofkAeiPpdsyHKjw1eAH,0.05447963,7.29,0.05447963,7.35
LMSciCJacZWBiBTzCGeTZ4vxT2913vPK8J,0.05745155,7.14,0.05745155,7.35
LbcfVGp32djVqy3RVNxViPTUfG7S2dwJk4,0.09989999,7.27,0.09989999,7.3
LYPddSKZtNts8bAFNuVFZSsjjW6x3AZkeg,0.069361,7.15,0.069361,7.26
LXcpt9MD1wtdeCfgo8ZPkqZH7oUQPHsCqr,0.06338893,7.26,0.06338893,7.26
LdEhAhY9ub9UjjcTTTa1v1yh1YntY2xezg,0.07485581,7.26,0.07485581,7.26
LQEJxX1Ma5UkG3sP8dtzaqafrUqYArzoSM,0.05778614,6.61,0.05778614,7.25
LYWhgQ6mcrMv3KBk1jamvKfgUk45Thejr3,0.09619267,7.43,0.09619267,7.24
LM4dNEpKLjD8fLoRH9NRobcbwsks3u5KEb,0.07789874,7.23,0.07789874,7.23
LNYqtgVW38xRTGbQbejpmHYUsPvHvoatYM,0.09906513,6.94,0.09906513,7.21
Lesnp7RoHkYm3aL6U6mSni8x5dxEvXNfaT,0.07031849,7.34,0.07031849,7.2
LMcxAHH1rhcyQirb8BJk1gssbMRGAzUTEa,0.10950739,7.09,0.10950739,7.19
LYbZAvHptmAyZ348z1U6eJAx96QAb6HvvS,0.08751531,7.14,0.08751531,7.14
LZGCg2xTMoriyM9UEuFiSUy6boYASdDfkD,0.07582322,7.11,0.07582322,7.11
LLhE88GYuQnpjzsk9zr1Q3CfMzsSE6Cqzk,0.07522433,7.05,0.07522433,7.05
LSR24oNnsNkYAhSDAePY91kDRmCUoDEKmZ,0.06859412,7.02,0.06859412,7.02
LhuVAZ51UnHVej6UQ5S2PdtNbnNyBNv2HB,0.06888206,7.52,0.06888206,6.96
LTCRUEEsqx33TjuASwWwQdWSqDW2ncaVWh,0.05748542,6.91,0.05748542,6.91
LMdJsgPGKw9B5vb1xZqi16oKmBQWGB7FFz,0.06058783,7.02,0.06058783,6.91
Ld5Yw4XMyntM1pE5rKBXbxvHMZf6V17fZ2,0.05776531,6.89,0.05776531,6.89
LLz1qFJJRJ33nBsRFGXzRWn6UrSms9iurd,0.08982154,6.89,0.08982154,6.89
LSpMnKp18yEpjGLMWVuSe8MEtxDTzNtQQF,0.08141515,7.01,0.08141515,6.88
LXumYUtXFtSLuqaZp5UMXv8qHerhyHjXZV,0.06700215,6.95,0.06700215,6.86
LPR9hqCA3XgUEAKufC4VEhanb83pHcyFnB,0.08403439,6.85,0.08403439,6.85
LRgV7ihcrnQ2GtmrTDKCWZ5zRAdPebNihz,0.0550145,6.56,0.0550145,6.85
Li82njCbFHmWBctp56DXGzNniEPEZaBJzv,0.09828165,6.8,0.09828165,6.8
LWWBNYvRmsaBShticNHR3cLQPz2RoSTYCt,0.05917659,6.78,0.05917659,6.78
LMCvwgKfQmn7EpWj3qWKgzKE3goGCjyvU3,0.05676981,6.73,0.05676981,6.76
Lb5HkTY9ukLbEgnFQXqS2EsKXS3KdCifAQ,0.05819858,6.4,0.05819858,6.75
LUtJsiz7xt2ZZi7E4Yg832YA1UA2DqggVQ,0.05,6.49,0.05,6.74
LLJCRyWtJ4VMxMmwYgStNyxwAFS8c3kwzf,0.07576892,6.33,0.07576892,6.73
LbJz11g71TDj8wSwR3kaSDaPboujVSWaMt,0.0769,6.66,0.0769,6.66
LW8vn8u4SSHJFWQkPiPpBpAX7aK5FW3B9W,0.07044508,6.61,0.07044508,6.61
LXx2NvUWDQ3eK1d4u1fX9M1hoT6rDqZUB2,0.0729,6.59,0.0729,6.59
LSekATuxT4EqGpPRKdeLTeAB2hmVdJzWdf,0.09928211,6.45,0.09928211,6.58
LNRSp31Pu3WbqTDYVRr8Q2wrCh5WdMHKoy,0.08501411,6.62,0.08501411,6.56
LgsWBsktTuFpsLRh41LaSyGcouM6LjkAok,0.05547231,6.59,0.05547231,6.49
LWY5oHUxZ9wwxK19nYAgvs3sPA2eBDBKPV,0.0980054,6.49,0.0980054,6.49
LQGuuEmk8Ajayt3YXTXA4bcs5zqZk5AUbz,0.05065371,6.49,0.05065371,6.49
LNXsBQZ3yXbHvrVea74U8ADXBSaf6xLEUG,0.06134184,6.46,0.06134184,6.46
LUVx1QWmPFXyeJCjxDhKHqYjNvgtz85kFw,0.08556174,6.6,0.08556174,6.44
Lggr49wYUATZjhk6w4FTEKJHMPosV3S5Bw,0.04685143,6.42,0.04685143,6.42
LQe67jUQSSBivkCM8cN8VL2xnRp2Lu3Kfy,0.07194359,6.01,0.07194359,6.39
LKxT5PG7BhbPHEmfqGqV2e43KUk2Xs7ty9,0.08957287,6.36,0.08957287,6.33
LWLa6kerZyv6Zz38Lr1MBBmUH3ckknf2mc,0.05965613,6.25,0.05965613,6.25
LW9K4ZHj8i398Jta6di71JYJMHDnCw3YDS,0.04840109,6.33,0.04840109,6.2
LgaCq3HUWyfK3uvCtUZD1C3FLr13iiyGVC,0.04965865,6.18,0.04965865,6.18
LLJxHBAu4zEcxtcovjgm5WibHTNuZc6w3w,0.06076949,6.04,0.06076949,6.16
LSpvnxam2hhuDyKGEE5W6gSRQe8ogwiYsi,0.0799,6.4,0.0799,6.13
LeNkfrYk7AaZZiuWWY8N4D6vosqFZR8BxT,0.08672427,6.13,0.08672427,6.13
LQSGz1vfUrJjG8WefjHG3wRKn9vc1o7Bs6,0.07759327,6.06,0.07759327,6.06
LUwsXZ5wRZecMBQZHGGhMDLwX2VD1qBfSj,0.0646134,6.06,0.0646134,6.06
LWqFmupoV4BM4BbLt9Usqu2fkcj8HrHvJA,0.06932934,6.05,0.06932934,6.05
LS8eU9YKJGQ9YaB7eQBaSp3RWLJXWGsVMe,0.04689773,6.0,0.04689773,6.0
LWdCjUWK3KurrqjvTNJTeSMqRXjnngMZ7L,0.06666904,6.0,0.06666904,6.0
LbzYYTqSyHTfsbKb2ikUDaNVMpFqHhNg8b,0.06728816,5.62,0.06728816,5.98
LgSxLjVC7VN3ZD7E2KayGDRm6Zb5n8kFSD,0.04931631,5.97,0.04931631,5.97
LQm4ruqTUixPajvc9oCc1KqziGQRZwx9zS,0.06365817,5.97,0.06365817,5.97
LLhKEnJKk2V8QMRVbWGqU9fp6216qDo22j,0.09181853,5.93,0.09181853,5.93
Lf8qdZgiTJzN7kKxdWuF2HxwSphcwYKSZk,0.05884365,6.02,0.05884365,5.92
LfJdHK1zuJvS4T14T8X2aySooPvBMLsRgT,0.04609711,5.34,0.04609711,5.9
LVtG3sg7FZ5EGnKKKavdtTZmMwssJnXWDu,0.07744461,5.36,0.07744461,5.89
LYN1qyRoUXUS3er1GSm4JBqxkNQNmMsAWb,0.06982285,5.89,0.06982285,5.89
Lc8N5jvBXwyHSxbV9kJxrYXgt8dyWPG5vk,0.0629791,5.93,0.0629791,5.88
LZTgdpyNvbjCaWqyg5VwjvZ8Vy98ik29jd,0.04990749,5.48,0.04990749,5.85
LXHYWf6aKNd8xiiro6VExWx79tLxr3hooz,0.0495681,5.8,0.0495681,5.8
LQ4AMrgdDekJi6J3BxbqkTkZVRMD8VgndC,0.04417206,5.87,0.04417206,5.78
Ley1Q6K8mfgXLZwYRYwSxWKwECn5e8ah8k,0.06223893,5.75,0.06223893,5.75
LeWKQk2QqT4n15pzytArm6FWfNiJ1VTQob,0.07360588,5.6,0.07360588,5.6
LRZVHqMLZQSJZ5fdCV6mKMFtj8mVXETmSL,0.0621366,5.74,0.0621366,5.59
LhMYxg5vKa8Ch7dqYoJk5bVCoHfu44DKkB,0.0639,6.05,0.0639,5.59
LM2tvvGiARgJYVTr35TQp5jjmcFnoiEVbB,0.08386567,5.43,0.08386567,5.51
LayLmrbB83ByHWzPMAJMgqDwWQPCmbjhzt,0.06444269,5.63,0.06444269,5.51
LehNgqd5vh8vQ5p4P9scSKSSQDnNfpzR8i,0.05890073,5.44,0.05890073,5.47
LUghFMDGWeWnzEAr8wgggFmck3Fyi75Rox,0.0449,5.19,0.0449,5.35
LhA5ZTxHHSo4Pz9sLEyiSEsgRvAD78mCju,0.06057,5.34,0.06057,5.34
LMsZuLdmngR84VSnZ8bhU75mkD7xh1ywEx,0.05056301,5.21,0.05056301,5.29
LecmNmiCGx8JXGK9eqGsQdPuGC5KbaG1GP,0.0755,5.29,0.0755,5.29
LQJZHkezmZFZv9vBbJE5jNkNveCUCF7W1W,0.05261333,4.71,0.05261333,5.29
LMy3FHLxNiLAQA8pbZGjfWx5tAJLGk95RE,0.06949684,5.17,0.06949684,5.28
LhF5L9VdqcAkQ8gJf3r4T4LCR2guX2fbeJ,0.05,5.16,0.05,5.23
LRRGwBRw67GYQyojMVq2uTJ43pLvzqyHfy,0.07502605,5.19,0.07502605,5.19
LQ8so2RzetNCDJZVeb96Z7KZHk64qNpZCr,0.0499,5.19,0.0499,5.19
LRFCiu2vnPAvNjjuSWRhWyNqFK9CoqSqNi,0.04037141,4.93,0.04037141,5.11
LeZwpPNH4ZBjQ5uLkiAeAwTatncmYiLXaE,0.06004563,5.17,0.06004563,5.07
LKdjnfn22roaFxx6n7JBdjPy73wdk3cc5d,0.04798004,5.05,0.04798004,5.05
Lcew9ZqyawpxLZU2BRgZkVLWrLmXCuTkYZ,0.04818341,5.04,0.04818341,5.04
Lc5p5ymi5ZZfHtW56BNT1SExRoW7Shs1H6,0.05901794,5.16,0.05901794,5.04
LWn4skgqytPCBRiKtfbLRRBZRPB59StWKB,0.05573201,5.15,0.05573201,5.03
Lddm9ZWmr36bUWhmdTrgaQgvNzT75NRUn2,0.071,5.28,0.071,5.02
Ley7Csvsy3d8SQMrikGMUfUqPxStkxVM3M,0.05352098,5.02,0.05352098,5.02
LZu1FvnafemMLGgGtqw7WnhhEr6yYM64hA,0.07106843,4.98,0.07106843,4.98
LVhB65Gg9SesrUVK8X17J6gCJhfJwnNEz6,0.04939593,4.98,0.04939593,4.98
LcciQh6nz6r9wQHoSeVrox4twN8xCfP3vy,0.0596546,4.66,0.0596546,4.97
LSEyYP38FktpoR3BGm37ULzRUuERSGM4bG,0.0699,4.95,0.0699,4.95
LYQrrikzEMct7coU2muaxGwUCgBU4TGi9V,0.07034857,5.05,0.07034857,4.94
LefVPFMdBMVoH4qHRpsab35bTJzmrG4udB,0.05477962,5.07,0.05477962,4.94
LbhbYdfPKNSqihMmZG4oRbmp7Kw4UcQY3P,0.06962446,5.17,0.06962446,4.93
Lf9oxKWnqLZ1ASwgghQraLzArrfbPStijV,0.07603974,5.0,0.07603974,4.91
Lc1pkJnJhbQi31aTsbwh4udXP3pjTERRxc,0.06414945,4.89,0.06414945,4.89
Ld1yJhLiJRNxqVdtYvBHGGJLJRVyx9PFom,0.0554793,4.89,0.0554793,4.89
LMCKPt9YL8cDT7tbwzfVfEVPxYYW5AorNi,0.06317914,4.88,0.06317914,4.88
LLU51ZST1rc5ZvgF9tcb3yEyjWUBeMVLHC,0.06285244,4.89,0.06285244,4.85
LiJ91m7kw9aXnPscPKGr9ZXrpDTQwXCAUe,0.0499,4.97,0.0499,4.84
LQ29rHvRN2qjN7QMSqkPySffbhnhWtrTYx,0.05360527,4.76,0.05360527,4.76
LKuifokyJKCCpy8dRbbRG3GCyZFMCkjn5s,0.05348304,4.47,0.05348304,4.75
LUoKW5aW5jiWyQdFJ8pEdn9ZHoGaXJFwBE,0.05204778,4.71,0.05204778,4.65
Ld4rNQ7bpZiTLPPyFzFnh3kYqYWQz2V7Yh,0.0529,5.01,0.0529,4.63
LVggccTbar3y83d2FQywxaL3JwqWgYpzZP,0.05178654,4.68,0.05178654,4.56
LNXFtG8qk7uKDEyTRXhauzWKtdc1c8X2Xq,0.03561862,4.43,0.03561862,4.56
LTciqJzDTXySawnPNjvTJuejXJ93EayQLf,0.06599151,4.38,0.06599151,4.38
LKpGNFZhaiRwCoDRry51RDchNHfYLSr4Tb,0.04633529,4.28,0.04633529,4.3
LNrP4jCjNyyysKDJyPJP3RP1zabZPuApX6,0.0499,4.22,0.0499,4.22
LRzJ26BFtbU7K9KprKKHGvXpzfYsT2udT4,0.03121056,4.21,0.03121056,4.21
LQFHNbAzp1Yx74CLMCHryKPoU9pS3Q8buz,0.05529896,3.82,0.05529896,4.2
LcXCiPTKfctWjv5XP1psfxLdQK5F8i3Ta2,0.062,4.16,0.062,4.16
LfuB2fVNyB8UdaRU9UyLX94dEMA2giVTDX,0.04852274,4.13,0.04852274,4.13
LMBHU3dfzFuR6XNXtV6a1mVviweZnk1YLy,0.04161731,4.26,0.04161731,4.09
LPG5qtwKapqV7jo3ig5FHyDJ9ty9usbbLb,0.04,4.06,0.04,4.06
LU6Wn6gnsXy8dPAJ4BkHFnZ9px4FEYJRaH,0.04601497,3.97,0.04601497,4.01
Lhu5ZuQ1i9XhyXoZ3aArSQWsg3N5nWbWLx,0.05600427,4.0,0.05600427,4.0
LLBMGfCFEvd1fj3FpmbMWNn3MGn4ueb3Fp,0.0594142,3.94,0.0594142,3.98
LgVE2YMYnSqBR7CFm8LLVfURSkku3LT4gv,0.05215183,3.96,0.05215183,3.96
LZKXwujCCt5Kmo9YKf9bAiMXnWALxstWrA,0.03900325,3.92,0.03900325,3.92
LZEtTJ8K8V1mtnTnRM1c5UW35pQGRboHuz,0.05887019,3.9,0.05887019,3.9
LNHB35dCy3hAdRETG6a1mRHGbtVKiF9SVN,0.05663335,4.03,0.05663335,3.9
Lb5c9EUpo6aVVKvvFfQmbbyupU7LuMV7rm,0.03587792,3.72,0.03587792,3.76
LZWoViEaxY2URrFtRPUtxTohtQqwegX3Dc,0.03349147,3.42,0.03349147,3.48
LdhLMAM2jmBghAMTgh2T2qXsqvqb6dUFg2,0.0419,3.46,0.0419,3.46
LgR1Fiw4p7wTNw6MHBkSEjYdCALFAB6P33,0.04397188,3.46,0.04397188,3.46
LShvcCTkjgkUw7Ko6vjGUvBUgZLwScaGEL,0.03896029,3.4,0.03896029,3.33
LZnqBfcvwgwADzVeJkAtqWrgCHcDuR5geW,0.04641738,3.45,0.04641738,3.28
LXPks1qxYSvJd7fvhtZAqvSVEtc4yexUrv,0.0349,3.29,0.0349,3.23
LemYvCJkpyb8Fhyq742bEmJKQREqgkbNSJ,0.0332766,3.18,0.0332766,3.18
LcKpR34VTKZqxhS71kYF5FstqH9k5ctBNQ,0.0299,3.11,0.0299,3.12
LgNPvzYyHBLKA3LDJKyypLDav1YXk5akDM,0.02457031,3.09,0.02457031,3.09
LSNJqnbT3XsVniW8rRsdeC7bFgRLaMXLZf,0.04608271,3.08,0.04608271,3.08
LanLbrutKxgNwX84WB1vg4oKCi2VVxxSBC,0.03595758,3.08,0.03595758,3.08
LV3J1WKHZxd7bvbFrgipgLcUjotw1UwXGX,0.0359,3.09,0.0359,3.03
Ld3wntdXpWDqroAkY7iGMsqVEGJqDw8xce,0.04277987,3.07,0.04277987,3.01
LZSKw9udZGDai6U2QCojpzryVVdMeVJYLH,0.02210433,3.0,0.02210433,3.0
LNbA7erSgjkSwG89aGjbGVCrQvuF8UC1u2,0.02601669,2.99,0.02601669,2.99
LUi8KUd6cQwA6VdAV518a42QiYtMwbhkS1,0.03257095,2.98,0.03257095,2.98
LTst62GEiVDeJHcWrS3qAU81G6mBDKiT8F,0.02423544,2.82,0.02423544,2.88
LfSJJBEWFGq6p3ZV48LuuJwMxK7Pk8xYix,0.0268,2.86,0.0268,2.86
LQoptDJ2mZek4AsYYhsYKBGGHMWdfJM2QH,0.02466477,2.83,0.02466477,2.83
LLFxJf96TYG9FqVv5vvm9eXNXkFcjSrLKD,0.0309,2.72,0.0309,2.72
LLtZd2wiV5nfscpT31dPR8F2Zmy8HqmdJ4,0.03794693,2.54,0.03794693,2.69
LdKhGQdqzxfWaP8KjXHzT17SUwP9jw2nxm,0.03810303,2.45,0.03810303,2.5
LdxsfZfRVZTRwhLu8tQ7TrbsrCWanmczjd,0.02384585,2.46,0.02384585,2.46
LUgAgMVgLpPEEgkkQoZmvcmQgQNFvFcxga,0.02620302,2.43,0.02620302,2.43
LRNmvGmc4MUhW6yGg2pSz1kM36gPHA7WxF,0.0199,2.41,0.0199,2.35
LPAsiisYPvSELKjLqZ5DN8reYCBoCazSMs,0.02781697,2.32,0.02781697,2.32
LLe3rJwqJAcx1JHFgqhizCfdP7sPiALUPk,0.02589696,2.19,0.02589696,2.19
LPb1yqHZujbtSrWLdgsbwAehxVpMYfaREY,0.03259226,2.18,0.03259226,2.18
LgE7NE1GftcsvJoEQ4fPwfur9ci3WU1HwL,0.02505052,2.12,0.02505052,2.12
LRREomwkRanCApGHZyLCmMbjNok1kCpKVe,0.02250559,2.12,0.02250559,2.1
LKqprk5iMrPZkKLetWSMPrqQivs1aYLp8M,0.0178444,1.96,0.0178444,2.07
LUN36zG8AtE54fgD3pdbNbf3xCuFUKUz5Z,0.03023077,2.03,0.03023077,2.03
Lfxi3trX3BUjei7K9EetX6PRY7ZUxdC2SS,0.01569366,2.01,0.01569366,2.01
LVKHoo19Px4CawXyqYswhr6DUwzeYL3cxx,0.01914443,2.0,0.01914443,2.0
LQqeD97JAc4PkwzeEZGmTRgLfq2MKN9Ngr,0.01936464,1.99,0.01936464,1.99
LXpJD3b6BbzdcGh1pkDF93RVQASTVRsbao,0.01910177,1.91,0.01910177,1.98
LZrgaDWvJLctohiiZQ4BdSDaYphGUsYm3M,0.0199,1.98,0.0199,1.98
LL3YSPpuTba9DMjBmHFsqRk7XrF3Y1r4QS,0.02354048,1.97,0.02354048,1.96
LM2zHxXeHVV6eWibHEM5wTU7NeGrkkVFM3,0.01601957,1.88,0.01601957,1.91
LSxpi4tmMEDKtw9KUrwzqAYMJvJSwFXC9e,0.01345907,1.76,0.01345907,1.8
LMY2DJBC3Cv6pSivJYnVvTNRy6Gyc1hpHX,0.0199,1.88,0.0199,1.74
LTjreCiKzz7uJAXL1ofxQfcJhmHXpNCsAV,0.0199,1.59,0.0199,1.53
Lhbya9ANxuMz5t4vUGeDm8vvJCETUWfc2C,0.01,1.11,0.01,1.16
LWLRF7FDFvUjGRBoLt5r8uAL7rZfTPYRWh,0.0117,1.08,0.0117,1.13
LNEpzCmSfMpf3ZMNjGx6J1bTQtNe7i1CoH,0.0139,1.07,0.0139,1.07
LXD1AkMaaR3jzDnzkRL8BHnpNGwT3jFgvj,0.0119,1.13,0.0119,1.04
LWxQaEDroEZq9iFEvzDWWEjow1FE2pDDiF,0.0119,1.0,0.0119,1.04
LRqAkR9USkXvQD1uvicpTn1bq4sCkhcasP,0.01342823,1.01,0.01342823,1.02
LSuYvn4Q1mWyafuia9cbonaz94wsLfjR1B,0.01331682,1.01,0.01331682,1.01
LfwJy4n4AJajuTHf4nLB62AKSEKxaY2PwX,0.00773933,0.95,0.00773933,1.0
LZ9YEPA6QbGH7Xr5Z7pBJbasXtKG51B6RB,0.00964227,0.92,0.00964227,0.99
LPQ6rq4ZWFFDg3rnY2JkwidV29PeuRk1rA,0.00731927,0.96,0.00731927,0.98
LRjvSANWmvM9ZLrUT5q4zYxfjq4QmzGSBg,0.00824104,0.96,0.00824104,0.98
LdoXtesyHY2NwTz21gJvhf6SXjPAEjEL4g,0.01063868,0.8,0.01063868,0.88
LhrA7LRVkzSn41TR1Q2kysSWEJjMKPBpvD,0.00647115,0.56,0.00647115,0.54
