address,total_in,total_in_usd,total_out,total_out_usd
LagD3em9sCPQjdrXtNPXs5LRtqUmPw5wUL,307.9801584,23389.89,307.9801584,23495.88
LWBzdMxCmiGoMHhhhX3WM8xpskD6wYm4ai,141.08964717,10941.68,141.08964717,10966.93
LZPHi27evp9XuXmuYAkpCnNWs6pZERS6N2,127.04300405,9422.68,127.04300405,9486.81
LXt9EDsWuBqeKpT8KScgcwD9mE1JwRmMqV,106.19931988,8533.39,106.19931988,8556.22
LdekD55D9KbtwtbvLGdwWCcrP7j1ffBZyF,104.69957011,8120.14,104.69957011,8102.54
LapAs1fszjGyKC2mJaTTcdH594pcBCjroL,98.69644933,7044.83,98.69644933,6992.43
LPfrxD7BwtF5rC9A1wa2ePySJD1qrJinBs,88.67805559,6628.69,88.67805559,6634.33
LaCXRH9x5RfHTxAEyphD2bd55uAMEJ7tB7,82.68743102,6506.55,82.68743102,6464.77
LWxFeqvrdrpYREvAzL1S8hxnXmDbX15JrW,91.11878416,5940.65,91.11878416,5928.55
LgUcF55gKrsj5G8PbHqTWA1Yu5uPV6u29o,70.18979233,5407.73,70.18979233,5385.35
LVqGPxRo69YY9YyHvkrT8KRdLfQDXm81R5,70.262152,4979.74,70.262152,5021.04
LLSwA9PtGAvMyZa2r5ormppkJWk1wHjWFN,63.4852356,4941.11,63.4852356,4963.63
LbJ4cdY3ru62dafVBTEDRwzi6ggm92Dnu3,70.01017743,4874.91,70.01017743,4861.03
LfmrcKP9UytcJGH9EDUQ89wBjUxq31jZLE,63.84900789,4567.74,63.84900789,4580.11
LRoh84Rg3ymExLGgDxfFDAA6L1HqrVpmjk,62.11180131,4563.22,62.11180131,4565.59
Lb1REdbVvf41V8vW9n4xVQekwtASZbxM5j,59.72660458,4427.75,59.72660458,4398.3
LeGe1kLKHVEZkY3HsxMWT6okgswkEiqs7Q,62.92283155,4253.14,62.92283155,4243.04
Ld1SzvBPwceVw9mGQ8U442NxA28axkrySc,57.7889046,4122.5,57.7889046,4108.55
LNieJLazEEvcrBqS6UxQXAc9ep6LPPkNZX,57.62956343,4015.26,57.62956343,3996.96
LVcj4JikVviF3Wt5RT32kseKWCkCw7BfFh,46.67442488,3813.41,46.67442488,3916.27
LNUBxjX5Ld9QSF2R7VPJkDBJfw2EfNYwip,46.31892369,3779.61,46.31892369,3762.59
LV17Udmh2rtsKiCCXjqCVMvPBdjrCsc4ZF,57.00607352,3739.09,57.00607352,3671.76
Lcswmefux5KyMchsgNr3X2z9pERZp5ybny,49.45284515,3623.4,49.45284515,3618.8
LNUbvehNQGcW1tvZmULvDZjDJaiE499pBM,46.19843021,3462.34,46.19843021,3497.63
LfU3btjnB71EXWxXRRt6H1Nvgn9Mz4FXmc,43.2247736,3482.17,43.2247736,3470.1
LRfzq8mLBB8E3jfQ2XbUNCxDxyGKvrYLsX,48.26197438,3433.35,48.26197438,3440.54
LR8NTL5HbeWGrTcuUCSxYW9ThmbFpXm8uj,44.76446341,3359.98,44.76446341,3356.78
Lhyd1HBngysAtzX68s4qER1Zwvhgcrs6rF,41.40720295,3252.88,41.40720295,3256.77
LgjDdAXqDoVKV5aqLQHk4ZWhunAmd31QGP,43.586569,3187.0,43.586569,3207.14
LW24N8oBhJ67QUTgyDhB3gBCAnQsVDnB9L,40.30781467,3168.7,40.30781467,3160.66
LUh1gMy5PqZ6WBz5d2L8tgoYkhXhbLW5ws,39.48621036,3117.02,39.48621036,3103.96
LKzd6brhfE6SmGWXeV42DKWDjwF2ZUet7r,42.54260058,3085.87,42.54260058,3084.79
LKxNPRn4FBjZRHD25UVeB1M3rG9KLSGC2n,43.51885764,2990.92,43.51885764,3011.34
LZZPN5qpdWmcCUt1a3vvEbKZubd2HkKjEH,41.227955,2916.26,41.227955,2916.32
LNhQ5RyVQCMUVHbQCto71TbLWKb3mpRZAr,39.10344518,2842.5,39.10344518,2915.96
Lh6yvpt9qAJ6oGivcTtGcNHFMebDoAzNCx,39.562392,2847.52,39.562392,2804.92
Leq7TASpvLYiXk7cTeB8FpTpnXJ8QhU6zF,37.27754378,2781.89,37.27754378,2785.16
LbUYX1quaaJ7ffTv7aC2rdUoiBQAYtyA7h,33.52344208,2752.37,33.52344208,2754.33
LhxpCp68GUfZAFJAohKFo7WUc2SPVEjbLW,35.31212753,2757.97,35.31212753,2742.41
LLh9pVZeaB3R58UN8CCoRTnW6rRUVgeRAk,33.36983342,2732.01,33.36983342,2740.26
Lh7uHWshzPr1PrFzAzb75ra7DaWM8mRmDq,35.12192062,2735.85,35.12192062,2727.27
LcD6m9HBYgGwi26D3b3toF9ceDKcN4gQgk,35.38380126,2653.06,35.38380126,2652.64
Lg5y5C8eGzVx5tyqe2yJAwn2sDwKcsd3L2,35.89683098,2636.78,35.89683098,2642.57
LTCSZPpX6aAoVgamDVJgcsSpeA3KcLqhXe,38.0422466,2624.24,38.0422466,2623.54
LSgFmtzsk6BLt2Gwozex2jTE18mQVBar75,35.36776446,2507.4,35.36776446,2479.15
Li8rsNE4sKHY2ogM3Fwg1zUuveWiBy1Sxw,28.29262858,2468.8,28.29262858,2469.26
LYE4gE9uvMwJxnGowmBtVqtuqzLNhkUP1d,34.119703,2431.35,34.119703,2459.53
LbgABW94N41G4aSpNMGoNeCAMzS5vPRC9E,33.47896931,2415.59,33.47896931,2406.87
LazhXxSkybmnovtnxcpyecfzFNySd2iRDk,30.93292617,2390.11,30.93292617,2397.95
LNNdPKj1CG5iy4rQiZGKWESVVztco6HVgW,34.25755834,2350.71,34.25755834,2373.24
LiH6cbJcACCEVQdAoYHYbfhvej6rAUArio,31.92435862,2367.63,31.92435862,2370.88
LShtFLGdeUdQ4DGTkj8Hmaxgfum9NQePGy,33.45344751,2345.06,33.45344751,2365.69
LVnS8DFtpAKXdHURhzka9v6xamQiRcpfqL,33.94328787,2370.58,33.6936903,2348.79
LQGmxkbDXqJcnLqfyWboQeVfdhEzAshKvg,30.61665284,2342.84,30.61665284,2346.0
LNimSmPKJYLhGyXfEkTnRG65dTmrpCWa4L,30.99399046,2335.44,30.99399046,2335.58
LRsaU1HinjS7MymDZZ5zToVdGCWkDkrHXw,29.17584288,2268.36,29.17584288,2244.83
LLtLhCQeqdMtkSXhHGQzbyxdC4dt16ojid,26.92100487,2241.05,26.92100487,2208.26
LRTgN5ybnepVa7rDTrL3ZrLDFaF7GQErar,30.34453165,2179.14,30.34453165,2182.81
LXdqfZU29dCoxQuUVJCNmfrxuBF15Sv8pu,33.76896417,2162.9,33.76896417,2162.9
LPwkpFeZRT8N7uL74sAWZekHdJinGibqjS,29.6426414,2115.5,29.6426414,2143.51
LeSEsQwGD7xXspts9XPqye9m3qpVCNa8uk,30.822844,2114.92,30.822844,2125.79
LaTTzsnA19xWvdNp4qer13V1g1pa1wQNjo,24.49953425,2128.53,24.49953425,2113.12
LRJdcZA9s6QTTgUSacENvWB71H72x8pX5U,25.62183883,2075.33,25.62183883,2087.08
LZN5mYnaBT9GJzkshWyKYN41q3ZTrrMcZa,24.9999,2020.49,24.9999,2042.24
LSjbcg9HDPZ6tAHK9JKTVCyXZTwFHYkwcy,28.84960261,2056.12,28.84960261,2038.37
LWfzvzNhRzppQpt5okAd1Z2NE7WzG1EoWa,25.64817828,2010.38,25.64817828,2009.69
LR8SgvGZtLy36uUdcX3htMQkhFqjwTRTRH,27.85798406,2020.53,27.85798406,2006.58
LRty3oemKnyATFQdHH4Ky5qoWTVKWtpybt,24.5660731,1970.89,24.5660731,1971.74
LRoQesiRe4rZsZysUsuJaFrjAjb1LD62M7,23.92748252,1899.71,23.92748252,1895.27
LWER5aTcq1EiypjumUVydSGQE7FFUphXsg,28.98822977,1878.4,28.98822977,1884.1
LVQegNkCMTXoEurYKTABYcFeHWucJUnNjr,25.19804845,1863.47,25.19804845,1871.58
LQ1BqVK3jqFbZ7TTsrdsfuAr8sYkY8sR1j,25.06502551,1807.09,25.06502551,1851.38
LiKzHc1K7pB9xhYN9wZC6QknJ1w5qVxp98,25.38460275,1839.24,25.38460275,1842.74
LRKmzjbbDLBV7EvB6YM7xVdsx3MGsbQHzB,26.10392918,1836.04,26.10392918,1830.71
LNgZmqd7NHoJPKngnfQMfwY7fdSsE3p6nN,25.2032116,1804.99,25.2032116,1819.73
LdrNp8dfwihvLiJb6UNY9nVwJRxtw8aVZL,22.96617632,1814.24,22.96617632,1816.84
LcDYxLvUXkWjdoUxvSV6RuAEgKvcbuY1us,28.10851445,1814.55,28.10851445,1815.96
LbcJat15EKAbchtVKLTiomxyvFCQULo7Qu,27.19698585,1795.55,27.19698585,1793.25
LWBoM256VAYyCfdF1okFvjDMwbBJaajAaf,22.5092015,1748.11,22.5092015,1767.56
LZTGGU6pHasSv7N5YxyReYF45D7FZjrdW1,22.12594671,1752.02,22.12594671,1758.73
LKknyGtAYXKyddjKLacsp3YrUpSwaAH2jV,20.492,1796.76,20.492,1719.14
LKqZqisZtnh3wUmc3KmjL45wUwg2u79vSy,22.15554155,1719.55,22.15554155,1712.86
LhGYgACnFYvcJqRbB6DNCTwCuxViqAF7Ry,22.86554341,1684.64,22.86554341,1672.7
LeoctxQuPpvYDivnSLt3W4RDRx5fhKAdXx,22.45414854,1625.71,22.45414854,1646.28
LNvZ9wZPg6MT13bzsaQ5qFQXnmqBcVKT5Z,21.79612205,1621.98,21.79612205,1627.99
LUUhfb5upGVjEai4UyQwcnnPYBVmbdCGom,21.71684358,1608.84,21.71684358,1609.39
LiYUDYdutFSBZ28LAbBe3sHmDPrw5j7Rd6,22.0,1609.08,22.0,1609.08
LiQq5Fjz6nrvyi6iuyqZapRdd4C9qNi8A3,20.87816633,1574.29,20.87816633,1602.5
LTa59jK2FYuLGwxcmAnMYGwxcz1r8Vx2SR,17.075704,1550.56,17.075704,1589.49
LP8XDvmSxZRf4qxdr7KNrThyLCUmSCAvW7,17.7583029,1630.8,17.7583029,1584.71
LhnGLZSyErMuERvwBXvnjTys9GJkqny5UB,21.54240728,1584.69,21.54240728,1580.27
LYTkFnxjNVeN23dG3X2sDgNGso9JmxijbG,20.34059909,1552.6,20.34059909,1569.68
Lekv9f5g7MPHYPWzeNdGvpt11cTFpehbNq,22.37317311,1553.09,22.37317311,1554.68
LKNqSV6biaRUxarNHVSB5KAtGs92ewKMtW,21.21550677,1560.61,21.21550677,1554.33
LSWdmmXuDcpdRmALdAFiefdwSUJb7UJ4WU,19.85993066,1548.89,19.85993066,1539.9
LN1spUHJFfXH2UD1XTjZ5owiMRCaQSEw8r,21.00016919,1531.26,21.00016919,1539.54
LTno8XfrLGQKcSeWoPM8cSdWMetTktdoxc,21.767208,1534.92,21.767208,1536.95
LPNwKiUba7xFHaMLfaiaSQNEznYJhocxun,20.39987007,1529.38,20.39987007,1535.73
LUJ4aDzQW96G8LZ7LtKoQX3mm7C3WQsmwa,20.20132662,1519.0,20.20132662,1528.54
LKYBtVfVQUYExD2UxJhQBCbLTxMTYjbXXx,19.80692224,1517.89,19.80692224,1511.37
LfemtCNVTyGeefMT6Ak57R1s11nfroZnQ9,19.48734079,1503.87,19.48734079,1509.72
LSCJxWnyWkwwt9zaa1GPXayDBA6bZJKvws,23.24046517,1496.66,23.24046517,1495.79
LQvUwgUvc5vtxEAHBpDMpmAhnMLWGwmMig,15.94545858,1589.73,15.94545858,1492.49
LaPpnsZ5ue6fLhuxbC25e2YqvfYK1JEZ3e,21.1308716,1488.16,21.1308716,1492.46
Lg2wzPrnM1W4gRDvEr9WhhQ5u2cvov8xki,20.45346021,1480.06,20.45346021,1480.06
LVyNFsaTrkXbNqfrWQb1TxnifYezgXaKLg,19.69637692,1481.09,19.69637692,1462.91
LSoPmAZ3Ysgus2hzoEcYVBkKSP9vrmkfV1,20.45924318,1440.55,20.45924318,1455.87
LaQvnsQLsnqm1m93bRBZqkYsD2YTpoHtVC,22.77524901,1443.59,22.77524901,1439.53
LWmU6LpR4u2QAz49hcnr2zYdGKZ5FoFQRd,20.01164548,1412.81,20.01164548,1436.44
LSZQ5P57gPfWrYyuhU8GvNAnsUcwiBnHbU,20.03209134,1409.5,20.03209134,1425.7
Lc6NdiskkSLYqJU1X4fWo1RmpfJGqVySeE,18.68895298,1402.17,18.68895298,1417.31
LNdYauxUuG3o6HuhXJvneZC7rSkdCELG3K,19.01781751,1394.23,19.01781751,1407.64
Lg7z3oUZ8NZs6BT3QYNRVdinHpVkmidovV,17.60002813,1436.44,17.60002813,1404.9
LfHNBSFQUQR8aQc8xwDMKHB2sJAv3zh1hw,19.33777397,1395.15,19.33777397,1380.41
LLNbQ4RuRU1uzTq3octEkooVHJT6R2g6Tf,16.26266253,1380.84,16.26266253,1378.94
LensMEWXuCcZMr78z4KAnAaX7Fbc6MTuGE,20.66258205,1394.23,20.66258205,1378.67
LhtPRwNjwWwoRcWXSrRexfFENmZm5ACwDb,19.18076944,1368.44,19.18076944,1378.38
LXMa7eBKZrcZS5kNbju3pLEeaAGBnceiZh,19.33589294,1373.88,19.33589294,1365.69
Lc2duPA9XgirQjjmUpRtiawjRrqALN2MZ7,14.32953844,1344.14,14.32953844,1360.71
LSidPVcd1bQHPrB8TxQs41uQuDsb5xufbe,18.71811524,1346.21,18.71811524,1358.43
LaShvhiMebLhwu95AdcJvVCMFhGhDBUh36,17.80588714,1335.8,17.80588714,1346.39
LSVfgQvhBVvVLxGbUfEEcFoR2Zev7yzgPq,17.05078815,1343.6,17.05078815,1337.69
LPtSjCGhD1HvFFc3PK7a1koToXni7oRmhh,20.2589882,1314.42,20.2589882,1328.88
LZi9tm8NzqWGELnY61YNt9TzZsTNHU6Urf,17.17059309,1304.08,17.17059309,1316.43
LQoLkKF6tNynyry7MgaC6CFgAPJiaWZosb,18.88896525,1304.17,18.88896525,1305.85
Lgqx4WiCyeCvNo11EcEaLUNw4RMmbdMvZh,15.70384716,1309.61,15.70384716,1300.7
LMbJGu8mner3YM1Fsiw166AQ8vSS6N1Zag,19.08181598,1289.46,19.08181598,1294.7
LTSnJNWRejhAvtuq22ZSRwSkvDzt3fC3xT,15.79516106,1301.92,15.79516106,1294.06
La7XpXomaCoebmND1satn8QRPLBMhVe1YC,15.79778679,1295.19,15.79778679,1286.23
Lg48U8EnsazijrRnwsjwEm3JDCMLt6SFcT,16.1161316,1286.09,16.1161316,1274.78
LMABnedpCyakn5oX4GgBzZjaaZnRLeFtfE,15.4712374,1264.37,15.4712374,1267.79
LLkBZYrEP6dAocsGBBZaiLVDkbMrKcTB9D,16.1543928,1246.06,16.1543928,1258.48
LW6AVFu99gSQ74e2QL9ALtquZ97nNsSd4h,17.53955793,1249.02,17.53955793,1256.06
LWQgFMkZd583KLdZamxX2rBbRU9ar4p1kf,17.16565857,1253.2,17.16565857,1254.13
Lgrme3GZAQs77gtKxujMu8vt6iQWQT5FGV,17.0,1300.67,17.0,1244.91
LMYWAPvrsthFPHMXZRnNZWs3tdPvDxxZQr,15.69969445,1253.05,15.69969445,1242.29
LMJEDQLomw87awqwLJqvgNoN66sPJqis4B,14.82109491,1227.26,14.82109491,1238.4
LbeAWxfdRU1rsoRrJh5ZjGW2x8kcvSDESq,17.3648,1228.22,17.3648,1233.58
LQdLQYV4LWoqHZ5nDmBvNWsy28FxBd3tD9,16.76425882,1223.95,16.76425882,1222.72
LUJ2QnLx7LEBzmVovQvNL8soTzYpMw6MBH,15.72874261,1225.82,15.72874261,1221.21
LSqQPpTFucCczzVMy1u8kmoxuA4ruez5RU,18.22863107,1223.72,18.22863107,1216.82
LcFfcZik6sr7ePpDMjhBqT6tX8yQQvsYGp,17.033348,1198.44,17.033348,1214.22
LPQV3imbkEifepEM49Qdjp1eLKT7NNegBV,14.96724228,1211.19,14.96724228,1210.88
LLJcm19su8HXRMPftdawuqKvrLYtPPYt9s,16.06288299,1217.87,16.06288299,1209.92
LTwwUTQbCMCERb5akqNUQt2SxcgQusaa4H,18.18698496,1208.88,18.18698496,1208.52
LWTWwnkp9ShyQb27UCkLBJ6brXJhATJGjV,14.5261126,1211.28,14.5261126,1202.09
LXj5VMpUuM1ycHo2TuKZDUwTV1z8joew35,16.95854884,1201.68,16.95854884,1201.68
LUWrJhKkK5pdw7o6mvKb6emXRXA3yeNHMm,17.01131031,1176.87,17.01131031,1198.13
LU2rAu2eMK28kZ594tqLq5MgeDmF9VJCdG,15.56505291,1196.68,15.56505291,1189.25
LgkLKMmyk17g8vDNcZySGYVaAAhsq7djiC,18.67366409,1186.62,18.67366409,1187.78
LSBoNCbau8pJmLzx68pRj45drFpbEcywYo,17.0001498,1187.12,17.0001498,1187.12
LMbpWnyJ6ydXyTrNA5dXx9pt5MPM6XQkqv,15.99085937,1176.33,15.99085937,1178.58
LPdWXdpMCDY3vac57vxeH8hZrSVAZZMWrw,13.83134075,1164.85,13.83134075,1156.53
Ldn3jEm2qmKnsCCn8y22Q7sJAacwADswjL,15.97429561,1143.28,15.97429561,1155.1
LPP39CRk38T7jp2Sec2Jq1EYDo9yySgnhu,14.6158238,1133.31,14.6158238,1138.27
LSNf7GjfJYkXtmM16BM4vLN4ZpdFWpPrwC,11.68457233,1133.03,11.68457233,1136.97
LVxsqJrbNFsePtK3HhFXvVDZY6kBmjEbCE,14.40428876,1135.07,14.40428876,1134.78
LU9vSyp8uJ2oHZ2qqbmSVNz9F6TDwys23a,15.78317685,1128.92,15.78317685,1130.74
LhE6kAJLaHiqjovuuqnihhyZDQSvPtajub,14.85917477,1130.0,14.85917477,1125.55
LQVV8cGqe1xJiXRKzm8pnE1MFz6zwJYHbT,14.4790976,1117.76,14.4790976,1115.74
LMo8tjcQbRne9oWFVARPAtr7mHzaV5h7Dq,14.79223999,1103.07,14.79223999,1113.89
LfetFu3oNtHqsvkVdGjom9gvjWkSDvKmTm,16.5233009,1106.89,16.5233009,1112.56
LL1jK7kep8W3uQnp678E3UVXJ2h8K8xdwP,14.4864907,1102.08,14.4864907,1111.0
LShCpThaTLSGpFKJrpvBF6K8cBndgfpJyB,11.61183284,1097.41,11.61183284,1090.45
LPAg3hQNxAVbWDdz9W5Bute6omsa8VGT28,14.4500023,1075.62,14.4500023,1087.71
LYbdfN7ayTbTv9Kw5e9KLPU95nm8HUAp8D,16.70388058,1060.27,16.70388058,1057.33
LTfnVeQ5doPXZ7u32nEZ8usMSmzKjujZLp,14.5917355,1054.81,14.5917355,1045.4
LUPUvh64URRBx3omQcPy2oF4uhGfMmhDoi,14.8,1036.44,14.8,1036.44
LMyPXjeQeb3thBmPhtiV4NmpQCBaAWUGK6,14.70546953,1048.3,14.70546953,1035.47
Lc7DMcZkvh7XV4nu9GftSokPMG3HGfda2c,14.19036294,1006.52,14.19036294,1027.95
LWT46uYFbecAbZd4DebdvG9kvcSp7RWHVe,14.41519648,1019.85,14.41519648,1018.23
Laj21dbwCTx2AikYhtWdGQ6TPCq5mALh5T,14.0,1012.34,14.0,1012.34
LiTQR2zeZYkPgqyJX81tLCgnQWvp289cZk,11.66992777,1009.53,11.66992777,1011.16
LNUzmPhQqdSY3V4gFCkBYNTL1NdVFEQd51,15.06541206,1005.44,15.06541206,1010.7
LLa2YHqKjcPGS35huW4pLkEKGbPd38f2Lp,13.19481505,1001.15,13.19481505,1009.54
Ld4HLEZX4iHVvZTUFqGEydS3hJ53My9inG,14.33773265,1017.52,14.33773265,1008.67
LQVRWZR7Hen1j3dMLNxgKWMKZv1CyTZgGw,13.40438837,1013.42,13.40438837,1008.1
LKhQgd85jCZu3kMn4qS53ZVsxTjmS8urF2,16.00146928,1002.64,16.00146928,1006.9
LKn7hVBLiKwLGr2wqxH3TMRUp5r6iwyNQG,13.29924813,997.28,13.29924813,1003.96
LcghXHXiYtFSs79859YeeDC8q2aNM6KSzC,15.02380373,981.26,15.02380373,987.53
LW9UHSrNFPFWHeEfiLfUhvpo4twqD7BQh2,13.34901721,982.66,13.34901721,984.77
LKMFfjqMFxwQpUgAe3eBanbHwCZdpTDqpC,12.60382033,951.08,12.60382033,953.82
LiKst4TAGdg9XKDUXAYkq3W7oAf8iNE3F6,14.37627836,947.15,14.37627836,951.28
LLzpK5nxNfv3ZsBPzNqG8c6JgR7DEUasey,14.61403956,948.85,14.61403956,948.85
La1ma6akmDzf3x6gnoJg7fELPQNayEYp21,11.95471666,937.85,11.95471666,946.12
Lh3NpwqYyuKPkM8MBSyravgAq6PLZh6Vk9,12.21367406,944.32,12.21367406,939.33
LgcP9vhjQ2nbQkQw6dvDTKhDuuTZH3pLJY,10.8526693,925.46,10.8526693,936.86
LWdnXU1nNoh2BMqCKFv3imJkMdHpjjLgoc,13.17249068,926.8,13.17249068,933.85
LceK5NLp67ViZGuN5QrE2BDBF5KF1bprPD,11.98279352,919.43,11.98279352,915.86
LfEfu3ZBB9m78nTE64QukiYAqjQBFcgHZg,12.23497176,915.82,12.23497176,909.14
LNjvbF7DmXy9spWXfuCfzADDMbhzfvSPCZ,14.18213219,887.28,14.18213219,905.42
LaJJkbzojtKiQo2aGT38QzJCWyPgw16Rbs,12.32802546,890.56,12.32802546,901.32
LhBdANjp52aiFsgrtm7B71PYrzS7kjMhYo,12.61539176,897.62,12.61539176,897.8
LfkKY4gzDSJRUeJ6BwQb5A3Z11pDgY5EyN,12.407572,896.23,12.407572,895.11
LdLkfeNwKQfRhHAGHNpC1fM8r3fPRWveL4,10.8466,881.75,10.8466,893.67
LdTQvvrEvtDAmveRbsyX1j1zweroBQQiaG,11.713107,914.91,11.713107,891.51
LdqJu9mBsCZUMDKBdK6ovw9cvyPRo82akX,9.53538672,896.01,9.53538672,879.86
LXeZ2WDxdkBomxrKvcrzmCd7eshTgN2Jyk,10.9438495,873.96,10.9438495,875.87
Lh6Erxe78gMm5FYnFLgRWJk1yQbqSUbSdJ,12.38140635,888.56,12.38140635,875.86
LgdNM17KEuKtihCuzykRhvEnfLoeuULHib,12.14458437,877.83,12.14458437,869.87
LUYeSx3JaM2e1Mkr4fRbd9S6Ujvin1UbPQ,11.15025711,870.49,11.15025711,867.35
LcEu2gK5GWEtgPqykUnUsnQELoF7ABFZ5y,12.31035428,866.23,12.31035428,866.64
LXfyhsRJLUJCC7szfDG6dpwUfxJuX1Hvfq,13.27369192,867.68,13.27369192,865.54
LbrJNwhgHrrP23bq7GWKfze2Xz3RoX2FeQ,12.2919559,861.22,12.2919559,865.1
LWtL9EduYLprRW9CHG9Gb7Ktn9Aga7YtfP,12.29017135,870.14,12.29017135,864.44
LhhZRddSGTTwoVBNR7L4Ghx2Kxt1zYxnxY,9.92898954,860.68,9.92898954,859.91
LUeoZ1GDqxnmhwrhtkhk9ZZvYWvCE97aEv,11.70746714,839.88,11.70746714,843.12
LNDzo8ohYVVPcJiaSD8f4Nf76dD1XfTp7x,9.53347051,821.47,9.53347051,839.22
LQm27G9f3JqniDpkUMrdezEGjcPrZQnWHj,12.07616839,830.3,12.07616839,830.8
LUbjzPVNRpHLvsn5Ee9W4Mk3c7tPa9M1tq,12.14444481,837.23,12.14444481,828.29
LSkW8Vm95ykWbayhjpwTf27pTqf7VhUxDA,8.71506521,836.42,8.71506521,828.12
Lc7jiAzr7wmnA1UDLMqryJLvhbjaXoHgf1,9.71486295,825.87,9.71486295,825.54
LaCcZMyrAJfYLe3Auj5tju1DEFoB8mba83,12.59069603,815.36,12.59069603,811.37
LL4K2zw87bRegaKNVqV5tMsbZA2Pa6T5SP,10.44263934,813.46,10.44263934,810.75
LVj2jYg4FsKhaWHB3WDtD9tF2WAovwKX3u,10.83,811.61,10.83,810.55
LcGixKxJydcjXwfAiDnq5NsTjy7RTJzNAD,10.31792175,802.8,10.31792175,804.42
LTQYGbWPEZeR8x6AJFUS1X9F2mQfvVNnJf,9.65984418,812.53,9.65984418,802.82
LaA77W5qj8kPwDMEMPnib5fWTQsKD5cAnT,11.50964737,797.58,11.50964737,799.46
LPpKQKpeKFx44zRVwxDNdBgKZmMphJ4XHD,11.41412878,792.66,11.41412878,794.44
LWxLPKFrWTtLmbie7vGTiitTjL2AXkrh94,11.22792429,783.39,11.22792429,784.17
LWXLDrTJWV7yXQnkRLTmW7oXexViYeEyqa,11.306,782.6,11.306,782.6
LhAyVT4CvtkfCzxirgBG3pcdfi7Y4G9JJc,9.75675394,779.46,9.75675394,778.89
LQ8UMCRyqFpi9JNzw9hvGhravdDp5Vrbo8,9.29113579,766.52,9.29113579,770.71
LL2KpDkMx8B6DugSqy2EEVeQFWtE91uk2x,9.89934531,761.94,9.89934531,767.16
LYBGGFVPtuo7iPNNv57bnGjnRFKNdiQQ4G,10.11394386,763.25,10.11394386,764.65
LeiYXh1XFwZyS7d8vUu41qKEuaK1jFy1yc,10.77871415,763.66,10.77871415,763.89
LZ22nEa3jG6eJ4Agyni5odDZkmeybNA3mm,10.48096621,763.52,10.48096621,759.04
LYvU4JkSCjQmnMJrWNPRTkZPemuameEU36,9.40887008,759.95,9.40887008,753.89
LRTjuaXjqbPGZdcRjtNoHx1vvpCgjC2r1S,10.43013088,732.82,10.43013088,753.78
LMLYs6bQvFC5Hvf8xj6Js5uqPDfFnGoZXC,11.77624581,760.96,11.77624581,753.73
LNBynSXadEd5KvoqFe8BNNZfzzoWYbCchY,10.71861472,741.94,10.71861472,747.73
LbjzPzad7HCD1AgthsS8gwejp98NaXeZpQ,10.20084673,744.81,10.20084673,744.29
LME2VC6bx6o9W1QJXRqyQg49CtTQ39wFY4,11.27048327,744.57,11.27048327,741.29
LXCreDnXpA9LstTpQDdUyuENtaaxzv2xSf,8.95940554,743.59,8.95940554,739.97
LgHBXqb57or4VdxbcRg24reJNo6FSq7YVc,10.49951783,749.69,10.49951783,738.7
LcD126qARpuZdqjaMAc54iaNRQ2x8DsrJa,10.52673049,729.39,10.52673049,732.52
LUM3oBaURnSCY35fFBJgfvjtqBj9Nn55TM,9.97343537,727.7,9.97343537,732.16
LWDCnswhe3Lok1w6CtE3zNwJ42dkXTBQbs,10.449,731.17,10.449,731.17
LLrUDZoe3WPTCvNXXFPVijBs46AtFCiLQL,9.37652899,742.14,9.37652899,726.23
LdRALyUQvKLJknPxWZjuc19hxs9TF95Lux,9.32517303,722.12,9.32517303,724.8
La34Vto2poMzUie8pt58shHyAdfs6GEWU2,10.49181893,717.39,10.49181893,719.2
LNTr9zndA93diY6i4wFctL8bauThPRojt1,10.111078,713.31,10.111078,718.62
LWHDdQQAaxABfx41gm1sz6jiD29ftdynij,8.8338336,709.74,8.8338336,717.5
LPyBHjWXuuJpkDGMkzDAtvismo5Ez5JCFX,8.46157824,699.36,8.46157824,710.9
LY7poo8ZWfNjuFzte2vh6dJWSrhdFAgLke,9.88962329,715.66,9.88962329,710.24
LV31A48S8mU9fUkJSEaew72k6wTuf3BBjq,11.33,692.3,11.33,705.65
LUPZt6xHV34uoKDQnWwogRiXJ1HL7CYqUV,11.2130668,711.4,11.2130668,704.08
LRRZ4qA4itiXx9VDXdTPKkPtmpCpdk3N5B,9.841148,698.03,9.841148,698.03
LS38MrB2a6qaJxYV23shE54hsuia6hdd6H,8.80652064,694.94,8.80652064,697.72
LZ77YLb1jZMoR1zxjkCY98bE5MPxhwfbks,9.81928931,715.38,9.81928931,696.79
LRL9b5EiFSSQb8w2SSVmrtWDQ22NZHHGco,9.78508216,675.15,9.78508216,694.77
LN2gNoXyPtsouWYKKG8J4nmNuaevZW3aQk,9.06190821,713.12,9.06190821,692.55
LL5dCWidjDWLFYDuKFTWPjJh15CtDRtF23,9.35528641,682.06,9.35528641,686.88
LUckoZGUKyYoQZj8opYMnpQXhzvegzUnVy,10.218,685.82,10.218,685.82
LPWDyCSNJwTDPeSWa3tJPM8aFfNmLCn9s4,8.34106557,687.38,8.34106557,679.07
LWxqZ9rs2SXHsiUkQ3zF8UdBwxPKaWhq3b,9.67279776,670.5,9.67279776,678.2
LaaH3tyPip6pmgQnULjjrLLGvdG5P1oPwL,8.30885781,684.11,8.30885781,675.52
LfUU12vudKtjwVZ4kaziP16FqGjQFYimPM,0,0,9.33404,674.94
LdE2kxuPMCq4ZNyEEw86YrKzJR67WMZ8qg,9.3032288,677.3,9.3032288,674.36
LdWM2HaKJF13KrD7aYmMPhPG8ytT68Febi,9.0463654,677.88,9.0463654,672.01
LKjVPFmpxnaQLzpELhPALuYFgStvaDAMVX,8.13111969,665.92,8.13111969,665.4
LUMSTSPvKiUsKuBqtGxHuV3HkG1VTZf91h,8.21203728,682.99,8.21203728,665.14
LWmrhaS3dozntLHsGYEBTHHtEUrUC5UMGc,7.77751778,649.62,7.77751778,662.42
LhtxJL7K2y5s3mHqLgL7rd3j5GGehpBHL7,7.66415566,652.88,7.66415566,660.71
LcXWe9M3zN1hsxhEAEvrNULeXGpRhGBBhq,7.75314404,678.82,7.75314404,660.01
LV9cRhz8TtcuE4ZVAuTEeDSeJpo9Vw581N,8.93644167,657.4,8.93644167,658.09
LhtkZeUHLX2iYFUc4GvsCEjKGu7hVVhjWm,8.18036681,653.97,8.18036681,652.53
LcFYtbCJS8DqZydZNe3XZMvaUtzpCCo76V,8.91920986,631.47,8.91920986,644.5
LahnrEeDsPEbYuhkcj7tYmBGazW4cb6dFM,7.87444231,650.91,7.87444231,643.67
LKtJ3syJrxrxTsZ9j7WjwwnJgnKLFuiR5u,9.17013011,624.71,9.17013011,643.23
LgtNJqUvwNX26LWzP8EUWbYpBCjX5Bqe6f,7.63962429,638.45,7.63962429,642.52
LUiEhczeip96JwJxuSf78V1HXmN4Wa2WD1,7.49248006,636.3,7.49248006,642.49
LPysYKFa6AyNVKvEs6MesEUpQRK5jEvx3R,9.41959025,642.11,9.41959025,641.05
LNmTAzV8Q8643VHRFgtNshYkLnUtfCES6h,8.34177608,633.54,8.34177608,632.28
LPjymJyZSqQqokovuB6jvCzZfn6aAif87i,7.75829906,614.17,7.75829906,631.48
LgbLd7VxCubXSGmu3nq9Ye5jNKXoNWnUJ9,8.63910478,636.0,8.63910478,628.85
LPMrtTqpfNeqTTtxEGUoa92SorYw3SbHh1,8.36251745,624.46,8.36251745,626.55
LWYh4E6u7JgeFkENTzAiCTWukpBMQos2bU,8.84911689,628.51,8.84911689,625.45
Lcv4w2WXyEjtF98gVVX1T3njHsz9EnK26M,9.79922048,624.89,9.79922048,624.89
LQDHmLrVFV5p8ech5VHE874zZhPFnwVSzB,8.60420977,616.97,8.60420977,620.68
LVoPdsSdJi7FjSHbcFVNvHcQJ1HgLB2pFg,8.7727685,633.29,8.7727685,618.19
LeXnpFGg8ruKxH8p6mwSrAqY817MYazumx,9.49068732,620.09,9.49068732,617.76
LRwgSwV68rkZHWx1jSBZ9vjesfCBvbi1oM,7.6490634,619.1,7.6490634,614.09
LiKiNpHMCHDWPEEmDiZSo6tnrLLSA6yRY5,9.76183109,581.17,9.76183109,606.72
LXFms8w6iv4DCqytGk617RMaqAvcDzpXVu,8.37504941,598.07,8.37504941,602.53
LdBDU29KHbr7ACsyS1WAKNvsVPwFkR59KJ,7.155,595.54,7.155,601.52
LKaDXKJFrR3h1MK7QBZHziC3MbVmsnEeYD,9.16669209,607.49,9.16669209,596.78
LYJuUvVKbD2MZi69QTkjCUzTbPAhUaQyA9,8.394,590.52,8.394,594.65
LXXxEkNn9LaeYoJk9rdVFtWKnf8yfFCfkF,8.48661868,590.97,8.48661868,590.97
LUsNRok1k3h59jTdgorz7E2hk2TXGYGTRy,7.04536827,595.45,7.04536827,589.88
LSXwy4HuTQqetLJh3MyLadrNvWx6W9Lc4R,8.51699381,593.41,8.51699381,588.45
LQZusD4g3WBCNok6kjhsPv5af3Vv8LHuKL,8.26319971,586.36,8.26319971,586.36
LgnsGJ3vQbiVGA2VRuUttAXYWsgmKPyyiN,7.82233889,584.18,7.82233889,583.62
LdC5REbrUpsTvMDbufUWo83WtCBdsb3BS4,8.8426616,575.85,8.8426616,578.3
LT1zaxYTzkRLLL8Ehzu222jDpntwJyuFub,7.19834028,579.15,7.19834028,576.63
LdoTAcRWtFbsnbfx1mmNM7N5NbYxSmpwwH,8.22529106,576.72,8.22529106,576.01
LQ9PpDqqjCLsQixkrVoWfEnrHmr9ZWXy2b,8.81062176,574.72,8.81062176,574.72
LUQTANh9ZaSzYjyRYjHUGwebFPg1KSrFHv,6.0721,561.64,6.0721,573.34
LSRQbZGuA2ucWCwLVph53oXZrkypS4xyLW,8.51360474,570.84,8.51360474,570.84
LgiW1YmBT1Az3uwC6GhZnt6Lxjz3i7svDx,7.9643407,559.88,7.9643407,567.21
LdS4dqpXM6YsG4BFXQsneEk1Let6jWuuGa,7.61333582,569.96,7.61333582,566.6
LWTDFQsZNZQ1EwPtuVegPS7sSfxBYUr41T,8.70163838,543.19,8.70163838,564.34
LKH988p71UHXfgSwMqibQ5YkaAmGcK9BLx,8.83518621,566.62,8.83518621,564.13
LgmEgtAQmsBaDbUvGucypKoWBRu3ucfsuP,8.60319985,563.51,8.60319985,563.51
LW2xz9tJpkwiMMrYWc5tfmnPYMA6zYPu6R,7.37087669,543.4,7.37087669,559.59
LSifbHv3cBnnanPw3VjSKKtNUWzL4cxoNC,7.9811805,555.09,7.9811805,557.83
LVcUPyVZ3N5z6jk3gFmocxw7qVWHbCbhKY,8.84342567,553.66,8.84342567,555.68
LUaVLfF212SieSi6CZyQwRuoJ6WDiAva2h,6.60387791,577.38,6.60387791,554.65
LNDLR8jAKZqHmcsEgKW6JzsChWmkVjPu8S,7.51470928,552.11,7.51470928,553.45
LVtYqSycX1rLUQPZ4VsyyFxG4gFdpHW8iA,8.34314344,550.13,8.34314344,550.5
LfEW7vNFojbouKjNWNrrytxgvn6GPLrg1b,7.10143017,556.03,7.10143017,548.7
LcTwueMEfGfyBzuhfmCjBtxeaFnyyQSD51,7.0921137,544.22,7.0921137,548.68
LV6NMv4GjWnLvWddCXK8seSXz4HHneR3g3,7.9975912,547.18,7.9975912,548.63
LVM16zGKjCfUtuxfMdYXqvtnuEbgotKEDH,7.67616781,536.72,7.67616781,545.41
LPGGzQ28YWt2zAFYTeKpdG8kxetqLroeX3,6.45472413,552.01,6.45472413,544.32
LaVyb8FoTdKAR5tYrCPnYGs6knWH5KxHRs,7.62948921,554.7,7.62948921,541.86
LMpvA5e9j6nkPdHbF6HvNLLZSMHRVf7VdV,8.015809,529.83,8.015809,540.09
Ld4ekytVknWW37mEQBdoAgsW6YroFKHSVL,7.09247069,538.1,7.09247069,539.6
LQdhVdy6DqSHkGgXc3eapDP4nvREAPiMe7,8.84156005,519.37,8.84156005,536.24
LdWfMK3XgWE666nvvLZGhNvjs4hSP7u42R,6.27633955,542.33,6.27633955,532.9
LiBJFtvV3xqdQV3DhdzmZAi6mGfd729uSS,8.30067749,521.31,8.30067749,529.51
LhzaqmuWnMa1ZfPdJzFtfTYfBoDGbvFbin,7.56354582,531.57,7.56354582,528.31
LUHnTZ5vdNFSWKvahk4kN4wnSmdMNqXVdE,7.70802233,526.9,7.70802233,525.71
LQ7VPwN7FYrTxxAkDUQTQDypXzNQisKQaK,6.6360462,514.31,6.6360462,523.48
LbcE9TN7YHDtUaov9Hb5qdAuNTAtyEWfx7,6.1622,521.87,6.1622,520.84
LLBsEYfUZJrH2AoLEBq8wdbNywoPNDn3sm,7.80207473,519.11,7.80207473,519.45
LSPhboY26gKeoLPjoR74VXSYcB2Bforme8,7.00992124,518.19,7.00992124,516.27
LURSHbbMaKuumtFDa3UpDhTrPXit9SexmX,6.8568915,513.44,6.8568915,513.44
Lh3AsSgR9gixCbgnTQYbAHvqbNuDZ17LAh,7.30471188,506.72,7.30471188,510.12
LLGytesgsr6Bftu2pKBNiNDA169cX4NNRg,7.6988403,535.22,7.6988403,509.28
LKvNJdQr4FPaWDgdEwQG7wQ4jPMomw9WEF,7.68004204,503.35,7.68004204,508.61
LcNx8suUpuCzVcEKLefCRjy6oPi9SJH5x8,6.5027,504.77,6.5027,506.64
LKpJPCZiVNNqgMPeonDZmkTq6x3BhF9veR,7.23718148,505.32,7.23718148,505.7
Ldw4Jh7mvFZnuCjQmQQvorRE7gqZdvm9XQ,8.2,491.86,8.2,505.31
LRVcU9AKt8Up1cpHiEh5uWeaSiY8wRVNxn,7.9444368,506.19,7.9444368,504.35
LMDW2jChgFB4DeN2X5tHBpTVNrQn2xTX81,7.0534581,505.56,7.0534581,502.94
LcJ9csvU7SnDVVfA9oufaaKeGH5qncyzWX,6.8065064,511.22,6.8065064,502.7
LSCHtJwQ5QyKdv78qkmiVY5N2L8Tythtpb,5.90728254,527.35,5.90728254,500.0
LYBiqh1ubpNhHaVuph4wQ689rVRrK95wjw,7.5324,496.87,7.5324,499.05
LPH7TvdA7KRMZqY4QGywKDjKZgoUjkaacj,7.089902,509.55,7.089902,496.51
Li3jdQ2bz9hPMSquAQVkt7ANZAEHuBXFEZ,5.89121629,500.53,5.89121629,495.92
LY1y1JTbf6BYgBVYuqrXgKTvmqRYH2DgZm,6.93206817,493.71,6.93206817,494.45
LVhb6RQT7iwSnJS6BoEqcwzD1A3tYMU7eQ,5.26584379,484.86,5.26584379,492.75
LX38DEekt9tUQNLNVqSGCz44GvZs7FETXq,5.21270602,487.65,5.21270602,490.57
LND1DoUvFmkkyfGPZBrRQ3yjrkaHHSRhtY,5.14603539,491.56,5.14603539,490.43
LNKywxvtwcwb1Qj6PxhxCfCxYkVXMooXKS,6.30729251,480.23,6.30729251,489.08
LfxtEUMCoZsrz1ufYFQTS51snFzLZqBZr2,6.76850947,480.0,6.76850947,486.57
LUAeddZiUwdphR4RTSVhksqr7V7d34Ct9M,5.92642002,475.9,5.92642002,484.74
LiCi1Vi3CMWwUSAQrKbe6VgMJyH8EZcT4i,5.86085784,497.55,5.86085784,482.96
LMYpZu4fmdaM8nkzaRR5scCN6GCnPxG5Zt,6.64086092,477.02,6.64086092,482.28
LYtAULhyRw4U4nFJ5hurcEu5jwrCveFGPD,7.28092338,513.74,7.28092338,481.63
LdnHeAnnTLqR61jRhECc15gPWJWzsD2Fjz,5.74798388,480.42,5.74798388,480.42
LYAFEyWge4AJNkZ8YvT5zxWnBFjdRG6Rxw,5.13261559,480.41,5.13261559,480.41
LPvDpUAtqLRZEgkRgAmzQq4ew26DsVfKYV,5.09561437,482.0,5.09561437,480.01
LXReodNcMv2e9N7Y2ubmVVTTeuJGKYZ7s6,7.38257153,480.43,7.38257153,479.34
LXLgwpUXqDXuzGkbyuGoqatTgaBKfwhKQU,6.64026901,469.93,6.64026901,477.78
Ldg5uncCbxEf82fkPk63bmX3e6jEyJ8xmu,5.88112941,471.87,5.88112941,477.06
LR3DKE3yURPCywbzgpWFoNgkX4tE83ZGVV,6.71557045,474.45,6.71557045,475.09
LbjURS7PDJiEMYp7bmHxr9Uh7gqgcmbmm2,6.32302269,479.07,6.32302269,473.72
LVK1vqZrYEHUnR6agueKWir44rHPFLU3XE,6.44096047,472.99,6.44096047,473.21
LKXdogsgYo6tFhqdYPqpK17QiM6itNb2r3,6.06070871,467.07,6.06070871,470.85
LcQzFh9PAd6KWS5JoCdLnhcQVMMBqj47ig,6.60553026,473.74,6.60553026,470.71
LNhY2FQVvMMioXck3Ej24UfK58Tk9uS7TQ,6.19394635,456.53,6.19394635,470.3
LZ1tzu3mQMKkpt1gEk4Sam44Q8jKsF4ygP,6.65979716,465.56,6.65979716,469.02
LKfKKmNNaznHGV6KGnpMGtddLWqTwEDENg,5.74414775,467.13,5.74414775,466.26
LSH7P3dwCNVQhopTf6emjVCjTwoznRVpBL,6.42395535,468.52,6.42395535,465.71
LayTtZA9bVJx5qW14ea2hApza16PhGqHFu,6.46863036,462.89,6.46863036,464.97
LS8LHLwAWzkugRdD8HWr4UH3yn3hgVF37g,5.15046989,458.29,5.15046989,455.28
LXGLDQuCrftqPsTHRR5gyrJ3E9p7zJbjHL,6.1955,465.02,6.1955,454.71
LfbULHkRyF9FmNnd4r4xH2gXwX9jxtXPGt,7.160504,454.54,7.160504,452.82
LXoZfDhvQdazM2t7TkJQ1YmpL6C7KyX1wv,6.65539747,447.89,6.65539747,449.02
LZZ7DDVb4JB9YSnWy7U4uRmfwZ2y2kgXQa,6.7723,445.3,6.7723,445.77
LWCLbRyyGtnJM26tLjfeo64gUNH56Nre4b,5.84046607,434.41,5.84046607,444.11
LYiGsPULpfcH3fJzDnEjj1YhBN3idPCv5B,4.74831528,426.71,4.74831528,440.52
LKK1L4y7HBBXaDNxuZqsS2wGK89tUcBSSx,5.612,437.72,5.612,438.11
LVAcFcHWosM5w2Y3VnrFVpsTTHtYdKhEYf,5.93219521,435.9,5.93219521,438.08
LeQ5EJ25sC2gdN61uKGbbZeSkrXb4AFiAu,5.48483495,441.7,5.48483495,438.0
LYny1n9vH2WeFmSFhsDM9q8WJYQLJDZGXP,5.98748637,425.03,5.98748637,437.16
LXtoSwiH2s28DhXJz3WjM4AH2zx4FEpbEn,6.25743,439.2,6.25743,436.75
LLe8GuPYhz1q9u8ryqXYWFf2nJmM2eL2fp,6.00069,433.25,6.00069,433.91
LSqRvjV1XFxquV7iKMhr3GpmP4psuufUTC,5.98372115,430.51,5.98372115,432.09
LNxv2Eaz7Y6pQ49ruLh2weZkF4b83Lhtdj,5.87551421,429.62,5.87551421,431.7
LSUmiNK7uFQFBUgum5YGcVQ4tuoEYRoUcA,5.98032306,417.61,5.98032306,430.96
LU2yCYD5KBDqWVx8WQStXTvcirJbw2uBFY,5.47585497,432.05,5.47585497,430.77
LUm6ZhVJvA2fc8GvKnPue7KGpnXxMP7Shh,6.65826864,429.43,6.65826864,428.48
LTC6oyFJeCQ7GNxSdDwEnfY2CbCbaTioJe,5.44998032,426.79,5.44998032,427.07
Lf3U69XZt5JmiBLgsycZiv8PDQppyA3GRk,5.6514909,426.27,5.6514909,426.63
LTUsWe4fWKmpkZ8iwqnGaAnk2jipwD9Pza,5.1060812,427.51,5.1060812,425.92
LR5FX1bogkCnUDafuvvnsoYGcoopfkh4iB,5.89048971,429.82,5.89048971,425.71
LS66TJJxVj6AFaki9kvSEKshfCQA7zDyue,6.13672579,429.42,6.13672579,425.38
LNU2499YcWaKr8L4dBkTeSDRLEtQ17PRxv,5.71492034,420.9,5.71492034,422.25
Lhg2oK1iXK7WssrbydwfuPYkbw42NkXHVA,6.24125808,421.37,6.24125808,421.37
LgviMR2ik1y4iLj3WjehjbcTfTvkv7gXcn,5.37935857,420.39,5.37935857,418.69
LQ2U8hqsoqCFdpzLLGx4bYUVc6Z1mgexPJ,5.26749302,421.08,5.26749302,418.0
LbrmXUMbycP9EHi6BTBYtPzUnmYiAuKXt8,5.76025135,418.57,5.76025135,415.44
LXYhzkoq7G4TMZ5TY7mmqgkK4FrdZD65QK,6.525723,416.23,6.525723,413.56
LgkKmZgTxC2CZY93senAgcCu6wvKyvWJT1,5.29939988,414.19,5.29939988,413.49
LUhyzYEZ9bzbmW35WNLsQ3F6JPk5f9Xme6,0,0,5.340553,412.13
LYnFzF6vbN5W53ob8jYFAaSUEsy6SKmdUk,5.1385,410.2,5.1385,410.2
LT3GnagRgWu2pEGGBRUMbuhDkiQsWX5WGR,6.40914619,408.12,6.40914619,407.59
Lb3w9TfxArb6AyqRZM8rj551rgQweShnsr,6.489,406.54,6.489,407.56
Lh7MrLg9N69Dv8oNyrGXsx5LTZAMgV1Jhu,5.60360158,403.86,5.60360158,407.45
LhjKkYFAY4t7G6mMVKTFMgPppsYDRxRW16,5.307125,397.84,5.307125,407.21
LZCytLvur9Yq8QHg68ssJXcxu1gyyV4Fxw,6.31543966,414.91,6.31543966,406.98
LU8rcRjDgZA5ZgXRyroPtBjj7Nk9w7NAsg,5.15976412,400.94,5.15976412,405.44
LYHUB93KS9qoRoRE74JFphkujMQdWHH4YD,5.11160395,400.61,5.11160395,405.43
LeMjye74JpJk8inX4LcUPBSccWE9QKaNcL,4.81467924,402.03,4.81467924,402.86
LKeyksqTS8nXJKiA75HBH5YzKj1vwZPQzs,5.82303653,402.82,5.82303653,402.13
LMLJLh7RAWC3XwW6fP9HwMMWTsyduLWN7k,5.39013526,393.77,5.39013526,401.56
Lf637aFhWgtpbRFqxpa8i9LFA64htnTiqe,4.96421925,398.45,4.96421925,400.39
LgVL2uzrpceLwFdz6HkXNKDqLB9hrHYZ47,6.186607,399.66,6.186607,399.66
LfCu4iArFPpEW4wTLpQp4dU4g2kPfrbpwF,5.395143,399.08,5.395143,398.84
LRiwRaF6sWBocyt7jyeTE8eyBckSQWRbgY,4.97490371,403.33,4.97490371,398.59
LMnEmB1TW8HGk5KSpYdSwg8equmvPArmit,4.44237879,388.49,4.44237879,398.3
LfAbLCoB4FKWNy1QXpZufVumP4WD3hF7Jk,3.90586226,396.84,3.90586226,396.84
LKygMDm36ueuYSzSaZBSGmtcxZVXxxebSi,4.82240091,399.33,4.82240091,396.66
LUdrsyPEL8JStS1oHXMhYCuDgi7yQ38wUJ,5.408584,404.89,5.408584,396.07
LL2ssMWgaXZZToJBPtVRpTRhCmu1qw6ojW,5.490634,401.14,5.490634,395.9
LgNn4kdYhcggTh5DXg2ARpc4HVf3K5WckW,5.46290821,390.59,5.46290821,395.71
LN6cKdA65ZuceYw8ZTgQxpUn7fsuEd99WA,5.49007396,387.09,5.49007396,393.59
LXgwykKsWA1Qz5tGhMxprUMfxWe5jRyjQA,4.88556449,385.9,4.88556449,393.55
LRPWN68zrG4Qj7CAFj2rRPsK9E3x1A5v84,5.85940796,396.58,5.85940796,393.44
LbAFrnmD9yR5Hejh6zPrBMcwKCrVy38cJm,5.179678,389.86,5.179678,392.55
LZz1u9Rt1Z7QsXFNwbyRKqa8FdzkhJbmFJ,5.9145265,391.38,5.9145265,392.53
LaQoKwkQxBxajAFxdkhE5rpcdpppsneAox,6.13640778,387.03,6.13640778,392.22
LVLwJbV12rg9H4EDsweBkn8HxV2BEAuomm,4.86883123,404.45,4.86883123,390.58
LKeLrfXaFYZLuYKbpxVDucKwpudqTyXoNG,4.98999712,386.19,4.98999712,389.55
LLRhevzgnp418aYBSKpAymAzNEcWFXaYFX,4.97165536,381.85,4.97165536,388.39
LXERFoPRSrVNph9MCxe93YZTUnEUsH5rv1,4.757,387.6,4.757,388.38
LcKoKPhqNgBZgXsDPZwVTFHQUYXGcxxDPE,5.60815622,379.04,5.60815622,387.77
LYzg73Vr9FxsBSQ8nvFhi9srR4uHm2X4CV,5.2766433,381.13,5.2766433,386.46
LeBUmLvR373otWpkVDcQb8yctcTNvySaRB,5.14963153,384.78,5.14963153,384.78
LS1yNfC3FUpDvPabB2H9oSNY4HHRpynTAN,5.41295877,384.26,5.41295877,384.56
LQd2AWzhkdVcthvbdeSuXjUsPDRyg3CF5i,5.15726388,382.86,5.15726388,383.97
LauQR7DQnhtLpxkBAuPEy2duQwiAsT2iFy,0,0,4.971816,383.68
LWrJeKghDVSJWfhVRovcRLHahJDSEMMdBC,5.29597855,379.64,5.29597855,382.59
LdYjaM1aAN6apPQ7JHsFPKynm7axaSmwsy,5.34039526,381.78,5.34039526,381.18
LZepNHG8d1Htx86rqJjA8fmPwDguW74Eo4,5.57143993,373.02,5.57143993,381.17
LhmcSQtqt5bWCvD5ZongcGGQhpKypncn6o,5.91065888,380.56,5.91065888,379.76
LaofLzzUd3aTc34CxGST3MXjFHyLvDtb9o,4.66918792,384.07,4.66918792,379.45
Lcroi1jwK2BBdFionFM4D34YpRpstV4YAB,5.5464033,381.72,5.5464033,379.3
LXDqkpR87RvQ426QuuT1JWwZYafSQ9SbaM,5.35910551,377.47,5.35910551,378.94
Lf59szSx2Uv4dp6Lq3o8mW2XXs2Q6kdW3S,5.01835941,367.12,5.01835941,378.83
Li739QspeHwKvqiR2pbQLjNmXwbYZdYS2L,4.26683622,380.55,4.26683622,378.25
LVqmZAtES7Efv7VoNcQSkANqkvYYRNCPCb,5.40559966,377.55,5.40559966,377.82
LKrjhoidJwbz2jLwFXLdKGBovrM8NPPRdZ,4.17562899,387.61,4.17562899,377.79
LLYHoPg9frS4CMoSY9aR2M2tKu2kBLkFgL,5.1965756,361.92,5.1965756,374.68
LSyCCZXFnkW7PsR5vL9CbyTGV73Tjvftib,5.417448,376.01,5.417448,373.75
Lgc1LTJsdP45VzXjRTRP7HvDJsbR1n6Vab,5.01547412,361.14,5.01547412,373.2
LgZBzzX4Uw86bFdSzSqT6FumoT5AQAX98R,5.1741091,373.29,5.1741091,370.83
LMpz6qC3cdad7PKMzus9nxuAoLrN6DcWMm,4.7953056,373.64,4.7953056,370.59
Lfq5pFktcyZRvNJSicQTgfJxUyPbvw8Jvf,5.03197413,363.57,5.03197413,367.55
Lh7DGZLKryGCc2FiRraZTNadru4vsFS7qq,5.6415015,368.03,5.6415015,367.41
LXPpFXcUhEsNgtjgDGXqUeFStzTrdhPFBe,5.55895614,367.28,5.55895614,367.06
LPvDuDVXAvkmSmQayYw6VrzxDKAgfCJ6YX,5.18210535,361.94,5.18210535,366.62
LNYKwTJKZi7gn9dMBKE7Eu6wobzeCDxSDP,4.72280602,370.12,4.72280602,365.4
Ld7uMDNMzqi2rWhpcc5oGYnR97bVFHD7mj,4.19616914,360.3,4.19616914,365.24
LUMEzS9ADmj6mKFB6RKN6Y5m5nVHTBGgva,5.01398,349.78,5.01398,362.56
LWQYLnVLbCNs6BVfKptJYvSdiezNtAwKyW,4.45450013,360.73,4.45450013,361.99
LTbUCzsfN1XNgHCuogs4WRMnb64jav9hQF,4.88985287,361.63,4.88985287,360.01
LeiS7cQjVNz53eKS2zMYDJiZozg6XS1Lfd,4.98769048,358.81,4.98769048,359.93
LgaBne1eAjfTN5cSagfA5oAzFn7AaN3XEZ,4.93425852,357.56,4.93425852,357.56
LUAqggP1i43GdSHzoqZJhmb17DEFfosjY2,4.82736772,350.0,4.82736772,357.32
LST41CfXYEq3m3cxa2Juv6MLV4fKAtc7fL,4.75293085,355.98,4.75293085,356.46
LYqRezb4y8ohQZvXdHWoV6wwgbJd3rnXzo,5.723834,364.7,5.723834,355.68
LgH3bNuRW36nHMcTFTX7qtEq5rYM8ELJzi,5.35087831,355.87,5.35087831,355.59
LhNNyTb7sj4fomhA9xTAH9wC4y1TELawGF,5.26993973,351.28,5.26993973,354.84
LY1UFkJkLN6bDA8KZUdNc91AYkx955TL2Y,5.51598212,354.45,5.51598212,354.45
LhGoBo4GmWgxNgvBy2vvzbNvDLjpFWtknV,5.138974,356.04,5.138974,353.51
LKzK88svzhnZYd3ECS6DdeWYBXiSjCgLa2,3.93788845,358.45,3.93788845,353.41
LM3fgopcUg6pE24zMR9HP1Azs9FejR5dLJ,3.99010384,352.35,3.99010384,352.58
LQgM3YT5HJmVRzsLxkBWSaVVtTkf99GQ9s,4.51442575,354.0,4.51442575,352.57
Lhf3ivuzHDPzS5KBCZfqg7upVdsP7FEjMq,5.07059868,342.49,5.07059868,352.19
LPrWtNNXJEiCKXFXcujwN9qaAfdYGFmaEh,5.187205,347.37,5.187205,350.89
LXXKWrw2YgKVVGtoGvMtqW5gmv4PYysaMG,5.2668806,343.7,5.2668806,350.23
LNQcJr7RwRVSHh8ZuHfFkasw71uKYkxXTz,4.04060859,348.04,4.04060859,349.83
LbU6RrNXzApxqJ3zBkruPFAWp7BJsVPXHy,4.87594843,343.21,4.87594843,349.52
LNQY8Pr7GFThEcBusyhNkjim5xmaUshUxr,5.13573198,347.22,5.13573198,349.5
LcbZQLukZ7k57Lzpwf3m3Vi1oJcmKD5KE8,4.86414151,343.3,4.86414151,348.69
LNvhpDvxCLJFTkodbbTYENt4SCHHgVpSdU,5.43363468,348.1,5.43363468,348.1
LMiDSESNGhcm4pyHyECo8TtU8JKUWAAT4d,5.13113246,342.79,5.13113246,347.53
LhiY1FQgjHKb6oABSx3vTMMfXQ3vjjPq9Q,3.96577995,374.85,3.96577995,347.12
LTzuMbpDS41t3L5RJCGHUxG6iAJ1DgyRc3,4.16917795,336.66,4.16917795,345.36
LUsjvMhmRP7yyCvyhGhKNLfjwhM4sChKPq,5.02528843,351.77,5.02528843,345.19
LRJyZqfyX6ia32Y8QmLapc1dX88ok5aF2W,4.82348534,345.32,4.82348534,344.39
LNbbKCXJMp13fqNbrBYqGbvFQm4SLBVcDw,4.83707543,345.5,4.83707543,344.32
LffG4RgF8EcxfakoHVXkNpQufP3RAbBBV5,4.79157123,340.38,4.79157123,343.52
LMvZ2Wkc9zm1P8HFFRyqPPbErVH57b9H7n,4.81479337,351.04,4.81479337,342.25
LV79unMpAunfSe66veXwSos6LDaYfPKNSV,4.66269733,333.03,4.66269733,341.76
LTn2WmFAk6esxuLS7M89K8Km7UgguZEZG9,4.77741142,346.75,4.77741142,341.05
LghNeFSA5Ud6brG4AukwbNTjGLRPhd2wu4,5.359918,339.82,5.359918,339.82
LdYFRxVFM2Edvjwf7Qr5DeGvunp6bZuPSc,5.79586326,337.38,5.79586326,339.58
LQEwdzQKwU15dLwMDymtDQ9m9mZftf24PF,4.07785614,336.29,4.07785614,338.88
LWPxFN9r13kiZ2q4J1WxNu4G4sY4MFEfq7,4.58432295,338.85,4.58432295,337.3
LdpSX6wYGfA37aY6BFqT3ogcXHaMfEcQ24,5.4,330.38,5.4,336.37
LfhyHdfY2jZxCsYdHnFzTwwGy9jsmG1t4h,5.336,329.88,5.336,336.0
LgZButPmCgMEG2o79Et1kaVk2HWENwHdMf,3.86314949,330.22,3.86314949,335.73
LTrZ7Heowm3L6ja33C38LtPJWZMtz3UzpN,4.73218996,335.61,4.73218996,335.61
LhGVy3Tij4ujgtzQvSCo5wtr22NeQkQNyU,4.70479427,341.66,4.70479427,335.53
Lg9FGeJ3VVnfvcqFTAXdehyuuFqN6pWbeT,4.21687394,340.65,4.21687394,335.18
LPnSThmU2MR9bTdFjdCLvnbrNr25JDT3vr,5.137557,331.08,5.137557,335.18
LfZ9g5bkusTxxCysSnG2oEpWCBgLP8Vp34,4.45874759,330.37,4.45874759,334.4
La7cMbtGTWPLioiexeKkFujwNip1t6A8q2,4.77474557,333.99,4.77474557,333.99
LXMQBp3gvXNeuqrsBHjia5CteUPnAbAnPN,4.032,331.01,4.032,333.71
Lh821yNE5hmj3QX8QXmAPHpG3m1cgeHWpa,0,0,3.999544,332.24
LVL7s4rdAapCq7tsJntcfMps2akSry38VQ,3.77693967,333.07,3.77693967,328.87
LMmDYSx8p9ddKRyjukAZYAJcAdx57rRTfK,3.99392202,331.31,3.99392202,327.84
Leu3jk16Uv29Bo1xKEXeDE9y6bmAzfxy4d,4.72710706,329.83,4.72710706,327.3
LKhHkwdHgTT9M3kNAM26RN8iregjCeNa7M,5.12196271,330.22,5.12196271,326.88
LZP7PVM5YshWyTwAQc3zqhz9iVurca1bg9,4.98310247,326.59,4.98310247,326.51
LMY1atMBJPXKwKJKWUrvqvXwJokqADm2cQ,4.24947177,329.24,4.24947177,325.3
LPEVuF7YgQjEfAxx6vof5H1FRSpx6bkqqS,3.78708117,323.7,3.78708117,324.46
LcC3QqT9sA2uhzn1KpfytLf1WErqjJm15P,3.59874703,337.71,3.59874703,322.8
LZUeJxy6o4rtZR4G52UHX9D3avtjr3gRrb,4.38235792,322.28,4.38235792,322.67
LN6wbuB5RyXBpdx9VQREAupAdVKab54pvj,4.06388382,322.66,4.06388382,322.66
LhFSPcmqy1H1NBUwmECYf5JdxPpkB6QKsz,3.17378088,326.11,3.17378088,322.53
LVnsANEUBuj1F7CsBdxriJw3PZTzZ1bvQZ,4.14485032,317.17,4.14485032,321.57
LWaQdHxknbE1VnuhNsGi56gy17dRoYMvJx,4.00906741,320.6,4.00906741,320.23
LTtmK2wUJ8YQcENe8LgRduiach3fo7FZT6,3.92366984,319.91,3.92366984,319.7
LfCAeFxJo4eS3KAUQRi3NkiWJKDPzKk5kB,3.9569185,320.92,3.9569185,318.91
LU887Z9U3HfUqR2oYn3GJgeb3KkFzB4aRB,4.51238339,324.46,4.51238339,318.9
LeWdbouWEg4DzJvHN3GvMBQj7kREnjVpZ5,4.57586404,326.0,4.57586404,318.89
LPAWph1Lo7m9w255GfqUMdchNeDwuksfec,4.57146189,319.56,4.57146189,317.12
LSnTc1AGktZWkXUzp9L7D7cRjDC8mt6py6,0,0,3.679679,316.82
LYD4SdyDACC8mM15SVeXqevbKHBKyNmvys,3.267521,315.31,3.267521,316.43
LZGsSbpfnfGqNoBAVN8KQKs8Uwivfyz9Sq,4.83078721,316.53,4.83078721,316.4
LWub4VeiC2kvBt78yLAs4dUFEL89tgrCPT,4.56361172,316.31,4.56361172,316.31
Lhup8VGzt5roGsuaYur6rkvc8yoqPSMVjk,3.73769983,321.19,3.73769983,315.53
LLw9EPJhgNNhmVbiiHhP9qGTKvsQ65mQkN,4.34148391,303.07,4.34148391,315.02
LS7zjnSFF3etTEDw2Rhn9YmKjNA7ZpQwbJ,3.87289161,312.4,3.87289161,314.41
LUMnuuL6fpDzx3YJTq5n9DuiZwJdeyUhDj,4.6536979,313.95,4.6536979,314.35
LX9UBb9BxuoEJ3DpLNxqX76ETxLhxmnH6U,4.45177515,309.49,4.45177515,313.48
LftHd92jW519M4fhz6hd4TYK3CMrSDDdS7,4.9156617,311.83,4.9156617,313.04
LQReRnLG9y8wABqg1fTxGWN6PxGkZ6PoeZ,3.84884954,310.08,3.84884954,312.86
LQqaokdizJfBVEFyj4ccPoAE3E8BipfwVk,4.7707,312.48,4.7707,312.72
LdAevjcM5s7qnyRcSYud56MqZqZiXs9fwV,4.73860841,310.67,4.73860841,312.36
LRpviZt8tcBWgtz6yCTXtfHiStRufsfRVb,4.233297,312.59,4.233297,312.31
LZ3PQvKjcJzxkhh4FWkUS2oUqVLWrbEWWE,4.28597901,313.71,4.28597901,310.81
LXzMpSzozWdeV2dzVza5uuYUUJ8rkzeY5a,4.23077087,300.47,4.23077087,310.03
LggqxBdFGiDk7UoGxy4gjcTAzjvDodXC1m,3.99948233,309.28,3.99948233,309.28
LRcrN66KEW2uA84Sbbd98XPeeRreyTHrdg,4.36580286,312.67,4.36580286,309.23
LdmGWTa2qkZW8X6N4C5dS4TmeBcKhKo1j7,4.12914387,309.35,4.12914387,307.93
Lcm7pvZNKbRYnq9WwCLWaivyhRLV5KJrq2,3.63506049,299.46,3.63506049,307.69
LUp2NG32ra4eTivV1FGzqYwTCHeG6P3ZZd,4.29011525,308.99,4.29011525,307.06
LPjWQA7F99xe79fEZ8eYLkPeRTqHKCgBKc,4.12820759,308.5,4.12820759,305.5
LMQ87wY2FtKSpqsCMW5RXeq4qfZpW7BnQH,3.22999882,302.26,3.22999882,305.15
LMVAFRh9NwTBT5oL6LDtAezLDcA1kgy5Xo,4.459,303.28,4.459,304.88
LPQEx4MRUBthr9wmwBbvPJXgjTSaMs96HK,3.86627267,313.28,3.86627267,304.55
LTYZn5UH87cM5LskGVGx1nEokm6keamVch,3.40462254,327.58,3.40462254,304.11
Lb6sMMR6WpLxwXHogizgshJy5tw1RkLpvK,4.26,305.9,4.26,304.04
LToWaYUJyJ1N5KR1x4v63o5DA79qthf4V8,3.7133297,305.42,3.7133297,303.95
Lbqa7v5AzcTd86qomLhnH1m2m6DDCufLn8,0,0,4.190295,302.67
LeVdX2QrqVC3zJUUBnPdfgVNPNBHzd3mCh,4.26107312,300.31,4.26107312,302.46
LhhTfscxtFPMEgUJJUEGaYp9FMMfKfQ6px,4.64603203,297.63,4.64603203,302.4
LLs2BdAafkZUKkN4iAPmG3fqvwuyLeTWzA,3.72425003,302.25,3.72425003,300.82
LaNePuFV7JeiTXV92Y3sGYYcD4nJqRRJdn,3.85509575,297.11,3.85509575,300.61
LRDUhJb6NQaBdtTqsut2J28YMixYpYQP5K,4.2584173,299.68,4.2584173,300.42
LT2BKCAc3gSCa66JkfsqsbJigfFEKHjGk8,3.57,301.62,3.57,299.89
LNso7VmJtefgyTaf3QGp4sq2PDsfaFJbTt,3.6702,293.73,3.6702,299.71
LbwVCU2sf6gUo4xo46Nzgmvz179BkuGHLD,3.85217713,306.27,3.85217713,299.32
LfSAHTtFftnBLybtGUUhgDqi6KV8gXYWnd,2.9,306.94,2.9,298.24
Lc5dcfdNfJYZJDBYBMXAf6E7K874bCEC8E,4.48738018,297.91,4.48738018,297.91
LQe1Xa5GQrRwTELbgH2d7jJUzCKM6tzTdS,4.119573,295.32,4.119573,297.19
LSYZ2rceUVzKmozjdb8GMLcWpexW9wTCuJ,4.52747982,304.73,4.52747982,296.55
LUiQEG1NvTFuRJtHuf3ZD79s5Js5nUFzUD,3.98392782,293.32,3.98392782,296.38
LekPDJj32sDhPkg1X314L3zFrFFyAT4t9e,4.22610653,293.16,4.22610653,296.1
LSGJT2x8Dht1htZnT628Kx6EzxJUMpP56G,3.169,293.57,3.169,294.22
LYM9nWsKzcnALzHWs5ZoXgvS557ytFnSGm,4.53354181,290.44,4.53354181,293.98
LKxGFXhNbowK2fHMysGedE4rppA4L7b8vK,4.20382787,292.8,4.20382787,293.52
LewEYUARhdSDBH1kvmXSbU2rc836Wp5ttk,3.9454549,280.87,3.9454549,293.42
LdqxoZVvfb5YCVZArwgJ8t1KohicMFe1qd,4.25164635,289.92,4.25164635,293.26
LPJQFZfZ7tbXn8kjV3QnchDD2gdNAY8G1W,3.32960586,292.65,3.32960586,293.13
LeTTsDJ1nvA5QsWeDx7hXvynW3HeCcSXdH,4.47041612,291.8,4.47041612,292.43
LgzGgwCD7qwda6Za39szmii8nvH8Lfh6Yq,3.98441822,290.25,3.98441822,292.42
LNpigUxhe92qywnTYmu78ZMoQy3X8fDyrA,4.663232,294.9,4.663232,292.06
LUm7f7oUrwxtSAiWwcTyWu4oG317GLGWyb,3.78100755,288.46,3.78100755,290.61
LMfXAYumXoDZKJaEui1dCBLw4fPhp8FCFY,3.94945741,302.23,3.94945741,289.86
LL8jxBVYkdbGFg6QDQJQ2eMe3PGg2qZpqd,4.4523104,290.04,4.4523104,289.38
LZn2JCMipb2rBPCCunf8cPoFWSprh9zxPC,4.17745245,289.37,4.17745245,289.37
LVRyE9AUW4VVLFjEdkUeSVjcv7PkcrMLVN,4.47417791,291.81,4.47417791,288.88
LVf7pJVaMnt64SPmfopqDuGtPnU6R9yZob,4.05130687,288.52,4.05130687,288.22
Lhqj5TAqBn7mhYPiED4AJNv1xvYuH4oaNM,3.93506238,303.98,3.93506238,288.19
LQNSkUaE1jKfZvPpBj2AM9d3kWWFAgRpuV,4.15640515,289.74,4.15640515,287.91
LiMeM8Bj333zqKy2L4Lf6PyivEhcD85WB3,3.77768371,286.43,3.77768371,287.03
LZ5ULVybZM7FQMCj75VdMeZz6oEuvvJQSK,3.88993185,281.25,3.88993185,286.11
LfzFBSCXwJ7fMuGwiPzDDBM8c5MkJfUC7C,3.60830185,298.75,3.60830185,285.62
LaRnw7dXcEEagVtR9gJUhtWfWDDQ394P4m,2.74793008,285.43,2.74793008,285.43
LUc1EZwRpN4YmxiiP79bgVTCPuuthWLYhV,4.08570558,294.09,4.08570558,285.18
LbApMY6dYYVdgy2TEiGFsvmcrnTbaPV2bS,3.19099834,284.1,3.19099834,285.16
LQMy7KuHnFnW11fcX3NXuDktxmDR7C4y2s,4.50522997,284.3,4.50522997,284.98
LSSYwVFeqwCTZnz655PKtn2YFoRNv8i7NB,4.1965418,286.21,4.1965418,284.35
LdtkN1uQJHB6135CripHmYy7JmWxde85aq,4.6948,282.47,4.6948,283.82
LMXAP59AfosLEG6v8uNc25WPNxhha1XtCJ,3.72412999,283.66,3.72412999,283.47
LXJ9Fjwe22amYS7Kb5eb7Gza8LBYMNcvx5,4.13682614,281.76,4.13682614,281.76
LS7d5c3ctDf1ziyDX6NeKFPKcZE7k6WBKs,4.18198343,282.51,4.18198343,281.51
LQzmQMibzb1US2kUqzz6BkJdUX13fJ67MY,4.1888,287.73,4.1888,279.43
Lf8pBpRvaCys2N6YMm4UgGADvaRT4ViC2A,3.48628927,278.21,3.48628927,279.21
LeigYMrnV3QL8gyZYLs4ubiVPdiiAXMp1F,4.1988,267.76,4.1988,277.54
LaFHL59zhUcdPkQFKCk39DiPUQLojE4AkQ,4.1307821,280.52,4.1307821,277.39
LhiKN62DGBe7w9oLATXG6Afm1H8sKX2bRu,4.01311017,274.58,4.01311017,277.32
LYzA7gNN97srK2E4oVMrb686kAQ1EUQ2Hv,4.22080921,276.7,4.22080921,276.7
LdDR6g47mftebTPs2CGtv3AeAVJtpFqvMT,3.95320022,272.42,3.95320022,276.55
LVW8YPKdTnNaasrzW2vBeq9KdDYzdgeDLu,3.64282569,275.14,3.64282569,276.42
LQKvJL1HbQkC2ySDqMXXGMFzv9Pzmra4Nj,3.39591322,277.09,3.39591322,276.18
LZhuuCT1tPMxxZB8KvoDiDXnjHySk1uT6Y,3.91968705,277.88,3.91968705,275.88
Lh7LUTWNAvqZ9SWRdMfdmrTcM5uD2mr1RP,0,0,3.8788404,275.79
Leo2AQe6mg4NahBZqxLL7CteR8mUaFcWNv,3.83155789,274.76,3.83155789,275.54
LVqS71Tj9KTyXVyh3N5giUZ87UANs3w4SC,4.09599465,271.75,4.09599465,275.06
LSpt9rEtbWTJghVegTye8DmqsoL5obGB6e,3.0444813,275.33,3.0444813,274.91
LMHZRjjBBjJZpUeYFzP6DU6dX4AEa63ozk,3.9539354,274.27,3.9539354,274.26
LSJV63yX5gauJNgDKxrU9sgFbdFwRMfQog,3.60747528,277.77,3.60747528,273.98
LMmUzCN5tKqiMjY8ZZYLCrxiS7vTnm3PGm,4.3863072,262.38,4.3863072,270.4
Ld6jmjNygNCbTE3WChY6UYJYvoA8iiYv91,4.09092953,266.87,4.09092953,270.23
Ld2jKEJH6WWZG4E1PWumGH7C7gJ6M8jiwR,3.40524204,270.35,3.40524204,270.17
LerQPMqHuLb5zrBNsHAydG1WPzKTLxrPmR,3.78424274,268.46,3.78424274,269.61
LcyAxwFpFkuRmuUZcjt5MDMP7ZZT3oS4vf,3.8529045,274.06,3.8529045,269.51
LgtNqVRpukC9BXSZ7FV7Kjc6XaGEguPpKu,4.046749,271.98,4.046749,269.28
LMUs3QU42kUZuFJEsM9xkjPSo9S49jzh4S,3.5092555,268.2,3.5092555,269.15
LN3XUW8B4gFUK6QMPBmjUJmhmKSj5BfWPK,3.90976427,266.27,3.90976427,269.08
LeWC4uimxVyMNTHqN8aE8Vh1aWWFaETYKm,4.1853536,267.89,4.1853536,268.99
LaBotg4ScP9bRXXqN5RxqJzpHvm5y9xQNF,4.24254763,271.28,4.24254763,267.17
LXYKcbtULg8nn4YjSrLkZEVvJgzXGN4p9D,3.25543289,263.78,3.25543289,264.74
Lfa88C7yuHajU9aPRDL2SLBBrBt9ZTrPqj,3.2230393,273.58,3.2230393,264.18
LQ18GrENHCCqAn9zq4MC3QGNNg2QkSp5AJ,3.50374405,293.55,3.50374405,263.89
LZ11SFayQ5QiiRmTdUVTaMBvYmceUhZXSQ,3.9825259,263.75,3.9825259,263.89
LN7SRuXnbY2iXMQ9L3agmXYxKdN1xKMp77,3.61861029,261.02,3.61861029,262.86
LSevam7KNgfhZdpxmzWbcuxhzVGcAP1wpX,3.73545083,266.21,3.73545083,261.22
LRc39gvvvqvgJ4PufefJsZJtxf5RnCwJvv,0,0,3.431448,260.93
LVvd94sNjRKXv4L4AowjRZq6dycqeboYHx,2.93706759,254.63,2.93706759,260.91
LW8qVadtMY77PzmqDzMawFeA7GRy3t3g4z,3.189707,260.57,3.189707,260.57
LU2G9fG8CvcCUxhS8YvDW4VRsjKthBUdWq,3.46071668,248.6,3.46071668,260.52
LZ1vFJ8c9tTQS624oTQaMETZo5gH47KAyC,4.16866164,270.96,4.16866164,260.48
LSJDWQvvcD68Uoog14PiL4sArgYzwFR1Rs,3.06555027,263.77,3.06555027,260.06
LbEp5TBeKAEFsMjonHbyaDkNBpHnUwQv3y,4.10924997,259.68,4.10924997,259.68
LXMTRCFCPoXt6YhDjGjXGAWHQMm9FVJDMD,3.66974826,259.5,3.66974826,259.61
LNYQXmKMfVdvCKR7TCqJNepr46JJJMXMc2,3.72726813,258.37,3.72726813,258.9
LcsuaKr15t83819c5dMcnB3t7FyTvM4MTi,3.50970864,259.65,3.50970864,258.12
LcqWrKcX3NEfYHEfGZejYxVG1CYTmbacvr,3.98713298,259.36,3.98713298,257.81
LQQXkbWEyu3ibPM4D34bRDGVpiGg3oAiJQ,3.6437683,249.08,3.6437683,257.03
Lg8jHprGGmML6vr4b88fTvPbSFqTGKURDc,3.56833169,248.18,3.56833169,256.93
LLsB6AS5F33qZiVaqK2isD9ZEGEi1fm4RJ,2.84371597,267.54,2.84371597,255.28
LbS4VwHuazR1niS2WMU27CEHw6Ptkrc1zz,2.52964447,239.55,2.52964447,254.99
LLvKyZd2LofAWXfJqmAvA5XyuGTVfTzTyj,3.64209342,255.16,3.64209342,254.59
LbVHnyJoXkjUn2DKUNsqtU8xk2wiFySxro,3.61422626,251.75,3.61422626,254.27
LSv811D3quqvJuaziQCFxsSupfXtRVV9Qs,3.27503466,248.03,3.27503466,253.47
Lf5zjMEVkP6DgMJXE6PkXTohhdm8m9XDuN,3.599996,250.42,3.599996,253.21
LKQXAiqas2KUWCtx2wD4i3iEgAHY9owEuy,3.68970497,252.17,3.68970497,253.13
LdBgxAaJybke6Ggg2Yw417UC2CxXBu7MAM,3.4209347,249.87,3.4209347,253.11
LM8LPjL4urmWPJrYKSPH733q6wDzL5V7sL,3.37723577,242.77,3.37723577,252.92
LfsjCtVQwbqcmfHVzJci52x4nYKqczj32U,3.54069302,252.47,3.54069302,252.79
LRjx6krippFWQKzuSp7WuNrXzUSY9zF5gs,3.49683548,261.46,3.49683548,252.6
LSNco2PK6viZbiwoFKkcCr5o7geRGnm1EA,3.03683401,250.0,3.03683401,252.18
LKaqiN2MwVQAtUMyorGDHj5NjcS9oMuYgs,3.28511373,250.59,3.28511373,251.97
LfFixiZq4VYJDpqmK8io6uAAxanRCV77uS,2.845149,244.82,2.845149,251.94
LcNiK6gV4fjSnpbx1wMczAFQbomoqFPxJg,3.13982513,252.51,3.13982513,251.03
LNySHfT4igyQL2KogV1FxLRsGviezFhbdD,3.89422463,250.21,3.89422463,250.52
Lfmgwc5GY1Wq6SMjwMW5J8CyTJMjXbQ8gt,3.63495044,249.6,3.63495044,250.35
LM1PQKTsNjQEguvE9qn8U6N7rDtdqonf2J,3.49756286,244.51,3.49756286,249.62
LfvMgUBxNVZ1wr4Y4Y62kF3DTuN6dcE4XQ,3.23785977,246.2,3.23785977,249.26
LTNUkM5LV57Xqyj3FJwvuGW4P55e3fiy6w,2.89962387,259.13,2.89962387,248.84
LNkEaM34gG2KnmYU5w1t6N9ZewKXdU2sTj,3.25130879,251.44,3.25130879,248.73
LeLvyb5tMVSko6yVBnf7NmeekGvbDrPJ8y,3.1681684,247.92,3.1681684,248.68
LgaAH3e2QokYPhaVfJgQhhQZvJANztEpTc,2.92248721,270.15,2.92248721,248.67
Le12YaRTgZiPud6Gh1FuMKQ2BNa9VLqfWB,3.1421004,249.49,3.1421004,248.2
LT5apAc5fiKq6HBjmKWX6CbHzcGbX3c5d9,2.6914,247.97,2.6914,247.97
LQZ2RCAPS2qiH16oNYKBJ6cQzzw7kbhZ4n,3.58848477,251.62,3.58848477,247.95
LQUXeYpzV18hbuarqxzjNNLEGuXsxgJVwX,2.81722091,249.64,2.81722091,247.91
LbyX6CbSd49bT1XoK4Y3pQQkfLiRHEqpvM,3.28494392,256.57,3.28494392,247.39
LhzGX1mFgih4FCpfDeidNXV3wPWn4J3JtN,3.43388926,246.23,3.43388926,246.75
LfokUt287fkY9faLoZuinT25d6nf1JDnjw,2.94656601,255.97,2.94656601,246.35
LQUbyX2Nq8z2c9sht1EciLnMfPJmksxhLG,2.87368339,243.34,2.87368339,245.98
LXEg1aNML8NrwerT7Abdb2pSkTdLUGaAL8,2.7998,245.31,2.7998,244.69
LfRsQCSG1HRFP2ntCzpJy8Qj6N45KCAhzc,2.681291,243.32,2.681291,244.23
LScmmSvoR3KuxvEfr1KH49YdAHXtgPkwUB,3.27742525,242.43,3.27742525,244.1
LbUaM8nNo4St7w86D4CN95U4rVYmBQzVtP,3.34987088,243.68,3.34987088,243.95
LdgyrsB1Uy1bQZAcEdekiF48iJA8E1LJqx,3.58036159,245.14,3.58036159,243.74
LSX4bHTYkW3322AFy3k2D7Py7HqsodFhGz,2.92742881,240.2,2.92742881,242.5
LPfmKig7aBC6w2JssQgjoAtqKMTJ7HKUrp,3.65938816,242.53,3.65938816,242.46
Lh6UP8jSjNEaehSDfLuNdRDDegNp5rv868,3.5786456,242.32,3.5786456,242.32
LgZEnP519DQyAGgguH8he4QjEqXXTTccKg,3.36099491,247.44,3.36099491,241.32
Lhcn8z7bpesPamAEJ4QH8mvMHNibXgB2BA,3.05277608,241.77,3.05277608,240.85
LT9GKbCPREHNvrcJ34GVhjMW8y1y6ykix6,3.78044477,239.84,3.78044477,240.52
LaFRVYkZMbKKUgcz74gK25RimRe1mumWMm,2.97568478,242.95,2.97568478,240.4
LYyt7GRken6jJhRBoACuaYe9GQ8xbNiL1o,3.54904161,242.72,3.54904161,240.27
LahTRRYgLFSbj7LaEb5E1uDE2GtENGxYSq,2.93876979,240.26,2.93876979,238.95
Lcd73tsa1k9cJrKs3FXkWYMFL9ZKhGzLgS,2.83506711,239.12,2.83506711,238.5
LWBn2QffHGwm1NU1937jtDHRF9CherSZy4,3.52613653,237.84,3.52613653,238.49
Lgzh2WkWpaEJ3U3BQQXjgkyXqB2wBttmPw,3.59736242,231.02,3.59736242,238.48
LTZQfRkfLEvFHrCbiNvZ4jmqkF62SaQFhN,3.5318314,238.09,3.5318314,238.27
LXGQfULtim7qgNrUxLqJNeKmukht9QzEFp,3.264224,231.64,3.264224,237.87
LXwtx7Em5XBuuD4CbJtdTv1TA2ovAAtg3g,2.8963274,236.67,2.8963274,237.02
LMnVzAiEJyKAXnNKEQY96K8tKsLWMZQ8op,3.6285804,236.81,3.6285804,236.81
LNkz6pU8pyCD9BcUvuNAckyWazJ1sdsURS,2.98989795,236.98,2.98989795,236.4
LSweRkm2w5PE9CCv2ZatTT2VCAdacJNypt,3.02984487,233.23,3.02984487,235.95
LXqdu1QbQGPb49EJieKL55r26zVp6XkLHM,3.60015751,236.67,3.60015751,235.42
LZ5mEeB7K8hxf6EEMkxSDtM7mcZgEVv2aW,3.44579655,233.6,3.44579655,235.28
LQTkHghoHYLE3dfCGHduusrqo7xf5ro9vs,3.44527814,238.24,3.44527814,234.66
LSu41f7uLqaygZRo3v6HzGc78KJYu3TWGU,2.9487368,238.14,2.9487368,234.57
LMNVkVCuz5YYaokvYBaNvGR8ZVc3TzUdvY,2.77349287,233.76,2.77349287,234.52
LZC7xftCMZhRxzL6DAeMKe5fYgdkV5kPNw,3.50938087,235.62,3.50938087,234.43
LVUKriDxfCB1RTqu1mgfcXSYj9dVibP6P4,3.25166777,230.28,3.25166777,234.27
LRmgxhYgKqco4ytH3Ak7E87PJfyVVgBYnD,3.1947786,233.75,3.1947786,233.75
LLKJCFo1eAWCFfPJLBtJheY2xPR57aPrHf,3.15427095,232.57,3.15427095,233.7
LgS4G9nkuuQDRyheSJkVrTzzve7zy88a4X,3.16008654,239.92,3.16008654,232.69
LTu9WTGteEfsTacKHGifs51RaurgKLDsUw,3.03844549,225.97,3.03844549,232.11
LhVD1NNeDosB5smA2qpMvxF254etfRLnDV,2.8942453,230.03,2.8942453,232.03
LaamsoVVMNpqZvMjqtQxWvdQbUVT8dHyt9,3.06725,228.5,3.06725,231.93
LWpFosJXijWLDFrcALE6Kcg2Uo5QaTPjDd,3.1475622,226.68,3.1475622,230.96
Ldi5EVVPQMqQrUxCPgu7i1c18vCuKwHNDw,3.146,230.44,3.146,230.38
Ladc66zoJXgHHih9uPd5LBRYnVJ3yR9DGQ,2.6239,235.34,2.6239,230.35
Lh84X8Y6qu9gZS65HaRjZ85CDtUSUmy6Fd,3.31808729,229.05,3.31808729,230.29
LaWuAxBfA4SS2ECZwxUCHw11mQt1uA1rG4,3.25933059,229.14,3.25933059,229.23
Lbgw2GoxJ1zbdDDc7md2xhxBwSrt7zZ8V2,2.6759,224.01,2.6759,229.11
LLL4LT2rZdygf6c5toKXKsMoJTqxZYrpnp,2.91862138,229.11,2.91862138,229.11
LVQXUuNrQzrQYk6d4i6cwYsN9MUHcUoCoS,2.8726392,232.45,2.8726392,228.81
LM4KPxjCpnkYQrMskhhBb3WcMqVdrnFDkx,3.21161817,225.84,3.21161817,227.74
LMga3ueDVLHS3iLWcp4riQWD2zmoextovV,2.76010295,227.81,2.76010295,227.66
LWFqb7P6QKLp5k7AWLw7eMJqqjPRVXUPWb,3.75,215.66,3.75,227.61
LVeNkGP1Bg7c5PUaqXQkM3ybyzA8NeFLtr,3.08009388,224.16,3.08009388,227.42
LTgANjRmXZs52ptCgzk7YvqXAXbL2LV2AA,2.98753817,227.17,2.98753817,227.17
LKR3Fghq7HgfAJs1xjLKzENd5mnquJfbkf,2.24039796,230.12,2.24039796,226.89
LZwndzHZADAxk7Wh4etUCsrE9aUKR3t8tF,3.62822794,228.23,3.62822794,226.83
LcjNyeS9XbddZFBcU5oJmKP25KARgmmCJh,2.707087,226.06,2.707087,226.47
LYLeszWxnZxotKJJC5RsTFyKi5Wy753tfR,3.50496207,232.58,3.50496207,225.66
LKNHaWXWDAo6AvVRnsZNXA1pAKhDwM7yE7,3.435557,225.86,3.435557,225.54
LVAKskYLYBtkqgKUbtjYuGM4gV8WHcKFaF,2.88985535,225.11,2.88985535,224.98
LYkrp3qcKAJkUVKqfjHtRUWCmeL1inZqgM,2.76249895,225.18,2.76249895,224.65
LReCUQoRFcs671r47K6Bjn1RZTCqTvGHss,3.10034209,225.27,3.10034209,224.4
LLQysyYkw5RrAoVkBqjjuuNkiYwK2NCUKW,2.66575712,221.4,2.66575712,224.28
LV7LmqhXmyndbiCu1C7PkSjNMsuHGPgqDY,2.99405124,223.72,2.99405124,223.72
LVNU2MTu1u1itBjRUi8VwUgNmTsfrDkscR,3.7,217.58,3.7,223.13
LW3mZRtYoCxbFxckdE53ntWD48m3QQAb9K,3.7,217.58,3.7,223.13
Lbh59DjfhebN1ASSeejtXWMjvsg7V3f4qa,3.39414205,227.94,3.39414205,222.94
LUcBPQUPo2btHb61PSLmdE5F2qPirGhLTH,3.003839,210.75,3.003839,222.19
LLTS7VBgyKuJ87Y87rdDMJcYG9E6zCR9Tc,2.44469606,222.51,2.44469606,222.18
LLFFNUTEVtHTvDCnresES7cKFrJp8uSWMk,3.17607149,221.08,3.17607149,221.46
LbQRfvtNJBRvjDCM1isgUfA3dvFaNbPiwg,3.308225,217.0,3.308225,221.35
LNcZjs3wTBAYJv8tm1VuJnKixaQ4SgHsPt,2.51379444,205.96,2.51379444,221.21
LZdieddrsHKJ6mdS3kWnJx6NNn74nchQPQ,3.05817647,221.5,3.05817647,220.81
LLm7eiDZR37XkohGRprA293nmsXJVo9jFh,2.73221272,217.07,2.73221272,219.72
LZdH8WbvAzgW1yi7D7LoEqH6jy3MZ9Hsxg,3.33626239,217.83,3.33626239,217.83
LP5LAwCocWvYkn3tZaGrdgBwPfD2yV8bgQ,2.47372499,227.87,2.47372499,217.74
LZ4g9CqhiDCTjZKx6ijLFaz6PQUBYLMiow,3.55321335,215.94,3.55321335,217.7
LQH7v8Pn4xuFi3gqVPQY8ojaNc1Ky3KWHH,3.6,211.51,3.6,217.16
LN11rtM1hB99WPg6gQgHKW2SGfvojJWojn,3.11722654,213.09,3.11722654,217.1
LZ7xxt7hqatDiVFnJJJHVvMjhmDxVXK434,3.39160913,218.2,3.39160913,217.03
Lg7RHi4F76PMLdHBkc1pWGBmAQZ5BD1U21,2.69604969,216.87,2.69604969,216.87
LMkpc7oTb2iaeDNb9WWAweZZPkXJv8HyBF,2.62132926,211.05,2.62132926,216.02
LcgYRYR6ySu7EJ5di9Z4KmwNvJM2nei1v2,2.82680335,214.88,2.82680335,215.96
LW4LxUX5Z3ZKw71ioguP2KSSkkxCZhd1gi,2.45253343,210.6,2.45253343,215.82
LSdn4S2rPvSXqjSXLuvweUGAy1jqj7jC99,2.92469262,215.75,2.92469262,215.75
Lf3nG1w6VvV4HNvDYiu6999HXSmY9D7Evx,2.56750029,218.67,2.56750029,215.7
LURz3eMQgYo5Q2RQU61xmhXvrDKm7Fe34r,3.2898,213.92,3.2898,215.38
LV2e9KWEUMDhWxty9rt74ExYRNa8UVa7fe,3.07236065,205.82,3.07236065,215.37
LN1gWhaWD8LqYKoAox6XM1VaPtX8SFRBSP,3.3957699,222.01,3.3957699,215.34
LPQgQMG19y8DNhtWjisLtTYjRWSMMeovdj,2.44576112,210.02,2.44576112,215.23
LYEuRhUVX4WivvAvdbgJ4sE4ixmeibkdfn,3.24315203,217.57,3.24315203,215.04
LVALiejum4yNQt74XZac97vDDfrfXhSNXW,3.09254215,215.86,3.09254215,214.74
LTfy2w6oeJaJKtFpcYe9LJHyDP8BUj71SW,3.27584835,220.66,3.27584835,214.57
LhEhJGyPeZGzmiyiBYmXNJnpAwKpYV4JQF,2.43708859,214.46,2.43708859,214.46
LVznmbwjyaUZz1KwezdoumCgKz9K6BRhb1,2.98438233,213.42,2.98438233,214.17
LSKRj2kbnTHRmfkKDYsEdhXFzWXphFPuCo,2.94716739,215.95,2.94716739,213.68
LeFrb2fsu5rhrb2SXi89vhsKsdsJQHqR4J,3.26549461,214.55,3.26549461,213.33
Lh2qeJqDmcVfaMACQ6h1Hj59zxKGBcfYAQ,2.90955109,207.4,2.90955109,213.31
LZ85Lge7J6LaDcodoZj35Bk4Je8FTWjXS6,3.04217277,214.34,3.04217277,213.01
LZjZEEvwrxkrugJ3eSPuC8oegxSc2i3cjf,2.95147483,212.21,2.95147483,212.28
LW3oQBff7qMVS2jNUT88jVWFfvmYkAi7Aw,2.98835509,212.28,2.98835509,212.13
LMPN5fA3TkAkKzqHYFqGWhEY1h7rWSbsJv,2.93127968,211.35,2.93127968,211.69
LVCvPk6UcN7ZQTsZhjQ3HxmewZSf4ED9ES,3.06338627,223.05,3.06338627,211.28
LVDwqTrkbY7ek79ix6ax1LeEhu6WxNyK2v,2.85838535,211.9,2.85838535,210.61
LhTvKRc5evr6wZWoG6v3wQbjMoUcuKW3uW,2.94871284,209.9,2.94871284,210.58
LTKYBVSoS59i4jCXT3yszHXdzGC9cRyjFa,2.15460802,222.51,2.15460802,210.16
LQgzfPHDDhTk6s9kw2MkArcPd7KoFkB3jb,2.89264912,209.59,2.89264912,209.85
LMR4Y7FcqkRxAcYKrWrfgGh8xkBHAvgDge,2.37577236,210.59,2.37577236,209.69
LYb1jKKTjV2r6fEcsCRsGdLfFQVxiry81w,2.97657615,209.11,2.97657615,209.56
Lds4SPoTHKg8p6mNdCYh7g1jZEDpg84Z5M,3.1986889,207.16,3.1986889,209.49
LVjz7cajAh4FmWKT2p9H9pE9YDHgGZYv3H,3.24170172,209.67,3.24170172,209.0
Lhu1iHJjsHq1Toag7rDu8TnUZJtDY2u2Zo,2.99575535,206.62,2.99575535,208.98
LVbEoCYE6MfSmDMwrUsW5CuBJRY1aJy4mW,3.17830653,209.19,3.17830653,208.41
LghGoiroM5STEurooxsNyiXSMw5DmhkuzY,2.95018242,205.26,2.95018242,208.29
LVn38erjRMGMjyvsKQfhkoVQeesBrJTZ5H,2.74918621,210.46,2.74918621,208.21
LgvSDeH18rmZRWRY8mZWKZRR7nhmJkbeb8,2.31655394,217.94,2.31655394,207.96
LbU9JN4os8xHzok4K9rxAvFkyrncXSKLKv,3.04729169,204.79,3.04729169,207.88
LXbbHrDwJdqFALBYTvAeKzrH2AXfj8W63N,2.53381033,209.19,2.53381033,207.75
LcjY34URkeHxCHmyYhwHhT3AYMS6FpTWmX,2.57646647,206.56,2.57646647,206.19
LXGUgbGzYGssnw8oUEiFpNpdD86LP168Ze,2.00051041,205.73,2.00051041,205.73
LRqPorru7FjQjUx7d9NrzNYyDLXJotJKWf,2.8927051,209.16,2.8927051,205.44
LWfE4waowjsqwkZEe4DaWvgG2VyJSXd7my,2.75158845,208.02,2.75158845,205.29
LQMi4UQX4wAe2f1WtoRJ6H6hm4VcLS1KzW,2.38386874,200.53,2.38386874,204.85
LLjC2DNRXMwKDN9MEf1ppHcwFeUD5PNwAG,2.56007457,204.18,2.56007457,204.82
LWESK3xdU5vZK8gjndS3Zh7UUpVD21WGrQ,2.78320034,198.62,2.78320034,204.18
LNhz3rVYmxKGzpJ3JDibe1CwVt39WKN8bK,3.0,201.15,3.0,204.15
LPLDCFirpK1ZceCkGiBLFaU9jcY8yCyXyL,3.33489507,186.75,3.33489507,203.93
LQDy5e2RvJX6vuHtNKZ6iUWvo1nFdAYHkw,3.331,186.54,3.331,203.69
LdDrTJyVdrDUo62Sri63nbnNwKvaWapUFK,3.15667979,204.65,3.15667979,203.67
LQajtrcNpBD3mdW48j6UEXXi1VFtyqmE7k,1.95778818,171.17,1.95778818,203.36
LdTGqYTngTaXPoV4nbHDx4yrb8CQP6yxQt,3.07059548,203.12,3.07059548,203.12
LR3xbHvp6oQ7K7mSph9RUraBN1xKtTxaHR,3.0523031,201.63,3.0523031,203.06
LiDNQNsZJfPbJPUCA54dFwEJHNA3NHG7mV,2.84821836,201.65,2.84821836,203.05
Lh6BeTfqKHRrS7LewgjguAzz6jWsgpuson,3.129767,199.55,3.129767,202.93
LYRAs7viVgVXiVo9H9wHb2ivML5WF96tff,3.1,202.74,3.1,202.74
LRQMtgePpiQkpsZECv4cQu9UdTSsaVHCoS,2.80855473,203.25,2.80855473,202.56
LXTMtkMqZ8MPEwAjvruVDuKXHngQsaDn9k,2.588209,200.56,2.588209,202.44
LeDhSjt2kbNQghxyo5tn2tSMS7VBwrc4Ai,2.86050044,206.02,2.86050044,201.92
Lfcy1BfcjiCXBdQ6RQka8VvzmcrZ7BgCyi,2.34314186,197.11,2.34314186,201.35
LYkjwnXEUQJMdG8wzTgan5j47L4A34voAb,2.84522537,199.26,2.84522537,201.21
LV8BDrKZVbr6L1R34QVzx8TqMkRTJ4zM3g,1.88429618,201.19,1.88429618,201.19
LfWVMhRsEmVYnjC78TSodAPhdee6sVaumn,2.87256186,200.94,2.87256186,200.94
Lh24pZQUAixSKwMQkyYaKerZn3CnsDjCNu,2.86586898,199.53,2.86586898,200.92
LMGWoKw3ByPA3hovy5RaJT121dvBGGAHJS,2.3713528,200.77,2.3713528,200.86
LWUSgzDv69ZgJ9SqfuSNMaiAFnMYsfTn6c,2.867129,206.06,2.867129,200.79
LazSMxXFukJr71R8KMhAXvz9SrZttvbRvu,2.52123682,203.08,2.52123682,200.78
LZs4zXn6GSFGUmWkNRyRZhpvFHgaaZ3RnZ,3.03697406,195.61,3.03697406,200.74
LNgaQo2ZnuZnjA9vCSLBmiaCZxLDJwKP8f,2.82710917,197.34,2.82710917,200.71
LeBn2gGAw1LdxAEifhRHm6iKrAuYLrqMez,2.691,199.05,2.691,200.43
LcbdJfAPibY199xmtLRH7akKt28Lq1K8HU,2.61925279,199.01,2.61925279,200.4
LVDdpTPCrpwELb6yHDteBAu9J3dbqCoYxs,2.79153724,199.74,2.79153724,200.29
LNsrPb8GkqyBNNkqmraPWeUkZnEDT7zGDL,2.86513,202.81,2.86513,200.13
Lg7jfnaSmU422thXQkRc9CaFJDnYxa5Q4j,2.803193,199.87,2.803193,200.01
LPyYZiprpJobhgb1rHg9PqEKm9H3uBX4u7,2.78,199.83,2.78,199.83
LgJv6LipAFrZjwoPBb8tTTFr56ciTcE7fa,3.17730615,197.53,3.17730615,199.63
LMvJdAuosZmsf92tTMVFe35bCTyxeq6N1h,3.01561029,199.48,3.01561029,199.48
LXFbttrG8cAB4hMGe4o8H2AS2eR48jgq18,3.1576061,199.48,3.1576061,199.48
LV9SJHxo6QB1TbHdin2eUnwQJaHHs7Srw9,2.94502737,197.17,2.94502737,199.41
LYvuKE9gChjoNTQZ3ekRwNTWrtAk1p2xe5,2.84768744,202.56,2.84768744,199.2
LZ81SQcMNXYnMSLz69voBUPu8rMqH6hrx2,2.49179815,199.17,2.49179815,199.17
LaP9Hd8VuUg4U3UkE8388EVgwEqqVaFP1z,2.71914788,199.15,2.71914788,199.12
LUZ8MZK5EJ5EKQ9MxmHHcGAhLerShqZ5Ug,2.76616122,183.33,2.76616122,199.11
LVkRUDgB7HFnfaYSMMdP8W4MH2QsfuucsK,3.1,190.65,3.1,198.56
LVhdW8k3qpbqNeDUTCcn5QDtBDAJ7nH5iz,3.08714327,199.31,3.08714327,198.49
LT3XDjzm8TV6GHYS43arZkRgqGoVnXaKPG,2.374522,203.15,2.374522,198.38
LfbCEMQNSFqeUYwqLenCtwW7F9KmBSLgzX,2.33191534,188.33,2.33191534,198.28
LdYaFgzaYmgFUfdh5WWKR3KehG1NxEeaxB,2.83115672,201.38,2.83115672,198.01
LcEE9LFWq2TkPNQfc3XNtdD1cenTrfNpbr,2.35460192,197.57,2.35460192,197.57
LVrfRGt7LXMu5nYorxQSMqDuCTCRKHqHM4,2.31762115,193.26,2.31762115,197.47
LW1MYBwpVrPjtSK7ztSnQzthNd3tZoxnsf,2.99879746,197.61,2.99879746,197.33
LeNU6tec71FL4fcjJRJMTx5eonJCnjG9Jb,2.720823,196.93,2.720823,196.93
LR7fdmUyoC8dBRtWG26LzChQbZbxQ9D3k1,1.94282882,197.83,1.94282882,196.87
LLgurx592cAVDEMdV9sic4aDRZsTVDP2Ua,3.022554,197.3,3.022554,196.55
Lcefwjk7oH7bW8SWWAKGXvuNVyc6YDJ2q2,2.84109857,196.46,2.84109857,196.46
LYHzH5uur1EkpPT3gTNUWopAVdqZF4JwLQ,2.94328525,198.96,2.94328525,196.41
LKLoU5Lz9yTi17gf5vYx6pxp4oh4NZkULh,2.7840092,193.55,2.7840092,196.26
LNzZxZzW3SbN59XLNNxk2ULoQim9k8z9XE,2.93442205,200.54,2.93442205,195.9
LfXogUZwQrKvKSMS77Tf2dzsZCZkAdVjCo,2.93076659,195.86,2.93076659,195.86
LMbuRX4o9qnxB3gbZvR8mjDjTEixVMPviV,2.76619976,193.55,2.76619976,195.85
LN2bi9rJCMcYi2oQbEQ5U6oWVWhY4Y4zhz,2.73485674,195.68,2.73485674,195.68
Lh5KpzHd7DGRPkNpnAaN8HPAHydPiwmYxo,2.8,195.52,2.8,195.52
LW34GUCUbcuezZeDwZWScyuM5WNaP8Ad7F,3.05469852,194.75,3.05469852,195.37
LMS7jcTrzf5PAQrt6mvcqJEjKpWzbhLxU9,2.8,195.43,2.8,195.33
LPVABq2L5VMaTE7d3gujAW7xnVBNJtqDci,2.79094816,197.38,2.79094816,194.89
LdDWktMpegDw26yTitsfQ2RjopJeucc2QJ,2.77598107,193.61,2.77598107,194.76
LT4xaBbdgXPu2QsBnapsgCGH1zj2Mg2HsY,3.02914579,203.87,3.02914579,194.76
LgdFemvmmEtSWQVXr2qgs5xaq6tss1ftFK,2.29744686,196.5,2.29744686,194.69
LSwXAZSk3ueeba2UuVfVjGZHpaAg4A1nSn,2.71396947,192.36,2.71396947,194.63
LV8LGgFwvkFyfJzFQwHdJJMy3jFYxJFzVm,2.89382924,192.99,2.89382924,194.4
LMSUvn1HrUDTFDxy2PdWjCS4SMLt6TK8Lv,2.73149265,200.98,2.73149265,194.24
LVRZvezSZUsjAzc7ZbnT9741zYYMEHj4iW,2.57911067,199.63,2.57911067,194.03
LiF4c1ySdFJcjtbFBizSy97ZVECtVWmkTB,2.56445469,198.01,2.56445469,193.5
Lh8JjpjjHoY5fJbCB7GHRKh1ZqFhtV51QW,2.42413227,190.41,2.42413227,193.48
Ldh8yWRANzu27yXcBzxdXZXNKGSNHTYa1K,2.35773535,209.7,2.35773535,193.17
LTpndAzvGStGwxwhJayQMbtrMsMHeJub45,2.45752202,192.25,2.45752202,192.9
LW7aey2RLn1gfVjgEdzPLLEez4QkGuywJ6,2.85739976,193.73,2.85739976,192.82
LQ4YaYsZ9i62FPYxRFJDKbLjUn9cDoXPiQ,2.53214087,195.09,2.53214087,192.81
LahQfcoJCXfdfmKhZYboTCHxkiK5fzhqTZ,2.60841405,183.96,2.60841405,192.34
LaMaA6FzvATBWEfXMR8qYfp1g4NNoAALC2,2.56889572,191.93,2.56889572,191.68
Lh5Qy5QQe6PGCbN8pKMECpSz2U6UkENLL4,2.25189,191.48,2.25189,191.48
LTYvY1E1odfJZBCUNFHcfEcDz6T8fsrTR9,2.31100729,198.64,2.31100729,191.47
LRnnfid6kXnWSi6pNyS1Wx1WWgfPqBoL4e,2.67824265,189.68,2.67824265,191.35
LLaArC2ZbTAyUg3Qd6Eb5vbfAy15nt8Jpk,2.30287967,189.91,2.30287967,191.03
LSGKFVpxZHUZFeXzZdXd33TTgc7FhqRFoD,2.7239,191.77,2.7239,190.59
LKvkBNhAE4ZmG99ggjctwr4jTkvJS1k9pp,2.15594023,191.1,2.15594023,190.28
LYMMvp7bpDqiph3Vsyrn1UUJjnmxRzTumK,2.76996219,188.17,2.76996219,190.22
LRUp1KYdoz5VyXPkZvRSDqjNtmTcGw3ouv,2.5467992,189.16,2.5467992,190.19
LTA2QzFryMhFkF6yY8hb31UofCg8obLbgA,2.0811,183.3,2.0811,190.15
LdhBswkyECYFZUZpyiBKEm6GhxwJ7oKVrK,2.3062522,190.15,2.3062522,190.15
LQ8AGiDaBiYNLtdLoYqGqsBggFNESbQc6R,2.74566099,189.98,2.74566099,189.98
LYqE4QhYYLNdwWvjnQKNoNFnZY3KEqnXBJ,2.75740408,190.36,2.75740408,189.61
LWhXaiAet6cKgtcCgZekrKpBmGQ55nfF3J,2.4494852,192.41,2.4494852,189.46
LUt2BFbYVv4ihyHNdwayRhW1cgU97ztkpe,2.36956237,189.4,2.36956237,189.4
LNHUKCXgSC8NspE5zDBBARAV1ojxAW28BF,2.6180607,184.85,2.6180607,188.77
LPzkd6RjYWbAfAVLHFByKh4RuzhGyPyVSt,2.13237025,192.14,2.13237025,188.52
LMtGrUQ3LnNSGbU822Lu9eGW48HXBou5hi,2.54582069,189.34,2.54582069,188.42
LfbNUDvUcTRYwrTUQ4Hgjowim43pKaW2aw,2.22408143,188.24,2.22408143,188.32
LdQdGupDKP8KXiAHSL16dcyzhGR87z7Rx8,2.2558885,183.03,2.2558885,188.21
LhkQx81QJuQKf8gdxrGNwGdLSkosyyAJ2b,2.70890214,189.36,2.70890214,187.87
Lcaxkk2W21SAtSWcf5fJWraCfCB2RNDrhU,2.34926084,186.76,2.34926084,187.3
LdoeZVc7F2bB7WpkVenGLPAabbuPNxEPkf,2.62425578,196.5,2.62425578,186.58
LVuUYh567HPYBM1dNkhUDstitTqC4raPp9,2.20355933,186.53,2.20355933,186.53
LN6obyrVGfDhWDmYD9iioUwQtsA818gkYJ,2.72572121,186.38,2.72572121,186.49
LWdmdekn3ybPgVsCT57QuvpSQ9BzJ92KQQ,1.93707964,192.03,1.93707964,186.47
LNTCDPQnZfCGd9zZfpgqY9vQ72QqwfDztB,2.71082044,177.24,2.71082044,186.22
LfJHfcZhL8E1CAF8NEgsP8VKZQ7bbdFmQQ,2.12411365,181.54,2.12411365,184.99
LYYthfbzhHJVBPxRRMYrwPwWHnePgHT1bH,2.55214739,182.59,2.55214739,184.95
LKY64kqjq41mqQSfodEaqHV5Nk9riXEU97,2.54957979,182.21,2.54957979,184.64
LRJSb7gS8Yn2UmxvUighChp2jp37orReYc,2.58659687,187.75,2.58659687,184.63
La9hYs1i1SaCsSk1jF2XoeYYv2RC3db89z,2.59519669,188.0,2.59519669,184.54
Le8kYSnZt8dPwgdo1ZRUZ1ZSbGVMCm9tk2,2.19553871,183.11,2.19553871,184.43
LLRPYM5RnxeLHn5SY8YJgdbbckU7pPijYt,2.68510485,186.05,2.68510485,184.12
LPfuwgL4QtybCEnYQbPDv9P9a1XBU5x9La,2.33199974,188.01,2.33199974,183.69
LQexTE9MrgBsFDn114zdipmsAdnbgFTdAG,2.37530575,182.13,2.37530575,183.35
LVkGFD8ja499urnu6q8NbHCoSB17UCQFHc,2.40308258,184.25,2.40308258,183.07
LhSTNAQ6qV1Lzp7oHiLXgWkswS4oX7weT1,2.501,180.03,2.501,182.66
LZjcWf1eB9ECJoPFwQ624tjT4GTMTAnr3q,2.53131443,183.34,2.53131443,181.53
LQpT3mKLwVw9Xtyp5ayeVwFqp8ux341jNM,2.59661821,181.57,2.59661821,181.42
LhT55D5ZYohMVjTuNjWFdiminURTGaAMAw,2.018531,196.85,2.018531,181.2
LYHADsELXGfkmrJ1xy4mpidc5uBSLTHHoR,1.86126632,181.35,1.86126632,180.99
LLJNz7yhgmDdLNbEg7xHznCgx14ZCJhJZg,2.74233501,180.39,2.74233501,180.97
LQQsuuFczaVz7eY4rxPCnUM4jW93QC6E9r,2.68100812,180.21,2.68100812,180.95
LcmBZiR7kLp1jcgKV5RLFjugfDDexCw5zJ,2.47323077,182.43,2.47323077,180.94
LNPxCxrRNZcdyWqTKSjc3m53emWRW2rZzR,2.50914,177.35,2.50914,180.93
LP41CRHg6uenmqeHB5oaCmnRLAdmmoZRW8,2.49914348,192.86,2.49914348,180.89
LaGoVG9mUoYFxmEwCj6CJgsxDniVAuvE5E,2.43475696,180.06,2.43475696,180.85
LQcKAadbFwkUc18R4dsBJa6xBJ4WEqn9D2,1.73302163,151.52,1.73302163,180.01
Lg92FRvibtvZDpetyQbxRKmGeVmEFoFpao,2.60488122,179.66,2.60488122,179.66
LQgderjcXUpSzJWguV88cvv1rmxsnjQeR7,2.24618544,175.47,2.24618544,179.56
LKfXKjKmxgMmvG22CTq7rVLFZaJkw4QXjr,2.7479,178.39,2.7479,179.47
LLfXrsXQNNGFGXVqbEr4aXL1z5J2nf73dw,2.51638669,183.49,2.51638669,179.37
LhCWvUj46p53kFFTXDXvmr2RA4FVSEAyxL,2.38131842,175.34,2.38131842,179.28
LYyCmAWEwcgYq921NaeYtvYqF3E7CRkQvg,2.02172546,166.59,2.02172546,179.21
LdfWvT84oXs2XzDC1qPkT8eJtoacsZaR9f,2.32025928,163.44,2.32025928,179.05
LWKKpuVifgiNGUtJL18R4X2TrCoahrzBjm,2.21672703,177.76,2.21672703,179.02
LdCxAjWdXCjX7CsaDhRckkVQbAPGqrABMD,2.1998,174.68,2.1998,178.95
LL2uEivxDvtQXJEYn7kHbZCpLEbfyfBKNJ,2.56899303,176.97,2.56899303,178.87
LUnpZZNjogszNxiCxBUfJ7n8HhEqTnqSXY,2.51147726,177.5,2.51147726,178.3
LgWYFjDvFLNQRWavqqHYdFE1qEEmvo6fh6,2.41720377,181.74,2.41720377,178.08
LTpPMoAJ4WCPjUpSptTgNTX1gLy33dKa92,2.05968897,179.8,2.05968897,178.07
LiEMpesj7vLv7Th4DvsdDogwiBa6GEP1iY,2.16267871,180.92,2.16267871,177.98
LLm4mhexjZtvV1YTH8wM98vE71DoToVkgY,2.48674989,179.35,2.48674989,177.8
LbBT3yfb22MSBQceqdg2DThyWo3G6xhd7c,2.56852731,178.98,2.56852731,177.66
LPJ5JjBsJmEZ6YW85eWRAmfdn5rDpYtDa6,2.29608207,179.74,2.29608207,177.63
LXJLJtFV8mQQCAMxsk2sJvdraDn2XkqrwV,2.72573682,174.86,2.72573682,177.57
LQ7eUWXf6Saq6Qnzbs3mNWcrMGSzyPLMQa,2.74456515,177.12,2.74456515,177.41
LRcofqkF9kVrt4SCJZoTmrLizKNe6zKhaB,2.44248721,174.45,2.44248721,177.11
LUL6ZJuL4BhdjJY15GXSCGFsMP89pMV2sh,2.69556543,176.96,2.69556543,176.96
Li4R7tB4BvGqh7WkFEFnk158ZAbpHwK7FL,2.25362867,176.62,2.25362867,176.72
LSfabZcw9PBy6u2MhRBpbkU37KwGSh3dmk,2.73264812,180.89,2.73264812,176.69
LUTLMNdT4teq5Sefz3FGsXHyyydZdPQmeF,2.37484891,178.87,2.37484891,176.64
LRGTzDVpG7HhZ6wjpWD83LrkDzxGzTuSKf,3.01807676,174.95,3.01807676,176.4
LTJm5RE1oEBjRffpDMaxs4QGhmfVMUAj4P,2.60471203,175.19,2.60471203,176.19
LMUavYr3PVQb5xwsukeycS5SdUr5hvvGXa,2.4609082,176.08,2.4609082,175.89
LhbhRJwvKgYEVbKtEMiQnGQ3BhGFjXjZak,2.18823229,191.53,2.18823229,175.7
LgjGHeJZkKDJmSbozT8uGqbjRXMZCxLFwM,2.40603566,173.42,2.40603566,175.25
LhATJg6DSvrZy8k7t9cZJS9HNsJcxXG7Lf,2.44299158,175.92,2.44299158,175.03
LTJ1AVAwJjfSGdDaqEn32u12phoRov4M7J,1.81289175,173.82,1.81289175,174.63
Lc2STzxCvDoScy8W6GGi7o2fjeax3g28Qz,2.77725686,167.3,2.77725686,173.82
LdMj67p2Sx4y9LzMHtWP1fnzifVgCGER61,2.28215639,174.52,2.28215639,173.3
Le2UGiaz4HB7HEHjrL8u1Mh13FsBgUTV4m,2.05094848,176.84,2.05094848,173.06
Laayu7sRsjQ1Pp6J2LVbfAdrBsC2g5X3FX,2.49480936,174.36,2.49480936,172.84
LfMCT2jxCSWxS28QmubbJSMjFipvf2eDj8,2.40574928,174.0,2.40574928,172.76
LYgHTV35SRmiVxbckqLWnaw5wiqTKJ4ayV,2.32708586,168.48,2.32708586,172.37
LPJ2UUhMWfgTj62L5JP99q2SGoEFjze8Rg,1.77926099,172.07,1.77926099,172.07
LfQGSpWHUAi3DU6h11xeUBrVLN8nLvQy3F,2.33446657,169.07,2.33446657,171.99
LTy5pTrdKh6wd6eqNa76Mx3B3tRBQgDQQG,2.65095726,175.0,2.65095726,171.84
LKnnL62SKQEVJ4NoEejr3c9Vyu53kj11v9,2.71791166,171.7,2.71791166,171.7
LV9bPAneAz6nMSvu4UziXak37JsABQ7g2H,2.54833396,170.86,2.54833396,171.68
LaL9iHW8VwiYowarM74HQWkEQfPFoSiQPg,2.26836004,170.66,2.26836004,171.41
LYZ28S3f8B8vjemzaThC8YpPohtDBnqaUh,2.39669117,170.23,2.39669117,171.35
LYyYfBtfZB2CX93QBSvNmjHdngcvxhXyub,2.60847093,169.33,2.60847093,171.26
LLcLxDow5Q7sSxV7nMcYQQvsEqu1HjgPxc,2.50609232,171.14,2.50609232,171.14
LRoN6zAjuKxqT415bFebRcRtnuyThKUbP9,2.4579885,162.6,2.4579885,170.85
LYR91cnGdgqhvtErdH9LbhQt86vcHPyq1H,2.0973324,170.97,2.0973324,170.71
LeevNzGFwWEa2PUVNaXQDdR4SxS4VxefS3,1.80020247,169.94,1.80020247,170.57
LXeUGpGaqQMYCW2Mron6dUWcLVN47RnsEf,2.43167731,173.65,2.43167731,170.19
LZH6cZzN4C4ZGy6oCqCtisVoprzxH4YFzm,2.44046532,166.86,2.44046532,170.12
LQVQR3JaSAbc6T9f8cR7a3x23YLTeph14g,2.60517112,167.39,2.60517112,170.09
LLtwCJK6wCKcrucn7iLgTpmBqCiV2MVX1t,2.3838,171.17,2.3838,169.84
LiPjkQAkawUF8eyzWjc7UJD2NgSneWQfRM,2.52904091,169.63,2.52904091,169.63
LWBKzw5BF62FajeCRPcdgKpqfK6tbjL13k,2.42250793,169.45,2.42250793,169.45
LcRXbRvvWsqJaTb9PmMsh7KQ3ceYKXS1ua,1.8,168.39,1.8,169.4
LXbqBXY7oZBs2GedqTAP3UbgcgbmgZp7Dc,2.20938604,169.24,2.20938604,169.24
LKfk4AcwSdCqaPAcir3Kb1vQcdSu9thvjy,2.33990294,167.71,2.33990294,168.8
LdQq5DYwuZtqSu2xi8SwCPqfVZQMFv8Ty8,2.497499,170.9,2.497499,168.53
LLD6vrPhciA89TbVYeWkoprgwBbgw8jJjy,2.073003,167.5,2.073003,168.28
LeJN5xRtppurUSVT8jAw2NzvX6FdGpFwmB,2.28464642,169.69,2.28464642,168.04
LTFvpGM8aj3Uj7uwwLFEPmJDRZMCdAg8gA,2.649545,168.01,2.649545,168.01
LTdz1Lmy1iuy2CMvitA69ZRYDrZr44ncdo,2.5117916,167.66,2.5117916,167.56
LYf1zHDrJmnQ3hqcKHB3aDTDcsf2UKn8qt,2.42509803,170.32,2.42509803,167.1
LWVR1d86keUXUiqZiQ6cGXy8EddqrNMzsg,2.3429238,167.07,2.3429238,167.05
LR8bSU3z2FGdJUVXRqUx8CoxtkfPfycL6u,2.53769358,170.42,2.53769358,166.95
LMhoUTGFaWL2cBG8inmd31SJMLTAJk92bE,2.00054761,166.93,2.00054761,166.93
LegzPfynA9GXMAgvi5mwweDyAZCjUMiiht,2.255,166.01,2.255,166.8
LQN4gn5KnF8pHKzcfhJ7jh6LL4n99BfgaC,2.22687681,160.86,2.22687681,166.72
LUuLfByuW82vCuCYXswhqBVAsRdF1AvHXr,2.68,163.66,2.68,166.37
Lcy4eWLAh6VbSmdNLECubD91oh91aM82Do,1.94249944,162.19,1.94249944,165.85
LcuwGq2YWhQr8cgpGtLGrRdAynYgKELD9Q,1.96465623,163.81,1.96465623,165.39
LKJDqE4ww8AqzPFybo2GnifMteDjxwKDjj,1.97881252,165.11,1.97881252,165.11
LghjvW4WAM2STcMAG4wgSZyjwfSYKApEK8,2.30555027,160.86,2.30555027,164.97
LhQWPZ6fajtzc5ZN9wq2kABuBZux3zPUgN,1.86764429,159.74,1.86764429,164.68
LMuk9rtjHQELNVkjZSr99XvuKyJZJGzFEd,1.85057876,164.59,1.85057876,164.59
Li39uqiMJr23uwAsGyxf9X6gtNZ3iDiydW,2.4461348,166.52,2.4461348,164.45
LRyn4F3chj53va9U9dcjqXvF677JR2NYFB,2.8198,164.23,2.8198,164.23
LSQg9wNwk99CMVJY33uiwbvbU89r7wJD5E,2.285,163.03,2.285,163.95
LfdznyhqRsvKrbFXYpN4Y3A7GWJ7GxvnYf,2.36473176,166.04,2.36473176,163.81
LMYDsBHrQvkSnGwxZ9kjF354R1cCNg4PKU,2.66000679,161.79,2.66000679,163.58
LNyED5GD2VSSP2f2sctu6iDLb1h9dECbUy,2.05262155,165.87,2.05262155,163.42
LYDZcA1DxkxYBiRSwqxv4JLo7bSomsR1zG,2.08667968,163.57,2.08667968,163.03
LUY8zEwtgX2RX78UfrHF2Xa8tgkoeMFoBz,1.82151688,166.39,1.82151688,162.96
LMihfrJ3HQSk2h9SwvVKZ5JcsjvWhZKVrX,2.33331861,162.07,2.33331861,162.07
LVtpAm4sTUqQ1vVwuhjwKyHw5wkYsNcRhr,1.76645,163.79,1.76645,161.85
LQRUb1QuWAjUSnSjcq7Vvc4f3P8V3Xurac,2.23818944,154.93,2.23818944,161.84
LcgKWAzA36gVhJ7V1s4e6g67rmc1fSbBCV,1.93398452,161.45,1.93398452,161.45
LLSk6VGCByiZfUjVzkRBfWq2JJ6yxPuCDx,2.34710885,159.88,2.34710885,161.31
LLTVwPAjTfYE8k3J46sjy6LR6sUqviUMbP,1.9569084,161.8,1.9569084,161.3
LLwoekTcQZNLkZsFBZw75EXgGXzhuHjXW9,2.27769331,160.9,2.27769331,161.24
LKm1UFucjKcspwXWyiawYBsUsgd9ztDCat,2.30569,163.08,2.30569,161.01
LaGT6F7D3LA1ZY4yi6onvGtaZg3Xtcn9ho,2.23371662,162.16,2.23371662,160.71
LLgtzQa4Ya2KQTmgz7CgxX2ZW9U1VoceP3,1.91736578,150.72,1.91736578,160.71
LLaKtF9WiboWXCNvW54q66GEyfE1D1m2KL,2.45949798,161.17,2.45949798,160.68
LairWxaK6jRwFn2rxt4W3W6GmeRZQZFXXR,1.64694724,163.62,1.64694724,160.64
LdLANNyaGXGkmfzYbRzMGXDWDuDoKBFAfB,1.86161212,159.79,1.86161212,160.5
Ldr41sSPQRXZdEfeypXrYdCwARC4CjWBD5,2.12480835,159.71,2.12480835,160.42
Le8ZzSULYyXAGDQapomQpcW3YfPekfdaRY,2.01006938,160.67,2.01006938,160.34
LXdRYqKmwXixSqHLdvPxHVRFRtebAqDBvv,2.02511953,159.81,2.02511953,160.32
LfY9jdXtG4yZ8uynGVouw9FmREPMMkyig8,1.96244177,160.25,1.96244177,160.25
Li7aoAt7LZEAAgsts1FrsLZaymFE9JXCVx,2.03499072,161.53,2.03499072,160.17
LezC6JEijfPmuhBAVDcyaHHcuzLXMFRSKz,1.92745246,170.43,1.92745246,160.12
LcmToiyisBC5GrztExHT1piQ1T4LVxbZ4L,2.35324148,156.44,2.35324148,159.15
LY9Zbqg9FpmfurMfqTG6BYiK63FiJka8sK,1.87360853,157.16,1.87360853,159.1
LhaRL6T1aH5w1saKCUaU7xUzijinu3sXAZ,1.923217,157.01,1.923217,158.81
LbJe4ZpKQYb9V6Z4ffU6xDujNT62mDpEjZ,2.28682165,157.44,2.28682165,158.79
LQ4j5yX5dCFaQJVpRW7yK4rLFJPzr3sLpu,1.9,158.54,1.9,158.56
LQHycfyPf7LieZAJmfWv7kwgnB2riUjxYs,2.0,158.3,2.0,158.3
LfZgBToFFHhNhZ13cqHopWSnEQjFfha1Tv,2.494,156.87,2.494,157.46
LhQgHQpBvZzPRfbv4q6QuY42pNgYg5dB8a,2.1855141,155.96,2.1855141,157.3
LXdMZSmQPXGVpiUXxTvJQ2XH4UBiRVyk41,2.293504,154.49,2.293504,157.28
LaMMqdffJoDjKxGNBNM4t6fCHPRA3JkimQ,2.509987,157.69,2.509987,157.02
LeYn5Y2xJs2u8EXYw5ZLJw4iNurm2weJtR,1.74391064,147.91,1.74391064,156.36
LQmSsF6SDRac1SVD4xbXKABVRS6TarJMWL,1.75234368,153.85,1.75234368,156.34
LM4zKvTZg7zvqyaLKtMEXyvKLKZ2AxiGhx,2.47765039,163.16,2.47765039,156.09
LSQe3u4pFLpPXU8mWfBGQe2uqqdV3QU4Gr,1.8680029,154.18,1.8680029,155.69
LXHsG9Ffiw2Kg2evYQz22kVcBzen51sY5h,1.53180661,155.63,1.53180661,155.63
LWEHBjG2YwMSsrb6uwNx6gCSyeGpoLK2ve,2.18549119,155.21,2.18549119,155.46
LUgxt33d2tGwUz9c1FkSLPBj5GzvyEi2PZ,2.13176606,152.59,2.13176606,155.34
LQkr4243i7qKXa5MAA64FB1PS7DPSBosva,2.25714928,160.89,2.25714928,155.29
LW8955P9s8aTLLXMjRYmsYyC5yJ43oYHMR,2.22254293,156.2,2.22254293,155.24
LbpXhPu1LsqgnhekxhDnysWdR7SLiGa4uS,2.1018093,155.23,2.1018093,155.24
LZmbpi96Gf4xLED16fmciiiDh6wdgvHVDo,2.37338386,156.58,2.37338386,155.19
La8u5XhLLzpDWWHJbkDVaEi5xjq7SrkxwR,1.82500283,156.18,1.82500283,154.75
LcMhxzn7GCZ5wFscbt7w1BLYw9YWNPM4uq,2.14552511,154.91,2.14552511,154.68
LeNEzPr5h6YxJ6RxuihqEmkZPzciiXGu6d,1.84708061,153.93,1.84708061,154.36
LMXvKTZZc3mfypnSBnukU1YxBQqcCtegG2,2.31097447,154.54,2.31097447,154.17
LQUrWJo1KqXtHnQnpcGtanWggFK5n1nX2V,2.25268583,149.48,2.25268583,153.87
LLDYRPW4Pt1gRAddA9ZYqh5KQY3dRhZR5z,1.69793056,145.58,1.69793056,153.82
LaFD1AagxK2xdzNC61kCWr8jzBVLCFJoZ8,2.12908075,154.23,2.12908075,153.78
LZDotbP18mfYCS5EKoxUcanFqzVtpGoEVQ,2.11515815,156.67,2.11515815,153.71
LLEPxipkUHinPpLQ7KMfcpQsKHS4SfZEjp,1.6079306,153.59,1.6079306,153.52
LRNK3UMvA5kkUnMqP883qNEbgNd36W4NDk,2.57002542,156.05,2.57002542,153.51
LRvAs4ykbLhAcQ8XPULgDCMekzBFWogNaa,2.1014148,153.2,2.1014148,153.01
Ld5BtmXoQ9Z8kHhh6z18BXdpgV7KpaCpBS,2.19866658,151.79,2.19866658,152.98
LefUPmit8Hn19ArjWF5hGVBst6iFBHsut6,2.34165822,152.84,2.34165822,152.84
LggA19Sq7kj77Yj7GGryVMhM1D8hcqSW6D,2.20218662,153.62,2.20218662,152.8
Lh4nykRKWL1NAfvLk2E1ghp12E7DJKycWH,1.9324266,149.98,1.9324266,152.64
LbjfdKHm246v1ZakYZZs4WiWTuCEpB3Q97,2.129532,157.7,2.129532,152.6
LKu6A5WXQpSksyDwHUetUMuFE6eA2PrH2q,1.63741278,152.4,1.63741278,152.47
LUkPAdH31AmXJqCQeEeCkxSSuMFVGB9BNS,1.79392,152.47,1.79392,152.47
LXDZNe2aRKbsXj3c3rmLQJnuwsZAVvEkCv,1.73892113,160.65,1.73892113,152.34
LQxJdo6aVDQ7vfFMAgzHawADVNJPo3LjoY,1.87436234,152.24,1.87436234,152.25
LVRE7zDD6pNewy11ZLUCv6je26uWTkxeix,2.2745727,152.01,2.2745727,152.01
LZQBPX6qztwbBoVBhA8YergZyChufHECkg,1.72345293,151.84,1.72345293,151.84
LYDwrCRKgg3DrWb3gA8SMHj9wPNLuXDEC4,1.6452862,151.56,1.6452862,151.77
LiBChJ66SPfFCntSSCXBMGaRuE8JoovmYr,2.0371,151.52,2.0371,151.52
LfdTYARZHXQouRwzqAZzLQwree7GZzr749,1.9387011,151.45,1.9387011,151.45
LLt1qUsnqHGyAadCvDfS8icS3JYCX16Uwv,1.77998207,151.53,1.77998207,151.34
LezkkGuuVQ6YAMAcPc93M9KdgtsSTBPByx,1.82782405,149.32,1.82782405,150.87
LiPY3Kvn2tq3uSzQsWeyH6rYwxkMhYAvsP,2.19218122,150.8,2.19218122,150.8
LPiCKY3oi1uPsdSghD5RkVJC6GVFGKQ3FV,2.24080806,150.6,2.24080806,150.72
LTCvkKLkth34UPEbxJpRjGtRJNoKCF324w,2.14967761,153.21,2.14967761,150.69
LR1TiE7QsnxfpsX2a4LuDgNENZWz4xMQ3E,2.20754284,151.57,2.20754284,150.66
LKra85xejZJyrLbtR2thAigkrCPGyF5djP,1.7938,147.86,1.7938,150.39
LQ9zS48pUM6NpKAXGvhjWw5ZvFfgRQtkLk,1.8019209,150.35,1.8019209,150.35
Ld5sTKmPXWheYRx77yxHM5oQt4aDRWHFj4,2.239358,149.61,2.239358,150.15
LdspaiYHtwHRt6rkuodDgr9SyXL4uDC5ru,1.79236484,150.76,1.79236484,150.09
LYpJTZGxfraAy29d9N9i7iSoN5TTebPAsU,1.92997049,149.13,1.92997049,150.03
LZXtXMvpMU4Qcy1AviMRwBcdjNTEEtXc9o,1.75538887,150.58,1.75538887,150.0
LT5EfsNXfGSPZEU9qbVteBsNLjzC7Xu5t4,1.73067016,145.1,1.73067016,149.99
LKfr6GSmcMNcAQR69w5hUbSbYBPzERbcpK,1.58954557,143.95,1.58954557,149.87
LRacG6amgMRvhZJ4jzHTuMLgiNt2fkBW31,1.8441168,149.21,1.8441168,149.85
LUdcUSNjba9Zv9sQh9k4cERTrQ7PkzFFDo,2.04185972,154.7,2.04185972,149.76
LTrrakFxpsPFRA6YnwJXpo6Pv1s3VX7iwp,2.09685347,149.61,2.09685347,149.61
LaNRveqShGwgauvPNhAMZT2vepap3WZnXP,2.11782622,150.58,2.11782622,149.54
LfTsvQswufnap2w8aY6T8QtekTDdV8JPKm,1.82776658,150.96,1.82776658,149.33
LLHS5nnHbrJPg1r67TqaqkuQh4evGmAKPF,1.63595913,148.41,1.63595913,149.21
LaYycSAwsvKdEHq62WM56iVbWBA9qxEGbV,1.50392243,157.93,1.50392243,149.2
LRRfUipzb8j113QsrDS6ALsvDM7P4eoBJM,2.0851328,152.94,2.0851328,148.92
LP66GVbSfnxjkaTbkeXNTgQsURceEEqcS5,1.85569608,152.21,1.85569608,148.84
LR2yGixih6ZJUf2Fa9wUBnUwKvvRbHwn5S,2.22624361,148.36,2.22624361,148.8
LUgqg24vKdmU19T8FwJw4gkK93PVXfjRAA,2.0903021,143.1,2.0903021,148.6
LZHHqf3Vd69MLp9qbS6fwDVTGemLEL3VpR,1.728,149.66,1.728,148.53
Lgs3yNMpw9oEsbBcqSUYjxPmFhKXdNzR2c,2.23713287,151.21,2.23713287,148.41
LaghqCELCPJ1XKGzPhRxJG9mU5vcAxjR4i,1.97957671,145.04,1.97957671,148.22
LgifbCidu1GFCd2EEJ5jvU1MZ1LNLFsC3j,2.2,148.19,2.2,148.19
LRCr7j3AdPvFZsULg1N5LhTd6v2dSUaoBD,2.31324156,146.56,2.31324156,148.16
LQEsny2EMpo99cxwSra71KjbqL7VXqDc39,1.82221421,147.22,1.82221421,148.0
LdoDuj4k4YkFwVRJ9hRsceJjrtKYTEENYG,2.17972075,149.03,2.17972075,147.78
LcED5ycEZh6gA441Xe9tb1kjxF14zLpFCu,1.7564,146.27,1.7564,147.69
LS2MVtDgF38tN8gSJYKbq6XUDeqtHd9MeU,2.05221468,141.17,2.05221468,147.62
LXW6tvDXJEjJKajCbPFrFS14KWdMTVbarh,2.45512123,142.66,2.45512123,147.45
LL49LKVctiN9CscxCgH7Y3T9GXR4ij8o4F,2.09467213,150.2,2.09467213,147.45
LWiyNBiGnRh2avwqMuMYhKJr9EvNg6axhv,1.73914051,141.22,1.73914051,147.44
LfZzo7cS75LdU43nvu3g3StfJ4ZaJCruUD,2.29806582,148.65,2.29806582,147.18
LVDbxxBixPJ9buN9VJQYaNBcoo2G7AaF87,1.72171284,150.44,1.72171284,146.95
La6BNcFbJVXwd6Q81ahCLbQJR2gTLfYG5m,1.48429351,131.22,1.48429351,146.82
LbbmWh3aSK3FqDoomJ8K7v7DoVtWw5yLQr,1.41274827,123.52,1.41274827,146.74
LKJfiMd281bNMTNoHthYpAAFNzuuR3UMad,1.98226706,142.01,1.98226706,146.67
LSNh9TkbprmeHZX97LhjyJnjRSf95K69sj,1.67726654,152.27,1.67726654,146.56
LePHRg6kFrpm1VcyKAZF5M1PZYQukzw8UB,2.26327346,147.23,2.26327346,146.34
LYJCbWFDCD3TNyQEdYQkurVgntH6LtF4vv,2.0977843,146.68,2.0977843,146.31
LdXXwUdKwsuuj3roFVquBLkQ7Q9bRAuAhn,1.48450687,145.97,1.48450687,145.97
LNVGVsBFPmsBnZQfkAQHjymWMY5bAVKb3h,1.75859213,143.09,1.75859213,145.85
LRGQmh67EXdrwfMUbmmbNSSnWCfrintrsQ,1.89486631,148.22,1.89486631,145.84
LMo1GujrRaui4QqZUF98kjNQ7yzPX1dFW9,2.01587003,145.55,2.01587003,145.73
LMRNaXjVoBQ6gQBircpiMWJXuHLjR6D2LY,1.60149798,143.98,1.60149798,145.63
LZiu68ACYEM7g37JEgyNTKApKwZRb1tMkb,2.03990905,142.14,2.03990905,145.55
LKdH9WJ3Tda9HHtbgd9imC1sEVsuuGjPVH,1.7615309,145.68,1.7615309,145.16
LNun5wGmVAophRp9q6kSkdJbfE8JFNek7z,2.373755,132.93,2.373755,145.16
LTTcfYsYj1i8SR8spbkKFPDiMYidJZcJgD,1.92673729,146.91,1.92673729,145.14
LdCfegZVJjz5Y8TKZ3TDS8LnpbhLuHnxdG,1.8891371,145.57,1.8891371,145.1
Lavxn12wQ7E2DXj9dsHxPhUB255x2snyqj,1.53731631,140.86,1.53731631,144.67
LchARaNjwWeW97kRMezojbNuojmrVRZe82,1.78888173,145.65,1.78888173,144.22
LUdp2huCz8BSa4DybCFy3PPNeJkiq4J8uE,1.91665338,142.46,1.91665338,144.2
LPBUqQSBikkJLEiP9gsdCvyjJ5KiM52h21,2.231159,143.83,2.231159,144.16
Li966Y21u7KV3mWX2FTyLFgfVaBLy2jH1f,2.00950288,144.72,2.00950288,144.0
LbcCYyGSqjsNAaT8Z3mA1Wb2x58ZPQ9vXd,1.96622814,143.87,1.96622814,143.8
LMQcTdTMmT3VKwNVrk89zjmEiAKDqB9xjh,1.93507736,146.72,1.93507736,143.77
LXRXhDcAJmu9RqdKuStF4dHneYawJeYsKf,1.62845063,139.89,1.62845063,143.73
LVjLFXHWBmZq6c2j3B5k3GATPx2rHGmBGM,1.74258189,143.68,1.74258189,143.63
LWhcNkNnadkzAs2T1Hads2L6acAviqRqsK,2.25317011,144.6,2.25317011,143.12
LPeEc1cWqgsm94XPbwCkYiLEj4xfY1KB7e,1.8417046,143.23,1.8417046,143.1
LXrHVR5H4fSRTc8uMZryMK4ZZX9PQ2r3H6,1.85103399,129.14,1.85103399,142.84
LTTPmdTnEgEpbH9Dd5qpyGkXrsQr7ssKZ4,1.69222969,141.4,1.69222969,142.79
LRhwXR76Q3ESHPeYmaEh8cEwztgA4RE8vj,2.19091866,143.98,2.19091866,142.73
Lbw9meBHGDrqLYpdiBHiagUzKNQndLtECc,1.81897974,156.3,1.81897974,142.7
LPgFwaeMGh78LZ6GmAfyLCCrkABgYw9aHb,1.66946809,139.67,1.66946809,142.64
Lehcu2kC13xJk8Z4F2n4SLZZiYJeqLcKjW,1.33457733,142.49,1.33457733,142.49
LLfBHhQqroNFjN2ZjCbuefcMkHEhfrnQKk,1.86659121,140.87,1.86659121,142.25
LbzCmeV2hUKYgkydNHauqX4jC2f4h9JhK7,1.616696,142.96,1.616696,142.08
LPDLPYhoVZ3aSpJxGdJJK2VotL3DCqooAU,2.20958139,142.22,2.20958139,142.03
LZDrtjZNKmqB25Q1KqNgjSqaewUfjyThJ1,2.03685162,139.18,2.03685162,141.94
La3LomjSCXNh3g3DAFRFp22SyjVc1A8fMa,1.4537237,151.0,1.4537237,141.77
LcHa6SNNCsPSbUUHbjqoeX8TwhgcjojkLk,2.23834102,144.5,2.23834102,141.72
LhQNwPpqQiYjn3T9tzfsRjXzBD6uvyxP1x,1.92446357,139.79,1.92446357,141.21
LLJcbLvrMRJWeQk7GEShmPGc4ZqYHiX8K3,1.56993738,140.76,1.56993738,140.76
LfLpbbL2GcpUaCZodXZmqfQiSpCDNMTqxH,1.3924171,125.65,1.3924171,140.63
LS3k1vLV4cZfkVW977n58KnczxZ3M1WyX8,1.57608754,140.53,1.57608754,140.53
LaDRHvxJUuKqe23oBUt1KW8SLNx2xfQmw3,1.92978034,141.68,1.92978034,140.5
LTub3FihGBRHuSKvKibM78nJkzyxfSToMd,1.92457164,140.34,1.92457164,140.34
LgSf18khGihDYse4Y9aQ9pVN7CqugPdGJV,1.78695594,139.66,1.78695594,140.28
LMhSo1WGzaXf7f5quJscrMpE92VsZvqaLb,1.79427263,143.04,1.79427263,140.17
LZXkBjwi52kCotB8Yc6kyMAhQJtkuwUSbE,1.66136228,139.82,1.66136228,139.82
LcSyQq9t5sNN8VsDDpgHD9nmActkhrut4C,2.08397429,140.58,2.08397429,139.7
LKxxPuPSixdA3xMttebDpFizUnmhXQuTEx,2.02798102,138.46,2.02798102,139.59
LLPRNbqt6wDmuGUa4BKFLmHTFahC9ou3sq,1.886382,139.57,1.886382,139.57
LhjrEg3Xsrs37nqo7CmKutN41Ti12LHTRh,2.39569327,139.53,2.39569327,139.53
LU9Je71fboucPzLB1B34jTeudYNzZsH1Go,1.96894964,139.52,1.96894964,139.52
LQqdreH9tmgZjAK4a89zH7YwEQ7XjoMVKW,1.95002413,140.9,1.95002413,139.44
LXxkR45G9DitjRLJybmZYpHahQPZ1xxGiU,2.06570153,141.36,2.06570153,139.39
LMELWz9h7mJGdBukDRgA4PXpC5MQi6jmn7,2.02569838,136.7,2.02569838,139.31
LcfihNF7RPzr4GbpVNWHCebW9Q9RcX8kkQ,1.63499262,137.54,1.63499262,139.25
LiMEvSc4Dpw4gJ1gu1kfMLij1S9ES1FgDz,1.42084504,139.83,1.42084504,139.0
LUvrequpmpq53iZB4wEuT9mcXwUWQgmY4p,1.78892973,139.45,1.78892973,138.67
LVSBj5njTP6H2X1yfuzA9j36XHVGTgfvmE,1.98487385,138.54,1.98487385,138.54
LiKy6Jz74zbsozArqipcnQgwtv43vbDKDz,1.41291055,123.2,1.41291055,138.51
LdUJiraX4dB8YkaMxkKbAQH6xa12wdqvqz,2.23991,141.11,2.23991,138.49
Lek19yEjcn6pia9Hsupem3UZBSsP6vDazN,1.83328506,140.59,1.83328506,138.43
LgNAhGdr72L4fJ1DDUyBKa4g1Js6PKsWwT,1.6571,137.4,1.6571,138.34
LP2cAJxYvFYHaXwvtPByJUF7qRG3GxT4Rq,1.96165053,139.95,1.96165053,138.31
LYViPXXSiwZKJ6XVW2Vw7FR36B6FnMw3Co,1.70059804,132.21,1.70059804,138.14
LVUo5iLRBFcgoqXbtvcn4KS7Q7hJx4xTCo,1.9928232,139.4,1.9928232,138.04
Ldgdic5RnwDxXCEBYSy5mUvXZ79Mshn3UT,1.88446907,136.77,1.88446907,138.02
LhaUbSz8a6geVZoqiSdku34ZEc1Q7ucQkb,1.91123526,135.76,1.91123526,138.02
LUevRm7A33zZtCRfcgXJu5rABpRPFfg4Wa,1.63860613,140.0,1.63860613,137.95
LTpn7HFMXuLPPT8crje3yqbB1uN3dnP7q5,1.78728419,132.88,1.78728419,137.92
LSxDJRBq5Z4BQtuRoiXWSqjci6i4txhfwb,1.59360504,137.49,1.59360504,137.64
LN9TaSPpitTq7zaei5gScSHeysG2U4pUDo,2.13365681,138.24,2.13365681,137.51
Ldwmsz68XymLnHa5oef4X9XSHgxbWgB8yZ,1.66990252,137.12,1.66990252,137.22
Lgdq3K5PXcG87bpkkBMEs2ufkBH9DQP4yM,1.84069047,137.09,1.84069047,137.09
LgTNssVmcMeNysCVqJQWEVuvmamJpu23Mh,2.01214013,140.45,2.01214013,137.05
LNHHnvbppJNyV31J2orDEGUECGKZdyvHzD,1.91702897,133.58,1.91702897,136.78
LhisgAUPB2d4xZ9xdbDwDeCWt2Dje2dACM,1.67698832,135.64,1.67698832,136.52
LQApoqchb7MJhDdbKdnUUwQjvGzkz8iBFd,1.74684721,137.49,1.74684721,136.22
LWEYDM3Bsr5usYdAh7sgZ5CTAkpiUbe2WK,1.706692,139.59,1.706692,136.16
LNcfqy1g96Yq1KyZtTA4HrGcqgj6M3kbCM,1.94632685,133.4,1.94632685,136.15
LQ2wywY8PEsyawT1KuSw4FendCHv1qCgbb,1.6909736,136.49,1.6909736,136.14
LKt2FY2SSFKpwvvWD5HSsnZ7KsLtNxckaD,1.88572472,138.54,1.88572472,135.72
LLqCLjxHjXpKUAZ4sWdjoaDoKajYG96MS5,0,0,1.536958,135.25
LPLiZ7hzHsKyi3zJamuoSRGX8q2M7j5weD,1.49,133.59,1.49,134.98
LTGgCPpYGrT3i7PQHqnJGQiizQTb2KjpTr,1.67228098,134.85,1.67228098,134.85
LM8nhb678f2V3DTn1BL8tCuXYDHL9a1u47,1.62251891,134.85,1.62251891,134.85
LV5PAgKzvrXWbxhmcAPsEKpxFTvnUvYh8V,1.8897189,132.85,1.8897189,134.81
LKzLZJZJb39XnzvS3ZP3ox3cvqpJCgQCqg,1.76585382,125.16,1.76585382,134.46
LVx6nweAXpgW4B3DxUhdAbQPbmREzh67W6,1.50973945,142.64,1.50973945,134.28
LYSLe4NzTWGHQwRJpjgpUqe8rY3icqH1eK,1.933063,133.92,1.933063,134.27
LKUjSLCs3bwcZzNxQWukGNnnCF1jct998m,1.90055896,133.94,1.90055896,134.18
LiVd6hwSpx9rFY7Y5GPz4GvemfqucNQZPd,1.70210372,136.01,1.70210372,134.16
LTJk8ejtnHdhxUK5yj1kU8mSKd9oFYSuLy,1.63970682,148.38,1.63970682,134.1
LNPV3Ct8UVHxAEtK5Ah2zyWziC1zQwUVyH,1.89341617,133.95,1.89341617,134.05
LN6mejJzMGiK4SX9x6Eh95d22aEUhmswpZ,1.61010903,136.86,1.61010903,134.04
LXpXBRRmUKKAKGjZkhYhCfST2QCeLmbdkU,1.83605965,134.1,1.83605965,133.82
LWokq3y7nwci6k9oqWTE2marEZLfWYrKye,1.79939347,128.62,1.79939347,133.8
LV6QXmM8GJRjYoudpwFX1UiWAbnjmJEtKr,0,0,1.605492,133.59
LT4C64CvPJAvhNxnJrKNdWMWWbxgkp45FP,1.27113215,133.48,1.27113215,133.48
LiVur4EpkdEYcNmCDYsgzZYEFhQFBs8RcU,1.85457761,133.02,1.85457761,133.22
LQHaaCW1tLfJ73pRCENxDhz12mLR3vcvQV,1.99131,133.08,1.99131,133.08
LTvcWEyW9zKueo1FDcU7Rh8JAodz7wRNN7,1.84621775,132.01,1.84621775,132.88
LVihfycc7DxwRNBh1Piu8LVuUwLRPQgPaA,1.41948766,136.04,1.41948766,132.85
LUUj4fKgrEe9aFvdLDZ5ANAYJ2Az5pcVaM,1.73972442,120.85,1.73972442,132.79
LUxF7Bfkkcd8dKmzVgu2dpBnuewjpnLnpN,1.81702378,132.35,1.81702378,132.77
Laop9wwh2jj1EBAZ3ZtbPvRn6vsjPJiLBp,1.93961445,135.26,1.93961445,132.19
LYYUXVUPHLaGDJ7KWsSeYbAAz1L2ZSdtLD,1.68465829,130.75,1.68465829,131.62
LMTcraWPezRftNCL9rWTRVtJMcSmpTUjPp,1.4974191,128.26,1.4974191,131.52
LNsaTzWwFiTbHd3MMzV76fUgi3Ap6rKT6P,1.22844185,131.16,1.22844185,131.16
LdMZSPWK7ajrSHbyQgDZ9xvS6ESzSJLxEk,2.02208399,131.11,2.02208399,131.11
Lf2mXu7wNSXwsJ4Qc2SC4qrvekfnCSYR6D,1.72775036,129.95,1.72775036,130.71
LU2vnrwoov2aYFw9pYn2J2zi2A4G4RT1Jg,1.88595802,128.05,1.88595802,130.58
LWx5PsuVWhNjjdWTHHqKnAefPmBFLAwNB4,1.30401631,130.71,1.30401631,130.41
LUpZn6QTMn8euFJR6ZcCaD1GKRJPCnuq8L,2.1019,137.46,2.1019,130.4
LcQASgwuYusVGsBE9DtUrCZthodkecRB2z,1.59424462,130.08,1.59424462,130.08
Li5HGi1omKrJB1EoZKoqUiXUcfQsZNjMMp,1.75175459,127.31,1.75175459,129.77
LKgRMKof2zqZsJ3TuHNLLpcLGpT9UqLVp1,1.77259233,126.77,1.77259233,129.67
LTRZuJoZHUwDxiEZgXenjZHJnKNSg2Dtm1,1.51559829,130.01,1.51559829,129.51
LWepfeZn9KNpnc62PwVQDCqBiCzK4boPWc,1.35676128,135.29,1.35676128,129.2
LMEgCuEBpwQdaExZSamZBwo3eX5wuUY4uK,1.95435235,129.18,1.95435235,129.18
LdU4CRdEsQUiS2EddCLPboJpLmPKnS8ETS,1.64646294,133.43,1.64646294,129.15
LeWTsoxM3BUW3NiYZUrVqJrZNkkBLoZTFV,1.46938834,133.45,1.46938834,128.97
LUvjprDwVy34xw2awX87qGqYMuZL9rEGTm,1.66937011,116.67,1.66937011,128.83
Lc2Riwz8duYxRMebpepbdCottTiGbGQsQ4,1.88961276,126.47,1.88961276,128.68
LVvE5yufmb5tvqNpzTQg99YUgYTLhxADbC,1.70141489,128.8,1.70141489,128.62
LgiZrXXijLZZnmGB9LRrruhC3fWJ5dPf21,1.7498949,134.57,1.7498949,128.06
LLHUiJabqacf1g8Nx4xeCjcTgnboeg2MdP,1.85998109,127.62,1.85998109,127.99
LRrKhAWvmXEef7CtBih8NRo6EL14rERZt9,2.03230004,128.85,2.03230004,127.93
LbvCyUf77zvMekYkkDzcMreGcbwhpRAtvz,1.76867419,127.84,1.76867419,127.8
LfCFA5w34GNDyBeJaEFywcbpg8Bk9Vo89J,1.497,129.24,1.497,127.47
LN3Q9BM6B8JNErygUC2FA865CL2tkZz7jF,1.98661136,127.85,1.98661136,127.36
LVUZDNxwy8Rm5jVRmjx4eQKj6t19NXerLQ,2.01616865,133.21,2.01616865,127.12
LSsjGiFirkf4uasA4g92JvWfPW6i3TPyRn,1.939958,126.91,1.939958,126.91
Lfg1hww2vzDcA18NLDtAXLMCvPUTS9oKaW,1.55703845,126.8,1.55703845,126.82
LaK465uxMvc9ATrW9zrrGRTTghYQp8RiWq,1.86685243,127.03,1.86685243,126.78
LcKZZoZTwnWnwaSrD89WcF8AQ99FKNxsLo,1.85487993,126.72,1.85487993,126.78
LKSLLniTjAPvrjs46Tnjwk3GyHNfiV94LY,1.78575683,127.89,1.78575683,126.7
LKLPe4xwR6uXwt23bootpWwLjtwzMLhSLF,1.50231863,134.71,1.50231863,126.69
LeRww9wpGqRximZrC8zorhUfsZ8v14FZt6,1.68029612,124.87,1.68029612,126.49
LYv7coeJ7ZaPjSwegH6ABqnAV2pmztdL36,1.54126378,126.22,1.54126378,126.25
LSKpMf2sD6mzKoW4JufohzR5LSPS2rVbcu,1.28377319,137.07,1.28377319,126.23
LLJqnzjyuk3usraeu7oFaBkXMQTQQxePKZ,1.59207712,125.86,1.59207712,126.18
LM3MAiskkcfbTpn9ZeacqmawRrME12i73H,1.77443282,122.81,1.77443282,126.02
LXuTQWeBKQ13wUZVedEzmL5V9BoqhuSgrh,1.80714801,132.59,1.80714801,125.92
LT1WzK4RMxbUuEcwpFkKe5D7y5TH1o2GgD,1.6205593,129.38,1.6205593,125.83
LbVH4JDKWzDUS5LCrp4MMmv7tSqSVxGmrQ,1.76432465,121.76,1.76432465,125.72
LMjYRLH54f9rheE6WRahWBQu4hErhCdRt9,1.93,125.1,1.93,125.58
LXRad3mnbgYEUVoawVexEzh5mjbeQJan56,1.82877758,125.69,1.82877758,125.54
LViftMPz87e7PLSB39DJxS6UkreddR1Fru,1.4042,125.21,1.4042,125.31
LdpoUHcHDCovuYoNUyoui2mtHVKMdc2W3V,1.77852076,124.64,1.77852076,125.16
LV4RpxNxdM7GuGNY6BERgfLEqBMyAUJ6eu,1.83716392,127.57,1.83716392,125.13
LYwuWg9TRYifvZKskvaqs8BAaQB9krLXGz,1.55347773,126.41,1.55347773,124.95
LZTWzKQZrwiKpDNntGhDTXjZi5VZfqPBGo,1.85565812,125.1,1.85565812,124.87
LTLdZ4VHym7jc3wpHsLSb7Ht6565abTNtc,1.751,123.97,1.751,124.83
Lc3fY2beibrkxiBc5vwDydyGTQVnLpdr1e,1.86295291,124.65,1.86295291,124.65
LXaUmNqpKr3Nb7KrfzamFjvRFqc6NEWZW1,1.68258145,125.69,1.68258145,124.57
LRkGEpBUseEgb9KbStYxg6742DmEgCabme,1.76247636,122.46,1.76247636,124.52
LLDxb5jbc4nsQs3eHYsfrFc9sMrDoiqxjJ,1.61908018,117.47,1.61908018,124.51
LSJnVTs1PdqYFWpEbucV3u6MAuxBXmWZGn,1.18518867,124.46,1.18518867,124.46
LWTz1gq3aRR3NEQSXKpXg1c7zteiywEseG,1.699,124.45,1.699,124.42
LiBqUaSSAKVh8QtLVWnhiCVDxjANRVtda7,1.14010836,107.3,1.14010836,124.34
LPJ5oEBWDiAxKWiFWWuvsyxRXEAD4VxURi,1.25242673,131.52,1.25242673,124.25
Lhc9vurgtPeow5wpKkTq7jEA6tUrMzFsLY,1.76899574,125.23,1.76899574,124.16
LbrgTxg4v3UCxEGU4k38yxyqoBc19Mbarj,1.83265815,121.31,1.83265815,124.15
LfhcguwrcUH7XrHku3WLYw7euHJHRAXP7u,1.66341694,123.04,1.66341694,123.98
LM1ATyaGrogSbVRDjLes5SWu26CyXMViwX,1.54579703,123.86,1.54579703,123.86
LTL7u2fcmFimGNpwMs3Vrz5S8ZHgVUL53K,1.62911353,120.93,1.62911353,123.79
LhvGKVBhToMYA4DsfBusxA22xejATTH1Qv,1.74591905,119.94,1.74591905,123.47
LRBntp4sxkruXDarLxiPFDQvuSwkjXpVv7,1.83055927,118.78,1.83055927,123.38
LYqcypXou7UonzBSgnfJiRpuZu3Gnsp2PH,1.5166215,123.85,1.5166215,123.33
LNLaqCp4zsSKqV1ySfMqBj4g5hTr3RV5wg,1.71729166,121.65,1.71729166,123.27
LhsoSJfjCYxDb4gG2cpxPUkG1opEoja3k6,1.77228303,122.23,1.77228303,123.1
LYh8h1qDyhy9zryup8rfiTCDMnoWmWghiN,1.73301304,122.93,1.73301304,123.02
LU5jXaw8qnQUUVA3UE9p7WFf6fsLKVhGZG,1.73390367,126.45,1.73390367,122.97
LNLxZGmGSwasxhiRG838KR5o4rcMJqAMrU,1.724924,129.16,1.724924,122.64
Lg5x58fyts7D5SV5CAaBoFyHzPeDMgrHQg,1.45650165,122.23,1.45650165,122.57
LeoQ2fJoLBiHZ4fdkDPj5XjpjDuWgrGqAp,1.67292076,122.43,1.67292076,122.38
LUrBuTB7qvT1iYUyg5XsXjzQfo8BTN1BrT,1.5349,123.56,1.5349,122.29
LeUYKB26Tb4VCssKAYhXqqjm1eZowxQBTg,1.298107,122.95,1.298107,122.28
LMZbSbeET6DG1v4tKzri7LusdEntQtUaNq,1.87193361,129.0,1.87193361,122.11
LXqiZDE7Bb3E4KqSGNW36AiPC5BcMQMsiB,1.50839,121.86,1.50839,121.91
LYeTHAAAnNWJBu3M5wjarzgM6nRhoDE2Qp,1.47120996,122.04,1.47120996,121.83
LUTZwwcSVWvwTkGJ7hBR4nsjV8YrBpc4U8,1.6768346,121.78,1.6768346,121.78
LQNqqQHWsvEG48xK5H8qLTYeTHjvdUG8DJ,1.43177361,122.08,1.43177361,121.69
LRryYgnnT3hHtwbuns5vEgyWfirbHEaYhH,1.83760723,121.5,1.83760723,121.5
LaSm6YX1723gdicqSyWGwyUa5k24GmD7nb,1.81975369,122.8,1.81975369,121.49
LfN9i37GiBay6opcWpA83SWQgrVokbD4bs,1.54873192,120.58,1.54873192,121.32
LPfVDJgud4sPsXBPHdH2xZNPD69vvguXed,1.5594,120.52,1.5594,121.16
LRR6PNNLnoHoU6oqoppEk6BForU1ZWTQug,1.37368404,115.07,1.37368404,121.02
LfbMbxezsphDGFsHbbKz1Zku1EZZYBEXCi,1.48148167,120.35,1.48148167,121.0
Lfx1qeaJ67P23LW62v7A5cEAybGM6q4Dvy,1.907372,116.45,1.907372,120.98
Lb2Q9NBz6u9N7m8iRRFuomMR9e4q48B2cu,1.46736483,120.98,1.46736483,120.95
LMg48bxQXcAVmF7G1S24hzrnsQHZ578g7f,1.63188819,114.49,1.63188819,120.71
LcxX6Ybp1CziTi2FL1DjTRmukXFh4QBvDi,1.71912097,123.31,1.71912097,120.47
LSjLgmFYsAPfw9zQNdDvf2TuLXScrK6cvx,1.84753646,118.45,1.84753646,120.44
LfqdZkGZznhpQsoW6HWMsoxjCgSoFHf83C,1.56229617,115.63,1.56229617,120.44
LMahV6Y1SMPYeiTqQ3biWgbGXb9SMR9cMs,1.5339,118.59,1.5339,120.41
LfFUMrfksvH1J6dfAb7S25FLWQg23pAP5v,1.68547847,118.26,1.68547847,120.36
LKQyRXYgLzRgf72EJcTHcW1pBELh6UJGzK,1.18445932,120.34,1.18445932,120.34
LhZiKwQ6exw7DsqXaiWWajfpbzWFDAV7CB,1.24873968,117.26,1.24873968,120.3
LW18v2ay4U4752TLTikbYXDaByBiMq7q6X,1.73621295,120.23,1.73621295,120.23
LQ2nGCjiNXJRvVXrfqj27NBQyXfHBcr5uN,1.68687935,121.39,1.68687935,119.77
LXkquPz91NrAuFPGfMrbM8UP95murtiHUF,1.67972334,119.75,1.67972334,119.75
LgxLD2iFn8wKyRGyrdtiVuZRRsSmSzscnZ,1.23412456,119.35,1.23412456,119.35
LMbcBNuSfc4LqMhAPDN831ish4QdeYo52D,1.71532062,119.25,1.71532062,119.23
LMGGhei6uSHNTjV9bdDz3zeYDaY28kM1M1,1.96531476,118.85,1.96531476,118.85
Lcbk8W2SZ7kKtnhNsVH1ZdWKDHiRbDgiSJ,1.62212304,120.56,1.62212304,118.79
LdKB3D2awNUYS4w43fp6yuHqyXuqJeS411,1.46448748,129.27,1.46448748,118.7
LXc3VuLkFDhPYC2poMXGTrFaDTC9T43c1S,1.69647639,118.43,1.69647639,118.7
LaYWWi8D2KUAuLLoPc45Wt9ancmT94U4QE,1.21295656,120.09,1.21295656,118.46
LejciP9WpSyVy6Jp4tdicAv1QNsb3W5mRt,1.72102513,121.29,1.72102513,118.41
LV9CYmY3jdiVdph7ZswMSAmicE8JZZq3Fr,1.80577643,111.69,1.80577643,118.1
LVdd2TiWfDeRFcEKbhmfjHBTWxwAy2VF9Z,1.45011833,120.67,1.45011833,118.0
LYitHwSwArqpPTUR77CBpomVknqzbuYvHM,1.67027731,116.76,1.67027731,117.99
LZvHecJLaTXo1F4torzyaCKf71cuZe3Bx2,1.6622119,117.88,1.6622119,117.88
LRbtwuuGq8rhGmHsifkc9xAtchvaG7uPNh,1.77298188,119.92,1.77298188,117.88
LW8sKMh1FkC6NuH1jjFDrXmRW85aDukoN7,1.6586579,123.36,1.6586579,117.79
Lh9eRPzgufkbMvakANJaJRU133sXifueQ9,1.67675428,116.43,1.67675428,117.68
LM8Gnqr4uFvTpBESmoBx8Y213V8gQ1k9oT,1.7587028,117.57,1.7587028,117.57
LfVEUSrE4rinchMfM7y2nDNyvDq3dpw4NH,1.72019448,117.27,1.72019448,117.54
LZMKcKkUAHXK6tJHMbSyWyZ9j7HBjhozUL,1.21980292,114.13,1.21980292,117.45
LMPqYTtp53PkoQ1kFtwhRLYaQcCVJmREoe,1.89476474,114.39,1.89476474,117.15
LToqTtE6t8ii5rZhKEdsZghg6z3ZUhGT8J,1.884,115.6,1.884,117.13
LhDprqRwHg8VaKyCdJzCF3eLnHWyUeJZYP,1.29211065,117.05,1.29211065,117.05
LT25jyfjZXfvTjj6omkGR9aqrftGqMjTMZ,1.32500739,116.95,1.32500739,116.95
LMgzdSsYUAJFbPX6Rczw3TYWv6eFTtNU8U,1.89098401,119.17,1.89098401,116.88
LLskmiVkjzHT5VaFe2DY9hixkPwL2Ev6iH,1.5379,115.6,1.5379,116.68
Lb7tptenMsuy7MiCVQ8LjfLhK2xtA88Xrb,1.77331293,115.85,1.77331293,116.66
LaS4NXAH4rGmR8shYv75pRLAjqqFep44mM,1.88548176,116.06,1.88548176,116.63
LQe9VDisRT7LRNAVszAo3TFkuDzXgD3Trp,0,0,1.614245,116.6
LZ2pU8mVDMUhRWDKPZ8MDUKMDC9kU8rE5c,1.430468,116.81,1.430468,116.33
LL7vw41TCovkKK4VdjUXigcLQLiJSeqa6v,1.35938257,115.36,1.35938257,116.23
Ldp1got5U9VDVGoH5we8ARvo5PN8qt138A,1.66645106,116.14,1.66645106,115.96
LV4dZCGXVvH2zB1aUR6YYAux7mPeFcy6du,1.75336587,112.69,1.75336587,115.9
LTxiD5Lx6QxkGuV75NmZEKR2NVKDucaKbj,1.30683766,112.14,1.30683766,115.86
LNhJMw31Pm46YgkrL1zm5hPoazvvf1aNQr,1.33650526,114.67,1.33650526,115.77
LVrCe5K8Ha7yyx7fkB43LUBqNPAfodCCd5,1.78892812,115.73,1.78892812,115.58
LiVa6e3B9ne5cDS5o4GHWgLcgr16nt69CW,1.55240028,109.35,1.55240028,115.43
LhGeMVdCGXNmam6humMnnGLnMXhdD1WqEC,1.408557,127.76,1.408557,115.4
LUmnF5TZwthm3RMmxwNczKhqWrtJx6yMxz,1.55191416,115.84,1.55191416,115.17
LVFDDnYCK9xTyhnGVB4hjuSUMX9GvWeFM1,1.76918825,118.86,1.76918825,115.14
LhM99GhAgftPooyj7111VHfPxczjBPf2vs,1.40543422,118.97,1.40543422,115.11
Lc1bvFFHuPTyLSm1DarvwiBb92MoryT8Hd,1.75860255,115.01,1.75860255,115.01
LhR4xDJCP1QX8FKb8qgQm6aTbwpzXcEXrL,1.84268117,114.07,1.84268117,114.97
LMYmbSUwnYEorsUpY93WempSfCWypMf7Zw,1.61091442,111.21,1.61091442,114.95
LeAWFGgYVEGVPLhKvEh46oiETAhxnTAnVg,1.467429,115.31,1.467429,114.93
LVQZDMLUTDpnVRY9Jkf9fRswCorqSKNdud,1.36477882,116.61,1.36477882,114.9
LLJ3jpUjE7y8vUrxwLyU7wJDKTTcd77ZQS,1.74291159,115.6,1.74291159,114.7
LPxXgnUW7Ju7eFbMWP9GA7qWbk5c9uiWGv,1.74538438,114.32,1.74538438,114.32
LgRzofNL5uEvJetciNv42ZQGKqaQbXpzM3,1.597656,113.1,1.597656,114.31
LU56iC6CW9mbo4N4i2GkXcsYYpyx6JafQV,1.5716096,121.28,1.5716096,114.19
LcA7Zx1YsN5PCxuRhFUJBnk8mfuz3vXkhc,1.65675363,118.09,1.65675363,113.98
LL9iixHJkkBM45HdzQVULXi4WY9yAC9cYU,1.56387603,109.23,1.56387603,113.9
LaWHasxzcnJ4FkjGJ7tbZLGJmsU8BM7rjQ,1.60435246,111.33,1.60435246,113.87
LYu2pY2Fx2rvy25DuZJfxYvUjUer4U59c3,1.41094779,114.88,1.41094779,113.75
LQhDnpSF7BmEzyUqwwpbhigevpXoUVAWZq,1.61043695,114.5,1.61043695,113.71
LPY6bU2CbQNvMBvL6eL5YzyBgbv3TrxNHP,1.75080798,113.68,1.75080798,113.68
LRH9mpmgigG29ZYD6PmwDngft8AvNnyMJn,1.34802661,113.05,1.34802661,113.42
LUsn3atvyEGFSPqM4m8ueRuYRvobS2XbuA,1.76357134,112.31,1.76357134,113.29
LWyW2mRCVV9T4c5Kj3bEkGoFtQhCKc2SZU,1.6731475,113.75,1.6731475,113.17
LRrABcN55UiQoMban6x7roVffEv15pz5K1,1.280996,113.06,1.280996,113.06
LZHqaBDboi4Dpa692URZRGfeR9niKiohmA,1.5716285,110.65,1.5716285,113.05
Lhb56BK8w1UgbaLNAeV55DnpsFt4X4gQKq,1.74668418,110.96,1.74668418,113.04
LdSzn2eC5bfrQ66KVcT72VKMVgCkryoD76,1.346552,111.0,1.346552,112.89
Lb5ERvU9FwoMN4ssoqRxAeRoL7quuPypFQ,1.43551836,123.35,1.43551836,112.62
LMrMjySDhTDFNHggXKxwS1daJwXfrnuD9j,1.74116197,111.68,1.74116197,112.48
LKKssPbc3jGMqmAPvUYbhryqeWeGwnxAjS,1.33563093,111.18,1.33563093,112.46
LM4YgEfqVkmNgbe4n46yt9LkQ2J1iVaiNN,1.72306714,125.71,1.72306714,112.4
LLCyfTopucDBgZSUr7ZUCDrP4A8fUEB1YN,1.4879,113.51,1.4879,112.24
LegWFuV8Zp4FiMqX2Jgfsmp6rwPH2PJ2P8,1.35257177,112.0,1.35257177,111.95
LiDC2GV5h9BFAEdgNezQ6eCRXxyuQQR3aa,1.64323203,109.53,1.64323203,111.87
LW1RPRRikAwtg3YRrWQYhsHKgECuxvLrL8,1.30892491,111.85,1.30892491,111.85
Lf6tfawxERdo6L8pqQSXFFWW9mEVH4eSki,1.62023371,111.23,1.62023371,111.68
Lb5KuVczAkenb4ZjPjnFkkthJ5uLRYsxBN,1.531,109.08,1.531,111.64
LaYb8dMnSNJKEyuGfBgar42RnMuT14hm6v,1.60324518,112.43,1.60324518,111.43
LY2n21HvMP4egvAwF8Bd3EhpzHeWNu6hi2,1.66283152,107.95,1.66283152,111.34
LZz58eyPkxoU84kjg38XbabAayu6MzoBTY,1.77561545,112.29,1.77561545,111.21
LTsMKQ6XL7MuEXPDQgeoppLHStNspGLufR,1.18192178,108.99,1.18192178,111.16
Lfjfme5Y8JpUKcjBSqJuxj6NEz7Ks8YuKM,1.61905614,110.64,1.61905614,110.91
LacJRXqPBXmRpFwjgrBJqF6Nc8nf6YYgCv,1.47189112,112.33,1.47189112,110.77
LMPUikikgVRYnhoBArBEegcL7TcYqrgb5p,1.70205973,110.69,1.70205973,110.7
LZmtzkctgvE7voa7VCHuAejswwbzp5dwri,1.74445848,110.6,1.74445848,110.6
LSUgQ7deBxYCNJ5Pfh3dPQuYY1gR6zoKJr,1.52314662,113.46,1.52314662,110.56
LfK2hPk5iCtLHSi2H1jc5XtRuS3Px2P96S,1.52719455,110.43,1.52719455,110.43
LUh8gu4Z9AQtBoW94dKCSC95NEvrx1VJcg,1.52599466,110.21,1.52599466,110.21
LaQA4T3yKjyjqphRVU5b5ZS53znTHLGhht,1.106494,109.01,1.106494,110.19
LhBhp2skbdxXsM29sJxjqTSebjDFmfCxXR,1.5084164,111.53,1.5084164,110.16
LPEaVgU7My3FnC3icx3EtTX2hFfcjBMCk1,1.38199949,113.05,1.38199949,110.14
LZmmysD2WsHvE3khGKLa6rYkdU7QGJrS9A,1.72463748,112.22,1.72463748,110.06
LYeHmR5AbX4R47a6gaivpkpoUBXScg6bpN,1.71835695,110.87,1.71835695,109.87
LeEtj7ombMUqKCsoJBx4ZW7zkY8ydqrxsM,1.643,109.83,1.643,109.83
LaENuAai2Wgi2ThBNmXGJHrBrhtQuzPH26,1.62019109,114.15,1.62019109,109.82
LVR7kJaiZJgw8tAnbycp2aM5W27SQuuWsL,1.46379503,110.71,1.46379503,109.78
LVF2C4mQUkqkMwbw3pyrKbxByxHAzSqHmf,1.41858724,98.51,1.41858724,109.47
LUM17YKk5icYJJBc21TqXSM8Rpxnz3WKtL,1.49451507,109.46,1.49451507,109.46
LXL3jabonroJb349cfHtnzNmXxZWYoomLc,1.2999,110.48,1.2999,109.07
Lf6tYF3xRfxpewV3zpzBydj2bts1kAkfBu,1.693,112.28,1.693,109.05
LdfVoW2ALxDYFARoKPs1VG6ddWkVazX3J5,1.46,107.38,1.46,108.59
LR9VqxuvBwqcN4BnUeBPjgJcVxJjZDY7xa,1.69924392,109.17,1.69924392,108.57
LT7dCTDqdCTZH3KtJK29ZdUAX6PFK6ZMdM,1.44650013,106.47,1.44650013,108.56
LcF57xqMpGRXBeRRZCzkAL3ba1VTm4GUWX,1.4150633,108.6,1.4150633,108.5
LUvS66bWueFseM4PWQMFXhuNtyT7TjTVeC,1.22689589,108.37,1.22689589,108.37
LVLLU94Qv3nkZvW5Z4TuW96q5DGhkLxX45,1.52253641,107.81,1.52253641,108.2
LLE7zkmNM5EpSzLBmxhHcGN8qwgYvcppGJ,1.1859086,101.96,1.1859086,107.95
LiPkqK7724rAfV761n4ArB74sdgpnwreL4,1.51155,107.51,1.51155,107.88
LTVGFsDCigzUqG1kCNQrzBsLTRFSiQwPq8,1.48443578,105.97,1.48443578,107.65
LSfzvZ76beMPKS331zm6fr4bbuR1VYPTPm,1.35068812,108.73,1.35068812,107.61
Lb4N6PJTvLMv593CP2qpm5aWaTtL7JK4C4,1.535,103.95,1.535,107.6
LRhnUCpW2eaF1AbrCUosUYRHR6yABhkkrg,1.61020271,108.04,1.61020271,107.47
LVJWAARy3ZpqQv3rmbj9dK5xY75YfRUmGj,1.49744633,107.42,1.49744633,107.35
LWZeH9pZZuhv82sBMDQnD1EHLQNnEkiV2S,1.47937594,109.68,1.47937594,107.26
LNeHgU2tSuksHsCGtiEDYyG7EfyBcgDzFt,1.43969367,108.44,1.43969367,107.08
LNXzuQVPs6GbVUobYM7e1bkesZZ433KEJQ,1.47137608,109.44,1.47137608,106.95
LdJqBgUAdW8fGgfsLr34WiE8etDMxsdwzM,1.49826417,104.4,1.49826417,106.9
LQmt5aMKUjY61x2mfeGUabrSJHSofyxoTp,1.0341748,106.44,1.0341748,106.87
LZ72AHE3PmRDx9sYxfkUgqPC2RPe6fY6K8,1.09159467,107.2,1.09159467,106.45
LSTAC9kYcEyCaErF7i49LKAXC9UKvcpH4y,1.26422888,105.64,1.26422888,106.41
LZfjdiYsnBN9V7bN5KD1cMGBBtygngXTEH,1.27935112,105.38,1.27935112,106.19
LdCHPpq43JqijtAFMusvoWwGESRrkKcDWH,1.606,103.44,1.606,106.16
LPauaWF7awKfiAyKW3FQCCiBjgLzggJY9q,1.40563486,106.51,1.40563486,106.11
LMjxDQYWbw96kJTaYMYbHAXNETE3tcsUND,1.52393459,107.83,1.52393459,106.02
LQ3aTE9sUV9BivnDcqKiC7nhWuCxvKrsAy,1.33069417,108.1,1.33069417,106.02
LQR5oEGuNAkgWf18aconjpAyKUWqRWkxXU,1.26822766,106.51,1.26822766,105.92
LSijwZBwCvTgSrrKEER2EhuCEWjWQzQKbp,1.53140261,105.19,1.53140261,105.65
LfT44SKWqZY6padBMJhqR5LvYbf21ZhKA8,1.00545263,105.58,1.00545263,105.58
LcLW3DkgJPgPPnsmD3K8j7e8oDWFMiJvAQ,1.51937719,103.11,1.51937719,105.38
LKhBtvpmrmQDQ2pBdpeJAhTxG8qNqaCTPR,1.27153929,104.28,1.27153929,105.22
LU24Z6aN2kdAchQmogSQ9QCisS2F5cS6ts,1.30857398,106.17,1.30857398,105.01
LZujiCRA6k3giUA7hdAMJsM91fPijo5u8M,1.593,103.42,1.593,104.99
LLSekcwHQsPuVSLvCzBTKDEzC3sG8LYN4M,1.664034,105.12,1.664034,104.91
LTRMHamScybikUAnNKD7UJc2T16aYDMaf4,1.23412738,104.9,1.23412738,104.9
LTPirHBfLjHyeGbtHhLjimHTqEWwyaDrFX,1.4395807,103.0,1.4395807,104.82
LRY7iwoVzkucAwERP8K7QbyKGfjDWNRvjY,1.09488985,105.7,1.09488985,104.81
LbX74DtBV84q897EAfcJnQD87igvkSd2bE,1.287839,104.73,1.287839,104.73
LVhjRXza6Wnm7ZaN2uB5gP7SHfMiqt2BKZ,1.28147304,104.68,1.28147304,104.68
LiEqFMVewW91D6K4sR4EsBGJ9iTfB39kem,1.21306599,103.14,1.21306599,104.63
LfPoXkx1d2MMwHRsa2ZkoURLF5tm2zydQf,1.47624867,104.28,1.47624867,104.5
LaD4DjZdvHX9frcn8AFPzSdbs52MoRE7ft,1.4502759,106.15,1.4502759,104.46
LbmtH3aCMNUamfPuTbM3vk1EX2k4c6hNfW,1.48873023,104.43,1.48873023,104.43
LhJ5eGnmCwb9YPQxVkBTAyEk6ukHhx1DY3,1.34910308,133.25,1.34910308,104.33
LSjjXkbDehdSjXvpepChMchLFSp3itf1hR,1.57673796,101.34,1.57673796,104.22
LWY9Zsf8cPkHvKZAWYCX2oSKZNxAGQMm6a,1.28024352,104.94,1.28024352,104.2
LSUEPze5k39znvC7HX7YDoFaLc5u3LG1BX,1.66743018,104.16,1.66743018,104.16
LKzMZmLz4qSZGfM1bYSjFK6xzAaBsDyX8k,1.35178117,103.85,1.35178117,104.14
LfSC5nmb1xKd4Vb6RKTF234LnFErUg61eD,1.6999,95.19,1.6999,103.95
LLqrr2CGw3EWrA7YVamb7M2zzGdhoBo5BB,1.219679,98.62,1.219679,103.71
LaEAXeEv8omQxc8Y3cjBQfXuc78oFG9crE,1.30728875,105.46,1.30728875,103.66
LTBFpKQJfAZbvE81vgQCod4y3dWPC7pzrE,1.7,105.5,1.7,103.6
LbeMPCJN4Giaga1oF53B6Bh8dbwD3koiKr,1.4835258,102.75,1.4835258,103.58
LPzserPMTC8DLRyX1bdL3gn9FRAebtiJgT,1.5567922,103.7,1.5567922,103.53
LZesAMSMATVLBkMRLpgisM5d5WgoJqfBMF,1.41152232,100.25,1.41152232,103.44
LLHH16aMTBMMqSGfTeDuu83TsuMakMuVfP,1.47349044,102.51,1.47349044,103.32
LWfvM6RQcRcv4LwAoqSY5QPJ77Ce15b22W,1.47850239,103.24,1.47850239,103.24
LhCT3tHGdNDn16aJK4wzRa9daJ9iz48UeE,1.62213756,102.84,1.62213756,102.84
LhpsCifSYCt3Z6gMRocaFA5DwLpCx9w2ux,1.31624443,116.21,1.31624443,102.8
Lfg2yVpgGq6hutZdyXXeJdpdVFxEo4FzAA,1.2826,102.77,1.2826,102.77
LW7x158Pi6m54TEVVYyPR8kfxLysgXwdmS,1.46919833,97.78,1.46919833,102.77
Lh9FAd4QmjUh6voEqFSNmyQdt7zkXyvhVL,1.41240628,99.45,1.41240628,102.71
Ld5q2rAngMj5W331ZVQHetM1idXdF7XwTP,1.76221356,102.63,1.76221356,102.63
Lgba2BMhpHJsjuK1ZSuEAqt2fbLeeFasy5,1.426571,100.09,1.426571,102.61
LbFpzCVJqqQhK5uZtyUDSe3MfrSgtR69uv,1.32481435,98.61,1.32481435,102.6
Lh1DmFT98R3xETKGsiDVc7c4fg5Fre3TB5,1.26243645,101.04,1.26243645,102.38
LQRDrAfcPWuMtqqJ11br9QTVtaEmJP2aFX,1.57421983,102.95,1.57421983,102.2
LXm4TDhnWrx8vqTu9dKNm6w7btD9uZdxLj,1.46336313,101.35,1.46336313,102.17
LcTLD6Yi7oTCLGEzkou26oMiy3Xbo9SpUC,1.388607,101.47,1.388607,102.14
LcNAzqYuh5QY74aoK7aiEDzv1ybDjyTT7R,1.26452787,101.49,1.26452787,102.12
Lc6eCtYqKscAb242xThcKPatCzjYQ2VRS2,1.44667444,103.38,1.44667444,102.02
LLWrQyggmmVTjyd75q4z4xLgbzkHnEJTju,1.4719,101.96,1.4719,101.96
LP4j8oxwSHHDSoUq1VnPnMcEAc3xgXHoAA,1.46988293,100.11,1.46988293,101.95
Lg69DHvZHSLfksHnUzspCZRekeLzAsYqK1,1.13400194,106.69,1.13400194,101.8
LZX2uPcAfB1oWuJX926ZSmV9i8jupmsvWt,1.3959,102.29,1.3959,101.76
Lb9iqo88yiy8GaAaFXuJhykRbWmFEPKm9N,1.55747872,101.75,1.55747872,101.75
LLh3pHjUjrcSLREYfbr13BEZv2qT61CGwh,1.5,101.58,1.5,101.58
LXdSRgAE2y9o5fVZ3yQS8YvLRCqXsUofk8,1.07908107,100.95,1.07908107,101.55
LQr6YoSXu8uGzfxrbPFtm44GmwCTdhWv1X,1.44907062,102.24,1.44907062,101.54
LgUvHoJuYxcg3ThGWCTJG4VqGyweRkXHck,1.4586539,98.04,1.4586539,101.51
LbNMkvuvujxwsewuDdaPBjGi6EYfoGSzbR,1.42225283,100.08,1.42225283,101.45
LhCtXiVZtgnPdAzA8bMr4GxUgVKGYkbF6r,1.57438555,102.85,1.57438555,101.33
LeCFj5SJj1KXyeN7gscVUnnpT2REufECd5,1.44850882,101.32,1.44850882,101.32
Lgby4omca11FAvgS325CBzpG1wNLy4eWyM,1.1876408,101.83,1.1876408,101.26
LYAG7UsLkGPvc4Z1q8Nq5WJChrhMUejHJe,1.531879,100.2,1.531879,101.21
LL3aJSQiB7Q18L9TQiQPF1ZXhGiUh26SPb,1.5704459,99.76,1.5704459,101.08
LLYTvdzpKqHKYitDbhM68VUH8nJ1LmLRjY,1.18541722,100.75,1.18541722,101.04
LVWartmpG8wTYCu9Ez3urnYazsfEojFKq4,1.589401,103.2,1.589401,101.04
LXVW3Fvt6Tttmg3aLvi2cMrukL5rc966LX,1.354368,100.18,1.354368,100.87
LMy5QcWxLNqGb3t7AmiFCjscCEjmdVLL7J,1.212093,100.86,1.212093,100.86
LPMmNnqQbvXbXEAWvGqoWmuyd6J7JVFBbb,1.29918087,101.85,1.29918087,100.83
LeGMu8iyDWveVv8GFF1Pwk1qyJr5eQ3DdK,1.2610888,100.0,1.2610888,100.81
LQDHZmswFiyL31zBKbyyey66dQ5m6jQMoN,1.47565974,102.27,1.47565974,100.79
LSRQt1iiMhRSS9qw6pSdikEtQ8Au4b9ike,1.45937823,106.26,1.45937823,100.65
LYnn3DjJji78i6ws3c8T2Z2bckM6ymrLSG,1.43889361,98.62,1.43889361,100.65
LXBt76SXRFTUmPzmVCp4rCkpMizT9kKZNA,1.63556303,100.44,1.63556303,100.62
LRYhgbr4G8cisRAo6JGM6jmr6m6Ko3vHAU,1.2048437,100.58,1.2048437,100.58
LTHqjmwaw36ZKnrNzKCZ7dQhoGD1Vq3hP8,1.5199,97.68,1.5199,100.47
La7EbCpmPqUBLPCn9qUbETTwiHk5wBxt96,1.39863219,99.79,1.39863219,100.35
LKydGZjBLzUPjgVpuQs26KmXjeAa8bvpVB,1.24397514,100.56,1.24397514,100.34
LSxiJYx2j2nR2KqkXXy3obs5UNjLPb2HWc,1.55685186,100.28,1.55685186,100.28
LSJ5e9bFCYmruS2zuSoMk5v2MppcoUq8d6,1.53260396,100.26,1.53260396,100.26
LfMCutxsfzP21QgzrJLTtvcHQrZr7pkKPS,1.40471591,100.16,1.40471591,100.23
LP4g2cHseWdEZm9Y5U4JW6DxX1szhucT9F,1.105,94.21,1.105,100.1
LZoF9yH1o1GBPeaSBcCKwTGTBNLR4Hr3mX,1.462637,100.09,1.462637,100.09
LW5nwWVDpYDeMcvsysnKTxZKL6quoMxB1K,1.24894227,100.08,1.24894227,100.08
Lc2CZ3MZbTt1t5g4gq18KZuR9Wqoj6EC5c,1.58288916,100.07,1.58288916,100.07
LcWYdao9dSnEDLXd7xHGKF8gjLNgWsBhpG,1.53930394,99.65,1.53930394,100.03
LPUjHNSpCWREgsLZHjGqn47hiwqMAGhzTT,1.3952781,102.82,1.3952781,100.03
LQtMcZ3G7yQc7nXEVt53zcc1GZ9bXh9p6s,1.47845205,101.14,1.47845205,100.01
LgoNND8VY9YvNE8WQrxawn1P4AbBTwCd9i,1.1363208,100.0,1.1363208,100.0
Lh6vNsuoTn7YDLZ2k2prdC5ZuJAjrcFs8P,1.24206277,99.32,1.24206277,99.99
LaBMVRqTrHRM36yuKHEfFZhSV9WEdoc4sq,1.4066518,99.87,1.4066518,99.98
LS2uXEKkQLvwFcH7gEC8khxmGVVnxzBNRV,1.30947614,100.81,1.30947614,99.95
LfHXjHTCuxqMC14dU7SpQcq9vM7jzvkoR9,1.48338372,99.92,1.48338372,99.92
Lbu5zn4MNEzqV8TRTDpoGYjWkNrhbE9TUP,1.505206,99.86,1.505206,99.86
LiJuwtsB7Rt5KdiMX12htdS9rd5dEc6c9t,1.38188368,100.1,1.38188368,99.81
LYDsu7rk83TvKXEVaEB33t3SGbaq9udY3x,1.210502,99.81,1.210502,99.81
LPb97re5XjTZpjfKP9YBpL6Lz5YzWbfujn,1.408,99.77,1.408,99.77
LMRHNPCWzoSNzHR8cZFNqzPoyK8BY99smd,1.435,99.76,1.435,99.75
LXp4NK1Gxh2XnyM719apncSqivwWvkP6rY,1.30651939,97.51,1.30651939,99.73
LRopg8X6hYFK4H3KwfHqWQS6pVEtbS3PGc,1.34810836,99.72,1.34810836,99.72
LWbUPYCzDR9DJtgAL4u7pqx2ygM7tMNgnR,0.96,99.72,0.96,99.72
LXSZK9kXmw3qYTfXGZXgkbzNrrADrAAEcn,1.22608225,100.12,1.22608225,99.71
LXoNks7fhe3AfRUbRwgg8BWnkko13roxWw,1.45998026,99.7,1.45998026,99.7
LeRVBRj5USwuCZgTPRz6HgqM6r85Gqs2VE,1.524374,94.28,1.524374,99.69
LWRXW3w7w1eL3UsBonfv25La44NCr3JdAE,1.612286,99.69,1.612286,99.69
LKGrEzMHihhUHTai9F8S9F1uCuRyUe3AVL,1.5371925,99.64,1.5371925,99.64
LPwnXHM3i3VUqFw9dFP4jJ1nUMUq35Sbug,1.17356354,99.62,1.17356354,99.62
LQqNapZk5mYSCcECW3ajwRu9sBgVNuEepN,1.38843344,104.31,1.38843344,99.62
LQf3o7svvy4YQ7psyfTv5rDSXGr3t9q5gw,1.29013058,95.5,1.29013058,99.56
LfgkZfztK2EGJ8bMfuB4wnWc8fubkPiNnd,1.02933964,100.4,1.02933964,99.55
Lca49wpfARwPT5L24vM9y7zR4HhHXSHspp,1.378036,97.99,1.378036,99.54
LiYVE6HGHYoBEnspcwy3N5f7VzZpXfL6zg,1.50461304,105.99,1.50461304,99.53
Lc8G56VeSWBrt6Se1yD2H2ZucFrXLg5Psn,1.18874908,99.83,1.18874908,99.5
LWXH5dLx94tbnX4A2wtMXtwWY43W929c7d,1.534364,99.49,1.534364,99.49
LQnb6SuZSydKRnTxjYuRGMh194WgcSVjaW,1.5050433,95.98,1.5050433,99.48
Lax7UjobosXiYjUwoQMjdgRkPjrnygCwrz,1.53171956,99.44,1.53171956,99.44
LWLDwXf8NjXjXzs2B9yQoF1kCv4bXpBiuV,1.402595,99.39,1.402595,99.39
LPGYnFxWJSy1XHhRYv942VdSuemP9U181F,1.34218727,100.8,1.34218727,99.37
LPoxiNcYK5HhxntnBgT63YRP8i19rKqcyE,1.41103429,100.59,1.41103429,99.35
LR5Wsmyxk1o4cfbFYzh3M1jFvEtMF5NGbH,1.128869,96.94,1.128869,99.34
LTppDiJ42iVDNdBLCHN7YpAD8jWxZmPfX8,1.55239302,100.7,1.55239302,99.32
LLBkMPQE4BrFTK96wEi1AJ1aamRbuEiaZD,1.42176581,99.28,1.42176581,99.28
LfEtSzosoYsRK4h5rraCjVXXksv2ZXKukm,1.50577702,99.28,1.50577702,99.28
LfzG6nt6UV2mbCj5WcZxE7pQQfCQhwes8v,1.40550771,100.22,1.40550771,99.25
LYm8QqDGGZWV4wFhTJdKCeKEGZNteJGPNk,1.3867135,98.17,1.3867135,99.22
LeC5j9HSQB4oi1JRAo5XLneL1PGukbBtux,1.418,99.22,1.418,99.22
LZ9C5NpY1id2pbE2aUnvT3Mj7csPMmqQ4B,1.40617452,96.51,1.40617452,99.19
LTuk4eQ87MwnVbMFBpD7PAMqxRqmeNC962,1.32360812,99.19,1.32360812,99.19
LZA24D5EDswbQxRLtmcrVE5DpkT7pDyPzX,1.572838,103.92,1.572838,99.17
LTxtLKhc6xpVHzMtNUaGUCspegU4A9bMqt,1.55911944,101.28,1.55911944,99.11
Lh7nj6DgW3ApoKQ9zrJSC7q4hKTg3fr7eX,1.18774072,99.11,1.18774072,99.11
LiNkHTYJgragv5HqMWs8SwbbhMpi1W8hw8,1.519,99.08,1.519,99.08
LRuEfp7NYsxaBrxVkR8La5ztjp82gvRjsT,1.3206665,95.81,1.3206665,99.02
LQbn9gfkrR7fRp17vsLKFTQ1WxU8crK4DY,1.43251386,96.49,1.43251386,98.95
LhiU2rsZ9feTeLMtHw9KQjodMrbTRQy9MQ,1.05501598,94.65,1.05501598,98.91
LKhDq6QyEXnAhyLrmy9JbRn6vA6Suj76wz,1.1631,98.9,1.1631,98.9
LYnSFmtpvNfGK6zMvMPRp3KBMamK7aTGza,1.29243,98.2,1.29243,98.88
Lfp8YJNfYvuoHmNyahqP2Kpsz5REqwBWSm,1.20638607,97.19,1.20638607,98.87
LgumUXG6Ki963bWzwjsqYRRRpxVTL6gnBH,1.41514845,100.09,1.41514845,98.85
LS42Vi65UNXnmVX48kaVpjzHPUugqJgFhT,1.592306,98.79,1.592306,98.79
LeUxkMrwuCFgccPRjADBvWjWQkSvvGthCo,1.32686063,99.32,1.32686063,98.69
LM4iYV4eAT4f3ZTy5jpJy9WgTcEuK6ocqW,1.4876036,100.55,1.4876036,98.69
LiDNgcZSGX6MTXzGVhmG4Spqar2Bgo5noN,1.18157887,99.76,1.18157887,98.64
LgqyjbDiN6DY58udVaHKCQAHKsvJfiCAbH,1.19518864,98.52,1.19518864,98.52
LVvbiUCADPqiq6z2n3fcrMTuUPvmyHhXJA,1.59316782,98.51,1.59316782,98.51
LSSp7wBBwJKRh4YrqE8gV84hqZ1LvWGjNP,1.03731423,104.49,1.03731423,98.49
LcNdvFwrkqr4QjjFa7qXoPiiyWX9rpan5i,1.49243519,97.35,1.49243519,98.49
Ld2K7rVu7aYctoCGQBbEumVkTqEAUpWb2C,1.33033199,96.01,1.33033199,98.48
LVAgFdkPu6jvsczLBVjneua7AJ9qCuLyie,1.363,99.59,1.363,98.44
LXhYfeNnMTsCs1y83f2EmNs8wEzwizRt3J,1.42685978,103.89,1.42685978,98.41
Lh5RwvfNnrUbs9u1zwricqsym5cLbTMH4S,1.56193872,98.4,1.56193872,98.4
Ldvawwo1cc1cfbJ55vgsSE5WyB7d2wUa2Z,1.17590972,98.38,1.17590972,98.38
LYAWGdqBkQ3Bky3P2nuVMDqYaxcxg6rvRY,1.16203927,99.17,1.16203927,98.38
LiLdFaWZXubwCHqcssGP35GNSSMC1jdowc,1.51518823,98.37,1.51518823,98.37
LeejGzDuRxq1NsbMAmBADW1xiTu6L3VK1p,1.40410264,100.91,1.40410264,98.33
Lc5Cpf9hG2YWiMyc1ENwmXcDV5zBGFWfBa,1.31595852,98.33,1.31595852,98.33
LiQVnR55HpUDsMkb12mBLnFtd8MW6TFx2n,0.99094068,104.06,0.99094068,98.31
LYDb52kV9qjBhxxNgaUKCio1mzctrzdfZy,1.16753403,99.75,1.16753403,98.29
LKc4Wqcgwk5tZ8UA6yx1DsS2GJ7LbXqNSt,0.94505489,82.63,0.94505489,98.16
LWSSEuZF3TfbEamYtrMpPS9Ed4NanS873C,1.22279018,97.04,1.22279018,98.07
LaZxkDb98uQ62c2yyk4EkDUsT2jum47rwc,1.16437688,99.48,1.16437688,98.03
Lb3abuir2moHQ3uCqwouppEaKBk4g4TV5U,1.15292487,98.52,1.15292487,98.0
LLiP4YdWdREY2PdQnPyiTBnFb3LEeuAG9k,1.29230728,95.23,1.29230728,97.83
LaBaV3MHw3yJj8w5Aa95tHy3Ws6Vn7U2Ej,1.51263485,98.4,1.51263485,97.81
LXNt6HJb6TZnGvdLe49j7XnnKa1Kj2FC4G,1.222191,95.48,1.222191,97.7
LTEXTs1PZ2hzCwQqTiox1MhBE8NhtCGgsf,1.16336369,96.73,1.16336369,97.65
LhLFgxK7mdq1rnKAbp2V1odKe3dLZdgUt1,1.33990995,97.59,1.33990995,97.59
LYGuUkdpKA8rZDCzzSsVFzw9tuZrDv1fqy,1.41060182,95.33,1.41060182,97.56
LQciHAumxoZC7fXTC5kcDcrd8fqt41pHzi,1.0,97.52,1.0,97.52
LKfuqg7254zwGRJBfYJe2P89vZvk5atSGv,1.50351798,99.38,1.50351798,97.46
LSYCyQFpQe5Q1SgNf7tkTTfLcrbJS9yVzc,1.63022,97.37,1.63022,97.37
LaWAH7jL9Q63FmqQMzeLs43FupnPNUoQFN,1.40340627,99.59,1.40340627,97.26
LNBYuo3e3BtNebE2U4zFAzznRHLibGmmJF,1.53357787,97.25,1.53357787,97.25
LXVBG1GHVkU6NVz9DXaAkC46TiNSuH4tsg,1.51875708,96.92,1.51875708,97.19
LUPiyj64GtYo1Jig8TxumCAHh1EbkABobx,1.3688787,98.18,1.3688787,97.13
LPs7N2mbnX51u93WGpnpXBsZKL5ks3jrhY,1.19785073,97.0,1.19785073,97.13
Lavux3RvfZsVRBBgwcsyKZWCEXYAYNxoW4,1.368929,98.23,1.368929,97.1
LiSkoFxenpZH3DmGbstoVm6U5wUwi8Nnzm,1.54,101.75,1.54,97.1
LNCz1g3WCVSR7Vu4kWXVdQan1VQiQD6A4L,1.337,96.86,1.337,97.08
Lcu1xHLrSRErtqMgSZEiFNqahSSBQ1NKsw,1.4744579,95.8,1.4744579,96.9
LevVnyzRRiTsFwddskH9HUqenAzToHoDU3,0.9963,96.88,0.9963,96.88
LRrBAquXcHesfuG96ptgWp1RNRbS1qyLwA,1.40230019,96.83,1.40230019,96.86
LUKFLSHF7jz4QPEwhMeqJxjtWWvsCoa2AW,1.41747326,97.9,1.41747326,96.82
LLkoVfELZXUHhHXt4NxttKEgGWdECX1y9o,1.35655154,94.84,1.35655154,96.82
LcTEqaLFBsJD6u4av9bE215yUjdRUnGABX,1.36403919,99.77,1.36403919,96.74
LewxTVtTmHPKMbw4WU5PWNTeixvcgUQ1QF,1.449,99.02,1.449,96.74
LQso6yFSCNys33Jzs7hvV7hrS2B798TGp7,1.44724093,97.66,1.44724093,96.62
LeKTJi7SbxkJ8MZLPQQWTgLeYnBHF7CTSP,1.38101634,94.65,1.38101634,96.6
LXJGCztiav3hM7roHpUJA7ascT3czheAFr,1.17864741,96.57,1.17864741,96.57
LUns7JnErK9EMbb7FarrTzbo59ebFoFCSS,1.29941018,96.32,1.29941018,96.54
LWnovZReeVvsaaTZmVzihFWFSZqsrmccen,1.53450791,96.41,1.53450791,96.41
LZhkYecQanwXjCqByRkGr53a3PrQBAxryK,1.314683,96.29,1.314683,96.29
LR3yGCdXCisYRHF1mSnbRc4jzX4AnFDfqb,1.34861277,96.16,1.34861277,96.22
LTVYN2iWd9kcuPBQrhxNjDCK27G89wyFRS,1.29280228,97.37,1.29280228,96.16
LPhaaV6mV8DtwZEureADqCFYj5qN2n3YsN,1.1989,100.94,1.1989,96.07
LgyKMKWBf4ikHX9No6U6391wh2vW4VJMPM,1.204,95.98,1.204,95.98
LX7hJvXKFGtyr57dquG8veXHdASJyhi2s9,1.42829591,96.72,1.42829591,95.94
LLfH6tuiYsmJQPAjyF5yuhacAWyC6RjXVi,1.20805925,96.43,1.20805925,95.89
LcU9kTtG2XrE4hkyCSUTvnW9UHcgwivSzn,1.26755639,92.55,1.26755639,95.8
LPQQwoZafUDfQTFrao6LbtfZH8doiREsXy,1.1937,99.16,1.1937,95.76
LcjkPyxemaz5QDtXr63F96YugjQNeGvRwi,1.1199,99.27,1.1199,95.7
LRAAmTr6Preewo3JJ8XF3FPsMFQEitUsmQ,1.43247762,97.9,1.43247762,95.63
LdbgQfG1e5Y6FbSE1xQEqZZ1VBfhn7GkA4,1.53653472,95.18,1.53653472,95.57
LXtP6keNBJp2VAxVdo2qKcPqVTsruaGG6r,1.23770456,97.15,1.23770456,95.51
LSiZssWuhhx1mer4jTm3H7oDx1VgbZ2i8w,1.31997124,92.48,1.31997124,95.48
LbBPaSfZ8Uqi11xnaSJkzjTAvL6DK2CZoM,1.23590904,93.36,1.23590904,95.38
Ld1drCeQ51qGoFSPrmKPpPTeRwPk9j25A4,1.28104405,95.28,1.28104405,95.28
LXsMtYQA6VZKvePf3XHxeQ3qVihG8tUyqy,0,0,1.211597,95.05
LXKX4bPEr8BDfUAsHx3UScbtYUM48HW8gk,1.39298926,94.88,1.39298926,94.88
LL1apf5skAkxpyLjEDqrDQTQyvxQBdEfwz,1.33572787,94.74,1.33572787,94.74
LNJnFJXbcqULVvsM4ERrXVfCs3wF3jxvVY,0.90072155,94.58,0.90072155,94.58
LWQXHub4sAXgzFYpWHhKnV7n5rUQz2hs8X,1.16297077,98.99,1.16297077,94.51
LPwEpiVGgKJSNYkV8MXXxh5X2jXqQujLSk,1.10649449,94.52,1.10649449,94.31
LW4y9YVZ5MH6LRpR6VhFJ8DjQsF7uGSYnr,0.98558169,96.76,0.98558169,94.25
LZigiFEwSYcWW8jVRvAEGhQSs8DhEaAjKx,1.32868949,94.24,1.32868949,94.24
LgeMjzwayotatF6VS6KxUpisRapE2nB8KS,1.20857315,94.03,1.20857315,94.21
LQhA326FhRGLDgnZrExcHH6Zf6Yfo5U16q,1.5761744,96.41,1.5761744,94.14
LNPFW7Fgecwn1FWoCofy3fQ4Nctgg4BRNT,1.47412223,93.99,1.47412223,94.08
LZuGuHgFKHJ2ZPtC5h6Y48SpRe9GTG3NXu,1.48243,94.06,1.48243,94.06
LgqP3ooSkm35LDSgvGumZuwyADFQhBLJZu,1.0591293,93.33,1.0591293,94.01
LUNr9vA3NPJDUX6iUurpCG3TjxURkzA76G,1.30079928,94.19,1.30079928,93.96
LLsT2MPfz2gXJHKaGu4TFLS5WYxHijEqx3,1.21719435,90.1,1.21719435,93.93
LhAfnda3DeWSvoZagh8mKUA14D1QMBfx4x,1.10544455,93.84,1.10544455,93.84
LM3DTZ4xntZvN3CGvACpZRAqueqdDeNUmG,0.95474521,93.81,0.95474521,93.83
LPDYDwBATpjcaCn4SBHLbo23N9X1vvStz5,1.3414056,99.29,1.3414056,93.7
LT2MVyZwoMvBhbASzMoXyHqY6SW4DmQThW,1.52531719,94.42,1.52531719,93.67
LWwZtVpMMvBv7zUxX915cSuWtujaNVxtZH,1.20630255,93.62,1.20630255,93.62
Lfus8ixbCiTJsxVXhSi2f3UeS8Sab6QWBZ,1.20182,95.14,1.20182,93.6
LS489C35am4doQYAWSQuQ7q424KGbEsWD7,1.04329158,83.39,1.04329158,93.46
LMxdxLJxBdRbGKo8o8TiCbRvBwLkszJ6hz,1.15217308,93.08,1.15217308,93.12
LXQU2Q1Cr22vPgMsv7UGaYKee5Vn67s4nK,1.33030914,94.08,1.33030914,92.9
LaFvqrm1kmFY437qurPBUNdM6tRu5cto6M,1.2781477,92.78,1.2781477,92.77
LVmiVATrFFxUEGEd17BysPqibnTeRrAXGY,1.28982329,87.35,1.28982329,92.71
LVcMeisgg1uxParjZKWpkDXkrcqYePv7HX,0.91216682,89.24,0.91216682,92.68
LPa3KAVzoiVXVwD8Ag8ASTi1xNcSmJdmy8,1.42320488,93.55,1.42320488,92.61
LgxRDVQwqxnQ92NoZ5G8A4yHUNkEyzdZq1,1.44910829,93.59,1.44910829,92.57
LWEEhtemLNE3sQUZvdh19UnCQLeDktEct4,1.31478906,90.44,1.31478906,92.57
LKuBEMBukwpejmQiu3njBskAYHzM7TMpK9,1.31172746,90.27,1.31172746,92.36
LKh26EXEYDs93Z42UX3XNX9N9VWsog8nCF,1.214352,87.45,1.214352,92.32
LY4HnexNpHbS1nWcrjiBQdoaSquagMSkG1,1.20141421,91.4,1.20141421,92.15
LXSxLqE8WhUgwL5wHowyVGb1vhcYEBYexf,1.27569977,93.28,1.27569977,92.15
Lcq8h81T3GQ2SPGJuzEaGFgx22g77XA1CB,1.1384323,91.97,1.1384323,92.01
Ld5JPR9AXX5zG3MKNqUhByM5dMPuc4U6vA,1.31267083,91.93,1.31267083,91.93
LUvyPkJAr3Drcr4vYLeC2QbWvnKpSV2Akj,1.319579,92.57,1.319579,91.82
LbgAutsgtz2M8DgwVxVwyQvce9m4hLG89V,1.5,84.0,1.5,91.72
LgHDKgEMjfgkPfHBvVyYaPFMSgdpYEYtA2,1.39505371,92.38,1.39505371,91.65
LQTmV8bL2wwFX7W6DXm6oLRgYqWgZNbQcn,1.30343845,90.93,1.30343845,91.59
Ld65cGF8JggbRVx6rR5LmBNG3KcW1uHEcQ,1.26039044,91.21,1.26039044,91.49
LL84YrDsNC9yjjvMoprnRGBZmPtm2fLNBq,1.31629861,92.34,1.31629861,91.43
LY9DpUDUpknAnivxx3HCz99G3zpWE7Qtiz,1.40688214,87.68,1.40688214,91.35
LfAh6saoM8y958qBp88D4G4FGGEVvUTeYq,1.40026331,102.16,1.40026331,91.34
LQRN8fVD9Y1Nym7M1GDi19KUQsMR6BreiP,1.15336524,90.54,1.15336524,91.29
Lb5n55DJnrDtPor6YuwggTiTHLXwe2BAsR,1.41628141,93.93,1.41628141,91.22
LcmyLWNdbEYEXcMHTxU5Pg8EhcXhovrAWE,1.17643781,85.13,1.17643781,90.79
LcY6LqGPGZRQ8tSoGQbkW4kkjEWhgwyF31,1.24462818,91.21,1.24462818,90.73
LPPa6A2WLWhZgjjike2XcuYX8Nv7YU3efN,1.29705562,92.45,1.29705562,90.7
LKESy57Dy9Yeoyw277PJs1HEApdq1Jqcgi,1.33815733,90.62,1.33815733,90.62
LYdAPxBQHfC19dXhx3WWAimrC58HFUtQy6,1.27918262,90.36,1.27918262,90.55
LP6bkJTJQ3FeJCTqqsBMo9Vfu8h6XUwKpz,1.058754,90.46,1.058754,90.46
LVeZ6CjH9SrGJFFmLCKz4fYgS1JY3qzZg4,1.1996271,86.94,1.1996271,90.39
LQ2oNxfsi5bh1EEwAVjofMEcuXuxGmdgSz,1.105727,90.31,1.105727,90.3
LKEkTCBVuVnTBtBf8tvPgmSdnPoK7TMucC,0,0,1.05618,90.24
LLkb8NhpxiXQ2abEeYrakEPYs6kyVtcm36,1.29199926,91.43,1.29199926,90.22
LfxE3SxDxkGfD2vgEAiniEiKvLMMZREqHh,1.08246068,90.59,1.08246068,90.19
LYTJDFMhLHffsn6kJ8h93v1vddCwgtQTXr,1.36627205,89.83,1.36627205,90.16
LgUhFNSYE3mTKafX38HUYfHUBpyHMCmhzv,1.30309286,88.76,1.30309286,90.16
LdgmgyZKxZJbDqNMt6iV6F9tGKRw3G6TaC,1.28705261,91.55,1.28705261,90.03
LhcPbtQT9qXAE2pwTGH8Ji2Z55rrkhUNxq,0.91381823,93.21,0.91381823,90.01
LNeTDipjBZtFpLxWv3jYA84C43e2r67k8e,1.071779,90.01,1.071779,90.01
LZ26omenqj8HtiNV5k88nFA9btw3zgBZw1,1.28606717,91.48,1.28606717,89.96
LYaESbDbFrmSK9xGE6Tukg7ZabZ7XWwC2Z,1.25285908,89.33,1.25285908,89.89
LhgQihRWmm7g5ccsmBMbjSoWUVmoUmWkKe,1.33203645,91.03,1.33203645,89.89
LNfM1Az35memzKWX8VBS2Aek4UknCEceqv,1.27733967,89.26,1.27733967,89.85
LgvegAbeZRELUVXaojamA8khQpF1zuvEA7,1.05628114,88.9,1.05628114,89.78
LS142hZu7crhPkxQfy7HnLXemuBLxQ4aXd,1.42212316,89.52,1.42212316,89.52
Lg7sM3AvejCzfXpuiPHYHhWDDvCBrE5heQ,1.40432719,89.46,1.40432719,89.44
LX4wSbfuSsj9vW1DxTVsnyNaXmhRw2nChP,1.35285747,87.32,1.35285747,89.42
LeUjKvEuXpk5FP7HmgdBVTnFD7zECk6vNM,1.22244263,85.79,1.22244263,89.38
LaYJ6p5mPMTQfnYGwBQovDXUV6BP1KMXor,1.13893688,89.35,1.13893688,89.35
Lha6vW8WHiuP1D5iXbwM8TPY9Yw9bewqtx,1.22354985,88.08,1.22354985,89.34
LaPHVv9cgiuAxikv5DbYjqZ3JykUMU6M2F,1.40105733,88.27,1.40105733,89.06
LQBjwMbAuc7kYwVU5aWT7zVxnooTv3Hj4t,1.25096064,87.31,1.25096064,88.99
Ldxp5AeyV41UPJfR64WGEjrzC8FBK3BjbJ,1.29018085,88.98,1.29018085,88.98
LYoykxAyE3g9jUSa7sJmNrGx5PSMKZpppg,1.04683721,89.39,1.04683721,88.98
LdYp344KuP7g5v8JpZjqKrAhbTUoVLqkYa,1.17310329,90.31,1.17310329,88.9
LhGCHCSXCshVVbQbuG3g2guXY1id8NTxHC,1.4119,88.88,1.4119,88.88
Lc9rJz9b8x2hqd8D9Nz5VrbtEHRow3khtk,1.30503928,87.35,1.30503928,88.83
LYRfbgRaLXrv7p5n6xwLspBGnqX31s2KBh,1.04162514,88.79,1.04162514,88.79
Lgg5rjwkLfLWtKxftcbhqp3Vg8tPazkZr7,1.15025085,85.52,1.15025085,88.76
LbVkxoL1atBGzs7TPrBRvjScnEz5tJiGWq,1.22629432,87.77,1.22629432,88.67
LMhdEHZSX2Ft7SddQpLT1512Hjh613AzQi,1.0,82.4,1.0,88.64
LKt9pQXQBNgUusJ9cYmEypbuFcFQKkmVTQ,1.19866159,88.38,1.19866159,88.6
LZSRuUQnJg8SgeCaxtCEbd18G1dWE6kha6,1.08222269,94.0,1.08222269,88.58
Lcy38Q1zM4E8iGAmPgNHKmfEGMxKgoK5yB,1.34359246,88.6,1.34359246,88.55
LQJZpJEzXLMaHZZxr7MpWEzvYRVS4hXBmH,0,0,1.08831027,88.5
LPG6bcnAB44EssVVAfumNx3mEJ2C4fUnCc,1.24934642,87.53,1.24934642,88.32
Lf4YiB7Eo9SKtrb8qY3d8dgXDWGZJazrVY,1.21991892,91.55,1.21991892,88.26
LYKRm5aMHPdkuKYQcua2QG5xf2cw6gnT5K,1.2765661,88.85,1.2765661,88.22
Li8cw5XH7FTiQuH1q2M9UajPuP1WKxvTE1,1.39225851,88.05,1.39225851,88.09
LUd9DK1f9tp1Z4hzKSUACwGLPy4jDnSA9X,1.24043494,87.62,1.24043494,88.09
LfyaLhwL8eqdmarDRokf3oFg4EveL1cq6m,1.03,91.14,1.03,88.01
LYjQBAEfgULGhkwwaTSbrhbusy2z8GVGxD,1.140008,79.83,1.140008,87.97
LcTsj8PxrGN5HQcE8wsGHkwea8Rf6Gmq9b,1.1564942,87.79,1.1564942,87.94
LPwXsTFN2FwzQbHesn9mpvXeuX9bu1511P,1.19890062,88.99,1.19890062,87.92
LZrSCQ91hTuEWpLoqdCAcHGJ3UG3bEpgNu,1.03101102,86.77,1.03101102,87.64
Lg8MZNRkVstG46V6H5vwWfyxeFR2NYDE7L,1.0660904,86.88,1.0660904,87.55
LMNgnLQPPBTWZTDzB71U3McGxpT2WYthmp,1.209211,93.31,1.209211,87.52
LS2zDNpmabKDMnatKQ6h4Le2eeViRdfxyB,1.25334926,87.51,1.25334926,87.38
LRwhLG59FJF4PJs3f7hHoJmuAxa8VHYMpf,1.33813808,97.63,1.33813808,87.29
LUMHvyHr5pcn2riiGCa45eiWazYe2Kn798,1.057741,85.93,1.057741,87.27
LZQ6nvQc5t9xZXoFmegh58nzNZwLwrcrv4,0.9899,87.21,0.9899,87.21
LME9W9LM7fmBKXypdmepT75ExvHkJYUg7p,1.20363537,86.94,1.20363537,87.11
LRHzwtZMZdbTk4mj4oRAPEm37xkxqByy1t,1.17536464,83.88,1.17536464,87.1
Li1UuPp7GzcZWocXjhxSDBWpmGbUNJCXRf,0.96090631,87.05,0.96090631,87.05
LKzhmTvMre2zaUENefgzXrzuJrjQKgvnH4,1.30446097,86.5,1.30446097,87.04
LKJdMVJvcfCHfy42QZyhvuLXFaiceJm4C5,1.22368309,91.63,1.22368309,87.0
LMEJ5b7rXToC5znUxGMpwVSttGyPyD3aev,1.11652398,87.54,1.11652398,86.99
LKjFF2s6R8PUMr9xum5bNpu4gwdm6AmMZz,0.99734853,84.1,0.99734853,86.84
LVa71nwa13AiRjCLbQEmdH7Ft4kR6Fsz16,1.17354697,86.15,1.17354697,86.83
LNWQTvJwNDztC7X1Bk5ZXyRRCpx9o3cwBc,1.21272,82.59,1.21272,86.79
LTmahwQS2AyavjiH7GWp173U1hvnCHDKjr,1.199,88.22,1.199,86.6
LUmGzCdmxANVwwzsvZjoiMDtQ4oXeLBTo3,1.20391025,84.98,1.20391025,86.6
LQLrAGaokpUBMvBP3YHQGRsupbJ3N4da5S,1.34419427,89.15,1.34419427,86.58
LhB7jhHTHXCwWJoFA2Xfv3PA4LGgLv3Zin,1.07146031,86.55,1.07146031,86.55
LXJHhbNLPCQMFGh2ARZDV8tXz1gV5gS4ZV,1.12088653,82.55,1.12088653,86.5
LYsT1RdJ3aKyEm484FRVnvwTLphaSh5fU1,0,0,1.236397,86.34
LT5iotbuebapEHXc3SgtREbmKzUjKcEcty,1.1466764,84.7,1.1466764,86.32
LSvBCXk3nmtmvwdR4GJt7aGEVxHT98V5Yu,1.40959404,86.2,1.40959404,86.2
Ld6rpcGq5ndfJoAxiEYpZq4EZHN2gCQoWo,1.27982894,88.71,1.27982894,86.17
LeS9qJYv1gz3hKPBUNca6Xbe5ueCwqQ2CZ,1.371795,89.63,1.371795,86.12
LUjRiNdP9q1N9PomdhHZXJQm94AYomLbJ6,0.9999,96.7,0.9999,86.09
LWW3zZStRAoAfkeqPHuWHbWctMsgYPXWg4,1.06893881,85.61,1.06893881,85.97
LgiWKwnqkJHk6nhkyuA8WiajASznvgvBbM,1.15812184,86.2,1.15812184,85.93
LXrM4ScgxYrcVXjmaruZduxz3PS9RSrtsn,1.03193677,85.07,1.03193677,85.87
LZozvTPtqV4USJD2VBXYWTwVTAyT4BioRD,1.31430156,86.95,1.31430156,85.86
LcKmes7B7hgmTtLnvQCuSWim4ZvwGZcxcf,1.2153248,85.04,1.2153248,85.79
LRXi6J5bXQ6jubGGf8KXRTgkYV1yBTqSVS,0.96356987,87.4,0.96356987,85.7
LLf2d1NsP4X6RUhRUyBjXn3pM8Qk5TR5AU,1.19128019,85.07,1.19128019,85.69
LPD1znmPNM16on539kS3Cqa6JsmFSzq6KL,1.1976691,89.4,1.1976691,85.68
LgMuunNTKBxrELtxzo6JaQSUSwUghhaaeD,1.36770999,85.44,1.36770999,85.44
LW3AWciN7d9pVbH6iJZfn326u4SNWicGE7,1.201796,88.96,1.201796,85.28
LhnF4audmT1Re4nN6vzLDZPE4hdEDXGEi1,1.199,89.78,1.199,85.25
LLJ4WXiw53Cux4gJ5z7B8SC6rM1UUdt9M4,1.05249967,84.4,1.05249967,85.0
LU4vFHPGQhBqoExsQ6FRmTFBgJ8NRsieCA,1.18447081,85.37,1.18447081,84.93
LhmZWd55gU1Y1d123HwWqih4JCKoeD4Jn3,1.16476314,85.35,1.16476314,84.91
LiRQkY2Ugryrx9k4kpyFHFCASkQUBsL9vk,0.999,79.85,0.999,84.81
LV3nhuW5fjNpYmkjBrMgWgmqZ2dgEQtN4M,1.13103154,84.8,1.13103154,84.39
LWQpb3tXeHtrgEpETnPhsXPbmkHx8zEE65,1.2893434,84.31,1.2893434,84.23
LRKnKX1bxzWguT5F4hkP9aA2Mx1Z5ThbYB,1.12460127,84.04,1.12460127,84.04
LKJ7nXzVSgeNY5DTJZAhnKGtN8vBuv4zJ1,0.98617712,83.82,0.98617712,83.92
LgEduNT2tqBKL4Fv7RGmskJ3vP12KauFqz,1.0,83.91,1.0,83.91
LbQbZpxieeqkdf3WwpYNVh1kpoWEwWibas,1.05038267,83.31,1.05038267,83.9
LNsf3kM4RssLq82act3wyJ9VneFyHZFfNR,0.9865,84.24,0.9865,83.85
LXKrtKY9HDG5LC7AjL91bGV1FxX8K9266E,1.153274,80.42,1.153274,83.83
LP82rbDBjSjFeRXaRJxUDSXKeXL4knk4ex,1.15551502,82.84,1.15551502,83.76
LV31hTbgyNPszA46BiCDXxbstXaWvexQtH,1.00183686,83.73,1.00183686,83.73
LYXNo8cR5BnRBwWFQ5vfoXB242MwTqSMmk,1.18930784,86.22,1.18930784,83.68
LdnLdibEdG5qFcEWgaqwtbQgM9WwCxFxao,1.07109422,83.67,1.07109422,83.67
LLy7YffrkRDPK9yig5jw1bk8S5jM5XXBza,0.95058429,84.03,0.95058429,83.65
Lhz4eYosVXbiDDXUeDvGz9mfVrFR9a6KNa,1.09282305,86.87,1.09282305,83.57
LV1ynyLQWmanjZ9dY6EwuNXMYaDogQ66mT,1.06600581,83.53,1.06600581,83.56
LSXj2TPMkKQXymXX824VHj7qkEVdRWSGUa,1.23976831,83.51,1.23976831,83.51
LagqNGs3hvwKN9A138c7PhknxRR9gEm9Ap,1.25,83.45,1.25,83.45
LS8NTPwF3UiZvfEMSPHTkscfHi6nzGyzzv,1.29404118,84.54,1.29404118,83.28
LWcmD92kwbi7LerqsqRvBmnjowvPjZAq6p,0.95191723,84.08,0.95191723,83.23
LXwKgLWLCthwzuSPtqHTJVCRh9TXQqwdNw,1.21810957,82.48,1.21810957,83.18
LgDf38fJxWxi67N4uK5MRSMkLmTHdykqKZ,1.31552532,83.33,1.31552532,83.18
LbLb7MMmLouJBhJWQbnZBDMsrvhK1RgKzG,0.99068999,82.19,0.99068999,83.03
LSDGrYUSoVWLeK3vqpKczajJ9WhvprVpe5,1.13659242,79.6,1.13659242,82.98
LNJC84ADfwMCzqTQF8Z7FhURv5QHRJzDZ5,1.13627018,82.97,1.13627018,82.97
LKzgkpTKp2Ei6R6uYpPf5PcVYUwymz7ksK,1.19043304,87.34,1.19043304,82.95
LNk1B5FA8hipbRoUsTQYvWc4RwXELSGfQa,1.12806134,81.51,1.12806134,82.89
LYY8u3rD9MwVubXdkWRbJf8FfrTxb1pJ7D,1.220715,80.84,1.220715,82.68
LfSES5GY5rxceyuc5N7dUNW5xuCjm4MtZR,0.83146778,82.13,0.83146778,82.6
LLKeu8dk1QktPvs1Ef5LqaZW8T8QvChV4X,1.1097419,83.59,1.1097419,82.54
LNqPRvWKVbeA2W43RniZ4R7EnQNFGmYUN7,1.26222579,82.75,1.26222579,82.5
LZmK4wNLuFxHKNafCxXPRnj2FU8THgE9jp,1.24755316,80.18,1.24755316,82.46
LVt7HXJPovgU4zPzwrxyzZs1HC4yoH1Lsf,1.11687696,83.53,1.11687696,82.23
LWTAsPxTFj8Hi4BW8bepkLvLLWqG8e47ai,0.8375853,84.0,0.8375853,82.02
LUhKDNUhfW3qZBkKftQSLjPVEzasmxjuXD,1.10662004,79.77,1.10662004,82.01
LM9f9sWizR3wctoN4T1vfHkP14W5St5W4g,0.98052459,82.86,0.98052459,81.82
Lh3Nj5GzjPCX9ihBDoNk6U2SJZDcJgzuiU,1.27904985,83.39,1.27904985,81.78
LQw6uZmGn6z6rcrfykH5q7MMwvPHzyb5x1,1.26851377,84.15,1.26851377,81.7
LbgD4f2oFFQv4cykmv8BHt53m9zY91dX79,1.13352613,79.53,1.13352613,81.53
LUnGunWga21SQzghPzRgSkPczsmcQgnPez,0.9866481,81.5,0.9866481,81.5
LQCfQrLJ4YzGFoNa1CAE26K1bK4X9pDhhe,1.05974175,84.56,1.05974175,81.44
LcQKy4E3k3WXa8x1whzGmyFXRFD9t5yt5Q,1.00683235,81.28,1.00683235,81.16
LXHBjJPM1v6n4gKDGXK8VDdihKLjKp64Pe,1.32608927,81.09,1.32608927,81.09
LVp6SU62eUrjiaH1MRkJXRD9UFgjdHR3Y4,0.9455773,81.07,0.9455773,81.07
LbC1gJERBwk6s1mcotccmgKhXWZqjsywgq,0.94162032,81.07,0.94162032,81.07
LKKadXL5CX5PGndMrfh7MaZabVmKKGcv7h,1.13982053,83.13,1.13982053,80.84
LMsUgMu57LEVAazoEhsMCUrNpvXfjnS7kd,1.16223296,82.01,1.16223296,80.79
LeNfGvFauCh26mXqJr6zvgqqq5keG9Z2bL,1.00572954,76.3,1.00572954,80.79
LURXbNEH6FmvpAFwAQUYF9HPK9Ka8y7uZZ,1.12168778,80.76,1.12168778,80.76
LLUWzrbKiX39S1hub2qWEFqvzut6Mkg8qr,0.94785258,76.55,0.94785258,80.6
LiA9KErSXL6QvWYq13fDKSCyzJD5hLP7KF,1.2763848,80.56,1.2763848,80.56
LTETU6ZrXF8Bn6EDgStTJcbF2Qf9eShMdx,1.08859232,77.69,1.08859232,80.54
LWUYeQMyJKSBdTW3kdKESjgAEJ4zwxBuwQ,0.94638232,76.43,0.94638232,80.47
LMVvGeSpi611RhAtzg85ipDmE9Snw5TwsD,1.13365761,80.17,1.13365761,80.41
LZgcvtVXbWnKnS26uepEq3VRY5mMu3VSdK,0.96547917,80.43,0.96547917,80.21
LZpM8L4CAk34MQ6XfUaGX4s5apFuZDYMp5,0,0,0.940215,80.16
LSLS5S1qoStZb7oCqBBpQsDqUFwhccs7du,1.00001581,84.19,1.00001581,80.13
LNcvHRUSL5JEszr9BkDPCNZXgZRFq6Qf42,1.1265184,75.85,1.1265184,80.09
LNpzdaFdh1B44cbXEwdJvwuyefqsdAT4v6,1.10790024,80.26,1.10790024,80.02
Lcm9Pif8fm4Vyi833RshDEKLbA7Xfn5QTj,1.1286881,78.95,1.1286881,79.98
LRArFbPKDQ71NfLaYgySpbKaTLqptKz3sd,1.0,78.12,1.0,79.94
LUw2Yc8k7PN1ADitoo9wQ9yqzay9Z2oCAP,1.10413114,79.92,1.10413114,79.92
LgvHRTRJHt8dYbs6DdTwHcbzYLr5S6fQpc,1.10799231,79.86,1.10799231,79.86
LVffr8aoqcqTZ3HLED95v7sJaXdnguzq8u,1.24933769,79.84,1.24933769,79.84
LKzF99UxQ6HYGmdtx1LiBQD9hz3myHonyT,1.19841208,79.26,1.19841208,79.81
LTTbN6irxs57wmQzXnHxxNjZHX33uKvSEw,1.08816366,77.99,1.08816366,79.65
LR9w8WkHDt4nYP823QtFJDVgcg1SJQsFWV,0.96978433,79.48,0.96978433,79.52
LQPHk8VQeWEi3SpSdoh5q2AxQpREbiUSmv,1.14,83.64,1.14,79.44
LcygKqpQDeZq2bjr6HUE7Fa5iNiRKdzobD,0.92922631,79.71,0.92922631,79.4
LVyuz11yG9qXJz3ZxSH2Vq6ErPpPNm2xim,1.22248097,72.62,1.22248097,79.19
LWt9jeeJ6Tqh8AMT7eYnKUuWqQKCh6sDTL,1.02023811,79.77,1.02023811,79.18
LW1QVtz7WcLowbtPNssaFK3czjrwcinZ9P,1.026,76.28,1.026,79.18
LRidoJH2W7wxaUzbW2wNjrJMEdxX8jC5oH,1.05721029,78.91,1.05721029,79.12
LQ7uApFKzgcyFf9fKh6o6Gp7V66dPT41y5,0.93041527,79.02,0.93041527,79.09
LU3ftCwM5QkDG5FXSSiQvBrF4C8cTCUm1R,1.17142347,80.16,1.17142347,79.05
LN4h1B5vdoSSMtXVkWr7vBrrGzhrK6TnFF,0.93759394,80.73,0.93759394,79.03
LTPUMLQBtrBHs7okVKZ8ZcvJZ6cmQymxas,0.82497704,77.42,0.82497704,79.01
LPAMKNZHWhXZKgVCenmHz8Rk7gwtSDkvYL,1.19072299,80.48,1.19072299,78.99
LNmuNz4jBrLm12mEJeq3pjTJwE5osWXjv5,0.94651206,80.45,0.94651206,78.8
LdATJUzVFXcyJRZk4i9fva8CR9GxbMPyCN,1.20458132,78.75,1.20458132,78.75
LLbpXmVv7CUDoUUZRvNs29X6rbsgntkhG6,1.07086726,78.62,1.07086726,78.64
LUR1F854Z1hcFnRRFiVP4huP5V8N8FSxkX,1.10761911,77.34,1.10761911,78.6
LQf7TJVUFMd3VKM5f3TuhJqvx5sP5rvvpT,0.92853136,78.44,0.92853136,78.6
LdFMYLQiawwbATxQaiM4eyDZD294xLhJvy,1.18388972,78.54,1.18388972,78.54
LcEqNN6RDCD6dbycVUP7eowqj4DxK2Wz2f,0.87426253,83.58,0.87426253,78.48
Li5YZtgB98GDhCKyJuMEtJPQDenUKvkTUh,1.11464585,81.35,1.11464585,78.45
LeLiiuwZLMFmvxnniEz1RTrWjXdhaPaS5A,1.1944877,77.7,1.1944877,78.4
LLhLPCywAVPZFzv565opuik27d8SgbUkVe,1.13483,78.87,1.13483,78.4
LYpKkn8ZpcLp6sD2XnqGAAwjvAks5aqatj,1.351447,78.4,1.351447,78.4
LLG7cvpAtNvXd4roYZfmjz6DjXyWae5hDA,1.15600886,78.05,1.15600886,78.4
Lc3K5D9SZWwu5LbhF1F5RFppnAeDwiG8aA,1.13456298,76.8,1.13456298,78.29
LWoQor2ZLRF6RtfKhFHC9VHAfrYjpoSyC1,1.18,78.28,1.18,78.28
LdofraW79AFo85Aw3BZSmsLW5weKCmwdSG,1.18253699,76.0,1.18253699,78.17
LevcTVFqUF5hdu2YG1aeco9jhB2ExXMzGL,1.04958508,78.07,1.04958508,78.07
LSFbXS4qGp8SUzUuNbs9Xn2gPjkGTeWWwe,1.00953171,86.92,1.00953171,78.07
LdyJDFxRq2wA6XChtK6bB3ATJphXVQahTe,0.9809,79.99,0.9809,78.03
LTNDYZk6XwGzz2qB4SHAS8iVpjiAdveeUS,1.0483737,78.96,1.0483737,77.98
Lh5MpydNdu8a7WCS3CEAoevY2RXG7kzQGt,1.196,76.96,1.196,77.88
LYeoCbZvvR3mdoVqRcJk1J9kaDqSHoH22U,1.00132867,71.47,1.00132867,77.77
LaVLZookDjXir9DHDvTMsAat349uJriN7C,1.14836683,74.8,1.14836683,77.77
LW7qMTmbT9Vnjf5uESn4ubcnXxozxxXS35,1.13994016,79.18,1.13994016,77.64
LiShqCZEickQrSwECpzHDanih9Lj1hqvmd,1.11804323,76.27,1.11804323,77.49
LKnKtrAARXwNsvtiAdXbNAghZHPr3PYUhM,1.22031098,77.43,1.22031098,77.43
LW8xPz5pW4pj9F2FNaNrNCgMqABmG7QYoD,1.295331,77.37,1.295331,77.37
LNfc4aRQq2TXBjGsMbg1xrAGjY1tCFaJpi,1.11618196,77.32,1.11618196,77.32
LMEfta29JNoyMgiYV2pvLo32bV7iLxha3D,0.9999,79.66,0.9999,77.3
LSPn4jTd2HHuHcvrLSTWr9vsLBGE2QUGjE,1.000997,70.1,1.000997,77.25
LMxKSfJYg9RB4JMER4NV6vN4fkFGHtj3uE,1.0,76.33,1.0,77.17
LhFCVT9iCeziM4AABakKesunYN3FsfVU87,1.10099435,78.31,1.10099435,77.01
LMBAW4hd9gxkkBoRTVUCJG8u1Mdbro3eCj,1.06623279,78.45,1.06623279,77.01
LM3hKvPQqPDuxZqifJwwiVzwPEUdmxN4RU,0.90034056,76.98,0.90034056,76.84
LUAowgoNcPUC3sTr6GEMP88dt6pprAWaMm,1.02502013,75.52,1.02502013,76.8
Lggs8rQ9RSWaqq6RJhqHTfcbaMo29zyrdg,0.780726,76.77,0.780726,76.77
LPMUAifs8LjhsK1voHbsaT8r984f7G2GDG,1.03712128,76.74,1.03712128,76.74
LZ6rMk5H1Nw7iyuPFMv1eLnu68CGg72xVb,0.89759965,79.22,0.89759965,76.7
Lb8SzXvxsUoX2SQSiFrqpKkKZriMvTh8Gb,1.11258329,77.33,1.11258329,76.7
LM9HjcCGjsv1JWCxwDLQc5kWPqgGJ9NKS6,1.04257574,75.94,1.04257574,76.63
LV4NuvXWrmL3YVHPB5AxcUufK4faDbH7iX,1.18211861,78.14,1.18211861,76.62
LaJ679m2ZfRg24r7LfFgSWPzmLSYQfnM8K,1.18196582,78.13,1.18196582,76.62
LaeopT2zbgr2ovF4ZyCnPDiXbwqi7W5W9p,0.96977318,75.26,0.96977318,76.6
LfbUvn5u6rPsZTDYgwNjSCeFVUjRAPSkwV,0.90080859,76.97,0.90080859,76.56
LSnqjdWuctasZRofyen18cnyaZufw6JomS,1.07532551,76.55,1.07532551,76.5
LcnjDUdmvHtzMCbZthbWsHphLGQtxNAeE7,0.94072343,76.5,0.94072343,76.5
LbnAfumyhkJggvgfZ1MCUSBojTwPcbFD8o,0.99935254,73.19,0.99935254,76.46
LZ5WyzwcnDqnEAbNKyxJJMKXsDp2F3jomu,0.915,74.69,0.915,76.44
LfCLi4qcXV914AxjrHswb1bqqhV5sqCMac,1.19340875,75.1,1.19340875,76.44
LdULa7vmWRWRLMPDaJX6WRXDaSQczu2fnY,1.0678,75.2,1.0678,76.4
LdUyoJiUz22P8GrcTPUpke8C3W7jRhhnm7,1.04174215,73.98,1.04174215,76.34
LhQy26dFpraDcqqquPisdg74h6dUBE1j4Z,1.07898835,77.02,1.07898835,76.27
LQXz885RExktyd8ZLUrecq7HjpgFbb6e7L,0.91318999,77.1,0.91318999,76.23
LP4Y36RqjU5w8XaxACZ2zJDEAuim2UjqAk,1.2447498,76.9,1.2447498,76.17
LcfdLMinpbpDrTPXZR4xKkbpdJ5sHRipzr,1.0424407,76.63,1.0424407,76.11
LhVbh5BEwtz6CQEhVEfbk9U6XLaWy89HGF,1.08931197,76.88,1.08931197,76.04
LaKkBAzekVvYpkmG1r6RERiwMJUY4rbxr1,1.14517566,77.4,1.14517566,75.97
Lcyx79ZrmkjYGzch4Xn32Uf2tpzXcSM2u6,1.07569259,76.48,1.07569259,75.95
LgmEeuEh2LfG9zhLFKMTs7wL4gtBsmZQ1r,0.9836127,71.73,0.9836127,75.91
LUaShP3Qjqog7xTos6tcEuXSgv6m7gEk3x,1.09589648,76.07,1.09589648,75.9
LUHxDHq778TZjAiiRFMqoxq9YDKoNypuZv,1.06410879,75.86,1.06410879,75.86
LPG3taekVwVGcxsPh727JmmfTstMDh1aZx,1.11267514,73.35,1.11267514,75.67
Lhw3X3HzVd5owK8fujHwcLypM4Pt8omGct,1.19173277,75.62,1.19173277,75.62
LiPsrKk6NVokKd1ZczZUzwps1oGMbqibcg,1.05914045,78.07,1.05914045,75.47
LcRMeapxGcNSqHsL5chX7VcccjWtqKo4is,0.9245393,75.74,0.9245393,75.45
LKcZ5tvhqdx4dnmBXSzNB1wJDHrF3ScJPp,1.03477269,75.43,1.03477269,75.43
LccYJZ9tx9EXerGsRycdGMSEXtwMojAFCc,0.89517153,76.48,0.89517153,75.36
LafAwDf4LGwTFLWYN8P8X1FMwUajRCt53x,1.1552522,75.18,1.1552522,75.18
LLdtPsZimrbEHa2CUcukeoYd4yk6y2EHTx,1.22638553,75.17,1.22638553,75.17
LaDot1Fp4zXLcEKnPGywcrCJ2jH4Loi1Xv,1.13556387,80.13,1.13556387,75.12
Li62XqXmDyKDRce4QkB3iLKw4iVm3H1Ene,1.02540307,74.06,1.02540307,75.1
LM1icNQtiaCU1PX1SNrFrwuNzyF9QYdd24,1.01490928,73.0,1.01490928,75.07
LcDjnUauVS9McDYBtifBfvsARUmGH4CjeL,1.08445912,72.79,1.08445912,75.06
LaBx7HeQngBwKWhfDLAecm3wSpBhzttWiL,1.07189992,76.24,1.07189992,74.98
LdKWsmqVGiQKyirTMZ9oJjGtWxL1JK3qFd,1.03647504,78.81,1.03647504,74.71
LeB1Wb5j7jDJd6aZ4EKvmRKr98GUT7SA38,0.87606733,75.11,0.87606733,74.69
LaoxdaAUFdt8ByUzVZRKusq2yK75Ke1jFz,1.06394704,74.15,1.06394704,74.66
LevcEYdycdfGtW7vruYGt8yD2M65jfxeuQ,1.03517711,74.62,1.03517711,74.62
LdeznpFH6Zn9mtmTzxVRiDAAsWDVTpzt5f,1.02145621,75.58,1.02145621,74.48
LfjygFMHJqYVEvRpZGRugaZ9g1KXcHvzoD,0.99779288,75.03,0.99779288,74.33
LNjcXcQPuMGPobLmWygzDHJPChomukiCrU,0.92736554,74.31,0.92736554,74.31
LbczsjUkEouEMg1aUHRAikz9i43bU6KkKz,1.1029004,74.29,1.1029004,74.29
LQVdt1X4YtwiiHMqsnaSvBKqRCUnwEM4hU,1.07127071,74.21,1.07127071,74.21
LRH9nwa8Jh8m7L2CvRLLYkG6wU9rP3wzo2,1.07647088,74.06,1.07647088,74.06
Lb1yzgVQEdLEBsaMcLJBdMkuEXDDYVsEuo,1.12634018,74.35,1.12634018,74.01
LUCxomfNwcQv8HXbssTQEJsbGDWRzDrwq4,1.11291096,73.62,1.11291096,73.99
LLpFYYEGSUrxhoXQVu8Xw2tk8J3cFcnuAP,1.06674045,73.89,1.06674045,73.89
LLqEs7MmgrdjMDMkYtTrEpn58yyu5icbA8,1.01996104,74.11,1.01996104,73.82
LXFJPeyzaDvFhwmiyWn2KWx1RPps77o1ai,1.13117824,84.52,1.13117824,73.79
LbS8PBMcU1VAX5TC6LEsi5YXGGSWvy3nnQ,0.964,73.76,0.964,73.76
LaciZadPrUbdeUzxdC94SHTnPWri34UN2V,1.08752965,74.84,1.08752965,73.64
LLNfYLS3UHCyMRE8EnXW3m5diH6KrLbmF6,1.04121888,72.98,1.04121888,73.58
LXrQor9PxEL5azH3onHbwQhwUVtY4f9TP3,1.12811642,70.42,1.12811642,73.47
Lhx9hkqV2pMLjv9CeMT1pwDAymYLWC3xJb,1.04112435,73.7,1.04112435,73.43
LZ2ahsTvFeabfaGF1RmAE7ziCmjDyAaHxb,0.92102211,73.4,0.92102211,73.4
LUoxwwXHB6ojy7LEEBRcsMee3QGZU8m4rx,0.94873472,72.42,0.94873472,73.21
LKwydDoeSRxi1bqsrUSugGjD55rMDQWqey,0.856838,70.97,0.856838,73.21
LbvZYDySTdmZj13UDHPCg6EiJ4jE7fZGsJ,0.98929057,70.61,0.98929057,73.2
LSzFenMDcz6ToJrGB3kTTtmGfV9u2i8g5G,0.97147678,72.8,0.97147678,73.17
LhLr7HcVMAvSv4MT7rh7eLvJ69Lo7HXUrG,1.11674203,70.48,1.11674203,73.16
LPcwHq43qX1krkDvcy2YQxU3q3YsrpPmP6,1.10674031,71.13,1.10674031,73.16
LaMof9jt1RsrnFUQYHooRjZs2uuE13wpr5,1.09416097,72.67,1.09416097,73.11
LLiNrjTSk3YuyCjeeAiv3CxJqCfoGEQhLZ,0.9739783,72.86,0.9739783,73.0
LKj6PNECVtFGMHDRCvbpT29KVgjpcRKi7J,0.82821791,72.97,0.82821791,72.97
LcYhEnRumd5BT4yQXUGutikbKxY54w9mFU,0.9001,72.21,0.9001,72.92
LeTgsExyLJwrE69GEt8Tnkns9GqaoA6asK,1.052197,73.09,1.052197,72.9
LYMDP5jVY5rQTfT49S7bQu3BQ9uwgNQZkb,0.98521422,70.31,0.98521422,72.9
LPC8BdVyLDrx6F9r6mogaYyaGsyBMXm22m,0.82717138,72.87,0.82717138,72.87
LRWRiGxXskYVnpvN6emDUGRT8JyPSquiEC,0.94332937,73.44,0.94332937,72.8
LeYEtvHCLiDvnpw5aqmi9eCWwqfxd4G3tT,0.7,61.83,0.7,72.71
LYZ8dsFPHesk1JPDduVeeQhptNBxU3BYzG,1.04417,72.92,1.04417,72.65
Leo9cvEZTBdhhd9XbZYotDjZ6czKwVGJu5,1.0864028,72.6,1.0864028,72.6
LNF8DrETN7KUb9G7PGpMxnKryFdcDhhV3Z,0.89875136,72.27,0.89875136,72.58
LNgZPNGsrchFuzuzYfLeXXWUax5nTzngfb,0.99706412,72.0,0.99706412,72.57
LYVt1i2rBG7fPH2aiJHQofuNdZdMavKpbc,1.025,70.67,1.025,72.5
LVqxo45qA6piCRaQH7S3eWnbnnxbyYaa79,1.11559427,72.24,1.11559427,72.48
LKz6mF2kkroA92P1JdEjQLJfwNDUCXNweP,0.71666854,72.42,0.71666854,72.42
LZNwrnnMhK3Nx2dALrUs5t72QoUYxijZxs,1.09383358,72.3,1.09383358,72.3
Lc2DADaznEux2YisQW6KGYTgNmkzgUoAVm,1.07915657,70.15,1.07915657,72.29
LVVmkxdwaDUH9WdnZTL5Hc6xEibtjPsmvp,0.89377176,71.35,0.89377176,72.26
LiCCXdQQivTv5gopnTkch1prjsvBtN5FSE,0.7391163,76.77,0.7391163,72.08
LQXrABQDaiUniTRgT7WqRyuBSbcEwuEhKU,0.84357549,69.87,0.84357549,72.08
LVGPSVfDAk5VDtSxNxVB5ubhK4PezQHChr,0.79533527,72.05,0.79533527,72.05
LNHLF3hiSQqyg4wHiJEoeSMVfLFa2ABQ41,0.7,71.99,0.7,71.99
LT79YWtQYBmTwQgiCqNHkNvLt6TeZG1N6U,1.04051369,71.76,1.04051369,71.76
LWjNJaJFKuDXPuTgNv2Kit3uwpwVZNKyBK,0.96181211,73.9,0.96181211,71.44
LhxByMLAfnqTX39J6iwyXgoDcoUzbQbViq,1.16092713,71.42,1.16092713,71.42
LRYbzNgmWCkC9Tngg8bUCDFbTC7wQzm931,0.90249707,72.84,0.90249707,71.38
LTnEGorsARTaqrrL4J8NUbFmGt69b2PFD2,0.8099,71.35,0.8099,71.35
LV4eMSp1Vm8yBgDTo5g8NZHbzPvhcmVrQg,0.99992653,71.34,0.99992653,71.34
Lejhi6YvMx8Sv527DnaC8E5GigSsQDXYX4,0.86488432,68.13,0.86488432,71.31
LNbfWyhJBFwp1osZPaDBefWUPukRUQG5jN,0.83383156,71.53,0.83383156,71.25
LVwQrEBM9TvFncjV72LPnHN811DSRptZ6N,1.12991736,71.13,1.12991736,71.13
LThz9qcdwq9n2cRLXCJzN6zR9CYLE1g3a4,0.90737673,71.1,0.90737673,71.1
Le3q4MKkaVtdfNhaqpHbTuu2GButJeLXNF,1.13471842,71.76,1.13471842,71.07
LRKCQxAoe4cHCW7nx68SAp8GjmapPYxBcx,1.1494,69.39,1.1494,71.07
LRMwm3HMCZMYR8TM8GuHCQWjZSk2hiSEVz,0.93614199,70.48,0.93614199,71.07
LVV1mEXVCSPUaAgYTwEwQCENgR7QBrGLaU,0.8224028,70.66,0.8224028,71.03
Lb3MDNfQf42CfqxZYyBcGsfUspT4qARRYK,0.83911436,71.07,0.83911436,70.95
LZWhBUBiHkeMPMUCgrw4ENFCaxFqLTVPpE,1.0000889,69.13,1.0000889,70.95
Len82NYxuQJ4topmGKxtR83q4jdXj1M8kq,1.00761697,70.18,1.00761697,70.95
LiGV95LYLwmLvLokrdB6u3dq1n6DCsSY28,0.88993886,70.95,0.88993886,70.95
LP4S8vkEUu13AmvAFtuHjzPyA6rm43hnRX,1.16404914,70.94,1.16404914,70.94
LSDRdQBnG6PPvDsF3sUWvqo9K7VCsTqogY,0.8019,69.52,0.8019,70.92
LYayBCGYUPvRhFk6omjeHpdKWBR4iaTQNB,1.06231575,70.87,1.06231575,70.87
LVhc7xQmPYQYZMjHG4HYNhAq9x2SJNcwgC,1.0,72.93,1.0,70.86
LKLvbTaSM2TYG12nUbL6zSNaywd6eo8Evn,0.8697,69.6,0.8697,70.72
LbBXyjC63dEpNjuL6Jap8MqPSjDitqME8K,0.82433,72.76,0.82433,70.71
Le9Rba4HWi4ExHRHFKTyUewfAuKSfbQrE5,0.996226,72.61,0.996226,70.65
LUuj1X6woEHozk4a349yXk8D6R8vCyVmZJ,1.07056248,70.65,1.07056248,70.65
LcC85TDHn36o6RdjvKXQLmd8LYaT9TGn1N,0.89957168,69.55,0.89957168,70.62
LWMaasFGLYLGPRrpiwEeHbQCucZsiSqN4W,0.81870579,70.67,0.81870579,70.61
LRzTHXDuWCZh8wK6RTRpxEwQHaSf2Gf9u8,0.86710134,69.56,0.86710134,70.57
LKxYyAzYXqgfNkRCDR5KgCr7LJfMyAqN8h,0.96038347,71.2,0.96038347,70.54
LcR6YnF1TqF3BC3EbNwekVxnsRSo8oi2bc,1.0781881,70.69,1.0781881,70.5
LNqYDMNdj2FtPGHca5LT137oboxLdyrKHi,0.889783,69.85,0.889783,70.43
LScD88wEj7qRsBjXWBhbtJMgQ7DgBR9vVG,1.12069416,70.41,1.12069416,70.41
Lgr294Sv3z596pGsJ3bBQATPKAjBVTqEKa,1.04805587,71.18,1.04805587,70.36
LWmfLhk7X4SpKAM6sCVhqWaP7WgUFwL5pZ,1.13769033,68.68,1.13769033,70.34
LSUvyhBuvAJmNQFFp6vSx2J4LzJqt359b4,1.04551633,70.14,1.04551633,70.32
La9KPYSJbKq73jQz5rK19gUk1vqKT1rXkU,0.84495725,71.34,0.84495725,70.31
LYvGB2ZyVrigz174KfEUYFMrtJWy6sGRAb,0.85406678,72.14,0.85406678,70.29
LU6FTKigq3ecLSp7oXncuTwCg5zSwmqC4x,0.87633867,69.27,0.87633867,70.28
LczG2jphHwZbk44KFBBshTV44pvY8ph48h,0.84567848,70.25,0.84567848,70.25
LhiWifaJNZLw4WenMpPhy8k3es1iigvbcJ,0.983773,68.55,0.983773,70.19
LVBrvZ1RaKVfcmAA1iDBgKESqAu7PsSZKu,0.99397268,70.67,0.99397268,70.18
LV6Zfrf2YDUyoZgNwH6fmiLzonagZXLfBJ,0.77542058,76.07,0.77542058,70.17
LV5a17ce3D7MNzpiFLS1uqpZeuyExqyvup,0.87565291,73.72,0.87565291,70.17
LXjL3q8mk35tFZ7xwU9rpBzmtxGxzdWdxr,1.003,70.16,1.003,70.16
LLvsp9npVHQB7JAXjCGwF72qqx3z2ncgyw,0.94313323,70.15,0.94313323,70.15
LTZ1c8zW3av9ij6bWDTENWS1QHt3szw56P,1.02832569,69.98,1.02832569,69.98
LKK6fa2mNKvYRqWnQyzzcptopGstyw42qX,0.84192011,69.97,0.84192011,69.97
LXXsfXLK5G1W4ja5T3Pspy9TzLKjwpR35c,1.08090454,69.74,1.08090454,69.96
LYY9ui83dzra54SmCVyCd4o6G48daSGVhd,0.98569746,69.81,0.98569746,69.95
LNoqxmAp5LCRsWSnxgSxGPZ2yBgZLv8nM7,0.9999,69.94,0.9999,69.94
LSNNxCnD5Bg5AguNBazyQZEC1zKDEc6Kbq,1.08661906,69.08,1.08661906,69.93
LRNDzQkCNcSEyGyyFhqtheCa2aSjTL3vHV,0.87261642,73.47,0.87261642,69.92
Lb6s1NocYRmMayf7B6LpF9UMBuGPGXx5YV,0.85587242,69.17,0.85587242,69.92
LZvY18XpQGA9697K6RzL6TPcjGRJnpJxSR,0.87754278,70.64,0.87754278,69.91
LgVf7EcT59HxrMSst3kL27EVGqvURXURdP,0.95941061,70.26,0.95941061,69.87
LQPwX3jnmgFN3cKBSMPpdWK5wAGJf2WwDg,0.82189203,70.23,0.82189203,69.86
LZE6bzt8EAZod9H842XSxkPTzmYP1fZfZr,0.8215368,70.15,0.8215368,69.83
LhfHroRRwbkHzmqA2g5DwPcHo8AQa62rA1,0.9971215,68.34,0.9971215,69.75
LNcB6A8LCeyeo7BQnVPQcDYkpGmR5xX41B,0.86347756,69.24,0.86347756,69.73
LWqXVRHDpqkbFZMx3BopubgTQfciyeyLGS,0.9461,67.25,0.9461,69.72
LS9zSgYTrLE2XBHQqgtZAC9ZRpvXfHfF8Q,0.74278769,75.67,0.74278769,69.69
LTwfVEREL1VeMVM1XiB6UK24iy1pQwM5QJ,0.8999,88.88,0.8999,69.59
Lf6MRG9iSqY6nX52ztJQv4TF67VWwYH2os,0.81413517,69.57,0.81413517,69.57
LKsfQDEnMPbU5vXfG5fgZHAgrVJ4eaY1P4,1.107141,68.83,1.107141,69.56
LMHZTnmnnj7uYeNjgZv25hRS7FscPG8bk3,1.06446569,69.54,1.06446569,69.54
LVoPV5n4xSH1Hg2FTjuv6JL7a9Ht6keJRE,0.88250286,71.15,0.88250286,69.51
LZSvCFm5WK2GRRWW4hDcbWAS4vTmbMEtFE,0.68941313,72.58,0.68941313,69.51
LdYff7bhvhw99MyJTQ7VsfjJSxEVfrBsXP,0.91558891,69.39,0.91558891,69.48
LN6s1PgysQXhTjFUAetWe5ZiFQyLVtyMJN,0,0,1.040121,69.44
LUfdzHyMxbdSDdu6JQQhcLp5ZYFVmFqnyf,1.00563888,67.37,1.00563888,69.42
LToD6v7HxLFLGou7h1HhZ2gypEHtriveJZ,0.9946595,70.08,0.9946595,69.36
LbDZhcekSFp5rpP39fDjDgtrXPxB9sH4wh,1.03873088,69.65,1.03873088,69.35
LcyxWLQCi2KHfHEroHa1AAheMNpFXWUwNz,0.98811894,70.84,0.98811894,69.32
LfXgt3u3YmZ8wn4xjyhbYPVn6CEMyRRaRB,0.83030994,70.19,0.83030994,69.27
LMQWagsNkrnfjUbGAJRFM5ABujvWcQPwGb,1.02514056,69.25,1.02514056,69.25
LWtrUhiK7uWk3y3uLKtCWbNBRQtohfUaEV,1.06759068,71.07,1.06759068,69.2
LdvrDuPQGdPiJ7L1zaMHEB56YykmT61dYy,0.82782727,69.07,0.82782727,69.19
Lh4Tq5SWdpKfYThn6MRMjnyJ3WhB3qgcgs,1.05127,69.07,1.05127,69.17
LdvNK1PhgzrctnXJauQbimGBCisoZv5TYj,0.98246224,70.33,0.98246224,69.15
LLLQZYKbe8TepBYvoy9FYAFvjVGmNBbmrP,0.70676558,69.14,0.70676558,69.14
LbLkiabLpBbBuaSPy99wThPs2qNMFY19r6,0.82713977,68.83,0.82713977,69.05
LYu6wpaEvJkXA54qAMfkbPergorUiQdZjB,0.85398449,68.99,0.85398449,69.02
Lb6TssHBDZ85fk6UfQLkDWcWGXHqCKZaGL,0.98642987,69.9,0.98642987,68.88
LhKrQ2iTaSuaBw8aYTixi76k255V2kcvno,0.9808362,70.32,0.9808362,68.81
LLWMCuQZDWeM5TurBDMRX83uTEwXbfamjn,0.76428305,68.53,0.76428305,68.74
LZaYdwFNEQET21ZGouNrM65wByt2LhRtAp,0.89,65.88,0.89,68.68
LfQ7EmoVZrGbc1AnPtBSCiAM7LXZ6CKEHZ,0.96955849,68.39,0.96955849,68.66
LeRqca1TFbYAcXieve1npkenMGo57v1sKy,0.79954905,70.87,0.79954905,68.59
LSXs5MqJpWzKyojz2PmDKXr8gjQDrCmPXT,0.88846438,63.11,0.88846438,68.56
LS2osL4dujtM3aFpytY3WTAiionRxtZ65F,0.86,66.5,0.86,68.56
LSsznQuVoNJ9xPQPgk3K7kBpuZFeiNx2NT,0.92227198,66.99,0.92227198,68.45
LhJpqbfwRKMH2ZhfN5zZ1iejsALYBKo4tt,0.98971516,71.12,0.98971516,68.35
Lb9gB1aE9fH99gMdFeqPmBJhEuQdrvoBV6,0.95147788,68.76,0.95147788,68.29
LaWnNSULxBZPxQ7GfXycCsqTJiEFVhgNUP,1.02268381,69.89,1.02268381,68.27
LLgQZDYj8f7F7kBdc5JzpDfqorHMNYqhB2,0.77493932,66.54,0.77493932,68.19
LbxPfk1eLovqofCD4Y2zsneEBK6KkxhyxP,0.95376239,68.1,0.95376239,68.18
Li1E2Zyjk9oGZu9DH3ErG4HH8Wk5LHuegv,0.65371738,68.09,0.65371738,68.09
Lh6oBK3UUjLF8kXdVitMUq18mak8bkA5bv,0.8988,68.15,0.8988,67.89
LNL4bndZSCcEjjfXrcVyGAwT2PWPjnZV6Y,0.97205168,66.82,0.97205168,67.69
LPfmRmspUZRyNnBoiN8hHZcX56VxGytMX2,0.954044,67.67,0.954044,67.67
LP8h2XBdu3wh8En8psWMCcGKbmfVc8swDX,1.06327587,67.65,1.06327587,67.65
LhifQ2FohGv4RfSXkJHs8e9TqGaYNESQVE,0.73635006,69.8,0.73635006,67.6
LZYcpf8Zx41yX2qZ9kuag8x7JyM3GPz3Nz,0.942245,66.24,0.942245,67.59
LPVVNPoMyGYPSy2LUPFTggYUT97u2eayLi,0.86500084,68.96,0.86500084,67.57
LVnjaa8BaK2EkepcZtgnz6pxRzgm3VBHeM,1.08008666,67.47,1.08008666,67.47
Li8oVX5cPL57rNBCtbAomxumfUvF1wwq8A,0.9553595,65.57,0.9553595,67.39
LNmCNHWAver3PKFvqWVcC54Ld3o4ufzL1q,0.81921261,66.55,0.81921261,67.24
LWqsqvcmtZxMD1tnaqyjti2HTXKFDGQprv,1.03660255,69.01,1.03660255,67.19
Lf4WWNAYP7h81iKZs1zNUzCgFbwdHiBhkt,0.87,68.29,0.87,67.14
LL8XELgxbYjCoAbprFocGAn6Sr7pRMgyi6,0.869,68.21,0.869,67.06
LPzAkssCnqR1uTqbt5UR4KduQTKqRofVvS,0.91535802,66.89,0.91535802,67.03
LT5nLe8pvwmaGhsTguoV2hE1UxJQbkDyWr,0.98960169,65.3,0.98960169,67.02
LUQqwQcshbrPNweShkmXPoB6NBVVcDD91P,0,0,0.947474,67.01
LVRsz44wEv4jL3MD3Hr1T9VjSFPc9VBhrg,1.02428954,63.35,1.02428954,66.99
LRGmYTc1EEdAajhvkxnb99wifanaEHqPgp,1.02396492,63.33,1.02396492,66.97
LKPmcVMgJ89weseZiZX5pjju4VGHCboEbu,1.02345839,65.87,1.02345839,66.93
LPs5Pd6yFrXgPvSCLTR7wk8XbpNnRvstJX,0.8,66.75,0.8,66.86
LQbk5rPvNFwjW67HDBP1KmMoms8mH2iqpE,1.02991,68.56,1.02991,66.76
LharJXfXuz49WsopJy4JoWLpM97LooMhMF,0.80649087,66.78,0.80649087,66.68
LXnSKGUyKF4Vp2gd4YZvyQc8q8E3KM9nYJ,0.92858221,66.21,0.92858221,66.63
LQnkUAziMoERdh9zW9bttxKAqMa9afkRgn,1.05662969,69.81,1.05662969,66.62
LUBQwwVbVcSBhpHZywCqsJdxsboDg74jo4,1.0107999,65.67,1.0107999,66.6
Lhqf5yB5s2AP9y6zy42ykBCSZ9LemQspkS,1.07335081,66.59,1.07335081,66.59
LN6R9H83p6rRJ26qUwMYKF6oWKRC6YCei1,1.0684,65.4,1.0684,66.56
LQWK3DrMQPxyGQybEsUJ5ZiUXfH6t98WNk,0.83464422,64.43,0.83464422,66.5
LKhuhZKFREd6QAsMNECCiMKDba2Qt5Uasx,0.92262382,64.68,0.92262382,66.41
LXbRJVFYghCPYNpCz3eJPt4ptBhwCnhmYS,0.88808785,66.36,0.88808785,66.36
LUdFdLkkiRpZ4tMhtnEm2nGw8U7xa12qC9,1.03996469,66.72,1.03996469,66.33
LLUNJBJDMVwvqtrT1paXCAsnTfiUFfRe17,0.88502369,66.79,0.88502369,66.28
LYzPKBLGsGqWtHLAM7C5djzaHq6JMVeB2Y,0.87781958,65.44,0.87781958,66.11
LVHvcVSqFa7H2PLdpVwPzRtp7VETog6LLi,1.01902393,63.83,1.01902393,66.11
LUZ89YmxCJMNxXEJAzNqcEbSLSUvZp6nPa,1.0,66.1,1.0,66.1
LauTuTPKnntewPtGfbpzYqT6xJ7vX2k8aB,0.902096,66.06,0.902096,66.06
LPx5PSJjNAqYnkvFzzpGAHwcwRGBuStumZ,0.9989,66.03,0.9989,66.03
LTvY9GjQqWgAduZA1seqGknRTpossAeSBK,0.93305123,64.87,0.93305123,65.99
LbrxXttxBDyK8pEMXDE73fBSxstLqTbLk8,0.7471,65.22,0.7471,65.98
LV5KhZC6aHbPpiwS4sZHVZUnA6TKomom8U,0.95856107,66.76,0.95856107,65.94
LY8UHzGxvUJe5VNX7kLLsY4ynGVPm2DxGb,0.90014445,65.93,0.90014445,65.93
LY6hrqbW1shn7tawFkrr9nhge7DiGCQmpx,0.86166937,65.71,0.86166937,65.93
LXr4sXf6DaAhpu97bXX91V5oUQSWT3nXT2,0.9983971,65.13,0.9983971,65.88
LXcgUZnSYtmD9vasX7Bzz3RAee9nFs7xWi,0.62710124,65.85,0.62710124,65.85
LhdSPRJo2d537QCkTamM6ABNZhM36gsXSV,1.0446,65.81,1.0446,65.81
LdEMs8knHXYvv5YeS8u45pofBpuALaWQGj,1.00641115,65.74,1.00641115,65.74
LVFd7ZScLknySHG8xtof1JVm2G4veFj7Ky,0.91205484,61.1,0.91205484,65.65
LV7JE5sZThD7PMqunryVpFFgwkLa4fSX1Y,1.03501624,65.62,1.03501624,65.62
LTzWMLxAGTECFkp6ordqqmMyGNp4SsESMx,0.95749702,65.16,0.95749702,65.52
LgPn419idGnyMgqeiYPehi4sQWsdCvUXni,0.9272388,66.04,0.9272388,65.51
LKU5YHXZD2SKTTLMWTXY3Fjt4zS5iSkDiW,0.922043,65.0,0.922043,65.5
LhnH9vkKYmFG2a3DuPq4sUDvUMpTtEA3zJ,0.97951507,67.85,0.97951507,65.46
LUmip51R2xqWBBvFV2q6jrgA6djNuzJedj,0.94044035,69.04,0.94044035,65.44
Lf7drd8GQcSukbG31oDyFFJvUoPCFoqCcH,0.8753431,65.41,0.8753431,65.41
LMxeBeMgYQTwF892XEAnQLU2R3P4rqDLUQ,0,0,0.903833,65.36
LPT1PBUAFyM5QhtNnVCfxDofKxywzfTeeA,0.8560465,66.6,0.8560465,65.34
LLpq4reiBvoXPVq5dj4G33ucNE7fNW6F1v,0.99525743,65.68,0.99525743,65.34
LQfDTdcwbuNzqGamCHoezZ2foj6TNYdJ2T,0.77193017,64.93,0.77193017,65.33
LepW3tNUUasRnYApqzbtYKozRiBNzMcui7,0.98987486,65.24,0.98987486,65.24
LfbRQrdfSsaUyFe45ANAv36UTRpUCNu8s4,0.95688026,66.17,0.95688026,65.17
LYB2jZefj6Zu1KcSUJYE6P3hsY5KXFVkVe,0,0,0.960909,65.07
LhFwXiPYoDxz4JyPc3tP7fTLw3CVxqkrCa,0.85165069,59.41,0.85165069,65.01
LRUa6vsKrNUcMzXsSEnkcr53cjdpEuKakz,0.73513401,64.96,0.73513401,64.96
LXjVU5HXdvS2BYmRRUAUs1gH6n4ddcBiWW,0.93033963,61.42,0.93033963,64.96
LhfzLHuLv8p3mpqXX9zpkpQgxXM52zNNJh,0.795,66.88,0.795,64.96
LNxS87VizXiS9p21Awy5Cjg1PZjq7vcGMD,0.99421474,64.9,0.99421474,64.84
LgKsvoC5pEcfWpVh2jtNeUwfP1ADkgR5cN,1.01070899,64.84,1.01070899,64.84
LXLVDYbwzRFsofeC9nvRFMxdDHi5vR5jiw,0.81051017,64.13,0.81051017,64.83
LMWdEZpq8z2UtvqnSMWj4U3BVi4mREz4Jz,1.03491225,65.45,1.03491225,64.82
LRyjZgFAKX5brW9JniaLmTauN4DGYBLgZ7,0.78641049,64.18,0.78641049,64.8
LLJ8dEfY95MP3qsdUquauRpJSjccbg9ZDB,0.94206154,64.49,0.94206154,64.79
LQnfY5Mb7vPqCyAZq5Hr9RrLMAfEEhkcaA,0.85187846,64.78,0.85187846,64.78
LdCmqf2K18dWthH4LjKpAYunsfu1HAj1jN,1.00319105,65.41,1.00319105,64.77
LbTke5UN8KDQ6ipyDAx7Ts2sAwR27oHLbr,0.99252608,64.74,0.99252608,64.74
LStRYJso5p7jBTCFvX4P5CDJFHVA6JYjD2,0.99164921,64.69,0.99164921,64.69
Ldbj9QuUzf6WW1ZsHvi1t7a8qUyF6YX6dQ,0.79996682,65.05,0.79996682,64.65
LcnRYxCzG1X3vibE4RNLQ3p78BwFSVb9S2,0.89816353,62.96,0.89816353,64.65
LPAG9c3SKZo2nm21vsbmXeRaWXBXrPi2QR,0.91048036,64.34,0.91048036,64.58
LY2TbbmuB8qpoBWwn8uaDc2jbsMbbWuAWf,0.60798908,63.94,0.60798908,64.56
LSRz2BGqKCetyVwhMzAJG85WQfjvf6p1kV,0.68574426,64.3,0.68574426,64.54
LWQqXbiJTGmNcjJ4esdaLZt9L5hb26eNwb,0.86348833,64.52,0.86348833,64.52
LThHsWRCs9o6CkyhD4FVNYAKWDHsuXetw6,0.92171642,65.01,0.92171642,64.47
LMWVAofxSBxGKGtri3mADhthUmcvVzyM2Z,0.97680852,64.87,0.97680852,64.46
LNB19yLg3ejkrGuRKN7D3Q1tB3CaUKuEH2,0.87467654,64.45,0.87467654,64.45
LPquhre7QRbQeD7gCWPtTM5sX1ymEsLeir,0.9090756,64.71,0.9090756,64.42
LY3JCAZSjdvKMLKa1RCEcXqQ6qCa4yGCBr,0.7913,63.33,0.7913,64.35
LUh894wrmvLAd59pUU9Pkn4TbxQg92RyGd,0.75793212,64.34,0.75793212,64.34
LcTCRumVR355PYR29eQroMcpAzx9tDsBhK,0.87016869,63.94,0.87016869,64.28
Lb9fJcXmqaJ8xvUsBUBuD1srsUYZ1zoJAk,0.96291922,64.47,0.96291922,64.24
LKNt68Hhu5WVZh8eGukq9iqae1MGYUyKY1,0.76840832,64.15,0.76840832,64.15
LhLSCNCons7S3cxDGj4NDTxHBJPJVpP5cL,1.05254859,64.14,1.05254859,64.14
LSBhn5RFwBpb3PiDG6kQoLFPTRvct2UEm6,0.76890306,64.86,0.76890306,64.12
Li2hdgqnZNShDZJSUiDTWBG7JyV2qaDY3N,0.91251543,65.37,0.91251543,63.9
LbUDK5Rx3ofj6p4bus4vcT2pSwsKhXUmpY,0.9239731,64.72,0.9239731,63.87
LQz5x1qpCgbTSCF3seJgNx6TV8dDbaFL5y,0.86320051,65.16,0.86320051,63.82
LeWAFCUaYJrNA7k4xSS65bVgWMM7nGAMF1,0.96453055,63.77,0.96453055,63.77
LQCC8mBkhR2kXS24GVdedeNsXvQWQQrWd9,0.7752526,64.52,0.7752526,63.77
LezmseAoCEdc6YVq7rUQi7VLhKnfnJDbb3,0.85619183,64.49,0.85619183,63.68
LQtd4mBjFAp4WkYcgRXNw2c33QpxRs5vTT,0,0,0.860709,63.67
LYh4cG3yse4zMmSB1Cx8xh9Z1W9xRuinro,0.90107414,63.27,0.90107414,63.64
Li1j4Xma2BbQB2jyXATuhvkryCKr96eh6a,0.98753937,63.0,0.98753937,63.63
LXjYVEnV9VGoFAqRuFX1EAwHTjbufjPXLP,0.8798125,61.0,0.8798125,63.62
LUtVWaKhbjauzBaZj32e3ufexexcQkxuaA,0.86183818,63.58,0.86183818,63.58
LRj6CTY4VoWYsTuo893kanCmv6Sh3XoWqy,0.91028435,64.45,0.91028435,63.54
LWjtsyubusCRDKypqX9jf5e5D9ZatiK3Si,1.0,63.45,1.0,63.45
LhkwAwt2TnbcVNozedsfM9p7GrGLRcd2a7,0.62442755,63.44,0.62442755,63.44
LQ2kJirSUqN6HCjGvAN6D2aS4vKtuWwQR1,0.86888676,63.34,0.86888676,63.34
LgncuoQAKscyD8FBkHZ71XVj9QRv2roAXQ,0.7448411,63.3,0.7448411,63.3
LaTFibTND14bYnXzUBm4nvP87b6ijGspwx,0.89856511,62.51,0.89856511,63.27
LfszFacA2GKePxnEwZtJmdRXeNJFRwPt1Q,0.9059904,63.27,0.9059904,63.27
LSrbLvZYJ5H74XRiwUkU1kJF3Pm5QiCJuK,0.86777852,63.59,0.86777852,63.26
LRkRuGzg9sX3F5m2wdWEZxdASuwURqtKkY,0.78466939,63.26,0.78466939,63.26
LXFXfTb4umwyG6sfHqNXo9puzKzMW3AJsR,0.86313445,65.58,0.86313445,63.21
LMAY6dWnK6sdXb4UusQ8VRFnCHDa22QpMe,0.96622321,63.36,0.96622321,63.2
LY25mHq1qZvSeBhM8H8SRL7SQKgULDnB7x,0.9033897,63.89,0.9033897,63.08
LaqQAtvjv4vXEEQZEDohVcLGEoqoH6kwca,0.81561161,70.22,0.81561161,63.07
LVDiwpSmbEctpcfpiMR2x6Q3bC5s1xCWi9,0.81719669,62.38,0.81719669,63.06
LLGG6zUAj4xe3PJUSfrSPiqnjSj6GRmM9B,0.85581614,62.18,0.85581614,63.05
LLqkw7oqZFvrHRMDc5sHfFzEDck7tRsJQH,0.90989767,63.03,0.90989767,63.03
LgVNCvrEwcMc2yXcP1KAhf3gnbnzKU99BP,0.94404696,63.02,0.94404696,63.02
LPP47pVAbBhhi1N5jcnmvUgrTxk8offU5m,1.05474809,63.0,1.05474809,63.0
LSgvwBrLFpaSfySL9WHZ7NzoVi7jRAJNhc,0.86,65.8,0.86,62.98
Lew9XifLtiPCMEMVFoCfQ5x7t6JtXmywEz,0.91445616,65.18,0.91445616,62.91
LbnYv9VLYxZZx5Vb4uSjFyV7LeyRYWUkD4,0.8687209,63.16,0.8687209,62.89
Lgi437YsEgPP7SD8F8ut21ucHSEt1VafYr,0.90022566,63.27,0.90022566,62.88
LbguD9iJssSG5H1DkSig1ie7UdcVPLhQPE,0.91885025,63.44,0.91885025,62.85
LhPBWbAnz3L5Jzgi9EXanqi4BbJ3ziW7Tc,0,0,0.809803,62.85
LZ3JwhLjGBUNQJBY7cGtFBpV3GRBgF1zSF,0.9,62.33,0.9,62.84
LT7PR5gRqgEg3T3pSK6iECWTH6Jc3pNb88,1.0048,62.77,1.0048,62.77
LdWijFKgAKT12Xe76v1HcYAXniZvLs3ME9,0.72583707,62.23,0.72583707,62.72
LhXAYgEsnw4H9NaPnVFY1tqLZbTphVCcS4,1.01876656,62.08,1.01876656,62.67
LbPGqG3pHhCoTxs34zgGH6GDy8S6RLx2uT,0.99884934,67.47,0.99884934,62.53
LY3pBmQfqHoQwpzhiQLjdEaXQD3cdt8t7s,0.96345448,62.62,0.96345448,62.52
LQNNvLWwdoaCeMhYxtX4DNmzg8jiRuSGkn,0.99409173,62.46,0.99409173,62.46
Lbum8tJFVc5XdqeLHDM76u9uKLT9rp791k,0.69675638,62.44,0.69675638,62.44
LQMSqymyiX5sWXFxFZ1NWN8tPZsH86VDeC,0.88511377,61.58,0.88511377,62.44
LgXA32UPNQu9F5n2bt9BCuPwC7kowTe1sU,0.88034917,62.66,0.88034917,62.38
LUXf3LjqnXtKLWvgSg8KtztZqWjbQ17vJU,0.803296,62.34,0.803296,62.34
LVCxev3eXzVG6xmYHambD9gxtf3catYxNH,0.66217395,61.95,0.66217395,62.32
LebaYCAGMTCkbxvJKBdDDRqRrJD8Uijjqi,0.68788289,58.96,0.68788289,62.31
LLQgkF3GWYYXpoiHrRENYsgm9LZSFLZ4ty,0.98709347,65.22,0.98709347,62.24
LSZ3sqjn8yjMeZhyTBYtFYRnKBzgTPBBRv,0.77793752,60.77,0.77793752,62.19
LbbsR35xAPPCjE1W5F5WbJLsRQh6Gu5KPR,0.79529187,62.13,0.79529187,62.13
Lcz5wAVJn4RbMptnz9PxA4YbxXbNb8R2Yj,0.8341058,61.7,0.8341058,62.12
LRxikwNFGRjfH4STYBfgvBriCZ8gvb6VsC,0.88486864,62.07,0.88486864,62.07
LgyXN4NXrkf6CmFNXHP5a21PSgQRR6FHuU,0.95481422,61.99,0.95481422,61.99
LgAo3F4tt3MgDqAJnretNMuG69yyQy8ZRD,0.72509021,61.95,0.72509021,61.95
LhQQFtazJeaS1EqDspHq6vPaDEJ9xrAMQr,0.58968134,61.92,0.58968134,61.92
LZSBpUGh4vTd4NKWA2hgidHiadN1YuNhuh,0.86085291,60.4,0.86085291,61.92
LRL7EqDZ63BankKxpn1gueEotXWThttzph,0.91432392,60.03,0.91432392,61.92
LLGCe2sXPY5YKDhA8t821ZsZEqBH7rVMQS,0.93313045,61.68,0.93313045,61.68
LWLVDCeYfbnLhUk8X17QKctabjNM7H7eCn,0.8825,61.62,0.8825,61.62
LYVsonSrdEvgVa8ZTD36k8drXiUq3xVekr,0.86752693,60.01,0.86752693,61.56
LMM6fQRWzRDLJYJ8AcKh3b39rrZatdQKdZ,0.8799,61.55,0.8799,61.55
LLyJe5pUsL5FH7up2N5zPjQKJusrqVYifA,0.94,61.49,0.94,61.49
Li1zTU47JmCjgwKrXpw6mG8xCG9XMDtNJi,0.92959566,61.49,0.92959566,61.49
LRnRt9u2gxMUW5fj3xzTYXnWFteE4gBCuS,1.05987746,61.04,1.05987746,61.47
LUJQm7JLiD44anYUphQ8T4LBjS6Vj9FDwA,0.95545934,61.99,0.95545934,61.23
LTX3i6FBMExUWyPAnPfvMnRKQ5NcbX9k7K,0.93638281,61.17,0.93638281,61.17
LZzV2pPXeMfKnQUdWWGtdcP1tmokHVR8Qh,0.62521328,61.16,0.62521328,61.16
LPKnKN347Aa2PzzKhDvE18RSqPF8zVvoxM,0.78683126,61.79,0.78683126,61.16
LeDpKzjP2NUCgH8Tuo9i83UTaL84PKZU6C,0.72,53.63,0.72,61.12
LR46ukbi2b6TF994T614dY8qpy1aY5o7W9,0.89809996,59.05,0.89809996,61.12
LUVGfQzJv6b6ZTtMpQSFsJiY41Y51iAGbB,0.83943496,60.65,0.83943496,61.08
LZ4UgKkGWaqsHthLxaFeip2nspskXfv3Xg,0.96286182,60.72,0.96286182,61.07
LUqFo1BzGdCpxmt1DCoq1DujDdsZrivAii,0.88720136,61.14,0.88720136,61.03
LLJbdwFwk4abHrD9uWLZW1TiVmbGyQQ9qv,0.68484727,62.71,0.68484727,60.96
LedCNUVdUAeaFK8tcfeVSbcV7w2c2CLgK2,0.83815934,60.67,0.83815934,60.96
LWJuFp3XQJyRTvPFZMiSN1GVNXF3VXF5Pw,0.91110857,60.91,0.91110857,60.91
LV21coCQmKXF782v7BMCVGGST3P64cRVqu,0.88369666,60.8,0.88369666,60.8
Le445Lvb1DDn7a1yVMhPZ4iV2ng5m857gM,0.71483863,60.75,0.71483863,60.75
LRrrWud7u9nFTRb8qj3q89t28meFm9civ8,0.94744451,58.27,0.94744451,60.68
LbjYsmPwkeKj6ji8XCYywy9UN1kcfXyvky,0.58708348,59.42,0.58708348,60.63
LdbJAvQehSUQGeVgsyTgTV1ZS9Ca7RHYrF,0.8974,60.62,0.8974,60.62
LSqRPFEdYCAiBMDNZNMCDoZvDjvzxi2Mdx,0.89,61.82,0.89,60.62
LUVcwJ2GeumDgqamzwytMXYjShqesmzsCK,0.88090682,60.61,0.88090682,60.61
LLLvLTxdvsfv4jk3KVFyKNMhLFZ2MQRm95,0.82742819,59.04,0.82742819,60.59
LRyEQxTx6b1PWKAhTanJYd4McufvRWmQnB,0.61551018,60.52,0.61551018,60.57
LRzMqMySGByg8wmHYixxqigYJgTAKSjjLj,0.926872,60.55,0.926872,60.55
LbsezuQkvkLuftVL3yfhmXrZeoTi2HqhKH,0.77597964,60.26,0.77597964,60.54
LMXvVH13WLuHK2yc4jM7MKmQpbC4yN85FE,0.85975432,58.85,0.85975432,60.49
Lbg8LqM7rCoryJVY2F95EF7SBgBDUJXo2T,0.66766489,56.93,0.66766489,60.48
LbyyDgjsJ8z6riR2voq4jAcYThsJuhGGvA,0.78369892,58.27,0.78369892,60.48
LfesYx4z58J7zaotyNoEZG8HsPZiqUeyqs,0.93415264,60.77,0.93415264,60.4
LZeDPeXqzHArAmX1HUnRLDVv8TPAFXz7Dm,0.88246702,60.31,0.88246702,60.39
LhzQpwhgMnaMBYUeP3T4DoZDWfY7MVt6vh,0.84873745,61.43,0.84873745,60.35
LNxnAezLNmozpjGfUuJqPgb7ReomjJhFF2,0.75250211,60.19,0.75250211,60.33
LVk4aC1cEeR9Hg6sYD79PWPp1YhbCudeSG,0.75705789,60.94,0.75705789,60.31
LYKjdoSFAzoEojDUjU5CMvLLHVK18HhbG2,0.79012898,57.13,0.79012898,60.31
LLso3NWLpJypXBbCjy7f1Y2nhGNScFV5E4,0.74674492,59.69,0.74674492,60.31
LWHQCnz8B74LaLoy6ychd2eQx7rygH542C,0.5646,60.28,0.5646,60.28
LeMmd7qxFcgdt4pTTqpdumYFtgVpin7pLQ,0.66543034,59.66,0.66543034,60.28
LUChidxQ4BGKa1XJJGYnAbanqEL9TDzmrR,0.83165468,60.2,0.83165468,60.2
LgG21DzG999VKQgHwWUQrPsfbZjnm1eK5K,0.67037809,60.18,0.67037809,60.18
LVz7eoNNZMoJkKxFpvJQtphQ9CRfYnuUoj,0.68358459,59.41,0.68358459,60.16
LeSLMpetdHhNxUDLXaxsPHZnL4rZT3mjyV,0.92994055,59.0,0.92994055,60.14
LcuMNmn7CkvzGxg2DRM5vSRb2QFkU8h7K3,0.83810589,59.8,0.83810589,60.13
LSxwmbTQ6PxXEpWNuQb3AuYqZxY3N8piFH,0.938,57.69,0.938,60.08
LKo63US26tgxdECMEX2Thar7coEvepPm4U,0.77397128,60.07,0.77397128,60.07
LKQwAqQzGYqyssCuRGDY1EhcFGEqHvmB3E,0.66897642,65.05,0.66897642,60.05
LKkdtA3ntBWW4c4DEnDKzkqccTVV59yBzV,0.830166,57.65,0.830166,60.03
Lak8b2GUbkEUTeCjabGFuDFhQM6356zLCp,0.70538443,57.04,0.70538443,59.98
LWA6oPbXJbadmxp7Ny9DWfAnMndmT7zvBd,0.84033613,59.92,0.84033613,59.96
LYAZ13NkQ4Mt5XAqQXoA3jeV3A9Uua1diY,0.71175906,60.52,0.71175906,59.9
LNFqkvSVG1S71nBYxqX5NgR57fx5PDUkZ1,0.7224397,60.04,0.7224397,59.84
LKYDDqaDbnKoVvrsuXaeNZZznbASscituF,0.83252069,60.08,0.83252069,59.84
LZh8RZNn8GuFdR6BRdEmmr7Nohe9JEvzKy,0.67857488,58.8,0.67857488,59.82
LgL1Fec6FKCKDuiejMox5pkRzgdc8hbhv5,0.85504354,59.81,0.85504354,59.81
LY9XqRLDUdYJoqfNw7GWs2hcA9kzKKFHDP,0.85384886,59.8,0.85384886,59.8
LYvNSnHnWJvMD5fT9GsdcuqsysKNMFaQGK,0.9044177,57.67,0.9044177,59.78
LYPAhm86h8eB6Qweh2v6cbSozbo8fqd5F8,0.72881355,58.05,0.72881355,59.74
LLAW26i56EaS4iUkHGarahjXtBe8uhMB8U,0.82384904,57.92,0.82384904,59.72
LRhFZ2V35U2VKUiV9bZ1sfCcdN7LfTgGMw,0.61034534,59.71,0.61034534,59.71
LY9XUuuxrc2RimaL8NijJprXa5aot8ShHx,0.832166,59.38,0.832166,59.71
LdaEzhHsUo9TqkonQHnX8jX4hJqv9XoZbW,0.93135798,59.65,0.93135798,59.65
LgJE7hAVpiRymN5S6krNRPVQrfxoKapFRD,0.76902759,59.75,0.76902759,59.62
LT45nJKZN9JrMUpK7toX83U2BGy63eYz8b,0.6798,57.15,0.6798,59.53
LdsjDk3t8Zv6DCFmMo3QeCRgHpKjYKnahb,0.75814882,58.61,0.75814882,59.51
LNfpaaYgy6o8UfChxNr2qdvHc8LNQ9t2R7,0.80418037,59.5,0.80418037,59.5
LNyCvGdL5RHnn2qVCfB2cTthV3wPEzvY32,0.85574485,59.92,0.85574485,59.44
LKzjvksjYnXyPWyzEcBfjKRf3cadMW6Uqk,0.8302162,58.77,0.8302162,59.4
LRQYSc6VuFGpXB1c1fkzpRLBUrdrAbpN8t,0.85,58.87,0.85,59.35
LhXAGRmQ9KH55RMXxqEaUrEbyhbEumJtYV,0.7811156,59.29,0.7811156,59.29
LUUE9eNwgqq2FHr8wzsxmJ5nLrWVUaypQu,0.85106287,59.7,0.85106287,59.22
Lh4KcPh5ysPiFMUvgC7zTSTpzn5QpqhbGE,0.83395072,59.5,0.83395072,59.21
LfCP88Tp1rkfoduYUxiZzJX2Sn3BpBydeM,0.94773473,59.2,0.94773473,59.2
LaSW5VTWVLWB4eNUmeEpnCw7rFNFB7eBCS,0.69254862,61.39,0.69254862,59.18
LbDBVSz348q2ZhPHbyPFsjtKCLrCTrGPQe,0.67069752,59.57,0.67069752,59.17
LNTEqMDHe5MM9XizzyXwDgYVVYN42jHe8Z,0.76655,60.17,0.76655,59.15
Lg4nhRLjg35h37KkEQNu2ByHqWEahzSUGZ,0,0,0.820909,59.09
LgEjz3z44Ge2EzmKw1cPwpPnGb5WSYjfY4,0.88449824,59.69,0.88449824,59.05
LSCTtDMv3WWs5zS5M51NBq1vHkyrNT3Y2H,0.67726167,57.29,0.67726167,59.03
LP6dBB6i6diuVvMUHJBbsue3NW2rE4obbZ,0.66023573,54.17,0.66023573,59.02
LZNcEgvQGTeWv4sZ1eP899wCELwyWt8nUb,0.9073,59.15,0.9073,59.0
LMSQ6hxTWXtbWw55Pfc1JTNqJC5B9AUrKX,0.72112822,58.97,0.72112822,58.98
LZiG63BBDar52Drrvpef5MWxkeuaMXih5E,0.852,59.47,0.852,58.92
LZUFWsSSzdL8SVn2tSJDcrNPwdgaWxdmFq,0.89216481,59.25,0.89216481,58.87
Lf6FKmoWgVKFwDPrn2VSum7qYjbPPuQrnH,0.80286406,57.02,0.80286406,58.83
LdGbeFqyiuqr2tvqRAWQggaQQZ93m93Cqs,0.98486733,60.24,0.98486733,58.83
LT2D6kRygpV1pYjaDeWtGG2m2QMRSNiwyo,0.72762314,58.78,0.72762314,58.81
LezoPeZSYWh1AyCS1hgu1BEgND9LpmSRmK,0.79446196,58.32,0.79446196,58.78
LWvTsWPUPqQU1A41ZzBH52CmmsRmvSiRDu,0.7228883,59.91,0.7228883,58.77
LVa4XFGcZUcYfhdyHTxFX6LgDbbkWaDnWn,0.72202271,58.77,0.72202271,58.77
LLMZXkcZAtCaSK3vRKHxX4FNAXvoPaba4J,0.83068532,57.07,0.83068532,58.75
LRHaDretgicJNMXdk4P7o85FiEzj7wfyEP,0.69633918,59.01,0.69633918,58.71
LgQEy64GcV4dGUN6MdHL5ZCM16gnsEY5kb,0.812806,58.67,0.812806,58.67
LKfJT9gfMeokTYPR8k4d2Mui4URYPPgNDV,0.68649522,57.43,0.68649522,58.65
LSoKUH2i1vvoXvvcAtnPhcVMF23PtAR83w,0.787251,58.23,0.787251,58.63
LbjKEWeNYd52yMkUUtA2Ty5SPMzKuetNeY,0.92580724,58.51,0.92580724,58.61
LghiytFdnscmQTeQM4A3s51WwhJZaUxrgi,0.75890852,56.17,0.75890852,58.56
LTbf5UmdMHzgpTnkq2butbirnhQGH7QfCg,0.77427599,58.02,0.77427599,58.56
LNHBqjx65C7T6E3JvcTNc9WUNatDA2pULr,0.59030406,58.56,0.59030406,58.56
LYrayGm7TEHHSKK1K4FavY5TYMA83fNcMc,0.90201909,58.56,0.90201909,58.56
Lfx5ncdH46FgQVu4egcenD9ePJtgTanwuo,0.76413707,58.53,0.76413707,58.53
LcD7eP3xy17PDVrgw1emKax9c7Xsbj7ihq,0.88695409,58.9,0.88695409,58.53
LYUprL1gtxpZGed2TuWVERV8VSironcjdk,0.76397166,58.52,0.76397166,58.52
LNb88bpVTXptMJFvADY9bC6KZDYAMNc2ZD,0.78645694,59.24,0.78645694,58.5
LewqnpXJMXn5VuHAx82HVAkJ9urtGkE141,0.83482262,59.04,0.83482262,58.46
LdWzsFVZhcgcNeucRVFv4tszR4dfKah32x,0.8744891,58.44,0.8744891,58.44
LheLgFvcC8vYkig45qX833eYfGogE35w7X,0.73354279,58.44,0.73354279,58.44
LRY9jCByWazGRv4my47cnsNT86mQfS9N1s,0.9,58.34,0.9,58.34
LaSWHwwVSE9m1LtP9x3dqHVqXW4x6r2jFe,0.82914378,56.82,0.82914378,58.13
LRVMDyTeofxDQ8343zPx9uLWMdcgS2MatL,0.87198272,58.09,0.87198272,58.09
LNN7zkCgZNuj3ZL85PSpAEpnoAxSKhFpVd,0.77992492,58.09,0.77992492,58.09
LRa35YKzHHiT7vuGmaQYufc1JTnqzTE67W,0.8520318,57.96,0.8520318,58.06
LXsNiPFQ4Memjjbb1cBDtZZFippdwoVAFq,0.81921184,59.13,0.81921184,58.05
LWVX7FvTp8FxWaZ824AHv64JbUnkfvCDss,0.86851826,58.04,0.86851826,58.04
LiMTEJYCHgcovHEFZXiQE3Cj5pK1rgm9Kf,0.83358221,58.0,0.83358221,58.0
Lh5cMXsVVi57xQZe46wRXsVyuyrNxHwyod,0.82232226,56.85,0.82232226,57.95
LLeREYoC9GhcVamq9KDQnughi5qTqcS685,0.83,57.49,0.83,57.95
LMzZ2kp8JEhNoem33ujtAG6XFC7dnXhmLB,0.68800154,57.92,0.68800154,57.92
LURPRjKK8ca1jPMdd2r4GTnZw7WravUjSd,0.7376309,64.0,0.7376309,57.87
LPjsS4DKZy3FLomDDKzxbnwE9m3HcPJKUo,0.56029424,56.84,0.56029424,57.86
LcSQXTfujrGcYzsefEzLrMjFec18SwMDZk,0.89082048,55.08,0.89082048,57.84
LbDLwenTG1R27NuAFrNFvYUwTaoRsQtqWv,0.55678483,57.83,0.55678483,57.83
LXbFJ7emfwWySmv93duFwNXbKu3oj946TN,0.85846586,57.48,0.85846586,57.83
LaqpL55KXGpqa7cqtGadPt2yAGs51neAn9,0.87130738,58.89,0.87130738,57.8
LPY93RioCtMMBDG4k2dpRMt5chiRWAJtwS,0.70450631,59.82,0.70450631,57.72
LWDqhzCgAQFjYQtSgAnSVe338A2G54AahC,0.88868283,55.13,0.88868283,57.69
LiXwjaUnF8yZTG71TVqZVVskUwkYfvJtDP,0.7196,57.71,0.7196,57.66
Ler9xPJJSo1ZZYg7YfAK7x9pDc3bmJPg97,0.68967339,58.79,0.68967339,57.64
LcHe6SCVfb9nkwbLLHyHVX2itEvDmMkxCz,0.86996985,57.44,0.86996985,57.63
LgT6yNVCrY9Do2esKXvGFoch5U8dPQpEe1,0.8352,60.81,0.8352,57.6
LiSm4LsAiwL9BXGDkd1BUwyyqGY9R1qkrG,0.5390836,57.56,0.5390836,57.56
Lg5P8RV79uPpm7mjAzmY4eiiGFjgQmwEgn,0.59147488,52.69,0.59147488,57.54
LW8PBsRicKm9BQQ5nEiFR3uSUkrjfCjjNz,0.69139556,61.25,0.69139556,57.47
LMxLoWW5mSHUyBZoqup4pgVqF8LGDf1J6G,0.8290438,57.65,0.8290438,57.43
LfFTTTccivmjaQSPrBSps7D2ANuMqdT89n,0.84977305,57.4,0.84977305,57.4
LdZbhNPtwUmy1dDBwfAdbSaKbRFMzjrhig,0.71008814,56.94,0.71008814,57.35
LPxF2QFz33pQc8VWbFy3FFgSvpk7W4eDP8,0.70515226,57.72,0.70515226,57.34
LV1zZHNYpJLsgkyLCeb5S2exxzJwgYsP8u,0.9842818,57.32,0.9842818,57.32
LSYHX8Sm4Si1bMruG6YGGToLRXBA5mg4g1,0.63856465,60.08,0.63856465,57.32
LQaj6HEXQx5WMAJqpaeGgyVdhwZPFN4NXk,0.59826552,57.29,0.59826552,57.29
LaxfjJbZEAGd1Ltf2ZnW7JeMvZYsCcWRLG,0.80294975,57.26,0.80294975,57.25
LUG3c4kWCeJq5hvw3dYQ1p17ALm1pDexmn,0.919479,56.81,0.919479,57.24
LWUzs2XZK1MxgEff2jhKW6P1BCBTtryGH6,0.89253665,57.17,0.89253665,57.17
Lg1X8du9s4uvMHosedgWqAUDmfHrCDqeG5,0.815183,55.2,0.815183,57.14
LMcQ8NrX7oVp9tkCRKKMkzeUUUVcLtkDLy,0.74038954,53.99,0.74038954,57.14
LP5EREwnoUD8gqUwmtKZk5t2iDyLxU7GvF,0.8,57.08,0.8,57.08
LXRN9toV23PXfKnGuXg4PRpYek9gAdA5yY,0.8,57.08,0.8,57.08
Ld6PeQ3kmp7K7GiZTh8joJeD8sxgLcDPp8,0.80328954,58.75,0.80328954,56.97
Lgbv699AL6sYBtkpbYkBLmWT5Kfk9Tzyx9,0.79836051,56.52,0.79836051,56.92
LZtfYLMsunLULUPbUS9zK4U2hafDupfwbk,0.92771642,57.13,0.92771642,56.84
Li6dEq3wAY5qCwuMjzEkmjofUpP9RBMAYn,0.8,56.69,0.8,56.74
Lh4ioJhFVsp9CXFS7frmN1sfn7cjKCbk6A,0.67393124,57.3,0.67393124,56.72
LWB7YLgLhx5z6eBa272PpLzrzp4W3uaS7L,0.68201991,56.68,0.68201991,56.68
LS7QHaq6bXmCBKNuWPdw1AiDdV8ZMbNPwG,0.70722518,59.54,0.70722518,56.67
LWMbpVazA5muFG6Gy5aqe9bSHDdT8eEzT8,0.69085563,61.44,0.69085563,56.6
LYegVMTaQE83VVWVUhRDMFwzvhGYLZGXEw,0.67769603,57.77,0.67769603,56.55
LZJ3ErJ5eFbybQ467r4wHxZ73nWf6K3C4j,0.75544649,55.11,0.75544649,56.43
LZkJ1fzeHGvayfutuXiuMfgkPFjhHqrNEM,0.52819474,56.4,0.52819474,56.4
LVywhMrcVu53Ecqvz78F8ZH8LkgVU4PMkR,0.84710104,56.37,0.84710104,56.37
LfRvGG7oXvE1D7a2K3mAhQFodixbQ723tf,0.63834197,55.76,0.63834197,56.26
LVgGkAtMrnXqyLntt9z4TtXKky9JVvboLr,0.826521,55.42,0.826521,56.24
LX7CEHty2aNTNSp5yRqiXG3m4FnmFPMg8k,0.84990792,56.38,0.84990792,56.23
LRPgP7NLER6tPmpwejbctKz9s2gsHcSXrn,0.7056696,56.45,0.7056696,56.22
LfEPGfq3Wzg3xYMZBF7VHYrL1oxnUsyH9J,0.79389463,57.04,0.79389463,56.22
LSnQRxCXnGm3hkiy8fdboYzrwwV95yMNr9,0.78862539,57.51,0.78862539,56.21
LVuHBC6gYf4DBaBVNTLMTF75bftMZ9CidD,0.8425,56.41,0.8425,56.2
LYW6oPnS3iyrJpEEbjADtBMeW9LVPsNSr1,0.75933322,55.74,0.75933322,56.18
LboyvaRcWvHzEN4a6uXk3PCipVaMZMTg6t,0.89219238,56.16,0.89219238,56.16
LLd3NNiXpPzUqegxwtYHZJPfhxiRaP3mYZ,0.60161378,57.26,0.60161378,56.16
LhcJXjbBvjba4MVC16NHHjDHsw4vn7j6xW,0.84844909,53.88,0.84844909,56.12
Li4tfaEAGJAmMmkv9h7Boqb1aJPz6th68y,0.7,58.46,0.7,56.12
LTk2aonQ3qVLDUgV3BaW35iyEjXXTaFgh7,0.92003173,57.1,0.92003173,56.07
LTZJYTqCncdAgv2mZETGS988aTMwHEcXmk,0.7260975,50.9,0.7260975,56.03
LhKR3DiEuaY2Jjt14ZBBHdDxg1P1yYfeUu,0.77104733,56.02,0.77104733,56.02
LYjRjD9Kc4mqcyTadvpyNERaLAn3fydLHf,0.7090986,55.03,0.7090986,56.01
LMuddY3gX8AcuJNkLqNz1T21JGJjKHCC31,0.89829104,56.43,0.89829104,56.01
LVafW85jQKz4Vgxw2T4MZ6hxYpLSAehNZM,0.998,55.98,0.998,55.98
LiJQvgXBQRXd9dWbcZQfwc8K2K9ue1nqKS,0.80561892,55.79,0.80561892,55.96
LaGyadmc24jjKUs1LLKHjNxoc7SGDqVTP2,0.663,55.33,0.663,55.92
LafdXMGY6NJMUtroSaDqJYhPGXwvyUBNzF,0.6541507,54.84,0.6541507,55.9
LZ8M5utbvdob6gjxBvg6zXrevWcqThM3A2,0.72416254,52.43,0.72416254,55.88
LPh9zdk9KVmuVgcRoQZywYVvsvMEppX5S3,0.88094967,55.85,0.88094967,55.85
LNndgbcavhfZF5ckR1JsHzraijy5MtnULG,0.87760693,55.78,0.87760693,55.67
LQudF9pmoBLF1ZtwjdBU6nsxFQ5rx9Yfs7,0.799,56.57,0.799,55.65
LewYWgUvbVjMRZQemzwhwsuwbzsfb6icpQ,0.83761064,56.61,0.83761064,55.57
LPqVNEcjBVAT7fUceDawqzXriGfhsdERqr,0.80517234,56.04,0.80517234,55.54
LLtaaqfBUawgybBt3Yd1mR3fc2gJfSZNUT,0.66437162,55.53,0.66437162,55.53
LhwmanA29ashkE3tZaHRXV8HQC99tRuxfU,0.52865667,55.51,0.52865667,55.51
LRA9kLtLSMr9Zsa5zrHK9CAstudUPpi5iV,0.69247641,56.64,0.69247641,55.43
LUuf3xXJa78CsWapon2nVqRfhLQzA6mfXS,0.66396814,55.49,0.66396814,55.43
LLqycqmB3xHFWyK32T67baJFPAAede1e6d,0.83072092,55.42,0.83072092,55.42
LQprguxP29riWyWpoVZAzHTbhqRtXLfgvB,0.50750372,47.76,0.50750372,55.35
LVB2nsmbYfuxuhxbbMCqnGZ2Z9YpGoJZQh,0.89173,58.32,0.89173,55.32
LayzzxH2tvbw7xbZKTqxxDwP91nYTg2U4Z,0.76726551,54.73,0.76726551,55.32
LL3kYgGHiVg4y9pC36CjiF1RSYG1qvMHzX,0.69013487,58.1,0.69013487,55.3
LZpWxwiR6DH7GZUrp8sYBYRp5kuUYNAzKZ,0.53675562,58.54,0.53675562,55.2
LLTyt9nYZerHXQPnQ7ZQmRm4iGBhELzSJi,0.64888274,55.41,0.64888274,55.16
LQ9brumkHDne9736LMNg9PZXqJbywFvAjD,0.9832164,55.15,0.9832164,55.15
LRpJnWic4DXNZ34tssDsZUK7yPXcWRXXh5,0.89401947,54.9,0.89401947,55.0
LSq9bcG8aaJwmayewDSFASYQyxoK2jvsjf,0.77139835,55.83,0.77139835,54.99
LPpY777ZxCe9FrUeSSMS9EQ6d6Be6mFQnD,0.75065249,54.99,0.75065249,54.97
Lex3gURqRx5F9V3HR7eugoWXRY4EvBqoXD,0.79147695,55.47,0.79147695,54.93
Le96qoAe5rbrPbiRgk6vkHKkshgVSgCPuB,0.71045192,56.6,0.71045192,54.93
LUGB481aeBtjxAChUzb1hqDdZ4xFxg85No,0.784214,54.52,0.784214,54.92
LSueZmrv6rAHx2G6MCwdosunoBaFb8D7Jf,0.83620948,54.99,0.83620948,54.83
LXzHxjDXP8TZeVUpNdSWTiSKHyGx5Y5PWW,0.70902135,56.49,0.70902135,54.81
Li7HddGXy3Q2o93mcwUs7WCS87LXVtpNt7,0.63647051,62.86,0.63647051,54.8
LVbempBs3qS4rGP5pq94yoh3gnR1i4ESy8,0.74010103,50.91,0.74010103,54.75
LbHDN6mXbtfmyZy8pkk3Zhi5UfaYamFQZq,0.66776603,54.54,0.66776603,54.74
LKoiyMWC1mUzqLt95sBJRuT4bDAsqeaN85,0.52982404,54.71,0.52982404,54.71
LUQGdmd9aFmvVbD721qoCCXzMKhwLVRR8T,0.6394589,54.64,0.6394589,54.64
LfaQNjjZK13XqiAkWKYrHRCN9R3jGcYFmh,0.88251434,54.58,0.88251434,54.58
LQz5MjHYrGJvd6YdQ3qhBMFBSSAG2zTdS9,0.85194455,54.58,0.85194455,54.58
LXjN7i15stuR3Mu7HHsaEiQT6gJiSTpuZY,0.86002516,54.57,0.86002516,54.57
LLCMzXd4uvqh3ctLeQ6zSErrTiCr4et5hc,0.82548398,53.65,0.82548398,54.56
LhKqtgs8gZMopYWvm2KKwSwvyxQQdTrKHJ,0.78607737,54.43,0.78607737,54.55
LbQmxPg2Brhbmazuk8d8dJUFbFCJLRkHJf,0.75203434,52.78,0.75203434,54.55
LiNgotUquVLd84s55m9FQma6Fbm3ZpYH8x,0.67539155,54.54,0.67539155,54.54
LNConECbt4EknYrUB1QZSjPFdayopJYa88,0.7049432,68.18,0.7049432,54.51
LeyiDVgwWPB3Tmnb7ac8q2VcRfrGTCTtWw,0.6355,49.85,0.6355,54.49
LLe1eAcaEQAAfoRgozUBSkDPYvDdVuDUSM,0.778,53.45,0.778,54.48
LZ5hASowUseV686qktCBb9qnXuJGrdKaMM,0.52969849,54.47,0.52969849,54.47
Ldbcht65PkznKn2kZWxwW8LXMyJc7KKMEt,0.73002627,54.15,0.73002627,54.46
LZLXCSHsAvLEGWtStq6yKhmwrjG9ETYUF1,0.52941914,57.74,0.52941914,54.45
LLKzjYS3ZfrDLcLGEFezpPpFKpCC2HnucL,0.82448589,53.78,0.82448589,54.41
LLcPMdHNf6G3j8Royo4EczUiGPNLoxQS3p,0.85756666,54.37,0.85756666,54.37
LQYYa9mbn8FD5ksCfWFvvYQs4SRnkcF94t,0.76003176,54.2,0.76003176,54.36
LUMFn8o7sDD4qpqhv7CxuRCuyPQUyY9hbq,0.76972351,54.73,0.76972351,54.35
LZB9vr6v5j51SxbRqqjj7UxFMjQs3CAwTu,0.82190598,54.34,0.82190598,54.34
LPSHxLAi8VJYK1XXhFxpeA6FU3xvJQZRgK,0.76138,53.05,0.76138,54.32
LTZdwFGHsGiZa2EDjUVf3bcBgdx1VHrJNU,0.59910501,54.27,0.59910501,54.27
LKWvXkcQs8xCKvB6N24eXoFHaE6ZmQXF96,0.81054319,54.17,0.81054319,54.17
LhdTtDv5BdeFwdB3bm1aHwbvFvr6XjnQFQ,0.70064224,55.82,0.70064224,54.17
LKFYydt4wHVgT3CaRfSwK4RZWqDdoJ37e4,0.83461096,54.29,0.83461096,54.16
LZNMWkk3pEVqbEY4i7PBfmPEmRUvE3ad7v,0.63703563,54.14,0.63703563,54.14
LfK8fzCSNjrKNe2wWWdHyAj9yqHkqnujpH,0.70149385,51.15,0.70149385,54.13
LQnRaW561CiVGB7AeDF2A3tS5jjRsq51P1,0.73164207,51.04,0.73164207,54.12
LaCkadLWcFksF8f74SxPbw1txZhg6Y7TsX,0.64711817,53.97,0.64711817,54.05
LLfjZeqJfuKFvweo6z8idjMT5i2mwUj2g5,0.77226616,54.27,0.77226616,53.94
LWujACLqG14ggEUZC8x1Zp1Jkf1zpxURYS,0.749,50.18,0.749,53.91
LSovz8WwJo7aaeUdxGCEnzvzzCCyY9MuQx,0.71991493,54.57,0.71991493,53.9
LZmGprgZ6ezU5TZP4e8gA3ootpCgTETirk,0.8,53.5,0.8,53.88
LiPNoWTQEdoPxgV1txsdCmpRZ5qHZCogx7,0.64579312,54.54,0.64579312,53.86
LYt63YhLmZsqhLHVqjdpjFCGtnYhG9EAu7,0.69785559,50.89,0.69785559,53.85
LPydKvRKafjW1Nf9JNiDg1J1NB8Epy3r8J,0.755144,51.95,0.755144,53.84
LT21nKZjRaj9ZmRKGsebX5zuzGUzbcHKhU,0.81113233,54.82,0.81113233,53.81
LU5Pk96EFcMxKQ3C5gcnsgKg5LEfwT25Wp,0.76834014,54.5,0.76834014,53.81
LgHhbLWgGUQA23d5cR1vAZq6qGScrnMqma,0.78087762,58.0,0.78087762,53.76
LYwsAPbQySMbY7LnMvVxZeEqATZBRWGHiU,0.54090962,53.66,0.54090962,53.66
LQRXVVoqa9475TDiuu4B6YbzhbTZvu5bY5,0.6597,53.49,0.6597,53.65
LSp11UH3g3B38XoQ7boA7yxxhGPZH2tdPQ,0.82599647,53.57,0.82599647,53.57
LQng64GfiRUMg7dNdNTfmAVNLZnzMEpGDH,0.72176467,52.52,0.72176467,53.54
LVJQBEDLLpak4fRvdf7tiroprvigAMgDnH,0.62606347,55.26,0.62606347,53.5
LVEWfQERRHVqASoA3r9RdPDk1zgznuF29K,0.73046464,53.5,0.73046464,53.49
LSY272Tiuv5YceYAo4PQK5xkkYvnfeqBZe,0.75214339,53.46,0.75214339,53.46
LZPuLDZ1VsMQj5Q5GMeP8iYkMqEMF4YsJm,0.84519311,52.18,0.84519311,53.46
LaCTsmUJ2ybG8AXM7sCc4QWuXCzpY9xUJq,0.68048377,59.04,0.68048377,53.38
LQYQ3EuXC4PcE8d6wR8W626LHhRyLK1S2o,0.71781052,53.53,0.71781052,53.36
LaoCyqMSRHtzRVz3XHzF7AiWcJghZcDbRe,0.75714963,53.35,0.75714963,53.35
LLydcMg9rP6wag8WMkauMvdT7XSnJsLU3K,0.70821703,53.34,0.70821703,53.34
LRAAJXE9yGWhAY6AxkZ71BPYE3FX6BGYyP,0.71820889,49.45,0.71820889,53.31
LbpA9SgaMpVNNLBH31dLdZeyT3qPDE7oHp,0.605544,52.0,0.605544,53.29
LXNxMZBqtdyCnr3eP8A6TbWXdvtj1W23Ku,0.71910912,50.45,0.71910912,53.19
LVp34iPaxn7SjP8iTZzuDXqJ4EkHBorPEb,0.68834082,50.95,0.68834082,53.12
LQG1woZHbaMWHbL7jZDgmznDYP9qwQcMWF,0.81700253,52.23,0.81700253,53.08
Lgmdg6UUEg1qaLh5P8ZT7jPes9QzQuJTJb,0.62992361,53.56,0.62992361,53.01
LdebJcaS266hs35LxhHk2TwcFGJKtdBEEi,0.68689474,53.91,0.68689474,53.01
LiJAZjvst3z5ijqB2UFE74cAZXV6MPHzzD,0.65543896,52.56,0.65543896,52.93
LVfWU9NuKuHSeatqzyHVSS52gyXNvUHuap,0.59037413,49.24,0.59037413,52.93
LiEzRnGgMh2ZTZ9rYW7HNkJwqFKsNn8JZU,0.75774402,52.48,0.75774402,52.91
LbjntpPPRjKGq2biA17Pypp1yYJi56bcM4,0.59827616,49.32,0.59827616,52.8
LQB3RhCDHw4A7k4vv3e4kD3kmWzEMzGiLi,0.61428928,55.14,0.61428928,52.79
LLHrLLVA5KiSP9ZV1sy5Fv8N1yvheG4R6N,0.77036546,51.91,0.77036546,52.77
LhLFhPjuKCZSGzuz24AhFU8d6V1uNdaGuh,0.5388205,52.71,0.5388205,52.71
LcCM1Lnr8LXT2EhnSqNbBzSyNSKV5GhawS,0.61662735,54.66,0.61662735,52.69
LLxWefpPN2owPKfpvb764DsRGC6vYKKcbv,0.6199,52.69,0.6199,52.69
LVoBssrBd8jbEJkfNxQf39gtGEx2r8hHJq,0.63898637,52.68,0.63898637,52.67
LZVqxqYt9DsBBj1pYYFzAQ3dcgkV95vBfD,0.7953511,51.56,0.7953511,52.59
LdGLM7nM9wMBru46CgpHFaGu6jEzTxx6Cn,0.7107,50.04,0.7107,52.57
LhN6dWhua15eQXqzxEPbv2YzZGBU3fVnMM,0.80412162,52.53,0.80412162,52.53
LZfPcZiFAqNH2J6TeKSmVoMiFpJq8r2NqT,0.84047665,54.35,0.84047665,52.5
LcgykuCKwapDcyVhuPbYhxGGPsC9YmpMFi,0.83793393,52.99,0.83793393,52.48
Lg2RzCZsCQjGUAPHL8wLfANsoCCHc57fGd,0.68722379,50.87,0.68722379,52.46
LVh7sA9jKfcdGoETaaaHNfT4PH7wSUjBaf,0.74966906,52.92,0.74966906,52.45
LXJBwj5vwmPQLtNhjpHpEBfxuvGP8K1oFX,0.80234696,52.47,0.80234696,52.42
LTUxPD1PSB9syaDc8vfkxe6fn4MDn3gMsD,0.72552838,51.46,0.72552838,52.4
LXeAi1QCz85TvNyJS5Sc8Byckzo7kQz8oS,0.679,49.16,0.679,52.4
LLCRMJDJB1Xg43bmBUMGPbVvsdt8Vi53Bs,0.480419,52.39,0.480419,52.39
LQX7KJinSrCuoWCitDsYmiXd3ntDEm23w5,0.611,53.01,0.611,52.39
LeWyNnWRZYJUyh1kKWyUHaa5GBcdQD1TF2,0.61312476,50.79,0.61312476,52.39
LauAzzQamqb8EUjawMhXHWJoqdiyAUKQUQ,0.81778632,50.29,0.81778632,52.38
LRQAQL3BsMMPi7VnoBkB2QsZ7YFUCntYwA,0.83130715,52.37,0.83130715,52.37
LLga8mcEUXgZDE9QCp7LDK8xnXrBfmPGgm,0.52168782,51.04,0.52168782,52.31
Li9dKzYtpqDXSHgD6KRezee5FbsQekW9s5,0.7999,52.31,0.7999,52.26
LMkxgbswqUVUMzUWsPkXYXjWVMDfKACJgT,0.83,52.25,0.83,52.25
LdzPBW6VfvTgQg489mZjVMqBSSkqYRDvQT,0.72979,49.67,0.72979,52.22
LcdoftN1mexSJPQpZVCAmPg5GKLxqCRidJ,0.64184517,52.54,0.64184517,52.19
Ld2brd5AuZQkPtasAmzJhxv7iqVcx1Zdot,0.73696054,53.75,0.73696054,52.14
LQBf4xhjswnLMFUSgqo9jacmCKRoQN1xKd,0.68187229,49.72,0.68187229,52.05
LSxf2BhaJGvgtRftU8ZSQ2Cq5ntTjpX7KM,0.59043143,52.02,0.59043143,52.02
LaZqEyAitfVNRQjZFZABbW2ZkBNGEazTjG,0.52829006,51.99,0.52829006,51.99
LdHA3gqoR3d4fMYWKC4AdvaXvLe6e9HaRS,0.48681921,51.98,0.48681921,51.98
LXnYmdCsp5RptBvMx6RCHt5UyNGqKSyWfC,0.72344454,52.34,0.72344454,51.97
LaTK9VDyxnKAystQN5o3bRbB1f2AEHK3bz,0.61094598,49.34,0.61094598,51.95
LeVarw8icQ45jBSPgJjRiUQqujfSfsE3Z8,0.52953489,51.91,0.52953489,51.91
LSiCgEWFxiL9UrAX8sGziRoGyns7BCizpx,0.57275447,50.34,0.57275447,51.89
LWiorGvDgWWtHnYD3fut76K26qb3xECp7A,0.71356959,48.68,0.71356959,51.87
LXtMtJozVLiJDdDK8L5ZgHz2yqPtNCygfQ,0.6100523,51.85,0.6100523,51.85
LUNWtEUQjMbXA6RjZdQKCZZqffxpsAvv6x,0.7133826,51.83,0.7133826,51.83
LhMz67t8NzC4o8uXuvspfVBEboy1hWSYRU,0.5310292,51.79,0.5310292,51.79
LZGU1rQTC23hwh1w37whXqX7oHr3p5RGiS,0.71653377,49.43,0.71653377,51.74
LhZwVTcocrHutRUpgTTxGeANy1tHKWRztz,0.64904957,52.25,0.64904957,51.71
LWvn8wENoRaHk6otSHMDjHHtQAaTeKA2EH,0.72982941,51.19,0.72982941,51.71
Lbb1iFuNrLE4XnPDJbzMoEKaaig6zyKcWa,0.66999,49.81,0.66999,51.7
LfnwnKrfhwtCDVpiYUVw9LBGHf2g8CeFW1,0.6180056,51.65,0.6180056,51.65
LRqWYGJpkZ1tqvNSiUjm2dwVM1qzVyARCY,0.60833385,48.62,0.60833385,51.64
LPgBdnZABFvtHpHWsRbx8sk1Vr1Zh72oFK,0.82656662,53.45,0.82656662,51.64
LdhJN8mAUCYjSnGGxkCgjJaUpDqcvWZwUA,0.7622263,50.04,0.7622263,51.62
LYjF3x6b4Bf9AGEgx9bfbh8yGMotTQGci3,0.63,56.03,0.63,51.62
LcrqLgXnCLaJScQWg1y3GrcVnNApUUiynj,0.70305902,49.93,0.70305902,51.52
LXFb7raDhdQo6AqDV7W9dUoLWsR2sQhBko,0.58411492,58.12,0.58411492,51.51
LeQb4tcxkQ135hPpPadgkcPPeSFcvnNHZB,0.83287511,51.5,0.83287511,51.5
LZd8yYnzfjh9CebKjKs7rZpHL6ehiJ7jag,0.60267829,49.92,0.60267829,51.49
LNd5GJxVTL2Pk35SSiFRQ8DUPesCcdkLjE,0.58899205,51.56,0.58899205,51.48
LRmjqPwZNmjqC8XHSnT3nMabbk8krANnBk,0.71588939,50.27,0.71588939,51.47
LWpymANxcTG1dXxzx2gFWgyYvp7WRTyUpZ,0.60460481,48.89,0.60460481,51.41
LWx1W1e56thw6nghXM1WPk5UACK3UgyS53,0.64119798,50.96,0.64119798,51.4
LNYNYqKS4WTtGedCeRrLhScEp44F9dZE9v,0.58410294,50.16,0.58410294,51.4
LRHtUxg8YcxAPtD3YUjG2iH8X8iCc1G8rm,0.71,51.39,0.71,51.39
LLxdXECvXxRjVKQyB7DZpYbw2JwL31oTG5,0.78651208,51.38,0.78651208,51.38
LRqQzn86koJeDQrJTjGNgssphb2pLFs5t6,0.78969726,51.33,0.78969726,51.33
LQxBJVYSGTqrdiVu8KCwGMoYdQAKQ1oFdU,0.7343523,51.85,0.7343523,51.29
LUzgb9JVS87V9f9EmQT5pQ9ts2M1aDjfXZ,0.71113817,51.26,0.71113817,51.26
LiEfeF7MJq8CxdaczwGYoqzABZd6432nqW,0.83969846,52.11,0.83969846,51.17
LQXHXeJDkk5TdYYBQqLD2TmzDAqdLzZpVx,0.67007007,48.45,0.67007007,51.15
LXGq4kvfPCprgeeJ35zP79scBQC74zD6WR,0.63326776,51.14,0.63326776,51.14
LaN2j7Yjkan7k7JLqyJqrgVNQNsPR8BtJK,0.5999,51.14,0.5999,51.14
LRZgw5ApKRBZk3t6sv8eXjf5UtnmYUNeHf,0.64137897,51.13,0.64137897,51.13
LZF56zWF7Mw5rXKXbVurdRN7HvYx1wXRgf,0.82647338,54.07,0.82647338,51.12
LaN3uiohRsJgKLE8A8B65LaK9xPvyzyb6y,0.7104,49.84,0.7104,51.1
LWGam3ude54BZVAaWNGDWbZQMgT96rTbrP,0.6972808,51.07,0.6972808,51.07
LVLgEDtpU3KRVq8VHz84X7ngJ5Bpqkohd4,0.8299,50.96,0.8299,51.06
Lgg5erFe1vGu7YqDRvFUAJP3wD3DWpTjbe,0.62478325,50.0,0.62478325,51.02
LNc7D5kauSs6AxkkXhwYKbpw1p4mo9npG5,0.6499,50.24,0.6499,51.02
LU9938fNN7GXTFaeP5SYhZahVg1N43CjME,0.72845663,49.53,0.72845663,51.01
LcroASCUQxWonqCn7fXPNXFL8FeBdY5BVm,0.7051442,49.19,0.7051442,50.99
LdkzKyLibauJLrqyJroHEFTLA2SR52zV4u,0.6525703,50.98,0.6525703,50.98
LPwi1gF6UtBkfeLXjXfUtYAeCpkWxqdkXQ,0.72876764,51.22,0.72876764,50.9
Lap64ostACzu32KhE3J7JfSv9ZMaBfBibb,0.60595728,47.73,0.60595728,50.8
LhMHK3AzvAKEbNBcjARxTH6eRkuKowfcgM,0.65794781,51.64,0.65794781,50.77
Lecyy5Ro7pGJFpn94R6kKzRSYf94Rbymqh,0.70739342,50.47,0.70739342,50.76
LWizZsScNKxecN2i3JZHkpjSF2Te1rDt82,0.70498019,45.96,0.70498019,50.74
LYULqX2RTYKoijWY1vQiQD9cau4Abu67RJ,0.68594546,48.13,0.68594546,50.74
LMiaHaiJQVdVD68S7R5uJA4STpubQpp1tA,0.72302558,51.83,0.72302558,50.72
LWMjAALXyW5fS6EXYSf5Q7oawEKVuKew4p,0.728,51.39,0.728,50.71
Lh8v9kciZwPeuXfgvuDNtxS7M1Kmemw1ZF,0.80702107,50.17,0.80702107,50.71
LWRP1Qv9jBmuRbHPPcmENYZCXpzuXGn2jS,0.63204872,51.63,0.63204872,50.7
LWexz3WbABmYaR1crgwvj8d4DbscGj2Gb4,0.81339664,51.05,0.81339664,50.68
LXwpdjG2QaAT1fCd4unoez8rWnqf8YUuVL,0.704294,49.41,0.704294,50.66
LdnLh1d4pkpVCFXNsSfKHy6SGpGWjbkBah,0.66612479,50.65,0.66612479,50.65
LaR7qTPPiT93o7TmkxHvnmf6HYAN2stcEB,0.77490435,49.63,0.77490435,50.62
LSWUWLePqcSzooJYXSgqkutSGen8vuxQcj,0.69411468,50.68,0.69411468,50.62
LTi9Tkk16jk6BjrY4VWP23FS2KrhNEiQE3,0.61968151,50.08,0.61968151,50.62
Lgi6N2xX8GJezmdaBcZjFa1HpQ1E9kRgU6,0.62787233,50.48,0.62787233,50.61
LRCv7V4K1rwre23Yf8VuhTgKSqjLfowQnp,0.645,55.96,0.645,50.6
LNghEjkc8kHhRcenZ24g1ss2iDjWG185YD,0,0,0.655614,50.59
Lb4MXNpSvtMA1gEHECD5aFbrG1YYGRBpin,0.699,50.59,0.699,50.59
LPFixtCkJQkcfzHmaW3mSiVVtGMjcdadck,0.628,50.21,0.628,50.55
LQLCWBp7gcM3fbZFTp1ehji71Te7hSMk3J,0.6276184,50.52,0.6276184,50.52
LX1xbmy1SEzdBmDPb2HM4Wx9XDZ2MkjaV3,0.77252094,50.52,0.77252094,50.52
LZwbJLBV7shdTuChirxy4DgAHojT1ZLREg,0.74567165,50.5,0.74567165,50.5
Lbd41NrhRGD2qBy3jEN8v1DeA2swHNBzHM,0.72151929,50.9,0.72151929,50.49
LVbz4mfwPyM4Jpaih8mBcA3pvaFpHH5S17,0,0,0.573697,50.49
LdL2S7wRzkpgUGwRHbxJ5pS9gQK53HYkbu,0.59398856,50.48,0.59398856,50.48
LcdsV3AVLvfD7u2BnCPbDJwLSDKmy2aCos,0.6923,49.33,0.6923,50.48
LVrTEzSRHx2EH4ivGM2tXs6Va7L86kV7u3,0.60199998,49.63,0.60199998,50.47
LUDXSA32ZijfKvJc6oZpuYN1ejEa7qtTbh,0.63048571,50.55,0.63048571,50.46
LeTX9uRyJnhwU4AaTXdC7oJ8dcXGvF53gm,0.63045057,50.54,0.63045057,50.45
LNBQLnJoq8VbcjoJk3bHn4k5AK5uLD1rbn,0.60373221,50.7,0.60373221,50.42
LYRGia5X4Yr6wwM2UuMwicQgBznFoFRypL,0.64204895,49.86,0.64204895,50.41
LedyJqeFX5zN2yW4gm6xVLTvpj3jcmeYQ3,0.62861739,49.96,0.62861739,50.4
LXjZ2N3HhtmJYUGeDtc8w9K9rFQXYzxdcJ,0.58076,49.9,0.58076,50.39
LZVSBTRUk8r8XQd1MtFrdTuP2UhhMeJGj3,0.79914708,52.8,0.79914708,50.39
LLHa4vwV7e2AtfZhHnNPX5VD5XdTBSW9M5,0.6033111,50.94,0.6033111,50.36
LWGueQG8RqAdZetJcnVFyet2UYVdZMUB9X,0.58485038,50.36,0.58485038,50.36
LN3egckMCL7VSfvrvBPoqEZ5Tw28mdFzpa,0.72107592,48.57,0.72107592,50.35
LU28HhTKRBVCjDtaMcK7pe9hiFYcXY1EUz,0.6319048,50.34,0.6319048,50.34
LYoiV6ABiVjDA263YsqXQZJEpa2GtaZEm3,0.775345,48.43,0.775345,50.34
La5giissVLDiM2yZ4W2yvhzH5KTDnSBYmT,0.72298244,47.57,0.72298244,50.32
LdX72zFweKwNJM9ajeY89dVV6t2Xgbgqm6,0.76940832,47.59,0.76940832,50.32
Lh8DbzxArnLexrQiK6mHYoxZAiaaceWyFf,0.699,51.01,0.699,50.31
LLezNxK2aPRBX7bCRFXVCfgVNP1dzrWaaY,0.76244697,55.63,0.76244697,50.31
LVjp6jetSQBZPs2mntQev8rx4XbomWVdKM,0.56113738,50.31,0.56113738,50.31
Lg3nqjoCXtcZ2V8d42UCynPKDyuDUYBeaT,0.77585785,49.47,0.77585785,50.31
LZJpXJxfWw1zAtjEgxwnqsunBFZvpW2ukK,0.70503271,49.13,0.70503271,50.3
La9QjTQs3e2xMqJyCgKAHqvBmXAQVcShPQ,0.7143801,49.14,0.7143801,50.3
LYCRFR7S8RCu3gpDEDhXWUFdX6yqWPDZL5,0.73468747,50.0,0.73468747,50.27
LTALzjZzJXorAxK7UkLdUxheK9rspAwHdN,0.6009333,49.78,0.6009333,50.27
LdFUfCWRGEkihXwEuro45Cx2tCCd8oXoAL,0.6009,49.77,0.6009,50.27
LL4MEGnXx5sQbZudSubDiH3HsrEWqvgD6Q,0.59122451,50.4,0.59122451,50.25
LVZWqPLiE174iGKkKbZ7TVdWaP8Lxp2oNN,0.6499,51.78,0.6499,50.24
LPfjhU6wVqj9WxttuXNUbgecnvceBX5s3Y,0.753146,50.42,0.753146,50.24
LLyxafh6h9EnTJHzYufRXi8ZukDwZxiJ8f,0.76009501,48.85,0.76009501,50.24
LSAw4p1tGWgM9nu6xuG3gf2i4caDrXhjbQ,0.70413098,49.06,0.70413098,50.24
LUrDGQebRnKxyMY1oEjj3mrzLccowvM37N,0.674324,49.88,0.674324,50.22
LcXRLTR2iNT14HwHufiyq8nz6f21kZdHJr,0.57527501,46.12,0.57527501,50.22
LgAB94FLS1db6pX3aYZrqiGEYcLnDZTDfj,0.76485402,50.47,0.76485402,50.21
LLha3cfYhsvWzMMrBXKGfvUjg6vkVu7kBK,0.75169836,49.6,0.75169836,50.2
LdiWcG5ahogurSnqKwAKfAEGi6fdndTK8A,0.62356675,50.2,0.62356675,50.2
LWAhcfsGiZbJ1h2DQATw76MC3wmkRDAhxe,0.6784,49.55,0.6784,50.19
Lb9ssiT3ZJ8ZXVZ487yzmCKo6jQsYybgPK,0.8011782,50.67,0.8011782,50.18
LgSAQCAsyqmnfhWEgB38Sg8twaCT9SfCsK,0.67254593,49.88,0.67254593,50.17
LaMojUesAiQSmLGzqvpLaoxWiM7h2xsRai,0.803096,50.17,0.803096,50.17
LLPsvpzVXssZCxjNPCDgVaAEt6VNu9wFXs,0.6724,49.87,0.6724,50.16
LPTTk1zJwmjT2Rj2xwTvVeN1FEf4maxfLY,0.58486772,45.88,0.58486772,50.15
LWVtWeQQdsGLzCKNidm1AkjKbsjxNAZ1Tj,0.61187705,54.42,0.61187705,50.13
LSbkTv5MURAJXQWSSc6EvCpYxwgRzSmvfQ,0.6264,52.32,0.6264,50.13
LRkyYQAMYQdZQdDLwouwGpSoEPoocdM726,0.7729904,50.11,0.7729904,50.11
LcJd5nMPuDGJdW2vgbHLE8yKDpZKTKaZSB,0.6199,50.1,0.6199,50.1
LLEghWxKi47t7wsRA6G6fUZfWYj1REUdA2,0.58428074,45.84,0.58428074,50.1
Lf8ZwiE7TRN6jADQtjadtN5NWXS8bNLSyk,0.70829,49.23,0.70829,50.09
Laut6dhPXt6z6vEfe6jz22w3AQU8SJfgEs,0.67691058,49.44,0.67691058,50.08
LP6iEJGmFkPSs8JSgbn3NEj63kwz5xeurd,0.60159993,49.7,0.60159993,50.04
LRmd1MkbBVQSJtCM6ve2jvKUDnYFsuJbYq,0.59668963,49.19,0.59668963,50.03
LhrEzWCqSbLqFWWYbg2gCq61pnLBz1ftEd,0.69464976,48.69,0.69464976,50.0
LgzHwvsb8WFgsbSGFXaTW8mevue4cYYPfB,0.508391,49.99,0.508391,49.99
LNHtV37GPtZ9toWT1xf8oScDHQ2hXJnDNo,0.798101,49.99,0.798101,49.99
LSJ4J3jMwurSnFEBXyj6C5wied4xFVqaxy,0.50775207,49.97,0.50775207,49.97
Lce3mNGeJaAhzWHN77XGMZuH3xv9aCp8TH,0.65228602,51.52,0.65228602,49.97
LPyhdGL7DRtu9x5VSWdKhuwLiFqM6BGTUG,0.647351,50.81,0.647351,49.96
LTge3LEngDMzv3rAFfwcFdA9b58U7a7FqB,0.614285,50.16,0.614285,49.95
Lhad8dkDhNgbCaH54HqHCZooCpxmvVS7xh,0.70011543,48.78,0.70011543,49.95
LZRd4SAvaCLsBXT4ren4VcSn9wafLyR63d,0.69398762,49.95,0.69398762,49.95
LgBVT5RPLtJG7sefriDoGD5NVYkGNKz3JR,0.58768377,50.18,0.58768377,49.95
LPzSK4jqpAB5EsVwYMujqNoPXxsYGgd4BZ,0.75119509,49.95,0.75119509,49.95
LQ6z8LgJxjQCJgYpVbhxrbKozoeh28bDT9,0.731267,49.94,0.731267,49.94
LZMh7Czx4jC22fi8gnZuRZMQhKEP5ayZph,0.6456086,62.97,0.6456086,49.92
LQwLfcq7s4NxFXwU5DNo81YgVLFFTpSWxv,0.58131157,49.92,0.58131157,49.92
LWMUD46PGJWPqnTVEpyBeK8oqRyzY8qzVy,0.58801028,43.8,0.58801028,49.92
LPptqGBcLrrrmVNWimaHwZyQVPRpU4NvWu,0.7087,48.75,0.7087,49.9
LcdLaXjesZG4VWKdWR4adc2418F4Uw1ZgN,0.835064,50.71,0.835064,49.88
LdANsJNCwmgNb9icjU4925QrS9EpcUby87,0.613286,50.08,0.613286,49.87
LgdYcyq1w9fDCs6yJtyxAfn5Fi8DUTZtzL,0.78528892,49.83,0.78528892,49.83
Ld2w73LCHEoCNs1CasCz42fyHzt2jsuXfu,0.61802897,49.83,0.61802897,49.83
LL2CZipAPqgC41op4M7pRTajvvV7vr9NhJ,0.622277,49.89,0.622277,49.8
LgZSvQF8QakYf8jzveMQUgdGQ3eV3NacmU,0.73545697,49.24,0.73545697,49.8
LbtPGc1SWv8nbGBDMA5z3Bkpb2JYGzFECw,0.7254408,50.23,0.7254408,49.78
LQJd5i7KJsRo34kuiLeVMJpKLqTcb42AyL,0.735,49.77,0.735,49.77
LX9GizX37pGKh5XCKnhHC8sooWqiBqA5zx,0.5934343,49.94,0.5934343,49.75
LL1rxSfje2vusS7zGASxookc8x8SNMdCL8,0.6194887,49.75,0.6194887,49.75
LXrE6D3gQSuyEMVmH5EZGXeuXDjxWuxkJh,0.73462235,49.18,0.73462235,49.74
LKna4HE2CPsPJDEnyWmVsprdzunhbAPEkv,0.56115982,49.74,0.56115982,49.74
LcTd9XAkZweuTdJGJAiSck3Az5gVNwt2XC,0.58525,49.74,0.58525,49.74
LVZc2eEqLgSVWVd85GFevhfmDBa1yryfX7,0.57982334,49.74,0.57982334,49.74
LgHpos59WLSQhGDWNynfpR8CtCu49TbTKp,0.61159942,49.94,0.61159942,49.74
Lfov2iU1vvWLJhgtarWciPNUmHG6rZK2ra,0.615284,49.71,0.615284,49.73
LbUBDWx5MGiZZCxkbR5WRMK2HtKy5z5Jk4,0.59306747,49.91,0.59306747,49.72
LexugmF3WMEcMGthyKkxZ4GHmYeSxogKoA,0.73607328,49.14,0.73607328,49.72
LM9rESBPDp97J7JXQmPvdPFnPZWQGHaG2A,0.64420608,47.53,0.64420608,49.71
LWhgwfP5zb8BZPABP4HufMwrT3UQdoKxR2,0.70050021,49.46,0.70050021,49.71
LQSMFj6JCff6StcS5YNwCu8EYCEpmdQju4,0.77228581,49.09,0.77228581,49.7
LUcgRxYYYBqpcnpKzBStg5kx557YT8gPbY,0,0,0.722428,49.7
LQyro28kP2vmSZgAQ5nu4WiZ5MXba3QNRa,0.6966736,49.68,0.6966736,49.67
LfbWUhCDD9vRfEjJhdRbQBKY8Cd5YFFhPk,0.60804108,49.67,0.60804108,49.67
LQxtTzGf878NyZVTBFhoDNR9nAVnfY5bjb,0.58435791,49.9,0.58435791,49.67
LhGQtjQdPJkHfzWPTcXfBgUU1DZUuVtfpQ,0.67323471,49.66,0.67323471,49.66
Lbz51NGAtwhDzoEqJvi5LBWVL2VUQB6vuu,0.713,50.83,0.713,49.66
LSdCcGHAqpScjU3hi4KYg4dEAGcY1RUK68,0.59453163,49.93,0.59453163,49.66
LYDshsWAPEa9vPNfuu49EMao6cC5rmh1Cy,0.48082829,48.66,0.48082829,49.66
LSTRApbzJr8W8AziAXLzVrQaxPrwX6rLTc,0.687311,48.87,0.687311,49.64
LX2BCdTinNc8ZnjDNDQEgRpURAeQ5fY34m,0.59732369,49.64,0.59732369,49.64
LRFyTQ5Kn7v72zP7A64oMn4taYGMbBzKw2,0.58358015,49.62,0.58358015,49.62
LNkuCSGUNz1A79AbvV9Xvg4gBntk2jyFfE,0.685313,52.89,0.685313,49.6
LLXtJfuNxRLMRqnh5sHNqvksv1HNnDP17n,0.71097665,49.04,0.71097665,49.6
LhJ5i9j7aRJ9nLt4b4gf4wQBP9SmsEtzHK,0.88412498,49.59,0.88412498,49.59
LfJPDzSHcW22PKfwk1paxCSfhGrydQBtAS,0.577,48.54,0.577,49.58
LQffeiNMPRB2oibHJKyGBq7ZsRm6gewQ34,0.68013079,49.84,0.68013079,49.58
LKTWfu8CmQJA5j8Bsq5hZqmzCjRVQhvSih,0.5903117,50.07,0.5903117,49.58
LYbzNn7WP8TV3A44fkQyKDEh4Kp5CyP6NV,0.54723624,49.57,0.54723624,49.57
LUERGExfpYcv71wAxa7tAHChtP149xZg3F,0.73215,50.12,0.73215,49.57
LboFnfW7aSzfrAQFAJmQkT3DLrYR2KYjVz,0.66148754,49.57,0.66148754,49.57
LiQmaSABoJ8p6JStd9LdYdQcL2XegNTrNN,0.68616215,49.56,0.68616215,49.56
Lds3tNa8etkmXPvtpbJq55dZTPUUBfrjFF,0.613286,49.18,0.613286,49.53
LUo1KD9fQjJbhSr91UAVKFSvAeLpdrarn4,0.59251205,49.44,0.59251205,49.52
LVkF1AHoyFtnHZftii1WGzW95ZNXVsw7Yy,0.58230435,49.5,0.58230435,49.5
LS3mkkmYBP4ewidf4RWxZ1k6u6ZAn3Gwbo,0.62517416,49.08,0.62517416,49.48
LaogJJk13vhXjtMmVH5Uy6H47xUNCn5KZG,0.51150698,52.82,0.51150698,49.47
LbJojUUyGSDDFeTEj7B9Buvnh4SL6MtTiv,0.57886001,49.65,0.57886001,49.46
LV4RENRA57MxQnJUVxzuuLbDth5mHH1dtP,0.68291021,49.62,0.68291021,49.43
LVWr4dKL4QWXS3z8xUJtotDhS3fnwADjxm,0.5920514,49.99,0.5920514,49.42
LW6u8GyUSkbT9UpN82UUZHn64c1sWrG5GW,0.67445387,49.4,0.67445387,49.4
LRMuPC6xYQLPfEvzddrZbPvWdu27wodo6X,0.67980033,52.46,0.67980033,49.39
LPP53k1Ni4sa4fk4dvhR7nVCZKf2V5C6JN,0.7318366,50.08,0.7318366,49.38
LMTtEAunhVyNijvggLh6qC91bR52n4sF1F,0.73310829,49.09,0.73310829,49.38
LhnuUh7FfJETmQjf2esgnqwqf4Hwm5qPMN,0.73172911,50.07,0.73172911,49.38
LLHC8fbvtpeLeuJWHfzLA3nPNzhqLvQrth,0.7255,47.52,0.7255,49.37
LLKcbk743hTNgt3QawS9mXxR4HgGFLiJdw,0.74391842,50.28,0.74391842,49.35
LMpJsca7RqK4GTKCdvPrSc8HYtucMUHFDJ,0.74379005,50.27,0.74379005,49.34
LLpDaT1bCiyDYBziRqerGKAr9jMivQab5H,0.6058,49.31,0.6058,49.32
LewxqWq2LUZTy6uHTPuPq7wsLfFHYBTCxe,0.70608132,50.1,0.70608132,49.32
LTVW6nKYsJjqtAwTQB1aH69b2B7JmgDkVG,0.6101964,49.3,0.6101964,49.32
LMYKENnJ6eiUcEP5xFU2zpJC97221SS71Z,0.592307,50.35,0.592307,49.31
LSWHKjJvGeRfcgery85V5otE2xRh6f1Lr4,0.706045,50.26,0.706045,49.3
LQBDmvidsxy65Y2vntfsWYPyDKUWLA5TXn,0.54399166,49.28,0.54399166,49.28
LSpuQTUqgP2QNL2tpycuioYY6M81XCkTM6,0.59030304,49.84,0.59030304,49.28
LTAY6jubGgcy2m8twqXdE7Ju6vJkc1wX64,0.59009454,49.1,0.59009454,49.26
LXeA5pAgGeLY32FAHYZBFGV96ixAyghcc8,0.57944576,48.77,0.57944576,49.25
Lghjten6nzGDHNbd1s2Kye8bJgTDu3Jhtq,0.60916179,49.21,0.60916179,49.23
LXcE5yEHJgsQcge7ed7PDt3GA7HGpP6s5z,0.60537434,49.56,0.60537434,49.23
Lbroz8WqKbjp2aNk9CkGB574myG867Kmxy,0.7016995,50.3,0.7016995,49.22
Ley8NCWN8dQVkm5KgQRkXGj788L1FLiB6c,0.75462116,55.06,0.75462116,49.22
LdVAGzF3HoLMm4LDr3hZoeQWpxS8TszLf5,0.730702,49.22,0.730702,49.22
LMwu2MgitQTeiinKZdRazm86pP1An6f29k,0.4958887,49.2,0.4958887,49.2
LQipGRP1yDigM3wr6yed8Uhwk9MykYpNY7,0.7954,52.04,0.7954,49.2
LWY6Wh1fbioipSijnKLrSWEgbrnVfSArRT,0.58907533,49.74,0.58907533,49.18
LgY3UYnDQgZwQY1ZscUotpxoZWMTF2wj38,0.58538943,49.1,0.58538943,49.16
LRRDaZaBKnktiMy1pKNoAXgEsUr4eiMGfi,0.65600288,47.82,0.65600288,49.16
LbnrZGXCNb6B82WKMuTneV2oRgbiFfB35z,0.57535962,47.66,0.57535962,49.16
LNbBH5bMaBjjd9dZQBJTxEYY8FHJkrrzW5,0.614185,49.24,0.614185,49.15
LNzvpiJXGXhHu8MA2bTjs1QWL1vA8gKr2d,0.73916,49.15,0.73916,49.15
Le8N1zJy3uhu1MrrrAshpWyAdktLAPtZmn,0.63683984,46.44,0.63683984,49.14
Lg5TdeGGzQTryM4BZWyeLvdqaj5JPN38Jt,0.5804,49.13,0.5804,49.13
Le63A7zhR9wyKi3XCmaANxhJLaiRLKkFX2,0.6823351,49.79,0.6823351,49.11
LV6hxTT6T4Uv989SJaRDfbckzKLkAZPrzE,0.66027277,49.11,0.66027277,49.11
LWy6oVwhybQsVxTVavDdMRJZamZpvP32DD,0.72904605,52.31,0.72904605,49.11
LU59XTNBj7PWZ9CTzGRgCQjAjW3s47Y7Qh,0.76302843,49.85,0.76302843,49.11
LWZkTrEcmTejLXitEUeiPLAezs65yow3Qz,0.54172445,48.57,0.54172445,49.07
LNzGHng4FajeUKXXmP3BvugGJDgt1x2hQM,0.73961064,49.99,0.73961064,49.07
LRWKHXQ7whw9o2AqkXTHYRpVERtEU4QbbQ,0.773,49.05,0.773,49.05
LXC7YxVdZ12GLRLZVHntN89bNqEXwjgbnW,0.74439861,48.46,0.74439861,49.04
LVo24vkZjWSHRouZyaZF4E6oW7biZxLtc7,0.62935984,48.41,0.62935984,49.03
LNgRTbyzQ1DEFt8Wn3MLrLKzAqnYqFbhUK,0.68653987,50.25,0.68653987,49.0
LWhLRxRRv2Q7NsGgoVr21agm7KegFkYT93,0.59463067,49.0,0.59463067,49.0
Le1f9jh4jCMYC3iriELQk3yFwL2VXzB5RP,0.72424228,48.7,0.72424228,48.98
LgjWfhG8gtByp6CDCvzETQ9CLgYVq3pM6U,0.69063707,50.51,0.69063707,48.98
Leq9DUS24btHFxYAHT1jVKLDwYLhqmFpwA,0.47134554,41.21,0.47134554,48.96
LLRja1yGXQ1Vv4CguCEhUfJa9WE3X2UYkw,0.6105,50.99,0.6105,48.94
LMn6SqJfyAhKPfG6ZeYceCydtGxzWaWd7X,0.764135,48.94,0.764135,48.94
LQaipBSUVdCa1NRL7hnppcmzAmFd3j67a8,0.66148979,45.58,0.66148979,48.93
LQtCbQ16MWmrYrKQKhtEX8XGtvykk7a1CU,0.69346751,49.02,0.69346751,48.92
Lc7CWZsFKj1xaeL8WbZovtfpDC2BdZ9XG1,0.58557143,49.18,0.58557143,48.91
LUPm4cPm7bxmPMm1GS3dLNJk3kpTFb7pCC,0.678318,47.33,0.678318,48.88
LYXDjsYF5DW2M8T6ub6QY7c4EhYNKdpVwL,0.68672091,51.42,0.68672091,48.83
LQ5yRoSs56XDZPyd5oE9FQiPmxLaDWkLjS,0.699,49.13,0.699,48.83
LRyo22QWHzaDzJ2qWvJr87meWnD78TX5KJ,0.68403826,47.66,0.68403826,48.81
Lfi1JV56KKB66nSy976wZ7fASADAW5ypwM,0.73092963,50.02,0.73092963,48.8
LY8s41sbYFR9z3eUxWNPEkU2moViaM7c7F,0,0,0.472159,48.76
LdbUayH1bGznpvJ9Pmm3vQbi1ZpCrdcPpi,0.58140053,48.74,0.58140053,48.74
LLFKboZb6Vw9f6mexA1SjJ1M1MhjU4rVCi,0.46404564,48.73,0.46404564,48.73
LhJkqQFrHkoU9zNbjSukGMRdZXNksH3dG3,0.71528312,49.68,0.71528312,48.72
LR75UwzVLRAgu6obg9chSLbghgH7z93xfo,0.75581426,50.13,0.75581426,48.68
LeGF7AkcPPciWN65xqpqNpfchminPFXuhj,0.54067187,45.86,0.54067187,48.68
LVxBYqHzssgEKDsh9knJNa24fug1gosbKh,0.72905403,49.2,0.72905403,48.67
LRmuRG2xY763utyiquLDvoETHDeSTgD83y,0.7599,48.2,0.7599,48.67
LUWquD8waeAAHK5CMh6bJZEP4vp9KQ2rNU,0.584315,49.67,0.584315,48.64
LM3SAwDBXXBLhG7ykwgRqbDnA7a8sc5osj,0.49713853,48.64,0.49713853,48.64
LX2NQYA2xRFXGvYPQmtjJveJNwWo9NQe1k,0.53683823,48.13,0.53683823,48.63
LXs1BkVnefsTnfGVXFPo6BZGVev9mds1fm,0.54854635,45.22,0.54854635,48.62
LcEytMn4EfCKjACaDNRLsPAQCHV6v322yR,0.679,48.58,0.679,48.58
LX2pmashHJm1Gv2SaAJ1SQ83h6mZWKhnDa,0.70422311,51.27,0.70422311,48.57
LKWRsq2ok6zSoMwsJJsuwPUKmsZzJLjRGH,0,0,0.58377,48.52
LgxPeHGxaGHk3fdKxvFHe8cBBLhJUSn8uE,0.70907491,48.01,0.70907491,48.42
LUqBruKcQJQoLrqqX4pt8yvR1EmUg9Wui8,0.6791879,49.1,0.6791879,48.42
LKTZEXqG363Y23K4j84yyb3R6tMQYGaDAQ,0.57302418,48.76,0.57302418,48.36
LPXANLF8945SDShnpvYoKZJisibWaV4jzz,0.66,48.34,0.66,48.34
LZxXGc1UDBwYFY87rAKW83xFrKxPyg8eRZ,0.70891203,49.23,0.70891203,48.28
LdMcuCCATy2nF7t3zuqCzf51FzkjMSnXJQ,0.71580048,47.88,0.71580048,48.26
LfXzw8LrKLfV8VAY9oeKGscYeyJF4zm6Z5,0.52362454,52.29,0.52362454,48.24
LgkArgRenaB3hV6JPjvyrPJhA5CqWL4kfg,0.5123,49.06,0.5123,48.21
LV5e8fSspfzgyXYFEYAagygd4CUSwe7CPC,0.579363,48.37,0.579363,48.15
Li18B5EPsK4u4DDxUo1jp8b5tPwTBipsQh,0.696,49.53,0.696,48.13
LNC52CDWp1nTrAFT4BQmnt61sh6hhP91w9,0.74709094,49.56,0.74709094,48.12
LNoz6FzQTMsiyG6QFAYQrKYZNs4SoXsJ7W,0.66833793,48.04,0.66833793,48.11
LYeG2maALEYqp192zHLdEwEuMo4zV4y639,0.67881386,48.32,0.67881386,48.1
LVayovp1hFX3vR5UdetwGV7TdvhRVW6579,0.67639684,48.08,0.67639684,48.08
LTQkzgRkBAhptvwhTeNoNZC93KHWzL3GVp,0.62428712,47.92,0.62428712,48.07
LPDguKQA5vSMv7d6xQzedXMCXUJvmBf2pc,0.656342,48.06,0.656342,48.06
Lgmx124askQ2mGrBUAyteYsPMNaNuFXie1,0.6088,49.57,0.6088,47.96
LWPHubSH298xPpk6ed4jDc73jAz5GNT3oS,0.68457222,46.92,0.68457222,47.89
LfaGNVQTRsWLnKwBeKZbjkBnpyJBK3hZVk,0.67571986,49.28,0.67571986,47.88
LVYoBBSzE7ivdZY119kMqqmUuKriCBrSiN,0.54011598,44.51,0.54011598,47.88
LhTA9hwPfHDEs4cNe4jhMN24wdnEmoTP6Z,0,0,0.693667,47.84
LTZVBDnutoACSb3Ers2SwvSBjnV3iQUHJ3,0.75389638,47.83,0.75389638,47.83
LRexoJC8Uf4P3H6jNtTRwr5jgZXb3mJpGf,0.66992459,46.68,0.66992459,47.8
LTmfdj4MkScL9WYPSd2msecgDUt49sYHU5,0.6812874,48.84,0.6812874,47.79
LTGtvL68YYvY3CTtpBwadoiCanY5uQv3Vy,0.75518788,49.8,0.75518788,47.79
LSWiYxF2aBV1vwAuAUgTm9zva3J48DaC8z,0.73691968,48.71,0.73691968,47.77
LL3v9ayifGNtsPEEA9RAuDve9UHUitz8Gc,0.66907661,48.37,0.66907661,47.75
LXmscvUfkYvwdvD4FCPPVKptuxiHVqEkGP,0.74139475,47.72,0.74139475,47.72
LRB37AtFfdP8ThJ4jDbQ5LNXwdDDciifFX,0.7010745,47.71,0.7010745,47.71
LRRWyrm4EfUfpMwPSdFUN5eBFP4wsBFy5V,0.66997066,47.62,0.66997066,47.62
LhkVPUDhmJQbvp87KVSaUbPxs8o6QbeWVy,0.6872796,47.61,0.6872796,47.61
LRdBMpSoQTYcGGEDyENbGymeAqwM4bsRT5,0.686114,47.53,0.686114,47.53
LaCYsm6ND6rfcLn7NjuRFLHXBtEzeXV2mD,0.55907534,47.52,0.55907534,47.52
LSoSoRFa2UXDkkiKEYCniVfWsnEyTzVMmh,0.71922544,47.76,0.71922544,47.46
LZ5iJb21DtttymWSdkozd8rfYyA83HQrGA,0.68033958,50.75,0.68033958,47.41
LV5vBEfFeUHhRqtPntmk3YK4rzwQya3xBe,0.71458031,47.41,0.71458031,47.41
LLsBUesvYkSf2oJDje8fTd9C43o6VyRMGR,0.73893688,46.87,0.73893688,47.33
LYzXSnr65BXxF4gfHRb9EcSSDSMcc9hGXM,0.647034,47.32,0.647034,47.32
LZpXKXRXwnZi7SQoDWtFxj5zvhYpuB2ivX,0.74398584,48.33,0.74398584,47.3
LZW6g2p6R5Nu1S4RPkj8oYJGuXbGY1qEsT,0.55591046,46.95,0.55591046,47.25
LTankPc5nUQEkv3xwdtn7pkpEbekUC8Hfs,0.706372,47.12,0.706372,47.12
LagU4gwVZXXnHoVdAM4EwkoPHKf6rvQ56f,0.45704182,48.8,0.45704182,47.08
LXi4SKy2qxpAXkVzMdTqHpszfFvVTFvtzN,0.6151512,45.05,0.6151512,47.07
LWumfcLrQPgeY51Rg9BpptNu1d6uQRgc11,0.47433655,49.81,0.47433655,47.06
Lc5HNSGebrsXChVSJAHt3jN5qavWq7nsY3,0.62715678,48.11,0.62715678,47.02
LQtajag9rZPcwW6xiEtKJiLss3FQz146Jo,0.73443203,47.57,0.73443203,46.97
LSVk9p37Q413UzQ39ruaoeJ5QXt72w2KdT,0.74467508,49.2,0.74467508,46.95
LghdXtpDZprSDtMSzUXQ47AwFsDcLany19,0.64098556,46.95,0.64098556,46.95
LZH9rQwQBCUigUvEjemBsa7YaAApncGAzD,0.53177652,46.93,0.53177652,46.93
LNH6TE1zLUJF8UBcPWi2f97jGbbwYMPaBh,0.74521332,46.91,0.74521332,46.91
Lb8XLuozYSVmJFVYdZP4qiwDNsDHVGP7wH,0.7448746,46.89,0.7448746,46.89
LfUoDkwJqNdMMfzfrSGbXnt6PxHKLNGyff,0.70753696,47.06,0.70753696,46.88
LPUco5kF9STMV1sjMRRyXnSTE6hYPbCZqx,0.5422,49.6,0.5422,46.87
LcQ17Er9UCM6SdBABNPkLimBckn8wUXqnB,0.70995941,51.8,0.70995941,46.85
LXaVoQVM3XuUzExvYpjLZkWz5Ruve1y9kj,0.61000523,49.58,0.61000523,46.82
LSuKh49WBZyS2zVY3GUB7AedeLpBPRELne,0.45327013,45.88,0.45327013,46.81
LQgD5L6EcS5npBV8tRHmwMfBZiuPWAFUCX,0.69284209,49.71,0.69284209,46.67
LYkFmJw3JLQNicFaBzQABWSGwR7x4fA87t,0.64835,43.43,0.64835,46.67
LcNCCjQThztwaZoNzwjSQ8bheFXikDFxcH,0.69264068,46.66,0.69264068,46.66
LLDbSCk2oACet1RwZNPtUvk5mGiVwE38q7,0.59431177,45.95,0.59431177,46.65
LXFyE974Wrb5cbMNhymi9gTFu9Fcwz43fs,0.60321037,51.94,0.60321037,46.65
LUgMLP4dwWhF89pAssEWrXh8EkxpGDTGJi,0.71289445,45.88,0.71289445,46.63
LS4ytric29mD7AmmsddaTfDuRKFDmXFowo,0.54915592,43.89,0.54915592,46.62
LUCd5eFGHCJDRvcABxHhgo6hCMP1AzTv4E,0.63,43.34,0.63,46.6
LVx1F79nrAZiyqKPXrro1tuns4wqoFs47W,0.68733228,45.36,0.68733228,46.55
LMJAkFpT7tQtuo5EanZ4DeXmL7j48v3kHk,0.55731888,46.5,0.55731888,46.5
LewYnBcdKBXBqQEjTnxNr3ZGR6XywdN8YV,0.57917337,47.31,0.57917337,46.46
LYgLMjnXYmhR3qrs2nYsTEfuxy1JyBRrGq,0.51684155,50.4,0.51684155,46.4
LPJPvxqj7ifnXmoyN6BDocePKXmKmNHUHM,0.73768017,46.35,0.73768017,46.35
LL8EWicJ9ikSBeaU94YEuHDSJTBUF7Cerf,0.71045034,51.83,0.71045034,46.34
LRzo7Rah7nDAYzK1kWg7dMEr6mkY8c2Myg,0.70995942,51.8,0.70995942,46.31
LZ8MsVpkzTBpzySzc3e7yRi1cBuKcYJw8w,0.4244,39.94,0.4244,46.29
LhSudZHsc4hk8fzcthxNaWR6yWJX1JKiSU,0.599,45.72,0.599,46.22
LKanSisDWep8Dx9yetkojSXJnpNBfzQ4hh,0.65132977,46.06,0.65132977,46.2
LePxMkSLKkbvN18UshPeDzRXMrRixEWR4k,0.52487596,47.61,0.52487596,46.19
LM792oCihDkTTUWN2kVLszeQ3GsWN3CrH3,0.57973183,46.67,0.57973183,46.19
LL3C8FMa8DJSDaNC4DCA8mL3F9bahh4Hby,0.74980513,46.05,0.74980513,46.13
LQUWtwgm38BFpcqa82TbKzrRvSy6XaXiMo,0.68999,45.08,0.68999,46.13
LfR1mmTpQiUGcPb6cmossKmzv2sRwnxb9n,0.73,46.08,0.73,46.08
LSHD4t1bqGfYxeomBdAULjE3dzYhz1f2nR,0.46439393,46.07,0.46439393,46.07
LgbQhGq2QhwHkrYAzCvpNtAgph4mzRXmkC,0,0,0.697835,46.05
LZffpDTXRh86Dt5FiCpN3gcCMKaPYgfdvn,0.65,45.36,0.65,46.02
LKTZ9qQ9UwnBrBnBtzQ64CAX1GZr6y7QxU,0.63924318,45.18,0.63924318,46.01
Li2JRnVRs4mDD7mxu1HcxLuqBgrUhZheWc,0.61852178,47.54,0.61852178,45.97
LZnApTQQsH76efNhWLA365VaDrn9aboPpb,0.54045112,45.94,0.54045112,45.93
Laz5a7FN4obzSDKCsJBxDMixcf3HwruHVG,0.65888444,49.15,0.65888444,45.91
LTsaj5TuTpL1VKYH2Xtp7fVq6FtoyNyMjw,0.7,45.42,0.7,45.88
LXVrtjnAtz2Pt53BKbpsiPJGAyinmPxVuz,0.53511289,45.88,0.53511289,45.88
LcW16bzPwweG8nfcZUMe4P1pQjgJSPKH4x,0.64624962,45.79,0.64624962,45.84
LKExCBuFd8sqGUNK4KRVzUefpGqC2dwQwj,0.6348261,45.79,0.6348261,45.83
LQekjVFFrHnSuwCMxwdTMg8HUfc3VzCeDr,0.46180685,45.82,0.46180685,45.82
LTCp4iR99AtCSLLnbBxafyschMBKcYXiiM,0.5934357,44.12,0.5934357,45.8
LaTi2ep2nv6kPL3AxPr5HL4sheuucvYvE7,0.56227081,45.78,0.56227081,45.78
LZ5w7Bip4Qb8brCR8eXtFRBxdXmgWhceJj,0.50936719,47.92,0.50936719,45.73
LcCgGJyoeJE3MCz2x6H2LiVXEV8foHyDgj,0.46060124,45.7,0.46060124,45.7
LguEpwLrMXFHEsSdzF6ZEXtwfseJaBMmeo,0.4278926,45.69,0.4278926,45.69
LP3f6S88Mkod8SkZx3xySPytaE1DguMSeo,0.65868263,45.63,0.65868263,45.63
LhmEYQz1YKksZUF12meNs4fMph9Lc7WgUo,0.63383987,44.25,0.63383987,45.59
LiTBJeSfmE9J5KGhkv9wtozYUVzrw5kpFc,0,0,0.532838,45.53
LVvhwFge33L2CwUvywkbc7mxFpKyaDXAh6,0.56416319,45.11,0.56416319,45.42
LWSh1YagxgDn1vJmKY15s7QEtrppV61Tow,0.67157276,45.35,0.67157276,45.35
LYW8sQuCg7RARU3G8vqzALCQKimZ9pcySb,0.65545449,45.99,0.65545449,45.34
Le7aBegXEgxUBQRKDJy5S7oszWZzofp3aC,0.63595471,46.3,0.63595471,45.34
LT9b4Mka5CGWCH4YG6BpvqPQ9JLvszChYX,0.73255459,44.22,0.73255459,45.29
LftCZHZG51GxmVfyUEmarSCha8FTbUHPrt,0.72314975,45.29,0.72314975,45.29
LQYA8gi18Rn93vpi9S6Di2wMAPa3em9tkd,0.73207528,45.26,0.73207528,45.26
LNKyZKmYHjApbtpQeFriZELsVeCwmVvgKg,0.6980391,45.25,0.6980391,45.25
Lb6f6EnZFTgKigSKTiLNhMew75vsxg2ZE5,0.61197014,44.95,0.61197014,45.24
LgY3Q67KnNGM5ecALRRRPWFUzUxEu4e1Y1,0.63349053,45.2,0.63349053,45.2
LWRnUnsw7kPtRhKcrbhiPnXi5cLrE59vEx,0.61674353,45.19,0.61674353,45.19
LRZX7by1o2QXDXJaxVF3FFjSpDWhU74KGo,0.58424063,45.18,0.58424063,45.18
LdhLCiP4hnXVmurt5HJEwc5E2QbJk98g3w,0,0,0.582581,45.04
LXYjkbcZ6oiz5H4uWgmGxwhcNpGSbrByvV,0.69907,44.44,0.69907,44.99
LLoPdpe3Gkk1ZciBjB1Jhkw2aUtDacwCdF,0.5273373,44.95,0.5273373,44.95
LS6vTYtKDWar1FMAkwL9gGTZcjobhfJMYy,0.65189722,43.89,0.65189722,44.93
LTweZ32XJxcUB1xhQ4hyGuPSoPKkn8V4yQ,0.58060871,49.99,0.58060871,44.9
Lhn1jf2Ehz37vVw69cMDYK8MrAhX6rEzUG,0.62370504,44.83,0.62370504,44.89
LZrmYMg7iShS9irTAAvipRiKBEyKGf3DBS,0.68324056,44.98,0.68324056,44.85
LXw271Vo6cEzPu6QV9KKRvw2JemUL4AQ8w,0.45606044,44.84,0.45606044,44.85
LcLiY5q2yUU99YxSMQD2NNjkzNbRqTBbMH,0.50951543,44.82,0.50951543,44.85
LVWMD9bqQYdiK8wJWZht2EXGfisY4qq7Zm,0.64734442,44.84,0.64734442,44.84
LfaWGEh3ExysomyzMPXEuj6A6fayaqgXBT,0.64881495,44.12,0.64881495,44.82
LWdoQP4n2i6yh8wmAAWpfW7oh44bCrGWGT,0.6677523,44.94,0.6677523,44.81
LhLNHKdULVu2xAZ1VN2QouafuPLtYkvUGo,0.52428752,43.43,0.52428752,44.8
LLvaLBrjvyj1Gw5cGSJ7Rp4eNCGxKHhqoB,0.60477824,42.43,0.60477824,44.74
LTbCbpSdDM9guACmzE6jnkRmMXRt7KSCL6,0.5969142,44.73,0.5969142,44.73
LeMKVFDNMtFYE6AhXP7HNKpBFBHrust955,0.56880556,44.65,0.56880556,44.65
Lc2VtcUFCtmmGJvC1mRuNKyWyz8qSRz9d9,0.5778781,42.77,0.5778781,44.59
LKqrqNjQQpPdjkAAhngeLmJhVxggF4n3L5,0.62848183,44.58,0.62848183,44.58
LZgYoy9Hyo5MifaByEunBqGT7f3ZzXaW7T,0.632167,44.19,0.632167,44.57
LW7g43RtGdTyN4wcPHempEZtSZaDSYRPt4,0.72055087,47.14,0.72055087,44.57
LPn9zXh1ziTFPeBcW2EKtjANyaak7h8hH1,0.72040672,44.54,0.72040672,44.54
Lhg9g7hsEDcHDSPXbE5h6RTqZWgAgGG4qt,0.70892121,44.54,0.70892121,44.54
LR1titfpfgjFbuESBH4QFipyQTVzNnfZRT,0.66122534,44.54,0.66122534,44.54
LNFU3u7snr5XiC2icHWGfJV4MxnSr1u9GX,0.60186513,43.96,0.60186513,44.53
LehQsAax71GoratAdLwkJMpUtAAckpyf2M,0.60359492,43.86,0.60359492,44.53
LKfDW1guDS3a5o9MVbFvY2Zor84hjVx6mu,0.43881498,44.35,0.43881498,44.45
LSnAvMgyuTqzEqpLiJDZKqhQ7mBoQPwhn2,0.67950495,44.44,0.67950495,44.44
Lb8FbsqQfZ9Hzj4bYd2AtU5dzeef4wfTft,0.55009431,44.43,0.55009431,44.43
LgkQQAknDySFjiL1PD6FrWRnd3hhvQNXrA,0.57563988,39.85,0.57563988,44.42
LV8f5sPfdN1tRmmJputqVURBGexstXTCjR,0.58449337,42.62,0.58449337,44.42
LY8rsVCCDNKKK6HX2PYfsVwXcJzg7wob1i,0.62116868,44.29,0.62116868,44.32
LV8JRDjtNLiZ3NgaMNZ7hR931F6MoDkzWy,0.59098446,46.12,0.59098446,44.31
LU5YLeEkwsGLXi98rdfMfHkP76zzwRnJor,0.7028472,44.49,0.7028472,44.19
LWtZgiUfQjxtWT7715KbaevQGioWkjke3S,0.552105,44.04,0.552105,44.18
LLg82VaDGZKe9GNctoW8UvLSk2rD7259qJ,0.6135858,39.44,0.6135858,44.17
LdX5Ppre2sJo5CX4suebV718tVC7ppu3Xq,0.6939904,44.12,0.6939904,44.12
LX4es3XagfpbCUkXUk9Mu3pFevGBtcbPm9,0.64729039,44.95,0.64729039,44.09
Lc724fe7spTBxtSn5fqQwDjM3eCVtAUbyY,0.51682816,43.1,0.51682816,44.06
LhuWnZ4N5sSBo1y8CdB38CcNvXHdhwkzF9,0.67838414,43.17,0.67838414,44.06
LYeyg8v4zr71rE3HDWt7hskDkcg6bN3dVp,0.646,44.86,0.646,44.0
LSQfzEuSko6FArUAqVNh2gHJaHmpQGuBhs,0.66286297,44.8,0.66286297,43.97
LV9KkNvjg2bi1Bdjz2PFJZGgyJ6cSA4q7y,0.69689048,43.94,0.69689048,43.94
Lahd5KKcvSvFajxeanWadtxUghRQ6rTNNx,0,0,0.618542,43.87
LZXDbWhxvwWdKnZHo7HTs1ucZerKkoc62C,0.64419319,43.84,0.64419319,43.84
Lcu87UJ9CBv1YWPzEBWKHi2DoBmatF9zTK,0.55176912,43.39,0.55176912,43.82
LQ15d4nHcSTrsjZ2nufE6cfAxdFYfuL4mn,0.56642963,55.95,0.56642963,43.8
LcUH3y1A5gyPHaCxoiocd6qBbT481VGP7R,0.49714147,45.09,0.49714147,43.75
LLZJRmuUDPGvmE2EeTjmuFTvV3eDkbEkqc,0.49710894,43.75,0.49710894,43.75
LNHPWxWU3XwWdfcjYGKDmoTAZVyoq3TsXk,0.64185833,46.2,0.64185833,43.72
LZfEpU6WBHWn5DUoh5P1KapQdV21gBBH3s,0.67852073,44.33,0.67852073,43.67
LeLdL8USBuvcxbA2BjjvhPxBzxcDhu7JsF,0.48200813,43.22,0.48200813,43.67
LYMN66C2LQXF5NRy8wJJTJLCpEeak2KsuN,0.66937649,43.7,0.66937649,43.66
LX7zi2ZxzZxkMEHKJPPsucvYsoLNor1oXX,0.42030051,36.75,0.42030051,43.66
LRY9XVp6VHaka8WcUrhNUy7nJiB2UkaXWU,0.49248035,41.03,0.49248035,43.65
LXTS9SKRUG45BLdzHULvKs6ZDSTTaH1K3C,0.54768797,44.09,0.54768797,43.63
LL6rFwVc3JuuwnLT9nK9xtwBHguTNj62Tw,0.49534768,42.54,0.49534768,43.59
LXwkByo6udP9RdbD63en2B7dtwSaawC1TS,0.49582222,44.3,0.49582222,43.56
LPVmUjgdx8GDNmRxjX5kq2AdNumzcDHRb6,0.58247,42.32,0.58247,43.55
Le4sJjjWdw26oTXgTfGCFE7ar3o9TtjQXU,0.5499,43.17,0.5499,43.52
LbX9CycEuUHE9PLFonvxyFLB5Mb55adebc,0.60960451,42.48,0.60960451,43.5
LV4iZmNcEG7fX1UXp8PGTwMk5scVBzQBKC,0.53029813,43.45,0.53029813,43.45
LLkXGSD8SDLXy7dcnkoj75LPmhKKFyzvHr,0.6899,43.43,0.6899,43.43
LZBCy3FaUzAAoNNZ6yrxwK6B7oquckmzUU,0.431792,42.98,0.431792,43.42
La2QYZ2z7pCt7zERZFjmV4hm6RszSfd5rX,0.54449889,43.41,0.54449889,43.41
LMRFRGV9rQABavjK3zoRiHdedB7FzJqMjQ,0.44364248,43.4,0.44364248,43.4
LdcKxKJdnuKyZJtnoTJy3PTpZMYrVsG51e,0.61512323,42.22,0.61512323,43.39
La9CoMgvASKQKELxPMPbpMEicBmN7Bzqvr,0.5414331,43.39,0.5414331,43.39
LNLs6uQNrjt2PpCLMjrc8xbfXQ85bDsvE6,0.60060624,44.19,0.60060624,43.38
LWWHn9imHbfgdmujsWjiwyYNoLpjcVPsDJ,0.4409883,43.38,0.4409883,43.38
LVPuExG19kuHfTSmcKrm7wq5o9XdiF4an5,0.56088607,55.4,0.56088607,43.37
LZyLyJnNje9zCsnjXEJRJMetyfeiRJdRtS,0.51015,42.93,0.51015,43.36
LLDmV46JfzgQ8QyNLWnvx6tgfWCtaDqs2X,0.63,44.91,0.63,43.34
LgjSLqBgcf3LENkcrsHvi7sPrKbvpN8vN4,0.53759827,43.54,0.53759827,43.33
LTPbsySZFxs67vdgu9RQqjCBXapv2VFG51,0.50068884,39.92,0.50068884,43.31
LKxPTSitZHj6qprzWwmZgofVvTxgQUP8UU,0.5072,42.61,0.5072,43.26
LUMaF4udGCAwAUG6T1XSJxUGGpvCuXvvLC,0.58927774,43.16,0.58927774,43.15
LdHnHxbcriVfDoeiR1ktLLQatodsK5yt9M,0.631,42.25,0.631,43.09
LW51EEkEeFaRXMaPPezSiedZ8bvXEHz6H8,0.6031091,43.13,0.6031091,43.08
LQ5dqAYNrKA8gcvqvdWG9RH3LmFmXLN8Gp,0.65863329,40.74,0.65863329,43.07
LZAWBs9AWNdCg5AFdUsX9TZTg7UerNvmyj,0.60672471,44.32,0.60672471,43.03
LU8nKW8hHQ8WwnnU4a4vMsNnZ2A6ur6jtQ,0.4139,36.19,0.4139,42.99
LQJExT1SeD4viJTqeMNwTwNCrkpGarkq1F,0.66222635,42.57,0.66222635,42.95
LSAkteAEHsN28eyVct9YpADUnppJiFkcYj,0.42293114,44.27,0.42293114,42.83
LMjgngrRxqZ1KWQFe9xERA72tQRtjLJ6FR,0.43514297,42.79,0.43514297,42.82
LTK3sXk3HTKuWcDmHEPhFDBvYxxaUakVuJ,0.59728953,43.83,0.59728953,42.78
LTxgRXrvvYojeFsS6DdXMktMoMPDYcWH5j,0.4824,40.44,0.4824,42.76
LTyLFuDMg5FC5QgfBJhmsi6uyLYgcpdVhv,0.4768295,39.77,0.4768295,42.75
LSFv91wLXDMaPMwgSoasG66ucmfKgD8ghd,0.59393445,39.79,0.59393445,42.75
LQDVehRugLLPy27QX1PRPz5bkv2Sn9Ew2d,0.54002971,43.26,0.54002971,42.75
LSE1Dje7B1CzLM9PibWNRrbr59aRN3nKR3,0.43805712,45.5,0.43805712,42.72
LUvDqpVpNuf7ShhEHg48VQJaF2mR9kyJ8u,0.50254755,37.43,0.50254755,42.66
LcXomp8jokVhqfDmdyNoHp5emHtKs4gkUA,0.47960224,44.41,0.47960224,42.66
LUXphXwEoqWzznmoRtadnfW1YKDfnJXu5v,0.58690891,42.59,0.58690891,42.59
Latv2eBa1sb87M1E6zYxYgVXAo8vAn8T4w,0.52706306,42.57,0.52706306,42.57
LNkVLYFzQebbikzVbLM2zrq88gXFeDEunX,0.67488893,42.54,0.67488893,42.54
LUg6ZnTPnD2Tf3eHBWTtcsXQsJ21YRYfmM,0.65111235,42.58,0.65111235,42.54
Lcy8Ty4nFV1eR7tJDVbX9o3CT5wp41eR6J,0.55,47.36,0.55,42.53
Lc6m54UxKwbN918UaA8b2ZmrUzsqxCePi9,0.69518939,42.51,0.69518939,42.51
LeuUFStMBA5MxE8hSrJFnyELPbHCa3xStD,0.5018,42.7,0.5018,42.51
LYEfHwPaWB7T9aLTchnSWoJcXcq4qDWbBR,0.59731935,44.73,0.59731935,42.47
Li8fjMrkrqZK7PAGN2tqGm64voNX36WNrE,0.59075375,39.57,0.59075375,42.46
LQv9gVkHw3YHoFfyJRB4qGwmHH577BAjae,0.62234138,43.27,0.62234138,42.45
LLreRXdVHSTgxgJALtjRouuWXr3hfjXSAi,0.52916569,43.96,0.52916569,42.45
LV8pdZeekhrcs2TYNoM2ZAgDkyfNoatxT6,0.6422295,43.03,0.6422295,42.39
LTvCWDcwnN1LxyQA4zuY7WM3jRUXZpXJHb,0,0,0.605394,42.29
LSSsx4LrE6Rm87KYiES4eBiHfV749ppdhY,0.70644252,43.21,0.70644252,42.2
LLBJyZ6Kwy8mg4m9xN5jwLWtTbYdQ2mziT,0.48153791,40.63,0.48153791,42.17
LXZFdKpxKNZCo24vNfV3b5f9aMxtzrgRzC,0.546447,39.85,0.546447,42.17
LQrmCbeyS6mbByzHi9eqT1RJpuTEagWaYh,0.51133313,42.16,0.51133313,42.15
LXyUqFv2MXiXsY97XPJxCw6KuS8ooWwWQS,0.65681887,42.01,0.65681887,42.12
LZKtYNzNznVPzbpzi1p6KKqfjcSNfJpxxB,0.64452436,42.11,0.64452436,42.11
LQyUAS5bmbin3opF9KvoheCtUQnyvcNRhY,0.52485629,43.6,0.52485629,42.1
LhBdghY2tRQnoJdQiwxELNzfgGamroK1gU,0.65275127,42.09,0.65275127,42.09
LMsAVWynarwYZAeLjRtzpjCEgHyWdCPtfH,0.61975038,41.46,0.61975038,42.05
LUqj3QwiYZEAL4YqCZtBa7MxAs4vfpzZdQ,0.50315619,41.87,0.50315619,42.0
LQEm2cNkZThdefcFAk9DxEQF7HMbzASBEz,0.641936,41.99,0.641936,41.99
LVrZQpZDjEPY8deNYnUFPDujXm9M6o6pz5,0.60015871,42.69,0.60015871,41.98
LdfG8j5Njt2y647DgPWx5y3DPekGQEban2,0.64742682,41.39,0.64742682,41.98
LN4ittgDKzcKp3SkhmqncRKGboF2VAhY8j,0.43014683,44.68,0.43014683,41.95
LWeRteqFHHgXi1gXwacqmKtZN9TppqMJzn,0.61404879,42.26,0.61404879,41.93
LWqCf9iEtYTJtDt6KFoFUWc1euE9bYKdXc,0.67112422,41.93,0.67112422,41.93
LQqwW4moRS7dxHbLaRDDEs4YXw5ZNRZVpS,0.62705841,41.92,0.62705841,41.92
LgiZF9YuhvuW3PgrKpD2Qu3vuZTn5nMTGQ,0.49315813,42.14,0.49315813,41.92
Lf7i19mDcBsp1bWga6ToRoDP6fufLAd3fi,0.56657558,39.89,0.56657558,41.91
LXuhGVtRaagiY5Jgrgm4TLfWSbmCXSS1w1,0.49740875,41.88,0.49740875,41.88
LhLQ2Kkb8bkERXjVoE6Z4WfERdaQNBVADP,0.5629904,42.4,0.5629904,41.88
LMtaMXELuBTrpWsWoPTtnvjtZ8cTGv3cLc,0.58094306,44.17,0.58094306,41.87
LZaThwjKCEPLhv5hw6Wt5U1Wo7yQiKZfWy,0.56939937,40.09,0.56939937,41.86
LQGZ1iqT2zoRDNXNji6bVxpjpE3kDSx9J2,0.54228917,38.78,0.54228917,41.85
LWcGtz36bjzxQ28ddwv6J8KnbnkfV2LPgD,0.5900656,43.03,0.5900656,41.85
LUg7kwVFDjaoBiKsvT2KrKNx11GHfWZbJV,0.70453188,42.63,0.70453188,41.84
LXmdcZWGNXdwftetVk36sNErceuyzu4Ud3,0.58841,44.28,0.58841,41.84
LQzNSqYGoRMrKjmYTU3BMmka1EKhxzd4ri,0.56379065,40.86,0.56379065,41.83
LcT13H9GsiVXeLPequnNhm1gDgC7wkruBh,0.62391072,41.46,0.62391072,41.83
LejDntV5Q4dxf7B9fRSvR2owcun5GN773t,0.48996932,41.11,0.48996932,41.76
LVajkPcE3GdDzvpL5o5SuekFiQFpN4aZ1y,0.39749458,41.74,0.39749458,41.74
LMgyFhZiZG7Kp3saUeAVLdGMNp4qL9FxSc,0.58798122,41.7,0.58798122,41.7
LPXzzFSoyF3rB1TDV2tvQXVWPWDuKfxyZt,0.50013754,40.62,0.50013754,41.69
LW1264bimeuNfUy3K61kkbcoq5ztKHxXaz,0.492,42.69,0.492,41.65
LZ7vM9NmCvD9PSWd4pYAPvAYppuRjEMBu5,0.4906,41.37,0.4906,41.64
LL1DGDGTkxSn4Mhr77Xwqdx1zmoHJ18NaH,0.49773172,41.6,0.49773172,41.6
LcQzvV73jVEqYLsrkYZgx8ha4WzjJzcdQS,0.56558499,41.85,0.56558499,41.55
LQwAiYNbNeena63SZ89P4PtM5VuGbrJUwj,0.42938017,41.88,0.42938017,41.53
LWMGbY6zZbw9BNp3ySx7iAzNmdweTfpZLu,0.51786131,40.26,0.51786131,41.52
LVsjWzCW9TLWW8MoUNjWzaN2F3wfbG5ttM,0.64718986,39.8,0.64718986,41.45
LNbXBJ6u7uFoS6bUdywmyzRcap8jVgA1P4,0.65292177,41.43,0.65292177,41.43
Lbi9uhdYnhtaeYy9RTQNytWihfNCy8zjuK,0.59247562,41.98,0.59247562,41.37
LKZaoYakbpUznKzxik8jkNH9eTmPsfzb9P,0.57811391,41.36,0.57811391,41.36
LaUBbuXN41Kb5FCCVuwhkrNzVUqM32YEpE,0.6067912,41.96,0.6067912,41.33
LZzLBZorfo15XXS8dQNZPsw3qtxFaGvyML,0.48500225,40.81,0.48500225,41.32
LXoLiffxWedxNhCQFEQyG3TRwP4az1Y7vV,0.456,38.88,0.456,41.31
LMtYnuXEttJJqNwGw7vA1L4STGDrEssiYx,0.5899,40.43,0.5899,41.26
LXWr8cwEeckJGreNvQfxCre7nMxjkngUyS,0.51349938,41.95,0.51349938,41.19
LQ8YpscF1xJxtfJ8wQvoo3rRGNJEhjhxQh,0.5693952,39.87,0.5693952,41.17
LPNh1EyN7S6oxeY1PCJKTtKq9zDYCUg8U7,0.4677848,38.33,0.4677848,41.17
LQp5nMUTX8nrTMDnnffEQzzWts7L9J9c8p,0.533403,39.66,0.533403,41.16
LcZiZXCRj19RyHMJQYah6cmSBVyFxYJ3fP,0.58004729,40.28,0.58004729,41.16
Lg9uux3EPYG9Tdh5YgVs5awRvmi8Jz92tF,0.60267529,41.16,0.60267529,41.16
Lbdqwnz65xVYSMZ8T7uyynAtkbyvZS3HwA,0.55582965,39.82,0.55582965,41.13
LcbH8npSBquPkCgNtjBp1PadK6rvaH9FXc,0.5326759,39.43,0.5326759,41.11
LQxq8jBkLu4VFqAtd7m2qUjwkWugvSXWQB,0.46707146,40.11,0.46707146,41.1
LYZUCH7bqQk1ECzWC8ynXUGzbTWq8Qm2w7,0.58067434,41.29,0.58067434,41.0
LMNGtVmwYzormmLwfUEdTmaLezJbTUwusm,0.5172705,40.61,0.5172705,40.94
LSHj2LskCHj1Wro8eyGccvrPcniY4wZepW,0.46167735,38.04,0.46167735,40.92
LYp3EJmLzLYkEmsJVnhdLgEgBW1uj3U71Y,0.51060712,42.99,0.51060712,40.91
LcMw5u1YFDh99RQPp7w2nG7udqTTsMmquL,0.60734077,43.58,0.60734077,40.91
LNzjPt7V7Cico4QBatx7RNWrMgpmALDe9u,0.64915447,40.86,0.64915447,40.86
LPxAmjdx5TYnh1qepaFqF44xHauWQ6qrq5,0.47741193,39.34,0.47741193,40.79
LQpR3Rc22j526s4WhKv7vg1LJM8F36exWH,0.505,40.37,0.505,40.78
LVBSNQZNzCRH4CFaRFqj5NJs2NL8v8EuwY,0.47646036,39.86,0.47646036,40.71
LSLcqfuMcgxjH2iVkx3Cx36JgH5SiiesQg,0.52724072,38.12,0.52724072,40.69
LPDNAGpxy9WxvDJnQZg3rHuNQoenJkyV5G,0.61630179,40.62,0.61630179,40.62
LfwE3jhysQw47DUVKhxfLdFWjGMnxmBTuN,0.6338,38.98,0.6338,40.59
LQksxCpWLj5KvbsVd1wxApkvu81pfLzq1d,0.46556521,41.01,0.46556521,40.59
Lcjhp5gYUKkog7BTrYzKzMopvRoF8hgJu8,0.61450452,40.81,0.61450452,40.55
LcZ5X3TwQ7vVYVxsEn3t3XUDe3xhv9YJYc,0.48346019,38.08,0.48346019,40.53
LTuW6CewzFPzZJE8bpWQKQxZptXx6d3W7P,0.56845304,40.54,0.56845304,40.53
LPVUQWyETsFjUqYwtFPW6obFS5BbP9SdhE,0.56221143,40.41,0.56221143,40.47
LSNpLrR999QQqoy1zhTedCSkLrg62CAFA7,0.52325201,51.68,0.52325201,40.46
LgZizYWT8rEPaYbwC8yfaugk5jpSCiSpFx,0.48696829,39.06,0.48696829,40.42
LUfoSqg5SjZUKC5hVhzmzS8oo2GWMWBMtf,0.4502,42.35,0.4502,40.41
LPtsQgCwiaKrp2GNYPfUBEWYXrZ4bZ35V4,0.5667,39.53,0.5667,40.4
LgsUT33cosgMYjQ3pB5AzNaXdLbt6YGfTE,0.47230716,40.35,0.47230716,40.35
LVQdyWdqy1qMZmRm77jTbPvdnLRHyhd6YT,0.45503206,37.49,0.45503206,40.33
LSVF3nUXQppNCsLyqdtd2TUEiekPpTtEVr,0.59860214,40.32,0.59860214,40.32
Lh9YVpHyQ5bX4atf28f8z6YEWPbRS3wrGJ,0.51235685,39.8,0.51235685,40.3
LN78fWYMKeLw77xxRqohL3K9n6iYUeeyZp,0.65146289,39.33,0.65146289,40.28
LVVXYdYQ4BCb3dz8rwcHkj9WsUyAEJCCLi,0.569,40.19,0.569,40.28
LdhPEZTfEw93RmbA9YJiLevyeWEweMJp5R,0.44900994,37.45,0.44900994,40.26
LLbfDigp8KR7ohr9PEh8wE6RsomLf2mEek,0.56873747,39.53,0.56873747,40.22
LXvkh8W3uQgtZiQzvKmaaK5r9bKr88K86c,0.42698478,38.68,0.42698478,40.18
LbB2g2WF2z8ysvvDkS3QYRAy8F2YYUkJ2H,0.467531,39.33,0.467531,40.17
LRngqqvheVo9avfBaD1Kd42wdUDzrcxort,0.65606364,39.98,0.65606364,40.17
LUngig51JiowYnnB4ygPzWNN6SHF3XqhMJ,0.47247819,40.16,0.47247819,40.16
LhtqbpwQVHV7J8wMSrs4SNivpCsCdnRFRT,0.4699,40.31,0.4699,40.15
Lgw8X1QQu5xxSFBeMuWoc2JXcZuyjYAxfs,0.60840277,40.4,0.60840277,40.15
LPhXqXYN9Ch9PUsgVHCPeEAmK3XHpMMLPS,0.62859485,40.43,0.62859485,40.13
LgQZ1urRq3u1gH45V9t5X7hhhdhfduMBcn,0.549115,39.06,0.549115,40.13
LSqUSuZ99R2i9uat2mXzmjAz21hgEQbqCe,0.60668978,40.11,0.60668978,40.11
LgerG2rNY1dCLuQJkLXXvovtHjD1LFi6dR,0.51976851,36.4,0.51976851,40.11
LPFcZot1Hn21WcrXxm5xxBEYWtvyjYr8A4,0.6180255,40.07,0.6180255,40.07
LLEeCGdacTuJY4Ppoq1T4udXciyfgWFWZz,0.48574642,40.05,0.48574642,40.05
LXm2h28FrsRdevMstFnU29vPKPxavKiDvn,0.55430414,40.79,0.55430414,40.04
LXYCjSxZTbJnydmtD2iHKQHDuuuu8aNTzP,0.62140335,41.21,0.62140335,40.02
LWHxj61i6xW43ot3512GqdYQ1Hxu5w8Pbt,0.5265,39.81,0.5265,40.02
LgpR2EWEQ69PJdMcqQ1LKozmut67n8VU7K,0.5713472,40.01,0.5713472,40.01
LXqzkZF4QbxiJx7YA7FLgSrD4Dd5PYUJaW,0.5922522,39.54,0.5922522,40.01
LfNk9d4KvNjZdebnmmbe9AUKizEw3xWaAr,0.56097125,39.3,0.56097125,40.0
LR539SgWAZzqEEJh2hMKvRju148o284CLX,0.5699,39.98,0.5699,39.98
LaXg3XdgG98qBWnQxexaz5shbibmpdaeKF,0.57220097,39.97,0.57220097,39.97
Lheuh1dX7ckn66bqiSgnGE9tuQvkeNkVtt,0.491408,40.13,0.491408,39.96
LQAZg93wA81Q8JSEWGukP8bnR6h89ZPsDv,0.61547801,38.18,0.61547801,39.96
LWphgzn3ZzL4mJCPSywDPu5CPdca7tKLeh,0.50921433,43.76,0.50921433,39.95
LhmxppJPkB5XgT2CA1TfWbCazUZvrZc4iF,0.62358261,38.35,0.62358261,39.94
LV56E9LsREMKaUDH41UrDkeQaaTXLWeGKB,0.55487723,39.88,0.55487723,39.94
LatEudCiyMSbFXTkuri5Q2Ft4cv81YB9S3,0.40955418,39.94,0.40955418,39.94
LPCZZZJYZCkZxLjTngBTPSFvLwggvYx5zA,0.59560844,39.38,0.59560844,39.94
Lfcf3gdGo3wGnHeqb8LvSjnHbhQNGTvpAS,0.59815992,40.11,0.59815992,39.93
LP55LL1Dk3aDn3A2yn435Sa3CHkJwYcU5A,0.48996792,39.88,0.48996792,39.89
LLRU2rTKFk2aw61g4veRptynYbPBL2LPMy,0.64828834,39.81,0.64828834,39.88
Lgw5MMxLTgDrQFQDTFPAZ4dc5TPArgtmSw,0.55200644,40.62,0.55200644,39.87
LZNDDMPtfAy9y6e383KrSKeCqLrq2sDw6g,0.55430479,38.89,0.55430479,39.87
LLirnMgWYLRymwDC32QPS3xDUbV2vYUAbK,0.38378594,33.55,0.38378594,39.86
LWvYtcNafofduPo9Bx3tvShiV8ZE4qveGL,0.54763496,39.69,0.54763496,39.85
LVRQ2HRAWpL4yHPMENC7GmAa6LeZzHRSff,0.50467523,39.82,0.50467523,39.82
LfVtaSk83AjNLvjakhCtjtpvMZEhSoHr88,0.468431,39.82,0.468431,39.81
LiEMnHTetWehHPoAJELSoiXorQSmz1P9q5,0.50274535,39.47,0.50274535,39.79
LSvGzz5nAwqt2YKna6QeivENRPay98W1qd,0.5699,39.47,0.5699,39.79
LU3RU1en1cwwKr5KFSWsRRc19vFtnqRLhm,0.59493121,38.29,0.59493121,39.74
LeRwCBjC86iEr48Nbvzc6xMiz3t6uTMHhA,0.46699435,37.76,0.46699435,39.71
LTXTyBFZwF4BEzvJK5AntJbWhm5ud9V8pd,0.451,38.73,0.451,39.69
Lh9ReRUVvequJUEqYX6mcfJTLQB84oBGYY,0.5592426,39.49,0.5592426,39.68
LRrhqqjVUXweqd3Gmr6DLpDWLybrN27ujR,0.58533693,39.41,0.58533693,39.67
LdUHDSTtpsaUF6mfDGxfZhsmm9GTrRvuSb,0.60079902,39.19,0.60079902,39.65
Lf8yZFFupiqD3GL5RigzKMRcdmuis71eKz,0.55581663,39.64,0.55581663,39.63
LWDHZzWt4xNcijxrTuXg9F9ecXSgcTZ1Dt,0.57200114,39.62,0.57200114,39.62
LSwrwsB6kEDz8WQs9VMVPSDRWeGJgWSfgG,0.56724183,40.39,0.56724183,39.62
LKcgf539LoYWtEkjAqCYKYfBr6ARBFdTgn,0.49095542,39.77,0.49095542,39.6
LQ5NsnpZmhDFM9XJymfYkyAVqFZaevXSvk,0.51689699,40.83,0.51689699,39.59
LWRHLVfECVh2o7huTP6yfo6QCUmVdBgRZc,0.592307,39.58,0.592307,39.58
LLnBu5gNoopVRcGYpHxepWsCuBYgoLStfq,0.40588395,42.16,0.40588395,39.58
LcLjnoGH6ugYy8anvHR6jNKZpBDXH8gcDq,0.55493896,39.57,0.55493896,39.57
LdcXrCPjBnxfsFNu6ZR6FfVuBiBxu15MjG,0.60704575,39.77,0.60704575,39.55
Lc7tsKnZD3BcRbZvB6FDAK68vihVBakCFB,0.54757517,39.67,0.54757517,39.55
LddrVFNwdu2iQCmBddKS7UrRzJjvrvw3ER,0.5399904,41.03,0.5399904,39.54
LgGvQ5v8VpKH8UmSZvuYDfZ2h17UXmbskP,0.63948967,39.54,0.63948967,39.54
LMnsLHAY9VNKuvAJ1wG4kwu6PzidKUm2LT,0.55427343,39.24,0.55427343,39.51
LiVgigTeP9FspoLveQRHgSZJQmKNW6FZYu,0.48569369,39.5,0.48569369,39.5
LZJLmoYzaBny87jLgJT4MRxvvTddYT9qXu,0.51130257,37.28,0.51130257,39.46
LNYmg3Ynh1GVN5f4NRcidXnjCZxKtWZjVi,0.502396,39.98,0.502396,39.41
LZU7cgSK9nMYNtpZ5AVKMQtDse17QdA1To,0.5294545,39.38,0.5294545,39.38
LcibpEyomtwQ2gKrXaH8BLQXB8qHHY4Q7k,0.471585,39.24,0.471585,39.37
LZcmAgnEfZ2x3F54Qj5PBUYKL9e6kpqtG6,0.58283278,39.66,0.58283278,39.33
LYMfw2QjY3xUXjRqAZsrcaJEZx8wsVMQsp,0.59134978,39.32,0.59134978,39.32
LN8762pqjPefX7YpGbF1UB24fjB5t6LYgL,0.42405589,41.0,0.42405589,39.29
LSPKUwxjbacktQ9ytcD38EXhzq7RLLDXjs,0.62730499,39.67,0.62730499,39.29
LV62pHtZdEK7vaVUVkqCDuqMH5QvFZJsyK,0.61323862,37.71,0.61323862,39.28
LgQYXQhbBbuHQiPL6yqfZToAoKjJt51BzA,0.4169,39.0,0.4169,39.23
LZS9X4MaCvPwWzRrUwwn4t87STshgue2vo,0.5067887,50.65,0.5067887,39.19
Lh7aF9iFzC7rbXdddCj1ykzj6Ftpj9ZVNm,0.58463269,38.18,0.58463269,39.15
LWGczwNmDjpY6h3Bbm9yG3uj6CZT5c86kq,0.4589,39.13,0.4589,39.13
LMxMm7BgYdzvVyTtE8LeTy9na7wbBWULYV,0.46793166,39.25,0.46793166,39.08
LXuk4qtLVrZ6fX6x3c7fvX7wJ9DtqQNkrt,0.52971825,39.08,0.52971825,39.08
LWYEHfFBHKxVLrgM2bCa9jWzDWf9rdg2cj,0.51033289,38.64,0.51033289,39.07
LbiQgGJvAYDD9zvqM9jGwdxpp1YbBsympg,0.5719,39.06,0.5719,39.06
LTrbRHopzaxZTmzfWZdjapsyLstsdC3v7u,0.45687129,39.19,0.45687129,39.04
Lb8UzaY4SGydYQkxY3ncvHzXaGNqVbvLki,0.42400223,42.12,0.42400223,39.04
LVWEFkxSWc2jApxSFbBfscfLN1VPaxKGkc,0.58468856,39.99,0.58468856,39.03
LTnHmXJAK2JdgurGzLwQmraTbz1NNPvaiB,0.4628,38.78,0.4628,38.98
LNYzdPQBt87cMPDAiUTMMfMRAw8HSENYn5,0.63012082,38.04,0.63012082,38.96
LZoznmukuw9s3ce31tcrUWZgL6GPGxqDDe,0.55230977,37.91,0.55230977,38.96
LYuoCLKWdAYg6686HUS9mDvLVrm13mFhxw,0.53417866,39.14,0.53417866,38.94
LdVBzGsgmXsfXjeF94DYEfAq46rgPkiphm,0.49589012,42.82,0.49589012,38.9
LS9ExqmGMjYRZrp543X1x51VXEuWgmGAnC,0.61713139,38.88,0.61713139,38.88
LXRqANxFz9sYMqY8Wp12dNo2krFu9pkJTu,0.45716099,38.85,0.45716099,38.85
LaYgXPdE6Eak7VGargfJfdBnEZhnJuM929,0.60652687,38.47,0.60652687,38.85
LhjyPhwn7d3cSPk2X6kVDmVA8b7jPjyWbu,0.5553507,38.85,0.5553507,38.85
LPnC5upwkDKbhGQeAu3v6SVLK2Yqr3V5Cw,0.68128249,38.84,0.68128249,38.84
LgWahyya18MJJt5fZyxATdkMMBTDBSkV5F,0.43256345,40.7,0.43256345,38.83
LTADVsbxCqHjFD3fmSZz1gHQA5J1k7sUAd,0.44039797,36.89,0.44039797,38.8
LTnCEPsseoEQtYwRovQ6geuNza3eAeSV9W,0.50249592,37.36,0.50249592,38.78
LUAFFswwzueQH67h4Xwcr2mQ2m8HAAm3Ek,0.45316812,37.91,0.45316812,38.72
LM3sipcD1n7cZLWSSwcQ6ACsuLvhYRVykG,0.49303889,38.12,0.49303889,38.7
LQtT3kjNYh2521dCGWxKVcQ455mW5bsWf5,0.5779062,38.7,0.5779062,38.7
LZoBwQm68JrQfndfM5YEdmzuyDRXRGWqBJ,0.59678818,38.7,0.59678818,38.7
LNoVyeEE7MsxyiigPho5GiofaokZdtT59C,0.5048696,38.67,0.5048696,38.67
LW5bdFfVVwhEXkkmZqoXGBj7SspBC1jmpo,0.54235904,38.03,0.54235904,38.67
LeszBX9yB4KmeeLt7kgwzKA1wes5sieQnT,0.54140512,37.94,0.54140512,38.64
LTXmdeJKoHibtqrU3Qg7vq6dys5uQ1aAXG,0.59476825,37.15,0.59476825,38.62
LhQqYn2SrVzSrmEPJTna9uz6Wbi9ds7ZT8,0.499,40.17,0.499,38.58
LPrWGkQ2h1JGhnFMDSExhbaAMit5ugzfc9,0.52626963,37.38,0.52626963,38.57
LNPBWeuxvnLjmPVcyYLa5J17FMaxmJfkQJ,0.45335986,38.53,0.45335986,38.53
LRJ9tEajByyRnNPyMkGprNKNFRJduKP18U,0.558,38.41,0.558,38.48
LTgizmAjYtWFxmiyU8GQNLWQQqfvg76opp,0.49777382,34.2,0.49777382,38.41
Lc771oQDZpUZy5zBQTjFaMiU551PDMknbU,0.52341873,37.17,0.52341873,38.36
LUq2DfKp58EThi629NqCAXi2fz3HqBB74p,0.55041532,40.38,0.55041532,38.35
LKTkfo4rVcmKKCU9PMFXi8YGFTNhbSEaBt,0.53742323,38.32,0.53742323,38.32
LS8YEhSaCHFWKPPeqcHyPdG8FiKxZpqMcS,0.47778309,38.28,0.47778309,38.28
LbV3db8Qs3PZyKrUXM8MTjYJgvJ8hpVrvj,0.62808301,39.6,0.62808301,38.28
LNGY56kYp9cRcE1MChGb6VFohKNxwoNUGG,0.4877,38.26,0.4877,38.26
LgmcEfxwdsv43FK7UJwZeJr19gPgVPKBae,0.53601769,37.35,0.53601769,38.24
LQATfjYW4tqAY1EmVUhWx9uBBjon8e9bbD,0.509,35.92,0.509,38.24
LgQYi71g3jaxiNKtLwMYVvhNe8SFLJhxka,0.5369,37.88,0.5369,38.24
LVE13F8WMTY8VMYK6gVUXZ7ZBfm4Yfmojs,0.4470912,38.35,0.4470912,38.2
Li56J1hBr7HxFucZh6pLvsYJFVzVPug1mb,0.5285579,37.51,0.5285579,38.18
LLRBJfy9easLiDWuyL4j2AWgCGNJFBpuAP,0.58248692,38.15,0.58248692,38.15
LXaPRkn9Dh4NqBE5ohaADQ5Rozu76YJ4tv,0.43344112,38.14,0.43344112,38.14
LV5DnsnQ1aAiDFHDWFdXpTxvfGGGeFuVJ7,0.44843049,36.26,0.44843049,38.13
LdB4XWzBtJAMc6whf9B6mErmZh4rAdTuQr,0.50314735,38.52,0.50314735,38.05
LhaEvgVbF2rnBmQo5EiwCsFQ8FZkvLmrcu,0.53306364,39.02,0.53306364,38.04
LejZxTu2K85AxgJNDzALaqDysKveeFLR4z,0.51566153,37.66,0.51566153,38.03
LXbvoZfVsMBUt4jZrzPDfcDrHvwvwfH4fd,0.47055838,37.73,0.47055838,38.0
LWMamniBqVJEweorWt5HDQmgcgjNAXFRQf,0.52612692,38.71,0.52612692,38.0
LNTj9cNe1NtkJt26VGUP6oGKGHPGryRmWe,0.50874905,37.73,0.50874905,37.95
LKao74KfpWVgKZj8fZN916sUQS6bHGUkiE,0.46330459,38.15,0.46330459,37.94
LXqxjGFXsQrHhHxR7hqTYzwDaSCUetn7aG,0,0,0.466553,37.94
LUEraB3KoYxiQs39UadJN2Zb5Am5KNo3Uy,0.53139607,37.03,0.53139607,37.92
Lcp81tJZGTcZkvM7Gz1kaSMVABSuPedDEH,0.56660658,37.88,0.56660658,37.88
LYoXVBWEpsxFQKRvFH2kk71vvDAiz6oTM9,0.547949,37.38,0.547949,37.87
Lgsr5qFpo27vUco8aU24THiVtSp8uR9nMo,0.57343565,38.08,0.57343565,37.84
Ld3U8PCtXkC3QMfCxoJq6PnowD1TAAbESX,0.56902647,37.39,0.56902647,37.83
LUafH9jcNCvB2SXsLLBMW3wiPR5EQdqege,0.45288106,37.81,0.45288106,37.81
LYca2VVww4HPtojBMbh6Yh3PzhZ4VPEaPV,0.36757949,37.8,0.36757949,37.8
Ler2fyoAPuCPUU6oHeUaPhXCxAq2pZaDrh,0.489509,36.39,0.489509,37.78
LZ8SuTDp4qLogNafuazWPQzSVb62mLaej5,0.52936855,37.74,0.52936855,37.77
LYonGQRnPqrq7MbdrBjpSMBgp4rsEFuFw5,0.47162968,41.21,0.47162968,37.73
Lazzvupk1cAfN7mgiQVy3KvSaQmxxPTtUM,0.5098,37.05,0.5098,37.72
LMAipf7rmTkRcRDXs5SqjCfh5TdXx3zDzj,0.44911085,37.67,0.44911085,37.72
LNLyW7avFja9DC63Ntennb3atGSSUsp6Q7,0.6099904,36.83,0.6099904,37.72
Li49Xcromx2o1QhbnHU8yU622XA11iSmwY,0.47836069,38.57,0.47836069,37.68
Lf5XGg8HMmYpDYVzydvMjhiKrpMJQf8e6q,0.59881661,37.23,0.59881661,37.62
LMenkijUxJHgL4dVQGQqy1MSFuV7sruACe,0.48749925,38.26,0.48749925,37.62
Lf6kzYe2tqPdFhLs7q58EMaLkYD84eW2qv,0.54039392,37.6,0.54039392,37.6
LYLRU5Zo9UEY7gJTkG3i7b5b4hPnpxEDZu,0.5984252,37.6,0.5984252,37.6
LX7k3HTnXR6NBixQZGxGQJBBWXRfsqRPBD,0.524,37.6,0.524,37.6
LhKPmZe4yEs7hi66bsDnTJjfwKKAf2NkB1,0.46640158,37.37,0.46640158,37.55
LZzB8BwseHPYed1hJ4x8ecaHXLMpzj7Z1t,0.519,36.32,0.519,37.53
LXFKVJJz61GnCH41dSeGZtddsife9xiQUF,0.41850399,37.52,0.41850399,37.52
LPompAxp17BGphL6oi3yMhCWNT3Uk8SzTU,0.6059904,36.58,0.6059904,37.47
LWUnvjhNtUtDmx6RKM7nTVAWSAnCXpn779,0.506392,34.83,0.506392,37.46
LfCH8LU3s4Z7EeQKxoECBS2kPzAukxhBV3,0.531,36.44,0.531,37.46
LSbb9TMzBdkPbiWzdQGiC84tTmB5BroytK,0.36040224,31.83,0.36040224,37.43
LPo5xLBQaGuDTXWFmqg6HZ3HF5M7CCyF8a,0.56765776,37.41,0.56765776,37.41
LKXmDceRuUnJyu9TP8jXCYdXTnqnMQJiVh,0.59327613,37.55,0.59327613,37.41
LLFzuErBh6X8wSSKYeTqjNuHVB3CwgZ3na,0.589572,37.41,0.589572,37.41
LMTTZYVgE1DmhnfUEjL2AYDU228SoS9MpU,0.52369637,36.61,0.52369637,37.38
LYNrswbfXPG6PEoQYbGNvovWZJNzyRaH5b,0.44718301,37.25,0.44718301,37.33
LQNHbLb1bydUyhkKEpV1qPNM6gUFQsJsBA,0.58117383,38.24,0.58117383,37.33
LXN3eQaMVBkeRixt5Kv8YhKTBVS2wFjEEz,0.43676484,38.71,0.43676484,37.32
LMb1uWR6iTY8UNh6pGoTk6Rr4fkbCfCF6d,0.43767676,37.2,0.43767676,37.31
LZe3Dv2X1Z6ACXEDxg5s2LtAWZnec8ckKq,0.5714552,37.28,0.5714552,37.28
LfQmBTt7T9U7V3sjAbnHZxRTSkaKenc67Z,0.511703,37.27,0.511703,37.27
LgRDQDKVPdNzRaV9UL8UZros6J3JRPe7Eo,0.4585768,37.19,0.4585768,37.25
LMnZxLSuVDkn9Tz55pjE6Ck7mnCeU1Lzmb,0.47893186,37.14,0.47893186,37.22
LQ6UhSAmLkULhsQHYx85iHhyHuFqnvuwr8,0.41437894,40.41,0.41437894,37.2
LSRkdAfZVQo1QDsHVGgJatmC7K7Zm8S8jM,0.48078479,33.65,0.48078479,37.1
LP3vJeh97HdhXafVTLEjXRJdyN8yf4rdyy,0.544454,37.08,0.544454,37.08
LXTSa7uNTcAZiCQy7wNTPEcK28aGTt3V37,0.501,37.07,0.501,37.07
LMFexCYkLLnnwaKQu6Gq3egK4P25FquFEf,0.52351658,36.83,0.52351658,37.07
LKpqJb6VGi612Bpfxgs837ozfm97QSvhcb,0.55520439,37.17,0.55520439,37.04
Lc4qycXURjTviypK8LJYxw73sXstyDb4nN,0.41200338,40.06,0.41200338,36.99
LSpXT2wpnxNnkWQtxmPKByTQhDc39WQN1g,0.56539853,36.98,0.56539853,36.98
LNdopGsBQiggxuiMWDV81CZPVKdBUjAXSW,0.56999521,35.7,0.56999521,36.96
LQh21RqZuBgoJJ86nKm3SWoCkEoh9tS9gJ,0.41217683,35.34,0.41217683,36.96
LR1kPm4uwjmSjm7XuXjbyCyumukmuB6Enk,0.46669154,36.94,0.46669154,36.94
LMaB7Gq3eDNsc2zVMtkVRzrsETTLzpLqBj,0.41126113,38.69,0.41126113,36.92
LLaZnRM5rxt2GEVpzm95MLrJsKNCZcfs1e,0.5295234,39.5,0.5295234,36.9
LM1UDXL7gu4MmXvULKM4NfmhY7vnL1vPSR,0.41795423,34.44,0.41795423,36.89
LXvAob2GUVFjAQ7tQaYZ8gBgM5eCF8exug,0.45668848,36.51,0.45668848,36.88
LWhrRL4nT3vaue9zU8bFypC6syNVLi6w4i,0,0,0.502948,36.83
LRkTuWsRkeNqU5nBSAhPdzcjxoG7CUh1if,0.489552,35.27,0.489552,36.83
LgKMcEqoGeWYSCTQMchp2L2Sd3GzvmqLaa,0.58649961,36.73,0.58649961,36.73
LXzgr1FwMrgmk73jQDLMFetxrHhMRLwTcq,0.56994483,37.8,0.56994483,36.71
LfT69KyJggiJjxXtEnK61y2SC3CcFEim98,0.59539971,36.69,0.59539971,36.69
LiZRwSLSVxfhYssTyFUzksENuxVVWv3Q1K,0.5472788,35.53,0.5472788,36.65
LX8bLqwL4Cf454wQtz3Gtcgdpxgz3Qs3Ly,0.54886302,37.56,0.54886302,36.64
LXPwsCsK1f9Xe5ULUK4LgSV1pMVTR6WXwG,0.36902493,36.61,0.36902493,36.61
LX21njNvjkmfSzBvVvb9VgvfuAtaNUsPih,0.52209435,34.28,0.52209435,36.6
LUe7KqWNdp4E8qnyEiTxFC381wjDMoQyxo,0.57724871,38.58,0.57724871,36.6
Lh8Pk5B7NFHxYwiovXivvWZ8SYsdNUG6dV,0.56275697,36.53,0.56275697,36.53
LaY8TwaBUfgaesozdV2AmAxdmCTrvmE8k4,0.54704244,36.91,0.54704244,36.52
LYyb46hPbUc3z6CsGszYhXT3fb79fwN5AQ,0.54157017,36.48,0.54157017,36.48
LPj9sHrEYjvkUcXMdK8C1t8tNPDPEQreYk,0.42786693,35.9,0.42786693,36.47
LZEEijKWZiF2WJYvXTe6KrERTtgdip6Q7P,0.5001189,36.47,0.5001189,36.47
LgAYc6FxLH4TJfD7WDutoeUtUDNLGwoqXt,0.56617166,36.98,0.56617166,36.45
LaJwQEtXjdhRfEQkKqUcBS9qtLwfm8nPZc,0.50700646,36.38,0.50700646,36.38
LMG8tDQLj7JzKyM2JRMUj2FnykCGsnbuXP,0.41322635,35.48,0.41322635,36.36
LQB7GJCfsRJw8bgBH4JkBGDhtFq9zgJqj1,0.49022028,36.62,0.49022028,36.36
LKM7tGzd7UpSj6wdkeZoG4b1hmfXzwvnF9,0.5593905,34.59,0.5593905,36.32
LUV8wKPn84ub5sqZZMBcKbEGkgUAy1jTnV,0.36878099,39.37,0.36878099,36.26
LU2n5pNkKJA2vhUmeNjTFFmDVBFQNPPmKV,0.42651577,36.34,0.42651577,36.25
LcY8VkQ9wKF73JnAtpGzWvfE7f61DuWFTp,0.414466,37.58,0.414466,36.24
LNyDQNXPov3q1p8FBA6MW77oXryrTFs9u7,0.5710124,36.23,0.5710124,36.23
LZ9oq356knwthGkScGZrHtugP5XjeDBWyF,0.49093416,35.67,0.49093416,36.22
Lh5zqnRjVAZon7qKJxhVtdCGxKVyqHidFT,0.50828771,36.77,0.50828771,36.2
LXfno5oWRUavvH2oxJVCAM3uZeZdSKp4GF,0.44876508,36.82,0.44876508,36.2
LeKA8WpH7MW7DWMdgXH949gSzFL7gYB7CP,0.42898532,35.59,0.42898532,36.2
LgkiF7nPVtj2tXg6GyDbBddbGfymz9E7bR,0.554444,36.17,0.554444,36.17
LUWZZtphM3Rx8jBXaADXs1ZvNXN5h6smYp,0.4437983,36.12,0.4437983,36.13
LgJg1bweUqy6owPVTEEEgbFWyv4Dv1SdkL,0.42366633,36.33,0.42366633,36.12
LRGCi6G8e5Nkw2pcVtVyrxmAXU4GavmcUU,0.51686297,35.8,0.51686297,36.09
LQYwkQSwChUCoT6cGUBcG9kAUFuTCXHUNY,0.55747013,36.23,0.55747013,36.08
LbutKcfwHGZTSFXhPJCrXf9B2FsEGM6ASL,0.49219001,35.91,0.49219001,36.07
LhuowZT25b6XYn1JBxurAKef7Q4HWVienK,0.34692,30.64,0.34692,36.03
LULj9qse3CVExDT6xT64tydVxzUo34MV4c,0.44389753,36.1,0.44389753,36.03
LV56usPpjLfgBeB8ytRxoUvGkW1MxX3y6G,0.539,36.37,0.539,35.98
LNEWmMgmzzKq3HNCBWiDdZRdXZyb9Y1SEc,0,0,0.504731,35.98
LdPAa6bF6yEmntB9suYpvyYRKT5pyoEHoT,0.49337789,35.98,0.49337789,35.98
LeXvcwvbDq5pbmNCP4GvtRWbgxw3YGninx,0.34629289,30.28,0.34629289,35.97
LhBb9QTiVBYjRXyeSa6tBxV94EN11CmrN3,0.42665146,35.61,0.42665146,35.97
LT2Q3dgyyBzxg6C6PtAmCS5QZBYZsivsPz,0.44142675,35.93,0.44142675,35.94
LdG2D4QrqCdS7vnBpGrzsLSE2huET1hhuR,0.46169334,35.9,0.46169334,35.91
LeTDKcNGXZzEKA23PboTzaFDVpbZKP1jXf,0.51370345,36.27,0.51370345,35.88
LdZtmHeGgfepEHBPbfvkbyQ2DR1DPxBW8Q,0.34500906,30.16,0.34500906,35.84
LckZynsN1XWyXEk9hoahFoCks2PSTUMvDC,0.399,37.54,0.399,35.82
LVH2LX6ScdNqqUNgvHfhAbV8KpPjWrJkDT,0,0,0.500452,35.81
LaxPPEwoXLgjL1WaU6SihfDo3sLuDLNkMP,0.52015899,37.08,0.52015899,35.79
LNkaMA9QgUnjZN13LQAGdqXfZB7yvqGSmD,0.46333386,32.69,0.46333386,35.76
LZE6j9RxjoBG7KR6Nptea3d2JFGGut5wKg,0,0,0.398233,35.75
LWyKE1KoWirLfJ5hH1whBDYymfFLWbwuSt,0.519479,35.73,0.519479,35.73
LiQxvdC6dHwHTqqJMM727Zyy2FonunB8yt,0.53521334,36.12,0.53521334,35.73
LPdQ5Ln2Ny3NxCGn8JRoAagVkTqckZ2z1m,0.54989435,34.0,0.54989435,35.7
LMkQiUVyy9fWdZiPbJfvacJ3JBidHh9BdG,0.4177751,36.87,0.4177751,35.7
LQ8JKUMST5rA3qbtYuumUbdv6o4nYMz1FG,0.54,35.69,0.54,35.69
LhX6Ymj2t5GJnnKs41SMLjKH6JApN4EJ5B,0.5207,35.29,0.5207,35.69
Lb9X8bHbgToCC2cZy21nYBZT8Mky1eFUiH,0.41444807,40.94,0.41444807,35.68
LZKyBGmKPkpzifLF1HiDoh3ZM7aY2dFRVB,0.44754,35.68,0.44754,35.68
LaR5UWPB4M8HJ1oAHJnXcKaRHQcvdAQuw7,0.4789904,36.08,0.4789904,35.63
LVhtBdCtVkbDg4PSiD7M2qX32y91ZkERG3,0.44246807,35.38,0.44246807,35.62
LUtWHvWkGiXS2oBbChW3tgYExbWzWLHsH5,0.50298894,35.48,0.50298894,35.61
LdJsZkusiUAF5qj12dqZqxEDJTe9uBYY8t,0.42210559,32.77,0.42210559,35.61
LWk4WS3UD4R6ZaSQCsWNF1SueN16C9ZriK,0.54891919,35.0,0.54891919,35.59
LU7qjrGM3sCt6eTGwQ2PzGYjENLZtGFoGZ,0.49445822,31.78,0.49445822,35.59
LdPYZ7YAcvireU6TNTC1Qk7frSNmFZVwmu,0.53006006,36.46,0.53006006,35.59
LQhjzLdUJsZrQ1U7fmAuR44hot2FvsBtqd,0.5091414,35.54,0.5091414,35.52
LV1Aw5DjSynavRqzw38wLTiRZ2Ye6LKqcB,0.50210706,34.9,0.50210706,35.51
LXuLvPLycGwTc3acqL3hQsmTRXFhN4Ywyq,0.36378401,37.79,0.36378401,35.48
LbgKoQuFbKiTsh3rA4shphppkPnKpgfdNy,0.403027,36.55,0.403027,35.47
LWx5fQbTJWPTJ7MdDzi8QoegUZs3oUtWPt,0.41480316,35.42,0.41480316,35.4
LS9aZxVph2f9SgPnBynK9bPVMMeusoPT4W,0.50441212,35.1,0.50441212,35.35
LSU6dyrmttFvnPjv4hdefAxst45Eu4hQcW,0.41228382,34.9,0.41228382,35.35
LS1R2jmNknzeGyFGjZoUgWrHw9RyvTbovr,0.51297694,36.56,0.51297694,35.29
LZ9PNHfCyGTnAC5XYAuXjfHXG4jLuMEC14,0.49992692,35.26,0.49992692,35.26
LYKqttwTKJFjT2fByzBg14h4Cbbn69pmUe,0.52060869,33.46,0.52060869,35.26
LY78DiCiuC3MjzeNed3vVhwCeYxHtGJh7Z,0.40925508,34.32,0.40925508,35.23
LVcj8a1TP58J4Js5yj7pokqf3ufSj2a5fp,0.4144812,35.23,0.4144812,35.23
LMLuuAULUUbM2fuYicMzpo9dbk1Pu6hwuL,0.50655091,36.33,0.50655091,35.2
Lbnfj9pRMmwzpVxCXFQTSgh3TMAjVNN43s,0.33876619,29.92,0.33876619,35.19
LcR7Gh4gmDwBx6gQYy8Loc5SpvXgSJANKN,0,0,0.487021,35.18
LhXrDJBxvCBaFamTq7YamggfjJKp5ApsWA,0.52217436,37.47,0.52217436,35.17
Leo2XvmBf2WjkibtaGGPBDnDLqeuc1Ls3s,0.44805221,35.17,0.44805221,35.17
LUrsEyGLuMmXXpkfZ54ydBDpL9AkE5vkGp,0.45564548,33.88,0.45564548,35.16
LLkvRxUAQ43sxsPvrF6XDkCf57uWfjoJGm,0.5486832,34.13,0.5486832,35.14
LhkS1iLAPivx9uZboYLpgQ5r9HGRsSq7Wn,0.51016905,34.47,0.51016905,35.14
LRBUTBnXfxmwUsMo9P6uTFYD9T39DCxtTW,0.41120579,35.14,0.41120579,35.14
LLURJpZz3wMiMo9vTayi3jWXk61SZUSCXE,0.5419904,35.83,0.5419904,35.13
LY3Am8gzRzezVf7dLDqdFtLyEH3G7dTgGC,0.44735682,34.59,0.44735682,35.12
LX9KafQLNRtGgm8xYXBJM4DhDH1q2uTAWM,0.41726059,35.48,0.41726059,35.12
La9wtyqtSbCTCWa8PcqGDva2HGMppAzZAN,0.47018136,34.87,0.47018136,35.08
LYqVNodoAQgzoayUd1ESz42kkfMrcPc6oR,0.53048016,35.08,0.53048016,35.08
LTsV5m9JAj4o6KvyV3Ve3ju5p3md94sPJQ,0.41951087,35.08,0.41951087,35.06
LgLHudMwfgNkpN2RDT1maEoda1DcTLm8j3,0.55778544,35.05,0.55778544,35.05
LUsxpTph24B682mGNBXNc8ENCe38Nw2DXk,0.45907706,35.04,0.45907706,35.04
LSveW6NBBgVJgCvmQ7u5c5NVv1kJARKGQZ,0.39392835,35.4,0.39392835,35.04
LapHHjNWu1WUNvdh95oRsFBK4RB1ACXAoh,0.5317114,35.05,0.5317114,35.03
LWY5S1hPyZXy6wrmLpYfZWCHaXdCCSyB5K,0.41037823,34.43,0.41037823,34.98
Lf5UxBrA9KcRgNzoFBNzku9LH9Ju5Gjo9t,0.49444659,34.89,0.49444659,34.97
Lfi46zoHGZLpdAMSzrNPVpaXd7C8Pr6jh3,0.43586152,34.93,0.43586152,34.93
LhhWSmVPSGp2DEAEm1qoak6iH2XRADyDbi,0.42886492,34.92,0.42886492,34.92
Lhm9Kn8kmb5JtnXuA29piqFNhUyYYYLscu,0.499,34.92,0.499,34.92
LXPxXqUDa2Rp7wZrSqeLeY22TSZCy75RYn,0.50739569,36.17,0.50739569,34.91
LMX6xqBaqgyaokkwfVTY1VcM4qZE6MGd7U,0.48558048,34.04,0.48558048,34.9
LZibm9qjmeoqooHwK66J5drKZjFioRKJvG,0.4317808,34.88,0.4317808,34.9
La7FsEBAYsVhTuR5fu5TC294RPB8LKNJzM,0.48901633,34.07,0.48901633,34.89
LM1u5RcPTcxoMmF8DEZckRuWK3nB7a6q2x,0.46546299,34.88,0.46546299,34.88
LdPRZs4WCcDcWEDaF9hgaCTYhbj7JsBAUB,0.4952,34.65,0.4952,34.87
LXouhDp1vnmNSbcq2eBXwBRfxBScp8rouW,0.5,37.3,0.5,34.84
LSUyyy8yqfBEsjVQ8vgdHgwRSUttKSjSHK,0.4805822,33.77,0.4805822,34.84
LeGV6YQGzkbs9RxS8r7wS26DUyGmnQExxe,0.41375592,34.83,0.41375592,34.83
LXayk246kNVsiVLcwA3cAZdr5CvZSRe3Wz,0.37418477,34.63,0.37418477,34.81
LW5gaRTvCtp6aKm21MoYFsz2nYQCREYj7w,0.41868059,34.8,0.41868059,34.8
LdE7xgf5n4mKaWY6K3AKwo42vPWJ2RLQzp,0.44979462,38.73,0.44979462,34.78
LQH6mfAea6vfnP69GEBwewiCWEtHJd41Yb,0.47476076,36.07,0.47476076,34.77
Leu7e2ojF8jGrFEHEJoavTdf9Du1SqvAP2,0.596516,34.74,0.596516,34.74
LeqFtBAQe2E71yJeCRGwpNSYfiNUiVGCge,0.40651291,34.74,0.40651291,34.74
LSZUVzg4geEkicHjjVqz8Nt6N1rs6yoUrd,0,0,0.498678,34.73
LUzb6U3WzidDBXLMTU3ktvEA923RsHqB7w,0.44908449,38.67,0.44908449,34.73
LYszQyDbt6h3WtRccQkA33RLuyEvj1hZAX,0.39177772,34.73,0.39177772,34.73
LQbfwwUkz9ZnygFctRhW9yQuCgGDyF3ojF,0.40581961,35.97,0.40581961,34.68
LeBRoAa5p9zm633Tb9wXkVotb3z1XikW4j,0.42577305,34.07,0.42577305,34.62
LaCcq2oUcLHR3KAuT4YtTYs9Cq38Cc15Wu,0.4143846,34.99,0.4143846,34.59
LhTccpfZof4c3K2gAe2mFD6wt94KEhxLWV,0.39084793,34.71,0.39084793,34.56
LMDYZPpocFKSag6RkPMgfddyDzAF8EqCe2,0.47987258,35.02,0.47987258,34.54
LhnkpntDhGPa4QPhbnvLmyeVRKDH7rP9DG,0.40183605,33.8,0.40183605,34.53
Lgc8jf9wMW2mk6TtfTB2zycTeSJvt1nfsZ,0.48070217,34.21,0.48070217,34.51
LXDaVnDRMDuVJUVz51iveyf9eacF4Hv5L4,0.48258909,34.17,0.48258909,34.49
LLvo4ymTdP7M6JKa3rLzZTGX4MVnAuHpK8,0.44685095,31.56,0.44685095,34.48
LYkqPH5AsXNQhXMkf786wG9i4sqi2duT2n,0.51689795,35.51,0.51689795,34.48
LXrN9FqDd7erKGvkM3Mq9fjwP4Vh7L741q,0.5116902,34.26,0.5116902,34.47
LcyYxddWn8km2XEeGfcgeTmUZY5uEZ3cqu,0.4392409,38.11,0.4392409,34.46
Lbqo3wdvuPjfz7FWoDmHttuPWBw9t3Y57e,0.44522261,34.43,0.44522261,34.43
LZRCTbrWrFoms3FaUNBP8zc1X1do7cmDas,0.54672216,34.42,0.54672216,34.42
LcinPvEQr4dakkhfSk6tEupeh1GaxbAkdy,0.53018633,35.2,0.53018633,34.37
LhLMDEDSCq5jJt99GEqBnzCpLj2iprFkS3,0.51458977,34.95,0.51458977,34.36
LMB8R9vDF39dGqJyHGocaGmg4RECmgc44C,0.47667934,36.25,0.47667934,34.36
LW7CVVqcxRp9kAA7kLj5DPxKYYxicRDzK1,0.48486214,35.02,0.48486214,34.36
Lc1Jr2A1zGo2QYeh1PXWd9HM4JtP1rEG2L,0.40369451,33.97,0.40369451,34.31
Ldz2KXCHHRrd1j1hD6Q4pE3Z5MLMggMuR8,0.51399435,34.29,0.51399435,34.29
LYU4mtQMWQYpxBqvj98XznccXbUVD6Ef1C,0.5299483,34.47,0.5299483,34.27
LSEDrfhhNX6R6TVTnP35HNGfsjYUkrxsLW,0.47415325,34.22,0.47415325,34.25
LLn2k6XM5N7hawcrMTyvVWfk7jVyjJYDHx,0.49638745,35.52,0.49638745,34.24
LSHK5JQR8pr2ifjQZsYBadhhw9uiDKKY99,0.4233887,34.21,0.4233887,34.22
LSeeZ7G61SHJPVGaCn62Vu8Yc5Lh8phBj4,0.42328444,34.2,0.42328444,34.21
Lh7635MXvbpAYiTpFDT1cSEQEannos2JLU,0.3911,34.55,0.3911,34.19
LSCXjycRUR6gpMnAc2S354DgjsfShdQeRr,0.534974,33.13,0.534974,34.13
LLkVow9qFofAkir3qd5R8VCwYb7Aei6guv,0.47142359,34.04,0.47142359,34.09
Lc645Uku5ehtXK9CQ8MHJRKRKisYJT8XLB,0.31226212,29.39,0.31226212,34.06
LRjrrSFcipmq1MGcL55byHo2RbYmkeYNbe,0.47769263,34.83,0.47769263,34.05
LXMGPtZuf6WmQc849jzcTyJy1d6pRWw4Vi,0.41557944,34.27,0.41557944,33.97
LQLpBskrdxTN6MSb5m2KpBRBk3ivz7R9Qg,0.47396744,33.32,0.47396744,33.95
LSGZKBV8RokozPReM1mXF37M4PfJzXmiza,0.40845389,34.1,0.40845389,33.95
LYhUq9bwMntykVo2kBiZhTyayAmSQCQQNC,0.39700741,32.88,0.39700741,33.92
LiKjfLtFtoercWd2LBANcy3u1fFCukMzDm,0.46914725,32.76,0.46914725,33.89
LMmoEtsCQnqY59X4coMx2SVZXpNhtnbFX3,0.4566156,34.11,0.4566156,33.87
LNLmji4UzSb8WiiW8187SgCuSoVZ7sA3Ca,0.46851224,33.32,0.46851224,33.84
LaVdGLnNTquVdTxw5Uh6d28QD1e4tF76RL,0,0,0.521218,33.84
LKoRT6WiNh2Sovs8JiqkL2PdGDEQ5vAB8i,0.48798854,33.8,0.48798854,33.8
LQDsjbGYamvQhKipf9a1JMduBjP7p922wU,0.4667797,33.79,0.4667797,33.79
LLULHnnySTTeUszhL5yRNRSbj6Fr8c34Vh,0.54809435,33.82,0.54809435,33.77
LLkrX4zoJTLG7oDjE6gT7J8e9nqBn4sszY,0.39688757,32.09,0.39688757,33.75
LW5jFpcF5p57je5gN8rhJ3NiRpf5GzSW2F,0.469,32.95,0.469,33.74
LUt6iiQ6Nfz51pG8EdZjCL3JWdX2G5PntD,0,0,0.467971,33.73
LhztXwBYiLw2PnrYS8gJ9yMnANqgRKriGW,0.47248249,32.92,0.47248249,33.71
LPERsMdSHBZ3SfrmMMs6KUfC2LNoWbQNSs,0.40180125,32.07,0.40180125,33.71
LeDXqUK4K4Sim236b3ZWtFYdB8rjHCP5A6,0.42032889,33.7,0.42032889,33.7
LUUxj3kCuRtTzyHjxAwmLn723Fvi5aqvDq,0.4824596,33.42,0.4824596,33.69
LX4KvH26VGJFYoQtUwro451cX4SuknBBwY,0.32384159,28.31,0.32384159,33.64
Lc7t9ByYq8SZZx3ViS2kjpu88nyDHZ8jh1,0.3083796,29.02,0.3083796,33.63
Lf8rTrzyCkB4gxAafqDCFfa12w9b4vRv1X,0.42866611,37.19,0.42866611,33.63
Le96c2gEMVPSsf9Tamf8h7tKU2sTzXM5g4,0.4793456,33.63,0.4793456,33.63
Lg9WtnSKECez6sw92iJ6W55Wht55nqyUPR,0.4737327,34.65,0.4737327,33.6
LRuS7R1QtFZExu4tG15QiTh9ndzuQS9WNd,0.399,33.58,0.399,33.58
LMdHLSrQdksLEGWXNjHAKFEWDZNj1VsBD7,0.3989,32.83,0.3989,33.53
LgxYFyNjV4NBA7ECLtu4p7aGmXfUpceDuh,0.50525478,33.52,0.50525478,33.52
LYrPcvn4iu1MpjhfhxF4Ke9JDvFxCKHtaJ,0.34650483,33.51,0.34650483,33.51
LfsbRqzyQRATDpdG7T3b8isGYSekezP3bq,0.49998,33.48,0.49998,33.48
LRDWNxZGQfxKQwWE988Bo4eUUxt2EGDQ72,0.47896516,33.66,0.47896516,33.46
LcFPkTni95nMKycwZgqyJrm2i4bEPxLoJv,0.45214482,32.39,0.45214482,33.45
LdpMcjKe5Zqa8yyjnwvqVZRR4S4ANzgoq6,0.41658214,33.7,0.41658214,33.45
LNRskTPZrMGh2xQ6u2bMTgtaATA8Q36XJg,0.47796294,31.81,0.47796294,33.43
LRruS59zD3Zh5vDofq6iMcjX7cXjSToCaN,0.43265567,33.02,0.43265567,33.39
LM9VXbVnTMi3Qo1NhW8m3uBWSnZd39wySf,0.46099694,35.58,0.46099694,33.37
LWrBuNTKy5BSieHKhc2f1ky3RzjvpQdcn1,0.48375001,35.22,0.48375001,33.36
LXVqoGYdSyWGBVGFdk74e7GB4JkNTLHHjR,0.38809697,34.84,0.38809697,33.35
LTcnD57nGr1dCqnGXTBRi2JN3o8kkrjR42,0.45073238,31.06,0.45073238,33.34
LabT6cP4wYApqNtqsag36zaAN7CKZfKGHY,0.48840075,33.51,0.48840075,33.33
LccsYULpyDAn86h7nJSKq1NhX12s8U1ERi,0.46026388,32.73,0.46026388,33.24
LYwiJqLd8sKPdezJpr5JVSqRxGnStWufwv,0.38901642,33.47,0.38901642,33.24
LZd19YN7oXhuXVg2598j7g9Dt35WVSFECG,0.4999,33.24,0.4999,33.24
Lh9tyFQr4mNokemvp8CTvkSWXxp7peccbo,0.43015761,29.55,0.43015761,33.2
LWHapMHeTYXJnqRVecq969fk561i7tRjHk,0.496403,33.17,0.496403,33.17
LaRurCEWE8nBmoz1duzgGzeucRptMNLz65,0.45860728,32.12,0.45860728,33.16
LU3zvcPyXvRwLH58EmGDUNwhSR61wkFnNG,0.31900712,28.18,0.31900712,33.14
LNH9kLHpYbNE45nhNFhEp8GJkR8tHJSocA,0.319,28.18,0.319,33.13
LfEHZYR5w4ZhW6bpf8TYM2Nas992Qj7jW4,0.48619217,33.62,0.48619217,33.11
LUAVHcKhxDtv3xW3oQsQp1kuhk8oYuoh7H,0,0,0.412087,33.06
LRfMsc99Yiuy781FZQghWWDwDt6fYPFfw1,0.42302973,33.72,0.42302973,33.05
LYnuQHaCxPLBVvzKD4KxUMYt2NHp4RaEPi,0.4999,32.13,0.4999,33.04
LNM41pPnrfWc6vtHeeR8Qe6MNK5HFxMJNA,0.31967813,33.01,0.31967813,33.01
Lddo2BTLBQMYduadxFiZQyuHqoFUGB5qBm,0.46529849,34.03,0.46529849,32.97
LgD7cwHo2jcgaUkJyKWA72F3rGfwtW59FZ,0.45534847,32.96,0.45534847,32.96
Lacw6wVdafWbyLguippJsm559zd4FDb8gk,0.41083888,32.96,0.41083888,32.96
LNhaP61sSGNAeM1EoU3Nvuuj87sQBmNfiG,0.4701,33.17,0.4701,32.92
LhFonGpaCECawtDjGwrKAC2y9XYp5DUyto,0.387611,32.9,0.387611,32.9
LepsEPCAV22bqhZswujtbGiACCZ91sa3sn,0.4707445,33.29,0.4707445,32.87
LRuGYTzCT5or52e13Ms4vsbv2UG5cc6CXq,0.4744255,32.86,0.4744255,32.86
LcQ9LQRP9CLm9Ck7Zf6Xh3Q4E8uNnZzYwC,0.47019566,33.2,0.47019566,32.84
LgGD6QRbNoWLqiryxpJx11sHWUZiwyBaxS,0.45979103,33.24,0.45979103,32.82
LLkksCHEHckvXXj2RJbT7yxy89biubW8mY,0.44320693,31.75,0.44320693,32.79
LV16TDKw3vCpHuHxhxYGpK13Mwj3iYyTHc,0.44745912,32.32,0.44745912,32.77
LUsY9QPy2tCJGidX7dyEDZAQa98UoccAre,0.51642891,32.74,0.51642891,32.74
LZFey7TSVjsoRGDY2QN42wD4Umfygb4ttf,0.5009,32.52,0.5009,32.71
LNhUti5QjUvkUHTN4a5h5k9pvuC8zeWd16,0.49945061,30.85,0.49945061,32.71
LM6MrXdK3KSZSAe3mHuVh2esX5Kb6tmLgC,0.45431217,32.66,0.45431217,32.7
Le9s6qq6JyRheSzhkng38qNxYrxBFrzzPm,0.45271011,32.7,0.45271011,32.7
LTcDo9i4uDWxT9vaL6kcSHL3gtzVDwwDrD,0.46922848,35.0,0.46922848,32.7
Li7ebERHJGkWAY9H7PLXJPtYvUPsiMf5oH,0.3821622,32.78,0.3821622,32.66
LXJGDoMRX9ZxQ8ag1CGYZT8Q1hXgm864eb,0.31619188,32.0,0.31619188,32.65
LPLRn2e4UP6WqhH8yAEfDtHJBpxLWaC3Hw,0.46728818,34.59,0.46728818,32.64
LdDNaZTnJWAJ4Nb5AwrnqsZnxs6FMuue5t,0.44722181,32.6,0.44722181,32.6
LWCEu2PFfUr2B8Wgfx2pbjAwWbZt9E2cN2,0.48311264,33.06,0.48311264,32.6
LWUrLssEVbE8oZtEg85QEabPqK4ppqUV64,0.45653577,33.0,0.45653577,32.58
LM5hUjzSb91BaojJEcszsvo6A2wz3qgwse,0.44023161,31.42,0.44023161,32.57
LQqHR2a5QPC5ts9q6YUtv7DrzzPsfhT26x,0.53221797,29.8,0.53221797,32.55
LU25PwYNmRjAQeNawMVSNDzKr7EpvimkCD,0.42164254,29.19,0.42164254,32.54
LT7SD99JkPCc1k5PSemjFA6aDNhvsyKkAT,0.45040596,32.63,0.45040596,32.53
LNZLvFdN8JzmD49hU1eaEmHS1yzvhW5qg5,0.446552,32.52,0.446552,32.52
Lfj4BLvSVHCGoUTRefJQjbys5GowBAN6j3,0.38569445,32.95,0.38569445,32.47
LSGTV7d3DbRd5MMFKfP3DxoQR7d25f6Gp1,0.37999435,33.68,0.37999435,32.47
LSx6eebkRHkgMUoNoRDZXMJLiGPGuuqAhw,0.49610537,32.45,0.49610537,32.45
LQNau5H4wzoLA3tNZKytvMeQmcescrDJEf,0.38217655,32.44,0.38217655,32.44
LRDWc3WgR29M9P27z8gqKQnwko4SDAtChG,0.355107,33.73,0.355107,32.43
LhgNUi7FqVHZn1dLcpnRfDR45A2fXF7iS4,0.36847328,32.43,0.36847328,32.43
LWmVREvymGU3UFpTkE9TtFoMypGPqu6nD4,0,0,0.457088,32.42
LZujbCH9bxQsA7cTHT3iaehcuktBoaMNob,0.4955267,32.41,0.4955267,32.41
LRZ1eU9Wsm3P1rprJAck2MeNM3Cn28iuLF,0.4481202,30.73,0.4481202,32.4
LLZwM7iGuzUj7vN2CuU7qQfb59hHJorBja,0,0,0.396431,32.38
LM5tmUddPFiVyTKfrYxz9yCZvCysHcHqLk,0.49858474,31.14,0.49858474,32.37
LPY1QggAVeZ4eG3jGb5KWp8qZvynhYPNwW,0.36519171,30.62,0.36519171,32.37
LZmXvpmXrXQiR3Si6bgZNEqvTsWyDjFigU,0.46269465,32.91,0.46269465,32.37
Le8kXAbCLb4AcovJLKpFwjJjSNAcsxfTbH,0.45539131,32.16,0.45539131,32.36
LPyDSmuQNinfDzJNX69idHeFx8NY9o2b7r,0.29658362,32.35,0.29658362,32.35
LdaW2MacgMQv5G8cmT8zeparam8zEdUx5s,0.37816714,33.38,0.37816714,32.31
LLr8LhLXdssizYcpHkgZLVrL2o4m2xCJSp,0.46239211,32.81,0.46239211,32.3
LbgTJPekEWrobrqSacB7Ax8ZPbRQu82jzt,0.39655108,32.29,0.39655108,32.29
LVS6gVqPCaw286YzZjeoiJKB66vH8wbvTf,0.3817797,31.93,0.3817797,32.24
LgpPcWb8E859mqVAX6mvz2HmJ4XLGMfNfX,0.37801758,31.72,0.37801758,32.22
LKZX7dctRJoYEzD9doPku9TVcYzTPP18LS,0.44940978,32.22,0.44940978,32.22
LebCihsdjU1DPesvVzDD3MGD1p4dQTkU9b,0.449,32.04,0.449,32.22
LeAmeDvzGRCWZDKmpCRhYiNL27taJpF8Pr,0.40006816,32.06,0.40006816,32.21
LLiNLH1BWWjhE6Vrv8bptg1h2pkxrxWAuY,0.4617059,33.88,0.4617059,32.17
LMkKkFhGVA2eVovXqJ8djpJKeQnv3eqXU1,0.44607296,31.07,0.44607296,32.09
LiPuFoLCpJp91stRN63RhmUhPXYstajKu7,0.41575004,28.87,0.41575004,32.08
LczGRxFMoFi2XsUFYzQhKzJkQEr4NgyQb3,0.49461023,32.07,0.49461023,32.07
LWSa5RXQb3iGr1TzAcieFczGeE82KVu5PN,0.50937652,32.07,0.50937652,32.07
LQaAMkynp7yMJBkKzN3FQxWxtQhNok2ryC,0.4792224,32.04,0.4792224,32.04
Lhcz7MdBwooErjxHTuwigSAenmfhyNByuH,0.43305279,29.79,0.43305279,32.03
LfmHB3cpqAVHDTNveFabGzFLsVYSui3vNK,0.47856707,31.98,0.47856707,31.98
LfoV8XEvzgVwgyT1QHokkrSqttuSdUPsdp,0.43195532,30.95,0.43195532,31.96
LcuQiYYfrQt25v5DWQc7qDJGZS3YQGnpxA,0.44959562,32.07,0.44959562,31.95
LeJQvqd7hXRq6MGdTeZJgq5kiBEyJ4J2YR,0.4840121,32.14,0.4840121,31.94
LVKSQEngzkCwxsgBAacav9oyN6DUAu8jSf,0.43565483,30.94,0.43565483,31.92
LZVh126gmUUdKvS5C62wLWuSZUhVd2W3uK,0.41361672,29.6,0.41361672,31.92
LaA2ZX2hxnXNMwQsgJy97E4EAqKqJM1f8M,0.49567323,31.51,0.49567323,31.9
LNU7yQQMXExwfj9DpQtCqTyY42KkBzsxDM,0.47335205,31.7,0.47335205,31.88
LhZZyv4jgK9vjxGEeYV3MWzD62JmBeA6t2,0.32415719,31.87,0.32415719,31.87
LVvL4zNZ1zvJtp3XL5e3Jpw5UWNaK2aE6B,0.45666898,33.03,0.45666898,31.86
LVx2sRPMz8kw4EKEDZVgznNNEeP2ee8NPJ,0.4305396,30.21,0.4305396,31.85
LPkeS6d3skvnnkJQkkeMvqZZjk76wD4Aq9,0.39410405,31.6,0.39410405,31.83
LUqZzEfZS5isCnXUST6F7s2F5juQr1r9rW,0.509,31.8,0.509,31.8
LbChcSU1MyoSeJaHFvR1XjwqBsXn8YFRc5,0.39341508,31.99,0.39341508,31.8
LekqsRKjNFLx39oNpoiGWkH35NymLPJABw,0.42953534,31.78,0.42953534,31.78
LZCZWXD98g2rtFqwi3vYTd4fxMYWWnLygy,0.4871376,31.78,0.4871376,31.78
LgPKL5jgf2o213hqFxP8DB75hi2RpWtRH2,0.37367216,30.22,0.37367216,31.77
LhvNP7SrZs5D5L4JLgoPWYT1QaXfDrg7UH,0.29748399,31.76,0.29748399,31.76
LL1BsdRFhKHm6ZT2D859C5WBWgzvSdqcg7,0.36076317,31.75,0.36076317,31.75
LbyfKqqgBZnNhjPc3vgVngZRHWGEpGV89A,0.35342832,33.25,0.35342832,31.73
LQ9dMjsyGdvh4t7mpbtB4sXvVsAc2VTbjA,0.42594699,31.51,0.42594699,31.72
Lb3Ts97MypVKEciMf77QW4HyfiwnwmTN1f,0.35780414,29.48,0.35780414,31.72
LPTU7xBji7vLoo8W3khjE7JJjydWCHHvda,0.46005461,31.37,0.46005461,31.71
LgHwPNcmcHFLYQXvVxpB3cDwBWmk6AsZ89,0.48476702,34.94,0.48476702,31.71
LR9mMHcmL1boFPxmSLx4g5X8QhVjTbrQvD,0.37928597,31.65,0.37928597,31.7
LP9RWkeDJ7iBD61Pm6eTpcKAATXpiXgRQE,0.3795175,32.04,0.3795175,31.68
La9G8vf2iWoNuMaRrMwroBhc5WQxU4rRwd,0.34970767,31.68,0.34970767,31.68
LRp77trF8Ga4feAR1ub67k5kK557WvqbW8,0.45357072,31.67,0.45357072,31.67
LhGdenZc8ii1vcPGiSoXt55i33LzRVDb6o,0.50558561,33.32,0.50558561,31.66
LSuxWPdjBPTqPdufkB91PzV8qeJtN9jTbG,0.44612156,31.45,0.44612156,31.66
LYs2iUsYZ6o3EhsH1ryxNCCP72aTDe79BV,0.42738531,31.22,0.42738531,31.62
LKQy2CLXynpufD2b3VPEKdMy4sApe5kYCA,0.43218115,31.43,0.43218115,31.61
LchkoPeXfAnfnZL6qr1eSg53KJoNYBTR1e,0.50470383,31.92,0.50470383,31.61
LXMZuFCxXLmE9zUV8PN2dwRsCLmvKKv98e,0.43892693,31.55,0.43892693,31.59
LTij2HtS2MkUL6pd7KE5JwvmptktpQWhDa,0.48659264,31.59,0.48659264,31.59
LST4rUeeVmZKptVmVQzVgivhqGCu5n7WR1,0.43726108,31.01,0.43726108,31.58
LKpNHcPqJpoh5ehRVrPeKY9e1uJ3SsERin,0.44222644,32.37,0.44222644,31.56
La1XeGqymU2VCupvqYU2VZMdQvoqXbSgSP,0.47264016,31.89,0.47264016,31.55
LSMfKrmv7ugNNkCViqsXFLqhNPeSqZswgw,0.36794923,31.15,0.36794923,31.55
LcdSF9sSDcPxnKUzLgbpSZtocNywAAT5zp,0.48996748,32.01,0.48996748,31.53
LhxcKyE5xT5dyK49w6RbLxLiCMfp3oD51Q,0.37445413,31.53,0.37445413,31.53
LbFStzr8nCPhXzuG9mm787jJsUoPczgNgZ,0.4079166,29.19,0.4079166,31.48
LVCqitTm5HcWksnhaghR4T673aH3DHFQYy,0.3817613,33.09,0.3817613,31.48
Lfm41FmGRzHGaMtRtYav1mP4HiyXwywEzF,0.44377707,32.46,0.44377707,31.45
LXZ245fzAwjqLRHD63wkhtd5Y8QmmxkBvY,0.35727325,30.68,0.35727325,31.44
LcAHBKkiwJLcKaVLmvPi7WCPv5VoAJbz81,0.44096404,31.44,0.44096404,31.44
LiMKDXpAM45MVuiJKVBcTUoMeH8vHmCvx1,0.40736166,28.32,0.40736166,31.44
LMBcux2C1bYQHs3myKpvDBGdUXvVUpGfui,0.3990504,32.17,0.3990504,31.43
LUe4DRNoMjajFsri4tB7anR5U9nxihpRJP,0.35,34.13,0.35,31.42
LMY9kqqrG42iHsnE1cokvNtLDCBHfqJ7nC,0.42167705,31.36,0.42167705,31.36
LfXcgc3C9oR859Ep9y79WVxcoV8LCr7Htn,0.3019,31.36,0.3019,31.36
LLoqdcti1HGGzVzfePqDrzqKgURYuVFtU8,0.465533,31.36,0.465533,31.36
LPUSppGBNragXipsvRhPzxm6Z1L1qZVFjm,0.452586,31.35,0.452586,31.35
LTHDjSK2j2RJSi125yBvFZ13KfqsgK7Kys,0.38533905,31.54,0.38533905,31.34
LhuVk55xT9tDCAvyMQLHWSwM8ceN1UrU4D,0.48265181,31.33,0.48265181,31.33
LQLP6oRV5SGqzyV87XWDqzQCBq8j9jVnnR,0.47985857,35.01,0.47985857,31.3
LXA7bWxznsLaCGPkeXnrxZEGEV3TQT8kvV,0.47070895,31.3,0.47070895,31.3
LUL8nnQ6YQYWWmotSuUzNwiiCb9FZHfJDn,0.40046,28.42,0.40046,31.3
LSP8xgy6zRivNgt3Sw1Lqth9a4UYHxwx1t,0.4046,39.96,0.4046,31.29
LNqVVp72iCSCHf5V5nuBfzVAymkP3tNqmC,0.44885782,33.26,0.44885782,31.28
LXhCXzUqduu6bp97hH9jH9EiBX6PLCdUxd,0.3695887,30.71,0.3695887,31.25
LeswYzh6vVeQFqZYrqVT4dRmGECuoeM2Yw,0.497402,30.6,0.497402,31.25
LPXLRbvFdVFDS5P1eMugaNgj4ehAUvQR5T,0.49596962,32.15,0.49596962,31.25
LUUhuBypTBrMDCTEx1FeyUubZzi7kG1gS4,0.42899435,31.42,0.42899435,31.24
LbmzxYNyK94QGDMGHov8WmDnjexaX4Ufpc,0.4811791,30.05,0.4811791,31.24
LT3WPWbPC4wxvk1iRqUMPhddrqvWGnLQz5,0.4482884,32.89,0.4482884,31.24
LWCztWPfXwRELYR6JvNsQRCWRxy7ZYVhwR,0.36522022,30.62,0.36522022,31.21
LZAsGJeG1Q2zPeR9tPupB5DSK5v93guUn2,0.35086488,31.82,0.35086488,31.21
Lb5vZfqWRYVhSrB42PxHx9T9Wkmiw9nZbK,0.45350634,31.2,0.45350634,31.2
LPEmxG1xiP5Z8q2yWHx8jkbq92HNe5pYur,0.46290507,31.18,0.46290507,31.18
LRrWUAH2MDmQcXUYtjqNoafTJa2g9Vpy1c,0.43801697,31.78,0.43801697,31.17
LgN21cXenr1vAFqiPvSXcBnKH1YtdAm4mX,0,0,0.366728,31.17
LWj5uJ3EDvvdx9Dd9GNrySooRJt3Q7i1w3,0.4661464,30.45,0.4661464,31.16
LcYLc8VTu1xoLfd5G1EhegSS1eVLNQ4hJ8,0.47100737,30.27,0.47100737,31.13
LdrJFX5L1q7BCGHaX4FVHy7ws49kjLeaqB,0.4363306,31.13,0.4363306,31.13
LKU8Bp4CZwC7GDJ5cAMdKgv9Wyd3HbEPQX,0.47042645,32.08,0.47042645,31.12
LNyzQjCC9qk4iqbtgQ11DmCZ7XgDHiHprR,0.48290372,31.76,0.48290372,31.1
LLUVGawKg2iPh3Qtm9n7JFYShJfLjzngta,0.45696266,29.93,0.45696266,31.1
LX6Uh14M65LifZBrn7pwTfbZmivuMeWqQ1,0.51027522,31.67,0.51027522,31.1
LRtqhv7yuFrbtvE7Ji6yypZ9jS5T9zyeGu,0.40277435,28.83,0.40277435,31.08
LWxBnpnw6X9xM7PqnpApFm2oWDjuzAoFPk,0.43794546,31.08,0.43794546,31.08
LXHopk5adb8QKZyLRYeuhjKY1u1ifkThSd,0.44305644,29.68,0.44305644,31.06
LYxeb8U8aqv1STHN1kWzVb4XJAyQQUCW8k,0.38154089,31.23,0.38154089,31.03
LL2cJXzfz4gbYtkYVAoZRhz8EggdnRHrX7,0.32480016,29.56,0.32480016,31.01
Li3xo7gjHF6HCRQu6TuVggZjykyKdN7eP8,0.48863008,31.0,0.48863008,31.0
LghYbxAWNVjejBQyRPHT7kW4VsHL3VuQSL,0.46978367,31.2,0.46978367,31.0
LPLQTBnURWKyeu4MUePkis81vLJaXoHNt2,0.40160643,28.34,0.40160643,30.99
LSybAt8EQe7Am5RbWZ69PKPSfC21EYkf6r,0.47793233,31.82,0.47793233,30.98
LLJuBNWHC7ZUGEYoReGRYQpso5dCPArtFb,0.42616846,33.06,0.42616846,30.98
Ldnkg1GwfXs191EzaWJU2KuMRfpBRkd7u8,0.35158038,29.45,0.35158038,30.97
Lagzgd13uiprxn5T9wLnBqRdvTPizu1tcS,0.36433677,31.11,0.36433677,30.97
LZw7jJvuqLquc939qFf5zhZXhjdkbgEMXv,0.46560872,30.96,0.46560872,30.96
LNAjinSZWuKQyoqXh5jCnTVogTzGBPCtzd,0.35954,35.51,0.35954,30.96
LQmpodwceCiyiT5DMQHR4V6RFQrRk33SYQ,0.4953,32.03,0.4953,30.94
LbtV1y6YftVm2JT67Rzfqywd8FdXgF3qQT,0.36277174,30.93,0.36277174,30.93
LbDKUihUDE9ZJBK8Y7xWTWBhM2JEMXUJ8f,0.43270432,28.5,0.43270432,30.92
LdKGV6RKsnCzGEDW32ijkQHe13hphkkW1M,0.34418496,33.5,0.34418496,30.9
LTEXKjVvPKzo8xjzMqesLMGH6B2vwsvpyq,0.31369619,33.49,0.31369619,30.85
LTfVGuQgGbjdJL4DUb96y3WabsgkJ9nMpE,0.34359885,33.41,0.34359885,30.84
LcNX3wwco2sGdccaJUhz9At4X6FNfweTXp,0.4448,30.81,0.4448,30.81
LSsTeixNKWAcq4yARhp8w1qUQQLwuEwMRe,0.50379879,29.34,0.50379879,30.81
LdDik6uvyu7SjdVUhGgc5CrhXPpHXcT1hv,0.43213115,31.51,0.43213115,30.8
Lbz653eGemMCNH6QTKJnokwLKqXVtAipj3,0.35,31.74,0.35,30.8
LMctgJScNYN6i4sHg8z8Xmk84hNMLWbaAs,0.45477538,29.23,0.45477538,30.8
LhRNWaNJna89LTAeyWMX5iZSsWoenxY8MB,0.46047128,31.9,0.46047128,30.77
LhYmbz37ri4HVxNRHWHARppFFSCz6i22MN,0.37781373,30.76,0.37781373,30.76
LfCYgds6AcirAsZ147fVQhixKpcKDAPwXL,0.42716324,28.93,0.42716324,30.75
LhWBaq1PAVtwaFxNmYHFpFcgFLGQQKy3Lo,0.41703617,30.73,0.41703617,30.73
LiKWFVY8RM2JgbEfjQuwD12jo52Xe8po7K,0.39818428,29.08,0.39818428,30.73
Ldc7sUj5yZRacXVJdgjYaQWW1e5Czh7nnN,0.4687,30.62,0.4687,30.73
LcxxC7naqcAR95UQt2QV77xvDA84Yp3sPH,0.315,32.72,0.315,30.72
LUBFo3xsSvDVhCtEmqDZR1UJNtNSX69jjR,0.46207481,30.65,0.46207481,30.65
LfgN6vJXsiLu7XVZBXXEWp4pFtN1BmntMx,0.4403991,30.89,0.4403991,30.64
LZMuichrouowCo9wFdeQ3v51h9J7U26Sfk,0,0,0.396964,30.63
LdkvKxYkGUPPyYnn4By9NMChbP7ydG4nYJ,0.46839286,30.37,0.46839286,30.6
LLNJXPgTbXpWhgcdZoxwmYiyZQBeg4SpXe,0.45172719,30.24,0.45172719,30.59
Laa4rsKXygeKG1YW8SkBurkAkp7XiWBr39,0.34502321,28.43,0.34502321,30.58
LSVTfb2KK45vdSN15Y6zErJwWHaKqFNAAK,0.41344094,29.27,0.41344094,30.58
LbVWQmWrky18BybihM41hSnkj764F7SCBk,0.43664717,30.81,0.43664717,30.58
LbJ44B8aAW5XMyCeKAndyWL2n1EYMqP4MR,0.41226472,30.07,0.41226472,30.57
Li2rgx4hMo5WGWzCjjQKyR5xhZxEXfD9fq,0,0,0.432311,30.57
LhwZ1MpswXnmTiaoyW2fMevmfC6tFoDrVa,0.42438827,29.75,0.42438827,30.55
LVZUVCPu5axpYSMWoZFpR7j5HbtkKFGxwi,0.3963816,30.97,0.3963816,30.53
LND6AZY67Y5bmA2nmiy7wtvneC19EdSzkx,0.47369142,31.42,0.47369142,30.51
LKSyjDepnPjCV91CoykKHjDD37tVCSa51v,0.47969369,31.16,0.47969369,30.49
LQCSh73XZkgkJ9CaGNmh7GBFL52QZ9ZvSN,0.38082769,30.53,0.38082769,30.48
LXnCgiXuNqP9jXAYHk6Eqv5kqk8Xn62RcL,0.44765765,29.32,0.44765765,30.46
LNVTcgf6VmioLRJNLNYdKTfiJDLSJeJYqr,0.42321565,29.67,0.42321565,30.46
LNYR5Ve1iJk8rKTyaMNvBpetJFx42AfJSk,0.45217009,32.44,0.45217009,30.46
LYid65divfidq94um4V8pWB1S1BSxmuMKe,0.46204983,30.45,0.46204983,30.45
LbFy5fhvcayYkfdKp55J8e8jzvpKhTfrvj,0.3456,30.45,0.3456,30.45
LSVRdLpVnhRwX5UhkhqeShoZzdngBkQpj8,0.39372353,33.9,0.39372353,30.45
LPULkAYVXpJLLUc2VXf3xk2XHhanupRnns,0.40723261,30.43,0.40723261,30.43
LU3KEiTT6HzGRpmsGPk16qz5tLGZuKHN9u,0.43579675,30.43,0.43579675,30.43
LUKEfVNi9BWGRUBc5G5NxHSYxxQpQ53Jb5,0.39416728,30.42,0.39416728,30.42
LhviPqbtbzYGc3H3EyesbJn8r6Z8kwFaKX,0.32467812,30.44,0.32467812,30.41
LPqPYR3VJAJjXKxz2zunoV2XcgMBgaCHGd,0.44909435,29.64,0.44909435,30.41
LZvtX71Xo23s4qgZpKxcUjy32bm7vSHTNp,0.41494228,29.47,0.41494228,30.41
LQeat29J6y65aDUYYQwW3SVZF6PoLD7d1s,0.35804149,28.62,0.35804149,30.39
LTzdyVeLciZ3fzFZHARit6xkGzdM4Z6F2w,0.4281859,30.48,0.4281859,30.37
LUWQMJbZdjr7nC2tTNf4M2oVAQ2RoYWtx9,0.434564,30.54,0.434564,30.35
LU31XVNdYWw17hyvo3Bxz2ZWe7DgTYp3W2,0.3927354,28.64,0.3927354,30.31
LZyuDrMzAMzuK81mGaebwGgK1rwvU8w369,0.357,28.54,0.357,30.31
LcydmNvxpGKdoiKH8sGFMr4Gb6KQ5rupX2,0.48231402,29.99,0.48231402,30.3
LVxybTNjzSfGg7uiz2GTUscCgPM3FGHwqW,0.3779482,30.04,0.3779482,30.3
LNCGWNTdinkw5AuibwZdnC5bVjRC5wipvi,0.43296956,30.8,0.43296956,30.29
LNBhdSxxuc8m9AHMbXaGHasN3MucNEhTFG,0.3543563,29.65,0.3543563,30.28
LTSkySrFEk2dJkUfLhtrfuT7vLACLBfA7q,0.42865394,29.42,0.42865394,30.24
LTxNW8CDAo2WZdWpWGxYpyDM9jGdAd2Xur,0.44363183,30.81,0.44363183,30.22
LWsa9hF1W4FUzpstbGLQo1DHLWeF1V8a9q,0.4318261,30.21,0.4318261,30.21
Lh8zZMixy89FXeb31FDa1PBbL5nmisQQYm,0.43151238,30.46,0.43151238,30.19
LZBebyAYNmDWhbi97c3jhoFdpDxaqWa4p8,0.40405525,30.19,0.40405525,30.19
LhVDvzcWW8pqKGVWzgqBP1JsL6WSpcEuvw,0.43148176,29.76,0.43148176,30.19
LYoVPsb9z4UftypczvMFiyAq74RQAbG1pp,0.37494947,30.04,0.37494947,30.18
LUiFLyTw2H9J8qyfrBJLRTqH1JSquCaKUP,0.37703244,30.23,0.37703244,30.17
LgMkSPkgcx6RToRTafCmPaSi8tYGxGp6g4,0.36060443,29.87,0.36060443,30.17
LPgqVBCFsPcTbyDrJRhv8FUG1DCzzQKYXN,0.4829,31.22,0.4829,30.17
LKV4dcrvyyS6JqFkEtkHUt3rn1mxuUKNiM,0.35293816,31.15,0.35293816,30.16
LZB44i6pGEs49DYEwgzRwJRqtiWdk3d9Ea,0.39079518,27.14,0.39079518,30.16
LcC5LTBVaKpWy4ugW8r1Grqw59xgej4i3j,0.44066879,30.12,0.44066879,30.15
Lg9XzTgiubgy5Kfcigj8vM9Gmrb5pBwrHg,0.35285927,30.15,0.35285927,30.15
LNiSS1QsYcicXpp7egPZKCHzheNjgkN441,0.39049435,29.02,0.39049435,30.13
LRmh4VAp8DVt9i9ffqwGcVhjsXxpHuuzYQ,0.46184251,30.13,0.46184251,30.13
LMwUoF7XU75WShfgxiBNkW46qGfHq4LpKW,0.4199,30.1,0.4199,30.1
LSWgVDdnUDJuCR3nBx18Z1r76gk52ZKqpT,0.36509352,30.08,0.36509352,30.08
LXYguDJGr3heA765igc8PoNCo6EkdYShBC,0.42412212,29.62,0.42412212,30.08
LbGJKQ6qXVeyyjrpMbwXwfoytEiNvkvCDz,0.30564659,30.08,0.30564659,30.08
LMbtL4nQx1uPQ633X2tsfV6MrPw4LPzVTR,0.36805854,29.75,0.36805854,30.07
La8Fw36hBhrauTvQWrgbwgmKQ9gJfYHPAm,0.3761,29.38,0.3761,30.07
LZWN7L2jjVtvb1HEzT6VM4QJDNRamRogDK,0.38875098,30.05,0.38875098,30.05
LUPrvfpgVLVuNtDQw6gmjXbna6eCyWR4wX,0.47355689,29.81,0.47355689,30.05
LVt4hMeUT75JPuRof2AwCYBK7LxhsJQTnM,0.40600938,29.09,0.40600938,30.04
LTQHz53kaUpzvqU3rnEUNK4qCQViEoejn3,0.33151995,28.27,0.33151995,30.03
LemkRFmoa8ANJ2FXVdXJKTNVdCXAngsvXE,0.47356815,30.02,0.47356815,30.02
Lcod9rSfuF4c6s8PMLR7P9p7uurMM6CM1P,0.35203716,29.54,0.35203716,30.01
LdtW3WPXZ3Jetkn4cQbQyeDkEHUYd3mApa,0.43835804,29.96,0.43835804,30.0
LT1FgNGHLNeXAFq4wQ5XDWqjCD4UeCfH4x,0.3509887,29.5,0.3509887,29.99
LUhc2UEXX3hVadNfgBkTnqDemwFzd5GnnY,0.27498715,25.88,0.27498715,29.99
LYP8S5X5rkrgsyzqqX8MkTui49Bjgt5CQW,0.35155149,29.5,0.35155149,29.97
LRTksy1i8XoeTasTvievRegYnfZJxECmyo,0.39973127,29.96,0.39973127,29.96
LRt5rb5PsTPKWx5hPTwxBPasirLUtWmo4p,0.37360355,29.94,0.37360355,29.94
Lc1sZh742PL1Kwg7YuUM8vAJy3fn4AhkWH,0.41442188,30.49,0.41442188,29.93
LVefJ6Dx3KHj4JQkcE5pxXmerP373c6uA5,0.38692215,38.22,0.38692215,29.92
LQVT8zX1FXeM2dnrEmxBptYbURQSaonjnn,0.35795161,30.51,0.35795161,29.92
LY6YZmoTd2WCUU4CuLpyWBp1Tpb3Sux7tb,0.45567784,29.92,0.45567784,29.92
Lf4Bds7CZZZyXFF1vyhahbAfrLabSqbrYj,0.30420264,29.91,0.30420264,29.91
LUCL7pDNdk1RN2VzHdkU9VJoUCEt1HYtXk,0.4194,29.35,0.4194,29.9
Leu37WvpisWbtv9jAt1umFbDRCNpWpzrBU,0.33845659,27.91,0.33845659,29.87
LTW6izJk6tvnGmuqoTcETDUsi8DxS4ukvJ,0.41436469,29.87,0.41436469,29.87
LX3DBLxqdJxv1R1bm65UuDkahMVxzpqdhN,0.35735009,29.82,0.35735009,29.87
LWvG1xEYpxBceFFSja39iRCZXJM8arcTMF,0.43410755,30.94,0.43410755,29.87
LUtyxNJPC8vifmLGzVDdhjZZK8W4gk2iec,0.2842,29.84,0.2842,29.84
Laqt1mJRPDdzioVpr2Cj4wYGH5cPaUb8KN,0.40725564,28.92,0.40725564,29.84
LVip6uRR5yEcsVRzc9LHgo6Am8WdyXmyXK,0.38595888,30.75,0.38595888,29.84
LXvNNHUNfsELtYF5ZVwQ2BdReqRnTWxyga,0.45729214,29.83,0.45729214,29.83
Lbemho8fuLC156Hc4FgffBtX9Bun8cFLvK,0.39795715,29.01,0.39795715,29.82
LRpU91Tr5Kv4eYTQ8H4sKtSDvtiWYUM5Eg,0.35878329,29.82,0.35878329,29.82
LaE8mrbmp8KkDCdbESryczExMC58YXiM6T,0.40939887,29.82,0.40939887,29.82
LcydwDx8xB5ywxNGZN8rXJUL3pa4B9Ghqd,0.42574541,30.28,0.42574541,29.78
LffnSiiUzPAL9B2GEhwH81AQwGjFrScvgB,0.3378,28.3,0.3378,29.76
Lg7BFrQLLaq4BkTiPjttzgVnJLxZe76Vni,0.3499,29.88,0.3499,29.74
LfySsqPaq86UokVrmkGEnXxD4Zxv3MJUX3,0.3499,29.74,0.3499,29.74
LLeHA3Ev934GJWfGsYuyRxM3cPZSt22Lq8,0.41924878,29.71,0.41924878,29.74
Lh6Frwo1YwpQiYpdHhxGv8pFaoms8V7JJ9,0.33428452,31.58,0.33428452,29.73
LhNxqTSPWA1GMeiUCYzboLYC4uJQYR6CPW,0.3559,29.89,0.3559,29.72
LKmT92eocK83p2THyruXZ16siB4SZDG4vj,0.3158,29.88,0.3158,29.72
LfBo6weTLmooLC46Wq3YP7yuLFtFJCWR69,0.39902047,29.52,0.39902047,29.72
LV1twCQsog94xzCsrDDxdnxX4pLNn5PUYa,0.4479596,30.28,0.4479596,29.72
Lg6GxjxSS8NvrR1mFh7ZCFvDGPACi5vPB4,0.34963817,29.72,0.34963817,29.72
LaCLqABfE9Fh4gfbjaYJSCZGA7JSnFN1Ek,0.46868809,29.71,0.46868809,29.71
LWXTTzSHLA5M2g67wxUyssdr3AQ2uPP2Re,0,0,0.42521,29.7
LMny6wthNNuancwPgWt1ASAjwLUh498hAs,0.43169858,29.7,0.43169858,29.7
LMKorpumUPcPtupT8DPAQGpNtQZSLYin4v,0.36875965,29.49,0.36875965,29.69
LQeNHLem8z7goEdmZDehw32QzfWqojbrdf,0.37993354,30.29,0.37993354,29.68
LXL8imvBpyRx3ppccZYjQ7HcAfk1d1NEpg,0.30183853,29.68,0.30183853,29.68
LT9yyMYetDVnyygftMtY9MgZb8SwobaEf4,0.45493271,29.68,0.45493271,29.68
LXuvMyUdQMMn3nGJTA75G3P8YCSTZ8A9RF,0.34890662,29.79,0.34890662,29.66
LdYCCbNyc9SUXiaHPribv2gw2bpE9cpGgH,0.34764157,29.17,0.34764157,29.63
LRu7CNAD22HBFnHQXDEycGAMrfLWjkGvtx,0.43075867,30.07,0.43075867,29.63
LLPaPp2RyTDnTjFR4qg9fXJEKnqFtfsWx7,0.41768285,29.54,0.41768285,29.63
LeR4ehUesLqGw5srUEFL3EE5e4EvqmvR7Z,0.34846547,29.62,0.34846547,29.62
LMecqY7YPb4AaYDQr78rR4GTSa9jmazCp2,0.3962558,29.61,0.3962558,29.61
LP5P8bQPeo4KQk4Jr3sdvFxdPHFLRCD49a,0.44853811,29.79,0.44853811,29.6
LKuQaECkwvRCrB9LKkFZRi1ytJaQ4CZATN,0.4457575,30.13,0.4457575,29.57
LgpF3iCvPuAW88E8Qnqbk6jDXe3vSTxVzJ,0.403595,29.15,0.403595,29.56
LZXrEJq66qhMq2pb1ymQJjbE1YHBxumTwn,0.4121,29.54,0.4121,29.54
LbMyQJrCFKKVQU8WuqPZhvuSHWw8dGDm1r,0.35500763,29.67,0.35500763,29.54
LWnXVLdPPBEBrLxqsjFw2rihuUQVV261un,0.40811227,29.65,0.40811227,29.54
LccL5iQgFZiP4q4CntuVLAzfU7zRoC9tnj,0.28712459,31.31,0.28712459,29.53
LgNFhHdNnG1j1mZkMz2VrXdSdijcTjTHN1,0.40897752,29.52,0.40897752,29.52
LfiVbCSuQrs9qLSzSAk4p8TTcwugS2mN42,0.32880478,31.97,0.32880478,29.52
LUkjf1xuJ6XcqUCc37kLRtWeRHUUNph36p,0.433199,31.18,0.433199,29.51
LXiWeSeoAjuGz4xXhpxdRdT7VDzHspkWfs,0.45107552,29.47,0.45107552,29.47
LT52mLCX2RSTtiKttbw2mwhqPpMzugDfD1,0.40892335,28.67,0.40892335,29.43
LLFoaJCZ2SnP9pSzsTTCfUGRhBaxcCagBf,0.45301383,28.01,0.45301383,29.41
LPMVNFtJNjVi4dd2bVfZpLkjZB2Hnk5xcH,0.42001042,28.94,0.42001042,29.4
LQAu8e6584Fjye1zuBNPptce3m852tY9au,0.30397378,29.65,0.30397378,29.4
LW3i68sdwj2vxGmbSTSMU466fsw4XLWSUb,0.4316515,29.67,0.4316515,29.39
LVdHHrrjVaK47CPRXVogi7yvqktotiKU2b,0.43145298,29.97,0.43145298,29.39
LUWC5JtNccKUgEL3hPHDiC1qDCoC3YSZ3X,0.44013067,29.7,0.44013067,29.38
LhpdZknDNnNQzEXB9zhx9wHHPdJvPZtSuG,0.44518808,29.56,0.44518808,29.38
LXhsdWW8aLEGH6VuCZ9AHfVNittv3t8p96,0.39714643,28.57,0.39714643,29.38
LXLQAFKUimHch8XDLibJeYU9QSwA12Knxi,0.345534,29.51,0.345534,29.37
LVMDEXDZTNQYQA7T71KoZ3tnEYWzk4jyL8,0.41705575,28.69,0.41705575,29.36
LcrAp84gVmX3BQbeFCuy4i6yhha6vdxs2u,0.37277534,30.05,0.37277534,29.36
LZWRd557zJS3oJYg6pTCw2cg4Ryuyds4pe,0.32403346,27.02,0.32403346,29.35
LcvxsCv8veAtfYE7GRt5Q4uy8AsenvQGtU,0.43560331,29.17,0.43560331,29.34
LLZ8u59JzEU6uygUEM9nVoL2q79JKPG3hr,0.40600203,28.8,0.40600203,29.33
LTaR6SzN3nKuCju9q6CYBLPXVz2umQ43vF,0.44427992,28.98,0.44427992,29.32
LcqV8hHN9vy9E5uJZGVPTszfiSfDRoRNq6,0.39209462,30.0,0.39209462,29.3
LaXKggQxQdC4BTP7VVCtagTN1Vot2sDavv,0.42444773,29.27,0.42444773,29.27
LS6RAFd5wMUFZAMqQ79fySrPFvdp5LJSy5,0.43813387,29.25,0.43813387,29.25
LLHPuZQmUy36rRLNaTQ1Wk1FAZWRb4U4qF,0.3965,28.81,0.3965,29.25
LiQpuQrepBBpT4YasTvdVutWYhUX94JTdu,0.39899624,29.22,0.39899624,29.22
LhrDW5w5LyoNcsWyRbefruC29AXbGmzFSp,0.34189275,29.41,0.34189275,29.21
Ldcy2dN297AGYa1BntF9wvxtk8DXsaEwe8,0.43755841,29.94,0.43755841,29.21
LMBM4ib8tzhiy7unJB8KfWnbQnejCVJeuB,0.40433977,28.85,0.40433977,29.21
LUw41uHjn91SvHwznAn2V8rqwXtRUVwFBv,0.40574282,28.44,0.40574282,29.21
LRGUBTt6TCsBUUFKs986hRz8UezPdvKAH8,0.41074699,29.2,0.41074699,29.2
LdFJjJ5dXS8nyMMTMzNpSCJrq2C3VVQQkn,0.43262166,29.19,0.43262166,29.19
LWedBfgjwMyXWUADiBG39WB7KWfSQpzZLJ,0.37829243,28.88,0.37829243,29.19
LRWiCVTKgSsRTt9W66MRjDDpKWcbzLbwtR,0.4178989,29.65,0.4178989,29.19
LhzcL8q8eKpxCwFARDYnve1CpYFFoFHWTc,0.281,24.82,0.281,29.19
LSWZv4XmNhhjZfYBCzub6JUoioHoGu8aNc,0.37803833,26.37,0.37803833,29.17
LdpNuhNPmDHMF3m5eUYGTyBmPNnh598tEU,0.47149461,30.85,0.47149461,29.16
LQTpKpxpaCNEhzpv3SJk8Tzod4BAoavH46,0.41736227,30.89,0.41736227,29.15
LVTSXLQdrPQU9CTvnNcrwAkE285xpwGyko,0.405,29.11,0.405,29.15
LTDvzLMtxocy57XSWwnS3nWp3rB32N9wKn,0.5,29.12,0.5,29.12
LR16n4dPahuZJB9h8kcuYUqo3KmuBKnRW1,0.36367622,29.16,0.36367622,29.11
LPiqn1E8MskKmwba53vyEjjUFVQGNS7DpJ,0.32974893,29.1,0.32974893,29.1
LR7hB6KcmJzJV1EAQ8729UkqJyJvh98XnV,0.28009633,24.74,0.28009633,29.09
LZbugyEH3YNdwcazvoX3Z6cyRFCaZRegyU,0.43576727,29.82,0.43576727,29.09
LSHcF4TTxhAARzvWwwiqsgsEjdV19TQR2x,0.3008,29.09,0.3008,29.09
LM569pHRdKzzJ3VovFhZfaPrXwp61ymAco,0.340393,28.19,0.340393,29.08
LSULEUWfzs7tFLtoqNc4Qf9vBfsJw3bz3i,0.43428382,28.19,0.43428382,29.08
LN1bFrB6uKnzqaFjQAFMV7zoKxtdfadm5q,0.28153153,28.49,0.28153153,29.07
LPvypeq5fedqjYo2ryNUyb8nBnJ17ZYYzm,0.36241655,30.27,0.36241655,29.05
LWNocr3mEuozhEd9ux2TEfUddCHXCjqAEJ,0.30848838,28.86,0.30848838,29.03
LVVavLJGPyAdbvzMXePs6hz7AgRmPZHGys,0.45091545,29.46,0.45091545,29.02
LeAjqKEH9UNzPNwdyz1zRpGXpgjBqwyEvS,0,0,0.406637,29.01
LQQeu2ZwPzrue5o2qGYe2fMwKcjqXZ8meC,0.40282622,28.96,0.40282622,29.0
LLthuuNTr4qv1PR3wbo4c8s5ATwGL4apCg,0.42120568,29.05,0.42120568,28.97
LhwnYh7fqf634VyKp9jTULe2mLrvPsyGqB,0.28118963,30.67,0.28118963,28.92
LWRhR6PLLzqsmALUwdNBQFMPKQJAwTgakn,0.39176152,28.47,0.39176152,28.9
LViseVKgmsJpPY2BJSRKdB9uf5idGbiTM6,0.3622515,28.88,0.3622515,28.88
LYBn6qVa1AW2jEMT5kgAX34JS2b7J9GFoC,0.40752351,29.01,0.40752351,28.88
LSP1CeQ3nvYNsUrYALYUvcGxDZqSoRTxcW,0.4100967,29.03,0.4100967,28.87
LYLPZWmJLw21STq4E3z9CHbLrtMSSqka8m,0.31862977,27.17,0.31862977,28.86
LRXmUwgwLZ1KsuV19h5PkmKAxfYju9cv71,0.40732022,29.4,0.40732022,28.86
LLWjvgbvtxuCbdLc2MVMyRfqCCAYEagqfm,0.41254987,27.46,0.41254987,28.86
LiKo6TEwnuQdozY6nCHrU8HxwWMkZ3AdRj,0.33767582,27.97,0.33767582,28.85
LWnB3n7fVGD9FRKBSwdu7j9F92xECD6shK,0.34681438,28.95,0.34681438,28.82
LLzFn4dEkrPLiDMPtHtGUENxPUYjr2hkcF,0.2980359,30.78,0.2980359,28.82
Lgq3dTf8JXD6YwkxLt8tpkXe1toHjVquLx,0.4160566,28.82,0.4160566,28.82
LT6XKRbbCmcHrWf7AYN6zdw68nixipnvfG,0.33444816,33.03,0.33444816,28.8
LQdsnkoD7Q8knCwpxUwb8P1mxYHLojScNv,0.42259342,29.35,0.42259342,28.78
LTVUfmxWzN8KSAEPqnrb68S3jxFciSkXn5,0.35971089,28.76,0.35971089,28.76
LTwBT8tt2e7FkTEKZnbANWGL3kC2c7cbRx,0.41167094,29.51,0.41167094,28.76
LMWssTiRp3QbfyEUWh3b58jD1pCdUCA2XL,0.37182203,32.01,0.37182203,28.75
LKyo8nvZmRhvXcDRpaQ7uAFuGYdHJtxdrs,0.44276749,27.66,0.44276749,28.75
LUmZpXRZLFFzFwGVyXgXRqEXuKwYhwuxru,0.43888599,31.49,0.43888599,28.75
LWyj3xTLJ28o2AV6B8AG4haRVutATHaY81,0.40177385,28.44,0.40177385,28.75
LQEACVmCnHstNLDaDNwJyS82hSmyv2DYLJ,0.3381713,28.88,0.3381713,28.74
LWMpPdnHJ21pu9fevVLSfcsJRsJSfu82Me,0.34574758,28.61,0.34574758,28.74
Lagb45ktzTi3XaEy8MEejwiUvDpZiQb6MC,0.2793,29.21,0.2793,28.72
LgyrFRkWbF1znsyof8gMyn5DXo2AbqMk3R,0.4396554,28.71,0.4396554,28.71
LdnQbC7fjMNoj9AAtsH9TPASv94t91Krd1,0.34459557,29.09,0.34459557,28.67
Lb5T1sTDK8j7A6trwEjG3pQKbcZDyxGARc,0.31629163,28.65,0.31629163,28.65
LVzkcgadirdNyyfnyY35wDC9L8BWpLHa6V,0.36197243,28.65,0.36197243,28.65
LRB4sbsuero8PErDr8gym3n7fu5zg4STW3,0.41019253,29.07,0.41019253,28.64
LVTGjxyn3krvDX3G2aaXEqCg1yp9DMWa1e,0.33504687,27.75,0.33504687,28.63
LaN2h3qZMu1qPTTGC2PCLjhsT2YswJN1Pu,0.27819099,28.61,0.27819099,28.61
LhrvXSibyy7uE9LYCHyPeKWPukMXkYotDu,0.40967578,27.6,0.40967578,28.6
LdpkMwWSgcnTHM2A2MBGwYmLasD9EoBkwV,0.40957965,29.02,0.40957965,28.6
Li26ZAundYcLUXSpcTDWFLvv9NhUDPH6RP,0.43,28.59,0.43,28.59
LeLACw6i34EE3FZzhrSYoB6cJfDFunKBMh,0.427,29.06,0.427,28.59
Lfu7jSVDuH6ATcx38BkF26YsXNMXbV7yPL,0.36372047,28.12,0.36372047,28.55
LdttkTZVTvXz7snZ9ZiznQZxDmtojb4yQB,0.39629375,25.47,0.39629375,28.53
LQFTKicF5oiC2NQcBiikxqD1rnitysRNVW,0.38706619,28.52,0.38706619,28.52
Lc4wwSPBTau2KA4W8Lw2BY99X8ZpSNVxD8,0.4,28.52,0.4,28.52
La9Z276Gf6t76rxGJSdj5K8s8WczKwtZhT,0.35272606,28.5,0.35272606,28.51
Las3qjMigTA2D2MGMT7kdth92JUifEbez8,0.42691246,29.15,0.42691246,28.5
LeyNq8V2yCqxvK7w1zGBcQdHd9gsSPmf3t,0.4449545,27.36,0.4449545,28.5
LRGLX77PMuFoRJNSuq7ChQQVXSVtteKLnJ,0.44494624,27.36,0.44494624,28.5
LcSsVcg5UPQuFDPoYWiqTBsak18jzYto77,0.41824775,29.05,0.41824775,28.49
Lgy7zhdh7Hdh8SxxDs1NvbmU7yHp1XmUB8,0.399,27.18,0.399,28.47
La1LKLRuvueLw9fieNZM5kwBEQdfCPVJym,0.41063734,28.44,0.41063734,28.44
LbxNxJR9KxFhFfVNCZkqUBowDk28bZWEt7,0.39501671,26.75,0.39501671,28.43
Lb6SLKbVEjDKHsqVnDRzezhbRWPH1VY5Pm,0.40597894,28.22,0.40597894,28.43
LgUFziyxnBUGZUF4JWgjfREpRssNBQ7k3u,0.36839452,26.86,0.36839452,28.43
LNcLxvNosZmizkiMGPvBHkrXxMtDF3tz8P,0.35426261,28.94,0.35426261,28.42
Lep6dGnRv7VQ4fXfkcALDe7UiqcecQdkty,0.39228631,30.27,0.39228631,28.39
LYvRdCiqAFEhrpqybUGj8c8i1EN89mFrgV,0.43490038,32.5,0.43490038,28.37
LXSE9EFxZUCoZdYferCJ13K6myy8KC3g4e,0.36667409,31.57,0.36667409,28.35
LYXj2ptffswX5vMUQawFAD7Emhq7TWt3qT,0.40480612,28.14,0.40480612,28.35
LLS4rHJXSmKrbVjEt7K2PZZtEi2yiwpncS,0.27288193,23.86,0.27288193,28.34
LLrm9KVL5iVnT5qsENPLc6VKvCFrphFQjV,0.42,30.13,0.42,28.29
LTHz1bjHLCx7ekA4c4LhoUVfuN72CZzKQD,0.33830346,28.23,0.33830346,28.28
LfC6uZBj36MNvVZ3DXPqbDBg1uJ6XjhCSx,0.41510807,28.27,0.41510807,28.27
LZ9Sbz39Bzx1EVKWjpxZHsCHeAiRmXxkz6,0.39058155,30.14,0.39058155,28.27
LZVdoFidt6bA64RTEm3BSsRoBxd6QFNyRW,0.42476969,28.27,0.42476969,28.27
LagkQJNU3vhBJXvnQ4cr6s95i89A21cps6,0.45678368,29.88,0.45678368,28.25
LUAaKKAAnNecRraUJeCGx77LapuDMKvzvU,0.3990178,27.52,0.3990178,28.25
LgztbhyYXrGcdqb9ZH9EgztTJWcvBFBrVw,0.33058199,29.3,0.33058199,28.25
LaSGh8P99sk4V26ngouXtjYRcgkctRajBQ,0.269,28.25,0.269,28.25
LhdUmAnQMZcDCVKHyKLmaMX3AtrVbBF7Tt,0.36582633,26.18,0.36582633,28.23
LNz6XFDp7rJhoG273UYTd9pTpq83BTk2Rn,0.41460692,28.21,0.41460692,28.21
LSNkRUUV6syASe74N3GmLS3oKkRSogd2Zm,0.29979435,28.71,0.29979435,28.21
LgiWzbfWdW74cik5wFRMk1xFHLXNDkinVA,0.40997206,29.22,0.40997206,28.21
LgPh5BMxdkXquWso7LeNTaur8VzzjfjvUn,0.39527603,28.2,0.39527603,28.2
LdVLt81EZ4r4Chz1fNs6cXTM28H1cQUwhS,0.28912876,29.26,0.28912876,28.2
LSJ6JRDi57TCMM36TKaztQc8CAE6JFXYPJ,0.39525253,28.2,0.39525253,28.2
LZ2N79i7oio7bGb664VKLjxYrLtG2jCPBm,0.42161917,28.18,0.42161917,28.18
LZbnBdQLzhpr78WCwHPGqGfU9KrD7GqZau,0.41613686,27.86,0.41613686,28.18
LaNjJ2jmK9euJ6B3dZDrMvBLN9YMQErPhW,0.402656,28.11,0.402656,28.17
LNPDxytNBdVUBEcvX6ZUQd9jzv2a9ELdic,0.2863921,28.16,0.2863921,28.16
LXVwK236nJQmcUMacSaDone5a2peA9KEyP,0.45757789,28.1,0.45757789,28.15
LMMjUe3Akh6QtUUgvwe8iUkyRKpZzzycd5,0.44685419,28.13,0.44685419,28.13
LX2h5Uxt69mCNT91SpAenbMH4sWwTj8fj3,0.4571901,28.13,0.4571901,28.13
LQDU5qG5gM1Ep1DU3C6hfy6U58g5jjUzxW,0.3762363,28.79,0.3762363,28.11
LViPJmBLvv9DzzHzewWKKjtFeaUW1jwqfw,0.40245289,28.28,0.40245289,28.11
LSSFbjJr7PxXJ5DHfJfjp1xXo4qfJZkgMT,0.33070535,28.11,0.33070535,28.11
LTkaaRrtktnn1Lv12YDmE2QcMAqK1xVbxv,0.38879102,28.9,0.38879102,28.11
LXYt83g235yeASx47mNSuGqABjUdrUy49F,0.35076917,29.97,0.35076917,28.11
Ld6pvEfyBGVErvHvdvWy9SrZ5S16iUQYy1,0.37728031,27.91,0.37728031,28.1
LMx1gX6BLWb5m7T3BH4xWgpmLWFbB5Fv7k,0.31297764,30.52,0.31297764,28.1
LcEkMxJbiioUiKi7AQvrz7gSiRNWP7JxJa,0.32930571,27.63,0.32930571,28.07
LV7pm69c1ZerNaAeyEzq98hLzpxQgRm1VZ,0.37443218,27.3,0.37443218,28.06
LaDS3Pzz2YLzB8hFgngTpDWXtq6V7gv6s6,0.39037085,26.15,0.39037085,28.06
LTA4JBZGKmZhM5qTbEyRQCo5mpMwYKJDym,0.42200807,27.57,0.42200807,28.06
LTe8bJCKgvvh5Cp6dXDwwKEBDXD1BbxJDg,0.40264067,30.04,0.40264067,28.06
LS1ni91LEUAmCtr6jfJ2gUBv4S79V2grpa,0.35734926,28.05,0.35734926,28.05
LZ2jx58eJTm71e2XJkFAZDAgNFcFtUaijQ,0.4138,27.55,0.4138,28.05
LSBxU4wYCkLnv5L3mMnp92TQ7ryGA4mvMW,0.38461344,28.18,0.38461344,28.04
LbSuPBHP9UGyuQ59NAxZFKyjsXAj9ZmnQ9,0.44617531,27.74,0.44617531,28.03
LiJKM5PAE1zFSCi5DFffLcejACijQK9MX2,0.44489412,28.03,0.44489412,28.03
LNDHYEymRhwkMQdW2CAsjqUGnAgK1abURX,0.39264609,28.74,0.39264609,28.02
LRa8RefS7SLHUrwc7KgxWSKvRwhgdMZBP8,0.315,26.74,0.315,28.02
LWJiuA4icg2P7JCedMvfNJvd2xuzHAKdia,0.33822552,28.02,0.33822552,28.02
LMLymqGWCya9y25KfsiNcj7bCKHPtbiKeU,0.35556521,28.01,0.35556521,28.01
LLWzZZiMGAhG7WCk3kSE1MHA7y33XRgbsx,0.45275673,28.16,0.45275673,27.99
LgK6pNgaJs9gGz4j8P33sb7vgRga9qegAS,0.33510284,28.29,0.33510284,27.97
LbEDUP2PNwm3bwJNmo53w94qks9Ag1F2h3,0.39866016,28.58,0.39866016,27.97
LgDVJebdkPz37ULdU2cFAkKLrdHp28Hhbx,0.45526612,27.5,0.45526612,27.93
LaZKKPAde2EtsK4uDdQHqRPt4xeAT4hXJ7,0.3831479,28.08,0.3831479,27.93
Lg3LsSdbjp15kBHad2xjMuAStdC2woUaKK,0.46746791,27.92,0.46746791,27.92
LdLvotDcyNdMEYfeds8FeiR8kGEkfo1J9t,0.39123159,27.91,0.39123159,27.91
LRqLDaYuJ5eFfd4HZqXs9CcNFrASnLVCDA,0.34810587,29.07,0.34810587,27.91
Lg8KXu6PLf8fUqUQEM41CQz2ESh6FBpkit,0.34614212,28.18,0.34614212,27.91
LeHMtNQ43SujKtaewtAKbTiRfCt4is3nMX,0.47911434,26.87,0.47911434,27.9
LS1AaqPEeBSnkGmyuwDAVGXvS2KRZfpsmX,0.40042965,28.3,0.40042965,27.9
LdXTqu1mDRXXM8Uw5rAELFLWH4NcYLyWxD,0.39090791,28.61,0.39090791,27.9
LREE2L2cyg3QYc8GLhWFwdAxDw5EQQshSW,0.35526499,27.47,0.35526499,27.89
LgFB1cHp3gy9zchBDjs3LoJsHjY2ENZDuL,0.36445701,27.88,0.36445701,27.88
LKvE4cF19fMs1ugXMyYuegiTK7HLbCYQvz,0.43970329,27.88,0.43970329,27.88
LYrvBNGQ7RPn65LE2kHfJJjyxo6J7bfRFk,0.361,25.84,0.361,27.86
LRJcVyzDuNUh8qmk9oFBPnAkpXezZ5R9cP,0.3526426,27.37,0.3526426,27.86
Lhxs9ztbpDQKXN3ezSSYVyD7WLnyRcGtPH,0.4424,27.85,0.4424,27.85
LWTrVnFWUkuvAhwixDADkhMzJ8ryiAyP5W,0.43455497,27.56,0.43455497,27.83
LKqccDSQryyesJYazmsD4SfX9fARphTAmr,0.41313086,27.66,0.41313086,27.83
LUpswK9qjnNfKsMex8hAoADr5PZpHisUio,0.44132691,29.16,0.44132691,27.83
LcSTkZr3JDjnZHWPZsWESyaHB1A3uYeC9S,0.27046171,27.81,0.27046171,27.81
LgeqRF8h9ctvYQAVH2v4TrkAtoCPiaUHyS,0.42448741,27.8,0.42448741,27.8
LZ7N16goefHmVntADzTvzWDJQqr3h2d1g6,0.37315739,27.76,0.37315739,27.76
LgTSV9FJ4WD8kXqQLcvkHGWuMneprV9bSR,0.37875221,27.74,0.37875221,27.74
LXDGfWrgD1D2x7KVxMnbPf8BXHpSuWGmSp,0.33180216,27.61,0.33180216,27.7
LQ7yuDoAGB8V3V8jqm2xPqv9oVfouyaYxD,0.37975587,27.06,0.37975587,27.69
LVv5NDdYXkDMNcbDSJfD4Eix8zVSsCnxif,0.35678086,27.69,0.35678086,27.69
LN4bdoZspPQrtjq7xFWUh5R6tSHXFomQg6,0.4237279,27.68,0.4237279,27.68
LZjAHJCsMEZtuyverTrkiEUgXmgieMbMuV,0.3399,27.76,0.3399,27.64
LQB6zSkYvBXUipWA5LTPaqgag9pmqAmwLG,0.26603209,24.12,0.26603209,27.63
LVrYRb5HpVugfzYupew21Qp4Uh7rV6t3Bx,0.38698086,27.62,0.38698086,27.62
LYWohjMnwUNhpLYuE1mR7XrL3sZ98MdnML,0.3231997,27.61,0.3231997,27.61
LWsAtoxE1TYycEukdeQVmivYc4K3Pm7itN,0.41342026,28.25,0.41342026,27.6
Lb1ftTnzwSGfG5C5XHVhUzFEosMMhmcqmt,0.35747544,25.88,0.35747544,27.59
LQ2qsvh738hGtB2t1Szh2FsFZ5si6PUJ6W,0.3346701,27.59,0.3346701,27.58
Lh9E2PsQC2PrkRuQDQFvSNQbn9nUAToJdo,0.42211374,27.6,0.42211374,27.58
Lam2tDazAUij3KoAeSazgjqzR52Q2nqKuq,0.37611195,28.58,0.37611195,27.54
LMdmJ2pm86YqxUp8kudNesM6NXYyms5oJP,0.42976505,27.26,0.42976505,27.53
LbvhFSpTyhEgs4fHQmDtJY2mgdExqdaJYH,0.3923077,28.12,0.3923077,27.52
LgwJsgEcgoJrvajH7shvXyvRKHshMisb2G,0.33051203,28.05,0.33051203,27.52
LaRevgEkaamsa79jHfHKtVsYQAAWgfcxNK,0.38505266,26.83,0.38505266,27.47
LW4WmqyMoZzF3iK4tVnvDSrQmg3RzhrNV8,0.33019614,27.44,0.33019614,27.44
LQJHLPdrLCCLLLU8afCeZb1mbjABzsagwL,0.38123584,25.82,0.38123584,27.44
LWi63tQDyyJm6eBhGrPZRgMDzgtJVpa6tJ,0.39289698,27.21,0.39289698,27.43
Lajq6DthCqHrDBTYsvu4dEJ2XFYHLa2KhK,0.39101906,28.03,0.39101906,27.43
LTYK6uYR567xF3LLzFM12TqN9qcaCsyPp5,0.33954726,27.42,0.33954726,27.42
LKk3rvC6LK3kjbucbCoK9j4xHdh3V7gNCt,0.42573761,27.81,0.42573761,27.4
Lcprf2L7XWXkqSyyTKRrw5UMLoi35kgBCK,0.31102184,26.71,0.31102184,27.37
LYC4sVokRmk1u9Yeuz6PsfALYoEayJRGmo,0.3211734,27.02,0.3211734,27.35
LW2aFQrhF4pKqUxvea9d5WZ3WiXWA14x9f,0.43319753,28.62,0.43319753,27.31
LXNhEmcdXCpQznimdNQmPPJ7EYCSVABKo3,0.37422346,27.69,0.37422346,27.29
LS6yhcUW3ESaGHXEieZ4tMzMQFpBpu5bWW,0.35359394,24.95,0.35359394,27.29
LS2XVVPEMBmhDijRgWUnagos13g5F7ZAxo,0.39048391,27.79,0.39048391,27.27
LKT4S9531Wsp5v1tatBamMbrw4Agr3fv9K,0.37870837,24.99,0.37870837,27.26
LLgVu5KwZvXvep8oGobamHfWx4ofsz5v87,0.37221767,27.26,0.37221767,27.26
LYd4Zg68Ci9TB9KxcsfodKMjmwZKqHGgux,0.36847682,26.09,0.36847682,27.26
LY6ebw6yJySiYD3bvn2VDkkjefEfrqUt3G,0.41974289,26.22,0.41974289,27.25
LZbRLQnakzkfdBmmHcsuAx9s2TrD3PWyTG,0.36819435,27.72,0.36819435,27.24
LhLLKJX14KdCJvbqXcrf1ZfzKe8MGvDH9H,0.37634824,27.35,0.37634824,27.24
LdNsWZFScjkbAarvJj1krHaGHgf71j5okP,0.35283882,26.23,0.35283882,27.23
LQEApLxmqdAVB1duMLsQgup29MUoWHte8m,0.3793849,27.64,0.3793849,27.19
Li3J8KuZ81GhQTHPFJRouJzqxHxfKTQpDH,0.36740956,26.84,0.36740956,27.18
LcA6NwUbHoJdtCWKxsUFyoUqj5Dzga1CDB,0.36700148,26.8,0.36700148,27.17
LR68AgZ2J3vWpb1THgmYLnKjzS5cABEui2,0.40313475,27.16,0.40313475,27.16
LTds1rFUXTY83Nyoh6be5MDL4bJMaCRZcz,0.41148134,26.84,0.41148134,27.15
LZ5nL2dGo68AuuYutDthfoKHiQX96i1VGo,0.29966835,25.37,0.29966835,27.15
LP1DjPeEcdeJwijmLQoHKgA4oUL728ggTF,0.3381962,28.09,0.3381962,27.13
Leo3Qw9KkweB5Rj9YrEfRyNNo5Rp93FMkc,0.38837037,27.12,0.38837037,27.12
LLkPNKtdQFFaFkdzYxyiUuTRkzZuWUcMoq,0.39394585,27.1,0.39394585,27.1
LNAZyhyhakEBBbgo4Pqmk5eU21QLiJCaAM,0.35085155,23.21,0.35085155,27.08
LSYZyxr3X6StZrenadQZjcEDKEfznoAJg8,0.37611772,27.04,0.37611772,27.07
LPXRYkYadRZ4Prpw17Kcvs2af5FmLe57YJ,0.3758937,25.18,0.3758937,27.06
LLSbJhdhMAbk7R1NAV5UvnD2RHTMKF4RXJ,0.42399964,26.92,0.42399964,27.02
LQjo5RaXgYMUoyNRbWYQpkeWuz7ySXcGyt,0.39705274,28.49,0.39705274,27.02
LWT1afDxbwscPwx9p4oYSvCtQZ6oLZKp2b,0.3492,30.07,0.3492,27.0
LSohZcgk8mfPayeBw91rEsLGQ82Phun9hS,0.31732248,26.97,0.31732248,26.97
LRGUof33nabzzt74RTDonELo9evgR4jXiq,0.30630577,25.1,0.30630577,26.95
LTLXfLKHvt1u8TJH6VYTEGTDvEZKbGWL9J,0.38603959,26.74,0.38603959,26.95
LVgKP1v62H8x8usnscaoV4Rs8b41Wofv3W,0.32182864,26.9,0.32182864,26.9
LRf4hUP9gRSfP8WMK4fvTKjc4nquqeP43e,0.33609996,26.9,0.33609996,26.9
LNjJajMqCehPRnMpfJKXA34j8vzQYKtXPc,0.32062093,26.88,0.32062093,26.88
LUJVyRasQEm7QhXXiV3VgoJJck7TBAJT8e,0.38538752,28.28,0.38538752,26.85
LT2S1CHGWNEqZmTYmeTNd3bcNpyDAVUmSn,0.34789869,27.31,0.34789869,26.85
LPQgpNarE5diy1pdAR2bmcsNcx2FzKZLQb,0.29733845,26.24,0.29733845,26.82
LfkUj4DaMLjtFsqHJvJtQZhZZ5WiZbNQam,0.426373,26.79,0.426373,26.79
LXkP5CPdm2489UjCFWA1KN7gRiUeom4Wt3,0.37213818,24.93,0.37213818,26.79
LUurq6VD4S9Q7AVCDwSPymupcqkY632sAg,0.32084719,27.09,0.32084719,26.78
LSMbDzNaL8bSoFkkB8qsTrc7SCP3x27trV,0.31329638,27.65,0.31329638,26.77
LLxEgS9RUo4QakcvsmxQovE5SVLXccEfXe,0.34085669,26.35,0.34085669,26.76
LgYSwVyG9bnDkwyAzroAZo5pKBaZKASJcF,0.37908903,26.36,0.37908903,26.75
LaqhKcURS2Nbf5cuccvSrvChw3UU9pRJwd,0.37486416,27.44,0.37486416,26.75
LYqUttyfWtNFP32yEKBKHe5987m1QtY2Ev,0.33379294,28.1,0.33379294,26.75
Lc8P14SpqMEwxjwjnW1rk9DZ71wCXPxXmY,0.38878314,26.79,0.38878314,26.74
Lgh3VMyvdMo29CKoNYGTuNah9i7diipGkx,0.36126918,24.92,0.36126918,26.72
LQ3gxF3PJXBAL2APU8cqy1zV2xMMCFRENW,0.31246132,27.7,0.31246132,26.7
LWMpirhfvRKqY9pK5dnTKSs9hHwKeeZAv2,0.39181084,27.35,0.39181084,26.69
LiRzSHRZhNpWCFbPoL8fxtJstmhzk3AZFx,0.39600761,28.41,0.39600761,26.68
Lecy2nAiuV3vrvWMTcaN1bmUL6W2EHc8LS,0.36044159,25.7,0.36044159,26.66
LfVCt1VXHz1rDReHeacQAfx8ELXZXyjKPK,0.31653845,27.05,0.31653845,26.65
LfjjfH4c7cAaDhc1eC6mxjtsHMTB7jjCuG,0.41012306,25.62,0.41012306,26.63
Ld9JFKNuRYg7tmVn3urtLphXX4cwkmeKKD,0.40716612,26.62,0.40716612,26.6
LdTMkk4fqSyRYcDmku66NAjmiH5wEoGH7e,0.39862764,26.65,0.39862764,26.59
LLhrJAq3CwdGrxSspWJrBXvfuE74Giwpvh,0.37526386,26.71,0.37526386,26.59
LQXBK3gsuKQXhUL9kwXKcBZCDZjjuTh2p5,0.39052966,25.58,0.39052966,26.58
LUcJDfRFaNigKyNgHLiTKsMchb4QKby3Lh,0,0,0.344337,26.57
LfA4vKUxEFkreUYaFKa4VPVdKoLBKG7oN9,0.35670971,26.39,0.35670971,26.57
LarxqYnn3ReCiRnU3tUgH2aepUa3i2jsRz,0.34343652,29.57,0.34343652,26.56
LXpxJ2eqZnvGYd7zbYexfZm1Z6XBnvAsFd,0.37104838,26.27,0.37104838,26.55
LboLeowQWkntnNGsmt6yV33XKMnHzCrMqz,0.34384966,24.83,0.34384966,26.53
LKkDtZshsVuttnfVAiMeYinTu7BxjK2vmf,0.38,25.6,0.38,26.53
LaG2dkHzsCz7pHkH3Cw6XZYJFFrvt4VEU9,0.34378338,23.62,0.34378338,26.53
LUYx8ih6HV6HRVkAcGvABQtow5FhmYB4aM,0.26974364,26.52,0.26974364,26.52
LVvXEgdMc8fXSpcgpUCALRSinATMe7KhX1,0.37866835,26.01,0.37866835,26.52
LdNt1wyLPUkoR1bdLiVvPUq2QSfJw67WAP,0.34338612,26.1,0.34338612,26.5
LNFb27WZTWW3tRiYCKpwkDFnhom3rQcq1t,0.38410209,27.97,0.38410209,26.49
LQtcgaeni4HFySYoEr3fNdeD6XjJvbYMyM,0.2707291,26.49,0.2707291,26.49
LTvBTWFLkovBTagfFmevoPgSgyQpQXXABt,0.41111476,27.27,0.41111476,26.48
Lfkoy6jxPvGGU4Lz1FUAdVgXizy3Kguc7M,0.38696125,26.33,0.38696125,26.48
LNp4BAN8WZ4qqXqeYBwdyWQATNd8dvij39,0.3,26.48,0.3,26.48
LTgLzUzhhkK9b927nBupYoBs31f89iqrwN,0.40045111,25.74,0.40045111,26.47
LeuV5eeySU7K7HcgG5CEMnh2P2Az8coVR3,0.37732843,27.05,0.37732843,26.47
LdYfQTE8QxMw3xF4SpFn6QoDG6sN8rk9Vk,0.38841312,27.96,0.38841312,26.45
LX1B9oHUz2hwDURzak86oaD8M26Qe1adDz,0.39616111,27.11,0.39616111,26.45
Lgg51HDgaVwBQViJyWrLo4Kpe4YSnNBCVL,0.31740214,26.39,0.31740214,26.42
LZ8zJcpDyEtDUSAupAoEjixToK3vzuh8pF,0.37356993,26.36,0.37356993,26.42
LehDRLGQcPgGZvXi8kpz6DoitzyJ17wYHg,0.38131554,26.67,0.38131554,26.41
LXutsTdkFUaEaQ8E5wJQN6w6DbHHvyJJ3x,0.29151317,26.41,0.29151317,26.41
LUcyGWUt1CYmygDqogZuGV3V6gjC14A6GC,0.39929049,26.4,0.39929049,26.4
LdjqCXgTKZ65pGsLMRUwJrTB1W7DwUBrdL,0.3,28.34,0.3,26.4
LZWPgyTFs3xKZx6V8eho79KWVMNS9Q5YUb,0.30702521,24.09,0.30702521,26.32
LTrg3XzMAPoEwUbFX3h1b4wq8qMPrxukQg,0.32892463,26.37,0.32892463,26.32
LVto8ZAHUaVEKfFv45VzA4zizJqhQaCHzH,0.3769,26.65,0.3769,26.32
Lfa8Zr9Q71JfbGdtaQqtVMqYEkic6iJXaM,0.3075894,25.79,0.3075894,26.28
LarDDjgNvY9q4cvWRsRBbT5f9n3anqbevd,0.40093552,27.01,0.40093552,26.26
LfJbQ4mMhPM2b1UY5kJpssWzodtD2qqiES,0.3049593,30.12,0.3049593,26.26
LV2BVcLDAP3BnV1qUWJNmgarQidizbJoV7,0.36686029,26.25,0.36686029,26.25
LL2X3k6D68RfhyJi5M5VAbZe6WwaySLCct,0.31569794,26.24,0.31569794,26.24
LajcRQnXwP1nwLCSbzrNgv3FgXJbEyfsGt,0.29698904,24.47,0.29698904,26.21
LbHgauJK2AZtEXeRGmKg4aeggyaSoc3G4L,0.3556782,26.21,0.3556782,26.21
LZWyAQ41pAtS3m8Lq4QV9m1khG5zQ4qvU6,0.29696221,24.47,0.29696221,26.21
Lg3AZN5PyqkVks5TDKG6jLsHCdomiMehcW,0.32625129,26.74,0.32625129,26.21
LN9aF1FQXiw3oqdmYNdPeS1AoYhWrL8eiC,0.35230414,26.54,0.35230414,26.2
LNkTrHhZnFhJU1PFDDSaBVirKNiPrToWw1,0.37108505,26.38,0.37108505,26.2
Lan49RrRpL4mef2NEQaLC8cwLnYL4R3dyT,0.37584636,27.58,0.37584636,26.19
LXUDWRXQob5PWJCmNhRi6kBkynBgBG1LHK,0.41583012,26.18,0.41583012,26.18
LcKUFz3zWdmzZDGn8tVMib4Cvw9sYB3rob,0.3999,26.13,0.3999,26.13
LeeM5PXBejdeNBWUbffdGx6dFgC2Bg95My,0.31269034,26.26,0.31269034,26.12
LgLm5wHA6Hqp6BRKfzK2dXf1wb7qAWRuVN,0.34114271,24.99,0.34114271,26.1
LXHmx5C8Rz4MRWWAg7LFTJGLwb7Y6nHf7o,0.35,25.89,0.35,26.07
LLbPefuuJmjciaGepxDFNUkLyxkXjrVZXT,0.33775975,26.06,0.33775975,26.06
LhAQNaNGxJQcnfteBpM9x9gh5Lk5oMikN3,0.36506175,26.05,0.36506175,26.05
Lf1tDKXCkhss2b964UTkqGynYLGBDh9kCr,0.32,26.2,0.32,26.02
LUdTS3Qw3QYyBPXSZEhwnvBJYPX6GLrdmR,0.359,25.98,0.359,25.98
LepV3u2GD1NNiuqxTPVSQCpJvcDQmm4mVr,0.29524823,25.98,0.29524823,25.98
LQp6wzbWuYQ61pogQLth74NtF3oJEWMSsQ,0.46300124,25.97,0.46300124,25.97
LPpun4Ty2tc4tUU1tK75zbpZTaH1XXnTqT,0.25,22.66,0.25,25.97
LRkEde7yrtrqi95WKUm8v35uZQkwr3GhKC,0,0,0.360737,25.97
LPkkK8tChdu2gFs72d3h18MsgH8Pbn4aa4,0.40309467,26.73,0.40309467,25.96
LNNGRaQH4CHe7ZgDChSVnQ19V6USnMj4SY,0.32396412,27.68,0.32396412,25.96
Lc2W7FQYqRz2Yd8KjzasUxHcefv1cJmPji,0.4257141,26.42,0.4257141,25.94
LVMvRyMrg1vyrPeMoipVjQwEfSYXKFY2mB,0.33181893,25.92,0.33181893,25.92
Lebo1Vn2W4JgzWb4s14vqbRDhcAufMAcqD,0.39620761,25.5,0.39620761,25.92
LPNEPS3a3V8guVeWgSw7ZLqTtyt5wjV5Dr,0.36026811,24.78,0.36026811,25.91
LQ8ud96wCDjhYU1UR6AHeJN4gxoUPZrUL9,0.39480752,25.82,0.39480752,25.91
LdbUDh6ModP7joCnqMuH4WzEeYaS4u4iTJ,0.31711552,25.91,0.31711552,25.91
LbcZGHn7UzwbojGU96zrDR1cg1i2g4SdLV,0.39874963,24.91,0.39874963,25.89
LL1nrDA79BqSA8uHzcrZAkT1MaNDHFqhAz,0.305594,23.97,0.305594,25.87
Lgdav9YfnxgXtkSe4T78PugKYq1WAhqYVr,0.39574595,25.66,0.39574595,25.85
LXSGjdgHu1bCE1oEAQaHjkmVDXpP8RTRey,0.25444156,25.85,0.25444156,25.85
LMdrUFY1p1mquYMNYmRrqM6qSbtrK6XVmi,0.416483,25.84,0.416483,25.84
LPFjuaMyWwuckyQ3ya7Kcd8NyvVY2J6SCH,0.37,26.17,0.37,25.84
LdxwazBCswoBaFUPcWkpzhwPpqJAd8P1qt,0.36428885,26.29,0.36428885,25.81
LYn6tc9ru9G6X79i7mkXYF7AU7xKFdyMdy,0.37881777,26.31,0.37881777,25.8
LL2wC4cxZYk9deTVZbPFp6rLWwX1jjUTa2,0.37874054,26.44,0.37874054,25.8
LiJzy8jePyYtqbM9WTc2BteQeEciKLjpmE,0.36103668,25.74,0.36103668,25.76
LUpKhi6ZSMVpBSs5eWZ4dqEVViyNsMdftu,0.35869755,25.58,0.35869755,25.74
LiFBDC4HSQmQNa3fKraW6Pa2k8f5wBStTX,0.36316752,24.8,0.36316752,25.71
LcST5fo8QjKYvxNcqJaB9bjL8q2tWRiKFM,0.33309921,24.66,0.33309921,25.71
LKmw6pF1SGzuEhZg8X6pTJn5bUNky3cx8i,0.333,24.65,0.333,25.7
LQQMt5Eoj4JqtPQQySVcamXvMZr5ymJ5wH,0.32464625,25.48,0.32464625,25.7
LNJBaFV86T4kFVYkJ1te4UN8CgvDT6KYGK,0.33266222,23.21,0.33266222,25.67
LVD5dh839iXnqmXhJjXwB42tdUVTdpGSNs,0.379,25.67,0.379,25.67
LUM7z2PmfostBDnr7NZNum6DX2CFNraeeZ,0.335,26.46,0.335,25.66
LXdwJXsZJidZqVRA8EXk5W211upSPJ1vzW,0.32084974,25.06,0.32084974,25.65
LhVt9RrDbyTvJ6RXRhi255BnrUZokmoV8r,0.34664285,24.74,0.34664285,25.65
LZzy62YmGBPLePb2fChwE7wyfBUdT6zGco,0.2399,25.61,0.2399,25.61
LdMpaZ14cBujQ7jTifapqExrPtPBvYKLej,0.3665617,27.13,0.3665617,25.6
LMXJdcscr3nSmphd1K2xtueztSx985gP8W,0.40875956,25.6,0.40875956,25.6
LP4zd84J6viUcke3uRGNAnA2vmjRHbuHzz,0.33173513,24.56,0.33173513,25.6
LM5viN9FTyHHzdAyQqYqytWYGcfXNdYScs,0.33101844,30.76,0.33101844,25.6
LTW92Ryc5FTUqjkHNNvJB1UwFFggCJQ3iF,0.31929391,27.28,0.31929391,25.59
LX7NWkWeesKGtgF2B5QzpAGcVb334S4acq,0.36732412,25.77,0.36732412,25.56
Lgdcp8M6D5sMM3VLxs5qyUU6mJ1DQkQVGG,0.3547685,24.87,0.3547685,25.54
LcU8JRykBF4kmJD2TQrjyyfQmMVpLtFuWG,0.36482895,25.01,0.36482895,25.52
LenvQ3vYVcbTqZHCtGVY4U36mHVbm91wFN,0.30045722,22.38,0.30045722,25.51
LXKi7qi8mebRohivBmvbXsj9diket7EvQn,0.3158,25.25,0.3158,25.5
LYotbV5BMqXp5rTSA3sUXVDCLS9xp6ybcU,0.313586,25.1,0.313586,25.5
LP2XNtXZBnVoWRFyXkUsqw3G7THgEpknDx,0.35422522,24.83,0.35422522,25.5
LdLhtp5QP6kihNCLQuncoQGJxdFsyGCFk9,0.39311263,25.06,0.39311263,25.49
LKiZJQtxsL6KGQUSQuKJNFyxnwamwrmpgY,0.37374006,25.46,0.37374006,25.46
LY7ArLo2FGGW8cKifwUdtNhWMkt186emPM,0.38556447,25.61,0.38556447,25.44
LavCQaniFdLPdrpu3jxrsXnErTNxABKYLD,0.32969982,22.82,0.32969982,25.44
LMuUm6EPy8V5WqUhNrNKaWX3aUbpRJoHXb,0.28593555,27.02,0.28593555,25.43
LPhjtEfwtbcDVExr4ZSzHcqdBZ241dqt1e,0.35081773,25.39,0.35081773,25.39
LZwqC3S3WhzWsTKzeXZMxB1A91parnWSTE,0.3508046,27.07,0.3508046,25.39
LTzrGX9udLMzfacM2qH61y5vF4cNwMsdqW,0.38141664,25.38,0.38141664,25.38
Lg9VtPEBrs9g5G9LThthYr1Dzi43XYXXMG,0.35797153,24.44,0.35797153,25.38
LSh5Pp563moCGC5z4BVLKF3pmL2Q2g2y2V,0,0,0.350492,25.37
LPresSC3tcD74v8GVFZv3KLxUQDTZX9hy5,0.37986897,25.96,0.37986897,25.36
LTogkMb8VWa6PPtXhGyU5rTbHS6NchMNhA,0.33937463,25.79,0.33937463,25.36
Lf4SqoeiMKiDkXJEj5UCs1bNCB3BoYsiki,0.25767649,25.36,0.25767649,25.36
LMnEsqyvkTLeX829dF1ikPSh3qgaeAcLp8,0.30366905,25.64,0.30366905,25.35
LUDA1pmp321zJVhoKG97hGc3S7PshPBbDP,0.39951976,25.35,0.39951976,25.35
LfLuFvwQcmuRuK98Qt9WEt1rmr6TReygmB,0.40998386,25.83,0.40998386,25.35
Lh8rggamJtSzn9WuhGABHBgxRbbiHR2CSt,0.31595625,26.25,0.31595625,25.35
LXfW5hC1xSdnu1fCixLwgV3xZzvG8DLqPd,0.31436655,25.34,0.31436655,25.34
Lg2qijerVL7NBzXtRABiJggzYL6Ys6ip3L,0.38791589,25.34,0.38791589,25.34
LSs2PEGoRkZJQH3BriMxNk88VpaZaFySPN,0.35208573,24.64,0.35208573,25.33
LdL1zBmHMGJU3DaNgUB5i1H42BS3ynG6vg,0.37213154,24.37,0.37213154,25.32
LXBVt7yy32o8Wu4FjCSjBEXemhzXjba4mo,0.37917963,25.07,0.37917963,25.31
LcrF3ACxzE4V5BukhAHp1XpV83dutcrfLn,0.3384358,24.65,0.3384358,25.29
LdwUvAFajr4XVEKakpMppKQfLGskhudNpc,0.32765438,22.78,0.32765438,25.29
LUypU2PAWSuF3VVb62rNswt94NvgUggYoy,0.32765155,22.86,0.32765155,25.28
LhqpMnkmwkoD7Emz1HNWsSM6Nqo4itfRCP,0.3746439,24.54,0.3746439,25.28
LPFWssujCj9KkD4yrT1AnLwaDeeY5mtXPW,0.36943367,25.25,0.36943367,25.28
LMap61dU3PoiUNm6D9JZT9172RXcCH8Rx2,0.37136137,24.9,0.37136137,25.27
LUPM5WCThaCb3iR2eFuJRW6Uew2LgprrEM,0.37130877,24.32,0.37130877,25.27
LREXx1EKeDvzc3rRJ4wVTbNnLFMt6dXeK9,0.285,23.98,0.285,25.26
LeKTXQjWYuewp3kNq9jzfBDPgpEty8ZqyP,0.35119866,24.64,0.35119866,25.26
LRE3WYutyQLGBMzurf7NVnQGJz79An35T4,0.24055279,25.26,0.24055279,25.26
Lbx9zbHrGS4KyCd31XKN69Qz55mU1pLvWk,0.2446,23.93,0.2446,25.26
LeUpyKYLy81TGuz2KrB1NTUYA9gUXczrtG,0.32709121,23.08,0.32709121,25.24
Lc3db7JG1puQmjzYXHLTsRrjMttg3RQ3tR,0.37265524,25.23,0.37265524,25.23
LUYPf3xc538ooo85dNw6VJLYMJ7MPhbrvX,0.3400346,25.4,0.3400346,25.22
Lh82csmXJapggKYL3nFFdfzQG4MYoKarZf,0.37013251,25.71,0.37013251,25.21
LTYZKL9BZcnEC7mgzorvwZsjxRM39mXdnF,0,0,0.345598,25.19
LU8VZwfpLv3ap7K9bFu3yCLpme6dzSWLxb,0.36079103,25.52,0.36079103,25.19
LVn5b5ho3fDNFrpZe1P4pkMnxYqdWQYGWj,0.31294266,25.19,0.31294266,25.19
LQy5vXSuSwfHhtKiz4A22Aq6nc6bbmDF8R,0.32644178,23.46,0.32644178,25.19
LYbGWNcp1mx5ZNhu7hWyzxga2ksYyTAEQ6,0.349,25.53,0.349,25.19
LSJjpP8LBrNKoQiaNZzXh9eMKpjqzicLad,0.35163988,24.8,0.35163988,25.16
LfDKeHauEo6e1SLXinaDJGSdg7y68U6Lv4,0.3909,25.54,0.3909,25.16
LaLe61T75LCDmFRZZ2sF7LzyuGDFmGAWZ4,0.361184,25.5,0.361184,25.16
LRSDjxvN5unNVbwfzaQrc2yzUHSrxNxgUQ,0.32591499,22.97,0.32591499,25.15
LQRpEbRJcrdgJKUJdtdaLp71TtbMAzrbee,0.3513656,24.79,0.3513656,25.14
LXEaUKGGpStuAZpfa4qN4f5XjzVazR4aCD,0.40841535,25.08,0.40841535,25.13
Lc77QWEgMGTCEtiuqGMpxwMM3TNfVYYb69,0.36878925,25.74,0.36878925,25.12
LZPDrKwfEWQeUAAwTtZdhxP5Xxt2bX8SDa,0.3476,25.18,0.3476,25.11
LYTVgvuc6k7UtB18bXx38ca5fXcTYetnTA,0.325304,22.95,0.325304,25.1
LKosctSpTZoLuL7F7FevqeEetcXZ8pmhnF,0.29568303,25.1,0.29568303,25.1
Lbv31xJ9GN5ta1618Wsafgb5928gpr1VuN,0.34970044,24.93,0.34970044,25.09
LPP7QWQUXhEKj1pEJoExSgJoN9hTQngLfF,0.3499,25.78,0.3499,25.08
LZdfzAeecrYZd4spuCYhbFHP2qNiBASQPM,0.26641954,25.51,0.26641954,25.07
LWR4tGF68YJN53qaW8XpS8ys7oqxTE2jmW,0.34930211,24.91,0.34930211,25.06
LMecx1uYJ3Gwzk2gpGcvM2GoHA16XU2Vvm,0.338634,24.26,0.338634,25.06
Lc7iDpg8Upxiw2Yhwwz9d3WQ8i7Qnfv9dA,0.37953892,25.21,0.37953892,25.05
LKHmjFCLk1HJnZTLAxGuA5Cwdw9Ss45KfN,0.2930872,24.15,0.2930872,25.04
LfZ7WcrLdqg6AHoc1jWVRZx8h5rBwtpoAu,0.29982069,25.18,0.29982069,25.04
LSUjA2DeunvzQuYPZkChbBDqq5yx54q8TF,0.24348564,25.04,0.24348564,25.04
LQvYXZJAw9xu5CRMRT9i6pWnkj12s5TjDH,0.3383677,24.84,0.3383677,25.04
LexAuJCNX5FAmXPot1ogEykmmGewuz21h4,0.2999,25.32,0.2999,25.04
LPVHRhfZd7kfAKRMfNcn82dsiaCRTH7UMM,0.30646412,24.77,0.30646412,25.04
LhFAZSarr7aThSytDNf1RNioK2FGw8KidU,0.37828347,25.01,0.37828347,25.01
LXVvZQdYGPWuapAKWwJHUPMBMroNN2bx6c,0.35033706,24.98,0.35033706,25.0
Le3grbTA96ZEUvWJeUCCE4CtfbA41XdVAy,0,0,0.312661,24.99
LQsYUCbMf7EuQSL6QemSnvYVUPtNmbbvZd,0.36899884,23.72,0.36899884,24.99
LeQMAcFoukNBECcGTtBEP9g6NheadiNQjo,0.35038292,25.55,0.35038292,24.98
LXtYHYAG3ouJWBVs2vmDMi4CxKt4NSLgKH,0.2418,24.57,0.2418,24.97
LPtf6S6HsBbMvr95x4CHRVnq8q3ArPRsME,0.31612385,25.05,0.31612385,24.97
LPEE7vqbLoho32PhLfbYZEcb9KEzFeuXMX,0.27815789,26.17,0.27815789,24.97
LQ4k6bVAkcj6ABApDhs2VZacvw6U5wa7Av,0.22886654,21.54,0.22886654,24.96
Lbsd5ShGwqFgtWBuk9DEhfU3Vz8Xm3m2Rs,0.309,24.95,0.309,24.95
LgFeZMDaB2LkCBhgbvuSUg7zerUVKycZER,0.30999661,24.84,0.30999661,24.95
LVXvSYVerN4FJsXTiqqkG9RwPm5ERdq1ua,0.3842945,24.72,0.3842945,24.95
LgtJawMgbzBayr78idx1mBqKwtQUgLByLK,0.31931872,24.95,0.31931872,24.95
LbZZjGYWeST1BvVRiPHBs24f6WMho788fm,0.35618635,24.88,0.35618635,24.94
LcovJUhC6ndVadoW2bnTDaawox6WsRyBM7,0.313,24.94,0.313,24.94
LV4xw21fKypmDbiBMWHjvwJT9icejk8Xoq,0.373526,24.92,0.373526,24.92
LP6Zzx6KPjG7M7zcM6b5gXy53oKqjRcvGp,0.31842048,25.38,0.31842048,24.88
LRUVXoyGPdNLDVkv9FSkL1RA3mzbwvwQ82,0.38833091,23.88,0.38833091,24.87
LRo7QkPizJP8B2Su3KVn5mDQBnxds7H6oq,0.38025642,24.87,0.38025642,24.87
LPAYa6nnSBHARDjKwtaeYWgcRk2DE5w8Kg,0.31032973,24.87,0.31032973,24.87
LXoLKgZjMNV9vF298PsLfw8Tq62CwY2TTH,0.29524296,24.86,0.29524296,24.86
LgG9BPpZodP3MhDRTXe1MVmJXVSroXdMzt,0.37242813,24.84,0.37242813,24.84
LYXRh1PiLGJBucgtbNA7k3PqewJbzngQ11,0.29744063,24.95,0.29744063,24.84
LYPFy3dG4u1U989gvz4yrdYiY1DSoj9m8M,0.30297983,26.95,0.30297983,24.82
LKc6upAPN76LAtFRQJX64Z7xHViRLFkc6r,0.3664498,24.81,0.3664498,24.81
LXNTu1fJMRFtu7tqX1SvR78mJmswYDYPxQ,0.3092911,25.69,0.3092911,24.81
LeHN6XCQ9vcA6jiFESf2gFqUnLMbX29X1u,0.25209132,24.81,0.25209132,24.81
LW8dnX1kzGmy6GPvtQYEJwsA6rqKXM6DL5,0.2969421,24.8,0.2969421,24.8
LMmHy5XPtGR9DfcDhqJFMhDGg5jRQbD49r,0.35534566,24.81,0.35534566,24.79
LQ2sKoPjJkf7Z5q4cdfdf4XgJLctfBVDbJ,0.30475579,24.95,0.30475579,24.78
LTjSWVFwxTS4C2i2nQwdVGHuYngN3ZkKG8,0.31589797,27.41,0.31589797,24.78
LPHmEJY2N6y2JQjCja7GgS9uC32cAH4Pwu,0.29647834,24.74,0.29647834,24.78
LQRucjg6EtMYusbwAoLJJVcKDbaELS7Gt9,0.29681292,24.7,0.29681292,24.78
LduHUYuarN7ho1o7X3FTMkeqZHU9wQgJmf,0.37926732,24.78,0.37926732,24.78
LKYPLYTCit54s5duUxwUQde14HgsLKwtF7,0.31367061,24.85,0.31367061,24.78
LV2mez3wjsBSngPF4GcsuQprxYM5KnSBiU,0.2926649,22.96,0.2926649,24.77
LMA3PutivH8YPJ7Fdup2DzQPBnwrdWVXb5,0.23985972,24.28,0.23985972,24.77
LUuVkS15ANTJfBev6bXvKFBsxVzJmgxFkX,0.36375789,23.83,0.36375789,24.75
LWrLPEQNokGxJhtocfGZCzk6DNyVfnj3MR,0.37506387,24.47,0.37506387,24.75
Lg2xdheTFdZUdBGya7zh4k2hrFbfw4eQ8N,0.34258707,24.82,0.34258707,24.75
LYzkMrQVPcp2dEJasbb7RaxgHMDgK1exbw,0.34258581,24.82,0.34258581,24.74
Lh8vVkpDBHbfEimEDt5o4D31qk8gBhNy3h,0.29624242,24.88,0.29624242,24.74
LhrXMh1aDBCJ95mM3VJ1ACCFiEUs3ErZaJ,0.33754668,24.74,0.33754668,24.74
LU8pwrpwuZR97ePxJpv3kufnLfwxya37Qe,0.34361694,25.07,0.34361694,24.73
LaFx5tAEC4BDFRiCVwbznL36DPLKN6imMx,0.278,26.27,0.278,24.73
LbiVx3opXnUgUhcUyYjENs3sCuBXKkbcz7,0.33944501,24.86,0.33944501,24.72
LW5KPFjfurHcg7gvH7BM8ZRctbZqV1TjN3,0.29710022,24.72,0.29710022,24.72
LXjQq8i5W9djTW5uxYL52dRdw1z3bQCfKM,0.24504479,21.82,0.24504479,24.72
Ld3Zf21WN42oZ5Amskbvfaiu1pLxUaU3Pq,0.27279435,23.26,0.27279435,24.71
LZ4TaeYEviK4sEsxahmN7vyT2ozQTNs9gh,0.34210177,24.27,0.34210177,24.71
La3ow26D8yekLRjh3XXj8CDdHsyNba8uyF,0.29599774,24.63,0.29599774,24.71
LeoDtZZuPfMSkyk8Cy6GmqWJamwSD42nYt,0.38187987,24.69,0.38187987,24.69
LRzKnMsTeB2sJMNmhRuQdUP8mJUMSEtxjK,0.35779435,26.05,0.35779435,24.68
LNqLErDKiqWHPd88766Ear3sXdcU3zBREe,0.34575371,25.31,0.34575371,24.68
LiD21rt8FXQMgCqW2UFEkJPFmxPxziNDmK,0.28221654,24.93,0.28221654,24.67
LaxRfrhQrcoTvgM7XRYbEusEi9qCYmkFrn,0.24279435,24.67,0.24279435,24.67
LVA5ibjwX5Vq86UpZqevZwSEG8aMgE1mM4,0.29009435,24.79,0.29009435,24.66
LW2UJZJAVLADzS3KLmumk2RFB8ncWK8myz,0.23739111,21.52,0.23739111,24.66
LWcgoz8e9H99LFdGRgqjVmDd3MNfVDa3DK,0.25282659,26.26,0.25282659,24.66
LYzDThPEHgcgmfWh7WY4VSZ41hZcevYKm4,0.30317729,24.82,0.30317729,24.65
LZKmPGVyMiXsnJ6pA7yYVFsUzuX82GiPwM,0.34594187,23.92,0.34594187,24.65
LdpVWQnRzVddC543myZojBUanUVnQMBCH5,0.25049435,24.65,0.25049435,24.65
LQy2d37so9mX4BjmRzitSCdF1yFfXMPTrx,0.34219391,24.97,0.34219391,24.63
LKoXiJuzaUMQQNZFUBfN3EWx1QM94d7SqH,0.35703198,26.0,0.35703198,24.62
Lezj5RQRZoZCpKHU3t2Hg3wMXTGjyRr2J6,0.37915592,24.62,0.37915592,24.62
LTkvpuotxQ117QCAR4H4fEonCY9wBcbitp,0.25029435,26.72,0.25029435,24.61
LQdsWjPXRJ21S4gyd5Soox8cMymg1Sxe67,0.37621302,23.27,0.37621302,24.6
Lbk5QYVn6bK41MUUgXx9RAmMB4GAP25Zsf,0.35235756,24.4,0.35235756,24.6
Le1wHX1xHPJTV2LF1i9rMmkp8BwU2hC1sj,0.27866389,24.7,0.27866389,24.59
LNY9A3dVtJhAUH36Zgpwmitn781VEXJe1x,0.36866943,24.68,0.36866943,24.59
LPar2stBYPxZhZzM78iVgpmGghNAzDbUhA,0.3065635,25.47,0.3065635,24.59
LVQ2wBvQJtQBuZpQ7GjdD8hKERo1mq5VKt,0.3926629,24.59,0.3926629,24.59
LMajgVhFSHLjEjSKBunb6AoeN18jrXYR5a,0.41152379,24.99,0.41152379,24.58
LW8N6ADexLu8fMGHjBrUPWDdFgQE6KSBUa,0.36840887,24.58,0.36840887,24.58
LVWradf5Jy782mnZQNmtSQky33qeFWRYpc,0.29431757,24.89,0.29431757,24.58
LVunoiSfc2X1MyP1vK3wqUkxczXxxfr71k,0.29362557,22.99,0.29362557,24.57
LNJ5iFsBsxMZ7PXjp5s7NaBs2ve55RKjts,0.36487075,24.56,0.36487075,24.57
LiSgWPSZ7g61pzNp2Vn75RSxxmCyvP8S5U,0.368,25.18,0.368,24.57
LcEiCege6ZyRt8GmXDzEAiJZrDiUq5Zywd,0.35708558,25.45,0.35708558,24.57
LVdrAk2dvwbYnTN7XEZi7RjviT9yU6jVSx,0.23882335,24.56,0.23882335,24.56
LXdxSNcWRue2rsk1c6ZBVGLHugg37eLXrx,0.27109435,23.11,0.27109435,24.56
LNz6m5cZL4eAyEviBYk9eVfBGUL1vEEpZN,0.32913565,24.55,0.32913565,24.55
Lbd1dABQfEF2bL2aN4ucLfbbZQgHY4oY8w,0.27896817,24.78,0.27896817,24.55
LT7EN7rreQkeU7GMCj7E424EaE3iB1fxQb,0.23764486,24.05,0.23764486,24.54
Lhdd9NQLXwC79UP5KjoRQmi8BGDsb88nSm,0.34984435,25.08,0.34984435,24.54
LSJV4eDDGGr39188KAVLStxTAXVUL3tuLa,0.36430649,24.39,0.36430649,24.54
LN6Sbaj3whrZRYcgvner2kpJ9Po5CFVMEG,0.383,24.53,0.383,24.53
LPkpWUS85i2BxZQbBmqJJBjmxAC8cG3eK1,0.31712686,31.32,0.31712686,24.52
LYU3UAjoU1kH4RXRcRWS9RtEH72J8ctVgA,0.31770744,21.99,0.31770744,24.52
LNw57Dm9VdjQY6BePpSrjVSKLGMWooChRc,0.34386135,23.66,0.34386135,24.52
LgUK87NJwgCeWnA1c315EhLd5PcQBwYqB4,0.35183487,25.81,0.35183487,24.52
LNEBEs4XLp7HCDXhLT1kWcoHEr6G2mXnar,0.36386128,24.51,0.36386128,24.51
LfHMPJA4rwtEFsaCL1Xsghe3TweaaNHVBp,0.378,25.16,0.378,24.5
LVpW7iPVHBH11mrfYxWV271BiU1pqYtGuu,0.38888126,24.5,0.38888126,24.5
LXZEwphpTZvgHUupchmGuJhfyYnrgnodLQ,0.278274,24.49,0.278274,24.49
LNxP1WQoa3U8z3ASgi46ep3anKx8fRkKXn,0.36324296,24.47,0.36324296,24.47
LWVhYvAWvpBeUBecpuedLe8TWf7CyDgKRa,0.31696101,22.2,0.31696101,24.46
LZ6SGNLaamHBkSvuiPiHbJzpDz5oatxSfx,0.29299774,24.49,0.29299774,24.46
LQFX1UKJqqcsw5KAEnD85kzhbMQbp7DN8w,0.33055904,22.74,0.33055904,24.45
LbN25SDNeaJZJ2fdHoP4Tz93rRChVUF4H2,0.351,24.85,0.351,24.45
LM25svmryLUgzaQ9uae3Tq7vfJfvs11o4c,0.36616111,25.06,0.36616111,24.44
LQzjtqiHNjvfdAAsVAeD2aPAhJAwAz6YLc,0.31662951,21.92,0.31662951,24.43
LThMm6944QW9mLeFTRBVU8ncEautYtWY3p,0.28725579,24.18,0.28725579,24.42
LMZWNXM5zZKNTEZkFXohUjLRhkjzMcTSqv,0,0,0.31629,24.41
LRhaSRiZGNYznZATPdKdQE6RtHxFSE6Je1,0.22856256,24.4,0.22856256,24.4
Lf4BfAdWJErxkNvsXsna4TUfAW9GeCC21P,0.41900304,24.4,0.41900304,24.4
LNcehVPvDhBza5VuGNJgseaUrMUvcX5Xed,0.35007285,24.39,0.35007285,24.39
LehNP5b4Hcfz8BQpKSGG4f4vvuPVwBGwoC,0.36629396,24.38,0.36629396,24.38
LgT55vNUAqxVdjoUiLPykoFaSqXAU4H1JR,0.36389435,25.04,0.36389435,24.36
LKfCDd8Jo8xVJdmEYCWeu8JkvEoJCqtbPs,0.2767392,24.61,0.2767392,24.35
LNKUrhrj7fRJDg3itnxvJjhyHPJ3VyDMY4,0.28549907,24.77,0.28549907,24.34
LbPRcHkVkNKSYWwSer4ymPFupvoQmZZpzB,0.2765,24.59,0.2765,24.33
LZk2sn2tU1xMTKWQNA4CfCCYj1ZnzpeLnE,0,0,0.315282,24.33
LfBjHS4yQP5pYuYVQDUcfeiGkLMFPZc1TR,0.302596,24.21,0.302596,24.33
LWkFmrk2fnQZygFgJ5FNbJEGeJvchdqhaD,0.27550772,24.42,0.27550772,24.32
LPTctjxVU1gU7ZKnuHJDhgSyiZkuonf885,0.28454893,23.45,0.28454893,24.31
LP3gNQckwbBT9uDMKq8P7BGnZrzUA3dFRy,0.34058694,24.93,0.34058694,24.31
LUebKRLX9CKqbHENb1AFQDGeLhqXNLEisB,0.25827495,24.73,0.25827495,24.31
LfWWQVJZykZeKLdmGeadY1c93kg9TEuQ3r,0.28445386,23.56,0.28445386,24.3
Ldt4SQKKqYVHWumj1rqsxUvLWDQ2c8NAPv,0.35079435,24.3,0.35079435,24.3
LKMCNUWQDadyhABGohcj9o62LQqCWU4CTe,0.36753534,24.29,0.36753534,24.29
LQP6C8H4hECt7QDFnc3nHJca6Detb13ywX,0.353,24.29,0.353,24.29
LLWFA7ZcKspfKuRxxWsmS7sKt8YTMtxusc,0.222677,20.96,0.222677,24.29
LVAnR3Ggi2o7VJrK6o1ZbJgJcYgCsDs6rN,0.33156685,24.28,0.33156685,24.28
LUoniN8KRX1Z5w3VQedRpJi6bfx5rn1Mc3,0.28418521,24.28,0.28418521,24.28
LT8j2iTQQUGaBP4HsP881k6CTmqZpfNgVg,0.31461066,21.81,0.31461066,24.28
Li5HuRhEy1fW3XuXZu24odQk96siS3f2Tt,0.23509435,23.79,0.23509435,24.28
LL3ZcM1ZJ4ivhpx3SZVtNScBkviHzNGP43,0.34028149,24.27,0.34028149,24.26
Lh12T1Nv85J3qQ6cKxzYrmoPHkCpn5pbeb,0.34717421,23.52,0.34717421,24.26
LbNxJZhFDxkaoc3PXuKfbUBTo1MRPLei3d,0.29017857,24.25,0.29017857,24.25
LaJNNRJcSDad5rNSxSCMcXPjauk8EpAo1T,0.31427356,21.82,0.31427356,24.25
LLLPopa8KsXHjmMyqr6EKFak8jk4X3qTaH,0.3471892,24.55,0.3471892,24.24
LbXRaQk4idxKhToneWsfvWSe9PZCv1L1LD,0.35589432,24.72,0.35589432,24.24
LeRXkQxnURngcmNkBufQD1VyPnDgfcvb6k,0.3748544,24.24,0.3748544,24.24
LgTUR8QQEt6U5t3ykKV4SnmymzqUutNnYB,0.2999,24.23,0.2999,24.24
LWFcncppNsZ4ogiWRArPH8WrKJ4iD12qmy,0.2999,24.23,0.2999,24.24
LTnV7qursN8dLwmpEWVBMS67Y2aQuoL9B7,0.32741904,22.56,0.32741904,24.22
LMQcxdLtRp6MpHntRCur364exiF9Z7511X,0.34486586,24.19,0.34486586,24.19
LNXHTmzMozFwn2wCuVpD3PZPmWkDBfPobx,0.33708254,24.03,0.33708254,24.19
LQNJWso3gTTnSLhXXHXB34tCMW63MzrtQn,0.38107668,24.18,0.38107668,24.18
LLLQGKqCSG6vuYBVZWA4V9kcAYJXMrH55K,0.299,23.98,0.299,24.15
LPj9poXtviJnnhEiCFZzn7bRJYfK5Lvv7B,0.33831607,23.57,0.33831607,24.14
LLnkieFEoERsqYdqCSXP2VoGjbskLkexjr,0.37230177,24.78,0.37230177,24.13
LT9SHg2NVjepmBRE3KMueoGZ6Jfhpw4UTu,0.30889435,24.13,0.30889435,24.13
LNxa5PQYXhxvoY79prwNbY1HUvNdkTwxwT,0.312686,23.25,0.312686,24.13
LP97Pa7XwmURGxDZTf1NxnC1NjHunR6W4x,0.27419435,23.55,0.27419435,24.13
LSkmZ1ecm62d9Jc8EzGPtukhSPtrTmfu2S,0.38026001,24.13,0.38026001,24.13
LQWxeaHnCy956jRdzZwcQQ5YCKnABuVxYY,0.2944095,26.18,0.2944095,24.12
LfM1JjbYL1JZgG9vLaMrWqbhy6kVLHwmLT,0.32908958,24.1,0.32908958,24.1
LZSqYiu2q4Wmqtq2iNQqdMWzRGZULCwqAC,0.30145925,23.55,0.30145925,24.1
LPXmGRtXdDnZHpnfyP4sAcAVtQvFBZFfLN,0.338,23.93,0.338,24.1
LV3MUmcbpCJmrnREYB5QLFB9e6FFFBUMZs,0.35981482,23.5,0.35981482,24.09
LNXGS3VyKftCZwxxgvX6N4rCXDwDBmwMWJ,0.33476625,23.57,0.33476625,24.08
LTjefk9Lgi4V4V1WgJbrmvBRpA1QEfgCSh,0.31170044,21.74,0.31170044,24.05
LYj2jsgGGVBouPe9Bi7o4VRC4iyrqYResU,0.36773799,24.02,0.36773799,24.02
LXF8DErMkX8tu3so9o46MsWTShM1Voco5N,0.36404655,24.18,0.36404655,24.02
LdUCFtq7Xyjn8WR5w6BXX4QkGumTw81Bu3,0.33257,23.65,0.33257,24.02
Lhk85G8QZ6zTJLgpd8RsdbxWQaHV1u8tdo,0.3544202,24.39,0.3544202,24.0
Lcw9hYYHqhurVGRHBLbEj2ZfnqXt7m8k6y,0.3699,24.62,0.3699,23.98
LRD4xjzwX74Uk5ocBQDv12qkULumZ7vGTD,0.3100014,26.69,0.3100014,23.97
LgvHx6feSpvA8m8dA5Lt1jWpop9wADMAJc,0.29945,23.8,0.29945,23.96
LW5f1yDxxGBkTX1ZSdXabMboVXrASSXet3,0.21966601,23.96,0.21966601,23.96
LTJSzg6jrj8rftWq8EHSMTC1YS5KN613nA,0.40086432,23.94,0.40086432,23.94
LhJ1gyJkxaMConL7kMAf418MVggkRbLxRJ,0.28645203,23.9,0.28645203,23.94
LXGF5yychDx9sH3s4qVqZr5EsdBFk3mNvo,0.3327787,22.93,0.3327787,23.94
LgWo2EDnX2Uc1eYyTq3pw5Ct8hmqyQVusA,0.38696986,23.93,0.38696986,23.93
LhWtbgsHR1YcUVzBpAL2cB3YJdRExbadSd,0.34196698,23.44,0.34196698,23.92
LMoqchoa5pmtp89YGg289qMo3dADDfLEyG,0.35128508,23.23,0.35128508,23.9
LffUbA7rmt7ifLFtb4FH9kyXFvUMYHHeor,0.30974137,21.86,0.30974137,23.9
LgSht4aGK8ZLanCX4eXra9arpVFcNKohxN,0.33756686,23.62,0.33756686,23.9
LTEakjVTuK36fdU6pbdynT4ZotFXFmqego,0.30935404,23.0,0.30935404,23.87
LN9NaYr21GenhLsZyEtkTQM7sHvgFRbwWb,0.34171404,23.87,0.34171404,23.87
LdoUZ6TJS1Kogr7xyf57ywKbzWiA8XhrNu,0.33451803,23.85,0.33451803,23.87
LRXB1wFxas6LWFWq9fxp55fGz7kW2va2MZ,0.33140017,21.76,0.33140017,23.85
LfXzRT5jfkYdvvsCqW5FXo3Usju4goHp1a,0.36782393,23.84,0.36782393,23.84
LZ9X9UZVdwZCZh6po6kXPbSAcLwrwoSUC3,0.27899879,23.11,0.27899879,23.84
LYr1AHr9SXP3KGx96JAWvtY3c8uEMMFtqc,0.218473,20.56,0.218473,23.83
LNnkZd7jHJ9jhUuFjpPthndXbjUJ35pCHw,0.27056626,23.23,0.27056626,23.81
Ld6WA9Prv4ZmhvbfjQhTrhakHvg2stsQjZ,0.33735685,23.8,0.33735685,23.8
LMBrXvoVyk6xGnb8mdivxDFxALxoh9iduu,0.26755853,23.8,0.26755853,23.8
LYFJTbW9jMUgTfgYefUqoAEACFdG4kZcCg,0.33370241,24.33,0.33370241,23.79
LXKUoUGZEidW7aWmWsMiUrRDbwCMq2L88o,0.36043568,23.94,0.36043568,23.79
LaiCbSw8LC5K4zxUMPaQBbEnxf4nxTtcoP,0.3417,23.78,0.3417,23.78
LgU6gjY2nHqgagR86VL9iWJehpUAgFZ1K1,0.3313,22.56,0.3313,23.77
LdHHwdEYPXASJhSYszfDmANvpkdNRC6MJF,0.30297903,26.29,0.30297903,23.77
LXzfBcCYx3ry6zrVdAgvUK1k2kfHUHdvCz,0.2770959,23.46,0.2770959,23.76
LdhtkS4nNr8M55q9Z7169KdiRywdKnjFsa,0.26926916,23.72,0.26926916,23.72
LameGEmACAbxPAVa2kPB4pn31oG7XS6ufM,0.30702929,21.71,0.30702929,23.69
LbEatCFrsrWnQ6k95r6JTqyMmMqX7W2Cz6,0.3763565,23.69,0.3763565,23.69
LU7oZAfQdosiJ23tiGoPXFcGzLBX3WVoMQ,0.30667534,21.32,0.30667534,23.67
LaRp91FtXzsmKKQyYeaF5icZxj8CHgbsnm,0.35444734,24.22,0.35444734,23.66
LYKViZZTSSgG9ut9v61tLzG6kRN7FNRyoN,0.30642674,24.05,0.30642674,23.65
Lh1M8kJG2gzRo6Kzwxir1Xgi4qm299Y8S1,0.216683,20.39,0.216683,23.63
LKNnjMHUt9eimM9ZcRTphFDtbqhkYg53En,0.32819195,23.59,0.32819195,23.62
LczuSbQ78XM9ibCX3isfx4vbwjsyiRYDao,0.27811433,22.23,0.27811433,23.61
LRmDPoMzHqWzdszNiYyQUQff3RrFpSqEgo,0.32581543,23.52,0.32581543,23.6
LQXwHdWtZqatijEpxRxSMpc8WzSzjYEwep,0.31865298,25.4,0.31865298,23.58
LYonxRJ6ei7yttiQpwUCV2KvZmU22AKA6F,0.32747588,23.54,0.32747588,23.57
LbG63E4h6q6vhrUfxufsdoo9eD1b1P9rkX,0,0,0.226828,23.56
LeADoKPKrXQkUNxeeKNZsGw8fpEdcW6nhH,0.27719145,22.16,0.27719145,23.53
LRYTduXJYg9Z3rA4pd5oZmdHnjs7BhSyBm,0.39079351,23.47,0.39079351,23.53
LPj1T6NjfnHa7WJrpTDvHjuQzrhw73pT1E,0.3047584,20.16,0.3047584,23.52
Lc23A8LA5inJuhhGALufnFZebULHbbaFJ7,0.29401779,23.5,0.29401779,23.5
LhjmVszJNqqJ5xM8BfTZ1tEkPMm9yLLF69,0.27497852,22.78,0.27497852,23.49
LLS8YZffemoruB8Zcowzsaq8pGAr35hveQ,0.33669435,23.5,0.33669435,23.49
LYg5Th6FeA8RwkksX22ebo1ana2sE92djC,0.27547752,23.62,0.27547752,23.49
LYKQ9CYJpM2hji8QETEH3Wrq5Lnb7wmk72,0.35887608,25.87,0.35887608,23.48
LerYhUAaNEz4AUeQBuWSUQQDKJKewyPtUw,0.34785363,23.43,0.34785363,23.43
LKdYym38T22T67phS8CdtJ7tzeZTzyLx9J,0.31668118,21.82,0.31668118,23.42
LXRAYnWwhQuWmRih4HMaJyZNJVG5GyJ5W7,0.29065615,23.24,0.29065615,23.4
LdKqhRaumotCD9xFqRRw11qZnXZ47nNA7p,0.37841621,22.84,0.37841621,23.4
LLtWmBKGmmXZUgqhNJnGrqrePbjUhV99aC,0.22633867,22.91,0.22633867,23.37
LeWnNgRMr1GnkcgQAQvTHYA31DknrbgtUW,0.37990159,23.15,0.37990159,23.37
LL1m96f6HkhaxkKZtAJLXrTnRxUXhbWczM,0.27512674,21.99,0.27512674,23.36
LSjDfA8BNi4xBvDrA1G8PsvLr8v46tkDhy,0.302,29.83,0.302,23.35
LMWnebZoKSm8cAWhm64pJCV3rHuZfSdPXQ,0.30199435,24.31,0.30199435,23.35
LLBkqYFgtPKUhiFtPYFdwru3iwwgpoB6uu,0.32422297,23.31,0.32422297,23.34
LQ8j6yKec6Go6nUauasvPJqmeahegB8vJK,0.3229,22.96,0.3229,23.32
LMZ2VXEdKm8GDeTxTURAQjs7jdpHVbSZMB,0.27907602,23.3,0.27907602,23.3
LMMbmaxhbyvgYTgUKHGNbdt15DNyRmwNQz,0.26641222,24.15,0.26641222,23.29
LeRux17RBCzrMbLxgKorxs4kpTeB7fxMci,0.30174373,20.89,0.30174373,23.29
LbmUBdz4CYnurKALTuwubqCnqtrm4iAr11,0.22546418,23.28,0.22546418,23.28
LLF3RehELxVSZLVwCncZJnmzsY4cdDMmSA,0.27061413,22.76,0.27061413,23.25
LhH6x4FnHb4YxHQMHTBtHedaM8PMkmNCHg,0.25929435,22.11,0.25929435,23.25
LM18UweQQ4fW5oyQqi61734c9bkS2AtU6k,0.37054995,24.37,0.37054995,23.24
LaxKfwg3qrFRJYNq9UZYWXAPteRjHyRwcN,0,0,0.262504,23.17
LeKLULqpHTck3sXwhJRBo5E6HZPtGBmipa,0.22058824,23.16,0.22058824,23.16
LUmtNnxrXBc92NdTRLn3J8y6jMLnkbzLjw,0.3129,22.03,0.3129,23.15
LYsprGRGC31hetQzvpzeS1mN6fSSqPxZfj,0.3072607,23.03,0.3072607,23.14
Lbd2Xqhz77mRMQGuDQbiNqvYMNqcM8egXS,0.31601149,23.14,0.31601149,23.14
LX9KNr6rxBGv7CmsSAAKVpXMvENryUZN6v,0.33206172,24.36,0.33206172,23.14
LX5ojAZ2ARLB1GQFhfYpP92SRdtuC78EAH,0.29958813,20.82,0.29958813,23.12
LXYUtfELfnYZvg6KNNNtcQmmqNt7vmavfW,0.32,22.35,0.32,23.11
LXMg5tw57uVcCKAoaGC9LkAZ2dC8jkgnQG,0.29932662,20.95,0.29932662,23.1
LgfzciJMaXd3V9iuBxF95xkMk5CJRubNZJ,0.3307711,22.91,0.3307711,23.09
LfjcFwacZuT4Pz8nL4JDkggAAbCPPYrVDL,0,0,0.276457,23.08
LNLgA4q2Vt7UawVcQz3XAkUfGJsxpGaF91,0.28618399,22.88,0.28618399,23.04
LWf8GAff65ovFRTrR6ntJcaKpjsAZiFHqP,0.297886,30.76,0.297886,23.04
LemprmTbb5zYGcLbfxSKMwJaGDYfmHR458,0.23405573,23.03,0.23405573,23.03
LbAiVmNVfrtgQhzbPwRg1hvcJ4T6aHL1Rq,0.34504901,23.1,0.34504901,23.02
LMyQLpU917sQvQ2mHzBoKobviXdJrZPCj1,0.34504065,23.02,0.34504065,23.02
LZtkp1ECJ4pAo7DY4oQ49TcxerYia1jPc9,0.29824944,20.87,0.29824944,23.02
LfRmAWCYD5ir7DLFgsrcU9FrjnPrXS1UQF,0.31099435,21.76,0.31099435,23.0
LRiaqfaAWLqwmdcQXqmDfkBozgJusAqd5P,0.28574713,22.85,0.28574713,23.0
LdCEJ95MQme1L2Fof9gKBa5t2tmWdV29FM,0.35123296,21.72,0.35123296,22.97
LTfN6E4FZuecrQi4mS2vXajuXET8HCncz6,0.30958849,22.96,0.30958849,22.96
LUPVGty1xoVHeefgjLunjkD7DsRwVeVUoH,0.31595886,22.44,0.31595886,22.96
LS6NUCN7kSffcFQsf6mEiQyW3noobBfjLr,0.35395137,22.95,0.35395137,22.95
Ldm5AEBCQU2MMAgrRwuy8ofwUQfcJjTBCg,0,0,0.306105,22.94
LLbjTZZwFn9N1cN7uun64aWmGFYCBqM9x9,0.32843,22.75,0.32843,22.93
LcSVJUxHjEbisEpa5wahusUx9GhUskwvq3,0.3613209,22.91,0.3613209,22.91
LbdTmMavy1KFYKi9JJdW1WQhGC4YKtLNuU,0.3171,22.97,0.3171,22.9
Lhbm4MWzAEhy8Xa7QRoawzFyHgZwAPhM2J,0.26801957,22.42,0.26801957,22.9
LTHxZhmkeMxa7cNtWEehrRHrMgmKLc9myQ,0.33616136,22.9,0.33616136,22.9
LPEZooje8XB53fSmHqhdw9oUTFAFV5VdMR,0.40816,22.89,0.40816,22.89
LLqiRqLxB5Zes8yKknFE58wJkqVG3mXPzb,0.29663935,20.62,0.29663935,22.89
LLrn1kNJwah4Ux2gGaxjLH9bMNqrTVztGD,0.29639923,21.76,0.29639923,22.87
LbHtw1UprSLjJc7gkxR2zYRYe3JUKBZfXZ,0.31704447,22.85,0.31704447,22.85
LXVwa16kkuhzT8RCzPg57B1MopwmNW6XrU,0.33442897,22.79,0.33442897,22.84
LLbdu5geRHTvgLMVTr1nb8VESePQVTZhym,0.2198,19.93,0.2198,22.83
LZ6RV851FcAn4ZHKVhfbs3GZJTH7eyusKX,0.25456382,22.09,0.25456382,22.82
LPRafMbqNS9isScKqrkCDKzYvf2XEbYXb1,0.27999116,22.46,0.27999116,22.79
LMqXJHin6ejQ1MouFbmJJgirABjiDNDcia,0.2193,19.37,0.2193,22.78
LYYuGFgMqkttHWRzNJufqSURZZ5GBhFWrQ,0.33631856,22.19,0.33631856,22.78
LKWQ2qGVgzSU5nisqQ6n2KeGKsELgvJAWa,0.35115939,22.39,0.35115939,22.77
LWNJwTciCuKjyiakdMb3KeCCFxgwMfMcyM,0.22949435,22.77,0.22949435,22.77
LhUaW4WiKW2cfyH2X6HuNpFEXxvKKGVJaW,0.2418073,22.62,0.2418073,22.76
LZRsfwqCJpNBYwNajypM4itSnfYkyNqeuY,0.29,22.75,0.29,22.75
LYMjbnochG4PipQ8b98Su31PmxybB1NZjG,0.35049334,23.03,0.35049334,22.73
LWUsg1GegnyMN5WgR4S91JYozVTRGMtWf7,0.2839804,22.77,0.2839804,22.73
LLfvvTnAmSzYk4uS4hF7vrjLn8nETyeC1B,0.298116,20.88,0.298116,22.7
LQk7e6JHho52CbXmMoHKoiWALvrdrkmvhc,0.31,23.72,0.31,22.7
LeLaU9BWwoTN3MxAorBvqLUXKhHuxv7ijM,0.2935365,21.73,0.2935365,22.65
LbXoYJqNwYwtfR8YjW8JHQ9fqK9oSSRvvM,0.32470233,23.82,0.32470233,22.63
Lcsu5EsRPucCb3fmv6iGE2meL89PwfJMYY,0.2177,19.23,0.2177,22.61
LX3i4humPnsiPTuVcVvh4f6CKR4owj5ySq,0.32284867,22.34,0.32284867,22.59
LWsPLEchUo24UutQ3MXq7iTfHeaCCf6UPY,0.33738629,22.59,0.33738629,22.59
LSLQfgrBmeZuSAtGLSjTEkwTrpao6aDjXa,0.30508733,21.4,0.30508733,22.57
LPgChVp8EXsbU7cRihPAm46dK2Rbkcknvf,0.29242186,19.34,0.29242186,22.57
LhqgxdJxioNt83yywrEBBPtamqppqYS5qk,0.33113291,22.99,0.33113291,22.55
LaEbnuZUAG9xq2txSxhrGkoNTVPmmz4aBY,0.24892382,21.39,0.24892382,22.55
LQ2S33AiBKn1hEBaEh89Q2aLqkbchLJ94B,0.275,24.94,0.275,22.53
LhiXEG8j6Q3Q38UrTdgfrG6nGJZSs5Ap31,0.25591031,23.21,0.25591031,22.52
LYkyEAtQG54Xbgv6d7JK7Bb44Kpo9GK6YC,0.33232554,21.93,0.33232554,22.51
LTbiyVTeLTg6SYDkLVUHcSDWXUh87n5Sv5,0.29162546,20.27,0.29162546,22.5
LhAWDjB4SNGZ5tyei2jgffDSSUyFMLmXwD,0.29099288,28.14,0.29099288,22.5
LaRTwHjHSzo5JVgvRviVnAo82wdbQV1fxH,0.2782194,22.48,0.2782194,22.49
LNdnZNFiSTLmY8RzSVkxRYWEeMazLTUkmR,0.29099459,19.25,0.29099459,22.46
LKf4Q5AnyboQKqfLrnjrVmFweLoM6z29hj,0.2799,23.25,0.2799,22.45
LcZtyER4rVqao3mATq8tCSRX5wCs5Qqvn5,0.31072686,22.02,0.31072686,22.44
LXeYpYPcKDZ2dVADqMPTF1fSDmMxB9R8MW,0.34005411,22.58,0.34005411,22.44
LRXzXNkhzCgoy3Q8ePZBQpJDatMczzerSD,0.31157332,21.1,0.31157332,22.43
LPEWyMt7FX6h8GEGjEtDFjQu3xjEed3xCV,0.25210076,22.65,0.25210076,22.42
LaB424EEtbU7CPiXKKcJQvkhbgB9PUrsJP,0.33539133,22.41,0.33539133,22.41
LUKdVyCzSdvcARzzCLjLiJBcBrMWyXAnaS,0.26773835,22.46,0.26773835,22.36
LXvUsNgiUHp6KnUMXc1hWi54251ngNEdYb,0.30148033,22.52,0.30148033,22.36
LeEzUucQHPjpaW6juFvmted7FE9YZwFaP2,0.28966336,20.29,0.28966336,22.35
LXJG43AZLcZMidGdvWn6eLb4EFiUY4zdSz,0.288,22.35,0.288,22.35
LdGaBFxA4vao42njYVUQKU3ECDFAuY3Tb5,0.34221416,22.32,0.34221416,22.32
LTuoW5YQ2UWC98oNucDad6TbLsFBX6i4r1,0.2764013,22.32,0.2764013,22.32
LW7mvwQvAVU2NaCuWi8JMiLmwAcWkEj4Ca,0.31927464,22.58,0.31927464,22.29
LPcYVDxL8qZBUgAx6boq8Uw7wVErXRWKuk,0.32396064,23.09,0.32396064,22.29
LUFAwhr16QAUrHay4aWvo9XscPCHPxVq26,0.34295466,21.42,0.34295466,22.27
LTPu2J9hikxV6NdW13U9WUfxBAqroHSBFS,0.21551834,21.81,0.21551834,22.26
LZUFoZZoQtobjNCPnHVkzSPTv6dXF21qTb,0.32099887,22.24,0.32099887,22.24
LMPaUCWkLM1noTipRr76L29A8t7AyqKEC3,0.28799518,21.32,0.28799518,22.22
LXU4XnddTLCqvaukUa6JLiX8XLf2zZxFh9,0.26053604,22.6,0.26053604,22.21
LRxeXsAhrpBYgXXE4DavXVdVM2CxjvCqmd,0.31799426,22.49,0.31799426,22.21
LgnZhidmGwhRHbASGtfc639XGS4Bm4W9jh,0.2470655,22.18,0.2470655,22.18
LKMZucQymuRxf7Zrtw9NGaziWVk4LJTZqx,0.33755944,22.47,0.33755944,22.18
LYW4GGrtA5e69hdq16k5qyn1ZiDMDAPC9y,0.27640671,22.58,0.27640671,22.17
LNeQUYdKS69avDSfktFHJbKT4sU1MqVFb5,0,0,0.259432,22.17
LLC7C2pp8AQHGSoyJsEZMSYfPgZWZLRw5a,0.21465777,21.73,0.21465777,22.17
LL4nyezd8hAkZf2KXnCBMsRXf3iENxGY8R,0.30787294,19.79,0.30787294,22.16
LRTDVFSNoS2xMfFDH51ysAUHqSTKgdimnC,0.26062355,22.15,0.26062355,22.15
Ld5cxFoWkfaH9DFN1LmxFptS9oFsNvEAT9,0,0,0.251627,22.14
LKqMo3r8m14G4Z77gW9fCNWK5dxHZq6aHQ,0.31962045,22.14,0.31962045,22.14
LiG4ocXQ1PE77piQE4MztNa38wau4QWHdR,0.31590586,22.07,0.31590586,22.12
LZpvJEFj7VttXFqGvuf6LnjmBcFXmT2SnU,0.31683362,21.94,0.31683362,22.12
LfHBj1hD4edFn8PjxD1MC3SzbKfJGJ4rQS,0.33495274,22.24,0.33495274,22.1
LiXRQHLY9rhnrzEjreRUVk4mQn6JX2GwHN,0.324674,21.77,0.324674,22.09
LShuB66N5EYHJrfwLGy2rxR23BhXYiCpWy,0.24363469,21.84,0.24363469,22.07
LSWgLkehCQgxQ438dUCn5aVr6rFZq1MzJ6,0.28575316,22.43,0.28575316,22.05
LY8NEZBkkQh48a5CToxpL3cUTndWSWPxb4,0.25783655,23.05,0.25783655,22.05
LNFWaZVRovkrvPHMENAzHrFMtwRf8VTXYP,0.25956593,20.86,0.25956593,22.03
LdW5c31vs3vZdXjraMXEkgSPX1oUS5NK8g,0.26179296,22.26,0.26179296,22.03
LUNT5G3yS93wN9XkS97e3W9coJdv2bxYwe,0.26131478,22.03,0.26131478,22.03
LfyKuXiz76gUydjFHLqhaaHrQWktL3AF6x,0.3561978,23.3,0.3561978,22.03
LRZ89NwJH13nmFaWxKy3ej8mCfpp2ispVx,0.27366468,21.88,0.27366468,22.03
LVXqA22fG6xKRMDWwoziy8RUob31mFLq6M,0.34737308,22.02,0.34737308,22.02
LVPy7Kyt1dBLrJ4yGTnxCyADp99pxF4Gr1,0.32498585,20.89,0.32498585,22.01
LTVrdSxYsnPwRcsNg6e5jP8EjAkoqAufgj,0.33686633,21.84,0.33686633,22.01
LSSAXju7EEU4EDr88N5Nd5ev1yiCeUL217,0.32158687,21.98,0.32158687,22.01
LX1T1CQweVRHPD6SKGYFDcPTsU4ZquKDHT,0.27336092,21.86,0.27336092,22.01
Lb9jK82AohF3ovqTF5Qgpu279kahhM9XEv,0.27460863,23.12,0.27460863,22.0
LPu9RVnEvTSNhVF1BdxiMw6zfoTBFGCLJy,0.30870763,21.86,0.30870763,22.0
LUYrH1TpeoGaEk2tU6T7CQTHk7WN5GVwdp,0.28497337,20.63,0.28497337,21.99
LNRW8buhqHwJx9e9oX8z7aHk18ZWaNCCG7,0.24710377,22.41,0.24710377,21.98
LZfFfkn84wxYS9pDs7vrqWR6xcd3QRadNj,0.31067961,21.6,0.31067961,21.97
LiBMd3mxPzppRCwMJXqPE7cxox5cSsXxY2,0.3,21.97,0.3,21.97
LRu6aGo3BEQUurcqXTSJXUAM2sWTPdUw3G,0.3041,22.03,0.3041,21.97
LNDBXM1rFDzgxb1qrXo6pkvHfBqR5xycJD,0.322439,23.21,0.322439,21.96
LQJZiiCywJsQ5Uhj2zBv44MHpDmDFQPXxR,0.32230106,22.5,0.32230106,21.95
LVary6Hm4V5b99x4XnJ6asD1idnEzWrdkd,0.30096664,21.44,0.30096664,21.95
LhRzNk8qTfPnwYsxFGvXtFdsRhxgD8Ru8k,0.30471233,21.36,0.30471233,21.93
Le3DWJwpNFJkxKEaQS3vjRSxGehqorr8ex,0.24916944,21.15,0.24916944,21.93
LSDf4p72D5YDSQnQjWzG7JcBxZdyxqbdbB,0.31446518,23.07,0.31446518,21.91
LNj1PWJdRTzGWZhZqKYd4TfHuhUkkknN2k,0.3349,21.55,0.3349,21.91
LMYxsSk1gXZnoVCYbCuk1NpGN4vtqq1wAM,0.33875766,21.9,0.33875766,21.9
LM9cs1Pn9jMmYssYwfMVgWGAmjPoE5auos,0.22251317,21.88,0.22251317,21.9
LQFwLsvPZs2CR1gZsY1UdtqUZVbkqNXPTK,0.3250731,23.32,0.3250731,21.9
LYHMJWm7hWaxrhEpgbCgts18PHPE8uQVut,0,0,0.283229,21.9
LZDtMLL6YXhYs8s7Nte4JYjpsYYrG9aCjH,0.2005756,18.88,0.2005756,21.87
LU3FVZP6X3wdKx1GL1MfzmcrKsqmEzc3G7,0.27298721,21.87,0.27298721,21.87
LgbZjHDSqaRaChv1QNCVQ7eoMKXE5rTykB,0.32762716,21.87,0.32762716,21.87
LhqLUowZhxwuiWDdYXyZ7x53HTCPATXYwV,0.29641364,21.54,0.29641364,21.87
LRFNM1qUU8XzXzZ9HSghsEhgWmGJqCd9Uy,0.30372327,19.94,0.30372327,21.86
LgURn77VRfwNnZBVL115e4fNrVHLRSMiAJ,0.27156913,21.76,0.27156913,21.86
LZcMcB8g1aCNhxCUet127Y15Vt6kVXrPGd,0.31415115,21.86,0.31415115,21.86
LVSw4LYRazrT8Q2YFTWbRufcbdQMKSZQ37,0.34113059,21.85,0.34113059,21.85
LUgKJ7bmmRkLnqkwPBtupQ3Fos1pXvYjYa,0.32750673,21.93,0.32750673,21.85
LP5gZBCdQoVuCUfhA56USaaAYWXco3mRRs,0.31193948,22.01,0.31193948,21.85
LZC4ARvV7JmnqbgPci7vqpxHpeF1DCeQgy,0.25730745,20.57,0.25730745,21.84
Lb1djM35Hm3zUWTVdx1ZfrvfUqWUiH8akr,0.295175,21.56,0.295175,21.84
LcubJ8apahgW3iTXTKbDg2SATmcJBSbYsT,0.29318268,21.69,0.29318268,21.84
LNKXkVdN4u7kLWSr9t9Axw1re4GuZxx9py,0.2926839,21.71,0.2926839,21.83
LbcCcymoJAokPdw4XwiwtMkxMxc7ZMiZGy,0.30328332,20.01,0.30328332,21.83
LcYnC6UsX3kPEAdF6CMfqQCFirATD9ADSS,0.28493581,21.83,0.28493581,21.83
LM4iXGEccakzs38ryhW5dsVidKV5farioF,0.33909549,22.15,0.33909549,21.82
LSguCGmsxqcTtwX6ByoZRg7PnmB7kbn4zd,0.31157501,21.76,0.31157501,21.82
Ldu66GfvqtAP7uUiMGsKT2X5JUKhE8PnnX,0.27257097,22.77,0.27257097,21.81
LUNjMrcM8Bd2px2XqY2G9TYaupVSMioJGG,0.2,18.82,0.2,21.81
LZfRpAnohNqGcjDGX2VuWczGy9SAZsNF1n,0.30289933,19.89,0.30289933,21.8
LWxjAgXg1JtKTSLWtpfHm6mEiWSEPX8L6z,0.27069628,21.64,0.27069628,21.79
LeShvR1q34dJvrfac46bubVNmM9Zc5p5R6,0.1997,18.79,0.1997,21.78
LNAMuv1TRXUSJzWhdjyKLSVcK1tVtqeHCV,0.30550161,22.28,0.30550161,21.78
LiGdgn4b4YKuFDux1WgQyZTuLNSKPCQZVr,0.32976359,21.9,0.32976359,21.76
LSint7fmSGEXypmWi6tka9NXAHL83Xna9d,0.28192793,20.87,0.28192793,21.76
LLT6KjEPwcr43K9ixT6CtKW2RUne2ihK5y,0.30515296,22.25,0.30515296,21.75
LTwiFdivcnFe764fBbbMhkWnWKqewcPSRa,0.27135115,21.74,0.27135115,21.74
LLcFjRDTp7bTMgf3tioiQhJF8v8G5Z5vQX,0.3065556,21.74,0.3065556,21.74
LLEzAf3SicsGkPTHvYXhSadLGoAvcAN3M2,0.30193645,20.45,0.30193645,21.73
Lb71veYK5qpv2mjjdbnWivnzNZJ5mr6F24,0.31188829,22.88,0.31188829,21.73
LLPwrE7RfZigNVXJUQtwkc6iPAbMHSMWT8,0.26697212,21.42,0.26697212,21.73
Ldnzm2Da7fFRCDC1Mur1LzcQ4q2mg674PY,0.30998023,20.51,0.30998023,21.71
LTnT5Fjpm1A5h39soRF6HR66NUPoNbV1Cm,0.296,21.02,0.296,21.69
Lbk27oVewAzzSGH2uHwtmF6WM1bgj75djt,0.31746708,21.6,0.31746708,21.68
LdrUwLEoDmfXbTsYGBq8BACf5hQj2JtjTR,0.2535427,21.75,0.2535427,21.67
LNdcFsQ4X2oRMuNxUrQHZ32m3bkHiGfuKQ,0.32448,21.9,0.32448,21.66
LKcVN4WzhSziNYgQhRaDMZP6U1cNGDJ5nf,0.21062277,21.66,0.21062277,21.66
LT6DaUdvMdCpfawXbJ58vtAxrez279qV1H,0.20831761,18.21,0.20831761,21.64
LY3ZGkDaCRhGyY6rc5LYi7qJ3UmMN4cJVP,0.29541297,21.64,0.29541297,21.63
LgCkgWiA1g2Faka6VTk4DxH8HgjbVbtVKb,0.254516,21.75,0.254516,21.63
LNSHhWQHEXuxW2GNqbmsBNDu6w7NzUwmui,0.24483296,21.61,0.24483296,21.61
Lbe3yUzKP8fZqx5mfMG6HpRiU8Mg3a15AR,0.24546919,21.08,0.24546919,21.6
LhRGqrkFeeLK2nULHTQVM7NkPjA5tVnpHV,0.2598616,21.6,0.2598616,21.6
LexW5jDKYVC8zjmL6k7GKGASCzMFfs74Zp,0.34061837,22.76,0.34061837,21.6
LNh1X1XoEeRE2guYn8BwmzVRaBM1mUXZod,0.30526667,21.22,0.30526667,21.59
LhWxYJaGkuphG8h7duqFYKZTzrRsJGPRkD,0.25844427,21.68,0.25844427,21.59
LPyzDb6hkQohY8xuNqN1hSub6SJf9JF2xT,0.29177148,20.32,0.29177148,21.58
LTeL7tirJWphB9FqKjcc8cp4T6oPdLxEsy,0.34882293,21.57,0.34882293,21.57
LgrixQu6TREfK5qPrimZEMju4jy2iBS467,0.29796945,21.57,0.29796945,21.57
LagXYkfkkHjwVYT7cTKBpSpnCbvZFAXsGs,0.31620553,21.96,0.31620553,21.54
LWTb6He3ArvqetynJ97QUZAX71qhJci4Pv,0.29085571,20.35,0.29085571,21.51
LKhAx5koVme8ve7KUVxXeaRqXF6SaPuadn,0.27878574,20.13,0.27878574,21.51
LgbR4msnubeA6rPo47Nob4EEfb1u2ZRPME,0.299,20.6,0.299,21.51
LQgxCs4UBLt6kYZ9Yj45mdoq8E3jpX3Jae,0,0,0.278468,21.49
LYCHt2Wn3jGLy56m9GJDmD92tcdJYyY9gg,0,0,0.29801,21.45
LTew3hxnvfGZssh618XuUaqZSp3kdmhYic,0.30791047,21.54,0.30791047,21.45
LVyxVKu8nQ4hzA2rc6TLwiV376c1wiT6tn,0.32798131,21.76,0.32798131,21.44
LV9TDGak1s2GjYh4CpYwUZz55qmPYaPJ3q,0.3589005,21.44,0.3589005,21.44
LbmDCbhqVg5E9SXhR2Des1PKRBhjKBMuRq,0.2579,21.43,0.2579,21.43
LYAyjiHaHDEayqUAjuuAGwxyAveZBNDXH5,0.2074074,21.07,0.2074074,21.42
LVk86htWhMxipE33xpxHgR8PAtQH9b5F7G,0.33067949,21.51,0.33067949,21.38
LcRA5toMZG9CYZcwmU3yCdnSSZv5Ykbs5e,0.32925471,21.38,0.32925471,21.38
LNn6i1rmMwEC1n7UYFD3hMUkJ1rMaxo5ct,0.29954667,21.37,0.29954667,21.37
LKL6FetNKsjy5Ft392MrabxYxLwZF46rLH,0.31403715,21.1,0.31403715,21.37
Laf1TDzDpcvTqs1KnMdvehykwUJdkiMTRS,0.306692,21.86,0.306692,21.36
LQSfkLwNyqDu9PVDEFtRHVYkjqWvRw8dEp,0.34694761,21.34,0.34694761,21.34
LKj36oYLc3UMJZ5a73ZyseDBfb9DFoEWed,0.3021283,20.74,0.3021283,21.31
LcFeNbCGRkdWEc3WPMyyGrozaohnsSCpWX,0.21641937,21.3,0.21641937,21.3
LXN4QNtNCDJErVbcb8BsxFQtFbePMUuh92,0,0,0.265427,21.28
LhNTjFw21bNhJV4A3q4rt3DhWdweuEVnZv,0.32274672,21.27,0.32274672,21.27
LbjE18qhCYFjgxVuahAKjRfVEeaeZNseMU,0.31764017,20.75,0.31764017,21.27
LcnRf3Ue794akKf5AmGLzGEMkwqbJs8rXp,0.27531145,21.61,0.27531145,21.25
LhHaJ5CvJBPsGVypi1YwHaPjE3HjP4HRRy,0.2414,22.81,0.2414,21.24
LXw2XGnGNJzaxupEgPE5hV8Kt3YswAqVtm,0.28188755,21.12,0.28188755,21.23
LXibTXgxCpa5gUjuwWi1pRR6becUfVyx6Z,0.25,18.62,0.25,21.22
Li13EX8tvy1XMZpjBoCuPHy6SbuszbUYeU,0.29196576,21.21,0.29196576,21.21
LiNLPsAcTLxgnWWKuAV1f9DifAHHKsCZV9,0.2426,21.99,0.2426,21.21
LgEzn6xcDwr4GHSn8jHNpyNmsNFFmLALLn,0.31711439,21.97,0.31711439,21.19
LKn9jti9ybURKEwbggdfn5wCrYLoE95iKz,0,0,0.270142,21.19
LM4BYtztvoEqpMctFrmwZx8JUWjXcUdhpR,0.248,20.44,0.248,21.19
LcWbQE2isFdtn64o1dLSptFqYtVVJGo4AS,0.30414837,21.18,0.30414837,21.18
LRPq4ziVH2mwbiT8Uci8yYHM27VB1Pu77N,0.34417688,21.14,0.34417688,21.17
LVuCY24VZEtgtJEg5hwHWDTGoqz9JF4GRc,0.29878076,21.27,0.29878076,21.17
LWaYCZuZR5zqKiuBduRNmK24dbnkCmw2ut,0.23575664,22.99,0.23575664,21.16
Lei7DQeq6w32DYFSHt1C53NStPVdHK1SUp,0.33679041,20.94,0.33679041,21.16
LVRtiMLUksbnaHu7khMLpZcqrXXdf6DaYh,0.25302237,21.11,0.25302237,21.15
LYYvUfdPPVvHqe7LvCym6vbLPrbLLvnFmE,0.31562534,21.13,0.31562534,21.13
LgTuz4aRLKkt22u27YRqMwxaBXdV6AkyEo,0.2394,19.73,0.2394,21.13
LbuFP1chPLmcoYC22Tuq3DK1jN4rAW9v6q,0.29185034,22.52,0.29185034,21.12
LXFW3efofTj5vBPYWQYqDYPwn9oYpBuwaN,0.26422876,21.12,0.26422876,21.12
LT1SGvntAqNhdnApD9Vz39fqJywRne8iZV,0.22048881,21.11,0.22048881,21.11
LNU4AJSupLjwr8es19pHN1N9RZMZpYzDSr,0.3116985,20.46,0.3116985,21.11
LUQXZWC6iLpVeTLoyCY3794wdkUpNLiiSH,0.30602935,21.11,0.30602935,21.11
LgiWQHDyFMgsMgUyUKcLA7MazSvjuw9Jhr,0.34057344,21.0,0.34057344,21.11
LaQyszSM3FTFfZm9PPtLcJa2suvz1uMKf8,0.20318426,21.1,0.20318426,21.1
LVa1b9raKbizY8HyJAs3RkikTmZcTEnsuv,0.31207754,21.08,0.31207754,21.08
LfSmtzvc1bRw9JVmWd4Cx41MEJhP3crrBF,0.32216175,24.5,0.32216175,21.08
Ley5H6wXjr5Unhw3YdTLdveeMCzuC79gvX,0.30925806,21.47,0.30925806,21.06
LUqatxoNaRqxYywxPJHxG49vFNVbCNQnpi,0.27294367,19.9,0.27294367,21.06
La7LqSdf2ZbjosY5Dz9kEQxVpPSYJaZEoz,0.34542994,21.44,0.34542994,21.05
LTfVjm3u4LB7o25vzq5fHgtZ6JyVpK6hEm,0.29331334,20.93,0.29331334,21.05
LTBNXpW7U2fffpyQuwALpqTfYZwmqwGJbB,0.29695095,21.06,0.29695095,21.04
Lc23HkooqKFcuwpkJqGfDcrraQPFGsZizx,0.27331833,25.64,0.27331833,21.03
Li8ipYwPeiuSjxLgMBow87tzNnhUCW7TEw,0.30901006,20.24,0.30901006,21.03
LchtuCvCRnz9UzEtXNkSi3ayxMhGQdhdmt,0.30870785,21.44,0.30870785,21.03
LbbBK6zKaH24YdgcUehNbR6kAvdcDfN3xk,0.33394637,21.02,0.33394637,21.02
LLXfcPk5bAJ3rXpbB6xLAJy1hmp6fdsyE3,0.30046708,21.12,0.30046708,20.99
LgBnx34drbTV6XLpzYfLxCPcB1RLwDeh4V,0.2531122,20.97,0.2531122,20.97
LV3FKuQZduy63btBNAcqJWjf1HR9M9rBko,0.29689008,21.11,0.29689008,20.96
Lfs9p61wgfezdQ5YQhHDPmftXuea1sYpCk,0.29114604,19.21,0.29114604,20.96
LRifWSsHd1bB6L1W2w7MxKUsoUaRymYYUT,0.27552675,20.49,0.27552675,20.95
Lgp7GDNM2RDrauoFv6xQY4vXwbXC1JuEdh,0.29,20.51,0.29,20.95
LcaVeDcL4zj2XF4tvYxXJcH3Q2CUyU9R1E,0.28757648,21.14,0.28757648,20.94
LUWbzCLM1eUG8JMUbRx4WNx5DJa2kg8Byt,0.30178859,20.9,0.30178859,20.9
LUdUFE7FefVC7RCRf6s4vbiajuoYxgMTnW,0.30857688,20.26,0.30857688,20.9
LUWdpSJ2GPj5yN5fZEUJnhrk7WzTJXLgrh,0.3066772,21.41,0.3066772,20.89
LZbMxZCkMr4g7X1sDSouYtfHaeKz8LuGaK,0.29125209,20.76,0.29125209,20.89
LYeJhY2NN7uztbHY6NdX9naMaHKKqRj9va,0.28215243,20.71,0.28215243,20.88
LSGRrtMD2BnC4ZRT1xTBBUBuLnhPKnhe92,0.27121169,21.06,0.27121169,20.87
LdnDNUhaMJCKxoYcCvKC49R9rTH3iUJNVi,0.31417243,20.72,0.31417243,20.86
LLY5fmGia1Gj5wih7mVQuApmTvE8EcefM9,0.28200715,19.86,0.28200715,20.86
LYsa7pUfLK9gDXbc5LdqXis4vSAh4CHPxv,0.3048,20.15,0.3048,20.86
LQXeDwehRgrJUzQCzCKbgF4XL75JVZobvp,0.24969117,20.97,0.24969117,20.85
LUyecNanaE2ZB3J3LahYBzBQ2uKecRutpK,0.2897,19.02,0.2897,20.85
LcFSLfX92CqwFTTRoZRWWE3EDFikQqdRdZ,0.26945636,26.06,0.26945636,20.84
Lg8YEWwLGjHGttiNahjG3UJDbAdpQCiJHy,0.30911816,20.82,0.30911816,20.82
Lc7iPYP6Hgzpw7e77Nnd2TGJnovqXrqPat,0.28113,19.9,0.28113,20.8
LLcPxohboiwL47qwAWxHhETDwXQHoeGim5,0.25537507,20.78,0.25537507,20.78
LTxiuzTjgcaYDr5GqZpuwR5T9ihKdb621c,0.26460516,20.46,0.26460516,20.77
LaZh6YvRDQAbvkRK38g4oygKeHekQ4eHgB,0.24306929,20.38,0.24306929,20.77
LY5wEfUzpLQreDDZkMN8pHSFwCegjcUp7m,0.32526259,20.85,0.32526259,20.77
LZ7T4YjUMjzPCDobv47tpMnc8zrSjhCQEi,0.29719034,20.89,0.29719034,20.76
LSj7MrDETqeczX9CMMWWk4zj7wyNNtyVxe,0.26529435,21.15,0.26529435,20.72
LdseCYfmr39vAiXytrwTXs1xQFTGdTHBrJ,0.23475993,19.36,0.23475993,20.72
LLisatXtXawPwyX33f4A88AY1YietLCQzk,0.33878847,18.97,0.33878847,20.72
LWZcG8a9bpJhfv1sMYNk7QBsoDHGLmydZc,0.20139766,20.71,0.20139766,20.71
Lex4qKyeNEPYhUjcgXMRJYDSwgNETRqHZe,0.30573061,20.07,0.30573061,20.7
LdKRnv7TjvYqmt9mgsGwULVDz1DTP1J4hk,0.24779356,20.81,0.24779356,20.7
LMsz82ExpxvmxPkZFvAk6rYyoHnT6278mp,0.19923136,17.6,0.19923136,20.69
LiKvPukKBrxPHAVLs83MwRTTLANFWgF3rR,0.30548991,20.06,0.30548991,20.69
LQMpGhXuvKbLHVfUvygTMKe8tQZntpT4ar,0.24577601,20.68,0.24577601,20.68
LVAxjUgUhzmf4R4TGCxpfMEAuhocRz2oFA,0.28754345,19.78,0.28754345,20.68
LVUu5N94M514MpLvMxSk3cKg8gCico1d7P,0.31338292,20.81,0.31338292,20.68
LKpQnrXdi4ZRC2wUVHoZMBqpBp4uDgr9Ci,0.24065864,20.24,0.24065864,20.68
LdSsHbtdqbUetvLi7Eqmt1DLbPD6tMArSh,0.307,22.03,0.307,20.68
LXqRkXE3h2LjHFPX7GKJGapiVs6Eb5jUcs,0.26339362,20.68,0.26339362,20.68
LfFTMtnouE58AoNupBZxU1fMVCpuc4oFEM,0.24059829,21.6,0.24059829,20.67
LTS3SW57wqBVG4XjYXJeupYoWrEmJbfe7K,0.19353405,20.66,0.19353405,20.66
LVTK4rSuxm41BaJJAK2wuB9NVXKc63vfaa,0,0,0.303476,20.65
LSJvuPZcEd4oYR9SY6PeCm46MvN1LzJC6j,0.27633821,19.96,0.27633821,20.65
LQ4s7hgidAdizztA55scX2uNWmQFZhyhsf,0.25138483,20.63,0.25138483,20.63
LTGrXsYnvoV3uabWQZp6jRFXShnjYugU83,0.31203212,20.1,0.31203212,20.63
LbTBpbjrP18f5c6wVXKAt3xQCq2BAKdZyF,0.24267601,20.74,0.24267601,20.63
LRcRxFFZCuK87q3gMcpwEFzCsjtvp5vX3D,0.308,20.12,0.308,20.62
LbEwZCtNf6dMxyNKYHqKJKEtwMs2Xw9G9u,0.285713,20.26,0.285713,20.62
Lhq1SBUD6ZKe46dNfQbzGnju4aNMcuwd8Y,0.28669186,20.3,0.28669186,20.62
LTfNG6JApeiWjdjuAjxyzgN8zNchop3c9a,0.18907722,20.62,0.18907722,20.62
LTVqsJ2hmSqbpdzzybyHc7UFrFQhLmUmhQ,0.26720917,18.5,0.26720917,20.62
LbhzwaB66xiUsJXwVkQw5KpieN6J8Ch1GQ,0.24042984,20.61,0.24042984,20.61
Ld5vcwXCDZH2QZcRzyuJP4z4vtzakGYFVK,0.30514735,20.61,0.30514735,20.61
LWBazdThWHgqaBQk2FrR7t6mNeSXywny5h,0.3199,21.22,0.3199,20.6
LKbeNNySDWGL4WD4wDouZP5sE4Z8HrE7YT,0.28595644,20.85,0.28595644,20.58
LP8sDWVf7z7GeHpSc7yExHKk8rpvwb37hF,0.23358964,20.58,0.23358964,20.58
LUQR9ndHvEXKB6Ckntekxz6MTDeHtLxXbn,0.30824421,20.8,0.30824421,20.58
LTXhS1qtEk4dZGHTxNdFQyk2FP2qgxLwJH,0.30239957,19.81,0.30239957,20.58
LPPWWyJTyTwYJaqexQyu5sDuhu9WkpfLwg,0.30730072,19.06,0.30730072,20.58
LVY8MPiq3ZK2puXtWgj2FP4oB2YmkVa7Ea,0.31807302,20.69,0.31807302,20.57
LZHtPN2hDLhAucin6QWFUrnUFc3tfyB79W,0.31479264,20.58,0.31479264,20.57
Let8qYHi18buqy9RFUw6oT71XW2WftNJAN,0.24178526,19.55,0.24178526,20.56
LeAM3CLEwx2RLBzm48DzSJxVxV1t4veNi1,0.32405984,20.55,0.32405984,20.55
LfSecwfpGd1Bmno7wLCjYQqkVMXErqe1rN,0.23342312,20.76,0.23342312,20.54
LeVHAs4QwxAjgqoShPvqETCWKxPUkMgjkP,0.24034932,19.81,0.24034932,20.54
LP5Mp7V38V5rRMuCc9PtV9KphYW6pFbPaQ,0.33078003,21.63,0.33078003,20.52
LbMWsdY3cCtM69UejnTjK12W6pLo3YX7mg,0.27734795,19.87,0.27734795,20.52
LMiBperVP5CrUDPmsSpDpvaKWwFCJWFTt5,0.30759435,20.59,0.30759435,20.52
LLbEupcPBVWtR2aYcBVrLTVodars7Taqgo,0.23274517,19.5,0.23274517,20.5
LY4oghWUuc3AWJ9h5ow88GcWhjedtRWBNd,0.31019543,19.94,0.31019543,20.5
LRaj3qbuEWKF2An3T9Zi9W2McrZ58tUhyA,0.29223392,20.95,0.29223392,20.5
LVnKbTQeFT7pui65AXGV21Dnb86feeccMH,0.28380044,20.11,0.28380044,20.5
LhGpxJ9nquV6rezTApriMG9qjoH6HrjPZV,0.25553274,20.87,0.25553274,20.5
LTFSfDHpPeuLHm4oXjQmru9UeWmbku37E6,0.307,20.68,0.307,20.5
LeWzjMxuqBoUb9LMtp5ShkgJRAXdFR94zx,0.24103899,20.49,0.24103899,20.49
LRvD5WsE545FgKP3TtQL37eFJG19FYES3G,0.2397605,19.77,0.2397605,20.49
LfVvYVCMqANsSZBDxhVG84dTypHVmREp43,0.2976362,21.22,0.2976362,20.48
LX6eDCsbCZqpTyF8tygesFLxu45aMwc5yg,0.2282,19.46,0.2282,20.46
Li371BRT2q4WFoiuDnF19iFHFEpUBVKaPs,0.30211539,19.83,0.30211539,20.46
LPTVPtnYR6KK8PdKB4t8ZJasHqt76ZYWfL,0.23953818,20.46,0.23953818,20.46
LQ92mAkHrR1XSzdV9fSTBkZ7WhGRpho89K,0.21359927,20.45,0.21359927,20.45
LYV4TArHw4szG4eiuWDKEv5JacZnc9RopP,0.2324,19.04,0.2324,20.45
LbMe2sb7i6rQqs5PAaQybLPKgYi4Fkj4KM,0.25322867,19.78,0.25322867,20.45
LQkKTXh7WFrftQoy4B3mY4mWux9GVVr2xs,0.28299489,19.76,0.28299489,20.44
LNdSUUfZXNSNA8MdTfhb6q3LPPzpPJzefM,0.29199111,20.01,0.29199111,20.42
LfRQ6v9fzJwBT7SiqZSsSXZP6sJaYckH3q,0.29686327,20.42,0.29686327,20.42
LS3nv5YFL61MwRNiShUubYjexX1UPC2eDQ,0.24059365,19.23,0.24059365,20.42
LT1kkXU7vWBzvDPDY29czSJRqeeXWYWXa8,0.23182351,19.42,0.23182351,20.42
LXEvaRk2WVBzbhREKxCmPspfsUVizG12bt,0.2254,18.8,0.2254,20.42
LKGZVg2a6aVFVpanKCvd59XgpbsUWSWQzr,0.25269992,19.74,0.25269992,20.41
LiPHWZ9RYqzFXMeq4LRvSVtbPFjdVCZJ1T,0.25455817,20.23,0.25455817,20.41
LaLBdFYyUpfHALHvFH32FGdBtJ36v99cuT,0.23853759,19.76,0.23853759,20.38
LVJDUc9xU7h5kVEo8yFmcWydXi92ugzXXy,0.23900662,19.93,0.23900662,20.38
LVFoUPq9XMm9mGBmUUDsgioenYdaFDuFKA,0.2820842,19.99,0.2820842,20.37
LXgAGqq8xodjYfnqrrRwTdHruybpYZ3Uvx,0.30425192,18.88,0.30425192,20.37
LVeK3M6tA9MFUB2pWcRJWFkDoqUWJwaahx,0.28186061,19.68,0.28186061,20.36
LYKSJFnhZABDXsVMd6K2cnAzQTeBVjk4a2,0.28519477,19.91,0.28519477,20.35
LToWLoPzNRXfomUvegQxdLj2PcC6HMwGFU,0.299,21.45,0.299,20.35
LLJoDmyJtP9Tk2TKhmor3L7A5Mz7M336ox,0.23095036,19.35,0.23095036,20.35
LUYtmhH82btb6gj7WUAFo9xkLVk4bKdfXw,0.28509775,19.87,0.28509775,20.34
LYT7yYyyjKSxj6TBYyM4BWaiFKVoafqHxy,0.24340229,20.44,0.24340229,20.33
LecSugKWq8RMzFbLKtadqB5LuK1zA3sNC8,0.28410507,20.07,0.28410507,20.33
LYftEdufGTNN3qiMxZVWJWbPTrsKG76npY,0.30443353,20.41,0.30443353,20.32
LR38Dcfjw71nScVnQFDWRRxBzKxC7DrqVf,0.23777619,20.4,0.23777619,20.32
LcfytyJMi7P3L8SKoiQBKq78Etg1RRUBL6,0.27313406,20.32,0.27313406,20.32
LYv2qAYrHmx5dT2F6kK3BxPwhVzxLn4KKc,0.24127053,20.31,0.24127053,20.31
Lf8AGKidqivSenMZuJ4tkpT6mSPbKyEuco,0.32,20.3,0.32,20.3
LLT7uX3MBQsrdy6GWHCPvoWEDs1dhHanDs,0.28651287,20.39,0.28651287,20.3
LgdpACr9raUdnhKam9acgRs8Y6BgzpTaRk,0.23620064,21.2,0.23620064,20.3
LgBgG7NMm1W1wzNdGB388SiYA5S72KGYA3,0.26518801,20.15,0.26518801,20.29
LdmhprV8PBjSjMnhUNSUnBG1wGkQ2ncswd,0.2865961,20.22,0.2865961,20.29
LeryJJvs15KySUsHhFrWL6jrF5NqriM6CW,0.29799686,19.52,0.29799686,20.28
LRGpQNW4xU5SE2Xqxwm74upCrzxcVCTrKS,0.28950649,20.13,0.28950649,20.27
LasibPmPPX18Av1hCJTGjQEg7dzuxYGejB,0.28634198,21.75,0.28634198,20.27
LebothxsfuvMvWjug4VYuXmTdA6LJAcnoa,0.21164383,19.17,0.21164383,20.27
LSud5GsCYH3BYqdAipJewMxdVuZ4FQjU8z,0,0,0.280256,20.27
LQuj3zNPva5cjVpKPJX4VsGwWJyQPezsrv,0.29609592,19.85,0.29609592,20.26
LdJGmKZrB1UY7exG1SMv2XYSirevVvDiVN,0.23766795,20.26,0.23766795,20.26
LPRCNANq2R3aaB7k2eG4MDP1is4Cdzxt63,0.29734701,20.25,0.29734701,20.25
LKWtvcgroRSEgCQWktWDPsNdtz8CSFS1qN,0.22544345,21.99,0.22544345,20.24
LSWwUNGU19saE9Ri5uEGPfCHsVeMeMugPp,0.206693,20.22,0.206693,20.22
LaifheYvhd7gu8montQwx2UKx5QzQCZrku,0.2999,20.08,0.2999,20.2
Lg6TNkftZz8zPqFgrSUgrCvz7dZYsKA79W,0.19555925,20.2,0.19555925,20.2
LR5yHVa6EAFVrGUD42YVf5dhECkceDohdx,0.2499965,19.87,0.2499965,20.19
LVXxq8Na1WC9NJqJxnW3MN3kVhkG7j6x4a,0.29662522,19.43,0.29662522,20.19
LXTyrhTa1ceBuci8G1bDMSwfuv3tQFttEY,0.248,19.89,0.248,20.18
LYCoeURPeMNCwE3C3T8DJX3hUsivF9Yv6r,0.27541976,19.56,0.27541976,20.18
LLMwHk4oGWgT2b4MQ24nKE6TWfhqmHZ5vi,0.26096647,25.78,0.26096647,20.18
LNmNQpSk4bKrzVQuwGpgRUhrritpMwNxx3,0.23608977,19.45,0.23608977,20.17
LNYuvT6cGuvKhNmHJrG4irLNDajcACDMZ4,0.30566683,19.94,0.30566683,20.17
LbCSiyYHqpMyt1a7nVVk89S8TfzPdtGNfK,0.27866797,20.25,0.27866797,20.17
LLWgU4M8i3Gb9cWWRNxaSNUgtTFuKupVqr,0.28878553,20.48,0.28878553,20.17
LTUvMaVUVizTcLRfLytT5w1agwypLZmBC4,0.28253,20.42,0.28253,20.16
LXJ63XN2jtqRxtnqrWRSaoqZQHZ8qP6js6,0.27908765,19.8,0.27908765,20.16
LbGAeDSaMUeFjierj21Hq3ZFhSyW8rfRDy,0.28,20.15,0.28,20.15
LRaiTarPBMQvvafW1ukB9E7DmQBDqo62hA,0.26113898,19.42,0.26113898,20.15
LTPKZ6xTvvStq2ivntnsXUQnJoXzXarU5z,0.28925769,20.24,0.28925769,20.15
Lc1PQnoPwcGx5cU6zpLWRAZNyYy2eXNQrL,0.30466754,19.96,0.30466754,20.14
LN2CN3jasYEmzzjmTqDX4G75BbAhtg6Aqo,0.28,19.68,0.28,20.14
LW5BgmYK3EriimM3EYsmSpJ4C2d9rVrSYJ,0.30737285,20.7,0.30737285,20.13
LMJLXU3b2z9PnbSWhQFmcqcyh2XJZSc8TC,0.29553385,20.13,0.29553385,20.13
Lhc2PQXzUuaWwZnfHNQV7Vf5rATZkBPFng,0.30477058,19.88,0.30477058,20.11
Lf1HLWBeC7MomurF5xwdAjFMSzFnX9fYcu,0.20268577,20.11,0.20268577,20.11
LhP6dL8geiKCHnAJPRsVP5FoMDwUUcufxb,0.24082831,20.1,0.24082831,20.1
LWmZ4dYDBaFadUoUB3P4dbKDKeJUnFtTkn,0.27167897,18.72,0.27167897,20.1
Lar5VkmKokut1dgPYxPhRNzCC8QdZuA92G,0,0,0.281876,20.09
LUPExNjztkeE4iPhG2J8vqgtGVxd9ekqz3,0.29207746,20.34,0.29207746,20.09
LVJrfJ8mFW79VoysKFou7HQwBkioU6kdaB,0.25058987,20.93,0.25058987,20.09
LZDFNKXhFSdJVCDZmG2ZKfLEdRGtw1ExoM,0.2876,20.21,0.2876,20.09
Lhpo8khrAna1MrkBg6g1QmPmdhkPy9Y5aR,0.23504642,19.66,0.23504642,20.08
LgNUHajPWfZhKbbCffvmapC451DEGdArE4,0.3042962,19.85,0.3042962,20.08
LNWEvHj1sxFBcVEJZCGqkrZ2YL5Jniorec,0.22164824,19.87,0.22164824,20.08
LUwnfi5fNnQ2zrmZf9djbKjjScxsHUUAdk,0.24022036,20.04,0.24022036,20.08
Lcm5XVSYvhBfHr8XhM7FHeYxip3JqZMEqC,0.30425018,20.21,0.30425018,20.08
LMLzQXgdVR2FBcjBccr4h3ASiACbXds1u2,0.25039667,19.9,0.25039667,20.07
LPvo6zRr1JFSfYXtcWA1UsbqAJtP7wgush,0.19436888,19.75,0.19436888,20.07
LX2o7ZY7qmbV5aaT7Yfi83W848LYZYTMf3,0.3035072,19.88,0.3035072,20.07
LRb4g3vTxHxHbSu6r9Eoj1FAD7gEYyFEv9,0.26,18.39,0.26,20.06
LfRyjQZVs532G3ZVU2nAyrpNzKWW1hiYVH,0.26892741,19.95,0.26892741,20.06
LYCQ4XCHpWpi7rZGbrZwVMiJDcm6iU9GbN,0.28034305,19.85,0.28034305,20.06
LYNhYBYPrgfXv895cCin21v4h7fGqjk13T,0.27734632,19.85,0.27734632,20.05
LV7gJ1m658Z16WNWY6KAVDzRLzf4SPc2fM,0.29611333,19.03,0.29611333,20.05
LiMvB1jdhiSwiEphtKnbPNmQKWavPsdPN8,0.25976635,19.23,0.25976635,20.05
LKKqJ15isPxt83vfr2sKQqYePzVDmKivuP,0.28622715,19.9,0.28622715,20.04
LSWJLcRNTRoV71vzoGjc3iaSx3kVgXW9Lu,0.2934973,20.04,0.2934973,20.04
LPUEg1fCPyReXMt7ZwNbvJaV31z1ryj3ze,0.3058258,20.6,0.3058258,20.03
LYFEr34s3RP9XFuRtCg7hxcbv4cbwSP9p8,0.27675043,20.03,0.27675043,20.03
Lb7xJLbGsEKR9EHZ77Edy93Uf6ja8EV652,0.2356861,20.03,0.2356861,20.03
LUk6eerf3FFnzNRWH7gaaDrcERvSU3FzXQ,0.30847554,19.27,0.30847554,20.03
LerKbXxVHSpEhnBRDUdYTBKvjtZtfWz9rU,0.30888052,19.69,0.30888052,20.03
LZmNymto3CYtsgCegBVWVLAFHEyi6ZYJF2,0.28679635,20.41,0.28679635,20.03
LhC1TjTYxurFCZgeBUCCEPqKaya5QcTiZR,0.31813082,20.03,0.31813082,20.03
LS2pKSH1ofrprishqPbKcEuU7c6ES5VYPe,0.23546578,19.04,0.23546578,20.02
LdWHFE8qw63ZPe6Ju1PoB1T2SSNjWnG6Jt,0.27805974,20.01,0.27805974,20.01
LRR2dzgdqvuwW7drjw8DgLcgARpdTH8Nnz,0.25492482,19.71,0.25492482,20.01
LbZ45tEsnJtREeLNEmDEUzQ6utCzReDDmL,0.22737608,20.01,0.22737608,20.01
LRcCeNMNT2AbxXdVoRrx53342894rv5658,0.30815146,20.01,0.30815146,20.01
LRdsTjqHiuFrKX7UF6tJ8qaytYybwwXDnu,0.19451754,21.21,0.19451754,20.0
LTZg3QZsSvpBjcGCftKMVsXvmi2MPSX9gN,0.27297564,19.72,0.27297564,19.99
LcRHcbWALgJ2nVBUQDTTyMQU1yr8bnihqH,0,0,0.227136,19.99
LUejNnAQuRfdprG7yJY6pfjiih6j8EjZ29,0.24047405,20.07,0.24047405,19.99
LUCiJQLzyytV9E8GBN9xubc6NfrxUDcpkF,0.2772,19.98,0.2772,19.98
LNbmbicGDCV3hjzGCmQDExUNXyM3uixjuo,0.23496492,18.98,0.23496492,19.98
LgaRRrFSuaqtvzetnpxnex1QS65xtTq5W8,0.2700027,19.34,0.2700027,19.98
LX4DJd1cgSU4fyr1uspMu2EYdeUkGtY5Eu,0.23490969,18.99,0.23490969,19.97
Lf74khkN79Bjir1cD7Pc58kPm16CPq4eHX,0.2918333,19.94,0.2918333,19.97
LPfesJQfopLfdTvAn7eW1tFbDtAv1F4SRS,0.24922136,19.97,0.24922136,19.97
Lhk6fmYMj7DsQCqkacjR9VnSZck8VtctTW,0.23482577,20.05,0.23482577,19.96
LKgHGpAT7S1oF54Tca4uV7qsjZ2BuvMAxu,0.22679321,21.33,0.22679321,19.96
LN35nrKVQi8WAGrwWsdpTYHqFgcBhewv4G,0.27623178,19.59,0.27623178,19.95
LPtJQKYEjz7U5xVF79WDpR1e8jMH3AhTTF,0.2779,18.93,0.2779,19.94
LXrHCjGQchHaiiEyQq3qULqwYjdfC7m11a,0.2259,20.02,0.2259,19.94
LLwFJ9qAjTdbfqp7BVVcPnKYVVQvkL7b4d,0.20444029,21.24,0.20444029,19.94
LhnDDB1mzNjLu5TrSPWusKJpvJavmAgG2J,0.25412834,20.15,0.25412834,19.94
LMXWnuKsFvK3FBYdvv4zEzRR8KdywxzzZD,0.2448,19.93,0.2448,19.93
LdC69JbbVJvuLL4ECaSjSV1BESK4dvLpGf,0.29753716,19.32,0.29753716,19.92
LfK6iodbRwCmhbu22XqmHXnum4pZzuB2Cj,0.287612,20.12,0.287612,19.92
LZLLPd4ZkXiu4gbAFR3x8J68oy9tAu8gUE,0.23181464,20.81,0.23181464,19.92
LYozZWqZW9kpyVfLpyWkdWF5owePwn3U9L,0,0,0.275476,19.92
LVYgbbhhPEs6FXfSshBNhLFZRzTirUF1rJ,0.26443193,19.92,0.26443193,19.92
LQNaAkdzNGHJBAZp9cFDe4LcNrge1X5oXQ,0.23960564,20.0,0.23960564,19.91
LfWjeCzzXvynfhSPFcJBuGRkuUUSw44aqs,0.28589435,20.82,0.28589435,19.91
LKWA4gDfHveNb4Pesqj9iCe88apjarMnvH,0.23815764,20.3,0.23815764,19.91
LSRA53B2uYNqDou7ipmCN4SocnbHJx7Jhm,0.27552636,20.27,0.27552636,19.9
LVaJnDLXR7KDEtuYS8DjPorop1ZgSPME7P,0.19270117,19.5,0.19270117,19.9
LMbe9oh6ZTg4KQw6henXX7N7KRay42EY9i,0.2261,19.9,0.2261,19.9
Le2CaAxPydXR4XMfoQdqSvj84Z4Xuh2Swo,0.24355487,19.9,0.24355487,19.9
LeGxGzbwt8cvKp345ccw13wgvQhKkWaexA,0.29197144,21.02,0.29197144,19.89
LbeUUVAUanvLVzmXNM4TtAz51zbGyoVnSJ,0.2319,19.63,0.2319,19.88
LQTgwQhAETLEZFFZYUXxBBvxrzmh44k6cb,0.2714608,19.61,0.2714608,19.88
Ld7sMqpeT6NdZ33eEDgRM6qSMZFXEJWwE4,0.28417721,19.88,0.28417721,19.88
LPCT8gtgsUPAhuA775cbtprGXdqJB4r69N,0.25165133,19.94,0.25165133,19.88
LQKE1Anq4Dn3cT6w6cxxbc5p4ArSM33WuE,0.2391596,19.88,0.2391596,19.88
LaPYotiBakSBvWV3Go5GVieSq8vYhrqL2R,0.24650703,20.07,0.24650703,19.87
LUev83CKwnBP8AuB7PMvmUC6xiznLprk2U,0.29627818,19.41,0.29627818,19.87
LgB9Eg2iUfAV6jLDLnch6Kp3Z76tu1A71Q,0.29160611,19.86,0.29160611,19.86
LSwXxj4tSaS3nT8C1wdi1xCZ51aFsKfBWa,0.19309956,21.06,0.19309956,19.86
LfkZWquJKFhrRowBqJZHgnMnz3V1C3Hgi6,0.2439,19.85,0.2439,19.86
LMbQCannLjGPpgaQBRf9r492zRTvPUFQEW,0.2648861,19.85,0.2648861,19.85
LiWNxFs419gc2Qyfveg3ApqqrW4Sm2AM82,0.25714769,20.18,0.25714769,19.84
LUwV2STr7Sz4JL33GfandsjgciKzWELACJ,0.19992224,19.83,0.19992224,19.83
LVAKGX9iHnBXaGCSNkTcoMtVBZas52Sg5C,0.3,19.83,0.3,19.83
LQCkCYqL4oD8Ut8omHW1RJ3DDiKNssawWv,0.29995469,19.13,0.29995469,19.83
LiCmpWgi7LVFBQpq6iNFY1U68mT3s8nh5p,0.23711452,19.82,0.23711452,19.82
LR1km3Q2JkEbPrTHMSua1dna5iF1iUWxYw,0.22278,19.81,0.22278,19.81
LiM7ApfKAXuU6DnBqF9FEc7fGmKm65F3mj,0.256742,19.6,0.256742,19.81
LPeokY8N6ipR9YAXSiJQg6NQMvfUWUy5ND,0.27523034,20.08,0.27523034,19.81
LKeCVQ5jbTceqyBzUpLJ5sqkTadqisyBpB,0.25079435,19.46,0.25079435,19.81
LaC2DWFdv1TqVxXZUWo6jUtScYpm254Dpi,0.29397528,19.68,0.29397528,19.8
LehuZvwgJcsioyz15YuVoZNZmoVza2YqA1,0.28706364,19.8,0.28706364,19.8
LPAQqMarpH8y3ifd7UfQmR49WYgYgaezCo,0.2473,19.83,0.2473,19.79
LbiSkdMhnVwVhEvLM7ciCdxpatK3YErY2t,0.2249,19.79,0.2249,19.79
LYi9EYS2PtyxXyq2FD3cYEq1nfHFEhCDRC,0.27342459,19.79,0.27342459,19.79
Lccgdev2EuMP2aWQzNHhKxW7CDWCH6k6Gz,0.27417355,20.05,0.27417355,19.79
LZm1CsRfAqC4zA29K75Cx4rjLo5dU88ZA5,0.2656955,19.65,0.2656955,19.79
LYWzNVLjy78Fj2wM9Ejm5MuHKuYvkDUUJS,0.2829,19.39,0.2829,19.79
LaBkDMaeaxUeMEK5v3xsiWNADgkYMxRaL8,0.3138,20.73,0.3138,19.79
LV1shtpq6odYjo1zb6PsT61rfXFn1CtBQr,0.29548644,20.34,0.29548644,19.78
LSw3o5DkmNQ9TJa1p9cnZJhEcM2GbtwLT3,0.27014338,19.78,0.27014338,19.78
LgYQJ3VtcLjdZQNRtP6xDnAVG2jjaxv4pw,0.29540718,18.33,0.29540718,19.78
LTVYpmMP5YxAgKcTyfuuuugt8DLH5ySviy,0.24670058,19.61,0.24670058,19.78
LdETFXcW34Q67U7nBce1A4MXeWASRcaCRn,0.23009046,19.36,0.23009046,19.77
LN5NSwbACuJCqguKARtiZ1zcFaQg2qKbNv,0.28335312,19.78,0.28335312,19.77
Lco3RJw3cNXavhR9gCkE2482kXwpKuftfR,0.23979456,19.77,0.23979456,19.77
LQUR8TPzf34P6ESeE9H66ebDzLHEwZzvC6,0.19138312,19.37,0.19138312,19.76
LQ1H8BkjJpgvFHPf4JNNZMQoYL9zePvF2L,0.2446184,19.76,0.2446184,19.76
LMDUM9EhrFPcxaojyMX4S8CTq7VswTmCEm,0.2517811,21.84,0.2517811,19.75
LKig8xCZkJnxhoMhi2KxPCvkxZWK8HbrAy,0.23226972,19.75,0.23226972,19.75
LfvBLTjnS3a2TskGSWBH6njyRsXR1f9hP7,0.23163087,19.86,0.23163087,19.75
LhPuq4XEh9UYK7ooNKa4HEVxCa85TSG7Hh,0.22581908,19.95,0.22581908,19.74
LSRvu7ZkS4CQk3GhLvKmStn1D7CnayvzQf,0.30219435,19.76,0.30219435,19.74
LRGHwXNvzK3SRro2nZx88DeyCyW9w6b6j5,0.26938795,19.46,0.26938795,19.73
LVzywkYztk7JvzoCMGZKVqaAxfXedWu7iR,0.27063248,19.83,0.27063248,19.73
LZaeJfgTNaVejZRvUWia9M6dMuPC5BDosX,0.19101052,19.33,0.19101052,19.73
LNzjf1SjHjVFwm4iwo83iNZAF33tA8tfP9,0.2425,19.72,0.2425,19.72
LQRu1u7dKcoSefJa8pEyCmYpfsVmr8zcGy,0.25554019,17.56,0.25554019,19.72
LYPKSb2jnuVUKxWgwXHA2ApMq6xSr1DeKd,0.25137071,21.81,0.25137071,19.72
LiHBQNfLzfFo7GanpVYBxVTQYNUYpzrYGV,0.187713,19.71,0.187713,19.71
LQCRvXDgsMkxwSTpVVD3vpto9aU7PckUMa,0.2637,19.7,0.2637,19.7
LQRmWCru7qnfT5ow9CCiPBGerUyu1xJmb7,0.2239,19.7,0.2239,19.7
LP7UuoRD1wfJTLc9BKRkbEUeuhsDSM9AMH,0.2705254,19.82,0.2705254,19.7
LhLePQYRLBHvEmjwmdWtNGXPY3tMEoYGbL,0.294204,20.25,0.294204,19.7
LQ8W4tsABKodTJTASmhNeGH515WEjpPo4q,0.29622171,19.7,0.29622171,19.7
LaGW2MybWtGwh9tFTaj3oBAgRj3McMLt6j,0,0,0.231055,19.7
LebiEEuvVV9Kmo1qpZ8dQPosiCAiwcgxVX,0.26887909,19.42,0.26887909,19.69
LZuC2L6VGv6pCGpME7oZ1vK68f4vSwWfMx,0.3032198,19.69,0.3032198,19.69
LWsnzbyRgyB6rxmLzQvo59ic8k8DQro9zm,0.2570208,19.66,0.2570208,19.66
LSfNb6sNLMN8q6nW1x8ewmMDi77i7eMBoZ,0.26434063,19.66,0.26434063,19.66
LWXrFDjNnLHmWjcXL7PN7KxCAamn2UdiKJ,0.2496,20.12,0.2496,19.66
LdbVMUHDQ6NSw5cywyroGjPxFXcW7DBGUB,0,0,0.265762,19.66
LZLMykNsXUeyhwKPUQZPTQFGkAVAPnPxZa,0.26953835,19.2,0.26953835,19.65
LV4JAjmNk3S5T7xZ6hnS2RK7axU3f9Ncoa,0.29168012,19.65,0.29168012,19.65
LKGQDd6mA4uyeZNb7soVRwi9aCxZ9vtFQb,0.29428367,19.28,0.29428367,19.65
LKi2kvVEsaMU2c7c2swQcHAWCAKRHvtm2c,0.27206106,19.9,0.27206106,19.64
LUumKLot7TGs44bTrrcxj6fjWeYDu2icV7,0.2654,19.38,0.2654,19.64
LLN3XfVzgpFi7eNR1Fi4SA13aWw4edTnQo,0.28545977,19.69,0.28545977,19.64
LhszcsWs4HDs1YCYUGVwSRJ84i2DMwvRuv,0.27122752,19.63,0.27122752,19.63
LT6toMbwvpHWmqBrXoUFmEpBtWHopmzdCF,0.2012,20.9,0.2012,19.62
LYJEoFRMyrRF5bTFZuBs9n6zfCTtQPMaie,0.25419112,17.76,0.25419112,19.62
Lb98warwEwuQzEESLagbku9JVLUGwqFqKV,0.216514,19.5,0.216514,19.61
LW6SmbvYf9cvvwhiYmpWVHbzouwDhRxZ5d,0.23469435,19.71,0.23469435,19.6
LgoB2cCbidUM9yaUCay8wWHUTYxBjHyUYF,0.26497422,18.46,0.26497422,19.6
LKSM9uij3BXvdAYmhLC1hYS9Yt7xdNUiEt,0.27489435,18.91,0.27489435,19.6
Lbd7yXAcpYkYtK2SNY939uiA8jLhDLhCLW,0.2449,19.63,0.2449,19.6
Lc3uZdoLKJQqo92XYYJRisprXbrZFiWCQb,0.26756875,20.47,0.26756875,19.59
LhV9yqyG97eDV6TFUt9cumP5eKF7GwLgYJ,0.23469076,19.81,0.23469076,19.59
LbMmAfcBvVtp7fhEx34TmB93iNWriVMnF9,0.2893193,19.54,0.2893193,19.59
LeaiTEevTw48Xydx2NuuL3dPCJKzsk2aAy,0.2805182,19.84,0.2805182,19.59
LRy6hsPN9D44DwMcLCQdmZztnWsUgBnnsY,0.2327,19.79,0.2327,19.58
LRvEJgy9uqgWTSQgueCPK8yoyYw7gZgMT8,0.26453168,19.57,0.26453168,19.57
LRrqnqooW91jBj5zHkZrm9uVZDGsNKciNT,0.2007,19.57,0.2007,19.57
LdHswnULEBsRA5HSwhgRqpHcRwgF1Qpiso,0.31812954,19.39,0.31812954,19.57
LhXQ8xGFAUVQPeAmRo2E5kAt67DwSGNd3M,0.22227151,18.21,0.22227151,19.56
LU9bnEcsB2NjMSDX2TS61NH41Jd1tk681W,0.27949508,19.88,0.27949508,19.55
LPKBsL8FJRWThS8dATXF1DxTFrzxeZLnYq,0.19863864,19.55,0.19863864,19.55
LNZd5RmYAmWzuDxBSNFZ4SVEx2B4oFNEhH,0.27147274,19.51,0.27147274,19.54
LQGupzWhgrQfhrEGJ1DH68x4Nt7ZibFXzn,0.28683497,19.83,0.28683497,19.54
Lhnj2QKmP4gmFqJVweUDmfVvhregMeNs1L,0.28683213,19.92,0.28683213,19.54
LcxzDf8WUELqBxDv4feSkJ9dXKBuhqaGtx,0.29257447,19.74,0.29257447,19.53
LgNhLkaSsk9K1HGcKBzUJmCHLJfSBFqXDP,0.264,18.99,0.264,19.53
LSakmTyCZ4Lkg9GhoSeZRewtavfVk3kTWY,0.2285,19.6,0.2285,19.53
LR3MLsdZW451Cjyn7MUWzbpdZfa2gngYi3,0.28648245,19.89,0.28648245,19.51
Lh3CpP2bgrPmLKuHdKP56otfaiezbFagMU,0.27534718,19.53,0.27534718,19.51
Lht2APxhDHA6x6nXAvbNDg2kdfkXzzpoQY,0.22697718,20.38,0.22697718,19.5
LX6n5s99ngKiFqA6vwCHU76wfD8Aj4ZY3j,0.2413,19.62,0.2413,19.5
LgKuYqPsFiRRVcz9bH3iZHa5hZEzw9w3dp,0.28617707,19.88,0.28617707,19.49
LfA2Ag8TiRaw2zje6C7ySkGoBJovqaNLym,0.30951969,19.48,0.30951969,19.48
LeVu6t3dN7kf5yPn3mWgcxD8ao7Au744oe,0.26971321,19.85,0.26971321,19.48
LLVfPskzRFPnFJxrXpZLEt3c6nRsVuCLWd,0.23332673,19.42,0.23332673,19.48
LPDzY5kEJRTh9k8aMsBbB3iGTbB32tYtbo,0.289,20.74,0.289,19.47
LbNTqGfuZvDXTAe6spLd4QWAdHpA4wZYkK,0.2148,19.26,0.2148,19.46
LckUwEkjDNA2SG3uB8xwjz8rbSiGkZMRne,0.2382,19.25,0.2382,19.46
LboFYBANaR4iumVcv3DSNgDmesKVKt1Pat,0.27963719,19.46,0.27963719,19.46
LNeogEdtECn5CApeLHPHyLWoPgQiD2bGeP,0.1988774,19.57,0.1988774,19.46
LarQ21NPKtvUyDFz23gvgAEUet7TEmTFqg,0.242982,19.48,0.242982,19.45
LMq2ttnW5XFcCmKLtVQp73MauKWrUBd1Gb,0.26275945,19.29,0.26275945,19.44
Lf2mMvVDL265Sbevg3PtpCra2LzowkrZnZ,0.33372251,19.44,0.33372251,19.44
LQMYxEuDPPsX2tXsLyw25UZuRJhiNrzA2X,0.30847756,19.43,0.30847756,19.43
LPLn2bRZpedF58ri1XN5YxxPAadDDfCdsT,0.2605,19.43,0.2605,19.43
LR18kUt6Lo1oUWz5iCCKmdS6rg3UWVHm3U,0.29396811,18.75,0.29396811,19.43
LaADAVsJHJ6XdMypG8HvNvxa2rU5nLeBaA,0.2431,19.43,0.2431,19.43
LcTNrGvRXHKgGuTzGXXHD3BvRxR5URrqng,0.28527679,19.73,0.28527679,19.43
LLN8wiX8owheDAoTAa4FUvYHkJNZwxj81C,0.27415051,19.44,0.27415051,19.43
LXx4cWoVZMz2FquAunEZBbA7vPgQTS3nm4,0.29097354,19.63,0.29097354,19.43
LZgJqzsffb1To8C65dxSDGWYzZttszxN2r,0.2184053,18.54,0.2184053,19.42
LdUCzddEdqRYfUxNsqBCaix4yESGRpQbMt,0.29955724,19.42,0.29955724,19.42
LTSAWttNsP8uZqNsqSkKCP3HvXDdGxWUdP,0.28514086,19.81,0.28514086,19.42
LgFyPi1dvZzyKjbEq2JV9hAb2LZFgzuFuc,0.27478382,19.54,0.27478382,19.4
LcD8Wbk6DFC7f4q28pBXm8jdnZZjhWFzYr,0.2694,18.88,0.2694,19.39
LZV1TxEUiAPNXXwKZc9jjdajLK3b2DoHSf,0,0,0.29837,19.37
LXUV4qVSHSMkA7gjvSvhEotZn1Mzkj81fU,0.2278,18.42,0.2278,19.37
LgBkcqVJ42kgsQXpkHauMj9UMcQaQ2jKBW,0.27727664,19.61,0.27727664,19.36
LZyZLFDM5jBBWqumaD1UvjKHjnyMwtUZ5o,0.2324781,19.76,0.2324781,19.35
LTzRKy8ty9SEeRZbTPoAxwCcMiZWQhzyVW,0.28412318,19.65,0.28412318,19.35
LWc98aiuVVr2AjTT1dhyQ5y9NZ9cYuwRfN,0.2199,18.88,0.2199,19.35
LbtjZGQPob3r2kuddCWLHJRZvfCdj3XswM,0.22675954,19.33,0.22675954,19.33
LQr9FxwPs7Vu1GhSNDX1JJus9F8E1Wig8E,0.23157836,19.33,0.23157836,19.33
LPWkLnxUg2CCVC75Aq3WqEFwaWaBWbHMu9,0.2999,19.9,0.2999,19.32
LPvGKxCgrxiUERdgHWcjgqtpbAJr1of5rg,0.25818984,18.8,0.25818984,19.29
LSdTwUwKphq2bKHU77Eq4PKLyt9pasdJBm,0.263332,19.29,0.263332,19.29
Lbwz8a1n9P9nQs5fTbLnNaDDpNoNwdHwjP,0.2761711,19.13,0.2761711,19.28
LNuKxd7oqoPvAotqCUuTU53b6Z86K8Hfkg,0.30851682,19.95,0.30851682,19.27
LRaHscQkyP3gZNJPRKvvtMNEeGmC5SjCQ2,0.2406,19.29,0.2406,19.26
LLfTbSV9jZzpLxCZoiy1YeYvxqtssxvPSB,0.28581231,20.51,0.28581231,19.25
LgnPpBtCkHWXQCTrtHaBM7P6xB9KkfwJFT,0.27621377,20.27,0.27621377,19.25
LbPNGsfKR2h1GyANhAPWNiZyayhfo3wTfP,0.218482,18.76,0.218482,19.23
LiU1Gea9UwjDiPiyenirrmEoGsYYZc8aGX,0.27525064,19.53,0.27525064,19.23
LNkfYQbkbhKqCvu9AgmdP9ngfhbdszH3Br,0.23021295,19.22,0.23021295,19.22
LNvY8ZAagdaap8nS7gQyPks83iMjRdGSce,0.249,18.43,0.249,19.22
LVs6gvoCrzwqeMcR7HYHabDPYCKnvReqU7,0.25508038,19.21,0.25508038,19.21
LhygqPjSh7kREykbhGRhDdGzq1S3oYxfr3,0.2259,18.27,0.2259,19.21
LgFtCgwjDXL3aTcNptVMSU18zSeik2FsVT,0.26180874,18.59,0.26180874,19.19
LfEpu2E2UJvKfXgY7n3k5ZYfMLQSDYZyxa,0.22971598,19.11,0.22971598,19.18
LVg8qKBrMJHv3s4MAh4it9riEWnn9GjDJB,0.2689429,19.18,0.2689429,19.18
LMoFvHPnh7c9QYtL4hhriMtQG2urtzMAhr,0.21556494,18.3,0.21556494,19.17
LU7W1D6AAFouyPuX8P7HcGrh7fBfKduyR9,0.26617174,19.13,0.26617174,19.16
LSVgm7ZYBJT5rYgLdd6bMdR8tMUCXox5pq,0.31329551,17.54,0.31329551,19.16
Laj1argJKjd6z69H5ZP8yN1u1EgHUxmmUZ,0.23004855,19.55,0.23004855,19.15
LTsJqi9vJgxuxp823dtCtPVGz41yD7wQTV,0.23374431,19.15,0.23374431,19.15
LKGa2xWhncgnaU28Y4WB8AaY6tcPDViy3G,0.1843,16.11,0.1843,19.14
LRFZYdCQ3NreqZGgxQVCiN3He6w5hyKDeK,0.27334183,19.9,0.27334183,19.13
LTcL9NB3t3JLCi1NuuMf8k5dnU5CDMcYiX,0.2744699,20.14,0.2744699,19.13
LaBESiu269iCftAboyxUTfDLqRGFeSZGMN,0.25595464,18.75,0.25595464,19.12
LiPZwQHTSyeK9eN4xmKZaHmWhfE66CMXq2,0.27776658,19.11,0.27776658,19.11
LTYMrJiY235Hw2n3Db6uufmbe9wfbgvtRP,0.22409435,18.69,0.22409435,19.11
LX1nmNp9KDLws5ysYv771xXKv4U7H8s6z1,0.2699,18.43,0.2699,19.11
Lae7X8aiPMqha4W3e7pi2gwNVd7tLQCjr9,0.2434779,21.12,0.2434779,19.1
LKMS8fufs7Y5SZFcoQzJheqmC4g3uTWhXi,0.27349841,19.4,0.27349841,19.1
LRWctxA5ocpVSrQSFqWtw72EJcn5fjBYzY,0.28,19.45,0.28,19.07
LLpuojebgErvK9hqWbFFrH3vVwZ5aiJnnP,0,0,0.279999,19.05
LShzHhGYUkeNjNWZ7vBoS8vARd73Aoj8pB,0.25740889,18.52,0.25740889,19.04
LT1QR4j7g5hoDSm4END9HepzwrM7thKMYr,0.24605116,19.81,0.24605116,19.02
LWg4PgYFEDjeWux61LmLnFtWfScanC4fFA,0.27235685,19.26,0.27235685,19.02
Ld7VEC6b3M2N14SG5WGX5yioyY1KajKr6m,0.22299168,18.6,0.22299168,19.01
LdCT42Gc1RBSdpDf4UAF1ixhTFCdBeF6me,0.26613035,19.24,0.26613035,18.99
LNQUkJcnxbsQV27xyB2qhbPJPeWfitUXDr,0.26380887,17.67,0.26380887,18.99
LL6WX6Jr9zVhNctZj25b2xdESe7F7AMYtX,0.2720965,19.96,0.2720965,18.96
LYzrHVTkfA3afWEXUtSVvC5XBFmz3BMRad,0,0,0.28092,18.96
LLzEXs4pnScr9tQziaxzrs6ngyhe8GUe2F,0.24424956,18.96,0.24424956,18.96
LVsspNYXWMEERfo6VqUPWiwBnjG5W7rowV,0.26330854,18.93,0.26330854,18.95
LQghVMbAm4QoEwAgaKVj53YksZ2LynQ2T1,0.29233263,18.95,0.29233263,18.95
LXVPKE3CToetPycvLkpsJv6eBboXjB9sYm,0.22680711,19.02,0.22680711,18.94
LXGPXrHvzThK1TocSU1ZHM1sc8T9HRuJeL,0.25532594,19.07,0.25532594,18.94
LiKamgPwa86qBi9hutf3gXPoDt7yc5LbJM,0.26381798,18.81,0.26381798,18.93
LQCyXESMjYmC9Foz9QX51DCFjZcudBTTuw,0.27047926,18.92,0.27047926,18.92
LhgQ5Nopqa2T2odxKtSrF27PV7KkBXMAHZ,0.23896857,18.91,0.23896857,18.91
LiBshFDoQSkof7NWWSA31gvRJqSUHxyYk2,0.2624,19.95,0.2624,18.91
LMrntNevG47Rhmf4Mm2fnQcPKHf5pSRhyF,0.22055629,18.67,0.22055629,18.91
LhF2tBusKsJ21Z82NLvb3Sve8gTdNS4y1M,0.23699435,22.92,0.23699435,18.89
LTU2CSW81c62g2kqoivgpUyRoXof2DHyex,0.279,18.68,0.279,18.89
LdBFnTLyzLHQF9FcUVsYPJ4xTjcKmgnu9t,0.28196844,18.42,0.28196844,18.88
LYroLMbG1DDxFx84ZWBiDF2ZsnAkL4Qq98,0.22664341,19.26,0.22664341,18.87
LPXrk1nRywMyXrt4HWSY2fzsh8qxyQxBnb,0.2967675,19.27,0.2967675,18.87
LQDo3j2kqvTVe1o3tG13qDn69nkxiiJu7T,0.27692698,19.93,0.27692698,18.86
LdBdN6HYYsTU5cHjLCRPZnfY7f7X8WbKPx,0.254814,18.61,0.254814,18.85
LKoSGgkKgnB2fxZvk21d2j1j2BadWJaWGL,0.21424602,20.24,0.21424602,18.85
LNjVt7Sk5EikJGEd14Nyr1KUsc9fGfjzC2,0.28192898,18.85,0.28192898,18.85
LTCfGmC4dhpni6D4NcDseJ7EGbCY26b2TP,0.21404682,17.54,0.21404682,18.84
LTAgVita4qjYUqpbxBiErfZAb31ARzujCx,0.2899,18.82,0.2899,18.82
LgJmqsSXzYZrNAVyTCfEy9AH456riCTxme,0.2360495,18.25,0.2360495,18.82
LN67BhHTevJo7V4foymBncqMig5cWQu5Pd,0.315,18.81,0.315,18.81
LLTdYsFnLH6uBp5BgeYKUxFWamedgGKJZG,0.21942008,17.21,0.21942008,18.81
LTVqnxKaiHbrfMYZmvoAmUj2cb75WmwXuK,0.22345135,19.0,0.22345135,18.81
LNeWn3PUtS1J51UczpVvwHKNJp7ekHBDj4,0.30527384,18.75,0.30527384,18.78
LbLqFR5AwrSaqX1EWE39esjwhd4bq5b9RD,0.2596564,17.97,0.2596564,18.78
LVV7SxjQM8tuDqzwo5G5nrR3kJMwv6hAVp,0.21105704,17.92,0.21105704,18.77
LKwp6iZ7WiZYTzHCBhDGZsF8gsMh5e9rrm,0.26147754,18.76,0.26147754,18.76
LheKC11CSdk7pQETpjff2j5eDLCoK3JTo2,0.24263555,19.33,0.24263555,18.76
LKakDxFUHQw4rmoMazqwHm5cDGhV3dQ7Z7,0.25930158,18.64,0.25930158,18.75
Lf3SSdWG5Ng9FRv9xLKusv5bdPxdDd4CTz,0.26016899,18.24,0.26016899,18.73
LTwJmoAWBHBD9qNLZMaeCUyyi75n765vib,0.23,18.41,0.23,18.7
LZH7giJGNvHaVajpH26Wqg7roSBzf5rP1X,0.2684,19.69,0.2684,18.7
LeGCSaekin4Vk3CrTjw4UWqETkKkoUnE9G,0.18,16.32,0.18,18.7
LPytjvHbb9phDC6PCdYUvYbrhHNk3qMD7H,0.29040185,18.97,0.29040185,18.69
LcY4wHFBHjjYtrqRYKeUeneYsVVZ689V7Q,0.26764317,18.54,0.26764317,18.69
LUbRBwp8VWRhCSDkaEYZazpmCDhkjdKqXv,0.22,18.78,0.22,18.68
LiW6UFP8auJ6rQ5iqDg3FSoPF1rYaCruNe,0.261,17.91,0.261,18.67
LcbwuAdAgkKv3Y7zFL7Cy1T9SDwLBghBf6,0.2277,18.66,0.2277,18.66
LbqfroQZKxxJsU9164sk2JyBPiqS5PfvTv,0.259153,16.66,0.259153,18.65
LZRf52asBS2eyMP2WBbSBhaSkewDKwdSgA,0.27386541,19.02,0.27386541,18.65
LaZutLVRBY1MzFeUpmnRdz6P8yUh247PYp,0.26225568,18.7,0.26225568,18.64
LaKxY6j56AH7ksmZHqsb8vKyqfhBR83RtA,0.28755213,19.14,0.28755213,18.64
LMTNsofLtmJ9suZtdRMwxkogVe9U9iEttL,0.279,18.63,0.279,18.63
LbkSJLouFfvFV4WfR5PW49hhgo3T1haZ7W,0.267286,19.94,0.267286,18.62
LYMKCkQSLbDP8AFXyyFhZBZfxuhQ9qP12v,0.3044973,17.05,0.3044973,18.62
Li9uoMuXFzAwAbSLbfgcHAKbx8DidzGqGh,0.24973648,18.47,0.24973648,18.6
LLrstV2D8YWQXgbd6CSZmLknjLmHTRY2Th,0.29491635,19.49,0.29491635,18.59
LNH1knxcD8io49jZyZRVmGMydB2FbhjV9J,0.2113,18.14,0.2113,18.59
LevH8jewjy8QdqVE2fMaPyXLy26uRj22yv,0,0,0.23164,18.56
LZbmEVvrSxs8C7B9kHSTXuq5zJQ2M9VKLb,0.263,17.96,0.263,18.55
LXPx3mNUvUcB2AoHFAvhyFuUTr1heLqf2f,0.26660106,18.7,0.26660106,18.55
Ld3Sf2DU2XpF6wEHHaxtvLBWo7AjL7rhsY,0.25526768,20.16,0.25526768,18.55
LQ4hfYi5cDz6Zdq177FavQYYZR8A9HxVL3,0.29988289,18.1,0.29988289,18.54
LhNmQ577TCyM4R28jctsta33sXKf5JPUjU,0.2722063,19.0,0.2722063,18.54
LP4A8creAcJrwAAqJvJ8NsMAkxS83jCxjg,0.28330721,17.52,0.28330721,18.53
LKPvZxLB5jrNJ9HrJhj6g1mfeZ86T8eBxk,0,0,0.239514,18.52
LLCKx8MRrskNSGKVLHxcfYrtaXZnBy4SaL,0.220579,18.52,0.220579,18.52
LZFcbsHsraTxhYfVAdkoX64BTdWXwghofT,0.21767805,18.5,0.21767805,18.5
Lf7MVj3RgorSjbH3rAVby2FW1iWBwF7S3E,0.23972508,17.74,0.23972508,18.5
LXVeCVx5TxDRsFL9rCMZRFgzsJdSgiKWeW,0.30069977,18.47,0.30069977,18.5
LeKP9fRaoZbo8RQRUpCFwiRSCeXY1dPJVn,0.22110818,18.48,0.22110818,18.48
LVayZRNaAypcbzSkzbJbyoHfWscfWG1iaT,0.28228652,18.46,0.28228652,18.46
LdyHw1ccpwcTRLbvhfdBWu1FjYuQcfgQu5,0.30248672,18.43,0.30248672,18.43
LPjnJ8EuwaGSeXrKHsUfocaGs8af1iqEbW,0.249,17.53,0.249,18.42
LXWmnPyEH4BHLDg2otqZRYDEbYfKFEvBci,0.261,17.82,0.261,18.41
LMw7KHdbHKZiNtCPmqrF2xyxvqC8WgdHzS,0.23,18.28,0.23,18.41
Ldj5RLr7UschKCMSDerP5zm25uT52gC3e3,0.30193846,18.74,0.30193846,18.4
LM12VsEwzGfyxDSJy4x18cpYqBcuAKnuJP,0.26083176,17.9,0.26083176,18.4
LSfVsackzNVJ82vtVtb3T4KnG3qU84asPs,0.27874246,18.51,0.27874246,18.39
LPx1NDDP4oygAvrjrFtLb82e4u2Zc6Rska,0.27802493,17.73,0.27802493,18.38
LZLxRxxJiaUUYpiXTtVAFCCc34hgWPb3Wp,0.29244553,18.37,0.29244553,18.37
LgYfK79vX6kEyqdGQuwht1PZdUqkTk8JrV,0.28302445,18.37,0.28302445,18.37
LZchk8ssNoEoDQswpR7yUDU21HVxXHDVv7,0.20465772,19.9,0.20465772,18.37
LgcAZqnsRF89EQ4cqKQaL4NVHa1ExnjGzp,0.2576485,17.73,0.2576485,18.37
LfQJDKbNM7PhJ8hMGa3k4117LzMbY2Pyo6,0.23398226,20.11,0.23398226,18.36
LPCuwfxTAXTGbyFmpGXLFii1nSXek17npX,0.28864844,18.35,0.28864844,18.35
LW3pBd94tBPvwUH5PR6v4h2zoV3GPjygRi,0,0,0.219632,18.34
LT1c9HjDtFTKz3d9twaof4mHaavpdw3ZH3,0.23284652,18.95,0.23284652,18.34
LcoPmjfLdpp3BNtEuoYcrnDTQiei69bxxX,0.27390486,17.89,0.27390486,18.34
LPJ4hHsu1HYJb4hPFKUj7T6mkwwAeSThMq,0.30701525,18.64,0.30701525,18.34
LTf7R3uj5SRWChXzHXfHxtqdcMR6EkqXQ8,0.27129288,18.11,0.27129288,18.33
LSPd5unD9YbKcbkPMZ9mTHM1xuDFvNFNYW,0.25668301,18.3,0.25668301,18.3
LgntQHKAHbQ8jeoxe7fdX9Y21ortGVYwoi,0.21404224,17.95,0.21404224,18.29
LNnbmdH5Sc19pyeFKkGW1i75zz2ANdknn4,0.27989346,18.15,0.27989346,18.29
LhAzvQBNgXLUs1zcT9VN77Yh3XUSubEHWc,0.27304802,17.84,0.27304802,18.25
LVgWEadyvzpd42QquDiPtct2SPSYn3sEXU,0.27256608,18.22,0.27256608,18.22
LPNpUY6QfLMQkyK51kyZ8j9qEBUf13s3P8,0.21816,18.32,0.21816,18.22
LUPkx1WmUNvyqE8CDXxAroQJ8Xp2X1LyWT,0.24908821,18.03,0.24908821,18.22
LcpFoTKvUR8VaMku3jmeB3c4MwSNJUnLsL,0.24905423,18.03,0.24905423,18.22
LdCV7v3M8yVSFJRF4gJpuFqZY9xaKLyjHk,0.26032936,18.52,0.26032936,18.21
LV2jPHWAr9nLUyH3J8hmkRo8h6xRwgBaXZ,0.28430602,17.48,0.28430602,18.21
La2xTrtr8VomEWn9QzbMA5bVcY6v6eeWgm,0.27543394,18.21,0.27543394,18.21
LaVUn2M3yRvM5Em5NH5gRfSuQurwMdzpHa,0.23501052,22.73,0.23501052,18.17
LStxwi3wMFXkSJHzPLP3UyX9CBLJHGusST,0.21267797,18.24,0.21267797,18.17
LSVDmmUHpfdFV4NnFiBnkgZVUrhn9mERXt,0.26223251,18.34,0.26223251,18.16
LgamsrEn3o5hANF7JVwxt49WsymWzbYrpd,0.2349,23.2,0.2349,18.16
LWQYzpvvXTtnC2QHmB2WcRB8tSdYNybaRS,0.2980339,18.5,0.2980339,18.16
LcZh7sGF2xVR5iApF15Zhwj8NJCF9hMpWi,0.23526379,17.41,0.23526379,18.16
LfTWy9NndeuM5J774q2P3GmXVsM4bERveW,0.28980918,18.33,0.28980918,18.15
LSvqt37MKYbbPWovpyz1G6jH6gA9WxguCi,0.25066147,18.21,0.25066147,18.14
LTTYcEMTyEbQf58WEZLY9StXzyK3NEar9X,0.25193181,16.19,0.25193181,18.13
LTxBo7UJkMTx1Y6C1HGZSDgekR4LsnboYq,0.28572856,18.13,0.28572856,18.13
LKSV86hW1WRrdvbi1TMg4wEzZ6vG1oXger,0.28516387,18.52,0.28516387,18.13
LiG6odyiYpZNp7osoXQX1apZ59ALkRdPGZ,0.24556907,18.81,0.24556907,18.12
LhqFcBz9hdTUT2rLYRPbiMYw4zCGai8yDC,0.23423817,18.66,0.23423817,18.11
LNPTztLkw1KLCfeEWLTUA7nfg1G5CdNJNQ,0.21174579,18.09,0.21174579,18.09
LTRMYhcngGw1tZSGdas3NYJZvmeVCpa1Hn,0.32250372,20.15,0.32250372,18.09
LbUinftGVYKWrNMqPu5gWCqBGooyz46JNy,0.252285,18.09,0.252285,18.09
LNNwQowksEeVfeSygQjPjgwyXdRrpZ7pFP,0.27103411,18.62,0.27103411,18.08
Lfq2ErYSiMHqaSRxxG4d9ym97MsC1AxBsV,0.28880431,18.67,0.28880431,18.04
LKbpNuDhv3GfWXr1xswuvTWRV3Q722ZgAU,0.24724406,18.03,0.24724406,18.03
LcoCHoXmCXtSuiqJtE2AgYVQ7WRUe1N9ia,0.27565575,18.03,0.27565575,18.03
Lhu2qxNdusGGnXV3Lifj4DsyDmQ5dAPpA2,0.26951822,18.02,0.26951822,18.02
Lfey1WahnXFLUFuMWPgBhUgRQSGNJo3fhR,0.27079894,18.01,0.27079894,18.01
LLVfHuMPQFzAKc21A2k13bq72PhGkt6shV,0.2498,17.86,0.2498,18.0
LUQxedFdLvxWJ1wbGGA48k1aMFCbPFcb6o,0.25722305,18.3,0.25722305,17.99
LZ5oWzM7TFBkB5ws8fwnWjM2bbFzWZbkzq,0.2539,18.33,0.2539,17.99
LNWhdE188K7beFp4oBTgJGFZqbf6igGpym,0.23261296,18.73,0.23261296,17.98
LNTqHNowMWgVDjN7rpWTGpYsCmhgsgEofW,0.29407267,16.47,0.29407267,17.98
LQCgyP6ajaFcS3jvvB7xygfUnTxUG4bQVA,0.2495925,17.5,0.2495925,17.97
LiW5Fpcdiep9XDVqaRDmsH3trJTLAjVtE7,0.26926265,17.96,0.26926265,17.96
LLXo3ppexc6bp7vYWebzehVD2JtBAktLax,0.21129303,17.96,0.21129303,17.96
LdJxhRbUbPywV4FvkGWfjpjiWspGJQh1RX,0.290291,18.99,0.290291,17.95
Lh7CxDTwPkbX66MkDMFMMMCraFDcDgfGVM,0.2629,17.95,0.2629,17.95
LMEoDQW4aLMEAwcVjkMRogc7PATStApdqt,0.24529812,18.93,0.24529812,17.94
LSTf6gGZQNEA2mtDRWNfsZqhCSADuHeDKx,0.22055901,17.94,0.22055901,17.94
LNg72jbsJz33P959B9bVhxFWGBuCLWjhaB,0.21576203,18.01,0.21576203,17.93
LTVpSfMz149fQyjU8rHSno2m3fVN2pPQWv,0.26859534,18.12,0.26859534,17.93
LWK4MMU8cZVnHVe5h5kaJe9tGKoSMV13Qt,0.30020714,18.36,0.30020714,17.93
LVYXojJttckd6VZZdGSxJMyNrQ6wjpy4jd,0.20375142,19.25,0.20375142,17.93
LcXJDDLttBy9rsEiYZtm6jrojSs7nHXVaj,0.23208952,17.18,0.23208952,17.91
LNGt95DSWyCKqqe5zgUsD4urFoTs3SDLED,0.2034285,17.9,0.2034285,17.9
LNshwt8gLrZ4gN38XXKhJyysz23pDhJiYS,0.27947284,17.19,0.27947284,17.9
LbNkgjkj382sM2GbDAfiFf6MBARVKC4B3x,0.26827947,17.96,0.26827947,17.9
LWhmUNhMfK9cJ3og7CtQtDLRdqE1QXdJWi,0.28219307,17.89,0.28219307,17.89
LT2osG3LGRtYq6XQbZQ2fjvHCLtgShXr7E,0.25572841,18.19,0.25572841,17.89
LaLiGuqGDuQ7pRxtWNpUs7GmpmLQRjZeKc,0.29948187,18.31,0.29948187,17.89
LZRavuX7HWeWYa5REjXcZwFdDyHB81BS8X,0.26794464,18.08,0.26794464,17.89
LNyXP32c2YcZHghQ4yaPxpzzFVkZ8hZmdb,0.2313,19.91,0.2313,17.89
LL4wkRrjSLEV189dHVKTjJnvvAAYCvzbmK,0.2441,17.88,0.2441,17.88
LaQUB8hJC2wPJnUWagCJ3CJ8UE38tSPAmn,0.2441,17.88,0.2441,17.88
LhKEvtXaroSUL2nkwPENFYsPwC4JvUdyCY,0.2702769,17.41,0.2702769,17.87
LbJysdicyc3hi1ryv6z7V9oAFpreT1Reb1,0.2473063,17.59,0.2473063,17.86
LLX84sco6jj7A7JYqTmVWRYydaCzkRP3LS,0.23136083,18.16,0.23136083,17.85
LNXjyvq7SMPCE1C5xrmUvujxcXJwLSF7WD,0.23084793,18.39,0.23084793,17.85
LKQqtPeRnQ4qg9cBGFwFsbBHDN8bfQJ1ft,0.21372567,17.84,0.21372567,17.84
LZQfgpuPnEqPKDjbP9KrRmBEocZEuuqdPG,0.26721454,18.18,0.26721454,17.84
LaZPuiQiqWP5r6kavjAvHaS42rpiYkF6W8,0.20877455,17.29,0.20877455,17.84
LN8Cy3LMFW76RmL5zjhUkQ17AVEabTKppT,0.2688193,18.17,0.2688193,17.83
LSMEAq3Ct6UdSz7Gm2JudjQLdWp4VcJXK4,0.268167,17.83,0.268167,17.83
LUZiCDzGqF2U5hfVTUCWmfH7unTDXkLYkT,0.23102959,17.1,0.23102959,17.83
LVhc8C3AtRMYmMcQAuzoAKPGgMTerjGaTp,0.26186914,17.64,0.26186914,17.82
Lg2j7W5ys1jG93sXp4akLPG4JkYSbX1mGC,0.23068684,15.85,0.23068684,17.8
LTMvR7N7uKKB7EprfqitQuDZhg5GxvB6v4,0.19824,18.65,0.19824,17.8
LeFURUNQoJewXU6PDvjNMjkNRN7kPjC1Yp,0.2412,19.05,0.2412,17.79
LdzWYdLHm8NWHKpSndVAfMupdkDpWWVYL9,0.20948791,15.6,0.20948791,17.78
LhsNyxfAu5M6ignpXWZyaNKitNdRG8MXCA,0.26636009,19.11,0.26636009,17.78
LUvoMCKk9KWRwSjfuNhbjubWAmQsFukEAB,0.24247963,17.22,0.24247963,17.77
LVgZcZz6gunWbXsyPC3YKnL7XV2iAPvavc,0.22446683,17.62,0.22446683,17.77
LajDjh7TrCec5hhtThQmuXRFFL1Lw8MQaZ,0.28876196,17.73,0.28876196,17.76
LKUx3oUJ8ugAG3WpgqKeH3moniZw5ZUYGy,0.24238343,17.51,0.24238343,17.75
LeDVdY2CA3C6Z7Bwfa6oZtGrdrABECWpvu,0.29713,18.18,0.29713,17.75
Ld3qbee8fGUJaFwhLjjx25EyLPrCdi5qgq,0.27983588,17.74,0.27983588,17.74
LcjsmKBANt7oXNrBBc3gjNqS5Fn14tGN6U,0.2397,16.49,0.2397,17.73
LTDFbbxGmdgd72qskwPezj6Yj7i9K1Tp9J,0.28209094,17.72,0.28209094,17.72
LQPdfcE2vHc3t8c8nTZyAyQnR3msVZicp7,0.25731024,18.22,0.25731024,17.7
LSNm3LRXHy5Ne2TaYLNZ4jLYqnzfS69wfW,0.25289911,17.33,0.25289911,17.69
LRyJUZAgPi9DK4T8deuW7TLQWenVhQgiup,0.22869435,19.69,0.22869435,17.68
LUzNokwnbquB2joyABRo676nqefEqB7mUo,0.18462338,17.68,0.18462338,17.68
LKVzPHuL6tVUmEuvUF8ftjGaMEEofudUVX,0.229,16.56,0.229,17.67
LdU3Nf2h5QKjXXTNV3RXjRcNvDQ6cqS7pi,0.22892283,17.02,0.22892283,17.67
LNd6z5We7njUDnQuuh6Agj1PMAkGWhXJL4,0.26151231,17.46,0.26151231,17.67
LKgGtc5eBjohzSk4ZNLq2wt5g69FpfzY8t,0,0,0.252365,17.66
LPMALXnricPp4JcKBk3KBpyGq8gCXYwNsu,0.25656623,17.68,0.25656623,17.65
LNkdrYYjAcvBUE8VCfBNycnmjDJoJs9R9D,0.23833342,17.07,0.23833342,17.63
LWfwCohgoYShJ3MuHmMNuT8H6icP4GRwHa,0.27963842,17.63,0.27963842,17.63
LKmqwsMTYCqZcmvTL3mrsr6vK71kZE7ruA,0.27147261,16.96,0.27147261,17.63
LXwuNnDgEMAqS5QctLHhHbE3tnUFLvVvxv,0.20622118,17.29,0.20622118,17.62
LgmZfsx9kvbpz8B1pNRWbJ4ti89ajkbSsy,0.2388,17.62,0.2388,17.62
LZ8uwtNwZsWf1gNAyLdWgxV6Z5vVJuaffq,0.27321631,18.13,0.27321631,17.6
Lho4Q674g6EBK24piuLzx14kTfhw6te6SL,0.2406015,17.41,0.2406015,17.6
LUXWSAsYzr22UbuxzbBHC15XDo7e3opnRz,0.210689,17.67,0.210689,17.6
LWEKGqJ7BMQYMcbx2Lw1w6BZ6YbyYrJrd3,0.26344692,18.0,0.26344692,17.59
LSatuy7uwbtRjGLLDuv85ZdbXob3J8FHtf,0.27074991,17.58,0.27074991,17.58
LWwgg8kmTEVnbS9ESppQkiurJF4UYvmhdR,0.16918421,15.34,0.16918421,17.57
LLrQfzXiAM8ckx5guhQFuVEx6jsmQ7aK8j,0.247,18.59,0.247,17.56
LKLwhuNqY2kE93cHzvxiCo4RX5dogfVjEw,0.18651442,17.86,0.18651442,17.55
LVubCLhUqdrsnjpNC9tyCpLA1jcdtbxRuk,0.24360976,17.08,0.24360976,17.54
LaVPbdXxAjpFdQ86zhRJSsDZcNNXhXGRYr,0.26793556,20.37,0.26793556,17.53
LaUB2WDjEiiYT5A2ba8nNWnEHfA6jA86Bh,0.2761,17.5,0.2761,17.5
LhQtnS7bzYT9DWFf4qbd9uKK4ViJUpfoY6,0,0,0.209574,17.5
LKqSkeTuL7ECRtZaEqXsgcu1AwF3Pit83c,0.25709237,17.0,0.25709237,17.5
LXVxYzvtY1C9gnBuzaAaHCVSukx3VNDLBc,0.24509804,17.94,0.24509804,17.49
LL9q78iosNRNbo3vRC3Vd5fauSFdc5t7k4,0.21883283,16.3,0.21883283,17.49
LKXCaLFsTEEUTEr8kkte3tmdS7DH4qbDi6,0.22662038,15.75,0.22662038,17.49
LT7dYqV7EXdkeKZWFDEUSUUe3wmKNknza2,0.25,17.78,0.25,17.49
LY3zGugaHxwhDDEzSAHodue3ysUyWuyXPp,0,0,0.193023,17.49
LURzkVyfQUkHwBEBGxVVs2bqRAoGt1LS1i,0.2499,17.78,0.2499,17.48
LdrtREvBM93SWNGJ743SFYcttv1znaUj3M,0.26954397,17.19,0.26954397,17.48
LXrWSc3qNQmXDP8DqgoXUqebqaUno4xRq3,0.196199,18.54,0.196199,17.45
LeppTJYAmT5LP1ezN3fSMg1n7F4f48D7Qc,0.22545302,21.99,0.22545302,17.43
LYsVhqXBia4PSzGTxA8MVouazT5aJHJuXd,0.26415279,17.54,0.26415279,17.43
LS6MhRkinAdVjytZejFtvVPFGaCyfwfDyR,0.22581018,16.16,0.22581018,17.43
LVKJoVDncStKNgRUYGsJtfK3bVK9MvTXF2,0.17717423,17.42,0.17717423,17.42
Lbc1chKEEzJpPS3w1bC5zGfAA3rE257cRC,0.24434942,17.1,0.24434942,17.42
LKsgnJ5vcieqx8aAijhrkcJEXGGpkANyxF,0.2813666,17.4,0.2813666,17.4
LbzUszesGcqp21mhMb9gqN1St8gRX58g6M,0.22524959,16.75,0.22524959,17.38
LU9TrfpiMvc9vFq5dDb9bxd4GHmWHpNv5X,0.19752245,16.77,0.19752245,17.38
LR8D24rrjjzn5BUwh5pHd86Jv3wsKaDRe7,0.27559966,18.21,0.27559966,17.38
LP8vwj1ZLjQ6GqZquoshR2zURecRwXsZLM,0.16814893,17.02,0.16814893,17.36
LTVQMcKdkGrwzsBjqU6Xe9PsicveDexSpM,0.2041934,17.36,0.2041934,17.35
Lb1mwFF2a8kAVXrz5B7XsvvPDZdcHLN3Pj,0.2146,17.34,0.2146,17.34
LWAd1gdUz39s4v5YYtq3s1JeERA7zrJPD3,0.27735338,17.33,0.27735338,17.33
LWS1anjtkXART2AW8p19tN2GEAh9s1Qqw8,0.23974901,17.01,0.23974901,17.32
LhybdpJhmsZxhqTtC2eijcMTCQzpWK31pT,0.1931133,16.46,0.1931133,17.31
LVf12CDfZudYoMsFKiHzBjLDLncwVkauja,0.26670418,17.44,0.26670418,17.31
LTfN5F74qYMG6WTPvRubYzqTK5dLC6Ja1z,0.2499,17.31,0.2499,17.31
LfSJW8S1y6gPJJktqduxthiyDZkTUPztGK,0.24400367,17.85,0.24400367,17.29
Ld4LuES2p9LuZaLJLGmGPLcG9Z1jAZZoyu,0.23927655,17.33,0.23927655,17.28
LZjfo1q3jPG2qG6tJWrEcuWmUGkDBjUAuz,0.22013582,19.1,0.22013582,17.27
LPh7AabDZVKCMg65YLZBQtn1df3zwy54Nb,0.21449673,17.15,0.21449673,17.27
Ldt2AZDWNQMPaUJ555RHh1AFqShCz3jmQx,0.24180725,16.9,0.24180725,17.26
LVoCyrEmqJKeM1K8NvwMUm6N4b2M4KYNU3,0.24160071,17.24,0.24160071,17.24
Lb7J8Dj6KMXxDjgR2rDcKKMdkdjXmKNZYo,0.21608683,17.23,0.21608683,17.23
LbWBwonPpDMJ4c1vNH57Lc3dPbDFBjGnc9,0.2573,17.2,0.2573,17.2
LhYDMfmR72xEVZ8LkJUEYMu9Fwx9pj7PNj,0.27047324,17.57,0.27047324,17.19
LWb7d8rFPMP9Y4eGPpe1osmaxwQMYLJvxY,0.21284582,17.07,0.21284582,17.19
LUed8w8hJeN6age3oB51whNjQfCFzcjFiN,0.22964605,16.82,0.22964605,17.16
LTWVpqTR1Fqx2cQEfAwTV4Ek4n4bqZad37,0.15726636,14.8,0.15726636,17.15
LWx3FyNz8eZ5WvqKo8gQVFJ3Cn58mgxpAz,0,0,0.241864,17.14
LPJxwZNvmuYVY9SgHyhAzutqdVLZK8cEMN,0.25834108,17.46,0.25834108,17.14
LgNexDtGCqDqezTH3Wk4FLLkC5EjUVxunR,0.24721032,17.12,0.24721032,17.12
LdHYBnkXaBRDk84LYgsEmpRKLC8hwC9wcB,0.19057796,17.93,0.19057796,17.11
LfEHDZFJM9zZjhjJ6P3YzpW2kC47Zfr8kT,0.28635975,17.52,0.28635975,17.1
LXkDLps33v6qrBcJE6rnqgxiWbDNRieKsh,0.19434803,18.36,0.19434803,17.1
LThrf3KJn2QwKiQwF7463qhgHsDHQopV5d,0.23104389,16.88,0.23104389,17.09
LRRs5wx4r8WnmQZXFLh52EVxsAx49HBb2G,0.26340296,16.79,0.26340296,17.08
LNdXU2z49zBhRkP6zTpu7vZfWuUFV9Xwwa,0.21309341,18.21,0.21309341,17.08
LVnxU7t5c5SzzmVqd9Abbh3tfbojRPUxeU,0.22113067,15.36,0.22113067,17.06
LgekGU6RQLv1PiEdbSsGS9Lw3dhcaixFK5,0.16417057,17.05,0.16417057,17.05
LLx7Q3ZoyviXwBTrJcG31dgDGt65jbsc2r,0.19953713,16.58,0.19953713,17.05
LXD4PUJc5kKssFQ2V3qYVnGfSqU1knhWDi,0.26091,17.06,0.26091,17.05
LSxYX19Y3yGaFXMRnN8T8RA7svnP8A7X2f,0.21269232,17.91,0.21269232,17.04
LaFGtW3zrucSeHaVuRSHAN8PdhVnHaR1cn,0.21259952,17.04,0.21259952,17.04
LNkSAM8rGxiv2mzav1DychtWFxyEA1tcxe,0.20027045,16.19,0.20027045,17.03
LbBHbTfYMdr8JxTSrYKi23miExAAVKMts8,0.23649948,16.58,0.23649948,17.02
LPhNvnDYCwWDXPRWSkTyj38JW4qHuU2cZM,0.20045978,17.02,0.20045978,17.02
Lf4UB1FMGhdDTitvTApCoDSQHHwUyZsbe4,0.18954645,17.83,0.18954645,17.02
Ldzv4z9F18ipqkXagNg5KwSn6AtmYZ6G8x,0.21222842,17.87,0.21222842,17.01
LPuSFPNRdrTxhePnqcMLxhgvr9GH5XgsSD,0.2,17.08,0.2,17.0
LVuK6hUqJwkywMjqqBv5JgxZ6V4MBfzL3M,0.20770893,16.79,0.20770893,16.97
Ld1Ek8A6jDoqMtfpq13XN6k8nScqBCiDeE,0,0,0.198496,16.96
LWcWP9qP1n4bkG47EtKNoKNKNuKocWPgLA,0.27080014,17.13,0.27080014,16.96
LSxyphXShtumNGW6Z1XNFKLanPfXK6JuQZ,0.21,16.84,0.21,16.96
LNQ8XBw44Jh3rLTD8rheptX1UGWS27KkLn,0.26740452,16.95,0.26740452,16.95
LUJWWzDM24VbaXNyybDo53REei2TyxgvGN,0.26919051,16.95,0.26919051,16.95
LYdaoxyrMhr5ykCWB4eXKjJmYMSPfizvHQ,0.2099,17.09,0.2099,16.92
LgDAB2C8i1RPf2A9NaM4oxaDGBLxNDq5ft,0.27120857,17.37,0.27120857,16.91
Li686PG1VQ2PcVYa8RT3kcWNrZ7RpxbZSW,0.2385,16.91,0.2385,16.9
LeCHsh3xW1uiKXMaWpobyac57kzxUscbrk,0.21858473,16.9,0.21858473,16.9
LQBAovwzfhLYnT9xTmUiTirsscz72EgrCo,0.22842111,15.98,0.22842111,16.9
LeKZszGQYnpESHDVmqismKMNJJp3xQ52av,0,0,0.198783,16.89
LQZhKp8USULcv1aRcW8fKgAAAt29co2Q39,0.23388495,16.63,0.23388495,16.89
LXKgi54MWvqzS2v3sb27L8n48brbaLufC3,0.20218366,17.07,0.20218366,16.88
LiZ6zM1tLrKiZathB1NTsJX9ZPfpx8JoKh,0.1975,17.43,0.1975,16.88
LVGN5PbEeii44RE3YCDpfP2bM3xVBeHkFd,0.19878145,16.87,0.19878145,16.87
LMdVVfxkrwjxDPgSxgvGYfsa7V7msRxhLa,0.1973503,16.35,0.1973503,16.86
LSsgBk6t11GD6haxqaRb2pwGMZtFXz8FEw,0.23196068,17.77,0.23196068,16.85
LQqysUc1VRJzWvZXAiDsP6CN5MXbXbAqNL,0.20700842,16.83,0.20700842,16.83
LYKAoy9GGKbQEF1z535LugwZpaY1YSaMxy,0.26509709,16.82,0.26509709,16.82
Li7TtNXn9Mjn7GEyvHRmnk7PawWdnX7BGo,0.20134637,16.89,0.20134637,16.82
LSzPJWt2eRRCp7TQwvV5Zb5c7rWpRrGTDZ,0.25914834,16.23,0.25914834,16.8
LPjdKMBnvxmeMWSgpX2Qzek1q2M4P5Lq5G,0.25097072,16.95,0.25097072,16.8
LWdWbFEEDZtcMsTjVNTz6GVRonFDgapkFJ,0.21763029,15.76,0.21763029,16.79
LNcUANaiBcf1GAMdR71gW1DsdSBE2eRMUt,0.21760913,15.74,0.21760913,16.79
LiV6x4vcpxgK8ZF9ydpXstemrJHrZNCkMq,0.26039158,16.79,0.26039158,16.79
LPghENP2eYywrSrzmQvRHWLbrwQcM5NWGm,0.24775926,16.59,0.24775926,16.78
LeC3pqJTRg6w91PvmoVSDpVrGQzpQrHPb3,0.18515601,15.44,0.18515601,16.77
LWdJHLWD3w3mU6YtoUbu7mR1LmcKrPE5au,0.25133057,17.26,0.25133057,16.77
LXcsqwaRUcoqCTfT3BeQb6qgegRz63KzLd,0.19721173,16.84,0.19721173,16.76
LhUkz91DGNCanPbew6fNwDFnwrsXi42249,0.25859574,17.21,0.25859574,16.76
LUgkVym5T5YrMuhTGYxH9q8kHaxM6jKfo2,0.20611968,16.83,0.20611968,16.76
LPapB991GjZAoSRdasF9wMMX5FeaD9rbkj,0.16225782,15.87,0.16225782,16.76
LZM4Gm4PdtSWSW42zMYmQR5PY863n52Gw4,0.19,16.32,0.19,16.72
LSF9Mz2tuPvXSt3VP5KfP5RhC4wQmVaQHD,0.257526,16.72,0.257526,16.72
LPZiau3qt9kmCwinMNCAn3CrcwcYkzEs3n,0.16997339,18.15,0.16997339,16.71
LdDBs8zNqF1YQVqeYBEX6yGjAaXpsqpWhB,0.25743633,16.12,0.25743633,16.69
LPz66boBCNNdMqPqwZPP9ZNdaWqm6i2M7P,0.21622746,16.08,0.21622746,16.69
LfYw95uwwE5kBk9JyU8YHHQkg9t25ANUL3,0.21617971,15.25,0.21617971,16.68
LSmUTHwxcjxS6cHhNYWUzhXvqF8DCVFd82,0.23394097,16.1,0.23394097,16.68
LQ8PGg5112Hujv1moCK7w25RR4wHpum8xR,0.19537949,15.33,0.19537949,16.66
LbJXH74VkBZChKqxBPCXUTN5BhNvnq1viG,0.25651529,16.02,0.25651529,16.66
LbZe7ADQafQL75q63zZMtGx4NKE4VH1LG6,0.2599,16.65,0.2599,16.65
LYBBzJVhEPsx6cPK6JvkX9L8CBRMPJXeX7,0.21555404,16.45,0.21555404,16.63
LYDcguMZ9R7npQBrpRDgGkDCs2u8j3vg9P,0.21541714,14.91,0.21541714,16.62
LfVfSNpJF5FiTkKRciynyWrC1yzw5xwpKm,0.2278641,16.62,0.2278641,16.62
Lere9es9HSom1ZN26UQLSwWdPmUY6Yxu6d,0.23538,16.07,0.23538,16.6
LKJNzHD8G1AH3dqgTuLTT4gMrQHcnE3vKX,0.18849905,17.1,0.18849905,16.59
LYSuYB57gv3J16qYRLFJxEjfFvvXWKJdA1,0.2099,16.63,0.2099,16.58
LYXM8yBAHPzcWfTqHQMfMGApicMh9UBZNH,0.2240194,15.77,0.2240194,16.57
LVcC7PLgvq8k755fuMTfEkZr2NwcrYYc1T,0.21122423,18.33,0.21122423,16.57
LUEZrg1o6GFQo2UaSNCdz3d2JxKrEqSPm4,0.20678685,17.41,0.20678685,16.57
Lbacsod5SRuxgRXJAvUjWfWkwutR9XuPem,0.22397068,15.71,0.22397068,16.57
LZodW2VauBjWnoMSXHmfo9PXqWhRyCfoFz,0.22205758,16.47,0.22205758,16.57
LNq5v2ycN852MABBgvMkVpTWa921G19mEX,0.22932889,16.22,0.22932889,16.56
LSSsYQqLLtXCKqCY5gMYDQvqMGQPoYGYxe,0.26309408,16.56,0.26309408,16.56
LYmYkUXERjDydihF3gEVzZft6CzCNUjuax,0.25044877,16.13,0.25044877,16.55
LWqrkyrAYaMFrL1CVnG8aiTyVYECA9zi7G,0.19479929,16.54,0.19479929,16.54
LMCAv4qdj9tmdYnWRxXVSnWrcqZFb1FizY,0.27679046,16.81,0.27679046,16.53
LKFYqm7EW5DzW66cSPBh3aaU3XHF47Z9Mf,0.21420454,15.11,0.21420454,16.53
LKukVRz8dy4ADYbCnJQLdT6d7ry6UxyA1m,0.18409995,17.32,0.18409995,16.53
LcD4VZNx6pR7EZSRPwhQUP3FYa5KYF8Ts5,0.2139,15.09,0.2139,16.51
LdW5CaEyDKEqS9xjqeN8DVv8eQDxhHUSQM,0.22373986,16.51,0.22373986,16.51
LfWo8uLtiUVjsCWR2u6m29QTpC26XMd94k,0.21383287,14.97,0.21383287,16.5
LhTDXnYeuMyP6NaKri6tzKMmy4uS1KiAW3,0.21377749,14.96,0.21377749,16.5
LgVVGKAMA1msEP2dza1T2z1bvuwNBn6SGF,0.21376993,16.78,0.21376993,16.5
LN4XivSMHRJDyoCyuCzQHUBfdKkxd37bLt,0.19383631,15.67,0.19383631,16.48
LTrzPnvJj97x7KNjvKzzqsBMMa4gnNikzq,0.24192839,16.73,0.24192839,16.48
LhD3oC6a3ePbAxDW55DFN9ceev1bCJtL1e,0.16743745,16.48,0.16743745,16.48
LiVZLAsLZk4Nfixrw3WeSpkpWCBRskynVb,0.19152811,16.46,0.19152811,16.46
LZtoA21kkqoXpkLm8ztPWMkLaUmAdrUEom,0.16818798,16.45,0.16818798,16.45
LYQtKNnboLNXXainacuJK39LT2pck1GdrE,0.20533744,16.45,0.20533744,16.45
LXtLnc8jZTF5QfXsjXG22ZYsJKjRfVjwRz,0.21320498,15.44,0.21320498,16.45
LPjMcv4kreA3YXGjvZ6i3NcB6fyzYvadCc,0.22847475,15.31,0.22847475,16.45
LRhNwrK7EWi16TeVor2SA4hxhqa94Xi6pi,0.18681302,16.94,0.18681302,16.44
LPBV2gZTtvQWGtRmRkyyxsSweqdNsx3Mrv,0.19237194,16.13,0.19237194,16.44
LTGPn1aD38wudLehmBz2pM8y4Xuoc6EcSx,0.18128144,15.54,0.18128144,16.42
LdZAqe5BLKacHWhSza1wkSyi7dZtHhzBNr,0.18114359,15.33,0.18114359,16.41
Lc9kJ3APRFixPCC7uwQnVyEcGS9XW3c8pS,0.21890873,15.96,0.21890873,16.41
LfAy7HfUSU1aWreBJhUNwWUyHYUipWDDaC,0.19724498,16.39,0.19724498,16.39
LNV4NiKXgEwzZ5iht6JXAFXPXXuWo3L2RK,0,0,0.186269,16.39
LLC4otDa5y77V1ae7qjse3pcL1uXpb9nZn,0.18091395,16.22,0.18091395,16.39
LNbKcWeTUbDqpiWgRnN1G77KqrXN343zmW,0.22359278,16.38,0.22359278,16.38
LLaC35LuGbZAyTe3FCR2GYzwKXw46npRH8,0.20418393,17.45,0.20418393,16.36
LUw6CvFeEEep6HchQUkYdYey2RAidYeGaY,0.23361337,16.49,0.23361337,16.35
LMEaU1rdNSRBbUYAuqr7tKoNrCBGuN5vt6,0.22058683,15.73,0.22058683,16.32
LQd2cwFbVAUsHQCiq3eUdxCBxx2e28T3e4,0.20201732,15.78,0.20201732,16.31
LULujZufPEjtXyaAziDZvEJhqk9uFjYqRJ,0.2800103,16.31,0.2800103,16.31
LNJNKwoWFDWA4woqrgHTyEQMi7zduhyhox,0.22829468,16.5,0.22829468,16.29
LNrz4Gjhvp73BrWR4xKbW26tW2iNtBQQfB,0.22078791,16.29,0.22078791,16.29
LWaDdM99jmJ8Vp4SVUcEC3TQ83ojkRVN3x,0.19055346,15.78,0.19055346,16.28
LaNh58EG1J27Vc6rphBeUN2tcDCJP7yveg,0.23309862,16.48,0.23309862,16.28
LMGhPQ6nE3jbUNxth7LCC2AnoZCKwbMU7y,0.22,15.13,0.22,16.27
LfpJ5esAKjkVjSYPm9yrYBhJfMh4ktdvPV,0.22,15.13,0.22,16.27
LYoKWK81DZ5ziuE7pirLxi74FTHr8HKe6J,0.25798504,16.27,0.25798504,16.27
LeKFAnCo5U6c5DTsVLePq2NVvW9727E8YG,0.21,20.74,0.21,16.24
LQxNwYEiRBj4n3MuagvRbSpzjTCGepwZYm,0.21042928,15.24,0.21042928,16.24
LXqD189ooj91ZBrw6pAdCj6kZvAnaL7mF4,0.24060442,15.76,0.24060442,16.24
Lge7bpD4cnEKF367Qh45363mh8ZXPPH7hb,0.20510966,16.1,0.20510966,16.23
LdmaNJdPiUQDef8RN8MdyY6GF2HDMyVsVy,0.23828597,16.23,0.23828597,16.23
LMtRtdB7C3K345Dfw6Y5Au8wDTbzP6eW6U,0.20992271,16.9,0.20992271,16.23
LberkJH5ZUaHFYgSebEmAazK5wRRthTAFk,0.25811467,16.22,0.25811467,16.22
LYwwnWcc4FaDzrZcwapRTxbrGLu1QDXQzA,0.24284563,16.2,0.24284563,16.2
LN1kE5rzJoRdc2ombabckwKDVbNxTvejYE,0.17878576,15.33,0.17878576,16.2
LhLBA2Nn6UyZtN7KtYmvwAehBx1WyG3Mwo,0.21141649,16.06,0.21141649,16.18
LhZtprTFAAC2Pngg95PEFEyRPR4SvHvaWY,0.15396084,16.17,0.15396084,16.17
LNtNcRLsmJUrEPSwTLAMVQDu4G5aAFiF2z,0.22512,16.05,0.22512,16.15
LLUXg5t2oCKQwePsbjrf9KdTeY8wx3YmS2,0.2251124,15.64,0.2251124,16.15
LcKNWpBLdsdGCuo9DvHNFy99YPyAaF1JMJ,0.2236,16.15,0.2236,16.15
LR29b6EYbABxpWfrYMBnWxynPB6fkJAyiJ,0.21833899,15.32,0.21833899,16.15
LKfaGSuhttk6Q7JVcWHX4FYVatmFXXrvgV,0.25445014,16.14,0.25445014,16.14
LUzo89uDchKnNgJvwwRpCnE1wRf7njbjmQ,0.20118809,16.94,0.20118809,16.12
Lc8vW6fnKKx4zWmK6hAM5AGQGZZvzZUNk8,0.15097378,15.85,0.15097378,16.12
LWiU5Enn4iikjWi7bDEKyosutU6ANXzL1K,0.217781,15.17,0.217781,16.11
LdetBzfYyYu8ipuj4CeYQyXf1hykJv99um,0.241,16.09,0.241,16.09
LLFXPW2kmRTU8knh8umt8SyBiTFhjSV4Yw,0.19249837,16.06,0.19249837,16.09
LP85koCYHZ7WQVkKEXKa6rX81SNsqJfJvR,0.21798899,17.22,0.21798899,16.08
LKNCv7tNbynRXMSFtu43BbnfHweKzqt1S3,0.21955505,15.86,0.21955505,16.08
LZkyUTPgA3hwBxgYQmttNgBtidKLkAd3tX,0.22689922,15.57,0.22689922,16.06
Lf7YPUbW9dRPkLdqUstDGWFjqUqUw11kFT,0.18684582,15.72,0.18684582,16.06
LTWBnXzjL8CySZ6uH3GUfj2ky1jxUJRzuY,0.22995583,15.49,0.22995583,16.06
LUPuqFda2id8GRXgUz2PEMdqzdTGZgLHBE,0.24764858,16.05,0.24764858,16.05
LVbqixY4UgZo5Uy2SEhihn2V7CTE9maZff,0.17717987,15.11,0.17717987,16.05
LejruQikZRZqQhersWwvMrTdMHGgHBFWrC,0.18218527,16.2,0.18218527,16.03
LZKPhnH6xGUhWChk4ApCvdAwxZ7PT6djjb,0.23669868,16.29,0.23669868,16.03
LbBAy6G6NWUFH7RxiTXxL3UbsCzUhPz3JQ,0.20762096,14.42,0.20762096,16.02
Lc2nJNwxg8UKkNsWNV1ZtpbCXhSGsunBAn,0.18845959,16.02,0.18845959,16.02
Lhpc3R72KKojDjnveKareqM2YQTPeUNHmA,0.22927016,16.27,0.22927016,16.01
Lc9KCjF9Edi4sSh6feNfrN9tcJ11UDNBYv,0.19892108,16.01,0.19892108,16.01
LbAKiVCFxmBKQh23pihgSgFq6JQgCDBYkp,0.23504016,16.25,0.23504016,16.01
Lecfgnu98SR5rvi3vZoVqYFWknVMbiorus,0.23763012,15.91,0.23763012,16.01
LMRAUZcrNkqqaMHzQGY4oMZkY78BHbKqyJ,0.2,16.03,0.2,16.01
LX6qo9UwTRYqf3KAVMZkRNRbEtBJHxopdk,0.1999,15.89,0.1999,16.0
Li4NkS3CvkdFunGiUhP7BSFyB7L6ELdsee,0.24492879,15.76,0.24492879,16.0
LN48mfEA7RUMNnTwXNWhTK4QB6d4RwN8C3,0.21408375,16.0,0.21408375,16.0
LeYFyX4EKLiMJ7Lr1QcD1BkWDZaR8Px5Qz,0.176559,14.95,0.176559,15.99
LQ1Fhf43mT58ozkPEiDtG6NTcSP4JEG4vq,0.21824125,15.5,0.21824125,15.99
LLsidMVGLjcNcmjuMfs9yMXVjdS5jLP2rN,0.22396417,16.19,0.22396417,15.98
LR6kc1MKYbLe8fHr741kJbaCUCREGL2C5Z,0.187,15.68,0.187,15.98
LUukTPdfG19AvZJDRRr2EobQH8p4UCFuL3,0.22192443,14.64,0.22192443,15.97
LMiMuxMPCdXqBVsvMLAaHKq9AKrnu8Q5Vd,0.20696632,14.49,0.20696632,15.97
LXhxV1KQYRs7SbmMzw9QRbEi1URSAJmpkW,0.20190153,16.0,0.20190153,15.95
Li3vh4djxzfLjQGHRw3ggaN3PVydnpptGS,0.17599435,15.12,0.17599435,15.94
LczaD5nLZuGnaWMGsy6BQuSFGWkejo9FtJ,0.20613832,19.94,0.20613832,15.94
LR9KYjgQa8dmbEfxnpHSbZf5CKGB7yqYj6,0.19430888,18.36,0.19430888,15.92
LZHyyHGPCy5Enb2kHtB3PdFy2opxprzB6N,0.1905768,15.86,0.1905768,15.91
LbAWwWF71iN8vEi5oPFd1jkv9fao9YEq5Z,0.1458376,13.72,0.1458376,15.91
LhxgiTtg9LLYcbb9fU3hvzPYqCWhoFusTm,0.21558147,15.9,0.21558147,15.9
LZTpzjrACish3q2LYXPbsSwoxwfnekHu1z,0.17548446,14.85,0.17548446,15.9
LXJeWHtMfoA5supdBJuzcY6mjoNDM6TSMZ,0.22280283,15.9,0.22280283,15.9
LKFMGEq9L6DJCJSsCuZaXUG1q7dZyq751c,0.17545263,15.73,0.17545263,15.89
LNATLf1uTqP1ZQQfkqTurjhKGREnzPEkie,0.23768709,15.89,0.23768709,15.89
LU3QbmTVzEbBVPk3AfvQPC3QSzJhcnhYqP,0.2202,15.87,0.2202,15.87
LNo4Zzo6o9ZYfVPeWyunf85FuFsam7NvNS,0.22378741,15.87,0.22378741,15.86
LM34KUVnpW8F4QYfVbomK3epiqEQ23f9xA,0.145,13.65,0.145,15.81
LWouFXdy6TBv2h15QgoXTVxbBTts8ieabJ,0.155644,15.23,0.155644,15.81
LYnDbv8rCWU2Xmi6NvYStfehiPrgiT3aFA,0.20139637,15.81,0.20139637,15.81
LPCZmwYTBNr7M4kTr1ovNXQVdEJuSHLC2s,0.19352544,15.81,0.19352544,15.81
LhLagQnxJk7seApExQojJVe5Y6DWqtqqub,0.2438885,16.24,0.2438885,15.81
Lct8JAru4QMiaWafurHppeeqjy8zsayHxs,0.24347513,15.81,0.24347513,15.81
LRbnu5aiPqZcD7cznTezb9UEeGUi12pYEP,0.16783415,15.7,0.16783415,15.79
LXA68KXA1moCYcERG6ADmsVQE87B9Gy29D,0.2552,16.7,0.2552,15.78
LYULZkKBXaPsTXi5JDj6VjwtZGGGc4XDFj,0.21410927,15.78,0.21410927,15.78
LRXCQZa6zC3hdpuCofomnj1FRzbYdQ74Yf,0.22254414,15.78,0.22254414,15.77
LgBLqW5VkhBG5FBcHc8hNvfYEuK8Rz5vv1,0.23143909,16.0,0.23143909,15.76
LhkBsNC9mhYfkw3WLqpZJsjgEEZ1W4CiZS,0.23558861,15.74,0.23558861,15.74
LeWh9ThFkWq4ompEvtA7MWimBzmUbrrYNN,0.22519077,16.67,0.22519077,15.73
Le1fsNPvoS3JpwKjSvtDCFThbNEFXbq2hr,0.24048129,15.73,0.24048129,15.73
LcszVQFD44JZPrGsjErPqnsg1gDR6f4UAg,0.24042948,14.87,0.24042948,15.72
LNmNxAMDhHD7H3Bd5MWo1yGw5QSSvUqi2g,0,0,0.234764,15.72
LhWSzjojC5LyGycBhsHrF9Fr93ZvrqvoDQ,0.15283599,15.72,0.15283599,15.72
LiJwpwyRk6KFnPf7YWoeXWMYAavvtLrcdS,0.14404415,13.56,0.14404415,15.71
LZtvmfkik4L55xgXE1979Tps7rbHnLK6Xw,0.2402,14.86,0.2402,15.71
LNTWZxKwTL7riujQE2eGnB3GY5SdfAjyAi,0.25399957,15.33,0.25399957,15.7
LWQAsvSgxSLFF2XSnMrka6uUztHvbdCKYC,0.2201182,15.36,0.2201182,15.69
LN8sdckFus4fz4Hj6nP3wHH1xCCRiGggmR,0.15101769,13.69,0.15101769,15.69
LQVAp5fDBtKB1BkWAwALGdNKY9Bx3v9eCR,0.2303,15.93,0.2303,15.69
LSL9Do5EHsEGXLuEaMb7nWYwDk9kSCSHzv,0.23996385,15.68,0.23996385,15.68
Lh8a59fLS5rzz1t2gFRRKeLmgJKHEz4GSy,0.25029945,15.83,0.25029945,15.68
LKZEQ6ZgK6Vtqz9gfySj9Eiu6wpPGCVaVd,0.21908154,15.51,0.21908154,15.68
LUbq4v9qJqiRvi88Et1cZ5Fk19WaaRrruE,0.19275339,15.67,0.19275339,15.67
LWHnG4tHf8fWBEtaRFn4eqCkcwmHekLyH7,0.2446611,15.52,0.2446611,15.67
LdReNLipkoz7PdmQ6P1tJ6KcdRi9173mig,0.17805146,16.15,0.17805146,15.67
LUfcj99m6ZY6M77AgLHK1sQpqVnoi5AvSB,0.1523037,15.66,0.1523037,15.66
LYUCU8ApBbKKU5moZwT8UUKSjYzrojVyNV,0.24677868,15.66,0.24677868,15.66
LMqJA336TofDfsj5VWMaJ89c2Ak4kCSRrs,0.23670045,15.65,0.23670045,15.65
LYU1VGnvg96CB4DgLuK9c5hvnpaanP9YGE,0.2441,15.01,0.2441,15.63
LLJuc6f3dpFiJsFakuTVu5mXPXaYVUTJYA,0.20922925,15.63,0.20922925,15.63
LMB98WGUQdK2vHEaxLmtgnrvozfKfzXbZ8,0.24408212,15.01,0.24408212,15.63
LVbm7UESarBVZ7bFgJBr7eEqTEuPqrjXEr,0.1725388,15.63,0.1725388,15.63
LP5EFPUK7yrvfM5bsx72mEtH66yruWoEoL,0.21844711,14.92,0.21844711,15.63
LQZVbfxjYu7hwkytqbYZusPDkWVG38enLB,0.1537402,15.62,0.1537402,15.62
LQLBC12p7LGvYnmNtLbPcGq6tdTxpmqH7E,0.2162,15.62,0.2162,15.62
LZfC6Ycwp2F516VdkCtzEHEe7giTTHTvvV,0.2614,15.99,0.2614,15.61
LccmjLU7qNwMEYVMgUE168PbxpSrBbnsCi,0.24071146,15.61,0.24071146,15.61
LPooEBBJcPmVmuhJfT3ta3tFxvThhpyy4Q,0.22684253,16.17,0.22684253,15.6
LR5XthrcuHtif65nLTywbA5xHkvXKrXw1N,0.21796882,15.43,0.21796882,15.6
LPk2EYaAPMNyGuMTap2fPjMCdhkFSzx1gi,0.146,15.59,0.146,15.59
LSnEBq9pHxL7f3oqvNLJxdsNgS5Bg2Mnuz,0.21065944,15.03,0.21065944,15.59
LZGAajDs3dEYxz8RH8hMqjnTGfQSbQwtyc,0.15981233,16.6,0.15981233,15.58
Lca5df8JU4hxkVaDwVY4ymgeVKs1L4gUeK,0.20150856,20.81,0.20150856,15.58
LVQRo2CepZvmcZytD4f1puvroG9x6LJzJy,0.18317958,15.57,0.18317958,15.57
LVwELC4iLVLcKHUyP23NdrT8dfaMpn8atv,0.24709644,15.57,0.24709644,15.57
LQ67XusMxkMEAtswjPsk3abodZ2aQMHGFZ,0.19,16.13,0.19,15.57
LTeLNd6xaRLu4M2bTG44wbfrCMKhXCmuvW,0.21875236,15.55,0.21875236,15.55
LcaxaceARuhD4sPqn6N8Q7cMdTNkeRkwK2,0.24261674,15.39,0.24261674,15.54
LRWtW41uk5TCSeSfPtdAKL1XEyCTcMdixD,0.21,14.69,0.21,15.53
LhcsxR3VqCLYD6aVkFvHJAEzEXxDFZj3zB,0.22805976,15.53,0.22805976,15.53
Le9bHyxdXQm57v67duju7G5wUT4thRm8DB,0.22820802,14.95,0.22820802,15.53
LMxNNqRgWPeFSAntsLcfDvhBtnPPRoYjbw,0.18653785,15.86,0.18653785,15.53
LThavYupTgbG53vRmgPyA433A54bEh3U8S,0.20973471,15.32,0.20973471,15.52
LdgkwkaFwihvUNEhcYBmX9Qc4YZ3MG9piy,0.18239029,14.75,0.18239029,15.51
LiCESuYMsGYj8UH9AdvWQFsND8K6wZrySs,0.23888322,15.01,0.23888322,15.51
LNYSwKz5bGtfED9i66B6vJo2s6FVoR7mqv,0.17100855,15.49,0.17100855,15.49
LLnV4VKgziQJJDYm4idNqPpDv5fkwf66Su,0.19152,14.81,0.19152,15.47
LaRnhmjSQZBj23weS1GJVguu9CZs6nBXMM,0.20763866,15.46,0.20763866,15.46
LbaKhpPPfFEVoT22XcgXBFoyJcm7oUhAgN,0.25,15.09,0.25,15.46
LVvj3gY3pdC3rpPmoc4rAy9pSvj8yBcYN8,0.18077208,15.95,0.18077208,15.45
LdcP9qNF1gZi32JJbBXnypXJthH8Pc9Uhy,0.228,15.44,0.228,15.44
LZe1wFveEoMUVEdHf9n2EF8oZXfoLsRKQH,0.15826473,16.44,0.15826473,15.43
Ld4LXt7ws6NNoENuWuMvE4sLzVc6DJ4ZBQ,0.2268,15.21,0.2268,15.43
LWeWPWuHaZBX5kGGSp42zAYAeKu27khNf7,0.230431,15.05,0.230431,15.43
LXWPuGDm1jsnrw42nLKsBgYpsRmRabV55E,0.22046933,15.68,0.22046933,15.42
LQLgGqkSoQZqwpivEYfnFBu2zUBTexuEAY,0.18960402,15.52,0.18960402,15.42
LNXc2bYgzK88Xkm7wjNT5MLwEw3WEjeFXa,0.17019465,14.59,0.17019465,15.42
LRqwkxoJRyTZBcrEqa6jFXARhHSZRQ6WfG,0.17509035,14.35,0.17509035,15.41
LgU9Rc95zL92ZyDjm75kdm7TSMuiPCRn8m,0.23007287,14.27,0.23007287,15.41
Ld9Xas44AcgCxnZimtqNhH8BS13pzpxGb2,0.1412576,13.29,0.1412576,15.41
LSxtRcKweE8vVxzQTtG97MRa1nmbfRVmgw,0.2375429,15.7,0.2375429,15.4
LXHbWCSXimAgikEeH3WfqjDDydCK2Df1T1,0.21387833,14.33,0.21387833,15.39
LMrgqsiFr7n7tyTq7H7ZZWNvTkrVEzGaxd,0.199,19.66,0.199,15.39
LYW57UYFzTfZ7o2ycysk38p9ukMneBaFtN,0.199,15.85,0.199,15.38
LY31tzyVy3BA2DDU3BiwhrPpyFGhsTm8ya,0.21711108,15.67,0.21711108,15.38
LQU1XUkEtrZXo7hbB2hxCLnGChj5VujNio,0.21729127,14.84,0.21729127,15.38
LbgDD7VLKidG2d1MoviyyVRjZeiopqSNMb,0.17990806,14.82,0.17990806,15.37
LZ7Vs66rFn1QHJ6z1q7Wx7VgVmmHSZTvN2,0.2498,15.37,0.2498,15.37
LXgQsPsWJz3USAAoyvNuXbYxpsUhBBoodJ,0.2177125,14.87,0.2177125,15.36
LLB2uEF4GsGE9cr6h26WwqKnzmhcd3TDyj,0.22550283,14.91,0.22550283,15.35
LQv7kLdMxEgbnStQggMLZFzuKgDsAj43zE,0.22888498,14.2,0.22888498,15.33
LKw86ZpDiyLn9mCpWhWwFi8RJ73GjCjbt6,0.21468886,15.72,0.21468886,15.32
LhHRBNQxFbMMyLzGo6gzdg67jFZnvhjV8X,0.21084714,16.65,0.21084714,15.32
LSPt6pK2T8FMSfXeZV85tN5UP4z3fohKzH,0.19849726,15.15,0.19849726,15.32
LbWFxQnw4z2CkWYnz4Hdd3aU3DQKFa4cSW,0.23431442,15.31,0.23431442,15.31
LXYsfft5cbdZcMMDtPdYZ42RsHMGE63PXT,0.18418271,15.31,0.18418271,15.31
LRigxhojt9AzAZ8XTrCw49qvcKredoTppU,0.14727915,13.01,0.14727915,15.3
LNGvxP7hphA3tiucUmkvWmj1uPgS7gp5YB,0.179,14.1,0.179,15.3
LYg3jPwHdewFhc9zh2cNYZSCoutr5xapTu,0.17901353,14.83,0.17901353,15.29
LKnLF9RF8oqAHt5vwvWxobPTUnpWRVL7rg,0.22871194,15.28,0.22871194,15.28
LUTQ8TnZFkJYPJNgcH3Rsa35hWpJ8k9nMj,0.22907084,15.73,0.22907084,15.28
LYsE6PkxMxE4TNN4Uv3aUTokjfnk9HgNps,0.21656038,14.79,0.21656038,15.28
LQkVEZARVfBELwY1xdUH9k8xxDisZdUaY2,0.21851056,15.55,0.21851056,15.26
LYDvSa8BBAHM5QDCb6fhrtcUnkgAKtNUWb,0.19066007,15.15,0.19066007,15.26
Li39D4fATKRwE3gNLFq1iNCnjs59nH8cMq,0.19765279,13.68,0.19765279,15.25
Lb8X1gKNnDowUJRrR8xryBpzN8EdU3h8n7,0.20619,14.75,0.20619,15.25
LY5c9BBWs9G45A2uDhpDM5qNFaAoAqjHjr,0.21915601,15.25,0.21915601,15.25
LUj67aaVeukLsdnHXTdQsgZQ32VWFqNBRF,0.19718001,19.07,0.19718001,15.25
LgGA56JCrLp33AdrvMRrBmBzKJoer3Pnhi,0,0,0.209708,15.24
LeGdCMsZzRs33tj4wXeG8X4rDEnrDMcp8F,0.189,15.38,0.189,15.24
LWB9R67mcEytgwCH6jCFKCRBgQDfvNCi91,0.217682,15.23,0.217682,15.23
Lfd1W5rAQMjHqUgZuc6j8ZpbuHE2QjZNXc,0.20636562,16.3,0.20636562,15.22
LerWxeSsj6HDWd5FEF1mmsH6sGvpg9qapo,0.21352383,15.55,0.21352383,15.22
LdWbmdnEex5t9QS9pPEfWy5vAZoUpnE4HP,0.18986471,15.21,0.18986471,15.21
LMbBvFhL857xUokk92wRtpRYsZr4KrGM3G,0.20356967,14.91,0.20356967,15.21
LPBVirhw2YuXj5FceiH3L8YtXFtey8TnkT,0.22770467,15.58,0.22770467,15.2
Lfno713z4FSdrida3LNP1EMvZyp1ceAyoW,0.21034844,14.92,0.21034844,15.19
LfARhQp1GBa7KMadr4GFfTRQ2XcHPefyz9,0.20387476,15.08,0.20387476,15.18
LXWx9uJPXgDkfWu3K286SNRBMkwwgmSuNy,0.20758373,15.18,0.20758373,15.18
LdVk64oGS1tXhJRF78PsNnTutXJuhHDTmp,0.18886127,15.04,0.18886127,15.18
LMhCv5tUVsvvopqDVjBUjEcbAmr497CQ7n,0,0,0.210861,15.18
LRQ5kyR4A8yVmzLgc17vWe4kesWF4zutS1,0.23,15.27,0.23,15.18
LQnSbwTfbyDGcZt3gDb2NvoJnP6N5xprfu,0.18764468,15.05,0.18764468,15.15
LSSzafHNMHkRCJmpkrj6nRcxn5Dndm6Mc7,0.21694294,15.03,0.21694294,15.15
LS8TRRsiDBN7eVvEmEBjhyCGuPw29A5UBj,0,0,0.20458,15.13
LaDtSJ7yDpvixv69Vm51JNwJCEzevyQrDu,0.20234198,15.12,0.20234198,15.12
Let1wDfmq46dRae7Rjyh3j7MYA7xA2bB99,0.1819,15.19,0.1819,15.12
LXQLWXrZn72dNj2GBAM9y1Q2U6CFz3yu9K,0.21063265,15.03,0.21063265,15.11
LTY7dEh1i9NkYsWHqtNmUSarTrNUCAqpTH,0.2164407,15.11,0.2164407,15.11
LZWqRSWkD7pb2BPQrx41Mq3SD25DRroygZ,0.1668064,14.22,0.1668064,15.11
LU7Gv3qvKHCh6zbqQtk2nWW6Mx4eQdxTnW,0.228846,15.2,0.228846,15.1
LeeCEaP3qfuJWfphkokntWiCU9LszWhWfq,0,0,0.176503,15.08
LU6xbjD3irPpRPq9bAEJpNoK1LXH92fbSq,0,0,0.207021,15.08
LcEZ1pUou5MmP6yKFrcVdaiLKjPB3qXyXS,0.2100301,14.99,0.2100301,15.07
LcHKWLn482Uzd8unvmJm4MffEmKNyeZh9s,0.24060793,15.86,0.24060793,15.07
LRdyVCdwHQaMyhAgvH1e3dMjJULFvZ2KQa,0.1381534,15.07,0.1381534,15.07
LfJpfvM9CediW3pKperv5aSV8oQajWJUd1,0.16009202,15.33,0.16009202,15.07
LZ2WUvkbak4gJBHmtNQqpRqm3VPFxbUvYU,0.20996338,14.98,0.20996338,15.06
LVE228igEVR67YsjVuNFX5W6wS4siyhgH7,0.20562843,14.85,0.20562843,15.06
LViFWGNtx9JfhArkKizgAARMtpVv79cnqv,0.23020489,16.59,0.23020489,15.06
LLwkgyyBSX6bNEK7JGdmX6sN2pVMJAjTfp,0.14642896,15.06,0.14642896,15.06
Lb7qnNfE4xoahvun5VF28FpdkHptJX851y,0.14494232,13.14,0.14494232,15.06
LfgL3WWBaXu91ZPqPb2iNiJz2e2RjUwZy9,0.20980275,14.97,0.20980275,15.05
LcYTvKk2QV8WvuQmdFmiMM6hGKx2W3A9Y3,0.17611376,15.61,0.17611376,15.05
Ld1eybERdQCjMjKsZDN3Jjy9guVnhpLFX3,0.20971294,14.28,0.20971294,15.05
LcCjiTwsCRaEnZEH2oSV9WdFNXp4yTqTFn,0.20137003,14.75,0.20137003,15.05
LSWy396fZY4DCjGVrVFkDUTX44QbZQ2xzu,0.23171479,14.33,0.23171479,15.05
LMjg2cXD8LwW3EydbxojkVEteQ4nBoL8SF,0.22072087,15.26,0.22072087,15.03
LTEHRfbhzvQcR4iV8xid5JUZyYsSbGrSxp,0.21069427,14.68,0.21069427,15.03
Lf3xcTcf3y7fiEaarLmJkkB4XYJH2swHGu,0.18613134,15.03,0.18613134,15.03
LhBcYy7pTyzC1Qtv6k2F7xuoV6KwiKabNS,0.20796329,15.22,0.20796329,15.02
LeBqnJnfXMMxHZjPtmqgxwua5VqnmVcKC5,0.23868079,15.02,0.23868079,15.02
LL9GQ5jf1YMFmmk5zHyoE2JF9qppqCjqCy,0.20675685,15.02,0.20675685,15.02
LSHz16qGYLdF5s74jzkvk4ZC6XBU6ohwXa,0.20865567,15.23,0.20865567,15.02
LLkjMygAK6W3CjFWJLgdcWBkxQHtdTWEgp,0.2456,13.75,0.2456,15.02
LNtK8qvrAzUf5qadV7szKHYkrKj1wpt25u,0.22748393,16.6,0.22748393,15.01
LWC24P89pDkCUZJHD84N7vieSA6B8BMMcp,0.24632772,15.01,0.24632772,15.01
LYsVmVhiGfSyi6vsbpYvd7FPnitkEPpCMs,0.21205258,14.98,0.21205258,15.01
LWLFWyVeFgNDeR81tkqa3xefp7J3iBcEXN,0.22571202,15.01,0.22571202,15.01
Leq3ATY16tc7FFokfpz2LjkJ2MVYgahuvb,0.19445806,14.04,0.19445806,15.01
LXukrpA9y7ogJ8xuLjmMQhfvDU2FMJjR3t,0.1795,15.3,0.1795,15.0
LQXhfEe4J52gaDxJEtt5qPfo6ntPmk1NPg,0.17649135,15.07,0.17649135,15.0
LKwS5wfNCyyo8aHLeapv4qbMsSRjDcqjtx,0.18040106,14.99,0.18040106,14.99
LPyvhqPc1KecarHioAjUxsoRSTTQvSchiq,0.21,14.63,0.21,14.98
LgTrUihffDnWK7N1CJG96KTyQQq78yBhs6,0.22370507,14.61,0.22370507,14.98
LPmAiVhw4RNMm1iVUH8CQBWrABaSw6otzD,0.22336544,14.61,0.22336544,14.96
LPVVe6BSENJrhL6kUPM2E95HE3YyAYdNge,0.16659435,15.67,0.16659435,14.96
LZ7pVFftWhuaFbWbFRNnLjgeh2tDjwSwAd,0.23225564,15.17,0.23225564,14.95
LdHzHG9TYD2VCx1ZWKkKPesQMdnAKCwcoc,0.18695333,14.94,0.18695333,14.94
LdhBiBs1Dq8M1jmox17PUE9VAZS7rkXBhP,0.20821765,14.94,0.20821765,14.94
LYdQ75XLnQ7ib3X7LAiw4NYNiMgs8oMEsE,0.18347008,14.72,0.18347008,14.93
Lff89cMXckx1g6H8caUTJfRaBnn5Hapvv6,0.17567117,15.0,0.17567117,14.93
Le76qX4zbXB7yuPLghVaeKT7WrnziuSYEb,0.20809664,14.84,0.20809664,14.93
La38UaMGDwy2i86MNznBddPmCPCR8iPHJF,0.1586458,15.19,0.1586458,14.93
LXNS3yVAQZqpfT1MZA1AZaLkCpPEtW8CL5,0.24261152,14.78,0.24261152,14.93
LNbbvkvbppebuWTqgS3LqCiuKwzoK2Fzpu,0.20627235,14.67,0.20627235,14.9
LSk8YxLpcumW1qXvhLCcoxmGaR7Z22U35y,0.17524469,14.89,0.17524469,14.89
LYW85CNTqSr5wzxPBzduCtC1tevn2aSDkh,0.22531977,14.89,0.22531977,14.89
LR3LfmTaWuPNzNTXDACe9sNNk5gS7TG6nY,0.141758,14.89,0.141758,14.89
LMtkrrxhoucKxgborSzxUxPf7uphg6SACn,0.21022781,14.85,0.21022781,14.88
LYejTTamJwU4Xa5ecNxq6be1b2wpLxdUn2,0.2294454,14.87,0.2294454,14.87
LQquH4LEXEmw2zUpCSeNefoA8XGFFZUmSz,0.14460495,14.87,0.14460495,14.87
Lc9PaXUdyRqGVXCqyY1P8KVg4d1Z14kzsy,0.15800668,15.13,0.15800668,14.87
LUZvY2NhTJwfLdoesorMLyD63DT45LPcSN,0.18266503,14.65,0.18266503,14.87
LQW1KvQvKBuybdkjRPoPNYTr9oNhfdy4Wi,0.1925439,14.25,0.1925439,14.86
LRLDU18CtA74NMkTAEwYrZT2CkiZ5ieJFM,0.18266943,14.92,0.18266943,14.85
LdPDk8Xpih3a9iA7WWjDhRhMxRTyrD3bS9,0.21175012,15.18,0.21175012,14.85
La6cmiZt36pCGG7hUKkd4nZasaVgaVHPSG,0.18533334,14.85,0.18533334,14.85
Lddsij5LQydj5Fqk5sbnb31a14DTUSoppg,0.18175636,14.85,0.18175636,14.85
LLuSVS3q7A8U2VPvWDPCpa2fGAPwtoerH7,0.15095473,16.12,0.15095473,14.84
LXduS6B615fA4jzJ4VAjbdQ2z5H6Zxfc1r,0.20548118,14.61,0.20548118,14.84
LeqdwxeS4u6FPajpEZt3aDNPfoNBjV7xKc,0.20064676,14.43,0.20064676,14.84
LRibyNawj5iP1BsZXS2xfUj6pQUsTjwJcu,0.19952262,14.84,0.19952262,14.84
LNiWSFsnNPTxAMSd4pXWFWkkjMPeSuVg2T,0.16531332,15.55,0.16531332,14.84
LQHup6oGjh9FopEV9xvFQkVxkmALYZPaK4,0.1799,14.83,0.1799,14.83
LUn7J5mzz3HMQgwbLis6CEVEd4id6pPoQ7,0.20802036,15.17,0.20802036,14.83
LfriVYhYgACAN1HBnqymdbJMzuQABu7Ufr,0.16847839,14.83,0.16847839,14.83
LSJ5bM87UHJFnPLkNNyvxHa1z5ZjxbsVUa,0.20772487,15.02,0.20772487,14.83
LSoq2vJfMvX4PxSdhwL583iU2qDWprKD1c,0.21220676,14.7,0.21220676,14.82
LPB5S8tQUCbvvXpaDXkwK4tBmrPdeihMnC,0.14341363,14.57,0.14341363,14.81
LgZToJJ7vTHjZbQLKytkVzf5An2UQmdABA,0.2021479,14.6,0.2021479,14.81
LaTsuXXboyEeA3Q2c1Sj6GJJtQCCCPZ2SP,0.19812934,14.8,0.19812934,14.8
LhLQjpZTcC65NEJCgBGKGii7grtZ29HqeZ,0.212,15.02,0.212,14.8
LRLH6moEk6Axu31oLYc9M2jJvjoywrBVxN,0.2,14.03,0.2,14.79
Lb7b4jkZfNm1PgAvioYfNjagMyJY84WGxh,0.2,14.39,0.2,14.79
LSgVxg2gWsRXUT6TaxWz27eGyAFHWbCxcT,0.1517,14.79,0.1517,14.79
LV18L2SwjaMH81sh5PrfYsipHiBEeU56jF,0.15167496,15.75,0.15167496,14.79
LNzBzD8RpHFb4qce5vrW97wgpMUyJP8Mns,0.16321727,14.63,0.16321727,14.79
LaWX9dSExWkCU3U1yn4BFyNgDTHM4dPJqb,0.2086,14.85,0.2086,14.78
LVq1KEQjvTwSy5MRCQwmCbsBVQEBxkkiPh,0.15155799,15.74,0.15155799,14.78
LMkNaVccCZ9mNwYXxqSfXieJYp7jgRmT9t,0.18155536,14.56,0.18155536,14.78
LRtkc2itn5Uq4xhbMZxGdyPBhn38joVaeB,0.21117328,14.73,0.21117328,14.78
LVj8gryqVrwq3np7XEMga5v21PsnuK7F4T,0.14306671,14.48,0.14306671,14.77
LR7t3NPpudMS6d4Tk66wiipwM45By3Utbv,0.21119435,14.77,0.21119435,14.77
LLCnhCciuhMv7yzPCqKX7ioryMoajtWhS7,0.19142519,13.37,0.19142519,14.77
Lbugvt6hBti8MJgEsTXc5tiUAJnU9zEucX,0.22266658,14.77,0.22266658,14.77
LN2MbqcW8QC9GaFGFo3TjXFwai3CBzQFB2,0.18321408,14.92,0.18321408,14.77
LgXGgST4mHr2AwbN2oWKuxvyYxwbq799h2,0.18400868,15.29,0.18400868,14.76
LP4Bh62oH4PhVSkymGBRSFnR2NBemQ21SN,0.23426244,14.76,0.23426244,14.76
LPDG9YinCi3H9creuVdFcTs1ctd8qte2TW,0.22104085,15.04,0.22104085,14.76
LTeGQxVfKnEpHReBRG4JzvFrdKnep2rvkp,0.20673961,15.13,0.20673961,14.76
LT6h1pCBkt1mvfADfigAv32qGG5xfPr1r9,0.16282131,13.78,0.16282131,14.75
LLJ9BA1CYnpQ3S1xW3XogxsxCAaypevisu,0.22282251,14.21,0.22282251,14.73
LNefUSNES5JWhFLpnSr9hDADr2CFHXeybv,0,0,0.205146,14.72
LecaW1zvEFgWRMuwy9qzcfCEsD7dtvFnct,0.20758768,15.14,0.20758768,14.71
LPymJgFY6u5P9J9pHoZE2jUzMnHmzpdF2Y,0.23905907,14.71,0.23905907,14.71
LhjaL3yBFZJr4cToT1qfcdwq3gkFX4xFFY,0.134765,12.68,0.134765,14.7
LQ9yW7P7D3UE2NKE3y4AR286piHby9vFfd,0.17309068,14.69,0.17309068,14.69
LLdb6hNfsexKWGBkZxKRPej7mX2x1pDtsQ,0.22225092,14.17,0.22225092,14.69
LcqdWhQEsQxnp3z7Ps9XZHgNqHBK5fDoz3,0.20583214,14.39,0.20583214,14.69
LU2KhyqbKJ5nE2VedrfP1Z9q7hcV2G9MJ4,0.20730895,15.01,0.20730895,14.69
LiDjY6j1EZVk3mxPzJNk3wdde9iNw5fJpR,0.19623157,14.91,0.19623157,14.66
LUrdWkSEk8vXCiyo6hDS8oSKoVZ6AyzkRx,0.15032451,14.66,0.15032451,14.66
LUXTTLkdR3wsHEKh5L5hiamKcQWTHzchdd,0.1830787,14.68,0.1830787,14.65
LNvRa2mWEMjb5hi7e3MjwCh4DwnAGqcvTH,0.2094893,14.84,0.2094893,14.63
Lf3rRU8j3NPD5q5uiy86APDUBQj8ZFZw5y,0.23009837,14.95,0.23009837,14.63
LVUQmBrWR3zM57Gjh72qRTRPuzmUzM59P2,0.21960316,14.61,0.21960316,14.61
LZwtBj51ckWbZHfyKEuu4uH884Tw8HwAK2,0.1882742,14.9,0.1882742,14.61
LfTcoVehVpM3WASwMW5gAevjhtbZN22U1V,0.20229435,14.65,0.20229435,14.61
LRMqxkcehTqqJGPGP7qynbWZSTAwqRXE6N,0.16593592,14.25,0.16593592,14.6
LZUjacCvF37W9nozhXGfbBtuWGg1K3SAZu,0.21871133,14.95,0.21871133,14.6
LKZtxMSwbdFR3znpJmJaCq7rZFpA2P1q3A,0.14051883,12.29,0.14051883,14.6
LNHk7YDXPacipTuCdfrLi2Gd6By3yq2HeC,0.2359,14.59,0.2359,14.59
LPP6kP61Wo9ukNmmbzqRrzd1q3WwFfENyP,0.14040907,12.28,0.14040907,14.58
LVLkmivzKiKxoFPhBEk7jAz4hsg1VJqciv,0,0,0.181136,14.58
LZqtF8gyoz7vcFty9Xgf4qEfiWZGkWMJUU,0.17846,14.42,0.17846,14.58
LZH8JKDXhR8RrB4AhFjCu4KUjEbWVje6Ag,0.188894,14.04,0.188894,14.58
LKWZTbc45EYE8h4gB8xJArhugzAoySv3qk,0.22918203,14.57,0.22918203,14.57
LdUyRgyusAhxq3obgtHbZ4fW4UifoBDmvq,0.20652951,13.95,0.20652951,14.57
LRWxkYDuGgHKguPNG8QY6EV5Z3UEPPJfgn,0.18878028,14.41,0.18878028,14.57
Lf7xYYg6m8R87LkoTviMj4YLsguqAjKMJZ,0.22074965,14.4,0.22074965,14.57
LLBeyVSmdaRSkwdFC4GzXiGiYm8EEfECb9,0.23539856,14.56,0.23539856,14.56
LWhMLAorU993D4oxKLnQL2zztb2HVQf7Kw,0.21929854,14.58,0.21929854,14.55
LdyVK2REjMG6tHLMZAv8BedxJ3oXHtEzHY,0.23594696,14.52,0.23594696,14.52
LKZ2U7438uQfYkUTKa6Lv4wfBC7GyybKYZ,0.21727691,14.87,0.21727691,14.51
LNqw1yYjJm97bNQBLg7E4Pz6ztYvSaVapV,0.22533096,14.5,0.22533096,14.5
LWTSyrR9NLKMKGweMZvNqSKTLcofwZ2Fe1,0.19597655,14.1,0.19597655,14.5
LSPVvhhbcE9bj3ZVhau5uHf1oc9N48dLy2,0.23614389,14.65,0.23614389,14.49
LRAaJPhJdA5bxf5SRoXYejNDmAeWiQeUxr,0.25809435,16.12,0.25809435,14.48
LLH3M9YghQSMXZPpG67turLydkaa2A3NLj,0.18374321,14.96,0.18374321,14.47
LfjHgFTLC1mL2hunbNEggAhXcCy2pVmrPC,0.19398666,14.39,0.19398666,14.47
LhdtUBhfwo9CqE7kKjGFCMirv82EX9BChi,0.23739292,14.47,0.23739292,14.47
LQ9JqxrD3yYuZ9TVGobfWzwHCPAYUtMWPq,0.2358,14.49,0.2358,14.46
LURi4NtbLyFvjgAQfL3mVdV6CFwEEK598v,0.19199435,14.39,0.19199435,14.46
LQDR6q4oz3WqpVChxgWsxGavXSEtawmGxb,0.19352248,14.81,0.19352248,14.46
LZT6gLWoCtj4ch334UjrvHdh4gvFbGexhd,0.1873763,14.71,0.1873763,14.46
LfP5NwDc1MuyYePec2wL5Aa2v6V7DKgEYM,0.17363783,14.76,0.17363783,14.46
LKTtLToKLbiX8eoGNDNdf5kFswxoHVo1Jb,0.1682,15.1,0.1682,14.45
LW5ud5utKRqXSZMyQAuGjeKVBfVHy5xSjy,0.17370774,14.44,0.17370774,14.44
LKkoCVP8ztC6Fzb18veq23C3YweMMb4PHL,0.21414701,15.37,0.21414701,14.42
LPenDwutQBwWgm85dNyJBKAb6QeHntSSce,0.20352888,14.73,0.20352888,14.42
LSBaTnpgSiFpsXr2ZKcxuSD6zXaDRyNFap,0.22229933,14.17,0.22229933,14.41
LdepHa2dvyV4FTPznfjLL1SAs3nypwHig9,0.20195624,14.78,0.20195624,14.41
LV7uoA6hNuxH1dqeHkHiboJo7SfmaksrEh,0.21396027,15.35,0.21396027,14.41
LbzUrdxj6jBdF5EeKeKSLRwHbGvLoreMAv,0.19674206,15.05,0.19674206,14.41
LcjNEgedtozTgPRuww2KgXn3VBBwKKexR7,0.18,14.43,0.18,14.41
LKRzeagWPgxLx1As2AEH3KnFYrEG7Nfh5E,0.16368745,14.06,0.16368745,14.4
LdDq1Ed8Nb4NGKo9TgJN4kJ9fgzQMxdZ7d,0.16845995,14.93,0.16845995,14.39
LcZWbBTePGNFrgEqEoLhp7MpaK1sRi71oN,0.18650724,12.91,0.18650724,14.39
LRhS1FGUaVWc8K18zw7pRhsV4oxVYucbq4,0.22254814,14.48,0.22254814,14.39
LYBynMZDcBGXQRm8pb291JX9vSxEuKWCky,0.18043227,14.38,0.18043227,14.38
LWVVRnfucKK3L2NxuvaGXvoGwPjPBvjrJM,0.2199,13.6,0.2199,14.38
LNyNTNxrEW3BFc3zkzgRUE92SmPfY6Abjr,0.19699435,14.36,0.19699435,14.36
LTtshvX1crzTttgxhtbQjWZFVr6pq12twX,0.22283626,14.78,0.22283626,14.35
LR53oqnkt87Svzab3NNv6Vb6sdLMcwvjDE,0.1968,14.35,0.1968,14.35
LdtNVAVgLZLbB1TzpTkynyG63u4huikjX4,0.20327802,13.88,0.20327802,14.34
LctUekRpHJpDMqr9GPPoz4WHJcPUNm7v5K,0.22135591,13.84,0.22135591,14.33
LfJRqoYpoEhKQqXpTk5JBmywZ3K2JxKjV3,0.23982917,14.67,0.23982917,14.32
LMyXu8sfXAGhHgYwEqKDRdojornsEAQZ1D,0.20214163,15.6,0.20214163,14.32
LZnkeQ4nJA4v8KytkqrNKt2gmAh5eB5Gk6,0.15799038,13.47,0.15799038,14.31
Lb29bxvVEV8iz1WJwDWcSTAQmkiU21JFL6,0,0,0.162625,14.31
LUVUhN1JfSmVphXge7mXF1rCh833cM4MFc,0.16259745,14.46,0.16259745,14.31
LQKwGjBtxp4uRgMpiwVv2R66TQETHnp29J,0.22211718,14.31,0.22211718,14.31
LMSxiqUGsmmzFBXjjieX3C5yXoABZ3eByP,0.22069435,14.69,0.22069435,14.31
LRS12AAaDiu3r1ucEusgTtJGiH3NSaWmV9,0.17585415,14.36,0.17585415,14.3
LdLK97WteqmiQhDyTHw4uNwXWeuSy7hNSr,0.15927039,14.98,0.15927039,14.3
LXA99fLMvJyGckJiGdFnRTb86nvZ1uxdUz,0.2,13.94,0.2,14.27
LXUF2gcGuchnj7Ze5qLvCiqpkzJ4SCqoNB,0.19483342,14.8,0.19483342,14.27
LR62h9qWGYt8epMupGxJLeweW8E3uuokPa,0.21503116,14.27,0.21503116,14.27
LQXtxzgeUkAiw6dytCb63oPWNQPTSG2fmw,0.20424935,14.47,0.20424935,14.26
LfBfTevsd6iQFTNaPqH2M2Rniq6CRPgWWv,0.19802816,13.0,0.19802816,14.25
LTtUMTCvuQucuW7BzzMWKYnJqUq8W94rkJ,0.197,13.96,0.197,14.23
LgTZXBoireSmM5deA5JHhrFmBe3CKZer8S,0.18378754,18.15,0.18378754,14.21
LPxVtvPqP9kGEGTdsXwHoBq7aUMSv1NPpB,0.21280967,14.54,0.21280967,14.21
LPppMPoJzRdhPkoXhAh5CdkPzHG7Fmt581,0.20336863,14.72,0.20336863,14.2
LZkWQmfvpQVK2u3RrfLPsk1KtgS16gTBkp,0.22116467,15.12,0.22116467,14.19
LMAqW35NBZq5WdyWPtuC5HqhQuCe93jtiQ,0.18348067,13.27,0.18348067,14.16
LXj9YAGz4Puy29L6khwzxjTih7xL4z2M2h,0,0,0.195949,14.15
LcWjatYL3eguaKytAo15onyj8RAKMwE9UV,0.15751112,15.32,0.15751112,14.14
LYB9uvrc2DaKPa7WMHgfjCiLgQDCJpVETF,0.18272488,14.56,0.18272488,14.13
LRuXcsKjdGQyHay1XyTRiyR1HhwoVchJF7,0.19870498,14.12,0.19870498,14.12
LWwP6rTZCn4CTht91g57EUE9sHzKAoMVJf,0.189,13.84,0.189,14.12
Lhc2AhJ3nsaSuz8S7J92rxpSip1b78W8nb,0.21358635,13.73,0.21358635,14.12
LepHMfynYva77V67WKV5bQqhxNu4DXrkgc,0.17984705,14.12,0.17984705,14.12
LdXKnb2pSK4WoGRTzR4u6QcBrVX9enw47N,0.15719435,15.29,0.15719435,14.11
LTEamUusQ5EqxgRcKCxK6mn16XpKTbkFNW,0.21762567,14.11,0.21762567,14.11
LiTuDjeoumtYUgTny7ymTKZgQhbQ4QF5wX,0.1651306,13.61,0.1651306,14.11
LYntBfo4chBZmGPx8oZ3kwwsZqMoET1ebh,0.16620034,14.11,0.16620034,14.11
LV9uap8EhfKZpRRhL2kuj4Eviw2JNsyZRk,0.17349259,13.88,0.17349259,14.11
LfVPZ4r5Ysv3Pqpdi6UAVQiSEuN9tLGwpz,0.14341189,14.1,0.14341189,14.1
LLhCr6Xvj2A54NgtQyJpnZNisjqUufcNhD,0.19699587,13.9,0.19699587,14.1
LeeR2rtGuiKWXV9mv3YTiYKLRLu2o1YrCK,0.18921532,14.09,0.18921532,14.09
LgiF3jJiSNt85CMyKxm4fP6xhJ7Ese9pR5,0.20689851,14.89,0.20689851,14.09
LMqvjbBwWih9W9Rgu5YEnk233qRSBBGyMk,0.19115493,14.09,0.19115493,14.09
LhYFzmgHr3Zxi4FZr2raJwvuwehnVqKrdK,0.18191161,14.49,0.18191161,14.06
LbFxsf7gGLM2csRA1ny5JYMef7YFKu4NvG,0.18209085,13.9,0.18209085,14.05
LT9oNu4vEkdVwigCNiNqvRNQ6X9H8BVyvf,0.199,13.66,0.199,14.04
LSAJjMUFs8ZKanoHT7YbVUYXgFG2q82AT3,0.22695828,13.7,0.22695828,14.03
LTdHNKfx28VtonjUzohmVLUeBHsH29t7V7,0,0,0.17355,14.02
LWy9MYTbgFyNJnnbbcA3xC8CBNfZR3rcdR,0.210071,14.43,0.210071,14.01
LgyjhpGdyT95Y2wEtYNHzVAUqWJRfM2B5i,0.16374572,14.51,0.16374572,13.99
Lg4iMR8qByayrvGSyx6UDowPuu7eh8nPpW,0.22206406,13.99,0.22206406,13.99
Lg8u2TVNsj4h9XdUemqJ7dfDSDeAKhFyto,0.19665641,14.8,0.19665641,13.98
LeL83KguzJfvf8CGkmovuPH46Zd75PcK6M,0.19335564,13.75,0.19335564,13.97
LaxgjckSHLvGVW6vystwNaGFjGpVUEDR4X,0.20722912,14.87,0.20722912,13.96
LMxZkDM55RFEWreXPTx4oVxd7iHyhqrrRw,0.17336323,13.86,0.17336323,13.96
LdWMChuRiiTc9g619peggRDPGpeeEhVjwN,0.21993652,13.95,0.21993652,13.95
LhQAWYPDx7bBFSWCGVCfXD7ceEcr8jJ1ez,0.1643565,13.14,0.1643565,13.95
LT82K1yovGDusjKGoqr3tG7upZiyT2FFZa,0.17140823,13.75,0.17140823,13.95
LWVv8hbUMysewBskRz69YpbGN1bvntmTPu,0.16380016,13.23,0.16380016,13.93
LdiDyK2A9UMDRZ897nM32rjAKaQ75EQKuP,0,0,0.171148,13.92
LMJGscuRS4JYzm6SmZHpXXoqCdPax5VmFu,0.21437088,13.92,0.21437088,13.92
LUDbpFAjJZTo4JenJUdgCKKsWrCtUVAprX,0.21049155,13.53,0.21049155,13.91
LN2uvxSisYJTKeK94YyyFmEDKHWCzsZ7dn,0.16710701,13.95,0.16710701,13.89
LRoNvH2QDdtB2vzbSj3Pkb8yrM4L1bJntR,0.18936681,13.45,0.18936681,13.88
LWR3fF4ytkScjny1te6FNLY8tYM6inmdmk,0.18804647,13.66,0.18804647,13.87
Lbp43uVYy17NzFeMFXTVpC6wcio24ds7tK,0.1797256,12.98,0.1797256,13.87
LSs5fNgTm131APZSyyhhzccRd92X8zYErc,0.20768707,13.93,0.20768707,13.87
LXmLupAiQfe633fWJSwV8DJYeEjNv5k7Yo,0.21807054,13.86,0.21807054,13.86
Le3gtqidSbmUvGSE9fmQPbmsqPLxxgNsFh,0.18735992,13.86,0.18735992,13.86
LQb6jExzu8Rcr2YfTAsxdDthjepiZZfQWi,0.19,13.54,0.19,13.85
LajhjPuoWneNJDUd3R6p2xMn3822HwWtUx,0.22372743,13.83,0.22372743,13.83
LLmfxaxQMRsuoY7NCuKdiPYUupjKPGk3Be,0.187,13.24,0.187,13.83
LNeteBSDEUr2b9Qvxeypwax31NCCLL7a4r,0.198,14.04,0.198,13.83
Li5xam5xmFvHLJHww248iHKei5K6c3fsYz,0.154,14.97,0.154,13.82
LfqHzNxpx6PiWgvWXLWiXM9B3H5fdK74Fb,0.19777771,13.9,0.19777771,13.81
Lczy2M55jwWJjM8XeAKHpFxRusip874epq,0.18726035,13.61,0.18726035,13.81
LbwfJCtbvt4wJPUpk25y6b5pF3qTpC9apJ,0.20957422,13.81,0.20957422,13.81
LVdBSa2CatpQJNuS6UGnfgZjhf11jHej1X,0.1569419,14.23,0.1569419,13.81
LPwTum7sbfedzoXs3nQe1ktjeD5gtEbqwe,0.2109,13.04,0.2109,13.79
LcBmQk13QXo6GjL5MU9GGsWTExwmbiJtBf,0.20727838,13.78,0.20727838,13.78
Lg5TnXeRzBocf8vK5k5WNj69PvUh2sWRBT,0.18115836,13.78,0.18115836,13.78
LN7cg2rPGBYAa6b6CxUmwphYMMsJhq2fPo,0.20829513,13.39,0.20829513,13.77
LfxbHtkoQ19QHoNpYzaQWaoBusnVGaZmDT,0.2061,14.03,0.2061,13.76
LWvs4KpLuqy7WJitLUEozsz57ETX9Ba6zf,0.16131736,13.37,0.16131736,13.74
LgmTc5UXrnpPpWEJcrVSjGDrfZkz128U4G,0.20688283,13.98,0.20688283,13.72
LTNjm7XrZgrJtR3p1fCc4mae7sgGJfnx6s,0.21899773,13.85,0.21899773,13.72
LRAgqsHLNhwa2w1zx65eb5xLudNhrq7p8G,0.16151498,12.03,0.16151498,13.71
LVj4vM9E4EuZpZQ4JMxwbWCQBm6dH7RUf1,0.18531378,12.77,0.18531378,13.71
LWJFNYdyJ4znJv7As1TMZc6uX4bDFx2Wbx,0,0,0.190397,13.7
LeZGkCdxdYAkBVrjDM79w4C4gkBXWQ2zME,0,0,0.160297,13.7
LVR56W6U4V8o6qQ3dZ8FtNDqgxzfzGqTzm,0.18682175,13.69,0.18682175,13.69
LV7Y1gnu5on2jf1DXSMK1EMakjquY1aLZe,0.19200206,14.0,0.19200206,13.69
LV1pLuXDKigMXEiS3AV2NS8Cg8E7DrSczh,0.183117,13.68,0.183117,13.68
LRQ1HByM4yokjdkMVPmBhzMrd36ep5Rcdj,0.1956153,14.48,0.1956153,13.66
LdG5pu1sh5YhZrhCNPyZ8p1CDLeAeDGZSj,0.13148868,11.5,0.13148868,13.66
LbsJ8mKZdfG7tpgurdDLkETdu25vVFY47j,0.20653635,13.3,0.20653635,13.65
Lc3x3NHv6Ry1ad4BAwXFoNCEpZ5mERyMww,0.15958262,14.15,0.15958262,13.64
LYZEhDbHoiC1CtKBSPWSbDgdBXxqgsUo8p,0.18303381,13.54,0.18303381,13.63
LVCevwhDmZQ7RiTFCXErHddEfP8j8T67B9,0.21243971,13.48,0.21243971,13.61
Lf79rLcNiEijQk4suJdpLf5vLJdJqy6Tw9,0.16,12.94,0.16,13.6
LcXRiyfxPcSiWnT36222X25st8qDuNtWsd,0.17596265,13.6,0.17596265,13.6
LMii9JwV6q1P2NGy6fEJWKL2TA8YhP4rJQ,0.17585948,17.37,0.17585948,13.6
LavjYwN2gKmTyP2mD1RdRkqFoJvpLY7p81,0,0,0.181894,13.59
LYJcWjHanPNewa8o4Zn3oMoUYrgPzTDAzo,0.17574201,13.07,0.17574201,13.56
LYtT5CwRCvPWecQF1DAfvpQCvdxB5kbnAW,0.1577287,13.27,0.1577287,13.55
LeqNgTUif3eefbkRzPArDEEHf8HACngRj5,0,0,0.169256,13.55
LLq5RamAh8S5Y4J8xpEkrMbBGV9wJjPYyE,0.13101146,12.82,0.13101146,13.53
LLfGziafjKKpueeTwnjjcKc81DorVrvnUU,0.20842497,13.51,0.20842497,13.51
LYb4NMDFZrw6K8j1JujEAFAYyVAY9ME6gp,0.18239503,13.02,0.18239503,13.5
LaoJQDqez1yoqX4fiGB3Xc6FBpPiucKBHd,0,0,0.153256,13.49
LffDxYWH8sgsoXKZaWb7n2z7CJkEQjKaXz,0.18390052,13.06,0.18390052,13.48
LbUPLvBeQ5Szdzqfk1SKjfQR1f2AabpJpL,0.18061068,13.4,0.18061068,13.47
LZGuJmzaHPinYK61vZi3VT1aUt4Zjyqx4j,0.20777738,13.47,0.20777738,13.47
La1w6on6rzzTTc95cVWFPSGWZLZgcegvSf,0.17047202,13.47,0.17047202,13.47
LTK261gNdmH6jnT5kXJ3vrRx6UdRCgYniB,0.18374219,13.05,0.18374219,13.46
LR9UHdmhtwnDxv9hZmrLjHotFDLp41Xdnj,0,0,0.201458,13.45
LPAP58cjo4KGUtbYnhpHhfZQ65uYVvKWDy,0.1836,13.45,0.1836,13.45
LcxX7scdAumCq1WKp2AmbXKHnaY6itjdWU,0.17111866,13.23,0.17111866,13.43
LaiM8cRNo1UJUmYmmnHW3y9fQMDZBZMSLf,0.17356055,13.42,0.17356055,13.42
LWs8cEvChjSdopZwMgw97qjgNqokF2jZ3R,0.21280976,14.06,0.21280976,13.42
LTGnkShMSwWrnChMCHqc3pL6C2J3rJd6wF,0.21287022,13.41,0.21287022,13.41
LSNUuQe4G4wMWgciauNyhXqfs3Wt5R9zK6,0,0,0.148014,13.41
LXECTzKCNgGssQWDagDkq66nB48ntFhx1H,0.15759,13.46,0.15759,13.4
LSAU4a3fSvQSETtAAPim8MhJJRkmtWcXEo,0.17855173,13.02,0.17855173,13.38
LcxA7ComKWZVqAoyRUxpyk5hT9b1NZfEnN,0,0,0.160033,13.38
LhTNGLwmvCj2U5e6Y48QNa4RBCPX4dYABb,0.20199566,12.98,0.20199566,13.35
LQ98QbsFQt9aaLMnDCq6WmPEey5jVaXRvH,0.18896063,12.79,0.18896063,13.33
Li6FRLBgxmSS62Uv1GrWEcuYbKsAQEVY9r,0.16647017,13.23,0.16647017,13.32
LfZrUzTpuGGCJvjjzHBABMVAHBKTehqE9w,0.1469337,12.53,0.1469337,13.31
LLF2uQsQZH612AdWWAXDENKgkohiddumSa,0,0,0.186344,13.3
LfJgY5WNgGiBuz1RgNd8XE4vpHM34CatXo,0.1894318,12.98,0.1894318,13.25
LhPhxa4dG5QgU6dhKUpDVoLBoNX3TGE32j,0.17979013,12.78,0.17979013,13.25
LYryEKprbUeMwRpydwQQnGXSQHJU7fef8L,0.155,13.74,0.155,13.24
LbVX4A1DcZ2pNxPvBXyfTLvFSCNs4UobfE,0,0,0.14619,13.24
LgGr6e9WTk7qWg7sXDntLAGJPHZzgoSH1N,0.179,12.33,0.179,13.24
LMqvrLSZWy3cfkpV8XXN8DEztSt1HoxmBm,0.17142857,12.4,0.17142857,13.23
LV47MHUDPAy9aHET5D4q7BHt1Jt8ebHhHe,0.20977391,13.6,0.20977391,13.22
LeUyv453f6RHc2znNG6FtgXEWRhuscCoiw,0.17110831,12.39,0.17110831,13.2
LLuWngwrYEBFgz5LJSvUPFJyi1tH7Zwyre,0.16753858,13.64,0.16753858,13.2
LNY6vMrR5uqUb8aWzfJiycBdGG4hq6SMmb,0.21652003,13.19,0.21652003,13.19
LWgHQ6pnTkQwXogRb9VUnX5jTc3fit281b,0.18683886,12.82,0.18683886,13.18
LNH2tXv73qo9AJQpqa5M1A8iPaN4X1rddp,0.20437997,12.99,0.20437997,13.15
LXbgr22yFYqfHLfUwgXj6f1m8VcCEM5hNv,0.20099435,15.28,0.20099435,13.15
LhXJt2g6GJCjXyTvf7wEZZ3M6LfASAdunS,0.12729572,12.93,0.12729572,13.15
LcRH8WQq1pEvprPTmofyNa3cm9VnzQNA98,0.17018935,11.91,0.17018935,13.13
LW8vDaLzmfJiSaVrshA6gNUcufay6PeBqj,0,0,0.200683,13.13
LeFb5Lkt4cvXvHAqsnEft7vJCmQ3v5daSC,0.15353183,12.92,0.15353183,13.12
LaLzzF3fbEWt4YykGihdzqF3UQQcw1Curs,0.149,12.21,0.149,13.11
LNVxNx6hUrqLjNbrsZvP63ACG7bwVEP6ni,0.191911,13.06,0.191911,13.11
LSDWfT7vW4SExTs3Zr8kZ6iP94dJqMzww3,0.19563646,12.7,0.19563646,13.1
LTDpWf96MBPFMmsWz77u1bRCstmzwXaooB,0.21168768,12.78,0.21168768,13.09
LfwTekzQv45WVqh5G9GPY2TPzCpiTF7LUn,0.16251593,13.02,0.16251593,13.08
LZdLLAzhGuAYVy48pZouzqotA3yTwFFASW,0.20629035,13.08,0.20629035,13.08
Ldca6EJzB8Zreo17AN13JMrNHxbf1xFYEc,0.20880648,13.2,0.20880648,13.08
Le4vxLCMiVCgtobCjcFLsd9F5t5YSF8cvk,0.16297074,13.07,0.16297074,13.07
Lh9cjxNG9cBKeoCmzHLwQeMqUdVvPcaJV2,0.18449458,13.13,0.18449458,13.07
LRGSDjGKD3rwkJxLHjhwNhZBN5HX9Tt2cQ,0.15293218,13.56,0.15293218,13.07
LT1S89AJqHKwSPPHLiaKPyvzASDDv2fSPT,0.20283019,13.45,0.20283019,13.06
LRSG4kJXMtsFVcYSV1h6qTSHnxFPNpPvNN,0.20375845,12.53,0.20375845,13.05
LfhKeBs5AHfyyzDtyNaSGNVXSAsNdvoDP6,0.19102901,12.9,0.19102901,13.05
LQQJxMA4sYV46HJLzamcNFAXXV2s6bQrB8,0.19617748,13.04,0.19617748,13.04
LN2PN844dyHVYKnsBuJCrYaGNVXJYPqpWV,0.18679682,12.58,0.18679682,13.04
LQFcYFRyxMT76wo6f8Yxn4BfJvRq4QhR6U,0.20083445,12.54,0.20083445,13.04
LNg84pM2QcTwHRbWZVvxGSuXWzxXjf59LW,0.19527948,13.35,0.19527948,13.04
LQS64H1mrvuF43rU6upjbQ2iTGxUbFnqrW,0.15355949,11.44,0.15355949,13.04
LhghfM5JZeVtj3F5NR12A4aTf8MQE1G9LW,0.17617265,12.87,0.17617265,13.04
LTCd4xDeJDrJ128MUFFE2EKMDhfn8wtpop,0.1866,13.24,0.1866,13.03
LVaLdArsyGHWYk5RqjMk5nVdMqj78qba8c,0.1762,12.61,0.1762,13.03
LYDuKfHLvB4ob8i98mT8u2YXEZUQk4BEoa,0.18658172,13.17,0.18658172,13.03
LfjVQ6x6q5UFMcjqo6VeMnwyP7zPGaFNQ5,0.16545107,13.47,0.16545107,13.03
Lg7D7ZrQKGYm9DhaCcfFbJ8o2f8AhU3keE,0.17566198,13.03,0.17566198,13.03
LfiLMwMvxP9JNtXBV2TPvGUFUrFfxemLUP,0,0,0.195105,13.03
LSVN3uKT8sJm1ymzSPyrbu83yTau8vtktb,0.18101104,11.79,0.18101104,13.02
LZpUsG5sfU2ufMqmkkBT5rGGaMz9yS4kfA,0.16872464,13.24,0.16872464,13.02
LaBrEN8Tr5ruVSjkRL52dA4ghqye8z1vAr,0.1683618,13.41,0.1683618,13.02
LPBbSffWqH3M5ThKc4ShWucEsHXmrVRnqA,0.15571969,12.99,0.15571969,13.02
LKc8Y9MoZrkNV3WFBmuFY45j7GxekcegeH,0.18344893,14.16,0.18344893,13.0
LhUaERw57EAMvdbxpdxZLEgJtEmgu1s5Mz,0.18613894,13.52,0.18613894,13.0
LecoTTSzdcNBG3bTxCZCoVcWADTnP5tkeV,0.152747,13.04,0.152747,12.98
LfVeijaQzstnBa9AWVhZBG8VYtZRz9jbjC,0.19443938,12.74,0.19443938,12.98
LguExeRs2wJ7mb2reF3D5fWjShJ5aGSW3h,0,0,0.166032,12.97
Le3boK8u8hAKE39zqsCYvaFZXz3ZUWLsGx,0.21082161,12.85,0.21082161,12.97
LZxzcfRQWKx7tSckrfqXQao8psd5JFKHo7,0.18569379,12.86,0.18569379,12.97
LMnfebE5nDTXr1t6YcRye5kJw4XyUzf4fE,0.18111672,12.82,0.18111672,12.96
LSRnUtdVzMeYp7JwcBpZ31jHjkEwfvawPr,0.18147719,12.69,0.18147719,12.95
LKsFiFZJTkTx2NrpdKXSJNTcpFX399Spjy,0.19950457,12.95,0.19950457,12.95
LQYGWbSxvAyifBygPA68w3cZntCk43NtZP,0.18618654,13.11,0.18618654,12.94
Ld7dV5JuiUJwqHRvTM2nmL73iJf9jMxdpv,0.16988886,12.64,0.16988886,12.92
LiCPMBETjU74L1z88L27WvewvRFAgTgAdQ,0.17347211,13.07,0.17347211,12.9
LRrWeKYZcDzD4RoxeDnBjXrokjUTEuYCvw,0.16024474,12.81,0.16024474,12.9
LThDir57jgbxY9nwnrCbEFjoSxsJL3KNk1,0.15173,12.96,0.15173,12.9
Lg2PwCTsz4CaQoNizZi12zvvWTPRBSDxKA,0.19842108,12.27,0.19842108,12.88
LVrgm6KsMPtGAqwWGMNDxHrUpvBaZ2KENk,0.1599,13.46,0.1599,12.87
Lameo2EKXxA8zsFmZVeThPkwukmDTSVExx,0.18435116,12.77,0.18435116,12.87
LWAG1gtjv1vc2xtxYEgGSyurqd9iMZFsgh,0.16648547,13.26,0.16648547,12.87
LdrTswB2XA1ho2w2wdHgHc4VB2Y7aNnWeG,0.17631929,12.56,0.17631929,12.86
LRVkerbnZTwFi8YAvHDHQCvqz6ovPj8Rdv,0.14582996,12.22,0.14582996,12.85
LLxdiC8MAsqZe1JNfwfW3nuS4hNiVczxb4,0.21478759,12.83,0.21478759,12.83
LgYxVSDaLQHN4fX5RVSZyi9oEbcx3NWcq1,0.17877481,12.36,0.17877481,12.83
LUM2x9aYdempssoqKpfCq3C56n7ynJPenm,0.1509,12.89,0.1509,12.82
LNPAC7rkEmTuKMrWUbvxWgjn8fb5T7N3rC,0.20334473,13.43,0.20334473,12.82
LXSwg3n24dG1jFzaUvtQfPTTa72cU2D6dF,0.20194579,12.81,0.20194579,12.81
LTgY4YhdJ7iHBJ5tmaGFnB2ajUcYyUmkmg,0.1499,13.29,0.1499,12.81
LPtcgon2rapCzKZXnUNt8wXX6RM5DHT8TN,0.19683491,12.78,0.19683491,12.78
LZqhBfS5ECTdqSjXiyBJ2rpxAzBEgdRUXv,0.14990922,12.58,0.14990922,12.78
Lboe1395umx8FfEHd7CozrENv5v7eYnTzb,0.20387934,12.77,0.20387934,12.77
LPWcVVRmSkDQrMqnyAmTGAaokBBZyP3Av5,0.11957165,12.56,0.11957165,12.77
LdrxNQtrzfZwPhSHges6tACgTYGetLym6n,0.20278986,12.77,0.20278986,12.77
LZFmh4J4Vrocn4J1hz7Cs6Tp3FWNksk3Kk,0.18526544,12.77,0.18526544,12.74
LfB77ZhnDtPWv7Yz6dGQNPHDQKc2iyBP6A,0.18212704,13.03,0.18212704,12.74
LKXtp3uf6mHXfsFmtYUCsuRLt1cqS719jh,0.20595876,12.43,0.20595876,12.73
LTPfnB7ZjiRMs4PyBwKJrwuADy9PBXohq2,0.18691358,12.93,0.18691358,12.73
Lcy3VbRxEqXwGvuxtN8Yr87XyYXqkLkT76,0.14885289,12.48,0.14885289,12.72
LbT9qEdvXfPfYPtig86ksn7doehUHg6igB,0.15800237,12.63,0.15800237,12.72
LKhoZ7DaQZbhfrxbgSaQs6UPuw8k1XXWhq,0.1794856,12.99,0.1794856,12.72
LbbF4oE1fdhK49BuKwa1U8UhRYrztd4cqf,0.1303923,12.72,0.1303923,12.72
LS6C3AdCQu2kPum87ePJiFTyhMJfW7RGjn,0.18220382,13.59,0.18220382,12.7
LWxfn3vhyJmYkNc4fvF8mSYZ3THfn9CmP2,0.14,12.0,0.14,12.68
LUgLxSZhJZpdMj2uRqPUiWsr3ctzY873Qt,0.16154875,12.68,0.16154875,12.68
LWXQ3q6be2qtikQvFq91a54QU91gLn9P46,0.17101245,12.65,0.17101245,12.65
LQZH7dUQerh451GKxB2XciokJw1WthfWHk,0.17150301,12.46,0.17150301,12.65
LeZkkDRXhUGMyVJGwoGNVugns6uuVDAwMY,0.149,11.1,0.149,12.65
LKNaB7SMSXB45SE9VeMrFrinGusu6PabtW,0.18148499,13.54,0.18148499,12.65
Ldb92D6FeJVRb3gbojDADi7RAkP2PwqFrq,0.18941906,12.94,0.18941906,12.65
LUektrXot5Mbw4CyhGThVYnNQboJCRPHEy,0.22499095,12.62,0.22499095,12.62
Lf8a6aGXiDbgwt371nfJJXhbiiHu2ypNhz,0.16838374,12.62,0.16838374,12.62
LhDCpP9kMzNTSYBp2ndxLgZWntM7S8EgN3,0,0,0.163,12.6
LLyANqRJdgVZmSUkz4rTnrXrYhSKex2pRW,0.19670955,12.48,0.19670955,12.6
LPhfGkkhsnQxRy1vCmLsKdarnK2f3XtSJb,0.21614603,12.12,0.21614603,12.59
LLQ85Um6GbK1PkN7294aAfrySaADBCX3GP,0.17178189,12.58,0.17178189,12.58
LYjUSeWV6FbG3JTt6oN26tQpE2so1kKFXu,0.14721524,12.99,0.14721524,12.58
LYPuYjc9tZjHCjyx69awSZQfFwzBzHZVPK,0.16245304,16.05,0.16245304,12.56
LQ7FhpyCoE22diRkHqrbuK12CSKD3FvmkL,0,0,0.167387,12.54
LPtGFdvfRchpTT1qi1DU6XdFyKs7K4f9sX,0.15921672,12.96,0.15921672,12.54
LUWBT6vwAgQ6vnBrXe9rQjPg6hsXFJc961,0.18750865,12.25,0.18750865,12.53
LTgcQHUs9sX4JXw8dYNbLBvUAyEM21yZw6,0.15506709,12.53,0.15506709,12.53
LhvChqGkzuC5mDw3q4sD4j4PY5V4H5xuDH,0.15381335,12.34,0.15381335,12.52
LRKpFZwXvvKi5zkJFBxQfvoPzZHX7MoCwE,0.17991,12.52,0.17991,12.52
LdvUobPiSKZoCJ7uYMsWP5LqgHZxoJ4BxU,0.15847609,12.56,0.15847609,12.52
LT76osF5PvNa6hs81gxMz7yFjqjjhr3Uwd,0.17912159,12.51,0.17912159,12.51
LbtD1Mc2HwAUbSSopySDTWnMUFy96xnZq3,0,0,0.160112,12.51
LMsC2S7pyQcMSEC4LoLajEga6ZkeZDGMLG,0.18168222,12.5,0.18168222,12.5
LMYnGHqacC1HidqjbDhDMFTDyxuNJfPjDF,0.14198663,13.41,0.14198663,12.49
LcRbsoMFxXC1Myf9Qq7PAwZwtCfuydXxdv,0.16890228,11.78,0.16890228,12.49
LRvYv81GCTf7ypCg3766BNpGnYfq7X3P1x,0.19454839,11.62,0.19454839,12.46
LeXiwEcxBQjAsFWpjz5UrCTNbC5UoeTDBP,0.1701,12.46,0.1701,12.46
LN157BrEG5MnHa6xMBWnHw3iP8Htuf6Ub6,0.15397004,11.91,0.15397004,12.43
LZev6zNzjd6tv6ZSwHo6ZJQSEhEhYqxFcU,0.17609463,11.79,0.17609463,12.42
LLNYo2iYucAfWL46e28ftzX3sTNCa7aCW8,0.14535087,12.83,0.14535087,12.42
LdVQzPdxzKTgVvLkfYTtg8hh9H9XMjvAWF,0.15363229,12.32,0.15363229,12.41
LXe1AY8itu73CjwFfH6rTXUnDZSrMRqtQY,0.16072864,11.25,0.16072864,12.4
LeYFqVDF1BGJY1fKgGEk4CasRZupSuhvwQ,0.15406,12.32,0.15406,12.4
LdeDiPdUaPVin73xnu2DBq8E4SJqNGLP3i,0.1995013,12.04,0.1995013,12.34
LcPDA71bi8mwq9pvtpDZcdSKCA1TjzAE2d,0.19,12.33,0.19,12.33
Li9XWm1ctc9EyRFnjzh8yCwnJZ5TnSZryr,0.18850509,13.59,0.18850509,12.33
LPKX2TRSWcPV6Yx2R1VHodgZeC2bcsDHGi,0.17289435,12.33,0.17289435,12.33
LcqpCwFeq8EsqhM1bqbxo99SmKPeL9DVMH,0.17045839,12.3,0.17045839,12.31
LbqDwhEVh8YGQwLj46BeB2YpfTCFDH9gEg,0.18838795,12.22,0.18838795,12.31
LfGDy4fLb2AATGYXfqKtAdCzsNn8HFE8ZM,0.19900884,12.01,0.19900884,12.3
LPDHdNyeXE8myyLhHjfW1X9pUSJw3VUTjY,0.19512578,12.3,0.19512578,12.3
Le1mwssUXkMpdxcFs8c7HFkgPa9Vh8EFcC,0.18436175,12.34,0.18436175,12.3
LPs1WHhcrdtQUme6A5Xn728Zf2eq2bWGak,0.13959391,11.69,0.13959391,12.3
Lf8QMeLQ5S4ArfhqSbGjAFtFnqspdNTJGR,0.17658464,12.39,0.17658464,12.29
LTai9eK1NFcaWF9m59KWaZk4W9WXHFY5Nz,0.17575494,12.47,0.17575494,12.28
LdtsR6KQDErxmyT8bb6DWct3DwJuk7x7LZ,0.16588769,11.84,0.16588769,12.27
LcA5kX1nKdMrvzvMM6hhNhygs7HgXVKWox,0.1898,12.44,0.1898,12.27
LVLkBGtx9mAiqgoJ7tRFae5vdvU5jL6X3Y,0.1979886,12.24,0.1979886,12.24
LPZhvGC1gqeBU1DTL2YrZfDKdR1EhFPLoE,0.1581603,15.43,0.1581603,12.23
LeK6USUkUFpih7YES3tz1qvvXjMkVCvn4F,0.1999,11.19,0.1999,12.22
Le3X4HzfiFFW5fcvDBPfxVWzHKebtoy84W,0.17542718,12.87,0.17542718,12.22
LNdR3fgoHdes57RJnogfxVrcdeywY6EyFo,0.19396033,12.22,0.19396033,12.22
LgUU8A3JoYUXX67FU6tDv4AzM6WHwmwuGp,0.17261339,11.85,0.17261339,12.22
LULRAQ1tJAnmBuZR4p5tcRS4p7v3d2u19Y,0.13487797,12.11,0.13487797,12.22
LYqfuEkdQCgai7vuG4jjDkcXgArxU4HqCg,0.15435567,12.12,0.15435567,12.22
LeoKZvDCmPVdSBLZScRPHcyQCaGPzjXz5M,0.13597062,13.22,0.13597062,12.21
LeND77LmXVLjeNNuDCy1RiYgNgQf4bxzm2,0,0,0.182823,12.21
LgyNhc7hrCC3Su9zr3VhudbQj8h4dd5JSK,0.1631,12.2,0.1631,12.2
LMnAaMSdMsZv5PKFFmefXWUTCGD7GNrNp6,0.1499,12.27,0.1499,12.19
Lhoa2G95rdaenf2QfR2bsDBP1xk8qu9cLF,0.15223128,12.2,0.15223128,12.18
LKxRQs9MDYdRpGZ2eaWoKUbpVQVkJwL4dH,0.16469038,11.55,0.16469038,12.18
LWWWHzg3nb5dEge1LZExaBQGQ17bsLivX8,0,0,0.142488,12.18
Lgb29fBKTQpqsqPR6qHcuQggDQJ1Dh1jZr,0.19322984,12.17,0.19322984,12.17
Ldak57NKoUw4As88ezcb9rb8iL5Sz6NgFa,0.1878,12.41,0.1878,12.17
LKuMsMxy16ZtTNge6D5nYfNvyubiQzjuag,0.19,11.69,0.19,12.17
LRQ7oxC7H8EU1bHFHEHnQvCzgPR9PC5nUD,0,0,0.143353,12.17
Lez8CHwHLgHnUthmeZow2GiP9Cs9eruhxH,0.19959129,12.39,0.19959129,12.16
LeVmwuKatwF4hFVm8HA3YuYVdpGpsoZWS1,0.15726142,15.34,0.15726142,12.16
LbXYfuVRkWPbiYjFLtBgUHkuZc1HWdwrwz,0.14559665,12.29,0.14559665,12.15
LcU3ry3kNw5XPAYTC2F3KU2WEpKRR5sum8,0.15429163,12.56,0.15429163,12.15
Lghbjk5X1CoF7hvTYNfwGxG9MzPj4UCzMB,0.18702289,11.68,0.18702289,12.14
LZtyzjkYhjNLbhE2da6o5RzeJ5SF3aRQjL,0,0,0.167754,12.12
LUF7XNNbnxtxcczLQSwqG2Nu5n4n8bWy8G,0.14176509,11.69,0.14176509,12.11
LW8AUNoUPwyncaHqVUHRBwmY7pHZ2c9xrD,0.13749896,12.11,0.13749896,12.11
LVg7FzXjRYMPYi8j3uPG5jE6Nfiy3WvjnU,0.14492754,12.11,0.14492754,12.11
LSSwRKyq6bhwtPeGh5MFJ6eSaHUZqzxCtL,0.1849,13.33,0.1849,12.1
LcVuGvydXs5nBVxC5LAHc1sw6kJUXXYsm2,0.192504,11.97,0.192504,12.1
LPNfZHcBwPobedHudHeqsYt5X43ppRG9Ts,0.19843339,12.09,0.19843339,12.09
LRywA87st2JBQRXH4bj19YcvBJurxUbr8r,0.1684,12.02,0.1684,12.08
LN8WARM6ccc6HG6pziS2K7TbYYLgMw9Gg7,0.16890703,12.05,0.16890703,12.05
LYgymxVqc7ekANKxtfMKTELdfqb6LoQbfg,0.13413352,13.08,0.13413352,12.04
LXcKTJsVxjLQ9YJiugpkFQPvEafvpVeycJ,0.148,12.12,0.148,12.04
LhSUaV2K57e9ZVyivc9qKE7htbMYQ6RsSn,0.16874557,11.77,0.16874557,12.03
LNycQ3Vfupj3kr8kmbyYoVSVc36XkkH9WZ,0.17649563,12.02,0.17649563,12.02
LWjj1tRRte7Rmn9Y6cePemwyoR8HNCSkxU,0.171785,12.02,0.171785,12.02
LMTa2s3Sx1cosSF7aYsmr15aortHmZrSpd,0.17333833,12.01,0.17333833,12.01
LfvVTzVqrQ3hdBwctfZngabxPDo3ntDusr,0.17983541,12.29,0.17983541,12.01
LfmkhsYJo8YTdHbccz59X54nV8VXykwxXS,0.15554758,10.89,0.15554758,12.0
LUYNjpBJUJLdDpvtmDwfomnLHm2jYN3wHX,0.18200927,12.0,0.18200927,12.0
LMfajN3TQ6fxA52tgRpUyK4XETZuJDgtGX,0.14741109,12.04,0.14741109,11.99
LYVJqvEXuyW6pfNfQmXwGt67cg3hYj5oqd,0.16595931,12.01,0.16595931,11.99
LTfH396jFzSLtXY56w3P3yDZRNheSCxpXk,0.17135201,11.99,0.17135201,11.99
LcRo8eoMbLopovS8qfvVS1XXKCcpqTxjme,0.15142683,11.99,0.15142683,11.99
LaQeA1Lzd2wezjhijQhVNQXc1aZB7EArAH,0.20065949,11.99,0.20065949,11.99
LYARe6vQ7uSQpd6m9Sj79xmRuFdYVKcv7a,0.13226313,11.28,0.13226313,11.98
LWokhbToyLkWY1Qt78LKq4qzjeuc5Vgpsu,0.17996635,11.98,0.17996635,11.98
LUJt2CYBt8nb24YJm6AsMMJt33HtU7CUg1,0.1399888,11.54,0.1399888,11.96
LSyZiv4qSFsKtZPPmooXKM9FNBFvJ5KBKm,0.14,11.6,0.14,11.96
LLun1N6V21ChDzKkSjcJRmdFYNX5PTVgwd,0.19340924,11.68,0.19340924,11.96
LfR1zWoRznxUiiuZoFfqK8mSQDGhe5z3kT,0.1952,10.93,0.1952,11.94
LcybXJvgoFmZvypZ8o3qCNGTrfJAxX2jhG,0.1709,11.84,0.1709,11.93
LMzyyLkahbWq96oqrK8rgCCnAXsSLSubjd,0.18953941,11.93,0.18953941,11.93
LLyMhaUnmftdgEJu5epNidECo6AGJ2AY69,0.15424093,12.29,0.15424093,11.92
LM85jTRJKkxCLniyHs9UBFCoT1Wjy1zMuw,0.19,12.02,0.19,11.9
LTupXPy23fCfU1aLHmmdwaBdqZmxqxHWXW,0.16369636,12.54,0.16369636,11.89
LhuBUmMpjzzQ3tinnGBAccWKtmVWXS7gL2,0.18,11.77,0.18,11.89
LYjKt6ZWvw1aeDBwkPFeeFkev9w22dGLEN,0.15054033,11.93,0.15054033,11.89
LT8hPwSZzZBhmoHhuTyG2X9bY6StMamPHu,0.13915464,11.47,0.13915464,11.89
LSmSFkj7GjitY169ddtvSyW6viLrqRDqae,0.13984547,11.94,0.13984547,11.89
LWtPjW6qxQ5cVj8JNedBvrcaPzuP2DJL5e,0.16650794,12.19,0.16650794,11.88
LdGq1bKwrhG3AWBhSJtfBoCP7d2hfkw1xK,0.16447783,11.66,0.16447783,11.88
LcPXZvbGbZCPx5E8p3YAoxtXMCMeFFfT6s,0.17788398,12.16,0.17788398,11.88
LMdche8VDwdtdMma3fzfEgxjRkCuXSRYVN,0.17387503,11.83,0.17387503,11.87
LU3UHL3o7yB2QPV4hgzdjLds2Sdv6zhnNt,0.16976138,12.08,0.16976138,11.85
LQQX5eTswAXckxiRhSkXi9xgZJEGUCxdMY,0.19267797,11.83,0.19267797,11.85
LSBWvnvm9eTaAnFd4mW4y84aWResfBA2t2,0.13940373,11.27,0.13940373,11.85
LPN8p9QjLaSLDd8JKMaqCLLiMoGGjSeYGm,0.145754,11.93,0.145754,11.85
LXLXWV2271pfoVAR1Ao7FV2Uk69QWTnxqH,0.16894954,12.11,0.16894954,11.85
LancXgrQEQtae6xpmQtGRNmkqeyWHReeZE,0.13859223,12.23,0.13859223,11.84
LZRzJwgksgry586Pahq5X5Y6KiuKquovdN,0,0,0.140643,11.84
LSbm15odxQRdcgz7c1k9EqrwwmnTmLv78j,0.11392187,9.96,0.11392187,11.83
LZ2U4djZ6BXFUNZhwc8zLq5fiXc1we4Pqg,0.13445696,11.83,0.13445696,11.83
LfiUWuPvJzTDGtxRksRa9b6Er3D4iVYDRv,0.1864307,11.83,0.1864307,11.83
LiM23LhEzFk5EnTTBBdmC5s8jsaL4wd5AJ,0.16926713,11.72,0.16926713,11.82
LMJeyzhca6Gxbgp3uzryfwfgSjDDYtkvzb,0.17571902,12.52,0.17571902,11.81
LVq2e2uq94VRAfARZEr4icq6GzKa2Seg8N,0.18567782,12.06,0.18567782,11.8
LbdRzYCPJ4T5GN2uBBvPwrd9vHXTDwWMbg,0.17027479,11.79,0.17027479,11.79
LVePe5uotS8trYqgyXXKEffYaW97Aek2aN,0.19745352,11.79,0.19745352,11.79
LSn84Zjzck32gefR6qtgyyNkm3B7NAd1uv,0.15938969,11.64,0.15938969,11.79
LaWz9GyHXqcgdpphy2fTyRQediuULpipzf,0.18298243,11.78,0.18298243,11.78
LagBGDfH34VHZ8Vj9REjPiueoSpL3tiL46,0.19711272,11.77,0.19711272,11.77
LVvRgYiNjZcnBfwyAQgHrgR75q7rkb6zHA,0.15813719,11.91,0.15813719,11.76
LcmTL9YfX9FM5a8bhaEqoHAXV1qfdFiL2t,0.11300245,9.98,0.11300245,11.74
LQxNa189Xzye6ip3HaNJ8gizEs3Ad5Jk1i,0.15694441,11.49,0.15694441,11.73
LP2CBPe39USn4B4L5k6FupmQrDbJR4nVYD,0.17663267,11.94,0.17663267,11.72
LQwU1kCyrrg21PCFfBZQmFdH5FGWd4KL6A,0.19611713,11.71,0.19611713,11.71
LhZ69GMnNb1hFDJ7CZdgUdDTEkw2JxdNy1,0.16769712,12.41,0.16769712,11.71
LNExF6nGrUwi2Zif5qr3z1BY7Zz6FAnfiw,0.20111034,11.28,0.20111034,11.71
LMt17pCKoLTkQPztLBNbbnkDfTVX3t95dp,0.15176831,10.96,0.15176831,11.71
LZvAwX5c9B8A9TR1Yj8SeQq2hQ9CEGpbt9,0.1127,10.22,0.1127,11.71
LSgZJ1Y3Yse2t9mya8hVw7JC52mv4BPjiC,0.15161957,11.9,0.15161957,11.7
LWDuWcDKZ6jjPuHKABAUNAvkNYpvu3koj8,0.17006079,12.12,0.17006079,11.7
LcezjrWArkz3f9HTtphg7hNuww8LNqY6Qq,0.159644,11.69,0.159644,11.69
LiMzZdFPQL7oS7UuAEQFGSSooWACn3DZCb,0.175,11.73,0.175,11.68
LMLxSn3TDzY2FpMF44Gt12qgqE4AvGvtph,0.1767395,11.68,0.1767395,11.68
LNx9UD9kmCikSdUuT6yM6tp9kpaoVKqt8t,0.16366,11.42,0.16366,11.67
LV7y1iiG8i83xoaTkpXf5Dh66qdxPMWrY6,0.2079256,11.66,0.2079256,11.66
LfxyJWrbwkyzfWwc9jC3KbAwroNrznuuny,0.16676263,11.82,0.16676263,11.65
LcKPqjWJiCyXaKEdBJZPkYQKb1WNCCWvzm,0.17490533,11.64,0.17490533,11.64
LaiCvhijFXdyq5JHjfHACttoqEA9jQ1FXF,0.15708339,11.02,0.15708339,11.62
LSrDUzBv1RJsgTRCScrEcxYcn4DE2GDex8,0.1627564,11.6,0.1627564,11.6
LKGLjbHcBoq3gWgBAtTEghNLVa64ZwJgTS,0.16606021,11.5,0.16606021,11.59
LXrMXJeNLFvcsJFBUoKYFwZuPV4zjhLqJR,0.19407403,11.59,0.19407403,11.59
LdiDko4kJXEq9HLZQcW5zAK6s3pWUQ8Yj5,0.17553306,11.57,0.17553306,11.57
LQd526Rqrn7T1MpZRQKKs7kJXmu8qRNKwn,0.17312669,11.83,0.17312669,11.56
LhT5K71fiGj2T4uRb4FkpG7ydMh6CMwSPa,0.17685746,11.55,0.17685746,11.55
LMt64ALda7jcQw4PvXgexqkxSdqKyFksak,0.14655164,11.93,0.14655164,11.54
LRJUpuUaCA1QUvnLUDn6PLhCpJQY4nJDFp,0.16524613,11.93,0.16524613,11.54
LeAt1MEmaJge6NeagkwVae6kEeHc45jpqk,0.19293563,11.52,0.19293563,11.52
LRQe6dBGDL9FNZJ5nthrJieADniiNahWjE,0.1369,11.64,0.1369,11.52
LLxmgLCrxdrEAZYxCbL6kn3FhnPjD9bSJs,0.11091859,9.8,0.11091859,11.52
LarnPLPYoyPjgAB53t1hcSpvt2LAzyJH6w,0.12705034,10.89,0.12705034,11.51
Lh4sFJa6r57BuEPe4ptch1AKGjSXuYhLrS,0.17927795,11.48,0.17927795,11.48
LcHtBZaCF7rRT79fuquV5ChT5JUaNSsCkW,0.1536437,11.25,0.1536437,11.48
LNvFP2Xxf1ober2UdFS9jnTT97Hbz9FFgz,0.18233392,11.34,0.18233392,11.46
Le1rKhLBjA5Ej18QX84U1p84TSoiDjpfQe,0.16386042,12.65,0.16386042,11.44
LRZ2FtVvXvAVJv1nu3YdLbYaQntykBHe7u,0.13,9.68,0.13,11.44
LdhFMreJ4QViydPpfeGnjcZwFLgx22CP1x,0.164025,12.03,0.164025,11.43
Lf69VBnNwdZLepJR82Z1Yype7Tfd1c7Zc9,0.15959722,10.9,0.15959722,11.42
LQ5Fq1G4kyh1NZ8g71GsS7SeSUgznLwzKX,0.17741548,11.42,0.17741548,11.42
LL2AxLMcWito1wJn152ukm5VRQ7fHcxiDh,0.13357619,11.01,0.13357619,11.41
LbgsMHmmKq4BNEEqgxwKh5qnSnH31A6ynV,0,0,0.155734,11.4
LTQVHdAtf366HNWLs82Vbz7NEC8SrvhJER,0.12588698,11.4,0.12588698,11.4
LUANJHQ28uMF3pSvZyDpedqVsn3XEX12GA,0.17168331,11.39,0.17168331,11.39
LSXtGFFjurpEg5JFbMgB1Q2QJD5XZ6Y8GQ,0.12563926,10.8,0.12563926,11.38
LPyvDUCSAKKen4qKeA7jztrkoWtn1zsb1H,0,0,0.125589,11.38
LbSVh65ud8g6eF6DC5wSwC1z4n3KcXStth,0.1399,11.2,0.1399,11.38
LhMSD833PnhFHtdHG6H3gCXuENmyRB44oH,0,0,0.153768,11.37
LLvt47xUHwnbSzv6B839jtz2jepqLhN8QA,0.10411138,11.35,0.10411138,11.35
LfNxWTjv67XAnFKi3UBxiYr3kxNbTgB7NL,0.16253183,11.26,0.16253183,11.35
LWQ9uwYCxryivCnZBUoxYcmABo4CGt6a3b,0.20210485,11.34,0.20210485,11.34
LP8SJ4uABSuG6yAg49gXkzhHJpZu7Gh8jA,0.16189962,11.98,0.16189962,11.31
LNMEobpQdUTB5BTMomAbXm8FbgCaW6B1FK,0.13905367,11.15,0.13905367,11.31
LNAZyfwWYDHQGYmn1guBjMDvAZNrkEM4xu,0,0,0.143337,11.29
LL78RjrGEcJPfsGr239UV6yUhozLtAvbM2,0.17388003,11.29,0.17388003,11.29
LXn6goHVQodq3kTifZeguTjmzj54YDtp9o,0.1409,11.77,0.1409,11.28
Le9P9VCgZjerdrKtw5Q1WqPmvt1MgcptVM,0.10555368,10.47,0.10555368,11.27
LQVphinSY95dTiU8EjHgSshWW65tZJAwBL,0.14571813,14.21,0.14571813,11.27
LQBzKzDagpAxD5b3Z1wCxkasrW3csiD4cz,0.14594545,10.13,0.14594545,11.26
LPX2QR5CviaVVi3uPQAGMwv2JADPXoBz1A,0.14577756,10.84,0.14577756,11.25
LWnBvd1GZLPRsaUvD4B7PHzgYM1Sjpv3zu,0.1093177,11.24,0.1093177,11.24
LhYM4HJtGiKtCXgFXQiDCLR7wVLqf5gqbV,0.13144508,10.92,0.13144508,11.23
LhDc6DxAue64qXV9BnLMXkn5X1b2K47shF,0.13094126,10.79,0.13094126,11.19
LSJGeuAduPKjmmANsxmYCUeAYeY449JPGx,0.1599,11.19,0.1599,11.19
LiJcffxvGAmjT3yMM6PMMwXxxXENVFEFdX,0.13930222,11.07,0.13930222,11.15
LW6VPSL9oWQgaQoQEchpraphgc82A29vfm,0.18019891,11.15,0.18019891,11.15
LTVsZTmEAmT8ED1L21tMJEdDgWzQYAkjNm,0,0,0.13031,11.13
LdrFDXMVChb4jVaTCVzy9zBDvVxnfahdgA,0.15045045,10.99,0.15045045,11.13
LX79SDCyv3Somtx3YsFoafP6ochbEt5hSF,0.14390836,10.08,0.14390836,11.11
LfWszMHW8fth53MZM49yL4r9ppdk1JwP7U,0.12995558,11.15,0.12995558,11.1
LcMNJNgM7nYY7R4eV1fEmpQ1MvLTduidE4,0.13875,11.59,0.13875,11.1
LWhdMK2J4EVB6KiKuiEMbpxCUcqLa2i2V6,0.15523799,11.36,0.15523799,11.08
LQdw21Rzx9EEX55kYhgHG2AmF6yvywS4uL,0.1222899,9.59,0.1222899,11.08
LaLvHxzFQHFXjRbrwAWB7y1WczjoTfherX,0.15443831,11.05,0.15443831,11.05
LbpYQVq6HLMjiUBnqiKNGTtFsUjB8rJdT9,0.12992382,11.04,0.12992382,11.04
LN8rzWN3MmT51esGyx5uf1CRz5dQ1xnQ1U,0.15776555,11.22,0.15776555,11.04
LQ4UjKY4NtHYGxxRFwJ8HAnr3J3bSqS8zW,0.16692111,10.65,0.16692111,11.03
LL4GcZMq1KMPhH2SpJwEVRXuVfsGh2oHwA,0.131,11.14,0.131,11.02
LUVEWAXc36cfbVRnhn2Yi3F87BCkxQhmh3,0,0,0.152838,11.0
LZhXTWiRsesNKRk8ZXa94wX9N3UaXzkTun,0.16813328,12.12,0.16813328,11.0
LaBTPnkMkpHJLeA29gCrneawU51Ci4mUJj,0.16934391,10.98,0.16934391,10.98
Lb2MvNqtTBuRjkpt5uiquNZayLemXZMu5w,0,0,0.121099,10.97
Lf163JsigxFEsedJXGMUs561MCcEtKkicy,0.14856657,10.79,0.14856657,10.96
LfRT8ZK2cXHX52GR7Hfnh3BjBV4L6q58ax,0.1711106,10.96,0.1711106,10.96
LQ72kSEohhE5Swtr6X2fWbMFKZXhtaYZZJ,0.13017893,11.02,0.13017893,10.96
LMnr3XTqXDCCDR3EjVKHkjkdwiGhqvw5oa,0.13119984,10.92,0.13119984,10.95
LZnonq8PNmmGU1kXXNvz8fZhg8gx2aVkiu,0.13458221,10.99,0.13458221,10.94
LSM2CwuxResBG2ECfAXbFEVBeVrWBw7pGF,0.12078371,10.83,0.12078371,10.94
LSVPiPcbszMNxyFPjx7MSkhQPfmgdUr9Hp,0.1241542,10.93,0.1241542,10.93
LfVHkWwtp78LuxCeNFG1szaSTxTAZokAib,0,0,0.151184,10.92
LZMRkU4pYBJsgDKmSuF3qGzM28GAiHc9xh,0.173726,10.92,0.173726,10.92
LVEeM2FieuHqrzXDURt8e9G2T99sajxuFZ,0.15150341,10.0,0.15150341,10.91
LShrkNSbwmALY1QzMSzcs2FWyqKfvoQMBr,0.15590895,10.89,0.15590895,10.89
LRW367gYqC53cWHuAHpAL6NUf5xuK6Qfzd,0.14716728,10.59,0.14716728,10.89
LWetLzcjkhYLHypYFC9rgXa8UR1UasPxgo,0.14560077,10.66,0.14560077,10.88
LWcQELSqLddfBgfb1pCN91cMnNBo2Hbm3x,0.15677681,10.97,0.15677681,10.86
LNkZVut9aGSjWKYibNuFri8dxGKdCiUaPz,0.15073308,10.01,0.15073308,10.85
LX7HxTy58QSquL27gpMnP73YeaYNgi9n3S,0.16702594,10.43,0.16702594,10.84
LLHh4T7Pt8Z4Sj5v1pw23aRTiceidbrGuT,0.14002343,11.16,0.14002343,10.83
LSJmzrvgFj4daAz2TRYZu5QzgmPTSysQsD,0.15021507,9.86,0.15021507,10.81
LVDAu2B6tuFYj2ANKBLUP5y6KPgSfePwBx,0.1325743,10.83,0.1325743,10.78
LdZPfc8rM7UjNvX7iZXpZsqxaioHriCD6r,0.1261,11.18,0.1261,10.78
LhcrhVJfwu57Yu9gBku7hAB8MkVTEU3ey7,0.1803861,11.03,0.1803861,10.77
LWjxQW7LJN2ST8rStzPY5WEvPy9BbUQd18,0.1659094,10.77,0.1659094,10.77
LboWF6D2RzqGZFxb6WNE5R5fUX8czhRFoB,0.1613207,10.57,0.1613207,10.77
Lg4gGcs9L3yZQFFBVkhE48AHoLvcvizq4j,0.18470111,10.36,0.18470111,10.76
LZ3MfUMpoY67cZB73DbkH5i9JosubBRWGH,0.15748902,10.84,0.15748902,10.75
LPjL9cb5KDv18oeL7zZxR79yFHoc7wZYHd,0.13207585,10.81,0.13207585,10.74
LWzskYnqNGC4zf81FBTPjG5QwEUrd8F1Nu,0,0,0.128492,10.74
LQ4dapivhof4HiPSx5k5RjdSVkYs5j4ViF,0.17966638,10.91,0.17966638,10.73
LXenQKPx7mqZf9kHXt4K3s2J1u6E3bZMbq,0.16012027,11.02,0.16012027,10.72
LMrafL6xa4w3ERUYy1Fek2PRwJnBa25fse,0.16151211,10.92,0.16151211,10.71
LN93ftuhA5qzbAYsfVQLjp5vUkmfohZbTv,0.16078563,10.69,0.16078563,10.69
LYMbDHHPXXxRGLUxBqnMdz1SML5F4xfyJt,0.17280379,10.69,0.17280379,10.69
LRTa6WUiRPFPFVjKY4Bp9q3fu8AZyTGzPW,0.12140833,8.98,0.12140833,10.68
LefhJCc3VCXwAgkYbtQFxKAPc7Dj21RUpG,0.16,10.78,0.16,10.68
LP1tWRnbpPH7JL5Hpmsx1UkmNwwSuLwhQ2,0.13268999,10.61,0.13268999,10.68
LWMycBi8PtTnnXUAUuLDZrgdWYZJ71r7CN,0.11789435,9.25,0.11789435,10.68
LRJ4ifYoTtiw6K7aDXUEtxKhh6UHzYe73m,0.14398853,10.03,0.14398853,10.65
LLGokWSXmDHFsWG2hU6YNfAfG2PayYZYuK,0.14761511,9.49,0.14761511,10.63
LLvUZSd5CM45YChkMYAgxZg8YQD2SzaTc7,0.1542976,10.62,0.1542976,10.62
LMegYG8WiBUAu3WPcJGTw5Wmw55ucL6Uz6,0,0,0.147345,10.61
LbynFXnFnVt8MWqQr2wbTMfnfiJeHZ3wxb,0.14693262,9.84,0.14693262,10.58
LhZYnQ5ojpm4pY3uQnHdKVgaKXegCcVZKM,0,0,0.131246,10.57
LVmhQRZzNxCiEpn1kzc6w3LdADiAFy7Fji,0.12,8.88,0.12,10.56
LeiLgWrJpfZUitVF9ztto5fobApVvpyFJ9,0.15101156,10.46,0.15101156,10.54
LgaZP5YEzSuJamySQRVZMvNriw542kpZrk,0.14273588,10.37,0.14273588,10.53
Li4tCHDGbYZv5tT7ETLrPyN39agqhS73xx,0.157,9.74,0.157,10.51
LbyThseRnLrhk3Gh3F21r3NQvK7mVCvsLE,0.11934036,8.89,0.11934036,10.5
LYaxLDfiRtFTEuqFcf2G1A8ddHTtB3FLfh,0.15035253,10.66,0.15035253,10.5
LKwtkmSSvmfefWGn8TVr5fqaipkWpE4RUz,0.14030878,10.27,0.14030878,10.48
LX4yNdQxtTiBd5fEnkYjGzxSs61RRfTADU,0.12238302,10.09,0.12238302,10.46
LffjSRx7ngyXaQKJMV6RC4ycSjLV1tC58A,0.12424074,10.46,0.12424074,10.46
LhXfvNN8VZnpFR961EYCHuT7GHqrMdYEYk,0.14653642,10.46,0.14653642,10.46
LcStrNr5hrpqS5PrGV5neZhy77A7ZCEi35,0.11534867,9.76,0.11534867,10.45
LScf8mLyKkiZn7xv3JCTuJKzL5XarQKmEx,0.153,10.34,0.153,10.45
LSFSVnSFLZHHEXUwfif9eyZEyJq51LLCNa,0.13491526,13.16,0.13491526,10.43
LLQ4UUP5rPJ8KQ4SUEVDsZmWjqiUxTS9M4,0.1346961,13.91,0.1346961,10.42
LaNTTCy7YLFRJ5aSZs3TxxSZF7xLZPbmKH,0.13467649,13.14,0.13467649,10.41
LWDq8Rav4Ub4XhjBsRcfqyUvNbbMNY6pdP,0.11484704,9.58,0.11484704,10.4
LapAr5Z2DXvGjxMU1gbf5sBhNtrpUjGPBH,0.1299,10.4,0.1299,10.4
LQuUK7beXuzbxf6Lb6ywSwUsf7kwaVc5CZ,0.12159861,10.03,0.12159861,10.39
Ldm7iFZJoEp5Q9s577Rf1riBr5rjt8QTpy,0.11459698,9.56,0.11459698,10.38
LhQMjPFjpo7cwZtpcHyHKGESbFtFXLdPU2,0.13402249,13.07,0.13402249,10.36
LaKyoUko57QfSGUY4HJvWt4Q4avBmekkeo,0.15672404,10.07,0.15672404,10.36
LcBq1x35346oSx8A38DhwnnP9hsNYhKWXr,0.13996012,9.89,0.13996012,10.35
LVBiGavC2iKUbKNN3wc7qgeNpWqvBZfu1r,0.1399,10.22,0.1399,10.35
LMZm6XTVoarBd4CwxG6Kq2Zzk88wJx3SfG,0.12380944,10.33,0.12380944,10.35
LUFzQ73Do4iJQoQ9eAa5yJCym8j6Gid7ZC,0.155,10.15,0.155,10.35
LhyVJGAhvUBtMC8R8qaBVCkiwNLGJF89aB,0.11419435,9.81,0.11419435,10.34
LbUDtgT86TqPR7AcTKz8JvvUJVq6pB4mLP,0.13985113,9.88,0.13985113,10.34
LLn5Lm1k4amyNcZ7SVZbZS9ijNxxfo6W9y,0.1397,9.61,0.1397,10.33
Lcxynk194T1qQBVnDjENwAvt4umAHjyuDc,0.12789105,10.2,0.12789105,10.33
Lc9FJK4atEEk5JmU5DdNcdk1A9p2X29F4N,0.12699435,10.33,0.12699435,10.33
LQQsjFG2nDB4DQHNbSqWHF4ioqWuxcWFuL,0.14433064,9.86,0.14433064,10.33
LWaWWkwWr472EkLEZUNbgSJVN8NYMsDari,0.13345125,12.91,0.13345125,10.32
LQgtBbt6raticj3Ho3BcjrDsGgFXwXPBRM,0.10581981,10.99,0.10581981,10.32
LQJFdixGENZiS7M6QCL7GRyM3uPxpE59rZ,0,0,0.14076,10.31
LgaGEutSJ4E1ufKDSVxQBDxoK5Fsd2MEMW,0,0,0.145987,10.3
LfDCAd8JCQaPL7xCtAkk8py4yjDijuBVKy,0.14251191,10.14,0.14251191,10.29
LLx3dybqjgyVA89u1YHk8jJDf75c5DvQua,0.13910802,9.73,0.13910802,10.29
LZe5B658fVKNr6HxfZt8WQpQbcqwHuN2Fk,0.14380988,9.87,0.14380988,10.29
LSMhnFdaBzDw7DaNcBEj9bptFfb1PYb3i2,0.133,13.51,0.133,10.28
LTgR46vhj9JKvjZiy2hvHLGw7DsJXar76v,0.14572638,9.84,0.14572638,10.28
LYViTjc5mKnz215gUmHrZjFpNawRmbjhEz,0,0,0.149417,10.28
LYcffnmjRxWggfF7NAReLBGwnrARJhkbB9,0.14570207,10.03,0.14570207,10.28
LVqPUFYrLMzC5k5ZBaVvXJ4NNP9appNoBt,0.14516829,9.81,0.14516829,10.28
LdvJd8epZDyuuBjg9eGD2to6oWaG36fvGg,0.1132878,9.66,0.1132878,10.26
LTeDyQXzzAwKLFD39U5c5PQ2ELuo2Vj1e8,0.14334153,9.84,0.14334153,10.26
LepKvNDhGn86QyARUzwwe5dps4pURGokbp,0.14,10.26,0.14,10.25
LZbD4D95xsADehAUVZ8Jo8Hsccubmt82qA,0.12976901,10.27,0.12976901,10.25
LRmgYrpt8c8FcpWE8LcJiB6SY4hzGBoZKt,0.11621675,9.74,0.11621675,10.24
LNYapkuufRaiJL7e45rBFZ6jq4w8CzB42n,0.14162516,10.08,0.14162516,10.23
LKfheYWTUL2aQa4Pb48aquAqHTS6ueRNAv,0.16223272,10.72,0.16223272,10.23
LRuSvHGizFnPdLK2NM3ozvgsHFhKEA8X5k,0.15311846,10.33,0.15311846,10.22
LRu16RikKNcwchXquD7ZWfTNXow4oZXYaY,0.14140973,10.07,0.14140973,10.21
LMaArSrgBwvCjzGETMFQY5RGgzfvUxTbbJ,0.14963761,10.19,0.14963761,10.19
LXmDBwtRQWf1xM1bFCpRNx8QYRSbGfM4o3,0.15416001,9.83,0.15416001,10.19
LM2pEhuV3SuCTFMyrLAKE6L4Kh6wRSJpmA,0.11924205,9.83,0.11924205,10.19
LW19uKkv5rLbyzPN6DshEaMZDNj5w9Dz3F,0.11573404,10.93,0.11573404,10.18
LewNH4g727EgiAk9LwDU649jgxvv9s7Vg7,0.13505366,10.12,0.13505366,10.17
Ld3HeQkRyF49qbwLaqai8cL7hBUbANBSUe,0,0,0.118824,10.15
LXiqtVfqi9hn3QYtNFpNx6N4dLD17HzFZa,0.13126286,11.3,0.13126286,10.15
LNuavcU4rbMJccXW6mYJbtTvdqZZs6ZEEa,0.14237413,10.38,0.14237413,10.15
LWCbCuRayzbfEqPSBGAjymNSJMJQcgG8d3,0.15512574,10.13,0.15512574,10.13
LT6eNmuynQnGqByfX6F57e42iGdXAEoSfG,0.16959597,10.37,0.16959597,10.13
LbkcC9ZTRJEHh1jQQo5ZPkoaSCw2PwUPvV,0.13088705,12.77,0.13088705,10.12
LN6w6xbC7VbVgfh4RUTFzjBm5kCLZFQnmo,0.13644232,10.19,0.13644232,10.12
LUuEBGnbVSxbH6BeKYXYmLxzSg4oqSnM3g,0.15949372,10.12,0.15949372,10.12
LLhfDu4uSxoJ8FwTkrHJTWshVJ5QZTMihj,0.12,10.2,0.12,10.1
LNUfARSDtnMcpvMhuREBtfUQckeawXbch5,0.13615462,10.17,0.13615462,10.1
LREhDb8WDKFushniK9Asj96jbLLUXrL6HD,0.16295903,10.66,0.16295903,10.08
LPqFp6oK73CCqChbFgT7Vc3y4wRmQktnAe,0.13740381,9.76,0.13740381,10.07
LVbmxZo6Hz7VA8AMBy5TVq254XXzsjXN8x,0.139859,9.18,0.139859,10.07
LN2ceww8tQcnAJyE4kSwgpUU3tDo361QJo,0.16249016,10.63,0.16249016,10.05
LeMv8892KbzBs39qYc4bb6TH4oWzLFw79a,0.12034381,10.01,0.12034381,10.05
LQhZhvwirtDrxstCpE7qU4zB6oH6kccqXt,0.14413329,10.75,0.14413329,10.04
LS97Kt1ZiFxvprGmSFLmihT1pyqY26FVgS,0.14027739,9.9,0.14027739,10.04
Ldvr1FaeEo8or6UQhidv28TrUYYdeL9uu5,0.12010569,9.99,0.12010569,10.03
LRZvWKbe2thmeB5FWXp7WTvLQc1nxMtbWZ,0.15629676,9.91,0.15629676,10.01
LbMpJxuqQZiPEJCpNXQxcUgWXAqLojPzhb,0.13530449,9.68,0.13530449,10.01
LMgmGt8vHKXNMDf3jcNXRscujSsu1E8B9s,0.15298243,9.85,0.15298243,10.01
La6SqojKNkWFp2pKHvb8MQzPJDBrUKtroF,0.13526247,9.32,0.13526247,10.01
LQUWi2Q2PUJt5R4PK2w8WcVX64uWuqNSpj,0.13939115,9.95,0.13939115,10.0
LUz4WMxDoJ9Juh1dsRBHgxwji47XtUnQvc,0.13553491,10.0,0.13553491,10.0
LawsbMGmqedn7a6YHdA75m1fzobuNfwn8u,0.1399,10.24,0.1399,9.98
LgDtuFhywudd8P1xhuAeLRwxW7PHFoEAZb,0.1349705,9.66,0.1349705,9.98
Lbp6twA5xJ3as1LKdEwQnBbB28zq3JETE9,0.15,9.97,0.15,9.97
LgZBVGQKq35PLhb8Xi7q7zqmWHpNcBWTeb,0.13971215,10.19,0.13971215,9.96
LQogsFLs4fSjP9XsQ4DVpmj7PA3koNAUYH,0.14581415,10.03,0.14581415,9.96
LWNXhnFXJPRDtGUy3Mejc62GHvHvF2LkCq,0.14261261,9.88,0.14261261,9.96
LTTVrURWH6h2drGEVudzas1uD1fdcwr1pz,0.11293987,9.46,0.11293987,9.95
LUHmAw1dWAp2JgnZjFZvxZtdZz749CNmsz,0.14557457,9.83,0.14557457,9.94
LTjS8piVP1pfLFMHgPkNe7twUaA3Sk8KvH,0.11688184,9.45,0.11688184,9.94
LXofckZ2avs35AJNRHCTUKGWeu1YP5TKMj,0.09305133,9.23,0.09305133,9.94
LLSbdo9AAVhy6oANmrFGiAPLLfneWBXQ9B,0.12405409,9.95,0.12405409,9.93
LhP5MZKZ8k5H2DRKPBtyB8294w6isrndKp,0.15762476,9.92,0.15762476,9.92
LhuJuZBEgJQE6HRppv7kZ58tBN32k5DeTa,0.151826,9.84,0.151826,9.92
LQ57XFfbJDPbfnRRrZ585ivCsjPR7xDLi4,0.1219414,9.96,0.1219414,9.92
LSUtbZQt6SKMq7eg5EWEARtxqHqaHR4Vcb,0.1227295,9.84,0.1227295,9.91
LVe3dxxVjj6rvtT7NUJTrJgFYJtoabjcy8,0.14853293,9.91,0.14853293,9.91
LYEPWNMC4xstszPW7LXha83g6rUB35p11i,0.14839053,9.95,0.14839053,9.91
LS1XNndB1cTBz9eAZY6MXNcMcCL9diQnpb,0.13251733,9.57,0.13251733,9.9
LNrCSw7xnMsUEAzRXHAugE4FcnhBrGAm4D,0.1216274,9.76,0.1216274,9.9
Lh4zCjtdffqzX9J4gpKeLn4EQTMUdAGCFW,0.10919435,9.8,0.10919435,9.89
LQcjBMC6kVCc2pGq6RXmpj5ncsMemNzqt2,0.142757,9.99,0.142757,9.89
LTaFZkVMU1R1y4RtgqZe1zYhWKUGMutjYc,0.1215924,9.93,0.1215924,9.89
LekdxrGVs8p3rkYnmki6zMm7MATsftkk8e,0.14515802,9.89,0.14515802,9.89
LYq7AvXdgQkkw6SFqZzUg24ZRqXvXac4ya,0.14119517,9.92,0.14119517,9.86
LLYFCoeiq3JVFcMiJiUqCdTY4uXefhQzsD,0.156526,9.86,0.156526,9.86
Lg6ZQ9ytLuLgJWBVUfxZWzFDequoZN9F1D,0.13644624,9.88,0.13644624,9.86
Lb9emvraSTagyjemGNdqrocvtfoncX2xTn,0.11198663,9.18,0.11198663,9.85
LQFBywaUqucYeAfpPuTAgaVxceX1ecF6Lv,0.16493807,10.02,0.16493807,9.85
LYMbgCz6FuvR3LYygmSJGhfzUp2kfKFSHU,0.1475056,10.58,0.1475056,9.85
LaLoXDBwbwsUJxzCpggDo6j1duYNHLuJVX,0.11787429,9.84,0.11787429,9.84
LM5TqhNneQfTPAcwx1TrDp3imMhM6fkz3h,0.13172987,9.65,0.13172987,9.84
LKpvmZfLjrehKijyy5sNEPsuKbeNb2V9xC,0.1226671,10.19,0.1226671,9.84
LUMMNr4bjnND3EKMBdfNeX69dh6wbBkjX6,0.1294,9.62,0.1294,9.84
LZ6M5ym5JFtUgfwzD96UAdEFNedk9T4WPb,0.1208842,9.67,0.1208842,9.83
LR3fLxedowZShUzKohXEvjqcC8WwEfVP8Z,0.10076747,10.47,0.10076747,9.83
LPLmHyfwxXXQe1myAocNNm1qEuAngPyZT7,0.15009705,9.8,0.15009705,9.82
LeeqW1oJvEvC2AV1MevGZuwYf7VBssa2w9,0.13992424,10.03,0.13992424,9.82
LRjUxTpXd3cpC3RS26b3mtMGSvW13kfYqV,0.14998919,11.41,0.14998919,9.81
LdNw1DgrsXAm7HeYqEVTu81j82jvNNZvo4,0.13180543,9.8,0.13180543,9.8
LWVSCixKaD1RVkgvYHbqPUp7XbuCU4pi1u,0.10811409,9.79,0.10811409,9.79
LXihZ1P8KGuNbbsou4dPrVw372D9vmy3D3,0.12427503,10.02,0.12427503,9.79
LhzZKPLMrK5zqCgUscoT4u9HKewV4VZeF9,0.09955536,8.51,0.09955536,9.79
LVCbPzGRQhPq3reqNttL4og24srLxW2ojC,0.1209305,9.77,0.1209305,9.77
LatxSYZavLCRhjLqGdatMZR16NM9Y2pb38,0.12632144,12.83,0.12632144,9.77
LZaxRD1vMeb7yMX1KBxjJ94368EbSPvSK8,0.14197457,9.77,0.14197457,9.77
Lb8zhFHeryU7ZRFNqFwWyvoZYH4spFcZ36,0,0,0.136283,9.75
LiUxgY4B67g1VvsTHxo7SKt8LveaZaGyHL,0.11469482,9.65,0.11469482,9.75
LP9CxFCwAsYrrPuewBMuugoF8vzfndQ3hw,0.14899435,10.74,0.14899435,9.75
LXT7Vi6NqQkvmcJpW5JKXSU4HjjdbdCJah,0.09279931,9.74,0.09279931,9.74
LgN2mTyW7s4KiAZeVuqhNbgbxPPBRJEPfu,0.12055762,9.74,0.12055762,9.74
LXKDXNKG7dPMM46eCR4ufrsZrYruGjLNyB,0.12174167,9.76,0.12174167,9.74
LXncjPqESydTaBTKzRbCoDY85wSkweug3a,0.10351453,9.68,0.10351453,9.74
LVygYGG7evAfBU5sCwnyAnH7SieVi7k9iD,0.14300575,9.93,0.14300575,9.74
LLGgHBUNTZHfEZscuGGUFmgfiJb5qj9ECL,0.1345417,9.54,0.1345417,9.72
Le3RCempLzUbDqdvsT9H6qUPFXABDWqad9,0,0,0.135702,9.71
LgFC1JrjFy88PtgLwyL1sLh19ruhbVQNnv,0.14854977,9.7,0.14854977,9.7
LchLebxfBTCRVYSLX23QtQq2aGTM74pkkG,0.15,10.44,0.15,9.7
Lg2nkciHsQSr7RwuB5FomRWnqEwxxD4Byh,0.13551568,9.59,0.13551568,9.7
LRwrhpD6bhujEQMik3pPfUzoFTnNSendi1,0.10799435,10.16,0.10799435,9.69
LMiiTaMZcWToW1nxdFgZ6orGiCpTuES93p,0.13453587,9.82,0.13453587,9.68
LaWHPtHLmRMndxUzmuQmdcz8QNHDk6WFkh,0.1537,9.96,0.1537,9.68
LQthcyDB27QofnSt22cT4RC7rihcVDzMWE,0.12499848,12.35,0.12499848,9.67
LXgwJBrVyiYXjUPfgiRYV7StEbPcqPLpnb,0.14908028,9.85,0.14908028,9.66
Ld79VFvTvf69zdqy4dWkMMipygZwtRG91M,0.10654438,8.96,0.10654438,9.65
LLnhCfdMsWNUwcDp3cnYWjuFCByVaju1DX,0.1568,9.65,0.1568,9.65
LUZWxJrsJHib96TBzfM32vu8XwxkBMD6rU,0.14432578,9.88,0.14432578,9.64
LNx8msWGq8C4RN1aUYX45cMvMxJ2WCNakh,0.135,9.84,0.135,9.62
Lerj3BJAPTrjjEvFq2LpggjJT2YeEgCtZj,0.12434839,12.59,0.12434839,9.62
LZo4nhpge7MnYtyMBz1WFX56ZJs7i4EApX,0.1368,9.6,0.1368,9.6
LbtAUDWNiK4pXbUnkx4qf5VEy8TtYaZ9FA,0.13073821,9.44,0.13073821,9.57
LTBLcBCEm7a8YqxJyNBRo18Avmt5QXrCq5,0.11485727,9.76,0.11485727,9.56
LPm3jQpfaUAFt37pZuDFk5RfDxG1NFgtr7,0.11871847,9.99,0.11871847,9.56
LKde3EXqYcMXbRnFwt2EVnuxda8idxqaW6,0.14599435,10.52,0.14599435,9.55
Lf3VyES1i8qVMoeMG7z1g2SaCVMntdy1gA,0.11693035,9.38,0.11693035,9.52
Li7STBdNJuxosm3cPujakcyf6ZZNj46Tmq,0.132866,9.04,0.132866,9.51
LaQ3ajMMgeqkLLMbmZcrvHsmy5UwDumK3p,0.133,9.61,0.133,9.49
LQBv79yDmF7zxbkJrm3TWk2WA6BiH5LwBD,0.14746954,9.63,0.14746954,9.49
LU7EXoa9xkNdS73d9A17j9JEYCPG2HTJsH,0,0,0.104678,9.48
LhThY2PiJjq7asaYF8MAxdECTZfDiEx5Ur,0.11814418,9.47,0.11814418,9.46
LawNeXWSzUcmd9XJjXEk9ppMhpP4greYKD,0.12857881,9.92,0.12857881,9.42
LL8ZCFqeGp1g9aFeD9uDMDL5iT8Q8Qp3Vs,0.14412573,9.42,0.14412573,9.42
LNnxWZL86jSewumcdHWrEuza26pEUHSQf7,0.14101207,9.5,0.14101207,9.41
LU2S5G9o2VEaa4EBZygxWSt9JF7w8qNFGy,0.14218051,9.14,0.14218051,9.4
Ld2xebsPbzBUD6gaWxf45a9EgRVhetN4HC,0.11627301,9.46,0.11627301,9.4
LhvEwZThoaeAfcqY9jUUgTLV4nMUz2vnAx,0.13209409,9.94,0.13209409,9.39
LfboVmhXjXTb15YAQM4AKofzFs5WttXexq,0.13117621,9.0,0.13117621,9.39
LPHY7skLVcQhnGq2eC4MNkVZfYpN6NxYfU,0.13434631,10.02,0.13434631,9.36
LTo1ySCVq8YQZKUaJwLMTzcWBUiXxwzmne,0.12128243,9.52,0.12128243,9.36
LMgprXcUCDNxCXjb474HjrcMonmMuXChq4,0,0,0.109335,9.34
LZ8QyMAvhpQ4JrfLmrJiGSLHVXC1UqCBdW,0,0,0.139891,9.34
LTKXvGiqsR9wh4FBKS7398YBKdcdB821sP,0.13041588,8.95,0.13041588,9.33
LfQFy5PkwjPRJxLxCTjWwQevpboCXwmY6m,0.1227,9.33,0.1227,9.33
LLzED3CnmyshDVu92bSGN29SviY1QsA37Q,0.12609398,8.67,0.12609398,9.33
LhRngtHkwmjN3L126pWsTiyJePMvQS6A3W,0.13832362,9.32,0.13832362,9.32
LXESMVFTyXx2dx2acXTqTT7Xoug1DZArkL,0.12710069,9.03,0.12710069,9.31
LX3rc8txypiq5FbdN3GqfTQBMJf4d85eDD,0.12705663,9.04,0.12705663,9.3
Lazurj7NNHDyvNqfijAT2yA1nZZStatsXc,0.10339054,10.08,0.10339054,9.28
LVHwqSnpNV8EpRzAACwPW4Nf69Y7gjfRn7,0.14147108,10.2,0.14147108,9.26
LXYk1W88gEKVh9RFKbai2mY3F265XPiY8j,0.105,8.91,0.105,9.24
LPNi1BCLSZQTSFcnxY2sjx8EjdMaodYwGW,0.11956573,8.85,0.11956573,9.23
LZLbAk324iBVSNh2T9So3nRV86CcnY3e4u,0.1499,9.21,0.1499,9.22
LXBtDhYutM3Cja5VJkfH5WsU6D5F5m37FA,0.12881146,8.84,0.12881146,9.22
LNhXemuArC39LmJgwvvzgUdyLDb4myFCVh,0.12802363,8.45,0.12802363,9.22
LMXPMQYeTptbjyfXUSShPyc4g1TuowEdEX,0,0,0.133408,9.18
Ld3pMhxV5hXv9iNorVSLNxwdSjGwA3UvmF,0.12051129,9.16,0.12051129,9.16
LZSKox37mfJmVqiuxrLmqaB3kwCNCZi5Mn,0.1224,8.84,0.1224,9.15
LawABJnFA4R6gegUTzrmdpP6AnFiTkwh9U,0.1309869,8.82,0.1309869,9.15
LcGvL8LGbm39PGSParWJ9wCNC1de6f6Ev7,0.1165,9.15,0.1165,9.15
LULUAGXto7tpxde5hAtSQ56x1GupjZP7Nf,0.14104,9.17,0.14104,9.12
LZzANkDTsvnW25aANtsRFWkLGL7gqM96hp,0.13656252,9.34,0.13656252,9.12
LSe9EaX17hUmmtvif8b7oQT3gxe48ntprY,0,0,0.126975,9.11
LYEEmyqmyKwB3FBo6agVR9HwkNVxL6xLLG,0.14081433,9.16,0.14081433,9.11
LMasVHf1CMN5p7Rb5ip5rDsF5gGmKXo2jw,0.10887316,9.14,0.10887316,9.09
LMTTMhmb3NZRcxNeZZnBmhnU2RubDkvmts,0.14122126,9.23,0.14122126,9.09
LdmenRHmBoYaMRqEVj7kxWFCBufs6MXg43,0.145104,9.18,0.145104,9.09
LhWLTgmyBisr5d7t356v6YgcaumcWqT6Sm,0.13665895,9.09,0.13665895,9.09
La4HFDW6ggidJkwGFVfHkXV8uaP4rxq8Uk,0.13006569,9.01,0.13006569,9.08
LXwHeeBVvgfJ7QkRoncSqXUoyFAmdUqrPE,0.14451011,8.98,0.14451011,9.08
LKQPfTKZk5VUuLgCWK6HUi3sRJ8DSDzTd3,0.11319434,9.45,0.11319434,9.06
LhiFfPY2hRdzNukyBVYTypgS7bBNPkkJLQ,0.10845987,9.06,0.10845987,9.06
Li7binqdz5x4n3uL7kUH6XSShfLhBEgEb1,0.1265052,9.05,0.1265052,9.05
LXSfSLJcfMWVyG76vvmYE19cvZvpauNwBX,0,0,0.116977,9.03
LYmRo72zQ11kvHFT4MAuzp1tCTsGgPo1i9,0,0,0.126452,9.02
LbGZuvZohaHPbaXi3T3Eex9iBeUMswf9XS,0.14663951,8.94,0.14663951,9.02
LLnduZyukAgRpmBJT9uu4B3HUVQpjykjzS,0.1474078,9.01,0.1474078,9.01
LLbp1RQ9srJfhpfNz48aNALQJa28ZcAYrS,0.1,9.72,0.1,8.98
LSQNro54SkfsANSu99JnjyxHZfABFtT5qv,0.12505546,8.73,0.12505546,8.97
LLkRqW7MaB1zpYRSQL9P7UdDTJmzpBnF3K,0.13926704,8.85,0.13926704,8.96
LQRXa1ibHAdPvxZGPDzFrTggWnM7pRw5TL,0.12555161,8.96,0.12555161,8.96
LRJto9U9WDh2YU6snSNct61nJkM6smQDVN,0.13356275,8.72,0.13356275,8.94
LQoar9kYP8k9pLmYBCCMGQQHeNPnyRzBWh,0.13494134,8.61,0.13494134,8.92
LaRSLv2Q7MNaK63thz1BzGqpAcV85AJQwm,0.11033041,8.97,0.11033041,8.92
Lh4U9YEdAWwB9rDWEW2DJ3YW4UYaa5tJKi,0.10680676,8.89,0.10680676,8.92
LZ7N6aPKiWE1rzPx7VBorqiDwjnLLRdcRv,0.13488012,8.6,0.13488012,8.92
LfdEHP3b6V8rBJh6me3QHU22Z7774JuHBW,0.11541195,8.81,0.11541195,8.91
LRA4Z8zmN5WmVJgkd8pYSvE5Yk5crcLsrq,0.12395845,8.84,0.12395845,8.89
LSebr37sxHWY3zoDYCRpHkVRKVrKvFnChh,0.115,7.96,0.115,8.87
LWpKvrBHXwauokggKhugCy2Z6wQf6kKxaw,0.12664865,8.77,0.12664865,8.84
LPbJK72fq41vPSzybM8ag2hTipczBQRdJb,0.14346741,8.81,0.14346741,8.83
LgU4XQj8aZb5veBrgqAt7EC4Md29rc1VXV,0.14077704,8.9,0.14077704,8.82
LKaFc8ZSDo66p1GzVtLAB9EWrjM4qtz6vC,0.12279712,8.53,0.12279712,8.81
LPUM5JdKXCDNSsuhmnam8YaQn1m5EpePPM,0,0,0.131959,8.81
LatGHmzzmKu5wTY51MrNNTSpauhoag98qt,0.11,8.82,0.11,8.8
Lao58kQKnGZLYX13BLSRiy3fFDBZVndFas,0.119,8.2,0.119,8.8
LLQ1uLNDs6zSwaR2YJG2zACGMKjWpgjqSw,0.15096827,8.79,0.15096827,8.79
LgWUKBX7VNzCBKpwRfXjHXfrBUBBToyDDS,0.11762508,8.94,0.11762508,8.79
LdR3j4qQcZmUozenagexmiEaJjmr5ahsCS,0.14064386,9.09,0.14064386,8.79
LSnWj56wKg5iv4DxzJd4DSEVV8jcadf3z1,0.11139535,8.98,0.11139535,8.77
LKqYZ8fPuegmajhXA4vtPPR7P1GKyTbxS6,0.12204,8.93,0.12204,8.71
LePcZfadeDR3gi84CfdVEVs8v4e7SEXj8J,0,0,0.117935,8.7
LgkawffdQnxcDszCi7PH2u14s9HBkJnaqV,0.1367,8.88,0.1367,8.69
LTtqG23mMTj2bBz44hXdJSF77c43QEFJTT,0.12947751,8.41,0.12947751,8.67
LNcY7dLBk5jqsFzSN9zRZ1tmEbiWp9gMag,0.09526564,8.01,0.09526564,8.63
LTRVv8yfNPtaaYc9PZiYjgrn3pQcca1owW,0.1288,7.99,0.1288,8.62
LM9SWWz9FB6W7D8osLQVWAk7EH69gH5wRh,0.12311507,8.44,0.12311507,8.61
LSeK99MYn138v3WE8CFRieTDhbrWUT5nuK,0.10356796,8.65,0.10356796,8.61
LMSbxJgxpyZKAg24cjRjdGJinStSh9ww6r,0.09775915,8.6,0.09775915,8.6
LN1vpeJ3uL6MERNQxZtoQ7Gb3YAhChHNnV,0.0948408,8.5,0.0948408,8.59
LP9q7DZRewfWF93gFso87p2Atb9JNQj6V2,0.11598049,7.98,0.11598049,8.58
LgsES4vqMTnQ1rCtXo4yQ4vvce1ahwJccL,0.12796861,8.37,0.12796861,8.57
LezXu5XbGFy2tUS5uJjCBdn2UQde5hJDPo,0.13067688,8.08,0.13067688,8.55
LWp9UpNVDP5NddhZAzYZvM6VG8U4RHRVL5,0.12741277,8.58,0.12741277,8.51
LMfE3Wjw6gQ179XGC5kpVzuhtP7E8U5Bfo,0.1,8.54,0.1,8.5
LYdSRQVD3bK8gd5bJbQ5qDgALcmDUuwWPM,0.11894283,8.49,0.11894283,8.49
LRtfxrTrrRUX88azt5PbEcDj74cAKY7uV8,0.0777733,8.48,0.0777733,8.48
LTvm8Y5AQBuPNferJvcsend3u9s1cvsyqK,0.11560607,8.37,0.11560607,8.47
LSQUPGDSygb6zwvgCUpJWe9PfgyRYroAu5,0.12297441,8.46,0.12297441,8.46
LNewnJYWh8KqjjTysisV5ioSwnH7gZywWT,0.1049804,8.97,0.1049804,8.45
LMnRe6PVqdWtucWpouAEiyXBM9CYx7uTub,0.126578,8.65,0.126578,8.45
LLNYoiN71gvFrRUgrY5nD5ruNthJYLj8Uh,0,0,0.126424,8.44
Lagn2Uhr5FyQ7VGvedYCQZG4GRdpWj4bz7,0.10480613,8.82,0.10480613,8.44
LLmiGikq9FApGpg6wvPSyahw7wUqmr2tf6,0.11369913,8.3,0.11369913,8.41
LWHABykPBSsdD27soNGQk3qEu2YgSXrmhC,0.10416666,8.3,0.10416666,8.41
LRdX4bAQzjXdT4PJsN9w6BuHjraEtYsSpy,0.105,8.42,0.105,8.4
LdzbesEtKsgd7Ghntqz4tVQ5TKpEEzsgJN,0.105,8.42,0.105,8.4
LNZaXNWegEMeQEEQ9m16AC6fwAqE3m4CFM,0.11620249,8.07,0.11620249,8.34
Lcs2JkSupJ6tDcmSGFoCe7DM7cbUisduYE,0.12749283,7.96,0.12749283,8.28
LbbwMS3rDSpzU44LPGRbQ83Z7ZtR4AKoae,0,0,0.112145,8.27
LWhBBY2gjJacmqupANcn6qHQyJm5vdubk1,0.0998,8.16,0.0998,8.26
LTLFBNccdYsaAkChYhosEHbX6gNUibh38N,0.11034465,8.05,0.11034465,8.24
LRPzzVQvZ3qJTZ2JkeGFFu6gxYcYCdEtb6,0.11445753,8.35,0.11445753,8.24
LYGTudCJqzCrscnsLaiG2eVSu6MBtJNmiE,0,0,0.093353,8.22
LRXABKWDmWDri7ZoNZJYzmJaCCQU1BuKAc,0.10140746,8.08,0.10140746,8.19
LdGyLm3uNS8k6TbJMurAzgcCpyMJXwLofc,0.10936216,7.76,0.10936216,8.17
LQFp9n2K7r8NqNurNbBHmxewWK5zEcz4EE,0.11343405,7.45,0.11343405,8.16
LNqcRwDKkdiCfpHicJ6Z693JtoidcTAPvn,0.11441297,7.97,0.11441297,8.16
LY8yZG95gM9hcDaXzoAkDpw9iCbm9N4Fm6,0.10878715,7.71,0.10878715,8.13
LPQDyddmmca7gm1DzpwT6UiP9R2KpjPNkw,0,0,0.112787,8.12
LLEw7xJmGEaMnPtoVNomTnzNR2aBY3Hn5x,0.12278591,7.91,0.12278591,8.12
LSBmHuR3sJCCXboqJGrUxNi9hDmXhf49Mn,0.12323367,7.89,0.12323367,8.05
LbX5viotdJhn6HkRwL3xo4AAcZ4uYp2Eoo,0.08175746,8.05,0.08175746,8.05
Lhq1fkCJFyZWBVc7nD5TtpJCLw2vhoGasa,0.11220804,7.93,0.11220804,8.03
LNkacPurkDoPasS3ES3BZ16C2giTc1Daka,0.10683067,7.99,0.10683067,8.02
LXggyzmqiT1e8ZTiDUWQCzjHNcpg7om4k6,0.09925021,10.25,0.09925021,8.02
LXwH9gudk9P21acNyz32xepyjYrh5495aN,0.11158503,7.88,0.11158503,7.98
LSSufCA9pnaCf2yv8tYQ6PhcmDWaK14YkU,0.1119484,7.98,0.1119484,7.98
LLkizFUZPm2q7brpcjcPQWf279zbsBcmo7,0.08464307,7.92,0.08464307,7.97
LhxqS2FvmvKFmd2WKf7twSUVQhURpics8E,0.10791224,7.84,0.10791224,7.96
LbVeMk2JzZfxhy8VZH6fDKS7jqS61gqYYM,0.09321578,7.93,0.09321578,7.93
LYrrUcLwe7YqFw4AxLPF8XURQPCZ59Kv9f,0.08998,7.92,0.08998,7.92
LW3Hb4DYqMjqVFbkXFg4EWCxs7yoTuTq2y,0.10032595,8.17,0.10032595,7.9
LTNMABthu83dL9oUTWS5HPUDmGdBcMzkxX,0.11316116,7.84,0.11316116,7.9
LZXAtboTgkDKgsfKtuAyMTGUJw6QpQYEJb,0,0,0.110756,7.9
LaX1Gnvt91TeZUuAMRiBfa9VbV3nzmxBLH,0.13188148,8.06,0.13188148,7.88
LdJivt2bomj8N2Nw3FKsfQh2bhRqXGUaMU,0.11249607,8.0,0.11249607,7.87
LR5teWWEm5JwbER4Fcdu7p89EkZ5tU5PxJ,0.12222602,7.77,0.12222602,7.87
LdXotJCMvgdHsMHouWCgAQUpqZRodfvbE8,0.111696,8.01,0.111696,7.84
LhEcmwqfGG1FVqo1wGcAeu6d9rGuHUyT7j,0,0,0.093729,7.83
LbwQCNbidif8ddmh5cxbWpnrDW19PPoY7u,0.10586145,7.47,0.10586145,7.83
LffLYHXHX8g282cVV2PjwEcWczbhB6zeoX,0.12445712,7.82,0.12445712,7.82
Lh5VSbD91UUtMMnzdLxE4zTM6Utc3RZyHo,0.09194277,7.82,0.09194277,7.82
LhmYjfiMv2oMLuAFruP76s7w9Qff95F1We,0.10562874,7.37,0.10562874,7.81
LQEaEPXsrDoHFWR7c4CyYk2CA9B93grwWr,0.09127331,7.56,0.09127331,7.8
LbLKSrgRPhaBr1visG19ModjX99N6psDTp,0.12023239,7.67,0.12023239,7.8
Lha113EXLRcP1c1p8f8N1ciXNP1cKznpRZ,0.1007362,10.4,0.1007362,7.79
LbfRmc3CXBk83kFx2PjeyJcXMjwiEriTA5,0.11707387,7.78,0.11707387,7.78
LNGSDMhYgEBgrbqhEWpYZhHyUQBzw7Cujp,0.12698827,7.11,0.12698827,7.77
LV85NwBj3VdvbdtfZErzg85PSLJX657yn3,0.10024542,10.18,0.10024542,7.75
LLy8ijusFX37Y4ta4JrS4SCYr2G2LsMuw2,0.09702081,10.02,0.09702081,7.73
LN9ub7GsXUsfc5TXdFMnpAt433koqEKHjW,0.10324267,7.84,0.10324267,7.71
LLWEw5ac2zMiZCtZZc1CtTcuHHLBa4Amwn,0.09518715,7.63,0.09518715,7.69
LhS6HyjUgJcr66dpUdpbkmkkvXQ349gTKf,0.09515954,9.63,0.09515954,7.69
Lg4SmURUP6v1uNKXaEeU9tDuf3UnzRYGfj,0.10694131,7.43,0.10694131,7.67
LQUsJf9DPi8WgW7LsCf3ENM7JG5iUtaD2Q,0.0941911,7.61,0.0941911,7.61
Le9zsfAk1gnzBx9vAj6X5BijvFbCoSUeEP,0,0,0.110547,7.6
LTvDwbYQSea7BhU5bVXUt6eeuq4N7B35go,0.10165427,7.84,0.10165427,7.6
LPz9g8wAe47SN1Gq8Qd8UR9ZzcSQVmbtWX,0,0,0.105857,7.6
LbGsTcKdkTCAjfL94SSCmU1XQxCERo2hTn,0.12057995,7.5,0.12057995,7.58
LKGBSa8M5ivQLbCmbVrubRqHkeg3jPEGBQ,0.09250694,7.48,0.09250694,7.56
LW1Xccb9p8mZWykS9kqsja6k7M8JkXahYf,0.1078,7.47,0.1078,7.53
LVuaDb1yw2PG6H3EXX6iSDKKzXV9A1QLZW,0.118425,7.51,0.118425,7.51
LbRcuaAAuwxzPzQQat3awivb1tCm2i1b9L,0.10447662,7.45,0.10447662,7.5
LUbKpTQt8tFYAdFTpgcE8At4dXsSbDNAbh,0.08317923,8.09,0.08317923,7.47
LWLWXDSSufxiZhhyNUMuDgeE7ohBUSCs5Y,0.08932063,7.5,0.08932063,7.46
LVT3jo6BVkoASEt99rMbeE9PEH3JDFYMrJ,0.08203561,7.05,0.08203561,7.43
LMBXwMf8PaacGyT5woxVVjKvGrV2oboyXC,0.09623727,6.89,0.09623727,7.43
LWSWHJyMvj9hYW1w2giANwkH4Sje9bjiE5,0.10271376,6.6,0.10271376,7.39
LaFJF6tBk7CJL3FRqdntXTUAzSk1JZraK1,0.09993377,6.75,0.09993377,7.39
Lfb8Z7fuHRKpzRtihtjzhwjkGQp3ob7CWi,0,0,0.099464,7.36
LRivdJfpzRCA4Nb4kcDbdEQpgG5Xx75PpC,0.11617884,7.33,0.11617884,7.33
LNgupuUbgfcnZiGBCTo9dvHpSFHoGcYLZb,0.08030814,6.7,0.08030814,7.28
LcT4f9iN8Vyhnx2Fp41dRgXgKgfAbSV3v7,0.10829207,7.77,0.10829207,7.23
Lauh1ra2AxgtpSmqR2vRECQygHoTYX6p7t,0.09047605,7.79,0.09047605,7.21
LPaneobZtDT9D9misLdgx1Tu16yFiQMKWW,0.10778946,7.73,0.10778946,7.2
LXfdUByUREKJD1sxspA1Mk4JuXjDiUstFY,0.08894269,7.09,0.08894269,7.18
LSVP9r9QTSBz2KJAAJXPcfCthQYDyUh6qY,0.08891962,7.09,0.08891962,7.18
LRo7t1motuC6t3R7vwmoUGn4HrMbLwSGsm,0.1078374,7.05,0.1078374,7.17
LYaiuTPpg73PuW8ipvuojAyaNqCsma9Exr,0.0969102,6.85,0.0969102,7.17
LbCBveZVjtdw2rkNW1sxvZUPNXvp2MQgz8,0.10734197,7.1,0.10734197,7.17
Lg4KRRi2RpFVMTvWzUzMTMq6Z87bnreZKf,0,0,0.104153,7.16
LdeQTzVyi6Sawfs9iEFQYb1fPj6idDeAJW,0,0,0.092653,7.16
Lh2KZh9vgUj8LbGVAFTyV81ufteP2ht7NB,0.1092535,7.87,0.1092535,7.15
LZQLiLa3nx4LnKmBjPRt657bd6shCQac1P,0.10863926,8.26,0.10863926,7.11
LZQ32F2qfC7hLGSwDwmhJ8bAVYjCrecg9P,0.1075001,6.86,0.1075001,7.11
LRH7W9g82x9QmweJctW3nBFw4VpWbBGxQ2,0.09589668,6.87,0.09589668,7.1
LUekgxcBnuTjMPLdnPJDwUfvZhdcXSufRS,0.10957265,7.13,0.10957265,7.08
LMwbWRAjjrMq6AnSf2BYRuc5zpwuazFUQT,0.1143851,7.07,0.1143851,7.07
LSW3vveRxqnXdyNjaVp3keDcxVVQFmfvuz,0.11227736,7.05,0.11227736,7.05
LdV8xNXf3MX4E1e2xnSyN2AEqbSoPwFa4y,0.08334394,7.01,0.08334394,7.01
LXhgZdoj5N13qSLJ4CjteXzoVC3ekP4tVU,0.10911839,6.71,0.10911839,6.99
LVucvTkupLRHu4xEtk2i34FReNy8AnUCrs,0.10514718,6.96,0.10514718,6.98
LeUr5JgsqHYHSwTMme15awjwAqMwLPdom8,0.10486231,6.98,0.10486231,6.98
LaMC7hd71nJQfiaspcxJAKum7R6E3heSuo,0.08638698,8.43,0.08638698,6.98
LS3vWxbPzQSbcWGHqPKNV7zxGf9cxnTftS,0.08163538,6.83,0.08163538,6.97
LM3tnAN9Lpdnor3qx2o1g3WPCEvSrghinN,0.0791942,7.18,0.0791942,6.97
LeDgopxA5ixqN17g4QSoGWDJvoGB5YmxRK,0.0966,7.05,0.0966,6.95
LYY5QxNiG4kyuibGrarFZhbkXiMSbQDPWy,0.08161688,6.87,0.08161688,6.94
LNgyPTYK7DPB4kgXh27L962AD2Lm2WxtrW,0,0,0.103594,6.92
Li7fDPuuipSuQPNsQuFzxowTQJMTeRS9Gd,0,0,0.08106,6.89
LRzoX3PEvyUn1KHoRLvz6NAzsoQKr45M32,0.07604065,6.89,0.07604065,6.89
LdQhezQnyG5NvfeQZ9phetJmhdG4myt5yw,0.09141344,6.85,0.09141344,6.89
LLzpcmZ6AYV88iTDLiEYDPKs7AkYu1q8mP,0,0,0.095552,6.88
LXAu4kqd7dZWgzo7uy549kYksMPM7nVhKR,0.0799904,7.06,0.0799904,6.84
Lh7ajRusUGVL7hEHG8uAWELVAx48QEqErG,0.09818944,6.95,0.09818944,6.75
LLoCqvdUsN3fW6RP2XUHH7p1DZTJ7Dg9rN,0.09759733,6.83,0.09759733,6.71
LWYWUkAVETNfSdoaAzgrkEn6TN7Yq5EV6w,0.08023464,6.71,0.08023464,6.71
LbuwVBxi67bTmXaEtbBiMXmfiYLbrMVPBh,0.0761,7.19,0.0761,6.7
LYkuTQF8fWp6tPkappc5RJjgGo3yYRuEHH,0.08482329,6.9,0.08482329,6.68
LSXXaBamN8b7c85f9UmHDAKKdAsD3kNL8q,0.10098797,6.49,0.10098797,6.68
LQKEzEStAFjrXRF4LAghyKp88KLunydAYa,0,0,0.089736,6.64
LZhm4Gh7b7xVVUyDTX48icFhkB8Eecu8Pg,0.07323419,6.11,0.07323419,6.63
LSyY8rsEHXmyFFXfmL82zYHZALa9ngki4K,0.07830213,6.59,0.07830213,6.59
LTr2LK1tNRcnVK9ZYLURHMyTrQuGYSF8at,0,0,0.081559,6.59
LZ149JBznGviHmzFdB2XhWA9ppAqn3s929,0.08871339,6.56,0.08871339,6.56
Lf18SXtKCSCQLnqyZ8nHbQa7zNMTZ71fbo,0.08119009,7.92,0.08119009,6.56
Lbatw8yCnNCi8EWFN2R5rhsqht3Rb3V44z,0,0,0.098132,6.55
Lbg8hS1cn4yWNt7LXxDbkd1gaqsLSD31ks,0.0951166,6.93,0.0951166,6.54
LaS9NG5gDNWZ68NwLQDfy9h4F6cVRLCcMn,0.08023556,7.76,0.08023556,6.48
LPuj3VjpQ6V9onYS88GeQavTJYBBg4Dwe1,0,0,0.096553,6.47
LPGQekQBKBdMJcGKqQJopTZ6oKLEGMuX2J,0.09056692,6.46,0.09056692,6.46
LTYXioMEkui6DH6MZBa6eZtDCC3istFrrK,0.09000167,6.42,0.09000167,6.46
LZWFQzY34iGQiR8iQ4MgRGM6oySUckkqgj,0.09881036,6.41,0.09881036,6.41
LXjKRrHR91TaRYAXFafF9ZscgQtQDFsixL,0.09097359,6.38,0.09097359,6.38
LNeFSarM54pRXPfvnxZJqccmB3sHTuWGSh,0.08599927,5.87,0.08599927,6.36
LNVVtCAVch3nBbwsW2QPU8P6UBKPgXu6G1,0,0,0.074277,6.33
LiPKJYteuEYG7TeXKN5z32ecaLWYVp2eDU,0.0847848,6.31,0.0847848,6.31
LZfLuubiTkKp8aZztUizsEEwJwhocK7iWB,0,0,0.07774,6.28
LXr9XgpGdHUQoowRaJKXZsNXJKgqwNxRVo,0.09080132,6.41,0.09080132,6.25
La5vZe348z8BjEpwxS9znzeSJT4bZSxDmu,0.09328275,5.79,0.09328275,6.25
LYnSU9oAY8MGN49bNjZY7xubF5xQo7dnbJ,0.09399592,6.04,0.09399592,6.21
LLHgxzs6EjwLdjKSECm7CVQCXz9tRNQhb1,0.08352213,5.98,0.08352213,6.18
LWvCdbPf8ab8UwtYpRQkTvZVdogbxcGNSJ,0.09333801,6.01,0.09333801,6.17
LM6nHxGFFdhnTBbrAzdtpsheaB68jXkzxZ,0.08305804,5.78,0.08305804,6.14
LXA69Lr8MA3XD3uRacsSd9YfebWrC9daNA,0.07124884,5.97,0.07124884,6.09
LfAzuy5n6723re8pUPcHdbaMJsFsEVx8Cf,0.07845599,5.49,0.07845599,6.05
Lf4K5mfPZhSBmEYCaocU2QCK9P8cw3Kekj,0.07471128,7.38,0.07471128,6.03
LT1Jatuiq81r5yd3FBNYK3HrNv9mmvKNqk,0.0579,5.11,0.0579,6.01
LRNYCVhifss9Xx9WTCTNJjkjVBXDoXvi6y,0.08738737,6.23,0.08738737,6.01
LVLWfbRbbXcScingmYYD5wSJAK91x9Efga,0.093146,5.92,0.093146,5.99
LPB96iXpcLnXzt9sbber6Z695E3F4hXDWy,0.08315389,5.34,0.08315389,5.99
LP28HxhApCuvYNcFCJL3WwQKvkf6wPiVBq,0.09334863,5.98,0.09334863,5.98
LX3vG6gQU9UPiEusxvmtCASm57dLngC42J,0.09275,5.97,0.09275,5.97
LZ7v8uE4kTv9e23i8SnWjQG5pAAMZTpgik,0.095,5.97,0.095,5.97
LiWkk6Gn7SNP6tn822W4kkVJ1VJj3HQ9kG,0.07130136,5.99,0.07130136,5.96
LayGTrYMv8LRdnXi5xJd5xCxnL9MrE3fgu,0.09158322,5.72,0.09158322,5.95
LRSaF15iEfknGvSVE83GAu4xBFUasGG84C,0.07114264,6.06,0.07114264,5.95
LaV6vYqpNTuu6iHCyLdiWMtHPuCnjGVKSv,0.07361208,7.45,0.07361208,5.94
LPWpsvyF9997hLqPgixbhJ2RtA5f3BVckv,0.09131634,5.7,0.09131634,5.93
LMfHTFPgKNEg1ZRdrbkPaETwVerAXEPx4A,0,0,0.079205,5.86
LLVsopgLvqyZFnHfXEWsMptS9Sdt28ys86,0.07301412,5.96,0.07301412,5.86
LXz5ZJJSfoZkNoUqKDWDyVWjZqNcuhnscy,0.07248393,5.78,0.07248393,5.85
Lfj3oEWV3jc4e8AZeZ3XRsAAzATQWbCyZu,0,0,0.079001,5.84
LiXPynfpeMzi3HouD9tGG8iz2xf46SYaLg,0.07883224,5.42,0.07883224,5.83
LbhcWUgVRf2oRHKbCnYeqZrV896537RCfW,0.08958992,5.92,0.08958992,5.81
Lc2e8vEKcLw3KcEETGuoxxzTovDoJ1b4KB,0.08954987,5.92,0.08954987,5.8
LXZzTw2CxG8UZi3sP5subjSne6xAQwZwmb,0.08996212,5.97,0.08996212,5.79
LVJefbTh7Ai8UxHroaKtn7z8f9o4CSVkwD,0.08988014,5.96,0.08988014,5.79
LehnfQk2gE9zoW8LToFKK5x4rNwPzNsNpt,0.06345737,5.51,0.06345737,5.75
LYCVqahuihRwXu1CVthdVfXmxtbJjJFqpD,0.08915706,5.91,0.08915706,5.74
LZf1gXRfXrWdpTdWMtXWkDX2suH1cp2dzu,0,0,0.070432,5.73
LbvzKcs5Xcry4MGP5hYpGdES5zKaBkLtXk,0.07306203,4.83,0.07306203,5.64
Le9DxaaAQAMUEri3K36PwGu4pBnjQqiP68,0,0,0.065482,5.6
LYVAtgLf6rhSkEBeLfq9Gjrj5zLY62tgEw,0.0779666,5.87,0.0779666,5.54
Lc6Mot5xJd81C4qdVomij12n2ivdiU9NnX,0.08240671,5.38,0.08240671,5.52
LQuZMUgouKpnGW7s11E4M8j2MYhkJZYsYs,0.07439773,5.42,0.07439773,5.5
LVUY6gSuTCtdm1KW22cWM2tbtvj6nLqjH2,0,0,0.073981,5.47
LdS4HoE8yUL56VXNMDa4XACzCncaeeng5f,0.0819,5.42,0.0819,5.47
LZMyoNYmFSk9xBkGKVYz1YF5hC5L57Ra2F,0.084,5.45,0.084,5.45
LQd9C6EKqEavJk9A7FsEZ8tPsDypwawXz5,0.0859,5.45,0.0859,5.45
LeMAau9PKHM31XriqpBxu7RviVe5pHd8c1,0.08325217,6.0,0.08325217,5.45
LLogXniDuGJkZ5DzXYw8xTaej7GjYGrEqP,0.07580749,5.41,0.07580749,5.44
LMXNW6mHF12jaoP9JyAsQRqUZUYPooKidn,0.08302374,5.43,0.08302374,5.43
LfaYJ7m7pD6qX6Z3q4ruPoxxNbCLrFJTJK,0.06483555,5.39,0.06483555,5.39
LYyXndP5zjpVR1ivdgTdzZjXSvcrKwkP5c,0.07434283,4.94,0.07434283,5.35
LNtGrPqnn9r7K8nh21nQXZN2VnTi4M3DG8,0.07232483,4.98,0.07232483,5.35
LPGtSaip7UrMvaS3dTgzDMHZPvC1uQjxjo,0.08005123,5.45,0.08005123,5.34
Lcyo9Ygw8Sse8opu53zvKfnXTGVEwFXFQR,0.07421421,5.03,0.07421421,5.34
LVCztvSNmzuY3iWKatAhgezZaTtvgWKrRP,0.07107196,5.27,0.07107196,5.3
LL9ZpY3KTTou3WP1gTTfxMniwcduyZYNrK,0.07120055,5.08,0.07120055,5.27
LPMoBXfs2L4FGrRu3CzuXXKA2tN3xq1UcN,0.065,5.2,0.065,5.25
LXJrYRrfYVm6izvyWcCVYVBWMRTR2w4uie,0,0,0.072131,5.19
LeshhMpdLd93ziNzJfbFUXqsPKpiwknNzc,0.07525317,5.36,0.07525317,5.18
LLv4gBbpsJgm8PxdYtbh74tQLhoXZW1BvS,0.06056415,4.99,0.06056415,5.18
LhZimA8JAWrMvhZmYCF5mmUJDPhS2USEea,0.05876175,4.38,0.05876175,5.17
LcHMenj5K4moKC3X7m5k7eUCHMNZAyaiKF,0.07818469,5.02,0.07818469,5.17
LVY2MYD4itAo1kbxrHfYBTVmWLcSBUW5tE,0.06051611,5.17,0.06051611,5.14
LXb6sG4TDnY5QD2AVpMbWsu1zxZSHvr65z,0.07675332,4.76,0.07675332,5.14
LYeKmZmBqNrVeRZk26BA4N8D6Qrqz5QEvr,0.0769578,5.18,0.0769578,5.14
LdpZ6qMLVQrD21AtPhFMapw5KzKoSM4dSa,0.04708576,4.43,0.04708576,5.14
LN7zoA3Ma6jzkm29VEZtNaUJaszzeEhkKw,0.07825057,4.84,0.07825057,5.12
LcjsiUgRSeQ5yL1KvALy5HMSRGyyXrDGsd,0.06288393,5.01,0.06288393,5.08
LQfDKjJyD5Ktg4KcgSKhC5RPDsW8HkUoJd,0.062,5.06,0.062,5.06
LbfhW5fNKtUg6mWE8a1ByE3SGnNmjgRppr,0.08135026,4.91,0.08135026,5.03
LLagDSYfQqTrw1uh24R6qBGP8kXXdZEkiB,0.06723339,4.87,0.06723339,5.02
LNvFeJVLVeHjNDMCVdyTTr9vnFNjAEMiwZ,0.07968178,5.02,0.07968178,5.02
LeiL9hPxg5BqM4TUgX5Yp2KntjhUGAKNZr,0.0748926,4.9,0.0748926,5.01
LbHi9pdpsXviVLt7AgA8PVdWy7dRGFAsLc,0.0633571,5.01,0.0633571,5.0
LTMbYkMosDv8PF6eRXRYuSTgPtqiqctYeY,0.06687439,4.9,0.06687439,5.0
LRq4tF51Us8xBoRHk6ktCb1SCxscN7njbs,0.07927267,4.93,0.07927267,4.98
LQTaxFgPQ4BdWv68HjDPemhEQHFRWqPfN7,0,0,0.066641,4.98
LKXpkTSugtY8p2RYJkNjLJjB4FSqDQTwhQ,0,0,0.06722,4.97
LXMTWznKkApvc5ZjBmGTvbqMiUKwpGxifn,0.06279489,4.97,0.06279489,4.97
LXjvdvijTEHNY5Sm4ntYQLR4J85w7TMTxf,0.08111028,4.93,0.08111028,4.96
LMuGyqy3tXqeZ9sjsEVDBSyCBfnxnUatYP,0.05627408,4.95,0.05627408,4.95
LX89vSbBTJT2rZgeRJy83nGWxAW9LDQbQo,0.06125126,4.95,0.06125126,4.95
LL7FVPnHadgAxoYJH7Dz3LL6QNAuH9MKEu,0.07478318,4.77,0.07478318,4.94
LMF6cnZUuqQfHKxbkgy6NSsPHLR9FiBRGM,0.05800685,4.69,0.05800685,4.93
LY1f44SxrabbNdxVEKMZm9QatNTFhz2SHq,0.0451669,4.25,0.0451669,4.93
LdWdVdu7yoSFsFW4sxhCpDciD3LSVKB4WL,0.07035528,4.94,0.07035528,4.91
LMemK2STWKCCt6sy8wMqKL9B5cyUtpmSHs,0.05871486,4.93,0.05871486,4.9
LcnskaaoNnYuxcpBEPrZ1vukT438WofXrp,0.0733174,4.89,0.0733174,4.89
LbAAumg4aZk5dcxJg8hXQNEaBUTL7zV7Q4,0.07531218,4.99,0.07531218,4.85
LbyArf3TuGvAqmFPGYYoUm8QqeEb628mEB,0.06487722,4.75,0.06487722,4.85
LXQ85hxyfCdVTgg8kNmwoDGEtuWBu9gD3i,0.07225815,4.94,0.07225815,4.82
Lb9FJbetFUNedmSi4g3p8zkrCx9sJhD782,0,0,0.064285,4.8
Li3eq1ksndMVQH65CKY94UqT3q6VXqxT5i,0.07194098,5.16,0.07194098,4.8
LNNyWiY9ei6Z7rRdRd1D1ZQ8rrbBejbnbL,0.07193801,4.9,0.07193801,4.8
Lg8Di32LLtxWuzXMeeDdVFQsxDT4ZKG5eS,0.05430046,4.83,0.05430046,4.78
LZKCegrEwmmkSxpPLZATJdDm3AZ8r6rrbg,0,0,0.063516,4.7
LgZrEN1SmNHpJoTxxSBKFa8NYCj6cufrdp,0.05815483,5.74,0.05815483,4.7
Lhd4eSKmarQDDpNVjRB8EvHqNWn4ih4Mvy,0.06697515,5.0,0.06697515,4.67
LV38t3WUvm7wMyS2wXQ2ZeweDp1PNWGoyE,0,0,0.063002,4.66
LfEiQnAW28phstKzFoHuwqhPsHFmfcUkde,0.0621884,4.57,0.0621884,4.6
LYudjZu6Yae8SkeAXBZDRGBAHRivHTURGy,0.05049393,4.91,0.05049393,4.53
LfLmyLJm5JupaQPRXMk37BGimsCpfjZEmy,0,0,0.057522,4.53
LauybY1KTbTxojjqAnCFNu32Kfd6XEvfME,0,0,0.056191,4.52
LMBkpfCY29o1ybyUKyb1YZhUe5FTcwQgjR,0.06937341,4.5,0.06937341,4.5
LPYDPhxEteDjbrWMhiUU4Rv3qzMcXGbZcT,0.07071518,4.48,0.07071518,4.48
LQo36CwFGLfpREznae8HqhTz77hmnGsWne,0,0,0.061656,4.42
LX4GfW6V6WxgbKsPH2jNqbsyA1ivYphFCK,0.0633284,4.72,0.0633284,4.41
LNX4243V76iHg7F3NKyxQzCYrEe9xwEtNk,0.07005472,4.44,0.07005472,4.41
LKRw2MXSBXujSScZmbL9U8iRUhH7s8RopL,0,0,0.06116,4.39
LKbdLsrQdiXxbxoXR8KdXDjqu9h2FfsXrM,0.04825847,4.02,0.04825847,4.37
LdN5Lt7uekYaAAq36rSzuTBYKE9fnD97A8,0.06088715,4.38,0.06088715,4.37
LfrfrkF7ryoJur9PbC2tevsjg34XrHx7Hv,0.0583388,4.43,0.0583388,4.36
LfH77RrsNsCbsUjt5uefbzjdLajXKULxDQ,0,0,0.058755,4.35
LS8mF5cLmfd7htKWDz7NMWGN57S6vvNYdy,0.04111792,4.32,0.04111792,4.32
LUXqCrQfjEeQ9k8Um2TDHnT1r2LTjDSjnB,0.05821196,4.31,0.05821196,4.31
Lbj6qRUZ64Jsy6dqAeZmabkVWnUuVyD8av,0,0,0.053012,4.28
LS4LGRor2FWV9uHQqvjPBjdBmCosJpXKGg,0.05751448,3.93,0.05751448,4.25
LPjs25XjQyLk53MajjqW8KuYpdNj7WwJEy,0,0,0.056545,4.23
LW7xx8z4GRT2XBqX3MxfQPjoaCnGMkbdeK,0.05627837,3.99,0.05627837,4.21
LSUFWKmDmbPfPgHze8fYv765QifCGVapE7,0.0649,4.22,0.0649,4.2
LX6KjLgetZWqAViq156KckTUjXFmbGAbSb,0.05422794,3.73,0.05422794,4.18
LSjk9ESFLPb7apsU5yFhPVjNTCdx7eGDk8,0.0558703,3.98,0.0558703,4.17
LPq2q6SGyB8vbKi2PMbcpHupvEaZqwoc8k,0.05831678,4.06,0.05831678,4.16
LW8QsHXiBeGNbHKqyhPS2ZdSSn6LaLRyiV,0.05369384,3.88,0.05369384,4.14
LfQocSUqtxyzE2a5aoc4puKb3cHgnDt3GU,0.05358076,4.31,0.05358076,4.14
LLZFyrJeH5Rves8RkZEs8p4RCKBisWtvjA,0,0,0.053627,4.14
LMLzovPp89TfYwmFCRicvJ6WgPhw8YGxJv,0.05815644,4.35,0.05815644,4.13
LYhwP6W4jbwRn4qQVXiqFfxEBDmqXvYFiM,0.0567,4.04,0.0567,4.13
LRNuj12kUcPuwoJaqGT3QhZCdw3rQqEhZ5,0.05583599,3.94,0.05583599,4.13
Ldgegu1K8a3fFTZoosH9GSPxoSyyc1fDp2,0.06231762,4.01,0.06231762,4.12
LTH2WBLVKYoHjkDfdbge19FGZ5W5Umfi55,0.05493563,3.91,0.05493563,4.1
LLbJ8unbH2ZCqv6EttVmV7RRfao7ycKBaB,0.0548203,3.88,0.0548203,4.1
LgVYctC8pQgdbNcTJw36nFtcpFQz16Jghy,0,0,0.039292,4.08
LcnjVCPapzq7fDKznq25gei5nhF3C94y3i,0.0544,4.0,0.0544,4.06
LTogXuayo9hQkbd72EK5whnpprLEfFUAmE,0.06315043,4.01,0.06315043,4.04
LT3VmcmriiYpfjTk7eULb2Zzi7KLdS4mB2,0.057,4.04,0.057,3.98
LcKK6m277E2XrMoFAPFVamH8NWKxBG7CLP,0.06424406,3.88,0.06424406,3.97
LdrcZR1VfQiXNZ5E1vNBMJ1n7Q9iCT9Rya,0.04070322,4.23,0.04070322,3.97
LSybDJHC49P6MByK8w5S1BVtftotp4D5bf,0.05969757,3.97,0.05969757,3.97
LbiUTJW5DW32s275J5nfbFqEZiBjj4pxML,0.06193507,3.81,0.06193507,3.97
LX1TfD3zLKw1k18RAjc2TVEHTRNRb7cMHD,0.05021729,3.98,0.05021729,3.97
LgN6t1QR7ETiPoZTveAPrptaS5B7L9EddE,0.06155352,4.08,0.06155352,3.96
LYFwN5tHYAgsuMuReuGo1LY59U42WEZCzE,0.04899512,3.91,0.04899512,3.96
LUrqnpb8ttAiD7kkLVg3Ue5P2Vmg6p5s6t,0.05347363,3.79,0.05347363,3.96
LNuCjLeds6SeMyRfPpAB2LqZa76NM2fXMy,0.05919167,4.05,0.05919167,3.95
LTFZVzpwxftHd9Knj9SqhqiX8JWX7oXLRG,0,0,0.043529,3.94
LiCfpc4QQYmmAQDa7xHCg4kVoDF5uM1dfM,0.06398544,3.94,0.06398544,3.94
LhbQQmpHHQCoGHE42vjqPeAzikCtV7T4y6,0,0,0.048543,3.92
LbemH6PUVYPKPZBJHC4wwsagut5YJF6Vt7,0,0,0.044547,3.92
LYL9x3P9Tc3F3X2yXWGuEGrDA2pAazG6hL,0,0,0.052063,3.89
LZL6dQAMhWJsEQoshPV6jU3CiFXpQgQ2h3,0,0,0.048153,3.85
LMUAUjoTuXnuf7otC9c2kf6QBp1cTq9V5e,0.04318283,3.8,0.04318283,3.8
LSs2AwkrGfinH56QwPATwKMy3aXVZ9p7g6,0,0,0.041542,3.66
LgfG9QNqVsmt3kYMSYnqCDDFzsRRaZbogn,0,0,0.041471,3.65
LdjFa1F28W86u4ZDoVfWJs7ztKJd9X6Xyu,0.049,3.38,0.049,3.62
LSivRw6TjkUC6RGtrdGey4nVCZ8AjQYc9K,0.0488334,3.48,0.0488334,3.56
LS3pCWqBzmp7ozQDjhdZ4xgTmYGTgCMnRM,0.0417763,3.49,0.0417763,3.49
LbVmY3qbD5zfLvCbt4axaiEa4RB6XvqzzU,0,0,0.04685,3.47
LgKhCkfhU1zJorjtvXPXmjik7Wa7eFzJvd,0.03500109,3.64,0.03500109,3.41
LdF7AigHhVB7XdGC2kwtfLtjbTRrVgUHVH,0,0,0.041402,3.34
LKWE4SMAWMvtYUAevfJPSvjFJCMf7jvdn2,0.0439,2.97,0.0439,3.16
Lb25u7yHJpWEtMAWFwWp6JyaGrnfP3nMqJ,0.03470547,2.96,0.03470547,3.14
LggArWXhrkX6Nuzbjg4Ze9CfUWfGLq4dTk,0.04243617,3.35,0.04243617,3.13
LgenYBUqGLEktqDMBar3fwCKpffFU6rJ52,0.048,3.12,0.048,3.12
LNKP4avck3ktfwNbFN6uoP1JxLEWLumPD3,0.04949319,3.08,0.04949319,3.11
LYEuRmVBETxGbLngoZYLY4U2NAa6ZXpaoy,0.0502,3.07,0.0502,3.07
LVXc92qXdxS2kTSX2urVyybWzMdFPnApy9,0.03795,3.04,0.03795,3.06
LLvNYPtsjieaE4vNu7vWbao6nJvW4qQmwN,0,0,0.035102,3.0
LQjm23tYDmwtFHCKqDi5Dt2FhRbHNopNtz,0.03992105,2.91,0.03992105,2.99
LSEzWZLjRFrF1Rj1DfiT52pxUiN2RAHRux,0.03313636,3.12,0.03313636,2.97
LetZs4bvYaMs5MDg95mWfKCFEGndExX8CQ,0.03783608,2.93,0.03783608,2.97
LcC3QpmNhGYPiWv2bCHy8QaYWMd6SzmRwx,0.04462655,2.97,0.04462655,2.97
LUYFQQHjvyHdytjZ4EvEwEoYf8Wy1tuYMg,0.04086928,2.92,0.04086928,2.93
LiA3RLAXGUS9Pfw3KuApwSrLwWsGZqqV3A,0.0459,2.87,0.0459,2.87
LT5A8eosfkfXewtHKn9t4W9BL3rsuxvsky,0.04433372,2.94,0.04433372,2.86
LQavPYXzG86wrsgppKuL3k3ez4r4kbPWTT,0.04250574,2.91,0.04250574,2.84
LgkNYtnYRX1ArmGw6qifc45gDyTkZkoEoN,0.03440494,2.75,0.03440494,2.75
LQ6f6vnkoEMaJjWo6t4cd94pYQYSvmdE8w,0.03571385,2.53,0.03571385,2.64
LPj1do8A3Zb7krsNMgXdJLmzK3TchQLPBH,0.02469373,2.64,0.02469373,2.64
LTucfenkHcrECE41Qv9e6ni4pVy4qNSEYD,0.03485364,2.55,0.03485364,2.6
LUbKB7qDVQ8x4krsF5hDPP8EHAWJrTg29C,0.04065244,2.58,0.04065244,2.6
LZhgBYWdkzyPqjAphFazNWL3SW1wS4fPge,0.04063459,2.5,0.04063459,2.6
LNG2GTf8aNcVyibDbGSw4FuEDFsHCZnmUs,0,0,0.03513,2.6
LXJJRntVsKgD5hsrJxVkEULYjRpknvQUhm,0,0,0.030051,2.57
Len1At32NgNTjYCz7bRdR8hLywzShRSZnm,0,0,0.037578,2.51
Lc69oAvJ8gyAHKeS4hMkUL75BbBeL74KyK,0,0,0.03240874,2.5
LXQGZPzNWonaG7QxqyqWkd9CesJBeCEJ8i,0.02745756,2.46,0.02745756,2.49
LPzydD5Gv4KnyrFE78T63W1MuKQ44Yvww5,0.03902226,2.47,0.03902226,2.47
LPkqoSBW4NTh3cTc6iWPnRMmzacwPQ1YR2,0,0,0.030443,2.46
LMatPEuQSZuB2UH756o4K1rJnT4pfEUK3K,0.0339,2.42,0.0339,2.42
LTwMXGAxmDCPF7jeKD8FWFdSMGjtTnrD5p,0.036761,2.43,0.036761,2.32
LNndJRXBx4h6y9BkTPB5T3o3aCZwDcvFd5,0,0,0.032085,2.31
LPL5ch3DF1eyXZtgwADJaimPpVPMApdngG,0.0222326,1.94,0.0222326,2.31
LVXjMKLz4ZBaxGDtV69ckmK7GBD2M7xp4R,0.027648,2.32,0.027648,2.31
LN8HAyMxvWLjJXxegwSib3vVDGncBq5EmU,0.03173465,2.15,0.03173465,2.28
LgniaceABc3R8uUh6EEYwrbPP8KHowFQgU,0,0,0.030463,2.28
LTcMPzp6kxtM87Mdhy21rpCfqme64vhoJq,0,0,0.028181,2.28
LcBM6fQtns7uCFpDqzBL4wj5S4rjBSWpS9,0.02109555,2.09,0.02109555,2.25
LbgBNfEaAuFUSHEr2mFVtF6PcU97yiAKCb,0.03024089,2.22,0.03024089,2.24
LfDgVnuGJKgbYWC39ZdZoRx4uEENg3vPs7,0,0,0.029918,2.21
LaVfnqcrLfQGJhDHr7X36trwosjUFyCwvM,0.02217402,2.18,0.02217402,2.18
LQHKi2coQWVwAvJE7BFBAawVmrVEgEgFFU,0.02777131,1.92,0.02777131,2.14
LfEFZKa1fSJf1P7jWmfNfNEtF7kEnE9pFi,0.03208,2.1,0.03208,2.14
LYqaB7RgemCtjWGswx3i6v5uMnzrT6eQJa,0.02870302,1.92,0.02870302,2.12
LZxU5b4fHd7t3pLHBdmXUows84L9g42556,0,0,0.024025,2.11
LXT371MqRbyH4f8YZEP1kq3VCVSr8BZo3T,0.02513431,2.1,0.02513431,2.1
LMwUCB1TvzjEyZSAZMSSxjzgCPQvNp67PD,0.02833173,1.92,0.02833173,2.1
LMZexFaqKELXa5DGMBgQ9S8P8m7jF2jKda,0.0283,2.0,0.0283,2.09
LMAhmALA8Fc6nhGgchKcZR4Sj4nEUnqJsF,0.02828931,1.95,0.02828931,2.09
Ldh99jQGhED8dGpe7Bmi44nmiJBXhe3oYb,0.03216828,2.01,0.03216828,2.09
LKrxmAcfK7HPrWd2BDeYsFThaMHseqDDge,0.03206461,2.0,0.03206461,2.08
LRgXkTiuMKa8rVvuGVpts9HGdqfMNWW7Y4,0,0,0.022899,2.07
LN1mCwHFF39MUf12eW5GGtGTQ3ER9Q4XSs,0.02826655,2.01,0.02826655,2.07
LXqAaqWJ7Bd9R9BzHUWPf6uxBFjpCFXDjG,0.02872318,1.95,0.02872318,2.07
LfNE8g3h32MqLeGhN88HH9WVCjpKTABGqy,0.0280682,2.0,0.0280682,2.06
LMXpDfpqXz1ELJQfYTDSXLit9LxRcKR3X6,0.02459658,2.06,0.02459658,2.06
Lf1Yn8JQPhFPAvLH6DVvfQHH2cCVddngdW,0.02386335,2.0,0.02386335,2.04
LgM2DjfkthEswxrZhLEq3rQJAzCJvY22QG,0.02733878,2.01,0.02733878,2.02
LM4mZCwKQ8wN9fNExBW3ZYxJedW5ufNYkF,0.0289,2.06,0.0289,2.02
LKdpe21FUb6tE9pXVjGe3bzv2W7F5QpvDJ,0.0289,2.06,0.0289,2.02
LZTAXpmiJq426W8AaqTRVGFKMJMPsPtuGF,0.02814064,2.01,0.02814064,2.01
LUFLyrEQtQxCmjjW9d5aDPFjivD532ZK1r,0.02597022,2.07,0.02597022,2.01
Ldc8thPbRqWJjNRvyu9yAFsti6yYWA42om,0.02873857,1.99,0.02873857,2.01
LNyeVwFw8b6UKbMMrSGuUAPrazaav49L2X,0.0280419,2.0,0.0280419,2.0
LQnfCkRZDCjGPf6G9G8p1oTJydUb5UWRzr,0.02525907,1.98,0.02525907,2.0
LYc224M55Qtic2dXRQgujkaGuaBYfJMBem,0,0,0.02757,1.98
LLo4ypDcysCU1UGqqsfNkTcg2r825uNCL9,0.02745231,1.95,0.02745231,1.98
LUoFsgYB75Y2V2wFWgy5yVt4AbwukdZqJK,0.02956788,1.99,0.02956788,1.97
LiEP94puNCektEnPhZbbNx1ZJBhcTs4p2d,0.03173485,1.96,0.03173485,1.97
LTKThG4bGTHqHrwCG9iTbqpn8VTeictXaG,0.02945811,1.93,0.02945811,1.97
LaHWgsk7dBBJfi4NPbh4sshWa1UqqWfaPW,0.02801523,1.93,0.02801523,1.93
LcsAJUcJK7TRZaPACkcANHsNoXc7jf9QsW,0.02973943,1.97,0.02973943,1.92
LaF2g83CbNAVQC8ZtEGF5Ssrd2GTvJ3fgw,0.02739727,2.03,0.02739727,1.91
LeTri1wLgsuP8VLpNHwK7oB7mxjHpGFthJ,0.02911957,2.1,0.02911957,1.91
Lbyqg1PUN16ukNqdTfMebcX34x7jAsEzgi,0.02837659,1.94,0.02837659,1.89
LXzWTD7TjfiQnhLamzVebkiB6qQGKknMtv,0.02817703,1.93,0.02817703,1.88
Lgxs7vm8V8qGQGt8y3J929fFwWcH9fehXi,0.02586985,1.88,0.02586985,1.86
LLjnqEeJeARe4AtUVfYWW7agW2WXmijCXY,0.02556434,1.85,0.02556434,1.84
LUL7Zep63HuPgudrKSY75bTWkZniJPJiix,0.02546,1.86,0.02546,1.82
LSW2ZMtbZZd24wiFd8VHi7HAGFgaMxNjp4,0.02807046,1.78,0.02807046,1.81
LeL96ycHJdAgFpYJsZcach62mSh5vJp6kT,0,0,0.021453,1.73
LUvN5kWomSsMN6pbhe8Xr3NTzuP4Vvx7gn,0.02001139,1.65,0.02001139,1.71
Leb73JoMWrnYJWoEcokFYF7uv3CtbtzVDL,0.02,2.02,0.02,1.62
Ld4rxzwknvLpR2UkUcs28DftCTN2cfnkXz,0,0,0.022363,1.6
Lf8h8jj7Dke6DSzgz5AWJd4ZNWfEPdVUh4,0.02290131,1.51,0.02290131,1.53
LSQK65n6aWv35ZKq21zZRpQ3Vur4575PrA,0.02089138,1.49,0.02089138,1.49
LWgsefCLX6oqyRukgWkG7hc5WtR7mZGMw9,0,0,0.020541,1.47
LWzWMTu47JDRHxDE9uMDGaxAubTy6ZjHAL,0,0,0.020234,1.46
LR7gPWgwV2JNCyHFtQPyqQ3v6iJ58LSN9d,0,0,0.018268,1.44
LebZ4TWKtMS8tQPAG8qDYDQT5cpAyAFcqN,0,0,0.016528,1.33
LUWCNfZJVMfTke1AwWkqNQLqGdN2yv1iP2,0,0,0.015341,1.25
LNb7CSJrZcTLdDXKDcVVLazzpvUdRvoSoy,0,0,0.016085,1.16
LhaaMGUKvxrdHRpzCqTRwW8JdcYGpVGQpe,0,0,0.015123,1.09
LQvSexwoVRW9spnNwMVZK3jwrmGzhRJK4H,0.01404815,1.0,0.01404815,1.04
LR9Uee5xowwizerVwsUYteeNNTdG18QBEU,0.0128124,1.02,0.0128124,1.03
LhSUgkTSZk65obSsctAwouawXmF5LUvt8V,0,0,0.010889,1.02
LerT86pPMB5t5Y4qHfaybrEoWi6Yt7pJJy,0.01389298,1.01,0.01389298,1.0
LT3gtqHFkv175TRLxG3TtiMp6Z4E6AdH7W,0.01557189,0.96,0.01557189,1.0
LWb8zmhVS7hvz39KnTnohuzeiHvJzsKVrY,0.01483541,0.95,0.01483541,0.98
Lc2hub7mGEY5EzoV8Enw5F5s15ydjEEYe7,0.01252274,0.97,0.01252274,0.9
LLoWVzShaWNdNphb3aiTB8HTYcp4txt7Yn,0,0,0.010725,0.87
LP5QSLdnBeXjy5BndMC1CtHQqDjmtj85M4,0.01312362,0.91,0.01312362,0.85
LXVuo137ufDVwoscCVj6NNdLpBuCWAEPym,0,0,0.011643,0.84
LaqPFhZyA5RDnRoKnjavZafn6htczEEUoZ,0,0,0.01165,0.84
LL5K2Ht5Y6UL9itBS3vS8wqbVfzMyjE1Hs,0,0,0.009895,0.8
LbSK2b2s8abqmrBWtseMNZ6XfSRH76SPCz,0,0,0.011031,0.79
LV7eoGMSDqe3vVjsWrV2QarxpadcoJJzU4,0,0,0.007188,0.77
LgaVuUGqy9ponDHeaRUUEMNkb7T1fitCFT,0,0,0.01107,0.74
LQQYTSrNCPcT64F4Un3Xd9rFw1aowR5EPh,0,0,0.009356,0.69
Ldncr4gGMUuMuQ3eRZatuhDkQLyGGMvxFE,0.0078,0.54,0.0078,0.54
LLB1yvcCNPm8bNQ4oR5DcGDhzeCjhuzkEx,0,0,0.004522,0.37
LYVFpHYmE6rp9xH2mXDfULN5i1smcxkQxm,0,0,0.001289,0.09
LKxxTVqUMvkQiGof55MjGaXRJDfAZHVKDE,0.000125,0.01,0.000125,0.01
