hop_addr,coin,funded_sats,tx_count,spends,error
1D6sBMA3yPvYabzcvtZFgxh5c6kS9wuDvu,btc,0,3,False,
13A2jJqx1RkeYrSgsEEMZZMZ7UYm18MA8v,btc,0,6,False,
14M8Eju5r7HGvxJnNXDGF8ZE9u89Dki4JE,btc,0,2,False,
18itjuFYofPA723Uo16eNBVLq7vN4RVDCR,btc,0,2,False,
1Byh2AMwsxuFFWAF9G4ZcwRuCaevi9Tr7h,btc,0,62,False,
1BDTAiVBnobq5EpwF5TUQgg4zhaW3rSjLP,btc,0,38,False,
1BkoaRBGnyiwqHNwurG83i75AQjULrSVzA,btc,0,2,False,
12ktLFvJo4ToxpVMq3JWEzLNBXuhLXFqj1,btc,0,2,False,
1E3b7dJyoSC3wgJV8wbyM6sfHrc2rPVouU,btc,0,2,False,
14HhYZnDhSrTCK9TqXYMAk3h6D3RSfv6Kw,btc,0,2,False,
1A4hz3mKL6UnnB6aKEijCNTgBxdSrNoKrR,btc,0,70,False,
12czWj53ciwTKv3cK1W6VXuiiLFF87MtVK,btc,0,11,False,
12132ELwiX8YZtmajo9abGneGBoBeV2Apx,btc,0,2,False,
14bQ3gbQMs6i18YcG7CPtN3P3Pi3ipM2M7,btc,0,28,False,
1BdddYe4PtdgxDGwGgJ8SYuCXRRab3QK3x,btc,0,63,False,
1CYYyT1K7bWhVHgNkgZjhuuDeuWE4QyzV7,btc,0,12,False,
1CZYEND3H7C4GeXSi6kqpnxvXjLpoWR5mx,btc,0,2,False,
14X9L5koVG8jiADimnE7tNBC435wFo1do1,btc,0,2,False,
1BcGpD7kPka2amjasvGH8sWkrJ8eMPXYtd,btc,0,2,False,
1DwTZTFX3iYqeuGwYAd5JoBqCGMqmTHkXb,btc,0,71,False,
1EwcV2QGZL2bdMwB3zqLaJGPyEcyhJs8Hc,btc,0,17,False,
1DzLqzrMvaB358tZRuWAeYh5nNo646p1S2,btc,0,2,False,
1LA91jdDDaCB4BKsmz9XJh53VGmpqGwsjN,btc,0,2,False,
1JQMjtch6UnHE2os9VPUTaEokRhTWSFBKd,btc,0,2,False,
1LzastwUDdbLrYxVDnFKCVCpmUKHwTbkRx,btc,0,3,False,
1LSYiuou7TPQHS3VFqWqxgHLE7FfHiJnUG,btc,0,2,False,
1PLmpQNcb8ivTL9G5RqUEiSGK6BiyeTVFU,btc,0,36,False,
1NxH88utgAim85AjYABR9NKPSNYHCb2ibr,btc,0,2,False,
1LRoiGH32jBLAjuLf72q8gqK912Bk1L4Pw,btc,0,2,False,
1Fd3P2itqnTa8ehjJH3T6YcN4qXEydSBgB,btc,0,2,False,
1H1YAdzL7AwUNWy36yyqyBpToG9jKm9BXv,btc,0,2,False,
1PSoe8R7PVEZyudqk6n3FsSTFmDepp4wVx,btc,0,2,False,
1KzPJrQEDRQ4yPz8G5mqQrQfiXShmA4fxL,btc,0,2,False,
1PjmGWKnJZLAEDp67Zu2SWrBDaWXPc5RHV,btc,0,10,False,
31zBsgN6y8qKb7hs2VtSnzt7yZdUSn2oa4,btc,0,2,False,
35dX2qudKJ81oa6cvW3SpDyqQrtBaXW4qj,btc,0,28,False,
35BLKpnrHjLcsNievK1ogPuKEpN1NVbZ7c,btc,0,2,False,
1J3tiezzqDoKiuU7wyzrbNwsfWy8jwxTMX,btc,0,2,False,
325gZrchDvoQXpgxhCAex4W8d8oP6BnVb8,btc,0,2,False,
36jjF5MU4Qe4dEhBuCMDBZe5f2QzHkvTFU,btc,0,2,False,
35EbsMRTaBfTUrGPoj9wJ14jkbr8PB5c6p,btc,0,254,False,
363ReWnXW8neesZTduSn6Q2pnEbC353jBr,btc,0,2,False,
377f2rcjvHtc6RXS5iZm2mNV9HpfLWEwsh,btc,0,2,False,
37GM88i7bhRXr7s4tR2v9UbxdtA7zNKfh5,btc,0,2,False,
35qHE42u7x84TYzxyqByueMRCHpjaXCfWH,btc,0,42,False,
33nT9ULfJteN5k1cEzZWabik3WhGwLyCaa,btc,0,412,False,
13UHZm1BGZYhjHVrE7p2tgWEwPeaS2rvGU,btc,,1763,False,
1FHTCrabdtbk5eb9kt2WaBL8s1nvW7gadT,btc,,532,False,
12b89X9ogNbhAzqKjicKeBxhWGKMmtTvNZ,btc,,1088,False,
12E8bK6tFyDe5bUGMBKCdJBCyUzSmmzELa,btc,,1269,False,
37R1X8w9xzzvQAYfPKk2ZJ8En38w95aLVG,btc,7822497008,471,False,
38BaWsXQ3mAkyWGAo4gwsaD4ps3fJqMExB,btc,,2,False,
36xSUQinibhm6DaHBznwQK51c4n4R62U5F,btc,1486436,10998,False,
39HNYmz99HrA2uMNCsXnBahMp8bLE6FhFu,btc,,2,False,
386gSq8jczUk2HpZcz24kKZc2xhfxqnrE5,btc,,2,False,
38qPwTNGstAfMa7KQjVjpyB3YzmCxQGxh5,btc,,2,False,
3AeBYeivYPDNR5pYc2fMWC1FetbjvQULZd,btc,,2,False,
37WgtsHCbXEp4t7JS7YkKgDfnDC5vphc2S,btc,,2,False,
3FVdDvWL4VdQyDipmCdjQ9167qnnW96hrD,btc,,,,GET failed https://mempool.space/api/address/3FVdDvWL4VdQyDipmCdjQ9167qnnW96hrD: <urlopen error [Errno 65] No route to host>
35Y9tSMauCkyvZz1r79HNohUHUxuqx9vSG,btc,,,,GET failed https://mempool.space/api/address/35Y9tSMauCkyvZz1r79HNohUHUxuqx9vSG: <urlopen error [Errno 65] No route to host>
37jAAWEdJ9D9mXybRobcveioxSkt7Lkwog,btc,,,,GET failed https://mempool.space/api/address/37jAAWEdJ9D9mXybRobcveioxSkt7Lkwog: <urlopen error [Errno 65] No route to host>
3FySYoqiMdGDVpbSzid35LJvk9ME8qQGXV,btc,,,,GET failed https://mempool.space/api/address/3FySYoqiMdGDVpbSzid35LJvk9ME8qQGXV: <urlopen error [Errno 65] No route to host>
3F8ZMHYwFDMmMjNHJqzYZiff85QsYLgPLY,btc,,,,GET failed https://mempool.space/api/address/3F8ZMHYwFDMmMjNHJqzYZiff85QsYLgPLY: <urlopen error [Errno 65] No route to host>
3JrPzEsVLywQtuELUGXhWCyogJeveAm2mU,btc,,,,GET failed https://mempool.space/api/address/3JrPzEsVLywQtuELUGXhWCyogJeveAm2mU: <urlopen error [Errno 65] No route to host>
3B2bjesG3yv6e498hAu924nVojt9hEoEbg,btc,,,,GET failed https://mempool.space/api/address/3B2bjesG3yv6e498hAu924nVojt9hEoEbg: <urlopen error [Errno 65] No route to host>
3FybWouPZm33qvz9HsnZM1DSYSehEEC9rQ,btc,,,,GET failed https://mempool.space/api/address/3FybWouPZm33qvz9HsnZM1DSYSehEEC9rQ: <urlopen error [Errno 65] No route to host>
18GxGcoU5UZ8fHTnGR2QtDMtgiZNKSuNUG,btc,,,,GET failed https://mempool.space/api/address/18GxGcoU5UZ8fHTnGR2QtDMtgiZNKSuNUG: <urlopen error [Errno 65] No route to host>
3FnjY9xnJuAe6Vqxc8aBZDDimEX5AE1uDp,btc,,,,GET failed https://mempool.space/api/address/3FnjY9xnJuAe6Vqxc8aBZDDimEX5AE1uDp: <urlopen error [Errno 65] No route to host>
3CrVLRs51YV7AkmT42QhHQNYxAN5tewQrA,btc,,,,GET failed https://mempool.space/api/address/3CrVLRs51YV7AkmT42QhHQNYxAN5tewQrA: <urlopen error [Errno 65] No route to host>
3CCV3GjNvQip5ewsHhzYc136WhaeCzHigj,btc,,,,GET failed https://mempool.space/api/address/3CCV3GjNvQip5ewsHhzYc136WhaeCzHigj: <urlopen error [Errno 65] No route to host>
3G5gN4PqGZSCd9hDEn43Fqp398KDUFkuEA,btc,,,,GET failed https://mempool.space/api/address/3G5gN4PqGZSCd9hDEn43Fqp398KDUFkuEA: <urlopen error [Errno 65] No route to host>
3GaAJojKMmBAbuYXFpJfWCFS3GHddgCWeF,btc,,,,GET failed https://mempool.space/api/address/3GaAJojKMmBAbuYXFpJfWCFS3GHddgCWeF: <urlopen error [Errno 65] No route to host>
3FvBytnEAtakkmHJwtVnWLpF21T73egwGn,btc,,,,GET failed https://mempool.space/api/address/3FvBytnEAtakkmHJwtVnWLpF21T73egwGn: <urlopen error [Errno 65] No route to host>
3ANY9fE5NxJg5Q5f4d5PQM9TGQiyhrTj2G,btc,,,,GET failed https://mempool.space/api/address/3ANY9fE5NxJg5Q5f4d5PQM9TGQiyhrTj2G: <urlopen error [Errno 65] No route to host>
3GAUUiEjeazCztM6VVs7HfBjKDzuxjoG9H,btc,,,,GET failed https://mempool.space/api/address/3GAUUiEjeazCztM6VVs7HfBjKDzuxjoG9H: <urlopen error [Errno 65] No route to host>
3H7WDdhDDjXURAYKod4uMbr3CkbazVwgEj,btc,,,,GET failed https://mempool.space/api/address/3H7WDdhDDjXURAYKod4uMbr3CkbazVwgEj: <urlopen error [Errno 65] No route to host>
3FB1NbZxVNHrYgHko2QX7GuHwfqW5feqgy,btc,,,,GET failed https://mempool.space/api/address/3FB1NbZxVNHrYgHko2QX7GuHwfqW5feqgy: <urlopen error [Errno 65] No route to host>
3C1GzM52x9gkARvpfEGjkpN2bk5NTUakma,btc,,,,GET failed https://mempool.space/api/address/3C1GzM52x9gkARvpfEGjkpN2bk5NTUakma: <urlopen error [Errno 65] No route to host>
3GPzZskFdRp6jiZnrBMnnQ8Bv2EnFqQZP5,btc,,,,GET failed https://mempool.space/api/address/3GPzZskFdRp6jiZnrBMnnQ8Bv2EnFqQZP5: <urlopen error [Errno 65] No route to host>
3FskTWubWobF8DfJ1FKtaXn9nxNMZc4ADf,btc,,,,GET failed https://mempool.space/api/address/3FskTWubWobF8DfJ1FKtaXn9nxNMZc4ADf: <urlopen error [Errno 65] No route to host>
3ApXbhvjYvQgo9xmqptA6taJFqvLt7DxSC,btc,,,,GET failed https://mempool.space/api/address/3ApXbhvjYvQgo9xmqptA6taJFqvLt7DxSC: <urlopen error [Errno 65] No route to host>
3CWfUHzn19y9byYQgamLXQXzskgAgEqgHf,btc,,,,GET failed https://mempool.space/api/address/3CWfUHzn19y9byYQgamLXQXzskgAgEqgHf: <urlopen error [Errno 65] No route to host>
3KyTfT8QQm1r6MuQYQQk7dWxatSBqaarQM,btc,,2,False,
3KGhjXbnYeUQPA2rMPo2nL9chVp4vGonhE,btc,,2,False,
3LtWtRXxqazKPHqN2mPbQqWpVUNYvR6tHa,btc,,2,False,
3MbdePgUHnejjEWdh8d8giUQqCcGpHhCCC,btc,,2,False,
3PDGY7VxLB5PQS9zxStu5SMVnLQRWeNbHR,btc,,2,False,
3LpYdXPJQRrrUk9vTuu5v8YeGuccXn3FoV,btc,,2,False,
3MuCa1QcceJXwV95oMhtNQngWPBjTSHzLa,btc,,24,False,
3Qx8Ukqz9KfsxZKT4DuVH8JnDMoPDoiCfD,btc,,2,False,
3KpvQkHc4sLrMw4u6RcjJebcGBpoWiK62t,btc,,2,False,
bc1q02egmkeaes5uftufzf8j9yr3hadf9r3ulg95uq,btc,,2,False,
bc1p40dp8mpv65xycm5nc7ayjcjp7alvu6f0jqjpu25jf7cujg5f2gpsh4ez7v,btc,,2,False,
bc1q02t7ya7a7ek5qwnqj956w5fc82lycqyfsankmn,btc,,2,False,
bc1q08h5p53syc4mmrgf743nhyz003s5ra8jhkmq0z,btc,,37,False,
bc1q03lgnzduvum929unaae0wrtpuk9hldxsgeq3ya,btc,,2,False,
3NPXRUzuG2UPHbFJQpFDQHwWdmg7PZhMjY,btc,,30,False,
bc1q08j80ekucfvtg9djwqxhrs4tgmz3mpr0cs7vk9,btc,,2,False,
bc1q05h4vqhkkdl3uj9c07nj3ak936tllkj23r9p8d,btc,,2,False,
bc1q05ralnyxd9nqx0g8d4veckazlxcz3xcjs22rje,btc,,2,False,
bc1q0822jlnaxag47e4086hg8zqeg73zvrfxd99gle,btc,,2,False,
bc1q0aytf952cy7470kl5650yy534rz397aqr7pmrj,btc,,2,False,
bc1q09lrn3vnce56spg70749haaxmz6eqpzfpuxv30,btc,,2,False,
bc1q02s82r2egzqu8vlffp5rm4jfak9eysrnm2q45n,btc,,2,False,
bc1q0dht3tx2yqgl3mpdg32wtd88xyzlvu36py4kwh,btc,,2,False,
bc1q0azkrsrq22pylmswvrctl45qzdc0lr36f3lujl,btc,,2,False,
bc1q0ep7pwtmuvp5yz2ldgwv795earnva322c4lh78,btc,,2,False,
bc1q0fcvhas738paakerctxwtgzlu99zh8h9lgtrmw,btc,,2,False,
bc1q0ess77js36wy63mck04nysnpeelemnps6uadzv,btc,,2,False,
bc1q0gszkaxru88xycdd4n699ajs2k7gzt5qv0c79y,btc,,2,False,
bc1q0gqusnytehkw2ggs6yvp7dan2mdtjy9ad5hy5u,btc,,2,False,
bc1q0gjetrdx3pfw7cy0kw6644txxgqpn4el4rshgq,btc,,2,False,
bc1q0h33ws2p6hyn30a6vw5nedd5cryq8m7f8uv5gl,btc,,2,False,
bc1q0gxyx70sqecsgywx4lsmgwwqnfga85rhtuxly9,btc,,2,False,
bc1q0h6ypwc8wxyhm59acqy2nndgnjmschnyahm0e3,btc,,3,False,
bc1q0kg7pz8e9plnexrzlx67ed6k5hsz8kyq2wy7ty,btc,,2,False,
bc1q0j9nmqm6y42wrxszuj7tmujtvvr225mtpwu8an,btc,,2,False,
bc1q0kz59nh6mze78frpflavld2rlnl0z3uf9a4ma7,btc,,2,False,
bc1q0kuuemsm2nwer52fjye5ypjdz9ws27papjz9jt,btc,,2,False,
bc1q0ltvpu268d6lqasnwy0hcsn7r3twdx3fuf4v64,btc,,2,False,
bc1q0mqx5xj9c6qx3gwx9kd0ewp3m6gmldcy4smlfe,btc,,2,False,
bc1q0mges205vr9fls5jlugxtfypkzjsg8ydyqauxu,btc,,2,False,
bc1q0murhk2ygvdmke4pu029lvva7xzz99gdktpgnc,btc,,2,False,
3NLxBmk3nmZJrHpLVFpdL9jnm7LdWvSju2,btc,,872,False,
bc1q0n883rs2t8c6r3lpl93d7sgltklffk09g5yjvp,btc,,2,False,
bc1q0nw75t8jsr6ghlheh3vvwc7k2dshpvsmryxex3,btc,,2,False,
bc1q0ne6mrke968wq95nat5nzjap7wf4q563hk58jt,btc,,2,False,
bc1q0ppvhnhrx8tsagduu3aj982tp6l5tmymrvk5f7,btc,,2,False,
bc1q0qjhzaxjulhhk8jwejrc4pregl9964xhuhamlp,btc,,2,False,
bc1q0pjsyz0h0tlu5fz8m0ppmgmrurs0geeg99c3nl,btc,,2,False,
bc1q0rf6pdk35tenp3fxz3v3ze2eewtgqsd8hcq7fp,btc,,2,False,
bc1q0qnlg2wfhwnu8c7hujeljjj22dq5t4ghur0ues,btc,,2,False,
bc1q0s9kvqufk59vkk4uykm0xpmqcmyqlhq9pc5rpe,btc,,2,False,
bc1q0t5ssl4zj3dl0wst9zww3677sukaz37dlj79yp,btc,,2,False,
bc1q0uftrfvtz8wk29kqhr7gfdrxmhhstcultjeyfd,btc,,2,False,
bc1q0turdawzuar759q3vg3wqnuwakf74zwwntmj6l,btc,,2,False,
3K16cwhYkbjudPLPmdK9M1TtDr7Bpz8tsA,btc,,2394,False,
bc1q0vemdksa8r6m5v6rgmxmvl3a4rjhdnr4rgqmvg,btc,,2,False,
bc1q0urtetkljrpwnqfj4sx7lh8dc03gkccp4a5l9t,btc,,2,False,
bc1q0tn8fn3z59hwx3xm8jwtqk03je2erlmya796m6,btc,1000,400,False,
bc1q0vkrhes5qxgextnljs7z9c0gjtvr4r0jck7zaq,btc,,4,False,
bc1q0x87uqhs2q7mhuk27k69hskh6ythcfygrudcvp,btc,,2,False,
bc1q0wpz68yqtch8mq8vu0l9x47mmgjn8nqpt69cnx,btc,,22,False,
bc1q0x0xkz7jlyx7jk5rvmc5mphkjn3fkucmvu6gls,btc,,2,False,
bc1q0xkrszh9zfmx6hxgppcxgjykvy9deqt2salam6,btc,,2,False,
bc1q0yd0ryae53rv0wc7sua304zls4pcf65nwytlc6,btc,,2,False,
bc1q0ywl9v63e3sfuupx9k7au3cnd4zrsr2k78c0p7,btc,,2,False,
bc1q0zjvjzfjx5fvgcd7pwn2xwcp5es2vkht0kjtrp,btc,,2,False,
bc1q2230l6277ll7hzty6lqwxw4vp8kdnnvyaqzfst,btc,,2,False,
bc1q20wgv674rkgr0ynvrk99dqn0gfpqhwh28hpsg2,btc,,2,False,
bc1q0zxcedjhdp2g0l9ugxtsv96ej2udw0807d6wwh,btc,,2,False,
bc1q24uqvkw3mr33qq3gcan4z4hsm5w25n5jqchrpw,btc,,2,False,
bc1q23pds56a9spv9zxfcwy2una6pjd34a9y3z03um,btc,,2,False,
bc1q223vum0ellzucph8d63m2wpnq0rnt87ut9m84k,btc,,2,False,
bc1q27jkyh6vr8st9wtlpzlt49twqae69jc5l37mxz,btc,,2,False,
bc1q235vvunxyfumxgs6a2p75prv9d3c8vcsvfh7rg,btc,,195,False,
bc1q2ae27ru37g7cm88xjjdra4vjvhx70cs7s5es3a,btc,,2,False,
bc1q2630fzs5rak93sv6g639vvpe3mgsu8jrtqjcf9,btc,,2,False,
bc1q2805rq9cxguagvw9yprg32z35dhy8wv4j8yhxy,btc,,2,False,
bc1q28nuqdu3j5p39tmcxukk645vr3mm5ja3tnx456,btc,,2,False,
bc1q28x3n0r3x5xgkcpu2xvmkysuu4aqgq0wd6my09,btc,,2,False,
bc1q29vxmc323x4dy8r6c39w7jjz7vdjhzddkfl7xx,btc,,2,False,
bc1q2aq4gmuchqgdzvt8305s43am2vxqja6a0maw05,btc,,2,False,
bc1q2afj0ckk3kjw8tykqq8j4mhuk7jjq9gc0es66z,btc,,2,False,
bc1q2cgqllrr9tqgvqxunk53r7al6eh058r4jzaygs,btc,,2,False,
bc1q2eptnmu973k9fv4waex2s5aqakx5cs3ra9rk08,btc,,2,False,
bc1q2d4pvlnuscgytm30z5elad9jkkqtsfcj98xed4,btc,,2,False,
bc1q2er6m4uj3rgvzl66mujsfdaq0gf9usf8qme4v7,btc,,2,False,
bc1q2fay2vr9n0m5ja7xkya46jkut420ulgekpyv4e,btc,,10,False,
bc1q2fz5m8zvyheq6cxmuh47rm68w79xlyzkwyq3xa,btc,,2,False,
bc1q2gfsk4f5le39lh9t7vs6y5qdwd6a4dvg0792tr,btc,,2,False,
bc1q2huau8a57j9f7ayk3z5tujeyr0elcjjnd2wkm8,btc,,2,False,
bc1q2dug6heccu6jhetg69a8ns99wyk0g2gm4hmuru,btc,,2,False,
bc1q2gkpmnph2ylydwcgnvgzn6yuy5d0c658whhhv4,btc,,2,False,
bc1q2hd2tqwuqr58fgevdcjdh973efphzpz3ljnu4c,btc,,2,False,
bc1q2jl8k942f945sdcz6y4dgt29ttelnjq5j2z2qm,btc,,2,False,
bc1q2le5wf7qu06jk2rr4dk9er4rzwtc63e9w3009s,btc,,2,False,
bc1q2l84hutth24umg6uy68hqmfj9ylq9uxjaxdgkm,btc,,2,False,
bc1q2kefjscan7aks9m63crc09act5hycml26n3ssg,btc,,2,False,
bc1q2ng3syngt7m2sr0chk2hd96tsgqaywu2kgyv79,btc,,2,False,
bc1q2nwkjsq3ums96xg7d8hxw0szgeghl2ckcsa066,btc,,2,False,
bc1q2sdm8t4nwcy4agaxnq352eryuraxlnvpk03gc9,btc,,2,False,
bc1q2m3yuy8jhccfv0vgyldy6m4ud4gs072fhj73mk,btc,,5,False,
bc1q2nl4lrtfjypm8p9pcq6yv335gx867a58rcemhz,btc,,2,False,
bc1q2tey3ajusz39zcqv9st79j47n4levz2nklk33k,btc,,2,False,
bc1q2q0j5mttqps0c3zkdscfktjl70z0xqsyv0mefe,btc,,2,False,
bc1q2tklsgzz926hwktvygg9hd9aehj35rhhmqx64w,btc,,2,False,
bc1q2thefedkz2905t9nce7yvv36fha2w3tslulwaj,btc,,2,False,
bc1q2utvhp7fv4r98lz4ggct999wnzu03mnetp3urc,btc,,2,False,
bc1q2tudm0l437vf82zwxe2lqn6zesf6kjzh83j0zh,btc,,2,False,
bc1q2uj0f8k3sykh594d52vtwrs059q848dvq4p5r2,btc,,2,False,
bc1q2wqjwvxwlgjycrjwsjkts4nsp975guelmjv2uw,btc,,2,False,
bc1q2uk6fxjvzltmtqfdsy5we8wlqwx2wmafle2kn9,btc,,2,False,
bc1q306s6hdzzv586uuw9af9l5nhwvczu5ckunavwn,btc,,2,False,
bc1q2w8gfpzfcyz292surrtulwnnsfhg64gdv44td3,btc,,2,False,
bc1q2vxy7cj0cqsk0f7xqzqrcjnlmeer2pgm2ltsfk,btc,,2,False,
bc1q2x0crmmvq4ay9avfzsrf6jklsj2alk8xn76t3r,btc,,2,False,
bc1q2x0cfrn5x509439djqq4lyzmtchmwtr2kmhdng,btc,,2,False,
bc1q323pd550e0agjt28q3seu78z958hv7g7al69pa,btc,,2,False,
bc1q348srj2syghqt4z0mvjyy77wtt0gzza3drgts0,btc,,2,False,
bc1q2yg5fuetnq3r9ahg6zfxx49x9yw6zl36dctjr9,btc,,2,False,
bc1q2xgwc2v5dzacw8z9yfdgy8eqz5u0xjwt3atwv6,btc,,2,False,
bc1q34nqc0kjeklt06h6peu7ldy6jf03g3f53smnjt,btc,,2,False,
bc1q360h5283g6xcdl0pky5kh5nk53j268mxq07c7u,btc,,2,False,
bc1q36yx9jqp8f8hl868pu7dm43xcxfmu5j6swtvcs,btc,,2,False,
bc1q376kaaja7h3up3ptet59krj76ryjg2eac7uru8,btc,,2,False,
bc1q3ad6nxkunchpl6s3chs53q4e9rjhw32tp26h6z,btc,,2,False,
bc1q37hz4yqt0mjhctd4mpzhlyyuxtun8yyd4uer3a,btc,,44,False,
bc1q3834ee2m9376ujlp63wlatl0uh9ea4ya0nlx8t,btc,,2,False,
bc1q3dm7wj7jufke59pjc6z3qv0jmm6jma64697c3n,btc,,2,False,
bc1q3dp6jlxvu208ps42jr0t2cc5k5ps53vd9p0z8x,btc,,2,False,
bc1q3fqglxq479xw7fx4f29mc9y43e5g7ltgz5us4r,btc,,2,False,
bc1q3ff9l5mx7el2qtraugxp3gwsxhd2jlqxhr20mc,btc,,2,False,
bc1q3eu2lxa5rtqlp9vf86sc3cvuugmd4uwjhydlwu,btc,,2,False,
bc1q3e3ykmz9k80hfu8v0s9jcwph03hdwq0zwrsumu,btc,,2,False,
bc1q3e923ur6k8sf487dvyeuqukkumrugepfv7zzgj,btc,,2,False,
bc1q3g87a8wc028cyp8ycq8k8jjmvhew5zhs70q3ye,btc,,2,False,
bc1q3n9vnhqjzh34yehe896a9zd40msensv29pvpez,btc,,2,False,
bc1q3j9nfwq2rr67vt6ssv86rl3jvdfgsqyfqg954u,btc,,2,False,
bc1q3ljvjjtdwnr4jhlrxpk989ql9vn5helud7lkxj,btc,,2,False,
bc1q3gcu5gxtnfj38fd8vg8yp7ve23tdfd5creu9ux,btc,,2,False,
bc1q3jmz87dzh7kqz4em4z4pxyxvu3smpvdehlltng,btc,,2,False,
bc1q3kk86drtt0whegsvpjpl0nxjjx9fq583t2dczq,btc,,2,False,
bc1q3ql38jfzg0ny5ahzch8wnsh56v8kk0hgqrhv00,btc,,2,False,
bc1q3qhpke4x6x4qtn7rc72ckedj40y9penr8y0agt,btc,,3,False,
bc1q3jrrr6jtx78fce57m5f65jl9a30wedqhkuzuum,btc,,2,False,
bc1q3pvg6axpfde0uk7p6gkl4wppen3sdewerlsaqj,btc,,2,False,
bc1q3rumj9wnknsj5y6z0j2kvauq2vc4n3xjz7mqhj,btc,,2,False,
bc1q3s5j70h43jexpvprkedspufmzqevrurcetvmva,btc,,2,False,
bc1q3wlpfafh62lgq24e05d04x8msauazq7wnnwfdu,btc,,2,False,
bc1q3wce0sanmflzj0af8cpu3l3qjls0pu0x7zceju,btc,,2,False,
bc1q3rlvnrer0m8v2dmnjym2qp506knqkq7sc8mxzz,btc,,2,False,
bc1q3t0gl6d6upyuvm9rykwzgt9tk6mgml6s6wdajx,btc,,2,False,
bc1q3vjqsdnexup7467vw2fd8pteyzv22ehhdz5u4k,btc,,2,False,
bc1q3s3nn7zfdcsmvyr4khmu340w5sp83g8fca074m,btc,,2,False,
bc1q3tx2u8alcnlu7rnzru4w560fcdzzr0kunea8gn,btc,,2,False,
bc1q3w0tegdrtngf0mc97dp2nw8uvwrqev323s4lq5,btc,,2,False,
bc1q3v3j8pv9rzayzsdu5qjg4x0kwrvq35v492zu3l,btc,,2,False,
bc1q3we9dx7zaqufyafcfnjkns4xazplzyqnp32w0u,btc,,2,False,
bc1q3xlkuamy5qm4dc6kdgdcg99g255mja9yc5ryps,btc,,2,False,
bc1q3wvagas0zee5x9cx5rmv2qt6l53s6ld6vs8597,btc,,2,False,
bc1q3xmjegxduyntaeag34asttjwttsdlzqnsh0n4e,btc,,3,False,
bc1q3ztcwf8w6vn6zneeagt4thamg2f4pd8prcch9d,btc,,2,False,
bc1q40q8d95l84r8jw4f33vrq3u9qn3j4w3r7yuuhe,btc,,2,False,
bc1q3zx9dcj4enu9r2dek5xavhgttvgcu7vwtqeccd,btc,,2,False,
bc1q3yq77zlqu3677keh8uj85pdnkzqu756sfuacjj,btc,,2,False,
bc1q40zy0a972e2gjvq2jsmuj6y2lea6e2fhy2t564,btc,,2,False,
bc1q43khay2ntcnsjcngt5zfmc6mwl7alreq0q8z2d,btc,,2,False,
bc1q43tfuqr9ld5k294vhnxrgaztad5hwcxjnl046g,btc,,2,False,
bc1q44gfvku4tmz4q3up98psmfcxmt7j64krss4ya5,btc,,2,False,
bc1q44mgt0ht9787qv8e8ts5xxq8ta52tdrnwp6x77,btc,,2,False,
bc1q446fj0tjrh7zns9c70pndx07rpch7fa9c97h0z,btc,,2,False,
bc1q47a9x3cfx6hw5wr2dvz8wp6t9nclyceslnk869,btc,,2,False,
bc1q447tvcz3xy64fv9ku4mgesxtdnutwfvqlzzqna,btc,,2,False,
bc1q48ez3k8cmplesfrkh7fux5lssxce8xe3tzlaa3,btc,,2,False,
bc1q44w9f7k6240k5ztsdmqqzl2jls99y6nnjkyvn4,btc,,2,False,
bc1q45zjdvqs6cywz6zey5gkksawjnsnvh5zzr373y,btc,,2,False,
bc1q4a2aev8vg5fg60ka5k5nu8tlpg9z2vfzqcgkez,btc,,2,False,
bc1q4e03sdz72x9e0wx2vj75vw7mrcs8dm5gm8kwcl,btc,,2,False,
bc1q4egwgep7ynx8mse5dyvnevy72hcwv53rfgsxy8,btc,,2,False,
bc1q4d266fr85p7l6tdfdmcn6uc5nfx49h9h4w23ua,btc,,2,False,
bc1q4eyx7405y33n9ldgstggzylkug8w5lmk8fps7g,btc,,2,False,
bc1q4dnwxqpsgd8ktxgmu4e6zajpu45rgy0egwhgsc,btc,,2,False,
bc1q4gdftqrg36jwt8tt0p5taupsqm5fhnyzrkf3hh,btc,,2,False,
bc1q3sjej0qsaq0w899r0xsew76eu6qzyzft3upxr8,btc,,354,False,
bc1q4jfczsn3txyds5g4cfku2ak6zz203utq4mtjmd,btc,,2,False,
bc1q4hce5ywcr77p6m945puupydgep6cguhsf73ftq,btc,,2,False,
bc1q4jg498ek228xtmnd4csz6ql0catuh7kg0z3m7c,btc,,2,False,
bc1q4hngpquygd0e3283l2uzr6hsyl5hms6vukpkc5,btc,,2,False,
bc1q4jhed3aupw73e8y9kx0tw69575zz70m5ml32xy,btc,,2,False,
bc1q4h8l759axg8k6xl40hjxljp84nspcadcu3apj6,btc,,2,False,
bc1q4kc7lhza77amsml9wuungw2jg0t769ukqrncnq,btc,,2,False,
bc1q4l6dzhx2p0psrvfgjc6a3jur4cxnc98shtqn4l,btc,,4,False,
bc1q4lgzax4s7jda4ju6d0nk2d6694ad2laye3mmeu,btc,,2,False,
bc1q4laac8utgqfgp6re62s34dm0lzgtmuldqr8t7z,btc,,2,False,
bc1q4lextaplc599femkwu9zsplghqg6eudlznx88f,btc,,2,False,
bc1q4pu9t6y69l0nag66af2wj2t8sxkkjgyffparxj,btc,,2,False,
bc1q4mwyr8clf76gvkth5eaxaqedty2q9mvkmqnq02,btc,,2,False,
bc1q4lma3an3uvptq539y20320uus358887hzmjjjs,btc,,2,False,
bc1q4qhhkn4h4ahwgvxtjtlzypfl3e9p5ey8cc4zu8,btc,,2,False,
bc1q4mp4jgyw3zy4fmdusugsa5g55etffuk4tmy4r4,btc,,2,False,
bc1q4qjhlst4vtuf77p9f4vkcepyr5n4weg6vy0vx8,btc,,2,False,
bc1q4pc52gc2tqlwna6kudw66eykds3lsw9ch35jj9,btc,,2,False,
bc1q4rurecaealgghpnu473gezecvldjkntg20a5dr,btc,,2,False,
bc1q4lzcwsr296r6tydhvdmnfekay8r8qlfglzcr7s,btc,,2,False,
bc1q4t75pfcq879dckz2ddn7ya5r9z7tmcy7q3zeq3,btc,,2,False,
bc1q4qjwcwwxfjrvc80y3z4wg8qk5t59j28cmsg0em,btc,,2,False,
bc1q4q5xxz9wq5as3t264e00uc75jdwezmjfczxe7f,btc,,2,False,
bc1q4sesmvmfttt2qd9amggg968p3z97f6g7rlu7lf,btc,,2,False,
bc1q4r3n3nclpwc6vk3j6h22c773mf5gqlwjzuvv00,btc,,2,False,
bc1q4t4unvacy7qw8mm48u3e4jpjlvfmvtn7l5g6gz,btc,,2,False,
bc1q4uuplmwj6qr2uk6t3uck7exaq9j570zzeqkuwp,btc,,2,False,
bc1q4u3kh9ggsrel7gek3f764w546hfsau8lu3j2jv,btc,,2,False,
bc1q4vrtaspj7qlvqh2fcs0tykrdjyey5cyrt9ccy6,btc,,2,False,
bc1q4u690xphhpacrh5deljyt3wk5ndz3netf8rqm5,btc,,2,False,
bc1q4v9mhlda52v3qpxt494lkfs95ycjng4027e0vg,btc,,2,False,
bc1q4t7xx94ut89qp7574shtcdzaz04yt0dfcjqetd,btc,,2,False,
bc1q4xl4dfw7348ywrj0zhqpvrjvtyjq36mpw6gmdp,btc,,2,False,
bc1q4vzlv66wpyjtvfmfsvd5nqsp6hz06mn3gwvfzg,btc,,4,False,
bc1q4x6hj2t4pg27x6yp3afelnffjcycq6fkvmkhvv,btc,,2,False,
bc1q4u99japwpu5r79mmse2e5eytn9ks25ez3seazn,btc,,2,False,
bc1q4w7lyet3el9zk4yfjf8fgnhd5g5ltfnkj25aar,btc,,2,False,
bc1q4wj3dnw3y7klur4da3vnltrkzzz4paz0ajav6v,btc,,2,False,
bc1q4xuaq5lg8u9ehun5cu6xzvm2v0dvkwcfece6uk,btc,,2,False,
bc1q4xmfwpder9vxf9ud30k9wyy4pyxj8cala82vjf,btc,,2,False,
bc1q4zatsy6yjpuvwlfhwlsar879rlwk4jnqcpx3hw,btc,,2,False,
bc1q4tcekpc9unz884wqf9l3d0h762d3exkjq062hz,btc,,2,False,
bc1q4zg682652jqqmwsgu097pethduwztncpz9g58j,btc,,2,False,
bc1q5265pvnznfc7mcyrlrl93uzv3xfzx66xv5cxlm,btc,,2,False,
bc1q4y9uc2espu03wzfj36mv0ecvwhkf2n5akmvg9g,btc,,2,False,
bc1q536u2hdgkg3eqlnmuv5tttrk3e90szku60hflm,btc,,2,False,
bc1q563n43txunpdd82zz36y6vavhqxpegsz6z0y5r,btc,,2,False,
bc1q550frc2tlzlfk5xuyulx5vth4du488chpvazz0,btc,,2,False,
bc1q52sft74zetzy2ck2pyg0qw9qdnymsehkht0mt4,btc,,2,False,
bc1q55fh7gkv9ck6uzupmkmshjtp0k3r9nfwtq99q5,btc,,2,False,
bc1q54wyhez6ht4fxa2wv0kk8f6w973nq7thkkyafv,btc,,2,False,
bc1q55u3z3z2g254rfl48qwpzvtmqlap2q9jcw2ct7,btc,,4,False,
bc1q568zlh9aqp5dcl94t8d634kpk33ersfm86waty,btc,,2,False,
bc1q55ywjne9twls6k92934769ma0jr02gjwvu77qc,btc,,2,False,
bc1q580m2e9x8w8fpdtqa6fedsvt27yaakkjsdrum5,btc,,2,False,
bc1q58gla2yrpj67feqwwt6hzckckphqn7js34cjs0,btc,,2,False,
bc1q58czzpqc4n2va6atqm7t27uwxewzmnef3n35yx,btc,,2,False,
bc1q5a3kg7mucf0fv8fdnx23erzmhaq98g3jevnd5r,btc,,2,False,
bc1q59c4qg5j4qljprypgt8vgwxj0f3g3c9z4yq64f,btc,,2,False,
bc1q5hg53f9z006vmvz32epuqsyt8xaj5j35pcx3cc,btc,,4,False,
bc1q5cytt7au9ae45zy65wypwn4ap0sghcqyrx7zc7,btc,,2,False,
bc1q5e4qdwptjtx57fevy25epcdrf8432zhfthwvre,btc,,2,False,
bc1q5eyej9txdcnpeennvn6rkku2765g32dlhd8kva,btc,,4,False,
bc1q5ghqycymxskdgng59983jucx7ajnd3wprs2j29,btc,,2,False,
bc1q5frc2tzk45yuy4apuwp9uunluy0q4xsplrggw0,btc,,2,False,
bc1q5dahl462hw2r2sdv94gt67efzgqztk3jgekuch,btc,,2,False,
bc1q5hh950hqxtazcwqnkp60n9lqtmgraqw3kqppgg,btc,,2,False,
bc1q5ms9xgfn5nlmnhfkmuz5knarfddg07ysz8ldjq,btc,,2,False,
bc1q5mn7r7vypqe2xfpz8z9j9eezkaehfhxugxrh7z,btc,,2,False,
bc1q5n7d8f5p0fmrqskg0ljjp6qpkgqxzu87n3g6rk,btc,,2,False,
bc1q5q793sehx2qg837c6202gqne00tmpjqengqh5j,btc,,2,False,
bc1q5qnn8g96d7ahnd0v0m8lndrz62prgpxhajsdks,btc,,2,False,
bc1q5sns78zh34dtjf4gxrrt02tpv6maxvk04al0el,btc,,2,False,
bc1q5tvhy4p92vcregm2j3kw32yjq72s4ltq4zpagn,btc,,2,False,
bc1q5tvwun0y60f0fdy4lsa0vct5wqnkjc8ergxg6t,btc,,2,False,
bc1q5uhrc293furne6rhqap7zvajtvwnfv5kvnaphu,btc,,2,False,
bc1q5tcc8ljute4my2z6htw7qy0xsat475jn6sx36a,btc,,2,False,
bc1q5up78zcgh4zz7tughas06jlewa6p2zzrxyafxs,btc,,2,False,
bc1q5v90c48agg5sntjwnm5txtxz4lsce0f6tczd3s,btc,,2,False,
bc1q59zrd0zftzswcyqqqvpchglgg2007pnkrxpyn5,btc,,876,False,
bc1q5wkw3jzzxygavupzyclas99jvgjmwf9mzhkkff,btc,,2,False,
bc1q5vqnrkp6rkr2vk2j7ccl6h6vpknl5vu2vncv8l,btc,,2,False,
bc1q5wkp4r5seacwq8tkpd8d7jkg388rdfdqv533z9,btc,,2,False,
bc1q5xfs0nq0xqf4ldyez7ce49x5hmnxuan9au4ume,btc,,2,False,
bc1q6275khu65g9aeudegt6ghtxgkw87phe8hglqzz,btc,,2,False,
bc1q5wg6jygmvjgg64wh00kp94z9z3r4wd9c0e4m8e,btc,,2,False,
bc1q63ws62mw4l6l6994tgydy70endlvllrsfgkk40,btc,,2,False,
bc1q5xv93aegr2j330m8pvnnqqqazywazz4lj77fl6,btc,,4,False,
bc1q5yya6y5hqf5cvq5urrq53agkgpcpsu58hz09fk,btc,,2,False,
bc1q659q4cwczx04j97ducfmaz3xh62852dcsr5aug,btc,,2,False,
bc1q64k0fy6jjxakkmxr2u646vzx74kpegtqne4c0l,btc,,2,False,
bc1q65k8qtxamqclmap5ydgzec8zlj460u35e9ndzd,btc,,2,False,
bc1q65mqwk4pa2qpumzwj5vewhqfv988qkx4k7u5gt,btc,,2,False,
bc1q66t7ytm5lqul93hat5dahka2cj2wqe2frhlqf3,btc,,2,False,
bc1q67te2x24uefvcv7aatstfmsx0grugugzs5fhff,btc,,2,False,
bc1q687fd2lzjtmevjuvq86tphrmkxaxrdmtnvtr3y,btc,,2,False,
bc1q65wnpx3umjrmry8ecl8s92ewefcrcusf4dcyw7,btc,,2,False,
bc1q67k37dgfhstyp37ah38j6m9dyydllaphaekalt,btc,,2,False,
bc1q66y4lsn8pezwaqe9twau82nau6fh984dmnkqt5,btc,,2,False,
bc1q69p5q4vl0mcj5j0n366mp3ewpk8z4fg9latf3m,btc,,2,False,
bc1q68ys3l5dq6f0w76cd3fxky9s5pv73dgsr254tg,btc,,2,False,
bc1q68r3j3dth3xnvpcj9p6kzh56u8cq6eyswc0qyw,btc,,2,False,
bc1q6atfcswgs5cv7ylpuvn4mnewtwjmaymlhgh7r7,btc,,3,False,
bc1q6aev89cujczs5vrrcye9x8t6xjcm4rkssg0exv,btc,,2,False,
bc1q69qhfw7867tdtqdy6haskuk5kmuqcx06dduap3,btc,,2,False,
bc1q6hjjltr2n7hjhkfd9t7zahn6udrq3ltdl3qsth,btc,,2,False,
bc1q6d455fdh9sfqn5h202rddmj7lntsmyv9t0qvre,btc,,2,False,
bc1q6fqn0ecnhkwtysruanvq5xp5h7m38w02uthfuc,btc,,2,False,
bc1q6g7wfjukke8s0rdp0g8rhemtmp4h2flj8a2wkt,btc,,2,False,
bc1q6j0qkyd05yvc3w6k7pech5swey34srpmprt4rr,btc,,2,False,
bc1q6kc6s43tp0v54pk92xexajqgr6l5qexj23vy2h,btc,,2,False,
bc1q6j7l8v2equx0v2grmm9r845hxq67j0p0xa42q8,btc,,2,False,
bc1q6kfme4s78rxuamns3cef0w0k200nzenjeq324f,btc,,3,False,
bc1q6mr9xhpwrzznurt2ryfs5gvh5rcjtc000v34mw,btc,,2,False,
bc1q6kjq30yn4e8uzzw70f6hmekvn2ygv6lz0z5gzt,btc,,2,False,
bc1q6pg9vp9yv3wek6mxejmh05fedzsagqc5uf29kq,btc,,4,False,
bc1q6ndtcvc4pdu932tdlrpmucunefts0qam85falm,btc,,2,False,
bc1q6nvp0sldyqze2k79lvu2p5dgexqahdrhatzsn6,btc,,2,False,
bc1q6pvffg8dclg2hnzn8uqgpl04c9v3z4crs2yjrq,btc,,2,False,
bc1q6rtx362z3hyvlte06epe3rkhvl5l6394ztd5xv,btc,,2,False,
bc1q6sc5u7cpa7vfqvaunhlhacjl0gy2p7fvxnhgr8,btc,,2,False,
bc1q6qkw6rkcx8ha0pkq09lvcca3gvcdyq2a5m48yd,btc,,2,False,
bc1q6qn4kjm5v2jrkmwus5lxzyrrvuya7zvay4lkke,btc,,2,False,
bc1q6sx89m8qk2hdmts9hgpn99vp4w6lpu320j93q7,btc,,2,False,
bc1q6sqq57zzv8qyl92cl5dhw5d24ae8m3f7kynvyd,btc,,2,False,
bc1q6sg2cjajfnfja9cwkf7wv4htfpxtwk0s5ae3ac,btc,,22,False,
bc1q6t07mnjd0puefq2hywu57cw6t43xdw9cg4urtz,btc,,2,False,
bc1q6u50va4qj7y6z8wpdrh4uqewvf7u5txvp74vq7,btc,,2,False,
bc1q6w6f0er5kq30zxgvlqwxtwq4u8dsgfqhrsaf9a,btc,,2,False,
bc1q6uqg20n4fuadkmruzf0kw875v45yd9spkkjj3u,btc,,2,False,
bc1q6w3jg84k536qrpwqrm8px2u8zrekh2npn9va5v,btc,,2,False,
bc1q6y9jhs4y68p5appuu52zjh86ts37xt649ull84,btc,,2,False,
bc1q6z9v292kjhpeaxg5uxrhy0vahuv79ngac9v6ax,btc,,2,False,
bc1q6zysme3ztpyf8902rlnkm9wtll0jhfv2sa42ry,btc,,2,False,
bc1q7244gx37c9p8a3tsm4x39f30y60za7c2al4mdp,btc,,2,False,
bc1q7280anl6hss42zg58upefqv552fpywgnxcxws6,btc,,2,False,
bc1q73a6f5vvaan3g35egjzk3zk4v8xnnd5y7any2a,btc,,2,False,
bc1q70u3v6ak9khg9m4ht5hsh7hrvnq6mn5uaqkaww,btc,,2,False,
bc1q72g4mnxms8sed865l04qw0ul37y5fmk8wn2jvw,btc,,2,False,
bc1q72e69vwly6h0cxcxrhsw463nln4kn4c3225039,btc,,2,False,
bc1q74hsqhtqs9rrfzruml46f2ur5nnzg8m8kx09th,btc,,2,False,
bc1q75ag3g3pm6jj5qch9vvwrnmv62x0plg5l463zf,btc,,2,False,
bc1q7424645ehtlrq92jdu5g42nuasm6j2ljvyqec3,btc,,203,False,
bc1q75qfdumuq9gf0se9clv9sn0a7rkj48y7xxercu,btc,,2,False,
bc1q76jhejupwt0y9mu53q6nrrjy7hc0cpuz2hdl4a,btc,,2,False,
bc1q6gw5f4q57g4j7kvxu6lqd6asz6d8963le3aw6n,btc,,184,False,
bc1q77jqwgvwtxzzla7qh5rx3lwy7a8udk8f8adwt5,btc,,2,False,
bc1q78emd2zjy6zah0tlxql60yanyak808e58fyn5x,btc,,2,False,
bc1q788syxrfw5gxp90avj5zzpeewu8453yzqplswf,btc,,2,False,
bc1q7dy9lle98c98slysn6fgyyqtf6dtnlhrt0am6a,btc,,2,False,
bc1q78zey74hdqa52f3mv6zyepz32k68rpzug9s50j,btc,,2,False,
bc1q7elw75fape6daf62uzssr06dcev2pe0u8xr7l5,btc,,2,False,
bc1q7g974dv8ml9m34hzmzjyh9y03safaz9xux7czv,btc,,2,False,
bc1q7eqpt3z4dphwhu7yej276dmzynxnjy7gxmqpyd,btc,,2,False,
bc1q7gc6jfw8ld2wtuxyqmeyxf4ujsgxll76k5f8xr,btc,,2,False,
bc1q7jhmg8eurp99u24wtlx3uxgyapnt68zx02kqql,btc,,2,False,
bc1q7jlwz3vph9q8838gwqen85550vmjfufwttgxz4,btc,,2,False,
bc1q7h92nnjx7g9ncp9lvzxlm0fgamx0g3etywvf2v,btc,,2,False,
bc1q7hx3w042j4xkrmreqcl07pgpj7qxupn6asx07v,btc,,3,False,
bc1q7l59vwu6jz9c72u90c4k5e5wvtzs4p9l45v4vd,btc,,2,False,
bc1q7kvc63v2m9kl04wrxd20f05z0mssc8sp793rms,btc,,2,False,
bc1q7lhzld95zj58dv7h6a8h4xecd0d56cwhvzgemm,btc,,2,False,
bc1q7la75txhlaqgj34yn2z3hyr50sh7ttcvw0l2de,btc,,2,False,
bc1q7k5v50zasavydmmj6ha2yz8n9fc3v045pm42qu,btc,,2,False,
bc1q7kcpruhl6qtjnghaz5qrzqp69l2ygm2u3d397s,btc,,2,False,
bc1q7ktf4vrz4hfrr43sq7ax4mksdqapfflx2mdn0p,btc,,2,False,
bc1q7pj6emmmexju6g30xqgaaxtuvlxaavkfdlc8rr,btc,,2,False,
bc1q7lyhljs8d4466d6uga0g3xw9njqcdts5j5fdcl,btc,,2,False,
bc1q7q76ytwy5743nrc6lsyxuk0a53srmadx8jjsnf,btc,,2,False,
bc1q7ne6hg9z0ypryymqgx9wcdq3se0skh55ky9y9e,btc,,2,False,
bc1q7qaajgmgfl0uyqyr296kxdf46gzdxdm82gzfaz,btc,,2,False,
bc1q7qxlgpjxz045n9hx5teyzcj94kjy837z9est27,btc,,2,False,
bc1q7spwdammw08esunc2jzxdmhj3tsutqakf0r283,btc,,2,False,
bc1q7qgryzcutnqmd4m074y5xcnxwuz0f5rqvh6tr9,btc,,2,False,
bc1q7qjcjryqjhu9cherv65pq2cmwyc0rscchdzu9j,btc,,2,False,
bc1q7razpe2xagzdph0unuq6emtqves6xm7kv90cd6,btc,,2,False,
bc1q7u8gy9jprw4geefhzrfr2n8re9s2ymekzsjvwt,btc,,2,False,
bc1q7zefz5u0sep42rm52hjsz2qh0w6rpt48xsa496,btc,,2,False,
bc1q7zu9ad50d05syqlpsqrq4afzwye2julmwf2cgv,btc,,2,False,
bc1q7yhe7ql5740jhu3s5n3euqtwlu0cfxu4tannur,btc,,2,False,
bc1q7x7qn0kytyyd3pl2hn0tm5d5m34vxhhzwnw4y8,btc,,2,False,
bc1q7zxxpqahezymwv5fe3jrfd0f4ljm23w8f56nyh,btc,,2,False,
bc1q7z36z82prhsqy24sp00d2dsg49w49rd7jzrdzp,btc,,2,False,
bc1q7zms5qvs0dftmru9xk20fetfmx4qr7k2wfp8vy,btc,,2,False,
bc1q82n0dgh9l0yxf435nv2u0f44nz904kx57yel0k,btc,,2,False,
bc1q80se524rz6yuknhmdfs8pjtape9k2e7qa35vg2,btc,,2,False,
bc1q820afkp2yrv9x2w8jejvhsl8ahnd4cq8tccs06,btc,,2,False,
bc1q808r34x3d2fq3d38vh66wtggawe4n3zwmerupp,btc,,2,False,
bc1q8074uuz4a2k9rtwgklwlrdc92u0g5kgtdnrnve,btc,,2,False,
bc1q822p9nagpeu02ptmecg6cepnfgh5fq7vhm090t,btc,,2,False,
bc1q835c7l0vqxaujwzugmlgq84z3d38trdg7e2ju7,btc,,2,False,
bc1q82tq6px9599xe8mnpn39dwtgnskfkttgz0d0qd,btc,,2,False,
bc1q83xp3wadn50nvku3mtnmjdjtpnalymv6g9pxdy,btc,,2,False,
bc1q84g2ruf7z3n4n7w5mchazzq87p80mwnmljyu9w,btc,,2,False,
bc1q84y9vhysejmc6lc66axmkn99mj3kdxkrd3gdtg,btc,,2,False,
bc1q85fe3czvr3m33g0zzl8zrrt2qjj3lcw3nd89pj,btc,,2,False,
bc1q82v6suhgf8el9h6xxq62vwt6azs0e6e997uh6x,btc,,2,False,
bc1q860fdra82xjffpatc2legm7c0fqt3y7vgfvzyp,btc,,2,False,
bc1q87gc9rmz5av7rgy2rguudwslzqh3pce9ks7kw5,btc,,2,False,
bc1q85w5t2d4vp7a70ddxux3979vv8qz4rpfgs2zz3,btc,,6,False,
bc1q8580ffy3cdsys2264pff4jftd9mtmlvk2ypgvu,btc,,3,False,
bc1q89t8jf38umqnxm7du5fjtzryze5ylq90z2hhh5,btc,,2,False,
bc1q8dymvp0mcfkwf26r9prm8656ye97v40f94lw6w,btc,,2,False,
bc1q8c5l0wcw5jj7sec9gvmjwl2najmy4p4awrnpuw,btc,,2,False,
bc1q8cj38zc04gv3330quaxsa5cx822ch84h72j87k,btc,,2,False,
bc1q8c4aekt0mgjry6mp734aghjj2c3uq8s36hpysy,btc,,2,False,
bc1q8dpxchcwg7efrxmxuptnt9zknlugyttk8zqefd,btc,,2,False,
bc1q8f9cfd7xgr37650ls0mtd0720x0x4hjlt55wnr,btc,,3,False,
bc1q8fn7et4lzxpkt2lc8auhxpersm77h8vrxwghm6,btc,,2,False,
bc1q8ha6h8lr30r8lwpn9r8jeaxg7lkve23wvcfexu,btc,,2,False,
bc1q8ekk3nvk8r494u0msqqny4z3azuwelmkpt0re5,btc,,2,False,
bc1q8jtmm5xzx8kfl84clcvcmanzf29vk7542wm6ay,btc,,2,False,
bc1q8jca7hlt2csxtkdq5r89a94k0jv0wp5aw83w03,btc,,2,False,
bc1q8j77w3kx6vzw3vzq88j77r2gu6zp40nxqx5ef2,btc,,2,False,
bc1q8j4h8y28ja3np6ays7vyn649djgzl32t6l6pz0,btc,,2,False,
bc1q8kh4kyyxnx0m53e8w3nw99h45q0htp4aca29gj,btc,,2,False,
bc1q8l47tw33r7448q60c8pfnjrv2xtzvfw2t3hl0r,btc,,2,False,
bc1q8ku7cqhrrxjtw944jcqdrnsgr3my0h8jn2rckx,btc,,2,False,
bc1q8l57ghxj2lqrcj8m8cwahsjqmyq3ww4radaa4m,btc,,2,False,
bc1q8l5hk7575n2pz40n9nqgp4dj438m7ys9hvrtzg,btc,,2,False,
bc1q8l9nl8vxeq5gkgfrz9t9m8k8nwtva8n9239yq8,btc,,2,False,
bc1q8levq3m4ytdll5k83ecvwgtf2ka8lz6ju033rj,btc,,2,False,
bc1q8lq6rx6uqkewt7g6c0g7v7w3qauxvqlyf9ahpc,btc,,2,False,
bc1q8nh2e4ajra6sp6zvslve2ens7c0jtt5jvzhp8e,btc,,2,False,
bc1q8ntgrtmlxcgy5pwn6la30mjmgcjdk56vtyjj96,btc,,2,False,
bc1q8pl0m92mq5q3dk7v5cfqtfacpwqatsr7vgllkt,btc,,2,False,
bc1q8mqaqtc6dymee6up8u4wagf9tu645klw348th8,btc,,2,False,
bc1q8m4pzm93sz2hz2djh4ryhvylsun3rat68ek5ph,btc,,2,False,
bc1q8nsprtg7gwryvlmy2ura05cefe8206zk8wyu62,btc,,2,False,
bc1q8tmg898v0r9nn70xn7ujzq7fr3wpqxxyl8x8hz,btc,,2,False,
bc1q8ppx8lgr82tenzgc90djszmr524wwnrqeryaks,btc,,2,False,
bc1q8t2fq4fn7yjs3235s52p0vgkwayru6z3zgvt5r,btc,,2,False,
bc1q8scyyn0dfjkkgwdykmuy4t2pk8ff5r702krd0k,btc,,2,False,
bc1q8q6g0d97gqxftmjexhl47yxpx79885dddhqwr9,btc,,2,False,
bc1q8tnvhwn8zmde8dxzhj9sad90mh375sm4wnyk05,btc,,2,False,
bc1q8q362ffgdk0ldp56sphq8vp56v0laj3ejw0kxl,btc,,2,False,
bc1q8u63q7cen2eec6h6v8ztp9r2yxvexrlwpypzet,btc,,2,False,
bc1q8tzh86w04av6wyjfq2lpnx9ya9afv20jytm389,btc,,2,False,
bc1q8udljfahlnkp0gkc2nwd3zktyq5kzy8n35kh6j,btc,,2,False,
bc1q8ydvvkdme873lm735tzctny5ykk7xp8f6yqvg0,btc,,2,False,
bc1q926xr7cdxr33zwqf5jx6f6yxyn5xc5hamuf4hx,btc,,2,False,
bc1q932v20l87myt49m6l9a85zhxlpja0ck2z4wtcw,btc,,2,False,
bc1q92csvhe5uap8y0v58vlzwmceysgsw5hrzu7wpc,btc,,2,False,
bc1q956mtt2uk2d90a88l86s6n9n2h38r3ks82m5qh,btc,,2,False,
bc1q8zy9kp7wmcxkh85mlv5ng0kvgtz7ljezgue7t9,btc,,2,False,
bc1q932sevvy42sjj6w7xnun74v0s44ea9r0cgwlwv,btc,,2,False,
bc1q96j7wmlz38s6nn2e3nss3uza9c5zv0k0quenwq,btc,,2,False,
bc1q95r7j2pl2eq3jedpn32pcusyjh9gejy0rux94s,btc,,2,False,
bc1q980f7zklf29eluvkz6ma3pdqdd84wt3ktfam4z,btc,,2,False,
bc1q968m2sxrh86a58r7zzg85ul7m7q63jxlzqpxzs,btc,,2,False,
bc1q98q6lfdh7d59cxl5p6rlw8v5mgccckx7u0dfm3,btc,,2,False,
bc1q98pemvujc59jldwegxrlw3fyyuuapn9js6u7dk,btc,,2,False,
bc1q955c6pm7cqgpflv52gx0qzvh0dv3m8dfrzhasj,btc,,2,False,
bc1q978kj7eg4q5njd3wlalmwdvtlsf5u05389hucr,btc,,2,False,
bc1q99cnv7z2gd8ywsmxmpuh6l3vxdr79a4hv0cl27,btc,,2,False,
bc1q983xcwmtvdaesns9yqsjhsjvfn4yprw7e8sywg,btc,,2,False,
bc1q98txngvq0hkmvarqh5pghft3w9dt2r5gpz4zta,btc,,2,False,
bc1q9c4x9jt9admpyk05eyz8g2mgy70mfwlztxx5my,btc,,2,False,
bc1q9ax79xjnqy9a0w442mpeeu4yq6eu46lqhd3dl4,btc,,2,False,
bc1q9c4kmmtvzlhkrurjav2gtfdxdg6gttyrgulwu2,btc,,2,False,
bc1q99kt7jg340t6yejxryeeyg94zhhyf623hy3e5u,btc,,2,False,
bc1q9df40kt5w98w2fyfvz07nggghj6mg0xqp3trv6,btc,,2,False,
bc1q9dgvpu58rs2fy3g99k9h2uwd9k0qu3h62hrsez,btc,,2,False,
bc1q9ctmv3yek9nvs0cudtaxsya0rjvegyl0xk47fk,btc,6486000,1,False,
bc1q9cgu75tugh5m2pvm0j2dg4lgv89rpr3s23naam,btc,,55,False,
bc1q9eg3lsma5wse6s2n80wp795kffmc9edn85edrw,btc,,2,False,
bc1q9dwkjukpmct6gemw355fpd5nm7sh60qmtypdh7,btc,,2,False,
bc1q9gurux43xsgurwnq5yy7xm3pxqll4z4c779zvk,btc,,2,False,
bc1q9ep9mgk5wrjm7695nnssd35jes67h0ef6dn5tr,btc,,2,False,
bc1q9hs607rw7gljj8me5lna59vmujuew5g8khlyfv,btc,,2,False,
bc1q9hea9f8nha8vw82vyhpe6heeadpjzy43zsehr5,btc,,2,False,
bc1q9fjkn2u9yfhnkwqr7j037yhs349g4ccmpxssz4,btc,,2,False,
bc1q9n96sqg5qzsjej29sxkkf7z4s9x8qj5eysnjcu,btc,,2,False,
bc1q9kj225n4url7r8a3srtdvgv0tr9eafyr728g0y,btc,,2,False,
bc1q9hauxuds7g9ghgu5fx07jjs5c8pc5rdx6pyxht,btc,,2,False,
bc1q9p7734l9p0mtylulduu8yy4z2xkq22hly74fpr,btc,,2,False,
bc1q9lrrma7xmeq89ke8fmfqhds8smtx7d9uct582p,btc,,2,False,
bc1q9nw6k3wkqhw9q8drf724wq3wn7qwxvf8uynv0n,btc,,2,False,
bc1q9pn5sej0kyhkpvjnv63hsxhue4vn7qj5vgqkmy,btc,,2,False,
bc1q9qavhs0azst34fgqqyhapm5z6nvd6dhwupkqld,btc,,2,False,
bc1q9q6peqsy24ezdcwcydvz7jfhrtte4hjwnpc8nr,btc,,2,False,
bc1q9s6l4087cchp4s7mjtj3vz0twxw63anjvqf5h9,btc,,2,False,
bc1q9qtw2xff6r5mr63rs4m6t0vc0ujx9s7ahj4zdq,btc,,2,False,
bc1q9rju4pe4f340ypgxvxeuyts67hy8z506j577zl,btc,,2,False,
bc1q9qg6vmk6yqgkppm3ul0sdzvxpglqdxs8zf0n3w,btc,,18,False,
bc1q9stv369ztcj7aq3rp5t6273elcf62am6zfxq4s,btc,,36,False,
bc1q9sz4ghkmg0ea8yy26ss4whph7fw5mvlp9xtq6d,btc,,2,False,
bc1q9ssaq9pa6nprhv95khvzwwc28l553lft3uewxw,btc,,2,False,
bc1q9waylxpkw2n65s7negwa8sac4nc3dxyadlqfff,btc,,2,False,
bc1q9t7re66jaf32fd6n6mdq04r6sgup8yc9qwnh6a,btc,,2,False,
bc1q9vdrrgz5vcpfkqf2r9stqtz8x659kftdsyka2g,btc,,2,False,
bc1q9ws48wacq5yv3acs4eljcv724eu0ea29wa3k2v,btc,,2,False,
bc1q9x93cupdmh39nmlptatmsd9q6t7sdjmd06hkpr,btc,,4,False,
bc1q9wq6sdv5ms6ftts56w0tvlh9qgjmj0ur8pv82m,btc,,2,False,
bc1q9undcjrp4fwzxuvaztcasef7tf5j3sk6neqev6,btc,,2,False,
bc1qa0rvngqnw8e0cgqvdfpn2khr2h9xynj97m8ayr,btc,,3,False,
bc1qa453nkkud5ycyakcum9hg0ah2xh6xc9z05m90t,btc,,2,False,
bc1qa0d6qee209mrk5wpml2a8u0r52c772akasahwm,btc,,2,False,
bc1q9ykwprmgq023y4fac9mnanwv6eewuv4nmm36wg,btc,,2,False,
bc1qa49c489ngapr92l25846ns79yknl67dcgzl2dk,btc,,2,False,
bc1qa6f7e788mkp0ltyv2jvcpqy5mf02dl9wg2lytd,btc,,2,False,
bc1qa5sr9uy8tww2c4l2zrce2velz3vl5gew5273va,btc,,2,False,
bc1qa5vg0dmhc7m3m0glh5sw9hd9guv9vmj0ywzslx,btc,,2,False,
bc1qa6eae9gd3d52sc6h0y73eanpqp83krdgefdu8p,btc,,2,False,
bc1qa898k5q62h4npcd8nkn45r3peqw3t78q9jrgw8,btc,,2,False,
bc1qaafn5zek6vfptssrnpph4gwqys4k6gphv7z6cv,btc,,2,False,
bc1qaaqnhzdwp73zsk44ccqd9hcnhtd5ejn3h0yv5a,btc,,2,False,
bc1qa9yngwc86kjlxeh6v05zl09v3a8tc53ayrcw94,btc,,2,False,
bc1qaac0fuynveme49xz8exf3h50a8sudha6tdusyj,btc,,2,False,
bc1qadsz8y5468r6zqt4f0qc7sqxvl9sjvw2m9ehex,btc,,2,False,
bc1qag426c7ysamcc7zyugnfjccwxwy3399qkwmz6w,btc,,2,False,
bc1qah8fqxqlphns3vcm4rmlmdt9m6hvzj24cr8u6h,btc,,2,False,
bc1qaarzlhh4gnxslmmjshcty7xhzmh0c2z7z9zv50,btc,,2,False,
bc1qah8330c4afh9q3qz6qpjglryggp9r4pwln6xn9,btc,,2,False,
bc1qac8e4wvzg2z4jztcvlkdplgpg9gelzd3xtlr56,btc,,2,False,
bc1qafwlcfe20dn95hc9czgfa35k4ynk8rhwha06w5,btc,,2,False,
bc1qah6jymtvarwkhvqs5y9kwzd8wrffr07rfu246a,btc,,2,False,
bc1qak2djptclmagypvcgpg7g45f90a30j4s2vd68d,btc,,2,False,
bc1qah8hngds0tlewc6z55ka2utdeklwh53ac8jp0w,btc,,2,False,
bc1qaju7ttkv0sfcyfnfdpg77m8ccnx2vgamz0eyg2,btc,,2,False,
bc1qajyuaxyc3n92dx3rpvjtsuche2awltqu7km4wp,btc,,2,False,
bc1qakj8z2lu3rq5z8v3mcvw5p2hdle9hddtqkszgk,btc,,2,False,
bc1qakkm47z29f9j3n0cdy077u3rxxjdee4rwkeywp,btc,,2,False,
bc1qakua9msus70wsntfs5l0rcshqlsz5m02af8fxm,btc,,2,False,
bc1qakk07gqzduyct0402m56zumwgsj0n0yt57mkex,btc,,2,False,
bc1qam9nut9e2d2su88pukf602h5swff02dwu2zwe4,btc,,2,False,
bc1qamjfaqxcpalyzwvdh7sqa8tmsuerma57l77y42,btc,,2,False,
bc1qam05l6jgkv5t2gaur0pwt80juwjutnk79mh2xq,btc,,2,False,
bc1qapdr69ehunssy6ju6cz0c8970w5w32a7zggjhp,btc,,2,False,
bc1qap4wxq8ug2necx2fcdthznpag9s49rur6xtf7u,btc,,2,False,
bc1qap6pkwc2dllqne8phltunvldtfry0magplc7qp,btc,,2,False,
bc1qaq90ghats28hsz6ph2f3d6l42q3qdwtw0nq5ez,btc,,2,False,
bc1qappwzkkp0pxjlmrthtdxk9uhes28rqduhfvvgw,btc,,63,False,
bc1qaq3reu9umyr6u0lmldxz605739wtquj59uyzwv,btc,,2,False,
bc1qaqkf0s572527sgm0c87yh0gwzxefjs8mk9m2cj,btc,,2,False,
bc1qapjced0qd0y69x7t9rfn5pl2fka06y3nzd89dk,btc,,2,False,
bc1qanz5xxs663dp3hn6jfg4t7synkjtz0gd2cmfja,btc,,2,False,
bc1qaq7ddza475ae7zxyqyj09ht3wkxraxlw4encsj,btc,,2,False,
bc1qas89l8jrskf5xey2ta8tnhk69dmg3pefa7qtxy,btc,,2,False,
bc1qat5qhzh4m89aqu6fvpwsuxqmswx2w3z6lsnqd2,btc,,2,False,
bc1qaucm26y5sjpgumneavjvtu0w4qxp9r0c98292n,btc,,2,False,
bc1qasu3klfe9wskmmhl55mnp679hrq69vuz8z40t4,btc,,2,False,
bc1qaw47ywpq8af39fdz08zmvhy47h7wnv98j3d76e,btc,,2,False,
bc1qaw2gu3pyzza99ftxdz3ey9l42zqv5h6dcvy5hd,btc,,2,False,
bc1qarntj6y0qfhfn9vpfhjhwcjg5t5znec9fn2vkn,btc,,2,False,
bc1qay8rylf7dh4ywtwclpjsnzqyfau25aq480kfpn,btc,,2,False,
bc1qavgzhr6f03pjyv5cmmv8dk75366j6dtmasrnqh,btc,,2,False,
bc1qasppdy9arpxftz2pzlalyk5px6v6r4awrwm5g8,btc,,2,False,
bc1qasakr8qx7aa4x482mt0nyfj05n3m5uwu0pqw5t,btc,,2,False,
bc1qayeteeg64qqj96sfjwhu6txgv5sd6k8v9zmf6y,btc,,2,False,
bc1qax7yzc8072sh2h0urvjfu60ask85d9464dap92,btc,,2,False,
bc1qayc756a6j2j0rlfyjp782jzqjx6gecdxmkm4c7,btc,,2,False,
bc1qayg2yectpdtzwf7l2hrs5jzflpvdtth8ysc3ff,btc,,2,False,
bc1qazkvs3e3fpa8dxmk4pa877whxvp4m8ss053ll8,btc,,2,False,
bc1qaysjccxkvfmy8xmg79p5d8smyrnyp4xe009ukc,btc,,2,False,
bc1qaz3vge30qjgceeyen9kwgu49mkq9vw0sp69g3w,btc,,2,False,
bc1qc02ldd6kllm2g3l04l6na20kxcnf5se0kjlj2y,btc,,2,False,
bc1qc0a4x6z6qu39p3u6pz9uzvhgx9pdh3qvjz4pp7,btc,,2,False,
bc1qc20fgcvgx5glhlfpsfw4fqmj2pup7lwqxz8p9c,btc,,2,False,
bc1qc2qjh20c89v0ecfyncdgs3v48kl8zac2z5aahe,btc,,2,False,
bc1qc42kza2njpj22j406xfl30etfte7d366u7085k,btc,,2,False,
bc1qc4j9v07necvp3fa9ulhxjcg8ycxajmcpd2yggg,btc,,2,False,
bc1qc8vsy5lu2x9x906jcursw93ar4td67a9v6gqcg,btc,,2,False,
bc1qc50xyw7jvmv00s6cs4xjywfyjf3r5z4xf58t5c,btc,,2,False,
bc1qc5s8nelpekx4ezdqvpdleujga0x7dnme2eh7ag,btc,,2,False,
bc1qc9vh4j7rjluuva984refkkrvfpe40yu073qpvp,btc,,2,False,
bc1qc85p26vlxg5zkpf6pys4png7gpgdwf7r5sa6ua,btc,,2,False,
bc1qc5fjumr442gnhseg6tputk6fje6g8gk6xadklf,btc,,2,False,
bc1qc8wsezxdp90r94rxxh5s8re8l9254ymn8kftje,btc,,2,False,
bc1qca90y7uthwmqxcepppmqa20wqa9zwp5s6973k9,btc,,2,False,
bc1qcaarksxd67wtxrqg6nxwjn7kjpntqlszh5xzn6,btc,,2,False,
bc1qcac03vx2lknuwzcvvracktx4ucezmgmvv02a5g,btc,,2,False,
bc1qc9dyydkglh33qdjj7gg8xvn92s0vfaaj5utwgx,btc,,2,False,
bc1qca9qvgc45fl98w7j07272ur7u3eq0mxfzxgv8j,btc,,2,False,
bc1qca93l324vx6anufe0mr2d02aag9rdnd45feclh,btc,,2,False,
bc1qcattmsl3xjs5mtgh95qkks3svfe6upf665rj9g,btc,,2,False,
bc1qcaxp7nhxme6dagn2dldxnhkt77ucdqev23d5cq,btc,,2,False,
bc1qcdn63khq5g4r4m4arq49zrctqjqsp0058eqm22,btc,,2,False,
bc1qcfxdkmudnwzvp5evehslh8svnvc4waeylqe77e,btc,,2,False,
bc1qccpnhy2w3n5dthrrkrznhsejwzexrvk5czrhr7,btc,,3,False,
bc1qch7el9n5znxwkn02f4fhas2hwemvyerjjp7fpt,btc,,2,False,
bc1qccu44c7pu5unkueqj5ukseywykh8tzfhfg4vs9,btc,,2,False,
bc1qch3kvsmgzl295rrpzug7ysy5x87kmwak3md2t7,btc,,2,False,
bc1qch4m67ssltn5j7c7sqn94ccjfpact0kqhpysup,btc,,2,False,
bc1qch0vran347dkv0ncxsd7qf6wjuch5l08ap74kw,btc,,2,False,
bc1qchck26gwv6nv0548qychx66md2ezap9xfgm2gu,btc,,2,False,
bc1qcj9tt5ynwdvv6dfeyze03e5e5jphyf03kkeak4,btc,,2,False,
bc1qclc6jjccdrsyw4qnxf4rxf9nlpw5j08wetdnlt,btc,,2,False,
bc1qck42jsda2wg58556mzrwzsrzhsxyufxyhkcf8t,btc,,2,False,
bc1qcm0yggwck83z7w7h43agth2du3k38tplsa76qu,btc,,2,False,
bc1qcpeu7w9p3m2404t89cmg0zt45v89lyeg4hkm3g,btc,,2,False,
bc1qcmwdz89hll8yq4aqe3y8cash6wsdrm40fusujk,btc,,2,False,
bc1qchd4ghc9psj66r8qu23f7dx75m48dkq7tla3gj,btc,,2,False,
bc1qcl0u3733gqqju9qv7fcrrvhwv3mnym224dwvkj,btc,,2,False,
bc1qcqwntjywy2wxu5glje82v2fvtjl5msmq04e8rm,btc,,2,False,
bc1qcuagszgnpchsaw2u8x5c3j3xuvalwn4emj5cst,btc,,2,False,
bc1qcu859mw0wluck8vmv4edljea4euznnks6fu5dz,btc,,2,False,
bc1qct2alydlw4reasrwqf4pq3wl2h0w3fncvlyj7p,btc,,2,False,
bc1qcnkvf9zrpvm05r7karutd8esj94dsj6tr9pxx9,btc,,2,False,
bc1qcpm6rkyussska0vc4w0edf4fyjwkl0d664hw7s,btc,,2,False,
bc1qcuuyhrtzqcl2ftxxy9dmnhxtgn42j8wyrl9x58,btc,,2,False,
bc1qcncdmu7lsvlsf3ewh9fsuctg4fgn5z3xz7wed2,btc,,2,False,
bc1qcwarpm9zqf2r5qwak2ye62qjzvk9s7nd6620y9,btc,,2,False,
bc1qcwf4qr3cc7tqhs88w73ufzg9kdslrt7gp3rskg,btc,,2,False,
bc1qcvczg2whyl46nenknaldv857y8ec5gcs54wyvw,btc,,2,False,
bc1qcxpadl4fnaagfwgzgjusl2hugxjzp250c0nxtk,btc,,2,False,
bc1qd0xf7chet8axjk2s2hqwuqjtu7lx5y066wm6h0,btc,,2,False,
bc1qd0upj08arv2fp4kyv9u0nfyvcslddsgeced2ny,btc,,2,False,
bc1qd0kwxrp87zuzd0m2khrfuyed5wta3jsaw22lne,btc,,2,False,
bc1qd3weyeqeqjt2ngnsz57vwf7luwk08rrn7mvawg,btc,,2,False,
bc1qd7ha7f85us3ukq5n7shs2a7xf0yjc3x5ds0cqc,btc,,2,False,
bc1qd6uvk0a2e89ee9n9yxkxn4ggrvaaeqmw8v8gqh,btc,,2,False,
bc1qd0pelecmeavftatq73qrs9qwg85fvswm9ss2lw,btc,,2,False,
bc1qd25sdu3hkq5uzn4hqmna576w76frgz08wyyrlz,btc,,2,False,
bc1qd9eu5uw8yc9595tcujt7efk4k008533dtz9hg9,btc,,2,False,
bc1qd4mae56fz39548nqp668u88s7m248clfcxjg23,btc,,2,False,
bc1qd9e5f9uxwu2wqkdrgprq2tr80x30aaqg68purc,btc,,2,False,
bc1qd979lelz4k7derg0nsefdtzcqjxf97v7sqq9nv,btc,,2,False,
bc1qd0s4s368ya00elasjf7f2afvdj0fpl3xkqfzt4,btc,,2,False,
bc1qd4r6s409xa6suhlf50zkam2ekmecr5c23ucmqt,btc,,2,False,
bc1qdd5a30gusnc5qzls2648czywyg3wpst9qw5zjj,btc,,2,False,
bc1qd9kqkz2dyrkl2vttmq3n77kxcr56ln5wctu6j9,btc,,2,False,
bc1qdavrc0y0jqzrxr3gezgfpm5f8e0x8x2wzds7ky,btc,,2,False,
bc1qddywurn6jedmkhfu8q6nrmh3azac0zeqjtrnsd,btc,,2,False,
bc1qd9z9ypvs7anyg7pwsks58w55ysk32tlvvcjd6p,btc,,2,False,
bc1qdg4qu5c8fr03u8zlxpfkwnf572pw3lhtn4uahc,btc,,2,False,
bc1qddftvufgsc6yqrhamglslhgek6psav60hdcr26,btc,,4,False,
bc1qdgk3535k68gz4uyd9pu66nvvvkxkpzn5knyrwk,btc,,2,False,
bc1qdgz9a4g0mv9z85avpz9282grw4974n5x98fqys,btc,,2,False,
bc1qdfekvg3pmqf59t3lm8z7ljrwaffm7vjqpuxsvk,btc,,2,False,
bc1qdgjxchlye28ucgfwmd4sv9dk7wtq05c5wftyrc,btc,,2,False,
bc1qdkxj7rknsspyeny9q9wsjspzg8vntrfz79qykm,btc,,2,False,
bc1qdm6ae7hp3qspmshvlswfe3aprjdjlfkncdrl30,btc,,2,False,
bc1qdhyvt2lduwmg8e09f2c0eer78v7tlc820tt9er,btc,,2,False,
bc1qdh0z8kayrv93quk7jev6q3rls9jvg5ntfg4yk6,btc,,2,False,
bc1qdhcd62gz78jhc8slg2zvusf693z8ns722a82sm,btc,,2,False,
bc1qdm78sjpeanwmz059v7yrep7maczjkrelmm505k,btc,,2,False,
bc1qdmredg0zmf30pc2rwp63rq3vs536x9scy0mprf,btc,,2,False,
bc1qdlge55rwhedgpkh2xqurr80wnq5c0aukf05tec,btc,,2,False,
bc1qdml40jdrh4w5lqdmef65mm7wgc03r3sk2x6l5j,btc,,2,False,
bc1qdsf94kukglydnyl5t66gtqnlsv7rkccp7t3n5g,btc,,2,False,
bc1qdnewgm9tej8l2jtjufukzfu2dw2pggwa49p8eh,btc,,2,False,
bc1qdm4852hddzl377zv6v75kupdnys8ad7rletfcn,btc,,2,False,
bc1qdndwkumnfqs2v529n0ulxdn9s6ns8aeukaqucm,btc,,2,False,
bc1qdp2fd2ta73flznq5unup60gr09p0lsxhy6qv5d,btc,,2,False,
bc1qdtn5gcmxpqmuyqfwu36l7taxs2q5u4a49n9nq5,btc,,2,False,
bc1qdu0tpqgzg3u9awxng9u37x76yzp57sw0nzeja4,btc,,2,False,
bc1qdvr5gry9a3n5dla7q5z7p6tesvyagda8gnahg9,btc,,2,False,
bc1qdwkacmfdpl4nxlaahcpmx9lftxm6gatlu8mecq,btc,,2,False,
bc1qdx04jxk2860pan05cns5z7xaks6hgvuylm0cfp,btc,,2,False,
bc1qdy7ch6chk8tdff6ezyr23l4w2kw5r29kthm9vd,btc,,2,False,
bc1qdxz8u97gmk6kdleds63n9lt0tuzrxmj7udrq87,btc,,2,False,
bc1qdysmxpdwh8uvqv4ul9afg9p2rteq0kpn4tk2eh,btc,,2,False,
bc1qdxjms4vvs05ptwapfwld0hl7l7xy5sfydptjxx,btc,,2,False,
bc1qdxn3rx54cm066g760tnudn9hkgwac584728a4y,btc,,2,False,
bc1qdzjxc6tlpw65krqmtsgmu0k7mkf9g56hsnnhfl,btc,,2,False,
bc1qdym6l6r54040g9lj3eq4nmhfpkjxuevqdzpqcx,btc,,2,False,
bc1qe0s4k6x0pggqnyfh2hexcrm0z3azz2wj3x2r8k,btc,,2,False,
bc1qe4x8gjztdenetpwzfkxkaanl3xytgzhtyhw0rd,btc,,2,False,
bc1qe4uu6xms9u49pjumrtxgdygs5tlsn68fmn8ewg,btc,,2,False,
bc1qe09ue5q9vthxz52ledec02zxyf94etn45a0j4h,btc,,2,False,
bc1qe3degqu0apaaqycmgrwc0qn7kz9323k5vjaavu,btc,,2,False,
bc1qe6ap5mqcfsx5kehj9x44t4rt4qnlpl8hx4z5w8,btc,,2,False,
bc1qe6uv9p96nzayscaxdll4gfhj3kf2f6xjxvpmez,btc,,2,False,
bc1qe6w70kq6psuypgj4tv6c9xl7eq8x2z9lfe6d35,btc,,2,False,
bc1qe6t8g4ydzhn8gmphnht4dmkycxgk3vs9e9hs5x,btc,,2,False,
bc1qe6lnpsgnnx5qg22h5m42uz249wfamn0a03lvm8,btc,,2,False,
bc1qe8txks7whwht5jjpm3hs2a2wlzewlkn79phznn,btc,,2,False,
bc1qe6vw3hxd46hln5p0uq53hqmsj6jd50a8wtq2gs,btc,,2,False,
bc1qe9p2pa82yjv2hev8elthf4l5c7hyl0fuy47qf9,btc,,2,False,
bc1qefm6l0vc6s5jqhvv588rreapa6dxyt5zla5k9r,btc,,2,False,
bc1qe8j05rryx3y6vx3agt2djvf0kg5vkgzn2nu8q6,btc,,2,False,
bc1qejhc2es703kwsgz963t95uuuxd0aqduxq6uq0y,btc,,2,False,
bc1qeenyde4788gmva3t9u24y2cn87q0wuul3a9nvr,btc,,2,False,
bc1qeg5q4f7dr7pj8w7dll6c4efjp0kzvhnwl549eq,btc,,2,False,
bc1qelm9hedvxde7vpcxyk7u2uf3ezm58gs7e2t0cm,btc,,2,False,
bc1qem3xuf3rls5ckhtjnpgrm7a6yucps8l2xvdzss,btc,,2,False,
bc1qenqm4yazwkddl3tctkkn5az5zwl0vcqk8mtv4v,btc,,2,False,
bc1qentmta05sevdac0u3gapylv5jrr2c2cnkc60a0,btc,,2,False,
bc1qenrnc7gg4twjw36mtsnmhm4zhrx2et0e3ex4sx,btc,,2,False,
bc1qen57me94yz55r0z6wc6xe88mgup80a2qfayxha,btc,,2,False,
bc1qeqgat5843et25udwskrn5mmjyx3hw2dtdsnl93,btc,,2,False,
bc1qee772ptw5upsu30kpe7vz4cwu39ckcew2grm85,btc,588,88,False,
bc1qephyz70s6885d7nw2e3evnrxr6q3zm7kahsl5h,btc,,2,False,
bc1qenzcvczpjfrgvw09fpcupqnd2405lyc66ng47j,btc,,2,False,
bc1qeqqrm74mr4cv4c3954m5r8xavk7eekp9rc78cv,btc,,2,False,
bc1qerk44jsxxx4jv4uac0hjthewh83lj307xrtxr9,btc,,2,False,
bc1qer4vh22jmyyz2nmt6hshjr6l4juu7mdreh5lul,btc,,4,False,
bc1qeppw92dndypwv9llcxwvj4ddh0axhf4xnvswsc,btc,,2,False,
bc1qesy64z0k3x56gthc6uelm42wlfvzkqumceqhu0,btc,,2,False,
bc1qes9mvt5h82qf3etkswdkppntye9hl0udkvmdr4,btc,,2,False,
bc1qervxdr42fepjpgn328g433xgnlxd0t2jn7tufy,btc,,2,False,
bc1qeuw2zvwt6d9cenj3sw2g43jusqase67n8j0t7s,btc,,2,False,
bc1qevnxygypy7698fpp24f2aqltp9pymg2engvfn2,btc,,2,False,
bc1qev92xlcejhwsfh67wd6m92wkju5wr3n5h4u852,btc,,2,False,
bc1qesqc88mw09wke8ds5tj0vygm3m0vrtc9w8cgts,btc,,2,False,
bc1qf0hf9qf9fyz2w4t30fvmc99tlwk2zepz2w9pnt,btc,,2,False,
bc1qewdpvllhdcwzr4c5ely0l3p94prwglul0r6v42,btc,,2,False,
bc1qf2ceawhtevh5n9dn4ddme3egy872hpt53gs03g,btc,,2,False,
bc1qetxp3qyn2rjwfcmm5m2j6yj8ntzm9lergy9pze,btc,,2,False,
bc1qex7u8dym9l0ekk4s9pejut5ntyemzhq7k8zfzv,btc,,2,False,
bc1qf308yd2y2qy7utga2pgszwjh8y56xdpgglerth,btc,,2,False,
bc1qf2dxvffsvmaq2uuvrrjx6ntkevdkft7exqe8ul,btc,,2,False,
bc1qf0d7p322hp2npryx4m6sw754u26kzl4x3ezjut,btc,,2,False,
bc1qf5s7vecsk84nxd44uwwut7g8sryj570f2kvwmk,btc,,2,False,
bc1qf5z4qncf3eupflyypx6nldjmfm00wg20ddek6q,btc,,2,False,
bc1qf43482rxvfml00ymyh4gs07xcdmmj895q4tkdn,btc,,2,False,
bc1qf559zmr7uc9rdjc7mf4t9zcunhxp9a2mnwgmyq,btc,,2,False,
bc1qf75wwfuks7wn7pe0nzgek78fut2m0jguud2gyl,btc,,2,False,
bc1qf9g24uweegghzfzf8hdt27x56e276zmpqe8tww,btc,,2,False,
bc1qf8ck3ax2tdds0tx703k0kjytr5dwpvf3khhzu2,btc,,2,False,
bc1qfahg2txnrj9duyf2v6ezdcytqpaxrsghhwkyr8,btc,,2,False,
bc1qf9tzyy6sf798cflhyhrceahqv9jjuftew5ejw7,btc,,2,False,
bc1qfad8edv74srzn38wxqz5ex32z6yrg5hpxgt3j2,btc,,2,False,
bc1qfe9j9xd5ht36fcmwr2ddl4jd7lqdjup42mkq4e,btc,,2,False,
bc1qfd442vukp3yykex5p4gdtv2kd9reyf7qv7a2k8,btc,,2,False,
bc1qfakq80v72du5e59l6c9rl8eh7e5jz35f6pc7m9,btc,,2,False,
bc1qfg4dxvlafgedsfhpspkas0h5er3909udtrzsg0,btc,,2,False,
bc1qfccvgejxfrq0hafsxhclguq94ksh8tcnjm0st7,btc,,2,False,
bc1qfer7uvd2vsn20w6t55zy8fnczs9nt83cretzav,btc,,3,False,
bc1qfet4ytd07edqvu465myu5jhlxtj3j5yxd822d2,btc,,2,False,
bc1qfh656t30frfd2ppmll2gxatjqqlekmjdghry7k,btc,,2,False,
bc1qfjnjyjll4prge25ssfwe2mjksqtc5uj9lqa63z,btc,,2,False,
bc1qfhz527rtrjfepytut34y0xkzu4y2p9r4nqddma,btc,,2,False,
bc1qfjx3jg07kcgdgxq6qngc7tuak9tvqp7w6hy3sz,btc,,2,False,
bc1qflvjsray55j5e367nejxp7hp0jqvzjj4se509d,btc,,2,False,
bc1qfp7phnzpsg93s58l4uem9du57nqzssxmztskrt,btc,,2,False,
bc1qfl445p2gqg5yncvaxqa5w43e76xjjx6n6mpl0f,btc,,2,False,
bc1qfpe6xhhjdva8swqk2qpfml9t9hcx56dhwfzlet,btc,,2,False,
bc1qfr35sny6w9vpxv8mt43zcm7780qm7jq0tkaw8u,btc,,2,False,
bc1qfr0ftd60skx0aas5jrwv4g6xgyef6e6wnkqhkm,btc,,2,False,
bc1qfpen7wu74reguchap6uscyn769qcntnjlyhga3,btc,,2,False,
bc1qfrkhfmpkkzq7tkcsegmgzehx9mzf7d2f7f96mh,btc,,2,False,
bc1qfs4gxymrj2vh9eutr83pt3an6gsp356aasdjdf,btc,,2,False,
bc1qfry7gurzjcags9nxy7rjts2d3t84ys2edw6zfg,btc,,2,False,
bc1qfrs339t5505zy4scv7tzw8h8h0wlruasajprtv,btc,,2,False,
bc1qfu6pj2zal52yu3d86va0lxvx24aclf6fkrlglp,btc,,2,False,
bc1qfvdf9q649mdy6g0tf2n6dlyztlxq4203exf78x,btc,,2,False,
bc1qfs9zmqhprtw6ncj9pedhgpyd8y7wzauw0ru26c,btc,,2,False,
bc1qftsf0ng47fs9l77pzrytatepyar49xgd2z0gag,btc,,2,False,
bc1qfwgectj53cgusaz7jr0ga56098jjzkz02zsz0a,btc,,2,False,
bc1qfz3vavcawe4uugaaasjsll2njykm3xy07pstgn,btc,,2,False,
bc1qg0f4u4m8f9tmvv8kge09u20h6zg6l5892cnj49,btc,,2,False,
bc1qfy8eg69hn04j28m2mxxa6vylvwfeuvvv9feyp0,btc,,2,False,
bc1qg08tvheute7j6pze2j3el7urwd3ghqg8cszf7j,btc,,2,False,
bc1qg2exvatsyxpyun4pw3qwfqe9q9jx5mr8d8wp2c,btc,,2,False,
bc1qg0uh8htt873rkn5lgzuagrcvcfgc5a2aa73pur,btc,,8,False,
bc1qg0jdr7ppfmp4rtv7v2pkakgj5vwy9fe0whz605,btc,,7,False,
bc1qg3jklq5kewr8cevgqw2jry0v9el6dsyefhhvvx,btc,,2,False,
bc1qg36jfqdg9fvsd8qfkq8ztl8gfhet3vwe2jh27h,btc,,2,False,
bc1qg4vujlv6lkpjzkfp8s7tgfn8e32zg2m50w420c,btc,,2,False,
bc1qg5e7h9eur3sqex9mpcupfqws2pjq5mzyt0whj2,btc,,3,False,
bc1qg3yj54m6r2hpugstsx3y7c5y97r2wmdznwtqtp,btc,,2,False,
bc1qg4lcv5sql78t7l53gvq06hhv89h3p6zjrdy785,btc,,2,False,
bc1qfgz3n9zzr00ymd70mvluerxgys54m5h6aems5f,btc,,374,False,
bc1qg9m4aff5crlzt5agxtajh4tqm95xfn327enm3x,btc,,2,False,
bc1qg9037apay48nnyf5ztsd096me25x0q404h3cx4,btc,,2,False,
bc1qg9zr7ltehefyymft68ul2q5p8rzcxhalrzmksw,btc,,2,False,
bc1qga5wlkyjne6505ujs5leznyvflw4snsayy9xrf,btc,,2,False,
bc1qg6tkjt42ajruqn7sgve2cx30qg5jarfa0w9mav,btc,,2,False,
bc1qg7cffazghj0t0kgzw05vxlln432ljkjwylr0de,btc,,2,False,
bc1qgctfc0zy7cnm7detkyl296prv4esma3r69jnwj,btc,,2,False,
bc1qgdqfa9sm28a6c67mpdeaaqfp8uhn7kksjvjap4,btc,,2,False,
bc1qgaahs0uuktn6gff66wql736cjyl2sf0n95c9dx,btc,,2,False,
bc1qgc9epzrtn40hr8tcv9xc96h7esqg3836jnmhzx,btc,,2,False,
bc1qgdkd8qhq5tlegsdf72scv5j35ek8v0vgqgnynj,btc,,2,False,
bc1qgfxuhhw8kcp46txn5xumgxrnakr0qm3cc7g55f,btc,,2,False,
bc1qgeev2mhelsp2x2yde8znhql08839rlc646pu2v,btc,,2,False,
bc1qgknn855re70awznj54rga7627vrt6y978r5es7,btc,,2,False,
bc1qgh52achsqlp4djmw2w7qxmhahw6p5z2svulzzv,btc,,2,False,
bc1qgmr9e2s4f8h5eeyncqlf953apku8ym0efsvw84,btc,,2,False,
bc1qgmkq7ny5dn0j84m566qn2q6xwrr3jhke6863h3,btc,,2,False,
bc1qghmwqct0eu0d9gctx7nvgajayqsplqdkyp574v,btc,,2,False,
bc1qgkw8zkuu8gl4cknwfmh506a5dph06g64wh2nu0,btc,,2,False,
bc1qgkg674e9d2xefvdtwfgdrrzk996lthsk9ypz7x,btc,,2,False,
bc1qgnpxg45hf84u3sfqfgus6ta9q96x8sfjp7qpj6,btc,,2,False,
bc1qgmfwaxr9a3f3cuja059e4zsu2uucwz87nrs6gw,btc,,2,False,
bc1qgrxkcrsawvms7lh4p4ql5n6kap5fen4rrgvak3,btc,,2,False,
bc1qgscmctkzg98qslgvaeffhx0l5gqp3jz0uh7h86,btc,,2,False,
bc1qgny9vrkveydnj8885fxswxj29qz78t5y6gwl3y,btc,,2,False,
bc1qgtey7evdlq5xswrevthq9yewdqnwj3g2s4un0t,btc,,2,False,
bc1qgr0qhu0w97rlh94s3zad639t02t93y4m6y6fyf,btc,,2,False,
bc1qgw22ryntp4lwz5p7f59hjrsznluwmvstew9d05,btc,,2,False,
bc1qgvlezkz0d7smuplryfa82dr2f4ty34cweyrqnh,btc,,2,False,
bc1qgnseucwd064uqkm8rkqyuwt75eahukrea7xula,btc,,2,False,
bc1qgx39hedu842nlayfaz7slqhrun5q6j8pkueclm,btc,,2,False,
bc1qgxjyfhwmh5s2sn33atmmaej0kf8yqqe0fwsjhl,btc,,2,False,
bc1qgy266ttn6tyat2xcdj8xshwmsv6y94uq6whcsr,btc,,2,False,
bc1qgyprxjd49l2ssdqzcmh62j2rczwnw6k8jauyvc,btc,,2,False,
bc1qh27t7n5wrqm40gx658xmw2ktu9jwuz20fpmw55,btc,,2,False,
bc1qh33eykmq32jfx6rs2y36kylnlfclrkc49esd25,btc,,2,False,
bc1qh3x47h928jfssq78ajqchy3wkheuzfaxtazx2m,btc,,2,False,
bc1qguq43r7pv6txcjmr907aaauesq9mx4uu86596f,btc,,2,False,
bc1qh0ulsfk53e5xz3mraffwcvldqe0hv2xhwjq479,btc,,2,False,
bc1qh4dy3km3qdr9n2kj4880zqdeq0eu7z54vy4xdx,btc,,2,False,
bc1qh4casq4rrhygy9347az8dtp87emtsgv3pgurnj,btc,,8,False,
bc1qh45g7guv6reqzkdkhtrdgut5c7v5qfesuknjcs,btc,,2,False,
bc1qh28pnvpxfnekf8adyamdhr5f4u2v3zzn7w00jz,btc,,2,False,
bc1qh5px0ehlatyfy4f5hfu6twqwuvyarvxy2wmekf,btc,,2,False,
bc1qh5zxpf4lv832gskran4zxe3342zgjxua4sp3re,btc,,3,False,
bc1qh55gf06pklvx2898wvl59u9yulk5jcp7l9ls2x,btc,,2,False,
bc1qh55kd3s7jrh8hzfc0327xn0t8xs0l0yz23gmrl,btc,,2,False,
bc1qh5e7fe4tmk5s2uqpmg6x22f9vsrrmxny9e5jsl,btc,,2,False,
bc1qh8e54r0s4nrdd5eumdlpl5gtfrs8ynx33gsw03,btc,,2,False,
bc1qh7hwwwu7hcxqe9qyqhd3c8tatr04l9z0hn6nka,btc,,2,False,
bc1qh8k2xuty9acymxlqczyvvam6qevvt8xruaaa7z,btc,,2,False,
bc1qh7whtldtn77jra6tlx4amlc0jaknrdxjsxv0kr,btc,,2,False,
bc1qh99q9l6xk8jlxc3fw8z3tkzne49l2gk92746g4,btc,,2,False,
bc1qh8yawx3fmw7kd9dc2rkuh3sh95k5mye79vl09z,btc,,2,False,
bc1qh89lk2lg0me6qluwdx3jw30zad62cj0wjxgv3t,btc,,2,False,
bc1qha6asws5v8tm4aph9m6f3m7226dxelea5sy5c6,btc,,2,False,
bc1qh948v9ndjd9gljkve0vp9ajrpdyuk6urn2zs3a,btc,,2,False,
bc1qhavucz70t9n5hszgw3zlnu69ywt4yg6ldqq2gm,btc,,2,False,
bc1qhcwppy6xzy5ddrec932a4kcxq09p26uv4lvnvv,btc,,2,False,
bc1qh9d3esswnezns5mtt8yazerrgu5rp903wn7m0u,btc,,2,False,
bc1qhd2q44g7trdt67rsm3yg4nyhdk95rqp95vuj73,btc,,2,False,
bc1qhdl3dnccfsru96sww0klq6wza4h05pjrnx7ksg,btc,,2,False,
bc1qhdrzjhl8cqfx37dmu4p5jjmxl99rmcshtedm6p,btc,,2,False,
bc1qhfucgxauh77gm9n9rrekxrj26q5p7hywn57np6,btc,,2,False,
bc1qhd5df2vaft6xnrqev70d66yj42ykndkdmh75en,btc,,2,False,
bc1qhaayj8f7322lhm8yejype0sx3kpp9e2878yd4a,btc,,7,False,
bc1qhe2zxqsr4ncc7t3ey6wvz9sw4f8ckydjjehs90,btc,,2,False,
bc1qhghag9qvj4xy4uqg00l55rhvvjznja2afnlekw,btc,,2,False,
bc1qhgpe2gu0hhzpgyf5nr6stsdmwxqcw3jzmq3vf7,btc,,2,False,
bc1qhfs66r4wfgz80jtvvncft28sl6fpxtxw4qehmq,btc,,2,False,
bc1qhh6yyfueayrec3apays6wuwvn90d60ykskqwx7,btc,,2,False,
bc1qhh7a334ygswa3jhtey6ju0zmscj2dwga0mvaaz,btc,,2,False,
bc1qhgnat2tgx8h2dq8v9c4wwyhhx5yy7w8eu4kptm,btc,,2,False,
bc1qhjhqe8s00r4fldnqjew7y5xaquwekuw8rrm73s,btc,,2,False,
bc1qhh2vqjkt2v79kqggesmmh2dm8wdcr4a2yux2tx,btc,,2,False,
bc1qhjhfdt5yjej6lutsqg9fpjdageh508gpyfau8s,btc,,2,False,
bc1qhmvmwc0tyuckq6wlu3jmmz9rlz2tv8qvrhyn5x,btc,,2,False,
bc1qhkx5cxfk02r22xwd3zrpq6v8zdx4k2f56uravh,btc,,2,False,
bc1qhhvytvz27shgkjnmuygv93nmrrtxnpzt8lqzzc,btc,,2,False,
bc1qhnamqvc52wj9jr4r9st4nauljqwea68fzmn46j,btc,,2,False,
bc1qhlfu4q9lnqr88jsuekyp0x9uq509z4hdd54klt,btc,,2,False,
bc1qhn89wp99x4jkxahjmhwj2fnnygk4a7s89rvshj,btc,,2,False,
bc1qhpdyfm2panaa90x346r7tltzh7jankpgpmpk72,btc,,2,False,
bc1qhpd9ckqztnkzaagt2d5yqrlk63shtw49j5zvp2,btc,,2,False,
bc1qhnr3kfmqrg5xqwgdxcu2rgktxq69ys0pxxc8s4,btc,,2,False,
bc1qhnmz5ht0l9900qywsq5ez3afftmzu3f8tyll7p,btc,,2,False,
bc1qhq5zwfgddwdmdcyqjz04tdquyywqyx5njtrg37,btc,,2,False,
bc1qhs0v59k38dyf78pep9rw0z806yrj46fghlrda3,btc,,2,False,
bc1qht9vjc0vdyv0pvsn993q4x3gxaduzf9jymwp4f,btc,,2,False,
bc1qhp3aftp5fz5jwj4qtvuajzuh96q3tv662f3njz,btc,,2,False,
bc1qhqxrzama5pvqhwv7f34phh88vgttut0wkt2wym,btc,,2,False,
bc1qhtd3jcewqp43saems8zt54sy09nkwaj854afrc,btc,,2,False,
bc1qhujeuugyrfrrhsygzw7sa2gqmjrq8gj202n44e,btc,,2,False,
bc1qhss79ghr5wnfp733nthy7869s0hfvqdtkgrjdy,btc,,2,False,
bc1qhu0v7q4d4fjslxqfnxykqms0lxhw4mvdkzt9wd,btc,,2,False,
bc1qhw3e6ypgp4g4hvvgsu7rc3ze3su2rp2rfcf6j0,btc,,3,False,
bc1qhte9p7l266u83dheche5nl34rf3mw94puk656h,btc,,2,False,
bc1qhwnh5p8f4fq5ecks3jr60edhnp9lv3rr4uwqr6,btc,,2,False,
bc1qhxnfhjhh982h7gcupap675ct2ldsdqeafzx6c7,btc,,2,False,
bc1qhylxu7hff0jzx3c0m6mnaymrsanfs2052dk939,btc,,381,False,
bc1qhtkdy6q2vl254s6zkdpspypj64vhye280squa2,btc,,2,False,
bc1qhw76yyyzryt4s47cpe8lr4ytvgsxfd4z0ypw4h,btc,,2,False,
bc1qhumhldj0fyhqq7utl6axutm30c3qycp7e4xzyg,btc,,2,False,
bc1qhyrzkhhuut0rn2fcjjmseyn5j4n83muu59jlyr,btc,,2,False,
bc1qhzm5z2lfcy9z8uw9m6xh7tkfc8u8gwqlarke35,btc,,2,False,
bc1qj20dwaenyadnkcfygu7wlhgen9pxz70jhzcydm,btc,,2,False,
bc1qj2mp4t6r0vq6g8cy9gh8zhedvvjusenpwg8qk7,btc,,2,False,
bc1qhz3683vyxv2fnaha5m6d93tuay526jjfm9d5gc,btc,,2,False,
bc1qhytjm0gycpm258v50yz8n0md2gcnuysgyyr65d,btc,,2,False,
bc1qj2d3ey0myck3vvhnef9xfnclrxlu9rqndp403h,btc,,2,False,
bc1qj46hf0wes238xvmd73ndz4wcm0xvzte3cykl7j,btc,,2,False,
bc1qj5kw9w88e3z7neacrljy6lwyeu4w4824xumh09,btc,,2,False,
bc1qj6dweg3wkpeuzu9scrsnv459jn0tcgnzmg07pa,btc,,2,False,
bc1qj85tvtt5vkgtvakvzhexffcsfqxsscdyvfqhpa,btc,,2,False,
bc1qj3hyymfds8ual6j8cpnz50eqktvpqhsszfchhs,btc,,2,False,
bc1qj4dms2gwt8nhehe79vs6ndt6pdkjvh0chr7qlr,btc,,2,False,
bc1qj40s4ayyzsaafr6dy3l4cxh3fsgrjvs7nnhsym,btc,,2,False,
bc1qj8a9zu9crj443n7azxs2vra2tz8m584m6axuze,btc,,2,False,
bc1qj7fhaequr2ht6nwf8cwadspmmwm6c7922ckdqp,btc,,2,False,
bc1qj6nsgwnj2rd6j4ysmqm4k39je5a7z843tvqllx,btc,,2,False,
bc1qj96u2dau7rs3ea02zjn0pzksw4dt68utsnd70x,btc,,2,False,
bc1qj9a9xprk3dhu5k7uc9qfqktkq07nkrc2twu5wc,btc,,2,False,
bc1qj9jz9qcm5v6vemajnmw7wpy299ws9z87trh2c9,btc,,2,False,
bc1qjcj989fsg4pc5azchzdffrwn7tmdsmuvck99f3,btc,,2,False,
bc1qjf8j22uxgulkpg5zme38jtmdpc7yvu2wk4m8u9,btc,,2,False,
bc1qjfdfqqtg5qve9xx2w2wjwmttrhwmf7utdp6laa,btc,,2,False,
bc1qjguy9h8fg9324vf2wfnv84jhwqmxnk90pnmezl,btc,,2,False,
bc1qjjkx7q75sxzdwt7hvpyzraq084tsxny84whqc6,btc,,2,False,
bc1qjeykthcdrugxyn0vdxm0wadkqu7gpuwwanywxh,btc,,2,False,
bc1qjhuvf6thapcwdr8xpvvnx6tmp9va64ful4d7ry,btc,,2,False,
bc1qjk7fuaq70w2t7tj5ndrh92t8cf9edj4ev0eean,btc,,2,False,
bc1qjkx70s9ska27r9fh0zvz3gvf50zdyjharzj3nw,btc,,2,False,
bc1qjls6uhckhky3ea0vgr9ftfz3qj64unjwp8gnf6,btc,,2,False,
bc1qjkvj6nu6c8na6ee4rpfguqm3hfuafr89cutdm7,btc,,2,False,
bc1qjm8pn72j28qe2th05956jpv94537nsnvgvr890,btc,,2,False,
bc1qjq50envp0665d7jejycy3cr37a86uwyz9ve8v0,btc,,2,False,
bc1qjkqdtxgplkmzva73atr70vqvjs70hpgd9dnfjq,btc,,2,False,
bc1qjrvsw66a54cjyqg73uawf2xwlmctdum5h9cqes,btc,,2,False,
bc1qjfluxvndk2lljhjw8r3hc8jmf4pmkkexzh7akd,btc,,2,False,
bc1qjn7mwg3p6mp90mghnph0ludm6gcwrx8v4t6xzc,btc,,2,False,
bc1qjnt9vuzqzszh77ghg9dzff9pw20n5utkfk94d6,btc,,2,False,
bc1qjsp7jngpry5qywgjnpg659p0288r5sk7d9w5qy,btc,,2,False,
bc1qjrqdjsf56kxj0ae22hney8tlw4u22ck0tcc94k,btc,,2,False,
bc1qjs36alyrxsk27d5hgsjyqrx9kuekrwgqmwjky3,btc,,2,False,
bc1qjskncreskeuckyy7sx8yjdngw0wgxeq08m9886,btc,,2,False,
bc1qjthar3h75dvrqdysygvtzjcmhmqmlj927xreq0,btc,,2,False,
bc1qjwf4gha4ugjtx4aefzdnh7uxj67mwn94shx9w4,btc,,2,False,
bc1qjvj4gu5k0h54mmkpukav9w4ctnccupkakvl78j,btc,,2,False,
bc1qjumsrdpzww7h6gzuhfw2x9ndd43wvf6gt8w03x,btc,,2,False,
bc1qjtnfgjec0sr94e8pegay8m3nv4vhmlmwcqq089,btc,,2,False,
bc1qjzlrvackypkvm86u0xfcgulc404jxnpz2m366m,btc,,3,False,
bc1qjz092syd6tdpwk5adz4gnl0r9d3u7zx2rz0p59,btc,,2,False,
bc1qjws7y2yvc3ed8wz4rvjhkr593s49cccv0jn3xg,btc,,2,False,
bc1qjx08zm0a96da5y5thdsh2uc3ups2fygqgdcmm5,btc,,2,False,
bc1qjy0xfhyflcs3emk5qshmn89rr50hshkk3s6erl,btc,,2,False,
bc1qjz7yn57gezvtq9hje268mdjlfscd62r506g8dw,btc,,2,False,
bc1qk05dcre2tzt3azwpwwe88sv2snkdd3ppraejh4,btc,,2,False,
bc1qk2jasel8u8k8p2y6jz025dgm4m2fzq97et3qcc,btc,,2,False,
bc1qk3tuvw53ue7ftc6dtdynl84dpejdes76yw0cpn,btc,,2,False,
bc1qjzw9cgfrq64p0yp80a58huzxg5fl3zqyzvgdz2,btc,,2,False,
bc1qk4qtwf8rejjmcpk7qfwkpqjm37nf2mazenef8a,btc,,2,False,
bc1qk6wmlrhenyjcagqv54amsglx8uq4exqchyvzf7,btc,,2,False,
bc1qk3k2n24845hsplwhpd5tw8tw8ray74vwxra9ey,btc,,2,False,
bc1qk34g6xx9df4kum0wpwuf3ka4zk4692ym9ce9lt,btc,,2,False,
bc1qk7gc5n7r53chc23s6zlqtv80pp37gze69q4cgg,btc,,2,False,
bc1qk533fzrheruk2vwzqrhrvecyf50qm39hh45756,btc,,2,False,
bc1qk459khqmxhr6lvkc0krm54969wxl70dv6qn0dd,btc,,2,False,
bc1qk9eu7h89qt24kvylnndl8n64wt8zsh43v9ewww,btc,,2,False,
bc1qk909y5pnvlkv5ewy23x7hpu46mdtre97cj92kr,btc,,2,False,
bc1qk5yy38nfmdd995rtu87s94xfjfztrk6n2q9tq7,btc,,2,False,
bc1qk8kaj43rjh44d9rcjrn4a3e925dx062pl6da4t,btc,,2,False,
bc1qk7f4l286532ejuk20unuvekh852u6z7v4yuply,btc,,2,False,
bc1qkadlgmhaqasn46lrstuldjrkkmgc27wqs0ch7q,btc,,2,False,
bc1qkavaeacjd5yf2pvnazv4ssn9e9ptg0pkzmktnr,btc,,2,False,
bc1qkajyhe424663cctjrpcmd7lx94rwz4u6y3l0kz,btc,,2,False,
bc1qkcu5vleaq8mpyv2sauq5jjmc6jtwgfueufl6eu,btc,,2,False,
bc1qkc0n4stw3az6f96d3723gpq2pa9ysfvmg86c5e,btc,,2,False,
bc1qkel44fcj0qnkx42ttfen6j0gj8uhz7rc38esp5,btc,,2,False,
bc1qkdclgtg8amtatkjkjjtnjlux4nph4xkrkq9t4n,btc,,2,False,
bc1qkfgj9g4z737wq0ekndyrvultft5ydhjruqlaa5,btc,,2,False,
bc1qkhsg04vhdvdrdqecjpmspwac4rxg5n0h9ss0t4,btc,,2,False,
bc1qkf0t27gzw8alp3svvfzzdlf5cpp6ltt5htmtus,btc,,2,False,
bc1qkjvwd7rse9km96rcr2r2wux9duvj6aemuqxa8y,btc,,2,False,
bc1qkfgxvveqhufpr3dh4ckud2fcwas35rdk379nm5,btc,,2,False,
bc1qkgffn85k92g2rly68z8ax3vkjseyaneeylw4q2,btc,,2,False,
bc1qkjfw6jd42ayyqrvfrtuy3lhtkrnt5gn6rr265n,btc,,2,False,
bc1qkk7sc3t26lg9g79tv09avlwegrp4kjeqp0kd5n,btc,,2,False,
bc1qkk263dcwlfu4tyqkwynr58zltnv7q5kgrvxw9f,btc,,2,False,
bc1qkpz4jlc3p3kslqhq3257h0tm3v6atacpff2xh2,btc,,2,False,
bc1qkpkawuz8jy0vhpkg5l7xvzhj5c4yl5qp6x8x40,btc,,2,False,
bc1qkkfqjwu44jsjy24e703ayfc6a8zzeg49n9njd9,btc,,2,False,
bc1qkpf53kawksdtt7kgnnfnjeawhrl2r2wt372uhu,btc,,2,False,
bc1qklysm2s9phgxj7hv57fu8ctge06dpch5ygashw,btc,,2,False,
bc1qkk9nxya5nz9t89gva4fxjpj0uqxtdprerxhwpa,btc,,2,False,
bc1qkq32l560arktmzl3c6j8jycrc8vtvt7hkstglw,btc,,2,False,
bc1qkmg5zq8v96yppm4ch67k6hae3zfst509pmvgfu,btc,,2,False,
bc1qkl9zesdlg5tffan6w6rgrzcgucp9ju6ae38w7x,btc,,2,False,
bc1qkmln0phfagv76vvjpha2r3meuyfj8kw4yj7h3e,btc,,2,False,
bc1qkrxf0mntcwrqynz5w2hpufjashf8rgfk9zkkp4,btc,,2,False,
bc1qkqgmeg32kk4unacpxnh0qsfyu6y8aa9hfaasuf,btc,,14,False,
bc1qkm4avcseltc78ukhduj8znxj7vy3sqfkky0j89,btc,,2,False,
bc1qktte9z09z9zssqm4uxw8u7p3ngkjfyzeeppkqe,btc,,2,False,
bc1qkr6r9a6a3qxyyxm470vcy6r830j86pxkwclejg,btc,,2,False,
bc1qkmtuhl2evnszx8lmvqk20wpcv0c7z5xzntf8zl,btc,,2,False,
bc1qktwk7qmmmk7l394sl4zmf28mrlr7tuc44jg3u6,btc,,2,False,
bc1qkt0jx0ttyhp7jaj64p0phcuhspcj5lrmeqn7sd,btc,,3,False,
bc1qkuqj6k00dwxavk403dxqasu840vcd4h74ewsqt,btc,,2,False,
bc1qkt8cspquq0jprcc0uy6lgqud885nzjrmxqt8q5,btc,,2,False,
bc1qkv0w4uc32wsyr7wfgcvgpjpe9nwmafvghzrajv,btc,,2,False,
bc1qkycjcpvhhv2hct8xurtxukmxjqde3nrfmsr2k8,btc,,2,False,
bc1qky6c8q8ep0wm50kg803u2zz8haz96swpx84tvl,btc,,2,False,
bc1qkz36686rpu5khlg8wtfpvmew8hl40fpnpew03d,btc,,2,False,
bc1qkx5zufgy2j9tu0gzrcv59s2uk95wdu8p00seg8,btc,,2,False,
bc1qky3e6m63vptwthc858zk0dt8an2xuhaz0cwjeg,btc,,2,False,
bc1ql2f9qe77jdnrkprd6w2andpsdtawsqw7hy59s9,btc,,2,False,
bc1ql274q52l35308pzk3hrgvw4w0ydy6ekw2fdzrn,btc,,2,False,
bc1ql2dt2d5rc4379f9c5n7y93kv240ans5g9dx52w,btc,,2,False,
bc1qkyrl5rmku76j64ef6g42ytqjl7uxutfje7zsgt,btc,,2,False,
bc1ql2jdmtjm7dypqygeftm2v3f4l2sy5xm0dwjwv5,btc,,2,False,
bc1ql4y8z6gv3fagcunuw2emym8u6fl6hz66e0n0r4,btc,,3,False,
bc1ql63u43altg6jp6wavw7wyyhjquu3k0330phpv5,btc,,2,False,
bc1ql0nm78t0v6dgftr5cj56du8ncds8z2m4utpyhu,btc,,2,False,
bc1ql0rs9kmkr83v7zlg3wdu7wkgmgz6447p7zxpvw,btc,,2,False,
bc1ql754hf7qf0x8zpj9xgh7ca0fdq9agca6a4vm3k,btc,,2,False,
bc1ql8kmz2299zxx2fj4g2h8qncr258euz4cz3a40f,btc,,2,False,
bc1ql44a93wsrtk6yrm8a0d46e95x0lfqjh754fm44,btc,,2,False,
bc1ql96smwxne4wzrd0tjshgpcx4dckm372gpap79w,btc,,2,False,
bc1ql6qvmp4xyc4h56rlzfe0xt0mlecfn6zlf2p7fv,btc,,2,False,
bc1ql9yaw76wfzevzgdew3hrsuyj5j2vzsrgul5u9x,btc,,2,False,
bc1ql94y6vpy8azcryrezx3hfj3du506jzfmvmxsku,btc,,2,False,
bc1ql9l8chwvzk0r6n5atag85prg08g5tz4ncx7gnf,btc,,2,False,
bc1ql998hu4r2l45u8czu70wkgzeflwlz6gtdy4a0q,btc,,2,False,
bc1qlcj0yjps4cznaed3rl8shwtac8z0q0qremxwu4,btc,,2,False,
bc1qlc8ak8dsyu7phca4q2y4qu0cdskadma5yp0rlj,btc,,2,False,
bc1qlcuu9t7j7fztj65pmglzr597umq5un294gs7v7,btc,,2,False,
bc1qldama9rez78vvglfpvzms6g96lxfd8twx0k834,btc,,2,False,
bc1qla3ww9eqfj88hc6gft9ej5jlfnkju8grt6ledd,btc,,2,False,
bc1qla9jngw4r8p37ufddh7skvqlpz5tnnngk9vmhe,btc,,2,False,
bc1qle6v7c3hj85vjctne4wtq67yffs3p76v0t8wxm,btc,,2,False,
bc1qlgqa9t50upjn8509tch90x9p29lgp3t4v2ztls,btc,,2,False,
bc1qlheqykpdz7n498w7m2uslmqt93jgk2e6g38gef,btc,,376,False,
bc1qlg5fv2e8uq8pyqqjerh84v6k0guynjzms6zdhx,btc,,2,False,
bc1qlhfy6f9tld3yfuy3xhu7es20hdtx9szdtd6rz5,btc,,2,False,
bc1qlj0gf50sx8xafm922v5pvernx0vhgww069q975,btc,,2,False,
bc1qlj83f62trnxdr2kl78l2h8hnhmr9k4v2wm3z2s,btc,,2,False,
bc1qljvv4xu7v8tljmt6fsykrvex5ufmllzafany2d,btc,,2,False,
bc1qlk4937y0y2p0hpscj78jxskt7zvad4n4xgytuw,btc,,2,False,
bc1qlj8ehu4whmrskxh466h380hsuuuwnhmte2amv3,btc,,2,False,
bc1qlkqyxmw0cfnqmwtwt69lazcq07ysc3n3zechfr,btc,,2,False,
bc1qlkn0yk67djr5ta9fj4pkdhw24jngmxxz50m6j8,btc,,2,False,
bc1qljm8ztvp0qxq48tc3f927w4en93398004xqute,btc,,2,False,
bc1qllsuk88705967hxxvjg9w5qqufau09t5acrr34,btc,,2,False,
bc1qllcene6ujsulqfauztqk5t0p9hzn5rak56zcjz,btc,,2,False,
bc1qlm549hxvkpxt0z5vknalktyrm3dealkzmskrt3,btc,,2,False,
bc1qlkw0s7qc7ksdanvqt7p30sl6elc4dta02ay3dg,btc,,2,False,
bc1qlkxt6rugg96rt5nmah6ugxl8znstrvtdw50ghq,btc,,2,False,
bc1qlp7xh08nj27x3t6qzcnhtl9w8x0r5dtvlvra6p,btc,,2,False,
bc1qlplglxswd7gksljvdpzq07yra3s5pknmjnfr8p,btc,,2,False,
bc1qlph8gdu0uzx4c8qf9t3967nwqg7kd9790g4yh8,btc,,2,False,
bc1qlmhglhll87wm50qv2qp00mkr5f33cel5fqupar,btc,,2,False,
bc1qlmfw4dwdg2lefc3pp7mksc4nfhjxwjymy0gu3j,btc,,2,False,
bc1qlpzu5qlsnq2wc0q0qq0hjrv9784dy86p76h8la,btc,,2,False,
bc1qlrscfjt05mgu0cp629g387rr29w8kvtyx5y4vd,btc,,2,False,
bc1qlsh0703msj0swc0mwy7nuhf60f4lr0je25xm92,btc,,2,False,
bc1qlpe03hefmvf9gzk49fkzsn5u64tnv7jpsr2sa4,btc,,2,False,
bc1qlqufgdcxdgzvccd3ge549txgv4t65nzhvfclhf,btc,,2,False,
bc1qlq5cszc8nr6edah4e86daax097hmp4zml6q6h5,btc,,2,False,
bc1qlvvs2342mxkhgasjlm06lg6t0a7uanq8vqzqut,btc,,2,False,
bc1qlv3l2xjr5c99a36e4cndqw6yc5c9dh2ycgh4uq,btc,,2,False,
bc1qlwmlnrzp2kv2qj0t93duwazew8letl26yypvwf,btc,,2,False,
bc1qlzfjsl5apngv2w3s2elm0m6w7dlq6lx5vyq7mw,btc,,2,False,
bc1qlvlta9nff3hfv4ntem6a678cy3w5zt2pgsvpaq,btc,,2,False,
bc1qlz4s55qtw2p3ewavztrutxpkm895xz68h6sc0v,btc,,2,False,
bc1qm0r74h4aejtjxrmvh6rpnckp5xsd7ur394k3wf,btc,,2,False,
bc1qlx6gpmwhn86cm9wmy2clt8lv4du32j6evvets0,btc,,2,False,
bc1qlzgpc55dva3xyall88hnqlx40prcemsszrd9hj,btc,,2,False,
bc1qm0w9du7y22he54ru0wp475m8g4aux704syjz4d,btc,,2,False,
bc1qlzscnm025r2dt77ptqr3dsay0qayyfejjyk59k,btc,,2,False,
bc1qm4jdnakjadayl7uy7qvrcnpty3ms4ypkx7fs43,btc,,2,False,
bc1qm3xtwn9e5gz46fpg52g5j7u00e22k7f3gqehj6,btc,,2,False,
bc1qm3j3kq93xx445g9xqe43zeuz6jhnsk5jeyu7ge,btc,,2,False,
bc1qm2u5k7d08x73jrc3yrkjytvajqr99a3936pjfl,btc,,2,False,
bc1qm3tvl726n9ljlmng0wraa3fzk3gm0vxkvejc0f,btc,,2,False,
bc1qm864z4gm8pul6zwes0nuxld4qkynnmtxvnd2cn,btc,,2,False,
bc1qm7vjp9m0599fqpzueu0z09em4aq0p9tu3jsssv,btc,,2,False,
bc1qm6tgehtz02krnq60pvj5tqpv6m5a5es6upxeqh,btc,,2,False,
bc1qm8wcptdk9lcx626d0mpzd0ljh5k9u0qz3kjz33,btc,,2,False,
bc1qmat2lkkxy9j76v9fad3yalhh5mn08f3f520935,btc,,2,False,
bc1qm9nrqcqeyqyds56uv7wt5uewpwlztl5550vc7f,btc,,2,False,
bc1qm94a7cpcvf2q9a7lrgxd4k5nnw2lgm7fgsq00r,btc,,2,False,
bc1qmdvpu4vgl27a5veaz9st8ljml27mz7xr9tae6x,btc,,2,False,
bc1qmdrvgnh7hefvvskc5spz3qj3nx5n7s08jkpyyx,btc,,2,False,
bc1qlst4u500p34s4d8upmkswa2e7rhax0fcmxfl2d,btc,3213,73,False,
bc1qmc2gltfs7wn2h948r3q2ank4093xu32xdm8ehg,btc,,2,False,
bc1qme002qv654su783ew2axeseza09fv5ggx4ysck,btc,,2,False,
bc1qmek35s2tk75rc4svdgkuaxypsr0whqaues2wue,btc,,2,False,
bc1qmejgq3g7a6z6v50447e3mgnzyzezgh3jlk8lwu,btc,,2,False,
bc1qmfvfryc5ndue8s8c7npju96sgv9x2gkhxspyu5,btc,,2,False,
bc1qmfvy3hxlcje7mjfuxy9hs20tsmenjyvrr4tagu,btc,,2,False,
bc1qme7jhd67f2h45g3cj990dzgh4079r9m4czvjnr,btc,,2,False,
bc1qmgxds3ndk4qm4cejdd4s2749sc3kj3vrprkaea,btc,,2,False,
bc1qmh4754dakfpjaglad8xyrrj7lpuvwnjkrs7fst,btc,,2,False,
bc1qmgtm7td36z5c4cnpdqv9wdjagkq93lec5c9f3f,btc,,2,False,
bc1qmgfydzexnlp7kyxejl4edp4uq04cl5wk70202m,btc,,2,False,
bc1qmh8q88d2twukdldasusr28dcp0v4lyzfrnc725,btc,,2,False,
bc1qmh9g3qjnmdjhqtxml66xxp9548rugh9gsd5w72,btc,,2,False,
bc1qmhgsvl9gp3nqxgqjgw8rqslk7rnkf67telf9c2,btc,,2,False,
bc1qmkhj94m0gy2kf9jljlk59t6n8e4jk4kdpwzm6t,btc,,2,False,
bc1qmjzql2hesuxzm58x6qtg345mq6h768vm3jad03,btc,,2,False,
bc1qmju9d8xygqqyyhkv3g8vkxwwlf6t6y65pp9k06,btc,,2,False,
bc1qml3dv8th4pcsa3uhkwqwr7pa84rxu54wlrkfp7,btc,,2,False,
bc1qmky6ha54cqlsjzyp47wp8yr668amttxl0lf9x8,btc,,2,False,
bc1qmlu5g3w2yu2jgqcfq4p4ccl8rtme43gjyxpw8s,btc,,2,False,
bc1qmkzen8j7tk0w83c5wul58jt7wewk9dyk9kyddl,btc,,2,False,
bc1qmm77rdsjusmang920jwcrd8skey2usq208xpz6,btc,,2,False,
bc1qmmsjy5duja7ua0yktatudyaaapvpr7z3qqj366,btc,,2,False,
bc1qmlxhxlsug7wwzpaw04nmpktpv5dgl79jsxwgrl,btc,,2,False,
bc1qmn6dc2qmdnmz7ypz5h3d7z4sjlvulkpjwue37c,btc,,2,False,
bc1qmncr3mzq5g3tgawd8m70ld90sglfzl268nhrq9,btc,,2,False,
bc1qmp9jz4nd5v5hkdkug9cunduw4s6cjenv4ad0lf,btc,,2,False,
bc1qmqf5sv9jrtrz07apwjt3ecwajez23ptt7xqhwx,btc,,2,False,
bc1qmr7hl9zwq0h9fx52me85hly5mmv8wmsyjpdtu9,btc,,2,False,
bc1qmr9vt85q4x2zl2n0pnevm6pem5vxx5dv43laxj,btc,,2,False,
bc1qmp0tw03ua9kdzyv56ucaqyzx80p40v7vw6dpcx,btc,,2,False,
bc1qmt8urwrfm0xjl8h5zwyv0lwxp0a6zxyvg9s0w3,btc,,13,False,
bc1qmlfgu70m3dyjwarx50g9x7tmqys4qn0zp6aqer,btc,,72,False,
bc1qmrwejzqw0v8jmterq6sder460ytdehxqwunlye,btc,,2,False,
bc1qmup9p7crfgvtu5n4uxuxnz5w064gu36955sge8,btc,,2,False,
bc1qmdhu8y35qedke59yy45um8tewsshlepeu90jfz,btc,,206,False,
bc1qmtak7fsmfrfnl3plmvu8mhq78j7dgnvhzhfnk8,btc,,3,False,
bc1qmup8eqxg7fvwfh93xd0zdrqnq9hyc85a9s722q,btc,,2,False,
bc1qmw0ttnt368fh7n3zrkl0vsf4hk8jaccvekr7lg,btc,,2,False,
bc1qmxm5fvg3kz2ek4f7qknjwdecl8sflxk600zs28,btc,,2,False,
bc1qmvcy8ghm22jupf3fx8v6rgchev7ccra48l36m9,btc,,2,False,
bc1qmvpjev3s4gnnqrp0smrd8rl08e3qr8hs6zywsj,btc,,2,False,
bc1qmxu23vqx420gpvrar4el7w57qvsq92z95mzyem,btc,,2,False,
bc1qmz999d07p4zuv9dladwyfa90lfzezwypu69k4w,btc,,2,False,
bc1qmwt3nhtqvpsflxsd6vl2yw0zu35z7rg3jgmknx,btc,,2,False,
bc1qmxvxxurfnhgdznzjd8x63gpf57dglzc7yj9hq7,btc,,2,False,
bc1qmzkj37kqsphh8uywyu4aay4m7978nczc53xvg4,btc,,2,False,
bc1qmy3s3tvqqts6g2e327xrppngdqz2rx9g7uzs9w,btc,,2,False,
bc1qn0s8j6v38nw3334vn7ta6zgvqfmdkyf4wm2ca5,btc,,2,False,
bc1qmz4tlu0qfvs4ps66udl2l24htpj86p3xtv66qt,btc,,2,False,
bc1qn0j5zxre44llm5l7kc6sujusc3tfzmfgsfgntn,btc,,2,False,
bc1qn22nep57s8en97kfqetmaqyvz2c3cq202k2cys,btc,,2,False,
bc1qn0qnuqmjccpudzu9f63228th3sg9drh4s3l7nz,btc,,2,False,
bc1qn228qerz2d6vlmganjqwszhryh0gau4skk4l5l,btc,,2,False,
bc1qn22juy4d88lk7ye0ksy0kljd5w9w09un0lrnrs,btc,,2,False,
bc1qn4tgld09xj2uspgpla66v5pje248wd55t4g40f,btc,,2,False,
bc1qn5l8ttj7hph9kn6la8knm8kmn7lcrm2jk6pf4d,btc,,2,False,
bc1qn5qw73ua8x7saj598m3fjv7vwx22x9meenl9kq,btc,,2,False,
bc1qn69jhmmqm4re9djcjmzvvavv46ywyad652vhaj,btc,,2,False,
bc1qn8qlr3nr2m87am0c2mvumek9kj8wfen9z2ct96,btc,,2,False,
bc1qn8kdhpn4ucfwnq4t9q96q34mcv25lqrzqyc6uz,btc,,2,False,
bc1qn7ggzfk0g07aquefpvth4n65rj5l6wrj0t5a9c,btc,,2,False,
bc1qn9dzuftewargkstckh0agulhylkqhrt8a7paw0,btc,,2,False,
bc1qn6uxmk3cftw6tzkwt2uz5mtp3qfhfg9ajafrsc,btc,,33,False,
bc1qnaunp2yc4hexf67r66kkunvlr4sqn6jqreq0j2,btc,,2,False,
bc1qnc236z3jehys7fjcymkwda29prx2dy2gvzln8t,btc,,2,False,
bc1qnadmp9yfd848qt3j7kdr3sj5np9tnkqz3cq0xe,btc,,2,False,
bc1qn9mzpf0fa5xz08frpfvta6c8jy7vcryrwhpxwx,btc,,2,False,
bc1qnc0q6d743x86w4tlxrfupdkrvts396ds7lcsga,btc,,2,False,
bc1qnc2awm3my83ex8te5gu65a9cxxfc7rrg43zdmv,btc,,2,False,
bc1qncla7erfz3q2s8gfu9t72tqgn3nfttvvg03d2r,btc,,2,False,
bc1qnd2puddl7atfqssmjlxr5j30kkh276h4trknny,btc,,2,False,
bc1qn4qksd0hwepxt5sxkn69tt4jlshm2tc5nvmp5d,btc,,38,False,
bc1qnf5ax4ja0lzucv2m5tpgj8ffynguhz2hg6veu6,btc,,2,False,
bc1qnfmrjhmm5m0nlxxq5a80lg447n6kgrh6ees4pm,btc,,2,False,
bc1qneu5jwdsff9dg5lqxe794vensm6w0uwl20l0jq,btc,,2,False,
bc1qnfvzhfh3jysqffl3evcqy64fp9x2fly3hhcz0s,btc,,2,False,
bc1qncpnvzpjx384em6t0av22vum83fsxcd65p4xvh,btc,,2,False,
bc1qnf4afr297a0g9l52wrdzjwcdvdvhn2t27jgnw9,btc,,2,False,
bc1qngh4vz23w3mk9tahd7r2lg0dn08mjgn5k78d4g,btc,,2,False,
bc1qngy6zpjfnuj65e6lp8zv6pz8dalnxd5uu5cemt,btc,,2,False,
bc1qnj7kxu5udrrzwcgg3e5ycy2m87hlhq7mev0chh,btc,,2,False,
bc1qnk39c5krk5nqzq09azsvd9u0r7aq3e8w62s7ch,btc,,2,False,
bc1qnfw09wqaw24zcumhs4qmeeq4al2f2fd4uqscl0,btc,,2,False,
bc1qngacx099vmf7sk6qc8gsv0xhzcpmnrsvgw6z4x,btc,,2,False,
bc1qnkug5r7aqhz97dg9sz2rq0j8d0jt4v3f533603,btc,,2,False,
bc1qnl4m3v6qzd4gvz79t8gdjejq50f6y4v3tgrjel,btc,,2,False,
bc1qnku9keplt3vftpmd93stqpt58sxjyq7pc2rc0k,btc,,2,False,
bc1qnkdm22lxmu23l26atk9fj0q0me6yqx69duj449,btc,,2,False,
bc1qnl70gwnpalhg5pe2pr8khtmn86qxp6s3fsu8y6,btc,,2,False,
bc1qnmx4cpmcvfnnkkzgzps2lxplz6nwuamk2wnhm9,btc,,2,False,
bc1qnlh7z0p62rg2309cavtyz9n8ed8nem89yaslvt,btc,,2,False,
bc1qnmtvgvvv4phr9mj40ll6xjan98zk7qh6mfkd3g,btc,,2,False,
bc1qnpkyz8egsmhtqre2u55hs8sn3fhzkzvqvl2ryx,btc,,2,False,
bc1qnpacsenhy0cddeypq9tk6aetnkxk4gqfmwz2eh,btc,,2,False,
bc1qnnfhr3yj43qqpj6hf9wf9q4cuw0hvcdkn5wtl2,btc,,2,False,
bc1qnq24t0a7ts7enwmhvs4rmrfh2xdgss3y5yvsuk,btc,,2,False,
bc1qnqex6u94unmrgn4z6f492razv34ru8emfqnwa2,btc,,2,False,
bc1qnq6llc97q5uu5p8fcc8xt6tj35vvtc4wfjnw77,btc,,2,False,
bc1qnqhg7ygs5s09l5a790pqtx47j5maf8rd70w7ul,btc,,2,False,
bc1qnrcz9wf7zehfjvpjtk4spkq2u2zfalpdx5s9yv,btc,,2,False,
bc1qnrt7nt6a5vcgg6kwx6gqs0ky4xl44kppjqvh88,btc,,2,False,
bc1qnt540xftq9q3j5a302u4g8hy6knjtehmth6tmu,btc,,2,False,
bc1qns9xtggheuaa4se409kw8f58vcrgg6hq4a4qf7,btc,,2,False,
bc1qnsnt7kgj3kukf0zl8f8gryle6j69mxktqscjf9,btc,,2,False,
bc1qntumfv7yna4kn93vpmcqfwfj8rajywhqkuwa9z,btc,,2,False,
bc1qns4gznt3uk86mucvnaan9f9q2l8rv6l0sf5dm4,btc,,2,False,
bc1qnuyhrw6xyev9ue8lnr6254wj2qg86w04gr0gw2,btc,,2,False,
bc1qntu6vv5q8xvuwsak0qs32f59fjrrxwzmfy0hkp,btc,,188,False,
bc1qnujqfeprhw66t0vyu8z5dcex24vgfg96r2vyfa,btc,,2,False,
bc1qnujyzyujzmws9px457pl9zcw5pq02cv63mv9px,btc,,2,False,
bc1qnwhny74rzftftt6vj8u4wceay2478zkd7ccrqn,btc,,2,False,
bc1qnvgqvje0l2dy6gwlx78cg4qhfu9ht345gth52z,btc,,2,False,
bc1qnvu6jnkzkz0p6qtgg5acpj98wt0a74m5t3253l,btc,,2,False,
bc1qnxak05r8ufrgtkvfhspu9h0n5hd3ey2wy6n4f4,btc,,2,False,
bc1qnxyc4pxupf86fahhcsv8xh4g9f6330l4lz6t82,btc,,2,False,
bc1qnxzvgf5na3j3vyu2qzg0ug5zg3gr07xpcf9ln3,btc,,2,False,
bc1qnxr54dtqaazftdndhvnpz9w6mvspadu9s8camy,btc,,2,False,
bc1qnxzzxffsedw5wkht4y40atrf7ujx3k9f3cx7gx,btc,,2,False,
bc1qnyrgfy9hytq06rdq5fe60ve4cxuuvrfey0knmy,btc,,2,False,
bc1qnyxcm6h9pldzn07y8p4a58fkszplk8h6r7wm7m,btc,,2,False,
bc1qnz08t8qnejps8rf2wdkha46ezjux4t0q7wtwlz,btc,,359,False,
bc1qp003tauc6m0ywt89q76k3pqyurgvkt360qwrq4,btc,,2,False,
bc1qp2u8s9729udy2rha56gqgtwpvs2p65nkdpsews,btc,,2,False,
bc1qp3jmljxssf3uu22rt5n4y4ms3sfuwrcwszkz9n,btc,,2,False,
bc1qp495y2ryrykdwj5ece00djzyr3s67hhvgpq5e7,btc,,2,False,
bc1qp436t5aqtkpy9cmtvnxjuul7pu7qgqchtmt4ad,btc,,3,False,
bc1qp4ytwylvknsx29l0fkjuqvu6ezlqg4k3u9gmny,btc,,2,False,
bc1qp04t3de8tyf75q3qmml4uav22fyz4vuflakwe0,btc,,2,False,
bc1qp55mj3d3q28ppf8qujpp9nxh5m5679w7kyt430,btc,,2,False,
bc1qp305qu0fggmrvnf7f25g6mtngf5vcn2cpm2fla,btc,,2,False,
bc1qp5z5qrn7mh6k2yh7yfanvz23mkd6z0uldts0yu,btc,,2,False,
bc1qp677rs3lpqv9y4srd7zjzhjszxcr4p988vlf3x,btc,,2,False,
bc1qp49tckvdu2sv50n5tdvhnu6mc5e9k9ez3xzk8d,btc,,2,False,
bc1qp5x2kd75v9qnarcuu7l2lhvn3wkzc6qefnv9hm,btc,,2,False,
bc1qp7gad0akxvl8fgc58eayktzmsz5wuezact2s8t,btc,,2,False,
bc1qp7y36drrjx7zp80qaudffrsxydd5sv3h3g4mna,btc,,2,False,
bc1qp8uc7804y385kqlzsndz6tjnnt9ctpywd52ueq,btc,,2,False,
bc1qp9fehdzh96qphwah329fzhxc2dt6l05qug79kr,btc,,2,False,
bc1qp9lnapg8ujju0n2nlyzgl9vnn9gp88qd8flgq0,btc,,2,False,
bc1qp6x235en4vt87xlkk86w4pvv8r565707ufu36e,btc,,2,False,
bc1qpasgryx3v7yxfflu6fvckrzja759nze0vgd5eq,btc,,2,False,
bc1qp9naukt73kg0g6u39e42a8gwk8a3k045nv6ajs,btc,,2,False,
bc1qpdy5tn5t2v7fsenywrnm83wjn7wrjtzcau7595,btc,,2,False,
bc1qpf75r8uzv733xy4xkyq33arqmv2ltr5y53cscl,btc,,2,False,
bc1qpfzp5d32v2j5uty9d62xdelzmphvrgsld07j60,btc,,2,False,
bc1qpdqgz8fxv26kee8hquchcps2rmp7t5l3nvxsh0,btc,,2,False,
bc1qpdumh4lahudemd9ezkwc2537uajjwuls8wsyq7,btc,,2,False,
bc1qpg4p76thfdtn3xfj3elnh8nvt7pr0f63kuv7a9,btc,,2,False,
bc1qphfck5gugthskz33k5hkvhsurad0vzce9jk6jw,btc,,2,False,
bc1qpkmpvzfwf88fj79ekm3npt6dq0690zumqx7d0t,btc,,2,False,
bc1qpjpa88dchvezpd33rx3ucvjthh2n8td7srpl52,btc,,2,False,
bc1qph8jllzedzc3ycl8vgtvlew78xp9e5ujuq5fu8,btc,,2,False,
bc1qpgv5kmxj2vu0agnxznd4fwyuv84w33c28yhcfx,btc,,2,False,
bc1qpm6t0uklgydnrngs3w23y7nt6p4uyuse4zvzh0,btc,,2,False,
bc1qppc3mh44s5y0mq0crzuxegjdagggqekrajezfx,btc,,2,False,
bc1qpmklqqgq0uva9evutpn2j3sajrzvg203emdlpq,btc,,2,False,
bc1qplt6twjhaq9gw2etkv7afm3fsh7gdwhgdfmqsf,btc,,2,False,
bc1qnlc4g3ltdt48d2fw96rt7906jp3h6qks8jz9pa,btc,1000,485,False,
bc1qpqa58u2mx4apaumfjjcjd68q84rquvgx7aglmu,btc,,2,False,
bc1qpm8yum85skwja32uu6pwn9r04s5w74eqp0wdcn,btc,,2,False,
bc1qppllj67m7x6qu6f6xaad3a6nnjw25gzr825fyt,btc,,2,False,
bc1qpprh92zr43xw4ahdkvvp0vs73jhv4lg2tefs8u,btc,,2,False,
bc1qpqamaeynqhpyvw2p7mphpw79hd9lqj00ggzvrs,btc,,2,False,
bc1qpsey8psfn76txqexu6mhmcxg0lcd5s3q95yn3t,btc,,2,False,
bc1qpul0ghqldlwj2gzn7n45kh94makuaehwz6wrsl,btc,,2,False,
bc1qpqgnd56s0nlznqykg9uj5wlezcmf35dpqgyz7p,btc,,2,False,
bc1qpuxa66v5z2d24pcz87qgv5jjq67jd65tdg6mde,btc,,2,False,
bc1qpsnngjlyl4xuappv3hzfnjd8yk692nxz2adkkh,btc,,2,False,
bc1qpuapdmqqz8svugut8ja6hych62pvacqd656qm8,btc,,2,False,
bc1qpqvmk73j3lr50fqkwwzlwc7ktqwyedpr7ypvmm,btc,,2,False,
bc1qpvd5zutz7akvqysdgu58v0tvtcdf55c328cpr2,btc,,2,False,
bc1qpxtqxaf3v29ex6qc3npemqkt4juauff87yf8ku,btc,,2,False,
bc1qpyrt6tx4ftctc22xlz4qe23dwg3dt8lavfrrnx,btc,,2,False,
bc1qpus3wd55uzxt84c2rapw4amg5vcguez8jkadaw,btc,,2,False,
bc1qpvcnmcgea66jxqc65f36k8kgg0n6k2070xpgm0,btc,,2,False,
bc1qpwwf68x9u6dshc6s3zy7r77uu2lmc9lwnzfjxa,btc,,24,False,
bc1qq0t5zyepcv3ax45a82ywr7yhjcp2srsp7wt4as,btc,,2,False,
bc1qq0rnjfm0yjpuavrflsax9evh7wt7fuyuv3hyf9,btc,,2,False,
bc1qpz8857t3kyy54alw4az3tleeszksmnnsasz0pg,btc,,4,False,
bc1qq0z7t8m42zwc3wwkm54m2a8uxznpevj5fn5d28,btc,,2,False,
bc1qq02kpcjur0huqpyyrk7navgssqy62hyl6df44n,btc,,2,False,
bc1qq40dunxcda6tkphpcxgthrq4agxelk4hx0xkrv,btc,,42,False,
bc1qq46wpsj8rmsqaln0fa3s6hfyd00v0w3sja6uye,btc,,2,False,
bc1qq4umnlgvnw9xh3mda3gnl6pegy9evr309mfg4u,btc,,2,False,
bc1qq6v8zf605m4s4jhq8zql8uh9wcmscage9y89q9,btc,,2,False,
bc1qq4pzlcr7v8vwq88e2zwtscyrtq4e8xdwdda648,btc,1311000,7,False,
bc1qq6lwutpr6zxnhtyz0cgnlyd54yzzznl4vl4s49,btc,,2,False,
bc1qq6xej0hackkedz8773wth40yl90d6gpvrhxt9k,btc,,2,False,
bc1qq7x7vw86vqfjp07atanwcjefeum5ylwpmcxsk4,btc,,2,False,
bc1qq7q9h75s94hkajrvphzgnsrk5xkg46fy6mp0qx,btc,,2,False,
bc1qq8wstqd8396edvh0xp2zc7dysn5aczum5kjx5m,btc,,2,False,
bc1qqaaankmspetuz68a9rmzgk8t36z2h9tu9h2j52,btc,,3,False,
bc1qqaq04hh8jan9fe90wsh87cx97xcz7gyghsuq6v,btc,,12,False,
bc1qq9yycdx0h0ru6n6gsuhezl9d3tyh3enajk0n7m,btc,,2,False,
bc1qqawn0dt2dzmgwg6ppwc58qxd2qnj75g92mdjxu,btc,,2,False,
bc1qqcyas8gn2gsl8la0hr7g0a46fruwapc8ce9rfk,btc,,2,False,
bc1qqev7nyrhct50eznzndrjcxq26y8s682qft4nrk,btc,,2,False,
bc1qqc022t8gdzqnmgtr5lhhzl958ns7f62yev5j4u,btc,,2,False,
bc1qqaqkfqnjnplq5f04ecsnauchu5f05hydggpxz9,btc,,2,False,
bc1qqexe0ns95yvdrslkldu2wq7vtzpufz8cdnuu4d,btc,,2,False,
bc1qqfvn2j9y557gkgaytdkgygprwfuf2zcfmgm9yt,btc,,2,False,
bc1qqg9hgexu4pkuxl6g7dc0z2uaf79c3yd9tc75h5,btc,,2,False,
bc1qqe3puuss0phkxaz8zrpejdc2ccsws0g49fr8lf,btc,,2,False,
bc1qqlnel0ezn5xsm40s7q0y0gkecnhzh44v2euqch,btc,,2,False,
bc1qqkalcu4cguk5j6c27y5je9z4tvyeyxknhmp693,btc,,2,False,
bc1qqmqym66074c2geua0szwdq93sq7qjyuprvy6g4,btc,,2,False,
bc1qqjh6snq9t8fhv8x2fdgt5mw5eyyel0x3slx6v3,btc,,2,False,
bc1qqgfepz5usfycyfmtppw6jr7y6refq5t5sm84sg,btc,,2,False,
bc1qqqcp4nv68n64vns3r443cpwzncfjvh9lrm9c73,btc,,2,False,
bc1qqnf2qmtgzzcy0yje7szm7zfclmt6084s3whx97,btc,,2,False,
bc1qqpumk8fmalwjtcvclcagl58phk94wx5ajqd3em,btc,,2,False,
bc1qqrfuzpn2d809r6mqmjp72x0a7knutsncpzgu9r,btc,,2,False,
bc1qqns9r0mrpxuvnz5advp3eepnravp6rq7pfchd0,btc,,2,False,
bc1qqrgy8vfqq820hu7lyvr26gffwylu64f0aj838l,btc,,2,False,
bc1qqrw8kl78hp45emhzdlm8ukgfk5tuewuq9f87ad,btc,,2,False,
bc1qqrxxap07lq2e0qczgdaedxzja5czsyd53nujxk,btc,,2,False,
bc1qqtpxpssna9a4jj6syh9skhqnxn885vc6jy2sta,btc,,2,False,
bc1qqrpq53t94vl7z932lgude8nfp9grrkxxduzeqf,btc,,2,False,
bc1qqs6hf47awf44sm5240dmkcqwhnty0x593ptdkn,btc,,2,False,
bc1qqumwu9etdpfp4crqe0klu6yqkj5spn8sua5mer,btc,,2,False,
bc1qquq0sg5pwsfjlqj4aaxxjdnyavv093v8xxm80d,btc,,2,False,
bc1qqw4lswdxxxl65pveq4f22d2xmvh7dmxm95gt9a,btc,,2,False,
bc1qqwg4znu2qfml4w93c87dczwqjexzgghkatqgyr,btc,,3,False,
bc1qqsnyh023f0aqmpqjl6th00xdl2vkx38qj0d2yq,btc,,2,False,
bc1qqw2cpkg6ftnu6z3nv378d5ndhmrjnw9nxnx4df,btc,,2,False,
bc1qqy3sznes9mpdsj5h8k0rjyk0na78wc8km7yryv,btc,,2,False,
bc1qqxlapz9tnr4udh8e9w522r4aq37dy7we994awm,btc,,2,False,
bc1qqut6qw3876zzzmur7tqepc8gefna3gxr6hms0k,btc,,2,False,
bc1qr3gr5gcc3csknyt9adqnntuvre9xmyjazar9ud,btc,,2,False,
bc1qr0pap09u9acxxrl4j8newr4vj5sewyf34twfnk,btc,,2,False,
bc1qr3dmhg7t4wrff7vlty68rvw22k43axl6zhd96r,btc,,2,False,
bc1qqwph5w3uvn4shmhqttas99dtgwxjvzg2qvvusu,btc,,2,False,
bc1qr0f7d870ge73vz6zwhmqvctcz56jr79yrk4585,btc,,2,False,
bc1qr454gxud783jfvnfu8jepuwglczkhgr8kf50hm,btc,,2,False,
bc1qr5ke6x9tzke409fvsp27w6vldsgh5qux8nvy2g,btc,,3,False,
bc1qr0yka2y0vgctnpkv0ja6erp7vpntgca5xxkz0r,btc,,2,False,
bc1qr5e8z0s4pujkz6p837nu79e3ecwanctf2fseev,btc,,2,False,
bc1qr3kaszv4l4s0s3drn86a9cwfgy9z996htekyly,btc,,2,False,
bc1qr6dtwzjzmz0vfz7hya87kpr8rk40z3sfzupg64,btc,,2,False,
bc1qr9d7cj72t4erxlmx00420tq79f695txl5p9dda,btc,,2,False,
bc1qr6nszhz48jmywln8p6hnqj66e0wxjvky4znnz3,btc,,2,False,
bc1qrc9fnckf2ztdgsaul00pfnzhuvj4hq4s2ayrrh,btc,,2,False,
bc1qrd0xs3kdd95kerh0umtyf3mnpw9sgjkus823tq,btc,,2,False,
bc1qr5w6cu2tjkq5z6g7v4dm64eten2as0sytd84f3,btc,,2,False,
bc1qre30s4pj5fsw8w75vv0y03pkm3tz8lys5yyla7,btc,,2,False,
bc1qrdmzm8vdahsw9flspzcmfum2e9w00nf6rpajls,btc,,2,False,
bc1qra0mlkf62aehjhvqr3u6w4evg24d7suw58r2rk,btc,,2,False,
bc1qrd53fxzlh8jqe356ker6vgefev0mzqh4x78zkf,btc,,2,False,
bc1qrc9chccl5x3u2cqs9fykg9qad2ml5pdcplse4q,btc,,2,False,
bc1qrg6zfxda78uz032arsftvc8fc65vtayz42wan8,btc,,2,False,
bc1qrd36hpgq7tjvhych46tjqqsxkxpk5pxajy3dvr,btc,,2,False,
bc1qrgaeenpdd8w5qa2hzpgc5xtr6yy54hxc75m929,btc,,2,False,
bc1qre5wdsqeaz54vldv6q2q5z6v4njdrsmg6s4h2d,btc,,2,False,
bc1qree089xl8rh28a54fey0a8hsck352hrjvn5qgt,btc,,2,False,
bc1qrf8nzpjx3s5ag24ay4w3mauj7klghm4wk3ck9j,btc,,2,False,
bc1qrhlsmeqlwkuf8sr5500kfnu3zyf4ghhjl9khkf,btc,,2,False,
bc1qrj6r5zuwywqdl2gmpgn0ua88k27wf8c5alxgya,btc,,2,False,
bc1qrj7vyks68t4d7ka06e88a5ehr2aclwnhpmntpx,btc,,2,False,
bc1qrh9yfsmc8vd54ldhucnnplr2ka7p3hwy5apx2e,btc,4407274,2,False,
bc1qrhs2khrs8xjfw8uq3wvy7dvs39quv4j8s4y0s3,btc,,2,False,
bc1qrjz8vjxzhgs8ls20wqj7xflu8mkphpncat29tj,btc,,2,False,
bc1qrkrf6dqhe025y4lur3z0a2rsufr38cn9m55zvc,btc,,2,False,
bc1qrlc6kzc8q275nzeeh08znlfqyafl7kmcdfwcdz,btc,,2,False,
bc1qrlrw7hg7we89pmnh6erhv4s8ede0hygz72d363,btc,,2,False,
bc1qrlm9umwavxg3mvw8l2c48yv489gsyus4qmy9dg,btc,,2,False,
bc1qrk7za4tq9l7mplyuw0nm8xl3e8tu7f7ghlqqhu,btc,,2,False,
bc1qrp6tm4777mnetqyqf08c8t8mq5s5daj9g7zsns,btc,,2,False,
bc1qrq4cgmcgfu6x7ppdnk3uet7lgf44njdax6a09t,btc,,2,False,
bc1qrpm3689nqsswwj3p2zm5p93fqdxcrez0dyy3x2,btc,,2,False,
bc1qrjdw7rglt0d23nna5p6e04zd5e93cphsa5dwp7,btc,,3,False,
bc1qrmg7gcrx77w9d8mlv9xjk55rl89jchhk7mnlyn,btc,,2,False,
bc1qrm3swjsw78xf3lq3ka9t590ls6n8c92jp5xe35,btc,,2,False,
bc1qrqfzmjuduhs3g4ypt6sznvjsszc5pat8tkp3km,btc,,2,False,
bc1qrqredhhnwmzfjxand4w3m9ehmv5mwq6zjp2yzq,btc,,2,False,
bc1qrqehvzhhcpc29semc42r8y8j3ptwnd89zlru92,btc,,2,False,
bc1qrqj3sphuht96l5kcmkpr93lhpr3wxz7l7fvru9,btc,,2,False,
bc1qrr0vp8e7yddqft9e4sqr90hmmkcc57w3lgvvvj,btc,,2,False,
bc1qrr58ux2gzggap6wh2vga4seps2n0sud3nwwzkt,btc,,2,False,
bc1qrvszsqlf8s8fz0zyfhn6t7l7whq2uhffxew6xz,btc,,2,False,
bc1qrt645grrqys7q3ajqhytsnd8klg5nwnx25u777,btc,,2,False,
bc1qrt4mqjkvxn09hfx2ecwstmpmrl3egfyglfsw92,btc,,2,False,
bc1qrsjl6l27934g5enayzgqx54euynwlr50cy67s2,btc,,2,False,
bc1qry6f74qxfsa8grtjv67m979jpug3r8lqjahz5y,btc,,2,False,
bc1qry8r7p88vw4xqpt5tczwjqjktmvvydx8vdsu2r,btc,,6,False,
bc1qrx9d5nxpep0trf0l3q2xy902kljg3pnt90rze9,btc,,2,False,
bc1qrtqrtfgm5pfn9us4pprg4zq7025w7zf2cwerpy,btc,,2,False,
bc1qs0ywqughxk7tedcs3aqmes36a363rp00mm3s4w,btc,,2,False,
bc1qrwjdvqdngw672whdsns4h28kwj804x299n0z0t,btc,,2,False,
bc1qs2dwl5yuv93z9swkccthz5s588v470gx4l379u,btc,,2,False,
bc1qrw3emwscw094aw4ugh3kfq8he3qd0jclrmygta,btc,,2,False,
bc1qs24hypf0d3s0aujprutvdtn5xf6q76haeqjmq9,btc,,2,False,
bc1qryhn83r0tzhw8s8h8yz26y047h89pvd6kt9u4e,btc,,2,False,
bc1qs2qyq0ql6xf609arlcugaphacc6e2f3vw3xxpy,btc,,2,False,
bc1qs67pp9dk7pwv2x90wtpuxp4yr7pjetct5y8hue,btc,,2,False,
bc1qs25v8032ym3kv07negdedv5yyxycvytg976hu3,btc,,2,False,
bc1qs6q0phg0nf20v6lcex0q53hdah8wjqg349r6l2,btc,,2,False,
bc1qs4qdnmuhtssl0jerys22ec3cxqazs2j9wzkm20,btc,,2,False,
bc1qs2s9a0urh2jkqmwh7cmg7z5pxuj9knl4gxxnxl,btc,,2,False,
bc1qs6fh5dpvgtwfl5qnjqlc9d6wsscxrndaqz238q,btc,,4,False,
bc1qs79vueky38kdtvt98k0qeapx0rtasmv4d96jvw,btc,,2,False,
bc1qs7s73v8w0tdwn55nyampyv7s2kfq49av8p2krr,btc,,2,False,
bc1qs88w5ckfdwhgfchm7084qy02sza02p3s55n7yy,btc,,2,False,
bc1qs8x7zlevnxjr64pg9w8lmumxe0e0wlgq069ed7,btc,,2,False,
bc1qsc9qydd6vxz408hpmdcq4l30xhgeyh50ky763q,btc,,2,False,
bc1qs8q7dq7wqc5qzt6zh4udv7fusqle7285u2kqev,btc,,2,False,
bc1qsc86ks7a82c9hxkhez90lv5wqqnw8py92e5qkd,btc,,2,False,
bc1qsew3kw85axvtwlqzh4jfd5e085lnglgqu2dg0t,btc,,2,False,
bc1qscqqcmnd9dvz9rgelryn6t5rfj890sn632m2a4,btc,,2,False,
bc1qs8l3h9l02pm5622yvuqf6yscwlp0hy2fs9gswq,btc,,2,False,
bc1qsg9vtq2nmdghqfelvzm6rhehcpr22u36y380e5,btc,,2,False,
bc1qsdfsd2smuf987uldd9tq569ze4h7ku0ypwu63g,btc,,2,False,
bc1qsdnq3cax8cu0ry6qq98ef8jt7hwedprtguaht2,btc,,2,False,
bc1qsfgnzgem3a4h78tspm0wyw5wm3fdhc3ttcj96a,btc,,2,False,
bc1qsgs7vftz8knf9npzp9egfaz6ynva2gtehxlr2z,btc,,2,False,
bc1qsh5pnq43gk64wccsvfld89hyrwgrehs8p02edv,btc,,2,False,
bc1qshagmlnksryr762pynx9ed4fjdych9txuadnpc,btc,,2,False,
bc1qshauuzxr0erqpgjh70l94cdkkd790exyadgp28,btc,,2,False,
bc1qsg7y9n2a4dq9qscpmlqq8mhys6mk7dq6fzmcpr,btc,,2,False,
bc1qsgs80szje9u9zmhmzvaqjd38xf5vujgh4cdr0f,btc,,2,False,
bc1qskcpletk4xrhl3n0lye7nzqlz4fzhu5a3reulv,btc,,3,False,
bc1qsnscqy9f9drmfvr73jdhr9kpw743yujgaqe7kj,btc,,2,False,
bc1qsnud7y7a5ynr9t6yuecrny3xw24y956x0m79pc,btc,,2,False,
bc1qshrvgcvknwp6yhfnxgswdqy5v4pa8trzdqu8vq,btc,,2,False,
bc1qsl7xx3438m7684hyn9nrw5ztdypvn4ejf8qyay,btc,,2,False,
bc1qsjcsv25sqyvjgqgvdkc2gx0mvumumgpu9sjkcx,btc,,2,False,
bc1qssadzkhf8gpdwa9p5k605revrehlgr6x7qggmk,btc,,2,False,
bc1qspglrzk2kjzkjgjd7qucd7zcyqcckkfmsuemzm,btc,,2,False,
bc1qsthqv3nhk6u8a0mn23h794vftpqhqpuafadqx6,btc,,2,False,
bc1qssenmxr5n7wl96q676u6uv8ru42rcmkwu80tk9,btc,,2,False,
bc1qsvfzgfles5xjfxjjz5wnhuhswnjvrvtla6ej3n,btc,,2,False,
bc1qsupp6xgpsy38qc9pe4svxr0pzp5lkyqglgadz5,btc,,2,False,
bc1qsxthnpsdsvmnx43qu2hyunc9gun3ujjap2gmps,btc,,2,False,
bc1qsy0mx5hrzcmxgta9wjdhyuu984e09568u5lx3a,btc,,2,False,
bc1qsnzqdtaewde9yj8qlxtzd03wzgumlwfp5l84xr,btc,,2,False,
bc1qsy9sc0kwsfp4yw4p6epnwaunk8nh04twe4pnlm,btc,,2,False,
bc1qszv3pjculhn3ak7tr9xfx4y3r4ujx60j3eh9v7,btc,,2,False,
bc1qt2uh3kkruh792pfeg4qdt48seawfmm02yaxn6q,btc,,2,False,
bc1qsyx2c47a9j99u7ptsuhuapx0jaku6028rg68jk,btc,,2,False,
bc1qt246txmyz8pv5xmh47plgsz65t8s6dv67kmnur,btc,,2,False,
bc1qt45a2wep66j6qf0rw6d06fyjz369k9jzsfr7v7,btc,,2,False,
bc1qt2y8aeyq6ujgdg3j3d9j0mfwrhjeca4ne0gu7j,btc,,2,False,
bc1qt6km47z99zx0xwl0vss4az5vpzwl6x2mrkdwup,btc,,2,False,
bc1qt38g7r7e8qvwcdfyfwumqr2tm3afjc7v2wzylf,btc,,2,False,
bc1qt4k9mxtap8cpxfymhlxnhar4wgypcsx3rh69xu,btc,,2,False,
bc1qt60vsafgjw2thdxvcd0lnzmtr4jwgp6fp0plr4,btc,,2,False,
bc1qt7exwy6uv43s0cl2kzf2k3327ugp27dw7tgjqd,btc,,2,False,
bc1qt7rufd2570kqqu6p60l2rmgjq9ja4ys829yeee,btc,,2,False,
bc1qt8a6nmvn5gqpeldtgu9cgwr46njezdjs4kv4vp,btc,,2,False,
bc1qt88dd85q2g0fcklsuspqtxmvhl8c5tkahyeh5w,btc,,2,False,
bc1qt8cwpp2jccu6zuunrydn7ant0c3rq6h228akmq,btc,,2,False,
bc1qt8elz95x268gu50yetpc2hnc5rs6satktakt3e,btc,,2,False,
bc1qtdu30x6nknued34q3utsry030ad8k6m5c3jtmt,btc,,2,False,
bc1qt9cp0gazl83gl4ytx9j65k99nu3tzzrxej99m7,btc,,2,False,
bc1qtccju2a8yet3u02gzxvtljq4udk5v7lve3yhpl,btc,,4,False,
bc1qtfeffwztklequ99ngnstwcvg5w7quvyz3vt09a,btc,,2,False,
bc1qtdx8far4syur2ya8zmg0cqq7u8s4gd5v43n4nj,btc,,2,False,
bc1qtg3amxuxl4d8tdv90zejhk9tsgh7hhzepnkw04,btc,,2,False,
bc1qtgcpelx4w7d46fvr8v0qjeamu5vxuhjgwm28h8,btc,,2,False,
bc1qtg7xfcs3e68mqj2cvtnkfv5kdmdvstec2lztll,btc,,2,False,
bc1qtgeqtu79zhtdqmq9k7v3f4y8k6w2sdfd0g78vw,btc,,2,False,
bc1qtkwhxm74jgnq6ylz50q0ny7kqffnln967zjv38,btc,,2,False,
bc1qtkh24xrn4kcywk9u89e8llc7dpau6576ha9mx9,btc,,2,False,
bc1qtpkphsatwhcx6a0pjsdasnszrpdcexefwwxq9m,btc,,2,False,
bc1qtpyad6ugxzj4h99yhth64svekqljr565dtc037,btc,,2,False,
bc1qtnpku7u2trvmuaa6y0msuq6d3hh7agt3m5v0ws,btc,,2,False,
bc1qtqcax9qkmnujm3gqp5rqgvjwrvu22ktkg0g2sw,btc,,2,False,
bc1qtsyp4djsceq6xzpp27hl4csc6qqvjldlefu32a,btc,,2,False,
bc1qspv0qvzsv9883wz7kfjxyawh29utxz4sguvdtv,btc,,140,False,
bc1qtqr3rct0ttkdurz3hd5k8dupg50sde9cd36m2x,btc,,2,False,
bc1qtrt57265d0pznn9zatysfvtyv2rnddv7th8lmd,btc,,2,False,
bc1qttxsfxwauerslldrdnj26jgqc3a884l3euc4dv,btc,,2,False,
bc1qtul0e6vljjv5sw543vqkej4fwupckplvznqw5c,btc,,2,False,
bc1qtu57wkc6lz9g390996j568cmtxdqv6fhqrd69l,btc,,2,False,
bc1qtu5424snmlkeeyfs8022n8aunzry3guyzjc564,btc,,2,False,
bc1qtw44gcsn0vvj2a2dskjvmyym4nwqaum7gsdcqh,btc,,2,False,
bc1qtv32wyfjwztfjdktw606heew8pra6r4jd7vuwf,btc,,2,False,
bc1qtwjxuj3nh363tnspmj3mjwn40q8kqxeac42kuk,btc,,2,False,
bc1qtva9mu5euy4th29j4yvmvclnzyntxaakp706xv,btc,,2,False,
bc1qtw9eu2sqf0mrham8fs2cas2htzcsqsqedknlp4,btc,,2,False,
bc1qtwleaxxu68uhjwkfz3erltvh78xy90kg24253x,btc,,4,False,
bc1qtwntpwg7d9hcspc3e84f8dru7nuyjz7cajz8rl,btc,,2,False,
bc1qtzfwg38e0yxyf8qthcm9hf9faevg8ytp2zffwn,btc,,2,False,
bc1qtxt7swzmr97kftfh48zvm65y42l4c8nedt5k46,btc,,2,False,
bc1qu0r9cun2mfup27c5c7j0rwls0320jn7rrp94vk,btc,,2,False,
bc1qtwwqzkfjsvjgre8f3aqc5t9ezuj4s0cnuavvg8,btc,,2,False,
bc1qu038q6qqm0hps82x3yn4yefen8kk7guf8yagfa,btc,,2,False,
bc1qu0styeyf4yr8tv55axv6weuxux0vxcwcdm4gv9,btc,,2,False,
bc1qu4dfuy3l0mw57pkenjxqscd2xr4hkdaaq0x0cx,btc,,2,False,
bc1qu5flnnat7wmy6azyehd63nmtgn207nkxewaput,btc,,2,False,
bc1qu2eqdsfzmq8684g5g9z6hcwgc5x5wj5qwxwjmf,btc,,2,False,
bc1qu5t7d30rumfphwrxxruefcaugjq4rnej96jttq,btc,,2,False,
bc1qu4emesg50d54j6jqr5v94zsd7h6f8c73ksjm60,btc,,2,False,
bc1qu6jtvx0c06wxcaa8n29gkhd325xfsr97ny8enm,btc,,2,False,
bc1qu6nj97h37pv9ucd0cygzlrqanz83mur9ty0l36,btc,,28,False,
bc1qu6ptqprsrzytwezjj99jngz5jkd54u24q6g62f,btc,,2,False,
bc1qu65f4u22yd3p80g94ayqmwv6flwxtajz28jn2u,btc,,2,False,
bc1qu77w6vmmy3tep8v67kem8qftn7uyu46f09cntk,btc,,2,False,
bc1qu8wral3tprlhk8v84d34ewdnrekpwscdk44tzv,btc,,2,False,
bc1qu7almxugfvfttarxy67u7vstu0k2s7ew5raknt,btc,,2,False,
bc1qu9vcw4fyw09s8rk20fhpr9rhn3cnzm6mk9rl73,btc,,2,False,
bc1qu7v4t9nh74h36xdg0mjnha4v76fu8zkj0nqxlm,btc,,2,False,
bc1quc4ejac7gta0uxenrw9g9fhtg2ew38nulnazxe,btc,,2,False,
bc1qu8xcl8kxt5fsp3a4g992gnuxm5nmmne0hyvgzy,btc,,2,False,
bc1qucdw0gna45aka6fkqc9l3hpvzg25e8vwwaq430,btc,,2,False,
bc1qu9x5zw47re3cvyqr3d368ak99yhv8pxlmmmx0x,btc,,2,False,
bc1qud0r2azehzsn3yhxate00c2nl7lqy09pak333l,btc,,2,False,
bc1quc4j0ylmzksqrfcfj23d79wlqwcwuaaf90x8fr,btc,,2,False,
bc1quegdz6ha28n9326rsz7ak7lpyarfh3y2mnvkdu,btc,,2,False,
bc1qufgn7v5dm35euv00h8zn29jwjcls7suungm9lm,btc,,2,False,
bc1quen8rjn7z800py3e8y9jg9c2a9gsprfev0faah,btc,,2,False,
bc1qucu3jfl68uwe997llj8yfga65qa036qzdarnqt,btc,,2,False,
bc1qug2rndl4j0rq2cqmruu6axkng2rpj7tszd33ct,btc,,2,False,
bc1qufr4y564kz4fyac77d4z8w92jl8avlhltul8md,btc,,2,False,
bc1qugzct78a3n4zwsznqtacxnuyxdrrtp26rmxg6n,btc,,2,False,
bc1qugsc754sxq7kp69kzqlc969kx9y9q33mxtgysx,btc,,2,False,
bc1quhc0lzd70w4d2uqfg4cm3cn8z5gmvltjqg2u8z,btc,,2,False,
bc1quj36d2660w3dmkmswygtqv9pr4z7ky02ekd2n2,btc,,2,False,
bc1quguff59s980dvrugh9s9s37e4ue55c602ct3n0,btc,,2,False,
bc1qujzmw4vdsyad8tushsgrp5hysd7ust5549d5cu,btc,,2,False,
bc1qujtdvvq9hayrgfsa5np6vuhlxugzwndj5z2zla,btc,,2,False,
bc1qujl8hkskhxcu284ucpcmvxwxrhfc693alc6qdg,btc,,2,False,
bc1qulz6rle07jh6l80uy3dgt75dltjm46hv9lea9h,btc,,2,False,
bc1qumg3rs83ha9rafkmkjg3enw0djtlwfvgyc3jy9,btc,,2,False,
bc1qunjfq2pm0m37mf8fhwqycgdea8m9ehal30k0mh,btc,,2,False,
bc1quk2p7dzaql7urk7x9mrnylyfzpgd23jgy3c632,btc,,2,False,
bc1quqzeksxfpgcfnvr2rfzklwm5fqjfs9s8mhdedj,btc,,2,False,
bc1qum05lx9566jd5l9h2nzf5ylyyljp7npmzjlfe8,btc,,2,False,
bc1qup9dgf86je6nn80g9p6hhswmufqzwyv8nfpka5,btc,,2,False,
bc1qupytgmwzzhklsveq9flte4x46etcratr7rdy5w,btc,,2,False,
bc1qumy462g62wm7cshlze560ex6f0lz0k9307240c,btc,,4,False,
bc1qutvpkmp906j9ucd4f7z34qpse50gs2elugjp7e,btc,,2,False,
bc1qus48wdun6tkwcx2tmvet6fy8kugxgghjllmagz,btc,,2,False,
bc1qut4fw5tf599klcurdngz7023jm7rmwfs3vu8ec,btc,,2,False,
bc1quua6cz0rvcsfehff9lf8ngnhfm4aknf9duelk8,btc,,2,False,
bc1quuguhcp9jm0n5xnehj3jceyc85cuyxa50r9fzg,btc,,2,False,
bc1quuyqruhk55q9wyuxh6ywuw5m92y0qxwzgyna6c,btc,,2,False,
bc1quveuqa6lymkexzw8v4x7h3hqjkltrk4yag7ula,btc,,2,False,
bc1quwxymcreuzsjl50pn5k5fr9quzqzmxkk74phsk,btc,,2,False,
bc1quvs204nu3wk3tl6fnqs8sf46agrkkdd3aex2yp,btc,,2,False,
bc1quxwqqd42cur3q4dqhuuajueweuneltdj25vmer,btc,,2,False,
bc1qux4ydp3tm5c0ddsq7v0gem74wn048fsqqcfag0,btc,,2,False,
bc1quwy2x5749jfyehxmdshwa35pyj6s55vcchr96d,btc,,2,False,
bc1qur85xn9a67m847fzx0lutr6vx3fsefery4fvn9,btc,,102,False,
bc1quywxy74mx42w2gm864nu5d22vvmm37lejgzn27,btc,,2,False,
bc1quzm9xefmslxyjqdfhys2h4h5cqwkx23zr36jcn,btc,,2,False,
bc1quzzhd8stptdyckqwgn5xkj6t7a3eahtjr8nk8t,btc,,2,False,
bc1quzmclwlpss032m5a7p0cumqgf56n7604sw6etl,btc,,2,False,
bc1qv2rmnv789atxjs7hav9h3wkm0yvpdxu8nhay90,btc,,2,False,
bc1qv0528c4exxj4rrrung987cdz9xytg8wwjd9uqy,btc,,3,False,
bc1qv6eqxrng2yfp7jzyjywcr73zl4rmcwpxmr7e3c,btc,,2,False,
bc1qv3q2l7582yqq5v3z9rx00m6qr7q8wd432cnvjk,btc,,2,False,
bc1qv6f8ywlv8r74k0ggc545ktap7vrq8e62xd3d3t,btc,,2,False,
bc1quyv4ufmnvy58m8hg75lxkc23lszv8dtdy8304x,btc,,2,False,
bc1qv707ceydx5numwvaqukxztz88vwqnn9ye9qpu8,btc,,2,False,
bc1qv7hqx6seky2knka90aly8nzzz80vtwd6dj93nk,btc,,2,False,
bc1quywuczcfh0cgwlz0rgj8frckk9hx6qa3lrrth6,btc,,167,False,
bc1qva596m2jy09wg92ml852kumykx5hgj0d0wdxfv,btc,,2,False,
bc1qvasfutmf05vhu3j2vagq2yr426027fnzq3qxk3,btc,,2,False,
bc1qvdxl4rdvnwxdrhmsveynsncln86f9qhwe4qhzz,btc,,2,False,
bc1qv8mgq5ljh6cag4ze8vv4cfjnvdl5at4evv4yx9,btc,,2,False,
bc1qvf5c5ptqy5lrvl7cqzk0xfgl8pee8ef4h5yylt,btc,,2,False,
bc1qvf8kaagvhzfnql0epn4eccgd6t268wk0twd9q7,btc,,2,False,
bc1qvf392fxss8jwkp8yx8syrlccdex2ztt6n3lq5x,btc,,2,False,
bc1qv9amwwe0lnrvce5cchvqz7hpwl9fv23w6ctz7u,btc,,2,False,
bc1qvgvlmkzemm26auhqnsh0xm79f0pulklhzzmeu3,btc,,192,False,
bc1qveatr3x3c4yq7nseam7str9lwzp9e9d4ssf4kp,btc,,2,False,
bc1qvhj7t4nyj366ekfdkplv2aka4yctxq2m7pj40l,btc,,2,False,
bc1qvg7mykz4fr3whjxd59unvw9c2fcar9eahrzu6a,btc,,2,False,
bc1qvjzhldntkqnhtsnz5rkhrfxzw09re6tuzzwe3g,btc,,2,False,
bc1qvgvqfzj6j8s3x4gz5ur548dgaw5gmj92sqmaf0,btc,,383,False,
bc1qvkvuwf9n0sa5c07hjl63tyn0dvttt9utnqsh7n,btc,,2,False,
bc1qvjv2dp668xy6sac755y8rmetu55k64atua2u2k,btc,,2,False,
bc1qvmqjplcmsnv785vh9exxgm6nygnk9p3j75sy2l,btc,,2,False,
bc1qvn7mrawqfkeay7n2g03qkdvlxuhw6dg6chxa4j,btc,,2,False,
bc1qvnhpea4h5usdzln289eg2k9lqq4vf3rss02k48,btc,,2,False,
bc1qvq6uv8h69exvl3z7y8vx4t0pdnr7vc00zdnwjq,btc,,2,False,
bc1qvmsyqd4dhvuplygjhr5229dq4yt5rhl994aftp,btc,,2,False,
bc1qvq8wwrsn5v2hujacseua29wd2td50vn80ntmx4,btc,,2,False,
bc1qvsenuavqsq8r4karvwu4xv622qcehxh9av5gae,btc,,2,False,
bc1qvtfvmcjvkccd9l48mx8qkjl6esp4aljcnukah5,btc,,2,False,
bc1qvp8t9r9ths7jwy8vr9zqq8tpeup5jmq6n45n27,btc,,2,False,
bc1qvxx5m0zs3ss8qytdev29ctc8afwppa3y2mvyga,btc,,2,False,
bc1qvwm5j65fmzl35ghp78asxrqn6vtf7649gmww03,btc,,2,False,
bc1qvvumm203turqw4n7hrzf5lnc6wkpjacvavn5fj,btc,,2,False,
bc1qvsxs7jquhph9m7xft7v0f7zekwtvpcfxpey46y,btc,,2,False,
bc1qw0lpe2aa7eg85uqhzqjm8k3gdetla2eed4gz0f,btc,,2,False,
bc1qw0qxehhycwqpl3es4wucjx92ur7xf58llyv0aq,btc,,2,False,
bc1qw2thjqkafx45lys5naf744gdwruuu6ax2nvna9,btc,,2,False,
bc1qw004pp4rmdy5urmfceg99ap5yxz4690vfdr4n5,btc,,2,False,
bc1qw3aepwe4yx798p86ucem8ed8a3vynsg023gyfz,btc,,2,False,
bc1qvyyv2zx3lq96thwztg7x7z4lgfeu578tnn0puy,btc,,2,False,
bc1qw3ppex3tes4pf9g5xkkrh8ml3hse73qsdjgptj,btc,,2,False,
bc1qw3vz5fqdey25t570kxuuuaghkkeqt7k68cxt9v,btc,,2,False,
bc1qw2wpgjmu0hmyu7dfz2lzn3gv5mchfuxt33czja,btc,,2,False,
bc1qw49pcg08mru2uqgdsadmz7c524fpplm5anmyy8,btc,,2,False,
bc1qw4ehvjgdq2ar7fd0flspqevq9fg3x7gtkzzjd8,btc,,2,False,
bc1qw4a5hj80lrh8ml038krncw9qqumvesvnanexpm,btc,,2,False,
bc1qw3wsup5ueqazpq6t4n5n30j2359d4ycjzsx49s,btc,,2,False,
bc1qw7skgm3ena7pykp7wqypt7ukauk6sftf9qetje,btc,,2,False,
bc1qw9ers7svww9kj7yvd5hlhnf89qlmlfn0cy7s34,btc,,2,False,
bc1qw8f4fa5j5y6havytd9uu6s4rekrmssdtggfprd,btc,,2,False,
bc1qw5t64r5d5gdttwpkjnvtq6nc6xtk395vgnptcl,btc,,2,False,
bc1qwcy9kf8hueyzmu73etxcye7e290ajqxa9x2g4r,btc,,2,False,
bc1qw9satznkx3a5xq4v4l2c2ku5jfdvkgkcskxwae,btc,,2,False,
bc1qwdpfzjfx3q2qzpmu4hdjm6kcezqj6lgxnptxqt,btc,,2,False,
bc1qwdj2z4j74wkkk69250kjyx6pk6y80xke7puqdm,btc,,2,False,
bc1qwgf8pqjnk0h7fwlgwt7g3rtuxkvj799a4hrgj7,btc,,2,False,
bc1qwers854lfzcgahnqtttdknp42wddctlsas5crj,btc,,2,False,
bc1qwdywv39eujg7mm46vme5fjw2vzaf044f4ljmgx,btc,,2,False,
bc1qwgh0r9m8f763mcgu3vzjuyurfwgmd9udha5075,btc,,2,False,
bc1qwefnrvzthnlc6pnp8hxnkyxk9f99ygmh0q7hta,btc,,2,False,
bc1qwgnr94xv3nhw38h9d5causepeek08ez0nepmn0,btc,,2,False,
bc1qwhjfnrex2ymqv2sx203nez85ge4mfsag3hrztl,btc,,2,False,
bc1qwj9y3yfcr8eeycgza772ja48f7twj9kjh7jq2t,btc,,2,False,
bc1qwhkdgxq8cxe08whg66g9c74g5hrtk5m9lxvq7e,btc,,2,False,
bc1qwk8vezwefljtngsnyatp5qerhxge9zjj2mprv7,btc,,2,False,
bc1qwj9lemh27tvdyqjh2cxvxtkzxzpsqj0972qt0a,btc,,2,False,
bc1qwl35ez4rx429vvh4yc8terk75ff0a6mrm6qr7a,btc,,2,False,
bc1qwlu82s3f0crvrc2zqu0ar4l7s5686zqnhynmug,btc,,2,False,
bc1qwr2pzkdljqx39d7eyrjgmut3l8ptdq33u6eagz,btc,,2,False,
bc1qwnm8w0a8sutrzz4mz04v6qs9xg0n9gkayk7akx,btc,,2,False,
bc1qwkr40clfnpnhfglsktst9pf6atvw3jmvz5xx7u,btc,,3,False,
bc1qwrkxp7nz3pp338wjjw0p63x8l3lssq9txxuqc6,btc,,2,False,
bc1qws5nlv7vvr67cwyys69zktjzyhsrxy5y6c4hjh,btc,,2,False,
bc1qwm305k720nqk2t56e7wy3elm46drpx8fsm0nm6,btc,,2,False,
bc1qwrx94sraa240uaverxtz7s58pdpa9cxnpvyvxc,btc,,2,False,
bc1qwsgq0jxpuzwl3rmn5erfe6dcjp6cq3z8vnftd4,btc,,3,False,
bc1qwt905xrddwp2v83huw274q7wl4pne5xk5955cm,btc,,3,False,
bc1qwwcenpt8dasa4ctdy3kfvmt69lze6kkp7c58d4,btc,,2,False,
bc1qwt5j7kfmmrrwut69ea3lahmdfpjgws3pqm3yzm,btc,,2,False,
bc1qww3saf9f94gaze8lvlu4zuqee7hpy5drajd2ad,btc,,2,False,
bc1qwvn5czsfnqn3avhflsdvkh9v7kcdzctnhu5ska,btc,,2,False,
bc1qwwp8tkzuulxxp2qrpk843guar9rsdkvrgs7rwm,btc,,2,False,
bc1qwwznqsu3na3qgkr6cz6z2ajjv4hfgd2l08j3u0,btc,,2,False,
bc1qwx53jy7qh86ft909e3w2p5jv8sh9z977vv3cvj,btc,,2,False,
bc1qwx2k5djdtq2ddqkc0kv3lcrdfh5g024fj4njhf,btc,,2,False,
bc1qwwtuxz0h5f3eeha4uwqf4gxhp2fdafl72vn66p,btc,,2,False,
bc1qwwjtavk3g30clzv496hpq4qawft24s4wuvul7j,btc,,2,False,
bc1qwxwu8cq3aq2mavx000vtyp233cjk4ez5z6ut6l,btc,,2,False,
bc1qx06923fz0nxf9z3dhp02cnqdgvnxtkcf4f86dp,btc,,2,False,
bc1qwy55tqvgjfrw848rywuv6x4k9m0w4a8wpgdt4g,btc,,2,False,
bc1qx09v6yarq7d7yp4ycu2y65tl9lu69gxr545qm9,btc,,2,False,
bc1qwyvvrn0dzymgk2aly7upztpzz4csrlyvm5tcuj,btc,,2,False,
bc1qwxn9gas7uquzmtftl995ac3vymz9pkt8xwqtts,btc,,2,False,
bc1qx32t65uxx4c49syc3v65h04zzkrnfg53j0ze3t,btc,,2,False,
bc1qx0g4js59qdl9675wgueg2m0n4qnwh357p2df20,btc,,2,False,
bc1qx3f6rdt55qa4960kg2wcjcu7pcjeuflkwtmra6,btc,,2,False,
bc1qx0ue557z00z9ec27kt4s3c6c0l4td23sj6wwvt,btc,,2,False,
bc1qx4vn7zg64m3zsvt7z2u703mjkpweyz2c5ersl4,btc,,2,False,
bc1qx5y2apc5n9qaptrpynjx7qdfvc5njv6as99934,btc,,2,False,
bc1qx70fmkk0jpgfvfqq5e9k0uqs96r4psxpaq9f4k,btc,,2,False,
bc1qx68kg4hkd0v7dnapujdwkr8rllvl84z3s880y8,btc,,2,False,
bc1qx75ej4jk5ads39k5rva3fkcp85m7552n9j09w9,btc,,2,False,
bc1qx87e8j96sp3amdckmfnyh5fer0zhcq4nkne0qf,btc,,2,False,
bc1qx5kkzf4ducmv8ja25srp3qt4lxfmr73qahuy2k,btc,,2,False,
bc1qxa5fwyull54mfpl9mas8qwpay8myyat4l9629t,btc,,2,False,
bc1qxd89z9dcnm6srfwdtrhna7fs6t3mfhm9ywwxmm,btc,,2,False,
bc1qxca4nfykt26c6h2dyhz5mwh9dz3p29l0tjxyv4,btc,,2,False,
bc1qx9h3epymjx76vkp0jfjrp3hja4rk2y86jnqzqw,btc,,2,False,
bc1qxdpwkdwhpkmazekuf90ypn0rf9k6ljxhrsa0sl,btc,,2,False,
bc1qxa459mg0g0dkmw2s0kzm63xncjukjad4ypf37k,btc,,2,False,
bc1qxggq3m5vs07um8src3fdq38le28qh2d8apqfx2,btc,,2,False,
bc1qxerd9ekyyqtxzhj7n35nt2rgxyek3f8rh7udff,btc,,2,False,
bc1qxgzkr64y6es2506trnlncjymqa4zdrxdzdz2j6,btc,,2,False,
bc1qxhm9d5933agchlftda0wlpc3zf23qq6v9esgrk,btc,,2,False,
bc1qxh095v8u0kd45r0ajsrk726snjwgrq7hgz0e6f,btc,,2,False,
bc1qxh494h2agwwpvfn57nyhud2l9w8tmu6r05vrhq,btc,,2,False,
bc1qxj7ntgmjqt5dzwunymejeknxadtjp8ecye7u0u,btc,,2,False,
bc1qxjpw5sdqparv6sezfg4ntkn8hs9nhnlw5v93et,btc,,2,False,
bc1qxjykhxudp47hg2l9hlnyt9qx8d7tys5we0x6hc,btc,,2,False,
bc1qxlnuh9phxmlfqffw6t2988ac8ea2df9ra2wvz4,btc,,2,False,
bc1qxj5hzgc048sw5l70rwra62r4y53ppdlk7hczmj,btc,,2,False,
bc1qxklr6zvxx6aagpm8gn07q4srzqden50dc0v5vc,btc,,2,False,
bc1qxnlsu6q98qwd05qj3jpmfh0ptv2zfezetul0vw,btc,,2,False,
bc1qxndlyrfqhkhfn80cz5r7c2jkvm4xwnvvlr9rkj,btc,,2,False,
bc1qxqvgwmm9h0gdna27d8e0vj60duc342qpht2ema,btc,,2,False,
bc1qxmj4eeqlm9jzzm9n3mec5quw202npdsvxyhw8m,btc,,2,False,
bc1qxpvyj0k6y39wf3jf6fu0fvzc6t994emes6gg35,btc,,2,False,
bc1qxsa5rje83xae08hmfakjn8tu0s0d8sypzuwppr,btc,,2,False,
bc1qxuk9azunhee6z5zmmwhsfqxkfj22a4xsl8tld5,btc,,3,False,
bc1qxvkqyjw7f4jvn5rfk52kag4zcg53688556j2sn,btc,,2,False,
bc1qxqp8l78s3wujfwl0thyt6xyp37ep0s3snmjreq,btc,,2,False,
bc1qxtrag0w3mqmfydw4tutkx8s5lev72efz75fvu8,btc,,2,False,
bc1qxwlmqllget473kleut82f8rufwxczh9wzakk0s,btc,,2,False,
bc1qxwpn8ztq65xtzmretzg2dyd6kem3k40lkj70kp,btc,,3,False,
bc1qxwrgkkywvlpwaluyhqthuqh6nmzntqsdlr53nj,btc,,2,False,
bc1qxtk47f2l6nk8kdmkted9ckafveq65wrksxqy0j,btc,,2,False,
bc1qxvda75fqnrthjv7f3xseusu0ept0xp4p5mypy3,btc,,2,False,
bc1qxwzc3hkamrz853z40mql6gm2alselpwveq759t,btc,,2,False,
bc1qxxlczlg7xa0pclcrds9p0wx0ekmdtevx697zv3,btc,,2,False,
bc1qxyfau28xe3a2smfd6rv3k5u854hxut5gznr3ak,btc,,2,False,
bc1qxxwfxrwv3snvqud6lkpmf74jx300t7grez4ulj,btc,,2,False,
bc1qxza4228reclt82l50ulrfd4smanr5kx8a7xqjp,btc,,2,False,
bc1qy0dnh848pc0fw6fyrz0e8jsvh0llqumtjxsu5d,btc,,2,False,
bc1qxzrnxs33y8khkwcfe4ppgdyv552tl2kc7qnnn2,btc,,2,False,
bc1qy3fc85mf9u93u8qa9ky3rsmlcyewjk5p52plyw,btc,,2,False,
bc1qy2mtfctwd5jj6zlauu2vzdha79hs86kswk7370,btc,,2,False,
bc1qxyzag06p8hlxlsw7naqqq2t2x9g4mt29a0wucj,btc,,6,False,
bc1qy403ffdfj40l8htc25ar6emu34szg0nn3dujhx,btc,,2,False,
bc1qy46ehgp83uh7av5q47vchyu2ajaaqemy554wk2,btc,,2,False,
bc1qy3yp9hh52n7fk80e9q5z8yc3afm3mwkrlvw48f,btc,,2,False,
bc1qy75wzh45p5yh0rvh65lmpkvq2qvr7xsxavvhhz,btc,,2,False,
bc1qy6yyjzxx5zwqmra23u3m9dj3vwhnvgahpk7q4p,btc,,2,False,
bc1qy4xl49t073yy4pp3dy67y03venzueqdgn38hg9,btc,,3,False,
bc1qy80r6r0xa2m8zx5y9px4ty3llckd3ztretklsc,btc,,2,False,
bc1qy8t8hysp4dvx4gj5vj9lmwrsn80gcm0jtr4s6a,btc,,8,False,
bc1qy87xx3jkht9sdkfp70yztvrjcn3za32zvg4dcu,btc,,2,False,
bc1qy8taw9c3teh4vesj6wwkfwv5s3d9zeh3ps0eg0,btc,,3,False,
bc1qy9wnxezx94q8a2gjjkx5505l3few4n898dvgvx,btc,,2,False,
bc1qyafuvgytc8tk88u63fjvql6htfv9l54g6tnpvm,btc,,2,False,
bc1qyagrylguc3mqkda987g0ml0avvg7xgfr07srpm,btc,,2,False,
bc1qyctudkpketha8420h8v48r7uvgn0720ccvr7wm,btc,,2,False,
bc1qy94f6vv56dz4s0shwgr2cdt27kgk6euktdcan3,btc,,2,False,
bc1qycf764pgdfyhsyj3ypd8f8z0fnr0fjcw3arg6c,btc,,2,False,
bc1qyallu5mkxphe9ppgrk2s7f88srhgzhne90m428,btc,,2,False,
bc1qyef4vuxzwp99vz8h7mvcqu63u0py2ucg4rv0d5,btc,,2,False,
bc1qye3tawfkv2mmm0t554s5wgsrefevpczypn3dhf,btc,,2,False,
bc1qye4gacczvezl77v0ljkw7ld6hwdpq62pvhk97g,btc,,2,False,
bc1qyf6e5pzrgnxqwnh67fx3axanesu4mdqqdj9z5c,btc,,2,False,
bc1qyflqk6d80rnjqzhu9hfeassyuh89003rep3g26,btc,,4,False,
bc1qyfzcyr3yrjt0zwfpm00nedhegacguqc7278j9k,btc,,2,False,
bc1qyj42xj8jlgjahdctgpl062pf62cgug64x9vs8h,btc,,2,False,
bc1qygjddjx0trldtpnz0ld2ucsxaljykdcfkqff3a,btc,,2,False,
bc1qyhzklsrqd45wha2dgvun7x2ghapksjc6ht2sa5,btc,,2,False,
bc1qyf246ju8328qmgy68y2mwhhwfcfxsjz9u863d9,btc,,2,False,
bc1qymjh0pe6uup7ademwlk0sqs3rruw8rph9ngc0q,btc,,2,False,
bc1qyjamj7cxs9wpvt2uwhnlfjs2fupsckdcajn2g0,btc,,2,False,
bc1qypuyl6jqyxp43ulnfvndnckn8antgdhxazzcmg,btc,,2,False,
bc1qynxkd67fx9y8e534pymcg9333ztprczksj2x5l,btc,,2,False,
bc1qyq48drhmn8w3e8v7l32wsd894erh2feh8grz8k,btc,,2,False,
bc1qyq4q2hq436dlp4pcqvre9mycamzrm0xzxcup0u,btc,,2,False,
bc1qyscx7lz2ak6sdml7enk4s7t9cx3em2qu3tfqzy,btc,,2,False,
bc1qys8pvfd4asakejthzx3ldclrt2tvlmzqgmmv8d,btc,,2,False,
bc1qytxkpjkut0073kfqgylj000u343ugqy00f4wn3,btc,,2,False,
bc1qyr65dmld90s0a8l2g3c9zzvfhed5av9dpmndsm,btc,,7,False,
bc1qyufwjaz0fc33dmuck36zydyfwexe5evt0yq9l0,btc,,2,False,
bc1qyu9tn5l59q3rvgc06k6maqma94c43ld3k3v6ve,btc,,2,False,
bc1qysp05fpjc0nllsda3y8vkzt6x4pjsednfa0mpq,btc,,2,False,
bc1qytpmknavzznakyehrwc24d0vnr56qzx3gec2vm,btc,,4,False,
bc1qyvrmmwj0d8xenhdufluncqv5u2jl6mqd73qtfa,btc,,2,False,
bc1qyvslcg0th0eantezgvrg9990jddwdvtaedkd8c,btc,,2,False,
bc1qyw3n9yls27h05utwp9085ux7wtyv9dhn6jtma9,btc,,2,False,
bc1qyuupzru3fkkwffr9k6amxymkznr0pxqtvkcvew,btc,,2,False,
bc1qz0n5mzkv0hw0n42w9px0pf0npma265fm68hldy,btc,,2,False,
bc1qyz7zyh3zs0zf2t9g9fl47qed0sfng40rr3er5k,btc,,2,False,
bc1qyz6gr5u0mn4vks3pzse5zflsehyd7dywa7vv8v,btc,,2,False,
bc1qyv0zvk6vee8w3x7w942hhweymmashy495n7wyl,btc,,2,False,
bc1qz3f85txp88g7a382zf293kjcxwxd6qa646lvz6,btc,,2,False,
bc1qz3uhwhzg4r2r28tkhgcv2zl6ld07c60n6pjd6g,btc,,2,False,
bc1qz0fgdr2sevh66k6ektxeh2l7gennaw76ddlvdw,btc,,2,False,
bc1qz5xrasrxteuu8h2kkxaj3rnn5vuq9vaaqv9k8e,btc,,2,False,
bc1qz4l2amdtmv30a7hvkfs2qn774fha2u5w45s0h9,btc,,3,False,
bc1qz64x7flc9p88h9w97d6vudk3yd2qpzm0ptxpsh,btc,,2,False,
bc1qz58v77uuv6tq608shs3lv37ljs8rrspcr6wnh2,btc,,2,False,
bc1qz6c804vae0mlnfgmrsmnnlgmzahms7z5p440em,btc,,2,False,
bc1qz6g34lp7w84jcf66vgcgdtvx5lna9qm36wwsvp,btc,,2,False,
bc1qz8937v0nl07m5qj7fwr3nzkhts2j3652hhpvpm,btc,,2,False,
bc1qz7ekakgvm9vypr8frtfdp7ec2z802xaksnlj04,btc,,2,False,
bc1qz8r4ay5ppeyekqgjjhqqvkejyxukn8mstvnnxj,btc,,2,False,
bc1qz6jtnxlzf87npn6lxvm0mge3t7gm8rvkr94mdg,btc,,2,False,
bc1qzau36dd8qpsl3gajqf2rsddyp5lpr2463hurgn,btc,,2,False,
bc1qzcc4kxf24jasq04dmy0597wj3t0wmpdya3u09t,btc,,2,False,
bc1qzd3j4ndmqg689046ldpxdy8ud3yptg079x2anp,btc,,2,False,
bc1qzdqrrj4gjm8fpfqj7mfm2hx097x8srx55vtt9c,btc,,2,False,
bc1qzdz4ef7lv2mtrrpexrv6xenup995hvwhpvetcc,btc,,2,False,
bc1qzdx49ar0da5npylcfpckl3rcpa2gl4rfch58kg,btc,,2,False,
bc1qzf3x27frrhdy8mvhqrlqe8w4p07ehj4n75nvln,btc,,2,False,
bc1qzgeqr9vfqfrueey3qgj04w5vtvpl2swu4x2uxq,btc,,2,False,
bc1qzlrnh9ddg9avtygayv7rj9zj0ptpcg57lfam45,btc,,4,False,
bc1qzm0rnffw0mmva3t0m6lf38y3x97xvcfe6l99g2,btc,,2,False,
bc1qzmtc3666cu2wzlxhz5ahwgf9h85dq87x2x990d,btc,,2,False,
bc1qznj0gwzyc0l6xpcq6s08v4j866rjsp4lnmjxm4,btc,,2,False,
bc1qzmqavvwu5vmrvac8mk5cksxtv9uen0wnghpu0z,btc,,2,False,
bc1qz6fhepwlpnx9cg6amtl52v969assu7k5fhe6j7,btc,330,291,False,
LNUYeeDMjTaGic6ovdzsbZssRHUwf3w4pS,ltc,200000000,2,True,
LP1i3iL5sqEoBkQU99wK5E7vYbsXhvv2nT,ltc,1600000000,2,True,
LQXHJBjvMvDqNVwW949ovH2Wn2aZjDdgiE,ltc,3246440917,2,False,
LRiUn555zmbmrqPmLQcTRnePhDx79DTpZD,ltc,2074762839,2,False,
LRy6qXSajcRXhfhu7keN2LZbHqcqLsD5YB,ltc,,,,HTTP Error 404: Not Found
LTQF9DWNQcd9ChyDHnVMi4EazP5LWEiYwB,ltc,4842647991,2,False,
LTqHR4dEpdZgeJv7b7pDY8Un4X3EKd9BDo,ltc,10364558346,4,False,
LUEdySbRnBiJmei9PVTwpA7BocrMpr2fV8,ltc,3503410554,2,False,
LXUEMzqXH6dLzrskQFg9VQ9SkHyr23PVvp,ltc,337566763376,1272,False,
LXmiMtPCJKNGW4VAUaAi3cv6fa1nmFsf6V,ltc,2180272611,2,False,
LXyt2GnpDUwJC9tp2XdGhyHnUZ4gwWQ8M2,ltc,813416428323291,9081,True,
LcJL5vc4o7uPE64bxoQkRngxC5NeVAFRTo,ltc,5104593550,100,False,
LcvKmMDuKvqwTy96KNdu3h2MB6zSmdS5Qm,ltc,2173858589,2,False,
Lcvix2cek45iVYmHGqeLfRqLgmD7mmENdU,ltc,172281799805377,50927,True,
LdeKS6T92oWKwHHJrvBsfhWmuQKEVZAUrs,ltc,46195599201,14,False,
LdvHQ23ZaxVj4d93USj97XfeKDPD8qtH6e,ltc,26345278115,2,False,
Leo4kEh8mguww6pJYGJBp2gT21W5ng579z,ltc,20962231,2,False,
LfG6phfWgQtrycAwwAh6ovt49DwJN24Qi7,ltc,48018862778,74,False,
Lg7hdLQwMaiZPByLRjBn3kkawZupy6hXVd,ltc,3453171962,2,False,
Lgci2BB7uuwVkGKU14TxP3yDkuaQACC5zY,ltc,2521850436,2,False,
Lhjcs2kV1URDeNg8Xkck49wzYn3B4BBgF4,ltc,1600000000,2,False,
M832n6enV7tE7S6vGaYDgAwyUsUGcjFu4h,ltc,3407888589,2,False,
M8XZYL3bHQgBNr395JQEZ4cZCeS2stkNJi,ltc,1765299260,2,False,
M8XpjVQ3douGzLZh1rknquvf2fdwgit8Bk,ltc,1769358867,2,False,
M94bEhmC5mAtoE2LRLT7kU5QdPNyoTJ5Lj,ltc,2707633534,2,False,
M9A5cytND6tT7hhco5iAMTyQsVbz4yLi7g,ltc,2110343166,2,False,
M9Aj26A6Fn33Vr22nEMZiFvb1HStG9EPjc,ltc,3000000000,2,False,
M9C7kBUTVHrtfdnAaUtFUtRmpStSJcx4cG,ltc,3900783206,2,False,
M9sBosKqaiQVE4ZSD9Vjn1dZsQ8erD6DGQ,ltc,3000000000,2,False,
M9sVzhhScqi4wWmHLeXuQD38LVDPczFHLo,ltc,102968900,2,False,
MA3Guyzar2PyXuhEAkVK8PqZ3epdQgdeyV,ltc,4000000000,2,False,
MALArTfi9fZKFTuCvDZjwh8HXfZQtBPVDY,ltc,5073513119,2,False,
MARJuoAdfRRJB1vsn5no388AcAQ2yHNRXt,ltc,2356360718,2,False,
MAeoKs9PwvpKw1RaMBKFQMnFntrFCtfPVh,ltc,4024931882,2,False,
MAjcHDWSCod4AwwwT7v8AUoBC6UD2hTCma,ltc,1508103047,2,False,
bc1qzpgfedup4xudm9htydukyjtz3mg7676edq340q,btc,,2,False,
MB4ozWpDijprknZmZVyXqEL5SYJvFTJzcY,ltc,3000000000,2,False,
MBYbfrAWAtqUVE8f1z2bLm45ck8GY6SKVX,ltc,4000000000,2,False,
MBZYKPKk3AqbonZRKcH3Qgj4fz5qPfHJAN,ltc,5000000000,2,False,
MCohdnaVFTEAhwx8BxxPQzchNDZQcpkW6e,ltc,2500000000,2,False,
MCxKeyftRx5PWMX6WsxvP7mBkEmP8ZSsDS,ltc,4000000000,2,False,
MD2r3jCYqiyHJF2naVE33XJwyZZRtGArVu,ltc,3000000000,2,False,
MD9yuJzkMakY3CsynPSAcoZcwC7UmmJi59,ltc,48510969,2,False,
MD3KozEaQPKWDFX4npvobkRqAEWULYpZfX,ltc,4000000000,2,False,
ME5ppUJMqRpDD49fmxvZXj5nwPch5CfoNc,ltc,4000000000,2,False,
MDVhDA9pgxYuokQJuKEhcLoLceZxZWKDge,ltc,4807007468,2,False,
MEDWq1Ndz3kx7BJCGcV5UuZKMa6p9sUrWj,ltc,1955007018,2,False,
MEFHTc3EoynwBVz7XL71iYSVvY9sSsohjA,ltc,308944288,2,False,
MEQZwDQwNgErB1dbY519LsyE1YxnxLiggy,ltc,4173498060,2,False,
MER9jWKjk6WWZ788iUwtriXqwCAi9Ry3GV,ltc,1785401832,2,False,
MF8p2HsZh5ibtDEFyH2YriAjSUDrSHV97N,ltc,2790964216,2,False,
MFfBPPczbi9gkNZpM5Ch4KQvsHLRzkJrLR,ltc,1657179523,2,False,
MGFJdUxQWYiCuTVfsXB2Cft4GY5QsfpHMu,ltc,3771990073,2,False,
MFZSZZL4zg417PLF68vf7EeEeRHGWVTBqr,ltc,4000000000,2,False,
MGKFxYunp1vc1wp9u6kxk8q15VBitupQhy,ltc,2738930155,2,False,
MGKPVLHTVasw7i1k9UG49DKAJgvw6F21rC,ltc,1999994450,2,False,
MGYFY3uBj6qeSosVKQXcpzLUdSukgx9oaF,ltc,4368262702,2,False,
MGeGejH1dyiZUNokr18Xp73QwGRUDUKzAC,ltc,5000000000,2,False,
MGwtd8KHw9iz2asE84qBDv8GozJMqAFGpk,ltc,2499994450,2,False,
MGxoWaLyZ9iNQFi5pvrKdy93TM52qC2nM2,ltc,1222728672,2,False,
MH1L2tRxktSpjEvgxdRQCLUXikS9yDP7vp,ltc,3000000000,2,False,
MHFjaKeu1S3yQ21w8AqTPfe2VYJXuC2L4e,ltc,2500000000,2,False,
MHNUauU8cvs8Bq1VfvQqdg964D7rK7c7mD,ltc,3666434283,2,False,
MHYFSGs6WSt3Dzeyd6ATrsyGNuxWRD5w4W,ltc,5881565824,2,False,
MHQ27TTUaxgKr5GKdd4ieTrSKVmzwGbCqs,ltc,2500000000,2,False,
MHZu24NW9rU5oJNJexHJYJCA69fKY8gEFZ,ltc,2053340312,2,False,
MHgr1wipVjp3QZ8bpDKz4h6TDTVSLxw9ZG,ltc,3109593615,2,False,
MJFfzSpPRtKPK9a4QWQD1z5skESB1fUunH,ltc,2205995377,2,False,
MJVUj3sk31PaSAHVZV72qYJB4yBaZPN9Df,ltc,3907238772,2,False,
MJcuBsGzY7oo4QfKBPEXxugk3eiXGdUxX7,ltc,4000000000,2,False,
MKHxvSbwMY7CRtZN4LYkjL5TKV6Ns8L1J3,ltc,2189163675,2,False,
MKMJLc45BHio1HaApo4bxoYkqHcH52UrJP,ltc,3000000000,2,False,
MKUzJRntt8xBsnz2PMZFNh1ocU4mKVtrh7,ltc,5037096452,2,False,
ML5UavPD3YPciR68knsz3rn2ZtFWu84ZA4,ltc,3533773404,2,False,
ML5jhtC6hrvcp26B1EwMA3CrKoLw2feB5p,ltc,3000000000,2,False,
MM31kom2S22c6PSdTWqAXgePR3T9LBxgbF,ltc,6914977904,2,False,
MMuj2UwjsjvUyKQ7unWNJK6H1Ahmd3hPeH,ltc,2106853799,2,False,
MNYPMzei8bwzHb9tFHri65XDRryPY6uH2c,ltc,3201092404,2,False,
MNcXTR56dw9MymDmPSsMeR2vziYJQcArnD,ltc,4000000000,2,False,
MNj6Rox4zaUsnxvfA35RdYMHaABdKbUfaR,ltc,5587938709,2,False,
MNnPiYUioawuKTMhEyJoMHz4XdS8N8s7gr,ltc,9311483260,2,False,
MNh5wWs3McjtQqT2VsTdV4fTpvz2isckA3,ltc,3888619498,2,False,
MNuEDSV9zYkFt3Muw1EsioAicFhouWvHMk,ltc,4500000000,2,False,
MNz4YfPzwUzPnLk1zk4RWtGWDzQ75T2NhV,ltc,2000855546,2,False,
MP1KStE4RL58gN82DjgkSjs1gkTortKNis,ltc,1640000000,2,False,
MPF3AbZu5pvpEjbAMrB7pjJgRiPQrM77u4,ltc,4851194572,2,False,
MPnM9Qbdxz8YESFJ35mTZZAsB7Dj4kCuqZ,ltc,18727628434,2,False,
MPvEjJTGHxvCsRWSg2J7VGAmGAQHfpc3U4,ltc,3000000000,2,False,
MQKE43t1AhJqyHcUHbHbrrfGxWpTNuPsSZ,ltc,1918065026,2,False,
MQLZ9VWajCVX1Hy8VWHUoc3NXqciJGeg45,ltc,1119142491,2,False,
MQjMoqCF1FyeqHzKSYnbzELmGnp5sFDkjW,ltc,4694208823,2,False,
MR55nfARGxbdCf5d2jkbJHEB5ez7mRzJx8,ltc,1987510848,2,False,
MRTUXmwFYjgDGS52itWG9RSdm1zhCGHKUH,ltc,3392592958,2,False,
MSGKcnP6Ppa1gQUZ71sjDRqDUTvhspoji4,ltc,1730285409,2,False,
MSNnXux9sNjzLytotaVQLwdbnavqC4eFWS,ltc,1996101194,2,False,
MSbgE4rRsUgx44fmYa8yTsNSHzo8PtQ4JC,ltc,4187029019,2,False,
MSPNsWoAVF2Pf22dBRqo6CLdHjE8zZbxhx,ltc,2270867032,2,False,
MSvkbxSftmVRYYWMQCsy4ug8EWy3mTDTjB,ltc,5113528908,2,False,
MSjPztUs2o6WBZfVKCtdofgg1ZFyr9vcQX,ltc,3000000000,2,False,
MSwbPAc8b3d39ZoRDwqH16rzfupL4AzSZG,ltc,24478737244,2,False,
MT5Sr15VgLkKRRQyE1YPDKvcNJNigojpK9,ltc,3661475580,2,False,
MTD5DsDJnwPX5ajeajLRSp45B8jzjVTi9Y,ltc,4000000000,2,False,
MUfVnxKTfmucZN9JVGq2rZ5kTVVNBNsMzK,ltc,2690249434,2,False,
MTb3BNRa62kWpgg5yaJ5jWzMiFCkGPNW6R,ltc,2500000000,2,False,
MUv43XWMeumSHKqiXHC9nXdHXLMxMg9hKa,ltc,5620949360,2,False,
MVFiSbSkYAxtGPHncftwMjdVmin4fnjBCi,ltc,1661840991,2,False,
MViB9Rz5poSG9WhcHosurLEBDWACx1jmYV,ltc,507933000,2,False,
MVueVHJEgQCXpAMvx5AQqNe3kR2zaBE72U,ltc,2747638856,2,False,
MWCdQ5bjegS9EMcpedcP1Tqczzbe4DF5Vz,ltc,5618850529,2,False,
MWJMXymQbumT21rvwTi2UvMgdMB6RCJnDL,ltc,2000000000,2,False,
MWiLsePrSKnQHFZw7kGdUSQqScz12bA7tU,ltc,1300000000,2,False,
MX5xfuzV47sScfmFKdU8pERermVqWCCvpd,ltc,5369867280,2,False,
MXCTUyYzKUGLrDbfRk7wa9Pgi3ZMLM4GqQ,ltc,3055811352,2,False,
ltc1q00f606hfa35cem90xy8rw02vphst4fjlaehme3,ltc,4112068114,2,False,
ltc1q0adfteydgkmcdjq7gkvuydnuukz2kfxvvs5ns5,ltc,4026247577,2,False,
ltc1q00kvrr5ln99gu2qmyj49x4my3ausxcvls4kfqv,ltc,4763598181,2,False,
ltc1q0gc35r4qkyprc2eazraw0afw99qurvkchukq82,ltc,4962636903,2,False,
ltc1q0mavv9w9jcya5rxctv9yyqvjplrd23dz3vkh72,ltc,4930001275,2,False,
ltc1q0n3st4nk0vr2xj22nf440wx58f6932n86mm3yj,ltc,3299797573,1,False,
ltc1q28ems9wszyg77a6x20hy0dr33hlfwme6twj6dk,ltc,888894400,2,False,
ltc1q23m4v6hlwl903hxfnzup5rmfdyfhqrv0kzn8cq,ltc,86242882,2,False,
ltc1q28kql98uufjh6jahx9nhh3nrm9zft0rtladpt8,ltc,2820953993,2,False,
ltc1q29huyqlg6fsr276kc50at0wtme4ehpzkuep5cn,ltc,4317369237,2,False,
ltc1q2e2d7y2yj63alsfkeql67jamnetaqzd9ewpy42,ltc,2325566400,2,False,
ltc1q2jq4gr9zp9msen4mrvxa3786lpcraetqrewvkt,ltc,5000000000,2,False,
ltc1q2lzvpm5qa6jg0nfeck8h739gwu4v0mw3sh3ghj,ltc,3138161994,2,False,
ltc1q2net7jlhl8hl5y6wpu8qkc49lw2dmmr0lnsmr3,ltc,5113381768,2,False,
ltc1q2j6xzzlplc9sqf4wmxfzez8fp9kf2gdnm3xwju,ltc,14544500,2,False,
ltc1q2p074nlefj85tddteu3ka4w0xss2exhsxm4cqt,ltc,3535745940,2,False,
ltc1q2rx38zm5c9lne0j9q9ats8hyj0c8vqv5tsl8cf,ltc,4185182676,2,False,
ltc1q2tt2cmh3vjvlsvm9uxxfw9mlh6wvjpefkh8ull,ltc,1044867900,2,False,
ltc1q2r2gj84d5uqfycwlmvcjuvlejjy3nn3lj7ry54,ltc,2518629850,2,False,
ltc1q2z9rh9k02zpq56eavurgdd8w75venvvgsznvq5,ltc,3143382588,2,False,
ltc1q32msrj5qqp9v2gz38lpqfmw720f38epuq8vas9,ltc,2756580524,2,False,
ltc1q3qlcexswj6j9ce7r0hhzu8np8cqha07jgnl85e,ltc,2348127100,2,False,
ltc1q3fsj9vmnn8z74jymrsek248yvmyckl0vjpycnz,ltc,5083492268,2,False,
ltc1q3u5a8gxs3xa8kqxlr75nzexfuw3dkpythwajfn,ltc,4885718263,2,False,
ltc1q3x5s53364atx50tljcjy952rsa6eplszn2cp8m,ltc,5762165371,2,False,
ltc1q49rak9dsmdlzvls53u03rqqcnafk6rlj995cjt,ltc,4504193912,2,False,
ltc1q4cq9pszsgemev8l8ygcehppmj6vv9zar7jhk9p,ltc,3135666335,2,False,
bc1qzq8m9xvcyfclamvuxtqxt22pz0j3kszutm8jd2,btc,,2,False,
ltc1q4mqzcvjp5scmlgrm6dlagcndcxzujupatwpxl8,ltc,1185433200,2,False,
ltc1q4jjv3pqtgzh5q78cmlprtagwd4zwwqh7v5gqme,ltc,1884560571,2,False,
ltc1q4uj0a909k9ssyf0le92rfgdty7ntzpvyzw548r,ltc,5715845551,2,False,
ltc1q4n7xpdtavfupzegme95h6d82kxqg2p2n7t5y23,ltc,51979700,2,False,
ltc1q4uwvtcgx94s63a2s7g8w8mckdcrukk7zf30d4f,ltc,3053631929,2,False,
ltc1q4z5pu6kf0pxrmg90d4sw0s6hrxmuxgn7fe69ld,ltc,6142876703,2,False,
ltc1q4w39hv95tz68d577y7dqg29ymjh6lj2d8sur66,ltc,3468890743,2,False,
ltc1q58wnfg5hdmym3euc3pdn6r8as0ecddtw5ysdcc,ltc,4182363075,2,False,
ltc1q543dl9c5ercfjf0akw5mn3gt6ylkgq95dng3uh,ltc,3603560007,2,False,
ltc1q4zzdvwu2gtutw858wv97j6hepvvgryxl9w6m7z,ltc,3803800638,2,False,
ltc1q59ku8ymk0hcz2sa9e2nznyw26kgclnesqgjp82,ltc,6790793700,2,False,
ltc1q5k756sd8pv2yx2m0a3yy45wsj8yhq94vxr0yj4,ltc,3232041074,2,False,
ltc1q5lf2v7xjjx5flr88m7ve6707z8k6wjjdxgpmrt,ltc,434775600,2,False,
ltc1q5lp5h9pa4fnhxlg6fdrqwqvjlkf7yft4plsmlf,ltc,1747342200,2,False,
ltc1q5lq4h65cd0p96rvyhlpuy9gx0qlgpnzhu6xgp3,ltc,4363847728,2,False,
ltc1q5p7s9ar3rsrqut5qulauj8hpgy5qt5gdg38jan,ltc,4088522832,2,False,
ltc1q5t6mwp6drpt052sly5najr2l6qn5kurqph2cfv,ltc,960120115,2,False,
ltc1q5upe3ly0fucmx3sc3ukvcrtg75qa9jjdn6xh5g,ltc,1640395900,2,False,
ltc1q5vedrgxr5dteuc9xq2qcxpfwh2n66dzrpalagu,ltc,1973490132,2,False,
ltc1q5ycxvkjtez7pqdqyxkcfrg4fhfnsecfy5g3xt6,ltc,3052036000,2,False,
ltc1q5x8vwrzswa4jnawu8ej7a37r9q9f9x0t5u6ltv,ltc,39915598,2,False,
ltc1q6835wrsypuqlhtkenvwq9fehw4lekqs57jlmhm,ltc,5386074200,2,False,
ltc1q6aeh0n2le6es5qzl2yuvrmluk6jryz9kf2hzlh,ltc,6510288368,2,False,
ltc1q6p4v4cp9534egvhdsdpl84m02n04ysa33durx0,ltc,3123136006,2,False,
ltc1q6mjwkw2pspcm0nwdp3cqa24hcr94hksage8363,ltc,4354047617,2,False,
ltc1q6r0rm0cdtuuf9u6zmtg8gszzsphmxalfn6llc2,ltc,3071652449,2,False,
ltc1q6t786u7wkalzuu37gm6w2z06hh6ykhqmcke8lj,ltc,2225113675,2,False,
ltc1q6zvxz8f66sp8g974ltrkav3pt8kw4rq2c7tfug,ltc,2468737521,2,False,
ltc1q73kevgvj4wuz9ynsm5ehteuwqzlx9ddtxql8pe,ltc,3878962272,2,False,
ltc1q765nv4uee4dqy07mplxws52w2dsxqkzv3kw0nn,ltc,1657993000,2,False,
ltc1q7cc7v7ej5qkc7el74eqqsn364pw26fycxch59e,ltc,4817633687,2,False,
ltc1q7cexnjakwacqg9xu2jyvzu9q2k8fnxjzwkrqvg,ltc,90977600,2,False,
ltc1q7cu23r6ypds6csjwx7t79e46maldalsyhzstgr,ltc,10136608400,2,False,
ltc1q7cu94kjwuvefk9tksnydmsa4l5e7cgx6l957zh,ltc,2795380670,2,False,
ltc1q7e6kfzgphjg8l48mzn2twrp9kcpu9zd5lk7f43,ltc,1010962200,2,False,
ltc1q7fzcm6u2vsmmaw83ugj2kql69ezrtwzrelpz2n,ltc,42994431,2,False,
ltc1q7jz54ymdsutxpl0t9t5l4rsrkayp7vwyj7pqxw,ltc,3341832991,2,False,
ltc1q7uw0nag9wt2jl66wmex6gfqags9e875vt8n55e,ltc,5770115163,2,False,
ltc1q7vtrrh4hezk7z6gpf2px95h0ungpdv75v5z77y,ltc,2267403885,2,False,
ltc1q85wujctmvfuzcp3x45u5ax973lrrktkqvtaet9,ltc,5393428999,2,False,
ltc1q7x3lg53ekzxyxsr2dud6mmqafghrqh3s4ahey8,ltc,48057256,2,False,
ltc1q7n9fyeh92p36k90c5xpl4s5xkucck5zq94zvpa,ltc,11203848463,2,False,
ltc1q86792tknujgcfcne346m7y2t6lxqv2afl77f0a,ltc,5047622414,2,False,
ltc1q8afnwtqdd98z3extsagwgnews5npcrvrcpf3wa,ltc,2103943028,2,False,
ltc1q8cd8lm4n6jdaqdnex4nvnaazqhx4nznmyxyf05,ltc,4659719200,2,False,
ltc1q87m3ryshghlrt262nxzvqsuqlvftdappw6jnsr,ltc,2845783368,2,False,
ltc1q8fgclg3y4ygcyy86lzhyq0uq76895deylmw2sd,ltc,4698261909,2,False,
ltc1q8je7h32cwf5rkp4vaafrf8ttpgwqr87sd4nh7z,ltc,1815641300,2,False,
ltc1q8htdm4vggez59a48duwrteznz3jrprfal00ndg,ltc,2586223419,2,False,
ltc1q8kmptzk0s3tt5dgddvp524w8q5ls9pxxhdalvv,ltc,1290564200,2,False,
ltc1q8l326xzxxlfxmd7hqhtwlndweakcc8zd90jt2d,ltc,3185621876,2,False,
ltc1q8kr775kgcuyuwlpepaes7swze26vax0zxsaq3x,ltc,4818252628,2,False,
ltc1q8l3p3qrnsf5fs8fpwd8mk0rxesvwgefdml5g6h,ltc,2330976020,2,False,
ltc1q8lcx5s6zkepnd67ay8dwkmg4v3r86c3k44vx63,ltc,2003650507,3,False,
ltc1q8mrjxtk7f53969vxku9l78gp9cfvurfzc2utq4,ltc,3930944517,2,False,
ltc1q8mwrwq3lc8aggwqdt3236knm0dgl79reefp6hh,ltc,3097084366,2,False,
ltc1q8l7u47yellhce43jhfmukr8mz6ddrpdc5r2k48,ltc,919447500,2,False,
ltc1q8plwm8m3dmpv7psm88ynh9jtv0fcfutww5yd6p,ltc,4614904418,2,False,
ltc1q8qv7amca9fnsp6p4z0ffd2ets6xlppk7zjpvhn,ltc,3855035810,2,False,
ltc1q8uaq32as7mtj008j8sm74dtzvqlh5zdrurg83z,ltc,6607999146,2,False,
ltc1q93psec54qa2a94a25ajcvxsle8hevr3yw4jdm4,ltc,22666745508,2,False,
ltc1q96cu6f0kq0h99zlpv9nk3jjh4avx0a9l92v7r7,ltc,778681648,2,False,
ltc1q8sl2fywstyncs6n3r47u63u0gwxa2vusa9ddk5,ltc,3497013685,2,False,
ltc1q9dzlkm08gh5m7pma35x9ku678vnapsmrpjkv8m,ltc,2036376152,2,False,
ltc1q9jnrj998dccs734c3cgeg92kpd4uzrksvmehmu,ltc,4172216228,3,False,
ltc1q9fzt8wtcdqf9qq2yzpnndc6ezs98lrdqv02aws,ltc,2723593953,2,False,
ltc1q9kcrr572kqgajd9y42geuuskd02qn5n5v6p5kd,ltc,2999997750,2,False,
ltc1q9lrlkwjq4fxcpz5274zdq06jk35gek0whkzuxy,ltc,1498168800,2,False,
ltc1q9mm0rmhu0xru49y7dwh58sp6lgwnpwp69khdu7,ltc,1419351700,2,False,
ltc1q9p93h28h0efd7egw649kxzkdqhl7zj4rc30c5c,ltc,2693505724,2,False,
ltc1q9s53zamgmrczkh587z9522hu0l7vejz2009nx2,ltc,3554347600,2,False,
ltc1q9w3laj8xxnpvtc47dr7g72z2pmrclp4rzc8uas,ltc,3999997750,2,False,
ltc1q9wctxed04p8gzjfa28dnglgk3s9kp3840dp7fx,ltc,3433966759,2,False,
ltc1q9v99vh26dpgpe9yzp8vksyyempksu7m5c9d4m4,ltc,3099589400,2,False,
ltc1qa4337t43a9uu50st4ek55n3f0zrw8p9rdtrqzk,ltc,3192780822,2,False,
ltc1qaa90mhugvgp3r6vyp9pw7mfxxfjrk8mu373jyp,ltc,22718159215,2,False,
ltc1q9xav2xct4xsm4w8q5p825gj7evgr97t80h5lmh,ltc,5450926226,2,False,
ltc1qaa9seuc0rxc9ydhndexuht5m8jhky5nkdsepmm,ltc,4474002299,2,False,
ltc1qacua2nldgeyvh5dm4397ju4qy3etrag66crwwz,ltc,652603100,2,False,
ltc1qaenwf36yqnvsj5scvtwlzm80mvmtgknfu0tnzt,ltc,144788086,2,False,
ltc1qagc3thsl92afhr7jzf3nqljsm5ftg0fsuuw9pe,ltc,2823932687,2,False,
ltc1qanfvjy7zu4gal4c3t5pgad5r6vtrlchghxtv4d,ltc,3999997750,2,False,
ltc1qapwj88f805kuqsg74lspay9qcdvlx46awpsyzd,ltc,50079390,2,False,
ltc1qarv20pycha0jxceg8vy6pkk5xn36rtuzspxvsa,ltc,5627255254,2,False,
ltc1qaq5cks5gaw84erupvx39fwtj6w6afe8q6zu6sf,ltc,1588750800,2,False,
ltc1qat9gu5smd55tvh7mny76ag9xu74w6rves99tlc,ltc,2999997750,2,False,
ltc1qavrhvsvjt78na4jut3psnngk98j09muefp5v0l,ltc,5294867679,2,False,
ltc1qax6vp4u5t4d8m5t7upycvm4ut0s7d53f935nrc,ltc,495915566823262,647846,True,
ltc1qc8lt77hukxsgjyjmkxmfkv4jwqcqmntx4jllqp,ltc,3452927066,2,False,
ltc1qcfc7mxpsr579g5pnq4jmsqxyx5d2zdfj2ptcfn,ltc,4326567696,2,False,
ltc1qay7s84ylcl775jnnm35m65v8w08erqjlpd4dj5,ltc,3318321965,2,False,
ltc1qchx6l28mv7uh6lt457kuwk58rg5dzqv4h0fff0,ltc,3930898747,2,False,
ltc1qcgsunn2ranw962sm9jvvvfupkwy8nnswyngyjp,ltc,1740898710,2,False,
ltc1qcpfdhxqxa624j7eaj2hp5xfjyg20tf0plmj286,ltc,2938041146,2,False,
ltc1qcn2fdepxy96shj379r9ccgsgmk6vjpnn6qvw7q,ltc,3270819129,2,False,
ltc1qcpg0md7953x3kvkys75kk3t9mvea7uqgcc49tz,ltc,8830094600,2,False,
ltc1qcq2aeu8fvtj5y89d3nx3s5jpnr3um6xaccp4xd,ltc,5720028100,2,False,
ltc1qcrhqp726vq6w4rhukkauj7nd8yg3u33vxj9qge,ltc,2039592991,2,False,
ltc1qcsps5qappcdsgq3mkwxxv2ldjg8zsv09js5ag8,ltc,3300286200,2,False,
ltc1qctf0f55d4ch00ndvtp5m8lmfwxadrh5knj0ppe,ltc,4923957658,2,False,
ltc1qcy2jjzn4462mflughlv7rl6rkc40y3wq3urzgd,ltc,2835645400,2,False,
ltc1qcv85wj2xqyreh4qwcsmky88eyhehj7nlkyzk2z,ltc,3184426249,2,False,
ltc1qctx4suz689dhvedjf456m7xvt0gl6l5y4jfgs9,ltc,3172404005,2,False,
ltc1qcyg994qjlw0gndmgzhtsegz6xvskwhruzla4xm,ltc,4839348700,2,False,
ltc1qcymv9mh74au2avv463m75mnlaz6fe282lqjcp7,ltc,3870868754,2,False,
ltc1qd0s480x547tundhwr3e75ue65v332a2jxhw2rx,ltc,1626574039,2,False,
ltc1qd37y30uz4zg575mzr4h6z8gcl3vfl8dvuu0u9c,ltc,87111697639,2,False,
ltc1qd92gg8j6yurfx9x02s7ttzd9wzvdcea79n0f0l,ltc,84009494,2,False,
ltc1qd5sz348xgzs2r4qj86vhvcup09ahl7qph9xekh,ltc,1723179400,2,False,
ltc1qdc7xkulzkr3m6men2vv7mkvxjypp8skm84jjey,ltc,4534516826,2,False,
ltc1qddclalfyasxqmfspgk6juv8me6vers48ldl62d,ltc,2517787513,2,False,
ltc1qdegzsu3k97940uw0nqyu3dgdzld2pnd52q6ggd,ltc,4064570838,2,False,
ltc1qdj7ncmyspwds087p3u2qvj8kyx74ef3y2l2jc5,ltc,3570422500,2,False,
ltc1qdmcedxf3qdl3v4jyw32tmnd0vvts7pckl97e0s,ltc,5712300344,2,False,
ltc1qdncs7fcwkj22hhe7983akkn0zv3u2tt7c2yc6e,ltc,4948084200,2,False,
ltc1qdjz0gdr920t85w6zfjxwfpvkj7zhu5qz77g5xe,ltc,1721709007,2,False,
ltc1qdwtcv9kseu39c37z9nptzf0qq8f4ke3munaeju,ltc,6850353066,2,False,
ltc1qdv2z0zpzxwz6nj9lu04hz3ctxsdxq9vvwvw5z4,ltc,4249453108,2,False,
ltc1qdy4xpftkk2j666qg9t0697h35z38eefldmqj20,ltc,76255079,2,False,
ltc1qdyusg7jw04y90l3hhmk36t52ktv0ntejsxelrs,ltc,69635937,2,False,
ltc1qecefaw7ddnuewv5ey38w6q00ftggfw0w3kfz0x,ltc,12465249556,2,False,
ltc1qehzd6f39xp6uazvkf5dmx9ay5gfsk8jc7fswpm,ltc,2444045636,2,False,
ltc1qeje0x8gfnwrcrfj3gylz46kmgy29flcvqea5t6,ltc,1176777200,2,False,
ltc1qe43z00mq3eyjsym97c4wjh3shkfqdpcq0agmcy,ltc,1208757100,2,False,
ltc1qelzkk4h7h22eknlwd6hw8lu5cl0zt7wdxsxcut,ltc,1545498300,2,False,
ltc1qdvnsyftapd0fyf67kk63z05s4flltx2tx7c5e6,ltc,3317810050,2,False,
ltc1qenn30pl56m3z8lrhn46g2nrfkkx8g2m54k4930,ltc,3965575900,2,False,
ltc1qetu9tw7tewakntftjct92h0jkp2vmmly2qy6wr,ltc,1777572182,2,False,
ltc1qeq5rca5hvpxvp5t2vh4fj3hkyt6myxjdu85lqu,ltc,3523099271,2,False,
ltc1qew3huhx2eve726zqrd0tfw6ugzceqy6lluex7d,ltc,5139544315,2,False,
ltc1qex0zxrje3cqqugrhaa0vkyg2nlawy07r6let0c,ltc,183818366,2,False,
ltc1qfey07e2acac8q7egflwevhdjvqwg45d0g23tzd,ltc,733241594,2,False,
ltc1qfjg546vv9grhut9xv2c7u7qel5czu9400xtnva,ltc,2890042700,2,False,
ltc1qf6nl98n6slw2fmqx87zhd8tq6g9qmqwlaspps5,ltc,4113820550,2,False,
ltc1qfm0qtm8dfw63l2e2h6fq2f0scue75wlwsrtzvu,ltc,4485119338,2,False,
ltc1qfp8290dp69cpzes24t6252jvcvmchkdmfc07lv,ltc,2411948501,2,False,
ltc1qft5wm9034guxmz0vc6vljz37k4htcqdjuv8kzr,ltc,2039749309,2,False,
ltc1qfr35wtnm5w04f6hz3ln2mvj4ajq4lyytc35sn9,ltc,7301556973,2,False,
ltc1qfz598kw8qtf8nfhes54h6l7h3vmaer3kmhng7a,ltc,16761391801,2,False,
ltc1qggxyd65j5zlsn7r5zrsds4u42ayqpwx8pzvfva,ltc,5234400658,2,False,
ltc1qggyl9memyyp66rkgfpzc3eszg845qxvqpjxy46,ltc,5412253405,2,False,
ltc1qglrcmdddcdwltck7ghmu5ampg84rhfg9kfurjl,ltc,4269425982,2,False,
ltc1qgmv72h747an7rmyq9eep4p8akjx5g7vn3wz07y,ltc,2769848500,2,False,
ltc1qgk4nfcnan4act43hx9sgmrma6dlw3hu56un6ke,ltc,77165706,2,False,
ltc1qgql8aeqgeqs20p8ut5quvk9m79r8cw9k7gcj3g,ltc,2717724892,2,False,
ltc1qgw9xcx84rpwwr2dwamw4grmf6k99pagdlf76rd,ltc,14367816091,2,False,
ltc1qgwl5jwx8qmjgfta6exadkszdqu27jgvk352gpr,ltc,7323497233,2,False,
ltc1qgwllu0khnlc5f04gprf5yq638j8qlpt86f8lm2,ltc,1014897800,2,False,
ltc1qh2u3dmzzkym5tpvsm9d7xdk8rlwy7720lfqpux,ltc,43030651,2,False,
ltc1qgzc266zd398pdaptchfpykvsg8dw59p6urrlej,ltc,2841533391,2,False,
ltc1qha9mrkyy8nx2d5kenzc5zt6v82gvxlhsgat43u,ltc,48753246,2,False,
ltc1qhell54uhew9sj46c4uq0s7ar0clvhpdhn9wr95,ltc,3031943749,2,False,
ltc1qh4gp4ld4wpy9uwydv7z2uq7zdae6ejagnsvugp,ltc,4928645192,2,False,
ltc1qhh05r5q0nrqaeamf85skrt6tfpg8zhn0el0wm5,ltc,3997830984,2,False,
ltc1qhf6rpcy6473kgxvkup8eqp0x6xfh3eysl9qatq,ltc,4164763115,2,False,
ltc1qhj7f463ku84tvrke3zytztnfxvw44e6s255rhn,ltc,2406182072,2,False,
ltc1qhl3nf2q5r3xe32zwee2fm86wndzqzxulx6f4fr,ltc,2944661672,2,False,
ltc1qhr6fpjhheg6296psrwaq8fpxyqy49wcscz07su,ltc,5818606502,2,False,
ltc1qhunqhw89mdfpewalshmjat4a736jev6shm5h5q,ltc,3482391070,2,False,
ltc1qhqtawk6r045xpmnmm848x4hfhsydqu3gxg45lz,ltc,3125999758,2,False,
ltc1qhrcj8g0hhq4406h4get4x3278vsp0als5vm693,ltc,2640154651,2,False,
ltc1qj4c527kaw06n49dh9vvytdn8yjjg2mk37x9s2y,ltc,69939044,2,True,
ltc1qj6vt9lnl0a3f5482t9cz63k6acxje0a5grwedx,ltc,2277098527,2,True,
ltc1qhzcgqrzg6cgdy9u6tp9q0x9y6asr2rnescpxvw,ltc,4491415867,2,True,
ltc1qj9ffw9d6rzq83kyfx7mwt0xes5r4pawv53xtrf,ltc,4276851010,2,True,
ltc1qja922lfu7tf6xlgc2g9mp6ry852zfvjspwkv58,ltc,2756158300,2,True,
ltc1qjktgsypdnvuxlydcf434t8cqj642k98fjqwh9l,ltc,685050600,2,True,
ltc1qjncxz0t7sn5tgqskrfpx7wr64pkm6p5zgax3dq,ltc,1119594900,2,True,
ltc1qjp3fggprsp8xdjr7phvd465f507qemy7jv0ck5,ltc,5018569462,2,True,
ltc1qjpmy5h2qqyr2qsm3ktegxtar54t07q0942tpfy,ltc,5588612198,2,True,
ltc1qjpxwqvrjk0lugfsvc6hmfp934dkswsfp680fet,ltc,3999997750,2,True,
ltc1qjrmq7ykar3cauk84gn0gwp73wlwhneaq25a6nh,ltc,1560237600,2,True,
ltc1qjrskjykmmqeuz2xx64mccea8pcl0q4vhz572em,ltc,4184434900,2,True,
ltc1qjsjkznsh3xrrdaestqzmdanvr5ufady6t8r2t8,ltc,2334563100,2,True,
ltc1qjsz2p7jcqjz6cn3vnwff6upnzsnxps3nes96rg,ltc,3548446347,2,True,
ltc1qjw58kfcfjjcsnuq7sdcvhde9t7qtehechtly0h,ltc,2893179037,2,True,
ltc1qjxrxeqhrundat2kf3rrs7kkhtjr3lajv06eafx,ltc,976622070,2,True,
ltc1qk3jsxk4g0808pqh8qhnufkgdjnz73268ad5jrf,ltc,5266243331,2,True,
ltc1qk3aur993l0czeaxllhgg30rz4469wpjhxd0htr,ltc,2537608804,2,True,
ltc1qk7ps2dptxja2zt2etntx0nxkc5fxlsgz2hq8nw,ltc,3039045483,2,True,
ltc1qkgmd0z09ge2qy288qmlkm6v4sn7j5pvujymq6a,ltc,4894293400,2,True,
ltc1qkj3l5cp7f6z5tzuetmyvprrpsklt59h38hrlfe,ltc,6175039,2,True,
ltc1qkkr3tm3tu6ducvr54cg32ja26ckykd39xst2wu,ltc,3392414901,2,True,
ltc1qkqtveh5tjvywgq0ygglrvl8lzayuq22a65lxhe,ltc,3686185627,2,False,
ltc1qkrup6x8lxptqywuqn6vpyktus6rssg7xrfy209,ltc,595375400,2,False,
ltc1qkq9m6lhqnrfnhsxe64qadtmje2m9fpxghefvpq,ltc,2377666347,2,False,
ltc1qkrhwyszzmmx8jc2ak7alfqdvmkqzf7ylr3zqlw,ltc,5749916451,2,False,
ltc1qkryq2tey3778zfkguhj5uqjqc8gfa5jzvaalvv,ltc,110455730,2,False,
ltc1qktjjgy7pq3my3pjwfkr2alpcr3rchnuaep8u77,ltc,1751396962,2,False,
ltc1qkxrkm92k0y4jdrkwmqguehquje68j026mc6g9x,ltc,3819513180,2,False,
ltc1qkz46ewxzmkh73ekfdy6n39tu370zgldgz364rn,ltc,4232318965,2,False,
ltc1qlc4yzn8ykvl34xqdetlks9vvw7ausv9w0uxq5p,ltc,3421458500,2,False,
ltc1ql9tkcm8hv8auny2c8t8dva333psfkeyanvz69p,ltc,3289302132,2,False,
ltc1qlc7sv22wh4eu9c0m6mxltlqmvchw5h5w6x0td2,ltc,3043365432,3,False,
ltc1qletutgwahrf2jgmlt9v3frhna7vz5v53dcslv8,ltc,851096594,2,False,
ltc1qlrxf6nu6rkqgx6rvs39qje8aalzc8dgjdz2vw4,ltc,64340007,2,False,
ltc1ql7wqv8p46qgertkgzkyv58zxf0wr4uanyjle3h,ltc,11037364878,221,False,
ltc1qlgpe3dqg9snfnejzwncezq7usz9kmnvl2aklhx,ltc,3833873038,2,False,
ltc1qlrxlch8cxmac7a7tqf9cetcxxnd28z73zkld8l,ltc,3743133488,2,False,
ltc1qltpqxt8xv6usxwq2ckd653f9kqv048tfq40v4m,ltc,3020782430,2,False,
ltc1qlw3hyg5qj847kwtumf979fvrrjk7ehttwxzlew,ltc,2017175720,2,False,
ltc1qm02nr3vvw334zlje6mtam5knuyjf3mxgk5szvl,ltc,3656091430,2,False,
ltc1qm5u5fa4pclpa6egkml6wm6q0h2h28qxta304e8,ltc,2260330800,2,False,
ltc1qlz9k02fkghnhvd54fjd2jn2l06x9ry6vgdp7uu,ltc,78300984,2,False,
ltc1qm67rcccp237dsrmq8ej5re5a3evd3c0lk5k3h2,ltc,4041495940,2,False,
ltc1qm7d42ltqgk4epccgahgec050fphfkzp6e6j4pr,ltc,1821526179,2,False,
ltc1qm8stlxamx4zqfrdhg6hzrc3a83snsfxy05g6c6,ltc,1484603300,2,False,
ltc1qmj4vv7kthgw3jnjzgh5w95da7sg9enu0ca80ze,ltc,2317480654,2,False,
ltc1qmd9jeqta4me0rvyss2p9um85lkewhgvf82rmuw,ltc,4398201250,2,False,
ltc1qmmn2f5g22taawrkzwlquqrzea3chyer5mml8s6,ltc,3632153309,2,False,
ltc1qmy3z5h7mdwmjwz4ves3weq26fl9gvrxkqhwvpq,ltc,10325996234,2,False,
ltc1qmy3gtldawz240wjx5reh3lz0tds2v2m93lvmd2,ltc,2044005300,2,False,
ltc1qmsq553fpy6my80uk0cdfqcr2ua7e62zn5d646z,ltc,696871100,2,False,
ltc1qmzdqgg56wm5x2rssh3qj0h8lv5wpulf0ye620g,ltc,3804095300,2,False,
ltc1qnhekqx3r9z83khfzjntghvf88dnpvv0ew4uz7n,ltc,5283710916,2,False,
ltc1qncrc2mukamj8m7767x2ctjw74na4dg6hpeh3vw,ltc,2164510188,2,False,
ltc1qnjljv9ms9lf7rda53hmpxq8c660h292wqxxx0a,ltc,5174123889,2,False,
ltc1qnvzmclf9rp0exlp48eqk97gn7ewzv5uxkgvk87,ltc,2329157113,2,False,
bc1qzqh8q95s3s4clqqk7gzz04wduswarfa643c26e,btc,,192,False,
ltc1qnq39ryq368qtjpvpfxhmupnvx0l4qax3rtq5sl,ltc,49843456,2,False,
ltc1qnxhjfxk28cx5v7jxg763uefw4ppfxx5vg008p0,ltc,4993528609,2,False,
ltc1qnzfhncavnj5jp8w8udf0jte00z0ylv3h7yx5g3,ltc,2539314613,2,False,
ltc1qp0qrn8v260fgejv0pz4gufqu360drcr8jfgt2u,ltc,2411455664,2,False,
ltc1qp3e2fyyuywm5dkxh5aay9tm8mahjhk3x7dewwa,ltc,5933566200,2,False,
ltc1qpcrxc9p92d2nlqmvdgwmp7q6rzxvg4kspqw5cz,ltc,4070890600,2,False,
bc1qzqqf0hnvj53z3r6wqkum682jamtecw5m9h7y3w,btc,,2,False,
ltc1qpdg4j7n096vafshu0gglvwg8q63h67v68l5am9,ltc,2528852147,2,False,
ltc1qpl235c44lxsvhasxdx9f3ng38dhapr6sl0zp5a,ltc,4744127321,2,False,
ltc1qpjymeu968w5at6vcnkt77qn94hw56mqycxmfh3,ltc,3337816756,2,False,
ltc1qpqjcp3yhzwrmwwudf7nx9zrfgwvyg903nng5ss,ltc,3240,1,False,
ltc1qps79mujxds9ktgl7554tu6ef2axrcn3yeczjpn,ltc,3349995330,2,False,
ltc1qpxlln9m2hwe8dnjgacwnjw50cx8fy8tce8kj87,ltc,69464634,2,False,
ltc1qppds46p8kx9et2rt6thm7llh9vkwmusx5rwnv9,ltc,3826901465,2,False,
ltc1qq45hs85ly0sdlc5r2gd2lh8c6240agjjwhdrky,ltc,3037559001,2,False,
ltc1qq5zmxr5scdlur9vtwyxjfeynsqr8e9hwcw66yj,ltc,27228109937,2,False,
ltc1qq4z5r755x6drdf6g55j05ys4vrrrm0azlarsmj,ltc,19745792,2,False,
ltc1qqf0q3w0k50jcweaja0uuacxtjjndcacj4n369u,ltc,58114869,2,False,
ltc1qqd4wt0fe022c0p2zkjy9md4m04fpz6dywg7yxu,ltc,3642207009,2,False,
ltc1qqk0wux85u800ute0ey6gphz2vac39acpk0tqer,ltc,2022372607,2,False,
ltc1qpz5rr3aqrens3l7r285fr6z5gtpq5k23rn6zke,ltc,76330155168180,1184,False,
ltc1qpy0n7t0mdp0j89e7urqfd4x0qhyf3zsz7r4hcq,ltc,1955512822,30,False,
ltc1qqt9cg89p07kqmshysm3790udya9mmfv43rpc5f,ltc,2832394501,2,False,
ltc1qqv2v9srl43dhlfcqp9fm86j35wxhwjk60sz8aj,ltc,3693572387,2,False,
ltc1qqnke247t7aqj9tft2gnwaq96q4v55a0n8t4asl,ltc,1425756200,2,False,
ltc1qqrh6z75sju8lpkfj9ljpt7eu9um04arwtken3k,ltc,1446237400,2,False,
ltc1qqxgezz445ref4mzl4482xu00w0pnp3j0sr73r0,ltc,5916010018,2,False,
ltc1qrk9hc594wv6s8pkazq047ewhrl02wz8hu609cu,ltc,2119745220,2,False,
ltc1qqxn68tp7ukcc2w03wa7rcmu898ekv8l43ge8rc,ltc,2688573423,3,False,
ltc1qrlcdu3ammuxztnu4vr4gekav029fh0telmw6du,ltc,4573911701,2,False,
ltc1qqwcm9wm89waxfnrwv4ev6p4xmwnhm7mlf3uemw,ltc,4323621970,2,False,
ltc1qr3fg2fge0gkca4gkvnw7uga857r4y5emshrs9m,ltc,3512648598,2,False,
ltc1qrn2f977g0tc0gqctnwlaunzc63sf5nsuclsaar,ltc,5303345620,2,False,
ltc1qrth6g7uh0fuuuu3qz7frz4dtajrr6tdj3wk209,ltc,5503676389,2,False,
ltc1qrtfjmlfuh8daua4t533r4jld0wugmzg0smzrvk,ltc,3996452496,2,False,
ltc1qsfy9jqp0khyu4ela0gem07t59zukfr0pgxshyk,ltc,5199844608,2,False,
ltc1qs725eghwx4wa9s49y7tdu3h37m0jrt6nkjlv2s,ltc,5941640814,2,False,
ltc1qs7qhke6qt80aq52lg9fpjzrkl0kynhtc7uxyac,ltc,3090094258,2,False,
ltc1qs8eh0tn2r4pkec5lnrykzuc7fz8mxhkamjt2jx,ltc,6763231061,2,False,
ltc1qs2wu2vla0rkuae48v62ksg2dejk3urqlzhjjsr,ltc,2723806100,2,False,
bc1qzr769fa9kf0pwvxymu0rn7cdykh285dnxrh7kr,btc,,2,False,
ltc1qt0zkwag69dd63vxe767as5z9mygrh67kw90xjq,ltc,2999997750,2,False,
ltc1qt5nnxn0xwgcx4fa0lvpvku7j85hfjwg2k8cnx5,ltc,4166580560,2,False,
ltc1qshrkwgj40qj8tanpeqs89wf7vuk0ejx7fldl40,ltc,8987114971,2,False,
ltc1qsj90tm7qjg40c8x6k5zn6fpzskgl8j84gd3mnr,ltc,3026246806,2,False,
ltc1qsyuszk59gawk5h7w4x7lgmdvfwetgtq8xdsakg,ltc,5244940155,2,False,
ltc1qsya965fr8cexw0s0vctdv4v93uwqzdzcs249y6,ltc,4319967664,2,False,
ltc1qtmk5hycnczfj3stp63kytdts4xc23x9kyujm4w,ltc,3049567116,2,False,
ltc1qtma4g7xrmaymesxz0gyvjrmycdsa99fr2ju6x3,ltc,1687269,2,False,
ltc1qt82vqlhlk4pqq9s5mn92wh6wzzeyskcl8rtdh9,ltc,1556376700,2,False,
ltc1qtf4zv30z7ne33x4xzqmqxfx2z3ek28f4cpu5fm,ltc,5905912100,2,False,
ltc1qtrnrlrmjxeyzdvarg6htxwkv2hvzlthjuc3vxg,ltc,926402900,2,False,
ltc1qtd7ldcsvvt4jquuu5vgk5dszycpna4ahdyl8ae,ltc,3159668468,2,False,
ltc1qtmwfz5zhasn6v9crkucgzgxk3yp5t2gm3hvq3g,ltc,1539872200,2,False,
ltc1qu9wcxx2tdfxv8a9sg9jxwwmrldmzcwufmgzrkn,ltc,58236060,2,False,
ltc1qu69cd64rj7hzfu6n9anqzmn4980v6w26c6l7vh,ltc,3090978508,2,False,
ltc1qtwphpevt7usklgfnq7uk2kxz0zp64xs3n5u7gy,ltc,4107036941,2,False,
ltc1qttznla9uzwwcrwsu8z4zv4hcwyjn0cw5uwus0s,ltc,6478647009,2,False,
ltc1qudtmpc8ur85xzzy43pxqpvj2zzs63zfcj78hvd,ltc,5649984256,2,False,
ltc1qudkg3a0v0e82d8zza6q2f7lh08zpdkxszwxldc,ltc,10789168000,2,False,
ltc1quduypxntm89v5nj9eur646xgye8vnzaxelh3v3,ltc,2104033380,2,False,
ltc1quh2yceghlj33kmwdjgku26wt9x864m933y9rnd,ltc,5738041323,2,False,
ltc1quhe09mjszlaa9fdvpk6rscle0fxazpl9s08xa3,ltc,2555144771,2,False,
ltc1quk5ve2jm44772uufts0vlcuy4mjyunumjgkv74,ltc,3111812358,2,False,
ltc1qukyy07edfxe96a0ct2k44kmajn2yny4ej6qx94,ltc,3849664900,2,False,
ltc1qut7jp6y43f77xdz26ujrhqptd2aa0eakryngsp,ltc,3318933583,2,False,
ltc1qutjceyx4c3vpgar0vevnvyadztmqhjwttmgj29,ltc,3418065812,2,False,
ltc1qv0tujgvxkl5762phe2vyklfz5vfz8f4ttmlvxk,ltc,59793177,2,False,
ltc1quqed3uxd0vnvj9tpkfmkew28rnlml6p66zxrn9,ltc,48830803982,61,False,
ltc1quw4m2jmcz4d8pulxnz649xu83475qq8g9anqqp,ltc,2390456226,2,False,
ltc1qv6uarpe9je0kl47p33kdz7qjrnylsy3rjlp4k7,ltc,2810543386,2,False,
ltc1qva42ayl7cuq5mt8yam6sn5ytwgrqg9ekakpsle,ltc,3264816572,2,False,
ltc1qv9xp0h8pvstafd3sem49c0r5v4pt54kxnp94fz,ltc,1740901357,2,False,
ltc1qve9z44ppnmfyv6l0k3pdf3ppz5s9hdwptdpedg,ltc,1593302140,2,False,
ltc1qvgqdtau6h4gt8akxuxemqk6xqe687gx9xxj5p8,ltc,6689845422,2,False,
ltc1qvfecspzqgu40p38m4my8vx7ypxfsn7vyhad6aq,ltc,4963382551,2,False,
ltc1qvfyc936lhrgy3m9hs3ffn84e27k36j3ct38kcd,ltc,13068471200,2,False,
ltc1qvjlm44wlf9m8njefz8f3nun07snek63mn56g57,ltc,2999997750,2,False,
ltc1qvlms9tw0cfkzx069eah9axlmwkq7hzvkkml9yn,ltc,4658065553,2,False,
ltc1qvgqfx6jzhtep3xy7nkjnwu3gw9tmmgfz00ffdk,ltc,1687781519,4,False,
ltc1qvmrnwg67xsn9w5e6c2qf83e6q292tvtkmcx74r,ltc,2631405719,2,False,
ltc1qvkrauvmygxq5m9kqjxptyapkede6c23xrsjnfz,ltc,2909530961,2,False,
ltc1qvt0qarl3dtty9r47sd06j50m6vn2ng9pznegfu,ltc,5099893058,2,False,
ltc1qvuuapthf8y5u7waxx4gp3fd4qevvv8kwnzfuav,ltc,3143164922,2,False,
ltc1qvpvxdrpd4ze90htw6lfnjlug9gslxzneegkazw,ltc,442959160,2,False,
ltc1qvpv74ge8wrwtnyee3mkd4uncydddmx6sqqdl2l,ltc,2946229494,2,False,
ltc1qvnczez3xqvwfh323567xmxpd5r7zajsfy2kfws,ltc,883908300,2,False,
ltc1qvvhjyd4kfg9hdggfhptk2vt4mwldl6ev5qgrep,ltc,404049600,2,False,
ltc1qw0czvaja9nx0zz42aje26lh8nvu3z5y84mdamj,ltc,2239578581,2,False,
ltc1qvvrg8nr7jg38zgpy6amz04tmdhyhwvlhrjgpgc,ltc,4253429181,2,False,
ltc1qw9p666ugx8dn3vs8u0evf2ekxwef79h9vcscp3,ltc,5271992390,2,False,
ltc1qw7htk2340qasdk7u0t6yg22fl4suspvzzd96kt,ltc,2171865900,2,False,
ltc1qw9sxjc0a3mrvstf3atygeze967tkm85yd5vqet,ltc,3195502246,2,False,
ltc1qwd56zmgm8wggur0phru6pnfjfz7j32rdeq09de,ltc,2864965213,2,False,
ltc1qwfdy6ztj37lujjw5sgsw5vhfmhvqdzc3arwl56,ltc,11385304210,4,False,
ltc1qw733wmm730zjtg5xzdx3hryetmz4yxuwus8rrd,ltc,5000000000,2,False,
ltc1qwg9parcgr00tw5r05cskw547ardtc0uk0nze4g,ltc,43609862,2,False,
ltc1qwhrwrkm6fhahyrw2dlwkuyqljeg7xeeldm5zfz,ltc,6142637327,2,False,
ltc1qwfxn0r7dvhfz8p2e69lawkpvft9u53jrtduc9w,ltc,4924178200,2,False,
ltc1qwpt69klzde7fe35guc03rrw2d3hnpgua0e5u0c,ltc,2516080339,2,False,
ltc1qwdhh7294v5seuwstq88p96ujl2thp4my3070et,ltc,861855500,2,False,
ltc1qwqh9ap9ssatf99mt2w4s08g5lfkumdcgmm23aa,ltc,2543239900,2,False,
ltc1qwu7g79txe0sdtp9a96qlgqd7uhr85gp220mc6p,ltc,5897270800,2,False,
ltc1qwttcqtnu4hmc3jz2cqs2eesy2ds7zeupxlhz86,ltc,5105712860,2,False,
ltc1qwqnwdcngq30r66dm2t637na8s9agwsuz4xhlqc,ltc,1590725500,2,False,
ltc1qws30q4d624fa7xk4fux62rtyhyskjuzjfgu5k4,ltc,5041664475,2,False,
ltc1qx0cyhf7dhaq635zka2rgf9whv25xx535khaulw,ltc,2999997750,2,False,
ltc1qwvwdrpmc7895phcej9yyyc2jshj5lxtdssux29,ltc,5234112031,2,False,
ltc1qwy8cd7shgnwhauwzq3aeyyvha9rjc0j84dwtpq,ltc,65746240,2,False,
ltc1qx49fu5xsppdvjx0wszhjvzww6hd8afhdkxv5u2,ltc,1737950900,2,False,
ltc1qx6gaj5xnp4s6c8ph6n54uvz5s76l9rdcfcvewp,ltc,6433586700,2,False,
ltc1qx92lu3rv26mg4cvt8f4c5yqrl9jt938qm3qpvr,ltc,3545001720,2,False,
ltc1qxmckqxv8gv76ruexyh05vs5g7gzepema3x5d23,ltc,2457888046,2,False,
ltc1qx5dz35yqyqugusnvtfv7lgr8ut6q5f3rw8dq7v,ltc,270164409433,61,False,
ltc1qxw4dntfrajw6u2km7s6ywguukxkhw2r7v4hn7u,ltc,3922279395,2,False,
ltc1qxm726pjf5sfgq0h5cquln5qwg9akhgj0tmyj2n,ltc,1061804300,2,False,
ltc1qxq9s6fg962zux488wjrn3h4mcw3efe338lh8gj,ltc,2364139224,2,False,
ltc1qxwf4x6wvu9ln9y6tx0xd99tc8s3930ks79afja,ltc,6538255322,2,False,
ltc1qy9ywx0e8cluqmpu7destgu6gu4tu4xl3lq6vz5,ltc,15832763060,2,False,
ltc1qy3yceeg63ypa8ax0lateht5ewxqsenpgyy30yv,ltc,5207017658,2,False,
ltc1qyd2nzfvfuvuk9va94vkrdx62wprg7fdms9auuf,ltc,1035039506,30,False,
ltc1qyhqfg3fnm2llju6eqd4yxx0kpzqtavdsngwdvk,ltc,4162829039,2,False,
ltc1qysp4nyyup7xp79jz7nevpxvhffdqxjqmxnv93x,ltc,420847000,2,False,
ltc1qydj3m6vtgm5t3a6h8gayvtxc8m50lcc8emzh26,ltc,4377913448,2,False,
ltc1qyvf50v9y0fjq7gpv9shqjzw88g75yyq8v269aa,ltc,2665662980,2,False,
ltc1qynk3hucv5cwqmwq6275h743hncuy72lyxdmak7,ltc,7161494135,2,False,
ltc1qyt4ar25gkr06a527av3wq3gh7a7xc2u73k9thj,ltc,1964391378,2,False,
ltc1qz9chnf7ufwfavx0k8ds37zywk9hrd5xp3f8cm0,ltc,2085329000,2,False,
ltc1qzdlfx8qet9ugvhtp95cujl7gyxyc50tx6xeuq5,ltc,3391561771,2,False,
ltc1qzfljg2r6d4hx5gzn767vug8h55kt5y373jvwzy,ltc,3550951476,2,False,
ltc1qzcsktuqwf83kq2z2jw3q9nhpdswuc759nusvsj,ltc,4355430289,2,False,
ltc1qzfqnqrn2tleuhhfedsjapcm7ja2feklvyu43r3,ltc,2376255543,2,False,
ltc1qzj2pyw560xkt46wsqd2wgxuzhe24v8lq60tpq2,ltc,3579063929,2,False,
bc1qzrs3z2ehh0sg4ymen7ly9k9juqg8zpf3svl8ws,btc,,2,False,
ltc1qzv5as3tn6lmz48qqdqf4hn0rzkhzedqnkg2yeh,ltc,1807779439,2,False,
ltc1qzqqznpz60qj87k7ys5hpxmxkdrp96mja0vmvay,ltc,3036971179,2,False,
ltc1qzswqfxm9salstan5s6jqgdmqc0lulfg6fahqag,ltc,2265834533,3,False,
ltc1qzsske0ka7laffvnwj3ln44tjl0zf8y86jmtn7s,ltc,2721730229,2,False,
bc1qzs9cfkly3s9mcs4yrf07ewptamqfglanwmpsur,btc,,3,False,
bc1qzspynpy4ceh9zw9pemd0quuhavdun98lvlvw8t,btc,,2,False,
bc1qzult29gfcjw5u7ejej3lyuxvyq2shmr5wavy8u,btc,,2,False,
bc1qzswr6j95tent40fg7juggrvkqktsfg5lvtxg2p,btc,,2,False,
bc1qz46unmyasg3q5xfkcrp2v6kcj9aafs75n0m5t6,btc,,453,False,
bc1qzvtmmvkspadd59de7fa5yjzz8r52nvrdwjss4u,btc,,9,False,
bc1qzrfgn7jrgzdfdxqreq4qzrpmarf8vpcq767kvp,btc,,2,False,
bc1qzvugk9samwhf54utj7g24wvesqcj0jantqt6md,btc,,2,False,
bc1qzutsz98q7dc94dd7t44vck4q9pvmwgxwnl82hl,btc,,2,False,
bc1qzxm54em9q752jkxpanyg7axmqhax8zv5afvau4,btc,,2,False,
bc1qzxy6cynhmz2cr5mvr47qlep0rjhw8x0sf7g0qt,btc,,2,False,
bc1qzzpm2wu578junetkdcuqwmvhahxc85z5dqenv9,btc,,2,False,
bc1qzz3l0tj68ssrle342d440khtc8vws5xldflpqc,btc,,2,False,
bc1qzyv9tx9cemhlzv2q4fnarzvy5vf8fffpfzq27y,btc,,2,False,
bc1qzvjaf6v3gqxqpz8xrf9xtd94tmsyv2aaujuuz7,btc,,2,False,
bc1qzzvqgzmn7t20tsq85g5ls8ggq8h8cxvlw6neze,btc,,4530,False,
bc1qt8d9r8cylx0zfh8yt7w5xnxde5rj2mz7tzm0r8,btc,,9517,False,
