date,txid,slug,coin,dest,amount,usd_exit,dest_class,n_payments_to_dest,fan_in
2022-01-28,4c59088962bbcf18b7b759b11888c53ccd04146bf92c8cc6cae9c73f1f71b321,btc-2022,btc,124m6GJNsYv8Kji8hXssqrdFnJFLLxBveD,0.00203029,75.45,MIXED_CUSTODIAL,12,0.671
2022-02-05,52da2f6e0fabc81c2ff93f149dffffa1621b76141b5aeaaea24850b400835ca7,btc-2022,btc,124m6GJNsYv8Kji8hXssqrdFnJFLLxBveD,0.00583198,242.45,MIXED_CUSTODIAL,12,0.671
2022-01-31,7e4fa38664ac61bd5bf8c82a513f29860445aa115845ad9dabeb7369a408bff4,btc-2022,btc,1Bz6U9DXqpExeoB2EJCME9U3Auyt8MdZRt,0.00433567,164.24,SELF_FORWARD,1,1.0
2022-01-31,7e4fa38664ac61bd5bf8c82a513f29860445aa115845ad9dabeb7369a408bff4,btc-2022,btc,124m6GJNsYv8Kji8hXssqrdFnJFLLxBveD,0.0054,204.56,MIXED_CUSTODIAL,12,0.671
2022-02-02,5d727f72fe251d3a957f96d618748b1f028f1692b9370289f98b2527c4fa7509,btc-2022,btc,124m6GJNsYv8Kji8hXssqrdFnJFLLxBveD,0.00255609,98.91,MIXED_CUSTODIAL,12,0.671
2022-02-01,4584d2ed5422b4993dd523e73d20633c245a5ff610c4de11282d6bf7108bc300,btc-2022,btc,124m6GJNsYv8Kji8hXssqrdFnJFLLxBveD,0.00433114,166.61,MIXED_CUSTODIAL,12,0.671
2022-02-04,2751d9e3697808861c858835551f2346b59698bd6a2674ed7a9731ba1cc36be1,btc-2022,btc,124m6GJNsYv8Kji8hXssqrdFnJFLLxBveD,0.0079696,297.36,MIXED_CUSTODIAL,12,0.671
2022-02-08,b0f465fae1715a4be55328d97e777d119803d27af272a8a745f482c163235e19,btc-2022,btc,124m6GJNsYv8Kji8hXssqrdFnJFLLxBveD,0.00649673,284.82,MIXED_CUSTODIAL,12,0.671
2022-10-13,3e854445ec135df8d1c7a1fd3d432e5c62e899ba59f174720eea87dcd0291a03,btc-2022,btc,1AoHrv3z67JfWbUGeALoYd3byafuQVcmRs,0.05759594,1103.26,MIXED_CUSTODIAL,85,0.944
2022-02-09,840e1a82588faa815bc1c74b375668c7b3aa1eb776fbf97b8e325d153ae2e1e2,btc-2022,btc,1EQPS3o9wwA1TRaKastYTXKQwUEMb1VbD9,0.01016256,447.59,MIXED_CUSTODIAL,2,0.544
2022-02-13,84b93c005330a76d81a36d0bee52d0685cbc3ef41c82214942f84e8edd2fc100,btc-2022,btc,bc1qpz88ffy50zp9ka2tlu7sftadu5mgmckwlp0yd2,0.0073109,308.65,FIXED_MERCHANT,4,0.419
2022-02-13,84b93c005330a76d81a36d0bee52d0685cbc3ef41c82214942f84e8edd2fc100,btc-2022,btc,bc1qs7fudwxw9np34kyl48ghexjhhadst6xg66g9ef,0.00079132,33.41,SELF_FORWARD,1,1.0
2022-12-28,86eee9a7872a384e01919437e3cad2458d77992a3770eba47cae3914fd5a08a5,btc-2022,btc,bc1qc4x40u0extjp6a50q93u3hruv3a7c0lf7qua6x,0.06611396,1104.5,SELF_FORWARD,1,1.0
2022-11-24,660fe3a903dde0e3398ce3b9c95c426867e4ba2b4d1e1cf555bb688cf83ac5fd,btc-2022,btc,bc1qxt22ss8rssvqtvgke0hp8tamtmnrsntwlk8uf4,0.06336577,1052.07,SELF_FORWARD,230,1.0
2022-05-13,f59c717df4551d873e2eb03ff8abd67f36ea0ef7c11419cb683f0c761f5d1d19,btc-2022,btc,bc1qxt22ss8rssvqtvgke0hp8tamtmnrsntwlk8uf4,0.03425427,994.39,SELF_FORWARD,230,1.0
2022-02-16,aa4b90bcfa48ff849c4d2cf57312587a39a24731a347f80a15ef98d24a3a30c7,btc-2022,btc,bc1qxt22ss8rssvqtvgke0hp8tamtmnrsntwlk8uf4,0.00679847,302.84,SELF_FORWARD,230,1.0
2022-02-16,aa4b90bcfa48ff849c4d2cf57312587a39a24731a347f80a15ef98d24a3a30c7,btc-2022,btc,bc1qw02qltwczq2l26lj0g2n2jnj87phd20d5wkv0x,0.00072227,32.17,SELF_FORWARD,1,1.0
2022-02-09,1b19025af4d7c990330d27a5aaa7ad22f0417c95a634b233361abb98de761e3c,btc-2022,btc,124m6GJNsYv8Kji8hXssqrdFnJFLLxBveD,0.01152393,507.55,MIXED_CUSTODIAL,12,0.671
2022-02-09,1b19025af4d7c990330d27a5aaa7ad22f0417c95a634b233361abb98de761e3c,btc-2022,btc,bc1q5prqgt4xrqhx6ettrfpcuywg3dymrzup8dfq0m,0.00276293,121.69,SELF_FORWARD,1,1.0
2022-10-07,2867ca60974595804d247f77e2f0d645c3d077fb6edcba6e250c3c7216589d37,btc-2022,btc,1AoHrv3z67JfWbUGeALoYd3byafuQVcmRs,0.05524648,1102.76,MIXED_CUSTODIAL,85,0.944
2022-02-02,5552eb698d4326eb6aed1c43c12afb86f9d26b5b23c5e89ad9c8eeb0eade71b5,btc-2022,btc,124m6GJNsYv8Kji8hXssqrdFnJFLLxBveD,0.00360747,139.59,MIXED_CUSTODIAL,12,0.671
2022-02-09,2958401c0a342a52e8491efffb810e11fc2adb98944d81f23e9e4a9aa214fab9,btc-2022,btc,124m6GJNsYv8Kji8hXssqrdFnJFLLxBveD,0.00872327,384.2,MIXED_CUSTODIAL,12,0.671
2022-09-24,87eadecd3986ed0486655dc695f02c946602f032d7cc33c0944d11b53f7cc42a,btc-2022,btc,bc1qxt22ss8rssvqtvgke0hp8tamtmnrsntwlk8uf4,0.05492039,1059.34,SELF_FORWARD,230,1.0
2022-08-31,b489060bb8411eafeaf80b9ec16af5ce0f5f480fe931d67f0c5b8baa0e3446cf,btc-2022,btc,bc1qxt22ss8rssvqtvgke0hp8tamtmnrsntwlk8uf4,0.01573041,311.67,SELF_FORWARD,230,1.0
2022-02-07,b2fd241e29cf12c07ea00e494e7fb5d8f775d2d717370d44aba56b8e02a07d04,btc-2022,btc,124m6GJNsYv8Kji8hXssqrdFnJFLLxBveD,0.0046,194.95,MIXED_CUSTODIAL,12,0.671
2022-02-07,b2fd241e29cf12c07ea00e494e7fb5d8f775d2d717370d44aba56b8e02a07d04,btc-2022,btc,1EQPS3o9wwA1TRaKastYTXKQwUEMb1VbD9,0.00741,314.04,MIXED_CUSTODIAL,2,0.544
2022-06-07,5251300c4b5c38b47ab4c7c305dfd171da29385a4974e7b4e13ceb1d4a906507,btc-2022,btc,1AoHrv3z67JfWbUGeALoYd3byafuQVcmRs,0.03503059,1099.02,MIXED_CUSTODIAL,85,0.944
2022-04-11,842c3eedee3b62f5439e04e9ec495a791948f1e9c810baafffa26f02c394631d,btc-2022,btc,bc1qxt22ss8rssvqtvgke0hp8tamtmnrsntwlk8uf4,0.01293725,545.42,SELF_FORWARD,230,1.0
2022-02-12,1c4922da45c59dab4861a4d3e67851ac3e2e98e3751a11d1b5ac943318b7303f,btc-2022,btc,bc1qpz88ffy50zp9ka2tlu7sftadu5mgmckwlp0yd2,0.00734413,311.2,FIXED_MERCHANT,4,0.419
2022-02-15,10cc3e7d5a61b0ee8281d9b5cf7ddbf81f31e838fcd7fc3adbba87b3c5b403c3,btc-2022,btc,bc1qxt22ss8rssvqtvgke0hp8tamtmnrsntwlk8uf4,0.00704115,299.5,SELF_FORWARD,230,1.0
2022-02-15,10cc3e7d5a61b0ee8281d9b5cf7ddbf81f31e838fcd7fc3adbba87b3c5b403c3,btc-2022,btc,bc1qudge8ns0z3zukxjw4pl3uj9vl7n3aeph8lzk89,0.00060282,25.64,SELF_FORWARD,1,1.0
2022-12-04,94942f231ad13ede3c313627e6045fea090bcfd63eb5b36baa48684c7770fab2,btc-2022,btc,bc1qkmn8r4f4eujxqaxgfvdapsqyq5pke5a25mnexc,0.17641122,2978.74,MIXED_CUSTODIAL,2,0.702
2022-11-29,df253abd698cc61f31d65dc6279c80d2db7576ce40b35efe7ab9ac00964396b3,btc-2022,btc,bc1qxt22ss8rssvqtvgke0hp8tamtmnrsntwlk8uf4,0.06411866,1039.5,SELF_FORWARD,230,1.0
2023-01-22,09edd503f5e40f05e8bcb52bbf5bb00b4f3c6c3640fef97e0bb1e50db7716879,btc-2022,btc,3Ca5vmvEiRjhQXWPp3x56myFcGzFS6afDM,0.06787968,1546.53,MIXED_CUSTODIAL,52,0.949
2022-03-18,501f7ca9fc73ff801f79d18a4616892b9459d63c6bb05f5d387caa6ae2d72fe6,btc-2022,btc,bc1q7kzzyvf22a8r4r2wyjjtgr06e6gxkyerkvy3x4,0.01180232,482.93,MIXED_CUSTODIAL,14,0.589
2022-03-18,501f7ca9fc73ff801f79d18a4616892b9459d63c6bb05f5d387caa6ae2d72fe6,btc-2022,btc,bc1qxt22ss8rssvqtvgke0hp8tamtmnrsntwlk8uf4,0.026,1063.87,SELF_FORWARD,230,1.0
2022-03-18,501f7ca9fc73ff801f79d18a4616892b9459d63c6bb05f5d387caa6ae2d72fe6,btc-2022,btc,bc1ql932zr2qx6wrrpn7lwelsx6uumjj35jrld42q0,0.0937,3834.01,VENDOR_REPEAT,6,0.033
2022-10-21,607a379f4d4897a231d972eccfdc7a7b4c48bdae8abac4ca61f0658a3551e87d,btc-2022,btc,bc1q2fx7f05q7ylyk5wkygnzlfllmz4wyfy05qzngn,0.33,6283.83,SELF_FORWARD,1,1.0
2022-04-06,2e3ea30b45a9163de0bee07f2fa44e061db6ff952424c236208ef72a48b2f253,btc-2022,btc,bc1ql932zr2qx6wrrpn7lwelsx6uumjj35jrld42q0,0.096507,4390.83,VENDOR_REPEAT,6,0.033
2022-03-21,d6eab19099198d67465070ac5174920108628be210be7e2ef945e723e1dd48ef,btc-2022,btc,bc1qv4g5lfnqf0qweckdvt70kuedr4y8vxdjy20uf0,0.00037625,15.52,SELF_FORWARD,1,1.0
2022-03-21,d6eab19099198d67465070ac5174920108628be210be7e2ef945e723e1dd48ef,btc-2022,btc,bc1qwrt7lsrt6kxn325tycal6qlnc498uxs6hkpsud,0.00048593,20.05,VENDOR_ONCE,1,0.002
2022-02-11,c654e597d8d2c50f329489d114952ec0127b067ce2bb06428eeecda652405882,btc-2022,btc,bc1qlg67ml8sst3tsaqaj4zpw292w7u5q30534uz3x,0.00011193,4.87,SELF_FORWARD,1,1.0
2022-02-11,c654e597d8d2c50f329489d114952ec0127b067ce2bb06428eeecda652405882,btc-2022,btc,bc1qjz8mkzc829ueueazctt0vl3jdwfclzt0qva0m2,0.00228735,99.49,MIXED_CUSTODIAL,1,0.544
2022-04-03,00579a6f7961d5fd249d75834ec5f4b1d4295fd12aba8ff317742c2a5bb90be1,btc-2022,btc,bc1qxt22ss8rssvqtvgke0hp8tamtmnrsntwlk8uf4,0.02261085,1035.83,SELF_FORWARD,230,1.0
2022-03-15,b830a816a76e8fd005f352d8c4aed924e7cdb6020dd270b87a4d7e56c53a797d,btc-2022,btc,bc1q7kzzyvf22a8r4r2wyjjtgr06e6gxkyerkvy3x4,0.00255535,101.37,MIXED_CUSTODIAL,14,0.589
2022-02-21,272e24f1d943613f916ca7e0a6541c69df15592ed0daf6f5abbdd020a5e36cb6,btc-2022,btc,bc1qxt22ss8rssvqtvgke0hp8tamtmnrsntwlk8uf4,0.08053825,3091.61,SELF_FORWARD,230,1.0
2022-06-12,f045998509d8f922bbe808b6098b67dced4933e5996b1ce9589ad04415eec9a9,btc-2022,btc,1AoHrv3z67JfWbUGeALoYd3byafuQVcmRs,0.03927225,1116.3,MIXED_CUSTODIAL,85,0.944
2022-05-28,541bbc7942f310471b0d859bb134a6fd56ea089629b6dcd6d1264e2d1a94f612,btc-2022,btc,1AoHrv3z67JfWbUGeALoYd3byafuQVcmRs,0.03642509,1042.84,MIXED_CUSTODIAL,85,0.944
2022-02-21,36ab51ce34c6d9a7328a0485e4256e638f76e4b2aaeb7ccaf21d25c4ab87271c,btc-2022,btc,bc1ql932zr2qx6wrrpn7lwelsx6uumjj35jrld42q0,0.10981278,4215.37,VENDOR_REPEAT,6,0.033
2022-09-11,476f213faf617b28f95b5fc5c4eec13a9f4c46e48c36e17be13f40e8b56a8b89,btc-2022,btc,bc1q9tgmyvt49xl5raeryvtk43qp6gpppznkc5wkz5,0.1,2164.72,SELF_FORWARD,1,1.0
2022-09-02,9356ce0b44348254b07c1bd0c6490a743bd7d670803b9f66581e549eb9b3ac2b,btc-2022,btc,bc1q9n80frtdxh5rak9xu5uvfl0a8tg6r8ef2wllju,0.1,2013.26,SELF_FORWARD,1,1.0
2022-08-14,3e2792347d6b5cd1d6fc7060276a148ead4490afcc229fa767d4e831b287b533,btc-2022,btc,bc1qxt22ss8rssvqtvgke0hp8tamtmnrsntwlk8uf4,0.04273274,1044.52,SELF_FORWARD,230,1.0
2022-07-01,2cf0ea3747fc84c0f2cd5f6bb14f940fb911ec45080332f9c74376edf624ac60,btc-2022,btc,bc1qxt22ss8rssvqtvgke0hp8tamtmnrsntwlk8uf4,0.05407299,1078.33,SELF_FORWARD,230,1.0
2022-06-29,bb54d4b401af2c2d8cb0024ceffe082cd2437131307f89f0b31c5e36fd696f1e,btc-2022,btc,bc1qxt22ss8rssvqtvgke0hp8tamtmnrsntwlk8uf4,0.01592784,323.04,SELF_FORWARD,230,1.0
2022-03-25,e614d5804919713feab08c18dbb4af9339bb5afdb01f3ca36eac48f74e8309e8,btc-2022,btc,bc1qxt22ss8rssvqtvgke0hp8tamtmnrsntwlk8uf4,0.02358978,1037.75,SELF_FORWARD,230,1.0
2022-03-03,51772d06e57ec97b482eeb75d85d7d8eb9b2e415043a89ad95ae485021b36ce5,btc-2022,btc,bc1q84nnrqlhup3cg5e2nwznau5v0rhkpc3hg8u2mj,0.00226706,99.51,SELF_FORWARD,1,1.0
2022-03-03,51772d06e57ec97b482eeb75d85d7d8eb9b2e415043a89ad95ae485021b36ce5,btc-2022,btc,bc1qxt22ss8rssvqtvgke0hp8tamtmnrsntwlk8uf4,0.02606642,1144.13,SELF_FORWARD,230,1.0
2022-02-19,fd8df4709b1f3038a3bffab2cd58f9c47a5f4a550034b27e67b092d75915fe21,btc-2022,btc,bc1qxt22ss8rssvqtvgke0hp8tamtmnrsntwlk8uf4,0.01246769,498.39,SELF_FORWARD,230,1.0
2022-02-17,bb1141cc1ac1e7e408f6bcbc26c29921a2aebbf6f983c4afb207d06517ba544c,btc-2022,btc,bc1qxt22ss8rssvqtvgke0hp8tamtmnrsntwlk8uf4,0.02512315,1102.24,SELF_FORWARD,230,1.0
2022-02-15,8dfbed1382d8ec4aa70b4f60ef0f368dabcc32df64665573fad49d0d89ecbf29,btc-2022,btc,bc1qxt22ss8rssvqtvgke0hp8tamtmnrsntwlk8uf4,0.02506052,1065.97,SELF_FORWARD,230,1.0
2022-02-13,e60393162379238d7ffce4c6e9900538eda7498d843066c21563b94a3ca57a70,btc-2022,btc,bc1qxt22ss8rssvqtvgke0hp8tamtmnrsntwlk8uf4,0.03309752,1397.31,SELF_FORWARD,230,1.0
2022-02-12,228ad11626c03458ff5ac943db7cfa6841c0b8964c956d5af11ca5bd76fd4616,btc-2022,btc,bc1qpz88ffy50zp9ka2tlu7sftadu5mgmckwlp0yd2,0.00721892,305.89,FIXED_MERCHANT,4,0.419
2022-03-18,f2cdc0b646a55dfa54cf6fe826eaaf79ddf5e062985927180c54e80999faa28d,btc-2022,btc,bc1qxt22ss8rssvqtvgke0hp8tamtmnrsntwlk8uf4,0.02586764,1058.45,SELF_FORWARD,230,1.0
2022-03-18,f2cdc0b646a55dfa54cf6fe826eaaf79ddf5e062985927180c54e80999faa28d,btc-2022,btc,bc1qgs0qs429et95qjmmlealqwfsu88mxxz42jyjvj,0.00086409,35.36,SELF_FORWARD,1,1.0
2022-12-13,8e18a421c267811b3ddbde79c7b12605bdbc7972e3b611bb8165b2952187834b,btc-2022,btc,bc1qfjlnyc3r75wey2ww08tddk89q7g8knplaqywze,0.06,1032.54,SELF_FORWARD,1,1.0
2022-03-15,24e3de310c7d7a7bef9e5a042d33af950158086fde5298c37c55ac71a84b2806,btc-2022,btc,bc1q7kzzyvf22a8r4r2wyjjtgr06e6gxkyerkvy3x4,0.00513151,203.57,MIXED_CUSTODIAL,14,0.589
2022-03-15,24e3de310c7d7a7bef9e5a042d33af950158086fde5298c37c55ac71a84b2806,btc-2022,btc,bc1qwzugv8anj2ytc7e0rqsusx3ug430020rctsed3,0.00016953,6.73,SELF_FORWARD,1,1.0
2022-03-03,6e93069793284b5e18b28951a7302d67bb8b81204070d7652b997cb143c7e3c0,btc-2022,btc,1ALKQUJBnUmwUcfUPXgmCkqHoBn9xDZvuC,0.0704455,3092.06,VENDOR_REPEAT,2,0.009
2022-03-03,6e93069793284b5e18b28951a7302d67bb8b81204070d7652b997cb143c7e3c0,btc-2022,btc,bc1qqytnhzsz5r032cde7jyt7z9qad2t85dg3dhfuk,0.00063099,27.7,SELF_FORWARD,1,1.0
2022-10-04,5823378d279d74434a052dfd41b2e7cc052032e9b6446efc2e8bfb2c937e62bb,btc-2022,btc,bc1q8vs7uum3wtkzlr7ve5g8nu8k2tqfpmhq8p749u,0.07,1374.04,SELF_FORWARD,1,1.0
2022-08-14,13dbfeade5d3aff7e824fc19e378b9f83301d34c8ec8ddc91fed5cc64763572e,btc-2022,btc,bc1qatqdk6y5tzuqqd9j44fnhdqydzkg0v64rxnnmk,0.29,7088.49,SELF_FORWARD,1,1.0
2022-04-22,d5704b7453153ba6dfae840496a03316617e7a8ddb9cac7c3ba3019606806e4c,btc-2022,btc,1AoHrv3z67JfWbUGeALoYd3byafuQVcmRs,0.02596729,1051.16,MIXED_CUSTODIAL,85,0.944
2022-03-16,e754515fd2d5d66a2baafdd2932ddb56444132c26c2dc1449629c7a96d9cdc73,btc-2022,btc,bc1qd9tnn3jt73h22sntrylm8c9egt9adj45l6t9g8,0.00015492,6.09,SELF_FORWARD,1,1.0
2022-03-16,e754515fd2d5d66a2baafdd2932ddb56444132c26c2dc1449629c7a96d9cdc73,btc-2022,btc,bc1q7kzzyvf22a8r4r2wyjjtgr06e6gxkyerkvy3x4,0.01228412,482.52,MIXED_CUSTODIAL,14,0.589
2023-01-17,9395138dc4566169198d25973d41f68ccc45bb7c25bab7f81535e72b43d63554,btc-2022,btc,bc1qaqzpgelr48ejurszqd55lmgcecz7lp09w0xx7e,0.26490382,5612.16,SELF_FORWARD,1,1.0
2023-01-11,3b535bfa31676873fc38a2dbe4ccdac3e22ad0b0db8c82b2876a16328d569f31,btc-2022,btc,bc1qprz5qt6p030qkx03hmtk840mg3tf96rhq6dxhu,0.32009921,5582.74,SELF_FORWARD,1,1.0
2022-05-19,59ace369abfa7922d339aeb29beaf7fce207f3ce16bb82ab3aa9a1d0f49d6614,btc-2022,btc,bc1qvexsaazfdwnpkjjwjkzf0xrdug93kedt866zlr,0.18665671,5359.91,VENDOR_ONCE,1,0.246
2022-09-20,519f0f77e1cb9ac02338825bb05f233878364a0acaad19a5bf874447a4998139,btc-2022,btc,1AoHrv3z67JfWbUGeALoYd3byafuQVcmRs,0.05764307,1126.17,MIXED_CUSTODIAL,85,0.944
2022-07-14,33454bfa92bd15ce0199fe388f8dfeb7753585f0c856dda58855f1cd15bffc6d,btc-2022,btc,bc1q633cmw5kfkjkf9zqqw5rathhd90k4tja526whf,0.06,1214.09,SELF_FORWARD,1,1.0
2022-07-13,a326c9e7836dfc37c13753846069f48eb408ad9460ea7e7c708cafc9d45cd383,btc-2022,btc,bc1qxt22ss8rssvqtvgke0hp8tamtmnrsntwlk8uf4,0.05378546,1039.74,SELF_FORWARD,230,1.0
2022-04-20,68d54e66854c9f5119dac6ccbeb5c6a760b520c8d22aa52303332bddc8fa28ac,btc-2022,btc,1AoHrv3z67JfWbUGeALoYd3byafuQVcmRs,0.01464441,607.64,MIXED_CUSTODIAL,85,0.944
2022-04-13,6063275751a301861e2328472aaa7b4c4f73a2b688ecb4e70c8e2c52bf1e59df,btc-2022,btc,bc1qxt22ss8rssvqtvgke0hp8tamtmnrsntwlk8uf4,0.02750817,1102.39,SELF_FORWARD,230,1.0
2022-06-27,e3aa3dd1c1a02c8c77fb32b39f0dec409d5bf58dc609f517f5e1ea2d5d75bd95,btc-2022,btc,bc1q5r0aejsal6w2t2c3ms2uad3n3272camrw6c49m,0.29402686,6185.76,MIXED_CUSTODIAL,1,0.934
2022-06-22,dccf3f7d2b3be789149ea91ec9c1e2fbd90395547becc1f781be1cebebf1e8ce,btc-2022,btc,1AoHrv3z67JfWbUGeALoYd3byafuQVcmRs,0.05579014,1156.17,MIXED_CUSTODIAL,85,0.944
2022-07-18,d70359728a2c42f934e236c85934b4638370aab38efd39e8b04fd8c9dace7de4,btc-2022,btc,bc1qxt22ss8rssvqtvgke0hp8tamtmnrsntwlk8uf4,0.04787839,995.85,SELF_FORWARD,230,1.0
2023-02-03,e4c46d259037de3eeb4e757d7ec44c0f62d11489283f6e253cf0f205663cd485,btc-2022,btc,bc1qht0vwt9e7jssgr6n3wtvhz2pkjxvh227l778hh,0.046,1080.51,SELF_FORWARD,1,1.0
2022-04-09,cbdf61e4c76543e01bd6ec24849a435a2fba9b52b27b2981ae55b57175299a54,btc-2022,btc,3QYzsuWf1cyysWAr35vEY7qK9xwE2zkS1W,0.0070439,297.62,FIXED_MERCHANT,5,1.0
2022-04-07,8c458b0769c86ac7b7a9e3409a2227d3d5f13af0df4585c3786fb30c300d6173,btc-2022,btc,bc1qxt22ss8rssvqtvgke0hp8tamtmnrsntwlk8uf4,0.02417254,1043.54,SELF_FORWARD,230,1.0
2022-11-21,17fb3dfd02e4b225be0d42b553eb07ef8fef37b88573761a81614a622b37f47c,btc-2022,btc,bc1qxt22ss8rssvqtvgke0hp8tamtmnrsntwlk8uf4,0.01991875,324.27,SELF_FORWARD,230,1.0
2022-11-18,ad4f96723129ba77b465f0524718eb7dc6e9ac5f7f0d42bde41994d0ad54ad6e,btc-2022,btc,bc1qfhlhyg337r02d8lfj2yq6nsjx43hwx50zevjmj,0.085,1418.87,SELF_FORWARD,1,1.0
2022-07-21,d09271582fad239530d8e02b4e7d1bf3f9637724fea41b804a4c4856fc06cb1d,btc-2022,btc,bc1q4v7742j726cxtwqjuxtvmv8amanq9465hk9wn6,0.068,1579.18,SELF_FORWARD,1,1.0
2022-03-29,6c2c95938e4db51ec5a9637dcb5b92283182e6926476c001a1e3b02aa5c5091e,btc-2022,btc,1ALKQUJBnUmwUcfUPXgmCkqHoBn9xDZvuC,0.04224104,1990.49,VENDOR_REPEAT,2,0.009
2022-02-18,ce675c3e67aa84cc49f0caa7f20c889fb4145a212db3193e107c44108fe04661,btc-2022,btc,bc1qxt22ss8rssvqtvgke0hp8tamtmnrsntwlk8uf4,0.02567324,1040.17,SELF_FORWARD,230,1.0
2022-07-09,9f2599d92bc42e9924e5b87f6bf5f7a7bc13269c574ea7d270313f8bfd7eaa7c,btc-2022,btc,bc1qlzekqwcxx6wkm7mtjnctg46q3sxgufvfzejkmu,0.00022318,4.82,SELF_FORWARD,1,1.0
2022-07-09,9f2599d92bc42e9924e5b87f6bf5f7a7bc13269c574ea7d270313f8bfd7eaa7c,btc-2022,btc,bc1qxt22ss8rssvqtvgke0hp8tamtmnrsntwlk8uf4,0.048645,1050.48,SELF_FORWARD,230,1.0
2022-07-03,99b1518fa66943afe9681c699bd66c87c01ff0ba3d3fea65bdaf628597b68535,btc-2022,btc,bc1qxt22ss8rssvqtvgke0hp8tamtmnrsntwlk8uf4,0.05447186,1048.74,SELF_FORWARD,230,1.0
2022-05-21,014e15e2c4f70fa152b70acac838f1c1902c492a24d11053c7eb98457621a408,btc-2022,btc,bc1qxt22ss8rssvqtvgke0hp8tamtmnrsntwlk8uf4,0.03560759,1039.78,SELF_FORWARD,230,1.0
2022-05-10,5979c62cd91013f040be72fc3baf05f66ccf658ad55f435fa57c9500a6c371d2,btc-2022,btc,bc1ql932zr2qx6wrrpn7lwelsx6uumjj35jrld42q0,0.12794257,3847.77,VENDOR_REPEAT,6,0.033
2022-02-11,dc06e3fc49b587f1c70fdf59e8fa13a6658c5b647acf7bd65caf2e984e842f08,btc-2022,btc,bc1qpz88ffy50zp9ka2tlu7sftadu5mgmckwlp0yd2,0.00729417,317.26,FIXED_MERCHANT,4,0.419
2022-06-20,8cf0695384949003e6329bfb33fad31df02b03c99628bf5599bd9711273a4b72,btc-2022,btc,bc1qxt22ss8rssvqtvgke0hp8tamtmnrsntwlk8uf4,0.05072108,1043.54,SELF_FORWARD,230,1.0
2022-05-14,8385ed659cd75b7772c6178364f0a3f9b4747ceabaf3151757b20c24f58125e0,btc-2022,btc,1AoHrv3z67JfWbUGeALoYd3byafuQVcmRs,0.03652633,1069.75,MIXED_CUSTODIAL,85,0.944
2022-04-29,13c4bd05333d5fc30b0d43f11a1b2252db0944da610807e96a8b5f96394649ea,btc-2022,btc,bc1q7kzzyvf22a8r4r2wyjjtgr06e6gxkyerkvy3x4,0.05076237,2017.4,MIXED_CUSTODIAL,14,0.589
2022-04-19,47b4c702ecd92d6b9f21b6d6d4d71e283a7e44c035c70ef651c65f5521f50454,btc-2022,btc,1Bf1NyGP4gUiTS2BunrpDBkT8zAGFzPxCH,0.0009187,37.48,MIXED_CUSTODIAL,12,0.661
2022-12-12,1dd51ca7d17b69ef243b215a3103378b2a422e22c7c349309e78d8f41655f49c,btc-2022,btc,bc1qd0q7934l3zua7mwuds94ewnutpqv3wugplmytj,0.06459805,1103.66,SELF_FORWARD,1,1.0
2022-11-05,d4cfc92362e8b14ce2a3aeef40b8f74a70d6ff2f97bf25546bf1adaa95c11f5d,btc-2022,btc,bc1qawcl5hxezyda7vq7kjf9ekqx997kh4zfl95ldn,0.047,993.98,SELF_FORWARD,1,1.0
2022-05-20,bf8ed04cc957afddd3464f84dabbc4fdbceff9c8cc3ce53f470c19165f870899,btc-2022,btc,bc1ql932zr2qx6wrrpn7lwelsx6uumjj35jrld42q0,0.0385609,1169.14,VENDOR_REPEAT,6,0.033
2022-03-14,c7ecfa08bb20e7ca68dfee03798fdd4226fd8389416bfc01d345cefea508c905,btc-2022,btc,bc1q3edml75p6jlpe2ez3plyljnqyy6ae5g9zfej4a,0.00032577,12.31,SELF_FORWARD,1,1.0
2022-03-14,c7ecfa08bb20e7ca68dfee03798fdd4226fd8389416bfc01d345cefea508c905,btc-2022,btc,bc1q7kzzyvf22a8r4r2wyjjtgr06e6gxkyerkvy3x4,0.00257899,97.43,MIXED_CUSTODIAL,14,0.589
2022-03-09,541021130344f31789896d41862eb2211f11a8fe59c0ebbf663f4f848577d93c,btc-2022,btc,bc1qsa483rdk05ygmf50su2smp353xdu2jrrg59tn7,0.00237099,91.83,SELF_FORWARD,1,1.0
2022-03-09,541021130344f31789896d41862eb2211f11a8fe59c0ebbf663f4f848577d93c,btc-2022,btc,bc1qxn67j7qphcar68qp4lz87mmw7yat80wmh6jklh,0.00010962,4.25,SELF_FORWARD,1,1.0
2022-07-21,018e9910b619f5d555fe2dbb7fef1038db99a9f51318fb4f83bc5e57cae435e1,btc-2022,btc,1AoHrv3z67JfWbUGeALoYd3byafuQVcmRs,0.04713034,1094.52,MIXED_CUSTODIAL,85,0.944
2022-07-02,06ffab8083504f9451476eeb61a44620a0ae1b340ef22b61571ba4f6417dd17b,btc-2022,btc,bc1qxt22ss8rssvqtvgke0hp8tamtmnrsntwlk8uf4,0.01550489,298.93,SELF_FORWARD,230,1.0
2022-06-04,b70aaf22efbed5156089cc3e3863a408afffb605c936d5b99be291933a55c719,btc-2022,btc,bc1qxt22ss8rssvqtvgke0hp8tamtmnrsntwlk8uf4,0.03530626,1048.6,SELF_FORWARD,230,1.0
2022-05-07,2fb638307505afbda417bcd62c665fc2441c21586317f5183073d7618ac777ec,btc-2022,btc,1AoHrv3z67JfWbUGeALoYd3byafuQVcmRs,0.02926466,1053.93,MIXED_CUSTODIAL,85,0.944
2022-04-15,0a008714c3a4b5568f7c9e76c1d3303692c60658a08c568668504e1227857751,btc-2022,btc,bc1qxt22ss8rssvqtvgke0hp8tamtmnrsntwlk8uf4,0.02600436,1038.68,SELF_FORWARD,230,1.0
2022-11-21,f7421a4671efaf104369edbbd508beb870f47f16f1a641aed4ccbd9749250bb0,btc-2022,btc,bc1q9daa2r3nvy4j9tlygly9ejn4r3jacnec2ushvm,0.06910307,1124.96,SELF_FORWARD,1,1.0
2022-08-19,0a738a8ac703ff59d7c34cea46abbec78558df6eaa1e57f0ea250e770cfe3677,btc-2022,btc,1AoHrv3z67JfWbUGeALoYd3byafuQVcmRs,0.04817318,1117.21,MIXED_CUSTODIAL,85,0.944
2022-07-19,7cc8f5dd50de3300312a2101910e49bed5214373378ccc86e8248a901495974b,btc-2022,btc,bc1qpljm8vet9s23hglrrjg0tkplngr9aw4sj8646w,0.095,2131.1,SELF_FORWARD,1,1.0
2022-05-08,a3c7832dafd6d6c049b7d59fffdbb0d26f99dda2b1ceb9836e8eecf9347ba644,btc-2022,btc,1AoHrv3z67JfWbUGeALoYd3byafuQVcmRs,0.03067895,1088.26,MIXED_CUSTODIAL,85,0.944
2022-04-22,e31a908df89fdb99489c613c12ea9c85f8d03a768caf509134ecd76c1a6e319c,btc-2022,btc,bc1qxt22ss8rssvqtvgke0hp8tamtmnrsntwlk8uf4,0.02595259,1050.56,SELF_FORWARD,230,1.0
2022-04-20,b537ba7ba276f49b3081014415ad71e7579861286b6579d464313b431fb076f1,btc-2022,btc,bc1qxmud50pt7h58eu9m2y9y9rhf90y3je70ldp6nn,0.002,82.99,SELF_FORWARD,8,1.0
2022-04-20,b537ba7ba276f49b3081014415ad71e7579861286b6579d464313b431fb076f1,btc-2022,btc,bc1qy645hvan23k0yh0mttyluwxnf7jhs9x090n9az,4.523e-05,1.88,MIXED_CUSTODIAL,4,0.846
2022-03-14,be5b07e721d2a6d904c383980a1ddcd6c89ef69ad09ab6cf0385cd5dd36f3144,btc-2022,btc,bc1qu826r5nmltpa27e4v6w7lpf46x3m8lnnss9nt5,0.00453179,171.2,SELF_FORWARD,1,1.0
2022-03-11,1757955fba4174dbe61e80c5ddc2d8d73412ca897ccd0c7ccf8f8f2e39f40fae,btc-2022,btc,bc1q7kzzyvf22a8r4r2wyjjtgr06e6gxkyerkvy3x4,0.0025729,101.43,MIXED_CUSTODIAL,14,0.589
2022-03-11,1757955fba4174dbe61e80c5ddc2d8d73412ca897ccd0c7ccf8f8f2e39f40fae,btc-2022,btc,bc1qy4mdc9esczsplw5dfrlu5e2s9h2wdl8fyr47pg,0.00022545,8.89,SELF_FORWARD,1,1.0
2022-11-26,7e49a2e3cef89e214632f13e0a003662d5e30a6561e9a07a1a50ca2ff418e6a8,btc-2022,btc,bc1qa5w95jvrrvfplr8d6ewgvdxmpxl7h3qjlftkqj,0.06621387,1093.94,SELF_FORWARD,1,1.0
2022-10-11,5bb5d0b65c915b159a27370b3ee247c1997b0d709c9017a05076314dccd6a676,btc-2022,btc,1AoHrv3z67JfWbUGeALoYd3byafuQVcmRs,0.05747767,1099.66,MIXED_CUSTODIAL,85,0.944
2022-10-04,a4fe5c8a40109cc334f390226470695dc08671c13aea01baf909e06fcdfc18c0,btc-2022,btc,1AoHrv3z67JfWbUGeALoYd3byafuQVcmRs,0.05610204,1101.23,MIXED_CUSTODIAL,85,0.944
2022-09-22,53f7e11883fbc647e448f6ea9d05b0427b684a01b68a059fce65cc809596dbaa,btc-2022,btc,bc1qngaz5ujrrnje98a7ta07v6kx58muu8xzvdtgfq,0.059,1089.22,SELF_FORWARD,1,1.0
2022-07-09,ce7e277bfa23459545ef65e68be0f4f73b20d82ad79e6714a22905843873334b,btc-2022,btc,1AoHrv3z67JfWbUGeALoYd3byafuQVcmRs,0.050962,1100.51,MIXED_CUSTODIAL,85,0.944
2022-07-09,ce7e277bfa23459545ef65e68be0f4f73b20d82ad79e6714a22905843873334b,btc-2022,btc,bc1qkr6hlqk26cpep4mzuq0qttddr9g96g9jzdy63q,0.00063304,13.67,SELF_FORWARD,1,1.0
2022-05-31,e03ae2d1133b9d4ad971954edfa5c9513cfd725b81112edc72a236b8e56882eb,btc-2022,btc,3JUim9X3sgUXdPBQteAgDYAaPmKVQUGUvr,0.12215645,3876.54,MIXED_CUSTODIAL,1,0.64
2022-04-20,959bffa737e947e38621a23b5c831fd08df7ba9d6064c0271a435d48947151d2,btc-2022,btc,bc1qxt22ss8rssvqtvgke0hp8tamtmnrsntwlk8uf4,0.02532025,1050.62,SELF_FORWARD,230,1.0
2022-03-02,48685c61fd26916de2aea0cfe9dfa1f05faef0a6286bd4f135fe4bb431ff929c,btc-2022,btc,bc1qxt22ss8rssvqtvgke0hp8tamtmnrsntwlk8uf4,0.0238518,1059.53,SELF_FORWARD,230,1.0
2022-06-30,776c7f38ca129cd9fb35e21223081f2a884ee710a66fdf6f6b724ebb0c81e4a8,btc-2022,btc,bc1qxt22ss8rssvqtvgke0hp8tamtmnrsntwlk8uf4,0.05538544,1114.52,SELF_FORWARD,230,1.0
2022-02-24,993e9b63c06e1926ca0e90085719e32517345f03a33b235a6cc5e20c89e5d5b4,btc-2022,btc,1PMLXowhFyWjTLpn2Gd1ZJGhaTB9GBZFzt,0.000855,31.85,VENDOR_ONCE,1,0.003
2023-01-05,7511a7ddca01cf32f172d9a413b177e076ce6d0d64696fbdf3b0d0d82c27cb46,btc-2022,btc,bc1q5st6llmzk83n5u5gsx47fjkyt8a9zryy4fw0y2,0.17849497,3007.7,VENDOR_REPEAT,3,0.268
2023-01-01,4c569cee02ede1753bfe5bea17648f8a5fa2fc12cc5da981e0f3ba0d1ef239f7,btc-2022,btc,3MP5aQ9Fq7jzUALAm4tC9ZCNXnYbxfx8Fu,0.09347763,1546.29,SELF_FORWARD,12,1.0
2022-12-31,7df767e47624e9340ba04509ef46271a572a937308c7f7753161a533867ddd10,btc-2022,btc,bc1qjpqeyrxhn007suvss9pwz83c3y27lfr8v0u3v0,0.06637471,1102.32,SELF_FORWARD,1,1.0
2022-12-17,c27f659afefe46eaee48257b4bd654f25327ea2d8290516f38059c82c7daf857,btc-2022,btc,bc1qsptym8z4sl77mugtw7k225ge04syz7zkhly4w8,0.12,1995.78,SELF_FORWARD,1,1.0
2022-11-08,cff222c392273614d26d7613216a79be82693b96da4e56831b82b951b207675d,btc-2022,btc,bc1q9fyld0rrwe83eqqa6ah24wj5snxmadw6wt2kkz,0.085,1750.21,SELF_FORWARD,1,1.0
2022-10-01,2996c4352e98135c7afb41c034a4c0ebd7f3ad932371c131a7d175240aa8a87b,btc-2022,btc,bc1qxt22ss8rssvqtvgke0hp8tamtmnrsntwlk8uf4,0.05431819,1055.0,SELF_FORWARD,230,1.0
2022-11-04,7a7f985507e989092b48ef269d2076a9eb544da241c85e3d17129a6a883e4b8f,btc-2022,btc,bc1qxt22ss8rssvqtvgke0hp8tamtmnrsntwlk8uf4,0.01536622,310.51,SELF_FORWARD,230,1.0
2022-02-25,252ad38b48f98cb8f541c9e85796460bb8aa402ac13bb32ccec57917ea5f4e6b,btc-2022,btc,3Lcetp5aiwDR2kEDu79WdrfbWMFUuJ8YfP,0.0146,559.6,VENDOR_ONCE,1,0.106
2022-07-15,632a3574a35d3be9c17a61c8e54f3ff2184534c9f0338e02275e4ea004ac5d94,btc-2022,btc,bc1qn4kk06zv6c6dqc0p5l8475a6yf3jkw04ht6ppe,0.04845075,997.54,VENDOR_ONCE,1,0.281
2022-06-16,0cea0e836d5deaf0b553fa7ea28123cbae8e454b3f0af8a99e4e20762a25ad01,btc-2022,btc,bc1qxt22ss8rssvqtvgke0hp8tamtmnrsntwlk8uf4,0.05008109,1131.02,SELF_FORWARD,230,1.0
2022-04-25,fc622a84c14824705428b0c788b50b0fde31018b4bef40b8c6e2c7a4ac4d0c66,btc-2022,btc,bc1qxt22ss8rssvqtvgke0hp8tamtmnrsntwlk8uf4,0.00795338,313.76,SELF_FORWARD,230,1.0
2022-04-19,3b575976ca4701215e7fd4933b81c92367ea802c1867d2938586b064952e725d,btc-2022,btc,1Bf1NyGP4gUiTS2BunrpDBkT8zAGFzPxCH,0.00192985,78.74,MIXED_CUSTODIAL,12,0.661
2022-04-18,17857526ee64aa4e3e7b94ef691c815fbead49d4514d8a681daca55f7a785740,btc-2022,btc,bc1qxt22ss8rssvqtvgke0hp8tamtmnrsntwlk8uf4,0.00782315,310.41,SELF_FORWARD,230,1.0
2022-04-18,386901a1dfc02510b45f41cf925f3ad0a4bc7a2a9635dc9c43f59e44b5cffb3f,btc-2022,btc,1AoHrv3z67JfWbUGeALoYd3byafuQVcmRs,0.01490952,591.58,MIXED_CUSTODIAL,85,0.944
2022-04-01,74d04f51f367aca6465279fc5c5b3fab3c9619f4854afae4156aac4267d0de99,btc-2022,btc,bc1qxt22ss8rssvqtvgke0hp8tamtmnrsntwlk8uf4,0.02271759,1033.89,SELF_FORWARD,230,1.0
2022-03-31,077debffc71085e0eea0ed9f6d2fd8ace5104223c8ea8556f2af7e1a49374aff,btc-2022,btc,bc1qxt22ss8rssvqtvgke0hp8tamtmnrsntwlk8uf4,0.02225289,1047.4,SELF_FORWARD,230,1.0
2022-03-30,926313688f232cc4264324c9b138ab52c3d57052ab9a75a62c9868a27ad1281e,btc-2022,btc,bc1qxt22ss8rssvqtvgke0hp8tamtmnrsntwlk8uf4,0.02238474,1061.82,SELF_FORWARD,230,1.0
2022-03-29,6c0d4f32b95f1fd5682779e118cd38a10f47fb1c29304edac807e3fbe4852c5a,btc-2022,btc,bc1qxt22ss8rssvqtvgke0hp8tamtmnrsntwlk8uf4,0.02204781,1038.94,SELF_FORWARD,230,1.0
2022-03-27,84857abae76c92815650dd7a84c3046301bd79a3d61fd76a8fb9a6dee24928cd,btc-2022,btc,bc1qxt22ss8rssvqtvgke0hp8tamtmnrsntwlk8uf4,0.02341817,1042.37,SELF_FORWARD,230,1.0
2022-03-26,b38a0b789e93f350e6d6b53457c64d3a7efcbbba44a77d1d688139c33a700585,btc-2022,btc,bc1qxt22ss8rssvqtvgke0hp8tamtmnrsntwlk8uf4,0.02369388,1049.95,SELF_FORWARD,230,1.0
2022-03-24,02c43136e4b98f5b488d3fce58700ec9ef9c600a80b758bfea9f603109dc31a5,btc-2022,btc,bc1qxt22ss8rssvqtvgke0hp8tamtmnrsntwlk8uf4,0.02448818,1050.12,SELF_FORWARD,230,1.0
2022-03-23,c2de176275dc7291a08d557b0a248f618e195d71bc14b1cedb926fbff53c82a0,btc-2022,btc,bc1qxt22ss8rssvqtvgke0hp8tamtmnrsntwlk8uf4,0.02490697,1055.16,SELF_FORWARD,230,1.0
2022-03-21,b09c8202b51515cd6fdab8f1a35554a0a0ca0de068b88d1abb20a10f580f77a0,btc-2022,btc,bc1qxt22ss8rssvqtvgke0hp8tamtmnrsntwlk8uf4,0.00849149,350.38,SELF_FORWARD,230,1.0
2022-03-20,d27ed123f2fbbc5ab2d854f299b898952b07f2a7ac75d6e58c3c0cfe55b59a14,btc-2022,btc,bc1qxt22ss8rssvqtvgke0hp8tamtmnrsntwlk8uf4,0.00851144,359.19,SELF_FORWARD,230,1.0
2022-03-18,3c6da55ebe2b83b914d33e504a4003eabc93f775f9b2310c7b07c7dd2ccf593b,btc-2022,btc,bc1q7kzzyvf22a8r4r2wyjjtgr06e6gxkyerkvy3x4,0.01227102,502.1,MIXED_CUSTODIAL,14,0.589
2022-03-17,9061361438aa3174929d28a2b85ef84474bafbdecb83fb3dd5f8751cba3b6ccc,btc-2022,btc,bc1q7kzzyvf22a8r4r2wyjjtgr06e6gxkyerkvy3x4,0.01217693,500.64,MIXED_CUSTODIAL,14,0.589
2022-03-15,799f2c1abd789a7d2ad8be9528ec385b1e03f928616aa73e6bfe09102ceac2d3,btc-2022,btc,bc1qxt22ss8rssvqtvgke0hp8tamtmnrsntwlk8uf4,0.02654962,1053.26,SELF_FORWARD,230,1.0
2022-03-13,2e88bf308f5eff2bffe162aa9f8b0866b8ea0efc9b4d92066d63bc57736e0dd5,btc-2022,btc,bc1qxt22ss8rssvqtvgke0hp8tamtmnrsntwlk8uf4,0.02710776,1051.98,SELF_FORWARD,230,1.0
2022-03-08,26ee02cd34d6b06b5dc86e11c915b885f151e02d2d4a1655b25dc08f34fd0846,btc-2022,btc,bc1qxt22ss8rssvqtvgke0hp8tamtmnrsntwlk8uf4,0.02619442,995.07,SELF_FORWARD,230,1.0
2022-03-06,5ff1f0d5a96bf463d81dce42eeb1a78ba34c28018a453b269a62ec44c6388855,btc-2022,btc,bc1qxt22ss8rssvqtvgke0hp8tamtmnrsntwlk8uf4,0.00830597,327.24,SELF_FORWARD,230,1.0
2022-03-02,e72847942a19c45f0dc3583d009cd24bf9092003ade62f63b77b8f86018d32b9,btc-2022,btc,bc1qxt22ss8rssvqtvgke0hp8tamtmnrsntwlk8uf4,0.01132443,503.04,SELF_FORWARD,230,1.0
2022-03-01,2c6f0f39e5fb25f0c969b6f7f85f739bbecc0ecb3832771142dfe6579188202a,btc-2022,btc,bc1qxt22ss8rssvqtvgke0hp8tamtmnrsntwlk8uf4,0.00735437,317.41,SELF_FORWARD,230,1.0
2022-02-27,7f8ea47868ff097600b1c8e9e3ce774b74d529b72974974782f23c5179d0be14,btc-2022,btc,bc1qxt22ss8rssvqtvgke0hp8tamtmnrsntwlk8uf4,0.02683469,1049.69,SELF_FORWARD,230,1.0
2022-02-25,d164c5392adcb12f9d926ae0e6c53e896ecc38345536d147c896bc471cf6fd25,btc-2022,btc,37cheDAyPamvW12dQ72atoGY1FH2yuzHCv,0.00774332,296.79,VENDOR_ONCE,1,0.039
2022-02-24,3a45d80da5191548e6f5f0b79783bf3690edf3b99ea7f07b03bbcc0e427644c2,btc-2022,btc,bc1qxt22ss8rssvqtvgke0hp8tamtmnrsntwlk8uf4,0.02816851,1049.28,SELF_FORWARD,230,1.0
2022-02-19,84521f4b18dd46abccc9c43b1c69f89f65fc575fa3c8acd20f622b702245c2b9,btc-2022,btc,bc1qxt22ss8rssvqtvgke0hp8tamtmnrsntwlk8uf4,0.02615795,1045.65,SELF_FORWARD,230,1.0
2022-02-17,899c0895c0d59e503aa47082d61a16f6ecc72a8ec955c9350478f91f9018e3b8,btc-2022,btc,bc1qxt22ss8rssvqtvgke0hp8tamtmnrsntwlk8uf4,0.0073988,324.61,SELF_FORWARD,230,1.0
2022-02-15,842de7217f2c86f706aad3cc661305654b7beddc7c4d0f93db872e5f940b4036,btc-2022,btc,bc1qxt22ss8rssvqtvgke0hp8tamtmnrsntwlk8uf4,0.01357564,577.45,SELF_FORWARD,230,1.0
2022-11-18,2aa00c4191e56a746b440f4e5395aa5389fd7c07d40cbee2ffe4fa5992a49d27,btc-2022,btc,bc1qj8yh2svcnf5yhyymxeak93dxanle6e9m795jy0,0.06569205,1096.57,SELF_FORWARD,1,1.0
2022-11-15,0f27484fad64e62b53231f47bb73fda2b5f98bd52d52fc60daf365f756522fca,btc-2022,btc,bc1q76gcx2fz6xp6pr46wtyuw0uhzjtshf2uj0peqh,0.05,830.89,SELF_FORWARD,1,1.0
2022-11-10,6beee287d9241d38b6398b1401acb465ccde11207b6b806268cfb3f6103d4f90,btc-2022,btc,bc1qrt4wd76t597zfrx2vjrzrvlydp4rurhwk0z8d6,0.035,557.29,SELF_FORWARD,1,1.0
2022-11-04,611f208be3f6d0c0bd444f19f9de96afb11fa2ad0f6f993ec5ef4b0d4e15591b,btc-2022,btc,bc1qs7tpfhzgp0vu5srxaxnsyh288eyu4k74w9afkk,0.05271607,1065.24,SELF_FORWARD,1,1.0
2022-08-21,8053b714d18592e42f9788bb023516dc3e2b0208f84169cd493d4ef65dceacf1,btc-2022,btc,bc1q4l0x4zhgsefvrwtma7w02dqme2q8pu7hlx6937,0.145,3065.31,SELF_FORWARD,1,1.0
2022-04-03,a1a150e4e1cc8a0c91881211f0f1292ff24a085d0350cebf58a8486d0689de97,btc-2022,btc,bc1q7yq6lhtnvt6qpa5cdg8s3p4wcds9v6ntmqrxcr,0.00645156,295.55,VENDOR_ONCE,1,0.045
2022-03-24,baac581308acd6db971f65b86a925bba60e866cfec2f1337a04cf8ce725dfafa,btc-2022,btc,bc1q7kzzyvf22a8r4r2wyjjtgr06e6gxkyerkvy3x4,0.02273777,975.06,MIXED_CUSTODIAL,14,0.589
2022-03-15,36185f832ead084d34dfcbd529777a4e39842dce6b5dc92cc1c454b397cbb8bb,btc-2022,btc,bc1q7kzzyvf22a8r4r2wyjjtgr06e6gxkyerkvy3x4,0.00508758,201.83,MIXED_CUSTODIAL,14,0.589
2022-07-20,7ce79807469fe2c49fedff902e9b7e1f0cd7d82ac6b66d9c66233639ee1667f1,btc-2022,btc,bc1qxt22ss8rssvqtvgke0hp8tamtmnrsntwlk8uf4,0.04498805,1052.65,SELF_FORWARD,230,1.0
2022-07-10,c8db09c3aa6fd4a5a724338f60ddc7b949a9854a16d2e2806a8f00ed01a30f64,btc-2022,btc,bc1qnzhrljqpz7zvqtlflrd7w3cs4ahrrdehuj2efe,0.14,3022.9,SELF_FORWARD,1,1.0
2022-06-12,85097e00e77303d8e8714235a8ea8eb9c8f265f6c6845e2d19a5f2b935802e96,btc-2022,btc,bc1qxt22ss8rssvqtvgke0hp8tamtmnrsntwlk8uf4,0.03747394,1065.19,SELF_FORWARD,230,1.0
2022-05-21,fe0adbd816d79ab74c835c80ac089908350af21a751d7e38066063a42117df3b,btc-2022,btc,1AoHrv3z67JfWbUGeALoYd3byafuQVcmRs,0.0355971,1039.47,MIXED_CUSTODIAL,85,0.944
2022-05-11,83085de134605464c71e6d784fe8e54ba75757a685ef847d38f6e0057af1156e,btc-2022,btc,1AoHrv3z67JfWbUGeALoYd3byafuQVcmRs,0.03504377,1086.96,MIXED_CUSTODIAL,85,0.944
2022-04-26,2ade7bd449bbba12057611357900da504841096f7da59694cf54b2ef1dde3a4c,btc-2022,btc,bc1qxt22ss8rssvqtvgke0hp8tamtmnrsntwlk8uf4,0.02744,1109.29,SELF_FORWARD,230,1.0
2022-04-26,2ade7bd449bbba12057611357900da504841096f7da59694cf54b2ef1dde3a4c,btc-2022,btc,1AoHrv3z67JfWbUGeALoYd3byafuQVcmRs,0.02744,1109.29,MIXED_CUSTODIAL,85,0.944
2022-04-23,8747232ca9c1cd3d4eabe1f81d8c91569f15f095b3d6eaaaf0715309e62ea56a,btc-2022,btc,3MP5aQ9Fq7jzUALAm4tC9ZCNXnYbxfx8Fu,0.02567579,1019.56,SELF_FORWARD,12,1.0
2022-04-10,be39d48c22ace46ff527b980155dc9425c2e80b776699a6a15d69ddefca6aa8d,btc-2022,btc,bc1q7kzzyvf22a8r4r2wyjjtgr06e6gxkyerkvy3x4,0.01157908,495.05,MIXED_CUSTODIAL,14,0.589
2022-03-17,a683d3a3ae8018bd03fc65946fd7687a0a2f36f56cf2e0a7d8656985681d47e3,btc-2022,btc,bc1qxt22ss8rssvqtvgke0hp8tamtmnrsntwlk8uf4,0.02571842,1057.39,SELF_FORWARD,230,1.0
2022-03-15,62588136b81c8713675de4a99302e637d1cce3397070e03b41e99f288c0d532d,btc-2022,btc,bc1qxt22ss8rssvqtvgke0hp8tamtmnrsntwlk8uf4,0.0267623,1061.7,SELF_FORWARD,230,1.0
2022-02-18,2bfc72451ff9cc57baacec033a9cd322cf005c73f3780ac39e9af13823d5b193,btc-2022,btc,bc1qxt22ss8rssvqtvgke0hp8tamtmnrsntwlk8uf4,0.00744604,301.68,SELF_FORWARD,230,1.0
2022-02-03,8a2d226520ab399af1f8222f66295ff3abaf7ad59988865682724923eb38c009,btc-2022,btc,124m6GJNsYv8Kji8hXssqrdFnJFLLxBveD,0.00479877,177.06,MIXED_CUSTODIAL,12,0.671
2022-11-05,1e5727463d85fbb22c4ba5c6fd1556d33917111bf374efb8bfa1e6b5e5a9b0b4,btc-2022,btc,bc1qxt22ss8rssvqtvgke0hp8tamtmnrsntwlk8uf4,0.01503445,317.96,SELF_FORWARD,230,1.0
2022-09-13,55dece5f6ceeb312cbab6bd6d7f25263de5e23c53eec3fe87360dc6dfc4759f8,btc-2022,btc,bc1qlyeg2qzts5zpkrhlg9c69fuaejc203v3pdku02,0.1,2239.54,SELF_FORWARD,1,1.0
2022-10-25,59b79a8902a266c11ae4ce3a52287d9393b7f9405c4552e06082afe1124e8814,btc-2022,btc,bc1qcx0xp2dr3pjhayad6dpek5deqxahs44j6fwgxz,0.06,1159.84,SELF_FORWARD,1,1.0
2022-09-17,83eb71e42a5ed62a3bdac47940e585988e45b3bb13b5c54857df76b9b6f787d8,btc-2022,btc,bc1qxt22ss8rssvqtvgke0hp8tamtmnrsntwlk8uf4,0.05263724,1042.39,SELF_FORWARD,230,1.0
2022-06-30,6e457ef171f438ef46e893bfc793c7b7b5ee065c3e79315d40e18489ed3dcd21,btc-2022,btc,1AoHrv3z67JfWbUGeALoYd3byafuQVcmRs,0.05337462,1074.06,MIXED_CUSTODIAL,85,0.944
2022-06-25,fa85cd6b0adb7128c6f3baffd0e369130c1390e5c17fc296e52fd8344db1077e,btc-2022,btc,1AoHrv3z67JfWbUGeALoYd3byafuQVcmRs,0.05413729,1149.75,MIXED_CUSTODIAL,85,0.944
2022-05-25,a965f09b2c29fb502fdfa55da7d5c1be273d32eeb13434aa2fda87cf74938fef,btc-2022,btc,1AoHrv3z67JfWbUGeALoYd3byafuQVcmRs,0.03523546,1044.89,MIXED_CUSTODIAL,85,0.944
2022-05-19,08ec323f5cf827ff296e4e12463b71f938adeeb8de6a611649d0f3942eddd176,btc-2022,btc,bc1qxt22ss8rssvqtvgke0hp8tamtmnrsntwlk8uf4,0.03613531,1037.64,SELF_FORWARD,230,1.0
2022-04-30,67ebf5cda15b599c29bfd688975fd93006e71848498bd7b99b461330aa27449a,btc-2022,btc,bc1qxt22ss8rssvqtvgke0hp8tamtmnrsntwlk8uf4,0.027,1042.09,SELF_FORWARD,230,1.0
2022-04-30,67ebf5cda15b599c29bfd688975fd93006e71848498bd7b99b461330aa27449a,btc-2022,btc,1AoHrv3z67JfWbUGeALoYd3byafuQVcmRs,0.027,1042.09,MIXED_CUSTODIAL,85,0.944
2022-04-19,05235b26e8e72d4452630c953c424399db5695c4e6ab4d1567601e26f6812f2b,btc-2022,btc,1Bf1NyGP4gUiTS2BunrpDBkT8zAGFzPxCH,0.00034596,14.12,MIXED_CUSTODIAL,12,0.661
2022-04-19,05235b26e8e72d4452630c953c424399db5695c4e6ab4d1567601e26f6812f2b,btc-2022,btc,bc1qy645hvan23k0yh0mttyluwxnf7jhs9x090n9az,0.00085783,35.0,MIXED_CUSTODIAL,4,0.846
2022-03-13,029006a29019667e85fe6abbcf7b1b320ea51d5a970ec861512f9106d7f5ae77,btc-2022,btc,bc1qxt22ss8rssvqtvgke0hp8tamtmnrsntwlk8uf4,0.02678949,1039.63,SELF_FORWARD,230,1.0
2022-03-09,aa24d1feeca29ae026782ed4c7d41e0bc1f63a32ba8cec354b8191e62dcdefeb,btc-2022,btc,bc1qxt22ss8rssvqtvgke0hp8tamtmnrsntwlk8uf4,0.02510448,972.31,SELF_FORWARD,230,1.0
2022-05-17,e1d98b880d540627c05c33bdc7929075e3841534e968d960aaa9804650339a59,btc-2022,btc,1AoHrv3z67JfWbUGeALoYd3byafuQVcmRs,0.03491134,1042.94,MIXED_CUSTODIAL,85,0.944
2022-04-16,0b1540cd00fe1344690fa84d93803fc4dad972027eb9b00353b6733cc51fcbe5,btc-2022,btc,1AoHrv3z67JfWbUGeALoYd3byafuQVcmRs,0.01244146,504.52,MIXED_CUSTODIAL,85,0.944
2022-04-12,063e31b0032f7a1484c4b49e2e371744c4a6e4404008bdeb78d6ade489e11b56,btc-2022,btc,1AoHrv3z67JfWbUGeALoYd3byafuQVcmRs,0.0123234,487.15,MIXED_CUSTODIAL,85,0.944
2022-08-31,2c9dce87fb6c4604fd35b88bf27da2d47d32b896ed7dc2561015b476e85238ba,btc-2022,btc,bc1qvxlnv8gd8wjj02f6ugxrd790l327glu364ksu0,0.1482887,2938.05,VENDOR_ONCE,1,0.004
2022-12-29,6a66588b03d0c0f002026c53438540307f2d6de40b4319c2c119cceaf5c62265,btc-2022,btc,3MP5aQ9Fq7jzUALAm4tC9ZCNXnYbxfx8Fu,0.09355046,1548.01,SELF_FORWARD,12,1.0
2022-06-02,c1f1de1d9cef032aa72e99d0a2dcf50699e2405d6d6a3dd1dc4e4816a9e392b7,btc-2022,btc,bc1qxt22ss8rssvqtvgke0hp8tamtmnrsntwlk8uf4,0.03478977,1036.94,SELF_FORWARD,230,1.0
2022-06-01,df8aba49f1d91c825c55b9e180f4200dea8f79e99202ee1ebf83cfaecdff5dda,btc-2022,btc,bc1qxt22ss8rssvqtvgke0hp8tamtmnrsntwlk8uf4,0.01142702,363.39,SELF_FORWARD,230,1.0
2022-09-20,6f842c8a9bb09fc535961113aa7bdf66279afe0eadeee7716cb437d5cdf7de5b,btc-2022,btc,bc1qd3gfelnnrzqmkedxuce45l59tm27pgr2zf8yd8,0.06,1172.22,SELF_FORWARD,1,1.0
2022-07-28,fa1dbb5aff51893c236c5254a1223c09c47218d2b670e85a6948783e87a8f6ad,btc-2022,btc,1AoHrv3z67JfWbUGeALoYd3byafuQVcmRs,0.0461849,1060.14,MIXED_CUSTODIAL,85,0.944
2022-04-20,fb2e91012b1c530a9fd5054def9c8ec264f8e882e58d6fa9c70479d98661e21f,btc-2022,btc,bc1qxmud50pt7h58eu9m2y9y9rhf90y3je70ldp6nn,9.577e-05,3.97,SELF_FORWARD,8,1.0
2022-04-20,fb2e91012b1c530a9fd5054def9c8ec264f8e882e58d6fa9c70479d98661e21f,btc-2022,btc,bc1qxmud50pt7h58eu9m2y9y9rhf90y3je70ldp6nn,0.00030381,12.61,SELF_FORWARD,8,1.0
2022-04-20,fb2e91012b1c530a9fd5054def9c8ec264f8e882e58d6fa9c70479d98661e21f,btc-2022,btc,bc1qxmud50pt7h58eu9m2y9y9rhf90y3je70ldp6nn,0.0003639,15.1,SELF_FORWARD,8,1.0
2022-04-20,fb2e91012b1c530a9fd5054def9c8ec264f8e882e58d6fa9c70479d98661e21f,btc-2022,btc,bc1qxmud50pt7h58eu9m2y9y9rhf90y3je70ldp6nn,0.00047643,19.77,SELF_FORWARD,8,1.0
2022-04-20,fb2e91012b1c530a9fd5054def9c8ec264f8e882e58d6fa9c70479d98661e21f,btc-2022,btc,bc1qxmud50pt7h58eu9m2y9y9rhf90y3je70ldp6nn,0.00033713,13.99,SELF_FORWARD,8,1.0
2022-04-20,fb2e91012b1c530a9fd5054def9c8ec264f8e882e58d6fa9c70479d98661e21f,btc-2022,btc,bc1qxmud50pt7h58eu9m2y9y9rhf90y3je70ldp6nn,0.00011756,4.88,SELF_FORWARD,8,1.0
2022-04-20,fb2e91012b1c530a9fd5054def9c8ec264f8e882e58d6fa9c70479d98661e21f,btc-2022,btc,bc1qxmud50pt7h58eu9m2y9y9rhf90y3je70ldp6nn,0.0003054,12.67,SELF_FORWARD,8,1.0
2022-04-20,fb2e91012b1c530a9fd5054def9c8ec264f8e882e58d6fa9c70479d98661e21f,btc-2022,btc,bc1qy645hvan23k0yh0mttyluwxnf7jhs9x090n9az,0.00017376,7.21,MIXED_CUSTODIAL,4,0.846
2022-11-27,060f696314a99d359ed57b60bb60eb8df9fec44a04d1ede2ae38cf66a4d7aea1,btc-2022,btc,bc1qc4aq98pvx7galhjgwucelxstnef6u3qu6stq0t,0.132,2172.4,SELF_FORWARD,1,1.0
2022-10-20,fb8447bdcda8bcb934b0f48b8b3d63890e1fade38183f985b0822cdf8ef298bd,btc-2022,btc,1AoHrv3z67JfWbUGeALoYd3byafuQVcmRs,0.057762,1104.6,MIXED_CUSTODIAL,85,0.944
2022-07-26,0d3459226d2dad8fb904a7f9e09111d9e88887ba5a80a90d4ea53dabbd99cbab,btc-2022,btc,bc1qypdgrycws8peepauqc3fwla9u9rn7qnk8hjce9,0.045,958.99,SELF_FORWARD,1,1.0
2022-07-24,e66c469684a56ea79cfff9824dfe8ae01648e481ddb0f891104f2897156e1021,btc-2022,btc,1AoHrv3z67JfWbUGeALoYd3byafuQVcmRs,0.04832202,1084.76,MIXED_CUSTODIAL,85,0.944
2022-06-20,e9d8b69fcd5a4dc2990a23a0ab66df4ce9f3eb4f7b6d4e2285480e34403095d1,btc-2022,btc,bc1q5a9cxu7nwhaepqkzpwnuf2g3jz0hjxt7z69q0v,0.01034209,212.78,VENDOR_REPEAT,2,0.153
2022-05-02,75f8f336fb69041a64d5ec929274389c962fdf05261f204751c225307d7f5bac,btc-2022,btc,bc1qxt22ss8rssvqtvgke0hp8tamtmnrsntwlk8uf4,0.0271,1042.49,SELF_FORWARD,230,1.0
2022-05-02,75f8f336fb69041a64d5ec929274389c962fdf05261f204751c225307d7f5bac,btc-2022,btc,1AoHrv3z67JfWbUGeALoYd3byafuQVcmRs,0.0271,1042.49,MIXED_CUSTODIAL,85,0.944
2022-03-11,42503fd1c2e6e08ba28065f262f7943f0cc801ac54b6ad9ac6aa0a570ba14ba0,btc-2022,btc,bc1qxt22ss8rssvqtvgke0hp8tamtmnrsntwlk8uf4,0.02712239,1069.22,SELF_FORWARD,230,1.0
2022-07-13,f54c969281c512ee674a6139926a4c8ab09b71fb4fe43be44bafd241026b3df7,btc-2022,btc,1AoHrv3z67JfWbUGeALoYd3byafuQVcmRs,0.05634667,1089.25,MIXED_CUSTODIAL,85,0.944
2022-09-19,983b4a3d1e5a68cd467b13ff9ba15ef1c8a8d20fe8e4e33d81ed41a92e9236be,btc-2022,btc,bc1qlcq9gedlvz3w6dcvx2dwqvl3hcsyjlgd3yjlzg,0.06,1165.05,SELF_FORWARD,1,1.0
2022-09-17,b74cdbc8544b5fd4821d33072202805c84c540d4d5a24392dbd59203be0b2638,btc-2022,btc,bc1qnyf5arn2efe0msaa8me2p6zwmekyrfkq3esw5z,0.07,1386.23,SELF_FORWARD,1,1.0
2022-09-10,14a43c6e15b7a3186be11db2fa681fe067d23c1c85e9073de04270345fbd9d87,btc-2022,btc,bc1qxt22ss8rssvqtvgke0hp8tamtmnrsntwlk8uf4,0.14518914,3101.48,SELF_FORWARD,230,1.0
2022-09-03,0fe4ecde8fb39624119a7597ca8ea9fc530a8e45fa65a4a7dd57f5315661fa30,btc-2022,btc,bc1qxt22ss8rssvqtvgke0hp8tamtmnrsntwlk8uf4,0.0529389,1056.18,SELF_FORWARD,230,1.0
2022-08-23,43d07d0db466b35bfbac634f22163559c7904f7cb631349fa0a548cecdfbfac8,btc-2022,btc,1AoHrv3z67JfWbUGeALoYd3byafuQVcmRs,0.05126968,1097.21,MIXED_CUSTODIAL,85,0.944
2022-08-02,c313d0d463efe52fac6879a23e0550a2da5bd9b7617352ee72cd34cd24260061,btc-2022,btc,bc1qxt22ss8rssvqtvgke0hp8tamtmnrsntwlk8uf4,0.04530219,1054.04,SELF_FORWARD,230,1.0
2022-06-27,e26dc9235bd00e14fa6b9bdd7a4ffe18e964ae82b78f3d443adf42432ea40460,btc-2022,btc,bc1qxt22ss8rssvqtvgke0hp8tamtmnrsntwlk8uf4,0.0153592,323.13,SELF_FORWARD,230,1.0
2023-01-07,f4d930a095d0b33493211b50a67bb088cbc0602c50702c9ad0be966d3275dab1,btc-2022,btc,bc1qyy6qk5fukxjcydnfanztnuzwaacrp67hrdl3k4,0.06555743,1111.22,SELF_FORWARD,1,1.0
2022-11-15,cd787cbaa9a9a5c93b26456997d7bc4b7b779e7450886254eec7ef3c2c25e2f2,btc-2022,btc,bc1qxt22ss8rssvqtvgke0hp8tamtmnrsntwlk8uf4,0.01896033,315.08,SELF_FORWARD,230,1.0
2022-10-06,ee794c3f0805301fbccc7cc4c5e795c594e7f9293b20d1a0ca257c8500128215,btc-2022,btc,bc1qhe2j3hx8e6d5l6aunudyhahz2q6973j5telkck,0.06,1209.5,SELF_FORWARD,1,1.0
2022-09-15,60c5012548d010bb9b6b2383637ce427437ba90ed8120f8287c9b425e7c9fb84,btc-2022,btc,bc1qxt22ss8rssvqtvgke0hp8tamtmnrsntwlk8uf4,0.05295458,1071.12,SELF_FORWARD,230,1.0
2022-06-28,ad584d7527d71be25102a98903f64378b26476e8918ef4da11e3da7166fbb123,btc-2022,btc,1AoHrv3z67JfWbUGeALoYd3byafuQVcmRs,0.03417578,708.89,MIXED_CUSTODIAL,85,0.944
2022-02-23,cb302668d1575a8bc6aa148a1dd6e01d6dbd467eaf2fbcdb1eaae92290d17281,btc-2022,btc,bc1ql9j30z2vy6tgc87smt2zkp8wvxyxfys7c6a3h7,0.00053041,20.28,SELF_FORWARD,1,1.0
2022-12-17,0cf9fcf1fe3c83908db7e274fa73683a872425077211686ce6a76074a8a1edb4,btc-2022,btc,bc1qwth60ex3dew57u67k4zygrfutuwjwr0678tmky,0.06589153,1095.87,SELF_FORWARD,1,1.0
2022-04-19,418f71b6b7560f5a67940d9399146df9f87a22b43279e668cac65d46367f0daa,btc-2022,btc,1Bf1NyGP4gUiTS2BunrpDBkT8zAGFzPxCH,0.00043791,17.87,MIXED_CUSTODIAL,12,0.661
2022-05-10,91f3286296e942c27c4e7a983b91bdbde59297a472d4a9782df448f20300a2fa,btc-2022,btc,bc1qxt22ss8rssvqtvgke0hp8tamtmnrsntwlk8uf4,0.03350739,1007.71,SELF_FORWARD,230,1.0
2022-12-10,64b6e9a02b73bceccf22b7a66d558bcb23d29eb6020eb362e88ccdb0f3b23c00,btc-2022,btc,bc1qw9gpmhem02n945p5e4d3vnulm4w2f4332c6a78,0.165,2826.21,SELF_FORWARD,1,1.0
2022-11-15,80b082a3a6cbc15038b61302d0e144dd1050d968c12f5a40fada83e4bae8ba73,btc-2022,btc,bc1q200fe9k5qxpglzxdmemktlmntqrt5qmwfscjpx,0.0651801,1083.14,SELF_FORWARD,1,1.0
2022-04-08,7d3ca82b34fcdc57f2c23f53ad770972652c390ba4d20db8e70dcc84d8ed8a89,btc-2022,btc,bc1qxt22ss8rssvqtvgke0hp8tamtmnrsntwlk8uf4,0.00732389,318.18,SELF_FORWARD,230,1.0
2022-06-18,fad28928812e271c53c86de45419d45588102ac9cfebcd05125e5579e2c0e98d,btc-2022,btc,1AoHrv3z67JfWbUGeALoYd3byafuQVcmRs,0.05374225,1100.04,MIXED_CUSTODIAL,85,0.944
2022-06-05,11f4d657910f3a1a854fb9e8494ce618a05e75e04b8371a2b74b9897bcc6c296,btc-2022,btc,1AoHrv3z67JfWbUGeALoYd3byafuQVcmRs,0.03664787,1094.45,MIXED_CUSTODIAL,85,0.944
2022-06-03,43aa28ea2180ba12957b4b240a2236fea60d73f6f43252f71501ab9d8f67713e,btc-2022,btc,1AoHrv3z67JfWbUGeALoYd3byafuQVcmRs,0.03530047,1074.99,MIXED_CUSTODIAL,85,0.944
2022-11-12,9303677ff98d7d1fb60c22445a93056f3088f40b4c4bdaff39ddca10d52519ce,btc-2022,btc,bc1qcuee0drvhwzytwlq73mmenrrxx4jz3fu6xw6lt,0.06532365,1115.07,SELF_FORWARD,1,1.0
2022-06-01,b9fdc2d1f5059b00290ed242c836218e6a84325110851199e3bc8c05b9026ee7,btc-2022,btc,1AoHrv3z67JfWbUGeALoYd3byafuQVcmRs,0.03367705,1070.97,MIXED_CUSTODIAL,85,0.944
2022-04-03,1633865a72349ba044d2c4e7d6a984439710c1277a727ba32ba5a0234cddc023,btc-2022,btc,1AoHrv3z67JfWbUGeALoYd3byafuQVcmRs,0.02358122,1080.28,MIXED_CUSTODIAL,85,0.944
2022-10-27,2fe83994e4dc4609e63a682d404f5f806ea290a14160986424a13b6248c1faad,btc-2022,btc,bc1qxt22ss8rssvqtvgke0hp8tamtmnrsntwlk8uf4,0.0510542,1060.48,SELF_FORWARD,230,1.0
2022-10-25,29f5e1bf5ce4308cc5b0f3eca5553f8a301f8f5fd979b90d50b0777fbb76b550,btc-2022,btc,1AoHrv3z67JfWbUGeALoYd3byafuQVcmRs,0.05703703,1102.56,MIXED_CUSTODIAL,85,0.944
2022-05-24,dabf278685a2fb09ac7e6c61c96a818b3e3ac3a0bbf629d4abd80cd7380a6864,btc-2022,btc,bc1qxt22ss8rssvqtvgke0hp8tamtmnrsntwlk8uf4,0.03581201,1042.46,SELF_FORWARD,230,1.0
2022-11-15,b439f47ed052feea2a1d04afea082d8e51de0e2eb1746ca142cec9fe82d1d0bd,btc-2022,btc,bc1qxt22ss8rssvqtvgke0hp8tamtmnrsntwlk8uf4,0.01909141,317.26,SELF_FORWARD,230,1.0
2022-10-09,98941d672a28cfadf7ff8a43eb3f44627e08648567360278a1e1066da1711b4a,btc-2022,btc,bc1qxt22ss8rssvqtvgke0hp8tamtmnrsntwlk8uf4,0.05401945,1048.87,SELF_FORWARD,230,1.0
2022-09-07,c476ca39eb574c979910de6975717e5d5974e4db411c9ee9c08188287b786e42,btc-2022,btc,bc1qxt22ss8rssvqtvgke0hp8tamtmnrsntwlk8uf4,0.16520539,3104.31,SELF_FORWARD,230,1.0
2022-08-24,7712d509dc043785be03e4d34abe2504b3db524e930967360446bc1010785a37,btc-2022,btc,1AoHrv3z67JfWbUGeALoYd3byafuQVcmRs,0.05075987,1092.81,MIXED_CUSTODIAL,85,0.944
2022-08-22,7c7d76c6ebaf0940f9af81d01370171f56af1a0048174b06a53209486725c01f,btc-2022,btc,bc1qyuucu5k6edlky2d8y50u3rda4rf3jfhdt0tq2u,0.085,1828.92,SELF_FORWARD,1,1.0
2022-08-16,a7a6b6a6407d28b2e60d0a20970fa369aa6b1116702b602e1e9502dca10a83fb,btc-2022,btc,bc1qxt22ss8rssvqtvgke0hp8tamtmnrsntwlk8uf4,0.04383105,1056.02,SELF_FORWARD,230,1.0
2022-08-09,7ac66832974fc494411682d86257ddc60281e7c7ed8363a3bd82d23b9a97eabb,btc-2022,btc,1AoHrv3z67JfWbUGeALoYd3byafuQVcmRs,0.05038266,1199.66,MIXED_CUSTODIAL,85,0.944
2022-07-14,7c90fd128a610302558eb6fa2755e086e7462943ca9e3247f5af9459147a283b,btc-2022,btc,bc1qxt22ss8rssvqtvgke0hp8tamtmnrsntwlk8uf4,0.05082552,1028.45,SELF_FORWARD,230,1.0
2022-07-06,4858224e69c3d9466ecf7674da93e4ed42420f1d311a6a3f29e6050747e40cdb,btc-2022,btc,bc1qxt22ss8rssvqtvgke0hp8tamtmnrsntwlk8uf4,0.05203227,1049.79,SELF_FORWARD,230,1.0
2022-06-07,1616438f95f4198db10df795feaa5098c55f53f48c662f88913363875e0c5901,btc-2022,btc,bc1qxt22ss8rssvqtvgke0hp8tamtmnrsntwlk8uf4,0.03545144,1112.22,SELF_FORWARD,230,1.0
2022-05-05,187fde1110045574b424f559ebfac1c4e16c55354cafe36490a38b19ac3b4339,btc-2022,btc,bc1qxt22ss8rssvqtvgke0hp8tamtmnrsntwlk8uf4,0.02837366,1126.15,SELF_FORWARD,230,1.0
2022-04-24,3ec0494f72b01affa9d123b42649056aa06cda474f723e16a57016a404a7e521,btc-2022,btc,bc1qxt22ss8rssvqtvgke0hp8tamtmnrsntwlk8uf4,0.00807376,318.44,SELF_FORWARD,230,1.0
2022-04-17,084298fe87782298102c5836f15bf6e75b408bf02570a19b0bda5ddaedde816b,btc-2022,btc,bc1qxt22ss8rssvqtvgke0hp8tamtmnrsntwlk8uf4,0.00796833,321.75,SELF_FORWARD,230,1.0
2022-03-12,bedbbe2e30ef3418a9dee1c5b6cfbfb03476103a8a83fd955c047dd9c07b0a91,btc-2022,btc,34LjdMeUXPiCArVLPkLtg9WqfArVSoNNoe,0.00256,99.15,SELF_FORWARD,1,1.0
2022-04-05,14952e0efa77b0a8277d2cb0cb35ae6f91e274070c6df276345a7a2e60e5dec7,btc-2022,btc,bc1qxt22ss8rssvqtvgke0hp8tamtmnrsntwlk8uf4,0.00697784,325.03,SELF_FORWARD,230,1.0
2022-07-03,060278c947241346c8134bb252c7e6518512d3c6d244ff44cfad84836b426fbd,btc-2022,btc,1AoHrv3z67JfWbUGeALoYd3byafuQVcmRs,0.05707092,1098.78,MIXED_CUSTODIAL,85,0.944
2022-12-30,bbb1f44443d2cb30e06a56a8de8323b48dbb23ce86b1b797ac914a4cdd685a73,btc-2022,btc,bc1q4xu2l0asdgyszvm8gcnymw9juhxy4y93wplpdy,0.0664613,1105.48,SELF_FORWARD,1,1.0
2022-10-22,070961a5418297f7e526342ffc0e62f0441bbd6050be26c99ff93d380e08d120,btc-2022,btc,1AoHrv3z67JfWbUGeALoYd3byafuQVcmRs,0.05746304,1101.24,MIXED_CUSTODIAL,85,0.944
2022-09-09,da7aaad43782ed6fd1c1a3bb87514bbca88e81a9bee0a461f67689b2e8776d9d,btc-2022,btc,bc1q9vn2ky68ext2d9s8l5l0uppdx42snacg7yvyfj,0.11,2125.26,SELF_FORWARD,1,1.0
2022-09-03,678a7c9fadb69bdd0e9ce3f14c43ee4e1bbf0eede106878d95a824811a2ce36b,btc-2022,btc,1AoHrv3z67JfWbUGeALoYd3byafuQVcmRs,0.05546696,1106.62,MIXED_CUSTODIAL,85,0.944
2022-06-02,fa3e555da96b4051be5b3b52ca33ace0ff652141e555ace74bd9a3446730d0ef,btc-2022,btc,3QYzsuWf1cyysWAr35vEY7qK9xwE2zkS1W,0.00659701,196.63,FIXED_MERCHANT,5,1.0
2022-08-02,30af481584005aa5bb03b44d36e80ff48a7c42a3a3c731b8f92baf40300e6f1d,btc-2022,btc,1AoHrv3z67JfWbUGeALoYd3byafuQVcmRs,0.04745944,1104.23,MIXED_CUSTODIAL,85,0.944
2022-08-29,8ec3a4b3ed84843aca9f0ddf06c79e64b00c3c9dad4216431d87d28022d7614d,btc-2022,btc,1AoHrv3z67JfWbUGeALoYd3byafuQVcmRs,0.0544823,1065.43,MIXED_CUSTODIAL,85,0.944
2022-08-25,252b980e3691d497eb4cf94a1a6c2bb347f55a22a64ca2a74eec727b3bb454a5,btc-2022,btc,bc1qxt22ss8rssvqtvgke0hp8tamtmnrsntwlk8uf4,0.04875355,1041.77,SELF_FORWARD,230,1.0
2022-06-16,a0f161a378a873355399c0054dae2ff70a0dbf96cfd0d7ca72f9605bf7ea9bc8,btc-2022,btc,bc1qgtw9qy3rjg63jth9yx2uj2vnjttw66dml94g9l,0.00455955,102.97,VENDOR_ONCE,1,0.091
2022-04-19,27c6e9be2f6fd223a3a3dc6b94ac929506b3a54db63865f5f8dc0f4bd71cfc90,btc-2022,btc,1Bf1NyGP4gUiTS2BunrpDBkT8zAGFzPxCH,0.00050263,20.51,MIXED_CUSTODIAL,12,0.661
2022-04-19,4bd2abb93cb536441f9569ae4f5bbcb8f0af468b29aa7f21d2fc78752728e101,btc-2022,btc,1Bf1NyGP4gUiTS2BunrpDBkT8zAGFzPxCH,0.00150829,61.54,MIXED_CUSTODIAL,12,0.661
2022-04-19,1d8424d4f62dd8d635af7480bbc431c6587d643582aa682ffaa89cf266c7df1a,btc-2022,btc,1Bf1NyGP4gUiTS2BunrpDBkT8zAGFzPxCH,0.00061285,25.0,MIXED_CUSTODIAL,12,0.661
2022-11-11,4945911e2f3137e1a1e9148adebf0665a0670cbcd0bfafcb5453ce44451dd888,btc-2022,btc,bc1qxt22ss8rssvqtvgke0hp8tamtmnrsntwlk8uf4,0.0186407,328.12,SELF_FORWARD,230,1.0
2022-10-01,41f7b6bbb690a51a5e695187e759767a8db22142f1ef4f3e1798f56528fe6589,btc-2022,btc,bc1qh2qwrkh2s5yk0gfhcf02xsref7qu0qcdm0fuhs,0.07,1359.58,SELF_FORWARD,1,1.0
2022-04-30,f953a03b0b3fb8fa34447e0f11bff6fd1e8fb370f8e4c6be7549d59f95652dec,btc-2022,btc,bc1qw2ryvqjj694khqcwaal8vxg3g72nw55efsgyzx,0.00194203,74.95,VENDOR_REPEAT,4,0.002
2022-04-19,1c1d8a4156f47e415cf6928bbd2cfa7e291b6e9af8e9a4e87ff522af4c45e3b4,btc-2022,btc,1Bf1NyGP4gUiTS2BunrpDBkT8zAGFzPxCH,0.00165404,67.49,MIXED_CUSTODIAL,12,0.661
2022-07-11,e82666e5ceca23f1c06775b57604242b6d585712bd93c3540a7623f31e3eea24,btc-2022,btc,bc1qxt22ss8rssvqtvgke0hp8tamtmnrsntwlk8uf4,0.05117939,1067.66,SELF_FORWARD,230,1.0
2022-04-20,13c42065f90523cf6a83a8771e2748c6a6604befa0efaffc5f99369074193844,btc-2022,btc,35wybGRMNCSK1WjYpPfAEU7kHujGZcmxym,0.00356297,147.84,SELF_FORWARD,1,1.0
2022-12-25,c4435482fce100b05b6ab127e059125477704ec06032ee32dea6321ec6d7d307,btc-2022,btc,bc1qv5dsjvtzpqpadqxurk8l7ppsskjeal7sfmzg3n,0.15,2525.36,SELF_FORWARD,1,1.0
2022-12-20,c8098beed44467f43d44f73c52e17dfef2f7a13e5f301acc96d6db20355b57a4,btc-2022,btc,bc1qlvzx9c825e5yv5fcn93uet8euw0f632k777uf4,0.16,2630.22,SELF_FORWARD,1,1.0
2022-12-11,48733d5e8e1e3b18ca4476e9ccdfb671c16bef3b1bd1938145e198e18e22cfc7,btc-2022,btc,bc1qxt22ss8rssvqtvgke0hp8tamtmnrsntwlk8uf4,0.06118375,1047.92,SELF_FORWARD,230,1.0
2022-11-03,72567cddf5ad3edb3e9a4dc5b00354c175af26f69fc66eac54061e12554bb7cc,btc-2022,btc,bc1qwfmj3tgasdjpd34l3eq62jmter2n9vy7xlqp9t,0.09878703,1990.74,VENDOR_REPEAT,3,0.028
2022-09-22,48da0eac6a4db2e4b161b2f852160689707abc67ee2db67c47549c645ed96ca9,btc-2022,btc,1AoHrv3z67JfWbUGeALoYd3byafuQVcmRs,0.05798697,1070.52,MIXED_CUSTODIAL,85,0.944
2022-08-23,ab08f81331f824e465dbf7c17f9f53d19a4074e282db9fa31fd1e9a0c58d59d1,btc-2022,btc,bc1qxt22ss8rssvqtvgke0hp8tamtmnrsntwlk8uf4,0.0488547,1045.53,SELF_FORWARD,230,1.0
2022-04-19,a915c43c2fe0622b088fda681c3f2dde71534caf3f067ded99b165fc1351dca1,btc-2022,btc,1Bf1NyGP4gUiTS2BunrpDBkT8zAGFzPxCH,0.00028721,11.72,MIXED_CUSTODIAL,12,0.661
2022-07-07,cee4c97a2dbad6b6fdf9930b07d1591f5b56ca9fc454277ac05b4f988b20b77b,btc-2022,btc,bc1qxt22ss8rssvqtvgke0hp8tamtmnrsntwlk8uf4,0.05141899,1057.41,SELF_FORWARD,230,1.0
2022-10-07,516355a2fafe258a8828d749fe70c1c9ac1eaa95c2d2389c8af6678ea2f47664,btc-2022,btc,bc1qxt22ss8rssvqtvgke0hp8tamtmnrsntwlk8uf4,0.05397658,1077.41,SELF_FORWARD,230,1.0
2022-07-31,57a1c6fd922c6ace2a32fab98a2d1fc87be7ddc85935517ef017aa1c74492a1a,btc-2022,btc,bc1qxt22ss8rssvqtvgke0hp8tamtmnrsntwlk8uf4,0.04409704,1042.66,SELF_FORWARD,230,1.0
2022-04-19,1e22880ac425c20619e02c11023b2a9c88461b595787996a46e110ef1b250e45,btc-2022,btc,1Bf1NyGP4gUiTS2BunrpDBkT8zAGFzPxCH,0.00083123,33.92,MIXED_CUSTODIAL,12,0.661
2022-04-29,82e1adae148697f8ed5f50f2930a9e9a9fa58a473e7786408ddfca3cc5672f1c,btc-2022,btc,3QYzsuWf1cyysWAr35vEY7qK9xwE2zkS1W,0.00763747,303.53,FIXED_MERCHANT,5,1.0
2022-10-03,4a2032990317a5881c061f48920a6d9fd8754ab19a2562617621f6118d575548,btc-2022,btc,bc1qkmn8r4f4eujxqaxgfvdapsqyq5pke5a25mnexc,0.15458107,2945.97,MIXED_CUSTODIAL,2,0.702
2022-05-06,aeb20ad8c33abb5d2a73286e58c9188fed118522bd54ec05b8c073b57f27084e,btc-2022,btc,bc1qw2ryvqjj694khqcwaal8vxg3g72nw55efsgyzx,0.00098231,35.91,VENDOR_REPEAT,4,0.002
2022-05-15,20039bb7f1efc239630038c31cd34626979a771ac977e9f9a424d2547443a4e3,btc-2022,btc,bc1qxt22ss8rssvqtvgke0hp8tamtmnrsntwlk8uf4,0.03448725,1037.61,SELF_FORWARD,230,1.0
2022-04-19,a54e76ceb75ef9e39120fc2e32da4afebba3ab5867c7f7525cfc82064ca35b5b,btc-2022,btc,1Bf1NyGP4gUiTS2BunrpDBkT8zAGFzPxCH,0.00103585,42.26,MIXED_CUSTODIAL,12,0.661
2022-04-19,a54e76ceb75ef9e39120fc2e32da4afebba3ab5867c7f7525cfc82064ca35b5b,btc-2022,btc,bc1qy645hvan23k0yh0mttyluwxnf7jhs9x090n9az,0.0018192,74.23,MIXED_CUSTODIAL,4,0.846
2022-05-27,2d251a22d9f2272470aff60707e48ab690a57180e60c8e27291f1d83f8de38ac,btc-2022,btc,bc1qxt22ss8rssvqtvgke0hp8tamtmnrsntwlk8uf4,0.03633937,1061.16,SELF_FORWARD,230,1.0
2022-08-15,47973d33ee8273cb868f8b3f148d1e98ae731a431c7403fd93d6ec6e428f950c,btc-2022,btc,bc1qxt22ss8rssvqtvgke0hp8tamtmnrsntwlk8uf4,0.04346476,1056.42,SELF_FORWARD,230,1.0
2022-11-17,04a4c49bd2205d2ca665f62ced56d28de79f705871b2daca7b29386ef5ec3b93,btc-2022,btc,bc1qxt22ss8rssvqtvgke0hp8tamtmnrsntwlk8uf4,0.01930482,321.65,SELF_FORWARD,230,1.0
2022-09-21,5fd5842698be9e0782aeb213f831a7c5310bd439390c6ba2e98885517a81f79f,btc-2022,btc,bc1qxt22ss8rssvqtvgke0hp8tamtmnrsntwlk8uf4,0.0544713,1028.11,SELF_FORWARD,230,1.0
2022-09-02,86c5db475ee4f5e64f6d5baf797843cfceff38dacdcfb54fc30fab4acbc98304,btc-2022,btc,1AoHrv3z67JfWbUGeALoYd3byafuQVcmRs,0.0545473,1098.18,MIXED_CUSTODIAL,85,0.944
2022-08-22,70e2402d1e89b05a08b1cdec632460f480b5ef426ed45ffce2af13509c5b835c,btc-2022,btc,1AoHrv3z67JfWbUGeALoYd3byafuQVcmRs,0.05183174,1115.25,MIXED_CUSTODIAL,85,0.944
2023-01-04,ed6b63a5c6c9033136fbadd814717b063e4ab5d3b6cf287e22efd43531207927,btc-2022,btc,bc1qcj6ekk0wuvw3cc4rl2h2ddhnu9jktth8ln2gc0,0.06502917,1084.4,SELF_FORWARD,1,1.0
2022-07-19,80d5891b979e044d774670018f9e4611fc0272b48ce1062e2410e647dec9ae64,btc-2022,btc,bc1qxt22ss8rssvqtvgke0hp8tamtmnrsntwlk8uf4,0.04500758,1009.64,SELF_FORWARD,230,1.0
2022-10-28,decb62a46a93ce8dc6281446ae488aeff48453a0c79ec0b07dbec47f1cdedbb8,btc-2022,btc,bc1qka7c9wrgeenw3ax5d9vlmtf65ppr80txfzh3h7,0.052,1055.35,SELF_FORWARD,1,1.0
2022-05-08,8e95a3da3cd72caf900c5e32b8429327f56c719805b6dc58624ef92ad24948a9,btc-2022,btc,bc1qxt22ss8rssvqtvgke0hp8tamtmnrsntwlk8uf4,0.02945431,1044.82,SELF_FORWARD,230,1.0
2022-12-12,81747103366c10044904cac328c33ee097a7c36147287558522d2ce93f2056cb,btc-2022,btc,bc1qxt22ss8rssvqtvgke0hp8tamtmnrsntwlk8uf4,0.06166178,1053.49,SELF_FORWARD,230,1.0
2022-09-06,22556d4bf3c0877f3cfa6128ed5a50175bad0895010ef26564eea2345f15921f,btc-2022,btc,1AoHrv3z67JfWbUGeALoYd3byafuQVcmRs,0.05554926,1099.62,MIXED_CUSTODIAL,85,0.944
2022-08-06,be2ed7a6c65b3ca566bed362e54341ed6f56de3b80cd862a95cd192c5c361a4c,btc-2022,btc,1AoHrv3z67JfWbUGeALoYd3byafuQVcmRs,0.04730069,1102.75,MIXED_CUSTODIAL,85,0.944
2022-07-28,25fa1ce1b061763ba6cfab4ea491d6a83829e37106e0edd40cfcbec915c4a4fe,btc-2022,btc,bc1qxt22ss8rssvqtvgke0hp8tamtmnrsntwlk8uf4,0.04408559,1011.95,SELF_FORWARD,230,1.0
2022-07-24,5c419689516ae10f559c5c9ad335ca7f77cc73fb6ca05336d793bec503a85a28,btc-2022,btc,bc1qxt22ss8rssvqtvgke0hp8tamtmnrsntwlk8uf4,0.04612774,1035.5,SELF_FORWARD,230,1.0
2022-07-17,6b615c6ea2d6fbad3c506aa245812a53ed3cb459809ee880e1b5b8c8dd3cfa41,btc-2022,btc,bc1qxt22ss8rssvqtvgke0hp8tamtmnrsntwlk8uf4,0.04961408,1051.6,SELF_FORWARD,230,1.0
2022-06-30,e200f9ce4faf3275f626a72330632addf6346530adb091bfc7639774bdbe00f5,btc-2022,btc,bc1qxt22ss8rssvqtvgke0hp8tamtmnrsntwlk8uf4,0.01745899,351.33,SELF_FORWARD,230,1.0
2022-06-26,a5f7cb20be1a43c8b031144952a7f3538c19beedf2ee262475aa79ff4d306ffa,btc-2022,btc,bc1qxt22ss8rssvqtvgke0hp8tamtmnrsntwlk8uf4,0.01502588,322.92,SELF_FORWARD,230,1.0
2022-06-24,bbf1016414d09c67cca800230bed46c7a56a2637e83fd35d9d665cb88c95ca7e,btc-2022,btc,3QYzsuWf1cyysWAr35vEY7qK9xwE2zkS1W,0.00956871,202.0,FIXED_MERCHANT,5,1.0
2022-04-19,f21ce5838c1f4a5bedb587190495f88f67ab1b6ce180c8725e8946dd51cd7945,btc-2022,btc,1Bf1NyGP4gUiTS2BunrpDBkT8zAGFzPxCH,0.00102867,41.97,MIXED_CUSTODIAL,12,0.661
2022-12-23,8953f5be905cb03350cad46a89b35f7c73f857af13044192eaa1742425f224df,btc-2022,btc,bc1qxt22ss8rssvqtvgke0hp8tamtmnrsntwlk8uf4,0.05937689,998.83,SELF_FORWARD,230,1.0
2022-11-24,122882a9a86237fc0029e0325e93ca0754418bd1966c0f520ae5dd280518ff18,btc-2022,btc,bc1q8wkj75urnwfnywqaemejderkqtcww7d3t8v6rl,0.124,2058.79,SELF_FORWARD,1,1.0
2022-11-13,44ccb64e35b1596f4d926919dc2d973cfa4e2f7af12593441dacd4d60e780b25,btc-2022,btc,bc1qxt22ss8rssvqtvgke0hp8tamtmnrsntwlk8uf4,0.01922847,323.29,SELF_FORWARD,230,1.0
2022-12-22,dd2021b17d0a8e398b5b080d40bb10e9f1107a598c45281fba1abee62e2bb2a5,btc-2022,btc,bc1qxt22ss8rssvqtvgke0hp8tamtmnrsntwlk8uf4,0.06022019,1013.19,SELF_FORWARD,230,1.0
2022-12-20,c4fed662ebb22fd8c617d8e4b3c2f074ad34d19ce666848678ac34b8fa8eadd8,btc-2022,btc,bc1qlqhkw7gl99tdpds79el0da023dxxvlp6vqe70j,0.06693695,1100.37,SELF_FORWARD,1,1.0
2022-12-15,e392a14c7e37b40d1d96a02a6de5a8ac73ed6c2aa30fa900a4244287ca2b4f94,btc-2022,btc,bc1qxt22ss8rssvqtvgke0hp8tamtmnrsntwlk8uf4,0.02293302,408.3,SELF_FORWARD,230,1.0
2022-11-20,32680ad54589834d92c413fe793f759b7383e4c5c0c6161e92a0a72baf43248a,btc-2022,btc,bc1qxt22ss8rssvqtvgke0hp8tamtmnrsntwlk8uf4,0.01914582,319.75,SELF_FORWARD,230,1.0
2022-11-19,161a9127274acf252fa9fbb8dbc8580587c8899b50b63cc7f28e6949b1716c46,btc-2022,btc,bc1qxt22ss8rssvqtvgke0hp8tamtmnrsntwlk8uf4,0.01919626,320.57,SELF_FORWARD,230,1.0
2022-11-18,577be81411ec7d8edd9cecb67d4e943b05e4ba039aafcfeec6bc46b02ef7e3cc,btc-2022,btc,bc1qxt22ss8rssvqtvgke0hp8tamtmnrsntwlk8uf4,0.01913012,319.33,SELF_FORWARD,230,1.0
2022-11-12,eace680b12a35eec7d84a33e7ae380d325d59b2fb5e75025776fa2ec1b184543,btc-2022,btc,bc1qxt22ss8rssvqtvgke0hp8tamtmnrsntwlk8uf4,0.0190083,324.47,SELF_FORWARD,230,1.0
2022-11-12,b96308637688f0b8555bed4737ffef5bc0b21528bc68718eb7d40592e65f0c6c,btc-2022,btc,bc1qxt22ss8rssvqtvgke0hp8tamtmnrsntwlk8uf4,0.01888499,322.37,SELF_FORWARD,230,1.0
2022-11-09,4bb6a86cb1944354799394473c4ac11fb353cbcb0ddf388884e4a36c69be037b,btc-2022,btc,bc1qxqzf9sddqhwm9ys2psyqg4xctuuwmepz9k6meh,0.06769055,1255.35,SELF_FORWARD,1,1.0
2022-11-08,57e07f7449ea31eb6f770365f7700733af7c95b5c49d97dd0c54a92893946799,btc-2022,btc,bc1qxt22ss8rssvqtvgke0hp8tamtmnrsntwlk8uf4,0.01552388,319.65,SELF_FORWARD,230,1.0
2022-11-01,f94cfd8f9a44723e830868a262c8ce4303afaac86984dc535a63a4e5338c2956,btc-2022,btc,bc1qxt22ss8rssvqtvgke0hp8tamtmnrsntwlk8uf4,0.01562598,320.19,SELF_FORWARD,230,1.0
2022-10-31,38bbae55c94b91a531a494e625d9201a78529f102a6b275db44fe40b9851b4a0,btc-2022,btc,1AoHrv3z67JfWbUGeALoYd3byafuQVcmRs,0.05372255,1108.16,MIXED_CUSTODIAL,85,0.944
2022-10-26,294e461105f96c25b44f1899cb23e2a3bc2bbaa51d9f9d3399b98cf1febab0ca,btc-2022,btc,bc1qxt22ss8rssvqtvgke0hp8tamtmnrsntwlk8uf4,0.01533124,307.84,SELF_FORWARD,230,1.0
2022-10-18,cd96a8d066c1f249ec4cbc24e583ed42d16cbe480266366632a2d2e5f73b2c2b,btc-2022,btc,1AoHrv3z67JfWbUGeALoYd3byafuQVcmRs,0.05604173,1095.53,MIXED_CUSTODIAL,85,0.944
2022-10-17,4be8635982111c4ed9d99127bf3a416185ebe4bec0b41c84e95bd49ba7436d36,btc-2022,btc,1AoHrv3z67JfWbUGeALoYd3byafuQVcmRs,0.05636465,1085.75,MIXED_CUSTODIAL,85,0.944
2022-10-13,31f712a7286c020266058ffa92d0b7b6a434ffb81e96d116f0273b5c2c560aa9,btc-2022,btc,bc1qxt22ss8rssvqtvgke0hp8tamtmnrsntwlk8uf4,0.01656667,317.34,SELF_FORWARD,230,1.0
2022-10-09,c4d9a1e6e3f6181cca76e9bd78f4331a5aa5fa9442277d3c2733ad0d10c2b001,btc-2022,btc,1AoHrv3z67JfWbUGeALoYd3byafuQVcmRs,0.05636415,1094.4,MIXED_CUSTODIAL,85,0.944
2022-09-30,3205b8ca036161745b6efc44b15c68f3dbe6cde7cae49006547c09dc407b4b52,btc-2022,btc,bc1qxt22ss8rssvqtvgke0hp8tamtmnrsntwlk8uf4,0.01643442,321.96,SELF_FORWARD,230,1.0
2022-09-26,a8e69ca41aa977a55f787b207456c192ec560be7c8b7c78836dda6d405ce44e8,btc-2022,btc,bc1qxt22ss8rssvqtvgke0hp8tamtmnrsntwlk8uf4,0.05564156,1046.57,SELF_FORWARD,230,1.0
2022-09-25,3ff4cdaf9b9ed5020e55ea150764b5cee9764d476d18631ea0be77fee48ae34d,btc-2022,btc,1AoHrv3z67JfWbUGeALoYd3byafuQVcmRs,0.05810016,1099.37,MIXED_CUSTODIAL,85,0.944
2022-09-24,bce416c22cb7ab7d7931a63db080bc19970be590e7fea8c149d6b4633822a9c7,btc-2022,btc,1AoHrv3z67JfWbUGeALoYd3byafuQVcmRs,0.05745061,1108.14,MIXED_CUSTODIAL,85,0.944
2022-09-17,3235863b19fbbb0f4f8bfdb14ea99395bd14c55c32129d050ef509840e653b4b,btc-2022,btc,1AoHrv3z67JfWbUGeALoYd3byafuQVcmRs,0.05514378,1092.03,MIXED_CUSTODIAL,85,0.944
2022-08-31,9fc8442c7f05c4bd51d5e91dcc5e5e5c569a3ac9ac9d1d673d3748944200712e,btc-2022,btc,1AoHrv3z67JfWbUGeALoYd3byafuQVcmRs,0.05439902,1077.81,MIXED_CUSTODIAL,85,0.944
2022-08-25,d76cecfcf53dbdec6b9cb82341727d2dabd26adbde43811b3e21c84006ef799b,btc-2022,btc,1AoHrv3z67JfWbUGeALoYd3byafuQVcmRs,0.05065308,1082.36,MIXED_CUSTODIAL,85,0.944
2022-08-21,6580c9b95d4614bfdd7bacd515d31c405c6f8bd7c661acdd7cfb3033c16a591c,btc-2022,btc,bc1qxt22ss8rssvqtvgke0hp8tamtmnrsntwlk8uf4,0.04948497,1046.12,SELF_FORWARD,230,1.0
2022-08-17,9df6e3aa7814f5d00504b8cc03741eb96c64bf74255fa6a625c58c227f5a48c6,btc-2022,btc,1AoHrv3z67JfWbUGeALoYd3byafuQVcmRs,0.04693665,1119.73,MIXED_CUSTODIAL,85,0.944
2022-08-05,7f9335062f70cc7752e8e0fbf0b0554b054a5219cef1758fe7d8818d25d42881,btc-2022,btc,bc1qxt22ss8rssvqtvgke0hp8tamtmnrsntwlk8uf4,0.13297226,3008.15,SELF_FORWARD,230,1.0
2022-07-29,1b9a393933dc4215b32a11252a731431c26ed610535a5a1241ab40caa6727c83,btc-2022,btc,bc1qxt22ss8rssvqtvgke0hp8tamtmnrsntwlk8uf4,0.0441082,1051.77,SELF_FORWARD,230,1.0
2022-07-25,b95e03ebb1092e7ecb55440baf6197fd69adfda83c5915c2dba5818a31e5ce02,btc-2022,btc,bc1qgm0pgqhhpcfxc4dslph5a9t4jcu5uharxahr9x,0.05,1128.86,SELF_FORWARD,1,1.0
2022-07-22,97a68cbab08467873be0e782ae8ef51dd8bcf4ae359c383414f055e90555de5d,btc-2022,btc,bc1qxt22ss8rssvqtvgke0hp8tamtmnrsntwlk8uf4,0.04632694,1072.57,SELF_FORWARD,230,1.0
2022-07-22,48977b00ead1d509aabe58d9226cb7033e2aff49e64ac75bcc6a515be476b572,btc-2022,btc,bc1qxt22ss8rssvqtvgke0hp8tamtmnrsntwlk8uf4,0.0454195,1051.56,SELF_FORWARD,230,1.0
2022-07-02,5bdb923d396f1a6016b41b465a0f6e145df341f1d2b59ef17d02338a57934c1a,btc-2022,btc,bc1qfnd0zlyqpdtmsj4d3tut0ur4u96vqnpkj2kvum,0.01559384,300.65,VENDOR_REPEAT,3,0.024
2022-06-24,ab424f516eafebe514ea8827c59d42a8fcbc7e9410164b2d9c939915fa9593c6,btc-2022,btc,bc1qxt22ss8rssvqtvgke0hp8tamtmnrsntwlk8uf4,0.01530993,323.19,SELF_FORWARD,230,1.0
2022-06-14,7b2518198bfdc5f0961b4b7f45211c63282af5245e71f970e20a4c90fb3a4531,btc-2022,btc,bc1qxt22ss8rssvqtvgke0hp8tamtmnrsntwlk8uf4,0.04663852,1048.68,SELF_FORWARD,230,1.0
2022-05-20,1d897ff8df6f8736ae0dcc355caa50f6df43807b913e4de86c0eefdf48b60f5d,btc-2022,btc,35iCVNA4dBtSDxJu2VAzPEJtdQH4GiwhuD,0.01516341,459.74,SELF_FORWARD,1,1.0
2022-04-19,d7a7eb289b596fee7b2848984a7e2f3217b5eab76500084f39076fc807a4e48f,btc-2022,btc,bc1q5a9cxu7nwhaepqkzpwnuf2g3jz0hjxt7z69q0v,0.00362562,147.93,VENDOR_REPEAT,2,0.153
2022-04-08,2a91fd6a37db204cf47c7e8567c76363b973792270f57d6a9e35b96c8347145e,btc-2022,btc,bc1qfnd0zlyqpdtmsj4d3tut0ur4u96vqnpkj2kvum,0.00345536,150.12,VENDOR_REPEAT,3,0.024
2022-03-22,05108a9010d55b29a7b8c6f9d44cb763fc7d20b065ffd379b38a0f688fbc8689,btc-2022,btc,bc1qxt22ss8rssvqtvgke0hp8tamtmnrsntwlk8uf4,0.00824457,338.05,SELF_FORWARD,230,1.0
2022-03-07,699c12acd7e5435e02387532ee358cb5f641fc6ef5dced5ba1fe6bd7beb6fea2,btc-2022,btc,bc1qxt22ss8rssvqtvgke0hp8tamtmnrsntwlk8uf4,0.02705832,1039.6,SELF_FORWARD,230,1.0
2022-12-31,d07ada02242989b121a2fd95284bd6797e81f944322670855ed54bdc45f30936,btc-2022,btc,3MP5aQ9Fq7jzUALAm4tC9ZCNXnYbxfx8Fu,0.09352612,1553.23,SELF_FORWARD,12,1.0
2022-12-21,3ce4004fbb91e62f8a440c4dd448b5d4473bfc0de15616842e348d8e1811cb18,btc-2022,btc,bc1qxt22ss8rssvqtvgke0hp8tamtmnrsntwlk8uf4,0.06238236,1054.02,SELF_FORWARD,230,1.0
2022-12-06,41a7a33f38857db3e1d076cb69391aa44f0b43d8f1a5192648d774905bce3093,btc-2022,btc,bc1qnlk4kjmuwn84u48dsvtz06lde0xq74l6zeuyl0,0.0648473,1100.22,SELF_FORWARD,1,1.0
2022-11-30,9a216b4b2f4bed069ddbc23d1e46cba218878faa9e268f418c0b11a8f7ee81f0,btc-2022,btc,bc1qxt22ss8rssvqtvgke0hp8tamtmnrsntwlk8uf4,0.062199,1022.73,SELF_FORWARD,230,1.0
2022-11-26,3b8402a7e5d88eccb3ab9cafa77e3cd5a7b6d641f9a301df0efb06918466f8a4,btc-2022,btc,bc1qxt22ss8rssvqtvgke0hp8tamtmnrsntwlk8uf4,0.06349412,1049.01,SELF_FORWARD,230,1.0
2022-11-23,7cfe8e83cb202c34eb935d2529bafbfc53b6f9217487aeae77e2de2b4cab110e,btc-2022,btc,bc1qyqrjwk35pfcfc35882ts7wvs7vg98ax5uqv596,0.06776126,1099.63,SELF_FORWARD,1,1.0
2022-11-19,937938c8555f5725f1698a6a440261c9fd348b3b4b1bda3fe8957d8ff51c7f84,btc-2022,btc,bc1qxt22ss8rssvqtvgke0hp8tamtmnrsntwlk8uf4,0.01923826,321.27,SELF_FORWARD,230,1.0
2022-11-16,e03e78ddabdd3a7b9e1acbac8726280cb775d6406e515f3cb5ae938bbd51db69,btc-2022,btc,bc1qxt22ss8rssvqtvgke0hp8tamtmnrsntwlk8uf4,0.01936359,327.26,SELF_FORWARD,230,1.0
2022-10-30,3d39aa5edb52803f647e03537f80ed4de0decb7bc6a73f718cbe709bca46958a,btc-2022,btc,1AoHrv3z67JfWbUGeALoYd3byafuQVcmRs,0.05314635,1105.96,MIXED_CUSTODIAL,85,0.944
2022-10-22,96b262deededf795421d51925594d8ad019f61e3af85a8eb74906c123a9a2598,btc-2022,btc,bc1qxt22ss8rssvqtvgke0hp8tamtmnrsntwlk8uf4,0.01663374,318.78,SELF_FORWARD,230,1.0
2022-10-05,4f6ae0f79a722a39325e1ee36de1c80c8c26574d06dd6717141a3004620c85a8,btc-2022,btc,1AoHrv3z67JfWbUGeALoYd3byafuQVcmRs,0.05548474,1128.44,MIXED_CUSTODIAL,85,0.944
2022-09-27,7fc64838a586f5c201d65223622f15226f1e70de054ffa20a5ec0cf04814c202,btc-2022,btc,1AoHrv3z67JfWbUGeALoYd3byafuQVcmRs,0.05558937,1068.8,MIXED_CUSTODIAL,85,0.944
2022-09-15,1268ab440a73b6b3c3b3128bc3bd58a623aa9b2bd898d5604eb3b6f22aa14d4c,btc-2022,btc,bc1qut0gn8vyud8dfx3cc9uuvd62dnn3a084xc297d,0.06,1213.63,SELF_FORWARD,1,1.0
2022-09-08,5d73eb82533446749abb719c94fddf2efe18c692c6ffe1a8c16a50f9842bd50c,btc-2022,btc,1AoHrv3z67JfWbUGeALoYd3byafuQVcmRs,0.05688381,1097.45,MIXED_CUSTODIAL,85,0.944
2022-09-02,4b0414d9df612f1494eec0cf9cabae63002fe313f0ac916cf9ce473754601567,btc-2022,btc,bc1qxt22ss8rssvqtvgke0hp8tamtmnrsntwlk8uf4,0.05149972,1036.83,SELF_FORWARD,230,1.0
2022-08-19,6eb2e1365ca266e89823d01fb0c6dfd4449a4342cf09fa739465777ea5bdfe05,btc-2022,btc,bc1qxt22ss8rssvqtvgke0hp8tamtmnrsntwlk8uf4,0.04927928,1142.86,SELF_FORWARD,230,1.0
2022-08-09,e28422bb2d40670b674303ca1ff7ad57cc9dd4b20076fe1f2c00cd858a80de98,btc-2022,btc,bc1qxt22ss8rssvqtvgke0hp8tamtmnrsntwlk8uf4,0.01380566,328.73,SELF_FORWARD,230,1.0
2022-07-16,db0d2189aa5da953b5425e34a1f86d7675281097c661fccf7c1181efad646272,btc-2022,btc,bc1qxt22ss8rssvqtvgke0hp8tamtmnrsntwlk8uf4,0.05074574,1057.04,SELF_FORWARD,230,1.0
2022-05-28,4373a075d233923bbdb87d42650569992889f3cfc8136febeff789fadbbb9305,btc-2022,btc,13USqNVVqixFVfrtgopQauZCGy74CW3iF9,0.00519668,148.78,MIXED_CUSTODIAL,1,0.974
2023-01-12,0b4e1a247e2e665d988bf27f9966b40ad49ec3cef0e44a38712b6766cdcd919a,btc-2022,btc,3MP5aQ9Fq7jzUALAm4tC9ZCNXnYbxfx8Fu,0.08523518,1529.4,SELF_FORWARD,12,1.0
2022-12-21,574dca9d253738961ff170f12f2cd4bd895bd827afd16160316349c1e68417d3,btc-2022,btc,1LqxG2FWEiK6kcNA4gD2p4aD9Q9qn8c2X1,0.00592195,100.06,SELF_FORWARD,1,1.0
2022-10-21,9032e158f2a65dbd8c5781c835c6993226db03b7f2eeb8b199c7bfba9cf42b96,btc-2022,btc,bc1qxt22ss8rssvqtvgke0hp8tamtmnrsntwlk8uf4,0.01846126,351.54,SELF_FORWARD,230,1.0
2023-01-11,22b707e26b37495a235f4afff2aa57b2fba22c497baeef0f48e42642b86898f9,btc-2022,btc,bc1qcjutnf6f8mcq5768n4lkdt9fsscxj7hnp0uvlj,0.05741422,1001.34,VENDOR_ONCE,1,0.22
2023-01-09,bc7a87f76af7f47707e5bf73b56b587eae55bc0c2f108e426a3ba51046082729,btc-2022,btc,bc1q9qgrzgmkepc7ckgxyvglumqp9x23qr3wuhysyk,0.06461429,1106.7,SELF_FORWARD,1,1.0
2022-12-21,20b4defeaa0747163bb753960d9d2c00d02679f446d644da9e09af32c20b0fff,btc-2022,btc,3MP5aQ9Fq7jzUALAm4tC9ZCNXnYbxfx8Fu,0.09187848,1552.39,SELF_FORWARD,12,1.0
2022-12-26,9dd33bc61168d1c2ac1c2aaf2e10cda178378ac37c3fadde3b91e301f5423425,btc-2022,btc,bc1qaj54kxuwt8l7tu3kq5fnzwemrv6g5vd6x3e2fw,0.06526037,1098.47,SELF_FORWARD,1,1.0
2023-01-09,1663303350f4fb95aac5c95c98f083744b0453e1ecfc0ccf76b32493018cbdeb,btc-2022,btc,3MP5aQ9Fq7jzUALAm4tC9ZCNXnYbxfx8Fu,0.0894671,1532.38,SELF_FORWARD,12,1.0
2023-01-01,5a80e84d48abb69deefa99010aae6efeed32664ce3449315246665923f22e43b,btc-2022,btc,3MP5aQ9Fq7jzUALAm4tC9ZCNXnYbxfx8Fu,0.01814344,300.12,SELF_FORWARD,12,1.0
2022-12-22,eb9787f4e236ca1ce3265bf0ce606478d1580b805aaab03e51405214d24749ea,btc-2022,btc,bc1q5ta9a5qc9z2ate3nhd07xrk807frg3t68t6trn,0.02,336.49,SELF_FORWARD,1,1.0
2022-12-17,bd4a45c91710ce80f3a5169301e707a6092290fdddc080f43541667affdbfc93,btc-2022,btc,bc1qxt22ss8rssvqtvgke0hp8tamtmnrsntwlk8uf4,0.042,698.52,SELF_FORWARD,230,1.0
2022-12-09,8d1238a5ad77d481898ea6ee143e8a32615034281a8d87cbe3501e45b4f130f4,btc-2022,btc,bc1qxt22ss8rssvqtvgke0hp8tamtmnrsntwlk8uf4,0.01861484,320.62,SELF_FORWARD,230,1.0
2022-12-03,f7d346d9b6bbc6d33c378176402ff90eb8b72f27f7bbfbd2533a11b7055f0d98,btc-2022,btc,bc1qxt22ss8rssvqtvgke0hp8tamtmnrsntwlk8uf4,0.01885957,322.35,SELF_FORWARD,230,1.0
2022-11-02,173b63d3ee43b081749f365e535957a7aef480e817c6dc40efd730ba5d4effaf,btc-2022,btc,1AoHrv3z67JfWbUGeALoYd3byafuQVcmRs,0.05367326,1099.38,MIXED_CUSTODIAL,85,0.944
2022-10-25,d84eaca535513328350e51bc75870d268df06dfaaf014356acef33ce1b5a44fb,btc-2022,btc,bc1qxt22ss8rssvqtvgke0hp8tamtmnrsntwlk8uf4,0.01659259,320.74,SELF_FORWARD,230,1.0
2022-10-24,6f117102818a1efa85d739da9e6ebb2cb7a1a4d7512461cae880188accb2fe1c,btc-2022,btc,bc1qxt22ss8rssvqtvgke0hp8tamtmnrsntwlk8uf4,0.01663846,325.62,SELF_FORWARD,230,1.0
2022-10-06,6ff653e3b2a40f22607b8fb86b29db1a09cc466ff4443bc0324d0fd7525f39be,btc-2022,btc,bc1qxt22ss8rssvqtvgke0hp8tamtmnrsntwlk8uf4,0.0159792,322.11,SELF_FORWARD,230,1.0
2022-09-29,ce7df8d821a08bbf7eb33be1211d31250652a0c6ef34f76518e4a684a5bd3aeb,btc-2022,btc,1AoHrv3z67JfWbUGeALoYd3byafuQVcmRs,0.05661393,1099.04,MIXED_CUSTODIAL,85,0.944
2022-09-19,94506e817f7f00b361abfb07f5fee81db066d41bac04dd06f9ff36d328d7a886,btc-2022,btc,1AoHrv3z67JfWbUGeALoYd3byafuQVcmRs,0.05742216,1114.99,MIXED_CUSTODIAL,85,0.944
2022-09-12,f4f8a9143c19e38348829c13d2aaf12edde7c5670d93a0732758d85febad5973,btc-2022,btc,1AoHrv3z67JfWbUGeALoYd3byafuQVcmRs,0.04910421,1071.79,MIXED_CUSTODIAL,85,0.944
2022-08-17,4f2c18e5365e2b177538251825fe390c8ac821e7dba071dc454f40be61bfa130,btc-2022,btc,bc1qxt22ss8rssvqtvgke0hp8tamtmnrsntwlk8uf4,0.04502035,1074.01,SELF_FORWARD,230,1.0
2022-08-15,eea2e0ae09d3553ebf4726c7a68bfb19811ca0637763894f0c09fb3d4cb51def,btc-2022,btc,1AoHrv3z67JfWbUGeALoYd3byafuQVcmRs,0.04552536,1106.51,MIXED_CUSTODIAL,85,0.944
2022-07-19,33e0d825d434a207480f9d5bfb62f105fd2d7d983050cf45d35897536ddd22ca,btc-2022,btc,bc1qxt22ss8rssvqtvgke0hp8tamtmnrsntwlk8uf4,0.04824042,1082.16,SELF_FORWARD,230,1.0
2022-07-14,2eda26df62b6f23a409566187f6fa58e7386460a1bfb69009d1370d6d1fdbde0,btc-2022,btc,bc1qxt22ss8rssvqtvgke0hp8tamtmnrsntwlk8uf4,0.05208135,1053.86,SELF_FORWARD,230,1.0
2022-05-25,2a310cbfd8758432bd447b9823676f7710a7bc90496378a52373ea6ddd93d671,btc-2022,btc,3QYzsuWf1cyysWAr35vEY7qK9xwE2zkS1W,0.00674406,199.99,FIXED_MERCHANT,5,1.0
2022-03-26,ab6a99ce2c6027159d28a6cfa6a1cf44b09133fdabeb28759c2bb69ce63d9ee9,btc-2022,btc,bc1qhuhrwap0utca3eqrnmfe22tsv870ncm8432dsv,0.00337661,149.63,SELF_FORWARD,1,1.0
2022-10-24,04e59bd710a5e6264b904dd5524f439201457d353f08c762b397d63dfc53ae95,btc-2022,btc,1AoHrv3z67JfWbUGeALoYd3byafuQVcmRs,0.0569108,1113.77,MIXED_CUSTODIAL,85,0.944
2022-06-25,de4203ae326e8d41de5637ea5625b517556cf0a9cc1a9d0dfca8189acad76b5f,btc-2022,btc,bc1qxt22ss8rssvqtvgke0hp8tamtmnrsntwlk8uf4,0.01506429,319.93,SELF_FORWARD,230,1.0
2023-01-04,9482c6882d69bbde6e18b73a18f56698df5204cc3bd230c5f18e2bb5acf13a40,btc-2022,btc,3MP5aQ9Fq7jzUALAm4tC9ZCNXnYbxfx8Fu,0.0919823,1533.86,SELF_FORWARD,12,1.0
2022-11-27,cc9b0851894170b319b9d0df060752a76c3a970bebf41606ee3a00385f07d7b1,btc-2022,btc,bc1qxt22ss8rssvqtvgke0hp8tamtmnrsntwlk8uf4,0.06341179,1043.61,SELF_FORWARD,230,1.0
2022-08-12,1028c3645de1bc3280b548f27dae2b4461cba61e5340e50bd424a5ed2a14cd51,btc-2022,btc,bc1qxt22ss8rssvqtvgke0hp8tamtmnrsntwlk8uf4,0.04360839,1043.68,SELF_FORWARD,230,1.0
2022-07-17,a934cd5db42de32e708e88446365ec3524d8871eb7b51f78f3abefa73bd3dc0d,btc-2022,btc,1AoHrv3z67JfWbUGeALoYd3byafuQVcmRs,0.05197666,1101.68,MIXED_CUSTODIAL,85,0.944
2022-10-27,ffec71fb00856a529f3450e10915e63575630680be00220663340fbcf11ad0f2,btc-2022,btc,1AoHrv3z67JfWbUGeALoYd3byafuQVcmRs,0.05309216,1102.81,MIXED_CUSTODIAL,85,0.944
2022-07-26,1ee8350c6cefdb01dce31b78027baf2438776cc854e73ba83ff9b893f31b5fe1,btc-2022,btc,bc1qxt22ss8rssvqtvgke0hp8tamtmnrsntwlk8uf4,0.05055771,1077.43,SELF_FORWARD,230,1.0
2022-09-24,aac773381ed3968430e5f40e2e3a68e5d4059bbad0b4632ba8fb2d0c7225b0ad,btc-2022,btc,bc1qgrsra7hn5um8hjk8wluwescjtaxngrga7s7q94,0.00528752,101.99,SELF_FORWARD,1,1.0
2022-09-05,178fc2e29d517d267dba9790d6877ed90f2f5a6944f530f26ba14f72bfe38eac,btc-2022,btc,1AoHrv3z67JfWbUGeALoYd3byafuQVcmRs,0.05560784,1112.17,MIXED_CUSTODIAL,85,0.944
2022-06-11,bb38d5290ecae748e566198b7a3e5c966220b542a901ff52cd85a70c9fc3c272,btc-2022,btc,bc1ql932zr2qx6wrrpn7lwelsx6uumjj35jrld42q0,0.0097919,284.86,VENDOR_REPEAT,6,0.033
2022-11-29,b7ce2c2e3f109b81ea845d880b2c983c9771fd01de0ac3c6e82f96d53be1ce70,btc-2022,btc,bc1qe6ryh3gdy4ns0dgxx5qypsfgaptptfgq3qnmt4,0.064,1037.58,SELF_FORWARD,1,1.0
2022-10-16,92f4f2fc3a1e51a3f235581cce61927fd4fbad7035b5e231c2145d03e4869ccb,btc-2022,btc,1AoHrv3z67JfWbUGeALoYd3byafuQVcmRs,0.0574776,1096.01,MIXED_CUSTODIAL,85,0.944
2022-10-04,88b69c9fb7aa942a640e3113faa2acb357fc9ff2944a05dbb569617c691ba37f,btc-2022,btc,3L4SQudDak1rtUyLGmZc64b3NMifyWobk2,0.01463566,287.28,SELF_FORWARD,1,1.0
2022-09-06,6a27d46321afde87d32c677ac2f6276376b72d52d9d14478a589cfc17e8618b2,btc-2022,btc,bc1qxt22ss8rssvqtvgke0hp8tamtmnrsntwlk8uf4,0.05302686,1049.68,SELF_FORWARD,230,1.0
2022-08-27,5ede86514da02208599bfec636d364c4beb5f19fbb35bbf3db43c145d19aa8b8,btc-2022,btc,1AoHrv3z67JfWbUGeALoYd3byafuQVcmRs,0.05447767,1102.58,MIXED_CUSTODIAL,85,0.944
2022-09-15,fa008ba51bf09a35a742dde4b5caaca446ec9ed40a32bdd4a91e51e327f19da2,btc-2022,btc,1AoHrv3z67JfWbUGeALoYd3byafuQVcmRs,0.05466565,1105.73,MIXED_CUSTODIAL,85,0.944
2022-09-09,f385ad929c660e3fd77a5fc74ba787e3a217d7c16c96af7826de104652971dc2,btc-2022,btc,1AoHrv3z67JfWbUGeALoYd3byafuQVcmRs,0.05167568,998.4,MIXED_CUSTODIAL,85,0.944
2022-10-15,7a681b527d2f7ffed945b332fbf9dca99d89dfaa5d7a55e21dbd8fe47155f43c,btc-2022,btc,bc1qxt22ss8rssvqtvgke0hp8tamtmnrsntwlk8uf4,0.01673128,320.85,SELF_FORWARD,230,1.0
2022-11-21,268b56fe29dd59adf5c89fcd88ee653bf7352d831363faafda120c2b05549477,btc-2022,btc,bc1qxt22ss8rssvqtvgke0hp8tamtmnrsntwlk8uf4,0.02018968,328.68,SELF_FORWARD,230,1.0
2022-12-31,8ea3ef3e9805b533e57e218c239312b5d9db99c03920ba0c30f50937dc1c39f1,btc-2022,btc,bc1qsxm2h777erg0qkckw5v5h3g702wl7ld4mdcmfk,0.06636437,1102.14,SELF_FORWARD,1,1.0
2022-10-02,e0dc4eafbe6770593863bae2a38f40a931a87e67da8f4f082f6c8da0180f07da,btc-2022,btc,bc1qxt22ss8rssvqtvgke0hp8tamtmnrsntwlk8uf4,0.05441535,1050.88,SELF_FORWARD,230,1.0
2022-11-08,d4369e281de5b13078c8beefdf4e98b2daa626fe8d9bcc821f16754b6dffa8fb,btc-2022,btc,bc1qe4cfyh7sczc9r4lzdt22zzqg7gy4kvv5f082ed,0.04851329,998.92,SELF_FORWARD,1,1.0
2023-01-03,f179c0ea8ff2113744a108c46aacebfd59fffbf9e8403d67048941c7bcf7a032,btc-2022,btc,bc1qjef43ay69f2dfftw65986c8ca2ksql4gvkv4k3,0.06590448,1098.81,SELF_FORWARD,1,1.0
2022-12-18,7948cc14070bbe047c3e389a856f5e66f3d83e1ea06bde8b6ae50843bde3537c,btc-2022,btc,bc1qxt22ss8rssvqtvgke0hp8tamtmnrsntwlk8uf4,0.05968405,1001.35,SELF_FORWARD,230,1.0
2022-12-03,9d92263938fe545866af2d948e3ce3b0a7498903670f70276a28f7cd7001126f,btc-2022,btc,bc1q8pvau2md5nr3raa896kv7gvwl2naf7yg0ut2y7,0.0648507,1108.44,SELF_FORWARD,1,1.0
2022-08-29,9fd5c8b468e221619c510605da83c011e914767980001c90273ed999f45b7bd2,btc-2022,btc,bc1qxt22ss8rssvqtvgke0hp8tamtmnrsntwlk8uf4,0.01579135,308.81,SELF_FORWARD,230,1.0
2022-12-23,6c0d3be976bfd669f193b4d510b716a86620f9d35f6d028a4d7a0773bb7ebb48,btc-2022,btc,bc1qfcqer7xt4n27rpr3pfq4zw7227cslxgxhgyr7y,0.06541221,1100.36,SELF_FORWARD,1,1.0
2022-12-16,51fb4f5c87058b8fd9adf56b1596e96a4d29f718a6cc5296ae0142eb0c2373aa,btc-2022,btc,bc1qxt22ss8rssvqtvgke0hp8tamtmnrsntwlk8uf4,0.055,954.63,SELF_FORWARD,230,1.0
2022-12-09,b88adb16b2f6878921617ccc1d2ef3f5178e3b1f627cd9b32cee82b2432afdd6,btc-2022,btc,bc1qvlqc9pex5vqgdc4ww2hjkqhqp0c9ldt5wvnppn,0.06415154,1104.95,SELF_FORWARD,1,1.0
2023-01-06,b87802b685ca91022d4564e2ac865103d98a0f7ac63dac5c35e2dceeec939d3b,btc-2022,btc,bc1qfh2qxqmj4hkheej0amvuh6qudkpc0an88vew4l,0.06542042,1101.15,SELF_FORWARD,1,1.0
2022-11-09,ae3898eb7df70805c1bb8a8a9fadc7c42b8aa8663c805051e2d0d27d333d7eb0,btc-2022,btc,bc1qxt22ss8rssvqtvgke0hp8tamtmnrsntwlk8uf4,0.01731982,321.2,SELF_FORWARD,230,1.0
2022-10-25,68b11fc7e83a598ee5a43902c34ca7c168858b9199b86b946783de492cc2c148,btc-2022,btc,bc1qxt22ss8rssvqtvgke0hp8tamtmnrsntwlk8uf4,0.01595878,308.49,SELF_FORWARD,230,1.0
2022-10-11,923f6cd5bd5c3839bbb93d2678b7dc6b4622c41555a00f240c6ca8f1f5504649,btc-2022,btc,bc1qfnd0zlyqpdtmsj4d3tut0ur4u96vqnpkj2kvum,0.01572863,300.92,VENDOR_REPEAT,3,0.024
2022-07-31,1846d5e503227ffda9781b2c1738c89f7bad547da1ca81e231b0821367e82293,btc-2022,btc,bc1qxt22ss8rssvqtvgke0hp8tamtmnrsntwlk8uf4,0.04506601,1065.57,SELF_FORWARD,230,1.0
2022-12-11,16281ee8f22704fedd32a25800019e0832851d169f3181dc079a47ec342cf78f,btc-2022,btc,bc1qd9tkr5ftycpealt0nl76g7xwj8v4mjajn85s9d,0.06400879,1096.31,SELF_FORWARD,1,1.0
2022-12-24,865bbc3db6acf0e3cde23ae3d936fa887550f0627b8ab0843055d605380e3524,btc-2022,btc,bc1qxt22ss8rssvqtvgke0hp8tamtmnrsntwlk8uf4,0.05940466,996.72,SELF_FORWARD,230,1.0
2022-12-15,8ce3aac50d3d303667fddf340542e414759ea40a07a58f65acc6314f531cb76e,btc-2022,btc,bc1qy28emyrx3ev82r8lyak625rgwqupstyxs44mrv,0.06306431,1122.8,SELF_FORWARD,1,1.0
2022-12-07,66f20300d4f6ae92795d3052dd1bb3a11bdec75d59fd4684b8331519c07b67b6,btc-2022,btc,bc1qxt22ss8rssvqtvgke0hp8tamtmnrsntwlk8uf4,0.0190266,325.14,SELF_FORWARD,230,1.0
2022-10-12,bf05609aceca28fec131c47bec9ca80e26f07c305d47a019790450f11c534319,btc-2022,btc,bc1qxt22ss8rssvqtvgke0hp8tamtmnrsntwlk8uf4,0.01673478,318.96,SELF_FORWARD,230,1.0
2022-09-24,34099b0c506be6af961b61b67ee8fdac444756ce05c33145e8ed1cae8c97ecaa,btc-2022,btc,bc1qdefs4w6k4sr5sfvuzh9va30ufslv3d4wa4acld,0.06,1157.31,SELF_FORWARD,1,1.0
2022-09-20,0b27cb06db9490b897da5de385c8c3ef26c629fc8b140dda25e164adc0b1865c,btc-2022,btc,bc1qxt22ss8rssvqtvgke0hp8tamtmnrsntwlk8uf4,0.01847437,360.93,SELF_FORWARD,230,1.0
2022-08-21,0812d0f2a2e2fa3382c80ae40f47818d0bc9a2d35a3e00b0f392da402a6acfab,btc-2022,btc,1AoHrv3z67JfWbUGeALoYd3byafuQVcmRs,0.05184139,1095.93,MIXED_CUSTODIAL,85,0.944
2022-12-21,dfe3dae3918f5b5f5672c63602e1d7a5974e3edd8c2bc7407481cb876478a9e7,btc-2022,btc,bc1qxt22ss8rssvqtvgke0hp8tamtmnrsntwlk8uf4,0.05936767,1003.09,SELF_FORWARD,230,1.0
2022-12-09,4bc8eb277d5cffb65dd86265e917f45412e2f68c7d16d20483c1d0f1149828e5,btc-2022,btc,bc1qxt22ss8rssvqtvgke0hp8tamtmnrsntwlk8uf4,0.06125593,1055.08,SELF_FORWARD,230,1.0
2022-10-02,ac0b7f4482a1a89aa21f647db835d843666da51ebc15851b3e10f6f6b35b52c6,btc-2022,btc,1AoHrv3z67JfWbUGeALoYd3byafuQVcmRs,0.05695664,1099.96,MIXED_CUSTODIAL,85,0.944
2022-09-05,91eeec940c98a6ca3785a0599238e3f7671cdc8465d1730ff09152ba01130c3b,btc-2022,btc,bc1qxt22ss8rssvqtvgke0hp8tamtmnrsntwlk8uf4,0.05303428,1060.7,SELF_FORWARD,230,1.0
2022-08-11,9221381a2ee4dafa7153a536cf4150131366e507ccd26c24a15dac4ba360d96f,btc-2022,btc,1AoHrv3z67JfWbUGeALoYd3byafuQVcmRs,0.04547691,1089.36,MIXED_CUSTODIAL,85,0.944
2022-08-23,63726fd512e37b795117e81d71fbe4d598d5d1feed8ede7c20d0b4214a5e2b42,btc-2022,btc,bc1qxt22ss8rssvqtvgke0hp8tamtmnrsntwlk8uf4,0.01497337,320.44,SELF_FORWARD,230,1.0
2022-08-27,048cada3ac80624448abdeefc5e62b22b027b382a32faacfec4d3054b3764e2e,btc-2022,btc,bc1qxt22ss8rssvqtvgke0hp8tamtmnrsntwlk8uf4,0.05200142,1052.46,SELF_FORWARD,230,1.0
2022-09-02,6ce286936def168fe6d9bf6ff7b45a8b75b37210f4d9f7f3d44c9f9a75cefa80,btc-2022,btc,3FVdDiWy8Paxrg8bJ1sYH6V8bUKDk8JC9V,0.00125,25.17,SELF_FORWARD,1,1.0
2022-11-22,414cb5392c2418bce7a1a2739ecd06f2dcb8267a9dd8b4d691197316f200f02b,btc-2022,btc,bc1qxt22ss8rssvqtvgke0hp8tamtmnrsntwlk8uf4,0.01967357,310.47,SELF_FORWARD,230,1.0
2022-09-04,6a048b3bd5aef660aac283c171032a5a3e4386ce6da86d5733088439af16e457,btc-2022,btc,bc1q8yul4zc9m5unfle2k4jhj7htqvs6qa2mh6qh44,0.0033,65.45,SELF_FORWARD,1,1.0
2022-09-23,f0a45ffdfe8958846763aa02f42fce55228c3b7dee7389cb25722f8d0341f610,btc-2022,btc,bc1qxt22ss8rssvqtvgke0hp8tamtmnrsntwlk8uf4,0.01710332,331.83,SELF_FORWARD,230,1.0
2022-10-04,916fe4d64a022818df2091faa30180768bbf2af635ee5ce49b62cdf0b284209d,btc-2022,btc,bc1qxt22ss8rssvqtvgke0hp8tamtmnrsntwlk8uf4,0.0160082,314.23,SELF_FORWARD,230,1.0
2023-01-07,c57cc10c05fad0421484620328b5a8539d89f0845e65856b290920894635da01,btc-2022,btc,3MP5aQ9Fq7jzUALAm4tC9ZCNXnYbxfx8Fu,0.09036295,1531.68,SELF_FORWARD,12,1.0
2022-12-31,4068f05c76606b74dce8c1691bf576758aba973f1b29b5bcaac3c189ccf65608,btc-2022,btc,3MP5aQ9Fq7jzUALAm4tC9ZCNXnYbxfx8Fu,0.01809941,300.59,SELF_FORWARD,12,1.0
2022-12-28,ee206dd785cfd0b095903a77fe80de058a9293736071ccb681e08e6302a04a08,btc-2022,btc,bc1qxt22ss8rssvqtvgke0hp8tamtmnrsntwlk8uf4,0.01800009,300.71,SELF_FORWARD,230,1.0
2022-12-26,44b716a635439a14f47e0ba9568dd4066eb3f4c3782eb7b0234f266add4b96df,btc-2022,btc,bc1qxt22ss8rssvqtvgke0hp8tamtmnrsntwlk8uf4,0.05936632,999.26,SELF_FORWARD,230,1.0
2022-12-20,138eeadd4929218fa30349c7fdacf78b89ee06659e24f62e077689883d271380,btc-2022,btc,bc1qxt22ss8rssvqtvgke0hp8tamtmnrsntwlk8uf4,0.06087196,1000.67,SELF_FORWARD,230,1.0
2022-12-15,24b6a25e0d109a9cf95bc9648af725f163f9ca8dc6d0431eed25b6778af11131,btc-2022,btc,bc1qxt22ss8rssvqtvgke0hp8tamtmnrsntwlk8uf4,0.05,890.2,SELF_FORWARD,230,1.0
2022-12-13,76fe4ad0a18af8ea81a0657c6ea092c49f23bfa529628afe36b7e1f1e48c19ed,btc-2022,btc,bc1qxt22ss8rssvqtvgke0hp8tamtmnrsntwlk8uf4,0.05022942,864.39,SELF_FORWARD,230,1.0
2022-12-04,f3e771ece71dc92b410955670bad35028a211477a00bf44eb21d3c7c2540fb6c,btc-2022,btc,bc1qxt22ss8rssvqtvgke0hp8tamtmnrsntwlk8uf4,0.06168494,1041.56,SELF_FORWARD,230,1.0
2022-12-02,68dd9d35da2828b72ba36ffc2e1b4816e4ff2494c6cc22e5a44ff0b96479972d,btc-2022,btc,bc1qxt22ss8rssvqtvgke0hp8tamtmnrsntwlk8uf4,0.01879213,319.05,SELF_FORWARD,230,1.0
2022-11-23,ac11689ddb8e8309cadc89148138d3470be5d234d1b31874c2211a15d9c39761,btc-2022,btc,bc1qxt22ss8rssvqtvgke0hp8tamtmnrsntwlk8uf4,0.01937968,314.49,SELF_FORWARD,230,1.0
2022-11-23,dc8cd67582d4aaf11994f46f4e51c80b5734f7246f6ead4942fa2cc29fa87e7a,btc-2022,btc,bc1qxt22ss8rssvqtvgke0hp8tamtmnrsntwlk8uf4,0.01980282,321.36,SELF_FORWARD,230,1.0
2022-11-20,d5a943639eefdfbed84d26555b79dcfcc66cdcbb52ccbba1c8ee7e462b3ee66b,btc-2022,btc,bc1qxt22ss8rssvqtvgke0hp8tamtmnrsntwlk8uf4,0.01938457,323.74,SELF_FORWARD,230,1.0
2022-11-18,c496cb3b89c2a3f7389277961253cb94d5fdf0fe10433e1ffcb7e8a994702c4b,btc-2022,btc,bc1qxt22ss8rssvqtvgke0hp8tamtmnrsntwlk8uf4,0.01928604,321.93,SELF_FORWARD,230,1.0
2022-11-17,472e8586a3573a059e1edb9b3050e9c2d60381b9d17f4048f307d17687a8dd87,btc-2022,btc,bc1qxt22ss8rssvqtvgke0hp8tamtmnrsntwlk8uf4,0.01915231,319.11,SELF_FORWARD,230,1.0
2022-11-09,2609e8c02b518a255d325142f15c18dda189596a183e597aa8fe9c59db426ae1,btc-2022,btc,bc1qxt22ss8rssvqtvgke0hp8tamtmnrsntwlk8uf4,0.01933869,358.64,SELF_FORWARD,230,1.0
2022-11-06,f9ba6015f45e460846a7119aaab4072500ee22fbc5193aef5de4a97015b1d655,btc-2022,btc,bc1qxt22ss8rssvqtvgke0hp8tamtmnrsntwlk8uf4,0.01505016,320.56,SELF_FORWARD,230,1.0
2022-10-26,3dc005ad204d2cf6ab01eb88b350ae0bcc5c8235da2befc3cdb68a42386f4d60,btc-2022,btc,bc1qxt22ss8rssvqtvgke0hp8tamtmnrsntwlk8uf4,0.01541266,309.47,SELF_FORWARD,230,1.0
2022-10-23,8834ea6c147733d077b55f0a45c6b2c0b409e8bbe8ef6785c53d87b6322147ba,btc-2022,btc,bc1qxt22ss8rssvqtvgke0hp8tamtmnrsntwlk8uf4,0.01667717,320.27,SELF_FORWARD,230,1.0
2022-10-05,fdc215e2aefaab1c4388e80a955e1c0faaaf704be7d85a70f11858b1026c8210,btc-2022,btc,bc1qxt22ss8rssvqtvgke0hp8tamtmnrsntwlk8uf4,0.01584855,322.32,SELF_FORWARD,230,1.0
2022-09-29,16bbe0255a546691139ef98b0523337187f08ee130caa6543328ccaeb48dd8f7,btc-2022,btc,bc1qxt22ss8rssvqtvgke0hp8tamtmnrsntwlk8uf4,0.01647113,319.75,SELF_FORWARD,230,1.0
2022-09-19,8b2b1bca6cb492f56a067ed4266f17c85b32f40857e73f8c473baf3a0ec7e45c,btc-2022,btc,bc1qxt22ss8rssvqtvgke0hp8tamtmnrsntwlk8uf4,0.01816563,352.73,SELF_FORWARD,230,1.0
2022-09-14,a495a3457181a2e37e64f4da27817f194b852294ff157650eea7d87e46843a6a,btc-2022,btc,bc1qxt22ss8rssvqtvgke0hp8tamtmnrsntwlk8uf4,0.01585671,319.89,SELF_FORWARD,230,1.0
2022-09-01,ebe7071417d0f972437a2cdd90e98d30177ef97819c3d65931f45834c523b5e3,btc-2022,btc,bc1qxt22ss8rssvqtvgke0hp8tamtmnrsntwlk8uf4,0.01598179,320.41,SELF_FORWARD,230,1.0
2022-08-30,d9d6de6f24bbbb24c43064ac0480b3241a2d559f663daf9f9a5d34361b0f79b2,btc-2022,btc,bc1qxt22ss8rssvqtvgke0hp8tamtmnrsntwlk8uf4,0.01569972,318.5,SELF_FORWARD,230,1.0
2022-08-11,d2c20c86f8d469e1a5bfb28da1d69616730559dd064913100514c16c209bd196,btc-2022,btc,bc1qxt22ss8rssvqtvgke0hp8tamtmnrsntwlk8uf4,0.04596354,1101.01,SELF_FORWARD,230,1.0
2022-08-04,004c601bba0b667d6e7beb359140c4180581082c80564da655427608c1f133b5,btc-2022,btc,bc1qxt22ss8rssvqtvgke0hp8tamtmnrsntwlk8uf4,0.04538052,1035.44,SELF_FORWARD,230,1.0
2022-11-03,f3b1298d109ce750c67b2fecb34a1f7808abd0d7e17f46c7d5ceec20ebfad2dd,btc-2022,btc,bc1qxt22ss8rssvqtvgke0hp8tamtmnrsntwlk8uf4,0.01587126,319.84,SELF_FORWARD,230,1.0
2022-10-13,fd004efefe42e7a12be6953dc56753908151b5416395d23b9b7643fde7f1df62,btc-2022,btc,bc1qf0lnfzen9s7pevueupn7dynd8z79wn7u9et88h,0.05238849,1003.51,MIXED_CUSTODIAL,1,0.673
2022-09-26,e9f8885694e4526f4e491922ba27d222d4e09854b45a474dae04af3d7351a6df,btc-2022,btc,bc1qd43cglt4886vgnfavu5wvf6jd6hxz7q007586e,0.01100272,206.95,SELF_FORWARD,1,1.0
2022-11-23,5129dd66735be25a12ec6f1b77047685120d6a6b73d020842de48b3260235bb4,btc-2022,btc,bc1qxt22ss8rssvqtvgke0hp8tamtmnrsntwlk8uf4,0.01954037,317.1,SELF_FORWARD,230,1.0
2022-10-29,97ef52f17d889f4bafeb2c1c5de301c9026e666166024e5d52d8def0ab1c98e2,btc-2022,btc,bc1qxt22ss8rssvqtvgke0hp8tamtmnrsntwlk8uf4,0.05065984,1043.18,SELF_FORWARD,230,1.0
2022-09-30,aa283a2c660775bfc6c9067fab78dfb4d84b421994fbe5185388246d75d04559,btc-2022,btc,1AoHrv3z67JfWbUGeALoYd3byafuQVcmRs,0.05616457,1100.29,MIXED_CUSTODIAL,85,0.944
2022-10-31,05e19c761becd6ad002e12a67bbb401770276ccb3df20a41bf31bcec065e4fd3,btc-2022,btc,bc1qxt22ss8rssvqtvgke0hp8tamtmnrsntwlk8uf4,0.01562389,322.28,SELF_FORWARD,230,1.0
2022-10-11,672d075b84d2c1d7473c155d333d458b67b02efa8ff894f923f9b1faa4127450,btc-2022,btc,bc1qxt22ss8rssvqtvgke0hp8tamtmnrsntwlk8uf4,0.01683473,322.08,SELF_FORWARD,230,1.0
2022-12-28,c4fd55deda95f5fb6605129c25be962e084f840640409f7a4567649142cec458,btc-2022,btc,bc1qxt22ss8rssvqtvgke0hp8tamtmnrsntwlk8uf4,0.02095611,350.09,SELF_FORWARD,230,1.0
2022-10-20,6d2de0f1196303fd349f64cecb55a6e1ae6222e1a7515e2cf29849a327f3b125,btc-2022,btc,bc1qxt22ss8rssvqtvgke0hp8tamtmnrsntwlk8uf4,0.01837904,351.47,SELF_FORWARD,230,1.0
2022-09-28,a5760ebf11a78201ef410efb473b5387f96cc53f57871f932a7900f37a2c0a3c,btc-2022,btc,bc1qxt22ss8rssvqtvgke0hp8tamtmnrsntwlk8uf4,0.01726495,329.38,SELF_FORWARD,230,1.0
2022-12-26,909934fc3989983a7c86d6b665ef6d64181e9b00e8ab851b3851c8046229aa59,btc-2022,btc,bc1qz74te2x53yrnvh5hmdxg7npl56a3ac0rgzrp87,0.01782429,300.02,VENDOR_ONCE,1,0.08
2022-12-06,e7911b5f6ecc764e9763d963d4d9a7d52d8a534d429e1b9ee0084a42c8221f56,btc-2022,btc,bc1qxt22ss8rssvqtvgke0hp8tamtmnrsntwlk8uf4,0.01886671,320.1,SELF_FORWARD,230,1.0
2022-12-05,bf6f6d2846e37aacf3f2ca4284c9aa083dc171449b984437e2480b01d66ff3ef,btc-2022,btc,bc1qxt22ss8rssvqtvgke0hp8tamtmnrsntwlk8uf4,0.01877546,321.19,SELF_FORWARD,230,1.0
2022-12-08,f67a0173b502d955fa556629702701b077cc521b054655f550c32e07bd5848c3,btc-2022,btc,bc1qxt22ss8rssvqtvgke0hp8tamtmnrsntwlk8uf4,0.01886423,317.61,SELF_FORWARD,230,1.0
2023-01-01,27b75ed5fda8ea62aa463bba2c7735d04875d60d0ed931149a6e1fc4420b18c7,btc-2022,btc,1An1dYej7vHjbK7RSzj5Ro7W7gLG4t5LG6,0.00662058,109.52,SELF_FORWARD,1,1.0
2022-12-23,eb0dbba97be12f4f05c84f08c326b75d4a59ae239200d1835b292e6db8b0734c,btc-2022,btc,bc1qmc6rprsau6q6ajn6kep7v5shfwnfffr8hvvcqd,0.01245803,209.57,SELF_FORWARD,1,1.0
2022-12-13,90bbda45c22743f3d7412bae6a7c2681d582b32b66f816eaa8a25449dcdecf04,btc-2022,btc,3GMvnd7dzv5U2ukrhmaDVbbX15srtL4TsM,0.00568242,97.79,SELF_FORWARD,1,1.0
2023-01-17,e3a7f0f4241cb20d1bc6b2770a51a482e9a8caf28cdac8a755a48ee0f3be46f7,btc-2022,btc,3MP5aQ9Fq7jzUALAm4tC9ZCNXnYbxfx8Fu,0.07332159,1553.37,SELF_FORWARD,12,1.0
2023-01-09,b415667ffc23d547f1dcbc36c84dc74c27b53d45ad8ed3e36b0f73b54b852d48,btc-2022,btc,bc1qy5svatnjaa0wtrxvs83sh9lk4l5skkmh5w5dx8,0.06448657,1104.52,SELF_FORWARD,1,1.0
2023-01-29,35d9bf65cf80f9b9829dd1e388577cadfce7de454360faa2c217b1fcc5f8b9fc,btc-2022,btc,bc1qzxnkh2mfyd5juaufh29yraqkd0sus7kn3uuxmt,0.00474403,109.21,SELF_FORWARD,1,1.0
2023-01-16,4e41fda88a3f81464fa1f0fe5f5a04f76974891496c56127ed27b6d9363a45cc,btc-2022,btc,1BuG7r1C7tCDQWJ1nEXE9D7DPVvF7GDajn,0.0004807,10.03,SELF_FORWARD,1,1.0
2022-02-16,f867310de2aaa941bdb1bf61862b62f8e3b3f6d1d3b3be7cf45e89f4b6191a13,btc-2022,btc,bc1qxt22ss8rssvqtvgke0hp8tamtmnrsntwlk8uf4,0.01146783,510.83,SELF_FORWARD,230,1.0
2022-03-05,57e571fa49859916b7712e6ed4c39b8567343e3f06e4e1c421ecc9aae5eb522f,btc-2022,btc,bc1qxt22ss8rssvqtvgke0hp8tamtmnrsntwlk8uf4,0.00811217,317.58,SELF_FORWARD,230,1.0
2022-03-13,c2f7820967b9c4eee2aa018f491a0d67bd8c2e412fcc0a7fa2603de78525d713,btc-2022,btc,bc1q7kzzyvf22a8r4r2wyjjtgr06e6gxkyerkvy3x4,0.00258404,100.28,MIXED_CUSTODIAL,14,0.589
2022-03-15,26d4b4cd7d48575a5bf63729082561d8a9d99b7ec351b6b3d229f92810f75abf,btc-2022,btc,bc1q7kzzyvf22a8r4r2wyjjtgr06e6gxkyerkvy3x4,0.00763106,302.73,MIXED_CUSTODIAL,14,0.589
2022-04-08,b7c241b13e993fc3b9d122e577c00986f60305863a94ef4cf7736721bd1124e0,btc-2022,btc,bc1qw2ryvqjj694khqcwaal8vxg3g72nw55efsgyzx,0.00284875,123.76,VENDOR_REPEAT,4,0.002
2022-04-09,6d0d850bce692f12b65367291167678db377fceeda17b5fe719aef210b56807c,btc-2022,btc,bc1qw2ryvqjj694khqcwaal8vxg3g72nw55efsgyzx,0.00118115,49.91,VENDOR_REPEAT,4,0.002
2022-06-03,90d7593b7d3b4f7340627e8b0a3aebad3e06ab3214423a854dfc9d1fb18f5e07,btc-2022,btc,1GgGnzwmeUgcB17VbZGL37QFe2GWdQAAkt,0.002686,81.8,SELF_FORWARD,1,1.0
2022-10-01,08784ebca0652683d361383af225c2b6d860522137acb4b5a2ebd3a45a1a729e,btc-2022,btc,bc1qxt22ss8rssvqtvgke0hp8tamtmnrsntwlk8uf4,0.01649708,320.42,SELF_FORWARD,230,1.0
2022-10-14,ffc9fb0758507b481a45f9f2fe48f70f8f208b8f9a6fd5f58dffc75254dca67b,btc-2022,btc,1AoHrv3z67JfWbUGeALoYd3byafuQVcmRs,0.05552457,1075.82,MIXED_CUSTODIAL,85,0.944
2023-01-30,b5b7a75ac1f5793638f63d62f8b353d04cfbb181429c197810f16cc15adfbbf9,btc-2022,btc,36ff69y6L9sFzu4xKbBARqPKWAp3PEDHAz,0.0045,106.85,MIXED_CUSTODIAL,1,0.962
2023-01-26,3b5dd4f975526c0b5da113ae54caa3c9feeece545e29e63197d86d5906e35d71,btc-2022,btc,3CRkUNuBUkji6wRmhMRAXn6CHhpa4dV8Dn,0.0044122,101.75,SELF_FORWARD,1,1.0
2023-01-27,1f8c93b19f8475ea53d671c7b7ead2e5626d29903c394440a37c9cd91e9d0126,btc-2023,btc,bc1qm53leenh6h286g6j3k4qf724ej5zap358tj3nd,0.24197736,5567.81,SELF_FORWARD,1,1.0
2023-02-06,f581823027eeb262757eff835f380092470aaa33323e87cf29d0a0b2b6451204,btc-2023,btc,bc1qmnf697jk5jff0vnfuhf6kdn3dktgk4zpymvv6q,0.24344913,5583.0,SELF_FORWARD,1,1.0
2023-01-28,c0b5e7185a60b1953ad94e2556f922b5a5f932b87ed033f88f56a2fd50d27ea7,btc-2023,btc,3Ca5vmvEiRjhQXWPp3x56myFcGzFS6afDM,0.0691695,1596.03,MIXED_CUSTODIAL,52,0.949
2023-03-01,64bf80846eea576d113cd23bdae375a3bbd62ab54f31a60eb18cab13e034e873,btc-2023,btc,bc1qftfl6g8d4xxx90yjywnpsa9e2j4agj60562733,0.23413716,5418.3,SELF_FORWARD,1,1.0
2023-02-24,59a463e8b0a920efa76ed759f9f1652e59472cf8cdc13e3c107b3ab8dea6886d,btc-2023,btc,bc1qvprxfteyassn2p4je5g7yn2cjsndmcc2chx890,0.3,7182.06,SELF_SWEEP,1,1.0
2023-03-15,218b2b954b516bf0503bdecc67ae3727a3c6ca5c20a0f3138ef45d94a357a4ca,btc-2023,btc,bc1qm74wk84ryu0qmnu2me9zzml6qun323clk4348k,0.25,6167.6,SELF_FORWARD,1,1.0
2023-02-10,a5cac8c410d1bea6b953440a66397558d4ae714f17a0ef8de1b60f2a9c634ed5,btc-2023,btc,bc1qtrgs4vtgj9svdx904h8j38drf79w8q85a0r0td,0.26,5667.44,SELF_FORWARD,1,1.0
2023-02-16,61dca998b0fbaaf4b2f135c43ac0a76ac673a7165146706a6dedadb06f7da789,btc-2023,btc,bc1qeu5nyst0hkp8m8ecu2s8h9lcj69td6jq0h0v78,0.62,15080.18,SELF_FORWARD,1,1.0
2023-02-12,6b3755ee557ea87bb373527027de216ba60594805eb85ec44cfa54bb91e086b3,btc-2023,btc,bc1qsms75s8c23yfeleksvk5tajlx3ey7q5apzrsgd,0.3,6558.61,SELF_FORWARD,1,1.0
2023-02-10,b2524451066222003d059e5cf410aeee5a728e0e600975592cae05c3f6a5f87f,btc-2023,btc,3Ca5vmvEiRjhQXWPp3x56myFcGzFS6afDM,0.09287201,2024.41,MIXED_CUSTODIAL,52,0.949
2023-01-25,c1a76b95b5f9ebd0f50b02f448508b7e5a354b35431f462a170a462f7b24cd75,btc-2023,btc,3Ca5vmvEiRjhQXWPp3x56myFcGzFS6afDM,0.07064988,1598.94,MIXED_CUSTODIAL,52,0.949
2023-04-03,a8244e86ffc386f6be799e855c140d848f2a8348c47d1809a27f740bbb231560,btc-2023,btc,bc1qd43597jxpmsl4t9s2taxur7ayrr02y6hjh2unz,0.2,5634.37,SELF_FORWARD,1,1.0
2023-02-09,974493df615a81da15be2da32a6f595daf7b92123b282b67b6384b4829fc0873,btc-2023,btc,3Ca5vmvEiRjhQXWPp3x56myFcGzFS6afDM,0.07112336,1633.12,MIXED_CUSTODIAL,52,0.949
2023-02-02,0a1997706aecfc7ee5477dfae408ab42a841f579998e74d4b16bd561f4d3d776,btc-2023,btc,bc1qalz466lgzhxfjus0zasryt4hsx0u7st0lu3yx0,0.11,2610.46,SELF_FORWARD,1,1.0
2023-03-20,67b1a1ccd3a02877682b72f3142efbfdc3da258441f3390b23d7e9ef7e6a3523,btc-2023,btc,17EeiM7iHJtPGc7tA8LEZWaktqU1A7uUCg,0.005,139.86,SELF_FORWARD,1,1.0
2023-03-07,18bcedc34deaa1db09b8beb7eb90a23716abdeaab0a475f2cd6625de854ecb72,btc-2023,btc,bc1qlfvf4u0ktx7rlahf4cppf6md82mx7eld0uyyht,0.25,5602.35,SELF_FORWARD,1,1.0
2023-02-17,307e023143db5ef70c96f393470bff4e4e376c32048265b644f92ffb0a4509c5,btc-2023,btc,bc1qzhvacu89vxws00qy7nj4lg9s3ptmzfzunsrf62,0.245,5761.84,SELF_FORWARD,1,1.0
2023-02-14,de97cbe6407968d5280182f9a09ac9041c5088c321f69ac5c9e20ee831b347ec,btc-2023,btc,bc1qxgkulw07zdvc0xl62ww0hd84ds402dmm7jxs4h,0.5,10887.32,SELF_FORWARD,1,1.0
2023-02-03,5ee44e4b101abeb4f2884ebe4f2dd730b280c29b9929cadd97fb447733f4ca94,btc-2023,btc,bc1q5st6llmzk83n5u5gsx47fjkyt8a9zryy4fw0y2,0.12816515,3010.51,VENDOR_REPEAT,3,0.268
2023-02-15,389e2e11e0169c3b8e9ca10fe906820a0372cbfb23118a6e781d0d60f73d5633,btc-2023,btc,bc1q3zjvw2hvy50e3zhpxwv3sew0df8ath4quakv3x,0.26,5771.96,SELF_FORWARD,1,1.0
2023-02-02,b1846f257826ab66c0daf83bab26ab157f33a95fc1806e9fd9ab5efa671ee78e,btc-2023,btc,bc1qg5lkcea0mpy7ctustzqgfex4ffqelzw3us9jqy,0.02305021,547.01,MIXED_CUSTODIAL,1,0.948
2023-11-10,e02d8ed1a89b17333b03338a4dfee8684beaf081593d76ab27666692d6049ffa,btc-2023,btc,bc1qmg6q988x845rvk3dvec09rh4dwaeutf5xkqf62,0.46013161,16887.34,SELF_FORWARD,2,1.0
2023-10-13,7050ee9379f39322c346b86e07aa9811840b26a7890dd24dda56c9dfbae1b483,btc-2023,btc,bc1qeva0va5tm564eqpzt2rh04sgz5sjsjudkf4tf6,0.29504532,7895.3,SELF_FORWARD,1,1.0
2023-10-12,438d5c9cca468994d7e24110d734849d81f9d99602d256a0b80071017c9f74e9,btc-2023,btc,bc1qsn29z63u5sxnwyh7n3uxghxj0y7h6tp997wmd0,0.63365691,17029.86,SELF_FORWARD,1,1.0
2024-02-23,06d5b815d5395ef442c6628d93f0378c68b4ad5056e4e2963d34336e02433f41,btc-2023,btc,bc1q5hnsnqlsjylg0x5x3z48pceq7d2y5npgm6weqt,0.25899834,13283.62,SELF_FORWARD,1,1.0
2023-11-14,65251aa60ad46e6b986f4464200bd97259ea0573fa6c507bc66839daca290525,btc-2023,btc,bc1qsk6naflj0lvk6eu9hmhf0wascc74gf8z9zyuvr,0.06096271,2222.88,SELF_FORWARD,1,1.0
2023-11-14,d2581c89c9a80fb5e3604b016939ab03522211e9baf9502a493a20b140bcd908,btc-2023,btc,bc1qvqtfdxqxgcldgdcdh6y4gcnj0642ysrcv29pk0,0.13590532,4955.51,SELF_FORWARD,1,1.0
2023-02-19,83cc44fc38a827bdf31d08b0611ab33f06d1b1c62e99af2c3e19ad0921c88820,btc-2023,btc,bc1qam9uz4mekeaayqhskuuxlqm0ekqmdxvheepvlf,0.25,6158.01,SELF_FORWARD,1,1.0
2023-02-01,557011e4901a8ac87ea086108486fa0ecdadea0e627b544a1687984922cc0d10,btc-2023,btc,3Ca5vmvEiRjhQXWPp3x56myFcGzFS6afDM,0.06802776,1573.15,MIXED_CUSTODIAL,52,0.949
2023-03-19,295e16f36a73dca3e585835bd4a21b1bf2949a3ebdb3123cacacd18c448ff6e4,btc-2023,btc,bc1q2g0cqvgu8m2k2cu25fdgz26m8h7dnrm6fp6z5s,1.0,26907.49,SELF_FORWARD,1,1.0
2023-03-07,a59ac650208b8607a71e2efd0d800e12d6854343401198cdb4f9dd262ad551cb,btc-2023,btc,3Ca5vmvEiRjhQXWPp3x56myFcGzFS6afDM,0.1,2240.94,MIXED_CUSTODIAL,52,0.949
2023-03-01,969ef7574d24c7226c28e9da9fb618fe823d37e86e2b39d52aeaab68189a5737,btc-2023,btc,bc1q49tgxhu73597cxg6cw8sdvannnrttf2qena2he,0.15,3471.24,SELF_SWEEP,1,1.0
2023-02-23,d8533d4d9bb1bf218235f472644fa1e366e64640e4f943e245d54a618d861396,btc-2023,btc,3Ca5vmvEiRjhQXWPp3x56myFcGzFS6afDM,0.1,2418.22,MIXED_CUSTODIAL,52,0.949
2023-03-29,802cca16df9cb9a8c94c92fbd261ef4bc8c69a46dce0ca542d243588a0214927,btc-2023,btc,13H1GGatSgY3TiKYfyekCkeEK1EVsTs8xM,0.35,9541.37,SELF_FORWARD,1,1.0
2023-03-11,66a6c175015ac2abd64bcb0a0e17dc7ff97d2884a6aec59bb70dba5c474899c5,btc-2023,btc,bc1q7zmvzvyz6lxtfmxpju2f6u7hte5d6x77h743hr,0.28,5642.19,SELF_FORWARD,1,1.0
2023-09-11,5c5f64ee4e86d3ad8bc7ce6288eb147d42fe45a6f2d18e7629647ae17140e7dc,btc-2023,btc,bc1qam0l5vzhn9dja04ealwqk3hjfthhhgamxnnptp,0.44130435,11404.01,SELF_FORWARD,1,1.0
2023-08-25,e164f00853cd89b7b20955d248d0f0eb0bd365ab77d8ce5948a4391580c0b04c,btc-2023,btc,1G3wNrwRcQiVvaNoGwVHZ3yhXHKXLEpzwK,0.03,785.4,MIXED_CUSTODIAL,41,0.685
2023-08-25,e164f00853cd89b7b20955d248d0f0eb0bd365ab77d8ce5948a4391580c0b04c,btc-2023,btc,3ErV5GarqU7TV6uzAKTvb5rHAvVBhE81kr,0.07,1832.6,SELF_FORWARD,1,1.0
2023-08-17,ad1a8a92a9ce759ababaa97ab57bbdfdd3d8ea245cf4b5a5e06eec399f6874c7,btc-2023,btc,bc1qtelyj2jaqqpagn8k37fxnjmj7yel0ec460mrye,0.09806461,2817.45,SELF_FORWARD,1,1.0
2023-08-15,ba90f86ffe538ea10677810487762611f2e84cb60d8c408482974bcaa46c26c6,btc-2023,btc,1DY9dy1wifroSNRAuxkry9JKVcgHLFsn8Y,0.03269556,962.26,SELF_FORWARD,1,1.0
2023-08-15,166fa7d4f965117bb63fa4ac8b581b1963145ba1961db7370642839a8f8d39ff,btc-2023,btc,1G3wNrwRcQiVvaNoGwVHZ3yhXHKXLEpzwK,0.02,588.62,MIXED_CUSTODIAL,41,0.685
2023-08-15,166fa7d4f965117bb63fa4ac8b581b1963145ba1961db7370642839a8f8d39ff,btc-2023,btc,bc1qne8mnxgfrxppwpurym63kxfhmhlmhtvuyc299e,0.18608758,5476.73,SELF_FORWARD,1,1.0
2023-06-06,6eae79cdb26fd2f14492e8766fa7ad1fc5c348804c67342b6fbde3902d171684,btc-2023,btc,bc1qjdm8jnnzanexmrlr9dxwy7ye597vlwesjy493r,0.19883324,5115.62,SELF_FORWARD,1,1.0
2023-05-29,f76552241934e0a1de12f357c21fa17bf3f7a67562776f35e2b2ed17876a2df1,btc-2023,btc,bc1qp2255wmq7d2p9x902u84lcemjd3q8guhhq892c,0.4971653,13952.95,SELF_FORWARD,1,1.0
2023-05-21,84738fe96cb04750382932529cb7f13b1872cef4264c1bfe6f9f7fb7c9459b9d,btc-2023,btc,bc1q6z93kpcq9yngeeu6h99k06s3nvsr7ykezvnkuf,0.26520794,7187.78,SELF_FORWARD,1,1.0
2023-04-27,1e71c7cd43257d6c8e5b8dc6edc8d06e9ecab8a6260b414e20f718fd2a25144e,btc-2023,btc,bc1qsflrf7d9azhnaks3xns437s6j0vzgvtd8np797,0.2,5683.06,SELF_FORWARD,1,1.0
2023-08-02,8f268577030baef0a703a80069c47b93b5703298f7575c6187352dca324da335,btc-2023,btc,bc1q5c8l6rcvyc8w9skwwgj2465fzpp4qw2v8yyjm4,0.28497589,8465.49,SELF_FORWARD,1,1.0
2023-07-30,384fc0df69a4edf0e3854bfcabc82adf67b39a2c2cc929d3adcae994c998edaa,btc-2023,btc,bc1qudeex8s39pgn6re3rhcetyjgaty7vgs3vxyh6h,0.09928171,2914.21,SELF_FORWARD,2,1.0
2023-04-18,a269ce58d7bc120d6cb3a617253115f034bd481b2b11026dc6aa2944e6414308,btc-2023,btc,1CBUnc694iwQVjzzxk9H1s4xVzNbCCDA5w,0.50355052,14819.63,SELF_FORWARD,1,1.0
2023-04-09,2314812b95a8d6cc1a918bb0a60372124b4f7df83a959236e1a020862ebe72cd,btc-2023,btc,bc1qk6wngclj3zx6c08tdxs0v22q725wxal2dkxpvz,0.2,5587.68,SELF_FORWARD,1,1.0
2023-04-03,fc072c4c84e2556c92c1938bf9a7dd447ef351797349a74ed381e65adf68f745,btc-2023,btc,3Ca5vmvEiRjhQXWPp3x56myFcGzFS6afDM,0.07,1972.03,MIXED_CUSTODIAL,52,0.949
2023-03-27,1a020828c6e9bec2e59e67de7276b9037796ab3745c398fbbb33101146787305,btc-2023,btc,bc1q3dvh96n2jxxjs9q3d8cdc8kj96634ze2mcgk6c,0.2,5593.61,SELF_FORWARD,1,1.0
2023-03-11,350535c78c157de95ea0da7a6fd662c8ca382b8c5b52195c249c6d1a26c3607c,btc-2023,btc,3Ca5vmvEiRjhQXWPp3x56myFcGzFS6afDM,0.1,2015.07,MIXED_CUSTODIAL,52,0.949
2023-03-03,cd0015126f51d529ffe12b9b7c37e5179945d728de3d3438260c32f01d98769c,btc-2023,btc,bc1qu78lp5jxgtuw9leh05yw9dwcxcd0h869afqs3w,0.25,5866.33,SELF_SWEEP,1,1.0
2023-01-29,7c94b06ceaca28ed1545c5a0cac67cc9fbeae4680461ffecaecd0384563274ca,btc-2023,btc,3Ca5vmvEiRjhQXWPp3x56myFcGzFS6afDM,0.06792296,1563.68,MIXED_CUSTODIAL,52,0.949
2024-03-31,5fd7755a10e2d8545863e35cc2a696c74025c232ec330a09999f30116daee8f5,btc-2023,btc,bc1qf63smfuvg6a8625c87w9u763hxkwz2hmdjl4dl,0.12566709,8744.19,SELF_FORWARD,1,1.0
2023-11-19,8ca34fb610cee974b5569dacba51b7652f7dd8f0d6d78a010ae9708ecd00a0e3,btc-2023,btc,bc1qxa65afnamzgnn3edyc2fkyx29tver30ut6hj87,0.40070319,14652.96,SELF_FORWARD,1,1.0
2023-08-26,9c02804c5e03235ced2b4814044dae550f077bb892440850e4b32238360a2e42,btc-2023,btc,bc1qrk237fl5cdhaemdmvn8mazrtv7lh3yulgh7hq3,0.12901382,3362.1,SELF_FORWARD,1,1.0
2023-03-05,7810c33042c7d965511a91e0e2012d638ef80104bccfad671e07d6eb308ffe3f,btc-2023,btc,3Ca5vmvEiRjhQXWPp3x56myFcGzFS6afDM,0.07,1564.26,MIXED_CUSTODIAL,52,0.949
2023-02-01,70bad96888d7b99e1ccff815522cfdcddc3cf9082546bb8e4babcf9b8a94aab5,btc-2023,btc,bc1qd33l8zal634tv27mqwmpve9gq0mvjr6cw30w9h,0.05410789,1251.25,VENDOR_ONCE,1,0.332
2024-02-15,c01b10cd823e811191ee2188d220ab8f5f9d15c182bd5eac23050cb9b174f42c,btc-2023,btc,bc1q8gmtl64z5ewrdtrke30rvlqdha7hndukrsln23,0.1036466,5368.39,SELF_FORWARD,1,1.0
2023-02-05,479003d6d3543c9020368a2f48bb23fb4dfbc36c6acce5dc0d36397d15796c04,btc-2023,btc,3Ca5vmvEiRjhQXWPp3x56myFcGzFS6afDM,0.06913477,1612.75,MIXED_CUSTODIAL,52,0.949
2024-07-08,ab604d9df06ffc64ce848ca24d6c58f4c8472676b6ab3da03cdadc80d6ca4e89,btc-2023,btc,bc1q4vl9vhm346872th8fqdt4vgtt5hd0d623fkk0w,0.12860188,7183.42,SELF_FORWARD,1,1.0
2024-07-05,6b2969a00537d08888a1fd4febe373fe366eafb8b51ddc74ec496be20d4e1b47,btc-2023,btc,bc1qda8033dmnypml9rvzayckyj75hyryah3yluxgu,0.09124033,5205.26,SELF_FORWARD,1,1.0
2024-07-03,56dcc33d6b2aa21f9afc1c26ce7fd11d8cb615f120192f76f38fd1da582a4171,btc-2023,btc,bc1qnhpqwvj90m7telq22g2f2wdn5njj8xt4eftups,0.0586717,3645.59,SELF_FORWARD,1,1.0
2023-05-12,108b2fc595249c744cacd63c5fb69be8902ccd4a2096a3b442c7860d55b5a831,btc-2023,btc,bc1qny0yupxplvrhe84m0wz98rvw0k9q8uh2ra7ktf,0.19,5124.04,SELF_FORWARD,1,1.0
2023-05-05,4037b88c9464557b6d61c29da38e028529ea64613912ed467999333ba4204524,btc-2023,btc,3Ca5vmvEiRjhQXWPp3x56myFcGzFS6afDM,0.055,1586.1,MIXED_CUSTODIAL,52,0.949
2023-05-03,46cd830fa1e5457117f73ed289eb37c86fb46848b7727a0d98d52e55d4477e60,btc-2023,btc,3Ca5vmvEiRjhQXWPp3x56myFcGzFS6afDM,0.06,1720.19,MIXED_CUSTODIAL,52,0.949
2023-05-01,4b393aa52083930a302d3b5d2a26bac83af8e9b6208f4459d1410e1ca0c24df2,btc-2023,btc,3Ca5vmvEiRjhQXWPp3x56myFcGzFS6afDM,0.07,2046.32,MIXED_CUSTODIAL,52,0.949
2023-04-28,30d170ab79af7b15fdbce8e0aac491cc09dd5dc7b6a1e3cd1760caae3797fac4,btc-2023,btc,1B4dwTdgNrLZQBVUupLVXHDpmhfnA5z8ac,0.03404715,1003.46,MIXED_CUSTODIAL,15,0.694
2023-04-06,e9496b92667c53e7a80b3a7406dcf80cdc97b093fa00371a846bdcf129e5f4be,btc-2023,btc,bc1q9k9l5s0qasdzu6t5p0ekx9m7ffgpgdfvgszen5,0.399,11239.83,SELF_FORWARD,1,1.0
2023-03-29,8d7672f6a7e0d5d1c3cc0ebb2eebff606156295d1dc997a3861954a302b0b887,btc-2023,btc,113cPaLP7eryqsyk9J9VSsNw73QTN4DPhv,0.035,954.14,MIXED_CUSTODIAL,12,0.817
2023-03-22,8c75bbc6907c2cba091f1fe3afa368b35c3a9d6ad73305e36bcc157b97c4e5d7,btc-2023,btc,3Ca5vmvEiRjhQXWPp3x56myFcGzFS6afDM,0.07,1967.55,MIXED_CUSTODIAL,52,0.949
2023-02-23,e2873d54a394b42cf3c4c35ba42938d822d92d14a68ed865df658a4ec6dfb97f,btc-2023,btc,bc1q7nn9ququr0nqtwjana0kwf9jksz8t4jzwx7awj,0.25,6045.55,SELF_FORWARD,1,1.0
2024-03-16,65bc9308bb89670d1e5ed5d7ddb3698ca909d833009eeb9a65d890c76882a5ef,btc-2023,btc,bc1q027e494cwkw7670exastnrktr53nj087fj3k7c,0.08945818,6217.33,SELF_FORWARD,1,1.0
2023-10-28,bb89274a678a522330bd71ada39cf6d9a16c4f94edb337b049c914620954b91f,btc-2023,btc,bc1qavq6f838wn5h2kv3a5t75m96al5eswggh8pc23,0.35890116,12163.88,SELF_FORWARD,1,1.0
2023-06-01,9eb9d4eb85968a8e7718b7e08151bfa778b86249a836a7fa1f8e1ed522adecad,btc-2023,btc,bc1qf27anyl3edtj8npu6tzwcz2qk2v3lx46rp0sek,0.16195772,4406.93,SELF_FORWARD,1,1.0
2023-05-17,2c098c925bd4f4278b54797d202a53b0de498f6cba070accebded5fcf7955381,btc-2023,btc,bc1qjlljsvcurc0gwejakyt7fekjla5wxwlfvktrkv,0.15,4055.08,SELF_FORWARD,1,1.0
2023-05-13,83ae94671f2c20669a16a88deeca3459a282e8ff386698dcdad4f1b97fe98ac2,btc-2023,btc,bc1qscs44hyswlzffeku9k00g3cjwt3mahrxt2kgk3,0.62800473,16827.39,SELF_FORWARD,1,1.0
2024-05-22,1481682e6bc0ef8979323f99cc1a31b49d9970513f8bf6e414abfa238303e4b1,btc-2023,btc,bc1qg3hafvg3rgznxnr9yuwqxy7nm96mv9gq9z2h98,0.2191674,15374.23,SELF_FORWARD,1,1.0
2023-08-21,76a1dc6f1147c11d9b11367d55c061e2f2a565d2781fc7c4a5974b23c73e1658,btc-2023,btc,1G3wNrwRcQiVvaNoGwVHZ3yhXHKXLEpzwK,0.03,785.7,MIXED_CUSTODIAL,41,0.685
2023-08-21,76a1dc6f1147c11d9b11367d55c061e2f2a565d2781fc7c4a5974b23c73e1658,btc-2023,btc,bc1q40f2rwhvddr3kdvhx0c0d0p4jrhv7w5q5v6cex,0.15983289,4186.02,SELF_FORWARD,1,1.0
2023-07-09,2d8160ea6a0e9bd2fd93dd25b274e7b5e9b38e211902acc848a54f315c527df1,btc-2023,btc,bc1qg682h0ks0wx4s58cu4e4w4ugddugfdpxauzkqm,0.21597619,6540.76,MIXED_CUSTODIAL,1,0.66
2023-06-16,a623661368445e2c332285e4670c6a233389af5870152c6c2278b27b28f73f23,btc-2023,btc,113cPaLP7eryqsyk9J9VSsNw73QTN4DPhv,0.035,895.95,MIXED_CUSTODIAL,12,0.817
2023-06-16,a623661368445e2c332285e4670c6a233389af5870152c6c2278b27b28f73f23,btc-2023,btc,1B4dwTdgNrLZQBVUupLVXHDpmhfnA5z8ac,0.035,895.95,MIXED_CUSTODIAL,15,0.694
2023-06-16,a623661368445e2c332285e4670c6a233389af5870152c6c2278b27b28f73f23,btc-2023,btc,bc1q09adp40exwz9wf04ru8cqpxeh93dywrj44dgmj,0.27812292,7119.53,SELF_FORWARD,2,1.0
2023-03-23,ba22f2aa4723c4e6fd5f3b24e37543c67fa3db261288a52f603f2dc79e68914a,btc-2023,btc,bc1q4u9ug54p0ekuqqda98r2m33haq2z3064qfzyyr,0.13710145,3736.15,SELF_FORWARD,1,1.0
2023-03-09,01854c1cba87a839e25d0b5a9ff5327ece2711e1db53a55fe9dc38c3bd893144,btc-2023,btc,bc1qttq626qg7uxphc4yn83uf455ajnwnd0a5g4q93,0.16,3472.7,SELF_SWEEP,1,1.0
2023-03-05,40dadcdfa070dc68a4d98ee9666301a2a1a824db2716c339961004e25ee06590,btc-2023,btc,bc1q3krmhd58kdpfte476a793qk8s04502kwdkvhte,0.24619353,5501.58,SELF_FORWARD,1,1.0
2023-04-26,ea69e299667d00403af25f1d6c459ca4da747970fb280ee69d95db68b07a6f05,btc-2023,btc,35nj4BjPmiJWdmXy2R79JBsw3BBKoVG6Bf,0.14099842,3990.37,SELF_FORWARD,1,1.0
2023-07-26,6617cc86b1747eac59cd0d0614849464de61f3ec0a961feec52087f66a8c4594,btc-2023,btc,bc1qht58kapkwzwfhsjvp789m94pnvn0ynhswh2dqn,0.24705924,7221.27,SELF_FORWARD,1,1.0
2023-03-06,0cf7ab1c4352518fa980a4b79c5ce674baa1248beeacad0b14b4a15e17243c3a,btc-2023,btc,bc1qrnsje8sqsx5e8r2g3wahj9jcgz4yf9xhzt7mlm,0.15,3364.54,SELF_SWEEP,1,1.0
2023-03-01,8c3d59e67ef72d8c88fea76112bfc9f9fb24ab0c15d890a428ed82b163612b23,btc-2023,btc,3Ca5vmvEiRjhQXWPp3x56myFcGzFS6afDM,0.1,2314.16,MIXED_CUSTODIAL,52,0.949
2023-02-26,3599922cdda51c54645645d58be5833c00942343f99f759cd26e55f9c27d8778,btc-2023,btc,bc1q2lyxcrzf3wkcjxnfsf5zdccanag9pquyx39hcm,0.25,5789.27,SELF_FORWARD,1,1.0
2023-07-03,c6a22f0cc325f72d6dcff0dab7619844a6c8e15a7ad0f39f1e8df753c6d73f99,btc-2023,btc,bc1qgyxkd0anwlgzduqhm478888vl4afxad32y446j,0.12668528,3878.73,SELF_FORWARD,2,1.0
2023-09-30,84f84db6427c30c58c8e21f85500ae8aee61d75a9afc6792a50794acfdac2bdb,btc-2023,btc,bc1qkeqs884wmff8qkfr0xl6kvuke63v5kyj2xnsv5,0.19845291,5339.76,SELF_FORWARD,1,1.0
2023-06-20,8bd81c58ecba7f17f50eb8902d9948eb6dd9a91e296df4b9e5e2fe415ed4abd2,btc-2023,btc,1B4dwTdgNrLZQBVUupLVXHDpmhfnA5z8ac,0.02,536.89,MIXED_CUSTODIAL,15,0.694
2023-06-20,8bd81c58ecba7f17f50eb8902d9948eb6dd9a91e296df4b9e5e2fe415ed4abd2,btc-2023,btc,3BE1MdNwcq8eB3SRFzRoGYnR9BG2Tg2sNx,0.06,1610.66,SELF_FORWARD,1,1.0
2023-06-20,8bd81c58ecba7f17f50eb8902d9948eb6dd9a91e296df4b9e5e2fe415ed4abd2,btc-2023,btc,bc1qe875ltvnft0z6prnx39957734w73vgjq9ms9pt,0.09864615,2648.09,SELF_FORWARD,1,1.0
2023-06-14,c50a481b2c9dba41389a50f240aafd63a7de0716032a05305a683d0e185f2d69,btc-2023,btc,bc1q7wca9rhgtqv469v7uxwz479uhemnut4ea444c9,0.27020272,7007.5,SELF_FORWARD,1,1.0
2023-02-01,aaee168754038ef652e40c7d4d04e39551bb5672e583d004861b03e399aa7dcc,btc-2023,btc,1A3UNKBsUHZgCxYwtehuQbydmn2HtA4Yss,0.00218,50.41,SELF_FORWARD,1,1.0
2023-04-08,b5700610eeec9d3969d1737617ebd091b3ba71ff069642d773b2292c35b4a627,btc-2023,btc,3Ca5vmvEiRjhQXWPp3x56myFcGzFS6afDM,0.07,1953.44,MIXED_CUSTODIAL,52,0.949
2023-06-28,3316b9d7b677ff66971e5b20c2c2b43e8b980ec306b523ad0725969e51138988,btc-2023,btc,bc1q7gkr4jlycg5sswj7dmnmrqkc75s3aacftjxqlk,0.03666891,1125.46,SELF_FORWARD,4,1.0
2023-06-26,e2a3965e7d84f6ae9e0c4d5f5cbff297bfbc3aea16b1d66237b6be3ffd2a1182,btc-2023,btc,bc1q7gkr4jlycg5sswj7dmnmrqkc75s3aacftjxqlk,0.10573283,3220.9,SELF_FORWARD,4,1.0
2023-03-24,07c3eb9bcfb56a18b709146fefb2bd8f608516c7d690d2bb4d5bec3b7254ce7f,btc-2023,btc,3Ca5vmvEiRjhQXWPp3x56myFcGzFS6afDM,0.07,1980.68,MIXED_CUSTODIAL,52,0.949
2023-12-02,05eddcab51f62d83041826fdeb289163476d8a2b782d2017e477bba5060bfbda,btc-2023,btc,bc1q5j0070xyvcfax889rqf2nytfx923v7pajf3fqf,0.09755503,3773.67,SELF_FORWARD,1,1.0
2023-10-17,e20ea36d83ae7842e4493934a86e7ebe9b8ac889aa36ccc33afdf778603ab8b7,btc-2023,btc,bc1q5fes5gecq7xc0nx2707jajx9fnwu9chyp45pvn,0.35559468,10134.72,SELF_FORWARD,1,1.0
2023-09-03,4b38bf4cc414985f191b6a6817effb09d5358486fe6185776bd87b5b2e6fbc33,btc-2023,btc,bc1q0g4gl6kw4dtuanm527zpzpdv7vm2kekrllt9vs,0.28805037,7451.72,SELF_FORWARD,1,1.0
2023-08-29,78501c56e1e0e56d5925695fe80ae05c6ee7f13e1b3c932604b3ef8e1c11bfed,btc-2023,btc,16saDwVbcT4jSQUnexodEfuQ4ruRbpSWgb,0.18815478,4914.6,SELF_FORWARD,1,1.0
2023-07-27,cf9ce1ca01c19bac5bb7fa6203fb4412faed7c0c5bd2a5918b6b01fe9f4d9517,btc-2023,btc,bc1qq2zya3kszhxzxhasqgy20h24n2wu2fxcyh2g72,0.03520982,1033.48,SELF_FORWARD,4,1.0
2023-07-12,b6915e903cc0bc78c197ba48410c4b769efafb38266fb2b592bc008b91336d6b,btc-2023,btc,bc1qwe9x08xyakgaxl7890gmxzkzctflm3klyplq0n,0.13387832,4099.64,SELF_FORWARD,1,1.0
2023-05-23,9a6874fb60d9351c9b73dcfe7efd1b68c01ff8f60046c6bff2ee2fad98ca41b2,btc-2023,btc,bc1qjhsk0g0c4867k6yqqnf3dwhw8pzkefq0l8f42h,0.20787163,5581.2,SELF_FORWARD,1,1.0
2023-05-03,e698d8cb69c098f94ced16be15165835e9a0bdba4dfbce77394783b437a17a72,btc-2023,btc,bc1qscx6ndxsrkuyuryhcllhc384q068ezpjnqese2,0.10733181,3077.19,VENDOR_REPEAT,4,0.082
2023-03-22,2c47cd2b46d594a64f3eba79ebed2b4da2c6754b85865e76acc576df8c4cbe6f,btc-2023,btc,bc1qs76twjakqww2xlhpzd5c2f4f7fn24glr4993rp,0.41,11524.2,SELF_FORWARD,1,1.0
2023-08-25,98494036669b8cf3221efafdecdbb2da23b39c5a1c26f6595e6e60d346d25e4f,btc-2023,btc,bc1q2mtzdqx369n4lshx6ppg0ku273k8366t0503gm,0.28372164,7427.85,SELF_FORWARD,1,1.0
2023-07-27,56eb43ed5f6bc20f873a6a22e0c5f92e1cc333ad32a930eec4533c9c4fc8ad33,btc-2023,btc,bc1qq2zya3kszhxzxhasqgy20h24n2wu2fxcyh2g72,0.02409334,707.19,SELF_FORWARD,4,1.0
2023-11-26,5ae8bed8adf41c41e7e345471d4c50016ea51079494926f0603c65e901589f07,btc-2023,btc,bc1qydhmgtr062krft6g3479c44tcj990cwxa5hv9j,0.25946872,9802.9,SELF_FORWARD,1,1.0
2023-11-02,ed42b5fa41911b55af3fc6b1dd76daed3d4a15e9b48c3fa7a83ee96cbfc69cd8,btc-2023,btc,bc1qgzhuymwaaetw5dq26zr6sgjdm7pahk3znm57ar,0.15689274,5557.37,VENDOR_ONCE,1,0.285
2023-08-11,3e0ce52c06125d2d22f5f0addf56d2920ccb4d02b71f5e2c31091889ed574bec,btc-2023,btc,18ubKYNHtBKDMy2KVZNqUCKjGxAGdtzmc2,0.11931644,3514.56,SELF_FORWARD,1,1.0
2023-07-19,e311d63efbd7e11e92c2f7b462709c01f29ac9fb68e7ad16672d3a39396e2751,btc-2023,btc,3QgZardKtbTpMox2N7xPbcRwL91saSmf82,0.06979448,2084.0,SELF_FORWARD,1,1.0
2023-07-15,d87c11b4207b745f599889074164f1c66df979fba00f2da54cb9d7b498b1996b,btc-2023,btc,bc1q60raf6urhc46zn6euarufllgxphgjlmwc9dwng,0.04703625,1425.76,SELF_FORWARD,1,1.0
2023-06-27,af77a20916f1142f3a8138c0c20ccdf6cc86087d09ae8a10e4c706b5f75255cf,btc-2023,btc,bc1q7gkr4jlycg5sswj7dmnmrqkc75s3aacftjxqlk,0.09782979,2961.11,SELF_FORWARD,4,1.0
2023-04-20,5dc592b8bfdaa858d91e5483ee11c3e47e443668dda964f10e612a017a4f0d83,btc-2023,btc,bc1q7r840vdfg3jq75uw80mpdxz5cj3rlfwdxutusv,0.2,5759.42,SELF_FORWARD,1,1.0
2023-04-15,9750bf32b926423508f9733ef1521313d0d0eb4f6207087b756ec59e98006ed2,btc-2023,btc,bc1qs0qn87artpd76kyzphxkmqxs3290lz29rd44nx,0.183,5575.45,SELF_FORWARD,1,1.0
2023-03-31,ed2525ff91d996c9f2c7fc357c227bdb400f59a8b3dce7e51e61db2062c4c22f,btc-2023,btc,3Ca5vmvEiRjhQXWPp3x56myFcGzFS6afDM,0.07,1962.0,MIXED_CUSTODIAL,52,0.949
2023-04-07,25b23b2852c8ae97c4eeef2a659c2c67c23a58371175e2a612efebf78cb82808,btc-2023,btc,113cPaLP7eryqsyk9J9VSsNw73QTN4DPhv,0.035,981.18,MIXED_CUSTODIAL,12,0.817
2023-04-05,7340110ff61e2b13300163c6de354ceef2b6e133f723bbfa84a2795eedd61256,btc-2023,btc,3Ca5vmvEiRjhQXWPp3x56myFcGzFS6afDM,0.07,1971.58,MIXED_CUSTODIAL,52,0.949
2023-09-29,2bc1da5f9621adc9a0917efbe7cb399b45ec7408c3dc47b69905a0f2ea275df4,btc-2023,btc,3FeREfdoahFz5X9sreWrvU2FPqWbSYbjfU,0.07,1891.5,SELF_FORWARD,1,1.0
2023-08-16,a7d2fe5d4670c07494be6e1a83f8017af63c3e02cbfb44f81701343d73eada86,btc-2023,btc,1G3wNrwRcQiVvaNoGwVHZ3yhXHKXLEpzwK,0.015,438.0,MIXED_CUSTODIAL,41,0.685
2023-08-16,a7d2fe5d4670c07494be6e1a83f8017af63c3e02cbfb44f81701343d73eada86,btc-2023,btc,3P16ppqsWAfHxP5xhaoEkcFjrxLcxJ8PgH,0.0342159,999.1,SELF_FORWARD,1,1.0
2023-08-16,a7d2fe5d4670c07494be6e1a83f8017af63c3e02cbfb44f81701343d73eada86,btc-2023,btc,36BfNFZVjmi3yUWkBdzU44WerWuysfCJfo,0.06,1752.0,SELF_FORWARD,1,1.0
2023-07-20,940cd166ff8e4c09c150f778727a93b181ed2e97f2fd12c1bb9fb081dfc057f0,btc-2023,btc,1ALghftdrNP4XKKrrUQemu9Ss99xMwqoZN,0.015,448.64,VENDOR_REPEAT,24,0.365
2023-07-14,f8f6bd3abb78c7048e60a21caa01ba7e862d8a3992b402e60f9d1e787e7f858a,btc-2023,btc,bc1quqat2k7eavra4mqt72gadkrp2nqlr09udjmnwr,0.14503213,4561.87,SELF_FORWARD,1,1.0
2023-06-08,017106c22f9f7c74eb346fcc2cde1d998a8de86a5970dd1fa131a7c2b7803948,btc-2023,btc,bc1q78x5mp6l6zc6gzgdp02qgwk6examt5zpdahrk6,0.33228248,8752.1,SELF_FORWARD,1,1.0
2023-09-22,e283265fa3f331d6ffc22c6f26a3a5996d684912a7fa4ec710e5235311d17053,btc-2023,btc,bc1q8l9g0v9hr2chnf43w0esqw07uerztj2dc3x3t9,0.38751268,10295.47,SELF_FORWARD,1,1.0
2023-03-21,b41235982c306042831fc7e1cc84bbdf5cb952611f6bf711f7f22fab6222f2a5,btc-2023,btc,3Ca5vmvEiRjhQXWPp3x56myFcGzFS6afDM,0.1,2771.7,MIXED_CUSTODIAL,52,0.949
2023-03-08,d516a542583dacfcf7e7e6c588ac50778420b7cdf38d525faf0b7b9b787ae7a3,btc-2023,btc,3Ca5vmvEiRjhQXWPp3x56myFcGzFS6afDM,0.1,2219.86,MIXED_CUSTODIAL,52,0.949
2023-07-22,6b6c23ac085ae12af5c1d0750f36999d300b768938ff56a1d02de65b59c24d0d,btc-2023,btc,bc1q5fd2s2k8tyd7c6v2p024ul96j5y7m7arfqr7l4,0.03913802,1170.29,SELF_FORWARD,1,1.0
2023-06-12,588affdad7857ba03f9cfbf08686798042347a64ea5f51415c741554396bc1c7,btc-2023,btc,bc1q45ckpmedantvmn4gp6kxs4aua00af97qgnu9c9,0.13210259,3424.83,SELF_FORWARD,1,1.0
2023-05-16,0e00c6eeb57d9bcab6e59eefc42906eda59c0187a9b0c8fc4496f6b6b487af0e,btc-2023,btc,3Ca5vmvEiRjhQXWPp3x56myFcGzFS6afDM,0.07,1901.35,MIXED_CUSTODIAL,52,0.949
2024-08-29,260fa0eca7f020512dd80199ebddf72d59e4490a094a238e68197aa4c32c727b,btc-2023,btc,bc1qq9tx7tyf046dhymnllvp2xkka8e8k8ep84hrq4,0.07843994,4630.69,SELF_FORWARD,1,1.0
2024-08-15,1a8ae0bc98283344343c0cc6dc3870e9209f2c0c00047dd04b9c8f477347a5f5,btc-2023,btc,bc1qtpuwzaawldtnvl7pykr0vmq2g75ylvugqgqn3n,0.12627128,7410.03,SELF_FORWARD,1,1.0
2024-07-31,2063c7aee991c97c6ab269fcc2f1cd4b04e5bb3ebeec82becc073b79820a4af1,btc-2023,btc,bc1q2lue88hd6juemakmyjcrayg8svxap7aqewzn67,0.09802813,6488.29,SELF_FORWARD,1,1.0
2024-07-24,25b7e3fd09eb48b5c16380029bbfe4815afdc381018dfe61c49d173850a4c6dd,btc-2023,btc,bc1q75q9tfcpwveqf2rtkjjspyghuwksdzfcm03eqt,0.04948802,3263.04,SELF_FORWARD,1,1.0
2024-07-02,64ac3aaaa22a6482bf3fe3796264cfc83a42dde5daa00fc383d34a0548a1cd34,btc-2023,btc,bc1qz6wqagkx0n9zccgkzl23869veve055yg2y4yrm,0.06038872,3798.45,SELF_FORWARD,1,1.0
2024-06-26,349627a563b95890b4de820871c77e67ef564859d787a2d18e1ff0c4c1abea2a,btc-2023,btc,bc1q32feualr6d9xgewasjq097hez9szup6yc74dqd,0.06084317,3760.47,SELF_FORWARD,1,1.0
2024-06-12,f3bf6cdd331f89decd9429ce87d62b0cf5ad4f8f35a70f46b57ad9ef3a994cbe,btc-2023,btc,bc1qz4xywts2sa20mak5vgdyqclnaxsn30sum2h0qa,0.08695381,5853.23,SELF_FORWARD,1,1.0
2024-06-10,2030d16b10e735027c0d1db2beb3922e3496d9776d5bd4653789237b282e8273,btc-2023,btc,bc1qhm0jpthvn8gjdj4vsdhgx9ytwktxphw4wgdcqx,0.22952746,15986.16,SELF_FORWARD,1,1.0
2024-06-02,388088be941589eb76e948c8cd8a278e9fbde466c0ce1e1c6747850923481916,btc-2023,btc,bc1qut638x0a6du0h0dhrenfrxkzyvpqjqqjgpjtp2,0.15292881,10363.5,SELF_FORWARD,1,1.0
2024-05-30,8583401aaaa82472fd44a3b58f70166b0f8527a7f706fa86d1d0c9f679f48274,btc-2023,btc,bc1q0eac7kgvz32f9k24tgzukhs3tlkellnqs9hdcj,0.05,3382.62,SELF_FORWARD,1,1.0
2024-05-08,96f7f3c25cd5607e5da20b481a0a911bed86ca06a2919e4a1ff37b5308f6eaa2,btc-2023,btc,bc1qdpsf8esyx68q3u7ntyesscvwkgwsd7vjvfklcv,0.05870867,3658.26,SELF_FORWARD,1,1.0
2024-04-03,660e48460df97e3e6528f9f4d3e48752802fb7a287624f9fc75c97805ff294ed,btc-2023,btc,bc1qgyr837da4wszn6e8lrtggmxv48hr7vydfv2k7k,0.09260324,6062.18,SELF_FORWARD,1,1.0
2024-02-08,863e4cb059c77f977f923e6f3fd904929387b5ce1f84b8053802161ca4655ce3,btc-2023,btc,bc1qvwd8ps3xvhacafjaw6509pd8zjpmzc07rcqlhm,0.15755719,6987.6,SELF_FORWARD,1,1.0
2024-01-25,b3311412f0e3fd24343ce297d095c27ce3c4e9bfc0530f100c99a9ce747efef0,btc-2023,btc,bc1q6wcrrq8n9gv24854rqnlwdp7099e37kq7vs7md,0.41290199,16551.13,SELF_FORWARD,1,1.0
2024-01-02,359fd4fc57595ce8a442e347b1d9e4a4ccdeda33e3a3e98656f9e3150a6f3708,btc-2023,btc,bc1qpj4pd78w5kqctf9ktxd4tls80pzxrltwzxpw5c,0.5,22089.78,VENDOR_REPEAT,5,0.235
2023-10-24,549d35b2c2e153d4c8dc6fc19c537a9fdac87e1ce25866e82d68c4889d334ed3,btc-2023,btc,3E5vBXdDYwmgF71QEXFmBoU3bESjHQuVkV,0.1,3307.0,SELF_FORWARD,1,1.0
2023-10-21,adbb1139666f2e40900f53ec1d20e748dde56e0d06b83019e8e8aaddc9bc1544,btc-2023,btc,bc1q3ayy747humdwzj8h35874y7qzg9ng86jr6q8cp,0.67991762,20172.51,SELF_FORWARD,1,1.0
2023-08-09,dee84bbf44e1af913ed4e6ca4e622251489715beeb57ddcccca5b5293f529412,btc-2023,btc,bc1qusm45zp70e5g9vn9jx60gkuj0a92z2wumuceed,0.20944396,6235.23,SELF_FORWARD,1,1.0
2023-07-21,be37b77e71d813aaf7be025861c430eb4a919b6b20fbc632a1dd3e3cd0113ac1,btc-2023,btc,bc1q8cht6tycn22fvxaltg49m8l373jvx7gj4u2t58,0.28038969,8355.61,SELF_FORWARD,1,1.0
2023-07-19,858f055354776cb565aa3ea6fab3d06b30468f4ffdc0de12328f8fd7cf6858cb,btc-2023,btc,1G3wNrwRcQiVvaNoGwVHZ3yhXHKXLEpzwK,0.015,447.89,MIXED_CUSTODIAL,41,0.685
2023-07-19,858f055354776cb565aa3ea6fab3d06b30468f4ffdc0de12328f8fd7cf6858cb,btc-2023,btc,32grxeRE38YCq8CRy6ofBsZPcv6GW2jfw8,0.06,1791.55,SELF_FORWARD,1,1.0
2023-07-10,c3d87e5977cef3661305455eb8808e122a017ec61cb51b7dc3581e0c51e14cb4,btc-2023,btc,bc1q6xt60c5lhsd9rg80mfwl88vmessxxqg8rh3etk,0.05726429,1727.13,SELF_FORWARD,1,1.0
2023-03-17,8a0ab10f27851cd33bab7a0c1e9350241b48f57820a8518fdd6131b9b52f47fe,btc-2023,btc,3Ca5vmvEiRjhQXWPp3x56myFcGzFS6afDM,0.1,2499.88,MIXED_CUSTODIAL,52,0.949
2024-03-21,6f474f95343ec0daee8425063715f82fb79f1918a9bd5adf3543342ed7285967,btc-2023,btc,bc1qprzd5nhwh39ptvu29x4dten2tlxf7p7r2ny2s2,0.22299903,15128.37,SELF_FORWARD,1,1.0
2024-01-30,9754993d99d71899ff15b74abaad34f38fe750cde68b78da0fb4382683ffb13b,btc-2023,btc,bc1qgtm4zmr2duex77nunqtfp0nlxlvvmdpcyv4rjk,0.16900456,7318.36,SELF_FORWARD,1,1.0
2023-04-01,f312797502f08dc84129e910c6a7d07e3163e71b72b0998d3578569e8eda8d92,btc-2023,btc,bc1qscx6ndxsrkuyuryhcllhc384q068ezpjnqese2,0.10497672,2988.2,VENDOR_REPEAT,4,0.082
2023-02-03,6d146136e31f353c09deb8dc2e5ac8209e23fdd9897d292dcfd81bc197bc44d4,btc-2023,btc,bc1qdzufux6ezp24e5h4pj4hyupeazf3svf4gg9uut,0.03417334,802.71,SELF_FORWARD,1,1.0
2023-04-15,d7c15c22cffe23403138515a6c72db4ea407b90c496758aa8be43f343f3bf989,btc-2023,btc,113cPaLP7eryqsyk9J9VSsNw73QTN4DPhv,0.03,914.01,MIXED_CUSTODIAL,12,0.817
2023-03-30,e1579eb6487d71c935c924875a0138024be165d4cf62aeda334fadd4074ab151,btc-2023,btc,3Ca5vmvEiRjhQXWPp3x56myFcGzFS6afDM,0.07,1984.4,MIXED_CUSTODIAL,52,0.949
2023-03-15,0e44aa464844a26458216ba91d0a3fc91042f1842d58f4ab126a9b5cfdb0b752,btc-2023,btc,3Ca5vmvEiRjhQXWPp3x56myFcGzFS6afDM,0.1,2467.04,MIXED_CUSTODIAL,52,0.949
2023-02-11,42d15e19896d85785a6e86c69ee5d6030f0c7c1af4c08dcb5ac68f53e7bd1b89,btc-2023,btc,3NKhaDKcN2MUaGn2qvvWHgPucCQQU3EzdB,0.00245931,53.18,SELF_FORWARD,1,1.0
2023-07-01,0446393d66f9cae2f59c52fd884e2462cb1d85d79c369b4348e378543f450e6a,btc-2023,btc,113cPaLP7eryqsyk9J9VSsNw73QTN4DPhv,0.015,457.08,MIXED_CUSTODIAL,12,0.817
2023-07-01,0446393d66f9cae2f59c52fd884e2462cb1d85d79c369b4348e378543f450e6a,btc-2023,btc,1G3wNrwRcQiVvaNoGwVHZ3yhXHKXLEpzwK,0.015,457.08,MIXED_CUSTODIAL,41,0.685
2023-07-01,0446393d66f9cae2f59c52fd884e2462cb1d85d79c369b4348e378543f450e6a,btc-2023,btc,34UjRUeRDmZDj21ymc4ABgLwkepXxQPYX5,0.06,1828.32,SELF_FORWARD,1,1.0
2023-04-28,cc291b542932097bf6c02626454499af99255a4b7bd2a6b145c1bc65215ba683,btc-2023,btc,3Ca5vmvEiRjhQXWPp3x56myFcGzFS6afDM,0.07,2063.09,MIXED_CUSTODIAL,52,0.949
2023-07-29,e5ffbd48d1ad68ed0dba40991d0da238987aa1e5fa97d91b92b120faab4b793f,btc-2023,btc,bc1qq2zya3kszhxzxhasqgy20h24n2wu2fxcyh2g72,0.22292527,6534.86,SELF_FORWARD,4,1.0
2023-05-24,f9fb250bd77fb1bbab7492d2a64944fa12c5b072d33b2978514e488c99d375db,btc-2023,btc,bc1qnyxxz9ssarsu0uch5cl8e6g454vtr039h0pw6n,0.04843695,1318.43,SELF_FORWARD,1,1.0
2024-05-26,7803e89b4fcc6484f03ff95044bf88ab30221b3403bd4c81652264766ea66a32,btc-2023,btc,bc1qkukmptjpp3dyrnuvhhc76w56kmeyljjs576n8l,0.13349229,9249.76,SELF_FORWARD,1,1.0
2023-09-07,4591596293f6c5bef94f9de46a0ccd794dd9e02a23bfe8f0b261e77b737b3448,btc-2023,btc,bc1qddt7vjfrv2lgdsljh2ch8ra5gv32q50lzyfe7c,0.10074756,2595.25,SELF_FORWARD,1,1.0
2023-08-18,07ddc7ddb2ef7b05f78630797026c2a5db90c7d7f843edfd6e9ea7a12d785aad,btc-2023,btc,1ALghftdrNP4XKKrrUQemu9Ss99xMwqoZN,0.015,399.35,VENDOR_REPEAT,24,0.365
2023-08-18,07ddc7ddb2ef7b05f78630797026c2a5db90c7d7f843edfd6e9ea7a12d785aad,btc-2023,btc,1G3wNrwRcQiVvaNoGwVHZ3yhXHKXLEpzwK,0.03,798.7,MIXED_CUSTODIAL,41,0.685
2023-08-18,07ddc7ddb2ef7b05f78630797026c2a5db90c7d7f843edfd6e9ea7a12d785aad,btc-2023,btc,38y775FgBvbMU63evB8Pj98Q8rrQnXr5op,0.07,1863.64,SELF_FORWARD,1,1.0
2023-08-16,6be4df369e9d8e475381acd1e483b1bd5f1929f2563caf35442e8b25b4833f0f,btc-2023,btc,1G3wNrwRcQiVvaNoGwVHZ3yhXHKXLEpzwK,0.035,1022.0,MIXED_CUSTODIAL,41,0.685
2023-08-08,1bfe92539ddb8c28b9a7df461b61dcee3e075282923df055b882e3c78b48830d,btc-2023,btc,3BzhQn8RmaueqVphLZuRcAJM5VuAddFvGM,0.06,1752.66,SELF_FORWARD,1,1.0
2023-08-05,97980ec5a7514bd77edcea9685b87afc1cf54f66d7017f6652844d57332afc8f,btc-2023,btc,1ALghftdrNP4XKKrrUQemu9Ss99xMwqoZN,0.015,436.71,VENDOR_REPEAT,24,0.365
2023-08-05,97980ec5a7514bd77edcea9685b87afc1cf54f66d7017f6652844d57332afc8f,btc-2023,btc,1G3wNrwRcQiVvaNoGwVHZ3yhXHKXLEpzwK,0.015,436.71,MIXED_CUSTODIAL,41,0.685
2023-08-05,97980ec5a7514bd77edcea9685b87afc1cf54f66d7017f6652844d57332afc8f,btc-2023,btc,3JvGw3ngJd4tAUAkzPJbRVJsp6m8ENm5m7,0.06,1746.84,SELF_FORWARD,1,1.0
2023-08-05,97980ec5a7514bd77edcea9685b87afc1cf54f66d7017f6652844d57332afc8f,btc-2023,btc,bc1qdd9c9tq8hfxmw9c0cgtv8n86a3tpn5ulsa8hmp,0.36316208,10573.1,SELF_FORWARD,1,1.0
2023-04-10,c78b1e6ff2085d28139be5b1d26a669f8f0e92ba05ce1f8329e25f822a4b3623,btc-2023,btc,3Ca5vmvEiRjhQXWPp3x56myFcGzFS6afDM,0.065,1841.04,MIXED_CUSTODIAL,52,0.949
2023-07-24,de6d4d21bae5b600b7eaa322a7e914bdb3527e9251ea7735a3e359fa066ca466,btc-2023,btc,bc1qnc2ttl2z4ksqgnjkl6cecav0vt8cwj6sq60wfv,0.22317658,6713.99,SELF_FORWARD,1,1.0
2023-02-27,a37c4a91dcd2479c3f8446334ac0490c390bd0cb0c1b1053e35102970cc8cf1f,btc-2023,btc,3Ca5vmvEiRjhQXWPp3x56myFcGzFS6afDM,0.1,2355.49,MIXED_CUSTODIAL,52,0.949
2023-07-07,5e9a7386f6c36e014e96ec8d3a1df93158f3273709284da52a4a1f3c038f3001,btc-2023,btc,bc1qtgexqcjj95uw33kvq6jte879qh6g3kf8q95s6f,0.11333692,3388.25,MIXED_CUSTODIAL,1,0.896
2023-06-29,7f97996dffa1180cd4b6e3f0498f92f5934b3fad97c771caa0559f1980ebbafb,btc-2023,btc,bc1q7gkr4jlycg5sswj7dmnmrqkc75s3aacftjxqlk,0.08465275,2546.13,SELF_FORWARD,4,1.0
2023-03-31,bdafb61fbc97c34fb28c8d54ef14aa48ccd734116f624e278aadcc3be763d27d,btc-2023,btc,bc1qv2l0n5attj3e5x2lg4g4sscl940q8xytuvv9ug,0.2,5605.71,SELF_FORWARD,1,1.0
2023-02-09,35e2c0b5b3f7f09c6d58bf5578feeb71270f1336d9db4410646495e18746c41a,btc-2023,btc,113cPaLP7eryqsyk9J9VSsNw73QTN4DPhv,0.045,1033.28,MIXED_CUSTODIAL,12,0.817
2023-07-01,0b16e9d92a309eb0fb699cc75277a19714feffbe857285ab250e620bd68761a9,btc-2023,btc,bc1qeh6t7lp09png987flvmuywqklwrkttkerezjm6,0.03830679,1167.28,SELF_FORWARD,1,1.0
2023-06-30,7992bd60dad2ae20ff7a923cc128ea2d52ebf603f154fdb4508506b517aa7262,btc-2023,btc,bc1qvm3uma7shkhgwgcnnf393ve8t52jugwds7ds8d,0.17496882,5327.33,SELF_FORWARD,1,1.0
2023-06-10,9d6850dcc6d31713f88229e9399102b40334817d0ceda56b82780ebc4c4465bc,btc-2023,btc,bc1qnyq6xyaqmf68u7xdrsd3ecyt3ygpmp8rc4w99p,0.11353453,3006.14,SELF_FORWARD,2,1.0
2024-03-06,11726ecb65f1144dc561a6362536eaee12fc238874f007d0ef794b7f34b27d77,btc-2023,btc,bc1qdy904q9hwnth0a8htkss55h2sj5g75y7cjsxz6,0.0593342,3781.01,SELF_FORWARD,1,1.0
2023-09-15,8fa3c224a449394c3143e754af2622ec9ff6c662376293ef0364b8300c128dad,btc-2023,btc,1FrLZvJi6AcSwo4YhYgM5J9KgtEomBCNUf,0.21,5569.77,VENDOR_REPEAT,3,0.063
2023-06-25,9b8e909e092b9d025b3ed811d6c9a4925b1aa77202771d87a3b30d14ff5f67c7,btc-2023,btc,bc1qlgkc4qu43xq37urpff7p3rdc00se5v3mqt0ns5,0.28297942,8638.64,SELF_FORWARD,1,1.0
2023-06-11,f47bb917337c8438c6487f45fba17c6b8be557f52f6deb09ba526d19e19b9589,btc-2023,btc,bc1qs9yrcmmtcgnxhj6l9grvamhs8nc2pdm3mxj87e,0.03492978,902.63,SELF_FORWARD,1,1.0
2023-04-21,84e831d6d8daf5a7e080821b42088c25c7e5cc23130deb8bc4e99a58c1b04ed1,btc-2023,btc,3Ca5vmvEiRjhQXWPp3x56myFcGzFS6afDM,0.07,1977.06,MIXED_CUSTODIAL,52,0.949
2023-02-19,e27fbf5591e913de887cd7546e6b5a4d65ca5d7bac4395ec2bb5dd6b3aa4b7c4,btc-2023,btc,bc1qm2u0q0c8hxkxz98fuev2gf4h0wvda9w69mv88q,0.25,6158.01,SELF_FORWARD,1,1.0
2023-03-26,29b867527ca886d9156e93b88062edd7e4ea3356fa9b72075bdb406211e3c3bd,btc-2023,btc,3Ca5vmvEiRjhQXWPp3x56myFcGzFS6afDM,0.07,1922.41,MIXED_CUSTODIAL,52,0.949
2024-05-12,83a6f296faa08a69f12449ca05836b9073386ea3abce07e2ced8c4854d412347,btc-2023,btc,bc1ql8uhspkly37p5u0dv8gkgr9vh5mtvfdn6493z6,0.14643967,8907.34,SELF_FORWARD,1,1.0
2023-12-08,86568882bc759f2d88d05d8409debc37afdef3942cc8ea48ccbfad3505d3cfcb,btc-2023,btc,bc1qhqvy44knmmavel36n8479vnwwm4xpvk70d0lnz,0.28712204,12424.68,SELF_FORWARD,1,1.0
2023-09-13,dfac93cdc8fa22b056ea4bad84f2623f9b2cf5940b88284236df43f931b504e6,btc-2023,btc,bc1qaf9sh3g8uv6fwydkl76an4qx26frms8waxx6ex,0.08450287,2183.56,SELF_FORWARD,1,1.0
2023-09-18,4fa4bd9c1cf1af090dbd44c0fe93ffd1b09f94de440d4ca3b4eef3386d266634,btc-2023,btc,bc1q6s9wfp5pmc03uly498p6760qfptpdc6a28quuy,0.18446404,4893.37,SELF_FORWARD,1,1.0
2023-08-23,1a4059c8f87f5eb632cad8b7648780cd483272e155097161a35131f939d7be88,btc-2023,btc,1G3wNrwRcQiVvaNoGwVHZ3yhXHKXLEpzwK,0.03,781.68,MIXED_CUSTODIAL,41,0.685
2023-08-23,1a4059c8f87f5eb632cad8b7648780cd483272e155097161a35131f939d7be88,btc-2023,btc,3D8cPh1c99CbUBKhQsy8a3NvY8c7YnHXiJ,0.065,1693.64,SELF_FORWARD,1,1.0
2024-09-17,bc82c59a7a9979d5df7f225933ced89fab7ef00fb588a8b58979c7996b623986,btc-2023,btc,bc1q5nz524a729kenet6vjm0aw7ulnm8utjfrrcugd,0.06345377,3693.9,SELF_FORWARD,1,1.0
2024-09-07,c19515841b9ab496c9f3bbe696eac60367ab3daba1c4a6677f2e416d16d875f4,btc-2023,btc,bc1ql9d5t8k9dc8ty3d8zgzfyacl722en84zw9l4va,0.04734426,2554.84,SELF_FORWARD,1,1.0
2024-06-10,56f0257e48ef50197a7d146aa09238de894dbc9dd9ef889145ff0b763f1e4fb2,btc-2023,btc,bc1qxytq7fprrl596uqxy8h8clc7dpxsnegsfdyqhr,0.05403478,3763.42,SELF_FORWARD,1,1.0
2024-01-08,9ca5abd3cf1eb27535723bddfd0f44e7813d986673985bb9206e2642b1575be6,btc-2023,btc,bc1qpj4pd78w5kqctf9ktxd4tls80pzxrltwzxpw5c,0.12173099,5347.52,VENDOR_REPEAT,5,0.235
2023-10-30,9eca8b7df53b4bbb09d8696a6b555d6c1fc0023335b63e84260d344eb58c60fc,btc-2023,btc,1ALghftdrNP4XKKrrUQemu9Ss99xMwqoZN,0.015,517.89,VENDOR_REPEAT,24,0.365
2023-10-30,9eca8b7df53b4bbb09d8696a6b555d6c1fc0023335b63e84260d344eb58c60fc,btc-2023,btc,bc1qvs93wh4af3j4hljf28pp4ssjdx9xj4luq3xvy7,0.16203559,5594.42,SELF_FORWARD,1,1.0
2023-10-26,605140c65b70bcbbe4d54ccbcaa2087455feaef7b331bbb649103fd4e17f8403,btc-2023,btc,1G3wNrwRcQiVvaNoGwVHZ3yhXHKXLEpzwK,0.03,1034.88,MIXED_CUSTODIAL,41,0.685
2023-10-26,605140c65b70bcbbe4d54ccbcaa2087455feaef7b331bbb649103fd4e17f8403,btc-2023,btc,3FF2HcRi2D2k7pWFMDHuZhyNuPm854U7Uq,0.1,3449.61,SELF_FORWARD,1,1.0
2023-10-26,605140c65b70bcbbe4d54ccbcaa2087455feaef7b331bbb649103fd4e17f8403,btc-2023,btc,bc1qe8ge0zmpggmj68k77euq8z827cwseyzrucfn28,0.38299941,13211.97,SELF_FORWARD,1,1.0
2023-10-08,4e9442c73563d9d90a90bea943951488e89debfa8ae8bf535afcf2077b04fe6a,btc-2023,btc,bc1qxgp9rgmf4u4uxm0ntu58lpd0z5z8hru0q4tcgd,0.60293919,16856.17,SELF_FORWARD,1,1.0
2024-06-28,a2f5216b1d9f70c4f28fe76c31a109ca25f5207578d9356dfad5c0719cf2a3db,btc-2023,btc,bc1qewe3t8kkvuqr4f5hde5gwu04hllu7g3udtrpw9,0.09705927,5989.18,SELF_FORWARD,1,1.0
2023-03-11,665f2c673f8cc8740edb67385e8273043590e11ab5f7503d3f7681dcc1db50f9,btc-2023,btc,113cPaLP7eryqsyk9J9VSsNw73QTN4DPhv,0.05,1007.53,MIXED_CUSTODIAL,12,0.817
2023-04-10,ca0029e4e6028a64bc0ac37ba781440341d90f1fb6d235098188f76792704422,btc-2023,btc,1B4dwTdgNrLZQBVUupLVXHDpmhfnA5z8ac,0.035,991.33,MIXED_CUSTODIAL,15,0.694
2023-09-16,617170e6243a9fe3a53ac7907ff7d8811c8416aec02030182db75714a27ae592,btc-2023,btc,1G3wNrwRcQiVvaNoGwVHZ3yhXHKXLEpzwK,0.03262647,867.86,MIXED_CUSTODIAL,41,0.685
2023-06-10,f456e85b5a34716fc49eb6de82a1e0caf69b58f935a45d65dfcb778eada5d4d1,btc-2023,btc,bc1qnyq6xyaqmf68u7xdrsd3ecyt3ygpmp8rc4w99p,0.06113616,1618.75,SELF_FORWARD,2,1.0
2023-04-25,14ea0de3926d8c9f2ea3a56fc651035d8d58e2e07c12ce42da4dc482230aca12,btc-2023,btc,3Ca5vmvEiRjhQXWPp3x56myFcGzFS6afDM,0.07,1925.77,MIXED_CUSTODIAL,52,0.949
2023-03-01,c51b9e2a5427c8da9896d3b233c8f08c7c409abba9af9407deb3fecb168159e0,btc-2023,btc,bc1q9xswxstcldsfczr96c3eqe5uqpan579cz2llkh,0.06582535,1523.3,SELF_FORWARD,1,1.0
2023-03-28,8dd37e6e628c101ca6e55ea17be37ccefda538bc019b5d8c5dbca17f06f40751,btc-2023,btc,3Ca5vmvEiRjhQXWPp3x56myFcGzFS6afDM,0.07,1898.74,MIXED_CUSTODIAL,52,0.949
2023-06-09,92df1cb5a11f974baa64fc94be1ab72e1eda94629513573899daa03faab62185,btc-2023,btc,bc1q6dv0fsgsm495vzjm0x466lc5scc53hjv3pppaw,0.13336366,3533.95,SELF_FORWARD,1,1.0
2024-06-15,4b414be65673adae43e7fb7cde165297a357bd19165c2fc3960a90961cc051bf,btc-2023,btc,bc1q400g08t6k35udzzq4y2zxhdyvf2a6h2a8aypgz,0.11733552,7749.31,SELF_FORWARD,1,1.0
2024-03-05,14c746a288562d7e0567d1fc9107087ae6de8242fbfef5bc84fc088db2c04e4a,btc-2023,btc,bc1q2m8gkzjfgrfvznlw2xucl6qut54cnz8atmmwsl,0.02907722,1984.4,SELF_FORWARD,1,1.0
2023-11-22,e1b5698d4c575263ac17248ca0989d34077642e0176063f409735f7e7573f501,btc-2023,btc,bc1qs40ege7873vppwww0ps7uzt0quz28plw4rhavs,0.18113801,6474.17,SELF_FORWARD,1,1.0
2023-11-05,664a17d57a27f5fa7dfa432d6f418001f0d7ca3b83ee7c8f3db1599b27b447ca,btc-2023,btc,bc1q69rxfhqegdljd9kfdsxls6za2ll5yg3gavkpes,0.37055312,12992.36,SELF_FORWARD,1,1.0
2023-09-29,c2685a0b853d924ceb241f37d5c2698044ba210f74d742283c037f3ea70fd0cb,btc-2023,btc,1ALghftdrNP4XKKrrUQemu9Ss99xMwqoZN,0.02,540.43,VENDOR_REPEAT,24,0.365
2023-09-29,c2685a0b853d924ceb241f37d5c2698044ba210f74d742283c037f3ea70fd0cb,btc-2023,btc,1G3wNrwRcQiVvaNoGwVHZ3yhXHKXLEpzwK,0.04,1080.86,MIXED_CUSTODIAL,41,0.685
2023-09-29,c2685a0b853d924ceb241f37d5c2698044ba210f74d742283c037f3ea70fd0cb,btc-2023,btc,bc1qmvlymdpl87rnk5vfpya72tryw9jzx6rf7w7zhj,0.21,5674.49,SELF_FORWARD,1,1.0
2023-09-16,6730c5da281b2b48a9789ba7eef3ca5cb7cbef15da9748155443bef53e4dd646,btc-2023,btc,3M9YkjdcirD8Bd2hZu4gfp5Vw4xi8PR3Na,0.08460343,2250.45,SELF_FORWARD,1,1.0
2023-07-28,a5e921cc7ffebaab818e9e67ab0790f60f21ef16bc7f079dba596b168c9f2673,btc-2023,btc,bc1qq2zya3kszhxzxhasqgy20h24n2wu2fxcyh2g72,0.10688357,3123.44,SELF_FORWARD,4,1.0
2023-07-25,df97b872b8988792d82cccf6f01715c1631ef3b7a131cddaaec59d0bb0d2e008,btc-2023,btc,1G3wNrwRcQiVvaNoGwVHZ3yhXHKXLEpzwK,0.015,437.65,MIXED_CUSTODIAL,41,0.685
2023-07-25,df97b872b8988792d82cccf6f01715c1631ef3b7a131cddaaec59d0bb0d2e008,btc-2023,btc,33UqcGp4CpShvTEE78CL5gG8GDDubdgjYY,0.06,1750.59,SELF_FORWARD,1,1.0
2023-07-22,9be65faaf4bc30aa9bcad6a9ab3a47ea80f3e93a60db9085860838780df66286,btc-2023,btc,1G3wNrwRcQiVvaNoGwVHZ3yhXHKXLEpzwK,0.015,448.53,MIXED_CUSTODIAL,41,0.685
2023-07-22,9be65faaf4bc30aa9bcad6a9ab3a47ea80f3e93a60db9085860838780df66286,btc-2023,btc,33yBGRCqZsqxis3ukjC9tmeSPch1Zsvj5y,0.06,1794.1,SELF_FORWARD,1,1.0
2023-07-18,42caa61ba783e057f7ffd82dc246fbf13e44d9d5af71143f77a19e1938beca03,btc-2023,btc,1G3wNrwRcQiVvaNoGwVHZ3yhXHKXLEpzwK,0.015,452.07,MIXED_CUSTODIAL,41,0.685
2023-07-18,42caa61ba783e057f7ffd82dc246fbf13e44d9d5af71143f77a19e1938beca03,btc-2023,btc,1FrLZvJi6AcSwo4YhYgM5J9KgtEomBCNUf,0.18,5424.84,VENDOR_REPEAT,3,0.063
2023-06-18,1c0e5ac4744b87559df8bbbe2c163d37c4b79644b3911760c0d980ae05771118,btc-2023,btc,bc1qr6k74paexadqa5x6c76xeyudjsf6x5z003xhf4,0.04090007,1084.55,SELF_FORWARD,1,1.0
2023-09-13,a234778f5f966d1a3ece6bd8df7ba2e7b44860aebdbf0c4afc35a633062091a6,btc-2023,btc,1ALghftdrNP4XKKrrUQemu9Ss99xMwqoZN,0.015,387.6,VENDOR_REPEAT,24,0.365
2023-09-13,a234778f5f966d1a3ece6bd8df7ba2e7b44860aebdbf0c4afc35a633062091a6,btc-2023,btc,1G3wNrwRcQiVvaNoGwVHZ3yhXHKXLEpzwK,0.03,775.2,MIXED_CUSTODIAL,41,0.685
2023-09-13,a234778f5f966d1a3ece6bd8df7ba2e7b44860aebdbf0c4afc35a633062091a6,btc-2023,btc,37Gw632j6AF6Psmi7HCFXa8GSFRNcAcrMW,0.1,2584.01,SELF_FORWARD,1,1.0
2023-09-13,a234778f5f966d1a3ece6bd8df7ba2e7b44860aebdbf0c4afc35a633062091a6,btc-2023,btc,bc1qm95x843lzd7fdkv7xqfu0e2xpxrh5gdh43ywca,0.10098516,2609.47,SELF_FORWARD,1,1.0
2023-03-01,af312be29dc2d2b3d0f210f8c345d7af58f85b45ee11fcae5aa98da9421f18b4,btc-2023,btc,bc1q5st6llmzk83n5u5gsx47fjkyt8a9zryy4fw0y2,0.12873277,2979.08,VENDOR_REPEAT,3,0.268
2023-10-01,4eb2d0e449d2f16d0bd0ed321febcf09671502e06aa2bda164ec5979215a24ec,btc-2023,btc,bc1qtldk4y9mghjrhvxg0vchs2clg7gelhpklrn20y,0.14791584,3988.19,SELF_FORWARD,1,1.0
2024-10-03,bb6c983493f82602420c51894ea344e79f90e428e8fbc6f290edd95be1162bf1,btc-2023,btc,bc1q6jdpjqhth47qssp5szv06zftpt0yaefj4ea8n5,0.06291465,3815.73,SELF_FORWARD,1,1.0
2024-09-26,ec9b91e9080e66beb1afd71688fbfafa62b7ebbc5a2779c9903b31b45acf9fd9,btc-2023,btc,bc1qe6req96qtwm3vg6kpnn6nle4r3d7hlddw8u5pq,0.10261689,6480.46,SELF_FORWARD,1,1.0
2024-09-19,65a7981a2c87d703265f2b6f8f7b291a275db250467c8cecf99813d559785bbc,btc-2023,btc,bc1qxl647774k45jp9fmmlvnezwzzkxs7guy0c2hm2,0.06498949,4013.75,SELF_FORWARD,1,1.0
2024-09-09,0b13be161bc557d02693def8d8f760a513736ab15e36514a4c1c7c94954989d1,btc-2023,btc,bc1qythxzp6s8d7p3pd38jjt8vltn365d6d4gry6ly,0.07838034,4300.73,SELF_FORWARD,1,1.0
2024-09-05,5a2939bb538f93e438e7e485ffc92f8dae1b1eabc3e327db3ecb77ed8e4acb31,btc-2023,btc,bc1qvt5ux87vldjt32emugpd9fe9ysc2yf2ye54f42,0.05141029,2980.3,SELF_FORWARD,1,1.0
2024-09-04,c9cdbde618fda6a8180a55f41e776c5c775c6617d1ffb90a2d5eed3f3fb39ab7,btc-2023,btc,bc1qty30gqed8e6q2zajrjp447sfn39tj2g8mnfd70,0.07980242,4587.66,SELF_FORWARD,1,1.0
2024-08-27,5de7a1adfb7793abfcabbfbc31aee719500b0ff9dcab701616dd4a45ad839245,btc-2023,btc,bc1q4vrxc5fhjzeeqzs9h4yrefw6llagzspelp3drp,0.12189281,7659.01,SELF_FORWARD,1,1.0
2024-06-23,f5faaae3d830511feb90bf96b054f97acb845cfe5e8c0d80c345313ee95dd723,btc-2023,btc,bc1qrda0n7a3x5qez4urwdku87sjjed3mwt0z9uksv,0.04655823,2991.93,SELF_FORWARD,1,1.0
2024-05-28,87d6146543a25fa31f666019a331318f204c31496f6688e873e36d9461dbc587,btc-2023,btc,bc1qp7lqur05szxz73ea4zv26myrermw4z8rs884ad,0.02611768,1813.52,SELF_FORWARD,1,1.0
2024-05-02,70a77f547b66bd0a09d511617f59414025bc275c8d4002e51f4969767d8db45e,btc-2023,btc,bc1qqp0s03cq6q8jqh7t0fdv7v05mpqpadcp4anr6j,0.12888617,7522.44,SELF_FORWARD,1,1.0
2024-04-27,d28d6217360bd3f8aa86464ed2c718e3f6b2e1cc2cb7162d95d7e9b781ed185e,btc-2023,btc,bc1qga2nuafwlqvndqx7jq6gjd0he3tn4vdmtje3zg,0.06201226,3954.52,SELF_FORWARD,1,1.0
2024-03-13,347392ff1669d279dfd2d0b7891b1f1160febe29ea852bf10778ece5db324a04,btc-2023,btc,bc1qt4ky584nxcyhaqquw752rcknqa30z6pjt553ca,0.04096891,2927.31,SELF_FORWARD,1,1.0
2024-02-28,0829c2b6c1c0b59f04e1c8cf44c80c83f1ea38f6ce396cda594f5cbcfb507adc,btc-2023,btc,bc1q045khtkw7p2j0f06nw7yudh380lekkk25nzetz,0.15999909,9125.92,SELF_FORWARD,1,1.0
2024-02-13,9e5f2fa0002b203bd6f88e71e6c7ca20569ca559c0046001f59180284b733b12,btc-2023,btc,bc1qp35w74hl446vlktc8l3jw27u4v4uv6ql9eyt63,0.11680926,5830.8,SELF_FORWARD,1,1.0
2024-02-01,229a433d765b0b472b2bb05afb0f5ff11ed3cb85fdb91c4e5293205fb4fe632f,btc-2023,btc,bc1q5wdz6ypkd899m3c0x2sqysjtw4v60ww382tm09,0.06720838,2861.73,SELF_FORWARD,1,1.0
2024-01-21,1d2e5bc4ccacc2893b13f79cacc311986ab299b4b7d40e7c19ef3e7f06bff615,btc-2023,btc,bc1q4603vflcmam8yvxqpamkfagrdvf5l4tjteytj4,0.2,8339.21,SELF_FORWARD,1,1.0
2024-01-05,9d582d723cc09d0dab0fe4366f84f05358f92021fe0d651f8b4680fab0b4abc8,btc-2023,btc,bc1qpj4pd78w5kqctf9ktxd4tls80pzxrltwzxpw5c,0.17618652,7778.83,VENDOR_REPEAT,5,0.235
2023-11-28,8d56c6efc947c33bf769c0ecc211b5a2eb91090f3ddac9aacf5d46a9b08faae0,btc-2023,btc,bc1qzmqzdgsy7xtd5qtscqmv4ahcst082vkff77qn8,0.14505505,5402.24,SELF_FORWARD,1,1.0
2023-11-07,48596158c00ffbe453f77248d459815718242d4067196b4de6915f7ee81c80bd,btc-2023,btc,bc1qmg6q988x845rvk3dvec09rh4dwaeutf5xkqf62,0.2527416,8857.6,SELF_FORWARD,2,1.0
2023-09-07,28fd664fdcba3c8b153ad2f32446715cccbc6b708bc335ccb64d29ed9cb47d75,btc-2023,btc,1ALghftdrNP4XKKrrUQemu9Ss99xMwqoZN,0.015,386.4,VENDOR_REPEAT,24,0.365
2023-09-07,28fd664fdcba3c8b153ad2f32446715cccbc6b708bc335ccb64d29ed9cb47d75,btc-2023,btc,35VbH1ighvxf7B31GB8K78cwQHxep5wRuC,0.07,1803.2,SELF_FORWARD,1,1.0
2023-09-05,5c49aceedc08a35f80c188f0b8e07445be5050f8ee06a7db3ce31728df06ab0b,btc-2023,btc,bc1qkvn0lck2sxkuwxaejh262evejcu65dy95awhxh,0.29786564,7692.69,SELF_FORWARD,1,1.0
2023-09-01,134bd8e2d3405e19fffbe5ec77bd1fc81c4b065889d0d4119628d6b5e578046e,btc-2023,btc,1ALghftdrNP4XKKrrUQemu9Ss99xMwqoZN,0.015,389.11,VENDOR_REPEAT,24,0.365
2023-09-01,134bd8e2d3405e19fffbe5ec77bd1fc81c4b065889d0d4119628d6b5e578046e,btc-2023,btc,1G3wNrwRcQiVvaNoGwVHZ3yhXHKXLEpzwK,0.03,778.22,MIXED_CUSTODIAL,41,0.685
2023-06-04,95500d7b072ddfef8f389f2cdf2e1c393afafca86a639c33e7f23be131732d2f,btc-2023,btc,14qEw7NjVqgJpgPDm5rJhVb2pc8UEjhry2,0.2,5413.84,VENDOR_ONCE,1,0.023
2023-05-21,0e1949fc4225121a350970c8475b8f97bf584e416de2125bf6756818cb79f55c,btc-2023,btc,3Ca5vmvEiRjhQXWPp3x56myFcGzFS6afDM,0.07,1897.17,MIXED_CUSTODIAL,52,0.949
2023-06-18,2928d2989334ff2432e1a0eada13ab2504fce9e6e804a111c9c99cfde30aa1b9,btc-2023,btc,1B4dwTdgNrLZQBVUupLVXHDpmhfnA5z8ac,0.035,928.09,MIXED_CUSTODIAL,15,0.694
2023-06-18,2928d2989334ff2432e1a0eada13ab2504fce9e6e804a111c9c99cfde30aa1b9,btc-2023,btc,3KtZwNq34WovB1jcUf9PiwSeab8r3SLBRP,0.07,1856.19,SELF_FORWARD,1,1.0
2023-05-16,aef4ec7dccee39206dfe7cce4fed94e86f45c809947d03f44e09417aea70982b,btc-2023,btc,1B4dwTdgNrLZQBVUupLVXHDpmhfnA5z8ac,0.035,950.68,MIXED_CUSTODIAL,15,0.694
2023-02-12,2242c5e3bf7a1a69677185ace4f2491991658b8eb12c67355c3ff9af8bfc179f,btc-2023,btc,3Ca5vmvEiRjhQXWPp3x56myFcGzFS6afDM,0.1,2186.2,MIXED_CUSTODIAL,52,0.949
2023-07-31,7ba7b9f8a217f845578d22c9462a4e8e0f27bf04928e81380a0d306778bf7cb8,btc-2023,btc,bc1qudeex8s39pgn6re3rhcetyjgaty7vgs3vxyh6h,0.14762894,4322.74,SELF_FORWARD,2,1.0
2023-07-27,68b1a0dc25a9f2625f2e5591acfdba6cab8c951b3d8457c2c17f8db98cd663df,btc-2023,btc,1ALghftdrNP4XKKrrUQemu9Ss99xMwqoZN,0.015,440.28,VENDOR_REPEAT,24,0.365
2023-07-27,68b1a0dc25a9f2625f2e5591acfdba6cab8c951b3d8457c2c17f8db98cd663df,btc-2023,btc,1G3wNrwRcQiVvaNoGwVHZ3yhXHKXLEpzwK,0.015,440.28,MIXED_CUSTODIAL,41,0.685
2023-07-27,68b1a0dc25a9f2625f2e5591acfdba6cab8c951b3d8457c2c17f8db98cd663df,btc-2023,btc,3MpwnZ7Q8WFojo4iCigmWAY7dvF6tytCpy,0.06,1761.12,SELF_FORWARD,1,1.0
2024-03-07,200196aeef8ed93450269873e423328074c1f6b0c0be8c44e061e5c60a036d8d,btc-2023,btc,bc1q09adp40exwz9wf04ru8cqpxeh93dywrj44dgmj,0.03125556,2065.18,SELF_FORWARD,2,1.0
2024-02-18,f807192daaeeff48d36b192ada58a5be1730b754a895ff118faaee9d04c93e92,btc-2023,btc,bc1qas9van9c8l7f476mk6ysta7v48mhqkksdqqc7v,0.07458428,3851.73,SELF_FORWARD,1,1.0
2023-09-26,876c54a662a5170d2ba3828e51f240795c648b61c2e6d8d28d59f9a80cc3940a,btc-2023,btc,bc1q44ghk23lxaxzwq4y6lgsvxe8hdd4l89rwmg4yz,0.20723852,5451.37,SELF_FORWARD,1,1.0
2023-08-08,2b4ca4e7de23026156193d65147af1e335fea86b686c88d4d2eaa9f1716e7c9c,btc-2023,btc,1G3wNrwRcQiVvaNoGwVHZ3yhXHKXLEpzwK,0.015,438.17,MIXED_CUSTODIAL,41,0.685
2023-08-08,2b4ca4e7de23026156193d65147af1e335fea86b686c88d4d2eaa9f1716e7c9c,btc-2023,btc,1EGuRCR4pJoTDk8bW4fkZRXWBBs93SdYvB,0.07,2044.77,SELF_FORWARD,1,1.0
2024-03-01,56294f14f2429d0dda4b21eeaf32f1343cd6e655f74f18e03eb84aa927029341,btc-2023,btc,bc1q9ae43dwfl4vm4dqdchul8qvunc623jxu7t2w6m,0.05878217,3593.41,SELF_FORWARD,1,1.0
2023-02-13,0b9e7ca88d849c29cfbea2f5ab3521f55db8962214a0af99ffba44f14025030f,btc-2023,btc,3Ca5vmvEiRjhQXWPp3x56myFcGzFS6afDM,0.1,2178.24,MIXED_CUSTODIAL,52,0.949
2023-08-07,f1d3b3fdedb596553a11b44dd0bb54c6ba2fa6fb373ac0787c6ae445cbc7edfa,btc-2023,btc,36h4FtSwQqnkFNBB33q3t9XsirrabKMku6,0.04495478,1307.66,SELF_FORWARD,1,1.0
2023-07-05,a51d97e58dc31fd78bdb646c6326c5601bd2c6423543c655860a06300ac535b0,btc-2023,btc,bc1qgyxkd0anwlgzduqhm478888vl4afxad32y446j,0.09697532,2983.59,SELF_FORWARD,2,1.0
2023-10-04,87d8725e130d79b01309e4c4ec3e142c17072ba843793688bb11a5251c2b8294,btc-2023,btc,3JE5WM3vznxoweZTKM9YhvCRRYZaw3Xv7e,0.07,1919.85,SELF_FORWARD,1,1.0
2023-10-04,87d8725e130d79b01309e4c4ec3e142c17072ba843793688bb11a5251c2b8294,btc-2023,btc,bc1qgynn3s84z729kzng4tsxpp0y89rvz3cfzxpff3,0.21,5759.55,SELF_FORWARD,1,1.0
2023-07-17,d79230fb5736ab4167725aa68888ac61cfe61f8b1ee1556f4b0d39fbf2490003,btc-2023,btc,31spFZcLsFkb5mcb4SREHGTXqR57xS6paS,0.0013233,40.01,SELF_FORWARD,1,1.0
2023-07-07,102f8c2d686298ce0ef1f0a7250abe6f1fdd71235f99419ae1afe3bc80a7777e,btc-2023,btc,1ALghftdrNP4XKKrrUQemu9Ss99xMwqoZN,0.015,448.43,VENDOR_REPEAT,24,0.365
2023-07-07,102f8c2d686298ce0ef1f0a7250abe6f1fdd71235f99419ae1afe3bc80a7777e,btc-2023,btc,1FrLZvJi6AcSwo4YhYgM5J9KgtEomBCNUf,0.015,448.43,VENDOR_REPEAT,3,0.063
2023-07-07,102f8c2d686298ce0ef1f0a7250abe6f1fdd71235f99419ae1afe3bc80a7777e,btc-2023,btc,346zpogAcFBA4uVhiLeB1ojALAgmF7MQ3Y,0.06,1793.73,SELF_FORWARD,1,1.0
2023-04-17,ec5bf34f814838a5b623fb6f7f49c66e2fb25e608f9c491d028399f7b8e94b8f,btc-2023,btc,3Ca5vmvEiRjhQXWPp3x56myFcGzFS6afDM,0.07,2121.33,MIXED_CUSTODIAL,52,0.949
2023-04-12,5f160d79f611cf8b80eafee5ee48fedbfa634538336944892b10dc8f0e770dc8,btc-2023,btc,3Ca5vmvEiRjhQXWPp3x56myFcGzFS6afDM,0.06,1812.03,MIXED_CUSTODIAL,52,0.949
2023-03-15,d53da72bd10fa11f8de39d29afd724c7d345926819da1fa413734b64b550ad13,btc-2023,btc,1B4dwTdgNrLZQBVUupLVXHDpmhfnA5z8ac,0.05,1233.52,MIXED_CUSTODIAL,15,0.694
2023-02-21,0613e16d3dda00d121c4489ccdde27914b68d25dec9958772b915907c42f078e,btc-2023,btc,3Ca5vmvEiRjhQXWPp3x56myFcGzFS6afDM,0.07,1739.07,MIXED_CUSTODIAL,52,0.949
2023-02-16,c8f16da457be402a8555a22343a31d3053a17cbf72e3d8cc4491f14506852d3c,btc-2023,btc,3Ca5vmvEiRjhQXWPp3x56myFcGzFS6afDM,0.085,2067.44,MIXED_CUSTODIAL,52,0.949
2023-10-22,c26c892724c6917b4010e2cd5ef45091866584325b779a31fc5b79b99c4f5ca0,btc-2023,btc,34SugW1jC8V8fuFvstfr5zLj5Tmw1e5s51,0.1,2990.98,SELF_FORWARD,1,1.0
2024-03-12,b1e630772028cac68b8b11b1da603902f43cd2b1eba310c1a71224a0418532ea,btc-2023,btc,bc1qekr9jmxww7kg4g5kdh0m3eevupydgk3trc6vqs,0.12217589,8806.21,SELF_FORWARD,1,1.0
2024-02-09,4a7db34ce148816ceb88e469182566ccd6477a629c3bafb9791220d9649980d0,btc-2023,btc,bc1q6rhs7lht6w05t8vc57sge0muxlkhnthgwu59a8,0.07496205,3394.93,SELF_FORWARD,1,1.0
2024-01-18,3c905edea4deb33595023a251e0f3462fbaab2c6358f3a26c74dd576335347d3,btc-2023,btc,bc1qhlvwgwuzdfn5kfzrl2v77gdz27le6cxrl5c55n,0.2,8555.22,SELF_FORWARD,1,1.0
2023-12-09,0c948b9b17f1c29232e682eaad4620fffaceafa26e05b12074b8e53a741ae273,btc-2023,btc,bc1q94cwdpu92f2axg33jezpgqejfcsdg9r89atyt8,0.05584435,2466.7,SELF_FORWARD,1,1.0
2023-11-30,56a299fe1e874a8557da91ea32c799712cee4e25296d3d28d815e75fcb896062,btc-2023,btc,bc1qte6cnn79e7uqd88agv2a9crsd73rlmn2yktx9s,0.07034996,2663.07,SELF_FORWARD,1,1.0
2023-09-30,b0b5db7a4aeb541dd0968194ec5a3df107475b4c62a630eab56e2acb08fbbee1,btc-2023,btc,35eM7ekdAgCKQ2hDBM79DpGhQERP65QozQ,0.075,2018.02,SELF_FORWARD,1,1.0
2023-05-16,48a719c79f55ca8243c14fbb9af9d511dad77393c4ca58edff6d88ab50701621,btc-2023,btc,bc1q2a59md9dqsl3vqvdss5fwvzr20ssswhzk24glm,0.2,5432.43,SELF_FORWARD,1,1.0
2023-08-13,51df30cbd3217d067aa35f19f0e584ff41291abba56e2dc8c02ec07ba20fdfc6,btc-2023,btc,bc1qvuwus7mk0xlkjtl4rhshd2c0zcsgml0puhx8uv,0.075,2207.26,SELF_FORWARD,1,1.0
2023-06-15,a0cee949a0cd02afc6a4c8e098c27874fb46d84352708935eeef8e41706f5bb7,btc-2023,btc,3Bok99tdRssKfRCo6dUpkS7vs9PQgsj1UT,0.07,1759.0,SELF_FORWARD,1,1.0
2024-04-27,b22476a190791d2fd78f9c21354432fabb665ea6ef8f95739a7429f4ac7a7d2d,btc-2023,btc,bc1qa2jnm6y0kw5ye2s77uu9c7uyhlk4dwamp3kr5w,0.05147403,3282.5,SELF_FORWARD,1,1.0
2024-04-27,937f331a5d55de7726e089c7de99511a730a0a5b9748c1720cf222732deec056,btc-2023,btc,bc1qrq3f7gxecsh402rsx9x9ejpvu28jcecstz864v,0.09461056,6033.32,SELF_FORWARD,1,1.0
2024-04-15,d22654a3498b9d60700184aefe2f1a1fa3bb2a764d45161b66658a6cefbc6035,btc-2023,btc,bc1qhfyvc40xcj44m9m8jxza57rce0hhgeeleduz6l,0.04517593,2966.34,SELF_FORWARD,1,1.0
2024-04-13,4b2027eb8fabdf0f77cbbad6578b6022ab0907e3593888e49a060c53f4848109,btc-2023,btc,bc1qt80l4j6w93dwe6lrled6pgh3cthv7w5te3cav6,0.08958472,6012.61,SELF_FORWARD,1,1.0
2024-04-09,902a8cd617612a762a3c03669d28271aabc617d6feaea265432fcf9c89803395,btc-2023,btc,bc1q4tyxl7vr338dlx8ps4a2v777e044htt0n9vu78,0.08241605,5902.64,SELF_FORWARD,1,1.0
2024-04-05,ffb57698b666f77377cd1c945429111efaa96e7140e5ef3fef34a5902f3b1501,btc-2023,btc,bc1qmjyh536w6utw3fcjsmlmy5px2jftp6tx88uhyv,0.05408819,3704.38,SELF_FORWARD,1,1.0
2023-09-24,0bc4a64d890706bea61e6e3683e4308f497f141253816dcb6a79d2884d4bea9e,btc-2023,btc,bc1q423jmdem4jtcg4cyglev93gzvx2tpj3l4t6krc,0.28005549,7442.75,SELF_FORWARD,1,1.0
2023-09-19,f8c6f5b036649ade42c6934e2b983a01dbc29ab547dbd1d6f32f87ae278556ae,btc-2023,btc,1G3wNrwRcQiVvaNoGwVHZ3yhXHKXLEpzwK,0.03,802.88,MIXED_CUSTODIAL,41,0.685
2023-09-19,f8c6f5b036649ade42c6934e2b983a01dbc29ab547dbd1d6f32f87ae278556ae,btc-2023,btc,3AJznhLhXAyp4YUC3YZEuCP3Ekk3e3GoG6,0.07,1873.38,SELF_FORWARD,1,1.0
2023-09-03,474219cfc9df0cdbce1e29eeb4c9869ec2dea126bb7a2ae1a359ade4888098ea,btc-2023,btc,bc1qwfmj3tgasdjpd34l3eq62jmter2n9vy7xlqp9t,0.03862294,999.16,VENDOR_REPEAT,3,0.028
2023-08-27,71265641fa2be1d2255e8aff972b1af83167d2ebf74675963bbc20501e553571,btc-2023,btc,1ALghftdrNP4XKKrrUQemu9Ss99xMwqoZN,0.015,390.26,VENDOR_REPEAT,24,0.365
2023-08-27,71265641fa2be1d2255e8aff972b1af83167d2ebf74675963bbc20501e553571,btc-2023,btc,1G3wNrwRcQiVvaNoGwVHZ3yhXHKXLEpzwK,0.03,780.52,MIXED_CUSTODIAL,41,0.685
2023-08-14,2041f578c68dfd6ef4f5cbc4faa2c28b87a33bd4c721f342179fe6ca897d5d89,btc-2023,btc,3M75GvhqCwZVVdTkM8iAEkCMAVnuQJRqUf,0.06,1758.23,SELF_FORWARD,1,1.0
2023-08-10,bf4313b585c9bcb0274542a95e168d2347bb296a410fcbcd44fbf701875054c7,btc-2023,btc,31zUs93Vd7W4xzWEGZQt621BopZicQRLSs,0.06,1774.92,SELF_FORWARD,1,1.0
2023-08-10,d59c954f715c9d07e946c96192c01ca6f6121e6e4bc54d8467b70aa15a512f7f,btc-2023,btc,bc1q25gvxkcplkdpauxmvhwlzaes48d4ru6859tgs8,0.04595941,1359.57,SELF_FORWARD,1,1.0
2023-07-16,6dee81ead07b8a6863ad116a30caef328bd58c2a1d104670897b1fea8d05d266,btc-2023,btc,bc1qa6r0de7jlh0ah8s89cyakecuaggk906nrzdjxz,0.23326595,7065.51,SELF_FORWARD,1,1.0
2023-06-28,aca98ccb1e9581b4b6103d15c786f589846ea94945f8533e242ab0830934775b,btc-2023,btc,3JsTfAedEYUtWMEmqTbJPHnFFmBkszZC98,0.06,1841.55,SELF_FORWARD,1,1.0
2023-02-28,8a1479b3718415a92f331cfde1eb162ed4c55899087dcc556bbfbece6fcfcb60,btc-2023,btc,bc1qtt04zfgjxg7lpqhk9vk8hnmnwf88ucwww5arsd,3.973e-05,0.93,VENDOR_REPEAT,2,0.0
2023-02-17,3c04fcc33efc934691ef4d6e4776f645d054f79aed7008d7af36a789d1e89bac,btc-2023,btc,bc1qtt04zfgjxg7lpqhk9vk8hnmnwf88ucwww5arsd,5.223e-05,1.23,VENDOR_REPEAT,2,0.0
2023-07-24,e284b2c037a30afe8e4f070c3c8f788e9186e0f65ba2b6090d214ab46cd90c67,btc-2023,btc,1ALghftdrNP4XKKrrUQemu9Ss99xMwqoZN,0.015,451.26,VENDOR_REPEAT,24,0.365
2023-07-24,e284b2c037a30afe8e4f070c3c8f788e9186e0f65ba2b6090d214ab46cd90c67,btc-2023,btc,1G3wNrwRcQiVvaNoGwVHZ3yhXHKXLEpzwK,0.015,451.26,MIXED_CUSTODIAL,41,0.685
2023-08-30,bad495ffa041d9c678789ee257a0583ac70aacddbe63e4ac3399bf1d13fb4e26,btc-2023,btc,1G3wNrwRcQiVvaNoGwVHZ3yhXHKXLEpzwK,0.03,831.49,MIXED_CUSTODIAL,41,0.685
2023-08-30,bad495ffa041d9c678789ee257a0583ac70aacddbe63e4ac3399bf1d13fb4e26,btc-2023,btc,3BNfvWhMGHuJJnSJbm6hvHkqa9P4Ma7jty,0.07,1940.14,SELF_FORWARD,1,1.0
2023-08-19,9c9c16165801d3dc3ee28cf241304dbd6cd5f476d2a5ab90791bc508a64a721e,btc-2023,btc,1G3wNrwRcQiVvaNoGwVHZ3yhXHKXLEpzwK,0.03,781.62,MIXED_CUSTODIAL,41,0.685
2023-08-19,9c9c16165801d3dc3ee28cf241304dbd6cd5f476d2a5ab90791bc508a64a721e,btc-2023,btc,bc1q5eq7j4hlxmc06t298p7zlm4e3qwwelujagv5wu,0.22182371,5779.39,SELF_FORWARD,1,1.0
2023-08-11,c4c9944a7ce870c6095cd911d0ad93e32687b633b9280144cd701f6eac5de423,btc-2023,btc,1G3wNrwRcQiVvaNoGwVHZ3yhXHKXLEpzwK,0.035,1030.95,MIXED_CUSTODIAL,41,0.685
2023-11-11,b58b4914a821e8a96beaca113a4e53db85d2b910d1cb752c37d46ede5c3d6078,btc-2023,btc,bc1qlud8ckxpjunnt3h04mycku3a4pnhl6sa448pwx,0.12378115,4617.24,SELF_FORWARD,1,1.0
2023-10-14,38e6f79ded4fc593b88b3fa7ab8d447ea0161a0eea44f02d52ccc3f2c672f6dc,btc-2023,btc,bc1q0r6ujtt00tksg5clr5u8m3fy33340hnkfwk0dh,0.03712053,997.13,VENDOR_ONCE,1,0.25
2023-10-14,38e6f79ded4fc593b88b3fa7ab8d447ea0161a0eea44f02d52ccc3f2c672f6dc,btc-2023,btc,bc1qyvj7hwspxsuzvtyfpa6mk4ep3g7m6arppjwd77,0.1569605,4216.27,SELF_FORWARD,1,1.0
2023-02-20,2abc98e2f531e227c906bbd9b6792e66ca0b2d04356db177896386af626e42c4,btc-2023,btc,16trVfkXsJyqqZYKsya269GEgShktkrARM,0.00202,49.03,VENDOR_ONCE,1,0.198
2023-05-09,4b3755408152f52a38fe1996acf5fada3bcac6168cb7ebe740f37040ef97ac80,btc-2023,btc,3Ca5vmvEiRjhQXWPp3x56myFcGzFS6afDM,0.0634,1754.2,MIXED_CUSTODIAL,52,0.949
2023-05-14,7787c1ee2b4c9968a7f3fc8c4207c384bc5e39cca8dd280f5f9e6fbe6d50a3a2,btc-2023,btc,3Ca5vmvEiRjhQXWPp3x56myFcGzFS6afDM,0.07447954,1994.21,MIXED_CUSTODIAL,52,0.949
2023-11-05,2f7f6adde703141816daed3adec18959512bcd2ecafecd26a7e77d9c3969dc94,btc-2023,btc,bc1qlefun02q64wj7s52ecaf4uxrhqp8qsyuev7nyx,0.05305849,1860.34,SELF_FORWARD,1,1.0
2024-03-05,82d2f95a683a4de313393cd3cbfd2a963f781cebdf847b374cc1f531893da5ad,btc-2023,btc,bc1qght6j4n76t7txvg27phrq7wys4tw6g447a5h58,0.0323986,2211.07,SELF_FORWARD,1,1.0
2023-05-18,879562187836bc0e61106b703c085b9bf3adabece01eb07c434d654206ca2aca,btc-2023,btc,3Ca5vmvEiRjhQXWPp3x56myFcGzFS6afDM,0.07,1918.39,MIXED_CUSTODIAL,52,0.949
2023-05-07,b44c4e63e51919692483537b57b9ed18e0125db32e802f419fc0558ae9a9be86,btc-2023,btc,3Ca5vmvEiRjhQXWPp3x56myFcGzFS6afDM,0.07,2019.37,MIXED_CUSTODIAL,52,0.949
2023-05-04,91467afe516f35923116006f149b9c2834b5545a1331ec4e65594763e09d2f63,btc-2023,btc,113cPaLP7eryqsyk9J9VSsNw73QTN4DPhv,0.03,870.78,MIXED_CUSTODIAL,12,0.817
2023-04-27,d6136a499c465c4e689f9f3f28ccf3017316bee798f928de35cd3cb2226a9e3f,btc-2023,btc,bc1qhjvltxhalslg8ks8agssew6zusppwf74ala7qg,0.01051016,298.65,SELF_FORWARD,1,1.0
2023-04-19,312fabbe706d7d341b9ebf8038a407d71c204fa28559e4fade2f2582495902ab,btc-2023,btc,3Ca5vmvEiRjhQXWPp3x56myFcGzFS6afDM,0.065,1974.7,MIXED_CUSTODIAL,52,0.949
2023-08-12,61cfaf5d279ac1e8683b3f6353299840d8b069f39b432057e3778610fd365677,btc-2023,btc,1HBE6BS3wvYKfidzBpErZMU8cWNdkX3ibt,0.0718944,2115.57,SELF_FORWARD,1,1.0
2023-06-22,1456f912ec9988249cbf287c126d4242543bb6fa283faeac43fcdd07ee1374df,btc-2023,btc,35znZyPNnJ3VvFDeZhNyExCst6zjSPkQ5b,0.06,1799.63,SELF_FORWARD,1,1.0
2023-07-05,344f80b33f65edad5cda63fe68332bc00031b2efb8c76ac9824ed5621cea1351,btc-2023,btc,bc1qu36yqxcrwsjjkx3xjwdxq2mpvwg2r3tcphexjw,0.02959763,910.62,VENDOR_ONCE,1,0.404
2023-08-06,f8d358f37ab4764e3620d5fddae3826ae892cc08468b2065d36d89a966f876b2,btc-2023,btc,1G3wNrwRcQiVvaNoGwVHZ3yhXHKXLEpzwK,0.015,436.08,MIXED_CUSTODIAL,41,0.685
2023-08-06,f8d358f37ab4764e3620d5fddae3826ae892cc08468b2065d36d89a966f876b2,btc-2023,btc,bc1qlgdenr4lmdwgvwnef3hxz6jda7576kv597607j,0.12350005,3590.41,SELF_FORWARD,1,1.0
2023-04-14,054bb2b0bd2473cd854669f2b5777db19159cc862ca6a7f16e725c4a4500bc89,btc-2023,btc,3Ca5vmvEiRjhQXWPp3x56myFcGzFS6afDM,0.06,1822.43,MIXED_CUSTODIAL,52,0.949
2023-03-02,2a4e10103df2d1bbcbd030ed8e397bdffd48952331ccf9fc4399c5645d15fefa,btc-2023,btc,bc1qs9yv8f7cudkpfnge4e0f2atux2srjnfrkyx6l2,0.00422585,99.86,VENDOR_ONCE,1,0.155
2023-08-21,2f6a58a0a8bdddd942251a50390f0df57a4e5e912232e27d0a593d5df2265458,btc-2023,btc,3C2jHJrkLop2Y8xZv2YjxXagBn1HYJ63J7,0.07,1833.3,SELF_FORWARD,1,1.0
2023-08-19,75517a1dd219d7e984376de98b7361719dce1701085ce4afd631434044748a91,btc-2023,btc,1G3wNrwRcQiVvaNoGwVHZ3yhXHKXLEpzwK,0.03,781.62,MIXED_CUSTODIAL,41,0.685
2023-08-19,75517a1dd219d7e984376de98b7361719dce1701085ce4afd631434044748a91,btc-2023,btc,3FFZ1L9keUPZdjKVX9P7mwH1bYDnoE8PAh,0.07,1823.78,SELF_FORWARD,1,1.0
2023-07-17,46df4a763ab4fbbddc5a05f199ca4670f3cc90f23795705e31a59b220edc1f0d,btc-2023,btc,3JAKVGSV2MS3o6GNFHTKvf6qdZL8U8vCdo,0.00186309,56.32,SELF_SWEEP,1,1.0
2023-07-13,e61c800c5e9208eba29f79b2e50b27f5717b8622df9339b460795af305913044,btc-2023,btc,bc1q6cnh5456e3049ym9v5qh9jhxg2x7zaqeejemux,0.12153106,3692.11,SELF_FORWARD,1,1.0
2023-04-15,9aed2f34461d8eabd285f747775c7dda1fe02ac3badf8bdc96558ab723151af9,btc-2023,btc,1B4dwTdgNrLZQBVUupLVXHDpmhfnA5z8ac,0.03,914.01,MIXED_CUSTODIAL,15,0.694
2023-04-09,fe4b1686b1f4c238dbe8475254d658777d974f7fb44a9d1141774aac9360bbd7,btc-2023,btc,bc1q7pqsuf3guc2u23hp08dn273xvmtdavwldnd329,0.03513204,981.53,VENDOR_ONCE,1,0.299
2023-08-03,82aac0c7d388868aea816edf89847023b4d7b754fd85cf870743d0327b6a4d5d,btc-2023,btc,3DLaDLLDDmi7DmmAtT55XffCBfWHDdnt39,0.06,1751.16,SELF_FORWARD,1,1.0
2023-03-05,4228428026c26d482b28c0a282349f60b23042e27a222395f0fd044c238de4d1,btc-2023,btc,113cPaLP7eryqsyk9J9VSsNw73QTN4DPhv,0.025,558.66,MIXED_CUSTODIAL,12,0.817
2024-06-20,0a5490f3ed8dc551f9bb1001ef30acb9efc5848be278d044304144c98985c7aa,btc-2023,btc,bc1qm05j3vxn6dnkf3v6rwhmpn9kwt67s6uswumlvj,0.05871653,3815.07,SELF_FORWARD,1,1.0
2023-10-31,1c8650c388e6e633ee68b4f7297ac0925047ee23fbeccab6bb666c6c99db0977,btc-2023,btc,3CxZ6SPJZoLv8BRF4FiKL15Mtb6jiM8hPo,0.09647584,3325.98,SELF_FORWARD,1,1.0
2023-08-26,1a5bebd3e9129f261a0cdffee5728bc2e9b4200985bc35a34da0b571fbb580bb,btc-2023,btc,bc1qzre2vuk0gzwc96scf4v5r08uwzn5th96cs5mua,0.04382081,1141.97,SELF_FORWARD,1,1.0
2023-07-12,fdee4acbca84e8c99ed7f90b4e53fa3074fd8c39a3ccb517b3c10f7c11b170c8,btc-2023,btc,bc1q5cwkhxjdjt9ntscfs2csnlkfk6czpfjg52995z,0.09364427,2867.58,SELF_FORWARD,1,1.0
2024-01-02,130e4798ced59043c7c38d6765517568c311661c210a0122670f4659e27ab4b1,btc-2023,btc,bc1qpj4pd78w5kqctf9ktxd4tls80pzxrltwzxpw5c,0.16326758,7213.09,VENDOR_REPEAT,5,0.235
2023-10-09,70da10477c918be4b53de8bb71ff39f93f69ed9c8e3a813d030bab22bdb921da,btc-2023,btc,3CCswLxNpW8uPZ9TAvHtqznSy7pPPR3qNf,0.1,2791.71,SELF_FORWARD,1,1.0
2024-09-14,c176a899e893b4581971a04739921b42c7bfcfa4b031cc41f4972ea65ccc5b76,btc-2023,btc,bc1q4k77dqfxu3w826wgazw30f9l43d265dumehjv5,0.20166915,12200.58,SELF_FORWARD,1,1.0
2024-08-06,f5dc2448395a75a19e38c036a934de31f948f0afb2d3a37cce6d5a0fc2d15cc1,btc-2023,btc,bc1qcj9e2ut0pyejr4kqs0qzk7scx8l3n47ztfqnae,0.14536941,7852.68,SELF_FORWARD,1,1.0
2024-07-22,573751a8eccf2394bb103e742fdc74cdce0c3bed469a8f1d1295a5acab022c84,btc-2023,btc,bc1qq5uxq4g3j5dfylaf0mpqhy8sn6k4apkkwxwjyp,0.32191252,21943.28,SELF_FORWARD,1,1.0
2024-04-27,05c6ff67429ddc8ef6940e0dae4e3d1a402138c6ecf6ae414efb161d59b20700,btc-2023,btc,bc1qlpfjkt7hkqc46n39g6arr5tczunapwq53k6hhr,0.07454131,4753.5,SELF_FORWARD,1,1.0
2024-03-26,e469a457951a6634661ff38eb1af01c87b036885d7ae4cb770974164051a45f6,btc-2023,btc,bc1qdnhm33hu4579wc2jaj8he8juuz0yf2zj4pxc5h,0.09506746,6643.31,SELF_FORWARD,1,1.0
2024-03-24,08253ebb2b28a4706d1ca6a37499e8af856f16f4dc8bd6676b4bc87284b18536,btc-2023,btc,bc1qutg9dc0h7v6ltst9cdfxl7ppu9jml95a0rgccw,0.11517924,7370.32,SELF_FORWARD,1,1.0
2024-02-11,9db70e13bfecc497258ef2f92c727558c4cac621876eb3bb17df23604a6c0cf1,btc-2023,btc,bc1qw7lxyhecde0gplc9n3jwd4vp8mthlgq5nww3tq,0.04900778,2340.17,SELF_FORWARD,1,1.0
2024-02-04,536b2c76a18cf43446418a0d658e3730d1b5eda6d07f0f51790be4e04a1a5312,btc-2023,btc,bc1q2tmfe0y680suftczm2mh5cnfylzrgdhunvuvrj,0.07809027,3358.75,SELF_FORWARD,1,1.0
2023-09-08,d8070c14a9b41c594936dc205c23847d7a242a1422eced48950cc90c0ffb4a00,btc-2023,btc,34t9ZaFu5JvoEw5DaPSmyCJKdQrLATxvaS,0.07,1837.85,SELF_FORWARD,1,1.0
2023-04-21,686027989ce353797dd39613df222b4e003ea4641dd6f04bf0ba95ee944d7d5c,btc-2023,btc,1B4dwTdgNrLZQBVUupLVXHDpmhfnA5z8ac,0.035,988.53,MIXED_CUSTODIAL,15,0.694
2023-11-04,7b1c1cf0401d1f4c60ca189670bfbb71e00b4a11f78ae5d775285e0fb11307e1,btc-2023,btc,3BwWRX4Pc7MSuD4QR89zhxg9VybCBN8R6Q,0.1,3471.68,SELF_FORWARD,1,1.0
2023-08-02,6940754ffd86f40ae1128efc16b855d883271438fb090ef941db456268dca75e,btc-2023,btc,1G3wNrwRcQiVvaNoGwVHZ3yhXHKXLEpzwK,0.035,1039.71,MIXED_CUSTODIAL,41,0.685
2023-07-03,e45c06d428239930e3720787c25878dac01ba69eff9c56b684b055ba29e78bae,btc-2023,btc,3QM2nTr5PDr2zyZTtNehuGzLKYUu1d9JB8,0.06,1837.02,SELF_FORWARD,1,1.0
2023-04-07,941c1150d486274d33f43e1af75f404845fd11add437bf34b41ab96faf220550,btc-2023,btc,3Ca5vmvEiRjhQXWPp3x56myFcGzFS6afDM,0.07,1962.37,MIXED_CUSTODIAL,52,0.949
2023-06-03,1847ddc79fab5e6966eb717a7659c8e871d202b2d9b89aa3e8ad874e17561ebb,btc-2023,btc,3Ca5vmvEiRjhQXWPp3x56myFcGzFS6afDM,0.07,1906.98,MIXED_CUSTODIAL,52,0.949
2024-02-16,46f6890a7771decf0be5c44443cc54fc1665f27226c109b8312ab4c2cebbdf4a,btc-2023,btc,bc1qpmr7knv4492z4nugswlpfmnhn7xzqp0lc44l5f,0.04834842,2508.32,SELF_FORWARD,1,1.0
2024-01-01,b96d1387b4c5e81d6d214539d2043564934e957e92e27951419bc06ebdc0f2eb,btc-2023,btc,bc1qjxmvmpdh8jwelpqp5hj9qkhkmjesvu4svjmaha,0.13854397,5858.14,SELF_FORWARD,1,1.0
2023-06-01,c571cf11760a827845e278591924e87789e403d929db97679e57bcc16dbf9260,btc-2023,btc,bc1qfmr93kmy93zvemvgux6etd2ceeaxaghdrac0at,0.07465995,2031.52,SELF_FORWARD,1,1.0
2024-02-10,6867526c36b6ab4096616af4c2739121e8ba92c5b315adefa5acb76a1400e43d,btc-2023,btc,bc1q7nhwzxnz2ezq9r8n5j86yuxqrcssvfp6dfn5zx,0.05866033,2764.82,SELF_FORWARD,1,1.0
2024-01-16,27e154e102fa63e420f935c5fc672229aee0322bec77b406acb9690345a7f99d,btc-2023,btc,bc1qcla4c95zypsp6hcd66ecq2x4wakl8m4g94vhaf,0.2,8502.22,SELF_FORWARD,1,1.0
2023-12-25,e90ab58badac9062ee85d7fed3686fb0e96f2bcc77e17dad3e999125772d8aab,btc-2023,btc,bc1qaharyqyr75uhxr28vkzrflwuvuefs3xxvxsmed,0.18411938,7915.57,SELF_FORWARD,1,1.0
2023-08-13,aae9c71c8c4483442a3c472845783de25fa374f2be8180f989a90b67ad669627,btc-2023,btc,39xpKEtsF6Hu5AfEuTuiHn1z3y63ocAVCk,0.06,1765.81,SELF_FORWARD,1,1.0
2023-07-25,39bc27ffcbeb078ccf91aa2679c772e3d953737887d3a5deb17c8bc60cf112ac,btc-2023,btc,16MTBLQGPFT9nZ6r8vf1ZJDPrBmdvWncps,0.02230026,650.64,SELF_FORWARD,1,1.0
2023-07-13,2288736c2b1d0221a833b45a36d55364d5ec5fe649d18774b1eba55995b02e55,btc-2023,btc,bc1q672lhdct7thqg3jpjkmrtkmuezt54d8zx00hur,0.04940307,1500.87,SELF_FORWARD,1,1.0
2023-10-05,f315dbb8b9779ff4579959615cbc68cb0c3d9ad5c5057e1e3834834689f2d712,btc-2023,btc,1G3wNrwRcQiVvaNoGwVHZ3yhXHKXLEpzwK,0.04,1111.14,MIXED_CUSTODIAL,41,0.685
2023-10-05,f315dbb8b9779ff4579959615cbc68cb0c3d9ad5c5057e1e3834834689f2d712,btc-2023,btc,3ELcCJ78ZVGLTbzHigXhhgQmSepVPQdYJR,0.07,1944.5,SELF_FORWARD,1,1.0
2024-10-02,b90a99e1af951cc517bbb0e7af4f350d1d59d0d9bc835d609f6edb7e1bb98c2f,btc-2023,btc,bc1qlalc6n7a5u974afry70r3v7dkhzehzvultcg2x,0.09320029,5667.04,SELF_FORWARD,1,1.0
2024-10-01,dd0b76bee8f4401e48605b14000061265faa9c4ba2d357cea624073f55804f3d,btc-2023,btc,bc1qkv7u7xa9ukqkjtcdxqfx7g0jzee483fezw7k9q,0.03221971,2040.4,SELF_FORWARD,1,1.0
2024-09-30,a07d0129bc216c15b79757316cffad8adbc750d0e6cf36f5f4a139dc8d7dbfe4,btc-2023,btc,bc1q0aq92nwt572xhrmg7uufjxxjf8hsfc9sdm3knn,0.03294557,2161.3,SELF_FORWARD,1,1.0
2024-09-30,211dd1fa09c8974d1a4a8dacad66cfadade09150f99e43fd3ebb9c9b7332f6a4,btc-2023,btc,bc1q0dzsy4y4w2gagrwrwa0wux8ls2x9z863ke36k0,0.02863835,1878.73,SELF_FORWARD,1,1.0
2024-09-29,9e95a27871e966af3164fb599bdecab455498a3ee9fc2cde07aa0f3ec1ef592a,btc-2023,btc,bc1qfd8a9pa5lsaxf27ttllfcfwtk476wr3x4svzge,0.17933671,11810.76,SELF_FORWARD,1,1.0
2024-09-22,92750bb7df9f692ab35dfe7cb9f2863fd3500f3a17d0a9b7994fca92f976dad9,btc-2023,btc,bc1q5ctvp0gjccsrkm8l26qn2neu36zrs4wtqtrttq,0.0397656,2519.11,SELF_FORWARD,1,1.0
2024-08-31,7aff33515ffb2d5e5e22d51b1ce458a08946f16e8d6899bcbe1a456c1047b116,btc-2023,btc,bc1q7ce3pnsdlrnqmd5xzj7qatt4mmwdrhuxy5pslu,0.07455369,4407.91,SELF_FORWARD,1,1.0
2024-08-24,0380f525d53eb1621f93ff311f8f9d58996239cb3f2dbe11f1937d54ed9511b4,btc-2023,btc,bc1qn2cztdmkr8qvyyffv62e38zxc52p6evkx90fpy,0.13305374,8520.39,SELF_FORWARD,1,1.0
2024-08-13,b1d8af10d76024635b541453acf05281a4dcb0bea423b804c286d391d4d16080,btc-2023,btc,bc1qv5jlfkj56h6dpvx0zn9u5qpk5cdpr6x6u9k72g,0.20936015,12424.82,SELF_FORWARD,1,1.0
2024-08-03,e640e123b0b43d540066e3606ea3b33cb622ad76c451189748dead00f0874bb8,btc-2023,btc,bc1q9pcj2pv77wuak25c0tra6am0yrsj6vtatlsawm,0.12518507,7698.67,SELF_FORWARD,1,1.0
2024-07-28,b87a5bb9e79ed51d2f71bef96dab8ab3b96d28a3b6b626d31973a0dbebce70b5,btc-2023,btc,bc1qnxtmmxjyhhaqft8nldn2wgspd4ph0nrjyjwqdv,0.06136626,4166.55,SELF_FORWARD,1,1.0
2024-07-26,c91b891485d2bc539331bafcba65b4031cd36f8094c87ec98282be216e3c7123,btc-2023,btc,bc1qf0nxyjn0txk48x6lfqglsd66df2tutdww4l53c,0.09623087,6331.99,SELF_FORWARD,1,1.0
2024-07-14,10937d84854b82599a0bc43c3a44ae3998d407e2be7f1d016b9ed916cb64e4a9,btc-2023,btc,bc1q925fgpethjxvqz85h4dj6fwty5adrfcjylds2l,0.12238414,7245.63,SELF_FORWARD,1,1.0
2024-07-11,e440c03319b2015633dfa8577495d102a5f9bc106aad9203fc046fca9ed2bfae,btc-2023,btc,bc1quss2w0z9neqr9qjg73tret9ah7rxmwnu7djj54,0.12427286,7173.76,SELF_FORWARD,1,1.0
2024-07-01,eaeb02a61cb0df01ba9dbdd7e6ffc435c976c8383925495b713711017969421f,btc-2023,btc,bc1qypxy9av2v0rhtk2t9p5d6t9vke2zvv0m66ec34,0.04572144,2870.03,SELF_FORWARD,1,1.0
2024-06-29,700d5e2dd4a6ebad8a09a70c4ac5023ba78a7c3f2cda8af932347c85c68a7fdd,btc-2023,btc,bc1qlxfk9teye46jw32kwvx2qvyyxg05fwumwf3feh,0.05264553,3181.26,SELF_FORWARD,1,1.0
2024-06-25,0844c1c2fa14a263e90203a062d26c6d440d43039d659dccbe8be84570f42060,btc-2023,btc,bc1qgfnvzx5hdp7xz4egwwvhklyfsk8k9l8ykh6guf,0.05747387,3465.29,SELF_FORWARD,1,1.0
2024-06-18,e36bd9a2ee4f4aa192e6b61ddd53426cea86679bfde9129ed47099bdf4852baf,btc-2023,btc,bc1qrhs5aatnzpsmvhflm63s4rm32fxsh3acfrwla4,0.03997964,2658.82,SELF_FORWARD,1,1.0
2023-08-24,cb1441d84401980aab4f21cb531e6e591e3fcea0eb65dcf84be3c54787c8fbb4,btc-2023,btc,36vJRoebC4B39Pgs2T4Rjx73hK5VWLHtgm,0.07,1850.29,SELF_FORWARD,1,1.0
2023-08-01,f2f11e5f3a158fd1e354ad3f9964e6411ec42e281f0a2f0adc5ccdb9d93820a1,btc-2023,btc,1G3wNrwRcQiVvaNoGwVHZ3yhXHKXLEpzwK,0.035,1023.13,MIXED_CUSTODIAL,41,0.685
2023-06-21,c35faae47e76aaeef56be7fd8de37f202c148a4da9897d6ed819c0df464ea9ec,btc-2023,btc,bc1q4437dk62ue5nrmrvec9qfgw93l2jsve9hceyha,0.0387082,1095.75,SELF_FORWARD,1,1.0
2023-06-04,cd8862c43df276d70b6d484a1bb144296bdc8670bd27ce5c268e78d1876bfeeb,btc-2023,btc,113cPaLP7eryqsyk9J9VSsNw73QTN4DPhv,0.035,947.42,MIXED_CUSTODIAL,12,0.817
2023-04-15,2eead0a09cfb51e83c5981dc34a4453a6c3174277bd998f1920ef68b6a016031,btc-2023,btc,bc1q8kc2he90ad4236sldw6etmrlqywg4cye97nqd4,0.00335972,102.36,SELF_FORWARD,1,1.0
2023-04-05,cea762828e79be2072cd64d009cb9f92a181bf0bd723ebcd1e440e729c89c667,btc-2023,btc,1B4dwTdgNrLZQBVUupLVXHDpmhfnA5z8ac,0.025,704.14,MIXED_CUSTODIAL,15,0.694
2024-02-02,d9790f01e100b47ee5caed037ac7292f52f2cb59c4698a25cb4f063d75e38b91,btc-2023,btc,bc1qeyvt29h42y7dhr94nxnlqypqf0vuj8hrk3samx,0.09744184,4198.08,SELF_FORWARD,1,1.0
2023-06-11,c133c7ff7e72cba603d11cbf1bbd32ae442250f20c72a0474824521d8087543d,btc-2023,btc,113cPaLP7eryqsyk9J9VSsNw73QTN4DPhv,0.03,775.24,MIXED_CUSTODIAL,12,0.817
2023-06-11,c133c7ff7e72cba603d11cbf1bbd32ae442250f20c72a0474824521d8087543d,btc-2023,btc,1B4dwTdgNrLZQBVUupLVXHDpmhfnA5z8ac,0.03,775.24,MIXED_CUSTODIAL,15,0.694
2023-07-16,2038eb06b007c771b629cc96abb9809cb79871ddad8ea1a17ded9565d0716ff8,btc-2023,btc,bc1q6pkfn50se3phlydmcf2qsx25kvehecdrwkx68c,0.02559974,775.4,MIXED_CUSTODIAL,1,0.72
2023-11-07,f4bb1f423fb6801a934c4a72836d7c5ae967cae520a9c72bb616c03125a4f2da,btc-2023,btc,bc1qqzv3c6urswjn9630h74sszn2mu2ddapd5cedl0,0.13909274,4874.66,SELF_FORWARD,1,1.0
2024-10-03,83a9ed389045ad6ca8eb3bd28d53ed34b19abba3f795c4127bbf8c9f723bf8fb,btc-2023,btc,bc1q7ezvp6hgj6jsrenpemfed2j7hg5yz96wfkcm9e,0.05559098,3371.55,SELF_FORWARD,1,1.0
2024-09-26,d60ac8a8be7e2cbdd9bff5af65230f0a1625f8292295d6fdba19f2d1ae37a1f0,btc-2023,btc,bc1qk7g6ud4vkuccrrvyyzcepxllw3d9scsqvs93t2,0.04340956,2741.4,SELF_FORWARD,1,1.0
2024-09-15,0c1a6c3730d3c4d6b2043b257d7c34191dc8eb5552437e51adef41782fa415c1,btc-2023,btc,bc1qzfyvrth3xnmwhaqt05q0vu70f95m38lr3m7mfv,0.03394578,2036.51,SELF_FORWARD,1,1.0
2024-09-02,2adbd1479e1e4c3c4a618da71e3eec187229333ba8f3a8299864a2a98887e2ed,btc-2023,btc,bc1qvr97dzruvnkxcghqjefsppkvy67pvxsp43qwzr,0.09784039,5606.43,SELF_FORWARD,1,1.0
2024-08-19,4208e19d4ebab5b02f21da9218d4d91a1be0eb9a23242b2d49d6a1fc90685057,btc-2023,btc,bc1q9vegv0j2tw747uxl0ms75et85qzehakgg5qs46,0.06675872,3900.54,SELF_FORWARD,1,1.0
2023-03-31,6dcef357c4681b32da9e4e4180c3b4b81284254c3574b3134f48694824443479,btc-2023,btc,bc1qjg8lypfdan3u0j4lkceyctzckpmk72pfrurdql,0.01068749,299.55,VENDOR_ONCE,1,0.011
2024-08-17,b0139ecdc40875782c45ec2d8dcba833bba8ae94bf6ae1032a552f79146fab57,btc-2023,btc,bc1qmy9c6hgtatvdr3eka98psn9qph08mfl4vherxr,0.10183243,5995.34,SELF_FORWARD,1,1.0
2024-05-15,e70ad3cbd03f3389cdc0da5bdec21a76f6a7600893fe4ee3923869f5b8edfb58,btc-2023,btc,bc1qzwa82z30shad4hlpqy8chdapjarxwj2kvzxtpz,0.07996745,4924.19,SELF_FORWARD,1,1.0
2024-04-27,774a19e04f76917c61368d15fbd0a2ec66048b58d372b4a01d48b022cb716f18,btc-2023,btc,bc1qs4zaastadu5hp46kghmau7lwdu0gprdeuguvj7,0.12458733,7944.93,SELF_FORWARD,1,1.0
2024-04-06,1842e33b72e1a6ebbc96166ec50b64c13da9812a8ac5c3e01a9cdfa070d7617a,btc-2023,btc,bc1qcac338wqdkk60npr72ttpl0709y34ngqgucyk3,0.04287493,2907.8,SELF_FORWARD,1,1.0
2024-04-04,8c7b2ad6035fff2014c9153699cfcb02cc7ad4aa7ff43935b23cb82f3ca77827,btc-2023,btc,bc1q84968pq4rheaam37fl8ppa5hh2c2gfjy9zf8vy,0.03372812,2224.82,SELF_FORWARD,1,1.0
2024-04-02,2cb8c58d59366a4e8ab2920ab862f0a22c6a1501bc6a6311580a174fe0f98c85,btc-2023,btc,bc1qc66tktpwsh2gymflxsh680s98299l29cuh0zx4,0.0309767,2157.52,SELF_FORWARD,1,1.0
2024-03-29,c2706bbd1cf73f68f5a1f95cb7d0a5c29d827b8602aaf7a7c68b3daa2d482e5a,btc-2023,btc,bc1qf5756hcsdffytn8406nvvavf3dwa6gx684tetp,0.09987354,7069.11,SELF_FORWARD,1,1.0
2023-11-29,4e78b70e15a1caf1b4be3b940c8cb3d64c50f09278de0979d337e57aa154a485,btc-2023,btc,bc1q54lzl4k04270vv62d3e4nfc7h6smle58gmgh74,0.10890121,4118.52,SELF_FORWARD,1,1.0
2024-01-28,b146751ff9d8380218a6e8dabed2dd8338e6ca9ca15c753feb2c279e2f2a3083,btc-2023,btc,bc1q035qtjkun4j7et22503rsuh2fastw5s38fmvc8,0.1345467,5667.19,SELF_FORWARD,1,1.0
2023-04-27,007def78f27825a5ae2f7489ad1cad6ad0083ed85385d18983b64a148d8c1f5a,btc-2023,btc,35fnAhBLL74npSLyeHM52syANaGTqcZxwj,0.00691,196.35,SELF_FORWARD,1,1.0
2023-04-05,d3562d258a2456897ad92f610557f9d1dc40e7da7baf9aa0da03cce5072097f0,btc-2023,btc,bc1qsqu9zslyhesg9z84g600npr0qtwq74ffqe6z6w,0.00735185,207.07,SELF_FORWARD,1,1.0
2023-11-01,a1224a9238b878b69e07c8ec018c59ffb197587a6e8cc46f1b4f9546887e291d,btc-2023,btc,39ZPnhKZ8A1r5jUkS3jobSkjvPtYDajKPE,0.1,3463.98,SELF_FORWARD,1,1.0
2023-09-13,40a376df1b2d88222d0709c91802ec0ec5f672570a6f592e6e3fb5c80b773b74,btc-2023,btc,bc1qp969xfv98qhmfytrwjz9ntwu03l7r6dqf0k6h8,0.05742183,1483.79,SELF_FORWARD,1,1.0
2023-04-16,fac0edf2c758d55656673e13c67c1153b3b72934150baa21a70b9b4ebe052201,btc-2023,btc,3QhkgSUZRgcE5Tj6PEVo797V1gNW1qy1Tq,0.00072,21.81,SELF_FORWARD,1,1.0
2024-02-24,7344b2a03a12afd59ff69fd35f1a5feefcffcf0068ac18011bc4a144c897acb0,btc-2023,btc,bc1q5g3prf38g25fsvcpcphlc7jnz0nnxgrulh9n7u,0.06834414,3468.07,SELF_FORWARD,1,1.0
2023-07-18,692e3f2e825b2db1091331ae7d1d8e600724d3ec5e145ce3f7ea05b5bd27f2cb,btc-2023,btc,1ALghftdrNP4XKKrrUQemu9Ss99xMwqoZN,0.015,452.07,VENDOR_REPEAT,24,0.365
2023-07-18,692e3f2e825b2db1091331ae7d1d8e600724d3ec5e145ce3f7ea05b5bd27f2cb,btc-2023,btc,3KcYMybtNWgm1gjy6o9A2iKcBoSYVm2Sze,0.06,1808.28,SELF_FORWARD,1,1.0
2023-09-01,8b71cfa20c50d4b91c28a43dad473639108a1ac40455ce1f6847977d3e597214,btc-2023,btc,bc1qwfmj3tgasdjpd34l3eq62jmter2n9vy7xlqp9t,0.04,1037.63,VENDOR_REPEAT,3,0.028
2023-10-17,b9f91d0c59256a12d7d1ebd562590848939b47275926b4426a61b26034e0564e,btc-2023,btc,1G3wNrwRcQiVvaNoGwVHZ3yhXHKXLEpzwK,0.05,1425.04,MIXED_CUSTODIAL,41,0.685
2023-10-17,b9f91d0c59256a12d7d1ebd562590848939b47275926b4426a61b26034e0564e,btc-2023,btc,33J5YEAdMAuUeH4c5uHWtnqRrDhcLWzqC7,0.1,2850.08,SELF_FORWARD,1,1.0
2023-10-29,bb46f73eb91dd5e65ac9bff3fb47c1026f2e45c3d85b0484d41ec5ed23f7f15d,btc-2023,btc,1G3wNrwRcQiVvaNoGwVHZ3yhXHKXLEpzwK,0.03,1022.43,MIXED_CUSTODIAL,41,0.685
2023-10-29,bb46f73eb91dd5e65ac9bff3fb47c1026f2e45c3d85b0484d41ec5ed23f7f15d,btc-2023,btc,33N2aB3RoR8c5Ggj97MgAbKAim5Uh8LVtY,0.06,2044.86,SELF_FORWARD,1,1.0
2023-05-30,fe99511ef9097d4602cb1e7b32951f7e7488549885c442dd03ee5a932e241af2,btc-2023,btc,1B4dwTdgNrLZQBVUupLVXHDpmhfnA5z8ac,0.035,970.77,MIXED_CUSTODIAL,15,0.694
2023-04-19,5d98ef56a75980d70e5b2b76d291fed98861efebe3dd092374bc85dc18716e2c,btc-2023,btc,1PFs9YeVW6joEmoBQ8FghgK3mDE9gFBET,0.007076,214.97,VENDOR_ONCE,1,0.013
2023-10-31,3675db00712831b2c7efd35b3b3b538d268587cf830cb0fb50efe820cf7f3deb,btc-2023,btc,1G3wNrwRcQiVvaNoGwVHZ3yhXHKXLEpzwK,0.03,1034.24,MIXED_CUSTODIAL,41,0.685
2023-05-03,f7f3d87b34209e5ef84af00561ada8f49be7804b869d3e94ed89a82f457d104f,btc-2023,btc,bc1qucus256l92m2xrhh4s4m7lgqht0taeyctz0g5g,0.02791911,800.44,SELF_FORWARD,1,1.0
2024-08-08,68c8dc4938f2a500b2fa28c1f2f5548313093dfcbc66d42ffe35d815a1d0c2ac,btc-2023,btc,bc1qfkek3kgkt5lnmhkgn7qgtm2wsglrzh4u9tkezm,0.10212781,5630.69,SELF_FORWARD,1,1.0
2023-05-09,2e59a2acca03d1873bf0248a52efe16ee9a58d49fee93139b7c3cb7aac95a2e8,btc-2023,btc,1B4dwTdgNrLZQBVUupLVXHDpmhfnA5z8ac,0.01811048,501.1,MIXED_CUSTODIAL,15,0.694
2023-05-03,dfd69f211e2e5b7787f6d468bf4d00ec13a621281584076af6a60e0a2f0f091e,btc-2023,btc,192wZVoEGJxhMZGAgQJqHsqM8S7m1rVJgH,0.01046487,300.03,VENDOR_ONCE,1,0.0
2024-08-21,6d109a9b75d032aae1fa0393ffe6620130c0f87089c081e49de957a90727f101,btc-2023,btc,bc1qz4yyyjhrkwh2nuqye7z8px6a67m9szcsvvkq42,0.11171353,6592.64,SELF_FORWARD,1,1.0
2024-10-01,f43cc782575a089ebe7b3eb660ae7c1a619f7d4f8b8fe08e74dd5c1f723298e6,btc-2023,btc,bc1qz2shy9yx9ffe0rzueh0k479c7tkjygxaz9qvvu,0.0478136,3027.92,SELF_FORWARD,1,1.0
2024-01-06,6ac2c79082a7a3541033fb00e6eab7aa54cbc5323a7a1520419250bbca0f0785,btc-2023,btc,bc1qpj4pd78w5kqctf9ktxd4tls80pzxrltwzxpw5c,0.05077094,2241.29,VENDOR_REPEAT,5,0.235
2023-10-24,841e365dee8babe26eb336297e90fafda71e2366518f9487e5060886db00ddcf,btc-2023,btc,1ALghftdrNP4XKKrrUQemu9Ss99xMwqoZN,0.02,661.4,VENDOR_REPEAT,24,0.365
2023-10-24,841e365dee8babe26eb336297e90fafda71e2366518f9487e5060886db00ddcf,btc-2023,btc,1G3wNrwRcQiVvaNoGwVHZ3yhXHKXLEpzwK,0.04,1322.8,MIXED_CUSTODIAL,41,0.685
2023-09-23,c48fd82402a60eef9bcefe09814583d97a59bee5423b6737eda74fd77fc94e88,btc-2023,btc,1ALghftdrNP4XKKrrUQemu9Ss99xMwqoZN,0.015,398.7,VENDOR_REPEAT,24,0.365
2023-09-23,c48fd82402a60eef9bcefe09814583d97a59bee5423b6737eda74fd77fc94e88,btc-2023,btc,1G3wNrwRcQiVvaNoGwVHZ3yhXHKXLEpzwK,0.04,1063.21,MIXED_CUSTODIAL,41,0.685
2023-06-27,7cb2682bc3bcd9ce484d1ea8282eea808fe3f53a8c7c0f4f32b377ab43d7bf5d,btc-2023,btc,113cPaLP7eryqsyk9J9VSsNw73QTN4DPhv,0.015,454.02,MIXED_CUSTODIAL,12,0.817
2023-06-27,7cb2682bc3bcd9ce484d1ea8282eea808fe3f53a8c7c0f4f32b377ab43d7bf5d,btc-2023,btc,1B4dwTdgNrLZQBVUupLVXHDpmhfnA5z8ac,0.015,454.02,MIXED_CUSTODIAL,15,0.694
2023-05-19,7dd4bcf66ffa0af8bac4b34b2319ddbb6953ab8b47c7fd99d18454a1640f429f,btc-2023,btc,1B4dwTdgNrLZQBVUupLVXHDpmhfnA5z8ac,0.035,938.74,MIXED_CUSTODIAL,15,0.694
2023-04-29,292f22d2b3c766c5b3860547d1a44e5f14e8e3180b8e75c450cf42e5517fd87b,btc-2023,btc,1PSmXvqK8YBCTRvKDJQEfv5igcXvtrcHAW,0.00402002,117.83,SELF_FORWARD,1,1.0
2023-08-28,63bc64178a343fe47701aefffcce7a7c885053ff9e6ba03d55ee721d3b531763,btc-2023,btc,388KwmVdBKPvMmHtt8LBa3RkWJoznEXQF4,0.07,1827.12,SELF_FORWARD,1,1.0
2023-09-02,a66766c0b848f797d66b0851b414bb25f3ca7157bea95273907c9dfa39bb2cc5,btc-2023,btc,3HPiykmLMpEMnA9ktxRiVJDNqrdYgNTLNb,0.07,1806.35,SELF_FORWARD,1,1.0
2024-03-18,39a282a7dc1b8e23ca19b0a275fecc70d9bbf1851601bf2f9c3053b4a19c3e25,btc-2023,btc,bc1qerkqfshf53z4g9lur86tkd5sw8a9hcmt3gzm3r,0.1344278,9193.98,SELF_FORWARD,1,1.0
2023-05-27,ea25b46e77ba5013587a301239f368d128a1b55470c69598b8b07877e4265f36,btc-2023,btc,3Ca5vmvEiRjhQXWPp3x56myFcGzFS6afDM,0.07,1869.42,MIXED_CUSTODIAL,52,0.949
2024-09-21,71b53e1a063b1d02d1b98adfbf050d188cabcfa6c133ad03ed2a8285c7d2133f,btc-2023,btc,bc1qp0km5dgj9nle2tfavhlxupfjukecs3kpwlzksz,0.0444481,2809.17,SELF_FORWARD,1,1.0
2023-06-06,0c5e5c9e91b5ebf71416bc94ea95ad8d1034a76ed2abe0e47ca6a0b6d0f37684,btc-2023,btc,bc1qmt6fsfuqcxe26e0fdjk68lt5kp3p5revfe2krp,0.0075,192.96,VENDOR_ONCE,1,0.041
2023-05-31,77189a7798cc4ec06d4fd5146052f5195f19d4e4dfd1426867cbf6216bafb448,btc-2023,btc,3Ca5vmvEiRjhQXWPp3x56myFcGzFS6afDM,0.07,1938.61,MIXED_CUSTODIAL,52,0.949
2023-09-14,ed3e26e7aff7ddab88366bf9b4d8b6ac3c248b092af37e846e4e91ea9200cc13,btc-2023,btc,1G3wNrwRcQiVvaNoGwVHZ3yhXHKXLEpzwK,0.03,786.66,MIXED_CUSTODIAL,41,0.685
2023-09-14,ed3e26e7aff7ddab88366bf9b4d8b6ac3c248b092af37e846e4e91ea9200cc13,btc-2023,btc,3JYL8L9RGsX1s7AhaNS1xQHvYwvVFz8yiM,0.07,1835.54,SELF_FORWARD,1,1.0
2023-06-24,57e0440b27ebbf1b6a69469968138005e19cb15d77c5fdb353235defe59cd790,btc-2023,btc,36FQznKkMQRCReXUj5xZ3HSAZwRxM8bwa1,0.06,1841.31,SELF_FORWARD,1,1.0
2023-10-02,1d645a5a153e8fa15076a5929b7cc95d85b465e1f9c8e4c4a390ac5eb12befae,btc-2023,btc,1G3wNrwRcQiVvaNoGwVHZ3yhXHKXLEpzwK,0.04,1119.7,MIXED_CUSTODIAL,41,0.685
2023-10-02,1d645a5a153e8fa15076a5929b7cc95d85b465e1f9c8e4c4a390ac5eb12befae,btc-2023,btc,3DRWVSMpkW4gfxiY32th2hmSaiW3CUUak3,0.07,1959.48,SELF_FORWARD,1,1.0
2023-08-09,ecf0b859f41a864c21b2db3278defb6d003691222f9cae6fb1e87f3867ead95b,btc-2023,btc,1G3wNrwRcQiVvaNoGwVHZ3yhXHKXLEpzwK,0.03,893.11,MIXED_CUSTODIAL,41,0.685
2023-09-11,95ff41fe46bf1e9916d94f40eb7e61dab08248a39861427f5fb2b3668cca70a3,btc-2023,btc,34o3qstmjL7AujneAdNrUawNJaYDNwg65W,0.1,2584.16,SELF_FORWARD,1,1.0
2024-05-28,137b9673d7956803ec2c85e7e2e57c1c640b613b506e0d50c541c55938ad4243,btc-2023,btc,bc1qdj795u0fuvw5pn739c5p9q45yrs3guy8yquvvq,0.04772052,3313.54,SELF_FORWARD,1,1.0
2024-04-28,3c4bad898fa4b89fd069d1d6a60d9b2f6cf8ff712a729af3c553dc53ff637cf6,btc-2023,btc,bc1q6rtw8wah4yq83c5dkd9s9mez4wky9vvmp7a7h6,0.05479793,3477.59,SELF_FORWARD,1,1.0
2024-04-07,72dcb6a9305c1b33bdc7088ae912f774fc9afc479d497bed831f481d1f3ccf92,btc-2023,btc,bc1qm2wnapjut2l5pxx46p2974x7wqsauvk0lvm4x2,0.0343525,2366.75,SELF_FORWARD,1,1.0
2024-03-16,6a33d64930d5dadc5b9654612f92d3bceb4fb66eade6c3a48a78c9ebb9158aa6,btc-2023,btc,bc1q5x307n5a6aehj0sh3vatfm8dqm4lgetz9s7dm4,0.01724056,1198.22,SELF_FORWARD,1,1.0
2024-02-29,b886978abdf450a508febc9b09d8e47d71ee8870572990403ddec54f92f5741f,btc-2023,btc,bc1qj2uqs708af3clzpmqp4xgqg0setw7mpgpkv0kl,0.07093806,4428.81,SELF_FORWARD,1,1.0
2023-12-10,966d78af10067afba88010d6f04fa624bb121cd5bb213682c24f14e8f8be7f77,btc-2023,btc,bc1qtaw499eu3axkvn3zkry9f58ept4rasfswu272d,0.11303299,4941.08,SELF_FORWARD,1,1.0
2023-10-06,cc7cabaaf59fcee53793578cc04f79e2b89aa0f76b1101ae7875743b66c0fc50,btc-2023,btc,358FzHroN3pReK1tnXwZz2huDGkvPwkAfa,0.1,2741.04,SELF_FORWARD,1,1.0
2023-09-27,1a7850083063da136c02b6a0615067966768a5521bc372c30e01d3eb9e8bdc95,btc-2023,btc,1G3wNrwRcQiVvaNoGwVHZ3yhXHKXLEpzwK,0.04,1048.87,MIXED_CUSTODIAL,41,0.685
2024-03-03,519d8480e1d8ab1414a795d7bdeec1939c812b7b5eca7b26424dbd77b693dfcd,btc-2023,btc,bc1qx2h0emzcxhdfwcww5hec7yll37mfpse0e65d24,0.08529988,5287.51,SELF_FORWARD,1,1.0
2024-05-05,1c9929b96003474deab024e12eb3786feaf120b1cb8c7e1c69935374736ed067,btc-2023,btc,bc1qst3nfvg4pvnjlqjpc3el3tz6vzza889a8nnm39,0.10502215,6710.08,SELF_FORWARD,1,1.0
2023-08-07,fb07e3deee1860b05a88263f8cac666d35ce347bdb74dee8e7fadc8ad917047a,btc-2023,btc,3JMz2oDgJFMpcB2cNRmzdxwspEwNzeuPVg,0.06,1745.31,SELF_FORWARD,1,1.0
2023-08-11,bbaf790bbbc955e355ddf7500c8939389ab74d715fe30b62bdcee6a186d0ee1c,btc-2023,btc,32W2V3zs7qmzsBERhRJngbjvWUC5a7kUqT,0.06,1767.35,SELF_FORWARD,1,1.0
2024-06-17,6a95e61157a072e9e52914f53066da61d3b29012a9bcb669ecbb6e0ae498a49d,btc-2023,btc,bc1qsttwaez9twe3dyk2lgm9m344783qpxpexhxw9v,0.047891,3193.22,SELF_FORWARD,1,1.0
2023-08-15,ab8e8ac001ce7985c511b07f968284e00f6b751d8ed471999b307678c7bcb9a2,btc-2023,btc,37uK6CM1wn519QsxhjpqHrz92D4XnAHjUn,0.00325458,95.79,SELF_FORWARD,1,1.0
2023-08-18,eb9a4fb9e35f903b4feceb1e95719138173301f1277b769f10949ba3595de983,btc-2023,btc,12SA9yLYN5yzJMJCBQn4J718dt6jAGcezX,0.1,2662.34,SELF_FORWARD,1,1.0
2023-09-26,66dd48cd9ac7cf638c0df843a2cb5f35f265e2d2b5f0b5b9eb37ad8efa49548f,btc-2023,btc,3GpY571BkSBY5Qp8VjnSTiNbN5dyzmP2Gm,0.06,1578.29,SELF_FORWARD,1,1.0
2023-10-20,b39c0b0a022dde92c408dc3c25c3242d82638f951d64e8edb5011e3cee792c81,btc-2023,btc,3AD9V4WamKRkDecbm1yyqzHpSvTxtFSiiR,0.1,2871.37,SELF_FORWARD,1,1.0
2024-05-03,559d263357dd2e4482f182524c1bc2321441ed721ad2ee9b3e5c1cf57c43508b,btc-2023,btc,bc1qg6c5xd3zr8k68afwmruuae5qkqmnfm868adxpq,0.05409154,3194.68,SELF_FORWARD,1,1.0
2024-10-04,a09737d60e52197dcea7da7acec8fb497090b91a18618187a467962b43e68825,btc-2023,btc,bc1q872xnd9q6725h7r506acr6x6mv58cqtm63kze9,0.04993502,3033.69,SELF_FORWARD,1,1.0
2024-02-01,1de3f88f0a2de57f934e1294251113dba178405725406efdc23bc7e3b7772865,btc-2023,btc,bc1qpddaal0pqc4p2qwx340cc6ytaukrt0ur2jdsn2,0.0287597,1224.59,SELF_FORWARD,1,1.0
2023-09-18,f7c85f4c3b08f55ed1cf3f7afa117509fd0bbdcd3a933af21064bace4ed40f67,btc-2023,btc,1ALghftdrNP4XKKrrUQemu9Ss99xMwqoZN,0.02,530.55,VENDOR_REPEAT,24,0.365
2023-09-18,f7c85f4c3b08f55ed1cf3f7afa117509fd0bbdcd3a933af21064bace4ed40f67,btc-2023,btc,1G3wNrwRcQiVvaNoGwVHZ3yhXHKXLEpzwK,0.04,1061.1,MIXED_CUSTODIAL,41,0.685
2024-04-11,f2fd893541803ab67fc092c6882ff7ab221426132522afe12ac4d933c6475b4c,btc-2023,btc,bc1qlz6dh2dxgn74j068ncp2lxjt8hh335gzt0sj98,0.057488,4060.44,SELF_FORWARD,1,1.0
2024-04-29,d56dd1f1f067e9568367935e89c6cd233d4b88afe712e23c4130a7ca6cd79742,btc-2023,btc,bc1qs80kvk0khqrefqckma2ydruyu90ftajr4zv3jl,0.01625064,1025.72,SELF_FORWARD,1,1.0
2024-01-01,cc8b2f16f17d4cee00d6e207e92a9e574fc65aca6536bb9e119bcbded20663df,btc-2023,btc,bc1qdfvsm3dc32kj4yzasm66fsj5eha6dux6mda62h,0.05555583,2349.1,SELF_FORWARD,1,1.0
2023-10-15,f7efefc402ff8690e6c5b99cb7d9b6765641b0ffefc06efd29f9021e7a6862df,btc-2023,btc,39nwQAjh5Zdi5BvHmezgxtwisCx9hG3W9X,0.1,2685.25,SELF_FORWARD,1,1.0
2024-05-06,552c1eeca11de883e0b9d9f4a7bf7cae04547783d9099a86d30222dd035b92f2,btc-2023,btc,bc1qx0lk38x5syhhqdykdme5p9700wvd6ylnjnelfd,0.06269708,4013.37,SELF_FORWARD,1,1.0
2024-05-29,efbc8ae5b717ace569509654eb94c637a7898c1573ac85dd61008dcdb5c06e9a,btc-2023,btc,1ALghftdrNP4XKKrrUQemu9Ss99xMwqoZN,0.00870316,595.28,VENDOR_REPEAT,24,0.365
2024-10-04,5409ff93f3e9dfee67608d54e12b59ea1e749c3d721cdeb2f7e8a15e0b3d1dde,btc-2023,btc,1ALghftdrNP4XKKrrUQemu9Ss99xMwqoZN,0.008,486.02,VENDOR_REPEAT,24,0.365
2024-10-04,5409ff93f3e9dfee67608d54e12b59ea1e749c3d721cdeb2f7e8a15e0b3d1dde,btc-2023,btc,bc1qxp8z29denskxzkffqzlflczstpeg9a5cspvyx6,0.01741315,1057.9,SELF_FORWARD,1,1.0
2025-04-09,33b61bf9b14f9faffbfc02b375b9b2fed031c199e9228fd9fa3c6e281ee98a42,btc-2023,btc,bc1qqmmytzj7q2wumf8xx77y4w6h35e47xgwpxef5y,0.00261619,199.67,SELF_FORWARD,1,1.0
2025-02-21,e4231ea2a398d0892667e1211fab16342c33cfbb92fa684eca3251cbb5bb5582,btc-2024-25,btc,bc1q9kg9nul8uk0ahxgrzx06u7yd3us5l2mjh44xem,0.03913161,3846.83,SELF_FORWARD,1,1.0
2025-01-19,e887892eb6a65862c94f3a79227520fbab726c8f0dd0046b5d6b75ac3bb8462b,btc-2024-25,btc,bc1qmhzyuwyqxgj5v0epyf8ffe70p8l35wk2g0338w,0.02301074,2405.92,SELF_FORWARD,1,1.0
2025-01-14,66228c7649d75a0151ca94da8d2759f95aa8fecb6dc7ed49217eb7f7c5bb36c4,btc-2024-25,btc,bc1qpm7da6davdu8ht23xr4add8gn2sns9p38s7za6,0.07296854,6898.16,SELF_FORWARD,1,1.0
2024-12-22,c8656b597591d662e55e6aa688739c023454b376e893ac6079f0d29a69072e51,btc-2024-25,btc,bc1qp2dsrjs02jchzxqlk9whxq4mm20ttv5j4dr4qy,0.07420285,7219.34,SELF_FORWARD,1,1.0
2024-11-19,b3e9855aaaa8b6c26e8301f7ea41204682bca0dd09e596e8ac15074348578592,btc-2024-25,btc,bc1qmc6g7x0td9sla69haekdczy4m66jgxr3syr974,0.0894635,8093.23,SELF_FORWARD,1,1.0
2024-10-07,263b2b16912899d1b445b5878cabd4fa90d4996473afcba7891160b301280fc8,btc-2024-25,btc,bc1qvum28rjyx3tss9n7nzdypwlcthe6hj7jfx5vaw,0.05984064,3759.18,SELF_FORWARD,1,1.0
2024-10-07,763d14b00e4531e0e584ed1f25be832c6f91edec41dae1bddd6c4a9d43fa3667,btc-2024-25,btc,bc1qwgs0jp5z0e6t9g3em7knhvjhf8ng90rkycy887,0.08339087,5238.61,SELF_FORWARD,1,1.0
2024-10-05,d09e2913531517773a47465654c3dc392383e70a7d95e673dc38dea81f49d2bb,btc-2024-25,btc,bc1qhdqlstp0kyvkn9n5w5j0emunj24ydkxrcnu5wg,0.11556767,7175.13,SELF_FORWARD,1,1.0
2024-10-06,7f92c83104f4ed490f031bed60c8c6aa93a99046fdbe9bcffcc7a096b92e003a,btc-2024-25,btc,bc1qq6nvndw6zh70nc3whu6nxjj4lt24zauwjn4jet,0.02168184,1345.53,SELF_FORWARD,1,1.0
2024-12-07,529532f37945ea67e6be8f91fa8298bc446ec1ac14e9a4e77c32f5fd11fc105b,btc-2024-25,btc,bc1q0j7kynwqfexql6zwujv7wnzfgrhdvdxuexlzsw,0.05133682,5120.38,SELF_FORWARD,1,1.0
2025-04-29,eafb7a4b28f36c0c392268335aa4b26f8308880720c57ad0f81e4f7327de947b,btc-2024-25,btc,12Wb77wD8zS7W4f6oGG7WyjMayxxh7Lqw4,0.02,1900.22,FIXED_MERCHANT,3,0.666
2025-04-29,eafb7a4b28f36c0c392268335aa4b26f8308880720c57ad0f81e4f7327de947b,btc-2024-25,btc,bc1qla7ypxpv233rru9m4klrdxy8fasx23uxu4wn93,0.05033239,4782.14,SELF_FORWARD,1,1.0
2025-04-22,0cb8db1d39fb37cc6e207898532d5d2baee634c47bcef8e1c4f4f5ddd4be660e,btc-2024-25,btc,1ALghftdrNP4XKKrrUQemu9Ss99xMwqoZN,0.00328287,287.3,VENDOR_REPEAT,24,0.365
2025-04-22,0cb8db1d39fb37cc6e207898532d5d2baee634c47bcef8e1c4f4f5ddd4be660e,btc-2024-25,btc,bc1q89lwjmnf4rkcs75angdh6kft87cdgmpty76mw4,0.07831558,6853.88,SELF_FORWARD,1,1.0
2025-04-20,e03448a166bedafca82c93116942987a72e9ced15ac447a9bf4488b9dc8cbedb,btc-2024-25,btc,bc1q44kvhhalp3yfvpny7l7jd8yrz8aghkywdgxqmu,0.1156808,9841.78,SELF_FORWARD,1,1.0
2025-03-11,c330a17575521fc90aece4b9a6582cd586356741cbf1b5fbe5464cead95bc836,btc-2024-25,btc,bc1qn3puvpu5ax3ydwnvh2k7qf2wdgwlxzqjptfsa3,0.06666427,5239.54,SELF_FORWARD,1,1.0
2025-02-11,c4a1da43e27d91868fb2f3c2be2bdc11662adcf58d0e73d07ddc3ab7dfa884de,btc-2024-25,btc,bc1qyg4463hz9hu0dt8htrgthqxnxmeqfmu4elnp2s,0.0707556,6893.78,SELF_FORWARD,1,1.0
2024-11-07,9c2be08eb9c2ad20ac68b57e1496fbeb0cdaba4d4938b75cce7a58b2176cc994,btc-2024-25,btc,bc1qsn3r6g307mw7cv66zfq82p0n5vkmjl2macdl7j,0.05425842,4100.42,SELF_FORWARD,1,1.0
2024-11-03,71727fcf9fb3983f13115153fce5ab052721a60f34bf8066781afe09ecef7688,btc-2024-25,btc,bc1qdgshd4wnj5nk6v8n56c9dt54t4sd552dhy9leu,0.0396654,2751.78,SELF_FORWARD,1,1.0
2024-11-02,9aca0d9e8959765967e1cb92cb94f4c18767d56affe11f5b48a7d8021dd4759b,btc-2024-25,btc,bc1qm5eme059n7dczpzzqj37tu0lr4fhyf4rlxf949,0.08544371,5938.0,SELF_FORWARD,1,1.0
2024-10-31,290bf6c894b8f4f7468915fff69c00d7a440e9687d23701fae79d0fd4fee1053,btc-2024-25,btc,bc1qypzjs35kcuxjun4nw3ay8k3rw2kwnqgr02cf2d,0.06577008,4758.12,SELF_FORWARD,1,1.0
2024-10-28,24eed639337bb7e2aecdea3965be60e7ca38a15b94029d723b41655cacd64350,btc-2024-25,btc,bc1qhu8529t626n46qpaxzygggw47q2pqnttteh3l8,0.06444233,4383.48,SELF_FORWARD,1,1.0
2024-11-06,ffe8d65d7426a130a40340c65042d84075efba71336f9562067660ca0893e3a3,btc-2024-25,btc,bc1qv969ah2efy5yfz26cw623sy39wjfc8208kntv6,0.04025538,2792.6,SELF_FORWARD,1,1.0
2024-10-15,3562b2e60b752c2e68e4d0b1a8a66a456786b636fbee9edefdf4160fb9a92659,btc-2024-25,btc,bc1q220uuealwzusv3k2f525d7a90rud3em2pvy8ry,0.11047572,7300.68,SELF_FORWARD,1,1.0
2024-10-13,3608dce568118af4a06f41786797ccaebe37a3de608b846be9864c7ff5154d01,btc-2024-25,btc,bc1qzdhpz3wtshlx6q5uhrttlx4epsxj27277vnqfa,0.08385446,5300.12,SELF_FORWARD,1,1.0
2024-10-09,f05329e13e6521132a51fc0a623c71cd6f77a93a32bc5ed81edeb1d028f57d8c,btc-2024-25,btc,bc1qeck0ra06550vp2m6ntx0vade6ucn2ma2eemqtv,0.11404625,7089.17,SELF_FORWARD,1,1.0
2025-04-05,7ca0ec57976446bcbe073a79067b385d26b5bb49294a4f6f13bfae6e7e88a958,btc-2024-25,btc,1ALghftdrNP4XKKrrUQemu9Ss99xMwqoZN,0.00361717,303.44,VENDOR_REPEAT,24,0.365
2025-04-05,7ca0ec57976446bcbe073a79067b385d26b5bb49294a4f6f13bfae6e7e88a958,btc-2024-25,btc,bc1qpr47qkdylsvh40j49luw3zus22wpqegquauvhl,0.04212051,3533.48,SELF_FORWARD,1,1.0
2025-03-22,5374e6e8fe0999184a044ab1af296d37dd72a43a56578e0f3d18b877e10dbf2c,btc-2024-25,btc,bc1qzm3pfj6spnek4hu4u24795lwg42rqh89avvn7f,0.02101952,1767.51,SELF_FORWARD,1,1.0
2025-03-06,c0d22ad42ee8c54079b3c43bab41677ea61405bf9a300f940fc8c5c07fc7b8c3,btc-2024-25,btc,bc1qql73rwl04hqqjy8w87plyvzpvunw4t7ex47jj6,0.05729699,5191.45,SELF_FORWARD,1,1.0
2025-02-18,c272e82d665a0f190a25cc99c2fcff24b0e5aef858f9cb70abc161e112b76326,btc-2024-25,btc,bc1qmfu960z2vqu9myjeed59nhl0qc4qld85glsw5j,0.07333878,7024.39,SELF_FORWARD,1,1.0
2024-10-19,6cca9dfc5333c629065110c272a8cd7fd2620276963181a85d1918914148470c,btc-2024-25,btc,bc1qd6pq3gjusn6wctjgleq64w9agujctznlzh4wrv,0.0378544,2590.3,SELF_FORWARD,1,1.0
2024-10-10,f3312208aa2409266cacb609d4ef606d17130b5e7b4739e6cec3df7fd78b0b28,btc-2024-25,btc,bc1qzyc8d4585dpun2ycteu9r0zmpvdketkqvp7rc8,0.19490345,11818.17,SELF_FORWARD,1,1.0
2024-12-03,aec85aa58b806552e7ee7385b5e63bb63ce59cf21b9427fe4852d588cc5ae3df,btc-2024-25,btc,bc1qr34mky7nfcct8033lg655e2t46azg6awrn4w7g,0.03919596,3756.56,SELF_FORWARD,1,1.0
2024-11-28,5bb981c0eaef4b444546564f0a28581513dc5bd9f310a5f85e20026fc011fdfc,btc-2024-25,btc,bc1qj0cvhhcm7nu82z86u97fky2ajv7wekuama8z87,0.09012951,8640.1,SELF_FORWARD,1,1.0
2024-11-21,e1ca5436d081a421a49f8eef8d5e28d2e5faa551b65e7dce2e1e2d938986c78f,btc-2024-25,btc,bc1qjtmzpxpae26u9ah7mpycuawn7vteyxl4pejxaq,0.06765415,6378.88,SELF_FORWARD,1,1.0
2024-11-15,3c635c1992d4e0ed4e70bf2b4dd3ebbd7c8393ba2574df39dacf15ab9ee29d48,btc-2024-25,btc,bc1qd4wksmfs9yw4slvmdg79xxakuar3hjm59wc9rw,0.02485948,2170.87,SELF_FORWARD,1,1.0
2024-11-17,1521ecb940fb37a35a8f7945def2f3151762de1d6d54886dd76a496e51361894,btc-2024-25,btc,bc1qd5dhs5zwxysc2hp8ke5wa0v7ef6jd2ep8xh26c,0.04288448,3884.82,SELF_FORWARD,1,1.0
2024-11-14,084226eda6a9b7eee7205ecca9503fe29f87c89bbd10b764cc1f56b254b38e10,btc-2024-25,btc,bc1qzwykffx8llpnsmyq66qecymlju2x7z8ym5t6pr,0.03504196,3166.92,SELF_FORWARD,1,1.0
2024-11-11,120f7333f164f4570f7b819a13fa7836fcbd808c67a47ebe39f3167f9719c748,btc-2024-25,btc,bc1q4egtd6uy0ym9xuar52l3j05zjnautxtdcnj645,0.03544708,2848.88,SELF_FORWARD,1,1.0
2024-10-13,b7272bec2ffba9ebc7fb325ed58c396dc942961cc2d2a9939be8693b51e786f7,btc-2024-25,btc,bc1q7afw4snpl85mrpq2p93phth9wyevpu027cz5y8,0.08411515,5316.6,SELF_FORWARD,1,1.0
2024-10-26,d5f4bb585864f728def4eda5714068e838c16f770eac7a3661f7cdf87d13c094,btc-2024-25,btc,bc1q7gjq6lstjn5dsxxh87wl36xwn2wsvm4xp9z0ku,0.16103586,10740.82,SELF_FORWARD,1,1.0
2024-10-24,1ce5902d21ca67d29cb80f2df844772623adad12ea6f8e01a6e91f30362794f8,btc-2024-25,btc,bc1qhn6l7a66z6vq4e4g2xz8gzjsp76c48wvjpmpjj,0.05370693,3580.57,SELF_FORWARD,1,1.0
2024-10-23,43e3b0430caea92e03ee58a4ed31f4ffa64647bf34ff8d9104171e927d238ec7,btc-2024-25,btc,bc1qrwf6zcgnpc7vjpkyj9agam238k9qqg07xq3xh4,0.15300517,10316.53,SELF_FORWARD,1,1.0
2024-11-05,674ca7d03fb0ece7040d78b24b647f19ebed0bf8ecfef0b98c12e3f528af8162,btc-2024-25,btc,bc1q4plgucfksf27vh7xw6vcz2t722zap2aqvpr49r,0.06287302,4265.94,SELF_FORWARD,1,1.0
2024-11-10,1a17fb5307a49fba1bfc0272ccd3f02117db03a55ba2e1bedcc7f9054abdcc21,btc-2024-25,btc,bc1q45xyljxtw9x5lsag645cg8gygqtq8vnmgxghlp,0.06289924,4822.95,SELF_FORWARD,1,1.0
2024-10-27,d2b90abd5110cc4f9710c4aedb44b35b921ab7575205dc09f232f0bb8dcc756c,btc-2024-25,btc,bc1q0235359afem969d7w7vwtyqtptkwxsdcfvpyh4,0.0444447,2981.92,SELF_FORWARD,1,1.0
2024-12-05,fa07d3127ee2126ca6bdb00ca8f47c88f7b3c539ae1efef39e79bb1971fd2755,btc-2024-25,btc,bc1qtjyyme0uzx0ndvpvlssvk340llmr96u37vmnlg,0.04925556,4855.97,SELF_FORWARD,1,1.0
2024-12-01,c93ca3e1c80cd5c64dadf70271e6a5a5f13963f34c45dd50b04878e1e15d97c2,btc-2024-25,btc,bc1qr25wfjju99ptmm5s9lmw972yw7tv759706prvz,0.0713443,6878.16,SELF_FORWARD,1,1.0
2025-01-27,ad4dc71c9950f729ac545aa33713e8d7ac18f852384bb1c2e71bd0b419d4932d,btc-2024-25,btc,bc1qxfxfyrqysgyetjcp3pu64c7kx5chnucghl5hr2,0.0324709,3332.16,SELF_FORWARD,1,1.0
2024-10-19,eae32070add0eed7b0135c5c6ff96c70fcfc65df187c53300edde34b1ff91fd8,btc-2024-25,btc,bc1q5e89j7wu8ts7mk0dvrq7dpkgtv757x8794lach,0.18054436,12354.29,SELF_FORWARD,1,1.0
2024-10-29,0b324aa3f0fed04b592ef8e9b1ae9f93d0d6f9845f32e7b3329c796e7a9d35d4,btc-2024-25,btc,bc1qg2qawsg5g9y787hzhcg6rws22hhjh95a4seg3f,0.05806479,4062.34,SELF_FORWARD,1,1.0
2024-12-02,6ba2308883d3f6ae2b80a350a618b960bc630d0b29922f52e182ca4138d29ec1,btc-2024-25,btc,bc1qyef3n5jtnp2agygzvfxfzq5svmrr5zs70tmvpn,0.03200213,3110.13,SELF_FORWARD,1,1.0
2024-11-25,503815a645023be85215bdb0aef1585ea6bc877b32e1da3e7feb1c1b07bf4c32,btc-2024-25,btc,bc1qd6qv4rklsaxetac0h9qa7w3jcmqqtpvjajknxn,0.05386884,5273.76,SELF_FORWARD,1,1.0
2024-11-23,f34ffc602b0275940ce13aae6a02de82a16c4edc7ecc76965b2042754149d22e,btc-2024-25,btc,bc1q9y4r3np8eu5ljzg8sq5nkyunm05pegr6e0ln7n,0.05077081,5020.83,SELF_FORWARD,1,1.0
2025-04-13,9c5be2fff89de3f25853156d800959df57580dc8fc4876815544818b7cad3b48,btc-2024-25,btc,bc1qwdmrg7tqxga6huvw6ru632fzvqapk8qhdkvm76,0.06828233,5822.91,SELF_FORWARD,1,1.0
2025-03-14,938dc6cbfade9883261a2d947a756588f620d8a45da3cf99fe5030f8b4135ffc,btc-2024-25,btc,bc1q4hpte946zxmhrsxz7jx8eue49z4nzmrs47uuqd,0.07600095,6164.88,SELF_FORWARD,1,1.0
2025-03-04,9e586b08ee193d7572201366089a7564f7ce2536d3b6cf317ed815e157a91e84,btc-2024-25,btc,bc1qhxg34g6smtfmkxmcth22n88g2qge7apry64xq2,0.03541415,3053.45,SELF_FORWARD,1,1.0
2025-02-01,d2cbd27a9a01154c9f122b226f02f51641b583d4407ea08b50b3b01538c50214,btc-2024-25,btc,bc1qm8p3fx3wuxxdvkqsjzda67hstaa4dsrgyeeqqw,0.04291389,4395.65,SELF_FORWARD,1,1.0
2024-11-08,ae3f84ef899ae59b7e909a49036045e105706009b792e2e71b4733906f655b22,btc-2024-25,btc,bc1qyf4jg6wzsze9g5zwn6f0pkvjqqj5l68cdm9duq,0.04043424,3067.26,SELF_FORWARD,1,1.0
2024-11-02,37ba35b306d8c23795baba23744fe318a98408f01c5ef81321535f33f1df270a,btc-2024-25,btc,bc1qsctxwrh9m88h6d6l5yfral8r67jujcm9uvv75h,0.02296042,1595.66,SELF_FORWARD,1,1.0
2025-01-05,131be65076f80386bec4160210f7709dc775c268c3b4239bfdc34ba5838ac4a2,btc-2024-25,btc,bc1qk4fhq78wc58g6wtkk4wg6tg0dvszya8grdjdkk,0.07892018,7751.58,SELF_FORWARD,1,1.0
2024-10-15,5673ca6d06aebe152e7ef67890c65d46974889d5a2f418b6d5319c626d0f48d8,btc-2024-25,btc,bc1q36pdl4wnledm7h8eqtvgjuppmdw42s4s2nh0u0,0.04200487,2775.85,SELF_FORWARD,1,1.0
2024-10-15,9767bf7b50c28dc721dee3668fe22dea0f1ac5d9df34303ac50f53da79deb4ab,btc-2024-25,btc,bc1q9gjmyteulqp3dsc04pmsmf5uu939alx0vq7nkn,0.07044208,4655.09,SELF_FORWARD,1,1.0
2025-01-16,9d6ea869692593f104fe95e2139ec975d18fc91c7651cb1b6acaec209e1992b4,btc-2024-25,btc,bc1qe2qeu7pfykw3je8vk65hwx89a6520n484cl3m7,0.04182277,4203.08,SELF_FORWARD,1,1.0
2025-01-02,467b360e0cf2dbef0cc4b452632ed4b1aa51fc9384454d54e5f7b2f6b05afdb9,btc-2024-25,btc,bc1qq97l4lsglfqeq0hhucyklwrrh4lk3y7lu8v0pw,0.0488924,4624.82,SELF_FORWARD,1,1.0
2024-12-31,29ebe30df6e83fef09c8ff5c80db4da66764386fa45760908376692ce7dd1db3,btc-2024-25,btc,bc1q9jk00fjhf8vc07rjex6j273ydzjt0h8pus7f98,0.05675488,5266.4,SELF_FORWARD,1,1.0
2024-12-28,ab280fa4d9c831e12f3a24f9707b3d868291ddd506f1e1b4cac328e73fabea3e,btc-2024-25,btc,bc1q5746j8nslqzmpp3f0njfcn5lm0q63yrqslzhwt,0.05251885,4952.48,SELF_FORWARD,1,1.0
2025-02-24,cafff666492469b63f42bc04060f8295fec07927ac59de9f48055d1a5cf2eca3,btc-2024-25,btc,bc1q8wlnqguwgp6klc0xdf09yv5hma4fjjnvqyrp5n,0.05235035,5039.14,SELF_FORWARD,1,1.0
2025-04-07,8b29bb284187bae52f6f5c52a12783c1f594c77a34b5641b475ec9fd8a24e1dc,btc-2024-25,btc,bc1qg85d2z2l72ll7m467d32l4wpc84vtafxcnjcrs,0.04442942,3484.6,SELF_FORWARD,1,1.0
2025-01-22,fbfdf8db7698329d47664c346d072727a36f793a326f2b97765004bf537f88ea,btc-2024-25,btc,bc1qzhd95ank3yng946yzc0vprda8xgtg6ksmwxwul,0.05810384,6167.36,SELF_FORWARD,1,1.0
2025-04-02,7ef465ee9874b31201ca87fdcca454ba6bc4d285fac96c7bb6634c1715dc40a2,btc-2024-25,btc,bc1qvlcry9aehhzw2zzf8u5cc0vmcnh4mm2hg9n624,0.01707223,1453.84,SELF_FORWARD,1,1.0
2025-03-30,19fb4beee36acbc82a7fc1d874b6414edfebec743e8a863e443c9fb8815a03c4,btc-2024-25,btc,bc1qc9s9w5v59hhf977ch559mzvev79a5spdpf29hl,0.12983976,10731.07,SELF_FORWARD,1,1.0
2025-03-03,9db5e2aa86a61d358ea9d6ab4a1307ca3f795a2c81c830b67d5312b7612fab85,btc-2024-25,btc,bc1qkgeyparrcmquut4y6lwd3qyz0k7s03vjddmqzd,0.04777571,4503.82,SELF_FORWARD,1,1.0
2024-10-28,b22bb56847ea82b833f041a513719ffc71c270b94816ac0564e641a5aabd200a,btc-2024-25,btc,3EBKxnBP1aRiL6yFwNtiaZryZuYFQrdn9R,0.00146306,99.52,VENDOR_ONCE,1,0.375
2024-11-12,e1f93fba16215e74bbe386bb4f3d15100da01a97bbd5f2f2257f6c995c94aaa4,btc-2024-25,btc,bc1q6urjw8w784wppquvdruqr30hz2wkx36qlnuz0g,0.0472139,4185.42,SELF_FORWARD,1,1.0
2025-05-13,ebbc7cb8039f95efc478964dee9542467205a7b2ec3ad98b6f34dcff90afbff3,btc-2024-25,btc,bc1qzakcwku6fm0gesgn89gcc3cp28yjrwarq7rswa,0.02654868,2728.97,SELF_FORWARD,1,1.0
2025-04-06,beb63c94c07734886493074e5a71f9c38b361590a93ba40ddd325109a81ea8f3,btc-2024-25,btc,bc1q5w9rlkge57vunac6ccstqlvnxx9n7wmsxl3t5g,0.02785012,2326.54,SELF_FORWARD,1,1.0
2025-04-02,3478306d0e81f821750327b9d73ffd874d7f33a4132eb40e41623ce6c0cd9ea0,btc-2024-25,btc,bc1qjhhn4g7frsrz9y9737rmxderv0sx9xm033v3z2,0.05673615,4831.56,SELF_FORWARD,1,1.0
2024-11-29,1081006617bb7abf0d1ef20f194150b45ca1b038ef73b233c4a112e28f8e0c0b,btc-2024-25,btc,bc1qms8xfkhqtkrmehkj77dgffgcxrpvrdmdc7uf7n,0.04528433,4331.17,SELF_FORWARD,1,1.0
2024-10-16,09031d7b814713d324807f6700c3b2df774f00566063491b346ec3bc1616b8c0,btc-2024-25,btc,bc1q873a2z5r20k4gqgwvw8ns6780k8d3mduacvagg,0.04140657,2777.31,SELF_FORWARD,1,1.0
2025-01-07,645763c7df6ce6b789f55ccb6afb048e8198ef4b5109b5a09781cad57d7ac7c9,btc-2024-25,btc,bc1qzyqg9zjfgjyk7fc2xce4sglvrrut83dlxktvx6,0.04523167,4624.29,SELF_FORWARD,1,1.0
2024-11-22,a72e1a01f91fb2231a7a2c150d8874ac3ed4638624508a98cf1f1adfd52e67d7,btc-2024-25,btc,bc1qzhl7za60mz2f3wt0u33p92cm8qaxn5vlc60rw4,0.0293317,2883.81,SELF_FORWARD,1,1.0
2024-10-20,c5226d8d4f748ec0e56b9fceddbd9c3f59c2fcff904719b86604ec00aef7ed62,btc-2024-25,btc,bc1q7fhwpgvlp8yvng6rj6kesdvgdlvhed5jau2yxv,0.0599484,4099.15,SELF_FORWARD,1,1.0
2025-05-13,98ed74ad2bec9045c2d8e64e5ecd7c52d693ad11f5a856122e764a47d7969233,btc-2024-25,btc,bc1qwnk8yeu74e4hka49phlawp2rkvsas06w970s79,0.00747462,768.33,SELF_FORWARD,1,1.0
2025-05-11,e05d8f159500bd9aa69c26d626c7e749ee254609836df56dba497a1a546d1754,btc-2024-25,btc,bc1qvty3wcm3jhylc9da9jglt0jfyn95r0ddk48aj9,0.01263367,1324.13,SELF_FORWARD,1,1.0
2025-05-10,d337f105de529524030e7f0a115f3ec26e6a54a4b1cd0eb1f5c719f70aa18ec1,btc-2024-25,btc,bc1qaal4lwh4jq0l3ectkukldvz0ee54rnwssdfg46,0.07424944,7645.61,SELF_FORWARD,1,1.0
2025-05-06,2100910f0da67f7478491e3e46ccb773388a152f918554819188053f593e5f4b,btc-2024-25,btc,12Wb77wD8zS7W4f6oGG7WyjMayxxh7Lqw4,0.015,1421.01,FIXED_MERCHANT,3,0.666
2025-05-06,2100910f0da67f7478491e3e46ccb773388a152f918554819188053f593e5f4b,btc-2024-25,btc,bc1qn64f08lsccw3wlktmj5tda0mz4ms3mltuyy5d7,0.02501777,2370.03,SELF_FORWARD,1,1.0
2024-12-11,e76b7affe3c8d8510f027054afdfc2f7b0841e3ea855c869511a64f8c3c54f45,btc-2024-25,btc,bc1q2vezlux6wt6exzaykjlgnfsdn4ud8s5nyu8kn8,0.03743131,3615.6,SELF_FORWARD,1,1.0
2024-10-23,8104c5b9bfa42b0f36b629fc45d7bb7f7dc993409cff6a6057d9a769e156e0ae,btc-2024-25,btc,bc1qr9rvw4q3ty20889829hyewrl3mukquwysyt5nc,0.05638845,3802.05,SELF_FORWARD,1,1.0
2025-01-29,3ebb8058b7e797ef26e5cd875099838d648bac108137ba4c5252c7494f3b6589,btc-2024-25,btc,bc1qa6cs8nzye54n7pg5vuvxd505h86p6aaspfz5nz,0.03793215,3843.87,SELF_FORWARD,1,1.0
2024-10-12,61a619d6c8a800b4a47dac50df6f6a034f6baf2cafd2070e9101d8d3ef57046b,btc-2024-25,btc,bc1q6x7f9yqrdrxxwlj7cyrwaqcdx76m0ryw5eya4e,0.05689385,3558.14,SELF_FORWARD,1,1.0
2025-04-10,d78e4336932db915955251c51374187aa29fdbcae831c785da0bcf116ba9bce5,btc-2024-25,btc,12Wb77wD8zS7W4f6oGG7WyjMayxxh7Lqw4,0.02,1652.3,FIXED_MERCHANT,3,0.666
2025-04-10,d78e4336932db915955251c51374187aa29fdbcae831c785da0bcf116ba9bce5,btc-2024-25,btc,bc1qxn0hjcqsnx9k87hzs9y048vtwwr4t5fl0lwsck,0.05825952,4813.12,SELF_FORWARD,1,1.0
2025-03-19,02068a42121b1e09a1fcc7d736373e05fc0759c7b7fad5a826181761206732bb,btc-2024-25,btc,bc1qwq863uzekycznkcl6rlywt89sadfu35sx0hs92,0.07101195,5873.76,SELF_FORWARD,1,1.0
2025-03-17,28826aefe19d285c757bff5a702c92928b2e035a0b83f4ff109b3734e0b3f72c,btc-2024-25,btc,bc1qvf4w0fvv8jt90ec7x2ypfht6wy4wqpv8d9gsx3,0.04818178,3978.59,SELF_FORWARD,1,1.0
2025-03-24,5d331307d54840b5bceb8f5de72522c63ff0fbed5a754351d793777206ea9a15,btc-2024-25,btc,bc1qdscs79demsmas3xawqnhuzhzvywu872ltm40wr,0.03614,3111.02,SELF_FORWARD,1,1.0
2025-03-01,d0e39281227b4c3aa80fd31bdfee012842ab1f1cd2ab1b6d105a69dff95489ae,btc-2024-25,btc,bc1qlyu73uuhfmkwup7y9j6ckfhj0xj7necryyzqfs,0.09781666,8250.83,SELF_FORWARD,1,1.0
2025-01-28,b6d1f8c090e7bf5dc3598214634c165a17a3e66bb6d86e17d0c200a52cfcb424,btc-2024-25,btc,bc1qpjpyldf6yr3079rse0e54wmstzeg4a05r5elw7,0.02780817,2838.74,SELF_FORWARD,1,1.0
2025-03-21,a27634ab6d0d6aeb5966b863c0b2fafc7dc23368e8c110d540a20538b2ad2cd6,btc-2024-25,btc,bc1qkjmhxqspfjtxu9q8njch5u9jkt3zkx9l0gcz73,0.06255275,5268.4,SELF_FORWARD,1,1.0
2025-01-06,e46eb307930799f0b18bf89d302633f6572b11f433a0f52aa323fd846a087d17,btc-2024-25,btc,bc1qdmp9d9jcknq5kk7g4gmq6qys0puzghxl25fuh0,0.02901943,2854.46,SELF_FORWARD,1,1.0
2024-11-10,5acb488053eafd2469f868d7c26e34118c01a93ef41a7aab3796020eb008107f,btc-2024-25,btc,bc1q2w0tvtqe2pu9pwp273x948murcxe3afk87lwk5,0.03014512,2311.45,SELF_FORWARD,1,1.0
2024-12-05,f9f744420ae8aab704b68fc1e87c751b6c79898da4c2fc46bd18b38bfa729c13,btc-2024-25,btc,bc1q68rhfp8xgpejsl8s7p84655hjr9u9vnkj8azym,0.02401477,2367.55,SELF_FORWARD,1,1.0
2025-01-25,d6a3ff688cc4d3345ba684ee76903c2a96cf9d08f6586f3bcea1615a004924f8,btc-2024-25,btc,bc1qul0ya7cjsgyjqgzkfn6ksugyfdw56hep3zmuvr,0.04094141,4293.55,SELF_FORWARD,1,1.0
2025-01-23,c78ff474e02e6ed8c1f8e8826433e24589e88bbd921f5a79868d300a9dddfa17,btc-2024-25,btc,bc1qx9xatztsvcjlrt0jn58wsrfpzuuz6wekrcqtgx,0.04370416,4532.41,SELF_FORWARD,1,1.0
2025-02-26,ef5575f4e86ad9305626290c4b736749527c37586342bf2220108cb3b189e0bf,btc-2024-25,btc,bc1qjd573ad0a7zs685pj9q6qaume7x7eu2k9l9sl4,0.07315915,6487.78,SELF_FORWARD,1,1.0
2025-02-06,69eeaa6fb84a1dde5631365849d8ec4f5467155764a52d5df350300c8c27edc7,btc-2024-25,btc,bc1qmfx07y9t4d3pvujdz6jjwxjzq905vkqmze8w6w,0.02985136,2884.01,SELF_FORWARD,1,1.0
2024-12-18,6c3ce5888ee3a9a5a550bc3872c4899a824a065116204ac90fef9d9376b19e1d,btc-2024-25,btc,bc1qyrua28uaq38p6lza2ry8tcz0wh2eclxgpx5369,0.03399658,3608.18,SELF_FORWARD,1,1.0
2024-11-25,4980b892592027912a0a4d68c9c785d80fb5f40983c9391f4f001188e2b1732f,btc-2024-25,btc,bc1qdnygckj4rh0zzrsqx6vkgvnz4gyen73sp8rkyf,0.02223914,2177.21,SELF_FORWARD,1,1.0
2024-12-13,28ce277663e3683f80500a6f4b02059896b7afeb2d72473bf996ca45928119aa,btc-2024-25,btc,bc1qkmpg3svey779zzx8k4udvf83j5gh3tp0pdgkhk,0.07625104,7625.43,SELF_FORWARD,1,1.0
2024-11-04,da329dc92aa071afc12aa4a11e0d9a29af36a6afd4f8eb628bdf1615ad7e625f,btc-2024-25,btc,bc1qvrc6vd39lze6smhff57l96jkg9amkweegrhuul,0.01565098,1076.41,SELF_FORWARD,1,1.0
2025-02-19,26dcc6f7de2294bdd77a4dd8f9a3486dcabc4b44638623958c6775b764323d96,btc-2024-25,btc,bc1qhzaxl3htg7m9qpe3l0ddg98s4lqk5h0lddqafg,0.02998208,2868.44,SELF_FORWARD,1,1.0
2025-02-07,f94194dc4857972d376062b2c8ad1b06ef64eee067eeae2b805819a9162d91b4,btc-2024-25,btc,bc1qhmpr5p76fqc6ga3pcrlzwclvhnpn3575ck3nxv,0.02577515,2488.7,SELF_FORWARD,1,1.0
2025-03-08,3a88c8587d85c1d2d1d34e676ecf1eefde09c76af2cc71a062eb82056efff04d,btc-2024-25,btc,bc1qu8h0x8u30u6smfm232kvynd23l7jkegfxcea32,0.05594884,4856.46,SELF_FORWARD,1,1.0
2024-12-15,c6b81772e8693ff384183217c80a0a04a06dfbc2ba70855606e4e2c023077619,btc-2024-25,btc,bc1qm4l9r8866dgpjlrhfqy5260xkwgudlynpneg4r,0.06385925,6476.61,SELF_FORWARD,1,1.0
2025-04-25,edeb7b3984aa45f3fb3f951295d46ecebfad85dd0d4a90cef6268bfe226d8288,btc-2024-25,btc,bc1q2ymln5pl5hheqy4x9lmvdsnye2h6um9neuxvvv,0.07473661,7023.78,SELF_FORWARD,1,1.0
2024-11-15,ca4a041ececbc8f1c80c7ef4ccdf1d45701eb33a5c9a0c74f85a15d77537d972,btc-2024-25,btc,bc1qkeqxmq8jewnannawetwey0pkugp2hgen2hs70g,0.04147354,3621.7,SELF_FORWARD,1,1.0
2025-05-07,1324fdde9654baa503b990386a7a57aea77f4d73c1b5d9d15076db1e69fba335,btc-2024-25,btc,bc1qfs6cur35ktvuj29cyc20d38d9dxe7zf6mzcqvr,0.02261686,2190.08,SELF_FORWARD,1,1.0
2025-02-03,367e3ee2600d5b5f9fbd3ff248971a9cfc6e900a4052bc671fc29ac4652a7b1e,btc-2024-25,btc,bc1qw66klnkwn53je6xty50xgphqg9cpkxpr0f2dht,0.03158153,3085.53,SELF_FORWARD,1,1.0
2024-12-26,69fb946d0fae82c97ee03e2a6fa5062066405cf0378525cd7e183f239bfc21dd,btc-2024-25,btc,bc1qqeec2t9gl6pkr0cjetr6zh0n396ct0j98tyltx,0.06389652,6353.21,SELF_FORWARD,1,1.0
2025-04-03,8bd812b9b9d28bc82f1a5dbba3787c497678c0927e919643d3ef044e9c22c014,btc-2024-25,btc,bc1qrl2rs7e72tha2t7dp9yx7dmkykt7mzmqukx358,0.03281697,2707.93,SELF_FORWARD,1,1.0
2024-12-29,ad7e41e9aa0d1d2ed586642b9cc9de9c204296e1a74e2b4aec2558ae8bcdb776,btc-2024-25,btc,bc1qamneul5a9kmnacdcheg2rphs7dfdl3muav02nu,0.02650785,2526.2,SELF_FORWARD,1,1.0
2025-01-11,34d7ae8bb8881058689c0a9f01dfeac0a2007f26ab641dd1a7b2b701dc5b3210,btc-2024-25,btc,1ALghftdrNP4XKKrrUQemu9Ss99xMwqoZN,0.005,473.63,VENDOR_REPEAT,24,0.365
2025-01-11,34d7ae8bb8881058689c0a9f01dfeac0a2007f26ab641dd1a7b2b701dc5b3210,btc-2024-25,btc,bc1qh593rnlmq90fllhlt97j8cgaszrmrgypyqljg9,0.03825503,3623.75,SELF_FORWARD,1,1.0
2025-01-11,34d7ae8bb8881058689c0a9f01dfeac0a2007f26ab641dd1a7b2b701dc5b3210,btc-2024-25,btc,1NfQVes1hEPmSBvLYzZnU9u8wofuQ9AAtk,0.058,5494.11,VENDOR_ONCE,1,0.017
2024-12-10,fe65f81e03b8fa9366c995f301cb9de4587fd877ad671d4b3c705189fa115546,btc-2024-25,btc,bc1qwyf76jejgnssfk8fp8slkdw96920y2aaz9gpls,0.03276412,3187.18,SELF_FORWARD,1,1.0
2024-12-23,06479744d93aef6277f9e05ec7ef5eb4c80f6e6685210d0461dc97e00dbc85de,btc-2024-25,btc,bc1qlakhq6rdn88mk32vc0vtv4gp6dgv6n3hxz9f4x,0.03123985,2973.61,SELF_FORWARD,1,1.0
2025-01-12,a9ec579cf841d50030fca4ccddded7e6cd5aeac209be0afc313c03827b3af432,btc-2024-25,btc,bc1qlvce2x0m0rwekfmzrdz9twuwd6t2ye7e03t4w3,0.03000258,2838.24,SELF_FORWARD,1,1.0
2024-12-19,79300705fa27a9ac29418f08b28d8a936633f99477d584319e92946a5b6f81db,btc-2024-25,btc,bc1qy3q0tse5spug7peygu9p5a48y90ep27wvgycfp,0.04346696,4355.56,SELF_FORWARD,1,1.0
2024-12-09,0c546ecbe9c2d7aa7e868c649a5da975701b3ef35bb16e23a6e506ba2ed1b5a8,btc-2024-25,btc,bc1qnyafnxy9gr2nrery9t655eqt6tjpdvcu5ew0ex,0.04949497,5004.42,SELF_FORWARD,1,1.0
2025-05-04,c3a4e5057eb1f516b4db48ac3b894ca3c286f69bbff413e2aceb5207fd0b7a9f,btc-2024-25,btc,bc1qkeyve4hjjnlhpf6wh5rgxk62e7el848lg27tzt,0.04527781,4340.17,SELF_FORWARD,1,1.0
2025-05-01,b38cd4f2c6aa0559e8d4fd67f5f7f2e491be36b6c2a39b4d1fbb601ce916947f,btc-2024-25,btc,bc1qt5ruxd5s04q86k8qwsewvcncg2e9av59dp7g2z,0.0497769,4687.59,SELF_FORWARD,1,1.0
2025-03-23,d6d8fef57fa93c9d59eb8ab41a717556761338664dfb6dac3e38b7e87cc49f34,btc-2024-25,btc,bc1q02tafe7sjuzfjxx4549mut2evc82l4638kgx99,0.02784589,2334.62,SELF_FORWARD,1,1.0
2025-01-18,a3ab9c9cee2199d2f1956187a6b1dfbaff023624e8dd516d116ea6cedd7baa48,btc-2024-25,btc,bc1q3kkt7zvdp2uszkx3xx95m7qhmagtq03sjz6ytd,0.07579002,7888.03,SELF_FORWARD,1,1.0
2025-01-31,98bec87ee6041fe24acd8ad1bf0e2da783ec599eaf7cd6846ed7fefef9c4edb3,btc-2024-25,btc,1ALghftdrNP4XKKrrUQemu9Ss99xMwqoZN,0.005,523.61,VENDOR_REPEAT,24,0.365
2025-01-31,98bec87ee6041fe24acd8ad1bf0e2da783ec599eaf7cd6846ed7fefef9c4edb3,btc-2024-25,btc,bc1qk59l9jp8ur8pl72g46mrtthtmcgx6wc0qkmatj,0.03472589,3636.6,SELF_FORWARD,1,1.0
2025-03-15,43572a62e23e530c5a010d7c955a780ff9befcfe748a3b0b43de0dd8a1adb85e,btc-2024-25,btc,bc1qzn7zqjjyc8gkn3373y6hz69eadn89qm9t5cagx,0.02478281,2081.34,SELF_FORWARD,1,1.0
2025-02-15,e1d38cbfb061720831a80b182c2c56ce927c84c9ce559c05b51d0a24678e0103,btc-2024-25,btc,1ALghftdrNP4XKKrrUQemu9Ss99xMwqoZN,0.0031,302.25,VENDOR_REPEAT,24,0.365
2025-02-15,e1d38cbfb061720831a80b182c2c56ce927c84c9ce559c05b51d0a24678e0103,btc-2024-25,btc,bc1qar3g7v8rkex3j7a6u6decdgt8lvtpm3td452gd,0.01037658,1011.72,SELF_FORWARD,1,1.0
2025-02-14,a775a79447e854c94c0ece5f8af6e364652a0e6b0f3767674b1bd9bf634126e6,btc-2024-25,btc,bc1qpd6jcuer84vu8ldna35z8vcerz48trems5f2m2,0.07219165,6974.3,SELF_FORWARD,1,1.0
2025-05-03,cbd33e8b60cba6e7a6a288696839e162071365b2bb5b1791be62a201970d66a2,btc-2024-25,btc,bc1qgqtvdktwm96hjckszs4scxrmh54r4qp8tna024,0.06079956,5890.69,SELF_FORWARD,1,1.0
2024-10-28,1e6f3957c71f9f863c3c8982f272c28cb4200d39a6fc3af16c216f129d65a46e,btc-2024-25,btc,39mj1Rp4ukDpcVLXi9HCLREYpeorPj1JyG,0.001052,71.56,MIXED_CUSTODIAL,1,0.611
2024-11-06,94526ed0acab2118b4da640366ee2e659fa7f42d1f2bfb83fc12a5668b421372,btc-2024-25,btc,bc1qk4slhpqmk6ytcvc58a4pxq073zsxdqg62dx97d,0.01420573,985.48,SELF_FORWARD,1,1.0
2024-11-15,740cb5fcf5030c275bc5410aeaffceffbd1cfbe75867ea89742ac80e5448570b,btc-2024-25,btc,1AvZBBYkocHhXDoWaswPevMsN7bMDwy6xM,8.317e-05,7.26,SELF_FORWARD,1,1.0
2024-11-15,740cb5fcf5030c275bc5410aeaffceffbd1cfbe75867ea89742ac80e5448570b,btc-2024-25,btc,bc1q0e6kv9604awnkr9sk6pyss8s0hjdnt6yy5e84l,0.0013588,118.66,SELF_FORWARD,1,1.0
2025-02-05,051100f3afecd71d90e5195fbf5fa7e1df98a531336c7bd1c361eae52f65ed9b,btc-2024-25,btc,bc1q0vccvxk2jnygsxsyrwuccqccm0lckc2dpyl05a,0.03030984,2963.19,SELF_FORWARD,1,1.0
2025-05-15,5b3b027112f761e3259cd0757bdab65395bd57af7242bfd3533ea45a63fb6bb8,btc-2025,btc,bc1ql6v0jg92uqpesmzt9njel08r2z9ws96husdt6c,0.02869638,2970.3,SELF_FORWARD,1,1.0
2025-05-18,740009d381f9994eb0ffac5ab4644c0b503041583549f8b9c1ec04b3e439bc18,btc-2025,btc,bc1qfjkc5g3ryekcvgnmrp6e8jjm6eel0yamtmd3ff,0.03463897,3572.2,SELF_FORWARD,1,1.0
2025-05-28,bde254e39ae54a3049184b878702626921ebe4f8d746996877d80533167b02c8,btc-2025,btc,bc1qxcdqxknmdr2ys2lf5u67zxeew9c6k2njwl0amt,0.022753,2478.67,SELF_FORWARD,1,1.0
2025-06-18,9938e6d9ba2bddccc142d290014c6250d90635b2ff23c55c18afc018ef43a96f,btc-2025,btc,bc1qlt0zsn3j3qsd52825m7m2y83heqw376yxuz5l2,0.0208366,2178.49,SELF_FORWARD,1,1.0
2025-05-28,97c535d168ae03a119de547e6a7af0a702d3e2cf1bcf31c8d0361f12b10c2371,btc-2025,btc,bc1q7hwqlag9a9pejrjmm52ts9jddxq8wxhtle8ez3,0.01485626,1618.41,SELF_FORWARD,1,1.0
2025-06-23,b388f7239a49ffcbd9fb07d30adc3835df7938bced89eebddfa1a4abca92a0d2,btc-2025,btc,bc1q8k3ur0l2x7qcjmrxl9dfunhk0tu2esj7kx77cg,0.01998128,2017.39,SELF_FORWARD,1,1.0
2025-05-25,8b99e5adab6369bfa4d659d3dba216130b2b7e30f0e5a482f8560a9d53054896,btc-2025,btc,bc1qsp5aeq8vzy0jugak3stmj70tvmpcnvqe9egg9t,0.0208699,2248.98,SELF_FORWARD,1,1.0
2025-09-22,6a563c49dd60fe45e5e0e4b8c8ba4463143349c6dbddda29462d4994e3c08e66,btc-2025,btc,bc1q3psdd7tnr0w3shjm66qerek5sq5zdtqhqldtx8,0.05137444,5919.99,SELF_FORWARD,1,1.0
2025-05-16,5e3e862f19b60d60d051ec25e21fbf164991d95f6a011a5c35b673c19dccfa4c,btc-2025,btc,bc1qyahr3afa9cy9qmquanpwqzzc0gd494j4jg3c4s,0.03173875,3293.33,SELF_FORWARD,1,1.0
2025-05-20,8a051bed39cafd877625998198b4437d5fe67c5072f44fc755454090018c1266,btc-2025,btc,bc1qx8w85evmuppn2ta8tnn64dh55lwl35xy7p6r79,0.02453945,2590.72,SELF_FORWARD,1,1.0
2025-07-27,246ae8eb9548e3a9a96d7083aafadc38fb515c66c20fa891b4fc8b6a7c987a08,btc-2025,btc,bc1q5ahv83rgtwwmt3yuh7l9evw9cqgxfm7hlg9ce2,0.02066045,2436.28,SELF_FORWARD,1,1.0
2025-07-06,0d7728322ec9dc30c4eeb6a2b230320a6f59df6652c1e75562e0d287dc74610b,btc-2025,btc,bc1qys4l9deljeud59s3ffs0fy56kr9z550td8qj9c,0.01273989,1378.43,SELF_FORWARD,1,1.0
2025-06-16,95bc703abb87e37dbbdb6d9aa9934a289c917656d43168dff896be4a9b505dd1,btc-2025,btc,bc1qmtw6euj5p67u2q6t2z0srcf6vppquke9e0kht5,0.01181976,1248.1,SELF_FORWARD,1,1.0
2025-05-23,8192cfe437b2588a267a34a06fbe8edb9fbdf1b82c8ac3c25016c842fba43531,btc-2025,btc,bc1qjuee45z7lfr7cezre646zqrrv8keqz0ewgz3yx,0.04526511,5055.94,SELF_FORWARD,1,1.0
2025-06-01,9ea07dd433dad79efed8c1df07d1d43062e66f0644cd5c8146cea7c2cf072f53,btc-2025,btc,1ALghftdrNP4XKKrrUQemu9Ss99xMwqoZN,0.00475464,497.3,VENDOR_REPEAT,24,0.365
2025-06-01,9ea07dd433dad79efed8c1df07d1d43062e66f0644cd5c8146cea7c2cf072f53,btc-2025,btc,bc1qm5rgae0hcjv8etvsgwuthzvqfhcjz4vlaszqsg,0.0355362,3716.8,SELF_FORWARD,1,1.0
2025-07-02,44f5d0099a2b4f5ba964a2f401a8dfea73620d2c426e3b89a7d729002858d7fb,btc-2025,btc,bc1q988cjyx8jgmg69lxnptk5l38zdakwnu2w4dmw9,0.01289431,1362.69,SELF_FORWARD,1,1.0
2025-06-21,c5233d81032279d09e6a2c6a1637723cf9e43a958e524fbf946b2411f31764f8,btc-2025,btc,bc1qyyjppazugrnhpt9msdxfnvvasj74uz3zde3d9j,0.0251319,2596.07,SELF_FORWARD,1,1.0
2025-06-14,30f2db47594c993e227abfd6f79e44d310426d623169bb95ba19be808947a4c1,btc-2025,btc,bc1q4pw8h79egtkqq5u2u52u6k9acpywtys6y8qlm4,0.04654679,4937.06,SELF_FORWARD,1,1.0
2025-06-12,937e79f901e118b19bb21445668e2d0831752d5c3f9c3547b853a9c2589bcf25,btc-2025,btc,bc1q0l84ejhc5unnhrkhmu7v592skj6eq0mx8mtjza,0.02706215,2940.17,SELF_FORWARD,1,1.0
2025-06-07,553dfe4b30f1031ea377730f66b9994127689c693ee958cf5ce128d072fec91a,btc-2025,btc,bc1qutwp8cxrs670f53g3t38z323utmwfa8rz5fj5f,0.02103365,2193.57,SELF_FORWARD,1,1.0
2025-06-27,80b6139fe0f3dc2edefe0b5af012d60d4c17d33eed82e8123404f20db33ca114,btc-2025,btc,bc1qkzuaslj37muhjm4hfje2duaffwje8arpgntwwh,0.03914752,4186.71,SELF_FORWARD,1,1.0
2025-06-09,5bd63a170cf0010b58705213befbe2ac8ef6e32ec8e601ee02a1052aa76287ef,btc-2025,btc,bc1q9td78tn0gpx80lqar4ef0pmtkp8rk38deq3a8u,0.01986446,2100.35,SELF_FORWARD,1,1.0
2025-06-03,ced85c966a14511361e97af99dd15e5a0f8dac4e86f1dff85ed6f97a891972f2,btc-2025,btc,bc1q3krukhh5wphle439vymp95qdwh60nv6krvxddj,0.03242029,3431.95,SELF_FORWARD,1,1.0
2025-08-15,39a678b1c32e71533f1472ce3d2267ff5545d4bbc2e78ff380cecf4f841daf85,btc-2025,btc,bc1qj034hfkhy2d6knfs5gf405qlrd4ca6kkytx2ng,0.02443392,2890.41,SELF_FORWARD,1,1.0
2025-07-10,619862bcca94d34ed69f79d9107ba5fc4810db16153beab23e6a8a312c4b0bd8,btc-2025,btc,bc1qx9dxeypxdlpngxnnxm73n409gpajyme8xeq3wf,0.02717573,3022.87,SELF_FORWARD,1,1.0
2025-09-15,f0871b6f0572259446cb02d8dd999e9a62d6848da988b3b36ec92869365e854c,btc-2025,btc,1DgjorCeyFwUh5NoDhEoZ5TWzoZqJYd4Vi,0.01302722,1501.62,SELF_FORWARD,2,1.0
2025-08-25,026d594789dcc010ecf79353df62439a6007d511722489ae66a9df9b8fa31a9a,btc-2025,btc,1QCbZAhraWK1AfhQVoYkU6BHigT129Waij,0.0088929,1009.29,FIXED_MERCHANT,3,1.0
2025-08-07,81359c2983d0f813d112d41d453384a0441814254504e3e9133c9bae65d60e62,btc-2025,btc,bc1qsp95plgsn8ykc59z6sskrjuc35c45htqelev46,0.0343097,3945.35,SELF_FORWARD,1,1.0
2025-07-22,88c1b1d87eda166301b935188e21015bde6afc3cb060f9367c1e8396e0560a87,btc-2025,btc,bc1q63x64trwldk4zvmgddhgey49vwu8hzelehksy0,0.0352224,4134.42,SELF_FORWARD,1,1.0
2025-06-25,fa5d2fa3030a10e08ad4dacf52bf864dfab246baac6d6f41852371fabe13949d,btc-2025,btc,bc1qepa394myfpmpkxnxz34rlhlgwuk3nf6dcs4r6r,0.02619836,2779.2,SELF_FORWARD,1,1.0
2025-06-04,37e5fc46932874f3d5fe3bc76962f364297cc0aed04548b7834892f5bd92a7e9,btc-2025,btc,bc1qhyqxn8u2mjnxwjfzyvzx9as2hqwn5djljsgpag,0.01748134,1842.13,SELF_FORWARD,1,1.0
2025-06-11,ce93d51a54aed5866da4c30c6f1a3443d9329897a2a9aabdd3622f3eaae78fe3,btc-2025,btc,bc1qwk7ntgl34ky9c8xez4kksd350zn8r3hex3ltz7,0.01512889,1668.33,SELF_FORWARD,1,1.0
2025-06-16,a145c3d05a6c45c38b6dd0124747701f13e4c6838689438f46a9efbd598a80e9,btc-2025,btc,bc1qsuzhzpx2r3mn8ejdr62z75l7hq926k7fwt7anh,0.01123525,1186.38,SELF_FORWARD,1,1.0
2025-07-17,7dcbb6f4112e67b0c442054694068f79b980dc2b8da0b642bdcb117ea6842b83,btc-2025,btc,bc1qplug2rn9jtrq0jxcdphegu4mjqlk43schtwp2l,0.01959603,2324.69,SELF_FORWARD,1,1.0
2025-05-29,a8455d99f19ba715577ebda1652953e954c183069ad4a49488cf23795b88982f,btc-2025,btc,bc1qkf79zs5w2zuzm8v59jhp8tgj2n3cqkxt4l20fr,0.02146969,2314.04,SELF_FORWARD,1,1.0
2025-07-25,6c877b1da4d31448c9b70a898e780b340779232ae6dfa1857d4c6575eae4956a,btc-2025,btc,bc1qdzwwjctn3knhkm9kcv5ly758ke7a5fnxhjk7uh,0.03352995,3967.97,SELF_FORWARD,1,1.0
2025-07-13,70ff10282539990f305d851057693bfc7c651012296bdd534f48b1a16c495f68,btc-2025,btc,bc1q3xwe966juwqg35r0w6zeqf6l3xt3ujhvekafme,0.01571622,1845.4,SELF_FORWARD,1,1.0
2025-06-18,8c3274a9ec8dd84ead466b45a528530e71d5ca29b0e24adc2fcb804022124cb8,btc-2025,btc,bc1q84ufv652qk4x9v5dft6y6psvvp4lu43mggdpy8,0.01563832,1635.0,SELF_FORWARD,1,1.0
2025-06-10,9c1152869acc1015731b5bceee3de8eacd354dd3d2a656bf04126202e4c11e65,btc-2025,btc,bc1qkh3hyvs0qud0t3fnke82drva956funyqj2n2zm,0.02222432,2450.52,SELF_FORWARD,1,1.0
2025-09-30,4207c5fa751d4e8cac49564f2888f7343c25a4def16a9a3815428b571f08e092,btc-2025,btc,bc1q2scqq5ctldv0r5sycz446wd5cw9rzxt9v8daa2,0.05131166,5865.54,SELF_FORWARD,1,1.0
2025-09-07,a25b6eedb5e3927f84e77b60d126922c018a49e09da9c88851889910f141fb2f,btc-2025,btc,bc1qvlpxy80hk590yug5yw9uer78chz4pmugtnkgv4,0.0504083,5554.39,SELF_FORWARD,1,1.0
2025-09-07,12c5ef2731b26f208d8349b35645343101de04e66f73e5f98fcee1e9b7cde11a,btc-2025,btc,bc1qyhr59yc8wzrze6dqqlpz6q6mcshrskvdy6y2y7,0.11718381,12912.25,SELF_FORWARD,1,1.0
2025-08-09,6b3ac6c477480058e77e099cb653c4e2227a4396a07f46d031e8902046075659,btc-2025,btc,bc1qw7a3suufkel7j4rfqqhfydwdcn864rnwjgwxu9,0.02225476,2596.57,SELF_FORWARD,1,1.0
2025-07-03,f42ac2210d98afb85d7459d7ed511a48bdf20c981f3ff855741c051fb60bd032,btc-2025,btc,bc1qz3t2kxqgr62mkfs0kjwrrurr8473elrlmp26az,0.01464179,1593.75,SELF_FORWARD,1,1.0
2025-08-13,58c1508c296e70b057c76b53396c545da398645d3e3134fded7a31a1f37d9dc2,btc-2025,btc,bc1qluue9f5qr04ec787lgakd06q0dwygpwtw7d9uy,0.03812102,4579.63,SELF_FORWARD,1,1.0
2025-06-30,9a56cd50a201d56ba218f39d86217055c293d09b17865b70bb6ad9fc4cc9cae1,btc-2025,btc,bc1qadc5yn29gdrln2dkzl6cggms8vmvlf65w6uex7,0.02100242,2275.76,SELF_FORWARD,1,1.0
2025-07-16,f378730d3f5979488f81bf756fe34d05b37700b32179496ad1b44b59920e6977,btc-2025,btc,bc1qdf0saz6jx979c3qkt359vlmzdpwacv3qmxml2q,0.03225024,3797.73,SELF_FORWARD,1,1.0
2025-07-01,9d4f94f6c971e4b8de5dce61a50a2db7e8dcfde2c9c2d4f78eb0cb2a6811f51c,btc-2025,btc,bc1qsuvvdmgnyc0lxxseamwltzaczqsdlqmk5us76s,0.01772512,1899.18,SELF_FORWARD,1,1.0
2025-08-19,5d2bf7014f94a1b1fe7453a8ff6ab12a811054bbc540f7399e0a9441af8d9bc0,btc-2025,btc,1QCbZAhraWK1AfhQVoYkU6BHigT129Waij,0.0087,1011.18,FIXED_MERCHANT,3,1.0
2025-08-19,5d2bf7014f94a1b1fe7453a8ff6ab12a811054bbc540f7399e0a9441af8d9bc0,btc-2025,btc,bc1q6kz80pp06dd5fmu6m3nugwn3a9rvgvzdlsevzh,0.03763611,4374.33,SELF_FORWARD,1,1.0
2025-08-05,bada1dc382ef41fe2512395e4262269b01700c199501fe1fc2608b6d31780e97,btc-2025,btc,bc1qjl04gf54605dkhd7cckj2uhrhtcvse0fzneadc,0.04298342,4945.46,SELF_FORWARD,1,1.0
2025-07-12,af118ec96c50df11f600e613a2708f79f9745be75203be9b1a07a45c2562319e,btc-2025,btc,bc1qn0w3tu92h5tdr84duh72dyva0ej0qz8cv7ymr7,0.01615829,1899.05,SELF_FORWARD,1,1.0
2025-06-05,6e7142727526ab894dddc9642bce6fb056cff6ce29f522c1b49a21ba8d887499,btc-2025,btc,bc1qalvlezsy5jjrmlsnct06zhy4hq8m8uvf7u9mju,0.02493464,2610.58,SELF_FORWARD,1,1.0
2025-11-13,007828befb735469219b1c9e1d1212369bf14a4296914f00e0c2c1fbfecb698c,btc-2025,btc,bc1q2ks5ufwxjdckazxhk3mycvxqqxcq0ycs9vew8q,0.04433848,4507.2,SELF_FORWARD,1,1.0
2025-10-06,75e22e1e3cc2a52fed55dd769af562652f2f8b44341597ef2b98254ec0cf76bb,btc-2025,btc,bc1qj580jn8ra7ef6j0ktpv36x79v27p6elnfv3mc4,0.10862297,13413.02,SELF_FORWARD,1,1.0
2025-06-29,6f6e550f71e776c53eba496cbaa9f7907a85493af91599501302bd3ba1b3a2b7,btc-2025,btc,bc1qu0jjvfd8cfx6pry6n70qtvv6dxfau4j2g8pej3,0.01526569,1637.96,SELF_FORWARD,1,1.0
2025-10-04,ebbdfba3a15c74b26046b2b6818382e4356f6bc3ed0196ebe29dc090ff0c80b7,btc-2025,btc,bc1qscx6ndxsrkuyuryhcllhc384q068ezpjnqese2,0.02454295,2999.94,VENDOR_REPEAT,4,0.082
2025-09-30,6a1a8f16e4d99ecd271e56a1b9abca094bf14ef360c2f292869ed9ce702a6f1c,btc-2025,btc,1BkQCCAXJxfGALhexJJpdRGYnJbJPie8Ln,0.01326365,1516.19,SELF_FORWARD,2,1.0
2025-09-04,d0716be36acfd80a0fffda26c51553724db7cc06e465962ca5a6504b8f0cc88a,btc-2025,btc,bc1qscx6ndxsrkuyuryhcllhc384q068ezpjnqese2,0.0273905,3059.68,VENDOR_REPEAT,4,0.082
2025-07-04,e40e64d5d0411f5f5cbece8553790cd70dc9ec2e646289bff271c870df348aac,btc-2025,btc,bc1qs2x2vegga85cuavp08t988q4lkl3qmtg8hqrds,0.01838708,2014.94,SELF_FORWARD,1,1.0
2025-09-15,c839731e4303c8056f7fb80075ab5848e0dfd5e6660aca77ae20e72a6c5ab8dd,btc-2025,btc,bc1qsy9cv3ps3m9dvj5rw50rw35fp4y06ta799wadp,0.05038742,5808.06,SELF_FORWARD,1,1.0
2025-07-29,9de07299fbea064f96dfdd440e2934bff3a89abc14fe3cd51a60bfb66c0b83b7,btc-2025,btc,bc1qzdy8t8al7sqryev2x0jg0flnffue7jw749696m,0.03953034,4667.04,SELF_FORWARD,1,1.0
2025-07-05,ca8b5b7bca881f261187e8b0c5c967090cafdd0c290d28d8156c71f6905fec08,btc-2025,btc,bc1q7njnjqzlmna9gwusxdludaycm7u2dk00zjhrmx,0.01342156,1449.32,SELF_FORWARD,1,1.0
2025-07-19,1498589ca5c3d2955315fc2bf2c81471c73c6fbd28cf2716ab5e40e80e2dde35,btc-2025,btc,bc1qnpm6tsgdgxmslhvlr6exzr5h5c7y6r26v8a260,0.02141568,2525.44,SELF_FORWARD,1,1.0
2025-08-01,ec8366340a8936e40518ad574c36016831553105b6d10e04f25b430642722afb,btc-2025,btc,bc1qdvg8262vvh25nw63v8hvtn3earshgl67r3nk5c,0.03600558,4168.15,SELF_FORWARD,1,1.0
2025-06-19,71987736895eedb0b77b20bd39cf5b31ca1c91f2849a3d61f0733e1a8f46d732,btc-2025,btc,bc1qrxd362xy5k9uer2enqaywu9gxt47gmssmnum7r,0.01703208,1786.44,SELF_FORWARD,1,1.0
2025-07-11,c503c6969c2acea8a51b91773519eb33b658cf99ecbd0192e5c0a407e7e2ea48,btc-2025,btc,bc1qv9mc96k9x8t0s6dgxfdcsfrkwsysus9kyx8hay,0.01132745,1314.1,SELF_FORWARD,1,1.0
2025-06-04,7339e338e5915c87cdcd478e6567208918780ce9456b5e4932f1ce3c0dcd987f,btc-2025,btc,bc1q4gqdqry053xua75ur9q3v9w75gq2u2zcz7n0eq,0.0114006,1201.36,SELF_FORWARD,1,1.0
2025-10-03,ef76ac9346697a22c1eb712bbca9ef9d9c2fea4e6ed90be8ae77cf3027beb775,btc-2025,btc,1BkQCCAXJxfGALhexJJpdRGYnJbJPie8Ln,0.01245457,1501.14,SELF_FORWARD,2,1.0
2025-08-29,a26d8294e28606f604a91d424b73948fd628894a6d70f38a497fb47fc23d26c9,btc-2025,btc,1QCbZAhraWK1AfhQVoYkU6BHigT129Waij,0.00907364,1021.39,FIXED_MERCHANT,3,1.0
2025-08-28,c37ecb11644a39b41bf66b941e6de65afd3fb5b7a6475d65fe5d01707f914e2f,btc-2025,btc,bc1qc4h5n6gk5e3yh6kac22n882szh4s77605wr6c7,0.01791546,1993.31,SELF_FORWARD,1,1.0
2025-07-08,3b08907a027e98e75c0150552a784547001243b460ce107def13da05503ad6b4,btc-2025,btc,1FzWimmFK1JyzF55tVtBxTRrTqKqotsmD7,0.00919772,995.77,SELF_FORWARD,1,1.0
2025-07-08,3b08907a027e98e75c0150552a784547001243b460ce107def13da05503ad6b4,btc-2025,btc,bc1q9fw7n56uvakdyshqpw32ckqdtq09wpupzw2mng,0.0118776,1285.9,SELF_FORWARD,1,1.0
2025-09-19,f8e982a7237f6d28595af6be54c3ba041f6665fbd261d7e6cf9349d0267c8915,btc-2025,btc,1DgjorCeyFwUh5NoDhEoZ5TWzoZqJYd4Vi,0.00864704,1012.34,SELF_FORWARD,2,1.0
2023-11-12,48645b36ebcfc0138d026be3eef04c67423ee2543ee37752642d16e28bf66c6a,ltc-2023,ltc,MBevdJh78YsgnticGmLiPPrFKvKx39yKXZ,42.69378026,3213.13,SELF_FORWARD,1,1.0
2023-11-12,76a3c2a89a2aba40d43c6d595b30cd4704d2c7bead4973f3ec790dc2fca73ee0,ltc-2023,ltc,LhvEwZThoaeAfcqY9jUUgTLV4nMUz2vnAx,0.13209409,9.94,SELF_FORWARD,1,1.0
2024-01-06,b55f1e4cecab34b3cca672077b6c5b5a2f7a1f60371ed7a5c37015159789eaa7,ltc-2023,ltc,LQVX7tduj89w7gCBLyE9wsSSiGP43UShq1,84.9999424,5609.15,FIXED_MERCHANT,3,0.762
2023-12-26,1eca9f93709b7097cbd99f00b448cd30fecc24f86e4a0c223abaeacfeb4bf237,ltc-2023,ltc,LQVX7tduj89w7gCBLyE9wsSSiGP43UShq1,74.9999424,5417.25,FIXED_MERCHANT,3,0.762
2023-12-21,e0b7d9b99c5daf94f0650d4d4daece70413990e9c5f7222ae648ab11165eef8d,ltc-2023,ltc,LQVX7tduj89w7gCBLyE9wsSSiGP43UShq1,79.999808,5586.39,FIXED_MERCHANT,3,0.762
2023-11-14,3c9a5e9f12315a613c237ee6bd04d7a35c442f276af4e2e5ea4716381de9936c,ltc-2023-24,ltc,MN8XrFcQkesdgdfGTXvvXTJdb3x4QSTr6d,52.97856304,3766.78,SELF_FORWARD,1,1.0
2023-12-14,1f2411a0faf9d378a9ac70f7e3955fa7bc36f7511b7e8c3636744c62c4bda12f,ltc-2023-24,ltc,MLmzdtYMwLWqbisxhFZajqVUNuH2JExm2M,45.0,3291.3,SELF_FORWARD,1,1.0
2023-11-15,6a5105cc3b683f07c67875c9375e184e2c8222cc856ba231b3c25c31f3f75607,ltc-2023-24,ltc,MGNyzbTpqAeXk2K8eXe9G6Mer1oehSJEpH,40.5818793,2865.49,SELF_FORWARD,1,1.0
2024-03-12,9e2810384ed0482551eb6372ebc238c7dee75e82e20e41a9f554c36dd6aa490a,ltc-2023-24,ltc,ltc1q0glucnqt5jswsv26zmntmxdgvw37sz66vg2k5u,68.49669168,7114.75,SELF_FORWARD,1,1.0
2024-01-14,051badefbdc01a31a45a1d2ae3cacc643c073d23f65dc29b8aa78a09d61ca829,ltc-2023-24,ltc,ltc1q90p5r8v3wl95gcyytxgd6uq3l5jprwxjhl6vw2,84.3054828,6068.31,SELF_FORWARD,1,1.0
2023-12-11,0a8f3b6e71bb6260fe32e8979fb754f2675c46843a34e469210f21542fc6fbd3,ltc-2023-24,ltc,ltc1q99fdeeq680wsyr09qw0akyjxlrwmzq6r3cv2st,263.45289415,20330.66,SELF_FORWARD,1,1.0
2023-12-04,67f4102ab600cc2e227d1559c2197450e714604199235490f8e8d3eef5e0d259,ltc-2023-24,ltc,MVW7PQ8Z4ut4wtmb5XtMfvBHxGduEy7HsU,100.0,7231.0,SELF_FORWARD,1,1.0
2023-11-27,532c2c6e30d6e44c12dce4433d965f594c8f59b264341e160a06190d6dfeab13,ltc-2023-24,ltc,MM3jz3YV4k94TFCXu7ssfe1wv8xBniet4o,100.0,7003.0,SELF_FORWARD,1,1.0
2023-11-19,a98b73f6fcf724fe76da6b40cc385d7892a5b0c503484649220c151365424a75,ltc-2023-24,ltc,M7yRVBVgVsDefMTZNAzYnXSfEdg1Y9FLoz,78.28607207,5468.28,SELF_FORWARD,1,1.0
2023-11-17,c069893a2962915b3cacc0bc369d38f07174e9bf0fb8de282abc50c6da036fcc,ltc-2023-24,ltc,ML6FAg95y9ZZvvpB2a7y2d1QF8BSKxtKTb,50.0,3548.0,SELF_FORWARD,1,1.0
2024-09-04,aab0edd462513f49061bb643e574523b9238204e10d2a4b3856402bfe5f03491,ltc-2023-24,ltc,LgzbsbLsmev66YVzQdXqEfTTTBoRqmUUTf,16.0,1029.76,MIXED_CUSTODIAL,56,0.629
2024-09-04,aab0edd462513f49061bb643e574523b9238204e10d2a4b3856402bfe5f03491,ltc-2023-24,ltc,MCXwmQGNvJSpPXMFYL2EjTmbZbDuY6cFxd,58.16691738,3743.62,SELF_FORWARD,1,1.0
2024-06-03,04bcc67d1b650617d086315491a40a86b74bce3e591e3cce67fd7cc608c69969,ltc-2023-24,ltc,LgzbsbLsmev66YVzQdXqEfTTTBoRqmUUTf,12.0,997.32,MIXED_CUSTODIAL,56,0.629
2024-04-27,255311c077020cc3eba873312fae9724c3c233e234a1bc210179debd8626bc98,ltc-2023-24,ltc,ltc1qzfwszt96ukg4c8cty5g7qmu56c65k346fswvxc,42.90568545,3779.99,SELF_FORWARD,1,1.0
2024-03-13,753f478cdd63e81470857300f6a49d8d6f602a40314d642007c6599ce0f221eb,ltc-2023-24,ltc,ltc1qutrxl64032m9e6xu9hdcgeaezg7qc0lmj6a3k2,52.71800006,5141.06,SELF_FORWARD,1,1.0
2024-02-20,cf211ccda0a690856b7e80d97ccdc2a2f2f85b6799abe5b290a22f7e3e5c8a11,ltc-2023-24,ltc,LdpzETAzWYCptoB4nZ4qDRfQFoP3Qps1Am,15.0,1069.35,MIXED_CUSTODIAL,45,0.977
2024-01-19,a7f3dd6e506ee3da9232e2ab2522bb21adbdcf1239015c7b5fee417b3ce286c4,ltc-2023-24,ltc,ltc1qsm9xe36xj5gnr6ymzrt3spn9f2hqzyul9aujtl,80.0,5448.8,SELF_FORWARD,1,1.0
2024-01-11,3eb79ee9b7cb3fc20e1bf339a26ba78822a51795f3c50da5dc9a98e3dbbbdff3,ltc-2023-24,ltc,MQfHEC53MKvyhxMkRGgHqWknwEksDsmDiH,40.0,2804.0,SELF_FORWARD,1,1.0
2024-01-08,998ae06be44a3fac6e3c328f6a4e3c2f3f27e62c34fdbfe35fe45eafd7d54a80,ltc-2023-24,ltc,LdpzETAzWYCptoB4nZ4qDRfQFoP3Qps1Am,15.0,964.05,MIXED_CUSTODIAL,45,0.977
2024-01-02,8bd46e084664f2df131a6c6074c41564f1bfbeb0184395186d4bcc6be2c13580,ltc-2023-24,ltc,LdpzETAzWYCptoB4nZ4qDRfQFoP3Qps1Am,15.0,1120.8,MIXED_CUSTODIAL,45,0.977
2023-12-26,1eb620cf538d93bd6130ce50a5f877568c7c6751c2fefbb214fc0c6bb984ce56,ltc-2023-24,ltc,MRnkqxnhZjbHdaRJ8khU7S2NUNv67t9ffR,25.0,1805.75,SELF_FORWARD,1,1.0
2023-12-12,3d69dfdf2f0d8a24da7666b6e60a59745ea57161ebddb9922a069a7f9c74e011,ltc-2023-24,ltc,M87n7cazWvw4wYJiqv77SNThvFUSzSrRPz,50.0,3633.0,SELF_FORWARD,1,1.0
2023-11-13,cce1a10feca96b8ed94018dbb294f6e0ab9f4328a5dcc510c376abafe49d5874,ltc-2023-24,ltc,ltc1q9yz8jac34kxnx3vx90hhsrdk9plf2g02p4etcr,10.85949598,813.16,SELF_FORWARD,1,1.0
2024-07-22,9a630a3ac2fc4f9b5bee9fdafcd1f1bab7297b74f048d52647fc488ea196a8d3,ltc-2023-24,ltc,ltc1qkymwp6gw7ems3lqt8z2jyxj8cj9a4a4fkn4cy5,127.04211091,9399.85,SELF_FORWARD,1,1.0
2023-11-29,5e3abbd150f2fcccc3f91e30975a8d80865e48dcfcc64ab32053043895e5d988,ltc-2023-24,ltc,LdpzETAzWYCptoB4nZ4qDRfQFoP3Qps1Am,15.0,1046.4,MIXED_CUSTODIAL,45,0.977
2023-11-27,c715efb35286a167114e454d231d46e789169e32710af9f913f728013dd23335,ltc-2023-24,ltc,LdpzETAzWYCptoB4nZ4qDRfQFoP3Qps1Am,15.0,1050.45,MIXED_CUSTODIAL,45,0.977
2023-11-24,04caff133970a14ab12a6e7c853dc650695c86753e037dd66bec5b8152b8447e,ltc-2023-24,ltc,LdpzETAzWYCptoB4nZ4qDRfQFoP3Qps1Am,15.0,1042.65,MIXED_CUSTODIAL,45,0.977
2023-11-22,eb2cf6b0300b8900000de41c133f2cd115c746a569c0981be10c309c287d08e9,ltc-2023-24,ltc,MD8PtB9L3i7kns1Qg2xkJBXFHuX91o7TVq,50.0,3307.5,SELF_FORWARD,1,1.0
2023-11-19,27d5637e3746e585db3b67703ab8e0709fe0d907ddd491b66f33de6fb7b21c03,ltc-2023-24,ltc,LdpzETAzWYCptoB4nZ4qDRfQFoP3Qps1Am,15.0,1047.75,MIXED_CUSTODIAL,45,0.977
2024-07-06,8c9b38fa4c9c011d8c57fc5ee81f119940ce8956a3f9b9c588567a10cd1ee5d1,ltc-2023-24,ltc,MJUmV9hUGhco5m21szXMCEXCKTqzJpA8gB,30.20214165,1868.0,SELF_FORWARD,1,1.0
2024-06-29,8b4c94a145914bb1929b6717627d567dc40e3610ca9fa6c79a3d79669f2fabe3,ltc-2023-24,ltc,ML3fEYZqz7CmLzg7pcmdtXYeEMdzLn3Ykb,40.0,2916.0,SELF_FORWARD,1,1.0
2024-06-26,2c76c1270ab4d2893c55e50eef2f1650d9c4a5fa8a9b0387869824e6e9e523a3,ltc-2023-24,ltc,ltc1qmj8vcdrqwtlxy9aqh68n6kk3reurg7enth8arz,41.76781548,2980.13,SELF_FORWARD,1,1.0
2024-05-08,27b46afe741c613e02e2589e7fddcfd18a592f46cdea275d74ea9e124bcb9cf7,ltc-2023-24,ltc,ltc1qtswj0w9hf6kl5n62upsn8z2fekwv4s057kywq5,25.51984098,2062.51,SELF_FORWARD,1,1.0
2024-03-24,a9e64c955f40a9dd40f82b2fb426703aef5e8da46ef8f6ac7f5191550d33ab99,ltc-2023-24,ltc,MJMsCobtEi4hLHQhJyu9DAT8y1a1w1wQDv,40.0,3410.4,SELF_FORWARD,1,1.0
2024-03-08,89e50f1617b57259a64bdb0c70d66cd9cd393c998d980602a2cca325a6c09ea6,ltc-2023-24,ltc,MMb4q83VonW8k2HU3hVmZEWRATmvR9FGDF,30.0,2640.0,SELF_FORWARD,1,1.0
2024-03-05,d3f84faf9ad56c13970cbbe57ec928e4e9322feda4cc84b8bcf3fd9f777faf35,ltc-2023-24,ltc,LWtbU9hkHzsgPAQmiw1VrUuk53jwiUfSBr,15.0,1334.1,MIXED_CUSTODIAL,26,0.754
2024-03-02,377503aed32bb67bc18b8403925d1feb903f4ba59c2d7d82f71f49874ff03b44,ltc-2023-24,ltc,MPrY2oAsoNTKoBYLug8AFJq1116xZo3iPz,40.0,3395.6,SELF_FORWARD,1,1.0
2024-04-19,731d3fff9dde4279adbe55c7afa7295e99de6161d6110d10706b5c5c64970460,ltc-2023-24,ltc,ltc1qlv2d9tj6myfe86ems6adfcw6dtkdzdx8pdd3kt,65.70895005,5306.65,SELF_FORWARD,1,1.0
2023-12-16,16f1ddf83ccb273fff8e2d25face095aff7c838622418ffd09d6a618aea680c4,ltc-2023-24,ltc,MNNz9e67fz6xwYVLAJvR5YmAuNBQKEBHia,45.0,3191.4,SELF_FORWARD,1,1.0
2023-12-13,db5793af04f1ac2c35076bc14f21aa671c717f7af6e86846f5515695d9ad581c,ltc-2023-24,ltc,LVKWacLn99bBSZz9suMPcX5hqEcXWepEqZ,80.0,5790.4,SELF_FORWARD,1,1.0
2024-09-30,3c1e1d90d412350e555cea23a68389d3de388160519ff09729fc05361f9c113a,ltc-2023-24,ltc,ltc1qwa0e59va4s8m4zut52nyvwx6elkms2vuzq03hv,45.09712448,3123.88,SELF_FORWARD,1,1.0
2024-09-29,c0ea8b405dd1444f22f3faa6938060e2fee31c16cd617d36cc2c6eaa9638f539,ltc-2023-24,ltc,ltc1qumtx597kt6jl02n0sv8qat2c5zrk7ttzup28ad,122.90798982,8597.41,SELF_FORWARD,1,1.0
2024-04-05,c8e03977e892486fa4bebf37e1697f3a7deba1c1ebe9f893582128342cadab1b,ltc-2023-24,ltc,ltc1qxu5qffhn8x5v735mqshl6xqpwns68lyzaggguv,34.1173515,3357.49,SELF_FORWARD,1,1.0
2024-08-26,5a2ad9bfb4c6d527ab518c6e2a17838f348609ab796531484ee4fc76ac4a0d6c,ltc-2023-24,ltc,MQWZV19vA7AkXosJbi7dTuwWQat99g8Wf2,40.0,2592.8,SELF_FORWARD,1,1.0
2024-08-26,5a2ad9bfb4c6d527ab518c6e2a17838f348609ab796531484ee4fc76ac4a0d6c,ltc-2023-24,ltc,ltc1qz06ykx4kkghz2lf52frncnqy5skuh2llmfrgjy,51.7042689,3351.47,SELF_FORWARD,1,1.0
2024-08-21,b07f9e33a69f9645e28864d297a0bdede606101f9272c9836dac7beaf7da21eb,ltc-2023-24,ltc,LgzbsbLsmev66YVzQdXqEfTTTBoRqmUUTf,16.0,1030.56,MIXED_CUSTODIAL,56,0.629
2024-08-21,b07f9e33a69f9645e28864d297a0bdede606101f9272c9836dac7beaf7da21eb,ltc-2023-24,ltc,MQzQ9BTg2r4rV3yyPrs57fRpMR9o1xpD8E,40.0,2576.4,SELF_FORWARD,1,1.0
2024-08-21,b07f9e33a69f9645e28864d297a0bdede606101f9272c9836dac7beaf7da21eb,ltc-2023-24,ltc,ltc1q7hyhlxdspkwq7t990fgcgf64lpgrhklr26cv5y,74.33570611,4787.96,SELF_FORWARD,1,1.0
2024-07-28,5973e229ea62891ec7554c028a00d030cdc3820f75dc3ed61d0e0b2e250fd905,ltc-2023-24,ltc,ltc1qg50e67edwwwj4n8n8q4txhh4njw03j0qnqq6j8,62.60335128,4463.62,SELF_FORWARD,1,1.0
2024-06-20,1fc561ffe3290004c11268ea70f72a4a1971cc781fb9bf479517c462f2303793,ltc-2023-24,ltc,ltc1qu0evlmxdd2ku9jng2d2pwzj9rdxu9sgxxszkfh,41.5129807,3062.41,SELF_FORWARD,1,1.0
2024-06-10,f4705ac8e857bbea2016747cb8277e61bf3fea6c163ff9f1d010954367973bbf,ltc-2023-24,ltc,ltc1qcmzzkm70fwp92vryw7fgy7zqfy0tzq0083w6c6,33.49100427,2696.03,SELF_FORWARD,1,1.0
2024-06-08,a93a00f3246adead6dad2f1e0872da90f0487aa765838d7297442eadffc43539,ltc-2023-24,ltc,LgzbsbLsmev66YVzQdXqEfTTTBoRqmUUTf,13.0,1041.69,MIXED_CUSTODIAL,56,0.629
2024-06-06,94d56d9495c57602b11b2398b59993f3a2be6acc226110a39975fca513193773,ltc-2023-24,ltc,ltc1q3qslqxtjnx737nxqe2lylseqpkwl6crw555rcs,79.98173216,6833.64,SELF_FORWARD,1,1.0
2024-06-01,bf56fb232d3061478bcf365d56d746572d66fff5f468744fb489bd734934e493,ltc-2023-24,ltc,MDdfdiiyZ8Q1w1JJo6FiYYYwssBW7kqRJ3,40.0,3328.4,SELF_FORWARD,1,1.0
2024-05-30,7bfd89d983b0eb2fac09bce36dc47a2f950f90f38064a42c0a8db3ba1079aec8,ltc-2023-24,ltc,ltc1qxs5xkqpa43pk4v7rc85rd6963lz09u0lyauz2s,64.00585776,5349.61,SELF_FORWARD,1,1.0
2024-05-28,8ab013d9bdb3d123b52f753a4860cd0940d453ac02fcee890575aee757faf579,ltc-2023-24,ltc,LgzbsbLsmev66YVzQdXqEfTTTBoRqmUUTf,12.0,1022.88,MIXED_CUSTODIAL,56,0.629
2024-05-26,673087009ed538e970aac4d1cc867c3a1d9884ab293f01c595677b7b9dbeb176,ltc-2023-24,ltc,ltc1qla5l7hpmhqxcvpyflgulurdvrtn5yrkqk6j90p,48.42651381,4115.77,SELF_FORWARD,1,1.0
2024-05-24,329cebf757cbe575473138ef8f2e0fb9d34f3c770de3353379f78fef79231cc2,ltc-2023-24,ltc,MLq3px83uGWgtDkoyBQsN2ZoPZLTACysWP,35.0,2990.75,SELF_FORWARD,1,1.0
2024-05-17,f3373f6eee01669c55561e3bafcf25da202caf4aa449804c913f8050d90b1d3c,ltc-2023-24,ltc,MVxiJUhrSBM3Wi1Fe4GvUXTQy3Vegu5MxY,25.0,2060.75,SELF_FORWARD,1,1.0
2024-05-15,2c16645f80b945ab6b2ac70cd69dfaae5271b85f66b09697c4f94a2d5d2c335a,ltc-2023-24,ltc,ltc1q40lzy6yg3udpw6xcqct6gt7ark5wqvvumpgu0t,32.46444307,2557.22,SELF_FORWARD,1,1.0
2024-05-12,659a3a409105e8bcddf1e4c151b431661dc15a099d9bf90c3b0dce639320b55c,ltc-2023-24,ltc,ltc1qj8dx49h5ys4w3q9avz3gqwfyavmjuwy9ydu72x,33.61859874,2736.22,SELF_FORWARD,1,1.0
2024-05-11,5ee9580602d47686c047c94808ef551cd8c2f1cb5bb2a9b60f07c2120f2281ce,ltc-2023-24,ltc,ltc1q36t4qaas8njzmu6nzxd64lm72e2gn507jh4kuj,43.15645633,3462.01,SELF_FORWARD,1,1.0
2024-05-10,2d362e983937441f491bcb9a692022e0f2e3c334e48f9d81f8070a969f8caf63,ltc-2023-24,ltc,MRZSktbMfK71Lpw4SNH7Y5kcUA3qddpru3,25.0,2076.75,SELF_FORWARD,1,1.0
2024-05-06,687b5b1b0df3c1e6a03b713bfe730b030780e4deb0f44fbe60f0863edfbd7e4f,ltc-2023-24,ltc,ltc1qlsxg4ymdcc3us7txw4rh3gq0pzp2kl0jm0u4qy,64.65580227,5257.81,SELF_FORWARD,1,1.0
2024-05-03,29e558d5db45407eeaaae79ae5e4f566059a5fc8c84f67eca0cf6dd3c2edd99b,ltc-2023-24,ltc,ltc1qd4u8pmde52p7hmep2gf8s5e6pttqtn70na7kxm,52.23810464,4180.62,SELF_FORWARD,1,1.0
2024-04-25,879354b06f612d6fb095cee0f3186f59b15005c2e27b1cd764c5335efcc46af0,ltc-2023-24,ltc,ltc1qtf2gr7603m5pwk8fp58zz80r3grkv9v20x9tz5,48.48131454,4036.07,SELF_FORWARD,1,1.0
2024-04-15,3fe83fcd445a84b92353194c9b079ff5b089558b239b793e0a3d87767720bba9,ltc-2023-24,ltc,LWtbU9hkHzsgPAQmiw1VrUuk53jwiUfSBr,12.0,956.64,MIXED_CUSTODIAL,26,0.754
2024-04-14,343258339be002f191d0b12e97fbf45c00538c7afa3eb084f93faf9d7f0eabff,ltc-2023-24,ltc,LaVUmL6MUVmzmr66Qpqj2gFNdWz1z3nyfo,70.0,5413.1,VENDOR_REPEAT,3,0.065
2024-03-16,dbd765c7d2028c1c58889adff9e6ae6aabc99a8d134d4fa292f44ebcea716708,ltc-2023-24,ltc,ltc1q0aq098gj48rst3w5875z2dghcneuhtghvsnx2m,87.20032399,7827.97,SELF_FORWARD,1,1.0
2024-03-11,8bf690b66cf4d3f3c32d0ec37f0b652c853a13ac38eb13cd24a6aea2d9ceedbb,ltc-2023-24,ltc,MALW3rvMifWA1i1sJPLPNgsAz3WR2trKKM,30.0,2622.9,SELF_FORWARD,1,1.0
2024-02-28,613e42f021612fa6358b1eed7dff6ecc25d90a9048b5e7a9edeea7c2211304a7,ltc-2023-24,ltc,ltc1qh562f89de0m3xe42ylhvj2a4ucf92vldu4p0rm,116.36612819,8607.6,SELF_FORWARD,1,1.0
2024-02-21,82a75becff617f7294ccfce747cc9bed29efa8c91971c6f6ad7457ad58c72d3a,ltc-2023-24,ltc,M9zptvwCfRWSHV8o35kWGo4EjiQeYtkHsn,40.0,2786.0,SELF_FORWARD,1,1.0
2024-02-12,8ca119e33c4d3796ed86783fb56e31f5c16e07afd2e7ff02b34b8878f74a7bce,ltc-2023-24,ltc,M9NyFC96NAw5cTkFQeJHvuRB3fbQXzEhLL,40.0,2862.0,SELF_FORWARD,1,1.0
2024-01-25,1e7252f925707a4e3d33c72051e37ccc62ceaaa5ab77b08575b152a97f94a32c,ltc-2023-24,ltc,MTYm8PCux5Tu6v3JjLD7toT92VJ4LXs2Q7,40.0,2644.8,SELF_FORWARD,1,1.0
2024-01-02,45aab8ca0fc0ab4705f82de4401062d7024c5374c5eb18bb1f10ffb248de2818,ltc-2023-24,ltc,LdpzETAzWYCptoB4nZ4qDRfQFoP3Qps1Am,10.0,747.2,MIXED_CUSTODIAL,45,0.977
2023-12-27,d811487ec140ea9aee0c1f03a5799c54564d206087520da32344ac5e1ba34081,ltc-2023-24,ltc,MBbASKrZMHNAe83GiXoimqd2vccthgz27B,40.0,2929.6,SELF_FORWARD,1,1.0
2024-02-06,5657d3d5c0e059042ff1ce2f13aff758193c56796384be7cd58b29d680e95ff9,ltc-2023-24,ltc,MGh2VMP1FSZFDZeUKz92ayjdabo2ucAn55,30.0,2031.3,SELF_FORWARD,1,1.0
2024-02-01,e0ba4ab67e3a424ac4e2db714c6bdf1494f766521a9f8789c10339d46da37a6f,ltc-2023-24,ltc,ltc1qmhdvy4da9a2c0n97y4k0g42huv48du0cx2zdg0,101.85333366,6799.73,SELF_FORWARD,1,1.0
2024-01-22,41457a63d06678141f2dd112a1039988a364d162030c37a316a50c5c5fd05fb6,ltc-2023-24,ltc,ltc1qu9e4vmn96y2hs9vw6gn6lfvadjgk8ua5w3z0rx,78.03912735,5599.31,SELF_FORWARD,2,1.0
2024-01-16,e170747dc19b30507c9834548efa657aedf0f5a7bfbd493cf08e89796381fad6,ltc-2023-24,ltc,MRErkkD5pQi6grJ7D328bru8BTh7SPyXVh,40.0,2766.0,SELF_FORWARD,1,1.0
2023-12-31,dadb25164b4ba003dde686309443484f6c3e5a8f09431267dbb8ef98d9ce0c36,ltc-2023-24,ltc,ltc1q804qcca3vr750a2ykjl9uf3p7lkqjrla45ffsq,75.0,5492.25,SELF_FORWARD,1,1.0
2023-12-22,98a85d7dda8fc9bb906287745101c1c6e349cfd68ee2abe83595fc989eda7280,ltc-2023-24,ltc,LdpzETAzWYCptoB4nZ4qDRfQFoP3Qps1Am,10.0,709.3,MIXED_CUSTODIAL,45,0.977
2024-03-08,14a72a91c2321b47a0fe0409f9c9604095e2fb763078b40476238932c5367673,ltc-2023-24,ltc,LWtbU9hkHzsgPAQmiw1VrUuk53jwiUfSBr,15.0,1320.0,MIXED_CUSTODIAL,26,0.754
2024-06-25,dd34c0460ecae23129e93e3e1e307d8bd29b38588074f5bbe9a8d7b4ec296f8b,ltc-2023-24,ltc,ltc1qjjgmyhc5hu4598844mtym6etlzs393nsjg2mfz,36.67379482,2555.43,SELF_FORWARD,1,1.0
2024-04-30,a8922f0616259256902bf9aa1f15b5b1a2c4252b13ed0fd5aa7c64033093d4da,ltc-2023-24,ltc,ltc1q7969pxd5wvyx73yppxx4vk9spd6vtpwcy9rq5s,31.50923999,2631.65,SELF_FORWARD,1,1.0
2024-02-07,3aaa9bfb5a107410aa7fca1d73bc248c881ab1cb2c1961060859c6fd7fe4f980,ltc-2023-24,ltc,LdpzETAzWYCptoB4nZ4qDRfQFoP3Qps1Am,15.0,1024.35,MIXED_CUSTODIAL,45,0.977
2023-11-25,deb4474ff638d008e889ea4da8152922f52cd9c39b66266bef55dc2b4701e787,ltc-2023-24,ltc,LdpzETAzWYCptoB4nZ4qDRfQFoP3Qps1Am,15.0,1060.8,MIXED_CUSTODIAL,45,0.977
2024-09-11,a412caaee8fd80e1d92bb93e50301214ceb729dcbdebd7110010d0efbbc80643,ltc-2023-24,ltc,LgzbsbLsmev66YVzQdXqEfTTTBoRqmUUTf,17.0,1045.84,MIXED_CUSTODIAL,56,0.629
2024-09-11,a412caaee8fd80e1d92bb93e50301214ceb729dcbdebd7110010d0efbbc80643,ltc-2023-24,ltc,ltc1qg5kgwplkd7e97y2hzlw9z5ce7rsghnky3nmwrv,34.53175352,2124.39,SELF_FORWARD,1,1.0
2024-07-11,67585195eb5359d7a7ab37aec7e46d303cb2b3ef4c192a9b6823f331506ca0e4,ltc-2023-24,ltc,ltc1qgn65203zccj9h79rlfjk96qra2hfwftfeu0p6l,62.94297741,4214.66,SELF_FORWARD,1,1.0
2024-04-22,954f60c7bd9017278e2870aabd021d394b065279b509b88216ed664866bcb4b1,ltc-2023-24,ltc,ltc1q7754n7fc5pzf284ps7wnvy0dhg4rh4trp52h94,53.54351976,4506.22,SELF_FORWARD,1,1.0
2024-02-29,ee2f878555adf3f1f18ccaada21cc158bbc0f410a4c15570b0d0b0fc4257e784,ltc-2023-24,ltc,MHxBUzTwS6Qixw7g5TvNBboH8y27tB2Tiw,40.0,2979.2,SELF_FORWARD,1,1.0
2024-01-21,8bb78a0cf3b54e020e897bedaedd0cc84d48a465568a87fa5d7f73862f043470,ltc-2023-24,ltc,MBeYGZYjbXsqHK8Z78GvnkrjMnn2P3NLTd,40.0,2854.0,SELF_FORWARD,1,1.0
2023-12-31,ff55e6e88d92b5fb207752a48ea2270d3fe12f408fe17adba5998fe72f68c5c1,ltc-2023-24,ltc,MELJCSV9KtdJqMeda3f3VkFKxCTRmMErJ4,25.0,1830.75,SELF_FORWARD,1,1.0
2023-12-26,01fa654d7eed0a22f323abc43e95a1f136886955c143bb9ec97bdc65c7385688,ltc-2023-24,ltc,LQS3DsSv4v2JLxUFLfJ7KLpkkBZGRVi6P7,75.0,5417.25,SELF_FORWARD,1,1.0
2024-09-25,6c4080b93a5828998b53a2b3baa6249c18a9064b82eb65c44c0bdcf24695f0d4,ltc-2023-24,ltc,LgzbsbLsmev66YVzQdXqEfTTTBoRqmUUTf,15.0,1000.65,MIXED_CUSTODIAL,56,0.629
2024-09-25,6c4080b93a5828998b53a2b3baa6249c18a9064b82eb65c44c0bdcf24695f0d4,ltc-2023-24,ltc,ltc1qg8084drh7psvjgq0y62wfy9ed2fvse0wfrwarw,71.40401209,4763.36,SELF_FORWARD,1,1.0
2024-09-21,1f30dedbe7945753e20659007042105c0973d67baa25a9dbb4c79495e65f94b0,ltc-2023-24,ltc,ltc1qvjjp67a90w95u7p36yryt292htlvrhtknm6hp9,48.00290581,3136.03,SELF_FORWARD,1,1.0
2024-08-01,171518c6838d9fe9312d1e02e97724a19c6f5eaebb5e73b2833f03308c28307e,ltc-2023-24,ltc,MUB2YnBsvggAyD96vTQVQB7M6kREEMEmU1,29.11671067,2042.54,SELF_FORWARD,1,1.0
2024-07-02,b022b6389b10ca58487048ba2603b346b2c30b4bf5f90817e624638acde147d5,ltc-2023-24,ltc,ltc1qzyysw7pr36lqtqwy4asgzr7wl6tr73778gt85g,53.25570675,3961.16,SELF_FORWARD,1,1.0
2024-06-02,26996c7ad7c3585a12230b3e079b40c2f5afbca4bc769e55d938833e9f2ca048,ltc-2023-24,ltc,ltc1qktul9nrxnnp97vapenmxs4p8kspedrqz5nxedl,63.96213732,5339.56,SELF_FORWARD,1,1.0
2024-05-09,f760e47e40f45ca4ccec077c4bcd6aed316e6699d6180f486c512db14a7c410c,ltc-2023-24,ltc,ltc1qlhusy7ddtae2557lddvweueu45e990qhjr9uxd,29.19451902,2384.9,SELF_FORWARD,1,1.0
2024-04-24,d720184a368b8ae8e156cedd0ad58c96f43624b055181aae514944883a0b1adf,ltc-2023-24,ltc,ltc1q2lzg0hx4rs302zy427lcxz784nu2dad8ja8em9,44.84607629,3811.92,SELF_FORWARD,1,1.0
2024-04-21,706f7eb6f3a24c661c97507f0444d947244d99641703c95d34d624d89150d843,ltc-2023-24,ltc,ltc1qg6sm34hzpe44rnl8zxn54jglnv4n4mtr3a36xr,37.83726244,3217.3,SELF_FORWARD,1,1.0
2024-04-16,be13d53177283d055f68672ee6647856dc53eb9873efb4196a0d7838ab1a9b3b,ltc-2023-24,ltc,MEh4cVDZQ2qJEuSUF7aznrLStr7rS3iq9e,30.0,2343.6,SELF_FORWARD,1,1.0
2024-04-04,08ac14b6b5d8f8bb6023c7708459288f36c63dc82ee8467814788adad10e2eda,ltc-2023-24,ltc,ltc1q40m5k882wqh7u9g7uq8u7u607f4xkpmgcjg4nr,30.44009679,2993.17,SELF_FORWARD,1,1.0
2024-03-30,85e9707f6a9558a79ace4676d29504ec719f1858c4a8c7ff3ded43e705e40ca1,ltc-2023-24,ltc,ltc1qg7zefxp2c62pfvfh3prf28s9c7g0z2nhe82hjy,40.14902061,4378.65,SELF_FORWARD,1,1.0
2024-03-29,62118d78cd6f442dfa405ce62755dfc5ced975f3e6f142516a0640484077b2ac,ltc-2023-24,ltc,ltc1qscrxgaejfhkhsdtxwj3w6t0ey6wt6w0l9s7nq8,47.23183711,4444.99,SELF_FORWARD,1,1.0
2024-03-26,27c7f55738b81385cf4362472ce32813a403282e3634715505d34ee750ab01b3,ltc-2023-24,ltc,ltc1q7xquyxufq32eyf3fe9pwmr4la98y286ue4j3r3,89.05916401,8067.87,SELF_FORWARD,1,1.0
2024-03-20,ca3e605f253f1085deeb94bba383687c5293d9f67a808d37ca579732e11cd57f,ltc-2023-24,ltc,ME79zHw6fbGkBKCnpe8EyQs39rjJrr8mea,40.0,3138.0,SELF_FORWARD,1,1.0
2024-02-09,676151932209b2707001ac087236e6b584fa2f54b1a6450d4e094d2fca92aca3,ltc-2023-24,ltc,MJfZZGmaMKbSXtuBxktB4rMrWB5eB3CfAp,40.0,2821.6,SELF_FORWARD,1,1.0
2023-12-21,c94a0143e5b7ea66d6d2c05441791d9b9d30fdfdb96f5a0e52835d7b55341d64,ltc-2023-24,ltc,LYzBFo6AkSkzk7Mo6oBeZYV7AzP94JxSmp,80.0,5586.4,SELF_FORWARD,1,1.0
2023-12-17,9b158d7189f02f7d3b65d0aba4dd3f619a82b260495c8766a801df8684b1eb7d,ltc-2023-24,ltc,LPD745KJNdwAx4jaZQvAAjTCtUMjVHAAQL,30.0,2165.4,SELF_FORWARD,1,1.0
2023-11-24,4d60c7dc6e518c95798f0411ece6cd33a948cca8590eeb7c7ffa529f47f81a81,ltc-2023-24,ltc,MTPJ9wqBKtxoCJRFit6SbpmbY4WhBmTJVo,50.0,3475.5,SELF_FORWARD,1,1.0
2024-04-24,7ac1c2f2ef04242a8d16e79a245a2514f47ccb0d2b80d1cbfe141b494759bfa9,ltc-2023-24,ltc,LgzbsbLsmev66YVzQdXqEfTTTBoRqmUUTf,12.0,1020.0,MIXED_CUSTODIAL,56,0.629
2024-01-28,cae3647077a6db99e970c29e78284c0ea3f87766b20efb64cf16920d9b616183,ltc-2023-24,ltc,M8Nkxs5rSUjgbjvWsPg5kEP8odFRN9Hjsn,45.0,3062.25,SELF_FORWARD,1,1.0
2024-01-06,15f6d4ee2f786c36d7c1817936d08103934a8d5525c4a6b72dbe8834fd181d5a,ltc-2023-24,ltc,LLT9Vkdcp8X2uBphDaWMxkZsdbWxxUWZ7L,85.0,5609.15,SELF_FORWARD,1,1.0
2024-01-30,e894a07a1bb71b8e99ff0fc07dc1a25417c515b320c5a3ca42f470a72bdfa74a,ltc-2023-24,ltc,LdpzETAzWYCptoB4nZ4qDRfQFoP3Qps1Am,15.0,1026.45,MIXED_CUSTODIAL,45,0.977
2024-01-18,04d03632eb228c3fe73ab69684063a61784feac71de83c792df4f43ae92241cc,ltc-2023-24,ltc,MJ6WyyMsvj9A9M5SGX7ez3bP1LiyCJi2ni,45.0,3125.7,SELF_FORWARD,1,1.0
2024-05-09,777ab3d5caa2c2a7de13e4bbd730c0c1c2b4303d413a809103810b31348cf8a2,ltc-2023-24,ltc,LgzbsbLsmev66YVzQdXqEfTTTBoRqmUUTf,12.0,980.28,MIXED_CUSTODIAL,56,0.629
2024-03-31,da293634aa225b4a6c596b24056776bcc254b28f4048c4c9bf74b3a37501fddd,ltc-2023-24,ltc,ltc1qafn8mjrmuaucgkw7qejsx4hn7gwffj7yl4upyf,35.91707829,3693.71,SELF_FORWARD,1,1.0
2024-03-08,1dd109f12f86882470d15cf407a337f690269373e7787593057fc5d0d24b5396,ltc-2023-24,ltc,ltc1qtl77z3f8htkqqkqhxhccruv7zelpe2h7f2kys8,60.97275156,5365.6,SELF_FORWARD,1,1.0
2024-03-05,3faadc140e5e92547eb64c837f8b7f2b55239873a5efe90032506dda1081704a,ltc-2023-24,ltc,MTzTU7iCiYZy51Wp3YKuy5z6i8TGqoyVcW,30.0,2668.2,SELF_FORWARD,1,1.0
2024-09-07,fcc2069adeee93e11ebdfbccfcf7a5f8045428123e7977e6d98a87da79551504,ltc-2023-24,ltc,ltc1qerewdlztv3tqmdejvjakq5hd6h2yrtq09uyk0n,9.50144656,599.07,SELF_FORWARD,1,1.0
2024-09-07,fcc2069adeee93e11ebdfbccfcf7a5f8045428123e7977e6d98a87da79551504,ltc-2023-24,ltc,LgzbsbLsmev66YVzQdXqEfTTTBoRqmUUTf,15.0,945.75,MIXED_CUSTODIAL,56,0.629
2024-09-07,fcc2069adeee93e11ebdfbccfcf7a5f8045428123e7977e6d98a87da79551504,ltc-2023-24,ltc,MCLW3qJQTrc2M63R2NqQZ4YvNmPo8DbADg,30.0,1891.5,SELF_FORWARD,1,1.0
2024-09-05,d5d7ef1461af05bf6929f0ff51e37dde6d200470d5b6817f5559a158eedb7905,ltc-2023-24,ltc,ltc1qlqt97dwyt9gr4shhy4hym4llhx35qfhlmxlkrq,43.68266032,2857.28,SELF_FORWARD,1,1.0
2024-08-05,65776e25900f0d1d8919e88d31bb7bbff3eb1f0edd825458f11a1debeff1c2f1,ltc-2023-24,ltc,ltc1qc7nu3qp83rmn4jxfgywrpf962xgll3n9qdgupz,38.12001514,2381.36,SELF_FORWARD,1,1.0
2024-08-15,251ff5f0fddb3b33396b7e0a882c97161e4736cc90d736fb3b3aea556d517e83,ltc-2023-24,ltc,ltc1qxuntfhaajpmt8xnkwv9creh68vjgm4q3u8jlf2,180.6847553,11572.86,SELF_FORWARD,1,1.0
2024-05-14,e7a002115343b0a359177682ccb988c96ae0ba626227c251110287695f538782,ltc-2023-24,ltc,MLDDA49AqcGXynqZt58iK6YZu6ezKBCWV2,25.0,2015.5,SELF_FORWARD,1,1.0
2024-04-09,4899f15c9f40f78697da8bf534f5bab2ae65f5598e0f045a1255842c1da48d88,ltc-2023-24,ltc,MRwwaAyHrNknJEQSsRuBYymuSCEHWgEY3d,30.0,3098.1,SELF_FORWARD,1,1.0
2024-01-09,4f38f5f30d5e3088cc62ce526c62ed05fd8d7c7e10f78f7a955414a2261bc135,ltc-2023-24,ltc,MV2Qu8iBXqiYrGBK7pgQfPZhRXyEvqQBWL,50.0,3386.0,SELF_FORWARD,1,1.0
2023-12-19,c0dd91c9e6df38bcabade1643e4c9214fbddf55a7ad34b9f6b8d1e2cb1d230a4,ltc-2023-24,ltc,LPU745VG7cyEz41oW6vuHLdGCkdwJKJCNj,80.0,5668.8,SELF_FORWARD,1,1.0
2024-01-24,f3b70a3045a5e79b86e9e87a8ea57797c687c4ea631e3a626aaa0529b67ad45d,ltc-2023-24,ltc,M8mDnJyX5A8TkudnPZb2NEzwczjNxAmCvG,40.0,2620.0,SELF_FORWARD,1,1.0
2024-01-11,1c1a774a3e9f8e400ebc434c9d3034eb46bedb3cd49d8a97a1a069bc0f782ee3,ltc-2023-24,ltc,LdpzETAzWYCptoB4nZ4qDRfQFoP3Qps1Am,15.0,1051.5,MIXED_CUSTODIAL,45,0.977
2024-01-01,ff2cbe1012031b2386f013f6c2c89a208f2b417f3a3f68e3e205e870d6b8f2ec,ltc-2023-24,ltc,MHQogeGU2QJGybhXTR9A9x8jLrw1E76uJ5,25.0,1820.75,SELF_FORWARD,1,1.0
2023-12-21,f225f55ea03a65911639de3809bcde69724da0385d78f9387fb04edfde1555a2,ltc-2023-24,ltc,MErc2D2pLZx5zs7N8tuGBKrrRHfa6zebKw,30.0,2094.9,SELF_FORWARD,1,1.0
2023-12-09,bf1c0cc5faece8addb36d4581330452de90ec7b24dc4267bc332eb3343a943b3,ltc-2023-24,ltc,LdpzETAzWYCptoB4nZ4qDRfQFoP3Qps1Am,13.0,1020.37,MIXED_CUSTODIAL,45,0.977
2024-10-02,70e82fb95465e8dce90c7a004d087947ef6b909ac5fb9da8791d793558045fb2,ltc-2023-24,ltc,LgzbsbLsmev66YVzQdXqEfTTTBoRqmUUTf,16.0,1014.4,MIXED_CUSTODIAL,56,0.629
2024-10-02,70e82fb95465e8dce90c7a004d087947ef6b909ac5fb9da8791d793558045fb2,ltc-2023-24,ltc,ltc1q4eppc34fwns9fdepsdusqd8wdj37jr5fj5zqwt,31.45385014,1994.17,SELF_FORWARD,1,1.0
2024-09-02,44333a1cf144f0d4d225d5ec9cad289471b266add4120174ab394fa74bb3ba50,ltc-2023-24,ltc,LgzbsbLsmev66YVzQdXqEfTTTBoRqmUUTf,16.0,1017.12,MIXED_CUSTODIAL,56,0.629
2024-09-02,44333a1cf144f0d4d225d5ec9cad289471b266add4120174ab394fa74bb3ba50,ltc-2023-24,ltc,ltc1qp96x259y6aln66rjsemqgzcdrnc8pyvnrc5aua,18.59995181,1182.4,SELF_FORWARD,1,1.0
2024-08-12,cf727dca741a1898ad29e8e3f8a07ccc106894bd45457fe47530c0c9b7004d6e,ltc-2023-24,ltc,ltc1qye4r4k2557fslp8x9wluknrdsc3xw5dqjw0jww,124.33591992,7426.58,SELF_FORWARD,1,1.0
2024-02-23,81fa4b076d097567d9316dbddad1abb7b3c102d24c3f845664cbe0ddf3d7beb2,ltc-2023-24,ltc,LWtbU9hkHzsgPAQmiw1VrUuk53jwiUfSBr,15.0,1031.85,MIXED_CUSTODIAL,26,0.754
2024-01-24,29e3e66146bea089335ea745e9b3b64ee35e35e9adbaeae3518f72fff4a8a4c4,ltc-2023-24,ltc,LdpzETAzWYCptoB4nZ4qDRfQFoP3Qps1Am,15.0,982.5,MIXED_CUSTODIAL,45,0.977
2024-01-07,6904c286af599cc9fff08c723453f420a003772a69e40a8b04259ee712f3340e,ltc-2023-24,ltc,MMyz2VQX7fewqd3KuT147gPttabF5aKc2u,40.0,2626.0,SELF_FORWARD,1,1.0
2024-01-02,66a0779d17c89a0a1256ef838d38044f3058fd6dbd85a184a7e534a015f28bd0,ltc-2023-24,ltc,MGD7UagPvPqTy1JeF1wHx439NfCqN6EyQX,40.0,2988.8,SELF_FORWARD,1,1.0
2023-12-04,9af9a0ce8f4daa8fb2f045f83e519705bd7671598d7b5a8ad74f80a45aa5fab2,ltc-2023-24,ltc,LNLVZ7BLHfcxhBoNs5fSDB9nP2TiBRCMBt,41.06642983,2969.51,VENDOR_ONCE,1,0.081
2023-11-25,bfffef1a16a2877ab0e65d7a20f1891ea1fc9b8d3fdbb6cd6ed3fb7783d5e4df,ltc-2023-24,ltc,MMv4Za2XV3YnDk5aUzU4NvUHnatoy7UES2,70.0,4950.4,SELF_FORWARD,1,1.0
2024-04-24,21df59d49a5c9792d49290656cbe94fae9ea2e1558f21bacf20df46307a2c7ce,ltc-2023-24,ltc,MPvJBb9vdWpvLVYZawUqnxGqhkAZLLbxyK,30.0,2550.0,SELF_FORWARD,1,1.0
2023-12-15,f0a9b957f4e2f0715986c4828ef403f8370b3dccf661b0cc07fcb32b5d041004,ltc-2023-24,ltc,LdpzETAzWYCptoB4nZ4qDRfQFoP3Qps1Am,15.0,1093.95,MIXED_CUSTODIAL,45,0.977
2024-01-14,63104889b2b789f89f093298edaf89bffae77d8e7dd2f270a5d3e47524aecc5f,ltc-2023-24,ltc,MTrfGLiJQ5ezDF4ZFx1e26stBsbqjLmPMt,40.0,2879.2,SELF_FORWARD,1,1.0
2023-12-29,ce1ee038adf31b1cb583bb3eb07d6f0d45800ef195ea4796f4ddd422d3f057ac,ltc-2023-24,ltc,MKbKrK7BsNgFBsZDzf9mu3DnYGMdzB7CJb,40.0,3060.4,SELF_FORWARD,1,1.0
2024-07-30,06b9f246a32fe199a17a8effe6a4247d29ec1fb2f44ab03201167022e06d82d2,ltc-2023-24,ltc,ltc1q5cxhgcy4qqzwwxl9ra9uwr8fv6dwwt0wjcdr00,31.27052435,2304.32,SELF_FORWARD,1,1.0
2024-07-14,8e5b360d43d41ed7dd172e193102bfea4e62a268d38c75c6ce3db1f4bad9b980,ltc-2023-24,ltc,ltc1qfrn4xa9xzjrdgejlcuzxa57t2mlmtatr78my46,81.71871209,5705.6,SELF_FORWARD,1,1.0
2024-10-03,3a2c9c0f1fef73cdd84262b5911ade1c720aac982cbc9eaf4d9b6e5adf9da870,ltc-2023-24,ltc,MTQLwvX8p7fMPBAyNQ5LBTQrSUpEPsuNZb,37.87518853,2384.24,SELF_FORWARD,1,1.0
2024-10-03,19310a152f69882cc49bbf45a04afc827a0245c410d0b1d3534f8bfaf8f74752,ltc-2023-24,ltc,LgzbsbLsmev66YVzQdXqEfTTTBoRqmUUTf,34.49110688,2171.22,MIXED_CUSTODIAL,56,0.629
2024-10-01,c4a38bec5f97e9e2df776aaa70758abe1d69e0557cdbbdf2c9fd1f1d2b871646,ltc-2023-24,ltc,LgzbsbLsmev66YVzQdXqEfTTTBoRqmUUTf,19.77967604,1321.88,MIXED_CUSTODIAL,56,0.629
2024-10-01,c4a38bec5f97e9e2df776aaa70758abe1d69e0557cdbbdf2c9fd1f1d2b871646,ltc-2023-24,ltc,MPPoqTHgx6wjDrkUpf7NUXofygbQ4jMfPd,40.0,2673.2,SELF_FORWARD,1,1.0
2024-09-26,38513640aa83b683e0b72df5f4fbb6d045a970dd5d16e41cf6f51d071e39692c,ltc-2023-24,ltc,MUfZJ7QhYfShoxqWM2FVZQ7hw1Gg5KfCko,28.72667435,1911.76,SELF_FORWARD,1,1.0
2024-09-19,edee0eaded2f683e9cc64e2d2175c9c097d0228f7c9da7cceaa51be7ee9581e4,ltc-2023-24,ltc,LgzbsbLsmev66YVzQdXqEfTTTBoRqmUUTf,16.0,1037.44,MIXED_CUSTODIAL,56,0.629
2024-09-19,edee0eaded2f683e9cc64e2d2175c9c097d0228f7c9da7cceaa51be7ee9581e4,ltc-2023-24,ltc,MArwosznLug3zHd3xTbPcpJPTLeM1W8WB6,45.97127486,2980.78,SELF_FORWARD,1,1.0
2024-09-17,db087a417475b2a3c531da225e5406502ebce73cb683971b59170c5c5d2a08c2,ltc-2023-24,ltc,ltc1q059ut8n6rd88zenmnaxd3vkrqjhetu5kyjzum5,70.39877519,4409.08,SELF_FORWARD,1,1.0
2024-09-13,4f1cd82d87656df75ab4e8eee11750ac361a61e4d20d05dca5126066b6ad66ac,ltc-2023-24,ltc,LgzbsbLsmev66YVzQdXqEfTTTBoRqmUUTf,16.0,1005.28,MIXED_CUSTODIAL,56,0.629
2024-09-13,4f1cd82d87656df75ab4e8eee11750ac361a61e4d20d05dca5126066b6ad66ac,ltc-2023-24,ltc,M9tcaV8xcCvDGQCQARhY64ivVC1cBfmzk9,40.42141989,2539.68,SELF_FORWARD,1,1.0
2024-09-09,c3b22e4a983e95b22f776e60a79b72b680ab520b68a923d9f308b38bf8779fbd,ltc-2023-24,ltc,ltc1qha7m4gvkpmj6fzy29v3v9rqcne32w8n7h5tnzs,21.73861979,1324.75,SELF_FORWARD,1,1.0
2024-09-09,c3b22e4a983e95b22f776e60a79b72b680ab520b68a923d9f308b38bf8779fbd,ltc-2023-24,ltc,MPBRzU63LqQJ84goBXzUNMFv4CbUPap4FK,40.0,2437.6,SELF_FORWARD,1,1.0
2024-09-06,271831b90e89f25c5920a54effb165d345d3c8a2bd087da60b6b3add81072d2e,ltc-2023-24,ltc,ltc1q4mznh7anhcr58ewjph82xymuz0tzs5rn4em9pu,6.07467821,401.35,SELF_FORWARD,1,1.0
2024-09-06,271831b90e89f25c5920a54effb165d345d3c8a2bd087da60b6b3add81072d2e,ltc-2023-24,ltc,LgzbsbLsmev66YVzQdXqEfTTTBoRqmUUTf,15.0,991.05,MIXED_CUSTODIAL,56,0.629
2024-08-31,5d733dbba3e921427c87de053646ea0c1cbde9ab24c56a8d9bcf7ab5a586d05c,ltc-2023-24,ltc,ltc1qtae7hdsz4ex4v9yl4vkt980gchjwtr5q4ynucm,13.41102593,870.78,SELF_FORWARD,1,1.0
2024-08-31,5d733dbba3e921427c87de053646ea0c1cbde9ab24c56a8d9bcf7ab5a586d05c,ltc-2023-24,ltc,MVNpeTtLXLqkqSfMT4rhV3kWJT6hvky9wq,45.0,2921.85,SELF_FORWARD,1,1.0
2024-08-29,933b11a625f1e978a6b2108f1051ac9268472e6b4f3400eba4bbb0a9ef66043f,ltc-2023-24,ltc,ltc1q9y4n70twjv2jqy3rgscpe89geg4tdz93fgpc57,8.60481963,532.04,SELF_FORWARD,1,1.0
2024-08-29,933b11a625f1e978a6b2108f1051ac9268472e6b4f3400eba4bbb0a9ef66043f,ltc-2023-24,ltc,LgzbsbLsmev66YVzQdXqEfTTTBoRqmUUTf,16.0,989.28,MIXED_CUSTODIAL,56,0.629
2024-08-29,bb48f2258cde479aa936feb84e4bbe8523e4b795030bd8ef69e8ebf5204ae123,ltc-2023-24,ltc,LgzbsbLsmev66YVzQdXqEfTTTBoRqmUUTf,15.0,927.45,MIXED_CUSTODIAL,56,0.629
2024-08-29,bb48f2258cde479aa936feb84e4bbe8523e4b795030bd8ef69e8ebf5204ae123,ltc-2023-24,ltc,ltc1qac3njnzhcmq6mmvaey0q9s2pfdpfhkkdzxqt4e,34.66091073,2143.08,SELF_FORWARD,1,1.0
2024-08-27,dcb3d8fcfaad3c64f949f55f438378c367cff986a99aed74eb25dbf1037e509f,ltc-2023-24,ltc,M8Jqvoow8tfVWJSTnfamr2Vut6CDQxYnm4,41.60474893,2621.1,SELF_FORWARD,1,1.0
2024-08-24,56c58038bbc19df7f50f2435838c3692dcdcbdbfb2dfd9c84984a67aa1a115da,ltc-2023-24,ltc,ltc1q298n7wlhez6ggjcec2hxuj4pse50qjx728kaq4,133.8607855,8848.2,SELF_FORWARD,1,1.0
2024-08-16,ea6c553489f972777e4bebd1e7588704537151d4041bc372b5553e58b4ab02f6,ltc-2023-24,ltc,ltc1q4xv4wtqzpy3fs7kafa9clplxsy54y82ehlrhs9,53.04099644,3465.17,SELF_FORWARD,1,1.0
2024-06-13,61ab50e2695a0ecad4f9731e4d9a57251d149eae74d30e1bcbbd6bbefb39592c,ltc-2023-24,ltc,ltc1q44w6xqmc7vp7z6qezcnk8p3tpcuh73gyc7llga,55.45502575,4353.22,SELF_FORWARD,1,1.0
2024-06-12,95dce303cd87214fc9b6762385a1e036879d1fd9170b2076df0a7b4bae624312,ltc-2023-24,ltc,MFmMR76Pkf19VHeJS2cbk2U7ex3hkbUgTc,26.92281987,2081.4,SELF_FORWARD,1,1.0
2024-06-08,df98b49bc7aac2d080219cc366705a95445ef7560c283e929c11e134a3a07d37,ltc-2023-24,ltc,MDc5xoUYkWterX1ayX8zAAk6yE59h6D9Wd,40.0,3205.2,SELF_FORWARD,1,1.0
2024-04-14,20393e97ff2d6ccb77e78a516671ebad8ae94a7a2ef157d12889f041ca36ea51,ltc-2023-24,ltc,MBJL9w644QdsAQX3CxeMGa2pcK2ztuW9di,25.0,1933.25,SELF_FORWARD,1,1.0
2024-04-07,7cf71c2563a6505b429c6b176ca2892ababa5a9ee2abe9eeee0379597bfe62f8,ltc-2023-24,ltc,M8zrWZ8RmzYAUTbLwJvpzVMh1Eb1RrZWQ3,30.0,3048.0,SELF_FORWARD,1,1.0
2024-03-25,c48e1178403719ca4125b95566f411f3bd85c113832c4df3ffc068973f542e69,ltc-2023-24,ltc,MKEBXs9EpL7fwun7Q2qXmb3rPqxp1S7pnu,35.0,3138.1,SELF_FORWARD,1,1.0
2024-02-25,8bebb7f1bb6c9b953c96e630f32b0177f22ae8b887d25ca347b6b0a3abe2e6cb,ltc-2023-24,ltc,LWtbU9hkHzsgPAQmiw1VrUuk53jwiUfSBr,15.0,1056.15,MIXED_CUSTODIAL,26,0.754
2024-02-14,88bf88021fbd5ea932e1f0cb190d77b9cbdbad67c2f2a067792e6113fa0a982d,ltc-2023-24,ltc,MJamHbKmBiAUyvSDQihszvSD6h6nBR8ozs,40.0,2758.8,SELF_FORWARD,1,1.0
2024-02-12,74dbe6d53475ce0aa9a09d22e3a1110fbf9276ec7924ea5e0d060c455bab731a,ltc-2023-24,ltc,LdpzETAzWYCptoB4nZ4qDRfQFoP3Qps1Am,15.0,1073.25,MIXED_CUSTODIAL,45,0.977
2024-06-28,35982ca2ee11fbddb2df3a7799f8fe48d0966d4dbef28d2228071956a71496db,ltc-2023-24,ltc,ltc1qcg7jrhxkeq0xnsh87sjt6ckvr2qhsqazhqh0qv,36.57997415,2680.58,SELF_FORWARD,1,1.0
2024-06-25,fdbd1a80b2eddfde38389a574784927ee6edc44b1f622b05443f8592b454f8ed,ltc-2023-24,ltc,MPbzFm7agz9HU6NuqHU51aqLTyjFKgbbnd,30.0,2090.4,SELF_FORWARD,1,1.0
2024-06-23,1fd09d81f6a2b124409e3b98132488c48259a582b2f507c896b9834138652d0d,ltc-2023-24,ltc,MQYFC5sTwwshLjNwWvjzm9juCk2f6jFMNN,27.98803265,2087.91,SELF_FORWARD,1,1.0
2024-06-22,f864c979bfd83fa308297a6269ee26480eb2df7fad6a00e18bb4d137a3dc9e6a,ltc-2023-24,ltc,MW7D92uZjb3w3TDpwg4NYqfBdsu6KZbCUQ,27.3386185,2027.71,SELF_FORWARD,1,1.0
2024-05-21,ccd17aad2a55d85d69f8d83b4b58928bed4a8ab9c9372b151e5badd4c6bb8460,ltc-2023-24,ltc,MGq3gA6yW27g3ACE1ww9DWyd4FZCsZ1SHT,30.0,2659.2,SELF_FORWARD,1,1.0
2024-01-12,da31a00994e0e22b1f6b9f20b2b01ffee3506fda18655c75432014a9614ef0c5,ltc-2023-24,ltc,MCruqnpoENQhsHK7TNB1acTVndCY1N5kQh,40.0,2875.2,SELF_FORWARD,1,1.0
2024-01-06,d4068291aa332526373e4d638c79e0506b13bf42642053797f3cc8df226a7864,ltc-2023-24,ltc,LdpzETAzWYCptoB4nZ4qDRfQFoP3Qps1Am,15.0,989.85,MIXED_CUSTODIAL,45,0.977
2024-10-02,693592ec0d3fc79bb1b84c6a8e1f315b31d1acdc3bf12910a1bc7a4633fc763a,ltc-2023-24,ltc,LgzbsbLsmev66YVzQdXqEfTTTBoRqmUUTf,28.30501475,1794.54,MIXED_CUSTODIAL,56,0.629
2024-09-30,d0e9274e723cb66646ee10c4fa4e28b6da40ddcaca0938bb24466fcbe79e20e1,ltc-2023-24,ltc,ltc1qu6kuna8ytcqpse0mnmgxma38aqpgeacpqkk5cc,23.03682847,1595.76,SELF_FORWARD,1,1.0
2024-08-09,4550c33b17b5580c96333c9a8ff5c81babb506211cd54028198ac3047971b062,ltc-2023-24,ltc,ltc1qfv8lqd75he8v055vwcytc8lkqxke3gqkcrsamf,104.30098946,6378.01,SELF_FORWARD,1,1.0
2024-07-26,486093d77587be515083da80e985f56a502c1453e887434da8c7f41078b1e2b7,ltc-2023-24,ltc,ltc1qc84ezvte4pddsdq74erm6va3v3u2kxkxmyn90n,14.90981959,1025.8,SELF_FORWARD,1,1.0
2024-06-19,cec51c7cb99586deca8bd38d82b5f4c4b317ebe6232419eb27be4349e9e0b75c,ltc-2023-24,ltc,LgzbsbLsmev66YVzQdXqEfTTTBoRqmUUTf,13.0,944.58,MIXED_CUSTODIAL,56,0.629
2024-06-18,4f66824f5f3c66cbd4c7c98083a25fe82e14486d4fbc8d290db7bb7dc26f9634,ltc-2023-24,ltc,MSEZyT6RXxmFjYp2fPXM3LxBULxcZUHwMa,40.0,3064.0,SELF_FORWARD,1,1.0
2024-06-14,817ea04c75204d2f5b1eca83393b510de4b92baa03012028ff561a784aa73173,ltc-2023-24,ltc,ltc1q0zlv73ry52uzzu2ypnj2v2pd206jr6ejcksasd,39.44083728,3121.74,SELF_FORWARD,1,1.0
2024-06-11,096030cc9c505f2d6fb4d2d5489bc77877cfcbd7bc6251a1fca1d8b44c776a17,ltc-2023-24,ltc,MR3fsFTWwbDpNdViqQA49G6B8xhHNvEgB3,35.0,2788.45,SELF_FORWARD,1,1.0
2024-06-07,13c138f3405a3cd55923b2a37a2d5b1bb1b9a286b9842b3e055fe59c0b22036e,ltc-2023-24,ltc,LgzbsbLsmev66YVzQdXqEfTTTBoRqmUUTf,12.0,1010.28,MIXED_CUSTODIAL,56,0.629
2024-06-03,df7335ec405a887100e39792fb64dc8e4e4cde2419e817ff0bea83c16b8e05e2,ltc-2023-24,ltc,MCHxK7zmYje2YTneFDmFF5mwAdhfivU9aa,29.54250808,2455.28,SELF_FORWARD,1,1.0
2024-05-25,b7c2ffbee6dbd4681c3a083dee82bfdaecb60611bb7d69f23a1bc8cf9d9158b3,ltc-2023-24,ltc,MAs8jAGGYFYVzYphSAkUeu642bVNgxnnpu,30.0,2550.0,SELF_FORWARD,1,1.0
2024-05-24,a9261a6690daa79dc174fba46a75e203b42243b9cb363c1661dfcdb02f1535ca,ltc-2023-24,ltc,ltc1qzj4hst5zvyjwd57jykmn2l7nnafhy9n6h7mw4j,71.59723597,6117.98,SELF_FORWARD,1,1.0
2024-05-22,62e4da382a19d12c6a2dab399e405cba3333f55fb80caf57a50f6d8c82ba1bbf,ltc-2023-24,ltc,MTzcKSJtVZVyaaF2Lga6BQAXTjcaZiWwJf,25.0,2206.5,SELF_FORWARD,1,1.0
2024-05-06,b4c788a0b96293398e824c093656ed4a8211c52e96dd13dd6c3abff030c45d94,ltc-2023-24,ltc,MRQyvAtYLaujBB9AfZct4T5TkPL5hVeJPV,30.0,2439.6,SELF_FORWARD,1,1.0
2024-05-02,ac5a7b5c731e3501b9bbf2cdf99bab1841c6edc95d51ac2b2b71952d1b63ec32,ltc-2023-24,ltc,MG8DtJbHK4ZtnQ1Z89uHHUWNKdxLt4sw5m,30.0,2405.1,SELF_FORWARD,1,1.0
2024-04-16,aa2f86ee46558ba7c76e7267584d4b72a4dcbba30b005285c1997d6bad850a7f,ltc-2023-24,ltc,LWtbU9hkHzsgPAQmiw1VrUuk53jwiUfSBr,12.0,937.44,MIXED_CUSTODIAL,26,0.754
2024-04-11,e5349877ef90fe9f5f37b3355cca0910e453b239787216f822abd6f80476aa50,ltc-2023-24,ltc,MSWY4KGePvmMDRWkxD2KN9KLLUTm21PHjL,30.0,2901.3,SELF_FORWARD,1,1.0
2024-04-03,92b0a53b257bd41371f6e3ab760931827a6c81b58d056d73f518a86a6e820c5c,ltc-2023-24,ltc,ltc1q8egmhdqdcj3gtrdd34jeh2rf06ej55h5f005mn,36.96875445,3947.15,SELF_FORWARD,1,1.0
2024-03-21,dd26ff56efb7849d8e07c0e3287f0eaef1d642b51d79e2d2d85f18eba386dc7f,ltc-2023-24,ltc,LWtbU9hkHzsgPAQmiw1VrUuk53jwiUfSBr,15.0,1269.75,MIXED_CUSTODIAL,26,0.754
2024-03-18,aeaa143ee3c11bafb1f19597cfac9361ffd6d89b0f07e27c9b29f1b0db230aad,ltc-2023-24,ltc,MPRFDRygyS1Coh7t99zmj5MB7AEMD17QQA,25.0,2148.25,SELF_FORWARD,1,1.0
2024-03-07,b1914330c9d77a915aaa2bf8027a64bed29e5da096ce8695341f5a5a7c79f77c,ltc-2023-24,ltc,LWtbU9hkHzsgPAQmiw1VrUuk53jwiUfSBr,15.0,1288.05,MIXED_CUSTODIAL,26,0.754
2024-03-06,b5bfd1126e29d7f7a18a74f85750bb7bbeaf35838d98a4572047c8472d3011ec,ltc-2023-24,ltc,M8TeL77UHJpmYRjvy11evkaVDZYst76rDg,30.0,2457.9,SELF_FORWARD,1,1.0
2024-02-18,2c2e4e5048c3f04cfdc006623ad368cf0c5129d0dc6cd57123879416719ced82,ltc-2023-24,ltc,LdpzETAzWYCptoB4nZ4qDRfQFoP3Qps1Am,15.0,1049.55,MIXED_CUSTODIAL,45,0.977
2024-02-11,f66d4a4990b144e73473d1aa32c8322b1a8a37d19b858667c9327839997ccd92,ltc-2023-24,ltc,LdpzETAzWYCptoB4nZ4qDRfQFoP3Qps1Am,15.0,1061.85,MIXED_CUSTODIAL,45,0.977
2024-02-07,09cc50f3e8b43d6b44785c34133a8edb5589d9e8fc697c24420351c73a2951e1,ltc-2023-24,ltc,MDwUUd5cnL5PrsWMfQYDDvtpGHbD6Fe25k,30.0,2048.7,SELF_FORWARD,1,1.0
2024-02-03,b1336083938ae5ce3891b2491c32b86492ebc72cd703c2d60ccb1a15d3bc2d77,ltc-2023-24,ltc,MTGtCCQkYytyPgnnfmjKmdJXKr2JAwkTdE,30.0,2041.5,SELF_FORWARD,1,1.0
2024-02-02,34ae9fd4ae39d990cafa5914525f39a6991a11d2c8134f95d7fa1ade5a58d5f2,ltc-2023-24,ltc,M8fD8tSEhjLxxLkZdmnoAuq5gxjXvqjjrL,30.0,2026.5,SELF_FORWARD,1,1.0
2024-01-31,70e1b3298fd0411d08f9114e57e283bb704a888a233a118f74207ebe33a3ace3,ltc-2023-24,ltc,MD4iSwQmHz173hvfa4DX1hQVJ9W7seLkgW,30.0,2024.4,SELF_FORWARD,1,1.0
2024-01-27,17cf7408ce0d7ee5ac51ca52eb968467482d33ee4681758d338690b31a13f507,ltc-2023-24,ltc,MQvBAHkdbQ7ZdtUSBfbN9LBrhmr11bsJrH,40.0,2682.0,SELF_FORWARD,1,1.0
2024-01-23,4304b88256eb44d6f0421906250b94a662db3c07bd4f70705d075d6fac3ec5e4,ltc-2023-24,ltc,LdpzETAzWYCptoB4nZ4qDRfQFoP3Qps1Am,15.0,1010.4,MIXED_CUSTODIAL,45,0.977
2024-01-22,b5f8c8711baa7f4be8c0b627519d0347322bd717a99f37040edb7b061038c41b,ltc-2023-24,ltc,LaVUmL6MUVmzmr66Qpqj2gFNdWz1z3nyfo,15.0,1076.25,VENDOR_REPEAT,3,0.065
2024-01-04,faa1c5500aeadada667f41714dbb4bfe767595f16406094dcd6651dd4966b040,ltc-2023-24,ltc,LdpzETAzWYCptoB4nZ4qDRfQFoP3Qps1Am,15.0,978.45,MIXED_CUSTODIAL,45,0.977
2023-12-25,135b6135f8b6ceb79acc3b9dc3a5d6feb41fd660fb04873caa31796c4ae0d116,ltc-2023-24,ltc,MG4ib3mTXsNueBY3n4kdHFCLSyqEa6iTb3,30.0,2133.3,SELF_FORWARD,1,1.0
2023-12-22,f179f9c1d6deb11f967184b28a70a182b166bbbd666c6dcf05eff7cb059b1f1a,ltc-2023-24,ltc,MSJVpEQPcXUXDDEfMLLdgyGsv2KBgnKc5e,50.0,3546.5,SELF_FORWARD,1,1.0
2024-07-03,65f101a09ec652bc1b3d126bb59338b4a83a0358d6a9180d94f629f794215af0,ltc-2023-24,ltc,MQWA2V4uh9JogAb7KhHH1rWikDuzmeMRRe,21.63602051,1645.2,SELF_FORWARD,1,1.0
2024-03-06,dcf0a2bc42c28c5a4c0e8f1c44101f9ea5c1a8a12000e9235fb994716f28bb22,ltc-2023-24,ltc,LWtbU9hkHzsgPAQmiw1VrUuk53jwiUfSBr,15.0,1228.95,MIXED_CUSTODIAL,26,0.754
2024-02-25,67f32151c7ffcbb00f0e3e2ceacb551984fdd866126b533dc8ce5583a9d9d579,ltc-2023-24,ltc,M91EVFyx2WyS6JxxN54BCVif1Nyq5yfVPM,40.0,2816.4,SELF_FORWARD,1,1.0
2024-02-19,1b393a665cf9d58eccd811b7a7a791e07bc77822d5138c8d9c4f1cd76dc4e03a,ltc-2023-24,ltc,LdpzETAzWYCptoB4nZ4qDRfQFoP3Qps1Am,15.0,1062.0,MIXED_CUSTODIAL,45,0.977
2024-01-18,53f409065b73e4abb45d57844743395f95d5c7a86fac63e7d6a2fb9501ab93ba,ltc-2023-24,ltc,LdpzETAzWYCptoB4nZ4qDRfQFoP3Qps1Am,15.0,1041.9,MIXED_CUSTODIAL,45,0.977
2024-04-19,0e51773248fb85df2c916db8534326ad476077c9256faa7947fa17600f3f8562,ltc-2023-24,ltc,ltc1q46p6lknftxffn8dgz87w25jsm9hdntjpy63qj5,24.79891326,2002.76,SELF_FORWARD,1,1.0
2024-04-09,77201376ee4d2f7bed2d2c2a783286cff677ec6e2e78ebc3534662074503605f,ltc-2023-24,ltc,LWtbU9hkHzsgPAQmiw1VrUuk53jwiUfSBr,10.0,1032.7,MIXED_CUSTODIAL,26,0.754
2024-04-07,4d6be0253f4c7bf9fafcf2a2e52cbe4cf28329e600206777d9a935c61e64d850,ltc-2023-24,ltc,LWtbU9hkHzsgPAQmiw1VrUuk53jwiUfSBr,10.0,1016.0,MIXED_CUSTODIAL,26,0.754
2024-01-03,a81df71e0cd12fd14cbb0eb25676803ee139ce5fe2d70ae53d6e1e69ae5c8e5c,ltc-2023-24,ltc,LdpzETAzWYCptoB4nZ4qDRfQFoP3Qps1Am,10.0,729.6,MIXED_CUSTODIAL,45,0.977
2024-09-14,7dfb97c1f4b7e24cc0287df8eb6e6ea1e55ca0aa15f66ec50e4d8d7113851068,ltc-2023-24,ltc,ltc1qj46j2wp0hmv9nysvctr2enxvp6vtt99k235jva,35.03413944,2274.42,SELF_FORWARD,1,1.0
2024-07-18,fe1eba44087d649fcd7372a7e652b22c0d1aa088ed8695915da704c32d920e97,ltc-2023-24,ltc,LgzbsbLsmev66YVzQdXqEfTTTBoRqmUUTf,15.0,1070.55,MIXED_CUSTODIAL,56,0.629
2024-07-18,fe1eba44087d649fcd7372a7e652b22c0d1aa088ed8695915da704c32d920e97,ltc-2023-24,ltc,MKuknJZxtBNmTWRCXfPhLN2R2PcopTsxD8,40.0,2854.8,SELF_FORWARD,1,1.0
2024-07-18,fe1eba44087d649fcd7372a7e652b22c0d1aa088ed8695915da704c32d920e97,ltc-2023-24,ltc,ltc1q6khu6rxl56a9v44hkucw2cd0vuktyr0stpr5ek,78.34568458,5591.53,SELF_FORWARD,1,1.0
2023-12-29,85b202a254215b5fda452cd9b458d34e8b90a5b56d9d0b69fcb8fb5552da2567,ltc-2023-24,ltc,LdpzETAzWYCptoB4nZ4qDRfQFoP3Qps1Am,15.0,1147.65,MIXED_CUSTODIAL,45,0.977
2024-06-30,ea767a6442c95facda66f45302bd02ac5a53ff4cd18d010d1bb77b0db1ada79c,ltc-2023-24,ltc,ltc1qj8efe4rsnt4n5yttgku3yryg0flwzer2ga7tdy,30.70332496,2300.91,SELF_FORWARD,1,1.0
2024-06-29,52adbb5edb4e7cb3d13fd5e330c843c2edcae7231628a3845a06604c32116179,ltc-2023-24,ltc,LgzbsbLsmev66YVzQdXqEfTTTBoRqmUUTf,13.0,947.7,MIXED_CUSTODIAL,56,0.629
2024-03-22,8ae60e524c5f373f8fb60f3976d477ecfe0dc8a0e1269bfdaa00276b4b302632,ltc-2023-24,ltc,M9Xeh8xQ9NdWGaJQmKHvYuDXBaZsi5LXtt,30.0,2572.2,SELF_FORWARD,1,1.0
2024-03-02,8991f984f2471f262820dad5736f9b619c400bb08cd67f2e1c4035f3f6e32f01,ltc-2023-24,ltc,LWtbU9hkHzsgPAQmiw1VrUuk53jwiUfSBr,15.0,1273.35,MIXED_CUSTODIAL,26,0.754
2024-02-18,daca9ed55fc19902a4403143e0be79cd7b28d7ff36d9d2b422eba92e5f12544e,ltc-2023-24,ltc,MGSMaKLAHveJARd6aNUbWAyBmwdksoM8Ft,40.0,2798.8,SELF_FORWARD,1,1.0
2023-12-10,c72d717f74dfbca688dd6a820f90f2da7d377c43bc84609452da1e3fac0331f1,ltc-2023-24,ltc,MCijvx4H5FkGx8d1tKBrhUG8RpMEfQe65S,50.0,3816.5,SELF_FORWARD,1,1.0
2024-06-17,be9d3f31073cff3279905d87df904b43a09dd37e9096f6b4bf96eb5b13618d92,ltc-2023-24,ltc,ltc1qfngcfnd5m4tlejy9cgac7kejvhwn4tt8vzyhvj,33.19173966,2621.82,SELF_FORWARD,1,1.0
2024-08-17,5571e41c5efc9fbc13eb40b3062ef95729f5a10ae128269e5b4d909216feb5dd,ltc-2023-24,ltc,MFJynm5Tzr8SKM2TLrp8KpC9Kz6prPxXvy,54.50926406,3624.32,SELF_FORWARD,1,1.0
2024-07-29,894132e1d596b487630e514f642dd3f9c64fcf9e91d7c67e79225eea740edaba,ltc-2023-24,ltc,ltc1qdmf3sscp9fgn5nvnk2zuufck0z02pkysjsf00a,23.54987562,1673.93,SELF_FORWARD,1,1.0
2024-02-23,4b44e26fba96cea98d013cef86723f829f9dcf745593324cc0bafdd13d6f6c1c,ltc-2023-24,ltc,MD3anTXNuHZ6UaTLhPB4Y7XGHnLMnr4YLY,40.0,2751.6,SELF_FORWARD,1,1.0
2024-02-09,4ded128dde860c093b9ed376536ab10183c56619d643d81aae3e1cf21592dc54,ltc-2023-24,ltc,LdpzETAzWYCptoB4nZ4qDRfQFoP3Qps1Am,15.0,1058.1,MIXED_CUSTODIAL,45,0.977
2023-11-28,f53589be5424f87103d1973666d2f0ee0b4797e621df12d7582053b76ee56272,ltc-2023-24,ltc,LdpzETAzWYCptoB4nZ4qDRfQFoP3Qps1Am,15.0,1038.3,MIXED_CUSTODIAL,45,0.977
2024-01-30,b884ab481e6a2d08540e2b360aeaa26cdeb890cc1dd9700a7057964497ec5ec8,ltc-2023-24,ltc,MNSEeeHv6UVByBQxBc7BTcWLSmPfKRpdAg,40.0,2737.2,SELF_FORWARD,1,1.0
2024-02-06,d1902cadd8a0e8b52c4cb23adf2a98eaf5daa5d0709562d76a7220f1240349fc,ltc-2023-24,ltc,LdpzETAzWYCptoB4nZ4qDRfQFoP3Qps1Am,15.0,1015.65,MIXED_CUSTODIAL,45,0.977
2024-02-13,0f55d47979865f32197df42c830067d43a4631b4081187aaf931ad60231921c0,ltc-2023-24,ltc,LdpzETAzWYCptoB4nZ4qDRfQFoP3Qps1Am,15.0,1092.15,MIXED_CUSTODIAL,45,0.977
2024-01-09,e6846801fad799d65af963c441cbfc4a0f89dfd353b2a374d002c68ff4c585b1,ltc-2023-24,ltc,LdpzETAzWYCptoB4nZ4qDRfQFoP3Qps1Am,15.0,1015.8,MIXED_CUSTODIAL,45,0.977
2024-09-11,7810ba36becc37a6daf1a85ca2aca7cf37558aa298176b7fe3f2e8bb07574685,ltc-2023-24,ltc,ltc1q27eeapwfmj4vgzlhl6qjgpn0zrcxw2qdwf82g6,20.74766229,1276.4,SELF_FORWARD,1,1.0
2024-02-20,c36d26def451b8092652b54a16fc229b996f8fc388aca6c81be6bc0fbae74c3c,ltc-2023-24,ltc,MMCF8d6eKd9cM1jK4CvxLDzA3R5Ntkntk4,40.0,2851.6,SELF_FORWARD,1,1.0
2024-02-27,d36808cca9098377bd59a63b243f49016b9c41895e8db3e428833fe77cdc80e9,ltc-2023-24,ltc,MAJySXhoZtTjNLnW3bk3PNJdvxN19NZoAD,40.0,2877.2,SELF_FORWARD,1,1.0
2024-01-19,c1520a7a68bf63622b16b55911e4f5a5e527b237bfb6ada2243182bb065b33e0,ltc-2023-24,ltc,MJsXB7iLwWKF2sHk1SiFyVmLc1VWoiwkMW,40.0,2724.4,SELF_FORWARD,1,1.0
2024-05-22,3730ed72108c6e2a972685858a857f2500ae90df7d783f681973f692ef35f292,ltc-2023-24,ltc,LgzbsbLsmev66YVzQdXqEfTTTBoRqmUUTf,12.0,1059.12,MIXED_CUSTODIAL,56,0.629
2024-10-01,3cf26d1f60cbb4048e95060f1cd78827dbb1cae03195288c72952d812781c3ea,ltc-2023-24,ltc,ltc1qzrm3u4a05ngcdshdyqf8mgahjs8kla2a03zfc9,9.85262235,658.45,SELF_FORWARD,1,1.0
2024-08-06,357a40a7cd87fd2f907827d7fbb10ab7527e6d8f1c6f494697e6cc8f1950a1c4,ltc-2023-24,ltc,MUxwNA3oHaG1qULDhcvefRJPJTT8oNJFUT,46.00168106,2580.23,SELF_FORWARD,1,1.0
2024-07-09,88a7b576ed97da0e9d05c0dc0d9a6477ab47b13b569ca483ad40773e5e8f511d,ltc-2023-24,ltc,MJnZcJ3F3AwqzmHi997ceNcbJ6EhhY2nni,40.0,2596.8,SELF_FORWARD,1,1.0
2024-06-26,d9fdf7ff9183a046886f3c8df3fa388f0fda9739c715a9938d23dd9be18810e6,ltc-2023-24,ltc,MVPkvBbFyXEXGhtD2G9jJjR9CJpajE2moN,30.0,2140.5,SELF_FORWARD,1,1.0
2024-05-28,317f6f7aabb9ac84fcc55cceaec578bd3ac078b8c826d2cd185087e7041fc4c8,ltc-2023-24,ltc,ltc1qss4nr9qpdud0p64vv5nxgcefl9538jzgqugkjj,21.81879352,1859.83,SELF_FORWARD,1,1.0
2024-02-05,1171019fa3ebdce0d1bb978138af909b10162b0c3ab9f702cd652250bf305a4f,ltc-2023-24,ltc,MBrrnwgNKZDZ5wXdoHjrkXxVtedHWdW6QS,30.0,2008.5,SELF_FORWARD,1,1.0
2024-04-15,f489b56c1437ae8948f352f76f85b37e1ee5f8b92471400f50fac8d76771b409,ltc-2023-24,ltc,LWtbU9hkHzsgPAQmiw1VrUuk53jwiUfSBr,12.0,956.64,MIXED_CUSTODIAL,26,0.754
2024-05-13,2bfe40a4156b7260dcf90b3b11caf0c1953358e2bc2f0e56b64262439bd5ca3b,ltc-2023-24,ltc,LgzbsbLsmev66YVzQdXqEfTTTBoRqmUUTf,25.0,2035.5,MIXED_CUSTODIAL,56,0.629
2024-04-02,518059aaea2c6694d8e58375e7f82cc0a9f43dd6551c260a0b9f0cd67cc222d9,ltc-2023-24,ltc,METGzHEyt5sqpK4xdtAQb96mJErQX488bq,30.0,2976.3,SELF_FORWARD,1,1.0
2024-03-18,d821ed79300d85efdc33f54bc3d94370903d0f2be4fa414c3880ff3e25e4428a,ltc-2023-24,ltc,MHC3hcXXecwMfdS46DQ9ZFSZfV1gDNSqnF,20.0,1718.6,SELF_FORWARD,1,1.0
2024-04-06,ce5b5b2b1e34bd57d427b94b120544c519cb1047f1a9973d1ba7eaa08da53fe5,ltc-2023-24,ltc,LWtbU9hkHzsgPAQmiw1VrUuk53jwiUfSBr,10.0,978.3,MIXED_CUSTODIAL,26,0.754
2024-05-27,643937359e7c33f994f6345f001edef76178e6b6500498f64d18fc2db43d44b6,ltc-2023-24,ltc,MBFECpg64DGFvnJP3LSM92ULoLmNwxhaLW,25.0,2097.75,SELF_FORWARD,1,1.0
2024-05-19,565f183b09c8d3509c4599c26e5306b290dd836f1047a2dbfaa32411fdaf3dbe,ltc-2023-24,ltc,LgzbsbLsmev66YVzQdXqEfTTTBoRqmUUTf,12.0,1006.08,MIXED_CUSTODIAL,56,0.629
2024-04-29,9e288fef68755dd42bd344b0611f47e2e865fe9532b3df3ecb69da420c3cc5e8,ltc-2023-24,ltc,ltc1q2xgy7gsmau7afk3swagnd5d8972frp5qkswp3x,10.0,839.8,MIXED_CUSTODIAL,1,0.526
2024-01-15,4679b3d9209e864c8af2bebd6712f6ecf5e5f8dc5725362f71b20942b31e94eb,ltc-2023-24,ltc,LdpzETAzWYCptoB4nZ4qDRfQFoP3Qps1Am,15.0,1047.0,MIXED_CUSTODIAL,45,0.977
2024-01-04,9741e5896eb91fa9a1712d97843a5d181d4b66f0c2a2b314cb7e1ba475e14db5,ltc-2023-24,ltc,MNL6GvXYyGadyySHyAss9WKFPxRDYTV6ER,45.0,2935.35,SELF_FORWARD,1,1.0
2024-07-25,c52328470b8de0d84b604825e0f52616b7e7c9102140f12a781bc57f44980a69,ltc-2023-24,ltc,ML47VWCNTmoAqyWtbnzVA8fmn3JsoPGFvq,41.51676069,2959.31,SELF_FORWARD,1,1.0
2024-06-15,6fde09490d44ca69921457b1daed657bf4b9aaf15861893567b21f558c592deb,ltc-2023-24,ltc,MWzaLyEM9v5yN13DeH5Kg8gnnfS8EgHCYT,35.0,2716.35,SELF_FORWARD,1,1.0
2024-06-07,c957fa66ccc2df184dc7a2cc986322aaed9dac36730759687bdc7f73b519a6c2,ltc-2023-24,ltc,MEzL1Lqg6Zu8jKGvr6YvdYBiuTGvw6tAMe,35.0,2946.65,SELF_FORWARD,1,1.0
2024-05-29,cb458ee1857666b2d7b99e8d804b1428d5fe6848651f66bca1382fc03fdd58ff,ltc-2023-24,ltc,MMHkBZfiXcWamKMz8a3DuZgDCENK11AmaF,30.0,2503.2,SELF_FORWARD,1,1.0
2024-04-29,126850b7a85815aeb514c65c3d50672f824c2ce53e4a070d5460c9ff663fc05c,ltc-2023-24,ltc,MVvErn4FFRH63j8PSsHf3v9pQ6CEyuV1jr,30.0,2519.4,SELF_FORWARD,1,1.0
2024-02-11,18ffad6956932b3c87fc616dcaf2bfa628bd429070973fe02a377ca9432be28e,ltc-2023-24,ltc,MTn7QtyjAyscx26dCqTcr6QMNb5AmrVLJp,30.0,2123.7,SELF_FORWARD,1,1.0
2024-02-14,e0dcb2b4079b658925c101784557bf998f1a5a21d2b5286f67f4e43467a0087b,ltc-2023-24,ltc,LdpzETAzWYCptoB4nZ4qDRfQFoP3Qps1Am,15.0,1034.55,MIXED_CUSTODIAL,45,0.977
2024-01-31,65acffaf2ac2eb039c79aebd96d1de85649e753b538973b57c5cee4e6d9b5e20,ltc-2023-24,ltc,LdpzETAzWYCptoB4nZ4qDRfQFoP3Qps1Am,10.0,674.8,MIXED_CUSTODIAL,45,0.977
2023-12-19,654af634c12c27ef18d2c8e8411f9c2f7d290df2ca74b9c5ab42e540315e0696,ltc-2023-24,ltc,MBAyJdxFMu7MZNsripYyWrqhP6dBDMAdCd,30.0,2125.8,SELF_FORWARD,1,1.0
2024-07-12,4432fdca46aefd9376a41e14b97f207cb86246aa59968198979620442630944a,ltc-2023-24,ltc,MUzaaBcK46tcPeHhYu9GBv5xwfXPeJbCNW,41.37548748,2787.05,SELF_FORWARD,1,1.0
2024-05-19,9911fbb538e2edae4299c93d08b9b2b27b5f57cfaabf70c150d49b89dd92df60,ltc-2023-24,ltc,M8UUrVMQ8kX88gKsuwzx6iBzLd1MbkrkbY,30.0,2515.2,SELF_FORWARD,1,1.0
2024-05-16,cc3519707e7012831fc0e43f245ab2fb3a354e04e90730ff6515123802166b60,ltc-2023-24,ltc,MAKMsuBKiKrRhtm5gEAF2gp2ETW8SyADMs,30.0,2473.5,SELF_FORWARD,1,1.0
2024-02-16,627ad0652e674606389ab5415d545d49bd01f8c7be53d0617575fb7b0ea5f941,ltc-2023-24,ltc,M8keFBtrrri4fcChvXzMeUruC1w5GjcPW3,30.0,2092.8,SELF_FORWARD,1,1.0
2024-07-10,112edcc0af9b55d3095303282615faeb24e9a68cbebbfebd72b01c876b9673d0,ltc-2023-24,ltc,LgzbsbLsmev66YVzQdXqEfTTTBoRqmUUTf,15.0,979.65,MIXED_CUSTODIAL,56,0.629
2024-06-28,12e5813664d95cc4be092172410ff4ffcd4c8e4955155561d2ff395abade087a,ltc-2023-24,ltc,LgzbsbLsmev66YVzQdXqEfTTTBoRqmUUTf,12.0,879.36,MIXED_CUSTODIAL,56,0.629
2024-04-21,06108ea1b89deb3a3ea295c550c74f1b6ab45f50a2f8943ec852d632ea3d349e,ltc-2023-24,ltc,LgzbsbLsmev66YVzQdXqEfTTTBoRqmUUTf,10.0,850.3,MIXED_CUSTODIAL,56,0.629
2024-03-01,726ab2d2e6700d2e76492b80769addb195e3070663c7e95a52f7cc6a8a4f5660,ltc-2023-24,ltc,LWtbU9hkHzsgPAQmiw1VrUuk53jwiUfSBr,15.0,1198.95,MIXED_CUSTODIAL,26,0.754
2024-08-19,bb8dce62c74627de86df76ad7cea1278b3d7d96d3f9a3b3900e4695731609374,ltc-2023-24,ltc,ltc1qnquuf4kz7cxyk5y6aua4ejczwwq64rkft2csf0,64.4808852,4277.66,SELF_FORWARD,1,1.0
2024-08-04,1ce261389f37496b59f71300293a2fe3c31cc419560b8ad80bdf0a8fdeca234c,ltc-2023-24,ltc,ltc1qvepug7xdk8nhswds3mnxqcvqtjah8w5xl4vl3c,49.07892939,3173.44,SELF_FORWARD,1,1.0
2024-07-31,525c0a692af86b2bfb6300e689e6ab771f4c1f3c1555e39f6316b2367bf4b577,ltc-2023-24,ltc,LgzbsbLsmev66YVzQdXqEfTTTBoRqmUUTf,17.60379027,1262.02,MIXED_CUSTODIAL,56,0.629
2024-06-26,055efe3b35fbb345aa2324b41f5f3bfb323f8c49fd016ff02290bb7584fb19ca,ltc-2023-24,ltc,LgzbsbLsmev66YVzQdXqEfTTTBoRqmUUTf,15.0,1070.25,MIXED_CUSTODIAL,56,0.629
2024-04-11,d04a83aac402ee25cdcc35ab6d9bb2f669f25220d059f6df96dab6227c0e7ada,ltc-2023-24,ltc,LWtbU9hkHzsgPAQmiw1VrUuk53jwiUfSBr,10.0,967.1,MIXED_CUSTODIAL,26,0.754
2024-04-01,e7cd8d81e60157f76528afd0c77e0a459fbf4ba6a686b730264aec83cf98b4aa,ltc-2023-24,ltc,ltc1q0u273kqphur8fjv8jwgzcevj74kap54sqeuucp,23.12348178,2428.2,SELF_FORWARD,1,1.0
2024-01-23,7b10e62d3a41f551c96828e6094460164d4a63691b5bf0dca356cd9e1d82dccf,ltc-2023-24,ltc,MVrwZHAcDh3yM5gMhaxKjZdsp1BgBs8tF5,30.0,2020.8,SELF_FORWARD,1,1.0
2023-12-26,217425477821731408eb28dbd4368254ad8c2d1a60ffe21ddf206d08efee8383,ltc-2023-24,ltc,LdpzETAzWYCptoB4nZ4qDRfQFoP3Qps1Am,10.0,722.3,MIXED_CUSTODIAL,45,0.977
2023-11-28,01f7ec6d8629e27899642ccb5eaf1571331a9697cbabbf8fef490a121b7436e0,ltc-2023-24,ltc,LdpzETAzWYCptoB4nZ4qDRfQFoP3Qps1Am,15.0,1038.3,MIXED_CUSTODIAL,45,0.977
2024-07-08,cd9cbc4416eba4785ea60a18c8ffbcb65dd95e56b1b61635b8e050735c901589,ltc-2023-24,ltc,LgzbsbLsmev66YVzQdXqEfTTTBoRqmUUTf,14.0,868.56,MIXED_CUSTODIAL,56,0.629
2024-07-07,398d1aef76ec042c9b59777710afb50b9d559efc3893247743bfe2ff168eb7d5,ltc-2023-24,ltc,LgzbsbLsmev66YVzQdXqEfTTTBoRqmUUTf,13.58133155,888.22,MIXED_CUSTODIAL,56,0.629
2024-06-04,4ed755d4a596aaa9eb5c1e2c8074be576ab5381e17a51fb66e79c094207df6bc,ltc-2023-24,ltc,LgzbsbLsmev66YVzQdXqEfTTTBoRqmUUTf,12.0,993.96,MIXED_CUSTODIAL,56,0.629
2024-05-28,baa65159dac24cfcc9602ead8e2d7a10b69fecf2e10d548840b34c2d6da3ce49,ltc-2023-24,ltc,MCfc5jjKaykoorX7Heea5LZs27zTM9xGhK,30.0,2557.2,SELF_FORWARD,1,1.0
2024-05-23,638eaedbaa406f31120c394a985b04adc613b21a9fc87c0abe3bc3bddeacff90,ltc-2023-24,ltc,LgzbsbLsmev66YVzQdXqEfTTTBoRqmUUTf,12.0,1029.36,MIXED_CUSTODIAL,56,0.629
2024-09-22,9be109b33cf91b4ea3fcbd4e422b893ee8f281af04a895b106a080174f3a5b68,ltc-2023-24,ltc,ltc1qsyua2359r9qkc4rqgza26cpcx7vznqqa9twt5w,30.83201471,2061.12,SELF_FORWARD,1,1.0
2024-02-19,e06274e354b68406be3bcfe159188592cba3c577c5f6a19cbccf2a27b038d5de,ltc-2023-24,ltc,LdpzETAzWYCptoB4nZ4qDRfQFoP3Qps1Am,15.0,1062.0,MIXED_CUSTODIAL,45,0.977
2023-11-29,13737468fc3b39825f7a6e2c2678f616b4efa105f591b3631e4b03b2ec0eb44c,ltc-2023-24,ltc,MRMNK2z9KQ666tapW72Fh1XkX8t5DYpYUZ,50.0,3488.0,SELF_FORWARD,1,1.0
2024-07-26,a046c52ff109db58cb94a3c9360bfa7a444245f8ce6b34405a98e97af941b2d7,ltc-2023-24,ltc,ltc1q9xk38tk036ulclkd7d3txgk6c5l7xzwldehcxm,57.47346469,3954.17,SELF_FORWARD,1,1.0
2024-07-05,66497f54e4b91730cd039a19ef9cbabc0efae2af38ae5120c255fde187b4e037,ltc-2023-24,ltc,ltc1qu9e4vmn96y2hs9vw6gn6lfvadjgk8ua5w3z0rx,29.5202144,1931.21,SELF_FORWARD,2,1.0
2024-07-02,cc8302fa680871b84cfc4c4bdc31b4b55ace95fb4abc5e024ac0f84e8686ada3,ltc-2023-24,ltc,ltc1q37gxzsmjxh92saj54de8yxlzcxkcw3zcgvsvr5,14.1369442,1051.51,SELF_FORWARD,1,1.0
2024-01-19,2ae20747dd344b317d8c8b672e95e0228543b8f24eb4d98a3c7b3664578b7447,ltc-2023-24,ltc,LdpzETAzWYCptoB4nZ4qDRfQFoP3Qps1Am,15.0,1021.65,MIXED_CUSTODIAL,45,0.977
2024-05-02,c48ec404fcdc003f82a54b2fa0fa3cba88a4325c0278be9ce4115e2b90ad61b3,ltc-2023-24,ltc,LgzbsbLsmev66YVzQdXqEfTTTBoRqmUUTf,12.0,962.04,MIXED_CUSTODIAL,56,0.629
2024-04-10,951227a445365770c9134887b13cb170b1b31523f565cf4491d73b957c0edc72,ltc-2023-24,ltc,MMhEpNuoqsZK4NFoC8QHQfJ9T1Up7CRCdf,30.0,2926.2,SELF_FORWARD,1,1.0
2024-05-31,667241060cd687a7553b8a5b04fb9a336e5506eab3a6b59b6fd95f66badbaeae,ltc-2023-24,ltc,LgzbsbLsmev66YVzQdXqEfTTTBoRqmUUTf,12.0,1013.16,MIXED_CUSTODIAL,56,0.629
2024-03-01,d80320ef881d7dc65748f3b13a033f8f2e82ce6210ff4fa76c27b40aa5601bd5,ltc-2023-24,ltc,LW16kFstQfetB8nUgfq2CNH3eUQgtPfYrE,10.0,799.3,SELF_FORWARD,1,1.0
2023-12-04,fa421971bff01ececd80b43adce42ae444184bde9eb7c6467ec7f98a9a79a969,ltc-2023-24,ltc,LdpzETAzWYCptoB4nZ4qDRfQFoP3Qps1Am,15.0,1084.65,MIXED_CUSTODIAL,45,0.977
2024-10-04,dee4b3c40d19402240f5b4d05cc0d0d4f994c967668f778fbae3bebfbb2799cc,ltc-2023-24,ltc,LgzbsbLsmev66YVzQdXqEfTTTBoRqmUUTf,42.12609064,2672.9,MIXED_CUSTODIAL,56,0.629
2024-09-15,9acca9e9a4940fec615070abad79ee0809c90da5989c89cdaecb2b34a82f5811,ltc-2023-24,ltc,ltc1qhd8svq0t2nejgwsamsff2een72pq2gqt49c66p,21.80276001,1437.02,SELF_FORWARD,1,1.0
2024-08-02,9d8326029ce267a2384fc8279f8519f1ba151901e88a94ee8a44cd460c23979e,ltc-2023-24,ltc,MLXxYYzWq6yRnTDyT515BimZkixq7qhEo7,39.05848949,2717.69,SELF_FORWARD,1,1.0
2024-05-05,35b5f95aa9ed66276b2ee9a546678b31bbdaaeb9762f858a26dd42583734a904,ltc-2023-24,ltc,LgzbsbLsmev66YVzQdXqEfTTTBoRqmUUTf,12.0,979.92,MIXED_CUSTODIAL,56,0.629
2024-07-04,b9e15f451c60182b9b2fcabd3b1d9b9eb42b62646a09b425c055cd4fcf4af5c4,ltc-2023-24,ltc,MRwtZWn88rnSKDxKXgxkySAwyAaV5VXYvF,30.0,2162.4,SELF_FORWARD,1,1.0
2024-08-07,be80b068c282dd22547e315f56cc266aadfb7ca079e1d92e7c6ccbdbdb520ce8,ltc-2023-24,ltc,LgzbsbLsmev66YVzQdXqEfTTTBoRqmUUTf,21.72236217,1265.11,MIXED_CUSTODIAL,56,0.629
2024-01-27,00dc06916543cf7bdef82562a5b69f5095ad9d45338b406dfa1644fca5e52e9f,ltc-2023-24,ltc,LdpzETAzWYCptoB4nZ4qDRfQFoP3Qps1Am,15.0,1005.75,MIXED_CUSTODIAL,45,0.977
2024-07-04,e2becfd995baa1ee1479804708cc1becf93c91e25ca41179791ac600df45622f,ltc-2023-24,ltc,LgzbsbLsmev66YVzQdXqEfTTTBoRqmUUTf,15.0,1081.2,MIXED_CUSTODIAL,56,0.629
2024-05-08,1ae51f2cedbc3e78741248e1c5ff3ce1de752d88dce425f79d3b4a2478d5e949,ltc-2023-24,ltc,MUnVzCAZpZoZVCA4ns4dCgaTy5j71MCnTF,30.0,2424.6,SELF_FORWARD,1,1.0
2025-04-09,24087054586adb9571cf74c90599504c021d11162bf4e67d369f1f14fd89b52a,ltc-2023-24,ltc,ltc1qf2esqwudznrf5p8x44g78zm5z923nfmdvpr4u3,7.67447174,530.77,VENDOR_ONCE,1,0.015
2024-07-01,d236b58413bfe2b0fc372a63257f55abee49e082ed554d30f2c5ab0a61c6d19b,ltc-2023-24,ltc,MUStw48v1jvaBENu52NZptstGuZqDpn1Pa,30.5187071,2298.67,SELF_FORWARD,1,1.0
2024-06-10,4bee41545bafd3e1f9bde7ccd76749a076b3c4aed7da6a6e5e9f479728dfb5a6,ltc-2023-24,ltc,MWqQcbJXau824cj7MnkPWwcFRYKFm4M1gK,40.0,3220.0,SELF_FORWARD,1,1.0
2024-05-29,3a57b3baa88092e1fb907baeb06557fdc30844d38be3476b4dc33c8c6c03e8c0,ltc-2023-24,ltc,LgzbsbLsmev66YVzQdXqEfTTTBoRqmUUTf,12.0,1001.28,MIXED_CUSTODIAL,56,0.629
2024-05-24,b01c0da0c8567f160a77606bca5cc28fb137a8c2c826b9d7f75b29da7571be7c,ltc-2023-24,ltc,LgzbsbLsmev66YVzQdXqEfTTTBoRqmUUTf,12.0,1025.4,MIXED_CUSTODIAL,56,0.629
2024-10-04,bfffa14ee50e7f9b37c632b42e8a316a08c5bacc1d877b6653d021a12e301701,ltc-2023-24,ltc,ltc1q3ah7a8wc9v5r9hwrlvln3k4qspwj93whm8yssw,28.94870714,1836.8,SELF_FORWARD,1,1.0
2024-04-17,8c8bdda612be0587618220b00baaffda53ddd768826000eb1b79767bf33d6e0f,ltc-2023-24,ltc,MVWZHEzJMyT5pDmhLxzaZTgWRmQhVUVCgo,30.0,2398.2,SELF_FORWARD,1,1.0
2024-01-14,6083d624fcc4b8ffe30338faeec9c4b217219cb010d86ed72627bfc64feeba34,ltc-2023-24,ltc,LdpzETAzWYCptoB4nZ4qDRfQFoP3Qps1Am,15.0,1079.7,MIXED_CUSTODIAL,45,0.977
2023-12-11,3f13b6d8abde213472559db4736be2c154c6d38abf9d70f729d3ef32685ba15f,ltc-2023-24,ltc,LdpzETAzWYCptoB4nZ4qDRfQFoP3Qps1Am,15.0,1157.55,MIXED_CUSTODIAL,45,0.977
2023-12-27,1c8f0f330f6af02381162b268a1a6810807476387ed44260369a27a2aa119b14,ltc-2023-24,ltc,LdpzETAzWYCptoB4nZ4qDRfQFoP3Qps1Am,15.0,1098.6,MIXED_CUSTODIAL,45,0.977
2024-04-30,3c7d3ccdca43508ee05ebe15b96f75d7cbed5e20eab032c59a78ead43a11f229,ltc-2023-24,ltc,LgzbsbLsmev66YVzQdXqEfTTTBoRqmUUTf,10.0,835.2,MIXED_CUSTODIAL,56,0.629
2024-05-20,c69ee19c1fb21e4924cda9ca93a3041b918be07efda6915748f4488ecf391ffb,ltc-2023-24,ltc,LgzbsbLsmev66YVzQdXqEfTTTBoRqmUUTf,12.0,988.8,MIXED_CUSTODIAL,56,0.629
2024-04-06,e30e9d9f9bd9eff8222af47eb1794353265b331765728dfa451b3294ce434481,ltc-2023-24,ltc,MHU9sfyGcUSXHHmwLA4ZcECmgwkLRkkwA4,20.0,1956.6,SELF_FORWARD,1,1.0
2024-08-07,6ee5177f39139687cda98c31ee4365bb22419bf2f7acf5465b54e96ebe4d6f81,ltc-2023-24,ltc,ltc1qeuzrthsn0zwa84rdtzaf2ue4x6rxmmjeazar9u,34.55416696,2012.43,MIXED_CUSTODIAL,1,0.5
2024-07-24,425b98e25a8d67c21ef66932f26bcfe8647eb04d093e5e10597db558c11aea39,ltc-2023-24,ltc,ltc1qpded2jjxfdsylywf9lyyuvw6fey4axrdduyfxx,40.24935212,2934.98,SELF_FORWARD,1,1.0
2023-12-24,509cbe5ad0075874f46a35e9c90b69bf162676141264778f03f61b58b81b2823,ltc-2023-24,ltc,LdpzETAzWYCptoB4nZ4qDRfQFoP3Qps1Am,10.0,724.4,MIXED_CUSTODIAL,45,0.977
2024-03-27,512e2c51b6a109e095438c2cff0a5accb2d4ac11a80302baff52307320f824ae,ltc-2023-24,ltc,LWtbU9hkHzsgPAQmiw1VrUuk53jwiUfSBr,10.0,957.6,MIXED_CUSTODIAL,26,0.754
2024-03-23,8de863321f228d14e5e418a9039dd12dc391bf7a6e6257282881616ce4189aab,ltc-2023-24,ltc,LWtbU9hkHzsgPAQmiw1VrUuk53jwiUfSBr,12.0,1000.8,MIXED_CUSTODIAL,26,0.754
2024-02-23,b6bd3534c7df959a087615ccefb576ee19c112720942af556916d98170014e43,ltc-2023-24,ltc,LWtbU9hkHzsgPAQmiw1VrUuk53jwiUfSBr,15.0,1031.85,MIXED_CUSTODIAL,26,0.754
2024-06-05,1918c81ad49fe12f9902b7146918ad48c8ae74b39b634b633a9d9bbe5c35f7fc,ltc-2023-24,ltc,MA1QJ7Am1exgvfgZQnwPU5Cp8QEtkbbagA,40.0,3346.4,SELF_FORWARD,1,1.0
2024-05-05,fe8e929935219addef66fa9984991337c9d779163b3ec93fd29c2a7db4adce59,ltc-2023-24,ltc,MTi8nm56NazC3b7cqsQdEJUQ2MSrx9e7Yt,30.0,2449.8,SELF_FORWARD,1,1.0
2024-04-13,7c6068232587eeb0f19e8e5befd1cf0d4bc75993a2964ee49e703efc7f66c09a,ltc-2023-24,ltc,MDV3AmCcxBLXkiCdKCDowEaN5L9NHY74WA,30.0,2583.0,SELF_FORWARD,1,1.0
2024-03-19,09c01d8d213bbd8df93198e00e135400134831525661b2ba22b66413f852b560,ltc-2023-24,ltc,LWtbU9hkHzsgPAQmiw1VrUuk53jwiUfSBr,12.0,1041.12,MIXED_CUSTODIAL,26,0.754
2024-02-29,9689de933b85bfce0c3321449211ad6c5d9ed3dfd24f92f917fc3f41a15edb1b,ltc-2023-24,ltc,LWtbU9hkHzsgPAQmiw1VrUuk53jwiUfSBr,15.0,1117.2,MIXED_CUSTODIAL,26,0.754
2024-02-16,77ec4b50828dcddc8b961eba6231319aba2ad9149fa91b05134a28e81917c5cb,ltc-2023-24,ltc,LdpzETAzWYCptoB4nZ4qDRfQFoP3Qps1Am,15.0,1046.4,MIXED_CUSTODIAL,45,0.977
2024-10-05,61bd974728bb670f520d05298b138d7a89ceec8badb8bce3d2005f39ced5a4c0,ltc-2023-24,ltc,ltc1q86pj3sdvwpd4tlqgcwaxa5s482vnhdlqyuztpg,4.92769754,320.05,SELF_FORWARD,1,1.0
2024-07-07,45dbebb8241862ea0af88ed522d6a3a399b9a7913822603a3ae84c56e2ee9b5c,ltc-2023-24,ltc,MHrx3FZg3Choy3tNtUpWXSotZQB6gAH4ei,30.0,1962.0,SELF_FORWARD,1,1.0
2024-06-18,181699eced8cf643c73defbcd8b04ff358dc21ca24820c3336730a862d87eab3,ltc-2023-24,ltc,LgzbsbLsmev66YVzQdXqEfTTTBoRqmUUTf,13.0,995.8,MIXED_CUSTODIAL,56,0.629
2024-06-14,c3d7278e145669b1908db3dcaf4fb08b6199b51dcad2b4c9602b6a07a02f6b40,ltc-2023-24,ltc,LgzbsbLsmev66YVzQdXqEfTTTBoRqmUUTf,13.0,1028.95,MIXED_CUSTODIAL,56,0.629
2024-06-12,c710d7d6eac7fe0f708026650cb6c99b22cb2bf04339e98da393987d6c15ba43,ltc-2023-24,ltc,LgzbsbLsmev66YVzQdXqEfTTTBoRqmUUTf,12.0,927.72,MIXED_CUSTODIAL,56,0.629
2024-04-13,8558f672ad941b3efd4cfd58c119712aeb9574076593f11b351f96e0ed69fe92,ltc-2023-24,ltc,LWtbU9hkHzsgPAQmiw1VrUuk53jwiUfSBr,10.0,861.0,MIXED_CUSTODIAL,26,0.754
2024-06-05,72c878720d9441d25cfea086ec9819758537503c7fa7b033c8a008bd55209237,ltc-2023-24,ltc,LgzbsbLsmev66YVzQdXqEfTTTBoRqmUUTf,12.0,1003.92,MIXED_CUSTODIAL,56,0.629
2024-05-06,c8ad69ff7a623a6128f7c9738b602136ae1c06a9979fc5ab7f77358f2f3046ad,ltc-2023-24,ltc,ltc1qqhd5dz5jkae6f9r8scnn5mnsyws6c9ru5n8vr8,9.54085289,775.86,SELF_FORWARD,1,1.0
2024-03-25,9338558838940640d2d3eb4c8c434039daf773a29ef67a027553092aa3ba5876,ltc-2023-24,ltc,LWtbU9hkHzsgPAQmiw1VrUuk53jwiUfSBr,12.0,1075.92,MIXED_CUSTODIAL,26,0.754
2024-03-14,b1213fe085e7e918f8e617e81e697dbdc311e4b2c32a30998da852ec9288a572,ltc-2023-24,ltc,LWtbU9hkHzsgPAQmiw1VrUuk53jwiUfSBr,15.0,1458.6,MIXED_CUSTODIAL,26,0.754
2024-03-18,0ef9fc85145e958507c1d8509acebedafa7503b3abf9ef9247009a2abb848421,ltc-2023-24,ltc,LWtbU9hkHzsgPAQmiw1VrUuk53jwiUfSBr,12.0,1031.16,MIXED_CUSTODIAL,26,0.754
2024-07-08,f86e2c1354dfa6b24877267020cced221f7286e9d4b9307491caef7ce455ca35,ltc-2023-24,ltc,MLm6FPuvYvGLUsGTj88zACvkMEwBs8ejDd,30.0,1861.2,SELF_FORWARD,1,1.0
2024-05-04,53649a6e405bb2d5bf98e7b924b4e0a7fd09c5c04ed1924c800f1c05a71c7e1f,ltc-2023-24,ltc,LaVUmL6MUVmzmr66Qpqj2gFNdWz1z3nyfo,12.0,982.32,VENDOR_REPEAT,3,0.065
2024-07-03,306286de9259425712faf461f12994d44cff708453a0d5fd68fba30b995564b5,ltc-2023-24,ltc,LgzbsbLsmev66YVzQdXqEfTTTBoRqmUUTf,12.0,912.48,MIXED_CUSTODIAL,56,0.629
2024-02-27,44ee81492418c8f0f7b6c661a1965c2ed638ec0dc3a722e766b6420ab87a5bd7,ltc-2023-24,ltc,LWtbU9hkHzsgPAQmiw1VrUuk53jwiUfSBr,15.0,1078.95,MIXED_CUSTODIAL,26,0.754
2024-03-08,445e718b1816b021e820576587631393be6a0d82faa0d4f3978bed016feacee0,ltc-2023-24,ltc,LSzEnSZzEUX3DtS5Yzb7nJaVG9acjAfEY9,2.0,176.0,SELF_FORWARD,1,1.0
2024-03-09,fc757a616b0b8d3bb9b7f75888320cb00f1fea934f9826f157b453587c17db62,ltc-2023-24,ltc,LMCwkR6rr3w2pzRTmb1Q8JLj9YFHtBuZkL,1.0,88.33,SELF_FORWARD,1,1.0
2024-06-03,3f010a41e1fb99056728642447d4da861d5820404fac094fe61f75bf48599cac,ltc-2023-24,ltc,ltc1qe0qmgejxltfq6awg46p0n5lx65cd5fpa09kzdn,17.50030079,1454.45,SELF_FORWARD,1,1.0
2024-05-09,88561d7ccfc0be417f2b3d21f10720a5fd65dbbb79a94ea84c3c2faef998c757,ltc-2023-24,ltc,MDYf6Bu3kdUnL3KzvPRZFBdMaEFkLdwcBP,25.0,2042.25,SELF_FORWARD,1,1.0
2024-11-18,20a89c3cb6caaf67f819cd5a8d13a205d3b24cba826c98af1255d36ebe2fbc69,ltc-2024-25,ltc,ltc1qrgulgxych9y39fep3y9dgddt8z5jvx96xcfv3l,44.19586329,3853.88,SELF_FORWARD,1,1.0
2024-11-17,1dab71c5f1bd03820e3c298b927e896c1e955d7a48f20e3b4e85030ea7ebd3e4,ltc-2024-25,ltc,ltc1q8zggprvfzgwxyz8s2wdu3vq84w2cdky88ecv7z,51.85438482,4948.98,SELF_FORWARD,1,1.0
2024-10-12,eefb4810a14198540c22d514c633efe3cc9fb67356867149be778a18bee12d44,ltc-2024-25,ltc,LYaQTr1QDSXnmDdi38A13WXWDiyuWw9h7G,25.0,1639.75,MIXED_CUSTODIAL,49,0.668
2024-10-12,eefb4810a14198540c22d514c633efe3cc9fb67356867149be778a18bee12d44,ltc-2024-25,ltc,ltc1qxsn8dn6al07evlhkjjk0y6yud0xj2w27fuyt42,50.73516449,3327.72,SELF_FORWARD,1,1.0
2024-10-05,559da24f47a234c4563ecc38b4ec5317054ff25292b6817fb084790b95e91805,ltc-2024-25,ltc,LgzbsbLsmev66YVzQdXqEfTTTBoRqmUUTf,16.0,1039.2,MIXED_CUSTODIAL,56,0.629
2024-10-05,559da24f47a234c4563ecc38b4ec5317054ff25292b6817fb084790b95e91805,ltc-2024-25,ltc,ltc1qkhu4kuhthqqp68yr4w9q6p7pq7z8qsue2p06te,27.07639084,1758.61,SELF_FORWARD,1,1.0
2024-10-05,559da24f47a234c4563ecc38b4ec5317054ff25292b6817fb084790b95e91805,ltc-2024-25,ltc,MDZwCwNvmZRK5gngQKs5funj4VfT3PPoMw,40.0,2598.0,SELF_FORWARD,1,1.0
2024-10-09,83e4e2352c1bb6829ef2e3f30784b71133778573ddad75831cc948492435f2b5,ltc-2024-25,ltc,LYaQTr1QDSXnmDdi38A13WXWDiyuWw9h7G,16.0,1051.04,MIXED_CUSTODIAL,49,0.668
2024-10-09,83e4e2352c1bb6829ef2e3f30784b71133778573ddad75831cc948492435f2b5,ltc-2024-25,ltc,ltc1qt997d8w8cc0tsqg936e5rkxrszmuc5hjm2m08w,67.00222577,4401.38,SELF_FORWARD,1,1.0
2025-03-01,0fe415b6554f5107e1bc7d3972e0e1587bb780ead8df07d3ee6600d86a3c7d46,ltc-2024-25,ltc,LeVXYdaeaX7Gtm8AXe87wc5U2uqiMQM4Cq,12.0,1536.36,MIXED_CUSTODIAL,31,0.826
2025-03-01,0fe415b6554f5107e1bc7d3972e0e1587bb780ead8df07d3ee6600d86a3c7d46,ltc-2024-25,ltc,ltc1q7s0e9t2gkt49wvj5ed9rjrmtpqnd59u6qu5u5z,12.22732002,1565.46,SELF_FORWARD,1,1.0
2025-02-28,2b217a5a3dd666699470fa132663e02b4148254c24e04a38c415c6c2941b81bd,ltc-2024-25,ltc,LgZGiNoBd1tLwoNg2VjfU7vjFHqHdS6jis,11.72340242,1487.23,MIXED_CUSTODIAL,39,0.737
2025-02-28,2b217a5a3dd666699470fa132663e02b4148254c24e04a38c415c6c2941b81bd,ltc-2024-25,ltc,MJWiDwS42La4id1adRx4bssLrG3PjxwH4P,15.0,1902.9,SELF_FORWARD,1,1.0
2025-02-01,467d7ce22463c6c783161eeb87b280a8e3a4002dde68fd0277065bd018bae574,ltc-2024-25,ltc,LgZGiNoBd1tLwoNg2VjfU7vjFHqHdS6jis,10.0,1280.9,MIXED_CUSTODIAL,39,0.737
2025-02-01,467d7ce22463c6c783161eeb87b280a8e3a4002dde68fd0277065bd018bae574,ltc-2024-25,ltc,MGD9bxWw3XkcEeR4rfwL7sa1JVjy6YyJ45,15.0,1921.35,SELF_FORWARD,1,1.0
2025-02-01,467d7ce22463c6c783161eeb87b280a8e3a4002dde68fd0277065bd018bae574,ltc-2024-25,ltc,ltc1qr3m67mna93255hcf7yyqsexyne4jwsfen5eeg6,23.77672342,3045.56,SELF_FORWARD,1,1.0
2025-01-05,206fbaa3f2e29117e19662bedb3537dfe88f62623da83d06e8c83927ce2c327e,ltc-2024-25,ltc,ltc1qhy262lk6pg9kwjl933ngnlfyfsa4j4hjh83wph,12.92619745,1437.65,SELF_FORWARD,1,1.0
2025-01-05,206fbaa3f2e29117e19662bedb3537dfe88f62623da83d06e8c83927ce2c327e,ltc-2024-25,ltc,LYaQTr1QDSXnmDdi38A13WXWDiyuWw9h7G,20.0,2224.4,MIXED_CUSTODIAL,49,0.668
2025-01-05,206fbaa3f2e29117e19662bedb3537dfe88f62623da83d06e8c83927ce2c327e,ltc-2024-25,ltc,MFQfcrEkMBSTupNSE5KKXwQtAaCBd7BnVB,30.0,3336.6,SELF_FORWARD,1,1.0
2024-12-31,6dad5bf0b89f4e48d69c81345afa379dac7e7ab251b0f28922818815d9d56b4f,ltc-2024-25,ltc,LYaQTr1QDSXnmDdi38A13WXWDiyuWw9h7G,10.0,994.0,MIXED_CUSTODIAL,49,0.668
2024-12-31,6dad5bf0b89f4e48d69c81345afa379dac7e7ab251b0f28922818815d9d56b4f,ltc-2024-25,ltc,M8mWBjA1rcT7FgnRnVKJefEPuC2bVFxnxZ,20.0,1988.0,SELF_FORWARD,1,1.0
2024-12-31,6dad5bf0b89f4e48d69c81345afa379dac7e7ab251b0f28922818815d9d56b4f,ltc-2024-25,ltc,ltc1que6q67wl7pgew4j9ycm7hf2lrqjyke6exgvv40,33.92596288,3372.24,SELF_FORWARD,1,1.0
2024-10-14,f23714c832b0e95d890bea699fc663896dec1efed1995530e3314e815c815393,ltc-2024-25,ltc,LYaQTr1QDSXnmDdi38A13WXWDiyuWw9h7G,25.0,1620.0,MIXED_CUSTODIAL,49,0.668
2024-10-14,f23714c832b0e95d890bea699fc663896dec1efed1995530e3314e815c815393,ltc-2024-25,ltc,ltc1q0aky486pd35wzwx2jj5ww9aasve29ucxusxgnu,38.88627268,2519.83,SELF_FORWARD,1,1.0
2024-10-07,abefdb0fce3b92f31952f2d3cefb3694ce0657c85283cd2c851e8c8353efbeb1,ltc-2024-25,ltc,LgzbsbLsmev66YVzQdXqEfTTTBoRqmUUTf,16.11185458,1079.98,MIXED_CUSTODIAL,56,0.629
2024-10-07,4dc18748cc2e12b53bd5a3b5b018c10c3edd76f6ff356e877e1ae85d19dcd63b,ltc-2024-25,ltc,LgzbsbLsmev66YVzQdXqEfTTTBoRqmUUTf,16.0,1072.48,MIXED_CUSTODIAL,56,0.629
2024-10-07,4dc18748cc2e12b53bd5a3b5b018c10c3edd76f6ff356e877e1ae85d19dcd63b,ltc-2024-25,ltc,ltc1qy6fv62kvqzzhzeulp729xdx7mmv7ksd254xvxl,30.81842076,2065.76,SELF_FORWARD,1,1.0
2024-10-07,4f89ca49a2fb828fe0b994d853fb30578de17248c6f72a25e54fd65d5a79dc3d,ltc-2024-25,ltc,ltc1qgv4kvyprjjfj7waeejkjfyr5gllt9p2xzwxqc4,10.91664934,731.74,SELF_FORWARD,1,1.0
2024-10-07,4f89ca49a2fb828fe0b994d853fb30578de17248c6f72a25e54fd65d5a79dc3d,ltc-2024-25,ltc,LgzbsbLsmev66YVzQdXqEfTTTBoRqmUUTf,15.0,1005.45,MIXED_CUSTODIAL,56,0.629
2025-04-06,d37ae37aabc35cfe2c9557c629a5dbcdff167f685b04c564ade6d64057089b06,ltc-2024-25,ltc,LeVXYdaeaX7Gtm8AXe87wc5U2uqiMQM4Cq,10.0,826.8,MIXED_CUSTODIAL,31,0.826
2025-04-06,d37ae37aabc35cfe2c9557c629a5dbcdff167f685b04c564ade6d64057089b06,ltc-2024-25,ltc,LgZGiNoBd1tLwoNg2VjfU7vjFHqHdS6jis,10.0,826.8,MIXED_CUSTODIAL,39,0.737
2025-04-06,d37ae37aabc35cfe2c9557c629a5dbcdff167f685b04c564ade6d64057089b06,ltc-2024-25,ltc,ltc1q7ez7uruk23rpplqgna4h2zfdmurzjkfq8rqfnp,30.55814682,2526.55,SELF_FORWARD,1,1.0
2025-04-02,381ddc98b8cce201b761bdbaad8428f36969ec4d2adb79068a3a5529ec128ff4,ltc-2024-25,ltc,LgZGiNoBd1tLwoNg2VjfU7vjFHqHdS6jis,15.0,1267.2,MIXED_CUSTODIAL,39,0.737
2025-04-02,381ddc98b8cce201b761bdbaad8428f36969ec4d2adb79068a3a5529ec128ff4,ltc-2024-25,ltc,MBNitVKsUsaSwMjv5CPoeo98mF8ynUqXvU,20.0,1689.6,SELF_FORWARD,1,1.0
2025-04-02,381ddc98b8cce201b761bdbaad8428f36969ec4d2adb79068a3a5529ec128ff4,ltc-2024-25,ltc,ltc1qrkvnyx0n6tnj3vs9495v8c4vkw8hqlkn9fx4tx,29.4212001,2485.5,SELF_FORWARD,1,1.0
2025-03-28,815fe95882c8059e3b4d27916e089f4baf02da0ab59acb31ffae3eaaa0419bce,ltc-2024-25,ltc,M88XfsT5T6aidmwhT1En1iEHnUHe2nDQ56,20.0,1855.8,SELF_FORWARD,1,1.0
2025-03-28,815fe95882c8059e3b4d27916e089f4baf02da0ab59acb31ffae3eaaa0419bce,ltc-2024-25,ltc,ltc1qc5xpd2uqy034esevxa3txl78cap3zxmycarl7r,20.26622046,1880.5,SELF_FORWARD,1,1.0
2025-03-21,3e1aa6ba79bec6e4805417b7f633e695ad38de060cd9965b28da519324376e41,ltc-2024-25,ltc,ltc1qa9dcqwwwgnkuf3w4ym3mw4s9lv9ntzq8g2ytmz,48.19538319,4496.15,SELF_FORWARD,1,1.0
2024-12-23,131a95ff572625cbd64550d35e4c9b52359eef58f29490bc276fd1965e6b7a2f,ltc-2024-25,ltc,LYaQTr1QDSXnmDdi38A13WXWDiyuWw9h7G,20.7147731,2067.33,MIXED_CUSTODIAL,49,0.668
2024-12-19,b214d950fd9aa0b002fb40edcfd9e0b04ea795f0dbba36250d69aa623076cfc8,ltc-2024-25,ltc,LYaQTr1QDSXnmDdi38A13WXWDiyuWw9h7G,10.0,1083.2,MIXED_CUSTODIAL,49,0.668
2024-12-19,b214d950fd9aa0b002fb40edcfd9e0b04ea795f0dbba36250d69aa623076cfc8,ltc-2024-25,ltc,ltc1qu96j796zft3lf3azx2fus7ug0ze4um8tw33s9r,18.93575859,2051.12,SELF_FORWARD,1,1.0
2024-12-19,b214d950fd9aa0b002fb40edcfd9e0b04ea795f0dbba36250d69aa623076cfc8,ltc-2024-25,ltc,MGsgnxH2vzR3UzyEsssv93Bxv9kVxLBygM,20.0,2166.4,SELF_FORWARD,1,1.0
2024-12-01,be34c1b6d4bf42fd66435bde7afb09e752f42ccaf8d35991f988cad4bb89d0a2,ltc-2024-25,ltc,ltc1qtltg229wfy6npenntcqsht5f7u9jp9vh23xezw,52.69852848,5414.77,SELF_FORWARD,1,1.0
2024-11-21,cdf7bf96cd650746601186aa5abcbe4dd570868b2af5b145b0d3cd93fb110e0c,ltc-2024-25,ltc,MJCGgGPAxRBNAqKNLUZ4GUB4YYuY1kWHGL,30.08488849,2509.38,SELF_FORWARD,1,1.0
2024-11-07,b04c0cbcc56731975e1829287eeaafbbb665266733974de222e4ce37b9b02edc,ltc-2024-25,ltc,LYaQTr1QDSXnmDdi38A13WXWDiyuWw9h7G,15.0,1065.0,MIXED_CUSTODIAL,49,0.668
2024-11-07,b04c0cbcc56731975e1829287eeaafbbb665266733974de222e4ce37b9b02edc,ltc-2024-25,ltc,ltc1q4ad4qz8w0z7va3hesyqqm4zzyzkzemvz8rrmzw,25.44872234,1806.86,SELF_FORWARD,1,1.0
2024-11-06,bc16818e822252e438ddde96d8d82b3fad45599595bbb7487283ef767d6f7cac,ltc-2024-25,ltc,ltc1qkm2fmccqe7k972j202y8j906qf62w7qpp4usd9,31.1696211,2038.49,SELF_FORWARD,1,1.0
2024-11-05,03e25572ab5fa7eb676e1ecfb4d6bcc8d724dd194c57569b7a0e08fb9e9c3565,ltc-2024-25,ltc,ltc1q5yjktv0lw6pzvttr3qqfmzpxhjaxd0lsyjfl25,58.0447954,3805.42,SELF_FORWARD,1,1.0
2024-11-02,a8681caa41b6b707aa8645f7bf01411a305a70a6e7b6f93b60e932d5aaafd08b,ltc-2024-25,ltc,LYaQTr1QDSXnmDdi38A13WXWDiyuWw9h7G,15.0,1054.05,MIXED_CUSTODIAL,49,0.668
2024-11-02,a8681caa41b6b707aa8645f7bf01411a305a70a6e7b6f93b60e932d5aaafd08b,ltc-2024-25,ltc,ltc1q8t0tf74t7kusx289e7y5jmzvkkg79fufexuudc,75.36335746,5295.78,SELF_FORWARD,1,1.0
2024-10-26,1a16f20ed9348ff2f5841086720afcbe2fdb12878113530fa86c247e5dc67307,ltc-2024-25,ltc,LYaQTr1QDSXnmDdi38A13WXWDiyuWw9h7G,30.0,2064.9,MIXED_CUSTODIAL,49,0.668
2024-10-26,1a16f20ed9348ff2f5841086720afcbe2fdb12878113530fa86c247e5dc67307,ltc-2024-25,ltc,ltc1q9vl8ktqjuntd6q294t8gzcmute9dfg9fklqvrm,64.24182543,4421.76,SELF_FORWARD,1,1.0
2024-10-24,d715a949b388cfb7c69a88ebf447b0baf28f37fa0388fb27ac9fd43cdb0a22d9,ltc-2024-25,ltc,LYaQTr1QDSXnmDdi38A13WXWDiyuWw9h7G,39.58994797,2773.28,MIXED_CUSTODIAL,49,0.668
2024-10-24,408a0fd1bebaad428d02c90b26ba96e7583bcfb71aedcbc2728bd095b1ef9261,ltc-2024-25,ltc,LYaQTr1QDSXnmDdi38A13WXWDiyuWw9h7G,20.0,1401.0,MIXED_CUSTODIAL,49,0.668
2024-10-24,408a0fd1bebaad428d02c90b26ba96e7583bcfb71aedcbc2728bd095b1ef9261,ltc-2024-25,ltc,ltc1q2jxgfxfsfk24rwkmmqpvf8928l7se6kdvw62yt,32.30114264,2262.7,SELF_FORWARD,1,1.0
2024-10-16,451fde3b52ff7bee0223d9a20ade59fa34f02ab8f93a29da3587762321c4ed94,ltc-2024-25,ltc,MCRK8SWRWnyv7VV4hj2vDjyDxk2BQHqzTH,32.99797762,2338.57,SELF_FORWARD,1,1.0
2024-10-15,2d63e77b3c6520ef413bccdb15a229eb2ee687f1e8667b6b30970fc072f470b7,ltc-2024-25,ltc,LYaQTr1QDSXnmDdi38A13WXWDiyuWw9h7G,32.26812637,2156.8,MIXED_CUSTODIAL,49,0.668
2024-10-10,8a650149dbe8307c166aec73ed862678c1fa65e6036d60d0cfd5fd86304728a9,ltc-2024-25,ltc,LYaQTr1QDSXnmDdi38A13WXWDiyuWw9h7G,30.0,1937.7,MIXED_CUSTODIAL,49,0.668
2024-10-10,8a650149dbe8307c166aec73ed862678c1fa65e6036d60d0cfd5fd86304728a9,ltc-2024-25,ltc,MGtPPhuPEDSAYTvGxo2Hjevyepk2x28D8b,51.39544504,3319.63,SELF_FORWARD,1,1.0
2025-01-20,0ef4ad5ff451f69cd73fc3ffff5df9512d8ab5e8b225abf67a94d41ee1d965a7,ltc-2024-25,ltc,LgZGiNoBd1tLwoNg2VjfU7vjFHqHdS6jis,15.0,1733.4,MIXED_CUSTODIAL,39,0.737
2025-01-20,0ef4ad5ff451f69cd73fc3ffff5df9512d8ab5e8b225abf67a94d41ee1d965a7,ltc-2024-25,ltc,MFvJhPaZimwUYMCjv6UBPCuVt95ipom2Lc,20.58212298,2378.47,SELF_FORWARD,1,1.0
2025-01-01,2ab5189b40ce948310a124e2ba045dddd3fa3668c1bce699521ff1db78a28c39,ltc-2024-25,ltc,LYaQTr1QDSXnmDdi38A13WXWDiyuWw9h7G,10.0,1032.8,MIXED_CUSTODIAL,49,0.668
2025-01-01,2ab5189b40ce948310a124e2ba045dddd3fa3668c1bce699521ff1db78a28c39,ltc-2024-25,ltc,ltc1qph0u6dza94xr4kdwlpm9qphgqq2erk8gnv7705,11.56465784,1194.4,SELF_FORWARD,1,1.0
2024-12-21,3eaa54bd77c8bf4e4428650c04da3fa0947e4ccac921b363ab0e0a8197e7f3df,ltc-2024-25,ltc,LYaQTr1QDSXnmDdi38A13WXWDiyuWw9h7G,10.0,1013.7,MIXED_CUSTODIAL,49,0.668
2024-12-21,3eaa54bd77c8bf4e4428650c04da3fa0947e4ccac921b363ab0e0a8197e7f3df,ltc-2024-25,ltc,MSCKtEKMjA75vVNtAnPwEk5VsED8pWvCy8,25.0,2534.25,SELF_FORWARD,1,1.0
2024-12-21,3eaa54bd77c8bf4e4428650c04da3fa0947e4ccac921b363ab0e0a8197e7f3df,ltc-2024-25,ltc,ltc1qwnq7nyd65hh5e4jlm78z84qwaxvjfgf7y0nhve,34.70871382,3518.42,SELF_FORWARD,1,1.0
2024-11-15,29dacc37fbf519ec360240134e07671cc26cd6202435a5b0857489e06b5fe4b2,ltc-2024-25,ltc,MRrHNtWrLZTLNXdq5xuFpCPt9Gzhv5o2LA,20.0,1647.4,SELF_FORWARD,1,1.0
2024-11-15,29dacc37fbf519ec360240134e07671cc26cd6202435a5b0857489e06b5fe4b2,ltc-2024-25,ltc,ltc1qs79s04evzxgjzj52q4r3w79sy2seqhgtgzfy43,39.07242102,3218.4,SELF_FORWARD,1,1.0
2024-11-09,087929692f2e6e33d8ef61de782efa76e2b136131da16fc5ba4bd3e16273c97f,ltc-2024-25,ltc,LYaQTr1QDSXnmDdi38A13WXWDiyuWw9h7G,20.0,1455.8,MIXED_CUSTODIAL,49,0.668
2024-11-09,087929692f2e6e33d8ef61de782efa76e2b136131da16fc5ba4bd3e16273c97f,ltc-2024-25,ltc,ltc1qzp9864m880y2shxj5fv4sd8hwletk2e68dysd7,40.43244244,2943.08,SELF_FORWARD,1,1.0
2024-11-03,76de2233a532ad7c4f61f970a17b25afb31eafb5b309416bde7613b3bbeab674,ltc-2024-25,ltc,MMdjeY3RUGzK8Fsq47T2kQVdPEQXArNSYg,32.03284564,2216.67,SELF_FORWARD,1,1.0
2024-10-30,f982a9b2461617212de2ae19c659018b8244d440718833c6a67a0692350be025,ltc-2024-25,ltc,LYaQTr1QDSXnmDdi38A13WXWDiyuWw9h7G,15.0,1109.85,MIXED_CUSTODIAL,49,0.668
2024-10-30,f982a9b2461617212de2ae19c659018b8244d440718833c6a67a0692350be025,ltc-2024-25,ltc,MTWXgxrfNcZs3zCnhHAN8vjnVon3A5Hqsw,41.36484271,3060.58,SELF_FORWARD,1,1.0
2024-10-29,d3543f77c20257dfb5c84b46ffb7f79bd15e0709fd7b7b248dce8092cdee06c0,ltc-2024-25,ltc,LYaQTr1QDSXnmDdi38A13WXWDiyuWw9h7G,31.33845977,2219.08,MIXED_CUSTODIAL,49,0.668
2024-10-22,598c1537a9b7b5a3599e60f3014b54679b79379f0f4ac852a67fc5f68f6dbf15,ltc-2024-25,ltc,ltc1q6ysrmm54arwsxq3n7evy296slmvcu2el5jgng2,100.14889276,7087.54,SELF_FORWARD,1,1.0
2024-10-20,a3bb97d5a9bb15dd30f007bb32482596e70ae4b7db4bd2b87437d8297defd682,ltc-2024-25,ltc,MK9KcTNmynPuTKLVPeYfWWgWHfkaaTSJrZ,33.37816945,2500.02,SELF_FORWARD,1,1.0
2024-10-16,3f72ac23c3394c19e8b5238709b36748f46a0f798cfa049414dbfb287cd1fb34,ltc-2024-25,ltc,LYaQTr1QDSXnmDdi38A13WXWDiyuWw9h7G,42.15349509,2987.42,MIXED_CUSTODIAL,49,0.668
2024-10-13,a1b5b26a813595262b6648249a0369ce27e0ac69de0fc16dac4077e46fe6fe1a,ltc-2024-25,ltc,LYaQTr1QDSXnmDdi38A13WXWDiyuWw9h7G,20.0,1323.8,MIXED_CUSTODIAL,49,0.668
2024-10-13,a1b5b26a813595262b6648249a0369ce27e0ac69de0fc16dac4077e46fe6fe1a,ltc-2024-25,ltc,MFfN7ekRizPuVPPp5bmpXBJ5Ww4afDwGSS,48.17633876,3188.79,SELF_FORWARD,1,1.0
2024-10-11,19ae7163446a50b7eada8ee8251a0ae5ec464015b4eaa0d7052c87233db70adc,ltc-2024-25,ltc,ltc1qzepqvaffl3ccnrfrku205jeyst3deua3gghn7e,13.91851271,895.24,SELF_FORWARD,1,1.0
2024-10-06,f54e5f7ade7081e0dda2139d407fda50163cde17550ec0b469babe62e8f4923e,ltc-2024-25,ltc,ltc1q7dx7xksjwp9cas8872fwntuwnygvwfkkwzkvk0,37.71995623,2500.83,SELF_FORWARD,1,1.0
2025-05-08,a660d8243e583170f245ed20a2f99c794a5ad0854d47be6239692e23ed22a406,ltc-2024-25,ltc,LeVXYdaeaX7Gtm8AXe87wc5U2uqiMQM4Cq,15.0,1342.8,MIXED_CUSTODIAL,31,0.826
2025-05-08,a660d8243e583170f245ed20a2f99c794a5ad0854d47be6239692e23ed22a406,ltc-2024-25,ltc,MSAr8z84d2iQuxzqkHxkMWLmKhqoj3RTmm,21.475101,1922.45,SELF_FORWARD,1,1.0
2025-04-24,4c2a8711299addedd14895624df672fb50619c734ac3c37c1ebfee580f835cf5,ltc-2024-25,ltc,LgZGiNoBd1tLwoNg2VjfU7vjFHqHdS6jis,11.80576363,983.07,MIXED_CUSTODIAL,39,0.737
2025-04-24,4c2a8711299addedd14895624df672fb50619c734ac3c37c1ebfee580f835cf5,ltc-2024-25,ltc,MTJcGbsedPtvWrUbwXYWZZrTk8CsGKus2g,21.0,1748.67,SELF_FORWARD,1,1.0
2025-04-24,4c2a8711299addedd14895624df672fb50619c734ac3c37c1ebfee580f835cf5,ltc-2024-25,ltc,LeVXYdaeaX7Gtm8AXe87wc5U2uqiMQM4Cq,25.0,2081.75,MIXED_CUSTODIAL,31,0.826
2025-04-16,83e30739c78de5d14cbf0a79ce64bd2cf409f97d8cfca6802156e1084f7754f1,ltc-2024-25,ltc,ltc1qk9agwjy4nsqu0lsd0pq48785ruwfzty0dzavd2,13.36355026,1006.01,SELF_FORWARD,1,1.0
2025-04-16,83e30739c78de5d14cbf0a79ce64bd2cf409f97d8cfca6802156e1084f7754f1,ltc-2024-25,ltc,MEKvYZgJrudWCee1EiRZb3dvNuZ7ismmT5,22.0,1656.16,SELF_FORWARD,1,1.0
2025-04-09,22e87b19fad36bb40eb87615d4d3e6672872f86cdd83d6f9c22953e58acbf64b,ltc-2024-25,ltc,LgZGiNoBd1tLwoNg2VjfU7vjFHqHdS6jis,12.5155582,865.58,MIXED_CUSTODIAL,39,0.737
2025-04-08,4087fdd685a31e74c14bcd5d38c86b1b7c079248b95d5e92c17bac0957e9ffaa,ltc-2024-25,ltc,LeVXYdaeaX7Gtm8AXe87wc5U2uqiMQM4Cq,28.06074912,1992.03,MIXED_CUSTODIAL,31,0.826
2025-04-07,10846c7f72f970ac13788c3e80f27d2756c24dd2a79e8e71029aa80b2bf5abe5,ltc-2024-25,ltc,ltc1q2gyglxlakd7msv7frtg7l7nkpxayp7hqlkzsww,14.1958405,1002.65,SELF_FORWARD,1,1.0
2025-04-07,10846c7f72f970ac13788c3e80f27d2756c24dd2a79e8e71029aa80b2bf5abe5,ltc-2024-25,ltc,MREqgVC9V2VK8JXkjVzFzB5Bhy512G7iee,24.0,1695.12,SELF_FORWARD,1,1.0
2025-03-30,bef553d03252fb03e4f2e2a26c1bca9f13697ccb5a912e313c96067fea1e28db,ltc-2024-25,ltc,MLsqRqToAzfMyT8qPj5tsMm2abWBqRXJW3,20.0,1709.2,SELF_FORWARD,1,1.0
2025-03-30,bef553d03252fb03e4f2e2a26c1bca9f13697ccb5a912e313c96067fea1e28db,ltc-2024-25,ltc,LeVXYdaeaX7Gtm8AXe87wc5U2uqiMQM4Cq,22.06778667,1885.91,MIXED_CUSTODIAL,31,0.826
2025-03-11,df638480b21362b533559a6d5bf354b2ca20b1244a637f769f2f8f7a2b1db4ff,ltc-2024-25,ltc,LeVXYdaeaX7Gtm8AXe87wc5U2uqiMQM4Cq,20.0,1749.8,MIXED_CUSTODIAL,31,0.826
2025-03-11,df638480b21362b533559a6d5bf354b2ca20b1244a637f769f2f8f7a2b1db4ff,ltc-2024-25,ltc,M9pjeZUuBvkV4kDnm9bxAs1fyympueoeEE,20.0,1749.8,SELF_FORWARD,1,1.0
2025-03-11,df638480b21362b533559a6d5bf354b2ca20b1244a637f769f2f8f7a2b1db4ff,ltc-2024-25,ltc,ltc1qt6prlyh5yvrnfpxt6480wgs3ruhlazjpg20kh9,27.38933485,2396.29,SELF_FORWARD,1,1.0
2025-03-09,8bd7f2c4f1ea891ededdbcd0992d8755ee811e9483b74146ca157fb3d6479c19,ltc-2024-25,ltc,LgZGiNoBd1tLwoNg2VjfU7vjFHqHdS6jis,11.35954856,1162.54,MIXED_CUSTODIAL,39,0.737
2025-03-08,5a9b69b1e4a83f849c1b1799b070d6620018e3a9023a672abe0cb5d307f74b52,ltc-2024-25,ltc,LeVXYdaeaX7Gtm8AXe87wc5U2uqiMQM4Cq,16.71071812,1733.07,MIXED_CUSTODIAL,31,0.826
2025-03-08,bef8a7cd1cdc9b84de1f80a3e9f6eea591dad693b8df447ad95737a5d8816032,ltc-2024-25,ltc,LgZGiNoBd1tLwoNg2VjfU7vjFHqHdS6jis,5.0,518.55,MIXED_CUSTODIAL,39,0.737
2025-03-08,bef8a7cd1cdc9b84de1f80a3e9f6eea591dad693b8df447ad95737a5d8816032,ltc-2024-25,ltc,MF54pQjBtKUMoyv96y9bBSHsCTS2vamfZ4,15.0,1555.65,SELF_FORWARD,1,1.0
2025-03-08,bef8a7cd1cdc9b84de1f80a3e9f6eea591dad693b8df447ad95737a5d8816032,ltc-2024-25,ltc,ltc1qe75n7gc70qrlqgge4hvmys9mpv8h3nxgslmv4u,20.40389811,2116.09,MIXED_CUSTODIAL,1,0.5
2025-03-03,28b91974c82247f617ac135d99abb978c247f3edffa216a429e3704385291b4c,ltc-2024-25,ltc,LgZGiNoBd1tLwoNg2VjfU7vjFHqHdS6jis,6.66416851,852.28,MIXED_CUSTODIAL,39,0.737
2025-03-03,28b91974c82247f617ac135d99abb978c247f3edffa216a429e3704385291b4c,ltc-2024-25,ltc,LeVXYdaeaX7Gtm8AXe87wc5U2uqiMQM4Cq,10.0,1278.9,MIXED_CUSTODIAL,31,0.826
2025-03-03,28b91974c82247f617ac135d99abb978c247f3edffa216a429e3704385291b4c,ltc-2024-25,ltc,M9Dxnvp7o7J9mFNzp8fSe3yD7G3FYfWPP9,14.0,1790.46,SELF_FORWARD,1,1.0
2025-02-24,45d3b75071dad8e11393ffa8a1e5359c15d1a72e20ebada951a2b9527d8f0d26,ltc-2024-25,ltc,LgZGiNoBd1tLwoNg2VjfU7vjFHqHdS6jis,8.90775374,1156.76,MIXED_CUSTODIAL,39,0.737
2025-02-24,45d3b75071dad8e11393ffa8a1e5359c15d1a72e20ebada951a2b9527d8f0d26,ltc-2024-25,ltc,MLYtSeu7w7BrQuC2FiNkcKADuuKcTAhjQ2,12.0,1558.32,SELF_FORWARD,1,1.0
2025-02-20,09026fc726094432f4e8b75f4470e6ba6979b404df8d20beca84ade9a7449613,ltc-2024-25,ltc,ltc1qu8v9nzzvzsq8sz650w6ksedvk6045h25a9aujq,17.38805993,2345.3,SELF_FORWARD,1,1.0
2025-02-18,e833c105e32650ec77b15d276a4572e0d6e98a58a749b31d7da354e758054c13,ltc-2024-25,ltc,LgZGiNoBd1tLwoNg2VjfU7vjFHqHdS6jis,7.61868413,931.84,MIXED_CUSTODIAL,39,0.737
2025-02-18,e833c105e32650ec77b15d276a4572e0d6e98a58a749b31d7da354e758054c13,ltc-2024-25,ltc,LeVXYdaeaX7Gtm8AXe87wc5U2uqiMQM4Cq,9.0,1100.79,MIXED_CUSTODIAL,31,0.826
2025-01-27,3b27225852f0699aa04e5e1af991c2c84da6043e8db6fea73f518d1d00e8a607,ltc-2024-25,ltc,ltc1qzjxhzx5650dyr47090gr6fh94lnyll3hply7y8,30.60241986,3582.63,SELF_FORWARD,1,1.0
2025-01-22,7342ac8ad3b00e6bae0ad340cdbc80488e55d4280e220bbdede5e3fbf189e145,ltc-2024-25,ltc,M8gom1f8mwym9bSueMdaMtugERHJXRwbQq,20.0,2382.2,SELF_FORWARD,1,1.0
2025-01-22,7342ac8ad3b00e6bae0ad340cdbc80488e55d4280e220bbdede5e3fbf189e145,ltc-2024-25,ltc,ltc1qvck8tg9fdlsnmnthj32fv25smn8tj4a5mxw3hy,29.55011368,3519.71,SELF_FORWARD,1,1.0
2025-01-16,9a23422d411181eb4d73f2a3bdb51ffc2bfa106536eadff502d5588e9dde5b2d,ltc-2024-25,ltc,MLzZP8t4y91CcdGVoygXamm62wBsknAUB9,24.13637826,2822.99,SELF_FORWARD,1,1.0
2025-01-11,b99105227cff21aaaf26c8727bceada2c5776b23ec016fec9139adac8ec404a9,ltc-2024-25,ltc,LYaQTr1QDSXnmDdi38A13WXWDiyuWw9h7G,15.0,1559.1,MIXED_CUSTODIAL,49,0.668
2025-01-11,b99105227cff21aaaf26c8727bceada2c5776b23ec016fec9139adac8ec404a9,ltc-2024-25,ltc,MCYbdqM7PX6GHmmpYqVMKBaMUiaa7D6ECQ,19.28235261,2004.21,SELF_FORWARD,1,1.0
2025-01-09,1bd8a3ede130a5c0bea8093f9e0be2aa4659622ec3755bdf809c4a8da9c10206,ltc-2024-25,ltc,MVThcJN2okdgFavUJMs43zU6q7MYdWobb7,20.0,2028.6,SELF_FORWARD,1,1.0
2025-01-09,1bd8a3ede130a5c0bea8093f9e0be2aa4659622ec3755bdf809c4a8da9c10206,ltc-2024-25,ltc,ltc1qpzdcchtepvfen84m3ysvwsku5kftx88e5e6gds,23.38257529,2371.69,SELF_FORWARD,1,1.0
2025-01-06,6d98181c9bfb899d0c5aa7a87698ff4446b386d139d0f566bb154038d98725f9,ltc-2024-25,ltc,ltc1q3g5kp0de9sqevfqrxamzqcecgsglal0hverslt,14.96503743,1731.75,SELF_FORWARD,1,1.0
2025-01-02,5a8108c8d2a7dbe241d4501f1ed9443bceb5b3909dabee992cd7a8cde08d50ba,ltc-2024-25,ltc,ltc1quj2vpdn7rql4leyx08xjlzpns26vz9ukjtljh8,34.87515198,3669.91,SELF_FORWARD,1,1.0
2024-12-22,bd39add6218e0407d87cbfb321cb85e685171d515a3079a5e8cb0103f3b91ae6,ltc-2024-25,ltc,LYaQTr1QDSXnmDdi38A13WXWDiyuWw9h7G,10.0,1015.7,MIXED_CUSTODIAL,49,0.668
2024-12-22,bd39add6218e0407d87cbfb321cb85e685171d515a3079a5e8cb0103f3b91ae6,ltc-2024-25,ltc,MX9pYzN76fhPhxbzDWHHFfAtaCSrMKhAMB,20.41748317,2073.8,SELF_FORWARD,1,1.0
2024-12-04,0cf3065c3d335fdfdb6244ef92e105ef29040bfeb95f26b201c279bb1bed1bd9,ltc-2024-25,ltc,ltc1q34x7yzcemxw4t44wxutzp23fnfx6zukzqf83ur,23.90729829,3129.47,SELF_FORWARD,1,1.0
2024-11-12,f4f2733dd812b1864120456987170b236c3036c66ded4934ee549e45bcb2ff40,ltc-2024-25,ltc,LYaQTr1QDSXnmDdi38A13WXWDiyuWw9h7G,15.0,1200.6,MIXED_CUSTODIAL,49,0.668
2024-11-12,f4f2733dd812b1864120456987170b236c3036c66ded4934ee549e45bcb2ff40,ltc-2024-25,ltc,MQdDPSXgunB63cMjUzzPTU8ELv7xdNMzY9,36.66688325,2934.82,SELF_FORWARD,1,1.0
2024-10-22,b1cd3bf89f3f0829691b41adb497f548c0d54473ec7abb0985f416bd3ac5ebe3,ltc-2024-25,ltc,ltc1qql3ttpxhhzyhrl6l2zahnldkh2craqgpsclhud,23.57829815,1668.64,SELF_FORWARD,1,1.0
2024-10-22,b1cd3bf89f3f0829691b41adb497f548c0d54473ec7abb0985f416bd3ac5ebe3,ltc-2024-25,ltc,MSJBZD6pKVo4jFUpMfmsd6UdHgXwYx9Qvd,40.0,2830.8,SELF_FORWARD,1,1.0
2024-10-19,959e46ff7154785f886b1e55c348403016aa14070c4ca8ec639d4e82f40865c7,ltc-2024-25,ltc,LYaQTr1QDSXnmDdi38A13WXWDiyuWw9h7G,20.71967938,1514.82,MIXED_CUSTODIAL,49,0.668
2024-10-06,84905a1c47db5a204fa2b5c6d5e8719768deda50993ccc4062fe604fab42bd7e,ltc-2024-25,ltc,LgzbsbLsmev66YVzQdXqEfTTTBoRqmUUTf,15.0,994.5,MIXED_CUSTODIAL,56,0.629
2024-10-06,84905a1c47db5a204fa2b5c6d5e8719768deda50993ccc4062fe604fab42bd7e,ltc-2024-25,ltc,ltc1qf046q96qx8uqlsx0kzuusrytfaz2e48rch252a,16.93286209,1122.65,MIXED_CUSTODIAL,1,0.5
2024-10-19,42a1cae3ec359a18b60a55d3f608ec2711413c98f5f1f454a18a2a46255b40a0,ltc-2024-25,ltc,LYaQTr1QDSXnmDdi38A13WXWDiyuWw9h7G,20.0,1462.2,MIXED_CUSTODIAL,49,0.668
2024-10-19,42a1cae3ec359a18b60a55d3f608ec2711413c98f5f1f454a18a2a46255b40a0,ltc-2024-25,ltc,MRZTCnJN5CCxuZKMqFfQzDvqRDPakJy636,30.43355621,2225.0,SELF_FORWARD,1,1.0
2024-10-18,268535539f70ddcc3565301b6eb39b91dae56c16ca160ea42ec614d659534f8c,ltc-2024-25,ltc,MAHUWU98iSqGEGA9zb6zA49Y621uhKbEAy,43.77913637,3186.68,SELF_FORWARD,1,1.0
2024-10-11,cdf18ffeac48918354d67be73b88030b29cb8e156d04df0b442f49ac93ae9ff1,ltc-2024-25,ltc,LYaQTr1QDSXnmDdi38A13WXWDiyuWw9h7G,15.0,964.8,MIXED_CUSTODIAL,49,0.668
2024-10-11,cdf18ffeac48918354d67be73b88030b29cb8e156d04df0b442f49ac93ae9ff1,ltc-2024-25,ltc,ltc1q4lhdgpzwrxze49cgqjw4n78fd7n9xwakfrlxur,31.88760954,2051.01,SELF_FORWARD,1,1.0
2024-10-10,177bc02039637a8a49e08851288bbf50b2de3cd95058c4b387705a8c7768ab9e,ltc-2024-25,ltc,LYaQTr1QDSXnmDdi38A13WXWDiyuWw9h7G,41.05185346,2651.54,MIXED_CUSTODIAL,49,0.668
2025-01-14,0b638ee248bfced10fc31be73722f49b321226a9aadc63c2d33aaf14b559a3da,ltc-2024-25,ltc,LYaQTr1QDSXnmDdi38A13WXWDiyuWw9h7G,20.0,1967.6,MIXED_CUSTODIAL,49,0.668
2025-01-14,0b638ee248bfced10fc31be73722f49b321226a9aadc63c2d33aaf14b559a3da,ltc-2024-25,ltc,MSq35Xq58wQjNBbnWYLqQ3Y82yboWYvFMM,21.43594805,2108.87,SELF_FORWARD,1,1.0
2024-12-28,d03d35d90a8b22b13dd9f7849437b25178cc45ffe6da984901f07f5a5c312341,ltc-2024-25,ltc,ltc1q6d5sq0mr7le4qhlweul9g7vjpcv2udukgq2rc2,53.6987061,5401.02,SELF_FORWARD,1,1.0
2024-11-29,63cfba80bf0ab97b7131c857953454d029401cdafc0e46b76bf5f6626a55dd3e,ltc-2024-25,ltc,ltc1qx9d4em0e23spcmp6372f8get0006xjhf35j58s,35.33776734,3376.17,SELF_FORWARD,1,1.0
2024-11-25,ee088927dff53f9c976985a7eb767d90c312093136e67ee19788c77575816c4e,ltc-2024-25,ltc,ltc1qmx6sz265vdqljg34lgn6spyxe7j2lajh8fazln,45.56381046,4416.04,SELF_FORWARD,1,1.0
2024-10-14,3d740912a426421c04bdb7690565285dcae9dd5b3e6df3149c507ce2a767f7ef,ltc-2024-25,ltc,LYaQTr1QDSXnmDdi38A13WXWDiyuWw9h7G,20.0,1296.0,MIXED_CUSTODIAL,49,0.668
2024-10-14,3d740912a426421c04bdb7690565285dcae9dd5b3e6df3149c507ce2a767f7ef,ltc-2024-25,ltc,ltc1qy5jsau6jhuxwntsyj8mvtg88plu2kajj8gd7py,27.2724657,1767.26,SELF_FORWARD,1,1.0
2024-11-08,11dab4d0b904215983412c093bee534fec0797b68ef2e93d1fda2e0790ff11a9,ltc-2024-25,ltc,LYaQTr1QDSXnmDdi38A13WXWDiyuWw9h7G,15.0,1071.9,MIXED_CUSTODIAL,49,0.668
2024-11-08,11dab4d0b904215983412c093bee534fec0797b68ef2e93d1fda2e0790ff11a9,ltc-2024-25,ltc,MGEU3SKSt8NZGD7Ns46JNQGs8hA1ci2CFq,35.88916401,2564.64,SELF_FORWARD,1,1.0
2024-11-04,00d60eee25000d442b0dbeb94a5e9e475f72507c790bd83a6cce16f8682d39f4,ltc-2024-25,ltc,MWuvRUjJyTG41VdBgTpj2ftZHyQBfTSa39,29.49070044,1971.45,SELF_FORWARD,1,1.0
2024-10-28,0d9c218118f8e79080d14f26424c2a3dce36f018e30847f1480689832a9da0b0,ltc-2024-25,ltc,LYaQTr1QDSXnmDdi38A13WXWDiyuWw9h7G,15.0,1066.5,MIXED_CUSTODIAL,49,0.668
2024-10-28,0d9c218118f8e79080d14f26424c2a3dce36f018e30847f1480689832a9da0b0,ltc-2024-25,ltc,MU8jZPfPGaivBbvEn6BedEVk3saxK9jLWZ,34.23763996,2434.3,SELF_FORWARD,1,1.0
2025-04-30,40a8657c694bdb832a8b6adf9ee99466feddb7a2ca69624e96a97a5bd1815ded,ltc-2024-25,ltc,LgZGiNoBd1tLwoNg2VjfU7vjFHqHdS6jis,11.07968915,947.98,MIXED_CUSTODIAL,39,0.737
2025-04-30,40a8657c694bdb832a8b6adf9ee99466feddb7a2ca69624e96a97a5bd1815ded,ltc-2024-25,ltc,MPpqgv9fgEWYkThTApySUJnAtrWmNRyXGZ,25.0,2139.0,SELF_FORWARD,1,1.0
2025-04-22,841ceab510869e4ed3d177d4628e2185f09a8b28419dead6214df204d08cb03a,ltc-2024-25,ltc,LeVXYdaeaX7Gtm8AXe87wc5U2uqiMQM4Cq,21.23129679,1659.01,MIXED_CUSTODIAL,31,0.826
2025-02-19,985e22b62f53b6d9d797e6f027409b56c6fdb442fd3037c07f103e699a603b68,ltc-2024-25,ltc,LgZGiNoBd1tLwoNg2VjfU7vjFHqHdS6jis,10.0,1297.5,MIXED_CUSTODIAL,39,0.737
2025-02-19,985e22b62f53b6d9d797e6f027409b56c6fdb442fd3037c07f103e699a603b68,ltc-2024-25,ltc,LeVXYdaeaX7Gtm8AXe87wc5U2uqiMQM4Cq,12.95611612,1681.06,MIXED_CUSTODIAL,31,0.826
2025-02-19,985e22b62f53b6d9d797e6f027409b56c6fdb442fd3037c07f103e699a603b68,ltc-2024-25,ltc,MDWgTJzAvahYgfZoxQJ6bq6jjBXjaA2iVC,15.0,1946.25,SELF_FORWARD,1,1.0
2024-12-29,d8f1a028e4340566687a4596f90d51531e871f99c17b7b032b7c4ec8bb506f6e,ltc-2024-25,ltc,ltc1q3aal2qferj3a8f3gtthu8k90gel2u26ektnu4h,27.37955245,2758.49,SELF_FORWARD,1,1.0
2024-12-03,9fd2df709a8f2d297505944cc7ee94650814f11ca0b17ec4404dd8c60f0a97d1,ltc-2024-25,ltc,MLJfLK5kzy7NNE1sxGidpuqBdFqcMUSEZM,29.50330729,3921.87,SELF_FORWARD,1,1.0
2024-11-22,5cb41c7aa4abe5416d70dc8647570d098180a7314cb42789afdfbd37c69b8cc2,ltc-2024-25,ltc,ltc1quv4g6me3veljsu3uz7jsmkgj2ehlxjnst8tuhx,26.90252764,2408.05,SELF_FORWARD,1,1.0
2025-02-03,bfbff259999b615abe20a8ebad75e15b875738f30ef3bacb9aa1233571f09134,ltc-2024-25,ltc,LgZGiNoBd1tLwoNg2VjfU7vjFHqHdS6jis,15.0,1636.95,MIXED_CUSTODIAL,39,0.737
2025-02-03,bfbff259999b615abe20a8ebad75e15b875738f30ef3bacb9aa1233571f09134,ltc-2024-25,ltc,MUuo7hv1ZUHd23vxgi4Dn3nKrubeknqF7u,22.36638359,2440.84,SELF_FORWARD,1,1.0
2025-02-22,6385da3f6710247b13f005e3743ec15d90d86279bfd62b5a317d1f418d33938c,ltc-2024-25,ltc,LeVXYdaeaX7Gtm8AXe87wc5U2uqiMQM4Cq,10.0,1281.0,MIXED_CUSTODIAL,31,0.826
2025-02-22,6385da3f6710247b13f005e3743ec15d90d86279bfd62b5a317d1f418d33938c,ltc-2024-25,ltc,LgZGiNoBd1tLwoNg2VjfU7vjFHqHdS6jis,10.0,1281.0,MIXED_CUSTODIAL,39,0.737
2025-02-22,6385da3f6710247b13f005e3743ec15d90d86279bfd62b5a317d1f418d33938c,ltc-2024-25,ltc,MEXarSMRDpzoa4dvQsiAU5uBnna34iV9y9,13.54824371,1735.53,SELF_FORWARD,1,1.0
2024-12-17,47c3473e3b8b14ff9d52590d655bb7f8b282810579cb0daeb2867d3205096704,ltc-2024-25,ltc,MPbs7bVSAo8BCkVmZrzu2qpxh5FxiEQwFJ,18.60529096,2195.42,SELF_FORWARD,1,1.0
2024-11-13,fe55d3516ecafe78733fdff82544f8982644b918fcd04f930f2237590edc1645,ltc-2024-25,ltc,LYaQTr1QDSXnmDdi38A13WXWDiyuWw9h7G,15.0,1150.35,MIXED_CUSTODIAL,49,0.668
2024-11-13,fe55d3516ecafe78733fdff82544f8982644b918fcd04f930f2237590edc1645,ltc-2024-25,ltc,ltc1qq78vg9tz3dcam73j75danzw7u268yk0dy0qgtc,20.01104333,1534.65,SELF_FORWARD,1,1.0
2025-02-15,db2267431873c0312c35038b2321d95a64a9d5f28b18cd7f39be4aba8e6c1cc8,ltc-2024-25,ltc,MQCXDnqC66mwP367MUPgw45tJfT1yaK66D,15.27403557,1907.73,SELF_FORWARD,1,1.0
2025-01-18,cfb23b59a643fe3cf9b403d1d66c6d81f83f1e57c9b75835c5e98df24d3ed787,ltc-2024-25,ltc,LYaQTr1QDSXnmDdi38A13WXWDiyuWw9h7G,15.0,2055.6,MIXED_CUSTODIAL,49,0.668
2025-01-18,cfb23b59a643fe3cf9b403d1d66c6d81f83f1e57c9b75835c5e98df24d3ed787,ltc-2024-25,ltc,MAvA6ELLQBnQyNVRAxKwyYSUeFEAdZ9Rx7,19.27022632,2640.79,SELF_FORWARD,1,1.0
2025-01-12,bb7ac4bc6e5a7c039611de282708efbf7a36daadfba9957a75f5d109e7aad25c,ltc-2024-25,ltc,ltc1q75vtnrxte5a4dvpp3yaw5f50xzyysglvhwdj2v,48.77338016,5091.94,SELF_FORWARD,1,1.0
2025-01-07,f5bfc03e6cdd0f0ffd2fbf50fe751533e4ccb30b7786e0f2dc2df189f6d4f626,ltc-2024-25,ltc,ltc1qys6w4kzh0em985vxp2qglvjw4re420efndyuu3,13.64069183,1555.04,SELF_FORWARD,1,1.0
2025-01-07,f5bfc03e6cdd0f0ffd2fbf50fe751533e4ccb30b7786e0f2dc2df189f6d4f626,ltc-2024-25,ltc,MJTWYfyQZgd7ShGDtYL2iB48HrvUvRWYLs,20.0,2280.0,SELF_FORWARD,1,1.0
2024-12-27,ab87e40da0d939ae6e105307d31fe3f2d4442d4c6cf2ed3ccadb52be0fd81f23,ltc-2024-25,ltc,ltc1q63rrmwznmeavvmat6lq2sf82dsytyzvzg8xfrc,11.37837593,1163.33,SELF_FORWARD,1,1.0
2024-12-27,ab87e40da0d939ae6e105307d31fe3f2d4442d4c6cf2ed3ccadb52be0fd81f23,ltc-2024-25,ltc,LYaQTr1QDSXnmDdi38A13WXWDiyuWw9h7G,15.0,1533.6,MIXED_CUSTODIAL,49,0.668
2024-12-09,a21703e8af9e5c30fc4891fff16ce500fbd5bf3fc9b35e86aad900d8550fbe50,ltc-2024-25,ltc,ltc1qpetqtjg23c2m3lnf93jwfcd6cvlep4k0vcq6xq,33.3603502,4500.64,SELF_FORWARD,1,1.0
2024-12-07,964353e1ab470904860a1e61a16e10060f8af56ef29123628d2b724b9a5be57a,ltc-2024-25,ltc,LYaQTr1QDSXnmDdi38A13WXWDiyuWw9h7G,8.0,1087.52,MIXED_CUSTODIAL,49,0.668
2024-12-07,964353e1ab470904860a1e61a16e10060f8af56ef29123628d2b724b9a5be57a,ltc-2024-25,ltc,MN8oGtRtPxEBYKhk2bEjbHQaVXPexDpjxL,15.0,2039.1,SELF_FORWARD,1,1.0
2024-12-07,964353e1ab470904860a1e61a16e10060f8af56ef29123628d2b724b9a5be57a,ltc-2024-25,ltc,ltc1q2c9l32y8n03ctqgpw9yw5h2tv095kz2elk4cu6,21.49232327,2921.67,SELF_FORWARD,1,1.0
2024-10-31,7ba458de7a8bf6a7557b79090d3747ee8e9a526dc180565ab95870b849b37bf5,ltc-2024-25,ltc,ltc1qucye0x0hnsa3vq8q8z7d6zlzt376ay8j2v2q7h,26.41567329,1895.59,SELF_FORWARD,1,1.0
2025-02-15,c12402baf9d4b597bdb6edcdea1fa103998788578e6deb3fa15b8f06a7c6937f,ltc-2024-25,ltc,LeVXYdaeaX7Gtm8AXe87wc5U2uqiMQM4Cq,8.36635571,1044.96,MIXED_CUSTODIAL,31,0.826
2025-01-24,ffb84106ede1e5ab4d7bf71e3833c7646d0e3c7fd27edfa8d0bec6a17b2b80f3,ltc-2024-25,ltc,ML3QpVLAzV1RrcrWxx7PYUdGd5AFgGFZiF,22.74501724,2647.97,SELF_FORWARD,1,1.0
2024-12-26,251aaf8da2c04b96e0b08cf469057b1e0fc3ada3990aa19968d61f46edcfe566,ltc-2024-25,ltc,LYaQTr1QDSXnmDdi38A13WXWDiyuWw9h7G,15.0,1647.3,MIXED_CUSTODIAL,49,0.668
2024-12-26,251aaf8da2c04b96e0b08cf469057b1e0fc3ada3990aa19968d61f46edcfe566,ltc-2024-25,ltc,ltc1q96ltw3x2wacuaumky6ahksvg5kh9e4d938kerw,30.00859896,3295.54,SELF_FORWARD,1,1.0
2024-11-28,a69165698f8b3cd1ec332f5c6b5f6a448be7123679b0007aa01d7ed3d25c549d,ltc-2024-25,ltc,ltc1qhz6xuu6znrr44e9w0kfhz273m07fne78d0yv7v,66.19599282,6437.56,SELF_FORWARD,1,1.0
2024-11-20,d0d151c4dd01dfa1e8176e159119a40c02c556c7aeffd54a26a2dc98c1ae52a3,ltc-2024-25,ltc,LYaQTr1QDSXnmDdi38A13WXWDiyuWw9h7G,20.0,1733.4,MIXED_CUSTODIAL,49,0.668
2024-11-20,d0d151c4dd01dfa1e8176e159119a40c02c556c7aeffd54a26a2dc98c1ae52a3,ltc-2024-25,ltc,MVLAkqhWP1FkVJujeSEsE6dRCbwWg7nCih,27.36629047,2371.84,SELF_FORWARD,1,1.0
2024-11-15,f3ff84a7a572bade7d93af88b2be074663c8e0a411a5af1646ef05f7afbd59db,ltc-2024-25,ltc,LYaQTr1QDSXnmDdi38A13WXWDiyuWw9h7G,19.87259273,1636.91,MIXED_CUSTODIAL,49,0.668
2024-11-11,483be2634c30479bea5fd46671db74777093d39c53d6b40591dbf2f0eeea1f5b,ltc-2024-25,ltc,ltc1q8zyps9wa4jyhtxe47s3af3pzqsv3kgzqlhz2w8,46.20974117,3538.74,SELF_FORWARD,1,1.0
2024-10-23,63201c2d16bcbc1e053861e0bef4f501a19fa2b590fe4d9c139468361447ba64,ltc-2024-25,ltc,LYaQTr1QDSXnmDdi38A13WXWDiyuWw9h7G,22.4640669,1573.16,MIXED_CUSTODIAL,49,0.668
2024-12-02,9145baa8b8b866a7ef664dc8163f1f76dacb65b6f69d7fddd0e1e751e0e99a8a,ltc-2024-25,ltc,ltc1qy9yt8mzuq6cv3ksj9ln33hej892uw8z2wdfkcu,26.12293417,3123.52,SELF_FORWARD,1,1.0
2024-11-22,1b9b60b5f3059940b5f14b0fb672beb8fcf45b3e12fad7d54d38d07aa1eab38b,ltc-2024-25,ltc,MVt2TRa7HSkStTeYRxYPabeW8Zjp9dyQsC,25.44356249,2277.45,SELF_FORWARD,1,1.0
2024-11-19,897df7230d17f0159f365d0212493a5b2767bd251af4d098914e1773608727c9,ltc-2024-25,ltc,ltc1qwjtd36057s54dtmg9amhnhqar6n9wjgjeksy3v,17.63090695,1572.85,SELF_FORWARD,1,1.0
2024-11-04,59495314e82ab206c83ba1e13cdc43ca37f719f53b46592ed8103fa0560285d2,ltc-2024-25,ltc,ltc1q920jqqs0htkgfrafvexlwzgl2rang2txanjrms,21.44844613,1433.83,SELF_FORWARD,1,1.0
2024-10-27,7cc420cf630ba62282588ef101ae56436e908003c04a6c840dde61abdc5bae51,ltc-2024-25,ltc,ltc1qdxev39eusnsp85khe2atga9j8jtp8vpuxn6a20,40.74277364,2789.66,SELF_FORWARD,1,1.0
2025-03-19,d3f97c23a703de0a1af198fa2661fd4ec29c3a61c99cd5a55ce43958088edba6,ltc-2024-25,ltc,ltc1qv5n7q45ygvdnhlrxlrplgqzqdwjuegsuvr0rf0,13.06773853,1176.49,SELF_FORWARD,1,1.0
2025-03-19,d3f97c23a703de0a1af198fa2661fd4ec29c3a61c99cd5a55ce43958088edba6,ltc-2024-25,ltc,LeVXYdaeaX7Gtm8AXe87wc5U2uqiMQM4Cq,20.0,1800.6,MIXED_CUSTODIAL,31,0.826
2025-03-19,d3f97c23a703de0a1af198fa2661fd4ec29c3a61c99cd5a55ce43958088edba6,ltc-2024-25,ltc,MHHMPTRxAb7qXskh8efmXdBcXcFs5SvRCg,20.0,1800.6,SELF_FORWARD,1,1.0
2025-05-13,6517c86686193c78665856042082fd5ea7b525640a19770ed05138e575ebf939,ltc-2024-25,ltc,ltc1qjsz2z76q493q6fyuwhmjjc6ff3ds29a5eaz89s,17.0895374,1774.58,SELF_FORWARD,1,1.0
2025-05-11,c7926969956e7b9222eb0f3aa549580561e463164d5d4b74aa9864550137e7a1,ltc-2024-25,ltc,LcAmRWcoogxkJuEs6uW3ese4qDK4Wr9BNf,4.74665259,499.63,MIXED_CUSTODIAL,38,0.817
2025-05-11,c7926969956e7b9222eb0f3aa549580561e463164d5d4b74aa9864550137e7a1,ltc-2024-25,ltc,LeVXYdaeaX7Gtm8AXe87wc5U2uqiMQM4Cq,8.0,842.08,MIXED_CUSTODIAL,31,0.826
2025-05-10,b07f29b6a7705c0f783c2f3117b2b7c1481ca4bfe385287835ef76a128f2efa0,ltc-2024-25,ltc,LeVXYdaeaX7Gtm8AXe87wc5U2uqiMQM4Cq,9.70120294,975.16,MIXED_CUSTODIAL,31,0.826
2025-05-10,b07f29b6a7705c0f783c2f3117b2b7c1481ca4bfe385287835ef76a128f2efa0,ltc-2024-25,ltc,ltc1q2zvq3xuytm38tpucrz9hqk8yq89y9q586vp72a,16.61846541,1670.49,SELF_FORWARD,1,1.0
2025-04-27,1a2132bb684efb167a328df2f3f6c74b4c72c6069ba182fc1a45cb8c63ac0a11,ltc-2024-25,ltc,LeVXYdaeaX7Gtm8AXe87wc5U2uqiMQM4Cq,11.0,957.66,MIXED_CUSTODIAL,31,0.826
2025-04-27,1a2132bb684efb167a328df2f3f6c74b4c72c6069ba182fc1a45cb8c63ac0a11,ltc-2024-25,ltc,ltc1qatxa85dxmyk6pg7pkzq05mhd8kzt3p4jtttsx0,18.49122944,1609.85,SELF_FORWARD,1,1.0
2025-04-10,07a269e87d571d50bf164006e0972dd69534414830b4220d5da085096c6acbc7,ltc-2024-25,ltc,ltc1qpyyy6s5zy96kdvx4apmek9ew9cqlq8gdl54qlz,50.37099782,3829.71,SELF_FORWARD,1,1.0
2025-02-09,cd1adf1a275520078b3b5476c1feacd5c8b594841bf50ac52d985ef4fb33f4a5,ltc-2024-25,ltc,ltc1qrw9pmpfxy3g4fqndf66nya2kzy29xhsx5rphc9,38.52040412,4032.7,SELF_FORWARD,1,1.0
2025-02-06,52edc0c372e83c2ea500b15d3467cea7a8f2cad88b01ef961c4a4b6968488c7c,ltc-2024-25,ltc,ltc1q0qemnjhmyfvrmen8qdygag6ydntfpepf8p2jah,24.36145318,2518.49,SELF_FORWARD,1,1.0
2024-11-23,cef6c0d154e4004eef6e8fb4ffdf2ec0f21fb62a9e4f32569bae1da59a6ec0be,ltc-2024-25,ltc,ltc1qwajpankn8v8a29a9uf4x9etrgu78ekpnyc3ny6,16.55861072,1526.7,SELF_FORWARD,1,1.0
2024-11-10,5f3967b38e796af7672b48a3e8f50738b978c7253528a48215d374d62d436938,ltc-2024-25,ltc,MCvWRiddzzWTYjxq4ELGtx9Yh3S3Ah5FGf,35.30384299,2611.78,SELF_FORWARD,1,1.0
2024-12-12,d4c7f97a0a0ebae48fd46a36c3fa3144417f52046280f72401b166ec348a36cc,ltc-2024-25,ltc,MVpX1AnAsa6HAE8z9ywW22kSMsFzUgijnS,21.02322193,2466.02,SELF_FORWARD,1,1.0
2024-12-05,6d8ec054d44b1b5990c0b8ffa54599cb27a42988a4830ddf76a4782ae845490a,ltc-2024-25,ltc,LYaQTr1QDSXnmDdi38A13WXWDiyuWw9h7G,8.0,1069.52,MIXED_CUSTODIAL,49,0.668
2024-12-05,6d8ec054d44b1b5990c0b8ffa54599cb27a42988a4830ddf76a4782ae845490a,ltc-2024-25,ltc,ltc1qxls4fe4htckra5myhcwera3k08dkkm3zpwskrr,9.39937738,1256.6,SELF_FORWARD,1,1.0
2024-11-25,adbbd9150bfecc0780a5cb5424d8f43c6d7f79f55f272563a54d527dbe03e8f8,ltc-2024-25,ltc,LYaQTr1QDSXnmDdi38A13WXWDiyuWw9h7G,19.01349557,1842.79,MIXED_CUSTODIAL,49,0.668
2024-10-15,9bce4fb21530683fe072d5ce3fcce2637ff01aef01b36e58b29ecbf5664f1cd2,ltc-2024-25,ltc,MDxyyA7VNzDsu1oFvBkLazGfTe4sPKMqCZ,46.53722445,3110.55,SELF_FORWARD,1,1.0
2025-04-12,5c40ba1228dd31cf45ed4dc02d2faa94061374cb1d63f982ec8a5761ddc118bf,ltc-2024-25,ltc,MRfq7rsDfXtgDka4BXAX6wVBdx75V1pQBN,20.0,1523.8,SELF_FORWARD,1,1.0
2025-04-12,5c40ba1228dd31cf45ed4dc02d2faa94061374cb1d63f982ec8a5761ddc118bf,ltc-2024-25,ltc,ltc1q30nanjhg69j8wc642xsf28n8hzd2kpaf99yxkj,38.60646752,2941.43,SELF_FORWARD,1,1.0
2025-03-06,092a144f2ca9f3801152739a74d0d28829d1d8b654ec4cdd61a52b753af96b3c,ltc-2024-25,ltc,LgZGiNoBd1tLwoNg2VjfU7vjFHqHdS6jis,15.0,1570.95,MIXED_CUSTODIAL,39,0.737
2025-03-06,092a144f2ca9f3801152739a74d0d28829d1d8b654ec4cdd61a52b753af96b3c,ltc-2024-25,ltc,LeVXYdaeaX7Gtm8AXe87wc5U2uqiMQM4Cq,17.02945953,1783.5,MIXED_CUSTODIAL,31,0.826
2025-03-06,092a144f2ca9f3801152739a74d0d28829d1d8b654ec4cdd61a52b753af96b3c,ltc-2024-25,ltc,MMKMurDiCRKhxgn2gPLmeQ5MhkN8bWiZbo,20.0,2094.6,SELF_FORWARD,1,1.0
2025-03-04,79bc17888a8fd4d454e5ea1aff585b0af76ca9e8a736569b7c9ca6ee8d2df466,ltc-2024-25,ltc,LeVXYdaeaX7Gtm8AXe87wc5U2uqiMQM4Cq,14.46421732,1589.62,MIXED_CUSTODIAL,31,0.826
2025-03-04,79bc17888a8fd4d454e5ea1aff585b0af76ca9e8a736569b7c9ca6ee8d2df466,ltc-2024-25,ltc,M9XviHubt8DBxmz4bX1B96tkQiafF9Vqk6,15.0,1648.5,SELF_FORWARD,1,1.0
2025-02-12,e146484bc26f0b09f31383f6746820f579e334a3bf477b94829db49de9193181,ltc-2024-25,ltc,LgZGiNoBd1tLwoNg2VjfU7vjFHqHdS6jis,9.0,1073.34,MIXED_CUSTODIAL,39,0.737
2025-02-12,e146484bc26f0b09f31383f6746820f579e334a3bf477b94829db49de9193181,ltc-2024-25,ltc,ltc1qcj0se94ernt4t487f4lulm4mytc99v7zal6zun,15.08106377,1798.57,SELF_FORWARD,1,1.0
2025-01-13,493ff3105e603a5a8ec304a5bf47753e34f95b0215ee17d2044c45ae0a10404e,ltc-2024-25,ltc,LYaQTr1QDSXnmDdi38A13WXWDiyuWw9h7G,13.0,1330.55,MIXED_CUSTODIAL,49,0.668
2025-01-13,493ff3105e603a5a8ec304a5bf47753e34f95b0215ee17d2044c45ae0a10404e,ltc-2024-25,ltc,M8WiYy3AsEwTjrQSirpWcEZtdtejRLVK1s,18.36304981,1879.46,SELF_FORWARD,1,1.0
2025-01-10,db35d3a5999126ef0e8b791bf3db25574c12aca65d049182f9aef0e6fee4ff7b,ltc-2024-25,ltc,LYaQTr1QDSXnmDdi38A13WXWDiyuWw9h7G,15.0,1533.45,MIXED_CUSTODIAL,49,0.668
2025-01-10,db35d3a5999126ef0e8b791bf3db25574c12aca65d049182f9aef0e6fee4ff7b,ltc-2024-25,ltc,MBtESaBcrLYK2n6ALJ911wDBHRCP3owQqF,17.68013507,1807.44,SELF_FORWARD,1,1.0
2025-02-12,c67b3b329e180e4ca29a4fb36d5212fab706d680e49ca0a0fb8caffc610c3466,ltc-2024-25,ltc,LgZGiNoBd1tLwoNg2VjfU7vjFHqHdS6jis,11.6986219,1395.18,MIXED_CUSTODIAL,39,0.737
2025-02-07,ad5a64207924d8c6e9e27bf01c93975abba65856b4a106124f7806000df5b04a,ltc-2024-25,ltc,MRQvYk2c7SkrpQQvuxXjG93dWavjJmuNLC,18.49045062,1879.74,SELF_FORWARD,1,1.0
2024-12-24,d1361b2d905c1e9df79534dd3138183b0e2fc7d897ac02221c4059d7969fe89e,ltc-2024-25,ltc,MAKWhz6WqUYXL7q3MYPhM6NzGTGJv5itpM,25.33243132,2704.49,SELF_FORWARD,1,1.0
2024-12-14,acf55738e26fcb129bd190edd9f5941cd1ed51a505e07653fdead2d64e6c01c0,ltc-2024-25,ltc,MQLRVi3YSwXW8FscNd4x3bZdrhfKkwZqBR,24.60068103,3063.28,SELF_FORWARD,1,1.0
2024-12-11,efc37b7a01f71438d3155b8a5b09ddab64c358397e71d0146851cc023b4ddd95,ltc-2024-25,ltc,LYaQTr1QDSXnmDdi38A13WXWDiyuWw9h7G,9.0,988.11,MIXED_CUSTODIAL,49,0.668
2024-12-11,efc37b7a01f71438d3155b8a5b09ddab64c358397e71d0146851cc023b4ddd95,ltc-2024-25,ltc,ltc1q8ktk2775dpr9krsq500tzasa0h0ka5zzu9m2mf,23.0582307,2531.56,SELF_FORWARD,1,1.0
2024-11-26,bcdad53fadc07c0892a9942c8108343da84ddb14423501dc7036bc801c1885bb,ltc-2024-25,ltc,ltc1qq7mk25meg48zzw9ug2qhwhf6qzk74uhhtes7ua,11.91267526,1098.71,SELF_FORWARD,1,1.0
2025-02-11,85ddce50e91b2142e52cdfa2c99dfe689f1631f352dcc9c60232611ad37388b6,ltc-2024-25,ltc,MS2GK7aBB6Cdc3hyxo8YUwjdFqn8N5Ca25,14.43822565,1735.62,SELF_FORWARD,1,1.0
2025-01-23,bda9f9d99377b15847de8a7d43b7865570f252f45f9cea3f43973b2b792c551a,ltc-2024-25,ltc,LgZGiNoBd1tLwoNg2VjfU7vjFHqHdS6jis,10.0,1153.8,MIXED_CUSTODIAL,39,0.737
2025-01-23,bda9f9d99377b15847de8a7d43b7865570f252f45f9cea3f43973b2b792c551a,ltc-2024-25,ltc,ltc1qxzvepz0ln078sy56a2gmreucyajeahm3fpmmy9,12.95471881,1494.72,SELF_FORWARD,1,1.0
2025-05-06,1dd3e35023e975f4f56f7245841b68c3255caf4324421013f56c72bb7cc7f917,ltc-2024-25,ltc,LgZGiNoBd1tLwoNg2VjfU7vjFHqHdS6jis,5.74697276,478.44,MIXED_CUSTODIAL,39,0.737
2025-05-06,1dd3e35023e975f4f56f7245841b68c3255caf4324421013f56c72bb7cc7f917,ltc-2024-25,ltc,MD82jCcALzYd8gXEHBmAhikpJNGqwtb1pk,19.0,1581.75,SELF_FORWARD,1,1.0
2025-04-19,a3e3e84016517aaee0ce1acca99267d6df7d705e8d5736ee16f41e27dbb43dea,ltc-2024-25,ltc,ltc1q9a0xesam65vdlfpfmw6zhfr2dz4x5cwnj7net7,23.27104254,1768.6,SELF_FORWARD,1,1.0
2025-04-19,a3e3e84016517aaee0ce1acca99267d6df7d705e8d5736ee16f41e27dbb43dea,ltc-2024-25,ltc,MKSUm9ozvPw9LP1A5rfyQXEVPkNH5GxtCp,25.0,1900.0,SELF_FORWARD,1,1.0
2025-04-19,a3e3e84016517aaee0ce1acca99267d6df7d705e8d5736ee16f41e27dbb43dea,ltc-2024-25,ltc,LeVXYdaeaX7Gtm8AXe87wc5U2uqiMQM4Cq,30.0,2280.0,MIXED_CUSTODIAL,31,0.826
2025-04-15,dd0b3ce14bda2a2925367a7fe775a37863c55dd0db0acf9fad944cc0657efb5b,ltc-2024-25,ltc,LeVXYdaeaX7Gtm8AXe87wc5U2uqiMQM4Cq,30.83878978,2380.45,MIXED_CUSTODIAL,31,0.826
2025-03-24,a691d0c9eb5fdf0d2b6eae3596165ab83cb60006e52ce20637d390fa68a03332,ltc-2024-25,ltc,ltc1qc67uejrahhgyqz4dc2kzv4eutam9atkxsj4h90,29.39451184,2689.01,SELF_FORWARD,1,1.0
2025-03-12,6a0859a9baccf6752c00618983f08aa522be244493795550dd9474abb368fc0b,ltc-2024-25,ltc,MWdR8ugMv1EETcaKPWtkMzXzNJTqLbvRV6,25.29232637,2287.69,SELF_FORWARD,1,1.0
2025-02-24,af634147a6e038775ea8726789d7597a2e7c88d1195be53c4ac5f42877641b75,ltc-2024-25,ltc,LeVXYdaeaX7Gtm8AXe87wc5U2uqiMQM4Cq,14.42182037,1872.82,MIXED_CUSTODIAL,31,0.826
2025-02-17,a910ab1da18c706be73008e85302b4908cdc4719871bb7d0f6866581899da1e9,ltc-2024-25,ltc,LgZGiNoBd1tLwoNg2VjfU7vjFHqHdS6jis,9.0,1131.48,MIXED_CUSTODIAL,39,0.737
2025-02-17,a910ab1da18c706be73008e85302b4908cdc4719871bb7d0f6866581899da1e9,ltc-2024-25,ltc,ltc1qyjuzmvw89s9tvj6tlw9965qe2narwy2ja7dch6,9.74648623,1225.33,SELF_FORWARD,1,1.0
2025-02-14,4c1484897d39a75afaaa80dddcc831af9a163168ae66df56bb48331f70541a0a,ltc-2024-25,ltc,ltc1qn8p8nk539rdjyjyeph3qwt0u2v7wnk8pj4r67j,37.44509526,4741.3,SELF_FORWARD,1,1.0
2025-02-10,08878b8e6a4c8b93940194eab200f27279d23c74ff399a235a5628efd667a234,ltc-2024-25,ltc,MKXduEcYkW2yNhZ2aCNMPU2dWMZRxfXVa7,15.41449006,1652.43,SELF_FORWARD,1,1.0
2025-02-05,83e6078af0864be754c957c9ee11421be19f367444c5de328067764549d6b73d,ltc-2024-25,ltc,MCoU863747eKRwhma8hUucyEgV3nWRGiP4,23.06040922,2330.95,SELF_FORWARD,1,1.0
2025-01-29,47b39edaf331ba4d9182e1cd0105d2fa745799f6de976de08c04189aa2e9a053,ltc-2024-25,ltc,MH2vyHSbuLoPy96euzYyMB69p2QMEPzrdt,20.9805173,2306.18,SELF_FORWARD,1,1.0
2025-01-17,066c94eb5fa73a261f10bdec91ac68f0fe97631d61a565eb3f4b51e26b2a53d5,ltc-2024-25,ltc,LYaQTr1QDSXnmDdi38A13WXWDiyuWw9h7G,10.0,1244.4,MIXED_CUSTODIAL,49,0.668
2025-01-17,066c94eb5fa73a261f10bdec91ac68f0fe97631d61a565eb3f4b51e26b2a53d5,ltc-2024-25,ltc,ltc1qyj748l86t7m3x2k3lxva77kv5z77yajgmv8pjs,11.53030505,1434.83,SELF_FORWARD,1,1.0
2024-12-16,5653d747d2b7facdb0085461ee88cc46c2549d44de72122d522e38344898c22f,ltc-2024-25,ltc,LYaQTr1QDSXnmDdi38A13WXWDiyuWw9h7G,9.0,1090.17,MIXED_CUSTODIAL,49,0.668
2024-12-16,5653d747d2b7facdb0085461ee88cc46c2549d44de72122d522e38344898c22f,ltc-2024-25,ltc,ltc1qd2wlfx4gnuwwdngt2vjty4w260ymwed8cfr8h4,13.49821042,1635.04,SELF_FORWARD,1,1.0
2024-12-15,120abc59e77b0421ba93767bed23007a393510615506c83875f44c520357e88e,ltc-2024-25,ltc,LYaQTr1QDSXnmDdi38A13WXWDiyuWw9h7G,9.0,1064.07,MIXED_CUSTODIAL,49,0.668
2024-12-15,120abc59e77b0421ba93767bed23007a393510615506c83875f44c520357e88e,ltc-2024-25,ltc,ltc1q68flnet40etnx8xuctsmda2rzevvt6ffmdvfrm,9.13529169,1080.07,SELF_FORWARD,1,1.0
2024-12-13,02c9e51f36e7c732abdf2b7afd8e148ff0242975ab6ba52d5650a230eda386f4,ltc-2024-25,ltc,ltc1qhauqnw8hxz5l2jd59wt8j5shjt8t26k8qe0jta,24.19356088,2884.6,SELF_FORWARD,1,1.0
2024-10-17,6ea7010ee15501eb1ee02474fbbf0063de0ce4911c84e1cc46b74bc2f3d8a983,ltc-2024-25,ltc,LYaQTr1QDSXnmDdi38A13WXWDiyuWw9h7G,30.78708449,2157.56,MIXED_CUSTODIAL,49,0.668
2025-02-26,a9222dbc37a08fe0e42fe3a1e5236db55795f921cbdc0d45f9f8104cddc9c82a,ltc-2024-25,ltc,LgZGiNoBd1tLwoNg2VjfU7vjFHqHdS6jis,8.0,916.4,MIXED_CUSTODIAL,39,0.737
2025-02-26,a9222dbc37a08fe0e42fe3a1e5236db55795f921cbdc0d45f9f8104cddc9c82a,ltc-2024-25,ltc,ltc1q9nfvcv5kf65rh6m006635fzcypycv80j974j8v,17.20851272,1971.24,SELF_FORWARD,1,1.0
2025-03-14,442631e816f541651f37323608dde3df36825c801f92ff1e2edfdf553f48895d,ltc-2024-25,ltc,LgZGiNoBd1tLwoNg2VjfU7vjFHqHdS6jis,10.0,880.9,MIXED_CUSTODIAL,39,0.737
2025-03-14,442631e816f541651f37323608dde3df36825c801f92ff1e2edfdf553f48895d,ltc-2024-25,ltc,ltc1qfac35tmeackwsu2vqxf4r3f7d9stjy3xnfwhh8,30.48049742,2685.03,MIXED_CUSTODIAL,1,0.5
2025-02-25,7a0292c09b0f6135828b76cd4be38692abd104f50ac6c609441bd044e472a708,ltc-2024-25,ltc,MLTMMYeac8vQmpmoPkHABozZVg2g5R4V3u,17.21625557,1976.08,SELF_FORWARD,1,1.0
2025-02-21,9162d39287ac12432f4f5992179e93af6f5f6d00916a010b95e575416845a0ac,ltc-2024-25,ltc,LgZGiNoBd1tLwoNg2VjfU7vjFHqHdS6jis,7.02069195,918.45,MIXED_CUSTODIAL,39,0.737
2025-02-21,9162d39287ac12432f4f5992179e93af6f5f6d00916a010b95e575416845a0ac,ltc-2024-25,ltc,M8TNDSo6k3f7ftTQ9GdVvgPgCiYtqrVPVu,12.0,1569.84,SELF_FORWARD,1,1.0
2025-02-16,30189e55e7cba3506c8942f7bb0198c4dc521414606c1a75f423e49ac0e872d6,ltc-2024-25,ltc,LeVXYdaeaX7Gtm8AXe87wc5U2uqiMQM4Cq,9.36084419,1253.04,MIXED_CUSTODIAL,31,0.826
2025-04-29,80205406c5cde2235cc781cf5f0ffa393d61bf03d3b84198213d757e61105772,ltc-2024-25,ltc,LgZGiNoBd1tLwoNg2VjfU7vjFHqHdS6jis,12.09474115,1036.16,MIXED_CUSTODIAL,39,0.737
2025-05-02,ed5dff4811d976319f7f956d2396a6a3673de77d862d02a8362fa3c26f9806fb,ltc-2024-25,ltc,LeVXYdaeaX7Gtm8AXe87wc5U2uqiMQM4Cq,11.39081899,1012.07,MIXED_CUSTODIAL,31,0.826
2025-05-02,ed5dff4811d976319f7f956d2396a6a3673de77d862d02a8362fa3c26f9806fb,ltc-2024-25,ltc,ltc1q66ehlgpfm8jgc76ew4ar377l9j75xze7l7u8cu,29.79069906,2646.9,SELF_FORWARD,1,1.0
2025-01-28,0440665f0857ca44141820fec45dd84ec02c81ea12a92e1c1d528eeae2d444bf,ltc-2024-25,ltc,LgZGiNoBd1tLwoNg2VjfU7vjFHqHdS6jis,10.0,1150.5,MIXED_CUSTODIAL,39,0.737
2025-01-28,0440665f0857ca44141820fec45dd84ec02c81ea12a92e1c1d528eeae2d444bf,ltc-2024-25,ltc,ltc1q4n2xz87lzta3m3jkmzs4qr9xhsc63tz8q4gm76,24.25760525,2790.84,SELF_FORWARD,1,1.0
2025-01-15,318ce1ff5d47acefd391d787392afa7041ea0688814ff873e59eed3b2c8c3822,ltc-2024-25,ltc,ltc1qsvj2hfenhhkfshagny2az4xxkf426ylytw7jjf,32.81122149,3361.51,SELF_FORWARD,1,1.0
2025-04-13,68db811d4fe23c509108a0c3e9cb1af017106b15684fbaeae7ecfbc9a2433f7e,ltc-2024-25,ltc,LgZGiNoBd1tLwoNg2VjfU7vjFHqHdS6jis,13.45385538,1057.88,MIXED_CUSTODIAL,39,0.737
2025-04-13,68db811d4fe23c509108a0c3e9cb1af017106b15684fbaeae7ecfbc9a2433f7e,ltc-2024-25,ltc,MFiMtEFuiN4w28cxeZKGoRisz1SjrxdJvL,22.0,1729.86,SELF_FORWARD,1,1.0
2025-03-17,11da4ad5f1ae6ee9eeff7049f8f51571443dbe6611c4d13e540c10db9e9a3c27,ltc-2024-25,ltc,LgZGiNoBd1tLwoNg2VjfU7vjFHqHdS6jis,16.9130129,1525.89,MIXED_CUSTODIAL,39,0.737
2025-03-17,11da4ad5f1ae6ee9eeff7049f8f51571443dbe6611c4d13e540c10db9e9a3c27,ltc-2024-25,ltc,MQazTXWzBVuajJTiP8gVx4F2opMMxams9w,20.0,1804.4,SELF_FORWARD,1,1.0
2025-03-15,0d3f939e32e63cc5887f47dc4bf11c5a9e27e67875f2ac36d802fffaf13ccd1e,ltc-2024-25,ltc,ltc1qec6990lkc9e3z0rt8r5yza63y37q2ptwvxxkz4,21.62838121,1975.1,MIXED_CUSTODIAL,1,0.5
2025-02-07,b76cf0728f0224b15e78fb35cf9db4f06c28341b8c47442982dd739fec1f985e,ltc-2024-25,ltc,LgZGiNoBd1tLwoNg2VjfU7vjFHqHdS6jis,17.47908898,1776.92,MIXED_CUSTODIAL,39,0.737
2024-11-02,98d30b22578b64103da880bb1b5b165e4c929d799f99f9105423de02fe150203,ltc-2024-25,ltc,ltc1qrluwymhspj7rensfs9tl22j6xj53pcw2pvh43j,33.00922605,2319.56,SELF_FORWARD,1,1.0
2025-04-02,a7796bbbadc5440e3df70f3cf3a55c3023300827f498a05ed0e5323349c2756a,ltc-2024-25,ltc,LeVXYdaeaX7Gtm8AXe87wc5U2uqiMQM4Cq,21.04650861,1778.01,MIXED_CUSTODIAL,31,0.826
2025-04-21,4b6e8c8a7899e2f345d5eeb4ee5c0e144c9f69ee94eeb25c42320e08f4094fec,ltc-2024-25,ltc,MFiPwoip6rjokVhm14K3zBcwA1g23HyVrH,25.0,1945.0,SELF_FORWARD,1,1.0
2025-04-21,4b6e8c8a7899e2f345d5eeb4ee5c0e144c9f69ee94eeb25c42320e08f4094fec,ltc-2024-25,ltc,ltc1q5d092a0tjn8tcawlcnqqyljm75g7pu4q9nel7x,27.86430024,2167.84,SELF_FORWARD,1,1.0
2025-04-05,4f896eda2f1403bbfff5e6cb747d63d563c240ac3607fb42f20c7f0eeee3dc00,ltc-2024-25,ltc,LeVXYdaeaX7Gtm8AXe87wc5U2uqiMQM4Cq,9.10755178,768.77,MIXED_CUSTODIAL,31,0.826
2025-04-05,4f896eda2f1403bbfff5e6cb747d63d563c240ac3607fb42f20c7f0eeee3dc00,ltc-2024-25,ltc,ML7eyAAMBujpBJcL7b2ata9V7TZbuwuse6,20.0,1688.2,SELF_FORWARD,1,1.0
2025-04-28,ac6852ba142d442798fe1fc287618e4a05f44f960280e2713e0229541ae04350,ltc-2024-25,ltc,LeVXYdaeaX7Gtm8AXe87wc5U2uqiMQM4Cq,10.67059563,911.06,MIXED_CUSTODIAL,31,0.826
2025-04-28,ac6852ba142d442798fe1fc287618e4a05f44f960280e2713e0229541ae04350,ltc-2024-25,ltc,M9Nuq5hTeeNC1BikBTGVABPftKqnNSrqcs,20.0,1707.6,SELF_FORWARD,1,1.0
2024-12-10,4bb07d02a0b47eb9dd45507a505fb097a6b3600cf58546d6e6c2a294e2471cdd,ltc-2024-25,ltc,ltc1q3ca8vdlttysmhrfcupjw7h4mp30462qumaq94n,32.05999727,3540.39,SELF_FORWARD,1,1.0
2025-03-14,8ef1da045a858e3f98dc727d5f6b0d983d4190a0f3caa4258e6351d6e2e3d380,ltc-2024-25,ltc,ltc1qp8pdjvttuzfjse8v8hhrj352a5wnuqw3w34tgu,10.01078305,881.85,SELF_FORWARD,1,1.0
2025-01-30,de880aee6592ecd16218fd2bc272e84ef55898c0fc6140f1df8f315f99384076,ltc-2024-25,ltc,LgZGiNoBd1tLwoNg2VjfU7vjFHqHdS6jis,14.57246457,1688.95,MIXED_CUSTODIAL,39,0.737
2025-04-03,8d88ea55646814e2e5e09580485bb44e0b68f63e02a38fae8b0375d8114c7887,ltc-2024-25,ltc,MFrJEB4UBAQrCTgGAzkYSbxswNdF1RHHzj,20.0,1630.6,SELF_FORWARD,1,1.0
2025-04-03,8d88ea55646814e2e5e09580485bb44e0b68f63e02a38fae8b0375d8114c7887,ltc-2024-25,ltc,ltc1qvrlw7hwu56juek7pctuw0ln4eugsww05rptgna,21.52548971,1754.97,SELF_FORWARD,1,1.0
2025-01-25,29be5bd63a2e4e2818be29612a9df057a0a7e4196233448b86861d2c79560b63,ltc-2024-25,ltc,LgZGiNoBd1tLwoNg2VjfU7vjFHqHdS6jis,10.0,1187.1,MIXED_CUSTODIAL,39,0.737
2025-01-25,29be5bd63a2e4e2818be29612a9df057a0a7e4196233448b86861d2c79560b63,ltc-2024-25,ltc,MK4az65JWMkQrnq53QZ7QfRXEpiao4crNW,18.13997583,2153.4,SELF_FORWARD,1,1.0
2026-09-06,7f20f49f812885fff68a0d4f8e265179c43495fee25ab8c94a795d0d04df72e8,ltc-2024-25,ltc,ltc1q7q93feq06eyl3cgd6vq6e6m5j50jh4eaq5vuju,1.11004671,60.72,SELF_SWEEP,1,1.0
2025-05-04,be32b2827d3893f3b7097d59e231987b884fe6c343ecc0fd34543a774dde6a57,ltc-2024-25,ltc,MQDNYpp4dNwSGis9AiKRBZhALy2AaPjaf9,19.28891412,1669.46,SELF_FORWARD,1,1.0
2025-05-03,f53094fa9cd5522cb963f891e34ddbc35232e967901f4363d87ec5e5b86cd6a7,ltc-2024-25,ltc,LgZGiNoBd1tLwoNg2VjfU7vjFHqHdS6jis,5.81883803,511.82,MIXED_CUSTODIAL,39,0.737
2025-05-03,f53094fa9cd5522cb963f891e34ddbc35232e967901f4363d87ec5e5b86cd6a7,ltc-2024-25,ltc,MGXzzYohDPRxpVr9RsUfhUtRzhzv2T4FGC,18.5,1627.26,SELF_FORWARD,1,1.0
2025-02-05,0d5d1b3acce5e0b5334613caea69d7348c2ee4e06b1b47b1af470a078010e5a2,ltc-2024-25,ltc,LgZGiNoBd1tLwoNg2VjfU7vjFHqHdS6jis,10.79054574,1090.71,MIXED_CUSTODIAL,39,0.737
2025-01-08,c2f078a658eb04076e7c1eeb06b340b342304e6cc7a8fee502f2eb60a44a6ea0,ltc-2024-25,ltc,ltc1q335gvlrtxvhk2etwhpyn67lnks3racz83fuudc,30.61808653,3144.78,SELF_FORWARD,1,1.0
2025-03-27,9a8d26449101c1e15389d94cf20bec39797322fcbe933138dd460fa651b8f2cd,ltc-2024-25,ltc,LgZGiNoBd1tLwoNg2VjfU7vjFHqHdS6jis,12.98279779,1199.87,MIXED_CUSTODIAL,39,0.737
2025-03-27,9a8d26449101c1e15389d94cf20bec39797322fcbe933138dd460fa651b8f2cd,ltc-2024-25,ltc,ltc1qfc5d9uk4jv3uhlss4dsh5ydanvvwlmxw9qvks0,14.41785753,1332.5,SELF_FORWARD,1,1.0
2025-03-22,084d29b3eb76a1c521860dae9df4220eed8e59d2486e7a444e8e0ceb58b009f6,ltc-2024-25,ltc,LeVXYdaeaX7Gtm8AXe87wc5U2uqiMQM4Cq,15.97439178,1450.95,MIXED_CUSTODIAL,31,0.826
2025-05-05,b5a7477220f41f4816f8d5e9eac03a80a44cf2d199717c639fa39409e7785cea,ltc-2024-25,ltc,LeVXYdaeaX7Gtm8AXe87wc5U2uqiMQM4Cq,12.80178611,1088.79,MIXED_CUSTODIAL,31,0.826
2025-03-23,3632fd86847d86fbf4d207375c652f923f0845e7ce78fabd9f1a18bfe3b5aaf5,ltc-2024-25,ltc,LgZGiNoBd1tLwoNg2VjfU7vjFHqHdS6jis,11.73946161,1072.63,MIXED_CUSTODIAL,39,0.737
2025-03-23,3632fd86847d86fbf4d207375c652f923f0845e7ce78fabd9f1a18bfe3b5aaf5,ltc-2024-25,ltc,M8wBB6KZBxJZ4K1SCtpmD686t971YEHDcp,20.0,1827.4,SELF_FORWARD,1,1.0
2025-02-26,61365769610aa4f2133a646c778df9b9e94567d1b9af807795e9514fadf36501,ltc-2024-25,ltc,ltc1qrum4aq2fra76mktuw447p5e3dks5yurc39rv72,7.31903665,838.4,SELF_FORWARD,1,1.0
2025-04-25,fd049bd30e6329ef5102b67f15335ad31c89aca9393d6c9d8306f9a9375be591,ltc-2024-25,ltc,ltc1qejem5jdw775x296kcsgxjx7lahvxe9gnt4mde3,7.90670029,666.53,SELF_FORWARD,1,1.0
2025-04-25,fd049bd30e6329ef5102b67f15335ad31c89aca9393d6c9d8306f9a9375be591,ltc-2024-25,ltc,LgZGiNoBd1tLwoNg2VjfU7vjFHqHdS6jis,10.0,843.0,MIXED_CUSTODIAL,39,0.737
2025-02-16,26fa64066025dc1f6ccd5cd144dfd2e9063c7b910fa1bec7d8481c8cfbb38368,ltc-2024-25,ltc,LeVXYdaeaX7Gtm8AXe87wc5U2uqiMQM4Cq,12.19430261,1632.33,MIXED_CUSTODIAL,31,0.826
2025-05-13,c841007423e6388dbca0042199fc19d7d1b39722915e4b3e16a018841feb3ef2,ltc-2024-25,ltc,ltc1q4a04qrl863jr568qanj3yuzhmv2y7vatxt6czx,2.96395073,307.78,SELF_FORWARD,2,1.0
2025-03-25,e48a7f11b311cb136d88971c5a44a0f4fa4e408325840ba1d67287cf233d7e41,ltc-2024-25,ltc,LgZGiNoBd1tLwoNg2VjfU7vjFHqHdS6jis,8.0,750.16,MIXED_CUSTODIAL,39,0.737
2025-03-25,e48a7f11b311cb136d88971c5a44a0f4fa4e408325840ba1d67287cf233d7e41,ltc-2024-25,ltc,MTdGRDmDvd8fhdDwdruhc5tva93VYPLhuL,19.05635506,1786.91,SELF_FORWARD,1,1.0
2025-05-13,5c95dc6ea107dc18945bbde1a135e5877cba76a27216ae8b7dd3752a6315dfdd,ltc-2024-25,ltc,ltc1q4a04qrl863jr568qanj3yuzhmv2y7vatxt6czx,0.89518174,92.96,SELF_FORWARD,2,1.0
2025-04-04,bfe55f53122ca459a33f6d26911eced1e1b054764d233f7411a924d3ac410ab8,ltc-2024-25,ltc,LgZGiNoBd1tLwoNg2VjfU7vjFHqHdS6jis,13.90561071,1160.42,MIXED_CUSTODIAL,39,0.737
2024-11-14,b3c83e687d32c578d6882a7db2764a87380cf29fdc6c0b71bff8a904f868a478,ltc-2024-25,ltc,LeSVbA96uaS5GirNSoFz9bcR6ubV19AuJD,1.55532734,117.27,SELF_FORWARD,1,1.0
2025-01-05,db9d94b03eb79ff7658621eebfdbf1eaf1a643f1900f0208790721e7bb65be01,ltc-2024-25,ltc,LhdLhdkAdpE4R7a3YueaEjmNyvCcMTYH1Y,0.4989424,55.49,SELF_SWEEP,1,1.0
2025-01-14,84f44f073797f8246378e90cc35e88ac069f31483435b429f6669959b89b9de9,ltc-2024-25,ltc,ltc1qsndf04qnxdun4ckxzq35xkeg3hhywlpplkqskm,1.0297223,101.3,SELF_FORWARD,1,1.0
2025-02-23,e8eac34de37ae122583314bfa2083765581493f028df9ce4844df571ab5d897b,ltc-2024-25,ltc,ltc1qhdwfh2qsv4plge63lus33vjz3vry7elq7yp7ha,0.09936222,12.51,SELF_FORWARD,1,1.0
2025-05-31,90dedea101037d8a35a97500479bb7ae9d878b3bde9225698c486f211e53cdf9,ltc-2025,ltc,LcAmRWcoogxkJuEs6uW3ese4qDK4Wr9BNf,5.8,496.71,MIXED_CUSTODIAL,38,0.817
2025-05-31,90dedea101037d8a35a97500479bb7ae9d878b3bde9225698c486f211e53cdf9,ltc-2025,ltc,LcjxhoDh5PZUem6bamadLgA79VrXMuj8NT,11.43902997,979.64,MIXED_CUSTODIAL,24,0.642
2025-05-31,90dedea101037d8a35a97500479bb7ae9d878b3bde9225698c486f211e53cdf9,ltc-2025,ltc,ltc1q6juuexsjdvmveqdq9pk94lwyzgwrz3m6w05gxe,19.96106744,1709.47,SELF_FORWARD,1,1.0
2025-05-15,6bde751fff7c297d120dc44465bf335d28a2b8ccfa4c93c7bc77fe0d3f5503ae,ltc-2025,ltc,LcjxhoDh5PZUem6bamadLgA79VrXMuj8NT,9.8328,992.62,MIXED_CUSTODIAL,24,0.642
2025-05-15,6bde751fff7c297d120dc44465bf335d28a2b8ccfa4c93c7bc77fe0d3f5503ae,ltc-2025,ltc,ltc1qtz4z8ccjw5fx3h3ffhclad9zgmqknc8sf9nya4,17.30290959,1746.73,SELF_FORWARD,1,1.0
2025-06-04,e1fe22d765d7e34d3318ac59bfa146860e795290f88f2d9ee8f393364f25c1f0,ltc-2025,ltc,LcjxhoDh5PZUem6bamadLgA79VrXMuj8NT,9.0,805.41,MIXED_CUSTODIAL,24,0.642
2025-06-04,e1fe22d765d7e34d3318ac59bfa146860e795290f88f2d9ee8f393364f25c1f0,ltc-2025,ltc,ltc1qjrwqpzth3ndcj4h0qa30kl52stl96w7hxqekhe,10.13111443,906.63,SELF_FORWARD,1,1.0
2025-05-19,e1acdd8e2a8949f1e14c2bb6a988d41d728d030bc43a909c10615b0fdb854948,ltc-2025,ltc,ltc1qxs6efhq9nlqe44mghjpq98u07kmcdcdya2l2vy,6.09444589,615.23,SELF_FORWARD,1,1.0
2025-05-19,e1acdd8e2a8949f1e14c2bb6a988d41d728d030bc43a909c10615b0fdb854948,ltc-2025,ltc,LcjxhoDh5PZUem6bamadLgA79VrXMuj8NT,10.09795011,1019.39,MIXED_CUSTODIAL,24,0.642
2025-05-16,696798977afe8b48ef6c14e161a038e1ed1e412a7846d4d4442c9bee749e5ad8,ltc-2025,ltc,LcAmRWcoogxkJuEs6uW3ese4qDK4Wr9BNf,11.94550738,1185.71,MIXED_CUSTODIAL,38,0.817
2025-05-15,9771156960c356359288bf3d6cc1a4a43e8fbfcd7d8889b7d32b8b83c7b36e6d,ltc-2025,ltc,ltc1qccpm8gw8j8y00gfjjy3syqqu950ulcv57ud90k,13.40439654,1353.17,SELF_FORWARD,1,1.0
2025-06-03,e70cfbc52f6743af6f94521ff64b86f804f5fa6da6e2a6d2ee8d342dea932902,ltc-2025,ltc,LcjxhoDh5PZUem6bamadLgA79VrXMuj8NT,10.0,895.2,MIXED_CUSTODIAL,24,0.642
2025-06-03,e70cfbc52f6743af6f94521ff64b86f804f5fa6da6e2a6d2ee8d342dea932902,ltc-2025,ltc,ltc1q3aqajyvmg6cpjustwj28nstzahrkl5jkm4v76z,11.1250846,995.92,SELF_FORWARD,1,1.0
2025-05-25,68dfcdc59bfb7ce8b862ebcff77cd4386eb89541198d36ac0c51488a7247d5e1,ltc-2025,ltc,MWLPzUbC2UMykqrSzoDTNTsmB71G1ti4iu,16.87969763,1614.21,SELF_FORWARD,1,1.0
2025-05-24,bf7bc86811510cbc94675ab927c76ac6280a9d239a36eb118af0121ceaace9ef,ltc-2025,ltc,LcjxhoDh5PZUem6bamadLgA79VrXMuj8NT,10.50089257,1000.21,MIXED_CUSTODIAL,24,0.642
2025-05-24,bf7bc86811510cbc94675ab927c76ac6280a9d239a36eb118af0121ceaace9ef,ltc-2025,ltc,ltc1qhqu74xfe88vnauhkm8kemcq3uml90ep725x0wr,23.74234657,2261.46,SELF_FORWARD,1,1.0
2025-05-20,d55c082e048d7b3f478270fd50ed38a1e53d8a1669999d36f51e450fb9ce676b,ltc-2025,ltc,LcjxhoDh5PZUem6bamadLgA79VrXMuj8NT,10.70778455,1052.15,MIXED_CUSTODIAL,24,0.642
2025-05-20,d55c082e048d7b3f478270fd50ed38a1e53d8a1669999d36f51e450fb9ce676b,ltc-2025,ltc,LcAmRWcoogxkJuEs6uW3ese4qDK4Wr9BNf,11.22261909,1102.73,MIXED_CUSTODIAL,38,0.817
2025-05-21,dbff2741e99fc2d59393bc027c8de9f06e41e170a04af31e5be2bd40cf7c8fe6,ltc-2025,ltc,LcjxhoDh5PZUem6bamadLgA79VrXMuj8NT,8.0,755.76,MIXED_CUSTODIAL,24,0.642
2025-05-21,dbff2741e99fc2d59393bc027c8de9f06e41e170a04af31e5be2bd40cf7c8fe6,ltc-2025,ltc,ltc1qg7z4apncxh4h60ydeq22vr8nmvjfcfpkv9cu2g,8.27137291,781.4,SELF_FORWARD,1,1.0
2025-05-21,dbff2741e99fc2d59393bc027c8de9f06e41e170a04af31e5be2bd40cf7c8fe6,ltc-2025,ltc,MLAU2jSvRb61YwPo8Md6KfEpvqkSjtYhuQ,18.0,1700.46,SELF_FORWARD,1,1.0
2025-05-18,93ace51828d0492d697b116f8f78661bb58345744030211c85972aed0f7d877b,ltc-2025,ltc,ltc1q9g6gfw4xh29mh7ema497pp0n4suk9zhly59tjj,19.18070576,1842.5,SELF_FORWARD,1,1.0
2025-10-04,5131ff6d07f27ee7a0ce4e36b164e68b4c2bac566d2147307a6e2c0242387e87,ltc-2025,ltc,LU2KcACzdW64icSUmiiQQAugSRZca2zqoy,8.0,964.56,FIXED_MERCHANT,36,0.881
2025-10-04,5131ff6d07f27ee7a0ce4e36b164e68b4c2bac566d2147307a6e2c0242387e87,ltc-2025,ltc,ltc1q6y8fvfflne7524f5cy0ll7h3hkgqlwqc3r5vua,25.0,3014.25,SELF_FORWARD,1,1.0
2025-08-28,210b24c630600ecd42329da70772e37dc88cb3ce710ac9cc9c82f2deb22b75ef,ltc-2025,ltc,LU2KcACzdW64icSUmiiQQAugSRZca2zqoy,9.0,1009.53,FIXED_MERCHANT,36,0.881
2025-08-28,210b24c630600ecd42329da70772e37dc88cb3ce710ac9cc9c82f2deb22b75ef,ltc-2025,ltc,LcAmRWcoogxkJuEs6uW3ese4qDK4Wr9BNf,10.0,1121.7,MIXED_CUSTODIAL,38,0.817
2025-08-17,69aae786bccecca40fc7306e575fe202128bd082402f6f3819d91d175c5a0f33,ltc-2025,ltc,ltc1q0qxxewnrsna7nltuv69ammyeznz8qfnjvmfts8,13.49361061,1633.27,SELF_FORWARD,1,1.0
2025-08-17,69aae786bccecca40fc7306e575fe202128bd082402f6f3819d91d175c5a0f33,ltc-2025,ltc,MJjiDFE17gk5yZpyqEHMMPyHFhhijTb6GM,15.0,1815.6,SELF_FORWARD,1,1.0
2025-08-08,1b145b09d67e71bf56b8cf899ce417c0d59ca67a594b6c9868dcd824cc84667f,ltc-2025,ltc,LU2KcACzdW64icSUmiiQQAugSRZca2zqoy,7.73155491,950.21,FIXED_MERCHANT,36,0.881
2025-08-08,1b145b09d67e71bf56b8cf899ce417c0d59ca67a594b6c9868dcd824cc84667f,ltc-2025,ltc,LcAmRWcoogxkJuEs6uW3ese4qDK4Wr9BNf,12.0,1474.8,MIXED_CUSTODIAL,38,0.817
2025-07-25,166df8733d437074e3dbdad22b74e74f8bac25cc92156d39fed126b78a4f36b2,ltc-2025,ltc,LcAmRWcoogxkJuEs6uW3ese4qDK4Wr9BNf,8.0,898.16,MIXED_CUSTODIAL,38,0.817
2025-07-25,166df8733d437074e3dbdad22b74e74f8bac25cc92156d39fed126b78a4f36b2,ltc-2025,ltc,LU2KcACzdW64icSUmiiQQAugSRZca2zqoy,9.0,1010.43,FIXED_MERCHANT,36,0.881
2025-07-25,166df8733d437074e3dbdad22b74e74f8bac25cc92156d39fed126b78a4f36b2,ltc-2025,ltc,ltc1qdkx77rvwcc3z0mqjry66vpvlklch88wh3t0d5u,10.33333501,1160.12,SELF_FORWARD,1,1.0
2025-07-25,166df8733d437074e3dbdad22b74e74f8bac25cc92156d39fed126b78a4f36b2,ltc-2025,ltc,MGVUU1XkZRuZqUNSxGjTpCQaLjjRDQUf77,15.0,1684.05,SELF_FORWARD,1,1.0
2025-07-22,19a8b6badb05ac5ce4c5c84fb2833010a1a3ef5a886a7b6b35f42b81e736ea02,ltc-2025,ltc,LU2KcACzdW64icSUmiiQQAugSRZca2zqoy,9.0,1038.78,FIXED_MERCHANT,36,0.881
2025-07-22,19a8b6badb05ac5ce4c5c84fb2833010a1a3ef5a886a7b6b35f42b81e736ea02,ltc-2025,ltc,MUVzeviHQZuZmscjWVphCTPMmMgQW5gjDN,15.0,1731.3,SELF_FORWARD,1,1.0
2025-07-22,19a8b6badb05ac5ce4c5c84fb2833010a1a3ef5a886a7b6b35f42b81e736ea02,ltc-2025,ltc,ltc1qutvvtvuf4qd5qz7hmsjucw78cewshjcz79mqt6,17.46310052,2015.59,SELF_FORWARD,1,1.0
2025-07-14,43b9477d2a4069d8ae683f7fc526c7b65c78a490457a83ebdb693474d9982785,ltc-2025,ltc,LcjxhoDh5PZUem6bamadLgA79VrXMuj8NT,10.0,946.3,MIXED_CUSTODIAL,24,0.642
2025-07-14,43b9477d2a4069d8ae683f7fc526c7b65c78a490457a83ebdb693474d9982785,ltc-2025,ltc,LcAmRWcoogxkJuEs6uW3ese4qDK4Wr9BNf,11.57855965,1095.68,MIXED_CUSTODIAL,38,0.817
2025-06-27,0386e122fbd395c080616ae963bb2eea0f0e56a8d31d7419ae40d2b9ca141a13,ltc-2025,ltc,ltc1q926dzju2p74nrjyjaql8tnhvkerk8kh0ls8j4m,36.6148113,3085.53,SELF_FORWARD,1,1.0
2025-06-26,935468dd80f749a7405b7c3796052ee1f7ff35484c8e74c913fd3e77e1df9a95,ltc-2025,ltc,LcjxhoDh5PZUem6bamadLgA79VrXMuj8NT,8.72480456,738.82,MIXED_CUSTODIAL,24,0.642
2025-06-26,935468dd80f749a7405b7c3796052ee1f7ff35484c8e74c913fd3e77e1df9a95,ltc-2025,ltc,LcAmRWcoogxkJuEs6uW3ese4qDK4Wr9BNf,10.0,846.8,MIXED_CUSTODIAL,38,0.817
2025-06-25,c0b1befebc62e05a3352e0347c09c50c8048396855c57ed3267a0e44b1cfb30a,ltc-2025,ltc,ltc1qgwhk02c5j7e7zu8a72uujczrttcss39hzmdpjk,48.51200122,4115.76,SELF_FORWARD,1,1.0
2025-06-23,70b72242abd4c8507a673f9e78853c8d8795ca8e93381a727fce0e2631937b89,ltc-2025,ltc,LcAmRWcoogxkJuEs6uW3ese4qDK4Wr9BNf,8.73082777,700.3,MIXED_CUSTODIAL,38,0.817
2025-06-23,70b72242abd4c8507a673f9e78853c8d8795ca8e93381a727fce0e2631937b89,ltc-2025,ltc,MBGLA4kFayMVPBkPcTY5MZA4aHqFyaFTr3,20.0,1604.2,SELF_FORWARD,1,1.0
2025-06-06,cc1502483297e1e9361e044edb3737eb6d6ee2714f3b0ff24344674bc140fc6c,ltc-2025,ltc,LcjxhoDh5PZUem6bamadLgA79VrXMuj8NT,8.38319865,700.67,MIXED_CUSTODIAL,24,0.642
2025-06-05,626a894e63d20418937092223f330b39f72dfc79d98b878ea9f87301e489140e,ltc-2025,ltc,LcjxhoDh5PZUem6bamadLgA79VrXMuj8NT,12.0,1055.76,MIXED_CUSTODIAL,24,0.642
2025-06-05,626a894e63d20418937092223f330b39f72dfc79d98b878ea9f87301e489140e,ltc-2025,ltc,ltc1q4cqs466w6qrwcms8cj9xaflg24nzrwrs4cmr2d,15.14553433,1332.5,SELF_FORWARD,1,1.0
2025-06-01,34cace43b633c2ed21d5255e03dfa0a0945ecbbb18d1d581624eee17ce1d75df,ltc-2025,ltc,LcjxhoDh5PZUem6bamadLgA79VrXMuj8NT,10.0,870.3,MIXED_CUSTODIAL,24,0.642
2025-06-01,34cace43b633c2ed21d5255e03dfa0a0945ecbbb18d1d581624eee17ce1d75df,ltc-2025,ltc,ltc1q55eyr30g97702ltx490uf6yux2sm5fu20j0mns,17.85407382,1553.84,SELF_FORWARD,1,1.0
2025-11-13,9550c28fee31fe3b72c03ad6568eeb8d223ab2a5c9de79cbabf61e62d9546800,ltc-2025,ltc,ltc1qqjy4mqr02zjf4atqjjtrdpzlszm33ahanltznc,33.17028187,3237.42,SELF_FORWARD,1,1.0
2025-10-06,d3da065ccfd5713b10d91c2e21d004c4603c1c253ba5bc33cfcf710485887dd7,ltc-2025,ltc,ltc1qlt4wd9kfh8l8pp2rmsfgq0hecpukpjgzfkw7zn,69.14980124,8218.45,SELF_FORWARD,1,1.0
2025-09-12,a3cf1b2b9fb29f8b63230a98a9708dcac6f6b7051407796c20a42279d3fbab7f,ltc-2025,ltc,LU2KcACzdW64icSUmiiQQAugSRZca2zqoy,8.0,926.64,FIXED_MERCHANT,36,0.881
2025-09-12,a3cf1b2b9fb29f8b63230a98a9708dcac6f6b7051407796c20a42279d3fbab7f,ltc-2025,ltc,ltc1q27crcqzsrsrlnuttuvt0s4f2k8985q5pux7esp,20.0,2316.6,SELF_FORWARD,1,1.0
2025-08-25,70cf12fc46b08578c9847dd1e162207e107ea67b38691ad3b925677cf8a26943,ltc-2025,ltc,MCJCNKwCWhRtjh7oTaQPZPtbMSHELNZHUQ,17.42363871,2059.13,SELF_FORWARD,1,1.0
2025-08-21,fa0d17aeec95b224b2095588d8bb69708ff39f77371cde088971a24540c3fc2f,ltc-2025,ltc,LU2KcACzdW64icSUmiiQQAugSRZca2zqoy,8.0,928.48,FIXED_MERCHANT,36,0.881
2025-08-21,fa0d17aeec95b224b2095588d8bb69708ff39f77371cde088971a24540c3fc2f,ltc-2025,ltc,LcAmRWcoogxkJuEs6uW3ese4qDK4Wr9BNf,8.0,928.48,MIXED_CUSTODIAL,38,0.817
2025-08-21,fa0d17aeec95b224b2095588d8bb69708ff39f77371cde088971a24540c3fc2f,ltc-2025,ltc,ltc1qf5dpyg8dncs7ud0vem2fqylh0vka8xdj3av049,11.79543895,1368.98,SELF_FORWARD,1,1.0
2025-08-21,fa0d17aeec95b224b2095588d8bb69708ff39f77371cde088971a24540c3fc2f,ltc-2025,ltc,MD8fnT37yPGVJH8nmD7v6RywXSGZ8hfzD6,14.0,1624.84,SELF_FORWARD,1,1.0
2025-08-18,954bc1d5616ad82c7557b6ca6198f943256645b64f7c8acde1424cbf63fee6ae,ltc-2025,ltc,LU2KcACzdW64icSUmiiQQAugSRZca2zqoy,8.0,965.76,FIXED_MERCHANT,36,0.881
2025-08-18,954bc1d5616ad82c7557b6ca6198f943256645b64f7c8acde1424cbf63fee6ae,ltc-2025,ltc,LcAmRWcoogxkJuEs6uW3ese4qDK4Wr9BNf,9.67220243,1167.63,MIXED_CUSTODIAL,38,0.817
2025-07-19,831afee6532b95cf2e92a87198e857195089acb07dd92c3bbe7fb23f0ba13343,ltc-2025,ltc,LU2KcACzdW64icSUmiiQQAugSRZca2zqoy,4.6897857,477.05,FIXED_MERCHANT,36,0.881
2025-07-19,831afee6532b95cf2e92a87198e857195089acb07dd92c3bbe7fb23f0ba13343,ltc-2025,ltc,MPKZxwumfRdZ4ipDPeow2xGkXkPSZPK24s,17.0,1729.24,SELF_FORWARD,1,1.0
2025-07-16,4d022272e2db6a8b0f810c1ffffba586d7da3340be88c2a345c2b19a094f1555,ltc-2025,ltc,ltc1qadakk9rhxymtv6r97s075y5zjafg2a63l82pqd,16.01083483,1542.8,SELF_FORWARD,1,1.0
2025-07-16,4d022272e2db6a8b0f810c1ffffba586d7da3340be88c2a345c2b19a094f1555,ltc-2025,ltc,MCstcThRkU8vxNv6JjmQkfbNaQXQWaNzv4,17.0,1638.12,SELF_FORWARD,1,1.0
2025-07-06,7f33a7e02b003d07418b58ad2f0e999b0e6bf259bbb03a9d654579f3fc429c88,ltc-2025,ltc,LcAmRWcoogxkJuEs6uW3ese4qDK4Wr9BNf,6.0,525.3,MIXED_CUSTODIAL,38,0.817
2025-07-06,7f33a7e02b003d07418b58ad2f0e999b0e6bf259bbb03a9d654579f3fc429c88,ltc-2025,ltc,ltc1qg2gqvcw4q72fw3w50ncewckz56mf6420lde0lp,21.82739302,1910.99,SELF_FORWARD,1,1.0
2025-07-05,90dc50799736fb75bbb0a52263e0233a1d2653e57d229b1e99f5224f0ee09eae,ltc-2025,ltc,ltc1qtk55fk3vzrr5kqm488kmsca5p2ps3n4nu53efy,13.57493839,1178.85,SELF_FORWARD,1,1.0
2025-07-05,90dc50799736fb75bbb0a52263e0233a1d2653e57d229b1e99f5224f0ee09eae,ltc-2025,ltc,MJqCNKWgCWYCuBPSVxJfdUdHCPz6syph3j,20.0,1736.8,SELF_FORWARD,1,1.0
2025-07-04,9f8365f3e208d03d352ea9cec497e64db3346d7f88e726f3fecaeb600d300695,ltc-2025,ltc,ltc1qk0m0fy69nlzjwsu06cl00zwhg9gg5ch90jgxyd,21.1675886,1885.61,SELF_FORWARD,1,1.0
2025-07-02,7f65feb2a4123d947492d1c83364580b233177ce2a6a5f59bc88c2677ce235af,ltc-2025,ltc,ltc1qgzmhtxf2vg4evh04ttxh25pgre6wupagwnjn98,26.24277116,2183.66,SELF_FORWARD,1,1.0
2025-06-29,79bdf736a4ffda61312cd39e13c90605a84c274167d3176bd46fe4703f9f2327,ltc-2025,ltc,LcAmRWcoogxkJuEs6uW3ese4qDK4Wr9BNf,7.0,604.1,MIXED_CUSTODIAL,38,0.817
2025-06-29,79bdf736a4ffda61312cd39e13c90605a84c274167d3176bd46fe4703f9f2327,ltc-2025,ltc,LcjxhoDh5PZUem6bamadLgA79VrXMuj8NT,10.96310962,946.12,MIXED_CUSTODIAL,24,0.642
2025-06-20,e046a5ac5c428727c44acb7d72676ef1c99cdf0451235c971e15cd48f5925223,ltc-2025,ltc,LcAmRWcoogxkJuEs6uW3ese4qDK4Wr9BNf,6.05400169,515.26,MIXED_CUSTODIAL,38,0.817
2025-06-20,e046a5ac5c428727c44acb7d72676ef1c99cdf0451235c971e15cd48f5925223,ltc-2025,ltc,ltc1qnj0sskkdn53cgtfzm9v0xw0z9s62jh6ugnen43,8.63865131,735.24,SELF_FORWARD,1,1.0
2025-06-19,51b02809fc01a2828b61370252c657e577cb2b81b0e89e87dfade8448474a6b4,ltc-2025,ltc,ltc1qdef758dxklup675mekkt0p834zy37gtqrpk3gp,21.06859349,1792.52,SELF_FORWARD,1,1.0
2025-06-16,32668038825bf703766822961bff6ee7faa15ccc6e0189ad2a01e002b5a80c47,ltc-2025,ltc,LcjxhoDh5PZUem6bamadLgA79VrXMuj8NT,10.0,863.0,MIXED_CUSTODIAL,24,0.642
2025-06-16,32668038825bf703766822961bff6ee7faa15ccc6e0189ad2a01e002b5a80c47,ltc-2025,ltc,ltc1q50fyr7ue068jgexkrrcvknwmlcjr3ftsgjedjv,17.63070682,1521.53,SELF_FORWARD,1,1.0
2025-06-14,8a3be87bca8a3525a88637749953bef26e9c3af249fca27ea0272a7d6ec97645,ltc-2025,ltc,LcAmRWcoogxkJuEs6uW3ese4qDK4Wr9BNf,10.0,865.5,MIXED_CUSTODIAL,38,0.817
2025-06-14,8a3be87bca8a3525a88637749953bef26e9c3af249fca27ea0272a7d6ec97645,ltc-2025,ltc,LcjxhoDh5PZUem6bamadLgA79VrXMuj8NT,12.0,1038.6,MIXED_CUSTODIAL,24,0.642
2025-06-14,8a3be87bca8a3525a88637749953bef26e9c3af249fca27ea0272a7d6ec97645,ltc-2025,ltc,ltc1qynsrefd7kkx48z06vwr767dyh42jrfkgjyak4a,20.53345862,1777.17,SELF_FORWARD,1,1.0
2025-06-11,e0957fa5ff43bcc03252cd5813ae1e224ce02bb8e895839b51ce007a95ec7061,ltc-2025,ltc,ltc1qt9ccjdkn8j8l49yjwhq4g697phhxvuc0mvuktd,23.14613401,2160.23,SELF_FORWARD,1,1.0
2025-05-29,b17e8eafd1e75ea646c35bf0f5d7864d345fd1e9cbf340cc28ce4c6e9527927e,ltc-2025,ltc,LcjxhoDh5PZUem6bamadLgA79VrXMuj8NT,10.59209829,1010.27,MIXED_CUSTODIAL,24,0.642
2025-05-29,b17e8eafd1e75ea646c35bf0f5d7864d345fd1e9cbf340cc28ce4c6e9527927e,ltc-2025,ltc,ltc1qyth8y78h7tfztrxqsuu27n0jjvjlmqny4yulj5,13.21403821,1260.35,SELF_FORWARD,1,1.0
2025-05-28,107afb2f3e19d646a3fc86ca022a94bb1cf35dbaa73d5d4369e240c6610c5a63,ltc-2025,ltc,LcAmRWcoogxkJuEs6uW3ese4qDK4Wr9BNf,5.31,509.18,MIXED_CUSTODIAL,38,0.817
2025-05-28,107afb2f3e19d646a3fc86ca022a94bb1cf35dbaa73d5d4369e240c6610c5a63,ltc-2025,ltc,ltc1qrce8mwzcm3f7dj58a3lu442a7kt6cft63grawc,9.03614099,866.48,SELF_FORWARD,1,1.0
2025-05-27,f26c588c110aa83e94427cbd74036e41054fa523ddc0235be381f9a6bdbbe8b2,ltc-2025,ltc,LcjxhoDh5PZUem6bamadLgA79VrXMuj8NT,10.34126163,982.52,MIXED_CUSTODIAL,24,0.642
2025-05-27,f26c588c110aa83e94427cbd74036e41054fa523ddc0235be381f9a6bdbbe8b2,ltc-2025,ltc,ltc1qayawkv762fac4qd3hs05u44c2qsjkz3ucce0ce,36.12848679,3432.57,SELF_FORWARD,1,1.0
2025-07-29,59d6d3e52f7bebfcb399012e57582d162a015953dba356f02b75e6fb239d345a,ltc-2025,ltc,LcAmRWcoogxkJuEs6uW3ese4qDK4Wr9BNf,7.0,763.21,MIXED_CUSTODIAL,38,0.817
2025-07-29,59d6d3e52f7bebfcb399012e57582d162a015953dba356f02b75e6fb239d345a,ltc-2025,ltc,LU2KcACzdW64icSUmiiQQAugSRZca2zqoy,7.60990131,829.71,FIXED_MERCHANT,36,0.881
2025-06-18,283a1dd3511663ec333d1d04681721c34fc75a224aa0b7c37c81409dfd4d962d,ltc-2025,ltc,LcAmRWcoogxkJuEs6uW3ese4qDK4Wr9BNf,10.0,842.3,MIXED_CUSTODIAL,38,0.817
2025-06-18,283a1dd3511663ec333d1d04681721c34fc75a224aa0b7c37c81409dfd4d962d,ltc-2025,ltc,ltc1qle44w9qc2943vkvyp4vgr03sl7a6xr2aq5tu6a,15.49684373,1305.3,SELF_FORWARD,1,1.0
2025-06-21,3050ef7bbd4f21f44a80f0ad454d614434c971333431289a73d75df1fcc15974,ltc-2025,ltc,ltc1q0cvmhseqyfrnu3pql49vavs4s9q54lr6k0dqx9,27.90969766,2314.27,SELF_FORWARD,1,1.0
2025-06-09,b0e725b56725d30fdd5916b093a37a4344d84d8018e0f5f4a07545b24b0ce5c0,ltc-2025,ltc,MBqKzfoSKsCsJvm8S3nFpdBpGeNcuG4CGs,20.28066257,1768.07,SELF_FORWARD,1,1.0
2025-08-10,9716722b2fe592fce7b7a501ddbdd933f32eb63d0c2a59d282281e88810cfa7a,ltc-2025,ltc,LcAmRWcoogxkJuEs6uW3ese4qDK4Wr9BNf,7.0,841.19,MIXED_CUSTODIAL,38,0.817
2025-08-10,9716722b2fe592fce7b7a501ddbdd933f32eb63d0c2a59d282281e88810cfa7a,ltc-2025,ltc,LU2KcACzdW64icSUmiiQQAugSRZca2zqoy,7.69857465,925.14,FIXED_MERCHANT,36,0.881
2025-07-03,e76aab8281425170dcbfa1e5e820823ca919cd41f4956b3a8f9afa6568211752,ltc-2025,ltc,ltc1q9aryzpu7snwjljfpl5mytxm8tnvrpjrvl0u8nk,31.09599165,2715.3,SELF_FORWARD,1,1.0
2025-06-16,ad396da39d722d33194a246b95a94037b179d17f0253c5665f9056a63915bd3d,ltc-2025,ltc,ltc1quecadgxrduk07klvec37dfq9mfd2v64stfkywj,21.10348716,1821.23,SELF_FORWARD,1,1.0
2025-07-13,17770f422931795ca145d246c230fdacf8499cd6b0e85cae2a1493a7b8d92675,ltc-2025,ltc,ltc1qryk7dwkjn8uu94rr50necpc5j7jqkqdhsdq7m4,18.98466338,1761.21,SELF_FORWARD,1,1.0
2025-06-30,b9558e38dfeade795a4af6148515505d5fbf43785757246e8bf578bcf9f41fda,ltc-2025,ltc,LcjxhoDh5PZUem6bamadLgA79VrXMuj8NT,7.44014498,654.44,MIXED_CUSTODIAL,24,0.642
2025-06-30,b9558e38dfeade795a4af6148515505d5fbf43785757246e8bf578bcf9f41fda,ltc-2025,ltc,LcAmRWcoogxkJuEs6uW3ese4qDK4Wr9BNf,8.0,703.68,MIXED_CUSTODIAL,38,0.817
2025-06-12,f5479f388200383e9032806eda3e39e07b070960052eced06efd7f4afb1fd5df,ltc-2025,ltc,ltc1qdr67q93h3sjupz6hk862w5nh5kyhc6mlvakjdl,40.99596697,3753.59,SELF_FORWARD,1,1.0
2025-07-17,9f180b19aa4e89b034ac1e08d3e6444f6466b05fbb775e3a507fed40d3a264fd,ltc-2025,ltc,ltc1q6k0j7za70w643u2l6wmtncsrfs0w4lpjetw9dn,20.52195475,2000.27,SELF_FORWARD,1,1.0
2025-09-30,af1cb911317b58b5e682225bb0e97d3ec949472091e3e7736b7bd33f25f49812,ltc-2025,ltc,ltc1qfn2086vftvmhq3hyumthf3gd5jfgadf8ady2e2,33.58602821,3585.64,SELF_FORWARD,1,1.0
2025-09-10,323e9c8fa87a2ec614e37527e3770b62df699e2b107cf135e83c87d6030751f9,ltc-2025,ltc,LU2KcACzdW64icSUmiiQQAugSRZca2zqoy,8.0,895.44,FIXED_MERCHANT,36,0.881
2025-09-10,323e9c8fa87a2ec614e37527e3770b62df699e2b107cf135e83c87d6030751f9,ltc-2025,ltc,LcAmRWcoogxkJuEs6uW3ese4qDK4Wr9BNf,10.0,1119.3,MIXED_CUSTODIAL,38,0.817
2025-09-10,323e9c8fa87a2ec614e37527e3770b62df699e2b107cf135e83c87d6030751f9,ltc-2025,ltc,MHfSP662bETHZgNni1riSmEoDitEaqXG4h,15.0,1678.95,SELF_FORWARD,1,1.0
2025-09-04,576c0dd2f714e43af2a60796e7fad263cf8d84159e310232512a002e0a212c46,ltc-2025,ltc,LU2KcACzdW64icSUmiiQQAugSRZca2zqoy,8.0,903.84,FIXED_MERCHANT,36,0.881
2025-09-04,576c0dd2f714e43af2a60796e7fad263cf8d84159e310232512a002e0a212c46,ltc-2025,ltc,LcAmRWcoogxkJuEs6uW3ese4qDK4Wr9BNf,10.0,1129.8,MIXED_CUSTODIAL,38,0.817
2025-09-04,576c0dd2f714e43af2a60796e7fad263cf8d84159e310232512a002e0a212c46,ltc-2025,ltc,M8UxPFmYv3MRG3nKrDocpi5r68dqNtGnCZ,20.0,2259.6,SELF_FORWARD,1,1.0
2025-07-30,2e9d34a73ac1f9fe86288d4c91335e4e311113b9fc0ca256e3f0cbc8e8975407,ltc-2025,ltc,LcAmRWcoogxkJuEs6uW3ese4qDK4Wr9BNf,4.92330617,534.28,MIXED_CUSTODIAL,38,0.817
2025-07-30,2e9d34a73ac1f9fe86288d4c91335e4e311113b9fc0ca256e3f0cbc8e8975407,ltc-2025,ltc,MQVJ8vEakQY87UwoynL3aZmAK9HJAWDDot,15.0,1627.8,SELF_FORWARD,1,1.0
2025-07-27,9e74bf3e0497be2d855164fb10d40363aa52ec245412d5d4670967e779a22782,ltc-2025,ltc,LU2KcACzdW64icSUmiiQQAugSRZca2zqoy,9.0,1025.28,FIXED_MERCHANT,36,0.881
2025-07-27,9e74bf3e0497be2d855164fb10d40363aa52ec245412d5d4670967e779a22782,ltc-2025,ltc,MHQM7Eb7Kni8hY6myRscop7UtGJ4ski6Rw,15.0,1708.8,SELF_FORWARD,1,1.0
2025-07-27,9e74bf3e0497be2d855164fb10d40363aa52ec245412d5d4670967e779a22782,ltc-2025,ltc,ltc1qzxzqrx8c839w5767pgy39cvf3ap37ja8uhu0pk,15.9426962,1816.19,SELF_FORWARD,1,1.0
2025-09-02,5ef454bd9bfd246b0fcac7e5e1bbaaa015268edfddc6b8a29a800d53c740813e,ltc-2025,ltc,LU2KcACzdW64icSUmiiQQAugSRZca2zqoy,8.0,869.84,FIXED_MERCHANT,36,0.881
2025-09-02,5ef454bd9bfd246b0fcac7e5e1bbaaa015268edfddc6b8a29a800d53c740813e,ltc-2025,ltc,LcAmRWcoogxkJuEs6uW3ese4qDK4Wr9BNf,10.0,1087.3,MIXED_CUSTODIAL,38,0.817
2025-09-02,5ef454bd9bfd246b0fcac7e5e1bbaaa015268edfddc6b8a29a800d53c740813e,ltc-2025,ltc,MBmHX2U1yNg18R7uFMxJ8kdeobmKYH3RDy,15.0,1630.95,SELF_FORWARD,1,1.0
2025-09-30,a0f05daea3e53d23ec97e0d91697c17d31aada16188b09a109a61c7c9c0a1cbf,ltc-2025,ltc,LU2KcACzdW64icSUmiiQQAugSRZca2zqoy,9.0,960.84,FIXED_MERCHANT,36,0.881
2025-06-12,f576e47fee0386970daa713389de6b52f64b821944f147a937328eb26b86eabd,ltc-2025,ltc,LcAmRWcoogxkJuEs6uW3ese4qDK4Wr9BNf,4.56881781,418.32,MIXED_CUSTODIAL,38,0.817
2025-06-12,f576e47fee0386970daa713389de6b52f64b821944f147a937328eb26b86eabd,ltc-2025,ltc,LcjxhoDh5PZUem6bamadLgA79VrXMuj8NT,6.13586052,561.8,MIXED_CUSTODIAL,24,0.642
2025-06-06,920bf2dc25488c83919d75dda0851e215ddf8cd35191f54c0deb9dc18995cc46,ltc-2025,ltc,ltc1qysjl7ecpz4a4la82y8ue275f496jw4n2wlwv35,15.26557499,1275.9,SELF_FORWARD,1,1.0
2025-10-02,254ecaf421c327c7ba5d74abdb77047044b9942a3d6c1877d6b54a74f7cb7758,ltc-2025,ltc,ltc1q7tung99th4keucu9ns7420xhqu3zt076y97a6l,25.21856086,2902.91,SELF_FORWARD,1,1.0
2025-09-19,64760bfa8dff699eb27c7b727b7604cdda3e885a6d1c4c81aab76823d063f3ff,ltc-2025,ltc,LU2KcACzdW64icSUmiiQQAugSRZca2zqoy,8.0,945.52,FIXED_MERCHANT,36,0.881
2025-08-23,76e564a62ba3340ecce83e68e49f71a20acb929a1d3cc29a93662b5b781c1b6e,ltc-2025,ltc,LU2KcACzdW64icSUmiiQQAugSRZca2zqoy,7.52392288,925.07,FIXED_MERCHANT,36,0.881
2025-08-23,76e564a62ba3340ecce83e68e49f71a20acb929a1d3cc29a93662b5b781c1b6e,ltc-2025,ltc,MELBEJ9rT1kW6EM6gNeWmKw7NXhBydEY5Z,15.0,1844.25,SELF_FORWARD,1,1.0
2025-08-19,b19438f8953ee83fde6fa1c19a8893b01a041fac7472be0e0a0c4ac12e4dba50,ltc-2025,ltc,MEP51cY3BLagBAuhxET87741npUbYUtUJZ,18.27171418,2151.86,SELF_FORWARD,1,1.0
2025-08-13,b7e969993d852bf8705cf738146099acbad66bbc39f6ed6d1927b1ac5bd80846,ltc-2025,ltc,ltc1q86etsmxe0a7ep57h2dnhrpdpex37gzz4nrt2du,43.56165535,5683.05,SELF_FORWARD,1,1.0
2025-08-05,ca90fc6b72641cef2fc0913402de9b80903829ca67800aeebf6fe914f5503075,ltc-2025,ltc,LU2KcACzdW64icSUmiiQQAugSRZca2zqoy,7.0,848.54,FIXED_MERCHANT,36,0.881
2025-08-05,ca90fc6b72641cef2fc0913402de9b80903829ca67800aeebf6fe914f5503075,ltc-2025,ltc,LcAmRWcoogxkJuEs6uW3ese4qDK4Wr9BNf,7.0,848.54,MIXED_CUSTODIAL,38,0.817
2025-08-05,ca90fc6b72641cef2fc0913402de9b80903829ca67800aeebf6fe914f5503075,ltc-2025,ltc,ltc1qffknu65kjutfcjrkvgxhj46d84m955f2hvvm5m,11.36563467,1377.74,SELF_FORWARD,1,1.0
2025-08-03,4a66fec57dfeb92ec87ce5adbc2f8c7df5f90e63a7f0a0bc5e5ab3d1533db352,ltc-2025,ltc,LcAmRWcoogxkJuEs6uW3ese4qDK4Wr9BNf,6.0,636.6,MIXED_CUSTODIAL,38,0.817
2025-08-03,4a66fec57dfeb92ec87ce5adbc2f8c7df5f90e63a7f0a0bc5e5ab3d1533db352,ltc-2025,ltc,LU2KcACzdW64icSUmiiQQAugSRZca2zqoy,6.8435622,726.1,FIXED_MERCHANT,36,0.881
2025-08-03,4a66fec57dfeb92ec87ce5adbc2f8c7df5f90e63a7f0a0bc5e5ab3d1533db352,ltc-2025,ltc,MGPNv5zT94rPZe7Bax1XUUEiEBXofqNjrZ,16.0,1697.6,SELF_FORWARD,1,1.0
2025-08-01,2355d8ddb6e3dd2e4e1142cbdae808a8402d38e6f8dfab350a842946e7708841,ltc-2025,ltc,LcAmRWcoogxkJuEs6uW3ese4qDK4Wr9BNf,10.0,1060.9,MIXED_CUSTODIAL,38,0.817
2025-08-01,2355d8ddb6e3dd2e4e1142cbdae808a8402d38e6f8dfab350a842946e7708841,ltc-2025,ltc,ltc1q4mktrlmelvw3j2lq7ta9lcj3yjennd85ht5k3k,18.54375875,1967.31,SELF_FORWARD,1,1.0
2025-07-28,68a8db080fff090eef11b71557292f3adbcce2b152a56c15698ac475cc83fece,ltc-2025,ltc,ltc1qhv78tw5ezxkt0cxgs3gdg5argqt8vpjd9tec6t,18.26410116,2096.54,SELF_FORWARD,1,1.0
2025-07-20,d94d2709974fde4d15ea40f126c4c9698216a1cb86628d4b32dcd04c949d6e70,ltc-2025,ltc,LU2KcACzdW64icSUmiiQQAugSRZca2zqoy,6.58523448,745.19,FIXED_MERCHANT,36,0.881
2025-07-20,d94d2709974fde4d15ea40f126c4c9698216a1cb86628d4b32dcd04c949d6e70,ltc-2025,ltc,LcAmRWcoogxkJuEs6uW3ese4qDK4Wr9BNf,10.0,1131.6,MIXED_CUSTODIAL,38,0.817
2025-07-01,9cf3f02efe6cbea87e46929c53c9d8e56ffcde26c6a1993b9aae19fe64d225b9,ltc-2025,ltc,MGapZmoiTC26akkkmYEgSq8VQUkNED6baY,19.42972685,1670.76,SELF_FORWARD,1,1.0
2025-06-18,a0c97a2f7cbc50cc103bdb89ebab4142cfb2b52007b73f741cfd1bfe489890ba,ltc-2025,ltc,LcjxhoDh5PZUem6bamadLgA79VrXMuj8NT,9.11229159,767.53,MIXED_CUSTODIAL,24,0.642
2025-06-09,02dce181e7ea65d4acf01e93d0582c0ea4e52ccd92ba471fac9a78d96c37b680,ltc-2025,ltc,ltc1q556jldk8kusa7rdq73ftar4ypapgyfk2m74sq0,23.79604372,2074.54,SELF_FORWARD,1,1.0
2025-09-15,fd9b2a0c5c6dd17888ceaaaa1181fa818c678cebd907350f5b5f208d9f4de4e9,ltc-2025,ltc,LU2KcACzdW64icSUmiiQQAugSRZca2zqoy,8.0,920.8,FIXED_MERCHANT,36,0.881
2025-07-12,4ecc1a2a45dd0e5721c219f3726abd63da8d76dc709ce8c77b3e48929dd8f853,ltc-2025,ltc,LcAmRWcoogxkJuEs6uW3ese4qDK4Wr9BNf,6.0,565.44,MIXED_CUSTODIAL,38,0.817
2025-07-12,4ecc1a2a45dd0e5721c219f3726abd63da8d76dc709ce8c77b3e48929dd8f853,ltc-2025,ltc,ltc1qnzu6mzv0tqzjc2g634eltwam3twxmkeaxev2n0,26.20462561,2469.52,SELF_FORWARD,1,1.0
2025-06-02,e4ea99c8bf9ac91eb2e9edb430b9ec41b555a2e89524eec586ae4020d0acbf43,ltc-2025,ltc,LcAmRWcoogxkJuEs6uW3ese4qDK4Wr9BNf,10.1469346,896.89,MIXED_CUSTODIAL,38,0.817
2025-10-04,3bce93a5c57616650842367bf97566e75cb714fa763d32557de011cd73e6cc6f,ltc-2025,ltc,ltc1qjl5auxw0wqlz2l8mlxey7hqtwqcvn94fnyk9fh,4.23126512,510.16,VENDOR_ONCE,1,0.138
2025-07-10,525f1bb5f69227cc314b75b2fcf3bb67b4b6cbaa7ea5b2de8451a1f945fa7c4f,ltc-2025,ltc,ltc1qhpxqhh5rwynxxxf5p5k7eazccm6rfznewunz4m,21.85239833,1980.05,SELF_FORWARD,1,1.0
2025-06-07,f7559da8220afc27f23e67e0171ad331a825ed5b75d369dedbe547fcbee1a3b6,ltc-2025,ltc,ltc1qgd4rgmrnez9uz9edf3l4gtljka9hlrhst2p50x,24.08764359,2101.65,SELF_FORWARD,1,1.0
2025-05-16,b7856911a6459471af0049116ed8ff0ec3837afe77c889c5e378ac828cf0287e,ltc-2025,ltc,ltc1qm5yhxys9jurt85q0ks054fexx205sal3rm6eqy,0.24850424,24.67,SELF_FORWARD,1,1.0
2025-05-16,b7856911a6459471af0049116ed8ff0ec3837afe77c889c5e378ac828cf0287e,ltc-2025,ltc,ltc1qwgfgyyfj6mplant4xc9h47jqdh65qpsfrj98wt,1.94635772,193.2,SELF_FORWARD,1,1.0
2025-08-14,e9888a36b73441e569d38adbb794d974ea8116f34b206366b60fef6eec10fd50,ltc-2025,ltc,LU2KcACzdW64icSUmiiQQAugSRZca2zqoy,8.0,1047.28,FIXED_MERCHANT,36,0.881
2025-08-14,e9888a36b73441e569d38adbb794d974ea8116f34b206366b60fef6eec10fd50,ltc-2025,ltc,ltc1q9p8458t8z0cteg508ar0qwq86d8gepc0t79w6z,11.34813046,1485.58,SELF_FORWARD,1,1.0
2025-10-02,7dd90df87f8e8195d74639e0613d12868d65cc6b34d81fead1f081be9383bf41,ltc-2025,ltc,ltc1qce6d29znck2jrfq63cs4et89uemafdkurz56ng,12.55988886,1445.77,SELF_FORWARD,1,1.0
2025-09-07,60fe62c53efc76d0cb4f2dac0524f93657776727bc8ddbe0f112414887209c43,ltc-2025,ltc,LU2KcACzdW64icSUmiiQQAugSRZca2zqoy,8.0,897.12,FIXED_MERCHANT,36,0.881
2025-09-07,60fe62c53efc76d0cb4f2dac0524f93657776727bc8ddbe0f112414887209c43,ltc-2025,ltc,MGZLJCvpzG8ufV7sixFkFt6Lx51M2sJQA1,15.0,1682.1,SELF_FORWARD,1,1.0
2025-08-06,59b7c7ef156446f1ea5f02fa30f0fa23b822bf1f275f9a6707b310cea3072dd4,ltc-2025,ltc,LcAmRWcoogxkJuEs6uW3ese4qDK4Wr9BNf,5.0,601.35,MIXED_CUSTODIAL,38,0.817
2025-08-06,59b7c7ef156446f1ea5f02fa30f0fa23b822bf1f275f9a6707b310cea3072dd4,ltc-2025,ltc,LU2KcACzdW64icSUmiiQQAugSRZca2zqoy,9.0,1082.43,FIXED_MERCHANT,36,0.881
2025-08-06,59b7c7ef156446f1ea5f02fa30f0fa23b822bf1f275f9a6707b310cea3072dd4,ltc-2025,ltc,ltc1qqh3lgnlkqctg2jyuzxrlf5e2jll94zs5grz6dz,12.21556622,1469.17,SELF_FORWARD,1,1.0
2025-07-08,9544777d0fb465c140ce5b472f7430ba5108710ae66675c22c9b1fd364cb7d5c,ltc-2025,ltc,LcjxhoDh5PZUem6bamadLgA79VrXMuj8NT,10.33742996,889.54,MIXED_CUSTODIAL,24,0.642
2025-10-02,a5484526ab65046836e919f7be1536f71dce7344df8053e25027e4c510ea6772,ltc-2025,ltc,LU2KcACzdW64icSUmiiQQAugSRZca2zqoy,8.39630562,966.5,FIXED_MERCHANT,36,0.881
2025-09-26,8b20bae8978ecb454f3d9592b1919bddb6789bd3e7194ea75dc393c40e3b0e89,ltc-2025,ltc,LU2KcACzdW64icSUmiiQQAugSRZca2zqoy,10.0,1022.8,FIXED_MERCHANT,36,0.881
2025-09-17,15abf15f28174d6aeed14ccd0cb06aa071478cb75ba56aa43241ffd473286c58,ltc-2025,ltc,LU2KcACzdW64icSUmiiQQAugSRZca2zqoy,8.75503414,1007.0,FIXED_MERCHANT,36,0.881
2025-08-30,69823f4912147e615bcae1aa4ce9124950fce0c21d7cb478a7f805e5d5b6a0c8,ltc-2025,ltc,LU2KcACzdW64icSUmiiQQAugSRZca2zqoy,9.0,989.19,FIXED_MERCHANT,36,0.881
2025-08-30,69823f4912147e615bcae1aa4ce9124950fce0c21d7cb478a7f805e5d5b6a0c8,ltc-2025,ltc,ML7E9JRtukJ4kWmqJ7R3b97akuYuCPTZhm,20.0,2198.2,SELF_FORWARD,1,1.0
2025-07-11,99b0f717c3d5f8a45272d1c007cd522f68b53b4e41edb4e55def9e408c95cf10,ltc-2025,ltc,LcjxhoDh5PZUem6bamadLgA79VrXMuj8NT,4.37100336,414.63,MIXED_CUSTODIAL,24,0.642
2025-07-11,99b0f717c3d5f8a45272d1c007cd522f68b53b4e41edb4e55def9e408c95cf10,ltc-2025,ltc,LcAmRWcoogxkJuEs6uW3ese4qDK4Wr9BNf,7.0,664.02,MIXED_CUSTODIAL,38,0.817
2025-07-09,8e188abd1862939361be10dc25d0cdc6234b0cb34b212acf71d40f41f0075867,ltc-2025,ltc,LcjxhoDh5PZUem6bamadLgA79VrXMuj8NT,5.37984242,472.13,MIXED_CUSTODIAL,24,0.642
2025-07-09,8e188abd1862939361be10dc25d0cdc6234b0cb34b212acf71d40f41f0075867,ltc-2025,ltc,LcAmRWcoogxkJuEs6uW3ese4qDK4Wr9BNf,11.0,965.36,MIXED_CUSTODIAL,38,0.817
2025-10-08,65a1faa4865dd00b4ec914e3d4f6ff3ad82358479d781d8bb9118e7073f8eb5b,ltc-2025,ltc,LU2KcACzdW64icSUmiiQQAugSRZca2zqoy,8.5466433,999.19,FIXED_MERCHANT,36,0.881
2025-09-26,11281c0c1078e9e6250ac85020c31f1c523fda37100ac3b2c13fd3c0637a838c,ltc-2025,ltc,LbQ3w4MWeDja1tsre2sao7TkFfyy8Gs2Eo,14.61703371,1495.03,SELF_FORWARD,1,1.0
2025-09-28,6f342e192db9e8ed0539bd729f18f17bd26200fbad6a7bffb51e7cb1c201dc53,ltc-2025,ltc,LU2KcACzdW64icSUmiiQQAugSRZca2zqoy,10.0,1044.7,FIXED_MERCHANT,36,0.881
2025-09-16,ded5d722b8686b031bc717f2963bb0bba232755ebb9327451e5b8d0783dcdaf6,ltc-2025,ltc,LU2KcACzdW64icSUmiiQQAugSRZca2zqoy,8.73057447,992.84,FIXED_MERCHANT,36,0.881
2025-09-22,29188372c5e8d5bfc1eb912f15499341796b62c693408c3f5dfab8577bcdd0e5,ltc-2025,ltc,LU2KcACzdW64icSUmiiQQAugSRZca2zqoy,9.40733772,1072.34,FIXED_MERCHANT,36,0.881
2025-09-09,e1eb7127806eed3747c3ccc6c16ee7843ea86492215be1c65ea038df35639f42,ltc-2025,ltc,LU2KcACzdW64icSUmiiQQAugSRZca2zqoy,8.90551251,1004.19,FIXED_MERCHANT,36,0.881
2025-08-15,03524594aa9dd38b0a508afc1c96a9eca0854100835ef97730eb39f2de11f755,ltc-2025,ltc,METRCkzFK2UiGbuQ7QfUS4qyth9ir9LBrg,14.35856823,1741.41,SELF_FORWARD,1,1.0
2025-10-02,0a228a85163450d244bdc2d0a8dea42fd6bf5cfaa8d446b4e9e5d0bbdb89a948,ltc-2025,ltc,ltc1qx3922vdnwvct8gvk97w0dukpy8lacjnnr80fxn,8.47403661,975.45,VENDOR_ONCE,1,0.239
2025-09-24,7572296d677c92f9e44af23468b6ce0f83cea45ad586ee37a622e3bdcb582fb2,ltc-2025,ltc,LU2KcACzdW64icSUmiiQQAugSRZca2zqoy,9.40645282,997.74,FIXED_MERCHANT,36,0.881
2025-08-09,83a4952fcb85e0747fbde4599695a3ef3018b896f4d44d7c0efc1760ba8d187f,ltc-2025,ltc,LcAmRWcoogxkJuEs6uW3ese4qDK4Wr9BNf,8.32268511,1030.18,MIXED_CUSTODIAL,38,0.817
2025-09-06,88d4a00b70a458aa03f2f8668cb8444907d4a28bcc8dc5a403ebdc4cefd5879e,ltc-2025,ltc,LU2KcACzdW64icSUmiiQQAugSRZca2zqoy,8.96137646,1004.12,FIXED_MERCHANT,36,0.881
2025-08-07,b0aeb86c43c6998a675493f609e32ca248319a25a705b678534651692739c8ae,ltc-2025,ltc,LcAmRWcoogxkJuEs6uW3ese4qDK4Wr9BNf,8.78614222,1047.48,MIXED_CUSTODIAL,38,0.817
2025-07-23,8bed915480d75606d28441340e7da9d687c27eadaca9aa9db8817ee8dd097f6e,ltc-2025,ltc,LcAmRWcoogxkJuEs6uW3ese4qDK4Wr9BNf,4.25170068,508.76,MIXED_CUSTODIAL,38,0.817
2026-02-06,1376943da205aafcc7b6fb13eff4b12e1c43d1fc49ad4195707a5694c78a2d96,ltc-2025,ltc,LR4RgFS35PMktofogFbf2iCn8b3rWVvzE8,0.5528762,28.08,SELF_FORWARD,1,1.0
2025-10-02,f3a24b324e63607d2befa9a4faffd54176c1af5a50b60dd4ccab37d3c202bb0c,ltc-2025,ltc,MDfsYdLpBJD47CJV6H4yhgCXykEQS1Vjaj,2.411683,277.61,SELF_FORWARD,1,1.0
